Phi, Sw, K
0.24319424679063245, 0.35555555555555557, 0.024747911956770938
0.10537931013455104, 0.35555555555555557, 0.009795704025391542
0.17585187848194328, 0.35555555555555557, 0.003524517591624716
0.20309634752375383, 0.35555555555555557, 0.01948610729384445
0.18656646116035744, 0.35555555555555557, 0.0023429653088866595
0.18563343570089966, 0.35555555555555557, 0.008314729740125853
0.09341180881421084, 0.35555555555555557, 0.001959124194926816
0.14233960858764647, 0.35555555555555557, 0.0013850544870133298
0.2940381573563257, 0.35555555555555557, 0.004686696082094003
0.250932130787602, 0.35555555555555557, 0.020858189431479587
0.18431305666681294, 0.35555555555555557, 0.006005678412899209
0.21225112866456775, 0.35555555555555557, 0.004397341562312784
0.3052864369504258, 0.35555555555555557, 0.0033285061202684408
0.19766882755916812, 0.35555555555555557, 0.0020987842246591487
0.24522137917641446, 0.35555555555555557, 0.008365343921812549
0.24137137058274308, 0.35555555555555557, 0.0023311331841548697
0.18077970945499008, 0.35555555555555557, 0.014763703802370761
0.22022712896502916, 0.35555555555555557, 0.0041539505664097125
0.26812444595525387, 0.35555555555555557, 0.0010521787010023495
0.12585602674439292, 0.35555555555555557, 0.005734403527332607
0.1080158452642793, 0.35555555555555557, 0.0047393030551976
0.21134775106466108, 0.35555555555555557, 0.002259769072274518
0.2348945264164778, 0.35555555555555557, 0.013086066353481522
0.2691113044972891, 0.35555555555555557, 0.00767451834733588
0.20738902254932173, 0.35555555555555557, 0.008570067939863677
0.1201473307291481, 0.35555555555555557, 0.0135158785915436
0.19596684752619847, 0.35555555555555557, 0.006592925762190158
0.16351598382986743, 0.35555555555555557, 0.006505291593847757
0.21575752309269727, 0.35555555555555557, 0.011834222174594641
0.161164520749801, 0.35555555555555557, 0.041084933217906974
0.17645766741393748, 0.35555555555555557, 0.002367637667182077
0.2654818270071068, 0.35555555555555557, 0.00582190022090286
0.2475498808949979, 0.35555555555555557, 0.006450389664425584
0.24094163995302562, 0.35555555555555557, 0.0008564853378477417
0.17473712948806808, 0.35555555555555557, 0.0007807685790995066
0.2263693617077899, 0.35555555555555557, 0.007480360757535201
0.2298773182512431, 0.35555555555555557, 0.009856052349710955
0.1384925003463975, 0.35555555555555557, 0.007465643014685926
0.25176246241124844, 0.35555555555555557, 0.006907089674601936
0.2953071724161658, 0.35555555555555557, 0.004969286917235136
0.13725793311998652, 0.35555555555555557, 0.003780470153484903
0.18110365890337468, 0.35555555555555557, 0.0025447479972918216
0.18436401294340246, 0.35555555555555557, 0.0178446109341286
0.15912865471852428, 0.35555555555555557, 0.0012100125926610254
0.21372186355690023, 0.35555555555555557, 0.0012376861739927737
0.18889385651381932, 0.35555555555555557, 0.0038292228142508982
0.19979883613107, 0.35555555555555557, 0.003138458424694113
0.1950171647461417, 0.35555555555555557, 0.006301722981415604
0.2069373762202015, 0.35555555555555557, 0.0026458826529820504
0.20688905442616162, 0.35555555555555557, 0.0038990957371555176
0.12943561666771528, 0.35555555555555557, 0.005315245576747821
0.16966294216893418, 0.35555555555555557, 0.00030426303769729053
0.14898153269921013, 0.35555555555555557, 0.007521676245177575
0.18696372152232635, 0.35555555555555557, 6.760250524504004e-05
0.19968624249350325, 0.35555555555555557, 0.0030325557496523005
0.19628361366301073, 0.35555555555555557, 2.2972432281399566e-05
0.2131363150607441, 0.35555555555555557, 0.014505279415035174
0.17555957029794197, 0.35555555555555557, 0.0057240657457354165
0.2382787024296655, 0.35555555555555557, 0.009038573643817781
0.16733720193429708, 0.35555555555555557, 0.005284743502580152
0.07686750609390869, 0.35555555555555557, 0.011411122986816293
0.1882974060244042, 0.35555555555555557, 0.0006467671711137663
0.15072001418642214, 0.35555555555555557, 0.004582597918434262
0.23523775870264937, 0.35555555555555557, 0.001882171274803526
0.2544789346280556, 0.35555555555555557, 0.009253623502273788
0.09739574180875209, 0.35555555555555557, 0.00949837644175739
0.1413435936767055, 0.35555555555555557, 0.00029437311535586923
0.193442639838083, 0.35555555555555557, 0.007521773494973502
0.19181774718185157, 0.35555555555555557, 0.007122212999591781
0.23708753110313796, 0.35555555555555557, 0.00043524546216360525
0.11199046484350744, 0.35555555555555557, 0.004515272987412492
0.16825982601359757, 0.35555555555555557, 0.0016569353832136535
0.19591218673961738, 0.35555555555555557, 0.0037797688725273206
0.12005595272452241, 0.35555555555555557, 0.0035247010839732037
0.2438283796225384, 0.35555555555555557, 0.002773604862886732
0.20160479396079822, 0.35555555555555557, 0.0022973888575542624
0.22683134749322884, 0.35555555555555557, 0.009126097638731089
0.23709101388539017, 0.35555555555555557, 0.017375937418864337
0.2077913908641101, 0.35555555555555557, 0.00518004687184646
0.20300257037862002, 0.35555555555555557, 0.054036234491275995
0.1552462264157368, 0.35555555555555557, 0.011969428688468264
0.2215301624083299, 0.35555555555555557, 0.049868138275398835
0.2219531852400486, 0.35555555555555557, 0.006909233281808821
0.2558702261031171, 0.35555555555555557, 0.0017152442190344135
0.1809121578939546, 0.35555555555555557, 0.0002161236403967267
0.14427854028719878, 0.35555555555555557, 0.025030593037550834
0.19328246111637942, 0.35555555555555557, 0.010834149026134266
0.1868370131404108, 0.35555555555555557, 0.00668662660006108
0.11853086976132876, 0.35555555555555557, 0.0019436120355175793
0.20569200729914475, 0.35555555555555557, 0.006629344955674546
0.13623137657054224, 0.35555555555555557, 0.03783889581478497
0.18722969282749058, 0.35555555555555557, 0.008489481640932946
0.16619689062476709, 0.35555555555555557, 0.027323140905881265
0.18466536494995148, 0.35555555555555557, 0.0006517358989768096
0.2295589253800268, 0.35555555555555557, 0.009715408924217454
0.21081341212617796, 0.35555555555555557, 0.007337633209385076
0.21007710153962245, 0.35555555555555557, 0.0038745851554148787
0.12796232398502178, 0.35555555555555557, 0.007483077010795455
0.14446437083296162, 0.35555555555555557, 0.0026985113494317477
0.1341723180919353, 0.35555555555555557, 0.0010912773566630909
0.1893063643772065, 0.35555555555555557, 0.0011297439583028896
0.19030729518543604, 0.35555555555555557, 0.009980858900201582
0.1626823954283282, 0.35555555555555557, 0.009668530270581847
0.23713117476495899, 0.35555555555555557, 0.00567714781764638
0.10460963531467053, 0.35555555555555557, 0.0003577153174112041
0.1753229887588182, 0.35555555555555557, 0.0016542141794832913
0.2323859960246905, 0.35555555555555557, 0.00022198164142922443
0.18399920189893065, 0.35555555555555557, 0.014005694175674984
0.18086411341724576, 0.35555555555555557, 0.005264135179110621
0.1626383258142622, 0.35555555555555557, 0.00996960890832169
0.12456516086758017, 0.35555555555555557, 0.013939595005962457
0.1308539158466076, 0.35555555555555557, 0.0011183320245181875
0.21943256775315317, 0.35555555555555557, 0.012771219467454476
0.15839816819079636, 0.35555555555555557, 0.021049362991424538
0.2660688719852121, 0.35555555555555557, 0.006161312250756386
0.15336377869771028, 0.35555555555555557, 0.00048325049527253626
0.16412233026930256, 0.35555555555555557, 0.0007198229544358556
0.13531624787389762, 0.35555555555555557, 0.0003321510845100905
0.22199714565633763, 0.35555555555555557, 0.03598395104760992
0.09580044052279653, 0.35555555555555557, 0.0036775925861694276
0.178185585303236, 0.35555555555555557, 0.009378377038236732
0.2013117530499563, 0.35555555555555557, 0.0018293374855103614
0.12643037165318535, 0.35555555555555557, 0.019233670972795474
0.19670565235268625, 0.35555555555555557, 0.00033147699762984
0.2610891107190908, 0.35555555555555557, 0.005908581526906364
0.19546521322136723, 0.35555555555555557, 0.0034661865155764947
0.19739226292207138, 0.35555555555555557, 0.010608640080422439
0.15113546896661428, 0.35555555555555557, 0.012942230796977828
0.20146239708423463, 0.35555555555555557, 0.012266343525464412
0.23366529092560875, 0.35555555555555557, 0.009127303787321815
0.22610135909883342, 0.35555555555555557, 0.009167623769737166
0.17514257215064533, 0.35555555555555557, 0.014636047746647335
0.1356236862501033, 0.35555555555555557, 0.00782427272582004
0.12304502905125267, 0.35555555555555557, 0.007704800701269677
0.17150299888577325, 0.35555555555555557, 0.031957571803273875
0.16234308368865463, 0.35555555555555557, 0.0013442675630451436
0.2098804241283331, 0.35555555555555557, 0.003568874761114779
0.2305431769981699, 0.35555555555555557, 0.002720769473372883
0.19741656683629102, 0.35555555555555557, 0.015272517403801396
0.2095440211989595, 0.35555555555555557, 0.011639841058142503
0.14919515917862328, 0.35555555555555557, 0.002240924357282624
0.2381239402339424, 0.35555555555555557, 0.004057206947310194
0.21708596715368184, 0.35555555555555557, 0.0006913465564715495
0.23190519190386955, 0.35555555555555557, 0.001371657305370253
0.1854829083559139, 0.35555555555555557, 0.020515728908750842
0.12652402641825022, 0.35555555555555557, 0.008910972526861315
0.18470793607124097, 0.35555555555555557, 0.0010381571966515003
0.31950883900621263, 0.35555555555555557, 0.030441333484568886
0.1821269533160782, 0.35555555555555557, 0.00397710403858883
0.14035929107380377, 0.35555555555555557, 0.04472232371061501
0.17925358601475466, 0.35555555555555557, 0.008431226416829767
0.2177424398342667, 0.35555555555555557, 0.002665575244672158
0.1404806628203122, 0.35555555555555557, 0.0047535889496252825
0.1291758424814735, 0.35555555555555557, 0.002931374963017
0.16374380260920524, 0.35555555555555557, 0.0016388354927020202
0.1772781391055003, 0.35555555555555557, 0.003053292120121064
0.16579861040150218, 0.35555555555555557, 0.0025259431045499253
0.24354350177183445, 0.35555555555555557, 0.004944046793413614
0.15095431858877614, 0.35555555555555557, 0.003526062067961146
0.20737566165165092, 0.35555555555555557, 0.00683139420057011
0.19608489802185708, 0.35555555555555557, 0.001995186015935086
0.1822702823805148, 0.35555555555555557, 0.004590909398013584
0.2188674162774526, 0.35555555555555557, 0.0008078087741186813
0.26181463337620153, 0.35555555555555557, 0.001336453084544162
0.26329364289402873, 0.35555555555555557, 0.007405715529368528
0.16960578451162, 0.35555555555555557, 0.01318910714440933
0.18199129025889063, 0.35555555555555557, 0.003309489363007904
0.25795663497043514, 0.35555555555555557, 0.008300471951616173
0.10636929396718206, 0.35555555555555557, 0.013504016153049112
0.18577183511593034, 0.35555555555555557, 0.003337568249741945
0.11435690645394192, 0.35555555555555557, 0.007550752482881453
0.20932131735444695, 0.35555555555555557, 0.005750762497897873
0.25434558838783033, 0.35555555555555557, 0.011532609822174732
0.2556095781047771, 0.35555555555555557, 0.009689060965389393
0.2572269941605686, 0.35555555555555557, 0.00916355047213773
0.2329299253472739, 0.35555555555555557, 0.00881008878339353
0.14311967274210552, 0.35555555555555557, 0.02604177459525447
0.2448784140881945, 0.35555555555555557, 0.003402242635706111
0.15504069337099674, 0.35555555555555557, 0.010402375567343868
0.2185996233173922, 0.35555555555555557, 0.0015658688341122558
0.23754332476371903, 0.35555555555555557, 0.00036935243488042164
0.21928841060730012, 0.35555555555555557, 0.0021759545198135988
0.23952782198697833, 0.35555555555555557, 0.013684633057985559
0.2088430832761979, 0.35555555555555557, 0.000866611750609837
0.2844093528039159, 0.35555555555555557, 0.004005374401247746
0.06768937953156703, 0.35555555555555557, 0.0040392918634756855
0.15981390528621284, 0.35555555555555557, 0.0029700425243423395
0.20397707364511414, 0.35555555555555557, 0.009639914904227198
0.06711723935288641, 0.35555555555555557, 0.002561851328277356
0.1497366720170074, 0.35555555555555557, 0.0020410789369832206
0.19888361350938735, 0.35555555555555557, 0.0017406834227904153
0.1729097693291482, 0.35555555555555557, 0.0033303314936680224
0.20436836957291413, 0.35555555555555557, 0.01876237774857556
0.13256994140714756, 0.35555555555555557, 0.005837291913860236
0.19501756950114077, 0.35555555555555557, 0.0074374947381885565
0.14932209819177272, 0.35555555555555557, 0.0021170188024073624
0.1885075002998573, 0.35555555555555557, 0.002476607250839733
0.14474224012539033, 0.35555555555555557, 0.0034945985773004637
0.17240382086223657, 0.35555555555555557, 9.971086100964949e-05
0.23561319250964244, 0.35555555555555557, 0.02668956657150897
0.293873781092916, 0.35555555555555557, 0.009390978640566641
0.1997323840026887, 0.35555555555555557, 0.001418507067804625
0.19897155789711204, 0.35555555555555557, 0.007115841978245105
0.24438482539675935, 0.35555555555555557, 0.0006858284773448638
0.2301367633711461, 0.35555555555555557, 0.006866708229597005
0.1064478127962486, 0.35555555555555557, 0.015252239328741665
0.23955060026814606, 0.35555555555555557, 0.009557353919070602
0.296583587218142, 0.35555555555555557, 0.012378389418553602
0.1793121666874407, 0.35555555555555557, 0.0011794643517656278
0.1543413594130214, 0.35555555555555557, 0.029240801661743122
0.1653523551812007, 0.35555555555555557, 0.0035726313733692363
0.17281598069670925, 0.35555555555555557, 0.002855095130282985
0.2510143550200643, 0.35555555555555557, 0.019109785171926772
0.20177519771108926, 0.35555555555555557, 0.00016611255305966105
0.16528089926124329, 0.35555555555555557, 0.0055352579254457895
0.1976256602056203, 0.35555555555555557, 0.015425181144122332
0.21366507892019126, 0.35555555555555557, 0.0038121308668601253
0.23438076887894294, 0.35555555555555557, 0.01369766275719996
0.18332268913958977, 0.35555555555555557, 0.0013933757851647822
0.2031981272400911, 0.35555555555555557, 0.009680924712203201
0.16683203134862212, 0.35555555555555557, 0.004491674336387415
0.18300399598312733, 0.35555555555555557, 0.0037046657154193247
0.23475696263754486, 0.35555555555555557, 0.00684611649680462
0.2299644952256246, 0.35555555555555557, 0.012833998606702536
0.20388387850639136, 0.35555555555555557, 0.005243623169200753
0.20477532164736192, 0.35555555555555557, 0.008982122738632704
0.20191425513410888, 0.35555555555555557, 0.004731946157759807
0.2107932870115114, 0.35555555555555557, 0.015238328862378699
0.16061835122782742, 0.35555555555555557, 0.007526933700551932
0.15451863407021565, 0.35555555555555557, 0.010642724222501
0.14829882159806537, 0.35555555555555557, 0.0018770504998723836
0.2059775002439925, 0.35555555555555557, 0.00011884547287855626
0.17040378948301904, 0.35555555555555557, 0.004190931611476359
0.2270469053280566, 0.35555555555555557, 0.003268238976874921
0.22565703496688594, 0.35555555555555557, 0.0006358138087217685
0.1790964305908868, 0.35555555555555557, 0.0010222803957186635
0.14774726653436926, 0.35555555555555557, 0.023651089033344175
0.27341111828968745, 0.35555555555555557, 0.0016643045830052204
0.320887568625661, 0.35555555555555557, 0.015653014216484715
0.09315893127247075, 0.35555555555555557, 0.051329569912484205
0.2448887652066829, 0.35555555555555557, 0.00255281839101213
0.17398648542064388, 0.35555555555555557, 0.01674651053776522
0.2537410742688477, 0.35555555555555557, 0.001367192785927023
0.2050790037150036, 0.35555555555555557, 0.007891646171897219
0.20293852241487453, 0.35555555555555557, 0.005235916338000197
0.25091479333806704, 0.35555555555555557, 0.009356858820930588
0.17151962830043113, 0.35555555555555557, 0.006299774959488369
0.25055677747968386, 0.35555555555555557, 0.0004396706834175534
0.2728152274744148, 0.35555555555555557, 0.027439172001782326
0.18560130725129254, 0.35555555555555557, 0.0046467226168146365
0.17721268411637028, 0.35555555555555557, 0.015613473137611052
0.15347368051600685, 0.35555555555555557, 0.0033332833865987494
0.2828647190711377, 0.35555555555555557, 0.005859461431025405
0.24056441670935153, 0.35555555555555557, 0.002121576205286853
0.20908890507334338, 0.35555555555555557, 0.002991886336017305
0.1854605855247908, 0.35555555555555557, 0.0021099513681476292
0.19699339155824183, 0.35555555555555557, 0.0016105350057422443
0.2140966367652402, 0.35555555555555557, 0.03067376134349141
0.20784380090130614, 0.35555555555555557, 0.006599273673925712
0.15317551034827737, 0.35555555555555557, 0.0008907464621677761
0.1867371748183008, 0.35555555555555557, 0.0051613573552083325
0.261158024505566, 0.35555555555555557, 0.002734121525351749
0.1868258470494655, 0.35555555555555557, 0.004467985801164968
0.19795557071839764, 0.35555555555555557, 0.004590153583852175
0.21813093707644488, 0.35555555555555557, 0.004523167286373307
0.2858068350771314, 0.35555555555555557, 0.018220613392734494
0.21532155431953492, 0.35555555555555557, 0.008977817258061233
0.2733810167196395, 0.35555555555555557, 0.01895921852658192
0.2707533352511903, 0.35555555555555557, 0.001513618121904895
0.2790753476330395, 0.35555555555555557, 0.013716100280214296
0.23480900799664994, 0.35555555555555557, 0.011113574146192315
0.27465517359364877, 0.35555555555555557, 0.011988163513637568
0.1469907262532313, 0.35555555555555557, 0.0013430489016463799
0.16483267947731703, 0.35555555555555557, 0.00047255970856347195
0.19072515061338444, 0.35555555555555557, 0.034862308244742804
0.29623990314842313, 0.35555555555555557, 0.004247673793510067
0.12764982512251544, 0.35555555555555557, 0.006853602401709824
0.22696035589065264, 0.35555555555555557, 0.0035095096960156024
0.20535894114556646, 0.35555555555555557, 0.0012857460884456338
0.1943014834883497, 0.35555555555555557, 0.010272535160513368
0.19994873751022282, 0.35555555555555557, 0.012159896298138614
0.16955883201644678, 0.35555555555555557, 0.0009193960893161444
0.22229424074913823, 0.35555555555555557, 0.04868500597993389
0.1730784250186973, 0.35555555555555557, 0.0010070557029421912
0.22100688072621444, 0.35555555555555557, 0.0085601820158652
0.2183722360262361, 0.35555555555555557, 0.009118646270652007
0.1380677516466408, 0.35555555555555557, 0.01427400254861031
0.2504407285846423, 0.35555555555555557, 0.022581692911804174
0.16127779681160592, 0.35555555555555557, 0.0032651068721819107
0.06618656003224493, 0.35555555555555557, 0.007327108660157081
0.1794984041376842, 0.35555555555555557, 0.0017338046733515245
0.24938438871222252, 0.35555555555555557, 0.004798862835740959
0.19372940084376122, 0.35555555555555557, 0.006746461110508498
0.16300187124425763, 0.35555555555555557, 0.00505186844972215
0.21808762943637572, 0.35555555555555557, 0.0074751795208280476
0.16537026744487224, 0.35555555555555557, 0.0022236033300988218
0.12485974663593935, 0.35555555555555557, 0.0003085694170636395
0.16631851853397842, 0.35555555555555557, 0.01125965322171369
0.28857633215215933, 0.35555555555555557, 0.0022340756184572315
0.08834101820132939, 0.35555555555555557, 0.013646032534263716
0.15648986187505315, 0.35555555555555557, 0.0011892521647120827
0.214980462218642, 0.35555555555555557, 0.04905214718127032
0.21540182529768317, 0.35555555555555557, 0.0075144825159052415
0.263085310768391, 0.35555555555555557, 0.008475973192907904
0.17999812345940888, 0.35555555555555557, 5.8527598205286586e-05
0.2354476818264824, 0.35555555555555557, 0.0003481105796835065
0.2668788326685845, 0.35555555555555557, 0.022165172046366772
0.23372595329293896, 0.35555555555555557, 0.0013603267948789253
0.11321346115299792, 0.35555555555555557, 0.00886520647045318
0.1527030102670301, 0.35555555555555557, 0.0027578428467714524
0.0949276130886207, 0.35555555555555557, 0.009154444249364008
0.16708427254294647, 0.35555555555555557, 0.0005186928516608421
0.23790851986588335, 0.35555555555555557, 0.002865646096792263
0.2084619166482792, 0.35555555555555557, 0.010829361468460655
0.3251111131196074, 0.35555555555555557, 0.007669262044412577
0.19621333083582815, 0.35555555555555557, 0.009221283580129523
0.17638691768692155, 0.35555555555555557, 0.022938472407288916
0.22395623419733432, 0.35555555555555557, 0.005616057081993032
0.101426632171286, 0.35555555555555557, 0.00929857205587124
0.2228024827730895, 0.35555555555555557, 0.002574289802461743
0.12950805232548612, 0.35555555555555557, 0.0011052197258236973
0.20687457697960035, 0.35555555555555557, 0.0035375953507662083
0.27473037272308054, 0.35555555555555557, 0.000919962948199058
0.15097973589938463, 0.35555555555555557, 0.0037322791157971057
0.2750225339733591, 0.35555555555555557, 0.004795628405658043
0.20030394906879598, 0.35555555555555557, 0.008972497175855175
0.11931622292442089, 0.35555555555555557, 0.0031080090578559337
0.18415345249411683, 0.35555555555555557, 0.004523318949452581
0.09994750427016326, 0.35555555555555557, 0.010889832718967832
0.32507041929937663, 0.35555555555555557, 0.029997729567709044
0.1864943699166816, 0.35555555555555557, 0.002205797779243657
0.2199316546677604, 0.35555555555555557, 8.519861702010637e-06
0.18286270793984566, 0.35555555555555557, 0.009051713884144998
0.2694796435564888, 0.35555555555555557, 0.0027884395735149905
0.20820224008037166, 0.35555555555555557, 0.0018940797676980441
0.2147469498796246, 0.35555555555555557, 0.008334354621006212
0.28352850350030134, 0.35555555555555557, 0.0027221484395870683
0.2363269779525612, 0.35555555555555557, 0.010828452269623815
0.18788687570569151, 0.35555555555555557, 0.02034161786948793
0.19838483907691937, 0.35555555555555557, 0.0042183477525449065
0.1968785726296989, 0.35555555555555557, 0.013628523326254692
0.21883060509837163, 0.35555555555555557, 0.01013387827908975
0.25026599945434974, 0.35555555555555557, 0.02020173834377576
0.19695082137550593, 0.35555555555555557, 0.0012017963036510476
0.2385053552256141, 0.35555555555555557, 0.022876937584965118
0.21419171480321017, 0.35555555555555557, 0.001679147017295433
0.222342505225537, 0.35555555555555557, 0.014834646995562079
0.13199685631151714, 0.35555555555555557, 0.009401859912800965
0.23382071832429194, 0.35555555555555557, 0.04208407764277412
0.16771480419320778, 0.35555555555555557, 0.0015173597238149518
0.16793417030798558, 0.35555555555555557, 0.001354550659598944
0.1067977257767746, 0.35555555555555557, 0.0019689053488736153
0.21333285799880414, 0.35555555555555557, 0.021568874146925977
0.1123386483583271, 0.35555555555555557, 0.02507526125946224
0.18151741426848061, 0.35555555555555557, 0.0021233581835144867
0.2305388995274774, 0.35555555555555557, 0.04086456936533448
0.23329467282472965, 0.35555555555555557, 0.0009167454542277981
0.22697359205019263, 0.35555555555555557, 0.012048690597488225
0.15073533998064204, 0.35555555555555557, 0.015031646987592967
0.19598818482413255, 0.35555555555555557, 0.007905992690681164
0.2518119810580635, 0.35555555555555557, 0.009994693707485654
0.23740341280463828, 0.35555555555555557, 0.007161287469518286
0.25709340919833246, 0.35555555555555557, 0.0021193958082945928
0.13938542342789711, 0.35555555555555557, 0.005659878436285195
0.27537054697046776, 0.35555555555555557, 0.04522901306345755
0.29668861132296037, 0.35555555555555557, 0.0029239490848253246
0.23305254304475614, 0.35555555555555557, 0.010728009816559178
0.22437361748716164, 0.35555555555555557, 0.0023471542925436054
0.21350787255242332, 0.35555555555555557, 0.01642664198064914
0.12584712265389392, 0.35555555555555557, 0.013863756016920562
0.11740758920046396, 0.35555555555555557, 0.0030985677418021587
0.09449302895413764, 0.35555555555555557, 0.001735831721956461
0.1541158358301949, 0.35555555555555557, 0.043759115177703964
0.2076510685066146, 0.35555555555555557, 0.016344759360190524
0.22371435537706474, 0.35555555555555557, 0.0024065883609124743
0.1989829798714775, 0.35555555555555557, 0.007541197971614768
0.19917221396947155, 0.35555555555555557, 0.033308656491518755
0.24964491494414576, 0.35555555555555557, 0.006225718649526422
0.11256315900272847, 0.35555555555555557, 0.002927830705135416
0.18530585858494888, 0.35555555555555557, 0.01735207453734996
0.18136207908377794, 0.35555555555555557, 0.01894058161312223
0.23105840842598768, 0.35555555555555557, 0.0010413627910608218
0.17484388326368433, 0.35555555555555557, 0.004886479947252806
0.20367210161354757, 0.35555555555555557, 0.0023067181992185892
0.22219975257180097, 0.35555555555555557, 0.0021949538701739662
0.25338100284487675, 0.35555555555555557, 0.0011264088137068965
0.15932239544935453, 0.35555555555555557, 0.0021833241245505365
0.16235729269339014, 0.35555555555555557, 0.008709257343874387
0.24682764136596555, 0.35555555555555557, 0.0012668589396000551
0.3044846328893635, 0.35555555555555557, 0.0034798822479569134
0.15079938086110592, 0.35555555555555557, 0.0036340266611199845
0.27507329166564615, 0.35555555555555557, 0.004790989762294175
0.24596674827455253, 0.35555555555555557, 0.012770726872639625
0.18001250661525167, 0.35555555555555557, 0.01700964729623548
0.20696186104370548, 0.35555555555555557, 0.023724941625014276
0.3349763312895311, 0.35555555555555557, 0.00961246582782489
0.31232924376112486, 0.35555555555555557, 0.01847305172829634
0.2617656595013241, 0.35555555555555557, 0.005744482456013852
0.21422995631249359, 0.35555555555555557, 0.00819049833538241
0.18755204034400796, 0.35555555555555557, 0.009852566476323278
0.33308085413218413, 0.35555555555555557, 0.006412212344623221
0.1225326386203115, 0.35555555555555557, 0.02144055858635411
0.19142772777835354, 0.35555555555555557, 0.0062965731182013695
0.2604457257380869, 0.35555555555555557, 0.0037860208882762644
0.14265002745320715, 0.35555555555555557, 0.06328975432038798
0.13082222127693105, 0.35555555555555557, 0.005164001037595508
0.33071307782637593, 0.35555555555555557, 0.017942128250653586
0.2048755234684865, 0.35555555555555557, 0.01002705413673733
0.13417956940782966, 0.35555555555555557, 0.004440916726164705
0.1698682928467708, 0.35555555555555557, 0.005780472347348918
0.25482913779282323, 0.35555555555555557, 0.003925645131884988
0.1770323974400435, 0.35555555555555557, 0.015155494148897277
0.2340351626385314, 0.35555555555555557, 0.0067169160889608386
0.16040883609060969, 0.35555555555555557, 0.007076306784029244
0.2097965430688577, 0.35555555555555557, 0.00896230343720016
0.20102583566710142, 0.35555555555555557, 0.0011037312658383025
0.17945041974800097, 0.35555555555555557, 0.0121489140919232
0.28616363871730927, 0.35555555555555557, 0.019289939984733263
0.26203867903729483, 0.35555555555555557, 0.006843075386268923
0.29246878267250176, 0.35555555555555557, 0.003683979428800111
0.19942373971994815, 0.35555555555555557, 0.02123365694414672
0.19914344368735679, 0.35555555555555557, 0.032312005316111954
0.23883756220204377, 0.35555555555555557, 0.010239254613157882
0.20633085459622516, 0.35555555555555557, 0.010627922033081967
0.1283051114983192, 0.35555555555555557, 0.0038709447883870022
0.22146172123276558, 0.35555555555555557, 0.0012724952679941859
0.2485547506290728, 0.35555555555555557, 0.004472189371272961
0.2261062198834994, 0.35555555555555557, 0.012620908396489178
0.17487251396038228, 0.35555555555555557, 0.0015020285718948855
0.16414415279181865, 0.35555555555555557, 0.006765586286700375
0.1282255922645964, 0.35555555555555557, 0.043947145864266075
0.18612849118502173, 0.35555555555555557, 0.006256476693642155
0.17365725772066523, 0.35555555555555557, 0.006457767406621638
0.24888215255335444, 0.35555555555555557, 0.011602279772910735
0.22525889932577042, 0.35555555555555557, 0.03403283549152382
0.21133270388442466, 0.35555555555555557, 0.008778383298461114
0.2528092140835499, 0.35555555555555557, 0.00034262124269461325
0.1673409967917171, 0.35555555555555557, 0.0031326981290597587
0.17434485401033495, 0.35555555555555557, 0.003197355918867629
0.18740615381979422, 0.35555555555555557, 0.00534466655094922
0.25319516043329293, 0.35555555555555557, 0.008719883923089033
0.1916669865180751, 0.35555555555555557, 0.0009088117826395501
0.2541151384314854, 0.35555555555555557, 0.0022258459209830287
0.19332007634667933, 0.35555555555555557, 0.003729162312843643
0.2447541006516874, 0.35555555555555557, 0.010306964479688754
0.2566118425701074, 0.35555555555555557, 0.007950918339201514
0.21241504313646015, 0.35555555555555557, 0.0021502498477156758
0.21898054326678273, 0.35555555555555557, 0.0008439115189480142
0.27052842715601766, 0.35555555555555557, 0.002014721536640079
0.23867518734366516, 0.35555555555555557, 0.00960882707473042
0.1986744131867466, 0.35555555555555557, 0.02661630280515471
0.15846484845293518, 0.35555555555555557, 0.012552922981849925
0.1498318983688218, 0.35555555555555557, 0.010900093340259815
0.11781954628855316, 0.35555555555555557, 0.0013890572946402343
0.18393548320169004, 0.35555555555555557, 0.0006701483852861953
0.20515455947483496, 0.35555555555555557, 0.002998074608989884
0.21461561544778834, 0.35555555555555557, 0.0028554212991701963
0.21778657375985488, 0.35555555555555557, 0.015743349579184513
0.15901803503932296, 0.35555555555555557, 0.006022199533598868
0.22576516083411866, 0.35555555555555557, 0.0019069385031726175
0.19920935223580818, 0.35555555555555557, 0.0008135976390617662
0.13832844568838337, 0.35555555555555557, 0.0005555489602668834
0.1853729429278366, 0.35555555555555557, 0.0009418546971699458
0.1997600462850007, 0.35555555555555557, 0.002553533269765188
0.24407111412672447, 0.35555555555555557, 0.013699676195880016
0.24365705057472567, 0.35555555555555557, 0.02583106456005968
0.12741597955969347, 0.35555555555555557, 0.005133874289884034
0.22011404030543152, 0.35555555555555557, 0.0008691609175894411
0.261304198634669, 0.35555555555555557, 0.045188921937542266
0.2657872692780273, 0.35555555555555557, 0.0030700964350393136
0.10375412857238603, 0.35555555555555557, 0.005129324954840782
0.29181991479844366, 0.35555555555555557, 0.016758547532544552
0.2754820551714481, 0.35555555555555557, 0.01836682214360924
0.1745605003145933, 0.35555555555555557, 0.014803229882995575
0.13334778394478425, 0.35555555555555557, 0.0022408909823623652
0.20196424791011294, 0.35555555555555557, 0.006589232300808912
0.21855031487721965, 0.35555555555555557, 0.005765561649306767
0.07338087780543481, 0.35555555555555557, 0.001794072199757016
0.15256919002935765, 0.35555555555555557, 0.003723959259543247
0.23694794372899708, 0.35555555555555557, 0.01522784766106238
0.22407913352947442, 0.35555555555555557, 0.006649565760091688
0.19366007012807065, 0.35555555555555557, 0.004396303073646831
0.1558735048009695, 0.35555555555555557, 0.0006787404269340895
0.1910448779414209, 0.35555555555555557, 0.024281769506212365
0.2371364337574138, 0.35555555555555557, 0.003766276040746146
0.19971034371163668, 0.35555555555555557, 0.021692614786820233
0.14389628637122417, 0.35555555555555557, 0.009219465257400099
0.15104291593288152, 0.35555555555555557, 0.005183286477405711
0.11387309158315673, 0.35555555555555557, 0.00797120704989793
0.18962353231268836, 0.35555555555555557, 0.006277801501393907
0.21133815759193544, 0.35555555555555557, 0.003642387546958033
0.20277189318493613, 0.35555555555555557, 0.013749208388176924
0.27376145221654696, 0.35555555555555557, 0.00289223486665309
0.256080151655535, 0.35555555555555557, 0.0004599542160155228
0.18066129584047588, 0.35555555555555557, 0.004721519009653385
0.18845657133071947, 0.35555555555555557, 0.002054041074148516
0.25202169779973843, 0.35555555555555557, 0.006890396905465925
0.20035305805714404, 0.35555555555555557, 0.007486443808167813
0.18948495321254796, 0.35555555555555557, 0.0023487025223196327
0.06640354906260751, 0.35555555555555557, 0.0037610071691841036
0.1991003759538117, 0.35555555555555557, 0.0330023782283814
0.14447596100648047, 0.35555555555555557, 0.0021804151542410806
0.1793809840358398, 0.35555555555555557, 0.017458635702877288
0.13488874186307698, 0.35555555555555557, 0.0012738775678809784
0.10884123797623418, 0.35555555555555557, 0.009064929128245065
0.24603626655960298, 0.35555555555555557, 0.0039362939423201295
0.11591151469201472, 0.35555555555555557, 0.004912543963264497
0.15705984799542105, 0.35555555555555557, 0.004810506367392672
0.13474329813157698, 0.35555555555555557, 0.007488022219576346
0.15657826518077753, 0.35555555555555557, 0.0015405438430485165
0.20231099141088402, 0.35555555555555557, 0.0022963860142179377
0.22766168076546098, 0.35555555555555557, 0.00677713119296299
0.16541925536549854, 0.35555555555555557, 0.00829100501785451
0.23727604597574356, 0.35555555555555557, 0.0018178632980314
0.20231646424088104, 0.35555555555555557, 0.005237639957547832
0.20716512516290325, 0.35555555555555557, 0.004307766612503117
0.24167854442597306, 0.35555555555555557, 0.006065805632069801
0.2226042434547057, 0.35555555555555557, 0.008753156795105996
0.18684778074939534, 0.35555555555555557, 0.004315512492463211
0.1400795628945591, 0.35555555555555557, 0.002157268253317428
0.32252953600047607, 0.35555555555555557, 0.02184044733638056
0.18177136442451963, 0.35555555555555557, 0.006626454053951774
0.176403854518393, 0.35555555555555557, 0.006639988137038067
0.15111348835254163, 0.35555555555555557, 0.015163800878016527
0.11948843765242614, 0.35555555555555557, 0.003273758000510212
0.21327398464811717, 0.35555555555555557, 0.0042275100272442445
0.1738918294482404, 0.35555555555555557, 0.006195242961820881
0.15638002524739358, 0.35555555555555557, 0.01619549707428308
0.16040797924898195, 0.35555555555555557, 0.002894240902442357
0.11445699929622306, 0.35555555555555557, 0.004101534422467503
0.2591104220877387, 0.35555555555555557, 0.0013200408152093197
0.126910625672905, 0.35555555555555557, 0.004156940810492129
0.18163941302941092, 0.35555555555555557, 0.011397292147448786
0.1488021869893482, 0.35555555555555557, 0.03999090802513349
0.2329595598273605, 0.35555555555555557, 0.010614721190514336
0.22439361158902957, 0.35555555555555557, 0.011667662739267108
0.2313193095656199, 0.35555555555555557, 0.014235114666838406
0.34094356902402956, 0.35555555555555557, 0.011723987817382915
0.1837986862329945, 0.35555555555555557, 0.00616312704600386
0.26847320242382333, 0.35555555555555557, 0.008101458092533856
0.13792568226585952, 0.35555555555555557, 0.025447907013353126
0.18516848770608724, 0.35555555555555557, 0.005896761144960909
0.29867929545563143, 0.35555555555555557, 0.0015591811128498894
0.22416163428217364, 0.35555555555555557, 0.007249499641253354
0.22519511484998314, 0.35555555555555557, 0.009801340620296401
0.1915089814881908, 0.35555555555555557, 0.0004076078309268795
0.21056771298768395, 0.35555555555555557, 0.0021182127515913937
0.1793808279486795, 0.35555555555555557, 0.0075698185263995965
0.30609939877002557, 0.35555555555555557, 0.0021400727597938028
0.24872142194705943, 0.35555555555555557, 0.004816794953879775
0.1796008422736417, 0.35555555555555557, 0.005586820306807962
0.15130263124459925, 0.35555555555555557, 0.0008688232706125572
0.24607393272290579, 0.35555555555555557, 0.010518062993812374
0.15717017251883542, 0.35555555555555557, 0.0012917027696576504
0.236371913894254, 0.35555555555555557, 0.0006404355053758291
0.23483729852657578, 0.35555555555555557, 0.0613104232428198
0.12597437439920456, 0.35555555555555557, 0.004992832207464734
0.18373567089343473, 0.35555555555555557, 0.001554766214306609
0.21148356628588386, 0.35555555555555557, 0.01597443808451178
0.25960274070589867, 0.35555555555555557, 0.013941411225840368
0.2548349797746558, 0.35555555555555557, 0.009416107405649767
0.3126819669035779, 0.35555555555555557, 0.0037500891539346904
0.15380737543794024, 0.35555555555555557, 0.003553969881635204
0.17812454223513965, 0.35555555555555557, 0.024911768662515172
0.22291249261257173, 0.35555555555555557, 0.0224556224122475
0.2044736160643979, 0.35555555555555557, 0.0006148181558165858
0.3115367422681066, 0.35555555555555557, 0.0003905773455764392
0.07812144612604821, 0.35555555555555557, 0.005969794717131676
0.20130016790780594, 0.35555555555555557, 8.26459496989073e-05
0.17491420458590476, 0.35555555555555557, 0.00318611122151661
0.19185103676811102, 0.35555555555555557, 0.004723273904316159
0.17090639132601185, 0.35555555555555557, 0.0025482567306298904
0.24109956326811346, 0.35555555555555557, 0.003543170178476158
0.10314156745945807, 0.35555555555555557, 0.005495597120087917
0.1531240317733707, 0.35555555555555557, 0.005262793490446904
0.23086843831036796, 0.35555555555555557, 0.00118537693854445
0.19417313256741925, 0.35555555555555557, 0.007015612454336013
0.13004188887303247, 0.35555555555555557, 0.006336744092984999
0.12732250999856143, 0.35555555555555557, 0.030034307187003825
0.10828593621227306, 0.35555555555555557, 0.022150451731990674
0.20717028866519824, 0.35555555555555557, 0.009775068093595058
0.14218761195569415, 0.35555555555555557, 0.0013632811526330592
0.20061005121565828, 0.35555555555555557, 0.016834223651651326
0.1997682214347369, 0.35555555555555557, 0.01734730676228991
0.12281533903698627, 0.35555555555555557, 0.004599668648004201
0.26332946776411886, 0.35555555555555557, 0.004214322071691642
0.3033106284713013, 0.35555555555555557, 0.03560467673325374
0.24153834615474865, 0.35555555555555557, 0.0018528885492180877
0.13589295814913038, 0.35555555555555557, 0.003111420643975296
0.14316658211610095, 0.35555555555555557, 0.014038080480475189
0.2579587253460007, 0.35555555555555557, 0.008269730160852275
0.24761875873564484, 0.35555555555555557, 0.005585751860824607
0.21850291478682504, 0.35555555555555557, 0.0011990460716461602
0.15556944235947442, 0.35555555555555557, 0.0012610315571171293
0.19949243900970282, 0.35555555555555557, 0.020422426952642223
0.20716259602777626, 0.35555555555555557, 0.005391111437185973
0.14725016126841048, 0.35555555555555557, 0.0007030591860078195
0.13351823285143694, 0.35555555555555557, 0.0020177529486653683
0.20970544541739317, 0.35555555555555557, 0.0015383018353085877
0.15552315785035611, 0.35555555555555557, 0.002039075882166376
0.1559716347584391, 0.35555555555555557, 0.004506864651020936
0.1774021104625126, 0.35555555555555557, 0.002381246148603308
0.25268660278764926, 0.35555555555555557, 0.0024044825183369405
0.30545778093626774, 0.35555555555555557, 0.0017699017441280582
0.2750267057339255, 0.35555555555555557, 0.0033956586850132212
0.19157098133420755, 0.35555555555555557, 0.023242813758009732
0.1689146843551514, 0.35555555555555557, 0.02851018543338262
0.13413758268460918, 0.35555555555555557, 0.017444775407847016
0.2629034353875662, 0.35555555555555557, 0.0021154563916611197
0.11518332879364465, 0.35555555555555557, 0.009368959170915092
0.2562679855462509, 0.35555555555555557, 0.003234465225491331
0.25014526873604226, 0.35555555555555557, 0.011799919172368405
0.17098195388171375, 0.35555555555555557, 0.004815703370949758
0.06418913798404452, 0.35555555555555557, 0.0011823099118962255
0.1767771668893307, 0.35555555555555557, 0.007468716227501068
0.24164132116231096, 0.35555555555555557, 0.008608574553084702
0.16344415464222184, 0.35555555555555557, 0.021439691052915825
0.23090770162070415, 0.35555555555555557, 0.002100875159494566
0.24575416368729794, 0.35555555555555557, 0.004084026743660009
0.19722976298425499, 0.35555555555555557, 0.0013279963525524117
0.1476341875673245, 0.35555555555555557, 0.0011240056138741542
0.24084236314803437, 0.35555555555555557, 0.0032796099861380277
0.21657627405740715, 0.35555555555555557, 0.004740185308486122
0.24676448116135097, 0.35555555555555557, 0.01598767386623796
0.2497931929722026, 0.35555555555555557, 0.0175682713042507
0.12015016933302802, 0.35555555555555557, 0.004299852304272099
0.21115867515848372, 0.35555555555555557, 0.005860639663901452
0.2352146925755255, 0.35555555555555557, 0.008961117464608266
0.13888225562785333, 0.35555555555555557, 0.0015064023424112762
0.19804803179256744, 0.35555555555555557, 0.00805303798811986
0.14143171087707396, 0.35555555555555557, 0.03560253094497511
0.2395966095124367, 0.35555555555555557, 0.012867271558855723
0.21020739196310126, 0.35555555555555557, 0.008336058191087308
0.1885966048985294, 0.35555555555555557, 0.011613596931797691
0.1355473248483854, 0.35555555555555557, 0.011885320871617477
0.24558089517095835, 0.35555555555555557, 0.0035287857817742885
0.15073868195759776, 0.35555555555555557, 0.00555043315500515
0.20076270200649937, 0.35555555555555557, 0.0010439402003704582
0.1776055703850557, 0.35555555555555557, 0.008213821153713856
0.27519805142951576, 0.35555555555555557, 0.00446048496164075
0.15837013597733773, 0.35555555555555557, 0.04413477890568534
0.13089869134805904, 0.35555555555555557, 0.025324742504302517
0.176005137204807, 0.35555555555555557, 0.0022838820833806107
0.20295215896705418, 0.35555555555555557, 0.03826478216063185
0.17670865600130162, 0.35555555555555557, 0.00221708198646245
0.18946140618168383, 0.35555555555555557, 0.0023849496601552897
0.25046569387382384, 0.35555555555555557, 0.0011373622430981434
0.21479526588756861, 0.35555555555555557, 0.00391231354686386
0.19910814531894916, 0.35555555555555557, 0.0115259498978482
0.07011614214086537, 0.35555555555555557, 0.018625403998853738
0.18858224079207747, 0.35555555555555557, 0.008102934345762628
0.2301046194515647, 0.35555555555555557, 0.0013283652850265887
0.151837709934643, 0.35555555555555557, 0.009589959093006051
0.23055926042038183, 0.35555555555555557, 0.0012332787002458483
0.2636755053772941, 0.35555555555555557, 0.016657695402628656
0.22090552667532665, 0.35555555555555557, 0.003983090191159677
0.21140608318754314, 0.35555555555555557, 0.006054177395746404
0.13800217660009706, 0.35555555555555557, 0.006222041436098992
0.2813969310920798, 0.35555555555555557, 0.012711359158377077
0.196752078033224, 0.35555555555555557, 0.0001967953051618544
0.23062778857836175, 0.35555555555555557, 0.0024458339451145306
0.14001768570083453, 0.35555555555555557, 0.009649854884133736
0.13197398381523828, 0.35555555555555557, 0.011991736869277073
0.23206896823074596, 0.35555555555555557, 0.0048750690371911045
0.08266337930964558, 0.35555555555555557, 0.0032309079604765515
0.22230135030935702, 0.35555555555555557, 0.005769035600673197
0.2194147689542174, 0.35555555555555557, 0.0020764330233295878
0.1714482524806011, 0.35555555555555557, 0.012427289866472745
0.18361812926709042, 0.35555555555555557, 0.0031133384326490405
0.22079525793856516, 0.35555555555555557, 0.0030169519931892434
0.27268997812880374, 0.35555555555555557, 0.013567089886090582
0.23774115658670025, 0.35555555555555557, 0.011518528792067708
0.20922672532017242, 0.35555555555555557, 0.003850802537710894
0.19687975352776085, 0.35555555555555557, 0.01538405838213062
0.1821274395797512, 0.35555555555555557, 0.0035136966163381482
0.1924630335425392, 0.35555555555555557, 0.002562118968696143
0.2548598915095641, 0.35555555555555557, 0.009972677849545123
0.15180426709645348, 0.35555555555555557, 0.001977199621321009
0.14170222583054748, 0.35555555555555557, 0.005619797952355406
0.2853033644978759, 0.35555555555555557, 0.014700064158077649
0.19685191393207727, 0.35555555555555557, 0.012227626803465466
0.0909264778463349, 0.35555555555555557, 0.057606150489031394
0.14750679290097668, 0.35555555555555557, 0.007696048030502697
0.22421569182728304, 0.35555555555555557, 0.007546911302788345
0.15822079630085675, 0.35555555555555557, 0.021309553511893915
0.1614998622058274, 0.35555555555555557, 0.0021001140661503523
0.22099211551811662, 0.35555555555555557, 0.00475694672030956
0.2278492607630147, 0.35555555555555557, 0.021812397548094803
0.11622469091340645, 0.35555555555555557, 0.009259508017712014
0.18139122452982584, 0.35555555555555557, 0.008019232382400971
0.23933169163608067, 0.35555555555555557, 0.02117339644973923
0.1978173248350693, 0.35555555555555557, 0.006744609211839831
0.24436525509540175, 0.35555555555555557, 0.03122505711359003
0.18709853060183546, 0.35555555555555557, 0.010415582656137207
0.3278205349878933, 0.35555555555555557, 0.008556076793163286
0.20724203073717348, 0.35555555555555557, 0.002172665844449955
0.13059808155898606, 0.35555555555555557, 0.011073644557863633
0.12620694429525958, 0.35555555555555557, 0.0009228590951473858
0.15512539947763052, 0.35555555555555557, 0.0013376712927287465
0.17958958895146884, 0.35555555555555557, 0.022603225795110506
0.30753342569051123, 0.35555555555555557, 0.0032416303018581063
0.14544948802773663, 0.35555555555555557, 0.0024659492568676333
0.26990292540714184, 0.35555555555555557, 0.006868044546362502
0.18182090146261215, 0.35555555555555557, 0.002988370223108632
0.18679492528582234, 0.35555555555555557, 0.006119058150038848
0.21301942063767487, 0.35555555555555557, 0.0018001516028756444
0.1683133921863132, 0.35555555555555557, 0.013949722386769272
0.14398000870831792, 0.35555555555555557, 0.009804646948647876
0.14757614616513043, 0.35555555555555557, 0.013522454740962227
0.2502810811085879, 0.35555555555555557, 0.00655852538337152
0.2128111360900496, 0.35555555555555557, 0.013708770403875494
0.24864993044112718, 0.35555555555555557, 0.04276768300912408
0.18083821959645877, 0.35555555555555557, 0.008361323693648282
0.22136253245176737, 0.35555555555555557, 0.016772269692811606
0.19622887334962263, 0.35555555555555557, 0.018688054950986414
0.16104405185860246, 0.35555555555555557, 0.012348419223351139
0.1575251337045456, 0.35555555555555557, 0.0066555734694977884
0.19926970084905893, 0.35555555555555557, 0.0009780002066174269
0.20837810552554373, 0.35555555555555557, 0.006278830191689996
0.22695783282036391, 0.35555555555555557, 0.0012430472356593236
0.23654506925787844, 0.35555555555555557, 0.002995053841945131
0.22485802123490983, 0.35555555555555557, 0.0011051841538778121
0.29037270687168254, 0.35555555555555557, 0.016003720224769792
0.23660349559759844, 0.35555555555555557, 0.014202372071925953
0.16773116379498837, 0.35555555555555557, 0.0007470415087045218
0.19428536593643042, 0.35555555555555557, 0.008338887740116943
0.1946526601888876, 0.35555555555555557, 0.009858580507310751
0.16296104009243256, 0.35555555555555557, 0.003551811399799901
0.2300997712297169, 0.35555555555555557, 0.005224007571558373
0.24238536559744311, 0.35555555555555557, 0.00021330668172780368
0.2684632526034276, 0.35555555555555557, 0.007460115517072922
0.27177803427521174, 0.35555555555555557, 0.01413818797295901
0.1479017828450852, 0.35555555555555557, 0.02004300555888159
0.2084037986136225, 0.35555555555555557, 0.00289362001290436
0.2202373035317028, 0.35555555555555557, 0.006331385398899781
0.15814647061065568, 0.35555555555555557, 0.0025993307389896156
0.12558437481293533, 0.35555555555555557, 0.009049997377797764
0.17880749394876566, 0.35555555555555557, 0.0025794260391621303
0.2202847508410993, 0.35555555555555557, 0.0011055554656099046
0.1412607159306577, 0.35555555555555557, 0.02618619963361647
0.3155114335915396, 0.35555555555555557, 0.006491446902975465
0.18820839889191884, 0.35555555555555557, 0.004442579526592762
0.0656824198210903, 0.35555555555555557, 0.0034215755085464463
0.21199935399069458, 0.35555555555555557, 0.002714950080376473
0.17165165816469624, 0.35555555555555557, 0.0027900949234221546
0.1637570953279918, 0.35555555555555557, 0.0027105598995112905
0.2669539356011201, 0.35555555555555557, 0.0032162076548345664
0.311431413368903, 0.35555555555555557, 0.0043258158227002875
0.16374736208538568, 0.35555555555555557, 0.003313997580427628
0.22087165963234895, 0.35555555555555557, 0.003022056430092384
0.19860958175024993, 0.35555555555555557, 0.0009468778537315016
0.22956219158414345, 0.35555555555555557, 0.004569719322688939
0.15758335107995997, 0.35555555555555557, 0.006189046458392022
0.14791236832919585, 0.35555555555555557, 0.012999925465124922
0.2571537783523433, 0.35555555555555557, 0.007808305825920547
0.19349197848023514, 0.35555555555555557, 0.015910360270599465
0.15147895952462404, 0.35555555555555557, 0.004111086749884426
0.16202095214639498, 0.35555555555555557, 0.00209332693017359
0.18434114379239228, 0.35555555555555557, 0.01568598558446349
0.1869085041511947, 0.35555555555555557, 0.007188921568984674
0.18306268636024053, 0.35555555555555557, 0.007833396997355023
0.2616816589005527, 0.35555555555555557, 0.004920435245686579
0.18139113429520692, 0.35555555555555557, 0.006621803539936598
0.2530767705369635, 0.35555555555555557, 0.0028124821895607736
0.16395268406576935, 0.35555555555555557, 7.864737060327248e-05
0.21798635657447124, 0.35555555555555557, 0.009272576788964388
0.19975156933007643, 0.35555555555555557, 0.0072872735621265115
0.17122380367175993, 0.35555555555555557, 0.0049980218961515116
0.24171412596221964, 0.35555555555555557, 0.0019585249413523183
0.21818358696991358, 0.35555555555555557, 0.016611782878177956
0.21216409706630243, 0.35555555555555557, 0.005285804766676044
0.3172289853407662, 0.35555555555555557, 0.018162332998376853
0.18999359567826407, 0.35555555555555557, 0.00017260473604587987
0.14710047247314667, 0.35555555555555557, 0.024609478993892656
0.23749497322404844, 0.35555555555555557, 0.035694089702780894
0.18023666487733714, 0.35555555555555557, 0.020804992454299027
0.18407478318177833, 0.35555555555555557, 0.003372162044531131
0.13047832786430041, 0.35555555555555557, 0.045690003340986475
0.27922673403284637, 0.35555555555555557, 0.005940664434115534
0.17495125561359268, 0.35555555555555557, 0.002433614562250071
0.23754633095105904, 0.35555555555555557, 0.0030110655539314886
0.1446193630278162, 0.35555555555555557, 0.0014814644080371744
0.18519574451293924, 0.35555555555555557, 0.010806978360900985
0.19060299497139943, 0.35555555555555557, 0.008180655506659957
0.25463329018121605, 0.35555555555555557, 7.153395119355008e-05
0.08583965112486336, 0.35555555555555557, 0.0062574544572432675
0.14444181435271758, 0.35555555555555557, 0.01871165675840214
0.2777065510324233, 0.35555555555555557, 0.003213933120400168
0.22320285520054192, 0.35555555555555557, 0.0007589054344502001
0.18024714538582465, 0.35555555555555557, 0.009895568161102994
0.21136617747940364, 0.35555555555555557, 0.0018921470214608267
0.21932939576172586, 0.35555555555555557, 0.015143444534398984
0.21127445095923653, 0.35555555555555557, 0.003272870484354714
0.20255792333949796, 0.35555555555555557, 0.019902154223495092
0.15148128874096978, 0.35555555555555557, 0.0028744781332545135
0.25738035675903853, 0.35555555555555557, 0.01054511653630321
0.20155080581503093, 0.35555555555555557, 0.0011613014272237627
0.15723576808249393, 0.35555555555555557, 0.004866594928378368
0.10365657511320955, 0.35555555555555557, 0.005113414675221634
0.16209385126155798, 0.35555555555555557, 0.01885610945687257
0.16639769660346398, 0.35555555555555557, 0.002978940827972995
0.20261630485258403, 0.35555555555555557, 0.002194328346633653
0.23601202781520556, 0.35555555555555557, 0.0005445412395582727
0.2391530581470798, 0.35555555555555557, 0.008297383671743078
0.16041610626510724, 0.35555555555555557, 0.016011186587906165
0.225203618497664, 0.35555555555555557, 0.005790778110912789
0.1868086061512156, 0.35555555555555557, 0.03521063400453179
0.23864884490651525, 0.35555555555555557, 0.018419371771682888
0.24213240153257592, 0.35555555555555557, 0.010012571396935413
0.13697606022254155, 0.35555555555555557, 0.011197397618107079
0.1905157793393898, 0.35555555555555557, 0.003353061390247583
0.16449305853367813, 0.35555555555555557, 0.005118743138652705
0.19943211058444557, 0.35555555555555557, 0.014974608588808377
0.1370957247901584, 0.35555555555555557, 0.004282915726272457
0.2077326749684329, 0.35555555555555557, 0.013894897162940813
0.21758491542395259, 0.35555555555555557, 0.006327703545381918
0.08751801972972335, 0.35555555555555557, 0.000735171809333044
0.2792213813625707, 0.35555555555555557, 0.0009293447995286822
0.206953303586603, 0.35555555555555557, 0.04272635060249273
0.2148288904717336, 0.35555555555555557, 0.0014782447711497826
0.22406134874473066, 0.35555555555555557, 0.0015288256490416073
0.15850908224006333, 0.35555555555555557, 0.01235217163103531
0.23542750072481358, 0.35555555555555557, 0.001315220687418768
0.19693744133077215, 0.35555555555555557, 0.04284652049696316
0.20099707431209027, 0.35555555555555557, 0.00784776732110966
0.12676363397084162, 0.35555555555555557, 0.012485611001900154
0.19624452223659192, 0.35555555555555557, 0.009596244804525672
0.27796294460856674, 0.35555555555555557, 5.7854309614560354e-05
0.24721688486931942, 0.35555555555555557, 0.005781297954029489
0.2140962262417916, 0.35555555555555557, 0.0012826796867869087
0.2513259520086327, 0.35555555555555557, 0.0038233151071479974
0.15175960984136833, 0.35555555555555557, 0.013977058915329868
0.2001751905613664, 0.35555555555555557, 0.02320256495527334
0.15584673964071202, 0.35555555555555557, 0.009316679095687532
0.2503835164835381, 0.35555555555555557, 0.003927916607275906
0.23702002341525444, 0.35555555555555557, 0.007399582682363221
0.1831670327807905, 0.35555555555555557, 0.0030120010713192724
0.25522514240406774, 0.35555555555555557, 0.003881758357280579
0.24204223580364792, 0.35555555555555557, 0.007056480250564007
0.22325257564405931, 0.35555555555555557, 0.012467898965429504
0.1259186541191305, 0.35555555555555557, 0.007689676133748844
0.2091789638390438, 0.35555555555555557, 0.009873689797710044
0.23721979839453755, 0.35555555555555557, 0.02453076149388597
0.24950179356126398, 0.35555555555555557, 0.008928519146469199
0.18608385957301057, 0.35555555555555557, 0.017326985451890133
0.25738790954065777, 0.35555555555555557, 0.0007215233634337932
0.19888030446261382, 0.35555555555555557, 0.020001599826832382
0.21171635410085093, 0.35555555555555557, 0.0058140878317453895
0.26385339545100045, 0.35555555555555557, 0.011191081414290677
0.12526660750863763, 0.35555555555555557, 0.0010786182666974917
0.16913603834888588, 0.35555555555555557, 0.007997652637760621
0.23259631093887587, 0.35555555555555557, 0.020717747556099234
0.22584625069230457, 0.35555555555555557, 0.003340479796980688
0.2766118602083672, 0.35555555555555557, 0.007859172744739924
0.24598610615667385, 0.35555555555555557, 0.009999502012641543
0.1641319695255682, 0.35555555555555557, 0.00018905473778139787
0.18995934001234707, 0.35555555555555557, 0.0007447053574105822
0.0661575420734839, 0.35555555555555557, 0.004330877083610193
0.1764155553151095, 0.35555555555555557, 0.005031788218361152
0.24927153599915106, 0.35555555555555557, 0.025038201755798618
0.22006457730100557, 0.35555555555555557, 0.0028754087241843456
0.24643863476051708, 0.35555555555555557, 0.01160816284944691
0.18324802047366615, 0.35555555555555557, 0.03298907284136207
0.15417935881337022, 0.35555555555555557, 0.0016654785854326392
0.26780554277276525, 0.35555555555555557, 0.02137128806279772
0.19773302464134748, 0.35555555555555557, 0.0017766785616012907
0.21053215536899333, 0.35555555555555557, 0.0092589029567377
0.22811314973299124, 0.35555555555555557, 0.010031009016292483
0.14923662881425703, 0.35555555555555557, 0.0026801315519971065
0.10435849482526413, 0.35555555555555557, 0.0005148779253181668
0.24521281958090152, 0.35555555555555557, 0.00916102861771666
0.1794988937703099, 0.35555555555555557, 0.006060497404378215
0.22605343508433542, 0.35555555555555557, 0.004409350048224591
0.2244906335485811, 0.35555555555555557, 0.00452293336159049
0.16787178878275621, 0.35555555555555557, 0.007270762372679352
0.1284675892282551, 0.35555555555555557, 0.005220659834715566
0.19708778595765356, 0.35555555555555557, 0.0019364649936713897
0.17297732491858464, 0.35555555555555557, 0.0003458653693295561
0.2486184321713638, 0.35555555555555557, 0.010376901230843963
0.2363183433934354, 0.35555555555555557, 0.007577612565786062
0.19658211946942153, 0.35555555555555557, 0.0030328970860902093
0.20208419407152486, 0.35555555555555557, 0.0039282197316251105
0.28699606302980046, 0.35555555555555557, 0.004735104371516299
0.1883649618404601, 0.35555555555555557, 0.015089600759016884
0.22695122588407837, 0.35555555555555557, 0.023433580574512544
0.2481309147346144, 0.35555555555555557, 0.01903944473965307
0.16613151224128847, 0.35555555555555557, 0.010457234780381406
0.1921607844492112, 0.35555555555555557, 0.004397689525438579
0.19784760254880063, 0.35555555555555557, 0.009050702138844482
0.14046166916043498, 0.35555555555555557, 0.007215860890165386
0.1106514737682783, 0.35555555555555557, 0.0011122692541082448
0.20888434131173542, 0.35555555555555557, 0.0017749199402277184
0.16122704660953285, 0.35555555555555557, 0.0014621628203534466
0.34245652194951337, 0.35555555555555557, 0.016242915484493158
0.15094270236828333, 0.35555555555555557, 0.004020237118389124
0.17268952895500395, 0.35555555555555557, 0.00044306484348717254
0.19707395494102956, 0.35555555555555557, 0.021448656648936536
0.10110716639728308, 0.35555555555555557, 0.006583244905798245
0.13869284198579704, 0.35555555555555557, 0.015329931460691072
0.1427665435456617, 0.35555555555555557, 0.002062525091441196
0.1796499007451934, 0.35555555555555557, 0.004534140626518346
0.29706221813999345, 0.35555555555555557, 0.012818399851832132
0.16660896054921615, 0.35555555555555557, 0.003144849191317051
0.2319749071670348, 0.35555555555555557, 3.796257859979998e-05
0.20036530068819972, 0.35555555555555557, 0.005619729591967802
0.3047905749032044, 0.35555555555555557, 0.0029773879332105476
0.19590268564707702, 0.35555555555555557, 0.0045077321106061575
0.16089020239823554, 0.35555555555555557, 0.0039794527222761274
0.2051615882093049, 0.35555555555555557, 0.014724095068076657
0.22989712692169773, 0.35555555555555557, 0.006351225381720442
0.12881773789465573, 0.35555555555555557, 0.002020466609017161
0.20198386541620267, 0.35555555555555557, 0.014381562428487826
0.2576705225678687, 0.35555555555555557, 0.003890012420858192
0.17037546446082244, 0.35555555555555557, 0.0011974597871626008
0.2255993663598018, 0.35555555555555557, 0.03203685828848814
0.03482224994827504, 0.35555555555555557, 0.007651406832764051
0.21349133960338107, 0.35555555555555557, 0.007051840407997254
0.06683088415967953, 0.35555555555555557, 0.006383943570908071
0.23196583166037288, 0.35555555555555557, 0.03231514172429549
0.298621863321901, 0.35555555555555557, 0.02210859657317724
0.282151170796532, 0.35555555555555557, 0.02107787227904667
0.16792317626426773, 0.35555555555555557, 0.0344895370167583
0.22534213618845952, 0.35555555555555557, 0.012468561946395793
0.212827031359256, 0.35555555555555557, 0.004681618349601326
0.134939625424648, 0.35555555555555557, 0.0015224009241185435
0.11964284282937929, 0.35555555555555557, 0.014361309294353804
0.18251513667875244, 0.35555555555555557, 0.0018806756859856377
0.25378760887369517, 0.35555555555555557, 0.006776368996043151
0.1423270430882473, 0.35555555555555557, 0.01779069386473052
0.21863991551334586, 0.35555555555555557, 0.002739071029076763
0.1420043541370093, 0.35555555555555557, 0.00404603677601288
0.18307255686522797, 0.35555555555555557, 0.0032475476960018607
0.14951035022185183, 0.35555555555555557, 0.00901343950575712
0.19996870445146442, 0.35555555555555557, 0.0317956499424378
0.23420759945854785, 0.35555555555555557, 0.018911862469653654
0.17964085702150276, 0.35555555555555557, 0.018732843337399645
0.19053187135428787, 0.35555555555555557, 0.0005557262335208338
0.14965124661864165, 0.35555555555555557, 0.006223415700285046
0.10807157701113192, 0.35555555555555557, 0.0007032433025514357
0.1813225696867064, 0.35555555555555557, 0.006962184436052881
0.18820545727883672, 0.35555555555555557, 0.001361117612534946
0.21057560031593894, 0.35555555555555557, 0.024574355468963298
0.22860947635917578, 0.35555555555555557, 0.0034190371123842167
0.2134848360790662, 0.35555555555555557, 0.028265171674332533
0.23279404106018764, 0.35555555555555557, 0.01430166201232078
0.1756418320259597, 0.35555555555555557, 0.015044013189280567
0.14732120423039335, 0.35555555555555557, 0.007138032459933187
0.21385198012878903, 0.35555555555555557, 0.014865762297949647
0.22552689368103246, 0.35555555555555557, 0.006391329105137937
0.1790591256404036, 0.35555555555555557, 0.01609460582698294
0.20063178680732188, 0.35555555555555557, 0.012071249132427459
0.24694323910355442, 0.35555555555555557, 0.017593047177920897
0.32569399106273667, 0.35555555555555557, 0.00841348809854122
0.18221402385783705, 0.35555555555555557, 0.0046375476966254514
0.2609839578614898, 0.35555555555555557, 0.0033656621873300657
0.14220530539388204, 0.35555555555555557, 0.007494503922304431
0.15570035779002606, 0.35555555555555557, 0.0007388287091765124
0.2500043465950284, 0.35555555555555557, 0.00926146707291553
0.12507964922334458, 0.35555555555555557, 0.006866168322999871
0.140836313833534, 0.35555555555555557, 0.0036197992071908287
0.18141631313262993, 0.35555555555555557, 0.008135134710611133
0.16059186528554836, 0.35555555555555557, 0.005057375769606871
0.20542187046104426, 0.35555555555555557, 0.026476720009682063
0.20227533513261095, 0.35555555555555557, 0.005191132295345846
0.2324133560141652, 0.35555555555555557, 0.0005649618313135483
0.17102456123570536, 0.35555555555555557, 0.007199854891352851
0.2185186705430517, 0.35555555555555557, 0.012452887613918892
0.21037100457012028, 0.35555555555555557, 0.00012086080713310972
0.14163676135968956, 0.35555555555555557, 0.00129012578962002
0.13397737896516726, 0.35555555555555557, 0.0006030424089240313
0.2872425702025242, 0.35555555555555557, 0.000185976365254569
0.22519492495731644, 0.35555555555555557, 7.536301240074522e-05
0.2895175556173044, 0.35555555555555557, 0.0034306848070858017
0.15187720529405663, 0.35555555555555557, 0.031086747896582497
0.1884393263351637, 0.35555555555555557, 0.004401825434134663
0.23472249598344141, 0.35555555555555557, 0.007010235910406209
0.18120371200005014, 0.35555555555555557, 0.003908837890872836
0.17248204615154852, 0.35555555555555557, 0.002000217386913856
0.22419212744676797, 0.35555555555555557, 0.014220462313317398
0.11821083466855448, 0.35555555555555557, 0.006146143317675212
0.1407300789675536, 0.35555555555555557, 0.011009795066283906
0.15782849663144025, 0.35555555555555557, 0.01670168194196327
0.20099827519784763, 0.35555555555555557, 0.004176568968622955
0.18190931566756707, 0.35555555555555557, 0.025719715721294896
0.16611925929732452, 0.35555555555555557, 0.02235509152779323
0.2343122110570906, 0.35555555555555557, 0.012525769329360979
0.10303287318695054, 0.35555555555555557, 0.0008993015858561572
0.1972337385514423, 0.35555555555555557, 0.01783979140536284
0.10140920493731624, 0.35555555555555557, 0.0006607568733776996
0.14487287307771204, 0.35555555555555557, 0.003896743203194516
0.17565975436474637, 0.35555555555555557, 0.003730727281536648
0.18680105499031646, 0.35555555555555557, 0.006809901011494414
0.17649383903288465, 0.35555555555555557, 0.003274857798542453
0.17526819230105672, 0.35555555555555557, 0.00572220690084584
0.13383453192277298, 0.35555555555555557, 0.006115686673448426
0.18137521267308393, 0.35555555555555557, 0.004622982648202605
0.22282666387392774, 0.35555555555555557, 0.004956308485277003
0.15654988359340644, 0.35555555555555557, 0.008595867595665158
0.2569690175324836, 0.35555555555555557, 0.012084198537550536
0.17368630001265395, 0.35555555555555557, 0.0016488995935134251
0.20899450464962646, 0.35555555555555557, 0.006396404954756747
0.13639528329413236, 0.35555555555555557, 0.0045682909624580265
0.14641412059662814, 0.35555555555555557, 0.00366410884282357
0.1853272614828433, 0.35555555555555557, 0.0034594122166131665
0.18330061586225824, 0.35555555555555557, 0.0017025593373130798
0.24709239286701654, 0.35555555555555557, 0.00047059850548505363
0.19156593413939457, 0.35555555555555557, 0.0034030560668132717
0.18222393411718157, 0.35555555555555557, 0.009741627300232633
0.22346801667269234, 0.35555555555555557, 0.0001424024352740336
0.2204178993083762, 0.35555555555555557, 0.0013651248906362988
0.20434905748686183, 0.35555555555555557, 0.009421685116281619
0.21399699520225585, 0.35555555555555557, 0.005833543841827141
0.19052720490998115, 0.35555555555555557, 0.0029222780845902727
0.24365348201349807, 0.35555555555555557, 0.004835271509271695
0.23489442496420382, 0.35555555555555557, 0.006313507387659145
0.22314724982170842, 0.35555555555555557, 0.003198941304456976
0.17094659795229017, 0.35555555555555557, 0.004326218365086737
0.21811742978059936, 0.35555555555555557, 0.005323119537060561
0.2656874171496175, 0.35555555555555557, 0.012038133419706632
0.22334895028498788, 0.35555555555555557, 0.008205734854687459
0.17990738925228242, 0.35555555555555557, 0.003854701846327039
0.26005464176211374, 0.35555555555555557, 0.009300911211521705
0.19868219282956703, 0.35555555555555557, 0.014545453377100465
0.21412908509566606, 0.35555555555555557, 0.0011893656994265186
0.16469713308861175, 0.35555555555555557, 0.024662045876233964
0.21386219469648948, 0.35555555555555557, 0.01562576473711252
0.20213830523686468, 0.35555555555555557, 0.00172340642770208
0.11155428806544126, 0.35555555555555557, 0.005945899051035374
0.031661032366049696, 0.35555555555555557, 0.0003976352226582351
0.1282190722511944, 0.35555555555555557, 0.0012361616899092313
0.25398783901087496, 0.35555555555555557, 0.0024008708276790454
0.18044408770300288, 0.35555555555555557, 0.00210636840486154
0.18981582094559327, 0.35555555555555557, 0.015351331310274515
0.29613957899347204, 0.35555555555555557, 0.003964814012517764
0.17115084698640937, 0.35555555555555557, 0.01042676735707373
0.2689480287818312, 0.35555555555555557, 0.0014147099806906826
0.2569861934543601, 0.35555555555555557, 0.003062265446275397
0.16413591138892855, 0.35555555555555557, 0.00234823004060583
0.1430804418069575, 0.35555555555555557, 0.0025907724781572736
0.22162723201166878, 0.35555555555555557, 0.009166662290266213
0.16300870316539653, 0.35555555555555557, 0.0049089428488969505
0.16408066200027313, 0.35555555555555557, 0.009513832871436926
0.2993684954124246, 0.35555555555555557, 0.012465431393312843
0.19535474032811703, 0.35555555555555557, 5.78363138463521e-05
0.20252860426669095, 0.35555555555555557, 0.0009287196467617997
0.22022585449787208, 0.35555555555555557, 0.00848484502266474
0.2392320749979018, 0.35555555555555557, 0.0005711981768876443
0.16065918704330787, 0.35555555555555557, 0.013098541742353776
0.15622508793877254, 0.35555555555555557, 0.0010794007976434737
0.2436542627953984, 0.35555555555555557, 0.011673728619448319
0.22366064008229558, 0.35555555555555557, 0.0009089675986533603
0.12506964225650857, 0.35555555555555557, 0.001402625561918896
0.19691032646988102, 0.35555555555555557, 0.016701212656972778
0.21973791916702193, 0.35555555555555557, 0.0027030619128552637
0.22090689888927056, 0.35555555555555557, 0.005120123324881585
0.23179620118292657, 0.35555555555555557, 0.010540017896357183
0.21274465199593126, 0.35555555555555557, 0.012798325235462588
0.20213665500915, 0.35555555555555557, 0.001246977847316355
0.14395632701542646, 0.35555555555555557, 0.017233633820365753
0.20888905212178205, 0.35555555555555557, 0.0016663955130252208
0.14809760175661793, 0.35555555555555557, 0.027456170482164994
0.19067008570998742, 0.35555555555555557, 0.006555671210369928
0.23992057019636365, 0.35555555555555557, 0.0020114797827855187
0.15100073238348305, 0.35555555555555557, 0.019347195537111977
0.13801026305511077, 0.35555555555555557, 0.003283058508594875
0.14393895425453193, 0.35555555555555557, 0.005022755840175577
0.27253025946640386, 0.35555555555555557, 0.002670038756794866
0.13818885923110474, 0.35555555555555557, 0.01401202536633725
0.1521790588112879, 0.35555555555555557, 0.0011822782373087782
0.21875756549407058, 0.35555555555555557, 0.01865694170800596
0.12340266531816081, 0.35555555555555557, 0.00587629172940825
0.23222767931372218, 0.35555555555555557, 0.007027847828217512
0.201457460990752, 0.35555555555555557, 0.011303074965028906
0.25191373395695993, 0.35555555555555557, 0.0042950646081212065
0.15192521341399648, 0.35555555555555557, 0.00405017770149603
0.24696228855240793, 0.35555555555555557, 1.5176076127584991e-05
0.2219070221746799, 0.35555555555555557, 0.000580252965941408
0.19464939858453498, 0.35555555555555557, 0.0013748085440245116
0.1454603753864208, 0.35555555555555557, 0.0036339618781387286
0.1967890858411845, 0.35555555555555557, 0.031339998216353485
0.24200411604579036, 0.35555555555555557, 0.002067542793485005
0.25228319444154435, 0.35555555555555557, 0.005740804867236124
0.22292826831879503, 0.35555555555555557, 0.0011606032421281418
0.20474627517064006, 0.35555555555555557, 0.012255146666336881
0.296200538726042, 0.35555555555555557, 0.010809217204611766
0.1960668127582812, 0.35555555555555557, 0.025359094193983255
0.2202156281657966, 0.35555555555555557, 0.01378347611203055
0.20334390164960967, 0.35555555555555557, 0.0024760054980524863
0.26214151162025323, 0.35555555555555557, 0.00865400507557916
0.23794550212238, 0.35555555555555557, 0.002639485067149267
0.2718902709779534, 0.35555555555555557, 0.014930867405423244
0.24739775199097966, 0.35555555555555557, 0.02350555595053216
0.1299022233025067, 0.35555555555555557, 0.0033427937664668576
0.22834178325175744, 0.35555555555555557, 0.02660710776862028
0.1809044581940315, 0.35555555555555557, 0.009848167896993824
0.24569024367857042, 0.35555555555555557, 0.011256903002452601
0.22858196015133161, 0.35555555555555557, 0.0039274340471517665
0.1742045321721154, 0.35555555555555557, 6.511624720140892e-05
0.2030560496878216, 0.35555555555555557, 0.018268693076587683
0.20303587005376386, 0.35555555555555557, 0.005240089083839
0.16038285750904396, 0.35555555555555557, 0.02208441920331842
0.1678966186117825, 0.35555555555555557, 0.0003760845414230909
0.2321839211811213, 0.35555555555555557, 0.014774070531097491
0.2406111341322604, 0.35555555555555557, 0.001616871016357086
0.10060035447357213, 0.35555555555555557, 0.005669487043363678
0.17865478952246977, 0.35555555555555557, 0.0023150972965076413
0.2308517496493541, 0.35555555555555557, 0.01105882764510458
0.17089785954882677, 0.35555555555555557, 0.004495867392731666
0.09550418446457704, 0.35555555555555557, 0.0011593493932404253
0.1799135763723476, 0.35555555555555557, 0.011828007762117588
0.20050790005261043, 0.35555555555555557, 0.012262473515771467
0.22080985934497244, 0.35555555555555557, 0.0014884324637121878
0.12729349908860804, 0.35555555555555557, 0.0054241906850957524
0.1800359076060058, 0.35555555555555557, 0.04875481276056414
0.23707328345977585, 0.35555555555555557, 0.0014653303385963653
0.1559274545040784, 0.35555555555555557, 0.011732470036399911
0.19481295429904988, 0.35555555555555557, 0.0247413643344505
0.22397457657633604, 0.35555555555555557, 0.013297494490316853
0.21406870912675804, 0.35555555555555557, 0.025691587344715286
0.1864523997110011, 0.35555555555555557, 0.042275012551312524
0.1989658491492695, 0.35555555555555557, 0.01027560367536444
0.15724989583788063, 0.35555555555555557, 0.00859775809827491
0.24512083524729114, 0.35555555555555557, 0.009592748912310907
0.12044347397957511, 0.35555555555555557, 0.008932136020613072
0.11935734021791988, 0.35555555555555557, 0.0006823973950066015
0.22644932765770104, 0.35555555555555557, 0.004324379269071538
0.2665450660753633, 0.35555555555555557, 0.009840766760226173
0.23933426146360298, 0.35555555555555557, 0.00833983520340279
0.18213474760198226, 0.35555555555555557, 0.035244446748057955
0.15262406187885333, 0.35555555555555557, 0.0021992668666617624
0.19733512497907543, 0.35555555555555557, 0.006588175154342215
0.23033202503343259, 0.35555555555555557, 0.018259694265699344
0.17304078631916572, 0.35555555555555557, 0.00908670824569956
0.26442160377666685, 0.35555555555555557, 0.0017980225368684607
0.30041112494879757, 0.35555555555555557, 0.0037274596969284154
0.2560234999768376, 0.35555555555555557, 0.0033989159087473905
0.22436777769760038, 0.35555555555555557, 0.0018860342940868022
0.23068214798318232, 0.35555555555555557, 0.004052246896800784
0.1970033456155068, 0.35555555555555557, 0.0038186771391281694
0.17467037801471869, 0.35555555555555557, 0.007831758538928528
0.1805309759658758, 0.35555555555555557, 0.010292381961246036
0.2362070281574112, 0.35555555555555557, 0.0007322851402285928
0.17076108631637288, 0.35555555555555557, 0.010140947944250038
0.2073932844939823, 0.35555555555555557, 0.001653722011227275
0.17033101983758453, 0.35555555555555557, 0.00048570048288081773
0.17858247078181802, 0.35555555555555557, 0.015767048658793012
0.23083077509190786, 0.35555555555555557, 0.0012407323362805787
0.17105349751602444, 0.35555555555555557, 0.0022128226383153174
0.17344987257301078, 0.35555555555555557, 0.005798063108874715
0.21033318092691533, 0.35555555555555557, 0.006456865945094424
0.20069150951107748, 0.35555555555555557, 0.005761026163348772
0.20343697796773608, 0.35555555555555557, 0.002809227889529642
0.15019416904191013, 0.35555555555555557, 0.0058826230455113265
0.2624544015523491, 0.35555555555555557, 0.009039063661714893
0.1777383109992957, 0.35555555555555557, 0.00440405358004069
0.2047693257867147, 0.35555555555555557, 0.011277668101890992
0.22795161277438972, 0.35555555555555557, 0.012538375681918694
0.11326176171400296, 0.35555555555555557, 0.003946740583555508
0.17335706251571775, 0.35555555555555557, 0.006847913145720967
0.16132839257482484, 0.35555555555555557, 0.010205101736772729
0.2716558815211307, 0.35555555555555557, 0.0016431696056266295
0.10749956079027118, 0.35555555555555557, 0.008249444569177429
0.1567345527385605, 0.35555555555555557, 0.009119720372032264
0.170063271738229, 0.35555555555555557, 0.0026370811675425288
0.22505907297252953, 0.35555555555555557, 0.0018549711056731167
0.22435424050104605, 0.35555555555555557, 0.007083398121164985
0.24663299460619398, 0.35555555555555557, 0.0071931692233753956
0.17425631004392222, 0.35555555555555557, 0.011478414689631391
0.1925320856357529, 0.35555555555555557, 0.01605097085815795
0.2304110948341107, 0.35555555555555557, 0.015062296571278418
0.2694451168920414, 0.35555555555555557, 0.002119170500976918
0.18591918246105496, 0.35555555555555557, 0.0008493188029372477
0.19174185262411247, 0.35555555555555557, 0.0030669313991384477
0.2906722542999666, 0.35555555555555557, 0.004145877499475349
0.16068047661867463, 0.35555555555555557, 0.00501393386979439
0.14694039358061434, 0.35555555555555557, 0.007340222419000369
0.23961919199413617, 0.35555555555555557, 0.002205445064312952
0.26204182842114854, 0.35555555555555557, 0.0003606448422699001
0.21915282634122085, 0.35555555555555557, 0.0018809450194001247
0.22087573633163973, 0.35555555555555557, 0.001421474884571614
0.18836702287512982, 0.35555555555555557, 0.08216332104043433
0.19581227735293816, 0.35555555555555557, 0.00894928158849256
0.237150096691158, 0.35555555555555557, 0.003746252658507159
0.17175569838104526, 0.35555555555555557, 0.01227283124951815
0.19100354006790116, 0.35555555555555557, 0.036707645443502135
0.26739944969442275, 0.35555555555555557, 0.0007628620530776546
0.1632817982251451, 0.35555555555555557, 0.0049307339357027614
0.23607843210750715, 0.35555555555555557, 0.009896165766543773
0.1865149987603739, 0.35555555555555557, 0.008644068803193105
0.3097932317079784, 0.35555555555555557, 0.002319720785050495
0.03981589527908841, 0.35555555555555557, 0.025254041269020054
0.23803322970105265, 0.35555555555555557, 0.004309912774656626
0.07771310126413085, 0.35555555555555557, 0.0069522637540035785
0.20817257208499163, 0.35555555555555557, 0.004807874899048897
0.1580792135252059, 0.35555555555555557, 0.009104180306696909
0.19344879206515556, 0.35555555555555557, 0.001652555105836154
0.2561225836311167, 0.35555555555555557, 0.014148903050792545
0.14029637132274336, 0.35555555555555557, 0.002373352600077111
0.1773018428933728, 0.35555555555555557, 0.007732768223577472
0.2891688451422637, 0.35555555555555557, 0.009704303828380683
0.10706303763317981, 0.35555555555555557, 0.0033020908667173287
0.2301691080084297, 0.35555555555555557, 0.017542370073915407
0.24258674179276107, 0.35555555555555557, 0.005295477553124448
0.19930457311072292, 0.35555555555555557, 0.021699506683955195
0.17841408532661787, 0.35555555555555557, 0.008621794144737882
0.2348372164220007, 0.35555555555555557, 0.042148467197358735
0.26051783813375357, 0.35555555555555557, 0.0018622954033158184
0.2186488060691954, 0.35555555555555557, 0.005406779781884413
0.2711904696279591, 0.35555555555555557, 0.0032786760060392766
0.13986939068226523, 0.35555555555555557, 0.005913362227214807
0.15712081845436565, 0.35555555555555557, 0.002827904834627872
0.15230181837518064, 0.35555555555555557, 0.0064231007743066944
0.20891266129553784, 0.35555555555555557, 0.010848013804807587
0.27176475777906495, 0.35555555555555557, 0.010453993889402328
0.15573088709369107, 0.35555555555555557, 0.00339925254678944
0.2768185616530793, 0.35555555555555557, 0.008521937651830394
0.214657333985162, 0.35555555555555557, 0.04832427009536975
0.19876753558310378, 0.35555555555555557, 0.007378665576373764
0.22673553471680527, 0.35555555555555557, 0.004749753440335984
0.18378214895520373, 0.35555555555555557, 0.01044067676155619
0.2590113542236612, 0.35555555555555557, 0.008961784853159403
0.18789500631037828, 0.35555555555555557, 0.030512852550849616
0.23882071425640417, 0.35555555555555557, 0.007863750366005996
0.2502715731229288, 0.35555555555555557, 0.006102492716259007
0.11630688680309433, 0.35555555555555557, 0.017508303737953722
0.18887560186669605, 0.35555555555555557, 0.016582742737434545
0.16982986523319837, 0.35555555555555557, 0.03711827071593384
0.09842613476437045, 0.35555555555555557, 0.0014820516150113735
0.15828683637062288, 0.35555555555555557, 0.0033252556075147022
0.17741998684741822, 0.35555555555555557, 0.005901151335519349
0.1989480625075974, 0.35555555555555557, 0.012825702077056673
0.28152802064457144, 0.35555555555555557, 0.009615706417982307
0.26297674219316786, 0.35555555555555557, 0.01008052070133724
0.2016093596085379, 0.35555555555555557, 0.0015453934126835622
0.18163891598888146, 0.35555555555555557, 0.004575156911311793
0.1920898969808996, 0.35555555555555557, 0.0023410640825539545
0.1396068149171711, 0.35555555555555557, 0.001649046421289467
0.16786376527417132, 0.35555555555555557, 0.0008859558968687315
0.23637905308825438, 0.35555555555555557, 0.008301827644445148
0.1779077308509848, 0.35555555555555557, 0.005274549869758488
0.26792320973679234, 0.35555555555555557, 0.0017653270798437322
0.22071989144369114, 0.35555555555555557, 0.0047270230590646944
0.22583386635444408, 0.35555555555555557, 0.0038044764226705784
0.14240581688383647, 0.35555555555555557, 0.0025504088150303888
0.1661354363758, 0.35555555555555557, 0.004163302061642793
0.1989338411711227, 0.35555555555555557, 0.00715650835441014
0.20551719728432744, 0.35555555555555557, 0.006656211287690823
0.23794273200336152, 0.35555555555555557, 0.006201413014813189
0.23767056179735196, 0.35555555555555557, 0.0018950398375502803
0.2267731087380273, 0.35555555555555557, 0.005186222689842462
0.24672848899919253, 0.35555555555555557, 0.0005039104990594676
0.2297749753604745, 0.35555555555555557, 0.0043383234249090566
0.16875700194095708, 0.35555555555555557, 0.010921096206318351
0.19910785052108074, 0.35555555555555557, 0.0004583944166653299
0.21487480292603287, 0.35555555555555557, 0.0038787061708729902
0.17046264831066338, 0.35555555555555557, 0.0008457822332698748
0.1736384157539151, 0.35555555555555557, 0.010681849792681927
0.25879337046904377, 0.35555555555555557, 0.015415854232338428
0.16599436843334486, 0.35555555555555557, 0.05268883953726515
0.1945429762156216, 0.35555555555555557, 0.03353086606900871
0.17545658690788588, 0.35555555555555557, 0.04758577705483088
0.22009679404959676, 0.35555555555555557, 0.0011287569178848635
0.2422768066446576, 0.35555555555555557, 0.0002461686660682048
0.15211177864872027, 0.35555555555555557, 0.0030039107069716113
0.19111999810657238, 0.35555555555555557, 0.008923874400099853
0.15873026993477898, 0.35555555555555557, 0.00875240645315395
0.1454836992480475, 0.35555555555555557, 0.01915149627081448
0.2119194313921899, 0.35555555555555557, 0.006305263091895675
0.22531719717548815, 0.35555555555555557, 0.016627583371693466
0.19242703461983515, 0.35555555555555557, 0.00398009655530536
0.1749131843053628, 0.35555555555555557, 0.004822030433192613
0.15011232376760553, 0.35555555555555557, 0.008344167307098126
0.10954119462736836, 0.35555555555555557, 0.0058450171196980415
0.20535024056578174, 0.35555555555555557, 0.004833576263127304
0.1554750386646187, 0.35555555555555557, 0.001991776684167875
0.2745861044284329, 0.35555555555555557, 0.002648317245360078
0.20842792797999038, 0.35555555555555557, 0.02608697327519492
0.16595023433207118, 0.35555555555555557, 0.0016264078245148256
0.13049889839627343, 0.35555555555555557, 0.001753012789343136
0.21137973701309504, 0.35555555555555557, 0.010580868357609912
0.27506219018999245, 0.35555555555555557, 0.003661549913434091
0.20590828692170046, 0.35555555555555557, 0.019204959034961156
0.2449686495685886, 0.35555555555555557, 0.00838327592278327
0.16355457262789203, 0.35555555555555557, 0.024204790960146383
0.24415618490975202, 0.35555555555555557, 0.004371120262293819
0.1423302239727899, 0.35555555555555557, 0.037897125425303595
0.20368968053422706, 0.35555555555555557, 0.0010093682247399108
0.20662674565971886, 0.35555555555555557, 0.008937500074430551
0.14295036468871516, 0.35555555555555557, 6.496119028940669e-05
0.1298460170831378, 0.35555555555555557, 0.008938832979553854
0.27193331928174247, 0.35555555555555557, 0.003809128183200826
0.14873258699717126, 0.35555555555555557, 0.009811948644423793
0.1912423386319446, 0.35555555555555557, 0.0019370331481550708
0.17182211060420752, 0.35555555555555557, 0.0006466720046433129
0.20191234654457046, 0.35555555555555557, 0.007316416392887702
0.26074732906189063, 0.35555555555555557, 0.026040961680842054
0.15380772651622487, 0.35555555555555557, 0.003946738604918622
0.258574422394899, 0.35555555555555557, 0.00031086537814079094
0.18130720978637982, 0.35555555555555557, 0.004381590086982277
0.18138537145285974, 0.35555555555555557, 0.03698531524346678
0.17874012011658535, 0.35555555555555557, 0.0008281421960212568
0.23795069806907054, 0.35555555555555557, 0.0038637417699953274
0.257660504955087, 0.35555555555555557, 0.02193861908686898
0.19384176179704304, 0.35555555555555557, 0.0011302440646369198
0.24504965458398192, 0.35555555555555557, 0.002820720266911449
0.20646975964160613, 0.35555555555555557, 0.0027370154607555264
0.17504229390434345, 0.35555555555555557, 0.008425228760953682
0.22861542278064353, 0.35555555555555557, 0.00359609781903444
0.2482460066742696, 0.35555555555555557, 0.01590901463814539
0.26869210931278065, 0.35555555555555557, 0.033943582396571366
0.1718593052862774, 0.35555555555555557, 0.00884579657440361
0.14659533139210473, 0.35555555555555557, 0.008289682362988325
0.2164707138928964, 0.35555555555555557, 0.015456844444605239
0.15029653910899468, 0.35555555555555557, 0.0035242545027966993
0.22906885456920106, 0.35555555555555557, 0.0041795623531538885
0.215195771277281, 0.35555555555555557, 0.017840368105678597
0.13053088973534832, 0.35555555555555557, 0.002019921511655665
0.1699826566298521, 0.35555555555555557, 0.001702149220671131
0.21299477063549968, 0.35555555555555557, 0.0047300512867107306
0.15688545987322464, 0.35555555555555557, 0.009713687618352505
0.22548953963526172, 0.35555555555555557, 0.0032843610912109784
0.23498612459742885, 0.35555555555555557, 0.011604765557721343
0.20663253718590785, 0.35555555555555557, 0.002855218395774579
0.19054464034891808, 0.35555555555555557, 0.004395297758169255
0.18462842548917505, 0.35555555555555557, 0.0016390338728544264
0.22958101048708643, 0.35555555555555557, 0.009699694636266661
0.13983413126754118, 0.35555555555555557, 0.007478547253076149
0.22679199928829308, 0.35555555555555557, 0.0019883518706505076
0.3250792817901369, 0.35555555555555557, 0.02960120859260934
0.16652772086735493, 0.35555555555555557, 0.0009307806530319567
0.15827737202732833, 0.35555555555555557, 0.009150686140940239
0.24372437524950705, 0.35555555555555557, 0.0010830331613829304
0.2223085294651763, 0.35555555555555557, 0.01040477770365821
0.2558409400489693, 0.35555555555555557, 0.001760938034285299
0.18631123357684526, 0.35555555555555557, 0.0034959502559397844
0.23261351832940758, 0.35555555555555557, 0.010700682452975816
0.21861066592617448, 0.35555555555555557, 0.0042899311019469165
0.21252008616130583, 0.35555555555555557, 0.0009677216320772087
0.18474669518739448, 0.35555555555555557, 0.001434000879953973
0.18912644888461197, 0.35555555555555557, 0.009533504526491534
0.17951379568126125, 0.35555555555555557, 0.010537005705031017
0.15092540124164017, 0.35555555555555557, 0.0010820501915445107
0.1674006834301095, 0.35555555555555557, 0.020181485920994884
0.14475403435939332, 0.35555555555555557, 0.0018346546389842466
0.25730619842743646, 0.35555555555555557, 0.0027741294366230842
0.15078493971176832, 0.35555555555555557, 0.006815398218365722
0.24851719063666483, 0.35555555555555557, 0.007214077651503437
0.19199803361092746, 0.35555555555555557, 0.002414804238948343
0.20322594711332045, 0.35555555555555557, 0.015419879169630727
0.23212948703666123, 0.35555555555555557, 0.008484647166627989
0.16038682357328682, 0.35555555555555557, 0.002469186192455914
0.1417670136197212, 0.35555555555555557, 0.033780846129810596
0.2745323041039456, 0.35555555555555557, 0.00010677655129977505
0.2934102601499817, 0.35555555555555557, 0.004422529133866779
0.13872653470582447, 0.35555555555555557, 0.003719980399748013
0.23447150490045768, 0.35555555555555557, 0.017121993048019698
0.10456696087497808, 0.35555555555555557, 0.005375369747263415
0.16025716789561076, 0.35555555555555557, 0.005619036284541045
0.20229214838929965, 0.35555555555555557, 0.003448215372319672
0.23823008115247235, 0.35555555555555557, 0.001311126259844513
0.1827420997504404, 0.35555555555555557, 0.004165915686552035
0.165766173370692, 0.35555555555555557, 0.015346418891474775
0.17553481010664823, 0.35555555555555557, 0.005058042669342926
0.15211009505502776, 0.35555555555555557, 0.00262651546417393
0.16540230483662424, 0.35555555555555557, 0.009929969057910045
0.22483085136766118, 0.35555555555555557, 0.002253801908485033
0.1408067975936143, 0.35555555555555557, 0.005573366114795478
0.1605158865604669, 0.35555555555555557, 0.0012490029531922056
0.1642360638705394, 0.35555555555555557, 0.004040194988905795
0.12886330733874368, 0.35555555555555557, 0.020733685794961286
0.14016973156063928, 0.35555555555555557, 0.006263857473714007
0.15315101747792634, 0.35555555555555557, 0.001963259321878769
0.1686057933971925, 0.35555555555555557, 0.008768343650200456
0.19435394936696926, 0.35555555555555557, 0.01343556140725157
0.1932067873044435, 0.35555555555555557, 0.014583452535554469
0.19997368312946773, 0.35555555555555557, 0.004066048553955307
0.1558521946438326, 0.35555555555555557, 0.007030100518097489
0.2158307591541957, 0.35555555555555557, 0.0007025317342045881
0.2284411872811344, 0.35555555555555557, 0.013296798945419654
0.200395948390239, 0.35555555555555557, 0.013901491894615783
0.22450229421528328, 0.35555555555555557, 0.007447672776709921
0.16923157415758677, 0.35555555555555557, 0.04318776967167859
0.26780701261880757, 0.35555555555555557, 0.0010368908036434555
0.24070234953135392, 0.35555555555555557, 0.014861089891226347
0.11556874317774901, 0.35555555555555557, 0.0002403658184767919
0.2777733489275935, 0.35555555555555557, 0.02375908722268292
0.26946181404168257, 0.35555555555555557, 9.364013383913855e-05
0.16898897960909204, 0.35555555555555557, 0.019240316768762637
0.18970091294643876, 0.35555555555555557, 0.0032975023035322717
0.1476451199419052, 0.35555555555555557, 0.011019658780946405
0.2979501812356442, 0.35555555555555557, 0.00341080266955904
0.11892106345888652, 0.35555555555555557, 0.0075762806733814785
0.2102451919491138, 0.35555555555555557, 0.013859707417023163
0.05410915449998793, 0.35555555555555557, 0.011714365944838935
0.22615234203990678, 0.35555555555555557, 0.023369822949836257
0.13208807895299202, 0.35555555555555557, 0.04311846036583424
0.2203862188828612, 0.35555555555555557, 0.0002718679389274774
0.22882763391242866, 0.35555555555555557, 0.04211369306037111
0.1290169427135352, 0.35555555555555557, 0.023195185347905937
0.1938945338006626, 0.35555555555555557, 0.0023618785043787957
0.22251776227651218, 0.35555555555555557, 0.003990222831858594
0.18210091667220496, 0.35555555555555557, 0.008270964230384847
0.22500178392774509, 0.35555555555555557, 0.010856644275623183
0.19845462306711548, 0.35555555555555557, 0.0020418885023426405
0.2793237337285122, 0.35555555555555557, 0.006880654310129665
0.1561214970584115, 0.35555555555555557, 0.00568896647267261
0.19739929129799821, 0.35555555555555557, 0.018006220760310165
0.1748439871680828, 0.35555555555555557, 0.00484718401010011
0.24508948005418363, 0.35555555555555557, 0.024433675022640128
0.12705760241217706, 0.35555555555555557, 0.016761066590472266
0.25311429933297863, 0.35555555555555557, 0.0011716779798444101
0.20880625399708397, 0.35555555555555557, 0.011001487506224974
0.24597647555898286, 0.35555555555555557, 0.002864209014102741
0.1871816688758545, 0.35555555555555557, 0.006810214433557723
0.23529671268963584, 0.35555555555555557, 0.010690132272660878
0.3325617853882179, 0.35555555555555557, 0.011594805190148976
0.21973216290337355, 0.35555555555555557, 0.0009048409435186387
0.1413816595862708, 0.35555555555555557, 0.007789475451534414
0.24027641938500788, 0.35555555555555557, 0.004293130482663936
0.26653845352785077, 0.35555555555555557, 0.004424216537491184
0.24115874896422118, 0.35555555555555557, 0.002846713298774724
0.11610081223607462, 0.35555555555555557, 0.006830602693063792
0.20622116357452802, 0.35555555555555557, 0.015386252460133823
0.26275450705757586, 0.35555555555555557, 0.02951547040219871
0.21504589121991902, 0.35555555555555557, 0.00314600142896554
0.24503186564412732, 0.35555555555555557, 0.0016879223934985602
0.2530486190612484, 0.35555555555555557, 0.02713224473904423
0.24383951559755787, 0.35555555555555557, 0.020531359643490853
0.2623307231815763, 0.35555555555555557, 0.006189512689522261
0.23170353790811832, 0.35555555555555557, 0.007524533600309174
0.18408803927599696, 0.35555555555555557, 0.009096921373038261
0.29257065413735617, 0.35555555555555557, 0.018173181441089765
0.23258740400449104, 0.35555555555555557, 0.020549455211386163
0.1341290476833375, 0.35555555555555557, 0.0029211276364397606
0.13477773623631106, 0.35555555555555557, 0.024422558535488248
0.2324154926855161, 0.35555555555555557, 0.0014204602867886721
0.17367061543494794, 0.35555555555555557, 0.001316172251700604
0.24629564660329936, 0.35555555555555557, 0.021046799258538158
0.10561262026784152, 0.35555555555555557, 0.00177363487410838
0.20161855318369554, 0.35555555555555557, 0.024684075754933706
0.17971638102175552, 0.35555555555555557, 0.009880133974323232
0.24690249972554962, 0.35555555555555557, 0.0046511841741655145
0.17332556208418412, 0.35555555555555557, 0.014448119145471665
0.17271535362569723, 0.35555555555555557, 0.009405487670844573
0.24205281707018353, 0.35555555555555557, 0.006940942828558102
0.16863157409709628, 0.35555555555555557, 0.046757642423476846
0.14607708801333955, 0.35555555555555557, 0.011028983638064475
0.19142988575121495, 0.35555555555555557, 0.004825043755851313
0.20633594812183695, 0.35555555555555557, 0.0004023336681005119
0.19842273733855667, 0.35555555555555557, 0.006867175672733756
0.16738201910810538, 0.35555555555555557, 0.00746118686196878
0.1695606330364719, 0.35555555555555557, 0.009133453380178576
0.1983008258708517, 0.35555555555555557, 0.0078352570722655
0.13702905311817276, 0.35555555555555557, 0.006003300882537591
0.1974205262816614, 0.35555555555555557, 0.0004468992415294144
0.17581517447857492, 0.35555555555555557, 0.0026061059534429427
0.1945738667578645, 0.35555555555555557, 0.004523283053101761
0.23338300486202723, 0.35555555555555557, 0.003522578157771616
0.2149851137173476, 0.35555555555555557, 0.014829189178379913
0.24492918051992507, 0.35555555555555557, 0.0056410850275580866
0.24144925507118492, 0.35555555555555557, 0.042312334707599035
0.08402724706403022, 0.35555555555555557, 0.007831810225111981
0.20945018568467308, 0.35555555555555557, 0.015869811936334712
0.24018871875596826, 0.35555555555555557, 0.009702798444683792
0.1448353185718613, 0.35555555555555557, 0.0021082331678867897
0.2535612953883165, 0.35555555555555557, 0.002563009680131883
0.19516023700746332, 0.35555555555555557, 0.003456804151989886
0.1602544308703951, 0.35555555555555557, 0.01125512511141569
0.2019673483265216, 0.35555555555555557, 0.009619266304145424
0.1931437536467445, 0.35555555555555557, 0.005509805458563578
0.19099959552183005, 0.35555555555555557, 0.0032887679954861646
0.3089574042306064, 0.35555555555555557, 0.00521900205779116
0.31456738938529577, 0.35555555555555557, 0.008196105228047479
0.14436197556606142, 0.35555555555555557, 0.0027158137208373604
0.17215114114537475, 0.35555555555555557, 0.004547429513591682
0.16286515666363788, 0.35555555555555557, 0.012486469016556015
0.16647185081739427, 0.35555555555555557, 0.011130876780527267
0.16583600522618128, 0.35555555555555557, 0.01298276298399045
0.23860349318819463, 0.35555555555555557, 0.009061003816369373
0.2384300218750732, 0.35555555555555557, 0.009183541968682573
0.28139675591146185, 0.35555555555555557, 0.00501016071154232
0.2130727605901381, 0.35555555555555557, 0.008317439349465446
0.19829812431883242, 0.35555555555555557, 0.012770108664161658
0.1732199500703928, 0.35555555555555557, 0.0015067018883156349
0.22652054352028736, 0.35555555555555557, 0.01284448477002626
0.14749210794827822, 0.35555555555555557, 0.008595613439507157
0.21698401009396734, 0.35555555555555557, 0.0008280236786590372
0.21550825411374766, 0.35555555555555557, 0.004829074464137277
0.18342175118692253, 0.35555555555555557, 0.008670027198168449
0.1544348451570535, 0.35555555555555557, 0.013499560302989608
0.21885386458752215, 0.35555555555555557, 0.002695403704350362
0.15261802741963248, 0.35555555555555557, 0.0004880700191219093
0.17582767059125476, 0.35555555555555557, 0.013816229865645338
0.23357060005429942, 0.35555555555555557, 0.002229213710279104
0.14763932688544934, 0.35555555555555557, 0.0023269349281572526
0.1609973929479069, 0.35555555555555557, 0.0015671589267110258
0.26673774969117703, 0.35555555555555557, 0.001594791388826309
0.17331485229446342, 0.35555555555555557, 0.004347450279407483
0.10424364411511616, 0.35555555555555557, 0.0023190785180670676
0.14507625284889927, 0.35555555555555557, 0.0013862435169671211
0.23913287845510545, 0.35555555555555557, 0.0010884622743637172
0.2747972805980628, 0.35555555555555557, 0.004719698745829051
0.2417812006194498, 0.35555555555555557, 0.025650988333600723
0.1892532512812789, 0.35555555555555557, 0.013223696062507452
0.26276153979552413, 0.35555555555555557, 0.003977397027698239
0.11901854939938684, 0.35555555555555557, 0.014317154648510636
0.15482292434361553, 0.35555555555555557, 0.0013634630519542106
0.22460180200227536, 0.35555555555555557, 0.0015227941337116293
0.14662843710651324, 0.35555555555555557, 0.002542711300040339
0.28273926589960724, 0.35555555555555557, 0.0013366489719114402
0.22633760396967348, 0.35555555555555557, 0.02105169030555834
0.15468123690834898, 0.35555555555555557, 0.0008134514687697942
0.2016217161143205, 0.35555555555555557, 0.011586339409840295
0.24754224167066471, 0.35555555555555557, 0.037019598885679024
0.2247705087966242, 0.35555555555555557, 0.019016046254045276
0.20878016808616892, 0.35555555555555557, 0.014809722097613724
0.23361715775421374, 0.35555555555555557, 0.01018716577387164
0.19033584666200962, 0.35555555555555557, 0.006275717729444024
0.1920668009917564, 0.35555555555555557, 0.006063221035274295
0.22490755308215724, 0.35555555555555557, 0.0015570560118138071
0.15468667472831038, 0.35555555555555557, 0.0023535992375168634
0.14174868229123722, 0.35555555555555557, 0.005283322311435529
0.26896321627561354, 0.35555555555555557, 0.014865028913353522
0.2391223352879706, 0.35555555555555557, 0.02355634085099695
0.26534322820576245, 0.35555555555555557, 0.0010497221544837156
0.16103896061793233, 0.35555555555555557, 0.0011863235320755626
0.19437176951892005, 0.35555555555555557, 0.0009056709414339745
0.20150690091500084, 0.35555555555555557, 0.014152631468488963
0.18900230450980993, 0.35555555555555557, 0.01650215990699756
0.23356112659203795, 0.35555555555555557, 0.009279272791905184
0.17957111732713513, 0.35555555555555557, 0.007098178174581784
0.30517277200938986, 0.35555555555555557, 0.017941078372621908
0.20047318305990222, 0.35555555555555557, 0.003103059033709746
0.15060410209463115, 0.35555555555555557, 0.0006537322114348316
0.17617665704317545, 0.35555555555555557, 0.02446377990337509
0.15903573700357093, 0.35555555555555557, 0.019095154143022854
0.3036493159744136, 0.35555555555555557, 0.0015261234181830141
0.1580511420008942, 0.35555555555555557, 0.010472813761916468
0.20555820107056913, 0.35555555555555557, 0.004292339637867375
0.2038885542212125, 0.35555555555555557, 0.01676163776815849
0.2556551623357757, 0.35555555555555557, 0.003290995846411189
0.1357520405426495, 0.35555555555555557, 0.014803484631739179
0.21492302571797486, 0.35555555555555557, 0.004735040491705241
0.17617360230919218, 0.35555555555555557, 0.0023985197941735793
0.14157935711766056, 0.35555555555555557, 0.0095586270000009
0.1400099798212017, 0.35555555555555557, 0.00017629728942001715
0.12087554354340067, 0.35555555555555557, 0.007222993856059388
0.2804456661924236, 0.35555555555555557, 0.006256951586099828
0.20538763782631944, 0.35555555555555557, 9.112070558109937e-05
0.29515087822211095, 0.35555555555555557, 0.0001904692336201262
0.217701183007006, 0.35555555555555557, 0.02587842768709038
0.23785730481758288, 0.35555555555555557, 0.029805562919460373
0.2137427935680775, 0.35555555555555557, 0.038561903002911235
0.10827497772099332, 0.35555555555555557, 0.002947186136938952
0.12862814518358678, 0.35555555555555557, 0.011655565036872267
0.18737000944473856, 0.35555555555555557, 0.0013379590981019058
0.1688150713786617, 0.35555555555555557, 0.001141069006095386
0.10537109015329348, 0.35555555555555557, 0.013903278998326152
0.19797946992551696, 0.35555555555555557, 0.004461703403237192
0.19278956559861304, 0.35555555555555557, 0.012484279110262836
0.2375657574277201, 0.35555555555555557, 0.024824534967923462
0.22894686456587285, 0.35555555555555557, 0.008814551288042217
0.2109187853043218, 0.35555555555555557, 0.010130538669384133
0.1755346863545545, 0.35555555555555557, 0.0035524684932279615
0.09912865140342438, 0.35555555555555557, 0.005991527164867096
0.2290414415404845, 0.35555555555555557, 0.009095405484364777
0.14097762653925275, 0.35555555555555557, 0.014744663878803752
0.16719362650734199, 0.35555555555555557, 0.018136886367363134
0.25421858791296353, 0.35555555555555557, 0.013130707397430445
0.24282568335003252, 0.35555555555555557, 0.004186319141158717
0.13103500403374072, 0.35555555555555557, 0.009048008057767306
0.17921167296399906, 0.35555555555555557, 0.03326763559529355
0.24962152791246023, 0.35555555555555557, 0.0008098183780345367
0.17939483972034398, 0.35555555555555557, 0.012319549528496366
0.20246608703033972, 0.35555555555555557, 0.0068174128536217975
0.23985222846548848, 0.35555555555555557, 0.03210566256604896
0.11611661386826348, 0.35555555555555557, 0.01999107389323374
0.13059771757714228, 0.35555555555555557, 0.00045385723828260947
0.19294528917425863, 0.35555555555555557, 0.0018679434751349673
0.1717311289408252, 0.35555555555555557, 0.010617528063237737
0.24918736429958102, 0.35555555555555557, 0.0058365111349841185
0.1874062380373082, 0.35555555555555557, 0.005477528418955811
0.27252068550506947, 0.35555555555555557, 0.004724163781559909
0.20338471972982286, 0.35555555555555557, 0.0029223947537176487
0.1853436411981358, 0.35555555555555557, 0.0007971177743549122
0.18335541773877345, 0.35555555555555557, 0.027647779981776425
0.175991649432873, 0.35555555555555557, 0.007049234791730455
0.2431772840229963, 0.35555555555555557, 0.004521816389450767
0.22006618780870876, 0.35555555555555557, 0.0037593957647463565
0.24279053085540808, 0.35555555555555557, 0.008122198801288533
0.12286991519792144, 0.35555555555555557, 0.001527096017117128
0.29788500908098847, 0.35555555555555557, 0.023013816738057625
0.26033502582134693, 0.35555555555555557, 0.0038460218453106173
0.2670213105544247, 0.35555555555555557, 0.001845394608106558
0.14859592293138307, 0.35555555555555557, 0.003774846354742094
0.15700891446266718, 0.35555555555555557, 0.004749447265100869
0.19020254039367693, 0.35555555555555557, 0.011517520099820516
0.19156594753910297, 0.35555555555555557, 0.006228235361142146
0.21548360057774374, 0.35555555555555557, 0.017322419659296914
0.1773289301782366, 0.35555555555555557, 0.009397841642091552
0.21733810903511966, 0.35555555555555557, 0.01828510101490171
0.20485214571072666, 0.35555555555555557, 0.00836747781619064
0.18354926074105127, 0.35555555555555557, 0.005440323027352742
0.20513787228727182, 0.35555555555555557, 0.023921900500313387
0.20397147844413793, 0.35555555555555557, 0.0008623707801464489
0.11179062074697232, 0.35555555555555557, 0.0061518740640317945
0.20172916489357473, 0.35555555555555557, 0.006988956143477289
0.22174779234671488, 0.35555555555555557, 0.009572004271943485
0.23826299952502294, 0.35555555555555557, 0.0025563828456299093
0.14467239076894098, 0.35555555555555557, 0.0038214108602982024
0.028954217636604662, 0.35555555555555557, 0.012307235284673382
0.285721283074409, 0.35555555555555557, 0.008146773495989783
0.20093530353350514, 0.35555555555555557, 0.0482373112598341
0.2785631341886326, 0.35555555555555557, 0.012683993382979458
0.20466478145180578, 0.35555555555555557, 0.005822125548418028
0.21987007657760615, 0.35555555555555557, 0.013455356511642808
0.23331138250221434, 0.35555555555555557, 0.0021021776642658817
0.14897967932471626, 0.35555555555555557, 0.0014902173232975012
0.29292175844713925, 0.35555555555555557, 0.0010827072193563543
0.14300944865837004, 0.35555555555555557, 0.00943965401774782
0.23376315344289578, 0.35555555555555557, 0.0009919521696104805
0.19309999948869694, 0.35555555555555557, 0.006133988850042507
0.16451925436792328, 0.35555555555555557, 0.013677593257225796
0.12109641407820272, 0.35555555555555557, 0.006342540964899834
0.20439376432767142, 0.35555555555555557, 0.023848550637012043
0.23531303800134332, 0.35555555555555557, 0.006541577316477529
0.1932724648005877, 0.35555555555555557, 0.012143658246425423
0.18713860655018336, 0.35555555555555557, 0.0017127088805618516
0.1523053240331214, 0.35555555555555557, 0.0028137508925642463
0.2211802048806507, 0.35555555555555557, 0.022781894679101432
0.22297587489280532, 0.35555555555555557, 0.00394622889815368
0.2593320437647215, 0.35555555555555557, 0.008980056711315257
0.20845434831064003, 0.35555555555555557, 0.0028323829538709788
0.20294055786887089, 0.35555555555555557, 0.001398705763076822
0.22452241506549803, 0.35555555555555557, 0.0007597267021794109
0.19550224225607904, 0.35555555555555557, 0.0066809161874703486
0.2905897256917263, 0.35555555555555557, 0.010830971395639644
0.15791961885085215, 0.35555555555555557, 0.006894605317280207
0.1659213070181188, 0.35555555555555557, 0.0038639123955179987
0.20647240121978502, 0.35555555555555557, 0.003755483356568773
0.14398103289271805, 0.35555555555555557, 0.002212103311498575
0.2352161185742056, 0.35555555555555557, 0.006840897049964949
0.23484387427994843, 0.35555555555555557, 0.0062256066293319085
0.2273261005419293, 0.35555555555555557, 0.003601825527176629
0.32207025665385913, 0.35555555555555557, 0.004901999576005495
0.16285135493559588, 0.35555555555555557, 0.006289231000267478
0.18826770237696847, 0.35555555555555557, 0.014841291601042963
0.2083679555562423, 0.35555555555555557, 0.05445957618691569
0.2008189442241169, 0.35555555555555557, 0.0065653783744582216
0.2294452456639511, 0.35555555555555557, 0.004631400977321602
0.264336970344881, 0.35555555555555557, 0.010864842874207158
0.18507084857143313, 0.35555555555555557, 0.009357339009486479
0.1942142471338633, 0.35555555555555557, 0.016801078271472328
0.21727296097912324, 0.35555555555555557, 0.024009455967296155
0.19431879826922072, 0.35555555555555557, 0.0009028841356236473
0.21437959141425508, 0.35555555555555557, 0.0034705830671108006
0.17432672186495207, 0.35555555555555557, 0.001463939802895977
0.1912847000020347, 0.35555555555555557, 0.0032614335363886017
0.24822658242783407, 0.35555555555555557, 0.008848589934535045
0.17842792565165128, 0.35555555555555557, 0.009175609591657927
0.15684495090441491, 0.35555555555555557, 0.005790166926130568
0.20010485642181264, 0.35555555555555557, 0.005537835459595137
0.20373240218953526, 0.35555555555555557, 0.00928956849076753
0.19214106012267992, 0.35555555555555557, 0.010998595992218214
0.10415595817690082, 0.35555555555555557, 0.003851380525281739
0.15897662034624446, 0.35555555555555557, 0.007509001456350497
0.20978851684549626, 0.35555555555555557, 0.018527771370107627
0.16736068966909906, 0.35555555555555557, 0.005828796307307236
0.248274206194098, 0.35555555555555557, 0.006122625344207604
0.2187983520130816, 0.35555555555555557, 0.004736966871310805
0.2360812953181694, 0.35555555555555557, 0.022565033379010616
0.23475628543250027, 0.35555555555555557, 0.001252243630238681
0.2049508271205599, 0.35555555555555557, 0.04008363962903615
0.20393337890420277, 0.35555555555555557, 0.0063432298919676305
0.23276710416670646, 0.35555555555555557, 0.0012880289150185565
0.23471856631002913, 0.35555555555555557, 0.005369967197482642
0.17020242718803844, 0.35555555555555557, 0.005246330297851724
0.22996546276976063, 0.35555555555555557, 0.0020429540582569284
0.18532489125275448, 0.35555555555555557, 0.0032217313357460623
0.14101015642171932, 0.35555555555555557, 0.0024407383232985516
0.2099833667551529, 0.35555555555555557, 0.002268672872858017
0.11026981937069258, 0.35555555555555557, 0.018511507876400355
0.22567426480294125, 0.35555555555555557, 0.004943633101449949
0.21425468735240805, 0.35555555555555557, 0.0013849887845106988
0.250011824131762, 0.35555555555555557, 0.0008699808719977451
0.12471037957605097, 0.35555555555555557, 0.0017832744048598365
0.14150617265494755, 0.35555555555555557, 0.005026221142596616
0.19561033286179572, 0.35555555555555557, 0.008865540914195967
0.18963054635051263, 0.35555555555555557, 0.004034769540429758
0.12063163030613416, 0.35555555555555557, 0.02019041113442342
0.18775826259289358, 0.35555555555555557, 0.0026811794209883233
0.2206143851890925, 0.35555555555555557, 0.010752980656900585
0.16017379984861885, 0.35555555555555557, 0.028864453856942026
0.22239847409544589, 0.35555555555555557, 0.0030956599071957215
0.22545722415053543, 0.35555555555555557, 0.005614574605788016
0.1923952455636084, 0.35555555555555557, 0.0028891106000068162
0.2367469013666979, 0.35555555555555557, 0.007189710518810077
0.237823074532429, 0.35555555555555557, 0.008496617582485025
0.24655193356828287, 0.35555555555555557, 0.0013797696996129239
0.11390172425899765, 0.35555555555555557, 0.00502079544053512
0.3343676285387588, 0.35555555555555557, 0.04935055940907822
0.16125744022539062, 0.35555555555555557, 0.005548269652666199
0.21405582616564606, 0.35555555555555557, 0.006808981356197959
0.26091307458914975, 0.35555555555555557, 0.026687430773584275
0.13729620972206397, 0.35555555555555557, 0.006635958309354666
0.275038076150745, 0.35555555555555557, 0.005628898539394927
0.2499897776024953, 0.35555555555555557, 0.029290485073365728
0.2382242993577918, 0.35555555555555557, 0.0009445605896349256
0.2104350796585183, 0.35555555555555557, 0.005044238505913027
0.21314112592038528, 0.35555555555555557, 0.040937120227433794
0.11735889734315458, 0.35555555555555557, 0.010263324476882076
0.12470454407662707, 0.35555555555555557, 0.000477288347720386
0.1947504696731478, 0.35555555555555557, 0.02074120495175675
0.21111993132948634, 0.35555555555555557, 0.018657543585772377
0.13049147453367288, 0.35555555555555557, 0.0026998648608606833
0.17635990829115755, 0.35555555555555557, 0.00456404099199784
0.31572055585793063, 0.35555555555555557, 0.016147680509029285
0.19525056352010703, 0.35555555555555557, 0.0015355331893404593
0.1767334247288673, 0.35555555555555557, 0.0024975612790635016
0.18554395258394563, 0.35555555555555557, 0.016753530907757323
0.12539247727311237, 0.35555555555555557, 0.0016302274957643022
0.29360453565497563, 0.35555555555555557, 0.003265402932000349
0.20910816704792853, 0.35555555555555557, 0.01173397088563385
0.16759501332113194, 0.35555555555555557, 0.0034422919386011535
0.13434620926307955, 0.35555555555555557, 0.0157072792490172
0.22972353287272068, 0.35555555555555557, 0.020557182265424058
0.2145968281271618, 0.35555555555555557, 0.01170170795255562
0.24061877070349022, 0.35555555555555557, 0.002847724113631418
0.12733077988665142, 0.35555555555555557, 0.00925429842778883
0.1873425222655668, 0.35555555555555557, 0.0012730897516099887
0.2078557901329319, 0.35555555555555557, 2.377111600862621e-05
0.1632077103955739, 0.35555555555555557, 0.03267861217919203
0.21184316427806424, 0.35555555555555557, 0.003671412837382409
0.23610011904428727, 0.35555555555555557, 0.00011759657477409223
0.19275721336589935, 0.35555555555555557, 0.01946567869637841
0.2030136276322749, 0.35555555555555557, 0.003100017949562537
0.3242655798113458, 0.35555555555555557, 0.002239418907366418
0.2548065487869677, 0.35555555555555557, 0.0011131331484818062
0.21782785734404583, 0.35555555555555557, 0.024433637775186534
0.19598361803266412, 0.35555555555555557, 0.003651524394172337
0.23685702459576252, 0.35555555555555557, 0.0003546341102671
0.28677493208559446, 0.35555555555555557, 0.010697712899436005
0.12332230455337186, 0.35555555555555557, 0.013525376492480048
0.1368213823398414, 0.35555555555555557, 0.0013344908899598656
0.21040742695016373, 0.35555555555555557, 0.012151019283224809
0.16316689972928136, 0.35555555555555557, 0.0012764862276727262
0.12941354679849704, 0.35555555555555557, 0.00859101219024536
0.18063857840950082, 0.35555555555555557, 0.034580511594374495
0.12969768006403076, 0.35555555555555557, 0.004704160492054083
0.1921043172629496, 0.35555555555555557, 0.008695739265126267
0.19308389761491304, 0.35555555555555557, 0.008114398083749188
0.24299243718030747, 0.35555555555555557, 0.007907306019327041
0.1188126446192425, 0.35555555555555557, 0.012991786439379089
0.1053868259932177, 0.35555555555555557, 0.00520846790683591
0.22372930228834823, 0.35555555555555557, 0.009947827556898643
0.22398962186527913, 0.35555555555555557, 0.0012364928960834016
0.14570150921011688, 0.35555555555555557, 0.002631508562571545
0.2585745794374697, 0.35555555555555557, 0.006538268369905256
0.1366453539919506, 0.35555555555555557, 0.023220304383661152
0.23155376900284547, 0.35555555555555557, 0.009040374161441898
0.24003234587293007, 0.35555555555555557, 0.003826628422529329
0.18994951982526131, 0.35555555555555557, 0.0036590195643613588
0.15607934323810935, 0.35555555555555557, 0.0004149283658792763
0.16535459857528195, 0.35555555555555557, 0.0005218666925676882
0.11738729917463331, 0.35555555555555557, 0.0027878220598838836
0.14370114021633545, 0.35555555555555557, 0.007007852376958944
0.2053138721119067, 0.35555555555555557, 0.000336634115643348
0.1313438549180729, 0.35555555555555557, 0.002066231819650425
0.23627092456100002, 0.35555555555555557, 0.0018259804351426013
0.16242478744384783, 0.35555555555555557, 0.00976091303502632
0.14370463291581878, 0.35555555555555557, 0.02543391702282255
0.2094068932177491, 0.35555555555555557, 0.014033850953134187
0.1415921945631779, 0.35555555555555557, 0.001579078610019152
0.16703557441836903, 0.35555555555555557, 0.01109547822345949
0.185434367063802, 0.35555555555555557, 0.022643594152535574
0.15307197288183852, 0.35555555555555557, 0.015759532495681017
0.3087407509535559, 0.35555555555555557, 0.005740307121699852
0.20069339266149644, 0.35555555555555557, 0.01940817811932907
0.23501938825663898, 0.35555555555555557, 0.0028599415388624056
0.1914684696925376, 0.35555555555555557, 0.007814294606803916
0.254347749787058, 0.35555555555555557, 0.011957770255197833
0.2138608919346782, 0.35555555555555557, 0.007143704656402256
0.2574691003883762, 0.35555555555555557, 0.004150958746450525
0.17256996365870042, 0.35555555555555557, 0.013663998284019598
0.17300392714444823, 0.35555555555555557, 0.007694645777567399
0.2939163493084346, 0.35555555555555557, 0.009141865957148575
0.21188139830533784, 0.35555555555555557, 0.0015352700796109901
0.19269827366785738, 0.35555555555555557, 0.0019140535652260528
0.21393957545243084, 0.35555555555555557, 0.0026488066493396967
0.25976078795700486, 0.35555555555555557, 0.00569165330264479
0.2520091231182614, 0.35555555555555557, 0.006300357607446363
0.1873621405731017, 0.35555555555555557, 0.0005002307394843379
0.1928699364449285, 0.35555555555555557, 0.002741818697498011
0.1993152080994776, 0.35555555555555557, 0.002936254630775583
0.1581960932863427, 0.35555555555555557, 0.02849597585334841
0.2127389739832645, 0.35555555555555557, 0.0032084524268083717
0.1628172225186788, 0.35555555555555557, 0.005583143747342646
0.11935558845663474, 0.35555555555555557, 0.006023421132113724
0.18787176846781845, 0.35555555555555557, 0.004768847729023018
0.26231712920442946, 0.35555555555555557, 0.0015211636679116276
0.14495593601239382, 0.35555555555555557, 0.008607389842209021
0.30625043759294507, 0.35555555555555557, 0.0004683989058327712
0.16767013120801988, 0.35555555555555557, 0.006982636105729399
0.18522446031445725, 0.35555555555555557, 0.015399977665954651
0.1980512179037765, 0.35555555555555557, 0.006012609385190592
0.25314013995258167, 0.35555555555555557, 0.01216267562950708
0.21638607637026624, 0.35555555555555557, 0.0030874057504956293
0.1394523481143951, 0.35555555555555557, 0.00917003237654624
0.21061698313971933, 0.35555555555555557, 0.01420250281419634
0.16592096915824803, 0.35555555555555557, 0.006109679557895377
0.20564784045098644, 0.35555555555555557, 0.0029455765027248176
0.21579775937826953, 0.35555555555555557, 0.006889512848650641
0.17261464844133342, 0.35555555555555557, 0.004364619924496313
0.21976526423973597, 0.35555555555555557, 0.05273449688176433
0.19396593045383748, 0.35555555555555557, 0.002055601164159935
0.2539399368301901, 0.35555555555555557, 0.0034381825983315997
0.27770624955207024, 0.35555555555555557, 0.010647954445688085
0.2096367639395996, 0.35555555555555557, 0.029508601427676227
0.246433758970373, 0.35555555555555557, 0.009197323080900459
0.13174054706939858, 0.35555555555555557, 0.0036825118131680796
0.1929726509311442, 0.35555555555555557, 0.007726029865677307
0.2319349503866046, 0.35555555555555557, 0.010129651552250972
0.24510452054034568, 0.35555555555555557, 0.006199247692640496
0.21148696580160947, 0.35555555555555557, 0.019625186164172748
0.12061208469469042, 0.35555555555555557, 0.023684210407723796
0.2365452735693752, 0.35555555555555557, 0.005332911588623952
0.1309727679235026, 0.35555555555555557, 0.0006187562673689033
0.22280776292154358, 0.35555555555555557, 0.0009162846168341764
0.25207125072745645, 0.35555555555555557, 0.004528731978333864
0.19860350239371433, 0.35555555555555557, 0.0021976927695572567
0.1751559135861938, 0.35555555555555557, 0.001998436395533995
0.2453031384401737, 0.35555555555555557, 0.0003500685905692452
0.16301674152354356, 0.35555555555555557, 0.0231614334007426
0.2061433545427757, 0.35555555555555557, 0.00796461998184727
0.28236834322811216, 0.35555555555555557, 0.007624043764085392
0.24022957133722633, 0.35555555555555557, 0.001843169367485168
0.26739051067578407, 0.35555555555555557, 0.004388454313892834
0.19209501449312363, 0.35555555555555557, 0.003938977146664256
0.28377202457331707, 0.35555555555555557, 0.012847438731917356
0.12407324887061817, 0.35555555555555557, 0.008848913163640636
0.18036482050831742, 0.35555555555555557, 0.00018888397859858993
0.1506232944304121, 0.35555555555555557, 0.012695539616684364
0.23446155661507917, 0.35555555555555557, 0.0075605881213163815
0.18007826060140145, 0.35555555555555557, 0.008565470726995452
0.227134469010266, 0.35555555555555557, 0.009964820494316337
0.2499835738569808, 0.35555555555555557, 0.029268962770382267
0.11251901837707864, 0.35555555555555557, 0.0050575311612822416
0.22104383615453616, 0.35555555555555557, 0.0011892064338159486
0.1811024146112449, 0.35555555555555557, 0.001310591069111239
0.2427793762682208, 0.35555555555555557, 0.008557714944897734
0.2094763418370324, 0.35555555555555557, 0.0033732032420235713
0.12315296562442762, 0.35555555555555557, 0.0027073602223571767
0.21414929252436263, 0.35555555555555557, 0.0005422701010870798
0.17669967769427664, 0.35555555555555557, 0.0017029738736167204
0.15742415771652513, 0.35555555555555557, 0.010417952514528402
0.2107147888864475, 0.35555555555555557, 0.006637127277314171
0.2430051801131209, 0.35555555555555557, 0.010315607489298929
0.1086112658020547, 0.35555555555555557, 0.004853646221168095
0.23693967823939976, 0.35555555555555557, 0.004850774579389004
0.23150234635047512, 0.35555555555555557, 0.006745959417984122
0.19747475454382976, 0.35555555555555557, 0.0038864796180242377
0.2752674704022605, 0.35555555555555557, 0.009145601459505891
0.19972386613539178, 0.35555555555555557, 0.005810553478977776
0.19311679922540956, 0.35555555555555557, 0.0011477051903115158
0.17438149797969887, 0.35555555555555557, 0.033093981483242677
0.21630329330564815, 0.35555555555555557, 0.015032157099378099
0.2639713296440694, 0.35555555555555557, 0.004304870749824522
0.21657325216231693, 0.35555555555555557, 0.008951694423286697
0.18878181440709227, 0.35555555555555557, 0.014460118272909127
0.20476151542485885, 0.35555555555555557, 0.002378288368436742
0.16491865832945637, 0.35555555555555557, 0.010963223018587097
0.16350266833411417, 0.35555555555555557, 0.005413650081516838
0.14276347489397379, 0.35555555555555557, 0.009618281842810798
0.2082220425299211, 0.35555555555555557, 0.013030338604378213
0.18272326858673948, 0.35555555555555557, 0.013049354972375792
0.26586979108073294, 0.35555555555555557, 0.012099764791542629
0.22025968667023588, 0.35555555555555557, 0.014983625446214496
0.263320831045457, 0.35555555555555557, 0.003346152194929965
0.25481091209955015, 0.35555555555555557, 0.004007752188899123
0.22520100813885638, 0.35555555555555557, 0.007612851506734774
0.23636060131901765, 0.35555555555555557, 0.009604124515605649
0.1997113908075319, 0.35555555555555557, 0.00293128498447134
0.21617088877926544, 0.35555555555555557, 0.032584018357477665
0.1527301258131891, 0.35555555555555557, 0.00852911675082286
0.14932471736292063, 0.35555555555555557, 0.02241076099214147
0.22036539169563168, 0.35555555555555557, 0.0010184274646005
0.2138468710854613, 0.35555555555555557, 0.009517125187581792
0.21189857232861012, 0.35555555555555557, 0.00021051193901860078
0.16816076665085936, 0.35555555555555557, 0.0034567202306115
0.24560703850035578, 0.35555555555555557, 0.0019823332851339943
0.11679642103700105, 0.35555555555555557, 0.005742396422556045
0.25020076961430376, 0.35555555555555557, 0.0032153938778011737
0.20050494417764608, 0.35555555555555557, 0.0019814292674849117
0.1653395174480818, 0.35555555555555557, 0.009337401180778599
0.24123054886900366, 0.35555555555555557, 0.004506190478563398
0.26258209868894866, 0.35555555555555557, 0.0036600221045523526
0.2747809645100404, 0.35555555555555557, 0.009255837481243569
0.19042179568050976, 0.35555555555555557, 0.00016663045244299021
0.26972308875000883, 0.35555555555555557, 0.004318137702354213
0.1858525717572275, 0.35555555555555557, 0.004915907015997799
0.16496471232763, 0.35555555555555557, 0.0025472266733607223
0.3190008538041895, 0.35555555555555557, 0.01404626938634578
0.14873631064691928, 0.35555555555555557, 0.002945979826315311
0.17932960751557314, 0.35555555555555557, 0.011354214617348217
0.26621917055295424, 0.35555555555555557, 0.04043316388534079
0.19916147937139508, 0.35555555555555557, 0.000992696099610743
0.1946034806957328, 0.35555555555555557, 0.01609737860199899
0.23864274455484677, 0.35555555555555557, 0.00962348916123308
0.20416635360333454, 0.35555555555555557, 0.004466704574029242
0.1321212897109159, 0.35555555555555557, 0.025318954335028107
0.23857467321266532, 0.35555555555555557, 0.008083454111090368
0.2680300157386746, 0.35555555555555557, 0.0027697880280994677
0.1955321162216141, 0.35555555555555557, 0.006121759459041243
0.14078434698881648, 0.35555555555555557, 0.010508309742255887
0.12554524730428784, 0.35555555555555557, 0.001244201485162792
0.27217346112419594, 0.35555555555555557, 0.01039644838483654
0.10247779399156208, 0.35555555555555557, 0.006341723051004201
0.23033558490191997, 0.35555555555555557, 0.006405720397093804
0.12173078492554812, 0.35555555555555557, 0.0054958271596613085
0.2013209728352689, 0.35555555555555557, 0.0030514599865888847
0.1765700587554993, 0.35555555555555557, 0.0015723713269188019
0.22604450746836544, 0.35555555555555557, 0.0017922102971252177
0.20508512137740217, 0.35555555555555557, 0.0030655502197125093
0.22355284263100503, 0.35555555555555557, 0.0016230602636645199
0.26941437476469576, 0.35555555555555557, 0.004433147328624163
0.21883734096374557, 0.35555555555555557, 0.007784007615570395
0.23285163209698906, 0.35555555555555557, 0.0041050233960055705
0.11331448831092455, 0.35555555555555557, 0.0012526027548975182
0.19767392489452132, 0.35555555555555557, 0.007649549384192662
0.2933287144699924, 0.35555555555555557, 0.0002653276733314947
0.21997506937818873, 0.35555555555555557, 0.007688841133931629
0.22921351422582098, 0.35555555555555557, 0.005634047979457442
0.23202882949297787, 0.35555555555555557, 0.017237412279163204
0.17491089727624579, 0.35555555555555557, 0.002542120678002922
0.14418796745845947, 0.35555555555555557, 0.0022073734270799702
0.19557057681904674, 0.35555555555555557, 0.008622016038455589
0.18711464812738993, 0.35555555555555557, 0.002171131318190172
0.17038154124872598, 0.35555555555555557, 0.0013987733429310267
0.17482410295673656, 0.35555555555555557, 0.0021737848684293725
0.14436595118225737, 0.35555555555555557, 0.013777949992253817
0.16775565034065892, 0.35555555555555557, 0.0038473510833873688
0.20055135000416588, 0.35555555555555557, 0.0032607292564916447
0.18081736621511238, 0.35555555555555557, 0.0015008581089762892
0.22890212908453572, 0.35555555555555557, 0.0052341392787473295
0.21019688364869352, 0.35555555555555557, 0.06153818530868824
0.15541782232892917, 0.35555555555555557, 0.04135870945467794
0.2506176282312804, 0.35555555555555557, 0.01650476252326086
0.15722136567411493, 0.35555555555555557, 0.007787576859357451
0.23680498006770018, 0.35555555555555557, 0.009245976561898354
0.2818999532506773, 0.35555555555555557, 0.022359037287891684
0.2452787994536113, 0.35555555555555557, 0.000790051929020957
0.21753961323020687, 0.35555555555555557, 0.014184877324020819
0.15541299756530935, 0.35555555555555557, 0.0026743739480916714
0.24213396935533987, 0.35555555555555557, 0.0023703142909670062
0.22001133709323656, 0.35555555555555557, 0.025211178881381652
0.19164695996031295, 0.35555555555555557, 0.0019334248044498758
0.20416981995341987, 0.35555555555555557, 0.000351924682499518
0.28736604240494323, 0.35555555555555557, 0.007224447693788535
0.22603446179645076, 0.35555555555555557, 0.015040859426137837
0.2888869581048459, 0.35555555555555557, 0.02135001457312025
0.1507396082930872, 0.35555555555555557, 0.0027301004659239124
0.24658514702336273, 0.35555555555555557, 0.0005862741022382605
0.21621909182310423, 0.35555555555555557, 0.00313512804340027
0.1888827367875194, 0.35555555555555557, 0.01861253574963849
0.1703529368803473, 0.35555555555555557, 0.0014103582386843167
0.1319932826774419, 0.35555555555555557, 0.004498406818467949
0.25205555125039114, 0.35555555555555557, 0.005091313172487366
0.20738431472075292, 0.35555555555555557, 0.004069928128882257
0.1585891772025599, 0.35555555555555557, 0.00026142902943119303
0.04700292230705236, 0.35555555555555557, 0.003974851039049942
0.12272312937454406, 0.35555555555555557, 0.015447696304269351
0.1675176574207496, 0.35555555555555557, 0.005048522906978219
0.23872926101511555, 0.35555555555555557, 0.0024356557397590263
0.18810090870042387, 0.35555555555555557, 0.001985386801876328
0.21667327330724828, 0.35555555555555557, 0.0011625136824336614
0.21525754511463774, 0.35555555555555557, 0.0018514077395147806
0.24289051326070155, 0.35555555555555557, 0.015919168888051942
0.14257077246028593, 0.35555555555555557, 0.026052663306637056
0.2778525996686424, 0.35555555555555557, 0.003305556292624287
0.15302533290484566, 0.35555555555555557, 0.005484470853934958
0.1955231820764981, 0.35555555555555557, 0.008318461654111032
0.30232939608667175, 0.35555555555555557, 0.012510863810574245
0.24826809223375879, 0.35555555555555557, 0.04655002023556793
0.11133129538601422, 0.35555555555555557, 0.010417131049535474
0.14626707264277372, 0.35555555555555557, 0.002104744794498405
0.23218397868381482, 0.35555555555555557, 0.0025566147915797445
0.25176293645428227, 0.35555555555555557, 0.007906699666191879
0.14857902000421666, 0.35555555555555557, 0.036636952153871596
0.27499886834142423, 0.35555555555555557, 0.007534040071556464
0.2496103164370245, 0.35555555555555557, 0.009821128845330469
0.1905971212868325, 0.35555555555555557, 0.003414924952501923
0.1457925176182809, 0.35555555555555557, 0.013249291210443773
0.20306167056723204, 0.35555555555555557, 0.03916407142884901
0.1942523719645728, 0.35555555555555557, 0.007200996178439003
0.1828536427491668, 0.35555555555555557, 0.0062176853374197524
0.10203869310571609, 0.35555555555555557, 0.0005480295667884496
0.11562274415591123, 0.35555555555555557, 0.0065025836297740525
0.09613387996055867, 0.35555555555555557, 0.025646509649811227
0.15720408674134845, 0.35555555555555557, 0.00013017485054325203
0.3242532092954079, 0.35555555555555557, 0.016647935761057
0.1833818801937843, 0.35555555555555557, 0.0003207359182199476
0.19769141561707856, 0.35555555555555557, 0.013995169756810184
0.17637947816947994, 0.35555555555555557, 0.006082945539997236
0.2526289792715086, 0.35555555555555557, 0.002419946860831797
0.13898208386248384, 0.35555555555555557, 0.0050439989467286
0.3389634978232612, 0.35555555555555557, 0.005348483293687469
0.2593627529207221, 0.35555555555555557, 0.0009740835539844311
0.24591640849682922, 0.35555555555555557, 0.00433648517872921
0.28882102203708065, 0.35555555555555557, 0.003238721503733597
0.1549018857973231, 0.35555555555555557, 0.012980909828872008
0.26395639246099056, 0.35555555555555557, 0.008262678306542313
0.09427837279622005, 0.35555555555555557, 0.012241724796436098
0.17251169154108137, 0.35555555555555557, 0.005394679053397097
0.14091767890164258, 0.35555555555555557, 0.0011098551979220922
0.29237326540264036, 0.35555555555555557, 0.0036071291324284343
0.2073471145803471, 0.35555555555555557, 0.008123785694530778
0.23475299522970206, 0.35555555555555557, 0.006349600813065266
0.24340044275834127, 0.35555555555555557, 0.014846289108271732
0.2380089695694111, 0.35555555555555557, 0.0015889605121221643
0.19320811047191666, 0.35555555555555557, 0.018776393455815377
0.15258970528962873, 0.35555555555555557, 0.00925293233001602
0.2399425639981675, 0.35555555555555557, 0.0028832596931980207
0.19576515380569945, 0.35555555555555557, 0.006898561667032661
0.20938429398244357, 0.35555555555555557, 0.030938648376665687
0.2585910616014645, 0.35555555555555557, 0.004197550131965971
0.17504388767916673, 0.35555555555555557, 0.007568534860016421
0.15973942265139474, 0.35555555555555557, 0.008754197638753267
0.22349439274893232, 0.35555555555555557, 0.0045865490160813364
0.20424736439769245, 0.35555555555555557, 0.0022112983298854527
0.2271345607786845, 0.35555555555555557, 0.0023545690529837376
0.09239738049701406, 0.35555555555555557, 0.012059562927258016
0.23345697106540203, 0.35555555555555557, 0.008279915568558376
0.282397337111291, 0.35555555555555557, 0.02517398240668038
0.24730656917807245, 0.35555555555555557, 0.0019397127920097348
0.18700728619360496, 0.35555555555555557, 0.0020659443878340194
0.23680568598201512, 0.35555555555555557, 0.021124367336658827
0.10946006090454108, 0.35555555555555557, 0.010504988611428127
0.17659753410330428, 0.35555555555555557, 0.0006222166059697489
0.1469714872840662, 0.35555555555555557, 0.05326231341369836
0.321534066268238, 0.35555555555555557, 0.019747673966356065
0.14715914858181223, 0.35555555555555557, 0.012643226780962726
0.23252459739920306, 0.35555555555555557, 0.0027210198417245003
0.24725217021809912, 0.35555555555555557, 0.01256777800504787
0.0837596128819621, 0.35555555555555557, 0.0040342720264616464
0.2623221238098782, 0.35555555555555557, 0.013580718601219647
0.1996311613641283, 0.35555555555555557, 0.0002881027955123577
0.15810952703720768, 0.35555555555555557, 0.011544675963943535
0.21717540828590393, 0.35555555555555557, 0.02061592500554308
0.2073961856628838, 0.35555555555555557, 0.003799318400694052
0.22636090499570088, 0.35555555555555557, 0.004088827056227415
0.21680246859845592, 0.35555555555555557, 0.014165335378086192
0.24988881719595027, 0.35555555555555557, 0.010603587040613071
0.2520555740374487, 0.35555555555555557, 0.014729371300093694
0.20798750929365203, 0.35555555555555557, 0.003916227423982596
0.2745247388126366, 0.35555555555555557, 0.014993118326518956
0.21269427755957626, 0.35555555555555557, 0.005166465717451833
0.10770714690203148, 0.35555555555555557, 0.008280656999466427
0.26447346945290834, 0.35555555555555557, 0.0016929916198810263
0.23974667975997774, 0.35555555555555557, 0.010680655248626856
0.18847118403079613, 0.35555555555555557, 0.00339562039497901
0.13101277338340506, 0.35555555555555557, 0.006588106929807695
0.3067947363373853, 0.35555555555555557, 0.008869850214918462
0.28633783503758914, 0.35555555555555557, 0.0020448218586542593
0.2631216915465787, 0.35555555555555557, 0.06208825501908876
0.1905468332934245, 0.35555555555555557, 0.000491427156801122
0.1990911641242626, 0.35555555555555557, 0.016348610884755754
0.20531954465239996, 0.35555555555555557, 0.0035997532527253643
0.24679344640504683, 0.35555555555555557, 0.005119451782805907
0.2342488320623906, 0.35555555555555557, 0.00594119931261379
0.20377028702759012, 0.35555555555555557, 0.006500073398391454
0.23525700655891324, 0.35555555555555557, 0.002449675175712879
0.37575864355814326, 0.35555555555555557, 0.0023072348520780076
0.21123420825389602, 0.35555555555555557, 0.002026196294812306
0.1974161304595532, 0.35555555555555557, 0.01046971501020699
0.29577591286620614, 0.35555555555555557, 0.001703185690084399
0.18819810959460623, 0.35555555555555557, 0.008276339423576215
0.22538387243231217, 0.35555555555555557, 0.0020472270555516236
0.32172501525913483, 0.35555555555555557, 0.002695957725156828
0.27795024740364155, 0.35555555555555557, 0.008889072858776015
0.13647270260418942, 0.35555555555555557, 0.009238363230557413
0.20996834998894828, 0.35555555555555557, 0.002617423823000835
0.22330124881454355, 0.35555555555555557, 0.007943190386333565
0.1605932076351314, 0.35555555555555557, 0.006552910387388435
0.22548135190095892, 0.35555555555555557, 0.005779997623966989
0.14795658985518767, 0.35555555555555557, 0.005057161248199286
0.29101606413112313, 0.35555555555555557, 0.0008753661861568788
0.22644793675452915, 0.35555555555555557, 0.01449745730713569
0.21377603626127054, 0.35555555555555557, 0.005811250753382861
0.2183927012188777, 0.35555555555555557, 0.0002918476725228851
0.2268511258804066, 0.35555555555555557, 0.02899700117762722
0.17752207887783236, 0.35555555555555557, 0.00012736989204892491
0.22158590257080577, 0.35555555555555557, 0.00390929185090484
0.2827849336376097, 0.35555555555555557, 0.006163083645285645
0.17615367665483997, 0.35555555555555557, 0.0019925659853969576
0.23225840385937171, 0.35555555555555557, 0.00900728022673994
0.09804678237322027, 0.35555555555555557, 0.0019800049661606776
0.17400912096133112, 0.35555555555555557, 0.008598207841877734
0.23914082224066713, 0.35555555555555557, 0.0066442802021367455
0.2705110917437142, 0.35555555555555557, 0.0025420308859357118
0.15291813884529737, 0.35555555555555557, 0.0008067414094151959
0.2598514630482368, 0.35555555555555557, 0.008218334093280724
0.21667494203701723, 0.35555555555555557, 0.002884565063915336
0.2430124606017801, 0.35555555555555557, 0.009645421694845188
0.23997175995014614, 0.35555555555555557, 0.03793828662830866
0.22319152078075405, 0.35555555555555557, 0.008069227993975763
0.19904457272781392, 0.35555555555555557, 0.009227478672635235
0.15186423604495322, 0.35555555555555557, 0.0009939339031486446
0.2503310944382517, 0.35555555555555557, 0.025027500212240664
0.2645608740116227, 0.35555555555555557, 0.0070676650275188265
0.290510737171094, 0.35555555555555557, 0.004203623429379855
0.1817175982144579, 0.35555555555555557, 0.03382878081689962
0.15288305451105896, 0.35555555555555557, 0.010035672642945184
0.1758313267595099, 0.35555555555555557, 0.00809982816053488
0.15601102010877707, 0.35555555555555557, 0.005647216303800273
0.13229272000605402, 0.35555555555555557, 0.00018241629852859442
0.18621624957687224, 0.35555555555555557, 0.004005708553204453
0.21301652819879305, 0.35555555555555557, 0.023584118082806006
0.21172541865854325, 0.35555555555555557, 0.0014279092959686155
0.2259712552053329, 0.35555555555555557, 0.013972033413709293
0.27250242738172975, 0.35555555555555557, 0.005593219257289758
0.19945649938957125, 0.35555555555555557, 0.011118993469138446
0.27005929414766766, 0.35555555555555557, 0.004821482749556305
0.24219980434939042, 0.35555555555555557, 0.012524465165925477
0.260088927297737, 0.35555555555555557, 0.0041668522985547915
0.19503902660791728, 0.35555555555555557, 0.01404424265676592
0.23918145207417799, 0.35555555555555557, 0.011101001632613775
0.1807062869407799, 0.35555555555555557, 0.0031247315143627776
0.1799326347974716, 0.35555555555555557, 0.0006456308439210441
0.20552577072886608, 0.35555555555555557, 0.002706840495380558
0.2021608429575258, 0.35555555555555557, 0.00905221165537094
0.13815580638117708, 0.35555555555555557, 0.003862447173000652
0.1786635333700006, 0.35555555555555557, 0.013144561598644834
0.18877047576262515, 0.35555555555555557, 0.005755188358824504
0.20537931441138654, 0.35555555555555557, 0.011232080037868315
0.12227434585459522, 0.35555555555555557, 0.0300210821718913
0.2682756591511885, 0.35555555555555557, 0.00357422736663374
0.20155140966917204, 0.35555555555555557, 0.005935588808104829
0.13564133113154214, 0.35555555555555557, 0.005437739764608619
0.24581190328862432, 0.35555555555555557, 0.0018078287216629079
0.11328939661859128, 0.35555555555555557, 0.0019097948100180423
0.11502720743077152, 0.35555555555555557, 0.008378013127996674
0.21001170987811746, 0.35555555555555557, 0.0070117952684689774
0.21403889871111464, 0.35555555555555557, 0.017135540800692104
0.1672614374392662, 0.35555555555555557, 0.0015432652918797158
0.28206444642177864, 0.35555555555555557, 0.00402350439854956
0.24940557802851562, 0.35555555555555557, 0.022315777610646435
0.18455513026321504, 0.35555555555555557, 0.002400419091788627
0.18967161515495753, 0.35555555555555557, 0.006939750126908166
0.18762702664111347, 0.35555555555555557, 0.0013844848129149596
0.18848114288975365, 0.35555555555555557, 0.00021480498605516327
0.2071910059350754, 0.35555555555555557, 0.0025141719115780517
0.2402284569400764, 0.35555555555555557, 0.01690776602976199
0.17109367511855647, 0.35555555555555557, 0.007310975294972583
0.2635524395717106, 0.35555555555555557, 0.009640655494594932
0.1829458486047025, 0.35555555555555557, 0.0017480464239474892
0.13209689477816916, 0.35555555555555557, 0.012346063661849854
0.21350665035699562, 0.35555555555555557, 0.0019084795117163432
0.241168478849035, 0.35555555555555557, 0.009040027631337969
0.3094748838530604, 0.35555555555555557, 0.002168902473398244
0.30582580436042917, 0.35555555555555557, 0.006085297309789301
0.1016126385156123, 0.35555555555555557, 0.0009382649074669285
0.1911329867641122, 0.35555555555555557, 0.003806707380705767
0.11612992515887466, 0.35555555555555557, 0.002087259163175353
0.2345234421547236, 0.35555555555555557, 0.023904414948092055
0.24850507305155467, 0.35555555555555557, 0.0019359351028590223
0.18137346812271551, 0.35555555555555557, 0.008129288890780743
0.2519609166389683, 0.35555555555555557, 0.0010719610702243998
0.2376144666511281, 0.35555555555555557, 0.008437715506203277
0.245424528352173, 0.35555555555555557, 0.0009174263371048078
0.1276497562491552, 0.35555555555555557, 0.011045187080602974
0.22153917922231978, 0.35555555555555557, 0.008505599924273514
0.2305642962314837, 0.35555555555555557, 0.0015275526711641828
0.1300225902916941, 0.35555555555555557, 0.010583303492619838
0.17834177554190234, 0.35555555555555557, 0.002472495140068418
0.13184792316195532, 0.35555555555555557, 0.002668295400220059
0.20934764454996893, 0.35555555555555557, 0.003045969732980541
0.2782781616488905, 0.35555555555555557, 0.003388829742968254
0.23055404901170679, 0.35555555555555557, 0.008304899463089472
0.24610829942129503, 0.35555555555555557, 0.0035087982796352434
0.21612298862345705, 0.35555555555555557, 0.009535139307857264
0.2427931105651447, 0.35555555555555557, 0.00602302706570646
0.14593905527053186, 0.35555555555555557, 0.0006845840715210248
0.14823725675082206, 0.35555555555555557, 0.0012021179708731908
0.1221981109016494, 0.35555555555555557, 0.013907276614891407
0.20009230464845207, 0.35555555555555557, 0.01652861281073802
0.2659338553645041, 0.35555555555555557, 0.00010252485946927123
0.1314164086830454, 0.35555555555555557, 0.004290632596857311
0.20469680162797052, 0.35555555555555557, 0.0031379447507744545
0.20009040933965133, 0.35555555555555557, 0.015293732104859747
0.29699881781588583, 0.35555555555555557, 0.004898041138628421
0.11882066464908837, 0.35555555555555557, 0.01738247975719115
0.1451605474390331, 0.35555555555555557, 0.0010620183129123383
0.251860531640235, 0.35555555555555557, 0.011294915964576012
0.17633602468556392, 0.35555555555555557, 0.0029497022683904295
0.17797559622322603, 0.35555555555555557, 0.0010719281465054432
0.21852616938239508, 0.35555555555555557, 0.005634614251170726
0.22544526725062167, 0.35555555555555557, 0.0022248812415580133
0.10974736530391503, 0.35555555555555557, 0.01445348060034266
0.20043100986586382, 0.35555555555555557, 0.008846841744052284
0.16786832470797883, 0.35555555555555557, 0.0026165558126954687
0.27294030690017834, 0.35555555555555557, 0.028642542580323806
0.1464950217887023, 0.35555555555555557, 0.0010083375822625361
0.1331801283717745, 0.35555555555555557, 0.004961283395846605
0.2498843783967124, 0.35555555555555557, 0.0013258911959898156
0.22265576428901343, 0.35555555555555557, 0.005495491275169557
0.17599478730338652, 0.35555555555555557, 0.004945839534348089
0.0818008029877694, 0.35555555555555557, 0.0050949929646116054
0.18941137173368286, 0.35555555555555557, 0.007567478597256363
0.24382592529058122, 0.35555555555555557, 0.007578417151469144
0.20608572146070026, 0.35555555555555557, 0.013418965829925524
0.15878610045334995, 0.35555555555555557, 0.0030508315608060938
0.12164658566814716, 0.35555555555555557, 0.0015407645440762797
0.3333518430565845, 0.35555555555555557, 0.012903566257399132
0.1968443583824381, 0.35555555555555557, 0.00034647864109253377
0.13074042258219365, 0.35555555555555557, 0.03702006983121605
0.15041964283224252, 0.35555555555555557, 0.0067187694538859725
0.1499046613799431, 0.35555555555555557, 0.017781515059123634
0.16940411963214694, 0.35555555555555557, 0.0006079442255390001
0.21599144893876787, 0.35555555555555557, 0.007283533027399994
0.22679781526764978, 0.35555555555555557, 0.007889820801314573
0.2268581122753943, 0.35555555555555557, 0.01539091634071062
0.21572647012907586, 0.35555555555555557, 0.00044259969033676714
0.1318133474745695, 0.35555555555555557, 0.010157904060775044
0.1693523738995686, 0.35555555555555557, 0.0026255381515404167
0.18139755555433387, 0.35555555555555557, 0.004192411506769428
0.17290035464701892, 0.35555555555555557, 0.0015753809151584485
0.21810146626887336, 0.35555555555555557, 0.00902165912363684
0.23826335123914014, 0.35555555555555557, 0.01161693320356808
0.18432274954548228, 0.35555555555555557, 0.0035546764236996454
0.17268922795401132, 0.35555555555555557, 0.028958436046218016
0.23596213943054067, 0.35555555555555557, 0.004856194576758359
0.2406878403308481, 0.35555555555555557, 0.021072962490608554
0.15704847407262373, 0.35555555555555557, 0.007449127403967374
0.14156595047029458, 0.35555555555555557, 0.013729095273242098
0.1443547355582167, 0.35555555555555557, 0.0036662616484479963
0.2877131207513331, 0.35555555555555557, 0.010928905501689377
0.15436410849058474, 0.35555555555555557, 0.01754991616861357
0.2392229608507937, 0.35555555555555557, 0.0024712775556699736
0.20229113367433166, 0.35555555555555557, 0.0058553187482698445
0.16496521767258776, 0.35555555555555557, 0.00391255811063791
0.1937620688350731, 0.35555555555555557, 0.0020951415845729313
0.16780167411907845, 0.35555555555555557, 0.00986356723037446
0.23987094956312466, 0.35555555555555557, 0.02393773304007147
0.247691419369206, 0.35555555555555557, 0.003354949019577371
0.2804325504033678, 0.35555555555555557, 0.0012807263798941377
0.17877498120444196, 0.35555555555555557, 0.018574150275448603
0.1939083851684118, 0.35555555555555557, 0.003528271504792408
0.13242591978226143, 0.35555555555555557, 0.0035735265580715404
0.042547235823122476, 0.35555555555555557, 0.0033115533246465324
0.2110945807487126, 0.35555555555555557, 0.09015743093905333
0.21401191347096585, 0.35555555555555557, 0.010170822150964558
0.19761255830166677, 0.35555555555555557, 0.00919044745418768
0.1915409394351583, 0.35555555555555557, 0.0004753688805016702
0.23642114942011805, 0.35555555555555557, 0.011134564664660613
0.21848835867636457, 0.35555555555555557, 0.004240519149964189
0.2355763062616912, 0.35555555555555557, 0.03446698274175426
0.2268892434053121, 0.35555555555555557, 0.004283021199834551
0.2254225452711019, 0.35555555555555557, 0.002893714915473382
0.16002649315537573, 0.35555555555555557, 0.024317317902100254
0.2902065544403597, 0.35555555555555557, 0.0001446462139333153
0.1679926726923506, 0.35555555555555557, 0.01009416795850728
0.1837550622592331, 0.35555555555555557, 0.012477797289153044
0.19886615900238258, 0.35555555555555557, 0.0019130295190816187
0.16453755203836506, 0.35555555555555557, 0.006899809444288598
0.13511413176408382, 0.35555555555555557, 0.014181741676217063
0.20564499217208373, 0.35555555555555557, 0.025109987248362897
0.16425045126743598, 0.35555555555555557, 0.001601390172616439
0.1725346742867766, 0.35555555555555557, 0.014525824158303103
0.27960491156185646, 0.35555555555555557, 0.0058619071293223935
0.20425743979774727, 0.35555555555555557, 0.00465301350276778
0.22874662022063535, 0.35555555555555557, 0.010814976893058914
0.24529803503311742, 0.35555555555555557, 0.008603360779455423
0.18933449429252347, 0.35555555555555557, 0.00972621907349388
0.2778856098651808, 0.35555555555555557, 0.006162532880169695
0.16421519155037165, 0.35555555555555557, 0.012337323921898947
0.20006274679950387, 0.35555555555555557, 0.017753768613870662
0.2580278220858516, 0.35555555555555557, 0.0029559582562180167
0.1986952320337189, 0.35555555555555557, 0.014985244048698488
0.20675680597866106, 0.35555555555555557, 0.00689568253550428
0.2267106672349219, 0.35555555555555557, 0.01304923636825356
0.16877168055396563, 0.35555555555555557, 0.01469716616758678
0.2624555201849046, 0.35555555555555557, 0.002505246908361906
0.2107020034041345, 0.35555555555555557, 0.01056282131164306
0.2530903008332611, 0.35555555555555557, 0.00839777168638808
0.3262790426149879, 0.35555555555555557, 0.00908134621696941
0.254647999653014, 0.35555555555555557, 0.016454933611989145
0.2459278224061942, 0.35555555555555557, 0.0007688408230543527
0.21906011527902197, 0.35555555555555557, 0.0059322171429912725
0.23086477760582239, 0.35555555555555557, 0.011998169581470796
0.11373128610390436, 0.35555555555555557, 0.0028641500877434676
0.15422286149416556, 0.35555555555555557, 0.00565958238348599
0.16957822777040754, 0.35555555555555557, 0.011307390077993208
0.19394538785620696, 0.35555555555555557, 0.009937721342837694
0.1790750190304331, 0.35555555555555557, 0.02788957879582356
0.2637530272282172, 0.35555555555555557, 0.0005603845609236012
0.19991873828143067, 0.35555555555555557, 0.01099097173330043
0.20576779832147843, 0.35555555555555557, 0.0051392337526003605
0.15684543042489849, 0.35555555555555557, 0.01088846155209704
0.28272721904332043, 0.35555555555555557, 0.007425028420301038
0.24968550136278206, 0.35555555555555557, 0.016490985740474876
0.30790266840695424, 0.35555555555555557, 0.0033661945152270944
0.15564904800887203, 0.35555555555555557, 0.06554235743825201
0.11830708886762059, 0.35555555555555557, 0.0017979808934008433
0.17568798156170307, 0.35555555555555557, 0.016220880068520366
0.2324214166236524, 0.35555555555555557, 0.004017926204874866
0.15652009793505073, 0.35555555555555557, 0.03003556036974234
0.15111466286010225, 0.35555555555555557, 0.007919850924212352
0.25570409030501323, 0.35555555555555557, 0.008300293811958155
0.16310498516723018, 0.35555555555555557, 0.0027662604545752576
0.16756157582958536, 0.35555555555555557, 0.005403651102308392
0.15902809896514775, 0.35555555555555557, 0.01793329867029335
0.16527935932780963, 0.35555555555555557, 0.001059173886322917
0.10355988749185441, 0.35555555555555557, 0.005404014849597441
0.16295838953934685, 0.35555555555555557, 0.012512082494710017
0.15437851388532614, 0.35555555555555557, 0.0028059724885191734
0.1528948375899156, 0.35555555555555557, 0.0159063764849638
0.14885867574400713, 0.35555555555555557, 0.0005330719325351685
0.16698648199631755, 0.35555555555555557, 0.0066264537478223536
0.1442821870111318, 0.35555555555555557, 0.010214581531288874
0.19695585678487906, 0.35555555555555557, 4.279334510428633e-05
0.20394361791820917, 0.35555555555555557, 0.008017697657841539
0.24626573029873763, 0.35555555555555557, 0.0028192995019610304
0.3073543731960811, 0.35555555555555557, 0.008217441364797774
0.24084977952535336, 0.35555555555555557, 0.023731609709394957
0.1465716237078541, 0.35555555555555557, 0.010489233205155749
0.18554244191403113, 0.35555555555555557, 0.004980351184412557
0.2787877273864687, 0.35555555555555557, 0.017242402834716723
0.12022441478825291, 0.35555555555555557, 0.024628979241979033
0.1792824907542441, 0.35555555555555557, 0.007272033391932409
0.22118073150586764, 0.35555555555555557, 0.001347694161192052
0.25245158036898635, 0.35555555555555557, 0.022290068585435363
0.18331573257220476, 0.35555555555555557, 0.007546981772293451
0.2643303988561353, 0.35555555555555557, 0.0011150480299520035
0.059064863659680555, 0.35555555555555557, 0.005213803763856771
0.23749776893598876, 0.35555555555555557, 0.013289161856331728
0.2430035824188915, 0.35555555555555557, 0.013570971128849191
0.16822215546158675, 0.35555555555555557, 0.0008249018421974753
0.21182571192758926, 0.35555555555555557, 0.0036937857577531022
0.20285138904096722, 0.35555555555555557, 0.004217148184983732
0.2970402764073482, 0.35555555555555557, 0.004973339464861386
0.10656801088720091, 0.35555555555555557, 0.0027775035876771337
0.14811080408509344, 0.35555555555555557, 0.008590549892472803
0.30476722069440076, 0.35555555555555557, 0.00269533630652194
0.2198635989412963, 0.35555555555555557, 0.01171887920272082
0.1697717724388313, 0.35555555555555557, 0.00041974487506088454
0.21511610216543697, 0.35555555555555557, 0.001887845798001403
0.11186581657177912, 0.35555555555555557, 0.009083440364769105
0.24940432599020068, 0.35555555555555557, 0.00742943218664857
0.2104980877534508, 0.35555555555555557, 0.00766362996676808
0.22006808145311196, 0.35555555555555557, 0.002261750201499432
0.2906364412086895, 0.35555555555555557, 0.00047867205417734704
0.1678717892133994, 0.35555555555555557, 0.0006728437385184319
0.18271678769204777, 0.35555555555555557, 0.004915426335350184
0.23263034690453738, 0.35555555555555557, 0.0023538103093863664
0.13805481955447513, 0.35555555555555557, 0.00874533165819072
0.25899032674830635, 0.35555555555555557, 0.0044459146542378015
0.1827889834934263, 0.35555555555555557, 0.027697481388539728
0.24240383642516164, 0.35555555555555557, 0.007868389129420514
0.2768643213333937, 0.35555555555555557, 0.011408770133456033
0.1668346087345775, 0.35555555555555557, 0.014512301136218
0.2305551187056515, 0.35555555555555557, 0.008507488442071885
0.20246477189899353, 0.35555555555555557, 0.006844474175630624
0.2241861314619978, 0.35555555555555557, 0.003893745390223343
0.1213748229812783, 0.35555555555555557, 0.004657152693634921
0.22150418895716842, 0.35555555555555557, 0.015599954508913171
0.2208102614056617, 0.35555555555555557, 0.004526488876314256
0.1614755888673216, 0.35555555555555557, 0.0034215867675511367
0.1808029750472041, 0.35555555555555557, 0.00370909980921032
0.21001704478734112, 0.35555555555555557, 0.001337606111566659
0.19110686468851926, 0.35555555555555557, 0.00297012430715228
0.2084202426959833, 0.35555555555555557, 0.00020012641005216666
0.2864877426677921, 0.35555555555555557, 0.0038986196659935237
0.22651323682745933, 0.35555555555555557, 0.02260248068287534
0.19908098497827173, 0.35555555555555557, 0.0032816007316084947
0.1888107969677296, 0.35555555555555557, 0.0033960480960464243
0.22551408068292889, 0.35555555555555557, 0.00280291656011146
0.2027352971097313, 0.35555555555555557, 0.0005739208760002574
0.19012982984910284, 0.35555555555555557, 0.006365419832131917
0.21720614104783503, 0.35555555555555557, 0.0013564577676294716
0.17067124011948231, 0.35555555555555557, 0.02033828233992101
0.21737891179238086, 0.35555555555555557, 0.0005904014607745205
0.19419224011983968, 0.35555555555555557, 0.005902009982194514
0.2782270900022985, 0.35555555555555557, 0.006135153676686861
0.24144274894522966, 0.35555555555555557, 0.014859439687411914
0.2798814159917074, 0.35555555555555557, 0.003890037272230428
0.26105121200735676, 0.35555555555555557, 0.006683353623388322
0.21912676165182662, 0.35555555555555557, 0.009621156775030589
0.2400371989041338, 0.35555555555555557, 0.01666988055263482
0.2409433012847149, 0.35555555555555557, 0.009392300470751624
0.23802209481621664, 0.35555555555555557, 0.007381235032834957
0.259732352400583, 0.35555555555555557, 0.018448426128363355
0.14308874338872948, 0.35555555555555557, 0.0023912823368336393
0.1335889357985459, 0.35555555555555557, 0.002916765442500338
0.20595529214969197, 0.35555555555555557, 0.005051111712598302
0.20769913875163654, 0.35555555555555557, 0.00029318991208655083
0.24616292078394186, 0.35555555555555557, 0.012422485674274312
0.08643252508510142, 0.35555555555555557, 0.0032840926952938504
0.28543555217450667, 0.35555555555555557, 0.004752182791224708
0.18761311975405334, 0.35555555555555557, 0.01205830162026519
0.17209448841657438, 0.35555555555555557, 0.03649789914675313
0.23713746099402994, 0.35555555555555557, 0.0004930594757922537
0.2851992952699472, 0.35555555555555557, 0.006043679888886806
0.25067160450564935, 0.35555555555555557, 0.016513637503056126
0.20036540239002687, 0.35555555555555557, 0.004581092114240973
0.21470525080664302, 0.35555555555555557, 0.0034635982536805545
0.11584702098363014, 0.35555555555555557, 0.009749841881967264
0.2406184650631239, 0.35555555555555557, 0.021011286568891913
0.16608775127415998, 0.35555555555555557, 0.011278945713176603
0.21108669281130785, 0.35555555555555557, 0.012489559436897084
0.1656573627879634, 0.35555555555555557, 0.00767375170529715
0.22602177421119818, 0.35555555555555557, 0.010627766331431062
0.1738658708006001, 0.35555555555555557, 0.021765181391442907
0.17861583430101619, 0.35555555555555557, 0.014695092488723194
0.10692855793788347, 0.35555555555555557, 0.00944886433966398
0.251656460437429, 0.35555555555555557, 0.0042455502795220095
0.2603261032203105, 0.35555555555555557, 0.0012781114877870583
0.22625046571951632, 0.35555555555555557, 0.003105378277332124
0.13865469158460714, 0.35555555555555557, 0.013036045696545337
0.23450531354313767, 0.35555555555555557, 0.008114648649090625
0.21597383411727644, 0.35555555555555557, 0.0034493350929570257
0.16909357325613628, 0.35555555555555557, 0.0008676510675827758
0.13237757022817837, 0.35555555555555557, 0.007222689390187491
0.2866984665754495, 0.35555555555555557, 0.0012304956539468997
0.1340735709445222, 0.35555555555555557, 0.005915138152229929
0.25132698743645404, 0.35555555555555557, 0.010192980963496027
0.18511020004958098, 0.35555555555555557, 0.011198797108160926
0.287320653963537, 0.35555555555555557, 0.001614591964404742
0.23465841327517475, 0.35555555555555557, 0.00387164711287541
0.24730055039322782, 0.35555555555555557, 0.005625657502852901
0.15952389146638538, 0.35555555555555557, 0.0017601047370752593
0.2629800015810493, 0.35555555555555557, 0.011481848369098118
0.26616063528070133, 0.35555555555555557, 0.010939542251475086
0.24995713067654385, 0.35555555555555557, 0.0020674329868712784
0.2807372887994414, 0.35555555555555557, 0.0192634784069187
0.1320923089889725, 0.35555555555555557, 0.0044097733980615365
0.17904099329092543, 0.35555555555555557, 0.002550623749109249
0.23446066580570624, 0.35555555555555557, 0.00407014266999332
0.22786196692843333, 0.35555555555555557, 0.0009058273392036146
0.21533230701319067, 0.35555555555555557, 0.0246302694083732
0.17535015469887877, 0.35555555555555557, 0.003203353527200524
0.19543478228155495, 0.35555555555555557, 0.0016833262420701213
0.2588224397286516, 0.35555555555555557, 0.005274509911282353
0.2246750159444434, 0.35555555555555557, 0.01874626883392479
0.11695584382670422, 0.35555555555555557, 0.004817911421637314
0.3572037029876106, 0.35555555555555557, 0.03460873788419654
0.1880311808225552, 0.35555555555555557, 0.003843059804842728
0.1435961001282608, 0.35555555555555557, 0.022974413143176275
0.18357774371686095, 0.35555555555555557, 0.016845168015712
0.17743069601973643, 0.35555555555555557, 0.001552558725346718
0.16244780536621378, 0.35555555555555557, 0.002149371981266224
0.19937573264864228, 0.35555555555555557, 0.012454718243077045
0.19149171333820988, 0.35555555555555557, 0.002715109679459303
0.21674722300623037, 0.35555555555555557, 0.010373029178688181
0.15532373771184904, 0.35555555555555557, 0.009182788125197308
0.16793418355240164, 0.35555555555555557, 0.004906159340068691
0.1854612379339694, 0.35555555555555557, 0.005165079615956176
0.2822684795740653, 0.35555555555555557, 0.0011670985927892368
0.25026301615470575, 0.35555555555555557, 0.011070890799837037
0.2152951365322333, 0.35555555555555557, 0.0062757551992566754
0.1652151840869171, 0.35555555555555557, 0.0022531099090989017
0.1053772727627916, 0.35555555555555557, 0.00860213683886247
0.1538679901507258, 0.35555555555555557, 0.007670644905574889
0.18571094420301282, 0.35555555555555557, 0.012774813903502194
0.1396103030380166, 0.35555555555555557, 0.012339454757420286
0.17139909477699247, 0.35555555555555557, 0.0014826297475447523
0.23107259824917875, 0.35555555555555557, 0.009830032385476813
0.1527895130667274, 0.35555555555555557, 0.011067766603309357
0.30661619659807854, 0.35555555555555557, 0.0013304763657359317
0.18324704922473328, 0.35555555555555557, 0.00414272971895819
0.20359985508885672, 0.35555555555555557, 0.012732508738834256
0.16361355904533048, 0.35555555555555557, 0.025520986348100395
0.21514110493594676, 0.35555555555555557, 0.0037988499776080774
0.28305196855522297, 0.35555555555555557, 0.007297293828755259
0.23286640554968338, 0.35555555555555557, 0.00463904747607729
0.27011160605722606, 0.35555555555555557, 0.020177967125331032
0.23701115634093006, 0.35555555555555557, 0.017172118613017658
0.21374295619483888, 0.35555555555555557, 0.00516527437185779
0.244274572437409, 0.35555555555555557, 0.05174665275702355
0.2770683756645669, 0.35555555555555557, 0.0015759674328244583
0.236197533000355, 0.35555555555555557, 0.0010224325280654355
0.1633344468451724, 0.35555555555555557, 0.0010010175280166708
0.20484847705333606, 0.35555555555555557, 0.006774159644252512
0.2401049592939663, 0.35555555555555557, 0.011000446539300344
0.27277544249567753, 0.35555555555555557, 0.0019016353965167093
0.24088476844200896, 0.35555555555555557, 0.006538434470015348
0.12267757806701414, 0.35555555555555557, 0.0010713253356588576
0.20276672132718845, 0.35555555555555557, 0.0023623200742055746
0.22934380925802464, 0.35555555555555557, 0.0065297444521541775
0.23397558776036387, 0.35555555555555557, 0.007596112101735969
0.23188425093959927, 0.35555555555555557, 0.015181552269510666
0.21395760400484432, 0.35555555555555557, 0.004110547661736515
0.17499314565567095, 0.35555555555555557, 0.0033177216183617624
0.30234372157044925, 0.35555555555555557, 0.005643365422617859
0.16085652817224066, 0.35555555555555557, 0.018322580117088073
0.160867549067573, 0.35555555555555557, 0.002744259316917169
0.22061667454777623, 0.35555555555555557, 0.033809774238755086
0.2000711627111641, 0.35555555555555557, 0.007122962258707458
0.19207130613350562, 0.35555555555555557, 0.0013055669229213667
0.1527587063736908, 0.35555555555555557, 0.0020749634857082735
0.07510512831440659, 0.35555555555555557, 0.015244636632793239
0.227300878331084, 0.35555555555555557, 0.002386436731519377
0.2259252537545122, 0.35555555555555557, 0.01824248291750784
0.29122372610840985, 0.35555555555555557, 0.017536529724604802
0.2516435721845969, 0.35555555555555557, 0.00621413208381776
0.1730768446742958, 0.35555555555555557, 0.022131806485618685
0.16574310822840882, 0.35555555555555557, 0.014073934764590876
0.12519196519145837, 0.35555555555555557, 0.0038584349895518046
0.1618767433863342, 0.35555555555555557, 0.006852541221204754
0.20209121377623795, 0.35555555555555557, 0.006569302459717134
0.09512341741825672, 0.35555555555555557, 0.02373512714053344
0.16488273052821462, 0.35555555555555557, 0.03530218183167744
0.23390406266248243, 0.35555555555555557, 0.0004479002000937191
0.18311997966614993, 0.35555555555555557, 0.016434309151280708
0.18284604456313175, 0.35555555555555557, 0.004861783375644931
0.2275568601313244, 0.35555555555555557, 0.0061147219896649785
0.1917704519698004, 0.35555555555555557, 0.004492612639564513
0.20888141716189998, 0.35555555555555557, 0.009626366539083773
0.1632487035676255, 0.35555555555555557, 0.004152610743171538
0.1953055165110561, 0.35555555555555557, 0.00016422378292765857
0.17029411257043145, 0.35555555555555557, 0.002980996049916047
0.1288113383824449, 0.35555555555555557, 0.0028499472009473562
0.28267764029281683, 0.35555555555555557, 0.009238991542207904
0.14154697009124745, 0.35555555555555557, 0.003188956917531893
0.16672364236796053, 0.35555555555555557, 0.00561757179401443
0.18229162566384577, 0.35555555555555557, 0.011758450346632207
0.1854732465796033, 0.35555555555555557, 0.004082262687272926
0.24589878946532973, 0.35555555555555557, 0.006162582605047886
0.2422212153712806, 0.35555555555555557, 0.0023803960425370944
0.21622442235693842, 0.35555555555555557, 0.007135664518758616
0.19045932544761088, 0.35555555555555557, 0.036476657389651196
0.13650799009594683, 0.35555555555555557, 0.00308680853636622
0.23483986307169313, 0.35555555555555557, 0.016883135921220083
0.13017711428642076, 0.35555555555555557, 0.0014621793906875956
0.23777986207224824, 0.35555555555555557, 0.003980310262902261
0.19703505787374234, 0.35555555555555557, 0.0011941793310978235
0.16746002271303373, 0.35555555555555557, 0.027992521085733912
0.12670519954360426, 0.35555555555555557, 0.007734485105714835
0.19404663843587683, 0.35555555555555557, 0.0033726650795501407
0.09444539487837166, 0.35555555555555557, 0.006224456800040004
0.1873786577128297, 0.35555555555555557, 0.00019781228877857206
0.23761938107257366, 0.35555555555555557, 0.031349538262439164
0.15724338465143195, 0.35555555555555557, 0.023912078383026517
0.14733634201230492, 0.35555555555555557, 0.0008937704535284132
0.12054095181804554, 0.35555555555555557, 0.0021445210611329177
0.149096862662831, 0.35555555555555557, 0.011026520651010948
0.10102441317067017, 0.35555555555555557, 0.00043569490724657656
0.22019226952651297, 0.35555555555555557, 0.004650648701657096
0.2066883545289184, 0.35555555555555557, 0.004323042109047835
0.23160262375451754, 0.35555555555555557, 0.019200953353087993
0.1907761150930881, 0.35555555555555557, 0.030581330144401193
0.21527413959276284, 0.35555555555555557, 0.013459995234369707
0.23181789662623925, 0.35555555555555557, 0.0022824365539942204
0.14529435612012162, 0.35555555555555557, 0.008687552116996077
0.23135840410823802, 0.35555555555555557, 0.00757299101089928
0.14087420550784677, 0.35555555555555557, 0.011264078655468515
0.32449320671477166, 0.35555555555555557, 0.0052796190478133775
0.22266014023180722, 0.35555555555555557, 0.011069182652536466
0.19395753002291838, 0.35555555555555557, 0.004302293099826869
0.19998864188760695, 0.35555555555555557, 0.006601938116684986
0.2596000557709718, 0.35555555555555557, 0.015342731504066991
0.15167854958182403, 0.35555555555555557, 0.03139655569564958
0.21213436121192275, 0.35555555555555557, 0.021680958633177812
0.18838681421334197, 0.35555555555555557, 0.007013675437883987
0.22540569799311388, 0.35555555555555557, 0.007768323338018158
0.12997567415221573, 0.35555555555555557, 0.010243964148972452
0.17257442453719155, 0.35555555555555557, 0.0032058198463058374
0.2251811463529489, 0.35555555555555557, 0.013405519181931247
0.2137574157796712, 0.35555555555555557, 0.02374570631905396
0.2699217959145152, 0.35555555555555557, 0.0015882461893820955
0.21221241304495633, 0.35555555555555557, 0.003233271520350461
0.29663374201470116, 0.35555555555555557, 0.00929076140885166
0.22764199345530417, 0.35555555555555557, 0.0023243222596358143
0.18251650667605432, 0.35555555555555557, 0.003829886376585475
0.13228333872348225, 0.35555555555555557, 0.01489630081806149
0.1801112173582684, 0.35555555555555557, 0.018972088432418172
0.24918304163950547, 0.35555555555555557, 0.0011026706580462196
0.17278231600281382, 0.35555555555555557, 0.002610824949444779
0.18410925524568322, 0.35555555555555557, 0.0036449265221472618
0.11844740194859096, 0.35555555555555557, 0.020526116798613783
0.16307231837123146, 0.35555555555555557, 0.002904167945528691
0.20329147357701263, 0.35555555555555557, 0.0062098164485259524
0.24233091921002883, 0.35555555555555557, 0.005203328409692659
0.17681317769460092, 0.35555555555555557, 3.34346622347679e-06
0.18989539137689862, 0.35555555555555557, 0.007524835072123195
0.11327421078705872, 0.35555555555555557, 0.000161999723270253
0.13462807632534252, 0.35555555555555557, 0.007699223415374872
0.2573666547125377, 0.35555555555555557, 0.0068041783376289406
0.20444444236998627, 0.35555555555555557, 0.008392223115662244
0.17049613951218925, 0.35555555555555557, 0.006736926498631637
0.2145439291424991, 0.35555555555555557, 0.011919628513250196
0.21003377465032474, 0.35555555555555557, 0.010024659546090189
0.17163185978847526, 0.35555555555555557, 0.015148826120182098
0.17428579012734186, 0.35555555555555557, 0.0028435711805286034
0.2614120229182131, 0.35555555555555557, 0.004335628500343428
0.19705924642421438, 0.35555555555555557, 0.01681720679511087
0.21766456931853964, 0.35555555555555557, 0.01075799848911535
0.19731709203400263, 0.35555555555555557, 0.010772040838960759
0.20107868093883724, 0.35555555555555557, 0.002683306754110189
0.20961919123063386, 0.35555555555555557, 0.021331522555967614
0.21621077244244863, 0.35555555555555557, 0.0036529535650439756
0.23191904144519246, 0.35555555555555557, 0.015408159247959234
0.1972914660935362, 0.35555555555555557, 0.0325220703848004
0.21739369662995145, 0.35555555555555557, 0.0063061059008990665
0.1843099428006279, 0.35555555555555557, 0.005444109834716367
0.07489165897610447, 0.35555555555555557, 0.0076564838920843694
0.1124747111120123, 0.35555555555555557, 0.003946566825357044
0.20005946938282118, 0.35555555555555557, 0.0019529373328126811
0.1837351412524214, 0.35555555555555557, 0.03419579937396231
0.10230545379345213, 0.35555555555555557, 0.024003054714338713
0.18278069241532408, 0.35555555555555557, 0.00387518331772961
0.11790318106983405, 0.35555555555555557, 0.0075017446244786574
0.15677759180879278, 0.35555555555555557, 0.006332797400408525
0.2237233153657006, 0.35555555555555557, 0.009976650961653791
0.15521719957580693, 0.35555555555555557, 0.00014175725785296406
0.16979538672043776, 0.35555555555555557, 0.02001065533658356
0.11680143662411502, 0.35555555555555557, 0.027806663329543346
0.19420823323811737, 0.35555555555555557, 2.1173305359496033e-05
0.24113166480673265, 0.35555555555555557, 0.003906757348908785
0.2447489305135659, 0.35555555555555557, 0.0014769911123038914
0.2115678525988073, 0.35555555555555557, 0.0035560395241167287
0.07375329469536215, 0.35555555555555557, 0.0018848569008571864
0.10398881722048331, 0.35555555555555557, 0.005553175740844763
0.2764997108899746, 0.35555555555555557, 0.017577896335302996
0.2114361158030785, 0.35555555555555557, 0.0009717251482431915
0.276079860631101, 0.35555555555555557, 0.010454469561585269
0.290527758112915, 0.35555555555555557, 0.005751075276865576
0.16189427696185446, 0.35555555555555557, 0.0055680343339135855
0.1910538263337059, 0.35555555555555557, 0.00746765357037586
0.24244146695841073, 0.35555555555555557, 0.016346945741342864
0.25980836622801656, 0.35555555555555557, 0.0021846290046246756
0.23047673345523403, 0.35555555555555557, 0.0001337646615409898
0.2077656605089172, 0.35555555555555557, 0.003893566093669722
0.22484481961745298, 0.35555555555555557, 0.0041328448707662665
0.2446191431357767, 0.35555555555555557, 0.014122790051051314
0.23532474118827734, 0.35555555555555557, 0.018070621284756307
0.13711581634566103, 0.35555555555555557, 0.005566849594759093
0.14389494881279896, 0.35555555555555557, 0.007814307228843475
0.23357044488382286, 0.35555555555555557, 0.005173779665745808
0.2787299939946438, 0.35555555555555557, 0.007985122637384892
0.1833786258904853, 0.35555555555555557, 0.01179129044825084
0.1867193946200023, 0.35555555555555557, 0.010170762400366063
0.1838300769601586, 0.35555555555555557, 0.0002915071483469853
0.18789427740386455, 0.35555555555555557, 0.021643611403803005
0.1236014165958059, 0.35555555555555557, 0.0034352264136591907
0.17086637601690446, 0.35555555555555557, 0.002161548988717485
0.2158486221422592, 0.35555555555555557, 0.0010195863670748651
0.18135953620357126, 0.35555555555555557, 0.022683128081113103
0.18076163324752825, 0.35555555555555557, 0.009244841107619035
0.25095177519938205, 0.35555555555555557, 0.0015016436715891575
0.21146675403702914, 0.35555555555555557, 0.0025811177071434375
0.23909079497753535, 0.35555555555555557, 0.02702151390921848
0.2136285534677513, 0.35555555555555557, 0.005260867920455804
0.1981689312664717, 0.35555555555555557, 0.0011534360802730504
0.2006052693605442, 0.35555555555555557, 0.027906950599724447
0.09450898233651626, 0.35555555555555557, 0.0051194178742302275
0.22938759251955712, 0.35555555555555557, 0.007175474398158519
0.12151376399073312, 0.35555555555555557, 0.04522531650555946
0.2464601695833203, 0.35555555555555557, 0.007499949299667473
0.2544361462879164, 0.35555555555555557, 0.0006172817593520009
0.18345986605528541, 0.35555555555555557, 0.009949148891686818
0.1498301601292234, 0.35555555555555557, 0.011761047299997511
0.25947503563711805, 0.35555555555555557, 0.025552810641702506
0.16807897599256982, 0.35555555555555557, 0.0017721654033000466
0.1539333675573919, 0.35555555555555557, 0.00108414228434402
0.20411439581174348, 0.35555555555555557, 0.00533935077980021
0.20313016386659996, 0.35555555555555557, 0.0015865359372867385
0.18896158753816916, 0.35555555555555557, 0.0077112183229587775
0.17693330365242718, 0.35555555555555557, 0.008156445755568169
0.19788843108113044, 0.35555555555555557, 0.011527785539731975
0.16828854044806663, 0.35555555555555557, 0.008898310106666384
0.158547186672004, 0.35555555555555557, 0.005415797360916248
0.22418682641941592, 0.35555555555555557, 0.006859716290888917
0.22049911300317912, 0.35555555555555557, 0.008780992297959722
0.12438432461300632, 0.35555555555555557, 0.0025802163634602686
0.15536121325096752, 0.35555555555555557, 0.002695797465576827
0.2533082429433563, 0.35555555555555557, 0.0037098488521116915
0.2372229435262119, 0.35555555555555557, 0.025198544425301405
0.16224128124669876, 0.35555555555555557, 0.019978277224677647
0.21106209428476674, 0.35555555555555557, 0.00599358423475998
0.2171454081190886, 0.35555555555555557, 0.0017175264912883605
0.2049517986430396, 0.35555555555555557, 0.004191189965726371
0.2237814848405303, 0.35555555555555557, 0.00433510877455636
0.18923235949991205, 0.35555555555555557, 0.004337169761514858
0.1929627562502785, 0.35555555555555557, 0.0017503001370078191
0.26201339838854265, 0.35555555555555557, 0.002168220815191737
0.19111479880895865, 0.35555555555555557, 0.004420327853706953
0.31339242066249795, 0.35555555555555557, 0.0014087114057373452
0.1818509362685064, 0.35555555555555557, 0.012445106621590311
0.1414847015222658, 0.35555555555555557, 0.020387961435000594
0.1877329153261348, 0.35555555555555557, 0.007514594036907816
0.09340455790813096, 0.35555555555555557, 0.005673339004564596
0.22474114587583793, 0.35555555555555557, 1.5588556765507634e-06
0.22420886653439503, 0.35555555555555557, 0.0014970721705247637
0.2271286891512133, 0.35555555555555557, 0.0021579393234268736
0.14145795421258608, 0.35555555555555557, 0.0032923994234817337
0.2453062323713588, 0.35555555555555557, 0.003805350436596685
0.25600878016262274, 0.35555555555555557, 0.005826045838916055
0.16887802076924296, 0.35555555555555557, 0.004805621460426205
0.2553851712734065, 0.35555555555555557, 0.018936423538882887
0.17055526853342984, 0.35555555555555557, 0.007704143380686821
0.20859855861694962, 0.35555555555555557, 0.0004907116315272681
0.17270397730346276, 0.35555555555555557, 0.007048239611823322
0.17507037362493766, 0.35555555555555557, 0.009634716189354305
0.1771400352370943, 0.35555555555555557, 0.0005687760824234288
0.16812163068099684, 0.35555555555555557, 0.019742193179044264
0.21163918936645376, 0.35555555555555557, 0.015074526921842742
0.23084191124350745, 0.35555555555555557, 0.002027401665378428
0.28480263188839383, 0.35555555555555557, 0.013613026789650045
0.1775616921015723, 0.35555555555555557, 0.006484292626319228
0.20149426390152436, 0.35555555555555557, 0.026415719526234994
0.1841286345707049, 0.35555555555555557, 0.005277527560061508
0.1159363981113727, 0.35555555555555557, 0.0016252149529090802
0.19689183419605727, 0.35555555555555557, 0.0005892379282677186
0.19722661816109224, 0.35555555555555557, 0.01980431061471414
0.18822907575798245, 0.35555555555555557, 0.012463020037532777
0.19659438628840895, 0.35555555555555557, 0.011550040045678119
0.2594765016892928, 0.35555555555555557, 0.014035910682826459
0.24703454555851231, 0.35555555555555557, 0.007164257864443604
0.26150418293401084, 0.35555555555555557, 0.013632479536053677
0.16865356700635437, 0.35555555555555557, 0.02084667448249691
0.1987258495925547, 0.35555555555555557, 0.008125322022126565
0.19074097571599574, 0.35555555555555557, 0.004558973994018281
0.15445287720049974, 0.35555555555555557, 0.00045482739947683734
0.2633792170665089, 0.35555555555555557, 0.009302278772912594
0.21091644904212406, 0.35555555555555557, 0.004271268857973987
0.16559455912393153, 0.35555555555555557, 0.019846733225197814
0.18265232287998684, 0.35555555555555557, 0.011219228903446244
0.21345961326800847, 0.35555555555555557, 0.0014755352153308894
0.22975994186029974, 0.35555555555555557, 0.005011097266451158
0.22134008089014862, 0.35555555555555557, 0.0038722801277147876
0.27448101545261255, 0.35555555555555557, 0.003375226108617243
0.18482949857372127, 0.35555555555555557, 0.0008934817329143021
0.1942412686680186, 0.35555555555555557, 0.011500770416014149
0.19103151018641776, 0.35555555555555557, 0.006262269610733256
0.2244406754845525, 0.35555555555555557, 0.011064289311459832
0.12066285084268266, 0.35555555555555557, 0.0032241163558747675
0.2717187327741398, 0.35555555555555557, 0.00048672097453479694
0.22556231733127882, 0.35555555555555557, 0.0022151650013866077
0.1957985650772252, 0.35555555555555557, 0.0017983665951218962
0.2577711597006961, 0.35555555555555557, 0.011311220817674826
0.20446035797242085, 0.35555555555555557, 0.014726557582535863
0.21994519980307767, 0.35555555555555557, 0.004854817636614311
0.23379405450228558, 0.35555555555555557, 0.010584892829767328
0.1538824267992673, 0.35555555555555557, 0.006878584117704343
0.20133909060800476, 0.35555555555555557, 0.02508592353023915
0.20278910603540615, 0.35555555555555557, 0.005949592934120804
0.19801500110767561, 0.35555555555555557, 0.0009183047946477418
0.21647635169084573, 0.35555555555555557, 0.004341101884121281
0.17915717811497334, 0.35555555555555557, 0.004325677416998018
0.2025893285384985, 0.35555555555555557, 0.003956749030100189
0.14127880082764321, 0.35555555555555557, 0.004752308288378519
0.18768974577093056, 0.35555555555555557, 0.007820055937943783
0.2773956087624584, 0.35555555555555557, 0.020517055397351887
0.18599238964778317, 0.35555555555555557, 0.01006020872930046
0.20147058860370928, 0.35555555555555557, 0.0035462449103540253
0.2092406781020979, 0.35555555555555557, 0.006211216963520305
0.18791881579999947, 0.35555555555555557, 0.013828094018154971
0.20843081516872478, 0.35555555555555557, 0.0009459176641514799
0.17147696918707023, 0.35555555555555557, 0.000561310166321972
0.23152450108247477, 0.35555555555555557, 0.010770558607491902
0.1382763723569253, 0.35555555555555557, 0.0059766637884082485
0.20872487490234093, 0.35555555555555557, 0.0012542492447294503
0.1373690279687243, 0.35555555555555557, 0.00416921935345281
0.19606686963923922, 0.35555555555555557, 0.021350044696092585
0.18602600619305457, 0.35555555555555557, 0.004282643461849306
0.269996463240321, 0.35555555555555557, 0.0031179746779387125
0.22727968485954408, 0.35555555555555557, 0.002046831623002316
0.24947664111987322, 0.35555555555555557, 0.0032448396219666603
0.16633443469060266, 0.35555555555555557, 0.00019582151425385176
0.23906440363915066, 0.35555555555555557, 0.007253785006839243
0.1400021975723161, 0.35555555555555557, 0.0015879868857812181
0.18500330467816775, 0.35555555555555557, 0.03446639382299651
0.19831739784958255, 0.35555555555555557, 0.00724172559850435
0.15605561729773182, 0.35555555555555557, 0.021262216341973023
0.23948932981223675, 0.35555555555555557, 0.00714884919157633
0.10838459061248902, 0.35555555555555557, 0.006141680440051275
0.21540185015207486, 0.35555555555555557, 0.02053350229614121
0.11390575043734641, 0.35555555555555557, 0.00919867366075043
0.23810509915122724, 0.35555555555555557, 0.0037082458678818274
0.24260594072397257, 0.35555555555555557, 0.001178584672120802
0.1100408283106706, 0.35555555555555557, 0.004621793109276434
0.2037387448564705, 0.35555555555555557, 0.004115062108674161
0.1874509197077772, 0.35555555555555557, 0.0002475572812871345
0.17311948483810216, 0.35555555555555557, 0.034470993464522565
0.1842661676234354, 0.35555555555555557, 0.0015728933997480464
0.237749382797308, 0.35555555555555557, 0.0026822326098040797
0.14851045612546146, 0.35555555555555557, 0.008805428215792948
0.1430233066648905, 0.35555555555555557, 0.005129703405753428
0.18631205152745076, 0.35555555555555557, 0.01776336122710984
0.23268277783575975, 0.35555555555555557, 0.004981138146224428
0.2248989921190847, 0.35555555555555557, 0.010551205678080636
0.21236173125237323, 0.35555555555555557, 0.0016407377762034127
0.2512408229019923, 0.35555555555555557, 0.004190458206418473
0.22097964029019518, 0.35555555555555557, 0.02066411080294554
0.1936363248295147, 0.35555555555555557, 0.007949232310958954
0.19507942695126798, 0.35555555555555557, 0.0018298965341327956
0.18483877242492944, 0.35555555555555557, 0.014429789438232771
0.1251556940563524, 0.35555555555555557, 0.012148154073570313
0.09327020335973175, 0.35555555555555557, 0.04660741653346715
0.25728521078127387, 0.35555555555555557, 0.006188343828663987
0.24564349596988572, 0.35555555555555557, 0.013771746639111274
0.11331968240501564, 0.35555555555555557, 0.019972728245423385
0.23700270435434048, 0.35555555555555557, 0.0038318378460316586
0.22938892999904867, 0.35555555555555557, 0.00915859269747721
0.2033292561972406, 0.35555555555555557, 0.002846432830284478
0.14576128413625414, 0.35555555555555557, 0.00500567871849926
0.19133051756201594, 0.35555555555555557, 0.0015199465663464568
0.2329288535115057, 0.35555555555555557, 0.0006027478628622983
0.2088958116289998, 0.35555555555555557, 7.605283248508356e-05
0.1656241715109743, 0.35555555555555557, 0.001192219181895262
0.22852836423171893, 0.35555555555555557, 0.007758576256590831
0.2498317979398856, 0.35555555555555557, 0.006790132368549207
0.20671018161113014, 0.35555555555555557, 0.003525195188654159
0.10244481314347242, 0.35555555555555557, 0.03389141847672956
0.165785023511012, 0.35555555555555557, 0.005015956594706535
0.2723299383354132, 0.35555555555555557, 0.002822032624744308
0.291010042618008, 0.35555555555555557, 0.012746498111338937
0.18475245742827814, 0.35555555555555557, 0.011636237555125018
0.13618068904332087, 0.35555555555555557, 0.003513005775092504
0.21402486005278393, 0.35555555555555557, 0.0032290262160881464
0.3019720730158004, 0.35555555555555557, 0.0018281306395345296
0.219790970404268, 0.35555555555555557, 0.020116970490621715
0.2055701788313648, 0.35555555555555557, 0.008500480138118811
0.23105168888115424, 0.35555555555555557, 0.0052922887141132885
0.16307787257833953, 0.35555555555555557, 0.03266976800147733
0.25634041617628, 0.35555555555555557, 0.0016219392043207406
0.21393762342729922, 0.35555555555555557, 0.016335850361399642
0.15919576789642914, 0.35555555555555557, 0.0009270981157096001
0.1377905216741098, 0.35555555555555557, 0.004998639977930085
0.26562789109871804, 0.35555555555555557, 0.0022102648993803813
0.15215847379998948, 0.35555555555555557, 0.005114455026705789
0.25187530186219886, 0.35555555555555557, 0.01855838823954639
0.23228133190659012, 0.35555555555555557, 0.006515950683550844
0.1999267054297033, 0.35555555555555557, 0.002823678321418312
0.19937567239988452, 0.35555555555555557, 0.001447365692310364
0.18870679124551298, 0.35555555555555557, 0.009368270343019888
0.18973963150466766, 0.35555555555555557, 0.0004883778610613248
0.2515477031989549, 0.35555555555555557, 0.0021579313744427516
0.22737397387431196, 0.35555555555555557, 0.0008021083258288695
0.24926279639184432, 0.35555555555555557, 0.00549124113289444
0.2350120229721573, 0.35555555555555557, 0.017276109717750898
0.13068312834060986, 0.35555555555555557, 0.028889627095614125
0.23292330962676555, 0.35555555555555557, 0.0007563299760871679
0.13701751127118042, 0.35555555555555557, 0.004085911403901313
0.18325180456072623, 0.35555555555555557, 0.0031619988114111697
0.26352913597855504, 0.35555555555555557, 0.0012512787669532535
0.15247443482046658, 0.35555555555555557, 0.003383370182819915
0.2046019457427735, 0.35555555555555557, 0.0008340798554685338
0.2052160412940005, 0.35555555555555557, 0.000632861007081788
0.17066717337664328, 0.35555555555555557, 0.0034381859476575603
0.17522932417132991, 0.35555555555555557, 0.0031400169091554166
0.2399757612799746, 0.35555555555555557, 0.006011445851678202
0.2872944088786754, 0.35555555555555557, 0.011506774152126018
0.09945872975689068, 0.35555555555555557, 0.0033386683987993403
0.21487027637279218, 0.35555555555555557, 0.0033136281248702516
0.23082163207794493, 0.35555555555555557, 0.02536780806950326
0.17710336798072177, 0.35555555555555557, 0.0054417430313771446
0.28162818280935764, 0.35555555555555557, 0.002770488501821713
0.26908389059537785, 0.35555555555555557, 0.0076794253178241656
0.27375800520957533, 0.35555555555555557, 0.0011104520766296389
0.18662273940927998, 0.35555555555555557, 0.01520414077520025
0.23855960867074405, 0.35555555555555557, 0.00022986556649578626
0.16840274577719352, 0.35555555555555557, 0.0072565285851735545
0.22983274434598758, 0.35555555555555557, 0.0030609951966123847
0.23973539376584554, 0.35555555555555557, 0.020857916484203497
0.25434788405136877, 0.35555555555555557, 0.0026560768352255873
0.1916835984498181, 0.35555555555555557, 0.009556327445882605
0.24174295889352618, 0.35555555555555557, 0.01570889220388982
0.17759575552512968, 0.35555555555555557, 0.0034252302942224216
0.30922514653011296, 0.35555555555555557, 0.003559781621940465
0.1871254041954353, 0.35555555555555557, 0.020415407747679436
0.183429118644309, 0.35555555555555557, 0.00544773428031074
0.21866376705332802, 0.35555555555555557, 0.006071249219283169
0.23971299819172404, 0.35555555555555557, 0.007328532067491263
0.2118277728709712, 0.35555555555555557, 0.007384554904828983
0.14082378579653093, 0.35555555555555557, 0.008530676152773102
0.16166041095400563, 0.35555555555555557, 0.004612304970829795
0.24534594256620812, 0.35555555555555557, 0.0027937609498773015
0.2741180595189203, 0.35555555555555557, 0.020727783211250492
0.2475899896098806, 0.35555555555555557, 0.01608467758613623
0.16784437725874582, 0.35555555555555557, 0.0018696713084186878
0.20201727213720672, 0.35555555555555557, 0.01585715561532992
0.23350819270135947, 0.35555555555555557, 0.0014078438128696466
0.21309549501748784, 0.35555555555555557, 0.0024295304356864392
0.1236882664327738, 0.35555555555555557, 0.004010884898151659
0.1965276099511526, 0.35555555555555557, 0.0020547977174903446
0.18815659830260217, 0.35555555555555557, 0.004473316493119567
0.21467410688527555, 0.35555555555555557, 0.00012449501271058982
0.21012755868823993, 0.35555555555555557, 0.0016845000927703131
0.18066344836545967, 0.35555555555555557, 0.008566038829726957
0.12862066083353962, 0.35555555555555557, 0.0016037108682400603
0.06519676786790818, 0.35555555555555557, 0.002402654783742936
0.19877602705127248, 0.35555555555555557, 0.02810269780090428
0.3018277081643591, 0.35555555555555557, 0.008442613119670392
0.21734202442423228, 0.35555555555555557, 0.0029487721991102275
0.2130256138957787, 0.35555555555555557, 0.00402919870487244
0.1846202554152382, 0.35555555555555557, 0.004104990363649951
0.18102671183892205, 0.35555555555555557, 0.014316960070961771
0.22362768916759124, 0.35555555555555557, 0.0012600865045127015
0.30178825843073875, 0.35555555555555557, 0.0037250289440599557
0.21687070156890506, 0.35555555555555557, 0.004844830342659291
0.2030130699659383, 0.35555555555555557, 0.004769562614896998
0.23127226043249047, 0.35555555555555557, 0.007634263284425136
0.22472562931632056, 0.35555555555555557, 0.004330328805579694
0.23362635552998168, 0.35555555555555557, 0.006019213919163291
0.17575866214304947, 0.35555555555555557, 0.004977080115879648
0.24039300206031056, 0.35555555555555557, 0.010737452101058493
0.1279662492022588, 0.35555555555555557, 0.0025804344300012
0.2812155718652031, 0.35555555555555557, 0.004621665716614286
0.11319247716589224, 0.35555555555555557, 0.0019025464862005275
0.28591482795473777, 0.35555555555555557, 0.0038195434303151744
0.183717447159109, 0.35555555555555557, 0.010494690377824982
0.14305215910993327, 0.35555555555555557, 0.07411963039185984
0.23015061281278915, 0.35555555555555557, 0.0063841888514496155
0.2797080989564334, 0.35555555555555557, 0.0010867359062913555
0.25144039301544857, 0.35555555555555557, 0.006536129016595986
0.22493029637895073, 0.35555555555555557, 0.002846390050237113
0.1572138931405922, 0.35555555555555557, 0.03364658015942679
0.23357702120312554, 0.35555555555555557, 0.004958553099431558
0.14739875977473132, 0.35555555555555557, 0.0047265765448245576
0.10377959602244527, 0.35555555555555557, 0.000913094240533091
0.1885775878192703, 0.35555555555555557, 0.0037024983237094705
0.23178153795590642, 0.35555555555555557, 0.004261503135495353
0.2799138232989855, 0.35555555555555557, 0.0019491198567509966
0.2315118847819743, 0.35555555555555557, 0.0036753875997634516
0.2664904741047206, 0.35555555555555557, 0.001478079184982372
0.18738344940066068, 0.35555555555555557, 0.0008965547840411209
0.23751414056475242, 0.35555555555555557, 0.0010236008125256157
0.20357046882651192, 0.35555555555555557, 0.02672606451120384
0.14940266855499246, 0.35555555555555557, 0.0016663466834219915
0.2189879820495445, 0.35555555555555557, 0.0017374034008004352
0.23427883640631175, 0.35555555555555557, 0.0012216446643904739
0.3070595244167113, 0.35555555555555557, 8.357268243965148e-05
0.22182805040124093, 0.35555555555555557, 0.01965100536542571
0.2518343897596233, 0.35555555555555557, 0.002165909568121562
0.2768274982102394, 0.35555555555555557, 0.0018590124760632964
0.20929911517030506, 0.35555555555555557, 0.003171249318849714
0.18697625624346292, 0.35555555555555557, 0.031254061301665026
0.17853961576926466, 0.35555555555555557, 0.01014197722478652
0.15847328587989362, 0.35555555555555557, 0.000587017174038272
0.15674080569075022, 0.35555555555555557, 0.0058420307864390855
0.17590968887181987, 0.35555555555555557, 0.005685275882711492
0.10459461912926728, 0.35555555555555557, 0.0013472998395680205
0.1562740347279622, 0.35555555555555557, 0.005496330956877158
0.1835076369686947, 0.35555555555555557, 0.007129074447774596
0.2376964795359328, 0.35555555555555557, 0.0033806662538047125
0.23870255857015515, 0.35555555555555557, 0.0034053789520316676
0.23711793409207474, 0.35555555555555557, 0.0021527509242909625
0.1753594981812365, 0.35555555555555557, 0.01043610536335954
0.18500484312990084, 0.35555555555555557, 0.01187612138608619
0.1706461164279256, 0.35555555555555557, 0.001049489132946602
0.2014385801837781, 0.35555555555555557, 0.007978675587139715
0.1632933715317348, 0.35555555555555557, 0.004285823640187286
0.16704647471219303, 0.35555555555555557, 0.002936528787517951
0.22873779644010983, 0.35555555555555557, 0.012941581973948086
0.21893688808665923, 0.35555555555555557, 0.005724838935457811
0.2845547258398158, 0.35555555555555557, 0.0007231146524382233
0.18098582148068312, 0.35555555555555557, 0.005784943342595414
0.21803219708683438, 0.35555555555555557, 0.006117051365576124
0.15422475317915035, 0.35555555555555557, 0.024534267653112413
0.20205726200442345, 0.35555555555555557, 0.018230810675159723
0.17533015197950086, 0.35555555555555557, 0.002109282909570155
0.20616338868699838, 0.35555555555555557, 0.009476357731898881
0.1933088819211242, 0.35555555555555557, 0.044257738806922
0.18046967158760427, 0.35555555555555557, 0.011635609613173383
0.20611179404349264, 0.35555555555555557, 0.011649159350861953
0.1450562828555754, 0.35555555555555557, 0.0034334546436217096
0.2997903398447649, 0.35555555555555557, 0.0015792061474514155
0.22088281441550092, 0.35555555555555557, 0.004683378546895923
0.20152041837034806, 0.35555555555555557, 0.019511280676160005
0.17136921249702064, 0.35555555555555557, 0.0009635151356321585
0.13444418530403549, 0.35555555555555557, 0.0645354266382515
0.15205161898332079, 0.35555555555555557, 0.01236681635788509
0.18893317147718472, 0.35555555555555557, 0.007521829930418799
0.16034634412763218, 0.35555555555555557, 0.00043666207981558534
0.26304443537384664, 0.35555555555555557, 0.011896791077332734
0.22130024194763004, 0.35555555555555557, 0.002701633706578166
0.18557585080504604, 0.35555555555555557, 0.02432660358415976
0.317040305252714, 0.35555555555555557, 0.0019944468905151165
0.22632557326856662, 0.35555555555555557, 0.0056385773849953035
0.20937456998795417, 0.35555555555555557, 0.013976677162072342
0.14387921083005484, 0.35555555555555557, 0.0049281317783962005
0.28206574306743704, 0.35555555555555557, 0.009153241283776798
0.25658735804800126, 0.35555555555555557, 0.001641099426925849
0.19449256332658652, 0.35555555555555557, 0.011805540554642485
0.23273559759345028, 0.35555555555555557, 0.0067760494733801
0.16745567948421441, 0.35555555555555557, 0.00021858338577361114
0.17296210787245497, 0.35555555555555557, 0.02289564391039959
0.2906938799543876, 0.35555555555555557, 0.03232815080118415
0.2139092084607114, 0.35555555555555557, 0.0018088425544041794
0.10301016641515327, 0.35555555555555557, 0.018324261180183012
0.19131935327576677, 0.35555555555555557, 0.020301914315613612
0.17917767128212864, 0.35555555555555557, 0.0010381620370942552
0.09524235423383276, 0.35555555555555557, 0.009172382728911712
0.20599063477879992, 0.35555555555555557, 0.00792295231668844
0.25167947908902955, 0.35555555555555557, 0.0033733342728460825
0.26953031279534406, 0.35555555555555557, 0.029921504505404217
0.19818863231104394, 0.35555555555555557, 0.0018761627692196142
0.23488206124888994, 0.35555555555555557, 0.010761147139623246
0.21029669979251908, 0.35555555555555557, 0.003685491105935589
0.1270511792469474, 0.35555555555555557, 0.029461997612742156
0.29571761468655505, 0.35555555555555557, 0.010216024115518117
0.21624067527494462, 0.35555555555555557, 0.006059031195291936
0.235829483188879, 0.35555555555555557, 0.00035843202422283175
0.16745021379192732, 0.35555555555555557, 0.0057370023217211755
0.23495298165734885, 0.35555555555555557, 0.005105783958747502
0.20333507718152055, 0.35555555555555557, 0.000351122666515571
0.13802196175325318, 0.35555555555555557, 0.0028647916699905073
0.22944703736658084, 0.35555555555555557, 0.014095571491397068
0.13152863592246783, 0.35555555555555557, 0.022459371876208094
0.17112608932110973, 0.35555555555555557, 0.0016630580680663774
0.27482016419036215, 0.35555555555555557, 0.0016010135366239587
0.23380091647951645, 0.35555555555555557, 0.0007019361722480104
0.24458074923597065, 0.35555555555555557, 0.00040652773362209244
0.18467896718209253, 0.35555555555555557, 0.009845742521540295
0.18073705554726313, 0.35555555555555557, 0.00620044518317907
0.2768678492958667, 0.35555555555555557, 0.0002547220125815474
0.19240655724206235, 0.35555555555555557, 0.002190870759808405
0.19438610983445836, 0.35555555555555557, 0.02774922494655027
0.17186265442510185, 0.35555555555555557, 0.002705580899547433
0.16892883715006857, 0.35555555555555557, 0.023497498687332617
0.2718254860480424, 0.35555555555555557, 0.0016899452965914658
0.15304058044820226, 0.35555555555555557, 0.004960029111771078
0.14857427813419016, 0.35555555555555557, 0.007096422673028905
0.18752585402225533, 0.35555555555555557, 0.002413310333851379
0.1618425026678686, 0.35555555555555557, 0.0036114485504929426
0.23789641470641107, 0.35555555555555557, 0.0014694068972471188
0.29642132739555804, 0.35555555555555557, 0.004348807833332262
0.1703263969515065, 0.35555555555555557, 0.0013845105639603025
0.18872969843377052, 0.35555555555555557, 0.012069759853377009
0.20564152486247136, 0.35555555555555557, 0.007033560322027087
0.26696015264235007, 0.35555555555555557, 0.0048018433115281514
0.187959411610487, 0.35555555555555557, 0.0056052429252419775
0.26951547649144253, 0.35555555555555557, 0.005354401102634467
0.18099766448965116, 0.35555555555555557, 0.007616468586555833
0.23886466734366107, 0.35555555555555557, 0.004946929522786796
0.14890033713992046, 0.35555555555555557, 0.0020585129893853204
0.18731950938182645, 0.35555555555555557, 0.00097664318586684
0.1933052970489445, 0.35555555555555557, 0.0019277715210636384
0.17442211546803482, 0.35555555555555557, 0.0008336865977673848
0.15440326537290122, 0.35555555555555557, 0.02015680065724148
0.16670746241348736, 0.35555555555555557, 0.0015796530607721266
0.12435421098215535, 0.35555555555555557, 0.0028644122759063245
0.1435095559929662, 0.35555555555555557, 0.0037676408654189327
0.14681584329515945, 0.35555555555555557, 0.0016661928368232035
0.17369731621206394, 0.35555555555555557, 0.009729915990985081
0.18070407822092382, 0.35555555555555557, 0.02066672583986403
0.20348592040132607, 0.35555555555555557, 0.00779273686305818
0.17164551437939018, 0.35555555555555557, 0.008980005273078441
0.22380565884512213, 0.35555555555555557, 0.011330163930772717
0.11435620883189175, 0.35555555555555557, 0.012734969447117815
0.14747277397291184, 0.35555555555555557, 0.008391239199983457
0.20386079712984212, 0.35555555555555557, 0.0014995430936797086
0.2075713731217328, 0.35555555555555557, 0.002018725520107233
0.13102720136790136, 0.35555555555555557, 0.0005915062836476213
0.1274037882741719, 0.35555555555555557, 0.04633544554668827
0.18201087887630119, 0.35555555555555557, 0.0029165251069267865
0.19339910771742477, 0.35555555555555557, 0.013474633823404749
0.19620632323259635, 0.35555555555555557, 0.00025147209626098706
0.10342093363389829, 0.35555555555555557, 0.004432071099491319
0.1729876414501632, 0.35555555555555557, 0.003719136331149663
0.27484533294554436, 0.35555555555555557, 0.004937162080949467
0.2315777081090001, 0.35555555555555557, 0.001166880227447126
0.27928448778391735, 0.35555555555555557, 0.0007500602506309858
0.25565064458315934, 0.35555555555555557, 0.00638085800030001
0.19466296902178493, 0.35555555555555557, 0.004631406506273837
0.19328000692990338, 0.35555555555555557, 0.0015366968014281354
0.19529011177611583, 0.35555555555555557, 0.0007450411718295363
0.1822729758364571, 0.35555555555555557, 0.007503394608044846
0.23332466599746227, 0.35555555555555557, 0.028217524056549686
0.14786918629879828, 0.35555555555555557, 0.0014816279193545954
0.160685465006453, 0.35555555555555557, 0.009322504249242778
0.3099607179387732, 0.35555555555555557, 0.005676047131208242
0.22514383624555112, 0.35555555555555557, 0.00845556808205628
0.15217813479216355, 0.35555555555555557, 0.0024044458949509643
0.20818329592346377, 0.35555555555555557, 0.0005195222546639841
0.15919216932256702, 0.35555555555555557, 0.000697311304530916
0.2795968580015714, 0.35555555555555557, 0.0028995198573765154
0.28581238022936317, 0.35555555555555557, 0.015369872427675483
0.1648003661246079, 0.35555555555555557, 0.013925033004332218
0.12442802890131893, 0.35555555555555557, 0.00023538361405835221
0.21169202997330028, 0.35555555555555557, 0.0006119877981867644
0.24701675687967117, 0.35555555555555557, 0.011889626699065537
0.2749525205270327, 0.35555555555555557, 0.0031172054346124117
0.22799686089292895, 0.35555555555555557, 0.023575668874512873
0.2785075839323404, 0.35555555555555557, 0.019174707467058256
0.1903981385724089, 0.35555555555555557, 0.0005365381623166167
0.20117153289686787, 0.35555555555555557, 0.0006019546907423684
0.16599455436258442, 0.35555555555555557, 0.00320188814352613
0.2300902514376238, 0.35555555555555557, 0.01863621048969762
0.20343852823001207, 0.35555555555555557, 0.02584374816280929
0.2009628070181508, 0.35555555555555557, 0.0007245260639587026
0.10338925410450804, 0.35555555555555557, 0.005612830252401747
0.2710530446326401, 0.35555555555555557, 0.0015555196054832588
0.1980028439089919, 0.35555555555555557, 0.015982463151668753
0.12800120073919402, 0.35555555555555557, 0.014382054794296936
0.20304158693161806, 0.35555555555555557, 0.0012185359968700832
0.2705819330604877, 0.35555555555555557, 0.01037401842901564
0.22567012696704417, 0.35555555555555557, 0.0004457355054206813
0.22615790282334997, 0.35555555555555557, 0.00709646838779633
0.26254836040737317, 0.35555555555555557, 0.008889548417137301
0.13037784688908322, 0.35555555555555557, 0.0023778182534575135
0.17744506770033092, 0.35555555555555557, 0.007552373579038969
0.1994157632785574, 0.35555555555555557, 0.0005344765928639269
0.21300054426640513, 0.35555555555555557, 0.005325218079895744
0.22231356577799788, 0.35555555555555557, 0.0004935359532828018
0.21887561274368106, 0.35555555555555557, 0.0010644278211974125
0.2439624895409604, 0.35555555555555557, 0.0038110986313305974
0.206936163708108, 0.35555555555555557, 0.013411543369579615
0.2696306699725496, 0.35555555555555557, 0.035297310896952025
0.21578491777901598, 0.35555555555555557, 0.004697103975873069
0.2022567346348847, 0.35555555555555557, 0.023867253949852632
0.2793520714974182, 0.35555555555555557, 0.010601529417558042
0.29910090595284433, 0.35555555555555557, 0.017522394176525565
0.1919257235319326, 0.35555555555555557, 0.002662536547083917
0.33307581851736956, 0.35555555555555557, 0.016425707256738097
0.18648750964972807, 0.35555555555555557, 0.016604203444458787
0.22463522466410465, 0.35555555555555557, 0.01190028485066515
0.1729976198483368, 0.35555555555555557, 0.01622499456358315
0.18055264059079776, 0.35555555555555557, 0.023894621274483174
0.1762793532087058, 0.35555555555555557, 0.0021934655535585015
0.25200554189928864, 0.35555555555555557, 0.00782036447910468
0.24970029305217956, 0.35555555555555557, 0.004622224061429564
0.1555262102856458, 0.35555555555555557, 0.008017103624207432
0.21900335136551857, 0.35555555555555557, 0.010641860706113934
0.23712771782311692, 0.35555555555555557, 0.006085304792670659
0.27949629785965036, 0.35555555555555557, 0.04514090389663673
0.2649461530599933, 0.35555555555555557, 0.005650354103453368
0.24398773658324663, 0.35555555555555557, 0.011675472260472908
0.14502131056109852, 0.35555555555555557, 0.0110215332758612
0.14606862058671155, 0.35555555555555557, 0.00582910828040625
0.13082287396406966, 0.35555555555555557, 0.00769565431256015
0.2475851966904351, 0.35555555555555557, 0.0006720515505922277
0.2425422859613696, 0.35555555555555557, 0.0019369917836486727
0.2247153749159861, 0.35555555555555557, 0.006640656704578781
0.1844024957234983, 0.35555555555555557, 0.008321707799006307
0.1812980638564995, 0.35555555555555557, 0.023402921265153868
0.19250332078697158, 0.35555555555555557, 0.02261418600733341
0.192336498042899, 0.35555555555555557, 0.0007564320095813957
0.20071930281068284, 0.35555555555555557, 0.003355128929501286
0.2840335025435222, 0.35555555555555557, 0.0009305671148110923
0.18339295868795272, 0.35555555555555557, 0.0035199054809438675
0.17783492043222485, 0.35555555555555557, 0.005266671218440713
0.19410418924988054, 0.35555555555555557, 0.026283692337997905
0.25185675934438345, 0.35555555555555557, 0.007723492126631267
0.20766509925763454, 0.35555555555555557, 0.0056826837592907345
0.30450097184542146, 0.35555555555555557, 0.009967546764096386
0.1777448213328013, 0.35555555555555557, 0.00457168426401342
0.2548191190928786, 0.35555555555555557, 0.005401604344511532
0.16376470807468435, 0.35555555555555557, 0.025123704818702897
0.1795563555115919, 0.35555555555555557, 0.006283556954435622
0.17699648160332826, 0.35555555555555557, 0.0014138490360508214
0.08150681362242616, 0.35555555555555557, 0.005981870272225445
0.1542188457950674, 0.35555555555555557, 0.0049873983982391306
0.1936155881218228, 0.35555555555555557, 0.003287110281605148
0.2550970275209057, 0.35555555555555557, 0.010158653321389799
0.103008625863074, 0.35555555555555557, 0.002289755810359035
0.12275672461316901, 0.35555555555555557, 0.0008695271777004807
0.26340819654166925, 0.35555555555555557, 0.02127554140272925
0.1615837451590283, 0.35555555555555557, 0.005678907364116584
0.31001209636698607, 0.35555555555555557, 0.00175701521142135
0.22787099760154234, 0.35555555555555557, 0.011106139104381454
0.13574043451592127, 0.35555555555555557, 0.0009935263551235987
0.20960325999407625, 0.35555555555555557, 0.007549750778295933
0.0774642683339545, 0.35555555555555557, 0.006019229315726469
0.219151684739809, 0.35555555555555557, 0.005164992226117909
0.20119322248299648, 0.35555555555555557, 0.0018087343297619224
0.20894872152631314, 0.35555555555555557, 0.006689958108029162
0.11800583873397193, 0.35555555555555557, 0.010186168866359292
0.19695334455613744, 0.35555555555555557, 0.0017545505352259622
0.21815289901599386, 0.35555555555555557, 0.002158598472812198
0.14785407663279754, 0.35555555555555557, 0.0025047560899961897
0.19121443889136608, 0.35555555555555557, 0.019784554067000488
0.23701176604881652, 0.35555555555555557, 0.013643850088647522
0.2943781089017576, 0.35555555555555557, 0.0025719796234221393
0.2316717893490121, 0.35555555555555557, 0.004909802854210608
0.2023192233390123, 0.35555555555555557, 0.005528905511774246
0.23702102646535647, 0.35555555555555557, 0.0037631200570344384
0.20012526832527272, 0.35555555555555557, 0.001992158218590193
0.2202834485897952, 0.35555555555555557, 0.028132109969610235
0.1033874014399699, 0.35555555555555557, 0.012262647188849826
0.32935568971292706, 0.35555555555555557, 0.008487939488083
0.2708936886808971, 0.35555555555555557, 0.0009875247624497635
0.20310362540874735, 0.35555555555555557, 0.006784946279259633
0.16238970673586045, 0.35555555555555557, 0.005937223213008442
0.16735335952970276, 0.35555555555555557, 0.020262986849915662
0.18996735422118038, 0.35555555555555557, 0.012709899635214942
0.1638512752957327, 0.35555555555555557, 0.0011257900000444078
0.20970682248213618, 0.35555555555555557, 0.0057151474838429885
0.2110963681623163, 0.35555555555555557, 0.0025022335099302365
0.2601106292636146, 0.35555555555555557, 0.004392757213279602
0.18923296266398593, 0.35555555555555557, 0.004699009556821378
0.2275479456281948, 0.35555555555555557, 0.0062557914282161675
0.20778822002971845, 0.35555555555555557, 0.007896531535234098
0.2270780660234636, 0.35555555555555557, 0.003419657229970533
0.18738626942716788, 0.35555555555555557, 0.0026875568652842607
0.23426477703150975, 0.35555555555555557, 0.004795784515894981
0.2272590739591616, 0.35555555555555557, 0.011035499666260433
0.2369284347575655, 0.35555555555555557, 0.006964344711106866
0.10685242437181054, 0.35555555555555557, 0.010151951155418724
0.21142863876744405, 0.35555555555555557, 0.002539815104737541
0.2552637281430057, 0.35555555555555557, 0.0068194037649152136
0.18007448365502085, 0.35555555555555557, 0.00041843758992927814
0.1696057486490059, 0.35555555555555557, 0.012919247593850342
0.22917700954021586, 0.35555555555555557, 0.004659009737271467
0.09215332503559291, 0.35555555555555557, 0.00622300381765614
0.23497644111007648, 0.35555555555555557, 0.026973624566088934
0.21058062895465088, 0.35555555555555557, 0.0012980322869637914
0.21904403052859883, 0.35555555555555557, 0.017994708124528278
0.15950758042420254, 0.35555555555555557, 0.012192061782390632
0.22807196443395938, 0.35555555555555557, 0.018189256965246838
0.24284420408759114, 0.35555555555555557, 0.022771438322386362
0.12412715011688423, 0.35555555555555557, 0.0009778450625784702
0.19937836287735503, 0.35555555555555557, 0.00640166818027085
0.20428086137381035, 0.35555555555555557, 0.007417788713263028
0.2134235417715381, 0.35555555555555557, 0.0013894675420575509
0.16478924319637409, 0.35555555555555557, 0.009059423000065613
0.21960140848507073, 0.35555555555555557, 0.001656583760998623
0.3021927821997892, 0.35555555555555557, 0.004988080987045676
0.1918151110417882, 0.35555555555555557, 0.006966607476498692
0.1262884632969865, 0.35555555555555557, 0.0011423638203469442
0.2912160075601157, 0.35555555555555557, 0.01495037237472362
0.16142551155418394, 0.35555555555555557, 0.0044008932466648625
0.2294766454033653, 0.35555555555555557, 0.0006246996100137241
0.21066494798169072, 0.35555555555555557, 0.008083119189917727
0.2452941019906154, 0.35555555555555557, 0.030431302019348638
0.26631195521428225, 0.35555555555555557, 0.02573599942535102
0.21127369134785298, 0.35555555555555557, 0.017991077849908867
0.22078427535831596, 0.35555555555555557, 0.012938025190990335
0.13199358256470659, 0.35555555555555557, 0.002131509631106306
0.1892176711427212, 0.35555555555555557, 0.005013528184807197
0.27533625623904495, 0.35555555555555557, 0.014049084392433379
0.24675490170907205, 0.35555555555555557, 0.007021880572114809
0.21279852463257312, 0.35555555555555557, 0.016836478443833555
0.23761620030812208, 0.35555555555555557, 0.00790679625378419
0.2251518550262448, 0.35555555555555557, 0.00617393489513368
0.16848616812314157, 0.35555555555555557, 0.025786384776570952
0.23472479755639558, 0.35555555555555557, 0.0016402238826613306
0.289313569380761, 0.35555555555555557, 0.0044319806005088825
0.26412466268238094, 0.35555555555555557, 0.006910899161862182
0.22004575711083788, 0.35555555555555557, 0.01272730503021663
0.08235427998690902, 0.35555555555555557, 0.0030024710804681955
0.18420050098985563, 0.35555555555555557, 0.02304571035032954
0.1998118481693512, 0.35555555555555557, 0.004039935216406864
0.21840528081401764, 0.35555555555555557, 0.0031621263002001355
0.1642391102174296, 0.35555555555555557, 0.008293938838990796
0.1736675790455944, 0.35555555555555557, 0.01433658807609658
0.22265939513841876, 0.35555555555555557, 0.004516923425758677
0.21917011248926518, 0.35555555555555557, 0.014804831935889386
0.2217026207722278, 0.35555555555555557, 0.007666441483487746
0.20075937864867857, 0.35555555555555557, 0.008047472425586025
0.20723030432506157, 0.35555555555555557, 0.0017902839256210966
0.08916376207016415, 0.35555555555555557, 0.0005321669783765388
0.17197666012878213, 0.35555555555555557, 0.003469071342959482
0.15738188924607135, 0.35555555555555557, 0.011363834842524661
0.21418908141105877, 0.35555555555555557, 0.018867843257090212
0.2794708099103533, 0.35555555555555557, 0.003535315284968523
0.167793049084341, 0.35555555555555557, 0.003824015818547771
0.20856058099918695, 0.35555555555555557, 0.013343639608113246
0.10651449720244627, 0.35555555555555557, 0.009821591135365187
0.19242947615572262, 0.35555555555555557, 0.008163223500259768
0.2249130014813914, 0.35555555555555557, 0.0014025361826434882
0.15513898575324858, 0.35555555555555557, 0.005259196753572914
0.20796673153347348, 0.35555555555555557, 0.021885629960069816
0.18178201066291805, 0.35555555555555557, 0.007997282252647082
0.1468600351363803, 0.35555555555555557, 0.001805335206469273
0.10199386468864607, 0.35555555555555557, 0.001504031876869621
0.17163674772427734, 0.35555555555555557, 0.0010365257815320864
0.20881326487894075, 0.35555555555555557, 0.01054309555294429
0.21099672851198725, 0.35555555555555557, 0.0014394045136173709
0.26672170952603863, 0.35555555555555557, 0.003986733552728412
0.1798414189052971, 0.35555555555555557, 0.0005210062775129851
0.2407048700952808, 0.35555555555555557, 0.00560359840379883
0.20438818805858525, 0.35555555555555557, 0.013028502361412782
0.16480270510585118, 0.35555555555555557, 0.009169392335585112
0.1869703339107529, 0.35555555555555557, 0.0035372924163930984
0.21399915329518615, 0.35555555555555557, 0.01018807067427306
0.20573643655786608, 0.35555555555555557, 0.009640804916126289
0.3179132950606112, 0.35555555555555557, 0.01836150200375851
0.2620111620396131, 0.35555555555555557, 0.053816943368362236
0.17568896178765242, 0.35555555555555557, 0.0006612558385285684
0.26442646486048915, 0.35555555555555557, 0.011896603079943049
0.20014546192442922, 0.35555555555555557, 0.01413533946124221
0.28810355695555934, 0.35555555555555557, 0.0026961011925867267
0.21522240855079405, 0.35555555555555557, 0.014836249023539255
0.18277736766974056, 0.35555555555555557, 0.0019287413115347447
0.2664802303004481, 0.35555555555555557, 0.0017719310055278397
0.27331461380131283, 0.35555555555555557, 0.007910526240911066
0.29055499713847893, 0.35555555555555557, 0.01818815749013718
0.29842319186295696, 0.35555555555555557, 0.007788739488950979
0.18118027230034822, 0.35555555555555557, 0.01712149796770071
0.13671860884781284, 0.35555555555555557, 0.0014189206551974132
0.2880652095411157, 0.35555555555555557, 0.006577488083874751
0.16547240123235596, 0.35555555555555557, 0.0002565242892221891
0.19684117748312407, 0.35555555555555557, 0.009065790913762167
0.21304770697796133, 0.35555555555555557, 0.004553763614013092
0.22786080419697885, 0.35555555555555557, 0.0026730400560039725
0.19292887198260197, 0.35555555555555557, 0.06517998279837116
0.15568563711304287, 0.35555555555555557, 0.003856328994687315
0.17999147650893418, 0.35555555555555557, 0.005558879235351964
0.17742207386193046, 0.35555555555555557, 0.0006523260866706204
0.17527728047805483, 0.35555555555555557, 0.008159375087822912
0.22060845180563457, 0.35555555555555557, 0.003315502281347542
0.2920810678333925, 0.35555555555555557, 0.0037092453414538534
0.17255323581462792, 0.35555555555555557, 0.0018375946254316155
0.14731301064542252, 0.35555555555555557, 0.0030335469100478372
0.18446841189487825, 0.35555555555555557, 0.004652658043802987
0.17896435936598246, 0.35555555555555557, 0.002748434709546204
0.18258957615916116, 0.35555555555555557, 0.016924067590887604
0.15618127027179554, 0.35555555555555557, 0.0007558074673847782
0.19500610760071177, 0.35555555555555557, 0.01903257281213606
0.12330924042541433, 0.35555555555555557, 0.0067518551829892645
0.24876513844680753, 0.35555555555555557, 0.00038169484184463883
0.2451355565480048, 0.35555555555555557, 0.0026774617033676457
0.18699655723566477, 0.35555555555555557, 0.01836404197364788
0.2548853176531545, 0.35555555555555557, 0.013413509186111859
0.17688689174759165, 0.35555555555555557, 0.010082128885909297
0.3235590530627065, 0.35555555555555557, 0.003904436953910457
0.20484808082652753, 0.35555555555555557, 0.014203715459123148
0.2154927339395583, 0.35555555555555557, 0.006962094545655609
0.2916141837737117, 0.35555555555555557, 0.012042110195725052
0.17177220131538024, 0.35555555555555557, 0.005572401442874031
0.16443701997932808, 0.35555555555555557, 0.007901160573395639
0.16134496911030324, 0.35555555555555557, 0.020888025046108014
0.17900258915559794, 0.35555555555555557, 0.0014288906113924375
0.2677298261659121, 0.35555555555555557, 0.002133026289233302
0.2341261802885402, 0.35555555555555557, 0.008203371297491203
0.13388569140399537, 0.35555555555555557, 0.003961983715321157
0.21991242188984095, 0.35555555555555557, 0.009290542270349072
0.18453188551856242, 0.35555555555555557, 0.0005144517243554981
0.21088923053035613, 0.35555555555555557, 0.03938614049359035
0.19586124870302252, 0.35555555555555557, 0.0025634657836434136
0.21696917129349347, 0.35555555555555557, 0.000747723126177251
0.24398038207402806, 0.35555555555555557, 0.012246561184383525
0.3006178153678187, 0.35555555555555557, 0.002870093493506323
0.15711060572449653, 0.35555555555555557, 0.020911943988200652
0.21512405974931767, 0.35555555555555557, 0.002806904221515683
0.19182308477756985, 0.35555555555555557, 0.004503056991928326
0.34478800487397554, 0.35555555555555557, 0.029853873275650044
0.15816675975531375, 0.35555555555555557, 0.0316804942273689
0.17554715319691896, 0.35555555555555557, 4.5738421476040444e-05
0.15010318622508081, 0.35555555555555557, 0.020989124136549363
0.2318536483876246, 0.35555555555555557, 0.018763843760183967
0.17611379239364885, 0.35555555555555557, 0.006957469485775697
0.17400810673421616, 0.35555555555555557, 0.0036777429035809188
0.2689543316542688, 0.35555555555555557, 0.0009404153050925577
0.1616409992969135, 0.35555555555555557, 0.0005038365870770974
0.19699623265412824, 0.35555555555555557, 0.011005345005334765
0.1469300996896268, 0.35555555555555557, 0.0173352496509184
0.19632293282325666, 0.35555555555555557, 0.0062408769810460415
0.23239753729411405, 0.35555555555555557, 0.0036013386957897925
0.2299612159864337, 0.35555555555555557, 0.0006566471501235355
0.25069230368452206, 0.35555555555555557, 0.002339912261830147
0.25538577615591773, 0.35555555555555557, 0.0016071258525802358
0.17616590982292307, 0.35555555555555557, 0.0032723169915045446
0.14190658514036242, 0.35555555555555557, 0.0024902337218243235
0.2995949848465631, 0.35555555555555557, 0.0018471184600950192
0.21604672740134062, 0.35555555555555557, 0.014575903048697086
0.1848638564516132, 0.35555555555555557, 0.0014186159161820228
0.23493908116928144, 0.35555555555555557, 0.01571875595228173
0.16469052744336313, 0.35555555555555557, 0.004719450876583792
0.19299767715864397, 0.35555555555555557, 0.012043256769464685
0.08479998506087688, 0.35555555555555557, 0.0041037926444542246
0.237518566521145, 0.35555555555555557, 0.017269134517756454
0.17185461524449652, 0.35555555555555557, 0.008950666148400515
0.2010317529444686, 0.35555555555555557, 0.00605876784254403
0.20268112387314824, 0.35555555555555557, 0.00782762840152557
0.16701032204233388, 0.35555555555555557, 0.011170267228372997
0.30728433209704614, 0.35555555555555557, 0.0006486326444534184
0.18156560716541056, 0.35555555555555557, 0.0052701646101174894
0.20169335454995596, 0.35555555555555557, 0.004227887672123209
0.117165547025194, 0.35555555555555557, 0.011362838512114812
0.2579852617482214, 0.35555555555555557, 0.019906020187575348
0.21416042905862026, 0.35555555555555557, 0.017570298775160954
0.17498461679788088, 0.35555555555555557, 0.02914373376730805
0.2390099205630649, 0.35555555555555557, 0.0075260074269576606
0.16177864182049256, 0.35555555555555557, 0.00366892878115543
0.15164165875732488, 0.35555555555555557, 0.007186583986838569
0.16159158910357668, 0.35555555555555557, 0.00514250190267128
0.1788077962405039, 0.35555555555555557, 0.00437628803124782
0.21133356191748476, 0.35555555555555557, 0.0008225992149460415
0.15350049734437804, 0.35555555555555557, 0.01208086647603586
0.224775740135594, 0.35555555555555557, 0.013014360815505825
0.1890096748048951, 0.35555555555555557, 0.025020553436200382
0.2177721276908023, 0.35555555555555557, 3.8630963988421986e-05
0.22516456434550974, 0.35555555555555557, 0.004441212840431639
0.27348568642021864, 0.35555555555555557, 0.0030552328189216056
0.22445091799248756, 0.35555555555555557, 0.0032354520739046586
0.18227834435211443, 0.35555555555555557, 0.06936241726120033
0.22191615746648138, 0.35555555555555557, 0.014847290718149303
0.11199878156569323, 0.35555555555555557, 0.0053336292991031905
0.2184095519744269, 0.35555555555555557, 0.002044124306419558
0.25454242254664017, 0.35555555555555557, 0.0028430920431631998
0.2622025096032228, 0.35555555555555557, 0.013477012000168511
0.14209201537429172, 0.35555555555555557, 0.00322954623990741
0.25797338578964085, 0.35555555555555557, 0.012951817180681082
0.15574126800688612, 0.35555555555555557, 0.022140456291134262
0.22697751673645986, 0.35555555555555557, 0.007308066808197903
0.11433777053355211, 0.35555555555555557, 0.006184922342872602
0.15205574451560566, 0.35555555555555557, 0.003974420303015807
0.17457351075514657, 0.35555555555555557, 0.001057725378987357
0.2218850191705134, 0.35555555555555557, 0.004176312588126817
0.18800847340130455, 0.35555555555555557, 0.006417935895026126
0.14283187012368725, 0.35555555555555557, 0.012875585926935853
0.2517467222626492, 0.35555555555555557, 0.0006592435783629771
0.20504778151737726, 0.35555555555555557, 0.020604889045362833
0.2306872515330456, 0.35555555555555557, 0.010999698489725178
0.15542726276873314, 0.35555555555555557, 0.0002597804045495149
0.14385209373030433, 0.35555555555555557, 0.004184127389375079
0.12582485833727786, 0.35555555555555557, 0.006438489607393119
0.2380135822507707, 0.35555555555555557, 0.008097583647818105
0.21606303766287754, 0.35555555555555557, 0.005092215749954359
0.25554095952321565, 0.35555555555555557, 0.007789514722428458
0.1857077302829668, 0.35555555555555557, 0.019692063993295837
0.22705598995815784, 0.35555555555555557, 0.0007173956066903921
0.20798310660993805, 0.35555555555555557, 0.0005694570644011694
0.21429314450616507, 0.35555555555555557, 0.001741928918354556
0.1840083982982167, 0.35555555555555557, 0.002413008247040951
0.19678917593087858, 0.35555555555555557, 0.007641920440882903
0.17766591844388965, 0.35555555555555557, 0.01668048037112995
0.24606926833981074, 0.35555555555555557, 0.007657992373961468
0.20224577429156537, 0.35555555555555557, 0.026125317861781096
0.24391842454945029, 0.35555555555555557, 0.00496331319049813
0.2223457892277657, 0.35555555555555557, 0.0050570054943906775
0.11892761567286242, 0.35555555555555557, 0.000659170690558408
0.16586055926025142, 0.35555555555555557, 0.0032124937033157107
0.23477500026127374, 0.35555555555555557, 0.0041934247085741345
0.23440358643598505, 0.35555555555555557, 0.03423427313809884
0.22831961232216905, 0.35555555555555557, 0.020794103696607693
0.18688891169705515, 0.35555555555555557, 0.043270753758748795
0.257436049698504, 0.35555555555555557, 0.008606905276003175
0.17688942374268946, 0.35555555555555557, 0.003260160253456054
0.1763108278180156, 0.35555555555555557, 0.0034809141767362006
0.174546707022217, 0.35555555555555557, 0.00425213822441436
0.1704142051996939, 0.35555555555555557, 0.009156170039037846
0.20604149277533107, 0.35555555555555557, 0.0006324406359774767
0.16649893864809784, 0.35555555555555557, 0.00938111095421265
0.24694994133596493, 0.35555555555555557, 0.01549167052547905
0.2031914691251092, 0.35555555555555557, 0.009763498709089232
0.18083561798831538, 0.35555555555555557, 0.014982169802120268
0.09821953879186754, 0.35555555555555557, 0.016625521515682123
0.22158555585196293, 0.35555555555555557, 0.008999579500940703
0.2510799889364787, 0.35555555555555557, 0.0017981681297574766
0.22440871251347888, 0.35555555555555557, 0.018663364806747327
0.19807669067059255, 0.35555555555555557, 0.024996412475197013
0.2106474472954718, 0.35555555555555557, 0.023281948418908845
0.1570266106370743, 0.35555555555555557, 0.01854810007129091
0.189755890523056, 0.35555555555555557, 0.0008837182096566765
0.22256583668457733, 0.35555555555555557, 0.009294611600851562
0.24883543199558958, 0.35555555555555557, 0.0028714349972737904
0.1529561392606901, 0.35555555555555557, 0.0019880125449253396
0.1501791409854239, 0.35555555555555557, 0.007657044287149329
0.22807016580030004, 0.35555555555555557, 0.0017381935610893138
0.1192561571917366, 0.35555555555555557, 0.005382968667892271
0.14375818948299032, 0.35555555555555557, 0.004880205721673642
0.10916832756969014, 0.35555555555555557, 0.007553990941936037
0.21134495405385334, 0.35555555555555557, 0.003691536985844226
0.2250111249862696, 0.35555555555555557, 0.010911406622050313
0.17953185530695132, 0.35555555555555557, 0.025903075440162807
0.13205276796116172, 0.35555555555555557, 0.014577957988273129
0.2234447799642505, 0.35555555555555557, 0.004369300632336985
0.23871632547033067, 0.35555555555555557, 0.0017519673570679073
0.20341990512949612, 0.35555555555555557, 0.005784198410237358
0.153946491708535, 0.35555555555555557, 0.010507145311720046
0.21656326492584016, 0.35555555555555557, 0.008816150572698878
0.1328801319072212, 0.35555555555555557, 0.005454799756658645
0.20778428757973144, 0.35555555555555557, 0.000631069868072029
0.1963579948063431, 0.35555555555555557, 0.01753043326995411
0.27635289445944317, 0.35555555555555557, 0.014432218867517442
0.09550569295685563, 0.35555555555555557, 0.010852700946756444
0.12846365724111117, 0.35555555555555557, 0.0026317436941339246
0.26311741337186767, 0.35555555555555557, 0.0008382572231914776
0.21265426346700644, 0.35555555555555557, 0.019987506670262636
0.18368943590879283, 0.35555555555555557, 0.0015369255928483613
0.2577989486969919, 0.35555555555555557, 0.0009680486232011452
0.2693472083355829, 0.35555555555555557, 0.0069375489939845075
0.16664381379521206, 0.35555555555555557, 0.0035109312980920364
0.06815417058468551, 0.35555555555555557, 0.005488466768198416
0.21607615251966306, 0.35555555555555557, 0.0017930253899512995
0.15427447905648453, 0.35555555555555557, 0.03442049756668331
0.23389154274743384, 0.35555555555555557, 0.008332713762838706
0.17337150316267125, 0.35555555555555557, 0.003966525198723116
0.24058036729626467, 0.35555555555555557, 0.004848287556476611
0.1678660235585214, 0.35555555555555557, 0.005985358824070985
0.15988953819367113, 0.35555555555555557, 0.024082953615404922
0.11719148976663481, 0.35555555555555557, 0.0034772885605664078
0.18195101555417964, 0.35555555555555557, 0.0021078575072857636
0.178703541934672, 0.35555555555555557, 0.006458925279774797
0.2107982354959226, 0.35555555555555557, 0.014421545358210745
0.1807537342353891, 0.35555555555555557, 0.004923280420181229
0.2425137028530785, 0.35555555555555557, 0.003532941768607478
0.14352786692453717, 0.35555555555555557, 0.0015923026600476748
0.2754458503446637, 0.35555555555555557, 0.0020688125564471403
0.1300106489040159, 0.35555555555555557, 0.008516388243516027
0.16563205577593626, 0.35555555555555557, 0.012157630490945
0.2917003108488051, 0.35555555555555557, 0.011712898877662133
0.2556107027636999, 0.35555555555555557, 0.0053052335996829755
0.14830260062129577, 0.35555555555555557, 0.004944365360570776
0.257726675505274, 0.35555555555555557, 0.0019158763025991141
0.18307986962358472, 0.35555555555555557, 0.012265001918721355
0.2830607835413903, 0.35555555555555557, 0.010837049955212796
0.1751101569633092, 0.35555555555555557, 0.004935396744396415
0.2564315554113721, 0.35555555555555557, 0.008365859131182018
0.18535930730683461, 0.35555555555555557, 3.478255992801173e-05
0.30840775491017186, 0.35555555555555557, 0.002756386697323415
0.2568452089227171, 0.35555555555555557, 0.005378107422905293
0.15567579770866735, 0.35555555555555557, 0.0028481863918939985
0.19419912128431976, 0.35555555555555557, 0.001979818782629672
0.1849376309954685, 0.35555555555555557, 0.005532500537461784
0.2840770588771702, 0.35555555555555557, 0.0020663851158406717
0.21014595011643672, 0.35555555555555557, 0.0012164875403015852
0.14647969625678461, 0.35555555555555557, 0.01430462867241765
0.1933479221249702, 0.35555555555555557, 0.004041141458076415
0.27658592409794547, 0.35555555555555557, 0.0007698464058033027
0.2393707578267984, 0.35555555555555557, 0.003750690569057439
0.11482226552178997, 0.35555555555555557, 0.021789848122076277
0.17908933481174666, 0.35555555555555557, 0.004284966863914958
0.3109850387138655, 0.35555555555555557, 0.0014566145145847587
0.16464816572750748, 0.35555555555555557, 0.015480873381747912
0.32838218264432667, 0.35555555555555557, 0.002372185232523832
0.17063181908739342, 0.35555555555555557, 0.004802042920341417
0.2475085266801819, 0.35555555555555557, 0.00013355800018207542
0.1626415019597216, 0.35555555555555557, 0.001483627675564046
0.1534246809940272, 0.35555555555555557, 0.009359218616343989
0.22525496847361928, 0.35555555555555557, 0.006909466313653278
0.2552115615078846, 0.35555555555555557, 0.01568794173248075
0.1565671573024425, 0.35555555555555557, 0.0012392044380762077
0.14915876965586725, 0.35555555555555557, 0.010381915473200958
0.13318962411045188, 0.35555555555555557, 0.001143777489966603
0.2084042848439115, 0.35555555555555557, 0.02557664846980299
0.14924552915306533, 0.35555555555555557, 0.002146794677546286
0.19030481664788873, 0.35555555555555557, 6.892108390390432e-05
0.2110940296942988, 0.35555555555555557, 0.009371489835851579
0.06435147893275872, 0.35555555555555557, 0.0019802894015637762
0.2391890459906984, 0.35555555555555557, 0.00367056179836856
0.19307403849634033, 0.35555555555555557, 0.009148737994820513
0.21906798247577297, 0.35555555555555557, 0.0008624034279955283
0.2852564335215756, 0.35555555555555557, 0.0011855027623358203
0.19222134133097235, 0.35555555555555557, 0.0031773022465029993
0.12382099663394103, 0.35555555555555557, 0.01073490961254608
0.17731734977843408, 0.35555555555555557, 0.006916703831995968
0.15948354911721474, 0.35555555555555557, 0.014327471105702925
0.26559923987939826, 0.35555555555555557, 0.00233923401109773
0.2731527198177187, 0.35555555555555557, 0.0014774858633769695
0.13542592674971893, 0.35555555555555557, 0.017792930462454632
0.177231420036873, 0.35555555555555557, 0.004820287726407436
0.17809843371874623, 0.35555555555555557, 0.013575200690484625
0.23253991330761775, 0.35555555555555557, 0.010088201875116885
0.24099069810518983, 0.35555555555555557, 0.0073136051160543804
0.14857227605424372, 0.35555555555555557, 0.007810243017634637
0.23110462846150004, 0.35555555555555557, 0.0007871951241500694
0.2691940909650062, 0.35555555555555557, 0.001480613859762011
0.050033027999422997, 0.35555555555555557, 0.00821029983933631
0.16674417355197352, 0.35555555555555557, 0.008142329997488445
0.18176502244071752, 0.35555555555555557, 0.003085008256391102
0.17809573914139143, 0.35555555555555557, 0.015036777119477856
0.27784573488628517, 0.35555555555555557, 0.004517996011737564
0.1770807794313123, 0.35555555555555557, 0.013752094880415221
0.18272846569706672, 0.35555555555555557, 0.005775772302047356
0.17031858835171632, 0.35555555555555557, 0.03125910594700157
0.24546112212730253, 0.35555555555555557, 0.00235859356886565
0.16539107094931466, 0.35555555555555557, 0.0036733497639170228
0.24558439371841567, 0.35555555555555557, 0.014654670494447833
0.20369045260814128, 0.35555555555555557, 0.016874752372485344
0.18788217093476267, 0.35555555555555557, 0.007606572727719513
0.16328522045302063, 0.35555555555555557, 0.006505086367895917
0.17929089731589104, 0.35555555555555557, 0.004956172975597358
0.15667961239786876, 0.35555555555555557, 0.005137440681362045
0.19678313617443416, 0.35555555555555557, 0.023105006965392118
0.10764552318719683, 0.35555555555555557, 0.007419084606245764
0.19435902453415344, 0.35555555555555557, 0.021126980861603258
0.20145615984440912, 0.35555555555555557, 0.006139391084026492
0.26344313992908397, 0.35555555555555557, 0.01092407227978544
0.11717646889915694, 0.35555555555555557, 0.0005939071421940738
0.2300403507500654, 0.35555555555555557, 0.005714538083338012
0.15647408892402792, 0.35555555555555557, 0.010632078966876917
0.22106842453383432, 0.35555555555555557, 0.002250793483962913
0.2963373561636814, 0.35555555555555557, 0.006080645101889614
0.14222156369294506, 0.35555555555555557, 0.011961276050237899
0.20909710052269828, 0.35555555555555557, 0.010759166100285242
0.15301260880340395, 0.35555555555555557, 0.010267502817058918
0.22991264201256456, 0.35555555555555557, 0.00229982804232804
0.15332329099867892, 0.35555555555555557, 0.0026656411684071266
0.25977474949005885, 0.35555555555555557, 0.010942782183844457
0.1243180409204654, 0.35555555555555557, 0.00626435014601384
0.20989094505770015, 0.35555555555555557, 0.01154789558031202
0.20877157531332463, 0.35555555555555557, 0.003189148291367343
0.14016112541378412, 0.35555555555555557, 0.024865886692242548
0.13105674835339487, 0.35555555555555557, 0.005307852360019769
0.1690222156639384, 0.35555555555555557, 0.00280963452791766
0.293383194624806, 0.35555555555555557, 8.07713525559489e-06
0.1844085768327629, 0.35555555555555557, 0.002478287742923526
0.1572497392573585, 0.35555555555555557, 0.00535644620722051
0.29787701700163427, 0.35555555555555557, 0.004433721609030538
0.17315796292440333, 0.35555555555555557, 0.011447562182338559
0.23889191253267633, 0.35555555555555557, 0.003539335701948732
0.27882996816102024, 0.35555555555555557, 0.0013060517766694266
0.1804494173696257, 0.35555555555555557, 0.0027862602218833563
0.21276281286406035, 0.35555555555555557, 0.010065840519604229
0.3095975263791827, 0.35555555555555557, 0.00024102059031204555
0.21375257965918015, 0.35555555555555557, 0.021596695458003877
0.21130690950689926, 0.35555555555555557, 0.021967232968359857
0.1434120987541641, 0.35555555555555557, 0.01973438715399508
0.22990370542989708, 0.35555555555555557, 0.003829049085619724
0.2763533264657129, 0.35555555555555557, 0.005119575750675831
0.1926917215701932, 0.35555555555555557, 0.008688568549091447
0.19852600984752963, 0.35555555555555557, 0.004134782060562517
0.19360848186367907, 0.35555555555555557, 0.007212144930421087
0.08411688572607522, 0.35555555555555557, 0.0026554022507477727
0.2835332283689198, 0.35555555555555557, 0.021903934428014863
0.17514040033358888, 0.35555555555555557, 0.0026585323844540805
0.2188445026334954, 0.35555555555555557, 0.005304850729122653
0.227438602154853, 0.35555555555555557, 0.004579161240199038
0.17707127425672525, 0.35555555555555557, 0.0009450394896692761
0.27285313784312304, 0.35555555555555557, 0.0009167882862885571
0.10485783613625471, 0.35555555555555557, 0.0012924198082492585
0.23853069221818937, 0.35555555555555557, 0.020503106003360902
0.1802753564661413, 0.35555555555555557, 0.0021282477762599927
0.19510239314592082, 0.35555555555555557, 0.0015803532750138616
0.13085924025421808, 0.35555555555555557, 0.010471998246617379
0.30128251636046327, 0.35555555555555557, 0.006191840481550206
0.10870446329404226, 0.35555555555555557, 0.005038180833542225
0.17402962146609, 0.35555555555555557, 0.0005870603329686165
0.17392258761418555, 0.35555555555555557, 0.017807659108711748
0.2115718538514592, 0.35555555555555557, 0.003181158263890699
0.2270064378184462, 0.35555555555555557, 0.009147821811402274
0.14917565819711026, 0.35555555555555557, 0.031724575997457496
0.1449475168831414, 0.35555555555555557, 0.003932074255254731
0.12153942690594077, 0.35555555555555557, 0.011070144325960929
0.1433444720327812, 0.35555555555555557, 0.0010646920109073847
0.16117618209209766, 0.35555555555555557, 0.006589292680045601
0.19175976331931363, 0.35555555555555557, 0.002153586979854654
0.2206947671683019, 0.35555555555555557, 0.01461049009593127
0.18514396672058037, 0.35555555555555557, 0.007656807749639037
0.24925395863981475, 0.35555555555555557, 0.0052106346626527925
0.20232039849566605, 0.35555555555555557, 0.00038132083266377613
0.2505299868985894, 0.35555555555555557, 0.003660025119971225
0.2229826591500402, 0.35555555555555557, 0.009883887388418692
0.27191618090677966, 0.35555555555555557, 0.004801534000169945
0.19231404142451256, 0.35555555555555557, 0.009211910923660608
0.22983368482010186, 0.35555555555555557, 0.0028954250851970418
0.1552132659772873, 0.35555555555555557, 0.002240469697084207
0.21815264593925496, 0.35555555555555557, 0.010125104602728254
0.20102005712096335, 0.35555555555555557, 0.0100201951254794
0.17068035171427404, 0.35555555555555557, 0.014516458009345541
0.07395722115613224, 0.35555555555555557, 0.001709315973048366
0.1848402736984659, 0.35555555555555557, 0.003413608737991251
0.28439424995134804, 0.35555555555555557, 0.013926228727906591
0.11671710009410452, 0.35555555555555557, 0.009840251160761601
0.23198833252984752, 0.35555555555555557, 0.007931408772164937
0.18345783901783078, 0.35555555555555557, 0.0012869939888565563
0.32596790460586456, 0.35555555555555557, 0.011161836048752294
0.21947210193651356, 0.35555555555555557, 0.0077941606320801925
0.1377949679561391, 0.35555555555555557, 0.0014378912377506004
0.2026674610322295, 0.35555555555555557, 0.00551901652675075
0.2718521175003068, 0.35555555555555557, 0.007807951771722519
0.1695496213772174, 0.35555555555555557, 0.01596768310010779
0.19662286892789863, 0.35555555555555557, 0.007221625016343952
0.21298602391066004, 0.35555555555555557, 3.497145163478934e-05
0.18180869851894293, 0.35555555555555557, 0.0046923742724102446
0.19165668185253285, 0.35555555555555557, 0.02233898443726476
0.2553875135661021, 0.35555555555555557, 0.016899535433541283
0.15689386418351056, 0.35555555555555557, 0.003848959068308833
0.25179967764468686, 0.35555555555555557, 0.0015486051840004715
0.17434702527168175, 0.35555555555555557, 0.0026037357488144955
0.26860267727131276, 0.35555555555555557, 0.0032967392552231047
0.24600523571584837, 0.35555555555555557, 0.0013494051502220862
0.1582649108726506, 0.35555555555555557, 0.006872333389529669
0.22276181147237378, 0.35555555555555557, 0.001385371583409399
0.11945466562811746, 0.35555555555555557, 0.000477272930941095
0.1403537130692432, 0.35555555555555557, 0.022694749291617317
0.20434798299616558, 0.35555555555555557, 0.004655518190376181
0.15392135754822647, 0.35555555555555557, 0.006378343504796577
0.15943811915134604, 0.35555555555555557, 0.007072076382539227
0.2945228291755264, 0.35555555555555557, 0.0003168241982372697
0.2688175287290916, 0.35555555555555557, 0.0011748491445426118
0.2086612166210463, 0.35555555555555557, 0.04631537579301331
0.20010439390565582, 0.35555555555555557, 0.04486956464957313
0.27337518306420394, 0.35555555555555557, 0.006714702361146777
0.2001352774280921, 0.35555555555555557, 0.01367157525321908
0.0885586649606877, 0.35555555555555557, 0.010297173331299973
0.24681134698230492, 0.35555555555555557, 0.004717987712725658
0.2548533119825824, 0.35555555555555557, 0.0067603710084086395
0.19191854407179468, 0.35555555555555557, 0.017014237589397612
0.2612079464254874, 0.35555555555555557, 0.0006530136594679719
0.1946918776219217, 0.35555555555555557, 0.020299388734039088
0.1363003826931878, 0.35555555555555557, 0.010357023087732746
0.10593464639621597, 0.35555555555555557, 0.0017641078817728314
0.20488469049824276, 0.35555555555555557, 0.005648354778353918
0.12985625550813512, 0.35555555555555557, 0.006324207997779684
0.19254430554189872, 0.35555555555555557, 0.001782843855403806
0.2250791120091347, 0.35555555555555557, 0.01357724008552869
0.20328262359831303, 0.35555555555555557, 0.013615292240816873
0.20889150672423168, 0.35555555555555557, 0.0008215200556948375
0.10860506341972898, 0.35555555555555557, 0.004431611129302337
0.18519847176939178, 0.35555555555555557, 0.010860775860691327
0.21931874684713573, 0.35555555555555557, 0.009505566213982715
0.13215936447930407, 0.35555555555555557, 0.009024413478833085
0.16175187168161442, 0.35555555555555557, 0.007656140077971754
0.16815529476936908, 0.35555555555555557, 0.0032023814979722878
0.21578134891285644, 0.35555555555555557, 0.007202160561441125
0.21564453433774405, 0.35555555555555557, 0.015324079386050267
0.12806369551198069, 0.35555555555555557, 0.0024299917020960647
0.09742508887523037, 0.35555555555555557, 0.005099400664974362
0.18803905441089833, 0.35555555555555557, 0.014556818531537053
0.18162194415756755, 0.35555555555555557, 0.02217921636626441
0.1386496297790718, 0.35555555555555557, 0.008831952466067881
0.10643823105290466, 0.35555555555555557, 0.016736569153629477
0.1403875691376859, 0.35555555555555557, 0.06730751632796718
0.22259856470813577, 0.35555555555555557, 0.03586207274889739
0.21598025667111176, 0.35555555555555557, 0.002102009915829036
0.1637172357175772, 0.35555555555555557, 0.0018477972665244397
0.24855084792711282, 0.35555555555555557, 0.003932610875421116
0.24008360276199314, 0.35555555555555557, 0.007428501078242383
0.10254951825823384, 0.35555555555555557, 0.0038644342059796872
0.17789634840082585, 0.35555555555555557, 0.011882232454536937
0.11277442742831015, 0.35555555555555557, 0.0006236448703137459
0.19910809817037303, 0.35555555555555557, 0.00561205401796329
0.2855841040436433, 0.35555555555555557, 0.029623359150003574
0.25300711465956066, 0.35555555555555557, 0.00500298432010983
0.22939758574629848, 0.35555555555555557, 0.004695464210350257
0.24699055544455925, 0.35555555555555557, 0.00466546952917864
0.19266829080531161, 0.35555555555555557, 0.005099575274248244
0.1621098260096539, 0.35555555555555557, 0.0039634119748720095
0.19481947864983012, 0.35555555555555557, 0.0016822075725680971
0.23872974271492, 0.35555555555555557, 0.0007396861937423882
0.22889918789533306, 0.35555555555555557, 0.012314514784031273
0.17391854145388233, 0.35555555555555557, 0.0005089768687765031
0.17316973285055284, 0.35555555555555557, 0.01262671951709525
0.23255784055879203, 0.35555555555555557, 0.0013472765851017642
0.20001861728627807, 0.35555555555555557, 0.003629679965939557
0.2641782689546916, 0.35555555555555557, 0.01632144741205814
0.23508517526279704, 0.35555555555555557, 0.006690075688589632
0.17161155308319598, 0.35555555555555557, 0.0037052392429644996
0.15605792868444032, 0.35555555555555557, 0.03666407015958332
0.19221312005911695, 0.35555555555555557, 0.004535035476505846
0.19959639385799172, 0.35555555555555557, 0.011488064852661692
0.16425842689229642, 0.35555555555555557, 0.015833200870194537
0.15179275141093806, 0.35555555555555557, 0.024385317436391055
0.1764539978459915, 0.35555555555555557, 0.002677280988643441
0.3324461529678159, 0.35555555555555557, 0.0049486425768973915
0.1898478367351337, 0.35555555555555557, 0.001081845306898101
0.21911009022367678, 0.35555555555555557, 0.04251034893523647
0.20386431060000154, 0.35555555555555557, 0.005297487208845264
0.2067193412088022, 0.35555555555555557, 0.011107539321610215
0.24322825096924305, 0.35555555555555557, 0.007103670824262782
0.19022160534266783, 0.35555555555555557, 0.012571763804578548
0.26809490830564925, 0.35555555555555557, 0.00064647977513906
0.1676178737300243, 0.35555555555555557, 0.006372505186510932
0.11840645004133432, 0.35555555555555557, 0.0032563957766629415
0.272932467009334, 0.35555555555555557, 0.002588023246919151
0.21401095493186562, 0.35555555555555557, 0.00461556642046592
0.23246989332098855, 0.35555555555555557, 0.01400284739635058
0.22008814607642876, 0.35555555555555557, 0.0031747243829199326
0.21978610461683265, 0.35555555555555557, 0.0008707017258452375
0.17787572403877686, 0.35555555555555557, 0.009138150606831506
0.16092844520431254, 0.35555555555555557, 0.0055796254576266115
0.09012987857676705, 0.35555555555555557, 0.004741052917803317
0.23603200323164977, 0.35555555555555557, 0.002105758359088952
0.19806543101800478, 0.35555555555555557, 0.016434369216317538
0.22382810152667487, 0.35555555555555557, 0.00903890713930617
0.167007476420019, 0.35555555555555557, 0.004536669113164651
0.1972516703154806, 0.35555555555555557, 0.004717749993159906
0.10607133462492523, 0.35555555555555557, 0.007558922629603374
0.23648756292362272, 0.35555555555555557, 0.024603131222821505
0.13998507184979875, 0.35555555555555557, 0.006691916553605387
0.22753887141420234, 0.35555555555555557, 0.01055587853809693
0.12644335973260207, 0.35555555555555557, 0.0024621474823919797
0.19024759933565594, 0.35555555555555557, 0.007349071734558199
0.18286633685008, 0.35555555555555557, 0.004711983944071049
0.3139633635594288, 0.35555555555555557, 0.01796554717135546
0.1742871015849036, 0.35555555555555557, 0.014696454754917784
0.2577513222369574, 0.35555555555555557, 0.0001162761356699931
0.2271004301614605, 0.35555555555555557, 0.0007203851572438591
0.15699061035923098, 0.35555555555555557, 0.0007041892236463868
0.13838271436245275, 0.35555555555555557, 0.010548606760233486
0.14571217179104617, 0.35555555555555557, 0.003541210685563146
0.15424459958652537, 0.35555555555555557, 0.01477959994430021
0.2705255567498137, 0.35555555555555557, 0.021468647724868544
0.14903956222508463, 0.35555555555555557, 0.02322664910268679
0.1993118646568981, 0.35555555555555557, 0.003785022248515855
0.22700113636650218, 0.35555555555555557, 0.007190908732392218
0.2134821593674477, 0.35555555555555557, 0.025457216810787702
0.16101283216640436, 0.35555555555555557, 0.022220622345262155
0.135511734491577, 0.35555555555555557, 0.004958655755186565
0.2159817013122778, 0.35555555555555557, 0.007301294673302737
0.20419080696786604, 0.35555555555555557, 0.002513750736242724
0.2421181341391771, 0.35555555555555557, 0.0036972823017538754
0.2509304521338875, 0.35555555555555557, 0.00415935663469367
0.21904825407162942, 0.35555555555555557, 0.011341178492349986
0.09320882537340135, 0.35555555555555557, 0.0016537334533178935
0.27420680912862605, 0.35555555555555557, 0.005592611610056808
0.24210284045175684, 0.35555555555555557, 0.011401696780399432
0.16717828089000306, 0.35555555555555557, 0.00019597468141953852
0.19275854719069313, 0.35555555555555557, 0.022276549881380617
0.26931176859209244, 0.35555555555555557, 0.004313321792643896
0.16566942514130037, 0.35555555555555557, 0.019156060160910347
0.2546351801054274, 0.35555555555555557, 0.006555479404721086
0.11149882239870484, 0.35555555555555557, 0.007629987966915931
0.22433191678798095, 0.35555555555555557, 5.663251476655888e-06
0.21837576020652477, 0.35555555555555557, 0.0020982861498195643
0.19547419835402707, 0.35555555555555557, 0.00638583647719632
0.18517394263139605, 0.35555555555555557, 0.029998659151977046
0.22362955764344655, 0.35555555555555557, 0.005334569644201891
0.2680934031341597, 0.35555555555555557, 0.006751557519916537
0.21675564834244784, 0.35555555555555557, 0.007143915067633905
0.21619641164638187, 0.35555555555555557, 0.015772200607408148
0.2086946350790091, 0.35555555555555557, 0.013945493492011943
0.10465885980294665, 0.35555555555555557, 0.00026243068882148024
0.15198586796310956, 0.35555555555555557, 0.003257785088554681
0.2689882236864462, 0.35555555555555557, 0.0225855766555503
0.1944497161145476, 0.35555555555555557, 0.006637961634479993
0.17362821374903586, 0.35555555555555557, 0.0014474593864726194
0.1791988075308723, 0.35555555555555557, 0.0002523889319090408
0.23050927215333164, 0.35555555555555557, 0.0019688850986095945
0.18569952859079786, 0.35555555555555557, 0.002690969718608372
0.22098503790428417, 0.35555555555555557, 0.005798377989152698
0.16190404234391995, 0.35555555555555557, 0.002400688509173278
0.22250231794706057, 0.35555555555555557, 0.005245431157887341
0.23401565909365696, 0.35555555555555557, 0.0056690810405871745
0.16247883961647408, 0.35555555555555557, 0.003985930762313007
0.21512061917039088, 0.35555555555555557, 0.0046007005460387464
0.24803526054604413, 0.35555555555555557, 0.0009707277100566256
0.2630183645103844, 0.35555555555555557, 0.0027964355482830443
0.18173562282330946, 0.35555555555555557, 0.017006359141596757
0.14971797992014146, 0.35555555555555557, 0.000415181982657931
0.14207485575268303, 0.35555555555555557, 0.001713185561299085
0.25172724818779885, 0.35555555555555557, 0.0031558890753358893
0.13620984812020104, 0.35555555555555557, 0.0024489358194823064
0.23735229118343862, 0.35555555555555557, 0.005197398670960614
0.19630498271812044, 0.35555555555555557, 0.0077772415102054905
0.19069475565357594, 0.35555555555555557, 0.00912686668601242
0.15908644839474673, 0.35555555555555557, 0.00439187142777198
0.20644900939488478, 0.35555555555555557, 0.000507420657438856
0.2209956920444055, 0.35555555555555557, 0.015140847592748712
0.2066793481570453, 0.35555555555555557, 0.0021356602513978654
0.23868738226213457, 0.35555555555555557, 0.0014456839256059171
0.2582842073020768, 0.35555555555555557, 0.017639642575652127
0.2969861096929224, 0.35555555555555557, 0.008943968310269406
0.2481460368921799, 0.35555555555555557, 0.003102130638759328
0.11004749140855344, 0.35555555555555557, 0.01248469069049681
0.19721519119352388, 0.35555555555555557, 0.007289907229846617
0.2285673898054956, 0.35555555555555557, 0.010505954042021608
0.27479426288615927, 0.35555555555555557, 0.004355567302743631
0.1343733122119651, 0.35555555555555557, 0.0019797264279536836
0.15258916269389336, 0.35555555555555557, 0.00948875028751591
0.1468982231996424, 0.35555555555555557, 0.003652087765416008
0.14524863235424432, 0.35555555555555557, 0.03558455884031505
0.16988025877859975, 0.35555555555555557, 0.003873797313904606
0.2539603235673326, 0.35555555555555557, 0.0034893219404370703
0.19530070320053192, 0.35555555555555557, 0.00264191966761839
0.22185838146528808, 0.35555555555555557, 0.008675036791772419
0.15006174490524343, 0.35555555555555557, 0.022468463592707783
0.20274803656957963, 0.35555555555555557, 0.006647618014304257
0.16321457690010605, 0.35555555555555557, 0.006717609024470967
0.2146901949830523, 0.35555555555555557, 0.016104328800021155
0.13144008721076544, 0.35555555555555557, 0.009024169233484142
0.24955269989301984, 0.35555555555555557, 0.0028017145491252165
0.18974405893184945, 0.35555555555555557, 0.0019869581665094447
0.227404318174966, 0.35555555555555557, 0.0033837537562509978
0.2151285216978832, 0.35555555555555557, 0.01345631357945299
0.19262000999726384, 0.35555555555555557, 0.018580336156458988
0.2410233385651409, 0.35555555555555557, 0.0031307485332605404
0.21303738387757773, 0.35555555555555557, 0.0038415175815487475
0.27097724264138623, 0.35555555555555557, 0.030194933553759185
0.1383978109576283, 0.35555555555555557, 0.007641148002058181
0.22847416714599006, 0.35555555555555557, 0.0014641875159522317
0.16127951573905852, 0.35555555555555557, 0.023214541682471706
0.1412127068359918, 0.35555555555555557, 0.01377278217737508
0.16998072868169772, 0.35555555555555557, 0.024945408794378284
0.2484414231768932, 0.35555555555555557, 0.007190411113608028
0.23940571783271686, 0.35555555555555557, 0.008442082524626448
0.18188828442232072, 0.35555555555555557, 0.006633776746074192
0.16683550914889894, 0.35555555555555557, 0.0037940598523786514
0.27817330570923715, 0.35555555555555557, 4.726981157417445e-05
0.21777586716583552, 0.35555555555555557, 0.001708418104821725
0.22996883039768182, 0.35555555555555557, 0.021876153592597744
0.29521646685829256, 0.35555555555555557, 0.0026918856076615654
0.2748833548107471, 0.35555555555555557, 0.0034668202107436077
0.2286285196252511, 0.35555555555555557, 0.02530977593791633
0.1825809165329761, 0.35555555555555557, 0.028872837223826768
0.14406981388037254, 0.35555555555555557, 0.011221551575614308
0.2025357876404177, 0.35555555555555557, 0.01079188066015879
0.2724963123466436, 0.35555555555555557, 0.004270453315354594
0.125637754287877, 0.35555555555555557, 0.009094288838890782
0.11903486504723365, 0.35555555555555557, 0.0027047277857746486
0.2676509410098265, 0.35555555555555557, 0.002277709791874155
0.17948588364523435, 0.35555555555555557, 0.003155723107291946
0.19657344628003484, 0.35555555555555557, 0.0014446601401328545
0.2142331339157847, 0.35555555555555557, 0.0012611601042729454
0.14736335615139945, 0.35555555555555557, 0.0026033241269361887
0.2157822997534806, 0.35555555555555557, 0.05094020774204258
0.14430503612136814, 0.35555555555555557, 0.006197085305188361
0.14689088667194744, 0.35555555555555557, 0.013773357651690469
0.1983693559377228, 0.35555555555555557, 0.03412637715164846
0.27247537275834655, 0.35555555555555557, 0.0058627119829451745
0.16381004138088545, 0.35555555555555557, 0.01210614781079112
0.19894648642696733, 0.35555555555555557, 0.001815059369692575
0.22267357363860799, 0.35555555555555557, 0.002016432954696149
0.1816053561209222, 0.35555555555555557, 0.003989596747721612
0.24602577132156694, 0.35555555555555557, 0.006917783656219984
0.13659554056386147, 0.35555555555555557, 0.007958798843246476
0.19267054507522194, 0.35555555555555557, 0.01051772076901754
0.16074727481032086, 0.35555555555555557, 0.002215260475405517
0.2433345157746424, 0.35555555555555557, 0.003842920339496711
0.1911552505590542, 0.35555555555555557, 2.0264490711730552e-05
0.17255896608204305, 0.35555555555555557, 0.0010035342110700399
0.09454149096751373, 0.35555555555555557, 0.0048137115189140125
0.20138659978407547, 0.35555555555555557, 0.009768141000230978
0.203322177979727, 0.35555555555555557, 0.004015768485080538
0.23811328448711583, 0.35555555555555557, 0.012536187384307229
0.27473231440376084, 0.35555555555555557, 0.01846497546597314
0.24332611013421504, 0.35555555555555557, 0.0010066533644399935
0.21988127460829043, 0.35555555555555557, 0.0017810831346259483
0.09002755318522103, 0.35555555555555557, 0.0068421931748655265
0.2015694593640079, 0.35555555555555557, 0.000670748114693417
0.1592865848835526, 0.35555555555555557, 0.013432053653041414
0.23995407864482637, 0.35555555555555557, 0.0001382205577910416
0.1292509116001206, 0.35555555555555557, 0.0006603924570496541
0.20452663555118444, 0.35555555555555557, 0.0005909431173546615
0.2908614109505951, 0.35555555555555557, 0.012285071478258629
0.1817886533947734, 0.35555555555555557, 0.01320822477815799
0.06894958221675074, 0.35555555555555557, 0.008723058194813933
0.28657520601800224, 0.35555555555555557, 0.002302368872633514
0.2635712135009924, 0.35555555555555557, 0.0028723290968766615
0.22595026968856183, 0.35555555555555557, 0.007567404898981511
0.15124983086344995, 0.35555555555555557, 0.011967598600715786
0.21862434794927188, 0.35555555555555557, 0.0008170507368253899
0.2766239491481969, 0.35555555555555557, 0.003168866147376341
0.15031080093065446, 0.35555555555555557, 0.0013581632865961226
0.19940355760459036, 0.35555555555555557, 0.020625922886530135
0.21403466381111136, 0.35555555555555557, 0.016021657468620047
0.20374367350636716, 0.35555555555555557, 0.01218685700147074
0.201619814931486, 0.35555555555555557, 0.002878295400927949
0.12832939915053887, 0.35555555555555557, 0.004938085859996556
0.17190831585401764, 0.35555555555555557, 0.017236361037045084
0.2320008856526995, 0.35555555555555557, 0.003121455442492429
0.12149935918770405, 0.35555555555555557, 0.015587271993328197
0.24397111563723295, 0.35555555555555557, 0.011581925104793379
0.17903364181600787, 0.35555555555555557, 0.001035970456214322
0.146286171336295, 0.35555555555555557, 0.027933528461438182
0.13845472207807336, 0.35555555555555557, 0.006238320988867722
0.307701968436079, 0.35555555555555557, 0.0009400203000343732
0.23030485295092054, 0.35555555555555557, 0.013802813143945509
0.19302364808241246, 0.35555555555555557, 0.005012151818610757
0.16827230677671995, 0.35555555555555557, 0.0010470863849094067
0.1759542876313245, 0.35555555555555557, 0.00021943664820106795
0.19086210054420513, 0.35555555555555557, 0.004687147346577257
0.14790252824286906, 0.35555555555555557, 0.002364902535513948
0.1891618451055622, 0.35555555555555557, 0.00575398247832593
0.18906553852628513, 0.35555555555555557, 0.0037133039900678695
0.18269087941481355, 0.35555555555555557, 0.0075774530261274115
0.2273071965839577, 0.35555555555555557, 0.02100671131396729
0.19713355686817116, 0.35555555555555557, 0.01629421988751246
0.11550023784145758, 0.35555555555555557, 0.004750674813401481
0.1858056547911439, 0.35555555555555557, 0.006678062980291702
0.10927030538209165, 0.35555555555555557, 0.019969889031135002
0.20324208511366262, 0.35555555555555557, 0.000936470671711296
0.15320364260421843, 0.35555555555555557, 0.004727136344466108
0.16357912891786322, 0.35555555555555557, 0.004281166493855871
0.16750981994734035, 0.35555555555555557, 0.016798146319363577
0.22503913736547793, 0.35555555555555557, 0.004620798716282918
0.18608377406044233, 0.35555555555555557, 0.008246541837941131
0.18141123983260574, 0.35555555555555557, 0.0026786775701788386
0.24824163635352336, 0.35555555555555557, 0.004594943192367899
0.229867484764006, 0.35555555555555557, 0.0030938754123810575
0.17703727184502857, 0.35555555555555557, 0.020283229615632715
0.1513439756961635, 0.35555555555555557, 0.006869429597046882
0.15165430971184965, 0.35555555555555557, 0.004591166996465683
0.2316235249142079, 0.35555555555555557, 0.0015500932317356105
0.1063554463803596, 0.35555555555555557, 0.004147169737653096
0.12421680604465367, 0.35555555555555557, 0.0029173462635902593
0.2042573384204778, 0.35555555555555557, 0.016426200404456855
0.09269412168762824, 0.35555555555555557, 0.003698386210632156
0.2606384252947932, 0.35555555555555557, 0.004995316405510241
0.17976153809937315, 0.35555555555555557, 0.016238105603135263
0.28429577882373164, 0.35555555555555557, 0.008456905501643186
0.26107836635914894, 0.35555555555555557, 0.010262080468687077
0.17504106845765494, 0.35555555555555557, 0.005709521294720075
0.28549998586032177, 0.35555555555555557, 0.002528157638967117
0.2174430075177805, 0.35555555555555557, 0.02080698430742045
0.24881237883540216, 0.35555555555555557, 0.0011795282551066116
0.2568834176976244, 0.35555555555555557, 0.02254349803319216
0.2814726452922737, 0.35555555555555557, 0.0037660490673765683
0.20656993917789745, 0.35555555555555557, 0.015170857091241725
0.21949856053129374, 0.35555555555555557, 0.00037813568854509056
0.23236304400873062, 0.35555555555555557, 0.0004102406954046853
0.22216122949234507, 0.35555555555555557, 0.003908152028957516
0.19825923977502938, 0.35555555555555557, 0.017220592242635856
0.25035385454437503, 0.35555555555555557, 0.006906318816016589
0.3103774590029217, 0.35555555555555557, 0.004733739115831334
0.13310451779431548, 0.35555555555555557, 0.016037008226233985
0.2374000739261636, 0.35555555555555557, 0.0007184557939857101
0.23524097375750452, 0.35555555555555557, 0.006423139146874877
0.2845762059335282, 0.35555555555555557, 0.020405087651664797
0.2626374110665336, 0.35555555555555557, 0.005059610480150548
0.21981944649642043, 0.35555555555555557, 0.002042011507578071
0.22001375765799452, 0.35555555555555557, 0.004174939577546476
0.21187777188526338, 0.35555555555555557, 0.00785539682008805
0.17476759637781525, 0.35555555555555557, 0.0011440403069493442
0.22446662859367256, 0.35555555555555557, 0.020297410430238035
0.20237911776448364, 0.35555555555555557, 0.01553281424770862
0.16332654442792469, 0.35555555555555557, 0.007356019036871427
0.1802118336587305, 0.35555555555555557, 0.019996264875349275
0.2035842831287884, 0.35555555555555557, 0.03787360259228768
0.10576909246984469, 0.35555555555555557, 0.027485500597613195
0.19349591137489155, 0.35555555555555557, 0.009648705681943297
0.17670669636420028, 0.35555555555555557, 0.006862590096097738
0.12500631446252364, 0.35555555555555557, 0.0011347747031684226
0.19232609787717792, 0.35555555555555557, 0.008012952082861626
0.11368595633062094, 0.35555555555555557, 0.0018349707340938515
0.2408472412361923, 0.35555555555555557, 0.004504927740621704
0.298021822855101, 0.35555555555555557, 0.004296331793187095
0.2915616391784613, 0.35555555555555557, 0.003006042503610973
0.27158973955059085, 0.35555555555555557, 0.007016701950197972
0.22112825381069562, 0.35555555555555557, 0.0020740614427879754
0.24137670865848215, 0.35555555555555557, 0.0064321082091686075
0.23329272063377385, 0.35555555555555557, 0.015534973758854794
0.19845858862576138, 0.35555555555555557, 0.0062778007647638166
0.3110102214047449, 0.35555555555555557, 0.014217268499238257
0.12053671194937923, 0.35555555555555557, 0.003614082978869026
0.22808328773942255, 0.35555555555555557, 0.0012468030522006534
0.14097877591436384, 0.35555555555555557, 0.0029970031042312923
0.18092239756271197, 0.35555555555555557, 0.01205812122476342
0.14671600713865054, 0.35555555555555557, 0.00010402743896058335
0.16756054131322418, 0.35555555555555557, 0.007415307092581337
0.18625443641939954, 0.35555555555555557, 0.002661291076699672
0.22136019096980325, 0.35555555555555557, 0.017181416577935014
0.14654573895523146, 0.35555555555555557, 0.00962678568873988
0.18014851469730686, 0.35555555555555557, 0.0010644578085488032
0.16860440798861553, 0.35555555555555557, 0.011001320979707475
0.12730362875632004, 0.35555555555555557, 0.008968884322035154
0.15142745942135194, 0.35555555555555557, 0.007249948807071732
0.14461505026558297, 0.35555555555555557, 0.005653382522484172
0.13593517333379204, 0.35555555555555557, 0.007628013941193422
0.19499875962606364, 0.35555555555555557, 0.006965979029301594
0.0867618724638205, 0.35555555555555557, 0.0016797110723900906
0.18185971748349197, 0.35555555555555557, 0.001929045769075417
0.1363245712175632, 0.35555555555555557, 0.01348286060663774
0.2210682999095366, 0.35555555555555557, 0.0005087434313005937
0.27705924432614554, 0.35555555555555557, 0.01420943234481522
0.19708691447200727, 0.35555555555555557, 0.012634625567724817
0.2262126040889916, 0.35555555555555557, 0.00010308799489422085
0.13001988898373407, 0.35555555555555557, 0.016897908896356385
0.20306212414095076, 0.35555555555555557, 0.008208311751902593
0.2120537068300978, 0.35555555555555557, 0.019743686838545053
0.22074973965028039, 0.35555555555555557, 0.016822742697646453
0.21043556474759761, 0.35555555555555557, 0.009389824887998992
0.22453824498817515, 0.35555555555555557, 0.01488461871256969
0.1622865664111277, 0.35555555555555557, 0.0010366545148458109
0.15747793849767547, 0.35555555555555557, 0.0035954647688768403
0.10546868961221806, 0.35555555555555557, 0.011888772921161011
0.15649538903850124, 0.35555555555555557, 0.0006992001528399812
0.3066330750298244, 0.35555555555555557, 0.007029590780354915
0.24935719673013168, 0.35555555555555557, 0.014407130096122097
0.19025569746621168, 0.35555555555555557, 0.014919189257032018
0.2812880794475135, 0.35555555555555557, 0.003349432931106734
0.19742398201216713, 0.35555555555555557, 0.003281859060750694
0.23835775490602762, 0.35555555555555557, 0.0028121838214750566
0.20218370811397296, 0.35555555555555557, 0.0006921161202387975
0.2478266341453849, 0.35555555555555557, 0.010796001290921951
0.34917244401228376, 0.35555555555555557, 0.003387570773632234
0.24366163196168522, 0.35555555555555557, 0.013012056438858121
0.22600935378713244, 0.35555555555555557, 0.0033369809032038384
0.26048352207535397, 0.35555555555555557, 0.027779395436701052
0.13776084972489977, 0.35555555555555557, 0.0031391280833811576
0.23874211735418316, 0.35555555555555557, 0.00999672672332529
0.15275127152002327, 0.35555555555555557, 0.005528643447210134
0.20345687464702644, 0.35555555555555557, 0.0032821765221942027
0.17711446735372383, 0.35555555555555557, 0.014275090740616203
0.14394173277071837, 0.35555555555555557, 0.005608445090664271
0.23465849257497032, 0.35555555555555557, 0.010025683482571579
0.10070390524728981, 0.35555555555555557, 0.03193056637465284
0.22799145450489489, 0.35555555555555557, 0.0005939329342425059
0.17158206466977166, 0.35555555555555557, 0.013643666504431985
0.20446708986721976, 0.35555555555555557, 0.009175200918483327
0.14266766359199615, 0.35555555555555557, 0.0036542933688687275
0.15524741813578172, 0.35555555555555557, 0.0027987737162128846
0.20624086555071494, 0.35555555555555557, 0.004000323351148673
0.21598149620945367, 0.35555555555555557, 0.0014846824184409483
0.19107707174275193, 0.35555555555555557, 0.0018136252949380895
0.19398565263013332, 0.35555555555555557, 0.02451365302539511
0.191941673014094, 0.35555555555555557, 0.012019458874049769
0.21146632211028482, 0.35555555555555557, 0.00048207309702337617
0.30897711545453754, 0.35555555555555557, 0.018257741397715174
0.050557102065615755, 0.35555555555555557, 0.004907305201978968
0.14527138099482623, 0.35555555555555557, 0.008040146854719696
0.259916791524453, 0.35555555555555557, 0.002501002033999992
0.19587117914386332, 0.35555555555555557, 0.009274157502189672
0.19858411591947767, 0.35555555555555557, 0.002801417643975429
0.26640373020360597, 0.35555555555555557, 0.00013890129257386824
0.18916347818467943, 0.35555555555555557, 0.0037671646230765716
0.13570629706008314, 0.35555555555555557, 0.0007593770663828261
0.22068626360309496, 0.35555555555555557, 0.002290772538201283
0.29100727176885555, 0.35555555555555557, 0.00782299116680243
0.26705965784548996, 0.35555555555555557, 0.009534299247270521
0.15094873840042192, 0.35555555555555557, 0.005372710293500281
0.18327150355155167, 0.35555555555555557, 0.0077632635212802415
0.21645308258588516, 0.35555555555555557, 0.009753347199877228
0.2253035383233878, 0.35555555555555557, 0.003719056170028968
0.18631194686694447, 0.35555555555555557, 0.005614325229683109
0.10043023511976601, 0.35555555555555557, 0.000228847249465606
0.17747338272778723, 0.35555555555555557, 0.006313527465596651
0.1201096361241672, 0.35555555555555557, 0.008019848041063185
0.2390349464879133, 0.35555555555555557, 0.011249883723880711
0.19800908484535862, 0.35555555555555557, 0.0010858915113491695
0.22131486967810565, 0.35555555555555557, 0.004254606491326088
0.280174412386229, 0.35555555555555557, 0.004832688521507984
0.23037143186626596, 0.35555555555555557, 0.0032510646032897343
0.22453533368633483, 0.35555555555555557, 0.0019344461194824372
0.24590076639050432, 0.35555555555555557, 0.006437090587106942
0.12799322112845465, 0.35555555555555557, 0.019978375173819285
0.22705174370049813, 0.35555555555555557, 0.001786454140810708
0.23882456084630221, 0.35555555555555557, 0.0074387382795813774
0.14370748423424795, 0.35555555555555557, 0.05954696719846704
0.17622747609728023, 0.35555555555555557, 0.03599445289653211
0.1919121576607662, 0.35555555555555557, 0.01063637901883051
0.22015846319872706, 0.35555555555555557, 0.009524343528059212
0.13807328824965442, 0.35555555555555557, 0.008089040781214255
0.12791825373911614, 0.35555555555555557, 0.006403400399948128
0.22717387608186923, 0.35555555555555557, 0.00012609875703396747
0.20104979612194335, 0.35555555555555557, 0.0007731574557521354
0.1592014802065222, 0.35555555555555557, 0.005300943112176536
0.1782963116531045, 0.35555555555555557, 0.002585123221990833
0.22898716192215857, 0.35555555555555557, 0.01435645581048291
0.2654889173593974, 0.35555555555555557, 0.022042605547168394
0.22677116156644272, 0.35555555555555557, 0.005133238453278742
0.24628210323816815, 0.35555555555555557, 0.00899238087375768
0.15529065325051555, 0.35555555555555557, 0.0008220540145751333
0.22722889545044753, 0.35555555555555557, 0.010208399070720521
0.05683149756643399, 0.35555555555555557, 0.032004693997155206
0.15118573578612854, 0.35555555555555557, 0.004812827755090184
0.1348947842463027, 0.35555555555555557, 0.0005637427989020096
0.20433936053117574, 0.35555555555555557, 0.0014705120508746441
0.18860726777822578, 0.35555555555555557, 0.00862378783619916
0.21319481241219337, 0.35555555555555557, 0.008167428570710455
0.18192716352337973, 0.35555555555555557, 0.0051855483063113625
0.21149724415893634, 0.35555555555555557, 0.0017963804792342118
0.1834689654540455, 0.35555555555555557, 0.0011905918255623532
0.26965234190253107, 0.35555555555555557, 0.00037995229480976506
0.14692853814061113, 0.35555555555555557, 0.007182514190143236
0.2295417863510118, 0.35555555555555557, 0.003922244771729976
0.19868147134961414, 0.35555555555555557, 0.0033518447889165216
0.21703919664257673, 0.35555555555555557, 0.02006887872973525
0.24685069196664255, 0.35555555555555557, 0.00668911763035044
0.18637019779425307, 0.35555555555555557, 0.005044489146099148
0.250465582704424, 0.35555555555555557, 0.012811996404559201
0.13841695609213867, 0.35555555555555557, 0.009844733048545034
0.2483901042302186, 0.35555555555555557, 0.01873080104524312
0.13664142040773403, 0.35555555555555557, 0.00508167409774959
0.1931879843125105, 0.35555555555555557, 0.010502337680654296
0.21519954137942415, 0.35555555555555557, 0.0030724160933141985
0.24293533045371227, 0.35555555555555557, 0.005214187625601557
0.15235887972088813, 0.35555555555555557, 0.009665017076836039
0.25033914254769196, 0.35555555555555557, 0.004079769462516844
0.22442627545945476, 0.35555555555555557, 0.007406283204538049
0.12563014337138928, 0.35555555555555557, 0.0012688556251117887
0.27240814853854545, 0.35555555555555557, 0.010949333152855952
0.24233237374580702, 0.35555555555555557, 0.010251923347946184
0.1855426634802192, 0.35555555555555557, 0.023491997771954796
0.18437682880952574, 0.35555555555555557, 0.002850870413424599
0.17351444796288118, 0.35555555555555557, 0.0018651211313606014
0.14578592197847187, 0.35555555555555557, 0.002393627836321856
0.2676210959464723, 0.35555555555555557, 0.007459272013277018
0.20414734234232634, 0.35555555555555557, 0.004345624392098345
0.23888124141343678, 0.35555555555555557, 0.0016376875925935637
0.157054356708474, 0.35555555555555557, 0.003693471238659345
0.17610461700137983, 0.35555555555555557, 0.004614423773262128
0.2374205731966394, 0.35555555555555557, 0.0032443476174636005
0.1547559327390729, 0.35555555555555557, 0.006141076469734679
0.17057216632044464, 0.35555555555555557, 0.016245699202704397
0.20801099773398513, 0.35555555555555557, 0.005967436802753872
0.17196525002835972, 0.35555555555555557, 0.0004743558564652464
0.1978793469669908, 0.35555555555555557, 0.00034830143685461745
0.24058317107505267, 0.35555555555555557, 0.0007695863890708059
0.27504622448526284, 0.35555555555555557, 0.004162180304465504
0.28769113472468494, 0.35555555555555557, 0.007912109270126807
0.2460687413502227, 0.35555555555555557, 0.005204723109373871
0.2493776322328878, 0.35555555555555557, 0.006314688545665322
0.18179580798962205, 0.35555555555555557, 0.003900860795971833
0.20818118262935878, 0.35555555555555557, 0.014247195463893438
0.22954596029547514, 0.35555555555555557, 0.0023598060302166177
0.21547327555985862, 0.35555555555555557, 0.009535222750445677
0.14654985619355299, 0.35555555555555557, 0.0008792450116319994
0.21330056702286276, 0.35555555555555557, 0.0001424229715860506
0.21216725840638126, 0.35555555555555557, 0.019762214324080523
0.06599188193751299, 0.35555555555555557, 0.005797781909798152
0.2349585321194235, 0.35555555555555557, 0.013227281899760211
0.27430118864729447, 0.35555555555555557, 0.0023019161352567383
0.1967308614024308, 0.35555555555555557, 0.005690178063234932
0.19025056476005214, 0.35555555555555557, 0.007151236247669376
0.28705022352117077, 0.35555555555555557, 0.016507732004166942
0.11975025553446206, 0.35555555555555557, 0.0037741111803829544
0.20374343398082648, 0.35555555555555557, 0.02624876840111085
0.20754637227826134, 0.35555555555555557, 0.003208591756534085
0.17573085610807887, 0.35555555555555557, 0.011545091506103044
0.12564604660727696, 0.35555555555555557, 0.0070380021329505184
0.1362139883160139, 0.35555555555555557, 0.01567930216848506
0.16911565006404966, 0.35555555555555557, 0.0224040787150213
0.19876142364504443, 0.35555555555555557, 0.003718942735648494
0.095723501647339, 0.35555555555555557, 0.00048118030377825396
0.2162570064507146, 0.35555555555555557, 0.005488515001816925
0.16084488354536283, 0.35555555555555557, 0.0004972855002857043
0.2058613750567322, 0.35555555555555557, 0.013822456907683238
0.18284582592843396, 0.35555555555555557, 0.005562078894668033
0.2509333569365235, 0.35555555555555557, 0.021770893007688866
0.07071380269451863, 0.35555555555555557, 0.007497145549245393
0.19628479168285456, 0.35555555555555557, 0.0232845164367629
0.2130345899329777, 0.35555555555555557, 0.004479705331099549
0.1445174389851257, 0.35555555555555557, 0.0012512937344340128
0.16931373203665745, 0.35555555555555557, 0.0025820864903391525
0.2119587400443301, 0.35555555555555557, 0.0051991536274847315
0.25519614348993147, 0.35555555555555557, 0.0009513830390693875
0.1337449734403981, 0.35555555555555557, 0.002813589677765035
0.2049495522952459, 0.35555555555555557, 0.0052227740472675635
0.14895087755794212, 0.35555555555555557, 0.0018069066411514388
0.15696619541121493, 0.35555555555555557, 0.0016288739178092796
0.19584659151860012, 0.35555555555555557, 0.004290717370987524
0.21077808930350594, 0.35555555555555557, 0.00529101626609919
0.13920907062866228, 0.35555555555555557, 0.02765981062364143
0.24219473652496984, 0.35555555555555557, 0.003422747152849273
0.13489130278842404, 0.35555555555555557, 0.009291120606900075
0.19690855013654232, 0.35555555555555557, 0.0119670046969794
0.17327797701103687, 0.35555555555555557, 0.003713937204241756
0.16184282389706828, 0.35555555555555557, 0.00322151516679722
0.25086232179278734, 0.35555555555555557, 0.0029395673002069944
0.2075104441497949, 0.35555555555555557, 0.006884770124342847
0.2592561569526025, 0.35555555555555557, 0.004810805826351996
0.19648057114738132, 0.35555555555555557, 0.0014655300961072325
0.2257210673794316, 0.35555555555555557, 0.0021220859074282386
0.13311704067230823, 0.35555555555555557, 0.005482156056586888
0.26671962276054095, 0.35555555555555557, 0.004850430980689942
0.08723725784263724, 0.35555555555555557, 0.00012024563576524412
0.2073285944619407, 0.35555555555555557, 0.0018532141135721033
0.10889059733489656, 0.35555555555555557, 0.008344044915177328
0.2819753374761101, 0.35555555555555557, 0.00807350516694456
0.17302001120069468, 0.35555555555555557, 0.011100047166612542
0.10850018148639973, 0.35555555555555557, 0.00401288604428857
0.2227558593797061, 0.35555555555555557, 0.0026025797902183116
0.19707299764007202, 0.35555555555555557, 0.017069782732206693
0.22774513162258944, 0.35555555555555557, 0.002401801774639351
0.19290849070725977, 0.35555555555555557, 0.00012367950551535787
0.25362289664888843, 0.35555555555555557, 0.0038499222032462024
0.19274428413253225, 0.35555555555555557, 0.004067617128216967
0.15014195693175994, 0.35555555555555557, 0.0034725158361465737
0.2772529345640041, 0.35555555555555557, 0.0014393826252487496
0.16087546429126914, 0.35555555555555557, 0.009981501044695121
0.19389029075755818, 0.35555555555555557, 0.0041731186618058505
0.1645450717654567, 0.35555555555555557, 0.0012702379064815127
0.25312151735304256, 0.35555555555555557, 0.0025088217641093587
0.2285998985272038, 0.35555555555555557, 0.0009844393759646944
0.19252775012296425, 0.35555555555555557, 0.003206195460291897
0.2500133750860831, 0.35555555555555557, 0.0014071836551529334
0.283369340507589, 0.35555555555555557, 0.0019991850108092638
0.14728357551123608, 0.35555555555555557, 0.010175544460746058
0.2441612690489369, 0.35555555555555557, 0.001410953615516644
0.27115438032658146, 0.35555555555555557, 0.007113851542026735
0.18469333481093766, 0.35555555555555557, 0.00239548844064436
0.18684478650763095, 0.35555555555555557, 0.004256156048607464
0.19061999805133686, 0.35555555555555557, 0.04727524022383793
0.18471225206502426, 0.35555555555555557, 0.002226140043055632
0.1655291812128189, 0.35555555555555557, 0.001903930814053628
0.21109110510135695, 0.35555555555555557, 0.008190736804716303
0.19723668811343964, 0.35555555555555557, 0.011126535485908735
0.3436374130422495, 0.35555555555555557, 0.00791820455724973
0.1755093270257863, 0.35555555555555557, 0.0012448524427202947
0.13899948468529166, 0.35555555555555557, 0.0002542643059992304
0.18249487875217799, 0.35555555555555557, 0.02931495239457578
0.22043232819222286, 0.35555555555555557, 0.0029903972683815367
0.13091199574682613, 0.35555555555555557, 0.004327916870431407
0.17756592593390969, 0.35555555555555557, 0.007582052308418155
0.20552859549350175, 0.35555555555555557, 0.006209620746443679
0.19299924749683192, 0.35555555555555557, 0.02145910307480994
0.22980515647975797, 0.35555555555555557, 0.0021199410000182894
0.24055969124161353, 0.35555555555555557, 0.0033274291301109106
0.19236284334031087, 0.35555555555555557, 0.003149225723285592
0.23601633490721963, 0.35555555555555557, 0.008749569899153029
0.1479262711334022, 0.35555555555555557, 0.004801796736574827
0.2575590772228767, 0.35555555555555557, 0.00158204480204959
0.24195655392536597, 0.35555555555555557, 0.019080088063991994
0.18659163919635774, 0.35555555555555557, 0.06561476168752017
0.214045134279085, 0.35555555555555557, 0.008958023691599887
0.17717026272467595, 0.35555555555555557, 0.0014579688324056208
0.2790476338503026, 0.35555555555555557, 0.00023050048235808004
0.2838999553229422, 0.35555555555555557, 0.002377800755011103
0.20072516423877995, 0.35555555555555557, 0.002395422188833238
0.21281410381434593, 0.35555555555555557, 0.03528121928993464
0.1509559352133591, 0.35555555555555557, 0.03330459350801191
0.20128847980372871, 0.35555555555555557, 0.0005933405411095848
0.19275303747331352, 0.35555555555555557, 0.001757181008646012
0.19299724755737105, 0.35555555555555557, 0.001986709424265141
0.2875600515438665, 0.35555555555555557, 0.004689853469231773
0.21707326349031653, 0.35555555555555557, 0.0008077140778958683
0.25088746492272, 0.35555555555555557, 0.0017571390242594154
0.1972568868878907, 0.35555555555555557, 0.0025424137060997354
0.2169298661113917, 0.35555555555555557, 0.003780635854667849
0.1648009145802728, 0.35555555555555557, 0.022286206498475465
0.2241887812147188, 0.35555555555555557, 0.0004159010175646984
0.22480054559161836, 0.35555555555555557, 0.0059016084093815105
0.22997195023267342, 0.35555555555555557, 0.01586218088515984
0.2059393872095848, 0.35555555555555557, 0.006512986333805793
0.20282779492911926, 0.35555555555555557, 0.0015772140554235318
0.23223776296882628, 0.35555555555555557, 0.0016492889342853132
0.22705817737329187, 0.35555555555555557, 0.0031384948972820403
0.2865984273140445, 0.35555555555555557, 0.01935266161780454
0.20875951568361023, 0.35555555555555557, 0.008926476934942319
0.20660504913785038, 0.35555555555555557, 0.0012129732319738737
0.12215402323719063, 0.35555555555555557, 0.00252742013605324
0.18585852943463932, 0.35555555555555557, 0.0038484398429921244
0.10290033986097559, 0.35555555555555557, 0.010103298675631133
0.21521788199606237, 0.35555555555555557, 0.0035985329301379994
0.2642167986889055, 0.35555555555555557, 0.003922225305260644
0.21276972855671836, 0.35555555555555557, 0.009115119714585692
0.21126883026294271, 0.35555555555555557, 0.003159863550355918
0.2215613519433645, 0.35555555555555557, 0.0010748629462997662
0.1474633343160872, 0.35555555555555557, 0.014351666845077306
0.1263054782407762, 0.35555555555555557, 0.0022943240360263684
0.22288492169516685, 0.35555555555555557, 0.008735181672286922
0.23598535853097136, 0.35555555555555557, 0.005382667807247956
0.21216967337661002, 0.35555555555555557, 0.010616011381220184
0.17053241253235546, 0.35555555555555557, 0.006188905813048885
0.21256455862866236, 0.35555555555555557, 0.004313081427151147
0.22027459082246345, 0.35555555555555557, 0.002290284238795384
0.28208345978976235, 0.35555555555555557, 0.02861571723150164
0.17734916327468664, 0.35555555555555557, 2.142604633997488e-05
0.18394495093933316, 0.35555555555555557, 0.017829233621055325
0.22706722635478763, 0.35555555555555557, 0.0015561990637094217
0.2451847363672439, 0.35555555555555557, 0.010592896033346441
0.22004805167036184, 0.35555555555555557, 0.006908802141360896
0.2724054860345302, 0.35555555555555557, 0.004424059473718772
0.20569717274198093, 0.35555555555555557, 0.01981241513708008
0.16896974420678496, 0.35555555555555557, 0.0003603091645969858
0.11267091113335025, 0.35555555555555557, 0.002830148422686476
0.22171794612941298, 0.35555555555555557, 0.018781406800549422
0.19792396701230278, 0.35555555555555557, 0.007797917198907827
0.2195714089788362, 0.35555555555555557, 0.020307110612429766
0.18199184121361095, 0.35555555555555557, 0.01920793561403156
0.21676159054230862, 0.35555555555555557, 0.003681700142115274
0.20433397057513564, 0.35555555555555557, 0.0028027471182889905
0.20578487378402902, 0.35555555555555557, 0.007814352134012796
0.20910985128298817, 0.35555555555555557, 0.005756413578125428
0.24242151614913712, 0.35555555555555557, 0.0013018918618526805
0.19164130398671123, 0.35555555555555557, 0.0034363479066039783
0.30003917258744245, 0.35555555555555557, 0.022384724893828395
0.13088153012939696, 0.35555555555555557, 0.0032167066432796793
0.26303861069075074, 0.35555555555555557, 0.0004056933480310233
0.24691141466091734, 0.35555555555555557, 0.020428839460777656
0.20673389956114638, 0.35555555555555557, 0.009473100079413559
0.21405025354723978, 0.35555555555555557, 0.03139090555072525
0.20689367099660597, 0.35555555555555557, 0.002297420350563913
0.24755234589550046, 0.35555555555555557, 0.008795152400339032
0.20596306880845625, 0.35555555555555557, 0.004043143378626769
0.20366390770032067, 0.35555555555555557, 0.013206116401283581
0.21436419372261842, 0.35555555555555557, 0.021463565584654638
0.15858299699078893, 0.35555555555555557, 0.017587032067699244
0.203766700813291, 0.35555555555555557, 0.0129492854300682
0.24403158176194742, 0.35555555555555557, 0.004414283991313193
0.24813003854583113, 0.35555555555555557, 0.008033169724265012
0.12681991344749785, 0.35555555555555557, 0.007681898906877727
0.2687858751032316, 0.35555555555555557, 0.0030004957311083663
0.22686732600955603, 0.35555555555555557, 0.00812249395118299
0.11001373489123982, 0.35555555555555557, 0.028495760934193513
0.1814002363976543, 0.35555555555555557, 0.02510644822245815
0.1814389178909812, 0.35555555555555557, 0.006406972688446106
0.11284997855921888, 0.35555555555555557, 0.0024282577726597323
0.16712516459454196, 0.35555555555555557, 0.004845224063028566
0.22450266120212764, 0.35555555555555557, 0.002675086395704228
0.19382625186761368, 0.35555555555555557, 0.002858329416789054
0.19269947831045048, 0.35555555555555557, 0.0005059937434478356
0.22711085426098274, 0.35555555555555557, 0.01994008156099955
0.2614736541917103, 0.35555555555555557, 0.004331619270837303
0.2866869881655563, 0.35555555555555557, 0.00012097381537959735
0.09200538615682502, 0.35555555555555557, 0.003779986960693203
0.2851568281605469, 0.35555555555555557, 0.005188790804798846
0.18666395678347014, 0.35555555555555557, 0.005008413711055339
0.22085375248371789, 0.35555555555555557, 0.0032160078795012174
0.18995588504572197, 0.35555555555555557, 0.005279290062563167
0.21980183564822542, 0.35555555555555557, 0.0030640619038251396
0.23937701709319295, 0.35555555555555557, 0.0021651510269642994
0.27783323327517695, 0.35555555555555557, 0.0032397200147565616
0.14255976610149812, 0.35555555555555557, 0.012913503076669573
0.210419483524936, 0.35555555555555557, 0.014968220868493533
0.2334251119440929, 0.35555555555555557, 0.002720432901410183
0.19757529459190687, 0.35555555555555557, 0.0101132091609235
0.18340402988789564, 0.35555555555555557, 0.018637913958468488
0.23627752276018546, 0.35555555555555557, 0.03415844102335632
0.14186350959189103, 0.35555555555555557, 0.00836787091137139
0.1988028192463137, 0.35555555555555557, 0.008986594105105297
0.27161802534831775, 0.35555555555555557, 0.010022851556651512
0.20641302730682876, 0.35555555555555557, 0.00743132837507597
0.12253166762430474, 0.35555555555555557, 0.008452300814254203
0.18267926060317183, 0.35555555555555557, 0.006431711746531576
0.19181272683112824, 0.35555555555555557, 0.009612549720831861
0.25701515702348127, 0.35555555555555557, 0.030177271846059197
0.25400440390970597, 0.35555555555555557, 0.032957987590714756
0.1363404197472382, 0.35555555555555557, 0.006067988161472922
0.20886182646283386, 0.35555555555555557, 0.014695518532135085
0.22459832552106024, 0.35555555555555557, 0.0014593506380288605
0.19550668864550008, 0.35555555555555557, 0.017634923911187542
0.19543681181294223, 0.35555555555555557, 0.001538320645808345
0.20459408518522207, 0.35555555555555557, 0.008641516474995723
0.1315598621462692, 0.35555555555555557, 0.0008955999670606175
0.18229174917073404, 0.35555555555555557, 0.008751942896677689
0.23768662491896878, 0.35555555555555557, 0.0032213023151184098
0.2089376869724958, 0.35555555555555557, 0.009371407517152989
0.20232185721067966, 0.35555555555555557, 0.008226982899169268
0.16520412923840552, 0.35555555555555557, 0.009210257686918941
0.12812042936898393, 0.35555555555555557, 0.0022890986420519613
0.2052244848558273, 0.35555555555555557, 0.001998234034602786
0.22249347850466278, 0.35555555555555557, 0.0041836311959490636
0.23528798892054598, 0.35555555555555557, 0.002236424693958966
0.25534133571124956, 0.35555555555555557, 0.00041419149812198437
0.1988820734965581, 0.35555555555555557, 0.025438759409794273
0.20712613999525653, 0.35555555555555557, 0.03985369495186103
0.16862654508781574, 0.35555555555555557, 0.0007654649271688032
0.22378641422386247, 0.35555555555555557, 0.04018821067753568
0.13887758643540518, 0.35555555555555557, 0.003221435514017786
0.19610654226546, 0.35555555555555557, 0.004025187917723669
0.1880700372604796, 0.35555555555555557, 0.0038968399642043913
0.20003035535461355, 0.35555555555555557, 0.012497699404775672
0.18356306181360307, 0.35555555555555557, 0.0007255533937797845
0.22644337191815794, 0.35555555555555557, 0.0016498640367308922
0.19456580165390258, 0.35555555555555557, 0.006950385985955368
0.16228398130000343, 0.35555555555555557, 0.006396340474158436
0.13443846989092065, 0.35555555555555557, 0.0017024672830641015
0.08550417720279667, 0.35555555555555557, 0.0010973611412268642
0.20753305754137105, 0.35555555555555557, 0.008389272647365113
0.12772231080164553, 0.35555555555555557, 0.007033444038162835
0.12868384339153804, 0.35555555555555557, 0.0034339029690732235
0.25518080399571785, 0.35555555555555557, 0.017127511230845625
0.127865245284558, 0.35555555555555557, 0.0015195504417895315
0.16346669737773797, 0.35555555555555557, 0.023127750853605623
0.18781288400654483, 0.35555555555555557, 0.024322993301285446
0.20730898010336568, 0.35555555555555557, 0.0035162702666610315
0.19679403715406796, 0.35555555555555557, 0.007369358417901041
0.12411057855004469, 0.35555555555555557, 0.00027487989714822616
0.1993123558618991, 0.35555555555555557, 0.015394364930885394
0.16106536970262417, 0.35555555555555557, 0.006292114877144425
0.14715465193335983, 0.35555555555555557, 0.009728152105426463
0.11318425200560872, 0.35555555555555557, 0.0023089030182368324
0.2545690999567292, 0.35555555555555557, 0.00516124996264869
0.4183575394418364, 0.35555555555555557, 0.004932842617351256
0.19330759464244168, 0.35555555555555557, 0.011589698005737966
0.2284647299171158, 0.35555555555555557, 0.018127134951740793
0.21730046239782663, 0.35555555555555557, 0.006420119890094274
0.23336211278531482, 0.35555555555555557, 0.0010678769245650484
0.10761403175621521, 0.35555555555555557, 0.005188356661953185
0.1511936762437436, 0.35555555555555557, 0.010468752901885554
0.302394010002434, 0.35555555555555557, 0.007589361901324099
0.23909636471365797, 0.35555555555555557, 0.01877922361422393
0.21976945915354773, 0.35555555555555557, 0.004740185170040463
0.17261115039558267, 0.35555555555555557, 0.0018257194473997047
0.2487786002249948, 0.35555555555555557, 0.011039770548726725
0.23416548510225568, 0.35555555555555557, 0.00586533507223155
0.22774240033025944, 0.35555555555555557, 0.004381199727674586
0.29993708474623204, 0.35555555555555557, 0.0012660766095541865
0.24686315861112418, 0.35555555555555557, 0.003986284353112155
0.28057940907739, 0.35555555555555557, 0.01214729838634623
0.2240382566408689, 0.35555555555555557, 0.001473703816387654
0.25340023262644135, 0.35555555555555557, 0.005660688382219703
0.1318377553234178, 0.35555555555555557, 0.007850386714583052
0.14348185033281097, 0.35555555555555557, 0.003665821258295131
0.2563203272438528, 0.35555555555555557, 0.03563886448111641
0.22844225264046145, 0.35555555555555557, 0.00036174957558974966
0.11904838016090667, 0.35555555555555557, 0.004845711122259969
0.11713033801581546, 0.35555555555555557, 0.00326836046235575
0.16336126876830473, 0.35555555555555557, 0.004075217083649083
0.2019452969606254, 0.35555555555555557, 0.02386455239268549
0.1745394597570812, 0.35555555555555557, 0.06142172188007648
0.17010269519984322, 0.35555555555555557, 0.002066922343385647
0.17719568077016626, 0.35555555555555557, 0.021702093902782566
0.21038998089797356, 0.35555555555555557, 0.01264705647563008
0.19880248986828586, 0.35555555555555557, 0.0006112017634601476
0.1740269576875294, 0.35555555555555557, 0.0020895547966454453
0.06832806491899351, 0.35555555555555557, 0.03560079944550846
0.1349348663966644, 0.35555555555555557, 0.003198054636144314
0.21613282762282332, 0.35555555555555557, 0.055148477731614166
0.23815850150796114, 0.35555555555555557, 0.0040427301448177945
0.25514220603065946, 0.35555555555555557, 0.0026551272982737535
0.20883563344727848, 0.35555555555555557, 0.009541596823608585
0.1395414620712745, 0.35555555555555557, 0.0008750757753380348
0.2486480568791788, 0.35555555555555557, 0.007784242519236563
0.1652975694357027, 0.35555555555555557, 0.03916811898488849
0.197816880089424, 0.35555555555555557, 0.0018606644515356827
0.19627520989092725, 0.35555555555555557, 0.0019063369749925288
0.10700396860061345, 0.35555555555555557, 0.005924802546954983
0.22895423033686851, 0.35555555555555557, 0.00846882717504029
0.19104719521525484, 0.35555555555555557, 0.0023540366180225206
0.1941644444522127, 0.35555555555555557, 0.01879744856293943
0.22002252876802786, 0.35555555555555557, 0.0057299283004757515
0.15233157826320534, 0.35555555555555557, 0.007600947354845626
0.16660027992285278, 0.35555555555555557, 0.0019042077227875228
0.21731607087460192, 0.35555555555555557, 0.004323771142756389
0.16383479146658292, 0.35555555555555557, 0.008530635597540578
0.2116518813326508, 0.35555555555555557, 0.001595590685896709
0.2200831510485871, 0.35555555555555557, 0.006806180830135651
0.18517277644870875, 0.35555555555555557, 0.012672470190290013
0.20775669843104036, 0.35555555555555557, 0.004445923285686049
0.24779801709675625, 0.35555555555555557, 0.0021528631417145837
0.26730072961740653, 0.35555555555555557, 0.005658790307438955
0.25499500468548575, 0.35555555555555557, 0.0030111983009135606
0.09769768629271774, 0.35555555555555557, 0.02973556540846886
0.18873310198118218, 0.35555555555555557, 0.0018228837950781723
0.13762988190664022, 0.35555555555555557, 0.01756880935418088
0.12854714588458838, 0.35555555555555557, 0.00872189075438615
0.1118123516461104, 0.35555555555555557, 0.005968931324112131
0.23054205858088445, 0.35555555555555557, 0.008891061721681422
0.24099815726536972, 0.35555555555555557, 0.009587080459803944
0.17079921330673872, 0.35555555555555557, 0.001159569287526805
0.25757637518595683, 0.35555555555555557, 0.00023555337260267593
0.24913684422202853, 0.35555555555555557, 0.0033279722805476114
0.14236896240322577, 0.35555555555555557, 0.0007831645967447162
0.19663772105459768, 0.35555555555555557, 0.011470494289989601
0.17774607559337324, 0.35555555555555557, 0.009255168187088271
0.18869028767551402, 0.35555555555555557, 0.0014141059243708216
0.22643483244089216, 0.35555555555555557, 0.00594940001724265
0.1989816562288701, 0.35555555555555557, 0.009966840099936796
0.1585467012952129, 0.35555555555555557, 0.009644046130190263
0.17922549093674942, 0.35555555555555557, 0.006219057097054493
0.14186996614275385, 0.35555555555555557, 0.00946068515379467
0.12772835359994242, 0.35555555555555557, 0.014720902939819003
0.11723822007118917, 0.35555555555555557, 0.015702670896773227
0.19702730723486075, 0.35555555555555557, 0.0009985954719045826
0.18797436497131295, 0.35555555555555557, 0.00030318267741533806
0.19543382920375887, 0.35555555555555557, 0.004441681226564821
0.12925943612651764, 0.35555555555555557, 0.004971360773411253
0.215924683603334, 0.35555555555555557, 0.0015377856136771146
0.20638526772945032, 0.35555555555555557, 0.0002472433468882288
0.15086312892875203, 0.35555555555555557, 0.00011223642093352233
0.1386130489981558, 0.35555555555555557, 0.00018216834503119315
0.2989188585661368, 0.35555555555555557, 0.01250051764236692
0.21872322894091117, 0.35555555555555557, 0.0009790164114690974
0.16342822294165832, 0.35555555555555557, 0.02411324496204713
0.1903346268811994, 0.35555555555555557, 0.01765337610147995
0.19487672430693465, 0.35555555555555557, 0.025566645314675583
0.18203701410571654, 0.35555555555555557, 0.03520190318370993
0.21741322202503643, 0.35555555555555557, 0.011487453536831733
0.235085608608484, 0.35555555555555557, 0.008850673091680519
0.20162241486051596, 0.35555555555555557, 0.0035874359155174916
0.21139590030002653, 0.35555555555555557, 0.009818388562338284
0.20825371968259881, 0.35555555555555557, 0.0162562440363159
0.10320129073423984, 0.35555555555555557, 0.0031681839876223396
0.249515582205868, 0.35555555555555557, 0.008518217046625374
0.17359531311748866, 0.35555555555555557, 0.0028827972698565606
0.2303501955469545, 0.35555555555555557, 0.025948421779809636
0.13589227384519875, 0.35555555555555557, 0.00416277509689597
0.08772662632929365, 0.35555555555555557, 0.008428354724034708
0.18063919196617756, 0.35555555555555557, 0.0032847331398399965
0.25591060048464853, 0.35555555555555557, 0.015161268214343432
0.15578424301774849, 0.35555555555555557, 0.007517010807467275
0.21315090506243334, 0.35555555555555557, 0.0071919882515977225
0.19544161448285668, 0.35555555555555557, 0.0023258383724360653
0.1829862648208541, 0.35555555555555557, 0.018800147547569285
0.22842278917926903, 0.35555555555555557, 0.014361418710230795
0.15817178211341582, 0.35555555555555557, 0.006177341505912729
0.15828984870840807, 0.35555555555555557, 0.0011991801485706057
0.232141711682079, 0.35555555555555557, 0.0001428416938816213
0.17221963640215768, 0.35555555555555557, 0.012033366922773986
0.2086807587702791, 0.35555555555555557, 0.0025475527287168744
0.14870007766555396, 0.35555555555555557, 0.003453178340911182
0.24956755613870227, 0.35555555555555557, 0.025523611239494592
0.12610671362209397, 0.35555555555555557, 0.0017385976374385812
0.16942085319489608, 0.35555555555555557, 0.003142227396925123
0.2026769323801966, 0.35555555555555557, 0.012790792640809229
0.1804212210701131, 0.35555555555555557, 0.004740316008522592
0.21559379119260516, 0.35555555555555557, 0.008525430433361783
0.14779481597375504, 0.35555555555555557, 0.00811872528290856
0.15242181026238735, 0.35555555555555557, 0.0010152141106481332
0.2333487060591931, 0.35555555555555557, 0.0002450411274969095
0.2404661799711979, 0.35555555555555557, 0.013798586167475781
0.1820966833035883, 0.35555555555555557, 0.001342180128405799
0.2111430624264894, 0.35555555555555557, 0.005136124590085226
0.10687419139429456, 0.35555555555555557, 0.01608784184086379
0.2503035378848822, 0.35555555555555557, 0.018469998230269534
0.11389910962615678, 0.35555555555555557, 0.041883454180833266
0.23247077749027492, 0.35555555555555557, 0.018290220188846806
0.2345017763902514, 0.35555555555555557, 0.002820631657689625
0.22899130612595786, 0.35555555555555557, 0.0028478906262210594
0.15730948813474266, 0.35555555555555557, 0.01102225720984394
0.20608544791164587, 0.35555555555555557, 0.003116204288502629
0.29349837069660095, 0.35555555555555557, 0.005315164581721008
0.22578504520550896, 0.35555555555555557, 0.0177133929823335
0.1958700330376672, 0.35555555555555557, 0.002516682040215524
0.17792639051150366, 0.35555555555555557, 0.0165651027708725
0.27668921017878534, 0.35555555555555557, 0.0005350830575788383
0.25648244101000817, 0.35555555555555557, 0.005335863534986515
0.21242060598584422, 0.35555555555555557, 0.003540902052191444
0.17915384676766496, 0.35555555555555557, 0.0031706841671810186
0.2636153206553782, 0.35555555555555557, 0.014993531544975085
0.19969269702193876, 0.35555555555555557, 0.045595985894604875
0.23302062862125786, 0.35555555555555557, 0.014540220788401038
0.2599347947807881, 0.35555555555555557, 0.002265320526992942
0.15555692247035668, 0.35555555555555557, 0.008059515449017353
0.284752005566367, 0.35555555555555557, 0.004208719198928483
0.18373645836913227, 0.35555555555555557, 0.01121453219927295
0.21584497294480184, 0.35555555555555557, 0.00510164757010913
0.20468639816316467, 0.35555555555555557, 0.002521067778744244
0.15798570516399704, 0.35555555555555557, 0.006336072320476883
0.14603418729100204, 0.35555555555555557, 0.025205969188324687
0.15047035504655756, 0.35555555555555557, 0.0005748429579136887
0.14968813232132058, 0.35555555555555557, 9.092513316303556e-05
0.19739805994582652, 0.35555555555555557, 0.02941002086396562
0.25947771690198784, 0.35555555555555557, 6.129354253912866e-07
0.24670595301004777, 0.35555555555555557, 0.006354954797440941
0.1834737129495284, 0.35555555555555557, 0.002522719071552756
0.10864661476633854, 0.35555555555555557, 0.0005224160167834374
0.13801591447698627, 0.35555555555555557, 0.0013760619231279277
0.2096610779530528, 0.35555555555555557, 0.00013758100140690566
0.2000339519953823, 0.35555555555555557, 0.012140098295929371
0.23912720255891884, 0.35555555555555557, 0.02375189200415966
0.21822231960349225, 0.35555555555555557, 0.004335706503400665
0.2864411103394499, 0.35555555555555557, 0.0009100996165312536
0.2040993182059316, 0.35555555555555557, 0.005459650472774924
0.2831678349224071, 0.35555555555555557, 0.0011052327329334308
0.25948379315184883, 0.35555555555555557, 0.10495173120565625
0.22335030222909935, 0.35555555555555557, 0.017648259724188955
0.22025059113888085, 0.35555555555555557, 0.05708170318949967
0.1580273558393899, 0.35555555555555557, 0.041412626682061845
0.17941058972221913, 0.35555555555555557, 0.00018066183006000682
0.1710818242208655, 0.35555555555555557, 0.00935675057031771
0.2048031535962654, 0.35555555555555557, 0.0019523914080303317
0.2375284749951848, 0.35555555555555557, 0.018269243171373614
0.2112963025608216, 0.35555555555555557, 0.005909583518593724
0.2115059394403933, 0.35555555555555557, 0.0025933286967180303
0.23116213530077448, 0.35555555555555557, 0.00022376796779765643
0.30430168635176014, 0.35555555555555557, 0.0024958811913759317
0.17438283982730202, 0.35555555555555557, 0.0009456546725150771
0.22303763905526136, 0.35555555555555557, 0.007035620195168028
0.28260538284309716, 0.35555555555555557, 0.001204274110049354
0.2106850628455665, 0.35555555555555557, 0.044443438707717
0.1478225727419473, 0.35555555555555557, 0.008747052783641967
0.20051127884811765, 0.35555555555555557, 0.004534643150254774
0.20899984162673085, 0.35555555555555557, 0.004369062026498777
0.14759081399813742, 0.35555555555555557, 0.04581976395303085
0.15163187396194627, 0.35555555555555557, 0.009793822834368795
0.1712628041941919, 0.35555555555555557, 0.008665269527022313
0.17315761563433324, 0.35555555555555557, 0.008010188048379281
0.2166797972774163, 0.35555555555555557, 0.007618983636379874
0.17856866800980323, 0.35555555555555557, 0.008298041088415465
0.2262747464552339, 0.35555555555555557, 0.0064834267518252935
0.24417409903974854, 0.35555555555555557, 0.025363198127621164
0.1517274583830448, 0.35555555555555557, 0.0015043216903654418
0.26737736975980086, 0.35555555555555557, 0.0050655390113739365
0.15019816241633802, 0.35555555555555557, 0.04692466059080693
0.20760873121815088, 0.35555555555555557, 0.0018223185223103617
0.20520131511847922, 0.35555555555555557, 0.0007885351876837491
0.20774393738521382, 0.35555555555555557, 0.026669448956322332
0.16079601302189223, 0.35555555555555557, 0.0032848257038721232
0.15824246988208052, 0.35555555555555557, 0.009704858156866282
0.19756961611591223, 0.35555555555555557, 0.009721674969381025
0.1878383634778465, 0.35555555555555557, 0.006139899890651978
0.12710129566832595, 0.35555555555555557, 0.0045015588228548425
0.210841890608078, 0.35555555555555557, 0.013639874259779514
0.09083268715948623, 0.35555555555555557, 0.024795956454846026
0.22135238148469136, 0.35555555555555557, 0.000415052148934305
0.20444069857194846, 0.35555555555555557, 0.006568825595221487
0.18964785278994153, 0.35555555555555557, 0.004223671911882244
0.24139442305800005, 0.35555555555555557, 0.0046429425011684615
0.2280546750611171, 0.35555555555555557, 0.01310904976729371
0.28388267927519184, 0.35555555555555557, 0.01410940010110413
0.19802280789112003, 0.35555555555555557, 0.007183302832633712
0.26261983232686986, 0.35555555555555557, 0.017246094906384953
0.21150596718195624, 0.35555555555555557, 0.030988051204610435
0.231558767828683, 0.35555555555555557, 0.0016399465547759632
0.08527375162486889, 0.35555555555555557, 0.004473762803009512
0.18684409235383853, 0.35555555555555557, 0.0129798886663313
0.2614008943977492, 0.35555555555555557, 0.015531732314700437
0.1898188206647844, 0.35555555555555557, 0.002869867886404151
0.27559669741818116, 0.35555555555555557, 0.009829034246161876
0.2693088810859525, 0.35555555555555557, 0.001118497452613044
0.18487524617181755, 0.35555555555555557, 0.006873507277217082
0.28012213634851757, 0.35555555555555557, 0.006116499780319568
0.16000322897111707, 0.35555555555555557, 2.210252488200007e-06
0.16991288019038758, 0.35555555555555557, 0.003649899006563674
0.19240206412366523, 0.35555555555555557, 0.014181830317049086
0.239021662052713, 0.35555555555555557, 0.042865181197720155
0.17502817243138918, 0.35555555555555557, 0.00660290432737785
0.1943246928750911, 0.35555555555555557, 0.004169176644429289
0.1635399360660421, 0.35555555555555557, 0.005696470516416656
0.18128614591306805, 0.35555555555555557, 0.010440844059485657
0.20448985744923298, 0.35555555555555557, 0.006946975740800696
0.2673113589502613, 0.35555555555555557, 0.005276508426883651
0.19470818231288112, 0.35555555555555557, 0.0008205969638069748
0.1754223839631422, 0.35555555555555557, 0.00289278561798437
0.25215428052550665, 0.35555555555555557, 0.0020940793913879906
0.18777307094635318, 0.35555555555555557, 0.017942173314760633
0.18502122242069935, 0.35555555555555557, 0.0026176167415570737
0.16393148853619718, 0.35555555555555557, 0.007788008802187005
0.27909482293945376, 0.35555555555555557, 0.003174539597837648
0.18055152959185242, 0.35555555555555557, 0.002401052916726416
0.22603570868417483, 0.35555555555555557, 0.002656568563795012
0.29039777102130937, 0.35555555555555557, 0.009528411870123628
0.24530966285012443, 0.35555555555555557, 0.004166314216169689
0.18737752530669266, 0.35555555555555557, 0.01817340590805744
0.17378052245869158, 0.35555555555555557, 0.0014872100049668003
0.08923288359453414, 0.35555555555555557, 0.0021715205130223283
0.1487720858934511, 0.35555555555555557, 0.00038172762781312375
0.17461337327345586, 0.35555555555555557, 0.0008354346642731231
0.3442451622456776, 0.35555555555555557, 0.01097266243634505
0.14500554271626626, 0.35555555555555557, 0.002945655807697416
0.24557424367760364, 0.35555555555555557, 0.0028711935443290373
0.1771748634095899, 0.35555555555555557, 0.0017949573870683969
0.2058323859899138, 0.35555555555555557, 0.01895039252249274
0.17572155300371536, 0.35555555555555557, 0.017320553728224452
0.23295972772873189, 0.35555555555555557, 0.034672969501418974
0.0794867225539666, 0.35555555555555557, 0.01881436304240932
0.25495629802342334, 0.35555555555555557, 0.014349197066384076
0.2299735718238986, 0.35555555555555557, 0.01255149169649671
0.2727917808733481, 0.35555555555555557, 0.005635515962291177
0.18701042107776142, 0.35555555555555557, 0.01312548259668938
0.18929065080889448, 0.35555555555555557, 0.0005496497862198113
0.1801949767509054, 0.35555555555555557, 0.0009819465776604503
0.19233961780728823, 0.35555555555555557, 0.003464167224372695
0.2321621729285099, 0.35555555555555557, 0.013206366031397769
0.1118056446521648, 0.35555555555555557, 0.003904198963128305
0.17475112201307563, 0.35555555555555557, 0.0014374516910936911
0.1799711470513537, 0.35555555555555557, 0.006299119221092292
0.17167136109780384, 0.35555555555555557, 0.009385539910683187
0.20774622068265317, 0.35555555555555557, 0.00098199937880377
0.19137073591556455, 0.35555555555555557, 6.305638511089858e-05
0.14228958224779362, 0.35555555555555557, 0.015094336326899535
0.18832210498173077, 0.35555555555555557, 0.01577759626833552
0.21840405418423686, 0.35555555555555557, 0.005677420673363023
0.1573000962783767, 0.35555555555555557, 0.0025620580173831295
0.21732238614828453, 0.35555555555555557, 0.02205040505105942
0.24825803743806635, 0.35555555555555557, 0.009780411156833174
0.1665030074531648, 0.35555555555555557, 0.0038418092274852596
0.21746572754930904, 0.35555555555555557, 0.014482589661237012
0.2821351637177079, 0.35555555555555557, 0.0023131241865394455
0.1454370066029209, 0.35555555555555557, 0.012823042767189145
0.202201797163672, 0.35555555555555557, 0.002257021163515659
0.21602645679246887, 0.35555555555555557, 0.004887312512719179
0.17425967499689116, 0.35555555555555557, 0.0006177962770621939
0.22168272412128598, 0.35555555555555557, 0.019075949402656566
0.25387351896350663, 0.35555555555555557, 0.0010742989255756593
0.08412365197727145, 0.35555555555555557, 0.010685905592498877
0.08640754074596724, 0.35555555555555557, 0.003107300229135075
0.2622042326166877, 0.35555555555555557, 0.0025155602845982686
0.21878501979015025, 0.35555555555555557, 0.0011608198301842642
0.1130006268313522, 0.35555555555555557, 0.0033430353695604598
0.1830609174912621, 0.35555555555555557, 0.0036097734162492037
0.29075564587010494, 0.35555555555555557, 0.010049365967784916
0.21764625010083682, 0.35555555555555557, 0.019944046251294627
0.2718550031650459, 0.35555555555555557, 0.004632162877790848
0.24677680368808438, 0.35555555555555557, 0.022649170540150892
0.111165488780415, 0.35555555555555557, 0.003774913463701567
0.2681570608350374, 0.35555555555555557, 0.009286984095593111
0.34162000991277364, 0.35555555555555557, 0.006783230656202345
0.22473444675931456, 0.35555555555555557, 0.0037815300991132965
0.320277386438897, 0.35555555555555557, 0.0044259907976722185
0.19300219139612412, 0.35555555555555557, 0.01827573848895614
0.11241822097480199, 0.35555555555555557, 0.0001630303372945531
0.21648123664700564, 0.35555555555555557, 0.011530234590035406
0.20606100103892244, 0.35555555555555557, 0.0012167115852123227
0.23311596533696163, 0.35555555555555557, 0.0035882414036158446
0.175729865091116, 0.35555555555555557, 0.0026200985383851225
0.18011317322966694, 0.35555555555555557, 0.010703296983732069
0.15395543999371106, 0.35555555555555557, 0.038733788928270195
0.24151699835974838, 0.35555555555555557, 0.0014061442194405452
0.14863470019263061, 0.35555555555555557, 0.005501411773973966
0.20676349241346711, 0.35555555555555557, 0.011570018898812267
0.23892559223103502, 0.35555555555555557, 0.00815057558613186
0.1656683352185234, 0.35555555555555557, 0.0017597703822873016
0.2914938439916807, 0.35555555555555557, 0.008101616641631709
0.20805181909821088, 0.35555555555555557, 0.00015849160995208228
0.21825663280941168, 0.35555555555555557, 0.006644046240399713
0.13726947974064657, 0.35555555555555557, 0.005266924057064301
0.09338852567231903, 0.35555555555555557, 0.008206373686879168
0.22947745962773927, 0.35555555555555557, 0.013646453968566353
0.12023042380000204, 0.35555555555555557, 0.0004604915869592171
0.1749289772769425, 0.35555555555555557, 0.024721928784387497
0.23865435785960487, 0.35555555555555557, 0.010021883449420302
0.1953524875082682, 0.35555555555555557, 3.500203713111098e-05
0.19935757872654847, 0.35555555555555557, 0.005064321890982339
0.14109534232255005, 0.35555555555555557, 0.007947398890154882
0.24204865949984888, 0.35555555555555557, 0.0009127944214787347
0.25582290376810335, 0.35555555555555557, 0.005143813029300071
0.1600976600469825, 0.35555555555555557, 0.024360142968354436
0.11363856239826894, 0.35555555555555557, 0.008380657486854648
0.20773750874018745, 0.35555555555555557, 0.005974149216775088
0.10857585879277691, 0.35555555555555557, 0.023492193048685422
0.15347995311143184, 0.35555555555555557, 0.009098273233897605
0.1784089079437804, 0.35555555555555557, 0.012098158966849766
0.18352610188834872, 0.35555555555555557, 0.008359879979906098
0.2193087770051671, 0.35555555555555557, 0.0006289814790812441
0.15837439977410653, 0.35555555555555557, 0.005075002244655581
0.28877078164718895, 0.35555555555555557, 0.007050614201697233
0.217735266287946, 0.35555555555555557, 0.027231454391865622
0.17426169022928858, 0.35555555555555557, 0.013870561247987747
0.19769819264376565, 0.35555555555555557, 0.0013532784696930096
0.2900115720275078, 0.35555555555555557, 0.004208990192777328
0.13681588236369768, 0.35555555555555557, 0.00018216151243235617
0.25224097257620426, 0.35555555555555557, 0.0026808785212748707
0.33537232549823887, 0.35555555555555557, 0.003004361748060952
0.24072953986049953, 0.35555555555555557, 0.005290183132717398
0.24628718158303362, 0.35555555555555557, 0.0011941612771553414
0.2689767048205166, 0.35555555555555557, 0.01362154973861854
0.09124971115677079, 0.35555555555555557, 0.007190604752749335
0.3026298634163394, 0.35555555555555557, 0.006753020787598633
0.17081970252918063, 0.35555555555555557, 0.014510110051145808
0.16114879961053952, 0.35555555555555557, 0.006142142958236682
0.20002430816513916, 0.35555555555555557, 0.013288706265916184
0.3172510463165604, 0.35555555555555557, 0.004484659909944726
0.17429199332467743, 0.35555555555555557, 0.0014821986030080284
0.13970031751763254, 0.35555555555555557, 0.006852153759781711
0.23298341016749755, 0.35555555555555557, 0.01397904459514287
0.2458669996664792, 0.35555555555555557, 0.0013585720520824776
0.15755802029372779, 0.35555555555555557, 0.0014971210172357373
0.25701414946885526, 0.35555555555555557, 0.01569898639867069
0.21625894298461545, 0.35555555555555557, 0.006359421108934556
0.13348026689045484, 0.35555555555555557, 0.0017279746800463816
0.10582609803677742, 0.35555555555555557, 0.02017342016873817
0.2671725896809125, 0.35555555555555557, 0.0029809248203710678
0.28961363347311386, 0.35555555555555557, 0.004012772548114667
0.19243779828770965, 0.35555555555555557, 0.002881286036411143
0.2010880445936826, 0.35555555555555557, 0.0005530841441547489
0.20679363485439822, 0.35555555555555557, 0.0009711065458495676
0.22593334029020057, 0.35555555555555557, 0.002667166989053352
0.2607940301393944, 0.35555555555555557, 0.01666301223520074
0.2150991909028734, 0.35555555555555557, 0.003771137123054274
0.18520745693712481, 0.35555555555555557, 0.0006592008774731073
0.15113580614091127, 0.35555555555555557, 0.005337083665136389
0.2002199401081246, 0.35555555555555557, 0.0036242430351740096
0.22790862867190959, 0.35555555555555557, 0.0034980459539464648
0.16324262110515536, 0.35555555555555557, 0.012688887016938908
0.1885516397254178, 0.35555555555555557, 0.0013008185059910937
0.22642005929407946, 0.35555555555555557, 0.012922444955235202
0.093700352346271, 0.35555555555555557, 0.006401659639503847
0.12691926422319322, 0.35555555555555557, 0.00632488985862336
0.17694103355916566, 0.35555555555555557, 0.005608428925670606
0.17457330259079445, 0.35555555555555557, 0.003322811423798978
0.16340233617453218, 0.35555555555555557, 0.005334936099335778
0.07029061412249224, 0.35555555555555557, 0.005692056726467666
0.19696885922530413, 0.35555555555555557, 0.0034739404047254086
0.19976123831903206, 0.35555555555555557, 0.04355759339868639
0.18991349921163309, 0.35555555555555557, 0.014437454439405436
0.21708810224063135, 0.35555555555555557, 0.006822114812089968
0.2506539629502209, 0.35555555555555557, 0.01189547890829737
0.14911377884036964, 0.35555555555555557, 0.014746342585666306
0.25430690596584904, 0.35555555555555557, 0.006586307641657187
0.20524558195497947, 0.35555555555555557, 0.0022694009172009298
0.29772071106601933, 0.35555555555555557, 0.00045381529826543686
0.15601682653595195, 0.35555555555555557, 0.010230697155398948
0.2539518795581631, 0.35555555555555557, 0.0044508324854887135
0.18999893407169915, 0.35555555555555557, 0.008787825936705355
0.3067215878401561, 0.35555555555555557, 0.0030928456387318754
0.228183556020219, 0.35555555555555557, 0.02612070089136587
0.25472714931929735, 0.35555555555555557, 0.007774098933877593
0.2954642676903678, 0.35555555555555557, 0.02471086067429724
0.28353297742292916, 0.35555555555555557, 0.005500032297421478
0.231610975402494, 0.35555555555555557, 0.0007913628266053747
0.2369819495110392, 0.35555555555555557, 0.013692587626957508
0.20345535777776452, 0.35555555555555557, 0.03467317798739739
0.2181680886522563, 0.35555555555555557, 0.02704197680537373
0.17844874466365948, 0.35555555555555557, 0.010360319109703102
0.2654716625489386, 0.35555555555555557, 0.0013808210376695068
0.21876451397527963, 0.35555555555555557, 0.01227006884072009
0.12621591226530102, 0.35555555555555557, 0.007184086363861586
0.17861235714114665, 0.35555555555555557, 0.01823535518321174
0.22997658319758651, 0.35555555555555557, 0.0017765760741875242
0.17026752885816132, 0.35555555555555557, 0.0007116431921684851
0.19340245129840244, 0.35555555555555557, 0.0059993202560992736
0.15466438759574191, 0.35555555555555557, 0.0019682873735521996
0.23013530468917343, 0.35555555555555557, 0.0074304000602072725
0.19932516314707333, 0.35555555555555557, 0.019545406560424635
0.24622250908202217, 0.35555555555555557, 0.019399423585050965
0.27058238691993963, 0.35555555555555557, 0.00418026395607939
0.24536328170897997, 0.35555555555555557, 0.00534043964436192
0.22021065207969723, 0.35555555555555557, 0.013090510274167083
0.24642066410048002, 0.35555555555555557, 4.121013227866721e-06
0.22431116287880784, 0.35555555555555557, 0.0127042444455058
0.21774924287972608, 0.35555555555555557, 0.006315223511440942
0.20364785021557716, 0.35555555555555557, 0.014108046705380137
0.14939069145737552, 0.35555555555555557, 0.0017448112370108345
0.16641599888518238, 0.35555555555555557, 0.002123306390667088
0.1953124290483641, 0.35555555555555557, 0.001838145204079931
0.16809228729867626, 0.35555555555555557, 0.006521775120928627
0.2723862197532304, 0.35555555555555557, 0.013651089215373313
0.17576577934077084, 0.35555555555555557, 0.0005153571967223561
0.22490141918216994, 0.35555555555555557, 0.025347955490802397
0.30307831232386645, 0.35555555555555557, 0.011013022515078083
0.22041789840427442, 0.35555555555555557, 0.0012167477509966076
0.21057213270781122, 0.35555555555555557, 0.01634184066473117
0.1638252482780873, 0.35555555555555557, 0.0006538850650103478
0.2368404206305338, 0.35555555555555557, 0.006110953721788281
0.20465251944338272, 0.35555555555555557, 0.005122318983333445
0.13174833518964224, 0.35555555555555557, 0.004298046846408036
0.2001556858374312, 0.35555555555555557, 0.001772888974616209
0.21104942686702044, 0.35555555555555557, 0.008492320724024708
0.1626275420184702, 0.35555555555555557, 0.005966974104314717
0.20015618887942946, 0.35555555555555557, 0.004251034253662238
0.1607453496196829, 0.35555555555555557, 0.0028329674926069067
0.17155068623825453, 0.35555555555555557, 0.006436006230734141
0.2255425871015658, 0.35555555555555557, 0.0004839264348016039
0.11531687422503438, 0.35555555555555557, 0.005530559208856001
0.2296095143794467, 0.35555555555555557, 0.004340837157554886
0.23574135600556986, 0.35555555555555557, 0.002825000878916391
0.17612661647136962, 0.35555555555555557, 0.004679399145886974
0.23021991445083942, 0.35555555555555557, 0.004370483742402079
0.2640936623064844, 0.35555555555555557, 0.0048697986004244695
0.21443309672505106, 0.35555555555555557, 0.002592835118140356
0.1651722521311119, 0.35555555555555557, 0.0016229208925599814
0.10886494080590911, 0.35555555555555557, 0.0015991154106240063
0.12243587733468407, 0.35555555555555557, 0.0049960498463758555
0.1598466440596756, 0.35555555555555557, 0.0035308406354081718
0.19701840196359313, 0.35555555555555557, 0.015201982273824648
0.2546750785923101, 0.35555555555555557, 0.006322998022512149
0.1399107220016123, 0.35555555555555557, 0.0016809834216354562
0.18119332252936227, 0.35555555555555557, 0.0109871208894882
0.21730354040710478, 0.35555555555555557, 0.0042545967268999615
0.22923202134901643, 0.35555555555555557, 0.004225342420846101
0.24290235712071875, 0.35555555555555557, 0.003507798990801757
0.16398104802744987, 0.35555555555555557, 0.009228810224222013
0.029310324035060287, 0.35555555555555557, 0.028674452652535005
0.3399852207643242, 0.35555555555555557, 0.00937154680560532
0.21123383083681552, 0.35555555555555557, 0.0074841252008689685
0.25686200012109994, 0.35555555555555557, 0.0018735403423493788
0.23916359704393692, 0.35555555555555557, 0.026842919433426395
0.24116721777438438, 0.35555555555555557, 0.021151916564757494
0.2168671495776154, 0.35555555555555557, 0.0003420259522655708
0.16417488958533152, 0.35555555555555557, 0.0005618877410670701
0.07334503941500964, 0.35555555555555557, 0.015170985038969425
0.16748505202999284, 0.35555555555555557, 0.00931941460764556
0.24581219442377203, 0.35555555555555557, 0.004686605907599037
0.19901905779478518, 0.35555555555555557, 0.01278590449798419
0.22542800573399052, 0.35555555555555557, 0.0047720952908043126
0.25708130561595965, 0.35555555555555557, 0.0008920030254632503
0.17567292495120618, 0.35555555555555557, 0.0016988949126464533
0.19545437366298118, 0.35555555555555557, 0.008325894774825147
0.17760796443007235, 0.35555555555555557, 0.0011322296853914543
0.20875029803383, 0.35555555555555557, 0.008189322357573223
0.3468180576206761, 0.35555555555555557, 0.017983007057751032
0.2082840192875558, 0.35555555555555557, 0.010679049668243295
0.09516572343215424, 0.35555555555555557, 0.01120095938950892
0.2308507872456702, 0.35555555555555557, 0.0547114189031997
0.2821831447844704, 0.35555555555555557, 0.004532575795434386
0.14364100845809635, 0.35555555555555557, 0.023792806474950245
0.18094309649153315, 0.35555555555555557, 0.0012991504862196654
0.23159088378858012, 0.35555555555555557, 0.0017225511589566219
0.21965529501575737, 0.35555555555555557, 0.008327085117184345
0.15282988232459294, 0.35555555555555557, 0.023991533886143942
0.20519592985274324, 0.35555555555555557, 0.014902349563486765
0.10692921630988798, 0.35555555555555557, 0.001104531743409066
0.16902033967571628, 0.35555555555555557, 0.006856017292064364
0.17962769457733183, 0.35555555555555557, 0.008272967794995461
0.17396644603280492, 0.35555555555555557, 0.0054887493750941626
0.19231405374551175, 0.35555555555555557, 0.0014140108599330025
0.17547856355320418, 0.35555555555555557, 0.003392791078039576
0.22234523705864928, 0.35555555555555557, 0.024414959391963705
0.2602139307891018, 0.35555555555555557, 0.006542554110232075
0.08785782437113641, 0.35555555555555557, 0.0038747987593952407
0.27204998171665135, 0.35555555555555557, 0.0032835468370485937
0.23976548671231837, 0.35555555555555557, 0.0043728156436352176
0.19116002889326808, 0.35555555555555557, 0.012921976352370926
0.24261516213398643, 0.35555555555555557, 0.004191734770554175
0.13510867004023763, 0.35555555555555557, 0.00981751611032917
0.25244093570648424, 0.35555555555555557, 0.017185932987845366
0.10514713334312879, 0.35555555555555557, 0.0013529400815078568
0.19792430132919245, 0.35555555555555557, 0.006858302122948557
0.1797402959625552, 0.35555555555555557, 0.009670686448321343
0.21740740761872573, 0.35555555555555557, 0.0008229273908376723
0.25143692233516335, 0.35555555555555557, 0.006999728430748522
0.22148410682832625, 0.35555555555555557, 0.0014807969996451368
0.2161284621704639, 0.35555555555555557, 0.01013373278897901
0.17414737237674824, 0.35555555555555557, 0.0061951617595486655
0.22830660509509082, 0.35555555555555557, 0.001744317681405705
0.08681540496778664, 0.35555555555555557, 0.004310283728876587
0.24272619676205853, 0.35555555555555557, 0.002630684212421651
0.1020467871324202, 0.35555555555555557, 0.007504052582557063
0.20339530393704833, 0.35555555555555557, 0.009749288982372982
0.22928011176370072, 0.35555555555555557, 0.010578319097303989
0.19908772876533293, 0.35555555555555557, 0.030024180623852606
0.18587547682024613, 0.35555555555555557, 0.01670888872839853
0.14257521110128105, 0.35555555555555557, 0.010728229040163878
0.23090132772430264, 0.35555555555555557, 0.025796002885987792
0.17529601028734557, 0.35555555555555557, 0.010612449350059418
0.22739889415243486, 0.35555555555555557, 0.015774866454399915
0.27279187339604405, 0.35555555555555557, 0.004563861818399622
0.24085360867389424, 0.35555555555555557, 0.014765005752289572
0.15953200821265445, 0.35555555555555557, 0.00406201005086981
0.14241429175400588, 0.35555555555555557, 0.012272016120701888
0.20773985061773373, 0.35555555555555557, 0.0006677638187608027
0.227857129132395, 0.35555555555555557, 0.014046857544953049
0.21939486533606006, 0.35555555555555557, 0.002710790421564062
0.2677459505300521, 0.35555555555555557, 0.0058969381388574845
0.24492861764259943, 0.35555555555555557, 0.005560413619414051
0.18392564424041133, 0.35555555555555557, 0.005142170433094859
0.1314643102340358, 0.35555555555555557, 0.0061751014779300615
0.2733961145168924, 0.35555555555555557, 0.0014827344581402496
0.04696280215193452, 0.35555555555555557, 0.012705889128077383
0.2567947720332646, 0.35555555555555557, 0.003534544486545294
0.24551858686782582, 0.35555555555555557, 0.010629007473204881
0.2547787084242539, 0.35555555555555557, 0.003837099396527901
0.20567402598720974, 0.35555555555555557, 0.03205170987895647
0.2618021124372789, 0.35555555555555557, 0.0058095779870099935
0.24839448465932462, 0.35555555555555557, 0.0035378360999695916
0.20256973330978315, 0.35555555555555557, 0.019295223955862712
0.2610684958141549, 0.35555555555555557, 0.015274163389833548
0.24379980852061492, 0.35555555555555557, 0.0018623874472795778
0.15821035149177737, 0.35555555555555557, 0.022519439533532696
0.2600621938869546, 0.35555555555555557, 0.021512187156585063
0.09697984283865768, 0.35555555555555557, 0.0014328527114313143
0.19997241721371894, 0.35555555555555557, 0.005613048368602092
0.14126961156472953, 0.35555555555555557, 0.002769802193527797
0.22571080566645826, 0.35555555555555557, 0.002622358481710059
0.17110173017651803, 0.35555555555555557, 0.019660559374305907
0.17270142410751102, 0.35555555555555557, 0.00030315127363347567
0.18259797153298243, 0.35555555555555557, 0.004743246808048423
0.18985028789166505, 0.35555555555555557, 0.0007018817673416241
0.25263164848328445, 0.35555555555555557, 0.01128464443121643
0.16847052590405473, 0.35555555555555557, 0.0026851963217893
0.2526009308929421, 0.35555555555555557, 0.015542779713351274
0.17541615309598485, 0.35555555555555557, 0.0014382259767255414
0.18860924131192952, 0.35555555555555557, 0.006132865629847769
0.21656247423081104, 0.35555555555555557, 0.0015693730279229324
0.034110851417857635, 0.35555555555555557, 0.014992938715172805
0.15712302430455083, 0.35555555555555557, 0.0015352824198473609
0.12609576261208294, 0.35555555555555557, 0.022528817878012874
0.3081879976178475, 0.35555555555555557, 0.014377651944692729
0.17156540987296232, 0.35555555555555557, 0.002454219563128897
0.15814977253341317, 0.35555555555555557, 0.003267685670484093
0.23271555648264755, 0.35555555555555557, 0.010789060119677951
0.23314893771538975, 0.35555555555555557, 0.0009194897656715804
0.1856180252277143, 0.35555555555555557, 0.002244508784375119
0.2553692074360513, 0.35555555555555557, 0.00047024546596688557
0.1995798893635706, 0.35555555555555557, 0.004606963167187677
0.18231578493410733, 0.35555555555555557, 0.0029671376138867955
0.16918334679828917, 0.35555555555555557, 0.0012935067166033392
0.1477081715555877, 0.35555555555555557, 0.010018281225425902
0.15878703627275031, 0.35555555555555557, 0.0006788736829152266
0.23960593232778854, 0.35555555555555557, 0.0013010919656196265
0.2257321057008381, 0.35555555555555557, 0.004056003389647517
0.19630114882232497, 0.35555555555555557, 0.004337583132080011
0.2686642123047168, 0.35555555555555557, 0.009990358320257003
0.3553400966637891, 0.35555555555555557, 0.013900552679537723
0.073635208318681, 0.35555555555555557, 0.00297873808264968
0.12587946045041953, 0.35555555555555557, 0.01211331791443716
0.15827689894279762, 0.35555555555555557, 0.0008560457938367565
0.18419119320026567, 0.35555555555555557, 0.0026103939352914067
0.2699845323745669, 0.35555555555555557, 0.007678130490389691
0.20629364968851838, 0.35555555555555557, 0.005449249682889871
0.1332119116536062, 0.35555555555555557, 0.00040562356928021176
0.1516456068957178, 0.35555555555555557, 0.01891237859745473
0.203574807682018, 0.35555555555555557, 0.0055564940547059415
0.22951419603893208, 0.35555555555555557, 0.000987281363305065
0.2130589272030824, 0.35555555555555557, 0.014604042634986728
0.17979524872983854, 0.35555555555555557, 0.0015632341861801765
0.21810377811009385, 0.35555555555555557, 0.01900373457453331
0.2507105006142398, 0.35555555555555557, 0.004338768672183295
0.19334670060451106, 0.35555555555555557, 0.0008077787856995702
0.18406885900395673, 0.35555555555555557, 0.007426794456789256
0.15710637302854327, 0.35555555555555557, 0.0011164684495727193
0.18433017532896617, 0.35555555555555557, 0.013803513148053172
0.2737335144496522, 0.35555555555555557, 0.0038465918596739916
0.20061996002648846, 0.35555555555555557, 0.012647586055346988
0.10818510839198503, 0.35555555555555557, 0.0003446298796187591
0.17860540183744447, 0.35555555555555557, 0.001717582555584357
0.16189198950477163, 0.35555555555555557, 0.0003272362665503399
0.26875264027496404, 0.35555555555555557, 0.008326479575242112
0.17636204389983778, 0.35555555555555557, 0.0008035577819333643
0.23677836470867392, 0.35555555555555557, 0.004894694712001142
0.24570975058620093, 0.35555555555555557, 0.0024640206744546565
0.20667676595043946, 0.35555555555555557, 0.0003369975586478783
0.23270789310001333, 0.35555555555555557, 0.0014181301242776841
0.21997135360626136, 0.35555555555555557, 0.013429072788308696
0.2467976714074839, 0.35555555555555557, 0.023395296765066704
0.24891814127791226, 0.35555555555555557, 0.02167873694024948
0.2686366724013122, 0.35555555555555557, 0.0024210980138739276
0.32403020285591505, 0.35555555555555557, 0.03579447117077667
0.2044942654958529, 0.35555555555555557, 0.002424571422248576
0.23526029351156036, 0.35555555555555557, 0.0011384921882295384
0.16806843947104036, 0.35555555555555557, 0.0049244855836767815
0.23307810832040107, 0.35555555555555557, 0.0015159631820995307
0.2544447981791716, 0.35555555555555557, 0.0012676121960516846
0.26054143042410366, 0.35555555555555557, 0.015565155190209167
0.1686504680797621, 0.35555555555555557, 0.011147861884015075
0.23851850524710014, 0.35555555555555557, 0.0016458480441740092
0.1785264511983868, 0.35555555555555557, 0.003546203860967363
0.14412667852033018, 0.35555555555555557, 0.0019840617749069494
0.20321195258391775, 0.35555555555555557, 0.00447426146984639
0.14941013652436386, 0.35555555555555557, 0.0031180657230931615
0.23603039871697473, 0.35555555555555557, 0.005906685359026213
0.23269810283772308, 0.35555555555555557, 0.014609433969214915
0.22334711845337635, 0.35555555555555557, 0.00636401430069344
0.20664583338900955, 0.35555555555555557, 0.0016349194558291085
0.1798332489750041, 0.35555555555555557, 0.011846284376603027
0.05920741600359189, 0.35555555555555557, 0.013494896488939097
0.2465082503178363, 0.35555555555555557, 0.0028273220789708335
0.2326501572270951, 0.35555555555555557, 0.009043649398261066
0.15685000092035684, 0.35555555555555557, 0.011013676275538196
0.22779622516547393, 0.35555555555555557, 0.0015000474949845724
0.18404538154480315, 0.35555555555555557, 0.002247613114063585
0.22110240579328924, 0.35555555555555557, 0.0016352154268561082
0.18695275432317274, 0.35555555555555557, 0.0006297341765762783
0.1836223255326548, 0.35555555555555557, 0.002025773152052822
0.26056646791033106, 0.35555555555555557, 0.004744509449267797
0.19279052862761636, 0.35555555555555557, 0.00539336850211699
0.22474310560203378, 0.35555555555555557, 0.0019712840143978894
0.23031877789529592, 0.35555555555555557, 0.0040146231401327484
0.17380489460096984, 0.35555555555555557, 0.0005180599719795343
0.2367294313013136, 0.35555555555555557, 0.012737272864579999
0.1758905472702633, 0.35555555555555557, 0.004233230950524643
0.24475651052783948, 0.35555555555555557, 0.017550145166326
0.20107697674197275, 0.35555555555555557, 0.007605781354201593
0.21924728760148632, 0.35555555555555557, 0.014225231679029018
0.24046775743367566, 0.35555555555555557, 0.008687719953134707
0.17329275275646733, 0.35555555555555557, 0.017593731454327906
0.16707858999730218, 0.35555555555555557, 0.0005054856305453492
0.2597345472264256, 0.35555555555555557, 0.011853748022042887
0.16411730569853433, 0.35555555555555557, 0.003880817141766003
0.17860981782468094, 0.35555555555555557, 0.005872417844910599
0.22270997696413714, 0.35555555555555557, 0.0042697643408301685
0.17143228218790169, 0.35555555555555557, 0.006100682664957377
0.1625634107150716, 0.35555555555555557, 0.0004800748462968384
0.19311347888610572, 0.35555555555555557, 0.006604203874830954
0.2860637876200751, 0.35555555555555557, 0.020888707860565955
0.10868407617966191, 0.35555555555555557, 0.009026249368419883
0.21441532882915038, 0.35555555555555557, 0.006945204993083
0.2413283510584217, 0.35555555555555557, 0.01374304846458711
0.13756242187653533, 0.35555555555555557, 0.005243171401433406
0.20213392660575383, 0.35555555555555557, 0.004935973246698723
0.14772576534784618, 0.35555555555555557, 0.004142880809994839
0.2764930445988782, 0.35555555555555557, 0.003338840450576713
0.1415521571533223, 0.35555555555555557, 0.00028067505116930553
0.19879364672927116, 0.35555555555555557, 0.03479765230055183
0.20660494622538716, 0.35555555555555557, 0.009365585688632059
0.20375061220196716, 0.35555555555555557, 0.002005316359940752
0.28154336786661327, 0.35555555555555557, 0.004642564850643833
0.16565934357080633, 0.35555555555555557, 0.0024396148054518724
0.14594484079231834, 0.35555555555555557, 0.0023313838028404216
0.08604932334431532, 0.35555555555555557, 0.001941245359381006
0.2887072969679644, 0.35555555555555557, 0.0011445636659240077
0.20874796730074363, 0.35555555555555557, 0.0019297421744575883
0.11646631576116839, 0.35555555555555557, 0.011516339612514912
0.11631953292577794, 0.35555555555555557, 0.0049582570388891105
0.14785822857921582, 0.35555555555555557, 0.012546578087173112
0.16005796736055664, 0.35555555555555557, 0.0007078100469406025
0.14325702755701064, 0.35555555555555557, 0.001036997380972923
0.23421029226138496, 0.35555555555555557, 0.024269490956748026
0.12765780729422566, 0.35555555555555557, 0.0007936480240700731
0.2909237139163724, 0.35555555555555557, 0.021250859800846556
0.22232884905703243, 0.35555555555555557, 0.021187435152129598
0.1569576756279754, 0.35555555555555557, 0.005889203059438587
0.20822283511916403, 0.35555555555555557, 0.002410238821871345
0.2327227840711247, 0.35555555555555557, 0.039949021530633316
0.15182790829668, 0.35555555555555557, 0.0009549590954747193
0.16467619314395546, 0.35555555555555557, 0.020117870971087207
0.15345887595193483, 0.35555555555555557, 0.0005993891186529214
0.23723688335943646, 0.35555555555555557, 0.004054041149604286
0.303316326212022, 0.35555555555555557, 0.008027031938743844
0.22089113658305515, 0.35555555555555557, 0.001203359132627578
0.22992887765371858, 0.35555555555555557, 0.003027241501197048
0.1932575454366181, 0.35555555555555557, 0.005654254776694911
0.07654097681628874, 0.35555555555555557, 0.002454062948414128
0.15726661752775414, 0.35555555555555557, 0.0016897006095603316
0.23829118279626846, 0.35555555555555557, 0.01955660008354435
0.19432769801643102, 0.35555555555555557, 0.013262140072761724
0.23962309783800095, 0.35555555555555557, 0.004497412584476923
0.0978088473307772, 0.35555555555555557, 0.008319282145601254
0.19430134387142292, 0.35555555555555557, 0.024471609182932688
0.20124618470577052, 0.35555555555555557, 0.008703719283034105
0.15545300386808125, 0.35555555555555557, 0.0030158226287579997
0.2531979539749168, 0.35555555555555557, 0.007400755342905006
0.16677068336591366, 0.35555555555555557, 0.02182312869689787
0.1960413002809575, 0.35555555555555557, 0.026327751656655244
0.29236797595049957, 0.35555555555555557, 0.0017192311289854372
0.15650523485830983, 0.35555555555555557, 0.0009277142977055485
0.1760695881277405, 0.35555555555555557, 0.025556357622630248
0.16924634516068823, 0.35555555555555557, 0.00022423884910713143
0.1719365728223803, 0.35555555555555557, 0.008729948986556987
0.18540416080379024, 0.35555555555555557, 0.003999366420061925
0.18936585418948673, 0.35555555555555557, 0.005962289928620286
0.19285754066889, 0.35555555555555557, 0.0024677379760154597
0.23846805732065504, 0.35555555555555557, 0.00025558895841447035
0.2546189378544387, 0.35555555555555557, 0.010377414496378556
0.1861898013392151, 0.35555555555555557, 0.012356553569893606
0.14590597397469157, 0.35555555555555557, 0.0015614542045593045
0.1916549557153006, 0.35555555555555557, 0.006951198122576758
0.1552840536407433, 0.35555555555555557, 0.00684456793291099
0.28832964284224544, 0.35555555555555557, 0.00037604295454029727
0.15884561217391302, 0.35555555555555557, 0.01575730335761519
0.23583619176630713, 0.35555555555555557, 0.002077928515517055
0.19690935502715323, 0.35555555555555557, 0.005597950950764591
0.16213706203628553, 0.35555555555555557, 0.00376942910976779
0.14772860178648706, 0.35555555555555557, 0.013134279858468103
0.14986942805680079, 0.35555555555555557, 0.0031726826427084416
0.15327910649860924, 0.35555555555555557, 0.013841454232313194
0.22157716838200114, 0.35555555555555557, 0.005826478249765359
0.1659168196359046, 0.35555555555555557, 0.0006860643439677369
0.14515279122241626, 0.35555555555555557, 0.006064942798619099
0.14971384501799267, 0.35555555555555557, 0.004885752305344461
0.10343026907840511, 0.35555555555555557, 0.010346286803466118
0.25072768628504327, 0.35555555555555557, 0.001976559707953445
0.21153980625256208, 0.35555555555555557, 0.014415594377603138
0.2023863345524585, 0.35555555555555557, 0.0021512784794446493
0.14164655388275477, 0.35555555555555557, 0.004899856793608344
0.2918275737068184, 0.35555555555555557, 0.0174290761585494
0.16462103694196326, 0.35555555555555557, 0.04376431006588599
0.13540752490310565, 0.35555555555555557, 0.007488595366354446
0.26170848541134883, 0.35555555555555557, 0.0005796425380065647
0.16821316225460375, 0.35555555555555557, 0.00035717678283195444
0.279993945151504, 0.35555555555555557, 0.034362412609625526
0.189637625659402, 0.35555555555555557, 0.002584677613264019
0.12553818943082415, 0.35555555555555557, 0.0004918518418721171
0.23384228337694252, 0.35555555555555557, 0.013190951452866254
0.1986914965466856, 0.35555555555555557, 0.03813511000294126
0.17173260004172525, 0.35555555555555557, 0.0048540686881510305
0.22266931800387157, 0.35555555555555557, 0.010346609135810363
0.2888962860093264, 0.35555555555555557, 0.02748308156620432
0.29846001182589704, 0.35555555555555557, 0.001680231477576901
0.16976033094960719, 0.35555555555555557, 0.022569571004808865
0.24744063363880262, 0.35555555555555557, 0.020017189103639987
0.16724500839812934, 0.35555555555555557, 0.005148301356188421
0.24795399313041513, 0.35555555555555557, 0.0006632887811416954
0.18377993481659655, 0.35555555555555557, 0.00024240969935026435
0.2022859961724217, 0.35555555555555557, 0.005032766867700105
0.21442416063450961, 0.35555555555555557, 0.00849121580804999
0.21327164893391248, 0.35555555555555557, 0.0029061575553229707
0.17583183580601652, 0.35555555555555557, 0.003993753016889547
0.10401227179120832, 0.35555555555555557, 0.012917635963694956
0.16459055490247626, 0.35555555555555557, 0.009024862416201563
0.2790085208838071, 0.35555555555555557, 0.0017064501738426184
0.22775776153394106, 0.35555555555555557, 0.004206492980176233
0.20601218107364896, 0.35555555555555557, 0.01085817806458613
0.179814611565796, 0.35555555555555557, 0.00888308523544328
0.21730907323975454, 0.35555555555555557, 0.01134503112161969
0.3293012260101065, 0.35555555555555557, 0.0050007657107558265
0.21318291566196435, 0.35555555555555557, 0.006650757924076191
0.2436232668190353, 0.35555555555555557, 0.00898271080395757
0.12098061434798045, 0.35555555555555557, 0.004648693465477712
0.1664436334229796, 0.35555555555555557, 0.016745231617871066
0.1309923035627023, 0.35555555555555557, 0.0029319192873871937
0.23686911898476282, 0.35555555555555557, 0.0015810493538273044
0.1246221667059983, 0.35555555555555557, 0.047223708399437625
0.26846942443351995, 0.35555555555555557, 0.006457131439173218
0.24266194548823883, 0.35555555555555557, 0.0031861608151959515
0.19593132078082331, 0.35555555555555557, 0.00891519101060884
0.2265213662226795, 0.35555555555555557, 0.00046920413806137286
0.16957553313580115, 0.35555555555555557, 0.01667230974138605
0.23828162260437744, 0.35555555555555557, 0.0010352424763035576
0.17997717138730682, 0.35555555555555557, 0.005755403064708237
0.22943685387403168, 0.35555555555555557, 0.0020873110129505878
0.19819424700021232, 0.35555555555555557, 0.009788612178868207
0.1589719099323081, 0.35555555555555557, 0.008000597264376302
0.16417915709421255, 0.35555555555555557, 0.003027789873553124
0.1908748453060853, 0.35555555555555557, 0.002947058418826639
0.17794357164831764, 0.35555555555555557, 0.014497126449065858
0.21106352676231396, 0.35555555555555557, 0.008341882429166827
0.2615036412330651, 0.35555555555555557, 0.003433719973239724
0.21605817061710364, 0.35555555555555557, 0.0031738256850902804
0.12403873158787049, 0.35555555555555557, 0.0028471156674612203
0.27731175356401244, 0.35555555555555557, 0.005677822506475971
0.1797454555244463, 0.35555555555555557, 0.004574974953312449
0.1983064320490706, 0.35555555555555557, 0.002063767759274807
0.23531315645261477, 0.35555555555555557, 0.00976966910951879
0.16189926303131263, 0.35555555555555557, 0.006927358111355607
0.2531463003699863, 0.35555555555555557, 0.009630513723942129
0.19741362246653021, 0.35555555555555557, 0.0011616618021266407
0.23088635377872793, 0.35555555555555557, 0.009856140421223613
0.23695162866209402, 0.35555555555555557, 0.007717951077265746
0.2202104474112376, 0.35555555555555557, 0.00591187403610279
0.10417532344624772, 0.35555555555555557, 0.018580728286586502
0.22215552397668376, 0.35555555555555557, 0.0011376415134567433
0.20039154754970886, 0.35555555555555557, 0.014037310451275665
0.11605487121633686, 0.35555555555555557, 0.012797389960626099
0.11995501377008906, 0.35555555555555557, 0.009803891873077345
0.18999021976975633, 0.35555555555555557, 0.0023896463839761933
0.212066740839297, 0.35555555555555557, 0.0015939131381605249
0.228658218690692, 0.35555555555555557, 0.0018211711560647001
0.25359239598363437, 0.35555555555555557, 0.0036777881282509736
0.268839526558902, 0.35555555555555557, 0.04112121480575417
0.09602295901889131, 0.35555555555555557, 0.0013832883738367564
0.2198074159592472, 0.35555555555555557, 0.006390338432171692
0.21051344118997542, 0.35555555555555557, 0.00490700732257571
0.12351576780845225, 0.35555555555555557, 0.0022039649998252192
0.21309454183484125, 0.35555555555555557, 0.07540579287063112
0.2314417123526324, 0.35555555555555557, 0.0013999148249066605
0.1663303142564911, 0.35555555555555557, 0.0033332046681731633
0.12889969077365465, 0.35555555555555557, 0.009864856158353598
0.18799514260621195, 0.35555555555555557, 0.0005199752527321975
0.21008713303915527, 0.35555555555555557, 0.03918289529098503
0.19799167517104807, 0.35555555555555557, 0.0051545637281573305
0.12724963484890128, 0.35555555555555557, 0.0007125364617148445
0.18927567178871646, 0.35555555555555557, 0.004933468562415563
0.16520947714649473, 0.35555555555555557, 0.006513354475993248
0.1618414036016895, 0.35555555555555557, 0.003554636281109992
0.2309597580915308, 0.35555555555555557, 0.006344244615144565
0.2172928455190684, 0.35555555555555557, 0.00244865415337709
0.1562971119331676, 0.35555555555555557, 0.022620615615304786
0.18263231133799704, 0.35555555555555557, 0.008947881081343752
0.21934473167135773, 0.35555555555555557, 0.0018176199638114015
0.1643329583043215, 0.35555555555555557, 0.00024277310820515182
0.14782594947988031, 0.35555555555555557, 0.002908521686987426
0.18414090925781376, 0.35555555555555557, 0.006783601458005824
0.16572785389229283, 0.35555555555555557, 0.0025817306997068298
0.19949690571579717, 0.35555555555555557, 0.0024168865206466287
0.1414285740083232, 0.35555555555555557, 0.004314806383230282
0.2450087869282352, 0.35555555555555557, 0.007740981600883524
0.18473999249101467, 0.35555555555555557, 0.004560085131276215
0.23038919927892212, 0.35555555555555557, 0.0074735431527027715
0.2737119093037277, 0.35555555555555557, 0.0017254363059263842
0.1953904017693718, 0.35555555555555557, 0.03390569221747641
0.16169448635263892, 0.35555555555555557, 0.000586522715418625
0.19029650073078636, 0.35555555555555557, 0.03815515383021329
0.23539106661872877, 0.35555555555555557, 0.0014373709397815734
0.20009860837122134, 0.35555555555555557, 0.05149660568423188
0.19869143947117687, 0.35555555555555557, 0.014705947337513254
0.09693330808147085, 0.35555555555555557, 0.0049760994396231065
0.22796172762781403, 0.35555555555555557, 0.005396776006339793
0.29475873943622677, 0.35555555555555557, 0.02138098623690683
0.19563376186335507, 0.35555555555555557, 0.003812966345511998
0.23072451330576169, 0.35555555555555557, 0.0035517061856792176
0.22310405957507076, 0.35555555555555557, 0.007585360752776514
0.18384504739252983, 0.35555555555555557, 0.0016699925222963164
0.20250873456294224, 0.35555555555555557, 0.0049774282804121266
0.20937047834768382, 0.35555555555555557, 0.00267602521909619
0.1966599591554179, 0.35555555555555557, 0.004481026844468274
0.28960995799173456, 0.35555555555555557, 0.0007647748668771456
0.1530826042494801, 0.35555555555555557, 0.008054459053834291
0.22643800252425106, 0.35555555555555557, 0.011497314624334074
0.22710816332092257, 0.35555555555555557, 0.0007824820477559722
0.2216458092273243, 0.35555555555555557, 0.00331655741344591
0.2105632427149659, 0.35555555555555557, 0.024627319596493977
0.17389368698548474, 0.35555555555555557, 0.0036190200902465617
0.14092512048624295, 0.35555555555555557, 0.006643521191143786
0.23248920053450065, 0.35555555555555557, 0.0018694101243830706
0.18609095719131877, 0.35555555555555557, 0.022073718235896385
0.1903013218937966, 0.35555555555555557, 0.005757711819026986
0.16612124458621394, 0.35555555555555557, 0.008496421517449605
0.2576369120314626, 0.35555555555555557, 0.00832799863098565
0.15915735698940867, 0.35555555555555557, 0.015502750551313442
0.22183167425586026, 0.35555555555555557, 0.005279113667093478
0.17380241922118567, 0.35555555555555557, 0.012735255566902604
0.15314316626378321, 0.35555555555555557, 0.018375487557301035
0.14441815185193665, 0.35555555555555557, 0.0008124922080729248
0.2386280567801456, 0.35555555555555557, 0.019353258717915812
0.21496552091445906, 0.35555555555555557, 0.04422409504942946
0.13617985685158496, 0.35555555555555557, 0.0031167324569583905
0.17404322614719303, 0.35555555555555557, 0.007044754448738084
0.25570993556194244, 0.35555555555555557, 0.007174970274175383
0.09835669500608327, 0.35555555555555557, 0.010114836822530214
0.07485608779601602, 0.35555555555555557, 0.020371319041758405
0.1880183939831627, 0.35555555555555557, 0.0035997732262953164
0.15158539039661117, 0.35555555555555557, 0.01717591954752389
0.23141513769137206, 0.35555555555555557, 0.011546898785387092
0.31252348922543427, 0.35555555555555557, 0.004312012086305383
0.07352657169197754, 0.35555555555555557, 0.018608518103056308
0.19481670230063017, 0.35555555555555557, 0.004718976741944589
0.18844042317327261, 0.35555555555555557, 0.0032192687117862527
0.23830397445339674, 0.35555555555555557, 0.010046988410915687
0.19450971218430932, 0.35555555555555557, 0.01317359728064276
0.20391471978262912, 0.35555555555555557, 0.01642512901437965
0.21128090898063387, 0.35555555555555557, 0.007126809172963446
0.19206793786402526, 0.35555555555555557, 0.012043053197709729
0.1686526505108889, 0.35555555555555557, 0.006404170559200809
0.22114415747293947, 0.35555555555555557, 0.0002604212302866335
0.15780722474718534, 0.35555555555555557, 0.007380583431613523
0.22490858459611313, 0.35555555555555557, 5.790335382705937e-05
0.17443920770932253, 0.35555555555555557, 0.009132975690142594
0.29484907624491, 0.35555555555555557, 0.0010107253015742002
0.2281631316795285, 0.35555555555555557, 0.00552888682901952
0.20228801562103715, 0.35555555555555557, 0.034445959575277206
0.1589703748636257, 0.35555555555555557, 0.0031533755306795068
0.19971754497582378, 0.35555555555555557, 0.0040530078051046305
0.13661488892063495, 0.35555555555555557, 0.0028719343586758707
0.26854778233765936, 0.35555555555555557, 0.008894742566265325
0.1381622315762252, 0.35555555555555557, 0.0038545661842488603
0.15961077021869513, 0.35555555555555557, 0.06582794973469132
0.1728592033172036, 0.35555555555555557, 0.00564147881419546
0.23020273319750306, 0.35555555555555557, 0.010105346842693994
0.27623524647845926, 0.35555555555555557, 0.018950980375105342
0.1332829385460121, 0.35555555555555557, 0.0020692313039966832
0.2709650456291356, 0.35555555555555557, 0.0071061931184174185
0.23554670440871728, 0.35555555555555557, 0.001405494200284448
0.182881367110576, 0.35555555555555557, 0.006095754200043056
0.15432977655354654, 0.35555555555555557, 0.003962794988298011
0.15971151801849917, 0.35555555555555557, 0.007116527017715404
0.17037739988496514, 0.35555555555555557, 0.0034402221102689664
0.23591867267420688, 0.35555555555555557, 0.0008238865777451242
0.22134543425476655, 0.35555555555555557, 0.024318487456426934
0.12797218696708684, 0.35555555555555557, 0.0044925393826231235
0.22613483223037872, 0.35555555555555557, 0.005799054148373753
0.19825535500296132, 0.35555555555555557, 0.0024432842273874496
0.16070775823585484, 0.35555555555555557, 0.027625441919411454
0.1966658326449411, 0.35555555555555557, 0.01116313343134669
0.18046890970717294, 0.35555555555555557, 0.002911680381566187
0.2001419593687514, 0.35555555555555557, 0.008799124747133747
0.22672888045992676, 0.35555555555555557, 0.017150235585495912
0.28242860639408474, 0.35555555555555557, 0.006070618808750244
0.19535482833407816, 0.35555555555555557, 0.002982903299120079
0.08522077374394477, 0.35555555555555557, 0.0014672783359420832
0.17657124570887692, 0.35555555555555557, 0.004861447442722441
0.26184507143131286, 0.35555555555555557, 0.00988108782411246
0.25304819847811666, 0.35555555555555557, 0.04575967532349391
0.1589029255449369, 0.35555555555555557, 0.008701461555295392
0.19541509380468544, 0.35555555555555557, 0.005358335906815777
0.19350061793891377, 0.35555555555555557, 0.012365723737633122
0.1880608168553556, 0.35555555555555557, 0.015112241886107146
0.19644944108173398, 0.35555555555555557, 0.0037900488347575754
0.2727744081354082, 0.35555555555555557, 0.010101050020471937
0.10327893244941905, 0.35555555555555557, 0.00296853918000137
0.17628256973927334, 0.35555555555555557, 0.0014258651285444987
0.21591815921926757, 0.35555555555555557, 0.002547368659596629
0.15158801395728413, 0.35555555555555557, 0.006948681774508132
0.17752419678000197, 0.35555555555555557, 0.007324901868753302
0.09592229302370592, 0.35555555555555557, 0.008437932894604056
0.20275926652641185, 0.35555555555555557, 0.0033759891233396595
0.25805110878779036, 0.35555555555555557, 0.008797046176117854
0.19415372747890203, 0.35555555555555557, 0.011489921508619372
0.1384248303285037, 0.35555555555555557, 0.0008190819858932896
0.2917645345190161, 0.35555555555555557, 0.006106124868789349
0.16650145728586038, 0.35555555555555557, 0.002670847820139766
0.15746868127765398, 0.35555555555555557, 0.0036149309645886374
0.14994885964036941, 0.35555555555555557, 0.004209831243256667
0.14175054926357597, 0.35555555555555557, 0.0052599057389508186
0.19386065429853988, 0.35555555555555557, 0.003987870731473533
0.26888145852696965, 0.35555555555555557, 0.0017266293159238601
0.3303642967422128, 0.35555555555555557, 0.005790514284778819
0.14624712445992993, 0.35555555555555557, 0.00939526504853212
0.18590214929440937, 0.35555555555555557, 0.006263567768460727
0.11215864500527872, 0.35555555555555557, 0.020609511881184654
0.20429934284257542, 0.35555555555555557, 0.018090947564491623
0.18705914410571395, 0.35555555555555557, 0.010913029797810636
0.09744137660108176, 0.35555555555555557, 0.002632332577005592
0.10234307271930791, 0.35555555555555557, 0.0018646556994450626
0.19473434857359048, 0.35555555555555557, 0.0019316069041706236
0.2663478420550084, 0.35555555555555557, 0.04137024926386272
0.1959706422895392, 0.35555555555555557, 0.012411802499562257
0.13980549518329555, 0.35555555555555557, 0.0025817991593619838
0.24287459189554997, 0.35555555555555557, 0.026766631645020238
0.2826223684508186, 0.35555555555555557, 0.000490843611096932
0.16788588657569695, 0.35555555555555557, 0.00018722946378264826
0.16917771420489042, 0.35555555555555557, 0.0005975935329039686
0.19302983642491284, 0.35555555555555557, 0.010037416127972501
0.19342592633322295, 0.35555555555555557, 0.0070428344472912695
0.22769958114436806, 0.35555555555555557, 0.0018728601102594915
0.146126485389878, 0.35555555555555557, 0.014759298882609505
0.15679355042655815, 0.35555555555555557, 0.007748555987837303
0.22323235662216417, 0.35555555555555557, 0.005422843093569504
0.11488368864276077, 0.35555555555555557, 0.0024058156222615617
0.23292581123935122, 0.35555555555555557, 0.017799493797752624
0.1803319498412596, 0.35555555555555557, 0.014967438844880138
0.18510249005457668, 0.35555555555555557, 0.003193992892976792
0.22068984776244907, 0.35555555555555557, 0.003809722715898487
0.15567592068135366, 0.35555555555555557, 0.00021918602391126133
0.25185040169408124, 0.35555555555555557, 0.0023777586410255237
0.16207712126746396, 0.35555555555555557, 0.005879136307562502
0.21679877495116295, 0.35555555555555557, 0.0009461180563251378
0.17926642719362204, 0.35555555555555557, 0.004704164376197142
0.30403898185159944, 0.35555555555555557, 0.0032122990011392385
0.1865453741250778, 0.35555555555555557, 0.016117338589065295
0.20899465306330012, 0.35555555555555557, 0.012123404680715303
0.2192734311127609, 0.35555555555555557, 0.00116269146269303
0.24718393783720505, 0.35555555555555557, 0.004246930741225
0.18112600064656686, 0.35555555555555557, 0.005960901032356424
0.18672040416936653, 0.35555555555555557, 0.014581572356179925
0.21115112193690963, 0.35555555555555557, 0.0010734485640111313
0.1746550992341913, 0.35555555555555557, 0.0005958214452712993
0.17333877736552025, 0.35555555555555557, 0.0022215143243050853
0.17845280978915706, 0.35555555555555557, 0.03262801557616568
0.25765764413037356, 0.35555555555555557, 0.005252667582838946
0.16392296134849327, 0.35555555555555557, 0.002266087638905735
0.29499692869245164, 0.35555555555555557, 0.01616336805325922
0.14697191818386024, 0.35555555555555557, 0.002087232296963846
0.14804548030359954, 0.35555555555555557, 0.0010371809231039955
0.28021949528981616, 0.35555555555555557, 0.01233989627130495
0.1893401608138396, 0.35555555555555557, 0.022303140862241257
0.24429558413268362, 0.35555555555555557, 0.003446924117926937
0.21967934383084092, 0.35555555555555557, 0.010084461338410452
0.21498665321276492, 0.35555555555555557, 0.004330469366188762
0.2213707624637882, 0.35555555555555557, 0.0019491611183702002
0.3047330328605098, 0.35555555555555557, 0.009906481083984696
0.13672013152571977, 0.35555555555555557, 0.02928184285161403
0.13218832652975185, 0.35555555555555557, 0.016459515700261374
0.2775339285432816, 0.35555555555555557, 0.015651201996133138
0.13821571983243025, 0.35555555555555557, 0.013713755203977572
0.2186267845928316, 0.35555555555555557, 0.0015795193495650927
0.24946208939754694, 0.35555555555555557, 0.0028103346649512415
0.2543591401726414, 0.35555555555555557, 0.002551709820390468
0.16286706173220108, 0.35555555555555557, 0.0022596757181937914
0.1853307965644819, 0.35555555555555557, 0.03276448879390444
0.13991145070122302, 0.35555555555555557, 0.034969717787837355
0.2745039539162104, 0.35555555555555557, 0.0024646752433528287
0.21046841694639118, 0.35555555555555557, 0.008462040749935137
0.21570110412568602, 0.35555555555555557, 0.003736572768184153
0.11089661928061614, 0.35555555555555557, 0.017936497268597154
0.19326410794762874, 0.35555555555555557, 0.0012069768397882047
0.09660599487103905, 0.35555555555555557, 0.0037604019851535495
0.17712690559317815, 0.35555555555555557, 0.0005244654802114377
0.2404073538494259, 0.35555555555555557, 0.0031232587362604335
0.26651098659215083, 0.35555555555555557, 0.0019811125442737807
0.11451288247873524, 0.35555555555555557, 0.0084369646724323
0.19736264156819872, 0.35555555555555557, 0.0063228736385255845
0.19493365502658463, 0.35555555555555557, 0.0028082423143613706
0.33721482009663883, 0.35555555555555557, 0.00040314717614308105
0.11338712912051899, 0.35555555555555557, 0.003072281679258566
0.1646054789812499, 0.35555555555555557, 0.032654821120564684
0.15414238423537094, 0.35555555555555557, 0.007473993792554334
0.21731007769200406, 0.35555555555555557, 0.0010445998329751858
0.16949016746276274, 0.35555555555555557, 0.017203250584684193
0.13676079506507638, 0.35555555555555557, 0.0025309758267404213
0.2593607868883025, 0.35555555555555557, 0.003071035253812484
0.05311870577719033, 0.35555555555555557, 0.012974733585403832
0.20527116149489275, 0.35555555555555557, 0.018745442351803775
0.1993936147703951, 0.35555555555555557, 0.0007393761317908891
0.021924680503557142, 0.35555555555555557, 0.0016569560261526126
0.1529743851215218, 0.35555555555555557, 0.0038897717110947996
0.16665844524655427, 0.35555555555555557, 0.010840187036896176
0.268472513150669, 0.35555555555555557, 0.021541614602292262
0.22044416490562688, 0.35555555555555557, 0.005384104565135953
0.17655839425166406, 0.35555555555555557, 0.0002398364057458997
0.25564227168212217, 0.35555555555555557, 0.0013937369229982174
0.24020071951831853, 0.35555555555555557, 0.0024259577929958494
0.2585818823058543, 0.35555555555555557, 0.005547548778374198
0.21549319581022616, 0.35555555555555557, 0.0034717798682310217
0.18507521900182985, 0.35555555555555557, 0.005705630221345658
0.19947892673767167, 0.35555555555555557, 0.001471550185573405
0.2456705639863675, 0.35555555555555557, 0.015165203099598052
0.15757326746437106, 0.35555555555555557, 0.024589445233217044
0.25348459894693404, 0.35555555555555557, 0.00604359528493591
0.1858004293519382, 0.35555555555555557, 0.01194079459268971
0.12196135547188056, 0.35555555555555557, 0.0017509824525268475
0.27167999471794957, 0.35555555555555557, 0.001120887351594664
0.21061546528217637, 0.35555555555555557, 0.017962102782635797
0.218194992059633, 0.35555555555555557, 0.02138087404098409
0.23995525064789272, 0.35555555555555557, 0.006764595650478387
0.12140179552957042, 0.35555555555555557, 0.008030267835495639
0.20052195675204662, 0.35555555555555557, 0.029298072499405435
0.22344537354983668, 0.35555555555555557, 0.002948737202425766
0.15305080456356757, 0.35555555555555557, 0.0032039103852679594
0.21815420676755481, 0.35555555555555557, 0.03734337192577305
0.25001943346833533, 0.35555555555555557, 0.0052500956671118326
0.23159761312391838, 0.35555555555555557, 0.004120385383311187
0.15980431361703926, 0.35555555555555557, 0.004864873696146121
0.12074580359313099, 0.35555555555555557, 0.007211194058258229
0.2402090426055498, 0.35555555555555557, 0.01313167131293548
0.24188878908131123, 0.35555555555555557, 0.007085109635104827
0.23902664518511688, 0.35555555555555557, 0.0022965874825636935
0.11513156394927551, 0.35555555555555557, 0.0009416506723536084
0.22598751676595924, 0.35555555555555557, 0.003100400500806298
0.19144270380348896, 0.35555555555555557, 0.002149136687959469
0.15660902348544167, 0.35555555555555557, 0.006170952703149704
0.1595958552412898, 0.35555555555555557, 0.010317472851431145
0.20201886160626803, 0.35555555555555557, 0.004046739958260955
0.18113185397468579, 0.35555555555555557, 0.011230643755717721
0.21143480373366993, 0.35555555555555557, 0.01107008725696307
0.24526943986440453, 0.35555555555555557, 0.007293990620263643
0.29459410033557215, 0.35555555555555557, 0.007406581571978503
0.1762793152568632, 0.35555555555555557, 0.0024735494725640654
0.04986679834765814, 0.35555555555555557, 0.0010990197866658025
0.23818743408400747, 0.35555555555555557, 0.0062280284450730965
0.26689071296237954, 0.35555555555555557, 0.004533686368508592
0.21725290992725882, 0.35555555555555557, 0.002036237350133222
0.2226657911547144, 0.35555555555555557, 0.0008953117217138378
0.23694492538601863, 0.35555555555555557, 0.0070357765001402076
0.23715026850303536, 0.35555555555555557, 0.0028842083833266734
0.22414595313524574, 0.35555555555555557, 0.004107838042172702
0.19414813250386778, 0.35555555555555557, 0.00030886678805234536
0.11287128913068213, 0.35555555555555557, 0.00047185189003635226
0.15950105783496665, 0.35555555555555557, 0.020344645603967298
0.18711771864968377, 0.35555555555555557, 0.008066907968962774
0.2269739278943715, 0.35555555555555557, 0.004297087663686525
0.2682341317808198, 0.35555555555555557, 0.040829419928133506
0.19416853864894923, 0.35555555555555557, 0.001489410182347949
0.1851983992278379, 0.35555555555555557, 1.9130132783677423e-05
0.23901490608664427, 0.35555555555555557, 0.0001532783858443271
0.15385088282272907, 0.35555555555555557, 0.001252520922091317
0.1421469902713141, 0.35555555555555557, 0.008063810266555609
0.20405685603826304, 0.35555555555555557, 0.0027999658602558017
0.24755694499758232, 0.35555555555555557, 0.02511979831081978
0.13665780610574563, 0.35555555555555557, 0.009658785427595351
0.25915894470303324, 0.35555555555555557, 0.0022934929745769736
0.11884367314816613, 0.35555555555555557, 0.002553183613680033
0.17596769715250019, 0.35555555555555557, 0.01355581733502815
0.1716435160130676, 0.35555555555555557, 0.018833880389353547
0.2561941739095422, 0.35555555555555557, 0.007334681638690297
0.054848367394709885, 0.35555555555555557, 0.00040029182060901964
0.2698013845307747, 0.35555555555555557, 0.002728620865970991
0.1918883908501566, 0.35555555555555557, 0.0063066336904417765
0.18948636474653274, 0.35555555555555557, 0.009503574087834978
0.207073706440854, 0.35555555555555557, 0.019791231572135776
0.20777884579106212, 0.35555555555555557, 0.01002672719001171
0.21479505983489464, 0.35555555555555557, 0.055141998339242736
0.1816783116819406, 0.35555555555555557, 0.0004972622837186309
0.1993173862594977, 0.35555555555555557, 0.025478081095898414
0.30965460697118263, 0.35555555555555557, 0.004689188505129996
0.19057125936364777, 0.35555555555555557, 0.002417506354962702
0.18214571914607938, 0.35555555555555557, 0.001235581590053775
0.2506616310394446, 0.35555555555555557, 0.0016814577929492292
0.25691844055351554, 0.35555555555555557, 0.017690200607720998
0.21137032488385826, 0.35555555555555557, 0.0023268562510341496
0.16665063311486544, 0.35555555555555557, 0.005573813556245977
0.21936209436773968, 0.35555555555555557, 0.03473989159782306
0.2109847243670271, 0.35555555555555557, 0.00278181822882957
0.14782357304462776, 0.35555555555555557, 0.009904336428836997
0.2708910693805544, 0.35555555555555557, 0.010673136968909275
0.26018825301133736, 0.35555555555555557, 0.006543234802721209
0.23324323576611117, 0.35555555555555557, 0.0011094337313485676
0.1386272072987943, 0.35555555555555557, 0.0286472007850396
0.21427434698300027, 0.35555555555555557, 0.00207056034448129
0.1557261128361177, 0.35555555555555557, 0.018372545591599274
0.2612843531118523, 0.35555555555555557, 0.0025342060444341107
0.2525133853679447, 0.35555555555555557, 0.005910437357663515
0.2027454585425943, 0.35555555555555557, 0.022228648363063312
0.30453875489834586, 0.35555555555555557, 0.003168211731460112
0.2236142799405213, 0.35555555555555557, 0.0003275328782062567
0.22302052506786305, 0.35555555555555557, 0.04543521348521041
0.18794323090909948, 0.35555555555555557, 0.007853465529307418
0.23924979876062202, 0.35555555555555557, 0.005890137025771669
0.23583380462174758, 0.35555555555555557, 0.00838343372095747
0.2180106898788877, 0.35555555555555557, 0.0022895282944438286
0.26547013863645597, 0.35555555555555557, 0.0027001666116313054
0.19970358029330737, 0.35555555555555557, 0.0024440842061033917
0.09434283230194565, 0.35555555555555557, 0.005491776617637347
0.2333705430416269, 0.35555555555555557, 0.005431141142215258
0.16421552331637626, 0.35555555555555557, 0.010887494936307958
0.15530823122376394, 0.35555555555555557, 0.02357023384359729
0.213536139730629, 0.35555555555555557, 0.00391126386605625
0.2236405732464183, 0.35555555555555557, 0.015806930802422174
0.2244710556335525, 0.35555555555555557, 0.00012933268264428646
0.19922470486609256, 0.35555555555555557, 0.02739571664237329
0.14760854987208288, 0.35555555555555557, 0.0008497945647333832
0.13321664912926015, 0.35555555555555557, 0.015872791082878056
0.19413118119705683, 0.35555555555555557, 0.0010471771763059452
0.1604629919207487, 0.35555555555555557, 0.018033662519427902
0.14998404545157906, 0.35555555555555557, 0.016329035141869768
0.13794528729016842, 0.35555555555555557, 0.016592001761846647
0.23648547133436562, 0.35555555555555557, 0.007287660105046089
0.21237877417651368, 0.35555555555555557, 0.0072439040643548485
0.19364218393576751, 0.35555555555555557, 0.006401914008507384
0.22743877802620338, 0.35555555555555557, 0.0025317606365906687
0.18680570438903096, 0.35555555555555557, 0.008910491402711527
0.16613439454568826, 0.35555555555555557, 0.013920356884259112
0.13188425681496369, 0.35555555555555557, 0.0005203743442332574
0.23275037748186395, 0.35555555555555557, 0.021753787994352767
0.19265337869240431, 0.35555555555555557, 0.004001588138309089
0.22702793937252275, 0.35555555555555557, 0.026246012830099228
0.21513568812324413, 0.35555555555555557, 0.004746574599133208
0.19462643392214746, 0.35555555555555557, 0.01926586574907907
0.25032368733008614, 0.35555555555555557, 0.0017856530449549572
0.2260528990317029, 0.35555555555555557, 0.0038294448967234433
0.23652239063946304, 0.35555555555555557, 0.02319399523756094
0.16553238484447813, 0.35555555555555557, 0.00788883074704278
0.14568992314147497, 0.35555555555555557, 0.013054269474212956
0.27042674851334103, 0.35555555555555557, 0.014314979226519088
0.13189908328707495, 0.35555555555555557, 0.001971854025198804
0.2121595578254555, 0.35555555555555557, 0.0012853818476486593
0.20476333076063827, 0.35555555555555557, 0.0014456478308574382
0.09275020343034056, 0.35555555555555557, 0.006921978187541598
0.13682954058451197, 0.35555555555555557, 0.006128927481115735
0.194502413071598, 0.35555555555555557, 0.005361166071613716
0.20960146099000135, 0.35555555555555557, 0.015374289326431496
0.16338813634892776, 0.35555555555555557, 0.012629000088882344
0.2561316752005627, 0.35555555555555557, 0.009571214720611149
0.3797555147454771, 0.35555555555555557, 0.004705626258778209
0.21497035628263134, 0.35555555555555557, 0.0052708698698638815
0.2669212667921952, 0.35555555555555557, 0.006643168443722478
0.2310729655732267, 0.35555555555555557, 0.014379538387316338
0.2435307398249581, 0.35555555555555557, 0.0070730954796926855
0.19189003359003193, 0.35555555555555557, 0.00717405992185563
0.1505586241113506, 0.35555555555555557, 0.030584839519718014
0.26242442996358684, 0.35555555555555557, 0.008354679164756438
0.16158906487591823, 0.35555555555555557, 0.005779466982799181
0.2742033389294989, 0.35555555555555557, 0.01457831252033723
0.1049366789661687, 0.35555555555555557, 0.012512928200515985
0.2500413406385805, 0.35555555555555557, 0.0028971893270369497
0.1944593878391234, 0.35555555555555557, 0.017938720389101215
0.23417648650959338, 0.35555555555555557, 0.007984707944617506
0.25801849404269656, 0.35555555555555557, 0.009954299040293308
0.19711641192232557, 0.35555555555555557, 0.009466954307972047
0.19494973530190732, 0.35555555555555557, 0.012109150060429272
0.19490991622603374, 0.35555555555555557, 0.006905520201923592
0.22030667261136333, 0.35555555555555557, 0.01759713236944476
0.25219305034914574, 0.35555555555555557, 0.006954579964884678
0.23731591956190404, 0.35555555555555557, 0.023745731959112067
0.18108075624490697, 0.35555555555555557, 0.0007939779145212404
0.22925072676769448, 0.35555555555555557, 0.006446583513472222
0.2285303979719107, 0.35555555555555557, 0.003547885647945067
0.2284111479687329, 0.35555555555555557, 0.00016279888779726205
0.1699380458660323, 0.35555555555555557, 0.00721609060166433
0.1541171197462501, 0.35555555555555557, 0.0011421794636289364
0.29993354290487184, 0.35555555555555557, 0.0025974544428458523
0.1596792186679178, 0.35555555555555557, 0.002598429999130046
0.26220978709577913, 0.35555555555555557, 0.0042032845424467506
0.24293201881565255, 0.35555555555555557, 0.07070575410588019
0.2550660442075693, 0.35555555555555557, 0.012537906108275937
0.16101502587662914, 0.35555555555555557, 0.005585086820923946
0.24145011475305536, 0.35555555555555557, 0.0024651197131424782
0.1767160623410287, 0.35555555555555557, 0.017411817773424956
0.2649873782413026, 0.35555555555555557, 0.015118244890329608
0.2522406149986058, 0.35555555555555557, 0.01986735222988405
0.07970572142909194, 0.35555555555555557, 0.0008671952877675312
0.24749722657020629, 0.35555555555555557, 0.04073230233079943
0.23841118073092624, 0.35555555555555557, 0.0007097524101981242
0.23460144081734824, 0.35555555555555557, 0.006626087519855337
0.22607762428893352, 0.35555555555555557, 0.003035794572386153
0.207093529081762, 0.35555555555555557, 0.028707429433353446
0.13441890727854489, 0.35555555555555557, 0.005751031221830618
0.23294487146597112, 0.35555555555555557, 0.002832212632970419
0.1542761740305179, 0.35555555555555557, 0.002429194415765684
0.1752921078819302, 0.35555555555555557, 0.0003967927659324378
0.16923760101998883, 0.35555555555555557, 0.0103505037990758
0.15223366004633146, 0.35555555555555557, 0.0014633308944607877
0.14469091171217838, 0.35555555555555557, 0.001892058346906168
0.21873059406512343, 0.35555555555555557, 0.007224178075015435
0.1537892484648742, 0.35555555555555557, 0.01134571391972944
0.29224291717917805, 0.35555555555555557, 0.005204793163728519
0.24153176150832206, 0.35555555555555557, 0.0032963429544894253
0.20919023312800467, 0.35555555555555557, 0.0018561820462133895
0.17098230029990416, 0.35555555555555557, 0.0013515690300997917
0.16922788602115693, 0.35555555555555557, 0.022070486791393302
0.23031296401061135, 0.35555555555555557, 0.0054406840634229695
0.13339608523751, 0.35555555555555557, 0.00024880517356536423
0.3689217945039841, 0.35555555555555557, 0.004033616315736031
0.17836841656310254, 0.35555555555555557, 0.009198765583359147
0.21117726945380022, 0.35555555555555557, 0.002562459658072367
0.30628747958595315, 0.35555555555555557, 0.022799390860237436
0.16998027977879165, 0.35555555555555557, 0.017242584408045256
0.15732536097537358, 0.35555555555555557, 0.002027874498451497
0.1799282925301069, 0.35555555555555557, 0.000308473621702592
0.11259476297512001, 0.35555555555555557, 0.0011744322548712476
0.20631521257146285, 0.35555555555555557, 0.004471267134474848
0.20173607531418222, 0.35555555555555557, 0.0019061135634110687
0.24721849202643545, 0.35555555555555557, 0.0033823753967514116
0.2325859222676779, 0.35555555555555557, 0.016053682832859437
0.12142228046767249, 0.35555555555555557, 0.004054094421127125
0.14648865744131145, 0.35555555555555557, 0.006705226811425801
0.16593386957157905, 0.35555555555555557, 0.0003328353279246522
0.19177970049133433, 0.35555555555555557, 0.0033069703902765227
0.08514566808351698, 0.35555555555555557, 0.03945059184874898
0.1383606115070255, 0.35555555555555557, 0.011248223855891781
0.24674503127792813, 0.35555555555555557, 0.00455667660213076
0.09414663560539707, 0.35555555555555557, 0.0005340641797054263
0.25140877519262184, 0.35555555555555557, 0.010816150046306155
0.09042055924510456, 0.35555555555555557, 0.00600197228733615
0.170737793950058, 0.35555555555555557, 0.01616403073777685
0.18883903630552948, 0.35555555555555557, 0.003944520144083908
0.28013254960501066, 0.35555555555555557, 0.0020971490138981265
0.20989976287403275, 0.35555555555555557, 0.042866763498441735
0.18338470309096574, 0.35555555555555557, 0.04377122232533833
0.19382623970013485, 0.35555555555555557, 0.0007904510096117882
0.27941049423020486, 0.35555555555555557, 0.0075818394402132816
0.23220820606171505, 0.35555555555555557, 0.005142261602306839
0.11160912886444613, 0.35555555555555557, 0.003577849997121112
0.1799320335133216, 0.35555555555555557, 0.018636929062782095
0.2440506395107155, 0.35555555555555557, 0.01562606565443443
0.2051803643414312, 0.35555555555555557, 0.015017321752406642
0.24504628546811497, 0.35555555555555557, 0.011856766491592176
0.09519164022571824, 0.35555555555555557, 0.0015669194882281289
0.21471721752880535, 0.35555555555555557, 0.006572196247900941
0.14918812265738826, 0.35555555555555557, 0.002719786488739833
0.24106018930887108, 0.35555555555555557, 0.000300788751980221
0.21155622426509982, 0.35555555555555557, 0.0026283463489368405
0.13882374741779951, 0.35555555555555557, 0.007834225770457417
0.23324281021208354, 0.35555555555555557, 0.012592630507217564
0.1189926692128723, 0.35555555555555557, 0.006468646238034986
0.17259260532480855, 0.35555555555555557, 0.0070096891003035115
0.21853740508453007, 0.35555555555555557, 0.0042925708865397235
0.2596688689942749, 0.35555555555555557, 0.019578803676554436
0.20052219079130124, 0.35555555555555557, 0.006058344548300231
0.10910177334469495, 0.35555555555555557, 0.005298013158117473
0.17348837572329384, 0.35555555555555557, 0.00023476559627873928
0.21576950774986636, 0.35555555555555557, 0.01467433048293172
0.15914946458502283, 0.35555555555555557, 0.0028469388404186538
0.23877424857816054, 0.35555555555555557, 0.004480810610633918
0.19799142817031956, 0.35555555555555557, 0.0032115596261397253
0.2920331944717042, 0.35555555555555557, 0.0143042779411468
0.2562867386613369, 0.35555555555555557, 0.004949715893868524
0.2189717992307107, 0.35555555555555557, 0.0036180895341364197
0.20640485193702707, 0.35555555555555557, 0.001641340796886092
0.2715540368894688, 0.35555555555555557, 4.657682806948311e-05
0.17520836000266138, 0.35555555555555557, 0.017571568429524544
0.22632022459483903, 0.35555555555555557, 0.0019516791600406108
0.17290592682863698, 0.35555555555555557, 0.006969260360975275
0.16584956171937293, 0.35555555555555557, 0.0003683733227506699
0.16682729847686584, 0.35555555555555557, 0.010746926643054993
0.1599647885837105, 0.35555555555555557, 0.019585432660064413
0.2718364019582565, 0.35555555555555557, 0.017539814203037817
0.09724621667105074, 0.35555555555555557, 0.04148600806032911
0.20135026814117585, 0.35555555555555557, 0.01380103412162297
0.181176208175433, 0.35555555555555557, 0.009951002663460789
0.1850345543620326, 0.35555555555555557, 0.013487597111283913
0.20373308086522504, 0.35555555555555557, 7.462494670126585e-07
0.17875358300572525, 0.35555555555555557, 0.005101665542945187
0.19698064136276197, 0.35555555555555557, 0.011379398233443779
0.268673567277572, 0.35555555555555557, 0.005363574764748757
0.08202574982624461, 0.35555555555555557, 0.005906697524716392
0.09129842179538193, 0.35555555555555557, 0.01740586928157957
0.16049798542978325, 0.35555555555555557, 0.005820074980556058
0.08423245802977791, 0.35555555555555557, 0.001430745272331175
0.20095081108381913, 0.35555555555555557, 0.00178877043983821
0.21969440852942412, 0.35555555555555557, 0.01938720247168194
0.20525428714035962, 0.35555555555555557, 0.0037909984635435714
0.3330087643375689, 0.35555555555555557, 0.002024257891691567
0.15623950436297773, 0.35555555555555557, 0.0012232541652677786
0.2768690143532526, 0.35555555555555557, 0.0027532358865162503
0.26628876185924877, 0.35555555555555557, 0.004993392792878185
0.10016007150844278, 0.35555555555555557, 0.0006740362219438077
0.31275332240791065, 0.35555555555555557, 0.004740862748788739
0.26235595085763025, 0.35555555555555557, 0.0003841255584886779
0.15481928110774312, 0.35555555555555557, 0.023626458295966088
0.2371665970464743, 0.35555555555555557, 0.013952131726071976
0.22071152605664646, 0.35555555555555557, 0.008169402340361419
0.23242363105269595, 0.35555555555555557, 0.0049160265644771954
0.2492471014145777, 0.35555555555555557, 0.0044402178846583255
0.15906599641633923, 0.35555555555555557, 0.002017561962467433
0.3183144029648517, 0.35555555555555557, 0.007876571358042914
0.13693756926819217, 0.35555555555555557, 0.00531152068769537
0.24246004848436206, 0.35555555555555557, 0.0004438583741142041
0.22507925045587332, 0.35555555555555557, 0.008008934999461271
0.16328305053095293, 0.35555555555555557, 0.0163027471427628
0.21826718593890435, 0.35555555555555557, 0.006352600347789139
0.09223365024511519, 0.35555555555555557, 0.006967783235929388
0.23317534177676516, 0.35555555555555557, 0.010756028972295939
0.1875985789030835, 0.35555555555555557, 0.004374112560421411
0.24567708220305784, 0.35555555555555557, 0.01920240553701276
0.17110115426897393, 0.35555555555555557, 0.002517667854598316
0.21685706190701975, 0.35555555555555557, 0.02168635632573869
0.1973314764505183, 0.35555555555555557, 0.016815555702102015
0.18027056561867927, 0.35555555555555557, 0.013690301426258374
0.22676520290877908, 0.35555555555555557, 0.0009069957930618571
0.16757716348455148, 0.35555555555555557, 0.0012932930469386546
0.2466717788867786, 0.35555555555555557, 0.00942049391066474
0.156972281764702, 0.35555555555555557, 0.008472663944404756
0.22501814778166807, 0.35555555555555557, 0.005352902653431972
0.2343564054633222, 0.35555555555555557, 0.006185449299255986
0.1870382666899612, 0.35555555555555557, 0.0041134251021849415
0.2601446315209274, 0.35555555555555557, 0.003955664708584383
0.2575188632012671, 0.35555555555555557, 0.013828990271598382
0.16459133678790808, 0.35555555555555557, 0.010935648667818312
0.2379185527964538, 0.35555555555555557, 0.0074130948153279625
0.24307907240551122, 0.35555555555555557, 0.007562604318436362
0.22263111045658446, 0.35555555555555557, 0.011371101415020577
0.25173568145346875, 0.35555555555555557, 0.007365084185239954
0.2479922760832511, 0.35555555555555557, 0.009388744985529373
0.2501111894433738, 0.35555555555555557, 0.001277049421983579
0.16191172054387037, 0.35555555555555557, 0.001940693562386754
0.2197042811579822, 0.35555555555555557, 0.008338166017540036
0.29121411970688654, 0.35555555555555557, 0.002844083611159092
0.17177140565645962, 0.35555555555555557, 0.010704145828663142
0.11031660441031567, 0.35555555555555557, 0.0059091107538306
0.255364857478059, 0.35555555555555557, 0.008909804059755217
0.18961677956285755, 0.35555555555555557, 0.015737163824624582
0.20623712433670868, 0.35555555555555557, 0.0021161506972980997
0.15483330205702361, 0.35555555555555557, 0.0172787255963311
0.1716756854136585, 0.35555555555555557, 0.0023214514026170217
0.1365624617825783, 0.35555555555555557, 0.03601983309150498
0.15381890431378295, 0.35555555555555557, 0.010919939396944781
0.24247760626294468, 0.35555555555555557, 0.002798770718197404
0.18164568936098238, 0.35555555555555557, 0.013096781562755504
0.22439893421491347, 0.35555555555555557, 0.05581826675518121
0.21750857661665657, 0.35555555555555557, 0.02203128901843359
0.23139601862154174, 0.35555555555555557, 0.011737228472959067
0.2210784811790324, 0.35555555555555557, 0.008695824005634529
0.23122186527554744, 0.35555555555555557, 0.0012260588849027905
0.28875131880204064, 0.35555555555555557, 0.001745304464832213
0.2102143833540482, 0.35555555555555557, 0.019224178708234927
0.22278786912789228, 0.35555555555555557, 0.0077266821242004124
0.20487368321481178, 0.35555555555555557, 0.012732437821423758
0.24010956629230598, 0.35555555555555557, 0.01648217355965694
0.1803354469716182, 0.35555555555555557, 0.0036106891829820495
0.14943458355906983, 0.35555555555555557, 0.004440595348678054
0.2337017839937116, 0.35555555555555557, 0.010970350508967408
0.28097304112262617, 0.35555555555555557, 0.0011322832176420502
0.1412519189397458, 0.35555555555555557, 0.03309657300446068
0.17300592036334383, 0.35555555555555557, 0.03144129181126992
0.17067511659368328, 0.35555555555555557, 0.0021552825720599885
0.22806991230879328, 0.35555555555555557, 0.002465535855218257
0.2549329705159878, 0.35555555555555557, 0.004070805206800752
0.19515208133856407, 0.35555555555555557, 0.009024003680339258
0.19150164912636236, 0.35555555555555557, 0.0015826338847075888
0.21225172327299424, 0.35555555555555557, 0.0017287062827001053
0.1561719184557211, 0.35555555555555557, 0.019888070671535567
0.23054113114310135, 0.35555555555555557, 0.00691159481693362
0.16712334976410773, 0.35555555555555557, 0.002057370331615669
0.23332371977853217, 0.35555555555555557, 0.02191534830855439
0.1635176353203911, 0.35555555555555557, 0.010230270782006714
0.26864665115209474, 0.35555555555555557, 0.004373520789395179
0.22960838791953636, 0.35555555555555557, 0.0002771847100605835
0.1347643330379531, 0.35555555555555557, 0.008714659569879215
0.26644079066968307, 0.35555555555555557, 0.01114248913129333
0.15690128495494243, 0.35555555555555557, 0.0034911557718212303
0.2718242441591134, 0.35555555555555557, 0.008837292518843666
0.18383158150440426, 0.35555555555555557, 0.004159159806711842
0.23772316182396233, 0.35555555555555557, 0.005011759667153286
0.3051877590182549, 0.35555555555555557, 0.005658142328857973
0.22731157168123417, 0.35555555555555557, 0.0013333740034044636
0.05769941987326324, 0.35555555555555557, 0.0010249606820132494
0.08027745125439811, 0.35555555555555557, 0.01842371844098112
0.14304350369776145, 0.35555555555555557, 0.004153029967426199
0.1811355622718931, 0.35555555555555557, 0.008999414349864591
0.16993374889779228, 0.35555555555555557, 0.003101085733134929
0.10121132261046817, 0.35555555555555557, 0.03019238748776303
0.2704871151193062, 0.35555555555555557, 0.012624013021632002
0.17973524049160516, 0.35555555555555557, 0.007151170551347598
0.21836251139155924, 0.35555555555555557, 0.0006673565089022574
0.15005031200927582, 0.35555555555555557, 0.006528445952852011
0.085223980171281, 0.35555555555555557, 0.011050837598010852
0.1809189437326743, 0.35555555555555557, 0.002507465926763118
0.19484856491115243, 0.35555555555555557, 0.001439243677981353
0.12341292507802949, 0.35555555555555557, 0.012534935805555777
0.07078389751242928, 0.35555555555555557, 0.0017705404226161128
0.24993301918776797, 0.35555555555555557, 0.00476079512667553
0.19024120472747932, 0.35555555555555557, 0.002087124616908532
0.26502635866034524, 0.35555555555555557, 0.002571645811139038
0.17307145362756302, 0.35555555555555557, 0.0018684401262730737
0.21103959805976677, 0.35555555555555557, 0.010396158075976394
0.18368164178447613, 0.35555555555555557, 0.02401881965307412
0.21793616343210642, 0.35555555555555557, 0.015851834504463376
0.2830878415219741, 0.35555555555555557, 0.013077468389611512
0.20446716484582517, 0.35555555555555557, 0.0016581027321671195
0.20777233006553616, 0.35555555555555557, 0.0002731727427436922
0.19238564705015568, 0.35555555555555557, 0.0005422454796778827
0.2373995333209657, 0.35555555555555557, 0.01876148579479793
0.19157382027004807, 0.35555555555555557, 0.045384570730890784
0.20411367173264588, 0.35555555555555557, 0.02601042506148828
0.17477756462524094, 0.35555555555555557, 0.0033963533375227905
0.16527163836231945, 0.35555555555555557, 0.0019797615143401074
0.21973776412850535, 0.35555555555555557, 0.012820650706443837
0.22635697599443524, 0.35555555555555557, 0.010146069960194853
0.13687187251525873, 0.35555555555555557, 0.0032124684967824936
0.19549305564536862, 0.35555555555555557, 0.0032367001778596353
0.13268646573415852, 0.35555555555555557, 0.01114134639411941
0.36267966397580337, 0.35555555555555557, 0.0029713399362032017
0.26038595378906776, 0.35555555555555557, 0.0017338986476295244
0.14515364073732925, 0.35555555555555557, 0.00021747942547871421
0.23675833286285947, 0.35555555555555557, 0.0005997338495640897
0.1972251628211709, 0.35555555555555557, 0.009922274139693267
0.14965077740666372, 0.35555555555555557, 0.009488483366590536
0.2158497416821093, 0.35555555555555557, 0.009931974574601305
0.19495427284992864, 0.35555555555555557, 0.01697816562560917
0.062163237364537965, 0.35555555555555557, 0.01423005594375394
0.1674333059699224, 0.35555555555555557, 0.010013037356481373
0.2689857053599694, 0.35555555555555557, 0.0008581438359565336
0.12090627590039905, 0.35555555555555557, 0.00696573756565754
0.12329646214144035, 0.35555555555555557, 0.0037409078049301975
0.2641902568831466, 0.35555555555555557, 0.009045208943248917
0.18994057609220624, 0.35555555555555557, 0.005859947888936754
0.1713915824197705, 0.35555555555555557, 0.002927409833307919
0.1376991492467466, 0.35555555555555557, 0.0029736079006446882
0.20709910248179916, 0.35555555555555557, 0.001058531416904599
0.23602258410104637, 0.35555555555555557, 0.016774601717552344
0.24525061559504158, 0.35555555555555557, 0.0046363182307033015
0.18771478182016751, 0.35555555555555557, 0.006547404614963445
0.2338496126153699, 0.35555555555555557, 0.00589185484438883
0.14422151191052543, 0.35555555555555557, 0.0010826385028168792
0.1894321978212632, 0.35555555555555557, 0.021583482129241778
0.22390383282107212, 0.35555555555555557, 0.004952780049647076
0.1561996217915202, 0.35555555555555557, 0.0252997728658139
0.23473571586252195, 0.35555555555555557, 0.0039767758049599035
0.27012360299115795, 0.35555555555555557, 0.006722752084769717
0.12703243642898088, 0.35555555555555557, 0.0031637142954893268
0.21775342939085432, 0.35555555555555557, 0.003579368908444437
0.20602610028321822, 0.35555555555555557, 0.02346635921243793
0.28159499174616076, 0.35555555555555557, 0.03877621395571843
0.1712492419854899, 0.35555555555555557, 0.018563888275155354
0.26856623838748483, 0.35555555555555557, 0.0010366820460800596
0.15527072848511983, 0.35555555555555557, 0.011854144321414201
0.213913022964887, 0.35555555555555557, 6.56750102197959e-05
0.2435598267612991, 0.35555555555555557, 0.017384799013619653
0.1620234972768414, 0.35555555555555557, 0.004166872335742419
0.1419943867175061, 0.35555555555555557, 0.0020684760698166113
0.23708216423536244, 0.35555555555555557, 0.0015526269414845373
0.17389394843969558, 0.35555555555555557, 0.029296453271781847
0.09875022158068388, 0.35555555555555557, 0.0016348265774798155
0.2249728045020648, 0.35555555555555557, 0.0071775143618551095
0.2658047400843646, 0.35555555555555557, 0.0352255829685214
0.16862182912688234, 0.35555555555555557, 0.03674965379147817
0.21210538423176922, 0.35555555555555557, 0.012637793281666315
0.10480143457911212, 0.35555555555555557, 0.0006848622074452289
0.23849844981324203, 0.35555555555555557, 0.006778514486124388
0.21733812350144144, 0.35555555555555557, 0.0010968143777574837
0.13625904115434034, 0.35555555555555557, 0.018939354484602787
0.19305349387362644, 0.35555555555555557, 0.04146178346395389
0.2654977247445699, 0.35555555555555557, 0.013768785920584777
0.23116937445559582, 0.35555555555555557, 0.021090081965476452
0.128362085929016, 0.35555555555555557, 0.008132522700953158
0.20309555144939845, 0.35555555555555557, 0.003453971830632719
0.20796341902525406, 0.35555555555555557, 0.007788953563848608
0.17148554131458393, 0.35555555555555557, 0.001514020972705882
0.19403170998487443, 0.35555555555555557, 0.005723881148674008
0.10680612800764239, 0.35555555555555557, 0.004558478998202689
0.17880314964030264, 0.35555555555555557, 0.015382862265652391
0.20041212922377583, 0.35555555555555557, 0.0010661876017097208
0.2862846659788194, 0.35555555555555557, 0.0030681315809437757
0.2517897487491997, 0.35555555555555557, 0.02136368290605503
0.18454037671452403, 0.35555555555555557, 0.005352693070076144
0.18876854106573981, 0.35555555555555557, 0.004674883672183618
0.12223410364381763, 0.35555555555555557, 0.0133787803967876
0.0943902287087103, 0.35555555555555557, 0.005338434092318066
0.1935099566139688, 0.35555555555555557, 0.004907053857846726
0.2447238015522911, 0.35555555555555557, 0.012628860944626563
0.14307995315754168, 0.35555555555555557, 0.01406296990148329
0.26080050173271285, 0.35555555555555557, 0.0026219332299949913
0.16008663736469997, 0.35555555555555557, 0.012159181112717937
0.15078526846015738, 0.35555555555555557, 0.004981932179227934
0.17614537448267376, 0.35555555555555557, 9.484706600493955e-05
0.22024259216367276, 0.35555555555555557, 0.005011602181588622
0.20572924614487503, 0.35555555555555557, 0.0034962263517998404
0.19809242592355575, 0.35555555555555557, 0.0024506981791738254
0.26553834782724084, 0.35555555555555557, 0.015953604676398954
0.2141660426947126, 0.35555555555555557, 0.010768161143141811
0.18874563610666828, 0.35555555555555557, 0.00968483289635614
0.2600587597815999, 0.35555555555555557, 0.0018507778656027462
0.17510528579262577, 0.35555555555555557, 5.900539165962684e-05
0.2574033326553791, 0.35555555555555557, 0.006696554938347353
0.09096408038602394, 0.35555555555555557, 0.006300047205980619
0.13739277426062163, 0.35555555555555557, 0.017635291448078867
0.26420129000200476, 0.35555555555555557, 0.0025596191280687765
0.21527053232656682, 0.35555555555555557, 0.0003040173876037447
0.14610720981953573, 0.35555555555555557, 0.0025372032160922327
0.16597704522350135, 0.35555555555555557, 0.00892746774865962
0.08241461984190807, 0.35555555555555557, 0.011933455784414225
0.13090461411830978, 0.35555555555555557, 0.01280212231400498
0.19494114066323362, 0.35555555555555557, 0.005070627918219087
0.12840924892819627, 0.35555555555555557, 0.026954323524577543
0.19124090702916924, 0.35555555555555557, 0.019875273510101734
0.210412215196763, 0.35555555555555557, 0.031996649746044825
0.29802411787812594, 0.35555555555555557, 0.007676916312918848
0.24646743661753642, 0.35555555555555557, 0.00493705219638868
0.2467199892506344, 0.35555555555555557, 0.003564232047083504
0.18250902373146954, 0.35555555555555557, 0.009786234742287157
0.23150773862086305, 0.35555555555555557, 0.01940704241122245
0.24318218145278303, 0.35555555555555557, 0.0061559510491397745
0.1719860901794975, 0.35555555555555557, 0.0240076894253272
0.2545277025021979, 0.35555555555555557, 0.005457655341026683
0.10472720552156763, 0.35555555555555557, 0.008687375567811354
0.1049722283996366, 0.35555555555555557, 0.0038331347442699245
0.2325426351989665, 0.35555555555555557, 0.0004282741762408895
0.3192495238878735, 0.35555555555555557, 0.020141396558837316
0.18355067349059787, 0.35555555555555557, 0.0025665092914587233
0.20188711412695684, 0.35555555555555557, 0.004112870714232455
0.1451746851873526, 0.35555555555555557, 0.013106106182274755
0.1439186120008431, 0.35555555555555557, 0.006011138972926517
0.22795851264907985, 0.35555555555555557, 0.019608841093890397
0.2353974577016603, 0.35555555555555557, 0.019997289968307352
0.21867369432850287, 0.35555555555555557, 0.010553370863486173
0.25519035535637025, 0.35555555555555557, 0.0036598354402332845
0.21031139108442476, 0.35555555555555557, 0.0246861902093958
0.09929887361805044, 0.35555555555555557, 0.0035780935211065326
0.28645223148843224, 0.35555555555555557, 0.004979499778068037
0.2180108808219842, 0.35555555555555557, 0.012584919652379518
0.25525881739240514, 0.35555555555555557, 0.018725284460662087
0.22861685175622878, 0.35555555555555557, 0.0021199016346655575
0.18113647403343064, 0.35555555555555557, 0.004614861320546368
0.16447021736359238, 0.35555555555555557, 0.0016025943169158297
0.18983035920947466, 0.35555555555555557, 0.002217460687851137
0.2801913453952268, 0.35555555555555557, 0.0022522987218851743
0.21063969437582153, 0.35555555555555557, 0.008352049104627224
0.24033447245224995, 0.35555555555555557, 0.00967183214699779
0.27977747839195166, 0.35555555555555557, 0.0034204368068438532
0.22616026479469883, 0.35555555555555557, 0.010545500525316028
0.21024115516506758, 0.35555555555555557, 0.012166312412351884
0.1931285554630079, 0.35555555555555557, 0.00045761226005567267
0.20692228609392582, 0.35555555555555557, 0.002700010109875829
0.2393711264775122, 0.35555555555555557, 0.0005365861488670385
0.24423036583213018, 0.35555555555555557, 0.002946411135721064
0.2683350007476125, 0.35555555555555557, 0.007180476000810266
0.201668803698656, 0.35555555555555557, 0.0012750432743383253
0.17664712864629584, 0.35555555555555557, 0.008192677038817587
0.12506051580470823, 0.35555555555555557, 0.008030198278368718
0.14846689763591386, 0.35555555555555557, 0.0015926670115443704
0.2141500149300744, 0.35555555555555557, 0.001266553693057288
0.26667226798606214, 0.35555555555555557, 0.004604532139890878
0.15477119431301894, 0.35555555555555557, 0.006208340183357274
0.19055726373275036, 0.35555555555555557, 0.007448100169886952
0.12696314698091332, 0.35555555555555557, 0.0008550676379331204
0.15972814558256132, 0.35555555555555557, 0.003829271856759131
0.29155274746630266, 0.35555555555555557, 0.005264570290622046
0.20973073936080208, 0.35555555555555557, 0.0058972870996653924
0.14773073686026447, 0.35555555555555557, 0.0021830407596284034
0.19436758253214623, 0.35555555555555557, 0.0008002906301463886
0.20266029870821725, 0.35555555555555557, 0.0019889699443510506
0.22935183762576694, 0.35555555555555557, 0.00354055600115855
0.25687990620958356, 0.35555555555555557, 0.002584704602159498
0.22043413215844695, 0.35555555555555557, 0.002365288276649884
0.3137441494108043, 0.35555555555555557, 0.011930445440529753
0.160444516156714, 0.35555555555555557, 0.004167854086125865
0.2785071615437739, 0.35555555555555557, 0.008555668454247295
0.2542545688066975, 0.35555555555555557, 0.015396022867150274
0.30971807582127187, 0.35555555555555557, 0.010291083424372642
0.2615736867085191, 0.35555555555555557, 0.0043786069093108455
0.2573355420730328, 0.35555555555555557, 0.0023224685476631196
0.17604885719046373, 0.35555555555555557, 0.019361636938096977
0.2005361222772359, 0.35555555555555557, 0.013367340852300166
0.2154005600984117, 0.35555555555555557, 0.019092103846548053
0.173256790697028, 0.35555555555555557, 0.01458590845769805
0.11400805823632357, 0.35555555555555557, 0.003521995554742916
0.222155418573268, 0.35555555555555557, 0.002648757449861652
0.20251159858764273, 0.35555555555555557, 0.004503377297607758
0.16076019651207915, 0.35555555555555557, 0.00035832840049670697
0.1822629550561545, 0.35555555555555557, 0.005655038263433542
0.13594921245789565, 0.35555555555555557, 0.00836618655511643
0.20925479910543807, 0.35555555555555557, 0.0028691077355947553
0.19649455513804043, 0.35555555555555557, 0.0025227059764860887
0.14756972372060304, 0.35555555555555557, 0.003637124663622892
0.1971686869969174, 0.35555555555555557, 0.007481032224833093
0.1986747869980905, 0.35555555555555557, 0.002616540304056847
0.20193468984764718, 0.35555555555555557, 4.192204082943219e-07
0.22915803135469487, 0.35555555555555557, 0.0014232547495990474
0.24657372913199097, 0.35555555555555557, 0.005958987510740127
0.18313671379529134, 0.35555555555555557, 0.018673301783376707
0.2291755118987967, 0.35555555555555557, 0.0006119629057574664
0.17996034921406898, 0.35555555555555557, 0.0035475820047013405
0.16780409218068637, 0.35555555555555557, 0.00357611000237758
0.2090039453612229, 0.35555555555555557, 0.007953152935045976
0.18165697381533186, 0.35555555555555557, 0.0007198841333752434
0.17630745598158756, 0.35555555555555557, 0.0055839101140615745
0.21295924455891435, 0.35555555555555557, 0.011867645671661063
0.15165180365866276, 0.35555555555555557, 0.0013370422759962617
0.09723902236330861, 0.35555555555555557, 0.011861972850280235
0.1334425860281594, 0.35555555555555557, 0.0018502667148557446
0.22557622826434437, 0.35555555555555557, 0.0041624601707269965
0.29103296750586843, 0.35555555555555557, 0.004248823712834114
0.20452421956635802, 0.35555555555555557, 0.0037475393833485073
0.22388980160815894, 0.35555555555555557, 0.05783630174394995
0.23871913155458646, 0.35555555555555557, 0.0010608413700402978
0.2512530565246446, 0.35555555555555557, 0.009393237477081274
0.11739246634230771, 0.35555555555555557, 0.007232089286707124
0.19982034185541175, 0.35555555555555557, 0.0004026529773300257
0.15676630345398823, 0.35555555555555557, 0.0029863429096182227
0.1675203278963897, 0.35555555555555557, 0.005591085016846108
0.1934688339200369, 0.35555555555555557, 0.0030369001640143663
0.1734724008367397, 0.35555555555555557, 0.014862269460433805
0.13830117541417766, 0.35555555555555557, 0.019765132781376392
0.2737096326222288, 0.35555555555555557, 0.019899446181415634
0.2564865771786082, 0.35555555555555557, 0.0029830430165687363
0.23375643113568184, 0.35555555555555557, 0.0030218116526935443
0.17188887789046903, 0.35555555555555557, 0.00978069802403755
0.15921612042309213, 0.35555555555555557, 0.00387317984830008
0.2529204660543703, 0.35555555555555557, 0.00028607185227828803
0.21017213918430933, 0.35555555555555557, 0.013420706024354644
0.2987159490557716, 0.35555555555555557, 0.0043761948711414705
0.3076812966698048, 0.35555555555555557, 0.004196866853059572
0.1491526107447256, 0.35555555555555557, 0.005565458394716394
0.1800813241242973, 0.35555555555555557, 0.00638558516715949
0.16556309206829153, 0.35555555555555557, 0.004486080493162178
0.21835902686532999, 0.35555555555555557, 0.011716861200522203
0.20662127672914007, 0.35555555555555557, 0.02842305022356678
0.1504237052193358, 0.35555555555555557, 0.0003501889915662655
0.2572102854669052, 0.35555555555555557, 0.00279906891918751
0.16211213920264872, 0.35555555555555557, 0.005769029206395516
0.2138046469150749, 0.35555555555555557, 0.0018859091265113184
0.1798424395318502, 0.35555555555555557, 0.03210666011789133
0.19218920236854553, 0.35555555555555557, 0.033875944021475736
0.250984614608172, 0.35555555555555557, 0.003458332786952767
0.20994035364659092, 0.35555555555555557, 0.004719396517499996
0.17470902127917995, 0.35555555555555557, 0.0053426538728073465
0.1773342581126443, 0.35555555555555557, 0.0181533417509441
0.2989969820176549, 0.35555555555555557, 0.009748104198030532
0.24120963881186713, 0.35555555555555557, 0.014166659512003481
0.13470431673673636, 0.35555555555555557, 0.009318956319809033
0.14537855787372564, 0.35555555555555557, 0.009159571533153334
0.07319621449690228, 0.35555555555555557, 0.000600316420523873
0.1631218203877615, 0.35555555555555557, 0.007232909807459382
0.21061363413521264, 0.35555555555555557, 0.010933268037756108
0.2444306969208176, 0.35555555555555557, 0.0034983517648815446
0.1789357735214561, 0.35555555555555557, 0.0028797809470274605
0.22439895160343484, 0.35555555555555557, 0.010865314840255047
0.2373353539546472, 0.35555555555555557, 0.011584620957245342
0.3011773623588774, 0.35555555555555557, 4.507991459812146e-06
0.17449970299441203, 0.35555555555555557, 0.00341376236404348
0.25758102805055766, 0.35555555555555557, 0.00921576061512396
0.2712836498216731, 0.35555555555555557, 0.01581855993768745
0.1937988785817816, 0.35555555555555557, 0.01850893300313929
0.17053097549802584, 0.35555555555555557, 0.0017255224162832416
0.12495803432817276, 0.35555555555555557, 0.0008275886046362595
0.2222205225192155, 0.35555555555555557, 0.0005495739125368893
0.13611919756903895, 0.35555555555555557, 0.003538853627869827
0.1934677285607269, 0.35555555555555557, 0.008355026231943598
0.24797224031957707, 0.35555555555555557, 0.007134503633456648
0.09355290203591099, 0.35555555555555557, 0.00928042107501697
0.20794703139143675, 0.35555555555555557, 0.008773490663784592
0.25607210834077065, 0.35555555555555557, 0.009758047696216295
0.23601097794404546, 0.35555555555555557, 0.0007694171172696053
0.19331084685061908, 0.35555555555555557, 0.003064973590441186
0.22340981219644368, 0.35555555555555557, 0.005795507326021089
0.1825809933968006, 0.35555555555555557, 0.021404433878077604
0.215776519256503, 0.35555555555555557, 0.0014202686779339795
0.23113420185217548, 0.35555555555555557, 0.018181551537482077
0.23275809700537164, 0.35555555555555557, 0.006147651027749163
0.22953994491402957, 0.35555555555555557, 0.002162637086375805
0.22219729956295967, 0.35555555555555557, 0.0009515846748745257
0.10722980022058018, 0.35555555555555557, 0.008538780653384448
0.22434701091278578, 0.35555555555555557, 0.009561219774648412
0.2104534693130703, 0.35555555555555557, 0.011783138372899134
0.2381748947701931, 0.35555555555555557, 0.004049609737409019
0.1448228569400032, 0.35555555555555557, 0.009234838710998738
0.22779039435806284, 0.35555555555555557, 0.009693924163219646
0.21276517262059644, 0.35555555555555557, 0.008303054835972405
0.17967068887669746, 0.35555555555555557, 0.01269808739373334
0.14522319646538567, 0.35555555555555557, 0.006343059910292677
0.2298511325553919, 0.35555555555555557, 0.006864705682662318
0.22067032687715493, 0.35555555555555557, 0.023846223692532628
0.2291261578935533, 0.35555555555555557, 0.0031787821075944596
0.1883395517523544, 0.35555555555555557, 0.015165974669090872
0.2152610252479143, 0.35555555555555557, 0.0116480684906726
0.22975221030916185, 0.35555555555555557, 0.007351976395751912
0.19180604959845277, 0.35555555555555557, 0.004229444516046359
0.2675544370776957, 0.35555555555555557, 0.002629277315945309
0.20461587144074223, 0.35555555555555557, 0.0010486652738671298
0.2222753861350168, 0.35555555555555557, 0.018291890820143333
0.1229769258567481, 0.35555555555555557, 0.001655920883577521
0.21129310153323191, 0.35555555555555557, 0.0009143728313736227
0.2617394107434189, 0.35555555555555557, 0.0059135375030083676
0.2292739405691115, 0.35555555555555557, 0.0005746633121154584
0.07153061532656671, 0.35555555555555557, 0.004166496945642855
0.16138513176456593, 0.35555555555555557, 0.0004856698658056053
0.20617572726782984, 0.35555555555555557, 0.0018442488700673694
0.2465961636649095, 0.35555555555555557, 0.0021858846389041786
0.24704420011234507, 0.35555555555555557, 0.015408183789980002
0.21586685218313015, 0.35555555555555557, 0.00474908701089072
0.2710689815246322, 0.35555555555555557, 0.0028925703975142335
0.20746101297960878, 0.35555555555555557, 0.001294059357402632
0.21714949625276592, 0.35555555555555557, 0.001319368435655648
0.18854865094520867, 0.35555555555555557, 0.01507017124971365
0.21267587594096468, 0.35555555555555557, 0.03232109366565351
0.2074517247391871, 0.35555555555555557, 0.012692087565491698
0.13147137465475323, 0.35555555555555557, 0.0015084762658413024
0.1980777525555077, 0.35555555555555557, 0.008212196817079749
0.1702853598722982, 0.35555555555555557, 0.004481602925913937
0.2132598567831257, 0.35555555555555557, 0.04962154702522708
0.1899944016593381, 0.35555555555555557, 0.013218674318841243
0.1162776520827067, 0.35555555555555557, 0.0027149631813562954
0.18165483956187484, 0.35555555555555557, 0.003770597883342283
0.20067267070805633, 0.35555555555555557, 0.0033447216986341346
0.24431278793270217, 0.35555555555555557, 0.003657531888368353
0.19719688797964577, 0.35555555555555557, 0.011923241291198245
0.20132667123453846, 0.35555555555555557, 0.0038862628466167035
0.20727140817375692, 0.35555555555555557, 0.008425645063453986
0.1425764794618605, 0.35555555555555557, 0.00724563323660196
0.1402310408803708, 0.35555555555555557, 0.0012771286352032296
0.16046550495308068, 0.35555555555555557, 0.00774155864573922
0.14795349728633256, 0.35555555555555557, 0.0021441176962682094
0.20883597763152623, 0.35555555555555557, 0.0004557745419773166
0.28660794259409345, 0.35555555555555557, 0.022972422313353738
0.1964058207594321, 0.35555555555555557, 0.007404966752223022
0.23696395705541945, 0.35555555555555557, 0.004141286813963747
0.23342241944563993, 0.35555555555555557, 0.015125742116790174
0.21124643501500812, 0.35555555555555557, 0.004066128424216997
0.182849240933036, 0.35555555555555557, 0.012598768161106366
0.22391122824445273, 0.35555555555555557, 0.0025396868040105484
0.1977638822305418, 0.35555555555555557, 0.013748153373936868
0.20309008801935646, 0.35555555555555557, 0.0001292329877084822
0.1943627595951825, 0.35555555555555557, 0.0032734617020226107
0.13665524248508, 0.35555555555555557, 0.00027501677729671516
0.2652318754792937, 0.35555555555555557, 0.0029208140461345644
0.08207647586609988, 0.35555555555555557, 0.006317485138353459
0.1683483767530422, 0.35555555555555557, 0.003227505941958784
0.180275013422265, 0.35555555555555557, 0.0068966371202135775
0.21895531081795097, 0.35555555555555557, 0.008455779635617588
0.1957803213024579, 0.35555555555555557, 0.003108407541741856
0.14229730173066577, 0.35555555555555557, 0.005041518132185082
0.1811620585871187, 0.35555555555555557, 0.0017036085492383164
0.2929822577437869, 0.35555555555555557, 0.004016590749661762
0.1906176006016701, 0.35555555555555557, 0.00757340500104399
0.16512932884890058, 0.35555555555555557, 0.004176537945322804
0.2582137985781346, 0.35555555555555557, 0.0005676844694671731
0.23054701910848138, 0.35555555555555557, 0.019669200727826814
0.18392437069726372, 0.35555555555555557, 0.0020135559325270337
0.15753393630501625, 0.35555555555555557, 0.012720400674648202
0.19970017505179166, 0.35555555555555557, 0.004866600684456588
0.19126419133312658, 0.35555555555555557, 0.009558113895356738
0.24294634866063447, 0.35555555555555557, 0.002172973468398385
0.29938269521262495, 0.35555555555555557, 0.06564786376592469
0.2634656301553936, 0.35555555555555557, 0.019983482571558714
0.16441869980519633, 0.35555555555555557, 0.017383052648035097
0.17149020805014242, 0.35555555555555557, 0.019005302738016178
0.2463029577602245, 0.35555555555555557, 0.008757325533176982
0.1574582882399052, 0.35555555555555557, 0.008600027548645717
0.2549023578713127, 0.35555555555555557, 0.002197011474378325
0.23160559022146446, 0.35555555555555557, 0.007032167039069278
0.17112475593238502, 0.35555555555555557, 0.00015093988603370588
0.24445161448788216, 0.35555555555555557, 0.013029391788285875
0.11734622848392899, 0.35555555555555557, 0.001294161025509497
0.3111189420680917, 0.35555555555555557, 0.0016727152402962477
0.1698422538861271, 0.35555555555555557, 0.01118284517555911
0.1885256131065651, 0.35555555555555557, 0.009654288731156344
0.24654505870630672, 0.35555555555555557, 0.011255761866842044
0.22220894424185797, 0.35555555555555557, 0.00023649607554627967
0.15744613309809832, 0.35555555555555557, 0.03822736630294838
0.2604145039546776, 0.35555555555555557, 0.005704899593965557
0.2614295550222513, 0.35555555555555557, 0.011351882360162187
0.180547369208582, 0.35555555555555557, 0.0025614583850810976
0.17768817128319842, 0.35555555555555557, 0.011699724673150677
0.24382251140041608, 0.35555555555555557, 0.02287698796298265
0.19902079649196416, 0.35555555555555557, 0.004451844806904172
0.2174986913696518, 0.35555555555555557, 0.009268688699033915
0.23518288677039365, 0.35555555555555557, 0.006772865265776499
0.1520204807948676, 0.35555555555555557, 0.0030418548839238556
0.25697538044756557, 0.35555555555555557, 0.0002783442950789342
0.23931195930153998, 0.35555555555555557, 0.00872933116930797
0.20606888424214836, 0.35555555555555557, 0.007357721290475006
0.17302800402704088, 0.35555555555555557, 0.0055262971159703985
0.22192563404261617, 0.35555555555555557, 0.0023711003919393483
0.18378119256640962, 0.35555555555555557, 0.004816543926483613
0.26725696727896925, 0.35555555555555557, 0.006161466593309146
0.21276972536743002, 0.35555555555555557, 0.0015536353612538069
0.20078300062231544, 0.35555555555555557, 0.0008791993133628677
0.18841137627125792, 0.35555555555555557, 0.014250612356194561
0.21039455189354428, 0.35555555555555557, 0.0029904040988903997
0.1647870749689116, 0.35555555555555557, 0.005831389282017326
0.20731502343524327, 0.35555555555555557, 0.0026963097312071227
0.22820078831397142, 0.35555555555555557, 0.0016175719544140631
0.22400195113084923, 0.35555555555555557, 0.006194011962816748
0.1425354533717547, 0.35555555555555557, 0.01583611599455357
0.1638803644409763, 0.35555555555555557, 0.006827727504293126
0.18657474945987423, 0.35555555555555557, 0.008371071355176287
0.10084533174249179, 0.35555555555555557, 0.011399905449053553
0.2745651538120563, 0.35555555555555557, 0.005967734387852439
0.19784008209592402, 0.35555555555555557, 0.008381629296934597
0.19131415867839285, 0.35555555555555557, 0.016855804849347074
0.23084743741448888, 0.35555555555555557, 0.011752874076097646
0.24803700287479616, 0.35555555555555557, 0.001041441131250331
0.29683654024453177, 0.35555555555555557, 0.00474390583035339
0.25206637328996995, 0.35555555555555557, 0.007866996533701154
0.19282654427846113, 0.35555555555555557, 0.0018838655669726745
0.22784987167683943, 0.35555555555555557, 0.004575040031898449
0.22145308886578144, 0.35555555555555557, 0.002254467320657543
0.21204990106859556, 0.35555555555555557, 0.0002205243023405099
0.21631918311706794, 0.35555555555555557, 0.005388084005845596
0.21453586500675378, 0.35555555555555557, 0.007650373364888584
0.19429512715926195, 0.35555555555555557, 0.049948905349939836
0.1075629532016662, 0.35555555555555557, 0.004416332481531966
0.3116519380036594, 0.35555555555555557, 0.0013320471269084113
0.25977802711747133, 0.35555555555555557, 0.012132730805153456
0.15941257094631284, 0.35555555555555557, 0.008384169727203742
0.18539414234190532, 0.35555555555555557, 0.005093297481183864
0.2127182387200102, 0.35555555555555557, 0.05884767918584799
0.16806163572379712, 0.35555555555555557, 0.013769301900192132
0.2524980777839063, 0.35555555555555557, 0.03488396284320691
0.22829920406277648, 0.35555555555555557, 0.0010298382918111587
0.16844272337778596, 0.35555555555555557, 0.0008848322771253585
0.16007564433597607, 0.35555555555555557, 0.006070980192387032
0.1953168113822001, 0.35555555555555557, 0.0027058808877919054
0.20582838026349481, 0.35555555555555557, 0.004927489177109305
0.19885293694260864, 0.35555555555555557, 0.007884891550254736
0.20877840094006567, 0.35555555555555557, 0.010564131737522253
0.31268438571524204, 0.35555555555555557, 0.006298047007539303
0.1781174322255703, 0.35555555555555557, 0.018125746712101026
0.18747745843886843, 0.35555555555555557, 5.048659082091916e-05
0.2186682837216503, 0.35555555555555557, 0.002905121482431804
0.13401354049605102, 0.35555555555555557, 0.0018330430006181784
0.27076486074312855, 0.35555555555555557, 0.0023870404029614142
0.1842085227006395, 0.35555555555555557, 0.0005293140848748139
0.15297191938166071, 0.35555555555555557, 0.011188842057043683
0.17434148827192666, 0.35555555555555557, 0.010719359611191864
0.25746437284346985, 0.35555555555555557, 0.0074943650364395625
0.23803263770330957, 0.35555555555555557, 0.003231606734890738
0.09950478423493142, 0.35555555555555557, 0.016069986743448086
0.30581773333968604, 0.35555555555555557, 0.0015376360925029476
0.20266934885954102, 0.35555555555555557, 0.0017578918074289676
0.16049259408852695, 0.35555555555555557, 0.016982687186439843
0.2513752939637008, 0.35555555555555557, 0.0024697307726546662
0.24656737644434137, 0.35555555555555557, 0.026221107247910522
0.26057144646388974, 0.35555555555555557, 0.001285838071514305
0.17061271208743717, 0.35555555555555557, 0.004316800953831335
0.17438840141363288, 0.35555555555555557, 0.002078084874440797
0.1282066140050111, 0.35555555555555557, 0.01711136798787181
0.23400869370641542, 0.35555555555555557, 0.011722763720334936
0.15055240825076438, 0.35555555555555557, 0.009686779751758167
0.21887649029275041, 0.35555555555555557, 0.0006653816058559681
0.18178709568950935, 0.35555555555555557, 0.0077429415221029595
0.2174049540536489, 0.35555555555555557, 0.0011704864277229307
0.25616519408382465, 0.35555555555555557, 0.007807857212214631
0.24741599484100746, 0.35555555555555557, 0.0070776934755747666
0.2227558258767553, 0.35555555555555557, 0.012549926895074583
0.09054827623240808, 0.35555555555555557, 0.0025552764660532255
0.1095297690633442, 0.35555555555555557, 0.002775591498327495
0.1469619132971985, 0.35555555555555557, 0.011702998678015993
0.14034064125445359, 0.35555555555555557, 0.0026665356807896957
0.18813551426387173, 0.35555555555555557, 0.004622290712169784
0.26609751677703025, 0.35555555555555557, 0.01035767487155156
0.2614288851605763, 0.35555555555555557, 0.005632268762434213
0.2214007037114764, 0.35555555555555557, 0.0023485902498083587
0.212299444132434, 0.35555555555555557, 0.006551286124351157
0.19105004129577774, 0.35555555555555557, 0.017038841138786617
0.1405438892393472, 0.35555555555555557, 0.004225943031207124
0.225101651345052, 0.35555555555555557, 0.009735850429418194
0.23746961475376016, 0.35555555555555557, 0.02628533625451554
0.22344334925110593, 0.35555555555555557, 0.014602024677244039
0.116950437991846, 0.35555555555555557, 0.00027766045839491463
0.1849409081850544, 0.35555555555555557, 0.010133313937057643
0.18634161830935012, 0.35555555555555557, 0.002568365867634341
0.19339027990725965, 0.35555555555555557, 0.009817303937090502
0.2571638403447067, 0.35555555555555557, 0.016913904685402402
0.1860322394830922, 0.35555555555555557, 0.00512877621353591
0.2363954920186186, 0.35555555555555557, 0.0005129707856120927
0.3150924402417866, 0.35555555555555557, 0.0020029019115800593
0.2002151030818996, 0.35555555555555557, 0.002174744873925582
0.27542780679063333, 0.35555555555555557, 0.0005543991113552107
0.19403653698237439, 0.35555555555555557, 0.0037870986649238907
0.2211097270796981, 0.35555555555555557, 0.0007091938303470103
0.19319060010187952, 0.35555555555555557, 0.01580950357767997
0.15495341286471334, 0.35555555555555557, 0.004102585685541985
0.1882618768850343, 0.35555555555555557, 0.03301558362451127
0.27183801689664056, 0.35555555555555557, 0.007536586203307766
0.22728220793241888, 0.35555555555555557, 0.001053600560110167
0.12818891480557698, 0.35555555555555557, 0.003934613523793672
0.24776102537300485, 0.35555555555555557, 0.04567017906620479
0.17275009290824464, 0.35555555555555557, 0.0070715568046972955
0.17264076578911244, 0.35555555555555557, 0.017292944263746817
0.1384195301415677, 0.35555555555555557, 0.002269612084690147
0.1734346362524104, 0.35555555555555557, 0.03503196301783123
0.21417846697605952, 0.35555555555555557, 0.004658575985804589
0.18985934503799728, 0.35555555555555557, 0.0034033645098934693
0.1842666820432136, 0.35555555555555557, 0.004759245319960707
0.2402975105311652, 0.35555555555555557, 0.007983311787252315
0.13223954466179302, 0.35555555555555557, 0.007169035050607616
0.21496740524240926, 0.35555555555555557, 0.011634606095246778
0.23545627171200897, 0.35555555555555557, 0.007153833771184277
0.1294029241738452, 0.35555555555555557, 0.007445237741564902
0.09697817919501342, 0.35555555555555557, 0.0008318276499393579
0.27029319260433027, 0.35555555555555557, 0.009739749785655847
0.18593794156795398, 0.35555555555555557, 0.005402645264150368
0.1817732440723781, 0.35555555555555557, 0.00029549145926691534
0.20781343054393084, 0.35555555555555557, 0.010142045961798695
0.13781146232850888, 0.35555555555555557, 0.0011198023883605551
0.1358692324849565, 0.35555555555555557, 0.015182189672849358
0.11369436511720003, 0.35555555555555557, 0.0022712456535349617
0.236871917151691, 0.35555555555555557, 0.0011979461722429767
0.2537706212852181, 0.35555555555555557, 0.009677426096282514
0.25099190731964244, 0.35555555555555557, 0.019978850296118372
0.2294414617036175, 0.35555555555555557, 0.0024630836761207827
0.3120368965920603, 0.35555555555555557, 0.0022178974114069354
0.19312284141311264, 0.35555555555555557, 0.0073328226478556816
0.1492409215488212, 0.35555555555555557, 0.0013610972690922534
0.2241874449005904, 0.35555555555555557, 0.03319266007085163
0.18897563762766134, 0.35555555555555557, 0.0014722338019264192
0.1292136429795801, 0.35555555555555557, 0.0032850971987220617
0.31068172336908295, 0.35555555555555557, 0.00905175068433861
0.18112807140120973, 0.35555555555555557, 0.04362204240890443
0.2255629882681252, 0.35555555555555557, 0.018613331787963046
0.20878839486548612, 0.35555555555555557, 0.004775256809037921
0.17594565357666198, 0.35555555555555557, 0.005543309279971275
0.19873084821011963, 0.35555555555555557, 0.0058805844143806
0.22497904543382283, 0.35555555555555557, 0.026220107159162783
0.22278523014920007, 0.35555555555555557, 0.020851052560693577
0.13395228044045693, 0.35555555555555557, 0.030215020254910352
0.23765657820471153, 0.35555555555555557, 0.007295437080453668
0.2391408597656524, 0.35555555555555557, 0.006109138795624497
0.18890731037162514, 0.35555555555555557, 0.003413963256615624
0.24458415317164442, 0.35555555555555557, 0.01483427293968896
0.13875555636079073, 0.35555555555555557, 0.0035303189941152165
0.19934204560136362, 0.35555555555555557, 0.0023029843053962405
0.23082968760879474, 0.35555555555555557, 0.004252300385834938
0.17657271563120436, 0.35555555555555557, 0.002032175525189832
0.14231795003722608, 0.35555555555555557, 0.005184541456717627
0.1929224779831782, 0.35555555555555557, 0.01598830355637788
0.2783820312303483, 0.35555555555555557, 0.03047453927383386
0.216722975250761, 0.35555555555555557, 0.002505178758045527
0.3180375557261772, 0.35555555555555557, 0.004594917892879281
0.22131580397991224, 0.35555555555555557, 0.005648062449364818
0.22632219883566324, 0.35555555555555557, 0.002620230066212946
0.21365510634099263, 0.35555555555555557, 0.03914776884834194
0.2201012801513551, 0.35555555555555557, 0.00301052647169849
0.13580299758043698, 0.35555555555555557, 0.026320265113591035
0.25573117631877823, 0.35555555555555557, 0.003853615060424727
0.21528046795282843, 0.35555555555555557, 0.00762620874600149
0.1377925075362233, 0.35555555555555557, 0.00852362299444173
0.24368280297595737, 0.35555555555555557, 0.012610004980112744
0.21925318820754075, 0.35555555555555557, 0.006460917296071769
0.2376788683423178, 0.35555555555555557, 0.01151740256963403
0.2064565832585652, 0.35555555555555557, 0.0019837460532151417
0.18337303605521496, 0.35555555555555557, 0.0007361508076649917
0.22184523877845344, 0.35555555555555557, 0.0063778052344601426
0.22549359842574596, 0.35555555555555557, 0.004128805726766003
0.2002513530289284, 0.35555555555555557, 0.022449011170601114
0.18301058727031777, 0.35555555555555557, 0.004204047011694134
0.20143358775375453, 0.35555555555555557, 0.01672631423894794
0.1724274562377917, 0.35555555555555557, 0.009421352025992038
0.2188417194132565, 0.35555555555555557, 0.0015390221001269615
0.2331854517697362, 0.35555555555555557, 0.003945768812398941
0.13662013853099947, 0.35555555555555557, 0.00622344236333069
0.2318959689949087, 0.35555555555555557, 0.002901795244476191
0.2507742866580254, 0.35555555555555557, 0.001001505049932755
0.177290526445643, 0.35555555555555557, 0.009686922348983277
0.17645993508157523, 0.35555555555555557, 0.012965587219282157
0.20621550272323041, 0.35555555555555557, 0.018587259941505584
0.1819322118144195, 0.35555555555555557, 0.003268396299100394
0.20760598778723538, 0.35555555555555557, 0.02152364307830746
0.275447787616071, 0.35555555555555557, 0.0002327949078597934
0.14597649615678102, 0.35555555555555557, 0.0028140215932518278
0.19756588839528244, 0.35555555555555557, 0.003540124389633112
0.28407480561621673, 0.35555555555555557, 0.0011387696456631373
0.2559334805292289, 0.35555555555555557, 0.013071005491963338
0.25127000652741804, 0.35555555555555557, 0.0027645276616594066
0.1369078228631595, 0.35555555555555557, 0.03129492086939034
0.29475738250964073, 0.35555555555555557, 0.006994602405013524
0.2236862946426881, 0.35555555555555557, 0.002071746622218077
0.2305514703288522, 0.35555555555555557, 0.03689089155605512
0.10043742621818283, 0.35555555555555557, 1.3099919844339613e-06
0.1745352854450459, 0.35555555555555557, 0.005823026107392484
0.17835820452220053, 0.35555555555555557, 0.016898809530922054
0.20658176926588903, 0.35555555555555557, 0.006783896217271471
0.1749750615697079, 0.35555555555555557, 0.005236498093850545
0.22694403475978508, 0.35555555555555557, 0.004899447408305354
0.16312953648596049, 0.35555555555555557, 0.007743289517190475
0.2220300770002122, 0.35555555555555557, 0.015712201504309638
0.18728064310167, 0.35555555555555557, 0.011064602777820183
0.2438127091350199, 0.35555555555555557, 0.011049726427859346
0.19790318933912784, 0.35555555555555557, 0.004376731786788221
0.23507253751333282, 0.35555555555555557, 0.003017137000061829
0.16891037056398978, 0.35555555555555557, 0.0008566725609936584
0.23670929008013675, 0.35555555555555557, 0.002164870133439665
0.15009095170142578, 0.35555555555555557, 0.0057717710480683655
0.20123379382703085, 0.35555555555555557, 0.0005885272688773901
0.31188805527371616, 0.35555555555555557, 0.02678868310057029
0.17861303753037452, 0.35555555555555557, 0.0014012345022548509
0.2051830890945296, 0.35555555555555557, 0.004144713483558394
0.22963135387077074, 0.35555555555555557, 0.0032776782131106698
0.23162977213309693, 0.35555555555555557, 0.006153249562202173
0.1661499149887611, 0.35555555555555557, 0.005960580983261598
0.012663341425294267, 0.35555555555555557, 0.012652358906943025
0.19320180830892697, 0.35555555555555557, 0.009406232553600522
0.18056453304034126, 0.35555555555555557, 0.007314609774685277
0.20299495088888775, 0.35555555555555557, 0.017723977797820253
0.23461849190727047, 0.35555555555555557, 0.004890111240412424
0.1564556649055744, 0.35555555555555557, 0.01425526619204042
0.2862529624666543, 0.35555555555555557, 0.00953146573757122
0.19616239318266052, 0.35555555555555557, 0.005868836886170826
0.2753118725419609, 0.35555555555555557, 0.004137334856973543
0.13409623875861323, 0.35555555555555557, 0.02086074408386062
0.1677855894390434, 0.35555555555555557, 0.011142872130905854
0.18126839633863936, 0.35555555555555557, 0.010234783181349025
0.2653070027937351, 0.35555555555555557, 0.04376624690224236
0.2845140608900709, 0.35555555555555557, 0.00576189380619856
0.2734494107312265, 0.35555555555555557, 0.03566477959946747
0.2696188028836884, 0.35555555555555557, 0.004819021511191067
0.24797469173462464, 0.35555555555555557, 0.011401585995288614
0.2307633887814285, 0.35555555555555557, 0.006905000713306005
0.23392058483542363, 0.35555555555555557, 0.010801589874322377
0.15913318854675662, 0.35555555555555557, 0.010889596919208143
0.1256312275863926, 0.35555555555555557, 0.0008732165339919485
0.16450458852939703, 0.35555555555555557, 0.02865926922791076
0.15098749145725462, 0.35555555555555557, 0.025645350968507476
0.2524009458784857, 0.35555555555555557, 0.03829519089047758
0.25352478308046944, 0.35555555555555557, 0.0015970433632169097
0.18282919440930182, 0.35555555555555557, 0.026087647168020783
0.17398072482771573, 0.35555555555555557, 0.006834577188833321
0.17805711570380856, 0.35555555555555557, 0.007904001344435115
0.1670943776494323, 0.35555555555555557, 0.006234252563633285
0.2787935773674312, 0.35555555555555557, 0.007462588665649039
0.24553667888904002, 0.35555555555555557, 0.004207763616121204
0.2663559287259746, 0.35555555555555557, 0.0026863194131832757
0.21465019860983028, 0.35555555555555557, 0.004640997654580285
0.1373207839301866, 0.35555555555555557, 0.00016945085713043805
0.22816302122557247, 0.35555555555555557, 0.0030522504584780527
0.125695794792964, 0.35555555555555557, 0.00733040335535642
0.23668838944730056, 0.35555555555555557, 0.008145088702142944
0.1574653935637001, 0.35555555555555557, 0.009786066691373909
0.1848599948793448, 0.35555555555555557, 0.005334760545393308
0.23279430588288139, 0.35555555555555557, 0.003332992931446475
0.20926970077584164, 0.35555555555555557, 0.00787986676794317
0.08628627281983357, 0.35555555555555557, 0.0009411706568577541
0.10724906504008315, 0.35555555555555557, 0.0005745844272246045
0.19408165117729564, 0.35555555555555557, 1.1936310312819249e-05
0.1921937771843223, 0.35555555555555557, 0.015094861576535288
0.21947900794282182, 0.35555555555555557, 0.007643552851903965
0.20645350749715957, 0.35555555555555557, 0.004653184667905333
0.19932451608000085, 0.35555555555555557, 0.005905906612756991
0.1471423393634365, 0.35555555555555557, 0.005811677723326821
0.10964971909818551, 0.35555555555555557, 2.8858648172835067e-05
0.15892450765260754, 0.35555555555555557, 0.03581377003955744
0.15033096369416815, 0.35555555555555557, 0.014896034207536534
0.20831646217552946, 0.35555555555555557, 0.004999581917587183
0.23890220019503797, 0.35555555555555557, 0.001557769644704381
0.24106407794528323, 0.35555555555555557, 0.02142103630438322
0.23476841992285677, 0.35555555555555557, 0.013175415702056374
0.1300509826966677, 0.35555555555555557, 0.0016663931669325702
0.22101137254349137, 0.35555555555555557, 0.0025840659978195717
0.21406280041339112, 0.35555555555555557, 0.00013609417772005
0.220030001813653, 0.35555555555555557, 0.0066519908551465464
0.19572166312948125, 0.35555555555555557, 0.004199863469716619
0.19551350467445838, 0.35555555555555557, 0.016968465256054454
0.26348014822634397, 0.35555555555555557, 0.004638085230028623
0.11088952371827183, 0.35555555555555557, 0.006288818364950593
0.2586388608670189, 0.35555555555555557, 0.011755156733950086
0.08534099702020975, 0.35555555555555557, 0.006652697299008298
0.1653342389108943, 0.35555555555555557, 0.016928234849775493
0.19256622064471113, 0.35555555555555557, 0.0020244657097139573
0.16635991396248445, 0.35555555555555557, 0.0069158366061542
0.25930199209549387, 0.35555555555555557, 0.005542646383030291
0.24581849914979273, 0.35555555555555557, 0.009212893433724903
0.2194530050294884, 0.35555555555555557, 0.015392037791148498
0.16409955810780313, 0.35555555555555557, 0.016097823348574243
0.1850912864002226, 0.35555555555555557, 0.004156438145860911
0.14860135871036256, 0.35555555555555557, 0.025582641879876845
0.25183779356013997, 0.35555555555555557, 0.005758314377093045
0.20182407592415455, 0.35555555555555557, 0.002489876082006231
0.19017794430569962, 0.35555555555555557, 0.002192577212811808
0.24584619207765387, 0.35555555555555557, 0.001340098883855672
0.17760520846848382, 0.35555555555555557, 0.004511228820418172
0.2804192431346317, 0.35555555555555557, 0.012793493558282167
0.23381528914266128, 0.35555555555555557, 0.002848643360852907
0.15670875892974767, 0.35555555555555557, 0.00820698759048076
0.23719007567570063, 0.35555555555555557, 0.003650383482385397
0.09982009385512083, 0.35555555555555557, 0.0044742344098361135
0.2411017019055722, 0.35555555555555557, 0.013657404487575683
0.1986366030256532, 0.35555555555555557, 0.008002402799204252
0.11444952234012658, 0.35555555555555557, 0.005784766821085318
0.20372120065747007, 0.35555555555555557, 0.0019327475573058222
0.1569272860217142, 0.35555555555555557, 0.0026445248414549718
0.2234669929326711, 0.35555555555555557, 0.015607861813651177
0.14929254111559717, 0.35555555555555557, 0.003074011131804946
0.226604408908206, 0.35555555555555557, 0.00750351055236722
0.10116225916353014, 0.35555555555555557, 0.008090099590425757
0.17251460851574818, 0.35555555555555557, 0.006257677586442445
0.25578706221433245, 0.35555555555555557, 0.0024743726078006226
0.2022849693880737, 0.35555555555555557, 0.0012696184783854562
0.21631332446602944, 0.35555555555555557, 0.002518819456764644
0.15204329966354965, 0.35555555555555557, 0.02637879538736066
0.34426488619079276, 0.35555555555555557, 0.0017556091004110141
0.1735802333974672, 0.35555555555555557, 0.02619877492369883
0.2140656050136089, 0.35555555555555557, 0.010276644415722574
0.15279298027952323, 0.35555555555555557, 0.0025514156150248644
0.13889544016043964, 0.35555555555555557, 0.008973601633392113
0.17410858759251208, 0.35555555555555557, 0.002154041074203222
0.22559000368327542, 0.35555555555555557, 0.0031557758430479517
0.15450270030483979, 0.35555555555555557, 0.011137169092427079
0.19283595987212968, 0.35555555555555557, 0.0017412085732904758
0.14958162777973855, 0.35555555555555557, 0.0047165211420191
0.16996929349659998, 0.35555555555555557, 0.0024832581804453855
0.2339086851141728, 0.35555555555555557, 0.0035889112614048107
0.245489079816881, 0.35555555555555557, 0.0010756534114620935
0.1927266050063585, 0.35555555555555557, 0.009726970759679964
0.1425857661203849, 0.35555555555555557, 0.02320359421087889
0.2003459905736682, 0.35555555555555557, 0.01069998923556146
0.19470822241919408, 0.35555555555555557, 0.0004738976041278931
0.20838396495602787, 0.35555555555555557, 0.0074853768093262685
0.1594984190726586, 0.35555555555555557, 0.005347250332249851
0.2516066095453509, 0.35555555555555557, 0.006249200173367621
0.16676829462552184, 0.35555555555555557, 0.03588828357182568
0.2716549623738726, 0.35555555555555557, 0.006040430976738763
0.23199177414864075, 0.35555555555555557, 0.0004194766522436247
0.15002357024849683, 0.35555555555555557, 0.007427444647067806
0.2451535607090778, 0.35555555555555557, 0.007419337426640212
0.22169297899753682, 0.35555555555555557, 0.004425183844193405
0.20695580370786812, 0.35555555555555557, 0.011381824908687891
0.18003190938487645, 0.35555555555555557, 0.0010596395986984541
0.2547383242884586, 0.35555555555555557, 0.004779237239285778
0.17987465465185895, 0.35555555555555557, 0.00020336132417082855
0.20652242859368225, 0.35555555555555557, 0.007759606130367288
0.17194334757174, 0.35555555555555557, 0.004963041495726017
0.20402666140710282, 0.35555555555555557, 0.0019760023826831904
0.21359720313980868, 0.35555555555555557, 0.03303381114273115
0.23267851794677974, 0.35555555555555557, 0.001792217143547871
0.18192030865008701, 0.35555555555555557, 0.003958813008084777
0.1933932819572127, 0.35555555555555557, 0.0011969613541388225
0.25687512011269725, 0.35555555555555557, 0.05239143166002339
0.1640260908294977, 0.35555555555555557, 0.05033422282625108
0.21466917324317814, 0.35555555555555557, 0.005016455713516012
0.1810296672638867, 0.35555555555555557, 0.0044682488230071
0.1887406193248559, 0.35555555555555557, 0.025505835341179207
0.2281372070621058, 0.35555555555555557, 0.0011045689634548838
0.23265933985818513, 0.35555555555555557, 0.00772764318133022
0.19718412787223752, 0.35555555555555557, 0.0011056243921940207
0.14248686045478698, 0.35555555555555557, 0.00040300410487714965
0.21665410705859994, 0.35555555555555557, 0.0016073316414729178
0.2809448220398857, 0.35555555555555557, 0.01144461841553188
0.12153973160199297, 0.35555555555555557, 0.0025933925017905778
0.2624022610209292, 0.35555555555555557, 0.013514982226241002
0.23893341420791592, 0.35555555555555557, 0.018340877368540235
0.20860750387588295, 0.35555555555555557, 0.020732848982852783
0.25899641416190666, 0.35555555555555557, 0.005859585424666361
0.2866138241081693, 0.35555555555555557, 0.027644453635426024
0.30831675426844996, 0.35555555555555557, 0.008886517270472436
0.10372472990506347, 0.35555555555555557, 0.006411134432721989
0.2524473021301243, 0.35555555555555557, 0.026237505832256553
0.2683153039176477, 0.35555555555555557, 0.005848460217922416
0.213179725590602, 0.35555555555555557, 0.009353347113894262
0.2309982317171969, 0.35555555555555557, 0.007864723672382093
0.1711233325644655, 0.35555555555555557, 0.0010662800399803124
0.3054257119266066, 0.35555555555555557, 0.003636559608365129
0.23476904643690055, 0.35555555555555557, 0.00407035630694467
0.148265366299106, 0.35555555555555557, 0.004298099935300606
0.253312455934905, 0.35555555555555557, 0.0015560947355796704
0.13980104357330825, 0.35555555555555557, 0.0004989429722523001
0.1484332474773208, 0.35555555555555557, 0.00024778364952296786
0.12131047404962181, 0.35555555555555557, 0.008455958422397708
0.15915969012082423, 0.35555555555555557, 5.829314356102007e-06
0.23587875430436075, 0.35555555555555557, 0.017281118218147262
0.28566590272900616, 0.35555555555555557, 0.015708955990632868
0.12793697893659112, 0.35555555555555557, 0.007046897255448971
0.17873374139922965, 0.35555555555555557, 0.02407449887197934
0.1973582953923142, 0.35555555555555557, 0.0038256890631115747
0.22860390915089612, 0.35555555555555557, 0.011200469985810386
0.2493364758935518, 0.35555555555555557, 0.008653914937457789
0.1275978410097735, 0.35555555555555557, 0.03364520866883476
0.22349865125805277, 0.35555555555555557, 0.0018615250318579954
0.26838849814021715, 0.35555555555555557, 0.007354253974020217
0.14755371563005873, 0.35555555555555557, 0.004461135180761739
0.2705166198910592, 0.35555555555555557, 0.00045022160580172996
0.22119549164771635, 0.35555555555555557, 0.0027054812586874578
0.1445514561870462, 0.35555555555555557, 0.0017151438068565249
0.3117036931128302, 0.35555555555555557, 0.007895050274585277
0.2244041318565233, 0.35555555555555557, 0.01116652795975327
0.2117607016193669, 0.35555555555555557, 0.01810065997753333
0.20089066239423628, 0.35555555555555557, 5.220679477706456e-06
0.3150357806190325, 0.35555555555555557, 0.009189246326304487
0.161429038569935, 0.35555555555555557, 0.003129351084408267
0.20095015882754394, 0.35555555555555557, 0.0002626632876882863
0.26902840397258354, 0.35555555555555557, 0.0025688680686074042
0.2548563638950964, 0.35555555555555557, 0.0037938799291620112
0.2861896831255573, 0.35555555555555557, 0.014573713190036565
0.21536165910673133, 0.35555555555555557, 0.04819388540077854
0.17273268902036365, 0.35555555555555557, 0.0050520701443664325
0.23825857061925504, 0.35555555555555557, 0.01425898641243069
0.25235500605264466, 0.35555555555555557, 0.0002323641486729406
0.16764973318425716, 0.35555555555555557, 0.01663006816590626
0.1975369270812703, 0.35555555555555557, 0.004269042651976912
0.19509755570634296, 0.35555555555555557, 0.008549606120474637
0.09864436361974196, 0.35555555555555557, 0.00390629047877732
0.11583874705853264, 0.35555555555555557, 0.011309089965268937
0.27186586591395007, 0.35555555555555557, 0.0060240880344900475
0.1742805442730292, 0.35555555555555557, 0.00035938185831137275
0.1606948716498335, 0.35555555555555557, 0.017381818541476923
0.2211050182885138, 0.35555555555555557, 0.002751982912795774
0.19958379641212215, 0.35555555555555557, 0.0032337092071554325
0.15762253944690702, 0.35555555555555557, 0.022328119827025823
0.16342977932816025, 0.35555555555555557, 0.004306072381852288
0.22403703796213992, 0.35555555555555557, 0.004382702145623959
0.21573832262930664, 0.35555555555555557, 0.0029148883892465794
0.16443573151543867, 0.35555555555555557, 0.04312805103091742
0.2568407482636342, 0.35555555555555557, 0.006539017892023538
0.17443204092812054, 0.35555555555555557, 0.017553037172641697
0.19607133757699816, 0.35555555555555557, 0.010018721790519304
0.17376676448470213, 0.35555555555555557, 0.007408828083188545
0.24892465153169846, 0.35555555555555557, 0.0014243461102278637
0.20469364374240592, 0.35555555555555557, 0.003355881850548895
0.1762452869260624, 0.35555555555555557, 0.025063855553254133
0.24692908238274897, 0.35555555555555557, 0.002930058601649843
0.14169425193095814, 0.35555555555555557, 0.012000638913013558
0.14404908284930282, 0.35555555555555557, 0.008538972927915963
0.15242171388103687, 0.35555555555555557, 0.007797213760491951
0.32087358760824664, 0.35555555555555557, 0.013127913391792463
0.18630999910565726, 0.35555555555555557, 0.0012430186185279012
0.1687210355923961, 0.35555555555555557, 0.00426834796763865
0.21922701101104453, 0.35555555555555557, 0.046959123178998904
0.18900434908860958, 0.35555555555555557, 0.0037106720630675927
0.16099866767809143, 0.35555555555555557, 0.003640883500652215
0.1695597366868496, 0.35555555555555557, 0.008960140101386047
0.20977173732039878, 0.35555555555555557, 0.020781126146535798
0.218235131487568, 0.35555555555555557, 0.0020602690790687433
0.22817888679367987, 0.35555555555555557, 0.0027901663572032793
0.2353020115018434, 0.35555555555555557, 0.006750312953610075
0.23753686418187872, 0.35555555555555557, 0.007022026540971423
0.2911004437012757, 0.35555555555555557, 0.0025483582291342785
0.12973766619043425, 0.35555555555555557, 0.003187404914861372
0.2068653148127138, 0.35555555555555557, 0.0062706526027057645
0.30668375250286867, 0.35555555555555557, 0.003579583925461908
0.1285467615173564, 0.35555555555555557, 0.017958690723037532
0.22261954547779567, 0.35555555555555557, 0.015566931675481305
0.24524965164592327, 0.35555555555555557, 0.011280229604653098
0.1991367492761847, 0.35555555555555557, 0.020964583820636103
0.1599520448980745, 0.35555555555555557, 0.004359687410553007
0.11699914808190409, 0.35555555555555557, 0.006718740721221026
0.1638856090679164, 0.35555555555555557, 0.0056769368655656734
0.2163131910456373, 0.35555555555555557, 0.004725965662348451
0.275286598372794, 0.35555555555555557, 0.0008114874381801052
0.18442474394878144, 0.35555555555555557, 8.577339279572697e-06
0.2263143678945165, 0.35555555555555557, 0.007496843225610918
0.23587896996767424, 0.35555555555555557, 0.007473084699445488
0.26765843957599383, 0.35555555555555557, 0.007831785871822223
0.26317996773867147, 0.35555555555555557, 0.011247783386886905
0.21335952386019033, 0.35555555555555557, 0.0016459882605057694
0.16226644945502464, 0.35555555555555557, 0.0047682996440708385
0.2584257389056752, 0.35555555555555557, 0.011546369449570064
0.24540983311145145, 0.35555555555555557, 0.004378088295446332
0.16495747302862146, 0.35555555555555557, 0.01608688630302827
0.23641950750673954, 0.35555555555555557, 0.006695130474370216
0.18481784943795895, 0.35555555555555557, 0.007752741115267027
0.20111096154088573, 0.35555555555555557, 0.011621472226098786
0.18159419813059896, 0.35555555555555557, 0.014510093382761585
0.1082016306938058, 0.35555555555555557, 0.00035177825015890034
0.21025773484695492, 0.35555555555555557, 0.010104314644806548
0.17424292538517044, 0.35555555555555557, 0.010833148705874424
0.25389113040170896, 0.35555555555555557, 0.004055163318535972
0.20800268597128066, 0.35555555555555557, 0.0011032949503446733
0.1950195481535524, 0.35555555555555557, 0.00279586498009707
0.1958037055115669, 0.35555555555555557, 0.013453571471292782
0.1505748383826558, 0.35555555555555557, 0.006415165413689687
0.18344871435257443, 0.35555555555555557, 0.0012229033660827637
0.21883719326061962, 0.35555555555555557, 0.012947576981336964
0.22398445145240717, 0.35555555555555557, 0.001596983365584703
0.1110912801023567, 0.35555555555555557, 0.01318099476254723
0.1644218990277916, 0.35555555555555557, 0.011604839081516561
0.166968455230549, 0.35555555555555557, 0.015764833372506778
0.1587942900533692, 0.35555555555555557, 0.00011212302651187555
0.19353306849514415, 0.35555555555555557, 0.005309988027410379
0.16420154135124818, 0.35555555555555557, 0.011348713822036484
0.2036598080223644, 0.35555555555555557, 0.006523345727290871
0.24846994563438912, 0.35555555555555557, 0.0023396512050000468
0.12527164163842458, 0.35555555555555557, 0.008040566363201707
0.27887301501531664, 0.35555555555555557, 0.0007694457514237806
0.2402324765433825, 0.35555555555555557, 0.019042714582981374
0.0856439644069458, 0.35555555555555557, 0.01775242437353721
0.21966577290342856, 0.35555555555555557, 0.006208449798223603
0.21653359336853129, 0.35555555555555557, 0.015938212257010635
0.18457357384550155, 0.35555555555555557, 0.0016345870492712941
0.25264978727349996, 0.35555555555555557, 0.005488370419437828
0.09613989552710972, 0.35555555555555557, 0.02413266220943112
0.2802081133655813, 0.35555555555555557, 0.008826659961128615
0.11142639211038231, 0.35555555555555557, 0.04543709854742892
0.1914633152130669, 0.35555555555555557, 0.009515935462852863
0.25032688726601576, 0.35555555555555557, 0.012263038256276627
0.17150935521983704, 0.35555555555555557, 0.00887498397025693
0.17605781961606343, 0.35555555555555557, 0.001658439535530611
0.22892493189011287, 0.35555555555555557, 0.006794064341150677
0.31380336882169146, 0.35555555555555557, 0.0042073400944422626
0.18075715344459853, 0.35555555555555557, 0.011265914823929975
0.14063784834067097, 0.35555555555555557, 0.00156258442020796
0.23175013681189163, 0.35555555555555557, 0.006017085180132047
0.231421271983779, 0.35555555555555557, 0.0019930880638695057
0.2713830635217643, 0.35555555555555557, 0.018549736490029417
0.20059180258784362, 0.35555555555555557, 0.01384541080974718
0.27395862530371456, 0.35555555555555557, 0.003042312628079379
0.13220084071555638, 0.35555555555555557, 0.0017944026469898502
0.20453319858276797, 0.35555555555555557, 0.0026625845161802985
0.2024139857813893, 0.35555555555555557, 0.022989601953953345
0.272353323807092, 0.35555555555555557, 0.0033626333760011537
0.21413233549110242, 0.35555555555555557, 0.0017531999179767827
0.19843200230750074, 0.35555555555555557, 0.004423455281194624
0.2558160078863907, 0.35555555555555557, 0.0019389860682251586
0.23026106212186173, 0.35555555555555557, 0.00018730327507275536
0.22925001023305222, 0.35555555555555557, 0.010795763634813191
0.23536716031185273, 0.35555555555555557, 0.024788275887695013
0.17115062911833073, 0.35555555555555557, 0.00402247116971152
0.09109340083593165, 0.35555555555555557, 0.0060009537619749535
0.1675337439620244, 0.35555555555555557, 0.0017921355218400417
0.302808347573276, 0.35555555555555557, 0.002238309931969834
0.25866102456969126, 0.35555555555555557, 0.0075486160878291695
0.20020597881434093, 0.35555555555555557, 0.00032775174952806774
0.1483641493121047, 0.35555555555555557, 0.0027672050072655593
0.1540170154387654, 0.35555555555555557, 0.01584140112984549
0.22050062514746804, 0.35555555555555557, 0.0026507243007652496
0.19158321351186788, 0.35555555555555557, 0.006764310335525867
0.30897515809025605, 0.35555555555555557, 0.015128182329594484
0.23910826149030723, 0.35555555555555557, 0.008005897925468327
0.24418652641157512, 0.35555555555555557, 0.0038756932469147984
0.20456279887485726, 0.35555555555555557, 0.008779431602867096
0.2475784158375678, 0.35555555555555557, 0.0048453928277909925
0.20423604961677075, 0.35555555555555557, 0.00165542524803112
0.17004155961245845, 0.35555555555555557, 0.0012566784826253436
0.1416558162088354, 0.35555555555555557, 0.0040316511228759636
0.13072262919197095, 0.35555555555555557, 0.0030764863845665095
0.20177194363060344, 0.35555555555555557, 0.014249000989523112
0.21327184693614934, 0.35555555555555557, 0.003279915377884974
0.15710862900869532, 0.35555555555555557, 0.027492662786229066
0.185402690611379, 0.35555555555555557, 0.009208424450488873
0.22713528078542977, 0.35555555555555557, 0.006445634779130067
0.2628870277598311, 0.35555555555555557, 0.006620777290273164
0.0816509969468904, 0.35555555555555557, 0.008034826083424344
0.09793190304797522, 0.35555555555555557, 0.002672983269975119
0.23709747444528503, 0.35555555555555557, 0.005487717619978008
0.09273664064081846, 0.35555555555555557, 0.0004018268492474786
0.2342164657621506, 0.35555555555555557, 0.006485654840202628
0.22742356704893807, 0.35555555555555557, 0.0017143084265666985
0.251716846359596, 0.35555555555555557, 0.0024470211358766517
0.21944981182298132, 0.35555555555555557, 0.003745811072394172
0.15995960667915093, 0.35555555555555557, 0.0016088909174545602
0.1931201023331295, 0.35555555555555557, 0.007547573507755053
0.25319799849401525, 0.35555555555555557, 0.0019015118690687378
0.27926948442033217, 0.35555555555555557, 0.03185993345603546
0.24613555720995478, 0.35555555555555557, 0.002587920247845361
0.2525038439486441, 0.35555555555555557, 0.0033040398017437234
0.1915792222184382, 0.35555555555555557, 0.001762333440596949
0.19635314540107626, 0.35555555555555557, 0.0060437654361146275
0.19664737759690132, 0.35555555555555557, 0.01432842966228783
0.17360412913396425, 0.35555555555555557, 0.0047409054511241685
0.18171193178742945, 0.35555555555555557, 0.012152579052178685
0.20579705220437028, 0.35555555555555557, 0.010234949070159283
0.16982733508882603, 0.35555555555555557, 0.005048855815824785
0.17762594691317818, 0.35555555555555557, 0.00817363781342801
0.1185098999279588, 0.35555555555555557, 0.007587525832796631
0.22993116084095191, 0.35555555555555557, 0.004619228173927302
0.11408650611142582, 0.35555555555555557, 0.003322805189075115
0.18310165351029864, 0.35555555555555557, 0.0006257715822486747
0.22813911093358852, 0.35555555555555557, 0.0063180340608551
0.22714871962161312, 0.35555555555555557, 0.008416340989484012
0.22706941753524484, 0.35555555555555557, 0.0017568756824574195
0.18682833861111808, 0.35555555555555557, 0.009552935094588632
0.1905801780554441, 0.35555555555555557, 0.007770178032722463
0.23768413921093023, 0.35555555555555557, 0.017352516097490757
0.2628805677763795, 0.35555555555555557, 0.012263244983700348
0.1850777499739549, 0.35555555555555557, 0.03518840944001837
0.19395060245886747, 0.35555555555555557, 0.022869474667664636
0.1498525067606946, 0.35555555555555557, 0.03722268315807986
0.1798327371860369, 0.35555555555555557, 0.00014859022968146798
0.18086360455900607, 0.35555555555555557, 0.012149687852819453
0.1797931653180617, 0.35555555555555557, 0.030464406269173107
0.16235491850511075, 0.35555555555555557, 0.0008925921302959631
0.2700540732083295, 0.35555555555555557, 0.007561947743275573
0.21305788530094102, 0.35555555555555557, 0.011855627384714773
0.2381703113677862, 0.35555555555555557, 0.0021847492307761375
0.2530480691730141, 0.35555555555555557, 0.020412329517580395
0.23844956899251543, 0.35555555555555557, 0.0036034220483458384
0.22327805760727104, 0.35555555555555557, 0.015544417974777715
0.15110287384086896, 0.35555555555555557, 0.00396234615617725
0.23269133047755597, 0.35555555555555557, 0.001946346229537259
0.20235096713998646, 0.35555555555555557, 0.009129546916523804
0.17544007916667817, 0.35555555555555557, 0.002038279321450901
0.2792241427176758, 0.35555555555555557, 0.01008784993635416
0.2228240835745625, 0.35555555555555557, 0.0027210064129791754
0.120035632494568, 0.35555555555555557, 0.009599575205894816
0.23907198928081705, 0.35555555555555557, 0.0008370976604832627
0.07729486136697783, 0.35555555555555557, 0.0122705053887962
0.20615076835779217, 0.35555555555555557, 0.006037421803217982
0.13915883439197627, 0.35555555555555557, 0.004293696700438661
0.2750689531550049, 0.35555555555555557, 0.0029893108013564038
0.263624976144024, 0.35555555555555557, 0.0025029585919429426
0.09997700680332096, 0.35555555555555557, 0.0010379672533631472
0.22629025135644798, 0.35555555555555557, 0.014789579246468768
0.1868030817333863, 0.35555555555555557, 0.00929947861700566
0.1199454771118677, 0.35555555555555557, 0.014560317792916222
0.13492999146502382, 0.35555555555555557, 0.0008165715856563332
0.18618192253292928, 0.35555555555555557, 0.001997780410054007
0.14779538849501198, 0.35555555555555557, 0.0021442510934246216
0.25472104913105476, 0.35555555555555557, 0.005359593469392432
0.2291001281896877, 0.35555555555555557, 0.0008077647812808843
0.08614827302592443, 0.35555555555555557, 0.0006621558997246747
0.20002273878804558, 0.35555555555555557, 0.001431160409151091
0.1815448098898649, 0.35555555555555557, 0.04111483071472513
0.1588392264709464, 0.35555555555555557, 0.0002491581739143207
0.13101616524189585, 0.35555555555555557, 0.0065875841288473725
0.2141267598527297, 0.35555555555555557, 0.0025885426260281036
0.15151190587260355, 0.35555555555555557, 0.01148986423280002
0.22094173494545918, 0.35555555555555557, 0.0008614486068903523
0.23054691958633788, 0.35555555555555557, 0.013907686227902082
0.1816372338089998, 0.35555555555555557, 0.012455927052999364
0.10468614590118835, 0.35555555555555557, 0.007516237717654916
0.19761295475837734, 0.35555555555555557, 0.01728708677584635
0.31268045945959155, 0.35555555555555557, 0.04145791920144957
0.17468384445493565, 0.35555555555555557, 0.009643489424464014
0.15457473920685294, 0.35555555555555557, 0.014861170302191539
0.18828123749394549, 0.35555555555555557, 0.017039001709121586
0.12501047185916447, 0.35555555555555557, 0.0016515397642274765
0.19620921264195756, 0.35555555555555557, 0.0038375960281235642
0.19163749339404396, 0.35555555555555557, 0.015821273575383255
0.21798478770822832, 0.35555555555555557, 0.0006617519465414698
0.26355156749569175, 0.35555555555555557, 0.0035342069247250156
0.1950015700954842, 0.35555555555555557, 0.008556165804899199
0.29862219657299205, 0.35555555555555557, 0.0035305373893378318
0.16724511636628459, 0.35555555555555557, 0.003425078311502986
0.1398127319392541, 0.35555555555555557, 0.00044644605285421474
0.19715643777857136, 0.35555555555555557, 0.05194774061972853
0.17954468961519116, 0.35555555555555557, 0.004030645753442535
0.16741163519661093, 0.35555555555555557, 0.00020862641679629543
0.24436766913252664, 0.35555555555555557, 0.004426830633186705
0.11620146895081793, 0.35555555555555557, 0.001890157574821684
0.14734143901220575, 0.35555555555555557, 0.014220176605513156
0.2659801221731571, 0.35555555555555557, 0.005394431482299597
0.3168952167596431, 0.35555555555555557, 0.002592247311891025
0.2309055492523282, 0.35555555555555557, 0.012402222226755336
0.24054477569561952, 0.35555555555555557, 0.009592873250674197
0.2831311690637583, 0.35555555555555557, 0.0002762858835862813
0.23123279913613495, 0.35555555555555557, 0.007038173462406691
0.13014246629225584, 0.35555555555555557, 0.0045000323577651
0.26201848640339953, 0.35555555555555557, 0.0025745538673367764
0.15013952792931698, 0.35555555555555557, 0.009656444346583453
0.18885222748938688, 0.35555555555555557, 0.000984875055226613
0.19553312210724696, 0.35555555555555557, 0.002666109461573258
0.1189399098626229, 0.35555555555555557, 0.025373623022104986
0.17423513322646828, 0.35555555555555557, 0.0008548772244363385
0.31909131069747837, 0.35555555555555557, 0.012361922089745896
0.1326183547880867, 0.35555555555555557, 0.0030494919018792224
0.12439897269658166, 0.35555555555555557, 0.010433006566706676
0.23139563891949522, 0.35555555555555557, 0.007972745741885875
0.19888570838178096, 0.35555555555555557, 0.011552526353379536
0.18816379669568062, 0.35555555555555557, 0.01632226207720337
0.18596415504235622, 0.35555555555555557, 0.0009678273746363533
0.14508288637766134, 0.35555555555555557, 0.021536373549871625
0.14100431115135414, 0.35555555555555557, 0.0036256687414552473
0.16489950035413004, 0.35555555555555557, 0.009054296608078773
0.2795867840444573, 0.35555555555555557, 0.01111489914222142
0.22755324958041845, 0.35555555555555557, 0.0061092903548022786
0.10882299037112642, 0.35555555555555557, 0.03191733456726449
0.11990514797732361, 0.35555555555555557, 0.005325366642475458
0.2183950071948917, 0.35555555555555557, 0.003985610798773377
0.2877191361261588, 0.35555555555555557, 0.003934817764239243
0.20580990479408268, 0.35555555555555557, 0.008314687931464955
0.1817830007457494, 0.35555555555555557, 0.008326135656673759
0.1875306127115362, 0.35555555555555557, 0.004145882633405311
0.21256532536659722, 0.35555555555555557, 0.007589993746215196
0.20363826733740142, 0.35555555555555557, 0.0035994128173793094
0.08621668362361315, 0.35555555555555557, 0.003180319011052052
0.15675962108970565, 0.35555555555555557, 0.00684690029634861
0.21495230691763068, 0.35555555555555557, 0.01241120886429126
0.2233615176572048, 0.35555555555555557, 0.0009805117073763124
0.16912271233172976, 0.35555555555555557, 0.00021148027251505284
0.25091034142557916, 0.35555555555555557, 0.006861824230229713
0.22967317970568363, 0.35555555555555557, 6.0787910539316484e-05
0.24800917887630508, 0.35555555555555557, 0.003647554279126349
0.2677827776808479, 0.35555555555555557, 0.006719672639171506
0.16475975070087265, 0.35555555555555557, 0.003654555887507306
0.2066511319756743, 0.35555555555555557, 0.002743416737322891
0.14927343701271642, 0.35555555555555557, 0.005440449979738693
0.289290678582388, 0.35555555555555557, 0.00015867300058540322
0.23124392629415344, 0.35555555555555557, 0.0008679799408122782
0.18477227273648777, 0.35555555555555557, 0.005023436342899889
0.21253752505121426, 0.35555555555555557, 0.026086317691472023
0.17847866517476435, 0.35555555555555557, 0.0001920552125880824
0.1795702526935398, 0.35555555555555557, 0.017527437217392118
0.1915888870471156, 0.35555555555555557, 0.017373448283744996
0.2234194407627189, 0.35555555555555557, 0.004305446395074569
0.14707779828885537, 0.35555555555555557, 0.007309728053017647
0.23601335236996113, 0.35555555555555557, 0.010300267996628146
0.24306959107998594, 0.35555555555555557, 0.006021243675070907
0.0934404866238706, 0.35555555555555557, 0.013631590084300446
0.12141508188550587, 0.35555555555555557, 0.003279230871271078
0.22137346833593796, 0.35555555555555557, 0.020536904303132146
0.14368749037189896, 0.35555555555555557, 0.011814402691319547
0.30431860022646673, 0.35555555555555557, 0.01633379359783148
0.20974191266684436, 0.35555555555555557, 0.006610443200411608
0.27291266591438224, 0.35555555555555557, 0.018651304594643352
0.08492177412642342, 0.35555555555555557, 0.0049869794765310645
0.1579884506636715, 0.35555555555555557, 0.004546125119553586
0.19854514086303177, 0.35555555555555557, 0.016777746136364426
0.18240970746793017, 0.35555555555555557, 0.005718753797801053
0.18365626289830267, 0.35555555555555557, 0.002789854058410789
0.19345300882941813, 0.35555555555555557, 0.01133773510126275
0.10139211899512006, 0.35555555555555557, 0.06977044461460315
0.23301260550373928, 0.35555555555555557, 0.004257565683360714
0.31999090514358774, 0.35555555555555557, 0.044439872270876354
0.22315955486403266, 0.35555555555555557, 0.00013056757467196418
0.2722317769053072, 0.35555555555555557, 0.010380935885982948
0.24079491243490364, 0.35555555555555557, 0.012233741239409
0.2721071545115211, 0.35555555555555557, 0.0015125067041143795
0.132128538878007, 0.35555555555555557, 0.0023053331206566905
0.27791070010343216, 0.35555555555555557, 0.0032593281881521555
0.22614764965589118, 0.35555555555555557, 0.017949975004329974
0.18847039727828757, 0.35555555555555557, 0.0009428517343398153
0.17306938242652528, 0.35555555555555557, 0.00584041290562266
0.20272500379204147, 0.35555555555555557, 0.005819775250645021
0.2689914721213996, 0.35555555555555557, 0.0006130986638986705
0.19810338126842567, 0.35555555555555557, 0.009367754336920883
0.22184822534270648, 0.35555555555555557, 0.002743447436785875
0.25608355025631274, 0.35555555555555557, 0.0037562899261922096
0.2104170085402818, 0.35555555555555557, 0.00643582008006144
0.25342128918528506, 0.35555555555555557, 0.004974698836533316
0.1903118460660256, 0.35555555555555557, 0.003128468580681883
0.22914841823010193, 0.35555555555555557, 0.013127950752693577
0.2434985112257283, 0.35555555555555557, 0.01131988606414288
0.1516529927303647, 0.35555555555555557, 0.03513168524310968
0.29500906995567305, 0.35555555555555557, 0.022552519380587166
0.2023706002575859, 0.35555555555555557, 0.011045739182200877
0.2691273357358315, 0.35555555555555557, 0.0021262467312057583
0.23795887341718588, 0.35555555555555557, 0.004114508370593995
0.26953950855714337, 0.35555555555555557, 0.015772916320858737
0.15615038061150344, 0.35555555555555557, 0.003128374541074951
0.2800482530978118, 0.35555555555555557, 0.006999907811538857
0.14722228949610505, 0.35555555555555557, 0.005917587571566976
0.17279782071330368, 0.35555555555555557, 0.002603336680376262
0.19406161035405833, 0.35555555555555557, 0.008590462261061782
0.20539194007660633, 0.35555555555555557, 0.03374755416551666
0.2502829130209664, 0.35555555555555557, 0.00908028827880471
0.11043076982304843, 0.35555555555555557, 0.0014147653206801752
0.18945773607175687, 0.35555555555555557, 0.014876464861807005
0.1856127424791346, 0.35555555555555557, 0.01659113768735672
0.15819149465165827, 0.35555555555555557, 0.0021004964333513295
0.3052124990544384, 0.35555555555555557, 0.021246653147559264
0.14316348507995794, 0.35555555555555557, 0.010724329559311015
0.12660612488434775, 0.35555555555555557, 0.005837508601322244
0.12752617874062122, 0.35555555555555557, 0.0025216258165163463
0.11030478777734821, 0.35555555555555557, 0.005386847781585541
0.17286829832375675, 0.35555555555555557, 0.0012759878303220996
0.14804832719964686, 0.35555555555555557, 0.029466246080605725
0.08011003294655353, 0.35555555555555557, 0.004791218093032595
0.19959166079917262, 0.35555555555555557, 0.0016532588537108584
0.2480600240775204, 0.35555555555555557, 0.006296867748892239
0.2540802690900775, 0.35555555555555557, 0.0023779901450211626
0.07850862925203313, 0.35555555555555557, 0.012472415652860969
0.22831747014877646, 0.35555555555555557, 0.004834360214281116
0.1950743646987292, 0.35555555555555557, 0.009999925148717035
0.15695517114013374, 0.35555555555555557, 0.004848988870661244
0.20540869309760312, 0.35555555555555557, 0.006014682672914026
0.09884894526246475, 0.35555555555555557, 0.01919254558008424
0.1680400251106884, 0.35555555555555557, 0.007153967295560751
0.2354451386909433, 0.35555555555555557, 6.010491283445179e-06
0.23977497562447336, 0.35555555555555557, 0.004595348774780638
0.2437475033134668, 0.35555555555555557, 0.003576117227285584
0.15487319565290375, 0.35555555555555557, 0.0018872956225275365
0.22401700908384836, 0.35555555555555557, 0.008560638010609307
0.1317427346080957, 0.35555555555555557, 0.009645730529231577
0.12459783918352312, 0.35555555555555557, 0.0006233134072028155
0.24788390653326667, 0.35555555555555557, 0.01302555776216561
0.2108599842911214, 0.35555555555555557, 0.0028665469928166733
0.21303304182710533, 0.35555555555555557, 0.005414947391243412
0.19927252419909353, 0.35555555555555557, 0.01893522151424609
0.17541903681601406, 0.35555555555555557, 0.008260289953119945
0.17677229832772795, 0.35555555555555557, 0.0014025446420125993
0.2304501616955039, 0.35555555555555557, 0.0006427409752649895
0.11208178507672062, 0.35555555555555557, 0.0029112723930751977
0.12444217860663591, 0.35555555555555557, 0.00720439111203993
0.18189428487551096, 0.35555555555555557, 0.00922595545051979
0.18334499528878878, 0.35555555555555557, 0.012230142540536957
0.2990587691183339, 0.35555555555555557, 0.004443059534270831
0.202964599992076, 0.35555555555555557, 0.003215398083054824
0.21222372455356495, 0.35555555555555557, 0.005483193591176
0.16302462009693164, 0.35555555555555557, 0.003093185699155942
0.17999914080169874, 0.35555555555555557, 0.03665217533985373
0.22631591368123616, 0.35555555555555557, 0.004726865017904375
0.1334994464256385, 0.35555555555555557, 0.00818472912035739
0.27250335230915684, 0.35555555555555557, 0.004799670983340933
0.20669131844729022, 0.35555555555555557, 0.00019367669777339497
0.14433833866647283, 0.35555555555555557, 0.008324504931464163
0.2324163732804333, 0.35555555555555557, 0.008837744228994677
0.24263106497467612, 0.35555555555555557, 0.04201390519876397
0.24280666708111528, 0.35555555555555557, 0.021824113517026067
0.2638907620751459, 0.35555555555555557, 0.007667423948128081
0.14510082865953736, 0.35555555555555557, 0.00270871309073952
0.24325174463883728, 0.35555555555555557, 0.023070246716691632
0.17021764549968335, 0.35555555555555557, 0.004824121874464633
0.1953627919095411, 0.35555555555555557, 0.006329994422734124
0.22294234230874585, 0.35555555555555557, 0.02053370785455428
0.13970316607693545, 0.35555555555555557, 0.0027669523139243644
0.248259953981128, 0.35555555555555557, 0.008381851685533273
0.1816243421752536, 0.35555555555555557, 0.0029165161754274335
0.22794927085852165, 0.35555555555555557, 0.011227960598683332
0.2263164919055858, 0.35555555555555557, 0.013869131682724913
0.1789598430067565, 0.35555555555555557, 0.0011706526237965876
0.15356985249253485, 0.35555555555555557, 0.0023389193258754252
0.24407303155937451, 0.35555555555555557, 0.008339571220570278
0.18612361738340674, 0.35555555555555557, 0.0348527183255175
0.2020929112957632, 0.35555555555555557, 0.026084853298461615
0.17584196095719, 0.35555555555555557, 0.0036119804157172986
0.1875027867411925, 0.35555555555555557, 0.0005942904216404615
0.13446503301192414, 0.35555555555555557, 0.006451572151240754
0.173608416722126, 0.35555555555555557, 0.04845212435482158
0.14042888578368337, 0.35555555555555557, 0.0062237068343529885
0.2537620436466384, 0.35555555555555557, 0.0028633624177502037
0.3190454736421864, 0.35555555555555557, 0.0028141544246140554
0.2708149739786022, 0.35555555555555557, 0.004392219034811577
0.18752221705233132, 0.35555555555555557, 3.44247895231715e-05
0.21190907448444843, 0.35555555555555557, 0.0017285797392244638
0.16860331428705053, 0.35555555555555557, 0.007257925245215578
0.19051723820209354, 0.35555555555555557, 0.004925075041074214
0.21844558532148706, 0.35555555555555557, 0.013949456773513329
0.2104672537799109, 0.35555555555555557, 0.019836400045781293
0.19391704529867454, 0.35555555555555557, 0.005997426733815703
0.17872644704357382, 0.35555555555555557, 0.01901876976240798
0.17485406603534695, 0.35555555555555557, 0.003408028790264745
0.21587723254317112, 0.35555555555555557, 0.00013345907307997
0.24132874792194695, 0.35555555555555557, 0.010267814812502753
0.17427501951003072, 0.35555555555555557, 0.001473977902318592
0.1933576086784263, 0.35555555555555557, 0.0019403150027894607
0.23936381058010459, 0.35555555555555557, 0.02685279212390086
0.2657633202041966, 0.35555555555555557, 0.00258597280436561
0.17716839686558472, 0.35555555555555557, 0.026254895842589793
0.19546633610230665, 0.35555555555555557, 0.004759075470066387
0.22489512201961612, 0.35555555555555557, 0.02187885141992463
0.18928386849323198, 0.35555555555555557, 0.0026763825594351472
0.21453155945337746, 0.35555555555555557, 0.02732336185517725
0.20440425034233975, 0.35555555555555557, 0.03474711565496259
0.16608125466929108, 0.35555555555555557, 0.013902999297713175
0.17393779425823308, 0.35555555555555557, 0.007914787598866276
0.25730481209711187, 0.35555555555555557, 0.005529737206672782
0.199778426466596, 0.35555555555555557, 0.011329271179972747
0.1458583286667075, 0.35555555555555557, 0.0038075694325970795
0.24378691329249882, 0.35555555555555557, 0.00338323983087059
0.18260978253598184, 0.35555555555555557, 0.014832161956675603
0.17748740153690645, 0.35555555555555557, 0.0016102174950336314
0.14840657626091183, 0.35555555555555557, 0.007590432155032631
0.25751321975539243, 0.35555555555555557, 0.008244395849682696
0.12608553696217062, 0.35555555555555557, 0.013713242439357076
0.2321838849545224, 0.35555555555555557, 0.01012690190228611
0.24190381424372143, 0.35555555555555557, 0.00013486392290034007
0.2032667305267327, 0.35555555555555557, 0.008793418438222265
0.22226300306826752, 0.35555555555555557, 0.0015223000594306664
0.17541123637276557, 0.35555555555555557, 0.011094253846382008
0.25149465223462203, 0.35555555555555557, 0.006556045756360947
0.2033869856373251, 0.35555555555555557, 0.01994715737739786
0.17464973398723171, 0.35555555555555557, 0.0062661275010061
0.22316546351488525, 0.35555555555555557, 0.004037043763899468
0.22435591132376775, 0.35555555555555557, 0.008522696296093722
0.18960354782784417, 0.35555555555555557, 0.017692573676049653
0.17677288384591172, 0.35555555555555557, 0.0026413446526037
0.2541556443371409, 0.35555555555555557, 0.008249258936432415
0.1774604274206222, 0.35555555555555557, 0.004671752469850619
0.25179760181738386, 0.35555555555555557, 0.004485773028471157
0.2696302854340689, 0.35555555555555557, 0.001970496173214605
0.17584577371170151, 0.35555555555555557, 0.0006750902634420077
0.21925055988506986, 0.35555555555555557, 0.0013791357255253766
0.2597123391183502, 0.35555555555555557, 0.014692884932956882
0.21139979500677802, 0.35555555555555557, 0.0062029258979404535
0.16272248851290627, 0.35555555555555557, 0.003092740305633688
0.16399659033386507, 0.35555555555555557, 0.008546380452289597
0.16337136380168626, 0.35555555555555557, 0.0029088774687935554
0.13657914965769263, 0.35555555555555557, 0.0022618725732638546
0.21117289556363936, 0.35555555555555557, 0.0001585628537844983
0.1981580934977018, 0.35555555555555557, 0.006958905089774814
0.12622095021244817, 0.35555555555555557, 0.004235080614137077
0.15088857149801702, 0.35555555555555557, 0.005953545483522092
0.33603876337843563, 0.35555555555555557, 0.010126906184145829
0.1312924366154935, 0.35555555555555557, 0.006337994505107881
0.2005595448647961, 0.35555555555555557, 0.0005096431483761019
0.13355701152993854, 0.35555555555555557, 0.009345293334653268
0.24286266967484887, 0.35555555555555557, 0.01611247594413078
0.2573965036729709, 0.35555555555555557, 0.019676620167269027
0.21794976006114766, 0.35555555555555557, 0.006909192271527622
0.15571657343374562, 0.35555555555555557, 0.0097681709269623
0.25794270898917726, 0.35555555555555557, 0.003498419474605297
0.3164529168539713, 0.35555555555555557, 0.0036766961378769825
0.18057304602207586, 0.35555555555555557, 0.006266001416249436
0.14840979920471747, 0.35555555555555557, 0.007968367239721334
0.2587107146759639, 0.35555555555555557, 0.0013349380430873023
0.14547274709337155, 0.35555555555555557, 0.02265746605079855
0.202993666171166, 0.35555555555555557, 0.002141521057352071
0.26993049841224814, 0.35555555555555557, 0.0006103548605188241
0.2210983751233034, 0.35555555555555557, 0.006901010108878856
0.21214228419374231, 0.35555555555555557, 0.03319080524873353
0.1136790786272682, 0.35555555555555557, 0.002491797961330505
0.2426735049734367, 0.35555555555555557, 0.021098494824925967
0.11165967854716652, 0.35555555555555557, 0.0054093526940179265
0.17806602862519844, 0.35555555555555557, 0.015481371329219208
0.21381336532255274, 0.35555555555555557, 0.015517611444289021
0.20879798969213004, 0.35555555555555557, 0.0136297202922777
0.11648434191435741, 0.35555555555555557, 0.0035737150791774214
0.15183853870881153, 0.35555555555555557, 0.008334185987365352
0.11427292732309711, 0.35555555555555557, 0.0053882348238519645
0.14111069897603307, 0.35555555555555557, 0.0022943758335291432
0.27303915795756006, 0.35555555555555557, 0.006896432620864402
0.26044865601435985, 0.35555555555555557, 0.006612403254093795
0.12632951834262846, 0.35555555555555557, 0.01420273266639852
0.10802229820258726, 0.35555555555555557, 0.0022693110759110188
0.23505015719213207, 0.35555555555555557, 0.0037345405015470497
0.2638199301148514, 0.35555555555555557, 0.005847700803569538
0.3129483991529889, 0.35555555555555557, 0.021101649379879947
0.1631659767474044, 0.35555555555555557, 0.00669925240838813
0.1921879588297357, 0.35555555555555557, 0.0023500359220617975
0.20620190423965565, 0.35555555555555557, 0.0007942285514914283
0.1367389196179485, 0.35555555555555557, 0.008728892401233139
0.24903580217694596, 0.35555555555555557, 0.005815261690450608
0.10248787393569898, 0.35555555555555557, 0.0015356243715573357
0.16454158233617397, 0.35555555555555557, 0.0044926141588534215
0.24309189001872905, 0.35555555555555557, 0.004594657058213374
0.25792653173804236, 0.35555555555555557, 0.015278077468779155
0.15433777503189328, 0.35555555555555557, 0.003513764023504516
0.2650351152788127, 0.35555555555555557, 0.0039024856693984787
0.2528864310236247, 0.35555555555555557, 0.0030562398107299516
0.2659602142703699, 0.35555555555555557, 0.011491480430174946
0.06785068914654407, 0.35555555555555557, 0.007940797821701654
0.2579008741916079, 0.35555555555555557, 0.0062984228394270736
0.08178978849562318, 0.35555555555555557, 0.009190410612920832
0.23077498927143192, 0.35555555555555557, 0.026244717071386564
0.17300085231284987, 0.35555555555555557, 0.0004915780837377604
0.22590075262575565, 0.35555555555555557, 0.006857608130324333
0.11840078061362865, 0.35555555555555557, 0.002126449535329578
0.19554100471584307, 0.35555555555555557, 0.004285735649469536
0.29403244133416284, 0.35555555555555557, 0.007031535971578921
0.2036731419138218, 0.35555555555555557, 0.0025414324461204897
0.15627420577376344, 0.35555555555555557, 0.023012723228004642
0.15909905401116056, 0.35555555555555557, 0.013875366791655524
0.14027480863010608, 0.35555555555555557, 0.03166047379080415
0.2020908013381435, 0.35555555555555557, 0.002099143819812731
0.2540936566274935, 0.35555555555555557, 0.005612779782558497
0.22504685312116124, 0.35555555555555557, 0.0007674729435235821
0.137744193168807, 0.35555555555555557, 0.009318285294584628
0.2630563525477645, 0.35555555555555557, 0.016090697223064068
0.17183559709340396, 0.35555555555555557, 0.0171905375073991
0.08828956204056126, 0.35555555555555557, 0.004574992793065837
0.15960205604087035, 0.35555555555555557, 0.007451383261758772
0.25085068898136875, 0.35555555555555557, 0.022350266894266894
0.29264939445613486, 0.35555555555555557, 0.0027625114070836576
0.18923947914528955, 0.35555555555555557, 0.02874086091304332
0.19815388046466847, 0.35555555555555557, 0.003409893441159914
0.0748008834506754, 0.35555555555555557, 0.009798805596293701
0.1616952782209346, 0.35555555555555557, 0.004933466588835364
0.1371730794203665, 0.35555555555555557, 0.005403506105110946
0.222514171035234, 0.35555555555555557, 0.0071753187263735065
0.21102744736601983, 0.35555555555555557, 2.1538677481002955e-05
0.17500034159173858, 0.35555555555555557, 0.01587761516826914
0.2753673263939424, 0.35555555555555557, 0.008934028860458788
0.2148115895269475, 0.35555555555555557, 0.016175558790849295
0.24520593836360247, 0.35555555555555557, 0.0009637721160430195
0.14769785249805437, 0.35555555555555557, 0.008986318847414994
0.22683379553892424, 0.35555555555555557, 0.011128705394091042
0.23167012106454082, 0.35555555555555557, 0.005747697906588111
0.2682884296537785, 0.35555555555555557, 0.0043644256890501935
0.2012638163583878, 0.35555555555555557, 0.004364039771560877
0.20627077558119997, 0.35555555555555557, 0.00043338580885209094
0.20041782369024427, 0.35555555555555557, 0.000580894990711586
0.23391430039560313, 0.35555555555555557, 0.004580460528719119
0.2527058048623011, 0.35555555555555557, 0.003844466872760444
0.21458068888191906, 0.35555555555555557, 0.018328243227606664
0.14897488947014967, 0.35555555555555557, 0.0033832957968213703
0.10750685254742175, 0.35555555555555557, 0.0006701469884128802
0.13194478468169407, 0.35555555555555557, 0.006784340388492909
0.1613728786113282, 0.35555555555555557, 0.0097904874923873
0.18944863174544524, 0.35555555555555557, 0.0043537982417004234
0.09230314378316812, 0.35555555555555557, 0.004887994741639987
0.1347421708666846, 0.35555555555555557, 0.01565517849464751
0.1882302129504726, 0.35555555555555557, 0.004414929271724607
0.21885956367615028, 0.35555555555555557, 0.014519573271329168
0.15857000009727676, 0.35555555555555557, 0.0062924419296723965
0.14477050449499163, 0.35555555555555557, 0.005015363580079432
0.25886680058955147, 0.35555555555555557, 0.024328689237860825
0.17528995035976433, 0.35555555555555557, 0.014966719741501272
0.17191049399710648, 0.35555555555555557, 0.009922977770687265
0.3469616916960565, 0.35555555555555557, 0.004381600997775487
0.19317669130787385, 0.35555555555555557, 0.02641077847669862
0.2292160570502706, 0.35555555555555557, 0.0009855048790919382
0.20397453208357136, 0.35555555555555557, 0.013985216350432312
0.20860250436637293, 0.35555555555555557, 0.0015563937104921296
0.10170923516979875, 0.35555555555555557, 0.0056698621146199155
0.24169587320758268, 0.35555555555555557, 0.0034464612623999248
0.14606544560321072, 0.35555555555555557, 0.014710169858394911
0.2448291943802715, 0.35555555555555557, 0.022172343311804194
0.29196765248734713, 0.35555555555555557, 0.0075379660251079315
0.22419863809779364, 0.35555555555555557, 0.003069786943395112
0.1610565682984614, 0.35555555555555557, 0.006497700499529443
0.1670799533793995, 0.35555555555555557, 0.0014988920963112172
0.2762310251581408, 0.35555555555555557, 2.1181193722688786e-05
0.1995785349473587, 0.35555555555555557, 0.004973184296172638
0.27712599206844646, 0.35555555555555557, 0.016821625388778735
0.07945176603899862, 0.35555555555555557, 0.0025725578517622905
0.1281214711486907, 0.35555555555555557, 0.006823824687276261
0.11095762233947418, 0.35555555555555557, 0.003193091539028345
0.27100375414297134, 0.35555555555555557, 0.004005399656382554
0.23438827538543888, 0.35555555555555557, 0.019712165863397912
0.2555566194261326, 0.35555555555555557, 0.01178796744055633
0.20262959615214035, 0.35555555555555557, 0.00819807126207089
0.22642903781209583, 0.35555555555555557, 0.02269786911671485
0.2087442912243037, 0.35555555555555557, 0.003851883723479532
0.2319879866083501, 0.35555555555555557, 0.004551852183454483
0.2621922508034726, 0.35555555555555557, 0.002797313545578199
0.21061506989840995, 0.35555555555555557, 0.0014306945393752568
0.13346440797328385, 0.35555555555555557, 0.0024307454493335844
0.2043421786662038, 0.35555555555555557, 0.045657874850281784
0.22361141342774696, 0.35555555555555557, 0.005679226229442763
0.22799597357556153, 0.35555555555555557, 0.019905925829868967
0.13301386816857141, 0.35555555555555557, 0.014585421461567985
0.23335929863002147, 0.35555555555555557, 0.007220886526577865
0.15211505019953453, 0.35555555555555557, 0.007648608962549068
0.2109990278070093, 0.35555555555555557, 0.003959825981959795
0.18967403321330364, 0.35555555555555557, 0.0003152368027706004
0.12207739899096552, 0.35555555555555557, 0.00017019715828290775
0.20719004991570422, 0.35555555555555557, 0.0006126976641848113
0.2100152848265438, 0.35555555555555557, 0.014478233707165116
0.18386158046610052, 0.35555555555555557, 0.002354376697710054
0.18628048029448638, 0.35555555555555557, 0.003692983610335732
0.11518775105340319, 0.35555555555555557, 0.0019399248725208741
0.15741214960132724, 0.35555555555555557, 0.002274269780519595
0.20534900049852794, 0.35555555555555557, 0.0027078156486972584
0.2794981394782656, 0.35555555555555557, 0.00410389943999281
0.2527314491770623, 0.35555555555555557, 0.006931150225613398
0.14117265739208945, 0.35555555555555557, 0.0018264642110058418
0.21626756582078618, 0.35555555555555557, 0.016842280707648004
0.1650864796754216, 0.35555555555555557, 0.012513867584400288
0.13679569154308752, 0.35555555555555557, 0.01653624540695981
0.18711605682773708, 0.35555555555555557, 0.046995462411579175
0.20210225025344203, 0.35555555555555557, 0.0025932869007093667
0.24046872983393444, 0.35555555555555557, 0.006225702146473007
0.20170377942439252, 0.35555555555555557, 0.003194400927811806
0.17617788667386874, 0.35555555555555557, 0.0030335482724080614
0.2128498192657487, 0.35555555555555557, 0.028559839424601573
0.2627235692722153, 0.35555555555555557, 0.008172434853886176
0.15316473861001154, 0.35555555555555557, 0.004937488297934689
0.11704467904529149, 0.35555555555555557, 0.006136110528016651
0.19032901482395656, 0.35555555555555557, 0.00028004513993022873
0.16634523441409843, 0.35555555555555557, 0.030842070876213944
0.2219834676559349, 0.35555555555555557, 0.010774118234177128
0.10182365050631842, 0.35555555555555557, 0.002081809403321461
0.24188125440773156, 0.35555555555555557, 0.013002707251041707
0.12650735211062192, 0.35555555555555557, 0.001993387908576614
0.15205329728784509, 0.35555555555555557, 0.007414254680311556
0.2653603369604328, 0.35555555555555557, 0.02953711011212515
0.2634553850243583, 0.35555555555555557, 0.008948459441679808
0.25847755539616857, 0.35555555555555557, 0.002148788260046246
0.21551263519513303, 0.35555555555555557, 0.004882336925751531
0.13487176354682295, 0.35555555555555557, 0.002509287355898444
0.16348824425136327, 0.35555555555555557, 0.003973454472639181
0.3162243873004139, 0.35555555555555557, 0.0031452905976480736
0.1777176469399338, 0.35555555555555557, 0.009773353772613975
0.25178756021998794, 0.35555555555555557, 0.0069766628706741
0.28344693867159887, 0.35555555555555557, 0.0021082303736926484
0.2211611413852928, 0.35555555555555557, 0.00648870026013205
0.25500802326358707, 0.35555555555555557, 0.006039502932775101
0.2068232353539296, 0.35555555555555557, 0.002130492785278542
0.1373853640591559, 0.35555555555555557, 0.003257247568814537
0.21265075896337832, 0.35555555555555557, 0.005071438794364858
0.24068972439169073, 0.35555555555555557, 0.013992889205618005
0.17794230593088878, 0.35555555555555557, 0.00955584967994759
0.16926239960356024, 0.35555555555555557, 0.0026083460842029325
0.1824940737920448, 0.35555555555555557, 0.0018607247143433026
0.21929511136936908, 0.35555555555555557, 0.016689064268222198
0.3436819187138166, 0.35555555555555557, 0.0241347064253874
0.22199123212786107, 0.35555555555555557, 0.027109191545543476
0.13101844030669207, 0.35555555555555557, 0.001372103340074047
0.12034306375369562, 0.35555555555555557, 0.0030833618090322754
0.19549208717939767, 0.35555555555555557, 0.026486188824981757
0.16289708981748224, 0.35555555555555557, 0.002875109670862282
0.23324050899027293, 0.35555555555555557, 0.000709556957690408
0.2165982179947512, 0.35555555555555557, 0.002033367947490264
0.17229320378873514, 0.35555555555555557, 0.002408485234133126
0.21998943780208569, 0.35555555555555557, 0.005298157027206615
0.16629823858851048, 0.35555555555555557, 8.665572659823868e-05
0.21409880293288341, 0.35555555555555557, 0.024422281467791993
0.22415835387516295, 0.35555555555555557, 0.004939605184710292
0.16073203604255815, 0.35555555555555557, 0.0018205776609015191
0.15903445100129251, 0.35555555555555557, 0.010535810559860345
0.1847429960522899, 0.35555555555555557, 0.0010668304282367906
0.293518489840528, 0.35555555555555557, 0.015365609517934605
0.22456811577779995, 0.35555555555555557, 0.002439580707916152
0.1777511441454168, 0.35555555555555557, 0.02647541489954479
0.10760139884923667, 0.35555555555555557, 0.001975897721652907
0.15774805341753068, 0.35555555555555557, 0.004895888622817115
0.19806837511997086, 0.35555555555555557, 0.0005131768790936728
0.23928828597483254, 0.35555555555555557, 0.004989541189049574
0.22614285805073028, 0.35555555555555557, 0.0026562697620281937
0.23985178743906554, 0.35555555555555557, 0.0012627162675884719
0.17547019826757765, 0.35555555555555557, 0.004493231529592362
0.2119142050376091, 0.35555555555555557, 0.0017266046446753082
0.17033660217171587, 0.35555555555555557, 0.005346415301712834
0.3013426265648096, 0.35555555555555557, 0.014763224271130474
0.13183516469087114, 0.35555555555555557, 0.0016941136446304765
0.26537106462621274, 0.35555555555555557, 0.12008446502129916
0.27229174484724494, 0.35555555555555557, 0.008905178970912869
0.22160981748328984, 0.35555555555555557, 0.012025429420896596
0.31513371352807307, 0.35555555555555557, 0.022527639816844455
0.1539453512547556, 0.35555555555555557, 0.006490449613046208
0.2619566987234965, 0.35555555555555557, 0.029721154931716284
0.19876875031619093, 0.35555555555555557, 0.008222000889979262
0.24125457906695924, 0.35555555555555557, 0.009597156656130422
0.1881264723214472, 0.35555555555555557, 0.014044082873065874
0.23403657602685146, 0.35555555555555557, 0.004069118151846598
0.21173835623609802, 0.35555555555555557, 0.005427993850930585
0.10201754280882062, 0.35555555555555557, 0.019202802921306824
0.2359684091124528, 0.35555555555555557, 0.003913883978721924
0.3723345399445554, 0.35555555555555557, 0.021117881791933878
0.28531404752484024, 0.35555555555555557, 0.012599504097276306
0.16753820260328517, 0.35555555555555557, 0.001519407632896322
0.17681527640011485, 0.35555555555555557, 0.00453111762494704
0.2446780411221151, 0.35555555555555557, 0.011180079811872922
0.23186162154080522, 0.35555555555555557, 0.003339412636911856
0.12850398555850906, 0.35555555555555557, 0.004667129679701003
0.15521152475369382, 0.35555555555555557, 0.003230683925587141
0.19690062615444337, 0.35555555555555557, 0.002012020153887545
0.18705824658188225, 0.35555555555555557, 0.0015531796387587527
0.2280772801781636, 0.35555555555555557, 0.008855825364651928
0.2634217619941925, 0.35555555555555557, 0.018866528388496125
0.15100798401252852, 0.35555555555555557, 0.005831967696551578
0.20799210017387157, 0.35555555555555557, 0.00010250261231881313
0.19400188895945564, 0.35555555555555557, 0.012139738430417376
0.19250009304530113, 0.35555555555555557, 0.016582241629332632
0.1991399314009511, 0.35555555555555557, 0.0020844515382671515
0.23112439477972302, 0.35555555555555557, 0.0009189146809327455
0.20808869057481602, 0.35555555555555557, 0.025034663485956416
0.22893183472915965, 0.35555555555555557, 0.01032839300219365
0.23040228110085711, 0.35555555555555557, 0.0041765538766899354
0.1523637576630876, 0.35555555555555557, 0.0037571675961756605
0.14674973652158396, 0.35555555555555557, 0.00723766510314664
0.13612753825326285, 0.35555555555555557, 0.002833171947685965
0.16510023913132096, 0.35555555555555557, 0.006117615387368237
0.3160122370388494, 0.35555555555555557, 0.0023513046677848515
0.1708521768960914, 0.35555555555555557, 0.009007003407601038
0.2156063571664223, 0.35555555555555557, 0.013359122911588375
0.21544682047169697, 0.35555555555555557, 0.0010145831798852429
0.22678412394076072, 0.35555555555555557, 0.008343223544941877
0.22546245000664758, 0.35555555555555557, 0.03745464697520976
0.11447626385584427, 0.35555555555555557, 0.027645457116800477
0.23403291180531427, 0.35555555555555557, 0.002651902856420897
0.2779310509044571, 0.35555555555555557, 0.01209484387716299
0.2901642473931079, 0.35555555555555557, 0.00399666829467915
0.18485603011448115, 0.35555555555555557, 0.012308849749253663
0.19846196380294312, 0.35555555555555557, 0.005078644568142494
0.19195630018191173, 0.35555555555555557, 0.004708368042837482
0.19215725523893243, 0.35555555555555557, 0.020899049233748024
0.1457708864121662, 0.35555555555555557, 0.0004756285312018555
0.18166013640066836, 0.35555555555555557, 0.008141556116923644
0.10866171692014485, 0.35555555555555557, 0.005075827675704919
0.20832205210045524, 0.35555555555555557, 0.010512277547219373
0.15973521686166048, 0.35555555555555557, 0.014116199524544548
0.21868677707064935, 0.35555555555555557, 0.020882140491725883
0.22876059486657366, 0.35555555555555557, 0.0022943421585459446
0.15660298232712644, 0.35555555555555557, 0.00322258030240074
0.30497699396459615, 0.35555555555555557, 0.007434763619039311
0.22769467531515158, 0.35555555555555557, 0.00459044395459507
0.17255415295116408, 0.35555555555555557, 0.00019012390893240866
0.2056351872830302, 0.35555555555555557, 0.014206432205152652
0.16935578341983654, 0.35555555555555557, 0.0012889361786219463
0.1488226291443377, 0.35555555555555557, 0.031780354812584385
0.30517439610577024, 0.35555555555555557, 0.005169976114079373
0.28665715650079937, 0.35555555555555557, 0.0025340210292109453
0.15597839962486196, 0.35555555555555557, 0.009927695999940346
0.18537215163913057, 0.35555555555555557, 0.0075345823111807
0.1794309125700731, 0.35555555555555557, 0.004545535460114307
0.20293932282053453, 0.35555555555555557, 0.00842633715891017
0.19318905238220785, 0.35555555555555557, 0.0027359783118214315
0.20603478911768744, 0.35555555555555557, 0.01534617979469648
0.26030467686492753, 0.35555555555555557, 0.004067964774819719
0.19121959459603913, 0.35555555555555557, 0.009118193704863544
0.21051969042796131, 0.35555555555555557, 0.0028999816080926095
0.1394707975436171, 0.35555555555555557, 0.008772130700356592
0.17617564267350905, 0.35555555555555557, 0.0020469919684173252
0.18176379276235136, 0.35555555555555557, 0.02214373254995593
0.18458961611511657, 0.35555555555555557, 0.0024871234230150843
0.16699384350280494, 0.35555555555555557, 0.00204873734929474
0.14370256920517138, 0.35555555555555557, 0.0036403428099918995
0.240918210611, 0.35555555555555557, 0.0005680689265459111
0.22706179654425757, 0.35555555555555557, 0.00428478866510356
0.16311234358312793, 0.35555555555555557, 0.006851923338430234
0.1658932300510477, 0.35555555555555557, 0.007590131328513717
0.17073865269563002, 0.35555555555555557, 0.00534805609481843
0.2281435354349134, 0.35555555555555557, 0.01101338837401653
0.17930242118067508, 0.35555555555555557, 0.007206719414710592
0.17700128722225858, 0.35555555555555557, 0.0008349592874179311
0.14928596841726927, 0.35555555555555557, 0.006607937230510841
0.2563196801354625, 0.35555555555555557, 0.008522726498331069
0.29319089862655207, 0.35555555555555557, 0.0036186305985477733
0.2274606165586694, 0.35555555555555557, 0.005274901264151751
0.20790764652843677, 0.35555555555555557, 0.0021093214131736454
0.16394107321570245, 0.35555555555555557, 0.022855647060147075
0.2112467724268169, 0.35555555555555557, 0.003304993186923359
0.2227337346239936, 0.35555555555555557, 0.006352589623313333
0.28160510221028756, 0.35555555555555557, 0.0040955435834605074
0.2324656077693131, 0.35555555555555557, 0.002840668331726857
0.2804204032410712, 0.35555555555555557, 0.010554941251157964
0.23401304949594443, 0.35555555555555557, 0.000708674321941856
0.18523137960669012, 0.35555555555555557, 0.0030132130091375282
0.22297444360586977, 0.35555555555555557, 0.039965875206463185
0.16373341817427034, 0.35555555555555557, 0.0004819016134788653
0.12174388419047419, 0.35555555555555557, 0.0224174821505833
0.1492931078627247, 0.35555555555555557, 0.00266783837997869
0.12486581637289412, 0.35555555555555557, 0.005850306526588358
0.28075735124179035, 0.35555555555555557, 0.007258031812592636
0.19968590320169766, 0.35555555555555557, 0.002169551291037926
0.21264351371313459, 0.35555555555555557, 0.0004625149908001009
0.2125909201105161, 0.35555555555555557, 0.002887782450588524
0.1991064381271533, 0.35555555555555557, 0.008696517803118618
0.21258136259577715, 0.35555555555555557, 0.01162192159309896
0.20092335792789617, 0.35555555555555557, 0.003391274287179003
0.26955972788910776, 0.35555555555555557, 0.003643011901196387
0.2546069832299491, 0.35555555555555557, 0.004735765026885575
0.20672926098315259, 0.35555555555555557, 0.009847723881591157
0.18246622866912604, 0.35555555555555557, 0.0021588262277062544
0.21093545029493288, 0.35555555555555557, 0.009534479963660646
0.15566762954047608, 0.35555555555555557, 0.0005921685318711919
0.2050876560818157, 0.35555555555555557, 0.0025196895546026996
0.1690488843297362, 0.35555555555555557, 0.0010662881361702635
0.17632989022070686, 0.35555555555555557, 0.00328250319292836
0.11480363151016032, 0.35555555555555557, 0.012662604651371274
0.1794536573130489, 0.35555555555555557, 0.01372031069537168
0.2850518109282147, 0.35555555555555557, 0.006997118207240453
0.25389810442576266, 0.35555555555555557, 0.01285607943908626
0.17727953923949574, 0.35555555555555557, 0.00834199042778581
0.25439743130553266, 0.35555555555555557, 0.00030190472352280593
0.2290649678326217, 0.35555555555555557, 0.007221517172883649
0.16203564513850066, 0.35555555555555557, 0.003910248519325901
0.19371735381349917, 0.35555555555555557, 0.00436493404446743
0.2792220290936652, 0.35555555555555557, 0.003604190290662035
0.1539480903696258, 0.35555555555555557, 0.009270067664591323
0.18748558998200915, 0.35555555555555557, 0.0002168209632858709
0.2615425847386681, 0.35555555555555557, 0.014794267606020019
0.2182272717808873, 0.35555555555555557, 0.0006489173419501889
0.08952153593213721, 0.35555555555555557, 0.00815354779254133
0.16698171605124215, 0.35555555555555557, 0.005571535168029099
0.1891786120275677, 0.35555555555555557, 0.009689135924868702
0.2183634851324163, 0.35555555555555557, 0.004724294540998897
0.18062000029505748, 0.35555555555555557, 0.023443295530798342
0.20456139993561914, 0.35555555555555557, 0.010779020538802699
0.2350957120664062, 0.35555555555555557, 0.005442571932106092
0.10600269185320495, 0.35555555555555557, 0.0278999713881026
0.2908842756395621, 0.35555555555555557, 0.01580282499205582
0.2810373952216677, 0.35555555555555557, 0.006855171544401213
0.2077016914160777, 0.35555555555555557, 0.011833334987977976
0.22290315412501932, 0.35555555555555557, 0.002962807344792881
0.14838738067254476, 0.35555555555555557, 0.0013038747376735529
0.19825467956669438, 0.35555555555555557, 0.013827143788884213
0.21167216950620882, 0.35555555555555557, 0.004426303639205202
0.20971532094964346, 0.35555555555555557, 0.014683490214665015
0.2116142518574332, 0.35555555555555557, 0.004241824793570207
0.2249800079226369, 0.35555555555555557, 0.013073414792062251
0.15843777493488403, 0.35555555555555557, 0.0028682399365566
0.19379810364355296, 0.35555555555555557, 0.015333652357834576
0.19753832640033414, 0.35555555555555557, 0.002378733888887523
0.24542932618186897, 0.35555555555555557, 0.004540685757123773
0.18425317995988857, 0.35555555555555557, 0.035467102854757314
0.22836931042271705, 0.35555555555555557, 0.007445775907888996
0.19681986700495704, 0.35555555555555557, 0.005494182561618002
0.1954806193952278, 0.35555555555555557, 0.008651100099131082
0.15881446375949368, 0.35555555555555557, 0.0054841782045254184
0.0949258678311741, 0.35555555555555557, 0.0051167095930298705
0.2082526210303617, 0.35555555555555557, 0.0048476399778413105
0.24170893099959762, 0.35555555555555557, 0.004120105408949685
0.14331996608092812, 0.35555555555555557, 0.002395440210129062
0.1320891183045233, 0.35555555555555557, 0.011070717198447128
0.2283587630221423, 0.35555555555555557, 0.007723753113698107
0.2809357275225513, 0.35555555555555557, 0.002833446693667923
0.22231858249769454, 0.35555555555555557, 0.007548729992232975
0.2927018611497688, 0.35555555555555557, 0.01579052719525858
0.17291124910015826, 0.35555555555555557, 0.004430403220949186
0.21895643066021553, 0.35555555555555557, 0.0004416670922869244
0.14885496705460396, 0.35555555555555557, 0.025276855670675315
0.1821748184707079, 0.35555555555555557, 0.010576656339744743
0.26172137777398796, 0.35555555555555557, 0.0008270632936172775
0.11953613774178128, 0.35555555555555557, 0.0037605624638638296
0.21396732614251382, 0.35555555555555557, 0.008137959083766398
0.14406478148528518, 0.35555555555555557, 0.014400082702874436
0.23305558304984608, 0.35555555555555557, 0.007050087574713665
0.2289472896351484, 0.35555555555555557, 0.0082368185784534
0.2000968866487394, 0.35555555555555557, 0.022357115233978524
0.17878302890629363, 0.35555555555555557, 0.009308357034446681
0.22947293867906102, 0.35555555555555557, 0.0014982906632147381
0.30091160535293326, 0.35555555555555557, 0.012274258616148078
0.19494298967954377, 0.35555555555555557, 0.014775581539761785
0.21956930642340594, 0.35555555555555557, 0.0028276100511847218
0.1354769938216649, 0.35555555555555557, 0.0031608252487350472
0.25163776190895254, 0.35555555555555557, 0.0012120939899668355
0.22350937687673977, 0.35555555555555557, 0.0041619463153711265
0.18442975946591383, 0.35555555555555557, 0.006511200781064239
0.2293703120521811, 0.35555555555555557, 0.001818510973513805
0.18975433247214735, 0.35555555555555557, 0.011782182948321483
0.19698722160128282, 0.35555555555555557, 0.022894516569509072
0.21588720651746882, 0.35555555555555557, 0.025407391542118206
0.17211615913925715, 0.35555555555555557, 0.00022492401263134884
0.14119875627160783, 0.35555555555555557, 0.0070649542391924445
0.19379027212907357, 0.35555555555555557, 0.005566240127733374
0.2515766050388844, 0.35555555555555557, 0.00840376505970025
0.11931437856309157, 0.35555555555555557, 0.004580716713364783
0.19316960126204807, 0.35555555555555557, 0.006491243865972682
0.17634969056506591, 0.35555555555555557, 0.0010386335814751748
0.14995538025511018, 0.35555555555555557, 0.0008364748598212919
0.20225940085968513, 0.35555555555555557, 0.004775704089665477
0.24444174223682386, 0.35555555555555557, 0.012034103640934483
0.17972837682037085, 0.35555555555555557, 0.003004588557785249
0.27653629205545294, 0.35555555555555557, 0.0042234174629303565
0.22822927064062384, 0.35555555555555557, 0.0013472368361723338
0.1786095478770378, 0.35555555555555557, 0.0031706665127172943
0.18034030092874792, 0.35555555555555557, 0.008657111594962937
0.1611899403018352, 0.35555555555555557, 0.004094181421272203
0.24340772663541485, 0.35555555555555557, 0.0017762338035409958
0.20278387294798086, 0.35555555555555557, 0.011562840426747325
0.2940269208212765, 0.35555555555555557, 0.010792964220101873
0.20783986989233783, 0.35555555555555557, 0.012704588857462652
0.19199393519666386, 0.35555555555555557, 0.023506517331176202
0.20387952909331575, 0.35555555555555557, 0.01490386108114744
0.2305362797489315, 0.35555555555555557, 0.01231867728758082
0.15189795836925693, 0.35555555555555557, 0.01609919420643669
0.21900236019809544, 0.35555555555555557, 0.0018721711324501836
0.17222671747505947, 0.35555555555555557, 0.0008016717423247141
0.2598132204099477, 0.35555555555555557, 0.013153876551604372
0.22087339299555436, 0.35555555555555557, 0.0019325507020557908
0.19370788147919815, 0.35555555555555557, 0.03147668650767208
0.20857673049572803, 0.35555555555555557, 0.0011572778305422098
0.20343520001929646, 0.35555555555555557, 0.001499059495225552
0.18360154417031166, 0.35555555555555557, 0.01331885988182748
0.17759079572942194, 0.35555555555555557, 0.0005927369607501357
0.14311760324397757, 0.35555555555555557, 0.0017675538108851152
0.13852995371851837, 0.35555555555555557, 0.013322144091503063
0.17513907379496774, 0.35555555555555557, 0.010497929781612483
0.20126205998817662, 0.35555555555555557, 0.0035241310633059458
0.19220421792658712, 0.35555555555555557, 0.0013779265125517636
0.1695553611414643, 0.35555555555555557, 0.020006212134108865
0.19352081961265744, 0.35555555555555557, 0.022983086917405342
0.255843028936522, 0.35555555555555557, 0.0012390921508809813
0.27038465703318637, 0.35555555555555557, 0.00346055671436579
0.22053868952355835, 0.35555555555555557, 0.017134046933593553
0.2144466511450018, 0.35555555555555557, 0.0032958513113009826
0.20209020587101895, 0.35555555555555557, 0.01161444271276782
0.21854419405603678, 0.35555555555555557, 0.005074143295912604
0.18534813300067834, 0.35555555555555557, 0.009539540953155573
0.2796019977308526, 0.35555555555555557, 0.01794098943268975
0.22938272189766923, 0.35555555555555557, 0.022529935698378314
0.16278870257558423, 0.35555555555555557, 0.00636011100146849
0.25897235152968257, 0.35555555555555557, 0.008300451542719491
0.19506065368032136, 0.35555555555555557, 0.0022249876159099987
0.28931433780248517, 0.35555555555555557, 0.00261074305235436
0.16763144444410663, 0.35555555555555557, 0.0025020589486738167
0.3066643623250689, 0.35555555555555557, 0.023852679612105094
0.2429769940758567, 0.35555555555555557, 0.006873307771651301
0.2506676346683107, 0.35555555555555557, 0.0010154238057886622
0.10924786861150557, 0.35555555555555557, 0.004441722239997995
0.1857914204832134, 0.35555555555555557, 6.92044604430278e-05
0.24859997538858736, 0.35555555555555557, 0.018404773032096665
0.16870227493386755, 0.35555555555555557, 0.0021613871905800585
0.13677879487127143, 0.35555555555555557, 0.0040026543068799655
0.11199428390014396, 0.35555555555555557, 0.0075618343743967375
0.14671184205918888, 0.35555555555555557, 0.01029335239604221
0.24039353655957427, 0.35555555555555557, 0.0052412938719603236
0.20264828233101145, 0.35555555555555557, 0.0015010798576874063
0.18137307348250808, 0.35555555555555557, 0.0017424599602784928
0.2751589025310017, 0.35555555555555557, 0.008872708724572848
0.2294792335289449, 0.35555555555555557, 0.03666612341675249
0.1924905816216884, 0.35555555555555557, 0.00610349901778171
0.20243744192292298, 0.35555555555555557, 0.017383547431201175
0.16983278637615923, 0.35555555555555557, 0.00384968711648224
0.18673525296042873, 0.35555555555555557, 0.0005144315870411837
0.21726601131112588, 0.35555555555555557, 0.0008400584263540859
0.1920137453349339, 0.35555555555555557, 0.0011067906153157771
0.17895793364846146, 0.35555555555555557, 0.0004126175127295799
0.22676119827378, 0.35555555555555557, 0.0020218074926914033
0.1949291238285706, 0.35555555555555557, 0.008484817733614983
0.22071040972153916, 0.35555555555555557, 0.0008968843445607028
0.21839510295791362, 0.35555555555555557, 0.0005661391424349802
0.20417905468757663, 0.35555555555555557, 0.013671768260082266
0.14188256017269427, 0.35555555555555557, 0.0005396021022794441
0.16390024322082586, 0.35555555555555557, 0.0014810459861423597
0.24677410188640908, 0.35555555555555557, 0.0034033226174383763
0.21356971623812343, 0.35555555555555557, 0.009346979139804645
0.23320979366550373, 0.35555555555555557, 0.006778789212810553
0.18504955635170395, 0.35555555555555557, 0.0015376501354981344
0.1807100885610334, 0.35555555555555557, 0.02015151932721432
0.17801476912856268, 0.35555555555555557, 0.009965814025779337
0.19864079591661693, 0.35555555555555557, 0.007893166847397905
0.28623472077990325, 0.35555555555555557, 0.007972170469185792
0.17410245877344024, 0.35555555555555557, 0.0037992363621673153
0.06415914188622063, 0.35555555555555557, 0.007091640755684134
0.3120846516277147, 0.35555555555555557, 0.0037717499879469708
0.10521600680213589, 0.35555555555555557, 0.012524679769093727
0.15803555210444978, 0.35555555555555557, 0.021493212636052007
0.14330620237612587, 0.35555555555555557, 0.01758778821717229
0.16461934351945057, 0.35555555555555557, 0.0013065716804726174
0.16459873337513586, 0.35555555555555557, 0.00946687165791495
0.210783874635605, 0.35555555555555557, 0.003681743041013023
0.23285829783236783, 0.35555555555555557, 0.007524647485194711
0.18701209874651525, 0.35555555555555557, 0.0018302276711210867
0.16284441860983662, 0.35555555555555557, 0.0032856717365608813
0.19576519008743073, 0.35555555555555557, 0.0019658638629174822
0.20898799523369044, 0.35555555555555557, 0.010241597661174277
0.31592687221212373, 0.35555555555555557, 0.01863924080379671
0.24012954953801866, 0.35555555555555557, 0.003626820183340743
0.12003345919795548, 0.35555555555555557, 0.0030415677616565744
0.16673045920898866, 0.35555555555555557, 0.0070995026337825696
0.14869487003059267, 0.35555555555555557, 0.02589809177982191
0.16583267322804796, 0.35555555555555557, 0.013593096646640844
0.1643712887205462, 0.35555555555555557, 0.00448634120311067
0.21506524020441142, 0.35555555555555557, 0.009003827941213315
0.18452464594336182, 0.35555555555555557, 0.007136588457675014
0.13155412567473795, 0.35555555555555557, 0.0015497277337774215
0.15955813767990257, 0.35555555555555557, 0.015231217240965291
0.17680833904449555, 0.35555555555555557, 0.003033095991916956
0.15087378930113582, 0.35555555555555557, 0.009149690799318478
0.22648916123173418, 0.35555555555555557, 0.0008878472230607566
0.20256142952023096, 0.35555555555555557, 0.00012201112737007809
0.15391318973377874, 0.35555555555555557, 0.008165418989548458
0.17724101141162857, 0.35555555555555557, 0.0005181314588437022
0.1944903231164812, 0.35555555555555557, 0.0014876808704174785
0.2204798135183469, 0.35555555555555557, 0.010366014584875377
0.2716089417970359, 0.35555555555555557, 0.0026153345624922455
0.1981693529277857, 0.35555555555555557, 0.0008441611701900607
0.2825646517048259, 0.35555555555555557, 0.006753581495867319
0.21635729403878018, 0.35555555555555557, 0.005902089058044551
0.10641614733788256, 0.35555555555555557, 0.009704445319947236
0.19915740354227826, 0.35555555555555557, 0.009628111460670113
0.23213347841504928, 0.35555555555555557, 0.015797574602810796
0.2309866572465652, 0.35555555555555557, 0.005347651174054537
0.18655944930968632, 0.35555555555555557, 0.0020434339136294094
0.15760594505676204, 0.35555555555555557, 0.002415604042213858
0.10069760113282542, 0.35555555555555557, 0.00033779215242886153
0.13970044047566665, 0.35555555555555557, 0.016419669561039556
0.32778225253700916, 0.35555555555555557, 0.005539602664632417
0.18671711620900852, 0.35555555555555557, 0.006488005417893476
0.16533069629467623, 0.35555555555555557, 0.017108544395179667
0.187610787734991, 0.35555555555555557, 0.016714389028118733
0.32445537768611143, 0.35555555555555557, 0.0037801285796475992
0.24490854146739716, 0.35555555555555557, 0.016571402218309723
0.10098409462501422, 0.35555555555555557, 0.027712510934971506
0.14159346312930032, 0.35555555555555557, 0.0019481793187453224
0.26475505235884433, 0.35555555555555557, 0.002165196237679687
0.25802273618967003, 0.35555555555555557, 0.004061717163424452
0.27265605974620666, 0.35555555555555557, 0.012099896112378954
0.23900191588115532, 0.35555555555555557, 0.0023702205950138196
0.19037318600404998, 0.35555555555555557, 0.005644448213122372
0.23609368349300214, 0.35555555555555557, 0.0005046485197172621
0.17360169540176035, 0.35555555555555557, 0.007383038273503106
0.25004993917378826, 0.35555555555555557, 0.0039029581648573055
0.24123223281220174, 0.35555555555555557, 0.006986976569595987
0.15829734553894725, 0.35555555555555557, 0.0024778670692086656
0.18234752358784118, 0.35555555555555557, 0.004858219448531241
0.16391417370483624, 0.35555555555555557, 0.0020508603416166636
0.18970608308398898, 0.35555555555555557, 0.0021177387447570053
0.2562964557806, 0.35555555555555557, 0.004165515398435129
0.23289848678609543, 0.35555555555555557, 0.005508368475352193
0.23159960798072948, 0.35555555555555557, 0.001214264694958875
0.14199914349241838, 0.35555555555555557, 0.009552960377429634
0.20226880253940527, 0.35555555555555557, 0.008255142829506462
0.21063636254136386, 0.35555555555555557, 0.012313364603503464
0.15412313775556874, 0.35555555555555557, 0.0058190755641925425
0.1747232857519272, 0.35555555555555557, 0.0010282424734191066
0.3258754263941971, 0.35555555555555557, 0.004158125840525036
0.19112761507514278, 0.35555555555555557, 0.013411732851986139
0.20970798121702736, 0.35555555555555557, 0.00178633364670458
0.25367196623993843, 0.35555555555555557, 0.011118353549554812
0.23914897492049314, 0.35555555555555557, 0.0060051843659243015
0.19545815813752396, 0.35555555555555557, 0.011580443870240932
0.22785056763074962, 0.35555555555555557, 0.009286854614250533
0.29761344936390544, 0.35555555555555557, 0.05270496539560118
0.16766479954140967, 0.35555555555555557, 0.004976453359108295
0.1740094358527941, 0.35555555555555557, 0.010863139428384619
0.28851101228004544, 0.35555555555555557, 0.001373464846387626
0.2994253334882702, 0.35555555555555557, 0.007169270889426897
0.16091904433348142, 0.35555555555555557, 0.007593732056557005
0.315327768752712, 0.35555555555555557, 0.005246803141109972
0.16356183301716393, 0.35555555555555557, 0.007607778161710916
0.18833328552625944, 0.35555555555555557, 0.0317436920043743
0.2400910935942871, 0.35555555555555557, 0.0016603495236140154
0.13890946913597488, 0.35555555555555557, 0.0032613510464791283
0.20187668499509, 0.35555555555555557, 0.0185534237632119
0.17415095378045467, 0.35555555555555557, 0.0005608787241028772
0.2098558198676297, 0.35555555555555557, 0.000857354290567107
0.16871809819932168, 0.35555555555555557, 0.0010017727468997297
0.18753279874602527, 0.35555555555555557, 0.007068156099872155
0.2096007142273736, 0.35555555555555557, 0.019121632631171875
0.25466836169982326, 0.35555555555555557, 0.0014175015572420017
0.20788739353538588, 0.35555555555555557, 0.004975069459696209
0.16028009205027055, 0.35555555555555557, 0.004820988104241487
0.2124797415100064, 0.35555555555555557, 0.011246730517738283
0.2226638641936859, 0.35555555555555557, 0.012977090263440872
0.23379233545480682, 0.35555555555555557, 0.014419665248694863
0.23658733245903707, 0.35555555555555557, 0.00016837371603350602
0.27816592562251474, 0.35555555555555557, 0.01771869721917962
0.1561401516480169, 0.35555555555555557, 0.010298876836340011
0.28239767890958434, 0.35555555555555557, 0.0020447293043666637
0.15922309341154053, 0.35555555555555557, 0.0004643421597481806
0.16507594891685023, 0.35555555555555557, 0.030241947985020345
0.22615706448571807, 0.35555555555555557, 0.004013476219652544
0.20607893474104902, 0.35555555555555557, 0.008617436806813455
0.17031517494481885, 0.35555555555555557, 0.010571453868200768
0.15627454343156877, 0.35555555555555557, 0.010625552851348103
0.29906955107593014, 0.35555555555555557, 0.005400092624300201
0.12975602829365146, 0.35555555555555557, 0.012102619768481603
0.28020090293726935, 0.35555555555555557, 0.0035976585483027683
0.23179386677925162, 0.35555555555555557, 0.01900151486368783
0.23429354678449016, 0.35555555555555557, 0.0037784317680038234
0.23973497484007403, 0.35555555555555557, 0.00638644045592769
0.18474587797805953, 0.35555555555555557, 0.0024477761845451773
0.2293489028458649, 0.35555555555555557, 0.001254043723689265
0.17418301328476216, 0.35555555555555557, 0.0028333330518857574
0.3126916018479247, 0.35555555555555557, 0.0006220058267218637
0.18850002074517172, 0.35555555555555557, 0.005984826365161552
0.2954736967336222, 0.35555555555555557, 0.015507594231751637
0.19373994070153144, 0.35555555555555557, 0.004976986618768696
0.29414939901765663, 0.35555555555555557, 0.003742749643260045
0.20393945087673765, 0.35555555555555557, 0.011045195833868364
0.26534560839409616, 0.35555555555555557, 0.0026572510521486346
0.2053982983823753, 0.35555555555555557, 0.005424009050596889
0.25826824153563427, 0.35555555555555557, 0.0006775887607949513
0.2508680925334331, 0.35555555555555557, 0.0023417151409054838
0.29440479042978274, 0.35555555555555557, 0.007072443685331601
0.08640355624974239, 0.35555555555555557, 0.01062711720767221
0.18160519848628562, 0.35555555555555557, 0.016473628452441724
0.2278420538098309, 0.35555555555555557, 0.006849399266943801
0.17070984315436502, 0.35555555555555557, 0.021149196200873344
0.19918710494792968, 0.35555555555555557, 0.001846015673990646
0.2541461484057015, 0.35555555555555557, 0.0011314379639270759
0.23285914347788098, 0.35555555555555557, 0.00019118077718132548
0.11734516669704079, 0.35555555555555557, 0.000250910787130697
0.19839983288768678, 0.35555555555555557, 0.0006846560185500604
0.20291332982925586, 0.35555555555555557, 0.007294708812248049
0.1331309100128782, 0.35555555555555557, 0.0058049017856420145
0.19064023218873688, 0.35555555555555557, 0.0017737938140137608
0.18092443352913826, 0.35555555555555557, 0.007537625495902793
0.21770331206782984, 0.35555555555555557, 0.0027465500441966224
0.17650537818392217, 0.35555555555555557, 0.0019083696946480238
0.17110122045635126, 0.35555555555555557, 0.00012461768966009261
0.21949871132473014, 0.35555555555555557, 0.003218026132874509
0.2442483003782794, 0.35555555555555557, 0.0029078165619478707
0.09855968795601609, 0.35555555555555557, 0.016806194102470157
0.19132453108915237, 0.35555555555555557, 0.014281566048840516
0.23163616150164917, 0.35555555555555557, 0.0037596260787512883
0.21607048851041327, 0.35555555555555557, 0.0004841039619276908
0.19409387698830713, 0.35555555555555557, 0.004114199649086736
0.2733855089489602, 0.35555555555555557, 0.0015464279842049662
0.321911944983939, 0.35555555555555557, 0.001642950382033185
0.30564244419812236, 0.35555555555555557, 0.002792729025618403
0.1653122081845156, 0.35555555555555557, 0.0012943663562414252
0.11202733261913102, 0.35555555555555557, 0.0005009243910565321
0.19830392932604501, 0.35555555555555557, 0.007659449236792235
0.22202247539315284, 0.35555555555555557, 9.84232486362624e-05
0.1792926880376431, 0.35555555555555557, 0.035267130934662334
0.2247765928353977, 0.35555555555555557, 0.01639850180778411
0.218830032542984, 0.35555555555555557, 0.004912898746210781
0.192650651720226, 0.35555555555555557, 0.0009877025517478807
0.18168396641868215, 0.35555555555555557, 0.047023034850435096
0.20525817427447543, 0.35555555555555557, 0.008025032234659873
0.21696521507273325, 0.35555555555555557, 0.008765607089210446
0.19552795784862362, 0.35555555555555557, 0.0038192169784464435
0.19543435908304851, 0.35555555555555557, 0.0027449363987206406
0.2117334332653369, 0.35555555555555557, 0.003965120739104359
0.31047070492166395, 0.35555555555555557, 0.008135393079305497
0.2305425771459632, 0.35555555555555557, 0.00619924550859265
0.2203343597481922, 0.35555555555555557, 0.003336994025417913
0.26799979091502896, 0.35555555555555557, 0.021920041752807307
0.24067475669867067, 0.35555555555555557, 0.012491757013470984
0.2066694359232694, 0.35555555555555557, 0.011407096403272997
0.17080701150447075, 0.35555555555555557, 0.031760494164294856
0.14738749736967588, 0.35555555555555557, 0.00953299183327673
0.22128160063093477, 0.35555555555555557, 0.004752807090416168
0.25766935936986873, 0.35555555555555557, 0.0023095226656403988
0.10505427142344463, 0.35555555555555557, 0.00048310481140697935
0.31582851211936014, 0.35555555555555557, 0.00878967263933227
0.191194008832796, 0.35555555555555557, 0.00798154606823968
0.14481889779458787, 0.35555555555555557, 0.0025845292186740384
0.25660302224350956, 0.35555555555555557, 0.001158634010775582
0.20626446633259649, 0.35555555555555557, 0.021975264644586982
0.17746918062163247, 0.35555555555555557, 0.009806371574873277
0.10385840208615742, 0.35555555555555557, 0.023230478410486154
0.18223501744677437, 0.35555555555555557, 0.007708765510261072
0.16957291175188882, 0.35555555555555557, 0.009403050129219215
0.15365433142771248, 0.35555555555555557, 0.017435684755433906
0.25820138945964655, 0.35555555555555557, 0.0007327786388583365
0.2977703065342412, 0.35555555555555557, 0.00707193333360831
0.1797942975994774, 0.35555555555555557, 0.016242056356820956
0.16624100067766334, 0.35555555555555557, 0.006238801241352452
0.15311464749676396, 0.35555555555555557, 0.0023403328898287
0.1541064164472264, 0.35555555555555557, 0.02336913822899198
0.1313735817526817, 0.35555555555555557, 0.0001405662256837899
0.17672247848468092, 0.35555555555555557, 0.0009333777873454697
0.23309460078694633, 0.35555555555555557, 0.010488026945174056
0.21747604639460238, 0.35555555555555557, 0.008056644555826392
0.14091838882923796, 0.35555555555555557, 0.005087880067759586
0.17806211507242797, 0.35555555555555557, 0.006248323408907716
0.168738514240236, 0.35555555555555557, 0.0004149904938945221
0.28783241999267156, 0.35555555555555557, 0.003365995766667122
0.20823858481352875, 0.35555555555555557, 0.004609314000577855
0.20987535365181287, 0.35555555555555557, 0.03994774304909784
0.2675239611681115, 0.35555555555555557, 0.008978001768488229
0.1472164088494443, 0.35555555555555557, 0.014145406293466731
0.18465159071989926, 0.35555555555555557, 0.010542947692442703
0.2787509723431158, 0.35555555555555557, 0.011818495370523756
0.22540877555212996, 0.35555555555555557, 0.0015441166993271473
0.31934575502160767, 0.35555555555555557, 0.0200497520048393
0.24467214247100183, 0.35555555555555557, 0.021608530828537042
0.2054784343017913, 0.35555555555555557, 0.007695336481163392
0.19065404542245326, 0.35555555555555557, 0.009390654529821107
0.248589676450911, 0.35555555555555557, 0.04426830833439801
0.23589758870390876, 0.35555555555555557, 0.009153552640088578
0.23690380467963112, 0.35555555555555557, 0.018463463863247244
0.23243430224185616, 0.35555555555555557, 0.0032710084557290237
0.20783324570964032, 0.35555555555555557, 0.002087150618172032
0.17262060245275124, 0.35555555555555557, 0.009629848249075415
0.24185640237705436, 0.35555555555555557, 0.020159230181388644
0.22249099615467693, 0.35555555555555557, 0.010708850231426266
0.14948579505029214, 0.35555555555555557, 0.009522174208812881
0.24324567829558674, 0.35555555555555557, 0.013413080330548168
0.17597545388258615, 0.35555555555555557, 0.001409785752605562
0.06767302766692057, 0.35555555555555557, 0.024220634723358826
0.13712501553381543, 0.35555555555555557, 0.001953308889066364
0.09983247835184555, 0.35555555555555557, 0.013351055096285364
0.18048172120853945, 0.35555555555555557, 0.01212960049375142
0.18014187421768696, 0.35555555555555557, 0.005220379703203119
0.1963743541150017, 0.35555555555555557, 0.010877517002570848
0.21214943127017016, 0.35555555555555557, 0.0026310416612676897
0.13864292516950683, 0.35555555555555557, 0.004367102084171689
0.31155572511216867, 0.35555555555555557, 0.007035870515997254
0.2145921755295574, 0.35555555555555557, 0.004173957140678866
0.2645309255943398, 0.35555555555555557, 0.018438259903955322
0.24381553929297786, 0.35555555555555557, 0.013393434379163474
0.20105315766100856, 0.35555555555555557, 0.0009321700525971746
0.16535720339932236, 0.35555555555555557, 0.04037055455056367
0.19425989008536557, 0.35555555555555557, 3.167048117590847e-05
0.196089948905303, 0.35555555555555557, 0.004582617936780945
0.26875519765471134, 0.35555555555555557, 0.0025842729355974097
0.19887837307662684, 0.35555555555555557, 0.005329846747348226
0.12444250113956881, 0.35555555555555557, 0.00914562318811064
0.24107789585383796, 0.35555555555555557, 0.0009177479492650839
0.22083285404252068, 0.35555555555555557, 0.01810654574884348
0.18336129421301883, 0.35555555555555557, 0.00551933555821569
0.15103162142029317, 0.35555555555555557, 0.001889179886495051
0.12295362662886283, 0.35555555555555557, 0.012366797889066278
0.2523516423831655, 0.35555555555555557, 0.003672176316825117
0.18589797376377684, 0.35555555555555557, 0.012670130845179263
0.24734912392873223, 0.35555555555555557, 0.005998142273146889
0.2275389207613096, 0.35555555555555557, 0.002197342965749754
0.15589750691389623, 0.35555555555555557, 0.011551885362451863
0.15672671360153378, 0.35555555555555557, 0.0008951897985061016
0.1849455700520171, 0.35555555555555557, 0.009851942504865308
0.06398205069550522, 0.35555555555555557, 0.013814067872133868
0.1976741389034107, 0.35555555555555557, 0.024997176301684812
0.2680341519982146, 0.35555555555555557, 0.007849092571729253
0.21709570600651765, 0.35555555555555557, 0.0008270785104483369
0.14447814886771887, 0.35555555555555557, 0.009364030364509382
0.16731733020738027, 0.35555555555555557, 0.0015386727812870345
0.22816985240732823, 0.35555555555555557, 0.0036132161053948945
0.16019650781551442, 0.35555555555555557, 0.01245935220288415
0.1980875305443489, 0.35555555555555557, 0.011436334400242101
0.14879241874921148, 0.35555555555555557, 0.00292069630906544
0.3858836229247873, 0.35555555555555557, 0.018976116071440383
0.2079482702841323, 0.35555555555555557, 0.0024836465130930376
0.2259964005679232, 0.35555555555555557, 0.02517717454701957
0.13719180038578732, 0.35555555555555557, 0.0015837449679151436
0.15097942462687386, 0.35555555555555557, 0.023024031587136472
0.19809529334112572, 0.35555555555555557, 0.008204957754507226
0.1563731316726831, 0.35555555555555557, 0.0025150216059726233
0.12059904819756818, 0.35555555555555557, 0.011404240719347893
0.21318429132364197, 0.35555555555555557, 0.013020507401896822
0.1841095485900631, 0.35555555555555557, 0.027936388228672077
0.17513717746117366, 0.35555555555555557, 0.009563727401137848
0.20157424135742547, 0.35555555555555557, 0.030706628180233963
0.24811801003132067, 0.35555555555555557, 0.007746653092122148
0.1484551590160861, 0.35555555555555557, 0.02458228864015159
0.21816513412951566, 0.35555555555555557, 0.004354935783918785
0.1598987127533772, 0.35555555555555557, 0.0014968087723517627
0.20058959664487597, 0.35555555555555557, 0.025481393417654614
0.20200698238495335, 0.35555555555555557, 0.026177027107387455
0.24019480329739762, 0.35555555555555557, 0.0010879720957736206
0.2065557902701582, 0.35555555555555557, 0.017352540821799774
0.20504733300799505, 0.35555555555555557, 0.003114671183120116
0.23966106392226214, 0.35555555555555557, 0.018511230040753366
0.2797633143014409, 0.35555555555555557, 0.03613216195509205
0.29114519732087596, 0.35555555555555557, 0.0028794975326872033
0.18680108410209142, 0.35555555555555557, 0.012821965361676995
0.17103710536898395, 0.35555555555555557, 0.009294346412912853
0.20509188195333522, 0.35555555555555557, 0.0131370626145699
0.1945734409766232, 0.35555555555555557, 0.011403671068226299
0.19227818080166434, 0.35555555555555557, 0.011656286898089204
0.13277372181207409, 0.35555555555555557, 0.01458947580472824
0.25335115291300286, 0.35555555555555557, 0.006368226118779532
0.16405564221338637, 0.35555555555555557, 0.002276620047492362
0.22434277289153995, 0.35555555555555557, 0.011114238215282847
0.2366565574720963, 0.35555555555555557, 0.005445276742955757
0.20935204796108334, 0.35555555555555557, 0.012888894944339997
0.18944752088163164, 0.35555555555555557, 0.009888775665712729
0.1682446998961653, 0.35555555555555557, 0.009513396962521995
0.22472584605829504, 0.35555555555555557, 0.010725647727289076
0.24918526385536138, 0.35555555555555557, 0.01783999097000534
0.11864985383636767, 0.35555555555555557, 0.05769066205506781
0.1786053599211011, 0.35555555555555557, 0.011307242068873593
0.23146412875516692, 0.35555555555555557, 0.012071024288411402
0.24283671013788216, 0.35555555555555557, 0.007073826248626919
0.26540609870792875, 0.35555555555555557, 0.008660218721417815
0.04718482717112099, 0.35555555555555557, 0.008449988355184975
0.19907628782617182, 0.35555555555555557, 0.0020455515741575393
0.19077797273082947, 0.35555555555555557, 0.04844248839780568
0.19579043675601152, 0.35555555555555557, 0.016183606207323363
0.16685745163564353, 0.35555555555555557, 0.02123325420250071
0.24791025331639582, 0.35555555555555557, 0.0053115054115957525
0.24355609797486677, 0.35555555555555557, 0.0026835849541082895
0.09657554213655212, 0.35555555555555557, 0.0024248808676751573
0.09206925484991486, 0.35555555555555557, 0.006328068507296704
0.2635474480672374, 0.35555555555555557, 0.002777469045889458
0.07850271543191188, 0.35555555555555557, 0.007077754749915447
0.23904556564616183, 0.35555555555555557, 0.0008773557423483084
0.1552054258519141, 0.35555555555555557, 0.0010556047301171951
0.2705677744242565, 0.35555555555555557, 0.008576126556883504
0.18772540018566086, 0.35555555555555557, 0.0003039515906674445
0.15669427044843806, 0.35555555555555557, 0.008066547105902816
0.15334848146777036, 0.35555555555555557, 0.008424601814194712
0.19162851559433475, 0.35555555555555557, 0.0013531311697320852
0.266426160942578, 0.35555555555555557, 0.0002004062745512116
0.24239069081292347, 0.35555555555555557, 0.015305741662126584
0.1854164196154617, 0.35555555555555557, 0.026574547622790618
0.2006651915811114, 0.35555555555555557, 0.007765662527221444
0.14818602921791038, 0.35555555555555557, 0.004976305251919735
0.12701084902480242, 0.35555555555555557, 0.010953799092000373
0.16256835270837408, 0.35555555555555557, 0.020231924333534122
0.2771584387387091, 0.35555555555555557, 0.0019715947325353133
0.2769824738833388, 0.35555555555555557, 0.002190794236406997
0.24289394358992716, 0.35555555555555557, 0.004438670121743373
0.20325985134830654, 0.35555555555555557, 0.019727857873865898
0.24537085042791776, 0.35555555555555557, 0.0014036859512450489
0.07268305653985438, 0.35555555555555557, 0.0010536321235411596
0.2288865484488572, 0.35555555555555557, 0.0004548424951092398
0.12603829314187143, 0.35555555555555557, 0.03540047255396149
0.13179197427811312, 0.35555555555555557, 0.021227924815233064
0.1751982302951462, 0.35555555555555557, 0.0002082277309833457
0.21071568795337145, 0.35555555555555557, 0.005213847925435826
0.06196649238687163, 0.35555555555555557, 0.003079961345351569
0.27693306212710583, 0.35555555555555557, 0.0010587375796818205
0.2100561857361335, 0.35555555555555557, 0.0028139139424754327
0.09883304010918614, 0.35555555555555557, 0.002652763444156172
0.19938323154386461, 0.35555555555555557, 0.003926628982548374
0.22980753765850642, 0.35555555555555557, 0.010820594592011377
0.22432675231003552, 0.35555555555555557, 0.011399417193349592
0.21884309786099035, 0.35555555555555557, 0.016965502834424273
0.21205721415957232, 0.35555555555555557, 0.0012570126992711736
0.23258603245887588, 0.35555555555555557, 0.005744049871692857
0.2408742411163907, 0.35555555555555557, 0.008356387156254504
0.20283436100914085, 0.35555555555555557, 0.004153559448601087
0.2674125669213326, 0.35555555555555557, 0.0033280821969123757
0.22732249261313903, 0.35555555555555557, 0.008922162855967477
0.2562127493638023, 0.35555555555555557, 0.00018105666308095695
0.22712818322657094, 0.35555555555555557, 0.012001515850796332
0.20178656302899378, 0.35555555555555557, 0.0009533131901387944
0.12545898715613668, 0.35555555555555557, 0.006264490194561755
0.2082681458186731, 0.35555555555555557, 0.007682919579118004
0.2521974109551517, 0.35555555555555557, 0.009083879229827367
0.09850527803367169, 0.35555555555555557, 0.0010070455599125226
0.1713163628387811, 0.35555555555555557, 0.0031488048666337663
0.1844931851531295, 0.35555555555555557, 0.008573102023007501
0.19638790245380544, 0.35555555555555557, 0.0030133111100622847
0.16933373372511845, 0.35555555555555557, 0.03103321029425545
0.17780589162593188, 0.35555555555555557, 0.011720012111899982
0.23090522633145938, 0.35555555555555557, 0.012802203457261048
0.19834736670479872, 0.35555555555555557, 0.0008612897064244643
0.22258240621211384, 0.35555555555555557, 0.011767974503153363
0.2947936243639615, 0.35555555555555557, 0.007887800552646021
0.14563717957841887, 0.35555555555555557, 0.002461862355034738
0.24313449692514813, 0.35555555555555557, 0.007988605013504149
0.10496058052641997, 0.35555555555555557, 0.0007184878200902926
0.21589865174230402, 0.35555555555555557, 0.005747351747709518
0.19753749306715768, 0.35555555555555557, 0.007111707922053638
0.15272429556059497, 0.35555555555555557, 0.00816748184694816
0.2391675094088405, 0.35555555555555557, 0.00033210404044693476
0.19065987504120116, 0.35555555555555557, 0.00496387244914852
0.2295864447901919, 0.35555555555555557, 0.01503501294326898
0.1515687145842892, 0.35555555555555557, 0.01248370261946416
0.23311499423028914, 0.35555555555555557, 0.012555025162670715
0.2455517472142467, 0.35555555555555557, 0.0048055585856797405
0.24533784889762697, 0.35555555555555557, 0.004083224337066318
0.12687167222357523, 0.35555555555555557, 0.0014221342107598224
0.11717030336901674, 0.35555555555555557, 0.009635349643761022
0.23187217784797348, 0.35555555555555557, 0.012904141431365519
0.2966052122021407, 0.35555555555555557, 0.007239881670839558
0.1900394092968258, 0.35555555555555557, 0.01092244434579411
0.13475503508826486, 0.35555555555555557, 0.0022675001166935754
0.21294453261077156, 0.35555555555555557, 0.02108383215812831
0.24278482032796708, 0.35555555555555557, 0.0033896792962594844
0.18701623645907928, 0.35555555555555557, 0.0023018500586943894
0.18469135184734845, 0.35555555555555557, 0.010982883767213118
0.21643226237623797, 0.35555555555555557, 0.010508457303518518
0.22573052184607695, 0.35555555555555557, 0.0011782300253847095
0.20265949813668668, 0.35555555555555557, 0.008999521501206706
0.18176633642972684, 0.35555555555555557, 0.003815710654668319
0.29315873292443906, 0.35555555555555557, 0.003108387967941778
0.13564249229393976, 0.35555555555555557, 0.0026723444694066005
0.17344356595570876, 0.35555555555555557, 0.03787679232490994
0.18476096773151354, 0.35555555555555557, 0.005002963303098793
0.1790750193326322, 0.35555555555555557, 0.0007035456539078677
0.22628354526499936, 0.35555555555555557, 0.025354131172390874
0.30026665239842343, 0.35555555555555557, 0.0032632198415292043
0.20550270053702646, 0.35555555555555557, 0.007808711271227633
0.2436199783710109, 0.35555555555555557, 0.017542573201142324
0.19256008936004237, 0.35555555555555557, 0.00878627726267913
0.25193698917093077, 0.35555555555555557, 0.0032699497451335233
0.28360960735535523, 0.35555555555555557, 0.007921282037669185
0.20617584552778093, 0.35555555555555557, 0.0020603330383524364
0.1773860659358849, 0.35555555555555557, 0.002758160849358484
0.21301736733132, 0.35555555555555557, 0.008617420479458663
0.21489915211101498, 0.35555555555555557, 0.009632258162633156
0.15756133078581003, 0.35555555555555557, 0.0025053283067282615
0.28485009827416846, 0.35555555555555557, 0.0012007654607015224
0.18068047686454802, 0.35555555555555557, 0.0038299835500896023
0.20523826506979256, 0.35555555555555557, 0.015690282462462145
0.18726621580997108, 0.35555555555555557, 0.017766187642130667
0.19879705296474826, 0.35555555555555557, 0.0181437055370713
0.28002214824551985, 0.35555555555555557, 0.003411023050807383
0.1764552643257454, 0.35555555555555557, 0.054588622632900374
0.22445233142238757, 0.35555555555555557, 0.024098589565978837
0.2695289479388246, 0.35555555555555557, 0.0007478778495405941
0.19939783043997386, 0.35555555555555557, 0.0030769944480573443
0.1449392357093533, 0.35555555555555557, 0.037453957932137454
0.25260678981444107, 0.35555555555555557, 0.004909999280821535
0.22604048578279842, 0.35555555555555557, 0.02182035251245619
0.19410114845772314, 0.35555555555555557, 0.02857122597704617
0.2570776504990253, 0.35555555555555557, 0.0019014042120250358
0.14003175303585003, 0.35555555555555557, 0.009828080075250925
0.16379266855524122, 0.35555555555555557, 0.0015947870400185816
0.20902926058124752, 0.35555555555555557, 0.006866982507044232
0.1405370255079823, 0.35555555555555557, 0.025444189237704935
0.2265096001107755, 0.35555555555555557, 0.007263808925195632
0.1655091551266835, 0.35555555555555557, 0.024482447460858918
0.19181485392033626, 0.35555555555555557, 0.005481835309872603
0.12888268015240845, 0.35555555555555557, 0.004886356428578926
0.15909863607198602, 0.35555555555555557, 0.0027616502976774496
0.14178182909012652, 0.35555555555555557, 0.002013774664040929
0.1687022956143183, 0.35555555555555557, 0.006782964354784459
0.15940859935116183, 0.35555555555555557, 0.026033652853835215
0.23313164064211198, 0.35555555555555557, 0.0017864507705547868
0.1715104972561487, 0.35555555555555557, 0.004215070555977666
0.1757205858881482, 0.35555555555555557, 0.003585107552336854
0.16688623722305038, 0.35555555555555557, 0.008088131398767151
0.2578501543252618, 0.35555555555555557, 0.010595620616434202
0.21904116041091348, 0.35555555555555557, 0.006706493079224443
0.22252332119963322, 0.35555555555555557, 0.0026073443898705344
0.1847997127271721, 0.35555555555555557, 0.017355796176602722
0.15168153312443103, 0.35555555555555557, 0.005461601923004122
0.21869129642126542, 0.35555555555555557, 0.004564631599828639
0.2180901589507424, 0.35555555555555557, 0.0009716963883979809
0.2634881230652678, 0.35555555555555557, 0.01900796175840618
0.1858112258546306, 0.35555555555555557, 0.0038189176099781793
0.2615237045773205, 0.35555555555555557, 0.007730865488596671
0.19209486573215095, 0.35555555555555557, 0.014687291462419316
0.1824676508776448, 0.35555555555555557, 0.02130660679426815
0.20678868775235673, 0.35555555555555557, 0.0003871846841954376
0.17814217562977278, 0.35555555555555557, 0.002352590041514966
0.1957093459592898, 0.35555555555555557, 0.00425375819305288
0.21852397727375816, 0.35555555555555557, 0.0031961064676415095
0.26890128695515786, 0.35555555555555557, 0.0013074293348834187
0.1677986493357384, 0.35555555555555557, 0.006934326905166155
0.13991133758277424, 0.35555555555555557, 0.043114645898123624
0.2526555524213979, 0.35555555555555557, 0.0008680179779878985
0.3074415589980373, 0.35555555555555557, 0.0011725027893404233
0.17834970589761845, 0.35555555555555557, 0.011791491980412709
0.3139673605759557, 0.35555555555555557, 0.0002204656174509537
0.197666850728582, 0.35555555555555557, 0.013751507554240282
0.2694054395276896, 0.35555555555555557, 0.002782838524014211
0.18621509359372154, 0.35555555555555557, 0.0006805662379219804
0.14547886593409456, 0.35555555555555557, 0.003953181313245395
0.1665275593271753, 0.35555555555555557, 0.006264245876277035
0.20234370892779616, 0.35555555555555557, 0.013507464569190884
0.21491738832484605, 0.35555555555555557, 0.011429034142411396
0.23718410090975126, 0.35555555555555557, 0.015208225959486562
0.2671244305898214, 0.35555555555555557, 0.003757851405456144
0.24542920541407073, 0.35555555555555557, 0.0005602376078206463
0.19565241268166692, 0.35555555555555557, 0.0075601525865960605
0.17067090040852273, 0.35555555555555557, 0.003991475588430308
0.22985738810396988, 0.35555555555555557, 0.005686438393982667
0.14058209497644641, 0.35555555555555557, 0.0017343194229462548
0.2864461065610234, 0.35555555555555557, 0.0033644192115171397
0.2904801361424021, 0.35555555555555557, 0.00732212793535505
0.09916037199218558, 0.35555555555555557, 0.016619735956005053
0.14443862048275713, 0.35555555555555557, 0.0037413504312080377
0.15986245745917724, 0.35555555555555557, 0.0015890138194394245
0.23911947339269135, 0.35555555555555557, 0.0011962514703500954
0.1471444193079922, 0.35555555555555557, 0.027595721247554265
0.13883514116200957, 0.35555555555555557, 0.011585509838209492
0.15374921667719238, 0.35555555555555557, 0.011603794143134201
0.1931432877128927, 0.35555555555555557, 0.02339970662874793
0.23574528643873016, 0.35555555555555557, 0.001653442971010911
0.17800379644427208, 0.35555555555555557, 0.010414572416932345
0.25432859025810217, 0.35555555555555557, 0.01433198830894512
0.21613628031977378, 0.35555555555555557, 0.004657458207064227
0.2696752164101403, 0.35555555555555557, 0.015920553976381226
0.24325591536557237, 0.35555555555555557, 0.0015243268702075843
0.18096819987239127, 0.35555555555555557, 0.006722320564591125
0.15629712043467553, 0.35555555555555557, 0.007902666060395195
0.18985504733644495, 0.35555555555555557, 0.014859569881177615
0.14366694238619976, 0.35555555555555557, 0.002799642670622134
0.2197034485419962, 0.35555555555555557, 0.0014349286791666815
0.19906997631632142, 0.35555555555555557, 0.002960484065569181
0.2126968043221159, 0.35555555555555557, 0.00373145743109446
0.11632242371565081, 0.35555555555555557, 0.000346031934469859
0.19560660108308087, 0.35555555555555557, 0.004367502192093039
0.18221600954829914, 0.35555555555555557, 0.0025169192949683742
0.19643544703302082, 0.35555555555555557, 0.005359649452505336
0.20667094721940546, 0.35555555555555557, 0.005288623863253857
0.28417859203421625, 0.35555555555555557, 0.0023254000430142164
0.21315163228409317, 0.35555555555555557, 0.0057444684037242216
0.19355754437425712, 0.35555555555555557, 0.005315008238646958
0.18657477894288516, 0.35555555555555557, 0.007849005130796371
0.21419768003811185, 0.35555555555555557, 0.007595206030829373
0.08054497617723617, 0.35555555555555557, 0.001303946559906528
0.15240604756431642, 0.35555555555555557, 0.006024742159806797
0.19112113108641493, 0.35555555555555557, 0.007882529397478322
0.2125162625629368, 0.35555555555555557, 0.008967361215405664
0.2818812435161651, 0.35555555555555557, 0.012984311383574663
0.2264325979378204, 0.35555555555555557, 0.0016194388252473767
0.16936237544756155, 0.35555555555555557, 0.015963564328409754
0.17434672811933902, 0.35555555555555557, 0.019000528513201935
0.18765853367870494, 0.35555555555555557, 0.009666499084540165
0.2496433230555309, 0.35555555555555557, 0.00135151708186087
0.2797080509928034, 0.35555555555555557, 0.0018940158405017884
0.27482319963866386, 0.35555555555555557, 0.0020871296596879064
0.2360660756362286, 0.35555555555555557, 0.02171116227328279
0.26648611332654576, 0.35555555555555557, 0.015717824306331077
0.13113806469100336, 0.35555555555555557, 0.008284829611523012
0.11622727040798146, 0.35555555555555557, 0.00020812213951491038
0.24215264284928417, 0.35555555555555557, 0.002598671449238332
0.186633507227121, 0.35555555555555557, 0.0014806710291647275
0.22467564345025381, 0.35555555555555557, 0.021274151175726543
0.19674425349054642, 0.35555555555555557, 0.00702811042458133
0.25760272921944877, 0.35555555555555557, 0.016616098892003044
0.2506977563501313, 0.35555555555555557, 0.00842139808250119
0.24656286744196615, 0.35555555555555557, 0.0035305275412613347
0.21634254509615006, 0.35555555555555557, 0.002789028475411591
0.1623169519165233, 0.35555555555555557, 0.01915930153511205
0.11171032624023747, 0.35555555555555557, 0.003222984118924777
0.22107492373173568, 0.35555555555555557, 0.004742112523630626
0.225329403685711, 0.35555555555555557, 0.006150721890139139
0.2693688820272997, 0.35555555555555557, 0.01493403514294682
0.18264734063431587, 0.35555555555555557, 0.0060136266170064765
0.2959210949254829, 0.35555555555555557, 0.0008497567442118503
0.14866081153195687, 0.35555555555555557, 0.008903902455605071
0.20228408081418348, 0.35555555555555557, 0.013191139456654758
0.15856072920828196, 0.35555555555555557, 0.009226651807786389
0.17140315048991542, 0.35555555555555557, 0.00668580889547769
0.20484224477655236, 0.35555555555555557, 0.04029940010762552
0.18955216704354222, 0.35555555555555557, 0.0063009352547248685
0.2370931166387566, 0.35555555555555557, 0.0111681422946622
0.11063428795269059, 0.35555555555555557, 0.0009247142477604519
0.18971711565943764, 0.35555555555555557, 0.0019801964240591403
0.18172616161389576, 0.35555555555555557, 0.016293735361856927
0.26120517645121294, 0.35555555555555557, 0.030748059055229333
0.19660355184666664, 0.35555555555555557, 0.00407861935804024
0.17123429285602426, 0.35555555555555557, 0.016604702801930406
0.21832107606356316, 0.35555555555555557, 0.010048456742436561
0.23193446200194973, 0.35555555555555557, 0.003818215520408102
0.19097057716113752, 0.35555555555555557, 0.0017531720637392685
0.23545367928813388, 0.35555555555555557, 0.009129413689868202
0.23198231783518522, 0.35555555555555557, 0.008691403409008156
0.1538214245806986, 0.35555555555555557, 0.011525141679489818
0.17319201625292183, 0.35555555555555557, 0.020328542287366462
0.21036720860644145, 0.35555555555555557, 0.03500448554951466
0.15611125556070268, 0.35555555555555557, 0.000258777389942463
0.23886019998018798, 0.35555555555555557, 0.01805120710062906
0.21851956660095415, 0.35555555555555557, 0.0009981326577000141
0.15715021710480281, 0.35555555555555557, 0.0022105996475232136
0.27832691649380603, 0.35555555555555557, 0.010748883537019548
0.2658438176941501, 0.35555555555555557, 0.005521224302507157
0.22520391478787383, 0.35555555555555557, 0.006477473309686113
0.22195169405073317, 0.35555555555555557, 0.029814501524636914
0.26158812428778944, 0.35555555555555557, 0.006392471834852368
0.2425522704034639, 0.35555555555555557, 0.007408052322788611
0.15221884846201314, 0.35555555555555557, 0.00450688484599014
0.21270775533703254, 0.35555555555555557, 0.01876091086439256
0.1948130934977711, 0.35555555555555557, 0.0005480882815184801
0.27788994787355525, 0.35555555555555557, 0.0009419797601566122
0.24041376327117078, 0.35555555555555557, 0.009270694942961018
0.2009872228060223, 0.35555555555555557, 0.0015477308245536532
0.1969058099589756, 0.35555555555555557, 0.0033746848229478936
0.15682000924739448, 0.35555555555555557, 0.00031667329584088066
0.2014852831816424, 0.35555555555555557, 0.029501097732904515
0.253406468676608, 0.35555555555555557, 0.006328104772848729
0.24346212879225418, 0.35555555555555557, 0.0022152562786090244
0.23932567868389643, 0.35555555555555557, 0.023301523343134966
0.2531382281451201, 0.35555555555555557, 0.006450965169875883
0.22066580765758317, 0.35555555555555557, 0.01854294726265344
0.2051577085670345, 0.35555555555555557, 0.014399516726819562
0.2451971054643492, 0.35555555555555557, 0.011424121737963963
0.2626701111002926, 0.35555555555555557, 0.004238213898262376
0.28066553116612836, 0.35555555555555557, 0.006632476948906471
0.22937804607069592, 0.35555555555555557, 0.007628011043109222
0.18972665021466423, 0.35555555555555557, 0.00219123411618937
0.20049952712832889, 0.35555555555555557, 0.009497062784931624
0.21415741131375918, 0.35555555555555557, 0.008088909436829272
0.14186161234453315, 0.35555555555555557, 0.007768343831753016
0.23791035893993243, 0.35555555555555557, 0.0005214856038732302
0.21506530642279015, 0.35555555555555557, 0.003162768126354847
0.21965133479091414, 0.35555555555555557, 0.008251074887936381
0.21755122472259245, 0.35555555555555557, 0.0013398723635312775
0.11629328525008839, 0.35555555555555557, 0.005265238065222603
0.13920515571941672, 0.35555555555555557, 0.0045879830490867446
0.2296214295874003, 0.35555555555555557, 0.004046913344209444
0.2783683602269707, 0.35555555555555557, 0.0032847138391158925
0.15778759424567637, 0.35555555555555557, 0.0017291505072690894
0.22014386677621461, 0.35555555555555557, 0.013518863032115394
0.25241374518391685, 0.35555555555555557, 0.0032651368819789557
0.1257787940159077, 0.35555555555555557, 0.00875353825045582
0.1640482113288403, 0.35555555555555557, 0.0031064426802117546
0.08387816998156811, 0.35555555555555557, 0.029202629104227124
0.2381004059501577, 0.35555555555555557, 0.003921974872643114
0.1586743606762011, 0.35555555555555557, 0.014423352993807969
0.21052143042243376, 0.35555555555555557, 0.016554748074728218
0.1900199295939172, 0.35555555555555557, 0.011637453260606143
0.19370072830862037, 0.35555555555555557, 0.006724627314600113
0.22005738460539798, 0.35555555555555557, 0.001086271224520125
0.22097230112822996, 0.35555555555555557, 0.008781846620280274
0.2443703532677947, 0.35555555555555557, 0.003116167232287646
0.27651674496230977, 0.35555555555555557, 0.011060017021703745
0.221456634992899, 0.35555555555555557, 0.00742304124359986
0.16681570826934827, 0.35555555555555557, 0.002524792688724257
0.10196742219369354, 0.35555555555555557, 0.001498504313248337
0.19371883243793528, 0.35555555555555557, 0.001969004684294213
0.19800337123745143, 0.35555555555555557, 0.001496306742577365
0.14989058516795556, 0.35555555555555557, 0.008778253346604396
0.06377201604496549, 0.35555555555555557, 0.002028109497576219
0.17980734764161935, 0.35555555555555557, 0.003761915638364177
0.26347369716238794, 0.35555555555555557, 0.0018060240255664615
0.1631134283536637, 0.35555555555555557, 0.001499185606885102
0.24940812137773508, 0.35555555555555557, 0.004838668721085729
0.2280811832491182, 0.35555555555555557, 0.025948914014805393
0.19198547784828351, 0.35555555555555557, 0.010342523131449647
0.17423721356930913, 0.35555555555555557, 0.0014073595099690233
0.15725433279017847, 0.35555555555555557, 0.005469760303056302
0.24393121462099002, 0.35555555555555557, 0.006141313060274484
0.17222506497852652, 0.35555555555555557, 0.004739320361410587
0.23166926871685845, 0.35555555555555557, 0.022488368527685945
0.12562336213317615, 0.35555555555555557, 0.008477123757225952
0.2338727655793891, 0.35555555555555557, 0.01111219010762457
0.18848793456503388, 0.35555555555555557, 0.0035672991655473886
0.14763880573405574, 0.35555555555555557, 0.0032251221141536834
0.26810081592167495, 0.35555555555555557, 0.0015149284546970452
0.30670719698255344, 0.35555555555555557, 0.00237645634478368
0.2776975256959394, 0.35555555555555557, 0.013704804332210005
0.19481213588468654, 0.35555555555555557, 0.002796763347599349
0.2400227978631754, 0.35555555555555557, 0.0024495298967141094
0.21320253415520882, 0.35555555555555557, 0.020581511853790868
0.19409968411981166, 0.35555555555555557, 0.0035727754497523385
0.1831987896331601, 0.35555555555555557, 0.005841115400221782
0.15886417512816317, 0.35555555555555557, 0.006264777299956003
0.22018068833821175, 0.35555555555555557, 0.0046365165425954905
0.32890762266502993, 0.35555555555555557, 0.012627723564367371
0.26083467903089574, 0.35555555555555557, 0.007075515594184024
0.24041219470535155, 0.35555555555555557, 0.013076643753482213
0.1952460954898801, 0.35555555555555557, 0.0012552829658169266
0.2837800121260543, 0.35555555555555557, 0.011078074117321765
0.22949970935691147, 0.35555555555555557, 0.0035372905267597636
0.1413810749766532, 0.35555555555555557, 0.0003997740032423339
0.21054958508519694, 0.35555555555555557, 0.0023309920153032344
0.20553704624005875, 0.35555555555555557, 0.00790106967034205
0.17488422340439133, 0.35555555555555557, 0.0038481764553059605
0.2512656714335831, 0.35555555555555557, 0.010683064033078104
0.1730839924880238, 0.35555555555555557, 0.0037853940064205196
0.22338570638511782, 0.35555555555555557, 0.001783156721146707
0.24138295476781604, 0.35555555555555557, 0.0008205120794965584
0.22116867923312863, 0.35555555555555557, 0.00813446304834836
0.14932246286373888, 0.35555555555555557, 0.012354702545719461
0.1726827463972368, 0.35555555555555557, 0.008204126829487715
0.228222974238849, 0.35555555555555557, 0.008016080352140218
0.17626251074751215, 0.35555555555555557, 0.005078081741814978
0.2641450052998382, 0.35555555555555557, 0.011556365713992538
0.20122748241803673, 0.35555555555555557, 0.0013822951109809336
0.17094299161847576, 0.35555555555555557, 0.010644362048920785
0.20010934825349538, 0.35555555555555557, 0.002324641506604895
0.17773908122118454, 0.35555555555555557, 0.006541655534211916
0.2944722174402576, 0.35555555555555557, 0.001050455163902732
0.24225277374042234, 0.35555555555555557, 0.0009547481051741352
0.18409684304204857, 0.35555555555555557, 0.007521393431192064
0.23876325303749624, 0.35555555555555557, 0.009243833861958076
0.19037969258588455, 0.35555555555555557, 0.015020791282219776
0.08319283686460675, 0.35555555555555557, 0.0017674274937407833
0.2455961190207825, 0.35555555555555557, 0.014668670442812929
0.21251183127595305, 0.35555555555555557, 0.007967293645774844
0.23092301788286984, 0.35555555555555557, 0.004400222847882983
0.18718230119979162, 0.35555555555555557, 0.0007600155365138665
0.21821730688536808, 0.35555555555555557, 0.01313183398319315
0.22005385913991482, 0.35555555555555557, 8.537531474406505e-05
0.2408670562770352, 0.35555555555555557, 0.006522898310755685
0.13083214453541106, 0.35555555555555557, 0.004805533226568263
0.2263466312358572, 0.35555555555555557, 0.00023027675154899889
0.19876224999240838, 0.35555555555555557, 0.016106020750357452
0.2015664634413797, 0.35555555555555557, 0.031172306999485706
0.1669357382412567, 0.35555555555555557, 0.016568799307604708
0.2314093745807249, 0.35555555555555557, 0.0026539425685196
0.08646142855603178, 0.35555555555555557, 0.007448272319199353
0.13691117529085367, 0.35555555555555557, 0.018207823589295742
0.2914882501027828, 0.35555555555555557, 0.0026788754177881568
0.25020145939447985, 0.35555555555555557, 0.008775371216440536
0.31612788708925804, 0.35555555555555557, 0.003290462969363297
0.19297730207305341, 0.35555555555555557, 0.0026514684708477936
0.20604095356789667, 0.35555555555555557, 0.007766761562733121
0.18029925592330728, 0.35555555555555557, 0.014087721934062648
0.21435861116557983, 0.35555555555555557, 0.0017887343663192078
0.2169679957373506, 0.35555555555555557, 0.007574247223335418
0.19280626432257061, 0.35555555555555557, 0.00445311527119909
0.22251296790438008, 0.35555555555555557, 0.01698691670563632
0.12693088895728166, 0.35555555555555557, 0.004743195455458516
0.13823614974668644, 0.35555555555555557, 0.0021590416077859114
0.17501625889908762, 0.35555555555555557, 0.012454573824463175
0.19036566135009914, 0.35555555555555557, 0.011778310692284875
0.24284595234016632, 0.35555555555555557, 0.0007556289653585708
0.2589189843583458, 0.35555555555555557, 0.0030770907751881045
0.22285692114132552, 0.35555555555555557, 0.0037602789947969546
0.17862494591266975, 0.35555555555555557, 0.006480670746227431
0.17746453893410202, 0.35555555555555557, 0.002047387364879398
0.22327377138474036, 0.35555555555555557, 0.005808084369896328
0.20279226347418686, 0.35555555555555557, 0.006113115573943987
0.24622935753367556, 0.35555555555555557, 0.012551855776648366
0.1622348202223712, 0.35555555555555557, 0.03525704267318105
0.1232293250414043, 0.35555555555555557, 0.036511067745392964
0.16957988131917343, 0.35555555555555557, 0.0012229576344966026
0.24252819856402333, 0.35555555555555557, 0.002356919675453021
0.23946473287061967, 0.35555555555555557, 0.01755732266825359
0.22811518794236604, 0.35555555555555557, 0.015331931752640336
0.2555821539443053, 0.35555555555555557, 0.00020730019861841593
0.1876726669812737, 0.35555555555555557, 0.0007510406351767319
0.2053899629782041, 0.35555555555555557, 0.004088752746467893
0.1561928852258757, 0.35555555555555557, 0.013351700334891439
0.22864927310167796, 0.35555555555555557, 0.0014526903352087995
0.21404329211914147, 0.35555555555555557, 0.00861114458116203
0.21914118015036033, 0.35555555555555557, 0.0006547875783171235
0.23390225416474064, 0.35555555555555557, 0.001473671792535378
0.20452308577322897, 0.35555555555555557, 0.0027053145741039644
0.2299493007425464, 0.35555555555555557, 0.012750015767263773
0.17476539695171628, 0.35555555555555557, 0.003517468668856535
0.261805745005769, 0.35555555555555557, 0.003949864211049113
0.23683012615422408, 0.35555555555555557, 0.00276071378263971
0.2155844627600112, 0.35555555555555557, 0.01413720623880417
0.15819321572631873, 0.35555555555555557, 6.77712435171804e-05
0.26827253611301743, 0.35555555555555557, 0.005601283301097375
0.13326920471309772, 0.35555555555555557, 0.014209656557133342
0.18226288242056116, 0.35555555555555557, 0.004988943710659458
0.20145137729617116, 0.35555555555555557, 0.0009552673755917554
0.1756219221313911, 0.35555555555555557, 0.01791730078902039
0.12929943988682752, 0.35555555555555557, 0.007102168520964486
0.12038810464870353, 0.35555555555555557, 0.018846835968925214
0.21040078952070856, 0.35555555555555557, 0.0015163978927758904
0.21170071158191062, 0.35555555555555557, 0.003981494642672156
0.3047322808826104, 0.35555555555555557, 0.006530570795623041
0.2419509447151133, 0.35555555555555557, 0.001524366431127689
0.24648515935063847, 0.35555555555555557, 0.007894787932971225
0.21665925274943598, 0.35555555555555557, 0.007916866439078187
0.230352627568687, 0.35555555555555557, 0.000852662564486555
0.2322961255632508, 0.35555555555555557, 0.00918008649371932
0.15001246339342278, 0.35555555555555557, 0.0010239860935347352
0.2207474960908042, 0.35555555555555557, 0.005926711005492025
0.13586550812162998, 0.35555555555555557, 0.0015180583414639384
0.1377654335999275, 0.35555555555555557, 0.004616298104148008
0.14690374656945404, 0.35555555555555557, 0.003186884306613985
0.132637380669943, 0.35555555555555557, 0.003944080394209689
0.3357246244317399, 0.35555555555555557, 0.028502193502847054
0.15537306954628466, 0.35555555555555557, 0.0012585707136901197
0.14074201421098487, 0.35555555555555557, 0.006593465987707005
0.214085855242508, 0.35555555555555557, 0.0016747541047124042
0.2654833657704744, 0.35555555555555557, 0.0012196191197949193
0.1536809628755931, 0.35555555555555557, 0.010310120127696458
0.1351165261111531, 0.35555555555555557, 0.002282325945932457
0.12900606455905428, 0.35555555555555557, 0.028625056369835915
0.19929200023301563, 0.35555555555555557, 0.02534009729074306
0.2285319805544418, 0.35555555555555557, 0.0012200232942479663
0.24812915206404754, 0.35555555555555557, 0.0014105559238079322
0.23854302324074353, 0.35555555555555557, 0.017875764816821373
0.2615209284362041, 0.35555555555555557, 0.0012268488272818817
0.2525259961931392, 0.35555555555555557, 0.027530870103864815
0.2533420368850432, 0.35555555555555557, 0.013848064425819458
0.2228757144059202, 0.35555555555555557, 0.0024834516276745783
0.07029131220825519, 0.35555555555555557, 0.0040493810116817444
0.19089765815823176, 0.35555555555555557, 0.028046153699742737
0.2933403126139838, 0.35555555555555557, 0.0024810188671628448
0.20534452744140386, 0.35555555555555557, 0.008352789267150034
0.1571638504893063, 0.35555555555555557, 0.012424844666127234
0.10818997902478375, 0.35555555555555557, 0.006730588006275493
0.14738719554643084, 0.35555555555555557, 0.0017660973752183719
0.28885492674384, 0.35555555555555557, 0.04236889212886807
0.14752576984647334, 0.35555555555555557, 0.013981996267996816
0.21004544386994337, 0.35555555555555557, 0.029003792194863286
0.22988752815596383, 0.35555555555555557, 0.006556054186516405
0.22635975659246066, 0.35555555555555557, 0.0041188384435589115
0.14148142721698953, 0.35555555555555557, 0.007570816571317374
0.2992194769971499, 0.35555555555555557, 0.0015448797116781694
0.19593380664100432, 0.35555555555555557, 0.006013693542623374
0.18987051620340178, 0.35555555555555557, 0.004080812855985678
0.16202855956821002, 0.35555555555555557, 0.001624896560282317
0.2160212625090573, 0.35555555555555557, 0.013478078450221946
0.20274535413110095, 0.35555555555555557, 0.006234525915467146
0.24066826304703362, 0.35555555555555557, 0.005941394015431467
0.19560753069270748, 0.35555555555555557, 0.029530273766025083
0.1320790513365377, 0.35555555555555557, 0.005801594995454988
0.19055759388533222, 0.35555555555555557, 0.002665045654886581
0.10676476522643542, 0.35555555555555557, 0.006585077345904473
0.11925620898049975, 0.35555555555555557, 0.0011265929092779505
0.1805988775986924, 0.35555555555555557, 0.005238696081145701
0.1801571274742163, 0.35555555555555557, 0.014783831958470241
0.2890913360498713, 0.35555555555555557, 0.006749606284710679
0.2463629126497592, 0.35555555555555557, 0.0026907772885904693
0.2754265336869923, 0.35555555555555557, 0.0010439155853842756
0.228714109550297, 0.35555555555555557, 0.00859249648813457
0.10318623434347687, 0.35555555555555557, 0.0018423480015622436
0.20319460321692298, 0.35555555555555557, 0.005144580481583217
0.21193936236976507, 0.35555555555555557, 0.0035490327278510296
0.2844104978290281, 0.35555555555555557, 0.003703211211106547
0.2181138928781058, 0.35555555555555557, 0.01449239065957524
0.15458861748089653, 0.35555555555555557, 0.009748812691215896
0.22813795152330485, 0.35555555555555557, 0.008562552393080791
0.20287576594435489, 0.35555555555555557, 0.009312849450833946
0.22670795541823052, 0.35555555555555557, 0.0033662057863216616
0.1647974413325849, 0.35555555555555557, 0.0013243393823097883
0.2036228697601507, 0.35555555555555557, 0.016230300290416114
0.22726926473534892, 0.35555555555555557, 0.029440651650215185
0.14301502293765567, 0.35555555555555557, 0.012772845756562456
0.2286646450366025, 0.35555555555555557, 0.00013006716940961355
0.1849235346876459, 0.35555555555555557, 0.00561123393885073
0.2347883925320902, 0.35555555555555557, 0.009231499264316358
0.29772382896347355, 0.35555555555555557, 0.011420757100618484
0.16215804975820583, 0.35555555555555557, 0.005160591370210334
0.23040340321607714, 0.35555555555555557, 0.007229003647675564
0.2615009284162808, 0.35555555555555557, 0.0023252722635133042
0.18887115714536473, 0.35555555555555557, 0.0039573917190063885
0.08824047079294638, 0.35555555555555557, 0.009336972233170853
0.23361947180738427, 0.35555555555555557, 0.011961741883609246
0.2398033048575611, 0.35555555555555557, 0.004700085920037524
0.1965453472486325, 0.35555555555555557, 0.00047498194575114274
0.22372963115546546, 0.35555555555555557, 0.03071565771272183
0.28087668760653023, 0.35555555555555557, 0.0008998222600122684
0.19723568146440745, 0.35555555555555557, 0.009878195126232113
0.09312525778615738, 0.35555555555555557, 0.019156069446021814
0.1834888538336996, 0.35555555555555557, 0.00028922300601403564
0.1561701146239631, 0.35555555555555557, 0.0005267349537336857
0.17718613408870587, 0.35555555555555557, 0.0020080732706402333
0.23902985941909474, 0.35555555555555557, 0.004759763961839088
0.16132628777064736, 0.35555555555555557, 0.009885876853060466
0.2895869721408929, 0.35555555555555557, 0.002986345637320392
0.21089704899227457, 0.35555555555555557, 0.002587264388443085
0.22127001310949027, 0.35555555555555557, 0.00910708491208039
0.15812488804237762, 0.35555555555555557, 0.004244488756100542
0.10461845356912308, 0.35555555555555557, 0.0006091463201005441
0.23324615476176513, 0.35555555555555557, 0.01675048462242814
0.2344976831377159, 0.35555555555555557, 0.011017855252022899
0.1624944836530086, 0.35555555555555557, 0.0021640726381291302
0.18607149993639766, 0.35555555555555557, 0.007809127254114701
0.13836300256114564, 0.35555555555555557, 0.021023041421543345
0.26728056591357313, 0.35555555555555557, 0.0013295389038315882
0.17907102419485071, 0.35555555555555557, 0.012869955794300374
0.18013795443267408, 0.35555555555555557, 0.0021608151904110385
0.19485208818700886, 0.35555555555555557, 0.02253847064261784
0.128573143154105, 0.35555555555555557, 0.0032313820368385306
0.2703182451613978, 0.35555555555555557, 0.00811422477630804
0.2428841354923798, 0.35555555555555557, 0.0031467745019796013
0.09903219439965148, 0.35555555555555557, 0.002114708100815692
0.30853267913892757, 0.35555555555555557, 0.004862210630258681
0.1928576923371882, 0.35555555555555557, 0.0021528858363456726
0.1652483216515784, 0.35555555555555557, 0.007512674067491154
0.22019966752799602, 0.35555555555555557, 0.0031227995965364646
0.23259014443957632, 0.35555555555555557, 0.004718316840384697
0.2318309382806007, 0.35555555555555557, 0.02773396098107303
0.22259952316395784, 0.35555555555555557, 0.003872046866958577
0.27620862815611574, 0.35555555555555557, 0.0037180444594621547
0.20111390879197716, 0.35555555555555557, 0.0322593237221372
0.22462588362704766, 0.35555555555555557, 0.0051940783011989065
0.18417389951089583, 0.35555555555555557, 0.10650287179722534
0.23966375451574012, 0.35555555555555557, 0.0010630762648491305
0.19955005142913926, 0.35555555555555557, 0.01413809785259399
0.10919169796737171, 0.35555555555555557, 0.0015826720639087943
0.23739916284035792, 0.35555555555555557, 0.0089966062199604
0.204004222630615, 0.35555555555555557, 0.02546957154575786
0.17784066763936096, 0.35555555555555557, 0.0024584505275927924
0.16547608856025955, 0.35555555555555557, 0.0034096618829289366
0.2284910534724971, 0.35555555555555557, 0.016038975840294237
0.23005957099680407, 0.35555555555555557, 0.0031704557102972095
0.2154127326196108, 0.35555555555555557, 0.009440965268316845
0.20048142792268342, 0.35555555555555557, 0.007793582300576861
0.1983117545552109, 0.35555555555555557, 0.018245315924685788
0.21044907180993808, 0.35555555555555557, 0.026695570784924825
0.223220112025511, 0.35555555555555557, 0.024686754298154468
0.1209062628478469, 0.35555555555555557, 0.012769197962129511
0.23689527816937306, 0.35555555555555557, 0.0019596216871159023
0.22468527287230594, 0.35555555555555557, 0.002217257673053144
0.29227085429740096, 0.35555555555555557, 0.005324677000484016
0.2245517036895587, 0.35555555555555557, 0.0020200678703291386
0.1773180188817907, 0.35555555555555557, 0.0005368591076693885
0.21691072954080282, 0.35555555555555557, 0.0020814418354312423
0.1688088156910134, 0.35555555555555557, 0.000453762380790275
0.20666684147015627, 0.35555555555555557, 0.0030223924012749105
0.17712658108031593, 0.35555555555555557, 0.008008482311689456
0.23947295966795054, 0.35555555555555557, 0.0007621008389211791
0.1593471641595402, 0.35555555555555557, 0.0072776706604102135
0.10715208373452449, 0.35555555555555557, 0.02977970794989925
0.19087332077043237, 0.35555555555555557, 0.0032259187848772126
0.21318107702898142, 0.35555555555555557, 0.013648726432598329
0.13983430016575207, 0.35555555555555557, 0.003222885046471091
0.13665354084693626, 0.35555555555555557, 0.004545634770757357
0.22257521736657102, 0.35555555555555557, 0.015329894054597426
0.14795860481893955, 0.35555555555555557, 0.0008130707556930425
0.2716908055853856, 0.35555555555555557, 0.010294171299001302
0.15834329263258684, 0.35555555555555557, 0.006378840344970341
0.22496741114101496, 0.35555555555555557, 0.0021710428220422617
0.19413067970225042, 0.35555555555555557, 0.00044798590191200225
0.22968446731034503, 0.35555555555555557, 0.0017710953450552761
0.16122887934016414, 0.35555555555555557, 0.0019174202525876637
0.2205558995339405, 0.35555555555555557, 0.0007538214976252393
0.24816456165458706, 0.35555555555555557, 0.01692749800574965
0.15955278385204485, 0.35555555555555557, 0.0005038664669724654
0.08781974163359572, 0.35555555555555557, 0.0063396864303616055
0.16811289373090701, 0.35555555555555557, 0.014069008401892171
0.1529585877426907, 0.35555555555555557, 0.03639714325776202
0.15133016714836642, 0.35555555555555557, 0.005850859106771356
0.14367294039997025, 0.35555555555555557, 0.008113756833744976
0.25725925160003804, 0.35555555555555557, 0.0036796448137847676
0.22541946273159186, 0.35555555555555557, 0.0003606237823660414
0.16001980522488177, 0.35555555555555557, 0.01277520855731751
0.2291460962911754, 0.35555555555555557, 0.000604527281609689
0.20758053282101668, 0.35555555555555557, 0.001738247705447337
0.13798859081520515, 0.35555555555555557, 0.0029158879089519153
0.2199019514142489, 0.35555555555555557, 0.0017885458950212328
0.24416477432985673, 0.35555555555555557, 0.0034335058138779536
0.2105526627928069, 0.35555555555555557, 0.0037756503428751057
0.2385077325634891, 0.35555555555555557, 0.028683077737440915
0.21870818206483997, 0.35555555555555557, 0.005472727555772734
0.26115907759348084, 0.35555555555555557, 0.0028770235392418684
0.20746543024961583, 0.35555555555555557, 0.003981959815902719
0.28790867342666226, 0.35555555555555557, 0.0158200971954688
0.1875356372347782, 0.35555555555555557, 0.005919559996185282
0.28813495783988813, 0.35555555555555557, 0.040057169501518976
0.266092674197644, 0.35555555555555557, 0.004152232312772176
0.1838271375965136, 0.35555555555555557, 0.01570091494895538
0.18950930608861535, 0.35555555555555557, 0.015647976862815476
0.2045516542476327, 0.35555555555555557, 0.002351658862076597
0.22328261780310388, 0.35555555555555557, 0.009249488294506952
0.2153462558506002, 0.35555555555555557, 0.006143536114507432
0.14628503050050942, 0.35555555555555557, 0.022023416323530234
0.18037647449680086, 0.35555555555555557, 0.007846585559591241
0.23957695015912917, 0.35555555555555557, 0.003332865848442383
0.18243701964519415, 0.35555555555555557, 0.0137916011984092
0.19831410454028012, 0.35555555555555557, 0.017904351607929275
0.21485745626661415, 0.35555555555555557, 0.01483677006746672
0.21127917197974097, 0.35555555555555557, 0.008286893846605617
0.16282812590248208, 0.35555555555555557, 0.048856553465395074
0.13526621726250504, 0.35555555555555557, 0.0017734804667638867
0.12978917085851843, 0.35555555555555557, 0.001333867804117091
0.18513135839893274, 0.35555555555555557, 0.0058717133157922645
0.16393635777004475, 0.35555555555555557, 0.0011730463160209554
0.24569117963736622, 0.35555555555555557, 0.009373556037479082
0.2660805095181854, 0.35555555555555557, 0.004028959558712598
0.23011242623447795, 0.35555555555555557, 0.0158884740333626
0.1844294118335639, 0.35555555555555557, 0.010802735932824393
0.23177534664541877, 0.35555555555555557, 0.1547180095901438
0.17899564152096226, 0.35555555555555557, 0.003051945165600794
0.20879125140653873, 0.35555555555555557, 0.006484551321523679
0.11333095454761419, 0.35555555555555557, 0.01594068867931041
0.19803318060721528, 0.35555555555555557, 0.0006870704145754221
0.2828982700401911, 0.35555555555555557, 0.00918006280105571
0.21421476681022797, 0.35555555555555557, 0.01009193517458504
0.22354779109017067, 0.35555555555555557, 0.004581358745370204
0.21260941563925925, 0.35555555555555557, 0.007653608014731123
0.18506216027998323, 0.35555555555555557, 0.014935230786328777
0.2548690481722229, 0.35555555555555557, 0.010706143043501804
0.17009582617026514, 0.35555555555555557, 0.002757643900459833
0.2466444477054413, 0.35555555555555557, 0.0033995535185975603
0.25354425870671254, 0.35555555555555557, 0.0019944199097764923
0.22518909404500623, 0.35555555555555557, 0.005367122055212248
0.25625279890329694, 0.35555555555555557, 0.010153503998697688
0.18503590419498003, 0.35555555555555557, 0.009857027451470319
0.15607950823836544, 0.35555555555555557, 0.006936044809918875
0.3275940333934717, 0.35555555555555557, 0.015203651630658906
0.17712729656510212, 0.35555555555555557, 0.0033507836396639693
0.19081713468932338, 0.35555555555555557, 0.008920001395752697
0.23165546921136287, 0.35555555555555557, 0.006433078769990398
0.22315925237507594, 0.35555555555555557, 0.020110298465845795
0.29178535434916614, 0.35555555555555557, 0.005280859712723148
0.24189901758963087, 0.35555555555555557, 0.005535130688414244
0.17648949546326057, 0.35555555555555557, 0.019885242952641706
0.26244415039184577, 0.35555555555555557, 0.009415829612364713
0.11853180412399579, 0.35555555555555557, 0.0016314064834167892
0.25236519516686834, 0.35555555555555557, 0.0062218121070516524
0.1555057919907074, 0.35555555555555557, 0.010072763658982282
0.23751521507020476, 0.35555555555555557, 0.003982342230679519
0.19309766666772035, 0.35555555555555557, 0.002021328811810099
0.21909626147568706, 0.35555555555555557, 0.03975839923476763
0.2003517315582554, 0.35555555555555557, 0.004181220645745914
0.23829807887374885, 0.35555555555555557, 0.014220860165894876
0.2952517752365505, 0.35555555555555557, 0.0013635400492121252
0.20529666761949447, 0.35555555555555557, 0.004799289611967404
0.21481954546665227, 0.35555555555555557, 0.01236359298685719
0.18013321093412926, 0.35555555555555557, 0.005965282127773964
0.2269655656211657, 0.35555555555555557, 0.016592696930098946
0.28693259933868814, 0.35555555555555557, 0.0015349023727098158
0.15172458063692335, 0.35555555555555557, 0.003587872084530677
0.23566018256624932, 0.35555555555555557, 0.02040655667522486
0.13199129829163153, 0.35555555555555557, 0.00685725944838665
0.20894322247664848, 0.35555555555555557, 0.037383694651754354
0.17358600307240388, 0.35555555555555557, 0.008074741733032666
0.20379804613060218, 0.35555555555555557, 0.0025169286822478033
0.1617218734501309, 0.35555555555555557, 0.017601392374769934
0.22326624798232236, 0.35555555555555557, 0.003095958983380315
0.23765882023033608, 0.35555555555555557, 0.003964075900489492
0.2426810256117589, 0.35555555555555557, 0.00023390259136859333
0.2160873377897791, 0.35555555555555557, 0.007731170229944895
0.18604962149222815, 0.35555555555555557, 0.005598489617398742
0.2934655950686781, 0.35555555555555557, 0.0020102022693141127
0.15766283169512707, 0.35555555555555557, 0.03226570723685386
0.23403880234025862, 0.35555555555555557, 0.012927908868599016
0.12235168009449504, 0.35555555555555557, 0.0054068607268144145
0.2887829544935, 0.35555555555555557, 0.0006313590601898583
0.20721138788870794, 0.35555555555555557, 0.0014143851407728283
0.1681594586169474, 0.35555555555555557, 0.00038963523788389796
0.18244835425096823, 0.35555555555555557, 0.0034923747995803766
0.22765540597080094, 0.35555555555555557, 0.011388043118631334
0.16633068301939827, 0.35555555555555557, 0.014054636250371384
0.22247181820665848, 0.35555555555555557, 0.005096005404682977
0.19504569391490426, 0.35555555555555557, 0.004932566279395048
0.24942348401497164, 0.35555555555555557, 0.012271460312741917
0.19644268394531728, 0.35555555555555557, 0.00750757915440552
0.1711883806297212, 0.35555555555555557, 0.003340766722469291
0.15609402600145833, 0.35555555555555557, 0.0019505952495471397
0.24357842297350782, 0.35555555555555557, 0.007439552988198361
0.23575790821473777, 0.35555555555555557, 0.021804417181518345
0.13656645822221095, 0.35555555555555557, 0.0001313728426496456
0.18432178730612764, 0.35555555555555557, 0.0010197081329792602
0.1919064887083572, 0.35555555555555557, 0.008918679572631667
0.2374316110757306, 0.35555555555555557, 0.011727618765633229
0.22675268565983406, 0.35555555555555557, 0.005912134718632706
0.22546427118284185, 0.35555555555555557, 0.0039116820597381065
0.19290315381975343, 0.35555555555555557, 0.011067275128135658
0.18748351046182357, 0.35555555555555557, 0.022039080224990234
0.23043069320704707, 0.35555555555555557, 0.004590242584737474
0.2584169415546014, 0.35555555555555557, 0.002451910217781116
0.17980944870343768, 0.35555555555555557, 0.00024756777379123207
0.25948700996354424, 0.35555555555555557, 0.007165936315595856
0.21210496530936074, 0.35555555555555557, 0.019072032722294924
0.22372596694645813, 0.35555555555555557, 0.006680751493325166
0.14552308302545802, 0.35555555555555557, 0.008786384638194535
0.11400931936308356, 0.35555555555555557, 0.0047296930696289095
0.2960391645176319, 0.35555555555555557, 0.007946803591683807
0.16026572782262646, 0.35555555555555557, 0.016255712259269754
0.2665024864068976, 0.35555555555555557, 0.010782625330934461
0.20724346243874847, 0.35555555555555557, 0.0003871714627158758
0.1959314409125784, 0.35555555555555557, 0.0038872505358662395
0.20360737432782047, 0.35555555555555557, 0.0029866796446757116
0.2935961246190166, 0.35555555555555557, 0.006927763435153075
0.2615259401626254, 0.35555555555555557, 0.000321214195248147
0.19831077519133636, 0.35555555555555557, 0.003798906447099147
0.16679129185671632, 0.35555555555555557, 0.0017617762932982959
0.13029202770937193, 0.35555555555555557, 0.002477228598623907
0.223879006377723, 0.35555555555555557, 0.0004240610541211898
0.1659236438446327, 0.35555555555555557, 0.0005556323362718217
0.2333411135242303, 0.35555555555555557, 0.008874712767254803
0.2095955546723706, 0.35555555555555557, 0.0012500662791776521
0.22485224170398055, 0.35555555555555557, 0.005038227208387798
0.24438891725458045, 0.35555555555555557, 0.005740032773047951
0.17818820862967402, 0.35555555555555557, 0.000979396122821669
0.1381481089610999, 0.35555555555555557, 0.0015698640078265786
0.1483828072032829, 0.35555555555555557, 0.02088036052684658
0.2324180774633482, 0.35555555555555557, 0.008961562622529602
0.18942097476646413, 0.35555555555555557, 0.026187359426365214
0.19839297522520566, 0.35555555555555557, 0.003724761809659291
0.25296138201784735, 0.35555555555555557, 0.002088490804877745
0.23487551332981987, 0.35555555555555557, 0.005854821963847158
0.21969460445518874, 0.35555555555555557, 0.010391721278380405
0.26516679016058675, 0.35555555555555557, 0.006589814191542415
0.15155054421818928, 0.35555555555555557, 0.005321016110075994
0.24607640603647904, 0.35555555555555557, 0.0026076848928659833
0.16501482516089575, 0.35555555555555557, 0.012636338998879813
0.19398717124365908, 0.35555555555555557, 0.0048762177131381436
0.16193342390111337, 0.35555555555555557, 0.0015063595274863264
0.19541576901026275, 0.35555555555555557, 0.004894933918703508
0.21478877374817085, 0.35555555555555557, 0.004337991772769683
0.2232131352127732, 0.35555555555555557, 0.013047464902978253
0.23955737434938557, 0.35555555555555557, 0.008723605901831315
0.15140179665997794, 0.35555555555555557, 0.002766179124930702
0.18430527616514877, 0.35555555555555557, 0.015054273411296403
0.177264536151266, 0.35555555555555557, 0.016280010140584677
0.2157842851341374, 0.35555555555555557, 0.0013730410336775176
0.12981302979860287, 0.35555555555555557, 0.016848559115265938
0.14266567061827506, 0.35555555555555557, 0.0017665132610543597
0.21953709150312584, 0.35555555555555557, 0.022002447567613048
0.2064696148479001, 0.35555555555555557, 0.01627251493187499
0.13192690544981184, 0.35555555555555557, 0.002548658826262575
0.21056192628972142, 0.35555555555555557, 0.007057715181801568
0.3250067829602225, 0.35555555555555557, 0.0009669032734535961
0.20080615819755504, 0.35555555555555557, 0.005124571367717251
0.17461868206424852, 0.35555555555555557, 0.0018992510021953062
0.3038208820838312, 0.35555555555555557, 0.0008290688097540433
0.24621237701108295, 0.35555555555555557, 0.007504654399669419
0.1872150142258387, 0.35555555555555557, 0.026992473213419726
0.14841331848036854, 0.35555555555555557, 0.01141133880426394
0.2747124280536559, 0.35555555555555557, 0.013334662498959433
0.1768413890922656, 0.35555555555555557, 0.0018688117141770768
0.1873730305857891, 0.35555555555555557, 0.0060903292142231395
0.17022812101784957, 0.35555555555555557, 0.0036130295421031165
0.2780758158231871, 0.35555555555555557, 0.012291031622963544
0.23663989440221445, 0.35555555555555557, 0.0029677200782692033
0.15049503127957145, 0.35555555555555557, 4.33100463043852e-05
0.14114408060800684, 0.35555555555555557, 0.012066686749174813
0.16121055740427345, 0.35555555555555557, 0.02677364620206854
0.19997906506116903, 0.35555555555555557, 0.010350449095942623
0.2101938699272454, 0.35555555555555557, 0.0042535976574410335
0.12144587696837984, 0.35555555555555557, 0.018142116848362148
0.2492042408540483, 0.35555555555555557, 0.0002111379689339304
0.238383911925705, 0.35555555555555557, 0.006554219328820431
0.23165863109952786, 0.35555555555555557, 0.011032657186446849
0.3182127729119802, 0.35555555555555557, 0.0015393624098053455
0.24788003999642597, 0.35555555555555557, 0.003658629124998209
0.23922682193353695, 0.35555555555555557, 0.0022710625083594595
0.27460585537284266, 0.35555555555555557, 0.0019588620691763396
0.18676272993919737, 0.35555555555555557, 0.003311053192606738
0.1582682592021725, 0.35555555555555557, 0.004828741172730813
0.25034619782654427, 0.35555555555555557, 0.04542526170685611
0.14870246751773672, 0.35555555555555557, 0.0007487782766901363
0.07386739297770745, 0.35555555555555557, 0.021414536079673488
0.2659304518750687, 0.35555555555555557, 0.007296203933771207
0.1690634134455858, 0.35555555555555557, 0.003551184115638033
0.24743305583503922, 0.35555555555555557, 0.0015736730212861046
0.18958572019696968, 0.35555555555555557, 0.003094734824709967
0.22204031542925845, 0.35555555555555557, 0.001229807608040551
0.158534653218227, 0.35555555555555557, 0.0012211654281248968
0.13108602839000588, 0.35555555555555557, 0.008620437158356023
0.16088393952420585, 0.35555555555555557, 0.0008663574408421013
0.31695965240679935, 0.35555555555555557, 0.005552883867586063
0.1547168125454342, 0.35555555555555557, 0.005923306812257884
0.1562127648295677, 0.35555555555555557, 0.007857503941864121
0.12257785101338169, 0.35555555555555557, 0.0009584894650306704
0.20762806310044207, 0.35555555555555557, 0.0007374064588093331
0.16814430215864978, 0.35555555555555557, 0.004672686995123499
0.13249036602900172, 0.35555555555555557, 0.0014856116618989675
0.2272662924318853, 0.35555555555555557, 0.0027948177789224042
0.2053467751419428, 0.35555555555555557, 0.0043628720803153345
0.19103862002765523, 0.35555555555555557, 0.012406165128248256
0.21406909950537897, 0.35555555555555557, 0.051085190022763544
0.24531718499093982, 0.35555555555555557, 0.0038088457539434055
0.2372621725002641, 0.35555555555555557, 0.014829866903244306
0.11666161633505381, 0.35555555555555557, 0.006475675963773341
0.14491008096819596, 0.35555555555555557, 0.025512418576160798
0.2097713324079917, 0.35555555555555557, 0.006011127308181393
0.1727125155860226, 0.35555555555555557, 0.012158501625468629
0.2043135494859971, 0.35555555555555557, 0.010936451951453452
0.137861356459129, 0.35555555555555557, 0.01720242446719621
0.13014326490094136, 0.35555555555555557, 0.007895661990808694
0.15911944237711664, 0.35555555555555557, 0.02566769004219902
0.167966494424942, 0.35555555555555557, 0.00711425298603974
0.15471436827901, 0.35555555555555557, 0.009739428368671163
0.14924970111998007, 0.35555555555555557, 0.0009689530054095273
0.1863200739424043, 0.35555555555555557, 0.005778658060807899
0.1564114640157304, 0.35555555555555557, 0.015314025383153846
0.18973110667086932, 0.35555555555555557, 0.01336423136855236
0.19140851156942443, 0.35555555555555557, 0.004255626843536277
0.1871975290245699, 0.35555555555555557, 0.005492601642631998
0.1602249679668996, 0.35555555555555557, 0.00045192284680120137
0.27459432075998774, 0.35555555555555557, 0.0005053293626106559
0.21329819763798263, 0.35555555555555557, 0.006411534961697008
0.16399046410105686, 0.35555555555555557, 0.0017294291379848774
0.0755481701560885, 0.35555555555555557, 0.00717085161545291
0.35345172734815733, 0.35555555555555557, 0.0012150093104095268
0.2357564308893457, 0.35555555555555557, 0.01346638115016932
0.17506215710203157, 0.35555555555555557, 0.004362268648439068
0.155237992285748, 0.35555555555555557, 0.0036560759438356155
0.19775132550817587, 0.35555555555555557, 0.0038238899706253154
0.29003139867154276, 0.35555555555555557, 0.00871559257794249
0.18338377800550026, 0.35555555555555557, 0.0029605209444593704
0.13033407445457046, 0.35555555555555557, 0.012767268269016375
0.1608004374222683, 0.35555555555555557, 0.020081951904308733
0.2267101274185962, 0.35555555555555557, 0.0005159917461533997
0.21995392634687128, 0.35555555555555557, 0.044841868042700433
0.17652915196042507, 0.35555555555555557, 0.009419632337635259
0.1611289540121158, 0.35555555555555557, 0.0028713618580056303
0.24442415299001066, 0.35555555555555557, 0.018179977616627336
0.23740643656783095, 0.35555555555555557, 0.03394664897390044
0.17469615014832587, 0.35555555555555557, 0.001679923075616658
0.27475636200292647, 0.35555555555555557, 0.009611492362574784
0.17568324652518205, 0.35555555555555557, 0.01562729761693951
0.2111300446664241, 0.35555555555555557, 0.014620444096961662
0.1886557572992904, 0.35555555555555557, 0.011405428321043692
0.1842587952481771, 0.35555555555555557, 0.00650598087338499
0.11557930675947214, 0.35555555555555557, 0.003736681499947305
0.10538730917245777, 0.35555555555555557, 0.006702053692250973
0.243474240179084, 0.35555555555555557, 0.005276277115707563
0.1968962958192369, 0.35555555555555557, 0.004505979762928349
0.14545267174865303, 0.35555555555555557, 0.0010250406639873057
0.17065235670954132, 0.35555555555555557, 0.011312100323641628
0.28720271625696076, 0.35555555555555557, 0.0031693353244679804
0.2090341270948581, 0.35555555555555557, 0.007672050805274171
0.12402771661566775, 0.35555555555555557, 0.011032280530833381
0.17962407001703745, 0.35555555555555557, 0.0029111657290639592
0.24018716801727552, 0.35555555555555557, 0.021999547768834816
0.3039472785106601, 0.35555555555555557, 0.0026742570523543376
0.17357051822600714, 0.35555555555555557, 0.008834084784338475
0.18636116260880822, 0.35555555555555557, 0.005471964202201447
0.20566702151964292, 0.35555555555555557, 0.0003008980686731298
0.18024984343128106, 0.35555555555555557, 0.006297874114944591
0.22392751461563892, 0.35555555555555557, 0.0045921671899741
0.1808056356235277, 0.35555555555555557, 0.005801469311017915
0.15146034969036623, 0.35555555555555557, 0.025878282411173764
0.2657433982297056, 0.35555555555555557, 0.002967550710317815
0.11983951674979204, 0.35555555555555557, 0.004251514101276388
0.24789835909702218, 0.35555555555555557, 0.014465573731739187
0.24642032884722603, 0.35555555555555557, 0.010962384922410988
0.2033540893086415, 0.35555555555555557, 0.0026444032309122624
0.1974748246804274, 0.35555555555555557, 0.025490618271371144
0.14310659436990766, 0.35555555555555557, 0.011892095021396891
0.23026011002818192, 0.35555555555555557, 0.002581930152111067
0.24479612505653336, 0.35555555555555557, 0.01699618588850899
0.18951607240508075, 0.35555555555555557, 0.005391731571936241
0.156974688513431, 0.35555555555555557, 0.0023244383852886598
0.2333302613194016, 0.35555555555555557, 0.0113863667094165
0.19907478754217703, 0.35555555555555557, 0.006860747008075662
0.17055154540325546, 0.35555555555555557, 0.007051750452377013
0.06680908336091906, 0.35555555555555557, 0.010649860568731177
0.13691674947398091, 0.35555555555555557, 0.020543173289572725
0.2275294817695765, 0.35555555555555557, 0.07247656975069475
0.29387306735222546, 0.35555555555555557, 0.016129570955646332
0.2751923130273524, 0.35555555555555557, 0.010311456935561843
0.2536763015562057, 0.35555555555555557, 0.015014578751607242
0.19813842091279069, 0.35555555555555557, 0.024812503195717314
0.23479015977765547, 0.35555555555555557, 0.007828211562653177
0.1836048350769409, 0.35555555555555557, 0.010561208889836315
0.21443731812521089, 0.35555555555555557, 0.011102605890181017
0.26006959237692207, 0.35555555555555557, 0.00851761451710167
0.18018076838449495, 0.35555555555555557, 0.0015481218891190609
0.1988439624096094, 0.35555555555555557, 0.0040793819032334516
0.11533759474084347, 0.35555555555555557, 0.003021595388608648
0.23389648470572502, 0.35555555555555557, 0.00370288181276513
0.15591228295390142, 0.35555555555555557, 0.006430838099406755
0.16859774109425418, 0.35555555555555557, 0.0019123295847556598
0.17336589726751137, 0.35555555555555557, 0.011758944217485103
0.27255085542893703, 0.35555555555555557, 0.0017568528563343272
0.2675831580041128, 0.35555555555555557, 0.006419077478528861
0.16583242137718007, 0.35555555555555557, 0.01097778166985323
0.1224081790172401, 0.35555555555555557, 0.0037098965991819253
0.11862727651175226, 0.35555555555555557, 0.0038984849938896874
0.2188300388500034, 0.35555555555555557, 0.002009423662014605
0.16164947511606625, 0.35555555555555557, 0.01150710444640154
0.20726465472827305, 0.35555555555555557, 0.0006328953786373066
0.18100812222768375, 0.35555555555555557, 0.0033034384014948423
0.17275969673933528, 0.35555555555555557, 0.006872878770002268
0.15535239548754393, 0.35555555555555557, 0.0035603274794790973
0.24218709502601513, 0.35555555555555557, 0.004975902944934958
0.2904184996004922, 0.35555555555555557, 0.0016774097185959123
0.15601514640467867, 0.35555555555555557, 0.01747854128517958
0.15834501067489223, 0.35555555555555557, 0.011529163812347032
0.23737179046646167, 0.35555555555555557, 0.0014493874624074059
0.1676608774970837, 0.35555555555555557, 0.0013096918566847164
0.16949049402271188, 0.35555555555555557, 0.0026578827200837807
0.2342427994737149, 0.35555555555555557, 0.0006865102245642931
0.10099538513661377, 0.35555555555555557, 0.01872961776591201
0.28944778469825383, 0.35555555555555557, 0.00206887427494715
0.20136867669115363, 0.35555555555555557, 0.0007374568934353065
0.2256577973125589, 0.35555555555555557, 0.0017047497885045327
0.26326697956089307, 0.35555555555555557, 0.008177604758470534
0.1581143045719729, 0.35555555555555557, 0.0007711621417459656
0.2628553244987709, 0.35555555555555557, 0.0008627988482955186
0.20030168459977715, 0.35555555555555557, 0.014587878191380917
0.19246004981039336, 0.35555555555555557, 0.000855622980030538
0.203615758683123, 0.35555555555555557, 0.00032344076026999467
0.17352839015802043, 0.35555555555555557, 0.008736767516622173
0.2572722807819273, 0.35555555555555557, 0.004241517628556111
0.16670678516789977, 0.35555555555555557, 0.0034186604399721048
0.18960526736108652, 0.35555555555555557, 0.005187313264692702
0.22000644195534655, 0.35555555555555557, 0.009826743923718692
0.22959291361797132, 0.35555555555555557, 0.024669547626753992
0.22215962508633705, 0.35555555555555557, 0.011167827535676139
0.2023745945476755, 0.35555555555555557, 0.0014856060431961515
0.17585979804474466, 0.35555555555555557, 0.0057477550388503815
0.15689700281105518, 0.35555555555555557, 0.00556476743335648
0.21559262589409817, 0.35555555555555557, 0.02815641628299155
0.2600194533088284, 0.35555555555555557, 0.004588346027183265
0.15057954347742852, 0.35555555555555557, 0.001967474922695657
0.20254070527222634, 0.35555555555555557, 0.009221939111164892
0.21902594765856484, 0.35555555555555557, 0.0016285327391254152
0.11651279134181008, 0.35555555555555557, 0.009342271948171657
0.29023936733199335, 0.35555555555555557, 0.006731754767242058
0.12877141686912674, 0.35555555555555557, 0.00038667052401985397
0.2729480938299657, 0.35555555555555557, 0.009621645795178092
0.1386837740682849, 0.35555555555555557, 0.037303354044208155
0.2761059456727499, 0.35555555555555557, 0.0009510170776908088
0.2091414649759016, 0.35555555555555557, 0.0019044886464335666
0.22554778288398294, 0.35555555555555557, 0.004805357050338521
0.28931097540397677, 0.35555555555555557, 0.01218334575173994
0.19182067416149162, 0.35555555555555557, 0.005749904007138911
0.24189501393681276, 0.35555555555555557, 0.007623539861906079
0.24006448400592184, 0.35555555555555557, 0.009918781778560369
0.21537917564920347, 0.35555555555555557, 0.020933711176199226
0.20100546760864935, 0.35555555555555557, 0.002836244452302006
0.16410413494626336, 0.35555555555555557, 0.0005336880351250433
0.1729248739985125, 0.35555555555555557, 0.001842691080627221
0.16732145913397298, 0.35555555555555557, 0.003431046790632308
0.2022857362906391, 0.35555555555555557, 0.00809886401471562
0.2048985383273028, 0.35555555555555557, 0.001238960733233747
0.24982812798619286, 0.35555555555555557, 0.00438280919382281
0.20179526237133738, 0.35555555555555557, 0.008420624850643819
0.16958509231470403, 0.35555555555555557, 0.009954449440059892
0.24345462488557257, 0.35555555555555557, 0.027876779992256986
0.1797117712930293, 0.35555555555555557, 0.009602339127221936
0.15846498193276284, 0.35555555555555557, 0.010957085488435813
0.2736211587358869, 0.35555555555555557, 0.017769656599584214
0.18930777392316575, 0.35555555555555557, 0.007163565991551397
0.1124851657492155, 0.35555555555555557, 0.01261518615010705
0.17212123858806197, 0.35555555555555557, 0.001588823861912205
0.21742784565878026, 0.35555555555555557, 0.00352583874175838
0.13534920027409852, 0.35555555555555557, 0.007872190082646127
0.2813080948258107, 0.35555555555555557, 0.004720870406650397
0.13459129817966226, 0.35555555555555557, 0.011412509856059544
0.21811155514561462, 0.35555555555555557, 0.0026423439300140724
0.23136237873544818, 0.35555555555555557, 0.011483786084069438
0.20391024398363128, 0.35555555555555557, 0.00017422396571107262
0.17566973941732558, 0.35555555555555557, 0.0028893753698486496
0.3155906291284691, 0.35555555555555557, 0.011481964035984314
0.19025480884770865, 0.35555555555555557, 0.010829987021393749
0.17547586526779732, 0.35555555555555557, 0.009510285353308659
0.1706043459069689, 0.35555555555555557, 0.01178643603950364
0.1518060094249545, 0.35555555555555557, 0.002436172393012924
0.12043443979469226, 0.35555555555555557, 0.010078954010346136
0.1545821919831769, 0.35555555555555557, 0.017773360553974386
0.2288381044022596, 0.35555555555555557, 0.02689407205196377
0.18451727686409874, 0.35555555555555557, 0.02816000305835731
0.2741388229373154, 0.35555555555555557, 0.008077809814644357
0.22071296239670618, 0.35555555555555557, 0.020859622809263748
0.1695377325677585, 0.35555555555555557, 0.0075471765146004404
0.23675638932708404, 0.35555555555555557, 0.016680173114518693
0.24860778441000148, 0.35555555555555557, 0.006753549548301352
0.29468044913951774, 0.35555555555555557, 0.011772154563847764
0.2608289176435893, 0.35555555555555557, 0.010264812914891596
0.22927671437883745, 0.35555555555555557, 0.009353693882890752
0.20707615686018518, 0.35555555555555557, 0.024803917168254353
0.12090118552727533, 0.35555555555555557, 0.00021335075145911353
0.23157670196507896, 0.35555555555555557, 0.004451377068998885
0.17598154182281026, 0.35555555555555557, 0.018146445955907593
0.23977077971108446, 0.35555555555555557, 0.012081933042109609
0.18280657331670438, 0.35555555555555557, 0.0022436956899512034
0.19045094082507374, 0.35555555555555557, 0.003275730530514311
0.156062226542924, 0.35555555555555557, 0.012277460555198174
0.13498540222285882, 0.35555555555555557, 0.00035245975169134313
0.2605394369210926, 0.35555555555555557, 0.002548613085184675
0.24657820914501016, 0.35555555555555557, 0.0015455650794717662
0.19222360946532394, 0.35555555555555557, 0.012553672839602372
0.17155300511380395, 0.35555555555555557, 0.0005346099808873387
0.16599989316698802, 0.35555555555555557, 0.0006936971759887264
0.16675658351096906, 0.35555555555555557, 0.002972961124970798
0.24416488403830652, 0.35555555555555557, 0.003385192667197035
0.18173977229304983, 0.35555555555555557, 0.003514489480941591
0.14621803938406278, 0.35555555555555557, 0.001622933473563032
0.19423844335492502, 0.35555555555555557, 0.0030792311782917897
0.1703053831196683, 0.35555555555555557, 0.011606172748563416
0.20133883847792017, 0.35555555555555557, 0.002596231975620391
0.2302268431858694, 0.35555555555555557, 0.004212661951259727
0.1658917759590376, 0.35555555555555557, 0.006237695748410394
0.18189484560063873, 0.35555555555555557, 0.0029999056844049947
0.24380172204559813, 0.35555555555555557, 0.0026157929973205664
0.264760850655779, 0.35555555555555557, 0.016421763188083294
0.21606811411183008, 0.35555555555555557, 0.006528540323330265
0.1772929256758778, 0.35555555555555557, 0.003324952280325667
0.24847951172564517, 0.35555555555555557, 0.025490029096607345
0.1726905173004783, 0.35555555555555557, 0.0015896762454983679
0.17605445135036538, 0.35555555555555557, 0.00730904272426317
0.12279334881203614, 0.35555555555555557, 0.013352807102680114
0.257092292730734, 0.35555555555555557, 0.0012489453027178658
0.2858425085359879, 0.35555555555555557, 0.013509179717460617
0.19028111091562872, 0.35555555555555557, 0.0004209138308559834
0.18716518114464759, 0.35555555555555557, 0.013380206621757994
0.10723008704785883, 0.35555555555555557, 0.007545392298808863
0.19692367747267014, 0.35555555555555557, 0.016319763614696548
0.20685364506472037, 0.35555555555555557, 0.009305148337768387
0.20357152475069268, 0.35555555555555557, 0.001839358079491595
0.21327477177338036, 0.35555555555555557, 0.01133269121187182
0.19765996545341172, 0.35555555555555557, 0.01509309573111768
0.17366936649131376, 0.35555555555555557, 0.02692280499408755
0.17282878442251487, 0.35555555555555557, 0.012653159981415424
0.2539437046600812, 0.35555555555555557, 0.014767094705352653
0.14191102985271503, 0.35555555555555557, 0.006537544858558891
0.23293723219462908, 0.35555555555555557, 0.03363222652423102
0.20343830662998788, 0.35555555555555557, 0.001483988125170195
0.21859438206182102, 0.35555555555555557, 0.004740267049880463
0.26071112900836657, 0.35555555555555557, 0.006715529780456363
0.25519656585104505, 0.35555555555555557, 0.009713570739626398
0.11564869276555027, 0.35555555555555557, 0.021636790446464153
0.10338691548408406, 0.35555555555555557, 0.010655910188633011
0.2268479002004786, 0.35555555555555557, 0.004028379828969306
0.21148171692844484, 0.35555555555555557, 0.0035557523367277
0.2854609939814026, 0.35555555555555557, 0.0007407690696592746
0.23546789229945142, 0.35555555555555557, 0.011065044135997884
0.0738954124635155, 0.35555555555555557, 0.012557790018040062
0.19186329231166624, 0.35555555555555557, 0.002350547906216122
0.27383149715271693, 0.35555555555555557, 0.005449990263856315
0.17778459953081877, 0.35555555555555557, 0.0018584773462158618
0.19926402295549206, 0.35555555555555557, 0.005383582414813408
0.1624977034487075, 0.35555555555555557, 0.013003994736036159
0.181044217005689, 0.35555555555555557, 0.013327468676319926
0.14927487060002298, 0.35555555555555557, 0.005988666309785361
0.14844524322692948, 0.35555555555555557, 0.010548281365461227
0.2440263073638864, 0.35555555555555557, 0.0005328727404787381
0.23904766910746442, 0.35555555555555557, 0.017431697828571957
0.13823851316068236, 0.35555555555555557, 0.006316291222680795
0.2356702614492002, 0.35555555555555557, 0.004819171069140311
0.13955627367622936, 0.35555555555555557, 0.00596942186033892
0.24821948571234428, 0.35555555555555557, 0.0002712800115183755
0.2503718749712399, 0.35555555555555557, 0.003659883619015109
0.1819651242738159, 0.35555555555555557, 0.00020414880326646005
0.23336131290653428, 0.35555555555555557, 0.01540105011625104
0.21201453559365327, 0.35555555555555557, 0.015505728870024257
0.09922348765324517, 0.35555555555555557, 0.013495591718231505
0.19652212852818035, 0.35555555555555557, 0.01824852739975962
0.19114958136235308, 0.35555555555555557, 0.010805683369730321
0.21421726298614868, 0.35555555555555557, 0.0008258785388367438
0.1901450324709591, 0.35555555555555557, 0.008206491634526874
0.2686784524112244, 0.35555555555555557, 0.01277502746440564
0.11537349107222011, 0.35555555555555557, 0.006054027962335767
0.1672353010426684, 0.35555555555555557, 0.011567523824176664
0.1769315100235374, 0.35555555555555557, 0.002968678642269297
0.3262277382770298, 0.35555555555555557, 0.006393080035174716
0.21915548736491017, 0.35555555555555557, 0.002333603003939082
0.20934497835496202, 0.35555555555555557, 0.0006141997734052867
0.15250160296783574, 0.35555555555555557, 0.0009163017997587601
0.24868893038561096, 0.35555555555555557, 0.01032065931705466
0.16172355232685698, 0.35555555555555557, 0.0018626825893260336
0.2054422524831287, 0.35555555555555557, 0.007993769538900313
0.2191902475731891, 0.35555555555555557, 0.0064013591592982045
0.2196394272448121, 0.35555555555555557, 0.016095165754330693
0.14294265252008334, 0.35555555555555557, 0.006800815801123906
0.16302356560575398, 0.35555555555555557, 0.017052091815526093
0.2230505107615256, 0.35555555555555557, 0.004658107478483986
0.08853773823066657, 0.35555555555555557, 0.010667730986499343
0.24739676278769385, 0.35555555555555557, 0.04351153150275279
0.1820740848181622, 0.35555555555555557, 0.002952629546179873
0.1717782637915306, 0.35555555555555557, 0.008967579222647194
0.20533365966986653, 0.35555555555555557, 0.019690344440031225
0.12077660727636769, 0.35555555555555557, 0.0027978201344131762
0.24292257666464187, 0.35555555555555557, 0.022072502738194583
0.220404946157131, 0.35555555555555557, 0.013925678835801624
0.22099781406497598, 0.35555555555555557, 0.0013131171607680574
0.2606734683710071, 0.35555555555555557, 0.018503816043469096
0.24685821787336715, 0.35555555555555557, 0.009985107095258704
0.1926005326154655, 0.35555555555555557, 0.037339078770393185
0.19036199156535255, 0.35555555555555557, 0.017044173679496455
0.2098934217313485, 0.35555555555555557, 0.010771063256900276
0.2521408119177718, 0.35555555555555557, 0.0009840514196559306
0.2986326857548393, 0.35555555555555557, 0.012107263593240927
0.13344364748093163, 0.35555555555555557, 0.0013506512717138043
0.1492469305497281, 0.35555555555555557, 0.004290230540475981
0.19772135405771704, 0.35555555555555557, 0.00274148159183975
0.19700271592323162, 0.35555555555555557, 0.005576220131908503
0.2277336594507568, 0.35555555555555557, 0.002959207183576772
0.18544732062422048, 0.35555555555555557, 0.0012348039095811164
0.21436585131678104, 0.35555555555555557, 0.000877936677662113
0.20496136602251455, 0.35555555555555557, 0.0014244026667679637
0.17591446021511956, 0.35555555555555557, 0.021138741861027495
0.13115639656404204, 0.35555555555555557, 0.005297859423324704
0.13962183368149733, 0.35555555555555557, 0.014391997273083233
0.2741059517918327, 0.35555555555555557, 0.0034854446806899023
0.16970771325613823, 0.35555555555555557, 0.01401401044613973
0.17102523095718, 0.35555555555555557, 0.001678184470108529
0.2392073064006039, 0.35555555555555557, 0.015780978886317642
0.13732330889452898, 0.35555555555555557, 0.000392134413050438
0.24893093970335775, 0.35555555555555557, 0.010709242980579771
0.13185358943712433, 0.35555555555555557, 0.010872978415844293
0.22140989955094625, 0.35555555555555557, 0.012015366880585002
0.05920617855668936, 0.35555555555555557, 0.0006691301391924646
0.20597445370980091, 0.35555555555555557, 0.021508236533698103
0.18654403495954522, 0.35555555555555557, 0.008900199047002337
0.0896203691156772, 0.35555555555555557, 0.00038009040904952415
0.15320517546725415, 0.35555555555555557, 0.001254444922353424
0.16982527970703618, 0.35555555555555557, 0.004539142452795149
0.2194027751794294, 0.35555555555555557, 0.011085490690392132
0.36031260700407847, 0.35555555555555557, 0.016975828541492866
0.2456676826233102, 0.35555555555555557, 0.005613543714407615
0.2528269707460632, 0.35555555555555557, 0.0028112290165486827
0.2478553668491778, 0.35555555555555557, 0.01620626888045656
0.18628112883618436, 0.35555555555555557, 0.002459589392392674
0.297056650250991, 0.35555555555555557, 0.01555783007475324
0.250688300671755, 0.35555555555555557, 0.010546570499018342
0.19254316616995576, 0.35555555555555557, 0.004686043210951647
0.2035387254465603, 0.35555555555555557, 0.009321589565002073
0.10969153052492792, 0.35555555555555557, 0.010266037950994877
0.1244770449763759, 0.35555555555555557, 0.001308988445867766
0.21235232708393292, 0.35555555555555557, 0.0033647620452127475
0.1576465513858132, 0.35555555555555557, 0.0011330248011238797
0.2409505369520951, 0.35555555555555557, 0.02673426424291777
0.15875079805074546, 0.35555555555555557, 0.007061148988130763
0.1751909383174414, 0.35555555555555557, 0.0019222712439101164
0.2664291055600857, 0.35555555555555557, 0.006026703362598047
0.16113556616111227, 0.35555555555555557, 0.005370523061727593
0.20201714373202756, 0.35555555555555557, 0.0010960967748624931
0.15736861411425154, 0.35555555555555557, 0.018510039938001453
0.26328113125295627, 0.35555555555555557, 0.00038148860385455694
0.09786725567202413, 0.35555555555555557, 0.010042469826195215
0.16485336822374833, 0.35555555555555557, 0.002489009580938867
0.2139447459401154, 0.35555555555555557, 0.007841893773783389
0.17859163216060106, 0.35555555555555557, 0.005964739934232648
0.23851794526320114, 0.35555555555555557, 0.0009832377376882229
0.2519064632582695, 0.35555555555555557, 0.0044664351914998
0.16903933882887756, 0.35555555555555557, 0.0014688329482011064
0.24756191021508506, 0.35555555555555557, 0.0151352078854221
0.13291030895215067, 0.35555555555555557, 0.0012184273539089891
0.21452470683602293, 0.35555555555555557, 0.0056148453253128065
0.1427157354009931, 0.35555555555555557, 0.010294471318861565
0.21822744300417715, 0.35555555555555557, 0.006575959128693926
0.24035792346474683, 0.35555555555555557, 0.001071582247101172
0.21069061288756694, 0.35555555555555557, 0.005437664656164035
0.24498292349320447, 0.35555555555555557, 0.003322571567307956
0.14239316527392, 0.35555555555555557, 0.009131459020990761
0.17717224689385724, 0.35555555555555557, 0.0005466552357865868
0.18555831583631077, 0.35555555555555557, 0.0025062146186101493
0.16682445835872867, 0.35555555555555557, 0.01911578696020892
0.11140460039759766, 0.35555555555555557, 0.019841727139161273
0.1944927404069671, 0.35555555555555557, 0.0038851755984835147
0.20015257409103632, 0.35555555555555557, 0.011839689229840281
0.24899469167030264, 0.35555555555555557, 0.002784161359601116
0.20340180886061798, 0.35555555555555557, 0.004669091746816692
0.18367864767358938, 0.35555555555555557, 0.014503715270686392
0.12262301654569782, 0.35555555555555557, 0.005345099074390426
0.28042436845746166, 0.35555555555555557, 0.0362108677926539
0.1886258065133023, 0.35555555555555557, 0.007692254786183928
0.23964586251753323, 0.35555555555555557, 0.006154898317047164
0.20019984875299424, 0.35555555555555557, 0.008484807269456026
0.09952739299673191, 0.35555555555555557, 0.0171159428856546
0.15278615137859447, 0.35555555555555557, 0.009884341570544594
0.22149694137081757, 0.35555555555555557, 0.019068309488379846
0.15397209997273126, 0.35555555555555557, 0.0025795902316405007
0.1392586286791253, 0.35555555555555557, 0.0038864682596071857
0.20625647178410095, 0.35555555555555557, 0.016147376748944436
0.17790715317919312, 0.35555555555555557, 0.002725955649278797
0.1763844882052656, 0.35555555555555557, 0.00028218391214705725
0.2523165425952687, 0.35555555555555557, 0.0010891384867736237
0.15972755123638488, 0.35555555555555557, 0.004831063622106981
0.13313620470683257, 0.35555555555555557, 0.009927353952399562
0.24425218831973644, 0.35555555555555557, 0.008027156527631755
0.23484108758618133, 0.35555555555555557, 0.003708666894375375
0.17642373374690437, 0.35555555555555557, 0.00047942050546133033
0.1377743017994382, 0.35555555555555557, 0.016202794400368523
0.2042195250449135, 0.35555555555555557, 0.00820283224185812
0.10610495253100254, 0.35555555555555557, 0.009993095324782772
0.226390463676114, 0.35555555555555557, 0.003204342758017784
0.1152689048616011, 0.35555555555555557, 0.0010952381847497141
0.10504328575363325, 0.35555555555555557, 0.01234337865741705
0.17334102301994664, 0.35555555555555557, 0.00425316462323302
0.28331502275556447, 0.35555555555555557, 0.004307928574217305
0.16337439198740186, 0.35555555555555557, 0.006791191955965785
0.23800854492355977, 0.35555555555555557, 0.014028248727654048
0.16716451485896627, 0.35555555555555557, 0.008347607283793001
0.12089310502502974, 0.35555555555555557, 0.006887697744006077
0.2882230681228374, 0.35555555555555557, 0.009843392132072715
0.1858708354370879, 0.35555555555555557, 0.002040624015621247
0.13120247075504304, 0.35555555555555557, 0.0016817272957155651
0.21950645769361987, 0.35555555555555557, 0.012625672801394339
0.17878235949080712, 0.35555555555555557, 0.004244222894686589
0.15249538276310332, 0.35555555555555557, 0.006982946528853113
0.1122927092400301, 0.35555555555555557, 0.009925170355627453
0.241325363398594, 0.35555555555555557, 0.007713702034466714
0.21192179873653083, 0.35555555555555557, 0.032295333582488324
0.13724349931747937, 0.35555555555555557, 0.008823413687733211
0.161999011207332, 0.35555555555555557, 0.027925385250175995
0.14581939432447666, 0.35555555555555557, 0.00033411578706803147
0.20814361896836203, 0.35555555555555557, 0.01592473345552713
0.10498415968178376, 0.35555555555555557, 0.00555481273201417
0.223800437914742, 0.35555555555555557, 0.007796967063757375
0.2328635207127412, 0.35555555555555557, 0.014162431633903454
0.12482719260210383, 0.35555555555555557, 0.0047469665542573475
0.2247305094056169, 0.35555555555555557, 0.027072923299845765
0.22498569567305943, 0.35555555555555557, 0.004364453271934093
0.27453509980200214, 0.35555555555555557, 0.000835626486932901
0.2337490772533891, 0.35555555555555557, 0.040602472350618625
0.20334654351089104, 0.35555555555555557, 0.008865082810004815
0.21572413495832454, 0.35555555555555557, 0.03167443551441958
0.20719794426126242, 0.35555555555555557, 0.0014010030735380555
0.28986191266908345, 0.35555555555555557, 0.002600477360602125
0.2612837499414469, 0.35555555555555557, 0.00883406315227035
0.24501897743529888, 0.35555555555555557, 0.004172598506302913
0.19699999199479476, 0.35555555555555557, 0.004019644208761602
0.2726654724370473, 0.35555555555555557, 0.006174621213255851
0.1323603126470974, 0.35555555555555557, 0.0031116939916946418
0.18663898756933384, 0.35555555555555557, 0.006137306618389164
0.1885266409098085, 0.35555555555555557, 0.003254449946256355
0.280699329597488, 0.35555555555555557, 0.00304506108372819
0.2239267342181277, 0.35555555555555557, 0.003422785176138919
0.24152447037758676, 0.35555555555555557, 0.0022706981661247635
0.22070128584637125, 0.35555555555555557, 0.003812315758686487
0.11268498871648741, 0.35555555555555557, 0.00593061156268593
0.17769117191478126, 0.35555555555555557, 0.02023874662076541
0.21365043711561518, 0.35555555555555557, 0.013157511417453815
0.1308954342899612, 0.35555555555555557, 0.005346077541947754
0.25919707800075004, 0.35555555555555557, 0.006063764903310567
0.18894716219209998, 0.35555555555555557, 0.0026061384336142374
0.23712785818478663, 0.35555555555555557, 0.003050532379235317
0.26428920392909405, 0.35555555555555557, 0.002580903390065747
0.1293231858293501, 0.35555555555555557, 0.002964565496297025
0.16895209210281947, 0.35555555555555557, 0.013262516590147471
0.2328095629032059, 0.35555555555555557, 0.02160371296496904
0.13785590522547872, 0.35555555555555557, 0.011672316585514625
0.19302576328613089, 0.35555555555555557, 0.0010617325215393663
0.18386947885101168, 0.35555555555555557, 0.021131000599469315
0.2391543279561608, 0.35555555555555557, 0.0034461324156049504
0.22290649437915844, 0.35555555555555557, 0.014404019124672054
0.16475688535169666, 0.35555555555555557, 0.0036763839397711204
0.15452770622657458, 0.35555555555555557, 0.015412047478827127
0.24423869819127866, 0.35555555555555557, 0.011276635207982928
0.18212447457544043, 0.35555555555555557, 0.0018206330105954485
0.2413355292200975, 0.35555555555555557, 0.005408184901133563
0.19144364553729118, 0.35555555555555557, 0.008186714141063554
0.2909556985811492, 0.35555555555555557, 0.021167604838334023
0.223271472374707, 0.35555555555555557, 0.018192338730708905
0.20825826318921903, 0.35555555555555557, 0.021867982413755278
0.14677649794169215, 0.35555555555555557, 0.008486363233735222
0.2627521719104073, 0.35555555555555557, 0.004099220262342915
0.2339827195686843, 0.35555555555555557, 0.00812385691113306
0.17758584287445012, 0.35555555555555557, 0.008832144409774785
0.2197266358603563, 0.35555555555555557, 0.046930120547990416
0.20876207880213885, 0.35555555555555557, 0.016073575924818808
0.18141131895226162, 0.35555555555555557, 0.016951285483368012
0.24713361923536356, 0.35555555555555557, 0.005376667735372622
0.13955632334416473, 0.35555555555555557, 0.002659761105403619
0.20470957103577714, 0.35555555555555557, 0.01007710019865058
0.07785348761331974, 0.35555555555555557, 0.014904354977577776
0.19521098879537105, 0.35555555555555557, 0.0010097816728019905
0.26452966842030723, 0.35555555555555557, 0.012081974786509644
0.21526745208983933, 0.35555555555555557, 0.014336851491964753
0.17424576909351974, 0.35555555555555557, 0.0011525628281007238
0.22788054739062566, 0.35555555555555557, 0.01486673223440419
0.2841695977129125, 0.35555555555555557, 0.007683306902825498
0.22010847382174267, 0.35555555555555557, 0.0005512982623933815
0.29353434097081443, 0.35555555555555557, 0.002277910797630085
0.24736288518735383, 0.35555555555555557, 0.017368126144092118
0.2031909278430412, 0.35555555555555557, 0.0017453479001191422
0.2429227355103126, 0.35555555555555557, 0.0030636167407555167
0.2159152558855545, 0.35555555555555557, 0.015334891775958301
0.21912278828578008, 0.35555555555555557, 0.0013838929128136156
0.14314219044419246, 0.35555555555555557, 0.005239576812485803
0.22605640484254869, 0.35555555555555557, 0.022767656970441048
0.20070635089076108, 0.35555555555555557, 0.005713613174214474
0.19377285426443464, 0.35555555555555557, 0.0029802383797122027
0.21734731169613736, 0.35555555555555557, 0.011597387314740894
0.16009259162044825, 0.35555555555555557, 0.0028768064763246325
0.22305223298232793, 0.35555555555555557, 0.009760759634973864
0.2076654183123867, 0.35555555555555557, 0.008992380599631743
0.05369179817546557, 0.35555555555555557, 0.029711460034520114
0.28078042815650067, 0.35555555555555557, 0.004677067047083768
0.1870444423981105, 0.35555555555555557, 0.0027622109851430867
0.1973380243853758, 0.35555555555555557, 0.011487326718602937
0.24028275028465504, 0.35555555555555557, 0.004650190734333997
0.22666620284723812, 0.35555555555555557, 0.015071927521590003
0.14828701688900775, 0.35555555555555557, 0.002573508666624123
0.13943207446049077, 0.35555555555555557, 0.007807552338600923
0.16648484949052267, 0.35555555555555557, 0.0027400495528340247
0.24254139193884466, 0.35555555555555557, 0.014131977921002362
0.20731163561936472, 0.35555555555555557, 0.0024392023821832825
0.17715329537141888, 0.35555555555555557, 0.021434304869884232
0.21377065530838726, 0.35555555555555557, 0.005357307556186314
0.19797218745602058, 0.35555555555555557, 0.014288229787897193
0.15279427079388458, 0.35555555555555557, 0.0009434501107976464
0.11636950530225507, 0.35555555555555557, 3.943058028430882e-05
0.19692133257615588, 0.35555555555555557, 0.007183887595375553
0.20376936611725727, 0.35555555555555557, 0.04346916924447602
0.15548736952587028, 0.35555555555555557, 0.012502812303058712
0.13902775196077433, 0.35555555555555557, 0.002688087922885545
0.2907537675117706, 0.35555555555555557, 0.0017379839318765753
0.21951183139254316, 0.35555555555555557, 0.00613486102612737
0.22761110323233158, 0.35555555555555557, 0.004095774539576459
0.22209599567065724, 0.35555555555555557, 0.00294518255027287
0.1752649069483034, 0.35555555555555557, 0.00877255035470626
0.21116924406529988, 0.35555555555555557, 0.01344104383726137
0.17262324272057833, 0.35555555555555557, 0.02535451438720401
0.2087874286447307, 0.35555555555555557, 0.008596176740617347
0.25772846620012024, 0.35555555555555557, 0.01746126582991377
0.22538264260810198, 0.35555555555555557, 0.0017145560818454552
0.2462848682626387, 0.35555555555555557, 0.009420194496677825
0.18018713212021137, 0.35555555555555557, 0.0005040898273719189
0.14317464910144373, 0.35555555555555557, 0.001918027486770294
0.19702719500614602, 0.35555555555555557, 0.011369696771900407
0.2247860234438092, 0.35555555555555557, 0.022108306242906575
0.19115848828258408, 0.35555555555555557, 0.002788398327270077
0.22423931264790933, 0.35555555555555557, 0.006996716749718041
0.17959243290720847, 0.35555555555555557, 0.00826623166915005
0.2742412913587955, 0.35555555555555557, 0.0024191328653859687
0.11121204768368179, 0.35555555555555557, 0.021591433870648064
0.17084296491621506, 0.35555555555555557, 0.008698496824866018
0.24696706257880102, 0.35555555555555557, 0.0013358991913654215
0.13720548260725957, 0.35555555555555557, 0.0024190811114193915
0.17710977425032176, 0.35555555555555557, 0.003379602287040262
0.11828796565294157, 0.35555555555555557, 1.0275763043026158e-05
0.15701590565328166, 0.35555555555555557, 0.014902638391666698
0.2856527558779834, 0.35555555555555557, 0.0020456868458335093
0.19763771725905196, 0.35555555555555557, 0.00414948536471911
0.3217801929237054, 0.35555555555555557, 0.023325495058760946
0.16741652371482812, 0.35555555555555557, 0.005420734540017026
0.14783294647665046, 0.35555555555555557, 0.0014840214894071395
0.19990634870872556, 0.35555555555555557, 0.02752940441154438
0.2387230581200954, 0.35555555555555557, 0.006795927392653332
0.14929118914037515, 0.35555555555555557, 0.0032795556703571565
0.16654949089766385, 0.35555555555555557, 0.009092259608098747
0.18377872655113286, 0.35555555555555557, 0.0021587803781390963
0.17735548237463017, 0.35555555555555557, 0.02242022978106926
0.213496050738313, 0.35555555555555557, 0.022143192494340453
0.13051897228650772, 0.35555555555555557, 0.025457231188000775
0.16447542936836018, 0.35555555555555557, 0.009757957070840878
0.22813569546434426, 0.35555555555555557, 0.010675778396011254
0.13037337564151014, 0.35555555555555557, 0.004204035657382821
0.13000315687526276, 0.35555555555555557, 0.007437892178773561
0.1813240150458541, 0.35555555555555557, 0.005053940180769127
0.17652921091513835, 0.35555555555555557, 0.01034920427727318
0.2921398035760147, 0.35555555555555557, 0.002259000918283578
0.225737878938277, 0.35555555555555557, 0.008009777707150475
0.18376941237034342, 0.35555555555555557, 0.012494034416612548
0.16599522422686291, 0.35555555555555557, 0.006253474219625935
0.17141613988313373, 0.35555555555555557, 0.005941148560683076
0.2542583454819519, 0.35555555555555557, 0.0013734937937246894
0.190091856701965, 0.35555555555555557, 0.0005034761239105747
0.2467883805290522, 0.35555555555555557, 0.004030641668205324
0.19196537022266527, 0.35555555555555557, 0.0004054409064699323
0.2633819386283231, 0.35555555555555557, 0.01667385554251614
0.2174456135341137, 0.35555555555555557, 0.006055866370428615
0.19930916220126646, 0.35555555555555557, 0.010691188638449747
0.34548515161007665, 0.35555555555555557, 0.0016127053758191326
0.18400234839807894, 0.35555555555555557, 0.01109284161836528
0.2538760282715918, 0.35555555555555557, 0.0064851445829954505
0.20575974144694087, 0.35555555555555557, 0.0007561174900979864
0.22641535078547298, 0.35555555555555557, 0.0018203335368060386
0.2664502222415582, 0.35555555555555557, 0.018657701166417306
0.17659425845539514, 0.35555555555555557, 0.0037392716269653956
0.17383982621457542, 0.35555555555555557, 0.005082178685294897
0.17957894528213209, 0.35555555555555557, 0.008704785723809864
0.2101098741420372, 0.35555555555555557, 0.003953720833700207
0.215508441456566, 0.35555555555555557, 0.006910508822453205
0.15213677860496125, 0.35555555555555557, 0.020202005654050916
0.10901423536460011, 0.35555555555555557, 0.014912839221029702
0.12932589034752018, 0.35555555555555557, 0.005855729870396693
0.20492626288293878, 0.35555555555555557, 0.002726693196621559
0.17153889773450665, 0.35555555555555557, 0.004140217700483155
0.28270669855806385, 0.35555555555555557, 0.005286681547663278
0.2059753004106314, 0.35555555555555557, 0.0025945954410405334
0.14440121378517762, 0.35555555555555557, 0.006850093014333744
0.145251546613337, 0.35555555555555557, 0.004804067819818269
0.23090510983257675, 0.35555555555555557, 0.0037161793607778182
0.18214800185344224, 0.35555555555555557, 0.007477375597152217
0.09920029025848978, 0.35555555555555557, 0.01400753880168458
0.19728182383059623, 0.35555555555555557, 0.006195782567060469
0.1622442735730775, 0.35555555555555557, 0.005112025952411796
0.20494760220860864, 0.35555555555555557, 0.00913349616853993
0.22518535795060582, 0.35555555555555557, 0.0013703488906682425
0.2343704556126803, 0.35555555555555557, 0.007707171600727039
0.2608893931841312, 0.35555555555555557, 0.006929658480014995
0.18710793762584305, 0.35555555555555557, 0.0012237828760208096
0.25082602504804624, 0.35555555555555557, 0.008918941212700563
0.23956657143425628, 0.35555555555555557, 0.001496932963761499
0.1541270632738236, 0.35555555555555557, 0.006706494487289112
0.14599970733430806, 0.35555555555555557, 0.007635838549119204
0.29111120801689927, 0.35555555555555557, 0.0012062026571471995
0.16585357715910934, 0.35555555555555557, 0.0045747175077482495
0.20300968946515216, 0.35555555555555557, 0.014005956355932209
0.20117634883710714, 0.35555555555555557, 0.021993855882527245
0.230772894383295, 0.35555555555555557, 0.00024724232692314454
0.2216520816902516, 0.35555555555555557, 0.006313470589958428
0.12996911375668052, 0.35555555555555557, 0.004247726136001291
0.15132134610438636, 0.35555555555555557, 0.004307160468102356
0.19546347105974685, 0.35555555555555557, 0.005050880132320697
0.23733694450455278, 0.35555555555555557, 0.0045891473636439474
0.19304736985940782, 0.35555555555555557, 0.0041765296214781806
0.20432465482340595, 0.35555555555555557, 0.003823265054219302
0.23869102873414832, 0.35555555555555557, 0.020005255118258916
0.29106960357592704, 0.35555555555555557, 0.025040072603953183
0.2164851128293058, 0.35555555555555557, 0.0004809596468167842
0.1630500018656882, 0.35555555555555557, 0.007246371125625697
0.1611278403011429, 0.35555555555555557, 0.008845873514166134
0.2262930198485399, 0.35555555555555557, 0.017171851917995848
0.1807674479128012, 0.35555555555555557, 0.0005602542171163436
0.18713259193784454, 0.35555555555555557, 0.017635899389038395
0.08744279405005646, 0.35555555555555557, 0.00380920859711151
0.27201119051594497, 0.35555555555555557, 0.015800585666705173
0.26099531785231644, 0.35555555555555557, 0.002285770403955633
0.15660827846721426, 0.35555555555555557, 0.006929780283362952
0.20054291581448486, 0.35555555555555557, 0.008925769659198205
0.17842533451613404, 0.35555555555555557, 0.022538323114532202
0.23948863766139458, 0.35555555555555557, 0.0032825215401433437
0.16865263227213467, 0.35555555555555557, 0.014149392222848119
0.29730234830354585, 0.35555555555555557, 0.02091385414508166
0.1533641217379034, 0.35555555555555557, 0.011164901104061308
0.1114394054441935, 0.35555555555555557, 0.004225825067107845
0.14626206052965657, 0.35555555555555557, 0.008442304737025987
0.2372395093128412, 0.35555555555555557, 0.010463322489231826
0.2365956432521605, 0.35555555555555557, 0.005257614031871127
0.25121101550248837, 0.35555555555555557, 0.00044298222844017164
0.24582942080773504, 0.35555555555555557, 0.0008228088770514162
0.14041085633022019, 0.35555555555555557, 0.007022991676559544
0.1499845097891534, 0.35555555555555557, 0.0013238417085495802
0.1750770462453567, 0.35555555555555557, 0.01179397131277066
0.20128547406043895, 0.35555555555555557, 0.011065521494664964
0.1455797994593463, 0.35555555555555557, 0.003968177578422983
0.20341637387247544, 0.35555555555555557, 0.029972060243925545
0.12512415977296448, 0.35555555555555557, 0.0013985744766515432
0.20457229020758622, 0.35555555555555557, 0.009451811753508432
0.18599976156588038, 0.35555555555555557, 0.01633670443013469
0.23577188841314012, 0.35555555555555557, 0.007171478584875723
0.20855268356055895, 0.35555555555555557, 0.0036167135598506135
0.1775531568578524, 0.35555555555555557, 0.00461857414740394
0.19854121141172254, 0.35555555555555557, 0.002967956600727044
0.2594003539693561, 0.35555555555555557, 0.0016668086738621877
0.1689420902633812, 0.35555555555555557, 0.01096856341669223
0.10989463419556272, 0.35555555555555557, 0.05935489706218759
0.16117825735007293, 0.35555555555555557, 0.022282427369262784
0.14607834031966663, 0.35555555555555557, 0.001651911770776665
0.3384622277671073, 0.35555555555555557, 0.0116697839967706
0.22678076485202325, 0.35555555555555557, 0.005109535089664432
0.11821001464359104, 0.35555555555555557, 0.0002587703275270274
0.20036041972609103, 0.35555555555555557, 0.009924733870750047
0.17191072475497277, 0.35555555555555557, 0.00466217560618645
0.1310688976220325, 0.35555555555555557, 0.004296515465617044
0.2842707147184028, 0.35555555555555557, 0.009895515527601139
0.2496854749872286, 0.35555555555555557, 0.002896300950182969
0.26775059719596034, 0.35555555555555557, 0.002413328756296645
0.21849428588331643, 0.35555555555555557, 0.025145237964494152
0.18319416023898996, 0.35555555555555557, 0.014057474787117602
0.2105318790493221, 0.35555555555555557, 0.00697682616561439
0.19066944515239442, 0.35555555555555557, 0.001960578711774251
0.2016994223045927, 0.35555555555555557, 0.001958099041127053
0.1395120057538584, 0.35555555555555557, 0.0006932484283675084
0.18223918672934386, 0.35555555555555557, 0.001454275043769443
0.19516009756542219, 0.35555555555555557, 0.0011920826582537238
0.1825716310281777, 0.35555555555555557, 0.01432858350876243
0.30683329470063514, 0.35555555555555557, 0.012508242466571689
0.2101912861023827, 0.35555555555555557, 0.0048152762323722806
0.265384075086131, 0.35555555555555557, 0.029401576246289703
0.2862800105913838, 0.35555555555555557, 0.003470160598077149
0.18245058866562897, 0.35555555555555557, 0.052335466988841825
0.11832237213639017, 0.35555555555555557, 0.0001023149117211397
0.3022160680985997, 0.35555555555555557, 0.004055435240584434
0.12185681942335648, 0.35555555555555557, 0.002816497516906784
0.15087969069297658, 0.35555555555555557, 0.00986985610923121
0.13782365333809954, 0.35555555555555557, 0.014166153623933801
0.18022594068286257, 0.35555555555555557, 0.006396238799751983
0.23936818902910378, 0.35555555555555557, 0.003960281735822763
0.22831975158433496, 0.35555555555555557, 0.0027298402935841334
0.18494916186880567, 0.35555555555555557, 0.010516216430234369
0.23264417968778273, 0.35555555555555557, 0.01004437509623021
0.22181020485093597, 0.35555555555555557, 0.013298424910568103
0.2585179873564258, 0.35555555555555557, 0.003911940410669206
0.1949045639693302, 0.35555555555555557, 0.013042112388627894
0.20410975776493545, 0.35555555555555557, 0.026324956469833002
0.14326524992583642, 0.35555555555555557, 0.0013001462255228446
0.1992752951640527, 0.35555555555555557, 0.00047631217175784455
0.11915131200482677, 0.35555555555555557, 0.003283190438693429
0.17936151791851576, 0.35555555555555557, 0.0027707005797343123
0.24893920190899702, 0.35555555555555557, 0.02179919203925949
0.17813164349100638, 0.35555555555555557, 0.026861163970488707
0.1777251757800673, 0.35555555555555557, 0.0012840052491968031
0.2120057612407625, 0.35555555555555557, 0.011085971663267058
0.2341965544887628, 0.35555555555555557, 0.001023913245760734
0.2100301938545231, 0.35555555555555557, 0.0008566340627614705
0.20176790215238727, 0.35555555555555557, 0.006998742377951111
0.24463411560988296, 0.35555555555555557, 0.0020498321047221235
0.280956324293003, 0.35555555555555557, 0.012536811996910879
0.2577592454500225, 0.35555555555555557, 0.0005487569391601492
0.16419722412481347, 0.35555555555555557, 0.006019665424675532
0.1414082613554575, 0.35555555555555557, 0.004509982631788467
0.20348782893681783, 0.35555555555555557, 0.020219982826987108
0.25778384077570726, 0.35555555555555557, 0.0037926627751065016
0.29558770385697575, 0.35555555555555557, 0.015951502570352327
0.15064856345673125, 0.35555555555555557, 0.00016017849126500721
0.13591790619779137, 0.35555555555555557, 0.015226197231942079
0.13970754150228923, 0.35555555555555557, 0.0014879936850557178
0.25846064198110386, 0.35555555555555557, 0.01202381137180313
0.14667732779118636, 0.35555555555555557, 0.017596576467910595
0.15199992421218206, 0.35555555555555557, 0.010960282305989806
0.17816307572994367, 0.35555555555555557, 0.008956045186107014
0.20287070989995953, 0.35555555555555557, 0.01323547132452272
0.19162961849408128, 0.35555555555555557, 0.011975380124305534
0.13451510932697758, 0.35555555555555557, 0.008749379775321713
0.18254068706933604, 0.35555555555555557, 0.0017503247365914924
0.2356888411662673, 0.35555555555555557, 0.0006109389951011398
0.23985075856641946, 0.35555555555555557, 0.0092098103405813
0.18191376171280682, 0.35555555555555557, 0.0015750602012014915
0.23005417798746075, 0.35555555555555557, 0.007372548793005867
0.18748365234706293, 0.35555555555555557, 0.014541825252099967
0.12785567318290347, 0.35555555555555557, 0.008813024347705787
0.19912110044464032, 0.35555555555555557, 0.0024213301557859113
0.14251373406099077, 0.35555555555555557, 0.014922980151707713
0.18915811904060958, 0.35555555555555557, 0.001091824526396306
0.24530132539582558, 0.35555555555555557, 0.018911203767461176
0.24109228397283955, 0.35555555555555557, 0.007261108310756527
0.15687583161223884, 0.35555555555555557, 0.011658323222796127
0.18381125949506663, 0.35555555555555557, 0.002298451159639628
0.19373821324270885, 0.35555555555555557, 0.003490836053372794
0.2171684723670842, 0.35555555555555557, 0.024505027095325857
0.1921135960982853, 0.35555555555555557, 0.03519094210936389
0.26238000426403, 0.35555555555555557, 0.020966287528766232
0.19087887437051787, 0.35555555555555557, 0.009238770193326851
0.15293129607332967, 0.35555555555555557, 0.002177375395505343
0.17120246353094093, 0.35555555555555557, 0.020003723810201685
0.20104470293164137, 0.35555555555555557, 0.006877233916353711
0.26565389660675526, 0.35555555555555557, 0.0002508462590976118
0.17761394594559715, 0.35555555555555557, 0.016249939498856805
0.24088124755506782, 0.35555555555555557, 0.006353660078378044
0.13126997517965383, 0.35555555555555557, 0.0017603640536068227
0.20810836574729452, 0.35555555555555557, 0.01271103289609157
0.12408229815024262, 0.35555555555555557, 0.0014759580382873337
0.20922532681322925, 0.35555555555555557, 0.010961105728418493
0.1537037597067168, 0.35555555555555557, 0.023869736166128953
0.2696640457287949, 0.35555555555555557, 0.00019517661930675004
0.18958755029233604, 0.35555555555555557, 0.011056682878950478
0.1961460571727794, 0.35555555555555557, 0.004380519825801101
0.17636411577354802, 0.35555555555555557, 0.024377203826791243
0.17567059840276475, 0.35555555555555557, 0.05341636436808876
0.20484964917093662, 0.35555555555555557, 0.01821623380049174
0.1662906966312769, 0.35555555555555557, 0.0017997245976507565
0.16092479205249755, 0.35555555555555557, 0.0023291385694742092
0.16321994453173508, 0.35555555555555557, 0.01668075105369005
0.12170059506236612, 0.35555555555555557, 0.0019442529301739902
0.1965120054790042, 0.35555555555555557, 4.7143173451580436e-05
0.17396853117483413, 0.35555555555555557, 0.049237953839748896
0.18556042641494744, 0.35555555555555557, 0.0034620055118180235
0.1559049101599929, 0.35555555555555557, 0.018937642647995582
0.2553173031379702, 0.35555555555555557, 0.00720378996617978
0.10548445839377653, 0.35555555555555557, 0.0024479131923864673
0.17641249381169133, 0.35555555555555557, 0.005984280053303142
0.26576513174579613, 0.35555555555555557, 0.0043498231746640905
0.2518923494203763, 0.35555555555555557, 0.010009392282829951
0.28944505158580014, 0.35555555555555557, 0.0019490634383458043
0.08276971053828774, 0.35555555555555557, 0.00359209066635416
0.199454962989113, 0.35555555555555557, 0.007198328897993198
0.22233506304434197, 0.35555555555555557, 0.0029064659166789407
0.16748560253818728, 0.35555555555555557, 0.006245583289360636
0.18839620119879863, 0.35555555555555557, 0.008964344455974875
0.20133570509193033, 0.35555555555555557, 0.010068124367441672
0.19613429609270117, 0.35555555555555557, 0.028461077616377367
0.22679135055090774, 0.35555555555555557, 0.0036321848293697566
0.1852097261656949, 0.35555555555555557, 0.0037217600785279478
0.25343115389052806, 0.35555555555555557, 0.0010222029499217836
0.2007544007039722, 0.35555555555555557, 0.003585939260392601
0.20265057946669585, 0.35555555555555557, 0.013905515876091986
0.15602253228463805, 0.35555555555555557, 0.0032829722644452195
0.11426430184074261, 0.35555555555555557, 0.0008264793271615439
0.17312895255909724, 0.35555555555555557, 0.0034035229531456895
0.2148627745235504, 0.35555555555555557, 0.0016584877558903704
0.2222149975800694, 0.35555555555555557, 0.006214436510892906
0.07804042738301131, 0.35555555555555557, 0.006132704501808533
0.1709031498282393, 0.35555555555555557, 0.001384996887912068
0.2484892001133838, 0.35555555555555557, 0.02012319330381361
0.2503356016372925, 0.35555555555555557, 0.008893200960636203
0.2404699926499418, 0.35555555555555557, 0.0008606302531601933
0.2251893964153527, 0.35555555555555557, 0.0006308301680559875
0.12850972010277073, 0.35555555555555557, 0.015014574961098261
0.29377882159761204, 0.35555555555555557, 0.0003325334038058959
0.1857136910866819, 0.35555555555555557, 0.0025874172474941006
0.11166190338604973, 0.35555555555555557, 0.004994017677265802
0.26723462680377635, 0.35555555555555557, 0.015053598793674548
0.21811659151263912, 0.35555555555555557, 0.013848793700024576
0.1456989139116196, 0.35555555555555557, 0.009608319087134562
0.2110058211680523, 0.35555555555555557, 0.01968732137684363
0.18164670767602648, 0.35555555555555557, 0.002493261051306394
0.30887949682459276, 0.35555555555555557, 0.0021277302924567754
0.1980785066160419, 0.35555555555555557, 0.007636396727000428
0.1963333987892403, 0.35555555555555557, 0.018071760153123954
0.212709831220239, 0.35555555555555557, 0.002048913435309532
0.20238467155322773, 0.35555555555555557, 0.01768578345536068
0.23914596256254508, 0.35555555555555557, 0.023273699156761727
0.03864002152269261, 0.35555555555555557, 0.011114308952645344
0.18546033804617693, 0.35555555555555557, 2.493279886499941e-05
0.25627259801659275, 0.35555555555555557, 0.0007362672146992517
0.13614242029839504, 0.35555555555555557, 0.01816158849769426
0.23313844068745224, 0.35555555555555557, 0.005185979718294288
0.16132330072988052, 0.35555555555555557, 0.002958710501816126
0.3270693302159646, 0.35555555555555557, 0.026430213076316485
0.13495788733680994, 0.35555555555555557, 0.005246372108830775
0.10681970965286829, 0.35555555555555557, 0.023512869601678935
0.21482204823786466, 0.35555555555555557, 0.00340536320309385
0.18877694610424817, 0.35555555555555557, 0.013103559197241465
0.23036603271906908, 0.35555555555555557, 0.007719413557599169
0.23309264184265657, 0.35555555555555557, 0.000952373668095585
0.2243690033134816, 0.35555555555555557, 0.027460345579878837
0.2810713944797122, 0.35555555555555557, 0.006233776966782577
0.28227574161683583, 0.35555555555555557, 0.012244540141434234
0.14481370772262958, 0.35555555555555557, 0.0034254737348709385
0.22497538784282675, 0.35555555555555557, 0.0062670382091628484
0.17653661192516992, 0.35555555555555557, 0.002197219936392988
0.13140733583773548, 0.35555555555555557, 0.008693487962895513
0.2005767857135755, 0.35555555555555557, 0.014135305412471974
0.12924951427053985, 0.35555555555555557, 0.012613990646611268
0.15482083229673038, 0.35555555555555557, 0.00544898594430421
0.1216583215925573, 0.35555555555555557, 0.0013790703209493403
0.18417304956461591, 0.35555555555555557, 0.002944395962705475
0.14599363939093618, 0.35555555555555557, 0.002262572293075679
0.29555237781857296, 0.35555555555555557, 0.004454541119381729
0.1555566292479654, 0.35555555555555557, 0.00489929512000757
0.2848712185381873, 0.35555555555555557, 0.007156961893744583
0.2621252344837584, 0.35555555555555557, 0.0014111976384031451
0.2576013088071169, 0.35555555555555557, 0.002126784371103593
0.10324021837905024, 0.35555555555555557, 0.024691243055829173
0.29213577832506915, 0.35555555555555557, 0.001003924457816324
0.1468776102328307, 0.35555555555555557, 0.010327729682727204
0.22901995258878177, 0.35555555555555557, 0.0024767835418991043
0.22601920616709714, 0.35555555555555557, 0.053108074660756864
0.22608195481485013, 0.35555555555555557, 0.003922090632235148
0.28975539464418376, 0.35555555555555557, 0.029782194892230447
0.22349036734106453, 0.35555555555555557, 0.014371081793287869
0.1941723005569571, 0.35555555555555557, 0.0003133914996010995
0.26255394796239795, 0.35555555555555557, 0.003247861246889879
0.22473595000941696, 0.35555555555555557, 0.009475974150903848
0.2510658094332886, 0.35555555555555557, 0.0014370849004947562
0.16002824857689818, 0.35555555555555557, 0.009714357494672003
0.18775937386731317, 0.35555555555555557, 0.0030491219017284746
0.21239903431135063, 0.35555555555555557, 0.0030630311020094
0.23580243175539697, 0.35555555555555557, 0.00395237544973387
0.2594900970993434, 0.35555555555555557, 0.005244428675313875
0.23539756512857038, 0.35555555555555557, 0.0058884820653504755
0.21847838437220726, 0.35555555555555557, 0.004634780583904062
0.23177597464909594, 0.35555555555555557, 0.0039187460603754025
0.21842089685644459, 0.35555555555555557, 0.01408513990160334
0.20520556974954007, 0.35555555555555557, 0.015365415774198053
0.11554998202464017, 0.35555555555555557, 0.006900292941545405
0.20263974126550144, 0.35555555555555557, 0.0033474129208204573
0.23965670239770498, 0.35555555555555557, 0.0036282799725585757
0.18972582141662825, 0.35555555555555557, 0.00026511187644518217
0.3097041309816839, 0.35555555555555557, 0.006758307640901873
0.16263432232539318, 0.35555555555555557, 0.0021616164431339873
0.23669770107520952, 0.35555555555555557, 0.0002703869060042683
0.22068526959093188, 0.35555555555555557, 0.004476469888158472
0.15677889970481762, 0.35555555555555557, 0.005144818705103095
0.21020393499157172, 0.35555555555555557, 0.014103977991778994
0.1503119668166947, 0.35555555555555557, 0.0006166743196193423
0.23489684106268968, 0.35555555555555557, 0.01352762870210868
0.23716786780484628, 0.35555555555555557, 0.005503498394669786
0.18391973140951687, 0.35555555555555557, 0.010220183458033414
0.1645432155348791, 0.35555555555555557, 0.024635352084320092
0.19652980604179945, 0.35555555555555557, 0.003106364714281907
0.16823044191882267, 0.35555555555555557, 0.0038162618873928906
0.19610060760470505, 0.35555555555555557, 0.010683904262721004
0.2553070112603568, 0.35555555555555557, 0.0036921368916294117
0.13571698534434123, 0.35555555555555557, 0.004387605731567956
0.18215448791376793, 0.35555555555555557, 0.0018102533411456065
0.331948794123088, 0.35555555555555557, 0.015203823046153746
0.17258740856769822, 0.35555555555555557, 0.019145938110153537
0.21634416121426933, 0.35555555555555557, 0.00805622141320211
0.1053288892079715, 0.35555555555555557, 0.011365115784987983
0.22786149576068307, 0.35555555555555557, 0.0022789140618501296
0.2051779527849089, 0.35555555555555557, 0.011015364810620513
0.24004578348592714, 0.35555555555555557, 0.006489532177956381
0.18214219562394401, 0.35555555555555557, 0.022419314324509953
0.23780682525245303, 0.35555555555555557, 0.006074271509258366
0.13625914869960704, 0.35555555555555557, 0.005339735652401712
0.23815058097050795, 0.35555555555555557, 0.006882279353662139
0.15149505425319354, 0.35555555555555557, 0.026227081743846487
0.1442512201546363, 0.35555555555555557, 0.000859032506546915
0.25332670516015954, 0.35555555555555557, 0.0007810794342439914
0.2547303213606855, 0.35555555555555557, 0.01080438135144333
0.19193448615677455, 0.35555555555555557, 0.0021949828819095877
0.19302251053158795, 0.35555555555555557, 0.0006243849146825452
0.17939736987069022, 0.35555555555555557, 0.008947727002582928
0.19980368275043633, 0.35555555555555557, 0.00384668972172725
0.21426735138648584, 0.35555555555555557, 0.0055112758129044655
0.2612348480266292, 0.35555555555555557, 0.003541567907962027
0.2022688669794953, 0.35555555555555557, 0.003123379510805314
0.21302419604019196, 0.35555555555555557, 0.015581302014407222
0.1888161604609748, 0.35555555555555557, 0.0019174149782662457
0.1924687752585811, 0.35555555555555557, 0.0038831701475431873
0.13858603241793213, 0.35555555555555557, 0.007253531710013339
0.22745764942540878, 0.35555555555555557, 0.03835160500141094
0.20821929947601212, 0.35555555555555557, 0.034678371132489026
0.2350229198086032, 0.35555555555555557, 0.0013209881912214358
0.2023456385543561, 0.35555555555555557, 0.042408825956762215
0.15440420858926043, 0.35555555555555557, 0.006578490268275876
0.14688745894121286, 0.35555555555555557, 0.003102988844316034
0.20232953523539762, 0.35555555555555557, 0.004514476626881481
0.21195400031631403, 0.35555555555555557, 0.008014929030120013
0.19282746431323336, 0.35555555555555557, 0.008809952318510181
0.18173644261595195, 0.35555555555555557, 0.006573543060290403
0.18667735268563265, 0.35555555555555557, 0.0021519829296960556
0.19920351210688467, 0.35555555555555557, 0.0033369211555752372
0.14582096834358924, 0.35555555555555557, 0.03586586066162428
0.18848745744233994, 0.35555555555555557, 0.010629900560970058
0.21458112362835627, 0.35555555555555557, 0.0017237676854396744
0.1779603484535806, 0.35555555555555557, 0.015860010077956278
0.16433689791878242, 0.35555555555555557, 5.384226689976594e-06
0.16327365117000722, 0.35555555555555557, 0.014335040430814908
0.14058427672982626, 0.35555555555555557, 3.108961546204669e-05
0.17082702644877315, 0.35555555555555557, 0.00590483555959399
0.2005154150635727, 0.35555555555555557, 0.0027000640640929396
0.21892870406060097, 0.35555555555555557, 0.006300922674961859
0.2525794103504276, 0.35555555555555557, 0.006798832016099627
0.17721469098066142, 0.35555555555555557, 0.0032674630327824443
0.13859482857963568, 0.35555555555555557, 0.0017922226126480516
0.13694658840486257, 0.35555555555555557, 0.001264096212402981
0.1729955598422715, 0.35555555555555557, 0.03804548606525228
0.12371503570021986, 0.35555555555555557, 0.008375546868740895
0.14677620387388118, 0.35555555555555557, 0.002447599297202542
0.20808241998086793, 0.35555555555555557, 0.015095601862480804
0.30773622964768177, 0.35555555555555557, 0.0018398595006168653
0.15556202331977714, 0.35555555555555557, 0.004488015862164034
0.23356178671546857, 0.35555555555555557, 0.020601693035684803
0.16335010416156776, 0.35555555555555557, 0.03020439417613177
0.14014669818258957, 0.35555555555555557, 0.008573919690324158
0.20195976075905023, 0.35555555555555557, 0.003749474348308157
0.21798325010353772, 0.35555555555555557, 0.0013770383892521478
0.1762616541792942, 0.35555555555555557, 0.0027665292868025693
0.17496355798789615, 0.35555555555555557, 0.0027460842839273415
0.1839959152241174, 0.35555555555555557, 0.00996387405729457
0.22122389948380594, 0.35555555555555557, 0.006272945184054157
0.1794400561841371, 0.35555555555555557, 0.0006202131187554411
0.17070449161951956, 0.35555555555555557, 0.0045039021877619784
0.15394709565476963, 0.35555555555555557, 0.010478382285147095
0.046323256248775785, 0.35555555555555557, 0.0025065995256807025
0.26963995806588253, 0.35555555555555557, 0.0009501313384399838
0.3016270530169586, 0.35555555555555557, 0.014394428804784181
0.17575686349939296, 0.35555555555555557, 0.005385796678033897
0.21545722404427234, 0.35555555555555557, 0.02026155476752776
0.18370689519735045, 0.35555555555555557, 0.0008406739450711841
0.15396548462371734, 0.35555555555555557, 0.0021133093998257535
0.26931962009168575, 0.35555555555555557, 0.00036158155262234034
0.19804757062013573, 0.35555555555555557, 0.013724833370069694
0.19426048326642376, 0.35555555555555557, 0.0429451398885853
0.25452707057887997, 0.35555555555555557, 0.003534945160849159
0.1452318949047838, 0.35555555555555557, 0.01295586882643353
0.23808735070822534, 0.35555555555555557, 0.001942540651018591
0.1343495572306278, 0.35555555555555557, 0.008647701436060789
0.23464345069177883, 0.35555555555555557, 0.004479763324166318
0.2717310025739606, 0.35555555555555557, 0.019575380224240456
0.2325555222469372, 0.35555555555555557, 0.012645916120458536
0.24471962671973943, 0.35555555555555557, 0.008564378710773583
0.23150100192286469, 0.35555555555555557, 0.008032115472901419
0.21389242779028494, 0.35555555555555557, 0.0004413603238315999
0.13472382439415764, 0.35555555555555557, 0.004645574920436789
0.14325006430291787, 0.35555555555555557, 0.02031509085194897
0.12332511895176508, 0.35555555555555557, 0.0028002627155358905
0.23707615853144692, 0.35555555555555557, 0.004089964082917925
0.26135195028790115, 0.35555555555555557, 0.013542110973739226
0.16312673791917673, 0.35555555555555557, 0.003401765294205355
0.1014996883205056, 0.35555555555555557, 0.002282171626254173
0.1127672235617387, 0.35555555555555557, 0.00698735088769871
0.20612812578881115, 0.35555555555555557, 0.018447031522090162
0.20673588525796033, 0.35555555555555557, 0.008022094000487628
0.1502611608650113, 0.35555555555555557, 0.004462724223251439
0.26090291375286434, 0.35555555555555557, 0.008020066760198013
0.1910018796396725, 0.35555555555555557, 0.00873872174351689
0.10903136241719559, 0.35555555555555557, 0.013117484920164773
0.15063436419187587, 0.35555555555555557, 0.00030215685734706746
0.16161651701990726, 0.35555555555555557, 0.0072387041805417485
0.24749429716319368, 0.35555555555555557, 0.005547906140472007
0.18814670200204792, 0.35555555555555557, 0.0008437039857092302
0.14824524761990931, 0.35555555555555557, 0.0036773352667645635
0.17398182431137824, 0.35555555555555557, 0.006117874321307807
0.13658947890943912, 0.35555555555555557, 0.007658559435798876
0.23069020369326557, 0.35555555555555557, 0.014542342654381138
0.2279473679189816, 0.35555555555555557, 0.003749751256270304
0.23710210224780354, 0.35555555555555557, 0.008254991938086688
0.2814330053207027, 0.35555555555555557, 0.009701344550009521
0.23441532285611066, 0.35555555555555557, 0.00843994334815278
0.2794654308325926, 0.35555555555555557, 0.005746739610852557
0.07935524339188205, 0.35555555555555557, 0.0030795918790590703
0.20488761258217195, 0.35555555555555557, 0.004564802781196676
0.1656149924088191, 0.35555555555555557, 0.012883116386585887
0.27462750388632184, 0.35555555555555557, 0.007111242900444109
0.14510229052508228, 0.35555555555555557, 0.015376017760203017
0.16250393427209503, 0.35555555555555557, 0.006485480415042989
0.11278173900087173, 0.35555555555555557, 0.02046592481724213
0.2192210682812147, 0.35555555555555557, 0.0016214569328608353
0.17491827755458064, 0.35555555555555557, 0.004464555528184388
0.24497694502093414, 0.35555555555555557, 0.0013165747822694817
0.1874815273569975, 0.35555555555555557, 0.008515892340959154
0.10329336131843919, 0.35555555555555557, 0.0014026674843023214
0.26227853351949126, 0.35555555555555557, 0.0008888186806128798
0.14243105886680044, 0.35555555555555557, 0.0031317514013532084
0.1601847855884982, 0.35555555555555557, 0.019682791246950115
0.1991476710926811, 0.35555555555555557, 0.0038566424043374094
0.18686329584150396, 0.35555555555555557, 0.0028581321531882626
0.15054043668492398, 0.35555555555555557, 0.0006711741745946162
0.2355766548985286, 0.35555555555555557, 0.0008138117009119894
0.23241296895006042, 0.35555555555555557, 0.014098944688816662
0.3275502716090637, 0.35555555555555557, 0.007929651725003392
0.2583346250023941, 0.35555555555555557, 0.00402297176498398
0.18101749074448006, 0.35555555555555557, 0.007496304217353886
0.21187428721014753, 0.35555555555555557, 0.008221978237662813
0.29975943048980447, 0.35555555555555557, 0.01313597903529447
0.2804556647902791, 0.35555555555555557, 0.0034483320966614156
0.09898832141549324, 0.35555555555555557, 0.016799802642263127
0.0533455342654304, 0.35555555555555557, 0.007927421790788454
0.19071693102467474, 0.35555555555555557, 0.009792064902879502
0.2104398150855942, 0.35555555555555557, 0.0026313337395410755
0.26171149926668535, 0.35555555555555557, 0.004017442669290525
0.26742666651481717, 0.35555555555555557, 0.012597055676725578
0.2440642371985466, 0.35555555555555557, 0.018189931630612017
0.2249564189015339, 0.35555555555555557, 0.003875584866561007
0.13515560589105918, 0.35555555555555557, 0.016228156853747927
0.20886705519700935, 0.35555555555555557, 0.021872286411180063
0.1187052636375658, 0.35555555555555557, 0.002462798188251836
0.23854720896180812, 0.35555555555555557, 0.009292281909553083
0.15309721375975519, 0.35555555555555557, 1.2667474571618606e-06
0.16072135862451392, 0.35555555555555557, 0.018663749581201913
0.18747029460749154, 0.35555555555555557, 0.0030433994577312696
0.23496284485126723, 0.35555555555555557, 0.0034193465589516542
0.14894685965586207, 0.35555555555555557, 0.014996695188230005
0.23884063050360588, 0.35555555555555557, 0.008535572041812293
0.18781977593822505, 0.35555555555555557, 0.0024148402671073303
0.2378828724156349, 0.35555555555555557, 0.0008100996801466085
0.17498605949253748, 0.35555555555555557, 0.002712143917482372
0.2003884248723293, 0.35555555555555557, 0.0027189850431864615
0.08722613734798242, 0.35555555555555557, 0.006887945968947816
0.2393620764643276, 0.35555555555555557, 0.01711856354243808
0.09832990528921821, 0.35555555555555557, 0.01080575873798307
0.3089967869370075, 0.35555555555555557, 0.01057842750761512
0.17923373644923288, 0.35555555555555557, 0.006809980111246124
0.2076371381833211, 0.35555555555555557, 0.01964085589859765
0.22322151073039864, 0.35555555555555557, 0.004334686460494398
0.19527412004202158, 0.35555555555555557, 0.018990184747505023
0.08650566853141109, 0.35555555555555557, 0.0048087842256345995
0.23219203064858238, 0.35555555555555557, 0.003722847892557519
0.07105687740529212, 0.35555555555555557, 0.010380175377551946
0.23324420337875615, 0.35555555555555557, 0.004658734077675146
0.16225948655508116, 0.35555555555555557, 0.0019548680201425003
0.161314381918325, 0.35555555555555557, 0.023102144244542766
0.12221631917697308, 0.35555555555555557, 0.008460909235090021
0.1985563259748081, 0.35555555555555557, 0.019728091663893197
0.20945483051629948, 0.35555555555555557, 0.004575070880521746
0.2182512176966493, 0.35555555555555557, 0.0005879935816141972
0.15687471448334142, 0.35555555555555557, 0.00411404601475293
0.26459337058266064, 0.35555555555555557, 0.0029526682159185607
0.1262254176048337, 0.35555555555555557, 0.004253888178317157
0.1324998279469819, 0.35555555555555557, 0.0037769947232369444
0.2663260781055969, 0.35555555555555557, 0.014724089180857708
0.01701008224410172, 0.35555555555555557, 0.006747731210380875
0.16297217733191893, 0.35555555555555557, 0.004495885834161324
0.17565427865490055, 0.35555555555555557, 0.007460372159584161
0.13242992348240612, 0.35555555555555557, 0.012057435115790386
0.20552875565408343, 0.35555555555555557, 0.004943898375102992
0.24483415214962279, 0.35555555555555557, 0.004148716381963042
0.17031486988095396, 0.35555555555555557, 0.00035803534931157
0.22448859959278988, 0.35555555555555557, 0.08029739743328242
0.23376650393653267, 0.35555555555555557, 0.0006195423450633924
0.15942188633832524, 0.35555555555555557, 0.024854034808980727
0.22900463974693813, 0.35555555555555557, 0.002807529928822769
0.23830355715935303, 0.35555555555555557, 0.0018245638243102268
0.2156775279156062, 0.35555555555555557, 0.015451385595163262
0.2357662949895803, 0.35555555555555557, 0.0019553940960900496
0.20650056799103197, 0.35555555555555557, 0.0038040501948224067
0.19089478325949188, 0.35555555555555557, 0.0007954165062966197
0.16891154329433478, 0.35555555555555557, 0.003946372326578246
0.19287237055561984, 0.35555555555555557, 0.01157282534964128
0.196192132843626, 0.35555555555555557, 0.0028383377170271102
0.10923819138433842, 0.35555555555555557, 0.013585841850454257
0.2103088221024721, 0.35555555555555557, 0.0024497850843175403
0.21606722752620397, 0.35555555555555557, 0.0052563163066399
0.19576127813564473, 0.35555555555555557, 0.0009879718130166644
0.18857070230347878, 0.35555555555555557, 0.011389346790805843
0.20497580820092043, 0.35555555555555557, 0.005969712943982823
0.23102267895180378, 0.35555555555555557, 0.0008533572417097489
0.32190080184848646, 0.35555555555555557, 0.0006211722133304243
0.24864096765955152, 0.35555555555555557, 0.017601546601773172
0.23438712220579672, 0.35555555555555557, 0.008806883855945595
0.14388028846044634, 0.35555555555555557, 0.012356057892524244
0.18132804147684387, 0.35555555555555557, 0.005698435878478833
0.23120720005721954, 0.35555555555555557, 0.021930371806377476
0.186865321880771, 0.35555555555555557, 0.004046548814450261
0.20102118631940025, 0.35555555555555557, 0.0017970019379818342
0.14047953434102747, 0.35555555555555557, 0.01305397513510142
0.2383503366013315, 0.35555555555555557, 0.0035240518805600162
0.15997852938855558, 0.35555555555555557, 0.00035899441629707864
0.12368572233930922, 0.35555555555555557, 0.0040270463817503165
0.24193240794938978, 0.35555555555555557, 0.004306712021516728
0.2260434453777236, 0.35555555555555557, 0.007396542346259722
0.1802585720244189, 0.35555555555555557, 0.004280752182330706
0.10628429668933079, 0.35555555555555557, 0.003696362609520105
0.1516472861131667, 0.35555555555555557, 0.004644220115374831
0.21160698732501, 0.35555555555555557, 0.002226479408020003
0.3203656097735165, 0.35555555555555557, 0.0053935566926555335
0.17130044402693578, 0.35555555555555557, 0.0014905724630360564
0.2340445491142427, 0.35555555555555557, 0.015232451262179654
0.2479099829229235, 0.35555555555555557, 0.01243048841296521
0.2163616762880974, 0.35555555555555557, 0.002794377015821907
0.1901092015896948, 0.35555555555555557, 0.02643969725554472
0.25051870489797856, 0.35555555555555557, 0.0008986026519289386
0.22933924263135658, 0.35555555555555557, 0.00935607602489634
0.16508254598715122, 0.35555555555555557, 0.00668885701785385
0.19097656891359047, 0.35555555555555557, 0.0029708270766533825
0.24697414250877997, 0.35555555555555557, 0.002650398887790198
0.09874207160032616, 0.35555555555555557, 0.010096695146426044
0.26903132999812346, 0.35555555555555557, 0.01049061916334757
