Phi, Sw, K
0.129990038883961, 0.22222222222222224, 0.08448068960914022
0.17082368630924857, 0.22222222222222224, 0.061559461453781925
0.17447715381728018, 0.22222222222222224, 0.03234021531251139
0.08860885219057457, 0.22222222222222224, 0.11478650355118927
0.1131928971318329, 0.22222222222222224, 0.021006666790879674
0.20289849062964133, 0.22222222222222224, 0.06455505773399774
0.17013597678112916, 0.22222222222222224, 0.013356652487779204
0.16884301383403258, 0.22222222222222224, 0.1675751303764456
0.258461663817662, 0.22222222222222224, 0.03733331449558821
0.07703591246224971, 0.22222222222222224, 0.042107268074214395
0.17195666169215204, 0.22222222222222224, 0.12328802260749273
0.1614085200154849, 0.22222222222222224, 0.0004885249914713324
0.18266567284065321, 0.22222222222222224, 0.16972833686651967
0.19116061390343242, 0.22222222222222224, 0.02162433619864914
0.26660498464822124, 0.22222222222222224, 0.0015649446300657292
0.22785528402144212, 0.22222222222222224, 0.011710175392275918
0.21993240826198182, 0.22222222222222224, 0.0033381626188097933
0.191482895850771, 0.22222222222222224, 0.018107461105112358
0.2269321920254342, 0.22222222222222224, 0.009783974581512388
0.1978235724954369, 0.22222222222222224, 0.04526869652050368
0.20394568810240027, 0.22222222222222224, 0.028689735817634582
0.2812277296614641, 0.22222222222222224, 0.08198565287828455
0.20527007374705183, 0.22222222222222224, 0.0014357278529775832
0.164193225154225, 0.22222222222222224, 0.05331046355314606
0.24852165830310421, 0.22222222222222224, 0.010269255726497404
0.2562540036409543, 0.22222222222222224, 0.0067811682355427005
0.09560758373167975, 0.22222222222222224, 0.00928424379384087
0.31925698643679873, 0.22222222222222224, 0.007841796584835057
0.22322524784681894, 0.22222222222222224, 0.03764234974923176
0.19206754853042263, 0.22222222222222224, 0.04853480199229226
0.19817554517078612, 0.22222222222222224, 0.038956972666479656
0.1842793318776474, 0.22222222222222224, 0.02079762250600587
0.20902944264690387, 0.22222222222222224, 0.01744061624063873
0.16729255744895166, 0.22222222222222224, 0.007921571549449618
0.09755581807889757, 0.22222222222222224, 0.08782950986524626
0.21696593637417014, 0.22222222222222224, 0.008550576290647987
0.1675773286960347, 0.22222222222222224, 0.027685364179068542
0.2429073336639206, 0.22222222222222224, 0.013769750927631072
0.1667897533332011, 0.22222222222222224, 0.007408950202852786
0.15876685220779652, 0.22222222222222224, 0.042182991877953956
0.22437190521407935, 0.22222222222222224, 0.006296001489761654
0.23065931046472304, 0.22222222222222224, 0.007750226970509979
0.20700689719921722, 0.22222222222222224, 0.05519255129540997
0.23526442699778805, 0.22222222222222224, 0.02378090446012615
0.18436318514838174, 0.22222222222222224, 0.03439157139077931
0.216545423604096, 0.22222222222222224, 0.021047532286635293
0.14571230934482818, 0.22222222222222224, 0.000870897379075284
0.1452978235334862, 0.22222222222222224, 0.024238228253057492
0.16753144937458575, 0.22222222222222224, 0.05379185529483659
0.19300511338810655, 0.22222222222222224, 0.07505215766408166
0.16290818242970456, 0.22222222222222224, 0.04102950376022392
0.21837939131981648, 0.22222222222222224, 0.021417630161214368
0.19238235648110988, 0.22222222222222224, 0.007051626755590303
0.18470793799639645, 0.22222222222222224, 0.022135047165374015
0.19688924223008086, 0.22222222222222224, 0.00759089502876822
0.2345421946672104, 0.22222222222222224, 0.031283104956296076
0.22724354710174327, 0.22222222222222224, 0.029860019811630646
0.23095396428506082, 0.22222222222222224, 0.015380626967254875
0.2122270764865509, 0.22222222222222224, 0.021539505390937196
0.26413344107284, 0.22222222222222224, 0.005719266051095714
0.17831008423207861, 0.22222222222222224, 0.012923772777969852
0.22261144773937672, 0.22222222222222224, 0.010356086655007889
0.2196550359560838, 0.22222222222222224, 0.025579787427303158
0.196281180157465, 0.22222222222222224, 0.014905449680438236
0.31031370735727537, 0.22222222222222224, 0.014920592857033581
0.2005680286997836, 0.22222222222222224, 0.006506154157188346
0.12119901912108372, 0.22222222222222224, 0.016614766898689227
0.27408552260225866, 0.22222222222222224, 0.020528292980148927
0.23157554063146907, 0.22222222222222224, 0.011027921139347268
0.19258372291008233, 0.22222222222222224, 0.0017270000999578714
0.19167011888672908, 0.22222222222222224, 0.011149799569848361
0.2093544642869436, 0.22222222222222224, 0.009935971854465004
0.23569480182213173, 0.22222222222222224, 0.003735974696988797
0.16139742360811155, 0.22222222222222224, 0.008027926155736219
0.23197386609558887, 0.22222222222222224, 0.021837121151974292
0.08509658401203427, 0.22222222222222224, 0.0018290038754060376
0.17145336533102185, 0.22222222222222224, 0.02288807871661801
0.2684417249707223, 0.22222222222222224, 0.13916246644934652
0.18933256680312555, 0.22222222222222224, 0.00871071608294492
0.22999143183023385, 0.22222222222222224, 0.013151261541563564
0.13128297698241542, 0.22222222222222224, 0.006432047905339544
0.2034989206691404, 0.22222222222222224, 0.02900910547497607
0.2272115787534032, 0.22222222222222224, 0.0029899630909383315
0.1741084070283263, 0.22222222222222224, 0.021095511869952663
0.29060207524935433, 0.22222222222222224, 0.005734263243201853
0.24901179405279547, 0.22222222222222224, 0.04434856926954424
0.1758321640720669, 0.22222222222222224, 0.03035987545766749
0.1935842731570748, 0.22222222222222224, 0.021838207145594632
0.28037889651152914, 0.22222222222222224, 0.08123383965697477
0.2262954273536029, 0.22222222222222224, 0.059994928967474465
0.17574084485169142, 0.22222222222222224, 0.022081052971805945
0.14010349277146214, 0.22222222222222224, 0.03072062510383817
0.16123984048877377, 0.22222222222222224, 0.02000762582484536
0.14732885013258495, 0.22222222222222224, 0.016920111994175962
0.1520249834362088, 0.22222222222222224, 0.015717624389870705
0.17263891667189385, 0.22222222222222224, 0.019997215797111556
0.23861012243021915, 0.22222222222222224, 0.042549365173506944
0.2246982068644117, 0.22222222222222224, 0.018288762846952397
0.20224599313821356, 0.22222222222222224, 0.0012412210888351146
0.28742952820438167, 0.22222222222222224, 0.0011550534341259642
0.21496861419592006, 0.22222222222222224, 0.1514045725169621
0.23304830064683812, 0.22222222222222224, 0.01718842784735643
0.1496282615954247, 0.22222222222222224, 0.003567917440701188
0.2160901151485895, 0.22222222222222224, 0.003908051356793233
0.23608798569753975, 0.22222222222222224, 0.01917973488053836
0.08019413229549877, 0.22222222222222224, 0.008474466036653503
0.14433386011349641, 0.22222222222222224, 0.03375688651073785
0.14619289361151325, 0.22222222222222224, 0.017641137218801926
0.1443001393695235, 0.22222222222222224, 0.008782320855839172
0.20522799419047374, 0.22222222222222224, 0.00421526003817749
0.24138427748863592, 0.22222222222222224, 0.02357988541307128
0.14633179618882527, 0.22222222222222224, 0.023009475310127116
0.20839965548787046, 0.22222222222222224, 0.024369255749711615
0.17979105570015708, 0.22222222222222224, 0.038607150798443714
0.20730870676649285, 0.22222222222222224, 0.029395699907049724
0.23099658216979416, 0.22222222222222224, 0.03611246040816508
0.1459871265244977, 0.22222222222222224, 0.008126466925502613
0.15294916818132254, 0.22222222222222224, 0.013521642791056115
0.18350287104047122, 0.22222222222222224, 0.02158416247406341
0.21712340794330093, 0.22222222222222224, 0.023577583494036845
0.2175407268124215, 0.22222222222222224, 0.017044786392322563
0.1669511882649721, 0.22222222222222224, 0.007562638928927349
0.18730252768989492, 0.22222222222222224, 0.028795298540195233
0.17505223374412981, 0.22222222222222224, 0.06918973178478655
0.19270047104381302, 0.22222222222222224, 0.12604888998919347
0.22062329612542309, 0.22222222222222224, 0.012628605670171269
0.25488613752842737, 0.22222222222222224, 0.02671478906355809
0.2708099919818927, 0.22222222222222224, 0.002084198880265663
0.19998656872173926, 0.22222222222222224, 0.021163671065962984
0.1526557948933051, 0.22222222222222224, 0.044544991907625425
0.31307853581082346, 0.22222222222222224, 0.08468407253538478
0.2246445231406705, 0.22222222222222224, 0.0022885989552496183
0.2883784560137959, 0.22222222222222224, 0.0006179176258398184
0.14644798718054203, 0.22222222222222224, 0.036507762880652155
0.14025624623949381, 0.22222222222222224, 0.002234285139465639
0.22174568389359112, 0.22222222222222224, 0.006397588707356088
0.16040504894941318, 0.22222222222222224, 0.013822850242158962
0.10141496564513203, 0.22222222222222224, 0.08790896634957113
0.2376992711374249, 0.22222222222222224, 0.0876376483266988
0.2362163612816302, 0.22222222222222224, 0.01917270352451332
0.1900739476506582, 0.22222222222222224, 0.03573509317899663
0.14679804021134069, 0.22222222222222224, 0.0059427314632729674
0.24649932259033774, 0.22222222222222224, 0.0027131751864791134
0.26188005929350794, 0.22222222222222224, 0.022663449379646
0.20358338002703144, 0.22222222222222224, 0.003325529083478536
0.2622530436491055, 0.22222222222222224, 0.018569740916982762
0.20309526530444216, 0.22222222222222224, 0.034962796908393934
0.18640233263265552, 0.22222222222222224, 0.005004888281288665
0.23236007044190807, 0.22222222222222224, 0.003870683822933171
0.1863630276689108, 0.22222222222222224, 0.03406845814452298
0.2048303402547856, 0.22222222222222224, 0.03236546935443361
0.13088081503818416, 0.22222222222222224, 0.02044654342315095
0.24286588382014107, 0.22222222222222224, 0.0038251997095944067
0.2286088880642999, 0.22222222222222224, 0.003330919026647896
0.16941261959160347, 0.22222222222222224, 0.05594411215137332
0.21255154729086276, 0.22222222222222224, 0.020481422055814373
0.12055892106685767, 0.22222222222222224, 0.10527329522185831
0.22663927467740408, 0.22222222222222224, 0.0055461931015480925
0.1345488195304131, 0.22222222222222224, 0.007517981803175366
0.07977874020192029, 0.22222222222222224, 0.06594975793874867
0.17933518144375565, 0.22222222222222224, 0.05563502023716765
0.17945135305628576, 0.22222222222222224, 0.0016050855145841082
0.3325342534299215, 0.22222222222222224, 0.048787646464467094
0.1558254242688954, 0.22222222222222224, 0.013826113809806624
0.19949979660632808, 0.22222222222222224, 0.004611192871691607
0.13064746793677873, 0.22222222222222224, 0.007263901473578947
0.1402173570103094, 0.22222222222222224, 0.013040016256365573
0.1612833554707326, 0.22222222222222224, 0.007883420873209987
0.24054272022788842, 0.22222222222222224, 0.050161853844635104
0.18646166649291682, 0.22222222222222224, 0.00966751282338126
0.1028813233594928, 0.22222222222222224, 0.0616519161236924
0.3089356322201174, 0.22222222222222224, 0.008763826257152602
0.21020481058894253, 0.22222222222222224, 0.011937171902895541
0.15698416487654107, 0.22222222222222224, 0.007244633300116049
0.1584939725270825, 0.22222222222222224, 0.036161829136765196
0.2800433463210584, 0.22222222222222224, 0.03890224736334814
0.24838448116896608, 0.22222222222222224, 0.025960831399379096
0.2775227729012941, 0.22222222222222224, 0.01283615864546438
0.23151787649571137, 0.22222222222222224, 0.03988673301150572
0.2102561620467019, 0.22222222222222224, 0.0177147349796527
0.23434455609216878, 0.22222222222222224, 0.007976914650621834
0.2244109907369747, 0.22222222222222224, 0.040877849024169036
0.195973670727079, 0.22222222222222224, 0.11198515528827149
0.1944136954299852, 0.22222222222222224, 0.03214379397063627
0.18126781846796508, 0.22222222222222224, 0.06323333014604729
0.1607259448984545, 0.22222222222222224, 0.005040639871437176
0.19212570555744368, 0.22222222222222224, 0.02737344666138063
0.1854829573065427, 0.22222222222222224, 0.005254175172118002
0.16848400022383092, 0.22222222222222224, 0.017664636138878493
0.1865412110517789, 0.22222222222222224, 0.007428638239670297
0.12477047005147499, 0.22222222222222224, 0.007290044007921037
0.0981848316914929, 0.22222222222222224, 0.047898526884590134
0.16366557003407461, 0.22222222222222224, 0.011359247593114866
0.2419358230973136, 0.22222222222222224, 0.009948027614428725
0.1458008931247177, 0.22222222222222224, 0.013546554574588891
0.15158280850672126, 0.22222222222222224, 0.03633388658150836
0.15356567241968683, 0.22222222222222224, 0.006036168224780833
0.2354373734651538, 0.22222222222222224, 0.0028419666514510225
0.19344466096965884, 0.22222222222222224, 0.13275824293336014
0.14494128963531996, 0.22222222222222224, 0.03265504464201834
0.20598632553418228, 0.22222222222222224, 0.016789298958725576
0.1016527802623024, 0.22222222222222224, 0.005558105805260667
0.15853472047670844, 0.22222222222222224, 0.007941370008393223
0.27262579957584676, 0.22222222222222224, 0.03329236764547513
0.16707272656881528, 0.22222222222222224, 0.010580758994024
0.3360642945879091, 0.22222222222222224, 0.0741586202849094
0.2598951178799622, 0.22222222222222224, 0.013189338576193595
0.21091203024465174, 0.22222222222222224, 0.006194758696169549
0.15112037385760121, 0.22222222222222224, 0.042585250161341605
0.2211287658368069, 0.22222222222222224, 0.01960299076614055
0.23709230938691317, 0.22222222222222224, 0.010010431902180858
0.2707114785955899, 0.22222222222222224, 0.012260708686846611
0.23363949210864024, 0.22222222222222224, 0.009731541039800945
0.2583720284995892, 0.22222222222222224, 0.00784707434405799
0.19877653768789502, 0.22222222222222224, 0.029618266624728037
0.23707455846692338, 0.22222222222222224, 0.04993714289975243
0.26065915768763653, 0.22222222222222224, 0.03543720629844759
0.19060568993119031, 0.22222222222222224, 0.03266597768746971
0.1499218241250764, 0.22222222222222224, 0.005702310621115716
0.21889568738699616, 0.22222222222222224, 0.008177491008861493
0.17546617912785112, 0.22222222222222224, 0.017943940043211568
0.27140664595321284, 0.22222222222222224, 0.017424041535573587
0.21715968234425978, 0.22222222222222224, 0.11490632778751449
0.22804385449216624, 0.22222222222222224, 0.003966004636241057
0.22814560743653636, 0.22222222222222224, 0.00399329183299867
0.15640457758471438, 0.22222222222222224, 0.031331735190917344
0.15614207264270158, 0.22222222222222224, 0.0012225980428339945
0.2131891508174832, 0.22222222222222224, 0.002665370962200394
0.24406566031065952, 0.22222222222222224, 0.005194355955528803
0.12914114902318458, 0.22222222222222224, 0.0731782911331843
0.2143735329526529, 0.22222222222222224, 0.019557006861340223
0.23005810474184468, 0.22222222222222224, 3.634708185783041e-05
0.15246662625829047, 0.22222222222222224, 0.0028610682860105963
0.22711630729034055, 0.22222222222222224, 0.010821437394105937
0.25427801155471164, 0.22222222222222224, 0.058448926233915385
0.25008818078741235, 0.22222222222222224, 0.010042756531695052
0.15111614367905615, 0.22222222222222224, 0.2836575052797092
0.0630276989823084, 0.22222222222222224, 0.052318854006421535
0.13258546941670152, 0.22222222222222224, 0.011311858062808912
0.17707580257110017, 0.22222222222222224, 0.0003788444661482246
0.22627960688839804, 0.22222222222222224, 0.05674819683971269
0.20205709145586995, 0.22222222222222224, 0.005981352781464765
0.2688360262900062, 0.22222222222222224, 0.005147917472658139
0.1650787164388498, 0.22222222222222224, 0.033239978376845405
0.2791284506101811, 0.22222222222222224, 0.0006220149641894957
0.12859200174378285, 0.22222222222222224, 0.020551860010505626
0.163770241710683, 0.22222222222222224, 0.023455754978870546
0.18047059947251873, 0.22222222222222224, 0.005950099407118281
0.2127534891108429, 0.22222222222222224, 0.00499412615163983
0.15813221232446123, 0.22222222222222224, 0.013259802135432985
0.2247811659691439, 0.22222222222222224, 0.019954265301035185
0.16330956595178742, 0.22222222222222224, 0.006339048498248197
0.19819719979698994, 0.22222222222222224, 0.00968872305686729
0.22111187050711073, 0.22222222222222224, 0.006651308846669946
0.21419258807966451, 0.22222222222222224, 0.031280523758418964
0.20675542894092905, 0.22222222222222224, 0.01439153704571928
0.15375941755738837, 0.22222222222222224, 0.0025632831403194457
0.19714789333272859, 0.22222222222222224, 0.006006426088644336
0.2635454042979031, 0.22222222222222224, 0.029874730528886992
0.22779063552574022, 0.22222222222222224, 0.01828190728602058
0.12626162825906873, 0.22222222222222224, 0.03328021491764388
0.25471824134427945, 0.22222222222222224, 0.0029997917501808193
0.27348915885395503, 0.22222222222222224, 0.011741270004988195
0.24611838630193367, 0.22222222222222224, 0.001301869094266801
0.18166299889917528, 0.22222222222222224, 0.021815986210540515
0.25757737326511154, 0.22222222222222224, 0.024553377844941892
0.10356400883650661, 0.22222222222222224, 0.040847037871011065
0.21741767511174082, 0.22222222222222224, 0.09169683526504557
0.25117801052447813, 0.22222222222222224, 0.016907249313684165
0.25941901900164854, 0.22222222222222224, 0.0298030200768076
0.22401620860966465, 0.22222222222222224, 0.005644352861383617
0.23118203176685215, 0.22222222222222224, 0.025766613569988543
0.17944330148463258, 0.22222222222222224, 0.0016080271141603575
0.23318654839479952, 0.22222222222222224, 0.023926580486366134
0.17365344032405433, 0.22222222222222224, 0.05714247319096259
0.21413316814545902, 0.22222222222222224, 0.015284384396140592
0.11847046897802745, 0.22222222222222224, 0.023104208667494946
0.24371461034648628, 0.22222222222222224, 0.0035772022904266886
0.27180886568065843, 0.22222222222222224, 0.020678584617671966
0.19367060351644363, 0.22222222222222224, 0.016611230668698667
0.14655513300413991, 0.22222222222222224, 0.01404734254259961
0.18258907173259378, 0.22222222222222224, 0.01427911689687183
0.12614403344582176, 0.22222222222222224, 0.09273498568992612
0.18838548347745268, 0.22222222222222224, 0.013145297858942803
0.1659202433680701, 0.22222222222222224, 0.039526477106092105
0.1924201839669931, 0.22222222222222224, 0.01766437256532419
0.1871431776458387, 0.22222222222222224, 0.025953598397111644
0.23435254026990326, 0.22222222222222224, 0.06971546279036682
0.17975980364453173, 0.22222222222222224, 0.004062425801533535
0.2291510718747426, 0.22222222222222224, 0.01769072279712135
0.1359007283150196, 0.22222222222222224, 0.013140457508866273
0.2168616339346395, 0.22222222222222224, 0.03628602163809355
0.1464524637991637, 0.22222222222222224, 0.04281128071785341
0.18032764466011506, 0.22222222222222224, 0.04260995869671784
0.18951582471797496, 0.22222222222222224, 0.01338703854228234
0.21380227740453164, 0.22222222222222224, 0.0029743112651945745
0.17531176906378215, 0.22222222222222224, 0.00962378170039166
0.2273429324955064, 0.22222222222222224, 0.05492377921235253
0.26175338977245743, 0.22222222222222224, 0.030412983640066938
0.17594766625176902, 0.22222222222222224, 0.004412736548672848
0.29540523357092546, 0.22222222222222224, 0.028785471503906625
0.22214710469734877, 0.22222222222222224, 0.03486838800472665
0.2003490682834071, 0.22222222222222224, 0.009659620674902109
0.18976299791286155, 0.22222222222222224, 0.01917371040342073
0.17898484269830647, 0.22222222222222224, 0.005623958162156022
0.18479422208639112, 0.22222222222222224, 0.04630649238619094
0.21996399415313952, 0.22222222222222224, 0.0439887387209145
0.13759662691892569, 0.22222222222222224, 0.03476758633103095
0.21992061486637754, 0.22222222222222224, 0.006091632544392297
0.2379132349229132, 0.22222222222222224, 0.0037036704998237423
0.27899587985841645, 0.22222222222222224, 0.029531533649770316
0.14210459461735345, 0.22222222222222224, 0.056334412932129256
0.24333080706658183, 0.22222222222222224, 0.005322011169063059
0.21662470545028592, 0.22222222222222224, 0.005565598123862375
0.13947231536968785, 0.22222222222222224, 0.01479056366102262
0.17462378429551992, 0.22222222222222224, 0.005285336013340406
0.19576194910149008, 0.22222222222222224, 0.019665681780775754
0.22102377162737202, 0.22222222222222224, 0.010682714031760254
0.3517087497503074, 0.22222222222222224, 0.0019288967814371216
0.15160978356061838, 0.22222222222222224, 0.003441487487738186
0.17187743905078046, 0.22222222222222224, 0.03609683136993987
0.20513338610425927, 0.22222222222222224, 0.06263388309967291
0.16194394335355194, 0.22222222222222224, 0.026695470837774415
0.2130777369715376, 0.22222222222222224, 0.012462300826768254
0.1913914054582125, 0.22222222222222224, 0.004435131206079025
0.22015375353588734, 0.22222222222222224, 0.01386476733909528
0.17275040923517632, 0.22222222222222224, 0.00020758569031475882
0.17579412068058403, 0.22222222222222224, 0.00860509559451257
0.28029432905253865, 0.22222222222222224, 0.032779988059004915
0.16001433656869868, 0.22222222222222224, 0.004065100174662836
0.1936862850583637, 0.22222222222222224, 0.008102708786246504
0.21528322564666494, 0.22222222222222224, 0.00891767587308952
0.20986640917648508, 0.22222222222222224, 0.0027994262986649264
0.17472298454666144, 0.22222222222222224, 0.000847482517027759
0.20997309349857946, 0.22222222222222224, 0.0048077712093880275
0.28420900326363563, 0.22222222222222224, 0.011204404453156661
0.14739124506426676, 0.22222222222222224, 0.007473529437656796
0.24602842841261344, 0.22222222222222224, 0.013496566427383536
0.24646597490510436, 0.22222222222222224, 0.007892225425259785
0.22038607178798897, 0.22222222222222224, 0.01986631466774785
0.23843266660402052, 0.22222222222222224, 0.031955153185411776
0.20652933769883475, 0.22222222222222224, 0.02945005485717358
0.12551391456386263, 0.22222222222222224, 0.019278406338554287
0.1843866222910715, 0.22222222222222224, 0.03599373090450292
0.2214136103802822, 0.22222222222222224, 0.006456879622346182
0.11888390967729878, 0.22222222222222224, 0.011569058584966084
0.16043016638813065, 0.22222222222222224, 0.00831759839366268
0.23914270562354234, 0.22222222222222224, 0.003610572717805484
0.2325587393431782, 0.22222222222222224, 0.05395368877516179
0.2308151541891431, 0.22222222222222224, 0.03467363827661516
0.18128969256199676, 0.22222222222222224, 0.0014256626102312829
0.2164817029166311, 0.22222222222222224, 0.026645501749664128
0.25200323673844444, 0.22222222222222224, 0.014405494764401082
0.17462082301106982, 0.22222222222222224, 0.004766560956486621
0.10829955098470467, 0.22222222222222224, 0.03850290831574008
0.26776663932187855, 0.22222222222222224, 0.02527389348093553
0.2354468900970235, 0.22222222222222224, 0.02822983307391828
0.1441358224229375, 0.22222222222222224, 0.005608285609911571
0.17787530357305947, 0.22222222222222224, 0.025171452924894474
0.18802171483008448, 0.22222222222222224, 0.025097598718020225
0.23606317477830416, 0.22222222222222224, 0.015352075588606875
0.21349372386989712, 0.22222222222222224, 0.01755207581590097
0.26313866495501265, 0.22222222222222224, 0.06328129533270928
0.2236260718791213, 0.22222222222222224, 0.00811525723087955
0.15192789344503302, 0.22222222222222224, 0.01850040124091324
0.14908347076919207, 0.22222222222222224, 0.008801637127118856
0.20983871641857077, 0.22222222222222224, 0.004000916013655435
0.16395787894907837, 0.22222222222222224, 0.005848615151496847
0.18966329496975035, 0.22222222222222224, 0.0011054669004686277
0.23052105985714402, 0.22222222222222224, 0.01115600212343196
0.19541592864113588, 0.22222222222222224, 0.03423500298079234
0.2803534398327666, 0.22222222222222224, 0.020329869958657668
0.19571096566055876, 0.22222222222222224, 0.006691417881050694
0.14960476442300352, 0.22222222222222224, 0.023985631639362376
0.19193904168205056, 0.22222222222222224, 0.046829732353119755
0.20129516606893774, 0.22222222222222224, 0.02664100772027802
0.19461734588849816, 0.22222222222222224, 0.023742156912884557
0.24044236202510516, 0.22222222222222224, 0.02314989628863047
0.17149419203175104, 0.22222222222222224, 0.137116132704325
0.20522390077179617, 0.22222222222222224, 0.018319079492821116
0.11198835571216544, 0.22222222222222224, 0.01689898541940992
0.2244908827179073, 0.22222222222222224, 0.029422384512034
0.21560299811230407, 0.22222222222222224, 0.06804177262389484
0.22323360805851897, 0.22222222222222224, 0.006689317280672884
0.17140922835531497, 0.22222222222222224, 0.010625356781592548
0.14212734501349455, 0.22222222222222224, 0.02113033037724679
0.19419457910471372, 0.22222222222222224, 0.005947975221894328
0.1665921978215782, 0.22222222222222224, 0.023606048395530592
0.16562513961240571, 0.22222222222222224, 0.018996189482240883
0.2187018689027844, 0.22222222222222224, 0.008946015601486832
0.15812294558027115, 0.22222222222222224, 0.029974506209891505
0.1598784488673331, 0.22222222222222224, 0.014685134846973275
0.1808033324986475, 0.22222222222222224, 0.03468941850347616
0.2581877530538368, 0.22222222222222224, 0.019326014330202413
0.16891038439303852, 0.22222222222222224, 0.04515997198710382
0.18709406148588914, 0.22222222222222224, 0.007569922148438537
0.2523175619509016, 0.22222222222222224, 0.05875868435175862
0.18279647106445174, 0.22222222222222224, 0.03768333242164371
0.25485461584823965, 0.22222222222222224, 0.016354313398320167
0.12262670083053656, 0.22222222222222224, 0.022902522406915784
0.143779272148544, 0.22222222222222224, 0.0445812430464247
0.2734904895262651, 0.22222222222222224, 0.004825843192167116
0.22723311043754782, 0.22222222222222224, 0.004941300240090105
0.2316118749842335, 0.22222222222222224, 0.003375707910878837
0.19376228679577065, 0.22222222222222224, 0.06222035183510851
0.20424463003323842, 0.22222222222222224, 0.008479680396767404
0.11228951340398591, 0.22222222222222224, 0.031673961882565556
0.23244852327968843, 0.22222222222222224, 0.014738408919654243
0.20821551437651253, 0.22222222222222224, 0.039427624074151166
0.13186823530785288, 0.22222222222222224, 0.004282024927520135
0.17817555199008012, 0.22222222222222224, 0.01206162644491621
0.14458185946253793, 0.22222222222222224, 0.02256740022583803
0.26249184114406, 0.22222222222222224, 0.010930052284557538
0.22025335248283795, 0.22222222222222224, 0.035713191550389926
0.18897940941835709, 0.22222222222222224, 0.004587093557318958
0.15457142391661322, 0.22222222222222224, 0.011101066512480988
0.13992387972689907, 0.22222222222222224, 0.014352149925837854
0.14823781337635925, 0.22222222222222224, 0.010648311805655293
0.29614356557020505, 0.22222222222222224, 0.028761099737264498
0.17166887527296454, 0.22222222222222224, 0.000633867054042576
0.06598716012969039, 0.22222222222222224, 0.023343282815619974
0.18181519828359669, 0.22222222222222224, 0.0035966966653034364
0.21819147594235005, 0.22222222222222224, 0.021487954495331123
0.22547063687761992, 0.22222222222222224, 0.007476865261479684
0.14385161355440304, 0.22222222222222224, 0.017594527459261832
0.23195908978565624, 0.22222222222222224, 0.010015515091178808
0.19025156658742146, 0.22222222222222224, 0.0172799208195486
0.189646745049401, 0.22222222222222224, 0.009659745837164984
0.200060432558654, 0.22222222222222224, 0.028590386531271925
0.18178007174818822, 0.22222222222222224, 0.024816148910069138
0.24975929369729627, 0.22222222222222224, 0.002375287165273955
0.1709239600429556, 0.22222222222222224, 0.011342629634483981
0.15460673769087108, 0.22222222222222224, 0.01157193933162842
0.15681616217337171, 0.22222222222222224, 0.026155570833598776
0.22826933424398593, 0.22222222222222224, 0.0015894512041949587
0.2510099865125733, 0.22222222222222224, 0.01844533533297782
0.1844040024694394, 0.22222222222222224, 0.032951363937596886
0.22785002863557327, 0.22222222222222224, 0.015373433693260025
0.17328268829154536, 0.22222222222222224, 0.017480153492538317
0.23673658324988936, 0.22222222222222224, 0.1146843078948084
0.20327897995458058, 0.22222222222222224, 0.017796607793427743
0.2108025289439821, 0.22222222222222224, 0.024112904836042042
0.24503974193070582, 0.22222222222222224, 0.03420074490145457
0.297012457265851, 0.22222222222222224, 0.0029641268883138848
0.23576142732958882, 0.22222222222222224, 0.019398992046259427
0.2802134297758519, 0.22222222222222224, 0.04391590823568963
0.19821045977948504, 0.22222222222222224, 0.054083052648638726
0.12917394400834903, 0.22222222222222224, 0.009849762253019333
0.1885788760759629, 0.22222222222222224, 0.037488152258038296
0.1581190182994937, 0.22222222222222224, 0.05549828679506242
0.20898313248509648, 0.22222222222222224, 0.009233094148715435
0.17113032281353324, 0.22222222222222224, 0.018290442102803686
0.1196151887379221, 0.22222222222222224, 0.0447167543471157
0.39779018155582274, 0.22222222222222224, 0.0808459063409132
0.13258443456828584, 0.22222222222222224, 0.012249103993274845
0.21263941515661772, 0.22222222222222224, 0.00783308369941977
0.07060570251413376, 0.22222222222222224, 0.03854811178909289
0.21880371332053927, 0.22222222222222224, 0.00016117690493439797
0.15946197315127433, 0.22222222222222224, 0.044001085360964726
0.19232977370443458, 0.22222222222222224, 0.0024762058328876148
0.18327780340580424, 0.22222222222222224, 0.030705100652724294
0.15790027061747836, 0.22222222222222224, 0.017402832752022392
0.1048035724082015, 0.22222222222222224, 0.025901919571875633
0.2836596557619897, 0.22222222222222224, 0.019392164428621746
0.209789463926575, 0.22222222222222224, 0.01516338370361697
0.1601529620722921, 0.22222222222222224, 0.026074511775287246
0.19257783788717306, 0.22222222222222224, 0.015346967945238855
0.15925169391970095, 0.22222222222222224, 0.003197424281701132
0.15807960319965783, 0.22222222222222224, 0.026099598784192133
0.34444182245302735, 0.22222222222222224, 0.04474970396884741
0.12687045002814962, 0.22222222222222224, 0.013834459539250096
0.09741161716954423, 0.22222222222222224, 0.04106127515912576
0.15280834062864213, 0.22222222222222224, 0.01646422811689459
0.18274194110067454, 0.22222222222222224, 0.012441914098691501
0.112229774962603, 0.22222222222222224, 0.02211045832169353
0.20099688925841003, 0.22222222222222224, 0.02055291551708306
0.24676046068158744, 0.22222222222222224, 0.017819762033383858
0.1910425646643214, 0.22222222222222224, 0.011631979588665829
0.13841360603450784, 0.22222222222222224, 0.012544218171556093
0.17311797219536576, 0.22222222222222224, 0.005696323495305478
0.13725960561134087, 0.22222222222222224, 0.05630715070115083
0.18330347370510305, 0.22222222222222224, 0.03138081604733586
0.22704207050102743, 0.22222222222222224, 0.027060748672597636
0.16826158136113376, 0.22222222222222224, 0.00897493645524833
0.13456396716677949, 0.22222222222222224, 0.027570412770898937
0.16948399148921928, 0.22222222222222224, 0.008474615717720766
0.25002803496452575, 0.22222222222222224, 0.008394126574181381
0.18710915988802837, 0.22222222222222224, 0.04632123762929796
0.19945012930042677, 0.22222222222222224, 0.05912032315625382
0.24602868425252156, 0.22222222222222224, 0.0010800247501726338
0.11469318921820454, 0.22222222222222224, 0.025853217201451933
0.19367436623222056, 0.22222222222222224, 0.016485397359210417
0.17381426892472224, 0.22222222222222224, 0.019483990020031275
0.23583350825169147, 0.22222222222222224, 0.022372301351959317
0.1633769995102804, 0.22222222222222224, 0.014413787030721206
0.23877847054384937, 0.22222222222222224, 0.013099740336730765
0.15336713982718025, 0.22222222222222224, 0.009401361013928704
0.22713643556995006, 0.22222222222222224, 0.024290494252008212
0.18377245611279688, 0.22222222222222224, 0.031978584117700486
0.21636568224953046, 0.22222222222222224, 0.002847693164032289
0.23358713328585895, 0.22222222222222224, 0.03084578117162726
0.2955425092836608, 0.22222222222222224, 0.0077270029720173505
0.13953762989721993, 0.22222222222222224, 0.007900343827031989
0.19314308326063073, 0.22222222222222224, 0.02268315137148745
0.23648695954710391, 0.22222222222222224, 0.004508243805580497
0.14405672473855724, 0.22222222222222224, 0.033837998939919074
0.12135114021910343, 0.22222222222222224, 0.008388752632423866
0.20310894035168145, 0.22222222222222224, 0.010319704591168882
0.15228124953725183, 0.22222222222222224, 0.0006548994411385908
0.11398384828831791, 0.22222222222222224, 0.010071573562261954
0.19814569259294545, 0.22222222222222224, 0.000730286432628429
0.1376596028234198, 0.22222222222222224, 0.007487831703344372
0.22769353675936138, 0.22222222222222224, 0.0050683008110556415
0.22067097529305674, 0.22222222222222224, 0.008344959100314995
0.15300343908304798, 0.22222222222222224, 0.07674433777082883
0.14922541615087054, 0.22222222222222224, 0.0024479761069530308
0.16986893282091076, 0.22222222222222224, 0.0017610351980139477
0.2124716511520439, 0.22222222222222224, 0.01765567057295237
0.16267633113900606, 0.22222222222222224, 0.007206642873653541
0.2528610018348393, 0.22222222222222224, 0.01645743804489126
0.1376150935372807, 0.22222222222222224, 0.006433034545513538
0.129664543025903, 0.22222222222222224, 0.011939127259819254
0.17505598688287133, 0.22222222222222224, 0.034498493880411304
0.21456282623549702, 0.22222222222222224, 0.029017532981096102
0.16576252347793932, 0.22222222222222224, 0.007090781830547003
0.18516150006345, 0.22222222222222224, 0.0011067712969974487
0.2054070740579197, 0.22222222222222224, 0.03312918929200564
0.2018632983250142, 0.22222222222222224, 0.0035280446926087916
0.12962501523684372, 0.22222222222222224, 0.047393045766901405
0.19844041958026004, 0.22222222222222224, 0.04131567206590281
0.185902351717423, 0.22222222222222224, 0.009544844934285233
0.14421220263043164, 0.22222222222222224, 0.029764310424432422
0.16326263123915954, 0.22222222222222224, 0.036322064420478244
0.1684038935010404, 0.22222222222222224, 0.0006204966061094365
0.2574573185296646, 0.22222222222222224, 0.009341016216333821
0.14823003056928022, 0.22222222222222224, 0.0004754738216518202
0.24939440992882403, 0.22222222222222224, 0.037879798857357365
0.20873251228830325, 0.22222222222222224, 0.015037326846322446
0.11392447478325023, 0.22222222222222224, 0.03861043215073712
0.21446834577280283, 0.22222222222222224, 0.0009066273243812516
0.21932418371223722, 0.22222222222222224, 0.010974434183688209
0.2460289796441655, 0.22222222222222224, 0.06935346531364443
0.17431291214330374, 0.22222222222222224, 0.134186152539838
0.3030894179786376, 0.22222222222222224, 0.001678899365892516
0.19127341054533317, 0.22222222222222224, 0.05231837528789026
0.19160502454142123, 0.22222222222222224, 0.013448020660473974
0.1968058358851448, 0.22222222222222224, 0.006365184547616763
0.20814735039930843, 0.22222222222222224, 0.003416965790984725
0.16842705347632914, 0.22222222222222224, 0.017970234936626202
0.16577938170642836, 0.22222222222222224, 0.03690999271192963
0.14680216891801973, 0.22222222222222224, 0.004256016538943953
0.22043576675741905, 0.22222222222222224, 8.259512233856422e-05
0.18810660093886927, 0.22222222222222224, 0.0670045516734822
0.16854719904483229, 0.22222222222222224, 0.003536266650796187
0.17761974287815616, 0.22222222222222224, 0.018346186299697205
0.23364565471680485, 0.22222222222222224, 0.01250303815395489
0.20787256527449005, 0.22222222222222224, 0.02565766103585838
0.2710502566334782, 0.22222222222222224, 0.014653907571377231
0.25574147008253345, 0.22222222222222224, 0.01883743746414386
0.1761945770813758, 0.22222222222222224, 0.007880262694234703
0.17255057236974478, 0.22222222222222224, 0.020117683454450277
0.18255198057550212, 0.22222222222222224, 0.019513073603342805
0.20883358482342027, 0.22222222222222224, 0.009316713482376159
0.302796575147497, 0.22222222222222224, 0.02050924036978884
0.21180858717131407, 0.22222222222222224, 0.03607392710038502
0.269602539342383, 0.22222222222222224, 0.057831389185072704
0.14491082696462257, 0.22222222222222224, 0.010833273005052008
0.23948113695147463, 0.22222222222222224, 0.009210850906153348
0.17539631912725936, 0.22222222222222224, 0.02139724680816747
0.24933630896139936, 0.22222222222222224, 0.018537370725650024
0.22346470728787635, 0.22222222222222224, 0.09270182854001165
0.22280444399706176, 0.22222222222222224, 0.009935499488927945
0.18899628835944593, 0.22222222222222224, 0.00775682368996006
0.20367249936119383, 0.22222222222222224, 0.020287582843193118
0.16123285405611792, 0.22222222222222224, 0.015848652228396064
0.23887486625739773, 0.22222222222222224, 0.035749677846234604
0.21137082151494796, 0.22222222222222224, 0.006955258325397418
0.15028583698653908, 0.22222222222222224, 0.0007842632367092428
0.14459831419851996, 0.22222222222222224, 0.002132297046319795
0.25396051069655323, 0.22222222222222224, 0.08004404964560977
0.2008995615223105, 0.22222222222222224, 0.013252989118223004
0.21984956834372124, 0.22222222222222224, 0.008731487490295765
0.1448704788346858, 0.22222222222222224, 0.0017364456692051922
0.17765818138840692, 0.22222222222222224, 0.00015651607546625428
0.21824038816913202, 0.22222222222222224, 0.001710979005059059
0.284743077403963, 0.22222222222222224, 0.010180060644132611
0.19867959763931617, 0.22222222222222224, 0.0033003836951205736
0.17525960050927442, 0.22222222222222224, 0.0036515734216112966
0.12829271552606253, 0.22222222222222224, 0.00027136793620388363
0.201371290396947, 0.22222222222222224, 0.07506382316739185
0.26892038140553726, 0.22222222222222224, 0.004974998318693935
0.2172827894339764, 0.22222222222222224, 0.019379033205474808
0.2275625528042312, 0.22222222222222224, 0.076209025423153
0.3047726210084511, 0.22222222222222224, 0.020742418766568297
0.2255629578230134, 0.22222222222222224, 0.02330821943197477
0.2374165827846138, 0.22222222222222224, 0.0039847264733868445
0.14267070812911647, 0.22222222222222224, 0.03499082175767813
0.20698561855493555, 0.22222222222222224, 0.04340104480891358
0.15317713232748484, 0.22222222222222224, 0.013922640207417566
0.1311466474897373, 0.22222222222222224, 0.00503356482933701
0.22326718273514634, 0.22222222222222224, 0.02322318853132423
0.2438904998103168, 0.22222222222222224, 0.014062914760335304
0.2017930433083416, 0.22222222222222224, 0.0029083013547125647
0.23134427185848846, 0.22222222222222224, 0.00914636692736209
0.14870472953424096, 0.22222222222222224, 0.039909627242210054
0.23652863551022113, 0.22222222222222224, 0.017144381876561844
0.22464695772902843, 0.22222222222222224, 0.02911014016250482
0.17360834558116706, 0.22222222222222224, 0.0457082915666
0.1192655783802124, 0.22222222222222224, 0.007806016655911438
0.20249272223169942, 0.22222222222222224, 0.02614807605848681
0.21901821920327058, 0.22222222222222224, 0.005568450453806629
0.13090818530292095, 0.22222222222222224, 0.006620424280140983
0.16514361616003934, 0.22222222222222224, 0.018832151857933684
0.1492270490055083, 0.22222222222222224, 0.045268172156762605
0.20029213261230874, 0.22222222222222224, 0.02806554309231158
0.18467062345064747, 0.22222222222222224, 0.021799747549613443
0.19805972736911537, 0.22222222222222224, 0.002184235804951433
0.15132403006056735, 0.22222222222222224, 0.051774132965187715
0.1873695848666847, 0.22222222222222224, 0.1322688862202603
0.2040236367735447, 0.22222222222222224, 0.011574046798525469
0.21146181964238617, 0.22222222222222224, 0.009174439625256974
0.1101065759904738, 0.22222222222222224, 0.00862014983443379
0.21756340951289022, 0.22222222222222224, 0.01874650869117347
0.20131539694395775, 0.22222222222222224, 0.04677533152525528
0.26494168066449586, 0.22222222222222224, 0.00106374616774766
0.2537563450763153, 0.22222222222222224, 0.00011683058166635228
0.22190869032310886, 0.22222222222222224, 0.00014332080027902944
0.17621135097581656, 0.22222222222222224, 0.004782207361910922
0.1930688884587376, 0.22222222222222224, 0.07122611579152956
0.24362405746342164, 0.22222222222222224, 0.022191998679071786
0.15439818943551334, 0.22222222222222224, 0.02376583138100072
0.1935120997929697, 0.22222222222222224, 0.020684085102347437
0.13366269789030916, 0.22222222222222224, 0.002145927203518992
0.18347896031595534, 0.22222222222222224, 0.001470674124961579
0.21005428157091705, 0.22222222222222224, 0.03300846496083889
0.24942348139434925, 0.22222222222222224, 0.009048640666981977
0.11453110462127186, 0.22222222222222224, 0.04131331651157559
0.2443471924408391, 0.22222222222222224, 0.005961742255122964
0.1920570766913684, 0.22222222222222224, 0.015779573086044198
0.22330164832985677, 0.22222222222222224, 0.0038393239764003234
0.14657992686370785, 0.22222222222222224, 0.018660352625984776
0.156927261234229, 0.22222222222222224, 0.009607220605576878
0.21069407753063296, 0.22222222222222224, 0.014589275139959659
0.24624772198914913, 0.22222222222222224, 0.0063078554756062985
0.19159592289092267, 0.22222222222222224, 0.0018513337093648248
0.25535703106517477, 0.22222222222222224, 0.0023502977413026715
0.21781898670004327, 0.22222222222222224, 0.013614947341912364
0.15424243811668092, 0.22222222222222224, 0.001440029388649586
0.11605550692377908, 0.22222222222222224, 0.003336486215557904
0.17698115237235185, 0.22222222222222224, 0.021643829272913234
0.26097459563357484, 0.22222222222222224, 0.017498933617044223
0.2241962134016225, 0.22222222222222224, 0.002861737505052215
0.1536878773847769, 0.22222222222222224, 0.0003014628004939427
0.23919984558753865, 0.22222222222222224, 0.01325303438832114
0.19630992739738043, 0.22222222222222224, 0.015076613649589449
0.17590225449156277, 0.22222222222222224, 0.004871296579724539
0.17004225632341818, 0.22222222222222224, 0.007731210728788055
0.16579440505994897, 0.22222222222222224, 0.0002478851331448103
0.14412861878279593, 0.22222222222222224, 0.006814811419733115
0.16152489459749142, 0.22222222222222224, 0.036168422104556654
0.24183710814725168, 0.22222222222222224, 0.04058069941527833
0.13608968184054837, 0.22222222222222224, 0.05554669416571904
0.22623555975997584, 0.22222222222222224, 0.025799917137481615
0.19421865090404503, 0.22222222222222224, 0.0029663032903049667
0.22570698951948923, 0.22222222222222224, 0.0401417381255456
0.23604932581953547, 0.22222222222222224, 0.001529214248606329
0.2365835050481085, 0.22222222222222224, 0.006999851557542976
0.26818961386131024, 0.22222222222222224, 0.01899117231310654
0.18245488509271168, 0.22222222222222224, 0.02987784953176743
0.15387429760256857, 0.22222222222222224, 0.024573012101199075
0.125642563558603, 0.22222222222222224, 0.024384675420215662
0.1928578556856294, 0.22222222222222224, 0.010103779293933166
0.2598205583431814, 0.22222222222222224, 0.008159223759444539
0.21127747944624387, 0.22222222222222224, 0.005962456551241818
0.16595714691589442, 0.22222222222222224, 0.05836266448352345
0.2846842147045041, 0.22222222222222224, 0.01247853980524848
0.14917071617982186, 0.22222222222222224, 0.04021780480057991
0.22054065862848404, 0.22222222222222224, 0.04198898320038713
0.2979042059065469, 0.22222222222222224, 0.009970513713896864
0.18197610824813487, 0.22222222222222224, 0.009195392610420162
0.17981100309286696, 0.22222222222222224, 0.020720705684962534
0.19650412107788157, 0.22222222222222224, 0.005964113327072292
0.20317037400892002, 0.22222222222222224, 0.0022293585768504228
0.11036272839557211, 0.22222222222222224, 0.012321273539303998
0.15454996683984001, 0.22222222222222224, 0.011436949063810783
0.15070922628662137, 0.22222222222222224, 0.06737859990174973
0.26446665327446306, 0.22222222222222224, 0.0026100180538568543
0.1496916721041501, 0.22222222222222224, 0.03110092879499666
0.233853470829295, 0.22222222222222224, 0.0027008292729555254
0.23751542588436642, 0.22222222222222224, 0.0194185205682855
0.26685261941206256, 0.22222222222222224, 0.022015844984977807
0.22281903871500677, 0.22222222222222224, 0.0003211545675535597
0.1756115888014588, 0.22222222222222224, 0.07599465856397976
0.1997353638337383, 0.22222222222222224, 0.020841013888009574
0.16854425007229734, 0.22222222222222224, 0.052675427129631185
0.20625777587971444, 0.22222222222222224, 0.027514718754793836
0.19178938174229987, 0.22222222222222224, 0.0035093674314304246
0.2526882817109287, 0.22222222222222224, 0.03978458116895359
0.21327227211445163, 0.22222222222222224, 0.01728597360041616
0.19400707357828895, 0.22222222222222224, 0.01224293130216153
0.2387438421961822, 0.22222222222222224, 0.041654025746111975
0.10163333176290254, 0.22222222222222224, 0.012211751251164272
0.18652364162984117, 0.22222222222222224, 0.009568946090930236
0.15619056297895434, 0.22222222222222224, 0.030050167626939815
0.17539602022124692, 0.22222222222222224, 0.00841305739934029
0.3047732498768443, 0.22222222222222224, 0.013802711386802944
0.16437340075334858, 0.22222222222222224, 0.024441831171652592
0.19276729990336378, 0.22222222222222224, 0.02569042646573788
0.1835612917239124, 0.22222222222222224, 0.006323880612639291
0.17079806125874955, 0.22222222222222224, 0.01030166580785973
0.21326475215380497, 0.22222222222222224, 0.01854185246185092
0.2691789190813588, 0.22222222222222224, 0.006347186075238119
0.1984025079877613, 0.22222222222222224, 0.035911424250520914
0.21885044749297677, 0.22222222222222224, 0.010469925055645734
0.09617664440961933, 0.22222222222222224, 0.006601313242629019
0.2584644800843235, 0.22222222222222224, 0.00896942938571146
0.1926956168758164, 0.22222222222222224, 0.01574779258950108
0.18613753394321805, 0.22222222222222224, 0.034142339014395
0.16590649000474578, 0.22222222222222224, 0.00038716515865927417
0.15350326484885057, 0.22222222222222224, 0.01675742319732724
0.20079762804752516, 0.22222222222222224, 0.1072742385710436
0.2475486393742992, 0.22222222222222224, 0.006019818763785526
0.12962387696853472, 0.22222222222222224, 0.004447012176491252
0.20377529677161263, 0.22222222222222224, 0.005824653881251522
0.187187308079541, 0.22222222222222224, 0.04637398057101448
0.19795322932997625, 0.22222222222222224, 0.049541543004236424
0.18541364565319637, 0.22222222222222224, 0.0208792263681829
0.26451750363310544, 0.22222222222222224, 0.007883145516276065
0.23070002293151926, 0.22222222222222224, 0.056527005181962034
0.2052837634355578, 0.22222222222222224, 0.0032814359263370913
0.09191325931800087, 0.22222222222222224, 0.02209666548246135
0.21696470344416544, 0.22222222222222224, 0.006034514625861377
0.17961135168243966, 0.22222222222222224, 0.019584743553784954
0.29177831312633085, 0.22222222222222224, 0.014610097904610616
0.09803198217476455, 0.22222222222222224, 0.0012238254404919823
0.19204678244255358, 0.22222222222222224, 0.020231290807531402
0.15403084202764467, 0.22222222222222224, 0.003743241394251542
0.2767288346983472, 0.22222222222222224, 0.04243923914282719
0.20237128885302888, 0.22222222222222224, 0.08194736930500676
0.2289466335567059, 0.22222222222222224, 0.0034285945068214248
0.17391380305557233, 0.22222222222222224, 0.05892068323892475
0.16426949929471474, 0.22222222222222224, 0.026829140097361693
0.1154156588172155, 0.22222222222222224, 0.0023944389589971513
0.20887235980728636, 0.22222222222222224, 0.02036807910804877
0.19589789272809383, 0.22222222222222224, 0.028625448417756695
0.22913593732643758, 0.22222222222222224, 0.04109181925218739
0.16824865608529285, 0.22222222222222224, 0.016154942683028275
0.12732609071528428, 0.22222222222222224, 0.006195670443714441
0.07295098282785911, 0.22222222222222224, 0.10084867706651535
0.1530679113062126, 0.22222222222222224, 0.003467744034426983
0.1459654479393685, 0.22222222222222224, 0.05185770469529131
0.19927752646391111, 0.22222222222222224, 0.03829256966058879
0.14376773666124182, 0.22222222222222224, 0.06244111290836474
0.2741697540037951, 0.22222222222222224, 0.011333276964027144
0.22618896854076015, 0.22222222222222224, 0.0033367117571951703
0.24366693608607193, 0.22222222222222224, 0.002463411239619836
0.14832192719909904, 0.22222222222222224, 0.0020957883910423017
0.2779313310297762, 0.22222222222222224, 0.015551028401931602
0.2286358979195122, 0.22222222222222224, 0.023240891177307283
0.1750372523355746, 0.22222222222222224, 0.0089188003283178
0.2506666456850096, 0.22222222222222224, 0.01777732628626949
0.23732375105168727, 0.22222222222222224, 0.08228532525075775
0.19175305532520429, 0.22222222222222224, 0.021674870044550158
0.15363234036709966, 0.22222222222222224, 0.0012064865528425273
0.22724320545404805, 0.22222222222222224, 0.04110857837511636
0.20958221383171513, 0.22222222222222224, 0.16751893987229627
0.32967106849096256, 0.22222222222222224, 0.03431947972619736
0.15919483129331585, 0.22222222222222224, 0.012263817998258344
0.16420372505966213, 0.22222222222222224, 0.008338622359776884
0.1817454653423623, 0.22222222222222224, 0.014222884394695231
0.17754501287012997, 0.22222222222222224, 0.0034539086133552003
0.1409983355401053, 0.22222222222222224, 0.007752187662655039
0.24777696171827648, 0.22222222222222224, 0.03288141834780195
0.26378167867340513, 0.22222222222222224, 0.03467697240948771
0.17663396359178474, 0.22222222222222224, 0.011512296389701015
0.3048031698604888, 0.22222222222222224, 0.017177255111494243
0.13314845284476245, 0.22222222222222224, 0.0048831011721816135
0.16877359633071862, 0.22222222222222224, 0.017059670563609547
0.1524068615040744, 0.22222222222222224, 0.017347721454122937
0.25154618418229274, 0.22222222222222224, 0.015583928577001865
0.18389240605498938, 0.22222222222222224, 0.003492125357810824
0.21730646293504435, 0.22222222222222224, 0.02265363999689362
0.13422212401140973, 0.22222222222222224, 0.008165733380903515
0.19720252461561766, 0.22222222222222224, 0.009736004820460668
0.19719083893802555, 0.22222222222222224, 0.010002643658150555
0.3063289666658223, 0.22222222222222224, 0.051078807250944096
0.1921964964661014, 0.22222222222222224, 0.011340970106820832
0.20148737232328584, 0.22222222222222224, 0.023460276374072195
0.1384289702091926, 0.22222222222222224, 0.08790178287138793
0.217132601912399, 0.22222222222222224, 0.01853539488642127
0.14044521522450684, 0.22222222222222224, 0.014162172438846809
0.19527825022143755, 0.22222222222222224, 0.014615051900556434
0.23350818331375034, 0.22222222222222224, 0.02443806485176188
0.17295295096322874, 0.22222222222222224, 0.010362450742421848
0.17428529548493762, 0.22222222222222224, 0.005623766527655899
0.25064792937340785, 0.22222222222222224, 0.014830418362807327
0.21916726504575682, 0.22222222222222224, 0.011434773011288165
0.20506832420581167, 0.22222222222222224, 0.025116935453392896
0.2755849686080032, 0.22222222222222224, 0.02419932964024118
0.212456879941547, 0.22222222222222224, 0.017019607305216684
0.17382305697075218, 0.22222222222222224, 0.004509920617621664
0.20610252823588, 0.22222222222222224, 0.047436309364623994
0.22073399197264224, 0.22222222222222224, 0.01583233207848572
0.2519269663126272, 0.22222222222222224, 0.002953036617468746
0.2578420400333057, 0.22222222222222224, 0.022424908491828224
0.10940752083840136, 0.22222222222222224, 0.012167250307932134
0.2345703151113885, 0.22222222222222224, 0.04829157585427064
0.22303550230094563, 0.22222222222222224, 0.00012912915650814045
0.14155173456274497, 0.22222222222222224, 0.08031412378045268
0.0969913388371654, 0.22222222222222224, 0.0006411707859928791
0.16387314125284314, 0.22222222222222224, 0.007618860576329439
0.24899649118657705, 0.22222222222222224, 0.018309013327036185
0.24545861246853767, 0.22222222222222224, 0.009758267184946039
0.162175490731202, 0.22222222222222224, 0.008202018252320309
0.13737381895520762, 0.22222222222222224, 0.02717478663738414
0.19547141259846118, 0.22222222222222224, 0.021797133306591214
0.21563787463575554, 0.22222222222222224, 0.0008518284673662431
0.18014737652710797, 0.22222222222222224, 0.007567054415063467
0.19473884438441091, 0.22222222222222224, 0.004843028129455657
0.2083172471160296, 0.22222222222222224, 0.03587205259856815
0.22088531915721776, 0.22222222222222224, 0.007110128424012772
0.22896538163509866, 0.22222222222222224, 0.016847977458070953
0.21598522132640913, 0.22222222222222224, 0.011603511912383988
0.23113595358369646, 0.22222222222222224, 0.005262451077109536
0.13571410565445924, 0.22222222222222224, 0.030475069730176114
0.20429995477465476, 0.22222222222222224, 0.0009726373301508905
0.21539162918040883, 0.22222222222222224, 0.004171957763236174
0.22255172862876815, 0.22222222222222224, 0.006456720719349242
0.19299943939879918, 0.22222222222222224, 0.02593047034409044
0.19261781394369387, 0.22222222222222224, 0.04153029691660212
0.11817539324675827, 0.22222222222222224, 0.004936511086243976
0.18613395032161378, 0.22222222222222224, 0.050039855478593395
0.15010487119723143, 0.22222222222222224, 0.00027316553738670297
0.1958345680728615, 0.22222222222222224, 0.003119591699152443
0.20025858341707917, 0.22222222222222224, 0.016679990510918247
0.25401404896240265, 0.22222222222222224, 0.002565105981565752
0.27146189837741763, 0.22222222222222224, 0.049594078870248914
0.20393057655657018, 0.22222222222222224, 0.019695022898632144
0.13268028915221478, 0.22222222222222224, 0.03299060196652812
0.21559690961305839, 0.22222222222222224, 0.009521056386905495
0.17252590047680133, 0.22222222222222224, 0.03111450747975665
0.16130042281648213, 0.22222222222222224, 0.01472743800180036
0.23605078171074587, 0.22222222222222224, 0.005022895951449781
0.24351017353608617, 0.22222222222222224, 0.031760790297942224
0.21035580169488155, 0.22222222222222224, 0.031920915056990073
0.18632497226599257, 0.22222222222222224, 0.004252817506066997
0.16384519102138337, 0.22222222222222224, 0.001020231509868216
0.21551785884723798, 0.22222222222222224, 0.019387717049374732
0.17677941488825713, 0.22222222222222224, 0.00909702293361613
0.0969265602585125, 0.22222222222222224, 0.006654662431140704
0.13686232592749753, 0.22222222222222224, 0.0448277764111806
0.11045032401563978, 0.22222222222222224, 0.014918663964840673
0.20572884576581046, 0.22222222222222224, 0.037687916550911964
0.2014041710793064, 0.22222222222222224, 0.038124900567894866
0.14526666208809233, 0.22222222222222224, 0.004107470249973921
0.16301002064863454, 0.22222222222222224, 0.03118180068060445
0.24900897368811717, 0.22222222222222224, 0.04505700158491491
0.22168922824536924, 0.22222222222222224, 0.05344372427370266
0.23023503910705267, 0.22222222222222224, 0.013128701342609997
0.19878380462905254, 0.22222222222222224, 0.018120056330047405
0.17741470568837248, 0.22222222222222224, 0.007979915955237773
0.2592150858701425, 0.22222222222222224, 0.02483641441923372
0.18123510414914842, 0.22222222222222224, 0.0071014920484337935
0.2591729056848845, 0.22222222222222224, 0.006376006887302086
0.19570135889725981, 0.22222222222222224, 0.010674149891425115
0.18663643337767705, 0.22222222222222224, 0.042477138587948896
0.228855457195933, 0.22222222222222224, 0.00689139422405684
0.12378832701564971, 0.22222222222222224, 0.024705577695758426
0.26473477324787986, 0.22222222222222224, 0.01802433307620983
0.24517220484015437, 0.22222222222222224, 0.0038835753957971383
0.21353966113468573, 0.22222222222222224, 0.01727507507152679
0.22102946699631043, 0.22222222222222224, 0.000978549536859876
0.21050344820130326, 0.22222222222222224, 0.00877980453707448
0.21207859331306672, 0.22222222222222224, 0.020121913090213564
0.2817251162190707, 0.22222222222222224, 0.01063502276947787
0.17286779174574096, 0.22222222222222224, 0.0054802237822374825
0.19702647223028258, 0.22222222222222224, 0.01642211943275744
0.1751633241940878, 0.22222222222222224, 0.01992427179022481
0.1405263595289461, 0.22222222222222224, 0.00180186755361883
0.16719014383038186, 0.22222222222222224, 0.00866283196595371
0.19089320018645867, 0.22222222222222224, 0.01006275119020126
0.17788826625975443, 0.22222222222222224, 0.04758379439593448
0.16194048459118013, 0.22222222222222224, 0.013952867096582281
0.23025962958367246, 0.22222222222222224, 0.007896996083434443
0.23091595310051152, 0.22222222222222224, 0.013314302617757285
0.24331817384658921, 0.22222222222222224, 0.02886134350959915
0.12272776307538508, 0.22222222222222224, 0.013646877809961164
0.25355225833389494, 0.22222222222222224, 0.0011782212962565572
0.1280771140576051, 0.22222222222222224, 0.010797835839711611
0.27363472530107164, 0.22222222222222224, 0.0002961246275580175
0.27314998178549227, 0.22222222222222224, 0.013766159544208002
0.1899286596618695, 0.22222222222222224, 0.005827824061729583
0.18476686122206454, 0.22222222222222224, 0.0003947693383447635
0.24221157215991496, 0.22222222222222224, 0.0055889444533160524
0.1883954200702435, 0.22222222222222224, 0.029604111561003166
0.2329844894870701, 0.22222222222222224, 0.00435595239213398
0.21571144400831624, 0.22222222222222224, 0.0013428506161745097
0.22985391875432257, 0.22222222222222224, 0.01757878588699135
0.16376897630717938, 0.22222222222222224, 0.08774084365320906
0.16150372774995184, 0.22222222222222224, 0.016280647433610795
0.20658646567693661, 0.22222222222222224, 0.02775128169315452
0.1645862600970087, 0.22222222222222224, 0.013024705688923218
0.21581516683596771, 0.22222222222222224, 0.0337005470775883
0.18995552845803865, 0.22222222222222224, 0.0004024895312652159
0.23253179748716188, 0.22222222222222224, 0.013084342639477928
0.23158171541183648, 0.22222222222222224, 0.04718553912693885
0.0725056339596751, 0.22222222222222224, 0.023981161719785996
0.23688664438200177, 0.22222222222222224, 0.009894595109728597
0.1924537044189526, 0.22222222222222224, 0.014756731687718724
0.0706783170952898, 0.22222222222222224, 0.1377170136298268
0.2609419774174687, 0.22222222222222224, 0.0021266090394724208
0.2300156606757122, 0.22222222222222224, 0.0028942965366573863
0.25514337760246864, 0.22222222222222224, 0.005484804309773677
0.0956876596889209, 0.22222222222222224, 0.02286070148612561
0.2748037848781614, 0.22222222222222224, 0.006691666837718178
0.1475450730951528, 0.22222222222222224, 0.0013706429630849656
0.2423658581479505, 0.22222222222222224, 0.017672462434478457
0.293614130180088, 0.22222222222222224, 0.0012461713725782297
0.1820272181693251, 0.22222222222222224, 0.03597115161600313
0.12028641355439011, 0.22222222222222224, 0.040875730939907096
0.1343279854563461, 0.22222222222222224, 0.0053411841659132915
0.26500971469224305, 0.22222222222222224, 0.0046430917557435305
0.2275596610684213, 0.22222222222222224, 0.036810754574250336
0.24797536262000971, 0.22222222222222224, 0.025837303198020318
0.21826602573509335, 0.22222222222222224, 0.025918599794971898
0.2043518777603075, 0.22222222222222224, 0.004529102126350441
0.13432652748605714, 0.22222222222222224, 0.10544434415135627
0.1609698445936239, 0.22222222222222224, 0.03372349085001743
0.2551102198083661, 0.22222222222222224, 0.03241131271047633
0.2595801982919528, 0.22222222222222224, 0.015278623300973326
0.25185979895961674, 0.22222222222222224, 0.022217680578802922
0.21197903980593186, 0.22222222222222224, 0.00431144931235108
0.2450955963425799, 0.22222222222222224, 0.020097385536204534
0.2229905507943362, 0.22222222222222224, 0.017921977120380853
0.18357099361383325, 0.22222222222222224, 0.02490659568982921
0.2256060556647371, 0.22222222222222224, 0.0029209739738546474
0.1734868048905287, 0.22222222222222224, 0.04616648273196741
0.287613653443453, 0.22222222222222224, 0.027386251858715335
0.16244226420040211, 0.22222222222222224, 0.02409875973507235
0.18193064028935893, 0.22222222222222224, 0.0030961872977056763
0.20269876828474603, 0.22222222222222224, 0.0011147757847709606
0.20250795746364797, 0.22222222222222224, 0.0057275399798628725
0.22322955899479976, 0.22222222222222224, 0.005081082658553858
0.1308478816044515, 0.22222222222222224, 0.0018370804049150189
0.1923356896869625, 0.22222222222222224, 0.03496226041266924
0.21251947766199614, 0.22222222222222224, 0.014775883754857347
0.15589164441163303, 0.22222222222222224, 0.012227599594205382
0.1880068709470708, 0.22222222222222224, 0.01759166987115283
0.1948642437466976, 0.22222222222222224, 0.02891017652992419
0.08151311041962234, 0.22222222222222224, 0.02310250271814759
0.22102360342336633, 0.22222222222222224, 0.006455487353486308
0.13423571774230952, 0.22222222222222224, 0.04957740978940569
0.19145206355403604, 0.22222222222222224, 0.018575622799545208
0.2145211938124783, 0.22222222222222224, 0.0906592117450454
0.0937454227404626, 0.22222222222222224, 0.03438511873874673
0.27021873775755234, 0.22222222222222224, 0.013214823913856628
0.2109321735575835, 0.22222222222222224, 0.046249369817915775
0.15229115071594612, 0.22222222222222224, 0.00536864903535168
0.27275757777603965, 0.22222222222222224, 0.004198719496796749
0.20931584056128655, 0.22222222222222224, 0.013632360971446227
0.24667084025234975, 0.22222222222222224, 0.003915678745764556
0.1624005833417216, 0.22222222222222224, 0.026446879870695904
0.19578479528397613, 0.22222222222222224, 0.018593543741512654
0.1750599752059364, 0.22222222222222224, 0.08871963911349919
0.22027895092408606, 0.22222222222222224, 0.08463976082655442
0.275057807280005, 0.22222222222222224, 0.0542883321371748
0.09792968284531665, 0.22222222222222224, 0.013226084295924652
0.2642474903580099, 0.22222222222222224, 0.01936605795616397
0.19691758040835525, 0.22222222222222224, 0.008559602860948827
0.13731996802579238, 0.22222222222222224, 0.022169561754781325
0.28860476986130634, 0.22222222222222224, 0.003104375549131833
0.3165510775977975, 0.22222222222222224, 0.017414223348806854
0.3063682135372735, 0.22222222222222224, 0.012082568031920085
0.2527077701146488, 0.22222222222222224, 0.02110944407262145
0.27880441754720586, 0.22222222222222224, 0.03209530607287304
0.17947927431697194, 0.22222222222222224, 0.005576224947564401
0.2693308080545538, 0.22222222222222224, 0.016921757250863707
0.1263950988028049, 0.22222222222222224, 0.01684603016360792
0.2513062154986081, 0.22222222222222224, 0.1457647700117241
0.17236565247694322, 0.22222222222222224, 0.04554233394187725
0.23177664023138572, 0.22222222222222224, 0.01734202544084759
0.22926350145284913, 0.22222222222222224, 0.025202519653022965
0.1970939041350354, 0.22222222222222224, 0.0056659289919921635
0.23684146498472902, 0.22222222222222224, 0.0298725257257645
0.22808133659605676, 0.22222222222222224, 0.005910819326323353
0.13739598694938387, 0.22222222222222224, 0.03721775763828188
0.2550303884448752, 0.22222222222222224, 0.02921598855002193
0.17011030918526934, 0.22222222222222224, 0.026211476552113342
0.19723331164919042, 0.22222222222222224, 0.01234034176028598
0.17336138077666483, 0.22222222222222224, 0.022873878348583208
0.1984558787322496, 0.22222222222222224, 0.02152286990407066
0.18086214603030282, 0.22222222222222224, 0.00746498196056104
0.27188624614410184, 0.22222222222222224, 0.0010247974314137622
0.3098455525913482, 0.22222222222222224, 0.00393757206768376
0.14767265769195242, 0.22222222222222224, 0.0015049574601474418
0.1981140264578699, 0.22222222222222224, 0.04573903254368637
0.15335879945939332, 0.22222222222222224, 0.0048055606861047255
0.22303847255014345, 0.22222222222222224, 0.017953520631210314
0.20395711869508515, 0.22222222222222224, 0.01617702998604719
0.19553745372944356, 0.22222222222222224, 0.018855876349303788
0.17664271520315966, 0.22222222222222224, 0.008681792000557874
0.2068155360441238, 0.22222222222222224, 0.010565196185506701
0.125704403353747, 0.22222222222222224, 0.003736218077455186
0.2127999253094343, 0.22222222222222224, 0.010783656937959272
0.22986594247559702, 0.22222222222222224, 0.12025886930267249
0.2302906839444463, 0.22222222222222224, 0.03332593676844456
0.1917215376717831, 0.22222222222222224, 0.002346258444967829
0.1588682578651631, 0.22222222222222224, 0.010435613216922282
0.2454101768320648, 0.22222222222222224, 0.004927122893287555
0.1565027528021057, 0.22222222222222224, 0.0048053109313199996
0.21229578925747347, 0.22222222222222224, 0.008355546912444632
0.26117511278633143, 0.22222222222222224, 0.07707629762823251
0.1664075472553539, 0.22222222222222224, 0.016718615656490545
0.22559532933140045, 0.22222222222222224, 0.007820053468259074
0.22228502326778163, 0.22222222222222224, 0.03165325148166554
0.24621558398655358, 0.22222222222222224, 0.011891882775420033
0.20699204496487686, 0.22222222222222224, 0.012325828131530726
0.2517105660331942, 0.22222222222222224, 0.06402955120496881
0.17557765146775198, 0.22222222222222224, 0.06896526277145242
0.12284645130974714, 0.22222222222222224, 0.02016441901648554
0.15008102011847171, 0.22222222222222224, 0.018801684144621283
0.17015444043351882, 0.22222222222222224, 0.00808000944097137
0.2599768909976253, 0.22222222222222224, 0.0006990629919582887
0.215568629170784, 0.22222222222222224, 0.03615503331969696
0.18291380842509372, 0.22222222222222224, 0.017566636516070835
0.20889378112342782, 0.22222222222222224, 0.013474026455997937
0.1950399161901461, 0.22222222222222224, 0.016736458991469746
0.28297921224091094, 0.22222222222222224, 0.10247619119516117
0.24501586937786646, 0.22222222222222224, 0.010071061790982317
0.18756271479045714, 0.22222222222222224, 0.002906700615741174
0.14921668647112127, 0.22222222222222224, 0.018559546414175475
0.17468053505295253, 0.22222222222222224, 0.016954167079538292
0.22891376678778483, 0.22222222222222224, 0.02130394075131077
0.2795800114925564, 0.22222222222222224, 0.09592032932641269
0.19398729523256342, 0.22222222222222224, 0.046835716143549644
0.23889533602033963, 0.22222222222222224, 0.00021186831894884375
0.3254085410524673, 0.22222222222222224, 0.0010915589777288925
0.1477648047782089, 0.22222222222222224, 0.050284723745269405
0.1769837671776443, 0.22222222222222224, 0.0007673879235019974
0.2200039312483555, 0.22222222222222224, 0.01381775619583468
0.27058401323334835, 0.22222222222222224, 0.0019408702735191435
0.25855008630441045, 0.22222222222222224, 0.01656763195156574
0.1945518624593118, 0.22222222222222224, 0.023247059071532353
0.26501488419738367, 0.22222222222222224, 0.039534157355911474
0.14753314623912717, 0.22222222222222224, 0.020510640072197207
0.11424325130914949, 0.22222222222222224, 0.004372629123753089
0.2924394554361824, 0.22222222222222224, 0.040780256416069534
0.16898063451868273, 0.22222222222222224, 0.02876053603608908
0.20063455001280595, 0.22222222222222224, 0.01736111739686603
0.22120766281710097, 0.22222222222222224, 0.03744318623221215
0.11776528776339298, 0.22222222222222224, 0.022419470244808483
0.21342774725422603, 0.22222222222222224, 0.009504401432125973
0.17049093133494872, 0.22222222222222224, 0.001974469261784193
0.15724814160934258, 0.22222222222222224, 0.0027854318844073305
0.25466288999535025, 0.22222222222222224, 0.03486728544618255
0.19007074700313925, 0.22222222222222224, 0.012782593362838771
0.21958590463316954, 0.22222222222222224, 0.026274603090865944
0.25798595391473833, 0.22222222222222224, 0.008509487010327206
0.21096944921410707, 0.22222222222222224, 0.021191795794436873
0.18068050572459368, 0.22222222222222224, 0.03412787006741977
0.1278807550658295, 0.22222222222222224, 0.03084057856911801
0.26759584105141987, 0.22222222222222224, 0.038384301222328936
0.22502810693144706, 0.22222222222222224, 0.02677840785900785
0.13379664409068204, 0.22222222222222224, 0.012830554417872302
0.2688042149558856, 0.22222222222222224, 0.04407753642627479
0.14214244504893772, 0.22222222222222224, 0.016685558363095793
0.1452281663309846, 0.22222222222222224, 0.030360132444511873
0.10375147965032877, 0.22222222222222224, 0.017286557118006477
0.17538112995589208, 0.22222222222222224, 0.0013778414057738471
0.0958109864983111, 0.22222222222222224, 0.0015838742948503532
0.1996072525304111, 0.22222222222222224, 0.006698985997279311
0.202044310000919, 0.22222222222222224, 0.036521154073312655
0.24386232924770207, 0.22222222222222224, 0.013626560761794594
0.26921896150227054, 0.22222222222222224, 0.016022275818314672
0.255299955694519, 0.22222222222222224, 0.025377635994000818
0.18655758565906005, 0.22222222222222224, 0.03523552958134425
0.12073202021917195, 0.22222222222222224, 0.013582009458749556
0.19175190878607506, 0.22222222222222224, 0.0034452810108542096
0.12344447210576306, 0.22222222222222224, 0.010847345875749996
0.18827139871914475, 0.22222222222222224, 0.09676186940900547
0.09824348419420836, 0.22222222222222224, 0.010343984180033359
0.20462835297020526, 0.22222222222222224, 0.07660676966950909
0.18102191674430548, 0.22222222222222224, 0.0006250691609157123
0.14585534845149992, 0.22222222222222224, 0.006130606276352985
0.19522229206997177, 0.22222222222222224, 0.00539246069538583
0.3038204628368992, 0.22222222222222224, 0.019363308817189923
0.15465580525427247, 0.22222222222222224, 0.01593883655496406
0.2380488731805717, 0.22222222222222224, 0.00368578557234445
0.13602737597037867, 0.22222222222222224, 0.008971913802161561
0.21735977361167808, 0.22222222222222224, 0.03706631213294747
0.14614969406658854, 0.22222222222222224, 0.005587995065219157
0.14183792822170121, 0.22222222222222224, 0.01670738730044857
0.1688937244508696, 0.22222222222222224, 0.07277915939711724
0.28353052252283084, 0.22222222222222224, 0.05427983134622381
0.1958780462790107, 0.22222222222222224, 0.00016847603355421394
0.25556580122257344, 0.22222222222222224, 0.01533571283134318
0.22447668000475693, 0.22222222222222224, 0.020595639526989486
0.24050146764205854, 0.22222222222222224, 0.05552867292674732
0.238230401456916, 0.22222222222222224, 0.057823031004744174
0.23143245801692675, 0.22222222222222224, 0.035819678501580944
0.18231293146254826, 0.22222222222222224, 0.0192911847980685
0.1885575361605519, 0.22222222222222224, 0.009285058393220398
0.14191160417652945, 0.22222222222222224, 0.025886507811040512
0.24908125162333514, 0.22222222222222224, 5.831818396860375e-05
0.20154334172059912, 0.22222222222222224, 0.0015032389100988542
0.18048764932639824, 0.22222222222222224, 0.026032936348112923
0.1381432724959964, 0.22222222222222224, 0.0023961358409774675
0.1655000351134823, 0.22222222222222224, 0.007733219896929992
0.14982775119095118, 0.22222222222222224, 0.055924485438403046
0.2082266787884153, 0.22222222222222224, 0.0019322134243251155
0.1740780434233548, 0.22222222222222224, 0.011126585301468754
0.1907785191497728, 0.22222222222222224, 0.008883201674482486
0.27889203549294356, 0.22222222222222224, 0.02126901991543107
0.24785959626938947, 0.22222222222222224, 0.00721464846859362
0.23427508535270963, 0.22222222222222224, 0.02412656990815692
0.16141331833883682, 0.22222222222222224, 0.0421574198976355
0.1354273559669391, 0.22222222222222224, 0.03775136532466284
0.21925463823697974, 0.22222222222222224, 0.0019981047803774563
0.24178580960403778, 0.22222222222222224, 0.019486612965500565
0.13057861466244047, 0.22222222222222224, 0.0019707162730899677
0.2641064468468173, 0.22222222222222224, 0.03161028986011741
0.22077960376016778, 0.22222222222222224, 0.01843705506030943
0.25823285877096025, 0.22222222222222224, 0.008244438873356841
0.19886831148036627, 0.22222222222222224, 0.02302306545140727
0.12373704202179417, 0.22222222222222224, 0.00594376545033672
0.14873757826760206, 0.22222222222222224, 0.021377499628065625
0.23028323538155068, 0.22222222222222224, 0.019520328416321904
0.11288238195498405, 0.22222222222222224, 0.024460554015350144
0.17255840885752446, 0.22222222222222224, 0.052288278434666706
0.18200667850828106, 0.22222222222222224, 0.0028567947762015
0.29102508534971244, 0.22222222222222224, 0.0007283204597983786
0.21984230868953317, 0.22222222222222224, 0.03517422160670259
0.26005976441939355, 0.22222222222222224, 0.04521465862887723
0.15323714099245409, 0.22222222222222224, 0.15721827765752844
0.17643118896418367, 0.22222222222222224, 0.05240360071210581
0.1678292609829027, 0.22222222222222224, 0.036259000876458496
0.18737027608450985, 0.22222222222222224, 0.010625001716738145
0.24436647573791764, 0.22222222222222224, 0.06005161152937542
0.20055466943646708, 0.22222222222222224, 0.0016362634688020345
0.12291664289479635, 0.22222222222222224, 0.09699721905200892
0.21722401305188618, 0.22222222222222224, 0.0024430551014210794
0.2203491343717515, 0.22222222222222224, 0.005560537293088296
0.18456020669004589, 0.22222222222222224, 0.025643836313800617
0.15926560386673838, 0.22222222222222224, 0.006541053557119476
0.19314343487313848, 0.22222222222222224, 0.0014117831409698937
0.1880791921330396, 0.22222222222222224, 0.0036206213141351815
0.23848544840861652, 0.22222222222222224, 0.0015156212241257722
0.17294364434379655, 0.22222222222222224, 0.004500485782355334
0.2357984408825129, 0.22222222222222224, 0.022432031663800023
0.25837924792152667, 0.22222222222222224, 0.0033751754484885816
0.19252808678911518, 0.22222222222222224, 0.029139570653947375
0.24788314058461816, 0.22222222222222224, 0.03928471876807329
0.21101259867038735, 0.22222222222222224, 0.006808805878323756
0.21044854461441903, 0.22222222222222224, 0.024725534896100052
0.19144160417152953, 0.22222222222222224, 0.010505997619330965
0.19899995571467224, 0.22222222222222224, 0.008570054585800619
0.1308978804023967, 0.22222222222222224, 0.015237351853854816
0.19753748061040408, 0.22222222222222224, 0.037005902120838145
0.21788672364866923, 0.22222222222222224, 0.002819023484805609
0.08235547275043541, 0.22222222222222224, 0.02997483021747003
0.20091669159986789, 0.22222222222222224, 0.015263269489982259
0.23571668008703958, 0.22222222222222224, 0.013423685893587474
0.20022267869531266, 0.22222222222222224, 0.009969537657391746
0.2251535320060864, 0.22222222222222224, 0.0023481171734052726
0.08835004219975949, 0.22222222222222224, 0.026509193003601324
0.14298552923621305, 0.22222222222222224, 0.007080543764340142
0.2173337580445065, 0.22222222222222224, 0.001707862150593936
0.18369725250505647, 0.22222222222222224, 0.02824696620489592
0.15347528616423406, 0.22222222222222224, 0.00818917136041559
0.19938834404396355, 0.22222222222222224, 0.01765450969602312
0.15703079659540214, 0.22222222222222224, 0.0042972066555032
0.13653449389773897, 0.22222222222222224, 0.011912371360244776
0.2903503403448421, 0.22222222222222224, 0.006988885171489927
0.22506615341054004, 0.22222222222222224, 0.04939349750208041
0.16966108269608654, 0.22222222222222224, 0.02176425159438211
0.19052396300156818, 0.22222222222222224, 0.013731341862206795
0.17042948463061888, 0.22222222222222224, 0.002876259318227836
0.18486411576730086, 0.22222222222222224, 0.021332657614185468
0.22863788510755736, 0.22222222222222224, 0.006167653438072337
0.25752671774443087, 0.22222222222222224, 0.0035052282515127932
0.1464959553626814, 0.22222222222222224, 0.014831859354971997
0.24151577282775116, 0.22222222222222224, 0.007303213573038395
0.19227978162379236, 0.22222222222222224, 0.02117159616529652
0.14226788414537825, 0.22222222222222224, 0.10482810524747778
0.2098529528952, 0.22222222222222224, 0.05483426655564796
0.26298051946934403, 0.22222222222222224, 0.03560433593600576
0.23009555872053042, 0.22222222222222224, 0.01761700837746629
0.2849713994089155, 0.22222222222222224, 0.005825220253038711
0.19927008069065189, 0.22222222222222224, 0.008542824618898744
0.2071545816956613, 0.22222222222222224, 0.011781274673599405
0.23940845795018434, 0.22222222222222224, 0.01658392178552299
0.2378484645186174, 0.22222222222222224, 0.02620644352474681
0.22000957920019948, 0.22222222222222224, 0.00832160010676068
0.31871432312935216, 0.22222222222222224, 0.07560283246413889
0.2115264502084731, 0.22222222222222224, 0.009588702844688693
0.24687844587552235, 0.22222222222222224, 0.013633084650074968
0.24133609086297486, 0.22222222222222224, 0.018517020204760686
0.3179592152514796, 0.22222222222222224, 0.028880004641853134
0.13262037891423623, 0.22222222222222224, 0.008924730070068238
0.12988241191935254, 0.22222222222222224, 0.02335579854550727
0.28018130700336985, 0.22222222222222224, 0.0052271262873132725
0.1997335586218684, 0.22222222222222224, 0.009020620837532007
0.21621007152769614, 0.22222222222222224, 0.043678051494483845
0.12696967415287633, 0.22222222222222224, 0.007237340690217953
0.17302853826122522, 0.22222222222222224, 0.02655302799795658
0.25642466505346134, 0.22222222222222224, 0.025206122622032177
0.17872530619111474, 0.22222222222222224, 0.03179660805527089
0.1552286993134746, 0.22222222222222224, 0.003987887177585781
0.21812360806657283, 0.22222222222222224, 0.011866765078869714
0.20693797217183535, 0.22222222222222224, 0.006252220687383179
0.19016572448507288, 0.22222222222222224, 0.00788717877401589
0.13065966725910622, 0.22222222222222224, 0.02482145424600336
0.18089161058100756, 0.22222222222222224, 0.01387986378037584
0.24960521045834708, 0.22222222222222224, 0.07061258762594255
0.22383830679842948, 0.22222222222222224, 0.014445307811368786
0.10953075486657232, 0.22222222222222224, 0.023159620272718458
0.1771878257956152, 0.22222222222222224, 0.01090215797145074
0.24279372735101984, 0.22222222222222224, 0.02146519547136436
0.17184816194022284, 0.22222222222222224, 0.006433626340173144
0.2017168565777676, 0.22222222222222224, 0.006607341383180543
0.10112351261572516, 0.22222222222222224, 0.007965606744955268
0.21100079727262125, 0.22222222222222224, 0.009756168357960587
0.1972243241437447, 0.22222222222222224, 0.0012683076049933733
0.23203178399237467, 0.22222222222222224, 0.01332778465549384
0.2142934310927329, 0.22222222222222224, 0.0010149743209945461
0.18970194261807632, 0.22222222222222224, 0.01910775165233927
0.18897119974114757, 0.22222222222222224, 0.0031886689043937873
0.11276912516164471, 0.22222222222222224, 0.003162403874112317
0.1377306353238471, 0.22222222222222224, 0.005258690832573646
0.31496683271485726, 0.22222222222222224, 0.016335648967485423
0.13649812170473158, 0.22222222222222224, 0.007412301710394161
0.19978631831752255, 0.22222222222222224, 0.0035894253691172305
0.1979706500999756, 0.22222222222222224, 0.040843421347877704
0.2714276628308133, 0.22222222222222224, 0.018729641168309726
0.15026836292930218, 0.22222222222222224, 0.0002934900038245647
0.16341817033398764, 0.22222222222222224, 0.026813271411815654
0.21468657003436226, 0.22222222222222224, 0.008611381622310035
0.20492115165162494, 0.22222222222222224, 0.015865748145958074
0.2577553505859106, 0.22222222222222224, 0.010188474367198094
0.26642754272391406, 0.22222222222222224, 0.00045304035683154195
0.2490496983926338, 0.22222222222222224, 0.001258387157266917
0.22439292557947876, 0.22222222222222224, 0.03976615110807669
0.19818753375248563, 0.22222222222222224, 0.015502539523878688
0.24175056899965847, 0.22222222222222224, 0.014889644253364077
0.1366872185899235, 0.22222222222222224, 0.09783037986217202
0.2936786625056345, 0.22222222222222224, 0.01947053077126897
0.19752943317300548, 0.22222222222222224, 0.05716279325417577
0.22942725340107878, 0.22222222222222224, 0.020184549402798898
0.061593533053640875, 0.22222222222222224, 0.008651719195320965
0.1284674368690428, 0.22222222222222224, 0.025209890674962772
0.2651720148324223, 0.22222222222222224, 0.02794891695138241
0.1275488336143656, 0.22222222222222224, 0.013615420527247856
0.22518496843945732, 0.22222222222222224, 0.03163694785797021
0.14627237208595112, 0.22222222222222224, 0.005444820991219053
0.23183542943109986, 0.22222222222222224, 0.010888647439988361
0.3409172187189211, 0.22222222222222224, 0.005783902925163411
0.218689826171988, 0.22222222222222224, 0.0931794607446404
0.18768028690749824, 0.22222222222222224, 0.01266383808617253
0.1696331131556512, 0.22222222222222224, 0.054530544193603425
0.22006528782963497, 0.22222222222222224, 0.032834406622946115
0.249229718230589, 0.22222222222222224, 0.0012444264435132516
0.20232797391234442, 0.22222222222222224, 0.017368463202472345
0.17969708372135632, 0.22222222222222224, 0.02672477352391048
0.2570983234267743, 0.22222222222222224, 0.009524906971558871
0.18691241249477306, 0.22222222222222224, 0.03907106350974294
0.1275097448538154, 0.22222222222222224, 0.044924061743648484
0.1905492680760166, 0.22222222222222224, 0.0007422419016446747
0.1904423673206912, 0.22222222222222224, 0.011073443623825866
0.21915483410421127, 0.22222222222222224, 0.057115829879511526
0.12384565695453748, 0.22222222222222224, 0.03295291502481406
0.1312226645239427, 0.22222222222222224, 0.013952422864617307
0.09888773295674325, 0.22222222222222224, 0.021749741831774597
0.220915772684444, 0.22222222222222224, 0.010763764980309815
0.21782240945449943, 0.22222222222222224, 0.017917908127584446
0.1840476582036214, 0.22222222222222224, 0.022297422855640476
0.12596205203404237, 0.22222222222222224, 0.023679148341070027
0.2199505750921153, 0.22222222222222224, 0.022099536352115864
0.2212879244480316, 0.22222222222222224, 0.0041330613149380335
0.18868156342099263, 0.22222222222222224, 0.014917861675063798
0.24913026419170903, 0.22222222222222224, 0.005925655394001789
0.17601182188950668, 0.22222222222222224, 0.041181040565234535
0.22911070127788888, 0.22222222222222224, 0.007764480377649892
0.1795526921723861, 0.22222222222222224, 0.014550960597322563
0.259137418950367, 0.22222222222222224, 0.01008676779080737
0.14205166510345857, 0.22222222222222224, 0.010142138194884088
0.15013799343786047, 0.22222222222222224, 0.01111746415494082
0.23232430857450234, 0.22222222222222224, 0.06420239918247214
0.18302286480741392, 0.22222222222222224, 0.010669653242753251
0.20981151364556877, 0.22222222222222224, 0.05884055221832733
0.3007389538304206, 0.22222222222222224, 0.05572252448667109
0.21048336670314413, 0.22222222222222224, 0.004898008346683271
0.16598711561944696, 0.22222222222222224, 0.02277628461261809
0.23979156158710674, 0.22222222222222224, 0.038972110930649353
0.14304023596582266, 0.22222222222222224, 0.03250313926365932
0.13887407152357661, 0.22222222222222224, 0.09489849653751826
0.24791971342434826, 0.22222222222222224, 0.06907731893522522
0.27567521561888275, 0.22222222222222224, 0.004528595415592892
0.14968939561815342, 0.22222222222222224, 0.026706384394903426
0.22134027376801962, 0.22222222222222224, 0.20684846682836505
0.1841695993514808, 0.22222222222222224, 0.011159694447579903
0.20898711978306211, 0.22222222222222224, 0.019636248602331763
0.24672527634657704, 0.22222222222222224, 0.02176732280515687
0.1723216843147192, 0.22222222222222224, 0.022804046949996416
0.2494018403448922, 0.22222222222222224, 0.006830002369267792
0.09621799568269705, 0.22222222222222224, 0.020301584086983234
0.22458817966123032, 0.22222222222222224, 0.01390733989476726
0.07755623217836694, 0.22222222222222224, 0.03513533473276302
0.19726773643776793, 0.22222222222222224, 4.8049195856522597e-05
0.18070753276717122, 0.22222222222222224, 0.028912959373016387
0.2739786038709297, 0.22222222222222224, 0.014799106793297176
0.1350343386438054, 0.22222222222222224, 0.004513925964206551
0.1565983845665319, 0.22222222222222224, 0.001625655194446885
0.15195994984026873, 0.22222222222222224, 0.039839633788673674
0.2518448975397783, 0.22222222222222224, 0.009624746673309776
0.24143903770387654, 0.22222222222222224, 0.029294246667979546
0.18045250213421168, 0.22222222222222224, 0.059016088645580306
0.13899310214896626, 0.22222222222222224, 0.0027889082120681314
0.24434760523466395, 0.22222222222222224, 0.02909430462743563
0.11976452628872666, 0.22222222222222224, 0.00969359092120472
0.12470033093855838, 0.22222222222222224, 0.025258730260738726
0.18036147197447258, 0.22222222222222224, 0.009810373044183363
0.19005004272843237, 0.22222222222222224, 0.016020603892416493
0.1632101990036116, 0.22222222222222224, 0.050238369482814384
0.23790647371507226, 0.22222222222222224, 0.001630125988503337
0.17720498905181076, 0.22222222222222224, 0.030477994734216862
0.22227800620123006, 0.22222222222222224, 0.01234057562023145
0.10745593290406202, 0.22222222222222224, 0.036545807803760516
0.2700041108944398, 0.22222222222222224, 0.058815994106546476
0.23806260622617129, 0.22222222222222224, 0.02243545657075471
0.16668816338966724, 0.22222222222222224, 0.012248956069014416
0.18447566350894484, 0.22222222222222224, 0.031421717931450384
0.19673933488682194, 0.22222222222222224, 0.004968438763821605
0.1329699043729311, 0.22222222222222224, 0.01724175458573271
0.18942728471701026, 0.22222222222222224, 0.0028116837268226417
0.2370056431571267, 0.22222222222222224, 0.008378021162806401
0.06282781631543494, 0.22222222222222224, 0.08567836424230688
0.17766318096056732, 0.22222222222222224, 0.03342768497335298
0.25232498745944343, 0.22222222222222224, 0.08928997339861083
0.23399931199824903, 0.22222222222222224, 0.00743670660689664
0.3430505605905806, 0.22222222222222224, 0.008564290485890354
0.26780303022705676, 0.22222222222222224, 0.012991117086138343
0.19934914352239272, 0.22222222222222224, 0.043810782386585194
0.11030867519199185, 0.22222222222222224, 0.03559682650941395
0.2484537393666353, 0.22222222222222224, 0.004033277874866471
0.27134446848355603, 0.22222222222222224, 0.04282564838936196
0.2792405871533498, 0.22222222222222224, 0.008909980343605385
0.18720706196887404, 0.22222222222222224, 0.006191341599324261
0.20587372561455225, 0.22222222222222224, 0.05296457912389096
0.14502464591347436, 0.22222222222222224, 0.013814850000963079
0.2147176462106465, 0.22222222222222224, 0.00538920576606142
0.14796198172963468, 0.22222222222222224, 0.04156924445832572
0.1462824721196863, 0.22222222222222224, 0.03401504142501484
0.17027440376678063, 0.22222222222222224, 0.008809901772901465
0.2697288314853321, 0.22222222222222224, 0.003260948940408315
0.22203187729820562, 0.22222222222222224, 0.030358045567753095
0.16531117515473465, 0.22222222222222224, 0.0314545489782409
0.23147562366223656, 0.22222222222222224, 0.018220213884217233
0.18759066578919215, 0.22222222222222224, 0.006320031166757415
0.17032165171077598, 0.22222222222222224, 0.016653980461347542
0.20164645853426807, 0.22222222222222224, 0.07834514593424508
0.2068358043057278, 0.22222222222222224, 0.10969076319859862
0.2584519677321618, 0.22222222222222224, 0.01649490154416727
0.20476300620205706, 0.22222222222222224, 0.016109871374443134
0.14470486618300185, 0.22222222222222224, 0.013739864328660471
0.16919717001606485, 0.22222222222222224, 0.01939361145830389
0.2379506107303891, 0.22222222222222224, 0.010770866016551413
0.20940464845986634, 0.22222222222222224, 0.005387092328945401
0.1582367500930955, 0.22222222222222224, 0.001711839509061451
0.24401370912289044, 0.22222222222222224, 0.007660870452580583
0.33385649562904773, 0.22222222222222224, 0.007229001057732311
0.1215732430199749, 0.22222222222222224, 0.008957243213447765
0.21297143765090626, 0.22222222222222224, 0.0009855286705770109
0.29551229728898437, 0.22222222222222224, 0.0042832950398736845
0.18007715684537823, 0.22222222222222224, 0.03453790718831618
0.14774837034674024, 0.22222222222222224, 0.03557167955458721
0.22745187327297703, 0.22222222222222224, 0.05713189293694613
0.138023610821361, 0.22222222222222224, 0.023013205722426086
0.25042304296085505, 0.22222222222222224, 0.009901946966226084
0.2063511786572036, 0.22222222222222224, 0.01975312331734516
0.07911099225722669, 0.22222222222222224, 0.00017213388157074917
0.28356532328548273, 0.22222222222222224, 0.012986942155538132
0.24568682635785385, 0.22222222222222224, 0.0025019534694494046
0.18269371501092754, 0.22222222222222224, 0.0030350151298062828
0.17973385185927482, 0.22222222222222224, 0.012273592913033891
0.22678029020640572, 0.22222222222222224, 0.012712250369431834
0.22082473672066416, 0.22222222222222224, 0.05814955821509012
0.22327290983185594, 0.22222222222222224, 0.0412425506270161
0.23877342521038808, 0.22222222222222224, 0.012381330080291304
0.2408925324315833, 0.22222222222222224, 0.014880339209712786
0.30693828811066737, 0.22222222222222224, 0.018317628944634595
0.19112234794332114, 0.22222222222222224, 0.006429605543874175
0.2692696199596371, 0.22222222222222224, 0.012884882604663186
0.2140339611964763, 0.22222222222222224, 0.019251539316619347
0.16938910664503873, 0.22222222222222224, 0.006495848165927577
0.18159510515757743, 0.22222222222222224, 0.024576375925437797
0.21254940926350527, 0.22222222222222224, 0.05851950945043692
0.1805204916962566, 0.22222222222222224, 0.0224192760649559
0.27251596078731743, 0.22222222222222224, 0.07942853471916402
0.3092314124010186, 0.22222222222222224, 0.01418393340260155
0.17050627292302928, 0.22222222222222224, 0.002219611239014605
0.19799162894649955, 0.22222222222222224, 0.011684201536218972
0.27085624373662925, 0.22222222222222224, 0.03335203368093825
0.23735407625358276, 0.22222222222222224, 0.020772688311486938
0.18014836546038038, 0.22222222222222224, 0.005927005136778081
0.18943575550180256, 0.22222222222222224, 0.021275539806388178
0.20087181722711744, 0.22222222222222224, 0.09423220513616944
0.15568949466265194, 0.22222222222222224, 0.003817586300880476
0.16661145957579893, 0.22222222222222224, 0.0174318557547201
0.1378397085284695, 0.22222222222222224, 0.01666184056858425
0.13100360848244658, 0.22222222222222224, 0.002055783610819476
0.0932571808805022, 0.22222222222222224, 0.016980756978817693
0.26599634615336, 0.22222222222222224, 0.007878386920495795
0.12799794284089577, 0.22222222222222224, 0.0011666551413537962
0.16172926372230456, 0.22222222222222224, 0.010358198149515146
0.22242855031017786, 0.22222222222222224, 0.04271663946607286
0.28383502326107035, 0.22222222222222224, 0.05005835484743094
0.20673060784085698, 0.22222222222222224, 0.0034894769801771253
0.25799580569938363, 0.22222222222222224, 0.004703558409255476
0.1729331364451097, 0.22222222222222224, 0.013947018999944228
0.1959177531636196, 0.22222222222222224, 0.010662377710621325
0.24632711310236297, 0.22222222222222224, 0.03227630225195593
0.20595902863803167, 0.22222222222222224, 0.01187090700003991
0.14891212021848496, 0.22222222222222224, 0.09403158730555919
0.23769982117475114, 0.22222222222222224, 0.01777742034308466
0.16723336853633092, 0.22222222222222224, 0.010203930066017055
0.2709923625096866, 0.22222222222222224, 0.025916681500728476
0.15780404177822985, 0.22222222222222224, 0.003309159120851019
0.18977601829366045, 0.22222222222222224, 0.010627786544584076
0.21517553910653503, 0.22222222222222224, 0.05629362382221336
0.2854682523365946, 0.22222222222222224, 0.01745105296218804
0.2618475651162782, 0.22222222222222224, 0.06480414828153971
0.18753476548070735, 0.22222222222222224, 0.020757256162958943
0.2095776774573659, 0.22222222222222224, 0.002511818302121366
0.22362105623972542, 0.22222222222222224, 0.009619385279103382
0.22045013421708293, 0.22222222222222224, 0.004033638537874286
0.24025291544237162, 0.22222222222222224, 0.009512071434850267
0.2203387539536304, 0.22222222222222224, 0.02584726894087801
0.19130788821676353, 0.22222222222222224, 0.13328591747636
0.13328483379706918, 0.22222222222222224, 0.0052666904307420185
0.17265334313875128, 0.22222222222222224, 0.002859828046157346
0.19853085197907755, 0.22222222222222224, 0.0012212523255824088
0.2145729519746619, 0.22222222222222224, 0.019238505558849026
0.21059913549919312, 0.22222222222222224, 0.000579477748275624
0.14745902264368965, 0.22222222222222224, 0.10697563762702786
0.2234813030471982, 0.22222222222222224, 0.0528727864223814
0.12869186953919567, 0.22222222222222224, 0.004543193787230948
0.23143420939353915, 0.22222222222222224, 0.0024818224132743373
0.21972728143472084, 0.22222222222222224, 0.00753047152436312
0.17689094717377893, 0.22222222222222224, 0.00017194956852655655
0.16286870168377965, 0.22222222222222224, 0.03200459236392673
0.1335479135590026, 0.22222222222222224, 0.011852164850424821
0.20186014736204372, 0.22222222222222224, 0.0009250657144789212
0.15180694586634488, 0.22222222222222224, 0.020585619619589195
0.22479142106328007, 0.22222222222222224, 0.013016156014817301
0.2402347105977689, 0.22222222222222224, 0.025582925075988992
0.29138279196672257, 0.22222222222222224, 0.017628320356016944
0.23138937540107823, 0.22222222222222224, 0.08207126216819005
0.1872166849842486, 0.22222222222222224, 0.006037159335179453
0.22656904323951524, 0.22222222222222224, 0.006857437702162511
0.27824817058618107, 0.22222222222222224, 0.08929467755104682
0.2920653901590906, 0.22222222222222224, 0.026959797139189105
0.21042094001770562, 0.22222222222222224, 0.05167008686570315
0.29313597899113397, 0.22222222222222224, 0.04374248470647723
0.2378230942500134, 0.22222222222222224, 0.003690247657196991
0.13830345072524838, 0.22222222222222224, 0.06883238871628299
0.17841315932317361, 0.22222222222222224, 0.034001768717574855
0.1052283849304992, 0.22222222222222224, 0.09256164025263541
0.19533197373666655, 0.22222222222222224, 0.01957923901739004
0.2987702120758289, 0.22222222222222224, 0.0147629153713981
0.20093012377121283, 0.22222222222222224, 0.00010754590346907626
0.17822974735842623, 0.22222222222222224, 0.011671324481897132
0.1661555272230012, 0.22222222222222224, 0.003576645512647012
0.1416582441636365, 0.22222222222222224, 0.0033515063374358195
0.3138362600552169, 0.22222222222222224, 0.0694417828786527
0.15297972756362105, 0.22222222222222224, 0.024170087634321786
0.23508580081043917, 0.22222222222222224, 0.10281189894022129
0.17084119621058058, 0.22222222222222224, 0.007965818474886964
0.19311163157634237, 0.22222222222222224, 0.02534767722425404
0.19571728721157206, 0.22222222222222224, 0.014213567505932228
0.1633455328084978, 0.22222222222222224, 0.04098085816274587
0.15902625007679727, 0.22222222222222224, 0.008424429190022923
0.2070086212858432, 0.22222222222222224, 0.025686312181426817
0.11066039669332253, 0.22222222222222224, 0.019585714954288888
0.23394473694835535, 0.22222222222222224, 0.003713772990627432
0.22734841472704725, 0.22222222222222224, 0.007171052777142655
0.25606144608329323, 0.22222222222222224, 0.02764628672636364
0.23374403754731965, 0.22222222222222224, 0.0055713542011502255
0.21920814558227522, 0.22222222222222224, 0.011056236956450222
0.21234153695284344, 0.22222222222222224, 0.006744904927118376
0.21341005095234003, 0.22222222222222224, 0.029010924493828326
0.24139457887532606, 0.22222222222222224, 0.00456971501140683
0.1997645095889004, 0.22222222222222224, 0.025180323505985893
0.17703548299349925, 0.22222222222222224, 0.00338381220049281
0.19525357718204617, 0.22222222222222224, 0.01686311271377024
0.18578453202802728, 0.22222222222222224, 0.034235215817667704
0.1749061708857866, 0.22222222222222224, 0.012115117974731882
0.12490457962951948, 0.22222222222222224, 0.00854646590497763
0.1210970361516206, 0.22222222222222224, 0.011292031431720573
0.16612179005332, 0.22222222222222224, 0.0005271084329018638
0.28249971017281084, 0.22222222222222224, 0.02678792254728119
0.08090868036792204, 0.22222222222222224, 0.001303756042998056
0.19539968416820697, 0.22222222222222224, 0.03804654379562998
0.2648301761896212, 0.22222222222222224, 0.033163248902636215
0.22840625560665676, 0.22222222222222224, 0.0149078481335592
0.21781539917148607, 0.22222222222222224, 0.05096752566340305
0.12556604003196958, 0.22222222222222224, 0.00723700752114609
0.27339071766374595, 0.22222222222222224, 0.02607090659329522
0.12157210882154362, 0.22222222222222224, 0.014033848405423483
0.2349791116666455, 0.22222222222222224, 0.021513164930381173
0.22228768129428442, 0.22222222222222224, 0.0097222652745461
0.18499253055325687, 0.22222222222222224, 0.003951547015527736
0.2359124197488266, 0.22222222222222224, 0.03235264265039321
0.2196652028484573, 0.22222222222222224, 0.027684323500293928
0.24444665414453073, 0.22222222222222224, 0.006823926203793898
0.19354649469311247, 0.22222222222222224, 0.019441512020725263
0.19269290860597948, 0.22222222222222224, 0.016983900129408362
0.1402068282577288, 0.22222222222222224, 0.007288527926274038
0.180305131283252, 0.22222222222222224, 0.03480272715120484
0.22409493275620215, 0.22222222222222224, 0.06206656737626145
0.21045027717016143, 0.22222222222222224, 0.01708699785644554
0.22753008707091832, 0.22222222222222224, 0.005280958647763159
0.24892049244927042, 0.22222222222222224, 0.002516822278135699
0.22080723431488214, 0.22222222222222224, 0.018122637471657706
0.14850533676817823, 0.22222222222222224, 0.007799578749146174
0.20504182932863926, 0.22222222222222224, 0.014776282571750713
0.27917176004736616, 0.22222222222222224, 0.020422959449614492
0.16116971959144236, 0.22222222222222224, 0.0070047379122301565
0.1273354691834407, 0.22222222222222224, 0.0011646523710474206
0.1822118839723667, 0.22222222222222224, 0.0036488436503422307
0.16905985650856237, 0.22222222222222224, 0.0020794498988243788
0.26849640201746433, 0.22222222222222224, 0.013243290299527803
0.1555308529079301, 0.22222222222222224, 0.06502716155057792
0.1493839833758739, 0.22222222222222224, 0.00932834493926078
0.11076346024001524, 0.22222222222222224, 0.019677543479291505
0.26424371370540173, 0.22222222222222224, 0.006730066996836652
0.16542672673817144, 0.22222222222222224, 0.008545139871977168
0.2453686134528121, 0.22222222222222224, 0.014596393113120462
0.21916496066308874, 0.22222222222222224, 0.038366876103432625
0.1984163210140416, 0.22222222222222224, 0.005232257750545376
0.2371230209625331, 0.22222222222222224, 0.03416448622905795
0.11055411294088388, 0.22222222222222224, 0.01265130399768936
0.16398905523128546, 0.22222222222222224, 0.019780015605644113
0.2182719229017104, 0.22222222222222224, 0.029149835499083714
0.23493201801921793, 0.22222222222222224, 0.02387361079314716
0.28040261947479905, 0.22222222222222224, 0.09873888139602141
0.18861584783345692, 0.22222222222222224, 0.059157332906857076
0.25563334316174663, 0.22222222222222224, 0.048519505560857455
0.10834452632370178, 0.22222222222222224, 0.007560205029196007
0.254525491120488, 0.22222222222222224, 0.06096350585660837
0.2483987207039451, 0.22222222222222224, 0.013823869504837208
0.24625628727791649, 0.22222222222222224, 0.006464212730075175
0.21084054219274445, 0.22222222222222224, 0.013421240159839807
0.2274979640151523, 0.22222222222222224, 0.03448090513468308
0.14628015849166115, 0.22222222222222224, 0.002665144663336689
0.25820025101016436, 0.22222222222222224, 0.010208462571259094
0.08216940869397059, 0.22222222222222224, 0.0070508363889350565
0.16434473758377532, 0.22222222222222224, 0.002349110903201244
0.21972262805190723, 0.22222222222222224, 0.023320084138945384
0.1672821699244812, 0.22222222222222224, 0.005469687558651023
0.11842057564328498, 0.22222222222222224, 0.01607407153434525
0.21413676894899142, 0.22222222222222224, 0.005568699324608965
0.2106302469007091, 0.22222222222222224, 0.005701232761910143
0.31226201704434503, 0.22222222222222224, 0.0019648312613564376
0.12881648647321012, 0.22222222222222224, 0.0011827693644788132
0.1836369151837402, 0.22222222222222224, 0.01326269363451979
0.20183109227662596, 0.22222222222222224, 0.018673779321815975
0.29292961734211376, 0.22222222222222224, 0.011367811511881782
0.29918925093175913, 0.22222222222222224, 0.004314734847679987
0.18337953843934954, 0.22222222222222224, 0.027867088732271863
0.20128791312138264, 0.22222222222222224, 0.014750995520290251
0.2793319259036206, 0.22222222222222224, 0.01397236658186758
0.16933057241783303, 0.22222222222222224, 0.013090949135084642
0.14582221112506447, 0.22222222222222224, 0.005806898915906344
0.24225286946486624, 0.22222222222222224, 0.013565430858012187
0.2539767137660615, 0.22222222222222224, 0.02397398438663338
0.20962388817056868, 0.22222222222222224, 0.0018827267109634812
0.11993340103140182, 0.22222222222222224, 0.00635017649332986
0.36183490777252136, 0.22222222222222224, 0.014878772236698607
0.2535918301282194, 0.22222222222222224, 0.012276444948333859
0.18744119419586552, 0.22222222222222224, 0.010448031781787239
0.20149671983669762, 0.22222222222222224, 0.012555808938588887
0.14830792623998448, 0.22222222222222224, 0.004375475888977397
0.19801272253498312, 0.22222222222222224, 0.06965046874917337
0.15389264027907962, 0.22222222222222224, 0.028782977082244882
0.26295082204072107, 0.22222222222222224, 0.03450153320364525
0.23313645945295827, 0.22222222222222224, 0.03051679829009041
0.27669980243163605, 0.22222222222222224, 0.030624278436929577
0.1469252361089096, 0.22222222222222224, 0.0003850726296965471
0.24992933121582966, 0.22222222222222224, 0.02888913914608712
0.18054668196972337, 0.22222222222222224, 0.035418708526059765
0.23629717354989993, 0.22222222222222224, 0.15619908498762197
0.24798572033184155, 0.22222222222222224, 0.017408140925053196
0.1295403621528707, 0.22222222222222224, 0.012344046444754456
0.2566789259457892, 0.22222222222222224, 0.017223154307126728
0.1468037719158109, 0.22222222222222224, 0.00642479564386956
0.16473175345051608, 0.22222222222222224, 0.0203586095403964
0.192957828401549, 0.22222222222222224, 0.006039169190859542
0.17950385835970317, 0.22222222222222224, 0.03026882149234746
0.15707192949741794, 0.22222222222222224, 0.027732247666626925
0.19363919880178382, 0.22222222222222224, 0.013538488131163462
0.20313769128007478, 0.22222222222222224, 0.0037001720619173335
0.22316097572385563, 0.22222222222222224, 0.007154453882099312
0.26559317556432915, 0.22222222222222224, 0.014149482684860932
0.24286214031881775, 0.22222222222222224, 0.015447097680285468
0.15413962568501605, 0.22222222222222224, 0.02866719609519442
0.0939672981268822, 0.22222222222222224, 0.047743414685351655
0.13138142550686996, 0.22222222222222224, 0.047744123413558284
0.1716507713530977, 0.22222222222222224, 0.001475617261789919
0.1787282193668545, 0.22222222222222224, 0.008926832596180734
0.23928508834017043, 0.22222222222222224, 0.006265686197208479
0.10448911927716438, 0.22222222222222224, 0.176536293143001
0.2325682568994589, 0.22222222222222224, 0.02688273196949563
0.2195001353622953, 0.22222222222222224, 0.003475455264755256
0.2544823743771769, 0.22222222222222224, 0.0118719967236004
0.1861670184557666, 0.22222222222222224, 0.002504815720307386
0.1922194445001408, 0.22222222222222224, 0.019926163047038387
0.19440950342882263, 0.22222222222222224, 0.013522652721877694
0.09222362639719389, 0.22222222222222224, 0.008656541657789023
0.16447665896458863, 0.22222222222222224, 0.0033056252627259282
0.20393406830005414, 0.22222222222222224, 0.038024283214080176
0.21437947837170668, 0.22222222222222224, 0.06344458074340087
0.15707155265002276, 0.22222222222222224, 0.018883750272180144
0.24395407202320182, 0.22222222222222224, 0.00110732538488896
0.1697525413095986, 0.22222222222222224, 0.008773800409194935
0.23466328908903603, 0.22222222222222224, 0.004784815625529474
0.2769309718395006, 0.22222222222222224, 0.029396359379947203
0.18762664291317316, 0.22222222222222224, 0.02595993363976802
0.11148733750663659, 0.22222222222222224, 0.008443671721016255
0.22001930440514517, 0.22222222222222224, 0.015332507067268996
0.212892903120741, 0.22222222222222224, 0.00681380166087666
0.22556670397503006, 0.22222222222222224, 0.04798355333958485
0.2657965329454854, 0.22222222222222224, 0.035593498519105746
0.15591656629512463, 0.22222222222222224, 0.0035250747177456225
0.18766396251125184, 0.22222222222222224, 0.017194427988619202
0.19342918176281626, 0.22222222222222224, 0.019681964212023523
0.1635207609996591, 0.22222222222222224, 0.006989826885757426
0.23172249911377074, 0.22222222222222224, 0.013093790122209915
0.15500675682854606, 0.22222222222222224, 0.008019305551391022
0.179420682191887, 0.22222222222222224, 0.004713623169507762
0.2570304867014623, 0.22222222222222224, 0.00615928777068285
0.1978466903520573, 0.22222222222222224, 0.004521516165526415
0.20921098517194747, 0.22222222222222224, 0.009749413147717111
0.20259670297347038, 0.22222222222222224, 0.0011885396405165289
0.12850968552297934, 0.22222222222222224, 0.01749106769700342
0.2426232959536235, 0.22222222222222224, 0.0018655934975868149
0.20521364290564967, 0.22222222222222224, 0.03127940286509048
0.1184432959515123, 0.22222222222222224, 0.008877138600961985
0.1429410992683125, 0.22222222222222224, 0.009192591599957053
0.21852789001890682, 0.22222222222222224, 0.05093495910788774
0.19412064518148425, 0.22222222222222224, 0.026680375408725313
0.2199431182156626, 0.22222222222222224, 0.0015476235599449551
0.25207779659225404, 0.22222222222222224, 0.0050675909213588576
0.05220745073960714, 0.22222222222222224, 0.000872791127628078
0.27850757907904083, 0.22222222222222224, 0.02814363921677948
0.17516927927569198, 0.22222222222222224, 0.012056505617892729
0.2274428546507881, 0.22222222222222224, 0.00801372959369879
0.264088683902746, 0.22222222222222224, 0.054302598254039006
0.2721652814980084, 0.22222222222222224, 0.012922353361003577
0.15898655928604605, 0.22222222222222224, 0.05189677029513825
0.22715791912368655, 0.22222222222222224, 0.0015328388511990326
0.22966194760528402, 0.22222222222222224, 0.0327103276746112
0.20545340534222276, 0.22222222222222224, 0.012455900346139357
0.1381333969717419, 0.22222222222222224, 0.00502471791801823
0.1045942833219452, 0.22222222222222224, 0.03201998279865308
0.1029344458004132, 0.22222222222222224, 0.0197592801300765
0.2386450477922312, 0.22222222222222224, 0.012318880821964522
0.2844228505408551, 0.22222222222222224, 0.023374582386577858
0.25233577156698567, 0.22222222222222224, 0.08949258621038163
0.2404347450958515, 0.22222222222222224, 0.007810490303023116
0.1693056097079355, 0.22222222222222224, 0.038625874340585155
0.27845890403682744, 0.22222222222222224, 0.06348734247113573
0.18589875164560596, 0.22222222222222224, 0.08022997250641674
0.29932040041382946, 0.22222222222222224, 0.027058421035047596
0.2176153956220048, 0.22222222222222224, 0.014432895030555747
0.16452787324835705, 0.22222222222222224, 0.00576627618639963
0.19985997930812702, 0.22222222222222224, 0.0023898265569377635
0.20951925493223883, 0.22222222222222224, 0.01221612348398673
0.19352045499952006, 0.22222222222222224, 0.0018547867429679111
0.20303166394196656, 0.22222222222222224, 0.015819867087597562
0.19150336105803753, 0.22222222222222224, 0.013816181391672438
0.18836949855976734, 0.22222222222222224, 0.007256454206055362
0.21116492909762105, 0.22222222222222224, 0.0014542877045520303
0.22973321906881988, 0.22222222222222224, 0.014360299330761482
0.23992597003690858, 0.22222222222222224, 0.026379919930054792
0.17794227069578705, 0.22222222222222224, 0.0073308353861351065
0.09919681155179211, 0.22222222222222224, 0.023569961241492642
0.2683758274190238, 0.22222222222222224, 0.015763971115962127
0.2298848422806954, 0.22222222222222224, 0.006400108173968763
0.15447584879333998, 0.22222222222222224, 0.06858497822945593
0.17653001278761613, 0.22222222222222224, 0.01262326373203735
0.3324332681246617, 0.22222222222222224, 0.0274276318571935
0.11251774074201278, 0.22222222222222224, 0.00447982741547618
0.16030646450993022, 0.22222222222222224, 0.000960250362741557
0.1964615221379888, 0.22222222222222224, 0.02720485243044845
0.22301228737910886, 0.22222222222222224, 0.10224553909570816
0.10711947452708132, 0.22222222222222224, 0.002524869778152125
0.18907962510751103, 0.22222222222222224, 0.004902994048486951
0.20460952570672186, 0.22222222222222224, 0.02583817975977715
0.21006155241464203, 0.22222222222222224, 0.019668573805415653
0.20737375458491444, 0.22222222222222224, 0.02929772395703856
0.20801444006829967, 0.22222222222222224, 0.0013637410350131965
0.2326878033831996, 0.22222222222222224, 0.010921851854717305
0.17586834610478205, 0.22222222222222224, 1.0266319820219463e-05
0.21458696147330017, 0.22222222222222224, 0.002777256685233597
0.08847847783102235, 0.22222222222222224, 0.031028528671629453
0.22857136548861098, 0.22222222222222224, 0.003845672024526293
0.24629114273701244, 0.22222222222222224, 0.00034765304039751597
0.1927519382812553, 0.22222222222222224, 0.011857594715914674
0.08161204482574236, 0.22222222222222224, 0.0023483758423170987
0.19699057789019442, 0.22222222222222224, 0.046634821458889315
0.1077293201617642, 0.22222222222222224, 0.011156365561361233
0.21631058985609325, 0.22222222222222224, 0.0034790590507694967
0.14314083991409285, 0.22222222222222224, 0.02579687839450307
0.1871966127692082, 0.22222222222222224, 0.020523613073355672
0.22115922791932716, 0.22222222222222224, 0.0051902550446524635
0.3022138549303943, 0.22222222222222224, 0.007983347132740822
0.15829815152751225, 0.22222222222222224, 0.02108028442840074
0.17716394894665535, 0.22222222222222224, 0.02748890188214438
0.31105906433926267, 0.22222222222222224, 0.021403324241826702
0.1839948834434798, 0.22222222222222224, 0.036936424301196515
0.22885466025963364, 0.22222222222222224, 0.0231955850147391
0.19025958087888392, 0.22222222222222224, 0.09929399727202914
0.2590570670006205, 0.22222222222222224, 0.04039577364570965
0.19205709734158138, 0.22222222222222224, 0.014116360813623757
0.14429720547920716, 0.22222222222222224, 0.015280937465673803
0.18598685052768452, 0.22222222222222224, 0.04361981680860341
0.1653360125345734, 0.22222222222222224, 0.048023386754162685
0.22052491239570648, 0.22222222222222224, 0.022793582278521504
0.23568414439409366, 0.22222222222222224, 0.011443422063793165
0.1645649330512845, 0.22222222222222224, 0.004981853446044168
0.15155679824461304, 0.22222222222222224, 0.015672639796447507
0.255937826357589, 0.22222222222222224, 0.013803531829242398
0.2179992961575704, 0.22222222222222224, 0.015972296406835788
0.17646959627872047, 0.22222222222222224, 0.006283701000880038
0.2113094277663012, 0.22222222222222224, 0.01176013058167082
0.1392722547069436, 0.22222222222222224, 0.07595955492847928
0.19362122989396385, 0.22222222222222224, 0.023216057649236538
0.25841602484768045, 0.22222222222222224, 0.01421511245260929
0.1686193163470809, 0.22222222222222224, 0.012363020287874447
0.12603897245624526, 0.22222222222222224, 0.0030617187657943786
0.29148815109893866, 0.22222222222222224, 0.009432473494276152
0.20306643376617228, 0.22222222222222224, 0.08497052105015648
0.11974678842378422, 0.22222222222222224, 0.04183947730721946
0.11777710666423653, 0.22222222222222224, 0.014423304472415422
0.1975688185676178, 0.22222222222222224, 0.014063245745206903
0.21917673907866014, 0.22222222222222224, 0.02746027788768784
0.2305783186405843, 0.22222222222222224, 0.053550255011825226
0.27214715854408356, 0.22222222222222224, 0.052284294664068726
0.3083316779531251, 0.22222222222222224, 0.005577311577113216
0.20040753320301855, 0.22222222222222224, 0.047074059532858425
0.23209674821519882, 0.22222222222222224, 0.019264794302535283
0.2722296159373837, 0.22222222222222224, 0.01003082379427328
0.22934563474743658, 0.22222222222222224, 0.018718213996042236
0.17029189844443363, 0.22222222222222224, 0.003126594282699739
0.2437297952267477, 0.22222222222222224, 0.010279097720306262
0.15560927624979667, 0.22222222222222224, 0.015470361413580028
0.1646851022606477, 0.22222222222222224, 0.0214072864301332
0.1671503940023354, 0.22222222222222224, 0.03531634975393365
0.29193344993953, 0.22222222222222224, 0.0384698867595104
0.2695071959077892, 0.22222222222222224, 0.0001409598645191192
0.2110061092622429, 0.22222222222222224, 0.011957238162896375
0.20591277291021146, 0.22222222222222224, 0.034304958513579016
0.20892185577996983, 0.22222222222222224, 0.059268833747198615
0.20976371109909545, 0.22222222222222224, 0.005988296741710295
0.06210140725202851, 0.22222222222222224, 0.005564635854338776
0.1686945916722965, 0.22222222222222224, 0.026068980658731977
0.1250062123252859, 0.22222222222222224, 0.01939376908584396
0.3324406485096145, 0.22222222222222224, 0.006812810388658105
0.19654834836400878, 0.22222222222222224, 0.018382630276936245
0.1551491244079371, 0.22222222222222224, 0.032251906601539294
0.2326210610940371, 0.22222222222222224, 0.02532397345424317
0.20871585691103633, 0.22222222222222224, 0.053604551122434035
0.22400050573395838, 0.22222222222222224, 0.01829521371817146
0.07738676810359078, 0.22222222222222224, 0.007670420812799708
0.2168501007899016, 0.22222222222222224, 0.007779376421227265
0.24275880903393116, 0.22222222222222224, 0.0033716363602309973
0.09955814385761695, 0.22222222222222224, 0.017506866923174453
0.22927696546506385, 0.22222222222222224, 0.02745818831235176
0.21106289427333216, 0.22222222222222224, 0.03536017632536051
0.24527052147886827, 0.22222222222222224, 0.01494190879562703
0.07839939212143543, 0.22222222222222224, 0.02816902395518365
0.2154395691002839, 0.22222222222222224, 0.011212342287696247
0.20294113637568598, 0.22222222222222224, 0.01146940886857151
0.27193828762246414, 0.22222222222222224, 0.025363453240189397
0.1457547950249124, 0.22222222222222224, 0.009036652157185913
0.1962519620430812, 0.22222222222222224, 0.015754177402377174
0.24502617942727592, 0.22222222222222224, 0.010952512563488347
0.17920960259612917, 0.22222222222222224, 0.0029663367189797655
0.08801049360755327, 0.22222222222222224, 0.013181507593514816
0.19737347379576656, 0.22222222222222224, 0.009876729590122526
0.1313138800297689, 0.22222222222222224, 0.03729517963738638
0.2292667631981254, 0.22222222222222224, 0.021037027513483596
0.2547566455007749, 0.22222222222222224, 0.024235913157038064
0.09865578860044835, 0.22222222222222224, 0.03496955767708608
0.20162859137522227, 0.22222222222222224, 0.006907990559884357
0.16299174754255688, 0.22222222222222224, 0.04153045199506886
0.26789907415775277, 0.22222222222222224, 0.006306115753500575
0.1601115321050816, 0.22222222222222224, 0.005989498003972718
0.2410134336365588, 0.22222222222222224, 0.05906564296839525
0.24489131574457393, 0.22222222222222224, 0.013189457114026179
0.21687470093760478, 0.22222222222222224, 0.0005759893463985039
0.11310080274746238, 0.22222222222222224, 0.022577688804474454
0.140902459249794, 0.22222222222222224, 0.03275714333361943
0.2625606206736467, 0.22222222222222224, 0.022994625289740066
0.22681409886808787, 0.22222222222222224, 0.1052668001132007
0.22740690996952134, 0.22222222222222224, 0.05641914668108502
0.14673768511358018, 0.22222222222222224, 0.0033236402673210755
0.20896281087494975, 0.22222222222222224, 0.015131945695555508
0.16935774715603422, 0.22222222222222224, 0.05578446428689649
0.1786064272217979, 0.22222222222222224, 0.06606770160922089
0.1425431866622205, 0.22222222222222224, 0.0025473133131527935
0.1092073374267355, 0.22222222222222224, 0.011196621500589072
0.22226978550563758, 0.22222222222222224, 0.024578920298024574
0.22602529365956972, 0.22222222222222224, 0.008483798826137702
0.21094389026639923, 0.22222222222222224, 0.01973197892912435
0.26024800131953285, 0.22222222222222224, 0.002165790693441664
0.13103511145846825, 0.22222222222222224, 0.03326155972929185
0.13337109579977038, 0.22222222222222224, 0.008006694782942799
0.10276486236988684, 0.22222222222222224, 0.010852280568647104
0.19361687978762418, 0.22222222222222224, 0.06360004240606543
0.2737900250040286, 0.22222222222222224, 0.026804332703074953
0.2001057266041994, 0.22222222222222224, 0.007593736292602103
0.20891568603517993, 0.22222222222222224, 0.022693374585243155
0.2576783882416206, 0.22222222222222224, 0.00023178033786014547
0.12722914477905156, 0.22222222222222224, 0.0014152917473455452
0.13459017298497383, 0.22222222222222224, 0.009647623009383934
0.2296204897039972, 0.22222222222222224, 0.01756196190697862
0.22591308006124627, 0.22222222222222224, 0.03113951626502424
0.2876549622966369, 0.22222222222222224, 0.050373194250051066
0.15744060179296693, 0.22222222222222224, 0.009041393149816185
0.1689715880612594, 0.22222222222222224, 0.011679155800216421
0.2521196035912353, 0.22222222222222224, 0.05305168781197812
0.20753838471607872, 0.22222222222222224, 0.007654265898264725
0.21998201525809927, 0.22222222222222224, 0.07366494137743383
0.14369971949771082, 0.22222222222222224, 0.026391348311855137
0.15689693644054817, 0.22222222222222224, 0.011596046137333074
0.24371182087171306, 0.22222222222222224, 0.005355909919691529
0.16679926703001632, 0.22222222222222224, 0.025710760333318046
0.22559706709923408, 0.22222222222222224, 0.006594624150436966
0.26421730907282165, 0.22222222222222224, 0.05232845686209528
0.14294067733327148, 0.22222222222222224, 0.02502582329308501
0.21890369126870335, 0.22222222222222224, 0.023871013238256453
0.24053314068853535, 0.22222222222222224, 0.037787607890624283
0.21985540432967815, 0.22222222222222224, 0.002748737004753355
0.20234021902568503, 0.22222222222222224, 0.0023075227962021582
0.1597039760509574, 0.22222222222222224, 0.02939879409522395
0.24981972974822278, 0.22222222222222224, 0.01011982489584613
0.24616119183181162, 0.22222222222222224, 0.020062967912057975
0.18419358547157014, 0.22222222222222224, 0.022429931380283295
0.1767531927337498, 0.22222222222222224, 0.031320977645087296
0.23049671223997809, 0.22222222222222224, 0.00916930523734527
0.11294988547444508, 0.22222222222222224, 0.08406457431375461
0.260477402735831, 0.22222222222222224, 0.03858701055753312
0.26360204479795457, 0.22222222222222224, 0.05062588649448306
0.26469062115947184, 0.22222222222222224, 0.0077377690521779835
0.25978668923195536, 0.22222222222222224, 0.03420842110679845
0.300137065547337, 0.22222222222222224, 0.029561144245463564
0.1831649743798711, 0.22222222222222224, 0.008939691270485644
0.2419547144066824, 0.22222222222222224, 0.012438209808458021
0.2721164635368105, 0.22222222222222224, 0.019642531663745355
0.21973318419434532, 0.22222222222222224, 0.0054290908819571064
0.21808380519466952, 0.22222222222222224, 0.04417955076391056
0.2575725442663533, 0.22222222222222224, 0.003577054142555339
0.11515292408892153, 0.22222222222222224, 0.01075034806304621
0.12536134566233273, 0.22222222222222224, 0.03912907591026998
0.19666935072632566, 0.22222222222222224, 0.008728932637795377
0.21983823554298154, 0.22222222222222224, 0.006500027083597854
0.26439723685112826, 0.22222222222222224, 0.007639397836339252
0.16106673029946075, 0.22222222222222224, 0.017213844735743913
0.25270605472571706, 0.22222222222222224, 0.01029102102529738
0.24210929743331544, 0.22222222222222224, 0.004554806123478248
0.14409450538599558, 0.22222222222222224, 0.000733734726513622
0.17676677699342697, 0.22222222222222224, 0.019123723553903602
0.18686207140286032, 0.22222222222222224, 0.009985007123565568
0.20049218176776923, 0.22222222222222224, 0.034146700170610556
0.2297935988746688, 0.22222222222222224, 0.020013416117980447
0.2018292065677954, 0.22222222222222224, 0.02937974092873138
0.2085666345971091, 0.22222222222222224, 0.0012935574037366531
0.16403130571342428, 0.22222222222222224, 0.0030191706570256577
0.16163558335386613, 0.22222222222222224, 0.055298516026746514
0.23436917920546774, 0.22222222222222224, 0.009043132827889887
0.25643098450131774, 0.22222222222222224, 0.007628739124112658
0.06983646167290347, 0.22222222222222224, 0.0009448376571343995
0.24806937589266412, 0.22222222222222224, 0.0007361885870213236
0.3266915479671969, 0.22222222222222224, 0.04146540413192404
0.18256857306224944, 0.22222222222222224, 0.0009055364665616234
0.26099950308754155, 0.22222222222222224, 0.008507318251763445
0.21098899274441957, 0.22222222222222224, 0.06669891289195101
0.2300253595664771, 0.22222222222222224, 0.010873609221718587
0.2586554044981577, 0.22222222222222224, 0.01127460346417978
0.2389992941558215, 0.22222222222222224, 0.004758341676833023
0.2578542211209152, 0.22222222222222224, 0.01872708651751043
0.2554279685415528, 0.22222222222222224, 0.019379688822406916
0.18504327954384908, 0.22222222222222224, 0.005107218459179895
0.18783159533759441, 0.22222222222222224, 0.018692939845526956
0.1958238287964168, 0.22222222222222224, 0.029803317414396617
0.24011083292010166, 0.22222222222222224, 0.013123482906108767
0.2583127099003949, 0.22222222222222224, 0.004342132139100897
0.11002237601431991, 0.22222222222222224, 0.005140741070971547
0.22555744812254913, 0.22222222222222224, 0.013636125702318796
0.3164501774899431, 0.22222222222222224, 0.021236621774770145
0.17382073316801924, 0.22222222222222224, 0.004157291880716756
0.2829869785935953, 0.22222222222222224, 0.050154932273155775
0.24821799617695411, 0.22222222222222224, 0.02493645462131648
0.23860905021103745, 0.22222222222222224, 0.0018601492066361212
0.23800506013277445, 0.22222222222222224, 0.014152681990426678
0.24003580363814614, 0.22222222222222224, 0.016917294068497152
0.11616883381140769, 0.22222222222222224, 0.023143499727823667
0.22117532158161257, 0.22222222222222224, 0.03140648997435945
0.22020827954756486, 0.22222222222222224, 0.01026473339294054
0.19024173586299584, 0.22222222222222224, 0.014568753427393156
0.22770048210764454, 0.22222222222222224, 0.01518505853353863
0.24078922245978526, 0.22222222222222224, 0.00018752421650007823
0.245814348339597, 0.22222222222222224, 0.02007940651421218
0.22991098065090965, 0.22222222222222224, 0.007322262058960586
0.16529171653951064, 0.22222222222222224, 0.006540311829045374
0.20663752219782214, 0.22222222222222224, 0.05247965637215078
0.2085310573309857, 0.22222222222222224, 0.04167589878576568
0.2559061621306533, 0.22222222222222224, 0.007739887417893023
0.25111656378216235, 0.22222222222222224, 0.001989636209549018
0.24385475382493368, 0.22222222222222224, 0.0665100329840973
0.3274757448974859, 0.22222222222222224, 0.020583439845013846
0.22293020013453144, 0.22222222222222224, 0.010179043980767645
0.19589511201728482, 0.22222222222222224, 0.012292821051583122
0.14289017821578104, 0.22222222222222224, 0.011090227342404451
0.17264221846913086, 0.22222222222222224, 0.004324196729295481
0.12589633483456786, 0.22222222222222224, 0.011133824592263081
0.19393566207637394, 0.22222222222222224, 0.06052996358561072
0.14405467545213646, 0.22222222222222224, 0.027519248582507636
0.11373498561006451, 0.22222222222222224, 0.0035757182080939755
0.252888781432313, 0.22222222222222224, 0.029369637271272044
0.1931660402240829, 0.22222222222222224, 0.020461368146982538
0.22414215898438788, 0.22222222222222224, 0.0012842520949006716
0.2448237651013508, 0.22222222222222224, 0.011631168048197586
0.13327690543961135, 0.22222222222222224, 0.0073156026429265116
0.2863525281776697, 0.22222222222222224, 0.023922258319692538
0.1894033044862445, 0.22222222222222224, 0.0028067598579218124
0.1907698185653903, 0.22222222222222224, 0.029222481009380137
0.2662425220643921, 0.22222222222222224, 0.0029796195602380133
0.09949430398577891, 0.22222222222222224, 0.022013581356081762
0.2182208649423516, 0.22222222222222224, 0.028249645789916143
0.21721864702160046, 0.22222222222222224, 0.0022500937871825144
0.29054525548442006, 0.22222222222222224, 0.007460143433451837
0.21615012316892962, 0.22222222222222224, 0.014018216104232194
0.22474969815691306, 0.22222222222222224, 0.0014032736738171698
0.22421265229115353, 0.22222222222222224, 0.049993803756566486
0.24306536548590157, 0.22222222222222224, 0.027415695563321466
0.1801469912109064, 0.22222222222222224, 0.01885042633617864
0.19635278394458153, 0.22222222222222224, 0.08062862250919722
0.18834512900059236, 0.22222222222222224, 0.007682881483810462
0.2470185615764625, 0.22222222222222224, 0.021958247253983074
0.16819645749696, 0.22222222222222224, 0.0966258923784958
0.19999941251170647, 0.22222222222222224, 0.026179006150749543
0.18861617810116063, 0.22222222222222224, 0.007899465003131307
0.09972923722409349, 0.22222222222222224, 0.021584337794013576
0.2605521540547616, 0.22222222222222224, 0.09658714832219144
0.18538213501487327, 0.22222222222222224, 0.005545678620887018
0.07259826757695095, 0.22222222222222224, 0.03752618498296449
0.27289404785362764, 0.22222222222222224, 0.004874629034422652
0.215881310650741, 0.22222222222222224, 0.06207848242553322
0.1839220498185893, 0.22222222222222224, 0.00483247351673829
0.2153780628524325, 0.22222222222222224, 0.0007417421434706436
0.18588311014592138, 0.22222222222222224, 0.0010168236161741952
0.17402984540223382, 0.22222222222222224, 0.009799028451531668
0.1280042843124331, 0.22222222222222224, 0.04626015272090529
0.2252680813391966, 0.22222222222222224, 0.00730537988354305
0.24412327003979337, 0.22222222222222224, 0.006827423534340645
0.17360318656393123, 0.22222222222222224, 0.003989374217819443
0.22007055464885467, 0.22222222222222224, 0.008557152807143401
0.1223651294036643, 0.22222222222222224, 0.013905457884845616
0.18146970994156186, 0.22222222222222224, 0.012654024686108501
0.24600420983502636, 0.22222222222222224, 0.05765098115937915
0.2002451167817753, 0.22222222222222224, 0.006750916648046658
0.16682087118497266, 0.22222222222222224, 0.014722268841952862
0.15305820588351926, 0.22222222222222224, 0.008532536746016261
0.2040831551756963, 0.22222222222222224, 0.010595293070838131
0.23644863052630202, 0.22222222222222224, 0.051442816909643946
0.19444235353077213, 0.22222222222222224, 0.09031246607145939
0.25500402139426254, 0.22222222222222224, 0.005681766164286792
0.16337222646832641, 0.22222222222222224, 0.0011147132383077843
0.15168854398942208, 0.22222222222222224, 0.014282719162919115
0.22473943502672328, 0.22222222222222224, 0.06614647543132948
0.18973520463785415, 0.22222222222222224, 0.01802496484239975
0.2090135201693474, 0.22222222222222224, 0.005290449801087718
0.17156631560060656, 0.22222222222222224, 0.030600601757821005
0.13355140247739145, 0.22222222222222224, 0.10357144051157656
0.21250237495172675, 0.22222222222222224, 0.03590800739381468
0.1355168699598155, 0.22222222222222224, 0.006613971133333806
0.2034668209308911, 0.22222222222222224, 0.03606237095189612
0.18695699330684543, 0.22222222222222224, 0.05201951694659341
0.17863274913733226, 0.22222222222222224, 0.004449006574067101
0.15505753967337316, 0.22222222222222224, 0.016950394293637063
0.22719417876465567, 0.22222222222222224, 0.04208125095941431
0.12824675265760066, 0.22222222222222224, 0.020328956126699597
0.15996601002612132, 0.22222222222222224, 0.06683784160307957
0.2044692235555516, 0.22222222222222224, 0.024740909264918773
0.21727049827531553, 0.22222222222222224, 0.008136206145336866
0.21077865354543726, 0.22222222222222224, 0.021527543302987732
0.17543415298948928, 0.22222222222222224, 0.013151651083282728
0.19532324262514134, 0.22222222222222224, 0.04028580645075837
0.14615118485368, 0.22222222222222224, 0.01193048421887128
0.15802505162428265, 0.22222222222222224, 0.00883498404935229
0.14387458633780512, 0.22222222222222224, 0.026534270656816673
0.15988931747065432, 0.22222222222222224, 0.007152903366672021
0.21780287204126095, 0.22222222222222224, 0.023879809928851324
0.1562177690208733, 0.22222222222222224, 0.014915193015476088
0.21560964025098606, 0.22222222222222224, 0.05725521716361151
0.18614425600277928, 0.22222222222222224, 0.0685711182921951
0.14034348289259835, 0.22222222222222224, 0.011815066236256869
0.13397848727279466, 0.22222222222222224, 0.050494436501664554
0.21574312980158017, 0.22222222222222224, 0.1311694764428085
0.21503310269415538, 0.22222222222222224, 0.047046655503091346
0.23345170451518196, 0.22222222222222224, 0.046747872002863546
0.17648089812157078, 0.22222222222222224, 0.003796674050148396
0.2264998923585791, 0.22222222222222224, 0.10071690763665538
0.23613077330761495, 0.22222222222222224, 0.026467664081814755
0.15642152065964243, 0.22222222222222224, 0.027070213305226885
0.19959810320160587, 0.22222222222222224, 0.017660819323440886
0.24587254331996336, 0.22222222222222224, 0.003044178469852265
0.27467006164016267, 0.22222222222222224, 0.009231580593682606
0.24521557146332634, 0.22222222222222224, 0.02487975321262569
0.3219065485248639, 0.22222222222222224, 0.005234998229372126
0.22024138356153966, 0.22222222222222224, 0.006063389674106059
0.1390084556276238, 0.22222222222222224, 0.007078108006963031
0.263891842764435, 0.22222222222222224, 0.004190104681314202
0.19472226996992378, 0.22222222222222224, 0.031511943043420934
0.11911220377802112, 0.22222222222222224, 0.004550471732525515
0.215248613727019, 0.22222222222222224, 0.025374441003368498
0.20060575755020763, 0.22222222222222224, 0.055739083579282124
0.11122397861165256, 0.22222222222222224, 0.013729852105400685
0.22299283704666814, 0.22222222222222224, 0.009840241170454763
0.22670652479135633, 0.22222222222222224, 4.7927403660830626e-06
0.133149399652847, 0.22222222222222224, 0.01481787297072065
0.21462111500511744, 0.22222222222222224, 0.004106917194012852
0.20769441790713628, 0.22222222222222224, 0.003194066789764761
0.13487920249164914, 0.22222222222222224, 0.04109656476536847
0.13755892118238816, 0.22222222222222224, 0.035934311646790035
0.2071015367401452, 0.22222222222222224, 0.02968122942297269
0.24080947858195811, 0.22222222222222224, 0.019584912393570172
0.16352628163814442, 0.22222222222222224, 0.00789005512302553
0.1934551041433591, 0.22222222222222224, 0.09896900986130056
0.17809924686237394, 0.22222222222222224, 0.01618911105706234
0.17923302476286895, 0.22222222222222224, 0.013248680133924782
0.09907660502198522, 0.22222222222222224, 0.013746288440834125
0.18593147857332534, 0.22222222222222224, 0.006752829598822311
0.23491052426193654, 0.22222222222222224, 0.027152522431961267
0.2628193292228327, 0.22222222222222224, 0.0036456102122551614
0.24531620293759718, 0.22222222222222224, 0.00047958458930897805
0.27112387403058846, 0.22222222222222224, 0.0032675894487766547
0.20752444607491713, 0.22222222222222224, 0.01370662801147307
0.19548997413739008, 0.22222222222222224, 0.006233499744075571
0.1802633056580641, 0.22222222222222224, 0.022589607912377026
0.19546618148185133, 0.22222222222222224, 0.018390436153675988
0.21291367306777326, 0.22222222222222224, 0.06892709405416912
0.18482281398480568, 0.22222222222222224, 0.005133135433930817
0.08160582556836049, 0.22222222222222224, 0.05066947622700643
0.14225999497704284, 0.22222222222222224, 0.0072093277254721
0.22683013781300307, 0.22222222222222224, 0.013101657087267066
0.2475069254158707, 0.22222222222222224, 0.009464290093869647
0.09431549062813878, 0.22222222222222224, 0.013875428184888669
0.1825851887585598, 0.22222222222222224, 0.014748299970223106
0.2112262236776553, 0.22222222222222224, 0.061319773802777845
0.19613858979410828, 0.22222222222222224, 0.01140209441740605
0.22681962298770797, 0.22222222222222224, 0.0058689033242589825
0.18733902256785154, 0.22222222222222224, 0.002546245745454374
0.18472390994711424, 0.22222222222222224, 0.026801381222700676
0.2000063306300628, 0.22222222222222224, 0.03384872091616047
0.1490842262001222, 0.22222222222222224, 0.0011786864031721027
0.27155903627685185, 0.22222222222222224, 0.0038428851284494484
0.19690999339835613, 0.22222222222222224, 0.045129693687747566
0.2096474854719335, 0.22222222222222224, 0.007569024575353469
0.16297644751969997, 0.22222222222222224, 0.04033860248361439
0.30010611015440114, 0.22222222222222224, 0.013467593000291421
0.16032880606024982, 0.22222222222222224, 0.01414620158158103
0.24311887533973525, 0.22222222222222224, 0.048629590615535914
0.22110579559473156, 0.22222222222222224, 0.007132996958025273
0.21139224342235471, 0.22222222222222224, 0.10660749571639822
0.14626465162200764, 0.22222222222222224, 0.04804651606131908
0.18566914520072186, 0.22222222222222224, 0.008449545981031918
0.31263508068250045, 0.22222222222222224, 0.010724065155780409
0.12608003645943866, 0.22222222222222224, 0.009624128494197429
0.11345911274853854, 0.22222222222222224, 0.002870847025984747
0.18751886712527088, 0.22222222222222224, 0.07186585601634464
0.250654224756897, 0.22222222222222224, 0.050181965630519416
0.2644086156425127, 0.22222222222222224, 0.006474886526962194
0.19112011441210805, 0.22222222222222224, 0.041475589177520554
0.10029871845800159, 0.22222222222222224, 0.0022145478142790143
0.32148529412581356, 0.22222222222222224, 0.06357339861646805
0.29097505975976923, 0.22222222222222224, 0.005947068814798747
0.21911152435996023, 0.22222222222222224, 0.014965316261703339
0.11871021403866462, 0.22222222222222224, 0.04624427875817617
0.2571805738070002, 0.22222222222222224, 0.004149767533600728
0.31336581429668625, 0.22222222222222224, 0.06193670863848047
0.2182608545151182, 0.22222222222222224, 0.004385420514384872
0.2647622752892221, 0.22222222222222224, 0.13571873036700094
0.18545425265127358, 0.22222222222222224, 0.00014753038654154296
0.19374280487758486, 0.22222222222222224, 0.02547484075862868
0.13590266787781796, 0.22222222222222224, 0.014329034479406689
0.2197868660384915, 0.22222222222222224, 0.02083698063446382
0.20918067848410926, 0.22222222222222224, 0.010676302155820439
0.17380350705881997, 0.22222222222222224, 0.05560534745496949
0.19526524079839555, 0.22222222222222224, 0.021636561921196278
0.3094140624201805, 0.22222222222222224, 0.06409773874509468
0.1880980290280541, 0.22222222222222224, 0.03782478648760843
0.3063718658115813, 0.22222222222222224, 0.05965515856630962
0.24634117168352485, 0.22222222222222224, 0.004822350074437034
0.20669266274773437, 0.22222222222222224, 0.019884450349337512
0.24550369787077359, 0.22222222222222224, 0.01682073810876802
0.2713050688888169, 0.22222222222222224, 0.011812162262432202
0.14106835860386316, 0.22222222222222224, 0.0039062203179681654
0.24247218430068396, 0.22222222222222224, 0.0002484827211366878
0.1401756448830335, 0.22222222222222224, 0.03180275966749294
0.3037372778175096, 0.22222222222222224, 0.011706725548228327
0.19455426889938446, 0.22222222222222224, 0.05394659075220962
0.20106146946570866, 0.22222222222222224, 0.006515536312973336
0.1605403002055109, 0.22222222222222224, 0.009978816840097809
0.21430264936814453, 0.22222222222222224, 0.03679025081903971
0.24773545289358195, 0.22222222222222224, 0.03540810989281114
0.23231920178207488, 0.22222222222222224, 0.008765298034420827
0.26618409242323526, 0.22222222222222224, 0.015276479558870796
0.1669397223343306, 0.22222222222222224, 0.060129185163932106
0.23935924615176357, 0.22222222222222224, 0.00610044462799763
0.15500930872435545, 0.22222222222222224, 0.0024848000763855673
0.16163109431169032, 0.22222222222222224, 0.02188783388958605
0.24751916102706129, 0.22222222222222224, 0.010827337686944948
0.18645370850986293, 0.22222222222222224, 0.020664324136789747
0.20406249105207455, 0.22222222222222224, 0.04514601267566013
0.1464710192314995, 0.22222222222222224, 0.018275508864789434
0.2874308242874359, 0.22222222222222224, 0.0065375279890655495
0.14279062452675936, 0.22222222222222224, 0.04984662874312536
0.33599133948970317, 0.22222222222222224, 0.0858376448503408
0.1946053094289464, 0.22222222222222224, 0.010059349229487072
0.22269624304884267, 0.22222222222222224, 0.015487511993227504
0.28159810342329855, 0.22222222222222224, 0.01625276338400026
0.14593897383015936, 0.22222222222222224, 0.047269844002155836
0.15418172622163803, 0.22222222222222224, 0.0041506806544662775
0.27358684312137627, 0.22222222222222224, 0.049161931011481697
0.18503999106770244, 0.22222222222222224, 0.08315415538033397
0.2830397518553681, 0.22222222222222224, 0.027609757817620553
0.18987156877086336, 0.22222222222222224, 0.014893516101313205
0.2549159412526206, 0.22222222222222224, 0.016790244669929524
0.1541897454657434, 0.22222222222222224, 0.012374493184185587
0.18697271293759662, 0.22222222222222224, 0.048526548114947284
0.12860967245504895, 0.22222222222222224, 0.009983135058478705
0.2613691269808701, 0.22222222222222224, 0.025424796444706386
0.28880984784801883, 0.22222222222222224, 0.007413096758149907
0.27662142077252716, 0.22222222222222224, 0.005518119756226154
0.08867428706803995, 0.22222222222222224, 0.01626050624823196
0.13108636190907183, 0.22222222222222224, 0.005763926339103093
0.06010755569970419, 0.22222222222222224, 0.006354040560805405
0.19004386194673817, 0.22222222222222224, 0.029054063323153287
0.25354851626200464, 0.22222222222222224, 0.010663356551128399
0.17532516858236183, 0.22222222222222224, 0.005518755735746049
0.2402027157978568, 0.22222222222222224, 0.007463042157202316
0.27133634519210004, 0.22222222222222224, 0.0029476517378611384
0.2466432753611879, 0.22222222222222224, 0.011696283479813127
0.16171881576831224, 0.22222222222222224, 0.010095372241553489
0.216561510373575, 0.22222222222222224, 0.04568276135710189
0.26655518827452923, 0.22222222222222224, 0.020648491532627128
0.12557715178428253, 0.22222222222222224, 0.003173044920937111
0.2607753372935435, 0.22222222222222224, 0.010282702790612042
0.11013293019589454, 0.22222222222222224, 0.014419562185868888
0.17417020143312334, 0.22222222222222224, 0.01716923488743317
0.23646372733342017, 0.22222222222222224, 0.009793989947775233
0.20627620133334215, 0.22222222222222224, 0.0028264994110768363
0.21581116619990345, 0.22222222222222224, 0.004818216187958182
0.17166959980908203, 0.22222222222222224, 0.002152650177568944
0.21615880342256888, 0.22222222222222224, 0.03346062656376095
0.22823266133065773, 0.22222222222222224, 0.01763948239803952
0.23056916560080654, 0.22222222222222224, 0.009888460103685246
0.2577616150936522, 0.22222222222222224, 0.019614772930447135
0.32017357906740673, 0.22222222222222224, 0.0003311476392145357
0.1267268679126824, 0.22222222222222224, 0.004278411389997135
0.2533451979778724, 0.22222222222222224, 0.0003377026080350964
0.201279672009491, 0.22222222222222224, 0.010174449997155225
0.18643529105835324, 0.22222222222222224, 0.0180929107123018
0.16441832963605044, 0.22222222222222224, 0.011753068612770678
0.29458197130841857, 0.22222222222222224, 0.009711535305862688
0.3101176565498131, 0.22222222222222224, 0.04520273290825899
0.1860814843774654, 0.22222222222222224, 0.01944865551253158
0.1413167251459411, 0.22222222222222224, 0.0466993421487968
0.15113764823413295, 0.22222222222222224, 0.0030640750365317675
0.14443574243704663, 0.22222222222222224, 0.03541435314142264
0.20035439362479285, 0.22222222222222224, 0.008213099549416613
0.14494862315681867, 0.22222222222222224, 0.030987778014095073
0.20175261616050352, 0.22222222222222224, 0.03740387456923678
0.22442480725711414, 0.22222222222222224, 0.01176784467917115
0.23606944725529783, 0.22222222222222224, 0.020720444775942842
0.2929378706417669, 0.22222222222222224, 0.05388402888454202
0.16308792905468816, 0.22222222222222224, 0.042169418895036725
0.22083623237355088, 0.22222222222222224, 0.00399698719075202
0.21847354034183863, 0.22222222222222224, 0.007253356738100188
0.24151101164221564, 0.22222222222222224, 0.02760607709111089
0.22369593473747557, 0.22222222222222224, 0.0021890278060828186
0.20002950334904138, 0.22222222222222224, 0.009202094005306116
0.1809611728970525, 0.22222222222222224, 0.003145116367023522
0.15447765999501076, 0.22222222222222224, 0.056333426964432866
0.1538776607954502, 0.22222222222222224, 0.01143105437540779
0.2727817800527355, 0.22222222222222224, 0.027136894410016422
0.2398344768902763, 0.22222222222222224, 0.000629299429023202
0.2075031247844907, 0.22222222222222224, 0.01584861732594143
0.1899092734780265, 0.22222222222222224, 0.051235976724111
0.2573430417770948, 0.22222222222222224, 0.019362631285151182
0.18045580278956663, 0.22222222222222224, 0.027057813809585097
0.20405462916965336, 0.22222222222222224, 0.0070701561791101705
0.22768965008114217, 0.22222222222222224, 0.012774425078018747
0.10492613902869358, 0.22222222222222224, 0.01921748967354608
0.20794186789150673, 0.22222222222222224, 0.025452322388791304
0.20493134113484526, 0.22222222222222224, 0.033103933697018584
0.10808222964944995, 0.22222222222222224, 0.0317214758122932
0.1901735969417103, 0.22222222222222224, 0.011682262231728777
0.09641789907626411, 0.22222222222222224, 0.022730769556656635
0.054819022767948034, 0.22222222222222224, 0.011379454610150741
0.1328992838773238, 0.22222222222222224, 0.010427155307283314
0.23567277938700518, 0.22222222222222224, 0.016600113723565096
0.19081625422849935, 0.22222222222222224, 0.031665415723936365
0.17545383399029996, 0.22222222222222224, 0.01725863842843496
0.18681239833001564, 0.22222222222222224, 0.0070065837606465824
0.21846912467025675, 0.22222222222222224, 0.027737761886739116
0.24682267833569368, 0.22222222222222224, 0.025543489166560168
0.1359696573995809, 0.22222222222222224, 0.005073636371025827
0.0931124214197075, 0.22222222222222224, 1.0905025662499887e-05
0.17681664241078443, 0.22222222222222224, 0.014260846898779208
0.20956183149344784, 0.22222222222222224, 0.004131931657660638
0.18674045162736666, 0.22222222222222224, 0.10906525060402256
0.24463513820344107, 0.22222222222222224, 0.02932747800471551
0.21089869844986334, 0.22222222222222224, 0.004671726946910505
0.21977803832410875, 0.22222222222222224, 0.01107238507307357
0.09566662341197484, 0.22222222222222224, 0.013935235089776411
0.13653546314427056, 0.22222222222222224, 0.010434731175282819
0.10677487835101886, 0.22222222222222224, 0.018293152102761487
0.17641320422044268, 0.22222222222222224, 0.015770713869918154
0.25120876861787345, 0.22222222222222224, 0.01832372212507403
0.09234241016729024, 0.22222222222222224, 0.009803877623570111
0.28879478638261047, 0.22222222222222224, 0.0018492013001791335
0.1955649621959317, 0.22222222222222224, 0.04325174931568294
0.1889680319089318, 0.22222222222222224, 0.0033280981218344234
0.23303268342832928, 0.22222222222222224, 0.005265135165805578
0.1558776913951963, 0.22222222222222224, 0.01883851710933034
0.24589136902036812, 0.22222222222222224, 0.06860236457176788
0.2791879347675329, 0.22222222222222224, 0.0015683563523465054
0.20216101641820866, 0.22222222222222224, 0.01178519305728857
0.18333874925603655, 0.22222222222222224, 0.02698171342697732
0.15407947507934935, 0.22222222222222224, 0.01144901481654418
0.2680140066862661, 0.22222222222222224, 0.007794808896769721
0.18188706318169656, 0.22222222222222224, 0.007254000156661894
0.2588841593249218, 0.22222222222222224, 0.02210959398872147
0.14973904491624182, 0.22222222222222224, 0.005980715221719348
0.21372929794326953, 0.22222222222222224, 0.06093232278874124
0.2620142819573163, 0.22222222222222224, 0.026805668694773754
0.2578574731655565, 0.22222222222222224, 0.0336969757835244
0.23312969652091028, 0.22222222222222224, 0.0007863382629312235
0.24628726361951425, 0.22222222222222224, 0.004326846195516076
0.17904977630579505, 0.22222222222222224, 0.016732681234324292
0.17095274338756872, 0.22222222222222224, 0.010385704273788467
0.22240953815341596, 0.22222222222222224, 0.0038484552600250403
0.16216776737015193, 0.22222222222222224, 0.0014589000866804989
0.21097364951348785, 0.22222222222222224, 0.005708057654203571
0.24522507054352405, 0.22222222222222224, 0.014118265960626751
0.16965862423590247, 0.22222222222222224, 0.011728924487993652
0.21392006633336172, 0.22222222222222224, 0.005693730932454662
0.19935008468839677, 0.22222222222222224, 0.06377253059572746
0.24207464622839733, 0.22222222222222224, 0.007146997939839408
0.27463706262426013, 0.22222222222222224, 0.05838381940720258
0.24560192883143106, 0.22222222222222224, 0.02246647688977709
0.1731164404206691, 0.22222222222222224, 0.009714946589079343
0.2393166107277556, 0.22222222222222224, 0.05825440136068115
0.2600365705982763, 0.22222222222222224, 0.001708937748915283
0.18157874527256498, 0.22222222222222224, 0.012236810387522131
0.1711038737997423, 0.22222222222222224, 0.018998973184462774
0.08739251527033538, 0.22222222222222224, 0.020195413031476754
0.1837589573675158, 0.22222222222222224, 0.014734179243310056
0.16267407589302402, 0.22222222222222224, 0.01904123965979817
0.204538266756751, 0.22222222222222224, 0.05983472673238786
0.14016630667419464, 0.22222222222222224, 0.04698986287247884
0.27472599442599255, 0.22222222222222224, 0.015077965478043586
0.224583495578267, 0.22222222222222224, 0.010884330998640978
0.2503500801759369, 0.22222222222222224, 0.032397520160880384
0.27057413103634465, 0.22222222222222224, 0.013096450945474495
0.25973398970968115, 0.22222222222222224, 0.00043691869182324827
0.16527180852305606, 0.22222222222222224, 0.0486860386419493
0.19813939546245535, 0.22222222222222224, 0.13952914691683593
0.16584091582614074, 0.22222222222222224, 0.04693990439865681
0.20581825155704336, 0.22222222222222224, 0.10580362818225589
0.2293452889823127, 0.22222222222222224, 0.03180508653425465
0.2891523253311857, 0.22222222222222224, 0.04244115346009739
0.2270822960318363, 0.22222222222222224, 0.003390497514574333
0.22823627129042878, 0.22222222222222224, 0.0016991267545903032
0.2527860562593921, 0.22222222222222224, 0.003216957191313909
0.15809601940116677, 0.22222222222222224, 0.12862743368441767
0.13667641853603718, 0.22222222222222224, 0.02527102438163914
0.10920653934841612, 0.22222222222222224, 0.01103295228059112
0.1357555317534775, 0.22222222222222224, 0.07037695996438166
0.2652376517295994, 0.22222222222222224, 0.030976260602041627
0.18895916270925317, 0.22222222222222224, 0.010200384236403848
0.2484950114642459, 0.22222222222222224, 0.00232887822594926
0.1771239740005723, 0.22222222222222224, 0.04253106179119683
0.1907999842689313, 0.22222222222222224, 0.0499270462482974
0.23846771709548845, 0.22222222222222224, 0.04468523717964433
0.164715183360531, 0.22222222222222224, 0.004036914907144678
0.2587718849210158, 0.22222222222222224, 0.04185216065354685
0.17146262466391235, 0.22222222222222224, 0.0036485701468732955
0.23674386055732208, 0.22222222222222224, 0.013039736541275123
0.14113003810333832, 0.22222222222222224, 0.005317926631109733
0.1384800620384097, 0.22222222222222224, 0.050599763427918505
0.11774258474107145, 0.22222222222222224, 0.004191055573319537
0.2257625891155277, 0.22222222222222224, 0.028895388280754827
0.21430577434987347, 0.22222222222222224, 0.01636861791376014
0.18670767093848586, 0.22222222222222224, 0.06706824304754339
0.2590111426207029, 0.22222222222222224, 0.01434966214137987
0.2343843412496772, 0.22222222222222224, 0.009572270651603425
0.12257521861443138, 0.22222222222222224, 0.048646342777887985
0.26458259638812953, 0.22222222222222224, 0.0050999353808863735
0.28640460814571267, 0.22222222222222224, 0.027634472830911208
0.24384553227959072, 0.22222222222222224, 0.0007877557471302554
0.12384495227995168, 0.22222222222222224, 0.009587030812354347
0.16095483767616703, 0.22222222222222224, 0.011541077250940564
0.25914513684745766, 0.22222222222222224, 0.013046236899542736
0.20813628763456749, 0.22222222222222224, 0.04359476780192424
0.18259443179514126, 0.22222222222222224, 0.07903995517655621
0.15630322103272393, 0.22222222222222224, 0.007405887571518168
0.22718937004202733, 0.22222222222222224, 0.04081128571466593
0.16357757790403982, 0.22222222222222224, 0.001993806740951239
0.2459806613930191, 0.22222222222222224, 0.016315261646382282
0.17741785501575155, 0.22222222222222224, 0.07763453772546348
0.17183270624201147, 0.22222222222222224, 0.03428655177860693
0.21824196380653996, 0.22222222222222224, 0.04455885557359779
0.19902010787300106, 0.22222222222222224, 0.0011163150304635441
0.2713736317352245, 0.22222222222222224, 0.01340668064192245
0.19767106900938713, 0.22222222222222224, 0.003711945975705842
0.10584017543655408, 0.22222222222222224, 0.010908653506423178
0.1807874775407939, 0.22222222222222224, 0.015396325779102245
0.2020635373770401, 0.22222222222222224, 0.002778116190876854
0.19707333051493178, 0.22222222222222224, 0.003360359338914236
0.2605926007334883, 0.22222222222222224, 0.015914151404136438
0.21145379033205175, 0.22222222222222224, 0.040069940906252904
0.21384813822277812, 0.22222222222222224, 0.006676572575223618
0.10212040493531609, 0.22222222222222224, 0.0044814136357063505
0.22172865114065976, 0.22222222222222224, 0.027848615066303064
0.10522621625817573, 0.22222222222222224, 0.03606656327171455
0.15262457305594032, 0.22222222222222224, 0.00018543793770648358
0.16193166879913082, 0.22222222222222224, 0.004033649846541181
0.24420324383323241, 0.22222222222222224, 0.05587977360907416
0.158005016049233, 0.22222222222222224, 0.0056193396709432525
0.1230745820650143, 0.22222222222222224, 0.0029478703248600855
0.09868576538360166, 0.22222222222222224, 0.05486303968288553
0.31406436105748614, 0.22222222222222224, 0.009495961755580972
0.14642540835834464, 0.22222222222222224, 0.051806622673569884
0.1744437071959718, 0.22222222222222224, 0.016890033988109964
0.13337144407108645, 0.22222222222222224, 0.010867535211301642
0.18944096602253124, 0.22222222222222224, 0.017697301736872208
0.1424713331107572, 0.22222222222222224, 0.09344844937543383
0.25822633126405486, 0.22222222222222224, 0.020952394196772445
0.2247195735582663, 0.22222222222222224, 0.007644342115444414
0.1732808840418174, 0.22222222222222224, 0.01920241894576559
0.17079544005064612, 0.22222222222222224, 0.006330624805477528
0.22131853355220443, 0.22222222222222224, 0.017693240637458207
0.19645554609836088, 0.22222222222222224, 0.04302614969468744
0.09116807345894203, 0.22222222222222224, 0.030466463330002063
0.15611011732871888, 0.22222222222222224, 0.01570872120333788
0.11264635958083394, 0.22222222222222224, 0.007079515149769228
0.25447514137330335, 0.22222222222222224, 0.009363037250462761
0.1775806538830466, 0.22222222222222224, 0.0014645646361634518
0.15015550666326, 0.22222222222222224, 0.056404828808399074
0.2284022613963376, 0.22222222222222224, 0.010899039981928772
0.22587325492045507, 0.22222222222222224, 0.05536063052012501
0.2310881928180379, 0.22222222222222224, 0.03194674937540697
0.1205676974315695, 0.22222222222222224, 0.0033028458377807987
0.16474079407964448, 0.22222222222222224, 0.00564769277522206
0.1712896400209893, 0.22222222222222224, 0.03876021285231794
0.17792020431379357, 0.22222222222222224, 0.019002843398199274
0.2798507167374911, 0.22222222222222224, 0.0057892682022703
0.10998862886762754, 0.22222222222222224, 0.0018043350624462422
0.18605205972562935, 0.22222222222222224, 0.0037554984501648484
0.2445399892451056, 0.22222222222222224, 0.0038525073683181527
0.16475934378484353, 0.22222222222222224, 0.011770784034561244
0.1689484369662182, 0.22222222222222224, 0.027624735130145184
0.2894204632767192, 0.22222222222222224, 0.025791119371185424
0.15406403790332038, 0.22222222222222224, 0.02779879937416439
0.2678720094000775, 0.22222222222222224, 0.009825876968309626
0.26538673697676274, 0.22222222222222224, 0.0739851810391603
0.19734354757272504, 0.22222222222222224, 0.001973042327815454
0.15429758340550104, 0.22222222222222224, 0.00983158594946659
0.14249069121547797, 0.22222222222222224, 0.010023318242309768
0.1529388593348335, 0.22222222222222224, 0.028100765998769164
0.20195211679133926, 0.22222222222222224, 0.09161026314073505
0.1454189403542554, 0.22222222222222224, 0.00101915237824287
0.32582924854795425, 0.22222222222222224, 0.04661161054601778
0.1806338600744747, 0.22222222222222224, 0.040278266334987135
0.2545460094684707, 0.22222222222222224, 0.06182315046794866
0.2427510172002674, 0.22222222222222224, 0.01922780524159831
0.2934180635846234, 0.22222222222222224, 0.008381693085155918
0.17214611545391484, 0.22222222222222224, 0.02072372177595167
0.23458551054663648, 0.22222222222222224, 0.012722850941853329
0.21070372369577378, 0.22222222222222224, 0.012150605760269594
0.20220434713798435, 0.22222222222222224, 0.13411697809750514
0.16990804479979654, 0.22222222222222224, 0.0061075778272246225
0.1528646532295091, 0.22222222222222224, 0.01300639653349239
0.2990371081074956, 0.22222222222222224, 0.02594521611840829
0.20782023253306384, 0.22222222222222224, 0.041097417015272406
0.22247335752232666, 0.22222222222222224, 0.0011862732707028565
0.1821131203853161, 0.22222222222222224, 0.013946207078591847
0.1994363925061497, 0.22222222222222224, 0.005284984075032031
0.19421504828136932, 0.22222222222222224, 0.05185398998572037
0.2675177623264796, 0.22222222222222224, 0.013350842865583253
0.17842432066447594, 0.22222222222222224, 0.017255373601757332
0.18512639481181573, 0.22222222222222224, 0.014456289050167812
0.19302850749415437, 0.22222222222222224, 0.011574121201801159
0.18311960749622466, 0.22222222222222224, 0.006665725853696953
0.23784380885530537, 0.22222222222222224, 0.014659793943208576
0.2069728690359268, 0.22222222222222224, 0.01247925825478116
0.2609465810584651, 0.22222222222222224, 0.001313648977867592
0.260874839934566, 0.22222222222222224, 0.025038826580123977
0.24784086425194976, 0.22222222222222224, 0.023366571245225475
0.22444940460462923, 0.22222222222222224, 0.027664104594211748
0.28525456074855504, 0.22222222222222224, 0.0463094134709086
0.10670090162253547, 0.22222222222222224, 0.010215243589065134
0.251539818366337, 0.22222222222222224, 0.004603066560716949
0.21730968760960317, 0.22222222222222224, 0.023878541752913335
0.1711274076880258, 0.22222222222222224, 0.03623308972551913
0.20355908655996333, 0.22222222222222224, 0.010503540770760548
0.1333599504674104, 0.22222222222222224, 0.01689307214919083
0.259718422854732, 0.22222222222222224, 0.008957652995204192
0.14663658261754847, 0.22222222222222224, 0.022631675613425734
0.20077894883379196, 0.22222222222222224, 0.009492394409085947
0.18195420386492683, 0.22222222222222224, 0.023260959211974977
0.21606556901195023, 0.22222222222222224, 0.0038361350587452787
0.30317631373547016, 0.22222222222222224, 0.004994170122390198
0.2658496217091615, 0.22222222222222224, 0.004654053940484784
0.13048941310076517, 0.22222222222222224, 0.004612106156014106
0.25713746008851074, 0.22222222222222224, 0.018185657121050913
0.2179369162301147, 0.22222222222222224, 0.004955121495775945
0.27635033602903636, 0.22222222222222224, 0.0023370541328508166
0.05627332724596179, 0.22222222222222224, 0.07239026369483459
0.24917031245151616, 0.22222222222222224, 0.028052199348168765
0.2186421185875342, 0.22222222222222224, 0.026647360278184914
0.20378249725081743, 0.22222222222222224, 0.05322853158290076
0.18917865261306757, 0.22222222222222224, 0.03413399972470919
0.18721570659804943, 0.22222222222222224, 0.0007391304806284971
0.2781937879473514, 0.22222222222222224, 0.008582861634607034
0.15747549943768924, 0.22222222222222224, 0.021384189077042124
0.16015971517667288, 0.22222222222222224, 0.02862214655784293
0.26252313836523966, 0.22222222222222224, 0.025491754865115887
0.17640683142182098, 0.22222222222222224, 0.020563809002271855
0.18172332877643269, 0.22222222222222224, 0.050421364113841675
0.11440183548632818, 0.22222222222222224, 0.013333822876570114
0.24534770158234906, 0.22222222222222224, 0.013576917873745507
0.20474775856833902, 0.22222222222222224, 0.0005346337947065795
0.19749298389942058, 0.22222222222222224, 0.0009921225625393213
0.22228160268056568, 0.22222222222222224, 0.02797826567927507
0.2217856222583059, 0.22222222222222224, 0.02401968810379992
0.23374043752965573, 0.22222222222222224, 0.038535963892802394
0.28578357745507554, 0.22222222222222224, 0.017763247015505742
0.2581484939090964, 0.22222222222222224, 0.05111165370509773
0.18457418834987302, 0.22222222222222224, 0.0019004575349830105
0.21882485245546296, 0.22222222222222224, 0.010074995540449168
0.24908065349922903, 0.22222222222222224, 0.1164906240501059
0.26656420342150255, 0.22222222222222224, 0.014689984834620378
0.2658756343292275, 0.22222222222222224, 0.006571135641679375
0.14162229613873656, 0.22222222222222224, 0.07387560659184692
0.19899679848934404, 0.22222222222222224, 0.01209135266002824
0.2619395887516694, 0.22222222222222224, 0.0054653448103512605
0.17460059304793588, 0.22222222222222224, 0.042278772712168025
0.3130790521390252, 0.22222222222222224, 0.03380587154527054
0.09673538850945912, 0.22222222222222224, 0.0026878290571686466
0.21993653610577732, 0.22222222222222224, 0.015815442273965148
0.1581146242764004, 0.22222222222222224, 0.0007982608071389169
0.16664407321057242, 0.22222222222222224, 0.05982641701855341
0.17876828371107537, 0.22222222222222224, 0.028003579668260906
0.1708503054056376, 0.22222222222222224, 0.015772563371526264
0.10207339828246509, 0.22222222222222224, 0.005912806881568392
0.23019468495732132, 0.22222222222222224, 0.017922374953783623
0.22307470005399987, 0.22222222222222224, 0.01985371556671195
0.21597950011456596, 0.22222222222222224, 0.0041332897578158995
0.14217657719808025, 0.22222222222222224, 0.004934525406289074
0.23458563055195028, 0.22222222222222224, 0.0057336044407505175
0.21185439915241303, 0.22222222222222224, 0.030970184739196105
0.19607535054962458, 0.22222222222222224, 0.008930867271718438
0.22615321827693657, 0.22222222222222224, 0.007101177834514374
0.19952931853038236, 0.22222222222222224, 0.10142805702066075
0.22096837004685588, 0.22222222222222224, 0.05162948013298891
0.13605586031688255, 0.22222222222222224, 0.019906346073617628
0.2893837508612298, 0.22222222222222224, 0.016558781227205683
0.12685480014459027, 0.22222222222222224, 0.006001348903300766
0.2346852128526767, 0.22222222222222224, 0.030614072597598966
0.26755483862551765, 0.22222222222222224, 0.013181935481026284
0.19881031312458056, 0.22222222222222224, 0.013369942920877724
0.2694194076100208, 0.22222222222222224, 0.12722229938570964
0.16890762646189245, 0.22222222222222224, 0.03620660559089075
0.16388321475219914, 0.22222222222222224, 0.028555392807881785
0.19363774566150563, 0.22222222222222224, 0.06104686328684278
0.22755490989168192, 0.22222222222222224, 0.011500297465261789
0.16891330066975563, 0.22222222222222224, 0.09957123490163627
0.2667612659470976, 0.22222222222222224, 0.029757315615863488
0.22442830764112828, 0.22222222222222224, 0.029556596671324736
0.21762264737628575, 0.22222222222222224, 0.000766489003741632
0.21759414904136068, 0.22222222222222224, 0.039577695625491106
0.1779989301288985, 0.22222222222222224, 0.000873789014284394
0.18074163960660922, 0.22222222222222224, 0.052391734785921046
0.25547203369263066, 0.22222222222222224, 0.002436395600308808
0.3044869613570557, 0.22222222222222224, 0.005041331657386972
0.18202653095234453, 0.22222222222222224, 0.0008826169342310245
0.2778088361455207, 0.22222222222222224, 0.008933415027093453
0.19702715423562583, 0.22222222222222224, 0.002348211788763346
0.27013814150629345, 0.22222222222222224, 0.02608607981492648
0.20778494275653284, 0.22222222222222224, 0.019732446713381913
0.18158410727307733, 0.22222222222222224, 0.017548029441785816
0.07506321172319769, 0.22222222222222224, 0.0024974806660616627
0.21000532693497875, 0.22222222222222224, 0.02192140338857391
0.17661106883561026, 0.22222222222222224, 0.02363726621515779
0.17428283097440478, 0.22222222222222224, 0.000784353754716339
0.16905662948671163, 0.22222222222222224, 0.013183370073492776
0.21172575943595656, 0.22222222222222224, 0.04053646608356263
0.22488103830470685, 0.22222222222222224, 0.011936158401816629
0.19478170992297214, 0.22222222222222224, 0.046372757992104004
0.29187886755480275, 0.22222222222222224, 0.03560687061924082
0.24408462250370994, 0.22222222222222224, 0.033053166875723336
0.17266899793252244, 0.22222222222222224, 0.004380535532640755
0.20892543937969857, 0.22222222222222224, 0.010519890761286085
0.24652824202216878, 0.22222222222222224, 0.005885622061941716
0.24841545243812732, 0.22222222222222224, 0.06586526879823028
0.28739962886474124, 0.22222222222222224, 0.04681678723519795
0.2205895278628097, 0.22222222222222224, 0.04843622307670141
0.2029618668649925, 0.22222222222222224, 0.0028445508134532916
0.2631841644507945, 0.22222222222222224, 0.045178186476161245
0.24135320438059288, 0.22222222222222224, 0.008909433322333068
0.2306048035947422, 0.22222222222222224, 0.010278600665370981
0.18617493510530267, 0.22222222222222224, 0.0010946557519327749
0.18066231814612876, 0.22222222222222224, 0.00745065550800574
0.30320130636325865, 0.22222222222222224, 0.018927445278077753
0.26492208116657595, 0.22222222222222224, 0.00639814624731149
0.1307671244044913, 0.22222222222222224, 0.008495995468159788
0.2563301727723549, 0.22222222222222224, 0.008160229276669454
0.21779918176592916, 0.22222222222222224, 0.023060804738441902
0.1780948400668989, 0.22222222222222224, 0.006562642795922115
0.17940596464918515, 0.22222222222222224, 0.06853547867286508
0.1823048173812507, 0.22222222222222224, 0.005848017944259391
0.204093171318727, 0.22222222222222224, 0.009333622399321775
0.13631834506286972, 0.22222222222222224, 0.02377096019390722
0.2372754519312611, 0.22222222222222224, 0.03274016413569295
0.1892080191247013, 0.22222222222222224, 0.006657040608603967
0.2846125848448791, 0.22222222222222224, 0.011602397942809818
0.19950820892795704, 0.22222222222222224, 0.0033259854055389883
0.222355047871268, 0.22222222222222224, 0.02196129732383759
0.2171404905226842, 0.22222222222222224, 0.024651921331854072
0.20532408260057464, 0.22222222222222224, 0.01244376644499819
0.14959666850378034, 0.22222222222222224, 0.0127663099357098
0.14425751578220186, 0.22222222222222224, 0.0037749080777334924
0.14522125730951738, 0.22222222222222224, 0.0715099667608499
0.16262579798712795, 0.22222222222222224, 0.021956654395245908
0.2255352322250764, 0.22222222222222224, 0.010902721047136134
0.25706330831035873, 0.22222222222222224, 0.038108288666436896
0.16594807075231502, 0.22222222222222224, 0.005914973155686024
0.27982812489705333, 0.22222222222222224, 0.06170220676605804
0.1929509926660087, 0.22222222222222224, 0.030797155498491074
0.2211868840651342, 0.22222222222222224, 0.009430781623466993
0.2426900195959347, 0.22222222222222224, 0.017749802851090603
0.1333022368459919, 0.22222222222222224, 0.026047656296814475
0.21831256913241304, 0.22222222222222224, 0.05319451147447835
0.21486891076379325, 0.22222222222222224, 0.002513901925768248
0.20282996784228377, 0.22222222222222224, 0.002709683717104022
0.2505702586782741, 0.22222222222222224, 0.05274476828799191
0.2245295564919299, 0.22222222222222224, 0.0104058687540858
0.20381758279270787, 0.22222222222222224, 0.026414648500668297
0.1963113870221242, 0.22222222222222224, 0.0027572635200046832
0.2436560118723929, 0.22222222222222224, 0.01093596578849301
0.16953016398827012, 0.22222222222222224, 0.0004583480982304951
0.14523476369029806, 0.22222222222222224, 0.004398244269818902
0.16094689167072448, 0.22222222222222224, 0.008368248025480663
0.17034856832901593, 0.22222222222222224, 0.12249330474131301
0.17586064181975436, 0.22222222222222224, 0.025455546799106086
0.18877691687584103, 0.22222222222222224, 0.04342671631950437
0.12065164495948483, 0.22222222222222224, 0.029869644656176954
0.20108434219677188, 0.22222222222222224, 0.02648471358614105
0.2504155038934281, 0.22222222222222224, 0.09367747612965702
0.21004319967707746, 0.22222222222222224, 0.03263097015715208
0.1596140431075746, 0.22222222222222224, 0.0019427535784550475
0.11485027075558057, 0.22222222222222224, 0.017966233789535237
0.22609784968127133, 0.22222222222222224, 0.01056500182598154
0.17779907596373037, 0.22222222222222224, 0.016290151396249185
0.2196607765761307, 0.22222222222222224, 0.017402196141166216
0.1037989185379502, 0.22222222222222224, 0.006134270146061181
0.15371767364559924, 0.22222222222222224, 0.007761796648997366
0.23658386470001688, 0.22222222222222224, 0.00901030130272866
0.21462369684514684, 0.22222222222222224, 0.0016348525797558007
0.27751576064151207, 0.22222222222222224, 0.016553972085968233
0.23870022202055646, 0.22222222222222224, 0.005228375115673571
0.20905084474275107, 0.22222222222222224, 0.0007492526338411233
0.26016907239004966, 0.22222222222222224, 0.007177688460841721
0.21008470874755591, 0.22222222222222224, 4.3897224140226267e-05
0.22665573242986659, 0.22222222222222224, 0.019781007614746746
0.26231202005233184, 0.22222222222222224, 0.009556753257565378
0.22618436545384984, 0.22222222222222224, 0.005374506231432263
0.2721281493537224, 0.22222222222222224, 0.01695989146818355
0.1850274900057338, 0.22222222222222224, 0.01270369842122143
0.14067776108786573, 0.22222222222222224, 0.007490311535523739
0.32051082454201196, 0.22222222222222224, 0.026843140541999964
0.14373035733721964, 0.22222222222222224, 0.007283642473462028
0.21916355947321692, 0.22222222222222224, 0.01752698909440678
0.20820428821113818, 0.22222222222222224, 0.022082558710643362
0.1781633968265101, 0.22222222222222224, 0.03894871907172656
0.1692071848383872, 0.22222222222222224, 0.00876810886295012
0.23260235155735537, 0.22222222222222224, 0.0025337271909552403
0.17312609258185793, 0.22222222222222224, 0.03518457429307429
0.12787661947145001, 0.22222222222222224, 0.008059975402849296
0.1476956944146366, 0.22222222222222224, 0.001924027169271634
0.21005861843760984, 0.22222222222222224, 0.025342961456085195
0.18468397114299867, 0.22222222222222224, 0.008619055162582254
0.19720453512143044, 0.22222222222222224, 0.030459993641222417
0.21137836058384535, 0.22222222222222224, 0.002723633995358325
0.2081639824749528, 0.22222222222222224, 0.014520985851321298
0.2643153056890409, 0.22222222222222224, 0.0022649499818872634
0.15064879216471716, 0.22222222222222224, 0.009700824175575789
0.12328505736653318, 0.22222222222222224, 0.007463600811133808
0.2449075519541559, 0.22222222222222224, 0.004899229529760785
0.16673715209328027, 0.22222222222222224, 0.0007109214234838837
0.3390458319090863, 0.22222222222222224, 0.0026280584209030754
0.12245718411493244, 0.22222222222222224, 0.03660626029203205
0.23406478107837572, 0.22222222222222224, 0.015895416899804723
0.1399119506262141, 0.22222222222222224, 0.03677057344059107
0.18025492493901146, 0.22222222222222224, 0.02163844518795005
0.20289104391778923, 0.22222222222222224, 0.0033677122531509426
0.20183658140339863, 0.22222222222222224, 0.006672927461146143
0.2103094257886689, 0.22222222222222224, 0.004043229004491941
0.17947254249427042, 0.22222222222222224, 0.008254899272847041
0.2596828477165058, 0.22222222222222224, 0.020660545849659432
0.26346790526507, 0.22222222222222224, 0.028443968355966475
0.1722636645799962, 0.22222222222222224, 0.027734105808347183
0.26983740445464316, 0.22222222222222224, 0.012259936544057777
0.19859268874362188, 0.22222222222222224, 0.02169395334907485
0.1545654574374084, 0.22222222222222224, 0.01548022425740277
0.24046403575411723, 0.22222222222222224, 0.026705880541059924
0.22582659833443916, 0.22222222222222224, 0.021222739218591722
0.10785997311960112, 0.22222222222222224, 0.0008081491602843067
0.21376462217980688, 0.22222222222222224, 0.0075014392958319895
0.1726817171444981, 0.22222222222222224, 0.009178661993746614
0.2692058580744929, 0.22222222222222224, 0.07622265692744848
0.2127128806176125, 0.22222222222222224, 0.04448569904546984
0.2878837386504599, 0.22222222222222224, 0.0022179880140470675
0.2405093683929464, 0.22222222222222224, 0.11991357240730179
0.1908826774613981, 0.22222222222222224, 0.019538745288228646
0.2532883222508577, 0.22222222222222224, 0.04364513045385678
0.16240714158327058, 0.22222222222222224, 0.005162270215551954
0.12046367205057017, 0.22222222222222224, 0.011512456726846376
0.25881014590178975, 0.22222222222222224, 0.002643788008715855
0.23509006587714723, 0.22222222222222224, 0.0028785625351558514
0.1358499268274619, 0.22222222222222224, 0.24581821554800962
0.21123819568981086, 0.22222222222222224, 0.018473157545223613
0.18672489538463766, 0.22222222222222224, 0.10428606515411615
0.212018078352734, 0.22222222222222224, 0.015313390670443608
0.23489700880661285, 0.22222222222222224, 0.012011291159840317
0.11673656826648632, 0.22222222222222224, 0.019074949542585498
0.2225872652841968, 0.22222222222222224, 0.05021881947985159
0.2793498915994344, 0.22222222222222224, 0.038113530744386254
0.17027848448983723, 0.22222222222222224, 0.067763129600469
0.24424512834058743, 0.22222222222222224, 0.004838508987521457
0.24369187111359225, 0.22222222222222224, 0.0037860733475718437
0.22349723790801534, 0.22222222222222224, 0.005776006493334127
0.13929478584691957, 0.22222222222222224, 0.011495443029270047
0.1581773183818012, 0.22222222222222224, 0.013407173266938301
0.24040791375386825, 0.22222222222222224, 0.006140655603876473
0.16333371459802337, 0.22222222222222224, 0.02232474810995277
0.19209663080552392, 0.22222222222222224, 0.017611659742426053
0.16767544547953855, 0.22222222222222224, 0.005774256616014497
0.13217764492079154, 0.22222222222222224, 0.06597233416279133
0.19053647291949025, 0.22222222222222224, 0.031408028965081346
0.1318499575249537, 0.22222222222222224, 0.008602968532599618
0.19913851797934493, 0.22222222222222224, 0.004550754844874499
0.17355227691284744, 0.22222222222222224, 0.018470332893190635
0.1669887187653543, 0.22222222222222224, 0.012493089303373502
0.23200833504193313, 0.22222222222222224, 0.017805477583453418
0.22831768536547453, 0.22222222222222224, 0.03187659049552126
0.14475257929093452, 0.22222222222222224, 0.004786886840833052
0.22644741887868713, 0.22222222222222224, 0.0034880378433810593
0.21856459413983936, 0.22222222222222224, 0.0045724680745928325
0.1779691850532102, 0.22222222222222224, 0.05155185075362172
0.15618010163969503, 0.22222222222222224, 0.014674324586564154
0.16778233180717722, 0.22222222222222224, 0.00684141394750299
0.13736986541390575, 0.22222222222222224, 0.005510392576970128
0.19333489383644215, 0.22222222222222224, 0.014557587313119048
0.24504104283734224, 0.22222222222222224, 0.003261503784942867
0.1996609512891311, 0.22222222222222224, 0.0005508031034399244
0.2223765291027729, 0.22222222222222224, 0.003843811032481631
0.22676532480086722, 0.22222222222222224, 0.044896910861880114
0.25264403786016815, 0.22222222222222224, 0.0038360252229359313
0.22387350731188688, 0.22222222222222224, 0.02788766452736936
0.23531508574137142, 0.22222222222222224, 0.039536168303864694
0.2215196059567311, 0.22222222222222224, 0.024515369324218324
0.19853130421944934, 0.22222222222222224, 0.03112887863810923
0.20749853685632463, 0.22222222222222224, 0.0810803555356194
0.05170798803702706, 0.22222222222222224, 0.08986131241005223
0.2577477295997367, 0.22222222222222224, 0.0062532508284454166
0.17911316050382028, 0.22222222222222224, 0.0202516618450166
0.19987290514697648, 0.22222222222222224, 0.011966007924804515
0.15745327148024835, 0.22222222222222224, 0.020543642226051297
0.18342816799272638, 0.22222222222222224, 0.004351615378533303
0.2671081182714933, 0.22222222222222224, 0.0019318318873659762
0.2604123440347688, 0.22222222222222224, 0.029839738091622114
0.18918511442974192, 0.22222222222222224, 0.02753401325380352
0.19076865728724607, 0.22222222222222224, 0.00684720855901397
0.19611258886288765, 0.22222222222222224, 0.0021951765158591163
0.21940106533756903, 0.22222222222222224, 0.0019921844390582153
0.145318765959478, 0.22222222222222224, 0.18792503437155217
0.29398970936964836, 0.22222222222222224, 0.03588982672346031
0.19113208108634727, 0.22222222222222224, 0.003551415050159834
0.15347690489511234, 0.22222222222222224, 0.05394774413371955
0.2229775203035067, 0.22222222222222224, 0.010045239145540896
0.1536832517519023, 0.22222222222222224, 0.013591442767190827
0.15076454203844472, 0.22222222222222224, 0.015750482102984926
0.27581360461994175, 0.22222222222222224, 0.0012570046881304681
0.13914414216233045, 0.22222222222222224, 0.03172362114866995
0.1990308868545277, 0.22222222222222224, 0.011903311806557144
0.2250657627184711, 0.22222222222222224, 0.037357386467971904
0.21340492194333474, 0.22222222222222224, 0.017707007107834884
0.1741320805538426, 0.22222222222222224, 0.13704809259405998
0.1154561570380022, 0.22222222222222224, 0.023546652527623637
0.2186001385021995, 0.22222222222222224, 0.00149322078569157
0.12197119458519962, 0.22222222222222224, 0.027554715559332452
0.08955346628725003, 0.22222222222222224, 0.08419843594291096
0.12897376223973422, 0.22222222222222224, 0.0996758576497855
0.2725351221738919, 0.22222222222222224, 0.007113423366251949
0.2301548351399596, 0.22222222222222224, 0.0038702871279616955
0.1928634881021932, 0.22222222222222224, 0.014485101426127172
0.1841254772875358, 0.22222222222222224, 0.04001074966996062
0.16380407542096262, 0.22222222222222224, 0.04084444881870035
0.24309848778597837, 0.22222222222222224, 0.010995107102624078
0.23793623710264633, 0.22222222222222224, 0.007689406620440425
0.18937066722793755, 0.22222222222222224, 0.050171616064946016
0.19540495450011575, 0.22222222222222224, 0.023214938906672294
0.24905817531033583, 0.22222222222222224, 0.029127281206239333
0.24434725152563633, 0.22222222222222224, 0.0038012270793197733
0.1914897244909425, 0.22222222222222224, 0.023360148054840008
0.2688303549717639, 0.22222222222222224, 0.0117204331019203
0.15774816398905467, 0.22222222222222224, 0.03281772556729471
0.24103563108036624, 0.22222222222222224, 0.018084849769354126
0.17627859353627595, 0.22222222222222224, 0.060022237608759785
0.19429254090870074, 0.22222222222222224, 0.060140683868868096
0.17347055078363083, 0.22222222222222224, 0.07884141795792331
0.10763026183031027, 0.22222222222222224, 0.06782626879849951
0.243111626699133, 0.22222222222222224, 0.019520493320084223
0.20179767761067352, 0.22222222222222224, 0.002567508607267574
0.24042122956320644, 0.22222222222222224, 0.09069310604124572
0.30391095338516266, 0.22222222222222224, 0.005594883861449883
0.205271429886318, 0.22222222222222224, 0.012867228979050103
0.20932367860302087, 0.22222222222222224, 0.002325200580548061
0.12437986042683669, 0.22222222222222224, 0.037546931008799134
0.19393212675524016, 0.22222222222222224, 0.01867357282366228
0.20877144647289708, 0.22222222222222224, 0.013834980578115719
0.23606170074130156, 0.22222222222222224, 0.0362583132924269
0.2106655692490909, 0.22222222222222224, 0.020594926377910026
0.2689970335643935, 0.22222222222222224, 0.006902719818863693
0.1818129104477093, 0.22222222222222224, 0.03037599565612285
0.23420859141985997, 0.22222222222222224, 0.0011946051396661572
0.1598781572775596, 0.22222222222222224, 0.004988237076602087
0.27802731365417516, 0.22222222222222224, 0.011702375620605393
0.1488821236543127, 0.22222222222222224, 0.03601393933056165
0.19718052435958877, 0.22222222222222224, 0.008781184116285324
0.2732794056553644, 0.22222222222222224, 0.011187844221326227
0.17442266974014864, 0.22222222222222224, 0.007884519497709614
0.14592309432641598, 0.22222222222222224, 0.01412111266263586
0.25721736491986386, 0.22222222222222224, 0.007867128699592838
0.24580839546630573, 0.22222222222222224, 0.0031807556615574615
0.14511119238665315, 0.22222222222222224, 0.018503468723245074
0.2149139018322315, 0.22222222222222224, 0.02751541880264702
0.15550080827790783, 0.22222222222222224, 0.010217083344988314
0.18466394136785588, 0.22222222222222224, 0.048135631868030576
0.21215942928786113, 0.22222222222222224, 0.04255021249973127
0.13769545420181284, 0.22222222222222224, 0.03235358235106412
0.18766564243543005, 0.22222222222222224, 0.02915825732826544
0.20644052018135442, 0.22222222222222224, 0.015612274794292278
0.16677449098896122, 0.22222222222222224, 0.004917447997962778
0.09643908061472722, 0.22222222222222224, 0.02971525213130811
0.11056805166813678, 0.22222222222222224, 0.016466557907271216
0.23499860278006438, 0.22222222222222224, 0.038366570323571846
0.17664134803887277, 0.22222222222222224, 0.005585223147125526
0.18626382725295343, 0.22222222222222224, 0.007677935978978202
0.21590021865856582, 0.22222222222222224, 0.04371576661804519
0.2542375139045704, 0.22222222222222224, 0.014628821331519458
0.22433817318127222, 0.22222222222222224, 0.014252682782041455
0.19794072296958437, 0.22222222222222224, 0.006161247695776822
0.16388675865655178, 0.22222222222222224, 0.04894518512391233
0.17925697485454828, 0.22222222222222224, 0.007909120074746319
0.16899298708828348, 0.22222222222222224, 0.0003044241262623724
0.17465287237002802, 0.22222222222222224, 0.017989488811710554
0.21939232834855607, 0.22222222222222224, 0.026144708754318666
0.13590304658321967, 0.22222222222222224, 0.008557739256513035
0.16008503715879285, 0.22222222222222224, 0.024212866822800497
0.23060543684609458, 0.22222222222222224, 0.02119273239134878
0.1574250582046751, 0.22222222222222224, 0.009954828560287001
0.20192438345365296, 0.22222222222222224, 0.06543980185174411
0.16372511833865508, 0.22222222222222224, 0.0599810652215051
0.1923475370802315, 0.22222222222222224, 0.00720943988155995
0.2225979524720365, 0.22222222222222224, 0.022222239971150574
0.20536995086130366, 0.22222222222222224, 0.02887413684377498
0.22636907296701253, 0.22222222222222224, 0.003272672322928198
0.29733779036079233, 0.22222222222222224, 0.008956474582025501
0.22291516385885435, 0.22222222222222224, 0.08803981281208813
0.18528283634656736, 0.22222222222222224, 0.009461270180435839
0.2517736426568219, 0.22222222222222224, 0.026898670337638483
0.1458833003173181, 0.22222222222222224, 0.016451769121703857
0.19020643538975174, 0.22222222222222224, 0.024464443335898586
0.09991167984343385, 0.22222222222222224, 0.04314972401012757
0.25274395030399255, 0.22222222222222224, 0.05102000752741163
0.16000340203508984, 0.22222222222222224, 0.009492843033879499
0.2757919667021644, 0.22222222222222224, 0.014963083072381282
0.22787021937381519, 0.22222222222222224, 0.051562530533422836
0.24678032952868917, 0.22222222222222224, 0.03355813469620915
0.16583991353642186, 0.22222222222222224, 0.07276991911154584
0.2658456462075679, 0.22222222222222224, 0.012607581554955937
0.2485861114605749, 0.22222222222222224, 0.00603260198044712
0.17069542696772916, 0.22222222222222224, 0.005725808392119714
0.27077780804768403, 0.22222222222222224, 0.019307520599961967
0.231076013070365, 0.22222222222222224, 0.02900522458901507
0.20161715952009643, 0.22222222222222224, 0.00026644310689964533
0.23354608228517854, 0.22222222222222224, 0.023955757051960146
0.11613708547260188, 0.22222222222222224, 0.03995145052838171
0.23011739375548412, 0.22222222222222224, 0.011827722111355493
0.2250411541937785, 0.22222222222222224, 0.010048175458227521
0.2104428432612751, 0.22222222222222224, 0.022005322243390028
0.2224506845032031, 0.22222222222222224, 0.09316248722357838
0.29144893166210406, 0.22222222222222224, 0.03775327330238168
0.22048101892534755, 0.22222222222222224, 0.022432610119190195
0.23228516809578376, 0.22222222222222224, 0.04248392265042307
0.08855821867114605, 0.22222222222222224, 0.006679172286870359
0.1760719224691793, 0.22222222222222224, 0.004012557266677497
0.21195339437142677, 0.22222222222222224, 0.0597451017610381
0.1623021059533285, 0.22222222222222224, 0.03191623889595887
0.1795702377842265, 0.22222222222222224, 0.007976880596682143
0.19079876923806638, 0.22222222222222224, 0.023424531630319323
0.1760816633197995, 0.22222222222222224, 0.032360244890536585
0.2677733079555929, 0.22222222222222224, 0.019361743954271628
0.16504533569578328, 0.22222222222222224, 0.002351220948093806
0.1910438324507354, 0.22222222222222224, 0.0014040652929319432
0.18238544448187854, 0.22222222222222224, 0.0354290879039476
0.14620704828494713, 0.22222222222222224, 0.0051630147170940895
0.26066589309635374, 0.22222222222222224, 0.004208340728219495
0.12748639692359343, 0.22222222222222224, 0.03128659008704065
0.21125249527339957, 0.22222222222222224, 0.0012862611135245356
0.272745201611416, 0.22222222222222224, 0.017363499993369714
0.2022312436159335, 0.22222222222222224, 0.02698902404249779
0.15272878134925827, 0.22222222222222224, 0.01329205567145934
0.2203169444750441, 0.22222222222222224, 0.024599907158907322
0.2505742004599912, 0.22222222222222224, 0.013013232590691664
0.12121713126514949, 0.22222222222222224, 0.00919884462518519
0.20711779221886772, 0.22222222222222224, 0.037247496347861085
0.25233179490160906, 0.22222222222222224, 0.05915785491039114
0.17374891406413617, 0.22222222222222224, 0.007555600202621214
0.13018757016062799, 0.22222222222222224, 0.004766827479593842
0.06424968648688714, 0.22222222222222224, 0.03486732083322823
0.18968712011556274, 0.22222222222222224, 0.02972815294392872
0.2215253096820212, 0.22222222222222224, 0.038347379828975785
0.25610141565924066, 0.22222222222222224, 0.07009806364128672
0.26762903109190217, 0.22222222222222224, 0.12833838778082549
0.23027425141382185, 0.22222222222222224, 0.030377246721422176
0.274024513943491, 0.22222222222222224, 0.0013193579011841492
0.1837575270434992, 0.22222222222222224, 0.02095694716862484
0.2044513891545791, 0.22222222222222224, 0.02460804076176255
0.25378252273383417, 0.22222222222222224, 0.007672951510641921
0.16420030368292748, 0.22222222222222224, 0.005271843934626625
0.13495380281485814, 0.22222222222222224, 0.04525294085602086
0.1871459374867548, 0.22222222222222224, 0.14136556009769466
0.15127024929632282, 0.22222222222222224, 0.015084382319146683
0.22359795497191473, 0.22222222222222224, 0.1038986639103718
0.19291757817316832, 0.22222222222222224, 0.003688523763432449
0.15004742493805123, 0.22222222222222224, 0.04174141479128308
0.18571716418859863, 0.22222222222222224, 0.024862648848063596
0.23603999275564308, 0.22222222222222224, 0.006007672909446175
0.19148072368669933, 0.22222222222222224, 0.0034395463029897547
0.2629048087808882, 0.22222222222222224, 0.1408740220214759
0.21966515140407344, 0.22222222222222224, 0.038151091289450365
0.22247108130597898, 0.22222222222222224, 0.037028302483656024
0.16424669321863555, 0.22222222222222224, 0.009752248023744692
0.241254011831677, 0.22222222222222224, 0.015660505741582644
0.1638496189076195, 0.22222222222222224, 0.0008913808312085225
0.24023303376974786, 0.22222222222222224, 0.010799704016285112
0.24745132549702714, 0.22222222222222224, 0.004650063866585105
0.35437280371144186, 0.22222222222222224, 0.035255734831873456
0.2588512905720311, 0.22222222222222224, 0.024159148480397925
0.20651890104066722, 0.22222222222222224, 0.016624460063894266
0.22238766406130706, 0.22222222222222224, 0.00352439572658303
0.23012983276259139, 0.22222222222222224, 0.054647481835395376
0.3341370525751979, 0.22222222222222224, 0.006167321487126726
0.17862081685076633, 0.22222222222222224, 0.0585083724331048
0.18220640243979463, 0.22222222222222224, 0.05649745045846589
0.2351553271776209, 0.22222222222222224, 0.0198292733529419
0.12005922378213896, 0.22222222222222224, 0.0007660988315856167
0.295778413724176, 0.22222222222222224, 0.011349869412615751
0.23796057862192901, 0.22222222222222224, 0.007119541553274259
0.19269377470321067, 0.22222222222222224, 0.0007321041269728672
0.29022790824708045, 0.22222222222222224, 0.025321552300160685
0.21019424605595938, 0.22222222222222224, 0.01897534691717804
0.22896448245423107, 0.22222222222222224, 0.042081403605775336
0.18293704069105618, 0.22222222222222224, 0.005903429095861511
0.20797996879752217, 0.22222222222222224, 0.008162814872169327
0.13753810057207191, 0.22222222222222224, 0.032200341095567714
0.20208409558495355, 0.22222222222222224, 0.02902340175222702
0.12175972312636468, 0.22222222222222224, 0.05662336703363026
0.24363989473653272, 0.22222222222222224, 0.011390132175275597
0.22699849407497993, 0.22222222222222224, 0.010113488841696239
0.2282812700781592, 0.22222222222222224, 0.01160072207697228
0.16416376029681468, 0.22222222222222224, 0.01817926490760557
0.29512592685009864, 0.22222222222222224, 0.00896865266074954
0.1286488454444097, 0.22222222222222224, 0.002242489501958342
0.2964251030294691, 0.22222222222222224, 0.007148541315275281
0.16731557158750957, 0.22222222222222224, 0.019181252607801718
0.18411559015156204, 0.22222222222222224, 0.005090674265503083
0.24660422927575631, 0.22222222222222224, 0.03270409412499866
0.2135175919505866, 0.22222222222222224, 0.02906083788961582
0.14312658512341436, 0.22222222222222224, 0.0035334377803280218
0.19794201577354825, 0.22222222222222224, 0.025324363003050347
0.1719435282641546, 0.22222222222222224, 0.037836744109746086
0.2410218879807834, 0.22222222222222224, 0.00850032009285225
0.23179602070936767, 0.22222222222222224, 0.005116447040038758
0.19598068017509518, 0.22222222222222224, 0.005623832532070863
0.21777614776594026, 0.22222222222222224, 0.005761678641054605
0.1729676318303997, 0.22222222222222224, 0.011999822352327645
0.23300044939983897, 0.22222222222222224, 0.018356824386390466
0.26355671238813005, 0.22222222222222224, 0.057057869825439096
0.11699163145129778, 0.22222222222222224, 0.02833191863253621
0.24212777151351542, 0.22222222222222224, 0.011865923515461648
0.22996990556481364, 0.22222222222222224, 0.046793855755650385
0.11376570934303862, 0.22222222222222224, 0.03702779977684653
0.1159058144202428, 0.22222222222222224, 0.03753167165463316
0.21473566403027877, 0.22222222222222224, 0.011883467705805124
0.1500933710945583, 0.22222222222222224, 0.015715253196492016
0.1551150898167147, 0.22222222222222224, 0.011238512914226916
0.18131938069625386, 0.22222222222222224, 0.013709308343051384
0.2277598876253781, 0.22222222222222224, 0.009305514098693906
0.25329481309716245, 0.22222222222222224, 0.006877493919233906
0.1470368806437687, 0.22222222222222224, 0.012201578161127378
0.15521023261245445, 0.22222222222222224, 0.00684376540898331
0.18360766092863842, 0.22222222222222224, 0.02415666402325794
0.2229274258804887, 0.22222222222222224, 0.004881304299169696
0.22301024477307055, 0.22222222222222224, 0.00995710479540301
0.16262881835822002, 0.22222222222222224, 0.05090155240290074
0.2225395482363505, 0.22222222222222224, 0.0052892295437696685
0.26479908775864147, 0.22222222222222224, 0.0009925202808113496
0.2791285829052128, 0.22222222222222224, 0.06728624882671867
0.3253619227058475, 0.22222222222222224, 0.024695845254113655
0.18902452166389835, 0.22222222222222224, 0.019299567267455485
0.275234275886464, 0.22222222222222224, 0.028946838480485876
0.19060778272697088, 0.22222222222222224, 0.03560950994345773
0.25336942809258617, 0.22222222222222224, 0.00587401882661014
0.29064888375488024, 0.22222222222222224, 0.025126914775015788
0.14007288905433127, 0.22222222222222224, 0.01373251398435473
0.30128206690089054, 0.22222222222222224, 0.0012207487144473748
0.15886435217215372, 0.22222222222222224, 0.03384679808051664
0.23449577769357183, 0.22222222222222224, 0.009129231776231945
0.2025549315669577, 0.22222222222222224, 0.005820563831657459
0.23418938066175124, 0.22222222222222224, 0.006162542334117642
0.28792227238538926, 0.22222222222222224, 0.028339690841725457
0.20170003421193056, 0.22222222222222224, 0.033723677379799415
0.21164355852179986, 0.22222222222222224, 0.0024663913847914275
0.19060220670775876, 0.22222222222222224, 0.010394164838891894
0.15776196872352868, 0.22222222222222224, 0.03506011100789833
0.22223080289837682, 0.22222222222222224, 0.015783285350005855
0.14138537860949485, 0.22222222222222224, 0.07989759334244338
0.19382147266772723, 0.22222222222222224, 0.020784099654800284
0.1928767518506715, 0.22222222222222224, 0.03765595468465551
0.19401110760100976, 0.22222222222222224, 0.0014124402136293987
0.07149203712361374, 0.22222222222222224, 0.041142465762743156
0.21755537167254832, 0.22222222222222224, 0.02375773722122445
0.21470262449413471, 0.22222222222222224, 0.014889662104591502
0.21426154865229075, 0.22222222222222224, 0.004334035781988188
0.1660585906550589, 0.22222222222222224, 0.007562354374745994
0.2771127569541644, 0.22222222222222224, 0.010066365715105696
0.20578932967202967, 0.22222222222222224, 0.035005781950751394
0.1841546311598461, 0.22222222222222224, 0.04008763497849132
0.18015114698932172, 0.22222222222222224, 0.028789159707556272
0.20338452432765397, 0.22222222222222224, 0.00016899890190816017
0.24711975516994555, 0.22222222222222224, 0.006889998355371913
0.14883553198707747, 0.22222222222222224, 0.021125802906147146
0.22550756125663135, 0.22222222222222224, 0.019422725445711084
0.28221480571792246, 0.22222222222222224, 0.02464343174635322
0.3052351944317909, 0.22222222222222224, 0.014883900612160106
0.20170267804136338, 0.22222222222222224, 0.01708276212159975
0.14134663477208648, 0.22222222222222224, 0.0028607161460322997
0.2067858700468382, 0.22222222222222224, 0.0733409357222067
0.19356574699197338, 0.22222222222222224, 0.0048707878916972175
0.14335376781168352, 0.22222222222222224, 0.0008766392722688991
0.1975194577974596, 0.22222222222222224, 0.05439072806018933
0.23549013987288908, 0.22222222222222224, 0.0017921090666721939
0.08163472737689739, 0.22222222222222224, 0.03678303458469562
0.21553739989129592, 0.22222222222222224, 0.0225732569475953
0.20352212760426772, 0.22222222222222224, 0.0034599526274631445
0.31413251464275654, 0.22222222222222224, 0.0188435109601046
0.2841191909081735, 0.22222222222222224, 0.012473580379555082
0.1854537403142647, 0.22222222222222224, 0.01755347656034661
0.17099911346164684, 0.22222222222222224, 0.002457933923433576
0.2046993274275632, 0.22222222222222224, 0.0033883476196459907
0.16278745010371626, 0.22222222222222224, 0.030003834422584065
0.16889813643199508, 0.22222222222222224, 0.011346758572206529
0.28435413352623784, 0.22222222222222224, 0.005375604094596749
0.1440052800272097, 0.22222222222222224, 0.008851338764064257
0.25694110334501685, 0.22222222222222224, 0.013663971991449558
0.22031252797497397, 0.22222222222222224, 0.028100026802141714
0.2530546575983206, 0.22222222222222224, 0.0010204247675486737
0.18331480039895556, 0.22222222222222224, 0.0023213665992169344
0.19672340468699231, 0.22222222222222224, 0.007584579386421192
0.2140532361366341, 0.22222222222222224, 0.06908320374930817
0.1262994137516301, 0.22222222222222224, 0.014813456395608162
0.16265400124797136, 0.22222222222222224, 0.0180838519494791
0.1876518350819622, 0.22222222222222224, 0.0005655224005146608
0.23487139419088515, 0.22222222222222224, 0.01754873430808928
0.13376522057213017, 0.22222222222222224, 0.02732238475543827
0.1988625107540586, 0.22222222222222224, 0.0021909380907785348
0.25835340692901365, 0.22222222222222224, 0.012384948526764809
0.19151572787825494, 0.22222222222222224, 0.0023443046489275937
0.2723358119486381, 0.22222222222222224, 0.012843772726671443
0.13308465634512573, 0.22222222222222224, 0.018617600325805353
0.15026164406958165, 0.22222222222222224, 0.03172238715140776
0.220253955899693, 0.22222222222222224, 0.003536523242447699
0.1761861100936199, 0.22222222222222224, 0.0019355328836899047
0.2728140940399906, 0.22222222222222224, 0.010882227097042627
0.21895506888645108, 0.22222222222222224, 0.011984285960694337
0.11169978773596193, 0.22222222222222224, 0.007551001247521121
0.1718892777982406, 0.22222222222222224, 0.019202886297380692
0.21037137088638672, 0.22222222222222224, 0.03349785159891071
0.27458512787712197, 0.22222222222222224, 0.002318235505330707
0.22857605728667107, 0.22222222222222224, 0.01895035432465828
0.23927778576082256, 0.22222222222222224, 0.04668546610788648
0.18993483911935855, 0.22222222222222224, 0.01983296083432771
0.22559756597627595, 0.22222222222222224, 0.009288253786257961
0.10596010376073796, 0.22222222222222224, 0.013412710624499107
0.25155789097139586, 0.22222222222222224, 0.02042572399706381
0.251569841263792, 0.22222222222222224, 0.00922587499830895
0.17197125074375763, 0.22222222222222224, 0.01591931710412318
0.23729009274610785, 0.22222222222222224, 0.010176436492182098
0.16655828577181506, 0.22222222222222224, 0.034911609412096485
0.17142615602535707, 0.22222222222222224, 0.0021442995366655632
0.16303503214051307, 0.22222222222222224, 0.0001179992123507297
0.1791815498022876, 0.22222222222222224, 0.06306437024368197
0.22685786693660398, 0.22222222222222224, 0.02332007027626391
0.12801370465867323, 0.22222222222222224, 0.010539383736477587
0.20128022969387246, 0.22222222222222224, 0.0370791702569198
0.15992961240604534, 0.22222222222222224, 0.0007340027769148421
0.15850375610654732, 0.22222222222222224, 0.004658750979322719
0.24116409705524064, 0.22222222222222224, 0.0009512146094487625
0.1873239971212437, 0.22222222222222224, 0.059294679653494706
0.22036534587998619, 0.22222222222222224, 0.008126451953012306
0.17041264918634408, 0.22222222222222224, 0.020500898598922474
0.15497345209253494, 0.22222222222222224, 0.004561990549461784
0.1650436741265623, 0.22222222222222224, 0.032285747808423707
0.3286432009474394, 0.22222222222222224, 0.005064468648617556
0.1742881578955397, 0.22222222222222224, 0.0013138849992917303
0.12764706612306448, 0.22222222222222224, 0.049742177437472876
0.19445980325089102, 0.22222222222222224, 0.03480917657198072
0.14268474328171737, 0.22222222222222224, 0.0016221461995519436
0.2682021996539896, 0.22222222222222224, 0.03494508318711406
0.18525919844255115, 0.22222222222222224, 0.005929411683124288
0.3232200146571991, 0.22222222222222224, 0.11864855572504222
0.11124248570842948, 0.22222222222222224, 0.006091633298434199
0.1524846781160211, 0.22222222222222224, 0.015712382798970723
0.2321993012859876, 0.22222222222222224, 0.005759395673172083
0.2080820463765797, 0.22222222222222224, 0.0857672241335208
0.19520521707783767, 0.22222222222222224, 0.03145932031226389
0.18262164328290673, 0.22222222222222224, 0.013433630721332262
0.2534574575811613, 0.22222222222222224, 0.011079191687157743
0.19034530076657746, 0.22222222222222224, 0.03141085961125072
0.13022677581310843, 0.22222222222222224, 0.007292062345997304
0.2449104713818938, 0.22222222222222224, 0.024044251002472386
0.18687488593743254, 0.22222222222222224, 0.0049711202910194385
0.14114963118568283, 0.22222222222222224, 0.01749787025248448
0.19296968279560475, 0.22222222222222224, 0.0404374683883406
0.16501731879593268, 0.22222222222222224, 0.051531295411947634
0.1828622792122842, 0.22222222222222224, 0.0031418041487810723
0.28816725706875956, 0.22222222222222224, 0.015442301410786972
0.15102956287456307, 0.22222222222222224, 0.013765166746788177
0.15107524205566586, 0.22222222222222224, 0.021149590131829273
0.17078680268206844, 0.22222222222222224, 0.022423324626454934
0.2286400188213801, 0.22222222222222224, 0.0009118490431565318
0.1492215702550077, 0.22222222222222224, 0.00394442097618002
0.19285211814302555, 0.22222222222222224, 0.0457178045417047
0.26314004155523185, 0.22222222222222224, 0.012729802562108442
0.21152749746279337, 0.22222222222222224, 0.01972695742415108
0.208273230763122, 0.22222222222222224, 0.015752895377577816
0.19419782659714716, 0.22222222222222224, 0.014226476099875618
0.3048836741793565, 0.22222222222222224, 0.018591681046729282
0.16518899987854432, 0.22222222222222224, 0.017799925728396344
0.2625441906724767, 0.22222222222222224, 0.016445370980906884
0.23470997800384302, 0.22222222222222224, 0.0030079862337188093
0.25747660457972166, 0.22222222222222224, 0.02936554122077909
0.1799509215525566, 0.22222222222222224, 0.0353706892923736
0.20904132444589418, 0.22222222222222224, 0.06898400181535538
0.25451553469113497, 0.22222222222222224, 0.03784896151137779
0.16891806991095318, 0.22222222222222224, 0.002189916471084796
0.13591391205176923, 0.22222222222222224, 0.020326162519837196
0.1923141506555565, 0.22222222222222224, 0.0014026496563512073
0.2229713137667492, 0.22222222222222224, 0.030992354695055246
0.14991615778574602, 0.22222222222222224, 0.015927009728191645
0.2594407239828898, 0.22222222222222224, 0.002225858685820757
0.15213359422270933, 0.22222222222222224, 0.004221567503838381
0.20370786748715652, 0.22222222222222224, 0.0848959288932342
0.23631140788978433, 0.22222222222222224, 0.003962779004981258
0.23288608810849484, 0.22222222222222224, 0.02857620561824244
0.15672658153824487, 0.22222222222222224, 0.021045383210938143
0.23112013573254225, 0.22222222222222224, 0.011739668126172453
0.256239884039587, 0.22222222222222224, 0.010406315897600193
0.22955621053498626, 0.22222222222222224, 0.032023893576808515
0.14996369144789504, 0.22222222222222224, 0.019691972256171034
0.27056000257892665, 0.22222222222222224, 0.005779471453769
0.1735138276882308, 0.22222222222222224, 0.003974287372173523
0.18653174348500387, 0.22222222222222224, 0.026291166001837427
0.09516961327322525, 0.22222222222222224, 0.002687003964403087
0.1935653089265235, 0.22222222222222224, 0.00738378907807212
0.18209810176585509, 0.22222222222222224, 0.009806632266922993
0.19394047050116034, 0.22222222222222224, 0.02375409782264883
0.32061036454138897, 0.22222222222222224, 0.02424012615603872
0.23213528940109956, 0.22222222222222224, 0.015920229385589856
0.317236624953503, 0.22222222222222224, 0.010952865275493745
0.18655961383524766, 0.22222222222222224, 0.004652799083147477
0.231659992614394, 0.22222222222222224, 0.011869734428477512
0.22377936243935523, 0.22222222222222224, 0.03635323610941737
0.2673475121101706, 0.22222222222222224, 0.01855139184078043
0.24324456668093017, 0.22222222222222224, 0.06486610821216761
0.2813970128114003, 0.22222222222222224, 0.07358437148452042
0.22490350674609322, 0.22222222222222224, 0.03808545728026158
0.21159474863023842, 0.22222222222222224, 0.012041610179060028
0.26712569545195164, 0.22222222222222224, 0.009514159367231531
0.2268736159968463, 0.22222222222222224, 0.02138955552577244
0.1342872941189798, 0.22222222222222224, 0.014105752102176785
0.21813645805417112, 0.22222222222222224, 0.0077760229615497466
0.22367467646291123, 0.22222222222222224, 0.010272696439554408
0.2263654413578251, 0.22222222222222224, 0.03332885864384781
0.31856556959041127, 0.22222222222222224, 0.03839760418214043
0.18556111137575892, 0.22222222222222224, 0.009853214003279402
0.24130031759708287, 0.22222222222222224, 0.007161361567624451
0.24646170414966106, 0.22222222222222224, 0.02112354404376779
0.15538955070406069, 0.22222222222222224, 0.0610900858173378
0.19432312880346458, 0.22222222222222224, 0.004631296143482501
0.19697709212545747, 0.22222222222222224, 0.010755407317352217
0.2746584684800663, 0.22222222222222224, 0.061000773881293886
0.2237958004469738, 0.22222222222222224, 0.00682530855334582
0.28664417040689233, 0.22222222222222224, 0.06150931499949466
0.20630802123800734, 0.22222222222222224, 0.0023491183757061405
0.15206952586961117, 0.22222222222222224, 0.011841986938646213
0.20552455550883286, 0.22222222222222224, 0.010409269174429194
0.1971770372034353, 0.22222222222222224, 0.006071041159041811
0.13239754435850487, 0.22222222222222224, 0.011404910675840825
0.2314934924035884, 0.22222222222222224, 0.025741890892760442
0.1221275362366385, 0.22222222222222224, 0.008443848255418766
0.20889185173571537, 0.22222222222222224, 0.05194708552125918
0.18229301843603024, 0.22222222222222224, 0.031108809186549784
0.19263931019627897, 0.22222222222222224, 0.017663169215597248
0.18783341502245432, 0.22222222222222224, 0.05061131399755351
0.1896749232184451, 0.22222222222222224, 0.01974167747887647
0.1513185648535635, 0.22222222222222224, 0.02246428001223042
0.19155625754607966, 0.22222222222222224, 0.021844612706513958
0.24851789654870252, 0.22222222222222224, 0.056760161387588104
0.2430990787226724, 0.22222222222222224, 0.010123991110724746
0.13015901545959413, 0.22222222222222224, 0.031348773004943736
0.16996815022108486, 0.22222222222222224, 0.010785074381629943
0.16666314980045713, 0.22222222222222224, 0.025825181447918132
0.18451430150454923, 0.22222222222222224, 0.03637672408169582
0.1497505948246861, 0.22222222222222224, 0.010625620159371123
0.10040196552662439, 0.22222222222222224, 0.03443824175045033
0.1402141456832108, 0.22222222222222224, 0.012527472105843913
0.17255931744953712, 0.22222222222222224, 0.005690769523468738
0.16244195352893684, 0.22222222222222224, 0.008562133542308397
0.2716316543690349, 0.22222222222222224, 0.007265159734433958
0.29676531005860285, 0.22222222222222224, 0.013155965870872062
0.20613977323378813, 0.22222222222222224, 0.02057496010863119
0.22202141318330948, 0.22222222222222224, 0.012344529210690866
0.2179442201817119, 0.22222222222222224, 0.003909890901232823
0.0862009929777369, 0.22222222222222224, 0.0037070436521483095
0.16709951142287488, 0.22222222222222224, 0.017309755926049667
0.2618988891641041, 0.22222222222222224, 0.03586912487364838
0.21593318245146387, 0.22222222222222224, 0.0015349595539658509
0.23386491965305606, 0.22222222222222224, 0.009522765155250731
0.24085740099289438, 0.22222222222222224, 0.001637916203824976
0.2771252730587371, 0.22222222222222224, 0.024495674630852622
0.21751301391019207, 0.22222222222222224, 0.033885310164315084
0.19515991106657166, 0.22222222222222224, 0.02742118930705045
0.20596232589766583, 0.22222222222222224, 0.0034226073652614468
0.2222277788381571, 0.22222222222222224, 0.09584760861602971
0.21217534446901062, 0.22222222222222224, 0.005673165012236927
0.18475675237367428, 0.22222222222222224, 0.03786686284496375
0.1950230006194541, 0.22222222222222224, 0.013964145156909183
0.1805842040213322, 0.22222222222222224, 0.048448393472687826
0.2003401940788384, 0.22222222222222224, 0.0010207767859035555
0.29244863274976896, 0.22222222222222224, 0.011410565741949045
0.15234848648938215, 0.22222222222222224, 0.0023944413742972015
0.21029427171015547, 0.22222222222222224, 0.0013164828663379433
0.22446274287444581, 0.22222222222222224, 0.04720399617046238
0.20395975832272012, 0.22222222222222224, 0.00902063276917028
0.1803236379611902, 0.22222222222222224, 0.00448869760997799
0.19673408580805016, 0.22222222222222224, 0.010876238188684526
0.21910605063746008, 0.22222222222222224, 0.0013330803679908884
0.2640595695750086, 0.22222222222222224, 0.015457258489934053
0.16866283639671587, 0.22222222222222224, 0.11746410839766554
0.1313210402610338, 0.22222222222222224, 0.050480927805235984
0.277261463813141, 0.22222222222222224, 0.005327080250768443
0.05039089353050816, 0.22222222222222224, 0.0007869953005248981
0.18839335300494695, 0.22222222222222224, 0.010115974244587624
0.11518559466350407, 0.22222222222222224, 0.016410319326493266
0.34938191047543726, 0.22222222222222224, 0.003738802710682567
0.19209550166727643, 0.22222222222222224, 0.047425877755887524
0.14381889043283871, 0.22222222222222224, 0.0028380456230607805
0.2844951326853276, 0.22222222222222224, 0.04741928891072029
0.18429544589823843, 0.22222222222222224, 0.013376824380295655
0.19785338981864112, 0.22222222222222224, 0.004434266066909859
0.21448628661978092, 0.22222222222222224, 0.008310643305854015
0.18428995357591704, 0.22222222222222224, 0.01568019650616101
0.21972503128945756, 0.22222222222222224, 0.0011489158810841977
0.11347789094721233, 0.22222222222222224, 0.015603438056615812
0.22307620017937274, 0.22222222222222224, 0.004422753742465964
0.24508601311079325, 0.22222222222222224, 0.005506482320772292
0.2283061278254086, 0.22222222222222224, 0.012566278048522386
0.24085571156104468, 0.22222222222222224, 0.03690569928895032
0.19948027111623529, 0.22222222222222224, 0.01512038196379991
0.216970372482913, 0.22222222222222224, 0.016735161540670705
0.23622975001276855, 0.22222222222222224, 0.003487222574741318
0.2164654253637719, 0.22222222222222224, 0.02918698836373737
0.20620358236953318, 0.22222222222222224, 0.03086919482087833
0.12680996080852508, 0.22222222222222224, 0.024873863426576475
0.10524106980241653, 0.22222222222222224, 0.022153778775021234
0.3065173299838918, 0.22222222222222224, 0.021464990962160056
0.12347715829841849, 0.22222222222222224, 0.006590121905571013
0.20419765665460152, 0.22222222222222224, 0.006108735118538691
0.12845196218072136, 0.22222222222222224, 0.0010438078290345985
0.24618638119186187, 0.22222222222222224, 0.00372678504273284
0.1524917757738448, 0.22222222222222224, 0.030638203664185005
0.15826467864500898, 0.22222222222222224, 0.02105436555987242
0.2593180788870665, 0.22222222222222224, 0.02783372860038469
0.21277558654925877, 0.22222222222222224, 0.04025569198588663
0.1837653896202467, 0.22222222222222224, 0.0005167825372826435
0.1397593152736923, 0.22222222222222224, 0.02333337183345764
0.20893268379630986, 0.22222222222222224, 0.005496001396792836
0.11971909416438796, 0.22222222222222224, 0.060019499396044354
0.25310974588717217, 0.22222222222222224, 0.034516935739735
0.2144710453893908, 0.22222222222222224, 0.006678489503659651
0.15652854273340333, 0.22222222222222224, 0.02004965813609109
0.2533954800448051, 0.22222222222222224, 0.018107437172777834
0.21096670211498675, 0.22222222222222224, 0.003113573418487112
0.25340587032825523, 0.22222222222222224, 0.0018030425066376573
0.18314105701453992, 0.22222222222222224, 0.024264970913847946
0.2975432864567385, 0.22222222222222224, 0.09792252916937534
0.15578152879023005, 0.22222222222222224, 0.007673995869832158
0.19708531740126278, 0.22222222222222224, 0.015366807912763453
0.229838917923897, 0.22222222222222224, 0.016878466772701276
0.16746222314991518, 0.22222222222222224, 0.021513897306218756
0.19734879116204823, 0.22222222222222224, 0.00909118809991117
0.22302890836333325, 0.22222222222222224, 0.05138667050416771
0.2797077712953762, 0.22222222222222224, 0.019943043592406316
0.20106071754614177, 0.22222222222222224, 0.03277631451993703
0.12763965137251837, 0.22222222222222224, 0.006043659021129684
0.22658036745512877, 0.22222222222222224, 0.00973194839351112
0.2858403281876398, 0.22222222222222224, 0.0010865315291041587
0.09849899180127096, 0.22222222222222224, 0.025640617331238947
0.21532840797640695, 0.22222222222222224, 0.03675469229188528
0.15453824002680158, 0.22222222222222224, 0.00886372984185035
0.13221503654793365, 0.22222222222222224, 0.030169753452667054
0.1886985891943036, 0.22222222222222224, 0.0028580305419047426
0.21864600119790867, 0.22222222222222224, 0.002692402352194287
0.21432952197820876, 0.22222222222222224, 0.015648553320874375
0.18164772215505007, 0.22222222222222224, 0.006754639890846308
0.1729360173723229, 0.22222222222222224, 0.010807243030169193
0.2553358577206718, 0.22222222222222224, 0.008895602273235485
0.17035867020655893, 0.22222222222222224, 0.04713520561959008
0.19007579785627596, 0.22222222222222224, 0.011800972997322927
0.2926538090172527, 0.22222222222222224, 0.005125370007594148
0.24112218973297278, 0.22222222222222224, 0.034911455926104625
0.14741767167678713, 0.22222222222222224, 0.06344426538421384
0.1172899007670773, 0.22222222222222224, 0.00608782360886973
0.22993373543111217, 0.22222222222222224, 0.008493398331519481
0.23794181677595222, 0.22222222222222224, 0.055010477841167575
0.1707212194366941, 0.22222222222222224, 0.008965277803357099
0.13739144245458657, 0.22222222222222224, 0.01469801833232482
0.1795517943262201, 0.22222222222222224, 0.01853669626863711
0.20995318142317831, 0.22222222222222224, 0.031009792599766137
0.24895820021020074, 0.22222222222222224, 0.008381006546660756
0.28010295327535384, 0.22222222222222224, 0.028309029868182376
0.23928063657021242, 0.22222222222222224, 0.031572494892624585
0.16837218532187806, 0.22222222222222224, 0.025861303685351753
0.17202535574031141, 0.22222222222222224, 0.004757017467690862
0.18843701154856665, 0.22222222222222224, 0.09316415788641617
0.19297414384079595, 0.22222222222222224, 0.056869372834109796
0.1620096664514154, 0.22222222222222224, 0.024103051327862213
0.25180548153593785, 0.22222222222222224, 0.02839299399814903
0.22455352507144416, 0.22222222222222224, 0.04563927616334842
0.1751957517987963, 0.22222222222222224, 0.002909992641761157
0.15145882559988796, 0.22222222222222224, 0.005160098995569506
0.26318656556311193, 0.22222222222222224, 0.038357513815404976
0.14298375690873333, 0.22222222222222224, 0.015378275655075194
0.1320543031994833, 0.22222222222222224, 0.026033443581416772
0.18031903665754495, 0.22222222222222224, 0.007077714103777819
0.17856159071254404, 0.22222222222222224, 0.002664834135450453
0.19622348961580316, 0.22222222222222224, 0.05484486036920143
0.2242841610827174, 0.22222222222222224, 0.01997918237473495
0.1742208541027079, 0.22222222222222224, 0.059134411841918755
0.2836400462866333, 0.22222222222222224, 0.02379092559084981
0.25711050475573954, 0.22222222222222224, 0.025603191038448898
0.17001233862374668, 0.22222222222222224, 0.007310141169860744
0.24270671441543706, 0.22222222222222224, 0.009664599486502931
0.2184623208585457, 0.22222222222222224, 0.010201488422483555
0.19921169018364293, 0.22222222222222224, 0.002020505811718982
0.15096174907099585, 0.22222222222222224, 0.010309369826120372
0.1986492693305134, 0.22222222222222224, 0.01220056082924345
0.18820808416892104, 0.22222222222222224, 0.05458389013125503
0.27401448119278543, 0.22222222222222224, 0.009352394446623032
0.17772726751836312, 0.22222222222222224, 0.0071491615090088076
0.13368931775898013, 0.22222222222222224, 0.038387615319196794
0.18655550919637898, 0.22222222222222224, 0.02643338868563645
0.19975100130170279, 0.22222222222222224, 0.052438466429684985
0.2375548041766336, 0.22222222222222224, 0.0025668274088510674
0.09340426636081751, 0.22222222222222224, 0.009219786209161257
0.2824239867728138, 0.22222222222222224, 0.06055855299348972
0.18660605143496425, 0.22222222222222224, 0.014077091934279033
0.13372330266845178, 0.22222222222222224, 0.07041658152485868
0.25688067930319936, 0.22222222222222224, 0.013335221762567882
0.2594504225096561, 0.22222222222222224, 0.08762159024520368
0.1421308969233367, 0.22222222222222224, 0.025635377826304945
0.1223653163179072, 0.22222222222222224, 0.046949567607915646
0.21822600400368677, 0.22222222222222224, 0.0640282245942018
0.19188402584362588, 0.22222222222222224, 0.036403531611297536
0.24281881865496668, 0.22222222222222224, 0.011855241898886176
0.11440174361200586, 0.22222222222222224, 0.009949449834640717
0.2552749815968157, 0.22222222222222224, 0.009313053927945474
0.1856143446007364, 0.22222222222222224, 0.012270496779062535
0.2370690785221302, 0.22222222222222224, 0.01804427611652931
0.20557182284753373, 0.22222222222222224, 0.01832796244337406
0.19593747742187034, 0.22222222222222224, 0.011275536322650152
0.14122244756306765, 0.22222222222222224, 0.013393487288342226
0.23072551087265242, 0.22222222222222224, 0.05997242381069455
0.21802426477132536, 0.22222222222222224, 0.0024105189710314284
0.2887646759900303, 0.22222222222222224, 0.12625647538960863
0.14651677693883883, 0.22222222222222224, 0.001728974134145035
0.20645974061076328, 0.22222222222222224, 0.024372145556274767
0.26490689262106, 0.22222222222222224, 0.007858073397853521
0.07376766673446783, 0.22222222222222224, 0.02707602644151241
0.22884295210539454, 0.22222222222222224, 0.0017678438395709727
0.24477661933701406, 0.22222222222222224, 0.009361878044806789
0.2911809508274899, 0.22222222222222224, 0.019872823820420285
0.15113210647770559, 0.22222222222222224, 0.0004982978604064214
0.1353566542071633, 0.22222222222222224, 0.0027669928061560206
0.13398327529902215, 0.22222222222222224, 0.041648910484101985
0.20954370612893936, 0.22222222222222224, 0.029169888786791002
0.10390420310565626, 0.22222222222222224, 0.05741264865802555
0.2458817395978951, 0.22222222222222224, 0.01757002678321152
0.18126657642609173, 0.22222222222222224, 0.025510927286192295
0.15498692611395493, 0.22222222222222224, 0.0372124516773795
0.156855032277944, 0.22222222222222224, 0.006258067036193953
0.15981517010138924, 0.22222222222222224, 0.023757208560085948
0.18634085727593136, 0.22222222222222224, 0.03575772939322255
0.238143287741545, 0.22222222222222224, 0.0039988528569162435
0.16895822083792833, 0.22222222222222224, 0.011106584684483237
0.22108835974470933, 0.22222222222222224, 0.008506634742673188
0.17165589605016063, 0.22222222222222224, 0.005844054073478484
0.19848850843599997, 0.22222222222222224, 0.003630934613583915
0.17274471592019447, 0.22222222222222224, 0.00824456114594411
0.14953054138125174, 0.22222222222222224, 0.02717899842871055
0.18277467175225745, 0.22222222222222224, 0.03537263509091715
0.13498258490713533, 0.22222222222222224, 0.012743620245090834
0.2444266978839144, 0.22222222222222224, 0.0035607697932125157
0.2598149541155649, 0.22222222222222224, 0.007412635343836168
0.1616105951209525, 0.22222222222222224, 0.07553438664399259
0.07835303474958938, 0.22222222222222224, 0.01537523170789391
0.1096785563256765, 0.22222222222222224, 0.00921103460991837
0.19436335281526987, 0.22222222222222224, 0.008870557624175053
0.09669905368406502, 0.22222222222222224, 0.015033240246151222
0.23998525103112692, 0.22222222222222224, 0.017392014209968498
0.2503604495384885, 0.22222222222222224, 0.03335858075110125
0.22629933200033173, 0.22222222222222224, 0.009477427508699685
0.23342156939612707, 0.22222222222222224, 0.00013146851967618854
0.17494712047000827, 0.22222222222222224, 0.02122196183409895
0.10494152188006295, 0.22222222222222224, 0.034361470076623005
0.15480990757644858, 0.22222222222222224, 0.023149509987548902
0.22419956423079138, 0.22222222222222224, 0.030119135782209205
0.14058021537870813, 0.22222222222222224, 0.017941049809833527
0.14375940825339412, 0.22222222222222224, 0.008836583156439353
0.17105895369468965, 0.22222222222222224, 0.028487378215209948
0.1856000578904243, 0.22222222222222224, 0.005587865217186863
0.21357851653272855, 0.22222222222222224, 0.023100414729914642
0.20465734192228782, 0.22222222222222224, 0.00824342209213652
0.23122321370989976, 0.22222222222222224, 0.015288228707256265
0.247874280891378, 0.22222222222222224, 0.0065478902569655805
0.2540492749630746, 0.22222222222222224, 0.021864591934204026
0.19347990808618856, 0.22222222222222224, 0.020015335791602914
0.18650887951736947, 0.22222222222222224, 0.0007439563542382036
0.2771313580045115, 0.22222222222222224, 0.0012863192248953846
0.2986998248148238, 0.22222222222222224, 0.0096560025932898
0.1661660508355845, 0.22222222222222224, 0.005556837051216071
0.24596227916366176, 0.22222222222222224, 0.024098572166335083
0.2409271597301205, 0.22222222222222224, 0.039914712883126174
0.1604920109607107, 0.22222222222222224, 0.02656271768252912
0.2531379167690352, 0.22222222222222224, 0.003527313520182868
0.2040170912890553, 0.22222222222222224, 0.027097408355259277
0.13956534289382594, 0.22222222222222224, 0.003325795751324538
0.20297179558290965, 0.22222222222222224, 0.019044789793216253
0.21868072441157252, 0.22222222222222224, 0.01958533418743826
0.27667022055205553, 0.22222222222222224, 0.0025618627440196773
0.22330932944347856, 0.22222222222222224, 0.006868000400545861
0.16803557428202767, 0.22222222222222224, 0.08356243300739237
0.23813165994286997, 0.22222222222222224, 0.09135279179560506
0.13519927830991835, 0.22222222222222224, 0.008258379297192666
0.13475619816400958, 0.22222222222222224, 0.011095395571683028
0.23174141533897927, 0.22222222222222224, 0.010230057669093049
0.0905029443235169, 0.22222222222222224, 0.005562270864600385
0.2239549130889353, 0.22222222222222224, 0.0014475713667575422
0.24655459676657562, 0.22222222222222224, 0.023649326558246742
0.1872771879296799, 0.22222222222222224, 0.026580026794580686
0.20246753037797366, 0.22222222222222224, 0.0036346553673250862
0.21437092336502744, 0.22222222222222224, 0.0023624494821749176
0.13351134263584188, 0.22222222222222224, 0.0009766131966990304
0.18144557201112227, 0.22222222222222224, 0.0207616812719947
0.2063525004148349, 0.22222222222222224, 0.05853876624880613
0.18480072317963991, 0.22222222222222224, 0.06051866568447894
0.227593533991359, 0.22222222222222224, 0.0629562893751208
0.13788617115360638, 0.22222222222222224, 0.007008009792704801
0.1961801353625767, 0.22222222222222224, 0.04428141640674141
0.21365415218835038, 0.22222222222222224, 0.04141726193010843
0.20477828593044423, 0.22222222222222224, 0.012221859242687124
0.28989070684704593, 0.22222222222222224, 0.03695751252069549
0.1364557003107778, 0.22222222222222224, 0.016506860944481803
0.22230084660447832, 0.22222222222222224, 0.029767529279326323
0.22785629363579193, 0.22222222222222224, 0.003780725339722782
0.13801017238740335, 0.22222222222222224, 0.0050896728386307976
0.13264480515291616, 0.22222222222222224, 0.008291589643870863
0.22613743193898864, 0.22222222222222224, 0.033124147944747495
0.11241810335459819, 0.22222222222222224, 0.004661586586131614
0.17946696650837896, 0.22222222222222224, 0.006988963330433891
0.1123618716541032, 0.22222222222222224, 0.03162218520868122
0.29631083277881026, 0.22222222222222224, 0.015398991582118904
0.21328316566131872, 0.22222222222222224, 0.0038667455103305734
0.21914883721900055, 0.22222222222222224, 0.0397322105179956
0.23263701478453475, 0.22222222222222224, 0.00867602009279935
0.14318869033094322, 0.22222222222222224, 0.0032721037135940035
0.19094662166125456, 0.22222222222222224, 0.0018845361227722939
0.2406606100269442, 0.22222222222222224, 0.03417133785969034
0.12663021148011006, 0.22222222222222224, 0.0039118060242049665
0.29550107691022454, 0.22222222222222224, 0.019553118002950048
0.164531813862314, 0.22222222222222224, 0.004585139844243292
0.20440752927234737, 0.22222222222222224, 0.0015935031903409772
0.18847440540870006, 0.22222222222222224, 0.0020212200906024455
0.27480633876589833, 0.22222222222222224, 0.0024106975361117907
0.18207595085787828, 0.22222222222222224, 0.010612395444491381
0.16380296550175916, 0.22222222222222224, 0.009179068981443368
0.22596749548103362, 0.22222222222222224, 0.018485331475984905
0.2788327202716896, 0.22222222222222224, 0.01628309036674484
0.23102674519712896, 0.22222222222222224, 0.027954901677238703
0.1914997406078784, 0.22222222222222224, 0.003980244816776874
0.17393864855399627, 0.22222222222222224, 0.0026293550388447984
0.15565132262143253, 0.22222222222222224, 0.005514976188372266
0.18664625771032722, 0.22222222222222224, 0.01173047438907955
0.24326503832379764, 0.22222222222222224, 0.003645036691266483
0.1803891703719769, 0.22222222222222224, 0.0438515371742798
0.2404998314175995, 0.22222222222222224, 0.004510309872080596
0.27675579433937353, 0.22222222222222224, 0.16615132888203935
0.17378859962708, 0.22222222222222224, 0.024986516781437842
0.1366482624725492, 0.22222222222222224, 0.0038102885229387116
0.19144676031957633, 0.22222222222222224, 0.019375192597946192
0.28503141296614976, 0.22222222222222224, 0.022519624534723455
0.2796693964714582, 0.22222222222222224, 0.008750434577970432
0.15350324705277457, 0.22222222222222224, 0.011898584275990273
0.28735298030100265, 0.22222222222222224, 0.1220962629404421
0.15698058682122545, 0.22222222222222224, 0.02458753995864868
0.17184108090263445, 0.22222222222222224, 0.05464504554872769
0.22727749287208004, 0.22222222222222224, 0.02766886420540535
0.2520501283277929, 0.22222222222222224, 0.030548439666516523
0.19966913027745817, 0.22222222222222224, 0.017616543176602086
0.16342776655575622, 0.22222222222222224, 0.01109247481394084
0.14111017037447926, 0.22222222222222224, 0.030922612118523183
0.13548145001069967, 0.22222222222222224, 0.01478743763679927
0.21731005485732574, 0.22222222222222224, 0.003915796785636482
0.1663613561661714, 0.22222222222222224, 0.014885920306355075
0.20496049215409295, 0.22222222222222224, 0.0017323521117365353
0.24756378164111337, 0.22222222222222224, 0.0075003710511453055
0.1954466032339586, 0.22222222222222224, 0.012625988731122062
0.20343583195634454, 0.22222222222222224, 0.007181040257916725
0.26022828172214296, 0.22222222222222224, 0.004257416856821538
0.24039209253668573, 0.22222222222222224, 0.008162788661789948
0.12955586289576482, 0.22222222222222224, 0.0020876875251648556
0.23291510244403066, 0.22222222222222224, 0.03986364212505139
0.17345926386669308, 0.22222222222222224, 0.002452014072194761
0.25259255890619103, 0.22222222222222224, 0.008301816085148909
0.2645827861779815, 0.22222222222222224, 0.006634428115029227
0.2760821917637627, 0.22222222222222224, 0.0008520203910505726
0.24764326025555494, 0.22222222222222224, 0.1879373979182031
0.2653931841690243, 0.22222222222222224, 0.005167822878675264
0.2724807813890052, 0.22222222222222224, 0.012075650256295537
0.230092877130157, 0.22222222222222224, 0.010854287374066332
0.16647992702143594, 0.22222222222222224, 0.0341298414745674
0.1586085909935043, 0.22222222222222224, 0.0061386836100965495
0.17090629732012338, 0.22222222222222224, 0.011590054839031368
0.2036685095809481, 0.22222222222222224, 0.02978496607591162
0.22057034969195724, 0.22222222222222224, 0.027691504314248626
0.22614429528429544, 0.22222222222222224, 0.028477247497685734
0.2698173816299121, 0.22222222222222224, 0.05680521787565701
0.12067775522446417, 0.22222222222222224, 0.045050678204505194
0.16425250414896134, 0.22222222222222224, 0.017428084892598356
0.17582035519377368, 0.22222222222222224, 0.012804264809592843
0.09269364076115472, 0.22222222222222224, 0.015932742911912223
0.11391396444155726, 0.22222222222222224, 0.0066865260204594995
0.21820153400580186, 0.22222222222222224, 0.006653449644388236
0.18298792985734155, 0.22222222222222224, 0.03148463677665824
0.12680376717496672, 0.22222222222222224, 0.0452754614087537
0.1396085257332111, 0.22222222222222224, 0.03124827082024133
0.13213464098128055, 0.22222222222222224, 0.020112973595859708
0.16981523211165706, 0.22222222222222224, 0.0031648181680256995
0.09706388730252312, 0.22222222222222224, 0.014016258110698536
0.19370906256903653, 0.22222222222222224, 0.014966816978817904
0.18030529176195234, 0.22222222222222224, 0.020565860125536458
0.23012809965232134, 0.22222222222222224, 0.005416408804665849
0.16021268003961592, 0.22222222222222224, 0.0294188332817604
0.1838920756948581, 0.22222222222222224, 0.02910778718699857
0.17930965491984477, 0.22222222222222224, 0.010725517917271075
0.28054693687182714, 0.22222222222222224, 0.010024406346572092
0.23804031926102298, 0.22222222222222224, 0.0004996697236101822
0.28721004885296764, 0.22222222222222224, 0.020421407256018275
0.25109663468199983, 0.22222222222222224, 0.02517827630476268
0.08799419007601672, 0.22222222222222224, 0.005824048297190146
0.3084474985217853, 0.22222222222222224, 0.0035985295856448157
0.15842206308728896, 0.22222222222222224, 0.1010995500548697
0.21765959620117734, 0.22222222222222224, 0.010759122510410137
0.2805470918494033, 0.22222222222222224, 0.008819999300147027
0.16118793843090318, 0.22222222222222224, 0.0829358878968075
0.13947195117727207, 0.22222222222222224, 0.04410457810140953
0.16433853442675994, 0.22222222222222224, 0.005563938054318377
0.1774841741051914, 0.22222222222222224, 0.01861706123044322
0.17727154007279888, 0.22222222222222224, 0.003187638918331268
0.2477824597252048, 0.22222222222222224, 0.017227666783619547
0.167693130964679, 0.22222222222222224, 0.010406261700331971
0.1781496062599597, 0.22222222222222224, 0.0016829012997902212
0.19561228886187135, 0.22222222222222224, 0.028935461272680187
0.19638239125841903, 0.22222222222222224, 0.04185064945200628
0.17381599974116843, 0.22222222222222224, 0.009506930308414173
0.20547222850589952, 0.22222222222222224, 0.012727549513914386
0.15480125509681397, 0.22222222222222224, 0.00615108031261961
0.21328585629123142, 0.22222222222222224, 0.040986564716231196
0.21786545549116343, 0.22222222222222224, 0.036187755937313375
0.23917919292312223, 0.22222222222222224, 0.047969323912026914
0.22233645958886067, 0.22222222222222224, 0.013807035319854565
0.29057440024377595, 0.22222222222222224, 0.0012424575786746674
0.2101963256390136, 0.22222222222222224, 0.023447128538231263
0.2487272455308524, 0.22222222222222224, 0.005658763224269036
0.1270756152068796, 0.22222222222222224, 0.04374340273755486
0.18614326107529078, 0.22222222222222224, 0.09336062210363384
0.25345964215277517, 0.22222222222222224, 0.007046863271286894
0.26661859364538176, 0.22222222222222224, 0.05269709619076179
0.2135444669070905, 0.22222222222222224, 0.003067093309323396
0.27562720640535804, 0.22222222222222224, 0.006223956086382403
0.2119368381644507, 0.22222222222222224, 0.022054286171205858
0.04229925943362059, 0.22222222222222224, 0.03902686068662573
0.18462409683364295, 0.22222222222222224, 0.009250442388996142
0.14627904238911582, 0.22222222222222224, 0.010385332526767153
0.13153942769866356, 0.22222222222222224, 0.03360443287030894
0.254979296915705, 0.22222222222222224, 0.012840855509811412
0.19227287447612482, 0.22222222222222224, 0.06350649124938867
0.2386334340438477, 0.22222222222222224, 0.0030602844077458565
0.19436946329733165, 0.22222222222222224, 0.0023752648234949617
0.20319411514150382, 0.22222222222222224, 0.01678337197586182
0.31228555171588174, 0.22222222222222224, 0.07150576486219003
0.14776846084378303, 0.22222222222222224, 0.009884198410837479
0.19338690401695072, 0.22222222222222224, 0.0329919259443163
0.24260821395383972, 0.22222222222222224, 0.03610928992058482
0.20710597257617044, 0.22222222222222224, 0.020494465170642996
0.2796927394807361, 0.22222222222222224, 0.011117385396037242
0.23608510683175038, 0.22222222222222224, 0.023901804593625075
0.2084019698415839, 0.22222222222222224, 0.02579089097534398
0.12400873635463862, 0.22222222222222224, 0.0091892084526095
0.17318968847069946, 0.22222222222222224, 0.029593124671486698
0.25642240108858594, 0.22222222222222224, 0.08338049799767057
0.0750511156461372, 0.22222222222222224, 0.010778283359399255
0.16673900874517003, 0.22222222222222224, 0.07665906731501641
0.25817575582280017, 0.22222222222222224, 0.014640758675321853
0.2690112856429435, 0.22222222222222224, 0.041466777358472616
0.21554465193700484, 0.22222222222222224, 0.015311832523680508
0.23269364936476594, 0.22222222222222224, 0.006631179880593713
0.11881195627679515, 0.22222222222222224, 0.0020925768491742267
0.20440249393812998, 0.22222222222222224, 0.027947033239515022
0.17507801472148576, 0.22222222222222224, 0.013747674958580647
0.2287867079553758, 0.22222222222222224, 0.00017686719038944551
0.1661226342626965, 0.22222222222222224, 0.04833669374276948
0.18058354417379974, 0.22222222222222224, 0.022356421856439827
0.21586681872058097, 0.22222222222222224, 0.06933537070488567
0.1836248467652003, 0.22222222222222224, 0.0015292231817637468
0.19919193442112984, 0.22222222222222224, 0.1276543553575259
0.24023976275912015, 0.22222222222222224, 0.10390868779119368
0.15839988165205884, 0.22222222222222224, 0.073292316728283
0.13268046762570382, 0.22222222222222224, 0.034809553858795944
0.22440309505693382, 0.22222222222222224, 0.007818591547860099
0.05017422055892193, 0.22222222222222224, 0.01872435451928503
0.21364556371111595, 0.22222222222222224, 0.13058732942344173
0.1814086866237464, 0.22222222222222224, 0.03231891649499195
0.3114771665822098, 0.22222222222222224, 0.01296230273968655
0.2065585347743483, 0.22222222222222224, 0.010706053377670846
0.29993842620477196, 0.22222222222222224, 0.04075072677236112
0.22086153058799873, 0.22222222222222224, 0.009622659104982972
0.11402337488067991, 0.22222222222222224, 0.008381064913228127
0.09272105945487892, 0.22222222222222224, 0.03759912274445255
0.260499984275431, 0.22222222222222224, 0.003705242850923681
0.2364311039670403, 0.22222222222222224, 0.023568599564813605
0.20376283699016237, 0.22222222222222224, 0.023490080168495037
0.2076399916272535, 0.22222222222222224, 0.016099247876234287
0.16619297237301345, 0.22222222222222224, 0.027418504334994674
0.239511842839443, 0.22222222222222224, 0.003924199408967537
0.2114111052955474, 0.22222222222222224, 0.01907987713608547
0.17096340199224264, 0.22222222222222224, 0.018229866576127702
0.17086837983346886, 0.22222222222222224, 0.03768526711720089
0.28832686537635355, 0.22222222222222224, 0.09758886965910062
0.1345846506204774, 0.22222222222222224, 0.012649142917139302
0.20642663185235244, 0.22222222222222224, 0.0020240986071255003
0.2115972948065326, 0.22222222222222224, 0.020354057559221855
0.2783666309770505, 0.22222222222222224, 0.043037875250643454
0.2268902371986822, 0.22222222222222224, 0.03577940119250294
0.27006031904484995, 0.22222222222222224, 0.01678753725996517
0.23708395102635463, 0.22222222222222224, 0.0369936293429052
0.26786874791746407, 0.22222222222222224, 0.07357412556216043
0.19132484135078212, 0.22222222222222224, 0.02544901132936553
0.06817608325250799, 0.22222222222222224, 0.006061914436022722
0.21649855878825608, 0.22222222222222224, 0.003326099212408081
0.1307518517564598, 0.22222222222222224, 0.004927700042495657
0.1901667539060753, 0.22222222222222224, 0.07517331568144756
0.14706469606006387, 0.22222222222222224, 0.04612574515478055
0.25831335203291517, 0.22222222222222224, 0.0623189974440767
0.26119202566690664, 0.22222222222222224, 0.03654540075044201
0.2596460246481592, 0.22222222222222224, 0.04276931961828386
0.13611059830002867, 0.22222222222222224, 0.05708962851449916
0.27564747290896247, 0.22222222222222224, 0.023936875783530372
0.16433317905216877, 0.22222222222222224, 0.04918613713068538
0.21751605533200896, 0.22222222222222224, 0.014769823712960052
0.19448373799694438, 0.22222222222222224, 0.028353104494741536
0.1967357803193404, 0.22222222222222224, 0.041001279934743194
0.24255263750709843, 0.22222222222222224, 0.0030057612546385737
0.18277988099628542, 0.22222222222222224, 0.009421862098974445
0.11152200448673047, 0.22222222222222224, 0.08024842728335378
0.16078801965782946, 0.22222222222222224, 0.001864225765204365
0.16823157883060172, 0.22222222222222224, 0.005481224232459617
0.18703851942254127, 0.22222222222222224, 0.006313940497711497
0.16347837364416226, 0.22222222222222224, 0.005669327336830103
0.15262010398293674, 0.22222222222222224, 0.009036627427405965
0.09073805177870309, 0.22222222222222224, 0.015076589709004506
0.2717423426873672, 0.22222222222222224, 0.004127000726714161
0.07649094218354512, 0.22222222222222224, 0.015846772533031624
0.1849340864170889, 0.22222222222222224, 0.04595122998282372
0.20023131191101673, 0.22222222222222224, 0.03804663278279285
0.20677940450516732, 0.22222222222222224, 0.014128263039163652
0.21880043010622113, 0.22222222222222224, 0.21709251175832392
0.1963970776381179, 0.22222222222222224, 0.00389988939515575
0.2107236001952717, 0.22222222222222224, 0.006958444914068379
0.3472807837577536, 0.22222222222222224, 0.012491167671323126
0.1517537388058566, 0.22222222222222224, 0.03744386484492656
0.2144518440940484, 0.22222222222222224, 0.007932431268614305
0.17526127134967384, 0.22222222222222224, 0.027434145653899986
0.14509154911016847, 0.22222222222222224, 0.020465001930935957
0.16841602202225397, 0.22222222222222224, 0.025646709521468945
0.254721500775447, 0.22222222222222224, 0.016249082043253975
0.1749605619220596, 0.22222222222222224, 0.006246146228095734
0.1605293232480125, 0.22222222222222224, 0.0012361298112278888
0.11997527450974121, 0.22222222222222224, 0.0066945622692488925
0.1821089785989062, 0.22222222222222224, 0.007780780757259985
0.211308227444673, 0.22222222222222224, 0.018060450678258948
0.2299568475712796, 0.22222222222222224, 0.02255641671550658
0.23608086372557888, 0.22222222222222224, 0.019101436901117066
0.25632015762485016, 0.22222222222222224, 0.010879723672636248
0.21531457793769754, 0.22222222222222224, 0.007107385556331297
0.19402467381518046, 0.22222222222222224, 0.019550047260951404
0.21996537367272975, 0.22222222222222224, 0.0022203572570629543
0.24206977733118912, 0.22222222222222224, 0.015384246378522114
0.19498521708448352, 0.22222222222222224, 0.0018636786423579692
0.2125843439389329, 0.22222222222222224, 0.001891691929413097
0.20341371676362574, 0.22222222222222224, 0.08057905844098015
0.18735682786169192, 0.22222222222222224, 0.038297745155574534
0.2051081734629762, 0.22222222222222224, 0.00787693765946428
0.20472441359607138, 0.22222222222222224, 0.022878530842047613
0.21737430453730794, 0.22222222222222224, 0.019642268491682737
0.21390355142031578, 0.22222222222222224, 0.009651691765318651
0.20013134802825402, 0.22222222222222224, 0.009753789477601332
0.1826980860271758, 0.22222222222222224, 0.006535380468846727
0.28570056187157655, 0.22222222222222224, 0.001423539350041541
0.19361880613104512, 0.22222222222222224, 0.011824302696818351
0.1554704807879549, 0.22222222222222224, 0.00349085518568414
0.23419778743782504, 0.22222222222222224, 0.008364556941947493
0.2784905679183638, 0.22222222222222224, 0.023304314344317047
0.19144069317923934, 0.22222222222222224, 0.051361783767166
0.25954926638464043, 0.22222222222222224, 0.021531778532047793
0.21266901930943408, 0.22222222222222224, 0.014168775544576047
0.1401481389030013, 0.22222222222222224, 0.011877054538190334
0.1619747575369441, 0.22222222222222224, 0.11396551869634095
0.18734879334328566, 0.22222222222222224, 0.0026019442006512718
0.22379027936353418, 0.22222222222222224, 0.006512443383083479
0.26375783235547506, 0.22222222222222224, 0.0012309546530567953
0.17830173386846807, 0.22222222222222224, 0.009552804823522842
0.16478925476449258, 0.22222222222222224, 0.007661028977518776
0.16920527848961364, 0.22222222222222224, 0.059093098189560926
0.29276098356117625, 0.22222222222222224, 0.0006525637667599201
0.14687174065614225, 0.22222222222222224, 0.0023120187809840763
0.21997510714609822, 0.22222222222222224, 0.0027338550334557146
0.26047853532123805, 0.22222222222222224, 0.03381481736003157
0.15907346548549206, 0.22222222222222224, 0.003608398654404844
0.16334426652777656, 0.22222222222222224, 0.009812637984309515
0.2291893771875807, 0.22222222222222224, 0.024924676003931487
0.24169883059170513, 0.22222222222222224, 0.01283785563761045
0.3116480028026412, 0.22222222222222224, 0.027348279052826656
0.1823633200278046, 0.22222222222222224, 0.009880083213064375
0.1525914975935401, 0.22222222222222224, 0.006285420763213115
0.2927699281708488, 0.22222222222222224, 0.000601137093327396
0.21028113626818914, 0.22222222222222224, 0.01662386983169783
0.18399220085348328, 0.22222222222222224, 0.018343739428401142
0.1773690295612735, 0.22222222222222224, 0.010510776762824574
0.19046406046735756, 0.22222222222222224, 0.027276089893707486
0.22556409596533877, 0.22222222222222224, 0.01278289165451741
0.2696645846808902, 0.22222222222222224, 0.006214580752981183
0.1230760013475109, 0.22222222222222224, 0.03578925338392232
0.1830663090030465, 0.22222222222222224, 0.08230695240753776
0.271342790144548, 0.22222222222222224, 0.005686225151305961
0.2655098368281252, 0.22222222222222224, 0.029657025999435163
0.2894216845301593, 0.22222222222222224, 0.02204032468634798
0.19697494530026835, 0.22222222222222224, 0.044382417194106245
0.24966845760435896, 0.22222222222222224, 0.018374794599320506
0.16029460957195749, 0.22222222222222224, 0.022750021315030455
0.2102662945500512, 0.22222222222222224, 0.022304840001252987
0.09001547506518048, 0.22222222222222224, 0.056205589537922936
0.11501707768629968, 0.22222222222222224, 0.014616512248639066
0.1754365416906686, 0.22222222222222224, 0.09474296174706501
0.21845055546292247, 0.22222222222222224, 0.016447098910591443
0.20065990770837067, 0.22222222222222224, 0.00459105575817076
0.20834462707416107, 0.22222222222222224, 0.01127026322772866
0.19527871663035404, 0.22222222222222224, 0.025361411596389143
0.1175295646543556, 0.22222222222222224, 0.0066878914695117355
0.15710931179385523, 0.22222222222222224, 0.014725681979571647
0.2486511568426787, 0.22222222222222224, 0.013089688523745428
0.18330920823003158, 0.22222222222222224, 0.0052247185560844915
0.15381245824761844, 0.22222222222222224, 0.030197181307021072
0.21284079549778329, 0.22222222222222224, 0.00402029351651187
0.20346920910224478, 0.22222222222222224, 0.029617755901916093
0.27141249193916595, 0.22222222222222224, 0.031594456464987014
0.21737788747975256, 0.22222222222222224, 0.0035288022029400646
0.22075841897027476, 0.22222222222222224, 0.010923785021555442
0.2617575076985373, 0.22222222222222224, 0.04176129463604672
0.13138876034756014, 0.22222222222222224, 0.007077965370741035
0.17465492335098234, 0.22222222222222224, 0.006966759116225007
0.2513924994994616, 0.22222222222222224, 0.006118617615242392
0.21468918443510912, 0.22222222222222224, 0.013444759544208497
0.3395049061137545, 0.22222222222222224, 0.0021098194364123223
0.3007108063732485, 0.22222222222222224, 0.04255372297314242
0.13290597203855886, 0.22222222222222224, 0.04395529316049422
0.22620046289006984, 0.22222222222222224, 0.036994824752033056
0.1479363876268924, 0.22222222222222224, 0.007851728045917503
0.22941740617455783, 0.22222222222222224, 0.02668473771541081
0.2443185582331704, 0.22222222222222224, 0.01346935212681558
0.19407275168316684, 0.22222222222222224, 0.0013463941657853107
0.1557498826870695, 0.22222222222222224, 0.0021385223601123127
0.1643764541950817, 0.22222222222222224, 0.08582804956670127
0.2066324221720883, 0.22222222222222224, 0.023205129262262068
0.1724069905754339, 0.22222222222222224, 0.012498056250758567
0.12832942588315183, 0.22222222222222224, 0.010993269072111223
0.2251418251262187, 0.22222222222222224, 0.014491276443569599
0.18276716341117294, 0.22222222222222224, 0.009778576847120636
0.1941380715977069, 0.22222222222222224, 0.0017811396230878389
0.19524445947858227, 0.22222222222222224, 0.007897424190980048
0.21960053683065978, 0.22222222222222224, 0.025838716810590034
0.18904454426015257, 0.22222222222222224, 0.013028958509520018
0.15909506611456328, 0.22222222222222224, 0.004105970022553501
0.195984473033497, 0.22222222222222224, 0.006105115856804593
0.25312771260944983, 0.22222222222222224, 0.026176972340406668
0.1839789896825417, 0.22222222222222224, 0.019372975240865876
0.18065611918338148, 0.22222222222222224, 0.016146360220817457
0.15611207242413855, 0.22222222222222224, 0.030151513979656985
0.2903401792326632, 0.22222222222222224, 0.0005353581573603864
0.1443501718194304, 0.22222222222222224, 0.006677195690643835
0.20476123156107987, 0.22222222222222224, 0.024814911417767652
0.2221917672922003, 0.22222222222222224, 0.021614492503227712
0.3055238830607694, 0.22222222222222224, 0.01919904281824201
0.24719790615414877, 0.22222222222222224, 0.02874657463028417
0.19597049295216468, 0.22222222222222224, 0.01398221268616517
0.16424889118093666, 0.22222222222222224, 0.012505406086397393
0.09530996839009068, 0.22222222222222224, 0.02469954253396841
0.253481643278772, 0.22222222222222224, 0.023170626796309747
0.16225362587187245, 0.22222222222222224, 0.0043198766023722175
0.2119368424405701, 0.22222222222222224, 0.02230614173944932
0.0989417166204867, 0.22222222222222224, 0.011614495846459006
0.15074295319063868, 0.22222222222222224, 0.040736295047500926
0.2119091811068685, 0.22222222222222224, 0.0008907906741937949
0.1289527260430465, 0.22222222222222224, 0.02556814939893084
0.22166703561979995, 0.22222222222222224, 0.04527403115515137
0.1834598869297327, 0.22222222222222224, 0.0805644563643459
0.26315528555642453, 0.22222222222222224, 0.04462688285692127
0.22586225810073837, 0.22222222222222224, 0.003920515634927757
0.14449056252035072, 0.22222222222222224, 0.007571803926492281
0.23516330832751892, 0.22222222222222224, 0.016918152751552076
0.16496015583658205, 0.22222222222222224, 0.01126728362429249
0.23361889083776258, 0.22222222222222224, 0.06705479500182494
0.23819582825011396, 0.22222222222222224, 0.0011544121303226286
0.18845220398186455, 0.22222222222222224, 0.015445147652554777
0.16632288668544645, 0.22222222222222224, 0.012115828590370345
0.2856593101604433, 0.22222222222222224, 0.018830640277428902
0.19984316311786765, 0.22222222222222224, 0.005685467365445929
0.1195715151303848, 0.22222222222222224, 0.00018804211304365395
0.18072360494680836, 0.22222222222222224, 0.010078460978591448
0.1457154171181099, 0.22222222222222224, 0.0042701474492419485
0.14198406988238133, 0.22222222222222224, 0.035386670145399486
0.2160889469491734, 0.22222222222222224, 0.005380193921378573
0.2937072850764628, 0.22222222222222224, 0.035350268372175475
0.18489087857325223, 0.22222222222222224, 0.007388395016437623
0.19697295563565806, 0.22222222222222224, 0.0022650970842374267
0.24979162039992645, 0.22222222222222224, 0.0019376607077579119
0.20571636507797172, 0.22222222222222224, 0.018684661534138433
0.17288871140841283, 0.22222222222222224, 0.0021627190065530073
0.17888624017980967, 0.22222222222222224, 0.003097819488832967
0.21636680004822248, 0.22222222222222224, 0.038520263222094876
0.14148718784681139, 0.22222222222222224, 0.04127129123760262
0.20118303924890502, 0.22222222222222224, 0.020196944301839256
0.24374755951164517, 0.22222222222222224, 0.021810669117275583
0.19332924094677006, 0.22222222222222224, 0.08720801555214788
0.11959257974546746, 0.22222222222222224, 0.003805981865952632
0.2152639642200253, 0.22222222222222224, 0.15015040981662725
0.21586390286172213, 0.22222222222222224, 0.0027356657558002
0.20528604492031652, 0.22222222222222224, 0.010787602535547051
0.11869094985636199, 0.22222222222222224, 0.011712148947363105
0.20535181250776383, 0.22222222222222224, 0.04401530961888444
0.18950762636711707, 0.22222222222222224, 0.0004400243254022177
0.15028702673978742, 0.22222222222222224, 0.023843847071539366
0.2695491868141467, 0.22222222222222224, 0.004299535209624065
0.25326193093494254, 0.22222222222222224, 0.05344651803672256
0.16210666693283587, 0.22222222222222224, 0.016531977665133906
0.20536141877994243, 0.22222222222222224, 0.03614088875111442
0.19881268986660441, 0.22222222222222224, 0.0006829546740247312
0.12084260927586316, 0.22222222222222224, 0.06866999145464703
0.16107754484972378, 0.22222222222222224, 0.04041437447191106
0.23165699079574345, 0.22222222222222224, 0.0870534636380075
0.18063211237546023, 0.22222222222222224, 0.0003185792139418614
0.20306302824699543, 0.22222222222222224, 0.029608843747351312
0.19551760750412128, 0.22222222222222224, 0.012315924174327801
0.10161993708089573, 0.22222222222222224, 0.010926733103432647
0.24565961128539704, 0.22222222222222224, 0.05362556316583065
0.11150765946149521, 0.22222222222222224, 0.0074972892324467405
0.19265061845672207, 0.22222222222222224, 0.03199570118025664
0.27038166063626007, 0.22222222222222224, 0.03179766525999667
0.14784551124717293, 0.22222222222222224, 0.012961346143949596
0.17006732790656304, 0.22222222222222224, 0.0069271722923639955
0.21450956215462444, 0.22222222222222224, 0.04181119260496596
0.14000262419884338, 0.22222222222222224, 0.010572466780964273
0.19771386112956452, 0.22222222222222224, 0.052251341862423306
0.17964267051754784, 0.22222222222222224, 0.004626611535862388
0.15016602802358353, 0.22222222222222224, 0.05176234970021613
0.18283528905884294, 0.22222222222222224, 0.003954898704624438
0.23078018613500811, 0.22222222222222224, 0.03615237633900171
0.12715787141589285, 0.22222222222222224, 0.01488291791489143
0.1769428992484022, 0.22222222222222224, 0.012448943201601143
0.18402701884521872, 0.22222222222222224, 0.09913336013057913
0.20092756050217836, 0.22222222222222224, 0.039596778177391566
0.17075238369844498, 0.22222222222222224, 0.03417604703912002
0.2559029144412774, 0.22222222222222224, 0.003685294927607485
0.23216978437671315, 0.22222222222222224, 0.009462595984450385
0.24069443043340735, 0.22222222222222224, 0.05115665192433083
0.2157965231813694, 0.22222222222222224, 0.010792760155043215
0.2711929206947271, 0.22222222222222224, 0.0034975922463020355
0.16468441350615118, 0.22222222222222224, 0.007313739307050195
0.1983416519015998, 0.22222222222222224, 0.03969586752718402
0.23503445992536173, 0.22222222222222224, 0.03416452380964592
0.17489799181288368, 0.22222222222222224, 0.01263471772692331
0.30939161933898807, 0.22222222222222224, 0.015826444863714918
0.18546622096781884, 0.22222222222222224, 0.01040607752726606
0.19897732949273353, 0.22222222222222224, 0.015498329995050226
0.2642158317442407, 0.22222222222222224, 0.0002472246347579461
0.1476373869016576, 0.22222222222222224, 0.038684781325513846
0.21041355645866738, 0.22222222222222224, 0.022143004617442372
0.2822082323229423, 0.22222222222222224, 0.005252229590353048
0.24397327685689008, 0.22222222222222224, 0.010896119657940097
0.17195629342125443, 0.22222222222222224, 0.035247788195833504
0.3856908834632916, 0.22222222222222224, 0.01252610120988879
0.21496417446942362, 0.22222222222222224, 0.028023132222170878
0.2339000172848499, 0.22222222222222224, 0.02035994671342952
0.2092221526565052, 0.22222222222222224, 0.006607504987420314
0.19157717830543847, 0.22222222222222224, 0.01648561554877361
0.19593786347344677, 0.22222222222222224, 0.012383731514349083
0.25149707454033426, 0.22222222222222224, 0.03723777123774824
0.207110720907691, 0.22222222222222224, 0.01993158718475542
0.1431214452721188, 0.22222222222222224, 0.023610052086803963
0.2700582690502152, 0.22222222222222224, 0.004812478950472253
0.22712856499029857, 0.22222222222222224, 0.029866555091851616
0.2121702337379995, 0.22222222222222224, 0.02319639507450968
0.2713742075552746, 0.22222222222222224, 0.017421837777808924
0.23212508788612315, 0.22222222222222224, 0.010549103374443048
0.1407035423902004, 0.22222222222222224, 0.003020888148272082
0.22506193375151437, 0.22222222222222224, 0.05020836074312619
0.16152482280493421, 0.22222222222222224, 0.011907532357304653
0.23705587771101755, 0.22222222222222224, 0.009858992471371238
0.17924461004691955, 0.22222222222222224, 0.005112421849720995
0.19420549377155746, 0.22222222222222224, 0.025585386379200645
0.20751908842828404, 0.22222222222222224, 0.041109043749895845
0.26460324373064836, 0.22222222222222224, 0.012970124590372022
0.12044002220493628, 0.22222222222222224, 0.011506828787551446
0.2006499477160095, 0.22222222222222224, 2.5282658185943257e-05
0.2527301076309791, 0.22222222222222224, 0.01090018683719144
0.21503225890170638, 0.22222222222222224, 0.034487362639102306
0.25247333450786436, 0.22222222222222224, 0.0018217731785835495
0.22764608710211082, 0.22222222222222224, 0.02059693612627084
0.18963730138909551, 0.22222222222222224, 0.014043878530517116
0.1734305086193903, 0.22222222222222224, 0.020894126120064246
0.21944944423641996, 0.22222222222222224, 0.004003699618175389
0.14927068694175538, 0.22222222222222224, 0.014838975912642252
0.17184644406653005, 0.22222222222222224, 0.017591938592134152
0.17349391672807873, 0.22222222222222224, 0.004089657727353775
0.18544784603475395, 0.22222222222222224, 0.033095110360291204
0.1710322004619596, 0.22222222222222224, 0.0036331714159006973
0.216328487276461, 0.22222222222222224, 0.005513893129578884
0.12399992174634726, 0.22222222222222224, 0.04059293800522014
0.2594922505119454, 0.22222222222222224, 0.018557871944114714
0.20560682585113632, 0.22222222222222224, 0.02530225803353686
0.2101349981993275, 0.22222222222222224, 0.04171147864206754
0.20110157552443694, 0.22222222222222224, 0.045538855534820497
0.20143241910563678, 0.22222222222222224, 0.0038004199846692153
0.2435019436674863, 0.22222222222222224, 0.038692820428820204
0.11243882243200048, 0.22222222222222224, 0.026035721199901527
0.19473195396095244, 0.22222222222222224, 0.04001338957989091
0.20639867885179186, 0.22222222222222224, 0.01950323431125139
0.2791221920984082, 0.22222222222222224, 0.015739275783899005
0.23146678656117525, 0.22222222222222224, 0.017158672506078738
0.2815193582048702, 0.22222222222222224, 0.004662895714065218
0.11782976717818489, 0.22222222222222224, 0.015879039390846072
0.14719373006061287, 0.22222222222222224, 0.016612258652931346
0.1806719574734891, 0.22222222222222224, 0.0008814968129667069
0.2830517222045979, 0.22222222222222224, 0.010924957336126402
0.1852056933660637, 0.22222222222222224, 0.008689634526892592
0.21347226546910322, 0.22222222222222224, 0.0037963508448637957
0.2845152054897742, 0.22222222222222224, 0.005218066505790183
0.2611787377319662, 0.22222222222222224, 0.08311053420730832
0.18514591486911167, 0.22222222222222224, 0.042177628025755115
0.2421963012576187, 0.22222222222222224, 0.012361560967128461
0.2475050020605808, 0.22222222222222224, 0.03308542902884576
0.2267233638719381, 0.22222222222222224, 0.01889282823892605
0.2507962878049752, 0.22222222222222224, 0.019874510395654924
0.18110760329736614, 0.22222222222222224, 0.009361487103553298
0.17054820565261197, 0.22222222222222224, 0.003949543113483428
0.15527754931689675, 0.22222222222222224, 0.006869742732335072
0.21277551148710896, 0.22222222222222224, 0.003734265916951927
0.2502637294498222, 0.22222222222222224, 0.007165247140439837
0.14494950921997046, 0.22222222222222224, 0.014692653327647064
0.20444764533612375, 0.22222222222222224, 0.006883560882170763
0.11725585934056365, 0.22222222222222224, 0.02995635091734895
0.20840319853720612, 0.22222222222222224, 0.008182895016005278
0.29913549718253785, 0.22222222222222224, 0.04551294704086129
0.27000159810201557, 0.22222222222222224, 0.016914188557700213
0.2810675229403839, 0.22222222222222224, 0.0229833384242796
0.2156765619015091, 0.22222222222222224, 0.0038647988656578818
0.22428281433512015, 0.22222222222222224, 0.01654049663896965
0.1638286894942328, 0.22222222222222224, 0.015170263506184334
0.2039097373084497, 0.22222222222222224, 0.029179035800474235
0.15556350725551268, 0.22222222222222224, 0.06000045895212172
0.1725258147883714, 0.22222222222222224, 0.09448194266705691
0.23922014006070175, 0.22222222222222224, 0.0409701842303541
0.16097192893854684, 0.22222222222222224, 0.04431045820865308
0.23272823526435882, 0.22222222222222224, 0.031680230544358666
0.2566762561482539, 0.22222222222222224, 0.012988095863135382
0.14538702522591512, 0.22222222222222224, 0.013862060015672101
0.24681434358146226, 0.22222222222222224, 0.00789618738933673
0.27485063291551204, 0.22222222222222224, 0.026150103138103023
0.12210533474523644, 0.22222222222222224, 0.007569678867477396
0.1363481352203762, 0.22222222222222224, 0.0166116182303156
0.105722159828194, 0.22222222222222224, 0.008480453723861267
0.2027968820386784, 0.22222222222222224, 0.004478175814164332
0.15504420106596484, 0.22222222222222224, 0.06385494967757482
0.17057535588097494, 0.22222222222222224, 0.007689240918651695
0.24911510005496892, 0.22222222222222224, 0.018429220651063883
0.16446661963611578, 0.22222222222222224, 0.06264130401820667
0.17714838351503845, 0.22222222222222224, 0.0069225126211101785
0.22490156631889693, 0.22222222222222224, 0.04373588341892622
0.20089714457568822, 0.22222222222222224, 0.008082400425839556
0.30296605880003846, 0.22222222222222224, 0.07378790393989308
0.18853942863455123, 0.22222222222222224, 0.0029922473199933027
0.16302672411581715, 0.22222222222222224, 0.018140102445915938
0.2623520797596951, 0.22222222222222224, 0.015642633007687232
0.1309497888361516, 0.22222222222222224, 0.042360521332537274
0.11125346515955403, 0.22222222222222224, 0.026565820479471935
0.15125973165889975, 0.22222222222222224, 0.003067060841085918
0.117723328562188, 0.22222222222222224, 0.017386519422321188
0.16319332634226816, 0.22222222222222224, 0.08132141355497409
0.21988017300573084, 0.22222222222222224, 0.0004698127673928011
0.1672166855616144, 0.22222222222222224, 0.008351711899370362
0.24959092628323828, 0.22222222222222224, 0.024659708672486264
0.19896280729014834, 0.22222222222222224, 0.01109341924186798
0.17888770105405963, 0.22222222222222224, 0.008368402821503175
0.21443731563480087, 0.22222222222222224, 0.11439813441193158
0.12871132547347988, 0.22222222222222224, 0.042762004604241836
0.25104440292778596, 0.22222222222222224, 0.030162634815525797
0.1713738778060085, 0.22222222222222224, 0.022650606216581947
0.1940738873532748, 0.22222222222222224, 0.025335312477099636
0.1531010290348231, 0.22222222222222224, 0.021662461161183564
0.1826823904142454, 0.22222222222222224, 0.0023675356790617903
0.27582786243058693, 0.22222222222222224, 0.035157312202426794
0.15116162845944642, 0.22222222222222224, 0.04142410240041573
0.13924875257360458, 0.22222222222222224, 0.04482151264830029
0.17600197735296635, 0.22222222222222224, 0.005594624081225568
0.2595356192887271, 0.22222222222222224, 0.01364320806459137
0.2328384876539441, 0.22222222222222224, 0.02357071335823839
0.17683362292308205, 0.22222222222222224, 0.021761920628505415
0.1761562535473155, 0.22222222222222224, 0.0038567883229265435
0.17044024053668372, 0.22222222222222224, 0.025259776951577433
0.19601944352279543, 0.22222222222222224, 0.024702496332579427
0.17351437172501125, 0.22222222222222224, 0.08408273226859915
0.25620887774597007, 0.22222222222222224, 0.019162471530297702
0.14234280315347048, 0.22222222222222224, 0.07987052352787757
0.18092650539960714, 0.22222222222222224, 0.008095152365508205
0.17417629813622001, 0.22222222222222224, 0.042185938599822434
0.14838309277409933, 0.22222222222222224, 0.014475684931340925
0.2207926118636748, 0.22222222222222224, 0.002578544012315267
0.12063449689891109, 0.22222222222222224, 0.006254701389252151
0.20235547485852803, 0.22222222222222224, 0.0013931769387430055
0.19969652715195943, 0.22222222222222224, 0.0766222055138582
0.22750831512198688, 0.22222222222222224, 0.04944021121400877
0.10341367002520092, 0.22222222222222224, 0.007733420396451027
0.15844583127529296, 0.22222222222222224, 0.03655708486933976
0.3246089469315583, 0.22222222222222224, 0.013825347906284051
0.18653883158004406, 0.22222222222222224, 0.03152323940670619
0.2510037539289715, 0.22222222222222224, 0.012942939483032375
0.19386487009737896, 0.22222222222222224, 0.042013115978445016
0.2762460522059106, 0.22222222222222224, 0.015299861372664102
0.23297617871063603, 0.22222222222222224, 0.013945960522452094
0.17861752693332486, 0.22222222222222224, 0.06467908300013339
0.11390884764480692, 0.22222222222222224, 0.016721029818190836
0.2123203777329884, 0.22222222222222224, 0.014841518126597135
0.26063187897304474, 0.22222222222222224, 0.027674414651599675
0.2911431562936189, 0.22222222222222224, 0.009266500737041272
0.15210049667966669, 0.22222222222222224, 0.0704825987436599
0.19285286389853656, 0.22222222222222224, 0.0029970242117007295
0.18402068597815108, 0.22222222222222224, 0.0022071282580871624
0.25074119079223445, 0.22222222222222224, 0.032698796873437005
0.2048850865558518, 0.22222222222222224, 0.005023909185179078
0.24849021974655366, 0.22222222222222224, 0.005386107237595825
0.23054684671522369, 0.22222222222222224, 0.013275536230042016
0.17498136058165648, 0.22222222222222224, 0.03168318017232903
0.15361055213171593, 0.22222222222222224, 0.005761928085569104
0.1676701977069838, 0.22222222222222224, 0.01880845508730562
0.25929029677371424, 0.22222222222222224, 0.011594377342557511
0.16435440650274738, 0.22222222222222224, 0.037601108777868625
0.2139962257799878, 0.22222222222222224, 0.04619035044157631
0.20339205172569771, 0.22222222222222224, 0.02565249924521814
0.23894288106687678, 0.22222222222222224, 0.05183651486081026
0.28523539587495966, 0.22222222222222224, 0.015789701284348236
0.2023794623806124, 0.22222222222222224, 0.005197633473499566
0.2741242521804633, 0.22222222222222224, 0.0482726546149118
0.14513520408785804, 0.22222222222222224, 0.0036549895273402123
0.1264397476634164, 0.22222222222222224, 0.005161866307175193
0.18789834833746147, 0.22222222222222224, 0.027453521018047766
0.2164596121229724, 0.22222222222222224, 0.12187450799113597
0.18717337700083264, 0.22222222222222224, 0.013792378268642356
0.18135182165379982, 0.22222222222222224, 0.005043895134665134
0.16396492866131532, 0.22222222222222224, 0.01591237391210608
0.17433745805868114, 0.22222222222222224, 0.010616832861636546
0.21646614843204307, 0.22222222222222224, 0.008201760340758535
0.23497451762013918, 0.22222222222222224, 0.010076260671252047
0.20668248458944274, 0.22222222222222224, 0.0021541230128241913
0.2737451134520159, 0.22222222222222224, 0.010314548279942713
0.23139876337712853, 0.22222222222222224, 0.05942083974415425
0.18854399096886448, 0.22222222222222224, 0.06613834873120125
0.1666785425110748, 0.22222222222222224, 0.00508599647070201
0.26254886013571316, 0.22222222222222224, 0.02848921597285687
0.12271571182293113, 0.22222222222222224, 0.05254300286577786
0.23675225632008165, 0.22222222222222224, 0.014748630503599008
0.18250254242078118, 0.22222222222222224, 0.005524993749854182
0.19856405819140893, 0.22222222222222224, 0.01332793087640336
0.22411467339046154, 0.22222222222222224, 0.03034006244714865
0.19170380947491072, 0.22222222222222224, 0.03231868244629012
0.2108750582973865, 0.22222222222222224, 0.005427441691013198
0.1494478586248067, 0.22222222222222224, 0.012472915208911731
0.14418248964960184, 0.22222222222222224, 0.025953991279467382
0.2733621432894731, 0.22222222222222224, 0.05882223435895237
0.0789765523791166, 0.22222222222222224, 0.011723045830722801
0.2546409284316337, 0.22222222222222224, 0.012229314501291222
0.15383661122777945, 0.22222222222222224, 0.040080175986496
0.16461758976702065, 0.22222222222222224, 0.09093447660743864
0.17128130096313623, 0.22222222222222224, 0.0018445299114880757
0.20229082499157897, 0.22222222222222224, 0.004759677000771043
0.2149296718278888, 0.22222222222222224, 0.04245551324555708
0.2385273043263755, 0.22222222222222224, 0.013526203722176762
0.16945436860335006, 0.22222222222222224, 0.12451922594044348
0.1944774163450073, 0.22222222222222224, 0.017058905161315165
0.19624645113900327, 0.22222222222222224, 0.04227816389527275
0.18837003594611068, 0.22222222222222224, 0.03438299657389316
0.14805723412877891, 0.22222222222222224, 0.015604800913802673
0.11668739744630424, 0.22222222222222224, 0.03234061339551252
0.27215822143767293, 0.22222222222222224, 0.020989715532420305
0.13418189790513846, 0.22222222222222224, 0.0008754337054290325
0.23545348889469012, 0.22222222222222224, 0.017414963074597577
0.18424505834153387, 0.22222222222222224, 0.012320557444633689
0.2525136148719331, 0.22222222222222224, 0.09819870123834828
0.23650217186298594, 0.22222222222222224, 0.0017382885078487949
0.16673414574966566, 0.22222222222222224, 0.03211813539388106
0.18785764558803536, 0.22222222222222224, 0.01863855413017897
0.13367479239029423, 0.22222222222222224, 0.014755273370798848
0.15666241160844763, 0.22222222222222224, 0.001817522867131652
0.2037906272822824, 0.22222222222222224, 0.024672664497694462
0.2554369382124885, 0.22222222222222224, 0.019387052831967812
0.2131121867875693, 0.22222222222222224, 0.010091078641864154
0.20540980484756727, 0.22222222222222224, 0.0005495997111598815
0.17595521187107793, 0.22222222222222224, 0.008093309377516397
0.2267743396324334, 0.22222222222222224, 0.03014582532946622
0.23537446698151204, 0.22222222222222224, 0.009510245334795315
0.16849320598413312, 0.22222222222222224, 0.0030134143576038257
0.24266410328934218, 0.22222222222222224, 0.0012892053260858773
0.17425612122350315, 0.22222222222222224, 0.0100758640130561
0.18865513538516426, 0.22222222222222224, 0.025992506057906963
0.17084437014958717, 0.22222222222222224, 0.011006646803551054
0.17588965518321836, 0.22222222222222224, 0.003848052546959498
0.2992895200259498, 0.22222222222222224, 0.005768861109624251
0.2272806613425913, 0.22222222222222224, 0.00203265023715242
0.12577849586835588, 0.22222222222222224, 0.01156023546945652
0.24820598744298158, 0.22222222222222224, 0.033174439041403284
0.14099053422817986, 0.22222222222222224, 0.03369902298447006
0.22115333948707344, 0.22222222222222224, 0.011220709714357962
0.22841548328144065, 0.22222222222222224, 0.0300610139457919
0.19073558145169295, 0.22222222222222224, 0.015318049981637785
0.26473467356863545, 0.22222222222222224, 0.020838581488293918
0.11849787976121079, 0.22222222222222224, 0.0048994395087120024
0.21693915104304537, 0.22222222222222224, 0.008784029928706437
0.19567133849826557, 0.22222222222222224, 0.0018456732828199187
0.27846422008153715, 0.22222222222222224, 0.006793074695275527
0.19012792920691157, 0.22222222222222224, 0.03421187984731947
0.16263777068345975, 0.22222222222222224, 0.0013418849866001412
0.2549655520118596, 0.22222222222222224, 0.00841153008784784
0.20792637856675128, 0.22222222222222224, 0.03920984864989464
0.22239658809840915, 0.22222222222222224, 0.049391752935794425
0.15972056923164835, 0.22222222222222224, 0.06634403172765481
0.16106271404441802, 0.22222222222222224, 0.0326758632189963
0.22678198726036053, 0.22222222222222224, 0.00955712698217778
0.07944990467192181, 0.22222222222222224, 0.023406540532260336
0.2527738454687565, 0.22222222222222224, 0.017800300893374425
0.16660908265917332, 0.22222222222222224, 0.08932546132754497
0.26347126733772464, 0.22222222222222224, 0.10170305893958623
0.26983238919811325, 0.22222222222222224, 0.019479173409808023
0.1520090698113193, 0.22222222222222224, 0.015944113438840835
0.18866483790295563, 0.22222222222222224, 0.02790098250981891
0.14295188135000922, 0.22222222222222224, 0.00588731189510032
0.23504480201384975, 0.22222222222222224, 0.03673037735123978
0.1384235355381859, 0.22222222222222224, 0.003121993718958533
0.21358622337249356, 0.22222222222222224, 0.05275328258525313
0.18267364130876454, 0.22222222222222224, 0.007923249788069782
0.19860718619950993, 0.22222222222222224, 0.018907277348066045
0.204238651164077, 0.22222222222222224, 0.02648722017818889
0.26260923124974456, 0.22222222222222224, 0.05500033702909553
0.1819018134468105, 0.22222222222222224, 0.01407888518271843
0.16721269182459314, 0.22222222222222224, 0.04171630452539649
0.20985030376125713, 0.22222222222222224, 0.05974061036707766
0.3084604547785804, 0.22222222222222224, 0.0008947802558746942
0.2428673897825759, 0.22222222222222224, 0.012654572172568442
0.15989101397676098, 0.22222222222222224, 0.031928605012688946
0.2477490667077709, 0.22222222222222224, 0.015693210672226395
0.22071676784023905, 0.22222222222222224, 0.03288240389964658
0.26356543401116717, 0.22222222222222224, 0.027392943601286118
0.15834069735368694, 0.22222222222222224, 0.05020848617101793
0.1893740209035054, 0.22222222222222224, 0.0068416777341080755
0.22254678537944894, 0.22222222222222224, 0.011205609648826878
0.2668207963524797, 0.22222222222222224, 0.026185992144160262
0.19928666888706806, 0.22222222222222224, 0.015654206906542303
0.1772227698426354, 0.22222222222222224, 0.0017379497419853871
0.19074852996431413, 0.22222222222222224, 0.012379221196181865
0.17009748316662193, 0.22222222222222224, 0.02505622342302363
0.24227320611105488, 0.22222222222222224, 0.018270516204942695
0.18465727554795358, 0.22222222222222224, 0.043461484794962736
0.1838923939299976, 0.22222222222222224, 0.02878396327975799
0.17850921706612705, 0.22222222222222224, 0.037145289126666085
0.21612035906771537, 0.22222222222222224, 0.01845082900516793
0.2208831477134252, 0.22222222222222224, 0.005045102555869772
0.23059525430207656, 0.22222222222222224, 0.010070498126882356
0.14976477333112453, 0.22222222222222224, 0.03920025754916793
0.29395761413207444, 0.22222222222222224, 0.012608905332675939
0.17781576576520008, 0.22222222222222224, 0.0014182497694670865
0.16693483571851403, 0.22222222222222224, 0.006118660854892256
0.22780290362577393, 0.22222222222222224, 0.0012728063523008107
0.19643321206602044, 0.22222222222222224, 0.04846343744337797
0.23181967716375856, 0.22222222222222224, 0.003147513189919554
0.19550251788170786, 0.22222222222222224, 0.012490326790958777
0.145254810640338, 0.22222222222222224, 0.01623545271811748
0.13868592963590914, 0.22222222222222224, 0.002729502450547335
0.13152109620257496, 0.22222222222222224, 0.037066102868957285
0.16829398738630927, 0.22222222222222224, 0.004192666386005154
0.1526102462059451, 0.22222222222222224, 0.0018375344783341091
0.2061994746086916, 0.22222222222222224, 0.052339779748192594
0.22346384345511972, 0.22222222222222224, 0.01519535492124501
0.2555958833680545, 0.22222222222222224, 0.002527305007347434
0.13432235911915874, 0.22222222222222224, 0.01132701071712008
0.22899610436355358, 0.22222222222222224, 0.006096541202734619
0.19740192862627617, 0.22222222222222224, 0.004548809800515925
0.23177216105105053, 0.22222222222222224, 0.020059874044871417
0.26052821571914087, 0.22222222222222224, 0.0032170231123979046
0.22635583017728184, 0.22222222222222224, 0.022512056565483194
0.14125609669822983, 0.22222222222222224, 0.040040773350989114
0.2138063499262249, 0.22222222222222224, 0.0010945483369515642
0.2404525500957544, 0.22222222222222224, 0.017847169289393852
0.23956567008622964, 0.22222222222222224, 0.013600646154926403
0.2914806384827125, 0.22222222222222224, 0.0004607552762869635
0.1560711158531438, 0.22222222222222224, 0.007241199450034244
0.23258838461497547, 0.22222222222222224, 0.008140493567208982
0.249587505869659, 0.22222222222222224, 0.0014193577336644822
0.18768541115878953, 0.22222222222222224, 0.030498431083051617
0.11470085549554919, 0.22222222222222224, 0.05197581677070675
0.13263106472367908, 0.22222222222222224, 0.018873739984552166
0.164438304140504, 0.22222222222222224, 0.04703823897968452
0.19872705476364733, 0.22222222222222224, 0.005340553311014632
0.1916491191417824, 0.22222222222222224, 0.00974020937547967
0.19206839567313477, 0.22222222222222224, 0.006362888822426611
0.22764121666546086, 0.22222222222222224, 0.011257127727240183
0.3163414669795874, 0.22222222222222224, 0.011162401070628176
0.30792559645817963, 0.22222222222222224, 0.009491459306891907
0.1970293546015452, 0.22222222222222224, 0.011544082138481666
0.18155401839162683, 0.22222222222222224, 0.02871739982011926
0.2584980969585108, 0.22222222222222224, 0.017766541259932437
0.22770708912998813, 0.22222222222222224, 0.0033645644180229574
0.19070441481157177, 0.22222222222222224, 0.004669337166490252
0.21572262080846905, 0.22222222222222224, 0.014989034397928619
0.26464988468178996, 0.22222222222222224, 0.04822017163269461
0.17595026859076798, 0.22222222222222224, 0.053293978158942726
0.12721187939661927, 0.22222222222222224, 0.006208778154884985
0.18557066865740476, 0.22222222222222224, 0.006453002222714534
0.23475453785072492, 0.22222222222222224, 0.005187238342090593
0.12950693560603896, 0.22222222222222224, 0.009644131079542694
0.17346854354082775, 0.22222222222222224, 0.011301649361183155
0.1891746362836397, 0.22222222222222224, 0.0024949518549994363
0.19612868771739903, 0.22222222222222224, 0.053968678734266765
0.18099885533945448, 0.22222222222222224, 0.0188509202505592
0.2142729601503478, 0.22222222222222224, 0.024217386629253605
0.23799878724000406, 0.22222222222222224, 0.0216631157055856
0.25009709813519654, 0.22222222222222224, 0.014715587987564907
0.22999444560844076, 0.22222222222222224, 0.009736405183107037
0.24399795229640797, 0.22222222222222224, 0.02460685704111576
0.1366025892624444, 0.22222222222222224, 0.004901357216549799
0.23646847957278247, 0.22222222222222224, 0.013178414937538616
0.2318852438440772, 0.22222222222222224, 0.10701486442119151
0.14964885332926728, 0.22222222222222224, 0.019450108530697674
0.12033573083552335, 0.22222222222222224, 0.02944990657304781
0.21374026776562355, 0.22222222222222224, 0.028030164537382708
0.22000241114975327, 0.22222222222222224, 0.011232778124991589
0.26219910486735004, 0.22222222222222224, 0.043426555849290484
0.15911116532686365, 0.22222222222222224, 0.007216913751437878
0.23910727423095796, 0.22222222222222224, 0.0016442461010849937
0.1957855254662769, 0.22222222222222224, 0.01888809562004759
0.16837609991621447, 0.22222222222222224, 0.020820369044063237
0.18905225434250927, 0.22222222222222224, 0.013944660972225438
0.11037768678361898, 0.22222222222222224, 0.03982305928307867
0.20172805422115855, 0.22222222222222224, 0.009904485069573686
0.2718727021966023, 0.22222222222222224, 0.0066859094629582
0.3026399148053295, 0.22222222222222224, 0.0063268904998056265
0.221206437372069, 0.22222222222222224, 0.026913687580009178
0.10571024744056794, 0.22222222222222224, 0.0035754333048047446
0.2052410629475113, 0.22222222222222224, 0.045983431263298645
0.17349853720914568, 0.22222222222222224, 0.003842622619942668
0.18769522549343245, 0.22222222222222224, 0.002837353174471669
0.15613611788772877, 0.22222222222222224, 0.03954301999373084
0.20381728020967887, 0.22222222222222224, 0.03392364169823263
0.18811028892066095, 0.22222222222222224, 0.0092538685884437
0.14927644968530032, 0.22222222222222224, 0.013973694605135338
0.11928790440814481, 0.22222222222222224, 0.0015636016559544095
0.2919538543155755, 0.22222222222222224, 0.0025540287605922162
0.24219360911423166, 0.22222222222222224, 0.05579700696779587
0.17234235978493317, 0.22222222222222224, 0.006528418582020526
0.1719795477056972, 0.22222222222222224, 0.012509190790386539
0.2682051457296804, 0.22222222222222224, 0.009282902429238895
0.17326425791596678, 0.22222222222222224, 0.000446165466589226
0.10094426698436568, 0.22222222222222224, 0.017714957713079956
0.207626353775818, 0.22222222222222224, 0.03538464928843015
0.1928415258990925, 0.22222222222222224, 0.013218769291523342
0.2488245949775379, 0.22222222222222224, 0.004853528748326735
0.310409542846316, 0.22222222222222224, 0.022057440849401068
0.2256513280546804, 0.22222222222222224, 0.01921269321094115
0.17250446489028948, 0.22222222222222224, 0.01605485084899065
0.17029809814099423, 0.22222222222222224, 0.04586420987881367
0.18379796301368548, 0.22222222222222224, 0.026365576279238922
0.19436320142417202, 0.22222222222222224, 0.038395821422807945
0.17298517581918837, 0.22222222222222224, 0.011266900267356845
0.24056897997463228, 0.22222222222222224, 0.014839752700844757
0.21469485328653995, 0.22222222222222224, 0.02829488120612741
0.25028992948852674, 0.22222222222222224, 0.01721851355844917
0.2504007485514566, 0.22222222222222224, 0.08612546559652229
0.28305549498035176, 0.22222222222222224, 0.02387757149991147
0.209737007097327, 0.22222222222222224, 0.012693397111092658
0.1643978182447751, 0.22222222222222224, 0.00678818520508056
0.23525982948685725, 0.22222222222222224, 0.005385191580071327
0.23036864394888268, 0.22222222222222224, 0.020309292313395115
0.18381058760279645, 0.22222222222222224, 0.06124803770926221
0.2575728511543511, 0.22222222222222224, 0.002456142870341084
0.20075623238816462, 0.22222222222222224, 0.00707956378537589
0.18077511519859832, 0.22222222222222224, 0.0036761965905454472
0.23332640201952518, 0.22222222222222224, 0.015312797029247094
0.20159960141685765, 0.22222222222222224, 0.0016662642303789162
0.13201202429260628, 0.22222222222222224, 0.0018912524416154948
0.1434772997803854, 0.22222222222222224, 0.0021070280330336972
0.2056919397032886, 0.22222222222222224, 0.10207589714139345
0.1541630462845326, 0.22222222222222224, 0.03614686210969888
0.22766730551724496, 0.22222222222222224, 0.003370890160020198
0.23416208364050822, 0.22222222222222224, 0.01719369187041662
0.2228204667210689, 0.22222222222222224, 0.04697824632173289
0.21121976432295775, 0.22222222222222224, 0.0036241543037338927
0.27258605884345377, 0.22222222222222224, 0.017882446142977702
0.13303457626576243, 0.22222222222222224, 0.05611055873718864
0.18218617083140165, 0.22222222222222224, 0.006815346139934166
0.1406421622723529, 0.22222222222222224, 0.04145581783065543
0.19974217571083971, 0.22222222222222224, 0.06264694888591196
0.31704020453427795, 0.22222222222222224, 0.010301263945812806
0.19716945718670859, 0.22222222222222224, 0.015042476846531138
0.23740768267323104, 0.22222222222222224, 0.002201552153863868
0.20808274424886047, 0.22222222222222224, 0.0005324539570078994
0.12989756168258892, 0.22222222222222224, 0.052480141749761046
0.18792724545287906, 0.22222222222222224, 0.032157376607946715
0.14275771607497012, 0.22222222222222224, 0.005324768391372564
0.11918763394825893, 0.22222222222222224, 0.027517376744332724
0.2907968629299313, 0.22222222222222224, 0.0009423492732717075
0.19749206157770122, 0.22222222222222224, 0.01123670740204226
0.11122830506032233, 0.22222222222222224, 0.00909759436981958
0.19659748946998298, 0.22222222222222224, 0.044760097633492216
0.12985829119357384, 0.22222222222222224, 0.08902989747417818
0.04406898001849957, 0.22222222222222224, 0.017063461366416757
0.26336716305572827, 0.22222222222222224, 0.03005674810553565
0.17554911993604577, 0.22222222222222224, 0.0037206060293294087
0.2716496920869293, 0.22222222222222224, 0.002703548351036775
0.22085990011339907, 0.22222222222222224, 0.015785427556463887
0.23762667121205608, 0.22222222222222224, 0.005144843804731654
0.1821198979431947, 0.22222222222222224, 0.014782816710343061
0.2117256391853036, 0.22222222222222224, 0.0031925629776992847
0.12463691464620363, 0.22222222222222224, 0.006729885213922813
0.22703664709573065, 0.22222222222222224, 0.016362909404519694
0.26202985619972324, 0.22222222222222224, 0.032407092923037714
0.265035464329275, 0.22222222222222224, 0.01637778648642581
0.24396740633307695, 0.22222222222222224, 0.013629047771171219
0.19306398141854852, 0.22222222222222224, 0.047114006227038
0.22423529041280654, 0.22222222222222224, 0.004109746821363054
0.16669866534032757, 0.22222222222222224, 0.01717158916413108
0.1223579503230262, 0.22222222222222224, 0.013727016045816014
0.1994290970904, 0.22222222222222224, 0.014305764241383603
0.12178608233892216, 0.22222222222222224, 0.005572028532557622
0.18080991792601867, 0.22222222222222224, 0.00857776081415976
0.030242606890279244, 0.22222222222222224, 0.0053142996812964105
0.16591418904611918, 0.22222222222222224, 0.003122745240888218
0.13313498369022883, 0.22222222222222224, 0.013279937953257442
0.16046940039040414, 0.22222222222222224, 0.0023734438693270507
0.18689291239442643, 0.22222222222222224, 0.0040621114318041985
0.18510915197659716, 0.22222222222222224, 0.011939873552929334
0.2038120781760191, 0.22222222222222224, 0.004390690000861314
0.1421952561002997, 0.22222222222222224, 0.013165952755359995
0.24131203086370193, 0.22222222222222224, 0.0070188092030721225
0.2725749529958814, 0.22222222222222224, 0.00015845602353293804
0.23663860712147577, 0.22222222222222224, 0.04486475900532865
0.21474858859870846, 0.22222222222222224, 0.027237475998025847
0.10651821856316135, 0.22222222222222224, 0.009943885505035563
0.08695304475000643, 0.22222222222222224, 0.012397028316031154
0.2129169236620431, 0.22222222222222224, 0.04677938990694251
0.22006066922229386, 0.22222222222222224, 0.00785709896328339
0.18655772922100025, 0.22222222222222224, 0.016952982321233056
0.1979691824064041, 0.22222222222222224, 0.020338880287160153
0.19336316519282562, 0.22222222222222224, 0.012100194790875247
0.1922116229566529, 0.22222222222222224, 0.02740344885847842
0.08238717363057585, 0.22222222222222224, 0.02425829919534784
0.19250378855703473, 0.22222222222222224, 0.04819206726375274
0.17693046290822945, 0.22222222222222224, 0.01323840102442502
0.1970122192090019, 0.22222222222222224, 0.0006105198136777236
0.14072728098744164, 0.22222222222222224, 0.017375841765012102
0.17818113534971372, 0.22222222222222224, 0.04195443385896106
0.20580416215221845, 0.22222222222222224, 0.019562296410046028
0.252645562632737, 0.22222222222222224, 0.025627325626298332
0.13882581176532244, 0.22222222222222224, 0.0676220378233802
0.22027566477886423, 0.22222222222222224, 0.014799639747613228
0.15880707730435406, 0.22222222222222224, 0.02857256981003424
0.09430333241138816, 0.22222222222222224, 0.013023129486684656
0.3040936367897499, 0.22222222222222224, 0.07165218615113426
0.18419379393582103, 0.22222222222222224, 0.02522146851441084
0.19135255604509635, 0.22222222222222224, 0.006078590057804317
0.08989296097149446, 0.22222222222222224, 0.002516562719525299
0.25228139306905945, 0.22222222222222224, 0.06440121074160528
0.1687650823648138, 0.22222222222222224, 0.010616932107584676
0.10372679602339382, 0.22222222222222224, 0.023233768751845702
0.2832105101428904, 0.22222222222222224, 0.015490024515784606
0.2317627928308999, 0.22222222222222224, 0.012271602482393744
0.24598688908586416, 0.22222222222222224, 0.0726868557222676
0.23118966328045654, 0.22222222222222224, 0.009213488697913063
0.18851113691756693, 0.22222222222222224, 0.007119714473406605
0.2250192087404793, 0.22222222222222224, 0.0027423855863638984
0.28954576137892996, 0.22222222222222224, 0.022920465384573235
0.23294643014702437, 0.22222222222222224, 0.029352504654540652
0.20280658567478094, 0.22222222222222224, 0.007949798716412904
0.21805045756640495, 0.22222222222222224, 0.012744057960967631
0.21374644786273805, 0.22222222222222224, 0.03714066688650753
0.1491147070128399, 0.22222222222222224, 0.024720050863842408
0.16585245809255666, 0.22222222222222224, 0.049805902986590565
0.23588907834317926, 0.22222222222222224, 0.03902268709788348
0.18727561155282407, 0.22222222222222224, 0.0035233955403805263
0.19315811055730678, 0.22222222222222224, 0.01214339994615758
0.1731566856878729, 0.22222222222222224, 0.07126021249353931
0.15633584228327885, 0.22222222222222224, 0.0025932696461648513
0.23047570410867638, 0.22222222222222224, 0.0012064030773500192
0.22832855273340566, 0.22222222222222224, 0.015920496037414984
0.23323637824215163, 0.22222222222222224, 0.023626543148437488
0.12317014141124526, 0.22222222222222224, 0.05859883738594663
0.27440668289265596, 0.22222222222222224, 0.005810357027799133
0.23349506130286632, 0.22222222222222224, 0.017195593409402115
0.20710726558443737, 0.22222222222222224, 0.0006242431228314397
0.19446427278227268, 0.22222222222222224, 0.005983295847364915
0.2033569218849484, 0.22222222222222224, 0.05138828949291693
0.20230894591379756, 0.22222222222222224, 0.01231392407270714
0.10879030081957214, 0.22222222222222224, 0.013587566202209243
0.24916846175505789, 0.22222222222222224, 0.0532709043739871
0.20895839977306396, 0.22222222222222224, 0.013984227648750486
0.13415437774775535, 0.22222222222222224, 0.003223119794266784
0.065220704162893, 0.22222222222222224, 0.006703492192294584
0.11876959019302843, 0.22222222222222224, 0.0005828885442371268
0.15108318029279066, 0.22222222222222224, 0.1163242590319232
0.2239726420678843, 0.22222222222222224, 0.02911954523182529
0.1169947670331206, 0.22222222222222224, 0.0021277978469717716
0.1728594987605217, 0.22222222222222224, 0.003621150796716644
0.0783585215643689, 0.22222222222222224, 0.019194784364059463
0.2403081244806901, 0.22222222222222224, 0.027725497392934628
0.1526176785317126, 0.22222222222222224, 0.06262508615870205
0.20166184970630396, 0.22222222222222224, 0.044385130404333575
0.16553015065490073, 0.22222222222222224, 0.027273429063906986
0.18531198053986764, 0.22222222222222224, 0.010609125796616527
0.08545867452233968, 0.22222222222222224, 0.004494203786967171
0.2787430129099542, 0.22222222222222224, 0.004841483701811598
0.22287218917923865, 0.22222222222222224, 0.0026047049200302753
0.16251055185920416, 0.22222222222222224, 0.033013159952204885
0.218141176375816, 0.22222222222222224, 0.011679914126731104
0.13922303577185527, 0.22222222222222224, 0.011959097475425548
0.19467418059634622, 0.22222222222222224, 0.02093456224399289
0.2013119501255053, 0.22222222222222224, 0.02538248542059855
0.17960947782129988, 0.22222222222222224, 0.016189697302745724
0.1730951438497748, 0.22222222222222224, 0.023369995993195333
0.18547266321795378, 0.22222222222222224, 0.05077299651725515
0.2332826736360355, 0.22222222222222224, 0.0027201534745883446
0.08941659974387686, 0.22222222222222224, 0.006039296387089991
0.22220693779482242, 0.22222222222222224, 0.05115498831533383
0.14501314498136247, 0.22222222222222224, 0.11968985952718848
0.19075857847155664, 0.22222222222222224, 0.004749910199771892
0.23915727551917393, 0.22222222222222224, 0.04874868132293077
0.2302754952216573, 0.22222222222222224, 0.010929402392735038
0.18118989056856433, 0.22222222222222224, 0.04063439978992175
0.253181300901106, 0.22222222222222224, 0.0037065804686113035
0.20362888216118535, 0.22222222222222224, 0.014908390455639176
0.16765329039778698, 0.22222222222222224, 0.043599108082291234
0.20072426491715986, 0.22222222222222224, 0.01603689924348391
0.16128983674992098, 0.22222222222222224, 0.004351326632954613
0.23711078533939747, 0.22222222222222224, 0.007794136218754622
0.2530846420467055, 0.22222222222222224, 0.013563658014801716
0.19842591007355953, 0.22222222222222224, 0.004403457785396924
0.18233389641748918, 0.22222222222222224, 0.039106510384446305
0.2045242810263518, 0.22222222222222224, 0.0022989422410966765
0.21564933387875526, 0.22222222222222224, 0.015944090978406336
0.0609314313074619, 0.22222222222222224, 0.005763551518588968
0.1462483777867494, 0.22222222222222224, 0.0018117190647482049
0.31257485418937037, 0.22222222222222224, 0.011838111239698884
0.13183376646232442, 0.22222222222222224, 0.040822264672498366
0.30311758648870757, 0.22222222222222224, 0.01736201966787228
0.26666160088542545, 0.22222222222222224, 0.027766248238824152
0.1761787468534137, 0.22222222222222224, 0.0245444337850217
0.16527198879009597, 0.22222222222222224, 0.00535485749465839
0.1377204766756658, 0.22222222222222224, 0.005312105132793884
0.05957630483230206, 0.22222222222222224, 0.009055878256639425
0.23530816682121342, 0.22222222222222224, 0.01398782795466562
0.10612846259466789, 0.22222222222222224, 0.006889359542419391
0.2578187290594132, 0.22222222222222224, 0.0013063990221582984
0.16180921559098507, 0.22222222222222224, 0.018022682290712296
0.33888212225069314, 0.22222222222222224, 0.019383544865014948
0.17917301756298065, 0.22222222222222224, 0.09446283576321746
0.18839808362125635, 0.22222222222222224, 0.028423132498399464
0.27655779534270886, 0.22222222222222224, 0.0627597261948141
0.23374850497269029, 0.22222222222222224, 0.0018525047717746202
0.22390657184556712, 0.22222222222222224, 0.031140272958948417
0.08267300594673317, 0.22222222222222224, 0.031418653365258516
0.33960690083392053, 0.22222222222222224, 0.008226129657752265
0.19243158033154859, 0.22222222222222224, 0.02390118486431127
0.19526787756903474, 0.22222222222222224, 0.009553286688313371
0.22464724482664483, 0.22222222222222224, 0.016503700379210624
0.23796228285890553, 0.22222222222222224, 0.01453252395416944
0.19409325181174536, 0.22222222222222224, 0.033314770269104545
0.33790054199367237, 0.22222222222222224, 0.044370291091598936
0.1894632869821356, 0.22222222222222224, 0.09921420335194164
0.15716980958612398, 0.22222222222222224, 0.0013499429578997136
0.23828349784275102, 0.22222222222222224, 0.0014389096542919099
0.19835097627155243, 0.22222222222222224, 0.020159285559747303
0.16436813381966214, 0.22222222222222224, 0.008233162226407032
0.2406490658484891, 0.22222222222222224, 0.01796423331117404
0.18009011264900285, 0.22222222222222224, 0.019269123306715694
0.13427925238111826, 0.22222222222222224, 0.0058943271398194655
0.20056635831747485, 0.22222222222222224, 0.016490974518788733
0.2012693907853891, 0.22222222222222224, 0.020515767119939597
0.2244868652547978, 0.22222222222222224, 0.016525816256475652
0.2379703578839125, 0.22222222222222224, 0.010662832993170177
0.2831685238439314, 0.22222222222222224, 0.01061164330191761
0.11312329420752217, 0.22222222222222224, 0.009566760139955154
0.2320509480893889, 0.22222222222222224, 0.004245449839150054
0.22946266610805477, 0.22222222222222224, 0.019605151182783987
0.19046127742049007, 0.22222222222222224, 0.0008840554568236228
0.14889786728924304, 0.22222222222222224, 0.04410610326372187
0.1318163403097447, 0.22222222222222224, 0.021382925102886148
0.0751119346672293, 0.22222222222222224, 0.08944490862373011
0.09317880425711718, 0.22222222222222224, 0.0143456336485372
0.22222788691401096, 0.22222222222222224, 0.004568478520602696
0.1650841508905976, 0.22222222222222224, 0.004450318136343098
0.1428204535206295, 0.22222222222222224, 0.008963453253260653
0.193727399404303, 0.22222222222222224, 0.03601038247474952
0.11544690154215388, 0.22222222222222224, 0.011524769721976868
0.14636581690734018, 0.22222222222222224, 0.052826237044047236
0.16140254653873304, 0.22222222222222224, 0.020515201355679382
0.2114608791337509, 0.22222222222222224, 0.011921383630541965
0.18050458578748538, 0.22222222222222224, 0.03633452442329571
0.23308674053243847, 0.22222222222222224, 0.005276053692409066
0.16083678431870813, 0.22222222222222224, 0.0021205731556808815
0.1825987932989152, 0.22222222222222224, 0.006872251553746761
0.1882406671187748, 0.22222222222222224, 0.025605686873434626
0.12743028945729007, 0.22222222222222224, 0.040587616197418054
0.18532815981256204, 0.22222222222222224, 0.009574032823086854
0.25293628964294645, 0.22222222222222224, 0.006968480731655733
0.26358993851169493, 0.22222222222222224, 0.026963204304523553
0.1905026566845671, 0.22222222222222224, 0.005922801772750655
0.26231248968985504, 0.22222222222222224, 0.044577655073246784
0.18898046907430224, 0.22222222222222224, 0.04937143430152811
0.27857956435023523, 0.22222222222222224, 0.018820195778953934
0.19358297139483935, 0.22222222222222224, 0.009986081739838002
0.23860512704177006, 0.22222222222222224, 0.0025348041770593276
0.14748688273764396, 0.22222222222222224, 0.0015229985021952878
0.21481112763302196, 0.22222222222222224, 0.006678639836454229
0.2170167830002032, 0.22222222222222224, 0.01413498813407538
0.260322966886911, 0.22222222222222224, 0.02914426652844118
0.1249048330990041, 0.22222222222222224, 0.005280999030644726
0.1914483188303725, 0.22222222222222224, 0.012889825006574311
0.10395263142430176, 0.22222222222222224, 0.0064339642637412505
0.24363692065290882, 0.22222222222222224, 0.006020831347206036
0.28160085896415954, 0.22222222222222224, 0.0046335011429042595
0.16193193924104574, 0.22222222222222224, 0.016751696279990517
0.24414525050421437, 0.22222222222222224, 0.0024411903518045614
0.18422284176665765, 0.22222222222222224, 0.043051685947144196
0.17074415524305883, 0.22222222222222224, 0.06946378200132997
0.22857274760868562, 0.22222222222222224, 0.034112277107243585
0.23044487524114193, 0.22222222222222224, 0.0023020098511286682
0.1686702316083775, 0.22222222222222224, 0.0063901355224510945
0.200091871009123, 0.22222222222222224, 0.07688400151138272
0.1907042923666713, 0.22222222222222224, 0.04057072677255632
0.21498696206351553, 0.22222222222222224, 0.010387803620419623
0.23925050003171597, 0.22222222222222224, 0.09363933630625267
0.2267259798867366, 0.22222222222222224, 0.12276131450364504
0.1597538812538075, 0.22222222222222224, 0.056152227683974223
0.11818104579160843, 0.22222222222222224, 0.02054082366081534
0.19790023925027364, 0.22222222222222224, 0.010381605632779208
0.2075407157534411, 0.22222222222222224, 0.0377883639896251
0.14670702809721342, 0.22222222222222224, 0.024880664528092646
0.19490108141664816, 0.22222222222222224, 0.046630925658094784
0.21939507284215465, 0.22222222222222224, 0.034406954708424295
0.18555861011294647, 0.22222222222222224, 6.32411741048594e-05
0.23610998528800617, 0.22222222222222224, 0.02186716314820501
0.17338395972428322, 0.22222222222222224, 0.02396435353057808
0.11706488411494717, 0.22222222222222224, 0.0359811746865636
0.24387681699802288, 0.22222222222222224, 0.008238615099886604
0.24539236103246914, 0.22222222222222224, 0.024749528529190615
0.2292165128327029, 0.22222222222222224, 0.019135102222834863
0.1994279409076945, 0.22222222222222224, 0.0037545425959325932
0.14022842318562775, 0.22222222222222224, 0.05931911078484957
0.20402072658099513, 0.22222222222222224, 0.007168448931291516
0.198502442521434, 0.22222222222222224, 0.026016781188770786
0.19538634890011466, 0.22222222222222224, 0.0011699660695443513
0.2484151383160951, 0.22222222222222224, 0.08585086840264272
0.1968008455422234, 0.22222222222222224, 0.009565567140468875
0.22507181993235384, 0.22222222222222224, 0.011408212643115803
0.17110091059040433, 0.22222222222222224, 0.032085164637032114
0.23459554695668666, 0.22222222222222224, 0.0025431539824457418
0.20149336280907387, 0.22222222222222224, 0.05283651071057609
0.12976786159060494, 0.22222222222222224, 0.001605389280568414
0.17171894179164904, 0.22222222222222224, 0.0606804436864395
0.24308594046364268, 0.22222222222222224, 0.0155782555306674
0.19456708252439928, 0.22222222222222224, 0.012111747672320044
0.24839877164788873, 0.22222222222222224, 0.013653174522978147
0.14564641323881247, 0.22222222222222224, 0.023819561836872248
0.1564959296912782, 0.22222222222222224, 0.007622113451576472
0.18713680324532078, 0.22222222222222224, 0.02386783644054642
0.07405996289953617, 0.22222222222222224, 0.01250900471707093
0.1712889331672788, 0.22222222222222224, 0.009737642080166743
0.20882055114823717, 0.22222222222222224, 0.03321574921801791
0.2042373838127248, 0.22222222222222224, 0.012525517219864887
0.2036520928706228, 0.22222222222222224, 0.020979288715802045
0.3019503819646854, 0.22222222222222224, 0.038102510304843004
0.236002000300411, 0.22222222222222224, 0.020380327125129393
0.2561897798577939, 0.22222222222222224, 0.012724047120110613
0.19172322136419243, 0.22222222222222224, 0.010199656641415561
0.13397449701713648, 0.22222222222222224, 0.018948658186183884
0.18570258092071987, 0.22222222222222224, 0.006137102083355089
0.2346646067607187, 0.22222222222222224, 0.0065324666754153745
0.24291682999315334, 0.22222222222222224, 0.00417055478868236
0.18240583786473147, 0.22222222222222224, 0.010167513406955025
0.2579629205136768, 0.22222222222222224, 0.03223236566408249
0.17354745046555406, 0.22222222222222224, 0.0060477987650134225
0.1603938770087753, 0.22222222222222224, 0.0204291172061028
0.22154915327442504, 0.22222222222222224, 0.011738627683337078
0.1924281060555922, 0.22222222222222224, 0.006119821135895531
0.19500226410723326, 0.22222222222222224, 0.004108991756706954
0.19227007759842424, 0.22222222222222224, 0.12128795049983952
0.17131272540622583, 0.22222222222222224, 0.009699494024492402
0.1977666029946599, 0.22222222222222224, 0.02347173779288901
0.1947294476817666, 0.22222222222222224, 0.008851213689194814
0.23128834983096372, 0.22222222222222224, 0.030636374850324735
0.3238365422844712, 0.22222222222222224, 0.0017155267754212214
0.13812509135578915, 0.22222222222222224, 0.0010095621111652546
0.2051598199205396, 0.22222222222222224, 0.016118589130116365
0.20721288114962771, 0.22222222222222224, 0.03155109784129007
0.19218598482462373, 0.22222222222222224, 0.03401937675513729
0.20384877065485688, 0.22222222222222224, 0.05749772788510226
0.252532452338414, 0.22222222222222224, 0.08700335005130334
0.19523849967952883, 0.22222222222222224, 0.01693763238039407
0.23661986480183667, 0.22222222222222224, 0.028723919011991582
0.19431302150528054, 0.22222222222222224, 0.007217086809320943
0.17375545780023607, 0.22222222222222224, 0.00984384090105728
0.17809582084716258, 0.22222222222222224, 0.049710531421609416
0.2882061972908713, 0.22222222222222224, 0.0018386971384576412
0.1829416133436814, 0.22222222222222224, 0.01712228388768417
0.23673339672092253, 0.22222222222222224, 0.027411403220064152
0.20377438045035987, 0.22222222222222224, 0.01201694808567466
0.3471585998948714, 0.22222222222222224, 0.02919965001398866
0.23724685067647608, 0.22222222222222224, 0.0015170178354743094
0.18615761238310724, 0.22222222222222224, 0.0006980012272302604
0.21424780233828766, 0.22222222222222224, 0.02567157333885349
0.20587630018465528, 0.22222222222222224, 0.009171019290948075
0.2379513121997069, 0.22222222222222224, 0.02272562454346806
0.21031584991770394, 0.22222222222222224, 0.0018895119811638084
0.19249319299498838, 0.22222222222222224, 0.02848814433020442
0.29201567423779495, 0.22222222222222224, 0.004386428862276486
0.171235626276523, 0.22222222222222224, 0.006276938164743614
0.2610502996838038, 0.22222222222222224, 0.009863466864766267
0.22327254640865443, 0.22222222222222224, 0.0066170110849187915
0.2369993358761096, 0.22222222222222224, 0.016208381561030678
0.2149377388063147, 0.22222222222222224, 0.054218987797083604
0.284442162474788, 0.22222222222222224, 0.0018937637662236942
0.1942862303130894, 0.22222222222222224, 0.027655738620355273
0.17598912762920504, 0.22222222222222224, 0.00956601098394884
0.26423302970566787, 0.22222222222222224, 0.006335960255365881
0.18385963276466957, 0.22222222222222224, 0.012803190274383088
0.09873880988871911, 0.22222222222222224, 0.059071275669255394
0.2509946782452362, 0.22222222222222224, 0.003324572538784294
0.19962114974594614, 0.22222222222222224, 0.02954081636065393
0.27947005867628294, 0.22222222222222224, 0.01653318669909074
0.2186006147608564, 0.22222222222222224, 0.005570213672675184
0.18481049083262732, 0.22222222222222224, 0.010511308516282094
0.2218810982109233, 0.22222222222222224, 0.04676684478592417
0.21526506465928888, 0.22222222222222224, 0.004309773487721874
0.20617415392545999, 0.22222222222222224, 0.008884746234274673
0.1850486547671724, 0.22222222222222224, 0.007576387526086288
0.14998321753857524, 0.22222222222222224, 0.050659459824902324
0.23952416071298294, 0.22222222222222224, 0.011412376976933302
0.13053610909127883, 0.22222222222222224, 0.008904662710096458
0.253859481806064, 0.22222222222222224, 0.0038972583595943576
0.16777967003055808, 0.22222222222222224, 0.0021822373795299765
0.1780039976759046, 0.22222222222222224, 0.008610688683121927
0.15222290809802627, 0.22222222222222224, 0.03603191077513636
0.12053948788598007, 0.22222222222222224, 0.0601492227177318
0.1744248930936099, 0.22222222222222224, 0.0067684387589042674
0.1593550795696129, 0.22222222222222224, 0.0021452559122146332
0.24561866764395224, 0.22222222222222224, 0.05430875347378971
0.32034088053187587, 0.22222222222222224, 0.009897761193699452
0.18416430235837952, 0.22222222222222224, 0.0063425249815301865
0.23630619655372534, 0.22222222222222224, 5.0091674973012275e-05
0.2135583039112541, 0.22222222222222224, 0.005069409703667552
0.245909187469602, 0.22222222222222224, 0.03242015293366223
0.18657815750202084, 0.22222222222222224, 0.05510706037495452
0.12077859457143907, 0.22222222222222224, 0.01854078573505156
0.183549857044353, 0.22222222222222224, 0.003066141339410923
0.2855394397735409, 0.22222222222222224, 0.015279025218943358
0.2165803104413942, 0.22222222222222224, 0.07790910308360323
0.33317696762204385, 0.22222222222222224, 0.013351028069165792
0.17423188479292864, 0.22222222222222224, 0.012720874723788677
0.20029212758207096, 0.22222222222222224, 0.027733909240538646
0.18730093021657349, 0.22222222222222224, 0.055073393863096703
0.2010601487759508, 0.22222222222222224, 0.012597667170899158
0.22046949926917137, 0.22222222222222224, 0.04363222186926136
0.23588203201582433, 0.22222222222222224, 0.043745055726138106
0.25464591971911, 0.22222222222222224, 0.005925194891978156
0.20538737370883145, 0.22222222222222224, 0.0025982177378302586
0.2111416219941889, 0.22222222222222224, 0.0025918592092002506
0.22085086358923062, 0.22222222222222224, 0.01757893508319464
0.1397010359651592, 0.22222222222222224, 0.04591060270680709
0.13676397986394068, 0.22222222222222224, 0.0023571434373225934
0.12774512567468088, 0.22222222222222224, 0.051217060143610396
0.1756739617662486, 0.22222222222222224, 0.009527793458486021
0.148670185776446, 0.22222222222222224, 0.01023866231241317
0.24802784797339233, 0.22222222222222224, 0.010147468377370416
0.13501693328146414, 0.22222222222222224, 0.0928391082232132
0.2584597569563936, 0.22222222222222224, 0.0059378458193506045
0.23126715231066317, 0.22222222222222224, 0.014489076237812287
0.27860831627836413, 0.22222222222222224, 0.013314014565790845
0.3040832485819836, 0.22222222222222224, 0.018451551390592964
0.18014249074155037, 0.22222222222222224, 0.001967560193179029
0.1442512758314642, 0.22222222222222224, 0.013342816576188922
0.3219570330261956, 0.22222222222222224, 0.007609049378003741
0.21025233868732243, 0.22222222222222224, 0.043055221863275935
0.2045160189115042, 0.22222222222222224, 0.08747530757573735
0.24799048580823016, 0.22222222222222224, 0.06475231577043024
0.18536237638546393, 0.22222222222222224, 0.1442742639792088
0.21290616566961243, 0.22222222222222224, 0.005880333700559812
0.26106497058628564, 0.22222222222222224, 0.02042045991456132
0.21447076095720397, 0.22222222222222224, 0.017530283142910528
0.2358275300425294, 0.22222222222222224, 0.03851621263795184
0.23355295252908687, 0.22222222222222224, 0.04231655457851245
0.22492437332618598, 0.22222222222222224, 0.007525431616753542
0.32075847369189164, 0.22222222222222224, 0.04276645282363111
0.21454153500738524, 0.22222222222222224, 0.0031518190165200372
0.08044829173264201, 0.22222222222222224, 0.013671125056180688
0.21097521976172307, 0.22222222222222224, 0.005190259513873646
0.20431508636309542, 0.22222222222222224, 0.045945144640129325
0.2039024631863178, 0.22222222222222224, 0.06442143146615083
0.131667379871706, 0.22222222222222224, 0.03624465255487309
0.16057114801257544, 0.22222222222222224, 0.013419845957838492
0.15760215124344465, 0.22222222222222224, 0.04543916276536756
0.1436542302279346, 0.22222222222222224, 0.022944235521836723
0.07427717325728228, 0.22222222222222224, 0.005141804059577807
0.20506644500932059, 0.22222222222222224, 0.005489101376365067
0.30429732190355563, 0.22222222222222224, 0.07269772069766584
0.2554499713994115, 0.22222222222222224, 0.040554060230426
0.16456718554554794, 0.22222222222222224, 0.00688441902666837
0.18208505529630126, 0.22222222222222224, 0.0088400600931593
0.23877123330706554, 0.22222222222222224, 0.029110481555238345
0.15993278760719823, 0.22222222222222224, 0.020756623696835088
0.19477089021427568, 0.22222222222222224, 0.04090103099835829
0.19797416804842666, 0.22222222222222224, 0.020780686042710335
0.16359720176526485, 0.22222222222222224, 0.0018148832533758708
0.2749201561930451, 0.22222222222222224, 0.00663933762614417
0.1793218559880601, 0.22222222222222224, 0.03861955010096753
0.3045324959444679, 0.22222222222222224, 0.04893895840579976
0.17962209293621603, 0.22222222222222224, 0.023989356120949084
0.16108965485353316, 0.22222222222222224, 0.011735425532879285
0.13980545196538452, 0.22222222222222224, 0.04112437340737277
0.26007222488945325, 0.22222222222222224, 0.001745760705697802
0.18740421841205562, 0.22222222222222224, 0.06639892283620864
0.11386806425420731, 0.22222222222222224, 0.04649730707054742
0.28494651404468885, 0.22222222222222224, 0.016622033766629095
0.22154214904415714, 0.22222222222222224, 0.03610720487495633
0.09773917225453442, 0.22222222222222224, 0.039361823793612805
0.17292259593035092, 0.22222222222222224, 0.02296536889232786
0.24167030187675814, 0.22222222222222224, 0.011607592928187797
0.15950604388903789, 0.22222222222222224, 0.007592735610300126
0.13816916293243406, 0.22222222222222224, 0.014282806497300585
0.3151346200915415, 0.22222222222222224, 0.00839562950204851
0.14520708801093418, 0.22222222222222224, 0.05820893543017369
0.18016321658245465, 0.22222222222222224, 0.046625104776132555
0.14714814946991667, 0.22222222222222224, 0.0030907856111860024
0.18983947648868021, 0.22222222222222224, 0.0023239316501000302
0.17079216398674166, 0.22222222222222224, 0.019709582083225315
0.22902381529827953, 0.22222222222222224, 0.012830647706822634
0.25200186463159974, 0.22222222222222224, 0.031554225253166125
0.15908818555192691, 0.22222222222222224, 0.0067305707793605144
0.23866519302288744, 0.22222222222222224, 0.0021406024309993422
0.15174534998802736, 0.22222222222222224, 0.011900459378019798
0.2262641347367323, 0.22222222222222224, 0.016076368856269313
0.17183533683668825, 0.22222222222222224, 0.07188080764383271
0.2584085990711166, 0.22222222222222224, 0.04584353685261214
0.24287455949537892, 0.22222222222222224, 0.005047242749672766
0.1749908495947209, 0.22222222222222224, 0.0227225886627581
0.2768397169153236, 0.22222222222222224, 0.0052294289432856045
0.15325636558128003, 0.22222222222222224, 0.008272097085189847
0.1945573572497563, 0.22222222222222224, 0.0008912785566848486
0.25412090865571096, 0.22222222222222224, 0.01156014002092588
0.1837292695004774, 0.22222222222222224, 0.015413046454330826
0.21344159460695378, 0.22222222222222224, 0.013568441270419621
0.14659630494967663, 0.22222222222222224, 0.016535451666658884
0.15176315003259525, 0.22222222222222224, 0.10191982019765375
0.3077640461075136, 0.22222222222222224, 0.010403039091253835
0.18444710277978, 0.22222222222222224, 0.03601352193404184
0.20958233951778188, 0.22222222222222224, 0.009400684310936663
0.1495162637319013, 0.22222222222222224, 0.013019876762470411
0.3247462889670177, 0.22222222222222224, 0.02805761405997084
0.27351526514572744, 0.22222222222222224, 0.006261177547854518
0.26098847309997936, 0.22222222222222224, 0.017302543855857014
0.166758826443884, 0.22222222222222224, 0.018152637898700346
0.23621685540126763, 0.22222222222222224, 0.021768289149333996
0.22626767791133198, 0.22222222222222224, 0.004230804088056209
0.1932825123657742, 0.22222222222222224, 0.02636266893789944
0.17495591705264743, 0.22222222222222224, 0.04423972848056997
0.2669352132895566, 0.22222222222222224, 0.023594202723699796
0.11418930312327635, 0.22222222222222224, 0.015081528756631202
0.13626437856964552, 0.22222222222222224, 0.0026576599127437167
0.28534992262845377, 0.22222222222222224, 0.0320498766555746
0.12244570732433391, 0.22222222222222224, 0.002496125591575197
0.14532532192954659, 0.22222222222222224, 0.004641197010868567
0.1766657453666567, 0.22222222222222224, 0.006423367515697526
0.20595224382684796, 0.22222222222222224, 0.039501470708523466
0.16783575966168562, 0.22222222222222224, 0.015365301191687336
0.12122936919265843, 0.22222222222222224, 0.017818584803260495
0.2244566116140747, 0.22222222222222224, 0.024800652124604153
0.15215986583881522, 0.22222222222222224, 0.005463769349464475
0.2620830584314934, 0.22222222222222224, 0.00343499129304091
0.16131102946088077, 0.22222222222222224, 0.012351445573862505
0.19514137549501256, 0.22222222222222224, 0.0061641515217468815
0.19255947837473397, 0.22222222222222224, 0.029564211340892377
0.24216747180395035, 0.22222222222222224, 0.07729709031842229
0.1879225467199387, 0.22222222222222224, 0.05528755523286649
0.20592769968321423, 0.22222222222222224, 0.0042929766744133875
0.2321182664867063, 0.22222222222222224, 0.01819854307029163
0.07231154414138394, 0.22222222222222224, 0.13047229127567045
0.1561110644769128, 0.22222222222222224, 0.005149265716499033
0.1715194628921941, 0.22222222222222224, 0.0017215144263258578
0.16015789306556072, 0.22222222222222224, 0.0033795697354671852
0.19166775464368624, 0.22222222222222224, 0.002687792029968548
0.24520921605866358, 0.22222222222222224, 0.0348479404200545
0.15979728952130498, 0.22222222222222224, 0.0266985448516698
0.09220972737165965, 0.22222222222222224, 0.01731296914739049
0.21938468814324952, 0.22222222222222224, 0.0072985036431304565
0.10408980494682736, 0.22222222222222224, 0.0015217387139639122
0.18588091544660026, 0.22222222222222224, 0.017733612368641873
0.19872206322678074, 0.22222222222222224, 0.0017972618429380391
0.23029274664443075, 0.22222222222222224, 0.029378981625915505
0.22063419856955496, 0.22222222222222224, 0.023855371587084957
0.17432366072383157, 0.22222222222222224, 0.010316198835698995
0.1648490239718154, 0.22222222222222224, 0.007835423861245234
0.17080877630789282, 0.22222222222222224, 0.21395502514571643
0.2655996280272366, 0.22222222222222224, 0.03942083509807786
0.23502007273725792, 0.22222222222222224, 0.01253468336971979
0.10234017525938954, 0.22222222222222224, 0.003507972438320973
0.16591522189598062, 0.22222222222222224, 0.05814981464416208
0.19519809604918534, 0.22222222222222224, 0.006996296318018296
0.1997034562651923, 0.22222222222222224, 0.040943022925029895
0.16965739835175483, 0.22222222222222224, 0.0012737675075755691
0.2048715236459277, 0.22222222222222224, 0.0045519314182701845
0.1348007332631363, 0.22222222222222224, 0.0017864233103893675
0.15037083736962173, 0.22222222222222224, 0.004115076913843257
0.22479666936596202, 0.22222222222222224, 0.017604981578027014
0.12774253875820074, 0.22222222222222224, 0.02544466610861175
0.13357181256897965, 0.22222222222222224, 0.006040284252614593
0.16727188502593815, 0.22222222222222224, 0.019787972413828674
0.07757946047352873, 0.22222222222222224, 0.006414465230598624
0.2062161345653947, 0.22222222222222224, 0.044924896555693886
0.13955542037384722, 0.22222222222222224, 0.04129535536977005
0.1984210065832721, 0.22222222222222224, 0.05579174770365034
0.19271089318439233, 0.22222222222222224, 0.0021691602653583822
0.14798701724460642, 0.22222222222222224, 0.009090419927450475
0.2367109379464701, 0.22222222222222224, 0.007801759540227884
0.2596305514592832, 0.22222222222222224, 0.013204962967624821
0.22094204069773898, 0.22222222222222224, 0.0021280484797459144
0.27208240471297096, 0.22222222222222224, 0.01751505086429695
0.1339297014502795, 0.22222222222222224, 0.00022031313464377942
0.21262399770209706, 0.22222222222222224, 0.09594123478308415
0.24693420448510037, 0.22222222222222224, 0.013263013525847533
0.14189795581241638, 0.22222222222222224, 0.01716898208634434
0.20701782013337938, 0.22222222222222224, 0.012598536579264187
0.18023437149585259, 0.22222222222222224, 0.015499143814845974
0.14443252732356548, 0.22222222222222224, 0.011132240751687944
0.1891581287072448, 0.22222222222222224, 0.031780836079483246
0.18931137929342723, 0.22222222222222224, 0.0037507634292001284
0.2203753415344327, 0.22222222222222224, 0.05302117782813246
0.19880590076205154, 0.22222222222222224, 0.00348993443320462
0.14061183519241216, 0.22222222222222224, 0.02113671530009541
0.24570914166139946, 0.22222222222222224, 0.06443137816413563
0.16080472148544794, 0.22222222222222224, 0.01261510355360793
0.19441827072761034, 0.22222222222222224, 0.03061222749003916
0.14664455707972396, 0.22222222222222224, 0.029998737288832386
0.17481896851229164, 0.22222222222222224, 0.007584973590752543
0.09681564072381932, 0.22222222222222224, 0.01332182747147015
0.20975176321752353, 0.22222222222222224, 0.008905965117356045
0.23205032930670283, 0.22222222222222224, 0.009717788413806883
0.12289421773397155, 0.22222222222222224, 0.0062575223440177715
0.2046140664889888, 0.22222222222222224, 0.0022607465734915872
0.19622879951031472, 0.22222222222222224, 0.011834676286664741
0.2762362601916725, 0.22222222222222224, 0.005545718243275157
0.2358180604800053, 0.22222222222222224, 0.05534330874140684
0.21723919704138703, 0.22222222222222224, 0.019609692735865922
0.2004997472160643, 0.22222222222222224, 0.053358855393967085
0.1571278470241288, 0.22222222222222224, 0.047743796166674915
0.23466456090901616, 0.22222222222222224, 0.006462024035557779
0.15005203471827144, 0.22222222222222224, 0.04816610211613335
0.22305126882923318, 0.22222222222222224, 0.044997299857056805
0.23152333881588144, 0.22222222222222224, 0.03771714228352742
0.19327251556199837, 0.22222222222222224, 0.0022269227007673657
0.09543422650332536, 0.22222222222222224, 0.013709858518310553
0.20207251821878913, 0.22222222222222224, 0.009816812046910246
0.3124476173484127, 0.22222222222222224, 0.00976032597955197
0.2575346780840639, 0.22222222222222224, 0.017496010051802978
0.21414257963942931, 0.22222222222222224, 0.06111282599929324
0.22466543296618227, 0.22222222222222224, 0.03734670178051094
0.16806542556401866, 0.22222222222222224, 0.05713152646202254
0.1725535567972447, 0.22222222222222224, 0.043694287609754544
0.15572359207739195, 0.22222222222222224, 0.008302938707357042
0.2494792533620988, 0.22222222222222224, 0.01776011104224291
0.21961525503506593, 0.22222222222222224, 0.00506814589846698
0.25146890187951065, 0.22222222222222224, 0.012356989395113075
0.18451528309887755, 0.22222222222222224, 0.0216248447278014
0.2984631140161635, 0.22222222222222224, 0.02156751482413525
0.24541113080575433, 0.22222222222222224, 0.005416282902327038
0.15127061418131868, 0.22222222222222224, 0.00820542668884462
0.17887945577125888, 0.22222222222222224, 0.031055130310465476
0.1769604661057411, 0.22222222222222224, 0.0063861021244207535
0.15327259961291922, 0.22222222222222224, 0.082394427195999
0.24835220520251733, 0.22222222222222224, 0.005538022606286409
0.13349791444380385, 0.22222222222222224, 0.0008202955701982795
0.1575801926640959, 0.22222222222222224, 0.003908147444334916
0.27081793124622355, 0.22222222222222224, 0.028683864303100333
0.16115827096775778, 0.22222222222222224, 0.053400313781695456
0.2284211294900909, 0.22222222222222224, 0.02087743154743383
0.14148555764603146, 0.22222222222222224, 0.018467805851681344
0.3065794971977685, 0.22222222222222224, 0.008857665493885133
0.21834274244395557, 0.22222222222222224, 0.011841912161591516
0.22304295762926454, 0.22222222222222224, 0.0033350350638391263
0.23596913784978402, 0.22222222222222224, 0.005903447968079124
0.26571114950227637, 0.22222222222222224, 0.026374985457409312
0.20062850305510316, 0.22222222222222224, 0.0007099179433538788
0.23323951020040248, 0.22222222222222224, 0.04325275907498833
0.1882041992647146, 0.22222222222222224, 0.0032804581927941834
0.3071604882035545, 0.22222222222222224, 0.006293953389252626
0.21426552082110853, 0.22222222222222224, 0.008775148755337019
0.16277390218574855, 0.22222222222222224, 0.03112694372362092
0.2712522183928565, 0.22222222222222224, 0.012946819630857174
0.1800585943618473, 0.22222222222222224, 0.02718876195523516
0.18168308623113982, 0.22222222222222224, 0.0067042236281855665
0.2272577784937007, 0.22222222222222224, 0.04231665271680519
0.17171861171537045, 0.22222222222222224, 0.06348227832515083
0.16071816670937522, 0.22222222222222224, 0.09506308459643606
0.20898980512454027, 0.22222222222222224, 0.0066873554458641805
0.24842882776232633, 0.22222222222222224, 0.0022139356329911163
0.21274710014240678, 0.22222222222222224, 0.018906771759381692
0.197661229455182, 0.22222222222222224, 0.0026529958433071927
0.22220905623988063, 0.22222222222222224, 0.019799185407596138
0.17886033598288048, 0.22222222222222224, 0.0209970422536537
0.12961758417304772, 0.22222222222222224, 0.008215812696074003
0.18343892031447862, 0.22222222222222224, 0.022889202877685966
0.2388144332074724, 0.22222222222222224, 0.056650227312483266
0.26054055926444203, 0.22222222222222224, 0.022133409420297873
0.23608490172727592, 0.22222222222222224, 0.00261060835714424
0.20586238844255886, 0.22222222222222224, 0.0177089644294118
0.1618225894904047, 0.22222222222222224, 0.04372494856298972
0.18343205551623826, 0.22222222222222224, 0.08787872084594968
0.1721760428216424, 0.22222222222222224, 0.015587687780053544
0.18265212177394954, 0.22222222222222224, 0.008751039236475716
0.22646789320772495, 0.22222222222222224, 0.04936044719445836
0.12798724448089754, 0.22222222222222224, 0.048948604313957346
0.27576452921557343, 0.22222222222222224, 0.02241652322603653
0.21220089847196244, 0.22222222222222224, 0.008832341086642057
0.18437995290899398, 0.22222222222222224, 0.044708969474749206
0.18520029818976652, 0.22222222222222224, 0.011569538888618081
0.17514026601163568, 0.22222222222222224, 0.01972643186757456
0.24489224770148518, 0.22222222222222224, 0.00015195832421038082
0.11370135728851859, 0.22222222222222224, 0.029670291335532332
0.20841234702002875, 0.22222222222222224, 0.041561306151430236
0.13842380551286776, 0.22222222222222224, 0.0035396225938747073
0.327520853544787, 0.22222222222222224, 0.003699547458198448
0.2542795219976466, 0.22222222222222224, 0.030850849849208578
0.18005279906462146, 0.22222222222222224, 0.09818387951293842
0.302237796403118, 0.22222222222222224, 0.007978033589471809
0.2586854370140809, 0.22222222222222224, 0.015175499708977408
0.1806134299408119, 0.22222222222222224, 0.004960174817378577
0.16221994860283284, 0.22222222222222224, 0.003095384445781953
0.1506014184697621, 0.22222222222222224, 0.0553006808237391
0.2488484711157168, 0.22222222222222224, 0.02673023028793856
0.23314981660594813, 0.22222222222222224, 0.005040914260486199
0.2716016440168917, 0.22222222222222224, 0.003267122038176835
0.16635698328311835, 0.22222222222222224, 0.02836822075507337
0.2271306770053493, 0.22222222222222224, 0.015836372422682765
0.27366967371858186, 0.22222222222222224, 0.1031667672724402
0.19371053795195814, 0.22222222222222224, 0.010610946674318772
0.1978902924452143, 0.22222222222222224, 0.03672506235368214
0.21470899943177177, 0.22222222222222224, 0.022688124635966304
0.1848456697503789, 0.22222222222222224, 0.024867754413321945
0.24321708740291356, 0.22222222222222224, 0.013002073298778258
0.20886832371809502, 0.22222222222222224, 0.0004674333852733724
0.1675815196850308, 0.22222222222222224, 0.002193145788401092
0.19801043616177655, 0.22222222222222224, 0.015442988861996177
0.17050601512558866, 0.22222222222222224, 0.01234557369801987
0.20240413837760304, 0.22222222222222224, 0.005491613915648284
0.23342320997100066, 0.22222222222222224, 0.004027225353377989
0.18044445781918855, 0.22222222222222224, 0.04067595342923876
0.15346155149845286, 0.22222222222222224, 0.002940298321350862
0.24012845849425857, 0.22222222222222224, 0.011524251543712413
0.2334524012959891, 0.22222222222222224, 0.025272124683573947
0.29093016365766755, 0.22222222222222224, 0.02661118055456263
0.16257662003857015, 0.22222222222222224, 0.028922803067780223
0.11503875872249966, 0.22222222222222224, 0.03514263347194245
0.19008072113140387, 0.22222222222222224, 0.008823957675407312
0.1011840375159089, 0.22222222222222224, 0.014662026037352085
0.1736805562576587, 0.22222222222222224, 0.017427768708477214
0.22385488289121908, 0.22222222222222224, 0.04070721639659878
0.1566186055724577, 0.22222222222222224, 0.06883445678846851
0.19941146659936196, 0.22222222222222224, 0.011155028208746583
0.18840851144437243, 0.22222222222222224, 0.007591503336990954
0.2466167830778886, 0.22222222222222224, 0.00019328659223267637
0.178695199056507, 0.22222222222222224, 0.0019438646626327367
0.1904824676015096, 0.22222222222222224, 0.11337453865009535
0.21949126319169987, 0.22222222222222224, 0.09453119526119057
0.19551393198227685, 0.22222222222222224, 0.0025197172334647105
0.23448444869601326, 0.22222222222222224, 0.00404935015434782
0.28631691810659754, 0.22222222222222224, 0.0014239676742331736
0.17989866494319226, 0.22222222222222224, 0.024592481470297807
0.15709328032236114, 0.22222222222222224, 0.05178830573641504
0.1715814630625231, 0.22222222222222224, 0.022200149949829866
0.15772565086247245, 0.22222222222222224, 0.030214464387926087
0.2524915644265239, 0.22222222222222224, 0.0017034371265196265
0.2224050842953686, 0.22222222222222224, 0.020360459757083605
0.25880549903184596, 0.22222222222222224, 0.0507706881179194
0.15562348863498926, 0.22222222222222224, 0.18722631463163952
0.21664488267801002, 0.22222222222222224, 0.07591912669137778
0.14827964244283331, 0.22222222222222224, 0.07899682361270942
0.23247754504294468, 0.22222222222222224, 0.014181835698857257
0.21532225009133435, 0.22222222222222224, 0.05081102711485821
0.2510119862106478, 0.22222222222222224, 0.03693656903801525
0.13542714455858643, 0.22222222222222224, 0.05100409341057064
0.199966599334538, 0.22222222222222224, 0.008189517819758874
0.24724332605239696, 0.22222222222222224, 0.10238000406946132
0.21383424978980203, 0.22222222222222224, 0.03207116917088703
0.14974541488381612, 0.22222222222222224, 0.015234363376455536
0.25411994326699144, 0.22222222222222224, 0.01039194481363722
0.17580018772767655, 0.22222222222222224, 0.03690093015157914
0.18451001483103316, 0.22222222222222224, 0.0009182405882697026
0.1319048083688647, 0.22222222222222224, 0.05218717911061285
0.21696030074268474, 0.22222222222222224, 0.038815401919999444
0.12366576446091285, 0.22222222222222224, 0.0034623803755060895
0.14716680436557875, 0.22222222222222224, 0.019520664820229162
0.1408099634660992, 0.22222222222222224, 0.0018289646738135629
0.19029594487626172, 0.22222222222222224, 0.020886868086739254
0.16854364313947165, 0.22222222222222224, 0.03626030681094455
0.2314831806656686, 0.22222222222222224, 0.10410610322097873
0.32640060275402827, 0.22222222222222224, 0.009670018851369694
0.16307125715331267, 0.22222222222222224, 0.1384527045482502
0.09368137519750847, 0.22222222222222224, 0.016022689158851876
0.1618479061873938, 0.22222222222222224, 0.012949020909444428
0.2108629424225852, 0.22222222222222224, 0.011572717637037901
0.1905103175336548, 0.22222222222222224, 0.007701809050808341
0.25188908987525543, 0.22222222222222224, 0.1406885074706826
0.18463762558644148, 0.22222222222222224, 0.016838984011687867
0.17932786762602568, 0.22222222222222224, 0.005368254265695058
0.307834492285185, 0.22222222222222224, 0.03868689088342493
0.23951773175993474, 0.22222222222222224, 0.01591354418426027
0.25775557309839303, 0.22222222222222224, 0.018011462269119333
0.14422361284001267, 0.22222222222222224, 0.0021882376544937786
0.2089456258686224, 0.22222222222222224, 0.002389662228459226
0.07975996066539133, 0.22222222222222224, 0.000661081261342355
0.16181730453798768, 0.22222222222222224, 0.018779121307250894
0.2085181634006227, 0.22222222222222224, 0.01269493934667732
0.1394103553673548, 0.22222222222222224, 0.010939589948907636
0.200447254764804, 0.22222222222222224, 0.01577649809170094
0.17338481258765276, 0.22222222222222224, 0.004810415141837149
0.1761174697891458, 0.22222222222222224, 0.011569667507177
0.14366719254511917, 0.22222222222222224, 0.0009432226812901755
0.22282929654029776, 0.22222222222222224, 0.018485107394269708
0.2079785119825433, 0.22222222222222224, 0.0062584766895563415
0.14677551993220234, 0.22222222222222224, 0.0067218418961554035
0.17228921967634792, 0.22222222222222224, 0.05683839323138571
0.18691798431548454, 0.22222222222222224, 0.010542904530589925
0.20837463474650503, 0.22222222222222224, 0.026486123141611924
0.27807003586991086, 0.22222222222222224, 0.010805468137339813
0.19518246632250147, 0.22222222222222224, 0.022091537801659816
0.18435504457260274, 0.22222222222222224, 0.011723791418628586
0.11431650194705968, 0.22222222222222224, 0.027950618392113987
0.11060774415054578, 0.22222222222222224, 0.010397544348602756
0.17462732873762313, 0.22222222222222224, 0.008562575953115093
0.20623874962275368, 0.22222222222222224, 0.02174246813616408
0.16058546732590767, 0.22222222222222224, 0.027679308306562192
0.2593536291757734, 0.22222222222222224, 0.011946039007851605
0.17589522111507003, 0.22222222222222224, 0.04287460874503658
0.1776856603240327, 0.22222222222222224, 0.0027677639298778495
0.19171494962935698, 0.22222222222222224, 0.018870301374789483
0.1725768937876504, 0.22222222222222224, 0.0018243568313880117
0.19475876111052184, 0.22222222222222224, 0.003966525711689851
0.18575800305544748, 0.22222222222222224, 0.027655039982688572
0.19718787457922182, 0.22222222222222224, 0.008357057457876347
0.2637303543520496, 0.22222222222222224, 0.05182898752716733
0.2501043319577433, 0.22222222222222224, 0.07116773897043785
0.27631874234695986, 0.22222222222222224, 0.007047230441170603
0.204727997672991, 0.22222222222222224, 0.0013483570542534812
0.2538192153406879, 0.22222222222222224, 0.012633958142942704
0.12648846320367635, 0.22222222222222224, 0.02389264946525552
0.15949953188802146, 0.22222222222222224, 0.014848217635483552
0.18688987391075368, 0.22222222222222224, 0.0010763277929648574
0.19729013050621907, 0.22222222222222224, 0.006005258231116111
0.1999858490944818, 0.22222222222222224, 0.010644834878596167
0.27874214145745246, 0.22222222222222224, 0.026544611893401515
0.2739338835297358, 0.22222222222222224, 0.07490601867560054
0.18654344430808067, 0.22222222222222224, 0.008558820312853984
0.2364573949464589, 0.22222222222222224, 0.014187013729834988
0.2392856588460502, 0.22222222222222224, 0.03441518110252357
0.1714456407017857, 0.22222222222222224, 0.023134533135118825
0.18418580946524915, 0.22222222222222224, 0.016044687621203087
0.15158790020221594, 0.22222222222222224, 0.002941269041358818
0.287214441947414, 0.22222222222222224, 0.0049261418410790105
0.21870300813744578, 0.22222222222222224, 0.08019116826961432
0.2083066434392058, 0.22222222222222224, 0.003394422296226174
0.265709471726659, 0.22222222222222224, 0.012382036331144384
0.19240068861679735, 0.22222222222222224, 0.0026236212826077996
0.20454289427126612, 0.22222222222222224, 0.019658260542564962
0.242552265548872, 0.22222222222222224, 0.006211502835786764
0.15202815226251862, 0.22222222222222224, 0.01933369891299354
0.27069656110076695, 0.22222222222222224, 0.005357737978771021
0.1705213018919003, 0.22222222222222224, 0.014045124823495781
0.1518171224212049, 0.22222222222222224, 0.010338612507831947
0.21862302008682694, 0.22222222222222224, 0.007286725695990535
0.15291101164077783, 0.22222222222222224, 0.01065190496896117
0.19471500484149215, 0.22222222222222224, 0.06424400728210772
0.24112507157543728, 0.22222222222222224, 0.03651838406921111
0.3032651368146157, 0.22222222222222224, 0.018058530309987844
0.1761807285581526, 0.22222222222222224, 0.015517125233561437
0.18496820670992725, 0.22222222222222224, 0.02303159015722585
0.2671624271978067, 0.22222222222222224, 0.08784711435716838
0.2095355481807174, 0.22222222222222224, 0.03497344272531567
0.21351921804155183, 0.22222222222222224, 0.04528690864526045
0.30963795746755607, 0.22222222222222224, 0.017272215208468965
0.2969641716154677, 0.22222222222222224, 0.06335705297187097
0.2580377966508111, 0.22222222222222224, 0.009296666358558622
0.18725409299216175, 0.22222222222222224, 0.011223896690222352
0.16710734487742757, 0.22222222222222224, 0.00870197187023897
0.23003789364687066, 0.22222222222222224, 0.022413256928245834
0.13556162994749887, 0.22222222222222224, 0.025040522847173098
0.13627996535398118, 0.22222222222222224, 0.048147370907612445
0.19533873882273453, 0.22222222222222224, 0.007957299402565534
0.22340016901366166, 0.22222222222222224, 0.02210996669047931
0.16875684110096567, 0.22222222222222224, 0.011562068782528771
0.3018780264248866, 0.22222222222222224, 0.015448322277444533
0.21057765382901378, 0.22222222222222224, 0.01680319338619237
0.2013326846329128, 0.22222222222222224, 0.03215765966858094
0.2714812773817372, 0.22222222222222224, 0.01974010621231673
0.23266447301996798, 0.22222222222222224, 0.010474123817733914
0.1598880380442424, 0.22222222222222224, 0.01426352834003329
0.2147271534057406, 0.22222222222222224, 0.013928795134286139
0.18654209847040554, 0.22222222222222224, 0.014843504696432004
0.20478167610735665, 0.22222222222222224, 0.0052527848305859515
0.22334736096411692, 0.22222222222222224, 0.05484993022922042
0.11293463521666192, 0.22222222222222224, 0.011623163587849226
0.16401550154381422, 0.22222222222222224, 0.0017183846430214272
0.18698059227981956, 0.22222222222222224, 0.006876076649625087
0.16643031059598742, 0.22222222222222224, 0.028753282609115565
0.20094425598212667, 0.22222222222222224, 0.009000891398498623
0.23561199400053556, 0.22222222222222224, 0.0036443592013397945
0.15284441276149094, 0.22222222222222224, 0.05080223232799276
0.302966626728538, 0.22222222222222224, 0.0035491361789799997
0.23409945914558683, 0.22222222222222224, 0.014052673894181822
0.15327901218795503, 0.22222222222222224, 0.010312540763674405
0.230021572502503, 0.22222222222222224, 0.07580012601899314
0.3372715091416507, 0.22222222222222224, 0.05287123398511369
0.21338667965666858, 0.22222222222222224, 0.008428770944618944
0.18058124285538305, 0.22222222222222224, 0.0013856299181675092
0.23902217175294874, 0.22222222222222224, 0.03834108386595658
0.16653244471489725, 0.22222222222222224, 0.007037137471505031
0.1778522894165888, 0.22222222222222224, 0.010778156110969776
0.24925749563701322, 0.22222222222222224, 0.005601485510746719
0.2411687430474171, 0.22222222222222224, 0.0007903697705962656
0.22266895779287657, 0.22222222222222224, 0.03035993156642036
0.13744201312752735, 0.22222222222222224, 0.015256591405720575
0.2152927947525861, 0.22222222222222224, 0.014298105515793524
0.15767441876151794, 0.22222222222222224, 0.009577448357472398
0.18916096159049345, 0.22222222222222224, 0.033781242436773475
0.20604163604615594, 0.22222222222222224, 0.011293999420544617
0.23033758659759307, 0.22222222222222224, 0.030655578244415484
0.241384105964554, 0.22222222222222224, 0.005821663628315668
0.17229640542004826, 0.22222222222222224, 0.018366852989489525
0.24330708936428452, 0.22222222222222224, 0.07667307817538152
0.20856228614778047, 0.22222222222222224, 0.005448875970468368
0.10689946205898193, 0.22222222222222224, 0.0530538061195865
0.22977431879042395, 0.22222222222222224, 0.005254456374728438
0.19130850528740523, 0.22222222222222224, 0.0067753618024862594
0.16273244309449048, 0.22222222222222224, 0.01148506872396726
0.15340148232123385, 0.22222222222222224, 0.017544612910271474
0.1637639139253858, 0.22222222222222224, 0.02033868673075035
0.248322472160403, 0.22222222222222224, 0.010996045378054802
0.2549833069565589, 0.22222222222222224, 0.004076400113596097
0.15829563374396619, 0.22222222222222224, 0.017378908664452755
0.13219044195691976, 0.22222222222222224, 0.005530177649373159
0.2467098343043027, 0.22222222222222224, 0.12049109205955459
0.23630119222844756, 0.22222222222222224, 0.007258889897137811
0.19055283940976422, 0.22222222222222224, 0.00486565828238726
0.2000887622084129, 0.22222222222222224, 0.0031960795546463
0.23335373819222105, 0.22222222222222224, 0.008045995378065237
0.22942775549786612, 0.22222222222222224, 0.014204845405632762
0.11959176278802627, 0.22222222222222224, 0.06305966260579883
0.23865913116343884, 0.22222222222222224, 0.027113127845871582
0.3239051443971056, 0.22222222222222224, 0.00606803220571104
0.14730105084789927, 0.22222222222222224, 0.007136100078537343
0.1488927461465389, 0.22222222222222224, 0.01804417743498813
0.21742963759991138, 0.22222222222222224, 0.04686075688648747
0.15459232625047808, 0.22222222222222224, 0.016618511787459073
0.16634947396569483, 0.22222222222222224, 0.005671070570825985
0.139143728596397, 0.22222222222222224, 2.5493773620442053e-06
0.2054500369930567, 0.22222222222222224, 0.0073417001881412045
0.2514567588215305, 0.22222222222222224, 0.017790705570746704
0.24359469799463598, 0.22222222222222224, 0.008584318010095933
0.17953386916482042, 0.22222222222222224, 0.024100163831343616
0.22923027020215925, 0.22222222222222224, 0.007090933016312026
0.13767758905792848, 0.22222222222222224, 0.012910998485255943
0.1902394528694928, 0.22222222222222224, 0.04455538456705347
0.11006320851039285, 0.22222222222222224, 0.00821084912197925
0.18098285764422037, 0.22222222222222224, 0.020148672787525346
0.14964662379891894, 0.22222222222222224, 0.01119418810623301
0.21799104825892282, 0.22222222222222224, 0.004971516210917302
0.12533643178042625, 0.22222222222222224, 0.02132393139305556
0.24250750856726203, 0.22222222222222224, 0.010974992414973257
0.12418165364563777, 0.22222222222222224, 0.01949972228112796
0.13172654870703993, 0.22222222222222224, 0.011088010902028366
0.21909606651352742, 0.22222222222222224, 0.022172278346421558
0.22183066729482118, 0.22222222222222224, 0.006071603995488815
0.234858020990221, 0.22222222222222224, 0.019581593395936625
0.18178851612951558, 0.22222222222222224, 0.034258254533043035
0.12738028116282984, 0.22222222222222224, 0.04088549622412851
0.18651634618448285, 0.22222222222222224, 0.01598776828484564
0.21166963997214197, 0.22222222222222224, 0.0184263874536451
0.2532103772463037, 0.22222222222222224, 0.07879894253869346
0.15853385564971995, 0.22222222222222224, 0.0016402929555985974
0.23954049323459686, 0.22222222222222224, 0.016074980447741073
0.1814072657060687, 0.22222222222222224, 0.002608661275276036
0.2720324207434692, 0.22222222222222224, 0.009649598679273268
0.13319217251864301, 0.22222222222222224, 0.0507067425509088
0.24852718719741715, 0.22222222222222224, 0.02236672193113047
0.25110484537133737, 0.22222222222222224, 0.0020419037842593305
0.25216233740558125, 0.22222222222222224, 0.012279523354745392
0.1923401486284351, 0.22222222222222224, 0.006026238282240181
0.14878294031486664, 0.22222222222222224, 0.032990734397582024
0.25344887974210367, 0.22222222222222224, 0.003677451870292586
0.38703013511115614, 0.22222222222222224, 0.04069341679058407
0.31508030119674013, 0.22222222222222224, 0.051471187464419914
0.15765774395200377, 0.22222222222222224, 0.008816939964998499
0.23115367252069138, 0.22222222222222224, 0.0737856488896948
0.24334489498763426, 0.22222222222222224, 0.01194429833962828
0.042255890370201526, 0.22222222222222224, 0.018016612738765814
0.2743803366889043, 0.22222222222222224, 0.009334274650622854
0.23696379256647054, 0.22222222222222224, 0.014369907962259839
0.031067609774278054, 0.22222222222222224, 0.008308979298118089
0.24005117350350755, 0.22222222222222224, 0.015468260391222417
0.23390777757739076, 0.22222222222222224, 0.07684306338658284
0.2589956904003205, 0.22222222222222224, 0.06196346894257316
0.2509770516008145, 0.22222222222222224, 0.042972208769228123
0.20513382520943352, 0.22222222222222224, 0.03233696123128777
0.2222557097433457, 0.22222222222222224, 0.010022165307691582
0.2407158094958539, 0.22222222222222224, 0.04731912558202111
0.25510042149998813, 0.22222222222222224, 0.0062114795009792
0.2130587608652215, 0.22222222222222224, 0.007443264613239161
0.1767200335570469, 0.22222222222222224, 0.012239978141064973
0.13211857906726632, 0.22222222222222224, 0.01709483912269955
0.22534349888310368, 0.22222222222222224, 0.0012013427944315923
0.24300150095241937, 0.22222222222222224, 0.019248901838473543
0.256275384937582, 0.22222222222222224, 0.022931933306332912
0.14208687179760932, 0.22222222222222224, 0.0063391669791169145
0.16162674952077802, 0.22222222222222224, 0.021054349020492826
0.18756640210398537, 0.22222222222222224, 0.10722425675451808
0.18294719873953602, 0.22222222222222224, 0.009714886829348993
0.2483836669278114, 0.22222222222222224, 0.01686710226115991
0.16385234880648306, 0.22222222222222224, 0.004595721195822005
0.20972815851296925, 0.22222222222222224, 0.002960099406235652
0.2562528819300675, 0.22222222222222224, 0.02533871799844159
0.20404512582799436, 0.22222222222222224, 0.014529657214887878
0.24674285059400075, 0.22222222222222224, 0.00648870463486789
0.2988470182090654, 0.22222222222222224, 0.022849834746469136
0.19470177674892988, 0.22222222222222224, 0.016203259319221498
0.16484416611770997, 0.22222222222222224, 0.017906076754495424
0.20224169215762103, 0.22222222222222224, 0.03942012859318007
0.13485488644946464, 0.22222222222222224, 0.01835559223008386
0.18229516675519541, 0.22222222222222224, 0.007825528942436853
0.24499582899802025, 0.22222222222222224, 0.028882147646622
0.33346375225970126, 0.22222222222222224, 0.04659004630174745
0.20955871707327448, 0.22222222222222224, 0.0025695900450610465
0.19134612999360667, 0.22222222222222224, 0.010628903121188077
0.1782672298089733, 0.22222222222222224, 0.007193870384656188
0.21130404934747454, 0.22222222222222224, 0.002732587998606894
0.1491721297534484, 0.22222222222222224, 0.01666708805666195
0.20434888229430143, 0.22222222222222224, 0.002789974967513568
0.24462431776044347, 0.22222222222222224, 0.0069558170741703925
0.2264897443590285, 0.22222222222222224, 0.0328086650674683
0.17975863327427963, 0.22222222222222224, 0.007455029763933874
0.13487956966004755, 0.22222222222222224, 0.03962209307830993
0.24235860582016788, 0.22222222222222224, 0.0027816941934506513
0.17289876067160995, 0.22222222222222224, 0.02783682569252915
0.21389972727735165, 0.22222222222222224, 0.005361502182752828
0.11395340507906898, 0.22222222222222224, 0.012555247990425808
0.2757447262123258, 0.22222222222222224, 0.008391511553806357
0.20091161887178285, 0.22222222222222224, 0.042223570605381185
0.2250704644841846, 0.22222222222222224, 0.0024039128128604506
0.18395417534903113, 0.22222222222222224, 0.0028433578668847887
0.2063716965002613, 0.22222222222222224, 0.020942025343955513
0.22393872511316498, 0.22222222222222224, 0.04564534506213064
0.2109679200889993, 0.22222222222222224, 0.026495044974217646
0.22886040882552475, 0.22222222222222224, 0.05292688080602123
0.2462091967755134, 0.22222222222222224, 0.014331382836088154
0.08263119563108011, 0.22222222222222224, 0.004485910297673422
0.20616632752727407, 0.22222222222222224, 0.028863301056246342
0.11237785231249085, 0.22222222222222224, 0.016726056720176165
0.22601380845967622, 0.22222222222222224, 0.06388883687880344
0.2794501590370957, 0.22222222222222224, 0.0153290979879926
0.2289097912950636, 0.22222222222222224, 0.052527865384932614
0.11589005703922509, 0.22222222222222224, 0.01473188964139495
0.1890859885774329, 0.22222222222222224, 0.006859280459604028
0.15058402352416425, 0.22222222222222224, 0.010629575486994194
0.16003465536823575, 0.22222222222222224, 0.0071819587203078164
0.13990297138754842, 0.22222222222222224, 0.0233117943563459
0.24998160351437304, 0.22222222222222224, 0.07497743635925966
0.14448849877654776, 0.22222222222222224, 0.005892617927728813
0.28646691441455835, 0.22222222222222224, 0.0013297577963869575
0.17358140026118737, 0.22222222222222224, 0.06142608752411966
0.2891484500859417, 0.22222222222222224, 0.014841963699209572
0.241972694951764, 0.22222222222222224, 0.010528651942413578
0.12732511009268813, 0.22222222222222224, 0.025114475169918025
0.19165651213784424, 0.22222222222222224, 0.05614625376119827
0.1543952761758851, 0.22222222222222224, 0.0517778218577243
0.17868118682187586, 0.22222222222222224, 0.0032555291403105514
0.18738394753414045, 0.22222222222222224, 0.017080396145480323
0.14448124139430954, 0.22222222222222224, 0.0642177714305791
0.24190384070181936, 0.22222222222222224, 0.029095666053175817
0.2224259539595397, 0.22222222222222224, 0.008936607693272288
0.17663652676966904, 0.22222222222222224, 0.004287533344859918
0.21928030410120253, 0.22222222222222224, 0.0215178419312346
0.07065368330702956, 0.22222222222222224, 0.01558662101051962
0.08833183673891923, 0.22222222222222224, 0.023952370947711864
0.18659952934996063, 0.22222222222222224, 0.035585729505552
0.21883756620815092, 0.22222222222222224, 0.07923098463745273
0.162608159977476, 0.22222222222222224, 0.02802846461409785
0.26568774134391887, 0.22222222222222224, 0.0008354204117439185
0.3026980445306594, 0.22222222222222224, 0.01209026528358134
0.12540646759126953, 0.22222222222222224, 0.006171926745448556
0.21558741111304405, 0.22222222222222224, 0.005555424604592371
0.22510850462927728, 0.22222222222222224, 0.023652520690700816
0.16381573248956555, 0.22222222222222224, 0.030879119986662797
0.1479777267323685, 0.22222222222222224, 0.022850331975854822
0.16565346915020215, 0.22222222222222224, 0.03071968810195056
0.1728793831559301, 0.22222222222222224, 0.06108056760434666
0.23864622388548373, 0.22222222222222224, 0.04635008910470793
0.2167521284602911, 0.22222222222222224, 0.02893717126563035
0.14878493096763198, 0.22222222222222224, 0.02047010404625382
0.2579717386006194, 0.22222222222222224, 0.01459784504493026
0.12164358316638066, 0.22222222222222224, 0.011080050279239683
0.10308609632676816, 0.22222222222222224, 0.021659357069590466
0.19683018273969352, 0.22222222222222224, 0.02393747352989019
0.15979337286121628, 0.22222222222222224, 0.0085587581189807
0.16805845204014927, 0.22222222222222224, 0.02954423423196501
0.18209463034820486, 0.22222222222222224, 0.010594867559688347
0.20653351925478383, 0.22222222222222224, 0.03431576100250656
0.13281805632425517, 0.22222222222222224, 0.013201089747442524
0.3015487605098498, 0.22222222222222224, 0.023263726090193892
0.23498569796217825, 0.22222222222222224, 0.01508631849021135
0.16909467084196358, 0.22222222222222224, 0.009885592498756016
0.21412283015678768, 0.22222222222222224, 0.00032079661768735074
0.2001280349606836, 0.22222222222222224, 0.13261909813796066
0.2550080716398084, 0.22222222222222224, 0.020646861298086176
0.19954517471561556, 0.22222222222222224, 0.03486677416198486
0.1526187682777027, 0.22222222222222224, 0.03158629410192602
0.2443965076011626, 0.22222222222222224, 0.021583447435765648
0.20435348532560793, 0.22222222222222224, 0.01657917988439923
0.18870828076558654, 0.22222222222222224, 0.10464841022618013
0.22847371537658767, 0.22222222222222224, 0.014430315674560783
0.20651702404722433, 0.22222222222222224, 0.04599157504767106
0.16404769587616325, 0.22222222222222224, 0.07508880484353739
0.15429933912101726, 0.22222222222222224, 0.0236448772579733
0.10840077193523412, 0.22222222222222224, 0.02622937593593127
0.13638311691337568, 0.22222222222222224, 0.010460537584323689
0.21600655803077154, 0.22222222222222224, 0.009960115044123665
0.15979559997218334, 0.22222222222222224, 0.019028744882836252
0.21018991582217234, 0.22222222222222224, 0.0023501013317441546
0.22993365257289297, 0.22222222222222224, 0.015416416798124107
0.14230661506117526, 0.22222222222222224, 0.018592683187370448
0.21520115870352516, 0.22222222222222224, 0.0077036232843528596
0.1718753163907958, 0.22222222222222224, 0.07027268810828023
0.19150636574987084, 0.22222222222222224, 0.015350947577226064
0.14721544318477986, 0.22222222222222224, 0.013987846017025227
0.17445671270908877, 0.22222222222222224, 0.06400882029274776
0.22853399398720547, 0.22222222222222224, 0.020397050791291296
0.16824873741769814, 0.22222222222222224, 0.0050146987614659655
0.20467743274263717, 0.22222222222222224, 0.006091597684502325
0.26841677219344406, 0.22222222222222224, 0.0008394733735261815
0.15154651786472234, 0.22222222222222224, 0.014515999295993535
0.2028456294206163, 0.22222222222222224, 0.006121350119939128
0.22556807093381778, 0.22222222222222224, 0.01340478765403219
0.23374251891105538, 0.22222222222222224, 0.023252533345574915
0.23369831385058826, 0.22222222222222224, 0.013254600983034081
0.23693064658131135, 0.22222222222222224, 0.00485348894450036
0.20308662972196534, 0.22222222222222224, 0.010290667713347334
0.041353843644447635, 0.22222222222222224, 0.0038694624735787645
0.19516417168345407, 0.22222222222222224, 0.0026549767454239264
0.20154176670440047, 0.22222222222222224, 0.0029016551707358265
0.1742253822495661, 0.22222222222222224, 0.11803690940554283
0.22572584976277832, 0.22222222222222224, 0.014588674722818518
0.235935275964627, 0.22222222222222224, 0.01274218251360964
0.17795785044336043, 0.22222222222222224, 0.018774514883218293
0.25303888470907565, 0.22222222222222224, 0.047348137513788385
0.19773501210715091, 0.22222222222222224, 0.005277620141629734
0.16628671098185105, 0.22222222222222224, 0.010124595054200053
0.27103961114339403, 0.22222222222222224, 0.02585238847084331
0.29095696088541767, 0.22222222222222224, 0.02069045083443662
0.17983024321835528, 0.22222222222222224, 0.007987604128602813
0.08867174284477025, 0.22222222222222224, 0.006945212221456756
0.158821049706205, 0.22222222222222224, 0.016483417456038842
0.1841495135292628, 0.22222222222222224, 0.021101811774097496
0.2893933725276992, 0.22222222222222224, 0.0023285758535005426
0.2122731702783029, 0.22222222222222224, 0.028414669149721374
0.21216937863483598, 0.22222222222222224, 0.001880651844409752
0.238234707024305, 0.22222222222222224, 0.04909884543881023
0.22090649397909223, 0.22222222222222224, 0.003623914877815789
0.2277476770129082, 0.22222222222222224, 0.0028774134649940356
0.21385080400706769, 0.22222222222222224, 4.5249114807945906e-05
0.2708209884606754, 0.22222222222222224, 0.026628796679928523
0.1512562488652879, 0.22222222222222224, 0.005336719611083304
0.21412530360009385, 0.22222222222222224, 0.03246742492060188
0.09805977920493376, 0.22222222222222224, 0.021178204992643595
0.24671691138588855, 0.22222222222222224, 0.05105010545267803
0.21060884391788676, 0.22222222222222224, 0.009551341233809319
0.17276226013910584, 0.22222222222222224, 0.08299370681407803
0.19023513372787657, 0.22222222222222224, 0.006441529485092435
0.18855069753783743, 0.22222222222222224, 0.017087238971723675
0.2879804917893844, 0.22222222222222224, 0.07250627378046479
0.27772914930541326, 0.22222222222222224, 0.05432936916586574
0.24121295410659954, 0.22222222222222224, 0.026022547540712513
0.2502656758121977, 0.22222222222222224, 0.00482248920876938
0.16243511160491986, 0.22222222222222224, 0.05116970462486256
0.19479872287642677, 0.22222222222222224, 0.0016876320030633706
0.2100584740957508, 0.22222222222222224, 0.005083353282626607
0.1959628386128072, 0.22222222222222224, 0.007657303751124773
0.17418748251271315, 0.22222222222222224, 0.04847021461923738
0.146595787521322, 0.22222222222222224, 0.005579875231029484
0.1531637364619712, 0.22222222222222224, 0.009000080177212539
0.17537591642788028, 0.22222222222222224, 0.011073031939111033
0.20162839777658295, 0.22222222222222224, 0.01751038226075264
0.17408846430296998, 0.22222222222222224, 0.03855680619403638
0.19275552895826836, 0.22222222222222224, 0.045676293359120386
0.22771243452721968, 0.22222222222222224, 0.03779533066824827
0.25081210793595615, 0.22222222222222224, 0.009323276386907758
0.1432066406824088, 0.22222222222222224, 0.004095318569663301
0.27431412566791635, 0.22222222222222224, 0.011227639370573148
0.1703557341966514, 0.22222222222222224, 0.02371109546109709
0.21247217919223654, 0.22222222222222224, 0.01639887166354032
0.11459833904301286, 0.22222222222222224, 0.01786220236367979
0.16533239862343826, 0.22222222222222224, 0.0016795587799425962
0.2457961499895839, 0.22222222222222224, 0.004322069443804816
0.1397354581133674, 0.22222222222222224, 0.02805864774683438
0.16565652813065146, 0.22222222222222224, 0.004026924916241151
0.26364059305981236, 0.22222222222222224, 0.013296171126471731
0.15785495098308103, 0.22222222222222224, 0.04894834501104535
0.11948509185333998, 0.22222222222222224, 0.01308290021270976
0.107817909573568, 0.22222222222222224, 0.00869465689836359
0.24868659987155195, 0.22222222222222224, 0.0014239152322463795
0.24092418322214454, 0.22222222222222224, 0.015075422954651726
0.18651270999389374, 0.22222222222222224, 0.023598800184684004
0.249451629851709, 0.22222222222222224, 0.001702590253768946
0.20109295331920657, 0.22222222222222224, 0.000559300053458314
0.24011714413963128, 0.22222222222222224, 0.016713719486330332
0.28197808968691496, 0.22222222222222224, 0.007879747649120134
0.18658712488168366, 0.22222222222222224, 0.01309852785403489
0.24524995111168618, 0.22222222222222224, 0.012816086326313496
0.13670525226989944, 0.22222222222222224, 0.005139950541873145
0.15624512178112177, 0.22222222222222224, 0.03172652028902409
0.17241475592413683, 0.22222222222222224, 0.0017884932464531601
0.22495609562853489, 0.22222222222222224, 0.0053133522418578995
0.16870269438126767, 0.22222222222222224, 0.0031940099206734947
0.2293891802839108, 0.22222222222222224, 0.008417770627986433
0.10651748474252261, 0.22222222222222224, 0.04236354894403553
0.11854919702867552, 0.22222222222222224, 0.036522327996389825
0.17171592527039883, 0.22222222222222224, 0.009462639477973135
0.1672439849578722, 0.22222222222222224, 0.005276869308046149
0.23925201360255027, 0.22222222222222224, 0.0026277157753737865
0.1862899202903766, 0.22222222222222224, 0.05606172443060556
0.18142576385647638, 0.22222222222222224, 0.059033390877002476
0.17372719948586957, 0.22222222222222224, 0.007843307422594236
0.1899952986746276, 0.22222222222222224, 0.009252349361794426
0.21312334406389682, 0.22222222222222224, 0.007809683978519325
0.23168323195214807, 0.22222222222222224, 0.025430799533767836
0.33259677186724923, 0.22222222222222224, 0.004329736434731316
0.1805264211170068, 0.22222222222222224, 0.02303539464285536
0.23428918627894402, 0.22222222222222224, 0.0777273995748284
0.18037236502788062, 0.22222222222222224, 0.018508137879176996
0.31171268876638986, 0.22222222222222224, 0.007582323227967314
0.2525401281522541, 0.22222222222222224, 0.0006206776859137579
0.15952389618586535, 0.22222222222222224, 0.0034819028122741553
0.18081941140988683, 0.22222222222222224, 0.01971592160535506
0.1670151745318167, 0.22222222222222224, 0.010673335797429757
0.12911152431528278, 0.22222222222222224, 0.005469670576041087
0.11744244678919642, 0.22222222222222224, 0.009731926199684007
0.21338316342041871, 0.22222222222222224, 0.08149554083203388
0.30356092668711654, 0.22222222222222224, 0.015770716550853235
0.23604286786958167, 0.22222222222222224, 0.011914440873487222
0.18983106756886567, 0.22222222222222224, 0.04018585369509371
0.14355960513476101, 0.22222222222222224, 0.005137056685434149
0.16238059484730027, 0.22222222222222224, 0.11809764152619028
0.19923939575389782, 0.22222222222222224, 0.020808954451701767
0.3154578874302317, 0.22222222222222224, 0.010556264100372793
0.2648051144468972, 0.22222222222222224, 0.05770611963487518
0.22247703106129946, 0.22222222222222224, 0.004496107595047782
0.32019136102449863, 0.22222222222222224, 0.01359006425664704
0.18851426677141503, 0.22222222222222224, 0.0073156015527415874
0.15257640546607404, 0.22222222222222224, 0.009858643506680143
0.19142550563946595, 0.22222222222222224, 0.009439703087387933
0.22876774551528875, 0.22222222222222224, 0.022195045752899635
0.15571914106714543, 0.22222222222222224, 0.009592540152381219
0.2382254625769205, 0.22222222222222224, 0.003896222176201693
0.20426113771454069, 0.22222222222222224, 0.02056174790944734
0.192327626868415, 0.22222222222222224, 0.02957813900740807
0.3046838390851476, 0.22222222222222224, 0.031870538732360884
0.22621632733169234, 0.22222222222222224, 0.009263084926859825
0.23787444334671554, 0.22222222222222224, 0.035986494666018096
0.13791639334815664, 0.22222222222222224, 0.010940941939035232
0.18590531922279716, 0.22222222222222224, 0.0020732734472789097
0.23347334788376023, 0.22222222222222224, 0.0010026632597865033
0.09011729138914547, 0.22222222222222224, 0.0470850260766797
0.182670513288055, 0.22222222222222224, 0.020258411015517487
0.25959216982199396, 0.22222222222222224, 0.010215078679427066
0.1833205781743787, 0.22222222222222224, 0.008353277915442828
0.25928843843404775, 0.22222222222222224, 0.03212603199089854
0.16839527926502787, 0.22222222222222224, 0.008301587498708336
0.11066267515180878, 0.22222222222222224, 0.00642174977949158
0.2702362330873165, 0.22222222222222224, 0.031309025030775345
0.22939784937897348, 0.22222222222222224, 0.013693955748622408
0.227357744949259, 0.22222222222222224, 0.010820459068220656
0.17434576068282878, 0.22222222222222224, 0.003014564758859623
0.16321904186218852, 0.22222222222222224, 0.007453819853144288
0.16872857290923957, 0.22222222222222224, 0.007795518826649366
0.2645185578364435, 0.22222222222222224, 0.01884831637259655
0.2791126838926044, 0.22222222222222224, 0.013400257135012255
0.1981650119664646, 0.22222222222222224, 0.031001748138615084
0.1928465531486768, 0.22222222222222224, 0.007305659621421226
0.1509187723503504, 0.22222222222222224, 0.04150141948463511
0.25285808455728664, 0.22222222222222224, 0.013879172190179407
0.14923861632971605, 0.22222222222222224, 0.044325834113461846
0.22930273131909387, 0.22222222222222224, 0.002439672965345261
0.19668599293410235, 0.22222222222222224, 0.00888950169544957
0.17321969317453884, 0.22222222222222224, 0.010185555445669686
0.22377520462610237, 0.22222222222222224, 0.01028423513440047
0.20270213747543644, 0.22222222222222224, 0.0036036559067981096
0.17345718224602158, 0.22222222222222224, 0.06614682964677214
0.1699834705517976, 0.22222222222222224, 0.0036665172736543763
0.10819400616711446, 0.22222222222222224, 0.0752184279667659
0.25199701584324974, 0.22222222222222224, 0.0037753558692110827
0.15277117367951856, 0.22222222222222224, 0.0005623580476364163
0.24731220019957004, 0.22222222222222224, 0.0003434872173100134
0.16994981796771239, 0.22222222222222224, 0.08132270278967423
0.2517872407071368, 0.22222222222222224, 0.02899535049878912
0.2035458530556699, 0.22222222222222224, 0.013203774826657959
0.24476209330592288, 0.22222222222222224, 0.0071675397009135005
0.25646870239969904, 0.22222222222222224, 0.01793593231957145
0.19426774135392583, 0.22222222222222224, 0.021436972435576487
0.1726913775290384, 0.22222222222222224, 0.005817274322245041
0.21678896492063865, 0.22222222222222224, 0.005943789791025252
0.20267130850751794, 0.22222222222222224, 0.01260890331474997
0.14119009320167958, 0.22222222222222224, 0.027902095245702054
0.14855326351765866, 0.22222222222222224, 0.011790666126539064
0.2719864440165707, 0.22222222222222224, 0.036229779382590414
0.13888180710097658, 0.22222222222222224, 0.06339704150182601
0.22088144007384514, 0.22222222222222224, 0.005564962146929484
0.2268418299085352, 0.22222222222222224, 0.011540024206879529
0.20871327136408835, 0.22222222222222224, 0.0010682573591602339
0.22572542385167443, 0.22222222222222224, 0.010946808450011685
0.2560349324641259, 0.22222222222222224, 0.004958722296689839
0.15398159253098262, 0.22222222222222224, 0.004499806447309718
0.15083629814550625, 0.22222222222222224, 0.00673212272058652
0.10668870759651622, 0.22222222222222224, 0.0041676190672941945
0.2591193669756777, 0.22222222222222224, 0.05544804581089517
0.2849421165340805, 0.22222222222222224, 0.007169991113652214
0.1734630383072744, 0.22222222222222224, 0.013873179764454159
0.27364567144969376, 0.22222222222222224, 0.012763919075642562
0.1302976700738545, 0.22222222222222224, 0.005164424480346972
0.16277226566306693, 0.22222222222222224, 0.058334402710537143
0.15464128017210238, 0.22222222222222224, 0.003696932152334257
0.15845676699084507, 0.22222222222222224, 0.026931932039458546
0.20452723525177438, 0.22222222222222224, 0.008696072786921256
0.2722676165986001, 0.22222222222222224, 0.023943328947162362
0.19556920859366003, 0.22222222222222224, 0.023130822268606466
0.2745655218472909, 0.22222222222222224, 0.04343203239055931
0.08591462082853084, 0.22222222222222224, 0.012701551829151024
0.15713986916758563, 0.22222222222222224, 0.017303379212560924
0.2149444326154802, 0.22222222222222224, 0.06412414217499501
0.18137628886406276, 0.22222222222222224, 0.02138618544943607
0.18503451080668032, 0.22222222222222224, 0.014953800256379246
0.16327093428449993, 0.22222222222222224, 0.002824635973250494
0.28379041823767215, 0.22222222222222224, 0.00043969756887228247
0.20243078758873406, 0.22222222222222224, 0.0037484047896605968
0.20756758520153445, 0.22222222222222224, 0.013395047072223637
0.13215998656207623, 0.22222222222222224, 0.0016569095329922075
0.16406409820889892, 0.22222222222222224, 0.004858004659227947
0.0899773311575415, 0.22222222222222224, 0.002886740898834691
0.20221280199331754, 0.22222222222222224, 0.01217649868663668
0.1465518794797737, 0.22222222222222224, 0.030106606011732505
0.18164977762890377, 0.22222222222222224, 0.03986227496472572
0.18390623419068514, 0.22222222222222224, 0.0033159408185858027
0.20257346478141752, 0.22222222222222224, 0.05084052317764601
0.18913997506136723, 0.22222222222222224, 0.014709771766356001
0.18191634189342945, 0.22222222222222224, 0.03094050231307473
0.23815777038510236, 0.22222222222222224, 0.01918367539496641
0.15085881357698558, 0.22222222222222224, 0.03559190552756277
0.16687958893430296, 0.22222222222222224, 0.08119891015963171
0.19373892627383854, 0.22222222222222224, 0.00911679346587309
0.2263944056524586, 0.22222222222222224, 0.008088074800618841
0.22588704197436227, 0.22222222222222224, 0.04256986934179286
0.14667246779714715, 0.22222222222222224, 0.015143477087870264
0.23719962617816523, 0.22222222222222224, 0.005199148733135146
0.36631952191342015, 0.22222222222222224, 0.03622319061621613
0.1885827301865666, 0.22222222222222224, 0.03603751062878154
0.27241117826041644, 0.22222222222222224, 0.03482058088131447
0.20221742812095295, 0.22222222222222224, 0.00652142307846234
0.15963058577268804, 0.22222222222222224, 0.002970501668756003
0.267947151820368, 0.22222222222222224, 0.004736531663204314
0.28873806672949215, 0.22222222222222224, 0.061948420842120766
0.23138169881477064, 0.22222222222222224, 0.004075361346600041
0.23472839907878085, 0.22222222222222224, 0.011414988008061726
0.14048454038954, 0.22222222222222224, 0.012924861178269539
0.18486069144166128, 0.22222222222222224, 0.021111128746893297
0.14417622777931471, 0.22222222222222224, 0.02318454513000825
0.11757388809700059, 0.22222222222222224, 0.010700954346977395
0.12856852749476183, 0.22222222222222224, 0.0022240844234446256
0.21027790045037845, 0.22222222222222224, 0.03327925201742528
0.3114718089633348, 0.22222222222222224, 0.023270455623872102
0.27153091312268685, 0.22222222222222224, 0.014474009923195297
0.22501555844222443, 0.22222222222222224, 0.00277528682636856
0.21571737940952262, 0.22222222222222224, 0.007575004743897759
0.15882095225393655, 0.22222222222222224, 0.006730454907298523
0.25779790270177216, 0.22222222222222224, 0.02543132742792577
0.17359650966328066, 0.22222222222222224, 0.008540039513062403
0.21338304860715238, 0.22222222222222224, 0.0037628138567140793
0.18397601706506764, 0.22222222222222224, 0.004961060975861487
0.1767153712150394, 0.22222222222222224, 0.021489848833015322
0.1720441211045165, 0.22222222222222224, 0.05993030436453205
0.23739067940295602, 0.22222222222222224, 0.001369795059014616
0.22228188856387657, 0.22222222222222224, 0.001173829263575585
0.1487635248055306, 0.22222222222222224, 0.009955850909148313
0.129674961660672, 0.22222222222222224, 0.002837989937440855
0.20043985688497373, 0.22222222222222224, 0.01863094276827318
0.21363670168377993, 0.22222222222222224, 0.016865232640365165
0.13936947198610775, 0.22222222222222224, 0.018186554956818406
0.2082223238124039, 0.22222222222222224, 0.018389741313477315
0.1710548630896533, 0.22222222222222224, 0.11679891772617945
0.2135769860560751, 0.22222222222222224, 0.01185364282105961
0.1929542778429638, 0.22222222222222224, 0.04885075568389585
0.1374490707302931, 0.22222222222222224, 0.046785272553536865
0.22701175184297953, 0.22222222222222224, 0.01945805885037961
0.1642148032913842, 0.22222222222222224, 0.011056029352145969
0.23405044349970408, 0.22222222222222224, 0.004948715412914975
0.2031674270232062, 0.22222222222222224, 0.0025737591094886253
0.2245145353160885, 0.22222222222222224, 0.019499109451472166
0.23498654204186714, 0.22222222222222224, 0.019020984715790692
0.16684339541058174, 0.22222222222222224, 0.0054897725459873425
0.2369437658561988, 0.22222222222222224, 0.03136005998541481
0.12201961401775166, 0.22222222222222224, 0.01094651714057028
0.16494568759520645, 0.22222222222222224, 0.03418525656123421
0.19054813992093758, 0.22222222222222224, 0.002915228950016868
0.1829896739886431, 0.22222222222222224, 0.00958302661090617
0.19729782517839267, 0.22222222222222224, 0.027530467605043414
0.19753490943009802, 0.22222222222222224, 0.005026379126632337
0.26253518763131584, 0.22222222222222224, 0.0035396279295467634
0.27760133088127337, 0.22222222222222224, 0.01124032839326901
0.1532382344177539, 0.22222222222222224, 0.01508199573466976
0.17257079814667764, 0.22222222222222224, 0.015938043562881855
0.29973970432366503, 0.22222222222222224, 0.019573365440795073
0.1841837927929789, 0.22222222222222224, 0.02765785974158826
0.2282434032429373, 0.22222222222222224, 0.012062076610199216
0.17260385948963874, 0.22222222222222224, 0.0043480663867882675
0.2338257211151532, 0.22222222222222224, 0.019261148886146186
0.15143267086206808, 0.22222222222222224, 0.02388876419737728
0.2062481418534331, 0.22222222222222224, 0.01085478275732914
0.14268654699214034, 0.22222222222222224, 0.011152423507022727
0.13854397376456423, 0.22222222222222224, 0.01415113107044809
0.2331177180159982, 0.22222222222222224, 0.002645242007994894
0.20017986793129858, 0.22222222222222224, 0.04784593918239014
0.2567093092005143, 0.22222222222222224, 0.009238534996212255
0.20905728987320493, 0.22222222222222224, 0.028368198027647628
0.24129032383956628, 0.22222222222222224, 0.01147081007281822
0.2314270443650205, 0.22222222222222224, 0.0033847840327052457
0.26637517785821063, 0.22222222222222224, 0.02022203082332175
0.15012980445662796, 0.22222222222222224, 0.0009842018150929268
0.17441384071170224, 0.22222222222222224, 0.011049634978428315
0.17775141925571136, 0.22222222222222224, 0.04240485061200253
0.26781476323750597, 0.22222222222222224, 0.01848619213306872
0.12999976648788458, 0.22222222222222224, 0.18623488734731347
0.23674056253864464, 0.22222222222222224, 0.007482381048239725
0.25771765064945157, 0.22222222222222224, 0.018397811817270193
0.2491309839093163, 0.22222222222222224, 0.04588676676630993
0.22222526100351914, 0.22222222222222224, 0.01748293868065006
0.1814086723080753, 0.22222222222222224, 0.009407825930711041
0.22231091510886364, 0.22222222222222224, 0.005290645616743406
0.2348634646331201, 0.22222222222222224, 0.0225966976635493
0.2653822508255417, 0.22222222222222224, 0.024731725416528325
0.20815787444972003, 0.22222222222222224, 0.006446600513411899
0.2786425146155793, 0.22222222222222224, 0.07003559810717193
0.22951989594827818, 0.22222222222222224, 0.033944005396087856
0.1985293865365915, 0.22222222222222224, 0.005876368710128991
0.1957596867372401, 0.22222222222222224, 0.0010220643359186486
0.21917080905030975, 0.22222222222222224, 0.014143245393599102
0.2621762371959815, 0.22222222222222224, 0.015422760189136112
0.17251714287382272, 0.22222222222222224, 0.027136259779690156
0.08540703032729509, 0.22222222222222224, 0.009463701124972454
0.21029570151396756, 0.22222222222222224, 0.0034472749292340436
0.2488389410741813, 0.22222222222222224, 0.01101619320396543
0.2601976144761076, 0.22222222222222224, 0.04513964380235989
0.26793419587181333, 0.22222222222222224, 0.04962793400712433
0.07957884784072128, 0.22222222222222224, 0.0036900635386882966
0.23806945516696748, 0.22222222222222224, 0.025097375136011475
0.16870986530348056, 0.22222222222222224, 0.026343381859376944
0.10443166513248021, 0.22222222222222224, 0.06889642553977983
0.1778113672850833, 0.22222222222222224, 0.0183359890875501
0.14726136344871213, 0.22222222222222224, 0.12481291072490093
0.22540535825588257, 0.22222222222222224, 0.0421174572153681
0.29892030008973774, 0.22222222222222224, 0.01177089153119147
0.2679575967938144, 0.22222222222222224, 0.0030549134420192994
0.1790145618015099, 0.22222222222222224, 0.020716313118680704
0.1108582588845263, 0.22222222222222224, 0.0241786945304827
0.20708780013375264, 0.22222222222222224, 0.06819550151172304
0.12775479378120053, 0.22222222222222224, 0.029944831308461168
0.14161071296960823, 0.22222222222222224, 0.013614627365878065
0.20785406685973135, 0.22222222222222224, 0.017178161274955667
0.2363865405259556, 0.22222222222222224, 0.0018428524751112106
0.17962480893864086, 0.22222222222222224, 0.02211263256990272
0.1765754677674668, 0.22222222222222224, 0.013141848577764698
0.18338841734938713, 0.22222222222222224, 0.021174986257551064
0.19923633410703043, 0.22222222222222224, 0.006255497649616195
0.23226257492372773, 0.22222222222222224, 0.00902819956899441
0.18804287868219502, 0.22222222222222224, 0.01329959973637347
0.2567478148420359, 0.22222222222222224, 0.003682718832064446
0.14903532649340467, 0.22222222222222224, 0.032055834859036285
0.2314725919276422, 0.22222222222222224, 0.0033652474627475226
0.11406101067693443, 0.22222222222222224, 0.007700929346727836
0.12363575330477283, 0.22222222222222224, 0.03132509647333457
0.16323510254413665, 0.22222222222222224, 0.009866359978672305
0.11107353913362672, 0.22222222222222224, 0.022345138811783807
0.2023993028897308, 0.22222222222222224, 0.020076712345733178
0.08932728946112939, 0.22222222222222224, 0.0639147358681644
0.19720627471641533, 0.22222222222222224, 0.00046755213438564306
0.1767935585112364, 0.22222222222222224, 0.00443811562888476
0.23119878104211927, 0.22222222222222224, 0.01785120605684383
0.15436884938550055, 0.22222222222222224, 0.02079247417635406
0.13071830829887732, 0.22222222222222224, 0.017984098237409995
0.10561319384234677, 0.22222222222222224, 0.007534712459578362
0.22740819096916096, 0.22222222222222224, 0.0690402565081903
0.2558721645742307, 0.22222222222222224, 0.015486487125099131
0.16746394236089074, 0.22222222222222224, 0.02779031486334811
0.24695848100841644, 0.22222222222222224, 0.03235479999899951
0.06514731434181734, 0.22222222222222224, 0.009564968659414157
0.26314083518148074, 0.22222222222222224, 1.5347305925994207e-05
0.13773559315518247, 0.22222222222222224, 0.01254566826216338
0.23784386605584978, 0.22222222222222224, 0.007891906206026157
0.21306538756697205, 0.22222222222222224, 0.010802427828232264
0.261536961931618, 0.22222222222222224, 0.06923108414973835
0.22380986570806316, 0.22222222222222224, 0.009040654168227849
0.20003174568382578, 0.22222222222222224, 0.014271316201360058
0.14552876221270367, 0.22222222222222224, 0.06749535454333218
0.16216123107152045, 0.22222222222222224, 0.04019909555298848
0.21246617081403138, 0.22222222222222224, 0.022832904105708443
0.35428791809433463, 0.22222222222222224, 0.010494934407802132
0.1604486210018357, 0.22222222222222224, 0.004158829922233941
0.20416154721322688, 0.22222222222222224, 0.005139565378203512
0.20239276351690896, 0.22222222222222224, 0.019423589553417605
0.20501243184462514, 0.22222222222222224, 0.014335880990056431
0.16762087365034561, 0.22222222222222224, 0.010811498881783923
0.3295683417179238, 0.22222222222222224, 0.0021518199086290293
0.18477229679354443, 0.22222222222222224, 0.024404819427222876
0.13163189796326907, 0.22222222222222224, 0.08946659060348329
0.22713612131676392, 0.22222222222222224, 0.037408561240910965
0.30012724392282464, 0.22222222222222224, 0.009606566951304669
0.22811954222259254, 0.22222222222222224, 0.0005516333046470998
0.21927637361885124, 0.22222222222222224, 0.023895491787106055
0.08215537055663687, 0.22222222222222224, 0.03528525091648068
0.12347047866845101, 0.22222222222222224, 0.029077831470710903
0.2046773740230842, 0.22222222222222224, 0.022596015675622427
0.18469980623416124, 0.22222222222222224, 0.09835703394145026
0.1579780886293395, 0.22222222222222224, 0.010210169999923456
0.13969435234711453, 0.22222222222222224, 0.0038757019058743695
0.1907777698582014, 0.22222222222222224, 0.013096722883241553
0.24416151723272345, 0.22222222222222224, 0.0030751512920255603
0.19666698422592174, 0.22222222222222224, 0.024686228422118272
0.1490860867149681, 0.22222222222222224, 0.023743731212656955
0.18625892920110845, 0.22222222222222224, 0.003382997140526459
0.23981321800793337, 0.22222222222222224, 0.00448891864908751
0.1639283570542975, 0.22222222222222224, 0.0031128815585641533
0.223101515823508, 0.22222222222222224, 0.036645671512394895
0.13638364818536275, 0.22222222222222224, 0.009344351973407135
0.17977550691208616, 0.22222222222222224, 0.015331245032040626
0.17239583160058858, 0.22222222222222224, 0.010650946267763426
0.15992203067058244, 0.22222222222222224, 0.00454514300576845
0.18981459469893772, 0.22222222222222224, 0.007258596257467057
0.1485319078417636, 0.22222222222222224, 0.05293894702253316
0.23662506999541977, 0.22222222222222224, 0.0014004519081674324
0.247111965479549, 0.22222222222222224, 0.055375669131486595
0.2976023765634612, 0.22222222222222224, 0.049169497722595344
0.13771650990727757, 0.22222222222222224, 0.01736422645565322
0.19289345861939566, 0.22222222222222224, 0.015789174201000927
0.23466517620430039, 0.22222222222222224, 0.024740361678908137
0.2210707841311115, 0.22222222222222224, 0.05337650409417797
0.11810875309109731, 0.22222222222222224, 0.0058886345219099166
0.12726160434445258, 0.22222222222222224, 0.011614030294624801
0.17955799952986273, 0.22222222222222224, 0.022000523186437304
0.23835613686087015, 0.22222222222222224, 0.032156924715921915
0.23371128924702161, 0.22222222222222224, 0.014066414458165248
0.2330120095859854, 0.22222222222222224, 0.009052817844141617
0.23455937567351504, 0.22222222222222224, 0.046107063221127766
0.17961348934133248, 0.22222222222222224, 0.04104541602327561
0.1609899001745747, 0.22222222222222224, 0.011432757166037378
0.21132840610699885, 0.22222222222222224, 0.049242497290555354
0.17933159563358123, 0.22222222222222224, 0.011754430984974919
0.22746930100768895, 0.22222222222222224, 0.05071353150048313
0.14837112995648888, 0.22222222222222224, 0.01062889963252336
0.12402772317248617, 0.22222222222222224, 0.0015943812308127025
0.15040118314918974, 0.22222222222222224, 0.0008125059801842298
0.13397346932130116, 0.22222222222222224, 0.010651012179809913
0.26978882998439513, 0.22222222222222224, 0.024728732130630864
0.20372178538759003, 0.22222222222222224, 0.03413840919362005
0.23128044685868285, 0.22222222222222224, 0.0091163799054583
0.15092613829334212, 0.22222222222222224, 0.009674737318137604
0.20022109525779613, 0.22222222222222224, 0.011763569714576691
0.2178095861791018, 0.22222222222222224, 0.01280197879577347
0.1486343005519785, 0.22222222222222224, 0.05236404840627583
0.2585249680974402, 0.22222222222222224, 0.017638316386274222
0.28820665768945847, 0.22222222222222224, 0.0008702852182950871
0.2468436140324978, 0.22222222222222224, 0.029657553554444244
0.20730140028005167, 0.22222222222222224, 0.01735690142460439
0.2305634558904036, 0.22222222222222224, 0.01897137263121714
0.1523398815739447, 0.22222222222222224, 0.0035949368033922537
0.2332431438860751, 0.22222222222222224, 0.08375817460244543
0.19652953339384496, 0.22222222222222224, 0.03013681378751711
0.1837003023223163, 0.22222222222222224, 0.012984324410075288
0.2230758456580352, 0.22222222222222224, 0.020577239786075962
0.20437323052614917, 0.22222222222222224, 0.07672740958633387
0.14602396156352107, 0.22222222222222224, 0.0006234334824254318
0.22477608343696576, 0.22222222222222224, 0.002232693563318528
0.11688468527490904, 0.22222222222222224, 0.03815813475183826
0.2301615828895855, 0.22222222222222224, 0.007491453800143647
0.16583144122511778, 0.22222222222222224, 0.006745526036342211
0.2075644348949885, 0.22222222222222224, 0.019970731668550536
0.18129380866305234, 0.22222222222222224, 0.03449675439963818
0.1444688777362869, 0.22222222222222224, 0.03814021989185025
0.24177295158941617, 0.22222222222222224, 0.08146963339906056
0.18490678072299632, 0.22222222222222224, 0.03147229601985684
0.17939833455772003, 0.22222222222222224, 0.0025322623400705537
0.11357560162034165, 0.22222222222222224, 0.0016169967525315786
0.29529578567637327, 0.22222222222222224, 0.0021891540910047164
0.1685432409483823, 0.22222222222222224, 0.10601129476572639
0.15752114036747683, 0.22222222222222224, 0.02445287296425916
0.11524682253363239, 0.22222222222222224, 0.06315448008320707
0.164718977367236, 0.22222222222222224, 0.007613702610848827
0.22691044267515445, 0.22222222222222224, 0.024417044184795803
0.17227310769705734, 0.22222222222222224, 0.030965006340011585
0.2437973943171131, 0.22222222222222224, 0.005076323521335759
0.19727065723949772, 0.22222222222222224, 0.08575427128005114
0.15998715214114495, 0.22222222222222224, 0.02278056822669613
0.23403250519346244, 0.22222222222222224, 0.01883864710014733
0.2602573486438275, 0.22222222222222224, 0.002349543635874852
0.14532653249291344, 0.22222222222222224, 0.018427457395760027
0.26618197014840805, 0.22222222222222224, 0.03188090134416319
0.2896044182452715, 0.22222222222222224, 0.007996780616910868
0.27105116272099683, 0.22222222222222224, 0.019124535874013148
0.22896820250568783, 0.22222222222222224, 0.0071324642699235235
0.1754878552695628, 0.22222222222222224, 0.05123567955789269
0.16116857442496577, 0.22222222222222224, 0.027796726234159314
0.17632527589696168, 0.22222222222222224, 0.01454808175928752
0.2608271464114949, 0.22222222222222224, 0.059607057411590454
0.2056443554932596, 0.22222222222222224, 0.05270248789132206
0.1580345214099301, 0.22222222222222224, 0.019499775511793264
0.17290381181256512, 0.22222222222222224, 0.01308603580843428
0.16490634197178755, 0.22222222222222224, 0.02789462371190505
0.2042660560349713, 0.22222222222222224, 0.023077764105390582
0.2250197849164942, 0.22222222222222224, 0.06322194177926785
0.17690500120739508, 0.22222222222222224, 0.03491074921614958
0.16820114575369113, 0.22222222222222224, 0.0045516944823309315
0.15935293520386043, 0.22222222222222224, 0.025247671204501707
0.21092240314908564, 0.22222222222222224, 0.00942739811549448
0.1868039627005083, 0.22222222222222224, 0.006272869000560745
0.1831365043553472, 0.22222222222222224, 0.0184215999482272
0.2038852445279274, 0.22222222222222224, 0.04705628751243832
0.2653561609074508, 0.22222222222222224, 0.014417236867197087
0.294593984202062, 0.22222222222222224, 0.026691863750635883
0.12633098804562326, 0.22222222222222224, 0.03006345637200058
0.12193382154682714, 0.22222222222222224, 0.010611737002395195
0.14401505388923908, 0.22222222222222224, 0.02672420794170443
0.09464525630377454, 0.22222222222222224, 0.00524077804330712
0.2562042625292492, 0.22222222222222224, 0.0733221908902555
0.23091499710985186, 0.22222222222222224, 0.015235761890618885
0.19989423721968502, 0.22222222222222224, 0.04668923502431308
0.21713144432057674, 0.22222222222222224, 0.012982262360359818
0.1838253708522607, 0.22222222222222224, 0.0070465723037360945
0.19409270318115338, 0.22222222222222224, 0.028595475674615317
0.1303231940108449, 0.22222222222222224, 0.0015377038162520443
0.21965215848558267, 0.22222222222222224, 0.04392581348706677
0.23233732410477714, 0.22222222222222224, 0.0013225444601293098
0.1983751498670443, 0.22222222222222224, 0.04235197560426278
0.17997953563355845, 0.22222222222222224, 0.047910917759053935
0.19135347032515768, 0.22222222222222224, 0.0137439886070878
0.2313902709491185, 0.22222222222222224, 0.047052421817380986
0.17737611492609198, 0.22222222222222224, 0.00975981184962506
0.21674398783200033, 0.22222222222222224, 0.060685829588649175
0.217945675359625, 0.22222222222222224, 0.024612373834823755
0.19301510629811186, 0.22222222222222224, 0.09515274857069436
0.15065380418420482, 0.22222222222222224, 0.0992955496463389
0.15277343445889982, 0.22222222222222224, 0.025728270574411436
0.15440742487055983, 0.22222222222222224, 0.08890127633144923
0.2578677483663745, 0.22222222222222224, 0.030629429618154402
0.20332432963920075, 0.22222222222222224, 0.022125511074534112
0.17485265327900376, 0.22222222222222224, 0.0011924902275792864
0.26125759408142624, 0.22222222222222224, 0.0028419420875553172
0.1287480177865753, 0.22222222222222224, 0.00019144489887629475
0.24657104752703235, 0.22222222222222224, 0.02041135644768709
0.24089953374497838, 0.22222222222222224, 0.02236210111082419
0.25774282293742434, 0.22222222222222224, 0.01942260327175926
0.21957586296605783, 0.22222222222222224, 0.024136978965439117
0.21459128590430576, 0.22222222222222224, 0.06628632365616777
0.18038593660708613, 0.22222222222222224, 0.021178130885364525
0.214080378997687, 0.22222222222222224, 0.012307727066458813
0.2723459510563836, 0.22222222222222224, 0.0017388184966222954
0.17255161036374816, 0.22222222222222224, 0.05492323263996219
0.2169249091254551, 0.22222222222222224, 0.005004662500404953
0.1959197097450539, 0.22222222222222224, 0.04499687213746443
0.3156580339333273, 0.22222222222222224, 0.00640777119951546
0.151724415128041, 0.22222222222222224, 0.02704614222616957
0.08068006208884947, 0.22222222222222224, 0.011252094067566495
0.18405800503429717, 0.22222222222222224, 0.04816533185302873
0.23692443355422432, 0.22222222222222224, 0.015208168619308392
0.13924830594403667, 0.22222222222222224, 0.07288123847050847
0.09943919654888811, 0.22222222222222224, 0.008606212411579418
0.25657076826644354, 0.22222222222222224, 0.008811569422532584
0.19780341099944998, 0.22222222222222224, 0.018134698972294406
0.19313631815537982, 0.22222222222222224, 0.06312049750783773
0.19004014190840973, 0.22222222222222224, 0.01328098829264806
0.2803897333209478, 0.22222222222222224, 0.036471167123071
0.19466302276193168, 0.22222222222222224, 0.021298055523886535
0.22607468590634328, 0.22222222222222224, 0.016215731933082286
0.2044302950457294, 0.22222222222222224, 0.035468951514151345
0.22392519351757553, 0.22222222222222224, 0.02661175545512426
0.21369463700037913, 0.22222222222222224, 0.008053605698888426
0.17672192143178664, 0.22222222222222224, 0.03268691743551892
0.22838350756440648, 0.22222222222222224, 0.0033483883128278425
0.10018280999157035, 0.22222222222222224, 0.01231296778487627
0.2575051911804891, 0.22222222222222224, 0.013475136711553856
0.2392683815524352, 0.22222222222222224, 0.00011770130555371276
0.2752459088095331, 0.22222222222222224, 0.024921382607261598
0.12455890939610323, 0.22222222222222224, 0.013552355216633019
0.22278646585936548, 0.22222222222222224, 0.0019750616520594995
0.1521844934153569, 0.22222222222222224, 0.0031840041906586215
0.22011213803062984, 0.22222222222222224, 0.010261266391454374
0.1596344609344074, 0.22222222222222224, 0.023259639045331258
0.21661580444162662, 0.22222222222222224, 0.005963417579030215
0.19674925890569608, 0.22222222222222224, 0.03765160763997262
0.20386550138172368, 0.22222222222222224, 0.019454163631121787
0.14852434846859378, 0.22222222222222224, 0.01721902108651881
0.2575337564965119, 0.22222222222222224, 0.01659377576550961
0.19537834660840764, 0.22222222222222224, 0.015382160288412558
0.22922479986455685, 0.22222222222222224, 0.039911539260728865
0.23370075798366072, 0.22222222222222224, 0.008089548857244097
0.16784345697770592, 0.22222222222222224, 0.04054133434217581
0.27025555536891027, 0.22222222222222224, 0.022055299340933632
0.24037655186749657, 0.22222222222222224, 0.0032858222412879673
0.0816209748301614, 0.22222222222222224, 0.0006507939696423925
0.17376109826512265, 0.22222222222222224, 0.05627361702638261
0.06710676942756752, 0.22222222222222224, 0.010618361942464792
0.2936712386452927, 0.22222222222222224, 0.012093362949823596
0.16076209759895976, 0.22222222222222224, 0.0002230847173436045
0.1519962330310537, 0.22222222222222224, 0.01682050687883828
0.12802583057475708, 0.22222222222222224, 0.05138180457497509
0.17552723991203462, 0.22222222222222224, 0.025383552622160313
0.17424333036684922, 0.22222222222222224, 0.024094654503122495
0.25770872917711, 0.22222222222222224, 0.0029438902849729725
0.2460556476453357, 0.22222222222222224, 0.051759907706392674
0.30449494318084225, 0.22222222222222224, 0.04348566817087925
0.27284628952730605, 0.22222222222222224, 0.0013384018166353918
0.24183075115496067, 0.22222222222222224, 0.004643598512494462
0.2692021218237607, 0.22222222222222224, 0.01691679571118056
0.22181359392119648, 0.22222222222222224, 0.013007196071802125
0.184296457182526, 0.22222222222222224, 0.021640272623942646
0.24871111477416574, 0.22222222222222224, 0.011834423986554097
0.25084264579125426, 0.22222222222222224, 0.006013831218326726
0.18444366109073196, 0.22222222222222224, 0.019517319780747076
0.14500259471893842, 0.22222222222222224, 0.008167736127286508
0.26976473268130396, 0.22222222222222224, 0.0188609224472435
0.22483521127646186, 0.22222222222222224, 0.04644817419500078
0.21950627545958146, 0.22222222222222224, 0.010632076159279927
0.24903021755497878, 0.22222222222222224, 0.009701284365276215
0.17697046355980767, 0.22222222222222224, 0.008908177588646064
0.25597079029350195, 0.22222222222222224, 0.01328276099993643
0.2258007028420169, 0.22222222222222224, 0.002577493827633078
0.15879581308205035, 0.22222222222222224, 0.01055683480642666
0.23067896154025036, 0.22222222222222224, 0.005050201093484749
0.28632567703502665, 0.22222222222222224, 0.012839805254919382
0.21716395125216406, 0.22222222222222224, 0.039020931555218186
0.16858224412623138, 0.22222222222222224, 0.012710133446889213
0.16878930161302078, 0.22222222222222224, 0.024235788670968924
0.2664159797301924, 0.22222222222222224, 0.035356226661837194
0.18563371688498836, 0.22222222222222224, 0.0010986942471543186
0.20099616018742414, 0.22222222222222224, 0.012417338692273586
0.23426064586986492, 0.22222222222222224, 0.033463912764473545
0.1522810262604438, 0.22222222222222224, 0.02220681472551568
0.2639302755275832, 0.22222222222222224, 0.023229837240060298
0.17630476362372405, 0.22222222222222224, 0.015529977930391741
0.20696961927238203, 0.22222222222222224, 0.006650375035260408
0.19681846035766656, 0.22222222222222224, 0.017332997618153673
0.2867121358688934, 0.22222222222222224, 0.010253146531399032
0.20518901905978926, 0.22222222222222224, 0.019277240387889423
0.15394297397285184, 0.22222222222222224, 0.04181090930279024
0.17762780597078062, 0.22222222222222224, 0.04455837931787134
0.22609801484179953, 0.22222222222222224, 0.001870075977661064
0.19108414919048514, 0.22222222222222224, 0.01805553628625884
0.216986310613545, 0.22222222222222224, 0.012635715169824901
0.19980685288309877, 0.22222222222222224, 0.04135101384520021
0.2496163509161463, 0.22222222222222224, 0.016837525043223795
0.22687214275749112, 0.22222222222222224, 0.01137351913965525
0.18548843179454247, 0.22222222222222224, 0.025018168940608092
0.16318009928862726, 0.22222222222222224, 0.02472396488448875
0.30113264241196797, 0.22222222222222224, 0.009671779312359118
0.2445178015023662, 0.22222222222222224, 0.016601129586314642
0.18697974690204133, 0.22222222222222224, 0.009351513517012473
0.19384949967634718, 0.22222222222222224, 0.051334312324929694
0.26431723544083474, 0.22222222222222224, 0.04733451465413501
0.25493536044233167, 0.22222222222222224, 0.00895441616517025
0.13832361846360472, 0.22222222222222224, 0.03948787961559717
0.1969312527591067, 0.22222222222222224, 0.022280093602083228
0.1731366557824192, 0.22222222222222224, 0.002920480824213822
0.2724181942694142, 0.22222222222222224, 0.007074617060795512
0.2116390132330252, 0.22222222222222224, 0.007916403043472875
0.16313091800339832, 0.22222222222222224, 0.0036140597508941474
0.2986364024812872, 0.22222222222222224, 0.0032650314176900096
0.2482437279283071, 0.22222222222222224, 0.0014028544192943699
0.22358350320708142, 0.22222222222222224, 0.022246953086420242
0.0691698248190242, 0.22222222222222224, 0.04336366305368008
0.15465556906663708, 0.22222222222222224, 0.0008535470007400466
0.11289924142941032, 0.22222222222222224, 0.01236298501986684
0.14874903785888438, 0.22222222222222224, 0.034500756397586915
0.1905875399579833, 0.22222222222222224, 0.042019666774678645
0.20381801704764746, 0.22222222222222224, 0.004554622409736855
0.2903461255325313, 0.22222222222222224, 0.013351701655080822
0.1254657370382417, 0.22222222222222224, 0.03980562303942826
0.19385927532260408, 0.22222222222222224, 0.04086474062816191
0.13611400070203125, 0.22222222222222224, 0.0027921718221708192
0.19365400786166376, 0.22222222222222224, 0.0006890044654507655
0.1285867485673166, 0.22222222222222224, 0.007015448662978897
0.23222920502575112, 0.22222222222222224, 0.015270576657765515
0.2337348786039195, 0.22222222222222224, 0.03999718963616385
0.1047812342526482, 0.22222222222222224, 0.0017032852074026395
0.16692274442799784, 0.22222222222222224, 0.0008422553135987105
0.18519640395467457, 0.22222222222222224, 0.053203467089332684
0.25855573122820824, 0.22222222222222224, 0.014026177930869901
0.18686624589820994, 0.22222222222222224, 0.005518387297598212
0.1892651137048584, 0.22222222222222224, 0.014519610779636167
0.2480540233039437, 0.22222222222222224, 0.01326363738754172
0.18896556139173012, 0.22222222222222224, 0.008654782251387529
0.14067287708146897, 0.22222222222222224, 0.012817922613550933
0.1957974390487595, 0.22222222222222224, 0.025358567668001784
0.19520751648351126, 0.22222222222222224, 0.030048981504646754
0.20615461329280985, 0.22222222222222224, 0.02450787667621321
0.22734515002897973, 0.22222222222222224, 0.01454994471126747
0.1365090075986518, 0.22222222222222224, 0.04098206624440074
0.2053947693485749, 0.22222222222222224, 0.00904730996676469
0.11112478872308747, 0.22222222222222224, 0.007129905545678889
0.08947500420998199, 0.22222222222222224, 0.003856530402962842
0.21645166160526136, 0.22222222222222224, 0.03986065061838987
0.19740339487086941, 0.22222222222222224, 0.007810906057850928
0.2081544736813534, 0.22222222222222224, 0.0023477606127206446
0.06954398528631262, 0.22222222222222224, 0.014290456822535992
0.11148263589364257, 0.22222222222222224, 8.255901260586367e-05
0.13467152283422165, 0.22222222222222224, 0.004958121006184808
0.23591085379792448, 0.22222222222222224, 0.014261969643089374
0.21408239733918796, 0.22222222222222224, 0.03084789275953349
0.21957349022586442, 0.22222222222222224, 0.015393878949191935
0.20825761624157751, 0.22222222222222224, 0.04755567522420352
0.23913551779310016, 0.22222222222222224, 0.01179315477636975
0.2217066369900189, 0.22222222222222224, 0.008276303469535068
0.3063279322082113, 0.22222222222222224, 0.03631606450168996
0.24203687239609645, 0.22222222222222224, 0.001346367657290699
0.2466975555658865, 0.22222222222222224, 0.009420175434246081
0.308511364320531, 0.22222222222222224, 0.01472422204071808
0.23408878676898842, 0.22222222222222224, 0.0025589141424296547
0.21067837648568974, 0.22222222222222224, 0.0414390466793778
0.19153265205085135, 0.22222222222222224, 0.022797675896331734
0.287596137850281, 0.22222222222222224, 0.033040930257144524
0.1830360326647667, 0.22222222222222224, 0.032827415566221756
0.2200332302753498, 0.22222222222222224, 0.08358153594280499
0.17299975881000307, 0.22222222222222224, 0.011543436083631281
0.2267575162016874, 0.22222222222222224, 0.016082116440832624
0.21805449982455996, 0.22222222222222224, 0.008767084783506383
0.22922640100836203, 0.22222222222222224, 0.016115919774924402
0.189978258680051, 0.22222222222222224, 0.030965946186758193
0.2960709265923665, 0.22222222222222224, 0.006047802429420593
0.2016511844199196, 0.22222222222222224, 0.007037328409415138
0.1689381524748462, 0.22222222222222224, 0.05619242402250677
0.21262257752950703, 0.22222222222222224, 0.0182720764920131
0.19501742069467798, 0.22222222222222224, 0.04156652604061696
0.16269282751363662, 0.22222222222222224, 0.013148358480507785
0.2702117575911628, 0.22222222222222224, 0.03138563350611768
0.2660847712081401, 0.22222222222222224, 0.011789826338839966
0.21009796411339154, 0.22222222222222224, 0.00035248804914669613
0.15288431063378422, 0.22222222222222224, 0.009919389022220122
0.20356125043219736, 0.22222222222222224, 0.023451954246382335
0.1953458336027574, 0.22222222222222224, 0.002392921552755404
0.333307099282435, 0.22222222222222224, 0.07935650327031034
0.17557122074048184, 0.22222222222222224, 0.013728126681515324
0.1951666489220338, 0.22222222222222224, 0.025944064693498522
0.18669607930291635, 0.22222222222222224, 0.01205660856852862
0.17300401597048276, 0.22222222222222224, 0.16564036967134238
0.20450844488066847, 0.22222222222222224, 0.025291907908602307
0.2565325342900377, 0.22222222222222224, 0.012842292827516243
0.17046219985255676, 0.22222222222222224, 0.04250787154596237
0.17204094809824427, 0.22222222222222224, 0.010018623578044557
0.1154596720381472, 0.22222222222222224, 0.006290199249637229
0.27191782188975994, 0.22222222222222224, 0.02355779298633341
0.21189976397008084, 0.22222222222222224, 0.0025055141638205426
0.2037603178764451, 0.22222222222222224, 0.0752465869146159
0.2040343215015391, 0.22222222222222224, 0.0021830379948340477
0.30434793025012546, 0.22222222222222224, 0.026912845054175568
0.16893397136423666, 0.22222222222222224, 0.01143349100378829
0.19063746452861516, 0.22222222222222224, 0.001806937584675146
0.26892391126954746, 0.22222222222222224, 0.002528025003025304
0.21995591023500918, 0.22222222222222224, 0.019891075258043785
0.23833008428934174, 0.22222222222222224, 0.074218187835651
0.19902586034707695, 0.22222222222222224, 6.810278096634805e-05
0.09352831286920327, 0.22222222222222224, 0.031011342005092136
0.35821482970178864, 0.22222222222222224, 0.015146887250494557
0.27850029308303337, 0.22222222222222224, 0.06712407349088777
0.2732986056731955, 0.22222222222222224, 0.02510327308087331
0.1862177908281821, 0.22222222222222224, 0.006218353924601457
0.26397490925130085, 0.22222222222222224, 0.016123393160428243
0.2031239544380577, 0.22222222222222224, 0.05871000074124113
0.21604126072511787, 0.22222222222222224, 0.02263078574190334
0.2253480022783016, 0.22222222222222224, 0.016168422723729196
0.18788413443109464, 0.22222222222222224, 0.005521658553292674
0.09742721611929371, 0.22222222222222224, 0.002725256194852466
0.14866420936811592, 0.22222222222222224, 0.0006589820693723267
0.20330549729457106, 0.22222222222222224, 0.015555769360917716
0.22279650848476523, 0.22222222222222224, 0.0075792603466330695
0.22305014144004948, 0.22222222222222224, 0.04819771969073232
0.20262704508443258, 0.22222222222222224, 0.003652080109006815
0.14252007622450807, 0.22222222222222224, 0.09034383792991063
0.1570871401899534, 0.22222222222222224, 0.010277073242837394
0.16705450044271525, 0.22222222222222224, 0.007558019847191273
0.19978161520591634, 0.22222222222222224, 0.08325721820168047
0.20560951685964476, 0.22222222222222224, 0.018541641050050975
0.1710424361805178, 0.22222222222222224, 0.038431329048118995
0.2469832071811976, 0.22222222222222224, 0.0014402120983323034
0.12327984562810046, 0.22222222222222224, 0.06640984238168991
0.178313335437451, 0.22222222222222224, 0.014868827315628092
0.194338144498399, 0.22222222222222224, 0.02627477330920356
0.19338086755848838, 0.22222222222222224, 0.022455451692848686
0.1322904472241163, 0.22222222222222224, 0.046981756236110894
0.2256793587532455, 0.22222222222222224, 0.006104128269082344
0.2103936466787924, 0.22222222222222224, 0.0021850412755341914
0.20628467138721676, 0.22222222222222224, 0.05548109446310127
0.23985127421235597, 0.22222222222222224, 0.017471907354053327
0.22139009772910392, 0.22222222222222224, 0.01672628977267909
0.2492836794599001, 0.22222222222222224, 0.004590117272972884
0.2260094610512137, 0.22222222222222224, 0.10318753678564203
0.29305967908631675, 0.22222222222222224, 0.007306637368436922
0.20427571094581085, 0.22222222222222224, 0.02760817799448308
0.18154973464778476, 0.22222222222222224, 0.03985850651767141
0.13059325013880752, 0.22222222222222224, 0.003321720855957721
0.22595539781572924, 0.22222222222222224, 0.013987520929223075
0.19077714892464728, 0.22222222222222224, 0.030268271967381744
0.1261325059714259, 0.22222222222222224, 0.0006148386243082396
0.21938376674055454, 0.22222222222222224, 0.018999366786451168
0.2654740135213414, 0.22222222222222224, 0.026492588080486146
0.2160346803306428, 0.22222222222222224, 0.008937829928976827
0.302878119557906, 0.22222222222222224, 0.017052524100455983
0.26246262066412346, 0.22222222222222224, 0.021813897797568215
0.22862256615316862, 0.22222222222222224, 0.016349681115297977
0.2485700626212753, 0.22222222222222224, 0.00038147490172202607
0.15292569391696573, 0.22222222222222224, 0.020697992283932
0.2566028187544731, 0.22222222222222224, 0.014963781560018137
0.2491127976528527, 0.22222222222222224, 0.0007359162695022355
0.21549712702388374, 0.22222222222222224, 0.005041386152018683
0.18078066683768965, 0.22222222222222224, 0.07058468432471587
0.2592364539636861, 0.22222222222222224, 0.008283666395761788
0.15029518877225925, 0.22222222222222224, 0.017766307967091916
0.2022049980702251, 0.22222222222222224, 0.027026287324745355
0.27655753613822165, 0.22222222222222224, 0.023194634396912855
0.1697674395429658, 0.22222222222222224, 0.004563314290786124
0.20519963974343783, 0.22222222222222224, 0.042037550437747435
0.06543996081618664, 0.22222222222222224, 0.008808576837151446
0.12431250317491527, 0.22222222222222224, 0.00813586233678166
0.21960736149905435, 0.22222222222222224, 0.0449111086490569
0.1447344234111592, 0.22222222222222224, 0.004304065090384039
0.22463744893457263, 0.22222222222222224, 0.03871652060011616
0.23766934392427155, 0.22222222222222224, 0.01015980656339491
0.15484051757248626, 0.22222222222222224, 0.017582522469791997
0.2210553199028676, 0.22222222222222224, 0.015146614249738373
0.1928648465849773, 0.22222222222222224, 0.01487357286329543
0.21037203820394967, 0.22222222222222224, 0.005569805506788573
0.23001730017742006, 0.22222222222222224, 0.011807563263520917
0.14094671595279054, 0.22222222222222224, 0.003042319632119943
0.23169034609486766, 0.22222222222222224, 0.023513632875749996
0.1847367128442603, 0.22222222222222224, 0.017278847455283717
0.1069476373583425, 0.22222222222222224, 0.008320533738498698
0.22879395245272524, 0.22222222222222224, 0.008509038257664405
0.21011810844587575, 0.22222222222222224, 0.013814923183207485
0.13865769051471175, 0.22222222222222224, 0.009246761818163706
0.24894666144317848, 0.22222222222222224, 0.010176811701563725
0.2169610565383935, 0.22222222222222224, 0.0005668273932593563
0.29033892460184857, 0.22222222222222224, 0.00783412110430916
0.1428047892123318, 0.22222222222222224, 0.04846342436976516
0.2034064012895324, 0.22222222222222224, 0.004325137245372481
0.18311962239945934, 0.22222222222222224, 0.019846801182541333
0.1914998940225595, 0.22222222222222224, 0.004623636767965538
0.24161004850288625, 0.22222222222222224, 0.05133161042315125
0.16603069892741745, 0.22222222222222224, 0.0032720702621059318
0.18418391718773652, 0.22222222222222224, 0.028788362754082922
0.13021210395756638, 0.22222222222222224, 0.04516335776093438
0.1672756590460257, 0.22222222222222224, 0.014914604720607237
0.20904517771173045, 0.22222222222222224, 0.031199158230898645
0.12303099839284232, 0.22222222222222224, 0.01322853895697819
0.25727575806917086, 0.22222222222222224, 0.015038281452022594
0.14611114863250904, 0.22222222222222224, 0.0035723679601191182
0.21391916683829768, 0.22222222222222224, 0.04983472794456727
0.2118619758369047, 0.22222222222222224, 0.12622048434616528
0.23852451519307247, 0.22222222222222224, 0.0008967228488970326
0.2239275743996112, 0.22222222222222224, 0.00509944201731114
0.1697458544059826, 0.22222222222222224, 0.007732895437057811
0.09038642199940033, 0.22222222222222224, 0.006144912986853918
0.27265273603645346, 0.22222222222222224, 0.0002435066307343869
0.2377527974751214, 0.22222222222222224, 0.02965042994162515
0.21899240982583945, 0.22222222222222224, 0.028136885139355604
0.1816622331132251, 0.22222222222222224, 0.0502028903469732
0.19719264789785662, 0.22222222222222224, 0.022995315704019127
0.1660608072472392, 0.22222222222222224, 0.04478499489754897
0.23897165285616329, 0.22222222222222224, 0.02940939820722537
0.1523672374494156, 0.22222222222222224, 0.016395754567582792
0.2271862778366855, 0.22222222222222224, 0.01551332697632805
0.16354589707667874, 0.22222222222222224, 0.02406240444841346
0.14767086178892994, 0.22222222222222224, 0.03102609926972744
0.2842964021264577, 0.22222222222222224, 0.013303109963216143
0.18290067149218509, 0.22222222222222224, 0.008130431433546184
0.18389129270783686, 0.22222222222222224, 0.015270246631749215
0.18754878924946344, 0.22222222222222224, 0.012199239953347648
0.1942998192753786, 0.22222222222222224, 0.0006446507980643281
0.21902734059858092, 0.22222222222222224, 0.04272332850518945
0.20618191771454566, 0.22222222222222224, 0.035659858894970246
0.1965474913479737, 0.22222222222222224, 0.011882981138786712
0.20306214634667039, 0.22222222222222224, 0.017153928748443313
0.22738596000592803, 0.22222222222222224, 0.03334524237608809
0.2177621324775262, 0.22222222222222224, 0.0366029779369361
0.16767509407199188, 0.22222222222222224, 0.051877046098930325
0.22333865575524045, 0.22222222222222224, 0.0050798900471173665
0.22966607592972285, 0.22222222222222224, 0.013412489772888798
0.11288898338865949, 0.22222222222222224, 0.0333359734317818
0.10988189398974894, 0.22222222222222224, 0.030674506676494084
0.2525383715803772, 0.22222222222222224, 0.013630119639963958
0.21817549840010728, 0.22222222222222224, 0.026391331290305055
0.15025711376310952, 0.22222222222222224, 0.06787198858695631
0.14237802073932776, 0.22222222222222224, 0.03919341863482923
0.29658237162607315, 0.22222222222222224, 0.05210312999623899
0.25002482796921116, 0.22222222222222224, 0.0071326104647792005
0.16979995858338798, 0.22222222222222224, 0.032004325596700606
0.2406950154029325, 0.22222222222222224, 0.04423232836208402
0.1589465759080858, 0.22222222222222224, 0.023316893080162146
0.1824067470512854, 0.22222222222222224, 0.0054523875734884
0.18202543009341196, 0.22222222222222224, 0.026578774719586418
0.12194782543967322, 0.22222222222222224, 0.06539019400579314
0.2441885300684873, 0.22222222222222224, 0.019623386997102397
0.3116492746078944, 0.22222222222222224, 0.028729003322869415
0.17295084629352792, 0.22222222222222224, 0.023055595917196997
0.1299421050456205, 0.22222222222222224, 0.007976722914984424
0.24426355900058377, 0.22222222222222224, 0.04251003688795683
0.21757731550350576, 0.22222222222222224, 0.008131598499344117
0.16720980492425092, 0.22222222222222224, 0.0077399761978772935
0.17485945266264438, 0.22222222222222224, 0.02411715581266558
0.20861619613953203, 0.22222222222222224, 0.03527583511141037
0.2445844542096391, 0.22222222222222224, 0.021302630204830694
0.17687350219015277, 0.22222222222222224, 0.03798040837324727
0.14788168430268692, 0.22222222222222224, 0.000669595494523816
0.2668344283547765, 0.22222222222222224, 0.08115491339284607
0.2630941396821896, 0.22222222222222224, 0.02200272110944214
0.26577529267183525, 0.22222222222222224, 0.0428874877230258
0.16997853759659595, 0.22222222222222224, 0.009848025545580313
0.19421138434891122, 0.22222222222222224, 0.0916144186283285
0.17435017511957535, 0.22222222222222224, 0.060156544383479754
0.19409498193755853, 0.22222222222222224, 0.008095250477033853
0.22711948177402863, 0.22222222222222224, 0.012382766403434777
0.21485426769324348, 0.22222222222222224, 0.01945288575207083
0.16562427019646667, 0.22222222222222224, 0.04200743921008012
0.27292358230953795, 0.22222222222222224, 0.0026328931442852607
0.20264835910877377, 0.22222222222222224, 0.013081170433378185
0.20525147048241094, 0.22222222222222224, 0.014544618551913201
0.0815578950450152, 0.22222222222222224, 0.017355756413084712
0.21876831740348424, 0.22222222222222224, 0.007819563399373097
0.2286075510019293, 0.22222222222222224, 0.005310904276224316
0.16266893634559887, 0.22222222222222224, 0.08486704718177512
0.14923702466135175, 0.22222222222222224, 0.0017266815168561927
0.26438527755630825, 0.22222222222222224, 0.04150238272827669
0.27546242049546227, 0.22222222222222224, 0.0447709706137257
0.28017347098082324, 0.22222222222222224, 0.015617919011634845
0.21066071099464137, 0.22222222222222224, 0.0018477843785251985
0.18656568933323733, 0.22222222222222224, 0.008562870866860188
0.17554030134304352, 0.22222222222222224, 0.004483044523278844
0.2859441499650108, 0.22222222222222224, 0.01634708977763616
0.22352153612007103, 0.22222222222222224, 0.019756407394802358
0.22199215682795317, 0.22222222222222224, 0.039140389007142694
0.20942866610517274, 0.22222222222222224, 0.0017328312292059186
0.26021333249699397, 0.22222222222222224, 0.007477733422054908
0.19367765019645233, 0.22222222222222224, 0.006476156612277776
0.30417396082901765, 0.22222222222222224, 0.015159675868711529
0.24263425886060153, 0.22222222222222224, 0.08589923300112205
0.1610603435759144, 0.22222222222222224, 0.023695936806585435
0.1936412428126939, 0.22222222222222224, 0.012200943364444586
0.2069815324703325, 0.22222222222222224, 0.04483023946473486
0.15962894424882548, 0.22222222222222224, 0.004140466411108389
0.2217927008970447, 0.22222222222222224, 0.03793469132252505
0.17218491645854975, 0.22222222222222224, 0.01801713578660317
0.14702976105948415, 0.22222222222222224, 0.03275991619040072
0.16315500752908133, 0.22222222222222224, 0.03304490226355034
0.17449884386165743, 0.22222222222222224, 0.03671447232792797
0.16498051118046442, 0.22222222222222224, 0.042192265578286925
0.14161553941167018, 0.22222222222222224, 0.005495848979931225
0.21214195797338375, 0.22222222222222224, 0.021580484784509423
0.17152330478159772, 0.22222222222222224, 0.018483939798501985
0.2289890985530133, 0.22222222222222224, 0.008568663580157631
0.2586909432405755, 0.22222222222222224, 0.032615879405268805
0.12052920829764702, 0.22222222222222224, 0.02069597013374357
0.2539891858551113, 0.22222222222222224, 0.018086714362327092
0.1918417188775853, 0.22222222222222224, 0.015206414999791614
0.24660043942448157, 0.22222222222222224, 0.0017548661019286965
0.08400766123825804, 0.22222222222222224, 0.05006709229865687
0.16772927346722344, 0.22222222222222224, 0.014592459189312672
0.2833440435340473, 0.22222222222222224, 0.004801064686751719
0.14801437414400137, 0.22222222222222224, 0.058791943603247854
0.16357599632402564, 0.22222222222222224, 0.03347913274024372
0.25655249124522095, 0.22222222222222224, 0.012135522486421007
0.22149647293856578, 0.22222222222222224, 0.04073773505948204
0.2513582468127902, 0.22222222222222224, 0.049632167133680426
0.2522470505867072, 0.22222222222222224, 0.14225831954657941
0.2575390233747581, 0.22222222222222224, 0.005973881171521969
0.21293276752589962, 0.22222222222222224, 0.002882878202516597
0.22201643621123182, 0.22222222222222224, 0.02768876652288601
0.23944411161807072, 0.22222222222222224, 0.0031302328103961123
0.17779067456363523, 0.22222222222222224, 0.001930632497111206
0.1261966837011537, 0.22222222222222224, 0.018899585892010386
0.2417347658818997, 0.22222222222222224, 0.004209240341943018
0.14597148768226015, 0.22222222222222224, 0.0030689743383518543
0.12335133449364123, 0.22222222222222224, 0.026307756838028856
0.1321101113307268, 0.22222222222222224, 0.0022342923917192553
0.2579499845905917, 0.22222222222222224, 0.0006611246531373675
0.32133877981285197, 0.22222222222222224, 0.020529591049252192
0.22999113785528502, 0.22222222222222224, 0.006069594133297358
0.1827992511374938, 0.22222222222222224, 0.018828428254532955
0.21105438886612365, 0.22222222222222224, 0.03564464210707973
0.30311225344059667, 0.22222222222222224, 0.0025760148833316905
0.21243204461399856, 0.22222222222222224, 0.0076497335440780636
0.17763693713821924, 0.22222222222222224, 0.011424739522557037
0.15995193973786637, 0.22222222222222224, 0.002845302330659065
0.14083214948120937, 0.22222222222222224, 0.034781123620416216
0.20368699318383185, 0.22222222222222224, 0.007338864208141254
0.1413283373699064, 0.22222222222222224, 0.012425767208539452
0.13549814385511885, 0.22222222222222224, 0.010410892760877958
0.17210070645332662, 0.22222222222222224, 0.00224476620507888
0.23195034435835216, 0.22222222222222224, 0.012075149250909847
0.21065460426018442, 0.22222222222222224, 0.03871849816667484
0.1643087187678278, 0.22222222222222224, 0.003266861352128061
0.17711653578427125, 0.22222222222222224, 0.026961308981775543
0.2225137691616549, 0.22222222222222224, 0.0004394934081147
0.19427414576697236, 0.22222222222222224, 0.009456490201322039
0.12591259123695847, 0.22222222222222224, 0.11343109142151625
0.23034203189912744, 0.22222222222222224, 0.003727888999666629
0.142322371959324, 0.22222222222222224, 0.01369054936546492
0.1312299093619942, 0.22222222222222224, 0.06633534151852243
0.2964347661780931, 0.22222222222222224, 0.004075546770417238
0.19607013455988412, 0.22222222222222224, 0.04874530055983848
0.1340426266537112, 0.22222222222222224, 0.07210032973669803
0.22580558443795185, 0.22222222222222224, 0.016958049609671573
0.27232520752260964, 0.22222222222222224, 0.03225679491947212
0.24159235438135657, 0.22222222222222224, 0.0009244382753378382
0.19010371790874991, 0.22222222222222224, 0.03815704137124932
0.18835083725868082, 0.22222222222222224, 0.04931995577313524
0.16953825973791642, 0.22222222222222224, 0.004366568555478505
0.25986637295819887, 0.22222222222222224, 0.0035333896134420013
0.24132100387734384, 0.22222222222222224, 0.028074902176679684
0.23152227336601489, 0.22222222222222224, 0.01743227022038661
0.19754679359071795, 0.22222222222222224, 0.0661034281114556
0.2633305779627848, 0.22222222222222224, 0.04532387350682811
0.2174241612327904, 0.22222222222222224, 0.015323863700276571
0.24262111975874817, 0.22222222222222224, 0.017993185887265607
0.19373739001137882, 0.22222222222222224, 0.019213350774729958
0.2160273613870026, 0.22222222222222224, 0.003902419065237604
0.24402847361317545, 0.22222222222222224, 0.002056349930474328
0.2722288697066142, 0.22222222222222224, 0.08636131207366347
0.20882502298721528, 0.22222222222222224, 0.008617122261936023
0.1918612500874641, 0.22222222222222224, 0.0059012709301801015
0.15538554485436093, 0.22222222222222224, 0.000782130528687469
0.12062075308747716, 0.22222222222222224, 0.09974203046618114
0.17031400572010835, 0.22222222222222224, 0.0211743730786233
0.23057103466373635, 0.22222222222222224, 0.019386919100477767
0.24585795593240437, 0.22222222222222224, 0.03454880815307062
0.13141429993820497, 0.22222222222222224, 0.04692886045631756
0.22420360795869992, 0.22222222222222224, 0.002632438498038733
0.24457222501375006, 0.22222222222222224, 0.0020106548962923274
0.18823636669189125, 0.22222222222222224, 0.01936625988168144
0.15404781387743774, 0.22222222222222224, 0.01637925753737232
0.19640798190381129, 0.22222222222222224, 0.012042128976551235
0.26465681891231574, 0.22222222222222224, 0.0031368871340730535
0.16899025285677702, 0.22222222222222224, 0.007392842456818103
0.1807370099655962, 0.22222222222222224, 0.02361056353530504
0.18577326361727328, 0.22222222222222224, 0.0002300082347582229
0.18067305328456298, 0.22222222222222224, 0.06711687607403703
0.2756679577314957, 0.22222222222222224, 0.01760424868730204
0.14122518408126836, 0.22222222222222224, 0.03490000334458264
0.22352822273399717, 0.22222222222222224, 0.012313648139559317
0.2532468126933821, 0.22222222222222224, 0.004269105127734311
0.11791079872836567, 0.22222222222222224, 0.007215488497298752
0.18641197151298253, 0.22222222222222224, 0.020119329684764216
0.17419419724186258, 0.22222222222222224, 0.028868039881995367
0.22306124837122304, 0.22222222222222224, 0.05487176490186518
0.19062527505241272, 0.22222222222222224, 0.012175304638553736
0.23087295358040513, 0.22222222222222224, 0.1488280440261966
0.21186774423788804, 0.22222222222222224, 0.02203664689607395
0.2088551446713631, 0.22222222222222224, 0.022334959322039133
0.18904688132371703, 0.22222222222222224, 0.00668812587298168
0.1956241653983195, 0.22222222222222224, 0.025520378498700313
0.2258626537006548, 0.22222222222222224, 0.02191414332037235
0.2611152157385924, 0.22222222222222224, 0.02905652778659646
0.26297321032579113, 0.22222222222222224, 0.008154576302392238
0.25540658696168317, 0.22222222222222224, 0.017758701212774005
0.146701958202871, 0.22222222222222224, 0.004224173627505821
0.24740237094892395, 0.22222222222222224, 0.0013665103976758142
0.25641928616938636, 0.22222222222222224, 0.009957235603058877
0.19972512194520597, 0.22222222222222224, 0.009340735818013986
0.17627973334863134, 0.22222222222222224, 0.01969224024962602
0.22764867959389404, 0.22222222222222224, 0.007583532467327738
0.19537161322945465, 0.22222222222222224, 0.021000057608497706
0.2071312466948575, 0.22222222222222224, 0.0050924925973614005
0.22754928827388704, 0.22222222222222224, 0.01781748916901972
0.18437590679252233, 0.22222222222222224, 0.007117641954513617
0.15497314354954145, 0.22222222222222224, 0.027282509736589872
0.19315468928508595, 0.22222222222222224, 0.0031525022622782652
0.2372919706224888, 0.22222222222222224, 0.016296299558993244
0.2033334412227097, 0.22222222222222224, 0.005868370403352564
0.23046786567799266, 0.22222222222222224, 0.04399792600123138
0.2871062772402603, 0.22222222222222224, 0.019477087538628635
0.13842698158199535, 0.22222222222222224, 0.039812859005338104
0.19071781771066643, 0.22222222222222224, 0.048798144537768526
0.20812377020115957, 0.22222222222222224, 0.025483923025264026
0.10991790848528793, 0.22222222222222224, 0.0020155229497981885
0.22552650473108063, 0.22222222222222224, 0.036417429606103884
0.12521967442492943, 0.22222222222222224, 0.0021894486314542935
0.25548108715319534, 0.22222222222222224, 0.026888443597864867
0.15927281857199924, 0.22222222222222224, 0.006124194282679074
0.2680925589158772, 0.22222222222222224, 0.008999821214387594
0.187589370261771, 0.22222222222222224, 0.009034265283498467
0.24241274290020987, 0.22222222222222224, 0.010554603328577626
0.18793052283315026, 0.22222222222222224, 0.03244851685085748
0.17616592265284994, 0.22222222222222224, 0.029399362934718957
0.25566026936390085, 0.22222222222222224, 0.0001239839202860401
0.25137712766638926, 0.22222222222222224, 0.010339939938632178
0.13879205239967873, 0.22222222222222224, 0.01829212636215466
0.22368696944647048, 0.22222222222222224, 0.0015760963373074213
0.21009741230799972, 0.22222222222222224, 0.010324169029236238
0.1518519167437856, 0.22222222222222224, 0.000725933230251069
0.1165000066568384, 0.22222222222222224, 0.0025824200971745798
0.2632249459222815, 0.22222222222222224, 0.059985349710208406
0.18620885667693773, 0.22222222222222224, 0.02048986825211627
0.2995968774530996, 0.22222222222222224, 0.0034282859095620785
0.15132039932711278, 0.22222222222222224, 0.008920938987828414
0.23046310048198565, 0.22222222222222224, 0.03025428145509074
0.19788846836222534, 0.22222222222222224, 0.008845019090860407
0.2534699749129212, 0.22222222222222224, 0.07987451450314516
0.189361276978262, 0.22222222222222224, 0.039928509674706424
0.12758432204687187, 0.22222222222222224, 0.0030203730037806527
0.17328401548105818, 0.22222222222222224, 0.01706448585119922
0.2485418226362145, 0.22222222222222224, 0.01003505496533802
0.18552327283710007, 0.22222222222222224, 0.015144345515997604
0.1463401528635466, 0.22222222222222224, 0.030317306347457256
0.15379435896671903, 0.22222222222222224, 0.03989579974963013
0.11039922825210713, 0.22222222222222224, 0.017802976797587484
0.22062165565976674, 0.22222222222222224, 0.006413443627871799
0.26709431214557683, 0.22222222222222224, 0.007087209536820983
0.26375183558588666, 0.22222222222222224, 0.009580888844814856
0.15575466865725698, 0.22222222222222224, 0.02635749810115776
0.12715143603946122, 0.22222222222222224, 0.03865906521934401
0.1542629975588071, 0.22222222222222224, 0.028224212365735905
0.14239054946184165, 0.22222222222222224, 0.14784462679707977
0.1971254852840558, 0.22222222222222224, 0.014510462101313884
0.1565174775289413, 0.22222222222222224, 0.018108106382243843
0.13828146971599659, 0.22222222222222224, 0.012734521238004493
0.2239756114402863, 0.22222222222222224, 0.04354387035920389
0.24735067687407167, 0.22222222222222224, 0.03876319952753845
0.22981281878023072, 0.22222222222222224, 0.003276737935638442
0.25015459993085615, 0.22222222222222224, 0.014623055298258076
0.23742468183283175, 0.22222222222222224, 0.003453077190423958
0.22433631755735697, 0.22222222222222224, 0.018641749032002372
0.229200701586737, 0.22222222222222224, 0.0007055996584084521
0.2049871391407882, 0.22222222222222224, 0.013875818761544846
0.20887015319755484, 0.22222222222222224, 0.040001444010467985
0.17827424560155414, 0.22222222222222224, 0.03701244442480135
0.2202873886917481, 0.22222222222222224, 0.0026171629353032963
0.1434907036113812, 0.22222222222222224, 0.020132491443351178
0.17767285733018137, 0.22222222222222224, 0.02701315491719796
0.19215129976879428, 0.22222222222222224, 0.0022279645329865527
0.21223162858923283, 0.22222222222222224, 0.007380070685174953
0.15999726218146954, 0.22222222222222224, 0.038767608323171276
0.2247417895490801, 0.22222222222222224, 0.012470403350994698
0.2261875055922237, 0.22222222222222224, 0.06573765229806844
0.18936606508951925, 0.22222222222222224, 0.038752655589037795
0.18072035513489587, 0.22222222222222224, 0.0336608793002493
0.07973751021391298, 0.22222222222222224, 0.06558566384058732
0.16334800167781716, 0.22222222222222224, 0.02168873045580411
0.2508496345506378, 0.22222222222222224, 0.0025402612718614993
0.23875444087823824, 0.22222222222222224, 0.0037390277681699597
0.11759780344496318, 0.22222222222222224, 0.028933835417963034
0.12382722605708141, 0.22222222222222224, 0.0011397132299950452
0.23734390863532645, 0.22222222222222224, 0.011010943591630785
0.17428877381656102, 0.22222222222222224, 0.03955939376801891
0.2038972990299503, 0.22222222222222224, 0.0017685319303509038
0.23002738129115186, 0.22222222222222224, 0.0064248369522477
0.22666577155437662, 0.22222222222222224, 0.007974812383840653
0.2079229628682353, 0.22222222222222224, 0.014093967226851196
0.09165436959050564, 0.22222222222222224, 0.046192883248410053
0.1974095628057875, 0.22222222222222224, 0.02249943882555741
0.15197701214095927, 0.22222222222222224, 0.0245525605466738
0.22838600623802155, 0.22222222222222224, 0.0017565802801095395
0.1789730064098948, 0.22222222222222224, 0.019268215116356995
0.18187351662158846, 0.22222222222222224, 0.009483889866418198
0.08535183833652822, 0.22222222222222224, 0.000874425350457545
0.23708416077301103, 0.22222222222222224, 0.017902078791736966
0.20789560874510382, 0.22222222222222224, 0.015713951284797658
0.27292105872563766, 0.22222222222222224, 0.009977741203974166
0.18430424997584072, 0.22222222222222224, 0.029664463320750054
0.229021671302349, 0.22222222222222224, 0.0037348378879373356
0.17804491746294257, 0.22222222222222224, 0.004077629191726823
0.19219812284475968, 0.22222222222222224, 0.015112284571742332
0.2814953663785086, 0.22222222222222224, 0.037525923449992234
0.127679206894093, 0.22222222222222224, 0.006988478783105337
0.13781444199637152, 0.22222222222222224, 0.0057357596832242645
0.23892227750210726, 0.22222222222222224, 0.013027525811769209
0.19055200420680937, 0.22222222222222224, 0.0015620871067053947
0.18868396715652905, 0.22222222222222224, 0.00231573062745287
0.23363704000095503, 0.22222222222222224, 0.003785718277864297
0.22688790869777342, 0.22222222222222224, 0.02910459435867768
0.23132057944793163, 0.22222222222222224, 0.0033234264546188894
0.20913388396414298, 0.22222222222222224, 0.0644127656566116
0.14355326549731165, 0.22222222222222224, 0.006414905100189513
0.09763095825407322, 0.22222222222222224, 0.010320081122727693
0.1951983992687599, 0.22222222222222224, 0.022772858522048803
0.18225086319529984, 0.22222222222222224, 0.009401537523141951
0.26803696500058627, 0.22222222222222224, 0.0051856643557427855
0.25361823220845814, 0.22222222222222224, 0.003300018259041251
0.20710657025801155, 0.22222222222222224, 0.02697722965751281
0.13466684216374605, 0.22222222222222224, 0.02608435389647385
0.190240478161721, 0.22222222222222224, 0.17031832872776664
0.2559496103413076, 0.22222222222222224, 0.03944619451871535
0.1472432090955363, 0.22222222222222224, 0.007999814344233564
0.10451683871779, 0.22222222222222224, 0.012533183780562857
0.22184899811309905, 0.22222222222222224, 0.014115780292171939
0.12016297697942625, 0.22222222222222224, 0.009963033272476616
0.14004761874194946, 0.22222222222222224, 0.0193952442242183
0.21990785259559023, 0.22222222222222224, 0.003865221826631583
0.26075621983637404, 0.22222222222222224, 0.03264868876965453
0.2947386368436359, 0.22222222222222224, 0.07084960171841609
0.11273868178116815, 0.22222222222222224, 0.10474398073582343
0.26283522622700883, 0.22222222222222224, 0.02069649571052518
0.15886726676064433, 0.22222222222222224, 0.014074076102640961
0.2481465344426616, 0.22222222222222224, 0.03325197812691004
0.16297817527302938, 0.22222222222222224, 0.0007280967769568967
0.1953391505694737, 0.22222222222222224, 0.008076173840231213
0.1698148035076549, 0.22222222222222224, 0.006083790612734364
0.24865683184869036, 0.22222222222222224, 0.006007025933613227
0.15082130976259747, 0.22222222222222224, 0.003459829777908931
0.15475110104073558, 0.22222222222222224, 0.03158382927643445
0.10910364655240345, 0.22222222222222224, 0.010813324288498209
0.14839596374695188, 0.22222222222222224, 0.01932230194957716
0.0598859376871774, 0.22222222222222224, 0.011705824139196873
0.25045769885232194, 0.22222222222222224, 0.021966383159512836
0.2036758086732027, 0.22222222222222224, 0.012782961916767968
0.13353154763541059, 0.22222222222222224, 0.01019733178259523
0.1769737534688313, 0.22222222222222224, 0.04087737364408107
0.2308182074648336, 0.22222222222222224, 0.058641009773434345
0.30017834368730234, 0.22222222222222224, 0.0033838570974290645
0.221076545517106, 0.22222222222222224, 0.01826002864486489
0.23330978418459103, 0.22222222222222224, 0.0026802305988514363
0.19792916869524144, 0.22222222222222224, 0.003847949738033699
0.2718518082765483, 0.22222222222222224, 0.02842515774211122
0.1687567396656422, 0.22222222222222224, 0.0068544051008701005
0.2475434176436974, 0.22222222222222224, 0.0023417370830251362
0.23698870841283004, 0.22222222222222224, 0.012487868919743227
0.17641837020053425, 0.22222222222222224, 0.010316025828695124
0.2616141578627028, 0.22222222222222224, 0.05579588135301537
0.19461827901506726, 0.22222222222222224, 0.004760539603710217
0.2270621291158011, 0.22222222222222224, 0.07153624674120385
0.1618765407323241, 0.22222222222222224, 0.0067341106806133675
0.25139952964110196, 0.22222222222222224, 0.03844275093582588
0.20356721989113272, 0.22222222222222224, 0.01471009458871341
0.15508072559008734, 0.22222222222222224, 0.00035064108075924657
0.22065169618633237, 0.22222222222222224, 0.019450094953240515
0.15158015568630046, 0.22222222222222224, 0.0203210600043592
0.22726276965046857, 0.22222222222222224, 0.008654499903158237
0.17093168849529816, 0.22222222222222224, 0.001306384818213295
0.18773141281606753, 0.22222222222222224, 0.03151080420425382
0.33058395381570693, 0.22222222222222224, 0.05311944598150231
0.20455976066826348, 0.22222222222222224, 0.005999630908857402
0.13122857844359448, 0.22222222222222224, 0.004686663580771278
0.20913752926594628, 0.22222222222222224, 0.007692510635004965
0.2414648235442859, 0.22222222222222224, 0.009985540635806279
0.12458170770397065, 0.22222222222222224, 0.032237943848037985
0.2552043900271518, 0.22222222222222224, 0.009638358610414581
0.2003566363939225, 0.22222222222222224, 0.005807095016422374
0.23037958330485936, 0.22222222222222224, 0.012950880375451721
0.17260351484723135, 0.22222222222222224, 0.0058333608639451195
0.2646303836362424, 0.22222222222222224, 0.0865961024957342
0.16184792585532287, 0.22222222222222224, 0.015970640986730424
0.18457690109641692, 0.22222222222222224, 0.016748526855153684
0.24180095293130416, 0.22222222222222224, 0.008218872674285728
0.255051215039306, 0.22222222222222224, 0.002314336575992811
0.2505993140047386, 0.22222222222222224, 0.0045291107240894276
0.21283139025524037, 0.22222222222222224, 0.05808363495126652
0.2565012948893869, 0.22222222222222224, 0.01107391628459522
0.13443779231333625, 0.22222222222222224, 0.0033762901798964962
0.13182438957062395, 0.22222222222222224, 0.012342116399773949
0.24003027577740943, 0.22222222222222224, 0.034504520532154616
0.22193256775176046, 0.22222222222222224, 0.0009308419532540392
0.1430229938566973, 0.22222222222222224, 0.007474626494785433
0.20383176177767437, 0.22222222222222224, 0.012318700566804987
0.24364520985034, 0.22222222222222224, 0.014421614539139623
0.15021049039787657, 0.22222222222222224, 0.01076936447175949
0.17216809084845114, 0.22222222222222224, 0.03414005115141031
0.2831386417426488, 0.22222222222222224, 0.006194330161720932
0.16109615262666127, 0.22222222222222224, 0.00963126639397462
0.2891668356947561, 0.22222222222222224, 0.006218162469044457
0.0889426594963777, 0.22222222222222224, 0.07081790862726314
0.11065113917248358, 0.22222222222222224, 0.04602868807773901
0.2800526007358357, 0.22222222222222224, 0.13580325584283778
0.17383516495492202, 0.22222222222222224, 0.0208669822321467
0.23932306767068762, 0.22222222222222224, 0.001639767039210996
0.0899773807227899, 0.22222222222222224, 0.02872901725867333
0.13483487687885642, 0.22222222222222224, 0.012494893367437008
0.38098614166160605, 0.22222222222222224, 0.003802113298966106
0.21585145847634235, 0.22222222222222224, 0.03664591377115145
0.25022666222939705, 0.22222222222222224, 0.02853139267674774
0.1623987257027534, 0.22222222222222224, 0.023840729979261812
0.1815109394279618, 0.22222222222222224, 0.012532143730071686
0.2712824056949393, 0.22222222222222224, 0.01011119650001328
0.260332582419362, 0.22222222222222224, 0.0034445277758730223
0.2062164153914245, 0.22222222222222224, 0.017730037635991392
0.08339448211428356, 0.22222222222222224, 0.03907852177838197
0.10691369204960316, 0.22222222222222224, 0.0022382108170779682
0.22610901843462175, 0.22222222222222224, 0.016753318926787893
0.2723166645059851, 0.22222222222222224, 0.005027399312892634
0.3056080991929932, 0.22222222222222224, 0.013470108278527763
0.16753042026799045, 0.22222222222222224, 0.006020665446963653
0.20884065347988792, 0.22222222222222224, 0.021652760478313948
0.21987597561080557, 0.22222222222222224, 0.013650907303457334
0.1763329239523225, 0.22222222222222224, 0.009118401243889036
0.1854944873539645, 0.22222222222222224, 0.0027888972530091378
0.1608538772435289, 0.22222222222222224, 0.026245692711704238
0.2863519611901561, 0.22222222222222224, 0.001974416286872127
0.21717761035772565, 0.22222222222222224, 0.12365142782314399
0.20673333333169536, 0.22222222222222224, 0.011263145377379212
0.15670671736143993, 0.22222222222222224, 0.001280798534257292
0.2097680494528973, 0.22222222222222224, 0.012922508516389684
0.3158725788848217, 0.22222222222222224, 0.006725690042721929
0.24616593975044698, 0.22222222222222224, 0.07056173534297493
0.2784418547302395, 0.22222222222222224, 0.024659061123956383
0.22954079249386122, 0.22222222222222224, 0.06227087174218651
0.24836641102592985, 0.22222222222222224, 0.032663145473969174
0.22740183797381738, 0.22222222222222224, 0.042154028786780345
0.2587530739900021, 0.22222222222222224, 0.010580778478211017
0.25781689491285137, 0.22222222222222224, 0.01658612786572813
0.19027910366869497, 0.22222222222222224, 0.07095950228121578
0.1637978654819115, 0.22222222222222224, 0.016326529705919454
0.1901091528301855, 0.22222222222222224, 0.010847887655677527
0.1800850383586643, 0.22222222222222224, 0.008149837477730716
0.13836390949539754, 0.22222222222222224, 0.015085806597738859
0.16082637243293782, 0.22222222222222224, 0.01439836478629691
0.1355479395742747, 0.22222222222222224, 0.009226674656521761
0.20424598114380044, 0.22222222222222224, 0.003792273087658825
0.24606638670222888, 0.22222222222222224, 0.010426708865402368
0.2032523758690529, 0.22222222222222224, 0.009280802756732468
0.2130233795053395, 0.22222222222222224, 0.00756495413107911
0.14732902414312019, 0.22222222222222224, 0.009209097683954035
0.15838351501225795, 0.22222222222222224, 0.013532646273516602
0.23493613190941665, 0.22222222222222224, 0.006667195421232717
0.1532562562334096, 0.22222222222222224, 0.010913981586058658
0.26553618187814354, 0.22222222222222224, 0.009117670882403924
0.10246565158262205, 0.22222222222222224, 0.04029416324838435
0.22806193349277837, 0.22222222222222224, 0.008571023828486212
0.20917153339844852, 0.22222222222222224, 0.03145402496949084
0.19529879647160195, 0.22222222222222224, 0.0531741173474632
0.23846196346806883, 0.22222222222222224, 0.0107281935495805
0.26394882408173637, 0.22222222222222224, 0.0036133478318123653
0.08987592205505857, 0.22222222222222224, 0.014196992498831348
0.1638411559451434, 0.22222222222222224, 0.0062738252864150456
0.23499037418311727, 0.22222222222222224, 0.0024698656443254106
0.15951915448407528, 0.22222222222222224, 0.03253132597461171
0.22205773474399854, 0.22222222222222224, 0.03265590812023794
0.05762674559357722, 0.22222222222222224, 0.006241411500617163
0.19240453416508213, 0.22222222222222224, 0.05545331597804031
0.1986801555301849, 0.22222222222222224, 0.03263137469902928
0.18076057113782273, 0.22222222222222224, 0.00751827037872424
0.22919142599997527, 0.22222222222222224, 0.014730178865216511
0.2398917776855395, 0.22222222222222224, 0.01719570410900899
0.12963046995219885, 0.22222222222222224, 0.009207221734470198
0.2558900481662142, 0.22222222222222224, 0.003842012595664102
0.1131744876078535, 0.22222222222222224, 0.038166133114308706
0.04489922411784439, 0.22222222222222224, 0.013026494188856923
0.3217122543105168, 0.22222222222222224, 0.04576609987965326
0.14133416187957087, 0.22222222222222224, 0.007235464107613661
0.21046966647531745, 0.22222222222222224, 0.02265226043186328
0.1742462931280747, 0.22222222222222224, 0.013961897618267572
0.20581205384815318, 0.22222222222222224, 0.009380668728047154
0.28134474727970005, 0.22222222222222224, 0.0030335487180142276
0.1964194407365327, 0.22222222222222224, 0.08092716481116353
0.18667521141190238, 0.22222222222222224, 0.0027513063450303457
0.21308856722303768, 0.22222222222222224, 0.004692403213911211
0.18425152894686675, 0.22222222222222224, 0.02266863383443609
0.2774497526494562, 0.22222222222222224, 0.0029134859430777287
0.28540661979747267, 0.22222222222222224, 0.02547259832562833
0.23469891212658084, 0.22222222222222224, 0.007851786766321154
0.2009917670979704, 0.22222222222222224, 0.02519784863000763
0.20478153128497475, 0.22222222222222224, 0.011556286061082891
0.228625282211253, 0.22222222222222224, 0.006864958867755644
0.1607101042080225, 0.22222222222222224, 0.023261962702589362
0.28490181358430344, 0.22222222222222224, 0.00949416572889305
0.17555462450777065, 0.22222222222222224, 0.013596138588123176
0.2808726729415778, 0.22222222222222224, 0.02702587078827236
0.20926844347989135, 0.22222222222222224, 0.000808671603596532
0.2765060161412078, 0.22222222222222224, 0.1021303070600844
0.1766095382158544, 0.22222222222222224, 0.041456686042067946
0.25673279940904203, 0.22222222222222224, 0.005673004078563848
0.20381388865517927, 0.22222222222222224, 0.02843941657189932
0.3073938334608796, 0.22222222222222224, 0.010018056979347961
0.11857876298187138, 0.22222222222222224, 0.0508529085079549
0.109721962625078, 0.22222222222222224, 0.007066862442942473
0.2958342771066093, 0.22222222222222224, 0.01868837869155227
0.15788161357608532, 0.22222222222222224, 0.00041467474499131595
0.2538873908164659, 0.22222222222222224, 0.09226565460489258
0.23780732317047415, 0.22222222222222224, 0.01938115138879961
0.25740375236322205, 0.22222222222222224, 0.021129000071737816
0.17763772846423603, 0.22222222222222224, 0.009270617137324801
0.18089870522281434, 0.22222222222222224, 0.016899422388217566
0.19127765433873917, 0.22222222222222224, 0.005053369971109101
0.12651114727449853, 0.22222222222222224, 0.002052554779228876
0.2490433563511756, 0.22222222222222224, 0.043409099774206004
0.20576261865576778, 0.22222222222222224, 0.02157857523367899
0.2862171485360083, 0.22222222222222224, 0.0037615510271417412
0.2732095559475361, 0.22222222222222224, 0.005660209360268795
0.23348739810814478, 0.22222222222222224, 0.019455786528018833
0.2149854893132366, 0.22222222222222224, 0.05271181243120544
0.22084700370083438, 0.22222222222222224, 0.030433046902094942
0.2624018711852293, 0.22222222222222224, 0.023818014626182948
0.20156874910387737, 0.22222222222222224, 0.007229202230786242
0.23830587183582425, 0.22222222222222224, 0.055454404824737465
0.24650675292143692, 0.22222222222222224, 0.003747796342838851
0.19648586692277492, 0.22222222222222224, 0.004762399033124948
0.2048532533501613, 0.22222222222222224, 0.0036391458555494055
0.12887410312706415, 0.22222222222222224, 0.006552543203899156
0.3002709334985666, 0.22222222222222224, 0.0010097606480911436
0.24396754686170735, 0.22222222222222224, 0.004202066056672673
0.10844009399328193, 0.22222222222222224, 0.04614572827443533
0.2627020086549031, 0.22222222222222224, 0.016495851726575327
0.2284766483807422, 0.22222222222222224, 0.01346189187871499
0.23236674467181315, 0.22222222222222224, 0.0305250245896636
0.22305814611902958, 0.22222222222222224, 0.03315861330053648
0.21668244236840123, 0.22222222222222224, 0.026170802883050334
0.17200440079157178, 0.22222222222222224, 0.009828270723524797
0.1290534942649833, 0.22222222222222224, 0.021220286153390396
0.19475179630469308, 0.22222222222222224, 0.06433950527894264
0.3373828528365751, 0.22222222222222224, 0.016882234856702746
0.22152791519351367, 0.22222222222222224, 0.05711164723925397
0.24389450125337356, 0.22222222222222224, 0.031407643916284284
0.17401945768534277, 0.22222222222222224, 0.015857152557452795
0.26563027277858287, 0.22222222222222224, 0.014656399094673974
0.18068490923426148, 0.22222222222222224, 0.05630119034600544
0.16136529715425388, 0.22222222222222224, 0.024605418100589117
0.21841901782377535, 0.22222222222222224, 0.017243778777369066
0.16284666835019534, 0.22222222222222224, 0.025435054278028297
0.20632333884430598, 0.22222222222222224, 0.0016288431778350568
0.17997816932081223, 0.22222222222222224, 0.006623669039031548
0.13274933172173045, 0.22222222222222224, 0.005049832558936812
0.13945600176213213, 0.22222222222222224, 0.010781765991947767
0.16489971297079858, 0.22222222222222224, 0.07372902883155513
0.1711372343717822, 0.22222222222222224, 0.0061611315016817806
0.2641791690213553, 0.22222222222222224, 0.00875248915610736
0.2309061768309897, 0.22222222222222224, 0.0059085814314778036
0.30489720962067557, 0.22222222222222224, 0.01097374939778755
0.21903684715582133, 0.22222222222222224, 0.10955002015301821
0.16616640439805336, 0.22222222222222224, 0.02837083467324744
0.21829916893266274, 0.22222222222222224, 0.008858319292989579
0.2508535000076754, 0.22222222222222224, 0.010730377564187593
0.21231760352538048, 0.22222222222222224, 0.024853275704219944
0.2657597528906485, 0.22222222222222224, 0.03760509779190027
0.1322363794646075, 0.22222222222222224, 0.09127683117724412
0.27460810944751224, 0.22222222222222224, 0.03529064646346611
0.18163642436703772, 0.22222222222222224, 0.020129127398928248
0.17326932317311644, 0.22222222222222224, 0.007251933463505973
0.19898218241196672, 0.22222222222222224, 0.040343517587767316
0.20692608929972306, 0.22222222222222224, 0.010429375825756365
0.21853838136293, 0.22222222222222224, 0.01742280389573616
0.22260996925469484, 0.22222222222222224, 0.011548217521440243
0.13398566264728765, 0.22222222222222224, 0.028886240366171413
0.15361755427680288, 0.22222222222222224, 0.010940695579007217
0.31157747164402716, 0.22222222222222224, 0.0031708145075855917
0.26678915830060124, 0.22222222222222224, 0.00026559229275295056
0.28965354205400173, 0.22222222222222224, 0.030285045391810525
0.2566928240132347, 0.22222222222222224, 0.003477115602828948
0.23532142390998478, 0.22222222222222224, 0.0036466054578596064
0.16959900726739963, 0.22222222222222224, 0.007849789282067214
0.20194247644491367, 0.22222222222222224, 0.004939299873591062
0.19486337359363423, 0.22222222222222224, 0.012290574263602602
0.2545288834134698, 0.22222222222222224, 0.09306502684727985
0.21385477689381951, 0.22222222222222224, 0.014298179618400169
0.20897449086376793, 0.22222222222222224, 0.02317810634327973
0.2519669780010187, 0.22222222222222224, 0.025262412222057187
0.24927430520702687, 0.22222222222222224, 0.00369372594043046
0.2422408969492605, 0.22222222222222224, 0.00048216275430326314
0.21796223830039166, 0.22222222222222224, 0.00925678858271642
0.2884057726975652, 0.22222222222222224, 0.0028342779571052593
0.14296860641866316, 0.22222222222222224, 0.0130371274984357
0.20562856708504404, 0.22222222222222224, 0.010836573545496253
0.21824011521054748, 0.22222222222222224, 0.01028389192264292
0.22585439389700213, 0.22222222222222224, 0.011903170257173563
0.20750176715883914, 0.22222222222222224, 0.0024218998544175726
0.18751112823707775, 0.22222222222222224, 0.007621244418898765
0.22084800181721856, 0.22222222222222224, 0.0006668253970460252
0.26300814282289486, 0.22222222222222224, 0.011013908333670044
0.17020375792741113, 0.22222222222222224, 0.0005088261548649468
0.1732996348782998, 0.22222222222222224, 0.015147662552315408
0.24722705506591758, 0.22222222222222224, 0.0024596065028411242
0.1426813791226737, 0.22222222222222224, 0.00032074837810866063
0.23056891380303374, 0.22222222222222224, 0.0037181208435178247
0.1837209708673617, 0.22222222222222224, 0.011549570577059406
0.1835686831638107, 0.22222222222222224, 0.010004510152597495
0.22191899773848453, 0.22222222222222224, 0.025380618421472323
0.1064315048356783, 0.22222222222222224, 0.008383252445562605
0.18060173971750082, 0.22222222222222224, 0.04537767651287812
0.13974505096275577, 0.22222222222222224, 0.020619362213967034
0.11909394751830638, 0.22222222222222224, 0.010442233992062818
0.16624424584436215, 0.22222222222222224, 0.01192484871709961
0.2600659136305777, 0.22222222222222224, 0.06558646883739166
0.2659664720431063, 0.22222222222222224, 0.0055547026678314446
0.20572561528335417, 0.22222222222222224, 0.03564011861332094
0.15726457672932176, 0.22222222222222224, 0.0360520202270066
0.22276270829496939, 0.22222222222222224, 0.013526272138746407
0.2474862288188356, 0.22222222222222224, 0.01279855416196038
0.21266404383280976, 0.22222222222222224, 0.010277934143544687
0.2639046165460304, 0.22222222222222224, 0.014249376230268899
0.18435413945148743, 0.22222222222222224, 0.005055326932111827
0.2661198516188226, 0.22222222222222224, 0.051517608284176966
0.21370381123482143, 0.22222222222222224, 0.01920243553454596
0.24134170792447784, 0.22222222222222224, 0.04636828296535893
0.15335988175488774, 0.22222222222222224, 0.06467320082711495
0.25648561722137986, 0.22222222222222224, 0.026402850517713888
0.13368514105139961, 0.22222222222222224, 0.05363614467985412
0.14811138922729455, 0.22222222222222224, 0.007761729690994026
0.27540071037388425, 0.22222222222222224, 0.02293945789034678
0.21636715886179267, 0.22222222222222224, 0.0025522783189150366
0.22385149301370144, 0.22222222222222224, 0.03370683045659462
0.17581506627145432, 0.22222222222222224, 0.035580507369954315
0.21795748184138308, 0.22222222222222224, 0.022678359211606026
0.18760015265588068, 0.22222222222222224, 0.009841438615141083
0.17877433699363648, 0.22222222222222224, 0.030903117819267738
0.17803490597186047, 0.22222222222222224, 0.004502835965659565
0.15951242070025665, 0.22222222222222224, 0.00976963093098349
0.21593225550075149, 0.22222222222222224, 0.009448890296442247
0.3002900307452521, 0.22222222222222224, 0.0012576224704522363
0.19830029296575669, 0.22222222222222224, 0.016753609331464667
0.17956831020145264, 0.22222222222222224, 0.02300406500315578
0.16281483431643481, 0.22222222222222224, 0.06418511449750346
0.2260753294829904, 0.22222222222222224, 0.00033246403069513836
0.10500613929333313, 0.22222222222222224, 0.0046157221653027524
0.23425104694967733, 0.22222222222222224, 0.03607303219104535
0.22809796958381456, 0.22222222222222224, 0.008184546558858172
0.20546154236727293, 0.22222222222222224, 0.016157281406611726
0.1973241143454129, 0.22222222222222224, 0.004519506021472374
0.1675633835087054, 0.22222222222222224, 0.008649097143900403
0.14453932980804676, 0.22222222222222224, 0.03821363434122734
0.18995952147785583, 0.22222222222222224, 0.012955267958616153
0.17028204935305358, 0.22222222222222224, 0.007458780457130907
0.12893106155421474, 0.22222222222222224, 0.0017892081539935866
0.19781899521257015, 0.22222222222222224, 0.03579886049996583
0.17334563264086003, 0.22222222222222224, 0.07199712700548505
0.18169769578202732, 0.22222222222222224, 0.006546000067606775
0.1776358411025114, 0.22222222222222224, 0.003859224019263292
0.12869623601375363, 0.22222222222222224, 0.02437633183223647
0.24744850292889478, 0.22222222222222224, 0.012380612669688911
0.11137801957320975, 0.22222222222222224, 0.048606333316332406
0.20125827371109453, 0.22222222222222224, 0.006924850580622789
0.24215077190538192, 0.22222222222222224, 0.020238662208148638
0.18114759081875825, 0.22222222222222224, 0.019177751093428487
0.1816503406368592, 0.22222222222222224, 0.012171641544333422
0.2650088186573176, 0.22222222222222224, 0.05773848271620153
0.1604849052177214, 0.22222222222222224, 0.047333452765929845
0.2092927494505992, 0.22222222222222224, 0.03642221370103608
0.11045658793235252, 0.22222222222222224, 0.01439744742656204
0.23470157048166052, 0.22222222222222224, 0.004981736987836649
0.18226366672358368, 0.22222222222222224, 0.005730006122779345
0.2160141472483931, 0.22222222222222224, 0.008811885768634316
0.25692141009267827, 0.22222222222222224, 0.00454716411966302
0.29114475479375784, 0.22222222222222224, 0.04381664969282581
0.17928967602681156, 0.22222222222222224, 0.005253594970933618
0.21132048614468257, 0.22222222222222224, 0.03798116411188033
0.2050888715799353, 0.22222222222222224, 0.007268099068285332
0.20476845138628597, 0.22222222222222224, 0.0003170197347441069
0.20617482219213287, 0.22222222222222224, 0.007980179182647842
0.17829736636897753, 0.22222222222222224, 0.015325182363886048
0.2364979797343813, 0.22222222222222224, 0.006230538693770712
0.18365554495955672, 0.22222222222222224, 0.0008390251044421263
0.24333784056431104, 0.22222222222222224, 0.030387703058966445
0.22422098554169634, 0.22222222222222224, 0.006612719244025873
0.21144952267795383, 0.22222222222222224, 0.05026271847175499
0.19260699443900298, 0.22222222222222224, 0.0034047179611115482
0.18006582550417544, 0.22222222222222224, 0.0016154029435549242
0.11668629766613658, 0.22222222222222224, 0.01679921336754329
0.26991715366884056, 0.22222222222222224, 0.0058838010161040444
0.14917324709901458, 0.22222222222222224, 0.0004573798316583873
0.22946005972999078, 0.22222222222222224, 0.022482164675062248
0.13517221585199166, 0.22222222222222224, 0.019685758681983523
0.1940693894778977, 0.22222222222222224, 0.012254676589796282
0.21240668030140183, 0.22222222222222224, 0.05068317595367782
0.2651952160996063, 0.22222222222222224, 0.014564824535603366
0.1836660355098074, 0.22222222222222224, 0.009791902445210133
0.19395064624338598, 0.22222222222222224, 0.08630330070135851
0.28356949355244304, 0.22222222222222224, 0.031312880256768066
0.24754993247092258, 0.22222222222222224, 0.006235125399943888
0.18054992520042729, 0.22222222222222224, 0.02019849980166271
0.12826537989455383, 0.22222222222222224, 0.024301320395629274
0.18154312700251596, 0.22222222222222224, 0.010965594706090527
0.24636606777430092, 0.22222222222222224, 0.006200582645525463
0.23904025610519633, 0.22222222222222224, 0.017217434416855935
0.2539451400394842, 0.22222222222222224, 0.023425558939473907
0.2052989736178557, 0.22222222222222224, 0.018648190310826478
0.1844495211358903, 0.22222222222222224, 0.04798005905397738
0.2239460665816142, 0.22222222222222224, 0.002629049345348202
0.17655108242630552, 0.22222222222222224, 0.006835340453963192
0.24470450244001146, 0.22222222222222224, 0.003835668029704631
0.12478340469213534, 0.22222222222222224, 0.021479962280545266
0.25956851340152215, 0.22222222222222224, 0.026777625944362803
0.24553247612707055, 0.22222222222222224, 0.01621253827246864
0.19829490929297183, 0.22222222222222224, 0.002552620170011313
0.17084106302201338, 0.22222222222222224, 0.0023969726806014305
0.21933257480987495, 0.22222222222222224, 0.010729173580168661
0.23882140812755207, 0.22222222222222224, 0.00391152576040608
0.15571550131403591, 0.22222222222222224, 0.0004233810042443477
0.27947870832074295, 0.22222222222222224, 0.032206665988810855
0.13175372886657127, 0.22222222222222224, 0.018530988474415696
0.15232290023279688, 0.22222222222222224, 0.004019949825777005
0.2673199621731441, 0.22222222222222224, 0.002673575694287726
0.11526458549018753, 0.22222222222222224, 0.0025290521721485545
0.1999639211801576, 0.22222222222222224, 0.0011931842219049676
0.16789150989752413, 0.22222222222222224, 0.07507520346304322
0.2074045828537696, 0.22222222222222224, 0.04539546913388045
0.1815589559671346, 0.22222222222222224, 0.05619031435846717
0.2573841046255903, 0.22222222222222224, 0.0015474705907919612
0.21037587723492907, 0.22222222222222224, 0.017257286826151807
0.19609449933023496, 0.22222222222222224, 0.08210239796585518
0.25056942735129856, 0.22222222222222224, 0.04182402371940033
0.15932844159004564, 0.22222222222222224, 0.02824486448423257
0.2328561196437055, 0.22222222222222224, 0.14307656413844178
0.20108657118861978, 0.22222222222222224, 0.003767372090844497
0.20592566169256862, 0.22222222222222224, 0.01673462290731016
0.18641889450870547, 0.22222222222222224, 0.01829763973451309
0.21051938218340843, 0.22222222222222224, 0.0028986297270307522
0.19815627348711584, 0.22222222222222224, 0.03174603922794657
0.194784432930487, 0.22222222222222224, 0.005317103340698467
0.2763785605355659, 0.22222222222222224, 0.004286995918464726
0.1500552653902443, 0.22222222222222224, 0.06651172266742567
0.17122486262695646, 0.22222222222222224, 0.03454332170166045
0.18032425205700825, 0.22222222222222224, 0.0039327253615177565
0.16072442320279423, 0.22222222222222224, 0.1003768945787708
0.2103231222817377, 0.22222222222222224, 0.0066895632327816715
0.12441691817372831, 0.22222222222222224, 0.006408520412084817
0.11358786132175157, 0.22222222222222224, 0.039341883962009834
0.17192932683034978, 0.22222222222222224, 0.01575290866892869
0.1866121400205852, 0.22222222222222224, 0.044137362509401076
0.2236972130402729, 0.22222222222222224, 0.04989951491630832
0.15447070356546982, 0.22222222222222224, 0.0007480667511080044
0.16045759136732018, 0.22222222222222224, 0.00648312525240308
0.16923671599437812, 0.22222222222222224, 0.0048295578637187414
0.19867510472317795, 0.22222222222222224, 0.004597186557026737
0.1944829564179636, 0.22222222222222224, 0.00881923073796762
0.2547450083142049, 0.22222222222222224, 0.009192426691096281
0.19166396960309348, 0.22222222222222224, 0.005533077093911289
0.18078917773702902, 0.22222222222222224, 0.021159012963088683
0.07145113379715093, 0.22222222222222224, 0.024767692976705346
0.17636802404257113, 0.22222222222222224, 0.054895587084811154
0.21418953662784324, 0.22222222222222224, 0.003849966300091003
0.1849821686052904, 0.22222222222222224, 0.026387477356581767
0.21658871269361318, 0.22222222222222224, 0.05686690758374292
0.257010674777597, 0.22222222222222224, 0.026906901833867115
0.2069889066309532, 0.22222222222222224, 0.02360246191385624
0.30714092000438137, 0.22222222222222224, 0.0534463990280317
0.20601815511104069, 0.22222222222222224, 0.05854875013832069
0.19760346659074565, 0.22222222222222224, 0.0045649372442502735
0.17527047866325515, 0.22222222222222224, 0.008547282877860777
0.18760665362767287, 0.22222222222222224, 0.027056764213956554
0.18746896999940477, 0.22222222222222224, 0.05883575463483735
0.1606808374120815, 0.22222222222222224, 0.015172449248344102
0.20424282457972953, 0.22222222222222224, 0.006420131288198906
0.1417048096719853, 0.22222222222222224, 0.006003347087809769
0.20407314422634823, 0.22222222222222224, 0.06774987456432077
0.23812302245345396, 0.22222222222222224, 0.018518504967726144
0.18064643758949028, 0.22222222222222224, 0.00279544819512646
0.1604548526163213, 0.22222222222222224, 0.00888314435152295
0.14288804427963903, 0.22222222222222224, 0.06057575072681559
0.15613814233545004, 0.22222222222222224, 0.03435277302792845
0.13780420977741697, 0.22222222222222224, 0.020724427229962
0.1883871348031432, 0.22222222222222224, 0.007312267387910564
0.1000011616554497, 0.22222222222222224, 0.025944677500931986
0.18187709597196908, 0.22222222222222224, 0.0038260579767262215
0.21383275183676292, 0.22222222222222224, 0.014034876759216905
0.2856342742962483, 0.22222222222222224, 0.005415177324390142
0.22265680485692776, 0.22222222222222224, 0.00254961047681096
0.21411731483562127, 0.22222222222222224, 0.057952754271845236
0.18306092480516295, 0.22222222222222224, 0.021181823212225784
0.25745475367824155, 0.22222222222222224, 0.003217652533232486
0.17610963897587248, 0.22222222222222224, 0.03285108085459131
0.1364538196077746, 0.22222222222222224, 0.0465704269462546
0.10773346709096149, 0.22222222222222224, 0.047712858364985886
0.19460615923831776, 0.22222222222222224, 0.01104639674458065
0.2571692170505292, 0.22222222222222224, 0.019024288194257586
0.29438354418384327, 0.22222222222222224, 0.012377106179822062
0.20894264985739158, 0.22222222222222224, 0.006259290724844437
0.2213677025464797, 0.22222222222222224, 0.013507355578907134
0.12229909327288523, 0.22222222222222224, 0.0016072840898866529
0.13966939620243302, 0.22222222222222224, 0.013638704805719382
0.191832972731038, 0.22222222222222224, 0.002474258367975297
0.20418720165850646, 0.22222222222222224, 0.013440640186685473
0.185833267388289, 0.22222222222222224, 0.04356701330313444
0.10532296033330407, 0.22222222222222224, 0.0036136722596766505
0.13358528468980255, 0.22222222222222224, 0.008507515315495817
0.17223112508523244, 0.22222222222222224, 0.023243816319550217
0.1161115496699839, 0.22222222222222224, 0.07400063105574342
0.13999792726227908, 0.22222222222222224, 0.008817307791466491
0.30673177355257625, 0.22222222222222224, 0.001657631106067466
0.2677530812018045, 0.22222222222222224, 0.10655008954758595
0.21976410525792375, 0.22222222222222224, 0.02547862911740081
0.21545626923297087, 0.22222222222222224, 0.04167136522794778
0.08573611501047017, 0.22222222222222224, 0.006188053804348653
0.13510968954305927, 0.22222222222222224, 0.0022165377850471993
0.23358697450185578, 0.22222222222222224, 0.003235256112333191
0.17423840381939662, 0.22222222222222224, 0.01054083366971393
0.17385775931228545, 0.22222222222222224, 0.0005962803462254642
0.13531447227419013, 0.22222222222222224, 0.013154985110686452
0.2235492900453115, 0.22222222222222224, 0.009543562285100268
0.29548839742624394, 0.22222222222222224, 0.009037126788896054
0.2440926246218852, 0.22222222222222224, 0.014834165729428144
0.25984783172643355, 0.22222222222222224, 0.006782501427619084
0.2450383123459288, 0.22222222222222224, 0.020379312070526855
0.18414757745505375, 0.22222222222222224, 0.010484005316933045
0.10138766337472122, 0.22222222222222224, 0.017076059384043055
0.20761231908344038, 0.22222222222222224, 0.031114610262951824
0.15951726532370347, 0.22222222222222224, 0.023185760140520498
0.14897594978380702, 0.22222222222222224, 0.011787348471790544
0.17925196167198673, 0.22222222222222224, 0.02087478070453732
0.1843569303524428, 0.22222222222222224, 0.06783591899519989
0.2893815776943427, 0.22222222222222224, 0.005810184457603687
0.21863933354377169, 0.22222222222222224, 0.032447381210716594
0.19598699784207863, 0.22222222222222224, 0.007216517849930298
0.20022138730415862, 0.22222222222222224, 0.022397570983928358
0.2542577540281565, 0.22222222222222224, 0.005978541234299849
0.14538710451195636, 0.22222222222222224, 0.02161366016481014
0.22042352755688255, 0.22222222222222224, 0.006289647331220583
0.26328867962690705, 0.22222222222222224, 0.023333291623242713
0.24330398889024352, 0.22222222222222224, 0.022982556347796383
0.20840656711390887, 0.22222222222222224, 0.0033320410584277435
0.16989105587450615, 0.22222222222222224, 0.003979644002254525
0.209539912676645, 0.22222222222222224, 0.06836457591911138
0.11307074981637871, 0.22222222222222224, 0.015017149091474134
0.13216851389783835, 0.22222222222222224, 0.04978350703477969
0.16236405223837158, 0.22222222222222224, 0.008919263898525553
0.31452635366099485, 0.22222222222222224, 0.0020010336341166426
0.26263933429125064, 0.22222222222222224, 0.005783681453618707
0.1547311535311648, 0.22222222222222224, 0.0796725828434976
0.22313779792186036, 0.22222222222222224, 0.014274963289317625
0.15810779411733247, 0.22222222222222224, 0.026515189082956105
0.2621052891270167, 0.22222222222222224, 0.02190132002598811
0.14966007477474425, 0.22222222222222224, 0.1125916821624096
0.2310635922832589, 0.22222222222222224, 0.013488208846876437
0.277026837003003, 0.22222222222222224, 0.002208560395203669
0.22695491877383883, 0.22222222222222224, 0.002101778544956288
0.1327245808485751, 0.22222222222222224, 0.014362300706467252
0.28927936583853164, 0.22222222222222224, 0.013120982419330922
0.16960272198473741, 0.22222222222222224, 0.0007326456022493749
0.20957107475722053, 0.22222222222222224, 0.036566691835803175
0.26874894385879877, 0.22222222222222224, 0.011444290211041609
0.07258618785058912, 0.22222222222222224, 0.004327785927223929
0.11082088161080494, 0.22222222222222224, 0.00879593947056873
0.22202729761200804, 0.22222222222222224, 0.037847796920325534
0.13269644419058851, 0.22222222222222224, 0.020856890524637475
0.16282224489722202, 0.22222222222222224, 0.013761921873470504
0.183066121990761, 0.22222222222222224, 0.011090101114323726
0.16116898235832328, 0.22222222222222224, 0.004004895442575252
0.20817492700919585, 0.22222222222222224, 0.00369957139040099
0.20824940438083267, 0.22222222222222224, 0.012571729070685933
0.21887470096165845, 0.22222222222222224, 0.008148467092194894
0.1854568590315338, 0.22222222222222224, 0.010689705711009492
0.30854423184611335, 0.22222222222222224, 0.0009337847497426818
0.23338422136880227, 0.22222222222222224, 0.004703047547084911
0.18108169971345456, 0.22222222222222224, 0.005097822265895324
0.21182146132312352, 0.22222222222222224, 0.028247621509479938
0.1790214936729159, 0.22222222222222224, 0.01885181337724678
0.21546779855151357, 0.22222222222222224, 0.026189455117543486
0.14676494283836483, 0.22222222222222224, 0.027017735377025152
0.1591871922023952, 0.22222222222222224, 0.00251340974289205
0.15079250225350124, 0.22222222222222224, 0.03578221656319504
0.14771993687850518, 0.22222222222222224, 0.007347165015299507
0.14556457320956678, 0.22222222222222224, 0.017768762944881174
0.1926483592404994, 0.22222222222222224, 0.004019657093834324
0.25344430605648083, 0.22222222222222224, 0.03462060779245569
0.2279501626125004, 0.22222222222222224, 0.001081809836754973
0.24954953566922974, 0.22222222222222224, 0.030646691830981843
0.21619664670331024, 0.22222222222222224, 0.02546332009423782
0.2321951003078673, 0.22222222222222224, 0.07587052380079666
0.1466584286465518, 0.22222222222222224, 0.002945961639658272
0.21660540080267318, 0.22222222222222224, 0.01952069250608405
0.2395325796153815, 0.22222222222222224, 0.04414026188901744
0.1856847275570716, 0.22222222222222224, 0.0042099644105770525
0.21589382373735538, 0.22222222222222224, 0.008548373471543353
0.28227999269374665, 0.22222222222222224, 0.0017595066845220184
0.21307939817934796, 0.22222222222222224, 0.012202554194300105
0.2060496917075609, 0.22222222222222224, 0.02472965296984388
0.12963066029828518, 0.22222222222222224, 0.01757395973374939
0.14688938290189407, 0.22222222222222224, 0.02573761631647088
0.2580998390363924, 0.22222222222222224, 0.0015724140326723592
0.26681545112379423, 0.22222222222222224, 0.026632563084765252
0.26198544104069427, 0.22222222222222224, 0.00014349400001475803
0.2521130755858095, 0.22222222222222224, 0.13250623982641713
0.3140453081361558, 0.22222222222222224, 0.02772189587000155
0.1005293952480174, 0.22222222222222224, 0.026210690879251177
0.1988571481593263, 0.22222222222222224, 0.03735680674745278
0.21229338159582808, 0.22222222222222224, 0.01324491377240095
0.14212854279066459, 0.22222222222222224, 0.03441089931667889
0.20871381594909347, 0.22222222222222224, 0.007783125120526409
0.1681363079201121, 0.22222222222222224, 0.007441829881576035
0.32222949188299943, 0.22222222222222224, 0.002415172134550854
0.147072558855213, 0.22222222222222224, 0.00858992626782983
0.17304789236585483, 0.22222222222222224, 0.007462270484450659
0.09808755389769169, 0.22222222222222224, 0.011185804977776364
0.12501949923892752, 0.22222222222222224, 0.003141189207574701
0.17697018844368279, 0.22222222222222224, 0.0010291649319275366
0.27229322678467316, 0.22222222222222224, 0.00628945622770426
0.222645126370967, 0.22222222222222224, 0.011130847995220355
0.15090065917999168, 0.22222222222222224, 0.08516302981242374
0.2797521781633732, 0.22222222222222224, 0.012862461811070793
0.21017534085455286, 0.22222222222222224, 0.010616968280855616
0.1342865434696916, 0.22222222222222224, 0.0547168386683725
0.389236206018854, 0.22222222222222224, 0.0002840211505681281
0.15589159923519935, 0.22222222222222224, 0.007872910215108428
0.18394897084524778, 0.22222222222222224, 0.011851979925892485
0.1837613149412983, 0.22222222222222224, 0.005538318224887481
0.14569106488002834, 0.22222222222222224, 0.003689452821346083
0.18984774545325372, 0.22222222222222224, 0.02398942717333873
0.16064600982455715, 0.22222222222222224, 0.004127883877406908
0.19824888228112525, 0.22222222222222224, 0.014724753661592224
0.24928193258882161, 0.22222222222222224, 0.0013026600729597849
0.2295678555604366, 0.22222222222222224, 0.020514086728838782
0.1500662181337834, 0.22222222222222224, 0.023782397897093095
0.30276331108306886, 0.22222222222222224, 0.004288725515083662
0.16004065951726046, 0.22222222222222224, 0.010079903861197921
0.2909239492523166, 0.22222222222222224, 0.03541941639800652
0.1915111119826823, 0.22222222222222224, 0.012325343156605056
0.29176609081699084, 0.22222222222222224, 0.022197624792294843
0.2169248564534175, 0.22222222222222224, 0.04003778295343119
0.18772884785464009, 0.22222222222222224, 0.017618046812772358
0.36310838628808195, 0.22222222222222224, 0.011062407557321583
0.23768616259356168, 0.22222222222222224, 0.05667640026260712
0.15995918234635662, 0.22222222222222224, 0.024294413247249888
0.24809269242242601, 0.22222222222222224, 0.019629526285983728
0.15956199600033127, 0.22222222222222224, 0.03454770537533892
0.17910294025740767, 0.22222222222222224, 0.002487309282185643
0.20241584688405548, 0.22222222222222224, 0.04348159960634464
0.1513080812819725, 0.22222222222222224, 0.01579631379803129
0.16498185921957356, 0.22222222222222224, 0.0090915341367931
0.14082236670146442, 0.22222222222222224, 0.008302405207753352
0.13321880610600847, 0.22222222222222224, 0.009931627495371761
0.18114939398173702, 0.22222222222222224, 0.00785117437731012
0.23870229477515764, 0.22222222222222224, 0.05567563839736982
0.21091539965300135, 0.22222222222222224, 0.025431314953103724
0.1498886827715703, 0.22222222222222224, 0.04196944675347762
0.28727294197295783, 0.22222222222222224, 0.01033479461901199
0.20558253464102721, 0.22222222222222224, 0.009974206497087145
0.126998980044926, 0.22222222222222224, 0.014179813177152813
0.19456888570857475, 0.22222222222222224, 0.07569263897521815
0.18781919825857765, 0.22222222222222224, 0.008946897563921422
0.13383907833776343, 0.22222222222222224, 0.0408022624455659
0.15309554151443655, 0.22222222222222224, 0.04709350479190799
0.16470155535353787, 0.22222222222222224, 0.019255755909555045
0.23600614443489332, 0.22222222222222224, 0.019999294661205886
0.13437956443728755, 0.22222222222222224, 0.003830712667649661
0.23275109265446914, 0.22222222222222224, 0.024934512457241282
0.19691622984216114, 0.22222222222222224, 0.0033574208662139607
0.20995316444298828, 0.22222222222222224, 0.015028111573848348
0.10799027576313205, 0.22222222222222224, 0.0010076731573494303
0.21176187510551234, 0.22222222222222224, 0.0016590452784785103
0.27764414028151985, 0.22222222222222224, 0.01119618364695307
0.23099537849796095, 0.22222222222222224, 0.10111835021344907
0.20346886277304171, 0.22222222222222224, 0.07642227916183189
0.20273916521062202, 0.22222222222222224, 0.018352335679439728
0.14724117737861064, 0.22222222222222224, 0.036600040242316584
0.16275070631372135, 0.22222222222222224, 0.011932665298252718
0.254626361118892, 0.22222222222222224, 0.0083066138783103
0.18937264099862544, 0.22222222222222224, 0.09317632443159705
0.22226708349652516, 0.22222222222222224, 0.05783021540347924
0.2298628180085544, 0.22222222222222224, 0.010520827977996727
0.1765966135655838, 0.22222222222222224, 0.013267762894203483
0.14380850254042207, 0.22222222222222224, 0.060802163280805926
0.19155036529605812, 0.22222222222222224, 0.01925963336120575
0.08894356854093598, 0.22222222222222224, 0.016369599482370753
0.11568811485284884, 0.22222222222222224, 0.07470331507025166
0.2571975146881835, 0.22222222222222224, 0.002004882135219768
0.2625961206592808, 0.22222222222222224, 0.009134050378703042
0.1019985186243339, 0.22222222222222224, 0.0627499857064584
0.1532557130679626, 0.22222222222222224, 0.0013465159503594033
0.07572153738016446, 0.22222222222222224, 0.003663681547645746
0.24887187102394703, 0.22222222222222224, 0.025795182979299672
0.1669284154271366, 0.22222222222222224, 0.018620569240487973
0.20674518290578445, 0.22222222222222224, 0.009072353744627051
0.24544275845387764, 0.22222222222222224, 0.011517171411685973
0.2570060347202942, 0.22222222222222224, 0.05711441009070307
0.2666687669380906, 0.22222222222222224, 0.019679540671806512
0.24935698450893176, 0.22222222222222224, 0.00472850012301972
0.16367723429155903, 0.22222222222222224, 0.04109871954082081
0.17244935092422028, 0.22222222222222224, 0.0111933712433328
0.2349911152435295, 0.22222222222222224, 0.003968691747254945
0.2587640457349625, 0.22222222222222224, 0.021660461400540044
0.26912729317366235, 0.22222222222222224, 0.006082434318148021
0.12872438196627284, 0.22222222222222224, 0.018663608718949558
0.31441305623171806, 0.22222222222222224, 0.0043529699268005225
0.2032711234577864, 0.22222222222222224, 0.01157580964421712
0.22648198125028737, 0.22222222222222224, 0.027679201920748034
0.20647386235113582, 0.22222222222222224, 0.019165668853956833
0.16381611315001074, 0.22222222222222224, 0.002779438056729568
0.22739006170090295, 0.22222222222222224, 0.027339137992778928
0.13117487439448666, 0.22222222222222224, 0.008027759622212229
0.15658215069828452, 0.22222222222222224, 0.03718549783873267
0.24833673893524497, 0.22222222222222224, 0.013984157348671086
0.2124101996933111, 0.22222222222222224, 0.0478669969449659
0.21142350809406565, 0.22222222222222224, 0.0029234642629442005
0.2128874555910287, 0.22222222222222224, 0.07139498255371081
0.2895274412483425, 0.22222222222222224, 0.015330183390716816
0.23826931468765544, 0.22222222222222224, 0.0019074421586613283
0.20839012092069228, 0.22222222222222224, 0.016051993205993348
0.23996443524484037, 0.22222222222222224, 0.00798756760879977
0.28898869196630833, 0.22222222222222224, 0.027682688898796645
0.18356044776665012, 0.22222222222222224, 0.00151730851140528
0.18271171274608902, 0.22222222222222224, 0.011043284869441455
0.23695106574807187, 0.22222222222222224, 0.031333278641968554
0.17492929741821, 0.22222222222222224, 0.0005938299620840932
0.13229539761428555, 0.22222222222222224, 0.009101621817925757
0.2559434981883583, 0.22222222222222224, 0.0032450444248375756
0.24641106310288488, 0.22222222222222224, 0.006523094706716103
0.28886742441432744, 0.22222222222222224, 0.033092331048014505
0.303734733330513, 0.22222222222222224, 0.02080755776419269
0.21240963506002972, 0.22222222222222224, 0.025176808221471947
0.20048036312913228, 0.22222222222222224, 0.001678075691719214
0.24748803464017116, 0.22222222222222224, 0.010617969964259988
0.2550490773876231, 0.22222222222222224, 0.0185261206541054
0.22925566126381486, 0.22222222222222224, 0.04658482258057071
0.19480734362771018, 0.22222222222222224, 0.010534454786162877
0.30273097333943866, 0.22222222222222224, 0.06923356267276679
0.33433461056915936, 0.22222222222222224, 0.030210737621076095
0.17913289836016347, 0.22222222222222224, 0.016749803954727777
0.28190895003579414, 0.22222222222222224, 0.007837785197874599
0.16520838246192424, 0.22222222222222224, 0.004418039196511131
0.2682636830494799, 0.22222222222222224, 0.003625656480791347
0.18241469823606368, 0.22222222222222224, 0.035106274643025154
0.20139924473079895, 0.22222222222222224, 0.00019846688450772434
0.22739409571094396, 0.22222222222222224, 0.030424449614709068
0.1817272991112004, 0.22222222222222224, 0.08514367365326146
0.2014294455215618, 0.22222222222222224, 0.015454042679426867
0.2158122581688096, 0.22222222222222224, 0.011254868884401649
0.24852924198407658, 0.22222222222222224, 0.018175942795992397
0.19510421110385184, 0.22222222222222224, 0.044294306574389944
0.1817309755613686, 0.22222222222222224, 0.0005039974978014791
0.2802954284137056, 0.22222222222222224, 0.022584134738761582
0.21241594409103667, 0.22222222222222224, 0.020173329602822435
0.1568048033764125, 0.22222222222222224, 0.015192190765115255
0.10320577297372888, 0.22222222222222224, 0.025692454567999134
0.19397356619365833, 0.22222222222222224, 0.0043773292954450765
0.151475344880298, 0.22222222222222224, 0.029713916284563487
0.22582220355343413, 0.22222222222222224, 0.027922058027171754
0.19550878041466746, 0.22222222222222224, 0.0037706030847257464
0.15033630406409948, 0.22222222222222224, 0.0017822421662762467
0.2629253438243493, 0.22222222222222224, 0.03844199630561683
0.16949116717333124, 0.22222222222222224, 0.003969164310032453
0.2873116513911929, 0.22222222222222224, 0.01479245612073389
0.23761680805137025, 0.22222222222222224, 0.003283019940896037
0.17495881640935163, 0.22222222222222224, 0.006901163866800037
0.18384529985734843, 0.22222222222222224, 0.02244530570647913
0.11177330123375155, 0.22222222222222224, 0.0034255030644948664
0.22209881613843374, 0.22222222222222224, 0.01256733216433829
0.15850037476323897, 0.22222222222222224, 0.018168120852636867
0.12653278452431843, 0.22222222222222224, 0.06654049239679344
0.15155725150731064, 0.22222222222222224, 0.03346374206754598
0.2743573255379643, 0.22222222222222224, 0.00022104409653702522
0.19763539062696767, 0.22222222222222224, 0.04028624477569803
0.21736701940762976, 0.22222222222222224, 0.026398417114284433
0.19933364167505524, 0.22222222222222224, 0.0012857583926298589
0.21152386514735336, 0.22222222222222224, 0.02349347531403436
0.2025484551045026, 0.22222222222222224, 0.012080274964525583
0.11483308153901904, 0.22222222222222224, 0.016436971814523936
0.22551664224583562, 0.22222222222222224, 0.005892370392702493
0.16873407083674472, 0.22222222222222224, 0.023037634271386803
0.1809879894008324, 0.22222222222222224, 0.029148210260325484
0.18712799055645526, 0.22222222222222224, 0.009692230182956988
0.33614866400167753, 0.22222222222222224, 0.03394945613935604
0.12316900386506609, 0.22222222222222224, 0.0027562475852309985
0.2328627664616286, 0.22222222222222224, 0.03570289569466367
0.1969717604040574, 0.22222222222222224, 0.0042031006907934714
0.18777553637640026, 0.22222222222222224, 0.03891017629555632
0.20971725468235014, 0.22222222222222224, 0.02608673127219027
0.24022837474563202, 0.22222222222222224, 0.04381810343083141
0.23884738705434658, 0.22222222222222224, 0.007746519640308544
0.12123010445402743, 0.22222222222222224, 0.004737019670557664
0.20948153992817936, 0.22222222222222224, 0.01543411811802287
0.1173319756656345, 0.22222222222222224, 0.05200826428501511
0.2270361669074094, 0.22222222222222224, 0.03899794614036033
0.2335274748928184, 0.22222222222222224, 0.009684820555445376
0.2363969202674636, 0.22222222222222224, 0.0017440607978948908
0.2088792682401858, 0.22222222222222224, 0.023494293110605854
0.226878960871181, 0.22222222222222224, 0.006059662290669115
0.20512345365316006, 0.22222222222222224, 0.04649610388603043
0.20539842616960127, 0.22222222222222224, 0.008254497009766939
0.1949787878705314, 0.22222222222222224, 0.01240492338045962
0.21216738202348054, 0.22222222222222224, 0.00141497949765275
0.18811655446926007, 0.22222222222222224, 0.05670955436975924
0.143783593589852, 0.22222222222222224, 0.007210344540105651
0.20284451364422132, 0.22222222222222224, 0.010274067743525139
0.14931434857578, 0.22222222222222224, 0.021842088968029295
0.16672740711882936, 0.22222222222222224, 0.007432759784128651
0.1538844000505481, 0.22222222222222224, 0.0228085072898361
0.2413340834282287, 0.22222222222222224, 0.009344559124817183
0.18689253669403164, 0.22222222222222224, 0.005822576826011693
0.13248220561862722, 0.22222222222222224, 0.02126232699927351
0.19223577399682426, 0.22222222222222224, 0.12044235871463835
0.11889144483702373, 0.22222222222222224, 0.004231536869301613
0.18265064323636024, 0.22222222222222224, 0.00018063685395818834
0.1868352920113254, 0.22222222222222224, 0.0297889434647402
0.24699775128532264, 0.22222222222222224, 0.061910709967148765
0.14381297104117952, 0.22222222222222224, 0.00032316003082080805
0.21335351134621686, 0.22222222222222224, 0.0023224628235435645
0.2394122556484756, 0.22222222222222224, 0.003708977150216582
0.24733810634675116, 0.22222222222222224, 0.004239551834293506
0.2187835170388193, 0.22222222222222224, 0.0240923429545851
0.13102873915839608, 0.22222222222222224, 0.008459691513811903
0.16843413960728426, 0.22222222222222224, 0.003722009606546708
0.15881807760569341, 0.22222222222222224, 0.011319050964683892
0.13518969306500767, 0.22222222222222224, 0.01194792171364157
0.27659602124049837, 0.22222222222222224, 0.05088164863904
0.1900831506038119, 0.22222222222222224, 0.013708694186219684
0.19100561276936726, 0.22222222222222224, 0.002295645214122904
0.18782200653316433, 0.22222222222222224, 0.011982487153187012
0.26724319003315555, 0.22222222222222224, 0.003074529697821007
0.2863158960750948, 0.22222222222222224, 0.0030945151612977
0.23708363687048417, 0.22222222222222224, 0.051596924198023635
0.2210661234642619, 0.22222222222222224, 0.03815545360214506
0.19368184769932945, 0.22222222222222224, 0.07276534640990852
0.12380706150137508, 0.22222222222222224, 0.006936766862999517
0.20313911667521156, 0.22222222222222224, 0.03485461716813128
0.15919221571771838, 0.22222222222222224, 0.01434845250598254
0.12137287060709781, 0.22222222222222224, 0.08171820811758715
0.135025637532171, 0.22222222222222224, 0.041754482394342346
0.15743200859866074, 0.22222222222222224, 0.0071268504604650425
0.15747814747537883, 0.22222222222222224, 0.09138938364294431
0.2526885247714295, 0.22222222222222224, 0.037698541755579046
0.18079821806552063, 0.22222222222222224, 0.003090167661052275
0.14972724753541852, 0.22222222222222224, 0.016263784727616807
0.1746326942482424, 0.22222222222222224, 0.002584566615583961
0.16376367669245145, 0.22222222222222224, 0.008633235450191035
0.1932020390024428, 0.22222222222222224, 0.007716143892747607
0.3136618835961097, 0.22222222222222224, 0.004831905785990384
0.15891403927281061, 0.22222222222222224, 0.0006305017639506171
0.2906530498822292, 0.22222222222222224, 0.017884485655869427
0.2073170855375696, 0.22222222222222224, 0.02516409256186123
0.20638275826318875, 0.22222222222222224, 0.01596100159090945
0.19342667911568376, 0.22222222222222224, 0.03158485832168328
0.2154702037826597, 0.22222222222222224, 0.0382683896840075
0.1805321143131599, 0.22222222222222224, 0.01869319119313104
0.20837371677395183, 0.22222222222222224, 0.003590431237872736
0.2312092279517794, 0.22222222222222224, 0.02252588502285811
0.185466700775762, 0.22222222222222224, 0.03020607451126918
0.14563695523672246, 0.22222222222222224, 0.01027858102713567
0.2142604628187761, 0.22222222222222224, 0.016457066228263557
0.22001596896320177, 0.22222222222222224, 0.006603069567001686
0.23563403458310295, 0.22222222222222224, 0.00959397063863716
0.23769564070578603, 0.22222222222222224, 0.02112540167607865
0.19132252267022823, 0.22222222222222224, 0.0018945450086396772
0.1515614810764299, 0.22222222222222224, 0.014094513411849805
0.16012777381564405, 0.22222222222222224, 0.029289826204345695
0.18872339744885297, 0.22222222222222224, 0.033761631093042074
0.18438286168717746, 0.22222222222222224, 0.007288390828026566
0.15070906694772906, 0.22222222222222224, 0.016384640116166683
0.12437030309999131, 0.22222222222222224, 0.046397779773652725
0.19405307682256467, 0.22222222222222224, 0.032169599460683714
0.28116344246591324, 0.22222222222222224, 0.009140439395584943
0.24018448634500944, 0.22222222222222224, 0.0022008617877340175
0.16180688522818232, 0.22222222222222224, 0.004982726038353212
0.20735452706604904, 0.22222222222222224, 0.006777425263059061
0.21953154621325133, 0.22222222222222224, 0.006230280599802726
0.24875272364458287, 0.22222222222222224, 0.043791561986638444
0.22695100836910992, 0.22222222222222224, 0.029612340575953588
0.14777012846259205, 0.22222222222222224, 0.026181013214878115
0.22653113139473544, 0.22222222222222224, 0.004031777540604934
0.15744507052823098, 0.22222222222222224, 0.019925745997716637
0.1923639235756473, 0.22222222222222224, 0.011574296580457057
0.2243893718367171, 0.22222222222222224, 0.016271990626015132
0.1901464849617361, 0.22222222222222224, 0.003217983146222106
0.21063138759477437, 0.22222222222222224, 0.015687499243721585
0.23864183700231192, 0.22222222222222224, 0.014054441126067893
0.1618065761563142, 0.22222222222222224, 0.028411200201917706
0.25650411766462444, 0.22222222222222224, 0.027042778395325623
0.20148779330530556, 0.22222222222222224, 0.023045072169659966
0.17529484140695736, 0.22222222222222224, 0.00925647127427384
0.24261347498116081, 0.22222222222222224, 0.01029517836312022
0.22649888987687078, 0.22222222222222224, 0.06779996318340409
0.2010797508166944, 0.22222222222222224, 0.0011638182526173737
0.15027241084993476, 0.22222222222222224, 0.01198918963211089
0.167489922333038, 0.22222222222222224, 0.026705518798275943
0.11708304895161407, 0.22222222222222224, 0.01670844457678248
0.25475366078372363, 0.22222222222222224, 0.0046545130533529305
0.2329155788693511, 0.22222222222222224, 0.011429854751572533
0.11046869380263762, 0.22222222222222224, 0.03936314332892174
0.20558354194290815, 0.22222222222222224, 0.009122534144766065
0.2068162423142227, 0.22222222222222224, 0.0037747392858463466
0.21504354131978298, 0.22222222222222224, 0.10845903527326659
0.29688702880075934, 0.22222222222222224, 0.0014087385161620134
0.23443725673614346, 0.22222222222222224, 0.03175536559629094
0.1392971106735894, 0.22222222222222224, 0.021233162523244094
0.18269892636352061, 0.22222222222222224, 0.024714375016534392
0.20520708511820238, 0.22222222222222224, 0.0012003154448238284
0.2125240395362296, 0.22222222222222224, 0.016820556047896226
0.2096468412703012, 0.22222222222222224, 0.008524672200934409
0.16222393456896303, 0.22222222222222224, 0.004050483258045659
0.23641219291860252, 0.22222222222222224, 0.028998456518700838
0.2725573704651518, 0.22222222222222224, 0.015120821200946929
0.23209515521945917, 0.22222222222222224, 0.029158343584943174
0.1361739188223872, 0.22222222222222224, 0.03329194029643629
0.22966657475354246, 0.22222222222222224, 0.017852882153997246
0.18091292822930308, 0.22222222222222224, 0.04775642934154393
0.2081431373960257, 0.22222222222222224, 0.018788256182670382
0.22573786823867195, 0.22222222222222224, 0.02915863700900041
0.1693824596073181, 0.22222222222222224, 0.017942123327770197
0.26419053027264655, 0.22222222222222224, 0.016666006578940386
0.25780862870694726, 0.22222222222222224, 0.020444632599457804
0.19509452924762985, 0.22222222222222224, 0.008320453092774627
0.20045795949543369, 0.22222222222222224, 0.10582069036087327
0.21905368957100751, 0.22222222222222224, 0.047277284326400784
0.23672914803351625, 0.22222222222222224, 0.029275574371456697
0.2748426936332549, 0.22222222222222224, 0.016611688238199838
0.1737468233382949, 0.22222222222222224, 0.06084738816490608
0.1942018268746258, 0.22222222222222224, 0.002404784805925689
0.20254685508942555, 0.22222222222222224, 0.006151475635267847
0.2772127398905001, 0.22222222222222224, 0.013567221243994246
0.19731406139768035, 0.22222222222222224, 0.019404049860256026
0.16349786809347241, 0.22222222222222224, 0.005390566407302715
0.14033595863429277, 0.22222222222222224, 0.004257052038764794
0.18586397158485365, 0.22222222222222224, 0.009984685585373363
0.1672215658395761, 0.22222222222222224, 0.004646597083875091
0.17224709416149753, 0.22222222222222224, 0.04689756280870907
0.18965432228041168, 0.22222222222222224, 0.025743003556281698
0.22224323979141178, 0.22222222222222224, 0.006049550383481209
0.24400607816905695, 0.22222222222222224, 0.016709110626884002
0.2194017424413428, 0.22222222222222224, 0.02015541485371279
0.20375108297688133, 0.22222222222222224, 0.022230727624567105
0.13409856361318095, 0.22222222222222224, 0.09219427490245334
0.22503963236823343, 0.22222222222222224, 0.01854146221165748
0.18635288675383616, 0.22222222222222224, 0.007710357688132827
0.21927633269470187, 0.22222222222222224, 0.03576684141793123
0.21987328730199016, 0.22222222222222224, 0.021551326080338735
0.1685484202406304, 0.22222222222222224, 0.009443574707112611
0.1792022670036194, 0.22222222222222224, 0.003386358520361802
0.22942237281801342, 0.22222222222222224, 0.007866861155593645
0.30703401656471696, 0.22222222222222224, 0.08204615164525107
0.18732803236055545, 0.22222222222222224, 0.004070747329822483
0.2582657676464942, 0.22222222222222224, 0.02421044371929077
0.2105991890472159, 0.22222222222222224, 0.019569436899804952
0.15629432349873246, 0.22222222222222224, 0.010761248266034865
0.2593915438553983, 0.22222222222222224, 0.0338188369981482
0.21770878664023238, 0.22222222222222224, 0.02123958352133614
0.2592155679136097, 0.22222222222222224, 0.014857706582874199
0.09436812023588376, 0.22222222222222224, 0.04385267191245721
0.19151564890245262, 0.22222222222222224, 0.04348315815619905
0.21378887568993715, 0.22222222222222224, 0.03526493501478363
0.15084925351465162, 0.22222222222222224, 0.03118470221984553
0.21356356004936317, 0.22222222222222224, 0.0066723177134562755
0.15201583416652947, 0.22222222222222224, 0.004654043161253063
0.19936062635724466, 0.22222222222222224, 0.05538896250451352
0.18675237129034336, 0.22222222222222224, 0.018275370403698553
0.25630104393387265, 0.22222222222222224, 0.0068728164762352426
0.16052742998974825, 0.22222222222222224, 0.0060350836481484794
0.18713743431600793, 0.22222222222222224, 0.048728824840627974
0.27851838353413605, 0.22222222222222224, 0.021352544184803646
0.15337595680520155, 0.22222222222222224, 0.036100560272240664
0.1485272507451798, 0.22222222222222224, 0.0062792100957883516
0.2538888859296138, 0.22222222222222224, 0.00827416661665472
0.18444501902350519, 0.22222222222222224, 0.04443925616725688
0.09583704699479323, 0.22222222222222224, 0.00984199893712924
0.24472759685828965, 0.22222222222222224, 0.0339692645005115
0.16704736711536425, 0.22222222222222224, 0.010389334544394287
0.18468907497904483, 0.22222222222222224, 0.005089173330328698
0.2913895760584716, 0.22222222222222224, 0.017538226285996272
0.11385783229880649, 0.22222222222222224, 0.020368443581652053
0.1970602194595708, 0.22222222222222224, 0.01637494464131389
0.14951086296483174, 0.22222222222222224, 0.004190026472979087
0.17927289014752743, 0.22222222222222224, 0.07384402667537206
0.11859035440243748, 0.22222222222222224, 0.029202297988337497
0.148307413849053, 0.22222222222222224, 0.0030862864633536473
0.23634969102078163, 0.22222222222222224, 0.004454041124760436
0.2928774709145209, 0.22222222222222224, 0.019556640372943815
0.16464903631768568, 0.22222222222222224, 0.006484779623207382
0.24812989092766963, 0.22222222222222224, 0.013729704214795123
0.1475457620563423, 0.22222222222222224, 0.009969733626481955
0.20359578128138014, 0.22222222222222224, 0.004299499175812072
0.2321277466129531, 0.22222222222222224, 0.006839402105734933
0.16734379701010893, 0.22222222222222224, 0.03405444988593559
0.1906381309377134, 0.22222222222222224, 9.843661833875152e-05
0.16635371944151034, 0.22222222222222224, 0.002512516972089637
0.13172854752825444, 0.22222222222222224, 0.005060244788723813
0.2665887042565714, 0.22222222222222224, 0.011384127388556532
0.14464289724842644, 0.22222222222222224, 0.0014294049963814498
0.2480277354855429, 0.22222222222222224, 0.0036676225968947694
0.23286489611951272, 0.22222222222222224, 0.021875142843456336
0.22702898186248607, 0.22222222222222224, 0.0028089900553955965
0.22825811161607595, 0.22222222222222224, 0.005104457293502948
0.16228467565064053, 0.22222222222222224, 0.013243647562143157
0.22386678655112402, 0.22222222222222224, 0.007251424650811716
0.180925448749391, 0.22222222222222224, 0.014927237293779812
0.19908358422894654, 0.22222222222222224, 0.022581447650234288
0.2198780632731767, 0.22222222222222224, 0.040661762961537805
0.21166958721604598, 0.22222222222222224, 0.07300803832406864
0.21445310251869484, 0.22222222222222224, 0.028446750599226953
0.32031013083776183, 0.22222222222222224, 0.024653436107809606
0.24691641175158835, 0.22222222222222224, 0.009755563618763619
0.3132650674055522, 0.22222222222222224, 6.480937967393473e-05
0.19988202769425484, 0.22222222222222224, 0.019108329395781685
0.19259777799666522, 0.22222222222222224, 0.009185556666063285
0.22182508245797772, 0.22222222222222224, 0.025880234942990316
0.2039458072534367, 0.22222222222222224, 0.04409709894336281
0.15297332740177885, 0.22222222222222224, 0.0339531439382777
0.10680173429295177, 0.22222222222222224, 0.03139992674424781
0.15053232661865126, 0.22222222222222224, 0.007603825450281016
0.3201892062056545, 0.22222222222222224, 0.016831354337464653
0.15031515225910874, 0.22222222222222224, 0.008973897686326785
0.30053294118993334, 0.22222222222222224, 0.0034835944894831866
0.32048732871415947, 0.22222222222222224, 0.0019851727005980578
0.17317964208426448, 0.22222222222222224, 0.02323754829166563
0.24934434076585213, 0.22222222222222224, 0.020253336588951506
0.15776078659273293, 0.22222222222222224, 0.005198241146928602
0.1889717332628888, 0.22222222222222224, 6.029311860227141e-05
0.1890779570036644, 0.22222222222222224, 0.008656409221592571
0.21165062948881166, 0.22222222222222224, 0.031156594818311713
0.167060035496881, 0.22222222222222224, 0.026146768807843473
0.19292521417537284, 0.22222222222222224, 0.03537620643274352
0.2310467414350854, 0.22222222222222224, 0.03784688738174273
0.13218277080211682, 0.22222222222222224, 0.013735929881142129
0.22843806601093405, 0.22222222222222224, 0.042418039269309364
0.3178582857430183, 0.22222222222222224, 0.000602657560661196
0.22664476123912808, 0.22222222222222224, 0.015662906497107495
0.21644493053336383, 0.22222222222222224, 0.06747886553633643
0.13684283478542625, 0.22222222222222224, 0.02587313314394988
0.2730740498082139, 0.22222222222222224, 0.004641555590061142
0.23143249908100644, 0.22222222222222224, 0.04385014122285476
0.2082234609041783, 0.22222222222222224, 0.017999532029771316
0.11956046175348686, 0.22222222222222224, 0.003906836526994966
0.2467873610019503, 0.22222222222222224, 0.023383690549317764
0.1937667812657425, 0.22222222222222224, 0.01741362802274896
0.2281228644374873, 0.22222222222222224, 0.01940423065085092
0.19721465401349716, 0.22222222222222224, 0.009859662337438818
0.2551869522015336, 0.22222222222222224, 0.05083283626201397
0.21902484561209246, 0.22222222222222224, 0.006286624882878303
0.18796131428076918, 0.22222222222222224, 0.02962088607185004
0.21501404339652866, 0.22222222222222224, 0.017973078544670774
0.1975754290199951, 0.22222222222222224, 0.007244655359177505
0.2471669328608821, 0.22222222222222224, 0.046614246358995144
0.25959620407513395, 0.22222222222222224, 0.011249830332438664
0.1742512309278839, 0.22222222222222224, 0.025194619788778887
0.18460608966357317, 0.22222222222222224, 0.08020246511584354
0.17104902245078693, 0.22222222222222224, 0.009071764759332078
0.17812725628816514, 0.22222222222222224, 0.007391918292283768
0.17616711523203896, 0.22222222222222224, 0.016950627752747076
0.23955871754122235, 0.22222222222222224, 0.03203581533252649
0.15403238536710745, 0.22222222222222224, 0.18684081699186378
0.17769610813047185, 0.22222222222222224, 0.026817609081080218
0.2463359104466033, 0.22222222222222224, 0.03155694717735715
0.22749955586880397, 0.22222222222222224, 0.02034261714816047
0.1666110122523849, 0.22222222222222224, 0.037395219570693916
0.20874750394189737, 0.22222222222222224, 0.002224440087591547
0.14385282922872297, 0.22222222222222224, 0.020817794124761074
0.16454585801713678, 0.22222222222222224, 0.0046028298519284324
0.24029990893006542, 0.22222222222222224, 0.04450011386613603
0.35569519583456477, 0.22222222222222224, 0.08310692776025383
0.23693191474293868, 0.22222222222222224, 0.00245574462178391
0.2401215208766271, 0.22222222222222224, 0.04024864552527884
0.21729547362007065, 0.22222222222222224, 0.004805473485429863
0.1483273038246101, 0.22222222222222224, 0.04057592794173913
0.17464974301591035, 0.22222222222222224, 0.03450947691338466
0.1860968271691292, 0.22222222222222224, 0.009009003672622291
0.14889291842666902, 0.22222222222222224, 0.009984903782766676
0.15149412824851186, 0.22222222222222224, 0.033621952129023996
0.24481705926606373, 0.22222222222222224, 0.012082877781379835
0.19832625090366054, 0.22222222222222224, 0.012708571367169241
0.2233575296176696, 0.22222222222222224, 0.020782335140979713
0.20360728625864646, 0.22222222222222224, 0.018582798902603927
0.28850197224688434, 0.22222222222222224, 0.0456619380958633
0.23784689518320054, 0.22222222222222224, 0.015213235467271102
0.16436573352519515, 0.22222222222222224, 0.002072786515143506
0.2233032971325764, 0.22222222222222224, 0.0405142159824525
0.20869890984018893, 0.22222222222222224, 0.006056932196516137
0.2191123208834283, 0.22222222222222224, 0.02687190717154518
0.28143544203534443, 0.22222222222222224, 0.02242142379046042
0.2678546213536357, 0.22222222222222224, 0.008495546593688907
0.2882728696375974, 0.22222222222222224, 0.008997397290075242
0.14677424243846748, 0.22222222222222224, 0.004356270962766546
0.2183132720738936, 0.22222222222222224, 0.010004846936524363
0.14021970830905328, 0.22222222222222224, 0.02477453154171922
0.22298793415700865, 0.22222222222222224, 0.00018145260375389074
0.27202302759934804, 0.22222222222222224, 0.01714480936788382
0.18912309557317375, 0.22222222222222224, 0.03552934354726938
0.22229614749473958, 0.22222222222222224, 0.002730485669532485
0.13080379490846003, 0.22222222222222224, 0.0030175514260853686
0.28359499833064183, 0.22222222222222224, 0.007354079714458255
0.12155167800303426, 0.22222222222222224, 0.024401224699289754
0.16013602776436234, 0.22222222222222224, 0.008153375470700957
0.27131362395786746, 0.22222222222222224, 0.026033398036208185
0.24183950241403293, 0.22222222222222224, 0.050899946436560345
0.20883650133630347, 0.22222222222222224, 0.0032063846469936787
0.1935555943598738, 0.22222222222222224, 0.05705465078265309
0.11242692791777206, 0.22222222222222224, 0.05061667618909431
0.27912973500443616, 0.22222222222222224, 0.00623237781917053
0.24691817419421297, 0.22222222222222224, 0.011656818966062644
0.07779694553990164, 0.22222222222222224, 0.0021297427043744438
0.2694174372778835, 0.22222222222222224, 0.01223510630091601
0.21546431481927922, 0.22222222222222224, 0.043905720104140754
0.2898381190797966, 0.22222222222222224, 0.01016227738749445
0.19674455119983378, 0.22222222222222224, 0.02444977539507889
0.16492913125382988, 0.22222222222222224, 0.005826919634794758
0.2616395326029468, 0.22222222222222224, 0.0005511462928595414
0.1472578113793735, 0.22222222222222224, 0.009814900754083087
0.15753522329424463, 0.22222222222222224, 0.00663184616778798
0.27537842603962004, 0.22222222222222224, 0.0006281587845637159
0.27749648936651006, 0.22222222222222224, 0.01184160147973999
0.21538630860573646, 0.22222222222222224, 0.08758248461935525
0.24152871839788917, 0.22222222222222224, 0.00018569638069779526
0.16697087673092859, 0.22222222222222224, 0.024429886554426745
0.2066562109530037, 0.22222222222222224, 0.03799140254340862
0.12999787487993425, 0.22222222222222224, 0.05156643210951327
0.24338654328108134, 0.22222222222222224, 0.008290508217663622
0.2759475612441982, 0.22222222222222224, 0.015313715540190337
0.14790011055760538, 0.22222222222222224, 0.011333960791980933
0.24857196387515298, 0.22222222222222224, 0.0567616018011548
0.20276596560400212, 0.22222222222222224, 0.004997767557789142
0.2098176301859244, 0.22222222222222224, 0.0417522679627764
0.12400873465836926, 0.22222222222222224, 0.14056998483761904
0.20118236556523844, 0.22222222222222224, 0.02875426261015339
0.12875144226623098, 0.22222222222222224, 0.023439126997824012
0.20885778059876176, 0.22222222222222224, 0.07662758758144744
0.1579569449463107, 0.22222222222222224, 0.004782515940978053
0.22900615473912678, 0.22222222222222224, 0.01165662205306523
0.29306505447429004, 0.22222222222222224, 0.013007617564310594
0.21108360243384125, 0.22222222222222224, 0.009985559366949812
0.11046489094729525, 0.22222222222222224, 0.01130958155714496
0.16049854357621285, 0.22222222222222224, 0.007823598999247953
0.18292901365346545, 0.22222222222222224, 0.008347567409565526
0.18542803089986387, 0.22222222222222224, 0.009847656400500305
0.27300586803375904, 0.22222222222222224, 0.021349452014578447
0.23871161046135064, 0.22222222222222224, 0.008440396696346709
0.25473530462783694, 0.22222222222222224, 0.0010036311144955212
0.22594437967472436, 0.22222222222222224, 0.06449291321324448
0.2755787895340286, 0.22222222222222224, 0.011265693577023086
0.2001601184943369, 0.22222222222222224, 0.01072174296665153
0.11653413279816073, 0.22222222222222224, 0.0352863503856319
0.21105152463429536, 0.22222222222222224, 0.04473715851908311
0.1991183612060283, 0.22222222222222224, 0.13220970800832713
0.18084791034255937, 0.22222222222222224, 0.00848534852793874
0.21851779094495627, 0.22222222222222224, 0.011130985400015414
0.26956523842543023, 0.22222222222222224, 0.03331584468451783
0.14682775857731328, 0.22222222222222224, 0.016228427545576758
0.26687736535931367, 0.22222222222222224, 0.008845108291658205
0.20856597594009746, 0.22222222222222224, 0.017670692537881196
0.1278954887259216, 0.22222222222222224, 0.003985350188894321
0.23065672115750407, 0.22222222222222224, 0.003861857009340698
0.24914398820987116, 0.22222222222222224, 0.11841978024108867
0.22731889340146116, 0.22222222222222224, 0.013344496841742976
0.24931320364045684, 0.22222222222222224, 0.0015323016178280843
0.1639655465207427, 0.22222222222222224, 0.0063160895952394935
0.1817249085716002, 0.22222222222222224, 0.013407447051696908
0.17219732536674848, 0.22222222222222224, 0.02901640763215398
0.18332080853946897, 0.22222222222222224, 0.0028872302770416155
0.18628487372989935, 0.22222222222222224, 0.010864761100119066
0.2307942762531759, 0.22222222222222224, 0.03628731774087147
0.2013554511457001, 0.22222222222222224, 0.00378990691667386
0.26635084335275755, 0.22222222222222224, 0.003614752559640433
0.20448839123889342, 0.22222222222222224, 0.014931286786847157
0.1967551388365449, 0.22222222222222224, 0.011792690951846966
0.2199168424017011, 0.22222222222222224, 0.04063436886045636
0.14467639173041566, 0.22222222222222224, 0.030712631647160208
0.20085426340665757, 0.22222222222222224, 0.018898858582720952
0.19993336603914427, 0.22222222222222224, 0.027789149789632296
0.2001546205141185, 0.22222222222222224, 0.010451443576872194
0.15457900819529974, 0.22222222222222224, 0.003655682769415815
0.17412386365506066, 0.22222222222222224, 0.0022425387655425964
0.2806117195790105, 0.22222222222222224, 0.07261982796931604
0.16975476289778207, 0.22222222222222224, 0.08583212943408282
0.18360469303718874, 0.22222222222222224, 0.012653657413356981
0.2281329672376154, 0.22222222222222224, 0.015603684798020392
0.20299036766028689, 0.22222222222222224, 0.0073906120204310305
0.1874135993699701, 0.22222222222222224, 0.004590552858755167
0.20138376246833484, 0.22222222222222224, 0.002381355851489729
0.10303995382819157, 0.22222222222222224, 0.005476826178935065
0.20157384268449463, 0.22222222222222224, 0.045336579561280135
0.2113573922905572, 0.22222222222222224, 0.006610905782379533
0.16897590342997137, 0.22222222222222224, 0.0003553699535979524
0.21589077116594957, 0.22222222222222224, 0.019262501239000734
0.22539719829757868, 0.22222222222222224, 0.018230703034166084
0.282139288365994, 0.22222222222222224, 0.019305390903783512
0.27604985118695713, 0.22222222222222224, 0.0033930994252956313
0.22144101909424888, 0.22222222222222224, 0.0017316757061598765
0.2031194490232734, 0.22222222222222224, 0.0526056703242939
0.13015969100175134, 0.22222222222222224, 0.011091817627599167
0.1795500230060765, 0.22222222222222224, 0.011502958695597473
0.18872484938714434, 0.22222222222222224, 0.06108998409807051
0.22866260726783336, 0.22222222222222224, 0.0019785625266336504
0.2493646047997823, 0.22222222222222224, 0.006423422078342925
0.1681854891455855, 0.22222222222222224, 0.014328604300140753
0.20557778624867507, 0.22222222222222224, 0.013215561240606296
0.14095454225768206, 0.22222222222222224, 0.018525176699235223
0.2610480370715333, 0.22222222222222224, 0.06034880401322513
0.25964197830913305, 0.22222222222222224, 0.00028070885804876877
0.21789857201430862, 0.22222222222222224, 0.07451854450150534
0.24497714354279565, 0.22222222222222224, 0.003644815472453058
0.13086412184501056, 0.22222222222222224, 0.011894414919934258
0.1586702391994617, 0.22222222222222224, 0.0064051635867869135
0.23183657409520944, 0.22222222222222224, 0.017162809591941802
0.12845822324081757, 0.22222222222222224, 0.001451125898668767
0.10197022653915921, 0.22222222222222224, 0.03232940208541833
0.2157681394562748, 0.22222222222222224, 0.0006228238451354593
0.26732886434421427, 0.22222222222222224, 0.008595684815624506
0.12656421439326582, 0.22222222222222224, 0.009684232217684155
0.2074906384589175, 0.22222222222222224, 0.0021133865582279275
0.2210915209255797, 0.22222222222222224, 0.0030259373791305146
0.18805183464929612, 0.22222222222222224, 0.02430301091201143
0.19442706277977873, 0.22222222222222224, 0.011578033805636868
0.26180375560404845, 0.22222222222222224, 0.09909978185783905
0.20886426365511643, 0.22222222222222224, 0.015445611569674625
0.1517917238880743, 0.22222222222222224, 0.009830788962483274
0.1833006253098, 0.22222222222222224, 0.01381490470994108
0.15308957595471218, 0.22222222222222224, 0.011369008323497971
0.13987434697326262, 0.22222222222222224, 0.0021285665940888304
0.23181788393765104, 0.22222222222222224, 0.0020835299174176447
0.2022012002786707, 0.22222222222222224, 0.07729796746138662
0.2308843104773539, 0.22222222222222224, 0.04738690390839329
0.27024843632600426, 0.22222222222222224, 0.001024270811351674
0.19191785272512515, 0.22222222222222224, 0.05944553037412052
0.16647424387726362, 0.22222222222222224, 0.013480303309044529
0.2212198848770475, 0.22222222222222224, 0.006328853633377498
0.17605473206446198, 0.22222222222222224, 0.009313405173544242
0.2592944880843039, 0.22222222222222224, 0.026137719404025476
0.16060207886878944, 0.22222222222222224, 0.02366540638723767
0.21579519038287615, 0.22222222222222224, 0.01861057647138638
0.2806228943934075, 0.22222222222222224, 0.011189924921006825
0.2658313505492203, 0.22222222222222224, 0.03643066005048692
0.21000725481512925, 0.22222222222222224, 0.0029231476950699518
0.2883131165816601, 0.22222222222222224, 0.0014012574436761307
0.21337326091479783, 0.22222222222222224, 0.026579209348645785
0.20673130487628136, 0.22222222222222224, 0.004410827577907748
0.12170331119589467, 0.22222222222222224, 0.006012863662028763
0.1978728013274403, 0.22222222222222224, 0.0036835839217936174
0.22394275198879426, 0.22222222222222224, 0.03865583733190354
0.21102057516262857, 0.22222222222222224, 0.00021448541395470164
0.21243150579521183, 0.22222222222222224, 0.02832978501346144
0.13685339594695892, 0.22222222222222224, 0.003792478418280222
0.28785889269829495, 0.22222222222222224, 0.01704359232377832
0.11823118464186962, 0.22222222222222224, 0.004210372422982321
0.211342416143252, 0.22222222222222224, 0.00734793578589633
0.2227950922933466, 0.22222222222222224, 0.005591560817080938
0.17339925646101725, 0.22222222222222224, 0.020778092827116113
0.1676889977712986, 0.22222222222222224, 0.034649097015948704
0.18686432540030334, 0.22222222222222224, 0.010691511441327226
0.13520462732870708, 0.22222222222222224, 0.03726673546754668
0.19695434789302252, 0.22222222222222224, 0.022991790636595046
0.159832485647533, 0.22222222222222224, 0.06295004037585042
0.2135443381185802, 0.22222222222222224, 0.01074569209027373
0.2030660940778157, 0.22222222222222224, 0.009797833679892898
0.29475226063838506, 0.22222222222222224, 0.042555443000794065
0.24504217519491706, 0.22222222222222224, 0.012379495554710834
0.13105347159264757, 0.22222222222222224, 0.00827382459360954
0.2546886276316239, 0.22222222222222224, 0.011872778422757597
0.22019987670714458, 0.22222222222222224, 0.0020741684811694393
0.24329805151631817, 0.22222222222222224, 0.019799478517907504
0.19858801853456048, 0.22222222222222224, 0.009611911338683886
0.18731453548826338, 0.22222222222222224, 0.03769155920055037
0.19710408003988758, 0.22222222222222224, 0.03477261680645519
0.13618227160490498, 0.22222222222222224, 0.009813430199208635
0.26531813463930887, 0.22222222222222224, 0.0012429262250303946
0.1743265161214692, 0.22222222222222224, 0.0028681306941070843
0.1396255998420447, 0.22222222222222224, 0.017833944051954344
0.2601045428479199, 0.22222222222222224, 0.00941971209044184
0.17985817203220172, 0.22222222222222224, 0.031883810540378366
0.22326679155980209, 0.22222222222222224, 0.14615119070409685
0.1859993663959574, 0.22222222222222224, 0.015465545191761252
0.22069133926530793, 0.22222222222222224, 0.01853811093710882
0.10917607984665141, 0.22222222222222224, 0.0018477807301838691
0.14731349042031183, 0.22222222222222224, 0.008150954242586002
0.14024763707333596, 0.22222222222222224, 0.007816033383755788
0.21057010348668836, 0.22222222222222224, 0.006510129342422155
0.14092703869639062, 0.22222222222222224, 0.005053927346891187
0.17841386798681624, 0.22222222222222224, 0.0022715895577703573
0.2672468100750185, 0.22222222222222224, 0.02972459387200832
0.2655394870503963, 0.22222222222222224, 0.0027296987710545883
0.2888984616229236, 0.22222222222222224, 0.02337716444100183
0.2266720930481376, 0.22222222222222224, 0.0011745411318591905
0.14967648232936107, 0.22222222222222224, 0.009847038034110132
0.22263477525515743, 0.22222222222222224, 0.015661284094282645
0.1846140038633947, 0.22222222222222224, 0.01580484684299015
0.2776131936940936, 0.22222222222222224, 0.04691988467584216
0.19225927456753536, 0.22222222222222224, 0.10779822232512713
0.241856146642229, 0.22222222222222224, 0.0077457194893789045
0.23577666828383792, 0.22222222222222224, 0.0020347072626741643
0.22040749554941844, 0.22222222222222224, 0.03320049040505936
0.1305079616575887, 0.22222222222222224, 0.0030226605874153355
0.16077693725119185, 0.22222222222222224, 0.004792178702733892
0.15541199881039833, 0.22222222222222224, 0.0005258126866058107
0.2130987425481982, 0.22222222222222224, 0.0007592546843663471
0.16783293977868582, 0.22222222222222224, 0.008308037509955627
0.2770466093592657, 0.22222222222222224, 0.03297325010265601
0.24796991129682525, 0.22222222222222224, 0.0204651086933518
0.1668560417652003, 0.22222222222222224, 0.0025809029117178227
0.11814934529121801, 0.22222222222222224, 0.00014807285495854668
0.29022601136242004, 0.22222222222222224, 0.007325932471794584
0.25564397811241135, 0.22222222222222224, 0.001911881894168168
0.2216211563549409, 0.22222222222222224, 0.03300952250977782
0.1997667792747943, 0.22222222222222224, 0.003288870490738208
0.151784673777812, 0.22222222222222224, 0.03254048759282071
0.20137989091454028, 0.22222222222222224, 0.02198883926918251
0.24140985835179968, 0.22222222222222224, 0.03482949416611958
0.24427859126194737, 0.22222222222222224, 0.02640823912328601
0.14253920777466753, 0.22222222222222224, 0.048062972451034434
0.25834531746410894, 0.22222222222222224, 0.024827432780672426
0.1296475035660008, 0.22222222222222224, 0.09085244905022007
0.2319466347964107, 0.22222222222222224, 0.00842484246431288
0.25539528178848375, 0.22222222222222224, 0.027300025106479383
0.2671215461517148, 0.22222222222222224, 0.048248356932149045
0.11737599636439645, 0.22222222222222224, 0.008388110749479547
0.168537452507257, 0.22222222222222224, 0.05384090149537416
0.2612016024850652, 0.22222222222222224, 0.032033707928962554
0.09846724254039743, 0.22222222222222224, 0.014110374096674523
0.2913216632083331, 0.22222222222222224, 0.006377028731080621
0.16199664337408115, 0.22222222222222224, 0.008739547444486882
0.2821377536770974, 0.22222222222222224, 0.04706862630880549
0.20142352167059868, 0.22222222222222224, 0.025601649850603238
0.24272865187172982, 0.22222222222222224, 0.0029150158638902276
0.17285873062133075, 0.22222222222222224, 0.06881145515738095
0.16713194728892328, 0.22222222222222224, 0.04960246541945854
0.22905725833965815, 0.22222222222222224, 0.0004422298726788215
0.12399656131707093, 0.22222222222222224, 0.01170254078415793
0.10676311194107496, 0.22222222222222224, 0.011036212501563156
0.18946950977748453, 0.22222222222222224, 0.03867530281135258
0.3252873113129504, 0.22222222222222224, 0.01973338868449943
0.21136243103159558, 0.22222222222222224, 0.000876320128133575
0.15109125047896224, 0.22222222222222224, 0.008616251517219285
0.2085682083400146, 0.22222222222222224, 0.0014714255624754984
0.2684725719334249, 0.22222222222222224, 0.17331804403891274
0.21296339528619695, 0.22222222222222224, 0.01743300608289569
0.07679576217194005, 0.22222222222222224, 0.0216426704661932
0.1470821696161509, 0.22222222222222224, 0.014308316093959465
0.19747050415231412, 0.22222222222222224, 0.005878613075654247
0.13682327906128006, 0.22222222222222224, 0.009629956608423772
0.22228005800852169, 0.22222222222222224, 0.0068977915094994265
0.2410574303082203, 0.22222222222222224, 0.03173648029685019
0.18201885774506768, 0.22222222222222224, 0.0705450046844402
0.2078650005763008, 0.22222222222222224, 0.012589506308092174
0.20056086997289335, 0.22222222222222224, 0.027686580344894792
0.18662674041995989, 0.22222222222222224, 0.0029974008821932983
0.20859863691097819, 0.22222222222222224, 0.003784303033480599
0.21920478029113863, 0.22222222222222224, 0.02457984936466527
0.21355668415578952, 0.22222222222222224, 0.007182289007681212
0.2558680325562238, 0.22222222222222224, 0.1906903240626103
0.21622946170012852, 0.22222222222222224, 0.023998572195723558
0.19219786909910846, 0.22222222222222224, 0.003296458234899999
0.1578925261777923, 0.22222222222222224, 0.0177060112555378
0.1434708056318453, 0.22222222222222224, 0.02075243237445385
0.11616886546629548, 0.22222222222222224, 0.008574251683670948
0.13322836757729173, 0.22222222222222224, 0.014637982190051807
0.18727900978463421, 0.22222222222222224, 0.03956609739318028
0.19589621050625544, 0.22222222222222224, 0.0067712381389307295
0.2316932283352771, 0.22222222222222224, 0.02110792932198267
0.20044649259119962, 0.22222222222222224, 0.010264318336871768
0.116439785170871, 0.22222222222222224, 0.017968726352291686
0.14348034382086866, 0.22222222222222224, 0.008963679616905645
0.18333427819454262, 0.22222222222222224, 0.010946205356490366
0.2200496174905892, 0.22222222222222224, 0.014033272779771436
0.18160720276849596, 0.22222222222222224, 0.0006765276456939545
0.14585974519214617, 0.22222222222222224, 0.011521219448950909
0.12787209957620754, 0.22222222222222224, 0.02998748721541088
0.2232784941536176, 0.22222222222222224, 0.01765347826448696
0.24455675454796788, 0.22222222222222224, 0.04121021366317773
0.16801485199463326, 0.22222222222222224, 0.033757340094155236
0.1928648643417982, 0.22222222222222224, 0.015220026152418412
0.2190319694401041, 0.22222222222222224, 0.009124401080388575
0.11465838800316867, 0.22222222222222224, 0.02175633015034519
0.1951298850394812, 0.22222222222222224, 0.01046960821215315
0.19878341575269373, 0.22222222222222224, 0.031334242875920654
0.30750311621367, 0.22222222222222224, 0.030028431671104642
0.24199083782895742, 0.22222222222222224, 0.005829923503070219
0.18021288767955063, 0.22222222222222224, 0.006756982412571737
0.09805285695464011, 0.22222222222222224, 0.04578647209309688
0.20369102998327396, 0.22222222222222224, 0.017153119385450465
0.23082549138259034, 0.22222222222222224, 0.051748954307401805
0.11420980391732029, 0.22222222222222224, 0.01153488402125995
0.22237052271530675, 0.22222222222222224, 0.021308164818439466
0.20050523758576358, 0.22222222222222224, 0.07601154755473596
0.25460385217200393, 0.22222222222222224, 0.002232951840221622
0.18610721849135112, 0.22222222222222224, 0.008210976744721708
0.20596720743866714, 0.22222222222222224, 0.011548287387557452
0.1416481896133885, 0.22222222222222224, 0.0886293015928342
0.2547678007381792, 0.22222222222222224, 0.003172171955620547
0.22296527740269895, 0.22222222222222224, 0.025909989863026093
0.24962860413284155, 0.22222222222222224, 0.005724742863748793
0.15139067950008858, 0.22222222222222224, 0.01199642093835206
0.3253454549847035, 0.22222222222222224, 0.039010330371466125
0.1766337782858127, 0.22222222222222224, 0.04947763885646105
0.19489331719343553, 0.22222222222222224, 0.05489181907826693
0.09664118209555775, 0.22222222222222224, 0.01132245069146355
0.22349254154603898, 0.22222222222222224, 0.00043883869038052894
0.1915048703006675, 0.22222222222222224, 0.009230798015208635
0.16085723174454034, 0.22222222222222224, 0.04543209533152372
0.19635451195053286, 0.22222222222222224, 0.027443611614009898
0.20827433077922766, 0.22222222222222224, 0.016941203523729666
0.156265158698422, 0.22222222222222224, 0.018452656769915324
0.1709009703683963, 0.22222222222222224, 0.0010609301696489094
0.3354914263401797, 0.22222222222222224, 0.022482389871756575
0.17788317256986896, 0.22222222222222224, 0.01002986056388785
0.13409765984258892, 0.22222222222222224, 0.005388778528119625
0.19509631298373487, 0.22222222222222224, 0.007741215011273419
0.21133954368557337, 0.22222222222222224, 0.004183815422470223
0.2325277411248123, 0.22222222222222224, 0.002592044312434118
0.20656532729757662, 0.22222222222222224, 0.013882986674246948
0.23376797621871975, 0.22222222222222224, 0.01673217209401642
0.16708470618284882, 0.22222222222222224, 0.005781528363082821
0.0849369770337757, 0.22222222222222224, 0.03677824575635673
0.28597888615162254, 0.22222222222222224, 0.023508125419731744
0.15233605244476991, 0.22222222222222224, 0.054260783782584136
0.14489662295865935, 0.22222222222222224, 0.01366397996580962
0.23024648581829057, 0.22222222222222224, 0.09014639051018145
0.20743803350169293, 0.22222222222222224, 0.06951366065250142
0.1783492594111676, 0.22222222222222224, 0.0009596513291563888
0.22472736975568328, 0.22222222222222224, 0.01162802966628106
0.1917488025211121, 0.22222222222222224, 0.014921541295779103
0.13426393275478135, 0.22222222222222224, 0.010103475790604777
0.1801735887329862, 0.22222222222222224, 0.0030471303393191347
0.2900624695533339, 0.22222222222222224, 0.01211433747782782
0.16981715105002185, 0.22222222222222224, 1.6973515878882755e-06
0.21863758450438445, 0.22222222222222224, 0.0008364693732188248
0.19082857293088348, 0.22222222222222224, 0.008998691920313375
0.25759100557604286, 0.22222222222222224, 0.010738332798066852
0.1992419676361613, 0.22222222222222224, 0.008875967394984712
0.16891311554820063, 0.22222222222222224, 0.03536655099478063
0.2226906552172025, 0.22222222222222224, 0.01150239517405733
0.27666396881755834, 0.22222222222222224, 0.01338482496512351
0.2512265323500737, 0.22222222222222224, 0.0007781702283330932
0.20522481898013364, 0.22222222222222224, 0.10300523616280055
0.2654399822160985, 0.22222222222222224, 0.01313582663461158
0.2017346710326443, 0.22222222222222224, 0.0019547677136067284
0.1782788062000296, 0.22222222222222224, 0.002252720324226363
0.18360990554692416, 0.22222222222222224, 0.05022418298095149
0.11389110838521516, 0.22222222222222224, 0.08409379636305524
0.18740066498877045, 0.22222222222222224, 0.027038847887585052
0.2104253764017749, 0.22222222222222224, 0.013276514905605332
0.18773744166656717, 0.22222222222222224, 0.053984416932433874
0.2240899939393195, 0.22222222222222224, 0.08739445597057052
0.1882718911818022, 0.22222222222222224, 0.008704027566634158
0.1570051822098037, 0.22222222222222224, 0.04664214993117636
0.11547142358869446, 0.22222222222222224, 0.023499205843649257
0.2081270617742415, 0.22222222222222224, 0.09183025431210069
0.19102299091795538, 0.22222222222222224, 0.03940153096002944
0.17035441007726673, 0.22222222222222224, 0.006210480575664485
0.12786018857411355, 0.22222222222222224, 0.03384275552940397
0.17473418808487337, 0.22222222222222224, 0.02383088124226112
0.27307797604099227, 0.22222222222222224, 0.005783628931831428
0.2489291979424619, 0.22222222222222224, 0.006104016207225757
0.15370421871986573, 0.22222222222222224, 0.043713404105343315
0.2738038704042219, 0.22222222222222224, 0.07386196075499367
0.1717538461885426, 0.22222222222222224, 0.005102460956251347
0.23079097745290678, 0.22222222222222224, 0.019984392048861637
0.08726434453139575, 0.22222222222222224, 0.014365865613492807
0.22400939613959342, 0.22222222222222224, 0.006463929302878226
0.18997790994720484, 0.22222222222222224, 0.003123081891331355
0.20704352672526707, 0.22222222222222224, 0.004059455907216376
0.26434526990021245, 0.22222222222222224, 0.005061290987573395
0.17027092990343803, 0.22222222222222224, 0.023883435271750686
0.1785442271350198, 0.22222222222222224, 0.009553396978968908
0.23072800489482356, 0.22222222222222224, 0.01152155060808607
0.21239154484127315, 0.22222222222222224, 0.005264619270361191
0.23944453152228817, 0.22222222222222224, 0.0018896641095885718
0.14257576065279914, 0.22222222222222224, 0.009721603711763893
0.20561444716547164, 0.22222222222222224, 0.0006375425710225403
0.16752335060500873, 0.22222222222222224, 0.003867789154371233
0.2490909620789786, 0.22222222222222224, 0.0026781949527376002
0.22062602662725958, 0.22222222222222224, 0.028369762847431923
0.20701425954304295, 0.22222222222222224, 0.01874414435145209
0.16782548704604056, 0.22222222222222224, 0.0019435131343078817
0.09197547781191971, 0.22222222222222224, 0.006325346309225142
0.19296773835209538, 0.22222222222222224, 0.003936268789770372
0.12136140938190917, 0.22222222222222224, 0.1316496441494589
0.15577367297007627, 0.22222222222222224, 0.022436847190339695
0.29896924735565367, 0.22222222222222224, 0.041949477857092535
0.17816363712131986, 0.22222222222222224, 0.005168367355720685
0.25094364505827493, 0.22222222222222224, 0.028423257111381734
0.19018935579807172, 0.22222222222222224, 0.005780769577577185
0.2134869184801573, 0.22222222222222224, 0.004507821738560702
0.2720378714957866, 0.22222222222222224, 0.015818845471972872
0.16645576361959957, 0.22222222222222224, 0.008925387875141393
0.1820950875427778, 0.22222222222222224, 0.04202063935110857
0.18883471006502833, 0.22222222222222224, 0.02091547153594967
0.15292389485101832, 0.22222222222222224, 0.005073687791155154
0.17131164654142164, 0.22222222222222224, 0.0031532041012007905
0.20832063717255636, 0.22222222222222224, 0.04879068950802508
0.19690918375016295, 0.22222222222222224, 0.005527893332218423
0.25849913752302695, 0.22222222222222224, 0.042221190107127514
0.20958457874539113, 0.22222222222222224, 0.011011662340821567
0.17574994787511714, 0.22222222222222224, 0.013263132249817794
0.3055850495695109, 0.22222222222222224, 0.03437977708444701
0.205064200883889, 0.22222222222222224, 0.006499519186695923
0.15606345279844916, 0.22222222222222224, 0.00019784781378946216
0.18194341389360807, 0.22222222222222224, 0.023685550693749252
0.22384615760394405, 0.22222222222222224, 0.006488441588694955
0.18106273124973782, 0.22222222222222224, 0.028391703847942956
0.10418060138187511, 0.22222222222222224, 0.025752464356556107
0.2114637993854079, 0.22222222222222224, 0.007289386813078765
0.14496207638504596, 0.22222222222222224, 0.018533598719998393
0.1611844549564613, 0.22222222222222224, 0.003512726761461019
0.1425319023852953, 0.22222222222222224, 0.029785603805687923
0.1459313562105058, 0.22222222222222224, 0.01646031202162488
0.1595649688330144, 0.22222222222222224, 0.003933689590090302
0.15016065835690254, 0.22222222222222224, 0.013405826073834247
0.180511958424499, 0.22222222222222224, 0.006410220220469753
0.17659547853116964, 0.22222222222222224, 0.07937722711329895
0.14851994734602883, 0.22222222222222224, 0.039237835752568034
0.187911280340638, 0.22222222222222224, 0.03233937303691748
0.23919243710970317, 0.22222222222222224, 0.013215053632318514
0.2584523306724557, 0.22222222222222224, 0.006457216627313595
0.2595999785549724, 0.22222222222222224, 0.0004919154890883758
0.172184910107679, 0.22222222222222224, 0.006438987337710041
0.13160134688134362, 0.22222222222222224, 0.014341261001160018
0.31029988618753346, 0.22222222222222224, 0.005929147979956352
0.2589425884448838, 0.22222222222222224, 0.01211011441627434
0.20344071889387894, 0.22222222222222224, 0.020491621390461127
0.15140890922211442, 0.22222222222222224, 0.008907132175922344
0.24639649010954914, 0.22222222222222224, 0.04439271151564328
0.26260476282527934, 0.22222222222222224, 0.04327501578401786
0.23539493457106964, 0.22222222222222224, 0.022972823815876793
0.19036755679671474, 0.22222222222222224, 0.00030505421723297474
0.09711243111410127, 0.22222222222222224, 0.0021025255764622157
0.22940779562647712, 0.22222222222222224, 0.01619611351226051
0.2203928364387271, 0.22222222222222224, 0.003996610372102353
0.21266114149726498, 0.22222222222222224, 0.02363694770326087
0.20262466221311387, 0.22222222222222224, 0.03454688627209857
0.20940264173901715, 0.22222222222222224, 0.02016469455911609
0.2544846229485382, 0.22222222222222224, 0.042440836811373034
0.21249899013286508, 0.22222222222222224, 0.01837356480565168
0.24307984643643948, 0.22222222222222224, 0.038970527883443205
0.2000825449586681, 0.22222222222222224, 0.042678899117259916
0.1904797017058176, 0.22222222222222224, 0.05857936842618141
0.28428816250715466, 0.22222222222222224, 0.03461136000789768
0.19653040208421735, 0.22222222222222224, 0.03382510879789385
0.23778170382376304, 0.22222222222222224, 0.12682880423511883
0.1615462205820836, 0.22222222222222224, 0.015530847982015927
0.23695549491644083, 0.22222222222222224, 0.036197340343912504
0.21290202724480298, 0.22222222222222224, 0.04981230740225198
0.15299361632733963, 0.22222222222222224, 0.019715349901530572
0.1054356828503523, 0.22222222222222224, 0.02509805318996321
0.27468004621504666, 0.22222222222222224, 0.0362617216147906
0.14901767284044098, 0.22222222222222224, 0.023739786009987277
0.18302123472883208, 0.22222222222222224, 0.002487388177875268
0.12575807641831466, 0.22222222222222224, 0.029164324855325646
0.22437877440196774, 0.22222222222222224, 0.0028831260799012646
0.21683072421309124, 0.22222222222222224, 0.01836462036768945
0.2720245904699115, 0.22222222222222224, 0.0010752075069365768
0.1576876308148715, 0.22222222222222224, 0.05149670853754978
0.17655162746977743, 0.22222222222222224, 0.009705273146643484
0.1208021745516815, 0.22222222222222224, 0.09641544922286945
0.2317905446217911, 0.22222222222222224, 0.008532620064580127
0.14407951976519787, 0.22222222222222224, 0.009312007827509768
0.1076788707395378, 0.22222222222222224, 0.026556635629582596
0.2434641628082218, 0.22222222222222224, 0.009162311717315566
0.13123522954801004, 0.22222222222222224, 0.02216245162864138
0.09296054560551865, 0.22222222222222224, 0.0023248010056685984
0.2341616517646385, 0.22222222222222224, 0.04400437750910312
0.302319845320266, 0.22222222222222224, 0.03494203051182133
0.15695279727889744, 0.22222222222222224, 0.010834988640937938
0.14366806949161431, 0.22222222222222224, 0.0389950725087525
0.31204903043823595, 0.22222222222222224, 0.007101544793945038
0.13264931541165192, 0.22222222222222224, 0.0053217189283791735
0.15506151473622126, 0.22222222222222224, 0.006087993413187573
0.18927839842810398, 0.22222222222222224, 0.06132082167141355
0.3559061104910204, 0.22222222222222224, 0.021145860837227352
0.16987527313570666, 0.22222222222222224, 0.022454558717413874
0.23360528082875914, 0.22222222222222224, 0.1451252222472976
0.25127090223600357, 0.22222222222222224, 0.007508774546609071
0.25772689578295344, 0.22222222222222224, 0.029950256593000723
0.23010616410964702, 0.22222222222222224, 0.018433987178907017
0.0936396697428003, 0.22222222222222224, 0.022237039997513502
0.17316071441139153, 0.22222222222222224, 0.0035470557712622536
0.21446230011873357, 0.22222222222222224, 0.004555198577443744
0.18293129812650336, 0.22222222222222224, 0.04752594012381483
0.32078487566684205, 0.22222222222222224, 0.0024762432077443377
0.08089075842425382, 0.22222222222222224, 0.0354456414245048
0.16507707302448324, 0.22222222222222224, 0.0020772486055105465
0.14307905353352363, 0.22222222222222224, 0.0008784999547349958
0.14010896157276947, 0.22222222222222224, 0.046350148906178446
0.14989006700132307, 0.22222222222222224, 0.027206055300409836
0.17719424048760624, 0.22222222222222224, 0.01667274936263208
0.18287364020704341, 0.22222222222222224, 0.00397926635473888
0.25216262215926777, 0.22222222222222224, 0.02573516509092481
0.10025278024244622, 0.22222222222222224, 0.018047151837443334
0.20936738947189856, 0.22222222222222224, 0.0037666176981006752
0.28126686907397747, 0.22222222222222224, 0.0071886038026379205
0.2404761210672371, 0.22222222222222224, 0.0054603798595537
0.24762949111401208, 0.22222222222222224, 0.03593225440918327
0.1934626661772353, 0.22222222222222224, 0.024499631657213555
0.2978690382301138, 0.22222222222222224, 0.03728681471218343
0.2791128948353168, 0.22222222222222224, 0.01417970005732008
0.17912024141661106, 0.22222222222222224, 0.02739034113801649
0.2059269924443455, 0.22222222222222224, 0.002301554348337644
0.17646162690077966, 0.22222222222222224, 0.012029253752347624
0.1400285651596095, 0.22222222222222224, 0.03396078238342031
0.1776350786038456, 0.22222222222222224, 0.01984064943078384
0.23356251468395936, 0.22222222222222224, 0.014877842844101813
0.1975613079432592, 0.22222222222222224, 0.015362088471622848
0.16311491776630194, 0.22222222222222224, 0.013315981375260652
0.15357175112058263, 0.22222222222222224, 0.005316197728513469
0.12724805575948425, 0.22222222222222224, 0.04963359507945827
0.18019260393768088, 0.22222222222222224, 0.003639573803829355
0.22875741558284263, 0.22222222222222224, 0.0018395540818688472
0.19499851284569875, 0.22222222222222224, 0.004356910933768885
0.1782957804067094, 0.22222222222222224, 0.007752972958240045
0.2641859474784301, 0.22222222222222224, 0.014726614976736822
0.2977514622819343, 0.22222222222222224, 0.023985046559455842
0.1840666941723757, 0.22222222222222224, 0.0005077218384267541
0.09435314033975856, 0.22222222222222224, 0.08331874147235831
0.1900426947008573, 0.22222222222222224, 0.07465418297775156
0.16839326861313317, 0.22222222222222224, 0.013179197862438308
0.10014383159833137, 0.22222222222222224, 0.04135351633133865
0.2968698340987356, 0.22222222222222224, 0.0427400313860884
0.21642633716338552, 0.22222222222222224, 0.032303781195743245
0.17315440995702666, 0.22222222222222224, 0.03520303060479448
0.2557037511702757, 0.22222222222222224, 0.02207251813329405
0.2047990152556827, 0.22222222222222224, 0.07774794262207473
0.25750081687755516, 0.22222222222222224, 0.0057116333306392415
0.18373693113777587, 0.22222222222222224, 0.031861993755145694
0.20064040194507748, 0.22222222222222224, 0.005170245217523467
0.12003455957551534, 0.22222222222222224, 0.03422862147553988
0.28141231675108236, 0.22222222222222224, 0.006586849917942122
0.19615509206164322, 0.22222222222222224, 0.007059940089321184
0.2080416359099966, 0.22222222222222224, 0.03926795146675752
0.27946784330116525, 0.22222222222222224, 0.014204033491563035
0.2174275869578864, 0.22222222222222224, 0.00021958310345714658
0.22810442109946075, 0.22222222222222224, 0.010591063577565153
0.22029006299813952, 0.22222222222222224, 0.06393106974449901
0.245688935892921, 0.22222222222222224, 0.0038344356607150107
0.2117032217909154, 0.22222222222222224, 0.026022316528164075
0.34881686566036285, 0.22222222222222224, 0.10302112550799672
0.13029181160977327, 0.22222222222222224, 0.005736127647879761
0.17864475593959014, 0.22222222222222224, 0.03276152694444652
0.13920433078431446, 0.22222222222222224, 0.0059538954277489255
0.1038299130663477, 0.22222222222222224, 0.022742361246975897
0.15199648232160062, 0.22222222222222224, 0.04372997777295167
0.21865962477487472, 0.22222222222222224, 0.09866451735766717
0.21490373852135414, 0.22222222222222224, 0.04030970385540123
0.24475557816904503, 0.22222222222222224, 0.007411566547302233
0.17465311402976283, 0.22222222222222224, 0.015534622471006801
0.13421515578014268, 0.22222222222222224, 0.0071964840725459904
0.15641856932208728, 0.22222222222222224, 0.021713550251233664
0.2764270509893379, 0.22222222222222224, 0.004332443538535506
0.10898076041203884, 0.22222222222222224, 0.04494690633757428
0.27617063134943515, 0.22222222222222224, 0.005485710756790848
0.2389944612873349, 0.22222222222222224, 0.0018450368129655438
0.1764849332311583, 0.22222222222222224, 0.003084487485252824
0.17460539077251738, 0.22222222222222224, 0.02045260350551017
0.16875098183309534, 0.22222222222222224, 0.03500328258442477
0.07088068221416963, 0.22222222222222224, 0.06094718265332176
0.2658109266273311, 0.22222222222222224, 0.009881042599277782
0.2121595831864232, 0.22222222222222224, 0.030578089610177765
0.21437456456575366, 0.22222222222222224, 0.01909473855668553
0.25564851092585245, 0.22222222222222224, 0.0007658264429402559
0.1961661559504794, 0.22222222222222224, 0.03512865147459627
0.17628960439634372, 0.22222222222222224, 0.03547708127749435
0.08432590942131508, 0.22222222222222224, 0.013600480399370079
0.20664379242002956, 0.22222222222222224, 0.011289026303097664
0.15251605267948387, 0.22222222222222224, 0.017992940975344845
0.22152099269425943, 0.22222222222222224, 0.009138491242297443
0.18814980393900582, 0.22222222222222224, 0.0019237444956354884
0.1909488747927116, 0.22222222222222224, 0.047174891900937085
0.16348056227009647, 0.22222222222222224, 0.0010945030212524706
0.1767777772409931, 0.22222222222222224, 0.006372161176911138
0.1535779002096447, 0.22222222222222224, 0.024966969379949775
0.2370162804473733, 0.22222222222222224, 0.03152321935497157
0.2639507446027044, 0.22222222222222224, 0.011977654541655527
0.19551922365127508, 0.22222222222222224, 0.0012054659845071455
0.2625581452660449, 0.22222222222222224, 0.013614812950571036
0.26642787963530995, 0.22222222222222224, 0.054423162862059976
0.22748677436329176, 0.22222222222222224, 0.007213735613753093
0.3122556317779247, 0.22222222222222224, 0.018457373798277468
0.2833723750887068, 0.22222222222222224, 0.027070172446758172
0.2306875347479125, 0.22222222222222224, 0.0009749913474478113
0.19843563670770564, 0.22222222222222224, 0.0003605491628963849
0.2797993606011087, 0.22222222222222224, 0.002404995273823956
0.1940764981347308, 0.22222222222222224, 0.0407328371509935
0.16097738938949918, 0.22222222222222224, 0.0063186510929285795
0.17336752428015537, 0.22222222222222224, 0.06140828820504162
0.18327484683766598, 0.22222222222222224, 0.0067253919112855625
0.13176950110965654, 0.22222222222222224, 0.03419209907671895
0.20765287761122983, 0.22222222222222224, 0.006828591588277563
0.18712145274323574, 0.22222222222222224, 0.021194172730089937
0.18792088021539488, 0.22222222222222224, 0.006826101121951605
0.12801917300800503, 0.22222222222222224, 0.027038444241181375
0.10173317851499614, 0.22222222222222224, 0.011622873458865717
0.16371632564412766, 0.22222222222222224, 0.0680214092400449
0.12759184706361038, 0.22222222222222224, 0.001994319554688302
0.2481747335764074, 0.22222222222222224, 0.027841725525588654
0.20096412765865176, 0.22222222222222224, 0.015782765853479253
0.17022831728993934, 0.22222222222222224, 0.016891096103652293
0.21986579806458464, 0.22222222222222224, 0.05158129026154776
0.18162068648668625, 0.22222222222222224, 0.0009003515738220619
0.15582943735661953, 0.22222222222222224, 0.00023422470211551135
0.13113743835104497, 0.22222222222222224, 0.009607627394987241
0.24330489445514972, 0.22222222222222224, 0.0028455451134118703
0.21262106398879793, 0.22222222222222224, 0.00713050605868072
0.2162060886668234, 0.22222222222222224, 0.01416587262485789
0.19079051387575305, 0.22222222222222224, 0.001942817798449548
0.20183272341959868, 0.22222222222222224, 0.014847632209136392
0.15809614734791308, 0.22222222222222224, 0.020849293282757794
0.19171447572217457, 0.22222222222222224, 0.014062288867748983
0.19661436962548542, 0.22222222222222224, 0.042936463468542234
0.13132068404536257, 0.22222222222222224, 0.03933952349386978
0.24413568955207493, 0.22222222222222224, 0.039356918847400744
0.23823714575560243, 0.22222222222222224, 0.02999492851324546
0.18997200270944575, 0.22222222222222224, 0.060214300365865205
0.19190458715327124, 0.22222222222222224, 0.007121142524008864
0.18645067482751868, 0.22222222222222224, 0.012664234785477681
0.14208169048881206, 0.22222222222222224, 7.23266548131194e-05
0.22862891965103588, 0.22222222222222224, 0.005134523163551767
0.14101809171568153, 0.22222222222222224, 0.0036251687477401543
0.11013636253488161, 0.22222222222222224, 0.01697330899075884
0.1895715115880949, 0.22222222222222224, 0.17500104776755718
0.21922993869229185, 0.22222222222222224, 0.004159442109098482
0.13781771176550245, 0.22222222222222224, 0.034406974713364395
0.1950327286546152, 0.22222222222222224, 0.018595119532568427
0.19556649704201357, 0.22222222222222224, 0.007555200149785359
0.2475607654656073, 0.22222222222222224, 0.007607866750458451
0.20674650387810622, 0.22222222222222224, 0.01055000077385625
0.11107190849699133, 0.22222222222222224, 0.07746805369809735
0.19260733657607276, 0.22222222222222224, 0.0055111724721785375
0.1517232450147826, 0.22222222222222224, 0.013813070696995756
0.24955895907824674, 0.22222222222222224, 0.030118116321968695
0.2752765821730763, 0.22222222222222224, 0.002254153678698662
0.1605752357776384, 0.22222222222222224, 0.018084301674143103
0.18998506060956197, 0.22222222222222224, 0.0053565997028087375
0.2400219568156339, 0.22222222222222224, 0.014823182096659131
0.23726465162833604, 0.22222222222222224, 0.0027347410448874104
0.13491317413359344, 0.22222222222222224, 0.014146862291934615
0.21349908307413631, 0.22222222222222224, 0.013271649926706782
0.2285524953889892, 0.22222222222222224, 0.031555789583617246
0.24723997079332471, 0.22222222222222224, 0.004350748074757202
0.2246835128675291, 0.22222222222222224, 0.07828780565548157
0.20023254973623256, 0.22222222222222224, 0.014313469381898114
0.16833388889572537, 0.22222222222222224, 0.049756658875137964
0.2657448164696029, 0.22222222222222224, 0.022304512535470118
0.19977075016472884, 0.22222222222222224, 0.008426008719266676
0.18746015599216193, 0.22222222222222224, 0.042047290573560756
0.12295457961706543, 0.22222222222222224, 0.02476589219952164
0.07660171639480873, 0.22222222222222224, 0.012424551134142234
0.1657392193578327, 0.22222222222222224, 0.006983134727183853
0.19230298625596853, 0.22222222222222224, 0.016652663566190353
0.15369204525707003, 0.22222222222222224, 0.016987735083292724
0.18592491938108086, 0.22222222222222224, 0.0017654111624621786
0.1786999142051737, 0.22222222222222224, 0.004102519230956653
0.20702567815386835, 0.22222222222222224, 0.011437331169133461
0.2190636084182354, 0.22222222222222224, 0.033338092451427256
0.20888667191885776, 0.22222222222222224, 0.01150192284039491
0.15164944910860745, 0.22222222222222224, 0.018075318842641342
0.19561391856093382, 0.22222222222222224, 0.009301305829382133
0.21028411126021415, 0.22222222222222224, 0.008786676786822203
0.2411953444314481, 0.22222222222222224, 0.00809145678985024
0.11074378472160408, 0.22222222222222224, 0.0502729722514131
0.202267459703916, 0.22222222222222224, 0.01600762655898783
0.12805350323368853, 0.22222222222222224, 0.0015500731572850198
0.16046553840193503, 0.22222222222222224, 0.017211475176463212
0.28576582308041965, 0.22222222222222224, 0.044024091855783466
0.13513781303586345, 0.22222222222222224, 0.05337968673245508
0.25347288705299686, 0.22222222222222224, 0.009873400017906302
0.23712759904066044, 0.22222222222222224, 0.02857111599374375
0.24157887426520389, 0.22222222222222224, 0.06226015097582671
0.19519683748253638, 0.22222222222222224, 0.025781806806700693
0.1485476492013191, 0.22222222222222224, 0.07228544423802265
0.18049210890655515, 0.22222222222222224, 0.00870155814682902
0.13641399134770357, 0.22222222222222224, 0.01675836286551785
0.09418906064131294, 0.22222222222222224, 0.011517919921947643
0.15442060784393263, 0.22222222222222224, 0.06417808695793811
0.32564399127434207, 0.22222222222222224, 0.007947855467567532
0.23782940703385047, 0.22222222222222224, 0.02960045699751245
0.13307878443890037, 0.22222222222222224, 0.003651457518042401
0.21310996820139777, 0.22222222222222224, 0.019150694012818107
0.19764701478311852, 0.22222222222222224, 0.004097849684106787
0.2334564850482608, 0.22222222222222224, 0.10040291327829616
0.15898101377064575, 0.22222222222222224, 0.007227945138356675
0.18571745724993513, 0.22222222222222224, 0.009760859056636886
0.16069537488787872, 0.22222222222222224, 0.05495254354033657
0.24287805564102227, 0.22222222222222224, 0.01651958053668757
0.20397591863445075, 0.22222222222222224, 0.0032523650931255963
0.19117232462377245, 0.22222222222222224, 0.012910949506415954
0.22608608177744416, 0.22222222222222224, 0.00945287792826313
0.25276411290998363, 0.22222222222222224, 0.0008811238132624599
0.19679387637955387, 0.22222222222222224, 0.021942580983239104
0.19289449048649016, 0.22222222222222224, 0.028285994755581214
0.27772671996044956, 0.22222222222222224, 0.006750257581783485
0.196537965510195, 0.22222222222222224, 0.02240593838840249
0.31895614506026276, 0.22222222222222224, 0.03220369542178094
0.206551564194358, 0.22222222222222224, 0.009841697434372118
0.19475206838238174, 0.22222222222222224, 0.017259152676565293
0.15293692692459668, 0.22222222222222224, 0.004246913982150543
0.2396337687064524, 0.22222222222222224, 0.013043385585129354
0.2551642177404241, 0.22222222222222224, 0.02306569764969902
0.2451652558633067, 0.22222222222222224, 0.013807245882099941
0.24635014774807068, 0.22222222222222224, 0.002111141063007908
0.19000609496829887, 0.22222222222222224, 0.06499343611218464
0.17999719350341997, 0.22222222222222224, 0.0030618974246255544
0.22860809943593458, 0.22222222222222224, 0.01109202293085581
0.28122471530988535, 0.22222222222222224, 0.031885000397883244
0.21217287938983095, 0.22222222222222224, 0.011702809250822906
0.19744237902723216, 0.22222222222222224, 0.016552920363283947
0.26635821285670774, 0.22222222222222224, 0.00935565589314889
0.1259911977106063, 0.22222222222222224, 0.003980384988485569
0.13723379720702708, 0.22222222222222224, 0.030014755478477848
0.3551293427181662, 0.22222222222222224, 0.025648210720258954
0.1673325994715058, 0.22222222222222224, 0.02649994148266403
0.12432084153610289, 0.22222222222222224, 0.025535604926021173
0.1987253353033795, 0.22222222222222224, 0.013766329192087057
0.2490292954482443, 0.22222222222222224, 0.00510707261972211
0.2825324463229236, 0.22222222222222224, 0.05853170450563589
0.20964657604742606, 0.22222222222222224, 0.03959014318083498
0.2717498038650068, 0.22222222222222224, 0.02341469725803832
0.12496795362456575, 0.22222222222222224, 0.039535142512552066
0.2530990846520826, 0.22222222222222224, 0.009359767525334437
0.1968048256219017, 0.22222222222222224, 0.00845521948204749
0.2776556220480978, 0.22222222222222224, 0.012977222772539534
0.0758355474065646, 0.22222222222222224, 0.010531062117346838
0.1501825130655059, 0.22222222222222224, 0.022228156001329408
0.19895170691981268, 0.22222222222222224, 0.04363833896377286
0.19221998560406248, 0.22222222222222224, 0.03647379161274058
0.23278781116719666, 0.22222222222222224, 0.035156167943050924
0.30603413616811526, 0.22222222222222224, 0.026060045152468153
0.1454848636837692, 0.22222222222222224, 0.012441271238807162
0.195302459616068, 0.22222222222222224, 0.03101087878520805
0.273793663939108, 0.22222222222222224, 0.005429093889369973
0.17174111948458545, 0.22222222222222224, 0.03334697060433057
0.13148612891179823, 0.22222222222222224, 0.03589782270412963
0.19587952763763375, 0.22222222222222224, 0.03901843682789671
0.1331879246795281, 0.22222222222222224, 0.012105034827930176
0.24248771390597082, 0.22222222222222224, 0.035718331515257044
0.16057745660795208, 0.22222222222222224, 0.028047197081203876
0.2302027511844334, 0.22222222222222224, 0.02641789595381695
0.12878747950380554, 0.22222222222222224, 0.01903870033071501
0.12180448898318673, 0.22222222222222224, 0.024643658342265146
0.23083901585471853, 0.22222222222222224, 0.029559371503845074
0.23896153668874373, 0.22222222222222224, 0.005852724195343188
0.09820907733408052, 0.22222222222222224, 0.010038075941353886
0.1805356826878615, 0.22222222222222224, 0.01848784668684488
0.18488729512211205, 0.22222222222222224, 0.016046548431415904
0.2954954991560584, 0.22222222222222224, 0.009121588104643077
0.20984910003368437, 0.22222222222222224, 0.014846100149378802
0.17398191345105554, 0.22222222222222224, 0.026190461931753742
0.21935621840356015, 0.22222222222222224, 0.05013285166737988
0.15525397434211172, 0.22222222222222224, 0.03021733456724845
0.1592245594617978, 0.22222222222222224, 0.009637919924534269
0.22030592090162843, 0.22222222222222224, 0.05717710730528938
0.2351663810875084, 0.22222222222222224, 0.023779839159024495
0.2199186833778035, 0.22222222222222224, 0.0026479301762617757
0.22105814840775037, 0.22222222222222224, 0.02573624362000076
0.20595317539812716, 0.22222222222222224, 0.008330129483183533
0.16912611816284684, 0.22222222222222224, 0.026179085412692035
0.22750780154181433, 0.22222222222222224, 0.024960216593411088
0.2391958029010372, 0.22222222222222224, 0.005599132322477386
0.3203320868643054, 0.22222222222222224, 0.008217794026533826
0.1750168478732046, 0.22222222222222224, 0.019494066392902243
0.15058570835035728, 0.22222222222222224, 0.002172375738628106
0.18327637103589794, 0.22222222222222224, 0.011670036427572035
0.20286286658681493, 0.22222222222222224, 0.0941988234467392
0.25617789551222864, 0.22222222222222224, 0.005516358381898456
0.14019243816856902, 0.22222222222222224, 0.002973869277540159
0.1451626939086844, 0.22222222222222224, 0.007917814908535206
0.14176785544813542, 0.22222222222222224, 0.015613948512643732
0.16459709915709111, 0.22222222222222224, 0.002915803481522973
0.19708045188365492, 0.22222222222222224, 0.003946293614391232
0.12118439599811526, 0.22222222222222224, 0.0241496756806401
0.1606045483620738, 0.22222222222222224, 0.027042969735160127
0.1797775209811508, 0.22222222222222224, 0.007896189758659192
0.08966648501444846, 0.22222222222222224, 0.06052375830714251
0.23232605039323428, 0.22222222222222224, 0.023126825439101203
0.16807088480424467, 0.22222222222222224, 0.0025676031243589744
0.16142056318417347, 0.22222222222222224, 0.01749262723085421
0.2843812898458258, 0.22222222222222224, 0.0019075547986029619
0.23731330514958732, 0.22222222222222224, 0.009095655626223475
0.1908165543411865, 0.22222222222222224, 0.002442491117031087
0.29127720522126255, 0.22222222222222224, 0.007028169009599611
0.2072670851329078, 0.22222222222222224, 0.010124981281646654
0.19717795463929205, 0.22222222222222224, 0.01509098472539868
0.2530348375839756, 0.22222222222222224, 0.014655368948620786
0.18151949131594908, 0.22222222222222224, 0.014840320976051091
0.14394787684294352, 0.22222222222222224, 0.0004635674995810046
0.17484015754528254, 0.22222222222222224, 0.0796828456918091
0.17477099986047645, 0.22222222222222224, 0.017515852800680423
0.10636677380929141, 0.22222222222222224, 0.02534331326691949
0.260239458338001, 0.22222222222222224, 0.023588885713686347
0.16015687508793003, 0.22222222222222224, 0.054070521924154624
0.2154882917449752, 0.22222222222222224, 0.017708141674562687
0.2347775200976381, 0.22222222222222224, 0.0052608546128248375
0.2760914811463112, 0.22222222222222224, 0.025446043007806948
0.1300663673182053, 0.22222222222222224, 0.1118508295530493
0.2651661638568936, 0.22222222222222224, 0.021313461607912164
0.13921198882587285, 0.22222222222222224, 0.052733290631461927
0.1309518059345438, 0.22222222222222224, 0.010467319653954813
0.13952823352148366, 0.22222222222222224, 0.09508066899118073
0.21609837439709628, 0.22222222222222224, 0.01869451085144318
0.21164866718313663, 0.22222222222222224, 0.015721622155923078
0.17754660480297932, 0.22222222222222224, 0.010204707133259116
0.2650908511638659, 0.22222222222222224, 0.027667436045139434
0.30980421627320903, 0.22222222222222224, 0.023396028314804994
0.2541484389169987, 0.22222222222222224, 0.01749574622483233
0.15878839442823237, 0.22222222222222224, 0.01733014112099345
0.1721067179507624, 0.22222222222222224, 0.011432946471097955
0.16354015578743905, 0.22222222222222224, 0.0070250226861718595
0.2556529396683938, 0.22222222222222224, 0.012472143106203856
0.21240267979441552, 0.22222222222222224, 0.032576308521402704
0.2057740096662318, 0.22222222222222224, 0.036990837743810234
0.12080844918435374, 0.22222222222222224, 0.028239584744794603
0.15835490504739053, 0.22222222222222224, 0.011615548459710967
0.24831310724796932, 0.22222222222222224, 0.014286887177598207
0.11634581111842518, 0.22222222222222224, 0.004015050170750782
0.19074087764876457, 0.22222222222222224, 0.057180511905235355
0.19779012910444985, 0.22222222222222224, 0.006882364915758694
0.24623417342159798, 0.22222222222222224, 0.0037765377181604646
0.3584789743134861, 0.22222222222222224, 0.030636010982618738
0.271130330672541, 0.22222222222222224, 0.012473403692776516
0.2414686943901858, 0.22222222222222224, 0.014062280531803544
0.2343787119681346, 0.22222222222222224, 0.07095899310363342
0.24908990498484385, 0.22222222222222224, 0.025821612919727475
0.22213955879147265, 0.22222222222222224, 0.0024508027748503217
0.18429190368837292, 0.22222222222222224, 0.06067898347055772
0.1409163586466001, 0.22222222222222224, 0.0013862083325719742
0.18666177190487038, 0.22222222222222224, 0.013186435091483753
0.18266385359173665, 0.22222222222222224, 0.019678158945581385
0.15817364404565773, 0.22222222222222224, 0.007134288283354856
0.17303135069776432, 0.22222222222222224, 0.008192200051464106
0.2048724485891239, 0.22222222222222224, 0.04988411233809658
0.17270386316516767, 0.22222222222222224, 0.0033288600510547714
0.19819293422444495, 0.22222222222222224, 0.03602440369283631
0.18764966649322903, 0.22222222222222224, 0.0027011046326218405
0.1281622609038749, 0.22222222222222224, 0.010484819893791119
0.1995322547078575, 0.22222222222222224, 0.012307343168820279
0.20616589178435216, 0.22222222222222224, 0.008557506572698307
0.18748876677988466, 0.22222222222222224, 0.0037756991053707317
0.14601120530317552, 0.22222222222222224, 0.0627591018536549
0.18182784316536837, 0.22222222222222224, 0.004897930410917079
0.1887969305532074, 0.22222222222222224, 0.0011636495952140832
0.23923403020569012, 0.22222222222222224, 0.012065788642822196
0.2288010696215558, 0.22222222222222224, 0.0266710081719837
0.2539702140930022, 0.22222222222222224, 0.00880018924548772
0.12610268167676325, 0.22222222222222224, 0.023548137296420652
0.270009516000014, 0.22222222222222224, 0.007695782036712489
0.08732122736825065, 0.22222222222222224, 0.002555733000008248
0.2670017541215527, 0.22222222222222224, 0.04058454149901497
0.2392257097614206, 0.22222222222222224, 0.019598004448631006
0.21454864233523813, 0.22222222222222224, 0.06706951951333362
0.1672070889065585, 0.22222222222222224, 0.003215381800983345
0.10762709558282957, 0.22222222222222224, 0.025559961711433325
0.28347566443353717, 0.22222222222222224, 0.0036548300790118456
0.17392060766820544, 0.22222222222222224, 0.023808782735515597
0.18233853713939008, 0.22222222222222224, 0.025919497188826225
0.24894585694224852, 0.22222222222222224, 0.036099892280488495
0.22911141824157294, 0.22222222222222224, 0.17907720603972863
0.19433539151575585, 0.22222222222222224, 0.010592407814727249
0.19475130126602172, 0.22222222222222224, 0.0010632822785638526
0.2283822982551894, 0.22222222222222224, 0.027458798509625883
0.26070776931208384, 0.22222222222222224, 0.023050707437777596
0.16137803495996894, 0.22222222222222224, 0.006397002243256322
0.23829695741056361, 0.22222222222222224, 0.02354123647707753
0.17344306444675453, 0.22222222222222224, 0.07170738622833339
0.16927349191542945, 0.22222222222222224, 0.027731087790119097
0.14226848336903425, 0.22222222222222224, 0.00268103758500136
0.2536968144230965, 0.22222222222222224, 0.006696722932371888
0.2291337243801594, 0.22222222222222224, 0.0035307078212092327
0.2563436860681188, 0.22222222222222224, 0.05928083143920095
0.12860694063416972, 0.22222222222222224, 0.013966699058196808
0.18924386093389767, 0.22222222222222224, 0.016015673257382436
0.17019497259932134, 0.22222222222222224, 0.013356128093205584
0.24550161707833598, 0.22222222222222224, 0.004226893687758599
0.2526579477741781, 0.22222222222222224, 0.0021021601807608846
0.20287173157738037, 0.22222222222222224, 0.009026610261079494
0.20971268637377083, 0.22222222222222224, 0.02605223411850253
0.13036005845174287, 0.22222222222222224, 0.010927019203800388
0.1864508701670275, 0.22222222222222224, 0.006106253043824821
0.21745886169152445, 0.22222222222222224, 0.008369432728656583
0.27035304924147874, 0.22222222222222224, 0.001790292163514439
0.15274231742502947, 0.22222222222222224, 0.09334406455165725
0.18244584906202788, 0.22222222222222224, 0.04654509433889965
0.12222585286930264, 0.22222222222222224, 0.026257042882534866
0.18161160850555574, 0.22222222222222224, 0.013865200157910202
0.23718494307443755, 0.22222222222222224, 0.03428388433633252
0.1923327875711153, 0.22222222222222224, 0.027614110072594025
0.16305995344772425, 0.22222222222222224, 0.012015074511888544
0.19759809283298044, 0.22222222222222224, 0.012553804971471837
0.11710211625003568, 0.22222222222222224, 0.05973994349181802
0.18103146375729764, 0.22222222222222224, 0.01606300036350501
0.18861856700967786, 0.22222222222222224, 0.005947274164160143
0.17539062902088523, 0.22222222222222224, 0.006569315952599143
0.14404844884379334, 0.22222222222222224, 0.0014147430851129297
0.18902970598472205, 0.22222222222222224, 0.0028416678903664242
0.14179898121157553, 0.22222222222222224, 0.009231163134023808
0.17752614502197375, 0.22222222222222224, 0.04919064431619856
0.1205150438738713, 0.22222222222222224, 0.03829908819698633
0.1931572057196204, 0.22222222222222224, 0.001962009370807703
0.15370554695501662, 0.22222222222222224, 0.023083246894895344
0.19962105944599293, 0.22222222222222224, 0.01865248475632761
0.27086703398688217, 0.22222222222222224, 0.09110802086472916
0.2508206341069256, 0.22222222222222224, 0.020690951143669135
0.25264163858006855, 0.22222222222222224, 0.0050709524045108164
0.15008441665163613, 0.22222222222222224, 0.00490172421858758
0.22717535020018356, 0.22222222222222224, 0.03183925237474608
0.2109058552471135, 0.22222222222222224, 0.01841435038213421
0.132403615276587, 0.22222222222222224, 0.028825405430224257
0.23078904018959373, 0.22222222222222224, 0.015070195249371717
0.15945404401984642, 0.22222222222222224, 0.03044428583615944
0.17948886827531074, 0.22222222222222224, 0.0016542773175717428
0.21019380571848517, 0.22222222222222224, 0.001499507184231196
0.13933216581032062, 0.22222222222222224, 0.06367891787301792
0.17967683865317638, 0.22222222222222224, 0.005937718939090194
0.10936586849272331, 0.22222222222222224, 0.012065576111844143
0.21698841166825097, 0.22222222222222224, 0.023914997794206905
0.2767417522691461, 0.22222222222222224, 0.022051490950614334
0.171678626628364, 0.22222222222222224, 0.025686217875106013
0.25233880678195847, 0.22222222222222224, 0.017635821645950508
0.22479953899059857, 0.22222222222222224, 0.01143203875857518
0.19651516987470324, 0.22222222222222224, 0.028581431556685324
0.16057846349351726, 0.22222222222222224, 0.04937734008538222
0.28592168540438, 0.22222222222222224, 0.0059572062696582155
0.14573233287759985, 0.22222222222222224, 0.053191448005191655
0.187528732982499, 0.22222222222222224, 0.005033120972635434
0.18930627684364645, 0.22222222222222224, 0.04054795982397824
0.17229052611079707, 0.22222222222222224, 0.02803747894493872
0.24769221465035537, 0.22222222222222224, 0.0025056329021032543
0.20611617798264864, 0.22222222222222224, 0.007431405183436779
0.15512121581593416, 0.22222222222222224, 0.01782563542654779
0.23459122516745046, 0.22222222222222224, 0.0013058863179627326
0.13346016981461073, 0.22222222222222224, 0.015016069736297731
0.22553777166131592, 0.22222222222222224, 0.013125002374495267
0.23586266451202725, 0.22222222222222224, 0.011123464791752906
0.27942848881558, 0.22222222222222224, 0.003399355500108949
0.19587247946225386, 0.22222222222222224, 0.024237731719701856
0.2187512465813839, 0.22222222222222224, 0.019474778328016126
0.30197669430891527, 0.22222222222222224, 0.13822120987734415
0.18896628817085043, 0.22222222222222224, 0.0018773262290772863
0.2004670625535579, 0.22222222222222224, 0.07441207656745472
0.240660584301737, 0.22222222222222224, 0.0032534315009537665
0.19943225306256057, 0.22222222222222224, 0.07351118204879754
0.17850547927667365, 0.22222222222222224, 0.021750843641338315
0.21618530999263688, 0.22222222222222224, 0.009829994762369421
0.21657909543403298, 0.22222222222222224, 0.031889354838188416
0.19972717831663978, 0.22222222222222224, 0.008280118606990572
0.26262321759514146, 0.22222222222222224, 0.04248286105991709
0.24633823166891164, 0.22222222222222224, 0.03390766379324675
0.20618219707408603, 0.22222222222222224, 0.018545938525112483
0.19791239805768007, 0.22222222222222224, 0.002516759053421379
0.17178898176991825, 0.22222222222222224, 0.013898959839624116
0.24948808177611545, 0.22222222222222224, 0.00829501011417092
0.17508540962483993, 0.22222222222222224, 0.013946110436958247
0.2008095309442055, 0.22222222222222224, 0.05375015247912611
0.1688979553929851, 0.22222222222222224, 0.010117164472402991
0.24988509092868202, 0.22222222222222224, 0.03394638229542839
0.2662221930394005, 0.22222222222222224, 0.0683663278412074
0.2084915877400976, 0.22222222222222224, 0.016025446178517363
0.25146026354127526, 0.22222222222222224, 0.007447855459187782
0.12546733115267528, 0.22222222222222224, 0.039200897825472765
0.1368856318483719, 0.22222222222222224, 0.17076337343885387
0.1599513464845716, 0.22222222222222224, 0.0030439773804570723
0.09491183090477431, 0.22222222222222224, 0.03349412730567332
0.11193607292412866, 0.22222222222222224, 0.00606131547013894
0.1707211766335688, 0.22222222222222224, 0.020069669377484816
0.17199312405695416, 0.22222222222222224, 0.009375534059160357
0.23804741281994168, 0.22222222222222224, 0.024622992324995367
0.11683854189168584, 0.22222222222222224, 0.07349480438130306
0.2325158156150332, 0.22222222222222224, 0.007229174991059281
0.18142180272564937, 0.22222222222222224, 0.0018786836388545278
0.2436748870452804, 0.22222222222222224, 0.017105457914744403
0.1712709235326546, 0.22222222222222224, 0.007903228618401937
0.2414961921496662, 0.22222222222222224, 0.02380263477284035
0.28172572314725364, 0.22222222222222224, 0.0011797181412644827
0.24572133643381128, 0.22222222222222224, 0.008828779102456117
0.18789496035123499, 0.22222222222222224, 0.06878350598187255
0.15903079978498716, 0.22222222222222224, 0.0006579900167961008
0.18134699974479712, 0.22222222222222224, 0.05757253593599948
0.21993074449389394, 0.22222222222222224, 0.017317451163392075
0.14946719765146826, 0.22222222222222224, 0.0015089250458608819
0.29723976728149376, 0.22222222222222224, 0.02649515125663199
0.20000566373560635, 0.22222222222222224, 0.07605116418596673
0.22233189481874377, 0.22222222222222224, 7.010405745972581e-05
0.2138491109735956, 0.22222222222222224, 0.026764398191769234
0.1971371475539783, 0.22222222222222224, 0.011785974176417585
0.2267104198206337, 0.22222222222222224, 0.030467885337531184
0.21032664712919136, 0.22222222222222224, 0.0008979100182694193
0.19699657308328714, 0.22222222222222224, 0.014441919407576862
0.2300347605925664, 0.22222222222222224, 0.010558094704288796
0.12856057450600955, 0.22222222222222224, 0.01619313043335344
0.17951909886140305, 0.22222222222222224, 0.01950962803173357
0.13849309456947717, 0.22222222222222224, 0.04593476625955998
0.17204707043570858, 0.22222222222222224, 0.005499982918507053
0.18550795601713, 0.22222222222222224, 0.036808629085338426
0.16893436877836504, 0.22222222222222224, 0.0033985428217693948
0.2241670548963507, 0.22222222222222224, 0.06192262089431403
0.21703907786221643, 0.22222222222222224, 0.001855833075348221
0.19726029817500082, 0.22222222222222224, 0.012879550426441955
0.16321425405734694, 0.22222222222222224, 0.0018799612371804596
0.21686540052941192, 0.22222222222222224, 0.0036518075695766558
0.1694951739808042, 0.22222222222222224, 0.0055097309461289
0.19352229934969192, 0.22222222222222224, 0.03933725763386256
0.0896791078282337, 0.22222222222222224, 0.005671903499156911
0.2874511516780305, 0.22222222222222224, 0.007649524429136324
0.1141875264635151, 0.22222222222222224, 0.002496440469179226
0.22976795092305133, 0.22222222222222224, 0.03694264840824829
0.20672469714485892, 0.22222222222222224, 0.016308970904178335
0.24326038023919422, 0.22222222222222224, 0.0002837388973020412
0.14161519324028718, 0.22222222222222224, 0.03583401022421782
0.14168694021571612, 0.22222222222222224, 0.00011135996909852154
0.18428066792281966, 0.22222222222222224, 0.010178429556563834
0.18941664589078744, 0.22222222222222224, 0.010418902194357609
0.21911705679320218, 0.22222222222222224, 0.049884121528748306
0.20167435948526274, 0.22222222222222224, 0.0005430435477374201
0.1721371365687086, 0.22222222222222224, 0.04076900035197081
0.2308125971347319, 0.22222222222222224, 0.033846357958549796
0.2286580122777275, 0.22222222222222224, 0.004597183114353463
0.1550279598154139, 0.22222222222222224, 0.029165435006576448
0.3000001363740448, 0.22222222222222224, 0.006055710422465883
0.24997701571802639, 0.22222222222222224, 0.06736726385999497
0.2593843209463938, 0.22222222222222224, 0.008842049591712819
0.1810275519091246, 0.22222222222222224, 0.007756183867883572
0.2271577801615985, 0.22222222222222224, 0.005617437122119641
0.1589135904739826, 0.22222222222222224, 0.024579261551109486
0.17635983697577792, 0.22222222222222224, 0.014443521578903653
0.1666538694312651, 0.22222222222222224, 0.16901257768237823
0.10258509720466301, 0.22222222222222224, 0.015113853251603446
0.30204249167080094, 0.22222222222222224, 0.019245821784119214
0.24526928088184882, 0.22222222222222224, 0.03177643578989384
0.18306359819837517, 0.22222222222222224, 0.004879546341328657
0.3073907986243341, 0.22222222222222224, 0.02762949861886979
0.15861064507918793, 0.22222222222222224, 0.029443363864561863
0.16647662516061804, 0.22222222222222224, 0.012156832482194815
0.20965885118121683, 0.22222222222222224, 0.016794791033661407
0.15000684239693257, 0.22222222222222224, 0.03183218235065975
0.17704597023616866, 0.22222222222222224, 0.014564730841602829
0.18792598090818813, 0.22222222222222224, 0.00816611593131787
0.1056768001443165, 0.22222222222222224, 0.000921647022240191
0.16268319250480115, 0.22222222222222224, 0.023571721855768692
0.2755494616000246, 0.22222222222222224, 0.01788366047648312
0.21308330615085616, 0.22222222222222224, 0.022333377506649554
0.24750329269459398, 0.22222222222222224, 0.004881435005542317
0.1987457855144275, 0.22222222222222224, 0.0363778492139275
0.23914801578582537, 0.22222222222222224, 0.016555691703787973
0.28934560098360146, 0.22222222222222224, 0.05500492347497424
0.1811125979771337, 0.22222222222222224, 0.03256524572590063
0.1466146827545891, 0.22222222222222224, 0.05714134540867629
0.21892291856098944, 0.22222222222222224, 0.02314048918493198
0.1878445090127727, 0.22222222222222224, 0.024201454301292048
0.21425927568819259, 0.22222222222222224, 0.01720617843718137
0.16579063498035287, 0.22222222222222224, 0.013351958318384325
0.20407578440832747, 0.22222222222222224, 0.0021239312699494737
0.24969000245921355, 0.22222222222222224, 0.006569748228193233
0.23307617695726, 0.22222222222222224, 0.008784398508259109
0.1882537149586033, 0.22222222222222224, 0.00020440826617911732
0.17607282796082208, 0.22222222222222224, 0.00933153853090913
0.16382169456264212, 0.22222222222222224, 0.02910292364886564
0.1885303084344182, 0.22222222222222224, 0.012149705116610465
0.20326023532427304, 0.22222222222222224, 0.028840805567699704
0.27065263138546075, 0.22222222222222224, 0.02071437348541909
0.22077225250988325, 0.22222222222222224, 0.02646231213459178
0.14562904542036684, 0.22222222222222224, 0.012875135696725692
0.17185071738839716, 0.22222222222222224, 0.017660513739617956
0.1901757923405058, 0.22222222222222224, 0.0033949264343333284
0.16792393850786866, 0.22222222222222224, 0.00928843293967133
0.1719528039445075, 0.22222222222222224, 0.09178191897225899
0.19858002224584786, 0.22222222222222224, 0.045228359160626626
0.2242967586792097, 0.22222222222222224, 0.03824513775221642
0.17828385513520487, 0.22222222222222224, 0.014355995006923146
0.28296444994662445, 0.22222222222222224, 0.0414496113557866
0.16202643304222716, 0.22222222222222224, 0.024632291927138724
0.13039144794376145, 0.22222222222222224, 0.0032185389056537607
0.16531460781201857, 0.22222222222222224, 0.03303643479583442
0.22401120128484006, 0.22222222222222224, 0.010333144098758356
0.23055154578611764, 0.22222222222222224, 0.0026916802132752222
0.20369090031690476, 0.22222222222222224, 0.027893857965062475
0.18686542617141463, 0.22222222222222224, 0.012663536057042603
0.20394387138298475, 0.22222222222222224, 0.11117325912668695
0.1775860437463977, 0.22222222222222224, 0.014453565266841937
0.14398519375530822, 0.22222222222222224, 0.009944749070846007
0.19187341393115875, 0.22222222222222224, 0.05039610844470026
0.26266396282699084, 0.22222222222222224, 0.006098024245698568
0.2313730740407801, 0.22222222222222224, 0.0391485336481265
0.2658295033174811, 0.22222222222222224, 0.03506534058595943
0.1442657009058056, 0.22222222222222224, 0.029924401020369827
0.21862984497263677, 0.22222222222222224, 0.03697509253026617
0.2611646358158283, 0.22222222222222224, 0.006771451859532308
0.2590030651674312, 0.22222222222222224, 0.08596841110044119
0.13190145882326337, 0.22222222222222224, 0.0127162350067884
0.2286244629119368, 0.22222222222222224, 0.007191696381533031
0.2505076602627533, 0.22222222222222224, 0.01159849917053065
0.17545776924436746, 0.22222222222222224, 0.018710729534924534
0.23826364928884636, 0.22222222222222224, 0.02870882556094751
0.20948944507820505, 0.22222222222222224, 0.009587936381637482
0.24206321649187196, 0.22222222222222224, 0.05551350924434749
0.22968064708970323, 0.22222222222222224, 0.017475292748799068
0.17420249370739754, 0.22222222222222224, 0.016786439086638114
0.3164997563590575, 0.22222222222222224, 0.02651249199871995
0.2143278312353119, 0.22222222222222224, 0.01654340629935872
0.16409054239432896, 0.22222222222222224, 0.003539177211208727
0.2793248870952254, 0.22222222222222224, 0.012503585741443989
0.17844287199448675, 0.22222222222222224, 0.02885585083028835
0.14858761062011963, 0.22222222222222224, 0.016084802403496624
0.2586611940848966, 0.22222222222222224, 0.09006369064215945
0.28235470751596015, 0.22222222222222224, 0.025419914233994593
0.18464744461201038, 0.22222222222222224, 0.05503285129607874
0.2610236167026441, 0.22222222222222224, 0.00814347701101122
0.1577208771984644, 0.22222222222222224, 0.01138788195841991
0.21788245033217526, 0.22222222222222224, 0.005896871010848775
0.2465779034696904, 0.22222222222222224, 0.00262004962360519
0.1972273313506852, 0.22222222222222224, 0.026141370680545912
0.2316502732691128, 0.22222222222222224, 0.029881017996674312
0.24543044147557977, 0.22222222222222224, 0.01827335614439747
0.10613746675189979, 0.22222222222222224, 0.028830478643788793
0.1539102827962175, 0.22222222222222224, 0.020640117507654144
0.21649613061582518, 0.22222222222222224, 0.0013816184919269198
0.15667029066724747, 0.22222222222222224, 0.020678563050209403
0.1944375258928561, 0.22222222222222224, 0.014944560031178533
0.18290641103277533, 0.22222222222222224, 0.05124645094078279
0.24709160877835332, 0.22222222222222224, 0.010213348402896685
0.15221222770466009, 0.22222222222222224, 0.03307168296193106
0.20247149815048865, 0.22222222222222224, 0.0256262892260047
0.24361242572431496, 0.22222222222222224, 0.01103387779464556
0.2740791312956152, 0.22222222222222224, 0.041307579381965005
0.25473653636836774, 0.22222222222222224, 0.015811943002998655
0.2485140622282665, 0.22222222222222224, 0.01312980510220103
0.18025057079261578, 0.22222222222222224, 0.01273916114450096
0.22390920008367893, 0.22222222222222224, 0.022725208690323875
0.17452675345533297, 0.22222222222222224, 0.027212872925761553
0.2008574574191182, 0.22222222222222224, 0.0005839257474906209
0.21096151726904083, 0.22222222222222224, 0.06394680301093875
0.12561981955108792, 0.22222222222222224, 0.02553695180953283
0.24918443637796472, 0.22222222222222224, 0.01999647437390958
0.0900569575942082, 0.22222222222222224, 0.0050335567459106395
0.1571916476203341, 0.22222222222222224, 0.005587845226934782
0.17623906002340375, 0.22222222222222224, 0.018249148652786366
0.20145532215393425, 0.22222222222222224, 0.11990941247566282
0.2026362353355777, 0.22222222222222224, 0.021546853365435933
0.1404594258626934, 0.22222222222222224, 0.007805427109913617
0.19463762731364717, 0.22222222222222224, 0.011160112488808339
0.22668908722140657, 0.22222222222222224, 0.013878207203426453
0.20980971587439656, 0.22222222222222224, 0.04863697045004554
0.23842349491392562, 0.22222222222222224, 0.0058212777084761845
0.1627401052895057, 0.22222222222222224, 0.004383689680557922
0.1990563309456752, 0.22222222222222224, 0.014243025179175443
0.20107338222562773, 0.22222222222222224, 0.010465955421126764
0.21654994219047632, 0.22222222222222224, 0.004117532473843386
0.2787005676669659, 0.22222222222222224, 0.008789350689015837
0.21687918866888017, 0.22222222222222224, 0.0032687422128576324
0.234571344280896, 0.22222222222222224, 0.00896576358832079
0.15619191619587697, 0.22222222222222224, 0.016449266848307196
0.22468304988450336, 0.22222222222222224, 0.0014513163426184256
0.189501712168181, 0.22222222222222224, 0.02969206227419608
0.24561591832441218, 0.22222222222222224, 0.01958142549720659
0.17031736777692313, 0.22222222222222224, 0.039997609466524905
0.23513481017771065, 0.22222222222222224, 0.012137936181613688
0.18922988993320267, 0.22222222222222224, 0.0026617147887946797
0.21469468542851217, 0.22222222222222224, 0.022292221567884556
0.13858555012114612, 0.22222222222222224, 0.0017738543918535625
0.1881326860188607, 0.22222222222222224, 0.03512450776396004
0.2203714793609211, 0.22222222222222224, 0.0031869432228906836
0.23299543118816668, 0.22222222222222224, 0.003098829958440902
0.13723364974557295, 0.22222222222222224, 0.008802282846959919
0.17246287992339265, 0.22222222222222224, 0.03043251557483017
0.21760646993712573, 0.22222222222222224, 0.055203127222380154
0.22522630696872176, 0.22222222222222224, 0.024220972353696715
0.2160564898227717, 0.22222222222222224, 0.07203817404569922
0.19645390998015144, 0.22222222222222224, 0.00707245661583917
0.13616871276472642, 0.22222222222222224, 0.047185868379252156
0.23977939799138256, 0.22222222222222224, 0.003448295928101329
0.184086061677515, 0.22222222222222224, 0.05803813257336688
0.1666087404077961, 0.22222222222222224, 0.00035882061183517707
0.210664485191579, 0.22222222222222224, 0.012821294705862678
0.23082278390337485, 0.22222222222222224, 0.002011213573232923
0.11803022381442997, 0.22222222222222224, 0.0002697380501708447
0.20701700773964185, 0.22222222222222224, 0.017592994911271063
0.20990403223033732, 0.22222222222222224, 0.01495522300266927
0.14194366058593647, 0.22222222222222224, 0.10429559949926684
0.21138772588038277, 0.22222222222222224, 0.043805125197228144
0.2017051000770211, 0.22222222222222224, 0.06468848702423584
0.22374795899603614, 0.22222222222222224, 0.02412230045629387
0.17392101521297154, 0.22222222222222224, 0.007750145709891499
0.2074906481390654, 0.22222222222222224, 0.04390716668143532
0.20658294242246278, 0.22222222222222224, 0.02549231726880355
0.24924118834629544, 0.22222222222222224, 0.018880048250241845
0.25225836496768356, 0.22222222222222224, 0.03171237346974564
0.1650111248044, 0.22222222222222224, 0.010726594195491362
0.26330220598557996, 0.22222222222222224, 0.03302650714347657
0.2284453451599674, 0.22222222222222224, 0.005770984164350534
0.17773828851320342, 0.22222222222222224, 0.01306804795398162
0.1754882646941884, 0.22222222222222224, 0.015874341729178502
0.2363886452944125, 0.22222222222222224, 0.030386301787786896
0.28215799272064823, 0.22222222222222224, 0.025503126744413268
0.2786756773674385, 0.22222222222222224, 0.03290854200691544
0.17315601922353996, 0.22222222222222224, 0.010453890738002694
0.07475290560015568, 0.22222222222222224, 0.06145253628165857
0.1337926199361501, 0.22222222222222224, 0.05953099078604019
0.17555667989139534, 0.22222222222222224, 0.026684492703139627
0.2848784504333186, 0.22222222222222224, 0.05759483466052736
0.08478530335180233, 0.22222222222222224, 0.012807660653248013
0.18592872229263788, 0.22222222222222224, 0.026533873325390984
0.2143720172194366, 0.22222222222222224, 0.018754990277487775
0.2559199760083827, 0.22222222222222224, 0.07436970532148252
0.23476755178849745, 0.22222222222222224, 0.0028853266076633074
0.2212371355525417, 0.22222222222222224, 0.027019197973513532
0.21675429765140408, 0.22222222222222224, 0.02164556205138122
0.21178541203156118, 0.22222222222222224, 0.035092618484233104
0.2241778259441768, 0.22222222222222224, 0.016517889037764837
0.15955727946697007, 0.22222222222222224, 0.00024525295423362344
0.22350170057685342, 0.22222222222222224, 0.0024759718993245124
0.2578913333846533, 0.22222222222222224, 0.02600075307567722
0.1759681660164964, 0.22222222222222224, 0.01863787390456784
0.13538678339768437, 0.22222222222222224, 0.0092554749426678
0.2509630451101768, 0.22222222222222224, 0.0021490894395799487
0.2192180265073108, 0.22222222222222224, 0.005071825125746958
0.18874022133273013, 0.22222222222222224, 0.004805705226283543
0.25312959513672306, 0.22222222222222224, 0.039557323343380836
0.1755357101200987, 0.22222222222222224, 0.006286592634783864
0.2171937539464764, 0.22222222222222224, 0.019100047761884707
0.2170331094760975, 0.22222222222222224, 0.0007325015778731282
0.2050550793968825, 0.22222222222222224, 0.016381280354457912
0.11627910329344394, 0.22222222222222224, 0.014304898134240353
0.2934676801098475, 0.22222222222222224, 0.00301403416443342
0.21551853505861907, 0.22222222222222224, 0.013111094386328424
0.19976811995331725, 0.22222222222222224, 0.008722433955729103
0.19023793304404507, 0.22222222222222224, 0.0030101745385886784
0.18893719504517067, 0.22222222222222224, 0.012169616033095213
0.17652410862751544, 0.22222222222222224, 0.010545965972589484
0.12631233548477244, 0.22222222222222224, 0.004242615151270984
0.15585914708645543, 0.22222222222222224, 0.017837483706134593
0.1554865721901077, 0.22222222222222224, 0.011594922031720238
0.1972257198700663, 0.22222222222222224, 0.03642714899286617
0.2034784413148333, 0.22222222222222224, 0.012575087655008178
0.21949334518673275, 0.22222222222222224, 0.04204467564798648
0.17270416324489768, 0.22222222222222224, 0.039535763703328036
0.08517515762726179, 0.22222222222222224, 0.0821371678743558
0.1570108287965602, 0.22222222222222224, 0.0039041929835674756
0.26279992620836307, 0.22222222222222224, 0.07363231208830097
0.1343160209995251, 0.22222222222222224, 0.011532149638644563
0.17218033663474547, 0.22222222222222224, 0.01239334455449644
0.12192685091245355, 0.22222222222222224, 0.03518306990168607
0.16055815975725368, 0.22222222222222224, 0.0915672041454849
0.23977313532807504, 0.22222222222222224, 0.012854199683177126
0.2924180097511021, 0.22222222222222224, 0.003960730485795381
0.16545820868000982, 0.22222222222222224, 0.024080772803330004
0.2689254879826246, 0.22222222222222224, 0.00581473714521202
0.30568458441504454, 0.22222222222222224, 0.038226378786203566
0.25782807553733816, 0.22222222222222224, 0.04270757102764709
0.20416490664610212, 0.22222222222222224, 0.005280088512094287
0.23463765784411686, 0.22222222222222224, 0.004793646596318807
0.2258383849969793, 0.22222222222222224, 0.007777007062548452
0.1667570346939229, 0.22222222222222224, 0.00441587784101907
0.2713172960527399, 0.22222222222222224, 0.04341449425352968
0.2758950744704622, 0.22222222222222224, 0.012516537198049123
0.1681746313964474, 0.22222222222222224, 0.029932326407077478
0.13887424774653312, 0.22222222222222224, 0.019299793124638167
0.20956376504178953, 0.22222222222222224, 0.01351283063009173
0.1332386386743657, 0.22222222222222224, 0.005515873475530349
0.20674735957600884, 0.22222222222222224, 0.005878014204373361
0.2866043974976062, 0.22222222222222224, 0.013532682217096697
0.16575185084148555, 0.22222222222222224, 0.01058652759763186
0.2247111720678055, 0.22222222222222224, 0.02708711386749768
0.11762616365687102, 0.22222222222222224, 0.006985041303260817
0.2927892877659138, 0.22222222222222224, 0.0017971644314869184
0.21232430082293172, 0.22222222222222224, 0.017369213559950365
0.14194391078380003, 0.22222222222222224, 0.0061137446259585965
0.22091875098183247, 0.22222222222222224, 0.04666237954642667
0.13833434124534405, 0.22222222222222224, 0.0027290511621752356
0.24573391591880658, 0.22222222222222224, 0.02491477401724184
0.22962367638071823, 0.22222222222222224, 0.01160160449102408
0.13115307772816476, 0.22222222222222224, 0.03461995365806048
0.16372925009329792, 0.22222222222222224, 0.025020168911944463
0.13308837284505287, 0.22222222222222224, 0.004994613226948956
0.14518215637964774, 0.22222222222222224, 0.0012563835829437783
0.20421715178077687, 0.22222222222222224, 0.021800444639973843
0.20974637598024456, 0.22222222222222224, 0.038629382234930856
0.09252800606149642, 0.22222222222222224, 0.1383052795431262
0.2622223802216648, 0.22222222222222224, 0.015005641392605504
0.2613369063632754, 0.22222222222222224, 0.030309067636171128
0.17319649915666557, 0.22222222222222224, 0.016143386837694236
0.14323495720930365, 0.22222222222222224, 0.12851645305953735
0.20267936505423143, 0.22222222222222224, 0.011393027827913741
0.13714328892561084, 0.22222222222222224, 0.03931067206452726
0.15865575342400798, 0.22222222222222224, 0.0017902112377034206
0.16679167868737726, 0.22222222222222224, 0.0017417200070596161
0.13146013349034824, 0.22222222222222224, 0.0008916046228766664
0.142129232662402, 0.22222222222222224, 0.0011854337691824671
0.21504590874114773, 0.22222222222222224, 0.037236065307989105
0.17338704984797948, 0.22222222222222224, 0.006400656154891095
0.2168355659270533, 0.22222222222222224, 0.0008226659999504987
0.12723540982015402, 0.22222222222222224, 0.01819210468592894
0.24242179378141032, 0.22222222222222224, 0.011375771138968174
0.15410529004341653, 0.22222222222222224, 0.046314341931569504
0.23586410152184822, 0.22222222222222224, 0.06910867182593279
0.12160255105394063, 0.22222222222222224, 0.0007846624726794748
0.21632277001798847, 0.22222222222222224, 0.00500971626866789
0.11095926094261412, 0.22222222222222224, 0.017116693353835002
0.22340203942076534, 0.22222222222222224, 0.04491395852936866
0.2162332642857335, 0.22222222222222224, 0.024046684567910776
0.14343240898910198, 0.22222222222222224, 0.0011013464361498142
0.29804053683646664, 0.22222222222222224, 0.02474254823802336
0.24078051127897032, 0.22222222222222224, 0.09957626525078343
0.20002551219260317, 0.22222222222222224, 0.007954263846875278
0.1392115321672651, 0.22222222222222224, 0.0028430878524191286
0.16287762080330698, 0.22222222222222224, 0.008728026396229722
0.21334219247662448, 0.22222222222222224, 0.010476301179679787
0.15817545997570343, 0.22222222222222224, 0.01585540389953141
0.1280533772722114, 0.22222222222222224, 0.02154091819216454
0.17058891112220576, 0.22222222222222224, 0.01640798709209193
0.32866095439579457, 0.22222222222222224, 0.009180372302348909
0.21280083393253482, 0.22222222222222224, 0.03475622601147782
0.24565074841967624, 0.22222222222222224, 0.02937405827056416
0.15324235435255326, 0.22222222222222224, 0.003678840298303672
0.2381796534282466, 0.22222222222222224, 0.05451345970509554
0.2072482158831077, 0.22222222222222224, 0.008150695996203432
0.19294247135950177, 0.22222222222222224, 0.03621655443722392
0.07342974093842522, 0.22222222222222224, 0.08745490094721926
0.16015458733985904, 0.22222222222222224, 0.00969714722666494
0.21107126894471473, 0.22222222222222224, 0.004446066457370314
0.2570179431872468, 0.22222222222222224, 0.06331295604207086
0.1519845695899757, 0.22222222222222224, 0.019503938682153978
0.2247393150414084, 0.22222222222222224, 0.012818112408573449
0.18788280533267923, 0.22222222222222224, 0.01650661764252452
0.26120449003623997, 0.22222222222222224, 0.04107998299093615
0.2652022157971501, 0.22222222222222224, 0.008866490934386696
0.20317623879096094, 0.22222222222222224, 0.03399673230633458
0.22056329350635293, 0.22222222222222224, 0.014311450056009138
0.2839805823392566, 0.22222222222222224, 0.04460027023544164
0.18661871281173487, 0.22222222222222224, 0.022422650428304214
0.27777958739848085, 0.22222222222222224, 0.004665721943119608
0.18567304620816671, 0.22222222222222224, 0.003681555740556986
0.07354246724896313, 0.22222222222222224, 0.012283684724882275
0.23761921865858338, 0.22222222222222224, 0.017896282925295017
0.13458528191749836, 0.22222222222222224, 0.049209245429233904
0.18697362638305218, 0.22222222222222224, 0.0010447573584636781
0.24642888402117352, 0.22222222222222224, 0.008395997672135483
0.26120588915640425, 0.22222222222222224, 0.011538651388786134
0.23294387088797683, 0.22222222222222224, 0.05123073937268848
0.09605043019175802, 0.22222222222222224, 0.008728247091891359
0.2428434643837609, 0.22222222222222224, 0.007558506375233717
0.31908965280738943, 0.22222222222222224, 0.0005341287588941004
0.1584311077480749, 0.22222222222222224, 0.006547011026265735
0.2111824036108997, 0.22222222222222224, 0.12446492435416996
0.20114489975791494, 0.22222222222222224, 0.007676943934404872
0.24847966109110484, 0.22222222222222224, 0.0035617515924677387
0.23362312921719355, 0.22222222222222224, 0.01010606290349129
0.2155752474568817, 0.22222222222222224, 0.008799767303683068
0.31489369700374537, 0.22222222222222224, 0.04113066812420783
0.23160150038970417, 0.22222222222222224, 0.030727739287742497
0.2285524294515699, 0.22222222222222224, 0.007628265702138906
0.31811512921908003, 0.22222222222222224, 0.03324330714945671
0.20122908271344794, 0.22222222222222224, 0.028680276012345376
0.19746769424498775, 0.22222222222222224, 0.000402897888302649
0.20908825601636172, 0.22222222222222224, 0.007800012908777354
0.23157797809623726, 0.22222222222222224, 0.037566520499817166
0.16908165132967823, 0.22222222222222224, 0.030446814475869905
0.18302233282637959, 0.22222222222222224, 0.026124737030126577
0.18976459395693293, 0.22222222222222224, 0.042403270237897576
0.24284914484992048, 0.22222222222222224, 0.008483204872317622
0.28890218939600715, 0.22222222222222224, 0.04050084442246142
0.24938706941476524, 0.22222222222222224, 0.007087931425291595
0.18545742782747188, 0.22222222222222224, 0.0022623936255143995
0.35125139268788175, 0.22222222222222224, 0.0007864380118908066
0.20352917405886456, 0.22222222222222224, 0.018516874510184
0.15395249981009196, 0.22222222222222224, 0.07621486129658042
0.1608639396987442, 0.22222222222222224, 0.04228348796076291
0.1316723417460481, 0.22222222222222224, 0.014558979625224738
0.24234874569663373, 0.22222222222222224, 0.002530864143132647
0.2466928645512435, 0.22222222222222224, 0.0017806070404633762
0.24296433380760102, 0.22222222222222224, 0.0061268882989716856
0.2032014941347124, 0.22222222222222224, 0.03319787223148231
0.14038535118676865, 0.22222222222222224, 0.007033865690038435
0.2957175901204605, 0.22222222222222224, 8.372396649268791e-06
0.22864997059644385, 0.22222222222222224, 0.004218297175048301
0.1894410372183839, 0.22222222222222224, 0.009341856336856063
0.20433931124925522, 0.22222222222222224, 0.004486158846475661
0.21284017876178424, 0.22222222222222224, 0.003381159630284283
0.15346323813606855, 0.22222222222222224, 0.0145980568535163
0.15233221069201092, 0.22222222222222224, 0.026918574440338894
0.22424507870006402, 0.22222222222222224, 0.030835652762195118
0.11487078784650655, 0.22222222222222224, 0.012372030445803891
0.15581125626682785, 0.22222222222222224, 0.02946694142531238
0.14338162450238068, 0.22222222222222224, 0.015926600085812544
0.27769152678266895, 0.22222222222222224, 0.003543947596692334
0.25174732809141226, 0.22222222222222224, 0.009223448143008938
0.2721945528790057, 0.22222222222222224, 0.014353116390290669
0.2748559672068296, 0.22222222222222224, 0.006338312254006911
0.18710752090236027, 0.22222222222222224, 0.0030665210521611955
0.2195380034286096, 0.22222222222222224, 0.002326445252298058
0.15574341141912618, 0.22222222222222224, 0.02608696114543372
0.14145675202650634, 0.22222222222222224, 0.0008767457349422517
0.1879667239033512, 0.22222222222222224, 0.006756523486543056
0.14270674572891373, 0.22222222222222224, 0.06653845690007858
0.23553232336859267, 0.22222222222222224, 0.014196302792667995
0.1768835456716041, 0.22222222222222224, 0.01748441794370652
0.2389997118508413, 0.22222222222222224, 0.06049842248364077
0.11911930193884512, 0.22222222222222224, 0.0446877345931229
0.17934361797739473, 0.22222222222222224, 0.13321563891113727
0.12376944119935915, 0.22222222222222224, 0.014870625446396583
0.1831178079455957, 0.22222222222222224, 0.054697725900032634
0.1453629048665258, 0.22222222222222224, 0.08549790163409914
0.19582428758452844, 0.22222222222222224, 0.022073494252599614
0.25177466323974707, 0.22222222222222224, 0.007764363583723611
0.16452554385664142, 0.22222222222222224, 0.009805360624652584
0.2669493219035354, 0.22222222222222224, 0.05675204262166297
0.29806261155510994, 0.22222222222222224, 0.018158351135381057
0.12616139035699137, 0.22222222222222224, 0.0048710425058485175
0.22271976405844598, 0.22222222222222224, 0.03253272767789753
0.1380221214662816, 0.22222222222222224, 0.0027660920237119043
0.21253009205021298, 0.22222222222222224, 0.013942355187419906
0.16722608262684593, 0.22222222222222224, 0.02857081644257032
0.1250432393916154, 0.22222222222222224, 0.007689017115716825
0.1373447980693971, 0.22222222222222224, 0.03586985397563396
0.295632960897405, 0.22222222222222224, 0.0396981675848121
0.20724429925185528, 0.22222222222222224, 0.08137564544791079
0.1422554921883373, 0.22222222222222224, 0.00994705086836923
0.14309574816698728, 0.22222222222222224, 0.013458058385748357
0.19032447453297216, 0.22222222222222224, 0.0012584239020612612
0.27154261320107376, 0.22222222222222224, 0.0936092551640129
0.20844716121101534, 0.22222222222222224, 0.015939672922329114
0.25719596476449574, 0.22222222222222224, 0.009948519052731874
0.17299864830551892, 0.22222222222222224, 0.006721755416783986
0.17117631384076307, 0.22222222222222224, 0.015208965368721824
0.1694331235760847, 0.22222222222222224, 0.017584548826328632
0.20243462573793178, 0.22222222222222224, 0.037268842111003765
0.24324224023903593, 0.22222222222222224, 0.030098795847877096
0.1727242120699449, 0.22222222222222224, 0.030231796585739178
0.19916757011390077, 0.22222222222222224, 0.005473471896798423
0.17206676993907047, 0.22222222222222224, 0.053609188320052265
0.24505605789904006, 0.22222222222222224, 0.010954618551284554
0.18845407438596998, 0.22222222222222224, 0.035366842588523434
0.2528146576631315, 0.22222222222222224, 0.016592989046993852
0.2607297282874212, 0.22222222222222224, 0.023285475333887532
0.20180825359165044, 0.22222222222222224, 0.027152673966869215
0.1581509316410528, 0.22222222222222224, 0.014048021970822968
0.23346846970757668, 0.22222222222222224, 0.0690154314447372
0.18113267450756715, 0.22222222222222224, 0.0026696360589313034
0.16663291664964697, 0.22222222222222224, 0.008836715729255379
0.20487496717441592, 0.22222222222222224, 0.04939220281719922
0.2007552655591373, 0.22222222222222224, 0.0014153991926232012
0.19261565207730913, 0.22222222222222224, 0.0083781672498627
0.21768287147949414, 0.22222222222222224, 0.02322066975421996
0.20300124067630787, 0.22222222222222224, 0.058722679790951804
0.11612986831960408, 0.22222222222222224, 0.034367883454307094
0.1312072545430753, 0.22222222222222224, 0.04665320317398969
0.20840226409327814, 0.22222222222222224, 0.0007649232143777865
0.2661123300414634, 0.22222222222222224, 0.003799921480482266
0.14294900710746242, 0.22222222222222224, 0.04074658887421707
0.13458147225080958, 0.22222222222222224, 0.003018649851150756
0.20262850912105584, 0.22222222222222224, 0.02517257840903481
0.17692905537901127, 0.22222222222222224, 0.02903731639487022
0.18506207621967588, 0.22222222222222224, 0.04536401406311289
0.23029239469162183, 0.22222222222222224, 0.007361830386591982
0.13852526648469857, 0.22222222222222224, 0.015219005268361301
0.18523689659665293, 0.22222222222222224, 0.02436570837074372
0.22997973685177614, 0.22222222222222224, 0.016543416709131408
0.1854763051857088, 0.22222222222222224, 0.00240497752022541
0.26191903027504687, 0.22222222222222224, 0.10568210272974944
0.24168794639111518, 0.22222222222222224, 0.002946695956185973
0.21388496381486527, 0.22222222222222224, 0.0011359943794942502
0.16626595087099377, 0.22222222222222224, 0.0002909689700257279
0.31274635040650267, 0.22222222222222224, 0.03699751832396375
0.19551271268071238, 0.22222222222222224, 0.05953097067301009
0.259904150143445, 0.22222222222222224, 0.010039852650998939
0.09621429799101039, 0.22222222222222224, 0.004283227304878087
0.1454236720304938, 0.22222222222222224, 0.0023985907138007437
0.2565778854603761, 0.22222222222222224, 0.06371373321466409
0.15047192514380775, 0.22222222222222224, 0.010639592185778047
0.3089943487672695, 0.22222222222222224, 0.057271350260157804
0.20303913659372197, 0.22222222222222224, 0.0069163426275429445
0.20376734926060047, 0.22222222222222224, 0.029956977308421753
0.08559437365896538, 0.22222222222222224, 0.056945252294214654
0.15928381817850942, 0.22222222222222224, 0.004775824050396365
0.20194841882017808, 0.22222222222222224, 0.025470905801324432
0.17800780636601726, 0.22222222222222224, 0.08641503631494414
0.19782109553164423, 0.22222222222222224, 0.0056425533060465525
0.1960830205057895, 0.22222222222222224, 0.07226162071685054
0.29725178752236425, 0.22222222222222224, 0.006161076497666561
0.19573741325359897, 0.22222222222222224, 0.03224408790370676
0.2369514491453599, 0.22222222222222224, 0.006866892107174431
0.1809520106260405, 0.22222222222222224, 0.0030766966603313437
0.199640013509929, 0.22222222222222224, 0.04734189125393334
0.22177672177892827, 0.22222222222222224, 0.0065576574394442776
0.2563716350536285, 0.22222222222222224, 0.003320387002098374
0.1724321927197398, 0.22222222222222224, 0.003685449988668518
0.1756116992757133, 0.22222222222222224, 0.0005380000844999367
0.26763642200686494, 0.22222222222222224, 0.01169181729233455
0.20413675688492, 0.22222222222222224, 0.037976143372709874
0.255723866371687, 0.22222222222222224, 0.05169019346669041
0.20292723946353752, 0.22222222222222224, 0.015634427124483256
0.21472696680219974, 0.22222222222222224, 0.01147870732035485
0.22281644887561436, 0.22222222222222224, 0.07812105284692897
0.1846807175616991, 0.22222222222222224, 0.0017261582597386665
0.20209198781845683, 0.22222222222222224, 0.007266833246775124
0.216015575538147, 0.22222222222222224, 0.016323410602170404
0.19449982582686262, 0.22222222222222224, 0.03556605353070847
0.25384702386574065, 0.22222222222222224, 0.004338817602575279
0.19014720846906646, 0.22222222222222224, 0.06976518903598018
0.21180012891354077, 0.22222222222222224, 0.01527864581296651
0.23241439024264907, 0.22222222222222224, 0.022538950053419795
0.19298795184122958, 0.22222222222222224, 0.02049643705422239
0.2531138566419286, 0.22222222222222224, 0.0030521631088004713
0.2214699784058205, 0.22222222222222224, 0.015963280953950627
0.14547553712870215, 0.22222222222222224, 0.02522293062409804
0.2400702820564018, 0.22222222222222224, 0.0024615490006032795
0.21931359978058731, 0.22222222222222224, 0.022525444025142716
0.26348580724791143, 0.22222222222222224, 0.032647139141225925
0.1540716720119113, 0.22222222222222224, 0.017766297512177762
0.15812149489241603, 0.22222222222222224, 0.0184226640587227
0.21532202757403737, 0.22222222222222224, 0.0027569410138638633
0.17339948851184211, 0.22222222222222224, 0.04027266910119304
0.19150386225691346, 0.22222222222222224, 0.014054934921685731
0.17873103472309504, 0.22222222222222224, 0.026096623404290847
0.2457748729401057, 0.22222222222222224, 0.0037000273967268513
0.15676552051342055, 0.22222222222222224, 0.028328536799179318
0.20144668364442142, 0.22222222222222224, 0.09546114701343365
0.15716423801551987, 0.22222222222222224, 0.008672945355401184
0.19490544817457314, 0.22222222222222224, 0.002411117384512843
0.21528594814617766, 0.22222222222222224, 0.0029165509581619503
0.192438878769255, 0.22222222222222224, 0.00988588585157829
0.16719553553240543, 0.22222222222222224, 0.013304658804998766
0.24292681922753473, 0.22222222222222224, 0.005637705487777294
0.23422314588898535, 0.22222222222222224, 0.059318551217671094
0.20379468015244315, 0.22222222222222224, 0.009468106941469687
0.1519881492135989, 0.22222222222222224, 0.028825403953567783
0.19118758805683236, 0.22222222222222224, 0.030447982359565803
0.1377045392677487, 0.22222222222222224, 0.0039254488966235035
0.25348724336609574, 0.22222222222222224, 0.017626069695899957
0.20005436551546454, 0.22222222222222224, 0.01737786498897463
0.18082570799840844, 0.22222222222222224, 0.04237868331780116
0.26308365270412, 0.22222222222222224, 0.010254348889763547
0.22402082346633972, 0.22222222222222224, 0.013982936082030287
0.1973712280927356, 0.22222222222222224, 0.08639777197191319
0.21888263806102118, 0.22222222222222224, 0.007172455334058028
0.239331822692692, 0.22222222222222224, 0.015641105688005058
0.22081354820813298, 0.22222222222222224, 0.010305966446207685
0.2712871155358633, 0.22222222222222224, 0.021466133042467146
0.223004794764497, 0.22222222222222224, 0.0223052668360163
0.21208057098264563, 0.22222222222222224, 0.03354989604523282
0.22798401712029515, 0.22222222222222224, 0.006442018880893347
0.22883009031808577, 0.22222222222222224, 0.013775109132484949
0.1748408493158661, 0.22222222222222224, 0.005150985035173534
0.21796882187020544, 0.22222222222222224, 0.003156420062449523
0.15748970831472556, 0.22222222222222224, 0.0037872139173661884
0.18245628287237164, 0.22222222222222224, 0.047432575616835095
0.15497157314083462, 0.22222222222222224, 0.0035070666869879926
0.2067648318552855, 0.22222222222222224, 0.005466653318348052
0.1895213000441746, 0.22222222222222224, 0.009229985499444752
0.22444701157493188, 0.22222222222222224, 0.009877132909454283
0.1528218483237927, 0.22222222222222224, 0.023468616160179458
0.18278857553384054, 0.22222222222222224, 0.003211929271209119
0.1947113023911192, 0.22222222222222224, 0.024738991193275522
0.19752964179802782, 0.22222222222222224, 0.013132326728815962
0.21932033629214576, 0.22222222222222224, 0.0391369078110174
0.17333191817587482, 0.22222222222222224, 0.011944228335544817
0.14426119883066374, 0.22222222222222224, 0.030777993398478143
0.23554936158787154, 0.22222222222222224, 0.0006758998947980972
0.15211897344900294, 0.22222222222222224, 0.0004267458906301358
0.14405774144302097, 0.22222222222222224, 0.0198961802191213
0.26420203592855085, 0.22222222222222224, 0.0015149396306487518
0.1417242838848212, 0.22222222222222224, 0.021791379259401902
0.11850402888769514, 0.22222222222222224, 0.01026440077361199
0.17893653425510272, 0.22222222222222224, 0.043396934991305626
0.2527107707701547, 0.22222222222222224, 0.012201221391124117
0.2655162641330724, 0.22222222222222224, 0.02362638801652949
0.23706410637490918, 0.22222222222222224, 0.025835220483750677
0.22617509315907797, 0.22222222222222224, 0.011046903819616552
0.17546146631789478, 0.22222222222222224, 0.00832659611360091
0.16780289741545842, 0.22222222222222224, 0.02070782086758123
0.18900505764277561, 0.22222222222222224, 0.03284424535115266
0.2024466550231757, 0.22222222222222224, 0.007880489165240166
0.15566153886122053, 0.22222222222222224, 0.0028683835072750487
0.13627502433586364, 0.22222222222222224, 0.02126708428232686
0.22185183648588527, 0.22222222222222224, 0.0009051041044758548
0.1643368960441403, 0.22222222222222224, 0.020345554758232912
0.1305074233786707, 0.22222222222222224, 0.05412816757430781
0.1965327014461497, 0.22222222222222224, 0.01615304795645893
0.2783833887040708, 0.22222222222222224, 0.015377731108193004
0.19999359829158264, 0.22222222222222224, 0.020300558117781163
0.06763558408672951, 0.22222222222222224, 0.015057320661720235
0.2166570977279745, 0.22222222222222224, 0.10596467847172589
0.18506584861683967, 0.22222222222222224, 0.027867054741322377
0.2632106771397119, 0.22222222222222224, 0.0035917122506153405
0.10317603539109271, 0.22222222222222224, 0.009089445688926443
0.09825570155082175, 0.22222222222222224, 0.0037611196865667412
0.18499537237027375, 0.22222222222222224, 0.04516789752678924
0.16933496034639745, 0.22222222222222224, 0.056690986976962204
0.2093941270079209, 0.22222222222222224, 0.02034482956253301
0.2226801160923928, 0.22222222222222224, 0.010610940613659837
0.19504043512291339, 0.22222222222222224, 0.020349281186930385
0.14221973083134684, 0.22222222222222224, 0.007271742905864364
0.2075975360205056, 0.22222222222222224, 0.011009235249043887
0.15266710406413145, 0.22222222222222224, 0.015566393410451506
0.12429875068154911, 0.22222222222222224, 0.0007131874639476183
0.12861569459003114, 0.22222222222222224, 0.007463334067206947
0.2121024307937419, 0.22222222222222224, 0.005687592610033377
0.21166928293639986, 0.22222222222222224, 0.0031850099726299804
0.19657074039454206, 0.22222222222222224, 0.021079837496586856
0.1079763571368502, 0.22222222222222224, 0.003219056361541417
0.26193507923761544, 0.22222222222222224, 0.008446651800880311
0.20899763910954727, 0.22222222222222224, 0.015440225080548419
0.19590392291528103, 0.22222222222222224, 0.004629322704803192
0.24160501146287783, 0.22222222222222224, 0.017915522761676433
0.2545135074182814, 0.22222222222222224, 0.014584946065117255
0.18021834317219929, 0.22222222222222224, 0.010351244562797589
0.22218180110990754, 0.22222222222222224, 0.0005003302231956655
0.15010808234563286, 0.22222222222222224, 0.04567014172933601
0.08716176628795276, 0.22222222222222224, 0.08098463546961225
0.19927217188076182, 0.22222222222222224, 0.008888068013497306
0.21707809063606986, 0.22222222222222224, 0.01765988255635381
0.15609123597819996, 0.22222222222222224, 0.002807434334332385
0.19225812957809726, 0.22222222222222224, 0.017554944804343286
0.14351099482215593, 0.22222222222222224, 0.009035674512096172
0.22436341886406738, 0.22222222222222224, 0.03886179342193893
0.25529311098291085, 0.22222222222222224, 0.0054357922830337935
0.2322830792075886, 0.22222222222222224, 0.030797358800501332
0.11511162492201417, 0.22222222222222224, 0.004682420348023141
0.1699583455362652, 0.22222222222222224, 0.016026959371308734
0.25855881312108064, 0.22222222222222224, 0.057037871387565574
0.0924638028550383, 0.22222222222222224, 0.012085146556571816
0.18124540796626748, 0.22222222222222224, 0.005979034808903143
0.2047001265568606, 0.22222222222222224, 0.019583147373798224
0.19902038721185228, 0.22222222222222224, 0.0073751944930453735
0.19148301145974717, 0.22222222222222224, 0.0724406424915072
0.28188840192439435, 0.22222222222222224, 0.002360974424264298
0.19564325680685643, 0.22222222222222224, 0.029434270568984837
0.16280936172040164, 0.22222222222222224, 0.00547712407480889
0.2549198882232043, 0.22222222222222224, 0.023004014369596933
0.23394718266154527, 0.22222222222222224, 0.00013983184988486635
0.16175868704227636, 0.22222222222222224, 0.01002865532560751
0.28787368863126334, 0.22222222222222224, 0.014079618692186506
0.17636999836229966, 0.22222222222222224, 0.08254022598227974
0.17496005557213112, 0.22222222222222224, 0.05031085751016791
0.19170128155070557, 0.22222222222222224, 0.02292334966317968
0.16517643469934526, 0.22222222222222224, 0.011834846746044084
0.29796315141305374, 0.22222222222222224, 0.019284212375483722
0.15379945409977902, 0.22222222222222224, 0.06866024109581034
0.25777628906060046, 0.22222222222222224, 0.0032014041854849184
0.1474808417284155, 0.22222222222222224, 0.059790261341045224
0.1618114408697262, 0.22222222222222224, 0.023860679243971224
0.24472958140382045, 0.22222222222222224, 0.010153682312355321
0.18025358038948744, 0.22222222222222224, 0.017554790575252346
0.16593677107418542, 0.22222222222222224, 0.02171418067912153
0.09975996626373468, 0.22222222222222224, 0.056498946405475925
0.17477386241539627, 0.22222222222222224, 0.11258309512162683
0.257670131061337, 0.22222222222222224, 0.0193754020043875
0.3068642494081035, 0.22222222222222224, 0.010158726282396025
0.2297228928488628, 0.22222222222222224, 0.03013109339003921
0.20650436730950528, 0.22222222222222224, 0.0378611851848189
0.17390657616540814, 0.22222222222222224, 0.007249589356648922
0.23312878084707384, 0.22222222222222224, 0.002138359438762837
0.18300709663238146, 0.22222222222222224, 0.03765763409022949
0.1689574918895478, 0.22222222222222224, 0.02167686202113878
0.17430680472659352, 0.22222222222222224, 0.005395842973396484
0.1185303433346972, 0.22222222222222224, 0.003842775109866127
0.1784633691578351, 0.22222222222222224, 0.03420090767711147
0.2964576873825055, 0.22222222222222224, 0.12183201215665787
0.20618452222676048, 0.22222222222222224, 0.045974226698837016
0.20333246981457861, 0.22222222222222224, 0.03994135021810789
0.17963239107013473, 0.22222222222222224, 0.015233031140419243
0.2228700096741265, 0.22222222222222224, 0.013806803601915699
0.1323652810198779, 0.22222222222222224, 0.012976108033941183
0.22388140049312816, 0.22222222222222224, 0.030513483400579265
0.2003950978478537, 0.22222222222222224, 0.0009538942506375369
0.1975426708201268, 0.22222222222222224, 0.012250184054252917
0.17107289288215302, 0.22222222222222224, 0.003175590231668895
0.202983733029893, 0.22222222222222224, 0.011402395941859678
0.2536633322703442, 0.22222222222222224, 0.009685691001899437
0.2192360365106921, 0.22222222222222224, 0.059800900987360614
0.21576782373229042, 0.22222222222222224, 0.008969630819092456
0.21962494316251044, 0.22222222222222224, 0.026052589098698044
0.2522723780623916, 0.22222222222222224, 0.00036982927397733514
0.1418867663157158, 0.22222222222222224, 0.0008953522811113508
0.14451754859401564, 0.22222222222222224, 0.031585014797907665
0.19708892416623147, 0.22222222222222224, 0.014614898149598939
0.20522248352378833, 0.22222222222222224, 0.0007955717946523668
0.13252207070213146, 0.22222222222222224, 0.0066579245674510575
0.1732197883951583, 0.22222222222222224, 0.02356751572367334
0.09199613538047585, 0.22222222222222224, 0.013885948731693888
0.181086440502783, 0.22222222222222224, 0.06010813194899103
0.0683787318782691, 0.22222222222222224, 0.012751018547406399
0.24171807571195814, 0.22222222222222224, 0.023685824092594652
0.13718696732349772, 0.22222222222222224, 0.035905744012601486
0.18151145499186358, 0.22222222222222224, 0.050621547202951776
0.22886012392403748, 0.22222222222222224, 0.05580345026884059
0.1243489146291084, 0.22222222222222224, 0.004852264367941887
0.28371322637367014, 0.22222222222222224, 0.0162216006435811
0.13382770345379547, 0.22222222222222224, 0.008039918387348044
0.22973424028116826, 0.22222222222222224, 0.01586453820745601
0.22757112367426102, 0.22222222222222224, 0.022423287314074735
0.19393572169425724, 0.22222222222222224, 0.050360099379860954
0.15013621049004255, 0.22222222222222224, 0.0028746087260058326
0.19843259459714493, 0.22222222222222224, 0.0015188436770474424
0.22038215699246722, 0.22222222222222224, 0.013041313489808108
0.12908075920627946, 0.22222222222222224, 0.015890830333906952
0.27435424116442186, 0.22222222222222224, 0.010956476887665375
0.16589833431234804, 0.22222222222222224, 0.036140371214719795
0.2130496954971452, 0.22222222222222224, 0.014414657091826932
0.12161787797694533, 0.22222222222222224, 0.006246245462000227
0.13253059255408697, 0.22222222222222224, 0.06191576676319472
0.1792864374638011, 0.22222222222222224, 0.11122062150402555
0.2613210106079703, 0.22222222222222224, 0.019102851727405223
0.2597008523933915, 0.22222222222222224, 0.028475693755560777
0.16625364483239544, 0.22222222222222224, 0.035938450520186196
0.2123742753730618, 0.22222222222222224, 0.002592234593097177
0.18581652608730864, 0.22222222222222224, 0.04877925012327748
0.2760223923002695, 0.22222222222222224, 0.013968751992098847
0.24940082241266937, 0.22222222222222224, 0.004132563256895182
0.17629903917890544, 0.22222222222222224, 0.017941353147143173
0.1814987342661112, 0.22222222222222224, 0.006627778968833319
0.21030775172038133, 0.22222222222222224, 0.027023989248531916
0.23453862001021164, 0.22222222222222224, 0.026660549758674445
0.1333250090409483, 0.22222222222222224, 0.018045357602836244
0.15992338877152798, 0.22222222222222224, 0.004997908714849156
0.19985179046850382, 0.22222222222222224, 0.0011176376898003244
0.25399228356520853, 0.22222222222222224, 0.012144356463880814
0.32770350036002915, 0.22222222222222224, 0.013092682388044447
0.19165544038995797, 0.22222222222222224, 0.0019423497604481293
0.18307902059052653, 0.22222222222222224, 0.06933004346975763
0.19711822683014416, 0.22222222222222224, 0.02063720504017059
0.2053388277108808, 0.22222222222222224, 0.02220354052969218
0.21410258156372322, 0.22222222222222224, 0.004928225503680908
0.17695971895174667, 0.22222222222222224, 0.0029465577707169063
0.19748493010142495, 0.22222222222222224, 0.02334268533700453
0.1577042811213581, 0.22222222222222224, 0.02186622523948771
0.21820215702005286, 0.22222222222222224, 0.01204473237690075
0.15309391261456357, 0.22222222222222224, 0.02952830873016484
0.18452858766666524, 0.22222222222222224, 0.013411830184105356
0.17704333345542897, 0.22222222222222224, 0.015355848754147364
0.20195611418006293, 0.22222222222222224, 0.042446099895647474
0.21079676586789658, 0.22222222222222224, 0.011583180629694576
0.2101870691653008, 0.22222222222222224, 0.04826248588028289
0.3049633350458246, 0.22222222222222224, 0.10774848933718756
0.1532145978612248, 0.22222222222222224, 0.021282512912827505
0.18553792496992835, 0.22222222222222224, 0.005943398767123936
0.1715237873141312, 0.22222222222222224, 0.01184649742549415
0.1376647537405326, 0.22222222222222224, 0.003363538750290543
0.16112768133834762, 0.22222222222222224, 0.005906783415808937
0.25759581066492016, 0.22222222222222224, 0.013355287969495134
0.2531405736708416, 0.22222222222222224, 0.025542998160822238
0.2800112115542277, 0.22222222222222224, 0.0017709565639942694
0.20339713232592554, 0.22222222222222224, 0.024140791486939497
0.2600625030085245, 0.22222222222222224, 0.056244884619169926
0.19732442962684743, 0.22222222222222224, 0.013110399042412265
0.2739192749798872, 0.22222222222222224, 0.03423795446009063
0.26475741783368917, 0.22222222222222224, 0.018381464925964815
0.19956784551850978, 0.22222222222222224, 0.0011010990382654565
0.17160254708678285, 0.22222222222222224, 0.009505735519719175
0.19705495473643803, 0.22222222222222224, 0.0035408722341414177
0.24317898268664725, 0.22222222222222224, 0.0022372603095935336
0.1981127315214939, 0.22222222222222224, 0.0023080160466695068
0.1949238201964334, 0.22222222222222224, 0.013411325888551977
0.18829417760322634, 0.22222222222222224, 0.029037782321856245
0.15106177490453096, 0.22222222222222224, 0.016392569664211237
0.17657464452617508, 0.22222222222222224, 0.0422023703353521
0.06829578579476, 0.22222222222222224, 0.010832299743156052
0.16076811064508773, 0.22222222222222224, 0.009171735567498524
0.20104005837170705, 0.22222222222222224, 0.020456866775403225
0.17698283629960485, 0.22222222222222224, 0.030256477642236594
0.1647642687711885, 0.22222222222222224, 0.013115354799785263
0.13822708264022868, 0.22222222222222224, 0.0241600131917773
0.1789969742671903, 0.22222222222222224, 0.07466476759487446
0.19470196214881777, 0.22222222222222224, 0.002640204027210656
0.1287939010733033, 0.22222222222222224, 0.007057538342110716
0.16361378706136712, 0.22222222222222224, 0.08058547098833531
0.13547802514886476, 0.22222222222222224, 0.006734761909058257
0.23948725882406188, 0.22222222222222224, 0.010727862067343472
0.13827677305425035, 0.22222222222222224, 0.01192828415949765
0.2886478396240324, 0.22222222222222224, 0.006510436574584712
0.20988685043847205, 0.22222222222222224, 0.0020114194910230182
0.17357747096136464, 0.22222222222222224, 0.024858373384725088
0.16965365011983796, 0.22222222222222224, 0.018736262784484623
0.25659127330954196, 0.22222222222222224, 0.029538042529768743
0.15690665273861917, 0.22222222222222224, 0.005672280353581505
0.21497844606836403, 0.22222222222222224, 0.08791720540236334
0.11857017077011921, 0.22222222222222224, 0.008623318638063197
0.17976977024454305, 0.22222222222222224, 0.02584536179729408
0.1531881361832961, 0.22222222222222224, 0.0024621237323146743
0.19173204980316447, 0.22222222222222224, 0.008547715541181363
0.16584957374558884, 0.22222222222222224, 0.022106737077684076
0.17165265422198145, 0.22222222222222224, 0.013637528484512983
0.21480160062466963, 0.22222222222222224, 0.0830959252112103
0.25061628985721374, 0.22222222222222224, 0.025773992004453884
0.12684459971276044, 0.22222222222222224, 0.07413068067100008
0.2622659710963335, 0.22222222222222224, 0.012642827913196895
0.13241836656729514, 0.22222222222222224, 0.006206807979265478
0.1876303719898868, 0.22222222222222224, 0.017887051807183276
0.272131841117809, 0.22222222222222224, 0.005529847351271914
0.17541896477950586, 0.22222222222222224, 0.0029132968484567217
0.23608700461915122, 0.22222222222222224, 0.04073377938765865
0.21881580377726378, 0.22222222222222224, 0.06753629772749684
0.18231833601850292, 0.22222222222222224, 0.0014221626683817152
0.2294161693847963, 0.22222222222222224, 0.04319031842436022
0.13867353829135154, 0.22222222222222224, 0.012055720357684357
0.08464907798340014, 0.22222222222222224, 0.018792367163617405
0.20451840622256334, 0.22222222222222224, 0.012181212113578498
0.22632705899316266, 0.22222222222222224, 0.0031443078072010125
0.2135589907825391, 0.22222222222222224, 0.01582457702473639
0.13551026192807547, 0.22222222222222224, 0.005088532877723454
0.21709040525457193, 0.22222222222222224, 0.021109938936319617
0.24001969612138163, 0.22222222222222224, 0.014544227987756514
0.2166350332460389, 0.22222222222222224, 0.055033141989822225
0.15478341454589434, 0.22222222222222224, 0.023020338549059226
0.17798138571753344, 0.22222222222222224, 0.02623802192701382
0.21165335087805093, 0.22222222222222224, 0.014715697396391345
0.1535347246149037, 0.22222222222222224, 0.01186406164881569
0.1444585045719567, 0.22222222222222224, 0.00970865276019123
0.14821692246590804, 0.22222222222222224, 0.022438801520960366
0.1034577110313189, 0.22222222222222224, 0.014565468357366378
0.11869242723130759, 0.22222222222222224, 0.009233384006332923
0.2120111178221848, 0.22222222222222224, 0.00290429034678584
0.18042271234995771, 0.22222222222222224, 0.029408990259220603
0.21886248382337115, 0.22222222222222224, 0.018000343290213612
0.18067263976859885, 0.22222222222222224, 0.008440207989087607
0.15166191038635557, 0.22222222222222224, 1.7813077513762377e-06
0.20016807079812812, 0.22222222222222224, 0.0046182938308171485
0.1952399135700714, 0.22222222222222224, 0.008935755671435642
0.06841533384370876, 0.22222222222222224, 0.015891768114783707
0.22039186484859333, 0.22222222222222224, 0.005319360977052535
0.21473663639781254, 0.22222222222222224, 0.0131764217480858
0.17586646484350726, 0.22222222222222224, 0.00775125305266937
0.22135249392384015, 0.22222222222222224, 0.07379357698053826
0.2794131872006271, 0.22222222222222224, 0.08210797358871594
0.19612767510143528, 0.22222222222222224, 0.0013577462925148517
0.13965508337167756, 0.22222222222222224, 0.054859696131421894
0.20746283809226232, 0.22222222222222224, 0.0013096886323336456
0.24349610099026955, 0.22222222222222224, 0.002835001599598265
0.2860628721924625, 0.22222222222222224, 0.04002871726185412
0.2167635677245579, 0.22222222222222224, 0.005816008048005188
0.14865971953672563, 0.22222222222222224, 0.021852212443218468
0.20307312943794176, 0.22222222222222224, 0.008535365479483817
0.13324407157858886, 0.22222222222222224, 0.0029374052814447778
0.302306527094917, 0.22222222222222224, 0.0024135353425100287
0.24012852434888612, 0.22222222222222224, 0.039694254168439504
0.08552286399540648, 0.22222222222222224, 0.022042828818060543
0.25181092122510884, 0.22222222222222224, 0.02276194714426157
0.24199396497293588, 0.22222222222222224, 0.01423621859872022
0.12748697860659153, 0.22222222222222224, 0.02681786238688281
0.3213193773958587, 0.22222222222222224, 0.021433643091686747
0.19458194719210758, 0.22222222222222224, 0.006826890455011796
0.16046927779920858, 0.22222222222222224, 0.012586547865650314
0.23030753134330492, 0.22222222222222224, 0.00881912829993779
0.19473930132873707, 0.22222222222222224, 0.006551965537139335
0.14443447353157415, 0.22222222222222224, 0.004221484371208898
0.21009843772618686, 0.22222222222222224, 0.041842890149307296
0.2133477682023335, 0.22222222222222224, 0.003682892280923427
0.18158166898567313, 0.22222222222222224, 0.07316194818475868
0.19098077936424818, 0.22222222222222224, 0.02494228029008404
0.2803775760016491, 0.22222222222222224, 0.055843728119791804
0.23683129355699667, 0.22222222222222224, 0.006604212187657019
0.20795033089577927, 0.22222222222222224, 0.006440878035446853
0.13724320955439007, 0.22222222222222224, 0.05248146537076605
0.21880121247912473, 0.22222222222222224, 0.012286788396359176
0.16101210149783607, 0.22222222222222224, 0.012248841746552776
0.18069552708752656, 0.22222222222222224, 0.031174680999102818
0.15664016520867186, 0.22222222222222224, 0.057414364382471605
0.24282752544928315, 0.22222222222222224, 0.0013580186037008863
0.2163916313016229, 0.22222222222222224, 0.025008563849278572
0.13655427747882443, 0.22222222222222224, 0.07630967461992456
0.21478644466578603, 0.22222222222222224, 0.015224576979285486
0.23369743525057435, 0.22222222222222224, 0.0015774654009922864
0.18297808436614182, 0.22222222222222224, 0.0035926133663111677
0.2291402666329186, 0.22222222222222224, 0.00022086491206598698
0.17132596389435645, 0.22222222222222224, 0.05390395615507931
0.26420627026282795, 0.22222222222222224, 0.0046414578358609316
0.2613865088065398, 0.22222222222222224, 0.027556833724107468
0.19757835354642037, 0.22222222222222224, 0.01721124312492922
0.2808255458743376, 0.22222222222222224, 0.004420084740631578
0.1576425001167458, 0.22222222222222224, 0.0028741763221300995
0.11504719652662602, 0.22222222222222224, 0.02407140518513666
0.14128079971428498, 0.22222222222222224, 0.04602296225583376
0.13411112361472885, 0.22222222222222224, 0.010182204311045596
0.16579788160674563, 0.22222222222222224, 0.0007359342514288809
0.3229105754876583, 0.22222222222222224, 0.006741126134450269
0.24755151366560849, 0.22222222222222224, 0.03211243568169829
0.2594616624536137, 0.22222222222222224, 0.00048206211276664477
0.22464165114651027, 0.22222222222222224, 0.0032437295486924364
0.14499419308277484, 0.22222222222222224, 0.02130051050386225
0.16923497418449562, 0.22222222222222224, 0.04996558916883505
0.2571547752423627, 0.22222222222222224, 0.017884919126957208
0.20364091249740734, 0.22222222222222224, 0.019712274389228245
0.19795602753599315, 0.22222222222222224, 0.0026226830681030395
0.20505354031733355, 0.22222222222222224, 0.01211939584097621
0.2487724756314955, 0.22222222222222224, 0.022093346018517607
0.25462242124533, 0.22222222222222224, 0.0015711343957143442
0.17492270087599118, 0.22222222222222224, 0.012703813140185887
0.2710299599360409, 0.22222222222222224, 0.012444594823116089
0.20006137120886572, 0.22222222222222224, 0.041168524608009086
0.23885319500395802, 0.22222222222222224, 0.03859563954189706
0.20527734252375426, 0.22222222222222224, 0.01742849241047609
0.19100146921316297, 0.22222222222222224, 0.022980563680497522
0.27786171379664765, 0.22222222222222224, 0.04807008625259419
0.18776238777697857, 0.22222222222222224, 0.007278062101060199
0.2445861424731972, 0.22222222222222224, 0.008449430502795863
0.2027003350202062, 0.22222222222222224, 0.14295184273904707
0.21667699627474923, 0.22222222222222224, 0.02040269558968308
0.15496532337287972, 0.22222222222222224, 0.020691987997719756
0.23424977645562328, 0.22222222222222224, 0.05012244983486118
0.25443293986655685, 0.22222222222222224, 0.009053609814733974
0.18185902601256757, 0.22222222222222224, 0.009148351467264011
0.2941308540573679, 0.22222222222222224, 0.002168046521481138
0.16836345783276266, 0.22222222222222224, 0.0017584790635443899
0.2662837614485507, 0.22222222222222224, 0.03149059795329892
0.2570896299351709, 0.22222222222222224, 0.004480717210469625
0.17131028093518552, 0.22222222222222224, 0.0031544379138294574
0.15059429429795682, 0.22222222222222224, 0.010422387185171106
0.2918020235483606, 0.22222222222222224, 0.00851224968344871
0.20705839523809982, 0.22222222222222224, 0.030356788021310196
0.26125364912638643, 0.22222222222222224, 0.07294642169966972
0.18903042787619587, 0.22222222222222224, 0.06556849731157176
0.30190206443678846, 0.22222222222222224, 0.001835192720473052
0.175630659925892, 0.22222222222222224, 0.020214463105653818
0.10044975387345613, 0.22222222222222224, 0.020032365137089097
0.22002880448306378, 0.22222222222222224, 0.013554708638817897
0.1954047025711953, 0.22222222222222224, 0.08280938118863226
0.1745161066303381, 0.22222222222222224, 0.035346126476784846
0.2285402211442336, 0.22222222222222224, 0.05845426233701821
0.19250054195679675, 0.22222222222222224, 0.008072821354278706
0.28732682347869837, 0.22222222222222224, 0.04678054247822952
0.08685915259769506, 0.22222222222222224, 0.010695022317538813
0.1676989752587334, 0.22222222222222224, 0.006059415452425279
0.22185911102885056, 0.22222222222222224, 0.0049829919532070705
0.2859712365167342, 0.22222222222222224, 0.013483656484833947
0.23514414222572666, 0.22222222222222224, 0.10225189847069202
0.20074528359045335, 0.22222222222222224, 0.0063311616404508626
0.27652617912132943, 0.22222222222222224, 0.005319112583714811
0.24756040577173033, 0.22222222222222224, 0.022226063426761585
0.22884629270471343, 0.22222222222222224, 0.0036962352176487887
0.12898183605628624, 0.22222222222222224, 0.055502159930120074
0.25425182132890967, 0.22222222222222224, 0.010913368019882628
0.2205322248910892, 0.22222222222222224, 0.016939926785368258
0.2649771380093761, 0.22222222222222224, 0.01817952376468696
0.2695898404396162, 0.22222222222222224, 0.02164561159298124
0.13165781056506215, 0.22222222222222224, 0.02042051000067951
0.13849894585163397, 0.22222222222222224, 0.013732332654370039
0.1700817903781316, 0.22222222222222224, 0.0036005054240610527
0.16260747607510667, 0.22222222222222224, 0.11089089846781076
0.14432550311353903, 0.22222222222222224, 0.03332275654249062
0.13712429875803767, 0.22222222222222224, 0.015141435443631907
0.2084904475428954, 0.22222222222222224, 0.019000235874378196
0.18391427826764328, 0.22222222222222224, 0.01049651015586849
0.17802322482065094, 0.22222222222222224, 0.04612733344916971
0.19315756189001207, 0.22222222222222224, 0.038778202927090374
0.18070657441007462, 0.22222222222222224, 0.022143917994799926
0.19407364039986313, 0.22222222222222224, 0.0023206652665560983
0.17878792839551477, 0.22222222222222224, 0.004735203257241375
0.22354021841824295, 0.22222222222222224, 0.005668838492489631
0.22915216038175115, 0.22222222222222224, 0.011447938955749868
0.1824112055974363, 0.22222222222222224, 0.025334063103826975
0.14183952956828633, 0.22222222222222224, 0.0221098765238497
0.2320999346105349, 0.22222222222222224, 0.015033761402023492
0.14499998766030234, 0.22222222222222224, 0.05813154131448599
0.1580006925211631, 0.22222222222222224, 0.010078647569909284
0.17775066396540543, 0.22222222222222224, 0.018083771295206937
0.19856805434989813, 0.22222222222222224, 0.05646739570386569
0.1865031611647823, 0.22222222222222224, 0.02628463485526654
0.15952206958563978, 0.22222222222222224, 0.017827514729451894
0.1254616723949985, 0.22222222222222224, 0.0004141154950912205
0.21964504487066558, 0.22222222222222224, 0.05568060719894525
0.18935806476140876, 0.22222222222222224, 0.0029861919429102573
0.22640752545512147, 0.22222222222222224, 0.12071420401958595
0.22198400571151788, 0.22222222222222224, 0.03096366243197077
0.18073198580787073, 0.22222222222222224, 0.011706983298907545
0.17761640058188763, 0.22222222222222224, 0.022025096417358635
0.17050753997235502, 0.22222222222222224, 0.00403664211397844
0.112592750100277, 0.22222222222222224, 0.027990999114143367
0.22358571239260627, 0.22222222222222224, 0.009124860617440417
0.23271352122878738, 0.22222222222222224, 0.029838194710078394
0.2178828042909782, 0.22222222222222224, 0.030633166377705877
0.28386368617291713, 0.22222222222222224, 0.026502879754763467
0.17334818689410994, 0.22222222222222224, 0.02003799157117793
0.26104278696976363, 0.22222222222222224, 0.006863673521222649
0.2949467050335659, 0.22222222222222224, 0.01638296901168378
0.10821036333489215, 0.22222222222222224, 0.018157419163009014
0.14151889201575907, 0.22222222222222224, 0.0246772594034214
0.27798987217079885, 0.22222222222222224, 0.0009462827853013735
0.24901827110916075, 0.22222222222222224, 0.026157858430840154
0.18723983882357947, 0.22222222222222224, 0.019067872625455343
0.14825442015779333, 0.22222222222222224, 0.002698368955584625
0.21208360732694842, 0.22222222222222224, 0.02138559925674691
0.19491866763429402, 0.22222222222222224, 0.03739202389401642
0.31855603560140977, 0.22222222222222224, 0.017731985392055852
0.26991698358618366, 0.22222222222222224, 0.044809927033904136
0.08419960391318507, 0.22222222222222224, 0.012889939011433598
0.12939033842019065, 0.22222222222222224, 0.008184699209611696
0.2845981295865202, 0.22222222222222224, 0.02310520925975642
0.2929985251526818, 0.22222222222222224, 0.01678709088317754
0.18445010094602388, 0.22222222222222224, 0.011878730149928208
0.15191074118205425, 0.22222222222222224, 0.00811778137158663
0.2829282718720422, 0.22222222222222224, 0.006190960155148163
0.10358093173657568, 0.22222222222222224, 0.014342119992206921
0.25497023626751963, 0.22222222222222224, 0.037263314578490164
0.21294999504182147, 0.22222222222222224, 0.004068328883746948
0.18769619888364109, 0.22222222222222224, 0.013272787689092522
0.25438377631988646, 0.22222222222222224, 0.00892770631914751
0.11969734119377935, 0.22222222222222224, 0.002851008925082152
0.20274618584483353, 0.22222222222222224, 0.055197328849128695
0.13889936291998367, 0.22222222222222224, 0.013587239953559295
0.22354791262408344, 0.22222222222222224, 0.048538586863988376
0.25048013667918967, 0.22222222222222224, 0.010822909594269348
0.21562136910865307, 0.22222222222222224, 0.012251021295675254
0.265808628732504, 0.22222222222222224, 0.0003376560923014674
0.10950189617129982, 0.22222222222222224, 0.0013544099273726101
0.15409533615243248, 0.22222222222222224, 0.019295260667100748
0.1898542475280209, 0.22222222222222224, 0.012261299146437045
0.1317803854841086, 0.22222222222222224, 0.008972623221260276
0.20904583649375477, 0.22222222222222224, 0.02909148437021807
0.22310672600457176, 0.22222222222222224, 0.0054419868744647075
0.1407591127750472, 0.22222222222222224, 0.032782400561302896
0.14199685295838366, 0.22222222222222224, 0.007103318818594466
0.151891762234322, 0.22222222222222224, 0.008377065680714606
0.2518829713695251, 0.22222222222222224, 0.0012535563389329465
0.2126825374050721, 0.22222222222222224, 0.050678486178389985
0.35005087227741694, 0.22222222222222224, 0.008764258448511768
0.17576410262307335, 0.22222222222222224, 0.028775735774232196
0.18499870674077723, 0.22222222222222224, 0.02261066372804395
0.22695547737349842, 0.22222222222222224, 0.0023873943819630104
0.19288566517758096, 0.22222222222222224, 0.035104506697696526
0.21325562079523022, 0.22222222222222224, 0.005991019822268783
0.30017716478345097, 0.22222222222222224, 0.003004354287030607
0.1266529433922286, 0.22222222222222224, 0.00019197673476917297
0.2003081996927215, 0.22222222222222224, 0.007568031594086966
0.20315583389933864, 0.22222222222222224, 0.009697206618443161
0.1857776323899551, 0.22222222222222224, 0.0021816600942303373
0.2316853308022041, 0.22222222222222224, 0.007375744605434923
0.25239053379225923, 0.22222222222222224, 0.06855177144328971
0.14868875546526666, 0.22222222222222224, 0.013329548819523557
0.20502577154511809, 0.22222222222222224, 0.028351538894064176
0.20799928239643453, 0.22222222222222224, 0.054944192770942285
0.25561649622818805, 0.22222222222222224, 0.019688069325655852
0.2502590570503521, 0.22222222222222224, 0.01141797425613568
0.19646312688035392, 0.22222222222222224, 0.010036539379768282
0.217660168978699, 0.22222222222222224, 0.015921860597000115
0.17511144576573187, 0.22222222222222224, 0.0012995967825302347
0.16772482730525068, 0.22222222222222224, 0.050506029503142105
0.2624516733812005, 0.22222222222222224, 0.026667107032286547
0.2230914906766981, 0.22222222222222224, 0.02320292231601387
0.2271469477938772, 0.22222222222222224, 0.02827848323166929
0.18579869416139536, 0.22222222222222224, 0.020448410224506147
0.19258187593646833, 0.22222222222222224, 0.002432915203891018
0.22025167810136234, 0.22222222222222224, 0.0003842032797272827
0.23427945812990722, 0.22222222222222224, 0.01658379805895824
0.2386165916953094, 0.22222222222222224, 0.042379522539260556
0.19551964764896704, 0.22222222222222224, 0.0028127808560960313
0.19802480178889284, 0.22222222222222224, 0.0068840481729983425
0.1387224674362178, 0.22222222222222224, 0.022285852909733606
0.19387481507176635, 0.22222222222222224, 0.009671268865871914
0.2909083587367709, 0.22222222222222224, 0.012335300138890731
0.2863655863872391, 0.22222222222222224, 0.024646415480196648
0.16611259197719705, 0.22222222222222224, 0.002592609582769473
0.2086565606003905, 0.22222222222222224, 0.017861542689719578
0.18361329450424288, 0.22222222222222224, 0.008540185664650595
0.24728882984064993, 0.22222222222222224, 0.003759480234120186
0.2643386534855483, 0.22222222222222224, 0.006880636560011777
0.2540122789563209, 0.22222222222222224, 0.007662787953549314
0.24199476295802808, 0.22222222222222224, 0.009969529464629154
0.22591435215926703, 0.22222222222222224, 0.002071242828001843
0.22906648589978124, 0.22222222222222224, 0.052546475536661946
0.09872104312189717, 0.22222222222222224, 0.0005418858612964934
0.2129333066346783, 0.22222222222222224, 0.0016590331077176756
0.2279495349266699, 0.22222222222222224, 0.005507695700385806
0.22715900605200345, 0.22222222222222224, 0.05481079553789649
0.14104823538379485, 0.22222222222222224, 0.009016765913757387
0.18554637664865203, 0.22222222222222224, 0.035207003765515624
0.10370931410581183, 0.22222222222222224, 0.04340875463752107
0.27207963516942474, 0.22222222222222224, 0.02633918432894091
0.14239514512172038, 0.22222222222222224, 0.02916897941527839
0.2351279776821555, 0.22222222222222224, 0.019657520422299544
0.24267663356081315, 0.22222222222222224, 0.0356313369896525
0.21652612635166368, 0.22222222222222224, 0.0086300265730796
0.21277517722759057, 0.22222222222222224, 0.027382168708176193
0.232731822493435, 0.22222222222222224, 0.06936440019029437
0.2728384854701263, 0.22222222222222224, 0.02892546641163679
0.24311709118080355, 0.22222222222222224, 0.01714103343941076
0.2429679486072513, 0.22222222222222224, 0.017244829808521624
0.32943847318920666, 0.22222222222222224, 0.03660913904797154
0.15154464047485852, 0.22222222222222224, 0.012743230417768599
0.10485937108649745, 0.22222222222222224, 0.0020896401449628475
0.22219659815488932, 0.22222222222222224, 0.08117811318568798
0.13454358899773172, 0.22222222222222224, 0.0058563657897508364
0.16232240014090962, 0.22222222222222224, 0.02737406790871324
0.23404132107745879, 0.22222222222222224, 0.007484852045273034
0.2129764613953506, 0.22222222222222224, 0.011798152760950155
0.12647838757692198, 0.22222222222222224, 0.00136500495119561
0.2092813679561691, 0.22222222222222224, 0.05943379768729243
0.1880879185889627, 0.22222222222222224, 0.017351953927355744
0.1751758843216329, 0.22222222222222224, 0.014271758203542855
0.2792570599041245, 0.22222222222222224, 0.09093906585863505
0.21052454990317634, 0.22222222222222224, 0.015679587739584784
0.3006380174684935, 0.22222222222222224, 0.005665656032729204
0.28348762071364836, 0.22222222222222224, 0.023441877479144047
0.16858378090623194, 0.22222222222222224, 0.05329236889281607
0.18207916895328313, 0.22222222222222224, 0.017089900561560088
0.19533850607746367, 0.22222222222222224, 0.002312610917211195
0.1980535030253658, 0.22222222222222224, 0.004398650200920565
0.15112672031808974, 0.22222222222222224, 0.030849501166443295
0.23210062566589987, 0.22222222222222224, 0.004335538222151285
0.1821436674213585, 0.22222222222222224, 0.0823295029434759
0.1309723965433882, 0.22222222222222224, 0.012719825437748926
0.21317152349932778, 0.22222222222222224, 0.017935119380414533
0.21056055928274892, 0.22222222222222224, 0.0008383252781144838
0.17400734368594112, 0.22222222222222224, 0.023360036168821745
0.2316982583919533, 0.22222222222222224, 0.05804321631906247
0.14528909495601103, 0.22222222222222224, 0.030405904777838017
0.12011294745334739, 0.22222222222222224, 0.034523880783682376
0.27274428080529567, 0.22222222222222224, 0.0061012463103712125
0.16404106733214324, 0.22222222222222224, 0.011327501790545235
0.27954993440241266, 0.22222222222222224, 0.036700637949071836
0.3324596778436101, 0.22222222222222224, 0.015907370888448725
0.19564173416042915, 0.22222222222222224, 0.07061333922331939
0.23076046490905008, 0.22222222222222224, 0.00832404850375127
0.13594016174638007, 0.22222222222222224, 0.009683710018544666
0.13383236246281452, 0.22222222222222224, 0.007890193069720662
0.2278318498630991, 0.22222222222222224, 0.017410184185621787
0.18175235768493114, 0.22222222222222224, 0.017599652652710976
0.19754868403159614, 0.22222222222222224, 0.05148634102814414
0.17262598503989374, 0.22222222222222224, 0.020248396411246806
0.19001892311471827, 0.22222222222222224, 0.030501601767643893
0.15587842504248128, 0.22222222222222224, 0.00039527857696182786
0.20383454266414894, 0.22222222222222224, 0.010978936521355788
0.24564533463840107, 0.22222222222222224, 0.0027434842459455916
0.21969006973965322, 0.22222222222222224, 0.057466947859563924
0.17880319828448676, 0.22222222222222224, 0.02902024594626032
0.2761868151378017, 0.22222222222222224, 0.015258386145779372
0.20535412780581883, 0.22222222222222224, 0.003511183378504438
0.20242678387436958, 0.22222222222222224, 0.0027608024539987177
0.14764281748214114, 0.22222222222222224, 0.002267664632388578
0.20485541857650708, 0.22222222222222224, 0.013615316772254894
0.15781974475000768, 0.22222222222222224, 0.11399942516833414
0.2250685358700243, 0.22222222222222224, 0.01621388284395153
0.14480203189676227, 0.22222222222222224, 0.0339422832872875
0.13805296399523698, 0.22222222222222224, 0.017705364300894005
0.0992131073904372, 0.22222222222222224, 0.004908728702818928
0.29305017111819986, 0.22222222222222224, 0.020704369346353613
0.12274532539834936, 0.22222222222222224, 0.011656773412675549
0.1780330479461799, 0.22222222222222224, 0.002019092240172999
0.18630055149467425, 0.22222222222222224, 0.007227511206943123
0.19507874050108515, 0.22222222222222224, 0.007013656135833222
0.17636648448079162, 0.22222222222222224, 0.02933011309101588
0.18122331975236916, 0.22222222222222224, 0.002633915332500939
0.10475266498495497, 0.22222222222222224, 0.013667560589004497
0.19610771068124197, 0.22222222222222224, 0.009901409071678306
0.15576692562331718, 0.22222222222222224, 0.0229647480623417
0.23002828853165896, 0.22222222222222224, 0.044109504628818366
0.2490095570157325, 0.22222222222222224, 0.021817135911201033
0.12671992881720628, 0.22222222222222224, 0.031150401649077075
0.1733856600506033, 0.22222222222222224, 0.01955921245904315
0.31972935415188064, 0.22222222222222224, 0.05839617168184386
0.2701395060730072, 0.22222222222222224, 0.0047566907031685165
0.2149329087635584, 0.22222222222222224, 0.027165509780909206
0.15749864572924288, 0.22222222222222224, 0.017517452071182354
0.15040653802125642, 0.22222222222222224, 0.003236968164334313
0.12838197773130627, 0.22222222222222224, 0.06296467508175382
0.2646036540109081, 0.22222222222222224, 0.061707482310583456
0.1838497743640417, 0.22222222222222224, 0.023349158743114926
0.2764555925797121, 0.22222222222222224, 0.008169416556596842
0.15015342445971933, 0.22222222222222224, 0.01764371539559454
0.16167043876263945, 0.22222222222222224, 0.009978857288373598
0.28294131715207815, 0.22222222222222224, 0.011903684072129094
0.2482485232211461, 0.22222222222222224, 0.012064472922128464
0.2008433196436331, 0.22222222222222224, 0.018349460306770236
0.2207742276236327, 0.22222222222222224, 0.01645206742973539
0.22347320622529449, 0.22222222222222224, 0.008633805082175004
0.23899618279691448, 0.22222222222222224, 0.0007647662407579002
0.24875826200661177, 0.22222222222222224, 0.04828062673912394
0.1818192238132771, 0.22222222222222224, 0.03023357967985102
0.1156797361836566, 0.22222222222222224, 0.025969397363889313
0.2223515899938009, 0.22222222222222224, 0.0015449336215624908
0.1473252220020132, 0.22222222222222224, 0.020622388747325932
0.23181094063098567, 0.22222222222222224, 0.011564412151167904
0.1885948397698806, 0.22222222222222224, 0.01743020296298936
0.24892873446202862, 0.22222222222222224, 0.004977125582625483
0.15287727580547597, 0.22222222222222224, 0.026654380320876678
0.15012950647567763, 0.22222222222222224, 0.018023622639073016
0.11359112414596056, 0.22222222222222224, 0.02630419292217041
0.16892859020615408, 0.22222222222222224, 0.035241985706808865
0.23067853333273014, 0.22222222222222224, 0.011504812993651692
0.19657080110284134, 0.22222222222222224, 0.012571462163899906
0.24481794489783568, 0.22222222222222224, 0.021397327450904644
0.2004655097582974, 0.22222222222222224, 0.06662622951790033
0.17161369441875204, 0.22222222222222224, 0.020221695686101666
0.21134812133598063, 0.22222222222222224, 0.005894712393239808
0.18362519946609168, 0.22222222222222224, 0.008814476299752795
0.21416314736334494, 0.22222222222222224, 0.0071967688548931945
0.09045945793789695, 0.22222222222222224, 0.012604778348748017
0.21722495321546328, 0.22222222222222224, 0.13267362073334363
0.22246159692390968, 0.22222222222222224, 0.006154847219926768
0.30569006219628714, 0.22222222222222224, 0.01064954006543529
0.18187963835239998, 0.22222222222222224, 0.013006456588727492
0.15386898095822232, 0.22222222222222224, 0.0004042677989689105
0.3017471713538781, 0.22222222222222224, 0.015146824462350545
0.21840924934509823, 0.22222222222222224, 0.008777149320580534
0.2029852226199614, 0.22222222222222224, 0.020966322294078153
0.2451060054760197, 0.22222222222222224, 0.03320776675487156
0.15415891840283014, 0.22222222222222224, 0.009600279126138329
0.23806842766867875, 0.22222222222222224, 0.002438925661260505
0.1856424102560873, 0.22222222222222224, 0.022488831818542065
0.2550559433061565, 0.22222222222222224, 0.001023231997304971
0.11807561369332423, 0.22222222222222224, 0.011956967738243084
0.25153750373239053, 0.22222222222222224, 0.022585828194097896
0.186826206377442, 0.22222222222222224, 0.07659011973495551
0.13938479130138406, 0.22222222222222224, 0.06191256490112408
0.23594031819438824, 0.22222222222222224, 0.011073638011951941
0.15592616955951716, 0.22222222222222224, 0.009419404920949085
0.20765995256775552, 0.22222222222222224, 0.007483143904674024
0.14702574096603557, 0.22222222222222224, 0.006807734369482613
0.19799083398865513, 0.22222222222222224, 0.0015090368521773845
0.1693204165325722, 0.22222222222222224, 0.026442322284813864
0.29012260009884583, 0.22222222222222224, 0.002423577927721522
0.21596915839729497, 0.22222222222222224, 0.03009398244235394
0.19956464994014753, 0.22222222222222224, 0.026355431654086395
0.23835738493176933, 0.22222222222222224, 0.017032999199143126
0.15721657458393287, 0.22222222222222224, 0.013427576691485456
0.22942901021142764, 0.22222222222222224, 0.0076129050913710155
0.0773230553110484, 0.22222222222222224, 0.027649639560924196
0.28105904543880444, 0.22222222222222224, 0.02603413492085721
0.16679236430737523, 0.22222222222222224, 0.021434738029539123
0.17081852524573726, 0.22222222222222224, 0.0013110167132099097
0.18415404857887646, 0.22222222222222224, 0.008418869907577292
0.23182319340265195, 0.22222222222222224, 0.06434517081251674
0.26236157207029703, 0.22222222222222224, 0.015637700761714415
0.28328981319294, 0.22222222222222224, 0.03784980945298234
0.10475246151173623, 0.22222222222222224, 0.00141505603205499
0.25104925734143385, 0.22222222222222224, 0.04507864591257219
0.1994531593657255, 0.22222222222222224, 0.016033079495819377
0.29685045595726633, 0.22222222222222224, 0.0038608959371363213
0.2389573215417805, 0.22222222222222224, 0.10764809851324564
0.3408507063835441, 0.22222222222222224, 0.0037528116611124447
0.14547220876117073, 0.22222222222222224, 0.019873427290474307
0.2273704112442753, 0.22222222222222224, 0.04167764541931268
0.1916849140222404, 0.22222222222222224, 0.016541002811388324
0.1926799427970885, 0.22222222222222224, 0.007045846101975922
0.3111281264861274, 0.22222222222222224, 0.03353967652254898
0.21826135148649492, 0.22222222222222224, 0.057514500167632585
0.1687339421073053, 0.22222222222222224, 0.015144898960892994
0.13126061400065367, 0.22222222222222224, 0.0008570140010514815
0.2085895385272387, 0.22222222222222224, 0.019570380234639664
0.19855277406378985, 0.22222222222222224, 0.05910438607567301
0.20696572136184238, 0.22222222222222224, 0.008055975880808969
0.10126211910226242, 0.22222222222222224, 0.0011073727198516587
0.17603641261562736, 0.22222222222222224, 0.008790697767717301
0.19095031312244184, 0.22222222222222224, 0.029809317022768095
0.11321364460586175, 0.22222222222222224, 0.016156588197758757
0.19451823682313196, 0.22222222222222224, 0.004085021719176408
0.2154282357453669, 0.22222222222222224, 0.020915305936018654
0.22976754513220335, 0.22222222222222224, 0.08671495869799363
0.19831890408417638, 0.22222222222222224, 0.03710349059017373
0.1599596538700822, 0.22222222222222224, 0.003126664581101484
0.27421220037811084, 0.22222222222222224, 0.02749288694230802
0.2823122313781854, 0.22222222222222224, 0.021373787912960567
0.23616675412435612, 0.22222222222222224, 0.03921717144634268
0.18765484241967678, 0.22222222222222224, 0.07183583076925112
0.11147806790614828, 0.22222222222222224, 0.0466223520850885
0.12597523616666884, 0.22222222222222224, 0.027130338843486243
0.2579879096056166, 0.22222222222222224, 0.05797055327919185
0.2583695763708843, 0.22222222222222224, 0.02844370808881517
0.21800495967931477, 0.22222222222222224, 0.0953121042873694
0.20056692685722935, 0.22222222222222224, 0.021353285887760937
0.3283356830711397, 0.22222222222222224, 0.015391194553037689
0.270647001755399, 0.22222222222222224, 0.04506307139568918
0.14677397882852755, 0.22222222222222224, 0.026295150774814056
0.20845023438348292, 0.22222222222222224, 0.022771736348956684
0.2949523535983518, 0.22222222222222224, 0.043526986832200035
0.17255122083256946, 0.22222222222222224, 0.03581745179015721
0.16316966982913078, 0.22222222222222224, 0.0061598326326470785
0.1701419662197027, 0.22222222222222224, 0.004285147153330052
0.24911465783282186, 0.22222222222222224, 0.061964085614531296
0.13933837349815897, 0.22222222222222224, 0.00529312955718721
0.21641379981388964, 0.22222222222222224, 0.00029934154345469846
0.23730326209739352, 0.22222222222222224, 0.002216464856450841
0.1857207161602796, 0.22222222222222224, 0.012982723119444727
0.2079572061817764, 0.22222222222222224, 0.021449328441936026
0.1996491882312414, 0.22222222222222224, 0.01690562058434896
0.20699209672660104, 0.22222222222222224, 0.03139127345628811
0.31589144759153065, 0.22222222222222224, 0.050728483066219375
0.17325188435942904, 0.22222222222222224, 0.00527516492634482
0.21657782853483737, 0.22222222222222224, 0.009302707415038806
0.12977412514729952, 0.22222222222222224, 0.00653066359363001
0.2612023386606811, 0.22222222222222224, 0.0076476145406023
0.23077382507081573, 0.22222222222222224, 0.026682662762106978
0.15322737105086212, 0.22222222222222224, 0.006188886721596801
0.24529859762288445, 0.22222222222222224, 0.026859410746755106
0.08683515366418318, 0.22222222222222224, 0.006352019273483303
0.15907655313610605, 0.22222222222222224, 0.060934983370245326
0.24041638779328103, 0.22222222222222224, 0.005209742325600639
0.24650146066247455, 0.22222222222222224, 0.04058648763081235
0.22382454355373585, 0.22222222222222224, 0.008574749108218085
0.20664940308912116, 0.22222222222222224, 0.0028543667715218613
0.13745961130739037, 0.22222222222222224, 0.0007098289794847289
0.02280221111489783, 0.22222222222222224, 0.002404656060020358
0.32024559091802574, 0.22222222222222224, 0.004247191300680381
0.22544260977736144, 0.22222222222222224, 0.006780321313417095
0.1185825957500252, 0.22222222222222224, 0.0037941146733142662
0.23098367955540808, 0.22222222222222224, 0.01836123941955641
0.267627475284717, 0.22222222222222224, 0.0058127080107180295
0.25788620386165584, 0.22222222222222224, 0.005716995137040529
0.13202062918536236, 0.22222222222222224, 0.019205335928986714
0.20735232967321154, 0.22222222222222224, 0.006245924945866484
0.2370942837020732, 0.22222222222222224, 0.02073760913775024
0.1674491819420545, 0.22222222222222224, 0.02223523996870109
0.2690659930422713, 0.22222222222222224, 0.009724779070732168
0.2088601183121312, 0.22222222222222224, 0.020995603695574523
0.13284815015637325, 0.22222222222222224, 0.0042797225339792945
0.08953838969784056, 0.22222222222222224, 0.00918297569852957
0.1957836428333836, 0.22222222222222224, 0.010172122339772468
0.10646792314882317, 0.22222222222222224, 0.03200629325957692
0.20472398097208055, 0.22222222222222224, 0.02680832201715322
0.19748798020637662, 0.22222222222222224, 0.005642118359784148
0.18819361048343947, 0.22222222222222224, 0.03261520726644103
0.21782026416639794, 0.22222222222222224, 0.0042042327002588566
0.23293916394584246, 0.22222222222222224, 0.015085955808295649
0.1381449531912599, 0.22222222222222224, 0.009021922331194952
0.08323561887602252, 0.22222222222222224, 0.011702814837814872
0.2588797180989296, 0.22222222222222224, 0.0002085932242801413
0.2539264454635286, 0.22222222222222224, 0.013340794941998463
0.18163627827376808, 0.22222222222222224, 0.014992893259514339
0.129726214373393, 0.22222222222222224, 0.00654765703420887
0.2634344331960402, 0.22222222222222224, 0.02612146116178934
0.09374598425889372, 0.22222222222222224, 0.05186941989005206
0.11097140914536659, 0.22222222222222224, 0.007774013312147759
0.2984199799364138, 0.22222222222222224, 0.01066990040073017
0.2250369755903078, 0.22222222222222224, 0.002825713112052325
0.2280775235982761, 0.22222222222222224, 0.029851273117531284
0.252552075327366, 0.22222222222222224, 0.006511027444007567
0.208861069523076, 0.22222222222222224, 0.005448519444229816
0.12642556390245047, 0.22222222222222224, 0.017038126511825232
0.1998094394364241, 0.22222222222222224, 0.014325117041889338
0.16202815228303638, 0.22222222222222224, 0.006192644915510396
0.2196675527056508, 0.22222222222222224, 0.0033497296890873615
0.16943328191586535, 0.22222222222222224, 0.00011874906306448936
0.12989224630988855, 0.22222222222222224, 0.010845487919659556
0.19605776408010042, 0.22222222222222224, 0.007624905481545217
0.18156785687533677, 0.22222222222222224, 0.009385734548993071
0.1331714979902358, 0.22222222222222224, 0.002145811224870685
0.2670042396743219, 0.22222222222222224, 0.006501614879787655
0.193393493426132, 0.22222222222222224, 0.0009313492656341605
0.16259095950780908, 0.22222222222222224, 0.01060217499587901
0.22730590078649363, 0.22222222222222224, 0.03488256327746274
0.1449471324262911, 0.22222222222222224, 0.03460569102884772
0.2504443700448449, 0.22222222222222224, 0.009391984099552081
0.260369860571079, 0.22222222222222224, 0.005035447831656958
0.1413090274203564, 0.22222222222222224, 0.020412729683713618
0.19242177904458624, 0.22222222222222224, 0.013956349721226658
0.227170343508444, 0.22222222222222224, 0.025659235455764734
0.1263267252568695, 0.22222222222222224, 0.02832573579718147
0.20764889869568082, 0.22222222222222224, 0.0241310947074085
0.2317945976514811, 0.22222222222222224, 0.005864949115294772
0.19255511914588835, 0.22222222222222224, 0.016009942685589293
0.14624775632750156, 0.22222222222222224, 0.08107081260461622
0.1687151703677351, 0.22222222222222224, 0.07196206952127804
0.13087288986616735, 0.22222222222222224, 0.005961673501425642
0.28955267615327235, 0.22222222222222224, 0.001795074510372966
0.28575857503038427, 0.22222222222222224, 0.027559581379228735
0.27348176915301237, 0.22222222222222224, 0.012693681122325273
0.2062825504061587, 0.22222222222222224, 0.020160026377283417
0.20543748855240862, 0.22222222222222224, 0.018020907512792058
0.18398249921152085, 0.22222222222222224, 0.00672839855609932
0.16796654753732335, 0.22222222222222224, 0.0021130088840791627
0.1699365844045569, 0.22222222222222224, 0.06388694679578183
0.13808292659654905, 0.22222222222222224, 0.009598546535207393
0.15545232023769992, 0.22222222222222224, 0.019356682648372467
0.16034404846241113, 0.22222222222222224, 0.038901124909997864
0.21046471065844125, 0.22222222222222224, 0.03026995896317711
0.2607248783338023, 0.22222222222222224, 0.02827148256344718
0.2534321269127042, 0.22222222222222224, 0.024703611318985564
0.20258881930121705, 0.22222222222222224, 0.04713013784271357
0.20990216292504577, 0.22222222222222224, 0.020815164793832313
0.23176939270251184, 0.22222222222222224, 0.00958175933610246
0.22033051122347141, 0.22222222222222224, 0.033305978022555534
0.23126355724246467, 0.22222222222222224, 0.00922888787413778
0.15954850914809965, 0.22222222222222224, 0.0035157989682681385
0.22410337856256787, 0.22222222222222224, 0.013808448238449417
0.18434654834861866, 0.22222222222222224, 0.0057257256501484525
0.14093384779536702, 0.22222222222222224, 0.005951793132304478
0.20095555827745917, 0.22222222222222224, 0.09393738776966129
0.24551818617498983, 0.22222222222222224, 0.00983833963472536
0.13732491661438778, 0.22222222222222224, 0.027844545469104334
0.15109776062337982, 0.22222222222222224, 0.007641359553602207
0.14493299230506984, 0.22222222222222224, 0.03799123848755806
0.12644237044612405, 0.22222222222222224, 0.00380732513450924
0.25372371006538136, 0.22222222222222224, 0.03979259484308075
0.24809175011342965, 0.22222222222222224, 0.0038203028491067418
0.29998430478897464, 0.22222222222222224, 0.011214174849281049
0.09623597197817663, 0.22222222222222224, 0.015986313568313506
0.14808135885449214, 0.22222222222222224, 0.0006790355477648077
0.24766606045953826, 0.22222222222222224, 0.09652348005099012
0.2431500074008129, 0.22222222222222224, 0.01707768066524653
0.276977742973835, 0.22222222222222224, 0.012650346034698652
0.2229438195809476, 0.22222222222222224, 0.01655601913963319
0.19719690287864547, 0.22222222222222224, 0.04333616250920913
0.2264859060016866, 0.22222222222222224, 0.006348398909460509
0.2347563715255761, 0.22222222222222224, 0.027135283578390935
0.0911637987290232, 0.22222222222222224, 0.006542805049051017
0.2110219925636449, 0.22222222222222224, 0.010298024070471347
0.24485958123873822, 0.22222222222222224, 0.006592836644576808
0.2687001319349814, 0.22222222222222224, 0.008635073852000534
0.20052964140512117, 0.22222222222222224, 0.016012285185970913
0.2073470015720775, 0.22222222222222224, 0.02057508089495674
0.19983052240902474, 0.22222222222222224, 0.08756227621384571
0.16779837023381103, 0.22222222222222224, 0.01985099077984574
0.24780793841513718, 0.22222222222222224, 0.10169626338651543
0.09884072592809207, 0.22222222222222224, 0.07577074943311542
0.2763906919051673, 0.22222222222222224, 0.006217560245695441
0.24381475898977734, 0.22222222222222224, 0.0007465795363966283
0.223700667987842, 0.22222222222222224, 0.0013347091447760964
0.19834067504891456, 0.22222222222222224, 0.008764515376556828
0.1647838419901982, 0.22222222222222224, 0.014653981166135645
0.23163869809132362, 0.22222222222222224, 0.006518141874175263
0.2513642925100711, 0.22222222222222224, 0.011038944492047315
0.21076900414073432, 0.22222222222222224, 0.00913562082507129
0.3463233651445732, 0.22222222222222224, 0.025861684586016863
0.17144187922741566, 0.22222222222222224, 0.008702039765430939
0.21297265586464867, 0.22222222222222224, 0.0015143639152280413
0.22251732858106066, 0.22222222222222224, 0.0178068558972313
0.20490164676201494, 0.22222222222222224, 0.041969794049198685
0.15776120065872684, 0.22222222222222224, 0.02009766584886024
0.24587878758785411, 0.22222222222222224, 0.013169522171656085
0.169453388125631, 0.22222222222222224, 0.013660437142236442
0.1876027805603595, 0.22222222222222224, 0.0012535177058436938
0.18827445661923997, 0.22222222222222224, 0.015135168261383112
0.2169866073559763, 0.22222222222222224, 0.0025490413757736276
0.24700840062790821, 0.22222222222222224, 0.029757002187009128
0.1925836964185148, 0.22222222222222224, 0.017174068706451138
0.23479151966353173, 0.22222222222222224, 0.004717517101610059
0.22138607726337348, 0.22222222222222224, 0.05098708727413132
0.2782802290446317, 0.22222222222222224, 0.039909171834206746
0.2105650560812639, 0.22222222222222224, 0.011869813824865072
