Phi, Sw, K
0.13520901343291716, 0.6708406692585723, 0.00028850408266563684
0.08821782465995791, 0.6309511109244054, 4.9822141845312865e-05
0.14023995519457086, 0.6596043922478132, 0.00035045687361406755
0.08588767239076166, 0.6842722336781882, 3.765335927576015e-05
0.1246356248545379, 0.6657413672466912, 0.00020472952057693444
0.13008866164989003, 0.5380508397875752, 0.00037841891051065466
0.04923039597848427, 0.7617663231243547, 2.6251190676887952e-06
0.09700061987707514, 0.6800669167037254, 6.5113410450691e-05
0.15630199088940577, 0.6658823721397731, 0.0005541338807230985
0.07816129433439993, 0.6014688555699397, 3.218868805421669e-05
0.10991525251085105, 0.7389824287884796, 9.557684836702711e-05
0.1330834014764395, 0.6660240922084425, 0.0002729801986170338
0.10013300257131634, 0.7269212560705552, 6.554370877600781e-05
0.13666179179889607, 0.7371178864901703, 0.0002504605235904106
0.06414277645574823, 0.6588791805754652, 1.1240987064326097e-05
0.10226930249145945, 0.7669522131260854, 6.461131505151788e-05
0.09412111120783212, 0.8243014964498832, 3.8816531194534765e-05
0.07795115957408605, 0.5884211428888897, 3.323599696324033e-05
0.05361326238695886, 0.5933858742024898, 6.296356706525705e-06
0.06165531687570294, 0.5961112618778536, 1.1539356583482654e-05
0.08652696335889262, 0.5987236359915316, 5.0813548658686134e-05
0.10571175641331504, 0.8066333440501068, 6.757032788649202e-05
0.08159779000834252, 0.7048820505555533, 2.832161002281052e-05
0.11976889340890759, 0.6389384866963218, 0.0001865355285707764
0.08693956531909096, 0.7509585180468341, 3.2983052432124146e-05
0.11800444423118767, 0.6579572765576998, 0.0001647871373573945
0.05422087403687193, 0.7006306010881577, 4.7459193684709144e-06
0.11543646656901864, 0.775584623960142, 0.00010765069183870552
0.04506760590359646, 0.8103837068488143, 1.5724912683360405e-06
0.10093817162430316, 0.6140442682588341, 9.515036133764982e-05
0.1318412471036763, 0.6312522160229052, 0.0002915988428919341
0.1368074866304509, 0.7469739622735625, 0.00024504078369956024
0.11655385082672538, 0.6856872178430019, 0.00014369145667988552
0.0510821077641872, 0.6241203358279673, 4.600573668781172e-06
0.10581360899067693, 0.6359623076198377, 0.00010916561442469824
0.038545888050467714, 0.7135051611892835, 1.0197063045796047e-06
0.06022414023206811, 0.6561642581043721, 8.58877913419955e-06
0.09358166288757615, 0.66984899877264, 5.7312771120452813e-05
0.08710133031328576, 0.759377293187996, 3.252068997662917e-05
0.14726649426733537, 0.6923859355025208, 0.0003943908178671215
0.11018921800276084, 0.6894298401085527, 0.00011101912185440057
0.07228709370073698, 0.7527382411065059, 1.457287703081659e-05
0.0956378418218461, 0.6094090686024775, 7.619369716509674e-05
0.09868919916701044, 0.7370840279144019, 5.9802349311930314e-05
0.09639466717528804, 0.677929583477231, 6.374262744588365e-05
0.12795839319634936, 0.6384273756817529, 0.0002499456123914392
0.09275299840288868, 0.6377968992961573, 6.079167427149333e-05
0.12308628178643428, 0.7028818061533825, 0.00017382961364223955
0.10419308916494109, 0.7534046253600026, 7.267759644948489e-05
0.15572581899423615, 0.8039978273745357, 0.0003739752753405234
0.09699182303903583, 0.6351330372953483, 7.46227118915519e-05
0.0686069334943662, 0.5891242138331068, 1.8904769513749173e-05
0.09441407288911542, 0.6760491534131575, 5.850203525780832e-05
0.08121721283009133, 0.5797002184116681, 4.102140469210915e-05
0.06723226088051634, 0.7247719907982973, 1.1426284789397558e-05
0.12577241373097858, 0.8617734370770398, 0.00012716143817580425
0.05764483232176594, 0.665152139723506, 6.893973110873709e-06
0.09298545122646298, 0.8089806676135475, 3.820459702882089e-05
0.1509824311460323, 0.6911910590234736, 0.000441617114949895
0.11206160898293063, 0.5889861507933126, 0.00016381960998069331
0.11272906421934067, 0.8557049127628517, 7.966651411830157e-05
0.09928399913987367, 0.6256863716292383, 8.521602251518304e-05
0.1571667031963509, 0.7815232109807146, 0.0004121625475598338
0.15603448463145508, 0.789662338143503, 0.0003910692297745955
0.10490539879980373, 0.6540205106748013, 9.937877801981991e-05
0.11507706051578297, 0.8022944204774234, 9.923134932798184e-05
0.15866932441678833, 0.7008270025124607, 0.0005344576814210239
0.1493720883828327, 0.725351237186011, 0.00038252055549612053
0.08229200357924821, 0.5800485747560501, 4.341209740778319e-05
0.11678182765179458, 0.6842670246856758, 0.00014553446444970106
0.13653796901581639, 0.8633559864549722, 0.00018184493836566668
0.13778375018783967, 0.6540618538858218, 0.0003297611281897608
0.07008065027727153, 0.71676490705047, 1.40231044934681e-05
0.10403428272469688, 0.796251710838299, 6.463111375499877e-05
0.037434775474094725, 0.5186168175314828, 1.697007372983902e-06
0.04724503786042682, 0.7456694887621284, 2.2858116245468072e-06
0.09814174013359678, 0.5031602100291891, 0.00012523041959561814
0.13169374353610808, 0.7746620027019837, 0.00019267617597621876
0.11560975222379215, 0.6643159392455008, 0.00014770398795979723
0.10998328650596065, 0.7775012161988549, 8.657673279774313e-05
0.08434671795503453, 0.7023932259650086, 3.299934323778321e-05
0.15711145771602675, 0.7323241962499644, 0.0004686770693638972
0.08748690490088736, 0.5798585503643525, 5.6868424512186476e-05
0.14408565679140756, 0.6696540722944623, 0.0003829977044311025
0.09795577125296505, 0.7608685859387848, 5.430986391358014e-05
0.1365268385381376, 0.7266914751128736, 0.00025658136682441533
0.06478514562199095, 0.6263261645055753, 1.2997407069019546e-05
0.09215047428667104, 0.7475787317784376, 4.29973164719264e-05
0.06051081714299738, 0.7373970840714663, 6.944297901350443e-06
0.10016914889606339, 0.6043420046290339, 9.497949669786005e-05
0.07225214165279847, 0.6752794376365929, 1.8069329382389737e-05
0.10630252921443402, 0.7458769085617866, 8.098850877773952e-05
0.11390081466557592, 0.8671195576512918, 8.119438322861827e-05
0.1263948271015145, 0.8485090796948194, 0.0001340484602657888
0.1333071233334823, 0.529185602460622, 0.00043561680687166475
0.050434096268419396, 0.6586662741909218, 3.905006069032667e-06
0.08935027822175358, 0.7997196535626512, 3.280290899314803e-05
0.04997125044590892, 0.7807643435839522, 2.6686702193269827e-06
0.14261255872167986, 0.7111885090499332, 0.00032455673953453153
0.12345943875994149, 0.817291953792449, 0.000130292183787114
0.07521002633506357, 0.6736945890261414, 2.165972996890797e-05
0.14534858220248184, 0.7037501319291274, 0.00036035988342489935
0.09589862014955167, 0.8046169661650687, 4.4234579374142185e-05
0.12019455317230639, 0.6320670894840342, 0.00019361214885765023
0.11536529798125202, 0.7824961227578675, 0.00010547082765207869
0.06002992886756709, 0.7050071716384165, 7.3349519612900255e-06
0.09484858768845085, 0.7467365220544315, 4.892906686483515e-05
0.1453726799928065, 0.7379882592658572, 0.0003279376634973886
0.0809623446856662, 0.6782482064065892, 2.9555215319947748e-05
0.09649664423241833, 0.7514897863593579, 5.2116286022352105e-05
0.08646045101206323, 0.6424038381629174, 4.3989257171797247e-05
0.09397278470531158, 0.5636124375656644, 8.245442835610156e-05
0.12198816494549891, 0.639327102506283, 0.00020198426513795458
0.1081608043322025, 0.6709747032235536, 0.00010800931193555564
0.10769595809088263, 0.7807765639352301, 7.82689914724908e-05
0.10673332903136917, 0.737988531611137, 8.421450782901239e-05
0.1299345879012181, 0.7290180876642081, 0.00020505874375198558
0.091054547361832, 0.7617454342315337, 3.9289218703433716e-05
0.07387490430553298, 0.6840521074007748, 1.9416637586730908e-05
0.10252758104644444, 0.795699997969944, 6.069687223145565e-05
0.13006652402903796, 0.6077897035921968, 0.00029633815315996734
0.10176041000012807, 0.8328555557137156, 5.3601069414779565e-05
0.16502042517895288, 0.7560038378947664, 0.0005458631591878554
0.09905312135585037, 0.7492894011360273, 5.8814802992149414e-05
0.16236278587474462, 0.7054273100536974, 0.0005837164529894258
0.06134269176729754, 0.8300146197862509, 5.820373594081818e-06
0.08597662069728117, 0.8139889922385966, 2.6730215909437335e-05
0.1364235685638246, 0.6970319521188169, 0.00027795462723698817
0.07858779962356266, 0.6662714718171725, 2.686742399525534e-05
0.05167570452315635, 0.780714872637998, 3.0934363135268763e-06
0.11164807632656025, 0.5043571307031375, 0.00021980372238345047
0.06386901420586559, 0.5897544505020428, 1.3768935980102345e-05
0.06585368360766139, 0.6596840041676448, 1.2590596622261059e-05
0.06766714471446506, 0.6473527482800463, 1.4734874828319932e-05
0.04445911748260549, 0.40750947836936674, 5.85757898863213e-06
0.056397462861637535, 0.5801613628060323, 8.230199950866546e-06
0.07180129520495238, 0.6584035149047935, 1.8491138045419378e-05
0.13113574934442399, 0.7251707675496909, 0.00021580334364168873
0.08141760589712704, 0.7585007221100982, 2.4222253326241822e-05
0.08425661393638385, 0.812367919902293, 2.4553758256446466e-05
0.08305740791354574, 0.7930301646622961, 2.4190860994492388e-05
0.11095401996902034, 0.783182987226248, 8.86888025126105e-05
0.13306472281869647, 0.6443123509144877, 0.0002915076069050334
0.046098402496627104, 0.7701525615713706, 1.923225554257432e-06
0.11822506225263331, 0.8149490848745959, 0.00010829962935934968
0.11641175164615639, 0.6711778323271106, 0.00014916835994395198
0.10874529669938612, 0.8233553822897163, 7.34509407532532e-05
0.09603745419666679, 0.7257743273096028, 5.4714382876611124e-05
0.09771845932027767, 0.6460301747707168, 7.453450622784515e-05
0.09924095667994783, 0.6547779416275638, 7.766367945153455e-05
0.041583418707340135, 0.8638901130142824, 9.711755297572417e-07
0.11086084721967011, 0.7424130995599725, 9.833286546430171e-05
0.08299670024377953, 0.7231279425067847, 2.900035039624615e-05
0.10771158113941948, 0.7056275346661635, 9.588913996195666e-05
0.08243778023973815, 0.7042867984826006, 2.9677169290701067e-05
0.10179106323032669, 0.5616829457905584, 0.00011800648778661708
0.11948331778652423, 0.7337917491870701, 0.0001399497903029071
0.06951118674654033, 0.7113319795257786, 1.3736051910536908e-05
0.0687287320097508, 0.5959688667341818, 1.861775926217422e-05
0.1037642247734442, 0.6722154854713022, 8.96516966307441e-05
0.10850671262158966, 0.6000055133514248, 0.00013698230873353655
0.12532210358897614, 0.6068259804378237, 0.0002524406788973572
0.09350803021379542, 0.7830289517670072, 4.179703304108251e-05
0.14656493739578455, 0.5713228110946307, 0.000567198600213243
0.08067071070177244, 0.609841624222061, 3.59816981269827e-05
0.09063962754214686, 0.603168887534459, 6.141687675519108e-05
0.12656964287487565, 0.5782983430408883, 0.00029034345596093094
0.10885165309887745, 0.8140417369311911, 7.546519174541395e-05
0.11407878735808417, 0.7400666023179185, 0.00011223435834910225
0.1127699853779977, 0.7520393373584795, 0.000103308555017202
0.10182766201188016, 0.6681880072361432, 8.351758781842782e-05
0.10884305071681921, 0.725859503032247, 9.488200844259545e-05
0.1274870042358096, 0.6452150004480197, 0.00024077257416351365
0.16727839502866657, 0.7297822789198148, 0.0006218915035737056
0.06106358105719461, 0.7424152249369254, 7.1304041317161505e-06
0.11566646760790211, 0.7835930460918481, 0.00010638922134720089
0.07716222706510076, 0.6932441641832393, 2.289677778159193e-05
0.06030484477129224, 0.695471222361947, 7.690547623565285e-06
0.07275183787134196, 0.6197559380624265, 2.211250620141968e-05
0.0781703634612442, 0.7520907858778617, 2.059732106058273e-05
0.05155282840906801, 0.6756089655456572, 4.087766478322858e-06
0.1066248028498186, 0.6261093131605635, 0.00011647744366423106
0.042118070891956266, 0.7105697409393488, 1.5184963476927573e-06
0.06790304162893263, 0.6812589371267741, 1.35099604205486e-05
0.13471657971297968, 0.5737494369781052, 0.0003881270970252037
0.08902644815715534, 0.5434232748886798, 6.99154621458811e-05
0.10684810833195917, 0.6234089716759679, 0.00011857520574243697
0.08237490167981702, 0.6769344708329168, 3.20162334635006e-05
0.10872939325509637, 0.7221685138098309, 9.541473360754685e-05
0.046252547675143675, 0.6564032086792202, 2.686713812821679e-06
0.12469417704465098, 0.7580681760265873, 0.00015822406185374995
0.1170925500410362, 0.6796505040891057, 0.0001492531043031837
0.12407628848627414, 0.6677781769096586, 0.00019949505998402962
0.07205931268269121, 0.6222068378574368, 2.103453161324403e-05
0.09293981393861409, 0.7241708326325524, 4.757422846321505e-05
0.05952216553310158, 0.7723780765775877, 5.886977872315323e-06
0.09777862328823968, 0.7045607084122094, 6.283509803189534e-05
0.10641243340055195, 0.720674698877637, 8.714727157763344e-05
0.11328977650177711, 0.6497694409403663, 0.00014121684370977655
0.10300553601879155, 0.616984684569858, 0.00010303947140568716
0.14643956380594375, 0.7834452769814224, 0.0003005008056072447
0.09902986451218028, 0.6783144809693978, 7.169269944304673e-05
0.1408751709046947, 0.8125493460796127, 0.00023557978056285304
0.08313841485033054, 0.9275043906647312, 1.7760762381971327e-05
0.07463410018719588, 0.8253574152131039, 1.3951018269799626e-05
0.09152803030433275, 0.7371555925565512, 4.292256626138778e-05
0.13361163529103834, 0.7593037555995992, 0.0002137221973391539
0.15126476747702045, 0.7509517184469158, 0.00037721427228121863
0.13874710914405447, 0.7891405638508956, 0.00023358368817969925
0.1048685838854684, 0.8016902717379037, 6.603777696173705e-05
0.09806366485053948, 0.7443088815046485, 5.702892975821436e-05
0.059577202550641785, 0.7786633702902037, 5.815926075943718e-06
0.084339653377702, 0.8220558905577013, 2.408258920636169e-05
0.08763264532248503, 0.6895516237493491, 4.0510012921924405e-05
0.0538779328057682, 0.6248854811099411, 5.8019381623185865e-06
0.12638623641234553, 0.7404543622758099, 0.000175973934080813
0.054148507860087174, 0.6439795221117407, 5.584732213836487e-06
0.09864144841017103, 0.771467972241614, 5.447429697654556e-05
0.167287342995174, 0.595781038418147, 0.0009333190059530866
0.10162690181509207, 0.6287446552198097, 9.350945002083414e-05
0.11256214164666709, 0.6565714704561184, 0.0001344399093269443
0.12013931650386411, 0.5357766372057887, 0.00026891377108550737
0.08859383162298201, 0.9546458791775796, 2.2174642497289463e-05
0.1434574530376821, 0.6601021072491003, 0.00038665654807360075
0.12354709322120985, 0.693915936076037, 0.0001813073101342045
0.05330468898049666, 0.6805292574981037, 4.667024866518911e-06
0.1206431413129124, 0.5676648015529145, 0.000244002101411751
0.1678367325019512, 0.8932216410102426, 0.00042126006849160856
0.06478275580280668, 0.5366758770942012, 1.7699589310424557e-05
0.03166281907117045, 0.7420532863957967, 3.967471906980975e-07
0.07334479258624306, 0.6812395494211905, 1.896666807823027e-05
0.09454567933889882, 0.6988752610263024, 5.507949931434716e-05
0.1006647429357209, 0.66162343999641, 8.09850103355885e-05
0.1346090459809367, 0.7098546053464676, 0.0002526700534262614
0.12025176849322158, 0.7375287999119616, 0.0001424985373405747
0.04364635220280551, 0.7054522190807792, 1.8021945909030508e-06
0.13030806394326794, 0.7653975528489407, 0.00018839329607053164
0.11338832595370432, 0.7338766569006381, 0.00011112722272208795
0.05070964255937389, 0.7142215154067165, 3.4017191617001726e-06
0.133299410781392, 0.6066257473445542, 0.000331412152278529
0.05979350246369675, 0.6726592732165155, 7.918687429674742e-06
0.09016337204736376, 0.7717892196789373, 3.665229065101139e-05
0.11564520828337506, 0.675720049948211, 0.00014295321063599717
0.09767247642188016, 0.5731546206215399, 9.449742564159032e-05
0.09127551972363093, 0.8405766082790054, 3.261146286143096e-05
0.05387916340110818, 0.6838562678907036, 4.844934896987956e-06
0.13665435607105605, 0.685347497038558, 0.0002896593470382105
0.05888013938187754, 0.7793614405283051, 5.51252937266089e-06
0.10785790341449993, 0.8066589936217726, 7.381330009028279e-05
0.12708831391840517, 0.6780865202117626, 0.00021501085885716032
0.09338242165804225, 0.8236524782068504, 3.755298464757023e-05
0.07136442634121866, 0.7724976981668755, 1.3076494548083076e-05
0.08226762958829509, 0.7259164953454961, 2.768216775873867e-05
0.10535721133678909, 0.6464405912396533, 0.00010366482859436183
0.06352664761841133, 0.7209014533464769, 8.999538116858313e-06
0.07092669085472565, 0.6663766690226685, 1.7103657904470342e-05
0.0458750308403744, 0.7149999935630088, 2.184187140796765e-06
0.0938975457078218, 0.6988290487578569, 5.3444455664271965e-05
0.08701710147232863, 0.6480022282534017, 4.447062113153078e-05
0.1169840280211641, 0.7728385217937495, 0.00011495961144333392
0.1214376328069207, 0.8644348197475045, 0.00010830683919475423
0.022586518410097026, 0.6640149174032278, 1.1208490018123208e-07
0.11707686765890321, 0.7618042735846187, 0.00011872765876207189
0.1256861662668562, 0.5539830148370334, 0.0003067876746362031
0.07145719386740325, 0.7267591035595062, 1.4858916718948458e-05
0.09416484311574562, 0.638742241605905, 6.477766430349301e-05
0.11175173263859388, 0.6240505266890374, 0.00014416012704018594
0.08320041133158493, 0.7405624323774629, 2.7950824651918436e-05
0.07854038012795887, 0.6786902322073364, 2.5824498386299907e-05
0.12910620702898828, 0.7095530958775746, 0.00021045702972776124
0.14093707109429363, 0.804728849504278, 0.00024064554124934574
0.10627532008017307, 0.6871667249396192, 9.531128172327918e-05
0.11586959984827776, 0.7845961283853748, 0.0001069398097240511
0.10669067324663262, 0.7834695484051961, 7.458956247573175e-05
0.0655102416745645, 0.8193856309488851, 7.975348997376075e-06
0.1417811565216024, 0.649337998748086, 0.00037944228329064064
0.07324142105999387, 0.7041833473082696, 1.764103855378509e-05
0.08346714946847685, 0.7123209475969656, 3.063959535776829e-05
0.07685938797897272, 0.8495923455863602, 1.498342752766844e-05
0.15615859783785008, 0.6262468197396156, 0.0006239715574933438
0.09789380424633633, 0.7337266184547978, 5.823985076188704e-05
0.0505056742930375, 0.8410986676407781, 2.4097321461547634e-06
0.08081273886961163, 0.6203461008934423, 3.5043624446778706e-05
0.08126985200041792, 0.6618098473867632, 3.156378745208876e-05
0.08967689225967032, 0.5875463488388308, 6.175555811725884e-05
0.10527164319694839, 0.7449044055714721, 7.779200767335656e-05
0.11721979190695492, 0.717995016601857, 0.00013437769891010623
0.11386801706426006, 0.7202186416190092, 0.00011754520425897013
0.09523431598415513, 0.6342008342823533, 6.905633622931465e-05
0.16185961633818766, 0.6337385431608274, 0.0007134361049901586
0.07090020355330606, 0.7891130311607439, 1.2176890132743617e-05
0.07007121101828749, 0.8187719725935105, 1.0740247859475647e-05
0.13054982008284163, 0.5685512304299108, 0.00034422492280654306
0.07736264523162568, 0.7230161311121442, 2.129157024733512e-05
0.07634328179125952, 0.7677714751440181, 1.781121648012841e-05
0.0807265175220743, 0.5894728235910794, 3.862866328458419e-05
0.10054764613596082, 0.7056100935569769, 7.083904915257722e-05
0.11970493087414533, 0.6972041214930653, 0.00015629280387347483
0.09894107765537108, 0.6720176835837783, 7.275480723984596e-05
0.08991692308498003, 0.6319356425468948, 5.4016012118069195e-05
0.11685989754582822, 0.6533579137267611, 0.00016010016917706975
0.0676303429774705, 0.5905938319559644, 1.7660828722604067e-05
0.06580168127464861, 0.5489847823032523, 1.811707332417326e-05
0.10876387241902657, 0.612840664768568, 0.00013267932668358347
0.12309920879064448, 0.7043541820835021, 0.00017318363575141049
0.07308790692373006, 0.6125047319778179, 2.310294317278832e-05
0.08308815018965979, 0.7285604933694342, 2.8708245998546657e-05
0.09380660575589969, 0.6766390509218786, 5.676476399248742e-05
0.09122472319683125, 0.8299969248066856, 3.336630914277856e-05
0.11809685591234306, 0.7630120980765027, 0.00012295656601645869
0.07263224005079519, 0.6692814873140894, 1.8824255183914972e-05
0.10369964057433446, 0.7060001023010574, 8.10543400447944e-05
0.06655653441653717, 0.7610679907450438, 9.911926318465327e-06
0.10139070566493825, 0.7462191928916609, 6.570900761298121e-05
0.08909747179481335, 0.8512863959883052, 2.8590528683294746e-05
0.1009660537539879, 0.5054771764094642, 0.0001405835407376793
0.11276217030214784, 0.5502148273864266, 0.00019293916388567206
0.09065080317783966, 0.7588165224265752, 3.882644500212755e-05
0.09434967642831064, 0.6197315363719386, 6.940911869251297e-05
0.11179311589504058, 0.6125685530030044, 0.0001498589790064333
0.11817347485307014, 0.8394275118006443, 0.00010187966910906787
0.030046217614673673, 0.8362720760218787, 2.480537876978698e-07
0.0621523474198675, 0.613574680715232, 1.128350941717241e-05
0.11320533664988561, 0.6170761242326872, 0.00015606401415716562
0.08694057130079903, 0.645728168496507, 4.461135225824157e-05
0.10339907149587828, 0.8093841906335912, 6.088771466826887e-05
0.08862248219384636, 0.7667760010506876, 3.442088855440323e-05
0.09133770597326286, 0.6177563169646282, 6.056084773104294e-05
0.13929657486124175, 0.667237259708336, 0.00033246294157080895
0.13943390735758288, 0.9115103666533702, 0.00017892195002054234
0.1426303821823647, 0.7487256386872159, 0.0002929904664555442
0.10474814151759952, 0.6224224495310672, 0.00010900319705944515
0.0707290410693182, 0.7683233040564998, 1.2708903243254131e-05
0.10344075719339486, 0.714545128994762, 7.826183224252945e-05
0.12812241039207903, 0.6324184078339207, 0.00025615765245177514
0.08972286137428703, 0.7616513825308197, 3.6832155464115406e-05
0.0997463154066527, 0.6903960622016528, 7.143572858124365e-05
0.08490768492254523, 0.6821124729735419, 3.6026387294696426e-05
0.10163631014941951, 0.788516248596957, 5.9478460399096724e-05
0.06627339961416351, 0.6197325597433476, 1.4670670577152348e-05
0.1344238642901184, 0.7172082956337535, 0.0002460205260452422
0.1158824758258434, 0.7454079623498397, 0.00011853756711974222
0.10993889050243587, 0.7555978982252295, 9.15061648151381e-05
0.09966990731393519, 0.5936372386809015, 9.629538278825999e-05
0.08920370914395867, 0.750741858507908, 3.695468050620311e-05
0.12736210349496546, 0.6307788497710826, 0.0002508352877781788
0.11046210620619178, 0.7011212897732242, 0.00010852210131934098
0.10675954463120299, 0.6568487418437315, 0.00010642035129288233
0.10929205139882071, 0.9027029151899002, 6.24692006822868e-05
0.12148912390634001, 0.6933742027946419, 0.00016865339931191407
0.14165647274187107, 0.7994890239767956, 0.0002493337962747095
0.06888956798996426, 0.726116864984648, 1.2671501487498935e-05
0.11418515089366664, 0.5315562083632016, 0.0002184489089391271
0.07804764810643601, 0.6585382233188333, 2.6680080288584312e-05
0.08454284508581705, 0.8525080189284571, 2.2631176442829616e-05
0.0748059610992994, 0.6480883921611239, 2.285686811570433e-05
0.08745862226653642, 0.6318569155260548, 4.7825551862572056e-05
0.11333795540354907, 0.7113147269135291, 0.00011805759752642042
0.13199607007603534, 0.7528614395250217, 0.00020606498155235415
0.08999284932601381, 0.6761025506774792, 4.736482745069596e-05
0.10671784535904733, 0.6490365348174778, 0.00010881045358818959
0.08930253343374857, 0.6745910963599434, 4.599232004512487e-05
0.10491946912081992, 0.6508033663612255, 0.00010042297596827199
0.0981068296699992, 0.8831906701027625, 4.058201577266347e-05
0.13423107341407203, 0.6520864098155341, 0.000295739324593696
0.0340182989158795, 0.7846482342039033, 4.865766931644054e-07
0.1071139557095112, 0.7359406793405183, 8.602069238788526e-05
0.09128580416070255, 0.7807401452849811, 3.782049041455474e-05
0.10235211642726923, 0.7986812873931685, 5.979225312094543e-05
0.12141902479173186, 0.7431874231842145, 0.00014643026614990162
0.08183297726069594, 0.7638775274997697, 2.4423234459119088e-05
0.08584971541052458, 0.6621617131483031, 4.0131810118198415e-05
0.08012370636884633, 0.6668025770709566, 2.920921550889769e-05
0.09919528309850864, 0.6383499208601504, 8.154714723432777e-05
0.12875829142432832, 0.5603043395628093, 0.00033352533376964814
0.12269934973610536, 0.5941292864222156, 0.00023994401677764735
0.04956108986552084, 0.752472962072747, 2.7707913926667842e-06
0.12790584120075577, 0.6533684891841091, 0.00023821395013861718
0.09337350311214641, 0.7410104419543919, 4.637685701045543e-05
0.1315985953431421, 0.8409096404525147, 0.00016299442519417573
0.0962237015753716, 0.46171261366160055, 0.00013635261781709337
0.10238962239506538, 0.8806684760805954, 4.925690697228327e-05
0.10656629407364662, 0.7305459625800129, 8.534895438584083e-05
0.06386052788585941, 0.8018788605214558, 7.4434004853607985e-06
0.13546487334113697, 0.574798909697685, 0.00039625201615476593
0.13658317039417406, 0.6731654392102718, 0.00029955040340685836
0.10255227423641833, 0.8062137294604939, 5.918679448829905e-05
0.09673670038305643, 0.709022283469547, 5.918991485260717e-05
0.1019152065466559, 0.6576379418567988, 8.654534740940019e-05
0.10007124896789085, 0.7608265108518031, 5.9669944182888104e-05
0.11794202054097855, 0.7735565998485712, 0.00011893875432605593
0.13201968905596953, 0.6759570987179973, 0.0002558220265326194
0.12428203658554107, 0.7108102767985205, 0.00017735984097455565
0.09126417933477865, 0.6733307938445205, 5.079611482932042e-05
0.08006583664182694, 0.6778640565577388, 2.8174003720138918e-05
0.11714079280970147, 0.665777205137309, 0.00015582027028116066
0.09834716297246122, 0.7735066492087613, 5.347981228671344e-05
0.15307713495214437, 0.64571308742782, 0.0005376407154440049
0.1471220500008111, 0.6494405731435003, 0.00044634352676109186
0.1188089111236135, 0.73171847338023, 0.00013728197755567435
0.0769962081117882, 0.7717111666875383, 1.830296350729012e-05
0.12325675878437459, 0.7370623339928882, 0.0001590467249992099
0.14476442128503364, 0.5732369158436594, 0.0005335924613489405
0.13499231839593154, 0.829009657633661, 0.00018758865263801932
0.08850717405481513, 0.7366667934361886, 3.7079084015127085e-05
0.0591388725322495, 0.633842606880983, 8.496585213058185e-06
0.09677611766998874, 0.7493970157500796, 5.30789153421788e-05
0.0472501358358425, 0.6971079678731121, 2.6166116682603204e-06
0.09417702615362719, 0.6832965629645461, 5.6637660229054764e-05
0.13701611647571316, 0.7057621265254355, 0.0002763404600635194
0.12659457412335146, 0.8232440007892825, 0.00014339537803155763
0.11680538251114879, 0.8319499383491831, 9.853898297389072e-05
0.1229453172048842, 0.7912267724275189, 0.00013648870499928647
0.08033638216382112, 0.7009833838767746, 2.6740186870631556e-05
0.06934221625016587, 0.7119799648006886, 1.3565016023662814e-05
0.10652794104186658, 0.7869729153682425, 7.343208695649131e-05
0.1466962390264489, 0.8141863592242988, 0.0002803895111462515
0.12028730561079798, 0.6588413579781119, 0.0001788015570457888
0.12263375924067302, 0.6721790646702379, 0.0001870165819589759
0.0766408563273953, 0.686551071331781, 2.265926051152156e-05
0.10342998881238614, 0.6077368294915492, 0.00010813823760350614
0.08346695562265619, 0.6228367132503168, 4.0075745615514444e-05
0.10926027368963924, 0.7052039747406224, 0.00010222813647307878
0.08923122006297912, 0.6972150242378473, 4.290485908771041e-05
0.06409648846421102, 0.7500469534111233, 8.646884111413728e-06
0.1108513916904622, 0.7817498529497087, 8.865257202512413e-05
0.1761060143876824, 0.707442388797349, 0.0008298319818640138
0.07844751400519837, 0.704566816132473, 2.38380070116971e-05
0.0971309032597502, 0.6622727249400298, 6.90660850313849e-05
0.11743339160514141, 0.7359778633296805, 0.00012891974885789517
0.11060882208869734, 0.7089894513056957, 0.00010674838824625035
0.09860025377548301, 0.6774471390284017, 7.051449744505182e-05
0.09107830707673455, 0.8291795661757494, 3.319666784012505e-05
0.0953474959422179, 0.6677115707918229, 6.262517854671084e-05
0.08622592060637754, 0.7620570366944684, 3.088854399957244e-05
0.09814698862183525, 0.82528796324033, 4.656006549831661e-05
0.10268148130636345, 0.5837343737276875, 0.00011352740542988952
0.12455218320822026, 0.6857372522904226, 0.00019239612770505254
0.08799493535479236, 0.6920968646051678, 4.094924609471552e-05
0.08207423357468044, 0.7332676435616019, 2.6850410631102142e-05
0.1129608364890722, 0.7982933987408891, 9.236843381861029e-05
0.06460397776598131, 0.7897152310173097, 8.075429095626527e-06
0.19114336828920186, 0.5456944229859564, 0.002000080610097248
0.08015554206670794, 0.6058978482818175, 3.543845017899352e-05
0.04347526564635815, 0.7776058803478753, 1.4578495260799478e-06
0.10414713659412753, 0.7215144477934939, 7.909046026434803e-05
0.10119884132568548, 0.904475408204908, 4.435522093753019e-05
0.06738451930936123, 0.7980549994659204, 9.518419567387387e-06
0.12349413743807457, 0.6762558709542111, 0.00019054067567238642
0.09240329313375495, 0.8569408299734714, 3.311989886326591e-05
0.06764602733723027, 0.7399399366471584, 1.1262610548034723e-05
0.07217012378548811, 0.7450737469603738, 1.4768628149750395e-05
0.08130609360737849, 0.7691116352815036, 2.3416865152471304e-05
0.13476987949379327, 0.7790213889272094, 0.00021089953854751622
0.12576803385398733, 0.7330351272210391, 0.00017572174964767179
0.13389962999023086, 0.6870178487888124, 0.00026354762999234517
0.08267988325382764, 0.747585713437359, 2.6681071782857173e-05
0.09439684828145255, 0.7302627638881201, 5.009801969185508e-05
0.06113939135992589, 0.5833232505631917, 1.1613422100852005e-05
0.11234933198477834, 0.748827461428359, 0.00010249732883820134
0.09367845240793293, 0.49280779955939347, 0.00010637154435203532
0.1089429448307705, 0.7721646814394926, 8.418255771015292e-05
0.06257315667150455, 0.7559753665030494, 7.656990235735025e-06
0.08664653144316072, 0.5756337994791657, 5.530679925013323e-05
0.08434150137361365, 0.7215469642354254, 3.126212759082493e-05
0.11007664223208147, 0.6970243566776554, 0.00010812565506747281
0.06954118463547328, 0.5766420801702064, 2.0942012100415058e-05
0.14688511559892573, 0.5630712200853067, 0.0005895783267847562
0.10609431760854228, 0.629658592821437, 0.00011266810059793036
0.09718993053582518, 0.6884871502651295, 6.407783273672549e-05
0.08445224249909006, 0.8095040408204012, 2.498141729091174e-05
0.1133659680372165, 0.7125469931634653, 0.00011777761545023133
0.08700523272724812, 0.5401721927073311, 6.395891552555288e-05
0.09679937567585184, 0.6259215462104423, 7.616673537246088e-05
0.1460415985320823, 0.6376963384876542, 0.0004481619627016056
0.12004336307467756, 0.6884412785718461, 0.00016230054166937498
0.08359729662976184, 0.7455892684157835, 2.815868875462734e-05
0.07638793465518764, 0.7221566149845314, 2.0184225449129202e-05
0.10041448808502061, 0.5585003317516803, 0.00011241469640345178
0.12755330895172473, 0.7082945240204659, 0.00020025424832162387
0.08372611245717587, 0.8752374134103312, 2.057321792437476e-05
0.13344045974780222, 0.8522369851420541, 0.00016869813134409313
0.13437402389487332, 0.6768032949971053, 0.00027582167239506756
0.10499197797110675, 0.6507353552539551, 0.0001007497572060785
0.1599689745965433, 0.7232318450092843, 0.0005201973845747511
0.05953783040449358, 0.7556123525446393, 6.158245801683254e-06
0.07839431454776769, 0.620827331234885, 3.061091677148986e-05
0.12057536575265584, 0.7915636919114102, 0.0001251791370707251
0.12760073964159768, 0.6939359440639988, 0.00020896866788456425
0.11083012852243118, 0.6004056336006526, 0.0001501657405358575
0.09861759501509242, 0.7795094715797993, 5.3299421546477466e-05
0.10530935722860454, 0.6103587204672981, 0.00011605135673000071
0.0357307557469021, 0.5561870243849876, 1.202014982662326e-06
0.11700196504777755, 0.8186627761267854, 0.0001025193147960104
0.08816826586082997, 0.8129198599884715, 2.9939500131094358e-05
0.1184078060731376, 0.6744476725131862, 0.0001591999209033637
0.12233667473662647, 0.7892769102052293, 0.00013420121767825126
0.07736808621615929, 0.6804677299126461, 2.404490066031365e-05
0.059839265021914764, 0.752027794156817, 6.3567863633374415e-06
0.08624854897373645, 0.5860186666079817, 5.2293884760940946e-05
0.13783647752669212, 0.5679178454959494, 0.00043812415357461854
0.09805516653807038, 0.7419383726396696, 5.7372047595611865e-05
0.1177070666037977, 0.6958321995071616, 0.0001457095493849634
0.062084014686022496, 0.6399638907324672, 1.0322052081257122e-05
0.07995780057109865, 0.6841286561458234, 2.7496538579648492e-05
0.06106777961663667, 0.7837709455659927, 6.399719617570249e-06
0.13332592737232837, 0.6164517254896498, 0.00032121221338957145
0.10428109698618988, 0.7282122354479666, 7.808265185868219e-05
0.12357530136349144, 0.8171216646965662, 0.00013088558873447368
0.10426957062002747, 0.7160100219140549, 8.07274193522146e-05
0.106290752345459, 0.7748575957838562, 7.500707405843568e-05
0.11214451874894797, 0.7142716389055663, 0.00011175385456056707
0.14503900353832447, 0.679201350184844, 0.00038326747749086967
0.10940307635158844, 0.6100549536282527, 0.00013739088849132038
0.09178097556918066, 0.8506645922044935, 3.262578207861547e-05
0.12972089186045155, 0.5567142981347218, 0.00034909595774905
0.13735777797699023, 0.6989850132016346, 0.0002848291920956224
0.09675036318865866, 0.6874347645679487, 6.300490660274605e-05
0.13625511509217977, 0.5324546018336188, 0.0004737542434479277
0.08917810947588257, 0.7202357653600304, 4.010078548047523e-05
0.07263261205216907, 0.721288701232673, 1.620790770596953e-05
0.11067674283836364, 0.7368694495690841, 9.909068279720681e-05
0.12419742023196306, 0.7219568028800336, 0.00017141104435705332
0.09600455672524677, 0.6733629008197287, 6.346753811532302e-05
0.10888406187736856, 0.6284228593853765, 0.00012679581758322169
0.05917024405063577, 0.5976090254562797, 9.580460571068363e-06
0.11131843660621725, 0.6344276252016463, 0.00013711878580537345
0.06762575552724977, 0.7101669068968282, 1.2210639465850031e-05
0.16247628791797872, 0.5322122093850309, 0.0010286607723664662
0.07203960861040382, 0.7198183305230351, 1.5697627152450546e-05
0.11104901166190072, 0.770475922523452, 9.198402807596863e-05
0.1088608326690654, 0.6986518402541254, 0.00010248954161181645
0.0679365960359323, 0.7395954026032275, 1.1487727772628507e-05
0.14766883652683865, 0.7409680101351479, 0.00034852820830759054
0.1046404046615768, 0.7821944464891553, 6.870903465157569e-05
0.09486385653514881, 0.7578827660573882, 4.753409714678001e-05
0.11784110915383411, 0.6834142514432355, 0.00015181121283182425
0.0920295170949938, 0.7053884744705196, 4.801629080757582e-05
0.1394329477385818, 0.8335331926235705, 0.0002139576890269365
0.06818669826321473, 0.7510139222476596, 1.1322659100546885e-05
0.029943988270187905, 0.660800511250813, 3.9137005201414616e-07
0.1582855902428525, 0.8913978814683661, 0.0003268622561607992
0.15527220934498853, 0.696120197554746, 0.0004925041006511625
0.06710968324181173, 0.7646856903495641, 1.0182508984434247e-05
0.16024858721266308, 0.5625531732606488, 0.0008664295600434164
0.13726897695339352, 0.6985336612520044, 0.0002843870170076112
0.11759722235055814, 0.6548235249361654, 0.00016385678569993573
0.10987929854034002, 0.8003540340436744, 8.13638489575428e-05
0.1055126448811338, 0.7007916557003641, 8.878260737804236e-05
0.12180724677353155, 0.7614049685360035, 0.0001414803880978588
0.07778591788141118, 0.8035817248682702, 1.765509707195825e-05
0.11110654556507234, 0.695491298903707, 0.00011314540813996726
0.1237397678740989, 0.6542272097890613, 0.00020537595610263325
0.09568968005991499, 0.7734085540219997, 4.7419219992120726e-05
0.12507192695431948, 0.6479962434157435, 0.000219444257749514
0.10059352720265553, 0.7698028122181887, 5.963690148182735e-05
0.09071987999697623, 0.684382307338247, 4.7891584388415005e-05
0.06306370898196129, 0.638600492396567, 1.1105477600358157e-05
0.07214219964177396, 0.7580754545903842, 1.424210879365114e-05
0.09049091341376818, 0.7233781910276234, 4.239327336106036e-05
0.14433812726015802, 0.6079023034907866, 0.00046835483738580326
0.10193107344176475, 0.672254555643474, 8.287955671205154e-05
0.056287555622858594, 0.6157327226014687, 7.2442918849819255e-06
0.09176872179159715, 0.7068163515939321, 4.722906248522501e-05
0.06844788071834941, 0.6098524032160246, 1.7462259775315323e-05
0.0600385449237542, 0.7025285311120961, 7.391467309093776e-06
0.07664072300444118, 0.6595004465377502, 2.455601662964157e-05
0.08590045936247735, 0.7012797900428162, 3.587264420986402e-05
0.0797957392729082, 0.6487118257600909, 3.0309094281423378e-05
0.06565974316411326, 0.6051699460406341, 1.4768200620918153e-05
0.07338635886452957, 0.7971044461662191, 1.388810307878807e-05
0.10358992126373112, 0.7661970071338354, 6.849864927251861e-05
0.11074849229365284, 0.7544508405097494, 9.479608962206741e-05
0.04020486518370178, 0.7073064183573118, 1.2490406817090228e-06
0.11965864199785872, 0.7390120152036441, 0.00013887267629831277
0.058140825201310815, 0.7508385388951984, 5.618107278143261e-06
0.1149566781584008, 0.7006875750213574, 0.0001294993443194963
0.125805067312031, 0.6838006101044367, 0.000202198868405026
0.032893761509743616, 0.6956254510906328, 5.339671546066261e-07
0.07133832113545194, 0.6945214589143734, 1.6151588865542145e-05
0.12088771305780042, 0.6896459199576239, 0.00016679962359379287
0.14303404153810453, 0.5733094858428153, 0.0005059656651459016
0.07564452510260287, 0.5753773145951852, 3.0456600755712657e-05
0.09846591659851757, 0.8580909404649347, 4.368751545668692e-05
0.08934800643654833, 0.6037647519197703, 5.754449735715452e-05
0.14196240377179942, 0.7172511463058622, 0.00031274192894278365
0.09577068437228338, 0.699287758441093, 5.8220703070664365e-05
0.0578937514413998, 0.6890875810177919, 6.546308936320288e-06
0.10400188237328528, 0.7583492756030437, 7.11555244452009e-05
0.04473476015253614, 0.7308235672471161, 1.871454649891276e-06
0.08659922960994883, 0.6036765245606546, 5.01671058828953e-05
0.09087281113368997, 0.7221885009247795, 4.332855409044802e-05
0.13903873365111444, 0.8191544030752969, 0.0002187922291267346
0.14619450266943496, 0.8231312746402139, 0.000270224223196316
0.09919426697986128, 0.618321124434731, 8.691178062840286e-05
0.11063203601554243, 0.9085548952399214, 6.506381639475728e-05
0.045708653099818426, 0.6694339299312926, 2.4521301767587996e-06
0.1301258330005203, 0.7439417039812, 0.00019819266916311346
0.11865910782614593, 0.6520772135957618, 0.00017190661725728152
0.09130170871783214, 0.7324184284008817, 4.3008525649869524e-05
0.0375748596187909, 0.771234998068931, 7.800830690712527e-07
0.11960270190733674, 0.5874599552968347, 0.00021931569918313856
0.1381584164769527, 0.8711368737686462, 0.00018812799592645031
0.13561940072020864, 0.8382967274362962, 0.00018723471236941434
0.12375351362232682, 0.5928589475360184, 0.0002502167093384725
0.08563577548528321, 0.5867729215794008, 5.054856173025082e-05
0.10736669921120154, 0.7324267607456054, 8.775335656491308e-05
0.09196420982019345, 0.6986770331866681, 4.879056802441913e-05
0.09680254762856397, 0.7408053389935956, 5.4382548165614404e-05
0.038177650274210294, 0.6546886797681098, 1.1610654267665307e-06
0.07237730315609714, 0.6984987405707204, 1.701708579853268e-05
0.07637110097600144, 0.6666390969872107, 2.3663128527162905e-05
0.07145989781028929, 0.7197637067844234, 1.515167089217649e-05
0.10307607888270663, 0.6342019193065858, 9.781501042372284e-05
0.10519159839264158, 0.6692443896064193, 9.605346979984118e-05
0.07249631623620668, 0.7615690914127407, 1.4419075321689599e-05
0.09861929637230873, 0.7411560634400637, 5.896291194748402e-05
0.07618662060954118, 0.7194531094775727, 2.0101442950754604e-05
0.06019680290624594, 0.6735504533382629, 8.134834218645445e-06
0.12783989233000848, 0.6620415009969371, 0.00023148753538035236
0.058127276163664476, 0.7145100659355255, 6.197564752212946e-06
0.07526373027683131, 0.7046754052086157, 1.9859345088157012e-05
0.13467071353384977, 0.6329777024157338, 0.00031841314111643785
0.12117932335896112, 0.6712439027990699, 0.00017794700846310936
0.08519160951680982, 0.6828518067906496, 3.648034982947451e-05
0.09975348705634118, 0.5861416250264379, 9.913895757239967e-05
0.07372664150027461, 0.5946715521318806, 2.5465907307832328e-05
0.12286983616873816, 0.6625136954543712, 0.00019414911031608026
0.1465294306856289, 0.7544804029112987, 0.00032489225870211384
0.05636767038962166, 0.8216128622386062, 4.0941506389273e-06
0.10745475627636056, 0.8419253507774912, 6.665174978020163e-05
0.08620710239603287, 0.7048080050905714, 3.607560733313928e-05
0.04752990404743563, 0.545640501791821, 4.383360836085473e-06
0.10226090670874134, 0.7263653042308623, 7.200756523601056e-05
0.08283240280946105, 0.6944746944895637, 3.116981240864204e-05
0.19078046345523136, 0.7197793687782036, 0.0011400299642255907
0.08115909999874368, 0.6288431072092299, 3.475082069065286e-05
0.09393462243969677, 0.6181809064942294, 6.841759077584101e-05
0.10688521690630123, 0.7683412179276207, 7.81799273504541e-05
0.08385015143012639, 0.7395626519089497, 2.9002330715635766e-05
0.07393399908121959, 0.7852815489387541, 1.4785280922925779e-05
0.10385003687134942, 0.6244466327263307, 0.00010427123641232936
0.02634146315740636, 0.4665869573518113, 4.4659745484510634e-07
0.115845903421158, 0.7478322957670844, 0.00011760680701282668
0.17672482846136373, 0.8658757088580029, 0.0005625538320416116
0.061159008521784526, 0.7996500222061446, 6.1885928223028845e-06
0.053618607319833304, 0.7903348303032454, 3.5508471924234034e-06
0.0814207015799019, 0.8570545971470093, 1.8975018880670987e-05
0.09919456016887439, 0.7294192785783074, 6.245367354671006e-05
0.14472283022626756, 0.7952028099110476, 0.00027693196816163843
0.11386857696822748, 0.7028880029623874, 0.0001234158008960724
0.08223405450224447, 0.67844892407705, 3.163436170642446e-05
0.10777999758921564, 0.7290437107537212, 9.007965362202738e-05
0.08233660629542838, 0.7008345308894152, 2.9808762614181484e-05
0.11811001241402172, 0.7080064174935033, 0.00014287395118899458
0.05394109838786843, 0.7837709564534154, 3.707102732918087e-06
0.17929103520422854, 0.695498915249344, 0.0009290320833275989
0.10271828730826169, 0.675533536915122, 8.490284709849544e-05
0.05197074914984273, 0.7611974053672457, 3.3366511107942358e-06
0.0863565148662378, 0.8595842190733343, 2.4439228967636688e-05
0.11943091683277741, 0.7154773329333618, 0.00014692236475234604
0.13412612949392888, 0.590712991851007, 0.00035914661517579146
0.06219069207669173, 0.6383554554826053, 1.0452795735537706e-05
0.09182604293360785, 0.6160696532968437, 6.233846301148808e-05
0.13214474102747156, 0.6372611236494854, 0.0002890350676629155
0.10226208122198939, 0.5940578398653502, 0.00010765960777754736
0.12319989007292978, 0.6824491785486005, 0.00018514444058510978
0.12164792119934678, 0.7693377549408758, 0.00013778198889100225
0.1668345230481807, 0.6528786555051156, 0.0007679961133900117
0.13797835535147795, 0.8511157513613173, 0.00019595524068999752
0.13897155461496152, 0.8647385177165631, 0.00019591618647733008
0.09787927009535609, 0.9014615992897912, 3.8557654877003866e-05
0.10154715591277493, 0.7517275349333628, 6.519032465731022e-05
0.006518972693408606, 0.6782826426547665, 4.534535458304664e-10
0.11358162603343112, 0.6433898534599646, 0.00014567097987861058
0.061154721277962475, 0.7447142455758172, 7.133103656898324e-06
0.07484712187724415, 0.7933515855005031, 1.5289911467720085e-05
0.0335434181360483, 0.6505364148361155, 6.654184883426971e-07
0.08452802800119494, 0.7718618844561523, 2.7586077372200474e-05
0.05948203004665208, 0.6698826449303131, 7.80307686908907e-06
0.0782224691671754, 0.7317153890757461, 2.1824294348649e-05
0.10719928717082512, 0.6708475570122455, 0.00010388732433155417
0.10786617542372869, 0.6706079302305574, 0.00010683751083940609
0.09844917137606328, 0.6937524701162995, 6.678668673594724e-05
0.080808036979297, 0.6992607154094694, 2.757323275332106e-05
0.09105263566608172, 0.5758853300676101, 6.873547865054928e-05
0.1171199559012941, 0.646090922802058, 0.00016533110902032785
0.07793116197891645, 0.7366098870005162, 2.118458092954138e-05
0.1032264950011865, 0.6385118372954388, 9.712011524590183e-05
0.16018794042102444, 0.6316251810249387, 0.0006861486655257969
0.15123231206453086, 0.671925085203436, 0.00047071755019428835
0.07838321117567176, 0.7485881882095395, 2.104075810003437e-05
0.0977477792856949, 0.6020301590861864, 8.594087258024326e-05
0.12532581427225892, 0.6612810686949604, 0.00021260431346902618
0.13934996116430898, 0.6244469348296321, 0.00038022876561819794
0.13705920616407147, 0.707605039432067, 0.0002752835092139324
0.08281595386642528, 0.7198770561274543, 2.8983502740312993e-05
0.13871414010483119, 0.6985088592529162, 0.00029781960918786086
0.11432048441518505, 0.8324361428666345, 8.953851498397928e-05
0.10835785054665546, 0.6529587176745096, 0.00011496883396750747
0.08655677450146351, 0.6322177963325182, 4.5641209694399776e-05
0.10809355893843652, 0.7785323617283862, 8.000769303626682e-05
0.10109650026865313, 0.7494543163979595, 6.431532988443449e-05
0.06677015259690239, 0.7334735128419816, 1.082329384061094e-05
0.09679582559526434, 0.7275799050730033, 5.6360348557057826e-05
0.11142505169468432, 0.6668600192008732, 0.00012462955679841503
0.1069358911680564, 0.8346859655257511, 6.638394289893867e-05
0.1059797142364079, 0.7321948614309544, 8.292636292481832e-05
0.10966277597486479, 0.6771124829608889, 0.00011269506328061253
0.06229997140551079, 0.6971239210080257, 8.83267914782284e-06
0.013523023554340458, 0.8403013483648614, 7.3252173606765e-09
0.13093636369370804, 0.8034318861310565, 0.0001746356812700364
0.16076639873884663, 0.7008361714357497, 0.0005662290244964758
0.09841450824885514, 0.8325695986030286, 4.630042290353095e-05
0.15807173770020563, 0.6700773387666094, 0.000575008992594235
0.08777840979826602, 0.6113238938983168, 5.1919329427029074e-05
0.13479612362203605, 0.681674724883999, 0.00027567163892216
0.15823352335505536, 0.7293382695792927, 0.0004875523859200924
0.03741701410959036, 0.680829768254757, 9.826367133840623e-07
0.0503375773562126, 0.6171613892878713, 4.410568436322286e-06
0.12253193698831216, 0.5633387609421396, 0.00026529162739019635
0.07592516932060908, 0.7366608977891208, 1.8885480772942246e-05
0.10548318398196349, 0.6588465531797747, 0.00010032370312150977
0.12088434845731003, 0.7408930562532173, 0.00014450509969810978
0.11950839578691999, 0.7465064451812206, 0.00013534798895938567
0.0754077166459758, 0.7354106567943524, 1.8388044135575275e-05
0.09440680160791526, 0.6318153293077975, 6.695762357343081e-05
0.13360787478112152, 0.6915417338690054, 0.00025762627522452443
0.08349372373218511, 0.6174181244000252, 4.083983731004486e-05
0.10615875750135358, 0.7868446512590362, 7.234250471548327e-05
0.06907801155999706, 0.7340858655487597, 1.2547795007056642e-05
0.10583379593502922, 0.6132875108530679, 0.00011748566999268036
0.1367951527991716, 0.6436038948652221, 0.0003299435849377925
0.12681430283117506, 0.742914251530257, 0.00017743070052010561
0.05846068224164848, 0.7712235331248521, 5.4551465190183725e-06
0.04778066808439104, 0.6968546394379697, 2.7503708995938522e-06
0.13789360180058235, 0.7033855963591178, 0.00028613637055550055
0.12141770945410345, 0.6283543340770902, 0.00020483191438883775
0.10720355788124851, 0.5591813575376514, 0.0001495481360839131
0.12191112451039596, 0.6014550725544594, 0.00022758843892606046
0.07334132698579598, 0.6391697732118283, 2.154110606637736e-05
0.10796770441249608, 0.6815992336448742, 0.00010384861947970894
0.09889388744667509, 0.6943709680057021, 6.800304564859281e-05
0.09168042454166474, 0.6399865899239364, 5.736424185465978e-05
0.06967032416532647, 0.596293653897868, 1.9744947342962126e-05
0.14400543988125192, 0.6209498212317729, 0.0004443447323255629
0.08032544312936529, 0.8664770325659549, 1.7490634260275865e-05
0.1472396100585501, 0.697189926889746, 0.0003886620952159933
0.10898564308755623, 0.7118762469464535, 9.921601369226387e-05
0.15251987676340026, 0.7221804702836639, 0.0004229711817507517
0.17360383390823736, 0.7954069386385378, 0.0006163794054438223
0.15372991906313327, 0.6142500736426469, 0.000605358181314716
0.13349847787074345, 0.7974737660605203, 0.00019303180336436063
0.13004371032851422, 0.6973816595312677, 0.000224914783731147
0.14452998180832985, 0.7784253980575098, 0.0002873074407058678
0.09140191033859313, 0.7718983085297073, 3.8908896936441766e-05
0.11544467835957095, 0.7482833617094422, 0.00011568550836277371
0.10802055882299551, 0.7115671526421233, 9.549098205863334e-05
0.0817905685708465, 0.7393742598242375, 2.600946639915995e-05
0.07900376231001349, 0.7140632521715895, 2.394102467955667e-05
0.13356864412054187, 0.6562169107785888, 0.00028573993238118866
0.06596016213695982, 0.7070924123233381, 1.1037051959583992e-05
0.14312777495682147, 0.6731782777416975, 0.00036803655531493
0.05446450049125853, 0.6307071417023041, 5.973239241413519e-06
0.12685456510259235, 0.7450558401107462, 0.0001766587258887698
0.08844424707165945, 0.6131575811723096, 5.3354110588999564e-05
0.15365289839140306, 0.8548237919239071, 0.000311883231189846
0.09003046794963147, 0.5592994730293273, 6.934112919753857e-05
0.08590737642118029, 0.636454905118542, 4.3567699434625884e-05
0.12365041163075735, 0.7877968890923164, 0.0001411880260923606
0.1250026088993934, 0.609756535527635, 0.00024722757490867864
0.059797456053973706, 0.6887401548662152, 7.555426861590976e-06
0.0681236127203951, 0.7202052647199771, 1.2262049570833417e-05
0.05074032974558517, 0.6697515986770791, 3.8787593394044345e-06
0.07872518057546068, 0.7249239681276091, 2.2870786886067447e-05
0.10658704071226696, 0.7696898338115286, 7.695445674149664e-05
0.11109965005099781, 0.6458376445215421, 0.00013117619411328837
0.1056893167296904, 0.6528111423056632, 0.00010306888486727191
0.10613225754837448, 0.6889489022990057, 9.425848213720908e-05
0.11204422452419917, 0.6635191911430657, 0.00012899492088696277
0.10400850974231594, 0.6454828865652087, 9.824251608940985e-05
0.12968298946478496, 0.7484557041121132, 0.00019289410289966398
0.1077085423805656, 0.6831291752936229, 0.00010229652561002672
0.06688622284798304, 0.8863287862653542, 7.468915437249489e-06
0.09713872960215446, 0.8173623105682186, 4.5358984847499696e-05
0.10037043744626321, 0.6361980994434265, 8.646627641662607e-05
0.10847344335844859, 0.6547762932091118, 0.0001148690633637801
0.13729983818617655, 0.6372007962292352, 0.0003421065499608726
0.10924895345450499, 0.4639944172155611, 0.00023603501962206165
0.16696066665420337, 0.7737034886156107, 0.0005486800070939172
0.1009312287396434, 0.7038676724383873, 7.239295834865292e-05
0.12181081381206509, 0.6353575529152317, 0.00020321100314771897
0.10267468276559093, 0.6564065170587399, 8.975506282287994e-05
0.1621632359902538, 0.7685840195398193, 0.0004890730883000512
0.15075166084129957, 0.7236336627766594, 0.0004002041962181022
0.08526335599422033, 0.7372949042159722, 3.140784160506608e-05
0.08933583671997981, 0.598500821825512, 5.852609071694834e-05
0.06266183075009704, 0.5585390369755073, 1.4114723727235592e-05
0.1469583396108201, 0.7103261327668239, 0.00037128290426470696
0.18400186081058767, 0.6024800110025784, 0.0013877088509856546
0.07578236068917761, 0.6096803333027677, 2.7343952831574867e-05
0.1038825491850209, 0.6953237212378558, 8.421301922183148e-05
0.058089693504694465, 0.6382224536976713, 7.74564721568734e-06
0.1388157195125707, 0.7223057129990806, 0.00027941765957048683
0.16829447285658344, 0.7353264297590224, 0.0006290901691884235
0.1031872078790697, 0.5818378978137961, 0.0001167658043031233
0.07712232757408966, 0.8820613404915405, 1.4111100513049562e-05
0.11664860099421051, 0.5764824087232536, 0.00020401576596385378
0.12072695758612556, 0.8479219375886415, 0.00010969652783868689
0.10067166973348358, 0.7765612523394414, 5.8803944533008704e-05
0.09490445780433221, 0.6015563247476409, 7.559174951757758e-05
0.09433817171049372, 0.7137110134127982, 5.230532481618789e-05
0.050140678201730654, 0.7316718680385712, 3.0843956355032663e-06
0.08655656227127713, 0.7698477550877464, 3.078053748836241e-05
0.09737762507928654, 0.6339903546223329, 7.621158270809352e-05
0.13937989104641835, 0.6857109300333264, 0.0003156198318123811
0.13487796164762414, 0.7554363675073356, 0.00022506631174772288
0.06534770334126441, 0.750991936827008, 9.390934157765777e-06
0.13189378012444974, 0.7876777965600678, 0.00018760986810038228
0.15076379805125317, 0.783043282388601, 0.0003419018631304425
0.0832748956386006, 0.8096660061147815, 2.347556820622504e-05
0.15462196840774334, 0.5355508720089823, 0.0008168789511675027
0.12714508809651764, 0.7335270193378381, 0.0001840991777819713
0.057970634849260294, 0.7934841877586923, 4.965978009218101e-06
0.04541656433385645, 0.7051293026980898, 2.148677288024015e-06
0.14034272610612353, 0.6234114168737246, 0.00039359719124590917
0.11013930443736233, 0.8423775453793375, 7.421617768563512e-05
0.12635857302967596, 0.6217492494009568, 0.00024934237622498807
0.13796611062574346, 0.7918837971256978, 0.00022627763832464958
0.1762389730394993, 0.7067429120267169, 0.0008342410751116836
0.06959023308932029, 0.7818132357096683, 1.1428055505388224e-05
0.0715617649083874, 0.6451402884183463, 1.897816236524964e-05
0.11214285775120082, 0.578630835408622, 0.00017027773861642137
0.1031305051700535, 0.5826905879250379, 0.00011614307743363702
0.09060474574125763, 0.6572148782179195, 5.1643454636827554e-05
0.09032370698893569, 0.5613747656735286, 6.982128505936975e-05
0.11757201071946298, 0.8222558005256122, 0.00010382199406535036
0.078678360671959, 0.8488518213453351, 1.6636633841500866e-05
0.08759107133968365, 0.657663262122128, 4.444081562614268e-05
0.08096970806611695, 0.6745722907575262, 2.9890158956780735e-05
0.0850542610349389, 0.7503091253991133, 3.000185952912709e-05
0.11608708020005747, 0.719819341147794, 0.0001281055605196127
0.13305677654806125, 0.6508338260876138, 0.00028561989479387737
0.07336159159788956, 0.8631104620368854, 1.1827572338107684e-05
0.11903790243582565, 0.7007138025945561, 0.00015097315158616142
0.08753244640635398, 0.7208061541906484, 3.688695602538809e-05
0.0856605051477487, 0.5934337398715368, 4.948302087115168e-05
0.07965002771038214, 0.7096656206047344, 2.5123287103265403e-05
0.030031650250269326, 0.646793123524555, 4.1379341783001977e-07
0.13649817010021392, 0.6834791376422652, 0.00028978334431018323
0.07881960720322917, 0.7551541781362432, 2.118777777759111e-05
0.10474497051827039, 0.7391144769198245, 7.729091816303857e-05
0.1661809350869689, 0.5488910375652979, 0.001067949928121279
0.11046540338889964, 0.7264323261331437, 0.00010110467035607249
0.06656081854017143, 0.652166850116102, 1.3502386515412496e-05
0.14372181297402753, 0.7000117892876572, 0.000346621111999343
0.048132020482145606, 0.7079353730201008, 2.7522550644724643e-06
0.14115781529887295, 0.6242456853319229, 0.00040267668296049033
0.0784229383374768, 0.7653552249667742, 2.0173882164627932e-05
0.052618232665343205, 0.6581108969483472, 4.713757799512784e-06
0.04610619504929392, 0.6750748556320995, 2.504972017062973e-06
0.11411449085454937, 0.6594928509384648, 0.00014152892872659815
0.0915577939994791, 0.6421385537378729, 5.664581307287619e-05
0.09921296251991356, 0.6287441369697715, 8.41238304710833e-05
0.07334664219707758, 0.7705834602523197, 1.4825166249191318e-05
0.10223370173425579, 0.7303181586484632, 7.114685030026638e-05
0.11957476439337103, 0.6558677677313537, 0.0001757710185709768
0.08609481461383575, 0.6452702445077505, 4.2793853771597455e-05
0.0828230132405561, 0.6430095873703388, 3.6340886590521926e-05
0.16509842517288553, 0.5992525431785539, 0.0008705926983587603
0.07439653622189772, 0.8325497794441176, 1.3520022902409601e-05
0.1551788427221388, 0.7014307477109458, 0.00048379272819888827
0.12926397170733056, 0.7384470436079741, 0.00019535663504294452
0.10981221747683649, 0.7115566257942957, 0.0001026620361593023
0.11943854707434068, 0.5812060191384034, 0.00022271093540990585
0.07973142923600823, 0.6202772156526254, 3.30342351538732e-05
0.09068435659371767, 0.6603787634352327, 5.134783703627713e-05
0.14870556889981895, 0.7047904431623305, 0.00039726994333461534
0.1284138093101803, 0.7404995203395304, 0.00018871566100801885
0.11364078748460038, 0.5496798796423406, 0.00020003078911439722
0.07179549733165039, 0.6586534288389019, 1.8470544539338335e-05
0.07339267184219288, 0.6798077941832953, 1.9101412825106028e-05
0.0760873682579307, 0.781402303585236, 1.6943058058379996e-05
0.11481679221997898, 0.8286186073933524, 9.210439089152101e-05
0.09145998768553183, 0.6450903841813065, 5.586525304307237e-05
0.08459415836376412, 0.8975162387287748, 2.047287866030071e-05
0.12554506266031257, 0.6220909085967514, 0.0002420898572672678
0.061788122770223476, 0.6047665116232501, 1.1318071458670321e-05
0.05952561761232794, 0.5945056800559264, 9.939192113709993e-06
0.09904790183517295, 0.6899463077872292, 6.935128940904501e-05
0.10334723978610331, 0.7700464448134411, 6.711925653602877e-05
0.08876534193760376, 0.7100886242291611, 4.042144924286094e-05
0.07655865591012354, 0.708682459905792, 2.116593461004553e-05
0.07394459899687886, 0.7981728984318691, 1.4320571759370086e-05
0.10864848462695555, 0.7176853380812617, 9.629459526957798e-05
0.1259571527744478, 0.7004640260221403, 0.00019372010645263136
0.08704221756416497, 0.7985176928270875, 2.9323011937826152e-05
0.09980432524417407, 0.6108102538869165, 9.149775858609213e-05
0.08605320601990529, 0.8128756746923368, 2.6908698014298258e-05
0.1065632515512371, 0.7504784031147174, 8.086532554358243e-05
0.17557658042487584, 0.7380602975135966, 0.000752376442702996
0.12671465373221638, 0.5895934730980762, 0.0002807363594945073
0.08951672758258486, 0.8078114796573911, 3.241338032847149e-05
0.10301146652313686, 0.7263975525252413, 7.43555963056477e-05
0.04499631184879046, 0.8592896774773395, 1.3888813523466413e-06
0.06771319713015504, 0.7339702727555234, 1.1496656705706834e-05
0.12352711188459824, 0.6877767170381178, 0.00018442722122957044
0.10059111370070903, 0.7369300833676895, 6.506922556069067e-05
0.09766953865368483, 0.6412336204797245, 7.548723663121403e-05
0.108114735076323, 0.7371234871469599, 8.932620992287527e-05
0.07885354063448025, 0.8155635781473418, 1.8199670507955222e-05
0.15308368137131417, 0.6453760693512118, 0.000538303658427081
0.08231631478785752, 0.6576465839631876, 3.3815732928417895e-05
0.0854852689297672, 0.6335011289807602, 4.303212103422835e-05
0.13245758191193402, 0.7039366481975353, 0.000239351836560596
0.10712843973854767, 0.617505484129049, 0.00012225462277676587
0.09961876000490219, 0.5695324222666347, 0.00010438304722714253
0.09887496207800438, 0.6830356080499084, 7.021971443416772e-05
0.11803198105374822, 0.711119813915681, 0.00014121440555112157
0.12019825865260052, 0.6535029700684106, 0.00018114349378458127
0.16440513172647758, 0.7285622700898161, 0.000578176145000894
0.11336420791072926, 0.8033776381127036, 9.264471161727248e-05
0.05843545729171279, 0.6297722772654711, 8.165357160889741e-06
0.07935921723698866, 0.7854582284173273, 2.0181254622419915e-05
0.12623302633940242, 0.7989067197335091, 0.00015036090238914205
0.1360090590456689, 0.6637860853999976, 0.0003024183134820003
0.0977306190032466, 0.706334035778887, 6.238504419992842e-05
0.127403353798795, 0.5882146483386432, 0.0002888617332153501
0.11764102748719768, 0.7091843264130642, 0.00013992857109637822
0.11453688137894086, 0.6076384936798568, 0.0001694473953381383
0.13293941172686663, 0.78861535121314, 0.00019378134015837444
0.12172117166697974, 0.5762164262624917, 0.00024626663384584525
0.0337338275562416, 0.7020659161336443, 5.857318615036663e-07
0.15000873107493923, 0.5770209786994216, 0.00061587908438456
0.06787011751389875, 0.6594946194117784, 1.4385641358122285e-05
0.11883779992850949, 0.8174302180057119, 0.00011011963768828256
0.09997279260028927, 0.5573888326315308, 0.00011069535431756884
0.11636378614124782, 0.8019063102069063, 0.00010430788669203952
0.0650337130010869, 0.5310041579755154, 1.838991297027647e-05
0.1269001828866532, 0.7996944863991587, 0.00015358598411071333
0.13940532278875745, 0.6136895258111664, 0.00039436434516020117
0.13331444145656907, 0.6762279926513461, 0.0002668328389360162
0.15009471526063306, 0.6924297130817086, 0.00042876790698416066
0.15465300709595423, 0.6729688644197616, 0.000517788948846069
0.08882252480776011, 0.7425718846128211, 3.706726943346579e-05
0.0930781801628082, 0.6332586634625426, 6.26230628069145e-05
0.07656486444531008, 0.6169458117867297, 2.7938413159232357e-05
0.12454914307509654, 0.709857988287162, 0.00017952387839407404
0.07778137021026102, 0.548613094225838, 3.7869201927080294e-05
0.06408937406261206, 0.6536905727814696, 1.1378368258579897e-05
0.06859630554430607, 0.735456928334532, 1.2122009078861076e-05
0.08236012056133118, 0.7468914548202623, 2.627880425080052e-05
0.05027725012401001, 0.7569461618554759, 2.9165577904818183e-06
0.06075292346706243, 0.6684378719204641, 8.600810894558465e-06
0.07179316687332288, 0.6736609804225913, 1.7654230770868632e-05
0.09031991023042288, 0.7304986108173821, 4.122631301254303e-05
0.0654933320070509, 0.609724974331489, 1.4386829842572064e-05
0.04933970998821243, 0.7030017911150713, 3.112562213416981e-06
0.05259970304515375, 0.8326580612567245, 2.9400790090075606e-06
0.0661580618621708, 0.6678434714835686, 1.2536627797636385e-05
0.09606551715327039, 0.7690057360401737, 4.8798205193770215e-05
0.1124768271409554, 0.583314287830875, 0.00016976107575903995
0.10084901985536252, 0.5944298887710681, 0.00010113931783425728
0.13307764176270817, 0.49358153867787496, 0.0004969474947326147
0.09214896550764025, 0.6747951079848714, 5.276914871230792e-05
0.03575044375127705, 0.6968109801130196, 7.676694328309294e-07
0.10950269894052107, 0.703837503329625, 0.00010363114871894597
0.1270819098990118, 0.7092986099574974, 0.0001964608892778879
0.062301680699198295, 0.5952712021343567, 1.2115326070089298e-05
0.1516835097994006, 0.660600410077613, 0.0004934203350371864
0.07276040135604438, 0.8405852170425323, 1.2026542201947597e-05
0.1774867258629428, 0.583514919743984, 0.001262385014065286
0.10523817023229669, 0.7271125646232185, 8.153143147546631e-05
0.12575319027301007, 0.7169169293955778, 0.00018361657246214564
0.08448292016837547, 0.7226835754346905, 3.139444157399619e-05
0.12345491719052834, 0.8201052144137914, 0.00012937896649679875
0.15058514377377027, 0.8935302742994836, 0.00026120934887936614
0.08509048799294551, 0.6309990973846392, 4.249960407363479e-05
0.08490114530487791, 0.7813218339758332, 2.744894079502006e-05
0.0915974151328127, 0.6288188123607423, 5.9183549035846415e-05
0.1762991236413612, 0.8644413804219817, 0.0005584643773276
0.10401785216823663, 0.6422269092016213, 9.928041425165612e-05
0.07466342302634096, 0.6969619842344409, 1.959848326781718e-05
0.08931917917813341, 0.717351542114026, 4.070601678570033e-05
0.14266779849403455, 0.6959225797237347, 0.0003395300866720334
0.07261877972495473, 0.7576477888018474, 1.467731256422601e-05
0.08417906200888044, 0.8313784684746431, 2.3348893985924247e-05
0.1250946361112057, 0.6601502041161399, 0.0002116072781889647
0.08800402390422729, 0.7777205672910645, 3.2443661530822486e-05
0.1076300604124875, 0.5872212332252617, 0.00013799716531078148
0.11414108714238975, 0.7103414552174705, 0.00012211707587442272
0.0974455738737342, 0.7258028610274371, 5.832864166629751e-05
0.08466692495917863, 0.5972199599709177, 4.6412817260110235e-05
0.07088400621051777, 0.7579198722570804, 1.3186563502409489e-05
0.05893816436437554, 0.8048362001708069, 5.1915370490455265e-06
0.07848862327343663, 0.7960354225727424, 1.871762059593245e-05
0.0725252371821572, 0.652296635194985, 1.9689192939202508e-05
0.08319105960162734, 0.6223258611086854, 3.956102048163052e-05
0.06494081463093121, 0.7735786323608294, 8.610631197171135e-06
0.11308459529055082, 0.7938366663778192, 9.385961308932376e-05
0.06312156124771748, 0.6698184442370276, 1.0135232465622691e-05
0.08487246521668901, 0.6766686103247314, 3.6541622799612834e-05
0.11387977886795575, 0.6765402227282447, 0.00013327348664725442
0.07965261127590517, 0.8362654619808836, 1.809496114516385e-05
0.09690786312612064, 0.7684893154043432, 5.0777335221644793e-05
0.07529782046147938, 0.6653622759080077, 2.23198942805113e-05
0.11701775689829957, 0.8114561954278203, 0.0001044103422758097
0.12783487029183233, 0.7285063257104456, 0.0001911420842462392
0.1162619246276539, 0.7061431192498576, 0.00013400020705377428
0.08086633241687796, 0.5946829757254006, 3.8244850784692454e-05
0.083116181940117, 0.6046068526571302, 4.1748064045253856e-05
0.0714281349517695, 0.6737025693753852, 1.7260543071491532e-05
0.09683578088142661, 0.8427718541805785, 4.208270334013116e-05
0.07382859658270163, 0.5952478439359913, 2.5571637071543583e-05
0.1362823095074102, 0.7573124220186787, 0.00023439560749983278
0.11710670893113931, 0.7612729930654359, 0.00011902682960341484
0.146327818222456, 0.6914642741468908, 0.0003844720312854829
0.05166795018001858, 0.7204816680489906, 3.629889865937375e-06
0.058978550063078033, 0.7790144358498442, 5.558132412707751e-06
0.1172167919984062, 0.745240742681064, 0.00012471766615464777
0.09267929975209534, 0.7199301502372553, 4.7545481053990675e-05
0.10611668370740926, 0.608958902667949, 0.00012056967038882474
0.14161166782964155, 0.6745808066430072, 0.00034973065584717293
0.1394886265265812, 0.6706825159927958, 0.00033105689589095407
0.109007771844148, 0.5662456142984975, 0.00015695278631013297
0.09195788479950444, 0.7828524877451273, 3.885058001215072e-05
0.15471602504889276, 0.589945090770467, 0.0006749910740161619
0.059798393558221856, 0.6367680995668545, 8.839692870422542e-06
0.07544547312478347, 0.8391656405761837, 1.4153261478167372e-05
0.05575647009680031, 0.6894851422937629, 5.541345969638866e-06
0.11813040155007014, 0.685488449143613, 0.0001525306102905878
0.0791647406846334, 0.6975894757219239, 2.5310804461443027e-05
0.10630342962753643, 0.6754707343917155, 9.875539664995163e-05
0.13491690724963645, 0.7227011358074937, 0.00024622972609932893
0.1592206874995115, 0.5948366401775901, 0.0007533004909830739
0.14285340125238252, 0.6233096916074417, 0.00042567359614979224
0.0843678722533718, 0.6904057384769494, 3.4192931506080896e-05
0.04252794460511983, 0.7205713658134589, 1.5409169368502989e-06
0.1009475347976149, 0.6236999556564612, 9.226471158184981e-05
0.07165010858591714, 0.6658238131242946, 1.7914364344713594e-05
0.11895127288128962, 0.6659497902001071, 0.0001666122528031305
0.04388199656891809, 0.5811274545820391, 2.71946314911736e-06
0.12358777585580422, 0.7328628991583309, 0.00016278436782875402
0.07553333770357679, 0.7145305161047067, 1.962160408823053e-05
0.1074037045057771, 0.8674728028939094, 6.26525728986111e-05
0.10081652858063996, 0.6616541939404257, 8.151610323566792e-05
0.14517795930537636, 0.8265758461649302, 0.0002598744008987556
0.13773150038248172, 0.8164896306906767, 0.0002112569353543001
0.10705540413558984, 0.5932989041586674, 0.00013203729666354884
0.04824590228918061, 0.9134528123760733, 1.6703964853215062e-06
0.10132842059687983, 0.7216426496303484, 7.007112901407765e-05
0.0877813427491845, 0.710720566010662, 3.841827832917569e-05
0.10678244860466257, 0.701346073599927, 9.34330677705527e-05
0.07660499279308536, 0.5845335243402847, 3.119451111884313e-05
0.09642634269094137, 0.7560071395041168, 5.133046056902427e-05
0.08394603911212574, 0.6614626056729611, 3.6438141956377614e-05
0.07843262471725897, 0.5692152530142847, 3.649207285677007e-05
0.11565424270360275, 0.6076169483269522, 0.0001768548781268452
0.0952724294014951, 0.6675289298385352, 6.24426847122912e-05
0.09091262791436092, 0.6898889753402845, 4.757228572421215e-05
0.13642934524743738, 0.5623713506531202, 0.00042708450843351013
0.08702995520315554, 0.7569531894247702, 3.261147142624051e-05
0.08516616807401262, 0.7440441493916404, 3.068624561578715e-05
0.06733300179646165, 0.49611019055369465, 2.4547806831213627e-05
0.11135837411127288, 0.6084449520447418, 0.00014931518977044498
0.08680692541583568, 0.6224776007930551, 4.768235398129035e-05
0.13413561515279337, 0.6680623345401343, 0.00028088334388733116
0.08186360834134701, 0.6585516807739404, 3.291440879670982e-05
0.10526890025868968, 0.6204142203583729, 0.00011213024932766786
0.10423324836775759, 0.9105618651009875, 4.983960371376117e-05
0.05099834080328703, 0.7756084398659713, 2.9575183693075777e-06
0.0998409663447689, 0.6823605227906093, 7.343392205866687e-05
0.06915591709098821, 0.8206882145818883, 1.0089243909462451e-05
0.07281942374894979, 0.5033553245354364, 3.36592480607503e-05
0.0922979499939879, 0.7553114662541147, 4.241883963927054e-05
0.1255295778034396, 0.6267214486116889, 0.0002383962836437583
0.10292331109276986, 0.9027008956553517, 4.796656812120214e-05
0.06995648530916732, 0.7872396440671131, 1.1534402569693625e-05
0.1455673772597382, 0.7026409495271401, 0.0003638989778122695
0.04697539209740384, 0.6027382485633862, 3.4114437453452517e-06
0.095202219979639, 0.7108460126208547, 5.488604869235119e-05
0.07728213341593587, 0.6060076866875206, 3.0168775444653232e-05
0.06485303237280413, 0.6574696667457414, 1.1849709954468764e-05
0.08822465795695317, 0.7035133235900816, 4.008825663696953e-05
0.131037264428233, 0.5948762856934745, 0.0003196316551190748
0.06002192149326169, 0.6427448458960207, 8.819667796589309e-06
0.10807025047320513, 0.6987436954842167, 9.92286739297522e-05
0.06902921466090145, 0.5812572005444764, 1.995143364888296e-05
0.07137513158626807, 0.6885963563151996, 1.646807790720195e-05
0.09260041614507537, 0.7316336024280338, 4.586438126695664e-05
0.13224264949644465, 0.7572307975695017, 0.00020537337636711715
0.060356945015386534, 0.7294755248481609, 7.016884784131e-06
0.09285192592463061, 0.6492624074062856, 5.8939359653268124e-05
0.13439130474529348, 0.8389582906470463, 0.0001796049518307447
0.08368343677463484, 0.7263246610251436, 2.9806992023441185e-05
0.04593984737737982, 0.7828131387987983, 1.8335117434096402e-06
0.09333633528593668, 0.6441234198160556, 6.127043938787658e-05
0.10859621913986482, 0.6870652885858506, 0.00010484665613779959
0.0977812275292906, 0.6913887979731171, 6.52597421865729e-05
0.07879685056447866, 0.6782993182900077, 2.622781536518984e-05
0.0948750715843225, 0.5809483541685164, 8.093943318251372e-05
0.08572010324471961, 0.5900896748460245, 5.019884004266101e-05
0.07639881035106152, 0.7205527188920606, 2.0286886382222617e-05
0.13099117722017395, 0.6256903414761522, 0.0002884775319699745
0.11466819885494921, 0.687269157327586, 0.00013312552950059866
0.06815871194346107, 0.6258682500546154, 1.6273992221422597e-05
0.10343053128943579, 0.7714467602388815, 6.711328586083628e-05
0.07617069042491723, 0.7874607364251356, 1.6763890106404533e-05
0.10601017051638845, 0.7245961346186537, 8.478187494282834e-05
0.12492749592611017, 0.659622682204059, 0.00021070269410848705
0.10225875861737187, 0.6671301541129818, 8.535461866867926e-05
0.11556618393673089, 0.7156000878278571, 0.0001270809718047485
0.10362870363020846, 0.5995389094133018, 0.00011205814711916619
0.10894318788566686, 0.7802037523263332, 8.24575025999968e-05
0.11456053117902155, 0.7640148655207664, 0.0001072794063516329
0.12031647741521817, 0.6457187206075798, 0.00018634151344076082
0.05879546608633223, 0.4910464685959453, 1.3798554643542827e-05
0.06266248098580884, 0.6312899784921934, 1.1049470953494939e-05
0.09380218114552372, 0.7491610757954146, 4.6296953145694836e-05
0.08836054854473226, 0.7469154813785488, 3.580634149503293e-05
0.11860664012986638, 0.6388682081360754, 0.00017874049584555446
0.1017155087490761, 0.6656772771622849, 8.374174467506353e-05
0.08952170509136687, 0.6625451377740321, 4.8196963179228585e-05
0.06470359380602386, 0.7399383818092278, 9.261040003977583e-06
0.1237890786814926, 0.7215436193177691, 0.0001691386932302125
0.06875082277566807, 0.7044500889904105, 1.3344066581434108e-05
0.1185128935703869, 0.6352476586946316, 0.00018015586245323577
0.08916526926782863, 0.5661870492154919, 6.484958878162807e-05
0.11207599355949623, 0.7286849419215198, 0.00010708822902355669
0.09381479393227098, 0.8011042028688964, 4.051181717925147e-05
0.0729375835863279, 0.7535412276879541, 1.5126480544552278e-05
0.0732923639151903, 0.6420544494669926, 2.1285339723493284e-05
0.061597461785991674, 0.5998761715752284, 1.1347993248067903e-05
0.10599466623218029, 0.6834151133624161, 9.524592212813814e-05
0.10272635478812635, 0.6979735332747554, 7.955880458288828e-05
0.09741351429518415, 0.6361765305842337, 7.581150878091686e-05
0.08245255721245393, 0.6448626650953816, 3.542661026074141e-05
0.06158763901028226, 0.8572678214181231, 5.552703666790899e-06
0.06946271663596543, 0.7087030307347644, 1.3795742506126405e-05
0.10505058492643916, 0.7456823306385169, 7.691507751040964e-05
0.15981589981182082, 0.5620818637113247, 0.0008576195713968337
0.08613012507609491, 0.6259180040017693, 4.55631091690335e-05
0.10327972702433226, 0.6328892129443692, 9.90779171447782e-05
0.10782999369168786, 0.7713980180375372, 8.062375306455508e-05
0.09382344649474433, 0.8026944154011126, 4.036783851781633e-05
0.13204884811375162, 0.6785286973185866, 0.00025413341477352355
0.055913507334546565, 0.6416351630797639, 6.478332295531065e-06
0.10986524608877728, 0.6876958864899307, 0.00011014340758100914
0.08260021610281831, 0.6483183253562184, 3.5326979769831e-05
0.10892798862646266, 0.6344436227380224, 0.00012462166684631306
0.10459510725818671, 0.6982316813398786, 8.606306772361336e-05
0.037574905055852204, 0.744380526190243, 8.373877732322744e-07
0.08620539228695852, 0.7536136348308764, 3.155149232442455e-05
0.11748990593507698, 0.7782929999010122, 0.00011552662744973664
0.08476804401555915, 0.6687277729254713, 3.7212486486506565e-05
0.10855999405127759, 0.9064806817952019, 6.014450549523101e-05
0.09123886405234088, 0.6152020483632417, 6.077455359769409e-05
0.08820314187251395, 0.758825520317229, 3.4420080676958514e-05
0.028957486040926225, 0.7411513708636441, 2.6847251397619994e-07
0.0955358010597264, 0.6323391344897733, 7.043634855530167e-05
0.13067541023671214, 0.7521005536782494, 0.00019754548944952204
0.1252185713098256, 0.5980392944222062, 0.0002589696867439537
0.0659839259345201, 0.6656199005634114, 1.2475017660256527e-05
0.13369449517550727, 0.7383187578314145, 0.00022666142018848412
0.0826984685823028, 0.805893901154236, 2.2982592411815487e-05
0.029581307241125954, 0.6485434609584865, 3.850916670260991e-07
0.08879523682954096, 0.607307023585457, 5.534314522130727e-05
0.1742043852833195, 0.6991664146944451, 0.0008099621928817299
0.07781720072422194, 0.6436526536363337, 2.7567375825122737e-05
0.0900173626618066, 0.6576557362216227, 5.0119222503591546e-05
0.1305042540088312, 0.7626381245210518, 0.00019101937264426105
0.12852768709563014, 0.7894608266965915, 0.0001666825643191086
0.11178029616989418, 0.7775373794150433, 9.296735398791882e-05
0.11886452552305467, 0.6953397357005601, 0.00015233572002848998
0.101415968125665, 0.7482703294954156, 6.542093503070329e-05
0.09975866494301175, 0.7521094370776685, 6.022635587687191e-05
0.13052570192235072, 0.6454881067883332, 0.000266840639063458
0.102827398697479, 0.7623511393620758, 6.697839347704784e-05
0.09919971874514828, 0.6812111413742519, 7.162231462989558e-05
0.09751335610421168, 0.6930624813933536, 6.41657352873791e-05
0.14161925458320695, 0.6505307665205019, 0.00037615631137438265
0.11542308922314426, 0.7666754400449376, 0.00011011098490535
0.11841017051112078, 0.7065169184788033, 0.00014508830049564248
0.11096164067121919, 0.7893171291041914, 8.734206748904553e-05
0.06429308143077789, 0.647009896302437, 1.1777868766428862e-05
0.13529733809973582, 0.685749219310021, 0.00027689044099111614
0.0758477249450933, 0.6950129161150609, 2.1121628705725088e-05
0.07915985797647832, 0.5712546441312892, 3.773361704328322e-05
0.14699915914750356, 0.6196024162066819, 0.0004885680177682107
0.09087213925420241, 0.659621820682963, 5.193632051286846e-05
0.1062797332988953, 0.6166209262881147, 0.00011838900880098343
0.10071923491718249, 0.81206672195393, 5.388614426240446e-05
0.12583527664694724, 0.735527146701236, 0.0001749440115711205
0.1218597107579246, 0.71309229904606, 0.00016160657769896992
0.09115763827269364, 0.6938110905183408, 4.75962686454683e-05
0.14738045288032287, 0.7164354650954982, 0.0003696130071801103
0.1287783592185094, 0.6407720168811742, 0.00025519227685118266
0.10758122029957519, 0.828268803048726, 6.922512373226509e-05
0.050080103483760526, 0.603807539475341, 4.5050103334300956e-06
0.1097935133806539, 0.5925174970524671, 0.0001479452212670933
0.14068406662291816, 0.7810259639412288, 0.0002534618344329054
0.10775232502215787, 0.8137976193036444, 7.22121584878664e-05
0.0747719129474931, 0.7598746483773956, 1.6593245918017827e-05
0.11661350797898823, 0.6617703389005298, 0.0001546130992000242
0.08879124509990442, 0.7421014087917436, 3.705680973126774e-05
0.057959187112846276, 0.7268435794050335, 5.913192776613254e-06
0.0754701011985411, 0.7179778179915629, 1.9362148455441844e-05
0.1084696991855646, 0.7663597007324761, 8.384124062585427e-05
0.14589098055690836, 0.6878643043801942, 0.0003834294807427388
0.12356759448772997, 0.6294447491184009, 0.00022051131196019317
0.1301168534082818, 0.6396551179617472, 0.00026800430420798337
0.07332505075694377, 0.7476725323749545, 1.572727508404045e-05
0.05911685637312425, 0.7140968476361984, 6.683154866392341e-06
0.07447822921328132, 0.7729154210056199, 1.576271628988275e-05
0.1229465015579354, 0.5873087917037009, 0.0002477331157231418
0.09838166632248661, 0.5267246987791384, 0.0001155103490310765
0.13010295915024023, 0.6881369786777116, 0.0002314619846086349
0.11380439735722081, 0.6016724252425376, 0.0001680140000485384
0.10396951392051856, 0.6196502049735528, 0.00010642879900347915
0.04825842158882042, 0.7602202039404339, 2.414397540572312e-06
0.022187245845378636, 0.7658670530910405, 7.789580391546564e-08
0.116027714189433, 0.6589288181717642, 0.00015253184873614738
0.12220568331432338, 0.8016143819124281, 0.0001294902510439485
0.06023808778593926, 0.6994986138532041, 7.565286154086019e-06
0.08159078171245385, 0.6237449958013311, 3.615534935426982e-05
0.12596607930394024, 0.7419246024762014, 0.00017272780145818906
0.14491573961848878, 0.7205125752765192, 0.0003393057511830653
0.058977190123855466, 0.6856167221163577, 7.174853451522834e-06
0.07824188605626528, 0.7872706333067743, 1.8873426798728382e-05
0.0815926710846638, 0.6799508149952342, 3.0428179056585427e-05
0.09653830548446499, 0.7271221778273843, 5.57737273403675e-05
0.040137100234283435, 0.5775587775269386, 1.8594131131945933e-06
0.09755751684975794, 0.46893515012318066, 0.00014043894798076228
0.09034005252563335, 0.6494529449988604, 5.220883550397445e-05
0.1121603692453241, 0.6675624458661716, 0.00012801934368360284
0.1144169769034882, 0.6564805557879808, 0.00014450411849717328
0.0995072760889008, 0.6324876259389499, 8.422152826190693e-05
0.07900284046084195, 0.5937066849825114, 3.462979544318995e-05
0.11776763653603999, 0.7307956663192099, 0.00013240006296344483
0.05188738907461406, 0.8045986855829239, 2.965372519399969e-06
0.08813049576763668, 0.7861353165668936, 3.195410228436335e-05
0.1400309371441059, 0.6645252349424207, 0.0003430271705679773
0.10659894965915633, 0.5983065117112031, 0.0001274181544299272
0.1375846983846976, 0.7512537522143174, 0.000248371172592171
0.11544844413498992, 0.7443808875560508, 0.00011691844777483492
0.07472753779926061, 0.6855758051051152, 2.0331522113943746e-05
0.0817950566263375, 0.6272261497585715, 3.6150693840564225e-05
0.12050399560380029, 0.8852205513836534, 9.9831889031615e-05
0.10003268394657168, 0.7657485153013931, 5.880551047729427e-05
0.1229614801149438, 0.8014210816758711, 0.00013311540990906972
0.11513361380339134, 0.6398699796365506, 0.0001563406190662684
0.13253922307493976, 0.7497045970048839, 0.00021159285553701276
0.16014260801538627, 0.8125866591774081, 0.0004140538888179341
0.08542664945542891, 0.7061513316420907, 3.4528775239862125e-05
0.0956917261734898, 0.8566158841211373, 3.8658140632429375e-05
0.08263134608054436, 0.687404749766821, 3.1475894503213185e-05
0.07577500852959362, 0.7559683572056582, 1.7777596117670298e-05
0.11793324976762318, 0.6407897271497759, 0.0001732743931819801
0.12170334687970791, 0.6546568942412864, 0.0001906643514941392
0.042102387490156754, 0.7690776199870989, 1.2941217467638684e-06
0.0886624524975655, 0.5325210802252878, 7.150676738278811e-05
0.1065708517507784, 0.6934350016646496, 9.474657087588114e-05
0.09444297013177326, 0.7321399039695533, 4.9948694636334933e-05
0.08229806870818342, 0.6650982230840492, 3.303001374445228e-05
0.04734993336526126, 0.6081980206503347, 3.46961374638135e-06
0.06299326072590361, 0.7189577578460861, 8.718728253069533e-06
0.10702014042862687, 0.5671992987820615, 0.00014425896075837195
0.13093380947169173, 0.545140103163228, 0.0003792953944391781
0.12496271374995795, 0.7128818459575188, 0.00018061955075888197
0.11359604796729338, 0.7233672464932529, 0.000115304536698386
0.14418697327837848, 0.6246219974823177, 0.00044157640463128866
0.06928709412844869, 0.5713127663283245, 2.0993670134213675e-05
0.09755315818215426, 0.5749647262943245, 9.339967437647138e-05
0.1021012485451274, 0.6098888940345617, 0.00010143809388191674
0.10390023767221529, 0.773129259171727, 6.816704351241558e-05
0.14338546337742447, 0.698088783185736, 0.0003449587168536337
0.11979994072461841, 0.6617349458143721, 0.0001741032230230306
0.11533278146209272, 0.5065444026827393, 0.00025137554537025414
0.13332820715273533, 0.76391379181691, 0.00020918674775514511
0.10218371579429329, 0.7420621461715967, 6.876457806043077e-05
0.024547417976634678, 0.6228309885035378, 1.837600369024231e-07
0.10382205039279806, 0.8054405494853761, 6.259983141768916e-05
0.11990492320710566, 0.7854768992627825, 0.00012404576170317458
0.06787436766623259, 0.797435666626101, 9.841925871907908e-06
0.09637637111650672, 0.8184379827778719, 4.369833111289601e-05
0.060190704533352124, 0.8010362567489296, 5.748983041311189e-06
0.12287959202197937, 0.6690905917121819, 0.00019041756101389532
0.05616417286786241, 0.7854278442667254, 4.409349530085161e-06
0.08648132186914857, 0.6454286702428813, 4.3624212024070794e-05
0.0986460861366182, 0.8898541731357659, 4.095242215827394e-05
0.12229443839011844, 0.605858140229208, 0.00022741207090037078
0.1562564209414102, 0.827160239465238, 0.00035865198251358723
0.1299755694264998, 0.6677842821720184, 0.00024472882114950694
0.0862649468882969, 0.6897183049541984, 3.778275076558389e-05
0.09405442445602955, 0.6796159487994992, 5.692556973175843e-05
0.1633832507413494, 0.6539775361742114, 0.0006981574545066998
0.16122482937339416, 0.7705099282089675, 0.0004743620020061024
0.11991140041410957, 0.6749816049918833, 0.00016802275931524998
0.07875042316553424, 0.7394824675737848, 2.2010143633548124e-05
0.022625784357610784, 0.7578533057042453, 8.670649493026673e-08
0.11442066860804938, 0.5097105832059117, 0.00023973879183892657
0.11198812530633528, 0.6875873711561966, 0.00011985793810005045
0.10488405873314686, 0.6440676262618257, 0.00010238225507069635
0.1158508977017055, 0.6935059795485039, 0.0001367800795588097
0.10171382512616539, 0.6575107719090793, 8.58286132486137e-05
0.12894482924407386, 0.5733175202437337, 0.00032059206410454646
0.0813043052726977, 0.6294234703586508, 3.49606598528776e-05
0.1323114621992939, 0.7575788969289604, 0.0002056548819355677
0.10540753149419538, 0.6895388127175175, 9.130271502784841e-05
0.0778585556298273, 0.7299331970359378, 2.1485604348651013e-05
0.1564651628796915, 0.6656099242626902, 0.0005571395750641786
0.13961155206216155, 0.7329683290515057, 0.0002782591414306725
0.08347686095576298, 0.6386017082550883, 3.8141399774230334e-05
0.06443422039739383, 0.6699640939440815, 1.1091129751785133e-05
0.07542304198616238, 0.7236283630825842, 1.900870501060291e-05
0.09574635497464123, 0.6921383485311433, 5.9363291115356004e-05
0.09248103032670629, 0.6134142683971021, 6.487686441973588e-05
0.14816598707747428, 0.809727472359873, 0.00029619766503081194
0.1330410272945559, 0.647691542143214, 0.00028824782567967767
0.14059879534048741, 0.7613845513621965, 0.00026599704634296155
0.07938472717331871, 0.7258804496505623, 2.3663463302596557e-05
0.08257858944010228, 0.5738811368015504, 4.50338235943152e-05
0.03609800062657445, 0.5896937069475314, 1.1185071449142476e-06
0.11542329669009484, 0.6471658959794296, 0.00015453467329040196
0.1547254862236816, 0.6942614283329742, 0.00048751949742589437
0.03905759356952222, 0.6902677638316249, 1.1546087211437657e-06
0.1010750214366761, 0.6581089432100375, 8.333035217208952e-05
0.07963097900794952, 0.7604504846877748, 2.1856723464271616e-05
0.09273265248377624, 0.7536184268078998, 4.3499742042532365e-05
0.09109166303989552, 0.7804364891835882, 3.7497018773410835e-05
0.08926270518000226, 0.7149802193750543, 4.0862603979807705e-05
0.11122541158545853, 0.8893590501602444, 6.951993127591791e-05
0.11546495000157843, 0.7808255585802246, 0.00010632578850433566
0.10291411575049095, 0.744162801280472, 7.055369274280279e-05
0.13703712727505088, 0.7531137955815956, 0.00024284712861084095
0.07562124383758738, 0.7392624330091516, 1.8424741993203555e-05
0.07497396039097672, 0.6319784241867805, 2.4275455319768526e-05
0.09211940960036265, 0.6757225722567266, 5.2550165213144973e-05
0.1219840058457894, 0.7246212964946319, 0.00015720864717554928
0.13564252934171805, 0.6895287695047316, 0.0002769510300321896
0.1088802688392562, 0.6694822250591876, 0.0001117028380135846
0.13842740915658122, 0.557622478160501, 0.000463086959476586
0.1339712108283487, 0.6103352579590506, 0.00033471833464949406
0.09723628770430497, 0.6719247548459935, 6.741700294545743e-05
0.06066074676390507, 0.6679682664190529, 8.555558127257212e-06
0.0550335121019501, 0.772963903835712, 4.163008320486717e-06
0.08409066070573626, 0.5807910636017409, 4.762294089971375e-05
0.07442070084268837, 0.66488988095509, 2.1228483710427673e-05
0.13867287399391479, 0.7192399221653571, 0.00028053108958089857
0.14859746375038668, 0.6422068776579977, 0.0004769426267620574
0.09327856891358821, 0.6849735344956173, 5.403293532708446e-05
0.13105213813593952, 0.649222816619681, 0.00026849267152661047
0.13374491858752183, 0.7886376260191527, 0.00019898987962800734
0.10921881053526618, 0.6323224226456702, 0.00012693970332444042
0.10237959511330069, 0.645520385605055, 9.163997608029245e-05
0.1047915272960083, 0.7811392020420683, 6.93336682279685e-05
0.10866786566577014, 0.527188040675491, 0.00017859932019287936
0.0997101096979339, 0.7086856655083881, 6.768790212687695e-05
0.10774814060756129, 0.5754584251489376, 0.0001443913053315843
0.06502710769085082, 0.7148527084428532, 1.014257642620272e-05
0.132470076616866, 0.5548855561458652, 0.00038536948430069177
0.05464577112291506, 0.6906293723326796, 5.055040810502668e-06
0.14661371086317823, 0.7637698991197437, 0.00031784032713573984
0.11401827627014909, 0.7197889264144299, 0.00011837043613782881
0.09188634833127575, 0.869924702338868, 3.1355009572659045e-05
0.09269742026780972, 0.5471432232745819, 8.238753316564016e-05
0.05753404348207721, 0.6125731957508048, 8.059710933627672e-06
0.12437772863224826, 0.7886833382292772, 0.00014455332970340082
0.1350124783328253, 0.661909849035121, 0.0002944512564155653
0.07038111427098093, 0.7407004540941955, 1.3380972672827916e-05
0.1633306650547111, 0.6115721639599926, 0.0007972022044852479
0.06272208180334865, 0.5534145421883241, 1.4438258301746631e-05
0.09899484381022756, 0.7250478201623174, 6.265098793448867e-05
0.04986461767188831, 0.6282558813812967, 4.083003411130038e-06
0.14976507053836036, 0.6199868432572871, 0.0005296723542493491
0.0777552351189071, 0.8308133457718262, 1.6488053199190013e-05
0.1088358590510877, 0.7835002109288393, 8.141126511093575e-05
0.13597104974685154, 0.5656386326280427, 0.00041596055761474886
0.09205027614445035, 0.6548577639228627, 5.5767651595030383e-05
0.07539336310380967, 0.6986337479914015, 2.035787710448954e-05
0.08363531486089942, 0.6706873498423539, 3.486906728423108e-05
0.09124263894680759, 0.838572152478892, 3.271564674729132e-05
0.08352473718168575, 0.8090475226457129, 2.3823433341067526e-05
0.10875886591445554, 0.6729402038005473, 0.00011001641675555297
0.1195475335453028, 0.7062829938817471, 0.00015142135498465384
0.08234457942775944, 0.7901166908107919, 2.3462673336460773e-05
0.10620887177944895, 0.5352530956394139, 0.00015665888164469532
0.1216658179403154, 0.6089886131357884, 0.00022003375244802285
0.0848615553465414, 0.6483672618467421, 3.977883735249869e-05
0.12877180226216284, 0.610486872145491, 0.0002810765693272811
0.047450271222816795, 0.736409639137102, 2.388785996309167e-06
0.07207368264663921, 0.7420263298550704, 1.4802831755799843e-05
0.08253474547151873, 0.706360447605538, 2.9656175470404244e-05
0.14525978631661823, 0.7722533369546516, 0.0002984599584224341
0.08326697438276368, 0.7947074865886307, 2.4357434269242837e-05
0.12969377472636232, 0.7336875422013488, 0.00020081113073786258
0.08963331051193271, 0.6741452445681259, 4.680847248549901e-05
0.11584206408334147, 0.7415358712904919, 0.0001195950574353606
0.06927576096139533, 0.7097384022779881, 1.3593366615869814e-05
0.024372244495836887, 0.8261081181507381, 1.0121209918421128e-07
0.07400275454269753, 0.684998872879102, 1.951088095715503e-05
0.07330770537211242, 0.7580714267325102, 1.5282837498822615e-05
0.08372972416285901, 0.6564662489209121, 3.657729611796307e-05
0.07651002347754736, 0.8505798587362636, 1.4651982214838078e-05
0.103285535322966, 0.6441180758538715, 9.567726325877849e-05
0.07632051120105235, 0.7621420616674136, 1.8051596902612197e-05
0.08145351276511294, 0.7139024401261903, 2.7396265444003166e-05
0.14108272223512486, 0.645408506786512, 0.0003758212931386459
0.05245516873829158, 0.6659813176575119, 4.5405689335712145e-06
0.11479933942943843, 0.7793440405339467, 0.00010404968540536729
0.11078418444767622, 0.6525981363801776, 0.00012687510197273872
0.1029280707953169, 0.7058183303109927, 7.847456110491689e-05
0.10942596052707503, 0.6918754954059052, 0.00010691524011509388
0.03176946783420738, 0.7218220241494664, 4.255488050440536e-07
0.11911039174406082, 0.7079639256829077, 0.000148293499090927
0.101531596053585, 0.6639445333516559, 8.351176000314117e-05
0.05604351629746145, 0.7748656109240151, 4.487709929809717e-06
0.0801923351110757, 0.6098010917771666, 3.505694644603361e-05
0.07922562677202889, 0.6528440735785495, 2.8997193943359687e-05
0.10439179887311877, 0.6928989736329743, 8.664791946066905e-05
0.08892445028078212, 0.5672809890610114, 6.383555963010262e-05
0.04524028107107097, 0.6588740848697624, 2.4192031579225916e-06
0.056342092519756706, 0.846123243689115, 3.852686974470399e-06
0.08409997204082253, 0.7525878813223085, 2.8376132401510353e-05
0.0962186264990832, 0.7931616836340252, 4.619369675259545e-05
0.11729545083368728, 0.8211129456154332, 0.00010303795758259625
0.06650124926362139, 0.7685659913257696, 9.683998367827403e-06
0.10193099523630195, 0.7491268144055911, 6.674254703560969e-05
0.12368637067180654, 0.7053468059933611, 0.0001763504662668467
0.11366064313422938, 0.6071043171868309, 0.00016410572601261315
0.0515555137030625, 0.6102983068225746, 5.010627165204953e-06
0.08726538052612559, 0.8093908425352031, 2.8863837182704374e-05
0.08960882909469313, 0.7042936147782098, 4.283531116222244e-05
0.07523108662660982, 0.6214768820559546, 2.5483801498604556e-05
0.0898472826033569, 0.6776620824017362, 4.681244125271255e-05
0.06719681962974201, 0.6633475635251909, 1.3608742072278748e-05
0.15417041239632762, 0.6851565080295511, 0.0004927094281062257
0.0843888132616422, 0.7026064878145134, 3.305179540239646e-05
0.13966129225612672, 0.6013442926576642, 0.0004140513045444055
0.08477459059674881, 0.6370420263013925, 4.102029825360349e-05
0.12278322992528218, 0.6849202451783813, 0.00018109135840791907
0.07132613697228585, 0.7146984289946651, 1.5241037668567035e-05
0.15798046407014243, 0.8801902352448535, 0.0003324051162859933
0.11015331854588373, 0.7462202438117306, 9.462833966858605e-05
0.0813232879215468, 0.7087617446968223, 2.76001249035686e-05
0.12804714486406982, 0.4669126378220253, 0.000468729401129263
0.09891105822944557, 0.6421444275336966, 7.957521000275004e-05
0.040560866598683284, 0.598527417784888, 1.8132996972720667e-06
0.0845296177285828, 0.6872993663279403, 3.479470765483325e-05
0.09410708497492845, 0.6445160109355917, 6.345073963037653e-05
0.08331006593148972, 0.8118877821556914, 2.3390676861389994e-05
0.10125094278287608, 0.7094988917641171, 7.22467620447762e-05
0.08709788692203645, 0.7251865169607319, 3.5653320055933524e-05
0.16086182684470526, 0.6865824529133498, 0.0005915257868624283
0.051116984215615044, 0.7206562569830597, 3.460959819274447e-06
0.09875846049686235, 0.720724876138846, 6.274134757948135e-05
0.1125169246795628, 0.79341517536342, 9.190167921662857e-05
0.0607021733439264, 0.7792486773994356, 6.305396595868988e-06
0.09358498559056173, 0.7638023624564816, 4.408705457221795e-05
0.0857638537414969, 0.7150286045871034, 3.426556759770934e-05
0.11123485075346211, 0.6169489206090447, 0.0001445197947074316
0.1194593359065198, 0.7212409222743301, 0.00014473501146576318
0.07288062546587491, 0.5881091088564352, 2.4748181139989646e-05
0.0898132836433211, 0.8492278867930088, 2.9758835470933974e-05
0.0412309129603351, 0.6475663542198853, 1.6648623463172796e-06
0.116062107767076, 0.7785382130362756, 0.0001094067265519166
0.08808354311856587, 0.7209397593224532, 3.790573789834632e-05
0.11152618640224933, 0.7223587085532496, 0.00010663952936889404
0.04997977012391324, 0.7023097566357436, 3.300678410700894e-06
0.10321082417694362, 0.6651494828923336, 8.943725558075023e-05
0.1032930614418118, 0.6879393932394327, 8.390321385166865e-05
0.11865460055527195, 0.5356689186664849, 0.0002546977805889993
0.10884327188903394, 0.6902184614640254, 0.0001049348494124
0.151380155615635, 0.6798815295297564, 0.00046174561506770917
0.1450898282724435, 0.6844860201745003, 0.0003779543823144714
0.09209580164646981, 0.6847215309564819, 5.112027618796973e-05
0.0746321619839443, 0.7274806240646408, 1.7955501333182694e-05
0.08297430165330365, 0.811136957253064, 2.3021275619889293e-05
0.11492097965218068, 0.663283066717307, 0.0001443195223113079
0.12373700963088928, 0.6123911941163154, 0.00023437232804501276
0.13633265705032205, 0.6759571912663344, 0.00029469113205704924
0.11368528651988079, 0.6735664013959243, 0.00013344546294196479
0.09388574594319328, 0.6684458702167824, 5.838105211663604e-05
0.09690379416711113, 0.6626412578840103, 6.828233928460721e-05
0.1501885256907401, 0.6509636931950648, 0.0004864677802194926
0.11166610018890195, 0.724194718845213, 0.00010668641619796399
0.08685489661261941, 0.6689437766045051, 4.138868377758898e-05
0.045237341013591406, 0.6743145794536886, 2.309021117032939e-06
0.09105675622012516, 0.7117049434362833, 4.501316003788124e-05
0.0918447076571677, 0.6292650914915813, 5.980490657149305e-05
0.1414124446709627, 0.8750802371804054, 0.0002065454909152135
0.10975196245607718, 0.8299785162855129, 7.527422470156485e-05
0.06715098689679092, 0.5651987220167394, 1.8689346400349807e-05
0.10913648706935633, 0.6315995421491298, 0.00012680902223851485
0.09167840909649357, 0.7085881552710055, 4.679001893863464e-05
0.14986771284500727, 0.8290941521170748, 0.0002970802243030454
0.1407861054800249, 0.6943373558722093, 0.00032172731470718127
0.11314593940680856, 0.7417945137322434, 0.00010774822944454423
0.07782235578407878, 0.7814367007880376, 1.8708438087590375e-05
0.09514350090181718, 0.6742249742107318, 6.0844928940595726e-05
0.09837664338653801, 0.7162257721648662, 6.245839357034682e-05
0.11974543047143378, 0.7026311157910295, 0.00015411698995944752
0.07992303196518709, 0.5595586482454878, 4.1023362683196596e-05
0.12757715453042312, 0.7417047352559804, 0.00018276987051394242
0.049457471735733415, 0.6995999828913504, 3.176045585718951e-06
0.15200218846306782, 0.7748841146257954, 0.00036193591542319604
0.11670782290564306, 0.7212038429877646, 0.0001306440666604486
0.09600409504602073, 0.736886297772321, 5.299560705917389e-05
0.024548300174015755, 0.6315623109115378, 1.7874247098096798e-07
0.06322544648437618, 0.6860236600820313, 9.732223867030305e-06
0.07563259553209092, 0.8221488348634358, 1.490680691260966e-05
0.05572898595480376, 0.7386830483245712, 4.8173328072150326e-06
0.05726499650228793, 0.6002895531118957, 8.221611971832247e-06
0.13395969290368087, 0.680013240279713, 0.00026953637916634764
0.1433252862153661, 0.7097303267982681, 0.00033311912646274695
0.12457114656126238, 0.6125174526587882, 0.00024130470690218522
0.06813579740025544, 0.7852639704250776, 1.0322527835411964e-05
0.11448590786492012, 0.5987491570406481, 0.0001741746753594862
0.10234450251350079, 0.7661205266659277, 6.496143124876632e-05
0.1174803326709263, 0.7057772210044617, 0.00014043564719088273
0.08844193030951591, 0.6279632929596995, 5.086200978430114e-05
0.0561197443631544, 0.6175843396612166, 7.10693522587971e-06
0.06564293767178489, 0.7709179968425094, 9.090269645660614e-06
0.06011378216481572, 0.7528674432040074, 6.471645165279218e-06
0.11770565911763316, 0.7158569385938073, 0.0001376644269587251
0.06815410615743633, 0.7505993592819113, 1.1311349838661148e-05
0.06298440478462522, 0.758395863936834, 7.8306770883323e-06
0.06552861921876982, 0.6087327940561715, 1.4468015763828205e-05
0.10136613640248818, 0.8139277462589686, 5.5172532818833596e-05
0.14128222490842993, 0.8331476752795106, 0.0002269379021206102
0.06458652082893791, 0.7509927584466876, 8.919052420979769e-06
0.13576886279622702, 0.6951909764757764, 0.00027357627878293807
0.06333387007364538, 0.6748016927287065, 1.0134727788223669e-05
0.08143086736427581, 0.7170139284005499, 2.7125801536910238e-05
0.03792121968122569, 0.7465501036078508, 8.668223194915682e-07
0.09230175478984948, 0.6406455038742382, 5.897312553989067e-05
0.08484894256553963, 0.7143364796442833, 3.2749490626245246e-05
0.13117863120175843, 0.7607074514390286, 0.0001963939811494908
0.09067430586973814, 0.7152353639445875, 4.375206873155009e-05
0.09689468968090145, 0.6573909255240539, 6.934870929560601e-05
0.038437397233127696, 0.7823751779244857, 8.376319746812656e-07
0.15447779904544312, 0.7714894320645447, 0.00039202761094502475
0.16404508187845523, 0.6783886955830987, 0.0006604604813708262
0.0907936159235499, 0.7753541464425648, 3.7446311423285475e-05
0.10145872984714505, 0.6808734217268172, 7.9160146062944e-05
0.12259460594399983, 0.634435402609477, 0.00020963561710921308
0.08633957293216409, 0.7670358314548528, 3.0666070930575826e-05
0.12205289110666001, 0.6995729566926774, 0.0001690874539843934
0.08809836675181353, 0.8662642312972044, 2.6273849244760853e-05
0.05509792655579543, 0.6802951895193562, 5.40214482113441e-06
0.124933621370434, 0.7743338645608857, 0.00015293202447793074
0.06570849890186162, 0.4831312146753996, 2.324719206219947e-05
0.09455924067451404, 0.779223017681375, 4.433429904164548e-05
0.11497594864604273, 0.8198079295593534, 9.467002123277999e-05
0.12083331937528968, 0.6924521287183888, 0.00016512312310937812
0.06288590910670593, 0.7811377902647548, 7.330697715111558e-06
0.10174121553041328, 0.7792462992313145, 6.117906803330873e-05
0.08630212785736942, 0.6999084219008761, 3.676021772718599e-05
0.08611184334733823, 0.713371651733775, 3.5043776454374e-05
0.17124342213434363, 0.6416764748920968, 0.0008917329497046091
0.11969228876930071, 0.6656940505354305, 0.00017135930866775344
0.08115384803338409, 0.98617837970786, 1.4125865258158594e-05
0.10343939548549193, 0.7151811907549829, 7.811816152621506e-05
0.11155238799365466, 0.6903584884513587, 0.00011687553016589619
0.14147850309557602, 0.7736682280372615, 0.00026478561025466193
0.12032425193221927, 0.8136043099314118, 0.00011740683086724762
0.10306514914601463, 0.7502978006569525, 6.985389531047258e-05
0.07497918402783924, 0.6562995128111114, 2.2516498581539562e-05
0.08219215834566769, 0.6731909616205451, 3.205848822140698e-05
0.13203866460394126, 0.6217862306466198, 0.000302530133522235
0.1393413493793613, 0.6211773433947788, 0.0003841375264020194
0.021184837391156508, 0.6544300619385433, 8.704623844298582e-08
0.062428444998932464, 0.6327929628947975, 1.0817469816426646e-05
0.07551065981798102, 0.6519774663094033, 2.3536240446542295e-05
0.05064299543936978, 0.7238922118567498, 3.2923301931124525e-06
0.07885418087590215, 0.8145177667117163, 1.8247087819770207e-05
0.15947744857584334, 0.7601065073287036, 0.0004646156380429749
0.11714636868590765, 0.7016498021335914, 0.00014032399440901559
0.12981996078503852, 0.743196706802724, 0.00019654446948460144
0.11041026263388827, 0.6620161592336615, 0.00012147034512431228
0.150598477969513, 0.8480230986555064, 0.00029010892994856663
0.1438924292768458, 0.7051932792233937, 0.00034333377159317745
0.12413941768381931, 0.7147190343376679, 0.00017454117583916805
0.10532432644631709, 0.6453463796208516, 0.00010387388599105705
0.1073589675269265, 0.7132750729540256, 9.249972440234419e-05
0.09972257210246059, 0.8002604635903066, 5.311221934711767e-05
0.10313795103742111, 0.7796865452882036, 6.488842226354274e-05
0.06826886861185258, 0.6959681137343243, 1.325461496605723e-05
0.1087585432810285, 0.7347082805001511, 9.229430604114929e-05
0.07759742398100483, 0.8550846381927664, 1.5426799200875558e-05
0.09851504927233165, 0.6805134227901241, 6.961516430466338e-05
0.10899963854377646, 0.7669636473272783, 8.552372176331727e-05
0.07623251199406217, 0.7176139071940237, 2.0258217015350936e-05
0.08092261724557608, 0.6795606818523178, 2.9377650550520592e-05
0.1029745393278579, 0.5754537107444616, 0.000118292301466214
0.1461618044183792, 0.5818984792087561, 0.0005401826047704783
0.06181457518638937, 0.7221202209390434, 7.95328958619577e-06
0.11094588547014463, 0.8265268274982576, 7.960516941979084e-05
0.0931724638489945, 0.7826325852865447, 4.118275512822983e-05
0.12042670995534482, 0.6455048979564184, 0.00018721783917504146
0.09113524376906415, 0.6667591739720988, 5.1481107291986883e-05
0.07192952942984274, 0.6529075255967153, 1.895196790901377e-05
0.15440523410310208, 0.8395265248884338, 0.0003303770968686568
0.15694655463423787, 0.6974305600460671, 0.000514365474599174
0.1353860351985535, 0.6383338786292945, 0.00032047572311085464
0.1134651814772515, 0.83202692334195, 8.671348300272689e-05
0.08267962032584975, 0.7850865153243053, 2.4192689144142798e-05
0.0856767277883217, 0.6357658133140792, 4.314874699917726e-05
0.14690186673357822, 0.6888556094278128, 0.0003941210967208588
0.13307580827819038, 0.6010547352462701, 0.0003350996289483569
0.05399484624426536, 0.8184986848152012, 3.414130238327766e-06
0.08278817906391871, 0.846850220712855, 2.0912855684619866e-05
0.08763261201312915, 0.6951483261442816, 3.986027252271705e-05
0.06603933823558536, 0.615210060328015, 1.465719869751234e-05
0.10131312832696475, 0.8065777240104115, 5.6053488061933174e-05
0.09903646783746907, 0.6313344813236703, 8.278382820574346e-05
0.1349348345183255, 0.6148531887599327, 0.000340383886765222
0.11035350683493976, 0.7471718589371226, 9.514454528180733e-05
0.11287490496473655, 0.803428630255037, 9.088659626537576e-05
0.05056997256232506, 0.5873264281572056, 4.969752598900524e-06
0.11633815136082575, 0.6431940506034053, 0.0001619792400787319
0.10333602813988794, 0.6334913739889845, 9.912706580515809e-05
0.07077521882832605, 0.6324316180300877, 1.8811183527779352e-05
0.09794020656634375, 0.6145762923672029, 8.318456690483271e-05
0.09425522502581794, 0.6882017511207718, 5.603743687743084e-05
0.13330416465672953, 0.8547695660662467, 0.00016694758982279212
0.07239750265131605, 0.7241602274888715, 1.585186393287048e-05
0.102853867532883, 0.6711676373763495, 8.651165896396785e-05
0.08326162138218722, 0.5824433153177027, 4.533315730889e-05
0.08028605339912631, 0.7922417055052812, 2.0876946529293568e-05
0.14885018066417843, 0.7984506052941087, 0.000310861543483148
0.1258402660284103, 0.7026429284162397, 0.0001917356630061149
0.09352493873556743, 0.6073746773077361, 6.952375763506594e-05
0.08250445188177237, 0.768561530906704, 2.5009735490760435e-05
0.08187370658878362, 0.8927315080323492, 1.7920897706839794e-05
0.035545912069253796, 0.8103126594438278, 5.535223521574256e-07
0.10613576547214275, 0.6965557889445938, 9.222439475747588e-05
0.06490678916435674, 0.609172210540313, 1.3853588519978974e-05
0.15202321438462324, 0.574608035332304, 0.0006586066566485351
0.03212382594200611, 0.6590527857015986, 5.360008259983101e-07
0.11163176287235028, 0.6971730701549799, 0.00011496110681773397
0.02646920868200868, 0.7611888885485504, 1.7141200380526727e-07
0.08230922692216139, 0.9296096699826072, 1.6917575815291215e-05
0.10641437833639313, 0.6658541183963574, 0.00010209608540239923
0.06888738230155346, 0.6874439904299438, 1.4135326959455728e-05
0.11903264274651114, 0.6587973620063414, 0.00017076266654300862
0.02851770311293296, 0.728471248396965, 2.5980353568309517e-07
0.13451712953427863, 0.7654557274281709, 0.00021664423910852386
0.08703498044601822, 0.6989373762435804, 3.825976033234371e-05
0.08320615853288904, 0.6676395006906977, 3.440059278286871e-05
0.07962452076513205, 0.7023136945131823, 2.5615903696490017e-05
0.041508539671172205, 0.6948757865568548, 1.4892113580419703e-06
0.08646098173078548, 0.766755543558404, 3.087882475994365e-05
0.10422322329914104, 0.8666638138086449, 5.4993121494652385e-05
0.10441355033024388, 0.8102270947010685, 6.342822679610439e-05
0.11051949020617707, 0.8022180590906144, 8.308298080109404e-05
0.054145318752771364, 0.8825721029219475, 2.972579855889905e-06
0.10897509957524606, 0.722380791527184, 9.631047533810729e-05
0.1375152228459382, 0.5936437131300926, 0.00039687849757432905
0.09394898112094963, 0.5701591497590119, 8.048201270087226e-05
0.10896036209574753, 0.754245312442357, 8.829217673898823e-05
0.12496945968023941, 0.6761538302552685, 0.00020082232800021588
0.10718145222382874, 0.7227474413659738, 8.94374018628453e-05
0.07262873892528182, 0.5723196597042893, 2.5737477685518722e-05
0.08496349508582754, 0.5989064556391333, 4.686734304201942e-05
0.0865628518029646, 0.8349717946435995, 2.6174665000412433e-05
0.06392131113702652, 0.5659574815521895, 1.5005112446756236e-05
0.07510418844025149, 0.7845676900874408, 1.587184275586418e-05
0.13919530203474312, 0.7206523897385964, 0.00028409420612605745
0.13057456621553737, 0.7694778020097097, 0.0001880838513674058
0.1127996919103815, 0.5667945267290513, 0.0001820830085922771
0.0863832624858035, 0.7122645745200581, 3.5642934935418725e-05
0.11408757539605568, 0.6398414235869314, 0.0001502000002543369
0.042608533634074484, 0.7612529771032868, 1.3921719442365865e-06
0.09797917246458751, 0.6005280972113977, 8.727458827597892e-05
0.08274067247158015, 0.6240265655916698, 3.8417008499490704e-05
0.09920384355193047, 0.8373909754932564, 4.7406155778852755e-05
0.14346240826935533, 0.6808730323217134, 0.00036348069127040513
0.10933871302510702, 0.6903737130527947, 0.00010700469112269169
0.09278547183462811, 0.6795841573523224, 5.3627965309512744e-05
0.1327512379957116, 0.7251155304085816, 0.00022778296132374622
0.10407060682192038, 0.7685826424514459, 6.947496473249617e-05
0.13345319105017225, 0.7827991804521495, 0.0002000380484415557
0.096988305072605, 0.8416408651240337, 4.248909649990311e-05
0.11924856384819821, 0.5862186905548368, 0.00021739045299351326
0.12166193663606273, 0.6473600830960543, 0.0001946950253490333
0.07394385507322224, 0.6845104413094703, 1.947040268889391e-05
0.06507808328792114, 0.6412831002575674, 1.2646758395622602e-05
0.06493860872302216, 0.8413062160659428, 7.278984807651602e-06
0.13726676858602868, 0.7988650711805939, 0.00021742367664975612
0.09273769006904946, 0.6879122778838588, 5.2218859456505646e-05
0.13805429072312006, 0.7785620360271732, 0.00023474645954424001
0.11710293172690281, 0.8026989315921857, 0.00010704310701182403
0.09446198170079867, 0.8307620092034869, 3.882787933606101e-05
0.11489014048277504, 0.6936515654499247, 0.00013180360887898675
0.09769938140876276, 0.5636099585528619, 9.784363125236934e-05
0.18191836046233817, 0.6780977347885494, 0.0010419288331387849
0.04369324578668891, 0.6321755444942248, 2.2548282582320208e-06
0.08365434942986635, 0.72775867117054, 2.9644261424064413e-05
0.08768838241942184, 0.7290918431067674, 3.633678311083979e-05
0.04778085205601325, 0.7241447531313843, 2.547019305883971e-06
0.06617132475621212, 0.7238121303651722, 1.0682217881818951e-05
0.1398431304943438, 0.742503486619296, 0.0002731428943197694
0.09151471235165752, 0.8019282263547584, 3.6245570547168e-05
0.12302791583312489, 0.7329130211888586, 0.0001595427803084923
0.16602924274856462, 0.7243169130785017, 0.0006108306599847126
0.07277887510069822, 0.7703195409297053, 1.433664585877009e-05
0.11242380778727248, 0.7016684692373988, 0.00011707885164122317
0.07803003346807719, 0.5614935023236136, 3.666302688745792e-05
0.15188359725625203, 0.6116411178452579, 0.0005789224593695595
0.09656053415795529, 0.7286473184228593, 5.559678229836354e-05
0.10063369533833834, 0.6075815816533902, 9.590201835379833e-05
0.0967927540319294, 0.746796259607548, 5.348969919095859e-05
0.10783982200942888, 0.6327947271877931, 0.00011985840889047041
0.11517949710882298, 0.6632858466769876, 0.00014575223385428706
0.11990852229146655, 0.5821862995004943, 0.00022583027277886492
0.13955624724804436, 0.7613802889796928, 0.0002574301924245853
0.07440530272706665, 0.6218631273466586, 2.424562541224516e-05
0.10769931139723112, 0.7433095614409565, 8.63700826592901e-05
0.0883995202452956, 0.5919787620044746, 5.71127721146167e-05
0.09554297237711337, 0.7429883343023359, 5.1035973046981736e-05
0.10563071299035529, 0.6689625297145649, 9.791274842230042e-05
0.14002472447296155, 0.7266589965985957, 0.0002868173278066297
0.018634092961054408, 0.6797742945929491, 4.587676176979392e-08
0.06192194666142407, 0.7221634924712526, 8.01329409059979e-06
0.11901631757212539, 0.6011650447150156, 0.00020494960969089256
0.10982800246535156, 0.6692637436459985, 0.00011612049364451287
0.04838767716944888, 0.7828138773053476, 2.3039968067452348e-06
0.07773055421783362, 0.7205542601026592, 2.1889522067771988e-05
0.02184026235581435, 0.7740291863563359, 7.11517797393138e-08
0.09578118349493318, 0.7933065167085392, 4.526022711594924e-05
0.07453869701162044, 0.6593792950263506, 2.173577805894802e-05
0.11454861821263675, 0.7078346704653875, 0.00012492736960042282
0.07368635100440117, 0.7175195996967693, 1.745023909896354e-05
0.11655813823377871, 0.766693324232817, 0.00011495026634689487
0.11745401821385737, 0.6664934859220948, 0.00015732319091941243
0.1107205115701544, 0.5836186305021824, 0.0001582381406405308
0.11773463714131291, 0.705355797495407, 0.0001419476199297905
0.11186890164032148, 0.6006064383757005, 0.00015635334474017686
0.12393941607910172, 0.6978759101174572, 0.0001817736984928851
0.1287377462893253, 0.8006116204720455, 0.00016324056421736122
0.09776092044120553, 0.6021892269924183, 8.594629778550862e-05
0.08689784223169558, 0.7350196567511486, 3.4356392619551665e-05
0.06892550040386568, 0.6334640360119317, 1.6687591209261625e-05
0.06713245751712657, 0.632350392222575, 1.4912604966779033e-05
0.0955328493344863, 0.6068691799717904, 7.646236897276751e-05
0.1293402308740129, 0.7721899767009924, 0.00017912060898603852
0.12193859742876233, 0.7316088459062303, 0.0001539675718575065
0.10555706328695179, 0.7108135125968967, 8.645670166288692e-05
0.09810835748193675, 0.6968783493280105, 6.518660671639385e-05
0.0782623533847565, 0.5823810381459085, 3.4529017315436764e-05
0.0980085109612572, 0.7498199535533875, 5.605477207619766e-05
0.12110060767531325, 0.717287739183604, 0.00015538994070761865
0.06912705725206338, 0.9002228505745997, 8.369843487554997e-06
0.12765516535866062, 0.59708394842838, 0.0002827899896529252
0.058792384572158754, 0.6216288572327647, 8.608278196583659e-06
0.08351965982056973, 0.8812636738978601, 2.0073565225924932e-05
0.10596846383900616, 0.6358256343748507, 0.00010991755029199068
0.11410562618022653, 0.5900923399404642, 0.00017671645908641314
0.08705496976709566, 0.6531004380009009, 4.38629312169984e-05
0.10819464357317628, 0.7773534723542621, 8.05812792802925e-05
0.07842458016367376, 0.7756753566832855, 1.96424474386026e-05
0.04658262837382141, 0.6637435483344696, 2.7111330131798822e-06
0.1012739280083934, 0.7348645812122834, 6.741257968329789e-05
0.10109494243911338, 0.66050487390627, 8.279866467868849e-05
0.07891083181914135, 0.7782789690021623, 2.0049171994502127e-05
0.11052095949901666, 0.6833064845036995, 0.00011452261549740494
0.09799411781108278, 0.8148247484683889, 4.743703190804216e-05
0.11286445506863398, 0.7526269810971129, 0.00010352803290064666
0.07959265598774538, 0.7031876493193326, 2.5507307424260248e-05
0.1163266355603158, 0.7077986789351564, 0.00013370102554072333
0.12707951167084724, 0.7278130187137289, 0.00018657722168339023
0.05613872568544936, 0.5877494960885503, 7.858444440797424e-06
0.142934422480006, 0.6704436324314184, 0.0003688445865954692
0.08667115165529433, 0.6099422328629307, 4.9321534831924575e-05
0.07677960951979367, 0.6431908889074988, 2.6023642576416015e-05
0.1073973837254843, 0.7437462100790503, 8.520962490475097e-05
0.1095306598751297, 0.7920690731426762, 8.19213088921746e-05
0.0775685349296687, 0.7434308191608628, 2.0375175866182837e-05
0.12652978604284318, 0.6462023831313481, 0.00023220789984069223
0.08104782153858427, 0.6670950889505671, 3.06939183056378e-05
0.12164169507574228, 0.7119077577884952, 0.00016087230518289138
0.11333503122172645, 0.7076167831834194, 0.00011928119712639356
0.08364499361632623, 0.7785671375732544, 2.5888658699535082e-05
0.10738843197803977, 0.8182588957303122, 7.03716009163401e-05
0.12090830446310052, 0.7112343197094853, 0.00015694499253756937
0.08099256519386447, 0.7416782418836623, 2.475674242330935e-05
0.08966853124496327, 0.6283242651184946, 5.397771304889115e-05
0.13374571516600017, 0.7024222015215722, 0.00025084237129559814
0.0775566730930499, 0.6873259716311564, 2.3821260621586813e-05
0.1077838001791045, 0.6949643980631454, 9.914621663762681e-05
0.08542121114287121, 0.6660077914746378, 3.880578438252626e-05
0.12273688023741168, 0.7486745844203301, 0.00015131084931318083
0.07259227149076765, 0.6830489416191504, 1.802934506252081e-05
0.10176108673005, 0.7731144518996781, 6.220681319339929e-05
0.0978649633250068, 0.6373877046040693, 7.70758601085731e-05
0.12745283804679883, 0.6137039027308774, 0.0002658189714619935
0.048611474085425585, 0.801224093973542, 2.2444429715042067e-06
0.11402126568335004, 0.7739315644925353, 0.00010239966861968995
0.14533965621166042, 0.6200205786052589, 0.0004641345033767386
0.07279261658648048, 0.7504801244037925, 1.5117214046099888e-05
0.1357740877626316, 0.6948511341197566, 0.00027389032244300925
0.06529885649237127, 0.6131148644589473, 1.4043221336428741e-05
0.10723470486125902, 0.7840454117092337, 7.616563189350883e-05
0.09405398779604383, 0.6203341528087558, 6.832415262614388e-05
0.052197423234366866, 0.7649057248379393, 3.368262708915612e-06
0.09944975272396889, 0.8791635155008788, 4.3479335360360286e-05
0.07337134998391501, 0.711965757334275, 1.7392592745388385e-05
0.08340342403812581, 0.4766453047691088, 6.819999340220037e-05
0.07089502993853741, 0.8067196502249497, 1.1647429832301032e-05
0.08594075144766204, 0.5180596080626231, 6.586924377760619e-05
0.07973582070366411, 0.7144544386992563, 2.4905317458284642e-05
0.09458797180750049, 0.6219887865597619, 6.967529323238825e-05
0.07552379587732042, 0.6676401576340762, 2.2462069057190294e-05
0.12292554810706453, 0.7657144847426361, 0.00014563227940201184
0.08109721217179311, 0.7608644972283899, 2.3657961857340487e-05
0.09748018862780479, 0.7927876737188279, 4.8964813739513836e-05
0.10804605623636024, 0.7414907938834909, 8.803059067325328e-05
0.15274587154309066, 0.7906801314511822, 0.0003551648363474059
0.0972462173582397, 0.7706533165234981, 5.127288441333387e-05
0.09124112050550282, 0.834186420869201, 3.305813504593326e-05
0.06193111855098619, 0.6123877504755928, 1.1150957809052986e-05
0.09306059190315194, 0.6329878154569369, 6.262457085045964e-05
0.08823810637097035, 0.6962875464292739, 4.095206738754133e-05
0.10823762953204107, 0.7320057210967289, 9.10335218732477e-05
0.04542294361525927, 0.4901832517810587, 4.448977100601365e-06
0.184543816991962, 0.5980146855180041, 0.0014268555033627036
0.1462362605546339, 0.6721704281201131, 0.0004057414853687011
0.08998461510256958, 0.7162092616185356, 4.2191638397708574e-05
0.08839649541925387, 0.8356281123652733, 2.8658537296151438e-05
0.12553811109301044, 0.6569458520966306, 0.00021702978605560484
0.11151960973793455, 0.670289988897792, 0.00012381860056536316
0.15802167711790763, 0.7055846138199751, 0.0005178703264778863
0.09012992478710354, 0.9302216077020835, 2.5189334203717898e-05
0.03257320106284507, 0.7965481389934437, 3.9005673278311864e-07
0.05770662170345737, 0.7994648254641958, 4.794684525931605e-06
0.11681016534443021, 0.617939887456725, 0.00017864392348759347
0.0826561717373961, 0.715420520006334, 2.9097412707660665e-05
0.07096984351197157, 0.6860652875341073, 1.617930769283482e-05
0.10785298836206861, 0.7342404169784976, 8.90739943794563e-05
0.09771170218792104, 0.6993208171108162, 6.358840504659106e-05
0.09568561474543344, 0.7339746228920259, 5.2641599206999373e-05
0.08389632709319605, 0.7377049330551624, 2.921927891567419e-05
0.13423952524081537, 0.8016440905206395, 0.0001957386097642796
0.1089513206319166, 0.6997194956858639, 0.000102551246382088
0.13789086649197008, 0.5544002216949108, 0.00046054843356872766
0.1295773638361746, 0.7332461318835408, 0.00020026015735646264
0.1272372503896876, 0.723042297480514, 0.00019008213480655313
0.07322061503608172, 0.6920404693643354, 1.8242726714775094e-05
0.10738902909540274, 0.5071796297225674, 0.00018317488293085812
0.05723752635893496, 0.71626356510682, 5.762566441944083e-06
0.08422320141557099, 0.7839371710502905, 2.6321041027444684e-05
0.07370695872981597, 0.8196856360687846, 1.3387781383531396e-05
0.05544506149984249, 0.7719757710862412, 4.312758930281148e-06
0.15787892113849528, 0.7651640826947704, 0.0004386145209911409
0.0410249835470339, 0.6675736795369154, 1.5324295387605318e-06
0.10524015305365506, 0.7250642916372174, 8.199952469573616e-05
0.11408324251352897, 0.5316171820682769, 0.0002175424658360213
0.10301198213814572, 0.7106291272694288, 7.769372809709027e-05
0.0935198735041089, 0.7249806795399308, 4.878544136190371e-05
0.07628606400621007, 0.5887147535381735, 3.0193605258254496e-05
0.13679118723097575, 0.4749723970302926, 0.000605738081042492
0.08668753977961743, 0.7447449392250316, 3.311007447097451e-05
0.11314137868956521, 0.6878270536294573, 0.00012529733760436988
0.104556999142561, 0.652350099988348, 9.843694240597562e-05
0.10790259457631513, 0.7400421294336188, 8.786042799495342e-05
0.12866359757170343, 0.6730893706352918, 0.00023036976064693743
0.10740512567495439, 0.5726835355424411, 0.00014376280427952386
0.11244264290743015, 0.6545156659187551, 0.0001346549748036407
0.08514761269040487, 0.601745044151659, 4.6870517347459926e-05
0.11558056042686142, 0.7010031220232202, 0.00013250098137817355
0.10601879207348076, 0.6602591031960161, 0.00010214606705571296
0.0384487200769495, 0.7242560405286751, 9.787278540881773e-07
0.09926071821552483, 0.6770051545247479, 7.271140974603702e-05
0.08828821123607795, 0.6628763234798776, 4.529735477824509e-05
0.10104166374926062, 0.6305543394225298, 9.06406496730851e-05
0.08664547230451682, 0.7654131815565028, 3.12792164793241e-05
0.15085089954635, 0.7120774991659554, 0.00041449772419133304
0.090423489319829, 0.6525261777525043, 5.192871440031763e-05
0.09677581824832115, 0.8746416203213974, 3.8965456324649695e-05
0.05542009678049065, 0.7576911687316209, 4.46804437544499e-06
0.11563539703311146, 0.6073007407887057, 0.00017691219754963357
0.08242726953218696, 0.8079340260507349, 2.2538557648587135e-05
0.05376429355863176, 0.6070886419715636, 6.090248788025953e-06
0.08258512220616301, 0.6063252145698609, 4.0357348791469977e-05
0.09303278047681185, 0.710511086534886, 4.9638949666416206e-05
0.09984798137353922, 0.7635772053922495, 5.866145882671998e-05
0.18798715871986132, 0.7156056873198585, 0.001080892091569128
0.09057185536458201, 0.6328863988740805, 5.560127304013853e-05
0.030743704290887325, 0.6664259585742917, 4.321050490114401e-07
0.04541678573522422, 0.8408694365071606, 1.5109875982340847e-06
0.09868002007801469, 0.6359525571288125, 8.030176105027086e-05
0.11200666638954344, 0.8738524991901836, 7.426132045843927e-05
0.11155793258906202, 0.6635148477811048, 0.00012655130196607639
0.11983966599629128, 0.7959609651867522, 0.00012051051791056355
0.08528890773331145, 0.6559485807044281, 3.9733199243708345e-05
0.04955892759923434, 0.694617551381924, 3.250953460268831e-06
0.09891946557917959, 0.8504407781580327, 4.538553871820027e-05
0.10866778226736694, 0.6270397312990668, 0.00012624649054233892
0.10715805547907158, 0.8482715041768153, 6.486424498952862e-05
0.12241867138684928, 0.6783658506110596, 0.00018220808959645395
0.07258082574319262, 0.6844912095276615, 1.7940995115917133e-05
0.14641133164373366, 0.8488565434706155, 0.0002557560609016507
0.1264759576093685, 0.7154902937741953, 0.0001890573211585004
0.13661749734966405, 0.5608443465857593, 0.00043202515614447614
0.13051608683158356, 0.7483379740212918, 0.00019846874515964336
0.10772955498537219, 0.6356455546819078, 0.00011825221342320163
0.0928113970530963, 0.60309815677446, 6.817665019776398e-05
0.07955103179305953, 0.6822261571661945, 2.7036517976057547e-05
0.10757455164692974, 0.7594336648087405, 8.232053869829359e-05
0.13685795141662385, 0.7551423541514821, 0.00024015763141025805
0.08616614786723709, 0.7780063141163367, 2.9544798777239357e-05
0.08646472709627959, 0.7486158707395203, 3.239957605204683e-05
0.10167896157705111, 0.8295580150423176, 5.383803734388144e-05
0.104189765976166, 0.7778883280053014, 6.816503502222876e-05
0.07676178082468281, 0.6469194586335487, 2.569825599081135e-05
0.08556198332892202, 0.7434267508608567, 3.137077425198398e-05
0.08139151312570123, 0.6673054642044907, 3.125105430235931e-05
0.053883400046218034, 0.681738808569575, 4.876764983775278e-06
0.03918515761907215, 0.6928001226610307, 1.1627464349110434e-06
0.12575779156129946, 0.6022125265871309, 0.00026026747353551387
0.07509802508328658, 0.7258820433021765, 1.8535284737413326e-05
0.08674647896357948, 0.6903746859112864, 3.864598183766728e-05
0.04889771369501317, 0.8215851561268543, 2.1904349664195013e-06
0.13837576804522222, 0.7033170601062889, 0.00029062153239931427
0.11337743194557387, 0.5932791672048269, 0.0001699670784986053
0.10449229893572322, 0.6082018878988396, 0.00011293829312351
0.04706359505767173, 0.8649102083914413, 1.670468479062004e-06
0.06385898196733888, 0.7255153300529269, 9.091791542902209e-06
0.09490717161587091, 0.639487089755577, 6.689876043728562e-05
0.13235235389723882, 0.705526530716857, 0.00023744254814706678
0.12796751453372124, 0.584501962092913, 0.00029828594063826066
0.025078333495915192, 0.7553878500378834, 1.3725875955149902e-07
0.1257688539585512, 0.6010729255054359, 0.0002613564485968279
0.09727109688380799, 0.752412769266221, 5.3849584993194354e-05
0.12726135968031235, 0.4880711755181554, 0.000417507649483691
0.04345546931421334, 0.8272439016020328, 1.2855657839676084e-06
0.08712387458547406, 0.6643795460470501, 4.253407447877353e-05
0.0737084618537488, 0.6184510519629947, 2.351968847713713e-05
0.05157854460697105, 0.6292744934821909, 4.722256867892339e-06
0.03958863180234755, 0.6310988342671893, 1.4658222470125513e-06
0.09366754157061596, 0.633484132847156, 6.434081384664532e-05
0.052117361936424765, 0.7675278225151778, 3.322770227664306e-06
0.04365434026929999, 0.6794006765116288, 1.944619498216179e-06
0.059862229629548847, 0.7572934145983656, 6.2792857413250735e-06
0.0733115609806349, 0.6564165296571368, 2.038758259183465e-05
0.09588483633261605, 0.6972768061014908, 5.886472998123008e-05
0.12823045342704936, 0.8272348898027025, 0.0001502689991486183
0.12429105331566488, 0.6588187091985839, 0.00020652349732198631
0.12580024331832856, 0.7325672617926359, 0.00017614462746394998
0.06309906416561338, 0.7452220892867356, 8.175141873758639e-06
0.10060560718439762, 0.6734431994787657, 7.796533948542941e-05
0.10217716042935773, 0.6626384310194811, 8.621235438033189e-05
0.11158985666738114, 0.7965455232076644, 8.792117060489889e-05
0.11453019168345094, 0.6883599920465677, 0.00013200263502803814
0.07559341510620729, 0.7679467450358456, 1.7046418237103857e-05
0.13554768768874853, 0.5949004009182987, 0.000370922068129015
0.10011100880432094, 0.6734288360226977, 7.629613980948567e-05
0.057482971194115245, 0.7269469564024419, 5.700762746761253e-06
0.10462354629379104, 0.5765580432027824, 0.00012637156047256873
0.05943734706050324, 0.6688363386175251, 7.801670595400392e-06
0.08762651927890666, 0.6640980539022505, 4.36614294224907e-05
0.08748288184838485, 0.739046899048363, 3.500124202429976e-05
0.10148569569490362, 0.6551903279745273, 8.558786792748843e-05
0.11319900729080998, 0.6897861186275875, 0.00012486609124097382
0.05042378430772452, 0.7393246075456346, 3.0966455260489025e-06
0.066909117961028, 0.6623878223724238, 1.3392959603831057e-05
0.06734199303979566, 0.5780400785958806, 1.8092902490740654e-05
0.08257743734048628, 0.7407298758640051, 2.7029395883417565e-05
0.12866184761560687, 0.7300879907418993, 0.00019579181655585517
0.1358368063104299, 0.6506033065513708, 0.0003130474702469693
0.07414293150859244, 0.6839886646383664, 1.9732177037063425e-05
0.08762182774689023, 0.7585207552273182, 3.345993671182155e-05
0.10586547989697229, 0.7758057754405971, 7.351553308872929e-05
0.09718553966568205, 0.7502394687378888, 5.395271997500135e-05
0.10407856638335779, 0.5784222452083603, 0.00012270595780544818
0.09590963270309705, 0.7404014479350864, 5.226671204748904e-05
0.1026432113244633, 0.6668271537594943, 8.685450729436725e-05
0.12034708044126566, 0.7361802660157494, 0.00014352052468047437
0.11525048683532116, 0.6979291209382897, 0.00013199924276597144
0.11584835853686341, 0.6467676887706194, 0.00015724786545520406
0.09079899905693366, 0.657675010970891, 5.205948698750617e-05
0.1207110041273861, 0.5639864664903665, 0.00024780766019172644
0.10549428317903639, 0.693851842516864, 9.049814505176013e-05
0.1317651333104059, 0.7084869762327917, 0.00023090023766599593
0.0662380182451533, 0.6801485280464634, 1.2151520560497227e-05
0.07178719067216618, 0.7718114450233613, 1.3444668032252315e-05
0.15516690828451413, 0.6658277305744852, 0.0005367328909855061
0.12063613835601691, 0.7347375837711282, 0.0001456136415899895
0.08411761937383289, 0.7241356635832783, 3.0678117398773544e-05
0.10128685576273821, 0.6486399462064999, 8.65749220688641e-05
0.10791075514855408, 0.6102899437633043, 0.00012923444705490367
0.05373561617154766, 0.7134193691113121, 4.399769561429989e-06
0.07956081195424611, 0.7681022953403969, 2.134048476407311e-05
0.03398203171273968, 0.7661664518815273, 5.079450513688499e-07
0.03403199089770777, 0.7796055040751617, 4.937651931243529e-07
0.10447756348487078, 0.7622551316502141, 7.185657970768161e-05
0.11390436348543045, 0.5848832836156055, 0.0001784863750963435
0.11120103200493073, 0.5371516573036677, 0.0001903929465657144
0.12084672096216978, 0.625750912285671, 0.0002023002156978199
0.09482610168479075, 0.7511350132290798, 4.830728513596597e-05
0.1202198576384978, 0.6234530397572676, 0.000199183667551398
0.13234762347555648, 0.5352094971120694, 0.0004125430949527843
0.12286662317621426, 0.7794641504524502, 0.00014024353964278352
0.0839093810347063, 0.8080384543690247, 2.43707062829476e-05
0.12324960687738212, 0.6761005445956454, 0.00018897298077803337
0.12304972316791211, 0.6177676121768478, 0.00022473486117412366
0.1309427643713652, 0.5717922095621673, 0.0003448641515642137
0.10806743098017539, 0.791716759489288, 7.728290895995594e-05
0.12885356873319012, 0.682349613674665, 0.00022561937029843288
0.10116460799568697, 0.572794966295948, 0.00011043160008340918
0.1082969172553216, 0.6405892784593928, 0.00011915640198304106
0.054569548179557725, 0.5799034543567451, 7.125840228755777e-06
0.13114950527997887, 0.7646761843525053, 0.00019417086160367178
0.09967353388993679, 0.7909864100690573, 5.424743659564108e-05
0.05265592568624345, 0.6441059438939825, 4.9365005782943374e-06
0.10697975523430514, 0.6793136086405855, 0.00010040429868360194
0.08215303740594809, 0.6737582170039637, 3.193755737607993e-05
0.07856454040394906, 0.6101676355814333, 3.1993701430165134e-05
0.11671134627824215, 0.6745696751207003, 0.00014935157807875556
0.09767908432925801, 0.5502602632646783, 0.00010255493054361271
0.1083879607958747, 0.8497782726728229, 6.796279828912831e-05
0.14094211681868746, 0.7098959223821767, 0.0003092829716441069
0.06411075285337761, 0.7200319716660354, 9.392002368427312e-06
0.14512670643521183, 0.706921719828778, 0.0003547411253377875
0.14437774775260345, 0.6146685587429064, 0.0004586538624517699
0.07500351559581803, 0.7048880813029369, 1.9547206089213963e-05
0.095770392713802, 0.7028726301015678, 5.7627557556227406e-05
0.10988262234856058, 0.7452164288137044, 9.38617664322201e-05
0.09979286422031372, 0.7130194615638251, 6.711210726544526e-05
0.1618958889774697, 0.7344841653895887, 0.0005316656891187683
0.10530539347096349, 0.7663733529128397, 7.359830500250437e-05
0.06394364067617334, 0.7365119093474446, 8.873904108582977e-06
0.11806682691399867, 0.6681989886182841, 0.00016014633058320085
0.14398434469036844, 0.6305153277822082, 0.00043068704252813034
0.15059726227555292, 0.7195925826144102, 0.0004028911048883873
0.10796230011280206, 0.8198017635746164, 7.177043296016734e-05
0.06348951952485962, 0.6028210049228115, 1.2837430984186274e-05
0.04125197959047712, 0.5903830801599506, 2.0074983019866887e-06
0.11315278448778679, 0.7310405348480327, 0.00011097114343647208
0.11678755563437306, 0.6990274915915615, 0.0001394833236243841
0.1103559088038858, 0.747150829197137, 9.51590142805191e-05
0.09533813904656896, 0.7675165717368796, 4.737658193573974e-05
0.12389019093125775, 0.6899646774944118, 0.0001856413164574931
0.0737232456564977, 0.6793295472741343, 1.9510322743550914e-05
0.1047010992706082, 0.8140172567140801, 6.360395706861184e-05
0.09186236489966387, 0.7530082688239068, 4.179958230912132e-05
0.10428303438501937, 0.6878439785762303, 8.752379087350766e-05
0.074195409609137, 0.7861241053607779, 1.4984512968329824e-05
0.06977470491423407, 0.5830431236582516, 2.0789104342829062e-05
0.13763655285899667, 0.6975316033890303, 0.00028858036733089853
0.10428814062045941, 0.6162617545122039, 0.00010906091381184307
0.05028182266220938, 0.6059948639436079, 4.5523585800895415e-06
0.1476388315787845, 0.719171750628762, 0.0003696436886315156
0.0916113233913434, 0.6782699328631794, 5.090225898046178e-05
0.0383389337981926, 0.6400308412653716, 1.237599798013743e-06
0.04209939790772333, 0.6355263806922048, 1.8945785861975061e-06
0.12823731843235658, 0.7390977166741719, 0.00018828930775505222
0.08485655697588364, 0.7161578821118493, 3.259598678908384e-05
0.08243833549890892, 0.843002018840668, 2.071463146587567e-05
0.047266086044063814, 0.7072670099603324, 2.545760338966591e-06
0.12973049200925008, 0.5252729662261378, 0.00039226619612309536
0.06372062519643303, 0.6526399234623579, 1.1128861748144264e-05
0.13795277030273198, 0.732973728693284, 0.00026399940896859613
0.12103917094420576, 0.8059461539683477, 0.00012280837371599803
0.058343021585315596, 0.6045760919756559, 8.798632856007077e-06
0.12734649723559333, 0.744770231372537, 0.00017983080779568285
0.12602658804154118, 0.5961615175306915, 0.00026808443874487396
0.1292764761972175, 0.872015169558546, 0.0001401534013423271
0.1576240787169625, 0.6724039027907067, 0.0005639553427952817
0.09027758011540982, 0.6647392593053636, 4.9683804071896825e-05
0.09906225020544931, 0.7387376058036471, 6.0531510672601666e-05
0.051370746138088244, 0.8279031550786022, 2.680134974482304e-06
0.09606888715611864, 0.6810008167772427, 6.2235011663357e-05
0.08795120377242042, 0.7581264205701609, 3.405230385989746e-05
0.12325896040529763, 0.7961100371984287, 0.00013633931267546242
0.08254120375921616, 0.8116151586198648, 2.2470726287547132e-05
0.09395296796624739, 0.7402886995055974, 4.7749615052874164e-05
0.07058980149580821, 0.6824782549798286, 1.596808687881184e-05
0.08132350728754109, 0.6658720261235244, 3.127052687636871e-05
0.051749430180580536, 0.7402179785254784, 3.462829878353044e-06
0.15495628787896681, 0.7362005530087428, 0.0004364094192669103
0.029029183088413457, 0.7800482402327306, 2.4501696615805085e-07
0.1183098361451598, 0.8254764085405075, 0.00010588838335794196
0.14469785639592048, 0.7249524446289369, 0.00033295081951441574
0.07816828714378757, 0.6950222759400839, 2.411587751082053e-05
0.08766404081058088, 0.6132322415512377, 5.1301548176739104e-05
0.0428139703408464, 0.6319812217835843, 2.0631640692378655e-06
0.15314627451700358, 0.7090521263083541, 0.0004467637115274116
0.07236747146660459, 0.6718612470778546, 1.83822076336002e-05
0.09527610854609643, 0.6048765892772833, 7.6060993012361e-05
0.1542453158466423, 0.6976766289400453, 0.000476200971773734
0.06321206302584627, 0.8233390540313962, 6.750381354771708e-06
0.11679077467580767, 0.6729126716495432, 0.00015053797027812573
0.1225642243894855, 0.776609701877901, 0.00013975284161955723
0.15621665724704084, 0.5733615694845606, 0.0007456053825839498
0.08391825471562794, 0.5578773829831675, 5.1151307186463975e-05
0.10589888315908662, 0.6011876026152823, 0.00012259363894772326
0.11898624268035862, 0.7076373930133018, 0.00014775087191393112
0.1297408345057976, 0.7560726348485977, 0.0001893983891124421
0.10760361656097786, 0.6928330685834985, 9.902546740506307e-05
0.10906239969476779, 0.6963316076941487, 0.0001040168974237311
0.1369593914923444, 0.5866815934583667, 0.0003991765033395369
0.13856218360183223, 0.8375304996843771, 0.00020615857185104277
0.09405142661468896, 0.7084858856456238, 5.2373451636614034e-05
0.13593136312930632, 0.7017840268178422, 0.00026987676520201184
0.12353588638244464, 0.6547362606025608, 0.00020357427966809672
0.1028777740038095, 0.6647709327976478, 8.827479390619614e-05
0.11869463522932586, 0.685457303187622, 0.0001557764769863971
0.11609121256409323, 0.752466001630938, 0.00011724903076545656
0.13439047141999066, 0.6562929238882749, 0.0002934889497127593
0.08732827888605371, 0.7499219169762137, 3.372992445626036e-05
0.06881357758953512, 0.6798782700539754, 1.4383672282234628e-05
0.1324902825454874, 0.6993700539077236, 0.00024275129070946942
0.16620414054600255, 0.7231266830643771, 0.0006156887442365535
0.11555199093458529, 0.6599788315174103, 0.00014932295952489418
0.08687346334590039, 0.576181552131026, 5.5840666823995314e-05
0.10872379763691296, 0.767473224914609, 8.446323878846706e-05
0.11439667800123338, 0.6730488247189012, 0.00013736996070522504
0.04644750726444049, 0.6423217577152791, 2.858217278050871e-06
0.13246687030930257, 0.6631717636572398, 0.000269765157984464
0.11291096474476756, 0.7328602163390036, 0.00010938619712786561
0.08726425839820152, 0.8327875425534436, 2.726325005698571e-05
0.07411407737229612, 0.7238651705793073, 1.7587886107193876e-05
0.13654008811236223, 0.738567756960574, 0.00024850206130941203
0.14338095806790307, 0.6386918168971549, 0.0004120459943403061
0.09477357429877968, 0.7196078581034432, 5.250468369920733e-05
0.12157050422659897, 0.7210920284729514, 0.0001563970896513235
0.16424792054479553, 0.4705955522704355, 0.0013799702767407153
0.14863895888212253, 0.6734785717268473, 0.0004342121918507923
0.078777091315559, 0.8658404335812164, 1.6078662273462505e-05
0.12844612191462024, 0.6245078085133011, 0.0002656210784249455
0.05822201623924959, 0.7278384341186548, 6.01561159143741e-06
0.08569914275716008, 0.6046685251491399, 4.7755970299966174e-05
0.0832664761857006, 0.5842258440984827, 4.506850845296453e-05
0.1072729050917839, 0.6361060167835805, 0.00011589456644355473
0.08994142169194236, 0.6330525854433152, 5.389012800661573e-05
0.14852973870468403, 0.6687899603237497, 0.0004388998597884933
0.099986745758863, 0.5868638384631195, 9.991665949331796e-05
0.13715490702458652, 0.588426266426073, 0.000399311424749127
0.10447105796490079, 0.7728697891008054, 6.987721740649657e-05
0.09162745012037649, 0.7079080190825144, 4.6765424068811225e-05
0.15761695052237906, 0.8633257318181606, 0.0003420340773945555
0.11631565089828905, 0.5429232521500503, 0.0002271417130306827
0.13259032003008978, 0.8252406798218592, 0.00017492691771992165
0.08845085596959101, 0.7988316936224313, 3.144447145624694e-05
0.12047616781544619, 0.7881506244147596, 0.00012580922472399235
0.16152000083354962, 0.5466816784346546, 0.0009499322121489214
0.1390179311048661, 0.6354219481549591, 0.0003633733609420767
0.08155191763999001, 0.8007349674588998, 2.1892667961724113e-05
0.10979749159162494, 0.6559450922025766, 0.00012073621703302265
0.1463902600692784, 0.626203635639034, 0.0004696651434598438
0.11161308125921011, 0.6782831741143666, 0.00012136409990755766
0.08321936002745906, 0.7763999451592285, 2.545552980057967e-05
0.08513829187862973, 0.7276801073151237, 3.2035727853692526e-05
0.1385332699286094, 0.6897536868628948, 0.0003036797349938788
0.055311760450195105, 0.7329021358388542, 4.734464235929266e-06
0.09882292467688354, 0.7372990336443174, 6.012463595482435e-05
0.1186506698165762, 0.8466570708058578, 0.00010193883652940515
0.11395748544544124, 0.7644669744578533, 0.00010469284797743677
0.05382470644358045, 0.7370413357622856, 4.1524226771125845e-06
0.08471941161107704, 0.6443262414841735, 3.9983347778677445e-05
0.14606531059475222, 0.6964932059027811, 0.0003759579814032576
0.07696348243001042, 0.5121855201540677, 4.1472864201938925e-05
0.08436341130691692, 0.7781013508590161, 2.6913596778419137e-05
0.07731870218876334, 0.5484316453607102, 3.6912454915231375e-05
0.10058852769639431, 0.7403595488930348, 6.446050733896575e-05
0.1149621560711167, 0.5905216779439382, 0.00018236259682639247
0.07928643198326586, 0.6843881926345089, 2.6474997491124067e-05
0.07780868514184405, 0.7553811994289034, 2.0005853777491548e-05
0.08790112084978884, 0.7091086985885746, 3.882537759814167e-05
0.07461264403934827, 0.7503977591776622, 1.6856116859097756e-05
0.11957810087793617, 0.7786933792896048, 0.00012470969019798197
0.1408655784987979, 0.740575476108081, 0.0002835102272132498
0.1437269539223433, 0.7261517938990785, 0.00032216565682320316
0.10744367812793955, 0.6452747448837834, 0.00011341549093049664
0.0730515860280885, 0.7221368337658994, 1.6584308177348904e-05
0.1014656883136691, 0.6755371653304879, 8.0439971586831e-05
0.0824171168226473, 0.742832353183487, 2.6647772585920465e-05
0.07343164019962543, 0.6435762713111618, 2.136249911481832e-05
0.05909837316908798, 0.7428449173572297, 6.167396913646045e-06
0.12998533975652216, 0.675112611592477, 0.0002395238144681409
0.08367202344281222, 0.5376809819436987, 5.435878504434438e-05
0.10598423096834067, 0.8178444588380362, 6.647922971448105e-05
0.07455603227199026, 0.762055327229506, 1.6289852650891345e-05
0.05548964472524083, 0.7264454362500857, 4.887563943336974e-06
0.08509085971375895, 0.6574328667855002, 3.9151453002643974e-05
0.15923649943169382, 0.7344891548032209, 0.0004942909484063505
0.09497410170787988, 0.7064180087802716, 5.499272352795476e-05
0.09684667383334043, 0.7225233751148917, 5.728419513325052e-05
0.09888266927482334, 0.6800751995098346, 7.085668335401774e-05
0.0723869204278541, 0.7808881212192859, 1.3623625835165493e-05
0.08001179948308565, 0.5528188426064404, 4.223553396269728e-05
0.06633691973631949, 0.667993451659688, 1.2680746326633646e-05
0.10945939967358476, 0.6879808348288075, 0.00010827462524093231
0.031242766825333737, 0.6436566628204639, 4.972274586608726e-07
0.09846022078346423, 0.6768054095461097, 7.020787007071091e-05
0.05211719787340957, 0.581308550240931, 5.792541155936153e-06
0.10419584690477608, 0.6601202798089927, 9.468071880149003e-05
0.0907252422285982, 0.6581332305808064, 5.180146683692557e-05
0.10534134699605721, 0.7948955045207192, 6.85142379710915e-05
0.1097755525215524, 0.7370396877488609, 9.554521194099879e-05
0.11592640167101201, 0.6931090987844634, 0.00013732988674653362
0.13991740697169752, 0.6226991874101311, 0.00038926467140468495
0.12843128139982804, 0.5909860862936441, 0.000296457862811477
0.04365978040094903, 0.8655706347346097, 1.198725310746635e-06
0.10375699124322937, 0.8362835544676239, 5.7907552576700095e-05
0.11068314313449701, 0.7379070461289554, 9.883735395054985e-05
0.09308374555577306, 0.840357170557422, 3.5569930641797794e-05
0.10302295684841305, 0.7624567260364684, 6.752197593604134e-05
0.052249458928066615, 0.6114735467874566, 5.2938357041675685e-06
0.11299808981677202, 0.7985959313755496, 9.243247017953464e-05
0.07196632364346303, 0.6055189782733765, 2.2084083249946745e-05
0.08398495675512072, 0.823048939392325, 2.3583116194325785e-05
0.11130159364347458, 0.6093501785917887, 0.0001485381790523318
0.04607496570407068, 0.6831137938451917, 2.4390790612713722e-06
0.09368059890664306, 0.7330915372183399, 4.807374800238697e-05
0.12444246421155084, 0.6767036577314051, 0.00019680254027820538
0.13824264882213247, 0.6106826062408199, 0.0003838484589143757
0.15136611608552464, 0.6582895582907596, 0.0004923320416297297
0.06946140483296352, 0.8314939893428663, 1.002119109631811e-05
0.08171073381652476, 0.6894502047857524, 2.9784353287211468e-05
0.07967068273679827, 0.8223060087184273, 1.8733224624346848e-05
0.09730593405970903, 0.7430847362263515, 5.5297086531220336e-05
0.1296728722697824, 0.7778818436085155, 0.00017851503616016194
0.12333514225837655, 0.5377625079467687, 0.000299617342727517
0.05029207807609019, 0.6732726547276937, 3.6913234567006124e-06
0.026240444433767315, 0.6251600413236883, 2.4460013638270767e-07
0.10547724732162109, 0.8830489078251269, 5.58335247928405e-05
0.1302408490039545, 0.7399725704338318, 0.000201104790518518
0.09872950954065184, 0.7515076949240425, 5.763227236405725e-05
0.1169871421952271, 0.7355229638877462, 0.00012693494669829773
0.12011634045267833, 0.6401546294921714, 0.0001882111384559893
0.08725112519182802, 0.6173584450311426, 4.9577391214255574e-05
0.09808043346950496, 0.7117376297221667, 6.241493155590008e-05
0.10485449955537286, 0.5376734729030599, 0.00014672759275361933
0.12973256625155394, 0.663818792964227, 0.000245630589259493
0.06733583959653279, 0.8320233838790385, 8.729280780454059e-06
0.036098855074816166, 0.5820405928098755, 1.1482340754139343e-06
0.09970429855062513, 0.8435056765305815, 4.776732934249057e-05
0.12478326924545949, 0.6376176072662318, 0.00022435372121982512
0.09547750143773333, 0.747390832098215, 5.0284595887214045e-05
0.11947911608440503, 0.5518235416265098, 0.0002474288024222442
0.09136727915850563, 0.5360074565439639, 8.055699918903132e-05
0.11685028463124139, 0.6849918249669088, 0.00014560159366546323
0.0975517747267292, 0.7997523446922279, 4.827136970039964e-05
0.07594469360236791, 0.6896856572069262, 2.157010300981065e-05
0.0884425322270231, 0.7736408768040457, 3.351168164315056e-05
0.09702990273993128, 0.6925536435881394, 6.287003220315925e-05
0.11838438521898678, 0.6870021985448791, 0.0001533010414457831
0.09235610911038772, 0.5478127067216766, 8.086311322748064e-05
0.10418347406262178, 0.5428886865723772, 0.0001399133609213713
0.06599161837214301, 0.6494222841489261, 1.3111795027151316e-05
0.12184298785653475, 0.5219110447209819, 0.00030150554204324333
0.06641927340137756, 0.6143317913216323, 1.507488631304435e-05
0.05970377072136521, 0.7094746931009659, 7.0713091901544345e-06
0.11747464247720167, 0.6228992479153701, 0.0001802538148210778
0.10037668587150492, 0.4959078598165443, 0.00014234704792582845
0.10059175581927313, 0.676156652544202, 7.72939954276986e-05
0.11155212344368602, 0.6174130345252681, 0.00014612240541689547
0.10050557445436552, 0.6432422042558406, 8.508509634115576e-05
0.11039016207281677, 0.7350055366092374, 9.846418902772056e-05
0.09176109923269349, 0.7776137592549723, 3.900640242214377e-05
0.08372507511004451, 0.5956492416802084, 4.4416988755856504e-05
0.09662362705169583, 0.747668300904639, 5.295593484170388e-05
0.12256137290297137, 0.8486243753430349, 0.00011702827637756563
0.13282819943014532, 0.7687402971472826, 0.00020318135815230683
0.09095531506852408, 0.813236711174369, 3.430642865731399e-05
0.09477169830496171, 0.6722455444220857, 6.01583824641485e-05
0.019207939418859468, 0.6239411441361968, 6.222917842699957e-08
0.10859182825849087, 0.708473789134109, 9.858838669547478e-05
0.1418613418662767, 0.4466457966654906, 0.000803972648507299
0.12649222475522687, 0.7451144965705105, 0.00017442178550869944
0.08910559957249843, 0.732058492642135, 3.867731491832714e-05
0.0918319639086521, 0.7092805304026635, 4.704385008225727e-05
0.07263120230589713, 0.538844792880897, 2.9038938904077006e-05
0.11593518197572211, 0.7846898044612172, 0.00010718079371254222
0.10710105863571517, 0.7003288637110596, 9.494113189952078e-05
0.05876877645160919, 0.7741793849063769, 5.5402319459825295e-06
0.11671601829611591, 0.7479629323950191, 0.00012150098113945683
0.10980159572351783, 0.6081153263984502, 0.00014049862247802322
0.1165008298923133, 0.5242404428923697, 0.0002453310611268662
0.1311996944764266, 0.6761998348668605, 0.00024872543590194826
0.10296480432611292, 0.7339377203207197, 7.269058990854635e-05
0.12730268880080714, 0.7218641612720847, 0.0001911350228457503
0.11327108445986174, 0.6793001557177178, 0.00012911191602281023
0.16564386040488355, 0.6471168436303735, 0.0007574814463613314
0.11527495639145909, 0.6734343904874223, 0.0001419087479737384
0.15973802080047103, 0.6775616955223832, 0.0005889314145343334
0.08574058481049229, 0.6596268939834108, 4.021513498770412e-05
0.09980097189617787, 0.6828722271062684, 7.319475944141277e-05
0.07345937712465184, 0.6863559363204812, 1.8813732788929763e-05
0.10719239856764823, 0.6813589084137334, 0.00010067822994004021
0.1514027607119642, 0.7282599434361439, 0.0004027001076690466
0.12182248456610933, 0.7481367729943851, 0.00014662387225848332
0.054789763433664554, 0.6844818107251464, 5.206184379560952e-06
0.10895993267649186, 0.6047687914703819, 0.00013732866211810103
0.11780167467195526, 0.7237764389780987, 0.00013515230524919255
0.12474712190777655, 0.6178666064886378, 0.000238622176109976
0.10856146928565046, 0.6519057235743582, 0.0001162972496161515
0.14881424726921233, 0.7216812839224105, 0.0003801113737149111
0.10636140318542264, 0.6882806132784979, 9.534209245798915e-05
0.11138652436038464, 0.6798633438930366, 0.00011972540557958769
0.07196570292341176, 0.7882369868094733, 1.303181161916257e-05
0.10106659371465014, 0.6416195673740125, 8.763634642668093e-05
0.0713748737221443, 0.6860985570228201, 1.658793931814506e-05
0.15956046704372637, 0.7101412666841107, 0.0005335163228161598
0.07368879180968979, 0.7888978945121378, 1.443745426098197e-05
0.1545398989990358, 0.7508540013574183, 0.00041460414920036946
0.10276366270009722, 0.6383147315593379, 9.527748657760459e-05
0.10468119920637253, 0.7157816478807675, 8.219151981371632e-05
0.14877804728535352, 0.7887217906338141, 0.0003178990109956126
0.10083627343221485, 0.6897241865629539, 7.508079277289432e-05
0.16049853129116004, 0.5852123227466473, 0.0008061421838363971
0.11603732834615821, 0.770313781268248, 0.00011165046450724334
0.10522849153309603, 0.6266301193754793, 0.00010973118840323341
0.06545500630943844, 0.7323772253612261, 9.945917664649273e-06
0.10922919417131224, 0.7717028008721952, 8.52621254554853e-05
0.11735152628946928, 0.5989444486094135, 0.00019406323916160387
0.12214442710822865, 0.7072235740488609, 0.0001659955822588889
0.13199611700871358, 0.575563185573695, 0.0003525729312218807
0.12206127720968335, 0.6925409174869095, 0.00017259087279726526
0.08115154791183453, 0.7041767035627691, 2.7701835539341462e-05
0.10368373473294729, 0.7372561436025817, 7.427726066940031e-05
0.08208509472915035, 0.7554433789626349, 2.5311914512084586e-05
0.06020079595543334, 0.6888120305923733, 7.780621277539954e-06
0.10586575885479317, 0.6628848612995168, 0.00010069640385811157
0.13568222330624005, 0.754544491175809, 0.00023157793538937632
0.14254895995624897, 0.7524519784905446, 0.000289367767375198
0.07714214570943184, 0.6911253205444452, 2.301101802504357e-05
0.07920493501211012, 0.5657351266837491, 3.856998514672245e-05
0.11484072874691378, 0.3584168529630239, 0.0004927324759157139
0.11945107892657876, 0.8039608426987628, 0.00011644810931631717
0.11553922309251058, 0.6146344415604942, 0.0001720844629146841
0.0456064966730639, 0.7390607906790596, 1.9921549178613135e-06
0.08987362791693004, 0.6515052447913927, 5.07121550360725e-05
0.1109537149348833, 0.6894889305988755, 0.00011442882303957296
0.12521024491162314, 0.6657311805018824, 0.00020892167868515892
0.10479103758602265, 0.7816309908661834, 6.924502472897098e-05
0.10230507268191591, 0.7589436048410517, 6.608371139295702e-05
0.13517876759374392, 0.5952796390409192, 0.0003660337782494485
0.07658021606828416, 0.7169210315363196, 2.070790860249212e-05
0.1375636909942855, 0.6473711142827403, 0.0003342535821878863
0.14568118470215613, 0.6999546856113765, 0.00036796057673815774
0.07918791580871992, 0.630430034075939, 3.103068214972953e-05
0.09692361307549872, 0.7671027738627113, 5.09975144480664e-05
0.03340935598724315, 0.6757330518572071, 6.059478253707665e-07
0.1311013984782429, 0.703242051492275, 0.0002292073078032707
0.1150079546938351, 0.6044841016102542, 0.00017434070706229366
0.10520532198180946, 0.6901749486611393, 9.036774334914494e-05
0.07086577405905728, 0.6386697854990112, 1.8549572727667044e-05
0.09381589325780901, 0.7089544168695208, 5.173036124911924e-05
0.08094885660023457, 0.7983407770893309, 2.131652631841644e-05
0.10813004128862137, 0.6390016151174143, 0.00011893947253662862
0.16924409681945274, 0.6215008286253171, 0.0009026970084166486
0.09971455981224177, 0.6854268987636599, 7.237379496356601e-05
0.1257006574181313, 0.6376311969551836, 0.0002316925120643604
0.13329467075870052, 0.6125472449517869, 0.0003249847446776867
0.14446723750244705, 0.6169901022671894, 0.0004564515890525865
0.18404521340498387, 0.688652045993557, 0.001063246915119391
0.09536433710572102, 0.7885095633242094, 4.494178750129157e-05
0.11842288975736878, 0.6635557995412601, 0.00016456136401042423
0.1042095202915624, 0.7612185121835832, 7.12425998589088e-05
0.039198924961145756, 0.7828691921824777, 9.11997778173557e-07
0.05044660133350183, 0.7734992798979224, 2.8346959582457248e-06
0.1251456734366327, 0.6440996841319588, 0.00022268420794764523
0.10374470959979576, 0.705120773551007, 8.141212656073008e-05
0.11492825246795015, 0.7968926739760098, 0.00010001016926507744
0.07253538896565133, 0.7429347461263174, 1.5187430774611285e-05
0.07710493355713091, 0.7370253158536031, 2.01912228417791e-05
0.1238976939003954, 0.5949524001803115, 0.00024973512876896647
0.08602722957950264, 0.5860386233194078, 5.1702499781221204e-05
0.052932837607559305, 0.6951270279719565, 4.337388482732506e-06
0.12392252151353128, 0.8010750771871513, 0.0001378734108559506
0.09077589065724131, 0.6404690756193906, 5.483272751089974e-05
0.11735267139080602, 0.6136357548965872, 0.00018489011664620726
0.12844971396620627, 0.6681889514936368, 0.00023205618017876084
0.13260013385024735, 0.671479616021156, 0.00026429787120161945
0.09397299994588601, 0.7515927274085515, 4.63675725831992e-05
0.11010289533240927, 0.7407977424435684, 9.582549050286475e-05
0.1090456966071429, 0.7431118340171832, 9.127147718626036e-05
0.1259071637343627, 0.6620912517566291, 0.00021644728254340887
0.1655087958705031, 0.7442428988032966, 0.000570622964819219
0.08674713429547784, 0.6649775688037401, 4.16557067232352e-05
0.09546030020968092, 0.5939938070015109, 7.954673609467912e-05
0.13695505012347559, 0.629968440238138, 0.0003461558985028832
0.06660355787697271, 0.5760397330303241, 1.735600253601827e-05
0.10472552401469479, 0.6588799894396611, 9.718168983104522e-05
0.12800114250143566, 0.7172556647976991, 0.0001983164984983873
0.091807745304451, 0.6329335524958261, 5.900905712529764e-05
0.12611043178879328, 0.6938712949391354, 0.00019847806175565436
0.15548337541115587, 0.7728562398171493, 0.0004019554178749867
0.11399691812981753, 0.6931202973484514, 0.0001275493792612251
0.06449671545009372, 0.8968298697079204, 6.216002797140767e-06
0.08381045237640823, 0.7459265275477299, 2.8450231566646402e-05
0.07506272511463041, 0.7721499659990392, 1.6346682351522113e-05
0.11619921511360216, 0.647448504069347, 0.00015901917266223365
0.11756219230010226, 0.6478307758604939, 0.00016719393561892513
0.08814631475263973, 0.5588183602224638, 6.328821799870749e-05
0.10036036478731435, 0.8186198805309647, 5.220055728621852e-05
0.1382554905034883, 0.7653204640658653, 0.0002445016245420325
0.11343843203330105, 0.7312845828502326, 0.00011213417903989339
0.1426584982935027, 0.7350446788188301, 0.0003042622501246486
0.12842538618424598, 0.5244057289910337, 0.0003764392638628807
0.0968292725973654, 0.6594407149685091, 6.871376208414285e-05
0.0913720061011734, 0.8106180181493987, 3.522989069752767e-05
0.06598803046376586, 0.5791217474586271, 1.6484389981292115e-05
0.10062011159868708, 0.7301368979511592, 6.636978349739615e-05
0.12483426569958363, 0.7085965932591333, 0.0001819853991066794
0.07505922617958255, 0.7134852913974298, 1.9141404997317443e-05
0.11693216980767032, 0.605726415652117, 0.00018677661815467094
0.16141758623921115, 0.5627629256793629, 0.0008939200416406309
0.11358060518979471, 0.7005633903887672, 0.00012285968715057324
0.13625504041303696, 0.6675393208047385, 0.0003014140762730478
0.07257220501033676, 0.6562434093164488, 1.950856792031617e-05
0.08627607928896092, 0.5895525022672794, 5.174146094224613e-05
0.09707459635766572, 0.7242050897213416, 5.7611258535042165e-05
0.11075244636125683, 0.8045347788116373, 8.337404926317087e-05
0.11724375308669502, 0.6170499619209104, 0.00018210420362215835
0.10039142101439634, 0.6735563333624183, 7.721169668436698e-05
0.11144083497193535, 0.7962934883332732, 8.746106089250032e-05
0.12987787918539803, 0.6278119699072897, 0.0002759697893708299
0.11338230548803649, 0.5525806735229492, 0.0001959628567697406
0.0569221861299252, 0.6669185975018723, 6.487227872994849e-06
0.09358686363169325, 0.5816062144856337, 7.604196831234e-05
0.06492166257573592, 0.780990514704393, 8.437013892604563e-06
0.12558056973636142, 0.7786520454647494, 0.00015471692146634298
0.13419414972568564, 0.7727261370870312, 0.00021034997142582978
0.10185676936764043, 0.6756487584473276, 8.17860962730585e-05
0.09040344635542198, 0.662192964691344, 5.037449609958798e-05
0.1222638961832296, 0.7387366753664225, 0.00015279135903944224
0.08380834481057334, 0.5961502827355744, 4.453673219087079e-05
0.07732096657399921, 0.6175490860685746, 2.9115948189333048e-05
0.11201788177321034, 0.7347921345398528, 0.00010507545177878056
0.10051005310407711, 0.7564790499078337, 6.153098929171353e-05
0.10999157655242739, 0.7051637999500551, 0.00010528520743365912
0.09659497472731275, 0.7733727026029056, 4.942972170733636e-05
0.07718899081463994, 0.7439884143761543, 1.99102699626231e-05
0.13761745655844204, 0.767037491146976, 0.00023850431027568015
0.07466955158827238, 0.6051012826428526, 2.60100591892337e-05
0.10976557892555042, 0.5455844916639051, 0.0001742982478567944
0.12113894600571218, 0.7024725191829525, 0.00016223923788678856
0.11729775659212974, 0.8117331201063439, 0.00010544210584149335
0.046504935622205375, 0.6252448516358139, 3.0329235087210414e-06
0.05591705911680354, 0.7387430849308422, 4.888482417281968e-06
0.030985869063258023, 0.7355581106588579, 3.6715725802280035e-07
0.07284842160061678, 0.7315740433188119, 1.596239175183085e-05
0.06049747098753839, 0.6222787669112272, 9.741811008877631e-06
0.12061903903977134, 0.4320795648177938, 0.0004207927472254205
0.12356822759224316, 0.7120271581353134, 0.00017233074917119825
0.14352659696359515, 0.6788986081093382, 0.00036631825931472337
0.130207516508448, 0.7038995555563147, 0.00022199498290709728
0.10398223843947335, 0.731165480514386, 7.648122797860224e-05
0.1555409040732557, 0.6593874722790612, 0.0005530964067262633
0.07545133031489538, 0.6573892543058777, 2.3070396663741632e-05
0.07456970801208639, 0.6426574069514897, 2.2923536019898295e-05
0.09323278433212853, 0.7148710669734161, 4.950083623889488e-05
0.10842044728196479, 0.8346537744294833, 7.054113287007994e-05
0.11169409646841638, 0.7017506272300169, 0.00011374524307924054
0.06115851877284631, 0.7306022807636423, 7.413349361329543e-06
0.13046554237449143, 0.618506616438198, 0.0002900406190178143
0.0635974167823381, 0.8247268579679798, 6.910020157543446e-06
0.10233784391185277, 0.6266885416429553, 9.705590095806234e-05
0.10902916353376796, 0.7023835187928386, 0.00010209513909942687
0.0587499941573832, 0.6718701057610341, 7.345641064039566e-06
0.141883248589888, 0.8023483605793187, 0.0002493083944633015
0.04437553085561465, 0.6883845112396539, 2.0358013004152512e-06
0.11486134253940433, 0.743032399613808, 0.00011474017348989101
0.15027160326859393, 0.777551910227557, 0.00034179488544609836
0.12324389000696886, 0.7538188753203413, 0.00015198461630329006
0.1125796631356197, 0.7247143546851728, 0.00011042208087121277
0.16019221997375271, 0.7176527738632432, 0.000531568710443182
0.10672066967394526, 0.7704066205190185, 7.723594568248947e-05
0.13542682842430945, 0.665831912949861, 0.00029494252762303995
0.093676381755919, 0.7063808215881158, 5.1767902914370774e-05
0.08951415378017402, 0.686137998333747, 4.492276513092145e-05
0.10059867756760925, 0.7171482933233688, 6.87312043732891e-05
0.09834183624798236, 0.616069621311422, 8.428589196760978e-05
0.08005294235877476, 0.7508152449554025, 2.29487930120462e-05
0.08106297167221074, 0.6187475662954931, 3.570737951455333e-05
0.11739167469088707, 0.5109261007689401, 0.00026708766469185326
0.1242547018683186, 0.7122240836988383, 0.00017648550668326676
0.08618979956438647, 0.8597560459724116, 2.4222627542589514e-05
0.10658660114588861, 0.502196591465349, 0.00018076313940855777
0.05710262148624724, 0.6951445164125729, 6.054834809061545e-06
0.0801983408021396, 0.7876444237566077, 2.1020022600958365e-05
0.0724194813140536, 0.6144324354170034, 2.2048621063727417e-05
0.1392576900746963, 0.9197287057189861, 0.00017476354164421595
0.04918483426701251, 0.7153464676329824, 2.9647655627170606e-06
0.059972000804094934, 0.6213899308929798, 9.401800721737447e-06
0.08755389508629272, 0.6844072888935403, 4.095894109068186e-05
0.12934727700195048, 0.6951333858520223, 0.00022108622308237785
0.11691277932811317, 0.7242257478880029, 0.00013056017067419236
0.08760216532878998, 0.7688326460490784, 3.2536255205106466e-05
0.11041876896308886, 0.7157921238703296, 0.00010393954961206668
0.04750460046839088, 0.6765204817332676, 2.8447292980179527e-06
0.04164738566768997, 0.6001665612526285, 2.0258551231135624e-06
0.09449942116723255, 0.6844605695458079, 5.73003508580789e-05
0.08909571160697793, 0.7554821061682371, 3.6298397833825443e-05
0.07480558408097278, 0.754329769188424, 1.6871476173784768e-05
0.1143901748263717, 0.7726453697893237, 0.00010421155321182543
0.13185344187440828, 0.6647167069579701, 0.0002630844508672034
0.05743738022642719, 0.7919089106682757, 4.787092058423943e-06
0.09315503755554864, 0.7155297094645351, 4.9228712165846176e-05
0.11098065039960034, 0.8724275829181599, 7.154760327535254e-05
0.10436950709053631, 0.6134962670709025, 0.00011042464981596151
0.08022452492716314, 0.6177758961937159, 3.421806569750308e-05
0.14305016800426826, 0.6037112586426691, 0.0004565161905074335
0.0694682010693543, 0.7880194948291077, 1.1162220707461854e-05
0.13172909230044325, 0.6291060440366946, 0.0002924944693540161
0.08199268194069431, 0.5830463530280213, 4.2283422869802646e-05
0.12916141783216828, 0.6717366664385603, 0.00023526218381250623
0.12330722611743092, 0.6709251586360397, 0.00019229467841339284
0.13833222780100649, 0.6513975800792686, 0.0003383268370510682
0.05135632369376108, 0.7279561101166496, 3.462332615443754e-06
0.14125674868215543, 0.6948372388866056, 0.000326016988279475
0.11672932460968137, 0.6634900952553381, 0.0001544859148670885
0.06861636151114417, 0.6771774574722059, 1.431669348633962e-05
0.01307837723102541, 0.6522509557021645, 1.0494782262619942e-08
0.0933268945855553, 0.7758015350611727, 4.221770436317168e-05
0.11425679870879833, 0.685913652323755, 0.0001315552033617181
0.08816206507844651, 0.7765291506896002, 3.2801226953373974e-05
0.06325797069491418, 0.6784820565696914, 9.97232190490938e-06
0.1250224987232657, 0.6524768906015197, 0.00021606458917185103
0.11377110538545983, 0.6992796120772512, 0.0001242238160254923
0.0976900183954056, 0.7472792982506321, 5.5634070525217295e-05
0.13394825538545352, 0.694242127298809, 0.00025850386486884477
0.11313070686960272, 0.6806753687888524, 0.00012789101366965554
0.04949517503632737, 0.6143216508169972, 4.132861556250969e-06
0.07568814294421011, 0.6195434871210773, 2.6335698643299935e-05
0.11195917638324944, 0.7591964755786831, 9.820196733590798e-05
0.10017571495636488, 0.717225712129527, 6.745419742244198e-05
0.04086601795904077, 0.5874257192270315, 1.9456028654616547e-06
0.045174689493674806, 0.6825136100543394, 2.2401754830987423e-06
0.09915427807783592, 0.6259807357050999, 8.46475457840201e-05
0.10095963267040242, 0.7759823491145377, 5.963652969748162e-05
0.13021501905464172, 0.7287799264652451, 0.0002071485225563197
0.11892541560576983, 0.6864404315142603, 0.00015666384029734687
0.0372768447836891, 0.736200790755536, 8.266193692888615e-07
0.07160676462320777, 0.602907220137584, 2.1790277181290256e-05
0.08345120804117627, 0.6692932990046692, 3.467659979331616e-05
0.12231623726002154, 0.6472390312218921, 0.0001994190277368404
0.12505843228723565, 0.5749012476240383, 0.0002786612028480019
0.04467204520437345, 0.7729222145669281, 1.6628458724867593e-06
0.11125780357289644, 0.8089167480053192, 8.414190941855181e-05
0.11945137396790938, 0.7151664821223986, 0.00014716097304807356
0.10645800278503112, 0.8986491305528954, 5.615263790016373e-05
0.04594634272631939, 0.5601194931379756, 3.583510596772968e-06
0.07731081793335219, 0.7091082285284229, 2.206978114747187e-05
0.0820330127009845, 0.6799063519322767, 3.116146095706584e-05
0.09000119655900303, 0.7055736284825997, 4.350845519269369e-05
0.12515022061857148, 0.7070016185308509, 0.0001848520226583092
0.055447245494624216, 0.740899277105051, 4.682949237729956e-06
0.09350099095819116, 0.7430202950089082, 4.64040498614953e-05
0.08843399150325855, 0.6299947874054601, 5.0514561333982495e-05
0.12298918684528415, 0.8332243030252507, 0.00012326975484741048
0.08559047798322675, 0.7109834904861059, 3.434937601836059e-05
0.07486670713851692, 0.7193251277559453, 1.8620264884224653e-05
0.09357933163330648, 0.7024296708779516, 5.211370290325593e-05
0.06665477561094696, 0.7731577344651208, 9.666901173180756e-06
0.0893382872561209, 0.5130936140440335, 7.964127711631266e-05
0.07150807754457962, 0.6715697194134238, 1.745605638317614e-05
0.05875960401523153, 0.7766752964254134, 5.500901888285569e-06
0.08721339247498935, 0.8606405267342323, 2.5461753229104905e-05
0.12434768595969983, 0.6746494920702424, 0.00019734013254429762
0.14528845799108148, 0.6327900941022093, 0.0004449010766289579
0.08203941593736105, 0.7212619784503577, 2.7699956225426227e-05
0.01110840415535641, 0.6818025511259408, 4.682912155294989e-09
0.10286736046489038, 0.5830303934061005, 0.0001147109641144712
0.14951667790782217, 0.5797800361735104, 0.0006012758963623892
0.07508531937144278, 0.7393571414086735, 1.7852518646356546e-05
0.09681176945799568, 0.7735363297224461, 4.9898600020867534e-05
0.1604932668137151, 0.8122241731750548, 0.00041843121080563877
0.10289724095054276, 0.7088812012716226, 7.769541480540955e-05
0.10780876953906512, 0.6960147520518609, 9.894799555223279e-05
0.05079568482863065, 0.7651266310547947, 2.986326360997543e-06
0.07376534079928583, 0.9069896506561672, 1.0972651559562743e-05
0.1022964456086846, 0.5821560349751624, 0.00011227252310767676
0.15136176698940457, 0.6023735883175463, 0.0005879024712287077
0.08702174124664193, 0.6836573278101635, 3.996236059731458e-05
0.15179660869677544, 0.7843447335112176, 0.00035115999267264534
0.17480613567439116, 0.7646371247637813, 0.0006875503298703292
0.15736556969312554, 0.7241844343488286, 0.0004826922056353736
0.11906003705024418, 0.7324901794173829, 0.00013827152192375376
0.05209012883795397, 0.7483464900253863, 3.487260126792159e-06
0.06613741914092303, 0.7672137201422812, 9.486391575751876e-06
0.11908252813077491, 0.8111357373911965, 0.00011285225147285817
0.13148347496922286, 0.7487042607637999, 0.0002048228718978361
0.06030709418651501, 0.7267576180094064, 7.043810848620355e-06
0.1669476386961668, 0.6972638330286415, 0.0006753437026186945
0.0713428528372587, 0.6545214246883972, 1.8191153516151335e-05
0.10357747076089789, 0.6635993249164536, 9.126859272728309e-05
0.156564815920549, 0.7286415153637389, 0.0004662216406933102
0.10449868139726451, 0.7474600107118043, 7.479585608680922e-05
0.17288301038534437, 0.7302550195582672, 0.0007180042035868278
0.10438965893207995, 0.6047163923518671, 0.00011375102540901941
0.09620102342800818, 0.8032804914198988, 4.500099367375795e-05
0.10253120473583668, 0.6463800365460743, 9.199340481121192e-05
0.11897376695953223, 0.757811942056192, 0.00012877404633052488
0.15285159853433825, 0.7535143968179021, 0.00039225701766925015
0.11715359359910993, 0.7268777857661237, 0.00013078797306391446
0.09322436438414072, 0.6511698921435376, 5.9635761503805144e-05
0.10269435318899738, 0.5935821619662557, 0.00010985228518038513
0.0754496254218502, 0.7085149209848797, 1.9859078062085717e-05
0.11693889600538454, 0.7978333509904845, 0.00010768645421971666
0.05862968193276788, 0.6678958764612005, 7.366573740427955e-06
0.08158376497091269, 0.7304237063309373, 2.6355584269807693e-05
0.0998720068480394, 0.6847283172043336, 7.302674401955155e-05
0.042644576898343695, 0.6604127544659613, 1.856674429610685e-06
0.14961774443169973, 0.7774748655276731, 0.00033536584908247394
0.0, 0.7699544873363047, 0.0
0.07330967929375097, 0.6095262376085032, 2.3642363673457605e-05
0.11618258247451396, 0.8273692900133329, 9.731675433574465e-05
0.11249011988815263, 0.7558090884947275, 0.00010116841538146377
0.09140056574173336, 0.7218423002155173, 4.448937755938721e-05
0.01991001780165473, 0.7151513559483984, 5.5473455188995086e-08
0.06428655448919676, 0.7189301424890783, 9.535010406661355e-06
0.05781858843974534, 0.8207302763886742, 4.5884068641037195e-06
0.14398641016310176, 0.7960507240439686, 0.00027020851569232014
0.05324119730088365, 0.6418955171092532, 5.218282551369232e-06
0.09831015411183178, 0.5771476394872592, 9.590139134512868e-05
0.07493740630500587, 0.6795984381696608, 2.0947646944491997e-05
0.11629593439997296, 0.6972373143614843, 0.0001376222320098869
0.06936564978855435, 0.7082777791206781, 1.3727589462372542e-05
0.11663981491184852, 0.6036353900623943, 0.00018601266957153488
0.10147289508506091, 0.6935717683772402, 7.633492945387817e-05
0.09536059767031332, 0.7241981963782327, 5.3268989996241004e-05
0.09321557335691683, 0.5732372971298834, 7.692124570588403e-05
0.08740037444877738, 0.8212330979244515, 2.8228740342388097e-05
0.07078656882629894, 0.6780279241462766, 1.637776094478899e-05
0.09559122606126881, 0.7366176451094091, 5.203804855258705e-05
0.08285769131776241, 0.5804955358267129, 4.4671709570904387e-05
0.0770268927456148, 0.752337460825057, 1.929154409563692e-05
0.14295163863282292, 0.8105907948269394, 0.0002524612738028501
0.0914780394247787, 0.6592200358636479, 5.354257231548889e-05
0.11656878957732242, 0.6045767001965244, 0.00018493757032321791
0.13089046924995193, 0.581467901612341, 0.00033289687198253534
0.06277423237981855, 0.5710858576454451, 1.3608219114691373e-05
0.103002574532026, 0.6298414922137077, 9.886325705239356e-05
0.10818804002817502, 0.753631407761571, 8.571101369734294e-05
0.11647497707424379, 0.7621719806938261, 0.00011595341054987332
0.11368889191006501, 0.7118723283122198, 0.00011948710029448051
0.0825000730649338, 0.6666518961966226, 3.323278406014405e-05
0.13117357392650084, 0.5570522803721082, 0.0003661827909441888
0.11150196363322736, 0.7566599477908745, 9.709737163483327e-05
0.10881544448498495, 0.6289660809072101, 0.00012622629187187268
0.061346488404875825, 0.6753079237120873, 8.79502181011255e-06
0.07480443493838188, 0.5942223205642028, 2.7186187039453035e-05
0.09217563630871906, 0.7504478239909347, 4.272046063103126e-05
0.07740822507797734, 0.6807091469974859, 2.4082746036832592e-05
0.05919756796072525, 0.8782724648841596, 4.4447195950010275e-06
0.09869785556886293, 0.718222736015876, 6.300884994388803e-05
0.1233523415559315, 0.6876594478637306, 0.00018334438741053535
0.06031604779496605, 0.707752359071771, 7.432037686802636e-06
0.06265448720208255, 0.8232779980874764, 6.493255171640924e-06
0.07413004183704287, 0.6866450258186234, 1.956482733612171e-05
0.14790324366079982, 0.7446201871454039, 0.0003475346880881835
0.12882309765088074, 0.7852815084868152, 0.00017017180362055982
0.14277575214064459, 0.6084930489730092, 0.00044558879733566783
0.08484780830337153, 0.7725668973764279, 2.7997062793229797e-05
0.12678567682158343, 0.622694987099656, 0.0002523039262879322
0.15738444189637754, 0.6524932943448061, 0.0005949023769851709
0.1459066930811594, 0.6272555709829445, 0.00046132584542800316
0.10722529170990082, 0.7558301477699231, 8.192667251065247e-05
0.11226520739531488, 0.6246719039249358, 0.00014680496922898535
0.08391668608674055, 0.7117945417703627, 3.141877299053853e-05
0.04891012683391145, 0.593543283624096, 4.2016103951113055e-06
0.10008213235389864, 0.7060540910711517, 6.932003430988757e-05
0.08354879646855728, 0.7527289931333757, 2.7556590387572487e-05
0.11614752932784819, 0.6637312733133645, 0.0001510167882022154
0.13272681997053812, 0.6870264130166649, 0.00025353461477304587
0.12487645805193846, 0.6865190191384798, 0.00019416693160433476
0.04588598821800112, 0.54446968186362, 3.7706036769448955e-06
0.1304625481014608, 0.7238638311173797, 0.00021173366358132162
0.0663995593524011, 0.6005812325651797, 1.5752491403670398e-05
0.0775271631007971, 0.8020720438983285, 1.7463700113559664e-05
0.11102211904328295, 0.8032881747586359, 8.453275121240398e-05
0.12428474156401785, 0.7411724064094736, 0.00016314200380409058
0.07683855080688323, 0.7509336955350981, 1.915627399991715e-05
0.1306894424809352, 0.6016632172591503, 0.00030882837551098963
0.1192541708506278, 0.7057136275084415, 0.00015003501604552114
0.11021991586553533, 0.8384545564514332, 7.515383890826798e-05
0.06848649076579193, 0.7060747542559594, 1.3059487977775825e-05
0.1422256901450011, 0.6783119591712363, 0.0003525415975941968
0.10599991847989604, 0.6690384317533915, 9.940497104103305e-05
0.09779887677095697, 0.6512433040574965, 7.361195796810547e-05
0.13261203858075132, 0.6934123334347118, 0.00024794066338254994
0.16109593425800497, 0.6940807424175747, 0.0005825296812665967
0.11034783567483149, 0.64893513766988, 0.00012610262352347589
0.059657890076909435, 0.6572748087739952, 8.211275740756713e-06
0.12104456027117019, 0.8410187077178529, 0.00011280122172442255
0.08679255223294885, 0.7812024563112019, 3.025251733614716e-05
0.10681235344495128, 0.6500957795178784, 0.00010887940386451389
0.1027323553401922, 0.6155625542701084, 0.00010231360569575678
0.09022769804022734, 0.7206337165295256, 4.217277728564321e-05
0.0934892755265064, 0.7767472141691578, 4.243833957372218e-05
0.1176407424615259, 0.7515354876338236, 0.00012460086040141536
0.10821557752469689, 0.7717049267780489, 8.183486871097676e-05
0.09730163628545488, 0.7077141942122986, 6.095070273550412e-05
0.11906698988019211, 0.6294591392642048, 0.00018728925297822297
0.07257194363765046, 0.830811706830241, 1.2171474748719687e-05
0.07552613579778758, 0.5817708126082096, 2.9586255660759118e-05
0.0836799028316252, 0.5983198166891279, 4.391695885065394e-05
0.09531734934208022, 0.7105030713839539, 5.523197677308747e-05
0.04482174534248359, 0.8234778589263491, 1.486663245164462e-06
0.09753685071392207, 0.6419887342151354, 7.486063217241753e-05
0.10001421267428205, 0.6485758241942354, 8.190604483294555e-05
0.1392454726274029, 0.6551986104851109, 0.00034423635101991056
0.09837279281723017, 0.780790009192519, 5.254693720620838e-05
0.10142304530129166, 0.7553231031108554, 6.422462896531306e-05
0.09459632505367692, 0.9189139711568609, 3.193470831029146e-05
0.056163471792039565, 0.7714446344517258, 4.570394989577062e-06
0.08221525872761119, 0.701366171075259, 2.9571063920677164e-05
0.12664970532953215, 0.4889435907190003, 0.0004072928537139858
0.07511096810080789, 0.7164724189662345, 1.9039771241976064e-05
0.10670991266862867, 0.6365639210955908, 0.00011307922422606257
0.09247831896374842, 0.6900173635420278, 5.1265067762082185e-05
0.06297838436148247, 0.7063721269298749, 9.022802596638766e-06
0.11636999240776388, 0.5889744620055246, 0.00019340753737173114
0.15201551821343423, 0.6883874773860369, 0.0004587824976504939
0.04949779665134626, 0.7495311803543125, 2.7769259843103337e-06
0.08021437246446203, 0.6134768889815815, 3.468000258500488e-05
0.17794916981031267, 0.7460175620088701, 0.000781214050788307
0.07779497145527206, 0.7198071533182971, 2.2015081319258742e-05
0.10303436805535018, 0.6558122866710311, 9.131204957778691e-05
0.1555346058001731, 0.6459798183625756, 0.0005761916250058443
0.10901109237297393, 0.8737891531893116, 6.59209779670312e-05
0.12032698170669165, 0.763838786173133, 0.00013321704124706442
0.09654186551832075, 0.6820950450920972, 6.339063887454401e-05
0.06323666032902757, 0.7423864341879347, 8.317046239009471e-06
0.07496094633178246, 0.8250832975559189, 1.4231299955499686e-05
0.08531646424105263, 0.7961805117672278, 2.70076841139521e-05
0.07941466543105316, 0.6395587094523784, 3.053290937521996e-05
0.1342832083135863, 0.7237462117450146, 0.00024048545207274596
0.14038546636626076, 0.810439366119888, 0.00023320738366186525
0.0950321432931142, 0.6764174791354832, 6.0140434344481467e-05
0.0901782548079152, 0.6481689069427193, 5.20040952549439e-05
0.11300234566028718, 0.8176481284541812, 8.818969091067445e-05
0.09654318105414458, 0.7754527159280972, 4.90490177035639e-05
0.05380042028209329, 0.734451908680509, 4.173458604176635e-06
0.09258683158967719, 0.7349858435060147, 4.541763617990992e-05
0.052455831017220275, 0.716955263469548, 3.918089726208545e-06
0.11144146451687964, 0.7544586929748387, 9.7431845924655e-05
0.11165288041203783, 0.6427124163119953, 0.0001353817786442107
0.09987860236767468, 0.6248270469164159, 8.772534089368363e-05
0.12694956055121603, 0.7855916508194515, 0.00015942244554776588
0.08679174509035155, 0.9391228078244628, 2.093274446389366e-05
0.09013284330870275, 0.6655705893106071, 4.921111053859487e-05
0.09516330916469122, 0.7626192063264828, 4.760103287276463e-05
0.09069159161904364, 0.5962633446017088, 6.300638721853362e-05
0.09825433643974868, 0.626752154094541, 8.111885750320742e-05
0.09440904940095876, 0.8167769859214142, 4.006995563267709e-05
0.12893182535625686, 0.8863176024521744, 0.0001340823847063447
0.13094534143688313, 0.6533801089863275, 0.00026413765001111834
0.12814281494010177, 0.6618913250305339, 0.00023401692202723305
0.1061292318174191, 0.6939772637313817, 9.288583807405559e-05
0.1296501920221257, 0.7583279588748416, 0.0001876954234869405
0.15675217031411323, 0.5870279043277247, 0.0007220845963609758
0.0980064477886307, 0.7227409927963785, 6.032828439826171e-05
0.13792407630694853, 0.77355846628497, 0.00023680778734024615
0.08899367465288528, 0.5370235504933576, 7.14758697144082e-05
0.16532684773057862, 0.6086951680555185, 0.0008489401689276323
0.0791562966556442, 0.5781625028883018, 3.6830033196145687e-05
0.11597483504692782, 0.6479355333656942, 0.00015743557006803698
0.13001762569477288, 0.6543539778276082, 0.0002552408719551962
0.06245570357730734, 0.7722412283411888, 7.277415841075586e-06
0.15673362666453178, 0.6647399340959679, 0.0005628283465375475
0.11642470696225322, 0.7246135349632432, 0.00012804177579640153
0.09465009844691868, 0.5692314680594873, 8.342972344736694e-05
0.04798212781742916, 0.7417855840119298, 2.472628859169776e-06
0.07789855880802685, 0.5427436253229376, 3.8949859502312905e-05
0.09704857553967891, 0.6671588605821398, 6.780468578795192e-05
0.0821556740881328, 0.8296324242270408, 2.1066856734776504e-05
0.08091364792880584, 0.8253038935833856, 1.990828949746175e-05
0.0988791867632542, 0.6905279360314146, 6.871711039045646e-05
0.07248048495689392, 0.7490362036727549, 1.4891315899985644e-05
0.14599561708637127, 0.6663282236384197, 0.00040990638059427135
0.10159513877018396, 0.8348777211860716, 5.296159253849815e-05
0.13456989396830885, 0.7033691309767394, 0.000257021878468805
0.12305592899701653, 0.7550460355316179, 0.0001504770349008551
0.06277657501280565, 0.8658164081001292, 5.921391703400608e-06
0.10321021026403876, 0.6762348330389404, 8.652677920464664e-05
0.10413742235319622, 0.6767892733819996, 8.985225636152395e-05
0.08789931136027769, 0.6950337649874939, 4.041012279785758e-05
0.09485293214157466, 0.5325713512774831, 9.621297469795227e-05
0.11418090341778696, 0.6115163768397492, 0.00016502927895396065
0.028380474977279274, 0.6621653254459018, 3.078360864464149e-07
0.16713433413932738, 0.7033957516502574, 0.0006668918151861565
0.06039210121987657, 0.7074682269501097, 7.47936338806241e-06
0.1287340446025563, 0.7648816373212062, 0.0001788250891106623
0.10658433563515642, 0.6983769375112886, 9.346241562158676e-05
0.10392407403075658, 0.7821029111591927, 6.667902059317642e-05
0.1062613921426561, 0.7040694687502268, 9.073755634113242e-05
0.07738481294160299, 0.6525996872321093, 2.6167209885702394e-05
0.07619293522205997, 0.8383936867367019, 1.4807938364151062e-05
0.11132249296294522, 0.7371240980002327, 0.00010158966806689662
0.10074469879799296, 0.5493333099517033, 0.00011788857577838632
0.0900361376279652, 0.7449392131099986, 3.909834670148671e-05
0.09573839311989338, 0.6805945496166663, 6.137167166909833e-05
0.1023828233576132, 0.8408068061138817, 5.4022254863561786e-05
0.13388806680622667, 0.7335769761625694, 0.0002310674355814193
0.12255989863728257, 0.7737725495411581, 0.0001407577090264516
0.05047829619142374, 0.699222841515705, 3.478526439664039e-06
0.16330538305230605, 0.9296809695324366, 0.000344746779514326
0.12522533249670142, 0.7366278923901961, 0.00017073211870036124
0.10798033310441577, 0.6373932011903214, 0.00011881398446113042
0.026757179961064956, 0.6613495828558628, 2.3814486606532425e-07
0.11375402590291148, 0.7355761526540199, 0.00011219265585080879
0.12249477090447602, 0.7183440150404747, 0.00016293641657086667
0.08593854337600597, 0.6682718034657931, 3.958100080438768e-05
0.023834322285783333, 0.7654360286561249, 1.0686622035971986e-07
0.0821961432737846, 0.6225375577341914, 3.749567015381424e-05
0.13081474910149482, 0.6975969333393779, 0.0002306993160435747
0.12448745652111895, 0.6855278239488982, 0.00019207389193221061
0.15449711571822947, 0.7975558884744303, 0.0003670230163391269
0.0798158857313363, 0.7182473207281926, 2.475203740467755e-05
0.04353279233592836, 0.5608271401147051, 2.8190356175809616e-06
0.1539647746703926, 0.681616017880804, 0.0004949260952738744
0.06216549027606559, 0.7180210216896414, 8.24724271680513e-06
0.10374916322995464, 0.6707595258105832, 8.998382515660256e-05
0.12225736603446807, 0.7061166001018137, 0.00016719497006978197
0.12340457034108232, 0.6165978877315133, 0.00022846480507952917
0.04494510316608168, 0.7368921561584932, 1.8791459352369382e-06
0.09580143217156724, 0.7640860505705123, 4.8833534803864386e-05
0.09792595559224399, 0.6546747236171173, 7.325970241587923e-05
0.17317063723791382, 0.5829938995295512, 0.0011348137749411808
0.08113590596513177, 0.7414543236008732, 2.4965179242984034e-05
0.10069305095867065, 0.6951966311994249, 7.344265681839898e-05
0.13154247707093952, 0.6002868216973318, 0.00031925576479844176
0.07296763361213421, 0.7524257827869244, 1.5198884423088775e-05
0.06877634238400619, 0.5618710588420912, 2.1009925131979922e-05
0.08437728909951946, 0.7523266004056492, 2.8810152789643225e-05
0.09286355533239932, 0.845412122718151, 3.4781499800099085e-05
0.08312112589856122, 0.8477702326412133, 2.1239280780175177e-05
0.07549837965163037, 0.7305567407666542, 1.8731974953930743e-05
0.08630022128588175, 0.7308565076791071, 3.370963587341346e-05
0.10015016822457674, 0.5831966489074653, 0.00010190682317941924
0.07081241125475225, 0.762466931801424, 1.2971946709389913e-05
0.06278377238399348, 0.6674767663069481, 9.968324813111507e-06
0.06667146072002536, 0.7608952127725352, 9.991991661401485e-06
0.09535618556953632, 0.6940833398929499, 5.7979929827831845e-05
0.1381969807196911, 0.775832217151864, 0.00023747829275524147
0.11571331128320883, 0.6230370167586028, 0.00016858728306950356
0.0817359741681594, 0.5966538895478962, 3.982348056560191e-05
0.027577790411296946, 0.6345819952922457, 2.954282750284479e-07
0.09805673565696972, 0.5685072361811168, 9.772250726427958e-05
0.10155320902573325, 0.538778275527897, 0.0001269398005420729
0.08551476883262296, 0.6645655246381509, 3.916257468365009e-05
0.08610754053445263, 0.8022423945617535, 2.7703579904179248e-05
0.12345550673755767, 0.7046052490233582, 0.00017527509089957359
0.11031078078481389, 0.614675745999952, 0.00014034364790041016
0.15513774533897556, 0.7563341608436089, 0.00041561896482682724
0.09845043506925437, 0.7297057318881722, 6.037094811562591e-05
0.11390726471280624, 0.7946724427355119, 9.669763511955057e-05
0.10730277508479402, 0.7281771974035465, 8.854824219433225e-05
0.13470210255841356, 0.7041997573979102, 0.0002575261904093489
0.08692049252106807, 0.7470033785215207, 3.3301082454337654e-05
0.09345939744506, 0.7629062037699165, 4.3930353867064463e-05
0.1244840796536678, 0.7540428251733963, 0.00015873571390104615
0.09786474264188867, 0.7805150978029904, 5.1399490906856276e-05
0.05768717033910927, 0.6052120715864281, 8.354094317208166e-06
0.041795094545159124, 0.5783247443035344, 2.216020230643927e-06
0.08260140920116368, 0.7774358867564999, 2.456866383394523e-05
0.16958522146517863, 0.7484591649626283, 0.0006279670960904985
0.06206139928698421, 0.6254316815772303, 1.0789989496820265e-05
0.08800235205262913, 0.7294823223955345, 3.687323013433957e-05
0.05345767753655695, 0.6531284586883824, 5.131130549802159e-06
0.11449952896051377, 0.6126001505033307, 0.00016647459956838223
0.052336936978764084, 0.6598790255100122, 4.579243914266938e-06
0.12946178648406573, 0.7529691956264482, 0.00018916226234544
0.13652742791820746, 0.7576223827491587, 0.00023606298858687747
0.10504619080363534, 0.7583462744253181, 7.435396623457732e-05
0.10730037402733994, 0.7027001534090884, 9.507607357726366e-05
0.055743940254470804, 0.6516226527579393, 6.197881514219567e-06
0.11054307279892871, 0.7677167443008704, 9.080350548788293e-05
0.058251644906727074, 0.6990389983743881, 6.536106772743554e-06
0.1471495291103568, 0.5984688518694191, 0.0005260437325697114
0.09731272905948879, 0.6236036115364414, 7.854076432003917e-05
0.09552885537415175, 0.6726656169997866, 6.22242347184334e-05
0.10147686892956224, 0.7580060217948656, 6.391983471950772e-05
0.16084774420800502, 0.7472459829264045, 0.0004991885406556272
0.09565030533892865, 0.7325634261203612, 5.2758862046061384e-05
0.1254244484005534, 0.7457320462262242, 0.00016775750686828786
0.10017445282226366, 0.6731287792375154, 7.657734171211933e-05
0.09696335146586363, 0.7548716446841779, 5.2758591481598155e-05
0.11497673825445852, 0.5691894160356131, 0.00019639760860954718
0.10640190587143371, 0.6287399365608243, 0.00011444615186959135
0.07052281239460684, 0.702200969182535, 1.5020811307772027e-05
0.16287463420804357, 0.6537468107718151, 0.0006891312201009345
0.14480485248677805, 0.7624519088271141, 0.0003019859191950434
0.1067451485081109, 0.7603557392406523, 7.937140749059758e-05
0.05413804096726882, 0.8357417692020516, 3.313087004273099e-06
0.10409961672326606, 0.6657955747302048, 9.269584395758109e-05
0.1664124449434255, 0.710152324577519, 0.0006419192461677293
0.09305442131833921, 0.6885712309483225, 5.290674045941785e-05
0.051431606752314174, 0.6374906876364408, 4.543919328395601e-06
0.17210679894805817, 0.8013259123852337, 0.0005846000432098828
0.08271860944000635, 0.5919300745153762, 4.264609550707308e-05
0.09219389864256873, 0.6092149842812227, 6.488052241305639e-05
0.14368303454472875, 0.7811983782539572, 0.000277988860970492
0.11109179864330525, 0.5921631999125448, 0.0001559853675263644
0.09587763132803265, 0.7366415075200393, 5.272415492882726e-05
0.11736839952855141, 0.7831066596959118, 0.00011359239732652546
0.099761267560249, 0.7531675272709994, 6.0064150711599037e-05
0.09169609026656322, 0.7201884575618129, 4.533328449528542e-05
0.11249565849097229, 0.8926452202304329, 7.254466558037262e-05
0.12953965039743892, 0.5824401661549456, 0.0003169824616396829
0.07737684095793079, 0.6910415595236831, 2.3326304532764288e-05
0.08559759503334881, 0.725635913510353, 3.298824685396143e-05
0.06731539106171465, 0.8148254856151945, 9.089498672995845e-06
0.10072272139217187, 0.6913514481301167, 7.435821043298428e-05
0.08896114029522278, 0.5320145724535627, 7.271103742095483e-05
0.13262472307791515, 0.7833142788776357, 0.00019437551944733207
0.13495598627508806, 0.5729595737157711, 0.00039225041439607173
0.12059733970024739, 0.8087514654163909, 0.00012001118874725302
0.08483445558028964, 0.7761241814453405, 2.7721803885928193e-05
0.08081172894017954, 0.752568884841722, 2.3810073367429164e-05
0.05543637309578077, 0.7295247449972994, 4.825952040907633e-06
0.07328320809091182, 0.7464829911066629, 1.5737862447844036e-05
0.05999521017938376, 0.783489527832417, 5.923964580061161e-06
0.12016061414697747, 0.591869367597339, 0.0002205299521998978
0.06818829091652194, 0.6778871668592411, 1.3898701123525399e-05
0.09534223918600473, 0.6809818711279677, 6.0193600982051563e-05
0.10051938117267353, 0.5664951255458072, 0.00010976722629366929
0.1265905136064195, 0.6588149217351812, 0.00022387425584264798
0.07502146485848273, 0.6489861799846487, 2.308401645128893e-05
0.11365261073224855, 0.6951081634225758, 0.00012514414960917639
0.09782288736731001, 0.681165253931832, 6.735952633557802e-05
0.07417528365286459, 0.4980224573670984, 3.729139181937875e-05
0.09476275852599833, 0.7346112321359252, 5.03566260261697e-05
0.0881536967098933, 0.6946956475474945, 4.096708559154775e-05
0.030158335348567142, 0.7159801020484657, 3.4399838372763324e-07
0.03467397417106213, 0.8713518233569517, 4.2913579601360334e-07
0.06752587191581527, 0.7002443458860319, 1.2477729265877223e-05
0.06028280381034318, 0.6828239539386647, 7.965252593120547e-06
0.08969638094283269, 0.6999124220525995, 4.3560027435056156e-05
0.16610362220333535, 0.6953156998976883, 0.0006641556624843128
0.0951470077170364, 0.58639000569764, 8.045098586023182e-05
0.15356671175418057, 0.8042390608970943, 0.0003514817228012752
0.09982366232922922, 0.7850396054868071, 5.543833244666205e-05
0.09515472751914213, 0.7022711493489487, 5.6111240574657884e-05
0.0957345331472696, 0.6583327905337125, 6.558082373792957e-05
0.08623664733298339, 0.6886040741077775, 3.785043913088401e-05
0.04014434090652663, 0.7100261804433204, 1.2313010021215981e-06
0.04790354782343818, 0.677520282660604, 2.9426532094448153e-06
0.09667513970465566, 0.7408478516342129, 5.4062111284726705e-05
0.0877629579741345, 0.7044707935465192, 3.906694240879598e-05
0.04868583832414071, 0.6353037420785016, 3.5939724317825478e-06
0.15858513335095215, 0.6507429555121977, 0.0006184460525006591
0.15589509368841384, 0.822834124060079, 0.0003587600509640814
0.15083935774789392, 0.6054948872190444, 0.0005730724156747715
0.1122558917811409, 0.7427830822475991, 0.00010379158042459705
0.05055217323746761, 0.8267240706551031, 2.504378615394552e-06
0.11093709094744843, 0.6733429823251212, 0.00011990326897053394
0.08079717230594777, 0.7065533232032154, 2.6991009151001005e-05
0.08788894369309039, 0.5819237970731733, 5.761616390696069e-05
0.1337748159692203, 0.7290473045397581, 0.00023307820969518923
0.108529943716917, 0.87169115543998, 6.496190625442352e-05
0.12085583918959641, 0.7581668716194557, 0.0001378522624086353
0.08933920903352949, 0.8512902404940361, 2.8933158209572686e-05
0.07140377666891227, 0.7560618076130623, 1.3684360340146623e-05
0.13409919025861924, 0.6857305397871519, 0.0002662772098429814
0.1252804624802624, 0.6713454243046685, 0.00020594941447435827
0.12411735355067353, 0.7301558609868954, 0.00016710820576451715
0.04312377484965034, 0.6495432458056615, 2.016060414802256e-06
0.12536709726351636, 0.757338511027525, 0.0001623280321236548
0.05796037949662858, 0.8298448496118911, 4.536798188485009e-06
0.0784973186033879, 0.6404876206098421, 2.892714904570707e-05
0.11732522028327766, 0.7599241370529599, 0.00012043354873892266
0.08782799521630498, 0.7025737127427042, 3.940643711557046e-05
0.10215782946921682, 0.7965717982116974, 5.9608931151817e-05
0.05663925933655961, 0.6277490277020819, 7.163266155243688e-06
0.11030395355761326, 0.7041671261389705, 0.00010690921768589527
0.05563388481307785, 0.698778798801153, 5.342933393256945e-06
0.0741012881296395, 0.7392292918016898, 1.6851590441041157e-05
0.13439856458362476, 0.7022154497842164, 0.0002564256764910118
0.09956449122910684, 0.6550314173590867, 7.872294686766641e-05
0.0902559822678502, 0.7332291964167347, 4.079254343101634e-05
0.10066375036766771, 0.708136893263264, 7.069246468542597e-05
0.12071416233226967, 0.6684438398214422, 0.0001764299197850952
0.14665946631812085, 0.7062209916294353, 0.000372262332121925
0.08679603901723658, 0.8268236164635301, 2.7010942566804898e-05
0.11546723222757915, 0.6977403014686132, 0.00013316705812903022
0.07646369865424402, 0.7003157346053344, 2.1556659206995314e-05
0.10543259150625453, 0.6386605875838166, 0.00010654060122903161
0.07285058170393251, 0.7452045936531388, 1.5385802582262455e-05
0.1598087332756262, 0.6488326750515081, 0.0006434913474379977
0.12945392543678436, 0.7512820685333147, 0.00018996204513108925
0.10582762998213345, 0.6591245926157264, 0.00010168731356891327
0.02704758196899723, 0.5328546832469958, 3.846922911432549e-07
0.09690768019151015, 0.649223405260618, 7.114651458643782e-05
0.09987944612820829, 0.6348120685012625, 8.499052255287991e-05
0.1228463779051858, 0.7682172851476919, 0.00014427534245189176
0.16920690185108167, 0.6148083715957936, 0.0009215647962454197
0.07116933830049207, 0.6705277440214104, 1.71483080297858e-05
0.09379579831284177, 0.7661467082020835, 4.425363069840324e-05
0.056303448517007866, 0.7378911591106296, 5.0505103345828076e-06
0.09377556475911224, 0.6606001210768361, 5.9467985647235256e-05
0.08637308806452847, 0.7364425317513571, 3.3323709464398145e-05
0.0888612761923128, 0.7059584571229517, 4.1090630907263344e-05
0.15972949210398787, 0.48881994820567676, 0.0011312602909082658
0.08384867622693817, 0.6647285987585619, 3.589719345397038e-05
0.1396498046841452, 0.670527360680446, 0.0003328973615263282
0.12100250157710077, 0.7221709203751814, 0.00015274993667222162
0.12332724281011065, 0.8187224583506352, 0.00012922668019072666
0.09405130971960787, 0.6956381647863583, 5.432558676458723e-05
0.1093982014721669, 0.6547527323573357, 0.0001192493607775795
0.103693501340896, 0.7670224746568217, 6.865252117045337e-05
0.0705523221287494, 0.7449590264396365, 1.3370600067462273e-05
0.05733985391937358, 0.6489261780518893, 7.075942096421188e-06
0.06216879349271786, 0.7183715341243212, 8.241123065225406e-06
0.1358844581925029, 0.6898660768269631, 0.0002788581750657806
0.06920347309245456, 0.6826817706226446, 1.4624869658574884e-05
0.1386522742913595, 0.7452700840123927, 0.0002611062753753335
0.06108692825614363, 0.7710319494434648, 6.62206763766098e-06
0.10668890202999404, 0.5942582479677799, 0.00012964033413825362
0.12766473042418702, 0.5245757676076017, 0.0003664895118638587
0.12349314706580763, 0.7488284877749215, 0.0001553923939134445
0.08980393588976703, 0.8050135598325238, 3.310237380986361e-05
0.10956539355244461, 0.8781673242092258, 6.673817458287668e-05
0.07634894032351962, 0.7759742098819489, 1.7442333363291988e-05
0.11198078978674249, 0.6812097196337952, 0.00012207753193950094
0.140282528986867, 0.6791340248169196, 0.0003310325502515528
0.0805608901066087, 0.5590285363337386, 4.256421894764813e-05
0.11543957094739217, 0.646412946930463, 0.00015499100770265
0.1462937833850052, 0.6264675540839721, 0.00046791025774206617
0.0387059957686768, 0.6160029780805261, 1.393235560364195e-06
0.08474764783827392, 0.7076656762896995, 3.319489567530756e-05
0.05162806097146083, 0.7515896689026283, 3.3243127578241365e-06
0.10317746950173855, 0.7960389912443038, 6.23549095865972e-05
0.12772337409277515, 0.7768394924471765, 0.00016745302216411147
0.11287295575780588, 0.6909748408027053, 0.00012286748786050961
0.09947566249213532, 0.6762174647865619, 7.35778727353716e-05
0.09370518326320906, 0.5277941919280225, 9.28531383000344e-05
0.11136547611239682, 0.782803289658998, 9.023253458688314e-05
0.09773808716935543, 0.6372164110035669, 7.667836918890102e-05
0.0791232375326675, 0.6298129624412271, 3.097993656706076e-05
0.06500120829293721, 0.742049598679882, 9.3962447109928e-06
0.13017005744944593, 0.7093121603423694, 0.00021834332068845365
0.07473513781705415, 0.7912572904530544, 1.5270024816286197e-05
0.10853978036851744, 0.7237957556906672, 9.425950658998293e-05
0.1124779691840932, 0.8603400709143783, 7.804093206758505e-05
0.0962629012934704, 0.7002415014047694, 5.938675154135925e-05
0.059078538538345306, 0.6881880600859853, 7.175340269714672e-06
0.14607216483353158, 0.707950022366466, 0.00036396326015226233
0.12146117025372954, 0.6731150702482223, 0.00017877718643465553
0.10504543929363418, 0.7284868511090754, 8.057162995731124e-05
0.10541543654221815, 0.6776328406881402, 9.457046778497681e-05
0.10042160671951321, 0.7245828457838466, 6.68081321936605e-05
0.09082679356289763, 0.665494945832249, 5.0911735038556145e-05
0.09468207398615912, 0.7000226436023348, 5.5248421620824086e-05
0.11892197177365786, 0.7243009826646782, 0.0001406957549939677
0.10845706650578252, 0.7245791667406676, 9.374082413667574e-05
0.15399153494477866, 0.8003705659589755, 0.0003592276938871224
0.10388749223721877, 0.7262920365387386, 7.720078013605338e-05
0.11906834167977548, 0.8106392730863818, 0.0001129313081627178
0.11890215077905734, 0.7033081434029436, 0.00014911087930134
0.05288627371745939, 0.6615911836950806, 4.769749153915827e-06
0.04244437118289295, 0.8420941820417505, 1.1185438655583912e-06
0.1011885167603268, 0.7030418984704775, 7.338053826002347e-05
0.07436649981619912, 0.878059554730329, 1.2133280897672885e-05
0.11419387755575808, 0.7258300365927723, 0.00011719914209266676
0.0850364754678851, 0.7854917500712228, 2.7349270573014923e-05
0.1195367559168186, 0.8160019024954023, 0.0001133939809353207
0.06438957284477106, 0.701451263574606, 1.0086936505162664e-05
0.12334551312372655, 0.7533072863984007, 0.00015274405895100872
0.099995673388337, 0.6995366204197766, 7.034970962836525e-05
0.09642265476422572, 0.6982812027053841, 6.0157969148813495e-05
0.0891505994866889, 0.7110721508557957, 4.108519345284289e-05
0.13170473162404736, 0.6880309860046467, 0.0002443407845916103
0.12032001303029471, 0.7184287956505386, 0.00015055149207364815
0.1066007851247148, 0.6483000401284231, 0.0001085324419818608
0.1418431584648095, 0.784427454309622, 0.00026050571604132515
0.0740258820746371, 0.6312178396204688, 2.300886355450419e-05
0.11559929189887623, 0.5288324538701688, 0.0002329874150626608
0.12630876271829983, 0.6889067980191115, 0.00020274598968526944
0.06715744984373806, 0.7378705042012585, 1.097033932653703e-05
0.028538194717776744, 0.6522413293891413, 3.25106650938387e-07
0.1354680256513785, 0.8098336879801865, 0.00019964394599991545
0.11931038590725945, 0.5224312813521589, 0.0002743417172758092
0.10787350023950666, 0.7618496701822569, 8.280419145413747e-05
0.12177898323364476, 0.5517293725875616, 0.0002691733123742112
0.08072102780975607, 0.8402701923636804, 1.9005066222334977e-05
0.10213974486874973, 0.7359124325608088, 6.978636851465024e-05
0.1415195627073657, 0.809279386631805, 0.00024230447950072246
0.12499141438193104, 0.6399216812703938, 0.00022438046848673795
0.08274865225986537, 0.6864544008806872, 3.1760738917704626e-05
0.1446879492929194, 0.6445912394498221, 0.0004210168613061048
0.1001691617374636, 0.9549738701117216, 3.8037563751466504e-05
0.07920983702819212, 0.6965083203852367, 2.5453142350090806e-05
0.10797789076096999, 0.7123116985913114, 9.512595675739272e-05
0.09992590545580653, 0.8165683775444988, 5.14712112000038e-05
0.10340967166753397, 0.6641820014799362, 9.0460876726594e-05
0.10492889123301825, 0.6871963683909693, 9.010368529090547e-05
0.06680218961361395, 0.7057342083808508, 1.1715548584039649e-05
0.153062495628307, 0.7580288599474116, 0.000389957333691418
0.09812152281649557, 0.73768378968666, 5.8208746573628726e-05
0.07467915579260878, 0.6793929838667585, 2.064434657115021e-05
0.07254634134442436, 0.7689079385297782, 1.418814027375594e-05
0.12192836293016315, 0.4849834629504956, 0.00035024577488571853
0.0732110311784643, 0.7141631204342442, 1.712015781539464e-05
0.11016727213196412, 0.7668066266368545, 8.966554748235324e-05
0.14557156575276473, 0.8367250647179152, 0.00025664758018437
0.06428720918086188, 0.698689906812156, 1.0095900875570547e-05
0.09008003715303792, 0.6536269791617241, 5.089458841126904e-05
0.11932572832830209, 0.5873187748884783, 0.0002171941590154596
0.04423073443847934, 0.855308442975498, 1.2998901183359656e-06
0.11287532336253375, 0.887884246897867, 7.441985656968846e-05
0.07210846040045847, 0.8308322044762311, 1.1832557778041704e-05
0.09745424938941688, 0.5774775773718962, 9.217625959646158e-05
0.12299181925803884, 0.6984826417689867, 0.000175432500587778
0.06273920520532733, 0.6475249955586928, 1.0559041034400148e-05
0.15280163867925126, 0.8325585977380997, 0.0003208481419333968
0.05213448661322602, 0.5830400790260848, 5.76659595434242e-06
0.09911075446281292, 0.5893667746479541, 9.530727237199897e-05
0.10723823733139791, 0.6057022310873241, 0.00012763979108755582
0.14270908508278957, 0.7198888825291754, 0.00031770357363740783
0.09162275411293673, 0.6475933566212297, 5.586963487233851e-05
0.09108558297339005, 0.7876613102291294, 3.680148097946938e-05
0.08092540398914572, 0.8442943832287116, 1.9034941739639807e-05
0.16423486856073327, 0.6443703375238785, 0.0007357706039689676
0.09288181453094717, 0.8224120103569162, 3.6785956255600245e-05
0.108879632940195, 0.8941032424745521, 6.262616371344674e-05
0.09981582809567385, 0.7913113746432007, 5.454419069709673e-05
0.09788273509711763, 0.6909319391533193, 6.564508006589007e-05
0.1121626798264765, 0.7717480950519767, 9.579605480890163e-05
0.12843798433112438, 0.5354822615364117, 0.00036118278034199034
0.09161826305279365, 0.6649377473058697, 5.298158650924277e-05
0.11339903175496163, 0.6930866940822613, 0.0001246441495158201
0.06302555318741954, 0.6428771809220403, 1.0929069992867476e-05
0.05067654910788941, 0.7417258023170958, 3.1450682159614584e-06
0.09004448684711816, 0.7247931703184863, 4.131893062930769e-05
0.08211737555488137, 0.6432671156509321, 3.4970147538392635e-05
0.09886359496335927, 0.7534673891232249, 5.7676265229751866e-05
0.09911663077980487, 0.5800459195486927, 9.842057113807472e-05
0.1565648261661463, 0.7756146841527805, 0.00041146067326157203
0.12010370022602727, 0.7035765182093666, 0.00015573682969675034
0.12378222303439283, 0.881515161943049, 0.00011329291400052312
0.08149961510499737, 0.7256719911509442, 2.658089679945711e-05
0.1257612756380011, 0.769253096010568, 0.00015952689073960797
0.13675812096262002, 0.6679614323404046, 0.00030595451926668525
0.03887940795119463, 0.542386315166639, 1.8327991689210984e-06
0.11372591498935555, 0.8464051862038939, 8.464295174970482e-05
0.09760751853673592, 0.6106993337219101, 8.299222367216747e-05
0.1245626260949247, 0.7928582007575323, 0.00014397297437359943
0.0779508394272012, 0.7733045025707341, 1.9243157001588178e-05
0.14683061241922488, 0.5512553604483797, 0.0006141201266135125
0.08217888536778757, 0.6268175406393, 3.6951212961815336e-05
0.07352606933474491, 0.8227147068813837, 1.3146474790133755e-05
0.10108378531895867, 0.8001547761571101, 5.6391867729099657e-05
0.10895211030469491, 0.7365841281736247, 9.254608021947152e-05
0.12111502960541634, 0.6800544355547807, 0.0001729616885679008
0.1179764810722729, 0.8258322346605582, 0.00010449178874382787
0.09301878815450507, 0.8324729815567007, 3.613570921235636e-05
0.10986490391288764, 0.9172662428979208, 6.190911391727048e-05
0.1428746768135586, 0.5846796096155454, 0.00048409784456146065
0.118906236814786, 0.6918080543401365, 0.00015413279773403933
0.12012700342712682, 0.7554899677566865, 0.00013518463293151918
0.09302638536478842, 0.7606103715975556, 4.330204975972253e-05
0.07086413183063492, 0.6523677434350916, 1.7776956546895905e-05
0.07279533691147706, 0.5107050966618795, 3.264984912920033e-05
0.09380721396644626, 0.6303957215834627, 6.540016280341317e-05
0.029142175677493123, 0.7076532715836606, 3.0284578665350556e-07
0.13916426491606054, 0.5679426651314984, 0.0004569607711712564
0.11737048373334319, 0.6762696543395744, 0.000152329926525822
0.1213394762863472, 0.7218505676673962, 0.0001547677979635983
0.12368955071459667, 0.8442347275269321, 0.00012311322960961702
0.1236835106375605, 0.7897222561096011, 0.00014066598077849121
0.09850055428499227, 0.6987741873027284, 6.598152619076941e-05
0.12510291896877562, 0.8159947763545975, 0.00013853767317922134
0.14379618797368926, 0.6531758143109737, 0.00039901952558118775
0.13102750625669124, 0.6784969429253794, 0.0002456207193422143
0.10865408075001427, 0.6628396137199154, 0.00011291498216306
0.09504744305388033, 0.7627274694717088, 4.733311094386313e-05
0.08736863635619255, 0.6890332082087625, 4.003594118278764e-05
0.05839882624793101, 0.7192688926716941, 6.242541837575352e-06
0.13286935779891337, 0.5796139327937624, 0.00035789657485713023
0.11025183542028291, 0.6241777196610762, 0.00013578350543523799
0.1372699720079111, 0.7061683230136694, 0.00027827989517437417
0.1165100027852749, 0.6182207835229434, 0.0001764724155362455
0.06284304556117151, 0.624942727960327, 1.1418715312432462e-05
0.08034956178447568, 0.678310557924315, 2.857828732918552e-05
0.08619497198323055, 0.6016990502953065, 4.9468386984671394e-05
0.12952414176801935, 0.6672285747548874, 0.00024141252886175543
0.09922700522671009, 0.64567129503657, 7.982049722572608e-05
0.124308713560495, 0.7396915097480585, 0.0001639349477211591
0.08038728265767983, 0.6211088663257909, 3.415503796114466e-05
0.11190946576063462, 0.6373288626162458, 0.0001390761765145824
0.10130744275751943, 0.6950116279641053, 7.547510195775973e-05
0.107582595639925, 0.7632619298902629, 8.152364239905134e-05
0.07706419358688124, 0.8731419161967113, 1.435317005228095e-05
0.07285287322506806, 0.8223632510828204, 1.2635834214229452e-05
0.11428873310698336, 0.7514456763660365, 0.00010974525675988552
0.07846902671462128, 0.7402127382564111, 2.162345854139964e-05
0.10927115240846695, 0.6140254202309063, 0.0001349017233182852
0.12189794598806625, 0.6125161267372041, 0.00021933853976130826
0.06021462101181729, 0.6733492915851278, 8.150301862512318e-06
0.12823901434992177, 0.6590695095800141, 0.0002368057318634834
0.12288233466903314, 0.5185934172793277, 0.0003170045496340679
0.08449935270582755, 0.6096107242130506, 4.4158629017433944e-05
0.060768526346304724, 0.6264060818819304, 9.804834477518381e-06
0.10039282377915075, 0.7243580084010527, 6.676534736198721e-05
0.13233832019140157, 0.6372915236530858, 0.0002908749561092783
0.09487290504891661, 0.7425891983215646, 4.9532964127346724e-05
0.11942946338340545, 0.5710009848198322, 0.000230665529511139
0.11612436704555912, 0.7475214137417472, 0.0001189546446763976
0.10899293962103075, 0.6363896501612886, 0.00012418595790164908
0.04574017839325531, 0.7179556005377432, 2.13836225433496e-06
0.08536852371601139, 0.6451480644678578, 4.124366902608698e-05
0.09338594329102577, 0.7584365999739681, 4.42961494336991e-05
0.13362129423779068, 0.7644965984332565, 0.00021089571108319553
0.10405891256682002, 0.829481631074242, 5.9618520855735086e-05
0.13262791607777713, 0.8010926517228452, 0.00018586352202214947
0.06594417798203453, 0.6982593524953967, 1.1305995127160941e-05
0.13246930543879123, 0.6760415698100628, 0.00025961287977756
0.1313597019523118, 0.4587940857911199, 0.000543204994809728
0.09000867590333571, 0.6475980224197694, 5.1666151169515534e-05
0.04266461657042202, 0.5810924872131685, 2.403111393556325e-06
0.07981498925698609, 0.7125737932522221, 2.5146516236841028e-05
0.15236377805102708, 0.6885491027016516, 0.00046320761341905355
0.13592668971094946, 0.7604892741297625, 0.00022978441453278003
0.11819531811697714, 0.72311787968226, 0.00013740068637905134
0.12118574579124813, 0.7357841801178299, 0.00014813298718953786
0.06433736701265189, 0.8238409204125482, 7.286477453312107e-06
0.10808378094632706, 0.5297288100530585, 0.00017274482122347156
0.12883204624309533, 0.7021083090791476, 0.0002129427471870737
0.13691352287792538, 0.7604623366801045, 0.0002372326155318499
0.09051064358481835, 0.8209413099832077, 3.294732426735693e-05
0.07921539582838828, 0.7604930655167843, 2.135687008064204e-05
0.12604802348720073, 0.8652981619133565, 0.0001273482293727946
0.0876305886166977, 0.7924861741581477, 3.0666747386714706e-05
0.10307115123196409, 0.7670884914436418, 6.684644580209952e-05
0.12071491589611814, 0.6001552546154645, 0.00021887027840673018
0.11014067579660689, 0.6685209860639758, 0.00011784355873275892
0.10791371022792905, 0.6864635270426367, 0.00010215699511824071
0.07582321191683716, 0.7626892947618839, 1.751459812075478e-05
0.10540840097768918, 0.7933860859762827, 6.89680153279544e-05
0.10971588101381353, 0.6604415358122478, 0.00011870880060457439
0.12162013615090839, 0.6781652266161031, 0.00017714096152755184
0.07684626182721332, 0.6841109273731302, 2.3091541477446346e-05
0.0945353048983536, 0.7206266089523067, 5.177964125401639e-05
0.06664830571604463, 0.7788735301811532, 9.521472281323007e-06
0.10964643412944257, 0.7135345996324803, 0.0001014172142538354
0.06754611581922601, 0.7023894815107933, 1.2417997615712612e-05
0.06448377460978531, 0.6514515980401612, 1.1770192761614028e-05
0.08906766272008985, 0.694085814184238, 4.2944525280075236e-05
0.07050310281671832, 0.7576285016290188, 1.2887524474473997e-05
0.07986314022121964, 0.5857666079303414, 3.731133250269496e-05
0.08644986702449343, 0.5996375743275733, 5.046046751715817e-05
0.13560088935160253, 0.5314851247558491, 0.00046552052712544694
0.08894931622650853, 0.701827472065852, 4.175732504557531e-05
0.0970391163736345, 0.7608260593540569, 5.211481550470185e-05
0.14104578535585957, 0.6649520579577884, 0.00035364679536323523
0.08814802054807536, 0.5781747321629765, 5.912660786791635e-05
0.11693335859843267, 0.6168748759116952, 0.00018009464376633804
0.13248779353438545, 0.667855617467601, 0.00026617946449467863
0.14553323176777996, 0.5933306914302913, 0.0005098070455584311
0.04416724716550356, 0.7703880897861385, 1.5921655994226805e-06
0.12324459992372422, 0.7670206056299452, 0.00014680153334829525
0.11229070436439607, 0.8167015897570834, 8.597097294362923e-05
0.09379523878594176, 0.5674486887310405, 8.066928253813435e-05
0.1468152292060877, 0.7395472948139232, 0.0003410569189223037
0.06947958094217929, 0.5601181526202063, 2.2109465283190212e-05
0.1404857326421271, 0.7299415956654972, 0.0002883841869708853
0.10125448975912534, 0.6133698008592269, 9.668163615439134e-05
0.04278470137530898, 0.6078539143685349, 2.223498721132653e-06
0.11651728160377459, 0.737803743017102, 0.0001239372060596529
0.08738429818724906, 0.7220666357398776, 3.6485332822586155e-05
0.08044757975257172, 0.781427449770428, 2.1649391610279434e-05
0.08063077464274386, 0.6785247483515597, 2.9002682852073562e-05
0.08004836281908073, 0.7020202894375138, 2.624323482254702e-05
0.10293206160764803, 0.6710065049692898, 8.684311440345322e-05
0.061668456328299946, 0.6629400668591069, 9.338882304376665e-06
0.05639024930955153, 0.7045152029285832, 5.578055397216341e-06
0.07952398673699322, 0.6903957491066087, 2.6360977731522916e-05
0.08319894199998862, 0.6808125505499213, 3.306961406608337e-05
0.10096404373595733, 0.7411927788536784, 6.53788350327616e-05
0.14601809463930548, 0.8346464668708304, 0.00026142683061551754
0.1455483315155097, 0.7789223019313678, 0.000295943930532977
0.10295464995701571, 0.619730076515473, 0.00010190676181440645
0.10713139457218909, 0.7087304678558101, 9.281911588453121e-05
0.07557489613037789, 0.6629173974654867, 2.2851163785498404e-05
0.066058153939268, 0.6682423633942541, 1.243867705442138e-05
0.07510755280863265, 0.7348254912394693, 1.809694897048346e-05
0.14479295758154098, 0.6821213420834966, 0.0003771649735135199
0.08941791571759462, 0.7217990061279559, 4.040185676155603e-05
0.07282477088277883, 0.6238847813165171, 2.1917210159994642e-05
0.11812326404712677, 0.7430202689388428, 0.00012978978322187532
0.05033339922811889, 0.8274896453288135, 2.452496013491317e-06
0.03791784189949714, 0.6315431437638693, 1.2107981202706716e-06
0.06986320945155877, 0.8040756483936671, 1.0991719130825398e-05
0.09628794647436908, 0.7225894871911093, 5.583404443942638e-05
0.1641099170940363, 0.5790856710622335, 0.0009079741705204316
0.037654992981297764, 0.7036200554597871, 9.460384544716818e-07
0.1316827732763226, 0.7980137035106653, 0.00018149833356397347
0.05734576867587331, 0.6265325159396967, 7.594247246944854e-06
0.10461592734875472, 0.5257690287715173, 0.00015191695881677715
0.04950488372267813, 0.6327782081488805, 3.8986501536891405e-06
0.0653397072002318, 0.650598744097969, 1.2506018461725296e-05
0.07940063000607923, 0.6714929252365767, 2.7676322791438497e-05
0.04751450546926553, 0.7569201566426421, 2.2745793671551074e-06
0.07761324243882245, 0.6428870328211951, 2.7315817663595776e-05
0.09261084258201997, 0.6117965707323422, 6.562418102054128e-05
0.1388420389351752, 0.7215941710720014, 0.0002802026179423976
0.0957093242606883, 0.7703107539559331, 4.784457214730473e-05
0.0401018031776498, 0.6634801076521741, 1.403560860679966e-06
0.0648081311341634, 0.6617026282406115, 1.1662991757665913e-05
0.0967839999207225, 0.6881331701627277, 6.29733222378099e-05
0.05789700331813052, 0.6707270307589458, 6.911320868292108e-06
0.060997418144317604, 0.8252752942165539, 5.742997161806505e-06
0.08174055905958386, 0.7216369156413394, 2.7230390549819164e-05
0.13966657949067054, 0.5142966647591509, 0.0005661681950169419
0.0938476318615753, 0.7921667468486449, 4.149495341019471e-05
0.10854914110353575, 0.6721090836887811, 0.00010935596804718892
0.07785658544048539, 0.632271107504319, 2.8632467525737044e-05
0.13083088751418115, 0.6240246941864902, 0.0002884613355572721
0.1168516486936863, 0.7705610611116998, 0.00011506549083280284
0.12258901860018954, 0.887385905032453, 0.00010713410479049287
0.10330655020623357, 0.6664703263005016, 8.944721877457568e-05
0.11270972112153686, 0.793915847326633, 9.247982645239076e-05
0.07252545986022912, 0.6949355549615918, 1.7347424032788437e-05
0.14542847281285282, 0.6933169212386627, 0.0003721858423020981
0.07785143960676089, 0.8322594580771918, 1.6520442240837366e-05
0.10869637813599585, 0.6156988807934434, 0.00013109178923094054
0.1306450374216691, 0.7310680591094403, 0.0002088618474902938
0.09822257820130649, 0.6162151271970715, 8.379749500936195e-05
0.12542983918536943, 0.8580368576562756, 0.00012674120085668357
0.15551269822976946, 0.7569811606924125, 0.0004193392597158192
0.04080133304344747, 0.7815310847122038, 1.0915422108952508e-06
0.05773877911658395, 0.7011061072323739, 6.249651801147091e-06
0.10688371814777899, 0.7195334692361495, 8.91404312503264e-05
0.09204744919998561, 0.7182487198749563, 4.635193947092829e-05
0.12585110522454163, 0.6822687425301969, 0.00020343510444669656
0.11236860685690578, 0.6461187562945563, 0.00013777778070582497
0.10099353311868081, 0.6890074650845682, 7.575472593737021e-05
0.10783787119634806, 0.8203646804112987, 7.130922803345792e-05
0.0855402948479533, 0.7114769983684018, 3.4213337181246214e-05
0.08007123189659761, 0.5950055203777538, 3.657805021391831e-05
0.08630101074059704, 0.7618164743114367, 3.1026662266218154e-05
0.08359118482628577, 0.7637612416012307, 2.6826053250181574e-05
0.07066967244587337, 0.7114334883391614, 1.4768039093680538e-05
0.08756321509597399, 0.6509164175656837, 4.53034131807646e-05
0.10448957945753756, 0.7278442953288871, 7.885151640991214e-05
0.08056116631968901, 0.7733968096976491, 2.2238957397935127e-05
0.09313599562329668, 0.5921411613366148, 7.181789399372027e-05
0.14154033238673783, 0.7182622712968826, 0.0003078029069800969
0.04544727855979383, 0.8219599772109842, 1.585985586384992e-06
0.07561046955334487, 0.7127095521863395, 1.981076528442866e-05
0.096791971790442, 0.6413199695594336, 7.252862663898858e-05
0.12221100845316156, 0.6636824373873457, 0.00018894294868001852
0.11095216347976038, 0.6628210404568351, 0.00012381427959543296
0.13466273883604152, 0.664933162241576, 0.0002884686756069189
0.0929402917544443, 0.6187481501149292, 6.516821244259749e-05
0.07283356125701607, 0.6715383025101549, 1.8927058345567937e-05
0.09039562538245276, 0.7603374650849338, 3.819457977382454e-05
0.06796841231040049, 0.7276053158128607, 1.1893933927657008e-05
0.10218170940808728, 0.6887259321697677, 7.982059239986905e-05
0.12189766193211371, 0.6696643689917888, 0.00018349792864644712
0.09152183324879691, 0.7567110841191889, 4.07206248542226e-05
0.08749752958013013, 0.7620272989595784, 3.2946274985876666e-05
0.10543498993309147, 0.7745602918853695, 7.244165892763008e-05
0.09020916431638054, 0.5901075880085715, 6.283569183114282e-05
0.14699152844425203, 0.8244745045153424, 0.00027586562150687616
0.11788821212745101, 0.7671410444046014, 0.00012069384859489382
0.11335268807609648, 0.5988715473565468, 0.00016664740705554188
0.06954737502669703, 0.6898596223051443, 1.4637931574011715e-05
0.11550315603227677, 0.5814458533281547, 0.00019202611118015613
0.06435859322716314, 0.7071913281916355, 9.902864376292575e-06
0.08211375792827587, 0.6665440607787937, 3.2564038117031845e-05
0.12465458815022384, 0.6910855325025511, 0.0001901160026769083
0.05958314878001316, 0.7030225624833905, 7.1379015401687094e-06
0.09443694843146756, 0.728003799939542, 5.0503696142965803e-05
0.08240405693519108, 0.6660277785727132, 3.312493406506679e-05
0.09766604187078998, 0.5545546663475545, 0.00010091342661493798
0.08717641861324293, 0.5303966113380872, 6.691448168950515e-05
0.09261866920043066, 0.7959063726687959, 3.878961719419345e-05
0.10390428919424363, 0.6759500893122262, 8.919159505789866e-05
0.09643541672852558, 0.7938667438967656, 4.657056957883218e-05
0.10894133575190675, 0.6274038750352677, 0.00012750269540611622
0.10380111430856898, 0.7373439198912487, 7.463019207393614e-05
0.06765932311889283, 0.6871522945849928, 1.307078133233254e-05
0.19213108729833064, 0.5321623397461307, 0.0021513310296989263
0.12305146867453387, 0.7960312809349149, 0.00013535913042219804
0.09600856522460127, 0.5423070172736063, 9.786769478151055e-05
0.07102214362538074, 0.8125475160901026, 1.1571801588111241e-05
0.10996305933546724, 0.7086338816691475, 0.00010413771699265334
0.11011656803786814, 0.6503448062954643, 0.00012440283606447307
0.1284231484117523, 0.6987851735819647, 0.00021198694199048114
0.11391039160007185, 0.7016829880602745, 0.00012404027480833498
0.09274967614267098, 0.6480541569036624, 5.88732300486269e-05
0.07649007350866535, 0.6607721017658947, 2.4250731576454926e-05
0.12848305024228684, 0.6604146790586427, 0.0002378231628040083
0.09633700773605222, 0.7491699700505728, 5.205890731151635e-05
0.07891475759532807, 0.5734456971193321, 3.693835054606989e-05
0.07242880641618396, 0.6045300946434864, 2.278976728000712e-05
0.07816778386306092, 0.6368406995279853, 2.8722788028884104e-05
0.1402127422190037, 0.6953289127985138, 0.0003151013371681209
0.10511241937384497, 0.7546831476018215, 7.528601939848257e-05
0.1517134737437209, 0.779356093539972, 0.00035481363180088824
0.0637596368738981, 0.5217192088715791, 1.7461997308687973e-05
0.1405793085921558, 0.7539121269243365, 0.0002711306480176724
0.06614177756713813, 0.5840749350582085, 1.6372784782533245e-05
0.10516283546893813, 0.84240617209004, 6.0550381116650745e-05
0.11671132937260868, 0.5802848324213348, 0.00020182768025533716
0.12401799663626262, 0.7974470596675914, 0.00013960304971634435
0.09003737352542059, 0.8480644881348891, 3.016952963602554e-05
0.09824365758938683, 0.6043193522106658, 8.72113066644013e-05
0.08538100422175388, 0.7167360620532821, 3.343774043102869e-05
0.13473394253245802, 0.8087613208877017, 0.0001954447599403522
0.11045262673184028, 0.8718045598974316, 7.016204488336677e-05
0.1454961077889668, 0.7769713436721537, 0.0002969627297107325
0.13932836428207718, 0.776099064614067, 0.0002459832564143414
0.025825616239787116, 0.715575161883255, 1.7405176532602025e-07
0.13030922870272854, 0.6445161114821971, 0.00026569850280244397
0.1359750500899855, 0.6845458458712997, 0.00028404125271363497
0.06123782777838438, 0.6210707290139242, 1.0317412470919742e-05
0.07350339728412056, 0.7401834199167808, 1.6219587548001634e-05
0.10501290954531126, 0.5837145345800179, 0.00012532356041367984
0.10776312189406242, 0.7767106129048438, 7.930784364842966e-05
0.10548316943294883, 0.6155497331168448, 0.00011493321426925263
0.12937826029333682, 0.7477215484254767, 0.00019128277108217302
0.11901029427094117, 0.796974134320648, 0.0001165867971535437
0.056929351766637604, 0.7551067894818609, 5.063240970964219e-06
0.07356693737806268, 0.7059509183145346, 1.789866579611828e-05
0.07150817432645337, 0.7263195968154524, 1.4923662197064645e-05
0.08430495564318222, 0.615943583080972, 4.281911486309859e-05
0.0980802809566759, 0.6756221719098213, 6.926559923724467e-05
0.12253433512848173, 0.6961974368989156, 0.00017371422014276277
0.13866865379062862, 0.6403007635758016, 0.0003539177750071765
0.1290696352392222, 0.6639301594443272, 0.0002400750713618924
0.09942995080418467, 0.6754668432723194, 7.359250971090426e-05
0.09402235082718324, 0.6531138943204611, 6.154672036306826e-05
0.1402031236603435, 0.6922661656320696, 0.0003177997266150592
0.06547199275592232, 0.6862910079762168, 1.1339495741241104e-05
0.15521399353565482, 0.798099912553853, 0.00037406511864044516
0.07492334389178623, 0.7156463221326651, 1.8874892151920417e-05
0.08150511477699056, 0.6509657540574884, 3.304174780687932e-05
0.013307414155041816, 0.656731428872597, 1.1173840254810097e-08
0.12761036219334926, 0.6174716780144491, 0.0002640158220810117
0.06664177215870455, 0.6768014441165144, 1.2604572147358294e-05
0.1019281292316366, 0.8131404368372229, 5.664070030342476e-05
0.06831690491413603, 0.6570336678048371, 1.4918139071004512e-05
0.11206119180495674, 0.600199260043296, 0.0001577531458818617
0.13100518503320016, 0.6512673102345236, 0.0002663892352702384
0.08580505163947001, 0.5712748209500609, 5.379380969457357e-05
0.08168818426754162, 0.7074248475727937, 2.8255691863875903e-05
0.10855462506908589, 0.7386009146448869, 9.057302532955698e-05
0.08822021195585288, 0.7382793145775407, 3.6393525014359944e-05
0.09257605192076503, 0.7378891651793461, 4.5037856689211496e-05
0.07394602557541712, 0.7715121248798109, 1.53287120818804e-05
0.10829751791137963, 0.6493949543779267, 0.00011594966299836457
0.09627769095760748, 0.6836737501927097, 6.23420410301059e-05
0.07223831105089773, 0.8022381627833056, 1.2791946346756338e-05
0.0784010455289669, 0.7210332177278562, 2.2702386347980477e-05
0.11349788622714144, 0.8147582838940611, 9.05429270841522e-05
0.03988689189183703, 0.8250921652324531, 8.863675199349031e-07
0.134714426352385, 0.7047489422084421, 0.0002572285079567089
0.07691812328067356, 0.7321312592107766, 2.0244832432402595e-05
0.09370248530316888, 0.6572528747863398, 5.9869522215873916e-05
0.09144723792049124, 0.7002418659423532, 4.7382760490142256e-05
0.08084507079652664, 0.8547860271055914, 1.8489563971166275e-05
0.11143425144503345, 0.5682921767178254, 0.00017167411706375522
0.09838539738936784, 0.7483672697962518, 5.723097713656355e-05
0.12957032218979664, 0.5688940324120139, 0.0003326040330814753
0.12316562067819833, 0.7530907256082987, 0.00015185360187297263
0.12749853014838425, 0.8343667220225205, 0.00014403722046834325
0.046056005742188315, 0.7321230723426868, 2.1196165440521665e-06
0.06997418010351317, 0.7759264921720681, 1.1886421821022277e-05
0.11806513922666982, 0.6493520326414756, 0.0001695668280483071
0.053452466724167966, 0.6388787096779823, 5.360276267362963e-06
0.09366841702638666, 0.7173817387291157, 5.017359941269398e-05
0.1443924287250868, 0.7162913649124624, 0.00033789512038017713
0.07932516402817957, 0.6488355265102572, 2.951922567261203e-05
0.11634533527215872, 0.8316741696801658, 9.690695837043696e-05
0.12413418468037662, 0.716709708959775, 0.00017354074782276088
0.10622940129906723, 0.6287422188058428, 0.00011363117022808213
0.10147943768902869, 0.7241784187473134, 7.003871503719927e-05
0.11281196906915264, 0.5557820682754671, 0.00018946091324266174
0.07741875740874143, 0.6843905941865481, 2.3838619252794e-05
0.08430747057676832, 0.8917952979873411, 2.0428957415126103e-05
0.143729983853994, 0.6980632596804268, 0.00034864608528582645
0.09799172376860073, 0.5608134579586582, 0.00010012957936872517
0.07624669779622664, 0.6323788048575913, 2.6108616517643162e-05
0.09970906359497626, 0.6562220920195075, 7.89399066964326e-05
0.12234266098863633, 0.7747972494125283, 0.00013929406568612308
0.0906175303035225, 0.6117120448483108, 5.964933531836132e-05
0.07207276038606586, 0.8397404012205965, 1.1557632640995986e-05
0.13763097601557103, 0.650433280813273, 0.0003318269248231958
0.06709566483593206, 0.765053576912863, 1.0163372041083019e-05
0.10236326568422073, 0.6253364777007332, 9.75826380733172e-05
0.09574420028382642, 0.676185007505053, 6.219131172302661e-05
0.08415505982656736, 0.6633490401824358, 3.66298139206556e-05
0.11505367412937346, 0.5490138486786413, 0.00021171979407513073
0.1539774917507742, 0.6723263144529034, 0.0005088825249955568
0.045034003741283704, 0.5701536946247441, 3.1663613328705193e-06
0.10257187136458042, 0.5952052892145192, 0.00010868178461845372
0.10157127545823796, 0.7887724804960022, 5.927265533954496e-05
0.14790663447900873, 0.7165440213599281, 0.00037534084383481696
0.11155726878978502, 0.6517067204878971, 0.00013117532219249797
0.06375436231645372, 0.6220039892686408, 1.2280700620884353e-05
0.15794232436443723, 0.7437429888086305, 0.00046506498005857515
0.09475781980018393, 0.7369499500827228, 5.002604540649777e-05
0.06786613726757676, 0.7034284762180535, 1.2641534184530368e-05
0.15592710076864136, 0.4940180548536782, 0.0009961742502047216
0.10058564693306128, 0.6776100451159887, 7.694221516993186e-05
0.08626513429603377, 0.7494938053012362, 3.1996695909913994e-05
0.10089843838157844, 0.8324012666283012, 5.168826907075149e-05
0.08707135487471168, 0.6467741387434334, 4.4762252717487666e-05
0.07502507169193817, 0.7827638145971194, 1.587130578748838e-05
0.1472338362363401, 0.8102562701899704, 0.0002877098026042889
0.13999189846170107, 0.6973286815315071, 0.0003111312359679394
0.11077751903750015, 0.7626575897632251, 9.287394548850623e-05
0.12068309868827992, 0.8303233790339842, 0.00011421305710612483
0.07093589310266181, 0.664126867821431, 1.7229567537429684e-05
0.08667546772859486, 0.6301254153268216, 4.622268368674369e-05
0.11612430625231131, 0.6693440531708593, 0.0001483641119682959
0.10508166400556333, 0.6001766511757601, 0.00011888477693963198
0.07226240720303533, 0.7653727696234948, 1.4074551093273598e-05
0.06822825432019311, 0.7000245865815302, 1.3067185366088295e-05
0.12086681573260678, 0.6842869860851499, 0.0001692935807348375
0.12902281603880417, 0.7440038850347321, 0.00019087461019063064
0.05472975157949817, 0.709040878482158, 4.8284378598411906e-06
0.11047022408761228, 0.5829899795901012, 0.00015700835035621915
0.12319241252991162, 0.5853253626542463, 0.00025161738040554527
0.12672229067760749, 0.8517665598350559, 0.0001345482305159817
0.12444775633700354, 0.784365426707181, 0.00014651163840347325
0.09820733366136684, 0.7369800700130053, 5.854470991144243e-05
0.11658870045640927, 0.793339452995324, 0.00010748211974513759
0.09451901587205794, 0.6922832857728043, 5.6063814795664135e-05
0.055774220099067386, 0.5920331902210461, 7.526294623516672e-06
0.061248712808990045, 0.6888371598366686, 8.393815385140726e-06
0.08574323645011223, 0.7522440506872488, 3.092628913059845e-05
0.14011480158006778, 0.7337907607599325, 0.0002820662271975793
0.10760799684915491, 0.7942331840657779, 7.536780147165995e-05
0.06921064091958241, 0.833167475539063, 9.823401923973523e-06
0.09143802232891933, 0.680642771528332, 5.012858558958317e-05
0.0911018092865426, 0.6683888955768668, 5.114771711971044e-05
0.020865703790242857, 0.7228837306670888, 6.673203401419023e-08
0.11685098980290266, 0.5350377908994455, 0.00023865993649711088
0.005107683456636702, 0.6894291562997368, 1.5002792159494092e-10
0.12420328267046514, 0.6559550661647799, 0.00020768409714519578
0.06919548168757042, 0.7515925878044635, 1.2059879338579947e-05
0.08398767499336905, 0.7242716606689819, 3.045870058510818e-05
0.10776569638815327, 0.7241475290905555, 9.124859066753481e-05
0.11747556999967286, 0.7838745224022929, 0.00011382615526776855
0.060513689558145345, 0.7748097997531052, 6.291173639019682e-06
0.13728531564594987, 0.7206875359874947, 0.0002673116309795492
0.06008010018714464, 0.6980989799366648, 7.508388613141654e-06
0.07583594702875861, 0.6924979101935042, 2.126079337843059e-05
0.09200942978690631, 0.7442325470084692, 4.3093411073275465e-05
0.14579188120737674, 0.8170154249712165, 0.0002709767817684823
0.0812321703441957, 0.5797639537389534, 4.104563009013017e-05
0.16991522239399343, 0.6724881658035328, 0.0007845464707252199
0.07767313238122599, 0.7503686240550168, 2.011908248358015e-05
0.056869772689035564, 0.7342053426127833, 5.3310085941505e-06
0.10832865251596628, 0.7608866682115774, 8.456616736159712e-05
0.0856556673111305, 0.5540483125254375, 5.675413079670371e-05
0.09318787734571818, 0.5737878416530517, 7.667338896046062e-05
0.09879123717508695, 0.6491374048202064, 7.745575537846553e-05
0.13013688372933163, 0.7254685804382258, 0.00020849250788843138
0.11482147415611436, 0.6249919460789636, 0.0001619268158882291
0.028419755645923778, 0.5424579349371293, 4.614910239498933e-07
0.07816033145669017, 0.7284761282043509, 2.1941957745537993e-05
0.010571864102931192, 0.5696262645042407, 5.3957622047501445e-09
0.09672863608505716, 0.7265491054812427, 5.634796474876796e-05
0.13768061675074938, 0.5217619780802393, 0.0005164893531462484
0.1556788758373917, 0.6638403141754106, 0.0005478343672489353
0.07755801125384311, 0.6866589639782601, 2.3869374169848298e-05
0.11240300063037233, 0.551021367819487, 0.0001896932154068237
0.1236286013833973, 0.6266722893088034, 0.00022295043372126138
0.09545892376291355, 0.6799895782424449, 6.06951699828234e-05
0.0957834553368173, 0.6219140585447215, 7.365179713025032e-05
0.12413528552640674, 0.6907161490223118, 0.00018685544860531176
0.06117189675268423, 0.6371818190519511, 9.755908364009728e-06
0.08303120973056263, 0.5744729659150374, 4.6035059943780004e-05
0.12320977135158803, 0.7121874635481761, 0.00017006538046159835
0.12437608422829742, 0.7405723427422277, 0.0001639355679901369
0.15682577437516437, 0.7324933510271536, 0.0004647241720272918
0.09266200121769949, 0.7485467730560946, 4.3943574816793816e-05
0.14594743663613402, 0.6046357375012592, 0.0004970988361380099
0.12830976937310898, 0.7289979001403031, 0.00019402430194935414
0.12724161072612472, 0.7006540912640482, 0.00020245423609372006
0.09379153691158383, 0.7154434091369106, 5.073823943636222e-05
0.1625942134744072, 0.6729182879051945, 0.0006455109457554526
0.0760458928987159, 0.7145628099145845, 2.0212425789437768e-05
0.05254739162643262, 0.7476886543319016, 3.6303578307814634e-06
0.10579530426054702, 0.7405622199524986, 8.044423319972639e-05
0.13398847961043675, 0.7298208323446395, 0.00023422335931255655
0.1677086959515233, 0.7122970187635185, 0.0006602192831195722
0.09426713438101983, 0.6690584442306707, 5.9323002988454876e-05
0.11852382670085962, 0.762762232814023, 0.00012500646079816727
0.12822758452930905, 0.8079245097514385, 0.00015752255971477556
0.09249231580047872, 0.6973926744760393, 5.021991918361259e-05
0.10596618287659121, 0.694927670976792, 9.200740141648347e-05
0.12088123465836051, 0.7997273140909881, 0.00012401126626281894
0.06735712104931435, 0.6462136249700422, 1.449109315628411e-05
0.13691319769398275, 0.6773729376303754, 0.00029899890258107626
0.10517398080767233, 0.7078894991494371, 8.578898519301811e-05
0.06520615517676659, 0.7875775071539926, 8.45763810796439e-06
0.13045492718389157, 0.7029615108132491, 0.00022445482471214782
0.11100799913524856, 0.6728535575781087, 0.00012041583461032976
0.06899293802673545, 0.7351354464582045, 1.2444331834785776e-05
0.12393726981131341, 0.6824453058267859, 0.00019007222785473942
0.09706718175794911, 0.7432868624812692, 5.467283998264075e-05
0.11649828421186224, 0.6164514370568421, 0.00017740836218107083
0.06371459390070208, 0.7074598216492335, 9.467026261304876e-06
0.11272354364783545, 0.6218469775411953, 0.00015082149001440268
0.13911746858770174, 0.6711161344568118, 0.0003267757876125522
0.07490465325513436, 0.6399621391323462, 2.357740725945748e-05
0.1077213588260585, 0.5707369172546077, 0.00014662971430370796
0.045644214758198735, 0.6924924988709871, 2.2773669124067764e-06
0.09919283694980109, 0.7655878313447061, 5.668775049439411e-05
0.10692177097460134, 0.9017143026623915, 5.684850023776707e-05
0.09196644630793765, 0.8256202758358786, 3.494415796325811e-05
0.09401347504797677, 0.7386499400689845, 4.8097779758702415e-05
0.12403772624471521, 0.5768048004141961, 0.00026702066279197736
0.11777914859567958, 0.6767048733070874, 0.00015447858951383507
0.08550922081389772, 0.6421312614863904, 4.19348646512133e-05
0.1147684389050738, 0.6632517066861873, 0.00014349211333741741
0.07982898865092455, 0.7551435197273952, 2.240854494212485e-05
0.06488896528212787, 0.8284152037676522, 7.482065587595625e-06
0.10928660352941093, 0.7578964857196406, 8.860140275470627e-05
0.07144641534507873, 0.7605047527060772, 1.3560508823661979e-05
0.0712089781312649, 0.8368970927104388, 1.1035059888420248e-05
0.12673038211564763, 0.6537218391974314, 0.00022848367972959447
0.0696167498107175, 0.6592044675329178, 1.6101490674243014e-05
0.06218180511149875, 0.7945577454736651, 6.742696272627467e-06
0.10216587172310089, 0.7967510056376266, 5.960276045961128e-05
0.08867688718744103, 0.6179202106834066, 5.31455653791053e-05
0.10055102282048656, 0.7281085246912662, 6.653868799618908e-05
0.15229562456418774, 0.7690510955917604, 0.0003705784686803647
0.08749726022606201, 0.6482057112319679, 4.553190170882032e-05
0.11266575412464679, 0.6119338909380022, 0.0001553965480201271
0.09406595828861994, 0.7282779982532895, 4.959917443911278e-05
0.07730102891805485, 0.5944899477248211, 3.138282785421109e-05
0.09444599147792206, 0.7060762471499504, 5.371186421653026e-05
0.004149204823239133, 0.6564952050860335, 6.63052972166262e-11
0.08117519762199515, 0.633108536341273, 3.431407679045101e-05
0.04376045228579206, 0.7093367054743751, 1.8031047557826262e-06
0.038560314517646896, 0.6423436367647464, 1.260229210992296e-06
0.029859580044772113, 0.6823675176943795, 3.6249119866645496e-07
0.09548016687198049, 0.7227301746457598, 5.3781321292073315e-05
0.10163422601696416, 0.6572449519468221, 8.560266970681465e-05
0.052635002736340634, 0.6625493948845874, 4.657338811775747e-06
0.1476364938142966, 0.7661546692293946, 0.0003256757122121943
0.12991268533949957, 0.7049457367941923, 0.00021913986192135986
0.11200006330557019, 0.6682861390880197, 0.00012694084060768416
0.12357396363551783, 0.6548417990712172, 0.0002037848103109799
0.10820697437453683, 0.7791740542920865, 8.024538190453924e-05
0.13315034024577793, 0.6868416875888763, 0.00025725192798565117
0.11565096531832167, 0.698994151062622, 0.00013362126129347904
0.0916227969862214, 0.6607189564476157, 5.367202271386435e-05
0.10306069129640716, 0.6554115968501543, 9.15265472866016e-05
0.06994853526262787, 0.6978714732227363, 1.467036615962776e-05
0.11031904715932309, 0.7452737920657091, 9.549846870413862e-05
0.0816189791498459, 0.6826517561478798, 3.0230725583282534e-05
0.06882414442905962, 0.6704898334369223, 1.479929804358676e-05
0.08085194537527962, 0.741451371459912, 2.4583212578793854e-05
0.08980815271579243, 0.6694292281030214, 4.78790930784809e-05
0.11372145558121421, 0.736467288619468, 0.00011178037876452023
0.08306112846943244, 0.6702107120421886, 3.387611563834646e-05
0.11654072106653217, 0.7474669558358739, 0.00012086033251485592
0.08274032961997199, 0.6267420549010424, 3.8084136073456e-05
0.11138899426117427, 0.7539053658188893, 9.737293759822625e-05
0.07113664824455697, 0.8354557288731667, 1.1023765549876395e-05
0.07200008437702524, 0.6722486175004455, 1.795441607445274e-05
0.0725205089719218, 0.6874854702029445, 1.7720115996044573e-05
0.07798979555656867, 0.5747474312383727, 3.49122677424115e-05
0.10000486886861872, 0.6486892016373599, 8.184376444837766e-05
0.0845163658959709, 0.727965041098351, 3.099448566652972e-05
0.10536917986740336, 0.5851988462838001, 0.0001265606840821794
0.11765530576733682, 0.6336139687492395, 0.00017539091136478397
0.13503544145377291, 0.7729910205365036, 0.00021606637256005995
0.101645398491764, 0.7749002342459771, 6.161128874140294e-05
0.08724159248796012, 0.7281426423358188, 3.562187193390057e-05
0.13201468226908336, 0.7352979019282679, 0.00021616086852657557
0.1682974947603955, 0.7148154061476263, 0.0006657631514076747
0.10544627366335631, 0.7438342770257365, 7.858704605533343e-05
0.12951776397018946, 0.580937881047046, 0.000318387194269596
0.10376114151540387, 0.788252082483194, 6.51911291985868e-05
0.05921183745077516, 0.5793774033222197, 1.0224459508757625e-05
0.07283640109403172, 0.6437064638483131, 2.0602667968987465e-05
0.17370317130821306, 0.6998792898314784, 0.0007981301206735124
0.10444032166312957, 0.7116738891349408, 8.230456351010075e-05
0.08161136775251981, 0.6367881848617085, 3.472792154585266e-05
0.10440531151595567, 0.8179887916659858, 6.220862509369181e-05
0.15947110167976986, 0.7851770241308286, 0.0004353429414544659
0.08318645564970642, 0.7746134414376673, 2.5528621838556166e-05
0.07728373937890938, 0.7878472574525219, 1.7851289866855768e-05
0.08238165944625635, 0.7306448975086245, 2.7492076486713268e-05
0.1332429621539584, 0.7603553513594371, 0.0002105559464502875
0.04459833972581067, 0.6858684163286007, 2.096459758315214e-06
0.09518410549146755, 0.7789052032939443, 4.567517203422189e-05
0.06168634975053312, 0.5957180535907606, 1.1580206125413937e-05
0.1449589827796808, 0.812722314871039, 0.00026703003498999736
0.12875653885655702, 0.7283163195710907, 0.00019738343694542925
0.07177676622590387, 0.7228352166906824, 1.5318505540400457e-05
0.08519310328289344, 0.7401713782336948, 3.105137607777314e-05
0.07303300582843332, 0.6675944760955439, 1.9383169764469427e-05
0.11771616527799815, 0.5757674557424767, 0.00021288768378361668
0.14164155084877078, 0.5873080165449214, 0.0004618202815480703
0.10536932219768526, 0.6154905509654035, 0.00011441040876561205
0.06735893570961154, 0.7143338260811317, 1.1860484170191192e-05
0.09862714347291052, 0.5908793505339075, 9.280100354642418e-05
0.14597872616405153, 0.8768588866362427, 0.00023658139476995328
0.08457720569128122, 0.8389969842474077, 2.34077548776528e-05
0.12983062856899918, 0.7604734893888683, 0.00018778341903700392
0.015347670178215492, 0.7051525224005758, 1.8154595761151892e-08
0.13968734290670862, 0.5520039594803201, 0.0004917819214684333
0.10197228743232224, 0.6954306133945131, 7.758536329230432e-05
0.09086984762449274, 0.726514978654046, 4.2807894828601094e-05
0.08161160495610277, 0.6249097017384951, 3.606116931546636e-05
0.12270644452760568, 0.7468504755649843, 0.00015188504423567113
0.05248823541529048, 0.6888478283690348, 4.255905629843222e-06
0.10753199176223092, 0.6194741288867014, 0.00012350524066067551
0.16681060903218728, 0.6323626565241475, 0.0008181211229426157
0.08996851126928986, 0.6489020480331046, 5.13577463117839e-05
0.11990321302410095, 0.5777962916165683, 0.00022923029275297453
0.0718438459880495, 0.47688407967217317, 3.5339009348053454e-05
0.07270001216606052, 0.6479213341090112, 2.016847514637719e-05
0.0758233052002126, 0.7351475639709149, 1.8851624643897008e-05
0.06780535396174636, 0.571664950504375, 1.906532926359044e-05
0.06584516761018541, 0.6454135896653079, 1.3146037870240695e-05
0.08634047962528879, 0.7408583328722609, 3.287298694285355e-05
0.0786224098632974, 0.5974630988388551, 3.3477087591893365e-05
0.10834511846143019, 0.802915630826261, 7.599538269291503e-05
0.10547763704442412, 0.6308430865611608, 0.00010940292308820857
0.13187039390549513, 0.6374962800813874, 0.0002861928124150066
0.11217811854107824, 0.5537569456025225, 0.00018617586987840017
0.07622944937387188, 0.6445316058983083, 2.51083228213325e-05
0.08563392512637684, 0.75440884698025, 3.057694523137322e-05
0.07774735760898183, 0.721227879525549, 2.1869441392538564e-05
0.1272076123731927, 0.7140187911608848, 0.00019471717471108676
0.07669968224982718, 0.6673521133325042, 2.4062874270705894e-05
0.10882478459462093, 0.6967033664049925, 0.00010291352889142646
0.10573674417219679, 0.6388992707664097, 0.00010781898022872319
0.07515061512528204, 0.7374247968836763, 1.8014972249894265e-05
0.14561912458568319, 0.7774863488208812, 0.00029767432825352917
0.1752904847824014, 0.7709911161322224, 0.0006845479192317499
0.10505436219166081, 0.7105732213859228, 8.47169323951374e-05
0.1538398642094392, 0.6495578624866665, 0.0005430418695786633
0.09037738783445565, 0.6872345703088701, 4.6710977374550926e-05
0.14161782352680352, 0.6243052295150904, 0.0004084047457426238
0.10785683918726208, 0.7668745866367299, 8.166708159068965e-05
0.10299033717551537, 0.760532913750328, 6.776951557314121e-05
0.14417813727629017, 0.5944791661074478, 0.00048736016005606134
0.16453523454512337, 0.6491201151777822, 0.0007308949927731655
0.08294680171556357, 0.7684239724403489, 2.5614301973119188e-05
0.06624679884608423, 0.6314869965305823, 1.4104659978578118e-05
0.07963399016115563, 0.6703388535292136, 2.8132635024787607e-05
0.11756255954868897, 0.7324923224642196, 0.0001307806488376226
0.10471485977576347, 0.6992347251896595, 8.624948476148458e-05
0.14264219741481193, 0.8179166262800719, 0.0002456060806156417
0.08756961277635691, 0.6291765740810649, 4.850381485054177e-05
0.0825110267844909, 0.49138608511855486, 6.120303400671715e-05
0.14835611282468236, 0.49338908843074775, 0.000802288886749195
0.11729754042603871, 0.7502758510850217, 0.0001234227291963399
0.0938656594917971, 0.7148008493699544, 5.100648720727337e-05
0.10329346704530078, 0.6277254265359581, 0.00010077365655335277
0.1256713583488073, 0.6720209950976764, 0.00020837229507053774
0.062246790897735015, 0.735955563471997, 7.895458667116045e-06
0.07520193168398745, 0.7777334094483263, 1.6244710261234405e-05
0.138076337235492, 0.7399566392342694, 0.00026006271348078506
0.10179961623679464, 0.5981105236678624, 0.000104108461598373
0.06924172259650636, 0.6342350569493297, 1.6985721930118826e-05
0.13304513118097694, 0.6664459129456546, 0.00027228995359021617
0.09856791993485825, 0.7202045047428854, 6.23003998566542e-05
0.08019566278870714, 0.7221407896437675, 2.5002648799136553e-05
0.085526849225444, 0.7941138076927701, 2.7444244759803354e-05
0.09192165740195564, 0.7346131999897682, 4.404402145124783e-05
0.05995049169237273, 0.577172919627945, 1.0880330856513003e-05
0.04058466652588638, 0.6744502280378756, 1.4317223528537183e-06
0.14232088428675502, 0.7488301933080518, 0.0002901223524581259
0.08519255232212083, 0.7444134655282301, 3.06976144242636e-05
0.0807249689244664, 0.7420684006383527, 2.4373209457531606e-05
0.12661127298609975, 0.774474302902627, 0.00016211765895440702
0.09361866782924963, 0.5549283030837211, 8.365404701173163e-05
0.09783594408131883, 0.7484171856176765, 5.583050173928781e-05
0.10506387545202112, 0.5849814641934541, 0.000125047991050402
0.07571862749053854, 0.544750057088358, 3.412426878615019e-05
0.14856567728913683, 0.7440349401619201, 0.0003549936457178258
0.0689626781088974, 0.7358453913953422, 1.2396379710539815e-05
0.11083859799573857, 0.6522394142284456, 0.00012728942449627423
0.10127347769817724, 0.7264437415203141, 6.898316377487407e-05
0.07660739712959852, 0.7508189372029153, 1.890978411416011e-05
0.12792934440016993, 0.7374831089293636, 0.0001871244376531147
0.130224725910406, 0.7231846956680907, 0.00021043531885869257
0.11344862269954896, 0.5844582332609499, 0.0001756206327423975
0.10712888857681606, 0.575913637578472, 0.0001405530287505871
0.06759308608808284, 0.583565614753045, 1.8044984800493495e-05
0.0585578322449203, 0.7725409386027169, 5.4764213196718485e-06
0.04220115580789255, 0.6523725868686538, 1.817195325475603e-06
0.036013135286129774, 0.8330987726995507, 5.546270036755609e-07
0.10932229910303516, 0.5888244637391106, 0.0001469984432443198
0.07994846090478369, 0.6107655791465645, 3.4481111988040265e-05
0.10476132586630342, 0.7562834701120492, 7.387219780741826e-05
0.11158423330228363, 0.6901653206753073, 0.00011708792219845065
0.07517847054482729, 0.6387026084038256, 2.405358734660105e-05
0.14593395142487392, 0.6684276229732756, 0.00040657907524615714
0.06568105099517346, 0.5774311526136808, 1.624433314557891e-05
0.029455114051950906, 0.7797530522589947, 2.61432062083535e-07
0.11740891814824309, 0.6507337121114629, 0.00016475707147559112
0.03930493327132998, 0.7271351400996062, 1.0698002849377022e-06
0.06605035159013406, 0.5599482054018959, 1.7706012697857187e-05
0.12136427796491363, 0.7495826584432206, 0.00014365696678797203
0.04831506405775644, 0.6765396753815679, 3.0643799935956467e-06
0.11314872529667573, 0.6604479145946343, 0.00013594000440416183
0.07799676681535386, 0.7677196357003544, 1.957481388389188e-05
0.0949472877710709, 0.6620490900251437, 6.253293169503845e-05
0.09799637829351468, 0.5919509182408796, 8.989149685426487e-05
0.11005764128894001, 0.6353729355624114, 0.0001300281423578364
0.07794149885687401, 0.6948928131445905, 2.381841024989178e-05
0.1358598029664949, 0.7857218170962054, 0.00021479718537478366
0.08529716406389143, 0.8211914175081072, 2.536233874530861e-05
0.07521863926523731, 0.7423437421706177, 1.784793077548329e-05
0.10256518808434457, 0.7093101900570867, 7.650563328731292e-05
0.0960795124848197, 0.849614496584709, 4.0003459292262056e-05
0.08060660450741045, 0.822366581256192, 1.9718131105644096e-05
0.045341494817290245, 0.7483589738495467, 1.8937717090517706e-06
0.07067490871088924, 0.7484873247757524, 1.3346399605724086e-05
0.09404146609870491, 0.651195804310722, 6.196522494806367e-05
0.12438846821483263, 0.7617544206169083, 0.00015501311997747475
0.07705353975560454, 0.7721074460367302, 1.8344160079793238e-05
0.10574448070814353, 0.6530273382861743, 0.00010323740750312457
0.12021979812660939, 0.6398988507284641, 0.00018907652503708867
0.14398659334651792, 0.7628518881468669, 0.0002942405307633925
0.17322720772209485, 0.8152630809414019, 0.0005811405865310932
0.05604578729620106, 0.7701097472951054, 4.544119493288459e-06
0.09912125869861695, 0.7152661817526746, 6.473877392400128e-05
0.11186946534139826, 0.6670617395965579, 0.00012675488585681165
0.08746679454116302, 0.650723302301294, 4.511108856322209e-05
0.11403830178998733, 0.7994631317626494, 9.602676050681969e-05
0.11016042993678608, 0.6837732054485711, 0.00011273388612623969
0.13993266755446623, 0.5652736136621672, 0.00047259874953152416
0.07829659769882572, 0.6140829133194, 3.1115772607191395e-05
0.1148950639075418, 0.6713061130405358, 0.0001407507526076232
0.1043917401831111, 0.7617829647160437, 7.168600657443875e-05
0.12415609990440922, 0.7116154879701674, 0.0001761710671868145
0.09964706891082523, 0.8374141698469761, 4.834251184044088e-05
0.08302913777668368, 0.5741631715997959, 4.607969074917394e-05
0.11510489913956463, 0.6779548094787586, 0.00013911602600049752
0.10415342341685212, 0.7024493960812296, 8.346404475703576e-05
0.0835061287331419, 0.7604014006880071, 2.694268190202506e-05
0.035010944373897845, 0.7271018163056695, 6.430907605698236e-07
0.09871107872909984, 0.7304590402809109, 6.095145979247195e-05
0.09235283953697532, 0.7433327874898231, 4.3911718304093384e-05
0.052504787167161344, 0.7210348258295278, 3.889811754875006e-06
0.06683304458911973, 0.5973509624431835, 1.6385822409955793e-05
0.1096806048602435, 0.7759874827675111, 8.586728817420177e-05
0.10579960392483555, 0.6917016605251797, 9.222699210557205e-05
0.13879518211423392, 0.6693484401110357, 0.00032516867889940704
0.1276652687694869, 0.7454551664189777, 0.00018148594626132985
0.10456275205777787, 0.6916162653631045, 8.759802673679787e-05
0.09262535721296894, 0.8050051781358344, 3.792975967655239e-05
0.12103649545081621, 0.6869470695797977, 0.00016902511672084637
0.0689441668815407, 0.768999579082557, 1.1337121891549361e-05
0.05797108449813483, 0.6986995414190454, 6.404942730382254e-06
0.13704731023456324, 0.509725224613752, 0.0005303027958611923
0.09766046763125526, 0.600298530919647, 8.60981963963721e-05
0.12312498790951389, 0.7332799655127669, 0.00015993721963917428
0.12689414688101228, 0.6656519730727627, 0.00022162280490438456
0.10104404416366332, 0.7557085828150075, 6.311089742079304e-05
0.10293581648312633, 0.725970891081716, 7.420277422859358e-05
0.15417248273492096, 0.6220227302749279, 0.000597838112217809
0.12912187988112137, 0.775055138950543, 0.00017648182822497892
0.04990136661468429, 0.6413488888516876, 3.930718453857673e-06
0.09370061237763969, 0.7852280660352708, 4.194121019488436e-05
0.05237791437749643, 0.7892145432899619, 3.2123867349243004e-06
0.11770410763082975, 0.6238382789684658, 0.0001812612546092128
0.07299894071499465, 0.6229652969467653, 2.2214218743785537e-05
0.11620025119027781, 0.7174473169231101, 0.00012950810830584215
0.14471300161539513, 0.5358697469058175, 0.0006096500955002697
0.14590570630316538, 0.4644725622510828, 0.0008413249900326276
0.12733486075990316, 0.7006030267068217, 0.00020313748757758984
0.10025636748598792, 0.8921652671308136, 4.374897880139756e-05
0.09166429001589678, 0.545186136276533, 7.898726524186171e-05
0.10452032927412044, 0.753086449641684, 7.374959080254933e-05
0.1059334838667792, 0.5468215774045656, 0.0001483955691070457
0.1641995041007621, 0.6703239281531127, 0.0006792545456072104
0.1204883957019576, 0.4967124474826138, 0.0003168945616624546
0.09115302539401517, 0.6152943867618006, 6.0505210509030804e-05
0.06089015400725763, 0.6492234592545998, 9.208409142410028e-06
0.12830938011648788, 0.6651934825870551, 0.0002330273606769714
0.07470859936714522, 0.7394837618199875, 1.7455778747063232e-05
0.08140455395019137, 0.5827801463323679, 4.100253282793432e-05
0.13095151284323509, 0.6321147559839663, 0.00028226714350823915
0.05828173566364276, 0.7731474283686318, 5.355304427963334e-06
0.08816938780192578, 0.7160491322511353, 3.859034692930798e-05
0.05719054678268066, 0.825731194484473, 4.320312962586724e-06
0.13083806185205213, 0.6484913551766227, 0.00026716992252998956
0.054397244293215755, 0.7972939905391168, 3.7176394915889395e-06
0.04884898507901475, 0.6259033427601465, 3.7576450408109508e-06
0.06527289551863849, 0.6651554001778047, 1.1910892908962688e-05
0.12266093823000666, 0.6316441765225337, 0.00021199642931603413
0.11865258524071945, 0.7975305944914891, 0.00011489229258031922
0.08727780857124882, 0.7875334221854818, 3.050737041570211e-05
0.1469573725499514, 0.5535102529023777, 0.0006114439092187128
0.03579320611467862, 0.6333694672196962, 9.340589707424506e-07
0.08622830665401361, 0.6824777844903611, 3.851662559993831e-05
0.1220908918514351, 0.6405555770399961, 0.0002019568716705017
0.10278505214194927, 0.9174366425588449, 4.616422611817158e-05
0.1556258512982529, 0.6294790734987767, 0.0006083632337494462
0.12060475138269534, 0.5948885496572299, 0.0002218697610594258
0.08686763078752002, 0.6563432318840996, 4.302084858682931e-05
0.0774979775570816, 0.6373839378817807, 2.7608403311436267e-05
0.09210121339584341, 0.7549533370748543, 4.20623203928909e-05
0.1327721962661476, 0.6040082395236822, 0.00032851226130314773
0.06697793558964207, 0.6007710240901952, 1.6354891755617184e-05
0.06903089372420382, 0.5974438220052186, 1.8887006547554647e-05
0.05812736534031324, 0.6125693022013865, 8.431993231363845e-06
0.12461254604244641, 0.8188145542327389, 0.00013522798467002778
0.09150614941601712, 0.8444909594169883, 3.267060090374881e-05
0.101885246135623, 0.7988022377828604, 5.8583736380863504e-05
0.12597310917080176, 0.8525660481441106, 0.00013083753782820764
0.13218126494169258, 0.7165269222368276, 0.00022890139918819912
0.14560025006807537, 0.6814060992830462, 0.00038731756754562603
0.09221619214795937, 0.7902050124900478, 3.860450170109006e-05
0.1253665324138069, 0.5443265491453844, 0.000314228782394756
0.02450820996906458, 0.7112708622699941, 1.3991583477937042e-07
0.08582351747715479, 0.7454851460361137, 3.161954911470447e-05
0.10983744511327731, 0.6054099954724331, 0.00014196084692220555
0.13684346068934125, 0.6979435339715077, 0.00028100311559366555
0.08435923915863211, 0.7025806538207255, 3.3003287412577965e-05
0.13347333329290137, 0.6098823433016687, 0.0003297688311351651
0.06911342633700943, 0.6237409221131545, 1.7419355652814206e-05
0.13961369301302518, 0.8675545502621874, 0.00019863491066472646
0.08740678143781626, 0.9270695796283461, 2.215847162391891e-05
0.13880617110415838, 0.6547150886797892, 0.000339985038391062
0.05086417105802538, 0.6648803479899912, 3.978245469126084e-06
0.09756374482142809, 0.6753903430698003, 6.772132316546891e-05
0.10911124518531372, 0.6878927197473255, 0.0001067948533248327
0.09541140067062312, 0.747659289214197, 5.0095604845613896e-05
0.1362237379897199, 0.6793873946280052, 0.00029069878574805694
0.06485581597633647, 0.79086022204232, 8.191090313901824e-06
0.10780755694797468, 0.755053508444136, 8.407501183336297e-05
0.09344521844175145, 0.766971762849415, 4.343684916606058e-05
0.10181753208800369, 0.7080221981592615, 7.43517919760414e-05
0.12067976793473469, 0.7753375655707884, 0.00013097122708406424
0.08661316733774664, 0.6784651679631207, 3.974477430184766e-05
0.10123094427621665, 0.8407238941348079, 5.140881375795253e-05
0.0381468956127569, 0.707304076308035, 9.91229136125788e-07
0.08824048244129336, 0.5649849156658397, 6.22057937914709e-05
0.06173954066302613, 0.7841437761975201, 6.708932638539904e-06
0.029221250577469035, 0.6973065118835877, 3.156408239049232e-07
0.04080305353844275, 0.6563237270475926, 1.5480230181139495e-06
0.0623558005407538, 0.6778401956657689, 9.379278681523897e-06
0.190120563601492, 0.6443350995892639, 0.0014011038517782524
0.09619298942307994, 0.6142402688874561, 7.693436661166936e-05
0.10735110204600617, 0.6967697751926076, 9.690270981235298e-05
0.1150314951928292, 0.7069875851377054, 0.0001275663376225343
0.12359775260410395, 0.6274754065284838, 0.00022213602974527783
0.094971905536268, 0.4737792483458442, 0.00012224539161221278
0.09664376044523824, 0.6792823723438274, 6.421404330887731e-05
0.13253946078487228, 0.7956207621268179, 0.00018787654239821474
0.11692374135309785, 0.8161731737920824, 0.00010284262671330942
0.07932371267197075, 0.7899810191963903, 1.9911589393988987e-05
0.06757930637344543, 0.7563962482829959, 1.0731182395849483e-05
0.10129703417059895, 0.7205337667808283, 7.019122676449591e-05
0.10757216046343215, 0.8149142943756967, 7.148609039599258e-05
0.07241738255385552, 0.6590140082318788, 1.9163949989499503e-05
0.1233242364428335, 0.6013912295583962, 0.00023947756390640308
0.10349875422948955, 0.7298499259566172, 7.519921362430306e-05
0.12378714087375471, 0.6253704821542249, 0.00022514560905672874
0.04171776123917977, 0.6629103388059377, 1.672895014434219e-06
0.14721798655869933, 0.6310746048643936, 0.0004740589318138083
0.10500402358157716, 0.7255836515758446, 8.107688582230977e-05
0.08652727588354002, 0.6597042867084346, 4.18543519509365e-05
0.1118167008018745, 0.5868898275368406, 0.00016341130526449703
0.17281828890936723, 0.6834261814763621, 0.0008184221152482056
0.15654161011125858, 0.7238312486196301, 0.0004721308131525146
0.11144728629508606, 0.5659210780539013, 0.00017320481014049952
0.06358510517618973, 0.5304871733609345, 1.6687061077398386e-05
0.06974174464529474, 0.710315702322142, 1.397756173118974e-05
0.020911648064103616, 0.8282558266654361, 5.132692508733635e-08
0.15017805735711048, 0.7158637410295251, 0.00040213667925584996
0.06312006969423167, 0.5799024538994503, 1.3520503686666083e-05
0.07949331709856694, 0.5180466705477088, 4.673936950708343e-05
0.14150915476447543, 0.7417184452932666, 0.0002883631101330158
0.07323501844317916, 0.8191169820961429, 1.3032770164861824e-05
0.08431856606542762, 0.7241361852120537, 3.1001844345940364e-05
0.08604611217429205, 0.8037015039902418, 2.751654137554336e-05
0.14652624642744355, 0.7752722454421241, 0.0003076700989834776
0.13670455500547596, 0.6427963352085434, 0.0003298103264210206
0.0622687914280464, 0.6498843553221982, 1.0141067035241795e-05
0.08391064302469242, 0.723521228723693, 3.039893418729434e-05
0.10316504973529342, 0.6114043892743947, 0.00010564579047678042
0.047232723391835284, 0.7222211528064185, 2.4338546182852045e-06
0.10108147209138317, 0.7300941167386719, 6.772718969316501e-05
0.11818182006575613, 0.756654902956824, 0.00012542761432403186
0.04802774028249588, 0.7319815109257259, 2.5499469748250028e-06
0.10459848546289108, 0.7774098912090005, 6.943485236126875e-05
0.11207627316433394, 0.7342465010423407, 0.00010547324859040486
0.1154247282336451, 0.6929246246294317, 0.00013480589795708184
0.09564101919249997, 0.6743323700626738, 6.223752904614175e-05
0.16380964811211957, 0.7788869063947473, 0.0004978640771829928
0.1108757184601607, 0.6419360272214977, 0.00013160208309041316
0.0559407002657402, 0.7208768281690255, 5.143355217421161e-06
0.1261805143990903, 0.6624948794602686, 0.0002182563746122599
0.11233157032935874, 0.8798212189225958, 7.419678476477746e-05
0.09921425255829501, 0.6176738692288677, 8.717126032764503e-05
0.15466365126740794, 0.8846924342751076, 0.0002997019776968966
0.07015890075372423, 0.765258065060086, 1.2362727039965623e-05
0.08108857142347674, 0.7401755204954211, 2.498727626826545e-05
0.11800455457792114, 0.734368715127587, 0.00013227937992187075
0.1461661406137317, 0.6362167211849508, 0.0004519408214288914
0.07682726141341316, 0.7937646181635073, 1.7133653336465678e-05
0.06377110288880455, 0.8684693044809945, 6.3067008855589145e-06
0.08638344628477673, 0.6033244438354679, 4.9677344258414716e-05
0.11980067834884452, 0.5957432680259473, 0.00021481689243133098
0.09360150459118528, 0.7641645251565519, 4.4079494282096395e-05
0.1261444825750663, 0.7617632208518831, 0.00016487174668132734
0.10191038764788962, 0.7360835016093793, 6.906737103881155e-05
0.0852176778921678, 0.8217103591358401, 2.5226618231482787e-05
0.11829907178425567, 0.7521351841708573, 0.0001274946525983232
0.10563234847849516, 0.6724011844655055, 9.692046144609695e-05
0.10817160813401291, 0.789957420393998, 7.79573361286493e-05
0.07746373046631472, 0.8075401379643382, 1.716606116717563e-05
0.10050162725679679, 0.7382581219127917, 6.458193333671297e-05
0.15008193006938625, 0.5914809334372734, 0.000587393836237983
0.15605440007036867, 0.8072991906145891, 0.00037437888289631636
0.10670728185994414, 0.8247192194597506, 6.736084370823601e-05
0.08156470875359792, 0.8357924755929503, 2.0108471415878076e-05
0.10413421277089259, 0.5981082911536766, 0.0001150316580579651
0.056693398170541184, 0.8610828892366464, 3.82312880964616e-06
0.05699754594399743, 0.5402940983376645, 9.94197214104702e-06
0.16679408370053028, 0.7598047357207308, 0.0005664436714822305
0.14032058533045585, 0.7924814829074533, 0.00024340066256357484
0.08818433665993239, 0.8705210903739167, 2.6129415383211375e-05
0.09131495255342639, 0.6546099130431179, 5.387472817466843e-05
0.15854384821508766, 0.7423154662408294, 0.00047472949782861374
0.0924350877408284, 0.7299290107652605, 4.5717957720753997e-05
0.09564198386364213, 0.8241781485281872, 4.1665580742202423e-05
0.1481774734309375, 0.8245022674304181, 0.00028577471749385874
0.09914142264412822, 0.6268686129318211, 8.435979024567202e-05
0.10070816578132633, 0.727782991245087, 6.705740034890745e-05
0.08901338778750129, 0.6164212180995077, 5.430179573360817e-05
0.174876943055697, 0.6224285670940909, 0.0010394655401071847
0.11105469815750654, 0.8369748652983644, 7.796570017776484e-05
0.0428926255907633, 0.5737009398214521, 2.523936087887632e-06
0.1253313323670473, 0.712463754321969, 0.00018319045270388397
0.11847200958426134, 0.5990368931867486, 0.00020228704931481669
0.057587747173999615, 0.6762648355805132, 6.640253798554094e-06
0.11154301145748809, 0.5710937833106369, 0.00017072512520839047
0.1295317683183679, 0.6956450652896919, 0.0002221499270651317
0.07865544910434018, 0.7005529679911456, 2.439443303734777e-05
0.10779852281454626, 0.7362623377189326, 8.83887696710721e-05
0.13934475696709192, 0.7323441049222281, 0.0002763976204724766
0.12353377389897827, 0.6702636963576925, 0.00019423684837670325
0.11226690157485517, 0.5755503277400934, 0.0001729445688745813
0.13541137646927787, 0.66015252129387, 0.00029988862753168997
0.08973138242320622, 0.6105891401328674, 5.733541016673558e-05
0.05497681998850021, 0.7482774850845398, 4.4221233155075984e-06
0.10966114495193341, 0.712145723875734, 0.00010187329882745855
0.0420023203188468, 0.8007235377928894, 1.18141682239293e-06
0.10545178640316123, 0.6327406692979539, 0.00010863049028961339
0.12823166978809464, 0.8349751589391412, 0.00014750206350984036
0.05005329651344995, 0.5168331936673662, 6.134355150202861e-06
0.1089139705353817, 0.6587463580917516, 0.00011553065681212384
0.07846000499963011, 0.7323717506334229, 2.207777928184183e-05
0.0909329973288451, 0.7444170740189636, 4.089854657294404e-05
0.13656883205943943, 0.6877486050261741, 0.0002868490924617653
0.10695531555462474, 0.7202086946762761, 8.923590240323782e-05
0.128630419632778, 0.8636684925208087, 0.0001397603452055382
0.10615443583947667, 0.6026233261415506, 0.00012331101307524355
0.1117022267298018, 0.6801164992758614, 0.00012113547050717773
0.1415305456682692, 0.6537858446902917, 0.0003713946704433785
0.10253801998847356, 0.560675181876509, 0.0001223029437874102
0.11212723256064476, 0.8759568834065158, 7.42556138145249e-05
0.09139378320124153, 0.6717067576647449, 5.136174195082757e-05
0.07135596358196264, 0.5883360824095294, 2.2532435640269806e-05
0.11096013239619329, 0.7246349331347455, 0.00010362439676680219
0.10095132326778312, 0.6395416068797357, 8.77649601800623e-05
0.11349720374010237, 0.7965958788594647, 9.471625075474231e-05
0.11073317322482791, 0.6656147928681313, 0.00012171442352369194
0.06143892053826388, 0.7472244734131809, 7.2312846814358335e-06
0.11186190089572937, 0.6717563605786335, 0.0001249522213087494
0.10292446419783197, 0.6330262563880504, 9.754485211409334e-05
0.14187081654930153, 0.5598690561766312, 0.0005118261468993359
0.06622181798714952, 0.8435985668055743, 7.890400858738973e-06
0.15302122576062327, 0.8250184183431484, 0.00032881073308697065
0.09094527520189835, 0.6835766412578763, 4.8531542158539e-05
0.13005013155915293, 0.6457045865157693, 0.0002624131873772421
0.060033513170453405, 0.828831981917339, 5.308421941613172e-06
0.06700725689366788, 0.637545540420996, 1.4550555236892028e-05
0.10979088449216891, 0.6406494897098574, 0.00012653672119473862
0.10835036109070777, 0.6019224215264842, 0.00013525036699786182
0.08848766878187757, 0.7052309877983882, 4.041915590029707e-05
0.1296807342206662, 0.6990399256685729, 0.00022111283956406338
0.05861545158580366, 0.7382302768806124, 6.023313924487868e-06
0.10309816418140004, 0.7420036947047766, 7.152499937545037e-05
0.06579221580647035, 0.6549592735907187, 1.2720528745212246e-05
0.05999740987450612, 0.714964775716706, 7.115077161452232e-06
0.0760865747670007, 0.5411556104513056, 3.5324572480493345e-05
0.13577905577074087, 0.6967242407207653, 0.0002724634840031726
0.09446707909873049, 0.7490905683311101, 4.77673758094788e-05
0.11909863867332243, 0.7248985060337833, 0.00014138436848846832
0.12391031209587638, 0.6343146928483635, 0.00021980073400828756
0.09741433554340356, 0.7122502351809531, 6.048411546967517e-05
0.04359191974944946, 0.7349995051394477, 1.6511182716332002e-06
0.10823089437170783, 0.6603398418434666, 0.00011183464986115348
0.059822364327551315, 0.8256472458937067, 5.267160436229292e-06
0.05515705672807042, 0.6672039566958674, 5.642784153409609e-06
0.09498134541053892, 0.7971622053719801, 4.319973594754574e-05
0.052177697762644484, 0.751508414631736, 3.483628364089368e-06
0.13231321343257121, 0.7793879786001491, 0.00019431782757219591
0.0984227374976172, 0.6863120913288359, 6.81620327114156e-05
0.08527200377823352, 0.7399357036146293, 3.1197973954860765e-05
0.07893322045291393, 0.620844472199375, 3.1545940346761826e-05
0.08189091002970815, 0.6932495193554381, 2.9745673802448777e-05
0.07083598239726305, 0.5588960721412065, 2.4178036903816257e-05
0.1115605605230402, 0.7069820130764947, 0.00011147980322100995
0.11455321570444814, 0.6893149840078346, 0.00013175360689009398
0.153949191171094, 0.680695174381891, 0.0004960451002653963
0.08792249383879899, 0.6475708906222473, 4.660486470302856e-05
0.11877245768660649, 0.7621974743041355, 0.0001263514285157681
0.13108869633564343, 0.6927182537681402, 0.00023612377023536193
0.09377992928660445, 0.835031230223593, 3.722579868170712e-05
0.08717303460021669, 0.5948705061882065, 5.318663901656777e-05
0.1542824609068634, 0.6583246924249233, 0.0005354001153808578
0.1099088355278364, 0.6394210681905156, 0.0001276249199652647
0.1397560920845843, 0.8311680122630426, 0.00021737998150604383
0.12485873603247531, 0.6147989175950574, 0.00024195968979613772
0.12267149050225558, 0.7221036953398087, 0.00016227020601876686
0.06794564868566183, 0.6725818034862385, 1.3899107919593428e-05
0.10545050188620211, 0.6957211559665156, 8.984823333653432e-05
0.06759041538633055, 0.6538547134403333, 1.4371360631635086e-05
0.06191816433997422, 0.7403674585423861, 7.622032082106377e-06
0.051689192288236395, 0.7996395428059776, 2.9521352754778187e-06
0.006334696281289132, 0.7710538753168958, 3.093071482707903e-10
0.17107294390301797, 0.7580488915636219, 0.0006361643244039254
0.1311810387499699, 0.5709199186218697, 0.000348696987146965
0.1277616294656219, 0.6758078566834181, 0.00022155490519260737
0.12056048882469941, 0.6526531316135777, 0.00018403611025922677
0.09389851090877499, 0.8260378499268964, 3.8252894625763396e-05
0.07083506624597542, 0.651216585384767, 1.7807687710351676e-05
0.06761212405843994, 0.6597972714865765, 1.4133607195899597e-05
0.11927560949483501, 0.7222943752983525, 0.00014333909791192244
0.10344953353273503, 0.6716146149826351, 8.861988501344496e-05
0.13829028189671055, 0.6968145232427311, 0.00029526693907485263
0.13662977834760284, 0.6736724532146817, 0.0002995490312099616
0.10323937211068161, 0.677711028581718, 8.625739753757257e-05
0.12945148839360154, 0.7351948785808939, 0.0001983498895586757
0.08427499786678794, 0.6194578314723516, 4.226850643724583e-05
0.12978329211855094, 0.7626928341868984, 0.00018639283983337273
0.07934608436049306, 0.7444394755894155, 2.2450153079983856e-05
0.059029336728279404, 0.6745019826906414, 7.442146428542146e-06
0.1259054098579583, 0.8448019374698568, 0.00013293869635667177
0.10256543594345993, 0.6623568481954678, 8.773772488280298e-05
0.07342996801778567, 0.7795627091776158, 1.4558159609664493e-05
0.06599113926614203, 0.6892889211920661, 1.1638581585702028e-05
0.11516071141018737, 0.7268615480956423, 0.00012128346600912087
0.1355254679795578, 0.6199152657392085, 0.00034134477806722945
0.12456573613242576, 0.6935617986209565, 0.00018816957487745406
0.13533689887163494, 0.8859080204258888, 0.0001661192652303821
0.11573639911805553, 0.6801768645869529, 0.00014157612991185994
0.11235262519533826, 0.7784484212877848, 9.485765852610297e-05
0.06329705045070202, 0.5660270653558231, 1.4367419821500204e-05
0.13593300930847435, 0.7607759030387714, 0.0002296582754143454
0.14461732555566326, 0.6657359431757379, 0.0003938504264302189
0.10562908805289734, 0.6748561736854288, 9.620352383955396e-05
0.09256524563970168, 0.7778232931207661, 4.051119207675428e-05
0.0620043217132257, 0.6773180344536573, 9.162990716051568e-06
0.1110440794442284, 0.7739049540441585, 9.115288936537304e-05
0.0819225397883291, 0.7095420350610347, 2.8443604657801864e-05
0.10930093401184261, 0.6594743910829078, 0.00011708872256334903
0.08619734635948664, 0.7099609699676485, 3.553612683898696e-05
0.1405147307414314, 0.640103119018355, 0.0003753549734401277
0.13436059577291193, 0.7780427393612841, 0.0002086197595520193
0.10711957804935873, 0.7257781454819723, 8.846695480103511e-05
0.06480026585640827, 0.7143681419804846, 1.0001372569284615e-05
0.07486113119501311, 0.7281135790371129, 1.8167523523223044e-05
0.09436040565765831, 0.8128989679620447, 4.036155310770939e-05
0.06247328268323306, 0.7195260844453363, 8.393205358929652e-06
0.10305375096111871, 0.7265554970322174, 7.445760256006263e-05
0.05178388460167804, 0.6803272406887859, 4.111369700920185e-06
0.05878355292968652, 0.7148485989208256, 6.505241379147011e-06
0.05843815620036855, 0.6590004909397188, 7.458629636815952e-06
0.009337116529604506, 0.8028976498749428, 1.5724677639591846e-09
0.12586317590971383, 0.6094919815961803, 0.0002550258026406211
0.1295468975526699, 0.6935582430675615, 0.00022360365353037875
0.07035038282013718, 0.6636546502481646, 1.66361971954501e-05
0.10847093880386871, 0.7342670142761614, 9.13349120856136e-05
0.11485146097484442, 0.5976258292134896, 0.000177299652447938
0.048027434048194255, 0.6263999871726724, 3.481895299085299e-06
0.1261995728443197, 0.6957368408688663, 0.0001980298183342997
0.09258348652658291, 0.7459903733140193, 4.408054845884254e-05
0.13262536890348672, 0.7129589766643599, 0.00023463558372903312
0.11520001146231555, 0.7290422395170476, 0.00012074012260053682
0.11866304181799764, 0.7287896492193026, 0.00013764156554966792
0.03321265643062479, 0.736944790753626, 4.964001309913634e-07
0.1323412701495467, 0.6954080133488166, 0.0002443125792913898
0.10274491856885844, 0.7711695635268754, 6.522463930147982e-05
0.09854905940347876, 0.9266925926418864, 3.75980604241737e-05
0.09493840153541615, 0.7466918226053448, 4.91391380241544e-05
0.13643319982598184, 0.7410180643530214, 0.0002460121703474452
0.07583136666116287, 0.669082357038624, 2.2768888287979508e-05
0.107839004145152, 0.6331879171719605, 0.00011970560378274214
0.09382748799572914, 0.7769296073829586, 4.3097784588302995e-05
0.05897436869025947, 0.6766145480350573, 7.365491907047574e-06
0.0853121341914938, 0.5440648775832551, 5.782452373354601e-05
0.0782053495658492, 0.7129081050470999, 2.296884852427227e-05
0.05819734187429724, 0.6065518746619865, 8.645773503471528e-06
0.13745777747216123, 0.669763929528785, 0.0003112199189006934
0.12866758249172888, 0.6488935189192321, 0.00024790383501732417
0.09925366921546129, 0.7432514134399213, 6.0308610273305854e-05
0.05489006117950254, 0.7110318088082076, 4.863626126727626e-06
0.06179434617250299, 0.638835383103685, 1.0147578854773672e-05
0.10520464856221608, 0.6806217294571407, 9.29197362461589e-05
0.09140275972053391, 0.7085516970939348, 4.6178919780780664e-05
0.11239583874891018, 0.7019828333488881, 0.00011684602342771232
0.04783282909561195, 0.5949161812857573, 3.7918315340146343e-06
0.07600769526240672, 0.6568142556736964, 2.3870088963616256e-05
0.11727497862255398, 0.7364688586411141, 0.0001279854844838426
0.1075875482416714, 0.7840160956283452, 7.72802977686519e-05
0.1381013681084787, 0.5909327023918174, 0.0004080947089519714
0.07930682531716816, 0.6961196971157588, 2.561913953574613e-05
0.07630383249480877, 0.581997178899726, 3.092630862910018e-05
0.06249728904160069, 0.662881004232491, 9.905671879724372e-06
0.10602622768378334, 0.7809535060112082, 7.303551612158305e-05
0.11610130976218798, 0.7486109966014199, 0.00011850503874920661
0.08321616289731351, 0.6019567797519074, 4.23398287970329e-05
0.1518413423607709, 0.7526480187109645, 0.00038185475544021537
0.1276219458086171, 0.7088894662241001, 0.00020039202937596819
0.11893763125255954, 0.6880179633525125, 0.00015601673893144962
0.09565299037336797, 0.637319719619037, 6.971477214188816e-05
0.1029522615433499, 0.521122433398741, 0.00014410673544178453
0.13229784604515854, 0.5988190772718215, 0.0003290082929495474
0.12394012030766333, 0.7129534249889672, 0.00017417106066722245
0.10694216857571923, 0.6030421357246804, 0.00012721142608872153
0.11205558999944355, 0.6938746528877009, 0.00011800797771775842
0.0693765973040801, 0.7475916787143696, 1.2330314644325369e-05
0.12801192999744665, 0.6721556854186342, 0.0002259061757884548
0.11393567178443156, 0.6745577834094769, 0.00013434773158014628
0.1327109532326191, 0.7261380627575305, 0.00022683876522628274
0.0684627526878381, 0.5608857668935714, 2.0664087324298038e-05
0.08545767455671677, 0.6458932038008846, 4.133797314999366e-05
0.13835619206292699, 0.6326917175297773, 0.00035890163854548245
0.1257921508975057, 0.7781855394544339, 0.00015605409670186983
0.13752750326968943, 0.5094095303413582, 0.0005391949597868317
0.07109191385791051, 0.7041728470121502, 1.547448677619972e-05
0.061077317466542436, 0.7552036811382629, 6.897782566872211e-06
0.09207776193468643, 0.6429912624193951, 5.792108317920774e-05
0.1411805360096918, 0.7250010909843404, 0.0002987430517577772
0.1233813767138203, 0.711081595420646, 0.0001716426903367613
0.10805088805613808, 0.7615494102779788, 8.347077073720634e-05
0.1690238732862998, 0.6550338597305393, 0.0008079971250673454
0.11767068519463926, 0.528179054301843, 0.0002525480329200891
0.0802864418095094, 0.7191733590466322, 2.5335206196092594e-05
0.11293317391429428, 0.6734991424966743, 0.00012963030771384078
0.043926459653824704, 0.7478501691412412, 1.6494227963074416e-06
0.07205955842022023, 0.6593599792122369, 1.873112035943113e-05
0.11058205142240077, 0.8162588041209689, 8.044935494346867e-05
0.12689271902114846, 0.7354473994617817, 0.00018154494420846156
0.08396572430943619, 0.71401471905487, 3.130405067888704e-05
0.13465751035473814, 0.6101131892617264, 0.00034257812250136166
0.06446616054256207, 0.7688084691548521, 8.440914925833772e-06
0.09078568050414233, 0.7324471673039009, 4.194591225622651e-05
0.10679818005227763, 0.6359921759477682, 0.00011369550624937119
0.08244018344309041, 0.6882097394968891, 3.108391022456745e-05
0.10152757724404023, 0.8201329358001335, 5.472264627999089e-05
0.09316640714397166, 0.6890740183948656, 5.3109874718447634e-05
0.1354126394741329, 0.6815103301880827, 0.0002813983237474643
0.021571477254944182, 0.6858892439676597, 8.580832351906433e-08
0.13784221128164012, 0.5858117397362352, 0.0004118428913646383
0.10002659288993734, 0.694363697397702, 7.149900166799948e-05
0.08043959451459368, 0.8881881623472526, 1.675033031525614e-05
0.0823744482572159, 0.6754376273774813, 3.2157514787823233e-05
0.08395192109892541, 0.6401469704371546, 3.8917175993309377e-05
0.14280156175613073, 0.6656940050449057, 0.00037259894147371466
0.15384322691619995, 0.6808915733080178, 0.0004942593046661613
0.14198245617698432, 0.6655273497919849, 0.00036346843031009765
0.09609798257265174, 0.675464171218754, 6.334379104646395e-05
0.14397067626510202, 0.7215066497538066, 0.0003287691185677304
0.09347549123850758, 0.6379297101937007, 6.287679064345949e-05
0.08339956807720622, 0.5823251695839142, 4.568309294080529e-05
0.1003345446900514, 0.814525815170904, 5.266696851874835e-05
0.09310117556501085, 0.6787884665194969, 5.456318495790278e-05
0.05674680688217754, 0.781811189264251, 4.656980518664592e-06
0.15265590702396106, 0.699450923596501, 0.00045267999532353474
0.0721389346240125, 0.7713135331442798, 1.3754689177129379e-05
0.12944583018174666, 0.8029906096908805, 0.00016623882115286785
0.10912513592774237, 0.6505409198972303, 0.00011947740132015084
0.1337558651570464, 0.8316326526934223, 0.00017901082930335747
0.02231207330848964, 0.717658922114519, 9.092962585812012e-08
0.0738765709280118, 0.6331419149476635, 2.2666964973656604e-05
0.11220588669008026, 0.597406347747824, 0.00016013824191573895
0.09062956000584084, 0.7494565005740899, 3.976129037728424e-05
0.11489823928321455, 0.6811700695125098, 0.00013672049652864562
0.10381054711709968, 0.597315979910599, 0.0001137680048038085
0.08856576051025553, 0.726998771044669, 3.818284734674634e-05
0.09761492409590526, 0.6831352462585976, 6.634739603513026e-05
0.11491903328009145, 0.7194220542058881, 0.00012266567252075628
0.020272994924775314, 0.6212371813024298, 7.959574047399252e-08
0.0809167898090011, 0.600238164643051, 3.7643389652563835e-05
0.11320189931260531, 0.7468288126155211, 0.00010653200662163354
0.11495352075680147, 0.7792020736431933, 0.00010470410712503136
0.07836263058948245, 0.7121839104057762, 2.3219946260424352e-05
0.13049630675787577, 0.6736001890011899, 0.00024478999717786516
0.08026709406066881, 0.6902590679974903, 2.7473047255040538e-05
0.08214848845363068, 0.6893093830051249, 3.0505324865087214e-05
0.11895428550955148, 0.7043226177007088, 0.00014896870257734545
0.11542696561156254, 0.5675187560131993, 0.00020098214917061517
0.10792401820633693, 0.8484889721696692, 6.689492351917835e-05
0.1000020622842671, 0.8459708920856881, 4.8116548214353916e-05
0.07490783238719194, 0.7218687095162603, 1.85340049706021e-05
0.06624247235699506, 0.7611803555592868, 9.704909726691496e-06
0.12683469866617758, 0.6956084116308581, 0.0002025274083841733
0.04823745371293463, 0.7145332049236999, 2.727798682069334e-06
0.11022960914837096, 0.8195547290071478, 7.869050870696178e-05
0.06428444317381038, 0.7347339569836436, 9.127914710993452e-06
0.10903361295239429, 0.6563459828672158, 0.00011694078585333652
0.0664439719842901, 0.8430718378891262, 8.017543277319688e-06
0.09068563064469884, 0.6878746656802177, 4.732782741941879e-05
0.07840738581165463, 0.6478206495720777, 2.8133710184768547e-05
0.11271546336483959, 0.7494249378598685, 0.00010380948084877425
0.08105476342150436, 0.6215257632889909, 3.537310742882124e-05
0.11132259299119895, 0.7626418835898467, 9.490545415190991e-05
0.08492637363140948, 0.7568366585383616, 2.9291993565038638e-05
0.12181092789399443, 0.6886523100421604, 0.00017297581526241716
0.09744824347298449, 0.6925008839660104, 6.40812389849018e-05
0.06885843304988722, 0.7693807035701081, 1.1264053752562493e-05
0.11744719738969003, 0.5486781787674037, 0.0002320802665279758
0.09749778980368838, 0.8115813723001483, 4.6760457048385005e-05
0.060257346761792646, 0.7055186470054909, 7.447198428188695e-06
0.1041451093485482, 0.7179149179840023, 7.987870485849757e-05
0.12508734507172048, 0.7803840323325633, 0.0001513867959788257
0.07889462216009216, 0.558348053983877, 3.8919248527589226e-05
0.09149806629816129, 0.7778918811736694, 3.848928552168671e-05
0.09914793545044912, 0.6468765062454889, 7.924489821101808e-05
0.06520665938388853, 0.7036060971666511, 1.0597203996105871e-05
0.0713087160079108, 0.7638263698011176, 1.3329200933427927e-05
0.10215400878130508, 0.7486905583963872, 6.74660069177641e-05
0.11924959811397377, 0.7426689817895825, 0.0001354521153788843
0.1376788606881639, 0.8332039621276629, 0.00020252526238168938
0.12490885786296789, 0.7155572247356022, 0.00017893174576276446
0.09780980128353732, 0.7771022943000077, 5.172398435528103e-05
0.12066141633046285, 0.6758976582061726, 0.00017222851471269932
0.1112343691947406, 0.6217116332222895, 0.00014231133515481848
0.08727504028443267, 0.7055522598274313, 3.800351593281457e-05
0.08612688124156313, 0.6822176744807618, 3.834690671376886e-05
0.0810398803561858, 0.7966901873231332, 2.1511051604697872e-05
0.11698195436809936, 0.7826977807136827, 0.0001120729315126001
0.08686279201481932, 0.7652658344547658, 3.163806403321502e-05
0.12390351663294885, 0.7049470377620782, 0.00017791841507137603
0.12513756856860955, 0.6514553667496598, 0.00021762185058449271
0.08648130358862449, 0.7395445813365615, 3.322729436868102e-05
0.10484300156542463, 0.8258498882683545, 6.21637536182574e-05
0.11319315819265544, 0.7115937501043059, 0.00011730335326778488
0.11031421408272912, 0.749640242031912, 9.437101017002447e-05
0.10439493754774842, 0.7090018316529944, 8.27676669670163e-05
0.07827856141565624, 0.6011949278124779, 3.2431255260305896e-05
0.14664105987193676, 0.6356315940277201, 0.00045928212765350207
0.01645946568794826, 0.7617438423068048, 2.1162999295559086e-08
0.11182458248177227, 0.6612946669121833, 0.00012874782823780917
0.10385565765747763, 0.6005628588900119, 0.00011275651941074945
0.05406046185398695, 0.5576357578700107, 7.394955673002828e-06
0.08285750216018004, 0.701134136175963, 3.062130920044527e-05
0.13594584041872987, 0.6801500159020113, 0.000287452795824853
0.07929878669342977, 0.7889166175861538, 1.9937765141021945e-05
0.11447625395070901, 0.8193470520619198, 9.297750918301887e-05
0.01614111030057172, 0.5916385028899018, 3.21928941384049e-08
0.10202958744064067, 0.5757048596610891, 0.00011349091063132063
0.06872333205418024, 0.6677496940238129, 1.4825079039383185e-05
0.13699059486005624, 0.7617995559761275, 0.0002369865908299528
0.11437842154251371, 0.830128957615823, 9.023786356683173e-05
0.14721207979460163, 0.6487112747400178, 0.0004485534257084403
0.08470957056209369, 0.548112944003478, 5.5224105852681484e-05
0.0592928922194639, 0.8105460905781802, 5.255597055951142e-06
0.1327722891886649, 0.7518778489600411, 0.00021200400561492097
0.15469503269776774, 0.7165098846411154, 0.0004573172115453742
0.11462778130828934, 0.8321483840586071, 9.066503826075139e-05
0.07896427436178115, 0.6140417546482058, 3.230464283323644e-05
0.03949463728253404, 0.6848797446164061, 1.2317002322008277e-06
0.11005349968032486, 0.7185539714860578, 0.000101649227457955
0.09045019667203538, 0.764101431573248, 3.7919773857020376e-05
0.11378427805988425, 0.6839037763747827, 0.0001299384943596624
0.12779976759243414, 0.6253044111080275, 0.00025912850783584756
0.11274393278680947, 0.7672084551470928, 9.916287927136051e-05
0.08394111783634355, 0.6907706126825759, 3.340312383377212e-05
0.13001304830631205, 0.8832468496392548, 0.00014006971439911248
0.12024227738424943, 0.746186661291281, 0.00013916261606691793
0.07622120814901727, 0.6658029425606555, 2.3518418880230826e-05
0.13480954359142114, 0.6712838198045875, 0.0002843965653848169
0.08743661270459897, 0.7941789907839261, 3.023985731638273e-05
0.07053634826242307, 0.5953145849746289, 2.09165440093815e-05
0.06629401545747177, 0.7783468133645478, 9.313365020318774e-06
0.1285884183062653, 0.776411359251943, 0.00017269123478598825
0.14967244988166345, 0.7159036225406197, 0.0003961694600551907
0.11434764264996206, 0.8244140979437018, 9.138498119823302e-05
0.12668288788107512, 0.6132127810013847, 0.0002592402926545221
0.08058601611068292, 0.6791341097722801, 2.8880016008370076e-05
0.10538051395276972, 0.652797838415887, 0.0001017545542301282
0.058849842598119, 0.8491219247642222, 4.6334569499588745e-06
0.12347992263029633, 0.6836206196777317, 0.00018636292753961543
0.09236955887076023, 0.8258628942517166, 3.560221475211404e-05
0.09118777465527597, 0.7406582315163586, 4.182647889411324e-05
0.1216476723848915, 0.7859927971024149, 0.00013200351637723335
0.06356792593825594, 0.7127316879409621, 9.233389260683399e-06
0.061128050441046924, 0.6747210343026387, 8.673128810951554e-06
0.09625138785806496, 0.6469281320691121, 6.954159132663354e-05
0.12755173775120202, 0.7628637888302608, 0.00017262033972470004
0.08414725555435829, 0.8409250436179798, 2.2783850968290088e-05
0.0497954821107724, 0.7293500538537486, 3.011130659726045e-06
0.09689028004628865, 0.7261803183917497, 5.682113154408085e-05
0.08045515434869252, 0.5658411258546354, 4.1306073837861824e-05
0.0897279822382876, 0.7449053348421413, 3.8516471557898824e-05
0.07762634140633831, 0.5577728208354363, 3.631544079565986e-05
0.09256690058168461, 0.5622553805076125, 7.753607915602567e-05
0.13869333454472954, 0.7764832314888837, 0.00024084982198068324
0.11306674532617837, 0.7931895124099593, 9.39475569229092e-05
0.0851306544996511, 0.5624771995655524, 5.359624084302241e-05
0.12912820961552493, 0.6727746406907269, 0.0002342715985574737
0.06275943818534956, 0.6743109357913849, 9.750643960587616e-06
0.005886943693424601, 0.5803580789189603, 3.954479320748608e-10
0.12313052968084964, 0.7341750739717091, 0.00015957906485507083
0.10307462024397597, 0.6547894789989865, 9.175509364895405e-05
0.05040490142320608, 0.6488342161932334, 4.01401134271508e-06
0.10124256033161974, 0.7334877344873634, 6.757373296989296e-05
0.15547602948043776, 0.6056607941953333, 0.0006543741197661409
0.11790071398921766, 0.8445860577293951, 9.962088507469714e-05
0.12563505980894032, 0.7233868009903023, 0.00017960254243372175
0.10930516730767204, 0.7055214201820451, 0.00010232094445138432
0.0925667633830953, 0.6245851078921871, 6.283259458968638e-05
0.13912098196221862, 0.5971403998094705, 0.0004128008466291615
0.07968345971380976, 0.6834585872700618, 2.7136978423139176e-05
0.1506000926878066, 0.6790713042565345, 0.00045244541543957564
0.06705020420078561, 0.6473242635958202, 1.4154110652753633e-05
0.13760141647923596, 0.7578570471163668, 0.00024419237035755507
0.1475413591314979, 0.6323166469627328, 0.0004767791960941846
0.07043956455306483, 0.730906217826711, 1.3792274734559366e-05
0.09005144778334592, 0.6955721670728154, 4.48787325895459e-05
0.10737130630359427, 0.5845555471191975, 0.00013779154417846074
0.11202574186207936, 0.7289946991175601, 0.00010678631553259691
0.0915334724617309, 0.6987906091953129, 4.777750928688401e-05
0.07819569074448592, 0.7024365570052429, 2.364591344877455e-05
0.10060641579312231, 0.6896905974132878, 7.433789612749051e-05
0.08801560517446534, 0.7034720389823095, 3.967663262870854e-05
0.09655284434455468, 0.6375802030841111, 7.258762169884468e-05
0.06712157974843573, 0.8399099097101681, 8.446835403242367e-06
0.0976687023182389, 0.7551728066432603, 5.4424825876771166e-05
0.08691770922377093, 0.6216746269933618, 4.807463632244878e-05
0.07429855239403797, 0.6834758098959123, 1.9944959108115774e-05
0.10073279686536726, 0.6846205432386047, 7.586089638362784e-05
0.10420001292025859, 0.7842984350084081, 6.708437850342607e-05
0.09572006932540536, 0.6379906266309051, 6.978314213797132e-05
0.06568719254891633, 0.6566307477512996, 1.2567200651177934e-05
0.08648330295084784, 0.6805290930769498, 3.924410983446311e-05
0.13238370625304471, 0.579492006487785, 0.0003523245891758081
0.09752417766383689, 0.5822718528474933, 9.095119515729323e-05
0.12698723141906199, 0.6791776473151292, 0.00021357153532069868
0.13033657246086763, 0.777949984554063, 0.00018253840276251558
0.11682251456136256, 0.7394704889309509, 0.00012480759767468725
0.057923684815370136, 0.6527299577737842, 7.312502127960663e-06
0.15000872218595804, 0.6357533775456534, 0.0005073424432911534
0.1254092137777455, 0.7041483259439499, 0.0001880559823440702
0.06764172879964872, 0.6578072127415208, 1.4246668196851552e-05
0.07256583071602309, 0.7513412169252615, 1.487691984419158e-05
0.09340597521210661, 0.6197421063002113, 6.640371690669908e-05
0.033323601193496075, 0.7658456234031097, 4.664358386466567e-07
0.10210793236965485, 0.7406643075405681, 6.879942125711365e-05
0.10976033487144457, 0.8388411929183968, 7.371676385371521e-05
0.06416241160404956, 0.5561140462488176, 1.5800584592364186e-05
0.14984861541984398, 0.6295674435785267, 0.0005149361786066789
0.09847000173586533, 0.6796889658083641, 6.964385754528504e-05
0.09342003260255964, 0.5601082641443464, 8.135008291228629e-05
0.09748876765346598, 0.7210576569861932, 5.9214227166699174e-05
0.12854841173292705, 0.6626928120408493, 0.00023671998447888422
0.15021019181202677, 0.7347635276966723, 0.00038207452246047147
0.08181092370688715, 0.678295022008465, 3.09384349549199e-05
0.12947666872956576, 0.6526051106990217, 0.00025194609472206647
0.13470427086220518, 0.5317280568280921, 0.0004517152491260288
0.09286041917327134, 0.7484341309613624, 4.437246372415551e-05
0.09296518653388207, 0.7979630221434295, 3.922923890181905e-05
0.10172977502842716, 0.7073085571463483, 7.421977654139758e-05
0.08857906032807611, 0.5283899158725065, 7.232918286748476e-05
0.0863384663307018, 0.7348839989949348, 3.3406222207742215e-05
0.09847559050288367, 0.5970858734486113, 9.026889306798935e-05
0.09555628661020213, 0.7582430398651789, 4.903315014315102e-05
0.12433318133926252, 0.6358226474340564, 0.0002220633638101348
0.0496795380752043, 0.7285776864717368, 2.9867259847717007e-06
0.11420386475786287, 0.7470448582373217, 0.00011067972207142723
0.09418510724734272, 0.7387242401966627, 4.8475582708471955e-05
0.13270688973386083, 0.802780275534369, 0.0001855682967744846
0.10186064724971566, 0.8119582859820602, 5.6640458379460534e-05
0.07894220811823262, 0.7939192661961408, 1.9300741886328844e-05
0.09225870228653632, 0.6978827480037264, 4.959447243725317e-05
0.15249323919053684, 0.7646286654017003, 0.0003770225622569025
0.08871760131083489, 0.7960613782581852, 3.208602146468701e-05
0.07366980917161953, 0.7027826815074174, 1.8171793508294e-05
0.09173987931936947, 0.6176566079429995, 6.176289392048143e-05
0.04506925910070932, 0.699435513661169, 2.111272932928436e-06
0.14640576519679108, 0.6025033339881694, 0.0005075782159340568
0.10289908203819136, 0.6884343087407482, 8.238563392098059e-05
0.102593540341488, 0.7114349648728908, 7.614187377720645e-05
0.11485930980778508, 0.9117117647210283, 7.620475464819471e-05
0.13259271224657695, 0.570557664820241, 0.0003659765749676754
0.14516262355913181, 0.6429753043586693, 0.00042927783994251554
0.1593742387362752, 0.8210431594144346, 0.0003970760249886372
0.09696998979669554, 0.6589861309386713, 6.924966673933098e-05
0.06716427911132825, 0.734155930802104, 1.1086591560719702e-05
0.08216677092937602, 0.6663016903709416, 3.2680405369445536e-05
0.1497733270277663, 0.6128039854341445, 0.0005422935445037301
0.11110580854671516, 0.7211517381634344, 0.00010523358125677351
0.11969702877374874, 0.598403265840353, 0.00021210202525764166
0.06579288577064316, 0.8196571580520555, 8.122481706394824e-06
0.11802872516314916, 0.7086508833545909, 0.00014218283950875342
0.11486472316323446, 0.7202600794375271, 0.00012212611924645336
0.13219137001445078, 0.5805539698335793, 0.0003487982960345676
0.11433529981908841, 0.6936727286873499, 0.00012901794769159603
0.11214840817453398, 0.7845164728885671, 9.265128836819501e-05
0.14681891167774924, 0.6346701915596673, 0.0004631380858784263
0.07455509838221987, 0.7416045605698752, 1.7199722613931416e-05
0.05374863309694466, 0.8652713919686525, 2.99417977564717e-06
0.10669855094661113, 0.5798976071709203, 0.00013619487260251145
0.09565219001265653, 0.6672140900155169, 6.360527253825958e-05
0.17136204635839986, 0.7154083553106353, 0.0007195853218190261
0.11038155907709354, 0.6823428552703191, 0.00011421030872786878
0.09955613839611398, 0.6738199311828328, 7.436654058347303e-05
0.11725908247973543, 0.8013462084330001, 0.0001080363958458588
0.03919613002332522, 0.7467107941225944, 1.002146174391621e-06
0.09251611031704367, 0.7493666596212467, 4.354452634017604e-05
0.09816256600678357, 0.6350502793383342, 7.868856860264575e-05
0.11736701778028652, 0.634803134531017, 0.0001728583957722775
0.0626525707314863, 0.7576471267164674, 7.665898700161405e-06
0.0809900215426133, 0.643723638213463, 3.2859855286646246e-05
0.13550817687349445, 0.7841808081636489, 0.00021319729431625758
0.09804308541481713, 0.8039120969361991, 4.884087520419171e-05
0.09236360366977367, 0.7013120118202009, 4.935681946807421e-05
0.10895862514392457, 0.6392513514143784, 0.00012290617179553525
0.10267065509508293, 0.6311159517915377, 9.707590498653545e-05
0.055526313117292184, 0.7208769599758674, 4.977812029706512e-06
0.08830228880818797, 0.5939050192131011, 5.6468796644473725e-05
0.11820190518298233, 0.705055672321529, 0.0001445662022229619
0.1329324142856077, 0.8397148448318803, 0.0001708748560665633
0.1052906927621543, 0.6329159076253474, 0.00010784246355145829
0.07294099173794563, 0.8316914802325205, 1.2419860357883778e-05
0.13276291521320496, 0.6264157105744859, 0.0003053363058009793
0.06414837162492473, 0.6862758298463727, 1.036538148687016e-05
0.08723234916047219, 0.7620323238376377, 3.250876041068409e-05
0.07744955777153754, 0.8794792410985643, 1.4460991051562165e-05
0.08368193916006686, 0.7140721513014964, 3.083623462835639e-05
0.1296106314163292, 0.6984728029829825, 0.00022094575017783555
0.10740173039633397, 0.6010494870300168, 0.00013049535733831768
0.09016982676057018, 0.8071305476637679, 3.352337717866145e-05
0.14134784886661766, 0.7302377573874447, 0.0002960123447700186
0.101655267438947, 0.7369314680813416, 6.815272059321599e-05
0.13229048540860994, 0.7308976109662857, 0.00022078964257793643
0.04065412887652053, 0.6921465818928938, 1.3697150959006988e-06
0.08517885145253722, 0.6488749036725667, 4.037418542642498e-05
0.060625549239802325, 0.7807788575270549, 6.245897124494915e-06
0.11181534830845395, 0.7327939332021253, 0.00010481137515704304
0.09434992230735512, 0.718765919276145, 5.1600481027623835e-05
0.126475827637114, 0.652891575234328, 0.00022704759190867913
0.11219000327165655, 0.6617349178596725, 0.00013043558810804494
0.10427479153787847, 0.5642034206011709, 0.00013004196423987247
0.05606182735915185, 0.7392599918708767, 4.937503190747767e-06
0.07282301621302324, 0.7207393292932124, 1.6420696366254047e-05
0.07000364271038995, 0.67818139502553, 1.5588523014288603e-05
0.07282341893342562, 0.729757417314135, 1.6017751249106813e-05
0.09584813773691589, 0.6804649598668231, 6.170531206932557e-05
0.1164960622949188, 0.6263974310207852, 0.0001718048593855321
0.11108762909614703, 0.7316499851650035, 0.00010216172832314565
0.124451317729326, 0.7330509554782966, 0.00016776268420113809
0.07938407308410579, 0.660800072938972, 2.855305596625898e-05
0.09588470960032246, 0.8341454497349257, 4.113196891921995e-05
0.15048370119825882, 0.7332845076503828, 0.00038670031050588356
0.10672563465298544, 0.7166023202918332, 8.92877665568223e-05
0.08837492432853808, 0.622238379856756, 5.1629765059562926e-05
0.13574007678603445, 0.6429513163399777, 0.00031954006251651165
0.05064479427489678, 0.6857331300806729, 3.669516142177314e-06
0.12297562125656933, 0.6761747715222831, 0.00018709047699535158
0.10508113223771753, 0.6764093580769063, 9.359562618563853e-05
0.11344874116675231, 0.7506891968665297, 0.00010645453390548407
0.1271449056381545, 0.6137152940988777, 0.0002629949718705266
0.13760738356753413, 0.639771211850726, 0.0003427205558488131
0.0900123761939771, 0.7215886765258487, 4.1621360792335895e-05
0.0927317422268882, 0.7164916541578666, 4.8122554167163924e-05
0.1422894921893736, 0.7066101419376696, 0.0003255117077480142
0.07503154746044166, 0.6739625938813839, 2.1417436417664948e-05
0.08379778049579142, 0.6584036902521084, 3.649257037415688e-05
0.08764423096539051, 0.6742452501181124, 4.239481830781362e-05
0.09949069476053109, 0.7805084606205956, 5.52654240657046e-05
0.11422028656561757, 0.8160600763075433, 9.280938904507445e-05
0.13734152163858393, 0.676309331764051, 0.00030409081190887555
0.07704325801733813, 0.62955881262089, 2.7575646175419148e-05
0.07422528945480461, 0.6687900329460443, 2.074028272713834e-05
0.09956335051821583, 0.6620274279714882, 7.706403514094727e-05
0.09077593088376783, 0.7770294128702318, 3.72530735134567e-05
0.11313674523855902, 0.7994883112480742, 9.272521621041485e-05
0.11498529762592533, 0.608378727611079, 0.0001719665730798258
0.11059423284775652, 0.7180968493574584, 0.00010399746863979277
0.15305183825341134, 0.8295685136661791, 0.0003255000035488897
0.054403626495734464, 0.7600190135155737, 4.093356067394327e-06
0.09721390753367185, 0.7534176083057904, 5.356724677909032e-05
0.12834343221903213, 0.7713694009406463, 0.00017349427144071095
0.06985326724588621, 0.6829126965152463, 1.5228499358070443e-05
0.13134524595995684, 0.6472297209300316, 0.0002728174648422023
0.10459621066341121, 0.6999181154960842, 8.565280963154163e-05
0.09749492470424594, 0.6217973636675563, 7.965058695076067e-05
0.10077178134295305, 0.651793305845411, 8.383732685132032e-05
0.15119379135362201, 0.8340030710316464, 0.0003051968246896781
0.11953645878247933, 0.6752135788367404, 0.0001656095053271218
0.08757151583251588, 0.6320044755704699, 4.8075322416171435e-05
0.13268487542377178, 0.6660744728185918, 0.00026936090974014146
0.06906293476697678, 0.6023754911381167, 1.861698888532198e-05
0.10556662958014501, 0.7660197353683064, 7.447375751716888e-05
0.08714872248616175, 0.7327661820853439, 3.5009311656602194e-05
0.13371860785731596, 0.7284632776564565, 0.00023302080304832344
0.1035526421133812, 0.7899289324957347, 6.434266813175259e-05
0.18700979894056585, 0.6977505737752021, 0.0011111397670897688
0.10280743145335577, 0.8284852781639716, 5.6663597628378814e-05
0.027814310684222354, 0.7380245235314998, 2.2678004497261071e-07
0.0971005669098325, 0.6733199391487368, 6.67265566685104e-05
0.09010344825596915, 0.5745069356368051, 6.595345584227159e-05
0.0719650549435226, 0.6667091132055558, 1.8214968469895387e-05
0.11866234751709723, 0.6440075032585971, 0.00017626291984157034
0.15728531906973345, 0.7404222145879393, 0.0004607178538679808
0.15084915820607991, 0.8123972146793919, 0.00031843277825841496
0.11692625603764992, 0.6976638963930433, 0.0001407623121180688
0.10138919291057816, 0.8749122262322565, 4.779695790220672e-05
0.17167337603080307, 0.8105255086993327, 0.000565100241151764
0.030101510678191085, 0.7076195231183993, 3.492647591834767e-07
0.10534491174971097, 0.5978525263701736, 0.00012113717448885834
0.0983220195752286, 0.6925631133165064, 6.663626734691208e-05
0.13511922628403045, 0.6844553731584749, 0.00027633193716286315
0.11183648854819012, 0.6139880583825796, 0.00014942165677397863
0.10677550277787694, 0.7995723827905961, 7.186633162296367e-05
0.07512461668028278, 0.5940881707746208, 2.7714437660329496e-05
0.13421090397344773, 0.734451669943618, 0.0002329731000540368
0.11771866478275858, 0.7783254939220298, 0.00011650989912289368
0.06029795669136054, 0.5339402083372884, 1.304103510959946e-05
0.0955784264589888, 0.6370186820006459, 6.954165377755442e-05
0.10021894761240907, 0.7342341311975669, 6.448757501755489e-05
0.11368551592505793, 0.5318571008117359, 0.00021403193424620917
0.08793521907190759, 0.740446379736548, 3.566935107871527e-05
0.10927177328523531, 0.7180798039788486, 9.864058349650662e-05
0.14696986625020236, 0.824084276456712, 0.00027594794025448367
0.11483473481502345, 0.7220075108306635, 0.00012139613566548805
0.16541346574237492, 0.6872420793533249, 0.0006675106504729421
0.09728648439819376, 0.6769538789108147, 6.657003386641122e-05
0.0678455643205197, 0.7821490541795114, 1.0211305475034107e-05
0.10729166933726356, 0.643855286042284, 0.00011320869308755784
0.13632437728356944, 0.7737525965635843, 0.00022484599562563076
0.08987044002396835, 0.7155510776352831, 4.203381771032541e-05
0.09250064581545495, 0.7378199834053781, 4.488508327659872e-05
0.13195997357182412, 0.6534493496591817, 0.00027320447238040875
0.10023495285144386, 0.6493989231833543, 8.249492018428306e-05
0.11157943014538427, 0.7272855738028, 0.00010542076483575402
0.06698984855271524, 0.5665270703538383, 1.840620040073734e-05
0.04306190433810702, 0.6962141694490824, 1.7437748170467845e-06
0.13954815553414426, 0.7023451790999717, 0.0003024480078509287
0.0843855605598447, 0.6373065622908403, 4.0165107247240927e-05
0.13883233111566717, 0.5955573258769165, 0.00041122306398890294
0.06639325877940563, 0.7930860244145067, 9.029648404208404e-06
0.10737303253664662, 0.7728067657479738, 7.884297982628314e-05
0.09743214392114627, 0.7138382368530181, 6.0263759608271976e-05
0.10307860314382568, 0.8421072125314861, 5.548462196801982e-05
0.10501055045267108, 0.5368851644985311, 0.00014812487750065663
0.1576092358967471, 0.8534602131134243, 0.00034991185532670264
0.11038466164447126, 0.8582910468698225, 7.219300972792207e-05
0.07947572546554725, 0.817065267239172, 1.877086137098507e-05
0.11416792170258476, 0.7024777977696665, 0.00012499559582345278
0.11748560897450708, 0.8302760483881846, 0.00010149705382424098
0.07910857188433867, 0.7212493056978517, 2.3603623381892727e-05
0.09386092155871127, 0.6257623278586077, 6.653960984908096e-05
0.12428087105230484, 0.8440442285935437, 0.0001257808012910442
0.08482512991887288, 0.5879484431429997, 4.828312323232524e-05
0.08365525449831905, 0.46746627517217787, 7.185144668279804e-05
0.10354737736718934, 0.8053054608717616, 6.18951564228711e-05
0.09939725722316853, 0.7060085662822716, 6.726564619560656e-05
0.07239859458681654, 0.7690177221914724, 1.4057425723053923e-05
0.08547585487298709, 0.6751034624424124, 3.7873585307761766e-05
0.10029048193690676, 0.544752834862399, 0.00011751942547041622
0.12632502928473174, 0.8068275272420558, 0.00014789649320488498
0.08195215778506743, 0.6604124409461429, 3.288524896626382e-05
0.07806981715104588, 0.6722210545355567, 2.5637022770976035e-05
0.11062207312717233, 0.6131408469834678, 0.00014280693167833397
0.06632926459686965, 0.5577273859776292, 1.818129270786039e-05
0.11596016615963782, 0.6477308725223845, 0.00015744742067510558
0.06153028332074577, 0.5345775228038145, 1.4221183295089903e-05
0.07473471370637594, 0.8017425586167233, 1.4872859401495556e-05
0.12478154703728557, 0.7759488567754581, 0.00015148209784659293
0.06731646119619403, 0.5612684095242576, 1.9158359511771893e-05
0.1025024543855701, 0.632208116039414, 9.604539067638245e-05
0.11142451479073014, 0.667716668805225, 0.0001243073384849993
0.11174083806776819, 0.6863582675615392, 0.00011912327513475401
0.10614122944213285, 0.6757402523926023, 9.801587435567192e-05
0.09013448826616217, 0.7476123087301599, 3.900617811904817e-05
0.057883152903217314, 0.7618376166378142, 5.351439995443544e-06
0.11201129823112203, 0.5736965167844286, 0.00017232707896981135
0.0954571319347161, 0.7677595224485128, 4.760716858815102e-05
0.08831116892095438, 0.584374582771643, 5.835150304985986e-05
0.10767522856728586, 0.7113191479095669, 9.422072208137328e-05
0.1227016216372764, 0.7110268331592331, 0.0001675464562058171
0.0767205460384445, 0.7682321400177321, 1.8179936701632593e-05
0.08140115539293633, 0.7435612910470151, 2.5182964663821656e-05
0.10164893239464486, 0.7139120315593976, 7.259871103874679e-05
0.09325930089488088, 0.5786340974565956, 7.564902542105848e-05
0.16344898406153985, 0.787613347872878, 0.0004821937246672258
0.07651990249454563, 0.6606658462962658, 2.4300184992561496e-05
0.11908069074894273, 0.5724396157525496, 0.0002265731553506663
0.10262450613741607, 0.580903883464786, 0.00011435682527738541
0.15056805577352123, 0.7024996229559737, 0.00042237500839770035
0.12113392419917225, 0.6206891474345634, 0.0002077720163685094
0.1329130154630503, 0.7429997680677738, 0.00021811502830856118
0.12548996135188875, 0.5513673773551715, 0.00030758368811766447
0.054942712304782634, 0.8059355741443482, 3.801628397827725e-06
0.06071087577681159, 0.6107874367111357, 1.0269712752131473e-05
0.06538341165090618, 0.8331066823156903, 7.64930546438493e-06
0.13411681766158765, 0.5612775213651588, 0.0003976828418930334
0.13331167357332238, 0.6621756844385199, 0.00027825272948445563
0.13912665041995345, 0.7016762350889377, 0.0002990183291735248
0.0925007335064807, 0.7290509742861921, 4.5971522252920926e-05
0.0692820222697439, 0.6822046043591279, 1.4718618547808383e-05
0.10672490458613755, 0.7744061726232642, 7.645355705433352e-05
0.08684567861668066, 0.6584230410618847, 4.270197817105427e-05
0.060162894051871176, 0.7815139712826782, 6.027521509645491e-06
0.05145122108514151, 0.6057669898370576, 5.040756393102403e-06
0.10879088935170228, 0.6272752891692768, 0.00012678172531659944
0.08872766437309701, 0.6580062669533067, 4.698569498352169e-05
0.06520579302923069, 0.70261857801289, 1.0626392092738265e-05
0.12741091186269504, 0.647667688290011, 0.00023832553710162124
0.11754419628091035, 0.6873152839188655, 0.00014843596275365055
0.09159188797769577, 0.7128047001712617, 4.6046395233508464e-05
0.09262101224886228, 0.6965496771145367, 5.0650484978013035e-05
0.0655409169684742, 0.6609464370648351, 1.2282546687815204e-05
0.09900880590764609, 0.7311540994272421, 6.164713224808683e-05
0.09960181159316125, 0.840335918012749, 4.791107209144729e-05
0.045063013432148386, 0.7276167643852687, 1.949707745413562e-06
0.0903308254251153, 0.5699785949096137, 6.775277861531931e-05
0.13743298167760146, 0.6359135847588144, 0.00034496096534489354
0.14923122773530856, 0.7498160607847749, 0.0003564832696869497
0.06194179707240061, 0.7119473493699372, 8.256554784915048e-06
0.10475416626046943, 0.7537080326192398, 7.43555430852931e-05
0.07606980316290131, 0.8001082786731157, 1.614367686017342e-05
0.062487147622694646, 0.8314510066632782, 6.291752831629443e-06
0.08384827512490906, 0.7592452570645485, 2.7515404841521417e-05
0.03609864321144496, 0.6373005819382678, 9.577168636400677e-07
0.06931011471772648, 0.6239992430726959, 1.7623935271553367e-05
0.13783959714872152, 0.6147153016287294, 0.0003739929609155547
0.1013001008403831, 0.6847882603637995, 7.772070762379672e-05
0.07553606480108584, 0.7215213932096177, 1.9246272787831035e-05
0.08287536009202867, 0.6437265817940465, 3.636092274779424e-05
0.06599669758649152, 0.7888883583279093, 8.888582384000429e-06
0.1776395920035906, 0.8283929141079042, 0.0006287357010554305
0.10342652217597521, 0.7740021252450049, 6.665949890118565e-05
0.06560111690277616, 0.7075173998801567, 1.0762200412400078e-05
0.04957455215059048, 0.7431966882939058, 2.843787124416084e-06
0.11010655773815717, 0.7707351036683733, 8.853880049265221e-05
0.09316349001724972, 0.6966155665531497, 5.195900721577575e-05
0.10125053339207532, 0.7640238259138803, 6.230175774883006e-05
0.12217120623636424, 0.7469213365648805, 0.00014896325646905306
0.10156944282335358, 0.8014559655019435, 5.740689713034328e-05
0.0962497587530672, 0.732714957779416, 5.420685872117564e-05
0.033333923531062404, 0.7228039214415125, 5.243547542794122e-07
0.019240091671312395, 0.6749098260567064, 5.357791358662097e-08
0.07217487941177886, 0.7281686623450296, 1.5466805439689107e-05
0.07652914986266278, 0.7810331549297291, 1.7396635662492787e-05
0.05177441348282696, 0.7142414453131022, 3.7271994080056248e-06
0.16123929419624078, 0.7844243612425821, 0.0004578631171716404
0.11994372005655946, 0.6489406273502615, 0.00018199398380471782
0.0784467355371198, 0.6651619395951943, 2.6744874728123797e-05
0.0563643835947455, 0.7641874922064918, 4.731370951360878e-06
0.07880068051758879, 0.7019081097416706, 2.449837262585831e-05
0.07177165218314058, 0.6510874393809888, 1.887470686873413e-05
0.10096934337024999, 0.7650994114297118, 6.137112746518877e-05
0.12178001990490947, 0.6366250750444589, 0.00020217758073214062
0.13689432990522238, 0.7429030947447968, 0.00024842630916948385
0.08030411968487396, 0.6745594494849545, 2.8825169445838514e-05
0.07166582344978059, 0.7740215686974324, 1.3268841030829419e-05
0.06200037522573436, 0.7834827242638823, 6.846081203927965e-06
0.17055044322659763, 0.5838605382987846, 0.0010580354055120355
0.08722291330563675, 0.7221468075213785, 3.618174382438668e-05
0.05194350256618016, 0.772748661316525, 3.230180494153727e-06
0.1369818817398607, 0.5683882098697172, 0.0004255920808745417
0.058226204465774936, 0.6609599231877672, 7.296875891504298e-06
0.08277735127136941, 0.7049828154107274, 3.015918131885561e-05
0.09597428225548563, 0.6900395673014472, 6.035306767182903e-05
0.14275092814261098, 0.7042916093761568, 0.00033235958426459374
0.12264063654340447, 0.7571772183205876, 0.00014742195365391214
0.11668168693795111, 0.6261103279614614, 0.0001731713484902376
0.11682885180454629, 0.663000565655283, 0.00015529539455748823
0.092219515588337, 0.6325491081737936, 6.025566484761955e-05
0.1295311749648793, 0.7594752069380845, 0.0001863741334782732
0.08741951727779666, 0.7852666595197909, 3.0903563238891466e-05
0.07031614581173964, 0.764504531875388, 1.2509732529089988e-05
0.13128062987801803, 0.8638262816773303, 0.00015282553981980012
0.06527348938402092, 0.6093263507882407, 1.419410548211775e-05
0.0877386629352348, 0.6944952492224686, 4.014835824143176e-05
0.09052696511002878, 0.6292506421389789, 5.612309214082109e-05
0.09208136030351796, 0.7893064876847286, 3.8444139849602154e-05
0.14442228411376903, 0.8280247924702334, 0.0002530869412540815
0.1789723052293803, 0.6324620876216271, 0.0011146911766144278
0.0819289305877475, 0.7611590360469778, 2.4725161726578213e-05
0.08730135812288262, 0.7041432466846134, 3.8206412485429324e-05
0.08557400287494224, 0.7396778343706095, 3.170916576425669e-05
0.06610600969769695, 0.7710627615674732, 9.372308759528305e-06
0.11903743862164733, 0.49493326532424453, 0.000302607948386074
0.09560802677618198, 0.6293987834966948, 7.133279824125633e-05
0.15351657371971922, 0.7211160409140692, 0.00043655480015057863
0.08523370200226707, 0.6643507225438438, 3.862433557758227e-05
0.12663640732793544, 0.6147787813505835, 0.00025750514723694865
0.04199705339112448, 0.7349176733528864, 1.4016878985014704e-06
0.1441153871251672, 0.7407029064567867, 0.00031333099032240563
0.13657123572478028, 0.768921676089978, 0.0002294998155749012
0.14909934517624598, 0.8703026647794336, 0.0002635836753225733
0.08839622044344601, 0.6625815222443153, 4.558222495708956e-05
0.12710841408407925, 0.7819453791236818, 0.00016180054589377707
0.09512947500411878, 0.6229343718262461, 7.123078780385276e-05
0.044135017815247375, 0.6737524591060635, 2.074969502322699e-06
0.0758065591551334, 0.7725868983064086, 1.7052225654092328e-05
0.1054581755736687, 0.7063424407530671, 8.719436319236226e-05
0.10920575207971858, 0.7496853284732021, 9.025850500660958e-05
0.10754207625395049, 0.6654675908907375, 0.0001070673644239755
0.09974202185044238, 0.7045777322185883, 6.857597753732909e-05
0.04306078234409582, 0.8572437582281265, 1.1500524942172083e-06
0.05396315329944389, 0.75739016601768, 3.976992562373825e-06
0.04671541389273929, 0.787386629026809, 1.9508088195751594e-06
0.08619091815395653, 0.7068672502645497, 3.583610549943862e-05
0.12312009099407947, 0.6844242655435371, 0.00018355337834881363
0.09879989084807637, 0.7387502713998253, 5.982724926160905e-05
0.11794276225638776, 0.7959956310581584, 0.00011233063823478131
0.17922308569052886, 0.8686177822308878, 0.0005946231956997555
0.05430612547414359, 0.8027364371273081, 3.6404472822158974e-06
0.1285023138390655, 0.7574908104202723, 0.00018089198734323213
0.07679031149087912, 0.6385322462447679, 2.6420955359888233e-05
0.08398455589877732, 0.7105715304324042, 3.163936677358292e-05
0.11456590113250016, 0.7215233100667529, 0.00012031196403796794
0.1438216676408226, 0.7573135148196976, 0.00029705816329455675
0.09795137241778325, 0.6304849785038574, 7.907928264986019e-05
0.10461771662758615, 0.5165521327667815, 0.00015739851173060188
0.14505992041318094, 0.49489784180607016, 0.000722343036773141
0.07064585407780488, 0.7340100688563788, 1.3852981489919441e-05
0.027753572283681013, 0.8049513696898273, 1.8881205979833029e-07
0.10637707214775081, 0.7898351280779399, 7.244765815223272e-05
0.1296029380023494, 0.538090308184754, 0.00037218672882144096
0.11043262358786526, 0.667150368119952, 0.00011971455431401865
0.09352593047427658, 0.6414566821496095, 6.233503324182674e-05
0.11628445298933887, 0.6504320627970369, 0.00015807285339561593
0.11993822758939399, 0.775317278582193, 0.00012747368164574968
0.10279264131968774, 0.5756598782652551, 0.00011729159362082665
0.13022278225455003, 0.7495827007533674, 0.00019586167068243288
0.11162048915074904, 0.5957288129708191, 0.0001573772455258545
0.09780745212605499, 0.791171871334494, 4.9895431370850135e-05
0.12015562592958819, 0.709299545256214, 0.00015352553483139473
0.11514661701159397, 0.6448440693247094, 0.00015401452555878375
0.10607747154573165, 0.591800559060831, 0.000127455052491898
0.022042368636123882, 0.79313526801028, 7.056798598269394e-08
0.09341251520073246, 0.6699380150849078, 5.6843255525909084e-05
0.1238207573461446, 0.6559764474231806, 0.00020487105821610357
0.08559352396923829, 0.7494861089013586, 3.0915673515282064e-05
0.10003279379043564, 0.7083486082636387, 6.872240658314024e-05
0.06310959609576872, 0.5946928800826227, 1.2846954386696138e-05
0.07483266995341528, 0.5665904110786638, 2.995221300419682e-05
0.07684620005043709, 0.797926648840615, 1.697377748903356e-05
0.13553249988559007, 0.6026685247905605, 0.0003612435084370725
0.054943354838029076, 0.7281805235735281, 4.657089074456333e-06
0.06387595104415122, 0.6301831293085577, 1.2064708172180309e-05
0.08150569218103232, 0.6248614979992628, 3.586123994882665e-05
0.059864142020435586, 0.8220397302696028, 5.3298383337680296e-06
0.06752081733167495, 0.7327493574715965, 1.1391498144589345e-05
0.08807061703434563, 0.7806857311862561, 3.230501787081149e-05
0.12811404395820195, 0.7736667483622867, 0.00017111326972465193
0.07745100976104928, 0.68318844727557, 2.396646823951208e-05
0.11748016256018295, 0.9181324792063708, 8.298491736955856e-05
0.17098980983053944, 0.7191166557387887, 0.0007054012267038285
0.05965460279679687, 0.6788970177535173, 7.694696806271635e-06
0.06770970411216334, 0.7118803263369895, 1.221844520733054e-05
0.06660713360173653, 0.7214182197286001, 1.1068351938574132e-05
0.13263204704564552, 0.47873586413268315, 0.0005205078089301463
0.09698784553785553, 0.7012069894740186, 6.121101735367081e-05
0.06844677386423093, 0.5537081276716489, 2.1181525069634e-05
0.1270273961923816, 0.578769170159253, 0.0002945124519145574
0.109492007033741, 0.5440027484909428, 0.0001733989017592713
0.0748291955189279, 0.7006256672955666, 1.9584231997458412e-05
0.12106626624075971, 0.7935211374482163, 0.00012680919682439933
0.11066886393126915, 0.5312456516763249, 0.00019058429418078646
0.129695985288797, 0.8025003631742283, 0.0001678619122459495
0.07682819571177592, 0.6914446056028714, 2.258093399451357e-05
0.07582688680153889, 0.5956702500729636, 2.871945996522245e-05
0.0885028004602246, 0.7047145401718291, 4.050888508239697e-05
0.10202277750336826, 0.7182606573809733, 7.289020435530918e-05
0.09852821217503342, 0.634237028083227, 8.019168905595596e-05
0.08356378177338614, 0.7718770919709278, 2.6227033598016227e-05
0.103574012149533, 0.6814082889697602, 8.654751286998301e-05
0.08915774129731983, 0.7978037355348703, 3.2649280851132896e-05
0.0815983471456357, 0.8375747792171786, 2.0059343061960793e-05
0.06753876984583224, 0.8222108965310412, 9.058020179487527e-06
0.13149539569208016, 0.8452388063990532, 0.0001607731217631448
0.05447333247255847, 0.6116988675724476, 6.354770931178782e-06
0.12047521369871904, 0.6220381330602269, 0.00020196763595314396
0.0905008854696647, 0.7268255478613677, 4.2012446598643866e-05
0.04109465654618278, 0.7946744742614082, 1.0895393831370624e-06
0.11520972835294013, 0.6523449730714129, 0.00015085632666416395
0.10248823212329751, 0.6220847042406966, 9.913624359889757e-05
0.10182908475856234, 0.5570449042086945, 0.00012017706219416008
0.09743510718724124, 0.7734359555010505, 5.1341108074091704e-05
0.09578770104916548, 0.6297811700626417, 7.183720962741757e-05
0.08768277231652957, 0.598968111076084, 5.382465991119818e-05
0.10573269167633345, 0.7883596340596664, 7.080077430705566e-05
0.08290796512345949, 0.609404644819373, 4.064226503109499e-05
0.10348899725179982, 0.5573813077470575, 0.0001288829546974926
0.09010509901646443, 0.7053336713428391, 4.3759654445931427e-05
0.10740967014515287, 0.6648126774501639, 0.00010669847117981038
0.09729484387306012, 0.6840153158867986, 6.522731128238102e-05
0.11165870472093785, 0.774840636051393, 9.316836962666731e-05
0.06773799363537383, 0.7121289873324592, 1.223237583197015e-05
0.07526715519597303, 0.7141322967336949, 1.9340725252664827e-05
0.0792326611461695, 0.8013471151162511, 1.9253212709772444e-05
0.1001108298208669, 0.7700727373602838, 5.83470723721014e-05
0.11182894094976285, 0.5429797894332338, 0.00019100164187904343
0.1170812163266469, 0.6441876174514312, 0.00016606761342602696
0.0887236393529648, 0.6933088812830833, 4.231413822795919e-05
0.1123047247611222, 0.5581802197835498, 0.00018414856324320295
0.08855537373121888, 0.6351172801182681, 5.000387813226489e-05
0.10526267602101155, 0.6924159004397437, 8.999931862477838e-05
0.10390086458790702, 0.7998803665275138, 6.368543706155466e-05
0.03348606189913113, 0.7999521114212031, 4.367569777387614e-07
0.11147204241408866, 0.7663257597645461, 9.455168337338751e-05
0.1324827644266283, 0.5626055923737228, 0.0003750240217034295
0.07385774602314703, 0.6570716105593942, 2.1022439402585145e-05
0.11990349011904783, 0.8144663415388758, 0.0001153664801638242
0.10539999641387975, 0.7707946720057288, 7.304443126435191e-05
0.07590005814210013, 0.5751673231634828, 3.093447612431387e-05
0.11574560116690825, 0.708153696601945, 0.00013065638012498074
0.13674099270373094, 0.6005252016190846, 0.0003783187158216756
0.10257339686150053, 0.5859007703501637, 0.00011216842100773207
0.10413491483053314, 0.6311621000062411, 0.00010330184620243514
0.11366927936305653, 0.6267371257503614, 0.0001540368835071051
0.10904944902987837, 0.7090209115763304, 0.0001002746376820623
0.06093524045368421, 0.6935260693198584, 8.095838655503037e-06
0.0749244829182221, 0.7171040623264955, 1.8799489275594355e-05
0.08425990599958721, 0.632749668978285, 4.047942297737206e-05
0.08928502009880386, 0.6303548524366168, 5.262856634685368e-05
0.06903099713463431, 0.6942640303428147, 1.3986556766296535e-05
0.12739352412032146, 0.7369563774359316, 0.00018396308416936247
0.10377110818784331, 0.6752676667422376, 8.886901918774168e-05
0.08627005582517717, 0.5007874694094566, 7.168748394328995e-05
0.1252205554638731, 0.7457445216890041, 0.0001665553194879962
0.15751238103011872, 0.6368017706843573, 0.0006268188340744125
0.10253028855421363, 0.6868238693024309, 8.147506727461288e-05
0.08077318871144483, 0.6718036633148462, 2.9816520759851688e-05
0.09581214818476619, 0.6296091357791328, 7.195722322445344e-05
0.05264291137391383, 0.7954998497120007, 3.232817968966541e-06
0.08045094632325336, 0.7650071750666854, 2.2592899518151598e-05
0.12743156509296194, 0.5862833924485562, 0.00029105132978638095
0.12613949333599167, 0.722581527039714, 0.00018320484293374065
0.15223298544125258, 0.7304280390808944, 0.0004100620590923681
0.052783453607812135, 0.7141483566979677, 4.058628924544824e-06
0.05753736666738319, 0.738179435580677, 5.551648115269874e-06
0.049025811151149803, 0.7649759160507101, 2.5558739964287953e-06
0.103416079604758, 0.635759902607602, 9.875682944089776e-05
0.1039831528681769, 0.7078140841489554, 8.161399099563511e-05
0.08309832947158824, 0.7253488613352891, 2.8978648034624622e-05
0.0529082987103186, 0.6188395462036053, 5.4615320323521746e-06
0.042702106036116794, 0.6367394660514075, 2.0091818934069244e-06
0.07674020239495168, 0.6870270917196422, 2.2757214773235687e-05
0.07589654166575527, 0.6996012381228391, 2.0904582652179205e-05
0.07474243935492084, 0.7276384770484298, 1.806469205804249e-05
0.11035429281674508, 0.7501305326313208, 9.43984432060877e-05
0.08601657862465814, 0.6607120122286326, 4.06539748435331e-05
0.11569468009703537, 0.7500982799242617, 0.00011622738643220318
0.11509498744629197, 0.6670477223622276, 0.0001436482334105672
0.14402436497326443, 0.713436635298345, 0.00033680098056684837
0.11606102234714916, 0.7303052742990802, 0.0001243303473033708
0.09694469579336433, 0.6355736788837874, 7.436009226152067e-05
0.0829939185467125, 0.679510641367001, 3.283801988147182e-05
0.11869300132531012, 0.8164733659521568, 0.00010978736059230898
0.09127645665026411, 0.6877316750816964, 4.871990595953813e-05
0.1484341047408297, 0.6433917874562809, 0.00047289327685021593
0.12389298316897752, 0.5935970899555228, 0.00025083486178788066
0.10653866000936794, 0.7811385641468369, 7.45661210503888e-05
0.07242136629375363, 0.692242397222366, 1.737252914686633e-05
0.08126561756769715, 0.7675752206535836, 2.3459248796325346e-05
0.07400104598437554, 0.7074318262522119, 1.829124579660507e-05
0.0993557240347395, 0.6688505304069408, 7.480945186502098e-05
0.11974732569626588, 0.5194627162251247, 0.0002819854855764981
0.10110792075639757, 0.6566000263276859, 8.383375031271453e-05
0.07701724628983525, 0.7480625673605124, 1.9501911949600516e-05
0.08047505253924656, 0.5888338430239464, 3.818475023894199e-05
0.09973381771678608, 0.7273110930244076, 6.433276631773492e-05
0.05805625948478127, 0.7911705555089847, 5.027608944652115e-06
0.13114604854688444, 0.6492459845276352, 0.00026932103542919874
0.09263641175518315, 0.7319506863345526, 4.59030813920148e-05
0.12668049430859799, 0.7105237955561251, 0.00019307744357143367
0.03488466950196813, 0.7285744477086766, 6.303914613434258e-07
0.13707007788279085, 0.7160471645030575, 0.0002689244818230591
0.08708723245133781, 0.5607896725050939, 5.958893669246723e-05
0.08512612962598701, 0.5759636334914093, 5.1103715763860686e-05
0.15332020327826762, 0.7922597606332814, 0.00035964000946028904
0.1739787863460192, 0.7117645019152333, 0.0007771000817582978
0.0775250344696481, 0.7331715886754644, 2.0897739059024266e-05
0.07047301256148844, 0.6350000645227223, 1.8311285798595484e-05
0.10968825336647967, 0.5621170034059737, 0.00016368805364214487
0.12540198716131978, 0.6781752274251881, 0.00020268494676046163
0.0850689749645228, 0.6421391872198194, 4.09921623705166e-05
0.14997047227002555, 0.6156278909492935, 0.0005404489316088968
0.08588159616714108, 0.6606837412616083, 4.0377472616270504e-05
0.10813786067790127, 0.7740833324824326, 8.107606609042021e-05
0.11841742343701968, 0.8479103481978483, 0.00010076151720625274
0.0991893374052475, 0.8290355791564815, 4.833542157284885e-05
0.06421804483415791, 0.6714177222702876, 1.0881065985659961e-05
0.07130993874818914, 0.7124834983009124, 1.532062758171166e-05
0.11620631285561189, 0.709171187832167, 0.00013257892898498437
0.09850546505783059, 0.6946626828137075, 6.677953516558621e-05
0.11886380778568834, 0.6920377631873875, 0.00015378880417182277
0.18274646831697294, 0.7365828741922076, 0.0009008619228399054
0.1083587414012091, 0.6474716263089082, 0.00011692996055557789
0.12520846159589016, 0.6572074229467048, 0.00021436267453517832
0.14448228064891047, 0.683606151944672, 0.00037199590667085137
0.13826779187495106, 0.8108778358012957, 0.00021788511270942474
0.10259814781363323, 0.5928774007233697, 0.00010966044282230331
0.03464971052018931, 0.8353263971067861, 4.6551295592311293e-07
0.13160199927653218, 0.532866197134576, 0.00040596117205813525
0.07596811352397637, 0.7736781842054626, 1.7164181552492197e-05
0.07400140155404022, 0.6376181280272709, 2.251647199939256e-05
0.09202968171005026, 0.8913770528806022, 3.006947501435425e-05
0.10682177245029623, 0.6620705772764072, 0.00010501717996198863
0.125935485907731, 0.7727678484600028, 0.0001590448260234981
0.11030046418685818, 0.6495189067577792, 0.0001256384583747107
0.14998280874118428, 0.6238101047335315, 0.0005265548398984592
0.10514160933867528, 0.7668308542807091, 7.30087761344834e-05
0.09543375783771184, 0.705898160068784, 5.625624077288987e-05
0.10676759321757635, 0.6177080753168676, 0.00012037406640047852
0.10553442094565771, 0.7498541281430545, 7.761515025122503e-05
0.1099720232969025, 0.6726974076903387, 0.00011560274237204597
0.09135108398089985, 0.5015139186375512, 9.194756199583852e-05
0.08487135409200508, 0.6089269021125843, 4.5121606290667116e-05
0.11970776196953573, 0.7299516341651411, 0.0001425988085643703
0.07802623518111541, 0.8266829878568086, 1.6910123010240858e-05
0.06487584745237704, 0.7714572953563078, 8.620004841975828e-06
0.15352653299717298, 0.7153124684121823, 0.0004437940284569629
0.13640235943054885, 0.8892755392304759, 0.00017065125537848238
0.05826071898559792, 0.5263373843077597, 1.1536953889116457e-05
0.08164758844650453, 0.6778038476169623, 3.071203752606642e-05
0.1329728512647064, 0.7529923944556842, 0.00021278540439266535
0.06519064756652787, 0.6566427279942846, 1.2154103140534082e-05
0.09985012385251081, 0.8853777344745719, 4.3635763535559903e-05
0.1090180738680614, 0.6240312756930148, 0.00012928454295228512
0.08771176018526132, 0.7643607923457221, 3.309965975981991e-05
0.05108278626024988, 0.6737590456409855, 3.947887967650689e-06
0.126570482557381, 0.6587907302852468, 0.00022373485953169228
0.10279429337428575, 0.60634041156469, 0.00010572957653345775
0.08798438388292759, 0.6731248512530232, 4.326724825404691e-05
0.07869871511424661, 0.6944864003763702, 2.488261556955455e-05
0.07783164410211516, 0.6007185173072707, 3.1674601386214795e-05
0.13062590807485097, 0.6283934187506214, 0.00028250859185719135
0.10616952992570104, 0.5873622953296747, 0.0001298832969501569
0.1264433241533779, 0.563253279389954, 0.0003047196214923697
0.17122028659434607, 0.6478796689469695, 0.000874218837542429
0.08697278623623725, 0.6841986543728505, 3.980048386308717e-05
0.14666767252494922, 0.8533206866911549, 0.00025504258974831076
0.13865465072360997, 0.6995529443978171, 0.0002963713787367954
0.11916685601478415, 0.7361008749945254, 0.00013745968605496277
0.047887455601479896, 0.6234704745145297, 3.469843348047954e-06
0.1105479972193728, 0.7093122291529014, 0.00010639344448808094
0.0664070636012763, 0.6160219136354742, 1.498015795402063e-05
0.09804600999336995, 0.7945167082928839, 5.000938298456052e-05
0.138038875790468, 0.7008239419559656, 0.0002895704607829499
0.14799988137571973, 0.685241562989645, 0.00041155560354545355
0.043378068453977854, 0.6431393895574082, 2.1103019581176614e-06
0.12384783231953513, 0.739171371112662, 0.00016150449858379318
0.08304993900803034, 0.7156462075423198, 2.969355169057382e-05
0.127800039542583, 0.669967928391417, 0.00022573256601453505
0.13029037819765926, 0.659422373740526, 0.0002536605075843564
0.10118778250019941, 0.7739428092008512, 6.054965930462187e-05
0.10633332833634239, 0.7625449210586727, 7.758547554501382e-05
0.09120981353727241, 0.6746631809986899, 5.046319880589814e-05
0.1123516188582785, 0.6844957349033794, 0.00012267991773164062
0.12213033326464288, 0.6151010415475662, 0.0002193292521995737
0.11271009991455339, 0.6569877527061586, 0.0001350478960938677
0.14300871562046338, 0.7907373050936571, 0.0002657641935101531
0.12017815128294322, 0.7104306508199031, 0.00015316332985883667
0.07733680758518499, 0.6631260980743544, 2.5273949617651525e-05
0.07630578390804814, 0.7313606475588665, 1.9586441365664433e-05
0.08597463961269633, 0.6234143763284004, 4.5566101424659535e-05
0.08353274680525591, 0.5827380129886207, 4.593978461453658e-05
0.10181226059509442, 0.6891872456571381, 7.845340325898239e-05
0.11006244074565799, 0.6278122591968314, 0.00013320438667201528
0.11849758372941135, 0.6655800061991963, 0.00016401634864316022
0.17435087343707284, 0.5958997838475057, 0.0011191430493925926
0.14914041278337048, 0.7433733984077854, 0.00036171903609598046
0.05044162669807005, 0.6845191413398136, 3.617984248651205e-06
0.12115610954934035, 0.6749111751919342, 0.00017587012133257334
0.10504143673232949, 0.772396923202925, 7.165915808454156e-05
0.12078775576116509, 0.7804558598078144, 0.0001297687194542672
0.11280811113503653, 0.6778142301145336, 0.0001273626167539531
0.06100018664228598, 0.689327052982678, 8.233270270512602e-06
0.09574031876963263, 0.6704086800533996, 6.325634057273616e-05
0.08252967152410726, 0.6876172219207385, 3.128649550659232e-05
0.007895422080377565, 0.6469464499219999, 1.1579259241106854e-09
0.05416721782689036, 0.7760636283813432, 3.851340952502695e-06
0.1545071612583679, 0.7677143772629862, 0.00039622369906232687
0.08059681069394989, 0.8616028973328949, 1.795354294423453e-05
0.10854916406043044, 0.66229581400806, 0.00011262074692081387
0.09336448007831531, 0.6242540506223777, 6.531945681399324e-05
0.047199635884101525, 0.6693556466342744, 2.824763461403027e-06
0.13283485206625104, 0.6966106855706186, 0.0002474905344217318
0.08239683206941742, 0.7954682342200957, 2.3212743816438385e-05
0.10440922241094006, 0.5942649236068414, 0.00011788449663199567
0.10676361093928098, 0.7108236308550127, 9.088757170173142e-05
0.0988387805591373, 0.7101241839656556, 6.486012128042991e-05
0.15771490840304347, 0.6506189368554421, 0.0006038827015319795
0.10744794410088661, 0.8322046849838005, 6.819888417164379e-05
0.1147061791085216, 0.5815127592364567, 0.00018622131121663653
0.0804732791466354, 0.6243742959660379, 3.395809652659162e-05
0.0794607567273385, 0.7098966104443761, 2.4845489484937236e-05
0.08217944646638828, 0.767265124265105, 2.466227366158728e-05
0.0677077829021726, 0.6642361958264933, 1.4032357191547874e-05
0.031053327133434935, 0.6576247266152407, 4.637516178335459e-07
0.07766321538912402, 0.8445346172025654, 1.5873715805893812e-05
0.09106144036866849, 0.7399924038746521, 4.1646953882507976e-05
0.1578706106659578, 0.7005354567622445, 0.000523156138177219
0.15369298770104003, 0.7222868525455183, 0.0004373451466950998
0.08713330840473255, 0.5892576506669319, 5.4096097486676085e-05
0.10785980650549831, 0.6463185456934064, 0.00011498867335174658
0.08046796014686161, 0.6217611764626814, 3.42341745948003e-05
0.08087400096369282, 0.7144018580464365, 2.6511849963672545e-05
0.12618144935558917, 0.8078647427204128, 0.0001467806606765423
0.12323725399322832, 0.7544976147739728, 0.00015167535168069483
0.08508252944874634, 0.7986365810811199, 2.6519493626725383e-05
0.08072227411768391, 0.5852613440916519, 3.9177536630279846e-05
0.08513042123384666, 0.5897487602309212, 4.8753395280176726e-05
0.11273777157942794, 0.7052020027648407, 0.00011733954126689056
0.0829088764151817, 0.661016730861764, 3.454502596487263e-05
0.12209224004380381, 0.6526412245213873, 0.00019455588126156948
0.1287459502997879, 0.7288833826919834, 0.0001970051314468529
0.0871461866510145, 0.621809807576533, 4.861202009239318e-05
0.09344824862061758, 0.7648413505938804, 4.368539930376182e-05
0.022438695234656594, 0.7090168980297736, 9.550853097732029e-08
0.08370236364965389, 0.6465818742851352, 3.764998631785058e-05
0.057268147160943784, 0.6185731935392025, 7.744644515828012e-06
0.14133613933326516, 0.7169244467698874, 0.00030699641483566357
0.1173802684846372, 0.699260517808335, 0.00014253001005580504
0.1500835362535788, 0.9104073062257951, 0.00024794757537423045
0.10258575723565101, 0.7823401399887884, 6.294449764755011e-05
0.14313892053300886, 0.6149628114022476, 0.00044116620453115655
0.11996501759498257, 0.7144204099660566, 0.00015027907999114987
0.10126455239436032, 0.6319951055118218, 9.110689292055227e-05
0.12835412782799982, 0.7631427672560943, 0.0001773199532363407
0.07743204002410413, 0.6986734057428718, 2.289119989157142e-05
0.11169231516702173, 0.6441903602403002, 0.00013497083773629783
0.14780750969032247, 0.5380620600481133, 0.000663690737485679
0.12339637424807004, 0.6396474998153203, 0.00021223403912286941
0.08197469774054941, 0.581852709973407, 4.241612594683542e-05
0.12817670491027658, 0.6739296795447242, 0.00022599393473818178
0.040705472786098644, 0.7582148277328873, 1.1477668713284479e-06
0.10993772061282044, 0.7255266531521105, 9.924411396650476e-05
0.10059065290836679, 0.7379360943798282, 6.489062385434504e-05
0.06334374796084383, 0.7646299543581729, 7.898776224298557e-06
0.09217663217752563, 0.7370250372582203, 4.4292795839799025e-05
0.12986455988158455, 0.8029743937864638, 0.00016862476442859565
0.14801842255288947, 0.6544553245437027, 0.0004514350562402476
0.07055628766261227, 0.7560031985589748, 1.2986012270938772e-05
0.06145881076404078, 0.7802586230674625, 6.641390451790355e-06
0.11779713534295433, 0.5887513725164948, 0.00020421838635368308
0.1047099503723316, 0.7408862331019924, 7.680859902779717e-05
0.08186008126929543, 0.7640019220603169, 2.4450883097340623e-05
0.07157822514917594, 0.6789576733544143, 1.7152071055899386e-05
0.11955922413293235, 0.8047559590983027, 0.00011668178976883086
0.12186916786260135, 0.7627718180843835, 0.00014128938686292568
0.12587156064898408, 0.6128585379567733, 0.00025230562330657994
0.05431123766844832, 0.5415183123302186, 8.003026980840276e-06
0.10328298583117415, 0.6945699184401988, 8.227362041250646e-05
0.07231230834910383, 0.6180906671265984, 2.1646880333565396e-05
0.11412102453274439, 0.6642469847090436, 0.0001395454325766784
0.15859748058626277, 0.6808571738547234, 0.0005651419050214401
0.09186514561547876, 0.6618061437731423, 5.4121233498225176e-05
0.0716856667306638, 0.805646327471521, 1.2262507349350263e-05
0.1440577969208227, 0.6721879067748832, 0.0003797924177398041
0.0807914463094096, 0.5243209723624552, 4.899808679889774e-05
0.11716796514948476, 0.6706894581183915, 0.0001537028931457797
0.10457087203339258, 0.7172415144106081, 8.147835832499062e-05
0.05671362534206263, 0.6336118803652203, 7.0720264604638895e-06
0.13626968991633023, 0.7128373955912376, 0.00026444887589471047
0.11469829242343925, 0.8014715220048424, 9.800320900769843e-05
0.07784627325043977, 0.7425509071176932, 2.0747217845774243e-05
0.10224831422614467, 0.7064570966759696, 7.608190904542003e-05
0.12211934995606916, 0.7401261449639343, 0.00015142798182616406
0.06986449965923759, 0.5970824981601544, 1.9935450239758767e-05
0.12457800847522196, 0.6923027263170953, 0.00018893651590174793
0.06169218591250878, 0.9293846943584632, 4.759787491224815e-06
0.08129627311815109, 0.6424490054650294, 3.354280487650378e-05
0.10689243366394773, 0.7484319508719485, 8.24191068668059e-05
0.09874290642167885, 0.7079498089019947, 6.498108321799004e-05
0.0579087094811885, 0.7220516213508322, 5.969012703355323e-06
0.11944743930697391, 0.6915627224607475, 0.00015735511310314604
0.10380012299100815, 0.7321432585477635, 7.569102407006004e-05
0.08222521829924799, 0.7329074661102647, 2.7095037729313008e-05
0.07016443052340643, 0.5607527121548349, 2.3032334127477818e-05
0.08433193405582012, 0.6255008734339083, 4.157910361196249e-05
0.1454764744127085, 0.6634275701913941, 0.0004070680744154365
0.1466313348151269, 0.6709433611764479, 0.00041208997033235134
0.07528274797191231, 0.6207094252294426, 2.5624137477131205e-05
0.17104508286007974, 0.679702983128167, 0.0007907044039955866
0.12470164046354087, 0.757801265500025, 0.00015837724287077082
0.02132945918837005, 0.6450248728731549, 9.232605669988229e-08
0.086316891056549, 0.7167690559056763, 3.507751958413991e-05
0.07391762897452414, 0.724640688268976, 1.7346497087607394e-05
0.10358261480916, 0.7345081519982806, 7.45134865350028e-05
0.13126950965751064, 0.6093373423717959, 0.000307023279355584
0.11417506906323134, 0.6250688272012461, 0.00015791517310469855
0.13857891431667502, 0.7861089458375202, 0.00023413584128825792
0.10367512530077189, 0.7527605275730186, 7.122301011823151e-05
0.16601337676021136, 0.6955447342051532, 0.000662133147177211
0.1282522532531137, 0.6588275252116663, 0.000237087383504258
0.10060781872031761, 0.8053414907188212, 5.452370689359861e-05
0.11853209224943524, 0.5356359837927829, 0.00025357392239719334
0.08363473911399644, 0.6312192360724926, 3.936470083541664e-05
0.04571302463256582, 0.6628681821277714, 2.5020003386593636e-06
0.11255596085708783, 0.6901401725744156, 0.00012165015870802309
0.1088706301123067, 0.7096715996078934, 9.937068570607571e-05
0.07875993675754651, 0.7793192018761568, 1.982799137828315e-05
0.11703399164301223, 0.6564148964124824, 0.0001596547772937198
0.10391118891150178, 0.5905350658894692, 0.00011689305149790351
0.1388638455616111, 0.7014895012198884, 0.0002966989253052871
0.0747542499435461, 0.828825332922952, 1.393277975919024e-05
0.11920671453515783, 0.8176597958439861, 0.00011156905905762059
0.09308842080850359, 0.6289426730114951, 6.351622657990171e-05
0.12628966042605694, 0.5995900174169944, 0.0002674702046388252
0.11212194738344769, 0.6326255874171278, 0.0001423348249291101
0.13548814997947964, 0.8108915110219597, 0.00019925359476491292
0.09982094238291958, 0.7085807327098136, 6.803972468214821e-05
0.08099548205195697, 0.5937363593966919, 3.863724061647214e-05
0.1041797352125629, 0.8153049929158804, 6.202574509867142e-05
0.13998309956210409, 0.7653733211067302, 0.0002581974341877541
0.08112311447764022, 0.6921418563323939, 2.8629382409118182e-05
0.1189331482821182, 0.6175566872510053, 0.00019361770432544336
0.19483799507780364, 0.7588116432076096, 0.0011252836104574178
0.123766857272959, 0.6763250526463757, 0.00019235972423719815
0.10432207172790013, 0.6147879984871083, 0.00010974138300093306
0.08587957909076145, 0.8536888989751581, 2.4181443413806914e-05
0.07607524372672964, 0.7206901331044439, 1.990396023057942e-05
0.04661929125403208, 0.6820432132262619, 2.5765053414224573e-06
0.10852296292182194, 0.7860627877392751, 7.986318929153811e-05
0.18693114745706696, 0.6954698971632844, 0.0011163710865267577
0.10095953040822092, 0.48555818009118135, 0.00015231110307270301
0.06378195781105245, 0.6077764610780743, 1.288690619313731e-05
0.06361411818384155, 0.597507958391226, 1.3179955953726875e-05
0.08106470701582905, 0.6933631239581133, 2.8438351194753713e-05
0.06655451862454545, 0.6836414953113099, 1.2282598945250883e-05
0.0907930983280712, 0.7831812352724442, 3.67006564083494e-05
0.10831875404645162, 0.6546206864002422, 0.00011420432005307208
0.10700114467786148, 0.6339914956827697, 0.00011537403904159177
0.12484450002162273, 0.8628613800777224, 0.00012277480640899993
0.03765949800893158, 0.9163540211811538, 5.580681466094023e-07
0.10447960815434494, 0.6733174702423207, 9.210111451245244e-05
0.09348215416104834, 0.6819658777880093, 5.5036009547753186e-05
0.049214017073442175, 0.822183650465289, 2.2501890810079466e-06
0.07348345364511413, 0.7608554084514609, 1.53318899999506e-05
0.15778302056268884, 0.610429804699864, 0.0006873209890295156
0.0901648345377519, 0.5009193631196689, 8.701495378066604e-05
0.10184908389249918, 0.6854053809836341, 7.944786601929131e-05
0.05782980606948753, 0.8613021678840111, 4.169869412938153e-06
0.07755685667336534, 0.6239818246545323, 2.8903530474777533e-05
0.11616663548349149, 0.626543278695004, 0.00016959847985987013
0.06334825883667783, 0.6740888673789328, 1.0166329716757461e-05
0.06487157282368744, 0.6895628806683559, 1.0785930760784448e-05
0.11937287591063883, 0.6941853561033194, 0.00015573990008289955
0.13181130585179657, 0.7326102125431616, 0.0002162776667768542
0.07837361400125739, 0.6682588548271403, 2.638905855537282e-05
0.061155698155332734, 0.6753772318509436, 8.673523327721125e-06
0.13768710998757794, 0.6947736108040038, 0.00029134644220256016
0.09047500028853184, 0.8102443425292396, 3.3764450988288134e-05
0.07762850151813494, 0.6793222826833214, 2.4485415019669954e-05
0.06802203278416027, 0.7119318792587005, 1.2466578731015588e-05
0.13897263141843536, 0.8703443656389259, 0.0001934071336505429
0.10326580577205247, 0.7429187693931306, 7.186079269396207e-05
0.12300876442444533, 0.8207659676451163, 0.00012712936080448378
0.08114964014682834, 0.6562308548215489, 3.189434128668756e-05
0.1079883227968592, 0.7163097821028391, 9.41070231282096e-05
0.108512934006157, 0.6111668386309685, 0.00013205807459104311
0.06936712569805237, 0.7949770370366578, 1.0897653777402906e-05
0.03729199023838038, 0.7491976526627001, 7.996161431059357e-07
0.07552759997158506, 0.7117286761013244, 1.9769786535108718e-05
0.09156147179808968, 0.6019726941894925, 6.44686357161951e-05
0.06861964630963571, 0.7416674186140807, 1.1937703451487894e-05
0.11996032271887973, 0.8590692740629187, 0.00010391424267165704
0.07647641276411359, 0.6675574238722403, 2.3741583103821425e-05
0.13917476130190776, 0.6405140292840628, 0.00035939724067958294
0.09147032419543338, 0.6462992335890121, 5.5684147602580634e-05
0.07536737496665126, 0.8037960277358123, 1.5356105883943317e-05
0.116227959055894, 0.6284087611523089, 0.00016898498838395246
0.05327133491435033, 0.7356967558111985, 3.982354949950246e-06
0.10723282799204602, 0.7103402563144335, 9.278444702977696e-05
0.1339185724848973, 0.6878812962231116, 0.0002630500961091154
0.13661836611825684, 0.7470774894839833, 0.00024348632733360416
0.11159831999919681, 0.7570605985519913, 9.73639757197981e-05
0.07751999618298808, 0.5489265322569963, 3.726987353934414e-05
0.08422798025471848, 0.6096923573325376, 4.3526374687067495e-05
0.13021214433482614, 0.7713993971591052, 0.00018487316098998746
0.06453851260214402, 0.7754752058937244, 8.337454042016505e-06
0.13104723757060305, 0.6477757840422499, 0.0002696491840626329
0.03839943499080009, 0.7710189633382392, 8.587466347550116e-07
0.05391744271528946, 0.7490917153546236, 4.050463898864842e-06
0.10596605454237959, 0.667372277524579, 9.97615840212528e-05
0.056665706281989345, 0.6728733865101397, 6.247532751146668e-06
0.06811324164544363, 0.5399114199678012, 2.180417649152746e-05
0.11531069128329337, 0.8115143038741607, 9.785875179520023e-05
0.11764863020228386, 0.6243753556054673, 0.00018057459158124061
0.1317489193399311, 0.7704858339757524, 0.00019512982352263148
0.11974946729194237, 0.6294812928781026, 0.00019204545671714344
0.08983877293598569, 0.8187121486226733, 3.20585738112654e-05
0.06957548156435375, 0.7250758640193864, 1.3274139329540959e-05
0.1333943601737112, 0.6328016252781845, 0.0003055171440937214
0.09447329289590316, 0.7886546240612744, 4.310741918052122e-05
0.07516921944002383, 0.6555980824756659, 2.2817429963660716e-05
0.08004605403731671, 0.5750297110402316, 3.910938707713847e-05
0.09430424094350882, 0.771793693938178, 4.465816049451417e-05
0.11116316744178008, 0.6035279942403623, 0.00015059102009201892
0.046885732441345584, 0.6403086248681769, 2.997549027291456e-06
0.09793308611067987, 0.678073498628815, 6.831276952811021e-05
0.14752667219515148, 0.6086720518181362, 0.0005143154584422544
0.07006283990645798, 0.7978083637183504, 1.1306150696380572e-05
0.07533423744204198, 0.6926918436014122, 2.0637272283946504e-05
0.12260705510791356, 0.6017414760502162, 0.0002331385186430182
0.0709282948396742, 0.7046704636137703, 1.52967667745531e-05
0.11097093025339701, 0.6708420604317891, 0.00012096115530974767
0.14616041343988204, 0.6255805693775761, 0.0004673587214171266
0.09582719005913062, 0.6160516922108182, 7.521112811851025e-05
0.14758802933591286, 0.6514034581914072, 0.0004498738676471177
0.14390166534882431, 0.8263928301433163, 0.0002500819942483837
0.04715917252728972, 0.8143094810630458, 1.9014201399741817e-06
0.09959137859576375, 0.6712092940833184, 7.50629534778011e-05
0.08246807206330206, 0.8152945884658072, 2.2181682334643702e-05
0.12467506654948267, 0.7528697269221164, 0.00016030848381935357
0.13613271354428172, 0.6923521663493261, 0.00027909161740686324
0.058830419772224786, 0.7046595987301023, 6.718243188916851e-06
0.04924674915852588, 0.6023411532808455, 4.204768805131908e-06
0.11096738030287814, 0.6720169353653609, 0.00012052161110965512
0.0948821615025998, 0.6830119256609178, 5.857623186690491e-05
0.1262733677694678, 0.7047755958984636, 0.00019347993883552103
0.11342995077646433, 0.5704594538307105, 0.0001842122068681116
0.12189599637585533, 0.7506092250568824, 0.00014604666526123048
0.10133227370866135, 0.5250679700828865, 0.00013238083290621278
0.0640112080194313, 0.5879697180722138, 1.3988865055866526e-05
0.11574031606043678, 0.528943711762389, 0.00023414209596494818
0.11199532729549345, 0.762333603068933, 9.753384477872304e-05
0.09051918655815372, 0.5904943720957925, 6.370788666519776e-05
0.005054121756996363, 0.60783125570267, 1.8426418082808206e-10
0.09646945195823928, 0.6894194244316297, 6.184634458461872e-05
0.12175870821008462, 0.7216208207586966, 0.00015723452990301317
0.14433020724606355, 0.7076842629289364, 0.0003455084361811649
0.10269833649095625, 0.7986104749992694, 6.069807134937138e-05
0.06366489375558447, 0.7539302953815334, 8.30737067546594e-06
0.11886862727847522, 0.622236308759995, 0.00019026157463933552
0.09763599503793657, 0.719131471952203, 5.9928459667010015e-05
0.10811760175301703, 0.6767446478253651, 0.00010598890706398131
0.11401152053135581, 0.632722125029699, 0.00015314904778970798
0.10163242919058546, 0.7331310751878024, 6.879308525700284e-05
0.1458916476909063, 0.5491078929340928, 0.0006017060980759181
0.06411492334407042, 0.7731848074731688, 8.147407411374168e-06
0.1312607928239405, 0.7695336181231184, 0.00019244419002110711
0.043558378320505284, 0.8054771126521705, 1.3701716561024227e-06
0.09746956667915002, 0.6749940739926755, 6.751336155764911e-05
0.06791533284510592, 0.7317269656777593, 1.171996310069112e-05
0.13806291298988552, 0.7462651037778929, 0.00025557511883216537
0.10246681187505605, 0.7632999817524423, 6.578722661009824e-05
0.1137574549057163, 0.7318726168294655, 0.00011334603057392957
0.047623035939239756, 0.8137787736260899, 1.9876884988642777e-06
0.07631698312144486, 0.7368669951382243, 1.930727318153711e-05
0.08685352869740766, 0.7822597645519556, 3.026417009754198e-05
0.11387709441245789, 0.6884583987385244, 0.0001286857782825798
0.10936262677564064, 0.7950242603471813, 8.07659748361799e-05
0.08201369861817048, 0.6242883524057791, 3.692288126746072e-05
0.13967296753929653, 0.7340080048531084, 0.00027800889431662016
0.05902395118954687, 0.7040346858323422, 6.828136764545125e-06
0.06771022791648137, 0.6639671849795935, 1.404596164573221e-05
0.08322350603463517, 0.6904344127233502, 3.21961151874471e-05
0.12247488362585957, 0.712510995899304, 0.0001654968420376967
0.09790324231650051, 0.6231837594470271, 8.076826850049196e-05
0.12112021297606981, 0.8442662758458235, 0.00011224323293862931
0.042309274624161605, 0.5025330172858085, 3.097085860298915e-06
0.15681500875118362, 0.7004004134837748, 0.0005081344814557548
0.09039836568475819, 0.8162962478038338, 3.314185736812236e-05
0.09109707384564734, 0.729421956202033, 4.293660608799575e-05
0.0990745030464505, 0.6860022990260537, 7.023395519828808e-05
0.09953578882713007, 0.7191427149473326, 6.522956494197362e-05
0.1260880678148863, 0.5514346530423399, 0.00031400990145685824
0.09545469285123416, 0.8100921492714723, 4.2756790937866114e-05
0.10134486989522855, 0.5797955192378582, 0.0001086285477142034
0.1430642382435791, 0.7037089838203233, 0.00033613713027517636
0.0693954387948845, 0.6347335809927581, 1.7125332851317458e-05
0.14381114468286388, 0.4949207541151096, 0.0006953152502971223
0.13982993799577237, 0.741411377823567, 0.0002738344792410766
0.13378036290884648, 0.7638187273191217, 0.00021237907236330841
0.0488343332529591, 0.7210398739644374, 2.8277335728055528e-06
0.10221311370506782, 0.7018514619227859, 7.696700727248621e-05
0.07873448038153705, 0.7655805376571166, 2.0516816639346313e-05
0.16778892749510893, 0.769059705050626, 0.000567550217476454
0.12674253553358344, 0.7173926258636185, 0.00018980629048372336
0.09055333399490079, 0.8486602058430033, 3.0894258607578324e-05
0.07428813524856767, 0.6303451690253412, 2.3434443805540616e-05
0.12572593117780023, 0.613467848555347, 0.00025052534667759313
0.03129201726991346, 0.7332284904784817, 3.8582903198352467e-07
0.12072323550672508, 0.711113682354943, 0.0001559436301609578
0.07793948191550726, 0.6489653458587221, 2.7305865602190345e-05
0.12221510420111853, 0.6851420654344983, 0.00017731852681601585
0.06015078090517974, 0.7253974667802652, 6.9899716695624735e-06
0.053864766640006743, 0.8039512169056401, 3.501446919893331e-06
0.1358476880770966, 0.5830806056895621, 0.0003898868722464294
0.09643315830462207, 0.6498461435443518, 6.949297817040663e-05
0.10934953344660094, 0.6752810216999744, 0.00011189001183770473
0.07220988781486995, 0.7977633671710911, 1.2913473229683164e-05
0.07509145630947366, 0.7815448974629189, 1.5982928330423218e-05
0.15919538439209985, 0.8034653011162192, 0.0004125966732432032
0.07161662947671772, 0.6778345461899357, 1.72496211462972e-05
0.12387285843428164, 0.6770403316823901, 0.00019267790552792766
0.1616745938620791, 0.5640996448110541, 0.0008959382343547817
0.10850329339508652, 0.6110434055507572, 0.00013205979668518488
0.09282587866262912, 0.7235514093194836, 4.739920006974088e-05
0.1583862904536874, 0.5741122510940703, 0.0007901865853834478
0.10353680477007923, 0.6431526778582504, 9.699618844879477e-05
0.14790551967020876, 0.7040353045211013, 0.00038878392592515656
0.08334208342254767, 0.6434376916899772, 3.7304056025701027e-05
0.031491850055170245, 0.6696290426669974, 4.757396012317242e-07
0.08447503962625462, 0.7125008971489146, 3.228494451804703e-05
0.0997260480769634, 0.6754591896990296, 7.456337344727683e-05
0.07028757935922647, 0.649604470943362, 1.7295521785728804e-05
0.03074264509337117, 0.7024114365454565, 3.889055735265439e-07
0.06991338403409432, 0.7798473709869519, 1.1722280179742719e-05
0.1615419720829157, 0.6639390760476993, 0.0006444142141943317
0.148317085447529, 0.8404680465698012, 0.0002761624882577407
0.09434448109986926, 0.709023810454572, 5.301476712603526e-05
0.09220082239329891, 0.7506213080410271, 4.275207682714219e-05
0.08056674026470982, 0.6969179743125957, 2.73960564566106e-05
0.10332190609992861, 0.6133789666501125, 0.00010567073784840252
0.12409227059284224, 0.7169121021733209, 0.00017318524599308594
0.11146495630929809, 0.868533150738447, 7.358712550125774e-05
0.10346033837638015, 0.6979254138348016, 8.210186212025586e-05
0.11538701029383905, 0.6894775122209947, 0.00013596155933864258
0.12331951117463223, 0.6072301896997797, 0.00023485460632105762
0.08826718732870459, 0.5425224380968344, 6.755342205016243e-05
0.10892132175685312, 0.7031453637972246, 0.00010143140341999054
0.0749102241725442, 0.736274314768335, 1.781834741079695e-05
0.1467315029287446, 0.7323851439335008, 0.0003468883020649797
0.10084653799752878, 0.6701365499561002, 7.956968863011572e-05
0.054490280895378766, 0.7460171689461489, 4.27830810652249e-06
0.10037856955570369, 0.6636044964513669, 7.950009871247528e-05
0.08376005856307672, 0.7698686979409566, 2.6637609700375178e-05
0.08947290722877459, 0.6617861507428207, 4.819182399350068e-05
0.08702851108884803, 0.6894923770005448, 3.9302284464450406e-05
0.09479779025114302, 0.7054561897886108, 5.469378031571373e-05
0.10427819713876978, 0.6474199274448981, 9.877458949964658e-05
0.11577951443787762, 0.72229096903423, 0.00012575379859897993
0.12604006668132012, 0.6603060580471443, 0.00021863177481934408
0.08252336143263796, 0.7032765357318891, 2.9898682049773946e-05
0.16749646954902686, 0.5712657032211755, 0.001020738480703444
0.15658812255229582, 0.7607481722326743, 0.0004279793916032778
0.08699818825154086, 0.8217408073473368, 2.7627469336740494e-05
0.06447572356543471, 0.6567148154220372, 1.157592374731073e-05
0.06599035341730122, 0.7945283841993113, 8.759131820005199e-06
0.05117198602423336, 0.8043351198966189, 2.7914755795513387e-06
0.144627949280293, 0.7232061384682211, 0.00033385008723471843
0.09991259600960323, 0.5056007320803488, 0.00013417746404364802
0.12286003976465668, 0.6150315521252994, 0.000225204970283488
0.07679939421888839, 0.6615208233183152, 2.4629361523233094e-05
0.11081197394925085, 0.6942447006732888, 0.00011223341866828828
0.10945032878608223, 0.8214901458844315, 7.591302381477513e-05
0.11482420271514611, 0.6783823062741742, 0.00013745609528406953
0.10112430116729358, 0.7695284023752444, 6.1077455573122e-05
0.0528574254392233, 0.7498117794446282, 3.7044846975793245e-06
0.062069843288407214, 0.7653110185490992, 7.2104906829867355e-06
0.07800950532850548, 0.46885215982582645, 5.252223041867351e-05
0.07176249065578026, 0.6501767667960142, 1.8916989323824726e-05
0.05777798896838355, 0.7295436609499484, 5.789192301438299e-06
0.07966433574115432, 0.7687361632884278, 2.142755438616795e-05
0.09079878467221146, 0.8139117191685813, 3.399096154817035e-05
0.16406455326615615, 0.7597448765903492, 0.0005268600665103309
0.09635240013204456, 0.699806341135063, 5.970425928801135e-05
0.11201416533724251, 0.6442596387040038, 0.00013666113239643837
0.06009415206344055, 0.676784764673259, 7.99698867457127e-06
0.16185761905314622, 0.7731866894009688, 0.0004792730496678989
0.07530842272273418, 0.5300493908519688, 3.519207262723767e-05
0.12716057039437265, 0.8516157793266272, 0.00013665620432001157
0.07049396701387736, 0.6424508096666136, 1.7912438808531334e-05
0.09772503493247352, 0.6210136102888688, 8.06843549822157e-05
0.06341000787693771, 0.49061484502719116, 1.9274311725581056e-05
0.11764913974442506, 0.6131041710185947, 0.00018727848259446843
0.08881261737931351, 0.7835367679476029, 3.3276349743449226e-05
0.0858507780571153, 0.7357213092753072, 3.2509767469459874e-05
0.0921406715385219, 0.720714424693677, 4.6240818233975974e-05
0.10128364096423051, 0.8041854767872921, 5.631529818293236e-05
0.08837058643995238, 0.6883734257841807, 4.217661754028632e-05
0.0641885598991559, 0.6485775977554955, 1.1637390058608879e-05
0.13527339627812335, 0.7592354903010804, 0.00022570824736094867
0.07634844405151023, 0.6942876050187099, 2.178752570474978e-05
0.11738917184129671, 0.8013823371004527, 0.00010855497594313291
0.09229153278485848, 0.6454628769433195, 5.806782205248483e-05
0.08225458404002564, 0.7810051803564702, 2.389805488337721e-05
0.08745450009314391, 0.6663548159162527, 4.2992859016688434e-05
0.12216877942832766, 0.7124718613508307, 0.00016370256984239105
0.09369214682455619, 0.6469754048352028, 6.175674426139234e-05
0.078514198290734, 0.6456127193979212, 2.8496650975623415e-05
0.0946206048738004, 0.6505466530016001, 6.378905546098606e-05
0.09724247416204865, 0.5372175544043849, 0.00010549500739184638
0.08631318180904336, 0.6793813722181348, 3.903713927058672e-05
0.12116581585815411, 0.7085631289414922, 0.0001596177873588894
0.08059516981825333, 0.721423305096418, 2.5606205479939543e-05
0.10226366617114445, 0.7632318869985372, 6.522691829389515e-05
0.0951783833510045, 0.5430656971577091, 9.393550602438575e-05
0.08729366743425666, 0.7499920196823537, 3.366484872556189e-05
0.08717241809098364, 0.6599386406495021, 4.321423120026615e-05
0.08909364224403009, 0.7336361635614823, 3.848841044131929e-05
0.1109743051009728, 0.6523665023099243, 0.00012792673098650195
0.08057997813528779, 0.6447864364630173, 3.2028275062879434e-05
0.15032752768735522, 0.7377876420322993, 0.00038025296600133126
0.041571355889420486, 0.7443856292884615, 1.3063645029651935e-06
0.12251855525860895, 0.7701874785933109, 0.00014186040787819194
0.10645309520667655, 0.6393465347502129, 0.00011091486547690205
0.1455956756318691, 0.6260808226017783, 0.0004587313166955898
0.09735407585164259, 0.6520766274444758, 7.196591287443024e-05
0.09317167631641708, 0.7704569199056296, 4.249309629787752e-05
0.11080839990128594, 0.5576440622867468, 0.00017392881596773552
0.11219945157297534, 0.7081450768198931, 0.00011394116268962415
0.12207756560258494, 0.6042149646653333, 0.0002268719101733226
0.08341239509504123, 0.6759681295730631, 3.392564080994468e-05
0.07525342470673971, 0.6715815263847206, 2.1851638053947318e-05
0.09180083506833732, 0.6733664166135027, 5.2118051619239066e-05
0.0, 0.673061230123201, 0.0
0.08885181873088685, 0.5316361621540033, 7.242169501082948e-05
0.12373377187093246, 0.8673364080955719, 0.00011682587754568473
0.08469335555216484, 0.6637611802857761, 3.7625241336218804e-05
0.13404754811243177, 0.7037729198122309, 0.0002523712285808413
0.11783850404076832, 0.7954005357947954, 0.00011206188124269398
0.1075337406166066, 0.6242549798099262, 0.00012162946047667522
0.10130643210924736, 0.802004872975372, 5.6678033332628726e-05
0.047395362630573805, 0.6823625729829911, 2.768045617187557e-06
0.12318360099392059, 0.6105489483981866, 0.0002311839407627864
0.1212957098775487, 0.6048823682156735, 0.00022006145729765682
0.1051518515636525, 0.7313820047563429, 8.029191628861111e-05
0.11628628979435816, 0.797237286422948, 0.00010522432663036804
0.12137522413814049, 0.7214497155441492, 0.0001551407768088084
0.10335182466662793, 0.8773671965436973, 5.171338482635726e-05
0.07531748595196848, 0.5817719796219465, 2.9228187413126077e-05
0.0805162524386169, 0.6023572361095167, 3.657170986618415e-05
0.045277491852937085, 0.6696979620770185, 2.350121584355562e-06
0.06408105970278352, 0.5956046635936516, 1.3698099987610903e-05
0.09351940583942815, 0.7074577462598972, 5.1230964948384965e-05
0.10988155179467274, 0.82107621154524, 7.731575611725393e-05
0.1304316637662578, 0.5851774658733668, 0.00032365033391635825
0.03888435196865371, 0.8793332876097814, 6.976992848136722e-07
0.03383429327878973, 0.5442918916245822, 9.873552724018257e-07
0.09564729840855918, 0.7007304611875742, 5.765325306529146e-05
0.07985265804408563, 0.6393908598110394, 3.129725934046931e-05
0.14253708338284826, 0.8210301499030117, 0.00024295749708484464
0.1252600357687948, 0.5773476706427196, 0.00027826987906047967
0.09765060007676499, 0.6412415571631346, 7.542098661101685e-05
0.1491614588829693, 0.6683613948474049, 0.0004477466261541529
0.10084745516043166, 0.8040077083564687, 5.5280405909439096e-05
0.14826088691643327, 0.7119772127635509, 0.00038419412707410143
0.10976429405088493, 0.6330171757168881, 0.00012946837557463318
0.15233225366161196, 0.8612281345300705, 0.00029581057474177157
0.10810754884615305, 0.706523710646498, 9.720282909657545e-05
0.12214449154472774, 0.5855559836198561, 0.00024214424348359824
0.17117833891028744, 0.6445912578138749, 0.0008822097004644773
0.16260997812616557, 0.8223196585592143, 0.00043244630811172235
0.05703779037851732, 0.7139904998956091, 5.710799052830843e-06
0.022681274018124878, 0.6336760639086796, 1.2536261759563335e-07
0.04561254044767832, 0.7585960726667865, 1.8919753234027928e-06
0.0869181285730603, 0.7252942891543799, 3.5320187145725824e-05
0.05623742370486746, 0.8335648605572867, 3.937303882258884e-06
0.12107418028902162, 0.7005856401504805, 0.0001627309646870319
0.03774191862884748, 0.7616198535226126, 8.156707139240996e-07
0.13737585954945522, 0.8497341261304886, 0.00019284378050622272
0.12659690139792193, 0.742186543707799, 0.00017644171857052627
0.11727977686652902, 0.5363376802822346, 0.00024136319995192158
0.10297128271519933, 0.5521584998661366, 0.0001284663287730485
0.09312110804448774, 0.8193551977594365, 3.748290695553469e-05
0.1248639137441367, 0.7119427521351942, 0.0001804672089633268
0.07458300579659721, 0.6492342796836829, 2.2479077928762597e-05
0.07019091505770844, 0.7338783627832968, 1.3469569293096259e-05
0.13875095337578158, 0.5168864884707511, 0.0005445199946023491
0.11469514952166936, 0.7410598888070651, 0.00011461923659834482
0.06907744093871895, 0.45062716412892306, 3.329742263171291e-05
0.1722923934054394, 0.7044258892989878, 0.0007600919571636382
0.12642848162403442, 0.8480687180250361, 0.00013434498731154066
0.15327484231739527, 0.6637134550425242, 0.0005117719946038258
0.1237494795978524, 0.7466696171202621, 0.00015772473822118048
0.14881564228412122, 0.6439925582754074, 0.00047737312438180375
0.04471479698315143, 0.66310768957273, 2.2687326820176926e-06
0.13712250921620106, 0.6898396867782925, 0.00029023384368674605
0.09094331832502717, 0.7227708786186894, 4.340663409024828e-05
0.16622263296571932, 0.7383896064347727, 0.0005907876922085428
0.04683105678977706, 0.4735063337682993, 5.453354469244316e-06
0.10307071200965871, 0.7508332567326019, 6.977086558582957e-05
0.0600479962401133, 0.7228876832709683, 6.985825516628206e-06
0.14132136724337974, 0.7315863304517055, 0.0002946789995765377
0.1312772003841422, 0.7357008754948127, 0.00021066689752581287
0.06933778803742167, 0.7473210603025477, 1.2308903862830313e-05
0.1207958069676344, 0.6867846741376559, 0.00016763044129018987
0.09996260964478886, 0.5826952851907408, 0.0001012437597722216
0.09947882271383106, 0.7145176656144843, 6.591052308378387e-05
0.04001715013565371, 0.7146716400556106, 1.1984940692330065e-06
0.07546016876455205, 0.6569055519649369, 2.3116295088528503e-05
0.1029147875754718, 0.845811925643307, 5.4616080410373876e-05
0.07644270392310223, 0.610021105866004, 2.8376233730795864e-05
0.11295911828458521, 0.653237361830789, 0.0001379359776482882
0.07770675384762311, 0.8766430123241451, 1.4768586154521198e-05
0.09414220291382346, 0.6891961471562503, 5.558164344804451e-05
0.1116740841247526, 0.6796917899677308, 0.00012115250721326238
0.09898529459018154, 0.6448555828746464, 7.916841688652545e-05
0.16351190019612544, 0.8040748789534937, 0.0004634363740445226
0.08200314342025827, 0.7600191184551485, 2.4898378506919754e-05
0.16769962859152102, 0.48147763548040257, 0.001444624255144329
0.12980460031048377, 0.6817772197321585, 0.00023343033632691791
0.14100097707111475, 0.6213564771869295, 0.0004044469592932417
0.10705951431018539, 0.6137632380943909, 0.0001234000498319257
0.12391940259137332, 0.6768877304392826, 0.0001930836863622406
0.13188083183727337, 0.7302446734511906, 0.0002181868054721949
0.12907948390118285, 0.7002921775410456, 0.00021586345110300898
0.04939376293479169, 0.723606270964432, 2.9520149361400207e-06
0.10372514977989615, 0.6030284687875542, 0.00011121930497885237
0.07727672483672746, 0.6565554262593992, 2.569433722309209e-05
0.06952219883641274, 0.7484640338989801, 1.2415591725980212e-05
0.12180181820693117, 0.6537689726313072, 0.0001918641703220274
0.06603523345211722, 0.7525937751990831, 9.791693493847732e-06
0.11178046916283706, 0.6867270114909592, 0.00011918119083142248
0.1364499989635363, 0.7695461991643612, 0.00022823385383861306
0.004230677409611028, 0.8172909443126574, 4.6603242438662994e-11
0.15179567102656227, 0.7418238404757492, 0.0003925596196332624
0.10882028666046809, 0.6692246819803735, 0.00011151811138279342
0.10272386041035304, 0.7497232385189293, 6.894738719974133e-05
0.09548583121135666, 0.6336922738538648, 6.997459251908945e-05
0.15183470743034047, 0.5803159067711144, 0.0006421989597504348
0.023579407113669917, 0.570887317346952, 1.8323556983121218e-07
0.07718563675610264, 0.6271027709082762, 2.8018766974169686e-05
0.10562345297443376, 0.60446316243582, 0.00011988692135849664
0.129839028396089, 0.7119651585437147, 0.00021430462582114796
0.05415187731600105, 0.7729077234749862, 3.878020302817111e-06
0.1397165474148681, 0.5801697995804467, 0.00044560102312234703
0.11943654045113897, 0.5624903473339333, 0.00023776038551355923
0.11105751311613403, 0.748347277430292, 9.753724524253812e-05
0.08602139111535341, 0.7697126972343026, 2.996242959029624e-05
0.0922447621105993, 0.659904660337382, 5.543027754364754e-05
0.08039761021877181, 0.6205818056232091, 3.423242257854704e-05
0.12020146944942112, 0.7205879818468611, 0.00014900295670818188
0.06709824592833805, 0.6744831544139277, 1.3078345835014716e-05
0.1528258301586613, 0.7196775970738263, 0.00042969043813432845
0.09495151387963366, 0.6333562030293381, 6.834050306074131e-05
0.04267338083517657, 0.6447373227522344, 1.953850367977483e-06
0.1180335310695261, 0.7950449244216524, 0.00011298123469921923
0.06529444710406943, 0.7774230650855, 8.731855672968812e-06
0.13084717969650195, 0.8086988323701708, 0.0001718523504157461
0.05338249582418409, 0.7252043908586709, 4.1361863417748435e-06
0.10755892453810162, 0.7918931709321377, 7.566187276442522e-05
0.05680069661192657, 0.6364796143713413, 7.055909685333301e-06
0.10072542178994252, 0.9105260976431497, 4.287391251749495e-05
0.11920563844503952, 0.7225982341442646, 0.00014284926719877714
0.1104423011099923, 0.6936512047392271, 0.00011078464568614474
0.06139818767997136, 0.6368312046913863, 9.926625892638386e-06
0.11634283176961428, 0.6337530081005462, 0.00016687074421413932
0.14032817648922616, 0.5936112904377502, 0.0004339094130629318
0.0757628366823348, 0.678445134685202, 2.2056867337082188e-05
0.08388640607290586, 0.7051299031120338, 3.1964699125858653e-05
0.07121503312967517, 0.534678333581688, 2.7045568847668825e-05
0.13390292662550257, 0.7477981850275058, 0.00022247099032822118
0.08502383433514085, 0.7235208937174153, 3.221385975282134e-05
0.10936588547405848, 0.6728892634474197, 0.00011276100634134051
0.07430208473196827, 0.6833889049478149, 1.9954205760560326e-05
0.07427522817334445, 0.7840255118608178, 1.5136277600630986e-05
0.08560523277178259, 0.5392575695313604, 5.975507174567064e-05
0.12511911829539782, 0.7023450860178838, 0.0001871065417827009
0.11576086617046609, 0.7761692243731708, 0.00010882403822488342
0.13762858696390035, 0.738566994357988, 0.00025733814740294003
0.04309404362318145, 0.6493258962207651, 2.0112976049652e-06
0.06428721981565569, 0.8148293172649544, 7.423027001933006e-06
0.07336307003225512, 0.6627965101787341, 2.0058869726348866e-05
0.14526757293758036, 0.6515616739717583, 0.00041936968263616434
0.07923124392666897, 0.8256787647186106, 1.8133772118401456e-05
0.145392288283141, 0.7333041069048944, 0.00033233776782541153
0.13394899288640222, 0.7780585506302274, 0.00020581400750744203
0.1186638646082061, 0.7931261383724931, 0.00011622049467843574
0.0913200344691947, 0.5529460433196087, 7.552506040151255e-05
0.15643564622117995, 0.5576164142773201, 0.0007931803904494032
0.09509858160999275, 0.6780012684674972, 6.004414404767976e-05
0.06302850651444733, 0.5980158595580405, 1.2632908950320811e-05
0.10652926942042476, 0.7371198768132994, 8.370531333362151e-05
0.08819903840186294, 0.7269029649897263, 3.7501959238917964e-05
0.10084708719978183, 0.699565930889962, 7.301756972188273e-05
0.10032069201904775, 0.8162985850805458, 5.240661324825937e-05
0.1711576019358657, 0.6357212407554076, 0.0009065164757085428
0.10745440846358914, 0.7626572196286107, 8.122575772430101e-05
0.06931020632680694, 0.7726600381423547, 1.1494673454169008e-05
0.13605807456243024, 0.8643088388353257, 0.00017865492773268547
0.12667740116763265, 0.5811865780210921, 0.00028854329260161686
0.1048207883326312, 0.7301123744132649, 7.946120263593112e-05
0.10908593615648393, 0.6567616846290449, 0.00011703960247808272
0.059835161898807256, 0.6061179392200946, 9.782730537432343e-06
0.046827279795090306, 0.6361509283803065, 3.0202358595507794e-06
0.0935576283556715, 0.5761659701195482, 7.737830051122292e-05
0.12814953788889355, 0.6420492180065894, 0.00024876212037348465
0.10024799474379897, 0.8552612771882457, 4.7588425153155566e-05
0.053003165842196366, 0.7197834165559375, 4.069023426504307e-06
0.045674567173481694, 0.6557516215337706, 2.5471509856607945e-06
0.12648627806930515, 0.8099615699139157, 0.00014758019814545493
0.11250421119161268, 0.5918811566196399, 0.00016505910926490247
0.09278567496167228, 0.5588584031092605, 7.930095620931223e-05
0.1466430249728834, 0.6994798223592559, 0.00037928504774466395
0.0890698102206853, 0.7792188865476333, 3.407699378960415e-05
0.049273084194229974, 0.5978365758323188, 4.278423999036385e-06
0.09364340748059416, 0.7454425897548315, 4.641274022083947e-05
0.05903974771575207, 0.7196795380463987, 6.5421930666160105e-06
0.09603989609720635, 0.7181794833757618, 5.588397727537823e-05
0.07897770605767483, 0.6076959253170271, 3.300753677036027e-05
0.10754873184960723, 0.751150973308856, 8.405716166986756e-05
0.15187796880101895, 0.7434785760247927, 0.00039174730143056753
0.12011573497291203, 0.774775500233118, 0.0001284853796772464
0.11184186090128156, 0.5510201449239993, 0.0001855625089207355
0.14264707944279506, 0.7899448238704821, 0.00026334742291278935
0.05928211512329951, 0.6946889999089025, 7.1490657419153165e-06
0.11845208207263216, 0.7090332215061949, 0.0001442848071687506
0.04124714308869991, 0.7782670279482614, 1.1546269138319628e-06
0.06920995301160113, 0.8170968310437252, 1.0213168193709084e-05
0.08892499622132914, 0.572963688238592, 6.257727715397968e-05
0.14513680545454447, 0.7712379571467632, 0.00029813321876029
0.10545950590517283, 0.7099940776008997, 8.630454492352487e-05
0.04759133991401437, 0.8436249647204836, 1.8441232931854856e-06
0.06326241591231216, 0.5254144197851378, 1.6634253790176063e-05
0.1206980399533283, 0.7617766907408703, 0.00013576614753883957
0.1108922901946646, 0.695881136818428, 0.00011206286485282991
0.15194083855852003, 0.7181285859077929, 0.00042065819224209927
0.09315046692679778, 0.7084478162606481, 5.020700606986398e-05
0.06298714943684673, 0.6387253960447334, 1.1041958924664678e-05
0.09725281039233041, 0.6346487246582961, 7.562555576377507e-05
0.0900959613394776, 0.7229828905069128, 4.16306586057727e-05
0.1372601750663192, 0.5731639633627833, 0.00042228354249216623
0.1158558357614541, 0.571961556290954, 0.000201127308748187
0.11944456516834559, 0.6685480771503858, 0.00016835760599546505
0.14779999505269995, 0.6703971874549117, 0.0004274339122712856
0.1399307249517433, 0.7229712845116217, 0.0002888958952306496
0.11695942812995755, 0.8429539016158432, 9.654133184860001e-05
0.1413997842890332, 0.6334543101397362, 0.00039401231182351504
0.11114670723733737, 0.70498295843052, 0.00011029446135950472
0.08324431892686085, 0.6431867719690043, 3.7140859402125005e-05
0.08570905828536457, 0.6886062231533239, 3.684186387107374e-05
0.10943689827162018, 0.6615767858558286, 0.00011698387252214273
0.13605154866104618, 0.8843130544921194, 0.00017062755954302258
0.10865836737572596, 0.6699302169974587, 0.00011055661541202763
0.07084465124964422, 0.7189766370907953, 1.4617982375921703e-05
0.11514690376244777, 0.6234363126785623, 0.0001647751333485663
0.12465687502457672, 0.6128043783869269, 0.00024180964209406607
0.1229520044440234, 0.7092661395689817, 0.00016989638625294564
0.1336444095177715, 0.7746305555799382, 0.00020557019785963932
0.08336036247016534, 0.6101348880928577, 4.15275580700597e-05
0.08548848650395091, 0.7310851756887596, 3.231643954026122e-05
0.0783602536915043, 0.7530963913286335, 2.0762824389344423e-05
0.11223213537172853, 0.7728410469676206, 9.578584423771632e-05
0.07289081659788564, 0.6756229327777392, 1.876365854081812e-05
0.05550173365181815, 0.6948892769999112, 5.346671384514644e-06
0.047567324382984194, 0.8008268496319716, 2.041959054573301e-06
0.06625058656398705, 0.5475741710888946, 1.8763540560941447e-05
0.057738791649145145, 0.6233995824425516, 7.904797017392013e-06
0.09537736844177822, 0.6700661193054578, 6.227160444493565e-05
0.13825328574244006, 0.6091743570221038, 0.0003858821600835305
0.09148140871294988, 0.6042052581807745, 6.374724321601541e-05
0.1254589559518788, 0.6956925698223057, 0.00019299164641151386
0.12518606154983986, 0.75469239121851, 0.00016243224632914518
0.15226520415086486, 0.817392726234335, 0.00032775347408844663
0.11854974253757611, 0.7503072966610369, 0.0001293154048473008
0.1083899092544259, 0.647253171118304, 0.00011715706282343084
0.12833610037591758, 0.7270869388227768, 0.000195221704767376
0.0710165310512182, 0.7169151920643606, 1.4859764601167097e-05
0.06606947489873408, 0.5778706404926776, 1.6645942866032605e-05
0.14508000147564243, 0.7488484604184772, 0.0003156830329493991
0.10984792610581903, 0.6859124624419463, 0.00011064013639494049
0.057833443484480884, 0.5991333506613159, 8.619989437371385e-06
0.07757855422741569, 0.6312202055673292, 2.827922556616235e-05
0.12479088228083081, 0.7045450361508029, 0.00018380314626822663
0.10496872752897034, 0.5117560153788383, 0.00016274351351696948
0.09504084301649449, 0.6359327556776135, 6.806890088133717e-05
0.1483730628711872, 0.7231836938879599, 0.0003736206908489483
0.1239710618744442, 0.563887673669056, 0.0002787341030822298
0.08858855852333655, 0.8115697476431604, 3.0674379898832944e-05
0.11601765809707582, 0.679071957404671, 0.0001435622713145017
0.08760101593435256, 0.6682953688826371, 4.305952378178321e-05
0.1052036833429573, 0.7883050817814498, 6.926493075801705e-05
0.07913233838139094, 0.6243441741056721, 3.1540993394689946e-05
0.08396806710235274, 0.8207131877731916, 2.3696563015007982e-05
0.15280259758601372, 0.6389565845942462, 0.0005447515072284965
0.0825143333517166, 0.711346384733069, 2.921009564590099e-05
0.058747227407965556, 0.7893939414500205, 5.320136415621829e-06
0.1017619037962463, 0.6888804261084257, 7.835255987130951e-05
0.11291455747612734, 0.6656667432946864, 0.00013260255703302488
0.07743919433637175, 0.7360583023984245, 2.0633319355935845e-05
0.11499178231184934, 0.6256273294538041, 0.0001626553741354028
0.1371937935835032, 0.7451262722477018, 0.00024933186792646056
0.10921644814145176, 0.7357772259641687, 9.374338435012807e-05
0.10490779735235381, 0.8147071948421604, 6.404968170919449e-05
0.1056642355975115, 0.5639287817747003, 0.00013797507676603757
0.11442320103202094, 0.5475337344443261, 0.00020778114880532083
0.11761782923366124, 0.7399912512919473, 0.0001284087533307401
0.08663564605335969, 0.610929834371335, 4.9073648683563275e-05
0.07427098351961214, 0.763150356087851, 1.5971659569543168e-05
0.09062488136726397, 0.7715927458024855, 3.7504070805747806e-05
0.1416352884682856, 0.6610619372076523, 0.0003644484163512209
0.0940738995851488, 0.7074471626878014, 5.258260834283639e-05
0.13674881834317162, 0.7097012178150814, 0.0002709433886063316
0.14392427418094142, 0.739217621456894, 0.00031275991472513994
0.06455944372411727, 0.6703389787421042, 1.1173776511161635e-05
0.09453993643485907, 0.7829003949006746, 4.3879353384639786e-05
0.1247999068540247, 0.6884264647354708, 0.0001925721733576449
0.0821535234191259, 0.6472808964336295, 3.460473858025428e-05
0.08932823831244437, 0.6615640872961694, 4.7882039201322974e-05
0.11319385388533557, 0.7164213325707515, 0.0001157309194157332
0.07156057415704155, 0.6039303562479263, 2.165493925652381e-05
0.08396757370162783, 0.693741311541055, 3.316361320807689e-05
0.08321864889529744, 0.6227891403623966, 3.955985954418475e-05
0.12398917107016495, 0.6144045136926184, 0.00023493386891020453
0.0754060267226534, 0.6620186540692305, 2.2688829775407433e-05
0.11709098053239805, 0.7001197066451611, 0.00014064504661664092
0.08304143510794398, 0.5921172762579422, 4.335585488017939e-05
0.12535858970899097, 0.48991148134666285, 0.000387800792055634
0.1340089725185825, 0.6967458912893186, 0.0002571616033048714
0.08887345123910302, 0.7455652652784174, 3.686307535402202e-05
0.07971984621189249, 0.8142901564627998, 1.915578337743306e-05
0.11255125227846652, 0.8162991767827409, 8.693779849273942e-05
0.10045781874541562, 0.8479890987705503, 4.8855541619854576e-05
0.1201852563285411, 0.605649254981022, 0.00021079911163462595
0.0695611426835356, 0.6330849483595565, 1.7396241732687087e-05
0.1338575908667855, 0.7147581399954653, 0.00024315146835705438
0.15085097061057584, 0.6615291597216902, 0.00048026351100800477
0.07457599988298759, 0.5636583600793142, 2.981054838015887e-05
0.11538020555998633, 0.6493032357502502, 0.00015326695159346488
0.11179236282558164, 0.8055267263669263, 8.66601396026306e-05
0.12444759888648033, 0.4893106864289378, 0.0003764759093427467
0.1901396053371864, 0.523950848267277, 0.0021198454010709546
0.106481722394858, 0.7051342177238684, 9.129197736493568e-05
0.08928271271237175, 0.8041341625866328, 3.233592810935263e-05
0.08618561461101282, 0.7318619671657369, 3.342108809183753e-05
0.08804786437654764, 0.8721332333746962, 2.585610256331046e-05
0.10363934529802239, 0.6526180595557268, 9.461417994436973e-05
0.09545262624260899, 0.7193032873291746, 5.4226114556222885e-05
0.06015940198355935, 0.5304740431409863, 1.3078955648008355e-05
0.0877926256405428, 0.7539251155465508, 3.416054894164383e-05
0.11589270483751024, 0.6722999891113601, 0.00014577616621407164
0.0786576773493567, 0.7559493025446701, 2.095277144257646e-05
0.13695254814387814, 0.7239346059793951, 0.00026210526058220853
0.07832562199123469, 0.765242374003606, 2.006988235314322e-05
0.1779757512645696, 0.8462021422157627, 0.0006075826021197466
0.12412080625220012, 0.673086481917228, 0.00019667100967821742
0.11799212856884214, 0.6918164489276987, 0.0001489832648457204
0.10695996221825092, 0.7417311117754335, 8.414849737143589e-05
0.11228841746342597, 0.7120534249965872, 0.00011308749045477804
0.1462193843556758, 0.6234270882617051, 0.00047142905373063554
0.13310218537428517, 0.7543015156432543, 0.0002129564288292161
0.08472132475396658, 0.7113936809957799, 3.280302825787904e-05
0.11629420236794127, 0.5952016963021435, 0.00018883959467715122
0.10623248453957672, 0.7127042289906059, 8.844626873160958e-05
0.10762926610505877, 0.6074820824353669, 0.00012894147039717492
0.08894629051343775, 0.7562696497286148, 3.5956304714716613e-05
0.07551139696366685, 0.71999293839986, 1.930031709704041e-05
0.10723533582563496, 0.5850901734950835, 0.00013677512483434786
0.12165912024243564, 0.6168178438958247, 0.00021443150532305665
0.11179278644385367, 0.7320177398000595, 0.00010494054664371283
0.1296191108084718, 0.7187612237465729, 0.00020870861918151487
0.06218972914664197, 0.8508851181560528, 5.8828282416100705e-06
0.1348553272418353, 0.6418583617228093, 0.0003115352273623018
0.09920307744661938, 0.6405302040896379, 8.102094557589474e-05
0.10192099654324291, 0.7138829062049785, 7.3463572012161e-05
0.08984336449224514, 0.7048540672950351, 4.3261931816990394e-05
0.08557374048558661, 0.6846162886839553, 3.7014314483875195e-05
0.11620862303717241, 0.7930871213548257, 0.00010601635414833831
0.10291032652727392, 0.7352364140886852, 7.226554592452665e-05
0.15710705911318978, 0.7200482636530969, 0.0004847343075313469
0.06423335615032469, 0.6692686528877316, 1.0962551118628728e-05
0.14346807565514963, 0.5778431903574082, 0.0005047415994064503
0.10912579934104538, 0.7281969890731281, 9.535618469049688e-05
0.09347867663419947, 0.7272208545241584, 4.839143401532211e-05
0.06082158099218581, 0.7508113029951072, 6.851066688021951e-06
0.08566619196692976, 0.7207519908058694, 3.3554890735120615e-05
0.11210378625688919, 0.738945891568561, 0.00010424850979495469
0.08614233412915609, 0.673664001101532, 3.93579447496953e-05
0.08260486207730591, 0.7656139676863707, 2.5337915699455536e-05
0.09440265036067504, 0.6667215196968121, 6.011839467773964e-05
0.11924181878664758, 0.7087407457899182, 0.00014868833489513946
0.13848503769933135, 0.7214169687908094, 0.00027718246084576563
0.06774283038111531, 0.5850125765472782, 1.8131518580636887e-05
0.06586215560426625, 0.7104714311019887, 1.0861024608505988e-05
0.10791621791826231, 0.7305696470509784, 9.020366848751058e-05
0.09459805724733741, 0.6463969280570563, 6.454299082927994e-05
0.08718118353253523, 0.6431191648734796, 4.5524285672239675e-05
0.10778204114232684, 0.5271767626220835, 0.00017228900249939024
0.09998792154191916, 0.7196264498469137, 6.645395630045116e-05
0.11418230828995592, 0.7060049776951921, 0.00012381839548809097
0.06928548032748551, 0.7369035503367452, 1.2617415952768837e-05
0.07726427660425086, 0.7651650226372548, 1.890436731007639e-05
0.09721860111208414, 0.6064971086428183, 8.268098565795632e-05
0.1096462654326204, 0.7388089579814505, 9.459637759123833e-05
0.0777682752577298, 0.6751599007894058, 2.498523691197581e-05
0.10640693414042661, 0.5671855060522373, 0.0001406641225661137
0.13783529797992902, 0.7284217411696939, 0.00026630914200097223
0.13523123004771156, 0.6567917828207585, 0.0003011960475482458
0.050322816288772436, 0.693999201033585, 3.483482909062652e-06
0.10062287869973024, 0.7030590378553875, 7.158927306422818e-05
0.1778463704152496, 0.6013482804393796, 0.0011992556630247813
0.07072015196787887, 0.6006168627302859, 2.0785518850560916e-05
0.09189253713183301, 0.5993940330189669, 6.60654098403968e-05
0.06445317866390123, 0.7033730326617941, 1.0075568695950225e-05
0.15457130295690666, 0.7085195837374577, 0.0004660464432629642
0.08210233577291728, 0.7994323409573922, 2.2623861115301715e-05
0.06843540221141681, 0.7073151092251505, 1.2971065497778074e-05
0.06170661742580526, 0.654876454169932, 9.596365990177576e-06
0.047264678120889254, 0.8339775623293795, 1.8307062523557286e-06
0.07147488784896847, 0.8630836224805327, 1.054715841611463e-05
0.13908367970147065, 0.6883344859296483, 0.0003103001587237476
0.09941006230155659, 0.6097366720180029, 9.023495110626746e-05
0.09677539379831054, 0.6388128077223381, 7.304398106631426e-05
0.046033440824452716, 0.6390875118777735, 2.7756733880888457e-06
0.057385995062871786, 0.7404062431509819, 5.454711505314366e-06
0.14391365324981661, 0.6906401782929795, 0.0003581879800182882
0.08713727332298332, 0.5925554096031235, 5.350636069628229e-05
0.13043338459503356, 0.7761395807806805, 0.00018399109102608133
0.007865156258581862, 0.7340939507858748, 8.842497986056198e-10
0.09368792723012516, 0.6600768197216907, 5.931778268349617e-05
0.05460417061527542, 0.6407062799200068, 5.853849078636038e-06
0.06526418208016532, 0.6974221239379406, 1.0827894486852688e-05
0.10970772564396376, 0.6824938092198282, 0.00011112510805078784
0.11332956764739588, 0.6323045027808053, 0.00014935630765398238
0.07252982080494784, 0.910999422033243, 1.0097241740303576e-05
0.06563718577948371, 0.7119053098977004, 1.0655681293428806e-05
0.056090904718582094, 0.7022350417752662, 5.484381547566692e-06
0.12599384866600757, 0.720884733558764, 0.00018313499730225312
0.08593080408358346, 0.6233711927733024, 4.547026574564833e-05
0.06112261275387274, 0.6423715728324414, 9.564927342882369e-06
0.09948661299673126, 0.7456198149946925, 6.054739406306081e-05
0.04611834334443625, 0.7616899036032072, 1.969943505339895e-06
0.11666748856065785, 0.5945217551652633, 0.000191959553374765
0.11743843576203564, 0.6463486224409868, 0.0001671850260021085
0.07809424528174597, 0.705761788484783, 2.3290207435147427e-05
0.08552243267546479, 0.6763302587784312, 3.782687485825119e-05
0.07378015346063388, 0.7432588939057678, 1.6353838559617422e-05
0.060547342328417644, 0.7835789528989396, 6.166216177618535e-06
0.04140764939530263, 0.73055755470607, 1.332942960738457e-06
0.06449867737474382, 0.7627647514428882, 8.594254808498641e-06
0.08481719689946196, 0.673003705605992, 3.683496098961772e-05
0.05404570318272042, 0.6899426892931178, 4.8249077978529965e-06
0.08793067585750558, 0.7412018784487835, 3.558858199088302e-05
0.12244205728369668, 0.6373896311760443, 0.0002065620942162035
0.04759332686247965, 0.7277632222580178, 2.4784968362755733e-06
0.0761714745233879, 0.7965547931903643, 1.6384039355849994e-05
0.11210697214177856, 0.8576779316828225, 7.739287265241807e-05
0.08253882241639207, 0.7070477757050043, 2.9604979027059028e-05
0.16798445052508298, 0.6575216681080955, 0.0007804223968255785
0.1605590636177501, 0.6549150094952708, 0.0006447468765217183
0.06137019465737916, 0.6834184064810642, 8.602121209200088e-06
0.07988497617743416, 0.735137316840862, 2.371785684767914e-05
0.08573700804344314, 0.7439248019671029, 3.161174326803936e-05
0.05153387447514693, 0.6292089646058315, 4.7052683081425085e-06
0.09205769729787916, 0.6114640570927671, 6.398652168715099e-05
0.10482370461891313, 0.5964347530234658, 0.00011908630871501237
0.07511306873725641, 0.7244707130894904, 1.862397815142114e-05
0.040006816722111815, 0.6589863560611805, 1.4079999409789171e-06
0.13025544192490127, 0.7234233145364288, 0.0002105148574140688
0.08162567088483348, 0.7528847777474272, 2.4862604694544014e-05
0.12170452683178529, 0.5377939551883313, 0.0002825424365380191
0.05275080108464738, 0.6672975246529884, 4.635907163352114e-06
0.10082474800408124, 0.5875393521836478, 0.00010341592384019424
0.07541959052578678, 0.6686473605935398, 2.2258811754590066e-05
0.1290067459756955, 0.7272364364679268, 0.00019966837746521117
0.08102610162251797, 0.6466149137878341, 3.263053677715232e-05
0.06816794867305123, 0.5915300563167383, 1.8229101175391942e-05
0.10482573681897672, 0.6880330327372323, 8.949652707426313e-05
0.061143308410722665, 0.7403926080875912, 7.210693898577217e-06
0.09648429799744189, 0.7809713295213354, 4.8228631371523795e-05
0.06766950479991113, 0.5231424179521366, 2.2566033015217764e-05
0.07802162303552704, 0.7403253117550141, 2.107980623949472e-05
0.12231564770834108, 0.5109154997996126, 0.00032002847801306135
0.12679991319991596, 0.7392982568777599, 0.00017908117703733904
0.08715003272523045, 0.8280977489251827, 2.7414474717249477e-05
0.11043238949143042, 0.6686237747858838, 0.00011918640820773803
0.11755118692659561, 0.6777588679494396, 0.000152691324222828
0.07071382827182833, 0.804494540935931, 1.1580807216385585e-05
0.1368845385811877, 0.7598611818265654, 0.00023738688604007366
0.14025064629539086, 0.6320271022397481, 0.0003818351690913109
0.09967939609065586, 0.6714460791456087, 7.53021479974954e-05
0.11286997271183018, 0.8973061803981363, 7.285001192379563e-05
0.11832373411991143, 0.6803385526886913, 0.00015596672318279233
0.10868339631804753, 0.8060065473363585, 7.645516755133241e-05
0.07835969215349997, 0.5698073983806261, 3.626750691217496e-05
0.13619318015463078, 0.7543759458197308, 0.00023554496284153065
0.07049816757179848, 0.7127827864020683, 1.4555728201163547e-05
0.04748381394680962, 0.848058608531582, 1.8068195440135898e-06
0.04227450369390836, 0.7156131741900583, 1.521789980598366e-06
0.1018248455997903, 0.5968776170953198, 0.0001046530417769006
0.08284565329995021, 0.6386379498631717, 3.6884444898907816e-05
0.16288104202509424, 0.7871306942702657, 0.0004754475050205765
0.10856873597756032, 0.7668562228360501, 8.406961211754621e-05
0.11996400328384958, 0.7211358974591044, 0.00014748771511591317
0.11217815070212413, 0.733190191317679, 0.00010620110118651417
0.09157129248276605, 0.7621429575315106, 4.0237790872574544e-05
0.12138941219172282, 0.7551136792794187, 0.00014168920990268642
0.16765104074356302, 0.681210037863317, 0.000720761094549209
0.08020523296110087, 0.6132465987268768, 3.468865819316997e-05
0.12106977310939898, 0.7047057292759681, 0.00016080794348626598
0.09658119187797345, 0.6522195018133194, 6.945533381595295e-05
0.11959240025563944, 0.7143909527636294, 0.00014824831568746526
0.06839371005172644, 0.5443956566261632, 2.1837740990032284e-05
0.08778900563809539, 0.6151209174545567, 5.1307573676683836e-05
0.08965154752026712, 0.7914068936665631, 3.39954283386707e-05
0.12888277993539649, 0.762025947698439, 0.00018108559972257598
0.11148264964819284, 0.6538031787862403, 0.0001299522739090536
0.10986285214284884, 0.595217989621037, 0.0001470136383046302
0.10910367612409419, 0.8308671078150771, 7.318061469823162e-05
0.13882963492505776, 0.6888760950751234, 0.0003073302203822193
0.07086367103495841, 0.6008987727335282, 2.0952087987577373e-05
0.0925204631815261, 0.7323255955178554, 4.560408880899544e-05
0.04744506227899189, 0.700031556236766, 2.64223325520964e-06
0.12923909107945258, 0.7625835497197069, 0.0001830307967076764
0.11640209961491302, 0.8059364851427296, 0.00010341697847892493
0.07126661000451018, 0.7275640334548643, 1.4652856519823208e-05
0.06700404015532621, 0.6296018870298894, 1.4916887421013792e-05
0.07503133535110114, 0.6321778764837185, 2.4341934183136788e-05
0.13978171827340302, 0.7539581248280993, 0.0002643949128638505
0.06951654133558863, 0.7813406503145696, 1.13886683566512e-05
0.09446040402056655, 0.8079688789790177, 4.104646355670264e-05
0.10011170176818492, 0.7320412957721251, 6.456959285953876e-05
0.1122460259861584, 0.7026682068574934, 0.00011593580317763747
0.11194860737845307, 0.6062122314221641, 0.00015395676157156188
0.13967424480532661, 0.7058688703562364, 0.00030062818754679737
0.1519579123924134, 0.7143851954576141, 0.00042528846832009945
0.056667398401884055, 0.7891954899999344, 4.542167192678216e-06
0.09578976387258772, 0.8034043577900183, 4.4147039267312854e-05
0.13299638257217414, 0.7603934030934735, 0.00020882594813751524
0.08489252112567786, 0.5951543905572443, 4.728594922928147e-05
0.047844400272520994, 0.7523883565446283, 2.373223670530727e-06
0.12035085616603057, 0.657082692067569, 0.000180178203273317
0.07393554692688406, 0.6444968132133889, 2.1952239078630786e-05
0.0971826765356973, 0.643288235889086, 7.337458273010464e-05
0.13721937883998203, 0.6422754670738116, 0.0003358545262982416
0.08299470830079009, 0.7773871367441645, 2.50907110697754e-05
0.1178296437445645, 0.6523864364660716, 0.0001665237318343348
0.1056932913416988, 0.6639825834023227, 9.964630048891743e-05
0.09332259750059775, 0.8129538870071784, 3.843935339539633e-05
0.08194350736876825, 0.7070289175681753, 2.8678442278747397e-05
0.13379996538352423, 0.7509942835750651, 0.0002198361144128043
0.09348095410494779, 0.7022598090959403, 5.1898172922905396e-05
0.11416324552963648, 0.5699983935914482, 0.00018981668454956196
0.10376868732233084, 0.7227743912988988, 7.756257249108706e-05
0.06809535546885269, 0.6963115660948304, 1.309409961928867e-05
0.127592800996822, 0.6957671938502397, 0.0002078132127632212
0.13029172321974927, 0.7110951937616701, 0.0002181445935014719
0.1031113887304193, 0.5514519671411635, 0.00012956858482131856
0.1105505822178338, 0.6787024231957344, 0.0001162186022199494
0.10627171610873062, 0.67425422317944, 9.898203970234944e-05
0.08619075714974322, 0.8601407658555936, 2.4202147096094077e-05
0.09531805008086075, 0.6414083425611754, 6.777465973253585e-05
0.07892490697177644, 0.8508598553845084, 1.6787722280087174e-05
0.10536336489473047, 0.7039409428206075, 8.744355918271587e-05
0.12520522853223434, 0.5346626077286575, 0.0003238509085097062
0.16284180082666655, 0.6642583389238064, 0.0006669016798893629
0.09334962484940414, 0.721986303490794, 4.879814555317618e-05
0.06195293353898654, 0.7759070800812647, 6.956947400818628e-06
0.14406062278417192, 0.8386289677285996, 0.0002440200123385056
0.11276321653544821, 0.7070435091496852, 0.00011684507775013917
0.1418392984366098, 0.6517230115364159, 0.0003773503121283651
0.06334103187010122, 0.6679625889733548, 1.0348471508187415e-05
0.07067997272249567, 0.5913986263194123, 2.138500304617239e-05
0.08522187516411447, 0.613530438376786, 4.526040622229263e-05
0.10642015285720936, 0.777196061071076, 7.495658297688722e-05
0.09606037979106805, 0.6044607965749302, 7.896316293465048e-05
0.1257730758141707, 0.8240988142884784, 0.00013905708417494855
0.06466534418671345, 0.814590542627675, 7.621530311089265e-06
0.10742527171052854, 0.7066535312303949, 9.449770422452327e-05
0.09387662088270118, 0.7784303672070221, 4.3030771398333814e-05
0.1369565999873898, 0.7940733718279881, 0.0002178761445117693
0.16613171339881222, 0.5941046690519913, 0.0009103977181824902
0.0981413056305973, 0.8022498929723603, 4.9260024035529026e-05
0.14154284080276408, 0.6875259479192727, 0.0003359653621936806
0.12183208487313221, 0.6043690244602978, 0.0002247568193290639
0.09229975891000215, 0.6590892422254889, 5.571343609788596e-05
0.1212744758676977, 0.7170194937934868, 0.00015649099748732816
0.09824986049409355, 0.5653833377667843, 9.966448635199611e-05
0.07029899478219068, 0.8730904874825578, 9.581279075872678e-06
0.09498223434089584, 0.6662419785784552, 6.184838870270926e-05
0.08770660487974509, 0.61091994449805, 5.180115091676471e-05
0.11148183984412242, 0.6509968566148822, 0.00013107089802266378
0.09470720891742417, 0.7291105269238812, 5.098759487288377e-05
0.09097949286801535, 0.491774519732906, 9.392588648142541e-05
0.07127491399098798, 0.7577990586834228, 1.3513855243144588e-05
0.08676756644084804, 0.6546014369263425, 4.303131553913722e-05
0.10802770441349194, 0.661941162191711, 0.00011037780913455411
0.10372044421765972, 0.6770118347103374, 8.822193837297587e-05
0.1397680988375046, 0.6871478461120225, 0.00031817127805802215
0.10652463807615561, 0.7193476737051125, 8.787564109265349e-05
0.08021142155934184, 0.6335286578245716, 3.251417248412169e-05
0.1287993848398181, 0.8246341081325596, 0.00015419275918347267
0.16029939684931316, 0.7254473235354991, 0.0005217403677051619
0.07202237133781082, 0.6339289625152885, 2.0218146607917984e-05
0.1376524837493061, 0.8365888354021752, 0.00020072043855161415
0.128978275357518, 0.6808034090197471, 0.000227612097825376
0.10828531815167267, 0.6442395661127562, 0.00011775442825837272
0.056061388527156655, 0.6221230179977418, 6.971629476890675e-06
0.030517618952807885, 0.5906473936670622, 5.325153805653729e-07
0.14693335854991535, 0.6444855167659035, 0.0004506811126205437
0.1256061331714361, 0.7757076702628423, 0.00015603335528224587
0.13187163406106397, 0.6035503768026794, 0.0003193044360556582
0.11306026896613532, 0.7692490185336337, 9.986103395037987e-05
0.06266017806197854, 0.7484383142013823, 7.859900023987408e-06
0.05214820555135732, 0.7818783369252272, 3.2102640718961475e-06
0.07684411925224703, 0.7175447594075675, 2.0987209964669868e-05
0.08981910007789784, 0.6998947076819664, 4.382508382794623e-05
0.06970650508631546, 0.60929276158215, 1.8954678322504173e-05
0.028421078285421175, 0.7789843027901127, 2.2383443937048956e-07
0.08163056783415082, 0.7648697311479585, 2.4095910705621544e-05
0.10998476978704783, 0.7422586380027703, 9.49989044274198e-05
0.08479811652384911, 0.6387777648039764, 4.084751333876615e-05
0.06421824854036581, 0.7662845831546148, 8.353778006601112e-06
0.10207995668976105, 0.6859768657701251, 8.010969112317367e-05
0.14200837429161822, 0.7300942693934532, 0.00030226608623604156
0.13884700426843608, 0.661538986661872, 0.00033343844437337265
0.10662525552942642, 0.9117031367554203, 5.493427192759076e-05
0.11002732916017377, 0.5613083720851941, 0.0001664046159571056
0.12243577160402039, 0.692686306650892, 0.00017485953195098259
0.07653896085950669, 0.6996999362630417, 2.168829939366609e-05
0.11233720166165576, 0.7304069602690957, 0.00010768121242726393
0.13819655420855134, 0.8055373950556979, 0.0002202836319284032
0.11640728895915181, 0.7745689447542727, 0.00011198465225704111
0.08289824973644894, 0.7494906855351436, 2.685548540994233e-05
0.0795882562913036, 0.7045624299867376, 2.5401682876105237e-05
0.04377576839628507, 0.6978803192770973, 1.8656605061305827e-06
0.11094611452124978, 0.7227495079675386, 0.00010410785912436114
0.12021057047841718, 0.8159580414120431, 0.0001162459790057618
0.07293522630281289, 0.6391232945156188, 2.1024267646681718e-05
0.1301567774704098, 0.7936830230482124, 0.00017431131540794655
0.14199222532558448, 0.63403298216301, 0.00040059570162721077
0.13680411716648674, 0.6195005244916243, 0.000356220475245935
0.10695427925965498, 0.6776035950825009, 0.00010080600925573847
0.11948913245373102, 0.6815840612222743, 0.00016224526841438243
0.0823918054632691, 0.731009383329067, 2.7479554052254046e-05
0.12128157941928526, 0.7332298548215045, 0.0001496866025668876
0.08317321946585715, 0.7233690815525807, 2.9253205887120777e-05
0.10831240732453794, 0.7632522040158057, 8.398735033807518e-05
0.11692604948232242, 0.7341880424812708, 0.00012710449234550538
0.093738674891583, 0.7343085772289587, 4.8045360758227075e-05
0.09003388460843054, 0.6070911554023968, 5.88632769223964e-05
0.07702001304969118, 0.6965932233072977, 2.249381885369602e-05
0.08301340647769431, 0.5793201568304966, 4.5225237337634505e-05
0.10875146726582416, 0.7941976811019897, 7.896292335139542e-05
0.1221318745166573, 0.6453438844572097, 0.00019926508090204413
0.11716269924617388, 0.7476792775491592, 0.0001236540743741069
0.07085942164974096, 0.8003246784300376, 1.1808179167411699e-05
0.1013985691490773, 0.6197383641240798, 9.52991816882815e-05
0.12205769213733364, 0.7511058991882563, 0.00014670679488842884
0.1312462576366017, 0.6541307395537124, 0.0002662068747250811
0.07181625218885318, 0.6896804926526635, 1.6867474269880868e-05
0.09298942108010466, 0.9661642686255771, 2.6789927998300007e-05
0.08994659049651574, 0.704457565471114, 4.353002604381005e-05
0.10666835407338397, 0.5625837693167067, 0.00014452670882423975
0.10098321609761758, 0.7392949854314994, 6.576984935403344e-05
0.11436163278268169, 0.8273981116651052, 9.077586050929445e-05
0.11705154477134214, 0.7050184057296234, 0.00013849192283516476
0.09982710474494327, 0.5441027201392321, 0.00011542433882874846
0.14778502360246315, 0.733334168699627, 0.00035705566401498417
0.13505379106468146, 0.6670584447114026, 0.0002903139832861983
0.16759151231601277, 0.7123123382464058, 0.0006581635866871755
0.06340400888317893, 0.6355750458261702, 1.1480102933217333e-05
0.10392211247147894, 0.6812383701862813, 8.787852241660485e-05
0.09175040388478019, 0.5806254431478253, 6.99276452704175e-05
0.09322599109292112, 0.7083970773988416, 5.0393580397274576e-05
0.08956457389618253, 0.6761272960315032, 4.637762670192734e-05
0.11200993691552961, 0.8274299812500895, 8.283849925771898e-05
0.12568626601239105, 0.8184711354215976, 0.0001405482967689202
0.08485268353701245, 0.6573679959809686, 3.867918760354318e-05
0.1070477152316627, 0.7940702993279354, 7.368660760103871e-05
0.0183281683013507, 0.6011282175474989, 5.4545075870752593e-08
0.13077364480063472, 0.7257282266014452, 0.0002128662802551994
0.07000297372770921, 0.8063120282266009, 1.1027375743319823e-05
0.14174578846393937, 0.574608629226575, 0.00048402337032844465
0.1061854859817817, 0.7710639009334774, 7.541745183086161e-05
0.10712116968829616, 0.6251771637693354, 0.00011923699781308057
0.11916748839809072, 0.7518111913556221, 0.0001317779003725225
0.1573266972450369, 0.8221711464675416, 0.00037408656139286165
0.1267415681314235, 0.7507127267287909, 0.0001733254256796537
0.11935400874637883, 0.7121065452349636, 0.00014789680330557227
0.11751823801887548, 0.7304017947160789, 0.000131312305869379
0.1294900171503468, 0.6274903707836914, 0.0002726411686368238
0.11619276273217027, 0.76491932418935, 0.0001138996987627444
0.08296726851146656, 0.7772075669410816, 2.506580995418929e-05
0.10538038029937169, 0.6926032374972302, 9.03940434237243e-05
0.0980024223357982, 0.6315659079464134, 7.898970742341765e-05
0.09702819319732586, 0.7089231888601237, 5.9995473773968025e-05
0.0511903294593875, 0.6681410217456852, 4.051879225721354e-06
0.1316365852371172, 0.6910605622134687, 0.00024165219992508657
0.10049709139706497, 0.6262912169340872, 8.971986712701732e-05
0.1386734320202758, 0.720054704630731, 0.0002799015311434535
0.08591479283560263, 0.7309027979953923, 3.3048033032485404e-05
0.10515852000807512, 0.7116700666196057, 8.482505410184466e-05
0.12980878811301944, 0.7145835384443971, 0.0002125190677683318
0.09506152363899278, 0.7785298496138834, 4.546072440843989e-05
0.08438198462683905, 0.5638460002985025, 5.13031138554373e-05
0.1343046867184509, 0.6731593897939601, 0.00027818340637977764
0.08697301298446752, 0.6566237068760203, 4.3214017971067177e-05
0.16610951529281348, 0.7887301713567718, 0.0005162318988767946
0.12176098738817663, 0.8259225104671968, 0.0001200392299193967
0.11360504846173082, 0.8088989865983074, 9.224161372417779e-05
0.06659116996558566, 0.6491027249652548, 1.3657533408278767e-05
0.13795735048048807, 0.6362572051917613, 0.00035041104615032224
0.08670275888803144, 0.8221724785435766, 2.7188475808941466e-05
0.11224703856512731, 0.7515285245026297, 0.00010135483775541537
0.12280791474067207, 0.7628381718857815, 0.000146115751230504
0.07321539245183034, 0.8557242795843188, 1.1927480757780961e-05
0.07346254089048176, 0.6988965737805315, 1.814806116329782e-05
0.07606076168346898, 0.8487271400502169, 1.4339587750097999e-05
0.07159803070966245, 0.6692644051361339, 1.7674013479182438e-05
0.09044572820690101, 0.7440885787478957, 3.997827794880977e-05
0.0981728884349133, 0.7177617925984137, 6.162658857685183e-05
0.06403556396588017, 0.5677541966108314, 1.5027911938558141e-05
0.05680198208197614, 0.6266053264436231, 7.280766293451589e-06
0.11075097424602237, 0.7080260914912402, 0.00010764568258501968
0.12328490930027558, 0.5322910721617808, 0.0003052609004871795
0.11907063076151705, 0.8927318217733364, 9.312458374683493e-05
0.13545071044136142, 0.7103333042387021, 0.00025934579251405456
0.059059205896736584, 0.5966765749329833, 9.531327118623009e-06
0.08015274811241352, 0.6235308772647774, 3.3457308686491565e-05
0.04160783059073678, 0.7882188517478264, 1.1696140615211104e-06
0.11301916412145802, 0.7654259632207343, 0.00010069982564775205
0.11171397750569197, 0.6932113658679226, 0.00011665614292385257
0.12621673340788614, 0.6360405636303094, 0.00023708866343778395
0.10855818446310057, 0.7273746499226909, 9.340387403781853e-05
0.05951311512183875, 0.6436673210372658, 8.471079988744245e-06
0.13831163130766747, 0.784423938792593, 0.0002331538092330552
0.10798637698089694, 0.6631461817790102, 0.00010979203140825685
0.07228502732923162, 0.7037423326442115, 1.6670601985651985e-05
0.1212808676515625, 0.5823498680880336, 0.00023729251177897592
0.12917376617205412, 0.6744287872297162, 0.00023348593013775555
0.09681338327844266, 0.616719239238124, 7.85066872604861e-05
0.07111262583934941, 0.7527452928769869, 1.355923999008155e-05
0.08445096370073905, 0.6971913717475576, 3.3676129648993446e-05
0.11613742936960064, 0.7123195574998278, 0.0001310671570930965
0.07977723145042481, 0.6070719457935145, 3.4574268233256724e-05
0.0961533615337503, 0.6617506454812245, 6.616385877406332e-05
0.110137366074794, 0.693366124487599, 0.00010953509186585002
0.0995700216723003, 0.6814563120222072, 7.275380425625582e-05
0.17581951782360883, 0.8377706055384571, 0.0005875040068880043
0.08347119536868054, 0.6672488808234408, 3.492620301560216e-05
0.05560229960697166, 0.69297783462115, 5.419201824632271e-06
0.10856233739097726, 0.8270195978011878, 7.226411862825602e-05
0.10655840403561519, 0.8418631737556528, 6.424935684813393e-05
0.1265861184894297, 0.8742090651368559, 0.00012712590346173667
0.11901766446386905, 0.6487142144878898, 0.00017601485929810213
0.12465761975326783, 0.7957597197002497, 0.00014340518220239321
0.0635166808657423, 0.7373216615693686, 8.597223378115663e-06
0.09274981327515512, 0.7204426264907393, 4.7637009369228387e-05
0.10045268325832572, 0.6840947946586393, 7.505231800706591e-05
0.08662992203927891, 0.7885869158762604, 2.9444597818933928e-05
0.15398625360766505, 0.5151523994681131, 0.0008669918923828974
0.09558381093939564, 0.5297007131367168, 0.00010059951483912213
0.11233990717253058, 0.655259178163608, 0.0001338102981927307
0.13210029941040022, 0.601038819561694, 0.00032444238104400926
0.1282417469718761, 0.8094588109769292, 0.0001570022441332741
0.07118621340257367, 0.7773192030688447, 1.2773474026913018e-05
0.11862988506043032, 0.7931386164376008, 0.00011607048220007073
0.10332456755310344, 0.7452183380146996, 7.159697180813486e-05
0.08178094130201008, 0.8032443577950907, 2.2026210826970836e-05
0.09564643473460521, 0.6099723020542627, 7.608312224055238e-05
0.12271614706021036, 0.7975069497385705, 0.00013324915809983593
0.1117736778897015, 0.7102054293348238, 0.000111401721935344
0.1036770153526583, 0.6557350781308325, 9.386679801935284e-05
0.10813406506309035, 0.7287551804750767, 9.146137317942855e-05
0.15021975582554278, 0.6152778976908329, 0.0005450323695044508
0.05052269975956261, 0.7118659902874795, 3.3690714868575977e-06
0.07833418239632864, 0.567141139492005, 3.655690159822117e-05
0.05346082241987993, 0.6031049042115908, 6.01917504388398e-06
0.09668913018355191, 0.6469862648629597, 7.093122329792395e-05
0.11711715565855729, 0.8079744376324253, 0.00010570631360272406
0.09780853458930684, 0.6554924792582725, 7.26922614956018e-05
0.11328888311805396, 0.6376254290997869, 0.0001466421226859626
0.12292837728684328, 0.6568213311269305, 0.0001979433219385358
0.14021908276155623, 0.7229353827300317, 0.00029155350802146496
0.10254184736362076, 0.7603655172866143, 6.650986626815291e-05
0.12947662319403613, 0.6509582370676242, 0.0002532221234472182
0.1005903690321577, 0.7801535746014417, 5.805690205302443e-05
0.13460724610777702, 0.6553496587447672, 0.0002964291266611281
0.12881872459705784, 0.5923343302045447, 0.00029904714951960106
0.09168981521841357, 0.8356479553047917, 3.366138773545264e-05
0.10692729657567157, 0.6617403044726905, 0.00010557971978906392
0.11384522288157004, 0.8012014885000578, 9.490029742655745e-05
0.07325718421049619, 0.7001389122207605, 1.7862343691610222e-05
0.11525718365012669, 0.7124263131789721, 0.00012671417728427295
0.11128892650251318, 0.7069870371092617, 0.00011028884520952966
0.12652010648848921, 0.7266970843075874, 0.0001835528264208613
0.1356625192321141, 0.5834711803522532, 0.0003870352662279526
0.10951768655645623, 0.805460294095565, 7.917870124087606e-05
0.0956843884449474, 0.7843028889955147, 4.609980026136147e-05
0.12702002691080036, 0.7676142390806882, 0.00016738538459951726
0.0911798457635355, 0.7059542961084792, 4.6022232314025866e-05
0.06301464279150615, 0.6721893879597014, 9.989070995647097e-06
0.0703575187262897, 0.7106147495571783, 1.4516560482221506e-05
0.20836719637378126, 0.7207743331368763, 0.001675777686781234
0.07742745307897811, 0.6079031719494081, 3.0229778317150694e-05
0.13665761380984043, 0.759963360996867, 0.0002355968359610174
0.09758129842880137, 0.6455840889397787, 7.417768374929674e-05
0.06745894039321917, 0.780008921353085, 1.0012456085948068e-05
0.06745443619501464, 0.8648926409682279, 8.141187679718597e-06
0.1251113069739326, 0.6733327854062202, 0.00020352194421151414
0.07367854158560083, 0.7097415852597575, 1.7826491805809942e-05
0.11866159648710783, 0.7098916620567, 0.00014505963147457292
0.12006268750180518, 0.7378180502830285, 0.0001414043635780852
0.07560242094016865, 0.7581925224644749, 1.7497016245769783e-05
0.09212214656871748, 0.8787215250413496, 3.107886736461837e-05
0.08371718242514271, 0.7144960064295054, 3.0856775475327864e-05
0.04245984001144514, 0.7292394997740292, 1.4939301190696177e-06
0.0718539485265586, 0.6806546501695105, 1.735781577712113e-05
0.09815054364613708, 0.658518574787661, 7.314047214972804e-05
0.0864939659833335, 0.6062621352431667, 4.947463246816978e-05
0.13757451396991205, 0.6623409152323079, 0.00031942571313711113
0.07850840547094898, 0.7520158205341153, 2.0996312727798813e-05
0.06753553338721749, 0.6699807089487764, 1.3639032729869395e-05
0.10803899858596319, 0.6616148008383566, 0.00011053756490678604
0.12259690760529401, 0.6494134212783399, 0.00020009362225042868
0.09806712365302889, 0.52442759068554, 0.00011489416079179245
0.1034487537619105, 0.6350134233506228, 9.912683576453417e-05
0.10470915588353658, 0.8344984901070672, 6.0540678531828814e-05
0.05706367928246466, 0.6418642265914951, 7.080477427230303e-06
0.12010154024057976, 0.7508817328364562, 0.00013672141922140002
0.10662622914756285, 0.6703676075676969, 0.00010161122286371845
0.1271989819465196, 0.7322438722060134, 0.0001850897636721867
0.12847399063892073, 0.689821793775694, 0.0002179109319081877
0.11454270239667347, 0.7396664332425329, 0.00011438017243920029
0.0801156178452737, 0.6934972901183563, 2.6991808247657628e-05
0.07515070696969516, 0.771636710997533, 1.6453020728646287e-05
0.07580282548493486, 0.6955770033992377, 2.103251462868916e-05
0.1087515294811251, 0.7060877005553458, 9.989971467690979e-05
0.12304559855947296, 0.7383322882741461, 0.00015730877211908698
0.08337367927382122, 0.8715645529287457, 2.0365460532723345e-05
0.10188572824289252, 0.6770347517261796, 8.155352400253315e-05
0.10299118655181098, 0.6358321503340588, 9.696191864632621e-05
0.115135416371782, 0.7324410973805413, 0.00011932729770075281
0.1708165221172927, 0.6417437083833629, 0.0008818081512059616
0.13834334760736938, 0.5618460752970007, 0.0004549331960825836
0.11255386838633821, 0.7481753809175332, 0.00010350109498842682
0.12639290274946405, 0.7582641178678647, 0.0001678435722908308
0.12401030238794572, 0.6249498073891818, 0.0002272426224695423
0.10802346101702529, 0.7300436099680772, 9.072936582054835e-05
0.12200881821889589, 0.7417248103329434, 0.00015017638819866106
0.08977618345408948, 0.5596648437813933, 6.839413388152908e-05
0.06841600279142065, 0.6875505138275351, 1.3710413135934016e-05
0.0647292047606067, 0.6630078745884134, 1.1554993842989086e-05
0.1107573249672413, 0.7080493649065286, 0.00010766576667570067
0.09406288305939842, 0.7123179552936701, 5.183923353177027e-05
0.10759377109933528, 0.849782350148027, 6.579817588691015e-05
0.09682163061219956, 0.7377972873174147, 5.4874467118000866e-05
0.09876574031339673, 0.7296553440250274, 6.123478324055571e-05
0.10336798950871867, 0.6156656473901289, 0.0001050932345732202
0.1326538214845182, 0.6371498377892639, 0.0002940693165027289
0.13259780472653881, 0.5185313803591072, 0.00044317543393282535
0.14224786569510767, 0.6032697845207426, 0.0004460094790483037
0.11776926083941257, 0.7568136775630394, 0.0001234606415448088
0.09016836277145339, 0.666740177307624, 4.912369820391549e-05
0.08755019223212039, 0.6362315311297996, 4.7387825165342155e-05
0.0, 0.8726039917796973, 0.0
0.10754069784026654, 0.6051928080857722, 0.00012944906615694254
0.075455781172457, 0.7092613622772397, 1.9824414955879918e-05
0.08022697190519978, 0.7656826924155913, 2.2278092272841466e-05
0.10414759204957838, 0.7906429326188961, 6.586606782680015e-05
0.11082831936090483, 0.675599543932499, 0.00011859066124180086
0.06823780150191379, 0.6909345409367406, 1.3421535480025114e-05
0.0993754865136972, 0.776982896001496, 5.548451043252894e-05
0.13111918018545288, 0.7816368615873697, 0.00018564669552436182
0.06722332155798831, 0.7491743829986924, 1.0687790110162854e-05
0.06885262006446954, 0.6988345474519199, 1.3647944173831534e-05
0.12428613114228232, 0.6343607969322648, 0.000222716795715581
0.08804319499393912, 0.6452756634297043, 4.722117830884033e-05
0.1799239400415552, 0.5720764397434132, 0.001394598408453817
0.09783171456713347, 0.5828249159343616, 9.204500024970442e-05
0.10878333636500066, 0.5846241496070033, 0.00014591059960431107
0.10244454976171775, 0.7406209956783074, 6.981115663919764e-05
0.07637289786416018, 0.6609999606864237, 2.4071093294928898e-05
0.11940645739952853, 0.8825722533396205, 9.646899137305382e-05
0.15206185784312365, 0.8102438771815491, 0.00033160698295193396
0.15168348665782336, 0.6962378115404427, 0.00044420068033762235
0.10476028540100933, 0.7086653618530474, 8.4129604305163e-05
0.1052224236522418, 0.5890093660490984, 0.00012416466463122916
0.10597386865380926, 0.6227563338462747, 0.00011460518367225204
0.07784181798957752, 0.706699636898975, 2.2899881238577067e-05
0.07291682885475807, 0.7224770194681273, 1.6434633476915145e-05
0.07113889744257376, 0.7915704333235598, 1.2281690263463233e-05
0.11853462652188022, 0.7873458216253258, 0.0001173691285222238
0.10367638487172418, 0.6261459267631251, 0.00010294519880107238
0.07137241451782439, 0.7917676512306293, 1.2453863492764441e-05
0.0624293722666099, 0.7039558176226093, 8.741511875705017e-06
0.06102690263195365, 0.5817655340149256, 1.1581472082933307e-05
0.10181110023775537, 0.8586595286424428, 5.0538515967447e-05
0.10085383841080604, 0.7164280550272139, 6.96413895783169e-05
0.10516885415039869, 0.7291818573934467, 8.083465955095536e-05
0.11039367717746165, 0.7764489974214513, 8.824589439710575e-05
0.12427035777277623, 0.7207544295308924, 0.00017242827005956534
0.06715915672367428, 0.6826796357345014, 1.2817255214898043e-05
0.07331607741902753, 0.6459051667765605, 2.1062259194716308e-05
0.15965009250030543, 0.6381290604699729, 0.0006623586604146996
0.12106598366256208, 0.8127339586345912, 0.00012088334765353544
0.13493514362077105, 0.6321041534312882, 0.00032206159684266747
0.08559199716263753, 0.6577503142479777, 4.013744034679166e-05
0.11604881963338562, 0.7107479255654219, 0.00013120606066041073
0.07045805773924142, 0.6993869669199416, 1.5080847999114093e-05
0.1381891144064008, 0.6815241720667029, 0.00030767218615052684
0.04079365959010004, 0.6821606000024778, 1.431529724781288e-06
0.10560179223013584, 0.6249701685358091, 0.00011204719600634361
0.05691084875652913, 0.7717097613855964, 4.840789359582335e-06
0.09248901752500549, 0.41155527795685015, 0.00014418041684919472
0.08331763261613448, 0.7481179452923573, 2.7559301534840725e-05
0.09852522007319119, 0.7156511354659018, 6.297552368521837e-05
0.0967278922288437, 0.7436244996889242, 5.3788087720725006e-05
0.08814767401484483, 0.712859106015791, 3.889432727281982e-05
0.14476193058025355, 0.7294102045390015, 0.0003295349175555816
0.05384182739501365, 0.7998639156555263, 3.5306996113558045e-06
0.15714640575942476, 0.50692017912389, 0.000979098370969182
0.08910551095644989, 0.6686478520120923, 4.636081639602152e-05
0.12258967456510753, 0.7203762988424534, 0.00016257141704917612
0.08030529688646136, 0.6879438524559844, 2.7716242581045122e-05
0.08255182681895751, 0.6260102214204144, 3.779205231772253e-05
0.11855789140580562, 0.7190712424105092, 0.00014083678718718897
0.05118088582170425, 0.6766292522006099, 3.947650268992815e-06
0.10202602874597033, 0.7225634304196087, 7.203478507561157e-05
0.07680052127953706, 0.7811982559652683, 1.7662236888810866e-05
0.14819079348082653, 0.7103003109361832, 0.0003852079758221271
0.08587817688038608, 0.6717545809277429, 3.9050717228299586e-05
0.09692816686956662, 0.7465815138177088, 5.385070953458799e-05
0.11378217760781659, 0.752799390108394, 0.00010723437904498107
0.06430601740319661, 0.7850318011886871, 8.007528576389618e-06
0.0919639177615004, 0.7098175353432631, 4.727040166033225e-05
0.0841664532394649, 0.7039885551182025, 3.254216299185942e-05
0.15177994670953066, 0.7226529414416532, 0.00041347541337176933
0.1392090627220831, 0.6667814797144481, 0.00033199831655697065
0.08790210153099909, 0.6062670217516988, 5.311714727211625e-05
0.07657297816814784, 0.7401750665797739, 1.941911187528999e-05
0.08620823367133795, 0.5456202961368252, 6.0200396195711716e-05
0.09112027370971765, 0.6100371450666051, 6.14553088993344e-05
0.05366416724264212, 0.7040489986020516, 4.491293765398181e-06
0.12267006866584362, 0.7827629798426291, 0.0001380877706549414
0.08715402609027624, 0.7161699325725269, 3.666051216526635e-05
0.16050493408189037, 0.7765126361820229, 0.0004579496671833688
0.12991067553423086, 0.7593229890049065, 0.00018886439887948832
0.0875715646843998, 0.6633415671267578, 4.3640443364743955e-05
0.09763475178823224, 0.7623246044007238, 5.3326797058117686e-05
0.10578972534162204, 0.60883420168601, 0.00011899238486412866
0.11969614431260088, 0.5330790511143546, 0.00026726086737956846
0.086868269650893, 0.584018564136584, 5.433776161504594e-05
0.14667489629772554, 0.7719945738498675, 0.00031167565207774626
0.10358821261788438, 0.6679797197217332, 9.011660801562502e-05
0.03579982143008631, 0.721145517577043, 7.211006150193188e-07
0.12146986484836819, 0.6198097497888558, 0.00021091657115981875
0.08286983249708674, 0.6993898804399774, 3.0794392240764754e-05
0.14647738097857124, 0.6289234665576015, 0.00046683218391068424
0.06977655454969031, 0.7273113166220647, 1.3361250274207877e-05
0.07464633582640884, 0.7354519520715349, 1.7583068258271723e-05
0.08427912796070229, 0.7057244766630032, 3.257344428901062e-05
0.11965940159490462, 0.674555412800568, 0.00016668505830872733
0.11664936723992245, 0.710451839049213, 0.00013433188708781833
0.113638601748159, 0.6850029199272538, 0.00012879379186755865
0.05894610969132159, 0.763103859400417, 5.778315460965212e-06
0.08523374657093397, 0.7422806540222278, 3.094001791184538e-05
0.13999402614385983, 0.6182730285046676, 0.0003958103178864148
0.07058730063192586, 0.8147688076153017, 1.1201960443567879e-05
0.13987873689495403, 0.7917691235122255, 0.0002404785045483337
0.1039969228924456, 0.6689135812386423, 9.143574820383937e-05
0.08206879204962261, 0.7390531488102766, 2.6423961930832542e-05
0.09752742100835675, 0.8126128869045334, 4.6704222040188365e-05
0.1040973955457018, 0.6696726816977744, 9.161701383808408e-05
0.11119839184193663, 0.7567048032631063, 9.592821079128072e-05
0.10124574124833577, 0.7531551586615599, 6.40995159465955e-05
0.11611296033118133, 0.6996154041893555, 0.00013574449941439686
0.10288894474807185, 0.6700141309480122, 8.694013492010596e-05
0.06347190620087756, 0.7156210209456342, 9.09826328987283e-06
0.13663830184178594, 0.6565047556431884, 0.0003155069644901474
0.07672531413710694, 0.6901059811429111, 2.2535359222093766e-05
0.08998513951964207, 0.691225514052706, 4.529787948149181e-05
0.11222357090631833, 0.7576685498057405, 9.962706685675296e-05
0.10663690898232724, 0.6579661117147091, 0.0001055241970206969
0.13084257230816473, 0.5994870417128687, 0.0003126815246069861
0.06294596650500639, 0.5767577474029928, 1.3503234536562839e-05
0.0779137757518803, 0.7759530461341698, 1.9072064947583095e-05
0.07327431742020893, 0.8989452704100954, 1.084644034701944e-05
0.0983530584154492, 0.6747148491063674, 7.030593464683543e-05
0.09886248355511816, 0.4944361433048543, 0.0001339319365662099
0.05609640602449683, 0.6674836183101145, 6.072937905443803e-06
0.14539706795297103, 0.6418822520999767, 0.000433810456589841
0.11054662688892523, 0.7260524803014218, 0.00010153833799373726
0.12419295884535862, 0.5833359428901425, 0.0002625155958007016
0.09974646689710494, 0.5028604306701838, 0.00013465425021419566
0.08986165535057343, 0.7626058861044834, 3.699073961433503e-05
0.10628658940102284, 0.5804848919113489, 0.00013362549560851325
0.0030999083202654792, 0.766921914429622, 1.3470959817932044e-11
0.09097691353213683, 0.7842271555174095, 3.693000949179203e-05
0.11906430429498902, 0.6689437791310869, 0.00016581568318410153
0.0801622148845823, 0.8261433587756034, 1.906873052613231e-05
0.13824511626472577, 0.6988195397524883, 0.00029315339562352953
0.07068621572610222, 0.784821405822074, 1.2147783335600638e-05
0.103570826894246, 0.6105009420270155, 0.00010780476870490752
0.09033137420047241, 0.6026864318721341, 6.060005017514023e-05
0.13885446910388907, 0.5257837461270056, 0.0005279769690365801
0.1414763672062163, 0.6449649050947258, 0.00038098062315940597
0.05673047819803416, 0.6229978069169204, 7.32462199300685e-06
0.1073396420908867, 0.6648651329700178, 0.00010637593964929392
0.05434125493093727, 0.6454904048476511, 5.646207506609841e-06
0.08836345226825498, 0.7312077414505513, 3.7366644953947095e-05
0.09314292251852582, 0.6693424728857716, 5.6224877221779045e-05
0.14603546879469628, 0.4912186948537356, 0.0007551493616520745
0.02208933149226787, 0.6526957536293919, 1.0518350590740734e-07
0.0955360488220785, 0.7121507903236086, 5.5533876399606605e-05
0.06999814917707066, 0.6647756878372432, 1.6217969960915566e-05
0.06998647624070327, 0.7796027948347132, 1.1783689335729276e-05
0.17107758540814128, 0.6692169144390006, 0.0008163601023125553
0.100198932756615, 0.8170616425178883, 5.203000564868156e-05
0.13345193095786165, 0.7563777058980568, 0.00021424853017709396
0.09032316995786821, 0.6205999381967039, 5.712928567283002e-05
0.11480027048941002, 0.7050048194863716, 0.00012715414887854684
0.15757381474717577, 0.7431141796636553, 0.00046108884593597363
0.12852801143314135, 0.6632172022108457, 0.0002361808063442902
0.12458195939947025, 0.8152481247648842, 0.00013626645922129677
0.0851752655603366, 0.6429129872227758, 4.111884272259648e-05
0.10034214446622686, 0.8176389940982883, 5.2284092128843626e-05
0.08955861659442979, 0.6535598553162376, 4.962124054316144e-05
0.07803863728717986, 0.7102512673179374, 2.2924741213708262e-05
0.12735315926856494, 0.8652490702655303, 0.00013326815825378402
0.08314085757560993, 0.7748700149867895, 2.5450246057984164e-05
0.09159299824630868, 0.6757780564098573, 5.1233230261717546e-05
0.12005465403443728, 0.6305151075055797, 0.00019357198590828808
0.20928415841784465, 0.708999411503692, 0.0017656886050271433
0.0708988289205485, 0.6297808302173614, 1.911608242953927e-05
0.13576970730040627, 0.7024429588893013, 0.00026796399843377015
0.05527454936076232, 0.5450035233980286, 8.536467745473702e-06
0.11371957452468465, 0.7041637091372291, 0.00012226259641884076
0.13293836450880875, 0.6883396987976174, 0.00025434413106230856
0.14237700479428306, 0.7931218750120452, 0.00025907254476921005
0.09551503448991452, 0.7021088730610282, 5.7078508486524586e-05
0.07581025923174477, 0.6222465713317842, 2.6293233127420408e-05
0.13329832644444067, 0.7857603940160984, 0.00019752146330255686
0.08577691385785606, 0.7425266274702454, 3.1795939831739285e-05
0.09548533935867294, 0.7516004105296231, 4.974086597372617e-05
0.041625315611293845, 0.6616026784673635, 1.6632003245654435e-06
0.14646335301678626, 0.5966502006489635, 0.0005184821307903431
0.14944247665327864, 0.6431256591399794, 0.0004875959285544752
0.16322094781963492, 0.829138863349657, 0.0004324394371889551
0.09841117589326975, 0.8200518006634416, 4.771762028413773e-05
0.06609627224064041, 0.6511284110605526, 1.313443084542319e-05
0.07625480471537993, 0.6122503867482211, 2.7866568893882103e-05
0.12409327407339577, 0.6551848058566319, 0.0002073626490137698
0.13257468749776152, 0.7053940326407427, 0.00023929246721725948
0.14209524298585519, 0.7975715484874266, 0.00025396657523700365
0.10481543488042269, 0.7096282704837724, 8.409596104450237e-05
0.05613194947955642, 0.7162833906206753, 5.288356065447151e-06
0.09490839557197672, 0.8179166028443413, 4.0896696504859114e-05
0.07996457513477996, 0.6405201088441148, 3.137978398502251e-05
0.06539727812083981, 0.7753703166119382, 8.839142118867016e-06
0.12689493670176172, 0.7044879135676897, 0.00019786714845876425
0.12642473187895287, 0.6842213331952093, 0.0002063638667840981
0.15828191985516765, 0.7598486487040759, 0.00044978965979891133
0.10413940459044177, 0.799523977738748, 6.438864841171005e-05
0.10040231224493612, 0.7245303446566056, 6.676134584300505e-05
0.09753431195245231, 0.6699353983662153, 6.873733872669494e-05
0.07977077764383039, 0.597760893715677, 3.56470611795318e-05
0.0546056958996294, 0.7132816348698103, 4.723792102811678e-06
0.13275229003780384, 0.7130335889700253, 0.00023557587599490627
0.0671002933499941, 0.5760802632491366, 1.7930291379777948e-05
0.07970042147215642, 0.6368963023105421, 3.1279165758772136e-05
0.10630329615924758, 0.5851424283175852, 0.0001315977106025928
0.09416969683436371, 0.7390168473226016, 4.8402342107442054e-05
0.09163222529697765, 0.7169337278989416, 4.56058023388602e-05
0.10377520174781904, 0.7371889980748341, 7.457958919984215e-05
0.09930774525072987, 0.8099748575087145, 5.090360678288619e-05
0.07761084262495083, 0.7494879165076062, 2.0095331748118434e-05
0.10679906224040309, 0.7693738586088203, 7.769405313206344e-05
0.11875937566553676, 0.6622912516714088, 0.00016726560500883371
0.05141544085897089, 0.6474949355778207, 4.398502335027995e-06
0.11735085427725894, 0.745951491340671, 0.00012510775993699165
0.14048313468371318, 0.7405227814273754, 0.00028017893673647096
0.06622831865789647, 0.8249098178646451, 8.255537660355345e-06
0.08482362675713126, 0.7604653010382081, 2.88589932451871e-05
0.1192272796637392, 0.8108350513532905, 0.0001135412477176235
0.07211539414169507, 0.6831008084415588, 1.7511341473294515e-05
0.1467293855479957, 0.6811671817815829, 0.00040099014628114306
0.07934100295112609, 0.8158279168277159, 1.868781779920794e-05
0.029412582887852964, 0.676236014041462, 3.453943482392806e-07
0.05340585544364442, 0.6154193816578221, 5.7545929849929715e-06
0.11802523709607368, 0.8033106427203547, 0.00011063392857416165
0.18195898562394172, 0.8816367364521532, 0.00061697841673885
0.07495624952515818, 0.765056814815011, 1.654752528860201e-05
0.09993217623981204, 0.717614265811527, 6.666337370829511e-05
0.07824629587960656, 0.6864362155172845, 2.4831684730336027e-05
0.07680734101728395, 0.6568000905775367, 2.4996056847748686e-05
0.0948548767392249, 0.7995372020082878, 4.269244884925791e-05
0.07458007175679192, 0.8630749943342875, 1.271771637222811e-05
0.11163471745321488, 0.5566000896985721, 0.00018038323620681905
0.0655020309481162, 0.7248936246893544, 1.0184467029035853e-05
0.0809217188840701, 0.6188850163752094, 3.5418682066657784e-05
0.1461452863162599, 0.6496650220717318, 0.000433151778412194
0.08041992061965358, 0.6592446780840314, 3.0371948054639386e-05
0.10147990105200885, 0.6377636621226471, 9.03063958656299e-05
0.07166774646279911, 0.785384910240478, 1.288917990135761e-05
0.12756255313768597, 0.7672703921189628, 0.0001707069137695008
0.09855388471604329, 0.6248852765018453, 8.270462611628244e-05
0.05110071343672223, 0.7176773645660691, 3.484865643975431e-06
0.07148290300442253, 0.568854939933221, 2.429139340548117e-05
0.10169124024381085, 0.7289369591107185, 6.976434959476548e-05
0.06144617914380407, 0.6958131792863713, 8.343688466014612e-06
0.09798260955639915, 0.6874566505400402, 6.660868647471922e-05
0.11817942366248867, 0.6428770128107488, 0.00017373780115824994
0.14463437577316876, 0.6567205532782308, 0.00040494812505511153
0.12798831983528694, 0.5982032666714926, 0.0002849822580771027
0.10922278932577908, 0.8050861788208934, 7.831762586327001e-05
0.08141524226638003, 0.7897913759136279, 2.2338102980445774e-05
0.07645095055607243, 0.7818059419955133, 1.728433509807846e-05
0.05829463696846803, 0.594451782746602, 9.067727878624484e-06
0.10790159542641298, 0.7680376332168426, 8.156869366174141e-05
0.12410920356779938, 0.7493442460669208, 0.00015861369906812735
0.09836490448646394, 0.715938377396337, 6.247573571196901e-05
0.10361616934373614, 0.7390207663616384, 7.37112465727904e-05
0.07087162398715706, 0.7604058261908273, 1.3090418087676474e-05
0.13508663582764296, 0.7120847291440175, 0.00025503339479522033
0.10648322032153575, 0.6718012588325598, 0.00010058227364743244
0.09187796106984975, 0.778674835025991, 3.911862247860512e-05
0.1330696613067514, 0.78789196530778, 0.00019497565156173605
0.16475433980837337, 0.5712480766380628, 0.0009492893171196684
0.09644285274269371, 0.8669567286480628, 3.906243084240487e-05
0.08522454475253297, 0.8135478836215447, 2.574449006367848e-05
0.11880272557709522, 0.6465006525552432, 0.000175818326164064
0.07357588480670507, 0.6184686055338557, 2.3332794203802116e-05
0.07481352886205409, 0.6191488183646332, 2.5054654477301595e-05
0.18453556319774078, 0.5440305359331938, 0.0017237396503173089
0.10021656430203361, 0.8266350446836209, 5.087121548552988e-05
0.13462870554256973, 0.8731616086692732, 0.0001671022819842406
0.08729103317431328, 0.7039199181771225, 3.8210768951862364e-05
0.12289995496815084, 0.683800583176569, 0.000182446084749349
0.09030976239178902, 0.7346768591736557, 4.073857692121443e-05
0.0813130162479442, 0.6963789617393737, 2.857451883143465e-05
0.09257685552634079, 0.7320577013485859, 4.5759992147658795e-05
0.11757970300723933, 0.4789373219120632, 0.0003061053452298011
0.09282914487534798, 0.7584749417484951, 4.314143251726784e-05
0.12704295527687715, 0.6411239555677687, 0.00024013998221860097
0.10968547524478357, 0.6450072100679377, 0.0001243062291223729
0.09798270994892293, 0.7461454498676758, 5.6542690898926505e-05
0.11722782289396172, 0.7873038373045153, 0.00011179341904400325
0.09690895244320412, 0.7823568852884931, 4.8995617406187605e-05
0.1154053585529356, 0.6743693102944498, 0.00014222128222790632
0.12871607371054825, 0.6248807291753162, 0.0002677662784898046
0.09209851249433987, 0.8123500830212225, 3.632377262718896e-05
0.11623267093774448, 0.785446181025736, 0.00010818752610620285
0.04524681349229869, 0.7572277051549009, 1.8327368149658733e-06
0.11988202044338298, 0.623841792084511, 0.0001964874438278607
0.09149125078518489, 0.5370618507392567, 8.072115632398517e-05
0.09751800907519147, 0.7599685149899655, 5.3376234420103275e-05
0.13303588809941402, 0.539613462896861, 0.0004152055233538624
0.1261711818938861, 0.5449581399900967, 0.00032245147120913667
0.10692516831119428, 0.674054466091626, 0.00010174841747669953
0.13209501285483868, 0.7039773073968736, 0.0002364551795536694
0.1001597120382131, 0.7119211634075066, 6.841504013885264e-05
0.07746714008842537, 0.6620031914155757, 2.5548348549468882e-05
0.09514957323161792, 0.5616037435197163, 8.771947540555171e-05
0.07431401032214727, 0.7220964952146598, 1.7884899170225168e-05
0.06327394868143917, 0.73153094339993, 8.587964122624123e-06
0.06934013101829765, 0.6227132922859338, 1.773054640930481e-05
0.11138727584516064, 0.6646703713019104, 0.0001252650226549337
0.10719695769803365, 0.6600769771484245, 0.00010729501648162685
0.14017413037272158, 0.4848613434329279, 0.0006472460462038145
0.06369162856021926, 0.5709617834689498, 1.4511562369822231e-05
0.07517034435504763, 0.677972009643177, 2.133767733940182e-05
0.07892502136108687, 0.6792587099007917, 2.634148052736587e-05
0.09370363895886717, 0.6263530298093686, 6.592588105465048e-05
0.12983203495798293, 0.8434733999628852, 0.00015265228775069014
0.11304722940222217, 0.6125601496441897, 0.00015740266380554345
0.10449927483949618, 0.6418305666890048, 0.00010144333590547815
0.10775222559888957, 0.8198005955197919, 7.11581968621125e-05
0.09761410829773333, 0.8308684381461484, 4.4849414240870694e-05
0.17257240522247097, 0.6961908434553176, 0.000783760247904438
0.08825064343671248, 0.7904706761009097, 3.179457646218249e-05
0.11938062006070901, 0.6525830594885992, 0.0001762800475492367
0.11470200905811617, 0.7616408177778047, 0.00010853704290696576
0.07420677720293656, 0.762397768586094, 1.5942424712992627e-05
0.1646053245411097, 0.6458371034319949, 0.0007397295757899098
0.09239308801821229, 0.5720770702924449, 7.427976801259499e-05
0.08252717271846532, 0.7645985201440518, 2.530029852034513e-05
0.035119542463349404, 0.6660100181820837, 7.769969430612786e-07
0.0728710598371422, 0.6899045923627158, 1.7973398506736154e-05
0.1399497646808649, 0.7715212694473348, 0.0002538327470184587
0.04615464711156043, 0.696195014323394, 2.3662029557746143e-06
0.13194410106982726, 0.75601276198325, 0.00020399689147643243
0.12382007902934104, 0.6713805551772556, 0.00019557309903395223
0.12096482924223444, 0.838621174779131, 0.000113118688892103
0.13060055673995244, 0.6899028483021519, 0.00023417910709367645
0.0, 0.6862416105485198, 0.0
0.06715186918271063, 0.6891653669832013, 1.2571140312695621e-05
0.1338164380814357, 0.6548676228840378, 0.0002892680765321287
0.07411404631804913, 0.7488530460321073, 1.643368673151267e-05
0.07547679382760948, 0.9524057356074553, 1.1007813028099883e-05
0.15928242203247434, 0.6821820409494019, 0.0005737251352901907
0.07927578539233385, 0.7533091501758142, 2.1839256361684267e-05
0.103086832028788, 0.6034196044781727, 0.00010809886069626351
0.11067395055358586, 0.8044122519847191, 8.313968197477425e-05
0.12182835003208738, 0.6085552273543726, 0.0002216453871587917
0.07605931073166894, 0.7293463531503633, 1.9416402281111256e-05
0.15245884624356917, 0.6436219176163995, 0.0005315887900992173
0.14233032240779953, 0.7285463677139798, 0.0003065915692197588
0.07076406653712364, 0.8394645265870224, 1.066933720136612e-05
0.1300536024867498, 0.8531057545481178, 0.0001503483462641875
0.09795198324401598, 0.6327338774196558, 7.852029986497985e-05
0.10554037324712766, 0.7153695564470743, 8.529958966170518e-05
0.10262828329403177, 0.7935250152384145, 6.12942500940105e-05
0.06294897894809742, 0.6632795506631347, 1.0212284796350805e-05
0.07462070083499395, 0.6122500858387925, 2.533315098918249e-05
0.0726410755374016, 0.6417949942678686, 2.048213459650935e-05
0.14743483822058043, 0.8254847388920805, 0.0002788613445929653
0.11992781027443475, 0.7182046047642273, 0.00014849680327794811
0.11278468674234697, 0.663089636972919, 0.00013296031074208191
0.09772178405138499, 0.7400137587364166, 5.681309006539083e-05
0.14176614645496752, 0.7076188991449143, 0.00031936417794867564
0.140491600967032, 0.6321017060212591, 0.0003846392178209933
0.08199516660331331, 0.730353223114948, 2.695059193398223e-05
0.12827141519680327, 0.7686403796951671, 0.00017429743854731136
0.11804169959237173, 0.821322357903983, 0.00010589966930120293
0.09317738963512465, 0.7260333795352475, 4.786511372656854e-05
0.12434849965285971, 0.6108060211427826, 0.00024075631985976594
0.09631979173596672, 0.70934578273129, 5.8022744655351014e-05
0.08612595401274162, 0.4703522168104377, 8.06694892532151e-05
0.10933031681727629, 0.7449363156841575, 9.187265621202906e-05
0.11179897944850088, 0.6885007283180568, 0.00011865432724735808
0.10413024741260839, 0.6525971249337409, 9.660819012350653e-05
0.08683454865959349, 0.5987956546552466, 5.160072963703342e-05
0.122271612720146, 0.7404588373856796, 0.00015212369773002303
0.04976800603486047, 0.7448598268828818, 2.8800355860339856e-06
0.09573171292074802, 0.6115723126783316, 7.598290906748769e-05
0.09847462199723572, 0.7887060942080938, 5.173238757138359e-05
0.10076707433923783, 0.6151096165663961, 9.41158830167423e-05
0.12170860170076853, 0.7454490469603253, 0.0001470765960924062
0.11331247548689974, 0.8548613532101292, 8.16575847659508e-05
0.16519390467263595, 0.7322330484201749, 0.0005845759264723763
0.12844952481881328, 0.7688692692084339, 0.00017526044087542764
0.06870683663020324, 0.7841877614571763, 1.0738053708089355e-05
0.07827736801442631, 0.6435673964309147, 2.8299396406730125e-05
0.056006273507946014, 0.5957409595256434, 7.569938558811744e-06
0.08571854410059769, 0.7802386150214993, 2.871045500704926e-05
0.06843934176693695, 0.6823847316836148, 1.3939683735627908e-05
0.14501215410483712, 0.6932743787108152, 0.00036756569652647553
0.10622259490070507, 0.7666449086884694, 7.640675827958245e-05
0.0817703089089242, 0.6737950463889936, 3.128463400079122e-05
0.11105493255979274, 0.6836967485711516, 0.00011684373200985214
0.022205915499669382, 0.6568859414670702, 1.0627917318818871e-07
0.11435676017404285, 0.7390342545561746, 0.00011375981281180767
0.07381583399853481, 0.8210456678446996, 1.3430407973571953e-05
0.06586508783979086, 0.7242434088762445, 1.0453940059597439e-05
0.12024329798666322, 0.6629006554893122, 0.00017633432900613643
0.08586226448237494, 0.6691075687628534, 3.932822083191465e-05
0.12568106528676234, 0.6339818590606264, 0.0002342068478445636
0.09807092399952674, 0.515699176923796, 0.00011883659401958169
0.08641971276968065, 0.7261027830353494, 3.436102384921538e-05
0.15818078151014922, 0.702053809022091, 0.0005254137711289353
0.14302071819485127, 0.8766840205468363, 0.00021628934023043648
0.10294445369825614, 0.6350870795341403, 9.699566763418565e-05
0.09783950895039598, 0.7426319222732299, 5.67128448470602e-05
0.06341670161114668, 0.7828371619532956, 7.573891679666033e-06
0.11789785288666693, 0.6723811455867819, 0.00015716679093750135
0.09115374837265536, 0.8199068359778406, 3.4075702969015275e-05
0.09385781343592789, 0.6276487795258996, 6.613059381704304e-05
0.05507773147462973, 0.7884442114803115, 4.015305134705492e-06
0.13816872945088898, 0.7808019267102978, 0.0002342540488829606
0.08481409423488456, 0.6810166936800359, 3.596745480089117e-05
0.11496675380241002, 0.7220287614556984, 0.00012200422891613716
0.060605857490551085, 0.8307690273227616, 5.508959057516949e-06
0.08680439133174209, 0.7535072867171162, 3.253677075040509e-05
0.1141069883515427, 0.6323206572283104, 0.00015390935806513086
0.09722851158374576, 0.7857649487510122, 4.928021544784496e-05
0.10238449108298261, 0.8290863054724263, 5.556442029487055e-05
0.11444757357751804, 0.7404793557657231, 0.00011371270246511212
0.13008040807312207, 0.727677966673468, 0.00020683296884170099
0.11980281237645161, 0.7715232651009118, 0.00012809220512204807
0.0992971915444528, 0.8009554706843786, 5.2032153483893285e-05
0.06621192080650329, 0.756360700011189, 9.809055897880155e-06
0.13534976383909675, 0.6763016847655033, 0.0002851661476871615
0.11226482708079334, 0.7261753092102285, 0.00010863137389196303
0.1167152569988897, 0.6598130216740042, 0.0001561297655168332
0.055088102111248594, 0.5690437113283887, 7.7148769992424e-06
0.08918317985491518, 0.7750247374988612, 3.464014982994546e-05
0.14574567851331546, 0.7402540359040071, 0.00032962895192111176
0.1606571073944853, 0.8314405758183467, 0.0004011097488494334
0.07904194730361906, 0.6594619569233499, 2.8129368348744828e-05
0.10117348135116035, 0.7520935855745852, 6.407897883503892e-05
0.14127502025233596, 0.6481318284087743, 0.000374909860335393
0.1323570115927004, 0.8039626202437447, 0.00018288613255097657
0.08849111821987671, 0.7152144649590157, 3.930537319275059e-05
0.10576342521908844, 0.6422066681531984, 0.00010682982277782884
0.06062098827854125, 0.7428934581709735, 6.8969024409716945e-06
0.07742802645689068, 0.5777503949701791, 3.3468591058033285e-05
0.08484727047813567, 0.785475685483273, 2.7083641613362522e-05
0.149967543221596, 0.8015588676593284, 0.0003187741300788086
0.0927967915135533, 0.6314237951293741, 6.215399309781984e-05
0.09388292838159996, 0.6323497090042577, 6.522775216182289e-05
0.04668600775015226, 0.7239121212756116, 2.301525792490475e-06
0.04473728486978401, 0.7873725346142573, 1.6126930533518566e-06
0.090754007160155, 0.5323018150396989, 7.929751305146657e-05
0.12104514566706337, 0.686708932837352, 0.00016919556073043514
0.06836369896201172, 0.6260176907480752, 1.648257719384784e-05
0.08633099780390836, 0.7392939706803343, 3.299630539431079e-05
0.1268154137151362, 0.6826352650479557, 0.00021015776695861068
0.11571197054089424, 0.694468316003798, 0.00013568301894763065
0.055326531497928697, 0.5890948311731414, 7.336731549852937e-06
0.1327193350660488, 0.7627502970623288, 0.0002056418933433648
0.13013012748891686, 0.659673379652187, 0.0002520986629371386
0.10489690264072063, 0.6541924043459681, 9.929116972591322e-05
0.0889056279287874, 0.7797531157680858, 3.375517591466651e-05
0.07595407837180948, 0.7719034032729267, 1.7229188340334462e-05
0.04458755046592176, 0.760427687522284, 1.7036875729177955e-06
0.09007872199547741, 0.8024003582880405, 3.37692503194058e-05
0.15045112722572535, 0.7767285637653293, 0.0003443240092514947
0.0869073512625391, 0.747676995043883, 3.321899746279791e-05
0.08811751253558808, 0.6790228476969068, 4.2802676752630946e-05
0.10845691941901138, 0.748982775547704, 8.773122655039222e-05
0.10830530300110833, 0.7274384512488015, 9.243408908219388e-05
0.09441663137982768, 0.7387424263725012, 4.899967739536731e-05
0.16163101076983782, 0.6665810263984643, 0.0006408680674465695
0.05604982268813518, 0.8052616804863982, 4.157368301828643e-06
0.13624403091253612, 0.7084098876635484, 0.00026754300394064536
0.1228127912101706, 0.64959101729452, 0.00020153836163568846
0.15532047391365417, 0.7580317532752495, 0.00041590813151695
0.12272535536605261, 0.7170575172527078, 0.00016488032073358607
0.10801604690515947, 0.6368012374239137, 0.00011920830927499949
0.14422336336706698, 0.6878396310379555, 0.00036454255448353757
0.06499241702977794, 0.6409252211187181, 1.258771792609917e-05
0.11562236588244167, 0.6828453627184226, 0.00013986379753963985
0.04759424198248067, 0.6835849550348245, 2.8094436688677126e-06
0.13158870122738778, 0.7092428650445718, 0.00022905395143007131
0.05568420819889435, 0.6887726039003877, 5.5212216423443936e-06
0.12270428250599834, 0.7168114231926248, 0.00016486893446861323
0.08835249876030161, 0.7079958916545825, 3.983522761494468e-05
0.11157607700072382, 0.8707628769989713, 7.353242207599484e-05
0.09491680993436283, 0.6878656229780465, 5.784535273400899e-05
0.018147059123853476, 0.5419044686616439, 6.424923350137208e-08
0.05972281222257892, 0.6825296250753824, 7.651383709513865e-06
0.06331966948794779, 0.682269441319944, 9.904306473371761e-06
0.12389761299653394, 0.7562871532796067, 0.00015455013321732328
0.08343035891850806, 0.7523468365659137, 2.741295108726469e-05
0.04754926929057479, 0.8055097196433549, 2.014917436072771e-06
0.14931076290983702, 0.7772996738045385, 0.00033249860692494804
0.19160837778570983, 0.9093017183350232, 0.0007280708564172215
0.08846862469109433, 0.5877617148984782, 5.8134792025477534e-05
0.1509730156690902, 0.7631089537962673, 0.0003622011718162999
0.0484733770561471, 0.7412427347895689, 2.5897593989134654e-06
0.1380237198219586, 0.7617030000075111, 0.0002450140374800281
0.14875813093933743, 0.48253457155625434, 0.0008488367351144408
0.13316651713798874, 0.6397519165428495, 0.0002966749566029312
0.06609145049448636, 0.7214770035179304, 1.0694491953736841e-05
0.16555905396368134, 0.7412469121707946, 0.0005760139766626149
0.10836952298218352, 0.6657585477665533, 0.0001106429907186261
0.0833241640209943, 0.8115694296437683, 2.342646635269367e-05
0.08609700128376124, 0.6122357879131028, 4.7541817896987304e-05
0.11258660990100808, 0.8233137609386265, 8.558089312828914e-05
0.13574878289878722, 0.6978420496297032, 0.00027132498188552014
0.10008090054014727, 0.6661016874925596, 7.788075073799836e-05
0.09954047963255233, 0.6794653069267912, 7.308531636782188e-05
0.12714624386420162, 0.6253015008346349, 0.00025335093316308506
0.15134110554131955, 0.7795165003367731, 0.0003508533612742868
0.09337213963037734, 0.8011630598751406, 3.967164705532415e-05
0.05786917084548946, 0.5478137548205947, 1.0338748601471021e-05
0.09325496601352341, 0.7095676638476535, 5.02961711771613e-05
0.07774032778298133, 0.6145410734314555, 3.0109814820157547e-05
0.11262465618828005, 0.8113141807819356, 8.826226481241096e-05
0.08319205617772854, 0.738033615722396, 2.813026267882748e-05
0.12040726116029962, 0.6666713949350105, 0.0001753937192071396
0.06864751292640509, 0.6815898393550203, 1.4160181986136887e-05
0.12367763745613523, 0.7249590809471987, 0.0001668860759600338
0.0896350057664434, 0.6664411183831028, 4.790093507863745e-05
0.07945760066349063, 0.7716315317782174, 2.1025286887500978e-05
0.10304484150389565, 0.5402982233095779, 0.0001345904802491064
0.0850608002860655, 0.8135993103818494, 2.5524332704406246e-05
0.12486584440655187, 0.892060295769223, 0.0001149554522050799
0.0972379936131489, 0.7398485031820077, 5.561073693848837e-05
0.12537377368107422, 0.8455391535564085, 0.0001302590549496708
0.0423039793495425, 0.627504313100795, 1.985225481952333e-06
0.13775366241100667, 0.6492781076167742, 0.00033431684227871344
0.13690623404967653, 0.8483800578322807, 0.00019056677357170336
0.12046182781631684, 0.6187391099907802, 0.000204027324462085
0.14646364043855803, 0.6921092487740151, 0.00038532556118001457
0.11532016013839141, 0.6979091893801822, 0.00013235827716753294
0.09695084583075801, 0.7477864978369617, 5.373258187252237e-05
0.038428361805489454, 0.5991891910613598, 1.4266130371583585e-06
0.08730705101500273, 0.6785281757305948, 4.1157323935104224e-05
0.12182551995713874, 0.6201019810562463, 0.00021344602116237023
0.06636197977847784, 0.719897193253953, 1.0936289683800785e-05
0.0963656519890495, 0.6196626068036946, 7.61926852704854e-05
0.0901125725070086, 0.6673465525156236, 4.890111500514549e-05
0.15793857041576168, 0.6646470532281848, 0.000582279930689296
0.03153901727167287, 0.8912800525256035, 2.7031454463658185e-07
0.1076260638177732, 0.6141622299058846, 0.00012613525803797132
0.11445777318837899, 0.8515121355622199, 8.602476594929e-05
0.11204137019921032, 0.5736595497079758, 0.00017255297510981567
0.03152589026700285, 0.7514341917825982, 3.7959490470118444e-07
0.12037724220972192, 0.6245201243408106, 0.0001996495503246958
0.05493170266759266, 0.7899485709433808, 3.953572693297486e-06
0.07778769050707562, 0.6744476477798345, 2.5065551808646575e-05
0.11533917509922575, 0.769300275696788, 0.00010901147638125232
0.11488954050105629, 0.6730632579321741, 0.00013998719045612808
0.10190197243639318, 0.7407040551833273, 6.818358783470282e-05
0.11998327916082513, 0.6975291039969566, 0.00015775111236718348
0.07815474487778022, 0.7242591862161712, 2.2191231873518248e-05
0.11432002329202992, 0.7231948895955195, 0.00011862967449436869
0.04010560180862015, 0.7223983127662161, 1.1844442296625645e-06
0.10819471883353945, 0.5981635949982533, 0.00013609200648133284
0.12128018420570796, 0.7465829503780387, 0.0001443727045977671
0.09269117028107893, 0.7880434747033953, 3.9704008066410514e-05
0.04904992251533559, 0.7702413506940594, 2.526509116458949e-06
0.14573442101919892, 0.7242471872054346, 0.00034424344428132445
0.11204506148653935, 0.715798515048384, 0.00011084402195889339
0.07567758668111835, 0.7211737404055472, 1.942415317580749e-05
0.06013246567476947, 0.6811678415949629, 7.916574028421783e-06
0.07647315695696316, 0.8903950137788642, 1.3342590045093452e-05
0.06168673266438714, 0.751640863420643, 7.274261506966287e-06
0.14174484680097588, 0.7694952834572197, 0.00026988950683605055
0.15251913839704057, 0.7605432641613824, 0.0003813687985553021
0.07277868506913997, 0.7049068941983391, 1.712067493480159e-05
0.09538713097220955, 0.6947507684297851, 5.795126035084577e-05
0.12050796647717747, 0.7069253923238448, 0.00015656261592533616
0.07485017604318747, 0.8108898719395201, 1.463829785669693e-05
0.11574296210995241, 0.6223382780313623, 0.0001691566505818046
0.11790240193903116, 0.7340744583785729, 0.00013188194469058846
0.07854145110636568, 0.695608600265739, 2.4585059481765487e-05
0.0854620927360988, 0.7814221344182415, 2.8248668492244627e-05
0.10996034060007577, 0.6763930226248741, 0.00011428951646797272
0.10460822422488211, 0.6756224831926549, 9.197024878218585e-05
0.13502791819835214, 0.6332752838271145, 0.000321843347885472
0.12883706139434323, 0.6537518108692376, 0.0002456516320886657
0.0489149136382224, 0.6889642228584011, 3.119710091647866e-06
0.06281014658347048, 0.6553295062336381, 1.036042574987021e-05
0.07353379031797422, 0.5497740935913491, 2.945370584042525e-05
0.1112477020664773, 0.6986478002213794, 0.00011275347113452088
0.10563602483005374, 0.7531298096771147, 7.726792355851951e-05
0.15913973043675103, 0.7875648047737457, 0.0004287648916029429
0.05860872342409938, 0.7728235331218195, 5.493374071354172e-06
0.005699077689151497, 0.6071757080052145, 3.132400331579103e-10
0.09789059191379221, 0.6688083645582097, 7.008461712065135e-05
0.10822976902288825, 0.7212739958403058, 9.373266532631795e-05
0.08180802427429028, 0.6004855912837572, 3.946959716835209e-05
0.035399089111124396, 0.7804663103838959, 5.858990008921178e-07
0.07880128332614235, 0.6886013332857842, 2.5455208338489323e-05
0.10722972826792808, 0.767342979300364, 7.950121265637132e-05
0.07733799128038181, 0.6336785069404305, 2.7679398585548793e-05
0.07424444464139446, 0.6632475469280543, 2.111232338960817e-05
0.0864017537004554, 0.624537601470401, 4.640320395796051e-05
0.15506592392975335, 0.7249854307469933, 0.00045141851936140727
0.12536746496592693, 0.8225424720567398, 0.00013761397741918882
0.09150748741152301, 0.7257005500927223, 4.424458928066931e-05
0.09733195785862708, 0.818797947084477, 4.559701664948067e-05
0.1106225384615262, 0.7683131782506597, 9.094969783321698e-05
0.1049255777112415, 0.5977730759108173, 0.00011906146459517641
0.12395583772056436, 0.6592411549491914, 0.00020382244496760428
0.1506783216619254, 0.8196458230175305, 0.0003112696972790321
0.16553587892198085, 0.7663788267581424, 0.0005385230708426685
0.06453816439855667, 0.671714254814144, 1.111193896027389e-05
0.07375684290034046, 0.7713633766771687, 1.5162753313929273e-05
0.08859476869077512, 0.6184126766125839, 5.284509415564552e-05
0.12025910237173444, 0.6823158219426741, 0.00016653826187365604
0.14003241235735203, 0.5683672855464093, 0.0004689358787169353
0.12586890628051228, 0.6761273815396037, 0.00020727649968882317
0.1390388354590097, 0.7937365216940848, 0.00023303014471479306
0.08055005354954659, 0.5888208485418902, 3.834327521711811e-05
0.1383541647244137, 0.7399816313428701, 0.0002623553109779043
0.1338067684664188, 0.6899498932276916, 0.0002605159725890626
0.08257764914826338, 0.6529831586133066, 3.478219637211011e-05
0.11441602750038338, 0.7671087806140374, 0.00010582644219572763
0.09508994833886222, 0.6702842278520076, 6.141015405041676e-05
0.11533629298899528, 0.8180486416498169, 9.639577329937838e-05
0.15054450625092242, 0.7649245973335013, 0.00035600348974502695
0.08005468560819551, 0.7478695555619915, 2.3132145554459075e-05
0.09917994397851136, 0.6568472540213849, 7.696656381051361e-05
0.09220245490755885, 0.6141228245320285, 6.387374070890367e-05
0.07785884974268352, 0.6602521305338968, 2.6260403880326023e-05
0.11763211068930361, 0.7150640957426586, 0.0001375909494503108
0.10539271398787493, 0.7745404111934069, 7.231765280900716e-05
0.0441086539040966, 0.6550365901358843, 2.1894726048893457e-06
0.06490568430926766, 0.8804693241080348, 6.631037189313643e-06
0.09857115782949787, 0.737144100771657, 5.9478565143847954e-05
0.12145929655812707, 0.8127128255707758, 0.00012262725900388362
0.08496929474529626, 0.725803340485616, 3.192131923515836e-05
0.1231792583301341, 0.9057802202931142, 0.00010502328662739452
0.12807984511637577, 0.5830881267030277, 0.00030089362978077126
0.09384840054075366, 0.7409493590294755, 4.743152577390066e-05
0.07908295900999833, 0.5568023021256502, 3.954837649469771e-05
0.1080520284715389, 0.7252954872541237, 9.202817583622084e-05
0.07351906219865204, 0.6792306373076885, 1.9279296438684888e-05
0.05228041149820848, 0.5821232538185956, 5.856357612263603e-06
0.08777395214805668, 0.7390733363074236, 3.551400927391993e-05
0.0843604332342125, 0.6404921808264737, 3.97144871626329e-05
0.11247875703935425, 0.6617584305848552, 0.0001319098324938304
0.1464985183925266, 0.6187265277064337, 0.0004826525963508743
0.10194886153979679, 0.6680060472873239, 8.40016047290273e-05
0.09892974678043073, 0.616589676565281, 8.637971118938246e-05
0.06429340858386423, 0.70090085757535, 1.0036564931518137e-05
0.062353395238548256, 0.7440009467746471, 7.784010070639466e-06
0.05628566454887148, 0.7849362743385362, 4.457049005786055e-06
0.05668556222759179, 0.6340043308422562, 7.047908632872867e-06
0.12073635127610242, 0.7930622046972339, 0.0001254407951372276
0.12218857864593186, 0.6302038542236932, 0.0002093815855145077
0.11486978789964102, 0.7218797656767941, 0.00012160229293291799
0.0863652365951656, 0.8283276430593767, 2.633013237115815e-05
0.1037224084793744, 0.7558937017004105, 7.077564756820251e-05
0.17967682987101707, 0.7066034952714173, 0.0009086140979438867
0.09790192373048774, 0.7721233061388872, 5.2610686218088334e-05
0.12063285894779327, 0.7586485251191836, 0.0001365631078680363
0.10753499328275642, 0.8061377581393013, 7.294013197582193e-05
0.09143375987976897, 0.6940710549976288, 4.819777364260824e-05
0.09778853630691516, 0.6818218930909217, 6.71260317099779e-05
0.07142667065464967, 0.7336200641769134, 1.4554902071302628e-05
0.10838620579396469, 0.7312844436713235, 9.176538405701403e-05
0.1361247016097726, 0.7711066050800746, 0.00022493632229372997
0.1511405281286799, 0.629561093882375, 0.0005347690328651592
0.0645560221162153, 0.6167424792012296, 1.3197143046679449e-05
0.03334647829102745, 0.6721278145420817, 6.074101584853657e-07
0.11704857862955506, 0.8394947302525981, 9.766545623914097e-05
0.06921132771855817, 0.6363305501055715, 1.6841467967899647e-05
0.09157109744831342, 0.695692178554383, 4.8291278077846586e-05
0.1181085854179215, 0.7281392684177089, 0.00013507514740590865
0.10498081001396722, 0.8496696472483503, 5.906760118850039e-05
0.12436844721340516, 0.6688276803681891, 0.0002009381283491019
0.047629442135659304, 0.7668861170662256, 2.239527103154246e-06
0.09360842782763105, 0.7625414664100676, 4.428174758722883e-05
0.10245042836764373, 0.8460239742995282, 5.3513232165183915e-05
0.08781263037173205, 0.631596049904348, 4.872342695159272e-05
0.09315991864119207, 0.6872866207062772, 5.337011767401517e-05
0.14808790010290776, 0.6305709345742787, 0.0004872862190255644
0.0432180219826804, 0.734794935072761, 1.590593076240149e-06
0.1427628105975328, 0.6976890121337851, 0.0003388039958664263
0.14733452317540546, 0.7522693224541253, 0.00033477968024483
0.08470133735519257, 0.7763918266567041, 2.751193675926648e-05
0.05837362636232379, 0.8625668938295268, 4.3324513193019085e-06
0.12622301811255918, 0.5008544844241212, 0.00038243041914335355
0.1177250360319927, 0.7557758590913702, 0.00012359551937299565
0.05626368002324458, 0.6687960215270984, 6.128897061640708e-06
0.12659207410813192, 0.5785018887823374, 0.00029036549244324954
0.0714776285710342, 0.7489436875246341, 1.4009291224499024e-05
0.08149742605592299, 0.7245425878029801, 2.6660677938847342e-05
0.10615789178909499, 0.8067411200625118, 6.881570516135133e-05
0.05789042068217934, 0.6602559904969384, 7.12870594998429e-06
0.1315030155991708, 0.7140025191662143, 0.00022536348097207734
0.08787702484484346, 0.5375830920281983, 6.74724085880334e-05
0.05880318522108024, 0.6308644447505046, 8.364838109642449e-06
0.1005644301366082, 0.7112459274349792, 6.977207812101435e-05
0.04190188290257179, 0.7551748847848352, 1.3143117547668714e-06
0.0728596077932123, 0.6942670151580621, 1.773596734584245e-05
0.12253196738614447, 0.6705488655487312, 0.0001872416338817447
0.14177341648750985, 0.7922790968973211, 0.00025481597081693745
0.12121709010075918, 0.6030643528211349, 0.00022075957015081562
0.13862700123358876, 0.6239418296086232, 0.00037222722902749113
0.11881458754637308, 0.6270412519437615, 0.0001869823593663529
0.14731271550572866, 0.5646131728172754, 0.0005939103850447613
0.15120066230411155, 0.8211198443915662, 0.0003149118856552692
0.08525868737862884, 0.6991613675807704, 3.491894193569672e-05
0.12122857528624653, 0.6531869809033756, 0.00018825774949450118
0.13146134717291696, 0.7125191443232484, 0.0002259874736008675
0.11372884780593494, 0.8572954240194333, 8.251553101433489e-05
0.11138057645697692, 0.7299262270909348, 0.00010384117399134089
0.09493522512116712, 0.939907227834097, 3.1008189582249576e-05
0.09430190635134703, 0.8722285295046206, 3.496193004327279e-05
0.09142757019004694, 0.7324671193121266, 4.326425328623333e-05
0.09015930920245793, 0.6184577878437876, 5.706795418928101e-05
0.10476566810535302, 0.7448135142714101, 7.617883789455305e-05
0.10837416757126045, 0.6103543570687755, 0.00013166647455760885
0.11618927750715916, 0.6785512198479009, 0.0001447208988050467
0.08117427776101054, 0.8239257770241105, 2.025959796226995e-05
0.16477634730760282, 0.8128957234890717, 0.0004690656749516412
0.046844187946602035, 0.8060949772047364, 1.883990081068961e-06
0.15310973572155828, 0.6408047344549672, 0.0005464202979406426
0.06980473793674766, 0.6663755311662117, 1.5944884512992193e-05
0.0801903257611237, 0.5800881271608942, 3.873598872630282e-05
0.05692397020581102, 0.7303000179283682, 5.410807436578783e-06
0.11315009359452215, 0.6736673334015536, 0.00013066418290379783
0.11995216145238459, 0.8291301090498149, 0.00011152084917774469
0.12333533539807826, 0.6882883701395087, 0.00018289848942008396
0.019535739245733708, 0.833899801923383, 3.753094460588873e-08
0.12565049194203767, 0.686267477667037, 0.0001996648017603038
0.11741162221304825, 0.7386635819046823, 0.00012787961238103524
0.1255881386904582, 0.6247643862257513, 0.00024038497099309274
0.17509245926930916, 0.5315848698962404, 0.0014328390924451704
0.09555819133409496, 0.7178673841010778, 5.470868880552043e-05
0.11333666472245534, 0.7168564443114267, 0.00011623352077399306
0.1062475054788141, 0.7175607552734823, 8.730739023318314e-05
0.10820046475530341, 0.6911904913098649, 0.00010194796062766012
0.10288546612966415, 0.7003071651740979, 7.956947403179375e-05
0.12100400685306557, 0.65175075952093, 0.00018755200526387385
0.08281143595601542, 0.6868835614318005, 3.182709782845118e-05
0.11759193866413953, 0.715362594924907, 0.00013726969316566525
0.15423224181658607, 0.7580513617854625, 0.00040321751249274246
0.07856550680270537, 0.8017548470761966, 1.8531182824267013e-05
0.09925083990865434, 0.5041992335058615, 0.00013103640624425371
0.1135848774268776, 0.7301824657352197, 0.00011311321796400475
0.10210624628488563, 0.713404136989026, 7.415233254221019e-05
0.08291325733604192, 0.5933813393626053, 4.2878899227776285e-05
0.08306481822469097, 0.7399497863840075, 2.7796922901088383e-05
0.16500556359035698, 0.697297611615835, 0.0006413916891035293
0.08260919289587616, 0.6403865956865469, 3.622482526265396e-05
0.11701823964355815, 0.7343425752686269, 0.0001274923560988763
0.14425777985992355, 0.6407971771583258, 0.00042047230067016246
0.139007200588464, 0.7266003213841516, 0.00027780421714343766
0.05468801738894749, 0.6405981315100395, 5.895493299658689e-06
0.10153066823759758, 0.7476640657734719, 6.585378735805067e-05
0.04794859181838016, 0.7741974594463451, 2.2629563898914004e-06
0.14906273016964786, 0.7462575630392234, 0.00035810659548743184
0.09363651538042823, 0.8099608517321801, 3.9300394606141464e-05
0.12779131385303075, 0.6833439245155114, 0.00021691675410036768
0.14622118851137517, 0.7094319874097149, 0.00036407405138733545
0.11076104866486963, 0.6487891464237364, 0.00012825130839474297
0.0961242719742118, 0.7382098890867579, 5.309720483089057e-05
0.07274973560624624, 0.7357608208422711, 1.5687394786700117e-05
0.11711745872312021, 0.5960935982072151, 0.00019421027304389706
0.10328394574921992, 0.7924222483281752, 6.32116298259393e-05
0.0494805663236178, 0.5507316656011927, 5.135684222167896e-06
0.1224620759791384, 0.6746837172632562, 0.0001844898829052272
0.11332438994879998, 0.6181057351021644, 0.00015626555758236762
0.11544441239016831, 0.7615256389341327, 0.0001116960139453936
0.10725000516491849, 0.6811117124768487, 0.00010098977761260504
0.05770036130899267, 0.6652650402597302, 6.9208914404173445e-06
0.1391766483227897, 0.6709707561259101, 0.0003275297520347921
0.05774203687781956, 0.6853191517423844, 6.542525119056406e-06
0.07254555235662034, 0.7001612811620186, 1.7110283264762385e-05
0.09943822495029496, 0.6643258996461995, 7.610940496298446e-05
0.13541429275758776, 0.6912239742952958, 0.0002735597116944095
0.07289200053402317, 0.6825017961261425, 1.8388644905849007e-05
0.10432176416444591, 0.7095668485831464, 8.238135359416936e-05
0.17561499991560936, 0.6533391710798352, 0.0009610800829031273
0.10190724887417968, 0.6696457305283563, 8.344071734051198e-05
0.12277661647812337, 0.6763933874695325, 0.00018564193991786032
0.08706809577174772, 0.6927965576668786, 3.900625526940377e-05
0.16479595120859758, 0.5750195797570867, 0.000937919135276597
0.07328744922707349, 0.725059528466872, 1.6685869259443984e-05
0.07189982607849091, 0.6709638302882676, 1.791307622561102e-05
0.11332174739991605, 0.669568377655384, 0.0001331540509280213
0.07781449063017644, 0.7094279905524762, 2.2689000525496543e-05
0.056758667269921334, 0.6236089064513045, 7.326269865877365e-06
0.11839833242121887, 0.7032578129640551, 0.00014637177599748547
0.15341176908090348, 0.7448301902028036, 0.0004079712295888625
0.13654871595961987, 0.7122134774310844, 0.0002673074434563676
0.13012719321700128, 0.685543597521602, 0.00023340771826384026
0.032171805387807034, 0.7573078728136893, 4.086136388857405e-07
0.10325812309779364, 0.7471231895167062, 7.103102172943638e-05
0.1290203556930111, 0.7311541204209022, 0.00019762608480228928
0.1363263576141137, 0.6218583220019966, 0.00034812423140503034
0.09597412601882406, 0.5721110666856196, 8.7797779021303e-05
0.13213187584958141, 0.649506736307033, 0.00027811987177801584
0.1015175088634344, 0.7109252111944239, 7.279444762187321e-05
0.1538548414337619, 0.6618235612353083, 0.0005233239170861837
0.13172494122263376, 0.6736048882486, 0.00025509074143269006
0.08375561903792747, 0.6807252977956411, 3.4063048151027154e-05
0.08501152197684612, 0.6374958975045854, 4.146802876662776e-05
0.10060367940116574, 0.6931239616194864, 7.359445193885108e-05
0.03281250926750681, 0.7588748282075207, 4.438121147302134e-07
0.08016354091953526, 0.5615380698617071, 4.1276780247050044e-05
0.05633639913081378, 0.667529658905277, 6.18723677931601e-06
0.09133408724180513, 0.663973802554682, 5.2414172945034436e-05
0.11203988982884294, 0.7025830215715194, 0.00011502979813956633
0.11670519825130682, 0.7141525434544095, 0.00013322348974112596
0.036730360001544934, 0.7844906351323205, 6.821834575442781e-07
0.05992394139060112, 0.7307481975581304, 6.774418495071427e-06
0.07456966282998799, 0.7019353213625801, 1.9215216993858972e-05
0.14509939626238513, 0.6534974549222153, 0.0004147694490837434
0.08004484730408137, 0.672805686944504, 2.8566265205586845e-05
0.14539988418233402, 0.49800570725147064, 0.000720740827253098
0.10699051370992538, 0.6871455707365017, 9.817198999207614e-05
0.08587272134227497, 0.8087673791665891, 2.6932808287005797e-05
0.10510040270166766, 0.6833521721791966, 9.177745508881186e-05
0.06778708233763892, 0.7307463099231201, 1.165411175079855e-05
0.10053038714619482, 0.6790398444898627, 7.643349919611743e-05
0.08648887805812541, 0.8165711020292142, 2.72648456455265e-05
0.08311076481838238, 0.7175015662780577, 2.9635497158817017e-05
0.12301868751645777, 0.7782957091076149, 0.00014143256492836037
0.10746809096651998, 0.7132981952789683, 9.290810400384277e-05
0.06360243691494621, 0.7124150012988505, 9.263696355071387e-06
0.05946104109560902, 0.7284205314880576, 6.589076951333089e-06
0.15313957795509556, 0.6662596913485026, 0.0005058987197290086
0.11836231668271116, 0.6152044991031165, 0.00019101439701864657
0.08026920681234266, 0.7305259111843684, 2.45307102279296e-05
0.1486755227024067, 0.816422049323669, 0.0002957945257293729
0.07723924533033523, 0.8038142854211147, 1.7105735512809146e-05
0.04755923633594456, 0.6380823494431349, 3.214000006280103e-06
0.11778501811323817, 0.7707681273739868, 0.0001191007881829289
0.09516585906543196, 0.7288674138075235, 5.2117789440475355e-05
0.11616247866140555, 0.5985081927460927, 0.00018582987186469284
0.14428229852694846, 0.7247080939577778, 0.00032898576281010854
0.09668798088666043, 0.5994674202545754, 8.261781167661405e-05
0.1021518586067647, 0.7370491197235207, 6.960759581747756e-05
0.07831098176567525, 0.6718362797036688, 2.6017090902559767e-05
0.06571206894864123, 0.7689933951472333, 9.178237658756753e-06
0.13350701939158832, 0.83453546782995, 0.0001763170617818582
0.11897434163255102, 0.5554712479448344, 0.00023968303420733122
0.07128828111286349, 0.7721345683745707, 1.3027459596128091e-05
0.06805348772191509, 0.7772660319332874, 1.0480167534467564e-05
0.1206572403091719, 0.6566730029221629, 0.0001824326134373614
0.138383825410612, 0.7534717006968752, 0.00025328383090534565
0.08372030034265059, 0.7161480386193193, 3.071961052655065e-05
0.10882286045232305, 0.6097184909204295, 0.00013436178635720184
0.1424878408005577, 0.7073646189639687, 0.0003268146934753327
0.11166906298521344, 0.6558500761521129, 0.00013009523419305389
0.1280307692181178, 0.8318018092199362, 0.00014760780999408893
0.09696442632307754, 0.8345413329843234, 4.3168295123686635e-05
0.09417938260602193, 0.726753456493378, 5.0072281160077206e-05
0.1104356326549143, 0.6457413573657964, 0.0001277995356499842
0.0729504469019529, 0.735072811868128, 1.5908461721217165e-05
0.08344040423914884, 0.7214228851066916, 2.9829242489975286e-05
0.02144260863945273, 0.768146349654107, 6.663455152442739e-08
0.13192073292311027, 0.8078992564661609, 0.0001784961792536133
0.06836150280084027, 0.6898961989664363, 1.3569674759398936e-05
0.10429636380614803, 0.5295971218310687, 0.00014772670168103542
0.1684117094363937, 0.8392828438842184, 0.0004843811745720091
0.14650557574150735, 0.5473663875666144, 0.0006168334581066323
0.12649012201645093, 0.7230521891152405, 0.00018521480430799153
0.09834482977861421, 0.6414897336828242, 7.774871526545601e-05
0.12389408511614593, 0.7890258048793306, 0.0001419730801350027
0.09601461199713157, 0.6802898858675211, 6.221027572096531e-05
0.1458564857451116, 0.6453246886102856, 0.0004351937165405321
0.15550062633234427, 0.6636898031899146, 0.000545327041868629
0.14182654258432742, 0.6616879058891938, 0.000365925414436733
0.08768272366837518, 0.8389490986224417, 2.7435723239308077e-05
0.10421385997248615, 0.7984000421816184, 6.477343302551422e-05
0.11762028081914078, 0.816070747662328, 0.00010559224129335441
0.08269121534146436, 0.7345931397670312, 2.7649890162839333e-05
0.12506698346525266, 0.6892208190944293, 0.00019394424283521988
0.0492584491204329, 0.8349248938181262, 2.190717146170297e-06
0.16967384653607614, 0.6132532438257056, 0.0009375442466032812
0.07543935159052441, 0.8208975188733109, 1.4784919953338245e-05
0.17089994968843958, 0.6826294381690412, 0.0007810168150829345
0.10031016774849796, 0.8444980261536, 4.8942531481186874e-05
0.17460337537430137, 0.642597801845022, 0.0009685432533240595
0.14109565797273305, 0.6777525697265945, 0.0003409444360667404
0.06816038907707678, 0.7031797160698828, 1.2893603048806367e-05
0.0716929679914735, 0.608306973449415, 2.151875647377355e-05
0.10825899105974615, 0.7597741403940268, 8.457429234761006e-05
0.08721832786613462, 0.6503015656801547, 4.460776099257904e-05
0.0799239705632761, 0.6880644729737091, 2.7132302696589494e-05
0.08075494907911876, 0.5877298077398747, 3.891837622542088e-05
0.060392400036928875, 0.6831013278634129, 8.022647492754468e-06
0.12296223359412001, 0.6940016418431594, 0.00017751725456375823
0.09187409401351748, 0.7006606493686726, 4.830587444516928e-05
0.07910373667432359, 0.5950415391369325, 3.466874528171292e-05
0.07486009539382457, 0.8347592188245153, 1.382117940819526e-05
0.13817961516136806, 0.743693125811353, 0.00025830443891715436
0.08817967350404983, 0.7660743711696345, 3.373225469635458e-05
0.11336388240598956, 0.5609674866630074, 0.00019001121894078975
0.08275284086001984, 0.701514212974658, 3.0418497608396558e-05
0.0612241277169799, 0.6853711796641313, 8.463961682352467e-06
0.11473485954902929, 0.8133850055876081, 9.528691831483396e-05
0.02126862298697861, 0.7730889732484222, 6.346878435387337e-08
0.16275722473741494, 0.7763219878829314, 0.00048714622000380954
0.07215119206631868, 0.6788292247181867, 1.777118067996391e-05
0.1454231835621207, 0.7620159519683732, 0.0003080532690476327
0.1266192692919155, 0.5978551172554771, 0.0002721279363139308
0.09842042100382065, 0.836603751406297, 4.5867095848823615e-05
0.1529999681749883, 0.7752513021926931, 0.00037215408156157686
0.06863140590003286, 0.7430418874708733, 1.1902550782985908e-05
0.11797021987654213, 0.637310967467867, 0.00017541293835563512
0.1164210191696025, 0.7702206113031997, 0.00011331144312366748
0.13024698044044022, 0.7520333868927301, 0.0001947463711441396
0.09527980120019586, 0.818918056932872, 4.1503880956920937e-05
0.12981501707984366, 0.7567716861231156, 0.00018952471853143378
0.10480670007937407, 0.7219497333528574, 8.122014933806593e-05
0.13377553026989691, 0.7091237552593445, 0.00024636512257562995
0.11088054087111288, 0.7345209244630803, 0.00010053586759062048
0.1186230568201991, 0.7551072813511713, 0.00012802437679855085
0.12552792033542076, 0.8675888616961225, 0.000124392853419009
0.14287509520884395, 0.7884218210309327, 0.00026623023168882026
0.15015037386613245, 0.7455542508959697, 0.0003704449121673499
0.1242884043814883, 0.6105681071247883, 0.00024043205135333465
0.06179065826775658, 0.5916341908705632, 1.1828230658091857e-05
0.07373283955906405, 0.6317238901265174, 2.2574571574923165e-05
0.09166451624343111, 0.7034811771603079, 4.744019192859803e-05
0.04838775433570264, 0.7464871335610384, 2.53371229549248e-06
0.1309086090046858, 0.7091629007497686, 0.00022394119823449435
0.02210634714428905, 0.6447841835412407, 1.0814635399416647e-07
0.07834083456039118, 0.678480742731784, 2.5552823687146578e-05
0.14792495002500947, 0.777817251340406, 0.0003187080639196083
0.12024487717746071, 0.5148724584268205, 0.00029232068006418427
0.08585322561225726, 0.7346379490695177, 3.260981186400282e-05
0.10305693940682199, 0.7154947817495861, 7.678790419226253e-05
0.08026771118956982, 0.8140250327224247, 1.9754691209135058e-05
0.08292328220410386, 0.7787944801211973, 2.490558205387931e-05
0.05654291257198676, 0.7358401537779596, 5.174434617972668e-06
0.06232788843410033, 0.6281966539825486, 1.0898764810491053e-05
0.08975617783705478, 0.6604700359823646, 4.9061723422090796e-05
0.0876985583470417, 0.7725944897861792, 3.237646901100963e-05
0.12049844537176044, 0.7060857506386083, 0.00015688064116652564
0.13568687124220838, 0.8883939543283925, 0.00016707872516936304
0.07305121536917746, 0.7532726814763263, 1.5241307447503756e-05
0.11859260804505233, 0.7746416894567703, 0.00012151158703364047
0.10646092409378718, 0.7304688171951703, 8.499620860282671e-05
0.07285457097652125, 0.8284338998525901, 1.2452602215498477e-05
0.07032933893230887, 0.6267425142762887, 1.862894845896668e-05
0.11430779270893121, 0.7076130502646304, 0.00012385339597281668
0.09224989183354118, 0.6450465780530656, 5.802745914100671e-05
0.04534251624116996, 0.6586446140035372, 2.4450532581846254e-06
0.08123388884590274, 0.6978610023117437, 2.83316529070636e-05
0.06716034272282012, 0.6974973844098004, 1.2279410178201369e-05
0.0770479943105175, 0.88771221375542, 1.3873032154208992e-05
0.05642473750626994, 0.7525038921932579, 4.9024639001686595e-06
0.11262465402973729, 0.6544081742146194, 0.000135661224782171
0.1750067583596295, 0.6923163371323059, 0.0008429424922429776
0.06833889874850346, 0.7315096028115605, 1.2052161106362355e-05
0.133328950523399, 0.7213728774852816, 0.00023459238198865278
0.0918009313893269, 0.7328837536883244, 4.399698262092846e-05
0.07711185938192883, 0.7116550492224779, 2.1665065100007948e-05
0.11367477916086074, 0.6286211654909934, 0.00015314753903980887
0.0696618583532343, 0.7375579545169644, 1.2898875187056035e-05
0.057501400328596707, 0.7242671950189966, 5.751131804215098e-06
0.08702911267400532, 0.7574468265220667, 3.256759142488768e-05
0.12584493718717482, 0.7451312387031888, 0.00017052091236619978
0.0835484441903448, 0.7995193148454903, 2.4425124842096737e-05
0.09319974534690771, 0.6290499810823065, 6.382934429051079e-05
0.10847787669125451, 0.6866941583329157, 0.00010445767740830967
0.11280839737463541, 0.5689855478356513, 0.0001807447600278917
0.09494633083435812, 0.8029102633947667, 4.251438467335261e-05
0.11000557598499872, 0.7979650855225686, 8.226645726361479e-05
0.14643621796031975, 0.6725114894390549, 0.0004077743431045142
0.11972743492291474, 0.6699915734108505, 0.00016938673615700002
0.0538128983206123, 0.8367874802481539, 3.2183675199356343e-06
0.07936433470126267, 0.7569849374551546, 2.1734171671756853e-05
0.07350091199712702, 0.6919425442630285, 1.8557259091815855e-05
0.13761437041771674, 0.7005225983618858, 0.00028591850393471467
0.08131448103629209, 0.8292683020447613, 2.015183056046299e-05
0.07679370111480444, 0.7596087258873976, 1.8673195470881342e-05
0.0904424114735323, 0.6738268670365865, 4.8742369509308454e-05
0.07388200602452455, 0.8040125152707163, 1.4060814075495006e-05
0.07076121736620537, 0.6487973808151197, 1.785858408256024e-05
0.11804509051534923, 0.6264399828689535, 0.00018206138783021902
0.0759023744324063, 0.7284040286217898, 1.929055895607182e-05
0.08619458399841273, 0.7215416315050305, 3.4399728269831736e-05
0.04373668237142207, 0.7465353663705784, 1.6240029171821762e-06
0.02298261550849283, 0.7634761919746684, 9.152347187746883e-08
0.13319452223121353, 0.4883045879108766, 0.0005097113341275541
0.12316918886638674, 0.8269508700029716, 0.0001259550655581639
0.16061922253383565, 0.778494348593396, 0.0004570503586711599
0.09849581936572556, 0.887237723461255, 4.091892426424671e-05
0.12822281774276167, 0.8742060218637118, 0.000134519641707975
0.0982837218351478, 0.5975222449666167, 8.936691269731758e-05
0.18842427155061353, 0.802448013295221, 0.0008684287698901032
0.11789142490678958, 0.5533675484058862, 0.00023198519926716417
0.04982051255809635, 0.7256919802389915, 3.0482970899927154e-06
0.07959745125851296, 0.7230618858499613, 2.413077495578824e-05
0.14776678322643516, 0.7000877012348423, 0.00039156061761673027
0.07082917573706692, 0.769688391558292, 1.2742940352574981e-05
0.05723902788688266, 0.784497437040597, 4.8042847054681295e-06
0.11554103532967172, 0.6868020250890977, 0.00013782953284990522
0.15666705150422064, 0.8166897657512896, 0.00037218033166648757
0.0872515263614479, 0.6044570402157184, 5.1717361791180103e-05
0.05773397519034353, 0.801995676041571, 4.774416177828374e-06
0.1417208348250858, 0.6376773451569855, 0.0003927102253887311
0.12698224922285084, 0.7050362388986585, 0.00019815830753621411
0.09376960202062433, 0.87247518480641, 3.4082610414686384e-05
0.10699854934437178, 0.6312957456302886, 0.00011634906204946464
0.09393938217142805, 0.7845909340594224, 4.2482415674052325e-05
0.13124643440793332, 0.5827571070597798, 0.00033540984038944114
0.07172311186012575, 0.759438303536844, 1.3831874749706333e-05
0.08149353817748205, 0.7289631414403009, 2.6332780720448666e-05
0.1097963061176854, 0.6452364969030684, 0.000124771115250979
0.1469906597734644, 0.711662801809832, 0.00037024757064662303
0.13992211135239752, 0.5781855506216754, 0.0004515765363002866
0.08102700237856564, 0.78471501686401, 2.2157102565627088e-05
0.10516290011942696, 0.7960170661202614, 6.781353412828306e-05
0.0757929762247446, 0.6345694819072535, 2.5256604440735328e-05
0.09885195357016477, 0.6576848965154521, 7.565981737066242e-05
0.05756767331581285, 0.7296337739245528, 5.695635902900142e-06
0.1419752280841963, 0.6891279858552025, 0.00033892332074097494
0.10308289321837531, 0.657986170636851, 9.089780637992677e-05
0.07139063147484563, 0.5460224613258284, 2.621599005844803e-05
0.14188246288762205, 0.6870438657621699, 0.0003400034519319786
0.05998951934732315, 0.6172328907159526, 9.541122200584936e-06
0.14085346745445584, 0.7488356407769068, 0.00027718522179440044
0.12229505194980426, 0.7262045121426962, 0.00015828767823843946
0.09342704110383783, 0.798486089924531, 4.0041524489452064e-05
0.11434327976280938, 0.6243285836375373, 0.00015931853282435217
0.15424104468043096, 0.6791606300408494, 0.0005024590900336708
0.15054745442629971, 0.5985544773553071, 0.0005814623005121315
0.10665471239036899, 0.5378747104222197, 0.00015802138421302714
0.09339663576400586, 0.8202298394159069, 3.789240690549336e-05
0.08312280117329991, 0.5753875295635961, 4.6111978390339245e-05
0.10139427220272071, 0.6879713803407954, 7.731864084575267e-05
0.08754927736613011, 0.8908285133157616, 2.417068551490493e-05
0.10946763446750145, 0.6907084039600018, 0.00010745673567840774
0.11089600157097682, 0.7593039935905578, 9.413788453984877e-05
0.042068954891053535, 0.7391028897004892, 1.3963287436316444e-06
0.048172343020048754, 0.7671370341458322, 2.3525030086029242e-06
0.0999129118468477, 0.7187864242122174, 6.638978716097459e-05
0.13678016186884448, 0.671252545593235, 0.000303176618334686
0.09428408299439997, 0.5710555786394196, 8.149632378669809e-05
0.08317684990618059, 0.6878653581420895, 3.235712170626625e-05
0.05239954428929149, 0.6829911889977858, 4.297112650520511e-06
0.13512203573229126, 0.7598724753790286, 0.00022422274269469358
0.13920541100457115, 0.717423649945685, 0.0002867486838703147
0.053510239084258865, 0.6508229949799157, 5.189941243390522e-06
0.12541573688366892, 0.49762717283267766, 0.00037662285725130056
0.12580788159785897, 0.6966251224581002, 0.00019484181680393245
0.11421723799286197, 0.6389452366991942, 0.00015137630502280792
0.09657875298317117, 0.7457840093938696, 5.311519424840531e-05
0.09588130847982997, 0.6183246140308353, 7.484490069201146e-05
0.08193958722342043, 0.6366074256722877, 3.536674514979273e-05
0.13255004397271256, 0.8479776928737133, 0.00016545065722395902
0.06444552392990963, 0.8452145442009376, 6.973970603117811e-06
0.10907744030953571, 0.6919066398957016, 0.00010541553744284714
0.04153762652585162, 0.6679138722581421, 1.6168448563547414e-06
0.10553352210317092, 0.6240029052075402, 0.00011207547221941656
0.15448458598661235, 0.8592751041740394, 0.0003160793425915248
0.10620713653885006, 0.8252710377697696, 6.589446989336734e-05
0.10765541265198604, 0.6159543584177989, 0.0001255528743902147
0.09390683503995428, 0.7307979344194833, 4.889213148061317e-05
0.10046718807817083, 0.6621684371272811, 8.015592551829779e-05
0.11239368166701962, 0.8239062826162531, 8.481538101336084e-05
0.10333567142118322, 0.638574733235749, 9.755366827507885e-05
0.13779500850701779, 0.8065523336305307, 0.00021693425320853658
0.10570992621980232, 0.6297853308105926, 0.00011083838840394186
0.16034964073385646, 0.7439877277941427, 0.0004967450118897517
0.12974729593556728, 0.6928294552756045, 0.0002256034822523519
0.0733815633189142, 0.79836190930537, 1.384040834366326e-05
0.09213514985941526, 0.6184421324286196, 6.27825981197539e-05
0.07959052824559165, 0.7396388574783731, 2.305242206205898e-05
0.10773516615724262, 0.6071568377269175, 0.00012963941240562603
0.1144123784611146, 0.624141706342285, 0.00015983826285732088
0.06895311089148727, 0.7123836235762733, 1.3218283033012496e-05
0.08720032584738416, 0.8105846086526819, 2.8684604427632607e-05
0.1036802618375276, 0.8082601773398449, 6.179115439283689e-05
0.11267057489503948, 0.6705901779194448, 0.00012942487858462663
0.10265544785551159, 0.6644749871481904, 8.751639730284842e-05
0.1309043767663031, 0.7391215142918389, 0.0002061258909048619
0.09403498359565395, 0.6743776240793149, 5.776079832057843e-05
0.08202004758024424, 0.7255827273346186, 2.73426183142751e-05
0.08102271961028397, 0.6273395162383737, 3.466016300860932e-05
0.05692750716955416, 0.6985998483635956, 5.914614673203564e-06
0.06827304350623173, 0.7303365977891103, 1.2039723916574729e-05
0.06642992562548239, 0.7125344448473182, 1.1213849968529859e-05
0.11108963222604551, 0.5931184079657715, 0.000155470007227411
0.09010494395365852, 0.7706823807936612, 3.665295285491976e-05
0.07466556637566368, 0.7690720235461689, 1.6097612580190345e-05
0.1171607778430037, 0.6801347790077419, 0.00014942312486435864
0.03987914646981292, 0.5887807696949948, 1.7391635441251336e-06
0.06609888631660572, 0.7444363561344793, 1.0049974818402701e-05
0.10975210063121632, 0.8054733513303022, 7.992452164048453e-05
0.14058634818144966, 0.6599562865426172, 0.0003539039555920384
0.056177652260163254, 0.7174271261263906, 5.290419206519714e-06
0.11886494087770894, 0.5803060562045573, 0.00021871990941347227
0.055094952955228316, 0.7554201037796222, 4.380067599234148e-06
0.1175976419540016, 0.5997525498153007, 0.00019533298650531544
0.10575826251686385, 0.7119578835370474, 8.690409521263708e-05
0.11234772751483, 0.8024551495798876, 8.924979891414499e-05
0.05546007400751877, 0.660327313747912, 5.901485312062384e-06
0.14745106012050566, 0.5287290259494493, 0.0006800648816117721
0.13670511366285584, 0.6481381427751745, 0.0003244021186080189
0.06691378398958987, 0.6533314457196131, 1.377105996764443e-05
0.09049848803639295, 0.732143472863916, 4.139952235826959e-05
0.06802145998177547, 0.7070209015871645, 1.2639897949108531e-05
0.08442590215589738, 0.8083159865516202, 2.5020540384429706e-05
0.08422982875833948, 0.7206318065619124, 3.115939967666232e-05
0.025174653046259696, 0.7990953373067295, 1.2474067132959618e-07
0.07087420934627794, 0.5898166315236214, 2.1761061036508808e-05
0.09006152795436521, 0.7899657949816026, 3.481146420498235e-05
0.1297462766980848, 0.6440266034638431, 0.00026108135551639836
0.046612013720745936, 0.7528950416034492, 2.112942272385627e-06
0.13060118702081927, 0.6999447610820708, 0.00022751273385090295
0.03655697952119895, 0.6140833661493383, 1.0903867708111764e-06
0.08704138748452638, 0.7654500205475124, 3.1909923444859136e-05
0.10295094054385426, 0.7066344013096493, 7.836998181791684e-05
0.10233510590279112, 0.5658889194653518, 0.00011901780798784373
0.10105309442636554, 0.6911595155277869, 7.547925910129851e-05
0.11537157798170433, 0.7217706796630425, 0.0001239944621951428
0.07255871216698259, 0.7711109546034616, 1.4117774519088981e-05
0.10604794333739781, 0.7029675444908335, 9.022050419989738e-05
0.08751741937645274, 0.7889907219227514, 3.076365402908747e-05
0.0878562774648294, 0.6988779102093546, 3.988077419867446e-05
0.14678585099413968, 0.7071192108577918, 0.00037272719648209925
0.06418821382702125, 0.6625658665908933, 1.1150929215783322e-05
0.03387320647072603, 0.8117467587159624, 4.461619522475912e-07
0.11983404687655991, 0.6511442822786612, 0.000180038103182596
0.09038606552829326, 0.6175612592189137, 5.786984649068438e-05
0.1153507961421865, 0.7359111891672615, 0.00011918063871060816
0.07933529015236779, 0.6993433257744743, 2.5423611973186736e-05
0.05801082042184573, 0.7515927215237366, 5.551884197217293e-06
0.09481042783873724, 0.6811954760780523, 5.8693398219688644e-05
0.07899662846619426, 0.6473498558054835, 2.911826092135913e-05
0.07842716010776563, 0.6358199552810574, 2.9238166939077918e-05
0.09615445126609633, 0.7046482000372344, 5.835613710148794e-05
0.08736254047762003, 0.6226890181586807, 4.900660359950594e-05
0.1418345851771345, 0.5910059661058423, 0.0004588001968068213
0.07601662069911491, 0.7960327327489489, 1.625929479616269e-05
0.10108183599582113, 0.8265557902554884, 5.284249159734134e-05
0.11274323651070739, 0.7780517661787316, 9.641555424789604e-05
0.11850162686076805, 0.6155004440176811, 0.00019182099155139992
0.09312831310025876, 0.7551261936037673, 4.4145502693028315e-05
0.14034722368590336, 0.8241012509347694, 0.0002252690795583742
0.10611252089771613, 0.7195578739479696, 8.6339120144265e-05
0.14750948462145053, 0.7490696941674087, 0.00033941357210725594
0.1027511654113778, 0.7716189445520836, 6.516611967257097e-05
0.13558494219761913, 0.6647048536567493, 0.0002974668828040027
0.13909216566359667, 0.6940066069008964, 0.0003053306705208408
0.13062328781016536, 0.6758501018088746, 0.000244205711843205
0.10514825292936653, 0.6311002005586386, 0.00010781975230051685
0.12005156256848491, 0.6453180091697676, 0.0001847722391521978
0.09208407200564424, 0.7536594343709898, 4.217231933613913e-05
0.09543010047399136, 0.6586374648633732, 6.460835927226889e-05
0.06544447394100417, 0.779458818081885, 8.774465377410683e-06
0.043259778316146136, 0.7901733839623255, 1.3813126129425918e-06
0.1455504143200016, 0.8042062654404113, 0.0002776451906365288
0.13976274220955967, 0.7472811736879662, 0.0002689800267638988
0.11292052849590445, 0.7316204658554482, 0.00010979813794267187
0.0803294395150247, 0.6941378790511942, 2.7259836702905448e-05
0.09686658545757562, 0.7192139686919283, 5.7864903162584136e-05
0.10880675984940584, 0.7651713635314864, 8.525784328280674e-05
0.10139090620013702, 0.852406411723348, 5.0357956930116655e-05
0.10082109672860319, 0.6695162118864827, 7.962875733226217e-05
0.05937994546241336, 0.6541172686774444, 8.122126759349027e-06
0.09278506463523045, 0.6911223970856009, 5.1851281071587685e-05
0.09683134919278033, 0.8118681425062898, 4.5338299025591376e-05
0.11476325284354283, 0.6696976095093117, 0.0001407151755693037
0.1201323528043163, 0.7223610613667673, 0.00014789761370634382
0.10646481115247584, 0.7261822504993168, 8.601643232000766e-05
0.10360377689238466, 0.6468002952327783, 9.617851455408346e-05
0.08187428919689575, 0.5751080913733859, 4.318332998644997e-05
0.111766201430276, 0.8120400400346347, 8.518775423504863e-05
0.17585248356555228, 0.6781251146126666, 0.0008974281057695215
0.06045551298207708, 0.6189941279219325, 9.815464251381047e-06
0.11215021184085715, 0.6645047006275606, 0.00012914875222429272
0.08507659605061924, 0.7292555385560935, 3.179588283325224e-05
0.12814363464494544, 0.6631505473906179, 0.00023313560219542277
0.07147868809698812, 0.7461294702048946, 1.4116090384831674e-05
0.1084906966942034, 0.8398274117740473, 6.987354816469875e-05
0.11510544619437414, 0.5409180954072814, 0.00021853686895983602
0.015743494316646456, 0.7616727732867581, 1.7404999430811253e-08
0.08767512326619233, 0.8150410341510758, 2.9057820930788917e-05
0.132102015840102, 0.8351097312886959, 0.0001680661941983249
0.10244398066665732, 0.8145083698394592, 5.771851573655805e-05
0.09421109604579005, 0.8173877597220234, 3.964228553452996e-05
0.09271314839344742, 0.6844651541722351, 5.268476647719264e-05
0.08014332737039785, 0.5583369861011569, 4.1705134547131243e-05
0.10494916352273784, 0.6539660902869168, 9.957789839417512e-05
0.14477069888901442, 0.7553967327393579, 0.0003073340261131791
0.07980822184781083, 0.7221827065420827, 2.4472668120297472e-05
0.07413197501838872, 0.7917262557863516, 1.471771243559386e-05
0.0903078533845338, 0.7298403102118945, 4.12764642847327e-05
0.07933838851748802, 0.8390848132674509, 1.7663673387342462e-05
0.10888105222878063, 0.7895119696521655, 8.032275953197718e-05
0.04784473071747047, 0.6056708239108038, 3.6623740176775594e-06
0.10426423276030804, 0.6219793738105776, 0.00010695706558504056
0.13266312481142906, 0.8488500374888592, 0.00016573145092912094
0.07839925812343951, 0.7681781058428346, 1.9999292884580212e-05
0.07764411185787985, 0.7053107158802119, 2.2734345181197837e-05
0.11820969224969392, 0.6645737835161764, 0.0001627620190230042
0.1140737507231588, 0.6578512191645809, 0.00014201286957706214
0.08305446771090685, 0.699493565955089, 3.108820488028041e-05
0.09810827399111251, 0.667034609170038, 7.11498447039098e-05
0.0974926638961564, 0.5714503705702536, 9.42942875757803e-05
0.09625125671724032, 0.906407889853406, 3.5424745652772076e-05
0.0698185683055632, 0.7717058327702322, 1.1899657538377544e-05
0.1317881478473943, 0.7228810572723905, 0.00022196687500886366
0.07539917574842404, 0.7070268128297268, 1.9884155986574255e-05
0.14393169825693258, 0.6819395106595106, 0.00036758905224632405
0.08805885180378573, 0.6035756322376075, 5.401368186698231e-05
0.1290085289459621, 0.716506338192267, 0.00020570596515758012
0.08735842425009037, 0.6932128648723721, 3.953427263802006e-05
0.05453348920886642, 0.7390652160879226, 4.374403393712167e-06
0.09730195074099837, 0.6561945064477955, 7.089825146437653e-05
0.09851711325698001, 0.6732692888380762, 7.112784809406603e-05
0.1250145614137283, 0.872864929610468, 0.00012069755012217999
0.10890514263753874, 0.6853671087998053, 0.00010669210605713869
0.08417895319283122, 0.705892271141597, 3.2388030152362665e-05
0.06256283683750546, 0.6340472140296691, 1.0877147187243904e-05
0.12074081189303758, 0.7679139669707, 0.00013381314185576874
0.0479170653947602, 0.5756907340962167, 4.080791005838911e-06
0.1596097187638975, 0.7969145500136806, 0.00042423202209634735
0.06839713451898846, 0.7522242396829281, 1.1440316560245894e-05
0.06198850821698595, 0.7539232489085369, 7.3872167011981215e-06
0.0835992482497131, 0.8444923665132364, 2.1951534168527418e-05
0.12375430309426567, 0.793671746534729, 0.00013962057275161076
0.12026177309904358, 0.8197293747096861, 0.00011539483020275046
0.11772697013205659, 0.6052923634874736, 0.0001927035708313774
0.11855046212499365, 0.757364382607628, 0.00012692011243666071
0.13373847308737008, 0.7194822428532585, 0.00023903072217687298
0.07015597010917535, 0.7065443401630539, 1.4500114939585846e-05
0.09897518234523726, 0.6387543160199532, 8.065178211509885e-05
0.11502576777934154, 0.7526710790831636, 0.0001125263051579442
0.10438998046180843, 0.6524369634964354, 9.772092589608422e-05
0.10336565093478636, 0.7496330200884808, 7.08800399707256e-05
0.073802357010218, 0.7263268143069318, 1.7147892914790176e-05
0.13147994509241864, 0.6834158612544478, 0.0002457976072316051
0.10181445753687371, 0.7816371124771231, 6.0998217082917026e-05
0.13268581782656103, 0.7623468725500195, 0.00020563094711650954
0.08901200393714567, 0.666189633715925, 4.648832528699454e-05
0.10468833867294068, 0.842355693338442, 5.936458292039255e-05
0.0691873927456019, 0.6876655628485453, 1.4398922385544517e-05
0.09563821205624194, 0.7834150301600168, 4.6106321193938554e-05
0.07311472720899229, 0.699614182883991, 1.7736588425767016e-05
0.15299992487353142, 0.673194831804236, 0.0004935438084751085
0.10718265933885597, 0.6418317104932141, 0.00011341525695970986
0.08917429023617056, 0.7250145305806344, 3.9566440855331875e-05
0.13240788862776326, 0.6371535545725985, 0.0002916746343722414
0.13919390788608815, 0.6497957545323443, 0.00034941469094944516
0.11420153702333966, 0.7702073847015833, 0.00010411351676091117
0.12657133399064943, 0.8080383373074989, 0.00014872279434355475
0.14202285490967476, 0.5874032758098098, 0.0004671640535641244
0.10038636264164068, 0.6957077974734228, 7.23570606855607e-05
0.03137979061055973, 0.5776695789770976, 6.293135516501038e-07
0.09097994168285951, 0.6357821999692022, 5.619660063726053e-05
0.09940775470097243, 0.6644145078896697, 7.598657110971327e-05
0.13602010294485944, 0.7230046151234264, 0.00025499836425064656
0.08636886712679716, 0.7091653026214553, 3.592880076299501e-05
0.10805203255112608, 0.6763472087664752, 0.0001058306423822167
0.11025865512486635, 0.6115501137155535, 0.00014148735716128593
0.13394089077252785, 0.7420743674918593, 0.0002261981458184861
0.13517501890241823, 0.6461153291504907, 0.00031066343428706326
0.11030960056620774, 0.5437042432807173, 0.00017936554648953804
0.14621215938437734, 0.698539655978231, 0.0003754145722532344
0.08828106413457355, 0.7168827247104109, 3.871568332355365e-05
0.10298912901796427, 0.6342523523727017, 9.743698099096e-05
0.06184272182322449, 0.6101423164350032, 1.1162807211263742e-05
0.07809561374340243, 0.5393593207331647, 3.988106495362202e-05
0.1141492572279433, 0.804098256599324, 9.53299250405221e-05
0.046536271430905024, 0.6763216700654244, 2.5998138942751556e-06
0.11762050189832868, 0.6973448027303383, 0.00014460925357478183
0.08365955049591978, 0.6956630062401353, 3.2451621098415576e-05
0.08509421336763237, 0.6628613049131613, 3.8519503889976946e-05
0.08368456749447377, 0.6704426424143114, 3.498503340621453e-05
0.10300784833814126, 0.7541236820788016, 6.897792519518418e-05
0.03149580407452934, 0.6421651356040899, 5.175881581017276e-07
0.08334373019131791, 0.7036510052080502, 3.1195516639669395e-05
0.09011968663862542, 0.6081326353297801, 5.8908211483751924e-05
0.15324836274113268, 0.7257811498706266, 0.0004276576439056859
0.0725538441222208, 0.7392829956863485, 1.5355018516769323e-05
0.0868340455995843, 0.7089177899836107, 3.681377066461791e-05
0.1403328069497628, 0.6056927364184437, 0.00041683262104558584
0.096027358914832, 0.7865480615402662, 4.6564323570342256e-05
0.12041171408053082, 0.6618790007811688, 0.00017797177921283523
0.12440074637998588, 0.7125906733906309, 0.00017721756621611286
0.09487106527927296, 0.5601736206570054, 8.703806147219378e-05
0.09700547609739249, 0.608117004950061, 8.145075380530408e-05
0.14803403745354496, 0.6935579430418488, 0.00040215305078144717
0.08329585445869422, 0.6780294641901763, 3.351287362990973e-05
0.10525720867855373, 0.7501810714635878, 7.665523650750869e-05
0.12169774806313882, 0.7799669571815012, 0.00013429401954292094
0.039166020168444705, 0.848451662453086, 7.735942576599983e-07
0.09418908262138115, 0.6708558369477816, 5.879088343433291e-05
0.10264681560189168, 0.7840427850589344, 6.283570433117023e-05
0.13897575991134603, 0.7465520361993769, 0.00026289212752713314
0.08939062545142572, 0.7757585100325999, 3.492991223705873e-05
0.0590866417392048, 0.7548708679016782, 5.9672401652119185e-06
0.09001831538896571, 0.7222051987733548, 4.156239389153799e-05
0.08422390707544133, 0.6466637470541703, 3.868339285459353e-05
0.11569865131930439, 0.5826638421320032, 0.00019265232962907642
0.019281353071109494, 0.6819420070846973, 5.2975619283446736e-08
0.12186737366932558, 0.6381856418245666, 0.00020182577428610077
0.091876157322369, 0.725891455983297, 4.501061510055278e-05
0.16210015036480285, 0.6918871965069074, 0.0006024796010770088
0.14383535013409518, 0.5789855602702202, 0.0005084394323583603
0.13154121734016933, 0.7094728690896829, 0.00022854224121157007
0.10588964225438197, 0.6574754702302466, 0.00010246182924092467
0.050924919085768065, 0.7246289899731698, 3.3668829412924197e-06
0.061618204847609284, 0.8050436846027559, 6.310253197861927e-06
0.07112912894487693, 0.7372673063938502, 1.4148972509967798e-05
0.06844151169576013, 0.845066592110023, 9.090551715814379e-06
0.11652233235217022, 0.6396472123261913, 0.00016492451584789307
0.11525414673612343, 0.7184215712449686, 0.00012459368552074102
0.11190346632952053, 0.7690627473843791, 9.548912650720335e-05
0.07114849101791765, 0.5173684595517628, 2.8767031610815495e-05
0.10517048195296366, 0.7261133656050818, 8.15248554419217e-05
0.07518282948161438, 0.7438916956899935, 1.7736527938844105e-05
0.10594275968920716, 0.7445179410378254, 8.008094713506099e-05
0.11531729137768913, 0.8033986931819029, 9.987094518986768e-05
0.11570661392719689, 0.6997325382473342, 0.00013362193904073834
0.10540171273473357, 0.7455467222596416, 7.80810969570216e-05
0.0910804135389221, 0.6219966160420941, 5.900106160937186e-05
0.14614925284317215, 0.5326030412497589, 0.000644560445392016
0.0705401746970197, 0.5127099092723302, 2.8206110992257347e-05
0.08144410564819497, 0.783144026910199, 2.275438569056749e-05
0.15202644959558428, 0.6436383465428391, 0.0005249601656173793
0.12694098437567022, 0.7353157771425923, 0.00018191408236834032
0.12508301220083923, 0.6694521718018825, 0.00020568349571747663
0.07820670160116958, 0.5901771948373481, 3.3517723676994684e-05
0.13040799609575654, 0.5960953264946125, 0.00031165423839799505
0.07433457649707005, 0.6415382980707766, 2.2686137306814104e-05
0.11060710895646356, 0.6662747213972813, 0.00012086612656977521
0.12259853934310626, 0.6623862872049252, 0.0001923439512015108
0.07196818246105903, 0.7753008120921512, 1.347236289527814e-05
0.07307406012691403, 0.7988941504833253, 1.3568931895462352e-05
0.07599125678360455, 0.7214504831363546, 1.976572730773569e-05
0.126991232447169, 0.7654363122399007, 0.00016817143185909864
0.10252493505388521, 0.7301498575694828, 7.207616984097351e-05
0.12127285659812896, 0.6725568397727109, 0.00017785569781146273
0.04887256988704948, 0.6033219434079935, 4.0527930741445805e-06
0.08862848301628684, 0.6496437362415077, 4.7966494037666965e-05
0.10076524003838806, 0.6621168988807462, 8.122015709411724e-05
0.10209579190795204, 0.7801858182190546, 6.197325384717262e-05
0.09769026122724102, 0.5943276411540149, 8.795481736374859e-05
0.08849646576024417, 0.6989105704357051, 4.117150640397736e-05
0.09383773890339508, 0.6352090465618369, 6.450504757760676e-05
0.11071574574290395, 0.7528247278984826, 9.508225211776586e-05
0.08094112576596238, 0.743485774261515, 2.456774120965143e-05
0.06535006368730872, 0.6858604356413807, 1.1260997494417393e-05
0.11457745564181247, 0.6859656638726936, 0.00013316727321725273
0.13477412437932146, 0.6918236385541723, 0.00026745072908327603
0.08875915620536268, 0.6027717872587122, 5.607870664974251e-05
0.1344817093954187, 0.5983135637308903, 0.00035418190684708025
0.0842343405029759, 0.604302851202025, 4.432094404606673e-05
0.07395408583591823, 0.7604129100576367, 1.57870322167746e-05
0.08609476450152549, 0.7237022572212731, 3.4020736357256186e-05
0.07780202528272079, 0.788709837244602, 1.8343886399528972e-05
0.055545675444848785, 0.6783551996756981, 5.630055685707122e-06
0.18611209082346597, 0.7328176694257289, 0.0009862391084857062
0.07091223297516966, 0.7567758021169428, 1.3249653847613035e-05
0.07791016738150217, 0.7349004801398291, 2.125803116244088e-05
0.08858044749475406, 0.6711520842949187, 4.4834325279410596e-05
0.129123223519133, 0.6203745486506903, 0.00027547179224031204
0.17280392256425536, 0.8498183285894321, 0.0005291143434029238
0.05288992762479436, 0.6922354846433477, 4.358120773334138e-06
0.1148211917984885, 0.7840443334558342, 0.00010289201631843165
0.13289844522495436, 0.6924620398500353, 0.0002509929461666084
0.07529975759164935, 0.7439226437402514, 1.7856736273591134e-05
0.12376585452912164, 0.6867452466637313, 0.000186559895436712
0.07199543962749724, 0.591487153445419, 2.318553977978309e-05
0.16427306265367142, 0.6468157413497032, 0.0007309651869495226
0.08778736804638075, 0.7063174689315621, 3.8910510438832815e-05
0.10947057029264333, 0.7304170207410835, 9.61020389094841e-05
0.0899995251502869, 0.7036004848880202, 4.374924839977282e-05
0.10117583315964401, 0.7830404700619814, 5.912012636724289e-05
0.12241555997706391, 0.803144509858257, 0.00012997494754267514
0.11945325550837427, 0.6156155691293662, 0.00019861766170685305
0.11991222532152442, 0.659485380809529, 0.00017601706997103132
0.046832864188747235, 0.691511654189406, 2.5573493140127114e-06
0.0771053834377224, 0.7328535446268339, 2.042227861798872e-05
0.030876873510921193, 0.7091140041913985, 3.8897382247103885e-07
0.08700067264925745, 0.802307229677608, 2.8985711912795514e-05
0.06270796187496747, 0.848271692285507, 6.139256307694061e-06
0.11117888591984651, 0.6616433846226748, 0.00012537650127131058
0.12523179222118594, 0.7932701510666136, 0.00014725426860131205
0.11341977121944766, 0.723779829461839, 0.00011438880416401052
0.08781085481727903, 0.7447810162427, 3.5036506985989026e-05
0.11308676692297974, 0.620889629517224, 0.00015344366124007709
0.13436603229977545, 0.6905957188488725, 0.00026484507607729186
0.11260163766128146, 0.7360826939077063, 0.00010712957774049817
0.131721732582283, 0.6894287041477414, 0.0002434893030626968
0.08272929918253129, 0.6031014997507494, 4.1104199967405175e-05
0.07854338059882342, 0.6989488717016811, 2.4353269582051996e-05
0.06448357444509051, 0.7176898609354652, 9.69769072374577e-06
0.050188865366446546, 0.8143630142848928, 2.5003584655340897e-06
0.09177588984655634, 0.701791610333931, 4.792425946566481e-05
0.09454314042218051, 0.7833567368383734, 4.3834780652289184e-05
0.0795356131247767, 0.6373350269239418, 3.0952911725407855e-05
0.03856446819179802, 0.7126515142502462, 1.0243203441175364e-06
0.10298279203309076, 0.7196179650201469, 7.567046742344051e-05
0.08022090462216225, 0.7956999939042309, 2.0622078223337384e-05
0.12083703222677318, 0.6275198663856097, 0.00020109031751505858
0.10978385565908286, 0.615994708443973, 0.00013682997361717556
0.09411926593133153, 0.7196922196086092, 5.0916415222688364e-05
0.09547939669082885, 0.6935903339826203, 5.839321187950746e-05
0.08636735858677867, 0.6428073540470567, 4.372628982940112e-05
0.11053412441041564, 0.7351179074155391, 9.900017086452515e-05
0.08995898429381098, 0.6993117120809721, 4.419979791910321e-05
0.11926885396398687, 0.7614719125919726, 0.00012893686989846388
0.061793129550450986, 0.6852647966245655, 8.818320787631829e-06
0.09211873455328133, 0.8199155727917549, 3.5690995843034905e-05
0.08335514758293874, 0.6747187744173758, 3.394868655793523e-05
0.07217008424913378, 0.6755839821594273, 1.7963003024294628e-05
0.12908117711321193, 0.7163669354618014, 0.00020629640876791165
0.08498568419282714, 0.6337426102529443, 4.1904579896543034e-05
0.09920433430521072, 0.5963848659438091, 9.346467851707694e-05
0.10211641338401767, 0.7014624749431289, 7.673216337800394e-05
0.09035530004141312, 0.6589876388829732, 5.074664592704435e-05
0.0863597519136318, 0.5972611595227838, 5.062994430465269e-05
0.12339520701638662, 0.7276217581787034, 0.0001640087514450585
0.10768681321127004, 0.6328545743330677, 0.00011908941450004144
0.11467931661399422, 0.7414354171476703, 0.00011443362754292311
0.11632256931134183, 0.7599928014490601, 0.00011594939291433414
0.08723976554140568, 0.5712873162505958, 5.78629389073464e-05
0.08513539309333097, 0.6199542571095755, 4.412972740183872e-05
0.07558154711008917, 0.66107035481994, 2.298793464595629e-05
0.12996589074698323, 0.5838594817558783, 0.00032003577465679377
0.10514607753136285, 0.6497349126735907, 0.00010171453644430342
0.05158981996440514, 0.657142734188759, 4.334391443933545e-06
0.09591254451096387, 0.6585289952423248, 6.607967670721369e-05
0.02408668627260868, 0.7691670398337977, 1.1085202019741721e-07
0.1432344924267261, 0.6295462008850793, 0.00042220189789168145
0.06986853943577336, 0.5941123499559482, 2.014039858307466e-05
0.08674285550133208, 0.6908940446571514, 3.858081016423894e-05
0.09648243464422794, 0.6202811984925112, 7.644709376397144e-05
0.10557092666275261, 0.8125147465780007, 6.620616947902867e-05
0.15616812244049932, 0.5968018715542271, 0.0006872457387053598
0.1138217031926702, 0.683181309267059, 0.00013040201326154345
0.13074682482318772, 0.6460673734749475, 0.000268353547986781
0.07467740346268206, 0.6507000776816818, 2.2502807237968628e-05
0.11720056578713284, 0.5171838748364381, 0.0002588014242944472
0.08382564081283786, 0.7269630329306652, 2.9977783895648508e-05
0.09706907972202407, 0.6915829116912338, 6.315873216453972e-05
0.09650737677602156, 0.569646194250436, 9.074479938744603e-05
0.12594156700609507, 0.7691941613208181, 0.00016056021709246192
0.057907564132771934, 0.6960679455280483, 6.422408623009982e-06
0.15886043233809954, 0.6683139132906418, 0.0005908457944009036
0.0432171446004202, 0.5735484322635869, 2.6104321388268345e-06
0.10389286203731539, 0.6976398828887299, 8.369132076600558e-05
0.10894926086924284, 0.7755492336753897, 8.347069303738918e-05
0.07418673500376509, 0.7148965308973968, 1.8109858332416575e-05
0.08270133627188887, 0.6294186622753166, 3.768268014895338e-05
0.12758671674664476, 0.7156614622815948, 0.00019637882874059783
0.0878750405460831, 0.6473585676182313, 4.652479474706266e-05
0.11429330637301732, 0.7666838881632019, 0.00010544469343864871
0.07305392419611069, 0.7474557222582421, 1.548198254437203e-05
0.07447078904583412, 0.7805865261395859, 1.5447635012734195e-05
0.06465838364320589, 0.7546473710841908, 8.876200068997374e-06
0.05851652237388991, 0.7617063150565657, 5.615859329368812e-06
0.07178028784868544, 0.7518702487165894, 1.4161294585411034e-05
0.10452043756634498, 0.6526170380598336, 9.8205191279611e-05
0.1056083886120949, 0.6199374324900648, 0.0001139051099291471
0.10318613656060359, 0.6824116930839013, 8.48803041028552e-05
0.06266616658305342, 0.7760486450691809, 7.313643280066263e-06
0.10155254070065081, 0.7515837313400171, 6.523049076084215e-05
0.10410173449520077, 0.6452285486898601, 9.870832808913548e-05
0.06950237919757778, 0.7512014475811795, 1.2309817652065438e-05
0.15123179170448975, 0.7036078472490248, 0.00042927359652744965
0.12128464927495734, 0.9668554484736129, 8.60970915136454e-05
0.097872463815952, 0.6522736150946417, 7.362284027493533e-05
0.13278316394287815, 0.8194057788720872, 0.00017856531664813777
0.10787910506548602, 0.7866695402705027, 7.76793355035756e-05
0.08987851332577426, 0.819214341668164, 3.208164851616709e-05
0.07556425039547449, 0.6459863407204535, 2.4049790211692704e-05
0.09812984775536257, 0.705435074123484, 6.36761430173148e-05
0.07894993473766604, 0.6164974981237793, 3.2022193069918356e-05
0.09983302798855558, 0.755425069839236, 5.9894891505016923e-05
0.11915872091732557, 0.7475500929427635, 0.00013324133072610417
0.12666714730085515, 0.777282184457332, 0.00016126125115669687
0.11415059492913221, 0.8255736696992751, 9.043951384747205e-05
0.10108730475612955, 0.6179458061012328, 9.45649582301664e-05
0.12657596336771973, 0.663301300409925, 0.0002207443833503128
0.1347925720884326, 0.788827392779461, 0.00020584112957504686
0.05930093553541525, 0.618609134615151, 9.028259576425003e-06
0.08689558857730902, 0.7830021766827342, 3.0271222963770482e-05
0.1442812721225161, 0.772370159084353, 0.0002896268100939061
0.11705254690654941, 0.4870738877372681, 0.00029016967313291926
0.059442935329404555, 0.6734111380407596, 7.699214044194536e-06
0.11522834180053691, 0.9294716370727181, 7.436260364096346e-05
0.04041989243505823, 0.6418575793555367, 1.5527703312511256e-06
0.010210375341870803, 0.7390027216268824, 2.750789348572677e-09
0.11703339639547355, 0.5843890848147103, 0.00020143033009325655
0.10567122694863916, 0.6598454875533599, 0.00010080709395898973
0.14299326572767235, 0.610654911772457, 0.00044541286939524943
0.034519307923673734, 0.6758391719735528, 6.994430011142776e-07
0.12227819731227414, 0.8323184614167538, 0.00012042663816768444
0.11627435969445947, 0.8535776297432003, 9.175067260637832e-05
0.10990516394117, 0.48856891862489404, 0.00021857166484887586
0.059725099124980086, 0.7215958970617067, 6.846491216116047e-06
0.0834906467993954, 0.5765780790212188, 4.682265927904801e-05
0.10026513936449068, 0.7297328489001951, 6.541810147617703e-05
0.11440000471435817, 0.640738269782471, 0.00015159300262101028
0.12740002923330354, 0.7421474484038052, 0.000181439324995623
0.13197619959813484, 0.8350335366398833, 0.0001673935737097161
0.09751522627320419, 0.811180857914443, 4.684348677435367e-05
0.14869990895576837, 0.8246429519207423, 0.00029013564348991696
0.08983772936124432, 0.6357474644810401, 5.3163699775027453e-05
0.13517853063138596, 0.626906272967293, 0.0003300309278264034
0.09573519024795887, 0.6990476513142821, 5.81657585067512e-05
0.09981161008321612, 0.5787590197277539, 0.0001019452563457733
0.08771605571489988, 0.6800151576134067, 4.182892731003624e-05
0.10388890974474661, 0.6826630097721732, 8.738916399629483e-05
0.1375279424316171, 0.7158850033191689, 0.0002730231845395169
0.0958655461175088, 0.6063543290463611, 7.777287522511825e-05
0.10013043787365938, 0.6796294404292303, 7.497430310105733e-05
0.15665152903583773, 0.7822998230799674, 0.0004054448995999423
0.11540875991793956, 0.7077281749526734, 0.00012914676563413152
0.0920369805088059, 0.7362813767984107, 4.4087214386743485e-05
0.00991651187826828, 0.5962392665935937, 3.7162427020879255e-09
0.11416278423251873, 0.8147485461245711, 9.290235801772388e-05
0.14416152748836464, 0.6316540589194884, 0.0004314640006347914
0.0467717791328896, 0.609319253470169, 3.274954052545793e-06
0.1402967537212803, 0.599670351465593, 0.0004247665216197904
0.07400659178688661, 0.8038557333589639, 1.4170965744583155e-05
0.12029803821206904, 0.5600814861373165, 0.0002475147366407892
0.10008852667924044, 0.6261957230864704, 8.815290063836406e-05
0.13460057059426192, 0.7076263874775206, 0.00025419337204184454
0.13056134447471207, 0.7148742638895768, 0.0002178165487265821
0.07764580449173848, 0.8807706321191329, 1.4580063661435823e-05
0.11483170197997807, 0.6151681108090004, 0.0001672053603820004
0.12450732716808248, 0.6852200234605896, 0.0001923815461371502
0.06554484877987385, 0.7080647240149409, 1.0705073913866286e-05
0.10292882109707832, 0.7732525856751696, 6.53861744806484e-05
0.1301747718758178, 0.44126747964419377, 0.0005642610646714503
0.12509126658573982, 0.680044117665675, 0.000199384078735247
0.07114492220291237, 0.7644259475787583, 1.3174321431997832e-05
0.10017181109324486, 0.7341783831791784, 6.436399973893784e-05
0.10675640112428846, 0.6384683257588555, 0.00011262127831007607
0.1429181357076706, 0.6235232848142501, 0.00042623082139354844
0.09322639548432451, 0.6532322622020685, 5.926547567522092e-05
0.051390256902379326, 0.7282390359328803, 3.469712239056722e-06
0.09103419227021939, 0.6053722010717797, 6.214711015813075e-05
0.091547539132547, 0.7030521684381097, 4.7231981022674014e-05
0.04873708351770109, 0.7109463973277265, 2.8831958493999256e-06
0.09312784593284583, 0.6957633563876293, 5.199874319980504e-05
0.11399931827684488, 0.5825531645783338, 0.00018057793575101274
0.11100839966854173, 0.8610002903680113, 7.354023360237658e-05
0.08595487811195093, 0.679157820020656, 3.835436638232998e-05
0.08247867749107785, 0.8634847259671139, 1.978609123833425e-05
0.07631376538733944, 0.679846370857795, 2.2677595954500626e-05
0.048149206335256364, 0.6471182710912403, 3.299064127218522e-06
0.1558126962224023, 0.7662309718023653, 0.00041276132709061223
0.12980006354505652, 0.7303903419992815, 0.00020335995435623918
0.14374062943864394, 0.6205430917939675, 0.00044133868110651943
0.0836415515883105, 0.6797547446660556, 3.39561588346537e-05
0.10104344236314881, 0.6672287611234587, 8.095658261838197e-05
0.07460206387976663, 0.657291181467353, 2.1956038960944993e-05
0.14459410531142958, 0.7635788119404725, 0.0002991718645246918
0.11567110845917095, 0.7006665876246292, 0.00013308607888381127
0.11310578092533918, 0.544140296646061, 0.00019992967065376
0.10928485316125248, 0.5610998849746696, 0.00016164021494263355
0.11782978855150618, 0.8648521685529476, 9.475553157407521e-05
0.015328201805595285, 0.8035307181094498, 1.3903439487532664e-08
0.1088446228757141, 0.7183058630627938, 9.68942001269415e-05
0.11994188682772505, 0.8324291474992676, 0.00011059696177206673
0.14738697252582014, 0.5859674213869942, 0.0005526357642695609
0.10417100349493105, 0.6276108444276329, 0.00010463359552202396
0.11180139369035516, 0.8984330788289577, 6.968867167032143e-05
0.1495169064039253, 0.801763356423213, 0.00031442047667186673
0.11356999351042886, 0.7036023890591632, 0.00012175060571429619
0.09248149725740742, 0.7150951954329572, 4.77396825595021e-05
0.05527599530125342, 0.7130333003030517, 4.987778798109651e-06
0.1511307525711245, 0.7833483486031891, 0.0003453095190085441
0.08845615439836713, 0.737051605993126, 3.6946520465501977e-05
0.05010689003371008, 0.6964865173764476, 3.3938234214053774e-06
0.08988741656273552, 0.5703776180839009, 6.620885854483733e-05
0.15005702794028197, 0.7013724232224208, 0.00041744226950345587
0.09567141056053824, 0.6489075285630435, 6.73041511073595e-05
0.11196981248814486, 0.8760201198042764, 7.37873510290476e-05
0.06898547677684744, 0.6420334436289971, 1.6307385714079533e-05
0.12435746006442827, 0.730836909134224, 0.0001682213302220786
0.11941790210592272, 0.5679560427692051, 0.00023304617132512712
0.06513223152467482, 0.6698085267991559, 1.1635010202862213e-05
0.17701761635722152, 0.7328316290639728, 0.0007910975430583158
0.07549771327072138, 0.8680829452375177, 1.3266371619655983e-05
0.07643360591238088, 0.8141276363828618, 1.5923261843035403e-05
0.10801944784678316, 0.7745984495700502, 8.057888314428345e-05
0.1419568388617437, 0.6197410347335549, 0.00041882557973300585
0.05712371221075801, 0.7739457130954334, 4.892571240627579e-06
0.09695218764706298, 0.6581926138346516, 6.936068693541822e-05
0.16130526226142558, 0.6358698320911813, 0.0006980443428008506
0.1721329021323187, 0.8288351557307733, 0.0005468027496262226
0.12329188767108176, 0.7644897444430635, 0.0001480247642525839
0.06361018617731076, 0.6871230881771605, 9.963550981183207e-06
0.03789864719484443, 0.7236700092176344, 9.200873562586164e-07
0.08160756204640321, 0.7403675209571867, 2.5685318606336926e-05
0.10272036098590476, 0.7080856359786164, 7.728284310919255e-05
0.1033432408204062, 0.6965800895592784, 8.20096430120707e-05
0.10585852293474488, 0.7365439026962817, 8.153841617555096e-05
0.11867019139284878, 0.6454287952022933, 0.00017553852757311116
0.11050177816303164, 0.7162087299127627, 0.0001041625131196804
0.08445014619231743, 0.6190351674229465, 4.271466830316949e-05
0.10631292512399555, 0.5182405927840439, 0.00016783469348657161
0.13217023070800918, 0.5820468430626942, 0.0003467672486023593
0.13530881925627591, 0.749579701813912, 0.00023182759015555508
0.05600461078224023, 0.8080318174314419, 4.114277869213205e-06
0.10963823641680033, 0.6842938923137883, 0.00011023348824111639
0.08936881690004356, 0.6925265710527414, 4.378359849853118e-05
0.05093757973682694, 0.7752433733654298, 2.9448170426091657e-06
0.10991182108344316, 0.6543094476770777, 0.00012189752573705098
0.09304259448651905, 0.6728940029844162, 5.53697490373809e-05
0.11290009523891839, 0.7524625697162065, 0.00010371726375344395
0.12078198566410672, 0.6395683411349015, 0.00019319750257421175
0.06789766665759286, 0.6994004072375763, 1.2813727216902969e-05
0.1454507857833273, 0.6547964093761938, 0.0004175457183078756
0.12384676948106974, 0.7907983854581712, 0.00014109998011472657
0.10231407479894201, 0.7297759800977796, 7.149940792319178e-05
0.13873444568458024, 0.7032850689708087, 0.00029397746255263466
0.025428276899391283, 0.6905292064143901, 1.7458072541639018e-07
0.0492789435791778, 0.6316745160141066, 3.834328311995755e-06
0.07253798354902058, 0.6676166337313515, 1.8810472552029514e-05
0.09600276787407712, 0.7447679726404602, 5.187671077293498e-05
0.10902906415949402, 0.7432889813468375, 9.116676802360618e-05
0.1728045642128021, 0.7650102929911605, 0.000652941481469228
0.1162734146391719, 0.5955897818695499, 0.00018844529477842143
0.07216627018213512, 0.7794619553645723, 1.3491082423182915e-05
0.08875958184930219, 0.5925427195783739, 5.803281716518414e-05
0.07247694644250696, 0.6484719788366617, 1.9863829260054782e-05
0.14337607319780593, 0.7006919755429358, 0.0003423016627786402
0.06315254888428432, 0.7149863816980255, 8.914361576394847e-06
0.11011263266542014, 0.5143940234266253, 0.00019881882943431352
0.16489105892431216, 0.6059254779626305, 0.0008468270845905331
0.09138204885517799, 0.5727062781079706, 7.061385635661889e-05
0.11814928242239955, 0.5680804152502053, 0.00022225065594885202
0.16508015002529133, 0.6164804616660566, 0.0008222135409191788
0.054030991696053764, 0.7619226179519418, 3.951601081947473e-06
0.16463725769907062, 0.8060232045359164, 0.0004753292623082906
0.13147134630089646, 0.6836750560906115, 0.0002455405997527167
0.11507679567555582, 0.6997393396629713, 0.00013044861163750003
0.1416246419403026, 0.7301700137508631, 0.00029862677170957544
0.13056757353987397, 0.7369022971113334, 0.00020503195034596078
0.12893348979991054, 0.6735041896136003, 0.00023221728322034006
0.06784056623662307, 0.6188629330039218, 1.6305367693217078e-05
0.10178842204108916, 0.5864216689057138, 0.00010824772009284897
0.1019213410308247, 0.7031521018143103, 7.5724062860355e-05
0.11127736261806678, 0.6803971850784677, 0.00011902300365792904
0.1052335488785577, 0.7042882123138698, 8.688476110979454e-05
0.09041929059464641, 0.7050187843110529, 4.447473202027449e-05
0.08914194867754352, 0.6586737602363432, 4.7861523204735567e-05
0.1258346594644228, 0.7589665385434549, 0.0001643016265537495
0.09950532497812187, 0.5831208226629677, 9.907694707739878e-05
0.12223905863145035, 0.5990933216612772, 0.00023211378096202098
0.10969292626728161, 0.6744343741284758, 0.00011372931963177058
0.15086001697393134, 0.7707922326018134, 0.000353848621365369
0.07666336693555986, 0.6899014056077947, 2.246873119534503e-05
0.09771397526093406, 0.6077368067771889, 8.42062288727341e-05
0.1943916200429519, 0.8276086334200617, 0.0009364768467159548
0.11488540195862133, 0.7624562284820018, 0.00010906901615517427
0.1196868955831253, 0.7398263611533696, 0.00013871114105969712
0.11478343271054411, 0.7324660794640687, 0.00011772247398071948
0.11965812764004755, 0.7395861696718374, 0.00013865451863636244
0.14060982743386222, 0.6925689020820281, 0.0003215947086609643
0.09707005225215004, 0.7260349692391806, 5.730941540252337e-05
0.08752456815703906, 0.7081219370893784, 3.82051313326352e-05
0.09667811913987946, 0.6556876670657154, 6.902650983028068e-05
0.14978923043981052, 0.6887001098450943, 0.00042955639264636615
0.15837510437098617, 0.7277957857440199, 0.0004915517494700157
0.1331842462669051, 0.7543422387834217, 0.000213511669404323
0.13587785581528353, 0.7461590310235995, 0.00023831825567676698
0.1190803957640062, 0.8252671443754656, 0.0001090119157057829
0.09713382178669731, 0.6939734668933939, 6.29086350234945e-05
0.10247451545154698, 0.6870163164420957, 8.123471050995236e-05
0.1061784527829646, 0.6165411982446883, 0.00011792389629340464
0.14329239456298498, 0.7346998904401096, 0.00031054730451828027
0.09382844052145765, 0.6502489269884187, 6.152879370591073e-05
0.15586450749504024, 0.5956783996883777, 0.0006839589104761398
0.09098566088033656, 0.560480891005557, 7.23311339635905e-05
0.07835622552830683, 0.5928867679752788, 3.349236493413758e-05
0.0871051737879867, 0.6588336151308366, 4.321234000807987e-05
0.0854630766594937, 0.8064550410504808, 2.6523514984831556e-05
0.06684205949683877, 0.7549532656647773, 1.0264669736872518e-05
0.11509176069103827, 0.6285937272755835, 0.00016174111809521882
0.07371087309847406, 0.646836026760764, 2.1503855813535738e-05
0.10529431165423872, 0.6786491312611269, 9.38116782237865e-05
0.04738856915147734, 0.6829507568683372, 2.7615374514657675e-06
0.06660371180675234, 0.6955970677345297, 1.1902645990351544e-05
0.07891315496255426, 0.6670191502982644, 2.7298996438575913e-05
0.1491726817479386, 0.7073002772981769, 0.00039993659853185823
0.12762295436382112, 0.6850480730597958, 0.00021459050035107778
0.09253248648844267, 0.6527253176227779, 5.743803891175054e-05
0.12090690416807091, 0.7071864544326554, 0.0001587387204129128
0.10244399778539898, 0.6696028248235032, 8.540278285023474e-05
0.10064586360126962, 0.7667051731177178, 6.0257513285974775e-05
0.06911471292198701, 0.6889239105397413, 1.4280177908284734e-05
0.10207463560167625, 0.5636344220926379, 0.00011863405318638831
0.10081837005136844, 0.6652384248652327, 8.064655125179458e-05
0.09323477126506327, 0.7737998933207685, 4.225239865550121e-05
0.11665734638080877, 0.6825415525474914, 0.00014558643631430677
0.11661483631159573, 0.806878196509726, 0.00010400798622294163
0.05957241641199628, 0.7878681183494286, 5.678815988684706e-06
0.06301205415137633, 0.7172964299826408, 8.770665817251879e-06
0.02395365386340788, 0.7187242854520798, 1.2390163683893282e-07
0.07977076296280121, 0.7404835310157676, 2.3229912347643852e-05
0.1234051207342159, 0.812220661490432, 0.00013166908836164887
0.12789704032151722, 0.6148733055632782, 0.000268893804299222
0.15816401246385195, 0.5861116366082115, 0.0007534925716786
0.07567778475214677, 0.7947802083445399, 1.5993106063653846e-05
0.05594747870276075, 0.581019439247106, 7.921708507027648e-06
0.13242016997220268, 0.7316686588203107, 0.00022127645892330475
0.11326332399341227, 0.6984256695493715, 0.00012210078170670752
0.1078036130478954, 0.7072741751549786, 9.580251007997187e-05
0.06758334515874251, 0.6419821413784976, 1.490097250178685e-05
0.09807385314658584, 0.6375012271854894, 7.777465536552563e-05
0.111976222873435, 0.7653319779975585, 9.66985048059522e-05
0.10723881640713834, 0.6625848613772387, 0.00010666740558911374
0.14787849961576136, 0.8475677278425237, 0.00026803976553286266
0.12234211036699924, 0.8289255626513818, 0.00012169397845827335
0.11469305742324952, 0.6482099906852445, 0.0001497951763524025
0.07076637271306704, 0.773571798727241, 1.2566176506136343e-05
0.1620920552504208, 0.6248784821125609, 0.0007384589607119359
0.11662348082917556, 0.6343823982659428, 0.00016831469957441365
0.12170542370789653, 0.8184157965747597, 0.00012200611387547804
0.13009849676478724, 0.7306050438798788, 0.00020530455748519937
0.12460352641122842, 0.6381568471088759, 0.00022255865995517613
0.0737879050744982, 0.8376076792682337, 1.2883070700035588e-05
0.055121891683056326, 0.6236385758439537, 6.4405959358323166e-06
0.11892708637041917, 0.6670638375938629, 0.00016590769513112318
0.12007344440316528, 0.8465813836436618, 0.00010744720730307979
0.1028595044430391, 0.6941564752767513, 8.089592034248074e-05
0.08965588553055052, 0.6116280811963005, 5.6929556874394345e-05
0.0849424583867168, 0.6862952500127282, 3.565275918901087e-05
0.12337611856173344, 0.7586487434825953, 0.00015076525450141424
0.12468641262677838, 0.6358920658959542, 0.0002248035972334679
0.06796859901148525, 0.6916342156043702, 1.316344482125717e-05
0.0, 0.6985698991151803, 0.0
0.10072232436370714, 0.7445069760253967, 6.411824219027916e-05
0.08628366771873211, 0.6705888546158125, 4.000728359670749e-05
0.059604753001479965, 0.6741484975569727, 7.774826078791552e-06
0.10846615264748716, 0.7417714659917598, 8.947882824338134e-05
0.055770392445240104, 0.7040287999249791, 5.320608805513991e-06
0.11602654525199069, 0.613703712493989, 0.0001758331615658621
0.11890261225529515, 0.7288196218144523, 0.00013885704750165256
0.10880989081962934, 0.6450076998954926, 0.00011999881206818905
0.08765619846290885, 0.7361369360148774, 3.558707217967865e-05
0.07561952471945992, 0.6972228431148719, 2.071152289525156e-05
0.1302732268608805, 0.7799682144919062, 0.00018120694526846206
0.13391629690477194, 0.6561257701865514, 0.0002891071316240009
0.1442721853814042, 0.7636985771449236, 0.0002961593306269847
0.1243623044428349, 0.6421778170607126, 0.0002179143580787033
0.08766857388316668, 0.6260390315179125, 4.9235280847319906e-05
0.08630219415491372, 0.8166464690531926, 2.7001867659083017e-05
0.10343690322206009, 0.6369140932312198, 9.84864362453076e-05
0.0927349273893712, 0.7924311807635095, 3.9347166656498587e-05
0.08517687922343109, 0.7268389005306165, 3.217400738938526e-05
0.07818168242037743, 0.7980564902690609, 1.830461850026468e-05
0.0658198891871147, 0.619945792356244, 1.4224267451143197e-05
0.07867547129526924, 0.7316156700552029, 2.2392008662938217e-05
0.10034388045289494, 0.7287267155710013, 6.582584436638443e-05
0.12595713056984703, 0.9327788073476171, 0.00010924176122373181
0.08676201508739877, 0.6109600413855034, 4.938449939436023e-05
0.09120860068041438, 0.7124389518649724, 4.5250988792539264e-05
0.12571034959899824, 0.5972718547193819, 0.0002641522702214305
0.1379614070558585, 0.7619454259682027, 0.0002443721280275274
0.07692027317637745, 0.7206307226391374, 2.0898732595691693e-05
0.09151922000510107, 0.646768747403586, 5.573423047652366e-05
0.06832651412656937, 0.6413392222249525, 1.566689956765204e-05
0.13708577187105242, 0.6884700664096496, 0.00029104641321948824
0.0927064502676918, 0.6227936603426923, 6.361526210263074e-05
0.08762231046848606, 0.6997437760290036, 3.9318097165675515e-05
0.12024382330786577, 0.7092604760637596, 0.0001540389665888449
0.08315211951884946, 0.5849621725656566, 4.46840939272829e-05
0.07521334041619433, 0.8115179228829692, 1.4930251554384275e-05
0.08191887954574072, 0.7377090528645285, 2.630784575149795e-05
0.08805527244088451, 0.5633436918643013, 6.199299699237613e-05
0.11404439513817693, 0.678816104113998, 0.0001332253857618381
0.0772124126188332, 0.5903812786771875, 3.166096028957119e-05
0.1353695270237709, 0.7619156359252139, 0.00022482475837976634
0.06066506034992945, 0.8616652137986458, 5.143026543035006e-06
0.13379199944228792, 0.5572840216058381, 0.00039912170721758707
0.11602504788534417, 0.805263356882333, 0.0001021216329350644
0.13329959476130648, 0.7315804953084216, 0.00022787071175899847
0.10062141233632724, 0.6823330988320424, 7.59995146311707e-05
0.09740007158561553, 0.7002668074842701, 6.253161266411378e-05
0.030122351100388453, 0.6727692307644823, 3.875651045591636e-07
0.05459096181362968, 0.8122458509611483, 3.6384983001678406e-06
0.03926117831884452, 0.5295817176758012, 2.0069593666466743e-06
0.1202682355055479, 0.6493951288899049, 0.00018391280867362695
0.1479325740029236, 0.7127871202438766, 0.00037960068845635845
0.1159127433651206, 0.6960203190944823, 0.0001361128955505178
0.12249661206536322, 0.6432314010082388, 0.00020322510790784346
0.08338220594766053, 0.7315738544022706, 2.891827742880849e-05
0.14307395771662948, 0.7278389948446055, 0.00031431264776539327
0.05856386387324066, 0.7626944152494834, 5.62128420694652e-06
0.09201176314149717, 0.7408123005245436, 4.349709767137675e-05
0.15959431550187794, 0.734738176538826, 0.0004988584418407137
0.11927672600041349, 0.7411176882072164, 0.00013615596191255417
0.06589627694472029, 0.5584191432146084, 1.76211060646517e-05
0.13425901604788665, 0.6768869403871098, 0.0002747165672542181
0.0954665389540075, 0.75174237942826, 4.9679019015231586e-05
0.11029024835019632, 0.7140458309263628, 0.00010391470906310495
0.16343178803869482, 0.6718340947318806, 0.000662403408812745
0.09517950579185905, 0.710786343566346, 5.48376590411243e-05
0.04997994159541034, 0.7832157008776207, 2.6540212871597688e-06
0.13338791076383935, 0.7183275532948058, 0.00023704637374549658
0.1009005588270219, 0.4635793120086118, 0.00016666696179047945
0.09279972812207993, 0.8138247172866251, 3.7420504822512614e-05
0.07051639323089393, 0.6250097683885447, 1.895259521027709e-05
0.037252334442634316, 0.7155406130046803, 8.725145746103598e-07
0.08143756116625933, 0.7504525100667326, 2.4771277738910904e-05
0.1011853360516887, 0.5763623924104274, 0.00010916714968816728
0.07566145217991435, 0.6798764366549098, 2.1835064394992875e-05
0.08583511473544378, 0.7268351508064247, 3.328281242310875e-05
0.09624283906251607, 0.8390083111663045, 4.132895692327363e-05
0.11563628692991679, 0.6693956896791982, 0.0001456177383295524
0.15337498714960987, 0.7943994046141594, 0.00035826802551980737
0.14519529540065748, 0.7621869648055877, 0.00030579759072739995
0.08213622683873231, 0.6586955699046357, 3.338484044860479e-05
0.11528706255693139, 0.6919214388104232, 0.00013448902568314672
0.04291633037099143, 0.6260607786119895, 2.124575917751695e-06
0.12573554196700842, 0.687710872692963, 0.00019942039474669544
0.1174087158538668, 0.7500293245539731, 0.00012401976297320258
0.09137281523195086, 0.7452436356367973, 4.168349937883742e-05
0.1057553116109112, 0.671075192163699, 9.780322169451768e-05
0.06382690894008869, 0.7399148223624148, 8.722062966687935e-06
0.11224630643889924, 0.8594495912524558, 7.749650883974342e-05
0.08910760478499655, 0.7969662193071644, 3.263706211071299e-05
0.13185231759398858, 0.7503591187964238, 0.00020644945767283004
0.1330918235022047, 0.612045388266824, 0.00032334391256190606
0.120109262568983, 0.7019737090099694, 0.00015648070925387502
0.06313627677932745, 0.6663782208610339, 1.02506584843571e-05
0.06968564760889437, 0.6676165721614286, 1.576675712893488e-05
0.09371078065759783, 0.7546747941336936, 4.542764807235614e-05
0.106225805846887, 0.6451454787538231, 0.0001079102583796414
0.07234332965268712, 0.7943996417518313, 1.3129288443647203e-05
0.14748447715400687, 0.8259266976069082, 0.0002789758854148384
0.11810535980392331, 0.626485832735466, 0.00018244403103214322
0.10379591251808483, 0.7304154619071134, 7.603596933991876e-05
0.12238200887676791, 0.8258978410149205, 0.00012276387199048618
0.05564867932234721, 0.6995637575183573, 5.337190275518258e-06
0.14528424386287397, 0.8094960008822286, 0.0002718303589934638
0.060125613645150705, 0.7076268445021372, 7.3319449131808795e-06
0.13906054873242182, 0.804584444688116, 0.0002269446576821311
0.06344853138502372, 0.8233304327246409, 6.862344021663353e-06
0.07118703815030493, 0.6974461732129813, 1.5867502317929042e-05
0.07758770874715754, 0.5769003412604533, 3.387296267153731e-05
0.07872201808749033, 0.7898625009878155, 1.9261329847610608e-05
0.10827568910708174, 0.8663588655981065, 6.508882887059607e-05
0.10009853235724313, 0.5838831241487388, 0.0001014369014392464
0.1300312089989335, 0.7303085579407249, 0.00020500410609147006
0.1001110889500961, 0.5556641684040984, 0.00011206312467942256
0.10537185106650443, 0.7701949473331258, 7.307231188030058e-05
0.12076585581130383, 0.6694857697056457, 0.00017621282563241847
0.1057069318126878, 0.682368764022777, 9.44023655248052e-05
0.08332060621461822, 0.7377763224294795, 2.8341780054382262e-05
0.05814682452797457, 0.7218513058832948, 6.081137375627857e-06
0.11824604718954758, 0.6546361706247079, 0.00016796820510620307
0.0589875425089345, 0.5495559060327829, 1.117602777976046e-05
0.10130092181501092, 0.7335499249434736, 6.773380786499508e-05
0.08297030136370656, 0.8015997729034797, 2.356733435467254e-05
0.09352193087889299, 0.7154013045560995, 5.0105533047527385e-05
0.09118429827515845, 0.6013245682185921, 6.34448340938142e-05
0.02866492423611218, 0.4772783433464357, 6.191073389498314e-07
0.13618096045908612, 0.7422370499457892, 0.00024321635050801046
0.10094238545689035, 0.6498439152281683, 8.497114369554258e-05
0.0776863551856109, 0.7090021458079254, 2.2552135945784286e-05
0.09338771848111486, 0.7209359907379406, 4.9028369566413095e-05
0.10327734912117548, 0.710757836452188, 7.85497749369567e-05
0.10776923034259162, 0.6012383912781946, 0.0001323882759286704
0.09134113244049116, 0.6754059173142376, 5.0672029392462556e-05
0.10575625289276015, 0.8521444821197278, 6.065771767972861e-05
0.10547349585319868, 0.7027682721524051, 8.813984930806835e-05
0.12363880749541785, 0.6874706158466675, 0.0001853270319115596
0.09727532392750834, 0.7734023606914893, 5.097611423980472e-05
0.11626515131022355, 0.6361956063037545, 0.00016510591609720452
0.10971970214441867, 0.615729441739542, 0.00013659612655355453
0.0557598618382573, 0.7692004846096245, 4.453507933784989e-06
0.07850730150604283, 0.7004468069174709, 2.420024688892913e-05
0.10330280594099267, 0.7236874947189503, 7.585026118642992e-05
0.09165563335715597, 0.613966584731073, 6.225535917421765e-05
0.0589285059487295, 0.680149685351565, 7.2642166368740665e-06
0.08286988251939881, 0.6585416663714752, 3.4733213229353236e-05
0.11480041118664172, 0.8825756755748797, 8.113591558112643e-05
0.10078828355912131, 0.6431266253680824, 8.617417493909676e-05
0.13533852660329554, 0.6958796664176132, 0.00026924767266221783
0.1441635238036008, 0.6396996626450074, 0.00042070470256951465
0.1356854554666248, 0.6843740385773456, 0.0002815304342968833
0.051449684856452974, 0.7763791049006766, 3.06833082760091e-06
0.15896099678152348, 0.687516773401855, 0.0005598579394076492
0.10784942892525594, 0.5860396042763305, 0.00013980107258028165
0.0985369314713498, 0.6023203734677292, 8.89501201654324e-05
0.08576768741724905, 0.6096516302124153, 4.7144029423140005e-05
0.1360611976571203, 0.6950946068808581, 0.00027625422759512957
0.079890057384615, 0.76026486929328, 2.218217244004435e-05
0.10148246397017094, 0.5198032927044821, 0.00013595909307979523
0.11841450724710695, 0.6761336618004927, 0.00015844640653954662
0.08750521295665165, 0.5902493362613965, 5.493437110240209e-05
0.12861735164561255, 0.7407966433545297, 0.00018988294628813468
0.09924349854102611, 0.6055879550407347, 9.080306933186797e-05
0.11566276369931974, 0.7617963858627114, 0.00011254851487058694
0.08518685859367489, 0.7468376570241307, 3.0489684865487136e-05
0.07320657490891329, 0.8489618586522027, 1.211183446768158e-05
0.046035570398968245, 0.619523897686696, 2.954345585585866e-06
0.050719946635271976, 0.7454572050949478, 3.1254109587886062e-06
0.04484643669095797, 0.7727098644833789, 1.6925282523711862e-06
0.062335150029437035, 0.6981095472530681, 8.82966003187522e-06
0.08519980370616699, 0.6036276034269121, 4.6704371107057355e-05
0.11638770865246488, 0.6734759278922928, 0.00014801749930491956
0.09512505791569129, 0.8038262765830668, 4.2769996010591484e-05
0.1347546800719399, 0.6850260430196305, 0.0002726118336801077
0.12209320238033719, 0.6525293766088339, 0.00019462933313995972
0.1166225006804133, 0.6869602586234402, 0.00014353076789798723
0.08158296369530632, 0.6048735864720958, 3.8430351797986375e-05
0.04597633279144747, 0.7558570739908631, 1.9735020192276342e-06
0.0660849436767712, 0.6431014853380681, 1.3454203065716296e-05
0.10403457342213973, 0.644763131063999, 9.857058753191971e-05
0.06940842088421692, 0.8231526326236946, 1.0191043962361752e-05
0.1577283209095297, 0.6670107596701792, 0.0005747815380117905
0.08819444043072207, 0.78212473750328, 3.2385840501817094e-05
0.13886188608438915, 0.625832109164596, 0.00037274830484452365
0.09850452754577609, 0.7208787424480428, 6.20081401307006e-05
0.07839104074869133, 0.6551063757876691, 2.7486189617034172e-05
0.06600512874625059, 0.7217001075447914, 1.0626595758813089e-05
0.1360775416129072, 0.6874781730668817, 0.0002825585604604806
0.12644999338783514, 0.7008190503469982, 0.0001968778544826735
0.060049177834694434, 0.7391837831591601, 6.681779274094652e-06
0.1094979775136902, 0.6199923442135553, 0.00013353037633121812
0.07869400934668548, 0.7541466485564161, 2.1095879961449536e-05
0.10463656565055789, 0.7426038702943654, 7.621821594182401e-05
0.1153503615422884, 0.5723769022374682, 0.00019700857135877494
0.03838264748127169, 0.7971367658329, 8.018514091978632e-07
0.15095449719813708, 0.7254968446593788, 0.00040051380254877767
0.06509151070036984, 0.781494333234709, 8.523566929493596e-06
0.13716206927658298, 0.7054530420319022, 0.00027788135059706885
0.10118598116717732, 0.7691735295552856, 6.129806496873284e-05
0.11995305272732118, 0.6221968316341413, 0.00019804325167824426
0.06855693224046427, 0.6579882272301026, 1.5106216466948356e-05
0.09686687968908717, 0.7025689516571055, 6.0640022800203344e-05
0.07255585229304883, 0.6902769513679475, 1.761480839990688e-05
0.11659505633125411, 0.6803410654340654, 0.0001461857790394195
0.06496063348231593, 0.7180639447418261, 1.000692770205394e-05
0.0830828340050758, 0.8054515557133226, 2.3482091568242815e-05
0.13114896757621264, 0.7714210640090606, 0.00019078681826955118
0.1516809242763561, 0.9106827715309359, 0.00025961388012977056
0.10788290287301039, 0.514965451144852, 0.00018130144061761916
0.10685248544601514, 0.7005820510851194, 9.39074936749189e-05
0.12629336697131388, 0.6267850066790774, 0.00024479530386773454
0.09296014643200287, 0.5044917703415435, 9.812137855956334e-05
0.06927830518012597, 0.5603654378023548, 2.1809772488917117e-05
0.08053884149668394, 0.6305466432969694, 3.341605101317228e-05
0.1715885484693232, 0.8345714546993277, 0.000531847799149936
0.09994065484568941, 0.7530287858217168, 6.0563139484456174e-05
0.07809864269069733, 0.7567569473634623, 2.0262097595402646e-05
0.11575500442059439, 0.5856047289706421, 0.0001911312766820115
0.13863651909752828, 0.6372809225264955, 0.0003569157409307026
0.07010102117942046, 0.6422938111394482, 1.748580126650985e-05
0.07596615897246078, 0.6854905490012695, 2.1862090784998624e-05
0.12238607639647284, 0.8403197807899739, 0.00011860351923837592
0.11823517559044666, 0.721161926637653, 0.00013835211399336507
0.13465338916858965, 0.6274357615923646, 0.00032387947873976653
0.08854974730576594, 0.8626835079450375, 2.7094874329727652e-05
0.12536997945199033, 0.71303195971825, 0.0001831468885867206
0.05827154059308339, 0.6416014240152973, 7.770408657498564e-06
0.10711396536104371, 0.8211161259483613, 6.910024100365789e-05
0.17016071264135452, 0.6377749336274156, 0.0008778330057815857
0.09816316028400027, 0.6267662678813419, 8.078453074164653e-05
0.10929632791919817, 0.6935655985789432, 0.00010584133820327046
0.03664346508198246, 0.5642662268214435, 1.3049159383995825e-06
0.08743976430419236, 0.7046787557442795, 3.841519516594988e-05
0.10137070081581787, 0.6487243886509528, 8.686807979781268e-05
0.10981989241694494, 0.77944676662679, 8.558338086743866e-05
0.1386290117245509, 0.8844296386965242, 0.00018526674895890668
0.09729878018214153, 0.8071971475643192, 4.6846721281194966e-05
0.11463703941952205, 0.7318887608972097, 0.00011724803472878411
0.09731395438501113, 0.7558485772594871, 5.3464662290676255e-05
0.06019896782963273, 0.5924698444051549, 1.0515385378729701e-05
0.04375018191287205, 0.8341880982267096, 1.3024147813659125e-06
0.09972101477885428, 0.6211036423881089, 8.816560212040508e-05
0.10135944399515176, 0.6178254901594237, 9.572752232985194e-05
0.12282125876465846, 0.7591256488707084, 0.00014761896641928474
0.1033898938688211, 0.7532797565674789, 7.026788761512663e-05
0.11690035613059584, 0.576021607455569, 0.00020628992506428176
0.13252381686117412, 0.7202862090169626, 0.00022911262158762736
0.10187354934495838, 0.6896141854050915, 7.85640475008175e-05
0.10673714476540452, 0.7447273571850735, 8.271034623783154e-05
0.06519326426139917, 0.7193972925467261, 1.0127920825459142e-05
0.08922894745206354, 0.8246873871515387, 3.0662854374420264e-05
0.09933155499128647, 0.6758627043160801, 7.318680094400773e-05
0.10465101378262957, 0.7210544212866388, 8.089113777284345e-05
0.11785646085917934, 0.8009804720005697, 0.0001105801006315334
0.11995210280733738, 0.6529351526340834, 0.0001798292797471295
0.1101546022932542, 0.6137695296822692, 0.00013988363025691915
0.13379163199529948, 0.7686331239168074, 0.00020980464077202034
0.0829967625549369, 0.5859230652519203, 4.4172682901427474e-05
0.1407205976928627, 0.7667888514664165, 0.0002632619355084113
0.1383995073082434, 0.6469818500093804, 0.0003436953814273372
0.10156964236431894, 0.8069663394938793, 5.6626056795881186e-05
0.11137391662691185, 0.859353867537346, 7.489782264826046e-05
0.07271374233107547, 0.8165843994785793, 1.2707974249833492e-05
0.08246314488731868, 0.7535063861953701, 2.5961845032418986e-05
0.10806368293310627, 0.7576004459381364, 8.43871691993048e-05
0.04399175002121444, 0.6715749755338252, 2.0587818844259606e-06
0.08297373418636861, 0.6485682371205836, 3.600753095033991e-05
0.10360402310677957, 0.7572002838933489, 7.017808113062883e-05
0.11418267763147473, 0.6141484385733693, 0.00016362896186538693
0.11509222657704722, 0.5448163719415366, 0.00021531186479288602
0.09075037893579563, 0.5783139893911431, 6.716943087591758e-05
0.0865054713661326, 0.8145351517452852, 2.7424452938123887e-05
0.10658376754349103, 0.8101019358529392, 6.945879664904514e-05
0.12055571339123916, 0.7333346339162984, 0.0001457430361953198
0.09045284290259334, 0.7061696430635028, 4.4402311772557586e-05
0.11692782802634125, 0.8123722346116998, 0.00010382320642948827
0.07513184553324924, 0.83984351542851, 1.3873786311649026e-05
0.07446309433713087, 0.6935438297177426, 1.9559548354074398e-05
0.10271932115227622, 0.6198916210760997, 0.00010083325419205873
0.13305445574707536, 0.6256189640022952, 0.0003090833054731361
0.09187200283124938, 0.5532812297169125, 7.746045325107119e-05
0.11149984064985939, 0.6799804467619586, 0.0001202208332280222
0.14905465042592708, 0.5748106290062098, 0.0006034435507447631
0.09115265226553645, 0.6697525536420394, 5.106485511207327e-05
0.07672186464203354, 0.7087973788240509, 2.1358263913711642e-05
0.11365295329016185, 0.6885452689467475, 0.0001275428425322386
0.097501719345134, 0.6594100679740152, 7.084492677455872e-05
0.11263875679503872, 0.728571316145891, 0.00010950861650274029
0.09648771551999581, 0.6930986418272566, 6.124247126290912e-05
0.15760298331042147, 0.8318771327870502, 0.000368240061695953
0.15135967816764676, 0.6577274294073229, 0.0004930816611031516
0.1246786663969751, 0.7360387564925135, 0.00016774515438325346
0.10832506780028499, 0.6944881313129532, 0.00010149478006466183
0.1140758572718496, 0.6582049482643595, 0.00014187179785770125
0.0874045311296815, 0.768525421891479, 3.2240278879005504e-05
0.0970454160534073, 0.6457904988117964, 7.23556934966659e-05
0.1059945114328793, 0.5676108712610378, 0.00013807382244082552
0.10120662904784809, 0.7241412552351593, 6.922113869044805e-05
0.12692381791586357, 0.6368270683758434, 0.00024238884421511457
0.11587716087535575, 0.7565897312169274, 0.00011503646672610522
0.08709964137956255, 0.7025958212600193, 3.7986281858396735e-05
0.028760995596970124, 0.7119080982548458, 2.823938661883078e-07
0.11987578988951039, 0.7005603649888179, 0.0001557733971932365
0.145921825376274, 0.5591281392201641, 0.0005808611287553654
0.13660787926947657, 0.7001050387263461, 0.00027716142618218345
0.13861814520549695, 0.7607009430396318, 0.00025034928471319424
0.020325725048319795, 0.8316369434266376, 4.4926331199820106e-08
0.09514364085373596, 0.6814280918295691, 5.9565775870863355e-05
0.1252822826035611, 0.7349452360676761, 0.0001718582684654304
0.13489463566116738, 0.8170046876391186, 0.00019252777425175728
0.12269304570804347, 0.6496965052998818, 0.0002006100122316473
0.0617868223805311, 0.8317500797198154, 5.983041031851063e-06
0.0813721345395648, 0.7144760475866432, 2.7232258858653587e-05
0.05593966731600508, 0.6189169961734038, 6.976997180359184e-06
0.10766401833688445, 0.7087977096228902, 9.484880416020976e-05
0.08953943775243434, 0.5673702953041067, 6.578030837655065e-05
0.0859120707819327, 0.8115375050131848, 2.6803229798426755e-05
0.10410325815611601, 0.8499868327696736, 5.6883265202498346e-05
0.11353969018776833, 0.6981673052414773, 0.00012350848200969196
0.09905165795799752, 0.5968321295241767, 9.269433746937997e-05
0.11356683091824801, 0.6804482472407937, 0.00013016143511302802
0.11819104335579839, 0.6718309223115719, 0.0001591541660395419
0.05628509153328065, 0.7491593764058784, 4.8926969375450775e-06
0.08364598501099063, 0.6874636513165804, 3.320663398577977e-05
0.14414488793006752, 0.6547813449714307, 0.0004013192380643008
0.10299119127672077, 0.6007582068224162, 0.0001086142559250097
0.10556950586160506, 0.7833352589363407, 7.12262200942993e-05
0.10200906269748415, 0.80025586239924, 5.868386369894291e-05
0.09285465373072298, 0.7359832723192631, 4.5873954432036645e-05
0.09235731463243818, 0.8245610587216821, 3.569389669220949e-05
0.0975824169642623, 0.704134684329429, 6.235759162127004e-05
0.11833444797226271, 0.8497176246718045, 0.00010002438195083412
0.09637580592309217, 0.7208713368524008, 5.632610004812866e-05
0.1047130822397832, 0.7448828473546188, 7.599658900054947e-05
0.12885103997571637, 0.6516101257035273, 0.0002473871470333746
0.10662813752532305, 0.6497514191309554, 0.00010817015370776965
0.11636194293998237, 0.7198305642085657, 0.00012944151093999184
0.09974208349265597, 0.8068923740241005, 5.22877306129165e-05
0.04511706211095516, 0.5608523698555917, 3.298893923743084e-06
0.12731846851270473, 0.6312593725741272, 0.0002500762248404891
0.047865392495235144, 0.7270188206292982, 2.5466527891380247e-06
0.136773282656665, 0.7098702512942184, 0.000271027609164406
0.10979291152055995, 0.7265306957890789, 9.83976870721251e-05
0.05730119357765439, 0.5917797422888081, 8.483319996185177e-06
0.07518242055623933, 0.6706535020553721, 2.1821331221741068e-05
0.11497058003508621, 0.7666026538748267, 0.00010824474930637488
0.16175489241407764, 0.5780841333310288, 0.0008549810102114552
0.07089819646172449, 0.7720172125312315, 1.2720575378750304e-05
0.1055812962593955, 0.7822352280045566, 7.146179334078869e-05
0.08081444504674745, 0.6981351718770245, 2.767186553039254e-05
0.08575737638408007, 0.7984510673615484, 2.7470326660739883e-05
0.08210045578065554, 0.7292085552868426, 2.718835214147747e-05
0.08197611925045148, 0.7908508012022059, 2.2961546811055632e-05
0.09755807904263183, 0.6857147886387281, 6.568060168954497e-05
0.1374202707597093, 0.6134282951570443, 0.0003705627900941693
0.09590224344443678, 0.7148582874232113, 5.6049605230160204e-05
0.06121573732232558, 0.7065521957455059, 7.959301742335475e-06
0.1397058724796415, 0.6184547288629828, 0.0003920076842134787
0.09099302022456221, 0.6665591804959102, 5.1159232650372555e-05
0.10145625454545165, 0.5896926578170703, 0.00010552158067569262
0.062214054870047414, 0.7748471150299727, 7.106295963650079e-06
0.13628883753070287, 0.8733001622982566, 0.0001763047768255914
0.06101465033909809, 0.7003712137618117, 7.983980720840668e-06
0.04399366409871286, 0.6869251626540293, 1.968174671905952e-06
0.1225748928368442, 0.6768161352049153, 0.0001840734650037655
0.08047513602457501, 0.6541388645296415, 3.094122878751992e-05
0.08102365652896991, 0.7399669292054907, 2.491342093961783e-05
0.13680143396904332, 0.6177596118441583, 0.0003582001250598156
0.09949994033000344, 0.6931543471350279, 7.01013535941726e-05
0.09833654454814005, 0.7732902799157618, 5.348432832915992e-05
0.13088137829910867, 0.7251366976979428, 0.00021398765110787387
0.10632693310574358, 0.6225144669702338, 0.00011638512133136403
0.09625221821003085, 0.7201049174182232, 5.612826664140932e-05
0.09752433301392192, 0.7076003864049419, 6.158669872698482e-05
0.115088726865295, 0.6644865470714731, 0.0001447230708504146
0.10530286764191575, 0.6042348336095764, 0.00011838352091896819
0.08338064497155832, 0.6031067253472049, 4.2546579901785475e-05
0.13368715258295183, 0.7729403862525587, 0.00020676092191445906
0.15709112965212604, 0.6214568616752674, 0.0006504459862665268
0.1532305763466756, 0.6919332932497266, 0.0004702809166864816
0.1676851768323297, 0.7511203282626692, 0.0005933670519387138
0.10107162883437872, 0.5768193267831339, 0.00010845636761395968
0.09496028305051954, 0.6913365599340134, 5.738146745903062e-05
0.04283808610412407, 0.6044854808511266, 2.260718095781161e-06
0.09983988975373577, 0.5911807710325143, 9.782802956840324e-05
0.07624049166959125, 0.6976707362689076, 2.1442820600280017e-05
0.13224607336463964, 0.7762213481156275, 0.0001954694942824319
0.12898583920729287, 0.6184419591681641, 0.0002759007940725245
0.07444772703605901, 0.890059135216902, 1.186518520797328e-05
0.0763453129249248, 0.690394711848132, 2.2029947117838898e-05
0.07258612345569004, 0.7177369019614354, 1.632266994211809e-05
0.047706876190555116, 0.7900636723531707, 2.1251912731726723e-06
0.0502417026613292, 0.6670706241410982, 3.7437375936093844e-06
0.12121156471701969, 0.5943216475279051, 0.00022725667691513696
0.0988298686824067, 0.6933325667789987, 6.801283178031045e-05
0.0965897725731357, 0.7016112545529548, 6.004403018507888e-05
0.08335582563728777, 0.7008216151912282, 3.146799945401034e-05
0.06927087317540093, 0.7452349817488516, 1.2325437524891937e-05
0.08367142404020063, 0.8550757407333436, 2.149296011280033e-05
0.09606739080493233, 0.6759194951712969, 6.316992065552017e-05
0.06653309183832962, 0.6203664365482477, 1.4894818528882088e-05
0.13124372345910884, 0.5803680337221722, 0.00033814620604251464
0.07415828616128864, 0.5986966657602959, 2.5778333014755924e-05
0.1360080303811743, 0.652768789207103, 0.0003127023610752436
0.0809255478669998, 0.775471425212115, 2.2563743316995768e-05
0.08185509563969628, 0.443879672225722, 7.241633693821379e-05
0.08028290406655585, 0.7645137168645036, 2.24149027002535e-05
0.13897024315362502, 0.7894356172386877, 0.00023506526550831717
0.03270200670100655, 0.6861794642765483, 5.34832559244147e-07
0.059274974455809586, 0.7298308276622629, 6.4737443011611345e-06
0.049217825958703124, 0.6785083439378397, 3.305172928328894e-06
0.08635911382992839, 0.6752130216919627, 3.961323025705515e-05
0.12506585171317622, 0.7761026239156007, 0.00015294598185904942
0.11961624761485248, 0.6711324487795219, 0.0001681226357660603
0.08014474426962866, 0.70296867025177, 2.631141266972702e-05
0.0844922310833027, 0.7340571104618386, 3.044388139382762e-05
0.0707657815702112, 0.7053610823796471, 1.5113514327016988e-05
0.07436646162851525, 0.6774043992134744, 2.0385867237962574e-05
0.11646590854669789, 0.5860824284881561, 0.00019603034252783767
0.08081108094776177, 0.7298054323398796, 2.5317670545734737e-05
0.08569626246337134, 0.648866672515121, 4.1465531602759355e-05
0.0713514061152323, 0.7031783771426299, 1.5769068539508353e-05
0.10384473128975984, 0.6749195054486881, 8.92387733905582e-05
0.07249452583326513, 0.6842720214117872, 1.7858758777924875e-05
0.12193634252371813, 0.6443945344097785, 0.00019844863835320924
0.08937681024220327, 0.6864195779079321, 4.458368055348378e-05
0.08828853793638403, 0.6436722606460251, 4.804136516387103e-05
0.10148088771771002, 0.9686947315819876, 3.9145582067561114e-05
0.08458532387525289, 0.5085613696241771, 6.373488901073285e-05
0.14213959746854143, 0.7230300067225874, 0.0003094565015586163
0.11148218110538166, 0.8068916088668752, 8.53177727168412e-05
0.0442724400722757, 0.6961472134474249, 1.970384295701441e-06
0.12554119312937348, 0.6131053517141412, 0.00024920410448156716
0.0849941192304339, 0.7511212097121166, 2.984399154999348e-05
0.17524598028512522, 0.6562893540638842, 0.0009436841584542046
0.0895036593371224, 0.5307627045924868, 7.503512040231745e-05
0.07724067486925017, 0.7375489557950419, 2.0319211675615885e-05
0.1379274933141955, 0.6611815466084124, 0.0003241814498014227
0.06399435700743279, 0.7857172271053061, 7.824502570833345e-06
0.12996877139724228, 0.646632550559487, 0.00026094106557068353
0.14302108032436936, 0.7514827773968011, 0.0002943662884193749
0.09961112853528294, 0.7748980320311104, 5.63678366269503e-05
0.08590107786157307, 0.6954973796224243, 3.647277431470151e-05
0.09276139956463847, 0.6307248303331268, 6.218736097064512e-05
0.08218230664223877, 0.9004269806209131, 1.7909915404417596e-05
0.08608089813408137, 0.7255480997934676, 3.3823874427892424e-05
0.12479543749032174, 0.696896125357509, 0.0001878901927352716
0.09959794590691431, 0.8082819744707003, 5.177758486694713e-05
0.1328544520126315, 0.6686279631727589, 0.00026881389922377776
0.12542056638887014, 0.7019655226072562, 0.00018930272549629794
0.0912399024698167, 0.8682906375302704, 3.0510465596449562e-05
0.0923949114322767, 0.685073775011865, 5.1801537119436656e-05
0.09593638860349821, 0.8189245985773137, 4.277646326966131e-05
0.10354299365201995, 0.7056955015586254, 8.058651126598786e-05
0.10697476104063204, 0.6738103481643036, 0.00010203011457633358
0.14385746121346912, 0.6562064854612605, 0.0003960840770025541
0.086333806102969, 0.8358935465122024, 2.5814270580728126e-05
0.09135595438960521, 0.5226974849077057, 8.466565177214894e-05
0.09059871947795388, 0.6781646507029232, 4.848782031114859e-05
0.12980797710354797, 0.5964509767488995, 0.00030502994034192716
0.08820347259586316, 0.6734139995048972, 4.370575474959559e-05
0.03203300493456811, 0.7031298879802286, 4.650766912817107e-07
0.08806213328965654, 0.7000224935829984, 4.016191338350833e-05
0.1108332346228282, 0.7689314785941455, 9.156692963724935e-05
0.09651591322848858, 0.8119808599919116, 4.467963120397151e-05
0.06491165910325639, 0.6009972824762155, 1.4237731635542208e-05
0.0670559659531024, 0.6162592379303989, 1.5622972673221366e-05
0.08407240122720001, 0.7633871208755985, 2.7539206784393965e-05
0.11800751673942737, 0.8074838053779024, 0.00010942103279296021
0.10032668251477846, 0.789599015591248, 5.602541579301127e-05
0.1404362934567422, 0.9263157291376103, 0.0001787956702937065
0.12772727308180892, 0.5937834189543216, 0.00028665385214978335
0.08279934441197291, 0.7075431855087528, 2.997632190597732e-05
0.13713218839999797, 0.7384378584989223, 0.000253367775337314
0.08359347824830188, 0.6728135096685595, 3.4572838219190733e-05
0.12024409395533243, 0.7201481237102507, 0.00014941794148691368
0.042116902147862734, 0.6129576028860272, 2.0403903999457877e-06
0.1167715109362171, 0.6139161339540382, 0.00018072996389511953
0.041348659494217566, 0.5217336735360084, 2.5971586121122396e-06
0.1038031090589214, 0.7004329341824789, 8.271006668861923e-05
0.10298223122140361, 0.6516266828738935, 9.228312338125203e-05
0.11518689196526974, 0.7964428115580288, 0.00010111839502681663
0.12072689817637965, 0.7993172555212908, 0.00012344267007648814
0.06193702875565764, 0.8184675093646896, 6.245175199487378e-06
0.09078003373082595, 0.69161195978981, 4.703253665124666e-05
0.1267536408664655, 0.7247765986647022, 0.0001860302289332771
0.0947152789283461, 0.6716814062389661, 6.010179351297521e-05
0.09938251313973843, 0.8745633332809775, 4.3807377544221413e-05
0.06271862875007261, 0.6183599592762646, 1.156186828286189e-05
0.05667656285659034, 0.607012632046612, 7.683265834543639e-06
0.07285751647460888, 0.7315826439142037, 1.5970786634353428e-05
0.10599043160059168, 0.7075315799282847, 8.884797748912409e-05
0.09472849178944813, 0.8957228515445279, 3.381686387632579e-05
0.10521665959287278, 0.6584766941878494, 9.932462253542313e-05
0.12508920161777892, 0.7058199623504996, 0.00018507392423738143
0.08814702706423477, 0.527260221960439, 7.109345593922568e-05
0.08663602620267713, 0.6527788190378627, 4.29840461738286e-05
0.08380402743714402, 0.788371959235396, 2.5460625967439646e-05
0.010855057395683487, 0.7706368553073248, 3.3116748739496145e-09
0.07669627860828765, 0.8192028476250367, 1.5965770246172874e-05
0.13577749674999984, 0.6778162602688752, 0.00028786193504706385
0.14581734120095707, 0.6708913619901177, 0.00040218129426321144
0.101987439434335, 0.7002732570395072, 7.656605002695469e-05
0.09153358619478272, 0.7972342959959886, 3.6706929146437975e-05
0.129597318091334, 0.728593482369954, 0.00020296343107846398
0.0861282180748214, 0.8593285278557198, 2.417060221062193e-05
0.08735783673579399, 0.5983393635612171, 5.306387716642096e-05
0.13892962238285184, 0.7733560168919111, 0.00024462696249758143
0.14006042486343645, 0.6181154839814944, 0.0003968392175506814
0.0850741847021145, 0.6038396485427591, 4.636955703410542e-05
0.027730376285930017, 0.568472017349267, 3.7718383323274165e-07
0.10984399078534747, 0.6268028630603742, 0.00013247065613578466
0.1308649924030869, 0.6596353966091423, 0.0002584528488092314
0.15505002209035937, 0.6582680619921693, 0.0005473137905188547
0.11442095334582121, 0.648468091589824, 0.00014811981039157562
0.06545303905310101, 0.5954280223899777, 1.5045220197128361e-05
0.10956758152155048, 0.6466816433229214, 0.00012307956799810548
0.13821146445794313, 0.6833769116095084, 0.0003062239793557288
0.062410644863617894, 0.702446002931575, 8.767548032885006e-06
0.143326151196643, 0.7108264400708002, 0.0003321013800771132
0.0839844569386668, 0.6719936386654226, 3.537617013881008e-05
0.089187926741876, 0.6041309186983547, 5.702305388625073e-05
0.05280187986979322, 0.6503069623009363, 4.902147589556562e-06
0.08514637547769487, 0.6850325298317541, 3.616384801958796e-05
0.10753317974514251, 0.5404095726602083, 0.00016229561191357544
0.11825759883474833, 0.7109420023659518, 0.00014247720931901306
0.06627992934328822, 0.6912033791607409, 1.1798727029822026e-05
0.04049020125044911, 0.6574079018876564, 1.4915429817988846e-06
0.10134006440340067, 0.6808427231876492, 7.876068254483966e-05
0.0792982143106053, 0.6731059718114407, 2.7387853977424847e-05
0.11398645425697157, 0.6142178399387891, 0.00016235860820565593
0.106218407535884, 0.6262007953971057, 0.00011450322684696254
0.05615381808958652, 0.7936304456461871, 4.315172250389828e-06
0.13183210873100504, 0.7311152473296968, 0.00021731389207629717
0.12874203738827278, 0.7189665474772019, 0.00020245019134597974
0.12310694825740084, 0.686858388483088, 0.00018216912504191138
0.08402676763138281, 0.7866008844200794, 2.5875856166785582e-05
0.059854937500962706, 0.6878097368993574, 7.607976759530789e-06
0.1102491669569549, 0.5523795849686354, 0.0001733572669144155
0.06585033107208728, 0.7199426667283667, 1.0568786105110425e-05
0.08358170502886447, 0.5928300769172136, 4.450356832671602e-05
0.07572546291535848, 0.6247250824461276, 2.5956882629194067e-05
0.07561165046992654, 0.8819160776059973, 1.293903049867668e-05
0.06801057396861715, 0.6433185932188269, 1.5256328316411092e-05
0.08191146192502605, 0.5765593594228703, 4.305210823029542e-05
0.11949023024403793, 0.7405561509384854, 0.00013743978313503465
0.14458374817521025, 0.6998396743164879, 0.00035603647037254804
0.108561100269508, 0.48204079371093145, 0.00021269875650357166
0.07523202292401585, 0.7073208679989448, 1.967455914390965e-05
0.05106728229709402, 0.7889515674815492, 2.875367061753395e-06
0.11021152592160817, 0.7146350753478498, 0.00010341799375984823
0.14661162140819722, 0.7852879100684108, 0.0003006415626443482
0.06511321223006808, 0.6871801411816467, 1.1039993775192983e-05
0.08437115067434456, 0.8186373818246744, 2.4324069201859263e-05
0.0786650326211821, 0.6417431857752249, 2.908593066591591e-05
0.06775552970578627, 0.7504418609434425, 1.1027794668459557e-05
0.11498162665089436, 0.6671829862435026, 0.00014296875788896393
0.13700260994406274, 0.6669122881183501, 0.0003093394842068311
0.14884352468636494, 0.6309697339667452, 0.000497691934898761
0.11896290393863002, 0.7376528100510438, 0.0001358540986572241
0.06426448810984878, 0.5987121310022483, 1.3727846448596401e-05
0.08614233213655174, 0.704367226412733, 3.600151421145001e-05
0.08327186153089886, 0.6864798183439424, 3.2651471008195306e-05
0.0829706402034284, 0.745623253638668, 2.7239212667957244e-05
0.13253005660041609, 0.7241054250014503, 0.00022674910514402242
0.12696024049171054, 0.6359449852122316, 0.0002433687678054075
0.07460343827445827, 0.8011345221948094, 1.4780662992013598e-05
0.040266040771521384, 0.6369434441092335, 1.5505845083513077e-06
0.12749310769724262, 0.6801264389520615, 0.00021673452283014338
0.10474537141171668, 0.8190597710963203, 6.294018373412995e-05
0.0500438831064807, 0.7354702456355221, 3.0267746393811936e-06
0.0879812216208333, 0.8518634492488566, 2.7011075375571574e-05
0.13979381964288978, 0.6876079132070738, 0.0003180030163470632
0.07123753553309085, 0.7561167622214734, 1.35427626232004e-05
0.09019071413301186, 0.6284640100320944, 5.534993380214813e-05
0.08221737903466092, 0.8241972010155849, 2.1416257980847252e-05
0.09913754411598943, 0.7107203786974778, 6.561698141242983e-05
0.09185996497068788, 0.7361380877571148, 4.3732361740126014e-05
0.11068433897100233, 0.6211260172419834, 0.0001395036684707353
0.10052446654310773, 0.7211090047400538, 6.775789082394573e-05
0.1272071340583853, 0.8246147496076301, 0.00014598699190725134
0.11215875776403632, 0.8959664453442713, 7.106380295318251e-05
0.06259856457077867, 0.7582321528137286, 7.6250861024213555e-06
0.10191157560899605, 0.6737767422717822, 8.243608082309834e-05
0.1196617287144473, 0.8451708659148227, 0.00010618912956388479
0.14220884215184293, 0.6033594855469296, 0.0004453389179926322
0.09982930194029348, 0.7807414103532712, 5.606435347848733e-05
0.14429273139645515, 0.7145774417747646, 0.00033848770076579793
0.13137619322280678, 0.603008879171936, 0.0003146239987560543
0.10658667995678345, 0.6264736845032101, 0.00011615907474122917
0.12802335147692562, 0.7002977541887079, 0.00020819623705907868
0.14324810561689505, 0.7569212023597762, 0.00029218348199738754
0.14708731995950003, 0.673394908725745, 0.00041472219023660464
0.10612718124331091, 0.6118798347131302, 0.00011947327954862082
0.030940120446379546, 0.6792064062608949, 4.2781809563865575e-07
0.11243607104426852, 0.6599939183828775, 0.00013239480346563106
0.08985890981564992, 0.6785474171689314, 4.6716955578007996e-05
0.10329038188909098, 0.7325322929740321, 7.399047800474551e-05
0.14067766004083132, 0.7661542033919876, 0.00026334441829874264
0.08249562539803408, 0.8230740756130023, 2.1796366209243105e-05
0.0693246451143544, 0.7322695878705588, 1.2809423484613075e-05
0.11276853564730169, 0.5646509969289333, 0.00018324521325408245
0.11156401932202327, 0.7337897065649341, 0.00010349728000765926
0.0649135747794287, 0.7999460231558602, 8.037497400816596e-06
0.046023863833261944, 0.7405132977811784, 2.065502421395968e-06
0.11223541757982482, 0.6984950084844826, 0.00011727649038667233
0.09918063181602994, 0.6075362366278417, 8.997042135073823e-05
0.0985706898811165, 0.6606590908793554, 7.40459602005988e-05
0.09942449444838761, 0.8446992841915755, 4.704706840127907e-05
0.03443117753273346, 0.6874211491235096, 6.685107126676344e-07
0.13158987404620487, 0.7527029942340603, 0.00020337496126120722
0.11975766137580351, 0.7578271002127566, 0.00013254403339286322
0.08135367606680903, 0.7193764189022029, 2.6835710745642455e-05
0.08997417026465541, 0.7688622796437318, 3.6592099532293104e-05
0.12042273909399859, 0.6984501000720685, 0.00015988677217572357
0.11015400632371733, 0.6360620788738054, 0.00013024714006288368
0.1286513071648612, 0.6804156349088797, 0.0002253407950988586
0.1174614090470898, 0.7528297978937678, 0.00012334206165560922
0.0967798052037393, 0.6455711232665633, 7.153697591296572e-05
0.10983103584708556, 0.8103639999327111, 7.921291006162504e-05
0.03779918483595207, 0.5964895599613224, 1.338698921259633e-06
0.09509905529723739, 0.6698168843559935, 6.152179631835758e-05
0.07862697218448343, 0.7429757777001834, 2.1653665071700282e-05
0.11009904449450221, 0.6739129088918017, 0.0001157726477730528
0.11534617764512212, 0.659005077032691, 0.0001485944157544248
0.09262658364892683, 0.7121142554991509, 4.847338862350318e-05
0.13058074644856976, 0.7470337903306088, 0.00019959683490316393
0.14366894986825754, 0.6261311387514702, 0.0004325458286218558
0.08354151255012912, 0.7402542482110737, 2.848225367594345e-05
0.10557494208291926, 0.6920935528709398, 9.12649537347523e-05
0.12525196596241572, 0.8967511777420765, 0.00011531186901669504
0.11144615247830614, 0.6318467524636707, 0.00013894045997733543
0.07377425184238458, 0.7362443541587407, 1.6661078996170454e-05
0.07609913975299337, 0.5213041636202065, 3.809380886975694e-05
0.09179537226652369, 0.7361797811868149, 4.359228061182472e-05
0.06476221563755452, 0.7421489358407078, 9.242707978734334e-06
0.08951684134616679, 0.690286330114824, 4.439031722519621e-05
0.09209244350427206, 0.7329466874672709, 4.460737921116064e-05
0.10500235938760018, 0.8093942154375872, 6.515107087609315e-05
0.11115558750123454, 0.6637152620500189, 0.00012448012094507842
0.10605709924192781, 0.7309387245112183, 8.347930625215152e-05
0.07341392444076625, 0.7599139962977487, 1.5306015479184743e-05
0.10287977723154487, 0.6383565405776184, 9.573954053808394e-05
0.05704692469829284, 0.6303791850753171, 7.331350997652918e-06
0.15286059489101284, 0.7455680398335307, 0.00040076679466224436
0.04209592422153572, 0.7551853032399645, 1.3412664254597363e-06
0.11555017830625866, 0.8388446122343265, 9.242587826049415e-05
0.09245692683042503, 0.8151856458634079, 3.66932725228929e-05
0.08096657626453246, 0.767697703504917, 2.3074421679011014e-05
0.09476547454106034, 0.6554935646048441, 6.325424202297537e-05
0.10489770441342788, 0.7174051114351976, 8.256715000349333e-05
0.08328375618056949, 0.6968103042645005, 3.17104281889719e-05
0.11415498741110075, 0.7910627055634415, 9.851936289052855e-05
0.09178075087746666, 0.7663267751529372, 4.020175065374208e-05
0.09930717104768169, 0.8149499373009913, 5.02827152465498e-05
0.12449164786289883, 0.6895458419499716, 0.00018987009072216857
0.0846362171194394, 0.7027365063186092, 3.346789057039675e-05
0.1109842056185423, 0.68494248133169, 0.00011609322459189909
0.07779685591154549, 0.6149093433133134, 3.0170097540528972e-05
0.11752484444360362, 0.8112312436251421, 0.00010647488358597382
0.11936606636722581, 0.8375346819996599, 0.00010696364124066464
0.1351103288621412, 0.6989356486427468, 0.00026492389895981243
0.12555657247717458, 0.7239867151389675, 0.00017881267064821077
0.09382703447596681, 0.6007527670506194, 7.208045076873474e-05
0.1053667809866139, 0.6567329624960101, 0.00010048115112177279
0.0776591131274236, 0.8217766993454546, 1.6761193034120942e-05
0.12833616008759496, 0.5484801309892798, 0.00034306773647467016
0.09305306835160485, 0.7499663898073138, 4.459615004231649e-05
0.10460288966495813, 0.6264293115686063, 0.00010695816829114761
0.1271238858980423, 0.7994280017647124, 0.00015488404693194584
0.16135922322365875, 0.7228065359246428, 0.0005410214089859396
0.11269040224361457, 0.6098298371106209, 0.00015662138012705542
0.11337018393924135, 0.7328842577637521, 0.00011134995766174485
0.1644686079891008, 0.6708769735767824, 0.0006830388382858355
0.06933402569485969, 0.6316733251293849, 1.7224437866174047e-05
0.11766739347024152, 0.6066363098043841, 0.000191423865085061
0.13250140804551935, 0.6396927143185316, 0.00029026405574712397
0.03209332464682339, 0.5885513453550293, 6.693016638176462e-07
0.10589507253378518, 0.6572681592103998, 0.00010254961142285582
0.08209197399884945, 0.7261607524248106, 2.7404597476635414e-05
0.09590003151346799, 0.8197927745334908, 4.2614777391554195e-05
0.06851137473529229, 0.5342457308710928, 2.2847546893586654e-05
0.12259379755603772, 0.742645401672826, 0.00015299044113843704
0.09961527127368003, 0.7705557534708227, 5.701535316182345e-05
0.08991946008162849, 0.7655395879037477, 3.6811780804360204e-05
0.11178331028948116, 0.5275709462911997, 0.00020195881237140327
0.11764804587068702, 0.6078718469396522, 0.00019050860476276302
0.13759696141229466, 0.5970580185618831, 0.00039337951201837287
0.07599299196880749, 0.6868359090789947, 2.1810393639066174e-05
0.07112668360982927, 0.7514602344209017, 1.3617492718833538e-05
0.13018782891403533, 0.7095731158845994, 0.00021831384750036693
0.11357058899916064, 0.7332542412720319, 0.00011210541570962185
0.10864231085587842, 0.6949075517887492, 0.00010268509535996013
0.10871856491299384, 0.8380601091824135, 7.081934202706372e-05
0.10467209611116816, 0.6852742417105596, 8.963820165106778e-05
0.12878245024444085, 0.8495279309698881, 0.00014520446846561755
0.13145406586885183, 0.48744106503088847, 0.00048275565726236944
0.0173152531155783, 0.537542917830461, 5.3116142098592924e-08
0.09348592742664058, 0.7366962062486775, 4.7170718334301077e-05
0.05445905620620578, 0.7634580517253758, 4.07477867220569e-06
0.14474072874657942, 0.7009525136801604, 0.0003566054889601801
0.14429551510515984, 0.6467696978550923, 0.0004132178112423737
0.09415311438156503, 0.5883818056962248, 7.629921400862774e-05
0.04801770665908063, 0.7086036886522282, 2.7184747406577683e-06
0.11055584688096146, 0.5295081590652415, 0.0001909765895158073
0.08304897263425409, 0.6608291406851972, 3.482236700754759e-05
0.12383941491270374, 0.7842646635071542, 0.0001434233045463458
0.09341909959966832, 0.69917542227556, 5.220481603092756e-05
0.12003956786445596, 0.6338774597724187, 0.00019141798579149443
0.14753090071458022, 0.594830520077559, 0.0005385978099208659
0.048416811750791905, 0.7104261413282645, 2.804860431346213e-06
0.05145924396062181, 0.7416423488918793, 3.365238286407748e-06
0.07841595701939336, 0.626621820284776, 3.0083920806503755e-05
0.10901068428232139, 0.800749668501532, 7.849396214902982e-05
0.14606852076680593, 0.8692009818058888, 0.00024142078512380034
0.06366258816555558, 0.8620958828251453, 6.352514044483546e-06
0.11552255363487357, 0.6897141609361, 0.00013657192955594642
0.07748926044703092, 0.584465871015011, 3.281785978027343e-05
0.12134267315136885, 0.7862425047039632, 0.00013047055692308853
0.08825844736932381, 0.6989498351547945, 4.06819282286572e-05
0.0985923620886768, 0.7147990232624976, 6.331525954031041e-05
0.16140350945894075, 0.5285021337251633, 0.001013186724106812
0.10838705826240827, 0.6694395984193677, 0.00010950748119932284
0.09870330569040954, 0.7838061616937783, 5.291856045838863e-05
0.08498647730759007, 0.5805185308287015, 4.994280905080912e-05
0.04066389771774614, 0.8177357650183273, 9.82334802320213e-07
0.06628521690329495, 0.8167341238181546, 8.45352603481433e-06
0.08824712809612059, 0.6483012898681958, 4.726010483360322e-05
0.08935881934816758, 0.6320795905752054, 5.253237298270306e-05
0.11982104052031778, 0.7473323961548739, 0.00013661043070708134
0.1120298431693062, 0.7342627195066587, 0.00010527647705301962
0.1292778833866989, 0.6777514733860899, 0.00023202329040866173
0.09103006258218191, 0.7000521612497408, 4.646419286724311e-05
0.11181439411991356, 0.6072988817178433, 0.0001525987161009222
0.10250982487577194, 0.791769925608787, 6.125422604819493e-05
0.12773869639634097, 0.544034380693065, 0.0003416112116573022
0.15705948817079923, 0.7276203040437754, 0.000474065838285989
0.1120146935836101, 0.6973905005882375, 0.0001166336377304796
0.07177072016088673, 0.8573519018565893, 1.0884683460155981e-05
0.07589372520269141, 0.6724925971055854, 2.2620214104420157e-05
0.06777663356167593, 0.5649890419913116, 1.9482192059467902e-05
0.1054088251267635, 0.821775920480626, 6.428619988244245e-05
0.03422098343652416, 0.6402728697067461, 7.501059943790778e-07
0.12958292519023287, 0.6052960268778008, 0.0002939276755313052
0.20242036948206654, 0.7371556901205669, 0.0014104769424156684
0.12538633433849147, 0.7276022721177536, 0.00017598623909072296
0.07738602178288706, 0.717119149990238, 2.167196798789867e-05
0.07295523478675828, 0.6855096070936662, 1.8297309216145037e-05
0.07703945880452029, 0.6540732949396063, 2.5541784942620537e-05
0.04135425545554142, 0.6146382471647418, 1.872473331145639e-06
0.11494248721779346, 0.5931270301104348, 0.00018062799568929291
0.17180392036251363, 0.7089551736789986, 0.0007410949457942172
0.07680852950341133, 0.7182470298131641, 2.090353820327238e-05
0.12969294557446412, 0.7393268134185907, 0.00019775384683469563
0.09292578441770842, 0.7640386756917686, 4.27104992864949e-05
0.10010335659033202, 0.7489412033775154, 6.166581354840761e-05
0.11710235689435149, 0.7711424523872152, 0.00011598063214091479
0.07117621734665822, 0.632927171731987, 1.9254488796605827e-05
0.07363881495659048, 0.8027657512030628, 1.390138610577452e-05
0.09662983025758139, 0.6274047045951948, 7.522456906375793e-05
0.0885653121068846, 0.7822011421699372, 3.2982919763689456e-05
0.08710863682551455, 0.6380085599195905, 4.6087403671739374e-05
0.11910522355693037, 0.8016622077414298, 0.00011563215889394862
0.0645386174746081, 0.6745320276098631, 1.1019635792608015e-05
0.06211237356107286, 0.6185314850094928, 1.1071998733010901e-05
0.07222676075039292, 0.7310603536605834, 1.5393282494629075e-05
0.0889412149126895, 0.7569131851282622, 3.588617816997334e-05
0.086497408174884, 0.7625432869694159, 3.127883060580491e-05
0.1265650615535195, 0.7993417259937161, 0.00015194338655565636
0.0807120573333649, 0.7878832363289644, 2.160584289825037e-05
0.1118690549935806, 0.7015968314506768, 0.00011458150559590495
0.09608519796128648, 0.7002180385082569, 5.890984237081411e-05
0.08619695183658195, 0.7381397902926964, 3.2874038476820224e-05
0.09193578224881341, 0.6052715053823905, 6.492284938612792e-05
0.1696704860974122, 0.7284525542918348, 0.0006644022493289837
0.08602664090084933, 0.7563466341413648, 3.103910478731534e-05
0.06804596390426187, 0.838526597145183, 9.000417223575094e-06
0.10443773807298037, 0.7549599592495162, 7.312920830330148e-05
0.09186232098533514, 0.6957740504226867, 4.895917200727627e-05
0.0947404937386394, 0.6480290459492692, 6.464482810382951e-05
0.08264745589558603, 0.7975442311936106, 2.3402706948827637e-05
0.0975398757080819, 0.6101422942840461, 8.28906043561007e-05
0.06825932623483914, 0.6935331580070673, 1.3339643566573423e-05
0.09446646756844729, 0.727758374494085, 5.0607309338441295e-05
0.0694237112427094, 0.6227282105965167, 1.7823921159325513e-05
0.07096021286979057, 0.7368052939223423, 1.4019290154729981e-05
0.0927777478719906, 0.6040090131870423, 6.786281852333197e-05
0.06402952329192475, 0.6761284300717153, 1.059206611556397e-05
0.11468777320761162, 0.6345834382643941, 0.000156265735519801
0.03960559552084074, 0.7150301959593438, 1.1440524683792585e-06
0.12376100883649578, 0.6756231318504056, 0.00019271955135835307
0.11944126032729956, 0.7534125221699047, 0.00013254992585750948
0.1128239093860307, 0.6262019599501474, 0.00014931453495417566
0.047299633443373734, 0.6432415026519664, 3.0873935462253586e-06
0.12124036680814315, 0.7170322311561718, 0.00015629187608465266
0.10585943558871261, 0.8089601890495044, 6.759611317897063e-05
0.094623202199653, 0.6566156805324456, 6.262287738430469e-05
0.0696230980282389, 0.8140678575750219, 1.0562321843777957e-05
0.08348977972219435, 0.6568074908854353, 3.608081089974797e-05
0.12119292680194298, 0.7866780547460758, 0.00012961994455300017
0.08632813162288688, 0.7083810555030354, 3.593373198037776e-05
0.07230687783525226, 0.6528650605796574, 1.9395872663893286e-05
0.08734915071946912, 0.7483903099710385, 3.390375550655616e-05
0.15925952131483623, 0.6377126211066754, 0.0006561145353654664
0.10993105323332517, 0.7425570807440968, 9.47187418870006e-05
0.14129569747708481, 0.7438462649188808, 0.0002848176174513118
0.10079500437714205, 0.6778705737456222, 7.758968151346954e-05
0.10586005221752523, 0.5797494167131159, 0.0001316153410395371
0.05423996285674824, 0.590356708712515, 6.694870466301293e-06
0.10501588220305928, 0.6479367498519429, 0.00010172380702511819
0.06400164409185494, 0.7440809106625362, 8.729041235969735e-06
0.12637375906677442, 0.8199930382066476, 0.0001434286611544985
0.08696641191811467, 0.788104708421519, 2.998781911644615e-05
0.17368247476920293, 0.6812284052194149, 0.0008419897300207213
0.07930839255036556, 0.7019957257496737, 2.5194237010181385e-05
0.09536004417020677, 0.753738271141125, 4.9174178618211944e-05
0.07711662990787763, 0.6645955825924458, 2.484862612916482e-05
0.10337615535833214, 0.6457090525702125, 9.557444901595189e-05
0.10783449834655459, 0.6151193080437327, 0.00012681807496931516
0.03222820334231723, 0.6194605900737734, 6.15428142543848e-07
0.12831324616246856, 0.5302490031187569, 0.0003667758577736309
0.06078488361906572, 0.8880682057033107, 4.883979666964768e-06
0.07808622747297106, 0.6739876413629926, 2.5526400196818392e-05
0.14273370216738412, 0.7772056860319331, 0.00027277884916108644
0.06333148658191837, 0.6472818104922173, 1.1013001379707395e-05
0.13819990736737137, 0.8065838948337833, 0.0002197358476313954
0.11241359763674849, 0.6898036710262502, 0.00012109266058368884
0.13057883439935336, 0.5632455011909258, 0.0003510837264576731
0.09712453946378052, 0.6560885631891424, 7.035394284462034e-05
0.09544002609601883, 0.5668269298490916, 8.727289124878223e-05
0.13748024065475736, 0.547450092073607, 0.000466159005996967
0.0654175686673708, 0.647673004898006, 1.2685560489103856e-05
0.1450736406011791, 0.62795578624043, 0.000448845842525366
0.11620489749580432, 0.6514259975462838, 0.00015711701669452846
0.11047772460252489, 0.6526529733475815, 0.00012531701090768367
0.1514034051758055, 0.6136852909030883, 0.0005671152132904999
0.09732476973344618, 0.8114214390779472, 4.641473058731152e-05
0.09244864629880149, 0.6213748468077385, 6.312785118599131e-05
0.132716220300301, 0.8404116947710025, 0.00016937423366674995
0.05829694555168183, 0.7664286397396354, 5.4558694517425395e-06
0.09416717669069916, 0.7818694597141408, 4.3236986404858765e-05
0.10614462269823458, 0.6560667157262691, 0.0001039970634266697
0.10763075628925674, 0.5616681700943248, 0.0001508434287949514
0.0781451649016097, 0.794650422165376, 1.8423958759412688e-05
0.10661429351677192, 0.692866683383377, 9.507239764923503e-05
0.12487286587552979, 0.7015411755403265, 0.000185917004152253
0.13737376378201, 0.8160551867085123, 0.00020907569358870998
0.08561206962260692, 0.6679142372485435, 3.896534066609355e-05
0.08570366332295311, 0.6248702085837873, 4.472841980848417e-05
0.10128161553849574, 0.6493469534362084, 8.636683628033787e-05
0.09656065392280216, 0.6598108980007183, 6.780282675171731e-05
0.1689809378458161, 0.7209966993654974, 0.0006661703434615286
0.1581726557750542, 0.6755128048678691, 0.0005673837778856197
0.12071920772736458, 0.7021220024659899, 0.0001599398882660437
0.11918149106067735, 0.6602581045234817, 0.00017094531364654606
0.08290412284655126, 0.5941364439521187, 4.274924787606409e-05
0.10818182434739011, 0.6759768710047063, 0.00010650773484042586
0.09098671703172045, 0.6622138651224819, 5.181703236725135e-05
0.18427565306854096, 0.7155540916766809, 0.0009902388884244565
0.08838250122399496, 0.6426091339626835, 4.8426577351566864e-05
0.0893529286987039, 0.7917640347519869, 3.3469794081129296e-05
0.09103764415572937, 0.9427989105362706, 2.5627143455975767e-05
0.10139752310047405, 0.7985788098272726, 5.7391907174155545e-05
0.09568023520506046, 0.6992683176035553, 5.798237820194358e-05
0.07546742306969252, 0.6419337424794577, 2.4217392429396462e-05
0.0819548153081153, 0.8448963596921002, 2.0094939975184465e-05
0.10634934248726965, 0.7875166659163222, 7.279131259887763e-05
0.0642666262315022, 0.7969186755627813, 7.749507360844538e-06
0.09122566420343844, 0.6594938823768016, 5.2851741791499305e-05
0.11746286666253544, 0.6440297297039038, 0.00016854531534104874
0.10247393448697625, 0.5896365415937138, 0.00011027983970290484
0.12424187547563904, 0.646023488358307, 0.00021441169688924284
0.12291525213780713, 0.7919863202424893, 0.00013608051765884172
0.13316746547452835, 0.6771959068138753, 0.00026478235354619544
0.09731650115148884, 0.7074228279020789, 6.104193561856049e-05
0.1159330846547808, 0.7208957558973679, 0.00012697946172082576
0.066380958274663, 0.8492354607100443, 7.868666410168685e-06
0.14641321799461804, 0.6517845532959781, 0.0004338214563161018
0.05707535067000723, 0.6883917371576228, 6.161243723801647e-06
0.10471257367660348, 0.6664825891050724, 9.492555601519469e-05
0.11143402096985716, 0.7125802274386589, 0.00010918844730669745
0.18853000195090452, 0.7687211093741867, 0.0009486420243293075
0.09123336504674649, 0.6052645712181811, 6.276992968952599e-05
0.10607094966988297, 0.6069044384592843, 0.00012115732649293682
0.09986656323105113, 0.6563651597403914, 7.94553812956918e-05
0.06918434473517066, 0.7053796154994826, 1.3682156313282033e-05
0.08454253336764028, 0.8894904454682162, 2.0788083643645116e-05
0.10031296085920269, 0.7375586052476036, 6.417174445892896e-05
0.06786779802273062, 0.6316011342678584, 1.5681970509710395e-05
0.06920401481332128, 0.7091263149820093, 1.3554901659347657e-05
0.08204533601053032, 0.7584622290125705, 2.5057349588603746e-05
0.11671263083047284, 0.6026951138997259, 0.00018710661155435317
0.09885002141504183, 0.6153029457312913, 8.643421391929746e-05
0.043055571563335795, 0.9430085705229381, 9.498691798539502e-07
0.10603417705750286, 0.7402394990177589, 8.131734961373586e-05
0.10143584976687782, 0.6673652287865115, 8.231542458921654e-05
0.0827475802866201, 0.7811893095532841, 2.452317217368522e-05
0.13053865635608805, 0.6947089235157164, 0.00023046891124717223
0.09213028202279665, 0.7245066208272517, 4.573532215668747e-05
0.05361748220812502, 0.8704882099052198, 2.926768299307498e-06
0.10468997318064116, 0.7180171634415045, 8.17106443559365e-05
0.09947220711065254, 0.6612361069011745, 7.693792961660262e-05
0.1013587356107611, 0.7203081395526199, 7.042363914207484e-05
0.05972696028112061, 0.7952670608756915, 5.637541118825245e-06
0.09631986917159373, 0.6039803608875601, 8.003319455734601e-05
0.07766139786754714, 0.7254779268505445, 2.150900821254989e-05
0.14060510625663994, 0.6586611068488162, 0.00035550578054253
0.10766660101090418, 0.6336326538703082, 0.00011869904062125245
0.15696518726242564, 0.6294744921571344, 0.0006317486635264133
0.11495926916341644, 0.6692779979470533, 0.00014195358835342916
0.11301914983051929, 0.8501286286015447, 8.163296534090363e-05
0.15415225136752359, 0.7819658986986403, 0.00037806781335473865
0.1489390737256472, 0.7581305247967653, 0.0003457132179678722
0.08842355974433581, 0.5478032400953612, 6.67753050148035e-05
0.15349287396326639, 0.493590686417293, 0.0009311510613589578
0.11080503946309053, 0.766966382372836, 9.19337756061615e-05
0.05900435206493834, 0.7604872435435359, 5.843483619354181e-06
0.07239608263536441, 0.9014806246525569, 1.0228204400119891e-05
0.11662514908980827, 0.7451817088909575, 0.00012199084995025059
0.10421112712614394, 0.8257499611887369, 6.054674259278419e-05
0.0945483622467491, 0.7332633030855069, 5.004073056102228e-05
0.08777200251309135, 0.6072043814955143, 5.260930129257091e-05
0.05047354346330647, 0.6449118074879854, 4.087388692323844e-06
0.09619081552893101, 0.682477315066842, 6.231280856850704e-05
0.03631165703567436, 0.7234276144703508, 7.627433511319016e-07
0.10684093393032672, 0.7166694467528519, 8.969616815356791e-05
0.1148533003824995, 0.6301788190461666, 0.0001594665515063457
0.07602856852483536, 0.6275338435989455, 2.618120139657734e-05
0.12336105304092723, 0.6550365475121364, 0.00020212420849569204
0.1371940147234449, 0.7500979426884473, 0.0002460394088499233
0.06295161161582946, 0.6895735609049722, 9.450066102287245e-06
0.07926679456199642, 0.6183141595227284, 3.24003138206096e-05
0.08646650928370139, 0.8215430849116743, 2.6905191342614595e-05
0.1104410252835965, 0.677053073666722, 0.00011627714506559957
0.10231169822893632, 0.5620732637082797, 0.00012051783820628801
0.05666377226474317, 0.6180183569998177, 7.404696686774454e-06
0.13316899241534774, 0.5972949144970815, 0.00034037837738908354
0.060477760925938186, 0.6580492103110102, 8.699018401531112e-06
0.13404771718021483, 0.7805386791799508, 0.00020517219149696409
0.07028756581093847, 0.5280207124726373, 2.617757384772957e-05
0.11718033245285164, 0.8216631586371, 0.00010245639273711886
0.1305587430933428, 0.7910150846445174, 0.000177886336801169
0.10373780710353664, 0.6761893860103532, 8.850183522927222e-05
0.1000851929246849, 0.6184273353991492, 9.036823424111895e-05
0.16104221588813744, 0.7811173957966522, 0.0004592700480540492
0.10946784103787147, 0.8129168818022949, 7.757726144022564e-05
0.10411140423484297, 0.7336974534152678, 7.637028515658446e-05
0.10730877748340598, 0.8648494512324544, 6.278847807931468e-05
0.11135209222596493, 0.5896108599262508, 0.00015896731085215447
0.14488346259538876, 0.634373307431855, 0.0004372792695865338
0.07615916511876489, 0.7828083903946216, 1.6952451914805415e-05
0.12476909931157618, 0.6930320747686182, 0.0001898148574269414
0.09089529140885569, 0.5999446228097464, 6.285295006739214e-05
0.059753252876330085, 0.7884646659186206, 5.7463524148968225e-06
0.09123475320416691, 0.6396880780527077, 5.6199792300626564e-05
0.13126336807140854, 0.6509023563398854, 0.00026900837519650087
0.07550786017992851, 0.5781015874454959, 2.9931128416766795e-05
0.12335586574748808, 0.9293503115901307, 0.00010039455155659352
0.06534881453758719, 0.6667559056349218, 1.1914562371666067e-05
0.1287434359471452, 0.6433603991286926, 0.0002528410976905386
0.06967824635806899, 0.8211146180784601, 1.0418040993643397e-05
0.13626016510985686, 0.8415355529778158, 0.0001896898825022337
0.12103949396337847, 0.7374927839453823, 0.0001466660459080765
0.1614314304081514, 0.6951656774997966, 0.0005860529710566885
0.14102789316643594, 0.7592445144710813, 0.00027110944662436093
0.13954992094572488, 0.7308393377856567, 0.0002793394562152486
0.055451467369732645, 0.7910958793281168, 4.108894985411228e-06
0.09280135500968814, 0.7266150592575547, 4.694573090868615e-05
0.15381555692663718, 0.750484246000916, 0.0004065218479078692
0.09641799302867984, 0.9008275428505649, 3.6139169541575224e-05
0.10277851228148763, 0.6770446394427196, 8.474254996220174e-05
0.07841290527186955, 0.6194333584697352, 3.0780942687954675e-05
0.09083113804925298, 0.5597963136036912, 7.196788726289029e-05
0.14262177047314128, 0.6934704723573821, 0.00034145035804510504
0.11213743279319466, 0.7820398594002992, 9.319890300685992e-05
0.08280548210248279, 0.7776243399750283, 2.4824825347070034e-05
0.053771812125684125, 0.6993546569583815, 4.592101873470976e-06
0.1157579837646318, 0.7504136753381214, 0.0001164095509375835
0.10997157636087768, 0.7180700525126591, 0.00010145331671294929
0.09831452978437862, 0.6536709849841883, 7.477654402776834e-05
0.05621890995789881, 0.7877612466141865, 4.402094120434236e-06
0.0561397428328392, 0.810796502109604, 4.129828407566794e-06
0.07772910895631305, 0.4720972627025511, 5.0988374272942825e-05
0.09089573845090837, 0.5953752554891624, 6.382279704726367e-05
0.12684670368482845, 0.6472045147436217, 0.00023405139750659693
0.07899462161529569, 0.6091570303541592, 3.2880353449729524e-05
0.10135306979217419, 0.6741412731139845, 8.037971370197867e-05
0.06774256578321182, 0.6120566763865491, 1.6564328757323e-05
0.0947662934043009, 0.6954444808810983, 5.61976432059608e-05
0.17307133145063433, 0.7165644472613231, 0.0007492831682455013
0.07173767628137653, 0.6754621139210436, 1.7500564163248133e-05
0.12683201288016127, 0.7290333034175251, 0.00018436490536941782
0.06523037707073506, 0.5545663730133108, 1.7085919069281034e-05
0.12618225514403955, 0.7970124776011301, 0.0001508092949610614
0.07806249191684442, 0.6882561986125018, 2.4446249590794697e-05
0.1361657439539944, 0.8361352307213171, 0.0001915629204568909
0.12512966176063, 0.664761011437407, 0.00020893923870398426
0.06918483915188303, 0.6537850426938956, 1.592736939550501e-05
0.11529294832062102, 0.5303672396571649, 0.0002289520813504186
0.08613696812355838, 0.9171180032403681, 2.122998156215243e-05
0.1003924295530695, 0.7233094359351107, 6.695790850495303e-05
0.16494588061849205, 0.654451335631937, 0.0007269652734674985
0.04867308262397186, 0.6691432290725976, 3.235926674858587e-06
0.057755353094835746, 0.6857224391557939, 6.541465347600525e-06
0.12236121932980268, 0.7493278080893343, 0.00014902354837821808
0.10924907140905188, 0.6408499305324781, 0.00012373464957167305
0.11095510262873387, 0.734784718075738, 0.00010076128468996368
0.09897708816856791, 0.6426584546810945, 7.968159295551951e-05
0.10151484732415776, 0.6732471555782263, 8.116091454305327e-05
0.13481298277017875, 0.7943443558144382, 0.00020312708062912062
0.11023022941628553, 0.7141138977206939, 0.00010364636045339397
0.1054844440769043, 0.8177299646944614, 6.512910552084482e-05
0.11576625237952794, 0.6524909466604413, 0.00015402017201648463
0.10912423917113248, 0.7352984013012728, 9.351732168335841e-05
0.022985658278419446, 0.7266298460202055, 1.0109972964861786e-07
0.1588379451530098, 0.6913673609416056, 0.000551755785391196
0.106480117131852, 0.7049739687665352, 9.132742739637399e-05
0.12031108155468678, 0.8118072735152477, 0.0001178704107939121
0.1015697637803769, 0.6345751441149275, 9.157213283851152e-05
0.10086959022192818, 0.6382773099159174, 8.779953460224666e-05
0.14184599498646555, 0.6354034931183432, 0.00039706521693967005
0.12376201388531886, 0.7261702087512885, 0.00016682973466606942
0.10801501801244172, 0.6277515452402151, 0.0001226649660059409
0.10192552663302515, 0.7473905597545074, 6.70371778527811e-05
0.1169801036935947, 0.7078366360337857, 0.00013702273501139253
0.09748460483376484, 0.54004248433971, 0.00010554279732904734
0.07509044570036955, 0.5636514257223979, 3.0726796108420266e-05
0.12904307071488508, 0.7128867771140062, 0.00020804506097172023
0.11100808012284287, 0.8209073559355056, 8.089800387244095e-05
0.07605572130409233, 0.7286102090209369, 1.945161685876024e-05
0.1206581003653737, 0.7518495342384648, 0.00013917221988805323
0.10344661977917123, 0.839499273204737, 5.671226422617543e-05
0.11486262281833498, 0.5967847452098963, 0.00017787580462833518
0.07919276659127536, 0.619573962184889, 3.213629815772603e-05
0.1306821608710367, 0.7661456250927664, 0.00019041229880653626
0.05177836482295009, 0.7431870260887802, 3.4436762480748146e-06
0.11177582339681488, 0.6585841842240581, 0.00012956090273249685
0.12713581971447946, 0.7732921193891856, 0.00016559896175335955
0.1059008469345833, 0.6482984769460589, 0.0001054322321564555
0.07597204475902866, 0.7515742689892168, 1.8192772084657304e-05
0.07709147085954042, 0.6120951649850369, 2.92520198346926e-05
0.14400480073278, 0.7862144126780368, 0.00027716766661037723
0.09156259531142552, 0.863250503389712, 3.135103122922594e-05
0.08895283167793942, 0.8335508798716819, 2.9607701296603197e-05
0.0995804455164839, 0.8119811093681628, 5.1267239313583296e-05
0.1212726856623111, 0.6104018698422407, 0.00021591925161392427
0.11344099304695116, 0.7793850320858959, 9.873016467210165e-05
0.14045815988112503, 0.7035645618207673, 0.0003101449203856858
0.13768195637998665, 0.8902864857184438, 0.00017740475671024328
0.07455371276085647, 0.6403606625551299, 2.3066485109588295e-05
0.11149668796931135, 0.7099223430803248, 0.00011028002640238254
0.06317041101303673, 0.6522697903380157, 1.072436678739587e-05
0.11097062559804698, 0.7761069101267986, 9.037288527481599e-05
0.06476766012400384, 0.7159473664129246, 9.935273301071043e-06
0.12280972732395296, 0.7539298023930731, 0.00014959884834915476
0.1457110628316423, 0.6713304890048751, 0.0004003688389018938
0.14639546912426687, 0.7305193695150569, 0.00034516283147248823
0.0591746086286419, 0.9376227282039278, 3.8931880300199165e-06
0.11415683760550575, 0.6195111647403677, 0.00016064829149522046
0.08775224882917043, 0.5867942931718839, 5.62769375173826e-05
0.07108171090905635, 0.6590187740970069, 1.7656513974977946e-05
0.09358914412836832, 0.6226179501868147, 6.63612740705509e-05
0.07323557112410312, 0.6314737567019226, 2.192968553774216e-05
0.07961784288860646, 0.7727890816582286, 2.1148994903282634e-05
0.09466959466520486, 0.7583114596416416, 4.705404208382508e-05
0.10821394961989207, 0.7399701391248694, 8.899872822648715e-05
0.15659124457292553, 0.7394297927711687, 0.0004530528856360912
0.14558603691240268, 0.7382739624216744, 0.0003298052607736687
0.07525877158136703, 0.7287951385672611, 1.856121127145532e-05
0.09425554427989513, 0.6822451238504036, 5.7021075052738243e-05
0.10669511434590848, 0.6102662681865735, 0.00012295978984622444
0.09565314876418154, 0.8008624658763428, 4.414960366932351e-05
0.12737230259127472, 0.6508142125954954, 0.00023571207962356377
0.08761682284173143, 0.6448742588652393, 4.628079567852707e-05
0.11183743295175384, 0.7408301003327719, 0.00010263897202426625
0.07356516464290712, 0.6153910944103933, 2.355164316119759e-05
0.13594356525282486, 0.5842341206469652, 0.0003895562235750453
0.07217256108220325, 0.6915603849406342, 1.714521738981771e-05
0.08474447269250124, 0.5617359023236695, 5.2673431586845454e-05
0.08818307974208386, 0.6840722536724658, 4.231137118993723e-05
0.09647873336564877, 0.7686661385734104, 4.977249448889635e-05
0.06537441425842368, 0.741698655557404, 9.645067705784723e-06
0.10486472584014415, 0.7484612351362706, 7.575246100700631e-05
0.12657403801409897, 0.6500062062547399, 0.00022985147024368833
0.14513373626718593, 0.7242618422750089, 0.00033803022948229657
0.11587831488990795, 0.8982680566149064, 8.161378841010274e-05
0.10081490984959764, 0.6655393374549564, 8.056147477268337e-05
0.09671969063016694, 0.7899407065196346, 4.764775722709964e-05
0.0937716943475206, 0.8025119039590438, 4.02882765174787e-05
0.07982621849074031, 0.6726876118063714, 2.8234459993553835e-05
0.11984154969609011, 0.6141922350761897, 0.00020240903104969154
0.08188902910198072, 0.7368331620855965, 2.632817444743025e-05
0.08860906447172323, 0.5673262985093026, 6.283533449190981e-05
0.11258070664321727, 0.6652523177279012, 0.00013104926026507812
0.09119257566159782, 0.7220385861129471, 4.4021699459146626e-05
0.07240337746697767, 0.6610854589043174, 1.9027841298401345e-05
0.07515986252500814, 0.6951977413736102, 2.028091249597896e-05
0.08974210098434722, 0.7642811476743592, 3.6613650109946206e-05
0.1039938950122387, 0.7946150729967832, 6.478684273026816e-05
0.1238955291990605, 0.7695491258831461, 0.00014925812884523422
0.14911915046099947, 0.7774102480354486, 0.0003305311739225231
0.07048303118143305, 0.6555656777887524, 1.7191176626515844e-05
0.06719232067511004, 0.715587258570065, 1.1690877744324235e-05
0.08182629892328719, 0.560218861423345, 4.5391991761916575e-05
0.11614943743312373, 0.8850238151164362, 8.494371861895235e-05
0.08327477188539179, 0.6843381701386587, 3.2861210410726836e-05
0.12304286040235045, 0.8089675931559298, 0.00013102431284886906
0.11669567291069188, 0.6831605857319699, 0.00014553290698084213
0.13406374426544457, 0.8358719946490322, 0.0001790013325615374
0.15396264841112983, 0.7311729205618704, 0.0004300840545319367
0.13050915672030183, 0.6542882075821613, 0.0002595661398918182
0.0760152967224518, 0.6733307926777657, 2.2723400525459745e-05
0.0556929163352328, 0.8580979859850073, 3.55968817879212e-06
0.13308421723137168, 0.6672665352492495, 0.00027197190779931025
0.1296617656347145, 0.7581241791056815, 0.00018787011380815022
0.1085306506955099, 0.6242585609028108, 0.00012666816334918197
0.04934523589174108, 0.8227734448015147, 2.273444591434229e-06
0.10721191291222122, 0.7010522693259996, 9.517754441557348e-05
0.1205740206188593, 0.5211496435095223, 0.00028877359278858757
0.10349862830510187, 0.8509032504187097, 5.5324531568924783e-05
0.08756179810211716, 0.684032539659581, 4.1020120088310935e-05
0.08331827782984663, 0.7966984550906879, 2.4301618529792583e-05
0.07021573315546513, 0.5345963497746404, 2.542292009400562e-05
0.11625321017301263, 0.5925111944325145, 0.00019026310306800964
0.059181571591399, 0.8175846368921417, 5.122960718484037e-06
0.08540566586071553, 0.695614917753382, 3.55442641832072e-05
0.06592309384905945, 0.8192147955599615, 8.202300561773324e-06
0.10260753863715034, 0.6297846233802199, 9.722334939319787e-05
0.07859230025009298, 0.7022357934812486, 2.4192011087893937e-05
0.07647651053216747, 0.727453544849126, 1.9993040629348555e-05
0.1051214844453823, 0.6217792812640168, 0.00011095220516408042
0.038359757234418576, 0.6482587293574938, 1.2092689168962944e-06
0.10233089529411793, 0.8374461613337272, 5.433527999749201e-05
0.1290627679622603, 0.7673795020831187, 0.00017966761325341542
0.08395828495045346, 0.7506502153203997, 2.8311985516488313e-05
0.12990441582631393, 0.6556152648406066, 0.0002532870618722471
0.10218828074437225, 0.6168005405570474, 9.95499881533157e-05
0.12710775486776354, 0.7733852818720682, 0.00016539832286472045
0.06275847706244991, 0.7069446714993591, 8.870612119306885e-06
0.0730501349677164, 0.5425715282778791, 2.9375441087638825e-05
0.1466994074345101, 0.701554308450925, 0.00037768356527399745
0.11718123266314842, 0.7490435389421832, 0.0001232898278340475
0.1474590315774576, 0.5998577840322246, 0.0005284736767121023
0.08608325593922968, 0.7925037350678468, 2.8353421604571158e-05
0.11394195743770894, 0.729096427627722, 0.0001150281489318588
0.09141059659297145, 0.623627449016487, 5.963486536420229e-05
0.10358388964193513, 0.8738314919270276, 5.2649743402710894e-05
0.11502509207785948, 0.6481928895679638, 0.00015172067491630068
0.07974373816658446, 0.621744636830516, 3.29008258274418e-05
0.10430865303547207, 0.7056375899238633, 8.325531439887762e-05
0.12545324909436642, 0.5683018471303531, 0.00028915331881429864
0.11599723297105338, 0.730556674545862, 0.0001239446088858921
0.08427552344251002, 0.6781306971698352, 3.527162810714872e-05
0.0629563694147226, 0.6809208621043841, 9.69498600972884e-06
0.05100076211961457, 0.6996756075360918, 3.6350447365499793e-06
0.12682568788966808, 0.7686939507154535, 0.00016579474733997105
0.11242637671873094, 0.5542375213529118, 0.00018766971439944415
0.12077123108664242, 0.6306111277326857, 0.0001986469986438887
0.12287823167714927, 0.7059546185121081, 0.00017104174634640528
0.09938960675890986, 0.7579870809005935, 5.833679533837929e-05
0.09572517003336821, 0.6869379295904249, 6.020685584596896e-05
0.10837508892253465, 0.7416151229547456, 8.918635122079371e-05
0.08281835903728926, 0.8175563221411339, 2.2474377302932948e-05
0.10422479506491433, 0.6820428777039494, 8.88004486977859e-05
0.0773174482959245, 0.7791163663645598, 1.828867733495482e-05
0.13249708367340202, 0.7021066487962417, 0.00024091704672931855
0.13301853165095656, 0.8279751438724225, 0.00017625634348801322
0.08143198754809168, 0.7978394049129477, 2.1909531283009082e-05
0.06672204703080481, 0.7098574928216657, 1.1518840060635961e-05
0.11687661482657118, 0.6852908229779616, 0.00014561885510976156
0.08497398122368396, 0.6986504481848383, 3.445912657606775e-05
0.13388944044277767, 0.8016786676665764, 0.00019348579184187044
0.07467387138287716, 0.5629197567655666, 3.006180484210892e-05
0.08148184445327586, 0.7060398803386179, 2.8052732950602675e-05
0.1783043328647499, 0.640260179715888, 0.0010699543746979924
0.14342269066943952, 0.6882378953213967, 0.0003553099282934007
0.12269776718426911, 0.658942952779895, 0.00019505251936283703
0.14658777802770964, 0.6216920208859711, 0.0004793419766664752
0.11961204340846202, 0.8199790483412056, 0.0001126081928128099
0.0747181906840166, 0.712399250222584, 1.8818929517635203e-05
0.09203813820524576, 0.7936882744183416, 3.79423650660348e-05
0.15936904932462156, 0.7083332719492159, 0.0005334185736127195
0.11102222663292285, 0.7843608524480964, 8.8662053020451e-05
0.14121943539238424, 0.5983685361574662, 0.0004391006404520296
0.09548688110654475, 0.7722510428106395, 4.711955781951664e-05
0.07020598282669219, 0.8191383739028183, 1.0821750009193428e-05
0.10216979841740319, 0.7490333073327864, 6.745013106110367e-05
0.07333172052290361, 0.6551654845112322, 2.0490290979322084e-05
0.0916996497449178, 0.694734926877865, 4.8724277640602115e-05
0.08557651368029937, 0.9139579021346018, 2.077177967892494e-05
0.08624672105544316, 0.7019174991601183, 3.644694796185205e-05
0.14268404508909446, 0.5586354329098605, 0.000527182223696866
0.0, 0.6396412046226518, 0.0
0.0916208911255103, 0.7906501579071995, 3.747770804864639e-05
0.12743704063821146, 0.5854410454102696, 0.0002919446650967303
0.16402490835996597, 0.6664884874313892, 0.000683886025871688
0.07862466099639201, 0.786668247305998, 1.9312625253335076e-05
0.12160675345279309, 0.6623120902001992, 0.0001856326591022306
0.13735343214335363, 0.6151349600144354, 0.00036772143567807635
0.16467448270364826, 0.7334827932719987, 0.0005745684716755479
0.08604702556726118, 0.8181001625586897, 2.6557716705598847e-05
0.08337580384704227, 0.7884306545911738, 2.4889435341951346e-05
0.08360218278091897, 0.6727148213123472, 3.4598830403238004e-05
0.05406916668589298, 0.7818160982083857, 3.764742314966239e-06
0.11267585565599134, 0.8447293872921067, 8.158052500633619e-05
0.12665305978269034, 0.6591364245978566, 0.000224142541990981
0.12407266483313333, 0.6661251250304476, 0.00020046065821990904
0.13927337677463875, 0.6464786792930728, 0.0003538972175973384
0.13304537060562727, 0.6716585377998551, 0.0002680820866760593
0.13124966066882257, 0.5575925979716179, 0.00036640714179473835
0.08718082825602212, 0.6370567520753425, 4.639402048822099e-05
0.11419824902474231, 0.6771094742203866, 0.00013469444157742586
0.08440064197774055, 0.6243524047631794, 4.1882019976775384e-05
0.14486582484572783, 0.6520828903368476, 0.00041362848428767103
0.06667453838086354, 0.6073323815762716, 1.56868989747535e-05
0.05739153764420611, 0.54401019692298, 1.0108399634235718e-05
0.12382834879662445, 0.6376644331848764, 0.00021686520084552227
0.078993994468016, 0.6566529480302129, 2.8294891401609238e-05
0.16069352591834513, 0.774643200549176, 0.00046254644040722077
0.07805269073092083, 0.7866125188916404, 1.870470477024912e-05
0.0769111079262765, 0.7363554306682805, 2.0005195784034847e-05
0.09822836182264452, 0.6969320028384806, 6.552808066059219e-05
0.08031931358743688, 0.7818228572241755, 2.147618415091928e-05
0.1093529480415665, 0.7456356232656995, 9.178395779460712e-05
0.0960536960141869, 0.6254932766868502, 7.371953036048494e-05
0.1273683511957781, 0.8677675552670377, 0.00013256528151571267
0.05954870653422526, 0.6575721060451705, 8.137994569118557e-06
0.10310486299584541, 0.6292654161042429, 9.947785839455523e-05
0.10988125137970556, 0.709924600007574, 0.00010342017584408713
0.08214574279591942, 0.7407035408006971, 2.6415043135768622e-05
0.049778037757252855, 0.7551181657101282, 2.8048023403658245e-06
0.15389942740089896, 0.6496232798741222, 0.000543858042176019
0.11799240493233532, 0.6936936715394525, 0.0001481795479326416
0.09573219135549808, 0.7201388041968113, 5.4801023749043116e-05
0.11362100900419737, 0.6641116659697852, 0.00013693097547906637
0.05863572064849172, 0.6718594576772051, 7.2832128504997865e-06
0.07566368866134189, 0.7499945960805436, 1.7945463141267205e-05
0.06650377578141417, 0.6122499902266827, 1.5262724243189113e-05
0.12075363591556235, 0.7178113828969442, 0.00015321672210808006
0.1191342473878032, 0.770731858835082, 0.0001252334736916178
0.06335897003754194, 0.7003771169399567, 9.424486123003574e-06
0.1153386918335346, 0.7989147806508041, 0.00010107763665342451
0.10234731298573901, 0.714826157505472, 7.462792798289192e-05
0.10322745656865799, 0.646672928247945, 9.4688128844723e-05
0.15622500480249554, 0.5901439467644497, 0.000703967142276509
0.029900184081317158, 0.7545172318427928, 2.982583182736036e-07
0.14273256273192558, 0.7096200311855427, 0.00032720176979775446
0.07211672521341704, 0.6314318478218615, 2.049610418431346e-05
0.02118188507634655, 0.7617874534389504, 6.420111025227368e-08
0.08325455160231007, 0.6123811545858977, 4.099372670446339e-05
0.05084566516166171, 0.8791169736142666, 2.271903456543374e-06
0.05716448272762101, 0.8132512417756318, 4.445002914390129e-06
0.10069571566235537, 0.6087488087411714, 9.579393577507097e-05
0.08978971020472411, 0.6153464156744246, 5.6613949625912466e-05
0.10028425171390318, 0.7330806607364428, 6.487635183434849e-05
0.10720071311976173, 0.8883587343561314, 5.9245983186278126e-05
0.0773957447611754, 0.7056281269710175, 2.239594012593858e-05
0.0688593395217728, 0.7366168502121379, 1.2289073760462772e-05
0.09304438261554092, 0.6928470837179618, 5.2230935922494805e-05
0.15224028694729552, 0.753120149929986, 0.0003858047543262633
0.10443287352077502, 0.8576965844966403, 5.6647707509444004e-05
0.06438552398241862, 0.7717653320524412, 8.330356671645038e-06
0.06375803388387415, 0.9230562717483001, 5.577803023707135e-06
0.1298146838812394, 0.7049018271355231, 0.00021844063634357012
0.10302381301000843, 0.6958584525297535, 8.106802803454203e-05
0.08132127313455911, 0.6209415017299064, 3.595529581043482e-05
0.1058937949103424, 0.6194399355499429, 0.00011545101340275161
0.1139132092150736, 0.7430668566691565, 0.00011062062280206447
0.105649000327183, 0.8046036094822498, 6.773445940454258e-05
0.0827713519050883, 0.5975935945372397, 4.195910765227629e-05
0.090595010875513, 0.7500088603600056, 3.9636194189139654e-05
0.0978783573077273, 0.8455194988504422, 4.382682390770585e-05
0.1030533364499763, 0.5720364612732773, 0.00012011341793299124
0.10361254175707352, 0.6667476416523428, 9.05434758308962e-05
0.12404021150967454, 0.5601941834542167, 0.0002831155336741656
0.08829758321957727, 0.6652842386035105, 4.499105960063206e-05
0.12379639481933567, 0.6697135345275174, 0.0001963825676274448
0.055724412698542565, 0.7684845776621934, 4.4493419511817505e-06
0.1351181184213367, 0.731815075766549, 0.0002417146561446656
0.00839988706884244, 0.7898929220585651, 1.0200762133648418e-09
0.10206669680791228, 0.619050035669691, 9.831148466822259e-05
0.12390345052619792, 0.7892746225971566, 0.00014193077788260402
0.12635245331339107, 0.5846397382530685, 0.0002819404712387944
0.0964873451183344, 0.6355745294407659, 7.282868994756614e-05
0.0601241426987044, 0.6115981567919659, 9.814059973867313e-06
0.1583223924703195, 0.7121951734931656, 0.0005125711502717204
0.16553482922924, 0.7317518896346297, 0.0005906789394555949
0.02956708626598814, 0.6263282929149867, 4.120210090515362e-07
0.08218220923056113, 0.741071522857135, 2.644039989142854e-05
0.17515519695532886, 0.791878565119247, 0.0006467106957323932
0.08072693353333144, 0.7982001135016397, 2.1068010801761773e-05
0.038828979996393356, 0.6684086631900182, 1.1999636169176049e-06
0.09411651692977502, 0.7213489991044627, 5.067628316729434e-05
0.09027161153855352, 0.6793623143189897, 4.755413143926891e-05
0.11831537713185547, 0.8572720393283932, 9.819962412647937e-05
0.1437077958377583, 0.6260913141637302, 0.00043311575715846215
0.0644744264773732, 0.7412738026920497, 9.08476167259252e-06
0.11593595400283399, 0.7331672356705016, 0.00012277773465231996
0.08885816370720966, 0.6282227268576968, 5.188082577819464e-05
0.15509554060326303, 0.6795691759513505, 0.0005142040837769892
0.1426408071065069, 0.6738795317145542, 0.0003618045561231724
0.09290919711905173, 0.7572612474203013, 4.34442939305432e-05
0.03959752671861573, 0.5580426133260278, 1.8765953492622595e-06
0.1538086854758861, 0.6188791610236359, 0.0005976817081409144
0.1335492557026206, 0.8041277363197203, 0.0001901683722711503
0.1258750775833934, 0.7822688516600733, 0.00015487764160718038
0.08936946568943044, 0.5630495321477177, 6.623766335134508e-05
0.07533890614841061, 0.6949076235084464, 2.051146642094126e-05
0.10356646875899024, 0.6017802768846293, 0.00011093136053185632
0.05632309132875874, 0.7085686548814469, 5.485579971955271e-06
0.10740138571477947, 0.6548565492513669, 0.0001099302054155819
0.14946942338946953, 0.7323524439721615, 0.0003763188794770471
0.06620872807293046, 0.5703596775087949, 1.7246276499272304e-05
0.1041569752320639, 0.7152644901437217, 8.051213598010613e-05
0.09135184095642776, 0.8419161548511354, 3.2627541306310185e-05
0.14747564347423947, 0.5507991372513568, 0.0006271172016397941
0.06763591574635827, 0.6933298535584717, 1.2819365899427253e-05
0.1481480663773147, 0.8108398307979007, 0.0002952283730627934
0.08024570169317943, 0.6918052896168566, 2.7318318748478822e-05
0.08992084524832948, 0.5181786894948119, 8.0351219966311e-05
0.082293569885465, 0.6115664898836091, 3.9056066915878844e-05
0.048707762786174794, 0.5626602443830446, 4.590980395105471e-06
0.10806640931937966, 0.9076772681674498, 5.879523814445138e-05
0.10106063515570388, 0.6649154100022431, 8.158193532586303e-05
0.11801157764243765, 0.7537925008755405, 0.0001255829219681002
0.07375678794091288, 0.7132727017044603, 1.7733051279786133e-05
0.10483208482356463, 0.8331937604821711, 6.104476967904364e-05
0.06759466079408386, 0.7141019392652752, 1.2052024374274284e-05
0.0877423383729604, 0.6224733028358871, 4.998560313760565e-05
0.1076719771111335, 0.6292875339644043, 0.00012037033419061885
0.11888924278328986, 0.6116153238165096, 0.0001970772300410473
0.08037475256198146, 0.7513782606582625, 2.332249996840167e-05
0.09594003967969296, 0.6352133311875533, 7.110927021316334e-05
0.14047644991774466, 0.7319641866808868, 0.0002867092698012167
0.0862453462354387, 0.7270433962598296, 3.396895424095352e-05
0.10457647569614306, 0.7665422792973018, 7.135152785178904e-05
0.1035519297074638, 0.7402459031353525, 7.326725766517278e-05
0.10741982752234724, 0.6907944018449063, 9.886438325405105e-05
0.10988234177330526, 0.588940011679588, 0.00015028186081118635
0.1272271504561887, 0.6817405805681177, 0.0002137365160600185
0.08099113110952476, 0.8848945436939655, 1.7390325286176648e-05
0.06147974911945576, 0.8065978956980748, 6.2240476498523155e-06
0.14414291709763685, 0.7408185497597146, 0.0003134965390201317
0.07671859810424561, 0.6795560003514599, 2.3231555545713973e-05
0.09383697370189865, 0.5981570255061673, 7.274129871841684e-05
0.08865425154110543, 0.6550628202161195, 4.7236541606249656e-05
0.13895346110642676, 0.7423940799752718, 0.00026565752352568486
0.10703039455374991, 0.7724031777984164, 7.782321164790839e-05
0.11823902347021964, 0.7097646502738417, 0.0001428515104084473
0.11398341244085361, 0.640166427944784, 0.0001494456878851311
0.10588244894998804, 0.6481911643875252, 0.00010538654932423664
0.09451475691225576, 0.7340789929836998, 4.985154704039726e-05
0.08211969449299134, 0.7598312552145812, 2.506685328238192e-05
0.09732366029230281, 0.7187170854715762, 5.915767119323461e-05
0.1010854492033496, 0.5563584882192143, 0.00011665047187224088
0.10431968602669493, 0.6772007694340401, 9.04362623402215e-05
0.02700756821323015, 0.8236841787967811, 1.5994864599891345e-07
0.11270245325960805, 0.6911782253578522, 0.00012198112322208166
0.11349931240392441, 0.5768597462241529, 0.0001806323958214069
0.05511515662807, 0.7468125453246748, 4.488852029943539e-06
0.11399761325930256, 0.705857361227569, 0.0001229910017968786
0.09929398846271985, 0.409343144980078, 0.00019918281192439746
0.12330696994838991, 0.5551084737356081, 0.0002809025858496674
0.11730624826013003, 0.7305418083796629, 0.00013022332660562674
0.08263176295580507, 0.6998313164147614, 3.0368688265789066e-05
0.1559722043256285, 0.5111038820130364, 0.000931869852707904
0.09041867965427389, 0.7268277506174999, 4.184454059358232e-05
0.08454544362327548, 0.6399225410372514, 4.017056985080004e-05
0.144262829722123, 0.6753225400033509, 0.00037863693141907214
0.05139618349618201, 0.7661906210328169, 3.136086742116588e-06
0.0724979814964628, 0.8062117959202946, 1.286772073389681e-05
0.1037550815933815, 0.6188480684022267, 0.00010573994330813886
0.12136389167784534, 0.7381828007107184, 0.00014812618141934116
0.18132588885894235, 0.6888585206305536, 0.0009952427303768247
0.052076425402594335, 0.7745069321534087, 3.2518942126023564e-06
0.10351066715637429, 0.7105822323822615, 7.937279672793577e-05
0.1024177315787238, 0.7798576877850432, 6.289061660813891e-05
0.09550081918974973, 0.6939312251363555, 5.8393467257778776e-05
0.056927387488786174, 0.6303485673134166, 7.264703150588964e-06
0.10790139449247008, 0.6216844402522472, 0.0001244930061970578
0.0036518341249868608, 0.7361792672152625, 3.006403856580206e-11
0.12837667581593867, 0.7846986758589762, 0.00016784136832793083
0.12687107264785236, 0.6803538596306097, 0.0002119784356098874
0.15166249899914014, 0.7595329887786639, 0.0003730239602784639
0.09382007864036092, 0.7628769410694908, 4.468465495334631e-05
0.07519724624637111, 0.7577664669526065, 1.7107385963559297e-05
0.03469305835272615, 0.6072906022586813, 8.856051981997446e-07
0.18154486204630027, 0.6775422929754865, 0.001034242814414422
0.12186032713196009, 0.7242698767015062, 0.0001566604414905656
0.07812951273402986, 0.7866328524723728, 1.878487227062469e-05
0.10496688716782572, 0.6570106081777133, 9.873049939056991e-05
0.14202036817135016, 0.620411046198287, 0.0004187450093711179
0.0741514087462144, 0.6746912714766354, 2.0289955816706102e-05
0.13680104278731495, 0.621589806593227, 0.0003537948639712027
0.13863887834593014, 0.6979109964267202, 0.00029761853419327196
0.13593307821558606, 0.7726631920222969, 0.0002226466251507803
0.07418568951768409, 0.7277985780980274, 1.7472381227663375e-05
0.026918187516743325, 0.6800322694507684, 2.312642146174223e-07
0.07657074878205353, 0.7337997947007538, 1.9755474219602175e-05
0.09793123666405577, 0.7604727382024172, 5.4306529269368524e-05
0.10294474130979525, 0.770596163145824, 6.588257204024348e-05
0.1440355334028923, 0.7049082322521129, 0.00034511765060958344
0.1153859001586632, 0.6782775042280828, 0.00014048279427572339
0.08516838082466491, 0.7389031902098382, 3.1118290671179986e-05
0.09093386370069553, 0.6433232502171602, 5.4764639987477225e-05
0.10429149341674365, 0.7283699327519956, 7.808308758282668e-05
0.08808815965016112, 0.6309498186776479, 4.950093691619913e-05
0.11449746474631149, 0.729573420672405, 0.00011736259934259056
0.12362257566859186, 0.7927936648085355, 0.00013927585124767455
0.10519794910357629, 0.757901136460404, 7.491568968554268e-05
0.08779797412653699, 0.5900133526893391, 5.57922652024411e-05
0.10207793253604762, 0.7125980917009117, 7.422954435134863e-05
0.08831773389178921, 0.694064052216766, 4.1378775012799274e-05
0.12980628257419308, 0.6328369176697247, 0.0002709464216142422
0.038507838808094934, 0.6748807485042383, 1.134822810056942e-06
0.11000710197292306, 0.6821562892683574, 0.00011257690549478495
0.10703842122187933, 0.730418285752707, 8.705571364534841e-05
0.07061674976033713, 0.7376976573449636, 1.3689988299214138e-05
0.10134423761767351, 0.8031877225307703, 5.6604067272335694e-05
0.13464941937903457, 0.6427101701855814, 0.00030862797325042086
0.14745705079893173, 0.5471033142199412, 0.0006352659787725182
0.0929074444450779, 0.661825305478605, 5.6872382568426476e-05
0.06822067273182042, 0.8226135448432667, 9.458114662696974e-06
0.10263099002606516, 0.412520786212332, 0.00022682958812008142
0.12279126284097669, 0.7540588457432892, 0.00014944874384250048
0.1372752301102088, 0.6645071780480559, 0.00031432008815243927
0.09736795879206683, 0.8020223734430175, 4.7601826655510206e-05
0.07421275682083847, 0.589995974356641, 2.663014221282923e-05
0.039128411886944096, 0.7260039209912627, 1.052092050295052e-06
0.07150712106875426, 0.8624257740830426, 1.0584231581123307e-05
0.10293348801365573, 0.7803865920640392, 6.420897439028252e-05
0.1108078633399884, 0.6068363554540513, 0.00014687005893889308
0.06775964134592735, 0.8201410812710671, 9.235525206909417e-06
0.13118395001987052, 0.6105831072304335, 0.0003048957871652529
0.09324636764243194, 0.6824267567626325, 5.435434492304072e-05
0.09746206772446867, 0.5593578234783996, 9.827955831690333e-05
0.11576881881138927, 0.6666742420619483, 0.00014755080904175181
0.10785031140616169, 0.7387237220243116, 8.798648765464303e-05
0.12846779930588476, 0.6500459030254907, 0.0002453424502975624
0.1111566264345423, 0.6839013868225271, 0.00011724504612345069
0.11599173009482437, 0.7366158078472153, 0.00012188850308044385
0.1100000000386861, 0.6648951722288364, 0.00011846426202520443
0.12929658109511596, 0.7280052909423852, 0.00020122401369828072
0.11874713303276396, 0.648632655141648, 0.00017430508782550902
0.10750272784544111, 0.7271060698474953, 8.953979350900626e-05
0.0832381508375207, 0.7257677223597304, 2.9160116990477068e-05
0.10087575158922679, 0.5675622826204898, 0.00011107100236881922
0.11140471953102946, 0.5650652708903047, 0.00017343808071076776
0.0539218203032593, 0.7577719808336654, 3.959613609960957e-06
0.03992497790196562, 0.7142532229381781, 1.1877856965418782e-06
0.14635091095282246, 0.6532222171959402, 0.00043110582837355637
0.10608825210955192, 0.658080586549493, 0.00010312022043136864
0.12197451812243329, 0.722826850783329, 0.00015793610814334951
0.10577937325604744, 0.7257116025035995, 8.371477567076616e-05
0.16562377736595868, 0.6271318243083482, 0.0008060983508531644
0.12886782421733034, 0.7832029949992976, 0.00017133772673825424
0.08500379085800698, 0.6944681459042066, 3.4929287816782327e-05
0.09800939695648071, 0.685281852579608, 6.711280486413567e-05
0.10735934685287664, 0.7822360452540342, 7.691050015863657e-05
0.0637545538146631, 0.6514877017884871, 1.1194450501170717e-05
0.10579605340632497, 0.6616553632161519, 0.00010077849731356905
0.08629294895408393, 0.6176526821350808, 4.718115854853383e-05
0.08926366128440769, 0.8590364626928821, 2.830814186698829e-05
0.0915846283181039, 0.6098184342846596, 6.289037492518172e-05
0.13330370733352961, 0.7274312557368894, 0.00023050894572057895
0.06322779787287927, 0.6555988368100191, 1.0658227744025558e-05
0.12318895958282014, 0.7627889647230957, 0.00014814021081365408
0.059335870182878205, 0.663033074257011, 7.879373742307358e-06
0.08316461142603424, 0.6706380426208074, 3.401881658902458e-05
0.13862384393058966, 0.7739963865292028, 0.00024186607394426104
0.09965349011032594, 0.627639394105385, 8.608204325958002e-05
0.13362176154432018, 0.6347671008021033, 0.00030591214972800303
0.11089783740023626, 0.8529922842739006, 7.459972575470122e-05
0.0822171116817111, 0.7585873101447428, 2.5280665346223725e-05
0.1324325290783674, 0.8711047514877786, 0.0001561714679831993
0.15080075756471914, 0.611004460051045, 0.0005621505484037464
0.09878154267072449, 0.6765397440160206, 7.127755703885992e-05
0.10762377580991495, 0.9344806530278886, 5.4478037730582875e-05
0.10794891018224442, 0.6276960381081527, 0.00012235662122497067
0.037486480738991565, 0.7411529899400722, 8.359854466088129e-07
0.08573560644889078, 0.629824993571004, 4.409968645214726e-05
0.11634906948240765, 0.5434071979042232, 0.00022702409160253896
0.10701377115026017, 0.7740368951082385, 7.744209897382273e-05
0.10443095367464783, 0.8293593502850151, 6.0579973678757064e-05
0.03788581321559738, 0.6870553884185037, 1.0192471309858333e-06
0.09850178762750733, 0.737738322978004, 5.919912703682999e-05
0.091832358320331, 0.6536408337666743, 5.539477354485527e-05
0.07931198687656027, 0.7781013261802681, 2.0510886752987694e-05
0.0965930406905805, 0.6777404365655793, 6.43577402278644e-05
0.07253683621195055, 0.6383785623916193, 2.057155823248944e-05
0.0865894074695917, 0.805144011894856, 2.8187966114663072e-05
0.09493432368404217, 0.7518657557209961, 4.845600825503652e-05
0.1269135999004582, 0.4757542091111901, 0.00043414673163446346
0.06105517054787987, 0.8525079561461414, 5.404403789725039e-06
0.12365196818689556, 0.7958516017333271, 0.0001383522591377727
0.0692143507855932, 0.6936267959872894, 1.4176767958444611e-05
0.05967246252361754, 0.6875849414705667, 7.5113605556925044e-06
0.0722102468051217, 0.7473056308075904, 1.4716489913000799e-05
0.08470558125872796, 0.7779092157665146, 2.7410754044042816e-05
0.09815166389991566, 0.7780785416313096, 5.239245540555419e-05
0.14464983662315783, 0.7841580354899498, 0.00028415655023812203
0.05779960192690427, 0.7913482411518586, 4.928331842362294e-06
0.04881665728797167, 0.714769555395585, 2.8729837632216045e-06
0.10940666247687818, 0.6852480948419513, 0.00010890875932984395
0.10107430631344637, 0.7685837245893579, 6.109461257225573e-05
0.07461959730352549, 0.6335716427872599, 2.3655231326153206e-05
0.08273378417016816, 0.7125931419996485, 2.9450137856304755e-05
0.11621470997828673, 0.6822096158331631, 0.00014331085137376875
0.08224362198953107, 0.6533330584667483, 3.413079731560278e-05
0.10897872080164475, 0.687086131697997, 0.00010647485008722655
0.08718948444030375, 0.761458619837955, 3.2487430610299075e-05
0.15850426121915287, 0.7138423915512694, 0.000512792155737378
0.14076802146771122, 0.8014897769580496, 0.00024131679643856765
0.11397197452401837, 0.8378783015173065, 8.719980787304266e-05
0.07048242111063939, 0.6577542025774927, 1.7076317268504167e-05
0.11575863856797428, 0.8169671503892795, 9.821814204440414e-05
0.12584067478637223, 0.6740264437420668, 0.00020836491607544082
0.06365971436465775, 0.7786106716724875, 7.786276288947317e-06
0.1315696840584669, 0.7768932280451702, 0.00019077826083885137
0.10737077063764248, 0.7018776790321278, 9.557443590581065e-05
0.13186686444989734, 0.7290733595743794, 0.00021878645356014168
0.08802474600900367, 0.7047483250121495, 3.955112371787202e-05
0.04523857824033704, 0.850377936336048, 1.4520490890914416e-06
0.10351102754224414, 0.7145157236832567, 7.850249204117778e-05
0.10133702781204561, 0.6815033388925178, 7.859769970041955e-05
0.10645057224227636, 0.7166317454067195, 8.827241604658908e-05
0.0905209944462533, 0.6165683327098757, 5.84386881889814e-05
0.1291996063088955, 0.6656990676800634, 0.00023986077744024561
0.11210751046584878, 0.5187132850311369, 0.0002115942550614998
0.14007390755654844, 0.6662945993570564, 0.00034166869176687213
0.08312098226444642, 0.7463910178284815, 2.7400596796391648e-05
0.14333517177247362, 0.6605858416870097, 0.0003846445364390876
0.09139328538499937, 0.815987261119414, 3.480342729049351e-05
0.16688921593377787, 0.6023644883407524, 0.0009035071270446061
0.11710267398528386, 0.7598755044145874, 0.00011944692694544588
0.14489041641983927, 0.7161532796483404, 0.0003431851075743238
0.11932056651829981, 0.6396959692035068, 0.00018304843411621032
0.07381177845652478, 0.7328458508503576, 1.6853634700833848e-05
0.11087809272651462, 0.6752397808813285, 0.00011895183402904534
0.1180326372595013, 0.6551606624076485, 0.00016637173984841946
0.12909570952871524, 0.6468054857572791, 0.00025318062440676467
0.18480147864773883, 0.6814366257495258, 0.001105653121999856
0.10563857793090303, 0.683211575014005, 9.390196262492872e-05
0.13602988999352025, 0.6638312774540026, 0.00030258096331801183
0.09890203641331212, 0.8162196092026246, 4.923283875318455e-05
0.09375780882241085, 0.739533018346506, 4.741148246506489e-05
0.10038079096419077, 0.719674240187736, 6.76015541378326e-05
0.08841598126620019, 0.6881613289730313, 4.229809055342427e-05
0.13407256017023889, 0.6162136107835902, 0.00032945711775331086
0.11199512587962708, 0.6861480101379132, 0.00012039443653486537
0.17052903229270522, 0.8933808817739235, 0.00045165334349985876
0.09450268463061999, 0.7433664278926784, 4.85863476157914e-05
0.06260447956035176, 0.7188797431431997, 8.486277068989816e-06
0.15078286704268073, 0.8534544675692834, 0.00028797445907145325
0.10020526912922241, 0.7225216066652552, 6.655530497097666e-05
0.15135745159662145, 0.8153824544260904, 0.00032081888385676236
0.1438350090535175, 0.6312602557423797, 0.00042771380248891796
0.12172984324088496, 0.7287367067847486, 0.00015401807173878366
0.13945648081432416, 0.7097932887828159, 0.0002952788947956677
0.16950072663176174, 0.8912817048850712, 0.00044186621440827674
0.06592418841627061, 0.6660536923135169, 1.2409220492128773e-05
0.1354099226102309, 0.771662501259644, 0.00021946903795510965
0.10003642096345751, 0.7339092615301999, 6.402904148011121e-05
0.14745306267466843, 0.6397202777202294, 0.0004645819920924659
0.08873826521359267, 0.6916743696337146, 4.254520707831709e-05
0.06928736759645937, 0.7858251709276088, 1.1096650231584903e-05
0.10330387259073952, 0.7010558854073755, 8.08302027983975e-05
0.13303022855522267, 0.6089873192058534, 0.0003259349121237807
0.16772242443511282, 0.6776416224184346, 0.0007297376077919148
0.05393235046023677, 0.6956346349319765, 4.702628096397849e-06
0.0984833004673951, 0.5759860636341844, 9.703700027080394e-05
0.13538866466543997, 0.7259566376735886, 0.0002478030670580964
0.1122932363515278, 0.8853903946409967, 7.315636511547942e-05
0.10643023763963894, 0.5558056140290796, 0.00014662437671137763
0.16074657566647052, 0.7156488736955225, 0.0005427371192124186
0.10639936872717946, 0.7232214394407547, 8.648785747047231e-05
0.05187357316299871, 0.8149488363053011, 2.887143242842372e-06
0.06536831268963408, 0.7455573324233722, 9.541569440929698e-06
0.050906711739146675, 0.7487752462227404, 3.148278464996218e-06
0.09474477370577504, 0.7456455618243435, 4.8836460371612656e-05
0.10189768360804508, 0.7294319457014755, 7.029417023771245e-05
0.11153096619205516, 0.7534198909589124, 9.804642826624615e-05
0.10855734080448864, 0.6307066969629148, 0.00012422570680176365
0.1028092212383324, 0.8142364228253326, 5.866863063583201e-05
0.07538211607301298, 0.6865899643547858, 2.1064522677428072e-05
0.0827927217962488, 0.690546111243488, 3.145908117827784e-05
0.15757034238098944, 0.5844810613761191, 0.0007452684156375266
0.09714438263522673, 0.5925828897423269, 8.631882693071955e-05
0.09805714145786285, 0.6664695737697043, 7.11072442946976e-05
0.12691716043329443, 0.5725211109963205, 0.00029982815527386487
0.03879703949772397, 0.7756582519472701, 8.878484594063121e-07
0.09779524898148477, 0.7033561015097293, 6.309769698906416e-05
0.10995350113982394, 0.7167971946205025, 0.00010174033873353346
0.1131048942187494, 0.7356801421216002, 0.00010937195646543644
0.1151219265056733, 0.6996733479653786, 0.00013069851382579477
0.05901445682628507, 0.7162252567019923, 6.59300881017421e-06
0.049493515563089764, 0.7343756647355095, 2.8916243750339804e-06
0.10413146043422208, 0.5699963052084613, 0.00012664336377342917
0.13755543765766715, 0.769353284082239, 0.00023660092077810288
0.09998171886276273, 0.6996634570387047, 7.028103499625313e-05
0.10077755347080253, 0.7001490125263387, 7.267511107071502e-05
0.09273299359413308, 0.5873868191006382, 7.160582204775944e-05
0.11369114577387977, 0.6303204672896084, 0.00015241942143775952
0.08196695391217185, 0.6219159171313218, 3.7111905619086115e-05
0.07533369558754315, 0.7204970874026059, 1.9074547249869617e-05
0.11281631759433672, 0.7046457993063664, 0.00011788555984270944
0.09188980578796262, 0.6863353086131684, 5.0381312989997083e-05
0.08057774002657679, 0.5620874509395611, 4.214096547403327e-05
0.07529456029871548, 0.692906367367797, 2.057674327119912e-05
0.05414401932775591, 0.64886671253205, 5.498915829576454e-06
0.07452249338234257, 0.7307073884367429, 1.7682487477675818e-05
0.0906305108565378, 0.5715741965039657, 6.836410794336486e-05
0.10215042754199785, 0.4822400476270214, 0.00016259087947721217
0.09538235829549417, 0.7159673992869033, 5.455553866035296e-05
0.11975472946538729, 0.6639513410212239, 0.00017265579432115583
0.046205113253980475, 0.7230629621332539, 2.2041941077997887e-06
0.13019871779668984, 0.7351888367950273, 0.00020344058740997918
0.13805519537477723, 0.5680954475753361, 0.00044091553473614214
0.056542413199735124, 0.6723625904097807, 6.197348369325609e-06
0.061698792809007676, 0.6528878639746607, 9.6495272975996e-06
0.08488035729650688, 0.8178582529030368, 2.5024274302636347e-05
0.09223845580499157, 0.8098833436496191, 3.67903455468174e-05
0.07257470082265952, 0.6661509103337923, 1.8935455824281932e-05
0.16610464671372355, 0.6452063679196944, 0.0007713446064815333
0.04937120972199307, 0.7441935914253551, 2.785342640105748e-06
0.13985893768272234, 0.6816765351692959, 0.00032422477544735224
0.08206029140591702, 0.8523117862348065, 1.9858861649323728e-05
0.12978056323863868, 0.8376627843071456, 0.0001545076316104925
0.046289301710414614, 0.5579142296834432, 3.7320357017094488e-06
0.13931031836584243, 0.7545453016488437, 0.0002600888362452778
0.10235180059360022, 0.6664644239314147, 8.586814833673223e-05
0.10885753591297784, 0.756440546401613, 8.741655660835296e-05
0.12233929658403256, 0.7415285118911991, 0.00015205492676906383
0.09837056185440007, 0.8576416967634226, 4.354725563745564e-05
0.07769936769378087, 0.7325070102395623, 2.1143615799769108e-05
0.08865489977111983, 0.5946902409504295, 5.7316061982776054e-05
0.06647438695049086, 0.6852288025287084, 1.2161125701963662e-05
0.17192735828036687, 0.6862719735512877, 0.0007933984127676283
0.0508627336226753, 0.6869729748173775, 3.7260206881462225e-06
0.10314826281129762, 0.7894078822087242, 6.332794857757955e-05
0.0756865501610738, 0.702730051928437, 2.0467800237335614e-05
0.08933894074026036, 0.6010573261328596, 5.803815823095924e-05
0.0860997208465759, 0.7523857216433025, 3.148418659781679e-05
0.12053508819168585, 0.828517154248201, 0.00011409385213325414
0.13789713220520383, 0.7025539806558192, 0.00028684648396301517
0.06062219194638124, 0.8419161665926274, 5.370409402325047e-06
0.08664290022935076, 0.6452834728010152, 4.4003774482361705e-05
0.11249092951351862, 0.8266179827205808, 8.458107933642137e-05
0.032541042945282025, 0.6144383395675775, 6.526911780501272e-07
0.12384730477226756, 0.7195490282420989, 0.00017042997399509084
0.12106683288126589, 0.6659824792354624, 0.00018003257262589475
0.1084764114942159, 0.7133283021114933, 9.679710074673588e-05
0.10164895195158383, 0.5777791148527354, 0.00011083961321788997
0.08382055734284787, 0.6949351548903911, 3.279591315445078e-05
0.1012987047152465, 0.7673627781523882, 6.189015407049294e-05
0.12760534767529783, 0.8024981907681209, 0.0001562790720552393
0.09530091621168071, 0.6977140872511793, 5.7231884674798826e-05
0.11104217486105061, 0.6487658148911394, 0.00012969911189942125
0.11628073368641581, 0.8702650150820044, 8.828704998442761e-05
0.06981997223451342, 0.7058068811692402, 1.4226716478341722e-05
0.14781945550013634, 0.6011457962749889, 0.0005318942558308796
0.12385659214879348, 0.7620741455615875, 0.00015199020396989714
0.09598984213059111, 0.7855815600015069, 4.659878104818684e-05
0.0764922376395897, 0.6897905601963857, 2.2256035851594014e-05
0.10095699404241794, 0.7337999956841911, 6.668231923897316e-05
0.06987583850827689, 0.70386740658248, 1.4355658864640505e-05
0.06844369707219629, 0.7679449432816798, 1.1009635810248168e-05
0.00764944510328483, 0.7072813711952328, 8.428555674986428e-10
0.10189766344247703, 0.6548182915862989, 8.722618630980079e-05
0.07257524022584626, 0.6090919598330633, 2.265006666340291e-05
0.057813163053088465, 0.5674018664031676, 9.596259717874361e-06
0.04492209316890103, 0.7410755462259396, 1.8538084703816076e-06
0.11966661378428886, 0.7451595945660279, 0.0001366307682057865
0.07078942829480567, 0.7294580793052166, 1.4152273116271802e-05
0.08101639747606185, 0.8188450790069477, 2.033683158289057e-05
0.10411312955177679, 0.899781934106098, 5.078267386978595e-05
0.09656301310762483, 0.8392886149236304, 4.190933717013145e-05
0.1543648904724699, 0.6649027709636393, 0.0005260937464285731
0.09434749626393542, 0.6832859634107913, 5.709190954072312e-05
0.15033058446774622, 0.6428924013562796, 0.0005008384167291255
0.11599311844059451, 0.8013029254756978, 0.00010300877634338937
0.12448907637511714, 0.701855572924065, 0.00018325163947687764
0.10511258831466463, 0.639314996230608, 0.00010491000975744244
0.09551980888183711, 0.7523633326996106, 4.971893431360513e-05
0.09123163813577691, 0.6952951469710995, 4.756281849002682e-05
0.048735302265717234, 0.5984575111577352, 4.068285046747404e-06
0.08801475950877247, 0.6993324396802313, 4.014604601236533e-05
0.11235680547994396, 0.7506056164034157, 0.00010204214104304206
0.11310925292505243, 0.6404274131802757, 0.0001443503560939383
0.08532653156334592, 0.6173931146183552, 4.4937855143137305e-05
0.15445055535349295, 0.7187544272228098, 0.0004513137010797283
0.07875695941866286, 0.7778467119317454, 1.9899822226933922e-05
0.1341873755816213, 0.7255893044855015, 0.0002385148658422629
0.12452886547267801, 0.6186972561743638, 0.00023615527752657235
0.10707153999366052, 0.5509304053860012, 0.00015322803437192237
0.1075263436822125, 0.7270679117478034, 8.963578077484181e-05
0.0892690339063344, 0.6522354864733072, 4.9118005347245677e-05
0.08247336656492961, 0.7282343677741134, 2.7810188711053948e-05
0.10080613047566662, 0.6545052573403506, 8.326877456092755e-05
0.043778275563339096, 0.8201076183604873, 1.3513326412647632e-06
0.13626261867649378, 0.6253847967223025, 0.0003435016872506753
0.12515839264873013, 0.7638268337326286, 0.00015841633935363274
0.10277657962461763, 0.8014569560771829, 6.046997618823096e-05
0.09894889143776235, 0.713922191182593, 6.448700974482323e-05
0.09899108660350366, 0.6858543578309868, 7.00043285737827e-05
0.09176946944122266, 0.534520813650833, 8.258645552069241e-05
0.13593077797157554, 0.7848148542053308, 0.000215789246932642
0.07097053503221318, 0.7348182010862292, 1.4104238265214317e-05
0.1060304959433366, 0.8001435736890883, 6.958658794030033e-05
0.06772877542908523, 0.7855663285984646, 1.004621248843472e-05
0.09032590962819918, 0.676186434711263, 4.8129051406683455e-05
0.16729632429168084, 0.5933807750324087, 0.000941107230449925
0.11711536308823804, 0.7585258873013903, 0.00011992952321332235
0.10572294890990214, 0.48826749176693784, 0.00018449944190103998
0.08319258865301116, 0.6460497434393364, 3.671185999167921e-05
0.08742416559282834, 0.7376309262172718, 3.503210594376002e-05
0.06600583882957611, 0.718379594233445, 1.0725567546467037e-05
0.08881949066355635, 0.799845476450946, 3.194406169821219e-05
0.1412316256204327, 0.6350507950845202, 0.00038998650956405983
0.09899437649952804, 0.6729993688400443, 7.271481302230312e-05
0.10917168204433313, 0.8739663446617945, 6.632243867461284e-05
0.1470499701615453, 0.7549159922913935, 0.00032962062989493534
0.15193596802772288, 0.7656204115525242, 0.00037003731265228534
0.1372896530784869, 0.5932600401822476, 0.00039453183899688525
0.07192482162469395, 0.6385995647043039, 1.9805023049389008e-05
0.1248874638723316, 0.7756298339765666, 0.00015217377347034666
0.08578106437526989, 0.77361218843384, 2.9298243560542224e-05
0.10567569120893389, 0.8303358303033458, 6.367204036203843e-05
0.12887463523308273, 0.7092787436220254, 0.0002089627060245268
0.08136834076290872, 0.6948913361396825, 2.8783004633352765e-05
0.047388274480834304, 0.6890604243801771, 2.7127090849080594e-06
0.11687007618823361, 0.660133157287083, 0.0001568907873015806
0.0894562682723243, 0.7294429470292516, 3.963425127846931e-05
0.08922894648178452, 0.7902943736724322, 3.3389774377287874e-05
0.12254950510386904, 0.5469983248264252, 0.0002815559932477553
0.11375355694841728, 0.7227131368354061, 0.00011621974951423162
0.09361080759487653, 0.6503464186078435, 6.0885062459368505e-05
0.10797032152114353, 0.6326480765775129, 0.00012055378476822624
0.1305190277732273, 0.5625480692688762, 0.00035124606908153817
0.09227574853173358, 0.56595132682385, 7.547325321890342e-05
0.052647351169720066, 0.574932930388574, 6.191391130431453e-06
0.14291548675448554, 0.7353570174837661, 0.0003064208429646425
0.0795973851597066, 0.6890135449573961, 2.6574500033204133e-05
0.09131773549411051, 0.6348873263202668, 5.7281603665682237e-05
0.0846221442129766, 0.4677273749374883, 7.549358196931417e-05
0.0977949433065636, 0.7702729997735757, 5.261004872995671e-05
0.1353310623583076, 0.7088662563527974, 0.0002594097235971489
0.13657176290528258, 0.9466595556024213, 0.0001514140858796467
0.0857217860854726, 0.867599812833314, 2.3223535034296477e-05
0.09617639034350067, 0.6984911048067225, 5.944911856860602e-05
0.11439586392492869, 0.7125993429820593, 0.00012254073496946208
0.06272258102047405, 0.7219115412617375, 8.485221433229586e-06
0.05545837259382194, 0.791602857041906, 4.105882572490073e-06
0.10345791676754557, 0.6579124499282789, 9.238258195456102e-05
0.08442833003028544, 0.7269180771421817, 3.094161906566176e-05
0.09241680502221919, 0.7214767938509392, 4.675470756742956e-05
0.12497558152318249, 0.4634605487312915, 0.00042753442085867693
0.09565134121136422, 0.8439706112133377, 3.975135446156469e-05
0.1357374436141034, 0.6826006251426581, 0.0002834725842633075
0.09901561484684886, 0.7436307580829378, 5.96138866442845e-05
0.13225693667931782, 0.7140462347754389, 0.0002310757927439698
0.17066933680845237, 0.7000761428018213, 0.0007381753608544413
0.17102368078118013, 0.7676297904030784, 0.0006195976357959677
0.04110747660743846, 0.8476538362937125, 9.589157104630355e-07
0.12572967890203596, 0.7486309603662775, 0.0001682506217231829
0.13235450765213563, 0.7933407720005343, 0.00018780051991465813
0.13161333469332406, 0.5678024990130511, 0.00035767684586910677
0.04729094584974538, 0.5909092890387669, 3.655505688900842e-06
0.06153342451604794, 0.5446321833258252, 1.3704022763739388e-05
0.099119900976979, 0.7424651722154655, 6.007883547205695e-05
0.07677321929783625, 0.72509772107335, 2.046895757513065e-05
0.052999742095224026, 0.6779279655533028, 4.585675567191791e-06
0.10368246907662577, 0.7646501603263353, 6.904683644332125e-05
0.11196856449240641, 0.5878960159548244, 0.00016382785623270417
0.08641019717315568, 0.6606781718344622, 4.14831725813354e-05
0.08609773064290396, 0.6959266721486105, 3.679615449788578e-05
0.07650857167594416, 0.6271725026604673, 2.6947364298871486e-05
0.16102354571552535, 0.6384869028254341, 0.0006870292181053177
0.12774251391905087, 0.7577017824516512, 0.00017613485139427625
0.11863822200377151, 0.7538395345947391, 0.00012852761437848832
0.07710845857091878, 0.6899094406257524, 2.3047860467077075e-05
0.13995875519640358, 0.7083170528213724, 0.00030123873491518275
0.05899767789993524, 0.8995849053447856, 4.17402666777098e-06
0.1254187404641507, 0.6629873029754451, 0.0002122023497834965
0.0776182392113935, 0.8050001574227171, 1.742667881136827e-05
0.14340830719381809, 0.7771835550202724, 0.00027851311678452404
0.1333076328118657, 0.8227714860434246, 0.00018020610725320046
0.1451620172203153, 0.46178209228186207, 0.000832232936331776
0.10374033509655547, 0.6486451792728211, 9.618805702058417e-05
0.06538464062234112, 0.7351366871776975, 9.824782933649663e-06
0.08936591333103851, 0.6073245412651117, 5.692205726618146e-05
0.09880174197196395, 0.701148098445194, 6.642179738175528e-05
0.1269189388430368, 0.422191802286193, 0.0005513947246390511
0.12134021758825828, 0.761657543577596, 0.00013901683186316928
0.07714865583351532, 0.6272047556091673, 2.795065645450424e-05
0.10807503522163016, 0.6969958600069922, 9.974639244097135e-05
0.04316373305033342, 0.6948185465783228, 1.7690767841468636e-06
0.07090679678944728, 0.6425615365070438, 1.837228016605541e-05
0.08840515697520666, 0.6730921167351177, 4.418942263592602e-05
0.09704395125686809, 0.7167839163628323, 5.872873765600212e-05
0.14268140731070267, 0.7078251260379191, 0.00032834502320499496
0.07111632924540823, 0.7704497522119519, 1.2946200176211096e-05
0.13357909841502946, 0.7521257647675792, 0.00021758772912088668
0.11003507280653473, 0.8419525223201504, 7.39822758636301e-05
0.12428084440893407, 0.614010405547319, 0.00023768013987110834
0.13180694931062234, 0.6826018026005481, 0.0002490918924598681
0.14439110630047586, 0.7054273364026696, 0.00034836882184986187
0.0869270552760736, 0.6838578205643975, 3.9748076748140164e-05
0.14249176486199777, 0.7112876822388687, 0.00032325875044263874
0.1284900395968063, 0.7838956552571339, 0.0001688398739871798
0.10452712107081806, 0.776567754058905, 6.937687644793682e-05
0.1290663910686357, 0.8264956931741497, 0.00015490400280624624
0.1394040230006634, 0.7232674169825505, 0.00028390918749202076
0.07737410710898383, 0.5768463699221072, 3.3470826040984695e-05
0.0585865310641427, 0.6642505335490804, 7.423561706002918e-06
0.10459046496702845, 0.7116075472512854, 8.284189377043166e-05
0.12309449408344905, 0.7263052266479719, 0.00016284615928187715
0.11959603310491679, 0.6378841861036475, 0.00018596706403237488
0.06262454056175334, 0.7560568380663992, 7.683039001012009e-06
0.13743094735252426, 0.7956474980581971, 0.00022034158603183594
0.17249010215413507, 0.740970328779717, 0.0006904411246815859
0.12482840819331681, 0.660837919633281, 0.00020919682512486005
0.08228161028176448, 0.6438470591118464, 3.521540659392043e-05
0.12385126578718467, 0.7366570711616784, 0.00016262868526172473
0.11252614978523257, 0.6410540107386269, 0.00014082892829976455
0.06689486105699412, 0.6441942259781459, 1.41468701714563e-05
0.06656955302352313, 0.7872196233014538, 9.272287614553517e-06
0.06561661239258768, 0.6561787107244587, 1.252513363337343e-05
0.09792266860518643, 0.775191822405374, 5.224368349365078e-05
0.11754433765637087, 0.5876876974981766, 0.00020303001004905562
0.1217174631985407, 0.7430226930218325, 0.0001480861585720019
0.06022148122234269, 0.7552268721020445, 6.482124004079564e-06
0.15769248397911062, 0.853780962652294, 0.00035046232533919374
0.1266522805259309, 0.6525233576625074, 0.00022870256478862608
0.10416584697776347, 0.7888065790081276, 6.622414904456075e-05
0.06536815740951629, 0.6600338632172931, 1.2174326146121546e-05
0.07029729723505072, 0.6734139099644885, 1.610392329973346e-05
0.11080698987257209, 0.683021214624097, 0.00011592924371946076
0.11901942465084235, 0.723013001604687, 0.00014170729487512617
0.05381327550866931, 0.8385295487771878, 3.2051077600959093e-06
0.08702759794172793, 0.6999416065826842, 3.813581766315542e-05
0.1133849431094624, 0.7661301959061368, 0.00010195403964064463
0.08942633266577546, 0.8911055020022938, 2.651889957704129e-05
0.09109838217531513, 0.7228626771099569, 4.372212048567291e-05
0.09554008130785156, 0.4899840897565574, 0.00011733257700563447
0.0697003479205281, 0.6434946705975348, 1.6986728693156556e-05
0.11316474866338598, 0.6482651800259643, 0.00014118534677377888
0.11974864914520458, 0.6983076378332637, 0.00015604974151613553
0.036190128408197575, 0.5468267846669331, 1.3154152876770694e-06
0.0839928882627733, 0.8149441333660127, 2.4064524812516272e-05
0.10381584134816926, 0.8499325694879093, 5.6202665933292886e-05
0.13283525400809845, 0.7632362159168996, 0.0002061705835763288
0.16704182731565392, 0.5743500668340789, 0.0009978001547632307
0.15864901877198734, 0.5783029947210542, 0.0007844757664969351
0.0715021768418499, 0.6331439182329441, 1.9632055761798097e-05
0.08831414259959763, 0.630045610691416, 5.020593354973483e-05
0.04627594307768299, 0.7802570979006088, 1.905696186912771e-06
0.06707006063876156, 0.7685790152707904, 1.0053450117574524e-05
0.0927181762325204, 0.6842034061029555, 5.2737666245485444e-05
0.12595028937305738, 0.7367766436592501, 0.00017505339727542327
0.08603452796032963, 0.812309476923234, 2.692049803060605e-05
0.15709327528396932, 0.6895363901399306, 0.0005283782488388585
0.07322364473724399, 0.6859314641198363, 1.8572499431755745e-05
0.1346359697886739, 0.6224609425710559, 0.000328889900878161
0.06906258353100721, 0.7125335880988384, 1.3305267954569412e-05
0.1027333185446241, 0.6614553768325205, 8.861241858815991e-05
0.0780004115568547, 0.7346294957490361, 2.1382353664267864e-05
0.1587471046208384, 0.8208122612591683, 0.00039046652155636
0.13373817561678733, 0.6847547013474483, 0.00026388796711509767
0.10844524142136804, 0.7953002078553147, 7.777318860219724e-05
0.0778739730143296, 0.6632393802362986, 2.6046630534409933e-05
0.09990357766518519, 0.6039936555315869, 9.398482227307592e-05
0.06514001497846383, 0.7842598684596805, 8.491344692341099e-06
0.09015517088642375, 0.5744859932106082, 6.612502180309468e-05
0.10885514713791156, 0.6663455216586968, 0.00011264252961888532
0.09500297106730148, 0.6835382676367013, 5.881442489926271e-05
0.08696074708780782, 0.8673807848202888, 2.4749626921064554e-05
0.0855570123911067, 0.6976380807347365, 3.561477683935099e-05
0.06025575333933089, 0.861847245352985, 4.989979847629432e-06
0.09949104331445856, 0.5282454363818401, 0.00012065461108497352
0.06986198484161195, 0.7695848603080722, 1.199811209172365e-05
0.05885915243687384, 0.6435691704849557, 8.071552053017858e-06
0.08577726519778284, 0.8422849717568224, 2.4710723099950925e-05
0.05142511904725669, 0.6436171181198774, 4.4553524917792825e-06
0.09910522149328721, 0.7299180746662939, 6.212156977372986e-05
0.10019668068026742, 0.5574044300065244, 0.00011178402333753415
0.061494452945055005, 0.6713182163023461, 8.99471028715549e-06
0.1102561239378809, 0.586067286618743, 0.00015404333330213207
0.08504291078277239, 0.781331430950278, 2.7650501918710798e-05
0.08379943491978756, 0.6747570868590346, 3.474815774021258e-05
0.09868873005442196, 0.7058967725266745, 6.520197793905927e-05
0.03373902517376949, 0.744510009872351, 5.212042496591023e-07
0.08260026916573747, 0.6121761447112075, 3.9621556120966307e-05
0.05176217318538739, 0.6715732285644369, 4.211474284721842e-06
0.16235669149104184, 0.7210268428805452, 0.000558639806232264
0.04365554458797894, 0.599757655078753, 2.495673126726819e-06
0.11569398952351426, 0.7805520691693111, 0.00010733210491547967
0.08363403179942297, 0.6865651103809677, 3.327268016033654e-05
0.06372606468393255, 0.70217554425037, 9.617667047123276e-06
0.12634725270021008, 0.5670436701415478, 0.00029965561283914723
0.14012947506643195, 0.6176156226189098, 0.00039834477930331575
0.0830793828287317, 0.561899489335028, 4.8241296767700455e-05
0.0662342058235896, 0.5888473094255253, 1.6207751658345147e-05
0.07994230145213996, 0.7530889818542243, 2.2672037773000665e-05
0.1260189840907612, 0.7336620771938789, 0.0001769668992626648
0.06523011721508673, 0.5325327851227635, 1.852870625430766e-05
0.12133171528683238, 0.5414894696005519, 0.0002749621726856538
0.10921242674719397, 0.777529783696699, 8.39322531728618e-05
0.18558251042345394, 0.7618728337616051, 0.0009010811816799522
0.0966430056958448, 0.6712165516929753, 6.576434027783744e-05
0.08571778761332034, 0.6808650593836598, 3.770127142411707e-05
0.14195470467075438, 0.6786490983048095, 0.00034924839790324597
0.08888439069322873, 0.6822232542153274, 4.404991333175391e-05
0.13004790518740256, 0.730257163646554, 0.0002051488247760453
0.1004362955844642, 0.7579730193850812, 6.109102648225355e-05
0.10266763070370595, 0.7406891537328458, 7.046955059519774e-05
0.11603821404795472, 0.7939529694386397, 0.00010510440076523087
0.13822883694399288, 0.6980311670953863, 0.00029366375357735123
0.08776302179223805, 0.7615014405031518, 3.3434538923890586e-05
0.15761081379460204, 0.7190803750926694, 0.0004929347948869067
0.14255422332447343, 0.6811836100769546, 0.000353142433818831
0.046993904252274704, 0.7663076888931071, 2.114181424135329e-06
0.13297729806846095, 0.5389428965174781, 0.0004154334020746143
0.13188252633007713, 0.7791242311559703, 0.00019167982711970312
0.11642540193770173, 0.6048616300907299, 0.0001837654693399941
0.09444741332196067, 0.8405523097991268, 3.7902923181207583e-05
0.09194414840429396, 0.6284978080710204, 6.02371448673083e-05
0.14590231722415925, 0.6902550542858054, 0.000380908215597656
