0.10263167340921481
0.21032023918970544
0.1544979047098158
0.20512758530005812
0.12398525462108155
0.15240314592979587
0.14829949837866702
0.16402617976063585
0.10451156294392264
0.21876069870460574
0.11543550478367051
0.15172271867244982
0.07910890360041668
0.11836263770766323
0.1766863847378415
0.1651003096223139
0.148363207336239
0.14687722411798643
0.19282921966923885
0.14709739454057463
0.20029918016691067
0.1967598650588047
0.1660457826369438
0.17750680531508822
0.2267536507009644
0.28691403190806136
0.17958299346342713
0.14441903482878668
0.11646047157758302
0.19786214033410063
0.19107770982389516
0.1397144857892361
0.12656023899339708
0.11395228899938671
0.19181080563245528
0.2559799140059779
0.17056366516124694
0.20786871224859246
0.13698188071138379
0.2061339142506957
0.17045536159063895
0.18110722596127915
0.21422092757767378
0.16538391344987405
0.13478848187086082
0.12153902481123387
0.14157296155417598
0.1674976470886758
0.10669248839679807
0.16272399919876618
0.14815745823301218
0.1679795703468465
0.14709733448185577
0.1843848817730554
0.13357846432698847
0.11863338320373798
0.2151991711193732
0.14646959600418966
0.0785059482740449
0.17554045990754363
0.11664862662178468
0.16266881350265783
0.13385358960289018
0.12474395376012135
0.13384862475555195
0.176661181591118
0.14585027495598982
0.1279319343376534
0.10388919065844632
0.12714968013220826
0.15177927443898726
0.12247256177945462
0.13336418354325985
0.11064070337735749
0.1283619429410065
0.1681474865587252
0.0863439306948746
0.1856487703660888
0.10779471828847173
0.1185847825838102
0.1723391437780816
0.1504310938467833
0.2268427718663703
0.16541805458864983
0.14906861089360574
0.20169920771316743
0.17118695090333644
0.17377282426668492
0.14238944960202088
0.15939619271717342
0.17767899444237065
0.18385748444009611
0.15968035736827435
0.17346017699611885
0.146809778235747
0.07543669886845125
0.20273954783484366
0.16078463383250458
0.18715903110365328
0.05384709442489387
0.08852147451273872
0.22791172585257669
0.1542619704196031
0.13964535046420393
0.17863149261962846
0.13262442327066892
0.16020901791625378
0.1176213833598442
0.1265539354227394
0.13539370118382554
0.12448217213986901
0.17954928283284685
0.14616591106695545
0.18589436747875748
0.1093831522258005
0.17633181138064452
0.15062425373315544
0.1195499152778848
0.14231202993940534
0.13310162086182337
0.15057230544510466
0.21676251438458827
0.06627579172439249
0.1455667109272664
0.10936248125305609
0.13151027188215297
0.2137077342579173
0.10776590531440486
0.13369503359204346
0.11204110738101919
0.15283651146840996
0.1387074602273434
0.08410822220749888
0.15483552763395314
0.11876633040268056
0.1618951781041792
0.12252088569598317
0.22368323892599395
0.09250209083047542
0.12713977707458893
0.18846842007818976
0.15294203271751142
0.13506194824931755
0.07651445321406143
0.09237818862116848
0.14898892032412706
0.11623260361717325
0.13624215528409447
0.23435263313329457
0.16502944162951097
0.15710253026497642
0.21598295305526075
0.15962757917306836
0.2090560232181892
0.10176548515554748
0.14337905954208174
0.1804663026196198
0.11578158633839476
0.16764618467429696
0.15430238621838605
0.11168839094564044
0.14832870823984792
0.1406083827238896
0.12618919048376703
0.23140542924544028
0.23546384828185782
0.08548670918594521
0.11000750033435086
0.11752479342720305
0.10823366664917947
0.10181647398026668
0.14775435832425945
0.08938933069095624
0.13406873027324628
0.09985795781420617
0.16112520169653055
0.2356839067223231
0.051637194435340025
0.09740285313353864
0.1314729861938087
0.1242054063541208
0.10100829293674567
0.164173728904148
0.13676159293534734
0.1379422049390176
0.2001611620368761
0.12072808817366393
0.09512566410677664
0.13369621741946142
0.1340090006857783
0.1482804259938554
0.1508432813847823
0.1624168997471973
0.13822244375019715
0.16586486626347777
0.10125973576808894
0.19533781421863872
0.14180143246955446
0.1296028248830144
0.1592180257198304
0.11539559413354036
0.18812713578127058
0.1900494716754908
0.1512311096227691
0.09546022392085765
0.13776505138267783
0.1305110862149107
0.14412291822085463
0.14774259778629492
0.1228915254854695
0.18264114417159946
0.13668478413023444
0.15719414489185676
0.08236051258454691
0.16909695343961428
0.08789141705334237
0.14125375064062667
0.2099427597133409
0.12376920741518985
0.16786250579175271
0.19397847670097906
0.20288523888546342
0.15266117716885153
0.17880743560007145
0.1622898966442073
0.12197268655659285
0.1203965952291289
0.09600644076353773
0.11707327481651314
0.18632589558474905
0.18714485365594946
0.1773816881849466
0.140680885759734
0.17931521328871058
0.07754743882806167
0.11284562928234358
0.15305459991841727
0.1697116239644322
0.17597813212107255
0.14303958886687532
0.16462359072182353
0.13107439432544077
0.2418996125492916
0.1644714425738302
0.09809535421394992
0.16280826658341022
0.09239107166764726
0.13692889833033017
0.20150179450484734
0.12228866867950837
0.15608778047176242
0.25095558442959504
0.13128815726843895
0.07980359724420807
0.1120229843486977
0.10526672253168196
0.15420497854915688
0.08412425415078101
0.12296073853399343
0.17983523705739216
0.09350201635127432
0.18267759137560868
0.14734960337657055
0.1621717897212699
0.12242930444121777
0.10233153141700495
0.1449878811994057
0.1539101149281288
0.17620924057192583
0.12358752348969544
0.1949611997835044
0.05904509444072095
0.16876536117228041
0.1498884741919435
0.1773902391801814
0.11909757819221908
0.12585332257597592
0.11290283830770281
0.11342220422376947
0.13656553759848028
0.14783386737456292
0.14767198452940183
0.12430681081780998
0.21411283544656456
0.16520526678290573
0.1575902659075026
0.13962959979904924
0.1572877824852187
0.15408921709785722
0.2032979447225446
0.12154441070896557
0.19004335591920865
0.18691172110883025
0.15056398126135476
0.12412576448916979
0.15947353228945008
0.20495995853928703
0.16325009717723743
0.26243534943872493
0.16910263704786946
0.14118690615662705
0.15081307095295798
0.12862319807618952
0.1538361509751156
0.20089758031027619
0.12654063541955587
0.09574760337191937
0.16557750595613896
0.17433831315497522
0.11716352834851224
0.08948731449779615
0.15776396030671427
0.11528241349465443
0.1450506503299529
0.18157440321460455
0.0923049259092633
0.17818586358024452
0.1176476225381209
0.07580664780468713
0.1368644710481167
0.06708668917799479
0.19717900530350413
0.11502863343532044
0.14787371057641793
0.11538433556620327
0.19050392943926028
0.10338407809001268
0.1985951378832979
0.09695643268822128
0.08686278820128238
0.10079944970495466
0.05508780076241991
0.1379908562157527
0.1425166273455912
0.13837767234771825
0.19329632778833022
0.10624463745763366
0.20393865738875983
0.09560392418158242
0.1682327417272748
0.14697930318387586
0.17789610096033293
0.13721181854390094
0.15784501582803123
0.13372463581335187
0.1167933088954986
0.14154429437319468
0.17539904110875731
0.19250412860573893
0.1618997141723788
0.13843892498728924
0.1551971683420905
0.13750621245011668
0.08016704609220682
0.19573030625631288
0.18161349817362346
0.16716800104047794
0.1484201879529853
0.15235293543561507
0.11272226569602142
0.08728661403181075
0.1369051240436535
0.18054566795330257
0.11168591887573592
0.09353421515692786
0.12779410960169055
0.18564579281126478
0.15874282933344805
0.18924667869135592
0.15741608860945097
0.16171075073971852
0.15039092226167253
0.1497430877820343
0.11243674700814744
0.2271660895442006
0.13507103440510554
0.11791306781299525
0.2264335240822773
0.2158408522988966
0.16551244037807616
0.1833283905335473
0.19588580833260538
0.12825996032660045
0.14476243405369607
0.08298058596503635
0.14478785188930812
0.18954025763718746
0.1796475996153366
0.12230467811296644
0.0947017836481451
0.11733260594503508
0.12344461537115534
0.11446992368772452
0.17956193050625802
0.13243377044197527
0.18283045542640813
0.06265117105297105
0.11936648867912783
0.15252675680251418
0.16774121851376905
0.11130995027211728
0.11865403589519688
0.18734932925759173
0.13004810040103834
0.14657928274603688
0.1891817877156318
0.11078535596734729
0.16827358246346774
0.1720344689281301
0.1414695560960874
0.16573139664494616
0.18634457662349949
0.06028663853068525
0.12317833265835014
0.17214793323915598
0.29839154026218423
0.13858980214421454
0.09066381836533545
0.10445624506899952
0.08211957278298064
0.19902681198459757
0.18599410171185238
0.15994865326731816
0.20277287735674476
0.19173175575602405
0.14754125562966938
0.15203169698829563
0.1218354422191841
0.1938454561857661
0.12669141184903823
0.1336590049877059
0.17170282085197625
0.11368571895842358
0.06921792614129361
0.17813137241550592
0.15076073783984673
0.18726069026558695
0.11398562361523762
0.19872411684103242
0.19816914568980915
0.09195383450580409
0.19384541574838868
0.10197369701873751
0.237032559110346
0.17780924153671834
0.1945348717267425
0.1759770237676066
0.16942637265685387
0.1772914448569492
0.18621024213015186
0.1831608519885657
0.15390342666177198
0.24879004523099318
0.12216023170164009
0.19501762699798844
0.11367989931369947
0.1322367140128742
0.052732869059856
0.12399860667133406
0.10531641786197904
0.1780079904131692
0.19910226189923408
0.10467291724646709
0.18229965577766377
0.09141266170832993
0.14728023034691123
0.21132708901472874
0.08317805377265815
0.14779146289886438
0.054707899152939374
0.11368806890482498
0.22134344913585774
0.14084289500573555
0.14571547176910837
0.0710332268835361
0.2398963597479405
0.09404509211825879
0.20028514504572073
0.14681979716043939
0.1659891956413952
0.11541558632326529
0.17275067978760134
0.113015971733952
0.17366527067239396
0.11319389618645359
0.18940739788867073
0.19373715241808087
0.10190595040365738
0.0932405365622606
0.14258306403845297
0.1738871173319387
0.1622378699553486
0.1185930670433002
0.11643986092820685
0.0499755924172343
0.18805930524328773
0.13846140097048978
0.16107665637748617
0.17364372563305275
0.17400632902978727
0.1464534590012126
0.13720304725203897
0.16714376144435977
0.1542536931118366
0.16184501074726745
0.13665722174210432
0.17225197744430035
0.17413970524569483
0.1582642927563195
0.15020598954024394
0.12459519638147477
0.20614007815258706
0.042853467014213456
0.1712032020458608
0.14776218825992085
0.1398878146934394
0.12172909942213458
0.11368538221639671
0.17738659896706532
0.1355480237501465
0.1670960680687981
0.24064017668136167
0.1261003362293199
0.1260194648569927
0.1384222083654672
0.11515084413142662
0.11614643733815533
0.11615040693008327
0.16505835195725194
0.1851200319478876
0.09470982748860951
0.0667250217546582
0.16936993349260968
0.1252472084854905
0.16387618383933694
0.10686384000548557
0.10832311412688389
0.12092513079479808
0.1625377383314699
0.123641741309975
0.20512079125581856
0.0785755467562152
0.16300368470731083
0.2193224539349969
0.08534632695372345
0.12337223900201544
0.13450675854607197
0.09951161941517739
0.16644655110366569
0.16789031648676014
0.14429186509230393
0.16557106014156053
0.202530229048515
0.13792725794133945
0.12288094975815829
0.22296662877661277
0.16135641688009988
0.1503084074988973
0.179239791588312
0.14912243036551434
0.2091922877540577
0.1118309653060176
0.11819428434592996
0.15184033790272716
0.1685746071798092
0.16586289410354393
0.23683981491015216
0.18329224124509685
0.11423684695142189
0.1498414665889083
0.13216894087890346
0.1281816795988537
0.0560782083609785
0.19087029717389473
0.1495556715452807
0.18352075146818103
0.17339753551890624
0.20580109580412295
0.018260697061589587
0.1557930869123076
0.11456324304925401
0.18423535323022247
0.1595289287550727
0.17971156540981228
0.19213568206892556
0.1847745851294632
0.23016508675460357
0.15804490410076838
0.16524537462576214
0.12835872585110406
0.17854706544637533
0.1776466952515198
0.23054984582458646
0.1587769777158156
0.09283695195093919
0.19241595947756157
0.1245110487820244
0.14996074872755302
0.1796726462717218
0.16225523663974564
0.2122955996355598
0.11700634912795917
0.1959077735802568
0.15167095104181486
0.20900206902625945
0.16459292481626026
0.21178900566798464
0.1557341004180418
0.14622318926613073
0.12590763321740214
0.2605401474630856
0.13421588270965065
0.1865734145903932
0.11097145319924565
0.1348445429468195
0.1539420481047954
0.14112896374255168
0.17147214683029596
0.10604289289291333
0.0631223133129432
0.18786517662394908
0.15222478758913482
0.15996520564211777
0.10296150451942543
0.15011472779700336
0.1517452714269772
0.1462039828280322
0.15250992667476132
0.17057625358159037
0.15982082058315772
0.1544423892787793
0.13134061667835403
0.12197250558655509
0.1521022998514023
0.18264561945946312
0.1531141421114308
0.15218703020018112
0.10342406263763096
0.15779934362386266
0.09010956978834439
0.16121543087614826
0.09240727880692495
0.16133105106142623
0.17256472112516785
0.18057133730319494
0.14527731553001996
0.13508180616500973
0.11236137948272293
0.2298201049584649
0.13827301034959316
0.14869105925537326
0.1324507737631693
0.20363938682761193
0.20203449507643942
0.16610470682287842
0.20821325944223507
0.17127594278797414
0.18816491013742284
0.0668884599096769
0.13745303513820753
0.22634102640084036
0.21199510015332848
0.11924062932347158
0.17456609207060556
0.14696834701984363
0.13919454573017387
0.14643419426584092
0.09934239684384244
0.1438114752739915
0.11959839141679234
0.15581022058396685
0.2282472284336966
0.16234872787341176
0.09904079550635816
0.14305549863454414
0.15137570441287646
0.1478172921207067
0.1552036484449478
0.18733760483551404
0.1798611673564071
0.1388844408399936
0.1252109698271448
0.18243690064746926
0.1040439215868306
0.21328519374304256
0.2351381591502344
0.13597574286241876
0.1049958282760679
0.1616982561988521
0.17666416832353188
0.06886741779342465
0.11250091677581463
0.21683979581459897
0.04839355699433477
0.1234330821140254
0.10046908371669971
0.12929605361575602
0.0970735049142859
0.18758821670245773
0.14412041689307534
0.20152956890421253
0.16907845323151055
0.1779415925582742
0.19379179589726028
0.16118768789359367
0.13802020331991458
0.2277859310681255
0.21287948839617388
0.1501687466726938
0.1375525864683477
0.1738231096974347
0.1802526091652353
0.20367111162531545
0.17527419712264833
0.10647473369424271
0.11065215375005813
0.04577055672304811
0.07783537364000828
0.09970802813288776
0.17954495988354185
0.15516695671051203
0.27643316706002063
0.14981108533629459
0.22762129588481014
0.17744892598279977
0.19274832330863184
0.20750243455369966
0.18967255231144967
0.06239893627299467
0.12308714322010605
0.12154155571709631
0.07710879290986095
0.16548142050731737
0.1275289755843654
0.10037658410362675
0.15809299447500746
0.13830779745027957
0.15389244671228797
0.1773943208831178
0.1437947740939878
0.13255170638874192
0.07039636971337813
0.10995608687727793
0.13758743186091502
0.16121464551435008
0.15500905544107604
0.1261444294334033
0.18970962215237014
0.10753317034685891
0.1516347189993348
0.1694270901197794
0.12520493383201559
0.14524655049398005
0.15317915678215008
0.17082012321892381
0.07351719205993522
0.1287533450328247
0.16028564076302704
0.20017730920065369
0.21542686103671937
0.1924939375473524
0.16442638381192423
0.18687470565900324
0.10328479834037058
0.16664994209490638
0.12319824514260182
0.1193118106707012
0.12431414939480896
0.15064098526394823
0.09000832932914883
0.10881791602001209
0.20510970478017146
0.15290735938992547
0.11546998823384286
0.13971243319512283
0.07917576015074046
0.20040863932559327
0.1362199684050176
0.10653112170808855
0.17384735929407988
0.13175552007149074
0.1510739300319407
0.17136470981853602
0.17101417560269094
0.18472397443309904
0.1713089836141252
0.16736311908733986
0.18106260742591795
0.10438851572840929
0.12127840471376708
0.18581328512445544
0.1504419332684186
0.14331271497076398
0.18299640838163853
0.0949117343147085
0.0773359016213855
0.1484181632129934
0.16965023694286815
0.12953438636245912
0.16124718665436616
0.15780806690018942
0.21674480552600534
0.1171531364221971
0.11705057110034692
0.2487779713772768
0.2070778074380239
0.08833289071775993
0.1958820160226751
0.19187982681001492
0.16223962176745368
0.16460320241734858
0.13928809558356517
0.2043924832249476
0.07850508380238487
0.13997041706956007
0.18666206248880718
0.10797770387248826
0.21091037431222126
0.15767188315910646
0.19229000432960736
0.19076286905045378
0.1924157090363984
0.21816525704597572
0.22714600528404572
0.15853071947817315
0.0935203791959859
0.16029726252458504
0.09990449784333466
0.15828705807493887
0.09230679840501102
0.19401192738473633
0.14401526788419367
0.21198896481274207
0.16895160300635892
0.18368042346831984
0.16891041226126755
0.14032002240137062
0.10684937003685849
0.09722323237436466
0.09543149903094506
0.16714007827361815
0.21959334775114694
0.15211584501188063
0.20365342080250787
0.1291020388551734
0.17564306373050306
0.15264306361149516
0.16207215897460736
0.1783927329111094
0.056394399857632754
0.147533911650039
0.18975713967881477
0.14661283912586315
0.1423944431328784
0.15969078546182375
0.1410652127564088
0.18600034165291407
0.13922879702238114
0.1771935162267409
0.14714800436588385
0.11590665255929125
0.1317509551055093
0.17519242299488366
0.14109245986581845
0.16340096023133294
0.09394355696625785
0.11682768825381674
0.11988191316432201
0.14945951129320237
0.15159044889696116
0.19622046501825863
0.13554155400335433
0.11272682855114649
0.1886409735648885
0.10288059635091998
0.11028018001282391
0.1744867310955801
0.1007111174281652
0.1805916077820201
0.17819959224566023
0.15275903825147827
0.1665682078764325
0.15361030873648485
0.12637335458464669
0.09519245361059947
0.13503705083179818
0.15020616470360756
0.1813253532639782
0.17212649200038707
0.18611536021652214
0.12107018815654194
0.18401664773604617
0.14772075037924856
0.20100529992656263
0.12413543669862315
0.19753664297559825
0.19711576545521461
0.18155761152701463
0.1982746895733303
0.19423964947465724
0.08027857980141873
0.10782662752975046
0.12443090332820039
0.13904093295888637
0.1359452102992476
0.16609893244959043
0.22072529625038873
0.2121976844975038
0.12993140924367388
0.13532280659666945
0.2553499490493505
0.15674679634283264
0.2079515487159401
0.2374275795965054
0.17859563472728734
0.12162647048842978
0.13345780467157317
0.16534501693961037
0.1986637798996321
0.17263251235739796
0.15590120216199543
0.15517660644690667
0.14171119006168736
0.07350316945014368
0.12902915127632472
0.11925746531886058
0.15101398677146702
0.19010513293501105
0.14264263371814914
0.1522891746416802
0.11420559880043618
0.1659502766527959
0.09413370402450316
0.16618544202344976
0.13355055764264231
0.2018839754285508
0.08993007827339969
0.0971090539137626
0.12432131583750373
0.15182279951028724
0.12858346469118842
0.16330940450128673
0.16225624634392527
0.12481368785941134
0.10266051628051509
0.1792158440471998
0.2249786103707863
0.17182529479113545
0.11418801061411801
0.064221302723003
0.14186934082691802
0.15988274830918314
0.10803251023550611
0.1657616304005737
0.08642287797104682
0.15427446939001926
0.17505363744485847
0.11059876986988319
0.12917715031626742
0.1368433274773933
0.15727029870801373
0.12852501563904808
0.19458664343073415
0.1485005255399702
0.19387124866773808
0.20763686028512304
0.08271352529152158
0.1308655573476455
0.13066358424502847
0.1949268450008818
0.15283608439523533
0.14843448996711905
0.15549336095034022
0.11741333297245614
0.1472907053027838
0.12156287615156613
0.1466262996683635
0.1022609294790234
0.12313816694690766
0.17194534140403234
0.11615280595983683
0.13439876378227236
0.10882988997438231
0.09922039767179727
0.1418816956584766
0.2224627965483129
0.08028126486604378
0.22746595059476377
0.0884707717668202
0.06368704130860445
0.13958764356913086
0.21777287070695864
0.14428586088680154
0.17228411164913937
0.14009428633662743
0.12276759906885801
0.14889054146075753
0.07722447295487667
0.13401008935863284
0.10637538667756413
0.08471700612015838
0.1773597359065005
0.1473949392220101
0.20349097802699542
0.22797590964144068
0.18600627474484005
0.1339197828008708
0.14187991285498036
0.1692097906064343
0.14794968250304186
0.17625685923046727
0.18589073792598973
0.20144496031767495
0.12192127597612709
0.20762906835835596
0.14900137411036474
0.12428155356651056
0.15986275964060503
0.1019774883240614
0.2385907033038825
0.1506456600401071
0.14617734691745832
0.1364430123896441
0.2285977512326038
0.10521462077627075
0.1545945975001293
0.1835637519154115
0.22627940401013968
0.12830627438166053
0.13616564260003822
0.18800328516800047
0.12290743588641836
0.10881093106450698
0.11488422997541073
0.24195609405206475
0.11344328932791396
0.17712422927690818
0.1626984009999629
0.0969473313042672
0.20049418399663127
0.2190402049123891
0.13668735166256185
0.11306671621790867
0.1384313247445039
0.15221239912425255
0.1519095648280844
0.1542829402000938
0.17128498771888367
0.16654479148541623
0.10977412583171478
0.16052880412593584
0.16690021610638395
0.14788574714322736
0.10443554039082661
0.10712202538034868
0.12482938775446831
0.11353965980187537
0.16044127494383328
0.10869101685326975
0.06135667176885977
0.106397735602626
0.10766993500253318
0.1350924130393281
0.09920404071917024
0.131669000722913
0.09195491674457751
0.1742915970437109
0.09350075416768543
0.1093905522216145
0.16638662202320792
0.1711805577344218
0.13560621352984661
0.12002852774610531
0.2014282020442431
0.2058776353217907
0.1910468777320911
0.16933783893313348
0.03505359251195653
0.15152218389113808
0.18580928031318056
0.18418191194093744
0.17644646353348198
0.2458438554896305
0.17022418220303562
0.12765502757740088
0.12750682766375457
0.14725751949054305
0.17047093543554245
0.16441965387194854
0.23381123444876956
0.12508955414453926
0.1995295721869316
0.06987296131096422
0.1531847065978967
0.15809668712730313
0.17036517656605293
0.16880905138587915
0.14201934313425485
0.18730045280452146
0.10774571768322105
0.1018209356289766
0.15847765001559885
0.13415936418429159
0.17117132652176928
0.09283140479512479
0.20728058440773048
0.19832302078995698
0.12912438919620162
0.17054867128764725
0.10846444106791847
0.12332463536514174
0.1656923961098412
0.11486162489482696
0.07564030419833723
0.13796811802648912
0.11983535071743467
0.14905765537889898
0.12476691413454662
0.14618380728840907
0.14533440628046343
0.12523107846776055
0.1593373891812886
0.14625108353942906
0.14094150010660253
0.15680076001143617
0.14801588681631753
0.12582541465029579
0.11093006517298108
0.1792997730836369
0.18985410596725313
0.13179984310456747
0.10759822227967597
0.13247891451799418
0.1333922921707876
0.15849910604643638
0.16628659476297925
0.14699953926386197
0.09541475748770228
0.17265560461366125
0.17662541027101686
0.09722483974019144
0.18622788686846078
0.14165382950127672
0.15548213405605346
0.14140512303836927
0.19170777116167867
0.14309176221999223
0.11934489364786212
0.16027007776313196
0.12582680100582982
0.1981631481458473
0.1412670943642062
0.17084121627232227
0.1131466881259316
0.09372226027044223
0.07981058644642407
0.07059438271533028
0.1858720818259291
0.22754222976376615
0.1665811359665021
0.07338970014704406
0.12211809903468977
0.10904595324993402
0.08339294073535748
0.21931361646952835
0.03121304911812066
0.1067569205785763
0.08892220081566268
0.08435788998172386
0.1516489460779325
0.17640960719464593
0.13760253149982843
0.21897642928216404
0.1359293851851323
0.13695220706667743
0.17833918796457415
0.09219488052009023
0.12918275179979877
0.17048069429621443
0.1734422529113307
0.19177164277522774
0.12183033024521309
0.09128717308872986
0.1982184356409407
0.15618316406330643
0.18568949478549165
0.21993791129138934
0.137689174730145
0.06291551913970769
0.1788834991691853
0.14779702113408427
0.19664729772195236
0.153436103653371
0.14022331427690993
0.08135343654597951
0.1833036771930798
0.19487251470523326
0.0866053644884244
0.1745072985919038
0.1407318316119295
0.21164530097050646
0.13987259269588148
0.20777968112566747
0.10227403813934391
0.17523423000927926
0.12065092625027261
0.19965129730909542
0.14263692966844221
0.1053849913231216
0.11802447824362765
0.1363444070087986
0.20493074289082483
0.19917246324798218
0.0963059415999166
0.1810507387351055
0.12209727828116243
0.07833323309410829
0.15923906661358767
0.11630407522374578
0.1554381354005913
0.14316940994799665
0.19372809014309253
0.08540916339272517
0.07852306284241366
0.10314243866716032
0.11254862992367638
0.1372647426107008
0.17602502692133126
0.13926997215522074
0.15203197722342474
0.13235758928467878
0.15799843034281133
0.1766088767306927
0.11746704553040252
0.13263799398217133
0.1445500926248524
0.11769863281409645
0.22501075512606383
0.16180493019792797
0.085591355795742
0.14004727767044983
0.20230356826101134
0.11868575214148186
0.1457533001355462
0.1300741959271278
0.17935227287859878
0.07533449523762527
0.16421887573297886
0.1899631485721073
0.1376826845723642
0.12929295010278177
0.07855379197280364
0.1705353952695035
0.23484054781622768
0.19592026362359527
0.19458612142490056
0.20438598913936956
0.15271103899222055
0.15892859212525387
0.07912461909913096
0.12190064084336137
0.14125004402747496
0.17303559014353306
0.10351735768716064
0.1256187682080971
0.1191401540129776
0.15808747230222978
0.16980475352096136
0.1382281120241721
0.18570107185309886
0.11635125826317441
0.20960219599505947
0.1918696688886214
0.21663307199213883
0.1993974222294645
0.14066425854399997
0.1834082905925225
0.16282503526162354
0.124899564303594
0.13715092014252894
0.13210205880126022
0.13111803970332672
0.14352395217434294
0.14688310555109282
0.13851889908199172
0.10786309691473135
0.15849142276336167
0.18735341750967335
0.1680901492527602
0.19393386689532818
0.18332620396800167
0.09977995062700803
0.16449712816619752
0.20309146485633872
0.12656239682165915
0.0824904105866613
0.12034469921515502
0.15019011552931685
0.1724684631359903
0.09591591266382198
0.14310947529306894
0.047115131828751045
0.09870272636432134
0.07927637544131752
0.12254254698369912
0.1352558606653822
0.10370817759391512
0.1566429722849039
0.15357984068008543
0.17743166892582957
0.21247725311323512
0.13495337341527627
0.16166770308096376
0.084135060963329
0.17508940146890145
0.11989754001052103
0.08135960938989781
0.1201152770867312
0.05406638595718706
0.1856852438279118
0.135800176120286
0.11788698139554772
0.1391358750013053
0.16559092018500587
0.1473746118246767
0.13423646058290378
0.09333204824518014
0.16000321436855128
0.1175424264518736
0.1958125238301555
0.14179685801898428
0.20677962979082135
0.18306199300393367
0.16988290235674428
0.08073809190405189
0.13474328800016802
0.148830809486869
0.18320443845040962
0.11215489557417496
0.1581995843885027
0.17641073999667922
0.1450982354072588
0.22416651897513268
0.1433860523183664
0.21738647142287665
0.14939411670879996
0.1660197881658435
0.15116744243310207
0.15472131116367682
0.12475347904246653
0.16185562939416068
0.09495845388321408
0.1577224666290807
0.17922853327881505
0.16707323357027698
0.2387373432311159
0.18435895022628895
0.14082037553522223
0.17400166089085917
0.15706785068365722
0.1266404793322941
0.17926758708451948
0.19340166349415291
0.22820674452829046
0.15893419585134444
0.10062205526765117
0.19472151990034187
0.17377759770753437
0.0997947654606987
0.18798009084355466
0.08526695528053792
0.15322531744768647
0.1503186689443921
0.12262483130783898
0.21811272084967712
0.2335774659099552
0.10148157268724087
0.2004774043632805
0.1226499479233601
0.12123589921957528
0.1363638898865323
0.21890194230476648
0.12201547676183354
0.1134293631485302
0.1759123266309498
0.13366184226590264
0.21966584568761582
0.09923694254278953
0.187326327885858
0.17227516751299193
0.12959997507890733
0.06002966215919013
0.15415184806980142
0.180919917241273
0.10726604714733826
0.13035538577446198
0.09919680815704204
0.14677044086079108
0.15243574339405652
0.15146581915203547
0.20317768951550924
0.14815349351490384
0.178299291154243
0.17408547652141
0.10017655158365124
0.14352541637620858
0.17433343894952685
0.1520024932924456
0.12706151678861052
0.07276320702041039
0.12199240315211222
0.14943521551294325
0.17349074913561652
0.21187729219019563
0.13674514416045971
0.13958114533501237
0.08426616902535967
0.165242404992087
0.1559490922819716
0.18441254779506383
0.1494223857996914
0.16298813408689242
0.1232612962840673
0.1745560059486178
0.1330404581559212
0.12815018748011472
0.11099539858627605
0.16797915127771357
0.22621978866643727
0.15709860979674908
0.1773948136623712
0.1692003386161056
0.16939785352979692
0.11705589944643484
0.1600672615188532
0.17390589079877117
0.0966128021005572
0.1627875263566338
0.1607907460055759
0.11307442338425158
0.09527466452146299
0.1810346715309195
0.1587774696615884
0.05467440314427505
0.1565324085646715
0.06870071525174573
0.1456781946787057
0.13380629488000723
0.20567821118546448
0.15121381380356771
0.15690167550193035
0.14549750131559672
0.09610907958964157
0.15749809201062256
0.12435859491500222
0.17470014105268786
0.16957419158855247
0.2230766253461285
0.15024868020851073
0.09834273281427094
0.15817805380043265
0.20875837801241343
0.20182959195967234
0.09398794953516681
0.14332451668866544
0.1576773016934123
0.13432137275935657
0.12216558464922528
0.14280110694549633
0.15719897533856786
0.14410965343210455
0.18083170145545088
0.19385546372310153
0.1622331403498244
0.18064305118889046
0.1679832905650037
0.20238906179982435
0.1579772111663761
0.10748805431568917
0.165499609645813
0.13445899052792024
0.14771959337622223
0.11769674364049248
0.12657504949832515
0.11779155530517016
0.16684351291102914
0.1449072153651038
0.09642842079378294
0.17760676873371734
0.1908057038284728
0.148351111701779
0.1283231898509427
0.1445253145778942
0.1359823479302854
0.07530722084253645
0.1623423751404958
0.12791726829303401
0.16741004809391008
0.22052272404413406
0.11053298233025753
0.1552850178282229
0.11284057162797494
0.1956369752637714
0.0895431577826484
0.1510469916352593
0.2022422970973079
0.17205577531055388
0.14776263354255656
0.19053949818011953
0.10220556508091486
0.14855853155396476
0.08068288868975883
0.13859483679958542
0.06800100814261759
0.08425621990191245
0.16447635218400888
0.11622131666110291
0.19301691294603318
0.13049117951305714
0.1514739061097374
0.20592440073199103
0.17379968642354823
0.20102412808134137
0.12808224015094263
0.18023182411033076
0.161428150193057
0.06277129483032533
0.09293469604199955
0.2297391742219128
0.13751397047764685
0.17388620987254458
0.11460978171549133
0.19926800153687535
0.23802908092998465
0.09525289712972351
0.160966415014595
0.10526096103358186
0.1728484639303425
0.1557390503818219
0.17865666181718393
0.16367817621368005
0.08487434655802757
0.17678760670637866
0.1375804812101035
0.13421474141712827
0.12512243768311482
0.11368155912694533
0.14044902307810575
0.1163824759082994
0.07080385219820824
0.1695548844278778
0.17497104908613226
0.06771873329041317
0.12201104345389333
0.22413022953792833
0.18281261689404402
0.13334740971287778
0.12302962786713625
0.17434532262001673
0.17322713088064443
0.10638466549249574
0.1275768711991671
0.18119696146283762
0.15737030528196017
0.15575639233827654
0.09208145458938449
0.16173733619143027
0.2031926469898127
0.1794737290704063
0.240815641962677
0.10137527019342517
0.22713137705264297
0.1152095607832827
0.23026431508125084
0.09035545549709643
0.14967186698080834
0.10698445049743832
0.21299499962725874
0.19075461480158945
0.17729958142188315
0.12472554352408552
0.14908020528165694
0.179941984570471
0.21424732231226284
0.20513965875714263
0.08538310599594354
0.18856261332215388
0.13613023864988844
0.1237075695635521
0.17557974027889015
0.15552057259749597
0.07621734753480115
0.1664948118771811
0.18447375052063697
0.09268787669590138
0.11637380401079148
0.208338527682054
0.19471170519482545
0.10756835626910236
0.13087659600984464
0.19628338639470938
0.14699668022993775
0.11823498584652367
0.10583787699662295
0.07543060220805084
0.11259897037538832
0.15370040006726676
0.14896884910389543
0.199725473588796
0.08213158581013742
0.18605104985176812
0.20684716089931204
0.12085650011387451
0.14562686780421452
0.16642745298853376
0.1917582549227856
0.15906719870950983
0.16839615025634266
0.16706408765072522
0.1855606451423239
0.1660378468901942
0.17442512502447355
0.12339607881435097
0.1072484306380781
0.10571610652099445
0.1293119052160652
0.13606072671685338
0.12004747286882951
0.13635894215829675
0.158372168926258
0.16740531294298497
0.0891443670557705
0.16857549266716043
0.05927936426757864
0.1118253978002687
0.18951499970754848
0.095771983783036
0.1631313555279556
0.13494235515953462
0.18839197190059975
0.11999109926564461
0.1520269228107047
0.13746260646215863
0.20985506186252442
0.1485362456861173
0.16163010936675518
0.1456927949519069
0.09735694768548764
0.20440988306420377
0.0773392603824322
0.17692750358701015
0.14636734003841062
0.14093591848662726
0.22803057690324946
0.10526645328161238
0.11043833449225743
0.10284199355204321
0.09739886564218413
0.15332170559433514
0.20737529106703842
0.1381570376877863
0.1538680596682433
0.16430773228437312
0.11100197628012065
0.1779965240187829
0.09267195650788221
0.11250487699860279
0.10473676787165348
0.12909487361261462
0.10290789232804132
0.13014984856541859
0.10789519792957904
0.17665252269782794
0.17254941630839798
0.2170699413014744
0.12265867415154783
0.08762336422847793
0.12815683836536362
0.17124799699373983
0.11845461162399293
0.14922123063781417
0.1420655156124328
0.14916469830121926
0.13780222502652545
0.11912743585045049
0.25847883355310475
0.14605366953035034
0.16318759238389668
0.18334097838755148
0.13467047342282357
0.1308072441727588
0.09777755447957627
0.12595752957292827
0.10108793697746771
0.17539625906075335
0.0977492386694202
0.15240544314416454
0.16825296776685134
0.18142522967804206
0.09534104591922968
0.12838815275176452
0.22513135713749366
0.15249448220385398
0.13833616721166633
0.21427757003664583
0.17923862539002913
0.08203478263949333
0.1445774482680467
0.1525387001265627
0.22168323128490136
0.16236945063474081
0.10508851781659351
0.1852275237020448
0.07399082074603082
0.1677289522135087
0.08758156744309993
0.10285230014560762
0.16528014301485142
0.14928266737820695
0.06652122494062317
0.22299185147629452
0.16846927731089859
0.18825278903426684
0.19220210906552157
0.18249801079113093
0.09369787840278679
0.14420399939948716
0.14714379778806838
0.11849234103021494
0.12262418695537847
0.14003428683279712
0.11128650125221763
0.13213413121164772
0.16383220962656964
0.14870917996466934
0.23344208615917283
0.16681548897776013
0.07437990224914214
0.21961245184459025
0.1381693510823669
0.07855333122220774
0.12843732094458327
0.16401198737883357
0.1872796785717831
0.26754216325340624
0.1788064431550418
0.15519160075371988
0.10019992460899263
0.2081779154654227
0.20601253431565372
0.12062272008667739
0.1277358146259039
0.18991582687181285
0.18120802930290503
0.09124706437641915
0.10206265140538827
0.1612723605750856
0.1579095561476536
0.147467736022962
0.1584606037875742
0.20882930115009932
0.15283164952867273
0.1686160292196779
0.16599031199087327
0.1592018275446936
0.20602018110148745
0.12516564410129732
0.14091632078947366
0.22330916386193778
0.14591764956834588
0.09751071561216981
0.10769950004368381
0.09392628981797868
0.07902893881956573
0.20014101020070946
0.135083748315957
0.13812080570300478
0.19644638249287927
0.1357882053340008
0.1593821001179453
0.17871974764527224
0.17523770635341468
0.23962655903129693
0.10551329782346773
0.15895894767941174
0.13669560390160843
0.10147448159266557
0.1735497823933625
0.12229920573762787
0.2150141212193963
0.13813972394789553
0.07295334552040465
0.12183041523690717
0.12192604919486487
0.1986273140369633
0.15894886373972916
0.13886560344810606
0.11533973793289379
0.08658322849895826
0.12297669955052783
0.223688582447445
0.1818934757606106
0.11867034697443182
0.14831801599238947
0.18199458365598167
0.161265351034644
0.13233735580455763
0.17805577046983595
0.09673977276369995
0.0817430429942005
0.16280553458775976
0.17962434915379571
0.20070634935662143
0.19261207176114736
0.15773406314533014
0.18554021319697553
0.19075158291666203
0.20878061023953656
0.08949334155984401
0.1706578468848922
0.16910230571308235
0.1410481524437491
0.0915054576115184
0.16956910485943794
0.13490209150206026
0.10699339201549582
0.18312571996680532
0.13525658070445185
0.16180290151894183
0.16939581412080953
0.08979057867895304
0.18007768116574085
0.24644662168943746
0.08881076444242322
0.15228543012176837
0.14221624009438855
0.11899579353692824
0.12067690591773454
0.23185807778228143
0.21152578747444223
0.10851896716843427
0.15261763534976505
0.24748291311646925
0.1856940046882641
0.1758827449308008
0.20511145270218972
0.12080657238082046
0.14230370626988342
0.1263492036987442
0.11777519552997173
0.15824850975229887
0.2333963669675481
0.15778830029616106
0.12269910708658716
0.14023725860076502
0.11939327279177309
0.18714182465801038
0.13431393702671635
0.1854666436710851
0.09845089708761008
0.1546086876955587
0.12652722916333148
0.18088377788268994
0.13913744762021235
0.1232644029919017
0.06639298835392882
0.2545583942661359
0.0977778809023229
0.18359598045738307
0.17976383759363349
0.15767408138755315
0.1989348651913304
0.13517073153132758
0.1576826137453908
0.15786016110797402
0.15559123191321558
0.12242401209846487
0.055846240125666496
0.24610916206314407
0.16016094983319507
0.15046352806878407
0.08508743618481002
0.09466321438506507
0.13905312265875808
0.17410091842176195
0.2109599550343886
0.13900465330977302
0.1209541243709475
0.12572737549983895
0.11848767817691341
0.1912578512070067
0.17672835905979584
0.19306462246926093
0.13333639471010397
0.11991665186298402
0.1859995167876553
0.15972320582538677
0.14214352599224647
0.16264061207389244
0.1375961165389042
0.14829771529264243
0.14174087860609644
0.2011546975360811
0.16909502131594603
0.12195904174982664
0.13956003030974384
0.14632697462554317
0.12290576813494711
0.1674350151759349
0.10219405678459535
0.23273506995765894
0.15087360075708625
0.14146341056103065
0.16531090843937976
0.12139666981314291
0.11972001464699351
0.16160591980626599
0.10809626923851573
0.17958818811501528
0.17705080007805918
0.21431484584881874
0.14570095768287628
0.07142811809195726
0.15498383702676494
0.21483140744109586
0.16714191248754262
0.057309992236783236
0.17193783755328237
0.200812119160428
0.2071972004415616
0.1906438874391969
0.16961552247776523
0.1698547823057007
0.10663610078852503
0.14286483929363997
0.19598952913992712
0.14776724037947794
0.06685171715963191
0.07184961333930882
0.1596704599393818
0.11458463644378925
0.1886845709359419
0.172204115920375
0.11784889783505172
0.17427372777167383
0.17900399486284535
0.18917709173906289
0.17422745975097978
0.17672802930746376
0.10249752565933903
0.18179209617348432
0.13120405463335477
0.21978441387909686
0.1908955452323604
0.1502269371618065
0.11968440518225434
0.1407931021814194
0.1807354881680124
0.10682188867014344
0.1457609005046321
0.16138108413202426
0.14644969481261716
0.10104532748862369
0.17397950741814042
0.09929445975619072
0.1591769214117615
0.16310557410115512
0.12499334463632239
0.08678114034690358
0.16600246735395896
0.19073063471623136
0.1148633801255296
0.12711959411876567
0.21028593002735235
0.14504137204475492
0.14918159609413517
0.12339226518828103
0.129147896324097
0.1698439336338954
0.1333464806079486
0.17239257609224137
0.15624262252708468
0.04562677837928336
0.18572595005245873
0.14944894642587322
0.2004134342474468
0.15395096003118083
0.17065633423990068
0.15541292017916714
0.12874910420930114
0.09578061053912193
0.15118429006143633
0.15310556760639282
0.1183513808879214
0.19479374498786803
0.13333306595068756
0.1918940435320665
0.12708834184348414
0.19278160559958718
0.11300106414830707
0.15120494412939245
0.14189997032706847
0.1647093507801499
0.11535408678936893
0.08696980862159982
0.1510482488981113
0.19077136961329705
0.12378435419003482
0.09531985689705552
0.13354246162703892
0.1253758339666203
0.12644040183201893
0.1941759214906271
0.14461993851635693
0.13149647614471924
0.14595591268708533
0.15398983554206297
0.11501450993609227
0.20584081794347261
0.13113038099495797
0.19164676606957642
0.0628713940359854
0.17558087803037764
0.131363693790785
0.0867047666743893
0.1984100099033426
0.1877806560055214
0.14966206635764753
0.18917653641161442
0.19963511579346266
0.13221712581230377
0.10370497555020414
0.14673544758226748
0.11281845407803809
0.13073974531529775
0.1357476880535131
0.1300480421185125
0.11983749763168039
0.19005873868011652
0.14468168016223623
0.14242297182700772
0.09582450209286487
0.1707817906022638
0.09511051508492549
0.19188959978794182
0.15398316882739754
0.16444026646337012
0.1518358247677553
0.14242836556749722
0.11839354685850462
0.07617408695211574
0.12161843975083445
0.16067259525263422
0.13941125495723708
0.14472762357391067
0.11080232290095368
0.23364762125239152
0.14336027402831183
0.18066615883423753
0.13798347563552327
0.15261583696669956
0.16940956099429805
0.11098519000844652
0.1618845125439513
0.19252680805455447
0.13368769525832874
0.1675730944182453
0.17997931877080317
0.13637836093705202
0.13694965000975984
0.11894625927377062
0.09150288562528885
0.0987170962924187
0.031481413073281395
0.1101547224477484
0.13317707495229358
0.1514943792147174
0.14638119624001295
0.127991356529419
0.19312595837311858
0.122199288696658
0.17269968554350631
0.12024387643055034
0.20557825868255442
0.167916278181303
0.16624432381228763
0.15587738803562706
0.10008944986429599
0.17508697014427038
0.15383338942259545
0.07588709893525711
0.18013139303828346
0.17503884288515165
0.12170721244269618
0.13519016407779497
0.18541227631701163
0.12105628306788635
0.13181993390481156
0.2180057640160057
0.2097313273852679
0.13444018040871536
0.1119602548669808
0.19045495441225782
0.1793319158786726
0.20346663663674147
0.13231535337569014
0.20306288628899224
0.15367538037658576
0.14015810508226106
0.11964455208850762
0.15378183930565434
0.18160066994275015
0.12466855282072116
0.14846704619387488
0.17341126035747825
0.11929821838566704
0.1759240679579389
0.20835918579575446
0.1531033694329411
0.13289873191935528
0.1592010770882874
0.16414921223546153
0.17263405051373204
0.18904452524645915
0.12625388566132784
0.171548726167848
0.1683551172634276
0.0997509188482219
0.09262917842211016
0.11885834134848008
0.19035089908936298
0.17909886984785295
0.09525814814547463
0.18355387635698378
0.14430643223794157
0.14985782447402474
0.06911798875082524
0.1251697533295808
0.16749554222079907
0.13517347904041427
0.17668141751999697
0.1555780347681448
0.17088292634564797
0.19502622784291065
0.14785719732797245
0.14844344579950874
0.1414857638056832
0.13318853673763667
0.12483662938765203
0.11879559494704521
0.14287338420060441
0.23912557117954947
0.21843716436913546
0.1662806147088843
0.15136855948579683
0.14545102830205
0.1642153638069957
0.1550794526922433
0.13130156595404016
0.17977399430490695
0.11664751987067765
0.15506449553813323
0.1520445088596202
0.21662715375052247
0.2148392818472187
0.15968187659426292
0.11403985886255177
0.0901200277481497
0.17408252494377208
0.19765719319828862
0.13617570990823555
0.13625282427379
0.14556598059200498
0.20355825807356925
0.160904719836521
0.1305256575015784
0.18674959946933312
0.17215873723812564
0.1527259644845392
0.14606765808756528
0.1287769819904544
0.19480399475350005
0.21769538975716562
0.12203270980063126
0.19159900734228497
0.1895125764596266
0.12106744316984608
0.11178587245038399
0.1984908621426238
0.1095131828092877
0.16235293649728455
0.1413847004341628
0.0864908954445773
0.1771896452051965
0.1512451928933606
0.1734813879061126
0.11855115351409773
0.04909323414948212
0.14197229415083956
0.13676459741524352
0.14927117201753265
0.09718915272941714
0.16731372400711775
0.12733864144296914
0.1691735143351732
0.15873063708457927
0.11608230169957326
0.14555266349656837
0.15207970351138866
0.16111165830054655
0.1261002527069356
0.13064662508628336
0.09137679782523639
0.125720901997311
0.15850949881108914
0.07037951710220566
0.14425890072527572
0.17138821779115557
0.2035298073095906
0.1390144849492068
0.12366644120806547
0.11323150180932234
0.16549087787897507
0.1312273647493032
0.1793574299668995
0.17573840539654598
0.14192647532201946
0.2138615429212817
0.14855471167199208
0.1446067118059623
0.20518431797147857
0.15495755181873758
0.13103404673588523
0.1513753049027147
0.2146537263599687
0.12318377363212599
0.2480641397452471
0.1691019523108981
0.1382725531099635
0.14418366006660474
0.21533810341249254
0.13570886313955954
0.11308296191489495
0.1754144670043205
0.1525990167209691
0.09605935575361592
0.11849065354791728
0.16540667769436904
0.12139235882620313
0.18569355916314753
0.11487586451108787
0.16893418376879937
0.16246887567931173
0.12360671714241676
0.17613942276853078
0.10466777188054197
0.17026137633943533
0.17747648620462686
0.18420248719423532
0.09209392665280572
0.10247854922112926
0.1341820053638887
0.21442503042025357
0.10848004102622094
0.11651906565757614
0.08257389255819723
0.17296420548772207
0.09064770132388818
0.11755124931301744
0.15236822129918487
0.185642363876554
0.12727085871353505
0.11225921713448597
0.08491003165140494
0.08587061705394292
0.10013363655424273
0.15265722331497428
0.16445122685814026
0.14105977308198356
0.15657939213515812
0.14070888455574598
0.1770404408431453
0.21515799432201088
0.13487496806916216
0.13750323054326538
0.13033385483357277
0.11597174662337109
0.09749211581090961
0.047561982219804205
0.1951341001714971
0.25342800885845207
0.03273235347322166
0.14260872525150045
0.16057502303063922
0.15839510212533656
0.19757596171187064
0.13824646087062967
0.17085878512162145
0.11804988199138763
0.15272221471889474
0.18790771020086744
0.1408078687225868
0.15617224900750967
0.17492605452200888
0.13001196620237318
0.09471860510554325
0.15604171713420006
0.11494131278508235
0.19682647830244715
0.16338041176998028
0.1639307787099596
0.09223358222421918
0.16954038062675164
0.16418315997836283
0.1247214200582001
0.14586771934521056
0.17705317798481596
0.18819468782910082
0.16932876815218478
0.06507912256983443
0.15967163960785558
0.18510772363359762
0.1870375737608307
0.12413312835385533
0.1050074914234754
0.0889465869819127
0.14429328121053833
0.09556583112753014
0.11941471249731346
0.20547380368060128
0.15873400594865367
0.08619334729156351
0.1241117457204568
0.0933072765144518
0.09615958845144554
0.23254944635696148
0.1278281015734261
0.12968106628721568
0.15022171753945318
0.15239083871587428
0.1192490384841311
0.12405739758684191
0.17805845307490853
0.15155632650343054
0.11350983051672228
0.17525636604242892
0.23248730002625956
0.14991109044588768
0.18549473842845082
0.10141044226700754
0.15899527694190094
0.1067514146585262
0.13174311306484968
0.16342338969021242
0.14688561406701997
0.20930811902306665
0.06320818638458446
0.13328854418462874
0.2083054947742395
0.1020851937318403
0.048771993592398394
0.11543054391361064
0.1578247636441868
0.12337472497176169
0.14735064390918867
0.1355753041844881
0.16279366152754884
0.21812647118271056
0.14818511151036912
0.12524113903231823
0.1508015381010467
0.16292557403913843
0.18520065000247948
0.14619671330476275
0.12298706296701856
0.18632348846648877
0.12351170539959642
0.17317821030969344
0.13935052004156753
0.09451132958189702
0.14790886080997567
0.07774500419413569
0.12938297194488685
0.15050407785657158
0.1318302983993783
0.15188444181978
0.10514043026432893
0.12557578347527767
0.23004261146468313
0.15289304136173865
0.09976659662541826
0.0248425023731024
0.14458609606080164
0.20194247512082902
0.1260719697082156
0.08073716931642737
0.11608601886286064
0.13644563222533385
0.15926030030032498
0.17852066611227682
0.19379464524126025
0.09499769433518256
0.12147770481987999
0.1598943296641454
0.1378243357893591
0.14984563186874586
0.13360211166337246
0.13769019491763884
0.19952273718862465
0.1069635354909667
0.16091561780628322
0.20350123854532476
0.06190229920645511
0.1440671936465123
0.16154895948243736
0.17145485749430744
0.133495972382216
0.21902127317442444
0.0717388138486895
0.19547406700469677
0.17094533926237163
0.14004496509479647
0.16194447884333626
0.13822338293782738
0.13033605331233608
0.1470650410076867
0.16780134559336154
0.1331646960958141
0.10453603177090653
0.22774026694111316
0.17399736055696594
0.11512360269682201
0.1018636125070203
0.12185381469895461
0.12700732949794455
0.21197355920016694
0.11981665667936639
0.11096493239966924
0.1467719414620023
0.13795727261935709
0.17569668248931308
0.19640372615788637
0.23104195911661074
0.24772178263572814
0.12740585165737683
0.22380191495404905
0.1310686190220381
0.18812846711117087
0.11465501790013083
0.20029671914010058
0.163039246071787
0.1302565810445181
0.19902792515188397
0.20859275848795195
0.19830758896558204
0.14424881282228336
0.11966618040351333
0.1668024729640038
0.10402085429790012
0.16065589131364333
0.10577689766008658
0.2091872670224188
0.19772780661291187
0.20548549043996234
0.13994175510455514
0.12661641507259788
0.09178634002002789
0.136373385000445
0.16519039375189137
0.18238737417137313
0.1743905558164
0.23510232727101993
0.19944697175627016
0.1471650197162799
0.1147681771943164
0.16113485994393323
0.15263338184489986
0.15240456537652539
0.19312278898888222
0.1357044769315232
0.11576013025311113
0.1406844509033856
0.18044817233282368
0.17669804747404433
0.1565277830906844
0.17608846076026008
0.24875022557039994
0.19033855939473193
0.19218103361176112
0.19198737237692126
0.19521116193781013
0.15493012514398663
0.11970352785425278
0.1436701011688517
0.12261470011313282
0.16113981273888064
0.2086143588415861
0.1387770457683841
0.14247118414799104
0.06643374326124421
0.1272249284941201
0.15554412741772408
0.1781092755259021
0.1849187875695045
0.12021894858960991
0.13631392125942526
0.16544884618876587
0.13665212766720045
0.1575429624776444
0.12974521712193346
0.16494336839673923
0.11279038809498276
0.18433946179531563
0.22681975817449437
0.12189071853940807
0.10543027886001227
0.1459085630262944
0.17996695597368442
0.16868480414806317
0.1846976711539581
0.11490050141854541
0.19537670218010458
0.16857680977553327
0.17590027594677926
0.22810457313756954
0.15203892651159032
0.111713656972355
0.10664237746181789
0.14614068591283344
0.14310131105156076
0.1777220463295527
0.19852127580876966
0.10934689075762385
0.19022366804334861
0.11818107252719506
0.20600683306731882
0.13255314727132675
0.23980511948092104
0.19103809293577387
0.09142144065848437
0.18265985853176125
0.10231424355744115
0.19016436074725274
0.12484002689749885
0.1901492960142045
0.21401915826320095
0.11753931324937703
0.1200796001901856
0.12921984709306886
0.17954316398250292
0.17235471033174607
0.1386242964963996
0.1274321037395151
0.17220411947625225
0.20083104721840458
0.15787202750809187
0.18380337202281558
0.14039132154715175
0.09773296000738085
0.15618130478297917
0.14648542594767788
0.09551350596542525
0.1543619359661572
0.13730017538124523
0.1263408817634144
0.1572213364489643
0.12316231938276798
0.11903842981293641
0.16399765858559168
0.10578622211692285
0.12557877895052869
0.20964788785299274
0.14206958429172387
0.16812765294125356
0.20829503638486752
0.0673727617657544
0.17109972185375497
0.13051113263670122
0.08643737335555905
0.10220534689062885
0.1954036067834719
0.1469477356369715
0.11775248282668804
0.17831859784009352
0.08983550977024424
0.14085269166860956
0.18995652186510995
0.09774849504489602
0.1612669883383209
0.20721528303599515
0.1701379839742846
0.19234123960679284
0.13708320018207054
0.10491483593211376
0.13688138898704777
0.14460374989805372
0.18019876965758075
0.09691626568868489
0.161301750320588
0.03667714491461446
0.13237158689148296
0.1449373376288555
0.21764252064051928
0.117085326013245
0.11022384594242018
0.1973451794955256
0.1829918757444971
0.19849177616593552
0.1834184143010485
0.1511607278912539
0.12589500785633131
0.23617699757064492
0.13968400043721335
0.14596130989771616
0.15359996488776856
0.12285215353584476
0.12320150348691837
0.19140109466942082
0.13892495602868477
0.12849526848876586
0.10965371838081689
0.18356451152558123
0.18257835299391256
0.14039250037755419
0.14309840298860171
0.18669696994539006
0.1736648968458484
0.06756452031774514
0.1042901100802959
0.18782010845704109
0.20234065177302782
0.16003654042754895
0.17023133047856878
0.09285250699832909
0.15687534284213786
0.09777587912919757
0.13997479614916125
0.1161825130939598
0.07651176163676392
0.17231119208604062
0.2198560024176605
0.10112859583977862
0.0826055622785819
0.13736939329181594
0.21915094580007738
0.1239340201883057
0.21847334134368895
0.16657605984987472
0.1566491007374503
0.17995278702946108
0.18773955472400147
0.19915630732282147
0.1157176977460592
0.17655715728888377
0.06724633553743117
0.1343092172653458
0.147750498722527
0.1469866326260579
0.07824787593145265
0.15967192868170893
0.1399114241749883
0.19205440802136597
0.08409442451083093
0.14777418283919644
0.2275218325847243
0.14842369757229446
0.2043091066470455
0.09916646372989159
0.12441399082728696
0.1507808169177131
0.1265413273125941
0.10959002912748873
0.1699474171002132
0.13780861242056314
0.19189032596002276
0.16144972937492238
0.11875752155544139
0.12982709477184662
0.1397524000065937
0.16194957070319485
0.13621735560556303
0.13127080729189475
0.17570077851435043
0.2008151769962102
0.19007424415946056
0.16850341227586604
0.08984406743932036
0.1348309110903011
0.15042888287257652
0.17097271788936055
0.03354301683352655
0.19102194629676256
0.238383385857418
0.1390775989876271
0.12846814751307878
0.17789413559903516
0.07844836001290521
0.07704496323364395
0.1666290664035487
0.17717606211495585
0.16887719290705827
0.14028175709833635
0.12930430871792614
0.13041899454405087
0.1681145457607615
0.1831018305516429
0.11906771243315821
0.1595654587148837
0.19838782751213502
0.13804752369788695
0.16428523394925998
0.1566594218445337
0.13884726814361412
0.07906499330913529
0.1919146675248531
0.1674049084789001
0.13868759551403329
0.11391333772448382
0.2064818332573747
0.09246176326048361
0.13121126450211493
0.17465666429147486
0.14019296931285413
0.16816623492678304
0.20043960566850097
0.09150701740435606
0.17317998809920246
0.18340876454998634
0.13670925865881764
0.12781027670579667
0.16199398355226594
0.14817817979225356
0.14941927208570752
0.11514037470649235
0.18945769997981618
0.1425209711284064
0.14950580852450016
0.17094748790802566
0.14974591829060277
0.1532243228572788
0.23433340070664338
0.06703706553065941
0.16871311340883063
0.1416867889538969
0.15268099247799194
0.21575886849128195
0.1914006364357087
0.23707542256895003
0.1621232550827614
0.10080247805228981
0.11481160756875913
0.18354939702551526
0.16072229126615944
0.14807068937542844
0.1774578584854643
0.10875860769021387
0.15601631528102292
0.11939584469655644
0.14791282146594428
0.1284219073378836
0.21236414960218583
0.07811837275647998
0.12259555765216971
0.12634643892063438
0.16583493015935677
0.13408005156066835
0.1380631095202714
0.16212428696798095
0.14140562224911932
0.13719035743830657
0.1306124990859478
0.12899354615726447
0.1904634007878241
0.08210091019662605
0.14846231760395157
0.13725143205603865
0.15612197948396048
0.09889358936297235
0.12417452464450103
0.08632445879001749
0.13620914350405536
0.14438683972561805
0.11570780510615783
0.0744451641659981
0.20350521831121282
0.13821750239158548
0.17304781631501828
0.18035893144371282
0.14282028025430082
0.17551868787334948
0.11640413012376338
0.20312623744636796
0.15930921290876268
0.19941297393155333
0.1345234468354005
0.1511280950273364
0.19242244260293281
0.1434174216968268
0.13514038484216107
0.150816266007634
0.17111197047525387
0.15516710316315346
0.12234362756705028
0.08884428958888252
0.1414601443278019
0.11197270196864094
0.15653524369511276
0.16454589054907234
0.13789460397462092
0.1269153585332371
0.18203169072321426
0.1415528445859853
0.1328011863395163
0.12176991489562153
0.10418378031382916
0.13251483801445652
0.22836552024865936
0.09493072588579922
0.2048442908665324
0.1681655027831229
0.23458588841340577
0.13667337824790965
0.17658750165915654
0.11010851579463146
0.18955260049117473
0.13565537076670883
0.17136571629713637
0.1214529398266101
0.20400750230975173
0.12592438730587424
0.12412682572782091
0.1334460572711525
0.07292443766687082
0.09963280503638551
0.18754299701302346
0.17024097391214854
0.19542281394059208
0.1645290117000545
0.19467049644717258
0.1658329588439408
0.17182327518168877
0.13013035933674125
0.14995161121971126
0.14599095122803685
0.11910062581248944
0.14403825074196946
0.23032363966280128
0.11359665973189007
0.17894344596211084
0.1601373868758461
0.13393497280691333
0.0641210549355937
0.1527697294486012
0.15877470823605166
0.17286420331661928
0.1369166649134697
0.1724660404997082
0.11582997047170132
0.20328866861530806
0.11156917333254122
0.16966874626715805
0.12078807533422936
0.17235744524597774
0.14331428448504266
0.1369707990718004
0.10391485638089654
0.15161807324143495
0.15932895595464833
0.16793423653482914
0.1514353837826746
0.17751912913265916
0.1876386572722686
0.08998909646624971
0.13020838387038203
0.16590890360106425
0.21289130263090708
0.15695392572130182
0.16551201441680188
0.25173105524087924
0.16997379423421818
0.17892994656358097
0.2268915988306706
0.128445814396091
0.1744070797126535
0.18610066183365429
0.18613471399394954
0.1574438124932132
0.16086116855134874
0.1242188120360172
0.11628559360941876
0.11522669344378843
0.11640426729835684
0.10106566006539067
0.13319425101145696
0.1640908164363411
0.0873840613293888
0.16724134708156568
0.15391205639649966
0.14784141481580945
0.1795331503612623
0.13343621645397946
0.20392202140601756
0.1803776142748623
0.12016180091554032
0.15447571073243804
0.08589508755335738
0.14378721868188166
0.13139115711992005
0.1276502771861865
0.20530513041075465
0.12083851066198838
0.1562958224038658
0.17096737315410276
0.18285589368196153
0.18115401071137566
0.146423606136646
0.17846752152660428
0.1567444269044134
0.19066392802322507
0.12319840729428237
0.12203411260110716
0.15351052127490397
0.19784042851084954
0.09883581546978806
0.03299978557221253
0.15665058211987873
0.1900372048249449
0.1675098076421666
0.09057755748830298
0.10237998046040403
0.1787841232495047
0.10694904954619566
0.15993621214033124
0.20888704327037386
0.08603529815438235
0.163360799610641
0.2029748184840438
0.1479265884545781
0.17141366379980225
0.09780149799416135
0.18038704495510052
0.1126920462169083
0.20623837307313603
0.1316933514192697
0.2359925602608941
0.21147534682216249
0.15059649386570736
0.2064204087844205
0.15706704399993038
0.12210685428402576
0.18813864402309666
0.15514926342376878
0.167153108582608
0.15266974448437629
0.1303666547266007
0.16751016224526505
0.10576482958292699
0.14602963954389991
0.15392370654105444
0.13862520471218098
0.14852886760866102
0.11551174354218133
0.07695705221727207
0.125620574140636
0.19405222138168282
0.13136712835276582
0.21120307572496594
0.14402186477281756
0.12728891412046126
0.14229294078037474
0.18731868162978135
0.11221457489838538
0.14512144297485877
0.15458805793002522
0.17681250984978525
0.14494209109776887
0.13836203081302773
0.16001949997429987
0.14711675730244325
0.07302340515608685
0.17862556623249842
0.058872895148979434
0.14650274483184342
0.19181176921393034
0.15113599864787894
0.0791374391400894
0.07203603358263068
0.17141291863277597
0.21257249169556253
0.19422122278344406
0.23624966297567418
0.14708913539748988
0.0423519733410648
0.15582035553997695
0.14588584505888966
0.19276654199543192
0.05414546479736372
0.12981539076316664
0.18772465412837616
0.1640865909784981
0.180008652044855
0.19353592077051396
0.1679817947665606
0.13743260216598352
0.2158389307158471
0.12185563488254912
0.1262234087635242
0.13471603957374909
0.18441631970045005
0.08668995853464358
0.11082928963943525
0.13216141875945778
0.2514137691635931
0.1596333111501871
0.18648163556463604
0.1706427203332173
0.15126099744667507
0.19876036051227708
0.13029793602507297
0.15841358695754598
0.25161711442083495
0.1468675194508955
0.162817189079658
0.19104585111779382
0.21378539257842266
0.2223887954666719
0.12632411027823243
0.15875463605917775
0.17587014150759198
0.09368007379677645
0.1751316814042257
0.13875896035905083
0.15290041655607287
0.16757496113829243
0.1591548941195683
0.13739422529133558
0.12354150695672847
0.14594312382246452
0.16306111127469577
0.15946660685740635
0.06691665927381896
0.1192766164558027
0.1428630373575006
0.10420980850487851
0.07826125162649203
0.0887523987851451
0.13419446843525315
0.1565238489055936
0.17468931055188358
0.1019710662361059
0.13275687027335795
0.08336130325651928
0.1481931565641761
0.15669464804780012
0.15920743544894392
0.17320554496031304
0.21938090758482262
0.13746247132745795
0.13051848673970715
0.21452161551862448
0.14121459527234168
0.14604997741943868
0.11618564497844655
0.15012722733601716
0.13560151122154876
0.19435217819935838
0.16315891304363073
0.18618461090137098
0.16602113135573526
0.19769668189549244
0.09863109691775615
0.16757835092857637
0.22157351081161983
0.09880597598354007
0.13301919943220186
0.17537805724281327
0.1393239867149128
0.1329606253206842
0.14739173514774692
0.1799168490108186
0.17092979619699938
0.22036354068773117
0.17229401300978842
0.13541866785627146
0.1468698207222563
0.15650538766361496
0.1765845169571596
0.1376316333781191
0.15871601285988002
0.1608542373886428
0.12027090644773283
0.20363575077019702
0.16720951862349961
0.19186301374148576
0.06998584805404902
0.18068661042769624
0.1844949073732289
0.17187812924610843
0.16738501628778168
0.1291923137517505
0.11825591347019881
0.13477688040008387
0.1208292809075947
0.20061467344274272
0.06325978423174136
0.1234676127330813
0.12647837587175764
0.08006453182799654
0.22129751247818683
0.12542261139218766
0.13355142867766723
0.17699697698223732
0.13310748341825457
0.11930959293402527
0.13736567766546431
0.15562973199212157
0.11812942148654773
0.14859108175885632
0.1576913876548452
0.1411321427286413
0.13710003857986225
0.13868141635782466
0.09299670261391657
0.15049671890199048
0.1987788391546426
0.16501976072573363
0.21391763160714206
0.12791624275558708
0.15901271316184923
0.2144677419454891
0.17080996145351152
0.1662668351678237
0.15849846501950754
0.1509068925984583
0.1722429245586214
0.05029664333966369
0.1647232152764793
0.15465501042584226
0.15489541356206524
0.15791491711335956
0.12176548681116181
0.14063559289345817
0.1418944653020179
0.1490291444800468
0.13059755353059105
0.18849992405656824
0.133376392316325
0.09608738619856862
0.15076956873245992
0.12249303270069672
0.20763412823235672
0.12425366350239075
0.14581752851889046
0.12152879503635147
0.16558597970882494
0.13265303036402046
0.13464234241886092
0.12556106062431932
0.26558891028032294
0.20530920742937636
0.16163585573003975
0.1673614174384597
0.12090762738839664
0.20007129878879462
0.16629808700710444
0.12771002935007725
0.03820731324379639
0.1763846723165446
0.15144513471584461
0.16244457988891353
0.16311253368936163
0.10345428150019223
0.19631839488979175
0.21995326415575966
0.1072056777390602
0.14570791630276933
0.23015848273228978
0.16017116136534637
0.18134060799038337
0.17008086113221554
0.1128178594592851
0.17897154187714587
0.13765284844383197
0.08557208323691373
0.15939914069809447
0.07145818543037714
0.14734737735159176
0.16644377547604094
0.16316213280717043
0.13220488833583496
0.12630158029224017
0.19142662140594915
0.12567312969647965
0.16354603022882278
0.17110887554210366
0.10695540649849909
0.1240041575399102
0.17131975430028265
0.10411068916901783
0.12286359903795531
0.23881063676151815
0.08893348531078041
0.13509516945439154
0.15151470662291197
0.1842045430331637
0.17287470920277984
0.11967487662396198
0.12533617795634305
0.15223505031304968
0.18738426717406886
0.1082194212281343
0.1839744896642406
0.1682817239271192
0.12989453932223352
0.15999952199812073
0.11382706165697716
0.04800976478986313
0.20727514880895587
0.2097942406902491
0.1676148561722222
0.1701017206276747
0.16540125822273247
0.12410440491563549
0.16885827722128716
0.14874415869454194
0.13787210150202794
0.1501728786646835
0.16808344782129656
0.1688802953384966
0.11341079128251008
0.1822138669491369
0.15543680689374886
0.17770827041219342
0.1583377285168537
0.10031189194206405
0.08990505625202524
0.17175300343882616
0.12356758359422605
0.20494369791426492
0.196694578534688
0.1884995682522028
0.19361439508757958
0.17916242479207845
0.1483268889352991
0.18975624319807943
0.1873149556142694
0.1441471233339322
0.23613612746680668
0.133303318895781
0.2476738383911199
0.1942159214336936
0.1586057428626695
0.1410123775985768
0.15576710909038552
0.1088998320057307
0.14589340264724018
0.12324522388382564
0.18873979778554237
0.10472688267258967
0.1037698052471861
0.14226102239087632
0.17752136918033445
0.12224618047997005
0.06116937198633815
0.13790037975949218
0.1798010240261073
0.16532413453669706
0.07641808862843866
0.15494265785598876
0.11152695920975493
0.2252690849933499
0.20340786977574402
0.12959936369028296
0.10372808473903757
0.142658489547676
0.1579089797168135
0.1436010612026549
0.16807675897344423
0.1306360038291287
0.16419105637309808
0.17426381291355397
0.15679630069757367
0.15258031212077786
0.09509386480185633
0.18470979431041362
0.08801572788472362
0.15294598643173454
0.19661846951861342
0.17152829127327882
0.21270042665843938
0.20493418847580058
0.190016170340554
0.1100360740898513
0.13037979354141604
0.10976344895417843
0.16051969524811535
0.18390772770233466
0.15251094853282893
0.12916804696327044
0.17834932247109248
0.1220256122871024
0.15083736401377615
0.17200642038920688
0.15653937508229412
0.15190789649012298
0.06774555956441534
0.11327611496703746
0.1280086212440218
0.21676383863587662
0.17662296917652315
0.16997747894003395
0.13400839563210837
0.20292473237389252
0.08336596306995236
0.21236683759073874
0.29587302835455487
0.16533665004722642
0.195440543234355
0.15296898782859555
0.13578031877392527
0.18790827436664492
0.20670737742008932
0.15944964223962318
0.1789135230838088
0.05586773716034146
0.14880433643372046
0.10628060309688893
0.18488280267372742
0.2226952416901629
0.16452465910195557
0.12477072496687855
0.18628416847132157
0.23130593334050514
0.12675093121997758
0.1019894936968653
0.1769531724963953
0.12199184736827472
0.19084660095198278
0.07342548894887774
0.14266948111945782
0.1796593090647662
0.15594187987772426
0.18052276187279928
0.10866933900389689
0.11357561864726726
0.13186249184685336
0.19190579440878042
0.1991554154786898
0.12398956478313389
0.2030276127917658
0.11849633519021989
0.1830396408858833
0.16242597088603297
0.16794256235801436
0.19012342209788366
0.07165259075198034
0.16224365323271364
0.14651423553396792
0.1537102392870349
0.15683324284582367
0.10391036500532289
0.20912277633447834
0.20812235724968137
0.15051900699090057
0.23675230494337104
0.1046108129218481
0.11303497491974093
0.11881927242038212
0.21367696337702022
0.19021520628524333
0.15851678662120977
0.10969150708467693
0.15771044187308603
0.1752551918138298
0.17465257659006386
0.16226675668818097
0.1570589067884259
0.14384560978498712
0.07070860182390215
0.1510530596392132
0.1856605664824461
0.29404443317976303
0.19797088868610158
0.15472321248898807
0.08855009467579124
0.13996619213824327
0.17608745189241978
0.20353760148876093
0.18260833180326788
0.08952964156192814
0.14335675170752082
0.08617652801132765
0.1682554930063978
0.1355235112276856
0.12009795804625996
0.13353180134326886
0.18995202393878602
0.1389918973300687
0.1627617594400036
0.13462165575116913
0.20717296902235346
0.15360680171089738
0.07835215268908022
0.1414590298086226
0.08301398915220692
0.14473519515466035
0.2256466922298671
0.14420892106353256
0.17935682733716027
0.12918239026558542
0.04720517511694991
0.13442437480580405
0.1340874386329846
0.1893179049480121
0.15741413568848892
0.0761047850330265
0.20827239414219334
0.10087749169008536
0.1785926989044158
0.16845215924171214
0.03295957785490358
0.14870487664210186
0.19018535242970186
0.1714912889325209
0.12665980434545943
0.20230243782883411
0.19099731388333704
0.15447977971848323
0.12332835751207218
0.11962301531481226
0.2241246882254327
0.14619011898223025
0.11359408054525884
0.13541016067894138
0.19472163135064954
0.13398650335896428
0.1710724193046574
0.17552295853256245
0.1042782285765045
0.13215136784002496
0.10453846109637027
0.1957557453006136
0.1356342266644963
0.1784947506447282
0.11984906601291886
0.04336018101814117
0.14354024748950633
0.19254785898009064
0.1751694902073418
0.1270606733374843
0.24135697131102243
0.0967998101111727
0.13145992852645166
0.25453927639615154
0.10398903934904902
0.11164665799421071
0.15861166003558635
0.0772382787069409
0.15836223349582992
0.10930566018385685
0.11375926836746865
0.1788346475322854
0.15107631678353906
0.19058383682425253
0.07044637387709038
0.15782683673855552
0.1932079126447535
0.11178497679420127
0.1501461957673448
0.11379557421027023
0.06540774873071961
0.26579181623635456
0.15361757285679342
0.0817879522105833
0.12838867477256535
0.1565261640365678
0.15271059635150736
0.11609063650789869
0.10995224294754508
0.14588509049289455
0.1770388255577472
0.21682588158706884
0.20384791891078619
0.12387032019958108
0.14770539830868054
0.1771309867599411
0.2326171161172044
0.18543436495155827
0.13060901305067923
0.17797698969090228
0.09978826438415296
0.1461140428637216
0.23849763343799185
0.14727856841270104
0.13886328353841118
0.16296306245677963
0.21518710719033013
0.19052529450658873
0.15287066145336212
0.07790853215519924
0.09933351817079178
0.12862588544162773
0.13148647653361223
0.20104740020113476
0.1273522820685537
0.14269006204229812
0.18408298044652316
0.09987065973931955
0.17223289394334645
0.12962531168301783
0.12147087208298138
0.16006217296927538
0.10628434949574547
0.12641725493930167
0.1998972120947352
0.17784455934565313
0.18368529065586262
0.1886314526332968
0.18931264327184627
0.13213756602799787
0.1529981477718051
0.058185514602114324
0.1653377330278896
0.19779040814714238
0.11895023118197198
0.19057277764518196
0.17135445404545788
0.12872485049562654
0.17538992863423997
0.18900783430729906
0.20379571845773914
0.14106716563485816
0.23921160018857843
0.08860995134905195
0.16406407851538662
0.1007034986223346
0.12356926263696431
0.11946487638799624
0.1599762975951521
0.18357738897457437
0.13395028854826788
0.11525732871528191
0.14796451715477596
0.12568705500627814
0.10897637722629355
0.19364904359912966
0.190670817024488
0.15198729534329922
0.14690001892208898
0.12542049186883333
0.15756839469235384
0.1783799067862997
0.14961059643036462
0.1730119661567476
0.10579743341299278
0.17180055760681945
0.17224630134439256
0.07209921724220127
0.1577735495895998
0.06277558603160252
0.16043570411226515
0.12691567324654204
0.16036580670979958
0.1178772278064451
0.19988963299181148
0.13481624350610855
0.17755477056862864
0.1362931036922362
0.13444489781976637
0.14052670917640242
0.15897286391039953
0.1656587184324923
0.09868770307810494
0.21396657948958736
0.07828365753099492
0.20266282536986752
0.1356226298012122
0.14911176589203587
0.22473766969398462
0.12019938556637189
0.20487392660199413
0.1452434577096755
0.11143097532523957
0.09458903043955486
0.19152769739453146
0.16390619903019765
0.12281284009728588
0.16953022190590558
0.1517267509500201
0.14726133466406047
0.14894380344693126
0.14717180350477
0.07977983411370647
0.12396322069558614
0.10211580795159145
0.19843738381524395
0.23407782181518771
0.07264193479259962
0.1697843181254575
0.15899402428490225
0.11940346203658402
0.18426710134382487
0.18970484740354832
0.15570706363356848
0.24950592163898846
0.18990489454747703
0.16612603879064078
0.11890723464390138
0.14173341329422165
0.14395622195075547
0.17832648463561487
0.13012169594800185
0.11818558665901713
0.11964622971795875
0.17564135042003268
0.12145759462265358
0.12649199136503658
0.17585352116131042
0.15689523121889734
0.18310281914398197
0.18087248031761366
0.21061098842763343
0.17528455651795624
0.09188027813652885
0.08249925590701744
0.144368677928733
0.15158323170893503
0.11410733827651595
0.19153028860347313
0.17135078478040205
0.1996950401909354
0.08830802210384125
0.1112241833708533
0.1421296346653799
0.17058637733499993
0.11555929525653214
0.12177433983409582
0.10302997264802957
0.1396237301781229
0.15186956665795384
0.18240382960952212
0.0965452274358231
0.15189637047288443
0.19024531678387
0.16000411978178786
0.10423522115491533
0.16238092054461803
0.10010470806762739
0.12642331891725406
0.11944879200793587
0.1350913537598775
0.1261442765911215
0.12951933118591477
0.2323334713173621
0.1892336913339953
0.17033426344778646
0.08629675031512538
0.13453666447748494
0.15435344733432713
0.12973146632522117
0.08203272031255436
0.22037256717433168
0.19272436398322493
0.1710859203454247
0.16539711474987334
0.15935381066153376
0.18296210105650842
0.1692462376960655
0.0992667294287759
0.11384175593832337
0.09653293780687816
0.10669164694049958
0.17968723548984578
0.14549674453408698
0.14681003765696726
0.14415399088340317
0.13563813297438304
0.16004891695946372
0.12949251899764852
0.13696185349048545
0.12205661778349787
0.10122651014186265
0.10765112712213368
0.0575401737496455
0.1650959749676864
0.09501138689755911
0.1799908501331302
0.17123844220292106
0.1324170122091077
0.1658422876935757
0.10954284932732622
0.17425109918785378
0.17719397529245492
0.1802435136592653
0.17879408817737286
0.09679972567871722
0.11149121316107946
0.11976878551404258
0.15660174311219074
0.14116194942500535
0.16960456033373994
0.15577933087132187
0.19423428583885
0.14803166394368245
0.21099023669784542
0.14010451789526368
0.11431105259972962
0.11190133712263316
0.05916658480171515
0.12087240771374091
0.13753456410794568
0.2100107156834122
0.11875570269214697
0.1242489519836518
0.14386918033452756
0.0908007292477152
0.1245525245972873
0.12055038233030421
0.1714729408988217
0.1149917821864592
0.1546711093722416
0.14192698156527095
0.1383135569529692
0.12894268227974806
0.11609920622370444
0.06955760500360929
0.08258287139400364
0.15840859714255096
0.1460189414970386
0.09037462240476413
0.14683563346545625
0.152814454174593
0.10375708941540664
0.2275597460424963
0.1454373070334384
0.15805533940037816
0.20129058414879636
0.1041048458459928
0.1992599077831747
0.22674564337804576
0.11705898027806469
0.17767670587158632
0.11142595723039117
0.19419676438853373
0.21200428298176027
0.18279564054075803
0.12053435591207518
0.191144463827953
0.18855812919554105
0.19478793892830926
0.13734621500903638
0.12668913029802417
0.1614436686954944
0.106932618830721
0.15236497037204969
0.11382793482097506
0.16844879831976467
0.20307355434316626
0.1392057817860437
0.24268070186050683
0.2255184644734961
0.17443239775312047
0.14350081823104258
0.11440651410137809
0.14905635690856098
0.14158449299684
0.11417333912018489
0.09218753384380383
0.1393800137252501
0.15687305210205543
0.2173950728471943
0.14403855698998774
0.1768923701499774
0.14318450311361058
0.14292065788472139
0.10006562280175585
0.13740273056992577
0.08991589045861549
0.18545665742755335
0.09601200049689504
0.19124371547823124
0.13015036745747804
0.19876005456282878
0.12402518642698072
0.1499932229539218
0.15318769652064917
0.17452292819821175
0.24554974017227593
0.15911700604620485
0.09359533861253187
0.09049838804063606
0.18075865356008514
0.17596903714452397
0.1465011857377762
0.12279711332448054
0.13808187634661742
0.20613662329010918
0.14509021089889962
0.19485135639498521
0.06532679856939633
0.11690740131107932
0.1668734234088627
0.13987424891763767
0.1635654390809106
0.18991814202855511
0.16116846774444418
0.18446571048739102
0.07682186716106522
0.13814625646058742
0.2100206656317556
0.15512800893285586
0.13785723942808487
0.12496797560595668
0.08699912237674626
0.15876752573896624
0.17477733852891475
0.131026779002132
0.18227292806881518
0.17327437792271577
0.14861230083547383
0.13198970872074758
0.25806795296756607
0.12242179161611177
0.13754175768475835
0.11190670043983852
0.1775782177177729
0.16892180765653936
0.1628719273218895
0.17608408800295544
0.1627786533916891
0.2107241051985878
0.13670913324652703
0.12350419498337166
0.16648992099014334
0.21815906584588807
0.1738856634058637
0.26394391307100656
0.12979885393527682
0.1814909242541747
0.10424240614724828
0.06817963915655423
0.16422730558852183
0.10237992439597104
0.1335437018293754
0.20235464987935112
0.16654970295842597
0.12603988496146984
0.19761950254820432
0.2049453518613372
0.18658131450915855
0.16557338197882288
0.14824002717257984
0.17174374548616636
0.21472061443447854
0.22210700148092144
0.17777335246023973
0.15382851829080207
0.1453404688661777
0.1997762913988184
0.13095994501502464
0.17049584029586282
0.1730523035540007
0.157075554685045
0.12019134039377521
0.0757259235696802
0.1774607803851525
0.14801720151052739
0.12164107977453148
0.09815725393114524
0.22885191529453772
0.18214789287107452
0.11736729177865507
0.15539018479073335
0.17706877397369486
0.09725052741319815
0.1352890378548951
0.20689849229498963
0.10894823234591186
0.08898183920013428
0.18045066468856993
0.16785680207187395
0.21847385281201842
0.198132604872703
0.18580568608419087
0.1708920775702496
0.09576327378205732
0.10920197070919008
0.13509452428421492
0.1485253193423907
0.05756694604869847
0.08872697463842148
0.15469774189901372
0.18423276707746478
0.096028243260229
0.19048489638009772
0.1783415289272788
0.15307937068049682
0.15562272420960324
0.15116723598903192
0.1469875278380025
0.07365534750073664
0.18234967495177148
0.12496694526788173
0.11324845694345248
0.1846249990801894
0.14942238553644008
0.1209146743914056
0.12913571137671978
0.2131488907132279
0.24607036153012662
0.207793527374358
0.1551172747583326
0.11094916892603182
0.150756933491011
0.1915966747612064
0.12839821697641
0.18121619603954756
0.14972361450339158
0.13322632508724527
0.12694680486964502
0.11959253615251805
0.14070944465278756
0.1740997869177965
0.2170821554488807
0.19243684810620074
0.10731303094860466
0.1430421250777824
0.1601283959006914
0.09876359201227705
0.14883621375995498
0.10666422842013104
0.15143293206212655
0.12645483377376188
0.12228037991026629
0.14717328423689574
0.15121093761555376
0.20079394051488275
0.14455061825088697
0.1597445179099609
0.11726282949022075
0.11554754581467042
0.14713746716710835
0.18953635547260614
0.14792037294086977
0.1358948739645346
0.2044472032660406
0.18699054103313065
0.14183566258307462
0.21737308521079612
0.15243375871839832
0.15472546772297402
0.11710582447147787
0.18984608044147247
0.08208623372610604
0.2127379128114353
0.16160246662971897
0.1284494720166519
0.15381328011325524
0.1535940962308512
0.13987118956335104
0.11637326678703783
0.16333440497817303
0.16840569878579986
0.13666197493835455
0.2024961879308149
0.08929950169157394
0.16946971247947612
0.14087554052109552
0.16458723494332078
0.17375845053131267
0.15194241148976828
0.18925323724148851
0.12552399240464163
0.15762527680352076
0.07878659164984922
0.167615892313348
0.10678603753047283
0.21868783439908768
0.12313535772113166
0.17166146306298646
0.11857853908906785
0.12280986263650501
0.07389150703833851
0.14813857713789036
0.156920056149984
0.10643639870811114
0.12848680469336132
0.07067317847675637
0.20177797403070924
0.1374689535295861
0.19328689190475934
0.1692348945576645
0.09489765806217912
0.18155511964837315
0.15381227805935377
0.09214618168102473
0.18624195841758384
0.1671319866609611
0.11140367357071987
0.15192775688469798
0.14087633303576808
0.09083700070073689
0.1678022193994457
0.15728776654169876
0.1639085063003423
0.1264377087404526
0.17062289725173035
0.1489198769677298
0.15535723537985544
0.1646822030197649
0.1414203879986156
0.09977636929909009
0.18804703664165473
0.26804939863575106
0.141940172862259
0.13657987095155036
0.11388206679371093
0.17701783212847608
0.0742160887457571
0.09614556324290524
0.10522630475109912
0.15392009225403716
0.16983817799629813
0.0871963471615882
0.19958491548470653
0.2121504302518023
0.169064200700703
0.16088979263936684
0.11628760006854014
0.21820988458193774
0.18814489033968285
0.19846855259883533
0.172661612920039
0.11294482227397207
0.20166257301837742
0.2148957396607769
0.20725060800829853
0.17890681036593403
0.17781070259749696
0.18325001604656638
0.1022506342395459
0.14061870601186865
0.13577253625153474
0.14878866852268408
0.18583079754541026
0.0940941259280514
0.1847945162980673
0.2563939915934867
0.14929340666250146
0.16991317701823197
0.19037707881597282
0.15563191250954703
0.14226251644131135
0.18095947887395986
0.23470538994185336
0.18728728120972826
0.05368046215728996
0.13302919883955633
0.09317470020053187
0.1604433852017516
0.21913835493209793
0.11432326185263203
0.14086960041903515
0.13478308433323752
0.08475510420229142
0.1271736639531543
0.2071991530572554
0.17338192559757626
0.15574372660964172
0.16099357403730216
0.1597417261360744
0.11715203695770515
0.16164848131820342
0.24930606443514025
0.19140758789698564
0.1469558990694067
0.10189076810236297
0.16222236375682494
0.10360635436789939
0.10745741653015212
0.1759305743258563
0.15151313625816043
0.144966857330882
0.23027539709042813
0.18655222893961637
0.1439516974419215
0.11952622214241644
0.17601157864818784
0.1897672463298242
0.15229091251066093
0.09431174532185482
0.1474230047641763
0.18473034264698335
0.14998393920828912
0.12321444347755676
0.1486169566142289
0.09156698642167355
0.11614238611035102
0.1656204020111841
0.15289608707236027
0.21460965248044517
0.08834437810383447
0.1548999397811892
0.11301327237333877
0.17929288374495492
0.12469083606975011
0.12952531966082304
0.19839052354138023
0.1616914070182468
0.13245286372934853
0.10452494949076765
0.18565503491573154
0.1291553437476985
0.1377782638043219
0.15488736737783837
0.1403213812398629
0.1423150400930439
0.16652003040225294
0.16480142072251017
0.09541011490217519
0.1971338959286622
0.18004858455913236
0.19651809069125373
0.17496442374827842
0.15217522524009347
0.15681041656667466
0.1770247894227219
0.10037810958328357
0.10399785644699565
0.1660125775051569
0.18471819919015586
0.07858508730555823
0.14357255790298462
0.0559094855147656
0.1602278075515344
0.17753617337268385
0.10198537242401268
0.18497588792962505
0.16185951753114713
0.18006463337855486
0.19499613664494875
0.15501448244578825
0.14360840118334672
0.16779798672105395
0.19250173179573066
0.21394744374115426
0.15612276193671684
0.16832004105739765
0.17152743687186497
0.20425052818195968
0.15919459868570535
0.21562784588468814
0.2228328806801743
0.17199284359271352
0.13544901975134044
0.14191210793001727
0.12132895760000798
0.08410802888369977
0.16351673466933334
0.17860196369180642
0.111919678205483
0.06704814333705675
0.1798304928361626
0.16047145826911172
0.12143344592419211
0.08216722267304735
0.16151715358951627
0.14709700851739985
0.14681400880140885
0.0846452829785897
0.10682604061202622
0.15318131964468415
0.1629371253985954
0.164540572918165
0.2085081384939831
0.13091689187771527
0.15514674995546301
0.1717555171080783
0.16450462475760835
0.13331113929194457
0.16571138877126218
0.036201795097107886
0.1706675186832536
0.13467560146060534
0.09791348695735583
0.20416478109132333
0.08231796029852309
0.15731356582585734
0.177062984280431
0.056138196016444125
0.11102000739871948
0.06712009731052056
0.028009054410292084
0.2043655634956118
0.19945048130520857
0.09459596776100364
0.19144859324890945
0.12692517112209104
0.1406786538115112
0.12553126915413249
0.172039671344082
0.1376557545045373
0.1516862300402727
0.21602271213832694
0.1884743842148068
0.16131590765738163
0.15943570432655224
0.112417500085785
0.16929548076875112
0.18249493946936388
0.18761893331304305
0.1428021179963119
0.16054006365898463
0.08036798568317581
0.1366482888377362
0.27145433234318017
0.1844478010136119
0.14249362090421092
0.18281801431111233
0.11851256203709318
0.18911940612323638
0.17638724319034269
0.09492914613948414
0.11582639502461803
0.14699318870680592
0.10691554785131435
0.07346019043062503
0.18131987749849282
0.1857655126810237
0.14651719611718336
0.12491409735400032
0.11173779417064991
0.12938593626769473
0.18981971202319678
0.14589620148514126
0.15785718896195036
0.2422550060739333
0.13849155363706012
0.18560970963108334
0.11005041188614949
0.20256357677024914
0.19875715599755597
0.10424529249322256
0.1603805623741894
0.09853887622748299
0.25557742596326105
0.1873745662595166
0.12078025656255291
0.20201661120090944
0.15516712704909186
0.18611052408975168
0.16391525628399503
0.17122937922934467
0.16864315358204307
0.1378118622529158
0.19985636704262555
0.11536737974633604
0.16164118737235125
0.2163030714026702
0.14902545324536037
0.1337561713120342
0.1485967197321611
0.10597838923270833
0.13610404288518807
0.16507134971975893
0.05509941597781738
0.15769048378160594
0.1909511065831232
0.15122259866267232
0.1966199439217833
0.17234051832041777
0.13736198001211314
0.20080733238870885
0.1441142056192152
0.1597217578334675
0.10601497813662752
0.1623524309925066
0.16703403400577876
0.09816116606707438
0.16549760042516767
0.11503117820830111
0.12358092006051526
0.17798930575928895
0.09852505141735526
0.15676275833667683
0.10065155610681686
0.09879396589175508
0.03993090669317198
0.18020905567858114
0.1933249067105386
0.13338456679363173
0.16679231459271837
0.16836699301480026
0.1216472557448558
0.07517404772505706
0.16637751558102606
0.1675208082641441
0.15801848199874943
0.15659862748249778
0.19613713409357722
0.1196564652761519
0.16275066185689233
0.11836469540402944
0.18543880133319446
0.18560787953995092
0.11782559291642716
0.08797850538822322
0.13864872201261283
0.17229294570058565
0.1456107212681893
0.15620764220910116
0.1406660816384159
0.16260952863617686
0.1579085183093924
0.16581755864359485
0.16966971770443828
0.15368992579236915
0.08315437935954915
0.02718976247789283
0.18023669215868712
0.10513388962340854
0.13013169953755052
0.20023113699218492
0.12919876050706364
0.15225392102374943
0.17750718542343152
0.12563999471613654
0.1840533498164043
0.1146741969230477
0.21113552919534653
0.2215585118919251
0.18141473170364528
0.1878525256808506
0.21253460880207814
0.09065324387480658
0.1695219308934391
0.1227531453036906
0.17749415300915158
0.11892574435010834
0.1967931534250094
0.13821707067321434
0.0731397385177358
0.2026698230931143
0.19765957769173664
0.14620956046866185
0.18267878649451075
0.17210710710218044
0.1650092798936883
0.1844497114962967
0.1645009082872707
0.16825390040309335
0.14875172379118118
0.041185873564297024
0.06035631277903264
0.18335168298106683
0.1707691195258159
0.20062275954831152
0.13284372415800777
0.1794656804958922
0.15087474994318903
0.1096584946027061
0.1032356060357412
0.15169290630100454
0.15918473622963078
0.1330900523096843
0.10749928789738765
0.1331567180302618
0.17976385014153395
0.0876064877099135
0.18956175298843866
0.17081246975455383
0.11945354218732021
0.18029070744450543
0.13725288703488414
0.1680297512688682
0.19882704063878004
0.13453065294713815
0.11333104095198841
0.15825979180925517
0.18121828083062727
0.15009741010429065
0.12839561402343505
0.07343301733812134
0.12090006706205657
0.09263443646981591
0.15575535851150013
0.10464540168909303
0.16958568235399263
0.15732285506767238
0.16087071669232822
0.10102128091888264
0.0739988082352806
0.14053682453957136
0.1424994082742608
0.14317899951619956
0.12735933023520432
0.18984664854891334
0.2322519893735781
0.2114299302498868
0.1426677858499557
0.11925233368697935
0.07645457571849722
0.08407336696470342
0.17757893880793424
0.1372895820674083
0.14594496375440705
0.1497472771873616
0.12633043829861196
0.1817132675172169
0.2035100430552316
0.16446601215971754
0.1662891202421946
0.1772525675325377
0.16235130036509493
0.15866422526711427
0.15460141703764005
0.17973142244777607
0.17067820478192525
0.18566749425171103
0.22199896644268197
0.16506858317558648
0.15476846751235357
0.13256432338029653
0.21329476337510292
0.10391215477998034
0.1857876601306403
0.1422859227016263
0.08885206421391288
0.12129118594695976
0.15421911442031178
0.15275636441545812
0.1238454388212015
0.19363783132487017
0.0921338804429804
0.09105850009969789
0.18219609258985378
0.21094722710588978
0.07140626908783379
0.12382682688802897
0.12867094804215273
0.14020283869424258
0.14527768453626166
0.2003855281259168
0.237338357078473
0.15810125596375563
0.19696641276288707
0.13722819681681434
0.05236640021905914
0.1125158983742057
0.1710468735452816
0.1292385077297771
0.1290452702946845
0.12072180004665056
0.12502361166779757
0.1603145297279181
0.1224220278834387
0.07526025369622566
0.044716086235542324
0.18903571902030575
0.15629463572179328
0.1037735439663737
0.1902610493821921
0.09678511096859807
0.21462097132139257
0.17862694928202605
0.16327694628828476
0.17497415631522062
0.11050447579290648
0.14588994823379692
0.17171530629397894
0.22126268775068647
0.1925414611026346
0.20724743458468523
0.12492412541293507
0.13344018419062265
0.11012849955682846
0.16892716770114766
0.1365074744993519
0.16508056825165085
0.19466317154569127
0.1365149181425251
0.21867133132035377
0.14654995207619181
0.1621520504005923
0.09499178113395793
0.14569684642855074
0.11046620115107456
0.1293812152028382
0.16419074596454228
0.09763764853729326
0.02819430760172155
0.16470757669692687
0.18876837481376357
0.1596287540462872
0.16587259560317985
0.18220379559542763
0.14062241444164686
0.17471369340769355
0.21151093441439295
0.09453993321828108
0.19731817506524196
0.1840149183737822
0.21884891540790768
0.1493166461781324
0.11982297257727464
0.21593923294304268
0.19163595415884963
0.1702294615678801
0.1180682442684696
0.20897154499844078
0.15669720509569227
0.12953207815667925
0.13860435830504977
0.19425475013282217
0.12748757311497078
0.08799976244619417
0.17103669071811398
0.09302162546395748
0.07447874128495484
0.16637936523977337
0.12601185345586227
0.15408849444651482
0.14712872866883975
0.20127505810503574
0.100154194868292
0.20017906639421212
0.1690370945098429
0.18754148156835423
0.14306791676715466
0.18263435505642067
0.14786854758357723
0.11320207656491874
0.1400290251135308
0.1491305231533425
0.11041036845285469
0.13776520703277564
0.09746650705868057
0.12594770391735036
0.1195264205072275
0.09692437525395539
0.11628162010177018
0.15551263115931285
0.17503478253267707
0.14691205033151555
0.14329616247406224
0.12268879685802006
0.09161767638925536
0.1876407426931245
0.10532518594839857
0.11176292649224717
0.12535983536068634
0.1806942750244622
0.17638947467860988
0.05866723458219121
0.14214741160957134
0.2532248161176097
0.15969582648881467
0.22377104715261764
0.09607982207044705
0.18699311876902378
0.17801773896427103
0.18214793744132363
0.07914071505006331
0.26007529975458044
0.1660010054639252
0.15432861436077944
0.11856120082265183
0.0956399586432284
0.20944757726031726
0.13394979561330342
0.14140066095033887
0.13089090706043147
0.208539172118526
0.12980065023235948
0.0953067340884744
0.1960744879491234
0.006449926680249768
0.1766668477246922
0.1787179918963377
0.13509423126832457
0.13004636721299695
0.18038905318840684
0.22744576275616282
0.11799562304689351
0.08151242399412303
0.12320838352880686
0.1269984551871228
0.15847777213547146
0.1370533404364585
0.1246443747586175
0.13050000229971181
0.15981349480688978
0.16346393069520054
0.10849206004971237
0.1075944773818771
0.18873442420059083
0.192489038294301
0.08825043486011444
0.1031237426397465
0.1519791219087679
0.1469389359536634
0.18275164516926018
0.10447468870681872
0.13694438700076866
0.1424122462272983
0.20970858985702395
0.19305681454753912
0.06855877292059939
0.20060569275449214
0.14097880206764188
0.18629413538248238
0.1712394921976123
0.16539505270179786
0.20588471804140954
0.14366517589996128
0.11733560415935829
0.1346917097493286
0.16999017869090824
0.13493375071469063
0.1102472960228893
0.05686694205488668
0.16190827969732766
0.1298895857996373
0.2307837202211861
0.15266815481175564
0.2441544356642159
0.17718998756027035
0.14450023679149446
0.08195223200238319
0.15748745716005333
0.16046366064434195
0.16625085597227338
0.1673347749666085
0.1383886846930546
0.14039446502758496
0.17018507273875988
0.18633493406088783
0.15385695093957055
0.12434239760229679
0.12435288986387191
0.14257979073261273
0.14792508819023867
0.15961263918634314
0.21135663704115873
0.11375242376978396
0.1713738251803235
0.16239020912690016
0.14680109737892158
0.15959188060644733
0.1593342027586014
0.17861232943438662
0.1384689990235396
0.11971051065021225
0.1023459545692912
0.16342385967180248
0.11854962626134526
0.13860252181433128
0.1358022855053087
0.19793700171018663
0.12514426438900436
0.17104254199077112
0.16677795499932313
0.19527974751451205
0.1355984356047167
0.14675594227610006
0.22305397952803355
0.08514175465028564
0.143042050805844
0.23905758492414236
0.13388918283454154
0.12233918553957757
0.1408798976745202
0.17559827993011048
0.13538270899235016
0.12838732329481978
0.12008790606846262
0.10008957268306878
0.10849907353336853
0.13326578892876512
0.1251231009340716
0.14193595982834237
0.1474024209387324
0.11421260634167757
0.07109197608303089
0.09618427928174687
0.12362478882585758
0.20875018111311672
0.10649180146066803
0.19703910910744807
0.21589422804873615
0.1222026762789014
0.19371264462414933
0.19968250713897448
0.11399809313999948
0.17825494448626072
0.22247576519762868
0.1195581309594405
0.14621811155110812
0.1752685493920477
0.12080135352125235
0.1488512790718556
0.18161451979695598
0.1309552971449252
0.17974860921958932
0.07848433267751222
0.13447502576280132
0.10769396797848166
0.10247966280901842
0.20657725826369297
0.16522608346610004
0.17723158002808134
0.16091912000935352
0.20604470862901691
0.17967415317706298
0.09738885854729581
0.12039636281138327
0.13252212070523717
0.17933701856443998
0.1272482871462933
0.20846177394047402
0.17712352173488305
0.08628440233946225
0.11765052689187533
0.13183906761538705
0.0782111462233457
0.10231261383805865
0.14927352531569787
0.10404069881070423
0.1838931893469371
0.2057564094838419
0.13048689296559415
0.1640351395122086
0.17839760560869197
0.15257700383395725
0.08246040040909507
0.1277567226303265
0.14265647252591968
0.2388610238194082
0.10798510560163942
0.09309193117568136
0.14087326798110447
0.06039383662179039
0.12321310643537417
0.1914109529818711
0.13289334131127994
0.19726755702800536
0.14530484107703792
0.17872338239474547
0.14271571273460842
0.11660579790134779
0.13648205785054793
0.10143577448495511
0.11188497511291304
0.06653823068571528
0.17743857528639942
0.15090976374480647
0.1182210300535659
0.1619201321827598
0.1366956279674917
0.21388635268993889
0.1568784446781765
0.15729833162538517
0.13827215526097678
0.14293054837769148
0.11297558813184222
0.12688452805906816
0.10033403401931675
0.08539000462254505
0.11431546941299911
0.2118452804990861
0.16626113131165307
0.14994021966486304
0.20138984122921064
0.15751649325934589
0.14056022222440306
0.17405373687616466
0.05785161621230453
0.17994718094194564
0.1488358743464898
0.1615280005469769
0.18812427205154597
0.15739408226462961
0.2222155674509203
0.17575685486869372
0.11215251925630962
0.08451368976984784
0.14529317047141216
0.11682234214604664
0.17256219333306888
0.20473583859191374
0.1069110850687246
0.09900483771468113
0.15085939921227065
0.10545008099387781
0.23102177249833578
0.17220941023830974
0.20266625797581161
0.1378502436718635
0.10317581471388282
0.14140359571887812
0.2363067139607163
0.15835559064338506
0.09366065936668089
0.1753895642833303
0.17945203792264872
0.059439874222119646
0.08949581667527413
0.17943413983868098
0.1747314191315206
0.20299677295932061
0.14132568913532628
0.17672604055678454
0.07248142561593407
0.10704777281692754
0.11179196480827211
0.1585899732745294
0.16057029887450236
0.09166123679449775
0.16595146463526367
0.1321963290653058
0.19325279696978181
0.13146538145690753
0.1953027133885091
0.22419628049212642
0.2465816733461253
0.23295501732182344
0.06619419702307648
0.20370400918867534
0.1553126251510276
0.07758386778156258
0.18730576828917705
0.15671534513255633
0.16927430840384364
0.1512517302929283
0.1481879852789021
0.15872281404292576
0.1417616885264974
0.18028165722467066
0.10320502633066081
0.05674909427298151
0.19152515013151256
0.14951312423505922
0.17946276278095147
0.1630210260456414
0.15647994194255627
0.1168934633375113
0.1486333827324729
0.1429913717726628
0.18946041999814445
0.13799899570899377
0.16721946981745728
0.08669724904199161
0.07761831444429018
0.16470760081253832
0.08032026887199147
0.14708375418659503
0.16923535485271185
0.10601359935230328
0.1477458674048867
0.23566517062708592
0.1307732056558488
0.14765980897029093
0.19307348274950126
0.1718984655459627
0.16747182211377293
0.19650421664073306
0.15566972710359148
0.17580890337843572
0.10233757627124213
0.19752986917594056
0.1651066406327102
0.1770967451525445
0.1241612556142857
0.12110681263004933
0.17519808237823675
0.1511931948944054
0.09701320870691645
0.22629527031639998
0.12961528243742995
0.09317800514551636
0.1846520206052809
0.10335780140892169
0.22867763767268368
0.10494449506965345
0.12754426930533305
0.15953583166481336
0.150509119071154
0.09593840453542504
0.11279051156739486
0.17853342944165265
0.17727691444719665
0.15284749292004185
0.16076219405500658
0.16649508403290486
0.1514361264163635
0.09652093304062623
0.21503929409061118
0.09907866628218326
0.1821652798021667
0.046706747443234525
0.1825936060576787
0.13482844996634746
0.17181769689724677
0.15371485093343165
0.10795057112166878
0.21110460340824025
0.07258071418120024
0.15847273170133647
0.11224602891301763
0.04738811294777892
0.22176334028034075
0.20590218999632992
0.10404401798327603
0.17990338585935878
0.11556014481483828
0.1944906138427116
0.1682732730829892
0.21836104966843
0.275163777506488
0.15061923320143408
0.027682801159160247
0.1435692118781687
0.13589216123183165
0.1903393232726626
0.20608390448324018
0.1347312593153665
0.1763880988284339
0.14911293256820948
0.20836114347977142
0.15487686709748869
0.13461698158709223
0.0963387385693055
0.12002333870480492
0.15780600926922866
0.151865967116121
0.1971929429357495
0.1556336283492044
0.18884806344743726
0.1460358123377145
0.16881760068343205
0.1332968765837596
0.21636009203056483
0.11706484381769477
0.17037393814250054
0.21172737796135824
0.048911572995674044
0.1531200268753187
0.16082044465194287
0.19480882583092857
0.19839265882407592
0.17058891105255053
0.12104114609666766
0.16147270862325472
0.1971686234719602
0.1015807874270794
0.19608062919008867
0.13168183327236116
0.06461946949091879
0.22609396430276335
0.1663780757908041
0.19200190197744066
0.15060100152312803
0.15139673909346998
0.1587153034527927
0.19000442174001986
0.2294706588682314
0.1590305484978154
0.09887415612344182
0.14667255242101634
0.1477887788943737
0.11671760462410441
0.2233011949061124
0.16189589626407352
0.16478304200651622
0.16935301488482657
0.18830096588404582
0.21761973146165137
0.156019756600467
0.155499558589955
0.16806048464024573
0.10160412750305203
0.13746167869448778
0.18236114099532277
0.14662244864526397
0.1650903206964842
0.2170317659209593
0.18322045743106524
0.14674746813545297
0.12794804155519246
0.23310872130607024
0.14862479919631919
0.13553315155640674
0.10857472703704649
0.2060341986099299
0.14211832127497825
0.20853876763072238
0.1688566038494602
0.16999873014410677
0.2226590822988685
0.18359627911221682
0.16304515320205087
0.16900648183304354
0.20063124630350163
0.19328498265855104
0.14068324136010674
0.18265495532382675
0.15430970577364483
0.0991765388001041
0.17830930365400455
0.1371013573292954
0.15513421262248478
0.1509922149778719
0.21663133249117147
0.09186432010045678
0.11748380405913951
0.16248220955404075
0.1609167718476459
0.048810607939411235
0.1238385346313415
0.12314147413124032
0.1359929454056018
0.1320535779500098
0.14673893649878472
0.1424741235990923
0.21170884309884158
0.15628744759836524
0.1487808524926835
0.11866398875561014
0.14655853760358564
0.08136155556801769
0.13321137710500247
0.14544345875205844
0.1719877144175679
0.18157966644355164
0.14551669294797703
0.09646305091799828
0.20384310115656076
0.07495340706223387
0.16316499298677065
0.18248352985701627
0.1054339930100666
0.16334271807537154
0.20515575776592093
0.1590516941277425
0.08808439764668355
0.14895528566837987
0.17875175682825487
0.11994491133498335
0.0992637031063795
0.1590861984658227
0.17084986904054977
0.09342504720908854
0.15116000708381808
0.14980159036384874
0.15355779455514032
0.1706971874436163
0.16665263844200495
0.09009930737449387
0.18506398204852287
0.06643081897901558
0.15372911742389134
0.11518667123797947
0.11772321785087123
0.14437088633456202
0.13449856721598025
0.1388527954430427
0.1872515700715726
0.18668445074024437
0.1709069463866004
0.19318489407255418
0.14746377025477378
0.1048135830110419
0.12649488998694836
0.07788573945650186
0.1150307221605864
0.13886799691319884
0.2385776764570403
0.14831580686117785
0.16450116662759556
0.14498104594612427
0.15686171161039608
0.07048447751419835
0.14001242048667095
0.17498035998613726
0.17770924757484777
0.14669750678765942
0.1909308699524786
0.1689089545903727
0.17748033450806389
0.08485272083572523
0.17301490665248404
0.15840848044919326
0.15736420836101023
0.20226278278396656
0.20079954447910667
0.14642528912621003
0.1312885378266629
0.22674933918037654
0.1839421094059607
0.18505471388437358
0.1703113242759016
0.0877515549204223
0.09017693100674654
0.14363895762385812
0.06790931128713024
0.10811688200637873
0.05191023577760645
0.18295223560228252
0.14844931882639215
0.10000528275446957
0.10812181179070118
0.09233809385358738
0.18037356252927064
0.07794729387441576
0.12517315033295323
0.14204416675112508
0.15516088302688041
0.1404456929196241
0.12855634079160738
0.1525510566433073
0.12696843277585296
0.11673525546750917
0.16030334984404848
0.14978333762825494
0.08494958412159943
0.17418597088772217
0.17303286824798494
0.11823474910587507
0.17235278333973025
0.18007692435452838
0.15424922543168507
0.09842193047918951
0.15462152341903296
0.1509719759799926
0.14308003742222725
0.12312235884863627
0.19597152983654145
0.111170199255969
0.1304997762974304
0.18400163605025271
0.2042238701805071
0.1494563664351968
0.19766615575507798
0.15140275616084276
0.1517985694716895
0.18687187692405605
0.1479867949397632
0.1481994628100036
0.19536190753620258
0.18644454039204353
0.10855562943878146
0.15177412108128743
0.12056297397473392
0.1485071589752485
0.12818540638798165
0.16510446753039856
0.11376386131428054
0.157017270177763
0.15692088463256676
0.11433464453928831
0.1535943167744255
0.15026580205744955
0.09727185261170262
0.1094257160855696
0.13501033976277307
0.0817258927172874
0.108834632239259
0.15490145381709208
0.13037175076683727
0.12101351984138656
0.20892942794032418
0.1719555092092719
0.23985231560151166
0.08652593628445233
0.1998801847439701
0.18825086998412485
0.12844622345931334
0.1443454078759272
0.12825103857480685
0.11730778767566832
0.15846235462735192
0.1576746584111164
0.14262674183155308
0.20325503919085375
0.13516740731845284
0.14421716116211572
0.12450508213866723
0.11433051685991877
0.16138620997933936
0.15496205280584024
0.1196900546528418
0.18913124103640505
0.05794673577697727
0.11980752838129367
0.1775464907634557
0.19456617668437798
0.14595139497912388
0.06691543401194268
0.13928951687649135
0.15152372492164207
0.12151055416974302
0.1373391392016482
0.16443525616048432
0.20985787574157605
0.08986458782030138
0.10772884208046993
0.08891049875689616
0.1266971906369087
0.1651075421618193
0.07750755142963131
0.1467920595513944
0.11775476465533107
0.04714369741796991
0.24339990192417538
0.12989022543538084
0.12789112318276508
0.19737137790727302
0.1388047047924597
0.1441446845095556
0.10243626515934992
0.15483598373870092
0.0180375631019771
0.12466869952904563
0.1291059684240398
0.1616042058155194
0.19039740018958512
0.10942616288184254
0.17030888446482484
0.15357454211453198
0.14127918555252075
0.13611685024867806
0.11328710079626818
0.1374170715672507
0.20540427890754026
0.14538604626500315
0.15747347926661065
0.1255788865223521
0.16893660199707608
0.18274948909791833
0.1671875114280338
0.1770308831382802
0.12000065146889088
0.09167411818206891
0.16677940412162195
0.17790748343714116
0.147406772578368
0.24835767971067088
0.1787156409629776
0.1430146875104516
0.15005507365526138
0.09770010967588255
0.09876715176280185
0.21891922912998274
0.1020439218952806
0.11591945749656256
0.13771903649194908
0.1298776642923414
0.2066343784799358
0.1309933301178663
0.10706614609747923
0.17327933103722729
0.20579866398604385
0.1885551937723114
0.13146984682195628
0.16419922313087276
0.1498256890586819
0.12991012079152972
0.1737986574946448
0.21418817088761902
0.15088182114868318
0.2076942795937834
0.14650824570985727
0.17156447273892483
0.07604371705693735
0.15803498257850127
0.1883210035043615
0.199366737079292
0.15194412514041067
0.09385194401636951
0.09709628487879238
0.15652456947405563
0.18103771402914234
0.14737250664601825
0.1426002705356809
0.12486355332448625
0.17468299714665014
0.10944006319094671
0.12515512168661438
0.0585934561822225
0.10414122555183031
0.15961399736611143
0.20098974965763156
0.18570504802615612
0.13119682148555573
0.1837948106853913
0.14963033333007017
0.17046151313419
0.06671551025795433
0.16490552275302425
0.228519529758636
0.1353954322008349
0.18221691559750097
0.17054495313958748
0.12030631680709546
0.1438647948092606
0.2151445189029537
0.11490002716244313
0.1385510550326855
0.11815612396056835
0.1276541298023515
0.19567401539417714
0.20231804177510293
0.17997544373829394
0.1439937489288548
0.11621423191798438
0.1951574334361541
0.19506718363182363
0.10793255646509246
0.11167303448365093
0.18876642598515042
0.12738529351551198
0.177141309316773
0.13625338554825794
0.1521004643915027
0.14712145199232202
0.15525027880235454
0.16484579396046495
0.15199750187968925
0.14207510606061435
0.11300689536872442
0.146954273719659
0.14568373187857228
0.1221719114452813
0.2294756679777755
0.12420753054420412
0.22114164143641857
0.19431952784580533
0.1878361012386168
0.17321051525011666
0.13528002926102295
0.1149153751785307
0.1831856178617745
0.17218059715532663
0.085019605292199
0.13570479895882764
0.13494654401488293
0.09032930816966894
0.1082905304546517
0.1404501900751453
0.16770741848182807
0.1209008699622506
0.10415834258606278
0.18499636166557595
0.13103540101060754
0.15548528541668188
0.18756947070242086
0.11407693252516476
0.13130989791914247
0.1850345557268623
0.15456273148280464
0.19892065521854235
0.16770694138797215
0.07216486042545336
0.11122963421825634
0.11388557658215664
0.1516618839178361
0.0812451377729687
0.1338743009661662
0.15163268128496238
0.18713761584087796
0.08641116499548686
0.25059611686166394
0.17811560837014534
0.1419646862432928
0.15272681005209504
0.1839621840538215
0.1603264429386259
0.1491734206389142
0.1765834611694066
0.16958660708863194
0.0903595483148352
0.10403293551187395
0.14362468521159824
0.16824587106130318
0.17421919884571307
0.12197896101360538
0.07739781797176756
0.13180064491878515
0.20525840439661586
0.15892442234060528
0.20590810668837195
0.18450802142077105
0.14748196146916537
0.1998889257766187
0.1142310594533063
0.16117407873877942
0.1488501145238464
0.1396200951426631
0.11666651760774775
0.08146176453240338
0.11528286386322731
0.19031496484362473
0.10672136581094598
0.11710352792552167
0.1485340643848916
0.10364395572442489
0.07006619412208087
0.11741641286915891
0.14338497256503668
0.17082340082131758
0.20901233926740267
0.09597732048189916
0.13191866079950698
0.2304057394027341
0.14791467827018803
0.14014902882840255
0.14106497679771085
0.12441818666310656
0.15196772764998895
0.14167803643371837
0.12178184403641434
0.16851354901724208
0.1815295916476809
0.13549890276812362
0.15287358439890766
0.09271547128564099
0.19592024554284412
0.15528974244765492
0.10784122561671303
0.2066907202315234
0.1789081055776116
0.1052549064370682
0.18905256904134557
0.2149113246013664
0.21783500538674155
0.15442788019330003
0.14555088768659674
0.25081938795493774
0.18519053814268283
0.19799067116914285
0.08211764860630695
0.1468534916293886
0.17900974788244833
0.18358789699528083
0.0838250949646865
0.2427921496636109
0.20899725911316022
0.09069101426533234
0.12129366260123543
0.1787218258073789
0.16524849401948558
0.11574542907178038
0.22555880380115445
0.16343059719051045
0.14499465563775607
0.19115862191425304
0.13445403908632736
0.17659252178161783
0.2125179930343435
0.17857342840004797
0.26593340158596795
0.15772772387625617
0.1727071116034722
0.13420851724055563
0.039116095259731504
0.15356916599609544
0.1859266803036443
0.14787483768489026
0.12789937345074803
0.07152758403494425
0.18425321412434886
0.08476288308171248
0.14510019813584213
0.12064402244484508
0.16800084785266495
0.0840414474875155
0.17081650325704717
0.225353044863416
0.11821897181214797
0.1939802601059856
0.11493866797184976
0.21816477675908444
0.13157923233704574
0.11656563129005976
0.13704419963636855
0.17932985339885624
0.10670216708418628
0.05254858745205504
0.22207547486805249
0.1234829200729179
0.1546047726585821
0.12038593782333684
0.12842773384767853
0.15249603177818835
0.14950465742734861
0.08836166390707395
0.09134113961171217
0.15261772045589073
0.1677655626055996
0.1542228000178799
0.13494067981982938
0.13818269872946892
0.10965678446413368
0.19722468930604162
0.18360244534113665
0.16127910628243886
0.1001847838776902
0.10630146217337653
0.1704337382024964
0.11958866318237653
0.19206943560908268
0.17089456276041104
0.0774837008866381
0.09722638854417034
0.1900549539022133
0.15688680470975638
0.16642155865449645
0.13208500098064485
0.20325447558051363
0.08491357367141394
0.12696767690289484
0.13497817226497216
0.09793559869256216
0.1750719393478558
0.0578334133300317
0.20524544459591643
0.12548298803644423
0.1234473604458062
0.22188874659683006
0.1422410860432145
0.14624955337914108
0.10803202182512478
0.13685694493154968
0.20085871374338626
0.19006903130961073
0.08906355101325647
0.19739867288363
0.1602278466587056
0.12403894964829242
0.15230814490361777
0.2096935320504968
0.12677890480785056
0.13596185478478637
0.15785556571283124
0.16023789928216461
0.21365783345053557
0.11462758334236867
0.17033702276982443
0.14372383888964338
0.09130342225575873
0.1180717624693923
0.17510134458860305
0.13636476166510242
0.16032883495731828
0.19018976801239684
0.13457610624776983
0.20518119702547138
0.1663617079850568
0.2240139338574306
0.22191730617925062
0.01258958077218475
0.1582096825243819
0.2037816984530296
0.11307336395778068
0.17149903895719856
0.16791624808738037
0.09816702688994769
0.10177006589990623
0.17912355981453848
0.1490662052193488
0.12872214326115405
0.1595973173140012
0.14096411719788637
0.10726772221337724
0.11517618960488546
0.1299637905630563
0.23225108725835553
0.18303135302881052
0.1863337377624653
0.13460393359082928
0.1520325791783644
0.08716071521031497
0.16592601548541458
0.1417350586307722
0.0948011407982351
0.17797215916853054
0.17075795798709023
0.11423439201768679
0.09994485917594421
0.08584139577002999
0.14379475532901556
0.11008096571827633
0.09036718795838251
0.17581087616557917
0.16575461776313172
0.16808393263615612
0.09486830768776608
0.0877455144936647
0.21385069315005134
0.17720024507929621
0.1262465608614735
0.14409668174285353
0.12163896104125166
0.1375816139226486
0.12499829484153874
0.10871892087765284
0.1358965228147016
0.15224608326548994
0.0701430909493338
0.19977130923089925
0.15442393024641046
0.08959293138710445
0.06971039636126863
0.144147409409042
0.17982003495510412
0.2216510410954834
0.14897204608197298
0.17908530651623503
0.13043024629114047
0.17821587758661
0.128308724633049
0.08089030795519442
0.13152925402671323
0.1144898335257126
0.1791724058649144
0.21356353743019343
0.14503015681759474
0.13586871719837643
0.11431110400691846
0.1826014383871082
0.15219252082636572
0.16462137847475464
0.1063228177995798
0.15374111801870258
0.11663433395565143
0.17586756923391403
0.2019676877306216
0.12265885704228685
0.1764552553533346
0.13838281949864847
0.1188902695204262
0.10085954285579184
0.1482166938727953
0.09045351026176664
0.08359750959656415
0.15212864621740452
0.07012554212057685
0.16107671109524205
0.2037939319052362
0.13727570515412343
0.1729853070762013
0.15334214665214263
0.19069369190156613
0.1051469973457963
0.06608381053000204
0.17570720218090422
0.2193647129286305
0.12089032024790837
0.14216921788336612
0.09751429591095682
0.14814178902632077
0.14830737734064484
0.15334982312653023
0.12082116499581314
0.1605225935226995
0.1830951062369315
0.16662601956521808
0.12553970463894437
0.14222635804261635
0.17104631341508025
0.17410723039182593
0.13190144009037646
0.20507655114579956
0.2250917177064336
0.13740766643969535
0.11753627874013653
0.10467405271375382
0.14913315797472593
0.18371488652007223
0.16102853518768478
0.07865428366161599
0.13649925664752016
0.08866926170181894
0.12100995264728726
0.16097168652790492
0.18042033848081435
0.06509514458610173
0.16503110289109305
0.15032636371197935
0.22890077360413827
0.18791077509480605
0.15643179307775645
0.16746305950273277
0.10463683278755428
0.08567189359440786
0.14204446562831147
0.13981525205037165
0.1106891941340407
0.17723030994455435
0.08492262847972983
0.20459043768656393
0.1505037963299945
0.14478242010642967
0.10264655631625333
0.23068870909034567
0.17314956185548502
0.1539449242506987
0.13018773871550654
0.10920901770121766
0.17616991566041434
0.13786117734324058
0.12120812460018505
0.11350972531215452
0.14431739604730506
0.0966214442889192
0.12372127117663015
0.1663063501338816
0.17339357175286185
0.1807221560258307
0.20851133103491576
0.1762948454072474
0.17078081241668877
0.11955428555991608
0.13952554889054336
0.18919412733216603
0.1546774177287625
0.10317988949010828
0.14786439628957596
0.12648956141984638
0.16171289976936765
0.12721983690554545
0.12794682182955514
0.19127727308076775
0.11140178732499567
0.2016542031186876
0.23667455870181475
0.14894521904224892
0.14993486896528177
0.12047261677474136
0.19737718884766253
0.10063072028522749
0.16510237953797818
0.15469157257737814
0.15395086445003042
0.07120847848587995
0.15738960935289972
0.15148199066139015
0.1931567296243544
0.16999549800629105
0.15018889573678543
0.1243496751709674
0.17465468498670755
0.12478792840829117
0.164149999390584
0.18027349170987278
0.16671979427242706
0.12727337729922977
0.1357427149277512
0.18037572837122973
0.08181820631281121
0.1706122947959692
0.16945807744471078
0.17779857774918395
0.17955207682490185
0.17413791368739423
0.13825627567225754
0.21689836387203132
0.10751370342263838
0.18275239049994935
0.13574656696656046
0.13453600305261465
0.10848048737720238
0.18474043207253618
0.15670221240065937
0.1441743984075357
0.1394994609657296
0.10260980509622572
0.11891163247742724
0.1530608917211861
0.1775371973038274
0.12929264494109607
0.1562089036811132
0.1516531609607828
0.16461371229392271
0.1155588794621206
0.12091791183719769
0.1316397759600692
0.12178794976855806
0.12809234111194623
0.1748068578378884
0.1436822677566334
0.10738885204798201
0.1664752719316253
0.13051801699348473
0.19638482641145294
0.16651860348935665
0.16210153793496784
0.19267585870181372
0.11140017063366665
0.2218082211435678
0.0882140830763677
0.15096298705706535
0.1507777011751155
0.15848381105847267
0.20753609191202813
0.1646915172312299
0.15762682869647132
0.16201236047323564
0.12459378840018881
0.1606791880625896
0.12481382700616973
0.11905188092607491
0.12235975015808456
0.14414841922297492
0.2067215869135293
0.08983705159506804
0.1700229675344983
0.09718964856314403
0.08770624888037953
0.123499905994859
0.14842570788901577
0.16455418242405725
0.14311339580754687
0.20917501452825937
0.13770590964421714
0.1376321071930703
0.15597832828871222
0.1563475440754819
0.10323325644223834
0.12121012183744766
0.10129311395599677
0.1697829229942635
0.09845262324983763
0.13851600364696534
0.1464879589132381
0.238310174738951
0.20196986002522066
0.1278021544932705
0.17349593491145854
0.09986457272892252
0.18855141070940845
0.17210300988986468
0.14299141869513646
0.09203134605960088
0.16715157466823266
0.1898911310088315
0.09901602488640968
0.0933751835539805
0.25975839924567656
0.10267297807871306
0.2155549680082749
0.10866755749565432
0.10328399159079782
0.15424295401188184
0.14220830355305764
0.19771279669663777
0.1639980516820982
0.15245884568890425
0.1536660979650685
0.18117334769120344
0.1539279260707399
0.15656865365506495
0.14049677240258734
0.1820024257980764
0.20585018103367905
0.13385453105691883
0.1139923095559025
0.16870714659108793
0.18334152808752133
0.1764837882368645
0.1904936643396637
0.09916157664527177
0.13381934314916755
0.11184984920164877
0.12776890372968333
0.15714439498432298
0.11906799473449972
0.09397119955595082
0.25423664103945987
0.27077913534743453
0.1526938588951677
0.1592699145007142
0.12987409115196707
0.21937206833697342
0.09477845352370223
0.20065630445122715
0.2087212281798094
0.16530733051050409
0.17327019496039758
0.08748881265318603
0.12607785837061813
0.07397054839181354
0.10396873089128161
0.15427294807135103
0.15729454691583136
0.13861418697170252
0.11099524106609018
0.1876015333683575
0.19594074414422843
0.15999398492866201
0.0880098221564364
0.06990718389845706
0.13471796206515588
0.09907137063041059
0.1435743664687944
0.1611077265985905
0.16632835061166468
0.11318864878826664
0.18034506279507612
0.15396556849382284
0.19465647724327048
0.12461693758831305
0.13708986008643553
0.16862072942155312
0.15003958875832113
0.08413008108604263
0.18944138148051393
0.15660746640107434
0.17963580512886881
0.1261240650791021
0.14640424699929067
0.1377376176248871
0.14139707510607272
0.1485388198159454
0.17462619045544225
0.18576241788928086
0.08728350008130314
0.1687460027096054
0.12297912374573883
0.16014335500062538
0.18730944569660857
0.14398850229779311
0.14049628652758311
0.1782119571601865
0.14323147167337633
0.13986595313110972
0.14265293515387997
0.12901381526974914
0.19260135732256814
0.1602983857231983
0.1669306450593498
0.08664198719646293
0.1481769624276027
0.17010702014507156
0.12017993398728948
0.15040277225875184
0.15866785117432142
0.15063782402305742
0.18120749962673938
0.1456245298893021
0.10861695796346751
0.13845124417999796
0.05487087055830016
0.10583821204598108
0.13385764787898766
0.12716482716605354
0.11519975216297348
0.1613073176624426
0.16133958136339127
0.14831221716945556
0.10183535219189649
0.1714449839203901
0.16268431867795755
0.14261177435952918
0.16407626651582077
0.13461244722357726
0.1885330633594861
0.17621485626649655
0.16963933065503853
0.17995961208243738
0.13227641879464458
0.10762284334583679
0.12507635435129055
0.18578961361369972
0.15197473143064968
0.1232459944510439
0.1281413681287484
0.10869741130151497
0.17703543739370417
0.13278522292258174
0.11199521751301698
0.1412496623062318
0.11680144836564746
0.1880960681820844
0.14202022472098413
0.11359822740686253
0.13660933752916413
0.0937518065483619
0.11743406558988201
0.15380151379892185
0.1544303168748024
0.20518524944836805
0.11018051988698532
0.16309721381429168
0.1812276179089625
0.16700787758814806
0.13741966766548164
0.11874543363321496
0.19668373342587722
0.1490822486373219
0.1389217259826356
0.17178530438000986
0.1502055585050396
0.1019530862106811
0.11972393701275832
0.1394901837106584
0.1641694876970381
0.11771061970051204
0.10257121638956333
0.2314956890121459
0.1740589829274586
0.14275563499607596
0.07275392041712675
0.12857599520086146
0.11943410770415379
0.09495242950911044
0.14724770453103944
0.09133886604864142
0.1279099259396278
0.11369725653576533
0.15622651534192594
0.16243083371201797
0.14089030538937655
0.07272965962959915
0.14667133469508592
0.10479271125549415
0.17429705077576443
0.12914907720825142
0.10784537819708945
0.1087794022824255
0.15965972051057425
0.12228206030801052
0.16457217370751698
0.11863621460395368
0.1994998745603736
0.11989339061800589
0.08103105838877654
0.21856843972066048
0.11997723032596629
0.21145136319336208
0.11961457608894377
0.1876346486426146
0.09548914238199671
0.15942882259782232
0.13986178218936954
0.23087228738091076
0.12215975565290692
0.13136673449742076
0.09447544968823371
0.16614861778421774
0.16680311126380568
0.11105080834268843
0.14721100945004284
0.19898320113016882
0.1312921330448984
0.2375631580882192
0.18165855769436484
0.07549102275402801
0.1558090163650653
0.12270113277313681
0.18233665527883655
0.18432822138755772
0.1751142785412155
0.1507666247542557
0.19464249829995378
0.15893055681139953
0.22189872271664274
0.16798950985512326
0.13751148638609437
0.1214095799249621
0.12521382875291273
0.15967133398911634
0.1281101687902337
0.11252068760473741
0.1474847636953781
0.12706898730103763
0.14575477603873657
0.19038217498519233
0.17799491897814906
0.16649415531821035
0.1251932315814473
0.14658209466392216
0.1713159463846316
0.1983978314706902
0.1524618219751079
0.2008273328300864
0.19600734312812748
0.18683881773302852
0.16925809792408175
0.12489903431260765
0.17444970615073244
0.14007106871273936
0.16144335192916257
0.10004339477384583
0.15249252875852584
0.2035663405077763
0.15998460175296997
0.21013320846463615
0.11817495729595467
0.1219258791487742
0.17425327241374763
0.15821205348747294
0.15239188145854857
0.20646488489517614
0.1343996964608943
0.18828743720249544
0.10558482092822591
0.15386842260866315
0.14165066937559806
0.15803736786369635
0.19370017798986505
0.20962713587491666
0.1503724426223382
0.11634204646308954
0.20732333383151272
0.10931826335763731
0.12248616041712629
0.10361202395781283
0.16741480278277765
0.16212513242783574
0.2034750584383939
0.2179133284477427
0.1396582242117633
0.14954185054937946
0.1351083084442749
0.1270834257091511
0.163481511357245
0.18396733089430933
0.21632657962342744
0.19393488604676792
0.15469388674449813
0.0946759878910999
0.1979234957566799
0.19464841634299687
0.15947014958554256
0.10983681386202956
0.1893141047201686
0.07262226717899367
0.10913969069132365
0.21775319444226898
0.1680431914082825
0.12418627947314394
0.13513646987966277
0.11955763988538957
0.167955215511188
0.08781363992808128
0.09487617018525857
0.1851156530759876
0.09170759591137971
0.13892046734474217
0.15502119015333662
0.13741911335502824
0.1806306793056724
0.12771744445797148
0.13624687950328823
0.1714571793117896
0.1747155955766765
0.15756363865061293
0.11781234802630958
0.16219454782337056
0.174297827429454
0.1573617351155172
0.17890574329029313
0.195941423058818
0.1630088462513143
0.1936709908034731
0.16924809087452344
0.10853566468845974
0.12006019144202723
0.2052553387453153
0.08240720160382797
0.2044924736225479
0.14762757683607466
0.1696260380889986
0.09922940051545791
0.09971508660481242
0.13135050375402896
0.17644180497040915
0.16058006365927327
0.076519695817583
0.12279784329886376
0.16032790973130387
0.14268704012843003
0.09986734266809558
0.11196220720151376
0.1381248431571401
0.21401546312620162
0.09972531901607568
0.13256140299836466
0.07682472985758468
0.12728186068712893
0.18183863989822194
0.1827479672890683
0.06872522425835423
0.19325521656454311
0.17161562854928383
0.12097664104579103
0.13594973904840582
0.11746479357797196
0.17533072164879285
0.17527177169409233
0.14920593517543454
0.1830143463083462
0.11236130890353696
0.22314680589256639
0.07109525408681076
0.11768226113098834
0.0767661124436331
0.0858041000624135
0.07964124098668295
0.17801536074779126
0.10416163968969172
0.1481977677641219
0.1321794005015331
0.1461986082690696
0.12068263710542562
0.12921415818192195
0.11349318237346884
0.16665582561575065
0.24621018149383478
0.1408111307673732
0.16979738602296324
0.18385554550196917
0.13610147959865596
0.1934387621085907
0.1878388162474739
0.17740118487550918
0.20273399202331033
0.1565237184962982
0.20932955896399827
0.10103809323880615
0.156525254262231
0.1039994888987285
0.12781109017744208
0.21468997584540644
0.139520148326767
0.11312204441589005
0.1121892738650827
0.18676589444471128
0.16003936127326066
0.16083030374367996
0.15368086934938083
0.13729758647121373
0.1186169643573183
0.08548069026072028
0.17044371823975188
0.14334987785181508
0.10533068234453209
0.15603663654540417
0.1675163208508537
0.1444078189016791
0.15099541024758353
0.1374830525523415
0.10327667675243923
0.21965853216383532
0.16345008426825805
0.15539845197197635
0.1321169909060889
0.22287346238546205
0.20379177487095582
0.1417479937420787
0.15084784571222626
0.12948854508980556
0.23568361339471888
0.14745616388496366
0.16511569874357254
0.14113367337121568
0.17411028749966634
0.16368380234528632
0.25362801746464797
0.10923177352803319
0.15610004537934838
0.11916315818699917
0.1434921798108276
0.17082982307035643
0.10596361483323383
0.16770205061330493
0.11787810771167251
0.15127221247347905
0.17996789702456786
0.0974279332257374
0.13237711314794168
0.14797213105690904
0.12022106259646669
0.06664382565116835
0.19150414796898568
0.16766841013138634
0.058581483931864714
0.17158188003181069
0.17844139769648107
0.17811412614031394
0.11062159346852629
0.19939366226555438
0.11289888299341785
0.1479612121316436
0.13604469771718092
0.15791335604973752
0.10260650433751708
0.14716211247212238
0.11365229649727746
0.18720698621095364
0.14392261457318273
0.19893900713136703
0.1878337728372166
0.13325156458143805
0.1893924443772578
0.11587174519724779
0.1373731219158113
0.07387979884900726
0.1495759640236262
0.20309839304392707
0.07174385338777063
0.13865054694851242
0.19413468569791048
0.14969089162090982
0.14011151064045793
0.17136004527433016
0.19119871536015742
0.18697327061421515
0.14480102376769124
0.14323170033855476
0.17756062393079639
0.1864089380048114
0.1426021284451232
0.11413993193723809
0.18725783353845077
0.1584865152548818
0.19051426247281303
0.19092622555710181
0.1441247336448943
0.14519673168147978
0.1054887886709811
0.1731573630001752
0.22399166904285422
0.21138308250781346
0.199411523271061
0.20795378537351855
0.1058094086079723
0.17465070550592363
0.17548171649958502
0.14922292842333504
0.11645221095851938
0.0794669941772547
0.16305447976958162
0.14376901466631517
0.10249990798087914
0.18712992318298277
0.1809052741908628
0.16789105504215068
0.12991996376829218
0.10749948744857021
0.07800126725813619
0.07723974700140934
0.1469639728824256
0.10760626106439436
0.1606530885370509
0.14441063530029444
0.07945258293461004
0.13191989555806363
0.22069166478376687
0.13636930422565124
0.05924321259918636
0.20070520190466698
0.12713969499405567
0.15789964100152526
0.14548064192501597
0.19105542007047327
0.15335625433991473
0.14769714796351782
0.18416984851655974
0.16679011467169913
0.15004458898859963
0.11811520062464809
0.1595377635207393
0.23294388167433533
0.1275880367661333
0.11896647306188429
0.12685741559114627
0.17121717044112225
0.14706343099086489
0.18419507031843435
0.140697649227934
0.06634564934649231
0.15551856075604578
0.1655844059900708
0.15437074531454698
0.2246519609544555
0.13170302497887149
0.11741679328784771
0.19762216022830903
0.15176418702187155
0.1029193070044926
0.19853623220118616
0.1000264064205942
0.1864328203617272
0.13465607204361124
0.15627314952427704
0.17183513785910745
0.09581417503647865
0.21320010586908072
0.13437310354456578
0.16974310818264224
0.1190557555901455
0.12718663781806097
0.18925400942591789
0.18413827174275219
0.13714836823918458
0.15012707879886597
0.05874098584880655
0.16739412509616552
0.17777640359191516
0.11595325327484207
0.15464837218674846
0.1497377668226274
0.15628368852747088
0.10124572390681857
0.19495028480469
0.1750105326295455
0.15424830415971483
0.09359961884741606
0.16086420521470327
0.13261839140621437
0.17717691207950517
0.14030631413187458
0.21698634088483287
0.14663393214280715
0.1878412834241635
0.11269387219499638
0.14996716925898665
0.17166096843774878
0.1770154699287087
0.17608736047808768
0.13884815625916652
0.15078023015982003
0.1743264163034214
0.15634886258081354
0.1822515782195484
0.1353603743980712
0.09030711840147843
0.1141038432548751
0.0618854835361574
0.2185836048949368
0.13254245258351496
0.19042369279347424
0.13622256798737975
0.1659842535074271
0.11651035628282912
0.23558585612188973
0.19379759669870372
0.18403474100491812
0.14275153998097154
0.07875663959731194
0.1115199300794385
0.1414627602584832
0.15598375603722725
0.1697737780929805
0.14846565081822216
0.14169977530421854
0.14075992831824113
0.1826009777436111
0.1472114781342103
0.20259704000166964
0.06741052826227505
0.10195426658727635
0.16538191163828597
0.095796892292551
0.1220880675487346
0.1788916172142932
0.1107720524666285
0.15381689697990297
0.2249889428071466
0.13997858175219408
0.21423060344599437
0.06060953052005501
0.14958850319026487
0.06957848307150816
0.18284167045374017
0.19624847933916303
0.15470399608767513
0.18472397661813417
0.17033025913860017
0.12806588910614342
0.13541706288536548
0.22956437043407213
0.06608822658523139
0.13391573355481684
0.12481416071134091
0.11722381875478158
0.1290994737259163
0.1863467385467789
0.10943976187936788
0.17006992948494765
0.17330745391380195
0.05281681121844779
0.13160382409399066
0.10318942531515439
0.14071038528581262
0.06332944921046076
0.13782878096151244
0.18839194309564317
0.15802594441746687
0.16873043679606278
0.07353732226193122
0.1827761212891787
0.2303553708726855
0.18990481521436123
0.0939093454013947
0.14445275482308303
0.15905022757651768
0.14872066570577397
0.14025931694099333
0.1572809832664709
0.14922475323761067
0.15448545855272353
0.15448233542514633
0.1687379484439409
0.1114330133015217
0.17313596599302195
0.16953574628494075
0.1304359910941843
0.22668576403912777
0.13306192023703226
0.1624141732393353
0.1549901317125713
0.1335767850773579
0.12885975864158639
0.06237878641845174
0.12346965071351747
0.1297350904839021
0.21794232614134126
0.1881186673092301
0.16486513482961632
0.12081497774886245
0.1786739210914545
0.10994827612380882
0.08337918204054362
0.11210095643136841
0.04335849993842168
0.1820145399226366
0.19929317846518413
0.14621740182623952
0.16448737276346623
0.12304749271167106
0.0425449292013098
0.12821275934089638
0.21984945202790313
0.2130939111955975
0.11857638394932471
0.161294675618079
0.1591202288686676
0.15870397821803775
0.1334442061686799
0.16098475137522267
0.15102537235582947
0.15305313599677783
0.09624898040786936
0.13120727643808747
0.20016233809752615
0.14469681260191058
0.14755435411533432
0.15528188042189942
0.18451251863581974
0.09641436951458873
0.14285011384704974
0.1444565922069466
0.21220657999282053
0.22097062717931343
0.12167184057889668
0.0661802849373808
0.20484190972780592
0.1442480743114461
0.121318610528058
0.15514183819807606
0.11757262082449065
0.1663954511844294
0.09823384561248133
0.21782007030862527
0.11648925763766348
0.19312535286358362
0.15879586324741654
0.11038152073311386
0.05902745983266994
0.1079663701674375
0.13078617702836068
0.18908232970852853
0.17228576081688757
0.13598941673098647
0.11813979616777817
0.11762445584005227
0.10679423574173348
0.1163626067031722
0.1923172685566574
0.19231372615268066
0.14820300362769664
0.2594129683356673
0.20872911043317843
0.11841765442109517
0.1923075708262471
0.11249482755763002
0.11191420156323573
0.18245177175932364
0.14967723692487142
0.12562546067894878
0.10620785614126314
0.16109519647560022
0.14412450646390704
0.14934655632523103
0.16132227840947677
0.21379917200127166
0.18012304185546377
0.16426319737546347
0.18911634817837175
0.1346615610276342
0.18795305752104688
0.2156243161813512
0.11216670551529004
0.1534425661155255
0.1315018062188663
0.1321712033330285
0.06274040368763154
0.12697639922854018
0.18520712870763578
0.18104483439521546
0.11133582314114795
0.10451301095508012
0.1372856396886751
0.16175141035415452
0.12448079599774398
0.21715437342560953
0.14068620686353897
0.17999655260680003
0.062119870368802815
0.17865611715430754
0.20526705291494704
0.17968042638740483
0.1556051206829099
0.1674123498047415
0.17633087985336182
0.1446426218047666
0.16134344216300742
0.11951813239397249
0.11845984820946413
0.2132769874734103
0.18311542359538935
0.1660443049549246
0.20423741472530416
0.13600361180703857
0.18757688578790638
0.1859364631859837
0.1878945523376731
0.1646225452222236
0.14703922526739494
0.1998924807425253
0.21295561123196188
0.11946824429054152
0.17422307415068503
0.17896131448619682
0.10988767694190399
0.10785744078340155
0.16882970645876075
0.13043140338356107
0.2049143083219873
0.12107926153580914
0.19042358614924476
0.1552000617851757
0.16617389728120005
0.1337181282162785
0.11906141589003671
0.1769650614458486
0.12640222517225033
0.16933550098466602
0.15472657396207434
0.1975647231556919
0.21338715047873358
0.07248815986369389
0.19388772091859333
0.14705748925916023
0.21716801717201586
0.15976380708751278
0.12357991612180792
0.16942971652149183
0.12598291320162894
0.14785723810082774
0.1922942368084394
0.18641422565773097
0.12184904308810694
0.14581948026927982
0.11052973467017194
0.10578087942122943
0.09100876341482855
0.1503278077191556
0.1918867730970445
0.1396054293765652
0.05002568336173466
0.14374559328056208
0.06670751160005887
0.16752812371863607
0.1415430259798074
0.1389858277808513
0.1365935013352571
0.08489886285607356
0.11486873101240194
0.1620772974573623
0.04970825344695157
0.1443888921532584
0.15325359224127097
0.17251161177585358
0.07906498864575476
0.1759913103878296
0.16413612055353438
0.10325919291524722
0.1534227955654079
0.13243493213577748
0.17690741536407742
0.18236364612616718
0.18625588722901879
0.13307025326055275
0.19346531210587536
0.15237856478401596
0.1828190849100197
0.23422351926468835
0.11336223751750937
0.12474017729156583
0.19109683281067114
0.18419019653460963
0.17199876727323202
0.09515232273965664
0.09896533986062575
0.09638288661903678
0.1469723788930834
0.11356338825731474
0.10741153148844239
0.15462242739460638
0.2256527712352265
0.1607148016013951
0.13595497300464138
0.15048080425768806
0.13093908596593246
0.169245126056442
0.14629471528862326
0.0991378642351908
0.14439181881643712
0.10521471253354772
0.14769048127310214
0.23979227763940436
0.14636859768236454
0.12225887394603893
0.11615867088528108
0.1984759988242425
0.1271407540264323
0.09921268489957863
0.15825508261222582
0.13360682212649863
0.10970138630829573
0.13932487590297313
0.1806962802828886
0.13170449012618576
0.13103710208170646
0.15899410216720317
0.17473956522340778
0.1639847740523285
0.13899307187460136
0.17939597943321872
0.10804421587405291
0.15174522337250285
0.13638402904355232
0.17245529724790756
0.13444159741290812
0.13349583097947154
0.143476177984711
0.11453266558738781
0.23875754537484847
0.21926356282605483
0.15471482153062516
0.10351131483584558
0.13737405742710737
0.13603236497256027
0.12140311518620107
0.09478764680809483
0.1556785020839855
0.20666786640567153
0.1664913010687847
0.14910221799471868
0.18663018497211994
0.21475558718029353
0.12733028748234498
0.15315257095455928
0.13852172385816167
0.0947510093681856
0.11774319271846032
0.14489934239356259
0.1784730883891276
0.18011381829564627
0.12648501685806363
0.2066130314848098
0.1312850659853977
0.1812604592133213
0.22071897866984083
0.15895719780818277
0.13928503098481151
0.12858041841780615
0.12895413803090547
0.17441891405579735
0.20886950257046177
0.1903028393916446
0.16538824292894216
0.13879681041752934
0.1598299475898396
0.11750988178430972
0.2352751348681107
0.15983123470042
0.15004103289558188
0.17090074731348404
0.12407625145128807
0.1920406998194663
0.091055454637549
0.13236006964024202
0.1400927570520317
0.18797421533002137
0.10053685798743814
0.14565787388335444
0.1540309901528066
0.1383049031881147
0.14427859240515958
0.2179049541549614
0.15570558208669083
0.15877019624715122
0.17295222403742744
0.18837583165826982
0.11008665166094825
0.1574560777146641
0.14806866763293414
0.148775183380467
0.09035849461674342
0.13309365368186762
0.21189552533047867
0.050594514560925744
0.1368183133278615
0.10611626010885297
0.14803264335563754
0.17588046822911738
0.15939740820048484
0.21632221219429765
0.1650044650072691
0.18208814706659554
0.19290663965117907
0.09451143911327932
0.1092975131242867
0.16095403288909646
0.12749764906182517
0.16108903725461715
0.09035937227303145
0.18059338532236022
0.16093415107050568
0.1767580880157774
0.20242431381571616
0.1311142833124553
0.16510367537575746
0.22633394675090102
0.19988114902747184
0.08326766342532253
0.10678927699329671
0.17160116719556884
0.07931505429326241
0.13724570943520686
0.0434914792425528
0.14684542049282126
0.19697869686448624
0.13998767344645313
0.16494274254319036
0.17657415335342425
0.16089344693856214
0.21456496518440868
0.13930558703534443
0.10581254321315957
0.22327663865498487
0.14503253360878318
0.11386602857774497
0.12910959185189
0.19314483600399945
0.1674206725917701
0.15053856209242325
0.1218302542026225
0.1431032224398
0.14204391716042894
0.20037028440487004
0.126487960923664
0.14807766204431647
0.2073926271678454
0.15329974011144323
0.14136328671914372
0.15154480219238625
0.23338796422970587
0.17870690449728693
0.1367664548215674
0.14920147167952133
0.175258173070308
0.14735671286901264
0.08665876629603347
0.12244549956139536
0.14944430731859637
0.20148645607410287
0.10652804150423731
0.21587279579473764
0.1250981816147393
0.09936946175688588
0.1602132193690986
0.14832612501125264
0.17551564470680384
0.09790992216867567
0.12850679736558876
0.12858804890865366
0.11767119690579975
0.19961234262374344
0.11724919358599628
0.11151656921292062
0.16738762974690427
0.05579831186012074
0.1912327281959564
0.10118971607386823
0.157988129716426
0.1789685692235721
0.20557458343002324
0.15842035055999468
0.18029163793532987
0.13517923630487047
0.16197177868752838
0.1775329595945436
0.1873868072798464
0.1859361307808672
0.1530308789886153
0.140694247733397
0.21461034977939208
0.12221920059370771
0.10367343166095255
0.17058637734786844
0.23998259809451422
0.18888069119526144
0.19826795611661446
0.179746789678149
0.1692412213611148
0.16390126600210084
0.15224096064156661
0.15738109636132155
0.07572022422680022
0.10337919414042127
0.12748716869002286
0.16423381785162552
0.0504891131425009
0.08762591503216405
0.1444852165599974
0.06769283104750573
0.16376759490989073
0.18124409655523824
0.1200180710545657
0.17894290447944725
0.15880590145084203
0.18145450539390284
0.12685802270332394
0.1657224364669963
0.2625900021232531
0.1917107030317851
0.17547099888474663
0.1473323343312612
0.19980952104268432
0.13663483391791886
0.12279447935581278
0.18426587306316689
0.1151213147505824
0.18912238623866653
0.14333302676088794
0.19693884049135468
0.11108801202727481
0.07105844382908355
0.1127825944695586
0.14938541392849974
0.14165985986811083
0.21937831162360794
0.10357151535978545
0.11096044575799972
0.15422096760262208
0.2393892328823929
0.07079948227071146
0.14613476860723945
0.13793667087309538
0.17981146362088196
0.21790610079419737
0.1554375406410206
0.13142396708201493
0.08830402331419152
0.21685097078103402
0.1488438581097117
0.06934050443994899
0.18659652661029605
0.13436872889105342
0.17077593118678883
0.1696531264676242
0.05039760988652625
0.15846156317228935
0.15225351889404384
0.11782799946193653
0.12216930781389748
0.17008484964753484
0.1377699276012373
0.10674109357063688
0.1400535841188236
0.150236358118972
0.2007436900495204
0.15856780837451384
0.13356963653722215
0.1175664879912066
0.1682291714079395
0.17947567341489762
0.16478336825759915
0.15676458358291576
0.1539857283577577
0.130442877716744
0.148346025352833
0.10651702589339004
0.1532034455630519
0.18062455556534668
0.11133993903384404
0.09167379924815297
0.14218585692526253
0.14372657858388055
0.15515885332570944
0.15699161172732365
0.1909097776425405
0.16462437028105778
0.18432894080191992
0.17831865647907424
0.18618533462877496
0.15177385861046333
0.18437526813741528
0.1707849084005665
0.11521654640765033
0.1170514177810873
0.1468063457240736
0.15218931486294582
0.10073066508909287
0.11020582696413796
0.09313056047744807
0.13686587082435137
0.1699341361630946
0.1143162336013502
0.19736549262925546
0.18491493943485732
0.158721839972995
0.1544959404651885
0.21163694488562296
0.101398989734472
0.14494173447275993
0.18030801215535014
0.2235686039134792
0.15807261927210886
0.1133827203830701
0.14062707124617133
0.21375989977542575
0.13966187604745572
0.11642403033741357
0.10175127369361568
0.23036872184031146
0.14119792920280136
0.06484026640888557
0.17732984897165446
0.10689290291692631
0.11599989403686663
0.1246028782626077
0.14061033902105072
0.1854420576674863
0.1629651851302225
0.11000269514491408
0.1764694775997285
0.12062670932145172
0.1042933811612933
0.18913995444616066
0.11196550491701364
0.15405758360522465
0.2498188865190215
0.2860234781835457
0.13530200825682231
0.15169707948649364
0.16002948176453405
0.11960629829151041
0.2526743690375753
0.1807245549862036
0.12330576759025114
0.18982118138756254
0.12193347666642086
0.17697477833921715
0.14579168636152648
0.11444185889331718
0.13156409059773805
0.1679894218147961
0.20507135062839543
0.1621439319981817
0.23420517082680725
0.05845971415211634
0.12138419177885583
0.1493005326902822
0.17890460405762948
0.210434041502975
0.12328631188974465
0.09748630626143301
0.12537156769058141
0.17547648604569782
0.06493000181998528
0.1398809937282693
0.12526332875060145
0.10249033204840272
0.14564408742573334
0.18926940970866596
0.12826241968607566
0.16655005435342438
0.1431631823962508
0.13529750545919678
0.1968580875081077
0.14327947449332018
0.16144438892196414
0.12698920420047333
0.18354865442830362
0.08779056912517894
0.18276993635496827
0.18386623923381207
0.13091581953413656
0.1341668765723688
0.1964846654327084
0.16295625390635182
0.22375151683209496
0.07342255632199148
0.17552696553827843
0.15836729286325238
0.07035825827902026
0.13586996733822576
0.11148257041403199
0.15483511698447033
0.10551118560400927
0.14660013495155316
0.13263322865368016
0.12079195953322554
0.15608162842712492
0.14083056299668958
0.11384394736351257
0.19300121729006736
0.18822481348197675
0.12637576409954104
0.12774113209778193
0.2352941337184123
0.1327854906865493
0.07448427380135968
0.1828369992400829
0.13603862882806053
0.1331334553307505
0.179531263848308
0.19592007935206948
0.07032002686128476
0.13939781185168965
0.14950917670720817
0.15577171734623546
0.2004540776404239
0.10428614257963303
0.12070647509279694
0.1871885347212882
0.19597622637458573
0.16549592837926677
0.05977093749572368
0.07852535888709802
0.1623998994380153
0.12491184516318032
0.18212869085857647
0.10552578803322385
0.07940098347794014
0.22289809407709293
0.11903416246528473
0.10689329186126076
0.16774942882869703
0.13864147388686865
0.17676872729767937
0.11443453251991453
0.13652585881123133
0.24118415447352864
0.19487130152298437
0.14366813631124536
0.11450830475770707
0.22428993814993786
0.1109979617361116
0.1193962832411561
0.15187887885655568
0.15586197716754976
0.1596236478597986
0.14339202851948646
0.18023101117065823
0.14046545541042388
0.10622489741256627
0.15470363708272541
0.14646964993992437
0.11573710642316165
0.1755552905511979
0.2471505938249264
0.13629453390208923
0.1581254885789518
0.212704476034741
0.1490935390666264
0.05551244557727203
0.13950680065145987
0.19217540776808958
0.17160098942377108
0.1390921753945107
0.15367789033081034
0.19415017312429844
0.12711695170817225
0.15463538897345352
0.10572565703528371
0.12500244154123422
0.2118273151129059
0.18282460889652094
0.18624072999369137
0.13561657210127853
0.16911848830216136
0.0773957280899476
0.1349014537841898
0.15141059875070947
0.1614054469756544
0.16051371918832746
0.0688918219421264
0.21147527448876208
0.1582750854836823
0.05642291427009355
0.20819634516785576
0.17708957165266717
0.1919769123388068
0.2277498723812893
0.11536044037144949
0.15267590721964974
0.15459283388440115
0.15855882685524272
0.13389374617488084
0.06440212488157139
0.12489192476428819
0.1335391903411996
0.15352226493889
0.1844065068607439
0.1833916334731284
0.1645013031533122
0.06904024388271243
0.0780341677719795
0.12270561404823636
0.06879330994484666
0.16221273908638348
0.03837183307783375
0.17322021082685488
0.12998525208856415
0.13166660864277066
0.12146674042612739
0.08239978866102027
0.15149214936556155
0.09876147960744722
0.2241619860471143
0.1309817538240529
0.18574316463204887
0.09893904870293577
0.12276908600413078
0.15651108967843896
0.12089391501220367
0.2071942603366905
0.1697841042033646
0.17559691281306833
0.1896813280169702
0.166227196799402
0.1294568468921111
0.18497756884157898
0.17886925525142128
0.10406847041796138
0.1892230447559869
0.11164845029932265
0.12871022773047572
0.14286887590367406
0.12225603931983453
0.1846513382307744
0.0920724420954994
0.09717541825199698
0.13318578419384464
0.16271568317546464
0.20325060530291414
0.19995958219964333
0.12000723310866675
0.14183625175554765
0.15584027107591633
0.1823661641581263
0.09050073917208898
0.14758300675075475
0.1821431109996321
0.06546600994770672
0.22127473862793562
0.16290672407444526
0.19642764512943423
0.16716439463171595
0.11356462259790792
0.1262897329889687
0.1686541238605218
0.18526995041703087
0.15518823081468364
0.10926629329072915
0.15454105383075137
0.13790975812425285
0.13311587729754243
0.17845513236694727
0.16941858087851097
0.2314048854144963
0.22695117295235018
0.1500422028306444
0.09692275664460548
0.1350638233116893
0.1530873355941766
0.176438912141397
0.10759601484191252
0.23649963367674084
0.1015890033324708
0.1380179012129174
0.12680169610158631
0.08688847665122335
0.11052633297553435
0.07815178978352962
0.18903622269644227
0.05499560493002062
0.14910029251994758
0.16630194047771457
0.12408890249686366
0.11402934058474046
0.11513811300776045
0.2331869921824128
0.1413889678804948
0.14966052962094198
0.1161091817187915
0.059013545803898754
0.15006210172013912
0.18014754095976648
0.1649514905263503
0.11986829817555385
0.06742212895665993
0.12047483426819292
0.12009130595252362
0.11783830491860031
0.1272963624997667
0.059068400139838814
0.14901654133532183
0.15466987006902794
0.09006992402579322
0.11335671095963046
0.16045453363153495
0.12135147127440168
0.19321144311559774
0.12597966116752796
0.1518926162254266
0.1570612424976469
0.12810358982125453
0.1335969660526168
0.13605836750933073
0.17386422686429295
0.0989018682148243
0.15727218521126987
0.13712923544478442
0.20022365424891353
0.220608516323011
0.07177481566358408
0.1733707673050477
0.11993478683132201
0.12157604196225212
0.15096886150162045
0.18857800390868112
0.16137407296873454
0.0675458739577185
0.15628362499432244
0.19555908424142268
0.19237343920321343
0.07407994442568823
0.1876339870109231
0.112682819418799
0.15071989323519122
0.18755556692315184
0.15328804178263045
0.11700270475591831
0.15082087168210295
0.15550299339777002
0.1749660328695674
0.11801539761021244
0.1024426170762449
0.10773615788982631
0.10030202147354793
0.18075368874930867
0.18106553193534577
0.13663443096303854
0.11060944483737392
0.2123748630216992
0.08409163222082473
0.1749990428972811
0.13297629865484561
0.14057747062162881
0.179262097124809
0.0803362391162944
0.1625568498250365
0.140284561418816
0.17071051938701925
0.13324561956291747
0.12191559988348909
0.18634057096515816
0.134632042661437
0.12191024525984452
0.09790251418556356
0.11348502319923406
0.1640990473566838
0.21390029977476954
0.14025742014288942
0.13631599301927558
0.25233723364100274
0.09123692430921251
0.15811894191301287
0.13866935025154814
0.13666902838087602
0.18290222164534953
0.10708079616707292
0.19463022487291703
0.12317887564355381
0.08509786998571901
0.15942960287035607
0.17771879797103257
0.15014072379931492
0.11832202603111691
0.1743277303955309
0.15952167319212113
0.10987816760453877
0.17374113158123428
0.12014066987492539
0.1895325348743706
0.18507419897672922
0.12581648061936568
0.215522946743842
0.10210708054019182
0.07516373754570363
0.11155057555371271
0.1676589617550837
0.19597177623912648
0.11816118015156174
0.09502765882692848
0.16855975217879826
0.15924601998321225
0.19988813107490655
0.17761287704800066
0.15560842389680907
0.17768521766998394
0.10779338116815902
0.14350139733725875
0.16842554957271216
0.1716821416787032
0.16534128600040685
0.17639084885889325
0.24181995692064687
0.18801819694973326
0.207880459957146
0.11977929576309304
0.12117959075953016
0.1408350486743722
0.18054771363852404
0.15780384836577888
0.08684979496885793
0.12008930430634092
0.08931620571915003
0.12044695529135215
0.1373985805029861
0.1377280317542776
0.1365019601755215
0.19107649969118362
0.11012301121016874
0.15421123163469505
0.19154409304198686
0.15152469098164095
0.13547217643203688
0.1401706044768973
0.1492484393359471
0.12834557841392227
0.23928372110310364
0.07647136850772902
0.1271508525598739
0.15889528465872738
0.023255180239068668
0.23172959445409516
0.13829016185675452
0.17297754315760838
0.21036595907298072
0.2542955203549586
0.19684387846605939
0.16430904088983464
0.04850081257948967
0.1618901349350974
0.14212835455415548
0.14075421649419734
0.1772739207117325
0.19192113002700567
0.2280495188193989
0.22766659565965958
0.17312463301150668
0.15428170873114305
0.15555476960417294
0.11880119550776207
0.2076371440686096
0.16363640793710055
0.20473982555656806
0.14293781072330702
0.2250501397785227
0.15610610897134702
0.17758233882711646
0.19161669417744656
0.13171027161514454
0.12265178008153772
0.1517476744154851
0.07690568274155812
0.13474569153430066
0.1206517384841231
0.10485451423985735
0.10846458909519191
0.07231272821182584
0.11291700501808627
0.08055116845446662
0.15208366724656028
0.18571749597204923
0.144934533243824
0.17853420644519066
0.15326901705500803
0.12663203506927978
0.10390439659545317
0.12340527167144198
0.15133633759098097
0.16007321278548117
0.15048052720235175
0.17905118569454295
0.138742653912744
0.10518621597414776
0.13104294226469626
0.13330680952551377
0.15994132673462882
0.18547591517751272
0.12129181664667235
0.15078530776676521
0.17687312015579387
0.1323173906312959
0.1098756588958396
0.14624723259876649
0.1362159590835508
0.14444281407815635
0.13165168818302386
0.11538607826162561
0.15368289208473077
0.14044810539937247
0.09360140795511801
0.08272257598947164
0.20730268195998938
0.13026574543395142
0.2150561793281034
0.10798648174128242
0.1804941778647076
0.13194985374837456
0.16758352855686634
0.17705012262466951
0.13559985775282385
0.12966078286790197
0.09988238379985068
0.036784774919582236
0.1850436210598547
0.18750313561932846
0.13185807306577788
0.11018143489213081
0.12528780193722178
0.15497576114095266
0.1628850063444606
0.17364476106541502
0.14500295006585726
0.17604995967196937
0.17188268909146068
0.1410888390229846
0.13247013552177306
0.23112306283138298
0.16124905817119572
0.07545159921327167
0.17068218562282145
0.16922086475818038
0.13593406859910606
0.046406351437729546
0.20703698261404263
0.13077026713490228
0.1494582839049392
0.17837020831719286
0.2236292624920364
0.1809131979334328
0.08763295067625873
0.1709139270083523
0.12876687898908637
0.16246989668333955
0.2061399835475619
0.22394915934676332
0.1662392008024129
0.09481327947936206
0.12074752778825096
0.11497424233033081
0.14556200002363198
0.14136661780042492
0.16423277883558218
0.16344306042851567
0.12110516626349811
0.13178885920303623
0.21263656916989226
0.1824460224493878
0.21721911768057145
0.12317382468580082
0.11978723822037732
0.18453194903194436
0.10444682053517129
0.17987546645545854
0.2067824401849403
0.09055708911144025
0.2104028704491905
0.11569661901181251
0.21009654272063386
0.092512454400701
0.061907923144147156
0.13668100319517273
0.11517384932591296
0.12253809362924725
0.1701067031619457
0.11183166770476037
0.13849460077221182
0.15673331954563227
0.09161164207516105
0.18386986338320774
0.11472000149796972
0.18544654029398083
0.16686758255117323
0.08800912559614171
0.24181456563332537
0.13186885031492374
0.16634127147181565
0.18231938619209426
0.09523447829348904
0.1949453488973573
0.1698512718078905
0.16328841683938172
0.12066554875634991
0.12704291461462927
0.16424192529874843
0.2147688844589813
0.07094339473126945
0.21225286037899221
0.16022854598545072
0.11432430612882329
0.14170440841734586
0.16467769470455756
0.1813233496090995
0.12349683362282751
0.1461192993070815
0.12193757216066375
0.2452306245239669
0.1659923444055368
0.14911190265932245
0.16697620648602948
0.19867765332130594
0.09774884947923007
0.14784572936719942
0.11250376963752454
0.16828603998743025
0.1372552423178407
0.2146558754533845
0.09482778126550098
0.11417585687139065
0.18584387403028405
0.10697477276260935
0.17048276067393187
0.20508250016418417
0.17041700666979637
0.06537510725658796
0.15823279141853863
0.15381479966292325
0.15264738622963037
0.19075710879512298
0.14137764769469105
0.18591427894194149
0.21411532521481813
0.07406239403257772
0.1722716603809646
0.23423561468355203
0.2005102642426693
0.1595519943560313
0.1714698212247928
0.18475473357661493
0.2143549381723827
0.16744185189369137
0.07934779688903945
0.07302891894064546
0.2032373685760081
0.21238979211431708
0.14753111387908902
0.1645059315982106
0.14093395933323877
0.0616592849603806
0.17479785602677672
0.13994283885927386
0.08764588326323389
0.1574593979930077
0.1385094147676484
0.12069438994080245
0.12215666139767156
0.14024887805229463
0.19376373914473563
0.2615292714142037
0.11535435398817374
0.16476974943037154
0.12791539234253
0.10335054563731169
0.14962230226029677
0.10932146503872367
0.19459039851408005
0.11889328542811263
0.16268954677081374
0.2279169071140369
0.18101087759494566
0.18639812817324736
0.10716932431858718
0.17180752173187117
0.22778109318104584
0.13282018641066315
0.1547776349533245
0.20370587682695646
0.1838700014563458
0.14991464061525553
0.15936949312992849
0.22101840250608754
0.12685118990944916
0.07745461908053156
0.1215190142498844
0.13398714664724795
0.18705308978455837
0.1699649550753572
0.07097269883404791
0.14623980985582596
0.13409994327516334
0.1721117854603756
0.11573920339201371
0.13980381340361248
0.16172057545570673
0.09307736929049784
0.1343989743197123
0.07528348425070228
0.17736678848301074
0.1660496187837508
0.20246190312389967
0.2243175401083407
0.1440207551916425
0.14098705369589953
0.17397951925840371
0.14641629861722505
0.0752174595655126
0.11813091799045869
0.21590433618898536
0.12280578323258842
0.17294914408830367
0.1821980673616265
0.1143384114321585
0.135384039014093
0.2030184632895424
0.1321397308668954
0.18392462606420296
0.12117188782596879
0.0953153999239083
0.06608540911410475
0.08542879993969153
0.1442127759512011
0.19753465891153069
0.21381378332117998
0.1565291879820878
0.20875611201461575
0.24657417983072422
0.17854482529643523
0.12869059838536365
0.107545389702878
0.08643365652699939
0.12579110299187266
0.17789959498466631
0.16963832796752717
0.1901130711645478
0.16544197634178376
0.21376699866695992
0.09038761232814388
0.1771313182074025
0.18928158908120934
0.1652420726741069
0.1627124514708942
0.12325867588583136
0.17140210358280933
0.14116345510216222
0.18419876097798707
0.16381775225988415
0.18134554402974717
0.1154385315894273
0.11574756978218495
0.14377012128049813
0.15571883437267722
0.1373566660578671
0.21370199020786418
0.13233910551859687
0.1906369145942255
0.16987072118716517
0.15925016048261392
0.15185957143238882
0.0964785651040587
0.053462745082276664
0.11007202230213688
0.19300814612619469
0.09067101978528369
0.1353910432642837
0.17684472996072986
0.16048302363818734
0.14311102733004213
0.0921301740207201
0.12306232246472468
0.11952755087138024
0.1479488435587688
0.1490464175149111
0.04224967851479529
0.1038048821497703
0.11411116666062535
0.20195032594944234
0.07768100123972235
0.07480481231080935
0.16428525018041087
0.1160764903331578
0.12192527611972553
0.11321278886191828
0.1878796663287512
0.1115760559788034
0.19333923011623094
0.08648822764047302
0.13864674237787847
0.12664233148500106
0.11590462053214598
0.16285324516974742
0.18371509289547994
0.1587801591715898
0.13195142432930612
0.1971746866928384
0.157336555503213
0.1742994823895591
0.15879345327974473
0.1788268535735211
0.16425917566350196
0.06038292694848135
0.15767867874390099
0.08638704046028335
0.1221759489633249
0.17311537423755888
0.24761875600882904
0.13776346059317196
0.14572591315565492
0.09914045028658167
0.19445292179771886
0.16611637682898872
0.18966624719929565
0.15798085794620628
0.1646132556444857
0.10141749706682437
0.17421177930986012
0.11405472474115771
0.1413935157963514
0.13364118906689287
0.1822359169006427
0.1793985548275932
0.17571379817272192
0.18491572635066794
0.1836228842403783
0.15566280697878263
0.10541755223204308
0.18890906113875763
0.16149187085353128
0.1746283495059552
0.14120368346159712
0.1332022077816251
0.1082348773741536
0.20215476854451325
0.20737142123515886
0.09386112815969898
0.18717223094480404
0.17362825776692573
0.16614799914894954
0.13996271638553553
0.16527360206441744
0.1302866433651363
0.16260766137871108
0.13738776677099407
0.05621525365381859
0.20945705824815747
0.09409931078010478
0.14113729274859213
0.10705524973799602
0.17622127615857547
0.13497095273888807
0.2089903406505411
0.24027733340900848
0.20332171639419952
0.19518026974365815
0.1846097400652265
0.1931166243946277
0.20109250282647823
0.15120433820831586
0.18216750520115232
0.10062246314600357
0.2513461935421727
0.1253342626922601
0.12434241781696767
0.1276205962503164
0.1799910195156479
0.16548429423980787
0.08585739431273419
0.18157555256821512
0.11801069979836862
0.1818725628156377
0.15225793413556546
0.21758821118740224
0.09492430919584555
0.11985880804361337
0.060550096363933964
0.2087672487756122
0.13529249700356377
0.14119599497845506
0.16004178344432468
0.1671411685689225
0.1876148698404755
0.11774436937503166
0.19121130596803274
0.09659082667116176
0.16469996939820963
0.1039607301694513
0.18212783993026385
0.1740497329563284
0.10472044223730936
0.1418709550963472
0.09670442687017465
0.15159411936747927
0.11105358374753344
0.14170113033268242
0.16727031042091786
0.09651677213900561
0.2024376662813931
0.17728662578095017
0.18973422550567032
0.1122062509165958
0.19230447298763048
0.11307604133402435
0.1936308723317004
0.11168495502374742
0.12723743176836388
0.15594401541486583
0.13426788058968459
0.11103293499987299
0.14620152052167146
0.16878375567894768
0.1916638909368635
0.13604274955099546
0.13589072069512315
0.14097927504445676
0.17303134458878622
0.19300285708530404
0.18771538766348525
0.1506110092106145
0.17236053308326463
0.14872633807495683
0.2517884070101881
0.1616445602476273
0.17624242552906838
0.13500183408467084
0.1833033109680017
0.14355413230468048
0.18736449481899983
0.1538426686483584
0.1268005839329463
0.11099054143380674
0.2122285225835328
0.1636028044905113
0.13522920738900837
0.09761049376368469
0.0567561041334492
0.11674663117326653
0.17463038572654743
0.15686990798259431
0.16241054088296009
0.14189338450722047
0.12573989663119678
0.1314405506028698
0.19249539940196794
0.17392179920132894
0.17249536055321946
0.15783982904884739
0.04015903498383101
0.1583644968704193
0.14472463425021245
0.10299989609679192
0.10502157620186195
0.14052096818858742
0.1760513075494933
0.11016715621567028
0.20108284412151683
0.1293270097535938
0.09623641594099137
0.12853780371296974
0.07911473936503177
0.19662584078050094
0.19039142253718833
0.11878721885727689
0.2005133996640893
0.17066286093264812
0.13109962731763358
0.16676255940834175
0.09123517481629402
0.18023746620903544
0.10107195052279973
0.09748913688810751
0.18589434121465678
0.18794798659815154
0.12115686655173702
0.13140287305844725
0.13931284564441287
0.1622376104287638
0.13384305180831232
0.1491387394183532
0.21362433079969717
0.20184331020253232
0.2104378415084185
0.14440737837152684
0.14690735585468823
0.12750504275045155
0.139004051797253
0.09295550983810652
0.18042262927085867
0.08418621511228866
0.23770020100730238
0.1618681897340929
0.23205104041779062
0.09816629139837257
0.17696988723180834
0.17825700289503063
0.18090560808749984
0.16459782757165917
0.16194238573547887
0.16010262621502241
0.18352928669985838
0.11643335785280683
0.12247665544085079
0.10738163334633363
0.16940381044482689
0.18911602023471066
0.2278842476813992
0.1305271774408496
0.04513926734078354
0.08171992615581387
0.15323489746053348
0.07264455116345352
0.1626903835633949
0.1743575738054375
0.12996447694230823
0.11954215710008284
0.146205462289566
0.1436606371543448
0.0989483543209913
0.12227172826083835
0.14315790088843175
0.24621154164074502
0.12024307161453598
0.09552696795521412
0.1840266574997803
0.13583901392408193
0.14008271324188898
0.1435166432398373
0.09573366404956599
0.12707829127770826
0.09842150245717946
0.2420308547180208
0.11464482857310329
0.23509362963865116
0.09613761500522255
0.226746554714836
0.08027249582928414
0.1376217853818411
0.18913415483286652
0.14582891877895374
0.17501357820983054
0.170576107282727
0.11127039784645143
0.14722676771454554
0.14558914309604937
0.15594460527631807
0.16221223997048817
0.16751944079686412
0.18049825167388286
0.19866651462255353
0.15876590032654944
0.12241066704802832
0.14283365951493407
0.1514274464552292
0.09933102131179473
0.1760611294688882
0.11095403634835241
0.17069190465793685
0.18038346810635353
0.15792659690428515
0.24637060474899009
0.20315136060954372
0.11602419354026616
0.03430456027962003
0.20974293104451386
0.129683812166915
0.17538604053657147
0.1584746802018027
0.12246582133806912
0.16786653087107742
0.13722547151504136
0.18513060138911153
0.08004319148887662
0.10477935572938596
0.16118002025499598
0.1866498923454904
0.17953363189970706
0.16056311274517254
0.1170978267002525
0.14689316366783406
0.19273861617664625
0.1946448080527599
0.1923084021184288
0.07181554701421292
0.076121203930293
0.1253993934735574
0.1420704189441984
0.1150783404515192
0.12545682954366225
0.16851896270037336
0.1404985433573441
0.07229596206325326
0.15045304927126377
0.1090706873878954
0.20439344455672379
0.14172265083121383
0.11789738961090357
0.18573385711736967
0.14824848818506517
0.17541114605382416
0.17880457640671937
0.09902602690276616
0.12259120087382315
0.1845544159496379
0.11565545447307482
0.22128657562365878
0.22044114336705217
0.14253465429740703
0.18111091473435326
0.10322027457773336
0.20503736071397624
0.2174032050070036
0.1612993169824043
0.11887750923762881
0.18812001604846534
0.14741081291416722
0.1351736796268876
0.1744269115242083
0.14447520916209697
0.16152804191145603
0.19535966744974664
0.0914854268386091
0.16635791297064578
0.18976457034944766
0.13687142240290306
0.09235151426589353
0.2250616950300506
0.133929869124917
0.1148455118969946
0.06763071696000514
0.12931431771431234
0.15483435030788015
0.11667393179370834
0.16782801637666578
0.16115368596327814
0.11591972719213431
0.1655874387651681
0.18264414764167866
0.1626349667177171
0.14141173502184143
0.16394620517822966
0.08353174576706397
0.12689022354972537
0.16787678535342063
0.0936756235813927
0.17871909092211793
0.1741910892779581
0.12202029874598448
0.1461266954440022
0.1819426883785223
0.14628825799964945
0.1821047557208057
0.1794290734409026
0.18400337940837153
0.09023318740967715
0.16370127312704544
0.1828218868671532
0.1268533167802355
0.16245736699100705
0.1344917095999396
0.1677150169524913
0.19624350303128815
0.14783639663317735
0.10991848530053382
0.05728431354405475
0.17006008247423873
0.15586080603818983
0.1544624529331659
0.1912346753585107
0.12730292552408404
0.2171972995023717
0.1672929913713714
0.10348744216732322
0.15556264595200942
0.14520955252619913
0.20260332828531621
0.12513523239966748
0.1017442765592222
0.14327990012796768
0.15164919042013814
0.0924571519033131
0.11992497839259159
0.17053925139153703
0.17358650511741275
0.09297342228676565
0.17001434163008197
0.17390594930221942
0.18769892531227622
0.12342049050553211
0.1461619650042795
0.15008215601780764
0.17617891604938532
0.162004312431163
0.1084015958579006
0.13167653648484437
0.1579807114983412
0.10459268288369616
0.20808869445514777
0.18556318928468504
0.10216291583191785
0.1899803038860598
0.20644518892571678
0.18231544700840233
0.12532764837247326
0.2043413662998773
0.21158901389538723
0.19376581180391378
0.13201305360898477
0.22091046665614472
0.08533972959845253
0.11566238399296994
0.13557023728242756
0.1550568442231251
0.16068584111312167
0.14723471143754643
0.16429436446474296
0.15773696895118738
0.20451730721467207
0.11505149365789828
0.2028181554308334
0.1830566734272337
0.16741666989594975
0.17436216880808506
0.18471191531911785
0.15414808109392256
0.15677450172023638
0.19197711381298158
0.12984868620209278
0.15166496340931843
0.24062155200325536
0.1211604772508352
0.1416133557289021
0.11594262716687986
0.10468646344924172
0.12907328176524965
0.20651129733667145
0.2022781402198714
0.13668991616412768
0.17161768982548475
0.14611684258968935
0.194504845450286
0.11358440425526974
0.09208966280851708
0.18373392403332162
0.14945071447780686
0.1835019119016002
0.11939768357080238
0.18971922044055917
0.07174216822928457
0.08755378282709723
0.1472439693443792
0.09514592353979318
0.13067573722924963
0.15818263834506474
0.16732064812923533
0.15267984406076088
0.19905680485680183
0.1511709376729358
0.12717246928647735
0.18918780454813638
0.12446058991232549
0.21765170311714846
0.11112760995753922
0.14050455687057523
0.0824407317442027
0.1712258542581078
0.09242440664204513
0.10009557212508971
0.18520410373787075
0.08645085017173203
0.1714164396192531
0.11140551577820113
0.14353512065577365
0.17351251148330232
0.1788419088296697
0.2435684485763759
0.10934769847684706
0.1336767303971457
0.1450935487905519
0.1345631276950394
0.14770837151854307
0.06968017853021555
0.12733237336569975
0.13843079838050637
0.1564776229099112
0.07765803121990242
0.1195755230386641
0.16797953718588265
0.18457293853405632
0.17893797545022766
0.11324561700858018
0.15462517029755743
0.19813193468017534
0.1457573426696867
0.15362256638770622
0.12351711395126432
0.17419466658780128
0.12192326955897932
0.1211037672749095
0.14718847863723078
0.21500417399725996
0.16524735978094318
0.09648421304194242
0.175863934014443
0.10613948347701516
0.20023946862166828
0.1735654299976624
0.24329107865977878
0.19891146518524366
0.15210993861745903
0.10573718596133179
0.09513182618465152
0.06652643995729682
0.15669270536280966
0.1330070235863246
0.14161754709002275
0.1571269512988655
0.13663391643136094
0.10225909431901731
0.1676572930991753
0.07327466348955264
0.15156989664332796
0.09421618346665689
0.16158867042463815
0.09438058122745469
0.1835149775343155
0.10252984326331926
0.15871785902932897
0.13324972919334963
0.18596709811967416
0.14781230930510064
0.17074545236416006
0.24549930479373092
0.20213644531266844
0.17568810607734542
0.14686916376429637
0.12082971298542278
0.0959221765710314
0.12522879459906017
0.17539657604515763
0.19592727613150104
0.1715885328855769
0.16860737871718168
0.1378422633748974
0.1868535248372078
0.13703434809786985
0.13251562526564967
0.1350598704165085
0.16608762141700092
0.14608876112404331
0.1530438121260137
0.13900555312754614
0.14841776788014083
0.1298512057057681
0.14875968748642182
0.15103458167411554
0.2167647089795155
0.21421081035809264
0.19740995264459116
0.165076815458745
0.11414624926635204
0.13036567975754387
0.15551456060252333
0.1601212214068656
0.1522252297255488
0.2081082983198411
0.18303011903567246
0.1181174384821965
0.14249297911178133
0.13920495724126603
0.13937285169812583
0.21249392027193417
0.12597936853078942
0.18251922408103577
0.13522979960701373
0.24033073890746331
0.12850158623257738
0.15906631118877856
0.21756298847073402
0.16774309423608016
0.17098836972409281
0.1660993576473021
0.08770323190107795
0.13061824308437986
0.16065969322060197
0.1416084937424415
0.14342497553872235
0.16803732523706805
0.10100691266157938
0.18750434437457353
0.08980817677707556
0.143273391863766
0.1139102403274593
0.144358811151181
0.09262978041984396
0.18484559245043464
0.21236125774578068
0.17366196502537118
0.09295656244546918
0.13302179050969107
0.17579070154492357
0.1524341659580498
0.17559847725322678
0.2051741916743492
0.17912059188535617
0.1718351576456755
0.19259946225117613
0.18272206870586144
0.10988552999823337
0.133434831058486
0.23976104819777772
0.1428291017704986
0.1374331302491078
0.0857039257404822
0.1550099720183552
0.09693508453820306
0.13678909052547653
0.11696109774234653
0.18093228259116706
0.1489833654978003
0.12944318236651328
0.15087103862771245
0.09827181996806728
0.0957804090227085
0.188060487573964
0.1770851058331844
0.1419121564208071
0.13443976806124125
0.14823632101563802
0.22446276900181317
0.14783128590451952
0.09949334104778215
0.12674981216563752
0.1676311216866435
0.1078315108310999
0.06822513149290353
0.18051477016387293
0.1782223712527052
0.13428419864985072
0.19322886492410019
0.17028132617970437
0.25189121941538906
0.14902705344981937
0.14082341113144262
0.17151391999235985
0.1740715144055734
0.156546506893127
0.11872001290448814
0.14450387194584338
0.12960963995967265
0.0927495224059842
0.12343364934921945
0.15298673688368414
0.1817803412585745
0.0751661721676972
0.2610996527842055
0.17200185430712644
0.17437425674147367
0.1250792320525118
0.1076897010992097
0.13386547684751152
0.13172287202864788
0.1475369163907619
0.10524644900952279
0.08821240280776715
0.15946090280250708
0.22618090513967465
0.1756136838342128
0.21320306500202274
0.17068190189857946
0.12461585833203609
0.11515893616744724
0.1493485716910043
0.053959694774935715
0.15955375224757887
0.15143215924517875
0.0685371627820011
0.13820220454672044
0.11713417382188894
0.20526481293999005
0.16835675390556143
0.17472279720796569
0.2166468841265774
0.16671830072956326
0.15888640063702844
0.05958383458877026
0.18537788804172256
0.16773742863739635
0.22485472383810984
0.24389755963631046
0.1574715900339513
0.08858578938468588
0.17246651861366258
0.11480500993402434
0.13215866252609643
0.15945132201335696
0.11335655044508372
0.140792023955177
0.14060314070061336
0.12402314277501675
0.14792906442451667
0.15652770319590797
0.15749892372698823
0.13354419913132526
0.12308823468094013
0.10707277358406987
0.07881340023975646
0.05821367083996398
0.13278757471143587
0.19004552623410878
0.10715772607617652
0.20914086817098454
0.11334606198752564
0.16388947388962471
0.17911380804804608
0.18076511202530998
0.13885526532943954
0.1370521120409901
0.12634038547706705
0.14354025886720606
0.18266263694040963
0.2235819453278935
0.18189447218415963
0.09523314822074361
0.19852295665772593
0.1482808139719014
0.1424791454620542
0.18307504596743351
0.07087254365260531
0.1758820491081901
0.13396322847984113
0.20314941359204153
0.17062166629495207
0.16698177295719274
0.13911553569376167
0.15458687144033212
0.05652767991299147
0.160721986237693
0.096841012194655
0.13125893385161108
0.13605631847173233
0.12866978668741685
0.14883316297581553
0.1643792015152429
0.20315834201788513
0.23388145817458497
0.11834867044788153
0.22093785099546032
0.1848810142545985
0.0956828334501583
0.13304814035199045
0.17127631877937993
0.19384963484584944
0.09517701611634781
0.13232391208790922
0.14370089799562924
0.17869663100284083
0.18721954086207154
0.17375863867943173
0.0753012807357211
0.2143426648330512
0.17284955367055357
0.08352538279279555
0.11332568039832974
0.11631657092185635
0.15329484973004642
0.12705249645858505
0.19041485578901007
0.1522965555916041
0.12726872956435129
0.13866801179935437
0.16912766414805896
0.1437446909253966
0.16905327257872194
0.18268808657328545
0.14244776568425183
0.18875552860627148
0.18435445898678685
0.10894212188290234
0.18661696201042352
0.13516590977816062
0.14111448534780838
0.137391603544439
0.1503658014568935
0.24806995848913105
0.1238430040488566
0.069950644038126
0.1460976128223222
0.10933489264788207
0.19668935061713214
0.1297033036843156
0.10888905887401677
0.23691108370111408
0.14496569968134523
0.16068334673945261
0.16947815181591788
0.18906134758267007
0.145767758260419
0.15807285394911824
0.1721190868064733
0.13454945675730295
0.1858736178771115
0.17038328497198402
0.11773680418816251
0.1366065095508908
0.20028327838463322
0.141702992049292
0.06595267710691412
0.21948873273519545
0.19592964567447474
0.12715157437558575
0.15012799986751446
0.14188714406510683
0.2288974626994998
0.11379964965561432
0.11814135168279505
0.2428579676466755
0.15611017211295186
0.15518257899441337
0.11560185219084701
0.15756975855758157
0.07107328541730747
0.1903484422303904
0.1478514799245988
0.11544064258629211
0.181402076601207
0.14931274718397028
0.25391251818486393
0.09289212568266811
0.1746055527616912
0.11165178251305083
0.15311004098460423
0.23954006639772973
0.18001692411895742
0.16896210202583917
0.17469210530192236
0.08680409680606752
0.08765591204903557
0.17110222005293618
0.29437504090241007
0.2550090066579234
0.1617642759369199
0.14224572186215798
0.2149268281957751
0.1166303431297793
0.13149442384423854
0.17527358080974081
0.12518246852728498
0.20142121259776263
0.1644953086730326
0.17166822640644466
0.14417640214297114
0.13132139269039036
0.10960104766021306
0.12160715738048386
0.09905289039675938
0.16756105378701647
0.14425253070054456
0.24275497353523745
0.09428605299036186
0.14441443366777612
0.13638516500177159
0.08490483418199175
0.13371229364214582
0.15043610702652294
0.15820347925454042
0.19751145641408657
0.10137734386803837
0.13687453777746691
0.06949934398169211
0.1205376754998398
0.1777822479610667
0.16943606902633845
0.1392385629426842
0.1928931506259977
0.18359057236844495
0.18069302423090244
0.21456074921309726
0.22218659522942746
0.1297766596737057
0.12373146223792739
0.19956539722183575
0.20133601361126877
0.09405207248163774
0.18296825363422758
0.1607526899976749
0.18295770571572148
0.17767186393130607
0.09148878941876162
0.16244795248426916
0.19197761646218361
0.16598774334233313
0.18686317971325409
0.08222402245664723
0.25546007611762006
0.10755348336895643
0.20227856547965634
0.13103913112998933
0.15477779536327094
0.12242105494773133
0.14551676844137088
0.1353977169370187
0.17729785945367285
0.1811291065176808
0.2021697914207523
0.16148173407065067
0.0953134304975341
0.1659078214074998
0.11965409414852679
0.14971013690451837
0.14598598018138267
0.07732908969112065
0.08501674388379316
0.17723617454110538
0.1504926959399356
0.1517165084406228
0.1847888068271043
0.1464763758098929
0.1741961167172853
0.10684035975864849
0.18478000452298096
0.025094752067466544
0.13981806408449837
0.12423545671779726
0.27027210045476774
0.22692935980457346
0.15044316081495546
0.18987865816387922
0.1759369490837563
0.10297029478691488
0.15607452529963
0.1334627405299186
0.08575597546693046
0.16739144886652754
0.20258242247558095
0.18945912617623376
0.20509311842952713
0.11978093826677019
0.11078435788813118
0.2100674210553641
0.12455952150640807
0.14461956555279154
0.15482468586936773
0.1049979834012505
0.1414967116594063
0.18265713410212003
0.15056173572543888
0.10992005448330125
0.15244595753681425
0.14271063157867545
0.11423741017522306
0.18624117321014338
0.2186756615726197
0.16718710339499349
0.16868025239208057
0.11235192126533675
0.18822585336385958
0.16897925860346286
0.20177362955967282
0.1789535317455635
0.1771834415754562
0.13850434150051807
0.0957396503109777
0.1272497314553711
0.13843714303307297
0.2007502332054818
0.13511188411736658
0.21443393271856553
0.15547210794611116
0.12266226913204827
0.09382948309209782
0.08594135138202308
0.1760628822126709
0.06958315083472438
0.23577654001461523
0.09245984391202781
0.13654883146605362
0.18300011556556817
0.1555335500328991
0.18411828359868868
0.16259565148462787
0.18534841418410875
0.14358505558799836
0.1574389239077105
0.13686435940235378
0.10203539575683046
0.14650794548854268
0.1734194256335664
0.14441217812379742
0.1534089733796449
0.10213646666959098
0.20447314689725377
0.17016963690509845
0.16939769843061503
0.15220706866659306
0.13017733582592417
0.19756720675515282
0.15619302064794505
0.13584290839184684
0.1540909074380327
0.14406911506949963
0.13671591711686448
0.14859982587229645
0.11714818978969915
0.13495766587656846
0.1453756735975486
0.17124694454550438
0.0941512148731492
0.1365616866290984
0.07918831345586813
0.13019885854631208
0.13049114206532428
0.12083058197906012
0.13464670680393606
0.1735886701754182
0.14816573391649457
0.07050959462416417
0.1273923599778116
0.13320739527171846
0.10497398887797495
0.17605576770578896
0.1431446985330826
0.11578772673330673
0.15279087714672138
0.1983724340168301
0.17146999913203337
0.14774142288665143
0.1890457586052514
0.18651846918443232
0.09176622288959221
0.1164630516116501
0.19188557440123405
0.1946423454879854
0.12202959440921991
0.19419324400772953
0.15405433437480393
0.12237361905033747
0.19800424978650139
0.1017677228665046
0.1197663811804763
0.11408430031317304
0.09633168308949985
0.11661358709206213
0.11460553948444402
0.17436395589250098
0.1690529807652421
0.09036226944339604
0.14345381341899302
0.14294653558014253
0.18187324585925563
0.21258411433922103
0.08056223406853517
0.1344800739732866
0.1221094087894375
0.16817733155306175
0.05540029767147242
0.07910564799460496
0.13127131798555752
0.2070257070326062
0.12159710209685554
0.15980704903676823
0.2228804051432271
0.157207654870006
0.12681520178723593
0.15297149448494957
0.11473405262162639
0.13767116678165636
0.12448225654336545
0.10046435477940668
0.13636738337689475
0.07139667659921216
0.14104966056062765
0.1470049813517967
0.10044719831380808
0.1056175491276853
0.14982569823037215
0.1399600364703744
0.08409133572222832
0.19540344991933603
0.195370707619727
0.18243685529119788
0.10088436427493039
0.24649060517225263
0.17779229210337252
0.1528254244900982
0.19908248825894306
0.1314006389064128
0.1807094934778564
0.17034038616739752
0.20590638669872763
0.13926319356323696
0.21259519760790438
0.16223502690727257
0.21889767726685844
0.18106439086328527
0.2325980333971171
0.12756431577191393
0.11599796683316221
0.14449870890257732
0.13462061944068304
0.12828285377524476
0.16655053306233905
0.14318755495284358
0.17585723547013235
0.14331221728277418
0.15070006101941374
0.21027523520570612
0.0774584237679162
0.2137246297662505
0.1717235619003606
0.20160380630655134
0.22833026223112282
0.16487962147975338
0.1324138129085392
0.11512009512085508
0.18069821396019395
0.19105662290268638
0.16989627612259256
0.1885773686820263
0.23082506773557754
0.12188019354599082
0.11591245277407267
0.2289996320391863
0.19707356768496803
0.17693794928657972
0.09585483901979203
0.12831351548801864
0.14547039848403895
0.1978214642122377
0.11971719588532359
0.10436640373621764
0.16270924374872367
0.15535345035561338
0.13542976614175475
0.11401145648948471
0.06057323212093921
0.13311281302169106
0.20116545343155118
0.1933045404429113
0.1975568314901
0.1181560400738364
0.23184625997026215
0.09945550453469323
0.16481624813984297
0.1676549974377497
0.16739499085336565
0.12793005504648483
0.17170669692601764
0.16837022895323656
0.14215559399798852
0.18412853283985423
0.10689264771834482
0.2365255647115967
0.19245421542708177
0.22081557057927867
0.11751555137903404
0.17455405880150593
0.15556412814403944
0.16522082463683374
0.1827565903100935
0.08588405348994282
0.12224050061278607
0.24794885775977177
0.2039032649342833
0.13188415096184625
0.11020992574708276
0.13586119555923196
0.16806604455074478
0.22050480472561124
0.15194373155177301
0.12007393522087284
0.17580090187529424
0.17247554845951155
0.190485936371446
0.07772988487208768
0.16012784901499477
0.15510318739356452
0.1735450550734109
0.2006227379215182
0.15839135428220316
0.13413556162395945
0.10374277328576566
0.16029499633201
0.11777918913111543
0.192189987333873
0.15149611632229132
0.17115534456688364
0.170534921571808
0.15764090928864546
0.15788209023833252
0.1765458004191069
0.05906837337496394
0.1856952630108677
0.11377274653309852
0.2135404619940275
0.23532344977574876
0.1475610321537148
0.09113435411157539
0.13673178631467264
0.22319016672821368
0.14854794854975206
0.16351381774321921
0.14822133405214075
0.19968877662353213
0.20297426780589542
0.18276104059824166
0.06603753751882713
0.1253612224786814
0.1860829897940905
0.1485994529788528
0.14638868649975253
0.09261928523892178
0.20094041123261983
0.1178115637539197
0.11902031119255847
0.1259900976081988
0.1689358712003163
0.17316075017560575
0.2529510893857837
0.1370983272988408
0.1491047722749427
0.21006641615258434
0.14438598762125757
0.13529985197976943
0.20748347718912682
0.24166877442661155
0.14497869737779942
0.10681025173398645
0.16812533330627438
0.11552666878666237
0.10770063005526655
0.15306158117961507
0.17557238537181358
0.2035722717946377
0.26083571652118204
0.14813150319913576
0.184155573853369
0.14555731235877767
0.18019234049266736
0.10148341355930554
0.15695458279270288
0.08048092840900517
0.15625950738080932
0.12850624383367865
0.21396041108769437
0.20107845976664862
0.22258005957125743
0.17187729725718826
0.11125990322532728
0.19826303107122017
0.1343973730504734
0.19266545202731694
0.17425607993217246
0.17496778863536783
0.1105362979687774
0.19296567249821614
0.11691570589106998
0.144873761593574
0.08116467439446913
0.15425982019899895
0.12507521202881647
0.13859855686611208
0.07238466085808627
0.1602229065039113
0.10985619426154365
0.1609016821077392
0.1945049186956242
0.13272760556998056
0.10935108580115081
0.16265417660018744
0.1691222162897788
0.15571851857379068
0.06582432477373865
0.1296040229270092
0.16269848372304965
0.15164365916560335
0.20810880597524148
0.1462873358129093
0.1396691010351624
0.21601132631384595
0.18383584875963277
0.15585046462549224
0.16447826128995618
0.1556820468388768
0.11960345508566177
0.21714865135435396
0.20330090244511131
0.14188797549666657
0.11686449053395875
0.09790232693436016
0.1744337120937615
0.1277081896629883
0.19925590254655373
0.11290812498684816
0.098867730760585
0.18048118441053485
0.1921858940685203
0.18034148762830185
0.15290317547533386
0.1424278557446898
0.1340307880684784
0.07322607696484724
0.17256138857646264
0.15131197236603372
0.1350377911659931
0.1619080248949007
0.08059229564165185
0.17121083445841706
0.0916650314935728
0.19512693986518292
0.17974787587791385
0.11765534184440349
0.12073960498942235
0.18198208489891332
0.11016455934448341
0.20025349202220497
0.12422092444148392
0.16802125951100547
0.1622366208512156
0.07505762698879782
0.21239505830690403
0.17561075141289442
0.15534726375281513
0.2069934243004071
0.2257743725530066
0.1640739271459094
0.13788438711138004
0.17761854095095442
0.13246415069078676
0.19792679790208959
0.17648165991389445
0.1324217657508844
0.13764162273784986
0.08240577678043962
0.16916184505006335
0.13700512707429524
0.12106685124967848
0.12090123125327486
0.15872654233041172
0.10254358917393375
0.0748305573701248
0.17489562654142202
0.13297463949361263
0.08857198854623435
0.14333650462905656
0.07518965925343914
0.0962666622771142
0.18195235297267637
0.22970769856398432
0.1731093606804817
0.1117818908088905
0.19644907522900343
0.1818538361067733
0.08098973846134824
0.17434975341918085
0.16846439083518255
0.25426882507381376
0.15083408068724083
0.1936226512794506
0.06493397424612886
0.08754059251148302
0.11858961263994496
0.11117063975879214
0.14194131949273558
0.13199048213694725
0.13191492343567546
0.11207253730983192
0.12346618247957707
0.07655171647347463
0.1681763367134541
0.19093098703314298
0.15657245905084555
0.2106007820090748
0.11611392108090887
0.13099562057289396
0.1540714134855352
0.12983332084987434
0.1409863829435496
0.19473140507593373
0.1638734158166403
0.12123450319269927
0.14585232083018868
0.23298167227936803
0.2051494750802541
0.16514533909218881
0.11974724417819987
0.14835301750605293
0.11024843938593398
0.20160705376864838
0.1613333220934247
0.20149114152059622
0.1172760209267699
0.12780436992932157
0.12653360315068687
0.18576830788466853
0.165382052098764
0.2553943980581264
0.1621137084582451
0.16823863960407634
0.1861337414887001
0.15438930021575842
0.16339652030072668
0.24191684499254903
0.15495943196839557
0.11226979117253438
0.20394942438365815
0.1832538428350463
0.18850103328241122
0.12891772997708445
0.23129247705886108
0.15869617653422693
0.09538733401629908
0.1556776654815407
0.14620760445998182
0.129634326017594
0.2539614703959876
0.16894188867791216
0.14433947925927396
0.1475413833755726
0.18036022222428816
0.10546483625082734
0.1963287178736965
0.1440301534773756
0.14934573099581597
0.16666567347881164
0.22312543093923365
0.14575881827930842
0.11436021839821969
0.09242092800592
0.19612970337845165
0.21124586072524265
0.13714532307856786
0.17828858047376306
0.16738799996539427
0.2756129610842971
0.20213640849942754
0.22104691024097384
0.1438267665333522
0.13273796953534514
0.22206265441383055
0.11483534124547093
0.1832350135258556
0.14265866448528516
0.13437790726786206
0.13810589872158538
0.1546563172482282
0.19570625181884868
0.11745633151647304
0.17963818485141048
0.099237071989989
0.20510934702370864
0.14935051606692187
0.2316809547992424
0.16645568187881424
0.08009224678567582
0.1316858672668515
0.16724934839567676
0.17606762230136322
0.09754674451015778
0.1069320638224743
0.1307394566505822
0.15050563354092003
0.14574961117083174
0.1166371735563296
0.1174049016383512
0.12609319992873064
0.12298013069651334
0.15124564045972988
0.1357865152889209
0.17041881521786267
0.143054578526382
0.10837153262893578
0.15272605609531809
0.1570921003543092
0.13882850529474575
0.1664818974779595
0.14540497560922105
0.14954572387366724
0.11116021262758227
0.17900388292099437
0.13303883311764056
0.13041665573886302
0.09021725505892478
0.12500065033121927
0.15645432563051223
0.1630778816501649
0.12144362246128651
0.1747553319927681
0.16302702029826638
0.24707706221040743
0.058005956299931494
0.1741585380481501
0.14028461145412002
0.18717098008471303
0.18316099557532575
0.13974933629704173
0.21412129716803138
0.16004544275131843
0.08992013598308152
0.17327823128918804
0.1776433016897951
0.17299276053380233
0.21039783204081314
0.16680981354005742
0.09406627413281286
0.1265567168164445
0.08935485887735241
0.20829423114277482
0.14942032855129542
0.13323804140525491
0.09632580942502886
0.14459681708321234
0.12996410359778984
0.1496925214423811
0.0896339936679478
0.10495573878281136
0.1716198111933237
0.20017189650651943
0.22253872846677425
0.13090021722427286
0.21201976847137555
0.1396413296024866
0.23574114641171656
0.16367901660857948
0.09634852626330925
0.1483278547166207
0.19254927734255461
0.19133322885605591
0.16687864437712882
0.08810005743691537
0.09751617004878164
0.12233344419713513
0.17036904245728224
0.13112276238342868
0.14888314855851864
0.16585448373118955
0.1441224383124013
0.22152693940506255
0.1310472596731198
0.16439820008860986
0.16176456385937665
0.12873140398541955
0.10000311620235008
0.22375996252758246
0.15891105416722542
0.13555422039653314
0.22479247158234258
0.13852990497160697
0.2426957264926229
0.17233123412876022
0.1362898805723744
0.10657683897172963
0.1770891619290962
0.15930631909592463
0.149680138614611
0.14451110482460724
0.09760079998498042
0.14968539218658666
0.18786929755385137
0.13829894153132036
0.15752879922627963
0.16928591405546267
0.10771772039530769
0.12374230027786812
0.1642993803868779
0.1340294865731892
0.16095274541490598
0.15625456391812745
0.169707150901393
0.09518962374411719
0.16031042934912154
0.13386988244823272
0.14691368392168935
0.1502251029069789
0.18837156581522363
0.11821528008090475
0.05464698249881213
0.14017225098859154
0.15136287222762873
0.17021147690460778
0.19590608124433148
0.08707567519068275
0.1774873512502384
0.11893222085773061
0.1809700454918317
0.15656982386186055
0.14012744543281921
0.14623689683313928
0.15653980722347938
0.09421149411221824
0.10835860137233463
0.1371858390217484
0.16698845649004415
0.10727028715184389
0.15262867279064676
0.18907239088910016
0.13886797916685872
0.0508153758862209
0.15369765397437393
0.15760561141969034
0.09336844118705265
0.16843839530896182
0.17152063476601642
0.14977946800564224
0.13083642994946235
0.20733126571392038
0.20728233174263283
0.16834679417598236
0.14766539696164008
0.10388732090417069
0.16972154457871907
0.07831112316266702
0.1655052748597298
0.15368761848784468
0.15056375815458378
0.24377004220143778
0.13869948599336004
0.1931934230395572
0.13071027124354198
0.1989466068355576
0.1200630864723771
0.17164242763903434
0.21366136248336098
0.08907137617400739
0.17818511550785493
0.1375347528823803
0.15374109036167957
0.15647577370097732
0.18249388344998835
0.16012437154742235
0.1817613537303011
0.1667853438614601
0.2027702256118763
0.14774359478028895
0.10535828404994055
0.16917813260516606
0.16477100399684735
0.14385388870309362
0.09926310715073552
0.14374694771814112
0.07987428407484265
0.15415798784013326
0.19153360413044726
0.1962018035217123
0.1563730103103288
0.1483595791527918
0.14343039608130453
0.1629798550373677
0.14333112317448438
0.17879705257156453
0.14741539513358734
0.19530320650049054
0.1856838643253668
0.11318159300444794
0.14670998869875734
0.1428955303095872
0.138955471279756
0.1216715012036477
0.12403503303020061
0.19116855182571224
0.2032072108256619
0.10243116475282146
0.12850747091820056
0.13238485859678792
0.12312903722525129
0.1756369511899713
0.18847254835923952
0.11264944182044402
0.09769910214722888
0.17398698002310745
0.0886428620402875
0.19347312369892858
0.21627599430849836
0.16543590426373433
0.15979560819498398
0.1500085058343284
0.12965653282425235
0.1371996410642222
0.13874827509176196
0.16228810257314472
0.13382024682596605
0.17328814213372512
0.14685020921403918
0.151844812291535
0.12819964475058554
0.10311260024781227
0.10074654430201371
0.14073133105242572
0.15129741327431295
0.1287869460202919
0.24891379868056285
0.24067664524361182
0.10757607390587973
0.15777701855547252
0.12817457616601338
0.1463197548740685
0.16540639225720344
0.1464560650766491
0.15532501794252634
0.15786796459714555
0.146270989381749
0.15234072663174497
0.13539998054262406
0.2335763141836031
0.14567834820629855
0.17042047444484446
0.1393941610259239
0.1474718045772958
0.14997243454009068
0.10852533656506475
0.16081665455392438
0.18942842296652299
0.16513372465080553
0.17868378383845515
0.15776945570199505
0.16644698302864383
0.13584562343258275
0.11675566954390863
0.17045348322851553
0.18646384074048042
0.1174337575999715
0.11492832355227312
0.13772667413774856
0.1827344287899332
0.1900505333687747
0.09604611215083235
0.18146010104557644
0.13213718025064464
0.13302470751618833
0.12943053270355592
0.11197129292231703
0.18500964656845462
0.10250463578743726
0.14234775761552212
0.0864200337516649
0.10151586873185339
0.18163595931912152
0.12257531979534604
0.18901760019564567
0.13687895893220833
0.18781954154054473
0.09888188517869287
0.2459684599953557
0.0808774806059943
0.10210033841868948
0.21985123390912692
0.09611543402920122
0.16506479689958878
0.19067047781111063
0.13457098650384286
0.09398751972538846
0.18923081010069592
0.1860594520074457
0.1640435505625616
0.11219022071671736
0.12039664350806867
0.11093059405724273
0.20106643090554033
0.16424048577020106
0.08089630750098943
0.2126218506259197
0.18313302957590444
0.21072258212107817
0.0826808279576909
0.1418158007999497
0.12074344544291886
0.17450179846868263
0.18299086137612935
0.12260708998755411
0.14850411072332503
0.1808498543584579
0.19192109155273288
0.13204135338928974
0.10591190920074985
0.1444074796999173
0.16837788024571582
0.18891807546833184
0.13108949592251204
0.1001742256895391
0.20298960421504306
0.14688836742306563
0.13523157320549778
0.20111976737856802
0.24115913741089057
0.23561560602651832
0.08112840890808276
0.1571211787440399
0.246981470058958
0.1284830705602682
0.12068478328825372
0.17010192843905078
0.16421766373253
0.137316757720001
0.18533788239199767
0.1609375930850073
0.14153734714224225
0.1523739738233882
0.21880657597757042
0.13974453356699962
0.19100685680108148
0.05837195947580626
0.18741806216428142
0.16232447563148286
0.16256582518165114
0.18890475201606766
0.17661840690242905
0.1567165296108203
0.13700694549399361
0.1140495159296579
0.09698059757104976
0.09779907372730162
0.12628833332438402
0.09798348405631661
0.19480238644673606
0.14271475323298188
0.11555471741313998
0.16617616905053773
0.11348635339744934
0.16293442213428438
0.17418941965055967
0.12873044569903574
0.17857470285010746
0.128336720415594
0.09467284776200821
0.19301920696989028
0.14146091358462173
0.13975552292582114
0.1146215584486048
0.12537126635373963
0.19147240167478316
0.158563164677006
0.14687752161171155
0.14781388005895432
0.12068524585040712
0.1299508123930582
0.11757892227121274
0.10853499173317133
0.10727530438495364
0.11113345260631002
0.1521625126433397
0.1640800446656617
0.18555639419619435
0.1781804687199534
0.04403495986237645
0.14150882185133618
0.16447143734889488
0.1622319462361812
0.19198089782431949
0.12941567116900204
0.1481712031340301
0.135049250737872
0.23499758884933392
0.12231781808009254
0.13844175214670032
0.13090938631893786
0.13003498739514735
0.16871983175609834
0.16926601505778233
0.16043150571939505
0.07249825183287463
0.19672306705356446
0.15645083468773338
0.13025714752270898
0.16240312842453036
0.08212747077723782
0.21544331542868198
0.23958038169884854
0.06423565271493539
0.19079449638673304
0.1748410395245481
0.12472415489945679
0.20083065924439192
0.20515412663650326
0.11996964571157982
0.13100704489373893
0.17644491785210237
0.1479790504725668
0.2249820045935259
0.1143180129134781
0.1389301024225767
0.0756890418889996
0.08759254718946646
0.11406642479424502
0.08222221255008413
0.12862349615223356
0.10591299571921223
0.15862846391097452
0.15367520483044234
0.20539901069750974
0.16283057985663751
0.18960873198642153
0.1582297162861202
0.18461450728672552
0.1421510844814841
0.0770648984091697
0.15769180871984062
0.16358366662923238
0.1537312980437776
0.13328069427185227
0.16349340230621048
0.11575765277075573
0.09585069416980424
0.1363007225889545
0.09177470172618062
0.11450271156852482
0.12731680394858605
0.1308891047576574
0.2007565735445068
0.08238284240372735
0.13511429539860284
0.12945701559049153
0.16449179387479534
0.18079200860541736
0.11217811855605803
0.19196116979519262
0.13062824207841972
0.11529380016960791
0.1415496726630011
0.10388514243877794
0.11222937605655728
0.10016282898259506
0.1435844597597205
0.12286049823694958
0.17746952861976234
0.1357245053761577
0.14103835403537998
0.1344359608594566
0.19073874816590458
0.20430446852646705
0.1622031777465899
0.16609829528233752
0.17633325963015364
0.18891945280218633
0.21343022350863644
0.1614763123636075
0.17767007049214317
0.16092079317499774
0.161484821562423
0.19223166353874535
0.1751412610037693
0.1149146805641498
0.16546279254590981
0.18665332111441343
0.16609383423116414
0.15178229286049502
0.1456754621277145
0.08694027455295919
0.17094298699057806
0.13649125450575866
0.08878234381748393
0.1923708491938604
0.17295489663032082
0.146388589488378
0.13621724320253076
0.1383759325069186
0.11762211347474388
0.16319439008206627
0.09865751119870239
0.20938354074197424
0.11039398309524615
0.16606703222704397
0.20306551418617383
0.10847576892952421
0.12225918175023655
0.17219164006498028
0.1770505769078418
0.1641347171936335
0.143756869927646
0.1360704749109768
0.14840938740412582
0.14315010314328538
0.032893825670818305
0.052180532223596685
0.18762493360247653
0.0765754543471055
0.16205540375884425
0.0770402568579752
0.14249591023755687
0.15865852559211036
0.12853843331656828
0.13742396546190702
0.18046410653031195
0.14145294686833107
0.16424368937162948
0.20860048799408756
0.1753179571825926
0.15065883020292248
0.19204321894403276
0.09920030560693115
0.13981531383155826
0.06390847804084505
0.20654860847053913
0.09366901553780474
0.15086960912524527
0.13199612737391253
0.12781883721798779
0.20545910426239905
0.117263609825186
0.10978272179468271
0.1962367189800373
0.14523226385556745
0.16683405714414135
0.10334922576365031
0.1581498989508322
0.20127721912940663
0.14518582086377954
0.21623432758503724
0.14509490063868233
0.10897853293715241
0.11923463110705268
0.1309366340070394
0.2104367456379465
0.09313689324191116
0.13864562429964095
0.11822602033800786
0.166088718006907
0.20250233688481808
0.11211524438135884
0.1614608664378482
0.1370587338665471
0.0960578186040906
0.2117292016381203
0.09151393300199792
0.1388204658874067
0.0903770646861484
0.08379406585312704
0.17818337032829223
0.07871641973119481
0.1567246868650262
0.1551172534849423
0.12645136425128126
0.20281206673700736
0.1599772529325424
0.14314110009732264
0.15727369733910507
0.10788957281856495
0.18523723839122702
0.15375201670824518
0.1353165456794177
0.14120721432230393
0.24087034368285748
0.12248258476567282
0.21066560987003455
0.1974259237921846
0.10147857079094075
0.16680857272954008
0.18868237946459315
0.1887985250353205
0.1466304392659858
0.13932245377994326
0.14921190561172817
0.13749119227746465
0.18357956541604992
0.13354043362634513
0.16749184182575255
0.16848692169727086
0.1503569638285717
0.08180893940834116
0.1198793213660255
0.19059834744612347
0.1972335610449898
0.1219378203960579
0.09606747729237732
0.2279514553414414
0.10721374647757764
0.17194800734386273
0.1589686367342074
0.13086891768499398
0.20000077424007442
0.15666217573409683
0.1763418673404064
0.1579007657543029
0.15098960696924874
0.14450893262979547
0.19551498627614056
0.11648107697681404
0.12422122283277492
0.18718835409449486
0.1218129473409972
0.15411194972996925
0.16045035155714385
0.082539878063183
0.17746615663929374
0.19929088442742338
0.13741207642996017
0.17217755126013645
0.1127777011962447
0.12692672482256268
0.14132107964306304
0.1768557284812449
0.1241586465970125
0.15405988074838464
0.12690360551025548
0.11356250834802448
0.08919577524222026
0.08882440362207566
0.17204361240862356
0.15267058851204449
0.1641626860136637
0.1788881027390806
0.1467791264814854
0.08073497821835803
0.16295730703916328
0.15561924963486398
0.0767743421792549
0.16998630694089376
0.1220212944901627
0.11378224767844888
0.15819103100097534
0.11512182837767757
0.11137919425200372
0.13980292047964984
0.19980562420902656
0.1774167499188856
0.15564144641915023
0.08026800202204458
0.09819252059676145
0.19267671715214157
0.08617790529751929
0.18693372233480138
0.15782023720830085
0.08603090861407753
0.13296871176910113
0.07034363228166868
0.18523691395272476
0.12012027432282345
0.17377053705850648
0.11683990719979377
0.11469363332216737
0.11428850627150175
0.1672829368971713
0.2017830518084674
0.16692313279962204
0.16809699143761017
0.1613350318948105
0.16728841658179866
0.2067148707061031
0.11960452764929513
0.18589967603405363
0.07574819456317157
0.08904072847189669
0.15261024542158524
0.15745262660823955
0.12528393876478458
0.16274887700348023
0.20041195053707722
0.14048608771725243
0.07979248772800734
0.1618069908836548
0.10123912709674529
