Mean_Perm, Std_dev_Perm
27.413195289125632, 38.06523389864794
26.86527013753727, 36.11334741768358
27.16776079496873, 37.74564505950024
27.515290839617936, 36.59642507808853
26.851213249509897, 36.29151220719876
27.305395433564303, 35.880876527733164
27.21044053439293, 35.69842699576094
28.05749315833478, 38.42047442613633
27.632042482220488, 38.67261554118715
26.91875153922888, 36.079487349133174
