0.5088958398447727
0.6270855790703493
0.4935323327026174
0.49850017902431953
0.4818230216266145
0.5370936938513886
0.5910698861906687
0.6061723420918784
0.658021585174565
0.6147971247133227
0.5711303630152262
0.5515282746238485
0.409212265035961
0.7159228529100459
0.3823514618375229
0.5932896577956677
0.6273442018122175
0.7539463052116322
0.6074310621692989
0.5416821663734939
0.5816112562526943
0.4942070698220024
0.5795888875209185
0.4598418957328097
0.64839404058378
0.5394903293095081
0.5627316859123433
0.607642818529455
0.7100471670048805
0.6552513713645656
0.5674194401953332
0.4186649748377389
0.3511952893182515
0.4810045109548457
0.5695367218629392
0.4027405259812327
0.6932898176756067
0.5627701989008383
0.6935177028472093
0.6715551037254902
0.6059220917133098
0.4421679631468309
0.38921058508540163
0.6307997907950718
0.5527480412603554
0.40707977079340574
0.6129243004064733
0.33633430754480054
0.6555145215538613
0.6789188215815232
0.4867223366521046
0.5157468313516376
0.4485718576897301
0.6245967757633561
0.5029646402421842
0.37733072722943223
0.5768240303259798
0.5726682857722183
0.5506464317178809
0.5748454179847197
0.44980478804230456
0.5997015860684739
0.39495934226992246
0.6414382417202631
0.5487961064715934
0.49308074997397944
0.32074353562366
0.5392734852178342
0.5255856345844585
0.5988255603134482
0.49561213769402146
0.5852552024038581
0.5919773767451456
0.6344947190690616
0.6782808341554927
0.4259408205943053
0.7324738668008615
0.6729981721671201
0.6185991294580486
0.42077630727700693
0.6419901941626462
0.5680220967592073
0.49829584425828943
0.5746578711484044
0.44884751805344797
0.6255264464672919
0.44426365664298517
0.4173534718478342
0.5932130078709656
0.6690244901220631
0.5115310137471808
0.5261947751167895
0.49596282014742143
0.5427200696899117
0.6486591371668834
0.6665580563349255
0.6618617337790832
0.5623782303525912
0.6729737697317442
0.6219110628008033
0.5282761470570602
0.6753369264013083
0.6886523566842103
0.33972185443509706
0.4788692658280356
0.4115705697599038
0.5430543119714597
0.6411159473506718
0.4761590395443401
0.5634013848813375
0.6813523163061385
0.5000363418403224
0.5250191760163697
0.6307115298924998
0.618445001419369
0.3999441709640221
0.6799767726159003
0.6051042626114527
0.6512128080721928
0.5456486960664255
0.5129837429084123
0.7568985504903164
0.40323791232666617
0.6490504111857169
0.5743841125426373
0.5268157946622147
0.6709787802630482
0.6029213445349655
0.522984774940559
0.3483866618767556
0.4582448394795473
0.45242839686444747
0.745924426717016
0.5614063590904275
0.7517739067911894
0.5856590914693394
0.695443196772182
0.6091536319014181
0.4096690232509809
0.6376389783495715
0.5171191964125479
0.7018412704467006
0.6292200244953293
0.4023218958271901
0.29412014842354794
0.47570779619041603
0.4480391453255512
0.3727876970399503
0.5781477042628361
0.7902994145990666
0.6643317922455967
0.4476091586421661
0.3973895256367558
0.36040285420261664
0.6559546896080355
0.7511600339623382
0.6000136736641829
0.5646769984367135
0.531867591208173
0.4021166517259528
0.4367698830103203
0.542964517963498
0.6506865123591998
0.5565349083326406
0.382003716179153
0.4658252610096529
0.4384883778003099
0.6285931668122562
0.6937542081664089
0.393463826437523
0.6652175716786122
0.7483917189319043
0.4971311596779563
0.6747635680505809
0.6024317959610406
0.5514153369218742
0.5647932106567487
0.5787292557288901
0.4440041111439218
0.7580143847635312
0.559582801371735
0.45284136216645354
0.6147351475933817
0.5123714146687985
0.60677618052691
0.6232869977148863
0.647537568960516
0.483768854662839
0.5168906809730419
0.4940355380635688
0.5272150989033357
0.6394556566951568
0.6641598699062177
0.44542501235994225
0.5147532718826785
0.5970726994764092
0.4604476951140633
0.6490711682593944
0.5547624167863133
0.5652670602916475
0.5589551810108289
0.45200036036734426
0.6176666561702426
0.6965707550586621
0.6607292751031929
0.471545949197073
0.569285966750115
0.5480451850576067
0.5283063061085621
0.46048910228034595
0.4760937808153243
0.37228316160740427
0.7251203516152118
0.30025572401818884
0.5778620412985156
0.4716341049886119
0.44157624938712464
0.4708939719497689
0.48748635929512923
0.4485696535697308
0.4820495822764101
0.6859799313669861
0.6119156815883022
0.624758804003783
0.4809839975608993
0.5587961313981279
0.48615995190329175
0.48076878990435784
0.690689627192213
0.5429189645121395
0.4524537536635973
0.6696201228285086
0.47928707889865196
0.6119026622945917
0.6127400705958921
0.549655553488436
0.5748187549281626
0.5150675058831683
0.5820362093925239
0.5474241291250894
0.5683055234581585
0.619228048282402
0.5143960341473456
0.6407131267128463
0.5798308870522149
0.671228784481023
0.7469466225524167
0.6045450319986707
0.8306374305531617
0.5839701612789702
0.6008637704435077
0.6574396821294045
0.5122595210222656
0.591715703573357
0.44330013699525905
0.3836360447955872
0.5149336572699793
0.3523950678945263
0.45023548070675357
0.47939774389360423
0.5231620522356533
0.43895729958014873
0.31629764058119103
0.6592108890398554
0.5536489751465261
0.44928448074158744
0.6256383806002384
0.5849875013136745
0.7046147550816931
0.6393652963328447
0.720460281666666
0.6893347798816881
0.4310163743268873
0.5007971876649647
0.4784857173987548
0.45040002151093783
0.7850529657160448
0.6447231908715914
0.5148401805594341
0.4669588283952942
0.5867989775203706
0.629676979280104
0.7226658185055657
0.5594061008947279
0.724819135706558
0.6359679363169514
0.7360465480462165
0.501444490631063
0.5540560276632643
0.5936529837922802
0.5857274893555927
0.5391935655824438
0.520774540096664
0.3822397235742565
0.5489006501579712
0.7380834621885948
0.5774346609614133
0.6420508058305094
0.6259664646228292
0.514844344447138
0.5531774744846448
0.5623758869845918
0.41983619577048215
0.5158010096904128
0.44981897729224396
0.5796992052992245
0.5913456079390564
0.5939443745745161
0.46397419655782146
0.5068661457619088
0.5835167320664528
0.44041660437626434
0.51719543172584
0.5358987323490076
0.7042057721634832
0.7881774014309484
0.5169083737525216
0.4393216723798508
0.5221711447935908
0.4778417274407882
0.5138914165723112
0.43341650822187494
0.7465580782200074
0.6864006975762018
0.4848446439453835
0.4675094734547448
0.6389871541344192
0.47858120175097524
0.597805989837635
0.4945003764155017
0.48339577503034703
0.657128229354062
0.653803438232127
0.4102004670049594
0.5917623269534171
0.6480204180933234
0.531987354388401
0.5462880904750615
0.5423793093409314
0.5304264922895905
0.5999918746018984
0.6419399731181366
0.5822084455763477
0.42958077834847674
0.6754073392458619
0.45027358417847796
0.5372415541839143
0.5614152790600252
0.3661926785617966
0.6706641948450733
0.6305144108165968
0.7898804253379207
0.539963734397504
0.8314383766329356
0.45767495249634405
0.7538420508201904
0.7235354563782388
0.5072404340132767
0.6576623402660926
0.48185845280710243
0.5208363334499025
0.6736844195392319
0.5850748021709962
0.5937505803037683
0.41240384273277797
0.5993933403988929
0.574216069730477
0.4557635074427795
0.5057552775395115
0.5572222333708664
0.3756427881085973
0.5840742721402336
0.48363162374456325
0.44845879944353795
0.5299488363707832
0.5985106371188947
0.4723664594205926
0.553915252027777
0.7253686121243414
0.39534954268750144
0.5813555026240866
0.6022606585181152
0.5814413915701863
0.5858337979014188
0.6596236610552623
0.5190901859197558
0.6140663758012863
0.43853534048895837
0.7095764413095647
0.5523855001854506
0.6671452638894917
0.6251657929965365
0.48678184448273953
0.5879557343075881
0.410143129876114
0.5953523032260812
0.36762142866879405
0.6941483323664954
0.3164834400504053
0.5842626775491334
0.4738888614520304
0.4043250926353217
0.48536478303047076
0.37011558411985046
0.5526039008865318
0.49423668181506963
0.4997916093524615
0.47317127517669944
0.44944692502692213
0.438589741208524
0.4472235369463635
0.585456930070729
0.5416952613860011
0.5530158452094543
0.7299066914328898
0.6410197679983196
0.2020526971969221
0.5075021422277407
0.44776322843572414
0.5588780163652988
0.5368162742866989
0.5998407510632082
0.5841620619211998
0.4777564735744706
0.522829559248893
0.5760737185625162
0.6838532749088277
0.7618396990074511
0.5490354586660302
0.537139185908951
0.5197250110773461
0.6389727347768172
0.6553613856673038
0.49612052071697665
0.43131995223762937
0.4363117406582939
0.5165156302156013
0.3842515739191838
0.3830182418384484
0.5281445540684219
0.5035197178767673
0.6563944202481644
0.5810643694970288
0.5508211877580622
0.5274067548642868
0.5939778528597344
0.4653041531013318
0.5301803701921829
0.4915040995115825
0.5241000800486377
0.583934010520203
0.464642878558035
0.48464433132475376
0.7172372004069262
0.6375846228820263
0.567883158677633
0.5657576657290558
0.5278060952253139
0.553869198960531
0.6900031390839122
0.4903120029456201
0.6386860781176963
0.5568726530032778
0.5659223142009215
0.5419055039069908
0.4247082201766662
0.4976632043348004
0.501989714063825
0.6068907846466317
0.49987796157427344
0.5731855400113168
0.5569180146944025
0.5921269674661451
0.6840838042602884
0.40616126656134965
0.6168697837141743
0.5354496324131907
0.6228431701300875
0.39496779842187657
0.6631919655405447
0.38071823326421705
0.5792105555941705
0.6726977878588092
0.5160656790467985
0.6440227887880055
0.5629930229495669
0.5861250338001985
0.49689085076753503
0.5858658939026753
0.5753511655395296
0.528316979862012
0.7743457192255793
0.470534779091206
0.7441804886580001
0.5869726985537193
0.45470741693886346
0.5729847415011494
0.693156619292034
0.6430005386905882
0.4412350912258907
0.512280822554757
0.5320065196724513
0.6249382474316243
0.6583955253779094
0.6757442072218264
0.49876567633953406
0.6318216319512339
0.559767193567971
0.6706571359986072
0.6113457059826334
0.5069414441865349
0.6892406365384687
0.4798199010156434
0.43093611223707295
0.4084827638694081
0.593537246121004
0.5788792144430742
0.6159372147353226
0.5241901623891643
0.700861360330388
0.49073769748029317
0.5837195192336426
0.47225894390649314
0.5722354178227682
0.502873984031616
0.6286502915683354
0.6223461543041703
0.6687085170430684
0.6056740198659456
0.3553667924538271
0.5475679655794969
0.4837025176122545
0.4991386652885816
0.47621715258106717
0.523108574207758
0.30636641164706546
0.6598935970017811
0.5114669046569883
0.5443247449252779
0.43994451242875265
0.5350586610356916
0.4932421066660157
0.49884151622255907
0.4957872890181616
0.5803442675497135
0.4414852094148879
0.6710031392111706
0.3240699301473972
0.5775744867579813
0.44406623315826144
0.5805379840946765
0.46431717964009817
0.5419443682174048
0.5513218158058611
0.49649240148524904
0.6973568835436608
0.6453411205723728
0.5646999225321137
0.5646828403888193
0.47697491447404705
0.5334323401971
0.317821554503136
0.6149018574255226
0.4851190944625086
0.5888878642521763
0.42745081787751066
0.44846488622514225
0.5526890267401882
0.4786112643973055
0.5312564777396969
0.5595994051116441
0.49893316959749745
0.6508138045353592
0.3718864778064071
0.5718081295752904
0.6993944761562312
0.46955827011484846
0.5084461475002325
0.6565067916677136
0.529358547935922
0.41246853261618577
0.6987515312995668
0.2853748436956571
0.5851793761973744
0.5610087201580254
0.5793118863239701
0.7316176176451075
0.5392894168315632
0.6581393471081542
0.4760322968026222
0.6173993739990777
0.4992886956740829
0.6166419906197816
0.5334928892015142
0.5654674892668177
0.5417987883146138
0.6687806320966673
0.6309946185483454
0.4785227024077463
0.6569014685563045
0.6008025377608107
0.6763214532705699
0.47495924738519246
0.3660092942594875
0.36415329246361905
0.6307939362419988
0.49785801811256647
0.5424928108459132
0.6884021798343529
0.538910290781494
0.5365171893752714
0.5539418643778548
0.6648383941043507
0.5900369064990356
0.5599502932547952
0.5082372472525356
0.49276698904752997
0.5017783403125894
0.5216659202195089
0.6848047616024218
0.581950437942574
0.4825924077413307
0.3512424695645874
0.5408590235470737
0.6448949136802451
0.529843628531312
0.8197936937052024
0.6843042472000764
0.48123513492905035
0.6503549645376241
0.5223165891371715
0.43901157267077606
0.503149177355144
0.4199862134641208
0.48345325028008435
0.7791889848298978
0.5722353845717217
0.6537386881343668
0.5229251498371331
0.5693561208652835
0.7164407920144842
0.6619605449644634
0.4692608296462193
0.40751549201203796
0.5521959807195236
0.8158995637293305
0.5401068965894354
0.4794796913097855
0.668778395751743
0.7046994678036184
0.490091477820647
0.3619131014031345
0.466159189945464
0.6213808525679725
0.6467332955080638
0.5668891863190444
0.6066825010020365
0.5685073170041851
0.4753579709812443
0.4929119405113954
0.649282409320296
0.4963635827799186
0.5644424803992659
0.5156221985574462
0.4946717951819809
0.5378627373269491
0.6390734870795235
0.5150368049618603
0.38439613165136216
0.48681378893104055
0.37814755905094
0.500516904976479
0.63261017784106
0.5592061876110855
0.44166698684147954
0.5760702927110765
0.5067120796983823
0.5697851604974818
0.5555440581480175
0.49070482671721616
0.6511313242280892
0.42389334339943563
0.7115703968657988
0.5897178160785044
0.6406543782245193
0.49287131915603116
0.5642096315870255
0.6526923809627689
0.48580073054557854
0.5959399925331516
0.7380843587900829
0.6599395477518321
0.6549078682023827
0.6493955088950661
0.48611998786735
0.553786257335775
0.7058232826246361
0.593473565958555
0.5594585925321732
0.6049668594302867
0.4410903609431042
0.5381223840802268
0.6554321922667833
0.663111077578882
0.43496937455627266
0.4800221216703734
0.6397119731340994
0.4793826889443259
0.49607344595595476
0.4120871832007904
0.5644346852229537
0.4457279617999575
0.43408504605207776
0.6455353979334474
0.5007672773226491
0.5711815470730107
0.6257543438948634
0.4863056193656795
0.47666160112543976
0.5842032393028871
0.6318252108686738
0.5553011470190649
0.5702019887104024
0.4454743605138721
0.5340363763383934
0.3164916240351502
0.5446566191695067
0.46550189753290094
0.5311080986312573
0.5987601255721963
0.4517890884484237
0.5930917738897162
0.39510544089699295
0.5761169661212577
0.5430604214910529
0.6280976044804315
0.5381359333079453
0.5103712994392029
0.5922048741084853
0.627203658033335
0.4429567964673266
0.4781022607208138
0.4353206082925541
0.6184818554546547
0.623242304893617
0.5195884712014397
0.5373966306957072
0.4603614392402325
0.49192678268053647
0.3583143079816087
0.5746549490836096
0.6769244242091379
0.53948155332806
0.5636691037084093
0.3249332990657775
0.6908503219450066
0.6712823110831081
0.5971220558957069
0.5688125246222926
0.6724689148949738
0.5693709440431657
0.5810418705081075
0.4414893162266623
0.6403722150839039
0.6391609166789656
0.4982805955723405
0.629414383515529
0.6704774065319551
0.37218410165757754
0.4799394871591264
0.5665586974112029
0.4490485663451888
0.48700558541815686
0.3498651093816648
0.6865891853122138
0.6963292009542625
0.4300550819042713
0.6435376078262468
0.3973282660624965
0.5067207463079682
0.5360123152187869
0.48039664778444413
0.5735031617118048
0.5457718724696159
0.5949034572912253
0.5430708041454468
0.6312169201384035
0.4377951534872229
0.6698779389720387
0.6922872417687109
0.5831684051980998
0.5494885737631306
0.5013315675626637
0.7486986511837894
0.5742964974809859
0.7249929991223685
0.5248831279915497
0.5565959706574617
0.5453589063484201
0.5104431012061139
0.5787888840125792
0.38920706205463346
0.5734279841447402
0.6191053688653891
0.44691614842166777
0.5433321635724087
0.6787185539369454
0.6777259982063883
0.7749474218014266
0.699449151251497
0.4914357944530553
0.537765752706571
0.5521545274047289
0.6140252462895276
0.4843814813150888
0.7666226825793651
0.5146631033452036
0.43295873861980444
0.5448108897944155
0.5416852816876392
0.39686125723782717
0.5553133543677926
0.5157421800996602
0.5042221340078827
0.5285690379254514
0.5244842961648999
0.46509475507595466
0.6549070631808406
0.45558186018092
0.4761054482421751
0.6288644993887956
0.7006812563320265
0.47864960772859577
0.550073000140024
0.5844147636071116
0.47231301449325463
0.5608221082183736
0.6501518901064893
0.3034774930960954
0.5773098241155891
0.47421139745813984
0.5788062974402096
0.5047990104981365
0.4889902319689461
0.38844871705072326
0.7189388561194942
0.6748053170715864
0.6303086179034132
0.6058116582681151
0.6985860975527314
0.6319542535920125
0.5935800822391101
0.530888361593846
0.9495154007496656
0.6117199672650814
0.39120184204737385
0.7002452294542847
0.6641000146855466
0.5357482611731372
0.7753885914820018
0.5351050966881918
0.6501756248105925
0.5590626103794366
0.4968880280378962
0.5806882959407866
0.40993038696751904
0.6216432287654503
0.42178281635152737
0.48997779577569733
0.5297534877285195
0.6033411131600277
0.4143070362296044
0.5485498098107894
0.5483378473772257
0.5734453941437099
0.6247411583262203
0.6436252392188467
0.44667458097731405
0.48193260837379115
0.5596757232960182
0.6057519635693313
0.5102369786954729
0.2857336319156674
0.4986210153718825
0.4695122802766804
0.372864475765984
0.5915295413714116
0.5448281858962939
0.4933147099946463
0.4068501718922345
0.5370011606005266
0.6630300485611779
0.7663179848673434
0.5655036155311555
0.6384839289260595
0.7975979913362551
0.6547964982105527
0.5136136172106394
0.43643044069651465
0.6560881411222548
0.5788173269009838
0.5113633593855779
0.5063096597965998
0.560227216192881
0.8028632003252061
0.5296806744435828
0.564562088550094
0.6781876540829478
0.7394883322381729
0.5890632494942355
0.3669667479657528
0.5066969294328307
0.43902596477443523
0.532084110601036
0.6008555916276019
0.5540310621082677
0.5653769989301741
0.576851263143694
0.5543571692950038
0.5604396434596434
0.43392032869647995
0.4367860915915745
0.485682383309951
0.6764789499939712
0.5493855763713
0.5094396724153545
0.6352748499777368
0.49085778299075555
0.28729187029578296
0.46647794258471814
0.5739804040990382
0.4582132979986895
0.6592268191608112
0.5983124597401176
0.506931247108273
0.5217768932934206
0.6456424750886274
0.5936974643912829
0.6807604503042475
0.6506287529044881
0.6564976303012867
0.30747657958264096
0.5723365303956749
0.6703953147853642
0.49377042943203603
0.655153419864784
0.5771036416070225
0.506054979302778
0.6835588233999286
0.5322554753005238
0.6183695441958531
0.5970576929245512
0.6162900328222618
0.40864451050784933
0.5847894736825447
0.5267139306217515
0.6318911246673896
0.5119527938032605
0.44849903238994165
0.6978829763822417
0.6555055396923515
0.6799834810003423
0.6430994211647579
0.5569119872441323
0.6843378320323406
0.6856330931208268
0.5432546513721586
0.5380310515021173
0.4961979125584679
0.620970749224345
0.27242132591246665
0.6207437645230285
0.532569194056757
0.678029276509026
0.4278077624739402
0.6196400772951592
0.3909243952214161
0.6399758813793176
0.5809125335415223
0.5267564891012683
0.7168269439727091
0.6757314532204197
0.4478671470642172
0.6083897480534555
0.5557070524312109
0.5026327609491736
0.5854653105509615
0.5648398260007348
0.5258499879794547
0.45626566041606875
0.5078257563642036
0.3784974398602369
0.4477793067476572
0.4632328594292567
0.6907063065336154
0.5458243446584353
0.5837081555963536
0.6316453094154232
0.5994914240201237
0.57495487994984
0.3209303395216977
0.6128942529981036
0.443932941606048
0.6667371665380374
0.5187914015319532
0.5532844760129105
0.6406309387348422
0.4761784598288124
0.5137335389196752
0.6778667078807658
0.4240322031590156
0.6217373018404729
0.48488904353070494
0.6816770014342497
0.4128349930568815
0.5378350487493082
0.6861236675981766
0.8086383006196332
0.5462175773504813
0.6688821743775746
0.6076082207860011
0.49415165195792876
0.5077539494831572
0.564153899175953
0.5507455025368856
0.38263835734338436
0.464895476293786
0.5308185161623112
0.6244572567171589
0.5828739192023069
0.6226920083343033
0.6336084162875935
0.6999194800208286
0.46082875952615376
0.42841821604956454
0.5094285033529019
0.6737984308093536
0.45230783490964516
0.4908100003700538
0.5364638766740978
0.5464562387152646
0.5970750102132938
0.5820815326736271
0.48976458669432954
0.6003051555082446
0.5278008138916239
0.5219303477665905
0.4669063310683734
0.5908045025457828
0.5264794637607022
0.45147596933005407
0.4429014465397615
0.46307038057734184
0.5548881059521472
0.47149586747660127
0.5562189594500387
0.6712871478421669
0.6143778317736242
0.5202512077063997
0.514517924328912
0.3742683733966041
0.4435759685273455
0.5851935009073729
0.6485311416992096
0.4682476271803405
0.7300209364616986
0.6583296325525227
0.46880973042034313
0.7050022107136581
0.49911971200873256
0.5745742183045941
0.6634851859849511
0.44155814842644314
0.5680054430606779
0.5299276782943286
0.5274482214216325
0.6863250824286776
0.5203542351470853
0.6210182200791258
0.49797655995389384
0.6261383055882923
0.6438234516629565
0.420817117586909
0.6501194834924198
0.5325799129443847
0.6275897478862531
0.5277308046814028
0.46181408993157025
0.6092412226019689
0.6235927498343042
0.5137611855776995
0.5158607818375407
0.5848374101069257
0.6812066671660638
0.4878249872677096
0.604908186462261
0.4396026183922794
0.3440557934995833
0.4264859114653551
0.5299362537279512
0.6005277231946113
0.16954682440165025
0.5977602672800417
0.45787838025011685
0.779168273234905
0.5382359773060709
0.7310830834670303
0.5783983525442236
0.5515427226048335
0.6903326252281687
0.353986685403618
0.4825802723480642
0.4304672395411965
0.3873427487692168
0.5305298483760363
0.6160235236095846
0.6175406613849186
0.5495728343272889
0.5260204070958359
0.5379815330414055
0.5756554620215408
0.5450457774925423
0.5528974175692661
0.5745350321579514
0.6116672348789245
0.7091684741462284
0.5162710949955489
0.555671970771566
0.5881064815024479
0.7653115358469056
0.5522022942371545
0.3780554730294058
0.5419309155391963
0.437545072508253
0.5318058019007978
0.3871879236091178
0.599480883071838
0.5085005420046189
0.40800732337268225
0.5427415079244899
0.5986734754121644
0.5982112371806708
0.514711901335876
0.6274371393436513
0.6095766257696151
0.6504221545735079
0.5546343554217454
0.3324425115495906
0.5987822404784171
0.4653558112248049
0.5112623529524238
0.5916230416585508
0.47140154431845316
0.4033160943575115
0.6055329097575098
0.5070603090415677
0.5076703633693138
0.3519547390012996
0.5184284137617488
0.46221454841391374
0.6070283838137817
0.6097765464216605
0.5566247918800886
0.568704184064994
0.5511690008822597
0.38789903758462174
0.41973264632666296
0.7234224326684426
0.5651936428361813
0.3585925152963866
0.6229518608591635
0.6787495739556829
0.5178412096317571
0.698289212260242
0.6714544240592315
0.4948553451314039
0.6042922509214461
0.5809708567295061
0.6109244209787881
0.4762671239281837
0.35619455827321067
0.6215776523755124
0.5577107769404546
0.6388063001720007
0.5466286171430026
0.7801925647186818
0.49827673734418504
0.3140969079192054
0.5644208288056134
0.6547370112006455
0.5932610776855838
0.6343419341067138
0.6476199009263328
0.3698126132621937
0.43081593931730594
0.43694784479985227
0.6257573150085423
0.5204740096144869
0.6620914489364687
0.42573154993293616
0.5174579000271164
0.651088508660009
0.6928622357342145
0.6126633326105135
0.5151614734361321
0.4271337891800616
0.5344530125917569
0.4630894927646717
0.4941682527794372
0.3663969171517464
0.5475894705030449
0.41371815721853855
0.4801801877872382
0.4662689703484695
0.45628442781209816
0.6205627123142262
0.49300323585974537
0.6434231704430864
0.39185729258084456
0.6393759775033986
0.2872701405680503
0.706794128565708
0.5314126324208628
0.8791903154564827
0.6954155350086841
0.6618199416960788
0.5925293727877553
0.5115407933688823
0.5140789251801812
0.3000552237282481
0.7457892669356393
0.6415259144974828
0.630005557723239
0.45799686384474403
0.4167092837200125
0.5547561519140363
0.4976192602526956
0.6882166941498811
0.6630821785558639
0.7250230006769693
0.6118988582188009
0.6498571890513476
0.6633383476339062
0.5100906445746811
0.5405549041737713
0.47243318958319297
0.4259624072243497
0.6239684499014868
0.4819606078798185
0.41413396425727345
0.5721128451041981
0.46060177396532587
0.559514855544924
0.5841788845632522
0.6134781901664158
0.3838834137968128
0.8070331399275272
0.7862160483976255
0.5256005145976279
0.7126213704134161
0.48385196626512206
0.536975035310643
0.7329605357835538
0.5966004505890489
0.3904311087718976
0.5510415383316
0.49651821271575114
0.7070128979252783
0.5705304563423972
0.4683124592541835
0.6332320017165214
0.47502738813698353
0.7166667430404132
0.5171268082494815
0.5067961840021338
0.6268046302850758
0.4336342266094602
0.43964740794293905
0.6154713097264132
0.6694765136214021
0.6066675441065029
0.7646022348545473
0.7168756947158385
0.7082855068498308
0.5542322287670918
0.8100599318251498
0.5875464564531319
0.5434307014608353
0.4910155737761334
0.47511936636636787
0.6593364128533732
0.5338368613959609
0.5556859302851754
0.55297223960234
0.603986369975266
0.5032155231374045
0.5339178603207339
0.5003524644948556
0.5070892008053376
0.6219395287185069
0.7576060680551877
0.6240997095766659
0.6217155783123836
0.6411479863661969
0.6086588563565004
0.4254703544117195
0.601972251937061
0.6472431903922277
0.5128628923174675
0.5991670414669458
0.43934796754033656
0.5620205150862415
0.5080551142452882
0.6238932934881138
0.49186735235182505
0.4945074406514562
0.6393642884664873
0.504543842686629
0.6836603552577143
0.5204855640844864
0.36738668220420645
0.6662936067993641
0.663142707433654
0.4786038525240896
0.5016708109673864
0.6060021130327632
0.5330113708024055
0.4248665474222212
0.40357194862680146
0.8017546455023101
0.6223963139119767
0.3246347548634909
0.5178567572353934
0.46232003902659097
0.5102577231896974
0.9027940842026347
0.5866150126854375
0.4927226539841537
0.4980811785178949
0.7342050709660698
0.5238255517602065
0.6393416287446277
0.5966954210819322
0.47436496114362053
0.692807010910276
0.47593745135562954
0.44604354955014147
0.6519772008806898
0.46469746495893977
0.5072055009221698
0.537652408218199
0.5578210076524037
0.5556716589790277
0.6422691679425547
0.6208139899357207
0.35896551843307023
0.45726676990945203
0.7182572313957163
0.38483035813058664
0.3146525970299944
0.6201305252743856
0.6831075156186694
0.5834938281208584
0.7119021503938077
0.4437576263674479
0.46201762680801056
0.6095105000215781
0.6919053408766285
0.4958649430325461
0.5149086131452584
0.4599638444033513
0.5449130651259348
0.7772642846970915
0.7104400062989525
0.34305804287909636
0.5443257515918376
0.4712564437831961
0.5799612319148072
0.5070412563775302
0.4177866535824388
0.6874158868196643
0.3946750908333345
0.5260132786939496
0.6423210212515293
0.5625073097391334
0.7376668966878285
0.4719395148977769
0.5404304370670556
0.571632684598261
0.4877155352253762
0.5575098637769769
0.6129187110112414
0.4615818420181118
0.7123663598144336
0.733913642799974
0.5877921566241298
0.5873338184137318
0.5284557692137423
0.6924347707264009
0.5136529120146958
0.5669203718482891
0.689263905953681
0.5606819388757186
0.5816219449860263
0.642301901219036
0.4129968339119649
0.574394280585417
0.5663831046301532
0.5662516327972689
0.43816064268202304
0.6227064746356428
0.7157855578996528
0.6016833452282648
0.4706877522031556
0.6535964209619155
0.7613239856920974
0.5251103890048885
0.5696058273525979
0.6045056310870557
0.6839768756163354
0.6025628348987875
0.7042841924099864
0.6122810069634508
0.6681304016169053
0.5253619614487294
0.3871472042182016
0.3283985589815255
0.593543751132204
0.7028304372209466
0.47229169115866976
0.570173458262576
0.5348730069117464
0.5624208139353731
0.6682029331908872
0.3837952028565248
0.5621516317844566
0.5914715925829962
0.5144710114118018
0.6838937301166974
0.45836294630090235
0.6173181823441782
0.6759316052878062
0.7171624203052285
0.6076624093996572
0.5285941316531132
0.6419476057879808
0.5418388898206964
0.5391963728778482
0.4786020725549148
0.3401752606097969
0.6306167467476385
0.6105580053707934
0.27475152528044894
0.5246294185458549
0.5589532463139788
0.5266460029772092
0.6627547117980422
0.39325730045167484
0.25251517093651793
0.381100645969062
0.7785001573992644
0.6944633094559485
0.4585760959759649
0.3821772857127055
0.35964974143262113
0.6047542352557752
0.5572730425826878
0.685076521605863
0.5324705262653064
0.5222661226781994
0.5526794147376727
0.6166462129650125
0.5891539113596419
0.4623215829542848
0.6810305158434213
0.4509390367113507
0.6428985228165197
0.606791544761855
0.5129349544828351
0.6543764937102798
0.3655926838668545
0.49395167920851374
0.472319757045219
0.6604564012679308
0.34553808076731285
0.5753224075819319
0.42660602900098776
0.5938584182298134
0.40622613637675387
0.5574651265189714
0.43935270127931586
0.5288371630529424
0.5572980778920661
0.6514839270076013
0.49579241554394027
0.5830680364513972
0.6746486916629876
0.5994690713688714
0.46707822064889687
0.5940119963107805
0.661345344258596
0.59996353968722
0.777248515717255
0.5811738726985824
0.5025581962339705
0.6828308022340083
0.3964296249018488
0.5377525786501677
0.5151866205572793
0.5234398845752546
0.4086466034453532
0.5815281265320941
0.693846047304522
0.6850532684942844
0.7742673952046478
0.43253362720915295
0.618247641677746
0.44869804569749083
0.5475010037986356
0.554741117742978
0.6439597733643514
0.4200933344993942
0.5310648409090325
0.43656237903579254
0.5863405285947063
0.4735079790521076
0.5670114825574571
0.5326635645938325
0.5781070814570911
0.43489902050371937
0.570586707995451
0.5033088674970638
0.2811470527793601
0.6165970437026249
0.3533542931361422
0.6640123101413622
0.38655923752604293
0.4491493128206232
0.6483282180170039
0.3637282386225159
0.40677303112300345
0.5573877059076189
0.6354465423535103
0.46981767947892583
0.482900275988992
0.5402375715773741
0.57012060548587
0.650246221723675
0.7369456188033082
0.4937723800155193
0.6278860160096312
0.593247519996533
0.6278872586240264
0.5008860279257472
0.7491852188501967
0.544719115527523
0.4296867546560993
0.6852267915568544
0.5103193429937336
0.5056248253588436
0.6472547453676024
0.5907034152073029
0.5438192424055852
0.718608878225566
0.6814582708680712
0.6820960390890055
0.38714551515373463
0.5087828883539302
0.7667596323845177
0.5987864966094905
0.675851297551621
0.373543332503247
0.5291916207443192
0.614567377362727
0.2935855414311725
0.6545701932347606
0.42302226325985776
0.5786866792415839
0.5603782275385534
0.5486389953127969
0.5682155462945951
0.30223096121828674
0.665863340616761
0.676995464810962
0.6654538650576661
0.5627127690742915
0.49751611392633593
0.38275601710880436
0.48882617396283096
0.6357702590942511
0.6879870789248697
0.8061871755227925
0.34385427860854473
0.5473741949208619
0.4813345598384956
0.675056138547817
0.41097772000101995
0.6291060894038499
0.4429576658671509
0.47286474025439407
0.5678403796194987
0.5738744456931707
0.34882646335454226
0.6486622277775728
0.34949144326669773
0.4315487284497841
0.5795994208057075
0.8010306892736015
0.26817805026361924
0.5418908786094272
0.6260365871835332
0.6797714508804338
0.5111620889482725
0.6776244760125633
0.36265390488959887
0.7114070220198822
0.5585740291721355
0.5491681552645222
0.5916129277205783
0.6466950636435552
0.8106693192889993
0.38738617097197303
0.617706181072015
0.4443950112307757
0.4035938116774789
0.6831025615172919
0.6092887621802529
0.5170379861803114
0.5816509223844115
0.5542239762940342
0.5758517085991771
0.5756681057291558
0.7771967029054738
0.5318937883638939
0.30630546458768493
0.6103852020925159
0.5276734781924218
0.5383786019064201
0.706652579762776
0.43807561403024897
0.5333237828701037
0.5781373447356688
0.5747253436693995
0.6376490582751909
0.62864903192047
0.4522378059917249
0.4769165677879576
0.5199316647474543
0.4944877978823048
0.735191074878011
0.5545519030114863
0.528928318457955
0.6023565538964284
0.3262238824523237
0.48625401502393983
0.6504216650188964
0.6483100315851278
0.5192381343093806
0.4799970864804528
0.415697094359767
0.7093756143380894
0.5156315229820284
0.6664017366575274
0.5040796698769563
0.49683742847647394
0.6936823147162212
0.7186863353444324
0.4523772531660415
0.37277254729713094
0.5516160860693388
0.5577545441475515
0.5139184550118708
0.5883355436156263
0.5582246537019233
0.5625031863381291
0.7609610492715868
0.4198592794556116
0.6334171398455566
0.6896647682184323
0.6618084995910243
0.5961793222641233
0.5282950372491462
0.7673835551949152
0.50967642642327
0.6588061653771333
0.59827471165753
0.6387857885891035
0.5973326000784615
0.57761871221544
0.5594819949169978
0.4625183523224339
0.6477974498994471
0.5442781393676662
0.550946377947516
0.5515194690985631
0.525248687890345
0.3080291598555909
0.4662550697781109
0.5990269145172307
0.47705078044904015
0.48036434273406525
0.4272902828074659
0.6258512225411831
0.6490627283157863
0.582146333779571
0.5876879528638537
0.5549393013290829
0.4713330122744947
0.4562955108269246
0.6835497409739439
0.4910512783320493
0.6134092181232602
0.5452382435961287
0.5959460872065279
0.5018902762485178
0.5648292254189173
0.49324560100450765
0.4454415910095374
0.5942026166101153
0.45753291531038254
0.5909418718937033
0.5860553875940575
0.5005539961881328
0.5047789929192642
0.6167953298784478
0.5780358036478807
0.5243425305427818
0.5653750842390567
0.5358156928432899
0.6093953516194937
0.6797916127944941
0.6069919212156953
0.5114840257668142
0.5137385420791747
0.5032312856644781
0.6125511229204839
0.5471482988060183
0.5005768967500668
0.5507507894120157
0.503699942247354
0.48873181486004047
0.5290935790268072
0.4757021659109297
0.7421470867084015
0.492104160226708
0.6533367585937893
0.6767162887843245
0.5054151099779498
0.3932170251260396
0.507173211247595
0.6903700150380178
0.6998658202123125
0.490226365357006
0.6340635192977879
0.5773087269354051
0.6352607007454003
0.665660254376078
0.7365425113280646
0.33823216914158194
0.6197081721439035
0.6891559970818533
0.6381200496592032
0.6034468567152507
0.5494118678474239
0.5964212225503882
0.3657013071469437
0.49265745448873743
0.4005979090638617
0.6483943232642367
0.5666226825463814
0.4568399056144793
0.7067852593920169
0.6288768407924806
0.5861553119030961
0.6683528673579752
0.47491752049047836
0.6507262351500729
0.7505904082085998
0.5976225192657858
0.7545443521976359
0.3766524584747619
0.4248543327670117
0.7341672197438001
0.4963836986455116
0.6412407332735872
0.5249657967125263
0.6178317997147164
0.6219988118450429
0.6139614331770741
0.625201972983493
0.5317271710067825
0.4675896123106122
0.6274833748884491
0.44290272111150386
0.4901779006821707
0.6932610969479689
0.6630706288347047
0.5882382456667072
0.5280732680278345
0.4742112840775914
0.489687404762716
0.48320023055150074
0.4793284220069604
0.48851630004857727
0.488581202506257
0.4548492311934156
0.6114590427330335
0.6307661053071655
0.8958867277402487
0.6050862507793371
0.37400445431440504
0.4314960027136113
0.5158767861284307
0.5069875272375147
0.7224284054669132
0.38325442257342124
0.7365825538448851
0.5218845361403602
0.43333740157936634
0.5915592379006427
0.5988383538653244
0.6172853841215992
0.601438910616149
0.48924659153083333
0.6254422736461374
0.6477551582806703
0.5145397139077522
0.5892178975777738
0.6615773860838224
0.5500842688612021
0.6192211583454
0.5992844965256582
0.643136680912476
0.5522287095819168
0.4334060753810538
0.6116739767523475
0.6531032682370512
0.5670018171230337
0.4212643113949265
0.5629170685738238
0.5930314337248015
0.690383655984424
0.3591794639849246
0.5649066298945645
0.6562187947613345
0.5154200793550602
0.40264876829858476
0.48728404661812375
0.49490941678368894
0.4548514583351232
0.5047439178606595
0.30441706763620335
0.529963090757103
0.48037133771675017
0.5830045343925666
0.5224801057150615
0.5048218532210228
0.5420757553290668
0.4414147556337207
0.5576736277712895
0.4708012733602804
0.598215234947679
0.42622481062694195
0.6038591349961948
0.6293657694726745
0.4705714218446482
0.5071101436580048
0.3954810415007329
0.794200016445595
0.7072523207053182
0.5621051228395566
0.6264594378128288
0.610094346105424
0.53042279417176
0.632383672861189
0.5206292946785923
0.528472319264198
0.6947834038828511
0.7350347237813168
0.5727989745329599
0.43436255616621977
0.4216712540199475
0.7346043644012041
0.5061820022706371
0.4349994815295243
0.5610088909672777
0.5872612518622838
0.6718620193387496
0.4472150945371779
0.5310590985692252
0.5030566696727247
0.7033422919949686
0.5350524833105393
0.4878643109721378
0.5300188384291039
0.40377955981163965
0.4267269611122717
0.4334188594774443
0.7153454235353873
0.43815099300583527
0.5644762146799166
0.6749660507428563
0.5173818284612117
0.7189279569478844
0.7100560829017509
0.5548024478348386
0.6638856267227894
0.5995756001827726
0.7330966257449665
0.578886871528299
0.5003251151685978
0.37656773407511057
0.6030071963219922
0.5685422826975739
0.5858599870650633
0.484479333985806
0.533887628786243
0.5906585557514417
0.592076376117138
0.43212523533716635
0.4916595952672822
0.34430643730854293
0.45264572702117256
0.6578451561602141
0.6438343392456392
0.38761304342319547
0.48020406611354294
0.6104355172025862
0.6665993647881647
0.6135295573940939
0.34764126932604567
0.5443019878881558
0.45463436089510617
0.5107917833392313
0.5367880901511078
0.44245987470981357
0.5250459524609548
0.6485788349163466
0.48123091237543364
0.4341995193894987
0.5752513502275155
0.6415912400184112
0.482898487859785
0.592584593987102
0.38782684206970597
0.5778776159557154
0.5540534431560743
0.5560873425915156
0.5851741635361428
0.5376252628367053
0.668818057699663
0.6582385604356269
0.6492680694121693
0.6627993370279346
0.6403924976182733
0.412228698061036
0.4954288850686403
0.32750834187054956
0.577682599544927
0.40009326270857537
0.6456199180672753
0.5875159817121098
0.5333866588669063
0.5125539847390365
0.6631648631209311
0.5944190344120533
0.47916028740730443
0.46550798515044606
0.4199435291761435
0.5995523091825565
0.44788973492286643
0.5489994670059645
0.3807225206639072
0.7461579245651944
0.6235522561725781
0.4986733529814599
0.501066618798773
0.5600759004630812
0.43586127844143896
0.6204515175966809
0.6838772489500741
0.5254976375589804
0.7076146432481922
0.6227568026547164
0.39810189240096205
0.5949183185980798
0.5537641393053163
0.6259143202874631
0.6984783837393072
0.7872044661904407
0.3192155735716571
0.5496606541462608
0.3794944934425265
0.6093538084215354
0.5292937972429081
0.4613920378145154
0.5043780946426298
0.6381306724996135
0.632356778645379
0.4922035047202003
0.4755789893641629
0.5363380557060923
0.44511641535105445
0.58884794342611
0.3714271523370746
0.460245691605093
0.4825520727670944
0.487397870423276
0.4227200591642282
0.6261472541598915
0.6117444328454149
0.4998865488610505
0.4961681016635117
0.5190663588135348
0.5045203492216657
0.5324784980047663
0.4327995457274227
0.4482772093795956
0.7944484044888904
0.6458063096260293
0.4864671641569309
0.5010238043707574
0.5668629881596696
0.7732211440238049
0.4458441949561143
0.4180726937455236
0.4684868118674901
0.5451006234643854
0.6210175939065372
0.5899494565226003
0.7426024878763686
0.5618292460645884
0.7765731620787334
0.43426464259353814
0.5970729992589446
0.627958886651099
0.3856819310339653
0.23735840149927967
0.5455168669424904
0.6242827671130088
0.5803099774866541
0.46731221413279067
0.6372352590140643
0.35901730492011824
0.5342703646915609
0.6138619176283535
0.5060863902559007
0.5000053151063302
0.5706777880988256
0.5501902001873844
0.5030370489825308
0.5648403276053677
0.5917302861451441
0.4697481198518231
0.4375064110412571
0.5838165780391905
0.4416087865044461
0.3387345758649125
0.7137984541639872
0.6664102463083938
0.6287080294134464
0.6713508798550791
0.508709083616379
0.6938017157172538
0.6871017190026929
0.579810004598922
0.4208993914177317
0.44069942155246766
0.5953845201216491
0.38127711976694756
0.5040480317286883
0.6591165842242842
0.4920140578248065
0.41703580030142373
0.6041837317484298
0.6439644952297474
0.40480875766814717
0.4888578727807236
0.36067961563149153
0.6316631544462918
0.47447215024248196
0.5791685401662015
0.5879932419986122
0.6563437806843728
0.6612030212050232
0.45393881378563206
0.43654233511246043
0.579653139991317
0.6117221878037599
0.4825456025798055
0.5320144785459989
0.42987654570795414
0.34162992680001114
0.7453835965729294
0.4685451107908945
0.6426329471358478
0.3922735787848928
0.5777606487151148
0.5018129445047058
0.5614977553307715
0.6132633683040126
0.6128696522438731
0.5577412617921755
0.6804491365685613
0.5336262110230999
0.36502359147006097
0.5514241039775141
0.47454335219595795
0.4027122887374085
0.566131526017621
0.3715663346010025
0.6371391075095592
0.4834037700200418
0.5976863888594104
0.38839183462601445
0.6172760994369109
0.5482939093130027
0.5716944945504495
0.6048254578717023
0.5251493340913442
0.5964696175454295
0.49612471066816843
0.5937185998051691
0.5323021001019108
0.5160616822107117
0.53894618518475
0.4117325070428244
0.5626667996954586
0.5556493126181599
0.4257621129122864
0.6474972673714183
0.44760398293008063
0.5323033311946396
0.5146381991568905
0.6761983355447083
0.5275286246388616
0.5922472285079197
0.5661676157653244
0.5460195755677048
0.4598201571676724
0.6047282775318001
0.6781482654372427
0.7966026354057107
0.6247552767987875
0.5442466992392885
0.54979099936898
0.5138753874762745
0.5565890192360079
0.5238898299388761
0.515591795811196
0.45862113039769625
0.5829522421075239
0.44354003551301374
0.6215307683395366
0.33523961003646285
0.6029534483291128
0.5009779304505314
0.45564037920727224
0.6215362039909692
0.6235336484829113
0.5106917723600939
0.3153160428977004
0.5127743035927064
0.5394416624875548
0.46864706746771945
0.5215165408923388
0.7621786614273807
0.7785479211880652
0.5005827380244768
0.5446144308083763
0.5551517644356517
0.6965018412692594
0.7357540855062158
0.5673767347509872
0.42557202499184665
0.498155594970904
0.5053432614012389
0.370731949392428
0.6059840570064599
0.5311945928166192
0.5817586384001934
0.5172266948261267
0.5973461372408508
0.597295486948556
0.6072052790406157
0.5420565283543228
0.41121343050690257
0.607712981537507
0.6624085592407093
0.45594203509277176
0.4889395247911877
0.41608219922043976
0.5148382978549275
0.4528553628565614
0.5071655184073129
0.5420247043077865
0.5268120752140926
0.6263654952104551
0.5455665084046023
0.5378801502900332
0.524681006535953
0.6201762054975734
0.5295067209664117
0.5161866608226326
0.6132277963066172
0.5737451371790613
0.5761337293140942
0.5273976775374454
0.5807185441650616
0.9417251567660607
0.5892958687708477
0.42552845288761726
0.511009526779491
0.5582349057182221
0.5659979495171346
0.6126186517381919
0.6105339561076121
0.5553860685197514
0.4733669902806093
0.6864773807474841
0.5557874553679099
0.38433629433829086
0.30073429063891155
0.49009193865596795
0.6372634177981313
0.4601474166028356
0.6693167258140595
0.6701413394243527
0.59094916994868
0.583611326648495
0.523311614522286
0.49613244046902427
0.5296612266020339
0.5229384527682638
0.5321183435963429
0.4222475015495639
0.5414391611921181
0.6058426159485456
0.4976427658945268
0.5360050741046216
0.6873462200005142
0.5057828066432277
0.37723633795835815
0.4293129793417515
0.3724391776120276
0.5181142647053552
0.6067194080766991
0.6307258538515108
0.49451415549139516
0.3778748072034288
0.38327401776627057
0.5347391848027093
0.5838726431824662
0.6719896307303674
0.48714101135254023
0.4381819834231855
0.5921386762792173
0.5209098449010504
0.5664149639747253
0.5241367979451773
0.6390361587745175
0.5094821101429502
0.41940836261841674
0.5641943787691306
0.7833933650202543
0.38836580955784267
0.5991475474114694
0.6136967945615807
0.5649261907307029
0.5968065818092319
0.5317916910257939
0.48247108519729487
0.5888181780274147
0.5931576190913963
0.5114580518544056
0.6701200312935034
0.5228496323737244
0.6652828598895815
0.3710770233889052
0.8169521379752388
0.5149979961352992
0.4194252606577261
0.6465919124788064
0.4384340324225152
0.5286976452480442
0.5574852900209908
0.49054100581531423
0.5789981790718054
0.5497552068078215
0.5879744939476678
0.536329055155255
0.48640001301280544
0.5356263156988262
0.6476660873134797
0.5432244352943515
0.47192617852317914
0.5910814076228065
0.4996405321479679
0.33642067397356373
0.4627557663331716
0.6770541749369483
0.5486447330941016
0.5005416778559362
0.5140823036962388
0.5701488865380198
0.5213788364364765
0.6090284554968556
0.5797790136072346
0.5325334488143452
0.4742213727980767
0.6061914156654893
0.4210223281248894
0.65889960334573
0.5346395520048048
0.5944324925354667
0.5933584321855974
0.623515606701178
0.43234318048883946
0.7476910427946075
0.4237776986233147
0.46996349099959955
0.6249445169701594
0.7225163102111363
0.6861985235671462
0.47465476784928645
0.501916604658711
0.6307577161843535
0.4289565378044861
0.4707060868741808
0.4444504332325651
0.7064404792048992
0.5796185507691332
0.47626913793492986
0.5288728055202799
0.6209564858100849
0.7440940805197614
0.6575784961762943
0.38478275824902763
0.7377719308322653
0.39855062015069953
0.4675877857124596
0.6595583138009594
0.4488871086968306
0.5094458759918719
0.5267818930036443
0.5865887588525562
0.6671444995345259
0.6276731489059153
0.5032388411983056
0.5477526489341207
0.4669634024726599
0.5720023047844618
0.3788146014144873
0.5904034603089483
0.46082172544634
0.6079976165046816
0.6468394931961001
0.7748057391254768
0.5663459308820292
0.5072073359382292
0.4672242138718755
0.5333488081149198
0.49752623730634693
0.6834939190035602
0.8347015170673502
0.5096046193992991
0.7008099373012933
0.41018720143289733
0.47950621609453326
0.6776024431640049
0.6374702287438125
0.7244357882655983
0.5386296377199373
0.6059721964457757
0.5654928617693478
0.4978539602971781
0.719441152172789
0.4031361268206075
0.6836824207280036
0.38272692754353
0.5899894802066534
0.6651166654613547
0.49582507646789625
0.5992280950292194
0.33389224198531864
0.5436560812345774
0.5820897504543894
0.6775224760601471
0.5884306908072532
0.6206400493877849
0.39846954560381387
0.7115521457347029
0.46908671555734516
0.2992158510329871
0.48578870874904506
0.5786421006460769
0.3673259360747937
0.4286372458107093
0.42891074352579395
0.6130458972392565
0.6004937385578246
0.9073690835459749
0.6281668015496145
0.5137460594722402
0.5529931914064353
0.6181692624607913
0.43718009108207756
0.621270133901525
0.4454173313983165
0.57616772844009
0.4532653605903542
0.5186200212002887
0.6371008908494156
0.559215553567183
0.6151667059910494
0.6719054524847441
0.6145857649406091
0.527269707184751
0.556408509573382
0.5596148100671018
0.5996907554416818
0.4584850351188443
0.5320016602881775
0.563515243623875
0.49802402857815814
0.6042246600384458
0.5804742946848389
0.5065910660439381
0.7246777890469653
0.5492876749614246
0.4589634103883108
0.4597630837238594
0.40121952665156047
0.5410648332478786
0.551862681088886
0.3799792518996775
0.5364243864671056
0.6306788220987054
0.6922102191847321
0.536043056225874
0.7367867080597431
0.5448203735355398
0.3683895998502056
0.4844938909726245
0.6653893008252719
0.4640443476736124
0.5270435856026785
0.5630599017506266
0.5708778419611815
0.44994554880910154
0.5770103775645703
0.576789858898909
0.4167275017540731
0.6190133753419822
0.5200464008892924
0.4790205392240113
0.5371816235802126
0.5379671891465407
0.7367586975575047
0.6199712787049303
0.48945464845405945
0.5936710970381172
0.5836913097766643
0.4443193993816173
0.496333155392475
0.5223792333336328
0.4720479227344728
0.6224855061317078
0.5333475136252588
0.4968659964750476
0.4130910714059933
0.39541089567785703
0.5349621048090465
0.716179951015136
0.7989911689999946
0.6905292608209314
0.5449708209424124
0.46690542984163197
0.5346986003547983
0.4261445441315222
0.5564658231611385
0.5130515714391003
0.6402671447409146
0.8067972233007923
0.5792645613497134
0.680630785370128
0.5271531153894502
0.5971646214649774
0.49361879573550177
0.5163445106079161
0.46768056412174286
0.4357196520493189
0.7501491412715712
0.5737405870469285
0.6660436958021633
0.6418741592673551
0.508023357223595
0.5090657626974113
0.5138154695568007
0.6485316158651466
0.5360831116922845
0.6159396518049156
0.5344626153960712
0.4799141279567464
0.4879762748626746
0.46088274369064647
0.6228833530054817
0.48288613318207596
0.6336314090690393
0.759409773417552
0.7012632911441267
0.4542422198905679
0.5895405524104699
0.369995374478031
0.6157884961370067
0.4547778756938794
0.6441799674261846
0.4770312069302439
0.4440625450852328
0.5281266072045536
0.4476519269880761
0.6095358539695536
0.48345845664458365
0.5423865469643976
0.37873165617007726
0.5141646485994062
0.33733278481074846
0.6325894013345945
0.5557398421999238
0.7515232014178934
0.4913692230107385
0.6043429229381281
0.481028777737496
0.6520575562337366
0.38517858921381365
0.6429891181370093
0.4934547144415708
0.4325549921129116
0.7517073014464607
0.593740464484736
0.549816503683211
0.5865072103595743
0.6059346347261918
0.6103626857491287
0.5012379126190213
0.5539527734207825
0.599610911402356
0.7279286700258986
0.5465743044505971
0.5150458648414812
0.5479211508434463
0.5309426977399345
0.7036071697292782
0.5231281723680478
0.3910129582994034
0.6014963309815728
0.5895421332543959
0.6015395037220446
0.6715227577364448
0.47908705683139685
0.3908598474722822
0.7355298193071164
0.39269599097143926
0.6558655477303349
0.5122312269180378
0.4773901874123422
0.4834152236135353
0.5828014342024488
0.671594748930366
0.6037278006825331
0.7738442248892807
0.48123954676606506
0.5684806445947951
0.5686372834691164
0.5551344675473002
0.7396452402303177
0.611898743797682
0.7192668067593837
0.513432669370426
0.5295931779905665
0.4021217969774609
0.6290333801312671
0.7106089936048641
0.6720346650897175
0.43820903193459626
0.4337877258308198
0.6672367629365924
0.5913186482865828
0.5821059998635991
0.5557829493799062
0.6222212142584773
0.4061758321171798
0.7324091754442174
0.5666991947209405
0.5585915816213523
0.4581031015657089
0.43883816574726014
0.6476619409822981
0.41292281971012523
0.4108915664054873
0.4766235972026458
0.5278289572293863
0.4795278975273228
0.7105241575610516
0.4936752527328968
0.6178630756929938
0.6546726367249248
0.5437440584157899
0.5783371219786385
0.5739887343009097
0.7402468511266034
0.4618053194557919
0.4653947953855028
0.5702751413222464
0.4874676431092543
0.47414293215092607
0.4407006824894349
0.5630480476395038
0.4960498383567953
0.6114789158802001
0.5672085495796213
0.4283062299524038
0.6421855587354391
0.49617715442403904
0.657711050790005
0.5818566977709759
0.713411840961758
0.6897097626481263
0.5272067328045188
0.4205928704831203
0.5412521293102878
0.5778143579935812
0.7572921055350965
0.479558819658404
0.4944366236524824
0.5882143371396373
0.5007861088882823
0.47528900489991815
0.5187689981181097
0.46933680903665737
0.3120031189641794
0.7092761305403406
0.45407779689526584
0.5985017100693497
0.610315498641721
0.4339638657561979
0.58751382115552
0.6998995350267707
0.6502582386301499
0.6026375904003235
0.7116157189938278
0.4627587489554479
0.5626722571498385
0.5166623816448644
0.778727113058163
0.6017417540269389
0.3869747873369572
0.5275997610207261
0.6010519034704779
0.5694541171880797
0.5879478357583532
0.7522261939637664
0.44095584292519086
0.5111237569193406
0.4853090312659953
0.32887290003472336
0.8182412452268408
0.4967556637207199
0.7007109967285295
0.5454634662059105
0.5616595863136247
0.5445682597763871
0.6092521291558869
0.5444818929527838
0.6126150730353578
0.2858312706305801
0.5241606721670651
0.3260411791040213
0.6139291512398898
0.5194367241361186
0.5768527211193295
0.5788282300875726
0.6303190082544673
0.3916873272839706
0.558121106189731
0.5273633726145268
0.5957136657842653
0.5325453915716072
0.6289722982480815
0.4093435994384029
0.49563089069074256
0.6710448159637017
0.5823003031553592
0.5287475338332764
0.5505983815528448
0.48701093551824964
0.508123526486597
0.7454425625074856
0.5642281912231115
0.5342008674302712
0.5674219956887546
0.5358369266478051
0.7898144263521477
0.6754235996191049
0.6073817653577289
0.3843399009421443
0.5878466201615972
0.5537108352721974
0.5439888402731827
0.45284293084960736
0.7386036757836971
0.48506028260674877
0.5991075816109214
0.445687133142355
0.5906596984324309
0.5690679470600072
0.6219913180450627
0.5188736729441865
0.5729197811199233
0.3483916917207754
0.5742196295981016
0.5296234942539273
0.5892942710822817
0.433465576169501
0.514565635703464
0.6809220133685397
0.4117045072611756
0.3468398989439293
0.563358262014813
0.620687614061873
0.5239279980836792
0.4081543117781894
0.46700065043227934
0.5088987984014993
0.631369799640959
0.3762319206549231
0.4356992784093413
0.5938164139149791
0.7203263462306431
0.7471120134278388
0.641721982278975
0.5735047168169681
0.6260089145468537
0.5144808269186749
0.5875431538449636
0.4882541625724187
0.45296041058465
0.7033648782660177
0.5735822805936923
0.49760806509735916
0.5675857205857424
0.44193542464577
0.5909503130040413
0.3538194880257849
0.5056115930617384
0.575110809846781
0.4588120216375371
0.47107629925227135
0.4838311414360047
0.6358166359473435
0.6072397858213447
0.5540901000807907
0.5787195797528661
0.6834163977679587
0.438719064191382
0.5332257441668902
0.5489881559948965
0.7747874093307886
0.4734871791905507
0.6631532383934844
0.5281738952466272
0.48668298708118857
0.46174050711733644
0.4867093042120296
0.5558489105826379
0.5175164388393073
0.3672093087087792
0.3938426389996397
0.6470350503054058
0.610670477811391
0.4805521306072054
0.7494299727133014
0.5284139662583963
0.47254327217278047
0.5127494382715497
0.662251406647176
0.7277742943612086
0.6544331576067187
0.6070213196816076
0.7579628830388637
0.5037720426946364
0.42161503310425374
0.5884291192635451
0.4739341756768007
0.41774418922000267
0.7253840697723839
0.4808731131563706
0.6508957856139104
0.3845054914247086
0.6242377707841686
0.5483847554305695
0.5865803551167532
0.6026595881892873
0.5145780859825135
0.45601644091723237
0.612953213088037
0.7730627319763811
0.5540450812426396
0.4509147919543088
0.6118133792515111
0.811593171429506
0.5793191933280057
0.4795087600009379
0.5543952405186989
0.606018568312412
0.5656344453819139
0.6334427718526022
0.3776188711399022
0.49579174598362646
0.6440272423500611
0.4778211767179512
0.5826024213853075
0.5861632402753347
0.43372083011016743
0.5889497593447421
0.4610710221000862
0.5166611781767874
0.37467960088329955
0.4959414010172272
0.5445014439587116
0.5558112404429321
0.5516292119219921
0.6670693077309878
0.4186577101533969
0.5986523475143395
0.5142865084986625
0.40136015684050097
0.5677591108955876
0.7506340314088428
0.5638031179853316
0.6547846526144459
0.5940434352472398
0.5429252444708618
0.6373090669352102
0.3937898452080303
0.45821240243461553
0.7113192252333816
0.4686902343791765
0.5354751041743536
0.5629927390470042
0.5623840400220558
0.5715096234336724
0.5614371365998063
0.5513305752004504
0.46429203553892306
0.4501220436977584
0.5458861197970425
0.4921222321404707
0.42553365063575554
0.4053445212229715
0.480247942367871
0.6571973400349187
0.44097458854837773
0.5793513170183174
0.5160771279314531
0.6623389030215131
0.49086533726755993
0.6352904726157107
0.3418251645188173
0.5248266843741586
0.5694822398169664
0.46942992145017104
0.5960218851010022
0.40713172341806847
0.45779842257829484
0.5589192213469709
0.6431372286595336
0.5229544858974403
0.3188243415097932
0.551574003620752
0.5801466699730221
0.4296412417101026
0.5683319772814921
0.4698234493029243
0.6072592060057826
0.6927886227742505
0.46499241794757934
0.6244559754659323
0.6731753821795222
0.7012122001812935
0.44950239932674396
0.6447242712876077
0.547432029842847
0.548466030006486
0.5934699514392021
0.6789895165641217
0.726729396345443
0.5349397212586731
0.5758624460840182
0.6239595101681669
0.46779140486693815
0.5099495379050297
0.46904480917840863
0.6142920288069637
0.6196904554923458
0.5496131163539124
0.5612084016662618
0.5769029580253444
0.5562852919923852
0.70331342194217
0.5783091680668985
0.4002772509441145
0.36050156062406385
0.4178538892121151
0.43343709385546486
0.6274445297849098
0.5074387245587468
0.44823579290870347
0.5697469374247265
0.5702355915483187
0.7276980194262785
0.3834802074161813
0.515897010530172
0.6076237788291312
0.42291568752613884
0.7329348187647043
0.449500265874339
0.453139329926491
0.7170403887397971
0.5498736231923678
0.4607863052768352
0.4751555436643184
0.6258003654890071
0.44606204198693966
0.5677240133864491
0.42267199972763536
0.5412599719782661
0.6554993448587669
0.5998400937593488
0.5750623451272211
0.5627873833790881
0.5780134536359922
0.42905767321101573
0.46090717749383214
0.6368471003876535
0.5505407231947609
0.4816478135674174
0.545236803537874
0.6082769345627106
0.5956429549285448
0.5924382994693145
0.4184139669204019
0.7874909315704606
0.3080267767543956
0.5323514382209336
0.6200622706907079
0.4531872593650212
0.7318054837523651
0.6666850795952777
0.5440749137920855
0.761365560226568
0.4197070933423268
0.6052700368524002
0.6433589721357773
0.5289194252887138
0.5208218936580132
0.512401292408756
0.7161076012273095
0.3607203892358957
0.51760641841994
0.4126821153746486
0.5315984322923387
0.6049342988448256
0.7155176977274089
0.34033734447997466
0.701946623406844
0.6147587663852242
0.41450348021963085
0.655873673838894
0.5100873671772383
0.5795059090550018
0.5881270232758686
0.600219578855265
0.48647041987683237
0.5453742720640317
0.4386012442948559
0.6523227712022254
0.4096237188429068
0.5605400373939786
0.5878771850174032
0.7092593278144402
0.6930324874614936
0.594535811358398
0.38672437669094956
0.6317978100993391
0.5148806621256768
0.46034010963140726
0.575282687978107
0.5416534303402538
0.7070193075893729
0.6774404212458591
0.4769635301461328
0.6390440520505005
0.5873894656718602
0.692931152697107
0.5091089889944358
0.4543872013870374
0.6522699952262573
0.665589153024504
0.6197633286268994
0.6157252193627246
0.287440349628063
0.3251944762845195
0.5789585792626313
0.42931977928789744
0.4749547511106703
0.6485150952965657
0.726698111265248
0.5685561403226134
0.6696946603481846
0.4095114693795414
0.6262023690275565
0.4913341805796035
0.47934825745083137
0.44940901769477903
0.39638770453717576
0.5548435938754388
0.4768064788879016
0.6524319221757069
0.5379149829754372
0.506202093434067
0.647016013247179
0.5086870849628152
0.49935306700443166
0.4800132775092625
0.632144112748912
0.5126479678192802
0.5272630920165693
0.608098063124095
0.47393585750869527
0.5064988237036909
0.5174466060823371
0.6017591883681456
0.6074065929103956
0.468438216725596
0.5087859255463991
0.6128776505816642
0.6161308540332746
0.7047759775434851
0.6355553846132607
0.39088655682661355
0.5827077942553912
0.6264653917198935
0.35652577618059844
0.41633515357148243
0.7321052521396714
0.7969992495152893
0.625512569584628
0.7215431373049035
0.5713294437915187
0.8678254180503056
0.4903834368228147
0.4003214565907949
0.582841851827989
0.6462768734998343
0.6427476579824609
0.7029546956324463
0.5030541346176243
0.6184783354858433
0.4504274588932946
0.5302040372149622
0.588505527244575
0.38906231323171186
0.4969424216151627
0.6269921581051467
0.5875541579656824
0.5070695080986921
0.559803644416217
0.6114105502624343
0.564502661178753
0.5888181470738796
0.5881279603828082
0.3716489453661812
0.4474370941294387
0.48215338895856463
0.3394591349196043
0.6826345093957548
0.6057719982391627
0.6143378760867148
0.4849302531075775
0.3785064481432572
0.44396354606713717
0.518834901255702
0.5718152467631308
0.7942356336170507
0.41522002911359857
0.5868684269331814
0.5898309528391017
0.42370355680279626
0.5137341481356678
0.5326922153506382
0.3468030871395942
0.581297095347535
0.6070005356137251
0.679207899556413
0.3817669342321254
0.6925699058480592
0.662424191225414
0.4487780454760787
0.5012255023800393
0.48324117485105655
0.5410746759475888
0.6132575883330857
0.46603941866916343
0.6243034356800029
0.5307068565669296
0.6392169794297397
0.4163452783804784
0.39826136757872815
0.4300490741831573
0.5974316053929757
0.5521835042080532
0.4842073686311399
0.4102941000130677
0.7338804836450604
0.5775616110120706
0.49426435377112893
0.5767078357997395
0.48047527263086137
0.47256479097837467
0.5322317246802948
0.5734220755641527
0.4605309000850508
0.5165620916822198
0.5234669375589707
0.5745283931868518
0.5564915367658071
0.34412329735709085
0.7648524152367755
0.609598966163372
0.7161490440485142
0.6888840562179062
0.5925291778625797
0.40690963089459464
0.4659899778185849
0.5426800012957466
0.6632026035053012
0.37615048659799843
0.40952740937503884
0.5453227157484892
0.5910486959435848
0.6283314043927395
0.7137083797036535
0.5632553192052183
0.6697292459675612
0.6236222949632408
0.5981794595555149
0.5547966060968978
0.6916622117398008
0.37034727745987583
0.5863941887384511
0.6045507173341614
0.43655836452050256
0.5662155694962896
0.3728058425990741
0.5440415094544274
0.6500965175088439
0.49809168362954015
0.47138251453467306
0.7701361281457682
0.569392011395711
0.670867908568711
0.505534005984738
0.5843894811943549
0.5236234360365243
0.8141345433527327
0.5348256633693015
0.568813661538973
0.40378030617965677
0.5271682377334067
0.5013390129936914
0.5422485995758309
0.5592017351413381
0.5843747663412143
0.4645905463537023
0.5210267262284594
0.6179156329535559
0.5342228708930418
0.489629737299515
0.575485544945441
0.4329039733127074
0.6134949908898636
0.6221704394792459
0.6108572730177846
0.4488628349648031
0.4414789865962504
0.5136099515736564
0.5973628167490458
0.5394742291691148
0.5774066087906997
0.4852130242067852
0.39416385608684273
0.6891024921885123
0.5080604713106732
0.5175938314201544
0.8258503525576271
0.5582365515148505
0.5781881220755005
0.6342511606715577
0.4518106972406482
0.685900957983007
0.444185950586098
0.5763628427624337
0.604542190689287
0.7402490341375407
0.5871625718959337
0.49878605865154235
0.7384080298403256
0.5852366520523409
0.6672421585420412
0.4093894334026349
0.40329620751855955
0.6177153423458012
0.3715948225074638
0.6183960433379585
0.4625853752437308
0.5751963357626185
0.6126931340562399
0.4609512011369833
0.5172217408041875
0.5202646880763155
0.4224701459821667
0.4384211169048547
0.48903550443047705
0.5154442157647218
0.54261530242732
0.5265038976256964
0.5363826952900299
0.43320040258797693
0.4256087193078434
0.5409182730189628
0.6772893321376814
0.6464961209008596
0.5657454141508318
0.612204004348098
0.46663056167144523
0.5185243041526426
0.6063784007972114
0.4983697369806547
0.5937149068105443
0.683980867954938
0.5229038029962371
0.6833430093292647
0.5484475066087815
0.5073062920900056
0.7485211600869943
0.608992004596168
0.5886105260640508
0.553438302467398
0.4244762571657268
0.6429490512552
0.1998268837542725
0.5446144423087566
0.6273267820475176
0.6357648651188064
0.49550997271582686
0.5067663027055475
0.5148746669874672
0.535901845366085
0.6415608552759726
0.2919083127852307
0.6899915826916505
0.7437891902130227
0.49967325542521707
0.6723162849030181
0.6421690553247282
0.5014920764931705
0.5305034852379444
0.3557912648302064
0.5770049558099267
0.4506885863553092
0.5223429985578524
0.48845716933498834
0.4644702938908007
0.4949872926579224
0.8188471526027915
0.6423837759755708
0.5726025075281627
0.5380645362945742
0.43506121350054383
0.4985249733405496
0.38261515902599974
0.5596086260782496
0.5192559293142761
0.4018235468495188
0.4912937501885687
0.63455416723279
0.6137565667210266
0.5465920942227167
0.43334898584976905
0.733884017238438
0.45500851398747194
0.41494960812720993
0.6037265462283734
0.4099150282383759
0.5503366153539592
0.524800697599749
0.39658118261626074
0.5364165030421784
0.5050242238558671
0.5894054852908256
0.544966514936072
0.5015470562034077
0.5562669841736148
0.43604136146594374
0.43292364103131414
0.5711602838037705
0.4498197444859831
0.5665210271363005
0.542134048348523
0.486886690971187
0.6507998455429461
0.6475286888535887
0.4432424302572946
0.34693393583438303
0.48853987661287007
0.6541294381390872
0.530211275207323
0.5579209944001495
0.5906138959115411
0.46228695879193415
0.58759725746982
0.6418833232964134
0.5285354659572857
0.6257268149936784
0.4559007091141832
0.5140758873000336
0.5490674418548817
0.7521367775681291
0.606762024687415
0.475953609764722
0.6750776019675668
0.729358338541583
0.5321526657443324
0.6163702915801849
0.4725607911740018
0.6581664809779473
0.5866031288906979
0.49856216109901164
0.48357724186689877
0.5990001571601277
0.4949565558671992
0.27121826258629816
0.7039465604636437
0.6578550678242024
0.6200614444754153
0.5022495692685174
0.735233810089472
0.6014390775423554
0.43052940092674763
0.47395619977842257
0.7423056857530732
0.3579147179649145
0.4796948396182089
0.5841929202328399
0.49417575072122405
0.5014500212930113
0.5593714379022653
0.6438997372599418
0.744685458569588
0.591686746464139
0.3712385644660402
0.5867009782795364
0.462950737153321
0.500062187951828
0.6126930742158019
0.6297397716473929
0.3478610357019939
0.5212033638532706
0.7029081469386949
0.5804441607469649
0.457960251229764
0.4147330535307246
0.7222118737322811
0.8339030604584008
0.6209887879234423
0.501556119114615
0.612987987264302
0.5131224000338928
0.2817194825749074
0.4332580226432537
0.4656395235469958
0.5449068355519048
0.4377057408808567
0.6481016797740398
0.5562823349766732
0.5255853023359182
0.6523472488220623
0.6071397625215716
0.6378232324783376
0.5462988895823809
0.6416242057326431
0.664395302414775
0.5268489942661704
0.5445300547750713
0.4794975083141241
0.5957019936840032
0.4760389128228684
0.624734976514578
0.4887464245199482
0.5187596793113355
0.6972453925032382
0.4019277177623824
0.5831187787914573
0.5698675909948705
0.4152743653142662
0.43964124994157294
0.6333154662615498
0.6547540357018978
0.6183423340762461
0.5496354227094455
0.36380389530736906
0.5828145461917645
0.5960754519135241
0.7386437878440527
0.6309465057063783
0.4630561096042972
0.5145344238920835
0.7596227824199059
0.8320915446523054
0.6280188725028143
0.5631331542654067
0.5018719480552658
0.676575357226398
0.529817727551307
0.4036028951284619
0.5330400209241621
0.5605087211736441
0.5480727497459794
0.5465660527477681
0.6263453505744835
0.6392956193934954
0.3097324409891562
0.43047469589818765
0.4846176457267649
0.7772832622837785
0.6797281159288567
0.4535102175484743
0.5605774460030047
0.4061331471192577
0.4271634771558531
0.47874324257223266
0.5458204250120486
0.5304763537017129
0.5385015115385338
0.667483464999899
0.47856500468196445
0.5840485487975561
0.5134232230972486
0.48471972616281367
0.5596537444211213
0.5586359883013715
0.6531777578557276
0.6317676096312556
0.5643780957688002
0.5016410384000473
0.48160129233177984
0.5713131170138263
0.5769955366428164
0.6881838334464614
0.5121657111110629
0.4990512154830717
0.6051944031992751
0.46538723313613733
0.5057068776880562
0.45683675672754764
0.31293183764042726
0.5329796733314253
0.6676866660973692
0.605443676669687
0.7767181582466368
0.694208265586411
0.5886232272137977
0.2724470492219466
0.5719353105545111
0.5042890786519562
0.512655556479181
0.594946104502507
0.5767296651442273
0.564245043266722
0.543367581849419
0.6162131781557292
0.618668195636451
0.6153427075270019
0.6499918420782321
0.4778287393736796
0.3706664619643998
0.7259703247002408
0.5957608927138248
0.489786786106208
0.5711980817515032
0.4932858465953088
0.5880244890607528
0.42217245041468787
0.4374465180719765
0.5171984117111945
0.4170222892716401
0.5301045788651996
0.5033110187422705
0.7613394573490923
0.6532906220113632
0.5139400148463092
0.35819741397686833
0.6198846558825466
0.33756831741870696
0.5972658056820116
0.6200006125610813
0.6775408227323986
0.46600995289560165
0.5504982121938898
0.7502052417395026
0.5847983586318718
0.47396025319865026
0.5197280181707257
0.5800630759189614
0.5993948143397315
0.5255414936959967
0.40928067014803493
0.6649028615698835
0.34611236127757017
0.3951476006135215
0.5183587800633606
0.7109658051274457
0.546709276242795
0.550834143666043
0.7880120764837859
0.518863091678856
0.4736457573785071
0.6836317373804536
0.5982328579104821
0.5638624231887389
0.3757813374399853
0.5600464315615671
0.584637961004373
0.6114297621209797
0.46387318835272195
0.6027116897972179
0.3796508773927254
0.6913773190697579
0.5669450561362158
0.5929479999554813
0.7002970898191011
0.5517710601850507
0.4895274958611159
0.6027948537777131
0.5635966455211374
0.4950633114453663
0.47560654635084143
0.5190291743943808
0.5389489738379842
0.5089986169241951
0.6459292225183926
0.46770084763827346
0.42007340309502583
0.39291580774488166
0.6301349178439084
0.490766144907992
0.46220261372062216
0.419460108856647
0.6912176990532708
0.367675969284311
0.577407203700689
0.398250973773279
0.5683437916373598
0.572447373001571
0.6071968853247517
0.5823288825032928
0.6039500283082555
0.41188372691757136
0.4568330530137234
0.6405587696345467
0.7657183680305573
0.5003902051341316
0.4767330575279962
0.4196705610552979
0.5790700477480192
0.4256458594293452
0.5192336656174669
0.5764353328557149
0.5595785553277653
0.7406238846047076
0.5692840907531769
0.4935996470702373
0.6145533486499911
0.5959982878395709
0.5481477068016626
0.623184782184624
0.31273760943947265
0.519623077450101
0.7322151307268124
0.653043987482252
0.5735919308596537
0.512102966385222
0.47640434654382063
0.5590251929629647
0.47862803899175577
0.5842605243956256
0.5697682351584141
0.4477701775071951
0.582612604642075
0.5828166308798658
0.6406869803017039
0.8660645575158956
0.430514857079769
0.5187625560447421
0.70973899521431
0.6372019807064796
0.478280946748172
0.6975726447791648
0.4055711296102811
0.6106874868725704
0.5802210844786885
0.5043386744259497
0.5632843081980226
0.5845259597407241
0.4136499075029044
0.5174597848181599
0.4769855187911198
0.6828073124242293
0.4788223433321553
0.5687605265329496
0.4885746039100881
0.7193918794773039
0.5145602601361186
0.49960148624968626
0.5645023648558097
0.513743848874801
0.5723810981227936
0.5035891497976785
0.6532442496582632
0.554500430179019
0.5818772512353817
0.6980209612434626
0.4845261399281344
0.48982477728143187
0.6693911464468663
0.4816413018351824
0.4260777054913387
0.7671622185447814
0.5121712488920264
0.6438146946246502
0.7759160904384922
0.5970483651283423
0.6709755865880045
0.641969044679362
0.5875414940267476
0.6084955501169775
0.6678064123684884
0.7689054886833987
0.6938751095910161
0.5086147317081127
0.5633993909850757
0.46220131359837746
0.5904569545848095
0.6296723548496452
0.6271167233115953
0.37122440945986346
0.7005183589650925
0.6401646171006594
0.7662800471092444
0.6032870128561828
0.38132427914871597
0.43230861635840895
0.6594721935592298
0.5137401455710564
0.6435297181333239
0.6287068511638187
0.5286991229142969
0.6211375747214236
0.5144522517218686
0.3728164568146796
0.621676871673919
0.3946609183845445
0.5083292074798436
0.5552772219038802
0.38068174471105587
0.696716344337358
0.7260899482475169
0.5083461420746342
0.6817394404214207
0.6130626905425608
0.47937204169311676
0.4983157987424231
0.5830911359190969
0.41559173206474675
0.5812002027732631
0.5106884294325839
0.4890444510524288
0.6314086602243713
0.6517473234220655
0.6391576235138267
0.5585093489078518
0.4284513122900259
0.6867636265141457
0.6427198361945478
0.6058831668091611
0.487412578103791
0.6565146887198791
0.6048356243389776
0.5479956745758683
0.6852641210309918
0.4326443952710231
0.372683924119105
0.4772435964134074
0.5046078635660611
0.6450651752726395
0.5461668474872641
0.6210969802790104
0.4544560098234762
0.5361719905986392
0.5997664975499023
0.6697655859283652
0.7045386774742536
0.38666331927870357
0.7257332610845719
0.4258799699981336
0.5950389125857732
0.5625059744424706
0.4623524001494279
0.4545034534270913
0.6035169790448458
0.5760184185307468
0.42096035146670363
0.5593935796272753
0.5516663578663252
0.5231396961664486
0.757204316569841
0.5234417761141125
0.5612991119215099
0.4808853699706177
0.616537132293787
0.608302736906834
0.5341578500913116
0.5204545270073966
0.4878533035799044
0.49867488758140555
0.42660143392899386
0.4556701509509152
0.45196483086478634
0.7037917897692887
0.5422349526148958
0.6459855664276866
0.3743904600067489
0.5956299615780236
0.5314572787150451
0.39386143834406395
0.5434190105279258
0.48846096457628263
0.4942604405928355
0.3527646452965977
0.48113011316541343
0.4619177672486853
0.7015665621662116
0.5572096821683019
0.6378072025675207
0.6530308524696344
0.5406439911353598
0.5876672547261227
0.5901011707341411
0.5281892590688566
0.6144040247504305
0.6373251050577775
0.5968887358401563
0.636293211434388
0.5199861319972737
0.6398831387409829
0.5975449840783539
0.6021548986654335
0.6514396424366844
0.522285372448313
0.6277418624615477
0.6237747644791567
0.4582751907203744
0.7667506485088635
0.38507689288024
0.6761034031041518
0.5634251813302125
0.6636601970553379
0.6466321779581976
0.5676471985275086
0.49557617735958265
0.67218089588468
0.4447247923176306
0.557367981342787
0.4987340155334102
0.7262040982233086
0.6438363270527288
0.564850647680092
0.558312976627957
0.5304768364915087
0.5513865877620947
0.5058513775034807
0.5216613146169891
0.5607038176959123
0.685039619385288
0.6930671378758699
0.6300477713778818
0.4970789758363699
0.6268406632889356
0.7015467918205336
0.7185595198477073
0.5603037467255471
0.5981175172521109
0.5123931203901069
0.42454253555005295
0.5295066307322008
0.5744396353667995
0.48771471732118726
0.6865744604542436
0.5424609699839629
0.34407443726525244
0.5192383420663019
0.4199597318381064
0.46518547000905364
0.552980140061973
0.5436038172017579
0.48130547151193814
0.5596260034150775
0.6075069001214851
0.43178588480248153
0.5424012677495501
0.6444209013491591
0.6963218596496711
0.6043841009256428
0.5705650688643159
0.6045990239839987
0.6921282108433511
0.5673700826661856
0.5887698159076616
0.6343738139878562
0.46348443724074667
0.6232059061588621
0.5557408896820532
0.5968707348191267
0.6314908346125403
0.5780390720510556
0.4653790871812082
0.44542490404547475
0.603195739073335
0.7059564214182846
0.4859599389951961
0.5501992271539698
0.5835551183819695
0.41916875321143987
0.6331298639296206
0.48483617407109997
0.6230711457532178
0.7048611253109097
0.7289519922921934
0.7040594484334664
0.4226309492374084
0.605408350426639
0.5459913664123817
0.7102745905845881
0.43126475521277763
0.47944207619567936
0.5884146173359069
0.5314300012054103
0.638020745797503
0.4485729855639713
0.5743105374241132
0.7048868787461376
0.6870938985460129
0.5682879942202739
0.3655567739849459
0.6052848574079134
0.4879878239324114
0.5538150444902659
0.5894243400771948
0.5927980851243437
0.6469110560175421
0.38364316168274276
0.6299265953241022
0.5787435807232627
0.5338740233538181
0.4868643432358245
0.7331552864464148
0.658202462819068
0.5781369252416926
0.5936891919854733
0.6258262071398973
0.594164168279123
0.6267351088764247
0.5510180783401374
0.30421087797127366
0.6256859072042328
0.8592400803131752
0.5280990956971687
0.5640478967347756
0.49384579564930586
0.6219823921740466
0.5766969738541061
0.832323794025879
0.41500269672014795
0.806527651996358
0.6198138578989573
0.5419259769844734
0.4370895531946905
0.7533636354880785
0.4424874591504092
0.6228996148525922
0.5221826500962595
0.5922641109322258
0.4883868433397856
0.6914930111403628
0.5654418387287833
0.7386556062507414
0.46020461381959327
0.4550828843325407
0.5614864304574599
0.6730385799057121
0.5727205628681767
0.7510156392148519
0.4389807518976361
0.7071144431535803
0.4805042713898666
0.6147885067861903
0.6611239889333687
0.5252156888782509
0.4888457294142589
0.6263565911743122
0.6492532529011691
0.5526821552065196
0.6499848728971149
0.645564602321566
0.49521805959316045
0.5699445691511692
0.4536709828677658
0.5647133570846303
0.700772043646448
0.5866954631467148
0.4640043645573359
0.5553445106592285
0.4212064166477605
0.6238214715721169
0.7447398344161482
0.4229648305098878
0.5844445209890827
0.62362198900734
0.6182969634693101
0.55888841349842
0.7087997124103549
0.38567883214361537
0.6976857528147518
0.5800979094306487
0.51224563877339
0.7824225680551136
0.5423049865174787
0.434628413880934
0.5254559413047115
0.3277715538411838
0.4489742208645865
0.4171456049267639
0.7019000304560825
0.5885378760375277
0.6574566733959326
0.4525952592073871
0.5491351681340635
0.524269218872041
0.5361095061963451
0.5917049462186654
0.7690516108497104
0.677736310973193
0.44230308979180033
0.5296429349269963
0.5919074523673009
0.6253697854232283
0.5100722564601726
0.5092538614186636
0.6335554692559061
0.5437404031068406
0.6352824618045422
0.6593210437838926
0.5027023259005465
0.4121776898704742
0.3715694279819658
0.4607712088910916
0.5958075318437301
0.6832728846476537
0.4205488031197261
0.6921078358139359
0.4633132013445474
0.5941838456600043
0.6506507584412347
0.5422672411714519
0.43283179574021285
0.5183878933200827
0.44898574801514135
0.4201126636917354
0.5893819577882702
0.5992907678642629
0.6175477904296263
0.42559766807471855
0.6167972205063329
0.6600902655795133
0.5403976992541952
0.710457513151663
0.6354187722040168
0.36443081680336364
0.6119424913865386
0.593418210816233
0.5326326966781546
0.7234582589400179
0.6689903402947196
0.4887297395270232
0.7057336134518832
0.6862670400983742
0.680498590283194
0.7594563541426171
0.5963141118375288
0.5806410375164933
0.4089566324110706
0.6416896277935299
0.516292419951358
0.49214239463719406
0.5012283360963105
0.595482134329867
0.6150815261581755
0.4372981856492135
0.5301581838459422
0.505022180751125
0.6086982344370749
0.5179807973878463
0.7340306461555146
0.5540384422466195
0.697187651589798
0.3813326906637341
0.6121883152839922
0.5328672282105532
0.7073551181049916
0.6158635101293769
0.44169774948391827
0.5117965005269501
0.43417442417803104
0.5738582572377685
0.4926712336782151
0.7389305598105816
0.6431790285555717
0.5051827932876608
0.4826540979696573
0.5801357903475247
0.5690170590158554
0.5470682684462604
0.5373471936066803
0.5705302987819747
0.6897899471037011
0.682397778197801
0.6113452530830654
0.6655125276618354
0.581637469541305
0.5576308086924903
0.6238669324001945
0.5510262045015379
0.5164362725460035
0.5991460583142928
0.5474613289771157
0.37085232482547015
0.7011643645088982
0.44930679288896114
0.5931708453330328
0.5546198466373053
0.5772759805656736
0.411355034545816
0.5534391404127512
0.46226373980030583
0.4865319876749841
0.6908498432884663
0.6289648798548823
0.5315740107435987
0.632128676901927
0.5554620264235737
0.6212729666343048
0.5085502794595744
0.6842799712168118
0.7208129529006698
0.7704827109117955
0.2910141458419087
0.5717683978389617
0.587639663357669
0.6430065915402144
0.499064557540025
0.5788221742517218
0.7849220858503116
0.5547000313189046
0.4821535174182734
0.47153530164132773
0.6619407716536945
0.46865462090455867
0.5416562776736297
0.49508046277266704
0.46645354473573947
0.5526955145268353
0.4922117168591944
0.5288266825088989
0.5931089464683174
0.43482714421199054
0.7270967631230432
0.6546252795593048
0.5453468370559351
0.45305892850508767
0.617536133032746
0.6637252643902694
0.3475696770584562
0.719055950005824
0.5088198185615247
0.6654789549440211
0.5760017462020057
0.5161478216552777
0.48472146474323663
0.48445391045196945
0.4486552371544196
0.590206210236401
0.6978282434381851
0.5610434431443196
0.5506331603725153
0.5406827083157032
0.4679113988920945
0.4586389043394633
0.413771295583507
0.5628158063060114
0.41530788416135156
0.47259840999521263
0.488548544108361
0.6202171932309483
0.6921420645086065
0.4135488669525228
0.6126534277300056
0.5749838250053889
0.43072711767058625
0.5253554922485876
0.6595812469273828
0.5633784165680065
0.4662163089846856
0.5833197586871184
0.5328468539970663
0.4975733615267813
0.4653824282637917
0.5184733577076759
0.4167582488858165
0.4318514466794401
0.5678134145165676
0.4368675328903502
0.5706967530185223
0.5781983349131057
0.6485468032439994
0.6490302025912276
0.5551103523692132
0.4063024987023318
0.5874589667481735
0.6312820581632931
0.713238420758533
0.6225097564364602
0.5066481675691104
0.5430444326273424
0.5996595179376827
0.6075372219862718
0.3176521022199582
0.6134978045449715
0.7703788593838266
0.5258833712130031
0.8321763694754443
0.4417568450068139
0.4262472414971921
0.5730712821364469
0.4481109399309143
0.4399361485496948
0.6474431235621416
0.6572970201077318
0.5204138171728976
0.5859306913410259
0.5867113426408677
0.5381766717671824
0.6636276207679155
0.7352436363138803
0.7286414521848058
0.5145927577120372
0.5232340072021161
0.5678347081086006
0.5955119175343866
0.6516044549220645
0.5973027084019809
0.5911357891114373
0.631637858130872
0.3547470699659896
0.5928163681181482
0.4505488809477406
0.4829183877683769
0.6095042635399298
0.4504272867998949
0.6718958678382979
0.5093840497680101
0.4267078913780516
0.39795347410380666
0.5983329450495822
0.59766194390952
0.5727153203836968
0.5700008555883063
0.7337279019245686
0.47152059368007054
0.48995017880429537
0.602391883458322
0.5586498991255999
0.5546638261098931
0.5880216478344131
0.7881201172442174
0.7287644519584255
0.6367012240045972
0.536462496261589
0.5607285861620672
0.46662622152670846
0.5849543335969195
0.6261995951259413
0.5039731293074398
0.5758662649759435
0.6030608290131194
0.653078139270916
0.541252305537754
0.6024418686594215
0.6578751811102692
0.36936760789562084
0.5332357491406046
0.47435126226701346
0.6260231058542495
0.6338276985779683
0.6620818117250822
0.47236739387967763
0.5961006568681262
0.5316702286838616
0.5911933941050193
0.25309072392949844
0.4898207905396141
0.5129586546461741
0.6959446276915014
0.6634363780850054
0.5697381546060996
0.49304644305177486
0.6237993987831143
0.45865577909854227
0.5182505369697993
0.5147476280059086
0.7131518220964693
0.542381542219448
0.6020879451484422
0.5765935090819523
0.3489410276059418
0.6676973692069514
0.6363515748236535
0.4416207574556862
0.5664315966924192
0.47327406121786175
0.38134440120514224
0.5725252863548693
0.5510503370649961
0.6611146552970866
0.545066269056878
0.5655017809455345
0.4710663323681939
0.6435689281266277
0.5612446757522042
0.5940025292628499
0.6122236654379212
0.7159050041873074
0.5292603543280208
0.5641541336804371
0.5445366806667797
0.5703827418879603
0.4761996084696348
0.3719294944706567
0.5522944616323251
0.48576145546685523
0.5122323080523021
0.588736420187179
0.33029373125942973
0.5808586810328871
0.5437180263391075
0.6326515401879199
0.40169872478986857
0.5264053591121045
0.8047074155540439
0.5917623124239855
0.5108124128780273
0.41806033469110615
0.6721946222160841
0.5977426267044804
0.5961781191243081
0.4790080125189312
0.6505392218669708
0.6790888718764603
0.5325074206257879
0.46898088010192995
0.5951412478077832
0.639992521285504
0.5551051275225711
0.6287264200987343
0.5246408655987849
0.5545261021795489
0.42110394669189993
0.5109450238298081
0.5635930007860248
0.4468099395174958
0.4429544558062108
0.8626911740976508
0.8798775928136713
0.5234714254745361
0.44098585465437157
0.6129362846675849
0.5932418636486979
0.6097069560484811
0.5439139740861907
0.5662313749215242
0.5804555047524945
0.6056789863473772
0.5577051630787455
0.5389915419606394
0.610517380146137
0.5428153791581934
0.5226327215342301
0.6423397933836725
0.5189031314622752
0.5031589836610463
0.501943526870713
0.5453929758444052
0.6493965814795697
0.5470514374121747
0.5735760185714291
0.5487477138527121
0.4575222489139844
0.4062667676480382
0.6996588128206637
0.6150281521841655
0.5740161106766303
0.6486538398399402
0.5672923146462963
0.47548157993393236
0.49181247635024783
0.5078268957243315
0.5529723457595718
0.44783953716861735
0.4936804908277221
0.5324176645066264
0.592717327498077
0.4607328055989983
0.5029788625966571
0.5428434953045512
0.6065824607291315
0.7065124071976634
0.5347367237413142
0.47797603527178034
0.48068343935612695
0.494077759233114
0.4783435185322238
0.391838394130157
0.5373181406377787
0.554434565696866
0.5646674938366929
0.5827221389899159
0.6675093472002449
0.6287152322671268
0.4209982224810945
0.41216818028136515
0.5729928666530849
0.611785900394606
0.6458556444850251
0.5034358658571265
0.5470109003047167
0.684935987135903
0.48008064785408866
0.5142957516737964
0.6261832435316212
0.6207166836819995
0.501303427004236
0.6730224985185872
0.6404950507894567
0.49771272547860534
0.5696369367842237
0.7354809289229021
0.5174402131303579
0.5470479998113654
0.43577033392055753
0.5544365271259918
0.6637862245875582
0.4815429568493896
0.5772446182348118
0.521113520832405
0.458341752258053
0.5695229259823663
0.5074384643260963
0.5674816857557434
0.6256595045093895
0.5195920534250994
0.5741438390976916
0.5011617972307727
0.5398434698635206
0.5472175411106699
0.6369434906126168
0.6206820400426204
0.547530308261975
0.5970156982697357
0.5578869819985346
0.6049890833449706
0.7266120524942146
0.5955061615358069
0.5695661005823172
0.5545858378855322
0.516197486229222
0.4751274504701588
0.5636701615247072
0.4695187207887074
0.6374463224801501
0.5094168375243968
0.5506841306455533
0.4752499629428345
0.5115497421605127
0.40205734193913323
0.33406299964689684
0.6496152844032275
0.7068233412475778
0.30216713359681346
0.4389861023054902
0.5493203846390006
0.5349001654233813
0.61734837027444
0.5838153104470953
0.5813310210901446
0.5348585272826157
0.614267829247889
0.5479356077475475
0.7126134396220547
0.4289909153961056
0.6183127273034663
0.3624473147803423
0.47233658799103323
0.45084324811922905
0.48227632460664555
0.5384092475017953
0.5080294929248182
0.6229868176318052
0.45580271810703454
0.45489686601547524
0.571537697255932
0.6630709538412248
0.6056142142445663
0.8271197196663691
0.5716655887704651
0.5102268809068551
0.6937613303678222
0.49911713159632776
0.5256619757720759
0.6932266861119039
0.5996105463005827
0.29263826383626323
0.5258413008443432
0.5464811045532721
0.42664990574558
0.47235854817858425
0.5358010421260079
0.40494837285475727
0.5831574003790161
0.635335427697509
0.46628024180589517
0.5144178717335985
0.7043888826511524
0.4654637078921181
0.6086924351177481
0.6808327275731658
0.6394649545296661
0.7973425753153993
0.5985224237529473
0.5443330882457419
0.5629028796225073
0.45710956107063677
0.5224145469616199
0.6429882244109913
0.40128711291698754
0.6064953530708409
0.5692925663105173
0.674579623169077
0.46392534553839543
0.43970753765256165
0.8047530431647852
0.7558987296636196
0.5915421848310413
0.8002984858562459
0.5661658704345717
0.6271784623647801
0.5415205521911935
0.4116261308183149
0.528957753698218
0.43038997447086835
0.5468153047402233
0.6677558587219363
0.5458998740275371
0.539936899936607
0.4375842372987571
0.5245657127998387
0.5875920252247558
0.47395437804302715
0.5903449889505501
0.37835322123212856
0.5327877113481894
0.6669427359088499
0.49540452208153474
0.5344955701582564
0.5988472323335184
0.5683293517998013
0.4983224289146633
0.5244069113028482
0.5764425142263943
0.6688628498120807
0.4371047473600015
0.5567896314776343
0.5521192705575045
0.5774679828190656
0.6638783493296239
0.6492791911012799
0.4963289207898358
0.4655814187890463
0.4919856448310175
0.712471369895092
0.6671356831684683
0.6650828618890685
0.7033299138774662
0.634649042562486
0.4969555845572593
0.6701716042574093
0.42037875985304274
0.7450921303544551
0.47268666961717426
0.5114794732533032
0.4926335833631082
0.5955034538930463
0.41884728358881107
0.4830591478785108
0.5593506402784661
0.42751903435998356
0.5142114218340973
0.4968668578792122
0.5366861069326915
0.44797019861566845
0.5271443508126971
0.5814172742012496
0.570291764237213
0.8554860980471968
0.6655955971664411
0.6284615587539574
0.7304438527597162
0.543680898679718
0.6432981117842441
0.5138286991594315
0.7218467523317862
0.6195621047205784
0.5630247693224246
0.6560180132476938
0.7082362712006594
0.8128938977489204
0.6762077151079555
0.7563722748703906
0.519520069402776
0.39182795360923384
0.6242996837791909
0.6039154308583178
0.6156756115191052
0.42340748088230196
0.4930884761506642
0.5571772195270253
0.5791793773152818
0.5013298771136311
0.6092403425131242
0.46499582377908505
0.6103876202477798
0.41324895454921606
0.5150679139652672
0.5392222809741312
0.56878581789318
0.3987944824555041
0.47993895849978335
0.6416203865776064
0.5210874678470065
0.5818092842050893
0.48797782548099655
0.3276056819017765
0.4113632999982103
0.4712210284025125
0.5588941929932472
0.5646127406093883
0.6294912813691849
0.5291480486159041
0.5521501334252487
0.4536186341625513
0.6823703318707693
0.5646678486703717
0.609028842616068
0.4617364807074063
0.5990559464471744
0.47741150724866455
0.4816804942897943
0.6002768172050951
0.4273145796128309
0.549212746677538
0.46707691865178147
0.5700094559798474
0.4916291381188398
0.5450446600961024
0.7469475223250845
0.7049942889090655
0.7855260247946648
0.5482655622356574
0.8251871706654839
0.46019434047001967
0.44743194531647323
0.5173659317362538
0.5300703081803437
0.657981419356589
0.666417493011056
0.5873771538290145
0.508542296641929
0.6715410478732008
0.541832055412354
0.48999351912826794
0.48254544116582876
0.5478769318851551
0.6976967699052431
0.5803898136046353
0.7334510519513103
0.4350691049204793
0.6272889400635056
0.6509799955883508
0.6857095231590589
0.6298837260548031
0.47798022123225614
0.4929056859027888
0.557378456178453
0.6679753546653028
0.5937070969739662
0.6802212285643263
0.5274519017665946
0.514169190419734
0.5798664963881299
0.6204488063984537
0.5529981941257929
0.3870893525621432
0.43293305375132807
0.5646155686059877
0.5533798284047696
0.5991917951227329
0.5873543454507993
0.4146949767800485
0.48562647074418397
0.5291024056574137
0.5987046849073695
0.5793789583507758
0.4455932246842065
0.5342682186224824
0.505120012813813
0.5725737003986093
0.533392181543076
0.42061389865521864
0.47529350949214827
0.4953033129609209
0.5294418543707619
0.5256288924580383
0.47918820640172766
0.4631951587211176
0.5591799574003834
0.6311595590012069
0.37303012838928096
0.4834296773453569
0.5722502525171642
0.655798502580161
0.5523914212376276
0.6400531755478591
0.6125815039976442
0.42727349155436334
0.6236220529956091
0.5604331125579818
0.39148426487609655
0.7555601155774998
0.46053679453799573
0.4832197672196301
0.7217758986187655
0.49678326165829656
0.6563088041448204
0.6519243135230385
0.5951191739549535
0.4678839606248087
0.5528709560701642
0.5318992813520426
0.5361293150672801
0.3842033515290635
0.44864404317747236
0.5658315159957717
0.6095099119777241
0.6773651189354253
0.5718704845910603
0.6356888748723296
0.7225992737342946
0.45461070577087165
0.5089918824269001
0.687228388989014
0.4644121544187474
0.31546912655085757
0.5166776614919835
0.7726231475997856
0.6495390188057846
0.5410252945932472
0.6256154304496399
0.6614123848453579
0.6135277611684591
0.5850755720355038
0.6383192558844892
0.586007635434954
0.44993806957863064
0.5224005545384981
0.5004476305864061
0.3830590753013723
0.5896401434713486
0.4788845832300528
0.5003024132018272
0.4695414627068557
0.5099055014377226
0.6763477440047307
0.5180599919131684
0.57065845100508
0.43183472273135487
0.4775656715966904
0.5897501812504957
0.6153531129378474
0.4624823728222268
0.5343998403176723
0.5518106676687858
0.3917757636479807
0.5603670977097504
0.7423946405005406
0.5053624540605273
0.5213882240435672
0.6990645637804449
0.5176539610891314
0.4871212939099717
0.48723983024386003
0.5679746139166385
0.5073579228413481
0.7265094396788776
0.560096837054176
0.6237012603643195
0.5935412442812389
0.4947791536587252
0.6835374123701777
0.6184100779260511
0.6593953640023926
0.6424233775306272
0.6277753722050875
0.6887149349561525
0.4585153126790985
0.5961760973277241
0.6807703153147634
0.6572205496702992
0.6374820662579255
0.7012021246176652
0.49814246164388487
0.475501312795823
0.5284130672266619
0.4885622699722374
0.48434614344457727
0.4858008518938231
0.608974734365179
0.5851769833471009
0.46209681587091544
0.34194338339224106
0.6108144241457172
0.6497326666172178
0.5401373382817175
0.4198752019828867
0.4390254801513344
0.5799799707989883
0.6346997925667912
0.6246329135165348
0.7066986902947197
0.4738916014207444
0.5131483555786555
0.6443728615642594
0.5640043109851031
0.5309163160000199
0.5778874561020013
0.5083866674613574
0.4623858394319873
0.6096401293653986
0.5218598462991243
0.7566272184622752
0.5017461333302093
0.4499296150760029
0.5642655912218314
0.44898951703937273
0.5546975456030084
0.5993998588583807
0.5662097624534512
0.5841647184588226
0.5231566147725388
0.4739157905451581
0.43629106102751686
0.6244283007832796
0.44056417136058146
0.4990041610008511
0.5516123127573989
0.561864534266476
0.4100936496368124
0.5464361641372879
0.5937589907566724
0.4643163911678297
0.3653030087759668
0.4903636862046846
0.493556899922632
0.5593669308605953
0.6769692335585072
0.46521111795561876
0.7438949984494232
0.44483195804298353
0.48612278140227483
0.5970562920244942
0.4159141227221668
0.6591124625565664
0.6822154969090083
0.527830543159085
0.5692964040376295
0.5372585783076699
0.5823786593231309
0.6433509601948355
0.638786991412677
0.5455728062771668
0.506517882328587
0.63897145618355
0.5588825512087228
0.5957294467913786
0.5965340542666443
0.6616348793118533
0.630187196748761
0.5644673330243596
0.7147121966247199
0.5653632184658711
0.5543593850765848
0.5555112385452403
0.5084929134448447
0.5200342954275423
0.6257537116098231
0.5093064565038921
0.822639234182853
0.4907059845944232
0.41376879706556247
0.4195043654230701
0.5312984716998319
0.5967495830548629
0.4372916193505797
0.40531836671672944
0.6851782480881441
0.7448855002525012
0.6093080122498948
0.5399179589587288
0.4317148243212929
0.4872850184936135
0.48598909269047363
0.5658278229550986
0.3963058618346481
0.5667239744656368
0.4694333083707716
0.5579592497969802
0.5718539129519749
0.8114898703847491
0.7180728533476107
0.5522075118287324
0.5281258109915081
0.5087325534108194
0.5691144066756383
0.542395807051003
0.6178986456254111
0.6795726038565816
0.2987368060231277
0.6883732003254515
0.4580648797953393
0.6058570084178978
0.5435707243626219
0.5088964312569761
0.6587825568621803
0.618478583539459
0.45082306594781396
0.4765692184356225
0.351856901354742
0.6321928135518611
0.6429916498246407
0.5177182225573298
0.7375501164389269
0.42074818614713416
0.6029644282795315
0.6848754132505807
0.631219683898171
0.2738985121513393
0.551602339222717
0.6046760681352854
0.5929324283864323
0.5041603687898021
0.5416827517835036
0.5538980854437866
0.5628144027845157
0.7194846526666694
0.541840496345479
0.39046840302847385
0.5874508944813979
0.5554192462097267
0.4225134504206386
0.6074350396313047
0.5369390332280533
0.4368709560309415
0.5710588604338023
0.5349175071408817
0.4623217598906054
0.503851193602205
0.578238350189444
0.5385552179479747
0.5401344701922465
0.5029876407475667
0.5291606992203692
0.6612068842375631
0.4551214274410227
0.46558104476361045
0.576751830977639
0.5704417373766544
0.5134393503047524
0.612183126849416
0.48365606629205476
0.6171174188101436
0.5712061624386486
0.534321781089431
0.49327863224537827
0.36626018878962296
0.5392084441831476
0.6489292424858613
0.5989694307838161
0.5003296572189873
0.34188605225826296
0.5365721697595315
0.6474802860595151
0.5447594736897594
0.5750113651169685
0.6387855182163122
0.6440197927067872
0.6331503566354366
0.674609865622908
0.6256937973352736
0.3110251173091515
0.3998395125072817
0.6744570100072219
0.4235693401579066
0.600366153500815
0.5261799275770769
0.33596813590382535
0.4339875185792483
0.6228530808252176
0.5812940558099032
0.48479952801532755
0.6236194223711974
0.41581701227254747
0.5273778863773995
0.626516536980744
0.5820680293168968
0.41505874752423516
0.5674648131084428
0.6043624458820156
0.7000783502264994
0.7128493856464694
0.6258157330841353
0.44092258571105847
0.5193497681045921
0.5377436718240738
0.5231269264357636
0.43753914581874315
0.43362715692175724
0.5852395036941206
0.6680757836290867
0.5271700864172749
0.5570952884380297
0.3903450129045393
0.6233685381519676
0.549089044479569
0.6983322172209206
0.496434851743195
0.3916470458410227
0.5304225418985212
0.6727786273853731
0.5259439615195691
0.5899145037183673
0.5159885896442963
0.4353987850756994
0.5276075928795975
0.5794507773816719
0.5482601137010122
0.370351678066421
0.5197967242141485
0.49734351756046047
0.4334482439306605
0.6220762199672508
0.5955305554324822
0.47959500747530653
0.5934609703597737
0.49942041073894095
0.6006696467657704
0.650042247333494
0.510767327979806
0.45376647191168307
0.33083164706138546
0.3799183225254643
0.4251798194866141
0.46152419874623934
0.45900996104467595
0.456292752023037
0.49610794451902507
0.64793056089104
0.6055052387909647
0.7423621802174386
0.6251331187979572
0.6014992222077382
0.6842403984017214
0.5461975859800497
0.4080138719229994
0.5494979499948274
0.5244978150629654
0.6340632341434996
0.5328688342234108
0.6620735766877287
0.3982747936943307
0.5960033088828565
0.7132681437743194
0.6039691330065876
0.36907083970422294
0.5509487799117251
0.6492256223175599
0.42675443096632254
0.6709968573675062
0.5651548271014157
0.6221744570348884
0.6377582367157294
0.30611318229747153
0.29740188686920654
0.6363096267668303
0.5869491144292374
0.5383541201048011
0.663761117102445
0.5924280927893089
0.5157374698772318
0.5589478083683298
0.640256169420578
0.3413208799496936
0.48503376604187015
0.5865573378855669
0.290178153414492
0.6269680504172781
0.6299489801554672
0.6636356950689195
0.4789848793731041
0.5064404395722634
0.5262772054630125
0.5119381062722859
0.44384904776671624
0.5855765254415267
0.6485990443071349
0.4682641108026662
0.6608079532807526
0.5590770724701464
0.45805543256388803
0.556150045009696
0.6118419819438106
0.4763821313627271
0.5379197820664213
0.7964870867344215
0.5242489904527577
0.38764270930831557
0.5748068415179709
0.5123925912704963
0.7212137826624233
0.30695420305954135
0.4136038827361006
0.7201020379760519
0.4869855593140482
0.396314102036359
0.38825474027897
0.5201904484929657
0.6776038340506458
0.6343904084484039
0.6949880819234804
0.6346128008349203
0.5245156780522138
0.6307972171339441
0.46413104330267213
0.7555050443138648
0.5247238953391745
0.59970014502502
0.6021710971488479
0.5545494791727771
0.49319155197670506
0.4430946247556513
0.5541181514470898
0.485871407059473
0.3888482045280607
0.5266413256606093
0.6609952059505062
0.6379041964614502
0.6568574364782945
0.732851481918007
0.6353949253894599
0.5833664643735452
0.5153598796795186
0.6235846514905695
0.4895784444552621
0.5984466809300929
0.5524501761712004
0.6567163373070546
0.5428080279844771
0.7730132486162167
0.4429963249586733
0.701020448438811
0.8016265057378056
0.5984216881530662
0.6194592484784228
0.46247521962483695
0.5935177055779675
0.5797712380327863
0.5219588537125514
0.4881388692580134
0.5777582642645966
0.5173657213245478
0.37787364324803907
0.6725923860959593
0.5334460273071544
0.5531670529788851
0.5264542809589419
0.5142442787273901
0.6901360918444959
0.8153025976499984
0.524565566866629
0.6805535828413026
0.5686467557246383
0.550413972428248
0.5564600541812809
0.5353339293749808
0.5793733830320311
0.6557347636348533
0.47052079274756914
0.6126420998984289
0.598538389355176
0.6345025837470302
0.5208506182858474
0.5441334108200208
0.5065259701027509
0.546846718864066
0.5080209585576282
0.3888258144431549
0.4171932365928652
0.5331470182393653
0.4392880353718239
0.40809594372990543
0.5185814527087516
0.42243916139571613
0.4383884274385436
0.5593759794712198
0.589004198238257
0.5311057206129148
0.4902692506541637
0.3853896764369854
0.7667226436152041
0.49150515146259177
0.6151930990442203
0.6128260218672098
0.4428416441054626
0.599294698270968
0.3027990670782882
0.6045250815054675
0.5757684629918947
0.5681507250515233
0.6153237353071127
0.5252912886341217
0.7356639391443472
0.600793921124915
0.4472390794318099
0.3135732347833344
0.4269476146988805
0.4540008025683361
0.62725816336994
0.6264183167796666
0.5975882454653987
0.4142545516692205
0.5621729897927544
0.5266407360724453
0.6164188106409685
0.37945462418860376
0.6802741114451698
0.701304074440513
0.5091589710870111
0.4545914115084529
0.4468238217753997
0.5014901745005862
0.727813069644937
0.6070626205162205
0.5477918446741187
0.38131587963602565
0.6349243631492276
0.6468906441336928
0.5291110859881937
0.6465100051890535
0.6525556908421181
0.5611093554313706
0.6760502910920092
0.48269524999559765
0.5000856452056641
0.48717832141321515
0.47009371569064995
0.69437722932836
0.49105984108594514
0.5910866986639004
0.7582732335916509
0.4841070417822627
0.6435195415285176
0.5242413091486066
0.32707168796277697
0.5326765938450827
0.5048224331145366
0.5230948482411436
0.7453872909473704
0.42328706317502696
0.537291101938303
0.6723022731765554
0.5864529131000883
0.60396872021308
0.5229757283209595
0.6289233398679055
0.5262044579454432
0.576730173653956
0.5791131897966947
0.7135517295057583
0.8461911461873661
0.5047790717221378
0.5405929558833333
0.37997212459888297
0.6601930038314292
0.6478978739035866
0.6461479648614232
0.5613783454249668
0.6426266886093861
0.5245622301295546
0.31224651614288307
0.580185249528409
0.48997585703867896
0.4831078069584863
0.5073996434689412
0.6440983735283936
0.5612124555816798
0.4712289778670254
0.6671047845045924
0.49564777606708427
0.6435395041457639
0.5981150071502961
0.5809744654470623
0.49922168758995306
0.5951710762463985
0.6107708170818572
0.4623553901978607
0.8041517563857127
0.4101265662588347
0.7005597572691956
0.6078434826521586
0.4700051621668482
0.6055666114862661
0.5266310792875531
0.5676076296258726
0.45389169882130287
0.44748800893351937
0.6618756738591518
0.644803498576953
0.3999051814764861
0.49790548807872925
0.5381908817347235
0.6154827967498144
0.5073355169880229
0.3942508696673773
0.6225858366860273
0.6383217400664492
0.7244259348594458
0.6954075560029858
0.469741136248995
0.571153815367333
0.670167009967355
0.53523825107119
0.417589619828325
0.5894396647732812
0.6653461305854674
0.5696268851978108
0.5117865798873984
0.6772083937614679
0.5438270835042048
0.6264517542493221
0.5235619577505055
0.6991538642509348
0.6626646111476192
0.5214888555769528
0.49058543016646394
0.5150229637966159
0.4801250705554863
0.5164874240482571
0.5081573720447209
0.5707493398018766
0.535110644912815
0.505618130329115
0.46631165229553695
0.42758462102912187
0.5286107376875094
0.5288135567520214
0.6311421660756151
0.6969746137574013
0.5533242966965594
0.7495558849643763
0.43933502003844394
0.6141865961460704
0.732408420761726
0.37530440423107725
0.4643920269893412
0.4735912098768103
0.6575160054468432
0.4868719336628107
0.5690846439590325
0.5618590964269271
0.5677965619827819
0.6443074011237336
0.533700761818339
0.5896237372586591
0.531364416008633
0.40921799726215413
0.5682498672448976
0.506548969581871
0.6811873372339625
0.585348998690371
0.648071580782807
0.559409563619147
0.49443534494638125
0.38057231473919717
0.4421589417930426
0.5370443799090463
0.513919936893485
0.55735769044522
0.5402949078393977
0.7767904746942688
0.555552834541719
0.569178268754861
0.5859667583981385
0.5258425446044687
0.6080025397076767
0.620095083376296
0.44069905514912344
0.6293686551340604
0.5669988582159389
0.4984884159754454
0.668751195777427
0.6715729311972466
0.4887197095814347
0.5234833316387787
0.7015763030048904
0.4899455123995428
0.640706297117931
0.6028143686577974
0.6584094394794878
0.32703961944959936
0.598640265119651
0.3595963167843736
0.591667342770483
0.594326039934114
0.4169054641114759
0.3863837740350826
0.5009065799801132
0.4912106719366161
0.6187486074350107
0.42493782575608247
0.5338157802472191
0.47808139516146214
0.6563843849300065
0.34009368189481803
0.5424152621779266
0.537208580578035
0.5048795164521607
0.6141651785235174
0.591424412907126
0.7755755940528718
0.6187817240481339
0.6824973159904917
0.3368367988440216
0.6376509626513318
0.5745623696237543
0.3817993486645195
0.4320793875007431
0.6244474865133331
0.4630214115219736
0.5871201621182949
0.35489896855600417
0.5163384715800818
0.3722733341715069
0.7078499100332873
0.5764257027767271
0.4206755070973135
0.78158913806207
0.5894108088541155
0.6750752318265003
0.5413001491998154
0.4598444869300111
0.5658181287687211
0.5407451383927485
0.5338962428502219
0.3070754309901992
0.5760956859584931
0.5549385885365359
0.5595535806727289
0.5380174136998256
0.6737992015878306
0.4707851186826175
0.5606878861807167
0.4175183400401046
0.4591593094822545
0.4643119797115768
0.7422577107677387
0.5542126200383737
0.6473021337352651
0.5790604416549233
0.3106212900088755
0.4857818312822708
0.6824406213000275
0.449442086245304
0.48903532631776686
0.530932822474295
0.5964036358841092
0.5713038080125854
0.5258026047932892
0.4238636690595783
0.6245832691547375
0.4896183609349541
0.31371997050203426
0.5577570243943323
0.5211485236208971
0.5694167508548482
0.687300215305796
0.367124697640813
0.5099997435431484
0.5720058171891262
0.6433647080595395
0.5198083836290828
0.6224737468585672
0.4403659912090239
0.4690374265028085
0.6521318555461341
0.5257637846809667
0.601705314114823
0.5055582213759623
0.516762919647045
0.6156191018113057
0.5137402084622502
0.5876029348142391
0.5327745805243544
0.5714493749891902
0.6220153880922563
0.5764479424922287
0.5653839665236982
0.5967333467553803
0.4639678281842551
0.43784894619816705
0.6667123641189445
0.3055904437980518
0.37178796203493736
0.38373974270193445
0.6110026853847239
0.6423289928877862
0.5551821574458493
0.5886438372703944
0.6176804567472582
0.7757205851599823
0.5324430266652346
0.6236718790415098
0.6716688979509314
0.6201967774105372
0.5944474277123374
0.5540066733642993
0.4426165345686258
0.6268835839180364
0.6739224624944768
0.5465085355992633
0.7804479940276978
0.48857206004442555
0.43262643112832067
0.3695309292225152
0.48544918753619837
0.5096418303132073
0.49952874742761133
0.45547567111438875
0.44548957283144835
0.606440168042872
0.6598919349585279
0.615074454609087
0.5572182807474694
0.5624894700932427
0.513120974275032
0.7727936292597879
0.3847816610892737
0.5137119677403795
0.6110755404768551
0.45707097500801347
0.6139081246243767
0.572864061674474
0.6123662862949438
0.5141530927260893
0.7424290848029896
0.4975971867462965
0.7420420993042833
0.3761538897193414
0.4677868535998889
0.4954909693137623
0.6390993422922968
0.6278253109138193
0.6523318861734414
0.5385431399202839
0.47260987084300815
0.5983151781942638
0.4201042028914458
0.5819258377454333
0.6877981089424584
0.4849652854330009
0.6919664580714031
0.53958786293186
0.7286659563215836
0.6102536058852199
0.7057908422340474
0.5932394638286702
0.6455752173747806
0.559892657841636
0.5844847006527271
0.5403341391359904
0.42196999002200053
0.6082982176990488
0.4727034999733547
0.6980320515283327
0.5080711622109709
0.5186254360985404
0.6290774259515064
0.6123560516228113
0.830952702362896
0.5415329483619803
0.6757960802530842
0.4021122353356419
0.5095029180028102
0.45087124146867485
0.5535652956767944
0.669227512934043
0.6502455056474175
0.6478816591711425
0.5854780409492109
0.6632414022811749
0.4506615511253444
0.5153909109876175
0.43120284430903444
0.5063063562514658
0.6558641224008426
0.591850635185478
0.6007716145169892
0.5854864444574044
0.6971983378355481
0.5661394038196158
0.6348973754296927
0.4938138639164225
0.7137845826132099
0.435241860389583
0.33950170539715663
0.5733981190304995
0.5112045515115048
0.5759158692735582
0.4824515937849062
0.49890301002177306
0.6048547823538455
0.6386453828753509
0.4764182262935389
0.5517426302958426
0.5754603764039975
0.5173810548875551
0.5694765836189151
0.42495260303141114
0.5411672253178995
0.5669895472598299
0.547237604960935
0.6377736186228177
0.497195145629771
0.6927753620452907
0.7333072925322335
0.6600376454873176
0.43529593583282944
0.5030565041597878
0.6849344765578234
0.3819129579990037
0.39632854813668916
0.6241003124056426
0.5412202806596308
0.4213922734925908
0.49105020052631865
0.6907796645890241
0.4940346250756768
0.612225932402064
0.5174409811856169
0.70541936851891
0.4189316493401585
0.5502087056010365
0.4013929473622958
0.6946233376631359
0.5246562271847743
0.8102109278676868
0.5323273868074383
0.6193687431576167
0.41531899130772587
0.6585328162738711
0.6741439706046004
0.5117943305936321
0.49020411557517335
0.36421036660227757
0.7109954058310036
0.7066816915633294
0.6471657675676051
0.5913652478532537
0.539950704735622
0.5139353084710925
0.48341596262297926
0.5688928517937696
0.5784919310432604
0.4620027664817009
0.5488662358798623
0.5503294343366261
0.5260845599267484
0.5438756872806538
0.49748672152909673
0.5594743129973665
0.6909796725410354
0.5652032057297579
0.5567692658260576
0.5483305667806836
0.535057194097866
0.6049491442989363
0.47089102266215094
0.5136840255807151
0.7308482741724542
0.5465966678870119
0.6498511930179198
0.48557636726625186
0.40303205330021763
0.48908456967818037
0.5713464749411101
0.5469281158883312
0.5953054584256591
0.416848628795617
0.6946463209810084
0.6222418331594401
0.4525306645959225
0.5353789677272083
0.45040883732664083
0.6049376156510544
0.5524868004228993
0.6747288527106232
0.5132124739098957
0.5199689524251797
0.5360196989233282
0.6308459674300397
0.67351197772186
0.6337585991043342
0.6204960420010945
0.5410124551619632
0.43140835193936855
0.3703254443590017
0.5401964979278197
0.3958161646932068
0.5170181362973474
0.5468134300015806
0.6126255957809409
0.5976229763650786
0.454146148309304
0.7767689164838857
0.5636989016034246
0.5562484712104377
0.6430957470712892
0.5231408470133718
0.5109374995979562
0.6588453613388667
0.4776625093223584
0.5265711792204049
0.47340624302320755
0.376429321352725
0.6545199566357744
0.6485008934552148
0.32692139320351843
0.5003583046476413
0.42010188814656535
0.41587053042640243
0.5218628262224827
0.660675742732314
0.6332224340449399
0.6423543432922992
0.7200072704323109
0.49386263689508286
0.37550119686903094
0.6169215525247752
0.41493158410499914
0.489127619212427
0.4491427626741428
0.45945525325841857
0.27025194412960724
0.41244606990247373
0.5793462581147845
0.31224176295268385
0.6235527219964088
0.6250424008304234
0.6089724468403734
0.5277791908610577
0.5734131022409579
0.32404847896661815
0.6061926214043234
0.522131092068153
0.6977586651613064
0.48917032922963966
0.644948099499526
0.6820475325922326
0.632831408555872
0.7034607929271073
0.6391674981397264
0.4594725894098272
0.5011036582434802
0.43465617095507164
0.5321517258537013
0.5356041365967379
0.5354736848477458
0.4683791631336194
0.7074303108052339
0.6144080290804081
0.7966747922102368
0.3737914606802163
0.4653068079841235
0.366023703361761
0.37885447693804913
0.44886262942742083
0.3604635939712738
0.41549131759536906
0.6781028806570184
0.412881861070226
0.4303271269512565
0.5418815756873053
0.6585676880342702
0.43243370023705274
0.48871051672275545
0.47879125166324904
0.6181262574059541
0.595099135786424
0.28575740341353895
0.523423517283805
0.5140773549106069
0.5893634008009786
0.5197337568899868
0.42308272022591925
0.656934334676442
0.38352725115441716
0.4488472478392401
0.5597903643747943
0.5086002485389697
0.5819125278846973
0.42321351497347903
0.7063596402483356
0.6465159492971068
0.5768212693270418
0.41688137490827204
0.5277526535294406
0.5895277271559901
0.5633963119180209
0.4932989708886946
0.46524228802764045
0.4929208077985653
0.5252760533746811
0.4716635368653215
0.3653365852364121
0.4820832503499838
0.4002707224965838
0.5219582145277913
0.4509420354975892
0.49031058873108085
0.3287963619687271
0.6722132603368328
0.5042420154522043
0.6087622937531948
0.4622601329357577
0.5672605406788007
0.5694907323116337
0.4874832903216803
0.5645854611517922
0.5361695684401956
0.5330894156800281
0.5519879626569385
0.5807764569599309
0.5446897643379777
0.4740139374526934
0.6800510055068445
0.6143219422921421
0.6088306285331139
0.3366308260479348
0.7052933824052608
0.6576204741111176
0.5956435984984115
0.6117979619227465
0.606656080035799
0.4171535791476568
0.488092077344151
0.6740393533611897
0.704987516953651
0.43441589596281693
0.5553676942076187
0.6269628812407599
0.49372140466380743
0.46813870580065475
0.6037539349662379
0.6080628207018699
0.5435377854522297
0.6203451584444067
0.5985354160693397
0.6920090900701548
0.6141569651178045
0.5286449788074443
0.521391201193781
0.7241713797432132
0.667034406854355
0.4300085823901872
0.5762936647446164
0.5345090514003278
0.7111351819752537
0.48787794461589795
0.6698644962730768
0.48777108268908076
0.3769306564302864
0.5674819165770439
0.5526878995159736
0.6307626036737087
0.39108014261597795
0.596259337989967
0.4491119334936722
0.5685312535275605
0.49255826951716697
0.540793849327
0.5339174408158375
0.6723285676098345
0.55190343899092
0.4877185610188216
0.4449815384028436
0.6827712628190812
0.5223754384055279
0.5656555359573179
0.6006927939299597
0.415037356323527
0.45545697715614347
0.6359780934497473
0.4645474431630459
0.5188589052607928
0.524370802173309
0.5151361317427686
0.6470503801183259
0.5601737896733117
0.5894022407725055
0.38868418363544355
0.5244271043625456
0.5257924809078879
0.6834327072294029
0.541641392356713
0.7758541899799289
0.4505750910460192
0.6025984442332891
0.5728382722040606
0.5286550265680302
0.5865716273296137
0.5033783326846151
0.596952225525262
0.551671580457743
0.6413056278496159
0.7093224234615735
0.5748451488938973
0.421673971158593
0.630237923052918
0.5370855507281931
0.6925820129813256
0.6131546325336794
0.5962598475730816
0.5971823177331461
0.6528027421067194
0.6240311739098751
0.7121397535910108
0.6294100635063049
0.4912001753268387
0.43817398466356144
0.5080608726499652
0.48289127414861943
0.6018281541520286
0.47780254963809277
0.5267747192433023
0.6256860052676989
0.5109451665109077
0.5007392143288864
0.4937102931694606
0.7690757826630789
0.5216529616677174
0.5349517533838563
0.3941574660111441
0.5562538309763013
0.6973927647700024
0.3834226168953777
0.5209461063573694
0.5373426678157888
0.5989863945457471
0.5207724436952775
0.5713795633137583
0.7540906096166831
0.592905323440838
0.7539354279321397
0.4266978733315821
0.5361951962760177
0.47857838897859506
0.5366077897290547
0.5948114981714367
0.5810171643123803
0.5506682621689744
0.5300787416946419
0.5472427866084459
0.4554526262625599
0.7719447950258385
0.6726642734920105
0.6255639381267266
0.5942880325510361
0.664302120378492
0.5488650735747349
0.5302989461905068
0.4422713036263488
0.4489794258208833
0.5067665906511666
0.6149011201110703
0.32130414931826656
0.48430713709626044
0.5047509245249042
0.5021716503641531
0.5958812665689165
0.6321715418980356
0.642995423292892
0.6342471322372137
0.49118636207328187
0.585031091840511
0.5874368689944445
0.4191689755580533
0.5697352983191076
0.6490736375154584
0.48916710805784314
0.617466436322119
0.5721413753347788
0.571397402453244
0.5082647844344532
0.39030641772517294
0.4963502400461074
0.4415555546862586
0.7046036799546433
0.5639055005637521
0.6213689681761325
0.6819219988109643
0.36277015572335697
0.5418682935116426
0.38587652842778797
0.676700573061221
0.5716953635392734
0.6825778675964205
0.6172540316344324
0.7120334047648486
0.5991085251068832
0.4132276484444275
0.5627813733094308
0.6202262692017906
0.5527795999471926
0.5053618118151717
0.6341614614990158
0.6944865762121283
0.5505130547902256
0.3922063506505835
0.5317579145576979
0.5989682407259314
0.5703492661259004
0.6978140881120211
0.43223901828324035
0.5545295579707279
0.7079917199694106
0.5284089760429247
0.5931051750787755
0.6501297901697138
0.6846208156373808
0.661811202681968
0.6519858962757452
0.656521679036445
0.7750614197725092
0.5204737379274735
0.5531982489881598
0.5735518323202546
0.4085158717621383
0.5066642369680155
0.6691787485310052
0.6532859207033592
0.6268742185967991
0.5917558405551058
0.6617239723989552
0.6707977058230382
0.7119265649823711
0.650499459858169
0.6420354061223915
0.5751699177280406
0.6370714749133279
0.5672032255661258
0.47563854502252184
0.5962747077679491
0.5402878261931293
0.5622459507291635
0.47394232393618174
0.45686453938340776
0.3732263135904367
0.3719686061441474
0.6186347013893382
0.7491569474464319
0.33104992365464625
0.5229277884496683
0.4490119935801145
0.5210658702272651
0.43082137439505225
0.5956972778351446
0.5910627629576527
0.5627534664409313
0.3783130473110201
0.50734936796503
0.7034023635754336
0.6815823576673912
0.4612194528316313
0.49015844930491803
0.711261410501314
0.4566364466620648
0.4855875769203897
0.5010036492556551
0.6433033632060448
0.6263081657872124
0.627444489417107
0.5843457072336311
0.42806224381698244
0.4228969122268451
0.5303941372799439
0.557992413898116
0.6774613042791154
0.45882908729557775
0.5294740720224819
0.5245313159401028
0.6848010425791418
0.6134748742428786
0.5589188263795137
0.37978302430756705
0.610479567452039
0.5384037598216171
0.4879517964481452
0.6523547682670348
0.6341585513775522
0.7995831013189519
0.40097265395299975
0.5366520489834823
0.6157369031963824
0.5210562812070122
0.66119680283372
0.43980868336446144
0.4749563096252395
0.5104733071735521
0.543018625628578
0.6811844715525108
0.6892418784783849
0.6543597960106567
0.28125525081523695
0.5938890817973808
0.6112254357113307
0.7176324994040751
0.6775260045054539
0.5233919910474168
0.5121666127049024
0.5842386151508624
0.42068043577614556
0.502818541175451
0.5184682452276688
0.5512076441103232
0.41669421204967205
0.40203469172483197
0.6640435583185149
0.48292259223896716
0.5840915566215668
0.6756387587198034
0.6307621528596506
0.614642823100635
0.5484284329415701
0.48636745644549506
0.7255167984582226
0.4850378432295835
0.5317617138419863
0.702177232671302
0.42714233949257535
0.6160992613671539
0.5748973680556814
0.37849650051410355
0.5496448916907383
0.5574466636405054
0.6748026341580446
0.4617688332501859
0.4258504378961432
0.390060615850294
0.47837373717103004
0.5646005644622484
0.4408331713186304
0.45309041492615915
0.5632112308967954
0.4980477600899295
0.6016120407115297
0.584736529735769
0.567365162005768
0.5551070555579725
0.5554144999498
0.5861276964198224
0.5576176190028052
0.6387437157396164
0.5970986718424272
0.4676774354926472
0.6370860505540789
0.6996459238480643
0.5261659291342153
0.6354818634944153
0.5643597796030646
0.5731939070725574
0.5088368544589286
0.5448721714905231
0.5623752551363925
0.5682257346073134
0.6111677413851181
0.4445929913327993
0.5073020652247929
0.496805335219972
0.5759403021866288
0.6264899245521954
0.49208139646619553
0.5376670877836589
0.5757114854356223
0.5898714808946135
0.7364536542251452
0.6903822780717515
0.5617952177219155
0.5632146899494042
0.5475950240697753
0.39996637229325827
0.531788899966095
0.5399859757324807
0.685721277789755
0.4051465716129091
0.7076202018244455
0.6768859502719845
0.49180032694559167
0.6034666206792922
0.788531719031348
0.5286396701775823
0.7083938357471932
0.4216432385888499
0.5628640739807571
0.5664667971606032
0.5733251340386019
0.6592783389561497
0.6091096504220963
0.7778588233596021
0.476793462460017
0.32390298351601066
0.5896007630027192
0.5292578513833156
0.6952064578792688
0.4476162786953515
0.547964322763733
0.5850847889283164
0.7463864788310388
0.37747819377515257
0.6241362727200306
0.3964813294936639
0.5983525844956653
0.5800359872997805
0.6308982483073837
0.7678745211838431
0.5061016957112376
0.46138196565151207
0.6461270324363237
0.622815262962122
0.6173258954768149
0.7820935020245892
0.5895582867151182
0.5607960334333055
0.6277930403858238
0.6044208181436693
0.42373803429224266
0.7018875582517897
0.4931689198337829
0.6147765721705515
0.45609250359948256
0.5835910373866516
0.43044721736260083
0.6154414281001485
0.7936785498181393
0.4944736933220956
0.45451391666696794
0.5691675248157653
0.5302603368008015
0.576241801722727
0.6191644587035942
0.692358648031866
0.6148974957573244
0.5517939544531693
0.6821504950758617
0.5520772210482106
0.6094572741001746
0.5894811643910904
0.5421412487053519
0.6129872069309404
0.5551198565074402
0.6654381256943757
0.5729310598909286
0.5521894903447999
0.6929991984534829
0.6128294091114781
0.5997110201965389
0.5205735909797703
0.6082370070811858
0.5437660973710163
0.5368614277670299
0.6316279893394845
0.5633780239960623
0.5364622060602202
0.6052048432239283
0.6284589843567425
0.6350638601739046
0.5634742314969191
0.5439810265873838
0.5446850172866453
0.5446672056894369
0.4956718633175783
0.4247861027613995
0.5217890923640328
0.4730424724224683
0.616226589038253
0.5313348760457929
0.6087528950765186
0.6142289165892196
0.5169455323780089
0.7295046967234164
0.5013692486203332
0.539392143217786
0.5619874691106339
0.5859823448877651
0.627983011629741
0.5904467577609699
0.6282369900382672
0.5687460192120208
0.5265475936226872
0.4537086490963798
0.661047950452814
0.41914456539744865
0.6481702939172435
0.4517815925648337
0.5029869426406909
0.5828940688995152
0.44060717367420354
0.43698107603938113
0.3327055676079349
0.5206455037345414
0.6994240556669094
0.7292124684825936
0.5196199469389869
0.42187793210434776
0.6414514963530826
0.6054767209449493
0.6627636422193494
0.4962840970346306
0.5533099382944225
0.5883082922694258
0.46446842917354964
0.5378570144176242
0.5582955212660414
0.5231098768646014
0.6805928433884149
0.6194978485602822
0.6112126494969605
0.5626167814442997
0.6515283894008008
0.553774395079475
0.508089014422834
0.5156251652739944
0.705967835247846
0.5012519192668238
0.7125897466834609
0.45022165636991707
0.6368883155339979
0.5153274115117624
0.5429617167313402
0.6829701025611445
0.5553962402998681
0.624507526730533
0.6266026881035961
0.6214353714353555
0.5384301983860247
0.8141008912941562
0.45953752969080086
0.776113947754917
0.6818038768528216
0.4147695436103249
0.5633457002261223
0.5222350452124077
0.6049537028812065
0.45555960461344686
0.5180251896935201
0.41072221192637604
0.6275221273278527
0.5364604371081628
0.6036986626918228
0.5411858180436415
0.5534997327675604
0.5924004934981155
0.5037697047724197
0.5193364201672851
0.6569890456446551
0.6345330894868374
0.5885940596727351
0.5541787891847995
0.6038288974142874
0.49222223735252313
0.47967714415437857
0.6227929819072306
0.5631921303029974
0.5753247640842373
0.4981480297737211
0.5784362893874696
0.7406685561463899
0.6575293550903825
0.5202768104648389
0.5214189888260922
0.590686489259554
0.46076487154712237
0.5512887427712477
0.4048269178098961
0.6496610138649892
0.46732815228062347
0.586608839171743
0.4286751900103446
0.6188187669219193
0.5038551782564352
0.5863986995660826
0.41948849515718434
0.6956824529030406
0.7945652474613587
0.7790104843945849
0.6629603585497048
0.4320018597310667
0.6191937382792833
0.5794560340442165
0.693097919004105
0.5897550499070107
0.5502927877378118
0.5195449477017061
0.4036357073794761
0.4474659105327474
0.5288838403719537
0.4371009990392585
0.49332768420602885
0.5007506950885605
0.7102638424023945
0.5770596872353279
0.6260684427169887
0.6700387550560499
0.7296233176678955
0.3861240791688051
0.4365481012047827
0.5330354920659397
0.597142118499654
0.3643962386576829
0.5164710053987059
0.5100858613044355
0.6311932248539394
0.5408186970288696
0.6519149744594117
0.5524997205484251
0.5098338876763314
0.4893496074192415
0.5472285898155591
0.347649088312192
0.4015781944318362
0.5878089290775612
0.6826764682033255
0.7006832806951198
0.762300003711344
0.5522372523697178
0.6804726121650431
0.5479250374984759
0.4762726234215596
0.44952201001080855
0.5405976691574059
0.38208118930418133
0.6983578605229354
0.46379920889688314
0.5370294392265327
0.49989979543102664
0.5522874471616238
0.5916248991388023
0.5867924704925567
0.5137953990904702
0.5309839370638454
0.4571127370500858
0.6391685870400274
0.49200711860343344
0.6882853605260199
0.5002351305762247
0.5511646783366826
0.5413177627016773
0.6991391353893183
0.5922447638461753
0.551814750840977
0.4177952077420972
0.569008762939154
0.5654601206733186
0.5413788556882454
0.5353084517656512
0.4932166328304431
0.5926205541347023
0.5138965949305224
0.582455047355998
0.582197155309334
0.4937124917521918
0.6300501666406533
0.4633789804145619
0.6182640138482254
0.3898316036888082
0.6061549122961476
0.5365416169847294
0.6005746752329068
0.349125147152675
0.6014020037783565
0.47998901417751416
0.5622747314643856
0.42260323170877123
0.5668735236981837
0.7171172505837067
0.3761575758404221
0.6259359197746369
0.47987906385935275
0.45986616714573586
0.5203130624387579
0.4895721241507254
0.6196732829650382
0.5983411461805394
0.48536358221693643
0.5313119170633618
0.46428409232605755
0.6059222769732916
0.5180635873667035
0.5028670800881468
0.6282151594263012
0.4862190359305508
0.7445718187142628
0.41743678655898414
0.4899227761033601
0.5040942896511381
0.5750641165543607
0.6856371997149024
0.4880871371455861
0.49783424884796845
0.46196714178053155
0.717832020423274
0.6538682986394591
0.5898275870037435
0.4561325244458379
0.4852540954029132
0.41799870763584185
0.3760193569782875
0.6161849079246384
0.4615948333556578
0.5967563174913386
0.6408568579913525
0.6701366124556863
0.6029039088400087
0.5677292840908159
0.5891396903459818
0.6062180037537749
0.5623808525461362
0.5606370341337495
0.5902945247964687
0.6693189694436162
0.3458632090775209
0.3858820869055387
0.5322603043445329
0.46703111107914563
0.5272480451163911
0.5984022671142605
0.4953949879764439
0.6830264812314812
0.5101855790643215
0.5951495767487491
0.5649236441515758
0.45190474668576663
0.6323958610284063
0.5940148028390952
0.7348758103947188
0.7698803593825628
0.6303501796432517
0.30531411816564424
0.6059480004310822
0.5576429608138765
0.39073168610069986
0.5521046976061815
0.4093290658892702
0.632436354849383
0.5415169361705333
0.6119224987749445
0.6922466970229202
0.6246085168988531
0.4844971129051964
0.4903437165198247
0.7323355554360256
0.46923579872752125
0.6352208410469307
0.6934774638324666
0.47396744574072547
0.4418143425514739
0.6250039225572663
0.26559742645489554
0.7065596475589586
0.5381658378763533
0.3387815631009603
0.454489179711391
0.5008364480712375
0.4696724891567602
0.7574573858189513
0.3074666139652806
0.4686972641977416
0.6448749642038737
0.5264911893586808
0.3825077005148241
0.519419167515795
0.5622548849074638
0.36193117678545317
0.491583177382385
0.32260337130353733
0.5006179694362867
0.660712477107887
0.6404689492846081
0.6321451693460672
0.5627570423226486
0.7313861000477776
0.6097082547957067
0.4938228148083107
0.5982242030830683
0.5584869473250339
0.5653107781488076
0.5301732665213363
0.7001156082396157
0.5489499247790603
0.56565637690003
0.6562752983200923
0.743835696013601
0.5902842685518122
0.5489070393508471
0.45554209901210196
0.49196011917938326
0.42422095804705273
0.6054057764805787
0.4297410955871777
0.543080233045693
0.5310284628463854
0.4165707743752777
0.5749767061824151
0.6326477735291642
0.5860677162100093
0.6145360196627294
0.6093946460711428
0.6302840173568569
0.4105257868930329
0.636067942166411
0.3914321288265886
0.45399025978909735
0.4228641108923793
0.5242114250337069
0.7006817070002276
0.5401992990015543
0.5221927212281293
0.5705449512075595
0.5659954075213034
0.6242046544408626
0.5684508858905001
0.5218757216166194
0.705755322648108
0.4157175671467427
0.5950388208583854
0.6328906917300352
0.4610261612083715
0.37417023337088384
0.6039499941478504
0.5380205531965224
0.443841529255946
0.4888386424991898
0.5616553285803949
0.5856733372199295
0.6642254692161195
0.4698763358171075
0.44697983713316924
0.5499276019470173
0.5369952766182511
0.5107580226512022
0.5501921146484665
0.5763026048701958
0.6033979863205128
0.5901632747573744
0.5091077215416858
0.5380992510542991
0.5683672935034814
0.4930790419576371
0.5798178948034574
0.5166620751071975
0.4621440550884673
0.6716065059445601
0.4912311835697508
0.6393518616723238
0.5872763814323091
0.5040111556171317
0.42795909717799424
0.5906314090093234
0.6266340593265474
0.4896501640359543
0.5465952003376398
0.5104648343639205
0.6008340364052294
0.45082631286465896
0.48079098288372885
0.7126552710657147
0.4650671609137918
0.5772794291089739
0.6621747959086746
0.39324654679429016
0.5188587405472658
0.5754563516206381
0.6080235049263466
0.5026014165697718
0.533227068866926
0.5185317784216784
0.4924130543329921
0.6290978711737587
0.42342377838770895
0.480640701926213
0.5646466699906418
0.5303046943635913
0.46427529720113353
0.6134763827661983
0.6766621083557341
0.36930161086182384
0.4976080339424026
0.6209181259085135
0.48470273287145443
0.5292252017306711
0.6674766880919333
0.7019104070564737
0.49254154664215305
0.4606019596723077
0.5487532873807448
0.615546271658331
0.37632677364793266
0.6038361271169862
0.49285478686682926
0.5905363575785385
0.5275553249573284
0.5501387561912694
0.5790526805837147
0.4354166469479837
0.660464563209685
0.4981859847149195
0.5733880971685607
0.6599345222989261
0.5518308286952631
0.6499786328253515
0.5603407165385703
0.42087034837053394
0.42304897953418463
0.5496293397030564
0.5060081335887942
0.5180120485736687
0.6429360072548304
0.4571348161462221
0.47236829156803317
0.4538296161004919
0.4772473382881449
0.4438821954390873
0.5050506219288515
0.6018890923235364
0.5009335429959957
0.8177204768384182
0.5244893004337976
0.5655616833478952
0.4694711974103153
0.6209172638268688
0.6168071176305001
0.3870215353029338
0.5138035151909502
0.3951822710823044
0.6382858932944835
0.3647470295415951
0.5635102242954128
0.5306245447267647
0.6320145703770322
0.5695160202411593
0.5613423691925304
0.6535107391292181
0.478223275132414
0.5081971229669179
0.5345628612492253
0.5772507766047291
0.5884922223499209
0.5770083790103739
0.5642543505303236
0.6210387281559813
0.7294336709975027
0.5426965117269961
0.575567532974624
0.553893870368256
0.43568630717727846
0.7397333429902202
0.5848669965398452
0.5010488492631526
0.5141972734830577
0.6913345246620861
0.5382744819475839
0.6702123766794554
0.5113599819562941
0.5210465945120475
0.6267084856958309
0.5919803893147119
0.5732745201560621
0.6175049782002304
0.5613355884093981
0.6675985851972998
0.5889384962783945
0.5063237205411266
0.499970349636838
0.5651204493858942
0.42112863268674994
0.36750475892456924
0.6854627665661429
0.4944804152763403
0.5614921810714832
0.5196238788482571
0.6985528402331581
0.693989974844853
0.7013730073648364
0.4776482298638979
0.6743448478665699
0.5517215706077241
0.5048119396199263
0.5526971350976383
0.33262576191110654
0.5789988460294099
0.5250370109176982
0.6459284781463975
0.5035613024913386
0.4554240469719754
0.565446905905443
0.44439312968216355
0.5275441233668148
0.43889333767148137
0.6751821374899212
0.5376089001715638
0.45928383865836175
0.5562403692860782
0.3638736842518411
0.5932846234820695
0.5351286359945668
0.7914868387706173
0.5800088001442837
0.6008654456782658
0.33295134689745276
0.49719184171573527
0.49810651910737164
0.6080002906690208
0.6789065065155051
0.6005541763566784
0.5538655167285578
0.7212931626963839
0.5813614034215174
0.5671067670163115
0.7803068521536182
0.5971286686206286
0.5908862952174637
0.6808103170887991
0.4773884856323639
0.5883671457897923
0.4814384470754051
0.604297785679137
0.5026887784090044
0.5087112458081541
0.5890413190507366
0.5004840291156365
0.40333241107966333
0.3970040438496476
0.5786606378600767
0.7179561624157926
0.5260592945982792
0.44531050307155096
0.555243532123664
0.7679366902840404
0.4773980946228936
0.5430283274070705
0.566509204846123
0.6305152918965147
0.3321133376158102
0.6656465294679739
0.6279965815382725
0.5613906508312427
0.5339324981177861
0.6769089575597935
0.5080378522207161
0.7852923926449852
0.7081642184821336
0.6045471828323307
0.4538083063687319
0.45005978657987056
0.43886244418156556
0.5908593521842376
0.6547264727031556
0.5004157388937946
0.5797405731025999
0.5413542173283146
0.5029388244382562
0.5140176141169239
0.43323714703080096
0.5044985426299451
0.5109245140334193
0.6763130986972453
0.6549700425187216
0.7714456947755013
0.6665572547994811
0.4054464946030859
0.6479711998668706
0.6156753109988774
0.53087089501457
0.749619230451462
0.4362094989028866
0.5921013254906229
0.5780982342734662
0.5982889521694129
0.5812334843665048
0.41307235087081495
0.5290403341764893
0.6357784688800632
0.43682728585985037
0.6007338536208395
0.5094630580584668
0.4740009163603034
0.6869160458773529
0.661276024693146
0.49840928436315696
0.41429367564508646
0.6334538652008553
0.692683810752548
0.5712767374066271
0.658790257434702
0.5186673222308837
0.5606301293618623
0.36043492078962824
0.5530308075070757
0.752777507227863
0.6705512946056372
0.5863402141863212
0.627393322995679
0.6465413640552164
0.4480374073361365
0.4511328520191199
0.5672120537647728
0.7055403849061936
0.5749579594184958
0.5575091018149985
0.6691186770587744
0.43212609104975624
0.7233171472696382
0.39913246099227806
0.5292346108093309
0.4040368551185125
0.5715807244309686
0.5733170083853085
0.5966253513567269
0.6686057758822468
0.3782375061260846
0.6593493664890098
0.5891898948493716
0.7499450449659697
0.5177282994056526
0.3042634177858392
0.5064243420166448
0.3691151557047147
0.5670831381785021
0.6591326744107724
0.6595753430559521
0.6421044495289147
0.6929224611526759
0.5323079818884255
0.4882744812800606
0.6875848707260717
0.7191957742742914
0.47116099715443355
0.4024556604693075
0.41932003056830924
0.6963391807768461
0.6576994435872223
0.3336218460728684
0.7291223223914345
0.5514988306224146
0.5088877514393927
0.48612178241837445
0.6128210416690413
0.5456089897229727
0.47861508507521844
0.564008184321517
0.5188707547578327
0.6566792309343685
0.6976276779722641
0.5179384847342596
0.5715210160948019
0.5954407131110175
0.4980655286635399
0.48670032822570636
0.5975821838032168
0.4680382432253572
0.672730566744025
0.6063292367803438
0.4879544321213402
0.6300821563486073
0.5817496615330853
0.4110195015020295
0.4139345698692478
0.4726949744272924
0.47513035865606545
0.37626740415772497
0.6564849382997463
0.717501366578758
0.48183482111560333
0.689903704731283
0.29990324295874726
0.4477513012606035
0.5463768826551074
0.5482943969232934
0.48205519589672086
0.663873281298483
0.6472645306254152
0.6503489285758672
0.599579697738774
0.5460702451085739
0.507589592950401
0.5786665527367818
0.539636966958158
0.6382816246608344
0.6843646754480393
0.7234790630048622
0.50485328750203
0.44251113766151007
0.5578937168942136
0.539658789618025
0.4582878851930988
0.5935224351728442
0.573103637206532
0.458670403943745
0.7486418244277033
0.5548789516561172
0.5847543133274005
0.5192860332848752
0.4956244872913427
0.6532053572162986
0.6744923865573454
0.6430107429107089
0.663718808664985
0.5994819440632772
0.6078060679443072
0.43171734017922186
0.4897516606432197
0.3762933525109432
0.5347555589648425
0.6296976214511745
0.40134628886179846
0.6009611123706157
0.5279916121335753
0.5383916349923932
0.53532603171258
0.4893561067315335
0.7485921557860187
0.4659465265102903
0.6020965199702943
0.48552316998705686
0.6643563819095295
0.523469508914411
0.5456816111622558
0.661258830733418
0.4121304778565802
0.399490666643577
0.6516378664794555
0.5735443388257471
0.5773730419736709
0.5683504136524155
0.5444251588328886
0.5724673220977226
0.5510577464094205
0.593215557168838
0.5306968961136935
0.4951406769761915
0.492323621600897
0.3551245762693595
0.6696784642545669
0.5691794866769788
0.6195092952157484
0.32863410178978525
0.4880619733069614
0.47275464134742784
0.5349531867129033
0.5181493804754609
0.5913737978654146
0.48026642918614815
0.2844778420096779
0.6297368268488825
0.5100714231842094
0.623187735049095
0.6134138348668846
0.6061821179058402
0.5902271364471263
0.6612603957740834
0.6339929729312329
0.6029382951550369
0.5870901464789525
0.3746044911275799
0.580909303107785
0.503458601081477
0.8200329090103446
0.6030259467219414
0.5331853269568915
0.5054368829328582
0.48619776736684794
0.5954535346655431
0.583347087345802
0.4115696400406078
0.5690154877304813
0.6383849142751159
0.4803460619706853
0.48091457519689496
0.49805214352336824
0.5039549011771272
0.6561750134121964
0.6323026873757258
0.49299499488368886
0.6057617698642326
0.5989978090916989
0.5238532415191217
0.5357193636255264
0.6037872685140873
0.7689082974246932
0.469762403835642
0.616659569997474
0.5660828931527707
0.5944508220079013
0.6547952865561704
0.7193186961717297
0.5224041356435759
0.5440534542970515
0.5013281737246152
0.7031003872769499
0.5342141053179473
0.6283902026200409
0.528212155956727
0.5946755794361682
0.4646592911691171
0.3079672794468923
0.740314486742936
0.4431612998351562
0.4697872392623399
0.6496403705036525
0.6981624146405414
0.603559843870216
0.4905667706239523
0.45682143092080874
0.4914934783581925
0.5182958005215855
0.5227870390073116
0.42767545380542654
0.5815620637451256
0.6861632233507935
0.579442161672013
0.5867365087068287
0.7231687430047273
0.41934848917980716
0.6582834189842965
0.46916132870465627
0.6514312136526036
0.4010692179755723
0.694889134997685
0.6230771045646525
0.5616013356068725
0.7347598526772487
0.5257352818208232
0.595661450910186
0.5088159439080538
0.6155614168269625
0.5321360776917676
0.5405164491811222
0.4920412743137771
0.5184998473273755
0.3710743958282148
0.4664637350422713
0.664437807612377
0.5972428431321147
0.5101712038098044
0.5493621022225991
0.47452947910956433
0.3984826162422228
0.4877925057107568
0.38850595394502907
0.6193044088349614
0.39653164251464174
0.39429502140272077
0.645625051116447
0.5365563824707872
0.5063567321377005
0.5101874049379621
0.513807375989724
0.5599203134337738
0.4081377455528161
0.5530323296332332
0.4262835893411649
0.8059658108506531
0.4217597906873336
0.5226592931606552
0.5486328620603861
0.5187146335386846
0.5723453283232911
0.6427652347231516
0.5115975936517594
0.5785851283529032
0.4475636166424482
0.577165264566844
0.5667034444448102
0.33712737272787563
0.755129881030864
0.5269211428973957
0.6873166228730265
0.5086832006854538
0.5308254235400427
0.5633432252752442
0.41477473328747544
0.470636583131083
0.5041919785597895
0.48579217666107516
0.7061637018412081
0.5680007781468827
0.5326944215652721
0.5298014366258363
0.647468685493926
0.5933196602881485
0.5693253939226572
0.6103981605165649
0.42067166417290924
0.5084314806994122
0.5574793880923071
0.7088964922345345
0.5682606741672315
0.6534232815987325
0.7546849709956897
0.5839132582793917
0.3440519451889445
0.5518419212168625
0.6115919543091324
0.5642667298728787
0.5229447801061962
0.48335337079721225
0.46500894770702383
0.45153618442291493
0.4814770206594753
0.411913885667032
0.6697314900804988
0.5266191436211864
0.5096284010626061
0.2846615986928294
0.5186901078188296
0.5964768002483023
0.4805225272305784
0.5803669381554214
0.5679281675854965
0.5923701075705275
0.5345888707909636
0.6301005296163039
0.6232391239392618
0.6655050978536176
0.5791759144468709
0.40693676429567416
0.5667784962774578
0.7043673760410265
0.4670416104859647
0.5057373937896247
0.5426404732110433
0.5503826553669123
0.4377999514123104
0.5406661445008013
0.5412656011519417
0.5177348046777918
0.6788455337958955
0.5825782659600989
0.7516962028830549
0.502310290769294
0.6428307279962702
0.5023327524100092
0.48719941078255175
0.5298528241372779
0.4713531057712843
0.583038295075716
0.4122086174131442
0.5975353010453415
0.6500377711203221
0.47383353913718795
0.7082567633935613
0.5418163644476051
0.6562010756791563
0.5924830719955865
0.5846097546876005
0.5386764754792518
0.5785638764866616
0.6045772742886956
0.6811562791228556
0.5562222433110319
0.4419679140131867
0.5181302918109201
0.4926243934218132
0.39905149647097016
0.6488582166747816
0.5770092814687032
0.3794686672458598
0.5668871227128819
0.5963705328013533
0.5487097208497302
0.45113937700345264
0.6166524286841534
0.564615400543981
0.49278489454848823
0.6104750998853069
0.5489695348312525
0.4956091138598475
0.5983230056101422
0.48798081289506257
0.5830900282833034
0.299592872701635
0.6295121034026094
0.5581661231470387
0.5654052288524399
0.6466628025876694
0.7555107378476908
0.631520937918778
0.7928316384576981
0.4842642490411133
0.367169076028452
0.4489136617564171
0.6747884949371048
0.5459962653941435
0.4013676389596532
0.5860322474757728
0.7351537331811082
0.609947619323095
0.3965545408558171
0.648215837291312
0.5927776477124201
0.5769924300860899
0.5138433473322105
0.496142873807517
0.5656571565366343
0.47113396347457837
0.6126014279503866
0.6183886978680487
0.6054590044022478
0.4124716301012564
0.3586319605653788
0.4838165346816932
0.49921838433010146
0.4769274476060004
0.4912225846188391
0.6754605753318927
0.6001364316228323
0.4210256568822841
0.3936607179864713
0.7347082739068251
0.4520743077745512
0.5067391505531299
0.5676325169863307
0.4389236731390615
0.6578616524041767
0.6115343479721803
0.5862207958657809
0.46734396606744955
0.5442195825603745
0.7665702459742939
0.5844493680304759
0.5825719468634537
0.6988881329261879
0.7141801721196099
0.526658869798735
0.6801750584757974
0.7813728584912509
0.39769151221692867
0.5071210836934791
0.4288906082496411
0.47099097900417297
0.6118451878499988
0.5038855819280885
0.693237265603283
0.5291536499006657
0.5547301410351446
0.37318823051991756
0.47158122506118566
0.5317327360161004
0.6524790182704472
0.7171599110032051
0.7236515274690103
0.6613196513713712
0.4786793077537354
0.5734092176782597
0.5973411113532451
0.3164559236776142
0.7334143417606228
0.4736981190429933
0.42360631717737507
0.5111307551426623
0.5962522252881844
0.5211945732875103
0.8073437609467254
0.460378695100844
0.44038661124809075
0.5079819816217528
0.5663165349934817
0.6145412022804503
0.6083635011484736
0.25907258834773755
0.46702401245851854
0.399627113191463
0.534843694716585
0.7206707714091262
0.7336370622592105
0.449377187855632
0.5171175448519646
0.5974264364753418
0.559355824634141
0.48329700771742856
0.3578121190372754
0.631224427781413
0.47363401889446244
0.6480333033920652
0.6558237045834725
0.5028549383242533
0.5023698553150754
0.6558026424290554
0.6389235953347432
0.6426696862987815
0.5632422813605671
0.5051872594700972
0.44368765604205573
0.6153940275545139
0.5610762125377198
0.44470556672565154
0.6826529504109032
0.5976925601246099
0.5659227145327017
0.6721062408082417
0.5975058659653697
0.5017078425991746
0.4628208290598345
0.5055159330731442
0.5325870305680598
0.647347051417003
0.4243142086726152
0.6256213293249814
0.551629315807615
0.7126948749461949
0.7272337907303219
0.6790446017779829
0.48990477884865824
0.6927754071580264
0.6414321584860616
0.5336098665547006
0.5841479834972394
0.4517229827489054
0.6972840635654046
0.6587294558073882
0.48354796330570676
0.693157721442727
0.5411426201331767
0.4990760471724209
0.6402080166087945
0.46877966319459474
0.692508559657989
0.433252824463894
0.6366503248351845
0.7764557179731162
0.6394358977475458
0.46541326165397373
0.7240581967083369
0.44101159210570884
0.5570142762001506
0.5354221850038146
0.42078700098703736
0.5921561238386723
0.7121695202545786
0.46838331406058825
0.7506827244843151
0.6298114234319082
0.5848661766095539
0.44708366328904425
0.540006174120742
0.44120835674347136
0.3981046118077316
0.5014087696404732
0.6665570982685317
0.6474085291386468
0.6234143053238965
0.756607706144973
0.6079704557566358
0.6782631200924096
0.4828872686961811
0.47571182435754733
0.3804874518028093
0.5361248870725837
0.5186370918722542
0.5581047584423676
0.6927423442423694
0.5992074397948515
0.461416008733991
0.4357780615313398
0.5329643332215662
0.6065607187027905
0.5921510710657156
0.4079039144089762
0.4588372200771532
0.6277064980770845
0.7038936524566375
0.38248257801260777
0.45641372819680254
0.42677096889645616
0.4316929089793752
0.3741423043094907
0.46207169375248874
0.5688131467891832
0.5280971949033572
0.5297942760958793
0.5210216300420878
0.6040068620212895
0.37302962098637893
0.5447769426711165
0.613229218201932
0.3331658962548606
0.4269802714653658
0.6105714481975067
0.47267258287756675
0.46415226273200205
0.4983478174160458
0.43149436435668664
0.5835114573965167
0.6140934275665487
0.44850043107065496
0.447585108775987
0.48641932107857616
0.4972637237658171
0.39520853242400256
0.5860765958925702
0.5235526622266837
0.43296816598259663
0.6328021222774449
0.7172222035026551
0.5259993093045828
0.5401956755336054
0.63512328139705
0.7379942473874526
0.6674825475214987
0.6043300777835668
0.43626621592444487
0.3571295897915582
0.5769830833531348
0.3470907457201833
0.5355668729680287
0.4678557588608496
0.4859216877669033
0.6159643120182964
0.5584313136549404
0.5583366279497334
0.6715153221688235
0.5425065957154408
0.44889478459852994
0.46831304948124564
0.541603940459919
0.4329758468635708
0.6844127548885945
0.504794242082406
0.5845902020187879
0.7446465579949423
0.6182788554378773
0.42587946663043835
0.8908420054777252
0.4698928482247704
0.3849056071333856
0.43304040169660935
0.53486907625256
0.44450055667017113
0.48090423116117587
0.8766645055522696
0.609082050351055
0.46126771065317096
0.5719052211474569
0.4739767441503725
0.6862060515093777
0.6117311323006281
0.542017527489866
0.6238083588092638
0.3937583255872398
0.7365648019411377
0.5357231510452544
0.5342905207988551
0.5378095537291129
0.6923364602442174
0.49881533845526854
0.4964916409535479
0.6139867563056625
0.4651652530823998
0.44275759702199746
0.5531580455965673
0.4343331746219179
0.40081216493801375
0.6187121485304053
0.47879212731916304
0.6063876017541519
0.652627114038641
0.42871874969469537
0.3932729448906789
0.6495646477038812
0.4681860653473293
0.608721284259262
0.44580801964358435
0.43373851144426145
0.4637894723883622
0.5083221016755659
0.5228349506917299
0.5993182865643044
0.6661708263794244
0.4081212871050565
0.5808713633875802
0.4221396102501883
0.5379686509102534
0.6224628573044545
0.5387754575515545
0.44798615179421414
0.5950651595673294
0.565571241983078
0.547199375362665
0.502047704777825
0.36791825727470995
0.8581133309966962
0.6591317425155527
0.4455983680810365
0.46481225559289185
0.7792910570594302
0.42135116826376084
0.44766377754949616
0.3792317009995115
0.676795687938344
0.5872972106506221
0.41936895970320737
0.5131482538402008
0.39875747842554254
0.4607681359529789
0.5804591751936405
0.5232185337098267
0.4931987004321053
0.5258976876201595
0.5263783668283636
0.7492525166219006
0.5717983970169137
0.5698617452136218
0.6689674693622918
0.5866705513157436
0.4950639868117987
0.6112284327247072
0.4944373015249513
0.589851134259331
0.46946714993177996
0.46652551135304726
0.6957036954042579
0.4796365081796312
0.5959525603637739
0.45849124429434196
0.43615867679428444
0.6588306234457768
0.48838029366554014
0.5240632049539812
0.518569736388173
0.6181451322639939
0.2857013900024333
0.40684068225800774
0.6976156817369517
0.5031940319895846
0.5959334990972646
0.7396221020117784
0.6054556941807485
0.44977337160346226
0.6232795205829992
0.6521420867244152
0.6460400464388855
0.5447078749396437
0.5144190391671952
0.3428747682083284
0.7067179773399541
0.41209679352468676
0.390610127354769
0.6618670557837182
0.5911539210553916
0.7420631328068106
0.5870232164930779
0.5747430294934652
0.6251935761250454
0.37616983186000713
0.6973817746221717
0.5067176376532315
0.7670679020223417
0.47329116836685314
0.454254923835169
0.6691841504252753
0.6176327445961591
0.6102689058053519
0.7679354522625363
0.592869059796809
0.48315736172736296
0.33815574982869523
0.47867736698805735
0.7828028884898948
0.5299213357951524
0.5982171572977341
0.6173576307223813
0.5286397236032503
0.42684112656912
0.49000596275394565
0.6779302747687425
0.49106671125978174
0.4987213636534329
0.6418458595001428
0.4176866710450796
0.6039226304723632
0.5219454118180551
0.5104229278199848
0.6393310519024852
0.5296875416130438
0.5809407062712424
0.5124928673237951
0.4871674973413272
0.4508009001811495
0.6663544617102479
0.4123996325937721
0.5983115062962006
0.6573773535679852
0.510089632772564
0.5166966802720837
0.3503274432293444
0.3575427246323103
0.598150839186537
0.60628950326034
0.4129707361298992
0.6031158839099559
0.44230852988142366
0.3761353958696895
0.4009765607276073
0.5413508651920392
0.6389287567077828
0.5164077825523379
0.469655689072513
0.6425076320357734
0.6213843326204677
0.504412465152744
0.6749082863702658
0.48290694333051787
0.7121182954920768
0.44170052009479843
0.4453630800947101
0.4845204930562479
0.4546791308505694
0.5069221068572674
0.5812166696464205
0.698835823292949
0.6109404040065379
0.660655720415467
0.37866374087049015
0.46402231742359207
0.4816230102009943
0.6119076148520751
0.5583023218489714
0.4701738412514296
0.5757592105525199
0.7157691098768335
0.5373307463977859
0.5053871135147698
0.5205066852822046
0.5187391480234633
0.6553950160986676
0.40841574581454054
0.4581298043378
0.5001423848711389
0.367990204577438
0.36311643000247185
0.6086309072873743
0.6826359783052542
0.5601384987658321
0.6074990835775544
0.4857424870053462
0.514690676327002
0.5800714707068387
0.6934985225881024
0.5408039007171919
0.5676272839070107
0.5046870763405117
0.5386903125385469
0.31052463321851087
0.6465082325178162
0.6453267460282692
0.6273293936727264
0.6640691088577445
0.6539516374418337
0.6433410229078957
0.4596758323789836
0.6490890932626179
0.6135265611760642
0.4186963222210419
0.4679651677103085
0.57994964191675
0.432866305290308
0.5901655546735112
0.3401395379051599
0.36853609329128123
0.5902106629418284
0.6204375680327847
0.8202651780464486
0.5334837313914609
0.650402721082046
0.6048810040940874
0.5908124592730134
0.5572449862999087
0.5204430977432106
0.5601354155750867
0.5668184455690121
0.4520978881697072
0.6271718978646492
0.6068266376980463
0.47087605373749375
0.4527319789883565
0.5012051384470528
0.6328582657383967
0.5118310306796641
0.4086085463065542
0.47288987863529386
0.5187751368875897
0.7562663004960344
0.5077593376987408
0.4685771871292812
0.6033398788007109
0.5681326219410375
0.6650992239355797
0.5457982929703178
0.638078551471778
0.6991758337607379
0.5566464510499967
0.8015642750970228
0.5923671490736673
0.42967400069401673
0.5138353055564174
0.5968229212336915
0.5107574344695286
0.4279358814617523
0.556771530790322
0.5929200146006285
0.5081610781842946
0.6169967577113025
0.6002429486873866
0.643701696254133
0.4837487253496955
0.639686630227451
0.6494331243798125
0.5200660749247628
0.7653876742714183
0.5090071347769527
0.6416996972984649
0.31254646001196357
0.6792025588627343
0.48555038678478163
0.5337750554467765
0.69258820397169
0.4184508057529769
0.35858517962137754
0.6454249224676586
0.4173649835297002
0.47843469484917367
0.5712866324791409
0.5322970317179455
0.5567683838283727
0.38417239792748414
0.7278140982961768
0.47440117401451537
0.5702549944390752
0.6232854476259027
0.842821260270189
0.7241602810008406
0.576256804242782
0.6582155362630822
0.6281543234703046
0.5093856107337386
0.6086369030197412
0.5082311026380846
0.4958011495450895
0.5986457714182802
0.660421630145522
0.5544275278635254
0.3917651080818684
0.5713913572692428
0.4493195637224521
0.6227164532078583
0.5257133712100046
0.5823277645523495
0.5419551072387782
0.6744594302905303
0.47016878624296515
0.3069470855082802
0.6518282279056146
0.5878701767907951
0.5866596826733237
0.6451367190795043
0.5292805260274848
0.5788499950345017
0.5752041285914664
0.3526324655260724
0.5048880531013259
0.5649017281870967
0.5177290903867546
0.42637425400594003
0.47458606897525474
0.49811897271165556
0.4441829786001258
0.5830702594249387
0.518101120899734
0.6114007903849853
0.4647464750053092
0.5114687053272128
0.5508922980603227
0.564273284188386
0.2729391396683563
0.6352841688712035
0.5238000769763748
0.6862788419332373
0.6273544589015121
0.7102343134895417
0.26442625839928197
0.48287334503032114
0.6492784450338926
0.49546891205949045
0.592551177459227
0.688522140802563
0.4939093269175288
0.5151220410013642
0.6277017272994388
0.4134600995244868
0.6098506329917903
0.5189430535038121
0.6241212436734337
0.4450736697270781
0.5011116557362187
0.5222291901433446
0.6317711338255185
0.5264431737165886
0.4929222082899654
0.38641830179049685
0.4628054446065672
0.5201815834373745
0.6716289191011275
0.7071999585320146
0.730329903838412
0.7432725788325221
0.4342775156457692
0.5487169581119596
0.5014902024814712
0.7081353689077539
0.6945390706590897
0.6012084352024106
0.6234673871433454
0.5606405044088763
0.5042491112668805
0.460074353736535
0.5454541214503567
0.5360549572731554
0.4883326879301389
0.6052251014631244
0.2689365541698059
0.5808654571368209
0.4850234057502819
0.5481061933039045
0.5721798578638786
0.739637742851835
0.4637965047495191
0.5744661610781652
0.3271699694409629
0.47384072657963466
0.6473776533794976
0.580939227270128
0.6037324079489613
0.6835884957999916
0.5807174167626964
0.5388222833057085
0.7109862426359137
0.5623112537303753
0.4582673569898049
0.559532685143169
0.6942030924109815
0.43225108984888405
0.6060817298386922
0.7769618289682215
0.6365530539574136
0.5805817361702377
0.5863026989654617
0.5181786274197998
0.5505353850915001
0.737350830182006
0.5403417257382188
0.44644657766369666
0.6249649218175705
0.6178360922168871
0.4377996089287068
0.5540049851742894
0.48067550660166597
0.499608900752316
0.6084375936642504
0.4418981125228832
0.5205021530478321
0.8086700347889615
0.7094379880397461
0.5111380118319031
0.4714482079901446
0.5858538385872782
0.6228485725344415
0.5615213371738655
0.48306321587300366
0.604305544600449
0.5153303719485922
0.7344221284169156
0.6412788178226331
0.4932855057251217
0.36382337179843377
0.40638296235912197
0.5620684645965567
0.5670142666551072
0.6337039148774999
0.5858103685152714
0.7495556764025861
0.33908460348532177
0.49606736009590957
0.5271645108122343
0.553537209908333
0.42529442983968
0.6716858460292903
0.37834057589289394
0.5312157779540361
0.5641990694143345
0.5487020904660688
0.7077135092825311
0.5996582659685482
0.577078379493462
0.5805728395808589
0.6281920523584412
0.3187262705604089
0.6399054431131515
0.4616397437275245
0.5255515584848356
0.7137979296051633
0.6616678643308247
0.4489547372144208
0.5507593794767961
0.49177460837432896
0.5705855545933306
0.6423494431029654
0.6248659046949594
0.42823158873059836
0.5153935617305053
0.6082111966052369
0.5931190277862587
0.6592383668589796
0.6760982565940655
0.6519883235850306
0.6013603291156971
0.3961252967306662
0.4835007277029767
0.5366057463494424
0.6176969042018028
0.6327950915371081
0.4631935637630455
0.5108952129267069
0.5444571132013237
0.4914709450174509
0.6092786325710922
0.6202831230860806
0.4605977791421431
0.5558045950090139
0.7547274191025852
0.47327546075927673
0.6616511323916995
0.5862833603499966
0.5194826452077189
0.5432650282821352
0.4931754259648469
0.6144812636218785
0.6784324666976299
0.655406385699059
0.46730130017498406
0.6079345489542776
0.6168031170974481
0.6386155114909304
0.5979205838177623
0.6398840732179296
0.5566649697653594
0.6281461087009369
0.6323494937721589
0.6005668094804927
0.6918496853152052
0.6041203639832347
0.5492512340659748
0.43401284439131455
0.4917210219226938
0.453170420820045
0.4618985735003439
0.5620729257960403
0.368164003448315
0.6335187617077715
0.6290512600776693
0.5622460392693943
0.5435921574874928
0.5910614474800833
0.395359238395569
0.6554422847778986
0.44024895480079235
0.5505091085695016
0.5527501869987409
0.5419150682226028
0.4661427568021257
0.5621761177465491
0.496702790546546
0.5670741156471217
0.45681579587394944
0.4433643364118299
0.6281227691662332
0.46086553875718417
0.5756035219054723
0.6037184763826758
0.5140950193196082
0.5836900844196661
0.5959267532291936
0.5931012414858399
0.4873457126176715
0.640584726160447
0.4817139842803899
0.5841998625663013
0.5130577100157858
0.6281689511596255
0.5807960783398045
0.5891901997739792
0.7154725634112311
0.5230502010717498
0.6766118603217588
0.42120673115971075
0.6605145077357565
0.6140661610843534
0.4442549330623
0.5791123067492645
0.6038241583089323
0.752691923788982
0.5313354879650524
0.4673016562101402
0.45257373453759675
0.429844759681341
0.5028754149538657
0.6402055949568917
0.5237675002835187
0.6229115098785128
0.6560726676908729
0.5053924837650758
0.590446587953341
0.7807037851512204
0.5771669015372124
0.5740224278215794
0.6107836006091463
0.3634139892338022
0.5857079985209754
0.45138185084605037
0.5142506769860359
0.780659581444991
0.6658280658532286
0.6244067859240572
0.5494554403984597
0.4035566949844491
0.530233089513997
0.5840041416185258
0.6922439705995908
0.5034249026415892
0.550239675415782
0.5733943466400038
0.6301687571926538
0.5183562729597274
0.5789679112208219
0.49574963294373364
0.5265771627470982
0.5474946200769962
0.46310483220222387
0.5082428886836989
0.45395538920456835
0.47135976905031424
0.4732346867795736
0.4955272784905218
0.6014604088744375
0.5609966839450262
0.48089261192807226
0.6067783225882857
0.5300992351515306
0.7115866028923143
0.48357699062615506
0.4604276114930337
0.7567543755748893
0.39070706818834944
0.5365923206329881
0.4459200438852478
0.46199091672220455
0.591471516950033
0.5875282284817802
0.6494380293295782
0.3731312904511541
0.5605585609986314
0.5228629482455665
0.4013755009185178
0.7124627865792335
0.5246293387654378
0.612686011321192
0.526275505291607
0.5038921163846927
0.5559007230939481
0.5054203517737537
0.41906314544477274
0.5618447869098284
0.6060542240458107
0.4916430921961159
0.5722334657251553
0.6020075924196309
0.6080298800766853
0.4502040972027383
0.567546426140257
0.5592702650123804
0.5936343091607312
0.39888155820679805
0.5614520749404843
0.6505549900696006
0.5131304445892432
0.770484782609125
0.6093064915121158
0.6075614001720726
0.5488909201791725
0.5340116891036374
0.6645293012341323
0.4953046918268319
0.6151420250971268
0.45088307980495956
0.650629127635412
0.5292620154605066
0.712467418874811
0.49011939583818737
0.5634716554278835
0.5235553191272588
0.518444271037972
0.42718573901718726
0.6625750409100044
0.5728113570507605
0.5188098042247495
0.5248680324477104
0.5641705349393475
0.7111690541073706
0.5289564206020768
0.5821535013506405
0.494247655711633
0.6899980865899541
0.5632097383389667
0.5529834049986685
0.5359778254460966
0.6458285858819954
0.38903605294620114
0.6738165555267643
0.41012074783563657
0.613885191242339
0.5412339070544311
0.5901401919528249
0.49714457484840385
0.43037192296654636
0.38001215522915255
0.5305123678145883
0.5449237164671354
0.7316144514305205
0.3846333276216186
0.5903878454248488
0.5812792678161393
0.5546315475160405
0.5397042592238601
0.5741019450374564
0.5300766808364981
0.5452326885075933
0.5604980451331397
0.5991968729194813
0.595031581000272
0.539641698228694
0.6072479962186234
0.5805919950994476
0.6862353371220816
0.5558189616730925
0.6681815966162294
0.5981059701206378
0.5543811869471014
0.5215791416063817
0.5043945287420426
0.5745814465147472
0.5206697453015722
0.3823810954563266
0.5083026373127986
0.44762053872063945
0.6196889259489369
0.4632922157981444
0.6126524283960652
0.5661848296644576
0.5936812336688131
0.5827937694259456
0.6664203767658118
0.6036569300234008
0.3949138924634691
0.5507539906619865
0.5659528478913265
0.5268101365808365
0.6159208730819237
0.5191705773527987
0.4767074287309098
0.7406980018619038
0.5022029540781395
0.6645150026164139
0.590695795571591
0.39121328754143697
0.7142031762705282
0.7471650193382633
0.6613685137835222
0.5116185800587668
0.5177601752429911
0.40716661858641584
0.5152237544125305
0.6124814454867789
0.4810595850903272
0.36292953360073676
0.6101691490031428
0.504038635583864
0.46623657541869107
0.4392749968546032
0.6667036606294396
0.478254485792844
0.5665496058818749
0.4876784490063786
0.4202783067998619
0.5982556271383295
0.3456568255752551
0.5544770724423407
0.5145994635605272
0.6141514153760108
0.6429152997519167
0.48860609801264576
0.6202682705417212
0.6145948913303769
0.5390057078166525
0.5303930726371938
0.5974427611250788
0.40460651165202216
0.47793971766870214
0.4441527926578704
0.5779920062932966
0.4413703741660789
0.5615926878528746
0.6398844712659206
0.539199059019459
0.658701964547227
0.5273204922396524
0.42420367642538603
0.5307130667040675
0.3980594332540135
0.5827845682836992
0.5482754289087194
0.5351722875617734
0.5575312693312853
0.6058333947577326
0.7614352194362943
0.6209900209418686
0.6029392754272966
0.4014116205325027
0.5602667255381902
0.47876132725669607
0.45098773271866216
0.5991687921334405
0.5004436936801471
0.44259866803811504
0.4834327060276046
0.5935849703610673
0.5295033292507771
0.5810266489643802
0.5626403123726146
0.4769729117179826
0.5464941948397983
0.5981269241820203
0.49815329465632935
0.6182501479624318
0.6195625517689475
0.5635337569323073
0.5198737812625869
0.5433122440338697
0.6225889060839225
0.5617335242389433
0.4431506218133527
0.7203126900475895
0.832776680737412
0.5962813369983125
0.5445489561785801
0.5496195354352796
0.4562548263435552
0.6114029750338578
0.5585920341603827
0.44634995024004864
0.48027706857418034
0.5681402698407607
0.46188138473805657
0.7072288969104794
0.6545499617408415
0.650133953782042
0.46855835533813484
0.6640657945541195
0.7637265477939591
0.6247782507802887
0.5978634448702947
0.6866023919003572
0.6749290090431693
0.6111644513562997
0.48668825962547885
0.5923691822671281
0.6198873370328007
0.3770667939333935
0.5455284812908895
0.48743922175542764
0.5072777673584259
0.5694914783162458
0.6252296055741259
0.44462853368476263
0.6103813728330196
0.5006299526573483
0.49010937464509474
0.6250579631300142
0.5527621174801304
0.6812526398044441
0.5927295767879864
0.6412904560855636
0.3963005064798346
0.38381869744386965
0.597764082130776
0.6976050942142539
0.5218990811343179
0.44271263407407624
0.515353664223601
0.6796125448712914
0.3713462663468887
0.5448123383795407
0.5519867474767106
0.5839311325303131
0.5017242065356462
0.4341655649957316
0.6358506661613754
0.5977544253929727
0.36776567522794923
0.5034289327611422
0.41878648919458106
0.5886983158114856
0.6025018254265105
0.5075151442960665
0.5238509582590818
0.6185679080389892
0.45503647272979564
0.6578909162373383
0.45880195102877874
0.3628330148710488
0.5742133043853304
0.6023118768975482
0.5275493835655707
0.5752725051050218
0.6658080498109764
0.5644999657084134
0.7442167052659452
0.4919806961803337
0.6564114589010761
0.39041237193277867
0.5141275728992679
0.537549680987846
0.7660203668874228
0.42860673756627915
0.4379315642452252
0.392234091914782
0.700730170261708
0.5844676814475189
0.5043471533862276
0.6011705470846525
0.6835285415024314
0.5053253006869045
0.4376563349026022
0.4992961264821095
0.514346946306104
0.5756383502329003
0.46148445003784805
0.4756517931705482
0.5582955098213305
0.4332087050257859
0.33379632971933954
0.5359359003422105
0.38727404761347106
0.47290275614848704
0.596080763903043
0.41084763702931804
0.6046454333293667
0.5901204815314864
0.5319214151056187
0.5199711018045058
0.5478960092262182
0.484880217432423
0.671779312477506
0.47553991739732254
0.5117729930444015
0.4289002345405275
0.6131873168158885
0.5931188194763929
0.5674351004336805
0.6069246844919624
0.5090303148328628
0.6278418451929975
0.6475763794975925
0.571992647863129
0.6480664041138833
0.7563120954257394
0.6494593787950911
0.5090179377180293
0.5515042069768963
0.455733662523522
0.5833250185938981
0.6480886609888226
0.49184220966461395
0.517762575226237
0.5293932834467525
0.6162173421965419
0.7605232816141071
0.44315153836510757
0.6652214063891895
0.5126643954721797
0.48597212486373315
0.6915917660191562
0.43049268834102705
0.5388707910324932
0.622925706808405
0.41439118431304767
0.6885018378885809
0.6530817411894552
0.6782318543962659
0.5607085196932331
0.4190141743782492
0.6746405924265428
0.6552577489804035
0.7073729775143858
0.6331815114693349
0.5918617216365089
0.7795353637308478
0.5014218857828778
0.5985177621615638
0.6216896998806143
0.4320945821216789
0.6422871395368659
0.5880933853200414
0.5594321779592741
0.51654926232594
0.6382496972921254
0.5089754242348923
0.571101872551828
0.5245256786014585
0.5227445148657269
0.3950374475213695
0.38701792771903554
0.5834798080011308
0.6319503903762028
0.6357579815704243
0.7646585137554082
0.6716912397718282
0.6146291309626658
0.3877122925557952
0.6330304278751993
0.5086916069915615
0.5874155544575038
0.6751017157360444
0.5945664085652895
0.4795668208603751
0.5524218083291045
0.3457938379955947
0.6334849367009122
0.76925155337658
0.6029700441577064
0.6789469067525027
0.485412423588456
0.5689485234797003
0.503414309048911
0.4888839078711084
0.5644114169139107
0.6954189073345683
0.3691012506182846
0.7318334142288573
0.5295628001298092
0.5797235361027153
0.5916453868432441
0.5897128550584082
0.4674684303023686
0.5137892534773993
0.6939598279205905
0.5488714241222111
0.5249913441577166
0.4783868340529203
0.5985958943777865
0.5852977268983008
0.4517852089712585
0.4755010166347857
0.5754682143589483
0.5067832494338611
0.40287657592649156
0.5776725089280579
0.42125363553234835
0.5793918548118504
0.531958207188058
0.5681469994096651
0.7747412063183284
0.538678308634795
0.4296220282297345
0.636314811073353
0.6091254436936702
0.7055848418268895
0.4805029430527349
0.4777732928841257
0.4535647819198335
0.6924328223006797
0.5810634254357917
0.5069636171035963
0.543397728202936
0.5094651702686503
0.4462813932933032
0.670787759663985
0.6967866596547392
0.627925064223031
0.7233268764002531
0.46856775298464387
0.49374614302735054
0.5671624081428708
0.6088099479050166
0.6112152538187432
0.31405028477481534
0.5502190610040969
0.5502827794414836
0.39810250326529883
0.5495835273289783
0.4898209702768867
0.513230943973033
0.5926860624943553
0.5811718381218104
0.5004712130277417
0.37647013216064584
0.6380173983477017
0.5574762744926307
0.47343589973875594
0.28873920970512557
0.6675092819652826
0.6483926012120333
0.5187371086486282
0.6495535527547466
0.6004087983679531
0.5947521378195701
0.6551877983341927
0.5671165437521012
0.4862841136324618
0.6747720946897472
0.7383438006186629
0.49246491824892946
0.5444300037323013
0.2987531743449406
0.4301437270106973
0.4814440005885421
0.40075532470458947
0.4703716904080497
0.5177708503218501
0.811792960980799
0.7452554425943503
0.49533532109684175
0.47683450512893943
0.5173164420153051
0.7117142775360428
0.44138823634366764
0.3792346181718782
0.4974192660028999
0.5513131999985262
0.3946609662886845
0.7154169077601366
0.4700674910146617
0.5660703772055148
0.6353672639896385
0.6461107687702865
0.6032731501854415
0.3836868184877064
0.3817151116538368
0.6572704848301382
0.5812264308937666
0.5686041599347825
0.5006822643870896
0.59605346081978
0.6360120309456465
0.5912025754616645
0.6107153440493067
0.5333645798974843
0.45982537017991165
0.2950031987635116
0.6583515641132758
0.5970714863018346
0.5518611005312376
0.6892762002169517
0.4786167895550581
0.4652887294460232
0.6620221649979637
0.5873088743512079
0.5459067975620248
0.5312234992669872
0.2357951187075058
0.5403851955801657
0.49059524480369754
0.5375332541521881
0.5229464881860588
0.6571205433564999
0.5812094981263894
0.46166787906350093
0.7915544257846896
0.6284096914889921
0.5706938955726824
0.41905411713531293
0.5126783509787601
0.6365035910206707
0.49839921340225846
0.491479439213324
0.5168235469892526
0.5416658942524037
0.5150671604925338
0.5782473186302868
0.6547977855835996
0.3760679906072274
0.5491192053869632
0.4460626052798541
0.4209434926811659
0.5471081828572215
0.546405802337117
0.5066878361791167
0.3979881868034164
0.5936336092479646
0.43788513501052645
0.43002919380233695
0.3838484467333274
0.6772836851314418
0.5532418337957928
0.551426858009023
0.5551168054421372
0.6933830318628712
0.6288395540057837
0.5220167574448097
0.7212987197905678
0.4630658369210879
0.5792235608830234
0.5774746042047438
0.5172239125149595
0.45758047846105165
0.5281859640116735
0.625956244305065
0.5347756853324763
0.5334250394652011
0.6574637416762387
0.5523200380761304
0.4318148906947099
0.4992561250909555
0.5371093800768332
0.5833660042643074
0.582371324349873
0.44511138309198484
0.4520608371733855
0.5007812373312135
0.561379609088672
0.47820289684749506
0.6449284194806082
0.45207711132467854
0.4872014514744175
0.34781307073888146
0.676803968903624
0.6553495740429989
0.5269577317204647
0.55836895766187
0.6356795955616396
0.473557488268292
0.5556667330383973
0.5063386419183755
0.5815315619960915
0.7288401948767387
0.496264971850216
0.5753248266078831
0.7183041173906213
0.5787676650996378
0.40109497257378823
0.5525793417233935
0.4563209415391167
0.6577239211101478
0.6184362475632554
0.53818229657065
0.34914846412350575
0.6128279943656445
0.6568687608722853
0.38678365474396004
0.6529761425971266
0.4364677537660536
0.5608464204723959
0.5117855487103382
0.5679992089500056
0.4936399084779701
0.47921463281750765
0.4780538876465602
0.580997377578842
0.5271021362248658
0.5169006280675739
0.3990358945522505
0.6682731892049403
0.6852128253090916
0.3884851373374185
0.5989108817389754
0.7109282631237986
0.5958626426772753
0.4805742581447159
0.6800667543854466
0.5106378310942319
0.5768769563487921
0.449013962727685
0.5864182155028842
0.6299241672472065
0.5853362674480694
0.5157180404959357
0.5490173856493257
0.46676489374089564
0.48536212486986885
0.5624400274213115
0.4065933348303995
0.617975535510258
0.5317665433099761
0.5549290004515929
0.5419765044904377
0.6165980930961864
0.721974325998084
0.6626536750978327
0.5912255733592104
0.6179695339210758
0.48312756646222543
0.3964170188409509
0.7321164396966419
0.4041765528884272
0.636333781879636
0.681340109812916
0.39242943461340984
0.61489848234772
0.6402871276265449
0.3614396930544047
0.4148330419013829
0.46551473638470797
0.3276408348397294
0.4867869835922933
0.53004683872383
0.6898654539551519
0.6524199626837525
0.6869834060868633
0.6132696006162724
0.7938036205864808
0.34184476532828867
0.4337839122885641
0.46813137722760373
0.35825496947547897
0.6336667943560457
0.5117535615847502
0.5700682059189695
0.45800722849303144
0.537492396222579
0.5570348510037803
0.46175080156504356
0.3829358961529463
0.4469642299965331
0.5832027611018591
0.5804352550887035
0.5046757029377592
0.685388463704267
0.633427347763746
0.626563448301867
0.4741934716582673
0.5256137930423138
0.5427857275622204
0.6193822828037104
0.547917799193363
0.49906394176086977
0.46045177629999995
0.38345515189350465
0.6330513332871773
0.5180934716280827
0.6140138760833508
0.6982242496688732
0.5291709975632833
0.514461985371239
0.5834477291484612
0.5255653652194484
0.5205287725756877
0.40643577774570794
0.7052861078671129
0.593890063544035
0.5039759845557865
0.7042045949033109
0.5516073487778754
0.4187375539819641
0.5767333186555811
0.4110415520754228
0.45242298632820427
0.5787546168755103
0.7211319997760116
0.5646314282710693
0.47503256186108417
0.5593953190339732
0.5608185419206452
0.529559352593064
0.6201374558253401
0.41156667013505255
0.4321504841723497
0.36787560935798025
0.5018004963552487
0.4528574238342034
0.6368694034654815
0.530127066242776
0.5568837568576975
0.4485044307727881
0.6209374112144269
0.38828894436581407
0.6165409610789521
0.3920722494966981
0.5398806039880136
0.49658862840921486
0.41304003280484763
0.3536445534850076
0.3112988026227421
0.5665313834479284
0.43041226266833316
0.4240669772166962
0.6472892372587885
0.5165652662837336
0.5998815598888041
0.5832991580817247
0.5671834934624043
0.44054738303130775
0.55344342722042
0.6909321935679812
0.5641776255950786
0.574166344108023
0.714203706356097
0.3946679024246916
0.61611560014354
0.6106145736742069
0.45802879820139725
0.7321721841248396
0.6001303507355068
0.588174206987033
0.7028809249791625
0.61181343187677
0.6142843159761311
0.5585572123434609
0.49638036938521024
0.48307319445627295
0.5562304155412833
0.42745130811531307
0.4986583484772908
0.5327434505199237
0.6105344395543105
0.47116821239075574
0.5435691281000923
0.4547990529498377
0.5602109466586701
0.5503790659844109
0.5539512854907777
0.5440707387820221
0.5471616018302872
0.5264116094293732
0.6079350034413225
0.5075777327064479
0.6184939731257292
0.5557689409038264
0.39057129725775286
0.620118290649837
0.477443475031043
0.5801312476848286
0.5110170478028521
0.4648474536194221
0.5681641968364276
0.45407490234643166
0.6583013230600215
0.5866896502933012
0.431370941002929
0.5516710979891073
0.5324450363500971
0.5094908866055001
0.5594830522503813
0.6081388912172718
0.45828794932609085
0.5387310747867975
0.5724488713445028
0.43920702390179067
0.5243408451873647
0.43158463927354196
0.45654893169215094
0.5230100392643787
0.6404512590901429
0.6367720343257844
0.6605629225694873
0.4487357020870875
0.6295101339430407
0.5328058527727066
0.4615401320408543
0.6659589005619676
0.5207844283542126
0.6308262360773182
0.5682173894403004
0.4290223553676325
0.33555799276920484
0.5809043488895057
0.4414256310064387
0.7764912404211974
0.7098171862284006
0.5541717415138876
0.4428554473257901
0.4622884472433738
0.36176956089845635
0.5761846952378413
0.6174239880276942
0.5770247222645649
0.674687738800687
0.42337389106830126
0.4289241127606972
0.7540441418080558
0.5289155810032372
0.6618247880287572
0.5090410566197165
0.6748519891812517
0.28049122530123133
0.6326450023688122
0.602086618400057
0.33215332467672765
0.5451253094177035
0.6665470260694621
0.4805973561800353
0.6154436592946313
0.42151820063056933
0.7542541007361538
0.48687930245335953
0.5071919394344521
0.5743259722043945
0.5056320906571067
0.7060579999717367
0.5406258202377722
0.6477721885231833
0.5898965647489915
0.43876110857074113
0.6834011960561702
0.6464592101303867
0.4521759717576929
0.6243503162655776
0.5695398147047338
0.7223401693868289
0.6724672147167727
0.6267420121143761
0.659975319628757
0.5037593345401742
0.5640976723179096
0.7142422068659126
0.37627102544666313
0.514005680376869
0.4675934542321647
0.5346612970942691
0.45985317940799814
0.6412603053628885
0.44508544729477084
0.561515200601587
0.6898917467228495
0.7418117266779448
0.3826089140539456
0.4882767686275623
0.5856617564729198
0.5524690249520027
0.6044901046267392
0.5672953848345599
0.46903492249920853
0.5730901442518672
0.4654391628752684
0.45964738672102884
0.627826817907818
0.5011123277105536
0.5970684719710561
0.6191906164580271
0.6758301702676938
0.5829013228907125
0.5264859045848556
0.5841395870344347
0.7345787891454255
0.6022807530658401
0.41508869805422854
0.5298451683319326
0.3831253441564805
0.486153145011372
0.8669687894684288
0.5619207551357666
0.3758977440346402
0.623674644998145
0.4938669188501485
0.6327670779624373
0.7392408409047039
0.5000412013243024
0.47373461666012445
0.577855295063258
0.5845139388816907
0.48713585093691364
0.7147298268509645
0.6599751312657572
0.4285387449481126
0.7155313092345952
0.5173426449075171
0.6173460416085297
0.6810035851566814
0.3459951312675475
0.49720345347043926
0.7856232471758225
0.5952516113104916
0.5525033737126462
0.6270951376223032
0.553328202673599
0.47716337071504106
0.6794039252240411
0.6105729156832171
0.6585264967561419
0.662619309159394
0.7254879097960886
0.5192089608103216
0.5501064779729142
0.5562113526544206
0.3587397266484495
0.4705363774518658
0.6564608690884394
0.47961941337165936
0.5047564866746224
0.44174823177997063
0.4811215871176552
0.4504035730791572
0.6903746451287058
0.5801560390642665
0.4267879212577709
0.7429205529857948
0.5923404935009292
0.5784243403276728
0.48167829790891104
0.5915027857646392
0.3829791821010794
0.5916396653634043
0.6266119133511623
0.5285902198883956
0.5799289109027903
0.38832606132939695
0.4705054056866771
0.4974521980657002
0.3334070009032503
0.5437802512699907
0.5426997919405401
0.6015411302421203
0.49062876438893166
0.49115257541043367
0.6099506064514965
0.5491416974275732
0.4580338370846108
0.5247623572107292
0.5069708734140692
0.8002425730724203
0.461447519641637
0.4581097434704555
0.6370162217841799
0.39463377810110334
0.4866910128728042
0.4057746102236416
0.706078838293665
0.7003016214102552
0.6013748343783317
0.5986221601828727
0.7962284316176418
0.6265360688151346
0.6210521680649318
0.5101655581791658
0.5773836499331124
0.46285023181988744
0.6228640376576089
0.36732604513133904
0.6929784424108143
0.622347549204114
0.5538750119106642
0.7020452317503902
0.5015956079922015
0.5616942735423774
0.5065753221064366
0.5478763059383591
0.4759908320732635
0.4641170425194687
0.47651154887375224
0.36566490438428634
0.7165638810350957
0.6237958174473317
0.45070448130804
0.44840212639813815
0.2765584819983717
0.43255703915154964
0.5493719278763961
0.4156200937846445
0.6907865622120198
0.6463271371821382
0.29618516672772593
0.48207509327360565
0.6390975178496925
0.575640296510077
0.39947351529334596
0.5857683177890259
0.5042232546184003
0.5798172713360685
0.6395485328654806
0.6765034335219317
0.6374394339414904
0.677241526281731
0.46790226285856407
0.5165519141634838
0.748521529405935
0.6251006087477087
0.5383281626132953
0.5595273665156677
0.42048863418483184
0.5194811946219554
0.46288958206001274
0.6008929482510356
0.4105404982711698
0.7795519763930445
0.5831693288426126
0.5632736266756834
0.5377652429451956
0.5394158562714566
0.6889087534747642
0.6037340130474305
0.4655401033118497
0.5735233821498059
0.43242643092810157
0.6346574773407868
0.47986405603406057
0.6136067495897952
0.39878960496386173
0.6746811327569984
0.5826879204587476
0.5817344054214328
0.4895334468488678
0.48032891839488856
0.5962364879922561
0.5051200790644245
0.49887041987212116
0.697801601263335
0.46087177673179835
0.6013881423204744
0.5904345185190417
0.4568367121193526
0.4909435373321376
0.5195401784173114
0.7077594861667573
0.6665249218706234
0.5481690302695497
0.49104331554711
0.544724212574063
0.5410837448360607
0.7391728239045363
0.6172327941523699
0.34126992615865487
0.6291260649491427
0.35542868854030774
0.8157865623291338
0.541595579128565
0.5800712541610092
0.683023888437545
0.5342969002332526
0.6485073414966414
0.6201407782052941
0.7510298652386989
0.5305918145191001
0.6580162070240165
0.46560960935827594
0.3727988656168958
0.5225932061814101
0.3906380297830817
0.5692801522268316
0.35769450764584665
0.7662715383413077
0.47277010152470444
0.5153893485064672
0.36638731357924303
0.6268310956401514
0.7307343358775076
0.6810069965433886
0.6652158299450563
0.7140610521203816
0.6417466787496691
0.4398426533390367
0.7420306218533375
0.7710278177840978
0.6353945714663405
0.6372756828164825
0.556518210355646
0.5710935272768284
0.3608628182856116
0.34469834158929924
0.543133245565865
0.589309680618942
0.5262776254091107
0.4818250504094085
0.6925610258878214
0.48832612512381257
0.5366573557565965
0.6507350612528815
0.43158039439764034
0.6439762834275882
0.6114875413590684
0.4727694117848663
0.5080935764127769
0.6321867171099657
0.4831228790856542
0.6936837591168754
0.3444768064746532
0.5408482134885432
0.6021273221832096
0.6609208780494498
0.5208799497373952
0.612104243982057
0.5031824764896743
0.8210258468812923
0.7124462971770557
0.5750924693697734
0.6240468742089703
0.574694096230724
0.41695616272098657
0.6315399068109547
0.6814066186894945
0.6530430820673232
0.5863638066972895
0.5307324363442399
0.33901142259299544
0.5321965274707887
0.3977791542600817
0.567372177203348
0.6109098536978812
0.46239044377539285
0.5353754804379393
0.49261801478190553
0.6592735676852897
0.597662827608428
0.5827652493529905
0.5701558648524835
0.5729658988578503
0.6171648504840836
0.5106722574782007
0.49202321104391045
0.6424117972625243
0.47242193496318824
0.5108214726200041
0.5075454296283736
0.2763972903333851
0.4641584833385862
0.5667681019130403
0.5785789489866716
0.5426848089731944
0.6030115516980089
0.5023019203229563
0.47889622101001655
0.6313181848287965
0.4602843395444539
0.3669856200635221
0.6758996723092415
0.6148005781877695
0.4623579676484299
0.5167426973188943
0.5167743221405169
0.6024856126708081
0.6056273153362478
0.6513112347674846
0.5205034789776233
0.5322226942655938
0.614617520939698
0.6041034596881049
0.47323466570088835
0.48702565272205406
0.4168977756009873
0.5786142576734014
0.5617119051011878
0.39865763956256983
0.5424234170050356
0.5664415912641297
0.4800681943812346
0.5129381420593692
0.7104863362155128
0.51423337557797
0.523035161909086
0.419086665339664
0.46625968298551823
0.4819710983913863
0.551377225039895
0.6164029047059437
0.5338651115296612
0.4746752917132657
0.6555866816599617
0.513811335991273
0.44889179842928273
0.579487575580664
0.4777242249945967
0.44084097263001687
0.5320267559842476
0.5061899489438101
0.6533765921267775
0.5593478785849937
0.4343654738065244
0.5140579280557622
0.4987857964523822
0.6922320553952218
0.4995062346734914
0.37470673208440197
0.6725295529529516
0.4274994028497694
0.46847459828426224
0.6146116321127665
0.5734387680553419
0.5297727871095911
0.5760094070557162
0.5619025781701666
0.6594186663848897
0.5482644585212042
0.6486072705654404
0.5041042943340037
0.6032397894003372
0.5399995667329918
0.5520804121449
0.424927470161252
0.4865056224193754
0.6175345157930135
0.6419927635695726
0.5963924046923832
0.5561652518686627
0.5965413714097211
0.4931948091007792
0.5388854571982422
0.6433149827046953
0.4750229647296007
0.5309644233236801
0.5132117151931467
0.6037096700371063
0.6181892057686297
0.5717534469640277
0.6348353315021792
0.6549093817918616
0.5317297847774874
0.6181671904577895
0.45693225338250537
0.5848753481740667
0.5445488111154108
0.4565935946677451
0.5898131192154863
0.44476578638479186
0.4829479390316136
0.5096937861091299
0.5981670970353811
0.5351299749242308
0.5761816736473612
0.4443621784303601
0.3275297406617341
0.5333235859343652
0.40258099097566685
0.6413393398374968
0.6431888467155631
0.4405906977418239
0.5039504147850984
0.4251347710398691
0.591584946876448
0.48025796939706167
0.7017324138319828
0.5242128113450988
0.5070323430479526
0.4849959396648856
0.5483360215686328
0.7260217230003065
0.600603243478492
0.3779136893810858
0.7191957971067114
0.5629771280452956
0.5201038114741212
0.44796633586833734
0.5785780075358786
0.37841319381467886
0.441128696910188
0.5774876402464342
0.4887934208684623
0.6522211108489294
0.6295910085012566
0.738466976620725
0.4920180994732136
0.40267390949112347
0.6103942192304669
0.5809805968748143
0.7515744430673573
0.5137504333374125
0.6428294743985006
0.58201185740963
0.33018252831844064
0.8941960550906238
0.3928646043900197
0.6281517444722245
0.4131531244106097
0.6796685611682789
0.6308091597137224
0.5596856400752711
0.38019857259577805
0.5469199574066053
0.5477655366841768
0.4816693191568449
0.6484551680320363
0.6021931862453974
0.42002031263313155
0.48569281569762945
0.4641459547995893
0.47250843449953533
0.7499645777630398
0.6534632780051133
0.5870085841005585
0.7181900582236875
0.5554460195647811
0.4683321671540055
0.4842122040379116
0.5138511469135815
0.6360808362736545
0.5949709740253198
0.6775585659686721
0.5368114245922061
0.621826808243594
0.5065586187815919
0.5133152229394278
0.6040471658670028
0.6873437346503026
0.45576411880021034
0.5651874173625794
0.614450210609448
0.4879655129742206
0.7651351184831806
0.45221359984094295
0.43826468183781203
0.63942195368785
0.6502959283336995
0.6333347283075502
0.3766593808008581
0.516557966098128
0.5198217415029943
0.635399820579578
0.6800142677525786
0.4564276546279663
0.5690709561352605
0.6386492035132467
0.8011318107813887
0.5198876784481646
0.5588535828042394
0.6457198483861547
0.3816218771314957
0.5920926519120311
0.4976034621976727
0.7079111240073257
0.4647768371215209
0.4720605885265552
0.5768765073867573
0.4961480240949922
0.5732497786015263
0.5351505432733598
0.6085844869279147
0.47827435836660326
0.568426959414053
0.504573656558557
0.6716294830736818
0.5866713752025396
0.5899814639190966
0.5457965631408374
0.629142867481179
0.5794980996217916
0.6153588980632618
0.5944317054465547
0.4525461779644653
0.6720405760860162
0.43227202584161734
0.3949523590036798
0.44736564243116206
0.5716673554627603
0.37564878639921784
0.5445901286294133
0.42862094890221364
0.5794188577100758
0.6496984645897547
0.4112467298481999
0.40654284069050356
0.4759273726024359
0.5171111329084154
0.6008616860554644
0.5924343939937272
0.612774567534029
0.4991571289546081
0.7764383052217644
0.5266381095611393
0.5869354172191159
0.45658296468804915
0.6931512021359734
0.4333937592077969
0.5408572178349188
0.561967372898359
0.3837054104242903
0.5342326943821056
0.5077287265921961
0.46895886741155646
0.6046054911933276
0.5978139837960313
0.6689528835482252
0.621906248053679
0.5565422818620791
0.5859552042831694
0.6140593851427252
0.6500258496759871
0.5424461028259769
0.5182319070672737
0.46660754132720095
0.40832160279177876
0.708519750482104
0.4750759089253461
0.5941438134459698
0.5118122027982265
0.5484153715611615
0.44243377507367165
0.4947209263523483
0.6111378432132436
0.6752434879751611
0.5464931336213187
0.6273184484574569
0.529602032310409
0.4246601890646593
0.6317564195962175
0.6529610213647058
0.5649414170467778
0.5334930241498484
0.6182041874499451
0.6540457575202749
0.6064923742980729
0.49796260651889496
0.4812084234833957
0.42291731372805064
0.5826068943869593
0.5573962104537777
0.5884197311584425
0.43035036385694725
0.6492005507843993
0.6518403988804372
0.4061796815245504
0.6461024106002446
0.6190799767713197
0.6005647103832471
0.4767844636964059
0.5723765867777808
0.33871668883053685
0.6313450451195723
0.53201312074105
0.4536163776315836
0.2767883143075446
0.46839909933803536
0.5038354081436701
0.6386038929565865
0.41643222204214886
0.6301339324635803
0.6766092005861445
0.47979101489728826
0.3923951847186773
0.5933165769145234
0.4845732222191806
0.6746728763949557
0.6481439132060174
0.47415086758772523
0.4581465070141793
0.6315887870615112
0.5957374514036207
0.4758547000747272
0.607684540916292
0.4888306785437237
0.6061402164174784
0.5875485166349299
0.6156708893033566
0.44055835641326974
0.6534503676683824
0.5206231341740637
0.5671384750481675
0.3912755979352508
0.4252427614737353
0.516487771733378
0.6403533496301841
0.46683216642067127
0.6358266100046537
0.624259916768406
0.4495296455911392
0.6064892241676455
0.6803642875563036
0.40980451772037296
0.5212908323337527
0.47931457058229576
0.4930548995473348
0.5134044443027338
0.46872061825346334
0.5804213150345855
0.5731427968610991
0.6612847099953383
0.6159254777884138
0.522023951034231
0.5628030343570991
0.49444314406429885
0.72415564349951
0.28332058847345476
0.548469281166658
0.6221220563711847
0.6194384161705186
0.43232784706590893
0.45863177240042374
0.5456594958194665
0.5435531543637017
0.5737707504851738
0.5271342724752892
0.5261976575908662
0.5655811292240267
0.43388640174524756
0.7442974948881289
0.4838776280713448
0.4903271161634646
0.5962268331455715
0.5307325751784746
0.5545759207149197
0.4565125944933578
0.563859376865997
0.7431743494256197
0.5214154592521805
0.41815842268966663
0.45530844534416587
0.49658083600159064
0.4089150286384471
0.6053941142456992
0.5594129419817463
0.4741115830754148
0.6510261445703008
0.622817452177143
0.4869786187735566
0.5599775165167413
0.553393976428975
0.6890522678211009
0.4428746077139667
0.4647872664666528
0.4377629731475441
0.6136283096047892
0.6015244072019442
0.7062723620642521
0.4990164873640007
0.48465763149474483
0.502289976473578
0.719804652164561
0.3966149576792085
0.3914236192644452
0.3825389800045063
0.4104681514794063
0.5953931386579503
0.593109949248449
0.5150585861228415
0.6163170196446337
0.5459517953003505
0.5902462848316835
0.5070825789733141
0.6119118223393495
0.4334356050118796
0.6700973525309087
0.5891302453646938
0.4796327751649471
0.4781854093148545
0.5776378780234082
0.506558640148242
0.43242147065553516
0.6412810480164042
0.6190198389650943
0.5927475993178255
0.4183728677536378
0.5010344885819346
0.532716033367307
0.422937878310642
0.4759605002718247
0.5242805214492111
0.4790364505967911
0.5578389197757386
0.7010507216461374
0.3678993689418315
0.46615734253756824
0.6810131777009255
0.426976224797288
0.4767438211375248
0.3768426704954576
0.6307082071843155
0.5106644270939007
0.4251545587516422
0.4726879498783537
0.5122466688155215
0.6627379234265228
0.8300923016021546
0.6405221701694843
0.5507611253032918
0.6619990689720338
0.6489992266964121
0.513003388888117
0.652139102448125
0.48112404395656766
0.6832812017731515
0.5103365966994854
0.5412768569824702
0.685009712562256
0.4524622822507552
0.6202113789843383
0.4711159493610917
0.41576147613242304
0.734224978033761
0.6210534795608038
0.5252115439072628
0.5352046308007546
0.7079951117819501
0.4956880954939969
0.5369474707157991
0.4771010345905029
0.4075443423670891
0.5871276449053803
0.6775983879985403
0.4209291583915887
0.5667120435059586
0.5947643877048807
0.47782109834130576
0.637951545120133
0.5077212860092691
0.5690844500411053
0.5547440962541532
0.6115330282528084
0.6046261015916983
0.5523895497426635
0.7475882818725705
0.5159970225730826
0.5365716932594321
0.8045655084615755
0.6733354941037915
0.5151673489212802
0.5368807610441085
0.6030485400131758
0.42888490774920895
0.5613196805542359
0.47322547771020734
0.6767096829462329
0.6235062646280665
0.70787185493645
0.48641948101108845
0.5901157167941637
0.3379404636560198
0.6055734899033804
0.5726391023959148
0.42290472660730305
0.5519722505774632
0.5907414918918474
0.6548981321687252
0.5677500783555613
0.4009164042180551
0.5848860141986165
0.5105525205528848
0.271196845662972
0.5231832720080835
0.5296144472685602
0.49348119145004277
0.36469899416493634
0.557696578861448
0.45321206240922807
0.5621595174773626
0.5613529636516924
0.5270444620828058
0.533288333600694
0.6684854856706212
0.464339710635731
0.6234217067118831
0.5270560403261656
0.5234608820513824
0.6726243984791698
0.4738154107291803
0.5347708150543542
0.640645888993267
0.7140559030975402
0.5320629422915831
0.5633575450875595
0.6745755728958359
0.6451705736438236
0.5947617734824192
0.6485034925915448
0.4766490187386065
0.649277620543776
0.5188058249738295
0.5833359132158824
0.519264384255685
0.6812051317399462
0.5191848576181202
0.5900149327364319
0.4742011052296777
0.605976202638818
0.5661593064772418
0.5337829288107573
0.6099374652746478
0.6178197073807741
0.42136253137230895
0.4633385788447627
0.6568717470094776
0.6780474480361671
0.6947606441479491
0.24468343640723422
0.5828735728866923
0.5000649950625993
0.492425982701901
0.5309221577558532
0.5256967176204577
0.5676681443152984
0.4715922789056814
0.4391902829676875
0.6005434786087562
0.6587827471495583
0.5688199775952723
0.5036435838847826
0.444310420771011
0.4965062369707537
0.3592889034978605
0.6216661677533224
0.5292534213273307
0.40676284176818384
0.5222122672297583
0.45107293940415594
0.5283541828120768
0.5541413300183449
0.5812331552276052
0.5061629964231383
0.5791477791079
0.5468063209147769
0.5756470019689086
0.5382927311428729
0.46098437233124123
0.2911574505160998
0.5208989021694952
0.5072935291735391
0.5651025862972717
0.6101261658356586
0.6718018927613294
0.6188857676093644
0.46096833192323783
0.4868670866468124
0.6012624491199514
0.6400409866904972
0.6193591171171591
0.43090569761540026
0.4781577699739695
0.5712370729004783
0.347823000045718
0.6065968109976022
0.5245103262503944
0.7520930324764618
0.60992024597464
0.6294027180636184
0.3113586798703944
0.5599936279519648
0.4115023309147062
0.5547205564336544
0.4888884957260726
0.5580466488767372
0.608089898123736
0.6862586117672426
0.507440824885337
0.48863084877699803
0.640955668174418
0.4147206177779451
0.5074708208843339
0.5625926104990725
0.3906599271358012
0.5539501480908655
0.5018491469798417
0.6563110713851066
0.39753814342819205
0.6466024043920712
0.6963189028827765
0.39670535503531046
0.6829035071014184
0.540423075309469
0.3799917783696586
0.547902107780655
0.532612295834065
0.48954165073940203
0.530276672395512
0.5088784806585551
0.30704805847684974
0.5959338028875155
0.536946060365051
0.4700685243961774
0.6152164242032483
0.621833863861664
0.4569246630025332
0.6106977828396787
0.4281316096125064
0.6618530944061535
0.4964809457824591
0.6374479607615593
0.6283550886918542
0.49565092062834265
0.47591933129785424
0.4924594210594118
0.5293812593588052
0.577951090373608
0.526275731749997
0.3083157928552357
0.7278745182936539
0.415284986418901
0.5963088699737793
0.4324066333528417
0.46145590670048914
0.4940345579281381
0.5532168812215048
0.4763985798590849
0.5714240173659145
0.5842727763369294
0.5203137084533771
0.5613229674047134
0.4606492433017754
0.6540526064820791
0.6733080816493358
0.5002193752020309
0.5321465944877579
0.45638374611860333
0.5874298411677833
0.6084890830944155
0.6348822523653378
0.5513588759273346
0.5625603152068152
0.4531646776674423
0.6191549508002024
0.6334429927632107
0.3258568637909769
0.42587629268871124
