0.5177624911277644
0.6562979073349814
0.6445539285780058
0.4296872117012821
0.5638101854788911
0.5083248019984827
0.41117044132864966
0.6348683241785845
0.5523158733185392
0.461282270606503
0.5320547825518144
0.6593147657480753
0.49939727880791157
0.6105419915172154
0.4904139151920312
0.49344215970479577
0.5211257980968355
0.6113438432182603
0.507584272867774
0.4783063221568096
0.45786884401573463
0.6535259464128399
0.5017704802883681
0.6195556302873478
0.6490821349029203
0.6219891676714481
0.7073786548392863
0.5127794550129684
0.6683161169714675
0.4816911908757626
0.4795811706408521
0.7081957137763859
0.47966783040663313
0.3640108975669011
0.5140612311723982
0.4162427379567185
0.5694942202792246
0.5754542734517538
0.5386116272043447
0.6989749090476404
0.5069123246747002
0.6701429128595034
0.5616249536176747
0.5359505909458444
0.5280295253083056
0.6585073156919139
0.58451299431248
0.5524337815030141
0.6290249733604375
0.4974052000444942
0.3307288475072816
0.43969612684011755
0.4843481606656946
0.6619365688397347
0.5459941327833451
0.6426813656384787
0.5321065620709945
0.5944758677776838
0.5879674468719469
0.6434174476182766
0.5343797612479979
0.5907205207264812
0.45994524827304833
0.4344843060799426
0.578028739953053
0.5593324987697226
0.4613451641346178
0.595299594251083
0.5957292006378518
0.6639953843285763
0.5607662352378818
0.5863803928350486
0.565111350298522
0.5605374133999834
0.48346780866349665
0.581016284628048
0.6150177717738697
0.5160353639831659
0.5893966199222339
0.4968089037105202
0.4737192100189479
0.48658920937649813
0.5071028989696327
0.6767468206542252
0.40259186516182044
0.6501273524788143
0.6113780058231825
0.6880756811537362
0.5179788497360879
0.7200762220577774
0.5244037976832641
0.7175592418832406
0.4913991078766721
0.7891329230006884
0.41215172619174284
0.6096901613337358
0.7092895767617153
0.5377507403833999
0.47499416038049386
0.497581113039272
0.5525772339635017
0.5250576441073508
0.7323552763941878
0.48729003531753706
0.463475130826413
0.44800427627408945
0.5819078327043804
0.628448781329517
0.7247277920297619
0.4954931858558507
0.4748778321548637
0.40890082594246946
0.5885244844814649
0.5826762585281695
0.5202545177505147
0.47537953329452975
0.41022215375018944
0.5946514292754945
0.4993316323200362
0.5468358575195168
0.5708506357656103
0.4932476029795306
0.38006149592312877
0.5419813728696972
0.5205097692937741
0.5578870133055647
0.4347468581021656
0.27794174521027
0.5209153482328801
0.5310981783916364
0.5662846577761321
0.7786704721443412
0.7409299638395148
0.7829231511862249
0.4568535716675185
0.5715838416884472
0.6150939821715722
0.6240096084741398
0.6104873961344415
0.4751335857402129
0.43341956308373697
0.54115432005608
0.5970516965663524
0.47010487741540535
0.5735878942792609
0.5389926056320331
0.5530658277795067
0.44686440875915195
0.6520123107110174
0.5604306200465327
0.5133522884877146
0.6104878672744889
0.5332880898426451
0.5523942360911935
0.7412450907917415
0.6647798002608858
0.5636230346505262
0.3877944112457916
0.426710137454034
0.6257361801197223
0.6843376890983968
0.4699113991402725
0.6179136973451723
0.41654870008008593
0.6615908610596964
0.5192684095039345
0.5815526553773064
0.4963959085389202
0.4820568703827141
0.6313977855900346
0.8100934742894598
0.6117987631430172
0.6501296962653361
0.7026365889125077
0.6099190041277764
0.9886653161006014
0.6486444999790562
0.43197374943865485
0.4677744894212036
0.3313882013557371
0.7265974283379873
0.6139093356323967
0.6468268715005768
0.5678959100505829
0.5205514842606858
0.533018579326169
0.5741352673838804
0.4172932514087093
0.33080545237296277
0.5312684337544257
0.4548552683236232
0.6516521786183868
0.6443320957296196
0.7198033907000306
0.6866762388767957
0.5945972368420452
0.6722084656210734
0.5896303243027082
0.4980346739468376
0.5214161223695716
0.5706309905921054
0.664046313174462
0.7682199859576969
0.5058506255315254
0.7170229455525606
0.6049650444161822
0.5908174654557173
0.4756417530927863
0.626686420514965
0.5325964200572614
0.5471103635337109
0.520570438320195
0.5786354167063563
0.6480655703743777
0.6415827246525996
0.5585548895517966
0.46458954823635545
0.42670038253417447
0.6388549700806705
0.8021335227507813
0.5557157805788336
0.6132928637400206
0.566189385129217
0.548033395642669
0.47764346673149743
0.6749874971613334
0.6953074133102003
0.3260019725301255
0.4195722323855222
0.4774892123946229
0.3851590389015963
0.7054996804506518
0.9215470659519509
0.44098892616060326
0.761666772892695
0.5647306302008532
0.6613820435702578
0.5962226417214647
0.5082206796837375
0.6281525560626622
0.6521466844461885
0.7393190905412144
0.5541001161260765
0.7961001103390679
0.6142322419287507
0.5547065698837571
0.6969466227273444
0.5643335850257039
0.5846752259041351
0.6120034228016634
0.49817620060327183
0.5430218387747805
0.43057831952802533
0.4825679110975246
0.7943033600345911
0.5496461774518514
0.5658495967277145
0.573416391918955
0.516593371412312
0.5364873006599714
0.5103556176835238
0.7747708436709706
0.5549266938843154
0.5019581986701618
0.48875253633272786
0.5415733454686943
0.5372552887809137
0.5770464234877242
0.5923048422538006
0.5054212518387738
0.43775187503489665
0.523155115867462
0.4954589152686031
0.7134804883037829
0.6846146306061155
0.7051007591318548
0.4750234383193716
0.5925093378658526
0.44429044442445137
0.38824854020294486
0.5270005797109313
0.37456529572781416
0.5548742613273244
0.4709622745105428
0.4797755184507515
0.6739829028720505
0.6576746467961994
0.5003255128632618
0.5182097454166992
0.508639668464033
0.5395236248657125
0.638292830470111
0.49046479472346616
0.5878725718910781
0.5713264463595039
0.33193630473345404
0.5986449242633525
0.5551203282479051
0.44498536030493363
0.4257892466523452
0.44523155322511043
0.5900156698515466
0.6299227420594959
0.5023619741108203
0.4669100340259699
0.4780830826216357
0.40889967233424007
0.5647657757759194
0.7865121595974826
0.5151244685971873
0.4760834530282677
0.6624444806646506
0.47219990609070966
0.5528458519721979
0.4893288362286613
0.518983636316922
0.4887339496831471
0.5948516464806832
0.6520778137028034
0.5703657132804589
0.5356037623451729
0.5279574448891473
0.4326707957529972
0.5847788770213023
0.4598633052723411
0.3568452881053067
0.4297483600664867
0.573681379070783
0.3968308653597125
0.6713916382483529
0.5693785216444776
0.6057539187980607
0.5177660235345415
0.6685519804277889
0.5535058230329343
0.4889059294444993
0.5123510596914788
0.5360721999023936
0.5626639245130359
0.488794080196971
0.2960922654345522
0.5422127115575455
0.6027832356020507
0.5095424149968759
0.5939709223683024
0.529241408863804
0.6061999707447598
0.5125106285061733
0.48289984276367826
0.5770136796432491
0.5122362339870343
0.5648622180520444
0.6076551867202841
0.5765925930432445
0.6820827058251746
0.36252509048722736
0.5662163664067564
0.5734687930619475
0.6260015270174536
0.7142341463496057
0.6663936170905509
0.5082823400631215
0.6459368931368649
0.669693787682675
0.4935194919574578
0.7720847286876561
0.5689954640538503
0.6863318515504109
0.5736142613918203
0.4683091434354938
0.5303769263166053
0.5949644321658543
0.5491445162911749
0.6520769843807228
0.5999930584069497
0.6962038411509817
0.6635172778164832
0.5697536056061197
0.43538231166718067
0.6095538662960419
0.7078444209983096
0.36382751448196965
0.5531886223323814
0.4775571538832997
0.4027236945069904
0.4970796006109655
0.5451626547913025
0.5192011781331596
0.6041463945086302
0.514528958282281
0.5183503454500024
0.7059699081294715
0.5104003219553139
0.37609208868158706
0.4862853904971891
0.763450142413983
0.510285540316228
0.611255120890533
0.4391257583214939
0.3426995211871221
0.5033629045901059
0.5987393579444406
0.6644339274544552
0.58961866944312
0.5174859293451167
0.4013424331125959
0.39158767136873407
0.3956167691715732
0.5073683938608804
0.7073467514003668
0.5477125483291422
0.5258575603398508
0.6059642346170973
0.5241776364913668
0.4643040575401542
0.6275477698949591
0.42444242753794015
0.6358001197838716
0.39699157543766583
0.5624020644158303
0.37558230424962025
0.5475538773093176
0.5487555997256768
0.6029899637953694
0.6463017293838148
0.519442477359352
0.46843086340706225
0.4421735571873229
0.6618869241265785
0.6240055303481271
0.6454960832888248
0.4145771099645278
0.48043745604119953
0.3520510473677957
0.46944193603001527
0.5459327334723505
0.5365974039427115
0.493274883707383
0.5195216705891796
0.6138349410610628
0.5113583548592501
0.6123517837395317
0.792123649445718
0.6694345788000822
0.6711943035081572
0.5120918146653722
0.42186067283973994
0.6890845072008237
0.3784612036668681
0.5199271102440889
0.47544684363987955
0.549129167919809
0.6130828356766276
0.7435953687858654
0.5284880868096286
0.7282132172430692
0.5658998355350329
0.536268209172667
0.7110979015679123
0.6053894429963623
0.5452064874424764
0.47408095022888525
0.5775195591729333
0.5104801742246521
0.7030393996226353
0.7753570594384057
0.513224099813577
0.42954970237956397
0.5139892635855768
0.6089793825732128
0.4826266131146889
0.6436219958543881
0.5990473700857923
0.3936007136697758
0.5299734176458084
0.68184736385783
0.5197121560693431
0.4843370879953264
0.5253844249530107
0.7518264456371513
0.5624142405962086
0.4885378025750262
0.48813620259681656
0.6513342739211887
0.5478985795473127
0.5089426933602383
0.49006182591832587
0.5206195106283388
0.569726824532276
0.5196173901102926
0.4832324963661316
0.2795748731513398
0.3824346008357835
0.5145694986712682
0.37411222164319097
0.47245640702820746
0.6312149310710098
0.5063316678450183
0.5554359427156412
0.7501424465627416
0.5414490258706368
0.5865318756595567
0.6924467511931411
0.6819251171971965
0.49988297149351757
0.5790330537971713
0.6280974139749554
0.5585531719748391
0.4653318007445978
0.5188168340643712
0.5669968489253523
0.39077744571809514
0.5151080196676765
0.7073277985452743
0.4513976666969382
0.6569347613601838
0.6286383876805262
0.7202531371545653
0.470344301373972
0.5402319731640959
0.4531246473822492
0.48885465527982475
0.7105107171513318
0.4433052685475961
0.7043187006556494
0.5129019363442144
0.572353259493536
0.24334369466652778
0.6516164983125285
0.53049344522963
0.3758789055351165
0.48954731930800766
0.42863155649773693
0.5438528914672804
0.3758611911368726
0.40615159045397387
0.6040212581652318
0.6752876161085749
0.6106840201148466
0.5454163305952
0.4661485219741277
0.5115031961375239
0.5990151413165815
0.30241826837380326
0.5326166617851863
0.640712473278827
0.6566342828650567
0.4955576768357253
0.4906794946754127
0.6041542253150952
0.636600334938525
0.49833787815855707
0.4912041520697832
0.5422376191314103
0.5110194670182606
0.43771211387507086
0.6516265493728993
0.4612563177514345
0.5459437251795154
0.4296575906122222
0.752777630506831
0.6348235536575005
0.42848494052044356
0.5379604861856274
0.5410589792025944
0.539088918208512
0.42179994961373435
0.7431458315341068
0.5628528551205226
0.5407426148279356
0.5135393295760118
0.42136702119928193
0.5619777586568308
0.5631614385875128
0.619800319230586
0.49123074162055985
0.5894199612133111
0.7202730520030836
0.45309098290803596
0.6090947335911897
0.7701239337723093
0.5865554480511237
0.6464555117459481
0.5976273431590058
0.5616183046050109
0.5283999612205837
0.7427117229645236
0.5836589359678563
0.36423618213828335
0.4530112926989992
0.7224106046735428
0.42197232523065964
0.6362154363688804
0.6122985294634867
0.4950158088728121
0.40219950787176373
0.6282470584624787
0.5162245716852957
0.4072976830880435
0.5841389210269043
0.5737388938254828
0.6116022323400887
0.38882441873740825
0.5874542845606187
0.5372550474882243
0.21109890543176257
0.6139506317391297
0.4523582058414583
0.7287298089451083
0.4531187626300933
0.597820360336219
0.5426193051338586
0.4535469584469678
0.47505016638012815
0.6542692681675676
0.5584129114581828
0.495896449099961
0.3471773897518655
0.6680141887123109
0.5362916045716358
0.42942300288316804
0.5680553189618183
0.6794775193859537
0.6089767800015652
0.5445231882775459
0.7070312898116898
0.5427527181232301
0.7171442510333019
0.623016073284807
0.6070840277407682
0.5061712967535947
0.4542492218844285
0.5514578930216038
0.41012143333270473
0.6614791763818678
0.7091115870953427
0.3499680307831504
0.7606465880792467
0.5090764699625785
0.4849865441823766
0.7468648605064526
0.6549803623857067
0.6378488972197011
0.48653697329356216
0.5712673072048173
0.47984507622631095
0.6092986738064587
0.540838178344053
0.5841706563805794
0.6225165640921785
0.35872679687450026
0.4814174886435579
0.5239137981412961
0.565281148612331
0.4434507882806755
0.44378271925294976
0.5942195806451115
0.5686878449346607
0.5903300810710483
0.5346194564820341
0.4475736123276233
0.6133376771086874
0.7913115889335238
0.4446192808003717
0.5984914463479942
0.4508304156146474
0.5748387143163662
0.46450072189729086
0.4739687289180071
0.3244629556280271
0.49004228470756794
0.5825829027180095
0.6007743766886583
0.7047707590406229
0.5998256352815317
0.5085214144767448
0.5701191007971939
0.43463857199099587
0.6511466600813336
0.6551481592802499
0.534562163912217
0.6858434712503576
0.589828694725964
0.5695903027742528
0.4369456580548025
0.7599553248177222
0.6119054738638516
0.5869448582230858
0.6004038360496443
0.7123094546733953
0.5235531061966975
0.5209310362660069
0.533052103582361
0.6565628030702944
0.5198236757558045
0.4736382084042084
0.707588379472608
0.5939324302030526
0.4929255036444963
0.5745380256776361
0.40039800390741453
0.6107901982648479
0.5498670949024825
0.6542929264870124
0.3195337312279547
0.5498816474101906
0.596207435286467
0.6229719657305575
0.49260361538680236
0.45696894338489563
0.3609234840762875
0.673871683395566
0.40864316885374163
0.7016678496057558
0.5444085111162213
0.46072057816557593
0.5370237577957166
0.41190915877261686
0.5358323692820623
0.5446209643289827
0.6308048321273503
0.49150039558000813
0.6280570597466584
0.45765968933089407
0.5150121225616501
0.6512384791730832
0.47515273901016125
0.48265260047912845
0.4768822972752622
0.4861949446366995
0.3873185076724912
0.5519277258376701
0.47761571928617735
0.3885762382080886
0.5400406236063438
0.45976404780577124
0.7561902965423372
0.5445384555557998
0.5088355100492469
0.38936052017380424
0.6564320241632754
0.6027591757854205
0.4462112070378896
0.4916400008719001
0.5581761128216435
0.5465292109659184
0.46198278164243006
0.5089456624353047
0.5624599949911268
0.5378874820332334
0.47937156924152724
0.526242481565274
0.509309630208359
0.6174164385596965
0.528028318402234
0.5613105294922187
0.5275709036111556
0.738944554419397
0.637527902508601
0.5554639405747888
0.6986134716062725
0.33442258681788906
0.5353974169166759
0.47003135571292276
0.5801638731860544
0.5809085898276123
0.5219911066452378
0.7000161948261134
0.5466212724743117
0.68257642604049
0.454319117373589
0.528041695326054
0.5804218940193947
0.37221506648263614
0.752113437091209
0.6304460608408992
0.5664351970642129
0.6014921370507548
0.6416064469691999
0.6377686183037906
0.46897026724049445
0.5706547284889201
0.6155675821379503
0.2985192962699924
0.5894076796200091
0.44563107895944964
0.6432919844555802
0.6170433883152125
0.49139459924872475
0.6073762657196211
0.47654452851245876
0.6257689420983815
0.34860748724572
0.573135693002944
0.6295807212276952
0.692247121856545
0.4781701903217612
0.6074047498925662
0.5186336384309144
0.41555540453159484
0.5782425761348097
0.518686727070988
0.4772873332665546
0.6159964078052176
0.6344435864224752
0.6442458536532031
0.5720699129678779
0.6997670769853387
0.41189831371904706
0.5869912205729397
0.5161774097719206
0.39011789943637787
0.5317525144591603
0.5943361268064284
0.4628149877594947
0.4582727080841343
0.7183119241047751
0.6345339291812183
0.43085878995144533
0.5191112324790627
0.5799830914180392
0.8207508969637174
0.5417311416696206
0.4640401400752825
0.5391150308918052
0.538650048496362
0.5062705882939392
0.5053449680355955
0.6514625061179621
0.6051608191935787
0.4154469002721721
0.5411124820433754
0.6627830308275765
0.5319724200011356
0.501973533100774
0.5718795082007189
0.4795833436098228
0.5461981861395254
0.5302130310497394
0.4908288967170953
0.7317460551185709
0.5943588724372902
0.5913590305383007
0.4915797567178695
0.5298341180434033
0.5335591945303882
0.4452461874956915
0.5216021975624493
0.36292029640501744
0.5975733539312036
0.46884335310917513
0.6572377749067698
0.4649795211584631
0.6078417150686024
0.5365558835510512
0.42193848623458274
0.541428140918969
0.6528318086577818
0.4731913466998986
0.687979347385892
0.5639833083472637
0.6188209536562813
0.520453806288495
0.4267905051285224
0.5226497944349069
0.5095736005095046
0.4040708598565709
0.5974646150959501
0.4567570066069067
0.480540465611393
0.5999188369534018
0.627563485073195
0.6456246924744244
0.4194064221091591
0.5286198688190377
0.5586753191352932
0.5758091261910476
0.4467273651007465
0.6636030186522687
0.6197915783486042
0.6500669501429955
0.5144058223321235
0.6369609252940072
0.6573686372026089
0.6186315890805556
0.5872544628970897
0.6691065406679154
0.42022924153402164
0.6094239145365945
0.65563514664704
0.7042324967547945
0.4924387376214899
0.52947946989779
0.6568770771723885
0.5361978732801674
0.6618129358457889
0.60689386619753
0.42018646340008137
0.8204473134022237
0.7181915798869066
0.5336060951612729
0.5020096251574289
0.5912290239229625
0.7387032628766893
0.3857909131488016
0.3852504851873594
0.5257266176926197
0.6522013268972213
0.46317418582270314
0.6304332485093326
0.5934535351536678
0.5424799259560783
0.4219143623426922
0.5414968210628635
0.6849114699900487
0.5306568811770056
0.4370784481479102
0.4741702918392412
0.6080877830682999
0.41591361696617435
0.6381266930070199
0.6139791006951121
0.5954018776939567
0.6113928252045586
0.46647938048396254
0.6227369800336977
0.598657231029517
0.42365982291619597
0.44799001396131627
0.5647456154743309
0.556604724747601
0.5497186369589621
0.41786084689819397
0.595900346519229
0.592480858801402
0.5283237589962295
0.6152308675373352
0.4945772022759612
0.599553083667238
0.4637324816305095
0.4863346410251931
0.650822441564824
0.5730113843760953
0.6406140074727196
0.44043687845666385
0.4010979118101402
0.5938505263763326
0.2926534010109168
0.5344653462074662
0.5486955694287072
0.45012097807173856
0.5530841890631196
0.6943467717383546
0.47495649086351527
0.5807131538608473
0.697938591498845
0.5746872112678993
0.5692328230118143
0.4988750209604045
0.6507077573527403
0.49465700154508735
0.5299158123120776
0.569613154717446
0.5252968833870818
0.5517408645938628
0.7538677508140795
0.6711525104406983
0.4776680764944596
0.4099563487158755
0.5513724374060357
0.4591013814410992
0.6373072598190797
0.48771499006182945
0.5089219300322284
0.5802734529679138
0.5363181926313869
0.5386122509068265
0.5513665351264776
0.6403293811131598
0.5657499330061944
0.5667818753622209
0.45549015047638164
0.6370703705008633
0.45880748395098037
0.57484142576522
0.6169043546120538
0.6762826392240625
0.6236093280508992
0.4036219063028191
0.5343552810180723
0.5350035070764133
0.6010933539721782
0.7071454245541834
0.4724155008755757
0.5867080953518008
0.41110503479667726
0.6242599418268688
0.4391135503771578
0.49882986455495754
0.45042463440402025
0.5850114898564127
0.556788025324941
0.5062155912905204
0.6515829998952477
0.5960475911071311
0.4959124588066577
0.5933165934050274
0.6497511464355595
0.6188648293735617
0.5243378634799684
0.4171679857115054
0.5044393943249578
0.4637019699431196
0.6948234196989104
0.5164190542322314
0.3521854726925946
0.5831919940523436
0.7929213447051038
0.4869537323585393
0.724031949974872
0.4895577903890601
0.5670335180157073
0.5099513914722185
0.6512032670039019
0.5380935600396086
0.647366477467856
0.5148965424615198
0.525340766369317
0.4918563265896235
0.6307659239303693
0.548560536143913
0.48445766233845033
0.6112957170553398
0.6561066198123761
0.4799309872586993
0.5085763052487727
0.6123136215065914
0.6813509167539304
0.5887105850580311
0.5852125871478929
0.6086982596439409
0.4573208434588584
0.5365094383067253
0.5302673993338817
0.5676165185941244
0.654468038299405
0.5589447343568085
0.5362318238049153
0.4792781069747947
0.8240992933784383
0.46364523235885985
0.3515817610834295
0.5333524570554147
0.5684285915753605
0.7288906317810473
0.6082889672705508
0.4838449179639884
0.30089416104928435
0.46358525196767664
0.5080693955040966
0.519715561869941
0.581305560566365
0.5523151143943508
0.4729328124783668
0.7196969352163178
0.5869731393231962
0.5619702490857539
0.5196078706001969
0.31859728592093817
0.35499234746562347
0.5999755378496092
0.5622359972352854
0.5093712662135481
0.42657280952208415
0.5748185595097807
0.6541861784751242
0.43029469183887775
0.539029946790322
0.5198053288024915
0.8146261820189113
0.582550849596092
0.7130438248905236
0.6302040483576923
0.42560394901568266
0.7565573744320278
0.5097480569721768
0.5023339179134577
0.34525876859502813
0.3773322244084629
0.6818028923092228
0.7235666845709438
0.4143089085838359
0.46364994521707315
0.6210024623520467
0.6465835008829849
0.50447618625637
0.5034104907848552
0.4978156111387701
0.7905088564210023
0.5679486729678679
0.4882928084018204
0.4496853278601742
0.45044915731816854
0.5388589154425597
0.4586005160102704
0.5785853077227621
0.5156258591771202
0.7080246573570715
0.5741512712740956
0.5997133983718617
0.6707103608245447
0.7044192674722537
0.4878822858521995
0.4991687970086521
0.46846855402861454
0.7352141006582795
0.5531041013768584
0.4301296738385858
0.42775629681721533
0.5972865165070574
0.4576375650341415
0.6432479948162944
0.6637953985085054
0.6619899906397197
0.6775241800654555
0.5586245922477688
0.5473005204939645
0.6551991264142648
0.46899087736640976
0.395083680188879
0.5345512482204403
0.6234603746698454
0.5161666425480665
0.48523815156045574
0.4943537141527761
0.5121548228366162
0.46017467513452365
0.5241886390854334
0.46304326084335035
0.4685944065484134
0.5821881785282793
0.7375216208167996
0.7253765724888619
0.5834339677557838
0.42126297831724546
0.43540670381478275
0.5577870888542573
0.4647931040409067
0.7134519036145777
0.6762905488438188
0.7170223191254639
0.5787493035935249
0.7806024954641121
0.5391177112242976
0.6676938027652788
0.6336950921081113
0.7266049264496459
0.5153499902709426
0.6083361602229661
0.5059868539931828
0.47949220391637654
0.6147271294019063
0.6659951093182185
0.6887132138121151
0.7255071571283377
0.6507895738989999
0.5135084570700439
0.40391869892778787
0.5685306260629822
0.5243327954141617
0.5180831356816121
0.6197611341402068
0.5795086586072606
0.5403702703972705
0.5295751025903177
0.598701562215192
0.4310015836002234
0.455356483117133
0.730032469143742
0.8168426996549534
0.3833735428098365
0.524425515965758
0.7064076830108978
0.46584449187207944
0.478815452731257
0.46620299022047806
0.7439589780946188
0.5792760580785632
0.6016531108975256
0.5189181101421609
0.6857484085974483
0.47544885905651757
0.5546966341012118
0.676899147406471
0.5702789075055255
0.44936948295880247
0.6541010942290754
0.6139645199424579
0.6244551166774801
0.6990633268432078
0.4515691466346585
0.4201280148395552
0.49432631495782364
0.4343517038712836
0.4613153923097448
0.4512648949445652
0.6616307755488546
0.41956842170052633
0.5439288676778619
0.5694187377929735
0.5595231010535111
0.502651141516671
0.7319682786735405
0.5429057660308525
0.4567645707160794
0.5570377278207689
0.5797709343508005
0.5154199205431058
0.5116449718163939
0.3895574218585349
0.6157079253653363
0.58048720349759
0.5828823792078845
0.6206694806462224
0.3883378656587251
0.41720778903488165
0.5165960979404116
0.41186991597019224
0.4302850224374628
0.44757195481342715
0.490529245128942
0.4753514798337284
0.6022122837669357
0.8174990804741964
0.4818723803169077
0.6894359786752959
0.40479602356313604
0.490936749938458
0.5709887353000036
0.6695835579183399
0.5874025037562529
0.46890321316672057
0.4322448059265716
0.5756171233447699
0.34235800316476545
0.5201701546934213
0.5654531577269547
0.4865134597888148
0.631309800844012
0.5121402070205427
0.5900072033800119
0.6347353477995263
0.5994248140572455
0.41510743965264585
0.6834351218701358
0.36789283453018784
0.6230649924385308
0.5353008330954955
0.38469613801523844
0.5285085170519205
0.30383902340840113
0.5834477865253724
0.6863516476200429
0.620526865310324
0.606303931895254
0.6663210955240829
0.6454246927006626
0.5139321106715667
0.5321823186140092
0.6945723135347399
0.5161217087427559
0.5661541628014519
0.4821882451843183
0.6133753024467931
0.40103582114712616
0.4986494845390845
0.5261626836919242
0.46964070989000317
0.7303787452690527
0.7103175540450859
0.711631911777947
0.5396250868245269
0.7312197938845826
0.5194904896728024
0.3716654030039961
0.6585822229725307
0.3742319829346044
0.5503376554966579
0.4729499658630019
0.6230860330187942
0.5772492359087279
0.4006475359220612
0.5044980115727241
0.3624233924208421
0.1794669682781706
0.5520740565230652
0.6801540391761071
0.5540401846545719
0.5348213885066688
0.6013907317129681
0.5812666901591004
0.692525051226428
0.6896590728133951
0.4418159588100722
0.5594556440298695
0.39701668784106314
0.6517833172841384
0.6943367541685859
0.4411670234935723
0.5644439823070715
0.5931804102394924
0.4326489860049291
0.5232471308343581
0.6904305706393676
0.35542697683935653
0.49564745770012614
0.5604165081553182
0.6892249455730831
0.30810058424786213
0.5901601136222961
0.4664837471925319
0.5279510674127423
0.5408061023836511
0.5247585775348814
0.46507092773777364
0.5707116194498701
0.5316231341440487
0.6038529562785344
0.715656983809828
0.5792677451898895
0.5063964665627685
0.462122548112048
0.6766709406990455
0.6140499234186094
0.5892728768692841
0.430268976357753
0.3863531838771259
0.4510132732524592
0.41893174724548005
0.4183865172754955
0.5544095036879265
0.4401581455980092
0.5750557926884605
0.6027947202048819
0.5701499829927626
0.5575739570465231
0.5387413977392839
0.6624842242181435
0.428159167748118
0.5623968764108114
0.6062088197818029
0.5392203172074266
0.5477067623517899
0.7083230414206234
0.6132595387035582
0.4960754869308869
0.7373123698044097
0.5624388348272245
0.48982254343312237
0.5176228627835399
0.5648576622766742
0.6728782218082285
0.6371054211602138
0.5824729433805582
0.43618162775964425
0.551089845103655
0.6251011829872359
0.4679990348244829
0.599540573932056
0.5443783112693226
0.6801367818847609
0.37517621711111765
0.48786884223427407
0.46393050078102993
0.48897168110648054
0.7375875445473683
0.7281589371011836
0.695113936679803
0.5030834809683903
0.6304099459115681
0.7094359274544583
0.7097963817669176
0.43488642727376725
0.6220345071555902
0.5643490239308587
0.5948828588374008
0.5308797661620147
0.5814692126676386
0.47039492124649646
0.7356760874164666
0.6475107746282867
0.4158179897845079
0.5833107530971693
0.6945046514085998
0.6057510511172609
0.5707223432220598
0.5322597070642773
0.641129841438971
0.5154803043871306
0.5714656177524415
0.5023668789511646
0.791531624025006
0.4746597556740874
0.6701468889401473
0.5980291682455721
0.5957778167207062
0.523628415853695
0.6450654573948215
0.775606369434073
0.47017197343158695
0.5226355248297192
0.6454307667162017
0.5206049235771362
0.5349866264670736
0.5099947863189557
0.7190447851105124
0.5254113729284973
0.48975488904385284
0.6261354087753339
0.5129550499151324
0.5551816768139217
0.7672255043603396
0.4459517070794719
0.47977742361992165
0.4397220281470106
0.4808698325102891
0.6176390164177677
0.5790836561000252
0.6730484021847579
0.44842103756444535
0.8225466905051579
0.4219173741118195
0.3883426401166708
0.5294756445772727
0.49346673651106043
0.4660477180781067
0.49569712532895127
0.39553200683012757
0.4048749572023762
0.6514799490072667
0.5024297061301162
0.7381267531945359
0.4464832398152909
0.5130140721521332
0.5404284315621984
0.49005475488589834
0.5184445000873642
0.3940066311679284
0.5682065951940648
0.5257850735020515
0.45119655059643254
0.4672246170096699
0.39002204766560544
0.5959153700372837
0.6762454432819363
0.591523585996684
0.6577561067197487
0.533398928699687
0.601389338819837
0.6564859475146345
0.5305105620450831
0.5770199942554131
0.5598658019097057
0.4571783476492332
0.58956658669596
0.4692073789513158
0.37493218337660017
0.741510477593721
0.5228514975892213
0.3556383944622249
0.5486055311100482
0.41489328307777357
0.7571812569143307
0.5799899830293469
0.4870189446227741
0.4384081790757326
0.509519380587835
0.6313446250180226
0.640872243916361
0.6298832813735826
0.6768921092730158
0.36532469678661905
0.7926193851808117
0.7533205822337368
0.5339559909259531
0.5289468077083885
0.40488221532897417
0.5646037747119773
0.659308867903081
0.4934073788977164
0.5524934104831698
0.6001972811289574
0.4336022307243038
0.551595305565493
0.3097966664665107
0.7267311023497405
0.5405756367137328
0.7136037644631591
0.5267979649885337
0.7025453096690026
0.6881757415834052
0.5697708745132646
0.5331207783672347
0.651166699672768
0.5167621063436615
0.6176735574893986
0.4672478424031215
0.7416079588976311
0.7237896104204875
0.5879384003105328
0.48617352318926754
0.43149794754157167
0.5140759079915107
0.6665191327242187
0.358204880643728
0.3960245498207601
0.5368996629448181
0.5068029022930154
0.6623741413863414
0.555877807521897
0.45291749518819147
0.584920701120062
0.4151587178280295
0.6917539222295006
0.507219654378064
0.4882617997671982
0.3272020821921286
0.49086544381536057
0.5847569520669245
0.5943095883179139
0.5067859662192847
0.6612475155123585
0.5625943012703708
0.603869622976019
0.5356976926293066
0.5950029282139557
0.4133514382703991
0.6146877221495799
0.5519654390054809
0.6268759797870469
0.5674420538779339
0.500886787387959
0.4972468393285505
0.5929205549343693
0.64401816218327
0.4798094719421607
0.7125314665339086
0.6143295555004717
0.4647763499044763
0.7147357651500248
0.49239382403916626
0.3802457057318763
0.6998868467861947
0.5741347850216635
0.4006445953119804
0.49286916085663834
0.4129694506213045
0.6767381333483136
0.5321934251152186
0.5473373686445575
0.6133197847976198
0.5783430859433247
0.47639343321905847
0.47588982844415073
0.5520621890303232
0.4979642669470405
0.6219443308166708
0.5237513802138409
0.5846221503113721
0.4979256692302613
0.6774529655316653
0.551214259549362
0.640962886963205
0.4732250331235392
0.692118433578067
0.592085765933553
0.5387681274251055
0.6368544587533653
0.6563990882161901
0.4598793157684073
0.7036688858699656
0.37467271075426956
0.4968165286311427
0.6141729633405888
0.6680040049170499
0.5988369556209614
0.3721521668292147
0.6698801415648592
0.4335498518142836
0.5186200585308994
0.5129055424255204
0.5663151925263046
0.3861539547249721
0.6535057133094588
0.5681820494847979
0.38262008787717483
0.4968311608591546
0.667291453500874
0.5784909036547083
0.5149710577590917
0.5305297729834859
0.4916752038287263
0.6293779165019813
0.5619654989582283
0.5812840194456517
0.4760390593762097
0.3286758503915008
0.5248476553750074
0.46943146497264576
0.4490728584573386
0.4996500038988063
0.5135102630424823
0.5606604299895975
0.526138556091415
0.5739272574448679
0.5880077107219308
0.454406709444077
0.500428472896439
0.6807645901060467
0.4321510147355338
0.60576958329418
0.6234321848641247
0.5907040864012864
0.5674449730656826
0.5495237582162323
0.5835345835952845
0.6350518140776135
0.5484392572503881
0.6746005001137916
0.6815770284393082
0.4862711187499144
0.546465353723477
0.6781543805254161
0.5006897675240105
0.5978310896800246
0.42118724981815503
0.5232093980795041
0.471263567067234
0.5278343759796291
0.38641774203041435
0.4555506656546225
0.5422338627322971
0.6918793758801246
0.6110774787511943
0.6173376532875613
0.5901466366456831
0.6106211342868221
0.7685278702850158
0.6220124473946794
0.5939644285564891
0.44948017816318553
0.6038054387461235
0.5298626423795939
0.4456929723872196
0.27538670144388644
0.6310453825017056
0.634073310475506
0.5485941701939613
0.5363007792651475
0.544932721130065
0.5775444659078423
0.47621377509458757
0.5403197744997966
0.5729913283136333
0.4453386206510862
0.5533661737978777
0.5346974122077246
0.3460308945931867
0.6071724630455597
0.710091225470067
0.6315171530406408
0.5362046688137351
0.5161326484941843
0.4514197145438005
0.6723397001859637
0.4000918892906232
0.5403780613778907
0.5611551752307172
0.4939364614406623
0.7309821969592771
0.4861619936409709
0.552587191263918
0.6269508151873795
0.5620095926185249
0.6522364260092889
0.513171954705335
0.5266184853092594
0.510076315829012
0.639894551496561
0.5299539838219014
0.45187154846980704
0.37399810233547237
0.7247768992826071
0.662659583743155
0.6765691018523426
0.423055540876224
0.7208274970304622
0.5056265454189884
0.41859982313832933
0.5069782662803357
0.6516176713239361
0.48291527159170844
0.5626525209527881
0.7110159097662725
0.431781068679266
0.4591217227208902
0.46201477978910355
0.6395340435800111
0.4631148812444902
0.4010972324225267
0.6255245246542248
0.5196566729030486
0.6070386630336462
0.38132147902219005
0.6172042360905158
0.5832093063310224
0.4555770852368354
0.6475567412989514
0.644485853512796
0.5759932298459947
0.48648789445095425
0.6335222979052895
0.28473632535059906
0.6151981963477516
0.4479841865254135
0.6053712391824683
0.6070768008926269
0.6969361657081148
0.6787105892609359
0.5537706379444467
0.6108893183366485
0.44240084071542596
0.5342275231325324
0.43007863222262427
0.5178559920885787
0.49012160043923936
0.651781342646813
0.5875921843739685
0.6168478704485698
0.4292305986307203
0.6948436576129231
0.45651793412578306
0.6617243250940114
0.3976578810790293
0.44123885608739527
0.6177789159564137
0.5000153701601161
0.6135885460235756
0.48820686243748745
0.5630156199901709
0.7199841030203484
0.40594657417024094
0.47929293990857447
0.7410244762161535
0.4592595629618043
0.34358206134882163
0.5125923553567967
0.4918906311740648
0.4345893409125854
0.6004054466736611
0.6859886721275167
0.3859271138103318
0.4617674161339532
0.5411891482199137
0.48299270082616574
0.5421013377118142
0.5993579427218254
0.5270045586255929
0.658524797679193
0.4911276940162425
0.5392479584745705
0.6224349070985628
0.493980594700023
0.7930999833896895
0.5846594646999687
0.590782765422903
0.3547600887441007
0.4697320425012795
0.6043002751806442
0.6593557488921583
0.5216670946342072
0.5197716979866895
0.6845655082495382
0.5118156629620959
0.6543419535592987
0.47100193543721935
0.47552965834522704
0.5906433948322203
0.7537149782021775
0.5093224824134233
0.5594108440675745
0.5450158117924275
0.6799199179799976
0.515124334343912
0.3381580442310682
0.6703763041314106
0.4080317199918182
0.5217257926246963
0.5253257489509822
0.4481435113849144
0.5719914961478012
0.6288129041578909
0.5971420421500908
0.4412080392743898
0.47952854560562075
0.4311864184100076
0.5953729825007377
0.48012297139746996
0.7264120711273998
0.5034636360468808
0.4195272380419437
0.5177041980248855
0.536299267805243
0.5182233571765311
0.5143802437580924
0.5756626057406896
0.676718882714199
0.5579426912216756
0.48611142769754195
0.5884439966019701
0.6735688874125236
0.6806235180651637
0.6831028151078716
0.5070901835937488
0.6746429662418588
0.7427408868963171
0.582044764618053
0.6168014742133507
0.5601928933254979
0.46033271035377227
0.6792999813469563
0.731551958782787
0.5209529705503156
0.5621986294767406
0.5087919699938147
0.5101733218427134
0.7505455492197992
0.6020584534257344
0.5734507376776838
0.6025984078807237
0.5955747104928909
0.5894111733374149
0.6219956078907174
0.5064420346902989
0.6414945934087651
0.3594372924719142
0.4386292581127603
0.5189381963993925
0.2688419780731125
0.6356846322698817
0.4725009844877695
0.25257845610385093
0.6174197675315771
0.5647028917529867
0.4002444481632128
0.4939145026615129
0.30085849384934127
0.41942150437710307
0.5166345608624474
0.535103095900954
0.5354747308409974
0.4435624659455514
0.2855143660065258
0.44502178715257185
0.7176958048552085
0.6522078501665436
0.6662459380605437
0.46757301151725167
0.582770017645924
0.6217031401920632
0.5505310712409491
0.6976871319841703
0.5328798724457153
0.4433167732936265
0.42769442047201134
0.4543772415568339
0.6034570612887955
0.6385443324507071
0.755734870637496
0.6224838469315563
0.4372224132985456
0.3720936450867026
0.6197254795999999
0.5593580443140503
0.6385099213106494
0.5179268246815153
0.64595141164705
0.5852299340658994
0.676540109675662
0.2990198422897817
0.5727878925253214
0.37121902603364565
0.5093154217188666
0.7149393720651883
0.44526042842423846
0.49754924145319107
0.42683942144509573
0.4591173893842857
0.5139090951809189
0.4555630892624053
0.4893548190597198
0.7052008878951692
0.7223664564160891
0.5545196430238125
0.5331601809528846
0.4087486234815329
0.622436307333047
0.5838488630720304
0.6349151106939586
0.6351827958041176
0.5219083895662767
0.454143793842822
0.5744241874977104
0.49257773467644217
0.5500150782750808
0.6103585003722816
0.4022027272044416
0.432325243316145
0.3808870046579763
0.3711311686302875
0.5446284553822157
0.5220011525625715
0.8094967969113787
0.5628662060585214
0.4920635835462146
0.435553082587695
0.5724346675248725
0.6324674882681215
0.6334741672554468
0.6724107094220924
0.6020377466974756
0.5354819243712446
0.6959333284928672
0.6084648498935505
0.6733752726734135
0.5201428122219653
0.37032328219553223
0.5781691148984196
0.44029317661386214
0.5889917973249301
0.3911323578662554
0.45643033792927445
0.5312912305696007
0.5774347324029228
0.4345695828329681
0.8034140751134646
0.31447905323572556
0.6083942949450154
0.5272420834393524
0.5544093025683062
0.5911901766892287
0.5647034415648053
0.5724512686515071
0.6151201182935775
0.732912560777696
0.4806037245168657
0.503337286539723
0.33950392248710426
0.4651218342207744
0.6806943570598052
0.6433662787504425
0.5947598418874822
0.37745555530337177
0.47587843933807483
0.61090168637083
0.4744659765384223
0.7294130692166712
0.619708554267246
0.739483544313248
0.5233946203150682
0.4950377838968373
0.5771850850411877
0.44621008157853553
0.4607587695539981
0.621004986419414
0.7738939191646581
0.5538120297225403
0.6019321559860622
0.5403375711256312
0.6139624089789456
0.6951515736890554
0.6486776903235644
0.3901870990657488
0.4882070095095472
0.4252724689333314
0.5054321188297807
0.5211512600920385
0.5929401212944465
0.4025695922013459
0.4999098899150659
0.5962657223818986
0.5997062688047988
0.41017352975110544
0.6262048484102609
0.7406742230295134
0.6236490177700001
0.38983453277271896
0.40103988395056595
0.539435344971733
0.4592860429663906
0.5829590863231573
0.5892062248888492
0.5123348300884006
0.5666944929356841
0.7613104469527023
0.46424094489204015
0.5613823311305955
0.5165686430632613
0.5762596915495196
0.6463582607614806
0.5810892376391857
0.7176362723510687
0.5128636617110798
0.5394897746009979
0.6160619434129191
0.5507568028419934
0.6566101722957781
0.5966126230125565
0.6472938710321201
0.6457454703265836
0.5722529958514676
0.5619625018299457
0.5015325701949875
0.569469359307992
0.5576382614610365
0.315187831217379
0.5999822830304108
0.44584586894340084
0.5601651289678844
0.670880727451085
0.5604535372674176
0.5498432175726872
0.43449755290902603
0.5109605130338991
0.6097122940737965
0.6526202261624805
0.6730240937567774
0.6289551276069314
0.590108681700075
0.6101135123003625
0.43861388253716227
0.5238678939206342
0.6679966259106613
0.5794819767306856
0.5473425809939423
0.5426209186651435
0.5334492361535239
0.6137390872608205
0.5108753311510161
0.5683897442792029
0.6164022708182195
0.5217570065609668
0.7625019317320515
0.5577599867357568
0.4693245257289024
0.6541927712894993
0.5392298396394395
0.45456751789217353
0.493847704691631
0.6475625416706994
0.6126181412113161
0.42427500371126226
0.5492174250264299
0.3756781948141419
0.5229519971891449
0.45342156631395836
0.47737442551509457
0.6127960076665656
0.4712826864015214
0.5836369270190163
0.5359509872385367
0.4839816256156127
0.46326976171186746
0.5194519149551562
0.5867567418712345
0.6501143946339019
0.7535185694691093
0.5543910519464402
0.5168869978672133
0.556993428492455
0.5260741372330009
0.5325921780502063
0.6007233050817505
0.49623674082997243
0.3696086328732353
0.5004070616787419
0.6383765389080256
0.5605036435154673
0.7084074919080569
0.5412894312467492
0.44461566206586345
0.5154982242517866
0.5705705289684163
0.49340575619330823
0.5055888703900949
0.5892898390691126
0.52329452082967
0.7432280248959913
0.6896489575900469
0.537550966625118
0.6886448191370808
0.4761519638840392
0.6185693492416763
0.521568626449046
0.5834770103108179
0.6856637352466064
0.4663111230800235
0.37704005632731974
0.522501927217978
0.47731402150281466
0.5382841718778778
0.5108990661944184
0.7446841157635625
0.5276177977450328
0.4592705913028089
0.5163315118118779
0.5750361486166381
0.5053413685793738
0.5541880006061449
0.5870491117583312
0.4938875415634228
0.6164435638517038
0.7344693933716195
0.5360128278535371
0.5757184671072172
0.6368450140745405
0.5045324207696875
0.619691738272061
0.5096213629557352
0.541606265451148
0.5652219275181067
0.6087238480799789
0.5811063722845582
0.6004155997025068
0.5594395317203293
0.7562253066616282
0.6465292319611626
0.5561382445617731
0.6092700568873939
0.651210639888141
0.3451445871650604
0.4347587721236943
0.391796270167395
0.535970508032065
0.6738780435189469
0.4505329137638421
0.518686476459628
0.4232170834990691
0.5599123636550568
0.5393427826048743
0.4092655478758003
0.6763577758084551
0.6213876916088317
0.39711077651457694
0.6231792177602604
0.6473837835804029
0.5785057042810503
0.46210438466391424
0.4376085770686565
0.4865999952687785
0.591632241845756
0.5554064102292072
0.4896736050257231
0.4824962973905278
0.5753431331580826
0.6118682034265256
0.49309365000161964
0.6617571149805517
0.635259352013805
0.5673242424161234
0.429459756578756
0.6157954782019164
0.4910489416071777
0.5464546143778796
0.5062042190972107
0.450554531967083
0.6185905310421604
0.6475015600688502
0.46478932793639305
0.5180193573155447
0.4137168246656987
0.6003334202094179
0.5241572982591265
0.5800382714819519
0.5928945916128163
0.7346330408409407
0.5943152962264613
0.7187410254085245
0.5720777306639047
0.4676440465629118
0.6077079884609787
0.5463591754345625
0.5100201457939625
0.48635123689014176
0.6374855015924801
0.3368149410467798
0.5851708469168264
0.7628114350489299
0.5980956678741031
0.5912257834507663
0.6163691481667679
0.5410181561708709
0.5932333504892758
0.4872867863414739
0.4417427408245156
0.41374071129581613
0.6819199784924
0.5826207087487122
0.5596570438258905
0.4469910569206631
0.36926157861629194
0.5230471758848972
0.6113483125707024
0.4989934566233024
0.6831965071856904
0.699539183443978
0.49269827747813555
0.5619569454873499
0.6209853694928883
0.4556190555305577
0.5879676143275185
0.460815984608681
0.5125706864844425
0.564391210945797
0.5573192447661233
0.688306217075408
0.44855873750179487
0.6668713084029632
0.4711102652848013
0.5447185180815969
0.4050149322226181
0.5308141615830416
0.671258659244481
0.6999615633325302
0.5470725038063549
0.44200591158996055
0.4087987942343594
0.40509164036818873
0.5039244884609652
0.5316545246340908
0.5855197799385236
0.5122927361770659
0.5888331785691913
0.632743689262981
0.45609015030844396
0.6694106302885775
0.6479372123837592
0.5620705152572247
0.4849829076383708
0.7774936101988823
0.4917888175678477
0.5187082784933514
0.6903873843140158
0.7128831286534
0.544970946361429
0.6483890871816101
0.5366416511900175
0.5898992525626632
0.5546710867649717
0.5161167284721534
0.5241037613517887
0.6674361330325567
0.7397193595468747
0.600878106984041
0.5926622488460529
0.45017060229781913
0.5501545988226457
0.5738385620256828
0.554647414420685
0.6228486839360434
0.5837856113418671
0.4445700891686008
0.4506660196540664
0.5995298296609264
0.5910291822836666
0.5947064526267497
0.5464556994441984
0.6661551691785108
0.6459367639792384
0.5492870244958247
0.4922218875472038
0.7761296091134239
0.5025616688692697
0.5811440192996407
0.5522207493812847
0.6671546133418185
0.7079096130400022
0.3522090192878593
0.49954863492984536
0.2630327245138205
0.616281126688582
0.501712340854801
0.522753003134395
0.3998293030890313
0.532277373483776
0.6125379619327594
0.3897922713782432
0.5609842179011322
0.7678588421237981
0.5810414985335488
0.6032257428063373
0.5655294158078045
0.7091991077694884
0.5417275564714303
0.36316393532856694
0.3935918736548457
0.5199315896660539
0.7282335624545943
0.5222867789901408
0.5813646636891279
0.5833248011214021
0.5739275047196464
0.5284411956737092
0.4826280426924116
0.5540175681668318
0.4874547806928135
0.6339564372194375
0.6958743045706489
0.6848932240084544
0.6465895313450535
0.4591018514378517
0.5473144238233993
0.642105203823561
0.36354841900052776
0.5722721342263385
0.6326643365406318
0.4309553126781459
0.4888782606201014
0.5019917199008184
0.6088092400763341
0.4631038441810341
0.5544328933243625
0.5802970314136042
0.5332748484052138
0.5623771079770638
0.6321132756529785
0.5689651636331052
0.4796453302981041
0.6391315450852697
0.5574375262733178
0.542189580220694
0.5447334928402536
0.5792937731724341
0.4424526501532711
0.5909518461855092
0.37804801357451967
0.5014003479670655
0.3853837530946115
0.5938542729892388
0.6817554050927856
0.49474754862621595
0.5936483641109715
0.6470739357473827
0.6069668978828815
0.4952558696047379
0.66406685611901
0.5638233836679721
0.45384267612816487
0.753769700453047
0.5455226082628784
0.5545580189809891
0.5598397131547721
0.5707502159698699
0.5059747031115097
0.6501228936670728
0.5615143840093093
0.6856021206807652
0.40655203941350504
0.5479714371227723
0.6475282256266603
0.39855474394282187
0.3180846045781913
0.3995695355273138
0.5988897023755627
0.5195753379950848
0.5959059065323353
0.5941447663312316
0.5094891585826089
0.5574087940879467
0.6110452801195134
0.5294892802761028
0.7044215180624404
0.41464895985111466
0.5377438642939497
0.5443152556621726
0.45002099454276406
0.5438457164044803
0.5747723623958658
0.47944707395334923
0.5890113492794175
0.4529587910186252
0.4927310840880265
0.4777327427881668
0.4645128830893801
0.6813894241876954
0.6672836730720084
0.508097157602037
0.5866947153285783
0.538181823858533
0.44987362971848854
0.5462482531453647
0.4822675017944416
0.5567647198612493
0.5473278137458651
0.6901937759130241
0.3561399276177586
0.2883477140497137
0.5259220783903927
0.6275524037277874
0.6662397604910726
0.45858593941449083
0.449528521430368
0.5528008116368387
0.7141018231600567
0.4809770971208285
0.4162870583486876
0.5369801355847658
0.4340312812083596
0.3821043060996558
0.5924752535277052
0.7150058321236478
0.6353478646311345
0.6473576061316026
0.4047032276065168
0.4777017666008404
0.5474970309917436
0.6175249823510511
0.4569708279736395
0.4768870416248009
0.5495971505964097
0.6013320805283235
0.8012236711799705
0.6223624777119852
0.5605167679639635
0.49594896719835246
0.5527466066376905
0.5780129054890953
0.4810333868707174
0.824639505934234
0.5100727768158889
0.6050341136059509
0.5046446814733926
0.4854471918795783
0.5065780560569455
0.4770493472777816
0.5968370999129046
0.5386502973567119
0.5116725310288867
0.6043940207255257
0.47506153006528085
0.5567574095133966
0.5480566262224966
0.4253451677112483
0.5344666871075403
0.7793877188776297
0.739323200397155
0.6744395006960734
0.45890010804705
0.49458019816977017
0.6315159674714512
0.6776841845488982
0.5164545873642056
0.6585823778715288
0.3318072604042789
0.561196689367746
0.47724096288518053
0.5998130797818096
0.5299361158591452
0.4307973129929086
0.5948809383812071
0.40739952180555394
0.5100380118476796
0.5954184775589764
0.6689570602405087
0.5860183160607232
0.39469115313976727
0.46581550113493153
0.5287061192911281
0.5297544077400214
0.601172225841911
0.7033890836214327
0.4372601954778225
0.6222530024925846
0.4873218696917166
0.6482132376650729
0.6339148992396451
0.6735192846352154
0.42304848456624156
0.5125340683866443
0.5176768804958833
0.6504249474130215
0.5024209749379687
0.4469158634259528
0.5214933430608676
0.5126817591655366
0.4584676922492188
0.6070404369652449
0.6508329574380587
0.5746075474260653
0.5656989033402875
0.4541078726199859
0.5530699268262652
0.633129193280638
0.3248704006659092
0.5725266649161276
0.6010509294294926
0.5709983112397772
0.6762459587315962
0.6319898394635968
0.4963043277473086
0.6177238328467128
0.36412158249000137
0.2838192151085544
0.5654925349709704
0.563104761882345
0.5946076485894716
0.5300174868782218
0.5649601167262505
0.6450649084160252
0.49638923173859506
0.5617351547149338
0.5841736359358289
0.7674446841299252
0.4662143726799485
0.6871730622693175
0.45081067249029044
0.5404458898557732
0.6409842269543502
0.578607663689866
0.6207310642179256
0.6151655526956668
0.5361334797792833
0.39419216927557504
0.4869541158027715
0.6148828884038328
0.5196847433027817
0.6212140094797652
0.2721479256989971
0.5913558419142967
0.4267628332152191
0.3760990941922674
0.4382521811523649
0.4905012765456541
0.6190914276581546
0.49832860854068733
0.4452206720063441
0.5756002202119507
0.6529664084915793
0.6502719272249856
0.4980828732917749
0.5105389527781663
0.6453754697371953
0.5228757241997516
0.5546414708433112
0.41002551523307085
0.4402850864489145
0.6822097546276134
0.5796792273092255
0.6873446793277478
0.532853053347123
0.6619929320792854
0.5127438022292164
0.6437846351990557
0.4560451344174965
0.5862933718277448
0.5870187199329457
0.45118504775640167
0.52007596669695
0.39235980613215043
0.6609966991960244
0.702159191643426
0.408059595156806
0.54982524678717
0.8204929257332974
0.543389720201371
0.4319323464925904
0.4505613216717299
0.5859446074936426
0.5417746405980434
0.4928935455131401
0.5013509602938502
0.5400387277772473
0.6257976247748679
0.610001640248562
0.5190290181920315
0.5013434395962443
0.6644727534636159
0.5161233102221995
0.3671678551815657
0.5302679389465614
0.6731268641780253
0.4034227394187151
0.5677795290188835
0.5937942183378057
0.5636935110018934
0.5395976999915975
0.6001980432446629
0.5290166882368663
0.6405599344080748
0.6369937806367534
0.33344566258296726
0.6435680050990913
0.7035344199937917
0.47643727996973645
0.5542547210597175
0.3439559734901242
0.5397474674027711
0.47953432470677676
0.31811187191255186
0.5763261757747522
0.8044451575307704
0.641361422016074
0.42611101061091444
0.5382990968815876
0.6752958905859654
0.5609156971840191
0.6287545534921445
0.5644769682230009
0.3734397071181307
0.5380796907335422
0.4413677005563985
0.6183395604447264
0.480330616603444
0.5945042201336992
0.5604401797556229
0.5437332141761871
0.4487251737388943
0.6199137256916787
0.5377960465744617
0.3208191058365657
0.5754461490938949
0.40803668440759244
0.6898212989543542
0.48920477378691746
0.6500847617126575
0.6790027964807379
0.37612490925758113
0.6919355507321159
0.44453810797605753
0.5158412948160284
0.6748649045848057
0.6861649538906752
0.4771819851844277
0.30158056682937817
0.5817493407595609
0.4001260148346926
0.5070522629151909
0.3874415306111242
0.4506785237227505
0.5772214099645039
0.5474520040440176
0.6587190707404293
0.4258251248410591
0.44128730130142696
0.744247524746974
0.5595215457037523
0.7159862961093528
0.611960721585013
0.6560518719609081
0.6044130888562945
0.4404378690701065
0.6120622949176212
0.6931633287414156
0.5740352502208395
0.6674010962236372
0.5173105992173707
0.46676235183936665
0.5031257356048313
0.44592661983913917
0.43150938733529254
0.7045133963912973
0.48062430465657846
0.6156877428179709
0.4699077403862789
0.48112278662519137
0.3903455946500371
0.5588546740605486
0.6244782482417072
0.4803353872475461
0.581379436412174
0.6675249962262211
0.623813414103838
0.5718828831648115
0.549744143979256
0.5267578563513282
0.6109239783042139
0.4662747265470579
0.6532209019244577
0.37502662392357006
0.4546710101618365
0.6326013305680707
0.35891445772110586
0.46594836635949205
0.5577398781494182
0.5429948802255775
0.6013172727992019
0.5900057073805763
0.49805421714112114
0.6062713464225667
0.6290025263902682
0.279132616907414
0.6596267792040456
0.591860830659605
0.630192628306835
0.7319056165598736
0.6399740660598519
0.44848564103340444
0.7352946116208802
0.605007617029177
0.5486273306573062
0.6632712949769406
0.5337275370140196
0.6585779471115878
0.6693765853431733
0.5888501402536355
0.7702455263709947
0.34817842141498834
0.6879219868088059
0.552201294080978
0.6551649575758441
0.5402947469248762
0.41176106079958263
0.7191505961834399
0.3571478680300339
0.5171206148127119
0.35528895693757034
0.5410884194517649
0.5790930806467927
0.6663654006097799
0.4375757275807137
0.4261001391443156
0.6619259213956691
0.7227913577594985
0.5826241802493948
0.497445247637051
0.570937431547476
0.5911190837741672
0.5664144409727875
0.5855273809295697
0.45983317726737777
0.664863074330124
0.47529659034365807
0.6252081107026092
0.5465730036575478
0.4397041340667141
0.5369846068000791
0.5067874672521475
0.4935216534571039
0.4640766598519615
0.600945547015323
0.43774487247854044
0.555005621586547
0.5361093773334635
0.6614879173656508
0.49498517727941443
0.5196776249340189
0.5219783666954007
0.4360144388226758
0.4258622112600197
0.494032797794379
0.6062487697847412
0.5768520530002635
0.43446430108556705
0.46407160192354346
0.5399807511214926
0.566153984268173
0.4778438360939884
0.6792732673035445
0.49022993824294486
0.7427797202011474
0.5412229494178012
0.6150483183421853
0.5081214033038053
0.5965762963020053
0.5645245289793929
0.4897761062599712
0.4944232207635617
0.3316287464743073
0.32051169964283077
0.5635454932668874
0.5150519232686323
0.5772683851505377
0.4534890823449167
0.5495339244979756
0.7174525269125849
0.7020140138521742
0.49573524012498127
0.5590147446480281
0.5702931839427595
0.6302660677410932
0.5714608609771776
0.5539366692374944
0.8132966550311362
0.4734730384010656
0.46767633057260966
0.603063574795468
0.4324464002137517
0.5781465960374573
0.6434517611302519
0.45985136360571305
0.5599790428273694
0.6022184924681979
0.47388417122678494
0.5532095872958874
0.5477979523419518
0.39169840435619024
0.40417633171960476
0.6005894707246171
0.41977070018149365
0.6675599570383235
0.49309153617801116
0.5756436769507186
0.5368595737604933
0.6058082542610776
0.4034545364122225
0.5651157353738734
0.77781234654739
0.5369736546221195
0.48991069924262715
0.5012022047524897
0.621265457282668
0.6427829066262067
0.6099584556345748
0.5885519830408426
0.49788044174063195
0.635471638411976
0.47516282248126385
0.6555669900418573
0.5538621989986268
0.49828484873951384
0.4741007874235514
0.6376943309081006
0.5810754053683681
0.5014378902837319
0.46156733573282455
0.5407386805157428
0.5173507573841548
0.5112245178324701
0.49173832558015745
0.5212035868190118
0.5409236257206458
0.4830277133462494
0.506799122413081
0.6730650516867072
0.5520199097008288
0.446651789549831
0.5630507104992541
0.4861505625050354
0.6672064664512336
0.5864854551430736
0.417058442244173
0.4889625224465613
0.5991620574577095
0.6263230243231538
0.6283927861671468
0.45305615431325824
0.4116757851718874
0.5664616722788777
0.5554348091209549
0.6579650579325079
0.4950954101631685
0.4636316516900317
0.5605602922974192
0.3937511175773374
0.5523587947475892
0.6511430425128826
0.630343140770892
0.4278836309811445
0.5204530525780466
0.5348557076849926
0.6698233298154262
0.5300994294178616
0.45705567515645124
0.5269830979127158
0.6668178534660492
0.6422388843743125
0.4747152902921499
0.8370695312902008
0.4986630341554906
0.5404072613921508
0.5541587509887118
0.5976704344751522
0.40509126166339987
0.3593821723995959
0.6374073711242408
0.45879350661914814
0.6239068539419058
0.3646006688269451
0.617136106788054
0.5947759085427878
0.5500807563941471
0.5996669108463902
0.46675814348441025
0.46528861819610334
0.6994560033335798
0.46911538149390997
0.6181421329569622
0.5076087981433164
0.5970891608022323
0.5657081705607645
0.4229606649307025
0.6933953364003959
0.6830621391182039
0.6308966224101336
0.487409272407029
0.453004115040731
0.5298204254992931
0.6056152450156164
0.6563380209463321
0.44572548006527635
0.4136273853608262
0.4780762418923883
0.6505191425523306
0.36552959552591663
0.4298402805529763
0.579570206495523
0.4347442999361262
0.5110078643215888
0.5287698231383214
0.5843872140205371
0.5454196535477365
0.43100650923450706
0.5127154834631781
0.6215964656123
0.5265839329375082
0.6652845281685265
0.627073373928587
0.48319570538125994
0.6010514554892677
0.5501156058023053
0.5570501972704514
0.5167527007265804
0.6040139547212229
0.6258984238254325
0.4598361054892147
0.5752811572505396
0.6948922879551149
0.6367930341796236
0.6893209047906882
0.4387951540954277
0.6635184695391833
0.526405476135464
0.6597900221819609
0.45328697965629317
0.40006766522154674
0.5224407689169875
0.5170799975905098
0.6255905147230932
0.3995490866241772
0.7332592617617149
0.42543595255110506
0.6115963239378807
0.5832361252199522
0.7962235558459041
0.657044771328251
0.48382403221004
0.4421817648307335
0.7229683081223023
0.3879952782798989
0.4335922877200361
0.6355584722050744
0.5898598490297262
0.6519966695152883
0.7788145904934007
0.5921165895757502
0.55461704959762
0.2782536553081943
0.6962341274895104
0.5078509045201599
0.4426668850730545
0.6765395412976876
0.6135471816247442
0.7286925133603827
0.5578203968878622
0.5466466703566152
0.5776609430493522
0.3937318778527026
0.6344503044314518
0.5956958673191899
0.6433868325049683
0.5084352847684546
0.5321898517953947
0.50670627717729
0.4769001287244205
0.5881305666930254
0.44667455924092025
0.6070394242232067
0.47875884996458634
0.6651812839147899
0.727085960458944
0.42257836867927345
0.4214171015263872
0.7213453546251196
0.5130843550484376
0.617858333235181
0.4300895465982399
0.6948544954914975
0.6528226153654237
0.5587650221503234
0.5466883568023937
0.5045833851615709
0.539392688915241
0.4073221084309121
0.6365074206223713
0.5819650622439267
0.7809584734953258
0.35822257553080333
0.6790416461675833
0.578656313980202
0.5387859614133608
0.6236815011071593
0.6718216850088394
0.737824284298411
0.5344317075710755
0.5857974004856198
0.500786363165176
0.49818584931050786
0.4374616842298928
0.5580262855924262
0.552808658838783
0.5686094392036395
0.5897642070098349
0.5079887119201999
0.45321772413185135
0.6310227740071228
0.4633441576652122
0.6517165513107138
0.4852427943431335
0.4900025753086045
0.5803993603806068
0.5537704963364947
0.7216794174048698
0.5892916957884532
0.5031804755609197
0.6391629419388141
0.40074024684323173
0.6633812894179824
0.7206262932864517
0.3535216200313367
0.5984031338117088
0.586958956311899
0.7612861333229537
0.5919730187364719
0.5170237578340364
0.7328276440825976
0.48956943060212454
0.5296666463601514
0.616429804194707
0.5716011778409584
0.520534812090268
0.6033339068890354
0.5736224300331441
0.5900768446960081
0.6272836791312428
0.3634186108347952
0.5089068116438068
0.3890322441341145
0.5232871676096184
0.471831327005481
0.4815854419585586
0.40928397554649854
0.5892886369465922
0.6475892721187715
0.4982585806051208
0.6463071867803678
0.35000338520401325
0.39664367030863823
0.6113271469286318
0.41654111278214556
0.575887481329307
0.658032656046977
0.5189086271074533
0.48585136252014516
0.6350458315863343
0.5893193470089726
0.5388960116458819
0.5034971654066464
0.5545565457492392
0.6289487732538387
0.508912303995775
0.6628138429720273
0.38134287111042214
0.607803376407263
0.551574596691513
0.4581917173490657
0.35797580477156044
0.331286213137429
0.6022674281060054
0.452911571503508
0.5933545358509706
0.4584761719647741
0.6298040191933383
0.5465216382179753
0.5233038044368833
0.43574763629557456
0.7857334859534593
0.5504104193983275
0.5095540782900216
0.6523200590685481
0.514117247290013
0.5203528599751952
0.5856918513793763
0.6197611858889259
0.4159691896251164
0.6043140347445584
0.4682120022481754
0.5310886898408108
0.4926697787114964
0.40034621247022995
0.4678778852913227
0.6266306056863747
0.5031141340124847
0.42944093070468276
0.47832808344012306
0.3904551970921111
0.46469255826427486
0.5464897410744605
0.5599334000683709
0.5989785662011079
0.47749655500567445
0.5467409040709323
0.4000145932805951
0.5929151889225538
0.566595313988178
0.6146638296191699
0.49666757870974076
0.5874321486058136
0.6235849821482843
0.41034513037439513
0.5613772932576144
0.5566012118009263
0.6032640115261194
0.6121936895654734
0.32334208436947676
0.6804746241269145
0.5519994480165402
0.5619241079350957
0.5194031974136738
0.35879330971173795
0.4730138662575422
0.6483654607558763
0.5677946714131594
0.5376710201098017
0.5521696836966369
0.5688701961106863
0.44646509550190255
0.5076376729503951
0.4966962247871265
0.6302684437488366
0.5219597159403662
0.6782746060982872
0.5243545022370527
0.6949501665344623
0.6386379008207643
0.6807578479428175
0.38470925862788685
0.5791446167773374
0.3990064450719628
0.6095726882214447
0.6488314430572097
0.626786804915492
0.6283436668798501
0.4010547285507118
0.5519729925357768
0.41054743493355217
0.5557290717251789
0.5498095213119207
0.5638639975674209
0.3522548996094737
0.6677239765156922
0.30935391101039134
0.5082221963245603
0.5431025869451345
0.577340158275452
0.6887746977961634
0.4861442236574813
0.43391248847274655
0.5760287544743595
0.5594001070613581
0.6186726139480145
0.5429650033602675
0.618079767063267
0.6065393022541881
0.6421290541979711
0.5302204925961962
0.6477287455732791
0.506747733538564
0.6723196191218395
0.6708638463209637
0.48195986484454845
0.6672251021763671
0.5923132271607333
0.510106277832332
0.4665430701944326
0.3885204132761895
0.5548253889488717
0.26513478379448946
0.39088180422699564
0.5760129386532712
0.46484923919370447
0.6103849919058162
0.46677016906560054
0.6393586986319931
0.5101929699559938
0.4253022637194511
0.7234887097589736
0.5826714975062545
0.5606774049913937
0.5310202065574079
0.5792217276404465
0.40473788445583836
0.4618686306003565
0.4410965958696468
0.5420413077712912
0.6202739835477861
0.500961960554709
0.4707060409123609
0.5972335336743162
0.4688141560435917
0.5644301866089947
0.6374818266082047
0.39944828897319046
0.4987331729699992
0.5839682394697863
0.558509749511808
0.5990550113304995
0.5532297736687526
0.46479935930916755
0.41098837062444993
0.5501358324564716
0.39024003977902266
0.5550917691422281
0.619123493404487
0.5219797174081041
0.29523510711816564
0.8059323638811111
0.5613605887514164
0.4808917731018524
0.37810981991923276
0.641528365096967
0.6648825708035266
0.5381048189191601
0.6641721357992095
0.4772687930136225
0.5844550523373493
0.7127490940504415
0.5973165354551607
0.803899707477
0.52029193743818
0.6101983648284037
0.6436571867772456
0.7765595927827054
0.5187390064641839
0.5551950136944017
0.5747962052999034
0.5736957981288755
0.44374653323783214
0.4728277957740278
0.5083425556788186
0.5026351452374769
0.5568508149093618
0.6756250102872716
0.5638911822156907
0.5742612099311086
0.5277857015114032
0.5782524339074209
0.5120308304376333
0.50418613007424
0.5328480775639021
0.6066867427346603
0.5023098622365113
0.41315044458524
0.621605928367058
0.5346823973225772
0.4968871134199212
0.729212927792024
0.377704811162064
0.5122644361977469
0.5589789615432277
0.5471177326404293
0.6078553422240989
0.3731841305096572
0.5071552245288362
0.6726737438277368
0.6606350525497631
0.5792720990402447
0.6225745204796894
0.6217597865479789
0.5880447138552273
0.5864070409064983
0.6432316085238025
0.4866485149354996
0.5311623574955165
0.6259053753178947
0.4703495470886891
0.5057358000459962
0.6630089762312434
0.4692367974260868
0.504730375257681
0.6370432856830107
0.4971637929869358
0.5206430822446491
0.7029884598391057
0.40443413954100815
0.5665180918812461
0.5394008473286653
0.5899838478080873
0.6835574763214698
0.668007007274829
0.5906146572397417
0.6184377033800333
0.5410172041004814
0.4126612798283686
0.6791294152158232
0.5754049897755599
0.41147582467759314
0.6333184540114565
0.5077162525186479
0.5977290304778343
0.7485755530214429
0.7294867086144496
0.6414931344058681
0.5347278749210126
0.552481488772316
0.6473552951046764
0.5897539766617341
0.30207786193841424
0.744135497721639
0.5374381040847583
0.5411083146434141
0.4945760776844595
0.5180808947028303
0.74066890909202
0.5647735145610522
0.47236294142391044
0.6667739617840367
0.6106461692637701
0.5152406140073909
0.6749244607474502
0.42758803278961155
0.7163470084981692
0.43712296340568185
0.47759107908024
0.34153246201393306
0.5587485046637531
0.5821726858195496
0.5724921678843737
0.6078601839626818
0.7469432315901404
0.39738124230385696
0.6350764295498404
0.5176652611901947
0.6435806861917618
0.4677129165021016
0.551054046100682
0.5494522962624417
0.6550717701404878
0.5153338116844896
0.6246760906201048
0.49984766318117235
0.755679560811756
0.4194750329155366
0.4916472092781331
0.7387057573561737
0.5424203541568104
0.5737645013534081
0.4848797068908204
0.6237223245010314
0.5181705032095828
0.5452216204474043
0.4610220081125078
0.3540385475527657
0.5382696156733464
0.8689461406992722
0.6685641925332797
0.5876070375415042
0.4295414138251313
0.5446669519735439
0.3553882403463458
0.5056346343451722
0.49857241630731464
0.61911903159448
0.6168331675274634
0.6128296942606677
0.6655994407111857
0.4988570214424425
0.676406342100984
0.4871662710225955
0.32719636787514694
0.5238471372649115
0.48537264295786847
0.494912000275605
0.531211914056233
0.5523286460131179
0.6113251986210196
0.34521262784846496
0.6445127268979329
0.6116311445473286
0.4940677435099068
0.5234237049653848
0.5023092886787234
0.5474602846997885
0.5241316095378337
0.49652636661832683
0.6077255906274772
0.541054200012339
0.5272770829026042
0.4255162364506257
0.6200614297146477
0.6397849488123822
0.630363193759772
0.7580607817644277
0.5163057137758675
0.6621617412249822
0.5811866625764402
0.4961194339222371
0.515270147131153
0.59581033314967
0.591262243822296
0.7977386118189552
0.5348177037472612
0.5485303853519645
0.4536567569699738
0.5844627585184083
0.7099672990935287
0.5071053874461693
0.6931558592342604
0.6324264330918516
0.5900855199172806
0.3986898324198652
0.3579894563428453
0.5966040540742961
0.6284586797738037
0.5693277906424344
0.6135160986875124
0.5113428997497785
0.48744026416367975
0.4953439386027872
0.46589512127632104
0.4428438200235803
0.6743493982643931
0.4771849003163349
0.6423816599027392
0.6244048577168682
0.5199304756212817
0.5504176511954347
0.6337062351350666
0.44463555871841554
0.6222644453398536
0.665044965655907
0.5027324163244329
0.6100405589290485
0.43938054757712847
0.5752060068736093
0.37696258818947015
0.6782096855060132
0.5581444280018037
0.5652110231482105
0.6274836836397779
0.5770203416904323
0.4998328098100363
0.6267014254994048
0.7444358126859483
0.5981359178317084
0.6156929635983172
0.5226099440811955
0.3909605196323741
0.47047048164553884
0.4913075764811944
0.6185161795290506
0.7364375848020337
0.5652112343145136
0.7307086862301845
0.5292091220451756
0.6382905199754635
0.6923486976964641
0.5959541956404538
0.6892305918470139
0.42931194088090446
0.5872341439706338
0.5400140929070268
0.5361586134484904
0.6167567586603154
0.6732068676164075
0.6128109955512903
0.5042225684671828
0.41714855982229515
0.7446542528022114
0.4072297540652936
0.4924684854915423
0.5481301397679355
0.47981552896083346
0.5109361461473648
0.5635383476126945
0.3270432726962904
0.5065453671858419
0.34252296452839237
0.6006906772586664
0.5687289467307306
0.7409623687283398
0.5488064953692605
0.5150314525918843
0.631261192738585
0.43781619679058265
0.45686205157319704
0.6457717082493848
0.6358332139199431
0.596002723497552
0.39373433118412227
0.5572633428022367
0.5465822297886483
0.5569630523599466
0.6872125791819426
0.5475880672608399
0.6417673385509088
0.6458361397426167
0.8157757020112102
0.538292340475668
0.7005943006922865
0.7139686134387659
0.6320716563018608
0.4359824866902829
0.4311521746617121
0.6595552954541605
0.5685671272365024
0.3901623118970021
0.6894848952643845
0.6096018620178781
0.2820603951919463
0.5401309578335644
0.38877751450549974
0.5834849672607677
0.5563744387859999
0.40841737568172726
0.5380688039782402
0.6237762310405641
0.6521703820693001
0.5847196829898496
0.4979525217701109
0.652274336198988
0.5523475695622099
0.5811595582489001
0.6776284129523964
0.5145034555151932
0.3832240705844688
0.49819304129615455
0.6156654549575208
0.5781321054486649
0.7380629519530368
0.7721782998515347
0.5346871917630359
0.6652202718247018
0.46243138301149844
0.5413864768970178
0.4960572402880222
0.5658483184236978
0.7253641121052008
0.4778453182182183
0.5304319454857521
0.6436860992705175
0.44853047154461845
0.7437386174875591
0.49190494608473373
0.5217790704826866
0.6630500541419089
0.7096516166401354
0.5013760965308326
0.6275989426197921
0.53658575163539
0.6345306130199067
0.5082601749040719
0.4488948159158549
0.4769396671566878
0.49964470132573313
0.6518874977345429
0.6903032494903605
0.6729365013124615
0.2938864991039633
0.708712639162217
0.6450717957030777
0.5287624801312469
0.50281428870384
0.49992734836352476
0.6772146201784149
0.679124716513866
0.6699314885877858
0.5768207630900518
0.5346434888083077
0.42069086208793194
0.3607255980495706
0.3967375751323894
0.6883363430468714
0.3914740023795452
0.6651054855671272
0.4583899438721734
0.5386140093394233
0.5249106119916338
0.5666998973107887
0.8272150780052998
0.5691612885595285
0.43069343468615773
0.6200832514107795
0.4727441405162037
0.5162522982948953
0.5398232303945485
0.4895740681637485
0.4806416892205176
0.763386088722304
0.7065749552287949
0.6783053248238482
0.5411188029767102
0.5210429678388877
0.2636962601546214
0.5091838756618238
0.4706865187009422
0.4506243575251324
0.4780472738668808
0.6557023343212778
0.4606988886874845
0.38822775271827187
0.5311136463857237
0.5885794576805919
0.4852690589683669
0.5251636309374664
0.7067459559090948
0.5410317800799089
0.6586245873921107
0.4308694522407979
0.6004637445895544
0.27225237386182616
0.7449595113533002
0.6120129855516676
0.5343809728792301
0.4937531752700384
0.5190783833413355
0.5715680166273903
0.4762345027700707
0.5398779323870906
0.7268652356918737
0.5344464346780835
0.5525186887785098
0.45439040388542484
0.5187738217660954
0.43355296495282314
0.637188075732508
0.5432584343365355
0.6276507947312244
0.45176040666753514
0.5642848681350424
0.5617011217531882
0.518389868910763
0.5081228593201921
0.4856660441199714
0.527889675916632
0.5663178023211912
0.4657759114636877
0.6127102305223668
0.47487672535370845
0.696331325034778
0.3166007213035009
0.3543554393510655
0.5988472884918137
0.4278725052184056
0.42691660502917256
0.5962992614014201
0.5113556779642954
0.5124989193692279
0.5314411696485662
0.5473023133143696
0.3430425084367522
0.4310098145985686
0.470764839398491
0.6445597457407668
0.48126592745088514
0.4488718981210322
0.5232703436956138
0.462207606710351
0.4966248909006884
0.7188771365741959
0.6983836166539434
0.6651598509010387
0.6602993835691462
0.45358253451368774
0.6152062921699881
0.5660157961660104
0.5616090749912453
0.6833244691893274
0.6775849421608516
0.4397944250529704
0.3529745603284138
0.5575047365391483
0.584454714206335
0.6525061027206744
0.5809627799590507
0.40176679957520445
0.5547876370117262
0.6040377630724494
0.4148375705708802
0.6872184420852784
0.5365441255472464
0.5973755971459084
0.5206804946767032
0.5216496309082076
0.7040029532207375
0.6092189302492075
0.48626004999820854
0.564909986878
0.5583689862627842
0.6047736890969725
0.34287624138833384
0.6490307752314787
0.5292551417926595
0.6748744813193993
0.6500656650248398
0.6398411719433319
0.6189354875572272
0.5758347300366359
0.5420843617352161
0.5371511396837713
0.6501454763328344
0.41193894936933617
0.53290023724867
0.5721501221139689
0.505430930529724
0.5065341466542624
0.4030302380519156
0.45830498884182536
0.5005787414091352
0.6834114605229066
0.5858156797723891
0.49466427908137356
0.4929008736318784
0.6349959510512116
0.7230193220078889
0.5478217396429462
0.7392607419845414
0.6315147911777049
0.6706119282305977
0.2841650823097671
0.6098507564842905
0.5724606935384526
0.38970893458475303
0.8147344071716491
0.5834980759247366
0.5619891152480438
0.5217611545660337
0.46722888336002805
0.6864801649591862
0.59707524531746
0.4444508906969681
0.6343743808640085
0.41913880090776556
0.4530492582809339
0.5005191746737871
0.5958715265089027
0.43604615214416165
0.712129376137888
0.3085877601365239
0.5430969162466452
0.34356740970214594
0.5520854701493546
0.8148523569867654
0.4158968218833845
0.5131502036593677
0.4971758728795574
0.5706905447130345
0.621585982419505
0.7663973429999142
0.5403131107475876
0.6124523035014594
0.47246060332770373
0.39436520269524195
0.6165981459887948
0.4271186381503068
0.5483448481939862
0.5744832510840137
0.8100547419819243
0.4613077320195257
0.46789466060198864
0.6027897681248165
0.4743037299733799
0.5611247970163872
0.6185908060415392
0.5671631695672451
0.4226272969796603
0.4768004863728953
0.4297312425566772
0.46233754044653
0.4953953650465904
0.4127101390186214
0.5365990215050538
0.5720532132196281
0.6142788292118943
0.5481649177131924
0.6772185251372708
0.570593696530259
0.4697218637715858
0.45553957975742404
0.6324014824281272
0.34699771133233903
0.48385015007285215
0.6189200153526266
0.7386039016704216
0.5774112900049148
0.6092678573228592
0.4303455137909181
0.5163675781090639
0.646278733057771
0.36998242115964586
0.4038653074438483
0.6594285203888678
0.5037726267014886
0.7328132832924121
0.5162284990637742
0.5491287022151836
0.6449502961899738
0.4818272867334531
0.4570011567067069
0.5690080252411712
0.4787563930474335
0.644642604095904
0.6393884932325133
0.6306807771196827
0.6520447348257951
0.5965963223501622
0.5357788560774766
0.4617300735207526
0.6807008286211116
0.6178718762475167
0.49854463740321886
0.5516126050916578
0.3903123458434837
0.8092807620698468
0.49453535664143844
0.7216367608455152
0.8239927729301595
0.48231955079363525
0.6406836027227936
0.6948424476353104
0.5736374665412485
0.4137791067737395
0.5181766981709122
0.5772656851428019
0.4817131823670269
0.39952217614705055
0.536196669099668
0.43657548731691603
0.5975191622368903
0.5849174237468288
0.6500719946730432
0.5907997248540425
0.6440820541859587
0.4424509330525215
0.5755985953737888
0.5443455873237669
0.6129173709780766
0.5990906499203311
0.46208436507190004
0.5765728621700603
0.5918407124301953
0.5258844527336592
0.6947328369209615
0.7231071520620681
0.6410402891815048
0.6043010171369912
0.42251402415367756
0.5400518261351004
0.4965143247063813
0.36450353369689026
0.5084361064891701
0.6068037403284422
0.5480354005207337
0.7226406646123098
0.6117440743325444
0.644986048928295
0.5153316314127934
0.49424199525835355
0.6667697090774206
0.5015012248612899
0.43880218124816717
0.37330654884592696
0.5841388222193663
0.5147929236553282
0.48430562922326037
0.4391162457049698
0.6473881736871986
0.48800490052614487
0.5422276990159711
0.6968657401204714
0.5226231020027681
0.5679504033680665
0.485177807369331
0.5406141147799568
0.7077968841667726
0.703351933462437
0.7692654395759897
0.5882161617578922
0.6262838404319634
0.650535875637998
0.5557766935223922
0.5906434633710107
0.4275006956714616
0.6328493554927402
0.7121019453530792
0.4924001745154771
0.3354771643932597
0.700329566213114
0.6010747400639249
0.48553733983065245
0.7660846906747045
0.532117347384591
0.540555521461554
0.5400886093244127
0.35247656875953204
0.6512161921564033
0.6479095863896563
0.4429608025366303
0.4907266977950784
0.5636899103676548
0.5627546063610421
0.5599896692664688
0.3094407024331596
0.5069269498444403
0.6418111752669705
0.5755104806282321
0.36700026927047247
0.5373204332688539
0.6298269404608089
0.5893379095772551
0.6427389094426011
0.612875412073427
0.7248033123061925
0.5255222185674693
0.4413646392963013
0.5211872393023074
0.5962466234055924
0.4072473372227487
0.7176865106315297
0.4552542525614987
0.5317532614920588
0.6023872662237193
0.591521560816742
0.477285689691112
0.6291076639083444
0.6132012554025008
0.5032973459098653
0.49257973805957395
0.5745772995703168
0.6024232350622369
0.43268429719314616
0.46425781030067226
0.6190724312078729
0.5021648121923143
0.46471860910152296
0.6452065060089768
0.513786377229397
0.5452325767267147
0.41422882907108305
0.657433527748782
0.5491700473784435
0.4775541934138989
0.5307304780031599
0.5310047642381653
0.5612909726293364
0.48970018876694416
0.47716895796720027
0.41040861263673223
0.5203719152779226
0.6536653975637459
0.49723265047931875
0.5010117292045438
0.4732150595345725
0.44305967415511227
0.5458478933541984
0.3373340573760245
0.6901709895832508
0.6060453103638308
0.5438964223519794
0.7164702165185404
0.6638557558205079
0.6198274039962804
0.5185758099014027
0.4149789351004507
0.5551121900504837
0.45144814132589306
0.7348667211386826
0.6698517848817169
0.7049917971672837
0.45821030992688433
0.5196120380309677
0.6889086020884077
0.3681940161354461
0.5159917371427996
0.5434700517996696
0.595125650629392
0.4780846253108886
0.4727820516865676
0.5730987104088393
0.6311138686394261
0.5878303285769342
0.40198609806540453
0.46006356052632663
0.6277585327724041
0.5875727573194323
0.5058975801874449
0.4657760484170531
0.4558890809127356
0.49408921802095396
0.48129213818576505
0.5829131265793586
0.596611669532414
0.5316660931150448
0.4333303335108934
0.4660977022219215
0.42566550353191035
0.4442857073843879
0.5565306233764992
0.5051837027106201
0.5374447469704177
0.6462436284818321
0.5012009905242044
0.4210171663348188
0.577499754852937
0.39129017102293034
0.7413349937986207
0.549144376832861
0.46775180095355956
0.5060656860938736
0.6961808483467276
0.6574220380076149
0.6371880480976456
0.5084385724206526
0.5600354295822975
0.43703545904932883
0.7985909761581304
0.5573829814439053
0.44472920687911516
0.47669810802615675
0.5174965465068344
0.3143968622495005
0.586381951218093
0.5719453962062158
0.6098195698409443
0.6565486262659048
0.42015294230461764
0.6933375214237084
0.4652595920183606
0.6828110216115395
0.5943844778148946
0.5127255954856471
0.4219265019304288
0.6189985849053828
0.3689517948759035
0.7318675739603111
0.6015769999288597
0.5936159054993387
0.7263327127746018
0.6348160842502372
0.6368322161621026
0.6508107939375901
0.3453805482080836
0.6468388542970078
0.35737531536674083
0.5788251781985357
0.6485072802721401
0.6090431252289241
0.4283327846937502
0.5821838662028739
0.6375233147102214
0.6361374950965432
0.5044217181827865
0.4920377143523117
0.6770471431572139
0.2904927608407513
0.5986351385607529
0.49822406627720933
0.7754396994625007
0.5703553859225371
0.5575212840196353
0.41179072454558036
0.5570975588031952
0.721380199449733
0.8537170445328766
0.6757096493087884
0.49062911912597873
0.5764890391697489
0.5916804108629784
0.5179671378175388
0.42589671043751426
0.4452226610622103
0.5202459325550214
0.4690201350511023
0.4506314663249295
0.46170475627371926
0.6582763949321412
0.34034770850156915
0.4774750366073617
0.6242249616171692
0.5480746497394374
0.3863478421353518
0.47306623693719363
0.6252753330338974
0.5813778272650096
0.6482055029405758
0.3388132333968863
0.7173183535835903
0.5170317856382092
0.6932277309927839
0.4567712834562144
0.5864241619557561
0.4742156619108872
0.5171821728883268
0.7829998270935488
0.6103236706585062
0.3183898746525784
0.6095660099259395
0.6630689904080127
0.672176197603249
0.6082295953045782
0.6170944883117465
0.6885887333201429
0.8396866743492082
0.538944606457508
0.5358471495972789
0.5265984326478921
0.6330142974094117
0.5571644916090535
0.5072565096229646
0.5757603159068824
0.417128662367026
0.4916628637683881
0.6718464258526893
0.5672911445728951
0.7050459167632718
0.5089508750513874
0.5988778823668633
0.5329937430636174
0.5685446297336115
0.8499102702081605
0.5496030525167922
0.5229724983066765
0.41238655114178535
0.49383457919214224
0.6142944590186026
0.5577969746844248
0.5327446565535046
0.6576835417962418
0.6065808337188829
0.5243156170325098
0.5316850245384553
0.6119744770411903
0.6581677045344
0.624737238834221
0.46159557460312356
0.47183620186659253
0.7403498773271933
0.5731664010883275
0.6565602120605646
0.5123124011976088
0.5623010405191878
0.6136216501116358
0.6746113450963376
0.5855993604311657
0.48834125283532714
0.5035337531679179
0.5089437282770547
0.8078215316127444
0.6491953280697113
0.5295449842030429
0.5338760834522163
0.5284028663742693
0.8279811821438445
0.6361620097828689
0.6869498140157733
0.5492503966625757
0.573136104572562
0.7508007024994795
0.5325401926636809
0.5684229411481246
0.4402786854517581
0.4911948700721046
0.5197060764398164
0.725290800231412
0.4684932152776561
0.4834373965155014
0.7714367540708456
0.5214260085930634
0.3456854405553005
0.42332998347353723
0.5273408162078417
0.562097945753311
0.5652436655668279
0.5672810245659313
0.5078524111564154
0.5047398315968132
0.5282636543849745
0.5314856777665671
0.4739701362636945
0.48113644926279814
0.580183918688963
0.4239772241087446
0.5414987708245121
0.6605623726284275
0.5640636746203492
0.36168721039964735
0.5180431303981575
0.8086890309681527
0.32602150120721296
0.743846908354025
0.5741941321837748
0.3906447417053976
0.651682037502811
0.6860381744151068
0.6197878531489086
0.5501603568109821
0.600466574801726
0.6180835610532703
0.6434916109804938
0.4861062193843837
0.5666380843052983
0.6169944212031202
0.6862395903204388
0.5512174518611677
0.4981721345896845
0.5439426111190273
0.5602755835131547
0.6242553645063063
0.6078033666146133
0.5518043022726522
0.7083529287368029
0.3817102332652882
0.6415167266903203
0.5082652142489598
0.4859798054389539
0.507355139697196
0.3450040688926078
0.5735432958382477
0.4984897856564959
0.5746036730287404
0.7865623144616836
0.4890023911833259
0.6772332642678862
0.6370609673287382
0.559830426256556
0.5512491548548806
0.6667591755087586
0.4034964476593856
0.6460629355035851
0.6572389265228277
0.6090104965024834
0.6057453149846148
0.5751250498688435
0.5622530883993305
0.5297731700442839
0.5514831437802864
0.6509431256501589
0.6059948192606357
0.7085730054489289
0.37490635429172153
0.6667979907159673
0.5211849105864598
0.6331882665645379
0.59898592894514
0.4579976139070673
0.6849794557233766
0.5644214965385199
0.6111388262597035
0.6336796492138127
0.7739192317030106
0.45950841248378826
0.5550759846557942
0.40496007818259927
0.5364926505659552
0.6392784164265591
0.7290564613496815
0.3262460730049285
0.49999135946749423
0.5456253529530449
0.5399405930361765
0.6296195138849092
0.46892330138301025
0.5974124706447045
0.6971793700378802
0.5182070467119257
0.5070154564176795
0.6633143189216182
0.42141867489771867
0.589179620860852
0.6196370043751823
0.6127512450338679
0.5400110280205436
0.6097062055677543
0.7169530490283657
0.5690006896074085
0.5486087411684551
0.5020735708832388
0.5720972243914378
0.4011849969675164
0.5362938948214838
0.5790921863112795
0.5859979351258022
0.6971681298830875
0.380253253610817
0.39851926591477843
0.6154805047951408
0.6273670700932493
0.6348158265804972
0.46619788221970326
0.7174920104971917
0.6643121069768689
0.5255627767489378
0.6313310915786178
0.4640804155349395
0.48773691933864155
0.5954445768920152
0.4861182507806366
0.6355906144411672
0.5317913915776096
0.5525999713035562
0.5902222411483997
0.40586240208186697
0.7099614322720925
0.4500808825401152
0.4030968597402228
0.7370464563498232
0.5745410036791753
0.46918967621399604
0.5642760557352253
0.4157471486573736
0.41399647235631654
0.5011865616604054
0.6340014775229421
0.6176282493284941
0.5379374183152607
0.5690926661653981
0.5150035834649598
0.4617486233813352
0.5651605399385035
0.5880688831190988
0.5525251946001779
0.6092826037084257
0.5091746207122544
0.6592417003312012
0.5194311770640216
0.39559929396644034
0.5881034979866362
0.5363779008468748
0.5247790809003237
0.4914075652329273
0.4842671389159944
0.7259818676489178
0.49384669291955363
0.4389049451987167
0.5581530146956483
0.5482985153426336
0.6812173354950698
0.4709279855477014
0.3484796109196402
0.4681885969238814
0.3665374907039436
0.7544470805883163
0.4799615154163518
0.5446753700630187
0.4692318013594606
0.678943931590978
0.5066121000123156
0.5780448815934761
0.4751903313435647
0.40651474684242506
0.37167786595265473
0.741963943455576
0.6058364733131218
0.5920327620919508
0.6286227703236972
0.5535677587226777
0.674630819000431
0.5911281108987732
0.5118955786145407
0.5059596306375672
0.5815724287436075
0.5313573532876646
0.5969658660868119
0.584674639080509
0.47856526625897156
0.5628431946198101
0.5914429165383428
0.558822327957929
0.6953165362873721
0.47253228783906476
0.41174065947851357
0.44711627166883855
0.4391691120870125
0.44591786150719553
0.4861858513470443
0.7740700918801414
0.4831668876549917
0.4805977459717221
0.5589018448495072
0.5417392531656043
0.5464979061997657
0.590094762417495
0.48243318377428945
0.4937535005420175
0.44960953906167994
0.5460348144124963
0.6202785252812592
0.7040003316023987
0.4998090918096778
0.6836201492577176
0.6230099644227594
0.3681254783750343
0.45932395467606174
0.46762021894522854
0.4539100630191255
0.5545862765727204
0.541982941981182
0.44871445315347835
0.4255108672523719
0.668090837741284
0.4701646040099777
0.4348644822881646
0.4618235598169928
0.572004894109548
0.5997081483303434
0.5227478858586024
0.6332678871945844
0.6612057812397498
0.5918673584214039
0.5134087134856157
0.564524863104685
0.5374787026959819
0.6070187917559783
0.6647964572699612
0.6181807537677888
0.6398796580072508
0.5798952509450789
0.5276318909788305
0.7246122512534614
0.5673256547787404
0.5832220732584443
0.5019280407977397
0.42473102834249576
0.517447357888582
0.431081438053006
0.4086102718942105
0.798853554778246
0.5908440580994858
0.4770093372686796
0.48770454259331886
0.672022914146584
0.4460575258350343
0.46488514413071647
0.5118509621826726
0.49283685949341693
0.6195299936211928
0.6488784445042619
0.5437892974738285
0.6237972891245209
0.7676575683824309
0.44990012095489323
0.5104558550785033
0.6398060978331926
0.5346617440469573
0.4336462304900971
0.33120443856980075
0.620533936690377
0.31056146366155735
0.5677780278577185
0.5827907730436965
0.6174788793236483
0.5950159185202133
0.36114149594311107
0.5723223424395651
0.4686599490206963
0.3475945359473912
0.5208769168538708
0.45796122023918256
0.7568695452668542
0.4435801091466032
0.8480976267439939
0.6127455766807336
0.2730162658833498
0.5053289400118784
0.6196938283272303
0.5362544576984978
0.556861627362236
0.496749311066071
0.34534077983125994
0.6051236586661781
0.522475650938947
0.505831087332096
0.5418945648661744
0.7075532926308387
0.5774101553558276
0.6195503491007468
0.3923823168415977
0.6423516184564275
0.7164111423033902
0.7457367818657508
0.3659545874293909
0.5999096394996656
0.4376981686832079
0.40846377867776684
0.6419449275406396
0.7379610267632778
0.7909786393079269
0.5964676854937644
0.6746268080343648
0.5978237193602061
0.4261729603031747
0.5819148886169238
0.6814282022508944
0.6012490163290514
0.47456248507306203
0.6401350814110712
0.5986949579513766
0.6034658711451546
0.6460389437884521
0.723193713455123
0.5700528696457899
0.5321085834911247
0.3509045805026919
0.5457581566412172
0.4710325987842553
0.44592282961219276
0.5745824092798912
0.6184488456023368
0.5710669212014471
0.5314984969150481
0.7752485868106882
0.5441945104085637
0.46922946099194096
0.5522266831896567
0.572260452139132
0.5641209634561322
0.7244632984030017
0.5170102891814663
0.45552786674548784
0.4119416909449297
0.5288960169801782
0.6487959108729214
0.5351558378897904
0.47949689682034485
0.45031217056198114
0.6154109558281048
0.6027516546846889
0.4330301402177996
0.4618647721681262
0.5065179778319711
0.6058188898618435
0.7201217703733755
0.49580553911211356
0.5435160920121699
0.5589879105459656
0.48630125170900157
0.3995395232604322
0.5828014179381746
0.6151368967750519
0.598881587116705
0.48764076624343394
0.7186861899465373
0.5346964808212435
0.5076024770275132
0.3496567248607747
0.40162149204956177
0.3190779709403627
0.5754135752729521
0.415636423590955
0.5818890535782413
0.4855254934570811
0.5738583040598112
0.45606626572988673
0.45542247903304073
0.4904204961875428
0.5817089622683137
0.5292129314637245
0.5254952708509989
0.5262738630592559
0.38344750506697867
0.6056154346911633
0.5493670554077212
0.7256981193969123
0.5864798084428499
0.43603628408601436
0.3685043997090536
0.59211818202083
0.4759615087178373
0.5538264067986918
0.6256839307734359
0.5658183423020159
0.4327481515819711
0.5302887318155396
0.715976797876835
0.5198494415070504
0.4437686358653538
0.5078074960761951
0.32819658656869566
0.5723461043540046
0.6491214540532778
0.6107112047955054
0.6626374762178688
0.26411855163128983
0.6470750029343963
0.5111482123931008
0.5208402127250488
0.5267582596823225
0.46274212213243304
0.6080778107897202
0.6243354600183723
0.5264179865540867
0.6206845462302203
0.5416445394701409
0.7968403042372059
0.5917435124849302
0.47567772988400253
0.4984651855916744
0.36449087943607467
0.3691584953116277
0.4603111716974558
0.472008503362759
0.5322545505323263
0.7015405332586463
0.26469519075184883
0.4860964900692452
0.4823996706843678
0.47922234063741936
0.530701344655056
0.5830329112411057
0.5431184717846342
0.5412707730126501
0.6849445792766731
0.5811330324775547
0.537723552565411
0.6295238750413212
0.45144028961489213
0.6117413765204093
0.6704277454733514
0.5898747178297689
0.7429471527253384
0.6301102108226857
0.4134579581875346
0.4170168395413521
0.36909097588278045
0.5855898862721338
0.5285098146959947
0.47968205040013157
0.6316130434704625
0.6317933849106285
0.5275036177381648
0.3957733257607774
0.4613094684648018
0.47296288489900784
0.6415032944197606
0.46393770893617525
0.4761910385955989
0.3987365749744146
0.5345027963159045
0.5572362668764557
0.617751726849799
0.5133709156359159
0.480798890408049
0.55869340829614
0.32963220182463115
0.5183139370804615
0.5195695240234386
0.6335673655240597
0.49438706294508483
0.5155829408004242
0.4336498504012621
0.6024595219678283
0.5058101230097559
0.5033573647427795
0.5237645077345885
0.3667328711130956
0.601726155210161
0.5623054436425939
0.5550927473056166
0.6208657447725605
0.6257010425253242
0.44405253814304513
0.446179418749657
0.6271469258070741
0.532232497683597
0.6395382037800803
0.6324514204137841
0.5932050606314391
0.5712416543153831
0.33003780814481004
0.5965449293552489
0.6107689055906288
0.6043110208726663
0.3927947566669272
0.5004537020927258
0.687100997549268
0.5715959562529166
0.4588802283927448
0.4412929340337057
0.5287476088480474
0.6068404846897363
0.38288020044488824
0.633778148689249
0.5433361206300992
0.48899420048413755
0.412995990208724
0.44045957346824105
0.4518809114240397
0.4859626909517464
0.3612387075698723
0.639291748929577
0.48625271868975734
0.42476126335430786
0.5921088070655353
0.6447113573412411
0.6739168029195739
0.6085310513415123
0.526474906724218
0.6824271278628748
0.7358452013198429
0.6491118573993664
0.4408590707921617
0.5607663363520321
0.5132818656998609
0.42064910907270736
0.6377348875398141
0.5889544111274598
0.6494552413662039
0.3753380341147693
0.44672616845788404
0.4610136860546222
0.5959359482300458
0.6001286851358105
0.2746798531238175
0.5881887216414474
0.5240454189553406
0.4465049756056811
0.32288229598425583
0.5541895500669707
0.4447471031055365
0.6571047920706514
0.48713731376764163
0.6643733866524415
0.6268968932426693
0.44754608279569635
0.7075697381436878
0.5599042066570529
0.5289784355862563
0.41561731389053586
0.47996690116841767
0.5115252853722717
0.4251211362905394
0.5676068825734797
0.5048337576501344
0.57197433794482
0.596288074872733
0.5013650256543623
0.5260387070615734
0.4595111697261627
0.541912842974235
0.5943717784505673
0.5539551521184
0.44205239346637426
0.38067780678497976
0.5793567913470327
0.4907646058185855
0.43860019089025065
0.40215167605180935
0.352538573898241
0.5112493360838165
0.4467425750029565
0.473255498611527
0.7668613190504959
0.5988387254195041
0.637936458630326
0.35239039527405686
0.5161839545183643
0.5391403434591464
0.6575294170001343
0.4711112693345988
0.5684223390766339
0.5211939849262738
0.5189535476124645
0.6384374339741883
0.6542012339361679
0.46975890145366517
0.77275817726523
0.6075482943494095
0.6639467482912966
0.5647689217867441
0.5379137664905679
0.6522124074299265
0.5378107717396386
0.541092405135974
0.6628560204795949
0.6606322203178695
0.5637798902131071
0.4282887111834512
0.23583974821813108
0.6774632598599121
0.44315950589547665
0.6455837420154243
0.5253315823269581
0.5764761142999814
0.29121643923621976
0.6756084114981642
0.5319932880290257
0.46419998784493677
0.6012120522533468
0.4469660336213037
0.514433956925727
0.5986588078598599
0.5440857283334095
0.5374879130943375
0.40514418627312687
0.5476181026059209
0.427051995600301
0.50883725643908
0.3510642425393285
0.5760332418911251
0.5387477414105867
0.606208003170589
0.6396151060761225
0.5309853592228366
0.44146813583442746
0.6274518282874941
0.6350042460649097
0.5229927682648587
0.4924456341639889
0.6139996944050088
0.5125801137533448
0.5419985389336802
0.7751335936472048
0.4334540528702871
0.7249318972866751
0.5973332767829757
0.5802926551314419
0.4863327246472858
0.6525610432274259
0.4758424647024486
0.5633793601823327
0.641157399288023
0.5641079222213481
0.43550058331026303
0.5651110155369036
0.5183552294871289
0.6593010241312115
0.5558856344114145
0.7006963308930122
0.581176631536088
0.6039627583476957
0.5173289263679299
0.3991462480583044
0.4713693594534619
0.572584410960474
0.5420697850067213
0.6880309937099623
0.47790783246883706
0.5897565049873348
0.5559338062914362
0.4233898650375332
0.6013666345483349
0.5818823200510751
0.4347101939312601
0.6479742036669368
0.6123393798804939
0.581853187077184
0.6464922142096885
0.6657300139517499
0.4352602791059776
0.5818133211808851
0.5317363844349559
0.6078687395739284
0.38483146311881544
0.5573277021876809
0.4494606356116283
0.5670973816308817
0.46904647277382083
0.4576359772985379
0.457909578340237
0.5807020392794318
0.5974345966686846
0.5050364548070374
0.7793858973723666
0.6085907617917761
0.6725874642258061
0.45702584329720575
0.6589892915871797
0.5023371549602484
0.3693594811474829
0.5468287010341976
0.45386026584110994
0.5006217663274048
0.5959732565238465
0.558283271193625
0.5291525289193335
0.724877993773643
0.5751314955215654
0.5243563567422551
0.48470106600180474
0.7540035532659076
0.3963681121382887
0.5793865598558873
0.5091395686550956
0.7417989545812198
0.5893720846155188
0.4084821354885335
0.5129072982728956
0.6855091123080566
0.5376465884883452
0.7148800814513613
0.6702083986247648
0.5772985949498151
0.5619096819630821
0.5319216871579824
0.5127131267450394
0.5366994912638379
0.5481672906112619
0.6090240971275624
0.6666102202141653
0.6617638882777955
0.6046382087653975
0.5928275268533221
0.6581829722654019
0.6431016005016603
0.44144955142013964
0.48862828670522174
0.45137001617290906
0.7306691226439824
0.3715070980763431
0.659077251305623
0.6210964993833814
0.5456561617725841
0.5949849404635265
0.7155480203445543
0.587638843428589
0.5311006866971218
0.5377605100686308
0.7344193528114039
0.7452810651432136
0.6770274709471338
0.6915270111811507
0.6760314920553723
0.47756882602574563
0.6170638138482261
0.5750593005782573
0.29576724353343364
0.4375847751702557
0.5989544388509657
0.7063824689033432
0.5088735879457313
0.5818898323284326
0.39443870810294995
0.6251540054944053
0.32883453945137564
0.582226828527732
0.5735801871527764
0.502645671936577
0.614832390514586
0.697175683621564
0.5225331425039742
0.4780042760641753
0.5243004413837752
0.5032939979988609
0.6936377218208476
0.3989286834610367
0.5617683513822129
0.28973122147188923
0.5394839556061023
0.6937648307541666
0.5208720054165428
0.4578864070838065
0.5145777270882663
0.50116784866578
0.5359525522722123
0.41988751854194584
0.5520222195449946
0.32754475316505827
0.4980128893204864
0.5411488604531098
0.5933833063409379
0.3425850314438469
0.5989005766852376
0.6702717161797158
0.6433645661428415
0.7463640989379403
0.5040380547341831
0.6379487679834819
0.43615426635878424
0.6459048817389661
0.5883222716056068
0.46565554406886883
0.5105702982981439
0.6312778243438516
0.7239253558897996
0.6087429397949963
0.4456223340441089
0.5905403577459469
0.5844236318565601
0.5906281857825714
0.5739305447911964
0.452988836652319
0.5840276374847385
0.5044007732828274
0.5775889754385086
0.3365040230327567
0.5865194333509591
0.4619009687929473
0.5401026261785563
0.348001693984507
0.4526946366457536
0.526079312052928
0.4538016549367844
0.7096544800462523
0.6688500883857882
0.5062447621814902
0.5295137997379383
0.48330979184946266
0.7117769487094775
0.5819278413430452
0.5255642686241393
0.5544335450107631
0.5176640297860614
0.6656073063688879
0.5326067942025318
0.6826676702268424
0.4664288249049438
0.6069643690244891
0.598312212023323
0.5289651794263301
0.6679791320354584
0.398664197459203
0.6402387756372323
0.6457534341103816
0.5487587887972791
0.49251039330496593
0.40339347650939605
0.5199979723755733
0.5324370794520047
0.5844896356822563
0.4057514741523842
0.7263930543393635
0.5062756224352334
0.6678401260788399
0.5758235072081249
0.5610898253055656
0.6249529639223225
0.5869093015487469
0.48853857305968684
0.3692151683770821
0.7257633088968634
0.665598188930891
0.7590622452735744
0.7437562018621963
0.45320221544009226
0.5370701326176227
0.7668335655953303
0.41146033569969287
0.4292866594546718
0.6900654558102185
0.32019091899444185
0.5287210771464037
0.6508449687095451
0.5915165203006513
0.5956264739102847
0.5061805068244081
0.6333661896539202
0.5223508285899224
0.4828482611587854
0.6440321979493085
0.43085169915086663
0.5240358411177368
0.4301487401014291
0.36826564069807327
0.6986486815516801
0.49514342744262824
0.43567531787416314
0.5008374360507362
0.4778600149699053
0.5354423368481043
0.5587178874784997
0.5244183244713524
0.42573534577436606
0.6143900485803342
0.5319902949884604
0.6327166948319117
0.5028716315928097
0.5263828014831364
0.6003763083656801
0.6706525766514255
0.634624366560348
0.5392194172692297
0.6322140359083751
0.3937980664852868
0.6047049489731844
0.5187667088314442
0.7023280109741457
0.44323964477492633
0.6418773681313057
0.6790971785846607
0.49662478100311314
0.5412401694568371
0.47858739965412067
0.5961025685986839
0.39565028473260244
0.6453010617139907
0.4366915357483068
0.5903886370597584
0.43088715360759455
0.599567040159395
0.4304212032468145
0.5396252330087258
0.45702146478461814
0.560592349199712
0.3740737706536321
0.3182816524855919
0.5064741538254657
0.5748182757148886
0.4690742446348929
0.6215756362796447
0.38761459095208917
0.5896048135136949
0.5677886636285149
0.42005309285024783
0.34297527510394427
0.6071956454813169
0.7613525125749337
0.6431756629686248
0.6421812133641989
0.45632247124345016
0.5809686344050058
0.5697814711797671
0.7186577097847168
0.45474693721261483
0.528597658922879
0.6279005766895203
0.4415279934402111
0.5037699302663399
0.38655672698952
0.35777747553097483
0.48065227251773457
0.3940693153717148
0.43197964058076493
0.5045202034785201
0.5263387824281688
0.502662606073221
0.5437955011327681
0.6063976529914993
0.5872708720938248
0.5722725265211204
0.47522102361700846
0.493862277087635
0.5719300224211414
0.6491562934151105
0.5731294965051592
0.43275126981307244
0.672374409347668
0.5777342925042598
0.5925169434239335
0.6506309078873478
0.5996143293810963
0.632533996422762
0.5899413185079359
0.5614601133105568
0.3794343855842226
0.5279339495660583
0.5076997301658769
0.5531457399420158
0.677085441558871
0.5389940607500456
0.5477732974374007
0.5361324948703723
0.5565405768385692
0.5693311136354604
0.7024287831682032
0.6624894197920971
0.5139325849372124
0.1732664334861257
0.5235860608370674
0.42826784567326526
0.548860961990155
0.67985876892662
0.5783513553176359
0.7035246685787455
0.6042559440740651
0.6205857943937922
0.5089649892350121
0.6246465510696197
0.4320871508998654
0.4500409678873895
0.6196429575592216
0.43808549342131825
0.7102753541282774
0.7588407767889588
0.5695852839234624
0.4864785651299683
0.5794249953425802
0.4763794921938907
0.6059118540489752
0.6385171137731563
0.6490697452870131
0.5437964700345651
0.5165103486103787
0.41945096367279255
0.5404714890564093
0.6575886879034726
0.4066335574063241
0.6659921129728947
0.5846266642223127
0.6628412742446342
0.6888018993199957
0.7103831551186176
0.7053712436310351
0.5920812742627737
0.5433117749907037
0.5209489013684263
0.6196131219725796
0.529867914094174
0.49056272329241946
0.6134125743915416
0.6217830517236578
0.42436680102590935
0.6000919842497371
0.6272587527539137
0.6816371918721296
0.4043321681691239
0.5582647842234182
0.5211162101554772
0.47915951687265135
0.5151655283408125
0.6589875153477429
0.44153298599421964
0.5781941346676445
0.5131810263060954
0.6154175873201341
0.49225564230935565
0.49691327867904195
0.6381443986757752
0.4197917589735013
0.36183891409752594
0.5794844676782499
0.4362703934409131
0.7563335631248405
0.5634040148389085
0.35474476117992426
0.5527939422763293
0.5652931520197549
0.6449381618218099
0.6373744731322954
0.6062148023933618
0.5126050765584101
0.7082078469613766
0.41659066853347393
0.4761116567664609
0.472679864663879
0.5794325235232284
0.6277905148329701
0.6997329328838154
0.723649108222765
0.6576333476040784
0.5246812669149039
0.31836196784879073
0.4717949131353202
0.5389535656950193
0.401233987065623
0.4200824746978591
0.34700768230549006
0.5396078501773208
0.6390007863981206
0.28311822461885716
0.6722058438473765
0.5244682705085514
0.5158302990617034
0.5701772712121296
0.5022454275453728
0.6167477077652741
0.6046329502124583
0.4914952326604293
0.7256452106186447
0.5433616898503638
0.4678426029439565
0.34437187205116593
0.6323760514916025
0.5789934672709749
0.5667103413471275
0.6295736163139596
0.37999983914067104
0.48932101311759424
0.5520806310500349
0.47691327366589464
0.39044258219917394
0.683469385922421
0.6214104710963797
0.49800586259649576
0.5736446775959119
0.47907140402153203
0.5694232869361812
0.34298029182751744
0.42522589802749744
0.3845443677467596
0.6996787105579667
0.5796256184007027
0.5131911289636727
0.5555898645161241
0.4474755255843875
0.5965380412296338
0.5608840789757589
0.5088949541371676
0.6980316876787376
0.6006862380607344
0.43773495819120795
0.5656801274266422
0.6002239081690599
0.6113882583414061
0.3663885448978792
0.6799207718003385
0.7599339204510767
0.6509152744855965
0.5338178176671163
0.5456909751603758
0.7896318702145979
0.37336255448238104
0.42423203475426763
0.5850066796489006
0.5399638122119524
0.4547766250707934
0.5375545281881131
0.5623620025113637
0.6623985637252674
0.4814829983542982
0.5811105716770519
0.5762933171644321
0.6283022799115624
0.4932376722950591
0.5405732027821839
0.48962222051513826
0.7187560488930932
0.6635319997718858
0.43416945485678127
0.5811642833697437
0.7248418795241008
0.5448067241857855
0.5841221714452562
0.6269768909854053
0.4566464585933258
0.582729443340164
0.7004335416747477
0.5851953153215902
0.5542404305287275
0.4992438765337931
0.3276868192244965
0.4472776616765417
0.5475721365313403
0.6485354439176338
0.5188957770553959
0.5475073169593198
0.6977214105818395
0.4033920214769506
0.5607057766123645
0.6207035806586545
0.5733527043305545
0.3168024564958414
0.39477237890271055
0.5396606821951849
0.7867340054094595
0.46017771172104516
0.7211382261612511
0.724063264202031
0.5052705107234672
0.5589653710165302
0.6260021838959223
0.4910885207808361
0.658413528154363
0.5201644411432809
0.6624614619375004
0.644777812112372
0.5114296152138261
0.6335097390135704
0.5131851163609483
0.48782941993235557
0.6017607110652106
0.4727686807409557
0.6237522866922799
0.6132773556604482
0.6339185525287931
0.6155245213281609
0.7561694299970583
0.4416240027671597
0.5097376313810426
0.5186964510709091
0.621447173523799
0.48727679296014964
0.4137609085320172
0.47892258887629957
0.5667973105139544
0.4029622461307949
0.5980159138312778
0.44032564066608904
0.6481770028547126
0.3885808029584621
0.4541193753929803
0.5740246662430522
0.6400396889948279
0.617506178729497
0.5552097619782982
0.4904424863414721
0.5458595580972306
0.5633235787781715
0.5470990046416058
0.5555202704886663
0.5924297054652746
0.5944157888657898
0.6103215179568167
0.43256241884903895
0.5348254809863641
0.6082674853752827
0.5803829017384485
0.8318354097557751
0.4882909735912129
0.43179380602921036
0.5511091932067894
0.29756032268024707
0.5428220137915027
0.4969766630228645
0.5753900096305375
0.5892006998742082
0.19191785030625796
0.3008192785290808
0.5866164126442414
0.49144149087700895
0.6209782394213061
0.4423003317335348
0.5989477932570926
0.5534310043214712
0.6026220673264986
0.3427330670135831
0.5041348500380949
0.4815289847153718
0.729082776335853
0.5191762231796303
0.4209472118481501
0.5978390668846456
0.5907596549217714
0.5737409340520025
0.5004172505539223
0.7463662989690036
0.6528922370660821
0.6001821537522181
0.5632457650556527
0.7655533694537042
0.567052676846581
0.6891379719398533
0.6927324699835741
0.6203167784706868
0.6726438804199453
0.4700610009987309
0.6807592074979787
0.7441229036808656
0.4987289263172326
0.625337015559351
0.253007567906408
0.49305201387171177
0.33434338965020544
0.3803358112762616
0.3752153009755518
0.6873502663030198
0.6694681956266443
0.37834905077885017
0.5710801871473752
0.4012456629645818
0.5884592454290298
0.4183951017844634
0.4880934307047343
0.4349598536941227
0.5692990937396147
0.4993514595415749
0.6666838256224439
0.5116698011285895
0.3258060043876846
0.7844045338665699
0.5334256465497348
0.6613118670101406
0.6933838777308106
0.61286459903473
0.6084299954341029
0.5990442485273526
0.4432972636050783
0.4603830070343955
0.44616306065328915
0.5560674638729385
0.7744491571190817
0.5963732364874857
0.5466403765771535
0.673423246697548
0.849452026171686
0.6092279630089248
0.5030971728048652
0.588936739177984
0.535766628988707
0.6528057792657984
0.5949589485611025
0.5309754799276174
0.44399688883751115
0.6385605756303278
0.6386518974784602
0.504559494561234
0.44255410925070937
0.6115035343757195
0.5965765389498505
0.7115415255637683
0.6898479486907395
0.7152963663073939
0.4579301876413627
0.5772327826976776
0.5436764623161267
0.47785644966833507
0.6736319017458641
0.5953205153777225
0.5810664021546705
0.6989490333369194
0.6381974207121388
0.45720987048255557
0.7118733926675078
0.5947854291928303
0.7397632287874173
0.6724136660855016
0.4641029196117867
0.5594039648990715
0.5377362811705676
0.5738178725182554
0.5131386862957094
0.6205966879250493
0.528210939964355
0.614375851630834
0.31074867205857876
0.5439303737734779
0.48937018390233394
0.48165958741547277
0.42276180971792543
0.45630901222602455
0.7246867916831978
0.6897105794408044
0.5311253142802753
0.7762935794093293
0.4538549190907406
0.3743288316458875
0.4453084263505773
0.7683195115500516
0.4276645353744612
0.6368063956843342
0.5211822400718176
0.5814288960954953
0.5736505056459977
0.4610046880883377
0.46400977610246247
0.46801072866935406
0.6859347130791466
0.3580733536549603
0.7219303461028255
0.6554506534773115
0.5484267341118239
0.5326437478466672
0.6356176713348111
0.5085317098044471
0.3986610911656673
0.7521614527136568
0.5184867770763703
0.45193284926738964
0.5009326109715573
0.6939303359965203
0.34129147096388646
0.4874327946029866
0.5332011261946372
0.5512126459861912
0.6736692238571119
0.522694105372349
0.5379143248592402
0.4970967556351832
0.536567746339472
0.5535167333448021
0.4700769269649202
0.7239318752136186
0.47779029685557023
0.6161066740306832
0.5870747228279352
0.482764938691801
0.6924613056337046
0.5571019513069898
0.6962661985392316
0.6786700671639976
0.5441645804883778
0.46772418663255594
0.5341893817408894
0.5421294180586103
0.6058313816193039
0.47422176008658423
0.5031077856782954
0.47204413962129144
0.6094904372212647
0.7001469701869423
0.7253150260276467
0.6028436105328507
0.4049249726278997
0.6232249261219684
0.6356574265143109
0.6135453668849755
0.29221814067104973
0.6123177799619508
0.6022349325233474
0.4676048850551199
0.4140346513124788
0.510279052929913
0.6443547104190321
0.5843365521349939
0.6589262088251822
0.5685561608630256
0.42517147379278475
0.3322845333985493
0.5407554900940227
0.48079267111892676
0.3915473862816361
0.6751210557111322
0.5524244513076383
0.3080722534422064
0.6041294345877294
0.529043136429045
0.33542370816430717
0.5070088992633237
0.43810233357667044
0.5441940655871546
0.6622563107824504
0.4728318779929066
0.6235231879886572
0.5527027774405048
0.5310253476049144
0.6545445527695339
0.5368423949604791
0.5371317283737368
0.5722968617075047
0.586546736484501
0.6663640613494769
0.2505573679154905
0.5197415619725667
0.4876660985425126
0.745698546814519
0.3828678150107787
0.4534432948238402
0.3243698662938075
0.4304350192847849
0.5915713077158211
0.6208345944081822
0.42273512578815076
0.6141119592279624
0.3394191435561238
0.43089339838434415
0.6659392134810747
0.6582173536077374
0.4156359769979616
0.5007515824049333
0.5812660145782699
0.5954160341246485
0.4979072808631523
0.5582989683490819
0.4271088041158422
0.416870354594018
0.7695819407254498
0.6938814969187288
0.4249877967974578
0.4861531551749671
0.6237091231636778
0.38352098088947273
0.6376135121291818
0.5899240840772743
0.6909732088624383
0.45386964520938433
0.43657359965678366
0.5777136355147942
0.712223380030906
0.5146516524027981
0.4586751445220639
0.5407776112270601
0.5310540882969507
0.5416069379764903
0.3110786341824556
0.5764328001503738
0.53620941100938
0.5255766334347253
0.6430642535517631
0.5738169920304819
0.5211638997153313
0.585039713514378
0.6330158692633336
0.3821785955914332
0.6963138742034654
0.48315374011586826
0.5552652815926574
0.5648319991487303
0.5515062016577785
0.3778210507692996
0.42514160612637814
0.6295547032097122
0.5455021249647825
0.4674738773266099
0.625167196503922
0.6470711716068325
0.5799825366908216
0.49360873618968754
0.6109441221728682
0.5344045420000187
0.40335127174183294
0.5287103197822896
0.5253234234429989
0.5826472173381532
0.6038559154871271
0.5279828029510322
0.34667454983767565
0.545498579301218
0.3932339129939334
0.5784199199191513
0.6797924003760702
0.4352949615551834
0.6691049212235205
0.4956279925518132
0.3151737352251886
0.48298353178009196
0.57865200213129
0.44039102366608923
0.5206526232856499
0.511325739889744
0.6338134392137716
0.5235272751566893
0.632433821139696
0.47384579013558453
0.4898431945450924
0.5705495026756359
0.4561957121272345
0.5914276323355346
0.5353640046822125
0.48428640626526337
0.6389827843403135
0.6744354580136168
0.46106769852184387
0.6464355835516761
0.5932519722752793
0.49166277701839856
0.5693725807794155
0.7755908968214431
0.3504552116434273
0.5038832155872331
0.520936137913245
0.5977168644298739
0.38887402940123394
0.6459785238396336
0.5654241922323785
0.3781504647287257
0.5712057211799136
0.6389243460039262
0.5025463841993351
0.46196089473590485
0.5367559550822674
0.4972112099379813
0.4088823857551344
0.4902466096412461
0.6030507953085512
0.6044267569612571
0.7150339529728171
0.6505108894942899
0.4005032219506458
0.35583086330026137
0.6152967963124341
0.4096302346354065
0.5290245114459768
0.64621281930127
0.5689800378491467
0.5686546061757268
0.31165116787854386
0.4411247944039913
0.5365726452142856
0.5171997041802788
0.499526195736683
0.7461878752853718
0.48393556076489586
0.6910435956025248
0.5309751283867173
0.5828878311668871
0.5388006897956786
0.5291355827058083
0.6308707622982813
0.42408755104951945
0.4248540847563725
0.46809387424401216
0.6543748101115682
0.5650605799389927
0.5211286446407843
0.5361954056634497
0.5073329483636169
0.8037418389475557
0.4985201781466486
0.6687697408392277
0.38308395144751595
0.4244723221891553
0.36171664784928786
0.3182578601855689
0.53451594714599
0.48551731551451205
0.48220268243843106
0.47056836531076207
0.4846659379146223
0.5313363098639503
0.7758367157992725
0.6576596444887745
0.5190515101293065
0.6521999479396262
0.40023658628407777
0.5388159446315213
0.34773185746559887
0.6537523748098617
0.618615025025651
0.4281412869361185
0.6631675261560166
0.5073644352803698
0.4529686341504746
0.6910117306673903
0.510733832700945
0.5799231052353655
0.6159303211519459
0.5742953973016688
0.7179267626252077
0.5139263336562446
0.6050415707140321
0.5694383792977186
0.541981638039125
0.5820941582481148
0.33761016354471163
0.6225693254132902
0.496760808150933
0.384351748524869
0.5228162087061967
0.7030555515590805
0.570592503337301
0.5549602797616214
0.4400960328717577
0.5809158356813902
0.5662521415848949
0.6900148848336868
0.5125023313104285
0.6279689475615254
0.6204192505953852
0.5517098831626037
0.542372618825675
0.584987840142688
0.5308445491724935
0.5754888911443122
0.5086429381606237
0.5725971318721239
0.575153080929686
0.4278794283694176
0.5747358069679304
0.5376786658540458
0.42623596438172595
0.6511238269726188
0.6298331870762109
0.4769466526429028
0.4679805733860518
0.5736992222582814
0.536931466894442
0.7560353501732784
0.46357859195557866
0.4301428352623848
0.5877733054035541
0.6929429955903229
0.4711813687795599
0.37478271316949574
0.5409920379517839
0.5719003909135991
0.6756077008107397
0.4578817753044107
0.600972457330751
0.4189557441009502
0.5618687003477464
0.5139907540944635
0.5162665349964219
0.7490786058480837
0.6949655631639101
0.43610647236836697
0.5759124214918429
0.6248833865757881
0.4664114910560666
0.4681333031111459
0.6300576082414815
0.521275098371593
0.6969252254595207
0.41446427764311566
0.700804074714327
0.48560319250760736
0.5675276100594112
0.5571946410678403
0.372857263906365
0.5425714597286596
0.49836393883893054
0.6058377491474883
0.6496360113549442
0.5620615675114695
0.7091483510403893
0.5018310469013837
0.6903403128967953
0.4659299683200764
0.4729032956446505
0.49627810422678276
0.5411978773680614
0.6277240482603711
0.4913838661339458
0.46192823630328445
0.5769676897514567
0.5685258978795885
0.48545515368369524
0.5490023285157075
0.6166323624258913
0.5176060943634627
0.5707174296313025
0.5156163440793671
0.4936419539526267
0.6866353522390044
0.4714902737990564
0.6318427664532521
0.6316633982006725
0.6770421983654767
0.6215894680964097
0.6677760040324808
0.5655626722203226
0.6096552153627016
0.5108868033374714
0.23664801104853306
0.5633277290354605
0.5425775971273837
0.5208430780909734
0.5616961101456308
0.5173438474877766
0.6665578361701816
0.6006861814127314
0.7995845299398257
0.6060076432533128
0.7419189301652314
0.6910068048478519
0.7229160480779848
0.5013973261643233
0.7060251485606044
0.6463390751598638
0.5019467889159004
0.5542990058102972
0.5340808441546109
0.44299341597492853
0.4114815251969718
0.5654704221735546
0.46073677514673383
0.5696863884039807
0.739634089902114
0.5437747308491025
0.4257195692136931
0.6899278875630881
0.6028549792563821
0.5744497480191949
0.8085363409213742
0.5157274224077519
0.6707876041279964
0.5593194371899921
0.5266097475740618
0.5261159263218255
0.3789674267151355
0.6486952683988645
0.4302509811960422
0.3337199403407436
0.7168544663245984
0.5424489084158581
0.8028713059238419
0.3808439335055134
0.5990644180452398
0.47051816715855266
0.6081834294369663
0.5868357519865485
0.582814024520647
0.4296415028546651
0.42983352522383506
0.6080859398856017
0.5208322164600859
0.4975538280495971
0.5488292249862314
0.7546979459006067
0.6967937937345049
0.5431625107691562
0.43388213662393976
0.5433574761997098
0.5373199633808555
0.5695094969337697
0.4329950895335626
0.5890963078900243
0.41527663190920383
0.3834387167045531
0.3284666241471983
0.6327322205945813
0.5352413708795671
0.5300775069683867
0.3851043366425429
0.6416680196963372
0.574955045819708
0.6322665997759859
0.5204464899577602
0.5676731994177204
0.4441643459905844
0.5475971111760206
0.6580993063647105
0.5082182420388934
0.3907432335066614
0.4012223403505448
0.6758751440432649
0.7263245798663521
0.4996108338956692
0.5676401107733782
0.6714558945438609
0.7181945759966832
0.46426284782228167
0.38895728404087815
0.6380971178171454
0.4716870107415717
0.4859891171102316
0.48909865752097337
0.46409895581037586
0.5747793593606436
0.5644509780405264
0.5953510063962174
0.4788616311271471
0.6340376165727597
0.5889277425498991
0.7458423904423298
0.4221095756922224
0.4272908279050553
0.6494497954716941
0.6309931795190346
0.45936419416598606
0.5448879577049691
0.447551284448809
0.6184332834523594
0.5703628557176597
0.5707290191256379
0.5469873327512926
0.4269359489457234
0.5487327997375262
0.6692605228550277
0.7319022788412886
0.487845830787304
0.5928813474088466
0.6220773174658287
0.3999140625826668
0.5419508113972535
0.5065488202740044
0.6053753596656878
0.532237565731668
0.6219782779723182
0.7166400992930335
0.4255579702623488
0.4414982723348654
0.5680945782485981
0.7217332751152076
0.5754450702978444
0.6173350925226009
0.4015296622410087
0.4804331425909477
0.48678967836347364
0.2418266425624001
0.5277775706933946
0.6067434077484819
0.5186629869239764
0.5053328387852813
0.4655114394167099
0.4216706083822849
0.7874640514458747
0.46238632196363294
0.5462930370623549
0.5836293499678044
0.3494878207546471
0.4990536103766727
0.5922852035446352
0.49173230406866947
0.33974818747633606
0.539720596969571
0.715420106525067
0.5484654604459785
0.5807112181084287
0.5967716062185616
0.47339772981355244
0.3875983506993975
0.6182798843288067
0.4622096812993172
0.28116315559662436
0.46306912180550813
0.6096386437457972
0.48914892750256417
0.5240296696073276
0.6718197478905148
0.4512814755250063
0.5649379022839175
0.46585826610276765
0.5048621154089054
0.7063770196531275
0.593732600479898
0.5835969434529144
0.5727799415869972
0.5593349071707522
0.4358730630636916
0.37927388279619795
0.447699847097475
0.7264831457159462
0.4915664924447239
0.5643249122851582
0.7635462532578798
0.5812502746988897
0.4172834157539963
0.501149016081319
0.7006216588006529
0.6136651754954141
0.5131334219071224
0.4412337311334239
0.5209736786777355
0.5006644442612168
0.4674870830017498
0.4164555045592917
0.4637316409119451
0.41545458868845736
0.5847337968276909
0.5772842567012164
0.5572575917089221
0.6836709387436724
0.4685429868715138
0.6527819502557465
0.586455214031211
0.6770729555877363
0.6282773970726074
0.36445853715228876
0.6427764666763341
0.5068018601620343
0.49870322165756076
0.5462511540632284
0.43108096844714144
0.7400310486409402
0.49722289055298047
0.48295051099373076
0.4926304561254995
0.4732586678072346
0.46961557395860126
0.5684708285660862
0.5916975391181787
0.5887014673315745
0.5030211969397328
0.4787125074313506
0.40206140033752197
0.5934063829944101
0.6242660465225485
0.6230336055872489
0.5699547717332422
0.727401371198795
0.5880795767130278
0.5642878091552685
0.49950896786758425
0.3946728303142252
0.5856469599936581
0.4890960008476209
0.6914733086120641
0.6090756584991788
0.5585248762140103
0.6358905516999419
0.4858500649214698
0.45482905449116307
0.5788013543444124
0.6632489753668045
0.5247298640070839
0.39633761052075867
0.4554504821027795
0.6020166547818613
0.4758224353274098
0.4957930478575549
0.6743117514926814
0.5179647299890006
0.4576862997717199
0.6424994718821554
0.43187631711010255
0.6296079937909116
0.8156765540818443
0.4975612432369568
0.449110347646123
0.5441140817474683
0.5716881952062766
0.8184705671741843
0.4790675432603775
0.6300779302670352
0.331052083359774
0.5132059764255011
0.5427460684164035
0.6224336243751925
0.5724548799457418
0.4733069323218989
0.5297926943459775
0.5147514229672033
0.44231251696088886
0.437658373682023
0.5315117702566682
0.5478757670404294
0.42103201639608767
0.46113483479975187
0.6452650243287604
0.4768081246276419
0.6023259225086657
0.575832045678187
0.47071439752081856
0.7001243683969496
0.4713678968464736
0.43202794670770683
0.5526491379589835
0.5622214067768974
0.6052872765240946
0.6095170441295529
0.5137852478750669
0.6091448666284418
0.5547785773544006
0.49391942245963166
0.5794863570954626
0.3186918008220312
0.55568302467638
0.6514610553130984
0.5097526195907236
0.5045662304319594
0.5050453319930752
0.6183388625915355
0.6484857097954196
0.5219971757445786
0.4744345223413201
0.5096924608588278
0.7499687210478219
0.7218604178606024
0.6109530449320547
0.5696332376235913
0.5071959559236063
0.6612633128234973
0.5963985877666066
0.614100681297598
0.4351931378227205
0.5388121664223834
0.5012758975653056
0.6002376589571862
0.6077663184217099
0.5677680903075639
0.5107688430004599
0.5985352769910791
0.720133308966688
0.4987049574626002
0.6138106232272086
0.6134530501519138
0.5131166388769597
0.5042142153629504
0.6374909808210406
0.526595255803238
0.5796462665328875
0.3958127364302624
0.5014013745465247
0.7311494801111822
0.5387928144056272
0.45217004662281896
0.6049435647822959
0.4993467544234952
0.7312163860293686
0.8078039176198941
0.4717708509627783
0.4356875179079608
0.5770391214923272
0.5475558447172331
0.6036120501006522
0.4366360246623094
0.5540722757289378
0.6636920161081259
0.6583159567803616
0.7291548607536673
0.5239786240501936
0.6159404466570264
0.6997545316170175
0.5494611487776622
0.693898040677783
0.5888404798012303
0.6962009480564476
0.536013862529913
0.6012628174078871
0.6363853550437073
0.8193507112982574
0.6120163557860793
0.6321811829920541
0.5319570480154332
0.5091592054034452
0.4099104863975581
0.38323548384266376
0.6495433081882849
0.5857746811722693
0.6228647044002735
0.6272662482040661
0.4988290442096895
0.5219133578929074
0.5668540068195617
0.7844958293315415
0.7431194888135374
0.5037152329686843
0.5590791008574277
0.574168720970974
0.6412768924229815
0.5223244607845344
0.6142176652844804
0.5861264705760452
0.6310942411494107
0.6295384652059959
0.5313448478338963
0.5553269701056048
0.5360516205080602
0.4799221241610046
0.613698340962506
0.4788228773767905
0.565704570396724
0.5191442701736613
0.6149048602535004
0.6509564687326186
0.5072327824318904
0.5160173988814948
0.5527234311797383
0.6757141694569395
0.448680329331074
0.5266581569390567
0.489052784801919
0.5915902965938502
0.3829634247176037
0.6424698839390647
0.6270437756565861
0.4096030997022232
0.5298915548804763
0.5506059924529455
0.5528707360016833
0.5881334331992583
0.647714860092471
0.5454278412188305
0.6481852597357534
0.5300869928190572
0.5385837625629201
0.6607605780515807
0.6720415321761635
0.7063146381123317
0.35043518158328263
0.5827128168553877
0.4859556670194409
0.8433352685555491
0.5122140297227917
0.4502466552087197
0.41913627053142943
0.6389472100099132
0.4940565661509717
0.41084573169073213
0.4906412050206302
0.5700853891759067
0.4868550500768162
0.7114883576995208
0.49155958450085624
0.8684955839027133
0.44216356382351596
0.45779444004364045
0.41029860750694336
0.5166805671469131
0.5338079101045321
0.4309509101223345
0.46992909250161985
0.5333869122503683
0.5167669440686365
0.6017832185645926
0.4089511106298369
0.49897891347082457
0.6504788294564801
0.4562323357421791
0.5192802092148576
0.5015438870582963
0.5417459276982977
0.4257371900300038
0.520560784084689
0.6268301032858616
0.6385233958765357
0.5984348242430134
0.6083161718582153
0.45727828728934056
0.4997160118360765
0.4725569372154502
0.376534645811769
0.43889352879848786
0.5039860422092324
0.7057026485355113
0.5713810286221033
0.5209736201006416
0.5487124152115336
0.6126104272143458
0.5616737499078194
0.7208086420563292
0.7135573269951836
0.39266315931975154
0.7151167404743175
0.42381614431510956
0.7440147062590812
0.5281205004455549
0.4893194854349989
0.4830572478883069
0.3951383651565413
0.47357396889821696
0.6116964149287284
0.45678895629436683
0.4154983284366044
0.4307571532615998
0.5286101312836441
0.5391758865832785
0.7130525054713472
0.523424472474675
0.5046716509674876
0.2847160191308409
0.6119921548371874
0.5791785157919136
0.48240020506449255
0.49600654145379064
0.5634994448221717
0.453176794370544
0.4863004144648302
0.6232143526702245
0.5930213221018213
0.4594792983779371
0.40029128895040006
0.6156654468565718
0.48678373561869065
0.6057206100760879
0.48552366946723696
0.4606522549195436
0.4559819094328446
0.6537118864531971
0.47240412211559846
0.5953228127207644
0.4080203380834547
0.5927501227640181
0.5184651970775817
0.6059057084353975
0.5119924814447125
0.49331637601199
0.6052463326077699
0.5158940468493177
0.5835046089912458
0.5095011451333312
0.5837905350009196
0.46310723468612713
0.6926101090426489
0.519198990593186
0.5365683105618299
0.46929634793820096
0.6289378758783006
0.5398419054792513
0.5369294488284371
0.5197377418590777
0.36078611925825743
0.5445105568827354
0.5802653612827049
0.6082199456632702
0.6760918375645469
0.5939919901915022
0.5898630230798778
0.30458738068093755
0.6728868466787448
0.7642644284899239
0.5822046385256013
0.6550215231572931
0.5685890862540549
0.654516462448316
0.6406361733970634
0.5738649523925042
0.6396260402987745
0.692890597829456
0.41935746724055584
0.5270696467089954
0.6508723480105064
0.5698938699894789
0.4002342824569234
0.4773402507367165
0.5965454698277589
0.34170293945901475
0.48071219194095316
0.6025043223957592
0.6167376151124297
0.6684548270515982
0.5577024298640667
0.5716043327877313
0.6286097716321124
0.4697077761237015
0.495653822806976
0.7759329469116119
0.43325643162042665
0.28565003000937284
0.760916484442173
0.6215339105968416
0.39737002000732
0.662547834159743
0.5981878691836086
0.749367420044353
0.5386021028734599
0.6490895528276907
0.5552572166845551
0.35471926523229114
0.328581595437442
0.5657457177022193
0.599282504558592
0.6321857275900377
0.4326085742859948
0.5124313172151683
0.5978446349439731
0.45561358939000346
0.6324978619585736
0.5294637239247038
0.4587213123508709
0.4316141400372387
0.44536560098732747
0.7283520852080524
0.4603382521226933
0.5494852315380571
0.6648457124245039
0.5356595790786001
0.39575832135104855
0.5727516030564002
0.48611843949989797
0.5174579841261616
0.5112180532215912
0.568831881470763
0.620674422926084
0.39361794316875787
0.6947243827004159
0.5798182246389406
0.6532587530768325
0.6105956008193795
0.43644843125336646
0.5711814250691989
0.5918019253968685
0.42094049645552584
0.5539000440052722
0.6311079215699656
0.49366055435829653
0.6003956035876862
0.593404896123234
0.5259724646522927
0.5882190862460916
0.6504916336436889
0.5756032274252023
0.48239217469368706
0.6254502739075022
0.7592344257863272
0.5956988817134659
0.6052533738554892
0.4261462699096529
0.38668676500194343
0.6176349050787167
0.6397438917843317
0.4836932099604394
0.6281145516420128
0.49481730588493555
0.5948284004165674
0.4735776625309708
0.6011206942603223
0.46078908946570446
0.5285310486267105
0.5493410180911515
0.6144846512267447
0.1959106256978544
0.535919573236528
0.6793104113804485
0.45050729967466996
0.41438501178264087
0.529333354001323
0.619265814857086
0.4349911350654178
0.5772887467614838
0.5096403016584236
0.5278693748669088
0.5751218939218845
0.45218327001548464
0.5328840980724827
0.49032985494863146
0.2710952062102801
0.7517671420077541
0.5851447402445258
0.4918200839568815
0.4216691965400487
0.738474537790322
0.5249651014918189
0.4868033024853035
0.3980185753612635
0.6406699822881883
0.6676379221769732
0.43296872065030223
0.47233176432530527
0.3723159312401917
0.6584365993216695
0.4654257664456454
0.5881550264761239
0.46709932408673177
0.4863911841219821
0.7655899337763368
0.5652128670560214
0.4980582653748598
0.4554010712504184
0.5908358065096551
0.5047261026990324
0.6229522899484511
0.8108892142852766
0.5135899554175384
0.6361800743867343
0.7097276871860669
0.63017193331677
0.4776331557139514
0.6482156219433902
0.53821241176147
0.5795508313450558
0.769250393711922
0.5480163360423242
0.6695808411325491
0.5672417949457021
0.6832533214870988
0.455862940935943
0.5352656173846961
0.5552411930575664
0.6118250856501383
0.4220890047138927
0.4794909901529918
0.41394779606715043
0.6199317502333359
0.4385895363201411
0.5188390847217383
0.4922813544624967
0.4070377817755024
0.43026231771124374
0.7529045770386754
0.6936240580587698
0.5392975457757683
0.5612630912208436
0.479483686849345
0.7186754337714643
0.5190072694758905
0.6334402189490962
0.5550344052620129
0.7095478379706526
0.5855370257601333
0.5553595791563851
0.4977131697146799
0.45165441969791087
0.5467247834765663
0.5230611556285685
0.5585257212285486
0.6209409569544824
0.4645470859789097
0.5648281511513215
0.4733168805494412
0.6391949091954935
0.47788086123217677
0.530835053113413
0.5813628895077184
0.5120564895902753
0.6481456635946696
0.40539254927101065
0.6835713828729459
0.5533758836543861
0.3879937470550625
0.49158358678398967
0.5917881139752547
0.46535679389999834
0.6889121019026909
0.669102273224893
0.49496635836317243
0.46362137918074897
0.5540073030374787
0.5450081541320063
0.5626590609493963
0.5995924226301581
0.5800393022571819
0.4874893403233309
0.572985870541007
0.553436887802868
0.40356125180784375
0.4536679081653325
0.6972812394986291
0.44128970102519366
0.5263157068063571
0.4120627723119632
0.5230803269362546
0.5349331827444483
0.537089825304337
0.46868651361509556
0.5151130026480516
0.4162975813081113
0.6288997371770761
0.5620156524862646
0.47921197204605187
0.45838042726494027
0.4713243498761989
0.45995954816549867
0.556976764246572
0.4564475940633568
0.5129957086901262
0.3554201851565987
0.4951334785985977
0.3930894014333284
0.47752050261034223
0.433098328146923
0.8203309508280616
0.5769408954541507
0.761637590611212
0.38506257542940725
0.49753838530103023
0.6837598375154076
0.4892699835373976
0.559710394568342
0.4745316867512167
0.5844380448946306
0.5318317239512355
0.42089564204057717
0.6933242606982328
0.6756498865539802
0.49248551532419566
0.6717480795493336
0.633646259660475
0.4323485995205459
0.6363702486234921
0.5950103801611495
0.4234641291219131
0.503809956970008
0.48961758399679933
0.4386942478100894
0.6318159909290337
0.40369693208638185
0.39629617054568933
0.5603417724611203
0.6580868977373684
0.48225891595186093
0.6523590073983492
0.47266435145878816
0.4570158639120841
0.4520367043876477
0.47467097334143027
0.6072226856236079
0.7527125050143209
0.4782770288042365
0.6257747677892264
0.5760691969237944
0.5329455793528879
0.6259498902714473
0.582791681025545
0.4960204715886622
0.5451224163011549
0.6598296339552545
0.5312982510650102
0.35974586184150187
0.5922071203090433
0.5969710227573355
0.6543150580772993
0.5125115462584161
0.8327788100178626
0.6202706950013317
0.4040730429899899
0.7588696901889055
0.6108077153674205
0.4262573468805279
0.587544257013122
0.5153537442418399
0.5036525130074652
0.6416213078277864
0.5197837977321262
0.6376698806516914
0.46830040843645265
0.5326053741452773
0.643962747384212
0.5398470758528132
0.4000329446788615
0.49643923273033286
0.5764970742293481
0.5276595436166828
0.520446883583077
0.5286387895277325
0.4300086151312625
0.6220811093533715
0.40096324850955045
0.5150586035786645
0.5007646331838195
0.4580447964309785
0.5440920906485787
0.7092448766045925
0.6753549336264237
0.5208099539130594
0.6981374331139885
0.6757335378993978
0.49217147111669013
0.5305997814267182
0.4483943827448699
0.5710853385520652
0.44652632519531704
0.5603451991776927
0.5396042844082081
0.5817195473649618
0.6003887735853676
0.7415356806305522
0.5435233825562021
0.4370742573026667
0.45556382207259716
0.49171239336339134
0.5097709986097958
0.5353085841773951
0.520841842057135
0.432871203517217
0.495573629819957
0.4121546348192736
0.5313758356514918
0.5697523821455396
0.6465518785662095
0.3559873464211234
0.5929698017424634
0.5541216557801469
0.5468333365751852
0.613532185187922
0.49143910789143647
0.5110049796641472
0.5946408052591565
0.5503878112367214
0.49457748024447423
0.5772128874343632
0.4349030756462767
0.5339968589841594
0.4551821178851015
0.6845564780203561
0.6036673266517028
0.47220171421500956
0.6443012923074123
0.7615509608545089
0.5098574112209706
0.5805637347893622
0.47589893560979923
0.4291876712644956
0.6595578046160282
0.5111582596964409
0.5311282255043824
0.709459850035467
0.7306272161164309
0.774948744098874
0.5189196831697898
0.39274938430649453
0.7028530623151906
0.49935401186684447
0.7334001540962272
0.5057712975435098
0.4246381601918139
0.5149091834303086
0.496946232438515
0.6229178150985544
0.6042177585005614
0.6228241288949166
0.6136028537297158
0.6131122573327117
0.6663601431284768
0.6529614438266522
0.37578744888224325
0.7480378934205341
0.45096501209856427
0.6299100477169997
0.4645269943915289
0.5860098246298149
0.4753821042376895
0.5588891501493113
0.4918394149738094
0.5760314011005616
0.6276627218458748
0.4583933878009123
0.4051335020889133
0.390022709572833
0.41531798500789996
0.630940382185159
0.33952851583498733
0.5211436300721926
0.6958784898069409
0.6927544064125077
0.5430826246114022
0.7113545026972088
0.4730466192917204
0.5378458496324635
0.6111737155159501
0.5829881749540141
0.4980757012411421
0.5960559174344716
0.7462680543486955
0.49612906283089
0.5621503546911082
0.7351868347462932
0.47693554790161985
0.7578056985616661
0.6306793403800324
0.590653981767279
0.6573955344791125
0.5515132628430588
0.4810582043232006
0.4537873643041638
0.5707550899113802
0.4836320273334722
0.700779953469036
0.4958100962584086
0.5570883023945642
0.40766810506910867
0.35146304729833655
0.5527446548446537
0.6827428218192745
0.6179621860943183
0.6420571959878878
0.5813777695056629
0.6229768181989391
0.5505739974605994
0.6995704945284993
0.5888301725459973
0.4821709355352055
0.47189998010005
0.6649354398699667
0.5119501260487527
0.4160063855413309
0.5940128800698572
0.6208330146235459
0.5517023483902705
0.6623497999610755
0.5144010415877246
0.5871805519315706
0.4444685866053485
0.45661277556973734
0.48006787838945014
0.48882271182645964
0.41529894075949003
0.5377170221902811
0.5841074187646856
0.6085459755429905
0.5248786270714653
0.43929059393519415
0.6403295834103233
0.6341460878405459
0.46105951259559325
0.5260409487985493
0.5170235659496437
0.45587872699124005
0.6899744136006781
0.5647368216623235
0.6425564558507945
0.6312368231163947
0.6293010985498351
0.5157979638640545
0.4420853519146375
0.32556940231148257
0.507026771742962
0.5623046662169428
0.565947944581865
0.5412918306605722
0.5274174590805728
0.573575016371893
0.5021233613298188
0.5190814511728176
0.531921283616069
0.5050537433405206
0.5603712629227553
0.729140938758793
0.4552188397573051
0.566920659116846
0.6444651760685229
0.43488692630567855
0.6801805794005918
0.4822283238595515
0.5414200827447324
0.5354700197497885
0.6692896824517329
0.5865138620665938
0.6867624653664549
0.3820712669864321
0.6390028368060957
0.5381409988580479
0.41624819696959786
0.4492015708698662
0.6857177858453313
0.43357177080261927
0.656117461145673
0.5654375534420715
0.5029035278022727
0.5502756978486918
0.3126850799729822
0.5217172072177074
0.43197673085721033
0.5332256699779127
0.5246860564535785
0.6086183376834056
0.4761913197578935
0.43137098320553047
0.5846805491767216
0.48195148116048303
0.4091283618740851
0.5235212868493262
0.49016739527423253
0.36794925625774466
0.47295994042706174
0.5263483385835964
0.45505946730176416
0.5469405087848314
0.4618235184441849
0.38744226528556425
0.4897929415584559
0.6319639284806255
0.6152244859127525
0.5739125871372991
0.48237199038138223
0.6555954908736006
0.6467061593858131
0.5197460945867608
0.5458005421086592
0.5549443626022356
0.582789354493288
0.5487306170413103
0.5657114950098632
0.6138076079309436
0.620166533560086
0.48649725051511084
0.6304561103609868
0.7230127768230286
0.5046432912100662
0.6881280955197353
0.5712793090736783
0.6755963764286406
0.5746300331297604
0.6158787881576743
0.5976620325214448
0.5131430544265654
0.557759491483277
0.5079533451533192
0.47637295117716977
0.36308051799122276
0.4049809964699199
0.5025426152319187
0.5642732594515875
0.3967528000240912
0.5342999144582965
0.39328798496385464
0.49274733464042625
0.47776399452303686
0.40039441513296686
0.5662070635500495
0.6905154901007209
0.3301763046433392
0.5467581304689295
0.4968862174373515
0.675787519673565
0.49917704576372424
0.4861371060864348
0.7029462242132609
0.6332059442632345
0.5535460658977049
0.4669701770200214
0.5691905323833477
0.516247096820217
0.6481831518445889
0.5038135556985076
0.64317125788395
0.5460276449813426
0.4603603523229458
0.7103749170602893
0.4544634956033585
0.5978477382735952
0.5126874034542792
0.5367187286166902
0.5522887038331089
0.552386370000481
0.4637707839226146
0.6375093958662782
0.7233493398066425
0.504341141995412
0.4703535303831119
0.5683211416227092
0.5795122807220924
0.7350421905495854
0.5098516677567635
0.5879928991617358
0.6621514368627094
0.628787509041665
0.34476040586466816
0.5478230449863423
0.7061191882313131
0.6499365752022346
0.5683403457147248
0.6005732062576703
0.6242666058509199
0.5475699616333692
0.5441755919946888
0.7233127841700245
0.5201791785734626
0.42155085855624796
0.5423387349854327
0.6908991654970688
0.42050948545742495
0.7071272242632264
0.5896011781621325
0.43637156920798675
0.6681376689060752
0.44661209461763296
0.49661932408636517
0.6554811412815519
0.5011608971894024
0.5984237231660732
0.606499608019068
0.39963933314645617
0.6357413339366318
0.5450739831025492
0.7406921168319416
0.296031707058345
0.553742403383289
0.3950604553890207
0.5954028324655734
0.6061024740527045
0.5338502397275403
0.4415317463440006
0.5854537219935008
0.46704529530488903
0.4441667792380935
0.6213506583543413
0.553020902292998
0.6239358221219645
0.7102676991967016
0.5392640486265589
0.9327657957404105
0.5555706310718392
0.46147933693245463
0.466335452340938
0.5544039400588062
0.37682224690848387
0.533275064275938
0.6659088474249497
0.7003139089875061
0.602824262605431
0.5587189543891752
0.37734995090091966
0.4351535135451812
0.5449075767781137
0.5782741424697422
0.6724521501102658
0.4489703413353833
0.5860575258841544
0.6379544929551139
0.5942095198802212
0.6429142344825703
0.5099850458537276
0.440887115750496
0.7423887592774496
0.4666581509650327
0.37703148836079464
0.3986607829659304
0.507470697128422
0.6553354558908426
0.5382096513012765
0.7360271236522493
0.5964388770936706
0.5560266663394402
0.38535547992034014
0.4935941718956323
0.54627211119326
0.2993988208795383
0.5314658824615499
0.6808795543029283
0.4301082981656218
0.5818207500907818
0.6381143405567737
0.5647939963261631
0.41261380996458297
0.7089691658827669
0.5034670962705926
0.6795539398974677
0.7073086264198771
0.5922209333404588
0.5796637097444384
0.561663193246602
0.46877909588005856
0.42578951065064746
0.417312572866959
0.5158828171732933
0.5638540636426118
0.3960611281898271
0.6289211776640773
0.3998259048023346
0.4551684754669458
0.5908091146476695
0.607947466980791
0.5118781359779044
0.5986873614372072
0.6934591300462475
0.7329009918443532
0.5756115382758863
0.4401079129526118
0.49060551272797764
0.6027259079838241
0.6380900217887433
0.5545136397294745
0.5129511494464565
0.6769287689515124
0.5731953530481291
0.6445713317909347
0.6459880852549045
0.625192058044978
0.657888106617762
0.5878219956396992
0.5876115422222877
0.5860802967819386
0.4435682906722184
0.49534684646056665
0.36325398759222016
0.4471825627075578
0.5821338636912177
0.5588774309322959
0.6022545554263536
0.5810064364678471
0.45463401966800426
0.5505979680483423
0.644843530662171
0.36023739948623995
0.6192487120426606
0.5886129368129818
0.44947231656030034
0.6170473882500584
0.5515044238923006
0.6629689725878654
0.5366636119949941
0.5696477109721839
0.7051453268323966
0.4485649160624669
0.5370740086927064
0.5983403360873892
0.5673796962790546
0.7469279722105742
0.648516067304344
0.5983502840992411
0.6100341896027691
0.590961558671554
0.5125734865941229
0.6153244722704534
0.6535708244612105
0.3755132999877698
0.4782510876258007
0.5573887267907413
0.6665178866268636
0.4707766490817142
0.6291343329390511
0.6048509783328897
0.5091621340033761
0.6560695412932587
0.6533099404414102
0.6707166609590381
0.38879381716369954
0.60188276785518
0.5706490740136894
0.7385052199415805
0.4942297054507755
0.5570841315326397
0.674286733994746
0.40364289432492484
0.6569247772622278
0.5407022813447034
0.5236045850977191
0.6896245568255677
0.5612940252704532
0.4505961587983216
0.6785097630962644
0.5207593225529022
0.6723021259050754
0.5818869663822996
0.6626854854814687
0.44052427767565644
0.35590713794431705
0.5666084442421526
0.42772542158925353
0.49022478609033254
0.5878218046184752
0.5544121367050173
0.4502565118477856
0.5654106364606553
0.548319126398706
0.48710120863154155
0.48910496503130396
0.6508686062385397
0.6547465858615095
0.5624656229563
0.6918623352727937
0.6887916222418284
0.4408662944823558
0.39739170557942727
0.5247570717254841
0.5418145723764838
0.7755505278704591
0.4426494160395515
0.5258247998164315
0.6208732613290214
0.48133366496033914
0.5541714453357725
0.5965128040505796
0.5570182395192427
0.426195572429912
0.3252942423568687
0.6624973615541779
0.5128851730635439
0.3943244265170791
0.5470691411016575
0.44543111342888125
0.5529886546776956
0.7635300963917746
0.6375036363675087
0.7108757822332675
0.6640926795155337
0.4134637692962663
0.5991692074920738
0.44912136629227234
0.5709474156342963
0.4105411912995557
0.6118891492205052
0.5083322557702719
0.5559960693395758
0.7137528927103306
0.41268188667155986
0.5197828475414082
0.7927657625573801
0.7343101079230112
0.4195370608007696
0.644419263224048
0.592659812194224
0.5561687581247573
0.6417285127725232
0.5911242490955654
0.4869101560113548
0.6370027341015633
0.649587196126777
0.5617710392454618
0.6045048271671488
0.6336334657146618
0.6167899256677519
0.3854704913284599
0.552054116967432
0.41167398305925607
0.4133280194845008
0.6825206516426874
0.6404927306354053
0.6996583487612164
0.5100002908772675
0.35927402399202574
0.6453361299043501
0.5413906485182405
0.7529446449994771
0.6343878135114285
0.5536050807563243
0.5747830726162209
0.5509326661237677
0.8210257475932192
0.37039845468207877
0.5160146208761092
0.4762017864033866
0.643380430217948
0.388519214875609
0.5820336467069558
0.45688853766778764
0.5948039780653902
0.6223361490273268
0.6627012178603029
0.5068759221813287
0.668579801950484
0.651665684119885
0.6890093512264575
0.42085772395559423
0.4009424218261626
0.4194115249611188
0.6335967226620756
0.4501379096113873
0.5419364800580582
0.4652609502214501
0.6031435181056927
0.5095418445977687
0.5530117687484187
0.6528208532869864
0.6335743334799024
0.5787871532147159
0.6238190474335282
0.5561524311646757
0.5237837571104655
0.5690811288937669
0.6434037208004824
0.657690401498949
0.6012663973976824
0.522430347596531
0.6099989327250672
0.8148130788250005
0.5492982105049912
0.520896829644241
0.3125967925108425
0.686218951938671
0.572003982842901
0.6637295467100173
0.5512593354124347
0.5638426620897367
0.6266034994167344
0.46256856155012516
0.6449570488209044
0.6822202197615359
0.5597794326886621
0.6115286681952354
0.6331006324462483
0.44134131286032263
0.6080916334356264
0.713969100938841
0.6319339661324156
0.6431447308946208
0.6016778078994087
0.4425063925299605
0.6470540152153574
0.4885704638406698
0.5443136256704669
0.5187897056175255
0.638583495209238
0.5776354499420033
0.7035525475738129
0.5705548781818384
0.5123795651114911
0.555793433543772
0.5240562397232341
0.7416576771537267
0.6682789822493629
0.4826099215612385
0.7256306428973462
0.569630352594551
0.39807384948943947
0.6533112948501376
0.5815167718604661
0.5593992808997185
0.47346523099232457
0.4183676495028187
0.5026426428272263
0.4873335405065261
0.6330859843229953
0.5481972939152395
0.5366052138700785
0.5140464198677775
0.6815033867541005
0.5970255678331442
0.7027836008238207
0.39500727578871464
0.48545815244709317
0.5630655155834
0.6079129443279294
0.5319986506894582
0.5462404556796625
0.5914789013780988
0.5192873416167257
0.33121835256686905
0.5560225028768914
0.46790615096735094
0.45958139938450115
0.5108690052683048
0.5788896355390032
0.407275203275003
0.6794820485263885
0.7167842534767225
0.4411270274544413
0.4897410546344094
0.6912727076119296
0.7717411600191854
0.6068674476111238
0.6156127241739047
0.689559091551297
0.4874300703307668
0.5509786388885713
0.49052450876198644
0.4906807766967206
0.6554715626162764
0.5900979824925514
0.6050891093580562
0.5999199054309314
0.7209653152324358
0.3972984724422299
0.6545027419159981
0.4555584263994873
0.5076306812236957
0.6268584722613427
0.6503204414208354
0.47746714918482985
0.6088442797305219
0.4987228543924667
0.41235376637439414
0.5199238865251099
0.7214883672178496
0.49683112794401896
0.582316333101779
0.3802786846349858
0.2743726700398808
0.5685416313114656
0.49896954449109143
0.6656856597083876
0.5628274071912882
0.558396093644901
0.5805958206069044
0.4518874705695552
0.5603427762409802
0.49415486819637133
0.6337258246288634
0.5998460165727805
0.5600425233636738
0.594347296869577
0.4027394919039975
0.5071584436088657
0.5617993770383896
0.5399501674004764
0.5743002041782842
0.5192344474406733
0.6071851757986831
0.5083619573815628
0.5848201956557312
0.54582684767289
0.5285868905595976
0.581564483486674
0.45510619766095095
0.6292433516868734
0.7571689223675494
0.551508687955507
0.6806944961312434
0.6584232676963591
0.45200118676342815
0.2603402471709516
0.6420621816128862
0.5441348824779845
0.6731418502308744
0.5837438919223914
0.7015245040518152
0.6089176462914868
0.6294997848122843
0.5642194917264748
0.5204901238708535
0.7041653552274671
0.6113157081339848
0.5841001566000467
0.45651252431231354
0.4333367052806765
0.4106478787900437
0.5408530452911743
0.6499632699174231
0.6255873994016627
0.5554140547220552
0.6699790230616158
0.5231735406323716
0.6095581912518956
0.569301637526766
0.5660914526040545
0.7617853741066921
0.645822345100623
0.4805812413491716
0.5730886735994828
0.5911883692342188
0.4861426196183909
0.5097468134420551
0.5524233350085098
0.6040060674186033
0.5181241182635262
0.6252028797276205
0.5463236238759237
0.4665266750742509
0.8111398819643891
0.42606682975888677
0.6304373819740476
0.8394198649022999
0.5577831881838583
0.6407466317760326
0.4841652662380576
0.46321500271098864
0.6059393277841485
0.555510410612173
0.7886522418862612
0.49567136271728773
0.4533392109535651
0.6483404419882218
0.6694727722822447
0.5735520963500316
0.5077204568631805
0.6516574747705115
0.3805405691050904
0.668775843569033
0.5824960456048842
0.4237907974017735
0.43575035912613236
0.6289865831637279
0.49344849931600643
0.6624771645021814
0.4697968156742991
0.4605673159042062
0.664359825309065
0.5834299932560244
0.5803644670127034
0.6552732549151782
0.6928590131639656
0.5902886476530762
0.582252578107171
0.6482907674286127
0.686573552906601
0.4367148205590175
0.6419131157213254
0.6282856966043815
0.5351070474180023
0.5872988025394441
0.7862726618474576
0.5659868623509129
0.6652074156749249
0.6171310369692405
0.6081795456615692
0.38031460598100064
0.5750475537040854
0.6184075088084017
0.6676859011632473
0.3838419707111008
0.4985457741467172
0.6173162798407545
0.6857954106923205
0.5070565816600644
0.6347777315130992
0.5825142855288018
0.47716827976311343
0.6214333008250066
0.8013519335495736
0.5774768007074577
0.6395289784949555
0.618716534081182
0.5430694618470178
0.5370558966996715
0.4750869981006962
0.6092115789989103
0.6007313958825279
0.5705560450586142
0.5408120311851576
0.43542401199279823
0.4535210560631995
0.6057317224841647
0.7642225686509734
0.6020006483451484
0.47759507225862885
0.6736536252974357
0.46151826925221073
0.4396871306489072
0.6521391719135624
0.5042365325180819
0.5795101827467001
0.5662739140443205
0.46586933223762034
0.43159329798885426
0.5478460496952559
0.3552530176861318
0.6659241140273193
0.46479937214858064
0.3314562957075175
0.567390941946628
0.6580866408488759
0.6362050408251352
0.33228891650619574
0.5342203160005914
0.45168178858038976
0.35383214657406764
0.6246268565748744
0.5736425616089711
0.3749223137887208
0.47831024041180437
0.6122346888283825
0.43977981617985756
0.48111076126449315
0.5020360078572836
0.6457282829482273
0.5996468047374724
0.7119651330771954
0.4475029424885132
0.5013303203737173
0.5682181521242803
0.79541868947585
0.5655851971883048
0.5443036481371355
0.5960705183251669
0.47600682918609344
0.769282323263185
0.527525609851368
0.42854325137762456
0.5352113066046076
0.4732497263557134
0.602478690349791
0.43214120348469837
0.5983265189809955
0.38890537589151514
0.655738402010126
0.49707794227207813
0.7257027503978021
0.5138038998304397
0.5884470548218104
0.5767198270835895
0.5648237115395749
0.47878425685659637
0.6633189899147537
0.3919837475489888
0.5551327202382146
0.5825311219951671
0.5090231992692643
0.4355676689959425
0.6349906359363945
0.6493394275133875
0.4978249058335055
0.43054785453196254
0.615964367981813
0.43428417692813004
0.6430494029758617
0.754140540245596
0.6841752612664883
0.4073010191140076
0.44376134181697985
0.4591565602075135
0.47850180955610555
0.4392805097894576
0.5990505304368524
0.5528733935310327
0.7781215492668208
0.3697339345018492
0.25205572056998127
0.7063909573608641
0.5467467333399886
0.5002345888569705
0.5239363239919492
0.6241052703271261
0.6454473464496193
0.482858299502251
0.5048824402441938
0.5414162417739097
0.36246751713715936
0.552462200809633
0.4425274509047472
0.5251849563965985
0.4201593862222506
0.4324547656663616
0.42130115050320205
0.6015166424099273
0.5984462679352383
0.5385802733688133
0.6366649822254353
0.37811962876713906
0.4539951098800098
0.558123754294772
0.6168836040125952
0.6829490326885935
0.34167607754884055
0.5055371941767327
0.5432312307165077
0.6159978063681384
0.6258513751351743
0.6014973261459227
0.48532626284383656
0.6810443662847953
0.615774282612366
0.4366216446901694
0.6181217549903962
0.6180833072567283
0.6647895793000572
0.5475688283037158
0.49177752731732094
0.4997277957958231
0.6425492561299572
0.6355234059600782
0.7712701800937656
0.41432123825951794
0.6163382065396358
0.6917619912380514
0.6271762456526734
0.7336036554600788
0.5877950497405304
0.5548036364909799
0.5872403858812121
0.4835874619619617
0.5049890238136927
0.6194461129029865
0.6200343970768738
0.6108449050221539
0.42548408646465424
0.7359579119489146
0.474832961477429
0.5222211052344398
0.6245313030586175
0.47274152220546106
0.45126918440794045
0.550687966521784
0.4859709815175177
0.5885149342925051
0.44284183609937716
0.5775203996199547
0.5964692822941059
0.574228999948893
0.41871418400830573
0.7555400951368769
0.5095538385949171
0.43081470381536746
0.48184038607798085
0.679266921937522
0.5175927155658651
0.5355597023515511
0.6055052985264551
0.5504244310926613
0.6211491657499955
0.4946592294285867
0.578327869668782
0.5626578751263872
0.514494155216993
0.6214386393030704
0.6136396769841441
0.4586048783016314
0.5347302440001639
0.5108671942460684
0.5690275364142799
0.5806651071509695
0.7506330238392024
0.7434431032922435
0.5204270118276617
0.5106242944127397
0.5564053100377546
0.47268493988440774
0.49210761235183426
0.6103434307444212
0.5492651447205954
0.31260268800623614
0.5177285895615419
0.5371138032357565
0.49834168828826003
0.6635441941534828
0.5183472135815819
0.7714989268451229
0.5877043552163455
0.6913177537203244
0.6318649783412833
0.5889745541907125
0.5322798088792159
0.5940887572021362
0.5733661286135336
0.4417395017342174
0.7203585525277705
0.30564599593273395
0.567367365690863
0.6171108349945079
0.5676003547851307
0.4202400260656477
0.4666660701481205
0.5048919307971677
0.5058887131083042
0.6967104925958445
0.55512578379849
0.14415188463915984
0.44259295880626237
0.6553241863757757
0.648208397160396
0.7345822246145023
0.44140446361039704
0.6124096298414309
0.43942961511668704
0.5454857731451459
0.4437536445366596
0.6694587803852701
0.643381925917517
0.5278580911337617
0.5383475119095888
0.6961221598845841
0.545041068151887
0.5178529948177841
0.6176998941020156
0.5106014016820587
0.5692010698813342
0.4109420365624316
0.4577006532833476
0.6073632244889524
0.5210155551410123
0.5857785560442396
0.5351689539989694
0.5852269185673135
0.5919108889245599
0.5042880201811357
0.5888779540886887
0.41678370044200874
0.5514682250544389
0.5814300153133453
0.5113178858775747
0.5149672417977382
0.4537273107129192
0.21256993634917953
0.5117704984627864
0.6965709366921906
0.31973153975925117
0.5300737405170144
0.4960144610147065
0.49617908200710903
0.6545797272024132
0.44424025672020406
0.5712730667018
0.6071416154276631
0.4988433845651078
0.6660521329406379
0.5716821629614055
0.514565558356783
0.5990280450070139
0.633291315581629
0.7090242680001724
0.5806756965734513
0.5641897430963319
0.5633616146317203
0.5574897027498636
0.5328700070296145
0.4346717827288576
0.7045636643643368
0.5635979094994403
0.3659047516972043
0.6207034430939432
0.5227366644515842
0.5456158763734072
0.7086290628884397
0.6045547912440834
0.551366489355503
0.5673889066961663
0.7291233402667469
0.3698834864560072
0.5929266137121002
0.7299096029470012
0.5286633208081455
0.5845610684242732
0.44643656432930695
0.479784343026646
0.5823083123837678
0.593904092915504
0.5524051151618947
0.38936673031720004
0.7520399752785127
0.6129512307512341
0.6385735928201728
0.5191066125815743
0.7936267005304536
0.4843091597921678
0.44066664188187005
0.5566932725752147
0.4018562596550431
0.6634459243064987
0.5776967717216613
0.4844357966679215
0.5031965667122396
0.36043000691379845
0.4414073268493729
0.5221512943436365
0.545193511004757
0.31178521815439353
0.6264552273696219
0.3986677677510922
0.515967195666396
0.5719447807195666
0.6707592027823683
0.5174525071602307
0.6411001358774073
0.5085595875463238
0.6346761444539489
0.5121774722346034
0.5499466758264522
0.6079088841920874
0.46555290641972513
0.499468304986482
0.3317129753725584
0.6018449756646153
0.6811174459612375
0.44464940231220845
0.6033924958196576
0.5359029005163317
0.6078650628611886
0.7616490981919604
0.5808565922062728
0.7741278279955259
0.557719692325347
0.47818443455742704
0.3864025879924702
0.47965559442582606
0.4246904106964824
0.5097103322632083
0.42641621864497553
0.6190416286670916
0.5872749987797578
0.29550387352098534
0.33723491009092055
0.5910482719464866
0.5750775302812562
0.539614937921311
0.6157426715550678
0.5993589384608947
0.6686667704414073
0.5510397459562754
0.6167900398520764
0.6137465814450491
0.4959355812094013
0.3779272632762777
0.5448872988938183
0.5644515271738939
0.4256232783143011
0.4910287881523282
0.4441822119410619
0.5465284943066115
0.44994063572407783
0.5576993640689524
0.5778251133047659
0.45416375851476204
0.5125692961512265
0.8028696347589022
0.5772536348130278
0.5762515675305593
0.49376809963832147
0.4183891581384901
0.5922755227917633
0.5246745888653632
0.7219452969643987
0.4611983876441088
0.47664947735659263
0.38586893286561474
0.6802961040438295
0.5349055613424264
0.5161825511358665
0.6205493249828422
0.5861558697170598
0.5515876466067724
0.5190117584299928
0.49868179102380594
0.484984376003154
0.46997298289515416
0.5581731618541551
0.5485747954678255
0.5830395435062312
0.516574208088654
0.5195514528920623
0.5232830942093393
0.5352533200685509
0.49063005766807005
0.4904620884961947
0.7365628086984015
0.49545376525312385
0.508679444342335
0.4769587243337455
0.5349271719546453
0.4817948628145236
0.6103347944616494
0.7838082610933627
0.7555275464689836
0.5760112897452384
0.4489119372170496
0.48475148695345627
0.6480831707134482
0.45574315292775647
0.5558104088943553
0.49720583085925063
0.7350789738846746
0.3481038031060596
0.5269842870199342
0.6228811895823179
0.664372086323148
0.37870128066803654
0.6258288564655828
0.43844208409363694
0.6484789712221479
0.41319492084754456
0.4348157615071676
0.43574123609104704
0.6996914068249412
0.610431403658443
0.6063525552423257
0.6452748975156563
0.532273215659512
0.5906696098548635
0.5135582460574486
0.5859888924593409
0.5327820651806868
0.5875706024367129
0.7294623413485031
0.6653895326383208
0.6909693096450888
0.5903895648001252
0.49345393462888926
0.5406930088741481
0.48309491303968183
0.5724641913400403
0.37359034477918845
0.6569658051054375
0.5366030977842656
0.4788859042198512
0.5432160728071332
0.396625476772173
0.6336919213708203
0.53201919755248
0.635512618292496
0.5844894876898259
0.5417380778967629
0.7005420193195112
0.5450652401844769
0.4804580845396794
0.6290463110083793
0.6322646843910074
0.6421812915816353
0.726086258534791
0.589249965705378
0.7110464998876059
0.4941469077531722
0.5795456025162102
0.3622681341107957
0.4380992827037028
0.5813637476868394
0.8455395618224736
0.7070740486424536
0.6776005278948684
0.4981181905918407
0.5924505159782123
0.4766865644559413
0.45743820659920514
0.7254616619740235
0.5504751589187769
0.41859460911014634
0.5449523644583188
0.5333837607874579
0.6590260562416802
0.5413229386887763
0.4636642508740083
0.5869706058788106
0.3162521027826096
0.43961655072141365
0.6284942199442424
0.6860979724389792
0.49088004321832035
0.4543319363967253
0.4568667836251577
0.4339261743430676
0.5063935843473512
0.6985809999850598
0.43703277532848195
0.6118191378263343
0.402677678414583
0.4450871777723049
0.6329410018571493
0.5521526654400559
0.4953290866777717
0.6266605701025162
0.6153769914134931
0.47648005260251725
0.4871358946866687
0.5542028339161241
0.532500963521115
0.6733210857939796
0.5179098855909575
0.6324922673953256
0.4870938367871819
0.4886082868922366
0.4452102551147766
0.4232011621829638
0.5515343431822813
0.6714514427630619
0.5240669752787477
0.6169615077199893
0.6312520328141819
0.5274301430085462
0.5273373972944133
0.36643284211732907
0.4981260631074862
0.5503679675085549
0.2985036924129475
0.667663294188041
0.5974077432850534
0.5455446975905204
0.587577496958627
0.5557074708483686
0.5298009776737225
0.7374247469339887
0.43230656255754196
0.5706095076317172
0.5756609437715848
0.45282992446260517
0.4926285252408855
0.566965288600505
0.47571172614674107
0.4759772690605005
0.6007743697732284
0.6214590696215964
0.5499286785045884
0.6535629031312022
0.5019365364626498
0.6121526682298714
0.5142618778698542
0.3963486302992003
0.4522470920807652
0.42685747515761563
0.41961271382192755
0.4674777146774833
0.5620656273747602
0.5831905311449278
0.6303025657907129
0.5843745178683554
0.6919240385156936
0.5493877133970838
0.6105319983105912
0.4378260414356317
0.5110005254347144
0.4933661760501876
0.7974459455596775
0.5148262784245418
0.5663170540126548
0.5096480241083607
0.5365647521574604
0.5256185348746899
0.41091841309457455
0.4664210574804635
0.5484870919037669
0.6731761072791325
0.72661884715234
0.4963401363127083
0.5694156903277146
0.6780419591932795
0.5564255520897234
0.5970363913731468
0.6116693390449319
0.6843385492496816
0.6395828600704453
0.4893687159529903
0.6342134416475809
0.5605000686282311
0.3920146160359319
0.48343243805075203
0.6554392646681366
0.5470719171328584
0.6328613436511614
0.6406963430081323
0.41754815107486387
0.5748176992988304
0.5577557926128557
0.39922117605448637
0.5846870205845729
0.5886952376751751
0.55021975038003
0.5552375953931482
0.5050994559844917
0.4303096166456193
0.6214651098239148
0.5927655042345269
0.59010331872781
0.6255514047097273
0.9211084419664513
0.5334498309895296
0.5563354457225217
0.4623205483467126
0.4238680930955273
0.6441615336648823
0.5553114632587329
0.5082786532562472
0.5438800589442808
0.6038333567360367
0.6357310950114101
0.6425091249064512
0.6911100719197611
0.7166769259000144
0.4159224829062702
0.609730848521319
0.6001480405932327
0.6123704664855143
0.576451094965644
0.7632469995071328
0.6162341452049578
0.568359869114719
0.5972878047749574
0.3539057250595945
0.46782946170809
0.5201981050020134
0.5762806831450547
0.4774679667649127
0.6360796934299355
0.7472476274519648
0.5417038678532048
0.5027416246154229
0.5565957503511884
0.45034217511426367
0.7325655730640542
0.6702305307523501
0.48969351772271774
0.6482570320821569
0.6684068012680746
0.5546550670758733
0.44958278255555617
0.5638969848718793
0.700403959415264
0.38729324578796165
0.5065032493323218
0.6846256657945589
0.41293857366963316
0.6009636245098393
0.4467529471685706
0.6704570460432382
0.6806452425443578
0.47657028377588123
0.5841214275452378
0.5362094119495762
0.5348432049978179
0.44984762377042187
0.6670196232976963
0.38981311135776286
0.5533631747410466
0.6653131317018488
0.46848408940929087
0.7014377723985354
0.5071535769755807
0.5998921373204725
0.44318137130059654
0.40321374690778866
0.6354047569332155
0.4401672169265748
0.5080242193967806
0.6647343832317464
0.5032109271825652
0.5770399813297405
0.6348634060514415
0.37469008086593314
0.5159107026204046
0.6433700268317429
0.48432513561785107
0.5606599290578665
0.6648099090733635
0.6217741638029248
0.5108705965505169
0.4723050383503018
0.5074202355539305
0.6138802716060343
0.5063980475301828
0.5922811718267041
0.3662691850240911
0.6504615658042012
0.5618440945496339
0.6209631799765114
0.605844170717744
0.5961825383805306
0.4251864442809754
0.6903444068770259
0.6026006632342613
0.5400324615597609
0.4457774605713236
0.4532793433642178
0.4911317303980906
0.6007036358821218
0.51857695754044
0.6503937643973203
0.512858051654404
0.6587780042793027
0.6210420499111617
0.6220162866306828
0.6820424110900992
0.3420679892500191
0.6125145825904414
0.5460083707147272
0.5578759194666456
0.6181422739667728
0.5820421910700941
0.5381386796093358
0.4667356119195556
0.5436680479027619
0.5736582264396269
0.6963496265425629
0.5106480333358121
0.48280471010853704
0.4955486480913932
0.6352245138639595
0.632254431840952
0.6021230554584298
0.5138849144302204
0.5509449213162083
0.5392536360200935
0.4781724850580541
0.6407352742671757
0.5711074684573242
0.5544196980146392
0.4069737001311694
0.5604133774910804
0.48279986344289283
0.6661970714592396
0.5660098872590653
0.5161271609413852
0.5939873004928722
0.6832351634192382
0.6618143919032753
0.5001981981822103
0.4774789340644632
0.5023717475622269
0.5576406994942019
0.41618404990195645
0.7153028139407716
0.7245322579344581
0.5247193880815517
0.5205755507421269
0.4422938346665446
0.6004586521257056
0.5819777371427927
0.5815122188850778
0.7100162855314911
0.7073598347193357
0.5905513246609416
0.5728044706766571
0.42850257469291697
0.5181623585303088
0.572862184332368
0.5572758442756437
0.509637070870797
0.7414567733750952
0.4963182442189859
0.4523921190081968
0.5561714419743541
0.6818476419964365
0.44621992894538764
0.35391878234066254
0.6686992654102211
0.6376138723227764
0.44796804516158595
0.32312288314116294
0.5704837271324493
0.5958414816846948
0.5726056005179302
0.44633024105641744
0.4252401111599257
0.5777754477813513
0.5568605567187079
0.4662434668522629
0.7559650210052314
0.5930310285360468
0.6454357174737568
0.4002432961058675
0.5485876723930725
0.6042699182441721
0.5349637314313997
0.5206732333291522
0.5440161450093836
0.4385800216842581
0.6236368425361012
0.4290146972672627
0.7212025466767394
0.5630688063575091
0.525450523685257
0.5823774054333788
0.6780922421763351
0.6312659403022549
0.5485804961030376
0.5728919969826123
0.5097946218491579
0.4412338463137369
0.6537388866676744
0.5753508824021345
0.4399175790952265
0.7658655842061046
0.6623124617593223
0.5114896085040161
0.7272728187902151
0.5909155833255018
0.5124173371282842
0.7701412588546145
0.6775439495277146
0.4864651356940265
0.5877132293763994
0.4730941032365797
0.38868395974241177
0.5357682177264169
0.6440984504301053
0.5268905361258239
0.5704704506619931
0.40853092999875606
0.6008855178659346
0.43853810172574403
0.332321907838781
0.49808780078306847
0.48627192864206265
0.582308751939313
0.5840343603426729
0.6815769007258108
0.5132482955330795
0.44734755873764814
0.6237129934819344
0.6283342251542954
0.4693688370898084
0.5023297104706624
0.6609698444188207
0.6891584948693876
0.6064785408698575
0.5092541680610922
0.5058985298749914
0.49321207727811694
0.4342260983100724
0.6338638921244996
0.6112706432052204
0.5126136518576
0.5509478080215859
0.41537561211948254
0.46297027458351464
0.7449638781494227
0.6016396351621403
0.6340132109636504
0.41288996921087545
0.5414751592937317
0.5493323435637629
0.4332411092154388
0.49619800094344146
0.5076542903321402
0.7069884304904295
0.5437115604396539
0.6225595782388321
0.5814450323445214
0.4593896600843137
0.6173276463978924
0.6601482232327983
0.5439587564870141
0.644093580814933
0.5787973982557891
0.447862224124596
0.9398866042872377
0.47790888092108796
0.5573232516298878
0.6581955902040734
0.5361740263917112
0.6325467252814363
0.5681957630709069
0.6080480827120426
0.5032693792501468
0.6650307017589104
0.7042697396802489
0.5355273163796983
0.5972505792748934
0.5977108507066805
0.5500570919901822
0.45502193908116606
0.4865847976940967
0.6181398091312499
0.42436306304693483
0.4466655682763845
0.8337997482839651
0.43917907043506005
0.49564809782391905
0.4818952320966413
0.664066654452903
0.4499590262698767
0.48741092171960626
0.4378573640581485
0.6814989780953533
0.5932293860841071
0.512021420612267
0.6613339910567569
0.6715097591712442
0.4892581173433306
0.5916295407574055
0.6044584724685149
0.48364578113870116
0.4128492716981612
0.5581249808970127
0.6825517708845338
0.32062777520796226
0.5134137411519478
0.5357337583666566
0.6295688049387622
0.653357863039694
0.666701738086089
0.45846671964562635
0.5444293427668312
0.6718065091296808
0.5070384552676966
0.6042092232862897
0.6575652160595913
0.600247048258404
0.5540368412927971
0.7275311222528
0.5706393421672463
0.34795417802144557
0.5256692169104384
0.6120225067728136
0.6550192913449765
0.5030002286589267
0.6387235532545037
0.5761201348718308
0.474853222262268
0.5051534163960598
0.6273811836850014
0.523173590409047
0.5678169297106075
0.7076322255791271
0.6265352138301511
0.37881052355473055
0.6684467284882936
0.5747889438985789
0.5595440776755155
0.5077601674775134
0.7447342641210889
0.5516846795244433
0.5479582046794779
0.3545326569701941
0.6350208795233194
0.5297466204153206
0.4283237612516164
0.6085240450839144
0.3151303072289433
0.6524702236337295
0.5385410324638372
0.4809019804609923
0.4484248875658086
0.4941296993233501
0.5664979885840205
0.6120034065216429
0.6920911417667776
0.6680229846272709
0.4696890639370312
0.6117944910425083
0.41469359097628505
0.4334223848524764
0.4157057316298784
0.5650637237094246
0.6316206748412551
0.5728807274801183
0.7667499810647699
0.3509843711982289
0.6223621366092462
0.6107086604181852
0.530265827855672
0.4881122594986417
0.4352782728204812
0.6022182739810261
0.45948642884811675
0.40394619644506546
0.5363765280139032
0.6009109739663647
0.6656524298078421
0.43642671732553173
0.5275312315791373
0.6199959747147755
0.5786703775146584
0.38523822646266115
0.49236407905172896
0.5001756854334413
0.4798405811052825
0.6029037418270804
0.664955161831283
0.42812680558048893
0.6200783972214725
0.6150913384703612
0.4789342498777157
0.5413883703089913
0.4767595342375666
0.5455433180953533
0.5901861393391988
0.6062159436590538
0.6025865206612421
0.538517866257691
0.49011286402816395
0.6335616835244231
0.48685571601165273
0.6813110316426864
0.5812372083264981
0.5073276085503724
0.7227461356833706
0.5186090795198184
0.45260138599794725
0.5082378913368597
0.5649318448313612
0.7191664971236706
0.4381565038804545
0.6233148847859151
0.5756275654330315
0.47703354893194466
0.5084050452699593
0.5137987853572872
0.5062059435017597
0.569004484159998
0.6223031571951869
0.401197796360782
0.580517380361683
0.5261570751073523
0.5176503117782054
0.582837048299182
0.5626798118086043
0.5417657046024936
0.3510953181727736
0.5743976624762366
0.49736336621594907
0.5884292137259813
0.49434430194681317
0.4922874505623511
0.524071230420467
0.6060119910719757
0.40100074655634577
0.5764171623867491
0.49241884745961195
0.4382906216937404
0.5791515138431801
0.42411264018945843
0.6335347917281359
0.48308829673123255
0.6782328059778274
0.5820013344579897
0.5584125036560068
0.6697393807148966
0.5634883480908977
0.45635746299111624
0.8156774014721635
0.6367945027779219
0.4950387085758337
0.1834388427719441
0.6649587070610969
0.5078061320418485
0.6531715191302593
0.6288236471430351
0.479481731107678
0.48957737997749795
0.34627957080990635
0.3435242782641904
0.3720542923508757
0.6441678689816587
0.527584031509738
0.5036881371732121
0.5590739941549311
0.4096133428261872
0.569777055688219
0.4227752699417746
0.7445277823172005
0.5791085986514102
0.4687689888636173
0.5941814033470796
0.3957038218165856
0.4854066417459554
0.7217105583663981
0.7562699678444734
0.5627570037367273
0.6115418613029274
0.49488586379974775
0.8088198243115372
0.4589594837093399
0.7095685561970674
0.5822597373755884
0.46625036692715377
0.5169472428595808
0.5498740372722332
0.4832424180463922
0.5033272209494206
0.5563017581282244
0.5574148934781272
0.5014557187142334
0.4606103477265427
0.5791419343042852
0.5117125935490936
0.7501336156766893
0.5561028568327158
0.7106573182069074
0.5865346027244495
0.5913148751207283
0.625462196795858
0.42879958392564443
0.46190465722513774
0.530798125799782
0.4902188864960318
0.6261681458012288
0.39767427245882553
0.6024030440605846
0.423238408992744
0.6333605451027409
0.7686567905354766
0.5802693950500335
0.5981621517391588
0.5519707271741636
0.5894732805778032
0.4080768698444056
0.6209171385256533
0.5050415620203764
0.3998847712929027
0.6983867948511899
0.49250484046470494
0.5281836649881544
0.5235357137760603
0.4280774503575828
0.46435847668741204
0.7260884609059548
0.5139979537303236
0.47834613578257756
0.48973493178952365
0.5098212565063991
0.5701188155348579
0.5321299706267371
0.6361786641371376
0.36552039137242287
0.4024665098722695
0.40993333732537834
0.5871333749166664
0.7672275562883901
0.679010774375405
0.3937966459470999
0.5516490169250916
0.5461818647442493
0.5092703553222121
0.5704021326652565
0.524058357515752
0.5022911499208371
0.5813786480325858
0.5729718174010908
0.5020858299826274
0.7027598588963413
0.5828872113776055
0.5342245371841932
0.31156162096657347
0.45829712718759485
0.4393362978666152
0.45573757862315556
0.3877546225409011
0.5688948113060223
0.4917789410292153
0.530560493808648
0.46050791144506636
0.5821984590814006
0.6023462318876318
0.46748629618176285
0.49752143720403014
0.5010484152927439
0.7294636136663741
0.6849969722358339
0.6109461367687136
0.5803125506574097
0.6312039526054616
0.33913774103595923
0.5067560609179602
0.7031046791885663
0.6692283637730576
0.4331969095668031
0.5184080951704189
0.24702192097457626
0.5080750675384935
0.5849054410170831
0.45302067712925
0.411734543370033
0.5583697796592
0.4196495187514161
0.5118888419399599
0.574358664024764
0.485451808356597
0.39879314948410916
0.608614239143436
0.6996228265233424
0.39852024805943354
0.6746537482073147
0.41323157765715146
0.45183231764574394
0.6011303306005606
0.5905205104954234
0.5151130145341696
0.4492535721731128
0.5401231782889034
0.5539048792449298
0.6015268771042973
0.5234842639278735
0.5369073232281509
0.3778355055799273
0.6931301415912281
0.6163842635593135
0.6040490340510065
0.6679241040387893
0.44260049414447855
0.5984778297969255
0.541234328880087
0.6238876732669439
0.5765549873065138
0.5804028315883766
0.3820501035376699
0.4282539991064016
0.6200381382880851
0.6242458561021945
0.46427422006850116
0.5736089760991868
0.3320538287183601
0.5487904411236028
0.5811441557325933
0.49045686035890435
0.4529634780257156
0.40762894437062014
0.3799367656733209
0.5302237307022428
0.43076659923479466
0.6926922447500521
0.6513997447878992
0.599362326573271
0.5262380552844683
0.35041362914983215
0.4764507070585536
0.559672805380558
0.2887594771816105
0.6495749282770655
0.7168866867786402
0.4758209864068976
0.48347236254496373
0.44673398110488705
0.5139218253241009
0.5095833138948875
0.5160687730956373
0.5585166555344183
0.6302292053395572
0.5557047648764526
0.4214955101152818
0.4383097707690391
0.5176273777048359
0.7090407933267495
0.5830010684601054
0.4443814941916056
0.3881043152161249
0.5308996261670735
0.47916097669437807
0.5255974500055507
0.6818285833081353
0.6003327151939919
0.4612978186705441
0.3968766538957414
0.7324395399817503
0.5767587748417657
0.5122848983827902
0.7393933921194782
0.38391807155344104
0.8237891274158757
0.4890638879818832
0.5595065486890941
0.46652820356742136
0.6839803259361343
0.8220996918501546
0.6244344718520909
0.44704753767205363
0.4074821835535565
0.5902068247109659
0.6380649171502047
0.6404463747020415
0.40435768148079965
0.6879038150537109
0.32378600213789266
0.5813991709668775
0.4207927707683176
0.3969746672472191
0.7340031745590113
0.5859977677168714
0.42171654966825634
0.5420457226674382
0.29966219556552254
0.5051948529927968
0.6062263201364714
0.5548051026082651
0.49127935445269444
0.39578837686691926
0.579556256490544
0.4249146527686017
0.49637692048383086
0.5405970449372776
0.46864957030504906
0.5481463844365767
0.5986906260818108
0.4284600766000912
0.6699407701741762
0.47624227670772457
0.37903152355422004
0.5936088984543368
0.6478816464559475
0.47771641221185007
0.5451662566971234
0.4409849313272939
0.6618258658139076
0.6032133104076582
0.5688550955967102
0.49990319713888387
0.51375844576104
0.6654640532071561
0.6603044802233271
0.5518200357839489
0.48634570802909416
0.4237895799721135
0.5759368863441187
0.49258521243208303
0.5655838859899169
0.6049357243810637
0.470137886033582
0.5853710973167466
0.6187558823859991
0.7140879791387367
0.6040164133198775
0.536334614898581
0.5515968543746222
0.6749738956780886
0.5821131116219217
0.5659493452084889
0.610656927106711
0.589853418239396
0.54749469100649
0.42077114618152384
0.6159406959610063
0.43752227495718465
0.5982012104904622
0.6091436130608694
0.5467808892942124
0.505329459406197
0.41286260193144253
0.5874835238519344
0.4628036478475439
0.5086668503936282
0.4436470591688567
0.379411290880703
0.5742241879898
0.5430195248381244
0.5208660985764468
0.5343405122051861
0.4944628835970176
0.6611994860435652
0.5478041840173893
0.4332597800292315
0.38543898921710507
0.6187279198363907
0.5386066423339814
0.4790295961671181
0.5840321934569379
0.6437363046166966
0.5880445068996669
0.5307582562707034
0.41994818658146216
0.4998768229774029
0.4880992014462887
0.6493718308135602
0.4844125933235195
0.6284686191929334
0.51185682984772
0.549360066687665
0.4492768034053905
0.7768850234336765
0.5201319982948956
0.6231416601345786
0.387612043810032
0.6362500423997571
0.5232598754007961
0.3942477145292813
0.6051273310159353
0.650804539996156
0.5264265400823742
0.43369314044965723
0.4606948191341332
0.5730920592245629
0.5642570794377574
0.6502899566268006
0.6303580686649938
0.5505574405861321
0.4642146778223547
0.48316565064968725
0.4764290722595665
0.5292221409204327
0.40984871358935515
0.545149520212235
0.5939770008264716
0.626764497378815
0.6498967051398745
0.4757715451478618
0.5663252689536233
0.4354719098755045
0.6353426122983613
0.6984673101215473
0.6025545616644126
0.4687235759356856
0.45107622249425056
0.5693378903744506
0.5604923370676281
0.6785577894814713
0.4029318376798313
0.6515045197428974
0.32847796725087014
0.5776687310821279
0.446879661207652
0.4956188296343786
0.6534786969650077
0.5926846160445074
0.5299633796654771
0.40827959909660283
0.7407162888201001
0.4913256877234541
0.5947700303425034
0.5679981347858515
0.31647525007015354
0.68509222843848
0.514172828454037
0.7787098337265693
0.5259152360561136
0.5826332656063856
0.6409015342822423
0.5148371594803777
0.4385937662865173
0.5334277584551412
0.5982051796497749
0.6033953625268818
0.5087044197724899
0.6177825069158636
0.5166722345616287
0.4498064523737355
0.6586447008213325
0.6057346573779342
0.6039694993061857
0.4190035730074218
0.6051265709892384
0.5744705058423171
0.5489496806504284
0.5906047979198308
0.38578678120956766
0.4710112124188793
0.6539805581758156
0.5647996889257935
0.5336264710452229
0.5867253909841627
0.4879178001765518
0.4845250390957032
0.6050466342296985
0.7175879938539886
0.4984024390335307
0.4751091426733479
0.5882208702236286
0.4695190430936203
0.5256566964627477
0.5574564195538924
0.723818665120449
0.6210393092477713
0.6124473371998623
0.5869956989486806
0.569838022127163
0.5587871680093123
0.5292031264508774
0.664641328074305
0.4660395172870354
0.5536184666071606
0.47896940309315233
0.4017627668112443
0.5454656801863981
0.5921979051608135
0.5429716410928546
0.4848063522888432
0.6694764046806934
0.5543727641555332
0.4595824669668913
0.3947613995628311
0.3790944451659214
0.6903064894010662
0.6861810079018179
0.5694443176208408
0.38717405543189615
0.482990947196541
0.5436773870783156
0.4232561371343316
0.44457026980619474
0.61922846654712
0.6162377697340049
0.5424704498876897
0.7019017522664872
0.592109557756406
0.3966105758314934
0.5447275309774641
0.6045511006977766
0.549061162576118
0.5754583636461306
0.624999292447028
0.49195943772522266
0.6434556140372079
0.3328394517225831
0.5026165963877848
0.6356120714080081
0.6015027305464867
0.6115775813302082
0.4816798782234945
0.47792083996546825
0.20677285945641122
0.3617224264177855
0.5892300227285605
0.4777524983622294
0.5942990392920076
0.5402144215319701
0.5058328374958253
0.5417432532573178
0.5967236496860582
0.6453342987021689
0.7297237516415005
0.6368373082210953
0.5736679915243745
0.531362382911807
0.5082065564135417
0.6207705654693791
0.6367542251781457
0.7325189997311707
0.5109524411781374
0.8435220525792823
0.5898891742663827
0.519474619029216
0.5221742761574646
0.4760839392556731
0.6301764026610301
0.6137811342011781
0.5169915542564447
0.5667394569873123
0.8014532194903004
0.48741469549601074
0.6376894529835289
0.3911839887613887
0.6978668520057761
0.48587323022241696
0.6104616047672557
0.7652533866296893
0.7073893354224765
0.6718224958350191
0.6249157020666015
0.6676775062630762
0.6826630850177866
0.40742314465879237
0.6457233683181537
0.551545200159434
0.5472136772717057
0.6236221684999949
0.6161786182043774
0.7114457583153807
0.7125359276265965
0.7057806498331006
0.6611357317584455
0.4660691325088245
0.7099493539571213
0.501384900055605
0.6588668131414777
0.4856622935920419
0.7678337892316862
0.4989879329293385
0.4791506699096187
0.6376203303040591
0.5470884191160604
0.48079733888160503
0.4428000483793896
0.6741178804760585
0.7152437923531105
0.48065329214379243
0.5782280125357857
0.6932656890450916
0.5251209021382979
0.47182989247177537
0.5029349706300081
0.4608871394449028
0.6571774269347573
0.7224949863232456
0.5052866705643336
0.5749522414764063
0.7008370087040379
0.4635988721312775
0.6719817823965801
0.6483199932014789
0.5110979358799197
0.6841523472186447
0.5848107968635141
0.5147455228615267
0.4137712732151332
0.7574878326085226
0.5036017821225675
0.598607900767905
0.5816307448702132
0.4597732563362398
0.6502317362909253
0.7182442869259714
0.759032311738752
0.5125299805670268
0.470477783741009
0.46277413579656934
0.7057316941938009
0.464532728595025
0.46399580769995147
0.42382874268786963
0.6791739387125473
0.49306410274796564
0.5762934131092506
0.4852689396388213
0.4459681715551344
0.48499390079317756
0.6888719691856189
0.6108145043512232
0.5889927596493623
0.4913174199671564
0.5593921019846447
0.6616712835290678
0.7216520706769307
0.6208775431249376
0.5674392344448677
0.4469774557174431
0.3959669941553996
0.5950662185521903
0.6440532868063789
0.6013269390783171
0.48470521967385444
0.6258473392377683
0.5665282573267083
0.5978735827016395
0.5808776083111254
0.5303107754382379
0.6483875642000136
0.34624181627049433
0.4562980094437588
0.539072228227581
0.5505881702048566
0.6204332125794678
0.4543633667448572
0.6416772853100896
0.28024580457980336
0.5977009382975932
0.4477596754235758
0.4665460173578942
0.5522856016014553
0.5175797698786879
0.5277991842268039
0.6718863883855614
0.4887737500978062
0.6354695748914639
0.47644067164538845
0.6323916809616373
0.4038889195798244
0.5971105990920808
0.6367592054372553
0.5393574192955233
0.5587238440236301
0.41109816608491323
0.46835795940349045
0.390687176367322
0.644048897056698
0.7722099426476421
0.6464419325276534
0.5778900773003527
0.5012350857705804
0.35289037700282255
0.6719048315836803
0.4366848635385514
0.5606390313052361
0.49069964856727316
0.5017292305411823
0.4768287053434993
0.39819272974169306
0.5537694536628591
0.6862713167783356
0.6218726440068059
0.4425168081358492
0.6484524942258312
0.5275987720064069
0.6121798916384498
0.3483296407876193
0.4524869603871692
0.5839452796455149
0.5728077814823959
0.6365547347182862
0.4427274501254162
0.582190051615665
0.5395435605264828
0.5763540185251486
0.7711645159298671
0.5824699052465799
0.5186295821993391
0.4370948050561504
0.4201891173598087
0.5228147284118685
0.45153597552477287
0.5024922132049243
0.5409005999723208
0.5086430680507174
0.5306482281126982
0.5484194946714919
0.5879405889409074
0.49642695826837735
0.43454044397227987
0.5551193998481699
0.4155708251371534
0.46486018129668166
0.5566712293046251
0.5582165450273727
0.552076072490798
0.460863355526469
0.666319561948048
0.512864221184779
0.47820025796603804
0.49907125004359554
0.5155582545343661
0.6195118568599098
0.3957064005475911
0.5427188320867737
0.5639866426952451
0.5840998644577995
0.6615636344374984
0.7165097224358934
0.5579476541406071
0.692100500771417
0.6252008909673119
0.35819832736169877
0.5687242575207487
0.6085270696653213
0.5112457139307283
0.5136137096582092
0.4075537725129254
0.4602135550734233
0.38512942163175823
0.652300955955243
0.5467708562731056
0.6545594923634911
0.556038182858796
0.6253254184473623
0.6977714119193537
0.35179715028835934
0.6066664501138708
0.6651957452325448
0.3918498324084161
0.5259481438178493
0.48457913604594904
0.39690838998297895
0.49119643004247276
0.6657603167228239
0.5439575701130753
0.49318078542199895
0.5751465884645517
0.6041151015071586
0.465143217214514
0.7618783563142291
0.7534153719343312
0.6081535727773281
0.5405912848261906
0.6164448985255229
0.6211827633653916
0.596591973120796
0.5424707532403622
0.6337926235144096
0.5386866906357968
0.6877922197516089
0.7039204978984982
0.4657828209714984
0.6309896113918905
0.38673264336276825
0.492688522330087
0.5683634513953175
0.5583273823981728
0.5039568606648371
0.5542173633415701
0.49549357198299565
0.6004207188901184
0.6153378893185351
0.5174189718236974
0.5589077414488616
0.6302359601730956
0.4185454057967205
0.4501320016464877
0.43131536785792757
0.5779893431207407
0.5392606283720022
0.48560286959107646
0.5847209970248489
0.48995342307939277
0.5902010966673545
0.4315145250049275
0.44700979419988596
0.30476296457838903
0.5405066307496159
0.5416850844724928
0.4161107469604396
0.45325249648708943
0.5476122602033168
0.5548014640969687
0.48608376690316
0.5371486997782111
0.4205650589975616
0.7678508986445238
0.5285413579273138
0.45140277367818726
0.6646358994878838
0.46854573738766947
0.5608547081421504
0.5788891733190773
0.6599574829556856
0.5658577445024825
0.6503899509714941
0.5426161816606915
0.5291616038204816
0.7399516218170344
0.5902953524259001
0.5489455357803071
0.6075144028537453
0.6451831118936254
0.6960065002593306
0.5839927624968673
0.5271423827273083
0.5879623608920461
0.4417859987274421
0.6009440047359027
0.5577765844322757
0.5422147973716733
0.4817235349126195
0.4469048761189405
0.6196098219862617
0.4817241720782899
0.4533221917813269
0.6153909126410565
0.4872333479679686
0.4512817794773804
0.42355693573304143
0.5429013998990365
0.6316329127157533
0.41009566599960334
0.5561125955914245
0.507532833498576
0.46918688777000583
0.45988743518295727
0.6023121467901397
0.5812228105918624
0.45764918461303083
0.4902767380677029
0.5713685898428708
0.6630539331480435
0.6269912527625422
0.4598102835703257
0.4890183074938947
0.5339137085078239
0.5435320579816619
0.6212723375201199
0.5202227649131864
0.4555047222090956
0.6207677126259742
0.38755688152957096
0.5385096077073812
0.5412365684457454
0.6285488412110521
0.39818725913915914
0.49452503428876476
0.6260343918410257
0.41203462526979373
0.7120268308474578
0.43484585619648924
0.43660870028521187
0.5671294878947519
0.3521085758404451
0.5744540371529975
0.6025754959747015
0.6735466194278921
0.5474153693317089
0.47461858680433044
0.6041984618043459
0.5218243821185206
0.4057974624982651
0.4260423586028934
0.48855880872850965
0.597480535148487
0.49778770815300843
0.6048123652907749
0.7055784319474744
0.7393379809025051
0.5084198406709086
0.5803059147106843
0.5333125874129284
0.6328375970710869
0.5851547530252492
0.5416573399276782
0.4272916758723517
0.5925326993074136
0.6215198246097929
0.62801067090547
0.5163649157786583
0.5585351317409689
0.557549212276247
0.561785117375321
0.4604570291939297
0.4977078400198326
0.376067440985512
0.6675953269727315
0.5270391656833364
0.7046538673267851
0.23745697117929704
0.5772433261111086
0.6240800672661603
0.5071497376745515
0.5913934635951673
0.5786138150304224
0.5320645910420667
0.8041938160979278
0.5154845328738797
0.698810965247876
0.4737386551351145
0.39681475985136705
0.5650084625046907
0.6534378441359199
0.5200869185041882
0.5046823237209525
0.49682464614311667
0.5632406749068126
0.41483980652398056
0.4372202621271279
0.6336636022158633
0.7103608272014114
0.569558277806932
0.5289601659423894
0.5828345333145557
0.42247527047688604
0.532285976061966
0.6920915170207875
0.5232133852647773
0.5295932849501357
0.5324544079978859
0.5319714021634595
0.6451395915119666
0.6121221506171874
0.5651746521174172
0.5856036151126519
0.5193673052319047
0.626623794146919
0.45918889412125835
0.4638731284134038
0.5120005846524207
0.7845032114265017
0.5835135687922998
0.6092961245854793
0.7011649834026331
0.5724158377238745
0.5689348608500833
0.6610467512842219
0.6007612015905583
0.48758181860173494
0.564109436156224
0.6247157244196422
0.6977155656741916
0.4885432609050281
0.4920297644165273
0.4973760395011926
0.6452132212933709
0.4214375123641328
0.5431921991961254
0.5819235505094211
0.5982906037822634
0.510543049055486
0.6446975022610276
0.6330410124996325
0.5815736314908615
0.45633099185449416
0.6370455002808089
0.5870253479064466
0.7128917983169742
0.45527815492458235
0.6078284227015521
0.6519745835566533
0.5291826856901057
0.5901981714460324
0.5388584268315617
0.4730966610235099
0.27576817144972965
0.4087719101193043
0.2972926011957429
0.7362267589610216
0.5358144781806287
0.37224197955745464
0.6502683346341885
0.47251278181089
0.5711566592115485
0.6771139018921312
0.461697107707523
0.5160585908656525
0.5094358479014308
0.51816104329082
0.4933669064592714
0.5701699856394037
0.5855106035819846
0.8402693338412315
0.4874731933258975
0.5919139514205466
0.4537728291422399
0.4989989858649973
0.4334382140754516
0.7076401023386706
0.4805387336329759
0.6755254193454402
0.532717473276749
0.40272711743935713
0.5129622000942076
0.5262558263825204
0.6080744607676076
0.599274573834667
0.5158825807436483
0.7069941669472927
0.5585048214548203
0.505480048259966
0.7704832173408945
0.510369030002684
0.4556148502395497
0.6526712989822006
0.5702430421677508
0.4841879775202349
0.6096873820353798
0.6016445668719027
0.4472361063974006
0.6568916262103407
0.684038322451157
0.6101411398078703
0.38906925922553165
0.5519424622992346
0.5941064845236362
0.671928947332869
0.3270517089203868
0.38685455327930085
0.49824660314959346
0.3588662912172512
0.4221863270568791
0.6321464035263243
0.44539243069280726
0.4680163314788934
0.547640122119651
0.45820986352508736
0.5917915645338009
0.4979278470543176
0.5111382369063774
0.5687803359154187
0.6700342809799522
0.49548055664615714
0.6369320447640856
0.36923605373939383
0.5122173894352253
0.6700855020043546
0.6104459034391566
0.5769659996233425
0.5082155575803002
0.7703318821138204
0.41918334140027746
0.6078492529848394
0.6203768477265984
0.7266023959486819
0.40400052541509307
0.5810046284110526
0.549868206381312
0.5044332342808415
0.41811021983033403
0.22556558127323645
0.5359163620512398
0.5674734892075459
0.607189844352636
0.8279442469877472
0.5043678725430637
0.6027693183860697
0.5989954227655726
0.42293689266282564
0.5297835014486274
0.5639195225698396
0.3487549671790386
0.593068562648076
0.5270745165283175
0.5755659119779484
0.5470974793605806
0.5951253053958895
0.48044675861664776
0.6720844718157498
0.5994307968018402
0.5771451456811997
0.6890896921304321
0.5969913066056017
0.5153369541538698
0.47788654366926797
0.5104449794351872
0.5778453564522499
0.5181411623204961
0.5404423456541451
0.586217515263803
0.4723035174144198
0.712163181310832
0.604023766865232
0.4004753038557367
0.7402301120640506
0.48163680525832797
0.6307835655331908
0.4562998764576965
0.5036106697720923
0.5121127572877373
0.5111086229895592
0.3752208735612939
0.4703560451088771
0.6062258167039501
0.5295633644131247
0.543724081708034
0.4977540220661071
0.5594224127874926
0.5544121860991544
0.3644222381814807
0.3883843330774144
0.49602641738398995
0.6115898792831788
0.5707420091892709
0.603239917077264
0.8300215936811183
0.6156442772895558
0.4481162272336997
0.43325948986861723
0.5895873595868716
0.34306125694639367
0.6085071654400158
0.7267244678384057
0.48542494861909696
0.6578599205550462
0.45583879743107086
0.6968687681338702
0.8026869325150205
0.42376436248152616
0.5391897128294882
0.4430495111682023
0.5605002298638113
0.5323454833458034
0.5075332461910801
0.4982565013403992
0.6396778957127162
0.6325917495213691
0.4560767376936728
0.3294096329328171
0.4160135459422142
0.5824099848196527
0.36620821293847755
0.6128286987211522
0.4980225311220028
0.42207602483823825
0.5608264211538079
0.5757339647659201
0.443553247951489
0.5771255909369282
0.5622688040233553
0.5771048619046264
0.5227116950575632
0.48388515357690526
0.38949283842998866
0.5654231928639738
0.709092666514416
0.5730574896407551
0.4597632019544402
0.2797314180130939
0.49988964195568025
0.5948704021236737
0.7198844603059629
0.514959800533181
0.9079120872796043
0.3469867950185554
0.46634116265883657
0.5942175059629486
0.4777137038226403
0.5612461218861267
0.5106134907600937
0.5980299422714661
0.6011969862282911
0.5818615360043142
0.7195269952381808
0.5071345527991364
0.575203226768417
0.5903981598852792
0.4775009653610841
0.5599182607651045
0.5413670916755743
0.49590077012725364
0.39766234020098606
0.5348041639364989
0.5137428597543999
0.6184240652695321
0.47744491612595374
0.567997275065269
0.4905573150839642
0.3951779146262079
0.5605343150637342
0.49361171492894884
0.533394909505374
0.5179325045026701
0.5244656345430548
0.6186205971834562
0.6150528883461434
0.5031561655905304
0.5647220195244739
0.43145870082409277
0.5560451155403547
0.61847384438738
0.5312141013762021
0.5289491824010152
0.5476422168426593
0.5800198266990679
0.3994328347974898
0.6648572875786949
0.5759568117575211
0.6120255358228808
0.45076218537420953
0.4063328185647029
0.4360117452994371
0.668089246623365
0.5913777223851453
0.5725119570623958
0.5216333477880699
0.5682993935426337
0.657290004897858
0.547208711097563
0.5515627183412626
0.6081635359197168
0.5702025316623883
0.5959435002664244
0.5791062694885204
0.5348324715035145
0.3254112415458072
0.5600101461358761
0.5888243087401681
0.444574930926553
0.5504765694284919
0.5398167607369815
0.48928592597169357
0.5912877826373865
0.4492469217706963
0.39701419466613974
0.5632512134866361
0.32400346334967445
0.4505470870309322
0.6292771644673129
0.546679567132244
0.5436649501063162
0.4014989928486305
0.4663704957237112
0.43335471202455456
0.5066839883049065
0.4323130499956159
0.579290148289269
0.5423051878283429
0.8639510786129021
0.4549219965873996
0.5176219277686552
0.7303074005860182
0.5346574095657424
0.4985797702002315
0.6106959385705978
0.6022019640523744
0.725894471122543
0.5227288277376511
0.5395104860483005
0.5218678287537747
0.40457769308352265
0.6189631252480685
0.5043542612495873
0.5638948112293196
0.5287420387290596
0.6130287714411181
0.5784554687048824
0.6031756166551824
0.5692785201322917
0.6205980281797444
0.6510709593604196
0.4710530304081879
0.5128936979834716
0.4871540733087525
0.5095388595864964
0.6353006418231922
0.5814153249765586
0.6656382308453112
0.5585544017189031
0.42061258335504803
0.38170067795699003
0.6422394356495476
0.5249624164097499
0.5464268405816363
0.35953910664882804
0.7607697492794736
0.7158877854995285
0.6391281302219437
0.4818392907054563
0.6443975615259282
0.5957468483562118
0.6210477961832033
0.6912641351034131
0.5819919055025923
0.6121654151159936
0.633710252711595
0.6242774412358254
0.5497247269322271
0.5108072879876799
0.5237300669502846
0.6994439914261095
0.5485704943375513
0.7586231953586404
0.4867314882071582
0.5797908710606526
0.29292479885827843
0.6439436433707363
0.6420437084516969
0.6016253892499567
0.679705895079443
0.5621506158611478
0.643291157068594
0.5067732570955076
0.47615794535599265
0.5426305037241893
0.3770052720548813
0.5196117641943374
0.5129747690040146
0.4407097965347603
0.5987663054016802
0.47867926646801057
0.3787158326661349
0.6868395706578541
0.4056757862467263
0.6060261946462695
0.4755829118520086
0.47797691384267443
0.4628016353043281
0.635838668345154
0.5365100135230473
