Mean_Perm, Std_dev_Perm
18.947780723239116, 22.717062949567648
19.059070376035017, 22.507569995850574
18.943085794382807, 23.05844995991986
18.627631556006357, 22.580369331767393
18.377390241723713, 21.341708939595595
19.021594797308627, 30.38978587612708
18.863933833292215, 23.104833527484647
18.83227097318013, 22.23680078561258
19.09330580934715, 23.35783976026339
19.077933119920047, 23.29915007852298
