Mean_Perm, Std_dev_Perm
18.904660621762474, 22.14669820387221
18.30959741490153, 21.073873913806818
18.682122639722778, 23.481655408579854
18.71655796389309, 22.0713820174293
18.93014621915117, 23.016942018736422
18.756385899531498, 22.1855974907656
18.814058215228492, 22.55046060168499
19.310917528836313, 23.568152265221116
19.518975185611033, 23.613368250007557
19.072414797164853, 22.45287369092432
