Phi, Sw, K
0.22288965746403794, 0.6032879534445535, 0.0032174530948988465
0.22493832749459608, 0.6479005015373872, 0.0029042132077843267
0.18816218102380416, 0.642227630859862, 0.0013475044657818634
0.20185155964279441, 0.5143667580361359, 0.002861286798858628
0.18584997589187674, 0.5938912622769275, 0.0014923375464118782
0.19087230857326698, 0.7098762842682297, 0.0011745443981475753
0.0922095617936076, 0.4865363560218538, 0.00010180040755371809
0.13190149608817492, 0.48722766648164356, 0.0004904568333248413
0.15396738803561927, 0.6613424233995061, 0.0005257745959001519
0.18009332222723423, 0.48111819573517167, 0.0019799390241023035
0.1061005552605057, 0.5132994054229328, 0.00016958290254056064
0.1796179370184579, 0.5705365838523692, 0.0013916742771431245
0.11385548494682654, 0.379032546673028, 0.0004241996471170065
0.14763733718158206, 0.5543232869114032, 0.0006221612317431902
0.18232930716612478, 0.5525262878698142, 0.0015849972954773371
0.18687275972072195, 0.44048137801525544, 0.00277915768366892
0.17416649392934344, 0.6201149195130664, 0.0010286457062628853
0.16621966165794125, 0.5710543304876792, 0.00098767388776974
0.15052748467441823, 0.6477200427472635, 0.00049625028090474
0.13925324120712568, 0.36542007123525067, 0.001106941006113927
0.19954821100409836, 0.4567068884095211, 0.0034506527958106875
0.17509767394821468, 0.4881059241639575, 0.0016996965685422412
0.12197545485441788, 0.4387526839357251, 0.0004286719717178654
0.11348463268290909, 0.6002627549945605, 0.000166727082449187
0.21899036433790772, 0.8003427987623091, 0.0016915461101677197
0.23110835391428364, 0.7217547782021733, 0.0026361820377757794
0.25638814122281206, 0.6793395459405125, 0.004698324538755895
0.1381167490444052, 0.6280103856394386, 0.0003615065531385852
0.13007457163705455, 0.6751852695978565, 0.00024019643574319947
0.16100880118078617, 0.6924053879881773, 0.000583960311928114
0.1437860124275746, 0.8134269419325374, 0.0002572065394616129
0.17797732102597744, 0.5683980096872367, 0.0013466828441965576
0.2078040886861871, 0.5199732849343858, 0.0031818655427818306
0.1267304814146938, 0.5997277549587346, 0.00027147783260329805
0.17734410651383764, 0.4786975240978515, 0.0018691204162775558
0.1822163371461605, 0.6011722522838571, 0.0013352181194600196
0.1806624236455378, 0.5538428769996359, 0.0015149950341593755
0.3200657810045388, 0.6408502194097262, 0.014012173338962075
0.15558635523381092, 0.518420705254233, 0.0008959336562892411
0.17604694995722578, 0.6304591846838327, 0.0010433196047239094
0.13816707268379105, 0.4834985013091532, 0.0006108796820952485
0.16760446761183645, 0.6278392389936219, 0.0008474724463601883
0.13363857401044874, 0.4905746096292552, 0.0005124551096338793
0.12341794923618446, 0.6420867927567451, 0.00021078662804315223
0.14780899334387126, 0.5092759874086087, 0.000740872165656092
0.2262467554383178, 0.3883290019161969, 0.008293323895382914
0.1909286632224721, 0.6543060315930569, 0.0013843217097519183
0.16615558128566432, 0.7474351960817641, 0.0005755519347419689
0.16864554799463036, 0.6046765321059575, 0.0009388779634090107
0.26127854236581183, 0.5565935255805655, 0.007605820516290014
0.18543217060435901, 0.5837649985686346, 0.0015293403749386911
0.21961977618183826, 0.6409569440508297, 0.002670930204659645
0.1625600503799254, 0.46129853563430806, 0.001372342698619855
0.17897817720743486, 0.6326660101739343, 0.0011141335358068277
0.11645478056434475, 0.5120422021391472, 0.00025671225274825573
0.1934345352700204, 0.5059527986654722, 0.002451859361404027
0.16836785352803724, 0.4908637069349664, 0.0014144396515222558
0.15640738369675106, 0.6123871749840497, 0.0006571214286542024
0.19317675294601225, 0.5397342165304244, 0.0021419404235054388
0.15769301279053752, 0.5281137561578972, 0.0009159794277802432
0.14967441487767952, 0.6191107404174703, 0.0005297592204029753
0.12533793100336302, 0.6534015093797295, 0.00021785559819539394
0.14694108236920433, 0.6924145790023672, 0.00039053838147347326
0.14356338532270985, 0.6042956101449151, 0.0004628702386182245
0.19992955813578045, 0.5282523236207859, 0.002601009222404787
0.1126945197952018, 0.45737628455755114, 0.0002784780189961341
0.1738437458539093, 0.5339123318132338, 0.0013763405548330042
0.14056025521795545, 0.6648732332735651, 0.0003484041837314106
0.17158171050336965, 0.49883141777182977, 0.0014884377251497838
0.14363541288108708, 0.47194963260173056, 0.0007605456938212676
0.1638580914127945, 0.5778803679724431, 0.0009056257041316909
0.09583638385901691, 0.6532923277697504, 6.690901279030372e-05
0.15931862857102266, 0.5292045896643136, 0.0009543145688244515
0.2294575699493753, 0.6269391011759423, 0.0033853665511653325
0.126482712310601, 0.5513197234469963, 0.0003184901359601028
0.16387396730914028, 0.41538072748569, 0.0017535456269867512
0.14592258114649687, 0.4658172614468041, 0.0008369003604271837
0.18441498469596995, 0.7096814928320256, 0.0010100485460446463
0.1357581638039507, 0.543218178213602, 0.0004479066506342346
0.24864063871572356, 0.5679215106786931, 0.005873629608645514
0.14468293889804726, 0.3636061829055077, 0.001322938313635141
0.15496848243322311, 0.3170782717582671, 0.0023534436536989723
0.1430628699762339, 0.4954401654039094, 0.0006781128575186493
0.14949218588571375, 0.7249554532664977, 0.0003842948998337013
0.1853740456936277, 0.3614997999961663, 0.0039825850477257976
0.1593582361628118, 0.44138330658801317, 0.0013733522766894287
0.1909105299717603, 0.4777118618392464, 0.0025958843074349505
0.16847543404260165, 0.5389639917495306, 0.0011765418087452935
0.23315593764489673, 0.4860949805921389, 0.006041824908387731
0.1615935456001374, 0.6484437018373136, 0.0006765298895156694
0.2117458806017057, 0.46890434246038676, 0.004249944476798614
0.2230746300907407, 0.44279203240744863, 0.0059944190604892915
0.19384701188410441, 0.30647109338148415, 0.006745388210380179
0.1826970232332451, 0.5265957769289172, 0.001760474045734901
0.23936378244295647, 0.605858044819113, 0.004365975262436773
0.14358344204798962, 0.5276561700793416, 0.000607467489620922
0.17985508975907163, 0.6142614893713346, 0.0012075895422081126
0.11013729091113661, 0.5220227576677753, 0.000193240582964353
0.15432204261397145, 0.5177969344414599, 0.0008664230240036353
0.2366772335198926, 0.43783887522360526, 0.0079547363275099
0.21592812446216958, 0.5469427757454367, 0.003404416223760315
0.15501854534367476, 0.5642288065548905, 0.0007442922188071682
0.18357598703790645, 0.5610399180357388, 0.0015840475309131603
0.14955042069853863, 0.45779042473147474, 0.0009653795612681598
0.17308623653657898, 0.555839280916774, 0.0012457261507934883
0.21148440581168804, 0.5480794898630347, 0.0030938804904797022
0.1720949491113216, 0.5081915900919339, 0.0014530839176375965
0.06964480255983134, 0.5774748969583475, 2.101890114811892e-05
0.1650686773022031, 0.6601056081878743, 0.0007169082956447199
0.1827743743088262, 0.5960466021495825, 0.0013766793869662785
0.19272557128717646, 0.6130765568373863, 0.001643121132770222
0.1912093434465936, 0.36429855605248873, 0.004494600363174491
0.2605232114009117, 0.4946904996250164, 0.009506551784694868
0.14316494214572176, 0.5806453872075769, 0.0004952509734695135
0.13973072411567147, 0.41152231584651494, 0.0008860607885101517
0.15017978253479672, 0.4641773059215612, 0.000956507903536954
0.18719620191165767, 0.29911825141206355, 0.0060727725501439405
0.1437028574279321, 0.5697220989694785, 0.0005229829648111716
0.14301127854211146, 0.38244846715864766, 0.0011361857050160378
0.08789357652386479, 0.5562146237620089, 6.308011751112511e-05
0.2051064038631471, 0.4381812339227716, 0.00423025860854624
0.1510620600336202, 0.8159035099010761, 0.0003176669746321646
0.14495604627141762, 0.520310997902479, 0.0006514480064679914
0.08864663166426362, 0.564560989488538, 6.357084936796334e-05
0.12651645950071178, 0.6531258294844212, 0.00022720564112915372
0.18825504689568096, 0.5056724157544475, 0.002178274125405911
0.2280191877968638, 0.5990069728841956, 0.003607250286236324
0.2299589677642628, 0.41099813503735955, 0.007953306822933392
0.10783457396923889, 0.41900965556087744, 0.00027330850942374743
0.1728865457862871, 0.6464753178866325, 0.0009162442635490354
0.23711730033539524, 0.46715595800512205, 0.007044989927055418
0.1337605254770897, 0.46841487107975294, 0.0005643487917402392
0.13802324991961104, 0.5701874351214432, 0.0004372406264371166
0.17575919638044665, 0.5212683900008578, 0.0015152440016492485
0.16113459441634964, 0.4597253957199536, 0.0013292283141574318
0.1503968936681123, 0.5100035111541645, 0.0007973896180542382
0.14943154733636288, 0.4359304883952504, 0.001060907453181195
0.19994776996218866, 0.6812999455156576, 0.001564307306029313
0.17054398303394583, 0.5972196353940713, 0.00101106228005199
0.18350012244044125, 0.8972291367801937, 0.0006182428991346471
0.19035825897197192, 0.4697636597319411, 0.002650468507337922
0.18864418417320886, 0.7528832769958355, 0.0009916117091550033
0.1408590351590536, 0.5446034364152053, 0.0005241527433533924
0.21611389529425323, 0.48404179309119166, 0.004363188907075152
0.16317523455050453, 0.6984853555697391, 0.0006085972247448451
0.13870885840922104, 0.5812865966407368, 0.000429975537183295
0.22100422174394918, 0.5961550969094549, 0.0031740216292855243
0.13552203432106774, 0.4597251651940252, 0.0006206016927949412
0.2150190761586304, 0.6897483544486458, 0.002101277033840408
0.1227533916210414, 0.6123735761803403, 0.00022629784233310014
0.21738018657653027, 0.3255776573259712, 0.009895198731823294
0.22325133338693082, 0.4615672881405076, 0.005535918947668439
0.16937071487395866, 0.5070385186404678, 0.0013607320111272663
0.17434850663844753, 0.5088180429314902, 0.001534903621396778
0.22431178168155402, 0.40719118513375663, 0.007263038313518729
0.2573239232125904, 0.5142562725769182, 0.008331427586103437
0.19435913255065806, 0.556707850758073, 0.0020681069526031605
0.16430118077826755, 0.6305346455291784, 0.000769780668378908
0.16307319476716364, 0.44646823620637766, 0.0014854844632746186
0.16765090586223888, 0.5634889341424796, 0.0010533703575362323
0.12745213974445724, 0.4920162385629383, 0.0004135560711296874
0.14894481865046977, 0.7460238252343236, 0.00035708553849591565
0.2462960940945778, 0.4237471435807681, 0.010119648736348078
0.19147831183701206, 0.5752437882201678, 0.001813795070852708
0.20910511870324322, 0.6192457083430936, 0.0023059209140201763
0.1090052689839272, 0.6149480486974204, 0.00013306321169057777
0.25786650281486395, 0.5126166096225251, 0.008462881172848812
0.12226278651506431, 0.5125968445986983, 0.0003173283800514027
0.1271424394052122, 0.5976615047810884, 0.00027728967835554823
0.12054845418062995, 0.6554598854011732, 0.00018238322998139918
0.11996625731576438, 0.4798762564621519, 0.00033309449616261445
0.12792676025292432, 0.5259348512834141, 0.00036790201191753567
0.10855660091996916, 0.41655478618842323, 0.0002847797337318877
0.24208214315447965, 0.49795992657403065, 0.006792243281556966
0.11290565553611992, 0.6702145721433101, 0.00013076370879548744
0.18956696248830546, 0.4188918197315842, 0.003272787470578897
0.18282808897490974, 0.5506739669526161, 0.00161497443808654
0.13527921537886942, 0.4673457106617143, 0.0005958076951058033
0.19437940582315494, 0.696842069539457, 0.0013205604139419655
0.16088177634383863, 0.531111662094403, 0.0009890639527985938
0.1606024018635732, 0.5050765003743242, 0.0010853268078337011
0.1328302638284944, 0.48423251034374337, 0.0005121120144950425
0.2150105935627093, 0.5839340649794096, 0.0029313093273792682
0.21870615796926157, 0.4226171480036267, 0.006031983116997342
0.18584362448002983, 0.38822852852458006, 0.0034917306857770187
0.17670479232710434, 0.45532232467786216, 0.0020333898488774744
0.21574695922835607, 0.6235305959095132, 0.0026097984377947718
0.1787082472670073, 0.46411164187736437, 0.002056634854887974
0.19181075090132677, 0.5235358290290619, 0.0022065513570031156
0.1947768561929013, 0.6193868832133974, 0.0016865772462892159
0.1452558316520928, 0.6770251198800342, 0.0003882791510748545
0.13445688439366865, 0.5961644442623185, 0.0003564504338250324
0.2297540860996417, 0.4681682059385566, 0.006105487365551349
0.16499473123304628, 0.5501485875334383, 0.00103008776200198
0.19796651924746023, 0.6055336233518884, 0.001895365880127751
0.17246411408393483, 0.5043991101252564, 0.0014889898520081652
0.12849705675170398, 0.614752540820246, 0.0002745966439890265
0.2526138427163947, 0.6917187390614123, 0.0042453964676781265
0.11438038671121933, 0.5843692643849902, 0.00018211177703441974
0.23375823756393035, 0.5457683165459709, 0.004847565920703248
0.14166011576849388, 0.4120441515136782, 0.0009387885739737762
0.18450828995368923, 0.34920775596011255, 0.004180883093777502
0.09946152383442004, 0.5165069702252173, 0.00012603640354724323
0.14003620339317632, 0.6361201277507367, 0.0003744079524226249
0.15642088421272096, 0.5845994958572266, 0.000721349715498554
0.20851871016164036, 0.36397280829047357, 0.006592743045499335
0.19942676507224802, 0.6858438534019158, 0.001526028173336645
0.21206055787354516, 0.4967510477547503, 0.003811639963200928
0.1118917578596481, 0.5057276321494696, 0.00022072125470746378
0.20893072481298203, 0.6160938849230606, 0.002321038095676662
0.18326556001546057, 0.6234488679905564, 0.0012732684918415618
0.1530410462487537, 0.6813201082276229, 0.00048241228420864017
0.21161573764761143, 0.5783773942286188, 0.0027858280824597545
0.22569353709735585, 0.7013289555504614, 0.0025153967659626215
0.2570803759668554, 0.497592942558529, 0.008861775610301412
0.26751546786437774, 0.5599831504034002, 0.008335873781662766
0.11245771214963293, 0.6712198033320355, 0.00012811177487280487
0.1846701412877835, 0.6549833745444011, 0.0011930282915420714
0.1586049517024362, 0.7777708330560472, 0.0004331678908121661
0.1755014738154968, 0.26272603884966433, 0.005926455666713623
0.1304739391320591, 0.42478088858919366, 0.0006150926904955659
0.18752316414008538, 0.5135209074389653, 0.00207630569615268
0.12718935588668862, 0.4914309480853644, 0.0004107941689914653
0.10008090781904161, 0.4115260362813704, 0.00020404065153942588
0.23137561803217518, 0.49313811817168995, 0.005675787849831968
0.1764121738661697, 0.5955752308185517, 0.0011798268324095197
0.15652466080859467, 0.5168481195878063, 0.0009255592167358079
0.16093215004277076, 0.44732246409015003, 0.0013962167996529203
0.21778294357431643, 0.7036823031536201, 0.0021355888176212267
0.15898672015308812, 0.45748391404706845, 0.0012653246865672856
0.16057558987413767, 0.4744113548239755, 0.0012292654107774084
0.15465405799877668, 0.5518544281921715, 0.0007700282203647585
0.15843017085913527, 0.44568639790598197, 0.0013127857560265486
0.10676568370823555, 0.43714834173744976, 0.0002403298099046645
0.20627968271755034, 0.5317271101693123, 0.0029457554584193407
0.19056756722353302, 0.6476745285548942, 0.0014010957542519725
0.24195483677968796, 0.6210429737219183, 0.004356658794282569
0.10401836620981826, 0.6036778954508972, 0.00011236717779211975
0.16454314278897922, 0.5244753532470221, 0.0011198163302956607
0.16712291746250468, 0.6308423211012041, 0.0008288628838947444
0.2500695482529932, 0.4216715992224976, 0.010926592762800497
0.15842706143294275, 0.48559550164838056, 0.0011057725410624723
0.1669881773630288, 0.521883441202379, 0.0012068020804842673
0.1819303271962451, 0.39137341147082805, 0.0031287128356514257
0.17732865954600316, 0.4913994683002206, 0.0017730616230937624
0.14206975133052024, 0.5324418303958192, 0.0005694147212726931
0.18122916509873854, 0.45075825246720475, 0.0023189005244943104
0.1539810670806458, 0.512777446050874, 0.000874911846295598
0.1577150750810237, 0.44948173258566276, 0.0012652720530720025
0.05678780021358415, 0.6085234119532704, 7.711405043283954e-06
0.2233326221745895, 0.5828001816988678, 0.0034778917979276635
0.11222658995571262, 0.4121503370591212, 0.0003367254584625779
0.12107030100703273, 0.6215410324717537, 0.0002067244403483393
0.18746243697224135, 0.4432105809058495, 0.0027833536738439977
0.13405890851391486, 0.7371522387931153, 0.00023011901557593698
0.22168787793749303, 0.5516989904932958, 0.003756869260878888
0.14078168964954393, 0.6010693265418823, 0.00042925951226511914
0.16721076980613853, 0.616885331212442, 0.000868799763538811
0.11515362820274316, 0.8371035339251136, 9.14174496015922e-05
0.14975715416144866, 0.7586764971677646, 0.00035363723154411886
0.17306634404880716, 0.6085541397213385, 0.001038730731568836
0.22241075040029368, 0.6177920934096153, 0.0030392513419586482
0.21169444124765238, 0.8087382282808627, 0.001427156341007807
0.1599834130539315, 0.5479615760091596, 0.0009065577998048558
0.19356681617859572, 0.5577734391539368, 0.002023514066423845
0.2479748755465498, 0.7707945967671437, 0.0031512464552298537
0.18142218828758, 0.5107524378139054, 0.0018146077663298151
0.1582571866511097, 0.3865222643959655, 0.0017370647493069938
0.16663683851794378, 0.6774666446989526, 0.0007095492397346768
0.19661130746383515, 0.6068984317276781, 0.0018306749046372217
0.16197040659654166, 0.4508033291457578, 0.0014141928151637346
0.174519022880292, 0.3249432895951687, 0.003779714107206266
0.2017274661876956, 0.6811248654588858, 0.0016273410306005837
0.15766419750706592, 0.6316585677743495, 0.0006397741478205337
0.1268645766162428, 0.7613306593401469, 0.00016924541247333042
0.19541959070839454, 0.6311100131877412, 0.001648220808657009
0.23897016881155203, 0.4534545316324726, 0.007737677805916382
0.08098586772835037, 0.42804897944338705, 7.429842720967111e-05
0.1637358177653798, 0.5937774366345623, 0.0008549697836137057
0.2611448120982115, 0.5781232561190225, 0.007034013350775861
0.12444282086182083, 0.5043809611101425, 0.00035425489067538216
0.19580767346335534, 0.5131573633960639, 0.002514869645507352
0.16178803092697516, 0.8260401265161093, 0.0004191097085751761
0.11632538700214456, 0.47066217928571924, 0.0003023535840478363
0.1596233416936598, 0.443370791098644, 0.0013710582072794478
0.20456609178760332, 0.7007513475106726, 0.0016349559857158906
0.24372797490893577, 0.5580467189930415, 0.005571965915428842
0.25330606256367083, 0.5921141657587461, 0.005864021650197718
0.1913729968826433, 0.6071012633845361, 0.0016244955227215894
0.224872683448683, 0.609385958618371, 0.0032787061986721423
0.21580856755121974, 0.4872424640707489, 0.004279350281192973
0.15326066533831767, 0.4735979816929077, 0.0010047113774891351
0.18181594892502076, 0.5822007684875149, 0.001409941348218427
0.15575756424348136, 0.6655408087926103, 0.0005462516523431155
0.1640107569626566, 0.48763182514585346, 0.0012770858073550813
0.17567173051593443, 0.5929179054398046, 0.001168597721982328
0.176274499428622, 0.4578024775310566, 0.0019899555523643004
0.19975875337864193, 0.6815227562031008, 0.001556792669080217
0.2619931464463252, 0.39790542852560157, 0.015061972959412898
0.18372024929797687, 0.6045992961291464, 0.001368741821793659
0.16886867577215986, 0.6132631922185382, 0.0009180960705801926
0.1670028678704444, 0.619322635098273, 0.0008572693162104888
0.17293865673468092, 0.4685028676679997, 0.0017468939794545947
0.2518536608203681, 0.534585944250799, 0.007014281714726559
0.10223346137477173, 0.4820843835125748, 0.0001632785960037311
0.1569789363588926, 0.6342496403498682, 0.0006225117011560268
0.18614577232436838, 0.5210523223579634, 0.0019523478775619757
0.09207202204353294, 0.5583308749074724, 7.679702649099762e-05
0.15799719057142295, 0.6322197010502559, 0.0006445951763236223
0.14047965473333737, 0.5964604806165147, 0.00043181889922774337
0.15811484176379847, 0.49637279947817464, 0.0010491305986662523
0.18552839366021215, 0.6410176384937799, 0.0012712519397956909
0.16619474629609182, 0.47610489684381196, 0.0014199618627524031
0.12707854163370924, 0.4150632592586416, 0.0005736606895936503
0.1789831588471021, 0.3265520098764866, 0.004182488126756182
0.162976683130596, 0.5011604355426569, 0.0011758838633733738
0.18729751985064444, 0.6420952693683118, 0.001321015378846132
0.16097721417003363, 0.5598536328134971, 0.000892442590383272
0.1744517937927133, 0.5030275226885245, 0.0015745423096826397
0.23297685703327153, 0.42621051066268495, 0.00783238140063943
0.1686349198797273, 0.4402826323167815, 0.0017704017703711664
0.17610932665473653, 0.3162563549295265, 0.004152692216590272
0.2077805018421477, 0.6059528492765663, 0.002341797365318393
0.174636939775928, 0.593321026696557, 0.0011370650553491303
0.05680364941055392, 0.5785970321232641, 8.540217718418424e-06
0.19100893798907465, 0.42926811745163773, 0.0032221434037206604
0.20604567327668316, 0.4787911403673509, 0.0036150397978759606
0.1558559981423801, 0.6399597019189112, 0.0005924396734012744
0.17886669686930326, 0.6257962104935636, 0.0011356114998387467
0.19980002493201018, 0.49426526722579656, 0.00296255265943204
0.21889525433486356, 0.6029974343994141, 0.002974232339069019
0.08091797208312161, 0.5002167477454026, 5.420600459300317e-05
0.20091795430792886, 0.5956053176543368, 0.002090890327855248
0.21776813262137334, 0.538086033405137, 0.003651215755680252
0.11846047767157486, 0.6836957238888972, 0.00015522564735755465
0.11705571739353288, 0.5747558411454541, 0.00020841390264578463
0.1920351300648626, 0.7200856986622411, 0.0011723911595203742
0.13787232908896233, 0.6835474207900047, 0.00030278049387560805
0.137231936176499, 0.3145035169677829, 0.001401256769582258
0.1217331319470915, 0.7071859564749474, 0.000163567623062357
0.14985676050704613, 0.34487639513410084, 0.0017163855628843049
0.16696400123168406, 0.5982732630215557, 0.0009177137128000392
0.1686732217513211, 0.5269159667727873, 0.001237331862311375
0.140815583353125, 0.5262552664664939, 0.0005605781282044547
0.21899737097049318, 0.5446361065577757, 0.0036532904674233192
0.16382778131825446, 0.5543553398619971, 0.0009833194860342062
0.13090591338045515, 0.42132012603744373, 0.0006343986548281997
0.13443449296247104, 0.5663133846383195, 0.00039472931802433145
0.19821692743596717, 0.3300242136044164, 0.006416431211354623
0.1970382649513053, 0.6250854531658325, 0.00174224666119214
0.16476006830560924, 0.472545115250861, 0.0013874839863655154
0.13228583732528848, 0.5500607710826988, 0.00038976540862572286
0.1266727710796231, 0.5558654244290944, 0.0003153791426059688
0.18445547114878233, 0.6056881339097394, 0.0013880034588641544
0.12461279990870908, 0.678558956533563, 0.0001969093783951901
0.1528961851277, 0.5838116075892986, 0.0006542831021533737
0.10297131296395723, 0.49328672330764134, 0.0001609602156934212
0.18175519079009075, 0.4648458353000784, 0.002208462498034357
0.14408227437865398, 0.532754182547334, 0.000605060225103153
0.2565940322390607, 0.4668632486119724, 0.009983236242848633
0.14147050654406398, 0.7559953377869301, 0.00027724112998842346
0.12577273242644788, 0.5274039430419162, 0.00033951560098840886
0.2263817115684098, 0.7312038102188714, 0.0023452594660659546
0.14788886535571022, 0.5187245837749782, 0.0007158274260300878
0.18371321914113148, 0.5571963313307894, 0.001611265812020197
0.15246757654954107, 0.4152838162432869, 0.0012771940057054998
0.13630858030464443, 0.43701350484765206, 0.0007044955220311124
0.16987701319773996, 0.3990239307460122, 0.002226180247198608
0.20093125785635568, 0.5129862512632083, 0.0028194439097489867
0.25114653712637214, 0.665740534762704, 0.0044672015910933735
0.19974646609526114, 0.7774326372804993, 0.0011960474779344548
0.18886630049103206, 0.5448373863055727, 0.0019033198570777288
0.07468418857142364, 0.4277058630624974, 5.210526677905395e-05
0.22612028611905907, 0.563529161018455, 0.003928502410799703
0.1794292635238949, 0.6260450052027209, 0.0011504962176823775
0.2146790034965559, 0.2763353386888925, 0.013000712465443227
0.1907001686549288, 0.5245910995448053, 0.002142243337147105
0.1443487907241261, 0.5588344004975724, 0.0005543926860440569
0.20426344743329689, 0.672677990745455, 0.0017627484969171365
0.15966907413011197, 0.6260960917116193, 0.0006884231436501216
0.11559641882028635, 0.4916882644239188, 0.0002694892731112969
0.13704498089219402, 0.3237727169545047, 0.0013142657498903653
0.17900636419520802, 0.6980454026007665, 0.0009158404692215705
0.1829414346218847, 0.7329415979471213, 0.0009141138937253926
0.1971037891117067, 0.7082597701425035, 0.0013590600015530637
0.1333601397804051, 0.6573688751897434, 0.0002827888013707932
0.07349610916922919, 0.6261777922448398, 2.2653416412874795e-05
0.13817657852786958, 0.49681854195799535, 0.0005787377582570254
0.14771734065427394, 0.5151475359166804, 0.000722106339140984
0.1418984970652221, 0.6877985762855843, 0.00033942642715684206
0.15002333408926635, 0.6028094415633752, 0.0005645528213850436
0.13168342119966653, 0.43069694102977013, 0.000623102032483923
0.15156087909212032, 0.5835935743673567, 0.0006299820900591605
0.17965610827419465, 0.5817109669224502, 0.0013399732850139369
0.09222728112902502, 0.4141694898667132, 0.0001406018633746657
0.13628516754133807, 0.6552512576934659, 0.0003131294947735653
0.2083302446087345, 0.713156165600198, 0.0017104360415564027
0.21149843753626882, 0.6292957681181539, 0.0023475118506514356
0.1836517952470202, 0.6155183173341642, 0.001318447123671494
0.1936645776485737, 0.681153735274888, 0.0013598670834561635
0.20409293187829508, 0.6432621784177778, 0.0019205822323392057
0.16905366051971502, 0.6019294584519431, 0.0009575971573112023
0.18175527669723532, 0.5201388536422048, 0.0017638848431054464
0.08333360313308878, 0.3728483933731722, 0.00011104782303944885
0.19653285651958255, 0.49899598029884906, 0.002703252014634431
0.15222181443978422, 0.5724114478811116, 0.0006674943752950627
0.19281281520948043, 0.43165375283037705, 0.0033211829221129986
0.18219900258073746, 0.7681522513560077, 0.0008174734572394212
0.22120241712087885, 0.599635855407508, 0.003149677804967297
0.21122895710392095, 0.5274802443206039, 0.0033225283929068875
0.13640293815993393, 0.5722105158679415, 0.0004121721261658934
0.2367647382014622, 0.5348493677136266, 0.0053394659719614036
0.19157105032435912, 0.4148492874492505, 0.003494915450355446
0.08724370145309314, 0.47842418477803555, 8.252197453957365e-05
0.15607042678634137, 0.5916128906775435, 0.0006974311803724306
0.16878028361382771, 0.5410118985483016, 0.0011769765170679528
0.14739110925730242, 0.5215173699194352, 0.0006977534712730108
0.17749838536237364, 0.5787604609251712, 0.0012835818849225914
0.1952944027565775, 0.604238291497009, 0.0017930174393114865
0.17808068504542063, 0.582006398510054, 0.001287728703533724
0.17062563028219063, 0.6279991014021441, 0.0009163104395954697
0.17729791935937533, 0.47241212727657167, 0.0019169899378405654
0.12095346380941416, 0.43352008488667365, 0.0004231243462542984
0.13829210020866753, 0.5357707631236192, 0.0004994779420121348
0.2542157808122463, 0.5287364703108118, 0.007470994054503793
0.17939820643770937, 0.513192180978161, 0.0017108245016271815
0.08532805121101351, 0.40703825338730826, 0.00010339498718471645
0.23784071615644403, 0.48734041344522, 0.0065608534863888955
0.1725380240047362, 0.5555274062866873, 0.001229838619086862
0.1788409275580952, 0.7706220542212682, 0.0007484063257595918
0.22295945348162308, 0.5022642068929141, 0.0046483129386066325
0.13435259595136836, 0.6481611162872895, 0.0003005263961648121
0.21576982172656747, 0.5699490562277825, 0.0031250207939237467
0.19012586598377335, 0.4677292368378748, 0.0026592438566995598
0.17367007255052264, 0.5628257882336687, 0.0012331271441528451
0.19440500643985453, 0.1606641635707302, 0.024856536844492714
0.16348887383652022, 0.5150179553662173, 0.0011289358029386008
0.15548350468550842, 0.6195086996723429, 0.0006255788997275802
0.08083224342398394, 0.5552834212171996, 4.378333766142984e-05
0.18780505028675984, 0.4460580058099344, 0.002770098383789319
0.13117333675485668, 0.6615215093961353, 0.0002596560514161791
0.1675508158655875, 0.5777845857991981, 0.0009992606842801027
0.1760035450751092, 0.45919500790397416, 0.001964562316063766
0.1493996606679444, 0.5007856227711208, 0.0008031570606690221
0.18511730425546255, 0.508106466567746, 0.0020036567739085604
0.133606026239636, 0.5576764601369484, 0.00039612830794162287
0.17113852375151353, 0.5487096418111386, 0.0012162166712429646
0.13625615458638551, 0.48090144625589903, 0.0005807920922280496
0.1406238571293757, 0.4681602905916143, 0.0007041032922737445
0.18987792945735876, 0.6398400326411011, 0.0014128980416829005
0.19276744626452283, 0.4941922670209391, 0.0025311755095258873
0.18128710969404008, 0.44384844715441424, 0.0023950299977448866
0.2005814176762922, 0.6727005054011239, 0.0016270520777480456
0.12020610445480415, 0.5961250379343532, 0.00021775486799704966
0.10526568016212264, 0.4788714518102918, 0.00018818713351097805
0.12352357137864879, 0.6124347026064336, 0.00023256567117742148
0.18348667646709946, 0.5167508031084888, 0.001863217383289053
0.1331168620721576, 0.6432228641345, 0.00029300056978016323
0.16519057182460234, 0.6213570242605952, 0.0008117430917850592
0.17157800784731453, 0.5187953480322026, 0.0013759570674847263
0.07882511967525227, 0.5376245890485166, 4.181499609489893e-05
0.1534752353488721, 0.4858095367712044, 0.0009607322741746542
0.18695014223590933, 0.4839014731205383, 0.0023069890240684098
0.21921126322274861, 0.6513694875489004, 0.0025651199612733546
0.12898474711232022, 0.6652704514990644, 0.00023841753699640827
0.16916067792990633, 0.37412675371000503, 0.002485683334405491
0.16893824086455858, 0.6545319278430901, 0.0008074344634428294
0.190993705174576, 0.6492449870690051, 0.0014080968407051738
0.0669321687222167, 0.569663251638099, 1.8135228651179413e-05
0.14710963374529304, 0.5999022578187251, 0.0005229086268406033
0.1894364436630257, 0.5466466794323305, 0.0019159845786085213
0.19748295067563612, 0.7681747535994137, 0.0011651346309479993
0.10886054154092231, 0.39348064279614214, 0.00032310919007603247
0.12925200243125995, 0.6385146026973908, 0.00026118501813697726
0.1728968965057497, 0.5210814796995303, 0.001410646812420925
0.162095875472677, 0.5723033598522181, 0.0008804606463831844
0.2486183876087233, 0.5664961358252697, 0.005900900258429656
0.17409548909099565, 0.592491534814452, 0.0011247776518158012
0.15005474637908167, 0.4637981393622447, 0.0009545677033856507
0.179231066895634, 0.4411621514143281, 0.002305620798230205
0.13431072778858996, 0.4638616742053028, 0.000585970841270666
0.17017743678069985, 0.6098243993250863, 0.0009605611266049066
0.1388579724122057, 0.5640205902330415, 0.00045886780226391417
0.1953357430498277, 0.4385470000730609, 0.0034070081407405295
0.12848387219373414, 0.5507483839628862, 0.000341974204276784
0.15375676833883092, 0.4836262936144957, 0.0009772749232018069
0.1099219460393557, 0.6206250447304823, 0.00013554350132911073
0.18465114796059404, 0.5776545914750673, 0.0015331275589008952
0.17293439624624707, 0.6300989652089456, 0.0009656648983787275
0.17470877570321675, 0.6027663132916198, 0.001103704264750295
0.17001840094450357, 0.5390671065801599, 0.0012242280112182366
0.18537587699134978, 0.5038382051908654, 0.0020503021479373
0.1988272193043179, 0.5465006061313327, 0.0023718012390668347
0.15613883324422234, 0.4483921538664872, 0.001216460409034216
0.25590871921982444, 0.4915574011711733, 0.008900036432598311
0.14798895619708188, 0.5336710411836048, 0.0006783089909524153
0.14469170371727602, 0.5364786175261924, 0.0006078732566270465
0.1618928374170171, 0.4839120781181103, 0.0012247136727402276
0.18826986413417607, 0.590287993872786, 0.0015990923939098558
0.12027325062162778, 0.4036897003150725, 0.0004760081337513123
0.1011554391873234, 0.5738496686742138, 0.00010998216959634091
0.19074258937027022, 0.5666664489568324, 0.0018377255906178863
0.25288769952520584, 0.6453184836197274, 0.004901168043182214
0.15597867885776429, 0.32808729194094355, 0.0022619037707394076
0.16424514645512123, 0.5851650388537997, 0.0008924345022062207
0.07485718311686398, 0.3843836258254888, 6.517236082671874e-05
0.23744125042519604, 0.7351762237919692, 0.0028617397891203306
0.1994602757943644, 0.8640049721513179, 0.0009622804010098101
0.1809131053467613, 0.5911155230390805, 0.0013381022253323056
0.17587740955947537, 0.4871977772855268, 0.0017397208420088784
0.13613117733907765, 0.6582869521307823, 0.0003087086833368389
0.1268618805014037, 0.638851288079095, 0.00024033852110644135
0.16109155261924707, 0.42397641281667087, 0.0015609992025082588
0.14242945568578955, 0.6949302050663348, 0.00033800467251658754
0.16911335444644016, 0.6481398905446413, 0.0008272012311340142
0.1781435403945645, 0.4089447333513964, 0.002612311766073459
0.17382285201235398, 0.6268624566555888, 0.0009979105417183074
0.10866819743301176, 0.6610054385646035, 0.0001136074127140964
0.1561014959689443, 0.6039532762182536, 0.0006698079538278473
0.15504320221838425, 0.5673670375980185, 0.0007365965924963336
0.15843055656776922, 0.5894292987421726, 0.000750574540072316
0.16331211077180793, 0.4260277895839011, 0.0016419917254348376
0.1792684640763942, 0.4711870706309451, 0.0020230020210837206
0.1798866464102758, 0.5393928008217863, 0.0015672954668812405
0.1261686534625199, 0.4394087573574154, 0.0004959237877580035
0.1760144030480086, 0.6244405600669991, 0.0010626635861418722
0.16180255799944565, 0.5206659792124354, 0.0010553175988292382
0.19398076814884624, 0.5685233251909994, 0.001966108546947986
0.15154905119225617, 0.5740335015441467, 0.0006509169698981499
0.19392770322621336, 0.6330694631309252, 0.001583720447049861
0.049611965584466663, 0.47594936654836856, 6.957043187689344e-06
0.20004705191063163, 0.6444425508082045, 0.0017521809957772743
0.2527563689770405, 0.6024174810659001, 0.00561125544397031
0.11180040557718898, 0.7478895307637994, 0.00010056384203311152
0.23842485682307232, 0.5953286140200194, 0.004444256509106128
0.13539092882335607, 0.4643006599359184, 0.0006058448113911391
0.11387377549564395, 0.5766362641016937, 0.0001834114154127726
0.1032541181248413, 0.49120650846694713, 0.00016429719615778334
0.10826679338172804, 0.26971990909185517, 0.0006713037822660851
0.16818635740518365, 0.521646004639491, 0.0012465034673575172
0.14668828755623722, 0.3453280164200658, 0.0015582681678587371
0.1923555087571286, 0.46655019017465443, 0.00281338728381067
0.12288152120497242, 0.5534758510265422, 0.0002782976194946994
0.20128368233563185, 0.5561739398962345, 0.002417142914733311
0.15692182856879486, 0.5983614377363204, 0.0006983055407059934
0.21300125998654632, 0.5309825898837713, 0.0034016285903719135
0.15923272321271248, 0.47015430741206343, 0.0012062220896601587
0.15991842928073893, 0.6183208115027526, 0.0007107087080409102
0.13713798167863062, 0.4239038243727852, 0.0007689982349245271
0.13541623477003217, 0.41312103116115295, 0.0007658831557454317
0.09495250247127333, 0.626849574723925, 6.976979584665357e-05
0.1882746638568859, 0.5599281893459038, 0.0017774013602288355
0.1036912329943444, 0.7487480194513811, 7.203764291553269e-05
0.1435239398068283, 0.42196755459460433, 0.0009481453248714643
0.18503411351446297, 0.5255921067690498, 0.0018688574012871964
0.17301748484777682, 0.5712816043984604, 0.0011772301952131187
0.13396719110536276, 0.5945097046652001, 0.0003527290164930553
0.18059136670256967, 0.5261810811565024, 0.0016755684410823275
0.14326393310899313, 0.6639703037560862, 0.0003799013291866165
0.13274847253206426, 0.4904256727462628, 0.0004979083934914051
0.14133600016719247, 0.6394661933107625, 0.0003858717838791624
0.12519879385011964, 0.5754433617567898, 0.00027951258454840885
0.11870890954315047, 0.5647037935499297, 0.00022964187026197023
0.1233924362160317, 0.4971638157038673, 0.00035126626510502315
0.16752366518891904, 0.6519166031016554, 0.0007843627214994982
0.14587280679646247, 0.6076668905386329, 0.0004910456214627481
0.21611495771698136, 0.6297127553496702, 0.0025780667152466834
0.09488345873712156, 0.5280503376971295, 9.80061841488176e-05
0.17915833878550175, 0.3660875586796153, 0.003342249566882122
0.11030140281783579, 0.6656189006580489, 0.00011963855633749077
0.27587472571567895, 0.49967569512226445, 0.011987313674883999
0.13154971062962822, 0.5590161617344632, 0.00036822452992617684
0.16013761020638972, 0.4549618616780271, 0.0013206466131860455
0.17003304835136113, 0.6978044039191406, 0.0007308784975837492
0.19273584095865123, 0.5456965666426007, 0.002074428068671332
0.17123116137847166, 0.49185527443465554, 0.0015172444633738426
0.14834177975324486, 0.5352857328719134, 0.0006813243267858447
0.1835546992884502, 0.6863231576687372, 0.0010579784574029256
0.09810050764978458, 0.6517433698890396, 7.450169857864362e-05
0.1492075988980608, 0.4309855536624298, 0.0010782528478390579
0.1450989731946412, 0.53720882230553, 0.0006137658446106713
0.1402727044868136, 0.480681481569545, 0.0006605916266701536
0.1247124022842703, 0.4894620526474964, 0.00037977841753667363
0.1389777500634726, 0.5622458575912009, 0.0004635243835602174
0.08068129010814856, 0.42874321124373926, 7.284032149884708e-05
0.10045758662464152, 0.489527504741707, 0.00014660060379359025
0.21651911046239855, 0.5116373040724201, 0.003937539502390897
0.21695536235424764, 0.5721055152921101, 0.0031771911102339116
0.20741733082420838, 0.581059415010906, 0.00252721967082509
0.17876312435140754, 0.6518116230103475, 0.0010441060606327004
0.15886601571150208, 0.6792921226763744, 0.0005719909492851169
0.22276187464970487, 0.5850076817839015, 0.0034130492967190066
0.16286565583333062, 0.5621972001807432, 0.0009316191240762931
0.14858000289321996, 0.5673922357758714, 0.0006106954928894316
0.12947645658567475, 0.534032941351895, 0.0003762437958092009
0.16290818313871114, 0.5875232904303542, 0.0008540130024021653
0.20419213284546525, 0.5401287599421682, 0.0027298759735423683
0.20106892850329916, 0.45193616931980585, 0.0036435902943525228
0.19636807358336686, 0.583751916172166, 0.0019679820327619924
0.07514921135892848, 0.4096272942559448, 5.837885914957133e-05
0.14992678055165656, 0.4967024200643999, 0.0008291667767560415
0.20048345262799372, 0.5632280136681788, 0.0023160234214243585
0.1408635527057934, 0.5182676339748467, 0.0005788575823899115
0.23756580617160977, 0.5860659312944811, 0.00451359140090927
0.12737704778100742, 0.5795360300986057, 0.0002973077305589159
0.18101283580927552, 0.5094682005325979, 0.0018057306565082375
0.17606905381745078, 0.6326342812255815, 0.0010367302893237295
0.11538603373609338, 0.543298737983234, 0.00021895899128531552
0.2439178213617461, 0.5203056017438237, 0.006431620873513661
0.15886132193837618, 0.61546875223021, 0.0006966807933427983
0.14675831556604466, 0.4296127933263571, 0.0010089356018285027
0.21083610018636753, 0.40093039875613157, 0.005704082695377599
0.20274356365380752, 0.7029232632508992, 0.001562130090021475
0.12344280407121117, 0.633911516127066, 0.00021645022367725196
0.2105001363384899, 0.6438319185956678, 0.0021965008143548697
0.24604892541149134, 0.5036960327492009, 0.007130554707608721
0.13431806374091296, 0.6339746616093204, 0.00031377154450426537
0.20024113352179698, 0.6001953041998365, 0.002028687759456899
0.16349352638766204, 0.6518722480334371, 0.0007047634644474154
0.19556814056564498, 0.5529675214803339, 0.0021541617910876753
0.1390775621465736, 0.4616789315106171, 0.0006896311823173028
0.18818523512285057, 0.5508440185900262, 0.001832673177120592
0.07702889708687535, 0.5076887233070697, 4.2368886778498165e-05
0.1716939796550309, 0.6803123552196003, 0.0008025488485869783
0.20283859330602888, 0.6041241505696925, 0.0021192202650643934
0.11104883493011863, 0.551009212159963, 0.00017984973664612788
0.2324509885870869, 0.6363024876930105, 0.003479339470968645
0.18692111900270436, 0.6424314573321339, 0.0013080041987921945
0.15776422505872562, 0.4048935446070172, 0.0015614271164858678
0.17333700769818508, 0.6101936255224173, 0.0010402848236143389
0.16839801704415897, 0.4790627823218363, 0.0014861536560910728
0.1345686943838812, 0.57131911233768, 0.00038954906145945866
0.14037320762065222, 0.7756894888957012, 0.0002544723904241755
0.15939855313309234, 0.5743490468282311, 0.0008119800101895014
0.15202782051720046, 0.6006088620924936, 0.0006028981215822447
0.16276417233524146, 0.5517745779914286, 0.0009644979407289618
0.11312657058755293, 0.6013844136196278, 0.00016381206940029673
0.18167042834944852, 0.5659308601059847, 0.0014869275245775835
0.1087378401462045, 0.5742451604823635, 0.0001509545820168328
0.2240642721000214, 0.5774120679312594, 0.003594460187922166
0.17881335390148495, 0.826552098044439, 0.0006501075471762825
0.12879339149665087, 0.5799955294753565, 0.00031163652644478366
0.2221660053471694, 0.7542228090898682, 0.002029308340973641
0.15414924761754534, 0.5632531182479277, 0.0007286196655537244
0.18421684697663746, 0.5321502235488772, 0.0017879135511016501
0.1756309672360472, 0.5314495947300795, 0.0014530700328599295
0.20798267124368303, 0.3616703476395924, 0.006601757353062077
0.1378788889888801, 0.6581477898522919, 0.00032667000096740263
0.1369532479483828, 0.4705074347634167, 0.0006205134453005531
0.15022278566246053, 0.5756951570552366, 0.0006226131854716094
0.20275122565060708, 0.2876867711999905, 0.009327504372594995
0.13026856320173752, 0.4672742103915611, 0.000504796824510093
0.20481722449115244, 0.6202879693259835, 0.002097933309520681
0.20913257988356182, 0.6099356711996229, 0.002378226908995354
0.10872856433879939, 0.3724005624739119, 0.0003588040334357103
0.23756392071001772, 0.43129501223634037, 0.008333955094644891
0.2288927379141273, 0.5640907543837612, 0.004136650177788614
0.20935394582264477, 0.6422809344225265, 0.0021547302028519493
0.1811413076305162, 0.6503750132037245, 0.0011115146602205257
0.18832194431314786, 0.6546327080019918, 0.0013017709783425986
0.12737556145457785, 0.6056564809484929, 0.0002722024622036218
0.14200481724615271, 0.5389769536913175, 0.0005545734144010259
0.1621356823508792, 0.6225775584067686, 0.0007448088514484855
0.18720448610568385, 0.6623404447833823, 0.001238781908992373
0.10107174553773049, 0.7411564063616535, 6.569270339940683e-05
0.19322738615214366, 0.3890405375905902, 0.004127417219228531
0.19925432112111052, 0.616643023261073, 0.0018805823075582603
0.10903053172436399, 0.5338589436797532, 0.00017673583814805998
0.21979217047564895, 0.541467549088864, 0.003755560715099905
0.17053489811880873, 0.517905232509369, 0.001344137415299862
0.1582574323789206, 0.49581491813709183, 0.0010556715679719143
0.12042130410264294, 0.47975538332660483, 0.00033886039957179277
0.18452667251640195, 0.5710013652936454, 0.0015644146183032748
0.1712919566077806, 0.7237943547503268, 0.0007017431515159953
0.1569170089135529, 0.42537553231879704, 0.0013815575457190774
0.14900605748262605, 0.4281056114840881, 0.0010863288705554117
0.160127745435626, 0.6771602381225565, 0.0005959859069633632
0.20231055198734146, 0.5039565947012871, 0.0030106563488263394
0.12995645203433004, 0.5953047374173899, 0.00030774977389065627
0.20100651556841526, 0.3054290034227195, 0.007966543679503255
0.21965750618311475, 0.66382788389025, 0.0024919397024514996
0.2301038194462951, 0.3469558271274503, 0.011191347118985274
0.15924929507869107, 0.5456547325595531, 0.000895923908756715
0.16341701441027745, 0.545361436435181, 0.0010048588069134327
0.21871526892274312, 0.4182488556376871, 0.00615976902527212
0.11992886246131293, 0.4194011137226377, 0.0004354828751115466
0.13386221277226706, 0.5914248918930269, 0.00035519095471504944
0.18905051730714267, 0.48653675375013966, 0.002397050696162582
0.19295360929414646, 0.3988814817545885, 0.0039018533053077763
0.21448502029168812, 0.47898553028201607, 0.004309905629752057
0.19873334001481016, 0.7398289516259593, 0.0012915001800454973
0.13468643066020292, 0.5718048813407286, 0.0003903867713844051
0.12949571091171114, 0.4693843287831901, 0.0004873404005004084
0.17438029517006087, 0.4809803534722183, 0.0017190947734084577
0.1738681524751676, 0.583918736620602, 0.0011514080147213915
0.20541031484284275, 0.5496164410775141, 0.0027063524736917425
0.11807003291473356, 0.6127502474390077, 0.00019046427042119406
0.15599646668510972, 0.566060393670167, 0.0007602305371901588
0.17606165545280827, 0.6824732794106397, 0.0008906757522457641
0.21686762244518368, 0.634095483852211, 0.0025817449564200417
0.1956051553904038, 0.5906178066013309, 0.0018898447594643331
0.12975726892081385, 0.4561077142870217, 0.0005207275131569276
0.1438001568754403, 0.5531617443347588, 0.0005564200942192133
0.1668129207754131, 0.508759769259684, 0.0012640114117014694
0.10277216044266083, 0.5449502147180881, 0.00013076887285275876
0.15722109760468958, 0.5800931835110337, 0.0007492348977973969
0.1827907462586374, 0.5165710587875144, 0.0018335985684774423
0.22709173053097526, 0.5764638456550825, 0.003825670437892383
0.15927385055323262, 0.4201165967834281, 0.0015123834965818958
0.24763485713295436, 0.5126563696197514, 0.007080843506563123
0.14786724065630286, 0.40461644716363054, 0.0011757513722253801
0.2434859297126624, 0.613858076731385, 0.004584742780590952
0.18434543405583292, 0.4710250111810676, 0.002289077282290768
0.12227547589438345, 0.6834631548872896, 0.0001785783783806622
0.15430585961315238, 0.5560328133497424, 0.0007510134147739926
0.21452039579435253, 0.6410343224729139, 0.0024080479175918627
0.12875824196596222, 0.5096255086455272, 0.00040315657758160234
0.18609352877419855, 0.5117687606089117, 0.0020213240631252907
0.18193294598450419, 0.585439237732266, 0.0013983381050105366
0.18126506009523566, 0.7030814633400896, 0.0009539742194408551
0.12680714046719607, 0.7364758327119401, 0.00018050166709347157
0.1582069255143097, 0.704241257754053, 0.0005225346901896735
0.1360462725869225, 0.4843146888596546, 0.0005687636907203697
0.19256170683420773, 0.6546043586273119, 0.0014358722080548712
0.17379698393860468, 0.5527779816082687, 0.0012824789973274512
0.20259732869031222, 0.5642867018423912, 0.002416320901827701
0.19623599306226208, 0.6203026448779286, 0.0017377398798764352
0.21578699413260521, 0.34922013234475335, 0.00832680740646727
0.19106157827287998, 0.5070812848877329, 0.0023119238275007407
0.08720169563840656, 0.6420420309685052, 4.5724468802041605e-05
0.2348675624856223, 0.6554023114128668, 0.003432190132207683
0.16131782479389545, 0.6347359543748154, 0.0007007805999976588
0.18363390385054748, 0.5163934554886784, 0.0018723931878294406
0.13677319566379376, 0.5666010639458892, 0.0004254176460518397
0.13629913620915757, 0.5358955569215494, 0.00046835508510614777
0.15773201729829803, 0.7016903749030067, 0.0005194242631754509
0.11874950548825111, 0.3210122894332639, 0.0007117091381339063
0.09981893048870116, 0.571942577618343, 0.00010442340600695341
0.17547854403693927, 0.7486255668746575, 0.0007294949429671271
0.18879727551055273, 0.5949961562894753, 0.0015933777820906394
0.22395568941646637, 0.677633035525024, 0.0026042939125097064
0.18965798629784264, 0.701697946422732, 0.001168795364545526
0.17436915866673053, 0.5441791702508136, 0.0013426061309484794
0.18746011865595513, 0.5672751518553356, 0.001698937807203501
0.1944158934963691, 0.6800004819881782, 0.001387928918553516
0.14372355432858203, 0.5962239028403734, 0.00047782636171954477
0.11933046349255402, 0.5139442606890839, 0.0002836871712750195
0.16443282450417, 0.6314679091081079, 0.0007702164707303455
0.1867344183070194, 0.587799766475613, 0.0015555870551705907
0.2800851715868984, 0.5827372248739933, 0.00942099749108889
0.13143888813086482, 0.43126251087905165, 0.0006164069690674882
0.13821246010098134, 0.5009993075551423, 0.0005697696523435867
0.13964888440875534, 0.5006429246290499, 0.0005971378530912445
0.15991518718005238, 0.5034581620652606, 0.0010718989668418457
0.14310557619091835, 0.5353905098201663, 0.0005814513842498803
0.18288568548385611, 0.6102461535651863, 0.0013168810230085972
0.1905466393033812, 0.5296936872542279, 0.0020937363548263702
0.18929579838982838, 0.4766359612198057, 0.0025119591526664656
0.1775010819506212, 0.39174340201654756, 0.002801863259141082
0.15184342345730584, 0.47865166396103376, 0.0009442110811071035
0.19775751414411946, 0.4701086345052801, 0.0031300740781984556
0.1279637676137291, 0.4983474508111917, 0.00041028373096831165
0.20964830801655598, 0.4807195665892009, 0.003870296969426058
0.15635384289346663, 0.5325910275307136, 0.0008674728060730945
0.2168141078502878, 0.3785904561584219, 0.007234553626602247
0.16500624468322228, 0.6574223463764751, 0.0007215702962887525
0.1908043413869736, 0.4735411870242068, 0.002635352349452959
0.10436818964596871, 0.32038919553318457, 0.0004048648138900122
0.2604753454601564, 0.49335290012341976, 0.00955044627741028
0.19351108121624103, 0.8055245274086955, 0.0009689783046561021
0.13197382698346008, 0.6589803860793338, 0.00026876164263164176
0.15854951403013282, 0.47857981839128094, 0.0011423068021452517
0.21205578126027583, 0.5875319031105884, 0.002724479249840827
0.20332631396967188, 0.3414814420586657, 0.0067032199325758905
0.15181071960399947, 0.5466324251848191, 0.000723278988613405
0.20879758058110334, 0.5489681175170128, 0.0029151686493011516
0.19313620880414142, 0.37856598064098446, 0.004349937512250349
0.16861422223037897, 0.612216474580158, 0.0009151459637566114
0.16214857486583292, 0.5746594010010501, 0.000874505738724655
0.23135648885765556, 0.6227389950382411, 0.0035578954880537564
0.18453717216367493, 0.5087865918099821, 0.0019708953782034896
0.18785094425136198, 0.6237709242033496, 0.001418059734485731
0.13342733994618705, 0.4189735391666154, 0.0006977019695365322
0.15424411827352624, 0.3783627080188885, 0.0016190756479337086
0.20962743088072958, 0.6543271860104225, 0.002088082528516555
0.19122243113690723, 0.6998116848224812, 0.0012183565245717884
0.21070538183067153, 0.4304929584403166, 0.004934084220409769
0.22414500241326304, 0.6639434444418315, 0.0027228993456093666
0.21130548803139523, 0.6074536726369275, 0.002509267665754363
0.15319718158428997, 0.4850090365524612, 0.0009562460379524469
0.22146910875501782, 0.5317552857119275, 0.004026430072207973
0.13978761909512866, 0.4994719074537952, 0.0006025680201024092
0.2608892233572029, 0.46970467086836337, 0.010610189849269753
0.1744125781044347, 0.6089351128306075, 0.001073411366962679
0.12951562431994568, 0.7059585302032527, 0.0002155882243059042
0.160679446879718, 0.7028603138192295, 0.0005616338775315583
0.2183573788328883, 0.5135834756007159, 0.004055855293150933
0.1825716170070053, 0.5811662337942644, 0.001441024959368478
0.15478514974484836, 0.6243354044729946, 0.0006038636026670598
0.16776776020756481, 0.4256125432575786, 0.0018520575963638655
0.12571144890422215, 0.5400321723605473, 0.0003231289656013317
0.14671234247904383, 0.30089023854386787, 0.0020540119483149627
0.16567506025012435, 0.5973351890553844, 0.0008897358730876782
0.10713314704901321, 0.456035537819551, 0.00022419892051254024
0.13877189991258876, 0.43154782746475806, 0.0007816904001545941
0.1091308346479456, 0.4660979821434917, 0.00023279859200851338
0.1918018645744435, 0.5739158726825851, 0.001835785156322003
0.20452256624533757, 0.5475408958068803, 0.0026754337403326256
0.21860735668032827, 0.5454192141072787, 0.003614348550655208
0.16649424397981485, 0.31691141135374334, 0.003230328777627641
0.18557696302774598, 0.4659559716767811, 0.0024086961095915334
0.1689624555766338, 0.6768149517361048, 0.0007556191294039272
0.16565671560481537, 0.5601453597883267, 0.001011309802160885
0.22840828356566067, 0.6049343489838289, 0.0035635392604782103
0.12081829420030671, 0.5446935937292434, 0.00026671364896264124
0.1960546092753638, 0.38642542095983123, 0.004459576013659895
0.16301267407984646, 0.4373618831305215, 0.0015454610744583053
0.15489209326557798, 0.5041824767449872, 0.0009287933516648338
0.14637863360078043, 0.4608173873381005, 0.0008669818651990585
0.19555119293342527, 0.5029630071442238, 0.00260279447214131
0.09494317152946379, 0.44277070119901485, 0.0001397811408399944
0.158665299961618, 0.6656559240971773, 0.0005923616109531385
0.19996077412723104, 0.741250354759718, 0.0013218836472832433
0.1430501225316924, 0.4494695778672449, 0.000823594662174677
0.14228002434239295, 0.7021224032729121, 0.00032958962426185594
0.16276454094497453, 0.5290534245981583, 0.001049131548593528
0.17273195985670864, 0.5191165616320526, 0.0014153896345344397
0.21798360591575885, 0.5078322944375164, 0.0041170878041775025
0.16705295261878744, 0.5916193226612112, 0.000940674744485656
0.1879034056597835, 0.4527062123262502, 0.0026955379808303783
0.18040887699043104, 0.5745562983312372, 0.001399057265862617
0.19345396929361372, 0.5462252364149073, 0.0021045730876859798
0.17251409145570293, 0.4604883465615308, 0.0017887792163458662
0.14910754541828172, 0.5750799336113577, 0.0006038204279122145
0.17552583621329826, 0.543729950656659, 0.0013845224678785387
0.14304117969362298, 0.549213256306365, 0.0005514582530888174
0.12226061195742588, 0.7589870379547484, 0.00014472983472172915
0.152720437250983, 0.672322330802162, 0.0004908607687288417
0.1547650328913791, 0.5946676680957856, 0.0006652390870448955
0.1999964891710776, 0.8693805861706274, 0.0009617107216668898
0.17532615791684375, 0.4609314044166305, 0.001916985594371678
0.19948893714582455, 0.6193986533769914, 0.0018735624595890498
0.16798866170483767, 0.5297408969565748, 0.0012024603398927704
0.13755378449860078, 0.5590425456913493, 0.000448079801185349
0.15817370022944907, 0.5360509459871615, 0.0009010410369389198
0.12547009222749614, 0.688779566744178, 0.0001969619535311339
0.1962671265285251, 0.7130313811108682, 0.0013160666732495111
0.275273763738651, 0.4909046889363521, 0.012300896046374245
0.1601890773253014, 0.38969739582557694, 0.0018025845708897787
0.16021457573456716, 0.44868305986813545, 0.0013607409577888192
0.152649918988553, 0.5216192375959459, 0.0008138111595773516
0.182429373500779, 0.6872475957643771, 0.0010269668194751998
0.1828260051208262, 0.49527161466571423, 0.001996393226202227
0.21037064815605727, 0.5921337372992799, 0.002589768374357235
0.17629702945951042, 0.5778674145716163, 0.0012496473203142129
0.18177934985899855, 0.5773187038648366, 0.001432618789583955
0.11519430107202916, 0.5774452815432535, 0.00019241574077647383
0.2252058322743206, 0.5552837931325244, 0.003974534657081295
0.1689635195461038, 0.6063570006135961, 0.0009414517641795489
0.16764677396071812, 0.45441738710372864, 0.0016195520112943123
0.19230618354057688, 0.6675805233927528, 0.0013725522232100943
0.14063907169273127, 0.48714938873120395, 0.0006505908247501739
0.08547645852234649, 0.580691758730346, 5.11916656325991e-05
0.21781675428155833, 0.6775836122557544, 0.0023048451430694784
0.22856903415362745, 0.6686064443418764, 0.0029261818382083572
0.19597755328769473, 0.48068748423865043, 0.002877054747243632
0.2252176328516011, 0.6049618122519749, 0.00334934966192782
0.15475766751944395, 0.7034506488629385, 0.00047530042225664426
0.17300862991338314, 0.5551404752815252, 0.0012464024259865882
0.1514784131875817, 0.6365293301218484, 0.0005282899441386378
0.18281581983198641, 0.660397552942123, 0.0011225755880947504
0.11585701600320622, 0.43443854856861147, 0.000348632186091083
0.19069504781533578, 0.6126961290645517, 0.0015702508957000144
0.17957402086496485, 0.491270913874317, 0.0018749738891924244
0.1308417489322221, 0.602243514481208, 0.0003098172053640559
0.1387515949766377, 0.36959183388896927, 0.0010650458227864517
0.1892263468608061, 0.6268474913967237, 0.0014499772064801289
0.18135194637581104, 0.6979434584177371, 0.0009701149279379791
0.12119358810152775, 0.4708989366177394, 0.0003617603034233453
0.1262710471426484, 0.44155630917787236, 0.0004928676899445288
0.11111061619043062, 0.7197164157652113, 0.00010567384918029568
0.13403288641523325, 0.5797207092824653, 0.0003717562653206444
0.0743405230291216, 0.4965062245365416, 3.788865566171667e-05
0.21298841034389032, 0.5103027117190517, 0.003681937586076394
0.10008890251465057, 0.6861637871090737, 7.34189871041323e-05
0.13613153431599, 0.6894212589920063, 0.0002814589143311358
0.1104874288128222, 0.6031999249309862, 0.000146764140208544
0.2691928887642647, 0.6865607506238993, 0.00570016882093177
0.2264020194252913, 0.6253966864513201, 0.0032072148122234637
0.2096730044798331, 0.4707632494035059, 0.004037828548915262
0.16452658980170248, 0.6486216552134214, 0.0007318495857263665
0.1754561492859601, 0.4684963007475372, 0.0018616386093298735
0.12477758009651606, 0.6542721470194114, 0.00021303447537782903
0.16003979167192087, 0.5996569574763742, 0.0007581641480473937
0.21685060129262432, 0.3126375483989298, 0.01061672087276486
0.15889053264503802, 0.6588981933141803, 0.0006083598661914305
0.16800307318807936, 0.456312248688831, 0.0016212031495658836
0.2019162219879869, 0.652853714373206, 0.0017786376028382214
0.22895504625746227, 0.486972174513252, 0.005557232567658703
0.1324882782923941, 0.5641583518150629, 0.0003730307741990591
0.13290119921958465, 0.5420742837372267, 0.0004096146178407846
0.15981736212303907, 0.5148398626817208, 0.001022273213534796
0.1567247330127461, 0.6425861323381037, 0.0006021551009293229
0.1942088776178185, 0.639774444315021, 0.001560616036722981
0.0971957445611974, 0.6018183658330827, 8.388473315577911e-05
0.1550250486998917, 0.5374205327182605, 0.0008205511213180152
0.1870474365171472, 0.538961933802137, 0.0018639637345740044
0.14955087154227859, 0.45900581976323507, 0.0009602866376278593
0.20085586421388607, 0.5741840798637474, 0.0022467537420114104
0.20744019266659708, 0.7030753166959633, 0.0017269946260169687
0.15703627410213084, 0.6437767410858857, 0.0006051948949429639
0.2059830996245673, 0.5855241665630321, 0.0024139887399439335
0.24147341793557214, 0.5037505829056595, 0.006563867761597172
0.14896732604997182, 0.5935389633714704, 0.0005645051748304456
0.22654083382413356, 0.4226496686765031, 0.0070412442236106034
0.1655773571788812, 0.584762808189972, 0.0009259991229280875
0.13566239592141924, 0.48844002726504354, 0.000552287390709808
0.1680250446207945, 0.3875348845879465, 0.0022490027051921603
0.18502863511679443, 0.5018489938706958, 0.002049609571304393
0.20083702430168193, 0.3654735025909909, 0.0055432788972263015
0.14606044949208352, 0.5390309236112747, 0.0006275988219737534
0.1676131029733712, 0.535375480338628, 0.0011657461610566815
0.18522369937135155, 0.47624283928128386, 0.002286513746417189
0.17187646155337913, 0.7815829771506466, 0.0006108968586002097
0.20270628517348616, 0.510947332394523, 0.002954128414321247
0.12934052711006283, 0.5154277625880324, 0.00040203386691701066
0.2717859659924504, 0.4028645292630991, 0.017268187539673692
0.14296751795534263, 0.7401071044418355, 0.0003029850583480129
0.15402460937136792, 0.48629183348538885, 0.000974021301830426
0.19060626665891373, 0.46567511656610433, 0.0027127102192904713
0.21975107513522918, 0.5190359412852711, 0.004083828262654056
0.17648586310134928, 0.48996240349507886, 0.0017464817281245236
0.18673342649985342, 0.6852096875836862, 0.001144711380699734
0.22040891602434234, 0.5748644782236944, 0.003373208980734706
0.13821261488176959, 0.56667414046079, 0.00044535764907198346
0.11966671109113093, 0.494387036418738, 0.000310394852724035
0.168135436775227, 0.470331127421179, 0.0015312961162438066
0.1929413779863451, 0.5611526188199851, 0.0019709498006047713
0.15654431003592056, 0.41993123665669385, 0.001402857625642066
0.2044471749121918, 0.4106244928386329, 0.00474933819925739
0.15172610375476792, 0.3571885215291552, 0.0016898036860776042
0.18835120062322627, 0.4656284664583231, 0.0025748253682283816
0.17704109364013013, 0.5721144278429919, 0.001298751508890768
0.188180209571178, 0.4893544643935326, 0.002321903457216588
0.193741507470727, 0.6692841813759796, 0.0014109919767790286
0.12621085122245224, 0.5927791006243617, 0.0002729012919868698
0.16759248991556336, 0.5589018747231087, 0.001069091308715269
0.1483547728825314, 0.6102042589767694, 0.0005244959383933792
0.17952680746533464, 0.6270547528958467, 0.0011495395656160902
0.17441391081214824, 0.5267614027661963, 0.0014344814448236192
0.10890386498873025, 0.42590615718687913, 0.0002762667060634132
0.2016533238799255, 0.5295479652082987, 0.002687936369697085
0.09179975712932263, 0.396795120646955, 0.00015008455184583713
0.17093625956694447, 0.5607312415191735, 0.0011585822057936614
0.17396463618844774, 0.5352793522690558, 0.0013735143349720617
0.1335264255123555, 0.55748379970315, 0.00039536404924048847
0.16374476994262824, 0.5565448991774684, 0.0009734243552377548
0.21186237351681475, 0.4986205703536721, 0.0037675791243495763
0.16160407513368202, 0.5068058514402097, 0.0011078292093690397
0.19543399878997322, 0.6700791748392334, 0.0014625616302630542
0.15657825564685768, 0.6223502861523027, 0.0006393144082345613
0.1383368777493364, 0.6777843253426872, 0.00031254310384834803
0.16765376157580966, 0.5632459781832552, 0.0010543583140747085
0.16376842630914107, 0.5573029307947416, 0.0009713953421737603
0.15064042608501887, 0.5381110315692433, 0.0007213812700146373
0.20945573131581002, 0.6279907294655187, 0.0022587352256447876
0.21541025995822732, 0.5888347494132333, 0.0029063715084057494
0.20635613592956065, 0.4961180264042777, 0.0033893185236860655
0.11510842385779452, 0.4982638694067198, 0.0002575836996233282
0.1314682515843905, 0.4723824622590879, 0.0005142689098004701
0.20134679714702944, 0.39768994101609817, 0.004734056940351597
0.12746515345893847, 0.3183643870307976, 0.0009881876406837397
0.13976754127986005, 0.3599984259925573, 0.0011591843917322189
0.19767959587132336, 0.3995957768250056, 0.004324702463883838
0.1516660415625423, 0.5512372904423306, 0.000708267749766617
0.17246091165520344, 0.5490725386772993, 0.0012564506383204047
0.13788642352325417, 0.6193351000761731, 0.0003689853645342483
0.15762711353060763, 0.4017371359045426, 0.0015800033197529307
0.21248082434183702, 0.464258792893402, 0.004402024838430552
0.18363458541066854, 0.6252643575060544, 0.0012771392673752153
0.18839650173492795, 0.5474092194527297, 0.0018649283581857875
0.13679235023428246, 0.4658552435479072, 0.0006297031854628097
0.18608952249023872, 0.5485619306436218, 0.0017591019973428564
0.18742872467879795, 0.5102554916341713, 0.0020983096726806256
0.23928910851449015, 0.5060700628052739, 0.006248927743577977
0.1399005122749756, 0.6942368550626031, 0.00031300805018448307
0.20416120115057634, 0.5073053515872848, 0.0030924959754263866
0.1767026596609539, 0.6180114456564579, 0.0011036781393165232
0.17671535661489746, 0.5782487892707481, 0.0012610819664277467
0.15169808624279937, 0.574298608296471, 0.0006531347905985846
0.21908785098283792, 0.4652258513145443, 0.005016013750988174
0.14831249206165445, 0.4771841956562035, 0.0008565955550970469
0.1625935229180375, 0.5498566566970586, 0.0009667655883186331
0.20953863978005083, 0.5205250460936854, 0.0032934021457533195
0.16775389355344159, 0.5013405142692386, 0.0013343193124174743
0.13589160610101858, 0.6480617905847269, 0.0003160680836577569
0.16878009385315088, 0.5951219800658335, 0.0009726739875048002
0.24818899259750798, 0.6083837216361571, 0.0050775451994873105
0.18805815198750214, 0.6070106208831559, 0.0015047308985084691
0.1303023090268207, 0.5045297002320267, 0.00043349262638604736
0.19212745276474497, 0.6425550244809521, 0.0014754983181671682
0.20482598664926419, 0.529917179691258, 0.0028750416640227006
0.18743151613435388, 0.5758063059439298, 0.0016478610316396564
0.1729945250620056, 0.5552764599599566, 0.001245345197820166
0.11014916329720564, 0.5289895147918926, 0.0001882734412165578
0.18840325845805722, 0.5609562212648349, 0.0017762208429722638
0.11100177006763498, 0.6589914935438695, 0.0001255040840423444
0.16101961297783612, 0.5014253307983194, 0.0011138327490295026
0.18257793876771133, 0.6956253516375597, 0.001005975985914185
0.16635045963334832, 0.5682609006064637, 0.00100086607620114
0.20735018516447556, 0.5534455881021166, 0.0027817334876413012
0.13793391764254276, 0.4697050724474271, 0.0006424925712613968
0.1861033684308738, 0.47622546143070826, 0.0023348517119930966
0.16126214049250498, 0.6290927073176554, 0.0007123267339660814
0.2678293770704754, 0.601958796253827, 0.0072511768332245
0.16871142532168928, 0.49946068440410923, 0.0013784755166949638
0.15235279144930353, 0.44980737998670256, 0.0010850620486839682
0.1890499632039614, 0.5364324679284791, 0.0019718451781669077
0.17524393035055583, 0.7711887000825017, 0.0006833980196472152
0.1838969944525208, 0.577887370393359, 0.0015045543085385126
0.21357281979754403, 0.4028644544931176, 0.005979299610845901
0.08720566463646645, 0.42126966670021804, 0.00010622877738016403
0.17724682477499012, 0.5628732294809252, 0.0013486211010051764
0.12515639164661616, 0.36968343918295365, 0.0006762375047024802
0.1581260778065121, 0.6865400658434787, 0.0005485920590815475
0.19481605233124644, 0.609607441684016, 0.001742666279436777
0.246602415744274, 0.5252301888477299, 0.006623000289198661
0.12902797263326113, 0.47295730727037777, 0.00047242302987272276
0.1267403677745698, 0.6959016468498269, 0.0002016954057560428
0.2188733869006219, 0.5913802519132088, 0.003090873833565592
0.19132732089055957, 0.6789689498593552, 0.0012974326606819753
0.16972288770321828, 0.67720151333307, 0.0007698176630205588
0.19975383174264136, 0.6372569605948255, 0.001780390401805636
0.223211184929124, 0.3973311704710551, 0.00746467350230975
0.17389205613977432, 0.5979538258047024, 0.001098655330506638
0.09457897369622673, 0.46613721128965313, 0.00012400368090083251
0.16496678605693044, 0.4713796048375977, 0.0014020676860492284
0.11393009267581627, 0.487870862134704, 0.0002567824382239368
0.1991031488579418, 0.5527977300792495, 0.002332261056369828
0.15995564444512858, 0.6050769278149783, 0.0007429213141232039
0.15810866827174583, 0.6186931398058613, 0.0006751811222261412
0.16430816280164476, 0.581260099942428, 0.0009059935108677121
0.21788142107547287, 0.5308989257105604, 0.0037593354533806585
0.10648312998345558, 0.5218151251336047, 0.0001667124859209912
0.14781403791832737, 0.5493553105638579, 0.0006368076020951012
0.1618944401075433, 0.5486147126856744, 0.0009529091713297303
0.16872245869216362, 0.4895474996083776, 0.0014352810927038542
0.15975522456273927, 0.6466696327143718, 0.0006468495359323929
0.18051002055010737, 0.4306216986025666, 0.002496777641337548
0.16054212579861923, 0.6634268340179015, 0.0006280171024046921
0.14181564980021166, 0.6774089347231695, 0.0003490200342424256
0.19706920384158197, 0.6804635951748368, 0.0014712235203361707
0.15181315040965104, 0.6512206378037007, 0.0005096486929778831
0.22545466842909984, 0.6069445169605204, 0.003342939643352043
0.14305964541290367, 0.5992502228134713, 0.00046347351703626504
0.15510729674728177, 0.7131987702190131, 0.0004670103794607684
0.21761378405381251, 0.6206853002681819, 0.002735540449418182
0.118475357484048, 0.6137772740117798, 0.00019271149094028444
0.18869734829497697, 0.5490690244072016, 0.0018667300438528491
0.1896230893299759, 0.40792887058764704, 0.003455559453445064
0.15612269730293532, 0.6469676067318146, 0.0005840518801812121
0.18196795053548387, 0.37432669619231357, 0.0034232756522732913
0.18754973632952626, 0.7019718045208692, 0.0011118315018327212
0.22242220720125208, 0.28606529638885375, 0.014178144223922157
0.08335213374552575, 0.7612983237686273, 2.6661815960562844e-05
0.2348802122502533, 0.6224033576034511, 0.0038066797206361773
0.1588187499578953, 0.4617219053578514, 0.0012364391327433788
0.19201638811839866, 0.43126105655425034, 0.0032671864212241455
0.1531733594272907, 0.7332809676370298, 0.0004180529728026519
0.0998730655955479, 0.5154995404512605, 0.00012884934267132862
0.20322930103718254, 0.5907650815931329, 0.0022349925791528696
0.041788843081231736, 0.47945754336363106, 3.22204139963561e-06
0.1577854213710496, 0.3078381124763191, 0.002702809069797318
0.19837202872222237, 0.5189684069176627, 0.0026037421272402475
0.12580713526941864, 0.6436413328898889, 0.0002282344764069981
0.2170727233127649, 0.635537130036081, 0.0025807572807977617
0.09289840521392666, 0.4839887803451507, 0.00010629960394813875
0.24777682117504934, 0.6203858512301226, 0.004847402766829217
0.17817305404271133, 0.7407664607751092, 0.0007967245180031351
0.20709219571640958, 0.7741065832731171, 0.0014141152299673963
0.2002735601437386, 0.417079902971746, 0.004204083071699077
0.17766145351786122, 0.5415226577478325, 0.0014721184645010525
0.13388638626573923, 0.620789461733792, 0.0003226394523068721
0.16227634102684224, 0.43695475332921163, 0.001517804620805118
0.18530382489182534, 0.4778133320874105, 0.0022758344065582615
0.17912120354286268, 0.4680287830775646, 0.0020429962362150163
0.16121824764174605, 0.5813653878553843, 0.000833086346098921
0.17718219795138276, 0.4805519959375432, 0.001847283280505976
0.19803338102599383, 0.46066563022207263, 0.0032797689089021195
0.2516669798581365, 0.5204791548293727, 0.007375554222267312
0.137782336378157, 0.45540803364936416, 0.0006801678801811422
0.17034459382466643, 0.5993165481690946, 0.000998845046873936
0.20685249470146352, 0.6252819010681084, 0.0021563613448141407
0.08957849054838447, 0.6058463281591965, 5.7801271638592876e-05
0.11975006726965662, 0.5583374168436669, 0.0002441101298948089
0.16349823504359112, 0.44211744273218684, 0.0015323151705164105
0.12102145228650693, 0.49902280084547757, 0.0003201249351032286
0.134020867912581, 0.3892332461402601, 0.0008243368520545083
0.18296178947072525, 0.49737733404337015, 0.0019860019635169696
0.14921854596440257, 0.5768395709827229, 0.000602110420319862
0.12109681752217354, 0.554642833252772, 0.00025985022490820155
0.21163518492458447, 0.5074267196284715, 0.003620811113052454
0.09260922565127007, 0.49932639241898064, 9.850892194030905e-05
0.17841364771572074, 0.664621516087377, 0.0009956360723254155
0.21877627481922696, 0.6073117379309498, 0.0029251189330561653
0.20708700700376123, 0.45854749042331294, 0.004029672960857889
0.2105552631758199, 0.6664588945502246, 0.002052248789506786
0.20738051724815837, 0.6258932117266627, 0.002176428524696086
0.2301365085659504, 0.6263386239769606, 0.003436242442433221
0.1914656090148224, 0.6677820900912366, 0.0013455374313412157
0.19674102986048023, 0.5944377389002456, 0.001913775047638966
0.1926798291812448, 0.45150881683275873, 0.003026306689410555
0.18846773649832868, 0.6066285892019655, 0.0015211183798714341
0.15529202636838316, 0.5455270941458168, 0.0008023974459348397
0.16941819447425574, 0.5559186135000063, 0.0011333594808270737
0.15110135647129164, 0.4016385564502337, 0.0013124292467970773
0.19426658310708758, 0.5391083376020638, 0.0022007233281025385
0.15623744010095292, 0.5496397676936156, 0.0008118281501798716
0.11830479744175676, 0.5675207573920797, 0.00022398181696248396
0.19840323805008236, 0.5105478969904089, 0.0026922007406388736
0.18730118440364482, 0.5648538250904104, 0.0017071514570174055
0.2830773179620471, 0.7857961592628766, 0.005429107126806731
0.18372909404928317, 0.718932815882365, 0.0009682158540945439
0.13422309973990587, 0.5874750012141694, 0.0003642730799745298
0.12772720925069406, 0.66388967046144, 0.00022930901905506975
0.15216434843555193, 0.6363026708589585, 0.0005392811147358924
0.17145410388154053, 0.6355081222541434, 0.0009140593151736756
0.1819223834489222, 0.8368422372210182, 0.0006841915676652558
0.21396543500624077, 0.4726716335356551, 0.004378836707545578
0.08221326339302479, 0.4757246166509881, 6.42686167358643e-05
0.2549803549565762, 0.3687006165312934, 0.015568534860643916
0.16627891401762027, 0.39319500667548213, 0.002086572593331867
0.11723258319897809, 0.35075352359336576, 0.0005633450526518036
0.18809524071784461, 0.5811372623565622, 0.001643125748692154
0.16955844402822928, 0.5346628845711457, 0.001229734287235541
0.14249862231889537, 0.4368646579297521, 0.0008571148148241139
0.1748074161363303, 0.5166077621427995, 0.0015062858551020786
0.1638322076156196, 0.6219848301458382, 0.0007812016620443683
0.1341534859700359, 0.6967741324519356, 0.00025836310344334987
0.06511971993040366, 0.551423357871511, 1.7152628670028722e-05
0.1493689044582916, 0.6097279591111702, 0.0005413006367622445
0.20380200418054303, 0.6397880703968041, 0.0019293490415214032
0.13546636550096486, 0.4618466115289671, 0.0006138028231511751
0.14074216595246025, 0.7286675488719403, 0.000291725003093642
0.18410425944034087, 0.44368223953116115, 0.0025650904796589396
0.15724629833115922, 0.5484233747186231, 0.0008388568947221256
0.17218066915635177, 0.5930884427410976, 0.0010691983908311174
0.1564980939966149, 0.544936557011113, 0.0008319818299180645
0.1660572271816131, 0.6961559027964536, 0.0006617395887742491
0.18721753286859336, 0.46124431349300843, 0.002555221339824595
0.2022214930826075, 0.4666999924652623, 0.003503728815845252
0.17664684656958532, 0.4428199186939691, 0.0021467304322553516
0.19622287893455792, 0.5619289211735936, 0.0021169059226435675
0.20345825914624172, 0.5302226514704877, 0.0027883081577598015
0.20004907402563088, 0.42972763523485147, 0.0039407613061563165
0.17802828455037217, 0.449655121121818, 0.002154559243606703
0.18424758486457743, 0.5908987838118822, 0.0014511344138040312
0.18010424848070028, 0.5080050310431168, 0.001776377581027616
0.16254105055292462, 0.6502934561249201, 0.0006902153351822512
0.2163715946613745, 0.5291104411052463, 0.0036707458414034673
0.20351729676232677, 0.6558422202807922, 0.0018247903962995008
0.10601227262635753, 0.4272859334375033, 0.00024383483056935877
0.18845434288363913, 0.5240236599528929, 0.002037845081211955
0.20306515309428363, 0.5475886720406549, 0.0025921060110466764
0.15328975130764494, 0.450096942884199, 0.0011132981750629806
0.1331723793669302, 0.5245084567073248, 0.0004414517150410661
0.17782613667553948, 0.3796315153886948, 0.003007613261404524
0.1753406700429389, 0.4933880109475235, 0.0016736799935760916
0.1955226903492776, 0.6517600536332787, 0.001549023271595513
0.1324382824590784, 0.5779470200897634, 0.0003548537630517075
0.1989314033208243, 0.5646393289728766, 0.0022269905336718505
0.24211767205216128, 0.5995266144852177, 0.004688841114499282
0.21068570719723423, 0.45440825805187934, 0.004426574659071318
0.20105107433153957, 0.4716715082535582, 0.0033437574170718447
0.15934593321472368, 0.4719745504598932, 0.0012006849409781854
0.20044620507435468, 0.3931913304645035, 0.004748413371960506
0.11784676493714241, 0.6072303697525323, 0.00019233426187024758
0.11907591074443895, 0.7610611181255226, 0.00012815986453356307
0.11652762007074174, 0.47875807839052, 0.0002944562140953364
0.16921482194348103, 0.523828822786878, 0.0012697437408863326
0.20850171051935018, 0.3727397284326933, 0.0062840099776920065
0.20643651518452977, 0.5597353213968486, 0.002667234222975263
0.1850810160369074, 0.5214598086776563, 0.0019007126497367862
0.18099749741921095, 0.5126749001808435, 0.0017825474302850843
0.17766373350730977, 0.47275755378397444, 0.0019316284558289266
0.13473805957329724, 0.34640928535328486, 0.0010654770944131579
0.24492846437708932, 0.6882860834445347, 0.0037428348299767223
0.21202338321316383, 0.5469449150523902, 0.0031417184594781837
0.25528678439780317, 0.44554455184307795, 0.010717865119320038
0.1795837085910599, 0.5603662153864377, 0.0014414398617558913
0.1751290102709984, 0.5805198314088785, 0.0012025617516683207
0.16754395253063467, 0.7089378035557563, 0.0006636149414306662
0.15106654488677115, 0.5134313890756076, 0.0008023088243624346
0.17994011702472426, 0.4768839040166965, 0.0020077228535153664
0.21856359026384384, 0.43777156343285195, 0.005605484975614166
0.17300181436750475, 0.5965182381719419, 0.0010792979163680556
0.17772146945303605, 0.40232004757849044, 0.0026710258380792194
0.1365225978372301, 0.6291064963360786, 0.0003423083946257099
0.11352892435949792, 0.5940630162299932, 0.0001705177395795724
0.18833758042082294, 0.5408381560040344, 0.0019078929003716904
0.12148102259611274, 0.5818117041053857, 0.000239462836090296
0.1724778935915178, 0.5655732230796202, 0.001184718996336088
0.11525215723875579, 0.6622029525498939, 0.00014663564337274152
0.1775901699412793, 0.5413924254904471, 0.0014702283972646785
0.18635826783000378, 0.6852955912974847, 0.0011343423532774188
0.20748019308872992, 0.5977186965705898, 0.0023914948337527622
0.2251596238251325, 0.4488216629106355, 0.006078221739653356
0.1899720885888163, 0.6329424923649885, 0.0014470132245745135
0.19150620489508885, 0.44673645736486695, 0.003009314964609134
0.2524928740341562, 0.7580831608807247, 0.003527185908669872
0.1938764302222386, 0.7174975499826851, 0.0012315019859772884
0.22929385648838546, 0.7425219206255183, 0.0024058801053961293
0.19017382865950344, 0.5953390699832966, 0.0016432378417603705
0.18602435918511198, 0.766412529001608, 0.0008998039617883454
0.11883316907239191, 0.5983630082051331, 0.00020547652464355607
0.192600781444414, 0.6218984811517918, 0.0015922904934896496
0.1584395987528653, 0.41212323378585614, 0.0015357203116977225
0.22828330796698088, 0.41722091484915225, 0.007473431296202349
0.2357734356218069, 0.42142384243092657, 0.008443162123416451
0.11578800590697333, 0.533803995715658, 0.0002303148732761563
0.15776060667685926, 0.5994688186263997, 0.0007122400627259796
0.2451610289653925, 0.5452689997687059, 0.005988672978189679
0.22529708006801485, 0.48446443369878756, 0.0052307814644259034
0.17410306500866518, 0.6161181961489824, 0.0010403657836274233
0.16401463637246375, 0.5107957679405548, 0.001164004824307288
0.1633367005261575, 0.7500867046578846, 0.0005300435900051717
0.13291035883450417, 0.4331155258581988, 0.0006418259128375963
0.15078069653066617, 0.4607357474626153, 0.0009880600888288052
0.17803212472211594, 0.44662737131060654, 0.0021840776607196326
0.16499739240280717, 0.6241729027511117, 0.0008003044485540772
0.17454133063513486, 0.5938470118327508, 0.0011323200287093993
0.2051752269234859, 0.34128025499682335, 0.00698382310647621
0.19428490609444007, 0.5414373628378506, 0.002182736573467526
0.12942267085678216, 0.517622089603309, 0.00039974760362610835
0.16432214953860325, 0.426207723856934, 0.0016857227112245905
0.12773040817433218, 0.36079170841940744, 0.0007765111939248055
0.2185588538713985, 0.3668878825831463, 0.007979949455256473
0.11088517774192551, 0.5353491253987681, 0.00018929323298884417
0.22651348859299109, 0.5388905258074066, 0.004328911459326339
0.1414553934973428, 0.4414966591929748, 0.0008125253191639159
0.15059490505236695, 0.48784037750949244, 0.0008765478695482687
0.17375601552776665, 0.5265903911953271, 0.001411742120666808
0.19763141724351035, 0.5368580685739539, 0.002393388842313782
0.10969756617934351, 0.6670265551061327, 0.00011629108284808462
0.21467048174434522, 0.465531797107751, 0.004579999740192998
0.1327750520278676, 0.674058499805827, 0.0002638051267734875
0.1319465062181425, 0.47258380110549736, 0.0005221063478036438
0.13243159629893353, 0.6866936562848973, 0.00025130604061251386
0.1072250775349867, 0.8318917699922088, 6.762951375256456e-05
0.12575586559066648, 0.49531555452100995, 0.0003847036155758397
0.1070382321375073, 0.6205914804280069, 0.00012059396098717227
0.09576347782382726, 0.624503495653093, 7.297527717465207e-05
0.21038872950333093, 0.6372300467628782, 0.0022370324218672563
0.21719468212834245, 0.5204510373047854, 0.003857825378485396
0.16783121806817222, 0.5473496226395431, 0.0011216990084639976
0.18281203846835603, 0.4920993515938652, 0.002021535597958453
0.14448763771003145, 0.443548103813983, 0.0008837704618711167
0.24945562198913784, 0.5606020312644913, 0.006115430935699534
0.2131866084274155, 0.6352406418536108, 0.0023857942933362677
0.2300948039495301, 0.6196355600786982, 0.0035081907625907197
0.17453649846942665, 0.46983293839392676, 0.001808749881437764
0.12463189826026652, 0.4919556553093751, 0.00037487157024234985
0.182503940658374, 0.7792606134806415, 0.0008001995974090106
0.09733530387901702, 0.4700080331793355, 0.0001384028545429222
0.0893134414446476, 0.2659932003224338, 0.00029597760612909207
0.19718703545658128, 0.5843489816513439, 0.002000258332977696
0.131408980489674, 0.5721037688034171, 0.0003499181597294512
0.17939413617356184, 0.4980277391644226, 0.00181641509239861
0.14200652703615213, 0.6128749695770401, 0.00042892234864814446
0.15220447063803796, 0.5202841811119637, 0.000807542249425769
0.18647054942733876, 0.5491749453457672, 0.0017710448856091026
0.13622729149050317, 0.609762662667639, 0.000360916201457826
0.18728522358670355, 0.5136528338203766, 0.002063678221162275
0.14829425917246586, 0.651492895009365, 0.0004592970120407748
0.16315186303326926, 0.49326359881318504, 0.0012195868335840411
0.16594536190170622, 0.43397207380418984, 0.0016978090801067459
0.14732196721042753, 0.4906103901148873, 0.0007868092476210562
0.22294536435563694, 0.5068457512986435, 0.004563388478313184
0.15897574252778035, 0.5610988759076947, 0.0008408971743544935
0.19229936847617243, 0.6801625072999676, 0.0013220354327075727
0.144230113701344, 0.7260899299224295, 0.0003272135139514586
0.15153867058836373, 0.6235132190289088, 0.0005515410575352316
0.16342020052580716, 0.7899991508288141, 0.0004789144049198897
0.1978090785476143, 0.3573877766908897, 0.005422129364864881
0.1327887014691993, 0.5450271698069798, 0.0004036812124298326
0.2178659052522587, 0.8361525335462057, 0.001515052454985618
0.15561681385395595, 0.43540088045725356, 0.0012712646645002981
0.17134054039872487, 0.4404754198972159, 0.0018971738191167669
0.14643021661998604, 0.3512847151044469, 0.0014942473405705895
0.26903586360474, 0.522406903622481, 0.009820031060333419
0.16859895423584856, 0.49294742047767753, 0.0014109972165897982
0.17061063339110075, 0.537934452149964, 0.0012483431917485236
0.08397043933016453, 0.7460129066587572, 2.8683324518703142e-05
0.18920670156075656, 0.7337085070610332, 0.0010578874201275855
0.13138278328404546, 0.5643960276823755, 0.00035922554737944143
0.18853518798723848, 0.5654856393671109, 0.0017532723222009852
0.1467107942502518, 0.5190814460142268, 0.0006901253586060514
0.24086199101331024, 0.5908372050229087, 0.004718572408172175
0.22598813292062625, 0.5426063857557724, 0.004226422269834135
0.174312062940004, 0.4910681628639715, 0.001646353485926554
0.17801676239846823, 0.45985072210790123, 0.0020594919736128215
0.10736196651961702, 0.6256992578975089, 0.0001202199744774727
0.07091133730221322, 0.5945855721949057, 2.1462788051945164e-05
0.12252113747274626, 0.5282356055087505, 0.00030160535136243837
0.15337134781596176, 0.6485268692682609, 0.0005375075625686486
0.19398738063925397, 0.6042532364881745, 0.0017407292775840646
0.21382424277235557, 0.5950721242872363, 0.002754718540134715
0.16522212069855885, 0.5383158866513253, 0.0010824093853541046
0.08312992196970981, 0.7544683915632038, 2.6829726045524005e-05
0.15838369323205626, 0.3821558089377681, 0.0017832450020271264
0.1903065655370977, 0.5978664216053281, 0.0016343842450436744
0.1768297278701297, 0.4541244438745955, 0.0020504980696943787
0.17431826512335283, 0.7061001086826851, 0.0007964198547661364
0.11382177211742987, 0.5567459515061244, 0.00019635559054098542
0.12820490759834013, 0.6061271313328961, 0.00027965263040289685
0.21893160065689518, 0.580457665058173, 0.0032120477008004775
0.19651775576606106, 0.4533970913579777, 0.003273228616791856
0.15310729699442774, 0.7374038163759153, 0.0004126074340840635
0.1899207261027526, 0.5238495784689675, 0.0021099447944284647
0.1999043454007457, 0.578777355063151, 0.0021655123654913413
0.23482236899567657, 0.6006364495816748, 0.00408315791023489
0.17516969716755132, 0.6143691282200354, 0.0010747974725880858
0.16349061721511696, 0.5715471918939797, 0.0009167062100150106
0.20358963854786738, 0.5526656972107381, 0.002573746870693363
0.16800210155211134, 0.6266984023592803, 0.0008594754287267911
0.17854684509141105, 0.7354357783255587, 0.0008158042880735862
0.2047047395842262, 0.6536308085669382, 0.001884792826946639
0.12465843432866032, 0.47243180006304886, 0.0004068768592231714
0.1961315561260387, 0.5130656307796665, 0.002534130271489865
0.2018577729579444, 0.3648444684053239, 0.005687880531973349
0.10614256390551036, 0.5883080034300968, 0.00012932143323812122
0.0996660117898861, 0.4672228219629504, 0.00015542645896843814
0.18870503019126986, 0.4849858803081245, 0.0023930678170927945
0.1470596665038223, 0.526157064666221, 0.0006787452804963896
0.16745597759413097, 0.4767749390994626, 0.0014638680773090852
0.19121550193267406, 0.39331454754690953, 0.003856448247277808
0.11212864708344793, 0.6742930652030636, 0.0001253203133057812
0.19675424874900166, 0.7884763121961086, 0.00108806470115258
0.11573668260383058, 0.6470682794863254, 0.00015643654215191795
0.10031179890293322, 0.7345015655538523, 6.470373157956679e-05
0.1721793231896276, 0.4975132472633052, 0.0015194030108061567
0.18929307841618626, 0.5544615615713596, 0.0018561618382876486
0.1654456267941967, 0.7760589528579239, 0.0005239136998591444
0.1702114849270947, 0.4964335669533424, 0.0014507567672638452
0.19960252605314294, 0.5152492380193054, 0.002714324249447445
0.15659570887237056, 0.47638133592308995, 0.0010916609927131787
0.14486926885036933, 0.4952169476814461, 0.0007172498720013157
0.23687730355093517, 0.6882070136240935, 0.0032316989090908797
0.20645697687556674, 0.5520024555931748, 0.0027436831627178676
0.17323803698791693, 0.6048016486888915, 0.0010562586579247744
0.1795741226994695, 0.600184427085339, 0.001256229439257544
0.2540194289998806, 0.4552098341188424, 0.010045166545366926
0.16075048396307048, 0.536631388540671, 0.0009653478322326735
0.22756490316523176, 0.5427208117073195, 0.004355882829574443
0.20250484798935253, 0.4709492665947741, 0.003462051437448592
0.10544045338214841, 0.6133642255160706, 0.00011554761278156381
0.18475863565317607, 0.7360108595990711, 0.0009468001921541684
0.15080302439708126, 0.4114481518075359, 0.001239766485975
0.23066077302341415, 0.6646133446801923, 0.0030825650684833126
0.23422423971762701, 0.5860580074430946, 0.004240965852331681
0.23042355549015314, 0.7892651847228382, 0.0021758965763955824
0.22980285132023107, 0.5573362111057303, 0.004312163234896373
0.10124487435328373, 0.5299994937333244, 0.00012943638910482654
0.1819187801590896, 0.6659880402251084, 0.0010801751744193798
0.1828609908209492, 0.4800650738047728, 0.0021266615414464707
0.1841386943349096, 0.6060056144088145, 0.0013761027505452942
0.1934739892246696, 0.6058649587441249, 0.0017114081952515478
0.19863789107085808, 0.5527864496302707, 0.0023084705619914564
0.20076215198119554, 0.4202632829706513, 0.004185266387044693
0.20118745870728233, 0.5236191429879143, 0.0027213152007855793
0.08341795927859035, 0.3418731142209443, 0.00013267163153073784
0.20834948735324943, 0.5072310949351746, 0.0033825239295195014
0.1434110025258469, 0.5427276463010013, 0.0005711693352631438
0.19179784350222442, 0.7175203421734138, 0.0011743831952979904
0.14994192981457338, 0.5520326304495988, 0.0006715804126143022
0.13514421108316568, 0.4871955163428199, 0.0005458434458348425
0.15868427904079146, 0.40489354162815017, 0.0016018925127808926
0.19259936506043193, 0.5210442279396122, 0.002268287311289665
0.2886818602343827, 0.5641219802480706, 0.01148327148397126
0.08501715136762378, 0.6665509754477238, 3.79426777006506e-05
0.19996274859535515, 0.46706732313474186, 0.0033295302001375556
0.12734896822518088, 0.46102718396815057, 0.0004693455714661854
0.19885569589019705, 0.6227525762215913, 0.0018276885289666117
0.11061409733890476, 0.3091102373448239, 0.0005617010430963238
0.14382114331730717, 0.5968469224148493, 0.0004782555535512932
0.16306996785635416, 0.4360413062062341, 0.0015572422200653539
0.18040485414414276, 0.6453237989693892, 0.001108926333406
0.2429763030998069, 0.5970544523162452, 0.004801968008083637
0.16242390641624338, 0.5952465148438267, 0.0008211678932685438
0.15111667121556532, 0.436762863576244, 0.0011103220196086933
0.13721868545940405, 0.6260995128492388, 0.0003534251778598136
0.21390574627761605, 0.4865901581400044, 0.00412684390510602
0.1594194138209114, 0.6698419971930719, 0.0005973136861026576
0.21660296291077544, 0.5950502240983554, 0.0029159628073168165
0.18582884529434887, 0.5035001192989542, 0.0020752217281730452
0.09648425213004433, 0.6165403274774618, 7.738401039103214e-05
0.14987713174237244, 0.48247312979218887, 0.0008775164704676653
0.15977289975264028, 0.4868262494746182, 0.0011419093768034617
0.1715341399541549, 0.5420209365000043, 0.001259146544309971
0.23242597400372206, 0.6562502769684295, 0.003269485381453418
0.17475045221617905, 0.49429549205362544, 0.0016429833187635863
0.0847060469565825, 0.6216231246746429, 4.2927440751114836e-05
0.18549213499038908, 0.523442737020271, 0.0019048454304419133
0.14104437721463073, 0.5917975359510181, 0.00044646252704060507
0.19807777843999647, 0.6155471595318283, 0.0018387410106349565
0.17247190688724687, 0.6565775102510282, 0.000878930828860029
0.23504496270897543, 0.5940322774911501, 0.004191891006178057
0.23809579245290663, 0.5120337950918848, 0.005971400722219782
0.15242311096649616, 0.44364165629068775, 0.0011176990326747312
0.2234097574351491, 0.6177346591200201, 0.0031003545541386404
0.2338454074023263, 0.5380792535605965, 0.00499528556085394
0.1888703351668265, 0.4376651048784346, 0.002949867834508976
0.20788018669320266, 0.44038468587973534, 0.00444302863923308
0.22342924238835604, 0.3923997352959535, 0.007686427627573136
0.18550650242033814, 0.7235303193966074, 0.000997315643206449
0.15404251230066635, 0.512854929013569, 0.0008761842426096106
0.20069431419152145, 0.6148725550497736, 0.0019523154110595636
0.1651577627546483, 0.44068722069155936, 0.0016123545408520666
0.1533507829039656, 0.5777857518657374, 0.0006767848530221729
0.20273287902150008, 0.5884863514994957, 0.0022282275208741556
0.12065935233212191, 0.48287985137362216, 0.0003374085499317273
0.20657217942830722, 0.537351590185746, 0.002902450882636381
0.28015551581085285, 0.7033633109379487, 0.006473853336466301
0.19942747880217793, 0.505240260661709, 0.0028120561680517746
0.08908855556287436, 0.42485503952777537, 0.0001147362855840968
0.24023262287375408, 0.5263327099488402, 0.005877950173936856
0.2702737505873904, 0.6171000189602425, 0.007181113624297508
0.10308289786137054, 0.6252849384211479, 0.00010065401075971577
0.1278785001076306, 0.4320802992467263, 0.0005441844348145736
0.21367136884361257, 0.2700029272185407, 0.013338678773584745
0.11596305538892501, 0.4931626995632241, 0.0002716388685802257
0.21504523876842613, 0.5096665028710495, 0.003850569559995085
0.2157907894172996, 0.5750339994883329, 0.0030713098078466016
0.14545337535822184, 0.43307105523109335, 0.0009546239318722933
0.20195805943630143, 0.428368622838546, 0.004135041043075087
0.16166843383261245, 0.6701148476260437, 0.0006347729807862724
0.1518704535326037, 0.5921839769294119, 0.000617355139641479
0.10302414016349025, 0.4139825589872267, 0.00022905163778174454
0.21111087153928762, 0.5268945640114611, 0.00332173586270017
0.1451233107596484, 0.5875054142133048, 0.0005135535455794186
0.08860144212512651, 0.3831289104081327, 0.00013772587093932153
0.13936674450971123, 0.5472006085295481, 0.0004954194325339256
0.2353340908591232, 0.5697889896550713, 0.00458090311115834
0.20123764693326882, 0.6198959639497101, 0.0019437879870917473
0.20063352799089207, 0.5329236907836576, 0.002595441754008557
0.17301332106859316, 0.4961747390022506, 0.0015604382419391947
0.07770150320586422, 0.519001323386967, 4.2122915000157064e-05
0.1402483290337039, 0.3909954270465038, 0.0009976366646606892
0.14550478115588397, 0.5759213900550989, 0.0005406291287594129
0.09839071397512487, 0.5720443410813206, 9.797259304471863e-05
0.16936760951706453, 0.5356241437702873, 0.0012192680165525097
0.2087461052265605, 0.6643458568361456, 0.0019883750845856524
0.16919689685228462, 0.5833290615257806, 0.0010234466337399413
0.2334147557760924, 0.40689893837418667, 0.008664775922131045
0.22707331663941324, 0.67523307992265, 0.0027873360446340123
0.19332329237193974, 0.6889690647891384, 0.0013189151494809644
0.11630436657701203, 0.5593066266540524, 0.0002139382588452296
0.21674012576959875, 0.40173890552858327, 0.006415213665015683
0.11629853335390958, 0.5924711030901648, 0.0001906154933309821
0.17205195329225476, 0.716891241354571, 0.0007293930507317013
0.18822187072448798, 0.4992192324805155, 0.002233220762790054
0.2073228296990266, 0.5959170981274468, 0.002397957968535556
0.20855117630496794, 0.5390960954141021, 0.003007247392961511
0.13829991362653232, 0.7079034215660565, 0.00028617670125168955
0.1521641332244163, 0.6923374183431483, 0.0004555167937733084
0.13175119605211902, 0.4475010773218711, 0.0005784926151256235
0.13966725951862663, 0.5430980396325997, 0.000507721691605382
0.11512678933466247, 0.5789554568809816, 0.00019092013104394815
0.15862253200180348, 0.5414337564344471, 0.0008942947935209101
0.1128064345775417, 0.6198929953055923, 0.00015226548844568305
0.17794152873140814, 0.5333561183152924, 0.0015280991378288497
0.11663889396763627, 0.5552613698353472, 0.0002198274413463119
0.16958690062522, 0.5809887496650966, 0.001042213237899508
0.1460191727906915, 0.3379620503290972, 0.0015945330063407666
0.19621992740235464, 0.4708229345874236, 0.0030152294367886286
0.18430642059386584, 0.41733463397577697, 0.0029132321013966432
0.15611475039118544, 0.5466849764696419, 0.0008177959405744762
0.25278099172324686, 0.5946877090445924, 0.005760542573360873
0.14149821569949766, 0.4822755697710639, 0.000681835502187186
0.12171977328552411, 0.5161192534729152, 0.00030694090498034474
0.14910677514893533, 0.5037021264104391, 0.0007870580939564171
0.19117422772400888, 0.5903784515385462, 0.0017099917595900472
0.14821064384828403, 0.6536464770280902, 0.000455144585621416
0.16336031872415072, 0.42107714878064795, 0.001683012986580137
0.18126879550044112, 0.6089911401578031, 0.0012716434648035553
0.14560747674052976, 0.579119947025117, 0.0005363360924551756
0.16663521386931557, 0.7013902559654352, 0.0006619425321681558
0.12752991752627785, 0.5222176928436013, 0.00036809157772822975
0.16064263731644796, 0.7528490292841135, 0.0004890325194725241
0.21731058314440665, 0.704350376708207, 0.002111272322624454
0.2338900177773639, 0.5518413994053307, 0.004753229269347316
0.17586206044024336, 0.5128338859548834, 0.0015695312273865424
0.15718009172162803, 0.6348226739803773, 0.0006248995380039944
0.20454082861410422, 0.5627336992126092, 0.002533915325881462
0.19100507932565242, 0.5313453114929074, 0.0021028574035512264
0.16437046023899538, 0.3021131408515447, 0.003359319093807335
0.11582726449138527, 0.6601487719482066, 0.0001508168189093547
0.19348903667333206, 0.6691640612715228, 0.00140342327577062
0.17749903468551986, 0.6053735260169772, 0.0011732253227238788
0.19571601345070988, 0.4690483754850666, 0.0030039079014643217
0.15942828273586548, 0.613853152577474, 0.0007114174864913776
0.17980292576652993, 0.5890358573073267, 0.001311559960456303
0.11320089788482665, 0.650831727820575, 0.00014027100195176598
0.14562015700300684, 0.4062656007109021, 0.001090235632885464
0.18186413345412408, 0.5360706513756947, 0.0016649794902901286
0.16527268421743002, 0.49530931366617914, 0.0012802584850942433
0.13713281254795734, 0.329285577489812, 0.0012742145655516496
0.20121544168370126, 0.5742536785575565, 0.002263956474461577
0.19566241383248908, 0.5204586619694265, 0.0024368343399261824
0.190844134124799, 0.8858257742058671, 0.0007537998760995011
0.15387409309760972, 0.5552820957967266, 0.0007438181710950379
0.152290444333671, 0.4623499876090474, 0.001025141637208372
0.16265697502010712, 0.5094912792100206, 0.001127956183796738
0.15080713734954262, 0.629760421989662, 0.0005292629746645926
0.17192899450512802, 0.5861182431551436, 0.0010877561846878768
0.1333121752820968, 0.588433899793175, 0.0003523690160802441
0.13025986493934724, 0.3132067391413049, 0.0011232345267397866
0.1414832664629825, 0.48814402818796127, 0.0006652306927749914
0.22423613637942008, 0.5602601526266098, 0.0038308140784093793
0.11479374393271899, 0.6355303591265072, 0.0001564348333084128
0.13337380686349015, 0.6111811190027712, 0.00032729279646937523
0.18599302025728623, 0.5875332030657388, 0.0015299819718744031
0.20822817918497774, 0.5089022298540455, 0.003351745200564109
0.16192504653333312, 0.5907898004573705, 0.0008223972578602055
0.166352326187265, 0.4319475588817347, 0.0017323311441191642
0.1943807496122987, 0.33949677188756755, 0.005563766693171624
0.16572293256744547, 0.5692769242697503, 0.0009808491504764557
0.18663293556789548, 0.5303833916782303, 0.0019060510503123831
0.10728785374012724, 0.7700137198153939, 7.913915762504533e-05
0.19079119409933776, 0.5750438795469576, 0.0017865721561968297
0.17161921397057636, 0.5096332050261303, 0.0014273828074996876
0.22081757472348004, 0.7332918034108908, 0.002090067118143659
0.133136506508709, 0.5143823855737868, 0.00045845974763102787
0.22023293397998078, 0.5074057622153724, 0.004314565550179861
0.1713634864978356, 0.5536751648616635, 0.0012014239464779837
0.18982631486910473, 0.4613904536859995, 0.0027139192517471847
0.24212179808619766, 0.5250092652032937, 0.006114783425132252
0.2498254433342142, 0.7039395061362356, 0.0039038808364021908
0.13770345183889957, 0.585111946045689, 0.00041100320216634563
0.18856983263687965, 0.4871549338956494, 0.002364337306545342
0.13396645599420706, 0.6264699390627627, 0.0003176494632584072
0.14389968549739288, 0.468259382516401, 0.0007788543285033188
0.0931466761641592, 0.49740381985406457, 0.00010183194958252163
0.12409345553354581, 0.5035966480718352, 0.0003509904496211363
0.17542203616143295, 0.5458600324101066, 0.0013701671577253357
0.11274070425730133, 0.584813818344461, 0.00017064199362271204
0.22912260620221847, 0.6113059941539387, 0.0035379160812730997
0.1631858010279303, 0.6504647695627161, 0.0007019735623482529
0.11101888103467378, 0.5409944313578496, 0.00018634872634687192
0.20528971992533862, 0.5014096092108288, 0.0032433684028301
0.18455689490982746, 0.44955765296876554, 0.002525621788971687
0.22387458495440252, 0.44845173322620646, 0.0059368431580255655
0.12421314279148993, 0.3989341855215274, 0.0005616950688962162
0.19016682508032698, 0.47986693384247614, 0.002528815661718229
0.18684362564286958, 0.5155314889264719, 0.0020274957895787217
0.1710750721916267, 0.4587309999835386, 0.0017372860730111188
0.2007117257214573, 0.7063268716755994, 0.0014800436271432877
0.16505351837033466, 0.6399042862709451, 0.00076257913606887
0.18563732880030262, 0.44075191874990816, 0.002695906590595102
0.1614089081798265, 0.6935708236068184, 0.0005883899761887056
0.11211126256185824, 0.4941964565386797, 0.000233143501230995
0.13119559857597293, 0.37071769103573543, 0.0008274162415780091
0.16965479896605246, 0.6732032636941061, 0.0007776148160318325
0.15398145799992574, 0.40464209452271155, 0.0014050276084125342
0.17292771921779845, 0.5711212637773443, 0.001175204745905517
0.16064047876756438, 0.6622507700523341, 0.0006319502768106782
0.10901590784490997, 0.42807314564156174, 0.0002747169033891855
0.10503106018191666, 0.3369528365218276, 0.00037637932627336204
0.18071323486054064, 0.5570812025082862, 0.0014992867835445592
0.11145504230859471, 0.5078884181628754, 0.00021511369050751457
0.13728442643217798, 0.5157518962173209, 0.0005219366985583497
0.1306559629881326, 0.4472113448514654, 0.0005583530691079038
0.1978537325576535, 0.3759620727106239, 0.004904474905287726
0.19028794391220138, 0.45107940593368606, 0.002869918085211113
0.12324727736282187, 0.60206034668519, 0.0002382901653066738
0.10674739586339474, 0.6772476007800521, 0.00010005597277943405
0.13108114681681884, 0.6889254163913661, 0.00023867036900975132
0.1903786451109047, 0.4875812259836012, 0.0024614565080819007
0.08383701579799241, 0.5908082399531147, 4.541406512001683e-05
0.22634557169558162, 0.48036995407537825, 0.005430140113169226
0.21317057665935266, 0.5293373635176221, 0.003434794362045352
0.17226135917106183, 0.42243819951431844, 0.002111865022290316
0.22384162041363848, 0.3758689007895014, 0.008445644756152667
0.09337556179725469, 0.6066299142156207, 6.920611249336608e-05
0.23236877005449216, 0.4576848687094635, 0.006714519330001082
0.12848991258762046, 0.5726412098793149, 0.0003163912381038196
0.189564696343485, 0.5704939497681522, 0.0017643983097974018
0.23296169046734116, 0.38327107554922124, 0.009682904446108748
0.1919829168587771, 0.6039088529037651, 0.00166486292562163
0.21811882344530312, 0.39514165390885214, 0.006818833947700398
0.13772711253885733, 0.6205623116288898, 0.0003656626917839989
0.2156079559013996, 0.5728768189851177, 0.0030829639072886446
0.1321803318858043, 0.4379309916114352, 0.0006127574824378891
0.23023261439457296, 0.4682048378599823, 0.006160673912546684
0.12576182666522923, 0.4572456844376943, 0.0004515247371721919
0.15487730856050383, 0.6426195799678103, 0.0005714842661054036
0.1990899907997872, 0.4624556615055914, 0.003331525737284623
0.16418904837951795, 0.6171871713823119, 0.0008010258539040679
0.1751410475312879, 0.5601529083996865, 0.0012919914971995887
0.13697878786048343, 0.6315928425736059, 0.0003446403321177859
0.249603306131371, 0.5476408936537879, 0.006425036861272825
0.12145832768279041, 0.4516908752324138, 0.0003969751944097567
0.18171886540145826, 0.5337603601281795, 0.001673529355021574
0.08795622092289737, 0.649890050608263, 4.635098747689514e-05
0.14124850520532356, 0.5360826390349845, 0.0005475595999437523
0.14478962230217432, 0.45686083474481937, 0.0008407033039168984
0.1284291471512252, 0.4250240456453981, 0.0005731373735083958
0.17284091091333842, 0.6100685781196163, 0.0010276693111985744
0.21698165384035972, 0.5468503376591924, 0.0034792865181888814
0.11503988144709677, 0.6150892689615834, 0.0001685864512036225
0.14314191915515787, 0.42340045524099734, 0.0009307591894526843
0.1421450425806303, 0.42278126704167085, 0.0009052196734868944
0.15466498248227964, 0.4200846257863027, 0.0013292819498503024
0.07952538504648624, 0.43976972841932715, 6.497415929172463e-05
0.14054235041035515, 0.4500995187331481, 0.0007598021782202565
0.1370230614998624, 0.6713399343598645, 0.00030547316673113
0.16953258912659133, 0.5643685911847837, 0.0011029460807079582
0.2238164541073024, 0.5237116978408091, 0.004348166805893572
0.08453256430427003, 0.5109341122485355, 6.297118855622157e-05
0.17884288144245217, 0.6878422935678344, 0.000939427874590113
0.19696005216658552, 0.43728479795021913, 0.003553865609308963
0.16725916972776242, 0.6327095613230871, 0.0008269377600643515
0.1498234519441764, 0.7632580342410427, 0.0003500855971643019
0.18949517909063052, 0.547326758069374, 0.0019138348758479136
0.1548681224735686, 0.5630522418341442, 0.0007442202099423818
0.14786247731327876, 0.7417546847768957, 0.0003498004833199989
0.19373026057549625, 0.6965123079099288, 0.0013024982315214969
0.15716584034587602, 0.6171222377226905, 0.0006609968716777011
0.26683098380574005, 0.564780141704779, 0.00810301408560158
0.17914476705451274, 0.47284354529157435, 0.002002760994057249
0.20112658085018745, 0.4269003074862009, 0.00408863773759628
0.21327454338022692, 0.6711860768669671, 0.002140975565946554
0.20155096652331422, 0.46846837515130885, 0.003426879511431175
0.19785943132989328, 0.7271006149762802, 0.0013114344922081091
0.19544360606590716, 0.48080287349354495, 0.0028413598746274606
0.23508263475279376, 0.4817380494681512, 0.006378439129884847
0.16571702846215156, 0.4098342172336437, 0.0018921905566469841
0.19041140743917948, 0.5459875063612415, 0.0019644886546218623
0.13858423068294334, 0.7307387948254706, 0.0002710081522674736
0.242425764157545, 0.3313128439656169, 0.015439596791438848
0.1638343999607101, 0.5184182040342975, 0.0011245734556115574
0.20143881329051888, 0.40737067373737645, 0.0045208099827234675
0.13647359883146912, 0.5437124083847602, 0.0004575530370992823
0.22433628306203834, 0.5392603037289253, 0.004143113977046322
0.07675116444076122, 0.49882826434528305, 4.319541714981219e-05
0.11464386120293463, 0.524123528940587, 0.00022868734089533273
0.10549715830160264, 0.36861455350574723, 0.0003206862152116654
0.17374534633281785, 0.5254418525293432, 0.0014175375413855592
0.16659197133933068, 0.5379416279758692, 0.0011240185735358825
0.11012014577983867, 0.41331412989375815, 0.0003080485815824699
0.1448325654181132, 0.6201411487997631, 0.00045687372381267045
0.13761925329106833, 0.6312087807256497, 0.00035221536758651343
0.1772116765016234, 0.5738106200303306, 0.0012965671197601918
0.15731174041175783, 0.393451203720055, 0.0016328005513108694
0.14742844139476124, 0.6327895566024867, 0.0004744657826102508
0.16128410614266037, 0.5581884057159584, 0.0009053305788052315
0.19261063597014919, 0.46812191515120977, 0.002810872313459638
0.07840623506328993, 0.49026428457259696, 4.9118831371694225e-05
0.15313169746410546, 0.7406361237982699, 0.0004093007510484137
0.2153660134811229, 0.5146636594627991, 0.0038010049395438856
0.23910246125869353, 0.5612878160624475, 0.005062493426417055
0.20559118543850707, 0.47252624021196027, 0.0036756469887444057
0.17800036929943938, 0.48749390541167975, 0.0018318060568827837
0.26032382379731667, 0.5787335514356372, 0.00692260896832682
0.13912485555274515, 0.7671758705579482, 0.0002501248399681798
0.17821880103724588, 0.5067917970506289, 0.0017041280349808171
0.2055471897404344, 0.4854830247261665, 0.003478793020663808
0.15233042095911084, 0.46579926677732075, 0.0010111824463004467
0.18967275064206626, 0.6182195483604269, 0.0015062677462823997
0.1553186551382026, 0.6703427019143048, 0.0005318094624411049
0.22375322013717158, 0.438797969410779, 0.0061861660486851565
0.18522855228723628, 0.5873090677718543, 0.001503652176172714
0.18391816987047938, 0.45989072980853113, 0.002376867584386551
0.15086966892720086, 0.5269874256112989, 0.0007572057721577541
0.11901071724702271, 0.42944861215444186, 0.0004015338928902866
0.18948279885090114, 0.44022209608610735, 0.0029575309842116435
0.12090100213552599, 0.6904501380562174, 0.000166491788483405
0.1878684492336948, 0.5200855883957749, 0.002040671973902725
0.1696382883626465, 0.5121770722581652, 0.0013428599163388061
0.16876672805232318, 0.6101208306265702, 0.0009251161150477865
0.16815763973723957, 0.6048646644286092, 0.0009264084799027456
0.1039419388732204, 0.5478851958714737, 0.00013597727876816333
0.2273581992134321, 0.4193347632545213, 0.007267263274554009
0.18422190745329764, 0.4314896097144647, 0.002719736446574156
0.1703821148583472, 0.6620508729772518, 0.0008193110123016125
0.18106356130632087, 0.669952274586729, 0.0010455259612935448
0.12237992383365248, 0.5357302550053575, 0.000291741583382332
0.20471361947652755, 0.33379371734813706, 0.0072286171458808045
0.10606352571434215, 0.6947001845026901, 9.244038191327543e-05
0.1493017997864068, 0.6549743703123792, 0.0004681698851594694
0.09159786915520536, 0.5417371563737474, 7.974147799861914e-05
0.20863475795599526, 0.7035657761106909, 0.0017687147598400858
0.2151766193041061, 0.6257832126908313, 0.002561040412978633
0.12481590937540785, 0.5642240723050304, 0.0002868470803646133
0.22126737457459797, 0.42969592495220565, 0.006141577144075044
0.13876172763991715, 0.7598577583476436, 0.00025205073351587166
0.15478867369490568, 0.5504938895404894, 0.0007768072663885106
0.233954360067333, 0.5520021744539467, 0.004756213601680296
0.15620653191991407, 0.5427621149826116, 0.0008318083629044168
0.1578977517516191, 0.4330732837342255, 0.0013699265255245582
0.14216290675042564, 0.4443046117267331, 0.0008200945991329357
0.18155706804924165, 0.6746142966463055, 0.0010435487039663282
0.1808560758073423, 0.4939776958884705, 0.0019134489135575082
0.21463742657480225, 0.5478887633022641, 0.0033043428460520978
0.14680952049382856, 0.49905467628789557, 0.0007488385731638167
0.09899858637141884, 0.3653727060009784, 0.00024675233099998777
0.1465107861796245, 0.5781401734177883, 0.0005530008960547636
0.15038173419378778, 0.5712673500028952, 0.0006352511811070042
0.18266156374216397, 0.7296611738939595, 0.000916159260015147
0.16364496663172073, 0.5262259668914753, 0.001085907958069272
0.22523276591271307, 0.49560043946010446, 0.004992078890717968
0.1859370502989445, 0.5557418692397257, 0.001707771592456774
0.06201019138604656, 0.4613553673461939, 1.9757512153663162e-05
0.17841783088477728, 0.4113924543874052, 0.0025988521690672828
0.17791201147056274, 0.5930616947935398, 0.001235006762642889
0.17660806200204035, 0.6824167349680063, 0.0009030522299711229
0.23258650614715448, 0.6100443280295175, 0.0037950279209425486
0.12262923119289289, 0.32205357759641745, 0.0008145603484459446
0.1850062711858134, 0.5297633234701883, 0.0018383258796880024
0.14608648295968574, 0.6522961118087494, 0.000428904363989734
0.1745642002349834, 0.558605697717881, 0.001280436307193154
0.1390828510106358, 0.662772579634143, 0.00033468835683286743
0.1269464393753666, 0.7708232239490355, 0.0001655718958584738
0.1737873096550755, 0.6047462685581324, 0.0010712700588089291
0.177889115082377, 0.4585802322513414, 0.0020643935142370296
0.21770465634219413, 0.6732928465202124, 0.002329034145383408
0.14713751073907813, 0.39354292678042146, 0.0012160870233221626
0.17766427055165654, 0.5280294917307672, 0.001548424253545737
0.24840026135174392, 0.6008986852458976, 0.005224351664003981
0.08669742567166652, 0.6737348798580374, 4.047763432296702e-05
0.21933647925460714, 0.5705962650245996, 0.0033511654288342963
0.19525479887548736, 0.6510391514798792, 0.0015431183545535107
0.12942883345637263, 0.558235448132595, 0.00034376973367063505
0.16201086330126663, 0.6609646068444028, 0.000658572644593452
0.11071203315769709, 0.492624544456619, 0.00022201945931501533
0.14390952212089958, 0.42564074714607575, 0.0009429169438867028
0.20931959821193782, 0.5430687269178882, 0.0030117563540964488
0.18580803793091963, 0.6160335239024792, 0.0013856099461736228
0.1751550818846354, 0.4987497735312775, 0.001630273766698272
0.14519228388281602, 0.7055143253255342, 0.00035686650373080545
0.17909787021646809, 0.44403436916163297, 0.002268457137799213
0.16751507728575807, 0.5374389867769663, 0.001153837715487812
0.2450388401840917, 0.6064952213529929, 0.004829974239780743
0.202232410119092, 0.5616431202634676, 0.002419849429957544
0.17804078398469603, 0.6121029570590322, 0.0011630616426866237
0.16574249730432272, 0.640412099244434, 0.0007754537571589348
0.11879673731868584, 0.5227678067949233, 0.0002688364087442939
0.2156099814568603, 0.5650008229215523, 0.0031696457748858742
0.16179519393426214, 0.5014198559747284, 0.0011376575567456943
0.22359096067584988, 0.6652266595062989, 0.002683028404194588
0.07434616382039004, 0.6821889782000208, 2.0076785695225025e-05
0.17503426946797068, 0.559497197305343, 0.0012915512561820148
0.21962007025654437, 0.6982108672925836, 0.002250865807448968
0.1910563523850619, 0.48473942273812026, 0.002529645914293915
0.20648367630739217, 0.48726207064885935, 0.0035232046424045773
0.22197359148559087, 0.7186262434126212, 0.0022268220345578503
0.14522317504777452, 0.35979423369657093, 0.001373458625182978
0.2280432891720802, 0.5824990675578225, 0.0038163793063088806
0.16718756950071903, 0.41088071038404367, 0.00195718519508325
0.11180350243386784, 0.5782956425607934, 0.00016821698931449957
0.18110579762329435, 0.5163017533859138, 0.0017622237573643124
0.17766973323572166, 0.7767691448528463, 0.0007156178193684153
0.15450734889463705, 0.691078019880597, 0.000488976464498813
0.16758182621748868, 0.566598210400807, 0.001039953552897577
0.12431851093420576, 0.5363586825996122, 0.00031189813973296496
0.12829479002011418, 0.45915921501906415, 0.0004888312670475956
0.15873163839097937, 0.4840106865910294, 0.001122471676637536
0.16128153185198837, 0.6857619465535926, 0.0005997794030263268
0.13735686620491547, 0.33367901177911524, 0.0012498265920713265
0.19012885788572276, 0.6471980016636604, 0.0013890022046919729
0.09697742714883967, 0.5431145345718029, 0.00010198444605577838
0.1747022132675757, 0.5419496476842435, 0.0013650891391398592
0.0974416437498336, 0.6413442151116499, 7.468953921216974e-05
0.13286606929151437, 0.43153135863067216, 0.0006455994605158076
0.2058289877164869, 0.41137673631813954, 0.0048743331426559676
0.17864532077147977, 0.5235464264113006, 0.0016136849078094465
0.1796354620429484, 0.5942637653833028, 0.0012833128055658315
0.18755129335681076, 0.6681504347870355, 0.0012272856756698658
0.15519848104219347, 0.5580999616151053, 0.0007646219551088899
0.23638850646463808, 0.4002623343743068, 0.009467436892476097
0.15217121199109482, 0.5800271944027618, 0.0006491307519266773
0.16514653802660148, 0.5183691449227751, 0.0011649661240738256
0.13366356376675947, 0.4681116087641227, 0.0005632801326537303
0.1434655499757992, 0.5209107502521453, 0.0006210532199589464
0.16909015478806566, 0.6461153436063993, 0.0008318909571880689
0.19374098262037706, 0.6509223883364316, 0.0014917019934265218
0.21521343807027554, 0.5879511864948044, 0.0029034118897570496
0.1576908624366107, 0.5951865294146796, 0.000721121485178055
0.19953313841560605, 0.4927093431622233, 0.0029638106144184435
0.23152552676356694, 0.5149461765266039, 0.005220081669265256
0.2736497036531289, 0.5633946228759079, 0.009099099690658712
0.17970937530359216, 0.565146390576169, 0.00142152732591669
0.19727017108515738, 0.564937207134938, 0.002144054365497086
0.18505218422608016, 0.6664615004418707, 0.0011628141622781602
0.13404110926392662, 0.5241672791734762, 0.00045485538581269515
0.15978665933205416, 0.6630762663177667, 0.0006157681267703483
0.1578364003000163, 0.6449914945053704, 0.0006165516428629526
0.1754167554208728, 0.7376729743793602, 0.0007501547723145624
0.21894089222863924, 0.6238360426313839, 0.002781398775902316
0.18117099054397212, 0.6827242438135053, 0.0010094047538033058
0.19623387093929995, 0.4864546887836974, 0.0028254432026816336
0.14781920741629867, 0.41502471841700483, 0.001115921885295574
0.12273579535974456, 0.30119253012366415, 0.0009348694443345688
0.21525238276736797, 0.5428707616325604, 0.003408348945683034
0.08962184923851681, 0.6111136730876711, 5.693024583369779e-05
0.1725446476986812, 0.6252432248612829, 0.0009710340824961485
0.1448181266184756, 0.47181555116297086, 0.0007889368923877804
0.14009418033946655, 0.4975067657873101, 0.0006132200283163886
0.14812822229284806, 0.6048528064835178, 0.0005302404613633191
0.1567006885569175, 0.5838570146947504, 0.0007288948361859957
0.13909859213825657, 0.5424797746452666, 0.0004998259803350925
0.15671437829373885, 0.5137523371079145, 0.0009417533856118359
0.16683203758476636, 0.5496280239695241, 0.0010835719616294752
0.08881857331852742, 0.5467786148601533, 6.835330917451324e-05
0.16070046618698922, 0.4984876896090307, 0.0011172038482654028
0.161286818080051, 0.4697615479787144, 0.001278338924540367
0.2167863826336656, 0.3991371998797848, 0.006505224346504001
0.10364432870408799, 0.6589263585990891, 9.2830892289291e-05
0.082801151486625, 0.6236387905380831, 3.858866126278546e-05
0.16890883740775803, 0.4940329299631427, 0.0014161998403070188
0.24571815785852874, 0.4576682383185534, 0.00858594797602035
0.1982776505477106, 0.45548992572206415, 0.0033729733329496453
0.1912837146930658, 0.5748808680314055, 0.0018079789641033538
0.1595831101163981, 0.3557856346352563, 0.002126823980816739
0.1629241009038797, 0.5624510508194395, 0.0009322489382310688
0.11843472543394751, 0.3176492974694537, 0.0007184192357136138
0.19527091704144142, 0.5036639630399086, 0.0025792261895638794
0.1457145530474836, 0.5402481401515673, 0.0006182899989168826
0.18396972704683298, 0.3562989825023963, 0.003964794976714716
0.1450265006976484, 0.7694330626508066, 0.00029853319486817473
0.19361714377184286, 0.5134244532418862, 0.002390922829111345
0.14728310727164468, 0.6089826819310027, 0.0005100690115647498
0.2485332958583233, 0.406744732684312, 0.011429156253500697
0.23021988571427687, 0.434821190795276, 0.007141229075569537
0.14844987195939036, 0.45238553502216794, 0.0009569730721275918
0.1797389562138583, 0.5493113140942425, 0.0015057558393231471
0.12696218354530345, 0.5522806270755577, 0.0003227108473090801
0.21279591598417066, 0.6953763287017755, 0.0019749884565241982
0.22104149048586047, 0.48634046012818893, 0.004772762415676895
0.15081968120227052, 0.4076110301235077, 0.0012638319287688283
0.2407909395986514, 0.5132605295761277, 0.006244631045736572
0.1456676167576024, 0.5938081934923356, 0.0005110587059497181
0.11694736643093882, 0.579987484081902, 0.00020383868885374596
0.23550815885941379, 0.5043085495793573, 0.00586677519888088
0.09026569668257059, 0.5160915072171874, 8.237824235065451e-05
0.11791978612047503, 0.47657596748155373, 0.00031309996932220806
0.18279409926256174, 0.5716265961351147, 0.001497526791656605
0.17712456382208533, 0.6574506212565043, 0.000985521968249964
0.1993671040712272, 0.4719836522183598, 0.003218009977799275
0.20525912350431544, 0.6117654903053745, 0.0021773428310279896
0.1466536188325654, 0.6536766658015436, 0.0004344383770892665
0.2015888588071075, 0.4023587232097574, 0.004649344962200705
0.18386299944144066, 0.6114925504516301, 0.0013426371353289096
0.14668934384257853, 0.7129301188749448, 0.0003656163949262256
0.16844496591996713, 0.4921977330750866, 0.0014096199540246795
0.1860118973662635, 0.6414118580384531, 0.0012843136774389598
0.18789086464592658, 0.5100687085978926, 0.0021227236572321077
0.13268347503779993, 0.4496821564594602, 0.0005909471895641683
0.14081327332429464, 0.5008048249782195, 0.0006189573187666572
0.11425128740131593, 0.48266451848652614, 0.0002656219737501837
0.18127435060690542, 0.4350280416125236, 0.002492363416306998
0.1613266376756079, 0.5920394063144835, 0.0008056964146052486
0.11940184355368638, 0.6743190385384727, 0.00016522798101582944
0.1843386633173285, 0.44082204884309517, 0.0026130732807715744
0.26683042019827125, 0.6634115246762733, 0.005872666927120929
0.10254193028952104, 0.5739706444224868, 0.00011672209780543287
0.14750537487054527, 0.4287227954071371, 0.0010360179172635897
0.13364460228677474, 0.4361154644729149, 0.0006485585428348366
0.1280646527893579, 0.45667473979702145, 0.0004902761117449674
0.16883733178965613, 0.5914841019541384, 0.000986145637512044
0.16897333203122963, 0.6983895683516381, 0.0007098561499441304
0.13308885622775984, 0.5979905298542039, 0.0003386887198415498
0.1666040492633203, 0.5084592718024372, 0.0012585485866158218
0.19948900929889415, 0.5598563630350408, 0.0022932750369160115
0.1783678513352119, 0.5826522781593326, 0.0012940169185949497
0.12996888560300807, 0.4804772413745497, 0.0004726216293311762
0.21239566931934412, 0.4097854151908322, 0.005640190790646999
0.11473707396087288, 0.7128647745505282, 0.00012406468469454207
0.18164267551746308, 0.5142061674625553, 0.0017999069401193268
0.19245916747478378, 0.6600941614063207, 0.001408782560308594
0.14826544759035867, 0.6110783931569014, 0.0005216123126026405
0.157477606712613, 0.48532520600586165, 0.0010781096864170869
0.20947438274904506, 0.501937917990611, 0.00353705597351878
0.046180463893992135, 0.4751542468606193, 5.092290229368504e-06
0.18385177381174111, 0.5907619329544956, 0.0014381338827671797
0.2376012032088236, 0.5637918522101963, 0.004880477367368572
0.19570591677558147, 0.49879157703325133, 0.0026557371016408
0.16889762206122835, 0.6081090473582496, 0.0009344294596082343
0.187946199121571, 0.6637606735938311, 0.001255135084903453
0.1651897650014861, 0.7395530512011366, 0.0005729978946694901
0.23008492903245092, 0.5098812784659279, 0.005180071140382368
0.14132091633798127, 0.7235096378100976, 0.0003012906211331048
0.20842710941266326, 0.4901501923859094, 0.0036283238749884573
0.18925610871059437, 0.5511633945460809, 0.0018768292036280229
0.15467755692313384, 0.5701241646034578, 0.0007219500264244299
0.1613276784825318, 0.3757586803033385, 0.002000170162085924
0.17978607593121126, 0.5047925631699733, 0.0017851167959912122
0.1713251761420738, 0.5617931512519437, 0.0011658058732765565
0.20710691085126878, 0.48247263795573486, 0.0036414698610518414
0.17708001359147604, 0.577235398631507, 0.0012770443798433377
0.15539792075603653, 0.6307878858641743, 0.0006019467922710243
0.13014356892727438, 0.5448762255432725, 0.0003696835391040315
0.18356203450196634, 0.6050330424248513, 0.0013616086626388737
0.18249642681564895, 0.5526208534346307, 0.0015908548905674566
0.15399646087100172, 0.45636159643874324, 0.0011050831880033852
0.2695169593138333, 0.5057071142501998, 0.010562010697512
0.2142159339398298, 0.5137227160710047, 0.003726114123508904
0.2079748587318467, 0.5970200965198382, 0.0024223432507134795
0.2269888418286144, 0.6369000731816385, 0.0031278299864912714
0.14902063442542723, 0.5222280370303253, 0.0007303477973201835
0.11267836870375189, 0.46489690877560713, 0.00026937110267436117
0.17295382258243525, 0.6882221106083244, 0.0008098440231941727
0.20434957446510554, 0.6542464038447353, 0.0018669283667722384
0.14480918064066287, 0.48654795143239987, 0.00074168146140612
0.19759654442207455, 0.5937604094416652, 0.0019551160623832524
0.2029462290281513, 0.6053706629466933, 0.0021154340690872388
0.15793589127251434, 0.4416030606620222, 0.0013189168728276195
0.22029576583965413, 0.45326331695755634, 0.005413670406406309
0.1775315703218333, 0.7221417308697424, 0.0008251513756125483
0.17593766637769645, 0.2815116233915153, 0.005218576742718782
0.16430212381680745, 0.725759355965945, 0.0005810461004513392
0.15869006044305056, 0.6121117769344957, 0.0007010083949224397
0.11937249300436803, 0.5691364194336609, 0.00023169246151014632
0.12898625180180776, 0.7404557570953909, 0.0001924680867717084
0.2120084845839871, 0.5290883082448559, 0.0033563236376026083
0.17168973261731962, 0.576340447683441, 0.0011181053483361105
0.15038531417317322, 0.46639630748308164, 0.0009531463103913505
0.16120142239548382, 0.5004241036097685, 0.0011238606965748624
0.19344775513724494, 0.5030618961381284, 0.002480865989085362
0.15604494104325498, 0.5688549583736583, 0.0007538092328038246
0.1790190249101035, 0.6144633054613557, 0.0011823074208740221
0.21309302810281044, 0.5902884331238677, 0.0027576681966369775
0.18520076639788957, 0.3930155001068379, 0.003355635416813983
0.16611031715866295, 0.4871465195718913, 0.0013532927703589109
0.1858533061728625, 0.6182719649648426, 0.001377070167954986
0.1385684936407065, 0.45535167857858505, 0.0006975828501168054
0.2000454057197235, 0.7259858642635358, 0.0013806237104767667
0.07670273222105224, 0.43219875526180485, 5.738079274981663e-05
0.10467920510099077, 0.6859771580997761, 8.948132752967776e-05
0.21780057808771427, 0.6854411179059763, 0.002251569280205343
0.06629129903429175, 0.5386809910179078, 1.9440674369926136e-05
0.20825972367935225, 0.4071072499778794, 0.00524096778710866
0.1758818183339145, 0.5746330032921594, 0.0012507108930475738
0.2274150150569523, 0.5466745220484529, 0.0042806766695846115
0.2084855216746237, 0.7473519519112966, 0.0015626060944723631
0.1573121431269908, 0.5961994032379305, 0.0007111098803103514
0.1107612152522102, 0.5423293597219995, 0.00018354628467640428
0.16857540975626645, 0.6095928770322785, 0.0009221057182595283
0.12217710563965248, 0.6253118575461788, 0.00021258265757741326
0.11294313807544953, 0.5018997731908277, 0.00023351524537416134
0.1814319573022397, 0.43921425387482144, 0.0024544472499998175
0.10800003834836919, 0.5291435643604961, 0.00017253772322682853
0.1803092172678379, 0.39092279902385313, 0.0030148296747022955
0.18912893636003442, 0.574961128780462, 0.001719586554872487
0.20023888567971726, 0.4838003567630268, 0.0031220983198403016
0.08034443149429486, 0.44751002351898206, 6.563958154955848e-05
0.15535179075903988, 0.582418868868591, 0.0007051582392082318
0.09861802844573007, 0.6545931699105085, 7.55841525643468e-05
0.18249171918079826, 0.6254266566165056, 0.0012418897339499424
0.2285046902733865, 0.5006396600322524, 0.005212594219148074
0.17070974088310475, 0.4861148106170626, 0.0015325855439482614
0.135946936532534, 0.6504261993350064, 0.0003143368643099485
0.12264236910380247, 0.7218156185697601, 0.00016223019290805327
0.14854887417946436, 0.563186809790011, 0.0006192787136267257
0.17187002748551705, 0.6300222384814004, 0.000940014997287682
0.21592265917473252, 0.703044833148038, 0.0020602125283051154
0.17556999027286613, 0.45085543412773504, 0.0020159164758618464
0.15756816671972798, 0.6192166393709686, 0.0006639601008975549
0.22862727311411532, 0.39135957907487806, 0.008550220621949472
0.29776122709280606, 0.5834905132654863, 0.012300368959935864
0.2092215623476211, 0.5090681313788861, 0.0034204434630428614
0.16321091378529634, 0.6882368958859084, 0.0006274605974197041
0.16347781718237664, 0.6412793677657961, 0.0007279310008738022
0.20131755854615085, 0.5418132732484544, 0.0025488595108052433
0.20628771534537116, 0.5578934002313142, 0.0026763706588261355
0.14704036860386155, 0.29919341097882507, 0.0020978904751383217
0.19402423233230429, 0.3348843021415804, 0.005672083313841075
0.155331863427062, 0.6003022358376415, 0.000663395322808557
0.17964879152557023, 0.6118083533373645, 0.0012111613765616134
0.1576468481153197, 0.5722008597972478, 0.0007792632054668962
0.1047676503831421, 0.5577014836636563, 0.00013588202036386734
0.055477264226108394, 0.707482925161766, 5.1480188874883815e-06
0.16269170460871166, 0.42450406511427513, 0.0016263349385308224
0.16919940211780676, 0.5883937646966098, 0.0010059690042077893
0.26444542058930237, 0.4811349826577605, 0.010732741027502787
0.23539941421089047, 0.6331879919079487, 0.003714019837785068
0.0883334092450076, 0.6223641577764996, 5.1502310978115616e-05
0.12399489658648255, 0.6504614271567012, 0.00020965226994438914
0.230892525024103, 0.6176252010058753, 0.003585248994053356
0.18651124159208238, 0.5184433445656451, 0.0019891399858837557
0.14170729308311308, 0.49669473876562975, 0.0006470121959439607
0.2094796585355131, 0.5616879148856846, 0.0028248793869039175
0.17869558374483216, 0.5934745895743928, 0.0012573681222175397
0.15395941590427825, 0.6262180847254664, 0.0005862761227190433
0.13420157813129555, 0.5501345304949712, 0.0004151085008851659
0.08573294910705814, 0.5813903257727534, 5.174643717017409e-05
0.1510862942685208, 0.5708557895882419, 0.0006493866884473493
0.17161342722589693, 0.27011536983222556, 0.005080341045865283
0.16787252333845396, 0.5942204117123115, 0.0009527546708903595
0.20162271654398617, 0.6259264021831742, 0.0019226179272658248
0.148694538677544, 0.6181706311772989, 0.0005162347544704186
0.10423612909949119, 0.7194199515456796, 7.985118248258764e-05
0.12546789880825676, 0.4823772740251906, 0.00040154643007568033
0.2515954259757419, 0.4083391312428415, 0.011967845060911628
0.17375552444932513, 0.5521513902057396, 0.0012840427771162244
0.187488495741341, 0.533061401313055, 0.0019253060357047802
0.15053651669653106, 0.655754249304537, 0.00048429263600633347
0.18777776373207614, 0.5309284447215419, 0.0019540164970193695
0.27359529396014604, 0.6119410094414816, 0.0077059239894380184
0.13702254462112423, 0.6489480598761068, 0.00032691206247908793
0.20241177808716646, 0.4880322190984157, 0.003217409502574684
0.10219827862605729, 0.5274394558410186, 0.00013619853100091015
0.15156084534396264, 0.4767185130311541, 0.0009441146676337083
0.13438122404451996, 0.4682834516202143, 0.0005762860185926385
0.19020027612793544, 0.6696279625968007, 0.0012996540519265804
0.16871823409159195, 0.6706060161191434, 0.0007647929920284615
0.16231620366067645, 0.4206275642571575, 0.0016396935789682596
0.273630818717468, 0.6539176368106363, 0.006752208414744528
0.1956199815949067, 0.46366476818312513, 0.003067438352692381
0.1626230110664495, 0.7624887870510396, 0.0005031526513827314
0.15093156392725046, 0.4554010986458622, 0.001015804345997229
0.1715688701299678, 0.6573534726581344, 0.0008568352705118603
0.20645737611376525, 0.5509996891378132, 0.00275370215890429
0.190838364974181, 0.44118142328789534, 0.0030385087074649955
0.21812216940728113, 0.32360046672167886, 0.010167794863605969
0.13472964480688404, 0.6072319462580688, 0.00034665270964321076
0.17182004793917827, 0.7499294104801133, 0.0006625978205458158
0.2254421805853248, 0.5255810857725803, 0.0044569854687654484
0.25391047290718555, 0.6229488945572405, 0.005353721324619556
0.14076273115315474, 0.4724707838307163, 0.0006943233858172283
0.1999333374558812, 0.5863647729348704, 0.0021111792243411285
0.1645379702919208, 0.5061788309197928, 0.001202067725980671
0.16943275070045682, 0.6387311115310902, 0.0008588516357266749
0.193904196386046, 0.5801441707222875, 0.0018848541346250785
0.20063939484135593, 0.6434121724082377, 0.001780814454660483
0.17438480171493337, 0.5908931383588343, 0.0011391632963576037
0.20628990141640458, 0.5093227795825188, 0.003211313881672461
0.15353728487573842, 0.7011749559689404, 0.00046201286966849605
0.11996456143642661, 0.5119239940108595, 0.00029267659714948645
0.18786960333420522, 0.40920691301368173, 0.003296466405856439
0.15643245633356762, 0.4644467508561104, 0.0011432263974872603
0.2003892273824, 0.4852570024419229, 0.0031136479476764557
0.17153227378209582, 0.6248670499572841, 0.0009473541552244532
0.2105037432064344, 0.5975692258172869, 0.0025499559058245586
0.1845904601736384, 0.45011811716236033, 0.0025213528138199807
0.13166290196619318, 0.6067515429192046, 0.00031374959938885294
0.2195243932605024, 0.6113549470397781, 0.002930240668495512
0.11287168568888171, 0.6375704651880886, 0.00014430572620618816
0.09800234245314608, 0.6158037501079853, 8.308481291524232e-05
0.14736629091577536, 0.6522171353449976, 0.0004457931186852654
0.1624813433427445, 0.5245712531121839, 0.0010589911411216105
0.19855222903933015, 0.6127486066340097, 0.0018752112821932116
0.15779800218588097, 0.5073231165213339, 0.0009955044274691238
0.11856780820935664, 0.7267188589807136, 0.00013793895120621315
0.16762809797980913, 0.6966654483995467, 0.0006887210376303343
0.14682991584058863, 0.5207308297314299, 0.0006882137338379121
0.15734836420067258, 0.54565422351492, 0.0008498155569615877
0.2094660401321651, 0.4321246286976207, 0.004771421662145644
0.12352362178821431, 0.657643093929569, 0.00020169050066330368
0.23103786646076205, 0.5738393261790492, 0.004164771789532095
0.20865628528612154, 0.5651193958303213, 0.002742735606181342
0.1252488934174159, 0.6866276920181773, 0.0001966656069518952
0.11539932885230497, 0.7145186271724006, 0.00012665817678203802
0.1830650309764959, 0.46478284705514955, 0.002279971636970618
0.1987917003317058, 0.4200026330319934, 0.004012491856272931
0.16439575639861267, 0.6645254337834378, 0.0006948024385825079
0.16500700576635335, 0.4643392508099927, 0.0014464572158219987
0.19218418977363888, 0.522158937666552, 0.0022372687487406243
0.170698152999282, 0.4110053983123667, 0.002143273831731251
0.15960984254184654, 0.632939599943823, 0.0006725179879427905
0.16962155954974276, 0.6999552992347615, 0.00071869051602143
0.16147182238633995, 0.702770749015547, 0.0005740691770405761
0.21064885978070808, 0.6185007712089479, 0.0023875116637528185
0.1349565602104789, 0.4790735504710121, 0.0005610674967418597
0.1399641885322856, 0.6780070925808303, 0.0003288303673817941
0.14946497245835288, 0.38108343966004765, 0.0013896301251712143
0.12279517168586407, 0.4675917704740138, 0.00038871370939721946
0.16365040466847292, 0.542224840670469, 0.0010229213546906677
0.19041053410621334, 0.7212262811563922, 0.0011258047660845688
0.17994791511705438, 0.5938568871763509, 0.0012949360064930663
0.12647834123342347, 0.5975488801185788, 0.00027107541583890656
0.15402640479322158, 0.6304379272847718, 0.0005795621532150641
0.19514766569697004, 0.6420271945121934, 0.0015829158813601973
0.13454676407101326, 0.4766668189135534, 0.0005592144510822548
0.199238548598004, 0.6982922097371638, 0.0014660012081799325
0.1259345040468783, 0.6239502667330685, 0.0002439511034505914
0.15092597509602235, 0.43731799455262693, 0.0011013687739410548
0.15022794944473145, 0.4822653786486957, 0.0008873541386511069
0.13529412404011595, 0.5988202319393937, 0.00036307829014544014
0.12963873706511544, 0.6662132458380022, 0.00024309300002327817
0.14526511530392652, 0.4736981383371083, 0.0007933638488733603
0.1689521770884226, 0.6417718182278727, 0.0008401663805122824
0.17440941579207078, 0.48613752740836047, 0.00168405116448092
0.18323095850904786, 0.5598744666699326, 0.001577536908345875
0.11938559214898575, 0.46812298908635497, 0.00034263710876670833
0.1715593258924762, 0.5646242539111724, 0.0011611007204802668
0.10922361146447218, 0.5417583187452036, 0.0001729607110442523
0.16035615769790437, 0.6160547165027519, 0.0007246097046045179
0.151346360930724, 0.47793674510798806, 0.0009334730390473321
0.12819726827456326, 0.5963681465844184, 0.00028880427136359786
0.241970267136345, 0.4937786483691047, 0.006893727326497898
0.23989526692793048, 0.4837100594760844, 0.006916574329528019
0.21504303952403153, 0.5230513501157559, 0.0036558549642131803
0.2305313403057073, 0.728507533655242, 0.0025592322140475985
0.15063655794058514, 0.5327036845019905, 0.0007360175720433999
0.15846808965591636, 0.6982084415981091, 0.0005354756486002611
0.20221634252810783, 0.7778535463510856, 0.0012611354383598313
0.21655686084891174, 0.5967375801870336, 0.0028967811641875153
0.185207882718711, 0.45208085000838766, 0.00253650270598926
0.24144563957582307, 0.32946571289286974, 0.015337361734505254
0.1480961074706426, 0.5412709650146521, 0.0006614978961363471
0.2088097925149321, 0.537734773536535, 0.0030390192122313514
0.16921258072817466, 0.6843858999523441, 0.0007438193059956742
0.09922502483199144, 0.5193835559559505, 0.00012334537162191978
0.20856065212099772, 0.3716595376238099, 0.006328456328056071
0.10899198803376889, 0.7352095481698886, 9.304215198118696e-05
0.12213929205460022, 0.6984160971828821, 0.00017017711981518865
0.19366078540654608, 0.4330876033395384, 0.003363549493660939
0.1717111607914361, 0.424019429150446, 0.002066844907861577
0.2184010721024255, 0.4951590409458543, 0.004367143282546157
0.11027984525241107, 0.5462290249319987, 0.0001775004267029451
0.19018385699461268, 0.5171600811531853, 0.0021781108115124697
0.2039758072097066, 0.3409515048140056, 0.006819095615395098
0.06992902792743436, 0.6125528488573337, 1.9018301604799427e-05
0.2087041494661377, 0.6015783622829917, 0.002422803831428859
0.14431818690737885, 0.5774094631884863, 0.0005188129222781429
0.08768527298672778, 0.5576846961619137, 6.209630239137581e-05
0.17675241711622106, 0.5526890606624736, 0.001381693614584193
0.21142026075177603, 0.6132912845265137, 0.0024676148166938015
0.13167373374165833, 0.6080749558374727, 0.00031249849194199157
0.2501962066405387, 0.6666330384543262, 0.004381546263429732
0.23081961255975111, 0.5438821799966721, 0.004616960423246005
0.19103517703631984, 0.5106888066168566, 0.0022779906538283588
0.20887331691392713, 0.6378999349549495, 0.002162448734350523
0.09937785638398056, 0.535955257111083, 0.0001166227223460435
0.17263245041569514, 0.6968851011736579, 0.0007833976278634927
0.13059443649304836, 0.5317844453121301, 0.0003940607779423308
0.0846794914363911, 0.4586840524637383, 7.87341015880192e-05
0.19605579495880973, 0.5540084537210739, 0.0021697201452338722
0.16819452852621117, 0.572194859561774, 0.0010362157619812071
0.2227032153371003, 0.5319886438387272, 0.004122472032243017
0.1490499295930723, 0.5885489437134463, 0.0005755201569112328
0.09780346311301616, 0.5543102140537471, 0.00010162925912905189
0.2135279499831504, 0.536598069340933, 0.0033671967999392596
0.13647841214719106, 0.5173668415030295, 0.0005054173471792815
0.107877493715165, 0.6866211178811864, 0.00010195941041713564
0.19347755143962386, 0.42662284882010515, 0.003451852560568837
0.19108399611580096, 0.5901969703791253, 0.001707492998977492
0.2088149616034516, 0.6388441632562122, 0.002153412007383441
0.14926533085420118, 0.5485047831772718, 0.0006668442791491919
0.2428106089959873, 0.5244760650652074, 0.0062042922399327995
0.12506676953932672, 0.4709716894203766, 0.0004153371655657243
0.18440577286548457, 0.5969625097314437, 0.0014271829132717576
0.1648118776629847, 0.6164926172105748, 0.0008163183681027437
0.21269907865211718, 0.3792920162597848, 0.0066250196792777705
0.18698735229909938, 0.4382721359609268, 0.0028148288770114284
0.17197452261620008, 0.5916531083020997, 0.0010687440046472773
0.18214390538346045, 0.5434694435464594, 0.00163094783020288
0.1579526630990138, 0.5580994651567999, 0.0008261545055894996
0.2650904762901679, 0.5787106195592036, 0.0074985474712580295
0.1586053319641467, 0.548331331463428, 0.0008715213273660457
0.15990650969694473, 0.4945103270987924, 0.0011107752628092243
0.18722044753308995, 0.5801478292945609, 0.0016152620206345135
0.1988766480836214, 0.6198456219454971, 0.0018457271655216998
0.19473348932022178, 0.5297981113701744, 0.0023029469142231166
0.18567575962333385, 0.5604335679776415, 0.0016689392867551803
0.1556040648483619, 0.48515942344352364, 0.001023502908787292
0.2090337421390876, 0.5359563611510708, 0.0030736837225256285
0.07165180899869099, 0.544430601229028, 2.679664008867051e-05
0.1731414805712975, 0.5187007284362986, 0.001432508276637568
0.10709038829275444, 0.5873713269648595, 0.00013490951559804904
0.19477562051899808, 0.6832033708881293, 0.0013861751891139026
0.16352247211264143, 0.5822154424791472, 0.0008841769940754817
0.16014206457571914, 0.5846148420848151, 0.0007999265017262196
0.15537458118442338, 0.4531575792544774, 0.001165572448682734
0.18281548343162715, 0.6354752673364954, 0.0012123434854330985
0.17162320876142015, 0.5696328491799744, 0.0011426423656507804
0.18299746191179725, 0.24784397189304874, 0.008005113024670335
0.16405292207974773, 0.5149717410433354, 0.0011463799215399514
0.14840009373392538, 0.5762369308723696, 0.0005889441210433359
0.15455169719128137, 0.5208887425624636, 0.0008617882723947534
0.12332164124546793, 0.5655140276305413, 0.0002708021045406402
0.21005183588568052, 0.6054479298435531, 0.002460644191512273
0.22665990211646825, 0.5781182411530822, 0.0037720828058787547
0.20700869425308957, 0.5167510504560058, 0.0031677648763580326
0.18894342165386607, 0.5141554783211382, 0.0021410991347282347
0.09440390692000168, 0.5029916446858766, 0.0001056331460468411
0.17922803677592725, 0.7055166234197707, 0.0009014415345378634
0.22213390808691102, 0.5687189333285622, 0.0035667764971484875
0.15748855901011447, 0.5988735287613132, 0.0007082576990187007
0.17921762723186158, 0.3815777162514282, 0.00308088203732594
0.13938618226249774, 0.633829690786665, 0.00036947709495431877
0.08050387572372118, 0.33797721407866066, 0.00011608735771386495
0.1953413143675839, 0.6779672864682299, 0.0014257470588686484
0.14157592742017117, 0.5628821433039994, 0.0005017465341337849
0.19598739303810472, 0.5523016140251086, 0.0021798021227287367
0.21147393184847807, 0.5554463922057337, 0.0030116998875053687
0.21548247410097937, 0.7555439355528131, 0.001767905487033629
0.23336649156037764, 0.5735285697759249, 0.004357377341118489
0.13591759741491882, 0.3566490171375264, 0.0010444721531701784
0.19421587379722421, 0.8742583722352997, 0.0008358706552811782
0.11967065837431265, 0.5286529392754977, 0.00027150034648233397
0.1856544558572656, 0.6259484104149532, 0.0013371880124707605
0.13850336426333118, 0.5715149123222331, 0.00044191239493578967
0.20994897262049406, 0.6315689784947802, 0.002256445422150671
0.13195730624100813, 0.5742050218861293, 0.0003537847154033183
0.16950651326993868, 0.4472516800621082, 0.0017550199369395514
0.1406554542517475, 0.7024642261687936, 0.0003130447425204921
0.10815471104143748, 0.5424500118247227, 0.0001652138276557874
0.18059767955743594, 0.5371228884177273, 0.00160824462408665
0.11163863495558514, 0.44550656517922993, 0.00028160577558512383
0.17325081968867467, 0.4569849953790025, 0.0018506885031722277
0.2220291498531501, 0.6448791459857806, 0.002768300388026508
0.1635372661595032, 0.49361134223640857, 0.0012305783307338105
0.2766532638673582, 0.4610604312594328, 0.014255015867842733
0.18392082771753093, 0.4429325950881526, 0.002562516270083087
0.17601064779252162, 0.5721298658027348, 0.0012657501890549956
0.14346594419104658, 0.5962450761749334, 0.0004740357521843737
0.18803842228353032, 0.5174613120428072, 0.0020696416725562413
0.14614269836142643, 0.40428775765704206, 0.0011184177529445065
0.19554739636369303, 0.5687559700424764, 0.0020352741987021304
0.2499794320144683, 0.46300723872757554, 0.009048345055393455
0.16165499741615136, 0.4246058603090319, 0.001580469514432514
0.19964703965542002, 0.6679403125208497, 0.0016167662541624061
0.25173776515876445, 0.4360479917736935, 0.010521318171234036
0.23547143485496552, 0.6001110710341838, 0.004140290673742549
0.1759684446961504, 0.623231839349234, 0.0010655644746550964
0.11675386236708707, 0.3571258339357379, 0.0005337241947054437
0.158258501762751, 0.6158569619262979, 0.0006842600839277367
0.22065272019962334, 0.36436740859194516, 0.008437381896314513
0.18174317403508805, 0.6599774480596866, 0.0010952755252960362
0.20126732284401017, 0.49398583663624407, 0.0030629456469074222
0.13552686579309342, 0.6181989323939627, 0.00034325836795498244
0.16615344341577856, 0.626898852758456, 0.0008181106948846232
0.14469573959759555, 0.5232521000735386, 0.0006390711473930757
0.18763569022899093, 0.4218372673521753, 0.0030850626181410145
0.2137738573208516, 0.6901311314509363, 0.002045987010090172
0.2250263647475881, 0.5652117942951045, 0.0038227020075914516
0.24046170825485025, 0.6389648056759464, 0.004005106831921856
0.15450180680008402, 0.6178244746118071, 0.0006117068663498492
0.1401172371351328, 0.5922437895900994, 0.00043303974008992595
0.1881501973755035, 0.640138276921184, 0.0013559350539559289
0.15774606692722354, 0.5990198720365243, 0.0007130188513877237
0.1605347871634267, 0.47087275813834006, 0.001246416114170985
0.11800652091528371, 0.5625301398319289, 0.000225455447488181
0.2238794091840875, 0.4229016184941493, 0.006676509511085871
0.10636060835913771, 0.4873667950703056, 0.0001901470532819174
0.20743969587244615, 0.5830435778864839, 0.002511239188453707
0.23441907607402102, 0.4302135715444346, 0.007898900871393505
0.11948705338952118, 0.6298154031343113, 0.00018999890035976705
0.1751373652058244, 0.7165395229257474, 0.0007895004259920374
0.21123842028258055, 0.4834795618821252, 0.00395558267265588
0.16672328907191966, 0.3906813532338138, 0.0021384746950514778
0.2148056263560289, 0.36727463356799933, 0.007378785745733899
0.20575018483752489, 0.5425488902198706, 0.0027975970923751863
0.20431189542193112, 0.5829332360129467, 0.002349742838831805
0.1879237626030478, 0.43228488279050165, 0.002957639769858703
0.12651353402709178, 0.5635286947587006, 0.0003051662997644534
0.19569982637327785, 0.7428275634857973, 0.0011972581826214493
0.14333882253978383, 0.6312170812780009, 0.000421317283329912
0.25750549203014916, 0.3656052052237776, 0.016534906333672397
0.15129110760620565, 0.7740559757841019, 0.00035530402878947696
0.2139508699718784, 0.46663584248191997, 0.004491501599972532
0.1791318333840647, 0.3442921519371482, 0.0037763465541634073
0.19908643726791578, 0.7148290389447293, 0.0013942636102000203
0.10369736158957009, 0.5770715336814927, 0.00012130662029787239
0.12554614334999512, 0.5853347178029145, 0.00027345897657111133
0.20580830388149923, 0.4557859656244576, 0.003968996645285706
0.16282964613347745, 0.4622150239860599, 0.001376908526496503
0.14725915343064921, 0.3753086873240057, 0.0013419946371309036
0.20390161706706392, 0.3790749514466578, 0.0055076542512212156
0.16750660174702475, 0.44199704060618944, 0.0017055625740085899
0.17609574414449308, 0.5100784644223333, 0.0015958310313229879
0.22152045466508233, 0.5174097413639733, 0.004257136398989788
0.13521797318310086, 0.5791972835299262, 0.00038713667953598266
0.16671604906852502, 0.5248594294933718, 0.001184623902311311
0.15841059083955894, 0.5769308778817569, 0.0007830128169590785
0.22218179524534412, 0.4268814159317477, 0.0063367806658556
0.20316028168193395, 0.5532796635709242, 0.0025442936253971026
0.13569625821057613, 0.6086240748741175, 0.00035609533170433193
0.1911902582579109, 0.5890804570349851, 0.0017181695190294675
0.2300228077657188, 0.5658534214292646, 0.004200973734691334
0.1808859713587894, 0.4875105617310343, 0.001965981103921556
0.18581819176857736, 0.5433479249592412, 0.001781550270662946
0.0981005764036376, 0.6761276910442914, 6.922505530524507e-05
0.24565909342489295, 0.8347073670256318, 0.0025784690400076243
0.09234359706641108, 0.46644966522353615, 0.00011146696882962867
0.19382942756355753, 0.6091955259911233, 0.001706472227782645
0.15642121757099445, 0.5753277315130786, 0.0007447940425085517
0.16570473849388734, 0.4941335854868354, 0.0013012203075667527
0.19702964062235126, 0.5331947736483089, 0.0023940488968167044
0.18627713991794803, 0.6494258178039292, 0.0012606916213858406
0.11871056324345766, 0.772154073336953, 0.00012283190065698495
0.09723526895585476, 0.6425979402400868, 7.370756192407788e-05
0.20029338054880913, 0.5888441093803116, 0.0021100767516610986
0.12203069459605148, 0.38207991688787013, 0.0005663976492683641
0.16092250149494405, 0.616502516788539, 0.0007348691213980435
0.1410521125652211, 0.42770209405945864, 0.0008549748942345127
0.1559295683965781, 0.3957016736541885, 0.001552799636372613
0.151246102793192, 0.4870363413380789, 0.0008963004389130641
0.18802622216818365, 0.5495682263699868, 0.0018343563807945809
0.2272676528021968, 0.5282235994364036, 0.004571890852779286
0.2698891060848765, 0.6477522584193638, 0.006476846236795973
0.2390439197744988, 0.652431221009874, 0.003742814589398318
0.14208777104946213, 0.5532707299570987, 0.0005276427722535397
0.25467415874125643, 0.47397151362733503, 0.009371193138396634
0.20476262386422073, 0.5193547406055149, 0.0029891018638619252
0.23094692613854242, 0.6817068935329065, 0.0029459416815427126
0.20009840261647552, 0.7152143712634538, 0.0014241815905637364
0.11949672072818499, 0.6186128125347577, 0.00019701278944750386
0.1587590020987696, 0.5337387875044072, 0.0009237557475733157
0.10606502420652782, 0.5212935433652657, 0.0001641794759834767
0.1841508369085193, 0.4764171716556598, 0.0022271801671020957
0.14344841348932508, 0.3479801576856566, 0.0013909715051531372
0.14651876579212614, 0.5001554239833441, 0.0007390711314112236
0.2282244550820703, 0.5593587226116558, 0.004153159919985949
0.1672130901380934, 0.47834145121478927, 0.0014450373215998287
0.17838228218202593, 0.5524689763001752, 0.001439785038333075
0.18971106295825585, 0.510288464702368, 0.002212799617416525
0.20303748886906545, 0.6157590468337867, 0.002048706389777151
0.20639761970111073, 0.48138557575374896, 0.003603133577232363
0.17638457327392254, 0.6101575689907286, 0.001123333021122408
0.1110756060502941, 0.47040588593909827, 0.00024702598823491095
0.20524336435227414, 0.42398343126307236, 0.0045316073928662465
0.1755057799886467, 0.5100153167074855, 0.0015728297813857102
0.16188537862392408, 0.6360256451968318, 0.0007088105846590656
0.12095464534880263, 0.4815436709696675, 0.00034295233907650666
0.16320970408435972, 0.41645669105065497, 0.0017135962744080913
0.19634628288198766, 0.2860051594613091, 0.008194415299835157
0.17964509119563582, 0.5742725648274849, 0.0013745398004931905
0.20221936111035352, 0.36597066997141936, 0.005697618471887815
0.17614297199273468, 0.628762581120691, 0.0010514773642823127
0.12692803423502058, 0.5159846827921114, 0.0003692712664204118
0.167598231215976, 0.5707481411721762, 0.0010253269710693304
0.09736951915109526, 0.5627503428146319, 9.669314183781595e-05
0.2003692469934981, 0.6799123509484926, 0.0015853192274165647
0.13238756057683393, 0.6704409272533325, 0.00026325246834029846
0.1468838531251755, 0.630965266369124, 0.00046950566942100306
0.15876176491811025, 0.4984004300626155, 0.0010594759932713515
0.1981246290908058, 0.503602078116628, 0.0027499203992498275
0.2026557304439273, 0.4389100951417824, 0.003999022682279315
0.13337684327609434, 0.6083188323157194, 0.0003304131212919739
0.18577554199525606, 0.6019445356473373, 0.001450115208296357
0.14073505296192176, 0.5958577944980767, 0.00043616487015163044
0.14288359309498608, 0.6290928780388634, 0.00041827196505367294
0.16936635963600016, 0.5890745825986127, 0.001008009909220121
0.1506537044543192, 0.5722876330844107, 0.0006380406684876166
0.13949807736067918, 0.41978833646489566, 0.0008452892348776285
0.24821031928439577, 0.46405355312421753, 0.008730456619533235
0.17472243204592378, 0.4524655851381339, 0.0019594262612668387
0.14045880410568284, 0.466887104784104, 0.0007042998424366131
0.16440183964018143, 0.4762955223221602, 0.0013527024002507936
0.16363517535902364, 0.43253194921833493, 0.0016068925738203625
0.16571330231360815, 0.5991337456067137, 0.0008853006249455022
0.20620642211602347, 0.5245352548940436, 0.003022359722678145
0.1491384732640834, 0.47774954901568495, 0.0008757093249425034
0.1748321726109445, 0.40742070576058864, 0.0024233361640592947
0.1864101218270799, 0.45008437644177757, 0.002632957074882609
0.21357153758929934, 0.584987870983639, 0.002835717876122826
0.17857969608325783, 0.5336361076453295, 0.00155073158106793
0.16819917826419245, 0.4812763066720367, 0.0014648796986970816
0.11237983448217981, 0.6508384452877494, 0.00013584648538740707
0.20076727656174984, 0.7336330396870224, 0.0013735896682698753
0.18316067018957155, 0.4471271964916366, 0.0024692525405444945
0.13772439804110542, 0.5387177119889962, 0.0004851670214124159
0.14424236471861676, 0.4443307784825472, 0.0008741009051129168
0.15558388109370996, 0.48851149503229885, 0.001008928909292804
0.16620310623519344, 0.582202627548174, 0.0009497947708891819
0.2101250100786902, 0.48296124260843737, 0.0038729636834514917
0.11704955365376232, 0.45869707730833986, 0.0003271454645596923
0.14012650008455216, 0.6282944606991073, 0.0003848829253302514
0.2024504291130676, 0.48422406536881846, 0.003270961596065572
0.14439771796451067, 0.491500016465832, 0.0007177683012225605
0.11168709407910579, 0.39837690173009443, 0.0003528505185866469
0.15623412026553593, 0.5045992044441309, 0.0009631339102293789
0.1268617121735217, 0.6641384559820367, 0.00022238379753975395
0.19339321777798857, 0.4650338363876483, 0.0028996010158706034
0.20051881979275787, 0.5333590659811499, 0.002584694085448002
0.26871498305514563, 0.5186477103395046, 0.009910721003494041
0.11409376555102929, 0.49904970398123244, 0.00024696232965771
0.20671966051897178, 0.36040145587469047, 0.006472509095530679
0.22853785085928432, 0.5542038738664533, 0.00425640156741779
0.20019334155957844, 0.5744064638682845, 0.002212613850440333
0.15354706627713496, 0.5762319378174625, 0.000684280159036611
0.15690802845245608, 0.6443588531635721, 0.0006019342089067118
0.15922068122657437, 0.4959323109328738, 0.0010837242473456365
0.25525631618321565, 0.5925569736680307, 0.006056228574086318
0.1766647117141459, 0.6539076392898945, 0.0009849002208726046
0.11768273694048614, 0.49734412697609515, 0.0002849627244662395
0.10189565352033508, 0.5720748064225541, 0.00011427340081793313
0.14630427450355526, 0.6281229226162282, 0.00046559410941795967
0.1157253066257318, 0.6187547390334578, 0.00017100685401057032
0.20786447376920505, 0.4942576778224622, 0.003526080614427186
0.17934363272574447, 0.49043678021240567, 0.0018707599626210873
0.11432194925967992, 0.5975072280684444, 0.00017380005202804506
0.1450648013485964, 0.40750940890504705, 0.0010655249551890025
0.12611188684907534, 0.531877701577812, 0.00033780714714683
0.15260441313621373, 0.6529417764852672, 0.0005186951577002431
0.11697362441415236, 0.4284845006923761, 0.0003738372973908371
0.202401020692387, 0.6163262915744175, 0.0020168814916048886
0.15208876843947566, 0.4539717470594924, 0.0010571477169352488
0.16200728158879815, 0.6056488738676291, 0.0007842888163370018
0.24838705615549103, 0.5330505990452914, 0.006637376464129015
0.08985728822608806, 0.5753944231642427, 6.496346121335215e-05
0.14308034530144448, 0.403321413697186, 0.0010238002840040844
0.12025159044159733, 0.48473354647857597, 0.00032988258704430903
0.20575741824839536, 0.387505346982971, 0.005484975685273698
0.1441003503350076, 0.5025742166205093, 0.0006802861820639253
0.10151956077658497, 0.4626345307720921, 0.00017191296051376334
0.11185076545290026, 0.44774316974075706, 0.0002811378922864222
0.21185605744281677, 0.6399130629661378, 0.0022871984276759995
0.15567664588663985, 0.5981087941693018, 0.0006748212832654725
0.1793537056002338, 0.49891786255689197, 0.001808145390303476
0.1719727949000154, 0.4785568150203574, 0.0016335099499640406
0.16085336664146704, 0.6267666983397779, 0.000709654159825707
0.16640394188022986, 0.7032595302033959, 0.0006544169332480654
0.16184344081309554, 0.43141620289786, 0.0015388328410745771
0.1907666198696567, 0.43950175955665355, 0.0030567164441502267
0.2629460378547469, 0.4660217175641093, 0.011157496562774694
0.16489175232578573, 0.5975321833931836, 0.00087080036143159
0.16348094500534216, 0.5129654348753989, 0.0011377454484370342
0.1477952576845371, 0.46789458978483506, 0.0008773563948054141
0.21464085128852622, 0.6213198054243956, 0.0025696263870910274
0.14304681055682456, 0.5716280630728862, 0.0005091465456319565
0.1710191718881311, 0.5562957048897951, 0.001179645729377142
0.14713989266715455, 0.5839435713305222, 0.0005523801293918759
0.2358963316831038, 0.6068817625623633, 0.004080665050177114
0.24872580032710678, 0.5119370969352973, 0.00723943006575762
0.18655182799298553, 0.6057226304393702, 0.0014585997584203997
0.22920938111050357, 0.4490340129548709, 0.0065679513787977265
0.1312394110294989, 0.6266996500398516, 0.00028995445955629914
0.18422355372718677, 0.47839169035294815, 0.0022126734641537663
0.15620126861716743, 0.5893480758288335, 0.000705397972361173
0.1851989531767391, 0.6664548592793567, 0.0011669008080002713
0.16803446689042684, 0.6187154862328713, 0.0008825448056515316
0.10102927042004478, 0.42269007343008813, 0.00020159954756365485
0.2150416322445307, 0.5233545562398735, 0.003651514997949998
0.1340545265394858, 0.5767829518793207, 0.000375819743827551
0.11146291660693786, 0.6663090105815602, 0.00012502253401636492
0.15096529267719233, 0.625248752774112, 0.0005394106632772041
0.1763308815427661, 0.5284399003229697, 0.0014956141298686238
0.17636676628266423, 0.5517283054185892, 0.0013732483186554049
0.09857623415068392, 0.4592596493588675, 0.00015326645015051711
0.16530491688912366, 0.6564414440916282, 0.0007295100976358935
0.1320586557436162, 0.5937753838903658, 0.000331967644151825
0.16245677347303097, 0.6516474809893572, 0.0006857832589255207
0.13991649803082362, 0.4383130571389916, 0.0007856341585011397
0.16620648561162515, 0.7276915965043338, 0.0006080261120059961
0.23384044406826576, 0.34327769104639766, 0.012272162449884582
0.2629230527480205, 0.4026801334080802, 0.014937971293236634
0.16502792649192435, 0.5924758343522206, 0.0008889500602942426
0.13952897278092144, 0.8065792768097563, 0.0002291897149309883
0.18861883869659166, 0.5664816719406404, 0.00175052559018123
0.13218825625632402, 0.5062865359518082, 0.00045858704862715617
0.14292799618627652, 0.3347381322838997, 0.0014793524733606204
0.2398976265106402, 0.3995106678896778, 0.01013965833523247
0.21841032126034537, 0.5848440290847381, 0.0031310331810749776
0.2077292415264133, 0.6738145541910083, 0.001891797808612864
0.2155042287791332, 0.49955002574508633, 0.004045884036772954
0.1755117514497481, 0.6726841251183684, 0.0009042547944100373
0.12764139657532186, 0.577755233953534, 0.00030188457874230775
0.16053578187450995, 0.7480534152998531, 0.0004938747311355605
0.14855144328580533, 0.5550946086266412, 0.0006375145945181585
0.06829921355239964, 0.5526254039695514, 2.1063633966208975e-05
0.2089505026406259, 0.6032446853672628, 0.0024219765678765276
0.18638623250125708, 0.6015221982596191, 0.0014732736810720226
0.0689258181445805, 0.5992542233359084, 1.864765310233081e-05
0.1927193517564354, 0.30801597147381077, 0.0065086491189061246
0.2311233358976046, 0.5230719540494478, 0.005020601314099865
0.1745158923761137, 0.5396727176795875, 0.0013701840015340244
0.15554555558030428, 0.5563838431171652, 0.0007769451243368083
0.20910927534522328, 0.8164206978532631, 0.0013267234064209934
0.2034648962196579, 0.6418572926158764, 0.0019030171349288419
0.1825756019376047, 0.43348122943466827, 0.0025904389724170185
0.1962704307261146, 0.542364246687298, 0.002274810605841087
0.13888956227208948, 0.5261406872292417, 0.0005278474186476471
0.1560645348031602, 0.6595887900995286, 0.0005609936461666592
0.17604352321514802, 0.49045250989118083, 0.0017238528913186347
0.09882362897197956, 0.6506835126406352, 7.719937828064829e-05
0.16836809266974564, 0.47507959917825227, 0.0015099974696286239
0.16927501455847221, 0.6320108750294484, 0.0008736256523790807
0.1488883397268126, 0.62490372865654, 0.0005080736690972596
0.18642019497116302, 0.6620993559437538, 0.0012169944027832441
0.23907271349057918, 0.6882478372750485, 0.003365179496031906
0.09399591050272572, 0.6901284143820344, 5.505357164784125e-05
0.16394895731454673, 0.4338004630123546, 0.0016110312850628656
0.1038695357944052, 0.5162963624839251, 0.0001526566774089847
0.1301438459220714, 0.5034374839887151, 0.00043305075629505385
0.16026169817650832, 0.5835201457193279, 0.0008055732670471149
0.1518350226001329, 0.5137263378803487, 0.0008194809279453866
0.15590671515422516, 0.5162996586146408, 0.0009115225883000523
0.17477755361545744, 0.5658442972158841, 0.001254610441829801
0.21894870027938002, 0.4953989100949365, 0.004411255756168734
0.14834397395170068, 0.3834614324199398, 0.0013277310644801482
0.2093870176536211, 0.5142458615537037, 0.003363591076543604
0.1995392837664553, 0.5672685380301037, 0.0022362147213074784
0.15386449933859975, 0.5996162231538792, 0.0006377173478404201
0.13591503345360278, 0.5792500384752162, 0.0003959230062828521
0.25708807415434676, 0.4411345126967062, 0.01127675954645714
0.11748778567225004, 0.5905477835789908, 0.00020064288841193832
0.14594601203778634, 0.5259898885271258, 0.0006568359714910171
0.13377791126665103, 0.605927386451865, 0.0003374552124552711
0.12032507331242603, 0.493276673295297, 0.0003194123720447849
0.15289938430470829, 0.6522741042808933, 0.0005241925737304333
0.20601028982454983, 0.4647895656270016, 0.0038332255593901267
0.19523768665935987, 0.5681090430638397, 0.002025734693975075
0.20812311662003408, 0.3844405865206415, 0.005860259481919632
0.17018741330756282, 0.48248730029292713, 0.0015348814898352471
0.11716770296841855, 0.6016022286662162, 0.00019103012232820114
0.11541272186774024, 0.2597396588153975, 0.0009589712183050152
0.12509525317130163, 0.496192252919881, 0.00037456361874098896
0.16197627099520567, 0.6064170574770977, 0.0007816444057570538
0.10669271749863407, 0.5549372099550561, 0.00014868639189337632
0.16946214005256727, 0.5402672131643018, 0.0012013470683735446
0.13943644937109317, 0.6237940394559424, 0.00038206674920015355
0.13071329302709872, 0.48574845123853366, 0.0004741873606440844
0.15702419519019745, 0.3917346449136675, 0.001633935346686594
0.18896404337003483, 0.5267682819753539, 0.0020407745280501756
0.19394129288902678, 0.6324572405866369, 0.0015872773526351962
0.17228241193028201, 0.7502070303119586, 0.0006699830072021751
0.13894596760450548, 0.47660047236236736, 0.0006444350145284221
0.11974148024089508, 0.46232201682408247, 0.0003559205668549756
0.24934442834275983, 0.48057170949417594, 0.00830554308479203
0.17944142958681883, 0.5075694938893635, 0.0017507931685680686
0.1607172383725277, 0.593448553635589, 0.0007886323267698656
0.18495321487114774, 0.6600745453469123, 0.0011826390611036118
0.18686515491684666, 0.5125838249020076, 0.002051921458677298
0.14596942715346498, 0.45408567755733836, 0.0008819473617479187
0.1819204351266422, 0.6133351222363777, 0.0012736460880557227
0.1384737024776319, 0.6070351181621462, 0.0003913401466405929
0.14501871848201303, 0.6927362908091952, 0.00036821026739513804
0.16025514810420372, 0.573609231192759, 0.0008335015058243858
0.1571504126796145, 0.524942500336319, 0.000913126064835735
0.13057333024971834, 0.541862970300702, 0.00037926840586925464
0.18138543343033064, 0.4997505006801965, 0.0018936949134629472
0.1464393704205672, 0.4255945169662481, 0.0010182827862499162
0.15520887276830247, 0.5045638596630808, 0.000935764173573136
0.10820851172703658, 0.6592816398711153, 0.00011209189195448435
0.16003187843566027, 0.8097205831039482, 0.000415723094905053
0.22992981613713842, 0.5524854363355111, 0.004398894165748548
0.15048933909192436, 0.7281932058408713, 0.00039219123681390986
0.1999842792018727, 0.6508327110238921, 0.001715571895287666
0.27740830501870706, 0.5119356840106186, 0.011702016614255411
0.1971879666782255, 0.7088450417623783, 0.0013593681301310625
0.14932130141213623, 0.496306421662505, 0.0008158341492267904
0.21080778536488098, 0.5209577472109351, 0.0033764641039674805
0.19145029191718665, 0.49291307691948244, 0.0024687195804172102
0.24562967704177374, 0.4933494211430131, 0.007377213203947927
0.20063885303158077, 0.6899565613446068, 0.0015486331784595288
0.20794971790196604, 0.4788597507152269, 0.003763274548732453
0.1421775031699578, 0.5931653981482743, 0.00046033093935376974
0.16621664186124913, 0.5160717135321738, 0.0012092430580939095
0.17126799319896369, 0.5794729001433646, 0.0010941451910292822
0.19774472396662915, 0.4413794609846732, 0.0035497947169364718
0.12633065857206194, 0.5525726061223358, 0.0003153738936641656
0.18522014915410703, 0.5950219444078358, 0.0014646307290413576
0.11282910126313145, 0.4864277099798019, 0.0002475040156556855
0.1589924557512222, 0.4872700877465266, 0.0011155346629041225
0.16826490662242338, 0.42292204011701584, 0.0019002768383561087
0.17532292534989857, 0.586077511711635, 0.0011856215907562703
0.18343320052915071, 0.5730246379084678, 0.001513290335278642
0.1654869159984127, 0.6661692242147489, 0.0007117981942659035
0.0930626150315464, 0.7275967413633482, 4.740187435807793e-05
0.16434109269578176, 0.5554971937181006, 0.0009928538120433713
0.22422962680005765, 0.51885936086523, 0.004465969558460143
0.11445840588855999, 0.4758385432080985, 0.00027548408347308553
0.09954301809911807, 0.5664629267847199, 0.00010516481249241754
0.11684348274772705, 0.6668277787985029, 0.0001536025061412434
0.265580449046671, 0.6039292912854763, 0.006941551548942359
0.12061981103213047, 0.5277164174859925, 0.0002821023595398248
0.22012573591655826, 0.47926847850951515, 0.004825693963352261
0.22545326528871895, 0.5944562385005889, 0.0034847758587230387
0.22400916411873378, 0.5459528566795971, 0.004016290035720464
0.15292008263942583, 0.502317650916436, 0.0008844085342769025
0.12337733249316821, 0.49783795577104645, 0.00035012695214204693
0.20057086178558553, 0.5947346410071718, 0.0020811238435063193
0.21197253586731077, 0.41424751915208446, 0.005471120554630874
0.1900139489836712, 0.40368963042396844, 0.0035606299310140727
0.15095196089533217, 0.539701978094402, 0.0007236830768940016
0.16875013082190438, 0.5591716431936118, 0.0011009047322914308
0.15601157640232324, 0.5540062158820267, 0.0007940112445564919
0.19889462251661608, 0.6461994431079074, 0.0016989246597586265
0.1544806721263438, 0.40288097859370303, 0.0014376680851966583
0.15533138192521206, 0.5153308323680061, 0.0009001899276067485
0.1690013894873655, 0.39582531121439374, 0.0022114441950168338
0.1450998852875145, 0.6908815621050085, 0.00037110242809055416
0.10613145462660187, 0.5137525236721193, 0.0001695009255340139
0.15029687570945724, 0.7078764522981301, 0.0004126964737875156
0.2624676934021903, 0.4923310443337372, 0.009917111923107954
0.20666234454950616, 0.4723074110303563, 0.003764144836807691
0.19645120882717032, 0.38436878032222965, 0.004547685155904076
0.1344852404040293, 0.5759157987577228, 0.0003823105267477999
0.1681975226463112, 0.5510118982846255, 0.0011175067644882597
0.11299921371310685, 0.5693758783788104, 0.0001818442710171686
0.15665056181865594, 0.5769438471124491, 0.0007454172088599356
0.17199049475142608, 0.5792633058774804, 0.001115407143802511
0.18478694257295386, 0.5178085471136864, 0.0019141726153392206
0.14742816644084905, 0.5641096804963696, 0.0005970254363903868
0.18342822462808028, 0.48840133437876837, 0.002082875583381273
0.20737463065807352, 0.33739747060028447, 0.0074887098569609055
0.24693133102175557, 0.6858568189615202, 0.003906917529056263
0.15047470199131052, 0.5678829801963389, 0.000644595925259547
0.15456088005624397, 0.6643725192315955, 0.0005298839158549499
0.20415295255659538, 0.47066621850276386, 0.0035920698019880812
0.1675505225244091, 0.5232454492931493, 0.0012184183698206496
0.18421201440305368, 0.39916200517747946, 0.0031773605080575237
0.15645479648653915, 0.48266876509351386, 0.0010592015005812848
0.18255821031592734, 0.5469781985913051, 0.0016262671515380666
0.1627747317626046, 0.685001240161987, 0.0006259878879983714
0.2228204634295308, 0.6280702961440009, 0.002964501743624015
0.17713268192994147, 0.4140623979433963, 0.0024851269755718566
0.2795813934596348, 0.580616509791186, 0.009415068888341602
0.20171027882609474, 0.4553009402922668, 0.0036405930310412105
0.0751936147580084, 0.5649775179798867, 3.0768037885037224e-05
0.157968785322183, 0.5643944457401209, 0.0008081910954326349
0.13941051408714503, 0.6758461069181361, 0.0003252150164327709
0.10292162853557663, 0.6308810626787125, 9.819744142235575e-05
0.1842081740069171, 0.5516162507430209, 0.0016636077778967022
0.16679213415431632, 0.4328333709549516, 0.0017454077980174046
0.20053772961787664, 0.7299224488428682, 0.0013806235226198164
0.2157985564239494, 0.576186551108938, 0.0030595194441136106
0.16924274790908544, 0.650131901674629, 0.0008249112804738865
0.17123745819940292, 0.4589189942848473, 0.001743124594209989
0.1410813873225825, 0.4812312313935834, 0.0006759663276612893
0.1862607349302829, 0.3923273508016478, 0.0034530470783156434
0.16197157761761097, 0.4331477643488832, 0.0015318791910934695
0.16369713959840837, 0.6090390182223062, 0.0008118138622709606
0.25917051963876203, 0.7144820980838653, 0.0044540986489611445
0.1820066239408022, 0.5468112363307819, 0.001605738018373396
0.10719890914509364, 0.6264915742346133, 0.0001191168056783736
0.12720840421417592, 0.5536170945004838, 0.0003239041062723412
0.16976354257145795, 0.5494414676164368, 0.0011706808636341983
0.20657893528439025, 0.7725346981991186, 0.0014044570431532755
0.13769664308667592, 0.326439669996361, 0.0013201485063862406
0.16939425775868117, 0.48638538344002835, 0.0014796502680014558
0.11843813563534179, 0.5859539504897382, 0.00021115520854392918
0.2029422534676293, 0.48881827814962164, 0.0032442172452583746
0.22023745969837494, 0.5698824644243653, 0.003420712240549115
0.1477452723715459, 0.47444465318724105, 0.0008520294240389907
0.17273168303943298, 0.40988030123641483, 0.002270328098535796
0.19602793857705686, 0.541372159299588, 0.002270769969443469
0.13667052940585298, 0.6135741902258562, 0.00036157732613021097
0.225515210436426, 0.5998328423285935, 0.0034267238588094823
0.17316832497559223, 0.7332904773156371, 0.0007172573605032697
0.22078584079700414, 0.6589139807040937, 0.0025869129358753436
0.15604336622108167, 0.4240167520055502, 0.0013566856559487596
0.21363766757316774, 0.6438110927612933, 0.002344398469093907
0.2084462187772625, 0.42197394923704784, 0.004897430826118541
0.20387001465431998, 0.46229879538943724, 0.0037006254540115943
0.1717454407302078, 0.3596955609185556, 0.0028746878593183386
0.179113155019842, 0.6472428431187485, 0.0010680517906088106
0.17376366367712504, 0.48334524480055097, 0.0016759862121973348
0.15883146030089337, 0.6741403367862506, 0.0005802110513930415
0.1799024519572039, 0.5671111570761289, 0.0014183802565009493
0.20857830066856053, 0.5946935270645018, 0.002472655560112049
0.19807538194005972, 0.6947729047493615, 0.0014432260515616195
0.16252606627128946, 0.6895591266693553, 0.0006135983465031201
0.24431999125120812, 0.46218856168277495, 0.008210075082699478
0.16696118636837184, 0.7222523566651203, 0.0006296457246127693
0.12603790981867097, 0.5219465957840761, 0.0003498799087352422
0.1780117586938242, 0.45515332248326784, 0.002101961235208083
0.19491726240347226, 0.5133351301630336, 0.002463231661982046
0.1471667822141483, 0.4184531589610866, 0.0010765526887949375
0.21065825548580533, 0.6471691373791034, 0.0021811002500175297
0.14547177595181648, 0.5187785328825664, 0.0006656230663912325
0.08412854982128469, 0.5292576852992784, 5.746223621425508e-05
0.19153488421922021, 0.5306894873307836, 0.002133907625342334
0.2409450532529941, 0.5549275629164085, 0.005357134713066582
0.19204162861701912, 0.5602895143129604, 0.0019367812902339801
0.18922842317317298, 0.48494217061448464, 0.002422847184893187
0.21469148744760216, 0.4613553360549802, 0.0046653048836939074
0.16485311929893431, 0.8019793534166413, 0.0004829109641807417
0.2380196353668218, 0.48479091834628313, 0.0066520147328398985
0.1868483394769943, 0.5933304846265186, 0.0015308239201387022
0.15276170230841654, 0.6508263704163512, 0.000524444296935038
0.1504899654321442, 0.5794150135472698, 0.0006194690248018148
0.2014470477844259, 0.5183602002498465, 0.00279261194102946
0.21881327239145348, 0.4001202787013759, 0.0067438652003612215
0.14709511057919636, 0.526843025861353, 0.0006776971659024931
0.19743222819840306, 0.45281635617986893, 0.0033493543163319673
0.19450943093448902, 0.6671817716697657, 0.0014448290695430474
0.11490704293990844, 0.4905304166734979, 0.00026372983689157523
0.12727753448729906, 0.6763968594162446, 0.00021750560327088374
0.1794147810987545, 0.45138328144045065, 0.0022123361932109686
0.19914724837541847, 0.5779244730872554, 0.002135948072362828
0.20421146248249322, 0.5927425583122925, 0.0022677030550847426
0.16145544590728428, 0.6336581927533227, 0.0007058097629030396
0.16937956719266345, 0.7516448905082675, 0.0006193397588336582
0.1486928709080817, 0.6336090840073034, 0.0004913599473905046
0.1784679794933534, 0.384149124175027, 0.0029842249189955656
0.10158154338655234, 0.5796466882366591, 0.0001098055597649109
0.11051478409399583, 0.6192832010372046, 0.00013939171730097957
0.14772310725235258, 0.550334473878888, 0.0006328278303260192
0.14700174509066646, 0.5062650163772766, 0.0007318616975513344
0.15964833693006875, 0.6460146211621727, 0.0006462559535979253
0.172513158335788, 0.662398332581061, 0.0008644606545113657
0.13492778593621924, 0.5955793057942415, 0.0003626877040101
0.1626595845040995, 0.4537338950797081, 0.0014223089674718409
0.11802367686931986, 0.5858968735122675, 0.00020796380445025064
0.15696451498333866, 0.5687564715944878, 0.0007738195846621813
0.26716581017152835, 0.5709841286635099, 0.007971750443404192
0.1938706922046724, 0.43985459197500293, 0.0032764318926574577
0.22120579623067416, 0.42107995263203984, 0.0063876539093795605
0.1493534748295738, 0.43439084518842186, 0.001065987290913892
0.135673176125427, 0.6591757762560904, 0.0003033450994816584
0.10914304913076223, 0.6313204993216337, 0.00012695472745228472
0.25268007181040697, 0.6329141785671385, 0.00507678311845731
0.1615535653341737, 0.6599292794703407, 0.000652475049211003
0.1416886642106047, 0.5135548720089893, 0.0006048764218027976
0.1670326801388315, 0.5858756086490796, 0.0009586971588211317
0.12878839705316228, 0.48734279007447173, 0.00044132085709617874
0.15731295468990364, 0.5889083225460189, 0.0007288434601376269
0.16655107488687138, 0.6831487575160123, 0.0006962161078337159
0.08131676741992469, 0.5131059367591168, 5.2643442785523454e-05
0.19122352054427094, 0.6653252662912484, 0.0013479681361005939
0.1936268566915476, 0.5742718472142965, 0.001911522717700015
0.20318306031489303, 0.5538211013152035, 0.0025405742236751976
0.14625038729303724, 0.5608236904982995, 0.0005830960567403356
0.19076015476073704, 0.653913544420609, 0.0013806098325670417
0.24011718517669858, 0.4608492389904598, 0.007650862899477687
0.11225050113073164, 0.4741861871958136, 0.00025462237727308937
0.18938691501768184, 0.5746059641555412, 0.0017320702609199966
0.150148162062261, 0.6705254420973664, 0.0004579556956227
0.14620752079131544, 0.5495450788331667, 0.0006064932724369307
0.16304873656798566, 0.5918658414012136, 0.0008447264085712866
0.1851396992542419, 0.3871684128338607, 0.003452741764589155
0.15704935160627034, 0.5833847809811438, 0.0007372499579193576
0.16354147336209596, 0.45993004018096695, 0.0014175720152121484
0.18929758793266324, 0.4850048991970757, 0.0024261184388026215
0.09216884505773247, 0.4633204204670597, 0.00011204003961610288
0.2035591908929029, 0.5528531776452938, 0.00257030953371874
0.14451922627062475, 0.4844874649494355, 0.0007414358291724501
0.1385419995723507, 0.6945618158275292, 0.00029957286712237245
0.11157130987022346, 0.44454896376697717, 0.0002820706066596614
0.18874720764346403, 0.6257615626234214, 0.0014388730763901614
0.15752937759669577, 0.5760749839010808, 0.000766299806009608
0.18158082647681034, 0.5265850331365866, 0.0017137079996046504
0.21525948618752935, 0.47725047025579126, 0.00441069760750104
0.17736465719180378, 0.5915227894475488, 0.0012247236476508661
0.15338940225374664, 0.5432145132818789, 0.000766518656946366
0.23910600934503584, 0.6199263457866988, 0.0041503418664342075
0.1803957948944243, 0.4530429972919881, 0.002249485800749954
0.17788510672109684, 0.5585075011189653, 0.0013916245016823898
0.18391474279523148, 0.48825657879208384, 0.0021085431055959314
0.17837999524371503, 0.7015003551671907, 0.0008929623700492284
0.16716362761856138, 0.570525375157213, 0.0010144714524162664
0.18380503860522113, 0.6418211451142105, 0.0012170557420939838
0.1675580119140696, 0.5688390011888174, 0.0010311314693901975
0.14802466569650463, 0.760170064416068, 0.00033466813407427825
0.14805688030031772, 0.5993191872732689, 0.0005389337077718963
0.17537716611686413, 0.40472874708731466, 0.0024895405453556527
0.17788179648225008, 0.6676832269792647, 0.0009736516285949883
0.20102628184753205, 0.5998261288877584, 0.002066462998811052
0.14609313597652135, 0.589090925956153, 0.0005259838404370473
0.1523488177550844, 0.5789666111904299, 0.0006548635956959462
0.21494588864759107, 0.5646375349890614, 0.0031309392031647816
0.12178301934052213, 0.5874589236681775, 0.00023746113014232306
0.14347910592304114, 0.4235299651837927, 0.0009398698620802301
0.08196780707809999, 0.7122172246719811, 2.8299029620071618e-05
0.17616809525075444, 0.6033759127422673, 0.0011425360126800113
0.16579449745741265, 0.29735983465645777, 0.003601718608706151
0.18343262332387064, 0.4442170448457348, 0.0025180966715239424
0.15417368248382363, 0.687957751817953, 0.000488750755087133
0.11377519771676993, 0.704231306638495, 0.00012250242242017778
0.11088224354032443, 0.4808231219889375, 0.0002346324252487243
0.10690974773403361, 0.7007833511656436, 9.407505633097104e-05
0.22677549605952557, 0.43935156696693367, 0.0065458265076090314
0.15005073855100465, 0.461842395399501, 0.0009625562260800616
0.15793249090954292, 0.6395212418530791, 0.0006288259898327217
0.09322170637651526, 0.5256372163702988, 9.15100295909571e-05
0.19992695526521875, 0.6045338992472383, 0.001985905269998301
0.2072119352489386, 0.5523902426652215, 0.002784190029006797
0.12109605748040969, 0.7079263529191325, 0.00015950039248404624
0.16404470520481435, 0.4968938399339755, 0.0012310407472572447
0.21054432495990735, 0.6395696786736178, 0.0022279310201873516
0.20562168765968944, 0.2887803640847739, 0.009847677624348447
0.0765662312426235, 0.5164183455569605, 3.987737516427994e-05
0.2494458719320735, 0.42507245625244056, 0.010634958054348522
0.23474619671737793, 0.47318761976694773, 0.006569507834081088
0.14525094389585835, 0.47900161537571856, 0.0007755599598780398
0.16604872001013954, 0.6639572084473556, 0.0007273141854408955
0.1689552044336757, 0.5495779434778828, 0.0011457826302995434
0.11995855044265819, 0.5881763096820497, 0.0002216604247635314
0.2056460706519323, 0.536692639900947, 0.002852623445100811
0.22758114691749273, 0.5848597870411103, 0.0037519929466996445
0.16525437758776082, 0.5827788217368258, 0.0009243393785387933
0.19369858163979786, 0.3989336346279152, 0.003967536475831985
0.20482301344869996, 0.5348805748855914, 0.0028217514128056707
0.14266275325342181, 0.5990111013822003, 0.00045820814006747703
0.11587521282718997, 0.545640139258711, 0.00022116259248174474
0.1707228870820036, 0.5563819570111492, 0.0011703169795661036
0.18163787480654464, 0.4915906039667136, 0.0019690963305483166
0.12356899240950031, 0.4856252602206576, 0.00037048035424075204
0.12323533468725151, 0.4592220157242449, 0.0004094073084761756
0.11710503580247175, 0.5778598766590213, 0.00020656337901754765
0.12271055467694941, 0.5449579622779027, 0.00028531219629667967
0.14275140236671202, 0.6063467813717751, 0.00044841221118616646
0.24298467061699758, 0.6876409582270671, 0.0036206744450693424
0.14118972123544463, 0.5878858385648412, 0.00045447861735976825
0.1673390009727975, 0.4421192345586717, 0.0016971281398090758
0.16894616008394692, 0.7545625038123832, 0.0006076704083692856
0.1157588203666504, 0.5654354112318184, 0.00020503967148218747
0.22667029680191067, 0.5153062619957692, 0.004748663060768859
0.14963584760666532, 0.5499942974040016, 0.0006705117230111897
0.1331878134164797, 0.6130036909819158, 0.0003233578956853595
0.16304634645444208, 0.6871578847038262, 0.0006266449495127117
0.1537618538007295, 0.43514957141592053, 0.0012073206942847942
0.11425708382171024, 0.42636687460126554, 0.0003404746489597135
0.11422902848984134, 0.5150454754068857, 0.00023307262657223043
0.2039667985724905, 0.5228594296131993, 0.0028990634233161767
0.18450290887778176, 0.2603177916519523, 0.00752267590935127
0.14902786996620798, 0.6241878477149946, 0.0005113429271863972
0.18546994124303887, 0.49740974803565857, 0.0021083410471850186
0.16387534037832424, 0.39991355428164044, 0.001891879707513181
0.18266043311540833, 0.5594235462262471, 0.001558547844407002
0.1634999084599561, 0.5225910034109155, 0.0010967789336887059
0.23715679839426884, 0.5590793649277037, 0.00492238430458332
0.1325415337310596, 0.45212991647595124, 0.0005818193655536566
0.20559927374652517, 0.5931349292198502, 0.0023332100181125085
0.17812279324277341, 0.45398992008156924, 0.0021185526568114387
0.12987489574160166, 0.3040609014986523, 0.0011764017774488383
0.14726648648475332, 0.4292124832052126, 0.0010263098099741084
0.19613315204956305, 0.5209212212157658, 0.0024583642512611514
0.17392144559715864, 0.6625725627281434, 0.0008954736324382375
0.18652420771014644, 0.5707982592189931, 0.001641479693438647
0.08037047099414785, 0.4421710628533418, 6.733020258575458e-05
0.16770738231990906, 0.5177139691839111, 0.0012497286419133938
0.24708965715236664, 0.45998754555235966, 0.008710314674079738
0.15792207178696818, 0.4830794873509735, 0.0011017350557637634
0.16888370604540073, 0.6267210748631482, 0.0008794343041904017
0.11087584727842326, 0.5833610624731188, 0.00015935790373557062
0.18010870078145877, 0.5530016724322885, 0.0014992210066075008
0.09413437207351906, 0.5166599560200297, 9.886635063044731e-05
0.1664478843113208, 0.49235395389156145, 0.0013367046725549587
0.15308563150885637, 0.5114885009291231, 0.0008570489761586704
0.15804557477159392, 0.4978321831903396, 0.0010409796901942217
0.18758799687704755, 0.43902630931483805, 0.002845031016885319
0.19040245612559623, 0.4800369274351267, 0.00254083115725117
0.21487580535496859, 0.5475135947946572, 0.00332507280854091
0.12731229268235356, 0.5428419095132313, 0.0003381027088165565
0.16196334270063983, 0.4526464263949405, 0.0014024304198756636
0.1463633942522195, 0.5915404801127904, 0.0005258959630256274
0.1462533154760125, 0.676388247562754, 0.0004009026799135133
0.09323987104442273, 0.5137470696544622, 9.587701493459805e-05
0.2489178610643366, 0.4711681838108958, 0.008575523672002648
0.2180739356559786, 0.7003200101717573, 0.002168849299957831
0.1822585560170378, 0.43803285555449933, 0.002517557474521055
0.0694423961379421, 0.5198006595557658, 2.5611847990299747e-05
0.18708428830666088, 0.47369916352190855, 0.0024150429151157176
0.18371774288296902, 0.4154056381277765, 0.0028992520212082085
0.20401631167457931, 0.6050573478883875, 0.002167196758683721
0.148308487634418, 0.5727636619495251, 0.0005944911727246549
0.2082881026304629, 0.5091744799788029, 0.003352403466207897
0.15309217539043446, 0.5109315505319433, 0.0008590800400003868
0.15911124773435265, 0.6545150442486762, 0.000620312465546947
0.11429476164166243, 0.5424611550492826, 0.0002106417450231198
0.16015668761896357, 0.480059620233575, 0.001186790021876097
0.1925106274273314, 0.7077033291090931, 0.0012270553168091786
0.20080129440392924, 0.6422697621118967, 0.001793509082707499
0.1696983565881127, 0.537934133277387, 0.0012192402553144303
0.20315711163647712, 0.4192864157073576, 0.004430015476392033
0.14371839595751923, 0.3428734844024559, 0.0014446162155217466
0.18499602434031973, 0.5934130358676777, 0.0014647593246131547
0.12918017271935253, 0.7274992140211949, 0.00020070705016501323
0.21659203657149623, 0.5191977399030081, 0.0038293692370292972
0.16870575999943885, 0.3369961387706577, 0.0030275244158966775
0.27737335477413316, 0.46667101896705143, 0.01407437399233137
0.24269585071732522, 0.5349022592034106, 0.0059523900082664805
0.16258102727948254, 0.6830329663701852, 0.000626310893180913
0.22539267506918126, 0.6044938722314298, 0.0033660239581747584
0.21137437779890966, 0.5165159815518958, 0.0034755910938855006
0.21270205135909886, 0.46127551439722847, 0.004479612814407749
0.13954619432104573, 0.27575021513752873, 0.0019619745245897605
0.21674876944929708, 0.7618010600131201, 0.001784398995878825
0.24016664701463464, 0.4812712749945994, 0.007021693559266086
0.14102839282861204, 0.47614536842471633, 0.0006893433940038635
0.1906382283676618, 0.6178228119198867, 0.001542275602650593
0.15358421618922327, 0.473349348384259, 0.001015143192919048
0.13913806503240225, 0.5606692431218511, 0.00046850545678122225
0.15885080313965255, 0.5777498539718635, 0.0007903867188848667
0.17024978709764654, 0.6646194535601184, 0.00081021585951908
0.11653614555560185, 0.7408409293056499, 0.00012301068018353585
0.1380829643277139, 0.7235381730445833, 0.00027205671331632665
0.18637582089524568, 0.6358396733678318, 0.0013182104721935792
0.19798244840598386, 0.3864231011245354, 0.004655830634239859
0.18920692300520509, 0.5905188429404826, 0.0016331319607369367
0.19112856616386625, 0.6269528676603009, 0.0015147074396917866
0.16421710306501563, 0.4187919182003621, 0.0017410458710922108
0.14413504846738973, 0.5212803542470781, 0.0006330083150996972
0.11175476158404124, 0.5674711050299395, 0.00017436083969089798
0.16705771249021018, 0.5230540498776264, 0.001203609182775313
0.050202067344012016, 0.45236749294096945, 8.112564591662455e-06
0.14899750673244352, 0.5736887916085502, 0.0006047846672684606
0.12721071923501256, 0.6226995509909138, 0.0002560431181651816
0.1294904926299531, 0.5623012101814042, 0.00033952717995448583
0.14827053405205756, 0.5383500089078995, 0.0006721679426347462
0.11732940891122096, 0.3991237404452204, 0.0004366576360272389
0.16565929510474753, 0.6422677028899719, 0.0007692779596559544
0.176686640250516, 0.5880267152049858, 0.0012186194843348773
0.2007261466496305, 0.5821432342076663, 0.0021795335440689075
0.22391953404845397, 0.5626616719068633, 0.0037746436004100735
0.13475798640061484, 0.37157554678009036, 0.0009266409811065576
0.1967183588025665, 0.590480358018988, 0.0019385299390983835
0.15795555221909538, 0.6931180996854913, 0.0005356794184558232
0.22160898926800643, 0.503127511821767, 0.004510183444061574
0.136407159626448, 0.4861218777401973, 0.0005711617204499135
0.19794553476677706, 0.4404728107720348, 0.0035803774004377655
0.23594915269449868, 0.5355507086522634, 0.005245244750010024
0.22989295566322399, 0.487173400850452, 0.0056534256079983376
0.14304570210586223, 0.49171353253894423, 0.0006880670419618592
0.21525308668642626, 0.48914423351492936, 0.004198259966654581
0.1921003161495764, 0.43518058923456837, 0.003214773765779605
0.13989734326114234, 0.4590285779903353, 0.0007158929789361834
0.18122229712327084, 0.6687533832038354, 0.0010533315429377996
0.19310543206155248, 0.5341014961386761, 0.0021838060609071725
0.23236759283695876, 0.579898018944443, 0.0041824918813586215
0.19424808563980595, 0.6097799773576138, 0.0017194488701402653
0.1287352108462095, 0.5938782370510974, 0.00029664662379038514
0.15495140296506899, 0.5065305835186386, 0.0009217535276873351
0.13041869956205304, 0.5965370498554879, 0.00031130526140700683
0.1417954731966126, 0.542506826516995, 0.0005438384305016729
0.12512750759821473, 0.5263990726939877, 0.00033318693202392025
0.20584931118939284, 0.6210481486920887, 0.0021396010075768438
0.11938514249540508, 0.3749729991901951, 0.0005340072404256556
0.21820886466053468, 0.5679169455976174, 0.003307004278789798
0.22986431447095812, 0.746095977388036, 0.0024090806411157214
0.20867105163833316, 0.5568741346828646, 0.002825436199153617
0.1796698947138281, 0.5638551645056542, 0.0014266654714074553
0.22862567969958944, 0.4845960869616649, 0.005576428441825777
0.12399782202857854, 0.6536339751825002, 0.0002076435816731886
0.1510428020968016, 0.6604515117836967, 0.0004845339017966687
0.1548401531968861, 0.49043297712892303, 0.0009801541289188966
0.17229447507566154, 0.5295121970705285, 0.0013452651943764759
0.1801203223445106, 0.2866665651722273, 0.005580688215393981
0.11824681005379932, 0.7653743498177732, 0.00012288294127809683
0.12095154224944482, 0.5172441758219201, 0.00029721100380188505
0.18961507470132458, 0.39077618253811375, 0.0037648728687319456
0.0962351325058661, 0.5412101047253386, 9.928923349278667e-05
0.15340569602340115, 0.5687434068779589, 0.0006995772578751385
0.16766065893277285, 0.5934386759023231, 0.000949973182223154
0.15896007932031597, 0.6972649271372587, 0.0005442992899162644
0.22630989062754625, 0.75108855803993, 0.002219622700788595
0.15549911513214074, 0.48676447620296737, 0.0010137503138770952
0.17363753662807166, 0.5056964628350904, 0.0015262229345110435
0.2244716733651897, 0.5532703937104144, 0.003946406601433907
0.12546565810450624, 0.4660059943410699, 0.0004302217021315113
0.25427223131089083, 0.6901496608485663, 0.004389293778162188
0.19092924570400904, 0.49688061290588703, 0.0024004938806115646
0.09252380978911608, 0.5232780006754342, 8.933391659323201e-05
0.12448635161564488, 0.49773490797306263, 0.00036433873652871694
0.19100410889794073, 0.6396132074100835, 0.0014511722831321103
0.23301819141171703, 0.44007827451664033, 0.00735226713497674
0.2275298764455464, 0.41182329802073625, 0.007559849834176662
0.14194127894310282, 0.6633020349572862, 0.0003654446258493869
0.18200713449681713, 0.5793440016265939, 0.0014304803004611057
0.17038387608644096, 0.6212097440039264, 0.0009306250780779361
0.20400051904386704, 0.6270146495885771, 0.00201738190039353
0.17296526615386046, 0.4371665577288374, 0.0020076647360600794
0.1728852301189215, 0.5163744495542186, 0.0014360551980526941
0.20473451210032348, 0.672010678783282, 0.0017842438271033333
0.20774328260073116, 0.6432415884546503, 0.0020765214443169574
0.16417828141542268, 0.5588508688426699, 0.0009767043889288452
0.10041994187387328, 0.4055278424216654, 0.00021327128807833426
0.151702892739047, 0.5067425845970022, 0.0008390041063064003
0.10059687631311306, 0.4881026282100347, 0.00014835950808840483
0.15211000618463408, 0.3646678977870802, 0.0016393250670243143
0.21920087199129076, 0.669110586210511, 0.002430390818451335
0.12038546104061315, 0.7046736714637727, 0.00015686121830992821
0.21921025289503143, 0.6239341522850799, 0.0027956073795533318
0.08661353412287617, 0.6043286364761674, 5.009528957903075e-05
0.17189961741669252, 0.41734257795101903, 0.002143828858955351
0.18901632169628269, 0.6332636159144165, 0.0014138188803944538
0.1251590048391822, 0.4994563198232534, 0.0003705135689877296
0.15987947063583796, 0.48697832761419496, 0.0011445493327245568
0.13837823924566484, 0.4495769037244915, 0.0007113056105022372
0.18438745057624548, 0.4873618489159006, 0.00214033040436562
0.15517625484504888, 0.5110750943455801, 0.0009112292095931312
0.23486145102161132, 0.604973587853545, 0.004027770556839036
0.13323929089020464, 0.43046276984273124, 0.0006568661485428007
0.1820221129566016, 0.5017962969614511, 0.0019074679931908932
0.24040198462261902, 0.4428992975621747, 0.008326899597012728
0.13837617095408972, 0.5054087507892331, 0.0005627948856828574
0.17025462897563895, 0.504513538898715, 0.0014062273240221536
0.17544615364184296, 0.5185853117296206, 0.0015190022603785507
0.10973490663413484, 0.514969897153519, 0.00019539764477641432
0.1871455521740833, 0.2791886602436287, 0.006962419568089871
0.11830801707978886, 0.4797610990054163, 0.00031345716928332337
0.11546708600485281, 0.6828140539481913, 0.00013905195528810332
0.14141152861117665, 0.5918322617250024, 0.0004515458136628555
0.21745441029737997, 0.4253092492011019, 0.00580732874113842
0.17319102273175313, 0.366335401343869, 0.0028755424051525465
0.08898145408894129, 0.5283045464222895, 7.380996412453143e-05
0.17067493915549248, 0.36015621411400356, 0.002789529776871312
0.1757516589668169, 0.4762231442757779, 0.0018151077312346937
0.13465884375672232, 0.5897973800899676, 0.0003666010426444876
0.13738709562658982, 0.5058388161744487, 0.0005443819786284068
0.1988584318234344, 0.5091842712658396, 0.0027340697055561456
0.11716700653749337, 0.3061177320938614, 0.0007377893709478009
0.1521370325284006, 0.5755490288774544, 0.0006586201090018079
0.12137109438488303, 0.43398539771206246, 0.0004286697541175162
0.22343000822863657, 0.4708240338699494, 0.005339139349911732
0.1813677766236715, 0.423794154890741, 0.002632210031631035
0.19427030868408252, 0.6107730803458198, 0.0017147247459337203
0.12604004928634513, 0.5016201841297959, 0.0003788380335416541
0.1681574732344179, 0.6325430898933979, 0.0008471041836268721
0.12622829221891751, 0.8381007171469589, 0.00013660386316452811
0.162258685020936, 0.6412599306555913, 0.0007043891839075076
0.1666134977077108, 0.45220397672039175, 0.0015915560640256104
0.12298923879306911, 0.5922113215187528, 0.00024402132752562896
0.16765549791932743, 0.4715789459553828, 0.0015041647313127323
0.22093810237595435, 0.5435460226992306, 0.0038131507817753094
0.21560205768543755, 0.5515568870234684, 0.0033255083274918136
0.22368812478783834, 0.703600758972733, 0.002402935896357857
0.16869384251033265, 0.5345024875536193, 0.001203103667650689
0.11858748399303423, 0.5725465432190973, 0.00022239000524951658
0.14593299820560426, 0.6054756108275265, 0.0004955049665577917
0.137345977996997, 0.6236860266938921, 0.00035762183904740016
0.18283261939400852, 0.5317740330750939, 0.0017319998169014615
0.11437434038849914, 0.6787114193351681, 0.00013497130138666818
0.1548849571091523, 0.546054696403257, 0.0007916519011059982
0.1588933293727918, 0.434275375976648, 0.001400555791589295
0.16878543001267932, 0.3716216788841952, 0.0024948107968416925
0.14714510960819888, 0.5130434777870291, 0.0007157135176183016
0.1256067277135996, 0.42735303083336806, 0.0005141017560968235
0.20093835776671964, 0.7398413323365696, 0.0013557051639293792
0.19101556887276536, 0.48043241469975545, 0.00257278719405167
0.14394739408838517, 0.4307075834105131, 0.0009219292877277249
0.18582569607844662, 0.5680234766575766, 0.001630417042311153
0.24960191941791748, 0.3318388698471452, 0.017498557018758448
0.11344307073659608, 0.4807858050748083, 0.00025946913717576464
0.21640382331181804, 0.5578332631434081, 0.0033046294722575897
0.10668693537893206, 0.5084714767409939, 0.000177060693883192
0.13910809860521045, 0.5691603801286481, 0.00045420007277121254
0.16296791475159145, 0.7137796622540202, 0.0005795445632502717
0.16080772589421136, 0.5773597069306095, 0.0008352632211451505
0.1466619098745724, 0.43415535017566115, 0.0009850808168842
0.12975953826719075, 0.6127066513529802, 0.00028858489110068764
0.1591660073099972, 0.68349506603822, 0.0005696873115263795
0.21918271423164426, 0.6545200687864232, 0.0025390291409397763
0.25186177906094465, 0.5478088302658756, 0.006680697597177333
0.15527726012236898, 0.49401567962971293, 0.000978045392410157
0.21524458594018542, 0.576238772605077, 0.003024564036999704
0.17737175411647454, 0.6388669770960256, 0.0010501144757967729
0.06768016606362133, 0.6135602398983157, 1.6416543007537247e-05
0.1832086050266109, 0.6365036500724264, 0.001219904740991468
0.1706287915278248, 0.4680049019985378, 0.0016500430633331498
0.13387326344518558, 0.5593670717817599, 0.00039721445483807466
0.16774267381116756, 0.45585778902231033, 0.001613387944827377
0.17888253036727908, 0.629777673810308, 0.0011217349879623611
0.1801901425515473, 0.5459501280352288, 0.0015412620311530225
0.15858182105193522, 0.2979140012458155, 0.002950523182044445
0.15241986873889568, 0.4503594793071228, 0.0010845017243506783
0.09573936050265468, 0.470157406624208, 0.00012861085657370395
0.1340434598351897, 0.5646638353173165, 0.0003919825352450107
0.16309615922923384, 0.5338322966377307, 0.0010397014185885138
0.17905366535876616, 0.49587539785861395, 0.0018169665102327902
0.18541124138387965, 0.6103000357164468, 0.0013985492916311478
0.17489159595665604, 0.6641809630517655, 0.0009132220515915199
0.1872717427261228, 0.6346627815575522, 0.0013513185680217995
0.11327119422525153, 0.5560994271007773, 0.0001926578506380724
0.10309465820582246, 0.7467531637455029, 7.060750612987053e-05
0.17750023348651828, 0.5260623722197887, 0.0015536983523854013
0.21766431536182387, 0.6072246810402543, 0.002861085925109595
0.1785097255067512, 0.6848327308106766, 0.000939959542328029
0.1824941119154065, 0.5022853700949699, 0.001925572207970957
0.13638262369183496, 0.5880878508931121, 0.0003899610782262775
0.1521193264478713, 0.5253103764417257, 0.0007902150026774678
0.22599253377286135, 0.6038496928023394, 0.003412889284329301
0.18881520096270504, 0.5518568458725098, 0.001853000903029977
0.1617660515301882, 0.5702587074657101, 0.0008788738465068885
0.20322283938263938, 0.611396046253381, 0.0020864102659948875
0.09273668599672034, 0.5003405743493662, 9.870550359777853e-05
0.12251600610730004, 0.6259786322489017, 0.00021473129094285958
0.17661736368934036, 0.6089790588016266, 0.001134248283253579
0.14618352005851876, 0.482651280486769, 0.0007856913996083358
0.203146158017853, 0.4764797035665749, 0.0034295329781969053
0.22122963783330635, 0.4296596406590108, 0.006138006332509984
0.11723703641112751, 0.6198379739368577, 0.00018042420360105333
0.11482697727992197, 0.48825314490754856, 0.0002653805572505675
0.15368010476237226, 0.5234012086598768, 0.0008325572470572187
0.12293099098629377, 0.6554308080348746, 0.00019880269992516027
0.18975610280353955, 0.5948234806977657, 0.0016302379512237984
0.1590241412537594, 0.49428428182269873, 0.0010850500129058634
0.15672959100880665, 0.7276452797619575, 0.00046966788561785536
0.15514993353163234, 0.6790157092598391, 0.000515837921911881
0.2018617835205368, 0.4895992098562381, 0.00315880304045117
0.11530710312298581, 0.5417563750876525, 0.00021954548303990297
0.1469726464672874, 0.6936981943845766, 0.00038946230712348315
0.1741754838118126, 0.5789341585061393, 0.0011804577834772815
0.2119073281220234, 0.410053770042534, 0.00557604887194712
0.14633973547609821, 0.5136914017011251, 0.0006968756232464247
0.1895547143315847, 0.28060012961492736, 0.0072915919818172924
0.18121846697925753, 0.6255075520895516, 0.0012039032075966346
0.10274817213728825, 0.5220283610524453, 0.00014235861725916423
0.22705454106004533, 0.5355470973669907, 0.004429384718408722
0.2006111896449196, 0.6040060197221819, 0.0020195101388581584
0.17338020790826855, 0.6373281992387789, 0.0009546353518842271
0.21050866911462648, 0.4271112696900701, 0.004991967760615438
0.16379592253577896, 0.6744003328779298, 0.0006638407763760402
0.1393119692652601, 0.5215116902642248, 0.000544486227165003
0.17249326776280902, 0.37305849569882654, 0.0027240149471814156
0.16544285085865057, 0.46498663497484427, 0.0014592717636326958
0.12371007181535308, 0.6228235178407188, 0.00022636962447650818
0.1527614782289787, 0.48125635525342003, 0.0009591220860700302
0.195098740140063, 0.4853362815892307, 0.002766941810165627
0.19561350920055467, 0.605115971178712, 0.0018007091860047287
0.14091354335504938, 0.6755128153636131, 0.0003412642136250309
0.18529351309384118, 0.5367116709817965, 0.001803303254755158
0.21591234541421672, 0.578531384226795, 0.003041816002747244
0.1637343356076645, 0.5002316888391751, 0.001204587769161183
0.2171327516978232, 0.6350011521205922, 0.0025882626763572996
0.08770180428981504, 0.7041880539216632, 3.897858906696935e-05
0.19776224763948913, 0.4203462742925844, 0.003915456517889872
0.16510227363246696, 0.3758926399610947, 0.0022128485444107247
0.1693604986805723, 0.6778659342089963, 0.0007611173523778716
0.1629086470400979, 0.47919457078344146, 0.0012837968966554483
0.1451485546056342, 0.46809412796900446, 0.0008096092452588539
0.1364254514177135, 0.6922137102610666, 0.000281854687008303
0.1721581393190419, 0.5299553601091765, 0.0013383465498320066
0.21819079834189714, 0.5963370476197479, 0.0029982139001950786
0.17977500490787648, 0.6015524273675681, 0.0012566892231738302
0.14870425451494643, 0.5386589621306466, 0.000680081641280334
0.17740316855079227, 0.5152595062593607, 0.001615637442983404
0.16073976855713, 0.4611522890546808, 0.0013068322691439298
0.20173299716255594, 0.5856623543976464, 0.0022013536549598677
0.11272583314742904, 0.5035166025546567, 0.00023006020557560166
0.17269743079087146, 0.601596417208478, 0.0010529633908496108
0.19017849388597954, 0.553341018433875, 0.0019023496515391568
0.15442096694483387, 0.5386305898203874, 0.0008029554424288602
0.1536232339356801, 0.5623528511524879, 0.0007200430595735716
0.16281527458518893, 0.4254061185511092, 0.00162486421986543
0.1496620168064566, 0.7092225457280292, 0.00040354488018169384
0.12845436052623893, 0.45228143730435405, 0.0005065744904485777
0.2036620162833622, 0.6591558780174528, 0.0018121486103606626
0.21830512387618906, 0.48965439584324705, 0.004457258997072403
0.18479355003606399, 0.6025813296313962, 0.0014136975737224335
0.1537791824507981, 0.8394074989546483, 0.00032461562296862633
0.2201303702820907, 0.4484970565753517, 0.005511103215781433
0.1182045724203192, 0.4752002060283507, 0.0003182756931066045
0.1683243075765264, 0.5778288303841317, 0.0010195618213751701
0.1914350992127432, 0.4322594605134258, 0.003209015248565491
0.1818400306673353, 0.6089728779461974, 0.0012894478366785244
0.11042069105548649, 0.4964924764176166, 0.00021605413421058302
0.22935118434915328, 0.5727435469897235, 0.0040480869378676215
0.15360007807543105, 0.5165931754944407, 0.000852689447361722
0.1946937279796567, 0.4694398421827869, 0.0029305870983439733
0.15396673932159005, 0.6259448047619628, 0.0005869109787985936
0.19151738762232845, 0.5793467369702583, 0.0017898015787962541
0.18369781147781308, 0.5588257890029371, 0.0016012920194130307
0.19533553437579984, 0.4527544651917022, 0.003196523743244744
0.15147338324934956, 0.5324469994960714, 0.0007549061482170517
0.1341986991777756, 0.5071495807018005, 0.0004884119738853901
0.20402522105439952, 0.6654499808372949, 0.0017920248776973101
0.21723234932034596, 0.5588754487068187, 0.003348140156468093
0.12679935973669632, 0.4373416082467301, 0.0005117282212582879
0.15107660595427477, 0.6039202034318216, 0.0005800621736817124
0.19408891951533938, 0.6188415167983737, 0.001663452023067529
0.12681846223035526, 0.47507782900761597, 0.0004339496023863817
0.21484048303710185, 0.5925407206424925, 0.0028368764567672407
0.2291235324350115, 0.5652662194663157, 0.004137771418781028
0.1886339432484717, 0.5427781682361683, 0.0019074293729350435
0.2485420301715115, 0.47521855656625134, 0.008374105305297735
0.15812751693402552, 0.5692553247508736, 0.0007979661696051627
0.10978074450768105, 0.5833566848603424, 0.00015255016962375476
0.11479443360909679, 0.7079326895614765, 0.00012607634608963897
0.13250439174430456, 0.5983788395725471, 0.00033176200204426156
0.111746951874552, 0.5400728226908912, 0.0001924412934632719
0.21447274386957846, 0.5697332178136205, 0.003045510418560238
0.2041935467859073, 0.7221510054346093, 0.0015271957712584179
0.21544472599819012, 0.5169570214055992, 0.0037734172983215717
0.17382741702438728, 0.5465563587975164, 0.0013128539419035466
0.22579037815701497, 0.3624848717027732, 0.009433872908142934
0.1512313477173587, 0.6070925210694093, 0.0005766073186674475
0.2364845881927185, 0.46950457814800495, 0.006893166086642761
0.1902156037469091, 0.5374796885835754, 0.0020180169033544573
0.22216136495586006, 0.6660765476593475, 0.002601711677293628
0.17831968673911994, 0.37752460587151504, 0.0030785928653584496
0.16825276326001762, 0.5568140909272801, 0.0010959207931262912
0.1884797943199021, 0.5757045061923095, 0.0016893971449037986
0.1488202407988134, 0.4750977079549331, 0.0008772287152720616
0.17730825251261625, 0.3647169005562102, 0.003217077314852887
0.1270683934067866, 0.4921872564827474, 0.0004078217074397211
0.1825372289004005, 0.5348249240488395, 0.0017001569492074203
0.1761358218121011, 0.5457279248239846, 0.0013955435025673607
0.2570607673931254, 0.4593097681046453, 0.010397095964377859
0.12429618879943705, 0.6453985405776468, 0.00021524065929666835
0.17693292363857263, 0.6859157482557088, 0.0009011195787379372
0.1944499720506484, 0.46797878527870274, 0.0029327041907595253
0.11925479628544444, 0.5072207251521943, 0.00029044618560907626
0.19394279268021591, 0.6169267086756228, 0.001668256361655604
0.11920568731559494, 0.43323239983129863, 0.0003974026284475199
0.1954103073089792, 0.3949530226890045, 0.004207691311175283
0.1583304044800104, 0.6428121937798726, 0.0006293332787855
0.1857499516162146, 0.3701318301650539, 0.0038330046733454854
0.1738030672729323, 0.5442600248539616, 0.0013231398323925773
0.27014998289042014, 0.36538447236558513, 0.02044219269054582
0.2013196857109625, 0.5753039281664557, 0.0022608444894093023
0.12354655016465375, 0.7712512710899128, 0.00014676714713018102
0.14315859402195003, 0.7132052553443998, 0.00032819616008821287
0.1359875515979407, 0.47966266152785253, 0.0005787491301565219
0.112451631520565, 0.45211820039293843, 0.0002823002509856251
0.1493087026610932, 0.4202444347756782, 0.0011374609392382805
0.14222690322377143, 0.6611924908265021, 0.0003710477390408056
0.18647322268904087, 0.6951559620063935, 0.001105385822355485
0.1502703211127572, 0.5546839598026748, 0.0006716094931069666
0.21319753760290616, 0.665631327032737, 0.0021734016967503884
0.17455960092722705, 0.5599409135328206, 0.0012741892940476935
0.2055462952735966, 0.4497871924217259, 0.004052790953411584
0.20461955403961218, 0.4211475071449763, 0.004531738247351931
0.22288259403365124, 0.5710261519745355, 0.003590781475662192
0.17378516691747256, 0.602524205380137, 0.001079127607829723
0.176871614657013, 0.6473018400900266, 0.0010102946009989653
0.19720633209814295, 0.5772292578743452, 0.002050789049520502
0.13979595921683372, 0.6680764963906507, 0.00033689132790491814
0.16061306099073364, 0.5230347320544692, 0.0010123731507498325
0.1748054795247713, 0.45909455760289225, 0.0019072331799109927
0.14654087701597798, 0.5022464757018653, 0.000733416643500265
0.16550666076586318, 0.5119359286191535, 0.0012059318717297515
0.17278333926756184, 0.41743490612342393, 0.0021917780346655345
0.1638005905652079, 0.5294916982414442, 0.0010770494038879203
0.21073864755966332, 0.45745030863465835, 0.004372728136527591
0.1170397565062549, 0.49577921735865166, 0.0002799343959932052
0.18810139069836598, 0.3841166440756315, 0.0037615295134945125
0.14478138438946497, 0.524729061014236, 0.0006371352778869556
0.17788921214315523, 0.5568405657453168, 0.0014001109635728686
0.2187002826993747, 0.5195980181629349, 0.003989955395998332
0.11878530911033378, 0.6620772962993283, 0.0001675346056377682
0.22839279055361073, 0.6106772471706056, 0.0034957868024707247
0.1724919633554315, 0.513295469801402, 0.0014388451015586803
0.18743013979402226, 0.6566891950691106, 0.0012668921463978497
0.20958857869380929, 0.6505491278382467, 0.0021106838851388298
0.22169875036908715, 0.6073992979986947, 0.003100099296549101
0.14482873990921788, 0.6760032175603741, 0.0003844406299436473
0.1517384963262183, 0.5449555255223423, 0.000726214959575687
0.19852399763844553, 0.6517729424023956, 0.0016563438327620616
0.17415388833276585, 0.6604104968123006, 0.0009066589100414907
0.15423974697655315, 0.6206053199993454, 0.0006017258192933101
0.2219181348037737, 0.5884722609055255, 0.003317127742347609
0.19402673431242423, 0.36027855923408847, 0.004900946801801014
0.1593504123372228, 0.6333552518528112, 0.0006668454433147852
0.15457635614615906, 0.5570675148595123, 0.0007540145350418531
0.1998985501833807, 0.4702235072665185, 0.0032803460381267686
0.0930212967956463, 0.42860658008278835, 0.00013633606130461528
0.13424432907599254, 0.5350476760462659, 0.00043946380068905257
0.22506219338785602, 0.4425966145125494, 0.006238510766301463
0.11346883730298932, 0.470048473037198, 0.0002717300480291291
0.2089009189673319, 0.6986944685293317, 0.0018035526675162239
0.24448120208246546, 0.4875721905324229, 0.0073989164151823565
0.1469779656240493, 0.5368151651832515, 0.0006504683423308485
0.14123442174997863, 0.7054947377257914, 0.00031602161401790015
0.20879417734394612, 0.53059977049486, 0.0031202735382795514
0.15576275119669825, 0.5647414115518421, 0.0007587636351324424
0.18468880131708917, 0.5334483157824542, 0.0017993666877825479
0.16749075878026282, 0.6491859120050877, 0.0007902917787500592
0.15063909459518485, 0.7055044120702643, 0.0004196548962406898
0.1109286615603291, 0.3492470381316989, 0.0004455464981781169
0.17231051933334873, 0.670149838611316, 0.0008402217982930391
0.1367296039717524, 0.4727392796080729, 0.0006102640191580923
0.1568033591597588, 0.6609811780970013, 0.0005703629482961736
0.16817205470439028, 0.7439405281086473, 0.0006126413603803942
0.12459481042948312, 0.558730921608711, 0.0002902420141248834
0.19020713012436463, 0.4439752823445127, 0.002956965120473209
0.16803943177639838, 0.3282421666526848, 0.0031360751037139115
0.15881408979499037, 0.5333712424675324, 0.0009264424276823345
0.10996393031052717, 0.47799385459685895, 0.0002288876647400804
0.10981425997868585, 0.5308556726153509, 0.00018446391635956893
0.18972497336713076, 0.5850511493376686, 0.0016839377221266624
0.1318976691538313, 0.6346264678493153, 0.0002890499292170564
0.16532853900111988, 0.6060138011219309, 0.0008565077767100642
0.20268691256982618, 0.6079074380173359, 0.002086047028151131
0.1641222507264295, 0.53556866636995, 0.0010618726087123448
0.23083636440043487, 0.640162508273261, 0.003333680838381778
0.10447694719366535, 0.5708757737963163, 0.0001281069691547916
0.09066407568312354, 0.43202888795099303, 0.00011985478333115272
0.1325637049009981, 0.45975232337631466, 0.0005631011551413536
0.1347985666015158, 0.34931382241741116, 0.001049903928938108
0.18555014664380554, 0.7063811883520364, 0.0010474115906629626
0.20995383283944197, 0.4220347609620062, 0.005053755222934889
0.14444402751979812, 0.4796373429319954, 0.0007547760538909947
0.21095891076035134, 0.47999500884781726, 0.003989910019555214
0.11629410060921411, 0.5740375994281287, 0.0002030200960380224
0.18378307005621883, 0.4231600492248953, 0.0027983419829393686
0.11551173450592586, 0.5354952556581186, 0.00022646938727276418
0.16823681542923283, 0.5257964624332481, 0.0012285225960985934
0.1322171967845909, 0.2677736172539243, 0.0016409573188019319
0.14175140086379137, 0.4128875939918286, 0.000937610821811076
0.21783482917371463, 0.5893041727741392, 0.0030482253472958382
0.18967531564984558, 0.5678154768274295, 0.0017856610825639262
0.15910322063245097, 0.4227468145052639, 0.0014865950471126604
0.17469163493400217, 0.5058332414244936, 0.0015665650968713152
0.22382273635685712, 0.6216606231723465, 0.0030862966135604556
0.13547673023135443, 0.4805345207014867, 0.0005671806691951913
0.1513360221429539, 0.5788398900570357, 0.0006362022133103431
0.20885702306703827, 0.5124243539277179, 0.0033499809712602695
0.2320928099471144, 0.5426324031213237, 0.004751884434276147
0.13454506247666223, 0.5160453800708958, 0.00047709874376581436
0.2447778165981523, 0.7112622594320034, 0.0034954525899741225
0.09023240801952079, 0.4893905669724351, 9.14639425955668e-05
0.19964276798861025, 0.594618494179469, 0.0020398810102546343
0.18372220979257228, 0.5953417184242371, 0.001411707004600732
0.2003165141032656, 0.6371353640675561, 0.0018032510447373543
0.1731168134559669, 0.6301133397760781, 0.0009701105933799636
0.20750085403121737, 0.6599778744953806, 0.001962432167829198
0.20710710082996195, 0.6255764343542145, 0.002166023126270908
0.13358377470440813, 0.6348749592015775, 0.00030542587782519715
0.17795586227546772, 0.5699949778385139, 0.0013384370664585757
0.10429005056360995, 0.5389708314327448, 0.00014259491410408722
0.1639421623946915, 0.45001024097410447, 0.0014967870009970324
0.11981690281033933, 0.5558758130820336, 0.0002468822882532055
0.18889923637496997, 0.5771779130463004, 0.001697303005034712
0.18846991071147715, 0.7195754673668778, 0.0010811304748400293
0.1443219483960477, 0.519221017792741, 0.0006416879081236999
0.20012872503918872, 0.31373507083246593, 0.0074062990703256506
0.1166048227075987, 0.42296076122438697, 0.00037837148206304905
0.1260615779393984, 0.5878588623775179, 0.00027604749398037133
0.20270413143909657, 0.4696457039281303, 0.0034963961304753286
0.1470543606521694, 0.6424629332390736, 0.0004551688541127787
0.15747303178873653, 0.442856345215996, 0.0012946351233065877
0.1787741713800708, 0.6555808716633091, 0.001032415116722651
0.15038764858604972, 0.5649377329559138, 0.0006496781706376555
0.16416349638617905, 0.87054039527107, 0.0004023509681791388
0.22034425832454801, 0.36706202458719067, 0.008262940662789754
0.19202659993301266, 0.5865113276058092, 0.0017668643760987942
0.15840822195684398, 0.5284111119075195, 0.0009333488106748404
0.2138675591081635, 0.5294817490274223, 0.0034825833865847248
0.19529912164649066, 0.3532247867358902, 0.005247407965374885
0.13983826321742246, 0.6280156100931282, 0.0003817504113935579
0.1839852944832498, 0.44522822675010776, 0.002540073074056002
0.20349716497301457, 0.6324418845810453, 0.0019614689922133792
0.16821452654795782, 0.703094888113257, 0.0006866531324926112
0.15294085611016675, 0.6071453321415559, 0.0006057369278479716
0.2577981801220571, 0.5906981321470012, 0.006365991137499015
0.12434400854000832, 0.3331156380767196, 0.0008093292858945367
0.1585750650113194, 0.5152075717081086, 0.0009863589165170624
0.17097299738228644, 0.5912031337740973, 0.0010432143550247173
0.16865087558390535, 0.6658559715692234, 0.000774381805244394
0.18454113444094253, 0.6762738425610786, 0.0011156571065651683
0.20135381546138315, 0.448515461185651, 0.003722497881305482
0.2000303017537558, 0.5600516936618679, 0.002319162306046317
0.22114923818034607, 0.48290804804327847, 0.004851242452603847
0.181976437787924, 0.5458067352532333, 0.001610478077439286
0.19762784023239602, 0.4310397571770585, 0.003712470284465373
0.21984320035780203, 0.47830701732323966, 0.0048178109871122015
0.1872215995471731, 0.44507230976323664, 0.0027445486419887307
0.20135449594906704, 0.626759653545338, 0.0019063107229801677
0.22096820886275417, 0.3963308895649691, 0.007176309366219945
0.14496052058693923, 0.4232831084333889, 0.0009844708865071685
0.1464851446983145, 0.36318627158988454, 0.0014002282026535722
0.10948954785901638, 0.5116331997875074, 0.00019601448929029784
0.1281685270258647, 0.35956858249332513, 0.000793671072050848
0.1971191888088667, 0.6283087978861528, 0.0017275347397576785
0.11722052210232117, 0.6745746647347113, 0.00015223759374462942
0.1728754330647206, 0.6238138226280057, 0.000983744565678722
0.12237224004502609, 0.570099152182414, 0.0002575549556232545
0.09904046734898454, 0.6993265250845901, 6.748102821467541e-05
0.1550569063412931, 0.5187104679965937, 0.0008816105469933312
0.23309808336417914, 0.4463583392945615, 0.0071576240278681
0.16013834413291694, 0.6085233118706365, 0.0007382286979682321
0.20748202529674004, 0.5426373089573435, 0.0029017547393749435
0.16337448338633762, 0.7066167846599646, 0.0005978725286037804
0.223514002506224, 0.4735386178597242, 0.005286837104934581
0.12437236358509043, 0.5580101605184902, 0.000288713299266321
0.14272846014609528, 0.3506406018522059, 0.001339948307435355
0.2170323423801453, 0.42443310087525743, 0.00578169287195195
0.20353648515235823, 0.5864612701445931, 0.002283038387674437
0.19906282763778632, 0.5042457850874077, 0.0028005161824129175
0.17295380747763725, 0.7157121129634696, 0.0007488273910751129
0.15716481495282725, 0.5375192006262844, 0.000871247139072151
0.14161726514433579, 0.5362615294029089, 0.0005535080052379672
0.13077634532810414, 0.4747097362874239, 0.000497551549379871
0.19579880898308233, 0.6434168989808736, 0.0015993561028127823
0.09730607513767969, 0.7361625290427957, 5.6342262887736763e-05
0.13392897301779302, 0.4900169479521927, 0.0005185512256312335
0.14835674771052804, 0.40769169237219505, 0.0011750444933523651
0.13802235250735764, 0.5059148893880963, 0.0005553777115706464
0.15254847351808437, 0.5986371074125035, 0.000616074511012134
0.1852067392593312, 0.6562926175176252, 0.0012035405186447573
0.16696397507626765, 0.5853566337986575, 0.0009586609159545654
0.14733134272528273, 0.7073326606402834, 0.0003786318293247133
0.1481111956279011, 0.5824564654736424, 0.0005715124064052815
0.1258699361619298, 0.4636448063796535, 0.0004408105205631282
0.12674907344680963, 0.4982743716428223, 0.0003935372868748731
0.23569230410991177, 0.7119588589669098, 0.0029537645192787504
0.24230570739172141, 0.5297160611036034, 0.00602670103376239
0.13276103251363858, 0.606115126621934, 0.0003261117039892044
0.17976650695995466, 0.41308725910617383, 0.002664409218338528
0.13207220482861295, 0.556316768032081, 0.0003783483811095456
0.1993113863355561, 0.6815721477798621, 0.001541286985339108
0.1621651940337487, 0.6313008750471072, 0.0007249478348166356
0.1621631488686192, 0.601852119233722, 0.000797582932417118
0.1853147371691648, 0.39822070204782667, 0.0032773441230081867
0.15925371820142945, 0.41486829265224306, 0.0015500280766423638
0.09972099604415027, 0.5745641516625198, 0.00010302673081900596
0.13113440241821628, 0.5836776748798542, 0.0003330987133595928
0.22832818263505253, 0.56324804745122, 0.00410419885670284
0.1809629994128209, 0.5112270222605945, 0.0017911557526403706
0.16090168523353116, 0.6022804007493316, 0.000769546813050056
0.19973242696831556, 0.6509838933983255, 0.0017052935865774369
0.1594539248913751, 0.5072107283357983, 0.0010427590681998608
0.15608149955337047, 0.6289809830106746, 0.0006172159697227273
0.1564951406130355, 0.5220021502949057, 0.000906619555440789
0.17502063807362958, 0.8302199027317163, 0.0005863708504703552
0.12857195645142971, 0.507658202790591, 0.00040370729044449083
0.20738108705939823, 0.2548938147829148, 0.013122952239618195
0.09728017921363954, 0.6305216394243518, 7.671372965860693e-05
0.1417799042372977, 0.5958574005303199, 0.0004505944187009779
0.13151822351572776, 0.6457390992718586, 0.0002756702115583555
0.1677180458899584, 0.544343277971295, 0.001130762145052737
0.1786700204928766, 0.5284288789166243, 0.0015849670309378155
0.17712333942159816, 0.6098732836128985, 0.0011452496365318692
0.22011676473158936, 0.6309193485580274, 0.0027841455573768114
0.18020932812890295, 0.5595156620417421, 0.0014681194027520142
0.1986756122033008, 0.580603786875614, 0.0020943161059999325
0.16994119085811418, 0.5443483370473468, 0.0011981913718217823
0.1354673314332453, 0.6565400941646805, 0.0003037494667115261
0.12328958940750215, 0.6639090632312062, 0.0001962568797715669
0.11353925061436226, 0.4444338159722788, 0.000304785434328809
0.10352118058005755, 0.7581688004413907, 6.975295821774951e-05
0.19498772978458584, 0.5952965926357701, 0.0018345567397238239
0.21693880164730234, 0.535785284162168, 0.003621330620193226
0.22494875293955985, 0.44931760733455517, 0.006039859241060065
0.16336809169687824, 0.47695149011689153, 0.001312058852908241
0.2191506303215887, 0.5552774132106677, 0.003525444375503987
0.2613950576045878, 0.40316774825935, 0.014524552704374905
0.28729961900234424, 0.5571588740147063, 0.011526090183590224
0.204799585205189, 0.510887218809648, 0.0030914607815485293
0.14701597195968014, 0.588631720919332, 0.0005416047424135476
0.21499691910445248, 0.4471106036685563, 0.004998478155310197
0.20678136095546706, 0.5474645818738317, 0.0028086909484125425
0.15615726851422082, 0.4723316646587245, 0.0010968455337237312
0.13546184209867956, 0.5532268821471856, 0.0004277145718261357
0.1623062598695318, 0.5119071668751167, 0.0011067732805238836
0.14446516740263474, 0.5832164002516933, 0.0005108157505057417
0.17116813254555183, 0.5564991864012548, 0.001183307575058347
0.1751390084825375, 0.5548750685796502, 0.0013166191731205335
0.20453355768009707, 0.4855574418309968, 0.0034028968685925224
0.2446377952877587, 0.5808840750353657, 0.005227458510021663
0.28327617279792877, 0.611277807147829, 0.008999385239327137
0.15850214912438246, 0.587746472409916, 0.00075638083706448
0.1299869245939384, 0.5922783111840794, 0.0003112237855092404
0.17173938965684152, 0.44961006493203365, 0.0018395918387519039
0.2561205590177049, 0.6235700025141917, 0.005550741570999129
0.200715188086861, 0.5623360000251043, 0.0023352165718578143
0.14729249904860986, 0.5373926911571693, 0.0006552049371647041
0.23451991343316214, 0.5645267244773973, 0.004596081019914667
0.1324147722258057, 0.5726322068197522, 0.0003611891387677806
0.2246104500797288, 0.5474008844238158, 0.004042469233269944
0.19907070212268135, 0.672756548267457, 0.0015735565748142618
0.13529676970750396, 0.551921483086875, 0.00042744080687863196
0.1078920256114628, 0.6248227910674113, 0.00012319846536993392
0.127906447516033, 0.487682871931414, 0.0004275802275505087
0.17103284420627726, 0.4184023899400513, 0.002086063204798682
0.18606099275538895, 0.4051174792036344, 0.0032232011015461653
0.12910193580262294, 0.6022467953058918, 0.0002920929134699217
0.1896397101570177, 0.584327243792984, 0.0016847771780269
0.2043797756212208, 0.5163736100851639, 0.0029989184660337933
0.1824724061451981, 0.46183183902994646, 0.0022764904441466205
0.21128432597082225, 0.6690013613268234, 0.0020678923543361286
0.1133727970639619, 0.44661123403006275, 0.00029987868735363663
0.12379652734092284, 0.5824788677285375, 0.0002596108168267491
0.1740018696511264, 0.6119904614279796, 0.0010517531364422938
0.22026754094970796, 0.7553858345423189, 0.0019480963794472424
0.2230096643918683, 0.39012435760090103, 0.007712301054684661
0.17586708206830698, 0.5162284527187508, 0.0015491521597556007
0.15251460268744912, 0.6677531905204438, 0.000494657086830811
0.1376377354185121, 0.4544723231557026, 0.0006798233820126437
0.16716948464974493, 0.6668799985401269, 0.000742610916332458
0.2153279088753219, 0.42549790604996746, 0.005556642588296248
0.1543533889913566, 0.4699377616206964, 0.0010528254005098864
0.1282603437816421, 0.4318952680243644, 0.0005518430329189101
0.19574567653516273, 0.4206085663815814, 0.0037381373573036358
0.2008819444487807, 0.6669496388536675, 0.0016661718358056017
0.20215030024458977, 0.5851327054653496, 0.00222548396594517
0.26456867972861087, 0.4696536066449653, 0.011287029649029466
0.19791081828934512, 0.7670134472112009, 0.0011798475434970995
0.15804245257815538, 0.45476593415552624, 0.0012473679878185204
0.14770189875589065, 0.6858032792494486, 0.00040725415791976446
0.09838848314220115, 0.5168946401411334, 0.00011998214057765712
0.11543213198967907, 0.5489430647938163, 0.00021485667300059208
0.17292043668070306, 0.6798873610734577, 0.0008291169339174515
0.24577744597114387, 0.5875973410683762, 0.00521424185715767
0.16689503512466336, 0.5497322416404526, 0.0010849619689029604
0.09434456701151157, 0.6905488810633352, 5.588964952040229e-05
0.1412350818621797, 0.4666450031847862, 0.0007223372907402203
0.193435985067282, 0.5354430279006183, 0.002189290269760881
0.13772183500750315, 0.49121449783866633, 0.0005834932916820456
0.16207147895737659, 0.5088243718985154, 0.001113112617751308
0.14431371799885193, 0.4397417265609106, 0.0008943840624396374
0.14180876344280133, 0.6109881507976022, 0.00042893731567839803
0.2196352421434718, 0.6584826067153293, 0.002531431622881374
0.2632382499832153, 0.4084857678302136, 0.014593101908595953
0.19507153575566993, 0.7098916703482404, 0.0012925129707187977
0.17785576005448328, 0.6396292059717561, 0.0010602498970416383
0.14980707197841284, 0.5901786045633534, 0.0005852496514923735
0.17661197316793623, 0.7227044215282186, 0.0008052543901614006
0.24508013494915487, 0.7031897911259561, 0.003595642213823932
0.17260842564587559, 0.5690231429503041, 0.001174299291949994
0.23129701169264105, 0.797714175220049, 0.0021658051107743353
0.2235064851690484, 0.5506439635140177, 0.0039093153009484415
0.12585480956636522, 0.46122393342740076, 0.00044521462356782355
0.19937226582195944, 0.47834382664849256, 0.0031333609467899277
0.18598284784802044, 0.633030404683155, 0.001317642180134333
0.223772978644254, 0.6232758841394533, 0.0030673185323043246
0.19336603703633537, 0.5723883964465026, 0.001912745196806371
0.12388202436148751, 0.6804175188253493, 0.00019083209360198217
0.23478734414361932, 0.5050068681440574, 0.005772180908612316
0.12632825840352535, 0.2617233300621137, 0.0014056696281291023
0.11485791564656568, 0.6277171871395866, 0.00016074813856825333
0.16102811327631933, 0.6014403334865762, 0.0007743696055391606
0.14287333353113438, 0.5704418028795479, 0.0005085438329052381
0.193959154425723, 0.5313319454707606, 0.002249879624012662
0.17725532945385147, 0.5600943772271136, 0.0013623239738911835
0.16505096844273687, 0.42499015471254387, 0.001728732102288201
0.23285297868440746, 0.5824800385701087, 0.004183730624260971
0.12986566410554476, 0.4841872807816904, 0.00046378237801049735
0.27149222532439515, 0.4987556741888005, 0.011213023854270542
0.17760618753690186, 0.7372663969290197, 0.000793108530664224
0.13838142854463203, 0.4534446241060788, 0.0006992939076251295
0.1761965577729084, 0.6749764376568965, 0.0009136446562431008
0.21550359219583756, 0.5694424829354113, 0.0031136230162475942
0.15035974380108505, 0.6252218839711228, 0.0005300007627220863
0.15766949947079645, 0.6212053978624709, 0.0006615844467904392
0.18045655769350594, 0.4222727331323921, 0.0025931017665068805
0.16141330422060315, 0.7253083830916898, 0.0005380882957363038
0.19246535648095855, 0.3865748449519759, 0.0041081852355627675
0.21315351668939939, 0.4988452262379849, 0.003866172841298001
0.07079910173787758, 0.4623504383526541, 3.524888949315657e-05
0.15119985022466353, 0.5476859264210175, 0.0007078296046402444
0.21797850534970506, 0.7702230898530061, 0.0017895876706508181
0.11985887834471834, 0.4786613961309164, 0.0003334709533820678
0.18342548721620966, 0.6371642466067615, 0.0012237302584495924
0.1253307545955447, 0.4040263683925013, 0.0005696395795006067
0.1757586486439407, 0.49111279833397953, 0.0017070132580012636
0.24034185002332387, 0.5523266670431282, 0.005348392021172868
0.1441921640907584, 0.6305903756949826, 0.0004333257771984732
0.12618409125395988, 0.6021216251264548, 0.0002642516490328821
0.20318958942211954, 0.4250371692249877, 0.004313983386874465
0.2968692728409841, 0.5191325732643046, 0.015335446733331905
0.09395875830775385, 0.436265247592543, 0.0001375272129804674
0.22060597963455475, 0.5837236118821015, 0.0032844859399289257
0.14508474664840423, 0.6851230718067177, 0.0003771937052863353
0.18350663238177325, 0.6914497380797492, 0.0010411479101532812
0.15562067688253092, 0.5256318429190396, 0.0008723659038065438
0.14038357046646696, 0.6409071857834822, 0.0003728784327692018
0.2515818005293884, 0.6430564425614589, 0.004824544117518689
0.2151625961894341, 0.5727697512783524, 0.0030561844567487573
0.2226615379146214, 0.5181686842388225, 0.004341726588360573
0.1690358258746624, 0.6800094047567039, 0.0007499677735562493
0.2036988881212416, 0.5092015030354463, 0.0030390415679893462
0.1911497621519925, 0.5993049713522166, 0.001658496995900367
0.2102621802029031, 0.6333586615450886, 0.0022584765587231577
0.1749322850235608, 0.5595958069801302, 0.001287789434529213
0.18945220303076876, 0.7975954859300566, 0.000900324410799227
0.1787184006976578, 0.4303139542820764, 0.00239298415597394
0.1932432420082127, 0.535373893125112, 0.0021802711288777736
0.18157313183161894, 0.5984961106451141, 0.0013263868388886373
0.14778435852168306, 0.5183386413624896, 0.0007146674406041293
0.12270184158336156, 0.623271446415544, 0.00021805005004335882
0.11973781488153752, 0.45855856869871847, 0.00036173798540378255
0.19036167187819614, 0.4904945308204446, 0.0024313495695374083
0.19459878807945105, 0.546584632037771, 0.0021570868985972187
0.1827836442317719, 0.5021389686073371, 0.001940181255882711
0.1516564304202032, 0.5533333915197469, 0.0007027159152468315
0.1299679591516364, 0.5195755901002476, 0.00040415516690204677
0.17991224283782384, 0.4984935461211405, 0.0018361745969530234
0.21686583937489134, 0.46043701886708904, 0.004896282635940456
0.16787208674211693, 0.592820522368736, 0.0009572487087455337
0.21541238950308092, 0.39810444813976287, 0.0063586192599612
0.19770489955446854, 0.4964631690298294, 0.0028032932319964694
0.16237721995440282, 0.4587646980081662, 0.0013806905780677293
0.19882353085660892, 0.6766413126355982, 0.0015470598581185436
0.2316419034433143, 0.7765861381264495, 0.0023002867532057104
0.15189104677504536, 0.5275339406261765, 0.0007784068594070188
0.12573385182129085, 0.5812968185860884, 0.00027909995985502
0.26795110361277863, 0.6506805952199848, 0.006218342044738131
0.1607217623002476, 0.3419058323604573, 0.0023761918175239077
0.1571320509146203, 0.4993485271904234, 0.0010086102521226724
0.18976309110860337, 0.4743745256875335, 0.0025636271477083314
0.14214229017175167, 0.7204840874101307, 0.00031167334882389424
0.17538457868893267, 0.6119539332440607, 0.001089157315812698
0.11114076717603166, 0.49530508704344706, 0.0002233897476217475
0.19785303009397012, 0.534868043908561, 0.0024231511204080253
0.13565879748111243, 0.5150226751953023, 0.0004966886474558149
0.19236365018964796, 0.7626933155598983, 0.0010529488104267177
0.09849957103087975, 0.6331949629550695, 8.035299825832975e-05
0.16723037290889833, 0.5031126119553432, 0.0013068392947890985
0.18992149121795693, 0.437934634139067, 0.0030190715284199032
0.13140891270875302, 0.5002379071796629, 0.0004576799802791058
0.09569213271131956, 0.6219729160662661, 7.332944178347921e-05
0.16158741298330026, 0.7059250889372057, 0.0005707445664154932
0.17260182507039304, 0.5694166189158201, 0.001172479635622164
0.14198035156926506, 0.6731949514943071, 0.0003552126994368392
0.15791694227064634, 0.5234719473448379, 0.0009381352754936086
0.16542501595947864, 0.5776653815726884, 0.0009450579250361194
0.20637160334250515, 0.7384550071544639, 0.0015303034115186336
0.1519498022522664, 0.7345830869435144, 0.0004021283203404221
0.17949477133241787, 0.4501400563631624, 0.002228940649357509
0.16205277034199717, 0.5607742637548161, 0.0009159635099915854
0.16079378797579205, 0.5646278616545755, 0.0008730237530185572
0.1743266982111596, 0.5062837814081755, 0.001549455282661193
0.15447148871817457, 0.5407941792767997, 0.0007976907228018605
0.21374585470313895, 0.5583660506537169, 0.003123760808030197
0.13585457775258677, 0.4945349406078682, 0.0005421241484100218
0.17168031936448155, 0.7732654257031115, 0.0006209819364932109
0.13874061451540576, 0.6187854541343958, 0.0003798233023421446
0.19799264925083712, 0.5621475831139655, 0.002200498593613495
0.23674335027276627, 0.6411410038977582, 0.003714334942679613
0.07584776505361845, 0.4921062689176584, 4.2130476451216796e-05
0.1708659178915929, 0.6378762427329401, 0.0008936696222734885
0.2190593130515967, 0.5177414314325682, 0.004047730891166942
0.1530198534260755, 0.46879389062407006, 0.0010183387026342183
0.1554324450115797, 0.5979761732178008, 0.0006704733561566636
0.2052889148944723, 0.43004424057007223, 0.004409078407036255
0.20709790194207817, 0.5908853281513882, 0.0024273508873531263
0.12660918167206736, 0.5781909700714032, 0.00029085074151683507
0.10717250734653759, 0.6637390413214497, 0.00010600786589009799
0.12444076000944393, 0.3752853508314211, 0.0006398502649690814
0.14316011961609315, 0.3853433018532679, 0.0011243131747711577
0.14887404979821736, 0.5444047854354507, 0.0006691533249508247
0.2434595827123841, 0.5994491091677144, 0.004805510177566794
0.2570918471953426, 0.5479152368413513, 0.007310173456674767
0.19293461582277163, 0.5972647017497896, 0.0017395498543707627
0.19433646916018935, 0.5056771014238994, 0.002505291564094096
0.19591624970907842, 0.6228674920130841, 0.001711136224217745
0.2219486170381692, 0.4267691703994345, 0.006310889416092347
0.16869169211342722, 0.5322121731941846, 0.0012134127262246437
0.16523783596136501, 0.4922777505519218, 0.001294873300525152
0.1459255097167543, 0.7139068161115344, 0.0003563364127869854
0.22598860358891892, 0.5262267210182499, 0.004493666860080613
0.2041937509290847, 0.6968365778373136, 0.0016401772555786867
0.07665919914510025, 0.5382002166522387, 3.6911439571847034e-05
0.09277313755967714, 0.6144149093162525, 6.556925991403663e-05
0.17384902646852102, 0.6684231186325892, 0.0008782556042674222
0.12675188323358075, 0.606334142110232, 0.000265791630079895
0.15978390222811964, 0.7136561448015569, 0.0005315366076117857
0.11957591237277995, 0.4473362622164694, 0.0003778591838557617
0.1933163109836094, 0.4528157358146659, 0.0030528416026616495
0.18300724737916163, 0.5488301594229215, 0.0016328655647383122
0.19515960911556382, 0.5363820810064467, 0.0022684703623003528
0.1545895887164264, 0.5736986098679974, 0.000711199374027573
0.1450272364319089, 0.6799905310333489, 0.00038224189086326674
0.19415288737634115, 0.5392997481262156, 0.0021935039362568002
0.1292405026010261, 0.635821614572569, 0.0002632990731916715
0.14742757517224644, 0.6603648002349934, 0.00043565674720966776
0.1651158236247174, 0.5731146198020644, 0.0009522548245422993
0.2373755813981303, 0.5711484680286557, 0.004735724691737702
0.1357631165325832, 0.5160989171744362, 0.0004962950192487908
0.20650519107575782, 0.5387941544682666, 0.0028828127164082645
0.12255376634476225, 0.5722710010489459, 0.0002572762719975171
0.13976203427533068, 0.3255193199683555, 0.001417505969393012
0.11837563512387128, 0.4807869293381292, 0.00031290666201183506
0.11663052232142723, 0.6168236376328964, 0.00017808102688009615
0.13636248399784479, 0.6424447768177453, 0.00032655163958518626
0.10020585514483107, 0.5933060291813419, 9.870473972204278e-05
0.17413903170293257, 0.5778619168081884, 0.001183751931161512
0.10796438227120142, 0.44365905966205754, 0.00024507635191563194
0.10734560726385933, 0.5110400657171454, 0.0001800971399838485
0.12222489460901817, 0.4623789334391132, 0.00038946853215737206
0.15436759141452364, 0.43527036408983066, 0.0012277068038754572
0.21952499901229397, 0.5950589613379957, 0.0030929679971872727
0.11216809475137021, 0.3895783069027179, 0.0003760118010285065
0.15634505205849966, 0.6797186547044265, 0.0005324486632260401
0.1808364053730525, 0.567727404803479, 0.0014479180719960123
0.152780913918898, 0.6298125102746452, 0.0005603345309848768
0.22824643200257444, 0.7321379224124693, 0.002425256516067408
0.1852069897344683, 0.5609252789859315, 0.0016475868346647634
0.10641987201706123, 0.5365913065398671, 0.0001572456552824046
0.14316743689963124, 0.49195699969947754, 0.0006899638047361863
0.23774545586926868, 0.6012353598656266, 0.004302993178178823
0.11976648468537696, 0.36913523185794817, 0.0005588178013514633
0.22209004342785282, 0.41740082571988674, 0.006615874847533539
0.26203639690713987, 0.5998908293874663, 0.006631512237697077
0.15235079185929126, 0.6036783199358883, 0.0006023813098210439
0.21902290628697366, 0.5712420156692113, 0.0033226115933054933
0.12601290049447206, 0.7674209808010566, 0.00016170542707269266
0.16174878035769563, 0.43697471396805476, 0.001496076316454027
0.22308445489594064, 0.6150810472698182, 0.00310717822364569
0.13423505503433952, 0.5655151776609193, 0.00039326701823982365
0.20976953787121452, 0.6719923555264833, 0.001985655422961923
0.16911655983592436, 0.3303523702442378, 0.003184417776332872
0.1901657477329796, 0.5949280965267292, 0.0016452012751318023
0.19643485081412584, 0.4504300325917684, 0.0033103415106655863
0.17063452946576615, 0.6268506810049587, 0.0009198820355884048
0.19445788507460676, 0.5139572838405759, 0.0024318921001264234
0.2420432508678702, 0.4955024974734459, 0.006854934376362292
0.1361199150993561, 0.44430245225888787, 0.0006774290595706265
0.13347856861739105, 0.5967902360390133, 0.00034445560677701077
0.16206171411641687, 0.47507095416980705, 0.0012765646788397858
0.17063184808799542, 0.5197776663976855, 0.0013378119880488577
0.13779182432855458, 0.4848486609636904, 0.0006002562304696854
0.21655110304871844, 0.5102674813309038, 0.003961283032874015
0.11980958596498195, 0.6457583704830235, 0.0001828894714447664
0.19606211732171505, 0.613973015439795, 0.0017668495001037148
0.07181991010562809, 0.386482730065748, 5.3725823895882824e-05
0.2090831517872843, 0.43062638334540376, 0.004766157572148779
0.15273338181603827, 0.5103062916026612, 0.0008523412569451358
0.15097017863896553, 0.614754286957116, 0.000558063872655838
0.15140426785937822, 0.4475484431085817, 0.0010663346276481953
0.16295104037064154, 0.29331255277444007, 0.003430488779010538
0.1688449034820265, 0.5022856441235894, 0.0013677646424357882
0.18010842342464778, 0.4068753372857594, 0.0027694458230210594
0.13398336790464505, 0.5711101619136296, 0.0003824283142344808
0.17630145205008102, 0.5835174378219677, 0.0012256998465385565
0.12903466923463713, 0.6523540840430139, 0.0002483746925890538
0.2195684095602855, 0.560519624496877, 0.0034889248827078352
0.1827600312427337, 0.5658410997719566, 0.0015270536757330721
0.1517488447179166, 0.540535576499324, 0.0007383615310547287
0.2313144413304098, 0.4532476021716467, 0.006710995612292931
0.16249923221685209, 0.3895506569285695, 0.0019212496159621713
0.16911435571996658, 0.5536507469045757, 0.0011336740576167253
0.21764740705238997, 0.6014975565961853, 0.0029148321518670276
0.18819858601876405, 0.6393889378145081, 0.0013606537651370395
0.20372630543338133, 0.5879501135290696, 0.002280826347143675
0.1537678804147472, 0.5373264722455999, 0.0007919507701606094
0.11789564455337756, 0.5112384104820782, 0.0002718373290589269
0.22245807986048852, 0.46655242520239165, 0.005334049055798395
0.18659361460399226, 0.550255071764203, 0.0017692272129428848
0.12299081733167253, 0.4528019761561523, 0.00041743522646118234
0.14109437647453366, 0.42994730269245424, 0.000847184770703683
0.14203300109439382, 0.47087757471178165, 0.0007272146865203071
0.1356338221928197, 0.534248470446791, 0.0004612097971909001
0.20147462137220937, 0.4268986117208939, 0.00411989307324796
0.18542624931472654, 0.546376621455529, 0.001745560963140844
0.2522797272112849, 0.626581913725485, 0.005143900264553625
0.1607014977686803, 0.7374416367735851, 0.0005105029492832167
0.11461662318242317, 0.5821274855779135, 0.00018519069730210124
0.1800095959108564, 0.7343757724931216, 0.0008480668868103853
0.138356046583309, 0.45117276018786634, 0.0007057842917029377
0.17401207472601163, 0.6270278528229714, 0.0010021702952703387
0.16996859292710426, 0.4598041457116262, 0.0016805147167050132
0.17239632352785744, 0.6161981915419703, 0.0009959745890591608
0.17393012615641115, 0.466382552536441, 0.0018077171561910199
0.1250790215653735, 0.45166250459912505, 0.00045180341729506745
0.13355571228481544, 0.6657661163420785, 0.0002774836376247904
0.17430439496291317, 0.44175479713063404, 0.0020340425527676054
0.17730994807844438, 0.637419306192107, 0.0010532734139395536
0.22396866550079214, 0.5148229534974975, 0.004513090554453022
0.24843361271142234, 0.5181473447194991, 0.007030478829637059
0.15360324742656087, 0.725256503229885, 0.0004326576455979111
0.11117602045977978, 0.5643189712110616, 0.00017233184730753803
0.19914441885112863, 0.4874420935731326, 0.003002338464260848
0.1518650487822151, 0.49023515434464476, 0.0009006819611774838
0.1527577211564722, 0.5428804295828277, 0.000753653078179573
0.16185079308792744, 0.5903087542825922, 0.0008220774008324276
0.14407969237432866, 0.6176168156230353, 0.0004501734444760881
0.17637141736345813, 0.5184496615718719, 0.0015553810683730698
0.18040925945952607, 0.5244294490627178, 0.0016793088603311466
0.13195609698572036, 0.61940821039329, 0.00030401962011890733
0.15629875978987162, 0.6618821824035155, 0.0005608011006374603
0.14119362689460277, 0.5602563143324369, 0.0005004708557570024
0.21170677178685915, 0.5754363364030681, 0.002819708619340819
0.17178577925314933, 0.6113948249081641, 0.000996015509704582
0.14281466431822687, 0.5236529351692376, 0.0006023919336437281
0.25216416467605524, 0.5886147146738601, 0.005817153036422505
0.2453746787158746, 0.45804396184132223, 0.008519271239155477
0.17681317870910992, 0.5438764566082884, 0.0014289918717579118
0.11265523922704504, 0.671774416382289, 0.00012889174717335973
0.1665948789723358, 0.5582322239881531, 0.001043872220294363
0.1626857877608413, 0.5134991745547852, 0.001111283079397501
0.16737784089497584, 0.5461118571283486, 0.0011134576796622403
0.2354099789849295, 0.5773603894948776, 0.004467878437016948
0.15354222858207703, 0.512981664444125, 0.0008633058976660637
0.15129280701551967, 0.5050490543667358, 0.0008346400250041684
0.13299167141007256, 0.6139025690789327, 0.0003203277400858544
0.2163528912696056, 0.5245477373421933, 0.0037334621756593663
0.18973081608786505, 0.6431295370615162, 0.001393720327049298
0.21959289988090933, 0.712247276978774, 0.0021618462075047714
0.1726207668229269, 0.4867793962071968, 0.0016051325599374126
0.12617683979616964, 0.6499383496029183, 0.00022674202070796997
0.1417350887828987, 0.7002323122707615, 0.000325823252455083
0.16758215327496379, 0.652826593830333, 0.0007833798452255312
0.2168214126464604, 0.5100327208441953, 0.003986753330481355
0.14923621272643045, 0.5207802492189877, 0.0007391004232740097
0.1341403079121927, 0.7035227090167313, 0.00025332063681148513
0.17724570038069476, 0.6941636610592526, 0.0008866970555554881
0.10052330148021998, 0.5689635047048526, 0.00010883554314316659
0.17427758867904825, 0.48857849735868597, 0.0016617281789967002
0.10340521953387906, 0.4715300887592748, 0.00017944605043350106
0.13319446044258762, 0.6361458108864778, 0.00030032512784304897
0.14379646254673123, 0.4849679789378933, 0.0007238221330263947
0.20764559830959547, 0.38765750504394386, 0.00570544487320662
0.13914082265840577, 0.6099065685132052, 0.0003959491086538454
0.19369453686418447, 0.4436657162350044, 0.0032075289998700655
0.17537366591749182, 0.7260634779631004, 0.0007734994108308393
0.1866435836549298, 0.4703357353897355, 0.0024244175941935888
0.22102204707998457, 0.40366048358664863, 0.006925482744055738
0.15371477171641787, 0.6727855583059996, 0.0005043839234193105
0.16562225274664535, 0.6149449302284297, 0.0008383312805777217
0.2537654055936826, 0.3863753349675608, 0.013881926550112835
0.1396507929972176, 0.5787448344580155, 0.00044687147011975074
0.1491322690257399, 0.5692690976697738, 0.0006166600753946779
0.12291356246607002, 0.5943524331339962, 0.00024161114008745731
0.11879248876914081, 0.5380899755225637, 0.00025370417345861216
0.1856095703629239, 0.5686939346346963, 0.0016182675010413356
0.2097186657218608, 0.5922980907453058, 0.0025532210126650644
0.14654623484790855, 0.5308664303776515, 0.0006565743242341292
0.11356151814244092, 0.6720985182379544, 0.0001333881521156415
0.15176943737730203, 0.5473453056872644, 0.0007205334180424076
0.17477265783883222, 0.6026603419444347, 0.0011058698790583283
0.16112783776809697, 0.618018488844554, 0.0007353828712664016
0.17286115663057497, 0.5769692776404487, 0.0011495533838844568
0.15324389020082968, 0.5564452612932509, 0.0007274563531531794
0.17009913050930286, 0.554033401251952, 0.0011614037209902832
0.2536618615229529, 0.656091729412599, 0.004805731932795912
0.15801331582055494, 0.6820672194339421, 0.0005540688861994589
0.18939724563386656, 0.6804226329071742, 0.0012355277207168121
0.21551886926022915, 0.6454549057946513, 0.0024242053440512723
0.06058643276381555, 0.48076597117790904, 1.642669296540966e-05
0.2598161880215585, 0.517180033305944, 0.008594363267052423
0.1808652885773696, 0.596367671529841, 0.0013131087775532365
0.18943851468065206, 0.576046317394403, 0.001725486316431708
0.17189811675611563, 0.48465991434374067, 0.0015895881524994005
0.12497777020986532, 0.2760662271645237, 0.001205045744943907
0.15519339543137747, 0.4542971302912382, 0.0011537936496771877
0.22176144587872276, 0.7521091870385115, 0.002024429726307117
0.14268390508762807, 0.5719338615551698, 0.0005029493137805028
0.1862437598565433, 0.5715056761281107, 0.001626613660223184
0.11621180124180966, 0.6093168413601935, 0.00017963069764929547
0.11822480250721212, 0.6518030116807155, 0.00016929767706697633
0.16119998090373258, 0.5225536793195557, 0.0010306471713536249
0.1514802532973248, 0.4878036489793513, 0.0008995852115814888
0.1827457477391904, 0.5492245857003639, 0.0016202946217097958
0.12160601499157858, 0.7113798913964082, 0.00016090330995147676
0.16887652886283605, 0.683108495918873, 0.0007401017246160903
0.23035145608490065, 0.798246523266389, 0.0021242814556541455
0.15593700416059014, 0.533142516787588, 0.0008555702631240881
0.20062799350692503, 0.5294021384141635, 0.0026297668449341426
0.21550035986717306, 0.5371723682866194, 0.003498724662050845
0.2244115582359186, 0.6316653263483127, 0.003024062723828836
0.1972345297978904, 0.6558512471830924, 0.0015895718954195492
0.21050753368330322, 0.5070100105786906, 0.003542504886895984
0.12817642165127197, 0.5563204367526577, 0.00033164365895074316
0.19659627256885265, 0.6649265901525607, 0.001524578270104211
0.12371303118436784, 0.3729885037671614, 0.0006312523034540106
0.1722088960524071, 0.6447525631629281, 0.0009053662612381926
0.14058710844490357, 0.5334238953146002, 0.0005417278435311803
0.13650683793178164, 0.5312444616064108, 0.00047979581523348194
0.16800829253321203, 0.6278241222568002, 0.000856534894601719
0.11091412562488068, 0.701464827620954, 0.00011038149729774464
0.15222273826915803, 0.6564414888259564, 0.0005075557890134884
0.244109004308055, 0.5657790089013596, 0.005458093270561776
0.1866948453571728, 0.4788046534372146, 0.002342240098971778
0.17720762992204633, 0.6220525833702465, 0.0011031494081243536
0.18499457066719538, 0.4741568487461069, 0.0022941476476203634
0.2236712462593745, 0.3151372188424314, 0.011974329223941366
0.19815879666562622, 0.5896291763771193, 0.002007551679911289
0.1969870275028049, 0.44766302458739354, 0.003393040205765441
0.20574003841891253, 0.48203920466888633, 0.0035432677196880827
0.12282667743121342, 0.4973323023298287, 0.00034400159667945045
0.10567514291946772, 0.49960352665669044, 0.00017587148043681218
0.14043442192607214, 0.48673353328128305, 0.0006475407045999377
0.1528545397867461, 0.7275180500146893, 0.0004208264761493317
0.15607696808612415, 0.49348467223489, 0.0010025576821449129
0.15221560079651386, 0.5180152194672958, 0.0008148941292158287
0.1519734099015548, 0.5335260283549581, 0.000762837702385791
0.17803375877160665, 0.4604268476739404, 0.0020552043317424613
0.16600459455508434, 0.5358186963488155, 0.0011154719319152464
0.10962879642035707, 0.4168052937183856, 0.0002970078225439183
0.24707887087993521, 0.5425216392116347, 0.006260491665549401
0.21343341731784946, 0.48669465922856503, 0.004085144050650874
0.2219781738964155, 0.4876695606305389, 0.004835927785761942
0.17197783717738446, 0.5547828778762115, 0.001215622482580621
0.10589508911179726, 0.5936274035838174, 0.00012571630956358923
0.15750818152199317, 0.6165043578399202, 0.0006686938244166823
0.2199810559803083, 0.6011727418825357, 0.0030581767233273742
0.13599632945869647, 0.382997591371143, 0.0009080158595752371
0.0665831582821441, 0.61887224127436, 1.501644787168446e-05
0.21932210170018732, 0.5779120042335023, 0.003265916081694417
0.18155903360267456, 0.3590771099953901, 0.0036835710365179207
0.14085334836547073, 0.4327168255264261, 0.0008301066719047351
0.1340977484947036, 0.6116848134443111, 0.00033463012795811723
0.20916972068069506, 0.5395412884179723, 0.003041664577782326
0.19298507051386504, 0.46761618605381816, 0.0028411303742620505
0.1345495498800017, 0.48935914699398253, 0.0005306306999565643
0.21818471422920988, 0.6903189509243001, 0.002237140799062487
0.2198218971961927, 0.7081945479376515, 0.0021967110108268412
0.16796168726583163, 0.5195175811179461, 0.0012493680771967766
0.09588185655739744, 0.6559176976108141, 6.65131493358153e-05
0.14224407988184554, 0.40590646379732487, 0.0009850639920579642
0.09871425021994673, 0.6633692881061581, 7.391396841347695e-05
0.21867128363667343, 0.540927153008924, 0.003679358041915498
0.22900119078811745, 0.6362433540341402, 0.0032584078109988922
0.14475357267435907, 0.5368813691864565, 0.0006081043533235644
0.10597214978415619, 0.7468288154215332, 7.968332373987274e-05
0.20525697579627372, 0.4188292805231191, 0.004645181622900946
0.12227774039325354, 0.6276206343290455, 0.00021178736679659677
0.20944165922650831, 0.4964800209582449, 0.003612766148321297
0.1611761650900995, 0.5383130950112649, 0.0009705537865296272
0.11233773867731148, 0.7935284408756357, 9.123340501027907e-05
0.13605360137356487, 0.6044517300685016, 0.0003652303274539282
0.22713728368533437, 0.6474691543805675, 0.003035266388644816
0.16169680277658366, 0.44054950075440585, 0.0014698153349624256
0.17884332823035667, 0.5029448295985105, 0.001757135577959497
0.20962775574258882, 0.5088456845305395, 0.0034527756407057323
0.16306072234333277, 0.5077331684479899, 0.0011482382733763753
0.10910724286515294, 0.4410418889343572, 0.00025975383958622844
0.2285214758209556, 0.6072005591158234, 0.0035447079565389472
0.20348908744087024, 0.46781837508904417, 0.003584200459528887
0.16098912864883402, 0.539904185063267, 0.0009599250571010615
0.2004506280676821, 0.5447100083646552, 0.002474388229777926
0.18055702390803388, 0.4933794531715673, 0.001904175988730468
0.18842888996737817, 0.4283401098416556, 0.0030481572256510873
0.18367764433699318, 0.7138231134729125, 0.0009809173331928993
0.08206086449718854, 0.6302141101530268, 3.632356270520159e-05
0.2160638237071246, 0.4140079729368621, 0.005958124046275046
0.07829726057126597, 0.4073814146686733, 7.070471399214272e-05
0.09393962577892755, 0.6609944786431032, 5.985563836618395e-05
0.15069130854515542, 0.6005315039333907, 0.0005800726701976639
0.18990517123979517, 0.4958545174812102, 0.002354069221407917
0.22411413870056207, 0.6019407504017469, 0.0033107251789346558
0.16724162012419683, 0.7047604209985745, 0.0006661899781601856
0.16795482979949744, 0.5840146039084996, 0.000988474499949724
0.16831016353523912, 0.5990011329577153, 0.0009484099772878043
0.17671891558531572, 0.5278170975364328, 0.001513715839499952
0.1682517339055697, 0.5467783794400619, 0.0011364890183284584
0.09076922164076616, 0.5794250892434485, 6.697322222457102e-05
0.2701403058723794, 0.5057533416374297, 0.010667967383555728
0.1989765187848707, 0.6384460491049839, 0.001743594676274235
0.21257454935992162, 0.7955959427600786, 0.001501863120045155
0.17669166368999686, 0.6376336939168487, 0.0010365113091804145
0.11503065455825628, 0.4041013841192542, 0.0003904496355744269
0.16191677781774982, 0.5593565289881899, 0.0009172181195171653
0.19105219227095202, 0.5891442064539736, 0.0017123462484658037
0.13032414116905966, 0.5869344730870218, 0.0003205502322734543
0.1645036052548792, 0.6024026466612574, 0.0008479378160097728
0.24427764640584432, 0.5806907115972886, 0.005197141448353161
0.1548938119168171, 0.6190415801567388, 0.0006161353883612829
0.10693333421839904, 0.6593605789796697, 0.00010636962236073255
0.18285399566943675, 0.49504964962814524, 0.001999530271730961
0.21655782325434578, 0.8008880973214603, 0.0016082267415537125
0.16189117010590218, 0.5768905162372282, 0.000861709758501052
0.11849832372513672, 0.6145794124965125, 0.0001923727668803956
0.2129870529746538, 0.6362684323823199, 0.0023683137851838684
0.1595444936548994, 0.6466411235438996, 0.0006431603523136711
0.12596189649623754, 0.4744304288451679, 0.00042235074528993946
0.14583934955162073, 0.5608856216937557, 0.0005757925551912853
0.23892038165320012, 0.5643123318422484, 0.004991612854099544
0.13925785760332804, 0.555800885425654, 0.0004785575259447974
0.07834737965591226, 0.6678796067017159, 2.6380147890152268e-05
0.12677736271507672, 0.7198452849997968, 0.0001887431096970501
0.13504722917507972, 0.4373471085531054, 0.0006752278725175442
0.1397465472621734, 0.48731524055316683, 0.0006321886433236189
0.14542207816917888, 0.44290511307669755, 0.0009118387295567629
0.18958489677184762, 0.5538501462619113, 0.0018729137926612868
0.20861318720361063, 0.671560857104732, 0.001940434038122539
0.16763721732879125, 0.5821451825633527, 0.0009865820996808206
0.24553339141379799, 0.507183894449791, 0.006968213746524945
0.11906853202679438, 0.5473659981935712, 0.0002476948985971497
0.2166311294948158, 0.6762040682332825, 0.002259342857634191
0.11349937009358543, 0.30047958525254537, 0.0006657438149973978
0.21813979788571983, 0.5652245934905293, 0.003333936969823172
0.20829386245810297, 0.5782011353765257, 0.002600066761379416
0.249371390927841, 0.5988334080110451, 0.005351542969708135
0.133159816144013, 0.5939519563229624, 0.0003441163319701895
0.16180124010549038, 0.6191108181032554, 0.0007463615079136413
0.14897836276839654, 0.5057366242256685, 0.0007777842671188613
0.18847490826464247, 0.5741567072836917, 0.0016983241706167989
0.24412709252490122, 0.5762774683976218, 0.005262752239951984
0.1097957295613646, 0.5976872139770935, 0.0001454098884715569
0.13048615795610088, 0.6222335532905471, 0.00028677586460243063
0.14445423453576486, 0.4970209613040017, 0.0007031204139824215
0.16480237039896475, 0.43098690026186764, 0.0016698480527419445
0.17641927428003162, 0.40709574232729817, 0.0025256624878586143
0.1533470701900859, 0.5209865660240324, 0.0008323097305611751
0.1356772478896306, 0.6260034824149348, 0.0003363901818946804
0.19205249129128082, 0.6442973488374235, 0.0014650112754843701
0.12788363084092444, 0.5723037222416655, 0.00031024055731332633
0.19596281683749187, 0.4148623879260841, 0.003861196777325205
0.15930981976061387, 0.6393408175632906, 0.0006536845743118387
0.20505946261320052, 0.6627485161432075, 0.0018473090362491986
0.16614246796951945, 0.5059011407015656, 0.001255883840674919
0.17261103543901715, 0.6455658762458254, 0.0009124024001672922
0.1937656158791258, 0.4860120814117615, 0.002677252323971299
0.21910697713892546, 0.5359640308226227, 0.0037807844640091568
0.21605237450673037, 0.6764871453338437, 0.0022310360743939927
0.2567488334251594, 0.696549186756574, 0.004496759135899857
0.2764742294684229, 0.34158576023191056, 0.025896845713170604
0.12719284576086362, 0.8136968764785031, 0.00014985678450140375
0.19242578887193568, 0.44110277860082225, 0.003152424710397276
0.23055366202996685, 0.5500725507440605, 0.00449079115684839
0.1963498920502346, 0.5678468789028377, 0.0020789227174778714
0.25321941306182993, 0.49353237983887743, 0.008427939024723828
0.23406149381403518, 0.4693702380313918, 0.006591536773356627
0.17147451727549146, 0.5182180556538388, 0.0013753682906151585
0.2000733190532396, 0.5471054453130273, 0.002432518771508026
0.13566234538725244, 0.37068935764433436, 0.0009588853295948697
0.16532234532646298, 0.5564304070192149, 0.0010157879151933957
0.19290709431596384, 0.517928901638636, 0.0023118395123004074
0.12007420872401088, 0.44025118811232783, 0.0003973229493167644
0.16834078997332663, 0.5549014205848134, 0.0011060312852446503
0.21583858861964467, 0.4220436136327206, 0.0057071493553007896
0.18571888863487732, 0.42303514261916875, 0.002932106484488285
0.1399035799309281, 0.5261564669068581, 0.0005449829473880017
0.1786079676677353, 0.654161367245376, 0.0010326657158540875
0.17244202490021368, 0.8429692538415883, 0.0005328097078239695
0.14836868777766773, 0.39973138759362853, 0.0012227433786128612
0.10582190470629009, 0.6279918192127883, 0.00011199288980338478
0.1443891692073306, 0.4958627991480297, 0.0007050098081230692
0.13454395522432017, 0.5582010058573721, 0.00040774355613297573
0.09578159054364789, 0.5555734370858366, 9.228347654644695e-05
0.22446521827154275, 0.5963518603953722, 0.0033963824039660922
0.12624436134058745, 0.6805252429219129, 0.00020730518898966452
0.1673931213749628, 0.6642424258611136, 0.0007529361501306442
0.1714390799618078, 0.5376406798066429, 0.0012766295548850266
0.1422963542080919, 0.5566902586075133, 0.0005245552708864087
0.20121508385870057, 0.4499685657586942, 0.0036872950939182895
0.12993021507735317, 0.7269987063790785, 0.00020616897572455625
0.10989958877428657, 0.4993233652740901, 0.00020921114475187856
0.1385194923940839, 0.4875911630830426, 0.0006074382941108202
0.16449841485422206, 0.37930293425621897, 0.002138479289689007
0.23108319121560444, 0.625212895624742, 0.0035114849472295557
0.25904616893607024, 0.7540568931885527, 0.003990407363617066
0.0883735596173326, 0.4472613150504984, 9.992210102899016e-05
0.21594550052228872, 0.4103176684459383, 0.006051175685683
0.16438202285145, 0.5082405124542981, 0.0011873707516127927
0.19343807339828084, 0.6024038883245515, 0.0017297167049842434
0.1327547692915229, 0.7006056063307501, 0.00024402777647215842
0.19217588979463224, 0.5995435676086106, 0.001696678528560971
0.1767611985876526, 0.6646126594634905, 0.0009557211665105726
0.18025448165239166, 0.4155882343762755, 0.0026640239406624418
0.14446524999487775, 0.7152614479345074, 0.000339621513672003
0.14848658784545105, 0.5141725772613831, 0.0007416036817388895
0.1619499778633893, 0.5119011724493612, 0.0010961489639993247
0.18443734872363451, 0.49193649065612405, 0.00210321102933779
0.14244192532120242, 0.7400625319603863, 0.00029815049694785934
0.09698695921913833, 0.5300327194133866, 0.00010712707525912289
0.18351843486516609, 0.6435468876640347, 0.0012022538429965401
0.1519535294116141, 0.6336083554624363, 0.0005405695641627712
0.09837247287830367, 0.5740924824609642, 9.719545738138158e-05
0.12942104642247632, 0.49618170707925807, 0.00043501676037854814
0.2100318147168822, 0.47289133194495514, 0.004031786841473199
0.21416797612359112, 0.6159345704971726, 0.0025895045589862243
0.140960220778803, 0.4996293249507599, 0.0006247337513224001
0.21594161941921425, 0.597355708010798, 0.0028548271524467886
0.2123992942434737, 0.6283548289988669, 0.0023989958027752344
0.1374887996975145, 0.6656542992865788, 0.00031538760752356735
0.14007658643936774, 0.5239777535024882, 0.0005525207835250436
0.11140971660927476, 0.5891049427723187, 0.0001596033746359637
0.19481877809658896, 0.691170184591982, 0.0013557246505952805
0.22386450916864348, 0.6324929535592714, 0.0029839366725966346
0.1598672974181081, 0.5780689185713875, 0.0008119869421008543
0.12594096289156984, 0.5628994549223365, 0.000299805145496298
0.22123269419818248, 0.4717194777681974, 0.005092549221402601
0.20241397166550062, 0.6447133169332784, 0.0018437021228702888
0.2771143238462753, 0.4224661868731657, 0.017103361544523465
0.1361716218541598, 0.7436913541054292, 0.00024219296077617895
0.12446914303335879, 0.5062007976888642, 0.00035203976653386883
0.13650921732252738, 0.4297998090935097, 0.0007330711999397746
0.08680313111448022, 0.6436209649957567, 4.459244174091451e-05
0.12392508031787422, 0.43468586575011753, 0.00046829053407759146
0.18032886205098744, 0.6085519967446181, 0.0012446796210006912
0.16213202340095087, 0.473667021252559, 0.0012865964015659353
0.17732615720715952, 0.5314356912862943, 0.0015158798924264528
0.26902409510642467, 0.6287105094106156, 0.006778688009875468
0.1950552696945535, 0.5811231862580263, 0.0019280723047560861
0.24484330442199018, 0.632507162758599, 0.0044253051435098195
0.2192338066602897, 0.6174469698263925, 0.0028560097051123093
0.15257242522849623, 0.5824986684687301, 0.0006511344023616051
0.11297915174964777, 0.5802643373406056, 0.00017494708073510247
0.2257027493292528, 0.6519073639598173, 0.0029117645911979797
0.20584458004995648, 0.3665639289264529, 0.006141012249545397
0.23689168759114423, 0.5851769167803896, 0.004471062495438614
0.1738632918237869, 0.41518150724762287, 0.002277218199764771
0.17978272370620138, 0.5186468162865007, 0.0016908826563473763
0.22115967862388747, 0.5427416535348534, 0.0038413667330215637
0.1332305323690936, 0.4625743999011786, 0.0005686686245151356
0.13755004749819655, 0.4559347244881311, 0.0006735779070897452
0.15289861656626463, 0.4899847757833263, 0.0009289158438725691
0.10155918451309123, 0.5020517645163829, 0.00014622896409520475
0.06644316188270456, 0.5073294780746033, 2.2139457980430756e-05
0.1406401166797226, 0.5389983768713972, 0.0005314611730032702
0.14042986095476867, 0.5684878575405325, 0.0004746190447723967
0.16090403432630493, 0.40449645389719885, 0.0017062040406639089
0.1993641248238649, 0.5217126083782843, 0.0026336016069684956
0.24436215622291602, 0.504170130590921, 0.006904958078304071
0.18010008219826396, 0.6696415272340721, 0.0010222152347062943
0.16893391160445403, 0.6566120778133331, 0.0008022361922088795
0.10511970829795306, 0.45490259672335936, 0.0002072713673322651
0.11713447548474962, 0.632142680028312, 0.00017280190024547874
0.15358900554619487, 0.6351709265174955, 0.0005638573425342716
0.08645697205805009, 0.6229502741916643, 4.6771277092251776e-05
0.13354970233455193, 0.6559302744721482, 0.0002858113108995562
0.16434069679718113, 0.4971163663415341, 0.0012397334517118288
0.18674637642839037, 0.6265692030476863, 0.001369422362780307
0.13442055931890118, 0.513453532494735, 0.00047996843470764976
0.20555340620443202, 0.6287020494383457, 0.002074649460364887
0.15012317458411972, 0.5316984087913006, 0.000727788569552332
0.14184136996760496, 0.5071351546862307, 0.0006232342312088053
0.18295529126161192, 0.4569553311190284, 0.002352536048704007
0.17033188026308677, 0.38327066594877146, 0.0024415008109967594
0.15344455521251907, 0.32221198935629936, 0.0021820717571169844
0.0982048658038509, 0.42393448049207494, 0.00017691051368827563
0.17361050626371421, 0.6281278228110144, 0.0009885627708780878
0.17936268894545204, 0.5421815758757059, 0.0015314317716005042
0.16289878755065926, 0.7186844843356991, 0.0005705949286835453
0.1421971830575634, 0.5512237812312509, 0.0005333721984760165
0.18888766833984139, 0.6092134480190965, 0.0015230802927437444
0.22738208947819258, 0.6772709828123804, 0.0027872021764522056
0.23440619327617765, 0.552345015695752, 0.004790810353568689
0.1195088283531699, 0.43678339712996483, 0.00039536079715664596
0.15559181569940228, 0.44002352706825165, 0.0012438150187346437
0.20184179155256143, 0.7328974576112985, 0.0014090560632766377
0.19965327329088742, 0.5764751460077048, 0.00217080610477023
0.14579398555505987, 0.5219227177063513, 0.0006640606901556973
0.16868724410979474, 0.710847918832435, 0.0006801025045964679
0.17678137461223714, 0.7454113748877521, 0.0007601415891060544
0.1798894138673418, 0.541582808938097, 0.0015547509323600754
0.13831607348138694, 0.6509563939666929, 0.00033861155186734143
0.13459731559850782, 0.6986126964119905, 0.00026076728295889743
0.12993168968756458, 0.6038761337687644, 0.00029882473621235854
0.201483249537079, 0.45009696441329133, 0.0037068506980179852
0.14774937520440876, 0.4960443203599975, 0.0007795389282906389
0.1846694284274655, 0.5437113258125796, 0.0017312793928632294
0.15442339863345306, 0.4112558075606089, 0.001377461526423362
0.1673433430638324, 0.5159397439157722, 0.0012463644951942131
0.1616712677425101, 0.3769438259471226, 0.0020063058590168254
0.15706650992387702, 0.5046145390312835, 0.000985857604078427
0.1809815219692975, 0.5197644752976209, 0.0017335778512460019
0.16664700147373018, 0.5254604980346802, 0.0011797629877476692
0.19707992646071512, 0.4970831335531372, 0.002757619650161229
0.17097574581777203, 0.596855805802218, 0.001023620280562284
0.1987830616863479, 0.47560279685936035, 0.0031285734037933026
0.16987558482443288, 0.4639187118102936, 0.0016468663769793957
0.14612464112961943, 0.5668460524391847, 0.0005686157139079039
0.1185634612952756, 0.7309170609763866, 0.00013633693430596116
0.24088273774232455, 0.532549412660753, 0.005810199736901239
0.1716880828654881, 0.5048402637558668, 0.001457184665243271
0.1834767655731647, 0.39910007250798174, 0.0031229067483583635
0.17487616860089758, 0.5834534159050462, 0.0011829551899475545
0.1996930837557387, 0.4967421237750163, 0.002926181238631627
0.15403838206749096, 0.39408214923613005, 0.0014837466244266742
0.13553476559706024, 0.5380787572967459, 0.0004532077447994083
0.18755876316086614, 0.5585420774301124, 0.0017565418031193127
0.22284672309176173, 0.7777820502581407, 0.001934093986599265
0.1352972122895763, 0.7233477834187417, 0.0002488527932424927
0.17598386359309937, 0.6026438147619331, 0.0011400529470324938
0.1064208943038477, 0.3819100806595488, 0.0003104288183287952
0.1300381890048673, 0.6329213923079975, 0.00027300987932452606
0.1724334467555864, 0.460994278277669, 0.001781186800377193
0.156638237015134, 0.42499651992588705, 0.0013732367260490869
0.18903337940801565, 0.5724521495700041, 0.0017308399438416928
0.1786232921969524, 0.5308014995614121, 0.0015690226354278176
0.18798944175109175, 0.5699363043496505, 0.0017041211608351276
0.1539783292818377, 0.5677431518417758, 0.0007136484744767949
0.16546793360965012, 0.6516232323004151, 0.0007435560102821222
0.19687690181770287, 0.6572016410343116, 0.0015704553410855393
0.1202700319597057, 0.5400417658509633, 0.0002659523767317012
0.18253562612044713, 0.48021449278860606, 0.002108749471424633
0.2250204494883947, 0.5229988979177796, 0.004464173821047354
0.1708745231400407, 0.49942385061002825, 0.0014581678820612815
0.14687745789356083, 0.5759712729712053, 0.0005633352128217743
0.2085898082544633, 0.7266878917058677, 0.0016563786453207981
0.1941147127382256, 0.41393807000032223, 0.0037200806211765405
0.18291747545795514, 0.40027690906268254, 0.0030631459974953105
0.12715551180755785, 0.6832690948035296, 0.0002122546334117447
0.056463162882731524, 0.5560910867389041, 9.004112630940651e-06
0.1990106774502045, 0.60980356707738, 0.0019126787803866096
0.1828605540710732, 0.5866081917252134, 0.0014242879113645901
0.1663393876840772, 0.5548076365480074, 0.0010496861570821034
0.14185380294180935, 0.47268346236710435, 0.0007176710163094781
0.22216084246143486, 0.38404664539065225, 0.007825912813941151
0.1839178979806134, 0.5500801872925728, 0.0016613436199320935
0.11979415799411727, 0.3903340932889497, 0.0005002760801201896
0.1523711575191899, 0.6032015710985958, 0.0006036888336462137
0.1744270187745014, 0.46349578587879325, 0.0018534243011742813
0.1854941943589577, 0.6239811147486957, 0.0013405296385366435
0.1811991124888326, 0.7598533211083263, 0.000815441962306235
0.14924611809526372, 0.6503470858647693, 0.0004740770079749574
0.1675455795328792, 0.46425571633871243, 0.001547520686400641
0.26576589353619395, 0.530258893170719, 0.009032056746552358
0.17420062055667068, 0.5251977581992437, 0.0014352872931969682
0.2540569639420489, 0.5258993395348335, 0.0075310842000254835
0.16554605587489826, 0.43492002579648625, 0.0016725918443904306
0.1397297488843859, 0.3687037440596346, 0.0011037783396620942
0.1544096867200722, 0.4966278063620304, 0.0009442170031365957
0.20583003510794204, 0.5839408312839739, 0.002419171744103212
0.2091864796555945, 0.5412114692676211, 0.0030239861938215853
0.17088815050687, 0.5382186096285878, 0.001255975173601213
0.18986149087764082, 0.524321115537091, 0.0021032626181498007
0.16316786513763853, 0.6234554734132762, 0.0007637432604755948
0.1832140548487729, 0.4929134466501911, 0.002034432223843324
0.16233805603793827, 0.6284191179908982, 0.0007350495570482889
0.13803101027003717, 0.4261681767254131, 0.0007828908141868274
0.27355645212263796, 0.5254187989306437, 0.010446271706691823
0.0901731934209124, 0.5323810134299761, 7.706577686337287e-05
0.19858748932156162, 0.43183472729013117, 0.003778496836758209
0.1565822077592843, 0.5956876146438791, 0.0006979034894763251
0.07622008564275677, 0.3756782738331762, 7.386509152298523e-05
0.1749958600445252, 0.5107037393449009, 0.0015486384200909765
0.08533197251632502, 0.627753299097548, 4.347901960037151e-05
0.18187999692840695, 0.5542547099849962, 0.0015581197783507276
0.13154410105617864, 0.6929393287943202, 0.00023960150169383503
0.15067666827465273, 0.3911774013703935, 0.001366535192045913
0.16757286638226773, 0.5381361979448089, 0.0011525977256410338
0.2747005609735713, 0.6308760133243437, 0.00738005961882787
0.19982462806348408, 0.7742705905325091, 0.0012079140376579983
0.1435537025442712, 0.5358258908731413, 0.0005885479621931486
0.2296034313292822, 0.5824027335252584, 0.003933905597679757
0.16119129852954553, 0.3840623385860561, 0.001907504038961255
0.14564234827586642, 0.7650096260923833, 0.0003076790012778088
0.13945161595959243, 0.4566091028071938, 0.0007134119703296417
0.2005838227973064, 0.5160750205673186, 0.0027646629825736767
0.19739256173513633, 0.5802592567461958, 0.002037873344928689
0.10600640193320496, 0.7279674650771562, 8.398527926913893e-05
0.19386233361053967, 0.6402401626376412, 0.001546148445477151
0.14754255809664765, 0.6305799029547333, 0.00047942624640698095
0.19259664023704828, 0.6229363051309443, 0.0015868392050905685
0.1975611249433121, 0.5407514283010403, 0.002355358965303958
0.19559598960079658, 0.5290181921439423, 0.002355095081323701
0.1803157176802705, 0.5645068971402496, 0.0014460228810898406
0.15576613863052322, 0.4923454538795798, 0.0009984066630976459
0.19127176935688736, 0.5978481299610994, 0.0016712753135770756
0.18187579332360457, 0.5552355355024344, 0.0015524619085930489
0.17992857456713007, 0.4290382421428846, 0.002479787698804878
0.10998968021292607, 0.46119450437434373, 0.0002461195901394355
0.16145555675780596, 0.6689793258737858, 0.0006332477989113086
0.14133732611198366, 0.5522701707857195, 0.0005173601280316978
0.15564961022454543, 0.4366327119276968, 0.0012652744061849273
0.17530822927022327, 0.573639919872567, 0.0012371355812611663
0.1609799294649624, 0.5121618943552763, 0.0010664659526441556
0.15649729859418487, 0.40032026697001555, 0.0015416325134382024
0.19079894158515387, 0.4428163150654261, 0.003013373046206669
0.20336933142083063, 0.5062860871024895, 0.0030523191328884437
0.15065719798444363, 0.5360098835347019, 0.0007274041919576197
0.15857025835492197, 0.43168564619114513, 0.0014047735098664685
0.12865650215575825, 0.6419562159625184, 0.00025319477292000094
0.14792580867742527, 0.6631248904484193, 0.000438499020462251
0.14432745591712492, 0.5719986738408436, 0.0005288241269571995
0.08469543460658024, 0.5058593743213985, 6.478736188804107e-05
0.1698918350517631, 0.6181608548090621, 0.0009279443455111011
0.15326727394792938, 0.5208936391780499, 0.0008307020725617647
0.17923448683927132, 0.5310274546398143, 0.0015914275961625849
0.16675369150242614, 0.6615316327439571, 0.0007464430445819033
0.08619027356622015, 0.3334082787072088, 0.00016107549646952608
0.23889805125943903, 0.517338620329567, 0.005936788364585346
0.16380345564102086, 0.4180913648652534, 0.0017276070325399917
0.17115453065345768, 0.5092101085830658, 0.0014128004471964458
0.16100636891545922, 0.7270689710515336, 0.0005295709100344135
0.10867481105113574, 0.7325470197983706, 9.25256229951499e-05
0.21136306994791015, 0.6733890518138588, 0.0020443811641565565
0.1533226723982519, 0.5296030858689614, 0.0008048833744052827
0.2016195731237337, 0.5372258628458517, 0.0026097320126357857
0.17071712154558205, 0.6622602232029369, 0.000825900453704059
0.1999726658291814, 0.6946638612795966, 0.0015055226177598218
0.20599498304015657, 0.5127561878084683, 0.003148569671664542
0.20315559770855227, 0.667060703044307, 0.0017501766035845404
0.1390023563802047, 0.5277323804195172, 0.0005265455267739813
0.13413488398827125, 0.6788243117705147, 0.00027204125411098935
0.21831119860285433, 0.6254858369920919, 0.0027319037758110785
0.189153483025347, 0.5845987948668104, 0.0016643059793918173
0.178333669384169, 0.598716402327525, 0.0012244760804003688
0.15568815977964476, 0.4493402443206503, 0.0011960238455658676
0.2404046720814676, 0.6993471251950812, 0.0033398663254527484
0.15989804530562082, 0.6466731101855135, 0.0006493908612105596
0.1725021156974699, 0.5618324986249046, 0.0012012894347740155
0.19445395067941615, 0.38025818353371754, 0.004442245449366173
0.15362356510407912, 0.5151812149936192, 0.0008579467881186539
0.16693381362723286, 0.5019517895944562, 0.0013026773717852394
0.1413660498478417, 0.4876818823015197, 0.0006640659223752458
0.09128613602379844, 0.5557839528971452, 7.4633725118985e-05
0.2200002635649688, 0.5893789882657302, 0.0031830149922541656
0.1620457048721993, 0.6928018760044345, 0.0006000022704984817
0.17696629935851818, 0.42852605103714914, 0.0023106275333618443
0.11226032595167817, 0.6935004268667774, 0.00011908803977422586
0.18340127961525973, 0.42385853165655296, 0.0027637224667504743
0.1549745623327771, 0.4939188014260045, 0.0009700645233585474
0.2519219627288914, 0.5515747027062691, 0.0065967155145606774
0.09548831325464426, 0.502548404363737, 0.0001112733277885149
0.18659326476305146, 0.5611200651071557, 0.0017013612555239362
0.188581737954941, 0.5456233964937226, 0.001885290662601883
0.12568914355542754, 0.4151130941123814, 0.0005464409104293525
0.15510496272430538, 0.6696965194064382, 0.0005296181570388508
0.12509228859038105, 0.6199100201948757, 0.0002399512143269617
0.21807822215261563, 0.584818258830168, 0.0031104137377541284
0.25551107670742534, 0.503973765354759, 0.008409164708515741
0.14970272490410133, 0.48331797034546153, 0.0008699828975652638
0.17543823276397122, 0.6792412003815822, 0.000885247132717195
0.18571459579700256, 0.4723882045839862, 0.002351204325670222
0.19103133257467816, 0.6367861871176437, 0.00146500427283193
0.1486246460853862, 0.6545941732807701, 0.00045943205589325965
0.18410976077301083, 0.4271700411245602, 0.0027675935147444173
0.15683313055844356, 0.6560448826524052, 0.0005794622700190786
0.1929461010080922, 0.7148295123268205, 0.0012147289410156345
0.16113556116049807, 0.6501377063999918, 0.0006646566117606255
0.2291848445180714, 0.4970400109640271, 0.005357980592018493
0.18376474253281955, 0.5732952042505133, 0.001523922626936755
0.17317366472477466, 0.4450558794784658, 0.0019474079620248365
0.12921507824832612, 0.6140268583372772, 0.00028207800173970664
0.22673081232571266, 0.684514613824056, 0.002694305526598913
0.22511566019884208, 0.6220144431612141, 0.003161914143395244
0.14849497231416947, 0.5271314815334815, 0.0007057643020852803
0.2015072262363865, 0.48895980106473913, 0.0031426667829482567
0.16517506409242233, 0.5306416408763746, 0.0011125485504527072
0.18308280938202903, 0.35029418548022623, 0.004015589770536971
0.3020551000819801, 0.5266235777574689, 0.01608216301219563
0.17780431310345965, 0.4731363366196084, 0.0019352602428531977
0.23231297387396424, 0.6641936350683559, 0.003184928750005833
0.2020961683039784, 0.538032638612891, 0.0026290824295235535
0.14013157415296515, 0.611399352521416, 0.0004065129179876715
0.1953032634859966, 0.6265444178591626, 0.0016679536134371817
0.21645726454926023, 0.6148055887537988, 0.0027235027193618466
0.13995070385127337, 0.6193088644298586, 0.00039395052837574746
0.12145071576725924, 0.7803829596303693, 0.00013295684101774854
0.1117001116427222, 0.4452136020053376, 0.00028266036809566604
0.22396579932645116, 0.6265686839067306, 0.003046688316228194
0.14537912913923465, 0.49678079947843207, 0.0007238446521448678
0.18109335848115676, 0.6331171455870312, 0.001171571635814615
0.12275963657991426, 0.6523028801018271, 0.00019948576883513643
0.23114331365718635, 0.5681482331313705, 0.0042571646797931436
0.17457924586720783, 0.49104867170157507, 0.0016576174641461175
0.18829899029308653, 0.5836905816942856, 0.001636559076673936
0.16784449757686135, 0.4954354257857495, 0.0013695662949399303
0.15310768965100896, 0.5905538921065551, 0.0006433297552258898
0.19872496353761532, 0.5301314907568356, 0.0025148342453801173
0.21371534628284644, 0.40257897459980474, 0.006005384749773801
0.17049973154894774, 0.5759386927533848, 0.0010859195763967646
0.15948394551668182, 0.44336241741071225, 0.0013658494049594643
0.13889872833727585, 0.6209467834826553, 0.00037907881995267664
0.17165357091845476, 0.5201744119050792, 0.001371325129301276
0.14369568141070194, 0.5900146511876876, 0.00048752024594499453
0.11837131138538196, 0.4525246871563016, 0.00035315532826955766
0.15697991268272218, 0.5124337532315707, 0.000953683802177457
0.11859344848007544, 0.4283119853321314, 0.0003974774660772983
0.19955913075690387, 0.645946562060388, 0.0017253919622859126
0.14125492997911893, 0.5692517067687536, 0.0004857056066726247
0.16401623061390802, 0.6404839755841866, 0.0007403744074600948
0.1842496541659564, 0.6316847283895783, 0.0012698561893637675
0.20315937438631768, 0.45697734807854384, 0.0037295700175839098
0.10702033765266826, 0.8335391727507935, 6.679833877619818e-05
0.26163221830434813, 0.5940450401795832, 0.006716894577122481
0.1754134904031306, 0.4934050099254435, 0.0016766250270594573
0.14533676019367217, 0.5363779298806708, 0.0006201206399977277
0.16132674832545976, 0.6526408882756471, 0.0006630181425401166
0.15367141683730204, 0.5524486609253078, 0.0007471222436775519
0.15233531081266777, 0.491734805256797, 0.0009074580641729926
0.2294851922539679, 0.5620077606628503, 0.0042150410523887705
0.1627534439744984, 0.49500528863122234, 0.0011980613099674261
0.1418323429821293, 0.4256990948597469, 0.0008842430670484471
0.18244715204977982, 0.5787343200106014, 0.001448807253044693
0.18759720257779652, 0.569876215918961, 0.0016888878385775668
0.20581938501257863, 0.5435509583694198, 0.0027914186819700984
0.17995499507411677, 0.490143439364618, 0.001901256429638736
0.17481208768743853, 0.5571675699868213, 0.0012951159673393387
0.2214424131770902, 0.43210043002569953, 0.006094583681014005
0.14453671723020906, 0.5943616680573596, 0.000492910798483695
0.17523414513760827, 0.5800698713367032, 0.001207612806468628
0.1670478414971525, 0.5522299102809095, 0.0010795080034912575
0.16781606152565812, 0.6303115206758862, 0.000845518110385921
0.20305983209110898, 0.6922634599751443, 0.001621693514162723
0.14310249375662057, 0.39208731146788567, 0.0010840467448718272
0.22589701491861053, 0.426946205645261, 0.006814370546323203
0.21509985692124634, 0.7322808281989986, 0.001867355923514088
0.21801471760263935, 0.6950935988690969, 0.002198957798737681
0.15305857662366068, 0.3109546645081501, 0.0023171038271123817
0.25441759641948286, 0.6085857356858959, 0.005658871064318947
0.15974339558739536, 0.6761672982759153, 0.0005914504723222582
0.23288979175177527, 0.3778975497013868, 0.009946716419281729
0.16722184248846472, 0.682249197449957, 0.0007105081255591571
0.19981073743098138, 0.40429969746143934, 0.004428757328705008
0.15361316686543236, 0.47713776410846975, 0.000999915872432905
0.14345114730981148, 0.3648912809913375, 0.0012651343265815027
0.17343688149100928, 0.5920562663464461, 0.0011078024964560063
0.2179317335808676, 0.5967196529336792, 0.002978758520539015
0.19162043338261056, 0.4816885256490119, 0.002595238614598894
0.18621754095719453, 0.7039876412693937, 0.0010713377585816054
0.1408173926484276, 0.5697379705505451, 0.0004783031962228479
0.151559280355295, 0.39637204086520894, 0.0013655984750298913
0.13226760564264411, 0.6716569742799045, 0.0002612559582919242
0.17985453291062353, 0.4945223346828034, 0.001863151549634218
0.18326183302335325, 0.6050116476565214, 0.0013519335342061258
0.12631070907101696, 0.5806870821311613, 0.0002853765801068517
0.1846929353459037, 0.302715737331253, 0.0055882669822885315
0.15907164446911143, 0.6426920744503479, 0.0006426406600105297
0.15245580476528195, 0.5218569163881173, 0.0008085305883806015
0.13323604639916348, 0.4816123981157204, 0.000524694151727465
0.15802153806745925, 0.5175965765854184, 0.000962353785221893
0.1441957322884973, 0.4449236993231576, 0.0008705333398949366
0.2687992131382017, 0.624673127965984, 0.006841375351958151
0.11902042299867614, 0.5102109395704622, 0.00028457773480619836
0.20253959318331827, 0.5542661451159935, 0.0025013409831469713
0.15536762475258206, 0.5537592016284661, 0.0007803874945086707
0.17717930307033564, 0.4662212867034783, 0.001962451135542761
0.12419597312010205, 0.4640967904868325, 0.0004147838435877699
0.1597504628436362, 0.5590538593955562, 0.0008653742090962251
0.21873942294981222, 0.5262668839687189, 0.0038925382208643516
0.12958196696145538, 0.5274249533201307, 0.00038711557943259364
0.09405613571100738, 0.6372071992476693, 6.476016243165825e-05
0.19588891120579918, 0.5151234508825858, 0.0025002682410137493
0.18464692540515398, 0.4305283805700204, 0.00275973562755798
0.09682005056142912, 0.4038792546372434, 0.00018310919247720232
0.18214476361707993, 0.5700357039336112, 0.0014825017625906926
0.16901860445737277, 0.5106565026555286, 0.0013292908481125681
0.19902214378470545, 0.5037430165409308, 0.0028035866283818846
0.21448192671427818, 0.5003995920899775, 0.003948672300839889
0.044389574019981504, 0.5937275881892397, 2.740486953468026e-06
0.16699618279542203, 0.5510973250930135, 0.0010824755239287492
0.18393868478016, 0.6208862482339367, 0.0013046780421575959
0.16856404276134387, 0.6320859197652358, 0.0008573919365025686
0.19187029491213375, 0.4803874116301562, 0.0026243196358421016
0.1704616609783056, 0.5036827492240163, 0.0014184345244167575
0.12854367237756797, 0.45188008452641015, 0.0005090290738736921
0.057986584824467904, 0.4816445979852771, 1.3494402117168151e-05
0.16190188588495164, 0.5153752817925897, 0.001080008366722368
0.12641845679738392, 0.513347098411547, 0.0003665302355042217
0.22655395360795272, 0.4603576628260445, 0.005936498797228058
0.16541380898338504, 0.5242452578536314, 0.0011471299789397444
0.2506924869802271, 0.445470942741101, 0.009898033913737213
0.10892215882375678, 0.5214750611231289, 0.00018442095540176215
0.22704160636017723, 0.4480269114749188, 0.0063273473730252935
0.20141591499107098, 0.7313926681097705, 0.0014017718685509699
0.1579501915622197, 0.5307656847397381, 0.0009133745656853087
0.14559323839555402, 0.6192770696704082, 0.0004688319548629917
0.20412894257611056, 0.47318544259742146, 0.003552084792888163
0.18232116751615224, 0.5140189309322322, 0.0018310106876760297
0.15690567837000494, 0.6254167846732639, 0.000638905960728196
0.19702049679856526, 0.508182497831459, 0.0026349761780817527
0.15599740249133268, 0.5404576424404502, 0.0008339864353592228
0.20516258982126032, 0.5971239705685505, 0.0022807035868750306
0.17093180006163644, 0.5813071006182567, 0.0010778920094606315
0.16406184708434524, 0.4723437353563206, 0.001362959663790691
0.1540908371736134, 0.41899089482876994, 0.0013145427402642762
0.172895075049029, 0.5264184264058513, 0.0013821248350715716
0.13203226425438955, 0.5242220133138253, 0.00042552756886545966
0.22343452000366934, 0.5730432601983779, 0.003604560112815533
0.1797507833353995, 0.6045051360818884, 0.0012437050283479437
0.19075508007548644, 0.5482000441637069, 0.001964186222389727
0.1308480554920153, 0.41892598223756505, 0.0006404235672453327
0.10405175374115372, 0.5271203354428187, 0.00014758551488941693
0.11231303164269163, 0.45343234455956405, 0.00027914738608270063
0.164053787700932, 0.658355883491883, 0.000701429468221612
0.1497793311125113, 0.48565011497888977, 0.0008635892093384139
0.16659077381401316, 0.39521422528190664, 0.002082403672547652
0.13747991506495066, 0.5538626204051983, 0.00045542252588597065
0.20286676045081573, 0.5422313624400292, 0.002632234422751353
0.18401730670287078, 0.4433487820252294, 0.00256361619132597
0.19270311008983812, 0.5025892736415994, 0.0024437110420067677
0.19221886333954896, 0.47554667646949655, 0.00269949182459084
0.2525848804590294, 0.4793920194236723, 0.008834391458234876
0.23892249128705284, 0.4825996944071863, 0.0068253160127698395
0.1593032561167948, 0.7295300589454707, 0.0005019587018042764
0.08184607220419046, 0.5117175637766983, 5.4462272229291296e-05
0.14715560592916108, 0.5399034718769952, 0.0006464748385820039
0.18677824509871344, 0.384501855432334, 0.003639189712156324
0.24102964944604924, 0.3987173235388983, 0.01039311542418634
0.19149939914374553, 0.5962073198947091, 0.0016893044202981353
0.1817056604026283, 0.44593360938475973, 0.0023968822206926936
0.15511865377206316, 0.6456951947959706, 0.0005699444211036751
0.10189612877175433, 0.4291800157254546, 0.00020303958957214278
0.17528369042577135, 0.6907419520698017, 0.0008527011847736473
0.20943855925001176, 0.5896727604135803, 0.0025609021685060684
0.21691068811819014, 0.5818661546849837, 0.00306871031765734
0.22609898273289813, 0.5300614919539394, 0.004438408434031539
0.18953879358600317, 0.6426737500084729, 0.0013894933317510235
0.20121441847041796, 0.5471065635023118, 0.0024941471804338492
0.23901320569565046, 0.4664402135292333, 0.00731863809503945
0.159049464638043, 0.6050987927045463, 0.0007245278023277616
0.16656927838547878, 0.44850931057329657, 0.0016159969994130553
0.1443120844310496, 0.5056045301964727, 0.0006765125575149356
0.1849026056589691, 0.6986654043933265, 0.0010543304680539147
0.13019124867081638, 0.5577445668638925, 0.0003533906759753313
0.16369426259416375, 0.5362451590173783, 0.0010470956189931435
0.11646429997607782, 0.5686174445965186, 0.00020824469633343935
0.163332853100351, 0.6338114869410664, 0.0007422826306804038
0.23387127418713996, 0.7726605245949231, 0.0024237438929988527
0.23924848110052005, 0.3346981882395591, 0.014275640641781079
0.1992158905307489, 0.38461349302113923, 0.004829946990161828
0.15245236085669892, 0.6096076023904231, 0.0005924550785650804
0.11428527922420385, 0.7295040451918167, 0.00011643077292028823
0.18530204757148128, 0.5303668497032669, 0.0018470817429868773
0.18012813415859294, 0.4526018596107023, 0.002239195697686328
0.14146464329227595, 0.5157040114308546, 0.0005956836455279363
0.14769258131113755, 0.7220323410119597, 0.0003673083420876559
0.20820134806832183, 0.6136479067381202, 0.002303853962633864
0.23418219556126293, 0.3744458510736819, 0.010380658266917949
0.20221558656615243, 0.6108389636160773, 0.0020450163986247996
0.14268317612824347, 0.6844526955348298, 0.00035117144989370606
0.08311245094948257, 0.44879257362625224, 7.575396481468961e-05
0.1977838253789601, 0.4511183988731843, 0.003401137700633104
0.2459279646010245, 0.5986012848068046, 0.005037852356908993
0.17520333968965635, 0.39802339747006127, 0.002562920681834364
0.15731697248884677, 0.38047313694868784, 0.0017463466311459718
0.10967036640099906, 0.5250007968085575, 0.00018751623193969373
0.1822970682400936, 0.5041579741991773, 0.0019022308744759706
0.09764151135475994, 0.5321909394421351, 0.00010945175100968872
0.22443880867809518, 0.5944153275694913, 0.0034167790774659854
0.09509316552724441, 0.6349524709612655, 6.844479115973684e-05
0.15167169701798838, 0.27883663679354165, 0.0027685108373577292
0.22890564213986678, 0.45076245329356524, 0.006479761454065201
0.18634510314047717, 0.6175877739698206, 0.0013962643504859722
0.16651084898734989, 0.624578768072485, 0.0008320292961749169
0.18172161314696783, 0.607417776352546, 0.0012923491719550528
0.14286711184976647, 0.4854531144288957, 0.0007020584663690663
0.12935326880462739, 0.3225304250730735, 0.0010271765930582437
0.18769123834259602, 0.38219832731114567, 0.003763066834111519
0.22845313976970708, 0.45715720050998854, 0.0062451395210053546
0.18999105992954912, 0.4495553199778708, 0.0028696276148921294
0.13250572247760897, 0.384439901339464, 0.0008037877335416754
0.1880778136607296, 0.48909161615457153, 0.002318839864377603
0.11181752616040005, 0.4947482083912443, 0.00022995396778403666
0.17535013230143842, 0.6447767477531596, 0.00098024354959285
0.17200205969137713, 0.5775129847853863, 0.0011225105709961052
0.13847620145263206, 0.5293599741080289, 0.0005146527770809819
0.19095180618627844, 0.5395852210466283, 0.0020366218362485753
0.12974444697208753, 0.3738421129682617, 0.000774782995279266
0.16665205546034426, 0.5279917780438592, 0.001168634076150884
0.1503730651118509, 0.716080887468861, 0.00040419409278536845
0.19864980638500074, 0.6985436463483915, 0.0014459945172808635
0.24483566982991312, 0.6507777985540179, 0.004179738157779
0.16294902030904113, 0.3842645849705254, 0.001998632258376017
0.13119707281245352, 0.5482105486362229, 0.00037838800537916273
0.1663796081300128, 0.6765442222827223, 0.0007066655911883433
0.27375624491487216, 0.46060783963403795, 0.013636565425050337
0.2603506282099326, 0.687226559394396, 0.004911611391985541
0.17050215427669418, 0.42136698378063464, 0.0020288798127955075
0.1724443293245469, 0.5400282018022254, 0.00129833945011305
0.1762387867951724, 0.46339459702706853, 0.0019404861234370325
0.13994827864386805, 0.670153557322287, 0.00033641434881806183
0.20077582718565548, 0.5269921632643847, 0.002662489158641421
0.13390223922818725, 0.5393453371413521, 0.0004276599048572624
0.17449990993128134, 0.604880029836643, 0.0010902505527722614
0.21783412178188788, 0.6106289705997172, 0.002838998003639628
0.22811991544962085, 0.5645256623485992, 0.004069270946815208
0.29012695796168975, 0.5481904533550639, 0.012430555362169773
0.12455705262240122, 0.5981971625788941, 0.0002528702983687742
0.12836137319133475, 0.5221265837857851, 0.0003789007330478129
0.0980376695979033, 0.4735301476378514, 0.000140734229032994
0.18134226137844633, 0.5662092273899598, 0.001473695411509078
0.19107438542021096, 0.6184666554119357, 0.0015546197899936926
0.1159592088322667, 0.5722664740208995, 0.00020170300176286851
0.2472916187961684, 0.5044511970881682, 0.00726856924565158
0.15770706639258966, 0.5203164620021165, 0.000944008355505587
0.10644162926668795, 0.5938418395239253, 0.00012850350426563915
0.11346397243554832, 0.6020535654068226, 0.00016560397732463065
0.26481040822178276, 0.6264390124452053, 0.006369752063082303
0.19353316702399379, 0.5826051915797146, 0.0018532797151002
0.17491657041924522, 0.5598923526759798, 0.001285917247560967
0.1405629381825584, 0.545497369415641, 0.0005176213880807968
0.15469541174022064, 0.4311623630894987, 0.0012629463848990244
0.1650116547762188, 0.6599349218835447, 0.0007161895861610419
0.1943398825832781, 0.586347852283585, 0.0018634928813325766
0.13293073669524522, 0.7647376491100997, 0.00020601211693021136
0.19235542685430324, 0.484306538902424, 0.002610867201962251
0.24100313861745856, 0.7026572625307377, 0.0033448657507961052
0.1913883183013454, 0.5262894382623957, 0.0021624419811468215
0.1812530169053066, 0.6231633920644332, 0.0012139955798380936
0.1268259586744263, 0.357920122589672, 0.0007647324920332356
0.11603435606910129, 0.583065795550027, 0.00019485510639029083
0.1996174004020766, 0.4647177551375748, 0.0033377999684989883
0.1792761920875044, 0.400175654400229, 0.002805201697951233
0.16611317424806604, 0.5389181473248216, 0.0011058550885355916
0.16326127993671807, 0.641290382870378, 0.0007236732334161848
0.19796172602071987, 0.4613640174640794, 0.003264644352181331
0.1666389819846442, 0.45037097365152146, 0.0016056177801669442
0.12111904128797744, 0.4491135146834818, 0.00039663251797913626
0.2047109669248971, 0.4299506306406823, 0.00435661917740428
0.19443459012428232, 0.47750648357972136, 0.0028158588339864433
0.16001060338140777, 0.6699788911105441, 0.0006068735567805619
0.23840517682878543, 0.6922293860117077, 0.0032859037108040104
0.1440118781225276, 0.5664262163861096, 0.0005341113265593914
0.1902813856916184, 0.4817034721454543, 0.0025162285606177373
0.19351894982009815, 0.5567225596026887, 0.002028951427608721
0.1374494997368705, 0.4140394292587679, 0.0008141649727246352
0.07583192164345776, 0.6423691047473925, 2.4702771300182338e-05
0.11082167883042271, 0.6296911672522533, 0.00013647700524967656
0.18840061845126088, 0.5450374809202212, 0.0018813750735030329
0.1465038430090962, 0.3916355492854857, 0.001204862143476605
0.08042194921924639, 0.5083083571127234, 5.109278961530875e-05
0.21424509932766034, 0.48699218039698033, 0.004148870377704012
0.18276794111466774, 0.5604593029823317, 0.0015568179069314237
0.16860360970343719, 0.4471045560084689, 0.001715386260455745
0.07345580534601207, 0.4685622921175198, 4.035953688477089e-05
0.23574010498076814, 0.6757154887415251, 0.0032820517812182522
0.1525395878319983, 0.5942388723720602, 0.000625067736514341
0.16720249262772643, 0.6258680532912247, 0.0008438561467173237
0.1663902766831946, 0.4807748355371014, 0.0013997336212412178
0.0884411229718293, 0.4385301340702342, 0.00010429072975597709
0.15683411365330796, 0.503687691774179, 0.0009830634945494222
0.2504597656426423, 0.398785083951979, 0.012300850863928505
0.2037440008103442, 0.6404186953274076, 0.001923141083611465
0.2181569222561685, 0.5846494420609472, 0.003117155079312192
0.1933703267687393, 0.6181627416936156, 0.001640119541749602
0.1784600837549635, 0.5391920478756704, 0.0015144667643423573
0.18546162019083512, 0.44922228931551705, 0.0025844082646560265
0.23142146636371597, 0.5104252082373169, 0.005302463511753708
0.11158402842735826, 0.6675499492343955, 0.00012515474582873014
0.16120068517699018, 0.3894836107431453, 0.0018552473039147959
0.21079575374380227, 0.5279418992399274, 0.003286894861452517
0.17250572173932746, 0.5847003595270395, 0.0011092631737543916
0.2129705742374024, 0.6256707762003977, 0.002448388914827148
0.15473873303025684, 0.6512895286628912, 0.0005541833413384371
0.14381303918543864, 0.5700626599529087, 0.000524122821242762
0.12357377012115064, 0.5828836199768815, 0.0002572041080746489
0.17340864241583717, 0.6114997710370798, 0.001037730420044292
0.09012591999600596, 0.6448345188310194, 5.2409265096592016e-05
0.14591653579364486, 0.5709089690942583, 0.0005570472204734498
0.17396422656138832, 0.7271041083985696, 0.0007443830619360313
0.21585885676195413, 0.5398285088195905, 0.003489809366818467
0.17795543496304997, 0.5781658996748924, 0.0013008597566813395
0.15769789052093758, 0.5582223273421107, 0.0008199462430228655
0.18058345609701948, 0.36949214918313344, 0.0033973359371503725
0.1833403134465447, 0.4909483003702102, 0.0020569770260952134
0.04319961740915196, 0.542531956139709, 2.9122376455867803e-06
0.26758837559120374, 0.486873755494836, 0.011040507501351245
0.16142975620651037, 0.5506649813475119, 0.0009339395752507533
0.14985489721279627, 0.5799000459383308, 0.0006070322259116192
0.14320891801750674, 0.4035387685369429, 0.001026747485616084
0.10281786628825942, 0.542302525039755, 0.00013230748884210362
0.18833625896446937, 0.5555273054029383, 0.0018082747178350673
0.11692956909304246, 0.5104279464124453, 0.00026300508476004503
0.15109523973312158, 0.4741279009126404, 0.0009416257197591754
0.14446548404066392, 0.4447432591928977, 0.0008784340778453009
0.19700546356743054, 0.5048590119834913, 0.002668886235752514
0.14237973752454042, 0.596049063589639, 0.00045874770457024884
0.24120397326873733, 0.7787497254015088, 0.0027331388602811015
0.16213339419724251, 0.49848195436073156, 0.0011617318692882473
0.1711053771198003, 0.6709300538117697, 0.0008127771751184494
0.07174975034866696, 0.5819357256582889, 2.359530482764681e-05
0.1253954184234155, 0.4068205420940782, 0.0005631181068635694
0.25171157791682863, 0.3567471400193335, 0.01571154675994095
0.16443662804375123, 0.5261169826885667, 0.0011096727739186728
0.19408400900880915, 0.43152428120336006, 0.00342066340062233
0.1154325668502252, 0.6118478785165888, 0.00017295126131079165
0.1317653192051106, 0.60061850914369, 0.00032128717877834723
0.2624188103235806, 0.5578918687390286, 0.007716914134436472
0.19993494943034254, 0.4337156487314301, 0.0038589226064403674
0.1505093797850015, 0.625015125199611, 0.0005326777215920319
0.18634901169486512, 0.4974303058648547, 0.002152487448704356
0.16437934317426417, 0.45451839501377994, 0.001484536320962596
0.2023674355037762, 0.4610072423954804, 0.0036022111363954593
0.15145420779321003, 0.5046746551619652, 0.0008398095701151913
0.22530853578913815, 0.5948293298627656, 0.0034705858115887545
0.20817781152589168, 0.5203919584596783, 0.0032019627382079176
0.2260617981920403, 0.4779880943220042, 0.005454203287973334
0.18593304537360386, 0.7879596736490753, 0.0008494285957183378
0.17948238539402306, 0.5813323997564205, 0.0013360198316569258
0.17579085123310814, 0.4737467491751283, 0.0018359337076066064
0.13276594939187442, 0.642417198018138, 0.00029034415208379884
0.12024258144568223, 0.26678508439387444, 0.0010886776046438974
0.14490290713488788, 0.5736277941058865, 0.0005351120846360266
0.15352019289555607, 0.5292318064016087, 0.0008105918924857455
0.17865803445381656, 0.3369302253584316, 0.0038974915264278005
0.2318353981415785, 0.5673034803371261, 0.004326392237866089
0.15522389239485374, 0.6095269294760595, 0.0006415016939912876
0.15733898481061917, 0.6828105912900853, 0.0005425569253406885
0.23795321685340387, 0.5069894152774483, 0.006074787152380659
0.17258431517789946, 0.5003156271417517, 0.0015180412912932388
0.16109022905240997, 0.48757324556013537, 0.0011802951958961173
0.16411433825886113, 0.7533780747410208, 0.0005365184451333086
0.21673140921888828, 0.564501741271686, 0.0032485644443919536
0.16383698679541892, 0.42660546328410465, 0.0016608318330057466
0.24134287593099352, 0.5658554129563188, 0.00518975284615239
0.10643728955919024, 0.5954153620402518, 0.00012780227224742054
0.1689871269080523, 0.42693632090905015, 0.0019001838748640126
0.27365392383143244, 0.46481630215653674, 0.0133687433297209
0.13035692198729676, 0.6346876407560615, 0.00027443268980252865
0.09955381044082662, 0.3395159553464494, 0.0002928870869698945
0.10184156988757376, 0.37848953913731564, 0.00026045248838469243
0.17295293046607466, 0.49559155758450824, 0.0015617120738367497
0.17471348132722656, 0.5881407952871773, 0.0011594166297377443
0.21846591534152376, 0.657125748331246, 0.002482888165195565
0.1517763781591955, 0.6065328087327055, 0.0005868886567797462
0.1473815601797811, 0.4125301697079366, 0.001114818904551467
0.2404335453354397, 0.5688945613934887, 0.005049874661439576
0.1407534876597901, 0.5947879052196462, 0.0004379877508962168
0.18790747793956164, 0.602989530893181, 0.0015194983500430095
0.17505411250628186, 0.745966559739826, 0.0007269179241161385
0.0952059675906031, 0.40969776510061046, 0.00016525745511386777
0.22989248142296786, 0.8106456466111426, 0.0020417979658550233
0.17054141189481273, 0.5978365542921908, 0.001008909759320922
0.17738742630861343, 0.4561229457029887, 0.002060926577752985
0.1781049101050624, 0.42032847218994573, 0.0024703711440561722
0.14471971320195845, 0.4340143182574646, 0.0009295647203725386
0.178946483588474, 0.4907897252117069, 0.0018499368990261135
0.1737821169793561, 0.6234697068529746, 0.0010077610073168707
0.25180371345815655, 0.5121789952599303, 0.007634766229254761
0.12627810462928613, 0.6561257013751431, 0.00022327250135245567
0.12682861616768104, 0.4879700694299743, 0.0004114674120434829
0.1492743259822511, 0.5708125336495271, 0.0006159045593328226
0.1380349875659609, 0.4433072584154373, 0.0007236167426131663
0.1171033312497271, 0.49368971486078256, 0.00028298436190897286
0.18577227543432512, 0.6604121547981476, 0.0012046246453186354
0.18675175599169927, 0.39612432591280045, 0.0034266324618813723
0.1437532656414671, 0.4928487059512482, 0.0006999332436497618
0.08287239761612664, 0.5763307965594177, 4.535506772798264e-05
0.17616575229298956, 0.5182808881176807, 0.0015484244940135272
0.20058682926481522, 0.5137226571885892, 0.0027902240362331437
0.16313914017294312, 0.6941103429778663, 0.0006156938407114299
0.17941698124396457, 0.6658898037517629, 0.0010166249554838871
0.15855241239344686, 0.4951060762907811, 0.0010674067458783672
0.11470418620996353, 0.5898537209828782, 0.00018097810221576703
0.17231847028073558, 0.38064544433157, 0.002604861752633858
0.15277510870001204, 0.3426438472821497, 0.0018928293771954242
0.164617883272107, 0.5432277277316608, 0.0010459258478854358
0.16762917444806363, 0.4976565797495197, 0.0013497230460349113
0.22882411704811595, 0.5359729236682081, 0.004576021909698194
0.16189152806032348, 0.41946515598197875, 0.001629897349863289
0.2005049754067449, 0.7716934396296058, 0.0012343177022501619
0.2073461983291295, 0.4389966734678129, 0.004420854049763221
0.12046117115411792, 0.6232731843494566, 0.0002010648572134541
0.18356754689700885, 0.7452805777983846, 0.0008974872111613193
0.18778991763801084, 0.5733484256957487, 0.0016760487359816
0.146072303413374, 0.6454652884063561, 0.0004378433673601053
0.17200840353486466, 0.5193345132138472, 0.0013883215107989386
0.07460625661693011, 0.6178754728866139, 2.485278622600118e-05
0.16319328981511283, 0.39273575067034594, 0.0019259948976880186
0.21353721319191368, 0.6626867424670051, 0.0022081727342946676
0.15545451828172316, 0.6409458214426041, 0.0005839531332197223
0.17048506687559878, 0.5961229206986813, 0.0010132443033388514
0.21523391853190796, 0.6440758832430669, 0.0024204658329154095
0.19822623651159954, 0.543295013784846, 0.002368118635160542
0.1918353440726, 0.49123740298334756, 0.0025076619791070402
0.11872916709301293, 0.7123904625132891, 0.00014440504200994265
0.20513358809143895, 0.4598976239983448, 0.0038424248488758894
0.22259817933622322, 0.47139251426007245, 0.005239569536338395
0.22030326743757697, 0.5642683839555385, 0.0034937078973734798
0.1993546580839104, 0.5298567439855869, 0.0025527311062470753
0.21371002201847517, 0.5165717148300062, 0.0036469865702150332
0.17225995862866786, 0.6461717386681212, 0.0009025703607536752
0.18270649913336212, 0.5458281631011335, 0.0016389722466782644
0.18967149295436794, 0.6592810629379569, 0.001324444518196946
0.1136679512697382, 0.4666335784378969, 0.00027785695107724185
0.23785339298758168, 0.6356594867950403, 0.0038572516702165397
0.1681044298543272, 0.2303806086946405, 0.00637708711321002
0.2091304332915444, 0.6384375975277057, 0.002170525196685544
0.19545586977366106, 0.5884605075098627, 0.001897341951932119
0.17682896086615735, 0.441634394903634, 0.0021680787642352744
0.17253620646536713, 0.4205674576067904, 0.0021456932995292913
0.13516032807002087, 0.48543266368955595, 0.0005501036792319967
0.1570202915134847, 0.42025533502166557, 0.0014195309153446525
0.1678559868343185, 0.5808796357647898, 0.0009965880401424513
0.16293992096654103, 0.36955491933440804, 0.002160373927663536
0.17985309293596097, 0.5720203449750751, 0.0013924568739619894
0.20325709641749815, 0.49821062634382296, 0.003144423840467139
0.17970137531283192, 0.5085361184791266, 0.0017552882814032937
0.20288320508178043, 0.4970979565851669, 0.0031330315517653926
0.20352747984088831, 0.5749560456826914, 0.002374860200196741
0.19698774093211607, 0.473811547216542, 0.0030289150595214226
0.17429655620025875, 0.5663960940557238, 0.0012370753273814451
0.1564500251683254, 0.46104923805337905, 0.0011607109570615417
0.15258782288096873, 0.6089120130415159, 0.0005961345180722871
0.23139916303935626, 0.6688294837870539, 0.003086931030342221
0.1716561156288731, 0.715014998786047, 0.000725832529972421
0.15704630073017173, 0.6699612335950907, 0.0005589699719338053
0.10781773480594913, 0.6062440209278521, 0.0001304691565416327
0.06698917611076201, 0.609141612155624, 1.592024551590116e-05
0.12257672993075823, 0.5143952638809927, 0.0003186891748039728
0.15602397141460048, 0.4729609632550068, 0.0010898259565410985
0.16360146312291304, 0.5466845990430325, 0.0010049763118514302
0.14973738536145786, 0.7484850830603481, 0.0003631220972110915
0.12463126796008675, 0.4705239303155534, 0.00040978996965869435
0.12185735723529678, 0.5467847023617384, 0.00027484061312151573
0.15272117710682503, 0.5352271679118479, 0.0007745444624580792
0.13576198965770003, 0.44220530246734074, 0.0006759927833706793
0.18719622307421827, 0.39319091240867154, 0.0035145207738120987
0.10308251676639252, 0.6662359566107389, 8.86592024599018e-05
0.18864150249074782, 0.5595718210266414, 0.0017949737878086786
0.1835568575990654, 0.4356556350694888, 0.002625850085299512
0.1779439991028822, 0.4432219767718104, 0.002212942092665253
0.15910490400051125, 0.43813958020313293, 0.0013840399028582997
0.2240842435392381, 0.6040382204638489, 0.0032858434433192278
0.18387641390034576, 0.5628124043282496, 0.00158545195812155
0.17021367862714548, 0.6015992895431619, 0.0009879316104854112
0.22721871983495615, 0.6015395347282275, 0.003522018429216749
0.15312329643594294, 0.525769882538812, 0.000812000086020703
0.21318758961799467, 0.45382546318102795, 0.004674558756237274
0.1456410893048855, 0.5018352437945469, 0.0007149782354205165
0.18831001340625786, 0.4163727812610023, 0.0032169496014016375
0.17905063330550314, 0.7372961973236936, 0.0008218180951918163
0.18398071456284704, 0.535799713055142, 0.001753715212963385
0.17655870488841763, 0.6040024909250913, 0.0011513321429806388
0.1541820138784365, 0.712712155960862, 0.00045549740423264456
0.2376544111478444, 0.6147457916411573, 0.004109004710709316
0.1353744932028251, 0.47800029272623, 0.0005713098141800564
0.17012979378323498, 0.38776820366871967, 0.002372767363204717
0.08214083061417764, 0.5550878462995487, 4.7022147208774594e-05
0.13762900765739813, 0.8090319641496346, 0.00021446599485955658
0.216190464471455, 0.5334142433218072, 0.003598466243666031
0.1645448258219011, 0.3925840734561239, 0.0019987163100839687
0.22353007376811712, 0.5565162689610523, 0.0038290267269438963
0.16386241309822702, 0.42146476735555616, 0.0017027561969860724
0.2084108871068474, 0.5487575655348503, 0.002893707468600774
0.13136195989688304, 0.3627032264123149, 0.0008692193482384516
0.21779645989552013, 0.524469630579942, 0.0038454644277113362
0.13042959825452044, 0.6254770606661015, 0.0002832684543671958
0.225306278690168, 0.5158145795733369, 0.004615100537116804
0.030948722014471713, 0.5578457994178699, 6.349880193096585e-07
0.11024621167467627, 0.4980561818924769, 0.00021321089694599675
0.1338805508890887, 0.4410278852212013, 0.0006391322859610612
0.19319298948659336, 0.4775972626287264, 0.002736555344249792
0.16339696569367268, 0.5696045498340773, 0.0009206457277517328
0.24676648988704614, 0.575337819544742, 0.005535785560129488
0.19005618310036995, 0.5869178793931731, 0.00168613378811692
0.1547366339619555, 0.6359692689886108, 0.0005811703848898493
0.11932704187026712, 0.361645722961932, 0.0005728623479351492
0.13671980239150308, 0.4818286338168598, 0.000587271524123033
0.21812008851950757, 0.42081283943771197, 0.00601241375952799
0.17699258671777418, 0.6947395918220256, 0.000879678819111838
0.19466122550908238, 0.4888164108478184, 0.0027008715823308342
0.18512511939250983, 0.5514038021917804, 0.0017016644710108714
0.1411401872166842, 0.4980314022722315, 0.0006322887799361547
0.19866208966559795, 0.4964231108553674, 0.002863966349000157
0.15941807399567773, 0.5420919898049279, 0.0009119797011795826
0.15916869284915305, 0.5695304189548858, 0.0008205512396131318
0.17783184539335523, 0.7819520670383681, 0.0007090022089122229
0.1589418332198118, 0.616841267655739, 0.0006951318912369727
0.1363187058379584, 0.4661717330598505, 0.0006193241632394111
0.15751280854235283, 0.5499052758603008, 0.0008405817865477521
0.1589889196866095, 0.5992468874921144, 0.0007375109962015938
0.05482932312242457, 0.38668446682377633, 1.636474096467601e-05
0.19303418810102416, 0.5419077000368728, 0.002117902093421969
0.09462265048205598, 0.557375952780103, 8.69056317462449e-05
0.14491047341208865, 0.6988183714588255, 0.0003606419816498244
0.12332738084813114, 0.4242498824754344, 0.00048126499288130296
0.1409144199281134, 0.5853642972357037, 0.00045448270420852063
0.2650817835801006, 0.7019352823106779, 0.005096162196570749
0.15420170949113696, 0.40804835019321606, 0.0013903849985851394
0.13916161482054656, 0.4647147609264308, 0.0006824621731211384
0.14677571197782216, 0.5952206757978251, 0.0005258820425480417
0.22229573591663773, 0.46203092715162886, 0.005421516505878762
0.12114209843193083, 0.5824247927926761, 0.0002360394507620464
0.14440571143518707, 0.5910941987629442, 0.0004963908107705488
0.21488351782293233, 0.7282873733514469, 0.0018795504997835026
0.16290697324212292, 0.5725309764590991, 0.000899295640326863
0.1467238388154237, 0.6074883863931372, 0.0005040724185255563
0.12299996821976099, 0.49251229355480824, 0.0003529504524871221
0.1858174562471716, 0.5229655960187033, 0.0019230930792328226
0.20208572371296823, 0.654621090037035, 0.0017755900423481604
0.14119219849146564, 0.507872415877487, 0.0006090090252630166
0.20267751417281385, 0.4304596061652195, 0.00415954275759727
0.19456404252970042, 0.5298293530402889, 0.0022938722333813453
0.1316911972682985, 0.6158694649321191, 0.0003048163340019995
0.19907119503306378, 0.5400444622754853, 0.002441990255061496
0.12101458716022366, 0.45361918090551956, 0.00038731923074672946
0.20462537309499906, 0.5707502598437826, 0.0024677172227919176
0.1898512106526491, 0.5145559005463463, 0.002183331113258276
0.13373120879966116, 0.4791381196246138, 0.0005388509312889997
0.1256655102703337, 0.5149218136837215, 0.00035484129240954314
0.13684529411079172, 0.7837351738507253, 0.0002228633409833213
0.17136917627233228, 0.5985808378599881, 0.0010280735784816192
0.15354908736622513, 0.45535297455947954, 0.0010958658543732285
0.211699285958782, 0.5729215809726623, 0.0028440738143302923
0.20300229583335883, 0.5686861434998205, 0.0024000748288845824
0.1717103105401501, 0.3659496718145503, 0.0027747714486584486
0.13065493698289027, 0.4828280521767065, 0.0004789989232652592
0.2221824416080732, 0.5780872426788162, 0.003455428893097173
0.11800051358967614, 0.578162847475575, 0.0002133804786818045
0.10479002719023334, 0.6111649522765539, 0.00011325484964352532
0.10638242746736035, 0.6722191127721976, 0.00010003954935348068
0.2171776800899007, 0.49225255713507354, 0.004310987561724687
0.19161482969020255, 0.595115843026641, 0.0017000080969849058
0.06105875000137943, 0.584095838568906, 1.1515650436820372e-05
0.12622423149523385, 0.6196310354740895, 0.0002498777620923747
0.07286270466597228, 0.6881210537880788, 1.8057576933506282e-05
0.20760962712651587, 0.641490804846728, 0.002081967640594376
0.1691330359673531, 0.7310121561482117, 0.0006506116796308533
0.21829005795122525, 0.43054713077212464, 0.005763335548354744
0.2224104830864061, 0.42968117741231326, 0.00628284511020621
0.17557018368169192, 0.5021641297143855, 0.001625016900320518
0.1846614071910856, 0.4951040659540825, 0.0020875069520234412
0.1856979415690027, 0.6084577239539185, 0.0014166294781051683
0.20928411582283998, 0.5378602145712007, 0.0030680796720421234
0.13230317664145408, 0.5650609369076933, 0.0003695596293347265
0.1313597492729897, 0.5223321361292408, 0.00041908929938272145
0.18373328300247807, 0.34674833441268266, 0.004162589695170711
0.14529517132670958, 0.5373657448466054, 0.000617065319486753
0.22460620526704622, 0.5862014317066891, 0.0035247461888938698
0.14947263927320484, 0.5682977212920669, 0.0006250079781856594
0.15902990608841355, 0.6060864535921576, 0.0007217777221101725
0.21151353682832605, 0.5361758718809226, 0.0032347394134474307
0.17343758304992596, 0.6009231112804395, 0.0010753707486642569
0.20988606558661674, 0.6947787299270879, 0.0018620902974118543
0.1256617838408414, 0.5700142647086447, 0.0002895266991328383
0.20076771240917274, 0.4121352647867874, 0.004352505951974803
0.21124023002319106, 0.6015021906994262, 0.002555692802682154
0.15817790257972278, 0.43164324098395507, 0.0013898168822281017
0.11029435899099284, 0.6476629914621719, 0.00012632876736716153
0.10873808516206254, 0.4631996591712275, 0.00023201113627411614
0.16822511925971292, 0.5540208622194396, 0.0011061992936317643
0.19419736231208068, 0.7338912433727695, 0.0011856953683226262
0.20253984193488378, 0.6268403725149543, 0.0019556810635067874
0.23144941456763257, 0.5246701939756689, 0.005021111807359977
0.14655010384570305, 0.6281099342227433, 0.0004690655596880755
0.11742509870628215, 0.6400142596684727, 0.0001704255506143411
0.11627685435169317, 0.5604062292732884, 0.0002128778109215495
0.13717896545389702, 0.7144623690438633, 0.0002710642734431121
0.17616537988711348, 0.5115196496942311, 0.0015896142183955378
0.1991404756611594, 0.4558452399491778, 0.00343267767415124
0.14784196956195306, 0.5812795086115047, 0.0005692537820048636
0.1058681207793798, 0.30401060686422826, 0.00047880130212637074
0.19491005823738727, 0.6517438351944523, 0.0015278571073896053
0.2755334048745539, 0.5843496113554876, 0.008717402879331794
0.1794933715028583, 0.7190249083719324, 0.0008735566075919849
0.14814465987320455, 0.6479203334582075, 0.0004623182989299792
0.19361193232560214, 0.786832568939771, 0.0010178940277678938
0.15517017680077347, 0.6935196243650269, 0.0004947715390064247
0.1115445260963321, 0.5586146089037739, 0.00017844881757369806
0.14607494602891524, 0.6782888528855502, 0.00039652426546241283
0.20489057907194339, 0.4383478252225196, 0.004207507900203716
0.1755655338750303, 0.6540786325660826, 0.0009577203684073463
0.18472688025011444, 0.7089925595547637, 0.0010195651052155987
0.19786834635616748, 0.5737011107084384, 0.0021069311424163277
0.19206779651493727, 0.6293593032675959, 0.0015359200930644072
0.1463209988511668, 0.5242472869974459, 0.0006687176797022974
0.21185501369008664, 0.5323095225917231, 0.0033052773694104494
0.23719183226694213, 0.6534714726034263, 0.0036053832990778755
0.1662312809788043, 0.6667559588645124, 0.0007247165723191453
0.18901461841384087, 0.6235032196426255, 0.0014583717036399906
0.2444419573486425, 0.5718640174419259, 0.005374693052672193
0.17839947426738528, 0.632703686253208, 0.0010982390365338263
0.0658986656139047, 0.4707674285554893, 2.479763215017813e-05
0.17657467426853354, 0.6034896210992923, 0.0011537489181946594
0.10699218450511529, 0.5238574776131666, 0.0001689229445808395
0.2119845588647478, 0.49344935531815226, 0.0038567308090967584
0.11947488424971445, 0.441605598224061, 0.0003862903665081574
0.11786887475513377, 0.5797176446862446, 0.00021119764154213684
0.17681383842584486, 0.37185802264477663, 0.0030569131205210875
0.16457522525930357, 0.6163274504699976, 0.0008116083209674323
0.15545383927819503, 0.587721590339764, 0.0006944947984816289
0.12086572908944984, 0.6247913716034541, 0.00020306254531688548
0.20343145937454662, 0.444131520302208, 0.0039717546135716346
0.12907163977668076, 0.589575429029916, 0.00030446879391525023
0.21226888857101578, 0.3812300451570259, 0.006499674055975499
0.1700684835204348, 0.43529025937852317, 0.0018799785392449562
0.1270472877902303, 0.5961593146953434, 0.0002777723295203823
0.18688697751930353, 0.4519183528610752, 0.002641153952682688
0.24733106221447054, 0.45930793846511786, 0.008773726851518043
0.17790234151503956, 0.6491730302991155, 0.0010304911868550617
0.2575725093981201, 0.40450109280224666, 0.01352335157059037
0.17307357960626016, 0.660511835451372, 0.0008819015461067152
0.17665241564219328, 0.43180732154352175, 0.002257938184914396
0.22559866013066449, 0.45681889578541274, 0.005917774988658407
0.1593259339704107, 0.49299722568419074, 0.0010998600503315662
0.13506692584934632, 0.379004971038543, 0.0008996876359526017
0.20301700407709855, 0.5874402121745206, 0.0022499930531539123
0.1942180285134693, 0.5813144163884455, 0.0018906785281977757
0.21178989587203179, 0.5322483696933873, 0.003301568098254788
0.14925428655592685, 0.4493984328511185, 0.0009930720672272628
0.20707930222413787, 0.4730797425494098, 0.0037852855103081666
0.14112962842650933, 0.4715406047933433, 0.000705095229561002
0.21855613691032535, 0.40053243741410804, 0.006695264445144874
0.14289283636264957, 0.24449450830287056, 0.002769961226972303
0.19740673390088706, 0.472011902648208, 0.003080722882596253
0.182690074920048, 0.524085337492671, 0.0017770828484888243
0.15802299175683718, 0.45105297401138944, 0.0012673017272539903
0.1290164576491678, 0.4116291595484973, 0.0006234363660365165
0.09462947962161533, 0.7211959613888275, 5.1924905304254745e-05
0.2238040008689061, 0.7309448928369919, 0.0022315938069356845
0.15404479281143685, 0.6336132113110953, 0.0005740693334154195
0.2716142394236191, 0.4982652043074429, 0.011257343750264241
0.186170331346594, 0.5247452310654879, 0.0019260828838731942
0.1801853865701515, 0.5966291846159976, 0.001290395975621737
0.13027148663710017, 0.6226396201570977, 0.00028433453828702896
0.1823461853296241, 0.41342955636555656, 0.0028320978645653317
0.2023255172058787, 0.6181052818173297, 0.0020019991482487015
0.14339283522742605, 0.6952505946876989, 0.0003478595633125707
0.10568064408013945, 0.5698266488969078, 0.00013522605293831992
0.13896641533991405, 0.6664871444911974, 0.0003297506839762563
0.17549051934144097, 0.6447778013183288, 0.0009836981251994145
0.19016072107898896, 0.5786722777221537, 0.0017387299339993666
0.16742347666686058, 0.6662500495204838, 0.0007490026519782545
0.1731617806531395, 0.6610111942414861, 0.0008825458112540945
0.13829160383054626, 0.6437775653819284, 0.0003459360320111158
0.2280220675076632, 0.7183009855707885, 0.002508714504614876
0.1365528471569745, 0.5957535670796723, 0.0003820814357583636
0.22061645104913025, 0.5628590628592177, 0.0035332413490228643
0.14915087017774875, 0.5954498971545569, 0.0005639348454543626
0.198267771544309, 0.5302782646971355, 0.0024880986503257856
0.18778418173942887, 0.6405464735594053, 0.0013426543853248274
0.17277447908781926, 0.5765636107105648, 0.0011486339417414748
0.10164314318632978, 0.5546855285063618, 0.00012023081946603559
0.21058903238115645, 0.6425415310956679, 0.0022094327412136476
0.25144753157748295, 0.582252299527338, 0.005870997956842039
0.18428002169333857, 0.6702406166185009, 0.0011287785101920988
0.07270227092364807, 0.614943121387641, 2.2392732830747913e-05
0.17122834204804074, 0.7142355694449952, 0.000719475177188374
0.2584626541228695, 0.6392446329750733, 0.00549771262879283
0.15789790460087627, 0.482823674207262, 0.0011021603855655472
0.10770333577277699, 0.6612773594957306, 0.00010914575991976265
0.11511554130484877, 0.48801760951399115, 0.0002685865956968089
0.1115310135521961, 0.4806159625532339, 0.00024094081263414336
0.1193332432506036, 0.6255308193867624, 0.00019152207012681943
0.15703428698980718, 0.5130309390053898, 0.0009529157969883368
0.17745056915752463, 0.31591720137112544, 0.0043028865485989255
0.11569205974025723, 0.6006208217067616, 0.00018125949406277086
0.25413088944340906, 0.5291662204863787, 0.007447911019258938
0.13814526219430812, 0.39618077941444163, 0.0009091959051817917
0.16435110318026294, 0.535241636627832, 0.0010697090271763647
0.16411695454808964, 0.6393247737238485, 0.0007450715954981149
0.1389736294675336, 0.40469239556241265, 0.000894578319504764
0.18067049132336602, 0.5676149059676086, 0.0014426537404851633
0.158086335078826, 0.593980280897103, 0.000732077231639761
0.12099258623176701, 0.5156330154346443, 0.00029951805496399893
0.1971685400684633, 0.5493075227087001, 0.0022626653954715076
0.13024133794991413, 0.5690949968343509, 0.0003400096926585232
0.1274040062772657, 0.4748916642306978, 0.0004431822696355938
0.17176969450625734, 0.5535593477933178, 0.0012145133962728756
0.16355666711627476, 0.6333210440264783, 0.0007479255480800313
0.20301399879539242, 0.4928267200353667, 0.003196625365411484
0.16291358386960358, 0.5394551882639174, 0.0010131348583400817
0.18945215367597074, 0.47166455631867593, 0.0025745268080972572
0.19387994001053493, 0.5096820940614658, 0.0024406853911320033
0.16958557183989573, 0.38260116389751364, 0.002403169946715096
0.17712494827229042, 0.6311387007846379, 0.0010694170758667701
0.19163496152694476, 0.5529819136987028, 0.00196984890687763
0.13322327497453346, 0.6764317705742605, 0.00026587063135970874
0.17985205234835014, 0.4910933181661702, 0.0018891463270937668
0.19674242682327472, 0.6761518247767242, 0.0014792063222796425
0.15620866360725238, 0.5221845018641499, 0.0008987118239179422
0.12984856962691602, 0.45482141845188406, 0.0005253002750779845
0.19303653806676752, 0.589061418143313, 0.001792497791281464
0.22322091384485715, 0.6224967495843531, 0.0030417617945151065
0.19705634523980695, 0.5929836864567183, 0.001936770985264047
0.2175636683077897, 0.5691301010982398, 0.003250295342446841
0.1874846598736895, 0.4508834668036962, 0.002690831656719631
0.15179432618948369, 0.5367612689453011, 0.0007497697688914081
0.1742685610670343, 0.6347094299607736, 0.0009844185634858118
0.1790236638805965, 0.5112080205713937, 0.0017083486936521816
0.16280490855077698, 0.47664716711616995, 0.0012939242174398963
0.18222385777743547, 0.4386606968000404, 0.002508253864558789
0.11568326126676337, 0.4869737881900094, 0.00027564176952931313
0.21878923146189871, 0.647022788958172, 0.0025777505637615775
0.15256179475450138, 0.365366565045681, 0.0016545114039011677
0.10079453964029103, 0.6455668461249428, 8.554729560278151e-05
0.24420910584048125, 0.6936033881991975, 0.003638275990504402
0.17698762164947238, 0.6828039640571669, 0.00091058933603041
0.13540361260961598, 0.7008042946573195, 0.00026603911533392376
0.1659286797023316, 0.76772157210523, 0.0005422665583262507
0.15692604398898277, 0.5370296817641508, 0.0008670166431425228
0.1752924192919323, 0.6134029150369609, 0.0010815136868742793
0.18959312902814057, 0.5173284920289235, 0.002147101204597757
0.16266681156822513, 0.502571606106087, 0.001159539101472801
0.17834091445137515, 0.6815915230824223, 0.0009449784148643801
0.23527038863300712, 0.5113208677232207, 0.0056816548820370315
0.15607782303993406, 0.5788134987600994, 0.0007287689663591275
0.19056148677534002, 0.5532191226686298, 0.0019201100163356185
0.16478137088626918, 0.601694061565164, 0.0008562688353004324
0.15852272399320916, 0.517212710571256, 0.000977305257784033
0.2616412552478908, 0.7215814813147619, 0.0045530511047996
0.2256688190842625, 0.5126593750137151, 0.004705252533320111
0.17337848758379537, 0.7175113156357478, 0.0007531601145174405
0.1138437121956182, 0.5813575454968011, 0.00018023498064155622
0.15473701725971972, 0.5902416079202586, 0.000674715718510621
0.1424158244880721, 0.6512589414531011, 0.0003846934505048364
0.13667075690683847, 0.6790841832741368, 0.0002951829745628378
0.12567007451580398, 0.7231796073933311, 0.00017992594575959238
0.16853678421640148, 0.5281977449813197, 0.0012269574587834085
0.16520989285677906, 0.20630963263827423, 0.0073669123652154635
0.19916421295695558, 0.5428213849329824, 0.002422042385755786
0.16990573548277046, 0.5160949963789092, 0.0013317477569167574
0.19323838724857054, 0.5312283590576962, 0.002214187390205415
0.1971027905799481, 0.4610767016939354, 0.003206769490438637
0.23328081277956178, 0.7332519612500986, 0.002661503965456532
0.15887984714860037, 0.7066492220440085, 0.0005287628143181502
0.19357793149107239, 0.7407024875515618, 0.0011477412960934168
0.18731989024555631, 0.5067027102892038, 0.0021224065584670056
0.21373296110802026, 0.6241233976694134, 0.0024995370608744015
0.12271068752923409, 0.6333907385211064, 0.00021120538785533607
0.16173192049107743, 0.5713095137682617, 0.0008748311863928061
0.14451368135161619, 0.6368864703514857, 0.000428984197539432
0.15777220334549225, 0.6937752718375002, 0.0005319397237975509
0.12991026424018876, 0.6544139682260084, 0.0002542681872660043
0.1513893302366476, 0.665819321929194, 0.0004815842625115929
0.2309147410304898, 0.5103078903839411, 0.005253982547585507
0.14905608143230833, 0.40970963980102904, 0.0011878243160733423
0.19783010955196637, 0.6786608992357352, 0.00150434263188713
0.14549750904774597, 0.4216316900838871, 0.0010084720414925117
0.15479528258792447, 0.5178149267543257, 0.0008781136742700822
0.1550152778670857, 0.49758323613235345, 0.0009569345394409936
0.18825807002912082, 0.47927055351755593, 0.0024250475188728146
0.19198239059566752, 0.4365799980781089, 0.003185578907273627
0.16622338270371745, 0.6082079044460227, 0.0008707772775848851
0.13120834217325023, 0.5949818651285865, 0.0003213577748565829
0.11016924281546592, 0.6939679077509492, 0.00010948452207242565
0.1744225676136427, 0.5033282148319304, 0.00157150264450857
0.22089539241102668, 0.5411245594170945, 0.0038440824858460908
0.26329642524553776, 0.7062696441212969, 0.004886328408722944
0.19578124771171368, 0.648929309679243, 0.001571679257535449
0.16827517564956782, 0.6257659546385654, 0.0008682209594852396
0.24098828619412288, 0.6008162874468055, 0.004573667706113508
0.13931829732683476, 0.5100414388406471, 0.0005693651332268862
0.13917988897386685, 0.6113931761748309, 0.00039451294656242075
0.24673830757658294, 0.5941502680223543, 0.005188170751044359
0.14224434503239508, 0.47886680107851354, 0.0007077672811870674
0.19426774972230115, 0.42998004471619233, 0.0034596520175228028
0.17241650071138662, 0.42479913017195803, 0.00209674442298848
0.2254961658704938, 0.7178841971184742, 0.002391494702034669
0.14853333892645798, 0.565118831141104, 0.0006147686197145602
0.12104354133649578, 0.5673539944806195, 0.0002478567762633487
0.10260796846406162, 0.5901091294273133, 0.00011073834331589982
0.17615524546171746, 0.4120533261659126, 0.0024490609880633003
0.1835864861835493, 0.5769829023587911, 0.0014980942301879583
0.14619571418408073, 0.4863244898499732, 0.0007741516408143385
0.13613095289542115, 0.5233911302477993, 0.0004883413191147938
0.15390011661746678, 0.6299157282652423, 0.0005784320755648862
0.20545053236583088, 0.5547373625385985, 0.0026589064317241707
0.13245044244690934, 0.5986108437814255, 0.00033091142090718
0.19438399292194708, 0.46658394795394403, 0.0029458627252385875
0.15642109870930776, 0.5433676831021376, 0.0008349832202041293
0.15056999631849866, 0.6801036421333245, 0.0004506764149527211
0.14167364188330756, 0.4015427787928938, 0.000988949493703711
0.15513163137627342, 0.7006981240723432, 0.00048415628028598183
0.21656982254867282, 0.5669259136595236, 0.0032102896516226866
0.22559865205832294, 0.6221448053981486, 0.0031905351995522484
0.12374369598068913, 0.5665038126533944, 0.000273943998159887
0.2113704157291295, 0.5298209080727375, 0.003302951516315953
0.13155534891481718, 0.45155305451939787, 0.0005644503877851577
0.18408915435918155, 0.7297850792608469, 0.000947763609698572
0.17980851922563898, 0.4869922323229535, 0.0019190531039511177
0.1318992934600076, 0.5483045744525059, 0.00038724785707027636
0.1685263316149549, 0.5201786014907193, 0.0012647337506523134
0.19960295271029185, 0.7025028206280732, 0.0014601732330898026
0.1431364731722309, 0.5383708170952531, 0.0005755780845778237
0.1660959224637414, 0.5884945681320781, 0.0009269588434980418
0.19098609869325173, 0.6107495997884579, 0.0015909159924949099
0.15720146618851086, 0.7284495485639486, 0.0004748713257236104
0.21534091867193203, 0.48192385064639076, 0.004332772907307284
0.15774148300333488, 0.7436509832507617, 0.0004625829591686341
0.18894954471217718, 0.6024309755627169, 0.0015598148399912487
0.2265295533902844, 0.6260176035870209, 0.0032087968912700568
0.137282998497893, 0.639076117765427, 0.00033991822358392956
0.19520925136982348, 0.5859921546830809, 0.0019027600997903406
0.22074881490172976, 0.6720578457158142, 0.0024848802331672894
0.1897221127602803, 0.651352641430283, 0.0013584777512476904
0.12663491283865919, 0.561664413457927, 0.00030849440087022404
0.23436361464975936, 0.4746118654376196, 0.00648344064997421
0.20924454190076403, 0.5679878949513673, 0.0027489443351184245
0.25141403884535213, 0.6052836864266489, 0.005429525390535415
0.13746198279492503, 0.8078544783860142, 0.0002139454629777675
0.13877586087351135, 0.5742622280913863, 0.000441495911584306
0.19142765286028, 0.6531820888556831, 0.0014051346060905848
0.12857407886598068, 0.586067718971995, 0.00030293213847110015
0.117061185770511, 0.5484816524836499, 0.00022890671445865716
0.19487009478432282, 0.42272773461837554, 0.003628467827855762
0.15388399250439522, 0.5535974211668532, 0.0007485640059279023
0.1685531945677668, 0.8590948506879006, 0.00046400900901170537
0.18936448065366399, 0.46701517948433113, 0.0026207005298841467
0.12585551196004494, 0.5061407558955348, 0.0003697099485658746
0.11458753297455507, 0.6296486570380371, 0.0001581152501140374
0.17592143820558787, 0.6478757523984598, 0.0009848838563467212
0.16012497824330213, 0.4783826492849841, 0.0011940844049013802
0.19054244558372235, 0.42418484624132385, 0.0032645192369299483
0.15079873113470427, 0.6651541838088719, 0.00047431959533228386
0.15367086351822287, 0.5631139783346727, 0.0007190780307475227
0.1587448731874798, 0.6001219493427715, 0.0007304081169398327
0.18278077085624153, 0.47087993888969654, 0.0022061738902657813
0.10819598318107132, 0.5349733612415546, 0.00017014946540951778
0.145807468494096, 0.593348664952709, 0.0005140163640193783
0.08078498902700287, 0.39096319647491407, 8.809456044810211e-05
0.12989756990487186, 0.6442785937410391, 0.0002622183071938474
0.20106158864640228, 0.7118256394048039, 0.0014684755707243251
0.13351023069880447, 0.6198448599182098, 0.00031964203924641116
0.0942450664756123, 0.49546513804128284, 0.00010806315512041781
0.22215141695037066, 0.5848066291798458, 0.0033744057992013757
0.17001314068595003, 0.3840110152927457, 0.002412134330359806
0.20833904562540298, 0.7240035224066899, 0.0016598753999121723
0.1671535524417586, 0.39945140213402464, 0.0020689342310861295
0.1887732599240186, 0.5530100853010863, 0.0018434776936762218
0.07552248109863054, 0.6844844278259923, 2.136851041597053e-05
0.1734811666614638, 0.8627309306908542, 0.0005223064991618286
0.1956402159194245, 0.6187412053403665, 0.0017233107863568748
0.22424361723775818, 0.4551265880460167, 0.005805904393984381
0.19654602255701037, 0.663021295549541, 0.0015316293632946136
0.16922322934776657, 0.5457001868544988, 0.00117025794405397
0.1391663741205649, 0.5323758575568188, 0.000520091990114012
0.2551900169722205, 0.6082303807775322, 0.0057415595601052775
0.1533557943628648, 0.4364975955105184, 0.0011859954458389
0.17438573191448642, 0.6368239685553511, 0.0009807882823687263
0.1867217481599645, 0.6146917939382132, 0.0014220296353059656
0.15119820724226773, 0.632737302160468, 0.0005303031953461426
0.22970772794172767, 0.5068023238636898, 0.005205487034965968
0.21844552099628853, 0.7478065981335097, 0.0019164484722578518
0.23802846927393434, 0.5280389656654925, 0.005607911227341599
0.15372943308558068, 0.5700957159292929, 0.0007027506483275567
0.1472472671371776, 0.5720309801281327, 0.0005774769672612628
0.1480916962901934, 0.4593775417266079, 0.0009182511739309018
0.13788580199159128, 0.7263766221032305, 0.0002682428768608941
0.1332404219186187, 0.6412587640808518, 0.0002960040590588482
0.10244715171030624, 0.687942800580561, 8.092090777062129e-05
0.18919626122693986, 0.6910379816640568, 0.0011922773131340322
0.13921188190119388, 0.74647686955609, 0.00026491644971714376
0.17630301404614743, 0.2940275254318327, 0.004827616490686214
0.1768395278660184, 0.33798146552924946, 0.003702791458119574
0.20130443103945417, 0.30789252271199696, 0.007890822694611692
0.17758273451938164, 0.605155303050616, 0.0011765095663318552
0.1341209856303969, 0.5568814374495351, 0.0004040415731289165
0.18205674461540838, 0.6945018663241743, 0.000996618312785422
0.1540735904069956, 0.549743149220143, 0.000763221048286521
0.11161434482536328, 0.6828064499251809, 0.00011976742993888131
0.1545785786655699, 0.5427806227459455, 0.0007942810290594872
0.2220450235353352, 0.6535700416068064, 0.0026960144661917133
0.14969276959154992, 0.6360262182176216, 0.0005022263380336867
0.1665076795531276, 0.506617857307989, 0.0012644908501121723
0.263986174886481, 0.35834682527311734, 0.019200652191946506
0.1293510101608572, 0.5527347512593017, 0.0003497192878037614
0.14745148549199694, 0.6570102681467492, 0.00044043097284527
0.16939793803091788, 0.4610883713344479, 0.0016466196155346024
0.1700760686268495, 0.5682411180943073, 0.0011033942126218877
0.1994752122696356, 0.5484498818914523, 0.002388929428720695
0.20887347348180443, 0.6430765733626194, 0.0021277813135355214
0.15941238654342935, 0.46806324605979616, 0.0012230772739873503
0.13471413500467652, 0.7534398561105637, 0.00022505395579885913
0.24648531531919954, 0.5126720991893419, 0.006936927487406736
0.12931155319706839, 0.4858665138740683, 0.0004519976786584601
0.16066871204640024, 0.5020120067774472, 0.0011006150886787801
0.16021694286251975, 0.4702680875614791, 0.0012387738208995034
0.1362962170350274, 0.5472546827421398, 0.0004490716645369159
0.16971578126264694, 0.6967269141933919, 0.0007271408174077518
0.1863525330401533, 0.8072995490222785, 0.000817281745942649
0.18369733910376979, 0.5820347835996094, 0.0014761164693868525
0.18672351168327486, 0.6686142459056759, 0.001201960717510791
0.1579484327903713, 0.4558564404210994, 0.001238160998652813
0.21082478508586372, 0.33914662976615095, 0.007969777875546761
0.14569918613930177, 0.5401234735646049, 0.0006182884688361413
0.12096070651002487, 0.5764603732367098, 0.0002393657258572621
0.13851777869671145, 0.7237867496476774, 0.00027565693438516336
0.11636542134572442, 0.5236974078604318, 0.0002445853343442329
0.07755506594863198, 0.4970120490768361, 4.555298247734365e-05
0.16660423966744484, 0.42075301824349, 0.0018379345098663655
0.1934827073009824, 0.6268484742172554, 0.0015990654343064241
0.16077769957652277, 0.4976438076132995, 0.0011233685325359609
0.15016798091693923, 0.5053598329513131, 0.0008066864443111364
0.18854186065302422, 0.43703952606385565, 0.0029357477326724785
0.21641223637340437, 0.5933465220685803, 0.0029213868640480594
0.17707307703323988, 0.5917789473165102, 0.0012148370416447184
0.20075064670097703, 0.564164733100449, 0.0023219059365947358
0.18742687342692016, 0.6068342054315616, 0.0014834946282919956
0.21686522268721758, 0.4196822824536156, 0.0058933229644981275
0.19678354784307137, 0.42764130301280967, 0.0037013254072105974
0.20275406016816658, 0.5895868222951706, 0.002220937942882502
0.11409878122790428, 0.6740248074245035, 0.00013540994415777675
0.20525651108156878, 0.5729168626835438, 0.002482499869224485
0.17448680619649473, 0.39357866042330536, 0.0025742944571911473
0.1437795317955881, 0.6878189760764709, 0.0003596538193670669
0.16564285952018226, 0.5821519957728191, 0.0009359509300948363
0.17748076430157422, 0.5911063705720573, 0.0012299863577308467
0.12090591327559486, 0.4999950105243032, 0.000317543875146639
0.2516708595340819, 0.5433236108384291, 0.006768830562646851
0.14764902873021377, 0.4641496027938927, 0.0008876965791814617
0.16782078610263879, 0.6111393253530752, 0.0008995115433322301
0.14484656209419336, 0.5998511723829167, 0.000488511640621731
0.21927813435540455, 0.38220043207786436, 0.007460415072022665
0.17358308030429218, 0.6837678451517054, 0.000833644845339246
0.1515500267498771, 0.6583028814857388, 0.0004949494675200502
0.1693902949674687, 0.47891292643297, 0.0015260272375804415
0.1961807008790878, 0.5253237301776564, 0.002419911581624877
0.16267289324419304, 0.680492848699397, 0.0006325656518818754
0.19390261122401398, 0.5694654157913697, 0.0019561370663609165
0.17371192370863636, 0.687365564201872, 0.000827638578424454
0.21191124963176364, 0.6171359335946215, 0.002461965047955948
0.12857427291438844, 0.6444913858241978, 0.0002505010797628061
0.15256795420149694, 0.47406487990159324, 0.0009829443979749975
0.13489885850025363, 0.610775639266574, 0.00034453939920321675
0.16934744245534825, 0.5374039468578549, 0.0012105708698885395
0.1815973652624048, 0.7441894822774049, 0.0008583824536791974
0.1774629417762591, 0.41997192289075247, 0.002435561835338889
0.20973630359444673, 0.5040475110574479, 0.003526848712938629
0.10495715927666777, 0.5653810802625008, 0.00013327124433944846
0.18293476466390746, 0.5310658128559871, 0.0017408954493572477
0.17807193202149446, 0.5900302265237418, 0.0012526722216104943
0.22065038836364653, 0.5257725821320535, 0.0040520116986775415
0.15137962692581708, 0.7280102598917586, 0.000402705528579693
0.20273596036425545, 0.5314601955784669, 0.002732246518324029
0.22752300211436127, 0.4995799323236862, 0.005136499962270463
0.21611026526652982, 0.5925380729036167, 0.0029114217354183503
0.22808983511282077, 0.6761953297513885, 0.0028345730962020003
0.19562917828849205, 0.5434884421488537, 0.002233023259558215
0.1846496272945024, 0.3145554826018674, 0.005170166084222185
0.17179001599073296, 0.5407830931223399, 0.001273240764262282
0.19360347108714124, 0.6935767354795255, 0.001309768906348559
0.1348619475174034, 0.5924783967698103, 0.0003657078954801094
0.14505584699768026, 0.55779503889699, 0.0005685539163928547
0.1641065599808996, 0.4476081445172148, 0.0015195817911648679
0.15433976806486174, 0.39983202891212605, 0.0014538287269409253
0.10145792055445761, 0.47801917750485845, 0.00016059553517974864
0.12466381066155924, 0.47972024061361507, 0.00039468222048744274
0.1398215383387274, 0.5857813178628081, 0.0004385516991354363
0.19116735788949193, 0.7011132257258598, 0.0012122997741806577
0.18457523045191865, 0.20492921325245939, 0.012159653420748207
0.10802600399346438, 0.3298398144179684, 0.0004445128418136632
0.20661422021700332, 0.5951591203696496, 0.00236812503004872
0.13970086905296972, 0.6142134262887601, 0.00039737757960433867
0.11336738067853636, 0.5935761332705703, 0.00016973082861102207
0.21596240402724348, 0.5179339893785909, 0.003799101935372647
0.15618827524944462, 0.5935176427494923, 0.0006952671636335405
0.19484651441469952, 0.6821387015774081, 0.0013927338713660671
0.18545171160908386, 0.5640869288414568, 0.0016386626192681835
0.19263959066500452, 0.4902466218476806, 0.0025645849146664094
0.22067773087567372, 0.48692246977910125, 0.004726979373738574
0.14891496891774986, 0.5882281237915286, 0.0005738562162373498
0.11607518238459485, 0.6267161254284033, 0.00016891857435904023
0.1878680639926541, 0.4347706923884733, 0.0029201045366340455
0.13447379818163954, 0.5886728375839999, 0.00036578311820014233
0.09744241676620567, 0.4230024474987967, 0.00017170049316314495
0.21774755413702493, 0.5751083346419426, 0.0031949276657159075
0.17839665755165302, 0.5057602386353981, 0.0017186129033940458
0.2539957607292284, 0.6919880685657793, 0.004345153711855952
0.19004356037637218, 0.34029503845455933, 0.005014279736593124
0.1426233884008684, 0.5461182735215709, 0.0005505943876465963
0.17922515014272006, 0.6782890551775997, 0.0009751954605859229
0.21166973602993638, 0.49802868505585657, 0.0037614540595405964
0.24450448167085514, 0.5018968713108402, 0.006985523303503233
0.07844853297600733, 0.844223790153941, 1.6604429589915706e-05
0.21130340455814692, 0.4641296108843168, 0.004298094101370772
0.15543452965689683, 0.6264987429626, 0.0006108498956031983
0.2198135229403776, 0.7055170294037418, 0.0022130452027531453
0.20658289472698171, 0.5743375510808443, 0.002541245666446378
0.1453000847718136, 0.6124871917584339, 0.000475052592413555
0.15024595728006104, 0.6858075031211508, 0.00043902952842036445
0.17421587509901992, 0.5758599433985864, 0.001194312985707088
0.1567264264971001, 0.5667316812472797, 0.0007741707044478748
0.18133623651302108, 0.6778472809322679, 0.0010280977577590935
0.0984482834672193, 0.2634017606642251, 0.00046328090694298295
0.11110004221516409, 0.5253830882080646, 0.000198224031487944
0.19278526188509781, 0.5854815369495436, 0.0018041155072679928
0.14923973859068115, 0.564415089474735, 0.0006293038310638652
0.12093770849148305, 0.6094148626323578, 0.00021399885486613385
0.16659962725412983, 0.5609574343606188, 0.001033883948207791
0.1810227546395034, 0.4343783624694953, 0.002484594242606574
0.10216073006023711, 0.5458075876357894, 0.0001269802874657377
0.1332303909146202, 0.5844717189907752, 0.0003561995966270442
0.1864416669734978, 0.5253329049591667, 0.0019341305673030733
0.11166865158333682, 0.7194221577636812, 0.00010811747001238818
0.2396231210931304, 0.6049795605805992, 0.004399576395347414
0.2636433214456718, 0.5968756663709764, 0.006881323208719239
0.18139114888414004, 0.4541234882264502, 0.0022936585674221644
0.17747226620182777, 0.5151647525374827, 0.0016190035200087383
0.09126691816290791, 0.618153878909918, 6.027699554983744e-05
0.1860315170967126, 0.4080902647085335, 0.003174198998984183
0.20777433023969705, 0.5278514561845229, 0.003085650756445132
0.1018609551856989, 0.5614376258353062, 0.00011846687805657039
0.20783867929050476, 0.718988777368073, 0.0016653967762028433
0.1434381012427261, 0.4890330219402004, 0.0007040661210687044
0.1953585123337546, 0.5928095555779367, 0.001865510937553374
0.1863518951697756, 0.4891122911213291, 0.0022264734713524346
0.13789552053564802, 0.4929879940769931, 0.0005825241154744542
0.13304443056308873, 0.48131390980689803, 0.0005220289008551267
0.15191972236538084, 0.4276603418117821, 0.0011854144995777287
0.16515275544537647, 0.6237362234025038, 0.0008047511199300743
0.19331963963105264, 0.5520453542999906, 0.002054143012461252
0.14535556712903458, 0.48067736716948234, 0.0007726056812834587
0.0976615863816485, 0.540184010413803, 0.00010633275235276212
0.2146502123613004, 0.7620162379503888, 0.0017086584717560767
0.23568748093637698, 0.5407342638826589, 0.005120103994157765
0.1517852557927269, 0.6871399932343812, 0.0004573889061377591
0.11326978171771526, 0.5737689189528661, 0.0001809646466760047
0.16428408706509293, 0.6024390339619491, 0.0008428686184341414
0.15714658649766916, 0.6568247758036053, 0.0005831880717693709
0.21318903111739973, 0.4792175934412924, 0.004192429373620707
0.1937802007615849, 0.633817831585779, 0.0015747019205244323
0.1133823473150461, 0.48262181638197305, 0.0002568928105404683
0.1332341222430766, 0.5022287251638855, 0.0004824705910624713
0.1399806325449874, 0.5541529553101631, 0.0004924992541287949
0.15137926660381476, 0.46116141701009805, 0.001003580266902805
0.15746011541396776, 0.7714746478244926, 0.0004264548591831201
0.1933473215360927, 0.4258758962763578, 0.003453724413193547
0.1842279070016587, 0.5632719982444218, 0.0015962224450388998
0.10345951038718533, 0.4568927242937823, 0.00019156989243094674
0.11140681314525278, 0.4989222648700577, 0.00022249068438184128
0.20656120272897024, 0.5683099825419533, 0.0025942381639767233
0.18959986303730553, 0.5447788050131254, 0.0019364789323486912
0.12930216528188462, 0.6604974765884601, 0.00024450575238260387
0.20133917494270245, 0.6938425960210727, 0.001554992980067846
0.08386484476846627, 0.6580370709684851, 3.6662066828335565e-05
0.2038520494701727, 0.5259530043302563, 0.002857974686363836
0.12464421178612764, 0.4295795300418693, 0.0004918538198803923
0.14057051445306915, 0.5489756916466298, 0.0005112040651208375
0.1937118935662796, 0.4938372368724542, 0.0025899172574960013
0.1758911461528068, 0.6824958953807279, 0.0008868278363642013
0.1407358214071743, 0.6531081493903838, 0.00036305812564301886
0.2309497585352922, 0.4965124628826262, 0.005553702910658718
0.1818563465024922, 0.4841970909991744, 0.0020404538540683783
0.1833514470141201, 0.660296236627325, 0.0011374684432795608
0.16770356982700654, 0.3980031966452422, 0.002114359974733166
0.20739025044211432, 0.6595010815272847, 0.0019606657010072213
0.260825886040744, 0.5593401483874841, 0.0074740664133091505
0.13999932985466518, 0.4499033458413665, 0.0007476212915966619
0.1964355175247075, 0.564244336556807, 0.002109597234399859
0.19608765641994846, 0.6284394211183683, 0.001687408310518781
0.19301844384888156, 0.49580661160642314, 0.0025291584195131964
0.1861930127253728, 0.5292219852784412, 0.001894650069620775
0.2367529215750424, 0.5639705101776747, 0.004801231346685858
0.11355095110506605, 0.4644042285728973, 0.0002792627314612703
0.20906341173241172, 0.6629796129679406, 0.0020099668586022004
0.1534848893435857, 0.5984375989974041, 0.0006333108162270621
0.1943024883829568, 0.6394790089344558, 0.0015653739627804147
0.10173330756268767, 0.6041783614791143, 0.00010173572562723044
0.13999100018808802, 0.6136471695140776, 0.0004017620752976291
0.16147738815869142, 0.44338379882166307, 0.001442440170348974
0.21911978387515255, 0.5509574554464146, 0.0035787286371308184
0.14824946550686413, 0.49506952775723245, 0.0007943342799880664
0.11393648944929316, 0.4560532278200608, 0.0002939349979346278
0.13361736517866574, 0.4614066866358365, 0.0005788884771300589
0.22406806488117526, 0.5928599459885137, 0.003409836193017413
0.2046306956697117, 0.5286362307488814, 0.0028768914975043644
0.17638924983816173, 0.38363812611061776, 0.0028418403304279072
0.10911305400739621, 0.7093098450376243, 0.00010045034958077398
0.15445478674514107, 0.4753195559647341, 0.0010320971271053018
0.18796636984499235, 0.6706046220840997, 0.00123022766792203
0.1956938197954271, 0.6166138050224994, 0.001737315505045884
0.17283391185011257, 0.5742258801060134, 0.0011597591180814543
0.23605819120776816, 0.5448908175672609, 0.00507727689333278
0.16000592707905298, 0.5033416984682986, 0.0010750750590204897
0.19592969129868584, 0.378843304768704, 0.00462687517107982
0.1003829043922015, 0.605233076268734, 9.559243386275477e-05
0.20822914225363987, 0.6143726635901883, 0.002299771960550924
0.152281334154647, 0.5852668151793294, 0.0006395926410438392
0.21839518795730076, 0.6544769808060565, 0.002499462532225387
0.15068357140588268, 0.5150856460120941, 0.0007883099064544303
0.17316551725304702, 0.5316922689434959, 0.0013641917846214018
0.20687592985708925, 0.7328953706300647, 0.0015703836976446136
0.12834270756774385, 0.5532836378191177, 0.00033721237983840436
0.16022456120925765, 0.587060132355217, 0.0007950761402905394
0.12804739330403664, 0.5835528800578026, 0.0003000797764396285
0.1618987921437906, 0.6649972908985742, 0.0006486314811446442
0.15063399000165623, 0.642364104626539, 0.0005061327961790543
0.18357920118234616, 0.6094893236711078, 0.0013423228568191627
0.12257682706407586, 0.5410608127500036, 0.00028805179602594405
0.12443391432490039, 0.5319973591044085, 0.0003183299502141412
0.19623890903231372, 0.7158129920244176, 0.001305032344159675
0.09782944001230318, 0.6614023482228804, 7.146617351690348e-05
0.20402942262851564, 0.5138470966221841, 0.003005705359316834
0.15883305439986214, 0.3616369212855224, 0.002016323797092061
0.18421018015536494, 0.7580204599767288, 0.0008810164170677857
0.14421708163008984, 0.6613754127414831, 0.0003942242167265801
0.13168777216362215, 0.4014052371034792, 0.0007174634980334943
0.14409387178377228, 0.48708089003975086, 0.0007241090300276232
0.23546703133807817, 0.5215839550750156, 0.005480370600580794
0.18397682967024706, 0.30054835535817553, 0.005573075937823988
0.23661485238349692, 0.6051064350992191, 0.004159940918225836
0.17279367745770854, 0.4417415680560931, 0.001957725913319723
0.2132599321426743, 0.4532225695746681, 0.00469400570466289
0.13084841645655082, 0.5975650911071724, 0.0003147579677980926
0.1677675253928929, 0.5067543241665022, 0.001306428736402936
0.17859927417708274, 0.5124759946056535, 0.0016822458955172356
0.20024173623896563, 0.5817566836481803, 0.0021593517058005923
0.09844363431458937, 0.5066058784833916, 0.00012521347158710552
0.14566759476800292, 0.5714427442466954, 0.0005518454023088641
0.13953704340324938, 0.7344108680296217, 0.0002765168368407992
0.12626663818933903, 0.6749600947699127, 0.00021090147672868858
0.20527748784668573, 0.5470699013936622, 0.002723843057538069
0.22213461020665048, 0.6162582405643229, 0.003037748605480339
0.1289586051690563, 0.6701420855377689, 0.00023475429709238162
0.22766855025470917, 0.46508191311062624, 0.005943474197553652
0.2132957656349534, 0.5077827493465368, 0.0037422417598315786
0.14717106419713427, 0.5864240174264077, 0.0005482278483691519
0.12224972028558695, 0.43314682475439154, 0.00044420789490814516
0.09199732269292107, 0.4859030380762545, 0.00010103631503711597
0.13174265749206826, 0.43514719438096844, 0.00061163139321811
0.12133482907839696, 0.6336794292669008, 0.00020079958120590747
0.18848571759988048, 0.5805335443298135, 0.0016616380446925316
0.19946495424586397, 0.45955015291787293, 0.0034018339785490976
0.23149334045139675, 0.38930198730526455, 0.009127714840950636
0.18810299759994475, 0.3777176286370712, 0.0038902054754534373
0.20075869471929525, 0.5041485718232201, 0.0029081447103248338
0.1477575796612823, 0.4305029243281872, 0.0010352200313256744
0.15930236041960016, 0.5191108890149938, 0.000991341637215074
0.22601781928913187, 0.5966070635169567, 0.003497976672734413
0.15389383964141176, 0.6692855383298718, 0.0005122906751695396
0.15666126844554357, 0.793728626747558, 0.0003939608075965582
0.2356102983967957, 0.49778726580699006, 0.006032997107640925
0.18401741307870295, 0.5548223718436491, 0.0016369568087794897
0.23111128976644205, 0.49023515254016603, 0.005714393037213055
0.14597257123274515, 0.6498444418117939, 0.000430666027825754
0.19388334404530502, 0.610655369349627, 0.0017004025375503837
0.11771975971827381, 0.5170416552827347, 0.0002640292519234986
0.2404994630133928, 0.6516087899136059, 0.0038538438803807735
0.19594298880873795, 0.6153907735246867, 0.0017540208041809816
0.24777575316392791, 0.60835962360455, 0.00504085115379355
0.1951111480821797, 0.567202917947159, 0.0020264232320190215
0.13846128733497906, 0.7285776025743392, 0.0002715557924349971
0.13432544388390827, 0.4929715961319541, 0.0005190611857077073
0.22639787759633187, 0.6017920414884728, 0.0034634694576376147
0.06615194045377495, 0.3441337722049489, 4.7195293829323405e-05
0.1268032017871985, 0.5771242836789972, 0.00029390039278997854
0.1835977195974796, 0.481834865461992, 0.002148748054105732
0.17299048272794862, 0.5433574367284437, 0.0013004462081968495
0.16427786009921544, 0.5571647826267029, 0.0009852497760701076
0.1636997675947249, 0.45388738619213365, 0.0014617770744499378
0.12287928725036902, 0.24492345722751618, 0.0014210564912520438
0.18093647876369218, 0.5561574597094757, 0.0015124650716101487
0.22018442688323644, 0.4734780269788007, 0.004950251622658015
0.13691531110479088, 0.5204843720168912, 0.0005064532780449303
0.1739982011396887, 0.5891898722603748, 0.0011346248420956492
0.17375484851335002, 0.5471581104503284, 0.0013075632812133073
0.1485134858688826, 0.6751501959661296, 0.00043046220417680887
0.1960439370845861, 0.4495850130237358, 0.003293800379069718
0.23266299108262725, 0.4927557280044459, 0.005825090609141079
0.10646897892017, 0.6158152908312841, 0.00011963177656658665
0.14735873355777768, 0.43581088578223137, 0.000998213922959471
0.18469221695110483, 0.6590201816503751, 0.0011790773138001366
0.15263857865563757, 0.4623115587451088, 0.0010356651724961388
0.15080572745090992, 0.6944776018653396, 0.00043519899931035384
0.1834736003188469, 0.5532253201761921, 0.0016251204889202273
0.08554444524073478, 0.4712828569899647, 7.799137816941853e-05
0.17677594953429376, 0.6016072365900914, 0.001166814399549353
0.15628553516314078, 0.655276170517811, 0.0005719522831142334
0.18868156369629882, 0.3957276912422969, 0.0035923832968027328
0.2013948581615213, 0.5220238489182613, 0.0027504140187557965
0.21026988898775403, 0.6953381702018262, 0.0018741007400228514
0.14560673578090275, 0.5733246789947563, 0.0005472214016277323
0.1468364538593324, 0.5079035832131206, 0.0007235564997615529
0.1719661590986731, 0.5560211304547165, 0.001209852611120527
0.18570920618365352, 0.6956548184429163, 0.0010840402551198323
0.19523022385320682, 0.5792051605717695, 0.0019485344193700721
0.20205078816794092, 0.508026786752528, 0.0029459073795783364
0.17893214930840484, 0.4717750587887124, 0.002001358123378811
0.175516756491326, 0.707094145701237, 0.0008184896394007946
0.15610254965275389, 0.45212092792698816, 0.001195255253768552
0.18538849823907655, 0.6068721349635557, 0.0014136300332521223
0.2221357764496917, 0.49409141238283916, 0.0047257716293205715
0.149469651397022, 0.6230148692349364, 0.0005199988323969242
0.17542612247085723, 0.3376948436029166, 0.003580402077315967
0.09878537301571623, 0.4984739111674386, 0.0001313193318340126
0.18714709625417392, 0.8571455729110866, 0.000738690193861442
0.1759999270585797, 0.46230270078837554, 0.0019380634101241652
0.15167590453753485, 0.4079341178882019, 0.0012936561280963619
0.186985417636495, 0.5885548615375605, 0.0015607956449627636
0.16840959716876525, 0.3585797017856853, 0.002653435753260436
0.20711272508196676, 0.46981806554239897, 0.0038407524591182337
0.17727592940608608, 0.6691130390731317, 0.0009550495471760267
0.23507464730758398, 0.5735937186843827, 0.004498447056681684
0.18004136969639523, 0.6350165519702786, 0.0011350995784814067
0.18179026878483323, 0.4642532283371474, 0.00221598497802734
0.17956787736413934, 0.6005564977320013, 0.0012544813587741833
0.10214746455608434, 0.6195084639958518, 9.850829681509326e-05
0.227329413281951, 0.5018491894408665, 0.005071123878259474
0.1622272043247612, 0.5425019675096395, 0.0009833485270327434
0.18793918641431556, 0.6425636494850783, 0.0013390904018101908
0.12092411490367658, 0.4793387369100063, 0.0003457304877330954
0.1055899721952026, 0.43984616756573225, 0.00022610181305490613
0.18167856757089906, 0.6742396177610961, 0.0010477885029625447
0.22100974119504582, 0.6067124066881098, 0.003064858126625717
0.1663296038455782, 0.5008987650367632, 0.0012874548542542916
0.20473937834821057, 0.5147792698648173, 0.003040954144261928
0.13337873025211266, 0.47775655203088097, 0.0005357146706540901
0.17117104587504048, 0.48485208297381055, 0.0015589805769534492
0.17035972097003763, 0.6362396970732199, 0.000886622646637671
0.14610748405396862, 0.5387439525309247, 0.0006291582779073882
0.18411495748576898, 0.5019554645019602, 0.0020045986836799414
0.18606682528332286, 0.5248385278466796, 0.001920692539743692
0.1980623952128182, 0.4003667843364439, 0.00434488949223301
0.16866955325354663, 0.6806511912468938, 0.0007414436253578628
0.2295198773118682, 0.4252287263449802, 0.007367667862406003
0.16897937826846618, 0.4920486324905446, 0.0014302704084873516
0.19369698785844724, 0.5213663149980989, 0.0023228468446269373
0.19013678372038492, 0.6355373338534843, 0.0014407040999213781
0.17251111338809938, 0.6683063314043581, 0.0008491998127044069
0.12626792971383977, 0.41970109319212623, 0.0005454753876314602
0.09593231214071887, 0.3361460310147374, 0.00025383735504161625
0.24269195471792432, 0.5642327765216018, 0.005349250619859497
0.15401510798623794, 0.4374010663951289, 0.001203607404131775
0.2159275875421765, 0.6998475258040964, 0.0020792888154495125
0.12233919093989126, 0.3352039605107401, 0.0007441085118747988
0.20238619381480003, 0.32502907940981673, 0.0072496551107767895
0.17131089021987184, 0.5541286302779216, 0.0011978394011747232
0.18218972648789802, 0.6321524359985866, 0.0012067779171816267
0.21589434646685735, 0.5311677268532163, 0.003607149351719683
0.13400187162458838, 0.801981003626994, 0.00019405531276128995
0.18057585207127674, 0.376326712314756, 0.003274450011126686
0.21194229492368072, 0.4957090017857187, 0.0038182984350996355
0.24646752219219786, 0.5619680347277194, 0.005771455433237373
0.19113674158076988, 0.5404452896035196, 0.002038810251472647
0.16368716032037608, 0.2828768720743617, 0.0037621431700515483
0.22623962451730179, 0.5280189497579761, 0.004485068011576609
0.1857742253731632, 0.37718888247215043, 0.0036930411769747376
0.18961812265625216, 0.46416254749954416, 0.002668683152155998
0.15379072936530672, 0.6487219231002529, 0.0005436775955729773
0.16455570709755796, 0.5322030494543131, 0.0010878979427635157
0.21165571650456916, 0.5271459837649658, 0.0033564184870301644
0.14075733776559257, 0.6484899232405242, 0.0003684953630123112
0.2491930446748682, 0.5623464451442491, 0.006049451803554996
0.1374634617275975, 0.5385586653921262, 0.0004814197218082282
0.2444425416047295, 0.5838081121598252, 0.005157075925778201
0.18969012277857392, 0.5169615523377796, 0.0021549944952867473
0.22788654956614343, 0.7585582762416232, 0.0022436248587535965
0.16662978652010416, 0.6261586116580763, 0.0008304410104085751
0.24283401152593803, 0.7578478241619322, 0.002972786662865981
0.22362768149294, 0.5253975858885704, 0.004304296901312248
0.1899998961982231, 0.5371935551786094, 0.00201010669429054
0.1636915484026732, 0.5403292450799267, 0.0010312512282449236
0.16350992834585482, 0.6328639410901404, 0.0007480650390844631
0.08587565757810993, 0.5622238383212494, 5.574112353983983e-05
0.12326485684500581, 0.5794462986780446, 0.0002574140952490742
0.1885545600709849, 0.3830499310506573, 0.0038227693572569096
0.1405853283105285, 0.7264273860083994, 0.00029209053056293777
0.14847009885847032, 0.6118964780258972, 0.0005233853715140996
0.292150365522171, 0.3913854137408179, 0.025143453831380988
0.11567478849690294, 0.4466797070048218, 0.0003275094185106923
0.16745237655765238, 0.6082199824517921, 0.0008994278212931549
0.13765400420033358, 0.5682577116313077, 0.0004350569959505966
0.1573958556604688, 0.5583479102066069, 0.000812693143833834
0.1441312628323457, 0.4690512312105113, 0.0007817382827864445
0.1688090731988643, 0.5237601482217678, 0.0012567313578202832
0.20662537540652898, 0.33398531640892387, 0.0075217558889856435
0.09388563633890079, 0.509190812289492, 0.00010060997892159129
0.17159018569731035, 0.5076963624903706, 0.0014372242889751584
0.19236965105142137, 0.5598836942194301, 0.001954209453215381
0.17730563847451483, 0.7487060927958282, 0.000763347641702589
0.17430755603305975, 0.5511934271058142, 0.001306619626174652
0.14934076365811566, 0.4719111346959943, 0.0009028804847993524
0.10750776722681424, 0.6207604252070896, 0.00012287206564738984
0.14689270001480562, 0.4901069371938257, 0.0007783682946958124
0.16433004305571355, 0.44774139937127616, 0.001527798419190884
0.17283114107257458, 0.5175519015123078, 0.001427561635063971
0.06393867017781939, 0.601372891574035, 1.3305709578023515e-05
0.12132346193245559, 0.5214236791041841, 0.000296443200028074
0.23424683697173584, 0.521127578261626, 0.005365895603558804
0.23223210473868983, 0.5155895862006566, 0.0052773458855601965
0.11792103240207524, 0.5950035697408197, 0.000200876140156298
0.17820288572816642, 0.5930893258564894, 0.0012437998622470171
0.2125164637831772, 0.5056925261803882, 0.003712959245135419
0.08445719514502266, 0.5975140120834102, 4.586390058109146e-05
0.16471718743211092, 0.5211938727455252, 0.0011392486788774504
0.20551542411152118, 0.6929764547848464, 0.001706256797168927
0.1972103680058013, 0.6130641280279495, 0.0018182138357384595
0.2051550430026178, 0.44572578067084945, 0.004092531730995565
0.1958122066785359, 0.5747453540434323, 0.0020049793764965124
0.23833507512444835, 0.6347945630726101, 0.003902352786555509
0.19110875143141243, 0.6248535475727521, 0.0015242069865601378
0.1535850014444119, 0.35823781421254086, 0.0017723838795792046
0.20190341433288406, 0.5644056826813523, 0.0023791140394431197
0.054193814371768054, 0.39601493228981, 1.4822502721833544e-05
0.2042504125126317, 0.331390734220118, 0.007261095032968514
0.17187153362860463, 0.4256602129921953, 0.0020593832257049817
0.20278822473178215, 0.6264801827352139, 0.0019685173564250166
0.12182756126882763, 0.5902121043930502, 0.00023562973558292384
0.11435930871801009, 0.7489536389786363, 0.00011077728603715491
0.1658145923879166, 0.6099488924380221, 0.0008564836812915082
0.17422033140545695, 0.49651694489420795, 0.0016066919748760078
0.1775262527584356, 0.5010037132872901, 0.0017141127534969285
0.14232035322890252, 0.5971583134891686, 0.00045620683585886467
0.15084886633052239, 0.579428249376619, 0.0006259672187645701
0.19221590825184237, 0.653164233335457, 0.0014308501400183142
0.1732755059631034, 0.39129897634260574, 0.0025257597984394173
0.20648491225095938, 0.4012368999001298, 0.005196043615865322
0.14442791126985696, 0.48147002389902666, 0.000748673333550699
0.18590714595844043, 0.6524756011348435, 0.0012380554970104166
0.16996272978409474, 0.5693297693117015, 0.0010959591860173737
0.17310978143777064, 0.34555590019954596, 0.00322510862763722
0.11681015938170788, 0.415153126077988, 0.0003957892414083897
0.15163367126039123, 0.5767016635147811, 0.0006464937767860914
0.12454303377847445, 0.5935508283823484, 0.00025671757691987266
0.18155993147741128, 0.4776273306036348, 0.002081975440247672
0.30204183512862354, 0.6299295211015011, 0.011237694330685818
0.13262243342943722, 0.5067227680777071, 0.000464450918861064
0.15281343437608808, 0.4097130165047257, 0.0013253089583885596
0.19459828860587836, 0.6772064786968534, 0.001405191005951954
0.24955991578335174, 0.5529036311098713, 0.006298487425444727
0.18889605922221728, 0.48015788890344546, 0.002452327734041432
0.20265963044438426, 0.636588977101945, 0.001901181381455459
0.13509513989617547, 0.5731889985382642, 0.0003937177516387895
0.14209281058970633, 0.42503007025221473, 0.0008942188983633644
0.1497316908098005, 0.6566369215252281, 0.0004717324004931503
0.15357900391141577, 0.7370581966348799, 0.00041862239808676516
0.1535353053823046, 0.5350483757892311, 0.0007934071838591675
0.19786951110211792, 0.6028822869732062, 0.0019079541052355797
0.14818654089452504, 0.5683633126584349, 0.0006015508841122145
0.2033432279751969, 0.527196432874138, 0.0028134014719034105
0.26274096441859957, 0.43905273503045666, 0.012527222698747021
0.17061481525931677, 0.47450672150990447, 0.0016045557704993645
0.14904909456090565, 0.5674712872624096, 0.000619052124347797
0.20342944583445738, 0.49207444048213056, 0.0032353783347512403
0.17643466804687427, 0.3950926881838589, 0.0026824842506714573
0.09770412044384244, 0.7670210722605872, 5.284062866045766e-05
0.19261277721607392, 0.6561100206582391, 0.0014309582599396828
0.19442696368005785, 0.66764644112335, 0.0014401289930448407
0.20540611248350515, 0.5565885766097126, 0.002638737067922143
0.12321548883468186, 0.6539827469965507, 0.00020172543189323177
0.15555165045088187, 0.5289383834361772, 0.0008598131307192923
0.18197129301618004, 0.4594896390791237, 0.002272098356368986
0.12979043419800074, 0.6814507165391861, 0.00023354189909061864
0.23447795109579683, 0.6328130055188592, 0.003654802817563305
0.18591305379876827, 0.37830367506759977, 0.003683394784733192
0.0988994105177296, 0.4853324360617272, 0.00013923215841251697
0.22178119297807655, 0.5494646364930652, 0.003794505190277047
0.27274774250416334, 0.5658668533145058, 0.00888968784955268
0.16149178256576255, 0.6793116512762722, 0.0006147374267865255
0.2169643686739013, 0.3752585577484108, 0.007386075142997702
0.12462301343362454, 0.5525744163610635, 0.0002970411673887605
0.12828231135183135, 0.5030677077554716, 0.00040704913083498427
0.1652418877398077, 0.5125383791631299, 0.0011946529639198504
0.16830073250101435, 0.5083278985094114, 0.0013166078279506996
0.1729593380905445, 0.5789512013276138, 0.0011445522999392322
0.16593500580629525, 0.3653517604009857, 0.002394808296095915
0.17562467539545704, 0.43049478827974075, 0.0022141470105480105
0.2049297756500354, 0.5730570212634842, 0.0024639534877762517
0.12346904177783603, 0.5858121981541989, 0.00025369074140598814
0.2353972303642138, 0.7136085251428039, 0.0029239623221018556
0.12226836289518708, 0.2676376268081821, 0.0011642696718951824
0.14862961844681538, 0.6310768445339302, 0.0004943846786585926
0.23485890199270543, 0.6526484676460886, 0.0034606538931278687
0.18133885560650398, 0.5531220287413791, 0.0015441298473856657
0.13051247485041184, 0.5253735465551103, 0.0004026228367262719
0.13838313227117133, 0.6533253998683063, 0.0003368780387197614
0.11245451024630934, 0.6994453972301438, 0.00011796591191699659
0.1306916433844434, 0.612814690642273, 0.00029771311390964226
0.12151795841904672, 0.564237703892795, 0.00025495276939164476
0.15770995053514592, 0.48623887049893444, 0.0010810519627429949
0.26046080880174716, 0.553214591237153, 0.007593554911473524
0.2078034679057352, 0.6997896774535477, 0.0017567222964441043
0.14634769065911818, 0.39263274335881587, 0.0011931380958258057
0.20458413462347988, 0.5813543910492752, 0.0023764056108079245
0.15971101492757514, 0.5369175740499912, 0.0009371823147028249
0.167772000621872, 0.22624151636284723, 0.006555216172156654
0.18113038813681306, 0.647003562841257, 0.0011228308871571117
0.13885339828817703, 0.5531853782584498, 0.00047695034807179536
0.18580676213200278, 0.6642514916786124, 0.001191712481703279
0.21096403460457475, 0.6820230796556639, 0.0019764453648887016
0.18370254301672426, 0.44931693430690167, 0.002477234180710587
0.2664023516023404, 0.4594881275496938, 0.012155833604146217
0.21857939888827482, 0.5664858840428123, 0.0033486388567869597
0.19066101003275077, 0.6294319210076482, 0.001486690897831551
0.1956749373490595, 0.6015510958196788, 0.0018246339349636158
0.16931418177528063, 0.6573760317837799, 0.0008083302756298856
0.16312341102784475, 0.5840381634630866, 0.000869270894734714
0.16606278298686522, 0.41572418955184487, 0.0018558953281251037
0.17495634852873496, 0.7418710142600982, 0.000733161747586043
0.18024828257203554, 0.6425655404067545, 0.0011142022470847152
0.14287275216367568, 0.5827643838306441, 0.0004872561178650104
0.17669908307167675, 0.6239105451810025, 0.0010828097231018621
0.07282795969719592, 0.41741051566137755, 4.8972351211575134e-05
0.1715732247056226, 0.5136668922122605, 0.0014033972098981935
0.1926992752659097, 0.5491019975805823, 0.002047067708398003
0.1383807894794716, 0.5759850848798779, 0.0004333880773519762
0.17380605735036625, 0.43976021901930135, 0.002026840679040557
0.21202178011537973, 0.6044093123761702, 0.002572632190441198
0.13037810088357646, 0.249646886717108, 0.0017750641438778654
0.16639697993734617, 0.6348779830428607, 0.0008028331539858216
0.12542793617013495, 0.6123249542639424, 0.00024884951315085724
0.1526261691409508, 0.5857186154238136, 0.0006449936802430793
0.1903072990878514, 0.5321982887934918, 0.002062637505005388
0.19004293081640303, 0.49802681174855823, 0.0023410355809464797
0.2075961074089104, 0.4621943409002845, 0.004009416337065026
0.19784564887465317, 0.5649949638056574, 0.0021712676363068806
0.19049517646875813, 0.42378824480017435, 0.003267063774091009
0.12612306241321092, 0.6601382605339405, 0.0002193774179606874
0.1878032972562737, 0.5493954956684577, 0.0018259540524683002
0.186943684203217, 0.49938061069103085, 0.0021658583664936094
0.2964928732010984, 0.5446963314035201, 0.013852231305910862
0.060751862075397345, 0.5453432085638055, 1.2920766909584518e-05
0.23826667844159719, 0.4052341098098872, 0.009563843820113525
0.17699978026901372, 0.6059052856876989, 0.001156741760283786
0.17545837756261295, 0.46657622391449893, 0.0018770972333107222
0.19573509254332538, 0.5416690613547724, 0.002253409371882583
0.11443681637482019, 0.6434566396039183, 0.00015052779498545777
0.13369503566036792, 0.5597954229826333, 0.00039428880724393876
0.12012614762878958, 0.4940139190155785, 0.0003161496788465076
0.1897804162716432, 0.580401931565984, 0.0017132247369796116
0.15550896086040822, 0.3463327314635223, 0.002003100161702632
0.18838474399734284, 0.4971690413825039, 0.0022602628727701086
0.1258764942967347, 0.6838369995038343, 0.00020268290466659276
0.17174196486723436, 0.6028779910745559, 0.0010232065648161487
0.18392109682063287, 0.6101596278535758, 0.0013503855192900196
0.10177877989766547, 0.3390114731226434, 0.00032376430204641315
0.14962535065524832, 0.4070888135141294, 0.0012235179846691268
0.17540054004324693, 0.4824822372243993, 0.0017528280473215697
0.15598747621688397, 0.4789938560571034, 0.0010614531495584756
0.08376604732359953, 0.6066118016061418, 4.2918396443732434e-05
0.2165195778225804, 0.528528207328474, 0.0036899213680278726
0.15762178803786375, 0.4798677875780961, 0.0011072207105221963
0.12612938677013905, 0.7125294956646613, 0.0001883440278286029
0.23382300049946173, 0.6567252386587065, 0.003351986738086896
0.14250244188924022, 0.5465498892647321, 0.0005476769003859135
0.15556546356564835, 0.4875243761575371, 0.0010124911864539798
0.14690106654012375, 0.4950999799684743, 0.0007629390684093247
0.13678722481557767, 0.4275307487080902, 0.0007475350422642733
0.16141626784416385, 0.5242841218051346, 0.0010299131756303132
0.1509496648990596, 0.6318637994920355, 0.000527934960082097
0.17977655324416972, 0.3369006489631333, 0.004006707330671315
0.20409412100977864, 0.5087448782784483, 0.003070576873475854
0.1815354156698878, 0.5126838724340819, 0.0018059120114835747
0.20268298177273986, 0.3949131553579426, 0.004942637362569705
0.16486143312020657, 0.40754050313587964, 0.0018704592628048032
0.15574025364028612, 0.6173003521685552, 0.0006346535436774755
0.1699973936845535, 0.5151112053484406, 0.001340015617231171
0.092261185751333, 0.5962675092162336, 6.794654013606665e-05
0.1341908178982869, 0.4005540292976333, 0.0007827516779326111
0.2484436100766385, 0.39253934174349725, 0.012251858570968872
0.1146598435744099, 0.5584092624337893, 0.0002015907441911166
0.15126517021387656, 0.6038092080494765, 0.0005834689796067609
0.20626435520663672, 0.44545597067054554, 0.0041958768760533525
0.17155658071697755, 0.5460726782465442, 0.0012412449110552498
0.15028314334168374, 0.47963172945866384, 0.000898576951985174
0.14950654003692615, 0.46501205775528803, 0.0009344203942364964
0.18367002089247225, 0.6119715494033945, 0.0013343564042543317
0.20585298248535744, 0.5233450354306504, 0.003013291868520788
0.17914405757253954, 0.6825968731731202, 0.0009610099789869319
0.23413472504661365, 0.4204475854400599, 0.00822605903887514
0.21191300397731855, 0.5687194338606566, 0.002899100253960244
0.16504627587983084, 0.5131090109902489, 0.0011858010289988684
0.19816420027320986, 0.5981125868818913, 0.0019512408906913114
0.1287547120308879, 0.7418309424617253, 0.0001902452354071418
0.26712086642358757, 0.4096577804788045, 0.015475256869914782
0.21247747621586896, 0.7586942780471481, 0.0016481966848296056
0.1676359311507637, 0.4032360540968005, 0.0020561863582996185
0.2222518897671951, 0.4426608617857306, 0.005901245485973782
0.2259797306304051, 0.5305330298958527, 0.004420249498354948
0.19807047559662655, 0.5952876349930168, 0.0019657081984800874
0.21843137646920396, 0.7099973253188103, 0.0021253896968357507
0.12481027270232702, 0.43247124070592374, 0.000488149550666389
0.15983631835913964, 0.45984166797189924, 0.0012820982598829324
0.20572480267299015, 0.5054614149570802, 0.0032214482494092793
0.16104526953334616, 0.636135804584704, 0.0006925279339121031
0.15451094164185436, 0.6645378409638338, 0.0005288677899339772
0.1357733947390404, 0.6879790610236254, 0.00027938303703970384
0.1635593375389975, 0.4237799514767853, 0.0016705388957671504
0.14511131788783116, 0.6743845310828492, 0.0003896156176322536
0.156815725330023, 0.4186973886659606, 0.0014219347951408632
0.17524058189853908, 0.6215148132979019, 0.0010520964371520843
0.16736442544262317, 0.4578091645277177, 0.001583852727270024
0.1689158677867785, 0.58339138414127, 0.0010157710929823906
0.0831839183667751, 0.3557229176041109, 0.00012103624752443415
0.17240746187552103, 0.48565178331478415, 0.0016038456785361528
0.16496503210677477, 0.7472989252075213, 0.0005578295593469387
0.10418836214607245, 0.5524285751752741, 0.0001351506551023612
0.1445739203359587, 0.5272347910412699, 0.0006271242429548376
0.11716281157475228, 0.6844020827655781, 0.00014757687370952144
0.1900115935948563, 0.4749871437499653, 0.0025717848205302663
0.23980415145714523, 0.6026777754002671, 0.004448002391199544
0.19811624288083066, 0.5261776743900282, 0.0025185433446040448
0.12845500426723133, 0.5248822522109081, 0.0003761375083455374
0.2094251656481546, 0.4932051712432639, 0.0036596341505251016
0.13545490763269585, 0.5423801394402283, 0.00044489263469019754
0.20962210875795767, 0.4236444957338492, 0.004980649006038554
0.24042764505226494, 0.6115821645215335, 0.004369056342095519
0.1427539105587889, 0.539607488200977, 0.0005662356685916439
0.1434636366696072, 0.5344365236162866, 0.0005899805753203525
0.1793914517452956, 0.6041203414579894, 0.0012343736841364179
0.15465205496778273, 0.3955947264106423, 0.0014984076057289073
0.1648705989393003, 0.6003192642274398, 0.0008622465905281383
0.1315485378607938, 0.49918840138714293, 0.00046175907202806305
0.19700530366059707, 0.3914709416973091, 0.0044388418891359175
0.10778217132017487, 0.6524225388401761, 0.0001124901433534295
0.08346488420241306, 0.48458960493718195, 6.619640562238644e-05
0.136970732789296, 0.5229209237016605, 0.0005026388885708725
0.152043251043413, 0.484593787750235, 0.0009265431727564426
0.18580489805676145, 0.4614686953848398, 0.0024690671627018786
0.16457369638317762, 0.6193949717378799, 0.0008035564849752752
0.13111559796942296, 0.48782514969474117, 0.00047655903526331385
0.11462519120535875, 0.5021331737274753, 0.0002489776653984872
0.19534714171281894, 0.4568756023953201, 0.00313993770554598
0.17428167381060652, 0.32175767661037724, 0.003831913002872573
0.18583368530624103, 0.6240248008924888, 0.0013511691798526518
0.09945459819603439, 0.4790309595810889, 0.00014648331082593748
0.15044358734919702, 0.6495335591955377, 0.0004922740050835564
0.12849686377732603, 0.5566633687795289, 0.00033489428256187805
0.12944834957898527, 0.38131911089929293, 0.0007372477088125451
0.18975301290989155, 0.6135714246556924, 0.0015320249566523917
0.17602631074036848, 0.4261792701590877, 0.0022820367642173807
0.12257238605800187, 0.5399669900683387, 0.00028917390063530894
0.16169960228475913, 0.5066286185274644, 0.0011114907361532045
0.12132353900606543, 0.4605901016705534, 0.00037992249173780703
0.1091470666224438, 0.47105844583531786, 0.00022807065406660234
0.1921967219113893, 0.6942257268648317, 0.001266038125553137
0.19163955815465217, 0.365041712550795, 0.004520803375248775
0.1301396665274186, 0.5147699380140356, 0.00041413523078348807
0.1743768776949294, 0.4692120498593515, 0.0018062536223657662
0.14719833331897905, 0.38612626418404905, 0.0012655518364160612
0.12434573546380434, 0.6685553071225434, 0.00020094035050062411
0.2341702477253534, 0.532937951075511, 0.005123327861412992
0.19538198532725523, 0.5068938781431701, 0.002552840523024632
0.1320133441570553, 0.7041918791375887, 0.00023566893341695147
0.14774131913406688, 0.5767664787378546, 0.0005764671346061495
0.15641245861881342, 0.6860018810894967, 0.000523732098420105
0.13384434634981873, 0.5547348290822278, 0.0004034922207571322
0.19859102460768094, 0.4363058584432955, 0.0037017417812546397
0.1498647453030073, 0.4792491122292749, 0.0008890393313985214
0.12405727543788964, 0.4965268575627274, 0.00036059380279731553
0.16802407896795296, 0.49684162803865617, 0.001368247451801768
0.19157561242531007, 0.540131521074969, 0.002061882113242337
0.1843198401204798, 0.5037068927258227, 0.002000448078116387
0.14619216606502336, 0.47954900877824935, 0.0007960969238092252
0.16891606681146587, 0.3146894086277837, 0.003491032325395919
0.1171258602071402, 0.422843115926845, 0.0003860820935281133
0.13524250251641784, 0.6505906382509024, 0.00030707775040711817
0.24255175656272984, 0.5507323455081223, 0.0056004663875041175
0.18058499715004867, 0.613787799335888, 0.0012312003422312349
0.19062701253378325, 0.49939926388040795, 0.0023598350380594556
0.1998878267573798, 0.46557807784189487, 0.003345343937409182
0.09173208847521973, 0.4775411998025735, 0.00010328513991235385
0.195600330648341, 0.518620684542363, 0.002450712698917943
0.09363803689011095, 0.5398395980905953, 8.847621652507074e-05
0.1934439879546758, 0.5781033022460952, 0.0018784430760700956
0.1740904359536194, 0.6721685210647055, 0.0008738143530658978
0.18905797163523141, 0.39423759987004303, 0.003651470420846309
0.14882438068833956, 0.5675742002667373, 0.0006147330670176869
0.14700987738674376, 0.5352065961473453, 0.0006550095774219422
0.18890632484480735, 0.33795262768742196, 0.004951523417563923
0.196572404030846, 0.756879684961649, 0.0011760110848362912
0.15804120209683764, 0.5121788668683434, 0.0009833588130191391
0.2084996347368911, 0.6285351495669118, 0.002209887019522126
0.12671719268092047, 0.4759477464337333, 0.0004308476576878736
0.1876436529582254, 0.41255377124539094, 0.0032260704101891814
0.1602334020471497, 0.36531109015450425, 0.002053778578003442
0.17686318046625085, 0.5096939038293335, 0.0016291148889009883
0.20509052069915457, 0.33706901506590387, 0.007146424650110185
0.16140053423216408, 0.30631864049532687, 0.003015788662000457
0.2170279811433068, 0.592546161060376, 0.0029661337718557813
0.20448949689411028, 0.6747311887140683, 0.0017605840157804717
0.17474709985490797, 0.6127871331873086, 0.001068933085750185
0.19644730885425876, 0.49790739232779035, 0.002709889094650832
0.2475921791580185, 0.6129926549400626, 0.0049487761949356755
0.1314881015608491, 0.6042064194106286, 0.00031455430183589144
0.17085920446876943, 0.5729346767982105, 0.0011075530858895943
0.20939534974198343, 0.5320131251202147, 0.0031432299005827447
0.15656159925492458, 0.5058754310636989, 0.0009671499583844185
0.2122864029320132, 0.42552016165260925, 0.005218950728778424
0.2176437626991996, 0.48261634239424955, 0.004527362211053165
0.18804402290466155, 0.56019437777427, 0.0017661612561771058
0.1774059668539081, 0.6842469647841722, 0.0009162211609878046
0.14945481193805976, 0.5507027002665964, 0.0006652349465382962
0.1408562239011256, 0.4829259255362339, 0.0006665295962452794
0.15087937222619088, 0.506754281640322, 0.000819110446009264
0.15247186027093415, 0.5997145382831598, 0.000612507510939915
0.16321387975364807, 0.4409784104725428, 0.0015284893996804405
0.12781135479542075, 0.5120582222414374, 0.0003865740860239762
0.20029161979490953, 0.4919145748351104, 0.003023449666651438
0.17074702010522302, 0.7219029421777036, 0.0006956039811902055
0.1728603128724211, 0.4950765778967742, 0.0015612786944172602
0.1478870424175152, 0.6223532453666817, 0.0004972611428610562
0.18598267554042003, 0.6302963308292113, 0.0013290927846657979
0.14467524497962483, 0.4228939817666998, 0.0009777717468304205
0.19181333724697253, 0.5296027049533609, 0.0021564144543005795
0.1994601656391609, 0.6514209524794348, 0.0016928154817840474
0.16226018428562144, 0.530944138830606, 0.0010275450720248222
0.1758519089507859, 0.6294998415542221, 0.0010414102077576939
0.11442950010356565, 0.5987191239053562, 0.00017381483459493654
0.14488685743735186, 0.5918500458723152, 0.000502423672982483
0.12664887731558136, 0.4820237157378694, 0.0004190588334635949
0.17742135812797888, 0.7117194274251263, 0.0008471771098903883
0.1120903075055624, 0.5361024408127988, 0.000197956512807036
0.16964248694843947, 0.5676130999231642, 0.0010934865654026228
0.124522590708781, 0.5209954116845649, 0.00033295837989000704
0.21880633886067685, 0.4992897017754935, 0.004330362344729122
0.16362463870892027, 0.5699113154226677, 0.0009253065152470047
0.1637936475382919, 0.6534439566355752, 0.0007070599607874845
0.16968374716582052, 0.6185519473652158, 0.0009217870946350593
0.09362877914249558, 0.39312261249304525, 0.00016676735197882118
0.1253632370550096, 0.5931936239038587, 0.0002645585602694517
0.21652195061516952, 0.708395257585979, 0.002054107191187949
0.17501235342914123, 0.5611212409655484, 0.0012833785626171481
0.19025742274366603, 0.58054856249937, 0.0017313779032689393
0.2032977469585213, 0.5073211484273379, 0.0030351716147064473
0.15225283191592262, 0.44527186064829427, 0.0011040864125480263
0.19553336855633147, 0.45807924977796677, 0.0031365812341087613
0.1562441449096249, 0.5501047757620623, 0.0008106092839227691
0.12709792846988552, 0.5560007225190281, 0.0003199075301150177
0.15530255765937348, 0.4493322929973659, 0.001183086527886175
0.1438726672490123, 0.5499149481824863, 0.0005642601045755938
0.22516801319278754, 0.6827543384256872, 0.002627038403402938
0.23370536683953474, 0.658044336853506, 0.0033311777138340173
0.20594670957190866, 0.5760874988225368, 0.0024917838593358716
0.14691056481281967, 0.6755915474873055, 0.00040985553782256707
0.1955688165315485, 0.634066096922573, 0.0016383817665932617
0.12154341234169977, 0.5964946323291334, 0.00022833426424809412
0.16424581976964825, 0.6291646298521305, 0.0007719911618992095
0.1669993072511333, 0.8209200970029193, 0.000487875116269151
0.24245481689836348, 0.3422443586512056, 0.01447667732485296
0.1562470189842906, 0.5079284671371789, 0.0009508947434572613
0.10982455767888069, 0.4697141434283829, 0.00023570905075048684
0.2110180257394941, 0.5055501618107134, 0.0036011684274401094
0.15617380561180755, 0.6684601256258905, 0.0005478869230685101
0.13208735560786344, 0.607683921647766, 0.0003172487258873792
0.10490559611415479, 0.6600141099150949, 9.758286014466445e-05
0.14873961063125307, 0.36850264467775595, 0.0014546613374443172
0.13151625437371262, 0.38799969931272316, 0.0007635062873381308
0.1824692888399582, 0.6089765941438038, 0.0013091810929778626
0.21873981676097723, 0.44149281399831136, 0.005530967827858228
0.15729478120542192, 0.45320665331208004, 0.0012300317545680178
0.13052087525378842, 0.5915313553129818, 0.00031768905835330733
0.19745613753883734, 0.5394835563346135, 0.002360914603367376
0.18743794001358968, 0.5723742340147573, 0.0016679336017530243
0.24674846759245778, 0.6068583695998654, 0.0049740580299930314
0.19418106692766185, 0.4585194054947854, 0.003036412292762217
0.10550882652163181, 0.6001523303936187, 0.00012103572942811477
0.2208283199675137, 0.4532004022986552, 0.005473010794301404
0.16603361744232492, 0.5844613563319833, 0.0009382462270037303
0.15115186857541202, 0.5128978470521087, 0.0008059788300675125
0.2118694109700842, 0.5678940097030184, 0.002904903181440776
0.13608814323819987, 0.6109190904315338, 0.0003579379729831734
0.17561403757165958, 0.5615749631763396, 0.001300801489299041
0.2295385811070324, 0.5555245979428759, 0.004318414819976935
0.19465906157689208, 0.5795090013136349, 0.0019215596763810102
0.11111582466716674, 0.5796044230683227, 0.00016297332865255852
0.1332070229773376, 0.4672716077348907, 0.0005568605463895094
0.16496781655825665, 0.6683820104647924, 0.0006973856202962574
0.17513010714701424, 0.554396747190957, 0.0013185971387667428
0.19414238200333234, 0.3359859322322788, 0.005650062687741627
0.20344591116079383, 0.4282140629205713, 0.004273852162149226
0.17911577510499802, 0.369676658517362, 0.003274241576839721
0.12950086904116942, 0.7274836221804828, 0.0002029173867259242
0.15650453499936706, 0.4050843058657132, 0.0015058910024848468
0.19187555185246832, 0.2940007925098796, 0.007007374352074889
0.11567639308749766, 0.40253232173367937, 0.00040331207949343323
0.1959760090417194, 0.532565505259324, 0.0023437572631923925
0.17726618225460578, 0.3615175706764756, 0.003270852799715226
0.1717288128939735, 0.7127339637774182, 0.0007318480603071596
0.13702376262646077, 0.5212477538877379, 0.0005067332654064832
0.024606728698641972, 0.6267258830230416, 1.8342043182121828e-07
0.17401547898525785, 0.46170351597470904, 0.0018485287565681702
0.20646583705538923, 0.48516948696256024, 0.0035523113490334088
0.16014319888581185, 0.6223736503426072, 0.0007058312774490686
0.1289796440845471, 0.5478340835656615, 0.00035152884450712643
0.2113939138417024, 0.6075750733352747, 0.002512886719804614
0.1554672621557701, 0.5779709199221238, 0.0007183983128365491
0.17092144538730297, 0.5684583696414913, 0.0011268689605562058
0.23199959753285498, 0.6800572576468737, 0.00302008214693442
0.1961267932827106, 0.6366036372714181, 0.0016458496033187888
0.215139117674713, 0.630556431775416, 0.0025204800438465916
0.16423461856954238, 0.6492970234865807, 0.0007246424645051819
0.23934148473812483, 0.6928041084400176, 0.0033375217438530065
0.2073280159879624, 0.5160344328358704, 0.0031981858562408916
0.18103904391063755, 0.49095720344345706, 0.0019457028393265517
0.19936853709060784, 0.38474264002978786, 0.004842999153698535
0.17345602425279472, 0.5171907559801348, 0.0014524383104314346
0.19607547830112554, 0.5691214653152682, 0.0020569247821722193
0.14747763142849715, 0.5625378612902614, 0.0006012532808729081
0.22058673049051747, 0.5009693593635112, 0.0044575154504314955
0.15399738417713144, 0.4928724358231547, 0.0009474483613114426
0.17189029234225892, 0.7194923163961525, 0.0007211398866214201
0.20279458372168876, 0.6467221714050417, 0.0018474740380186997
0.13259103021966426, 0.4842677852580833, 0.000507992120647717
0.1845206168425331, 0.5091076338035312, 0.001967633595169346
0.06889650850631822, 0.5543851056672395, 2.1747559570541277e-05
0.2045554801744981, 0.5887175015369185, 0.0023159059961674815
0.15786248105002978, 0.6143107803648534, 0.0006801690870981584
0.1833816676819101, 0.38926001186301995, 0.0032753095598406032
0.1534109783792234, 0.3586047119211724, 0.0017599577743701038
0.1927827745101344, 0.5612981974467738, 0.0019628124217972373
0.1610941623321497, 0.42813464768582293, 0.0015309333329414268
0.14711256430904934, 0.5119586237181482, 0.0007180507504379196
0.08752519756971712, 0.5543837375997807, 6.233480021051588e-05
0.15602463068867398, 0.506889883664394, 0.0009488303499878314
0.24463570567980175, 0.6786887724285677, 0.003829233800431687
0.16141453005547388, 0.4557289139868739, 0.0013630138995573962
0.09527366636416376, 0.4118607000217456, 0.00016403852472049083
0.11714854549985762, 0.5751736036447088, 0.00020883840474363236
0.2225528536128466, 0.5471063998926607, 0.003886227699415109
0.23579290828820004, 0.5087254811741154, 0.005796077271483546
0.21258039896530642, 0.48245320289374904, 0.004084676506999449
0.19900933208222882, 0.49671657104942435, 0.0028826488686745683
0.20042892064878745, 0.6183210668223915, 0.001919391273015352
0.14361700782936823, 0.6459720902116026, 0.0004057366462419969
0.15353762458829923, 0.6771772708441063, 0.000495343362049431
0.1061793991387296, 0.5435003442354325, 0.0001517551397418106
0.18329051741528016, 0.4982517540752356, 0.0019947304265019315
0.18045722602897865, 0.46705337123095353, 0.0021197258407765255
0.16638348426248015, 0.5564296047128647, 0.0010447933140833444
0.16718347656829022, 0.7132429288619194, 0.0006494439821966444
0.056979340748679386, 0.594432634323514, 8.201952643556578e-06
0.14849522353961658, 0.39157845866255037, 0.0012789784991126343
0.11972131104417762, 0.5379884523162763, 0.00026264820153239427
0.2520295292940591, 0.6383204475072823, 0.004934858093264502
0.26897147396045706, 0.48575520381308956, 0.011345884397753147
0.043300214941816684, 0.71837991062327, 1.678084280091056e-06
0.12554218102940698, 0.5909329000502588, 0.0002682650540621732
0.14671958933353407, 0.6016040997615976, 0.0005139158056954014
0.20512805511637477, 0.4011576071803882, 0.005049473614190604
0.1576693697677969, 0.4363641344884358, 0.0013407754846377663
0.22039751635425017, 0.470202371635603, 0.005040872694566649
0.16394868602073642, 0.6210469653061406, 0.0007860170136416888
0.22677808076469988, 0.631498068630923, 0.003168593858310636
0.19878108212456289, 0.5372171505480067, 0.0024519769388883553
0.14312366727827525, 0.8978360133821859, 0.00020687226004810982
0.15820974516048403, 0.5267943464717948, 0.0009339204871004675
0.13549884128581757, 0.4750706816029755, 0.0005807189478439415
0.17717498725277242, 0.522620353851587, 0.0015615786498684825
0.20922804567391115, 0.39348110252846147, 0.005725925474790541
0.20189127506006993, 0.6051723949194531, 0.002068830461746553
0.20817431341046597, 0.49951107516778764, 0.0034750021181842493
0.16207149631158052, 0.6187910091185174, 0.0007526397144306674
0.18786677424395237, 0.6461339494648014, 0.0013220889670428296
0.2242654201404326, 0.7225446751470136, 0.002304574062908335
0.20929368796521342, 0.6164012830588388, 0.002336500102227894
0.18181369405619024, 0.6184382696727816, 0.001249482517460311
0.1737745481314879, 0.46509138722959986, 0.0018106247039206128
0.1727922936089231, 0.5746045429827316, 0.001157004403478929
0.2447382297506677, 0.5040191471469592, 0.006956003790690227
0.16756500373243557, 0.618402082616103, 0.0008726309665602586
0.11838545625000324, 0.597761611895784, 0.0002024988701064355
0.1667216684032186, 0.33966320604232036, 0.002829006190542917
0.20034576440735033, 0.48540211991704746, 0.003108817921511549
0.11649791152725117, 0.8877622310319906, 8.554061793743703e-05
0.1365666946378022, 0.746333942163306, 0.00024356597696260319
0.1184862276658552, 0.5552714482644332, 0.0002355558267064521
0.1851422443140525, 0.6792750143665348, 0.001121757345387155
0.1594366638509664, 0.49406642616770274, 0.0010984575651599804
0.08098066366896535, 0.7234122166266017, 2.6005911432731878e-05
0.1499375594737868, 0.5492328148954496, 0.0006783578708102082
0.16808522118842723, 0.50062780756726, 0.0013497890201367613
0.1706580634543766, 0.6173047630406767, 0.0009491276361888661
0.3001757880302813, 0.47753337333228374, 0.019028797375450494
0.06279945179228233, 0.6252340857490616, 1.1373296356595237e-05
0.22819920643098113, 0.497584052580343, 0.005245841475737012
0.18333376953460936, 0.664205374057774, 0.0011236420577146944
0.15504279672644172, 0.3958466892395825, 0.00151320886092322
0.2733992747054161, 0.5813304452591698, 0.008511931817851686
0.12722415369231443, 0.552804975981669, 0.0003250334970400473
0.1327873324449539, 0.6156118964395354, 0.00031640339442233994
0.11767622915362841, 0.6255383883127889, 0.0001800895172886156
0.11525984440466146, 0.5489822442987838, 0.0002134187775377439
0.20906129655205596, 0.6086453181071992, 0.002384741664717961
0.1099998271325709, 0.4714510415523921, 0.00023562290695111678
0.14907990111239083, 0.51489808348182, 0.0007526054672118462
0.20173462485287091, 0.4366005987176502, 0.003961240415189383
0.19711878570861815, 0.39448565193533097, 0.0043823467725771035
0.10923620076000246, 0.6565466340865501, 0.00011782778708969586
0.20032419167868729, 0.5501608805130036, 0.0024188750779394717
0.16519157448844948, 0.5522379341437155, 0.0010276853202582986
0.20056770508550104, 0.5392049165219417, 0.0025316673076126576
0.15371822287988512, 0.5143168987621786, 0.0008631690722301975
0.1364076056326633, 0.7352378066920724, 0.0002496893466760484
0.2082578218365388, 0.4858100740800167, 0.0036802615155287427
0.06058530608084842, 0.5715365102766297, 1.1622353681952982e-05
0.15061195201895516, 0.47442521402717075, 0.0009272821434514181
0.17834105484773216, 0.526160644389835, 0.0015857511402209256
0.1997734863364625, 0.3874582422104351, 0.004818175598974419
0.21629564149362943, 0.5395676056109537, 0.00352439309471315
0.1979132696629831, 0.6469580719570964, 0.0016584532957905772
0.1790702525746068, 0.5939730283425799, 0.0012668803821648251
0.1273620614339714, 0.5166789381820724, 0.00037385288062014233
0.18201561653454434, 0.4946597824276541, 0.0019625953141517724
0.1963486935789283, 0.5729634885776473, 0.0020419037730773693
0.17043430590426606, 0.4563799666639685, 0.0017264882386886283
0.14845091651902614, 0.6694389393684315, 0.00043702737579133673
0.19282991852675382, 0.5255906038093258, 0.0022409808745475586
0.15808466812901964, 0.5211812039171069, 0.0009508309629759007
0.15630031380816378, 0.33480888519062757, 0.002191771559962752
0.17280475861579425, 0.5405010305819249, 0.0013080306310287305
0.19164241071418894, 0.45704145233681054, 0.0028841501505371212
0.13099955013928488, 0.6034050841189013, 0.0003102666565089475
0.16748838040862013, 0.6178652990889459, 0.00087239043000733
0.1979560152282771, 0.5147527472949247, 0.002622230377571393
0.17733097097329853, 0.5324049636979648, 0.0015105458444944152
0.25383414234856594, 0.40863565040539895, 0.0124254908729696
0.11723079357163643, 0.5601921424975722, 0.0002208387969975894
0.22033298850096542, 0.5562880832094439, 0.0035968000388437497
0.1639486434514751, 0.634762925890729, 0.0007524146306195757
0.2137790785061359, 0.6729347300683168, 0.002152122037914671
0.1658748603173198, 0.5885817608703152, 0.000921269738599249
0.19282817794357637, 0.7086013608631548, 0.0012328553448054534
0.13364862713131392, 0.6255156459949839, 0.0003153068104446229
0.22857648659668717, 0.5933880329289358, 0.003715584677251889
0.17037156519107652, 0.7958349116721384, 0.0005668487871203875
0.21607003099446193, 0.5672849547276414, 0.0031737982519472047
0.12856857504182218, 0.5187386679381446, 0.0003866000505685435
0.06530479712892195, 0.46907457339621766, 2.4001616099046098e-05
0.1520097033727767, 0.48806007332953866, 0.0009125425129253586
0.15102351070456776, 0.4790323405624316, 0.0009205180299438309
0.1404291670329078, 0.4314800009050387, 0.0008238663450614022
0.21536550978263597, 0.5595936358513056, 0.0032151070573694027
0.2472222882812937, 0.592168696097703, 0.005268179239947462
0.12290289312071383, 0.5083467554136765, 0.00033015589241090315
0.1435888766019954, 0.6264198854838121, 0.0004310883987641806
0.16147733331266068, 0.5927362414320235, 0.0008071120580375732
0.13941771782821896, 0.5090817083819174, 0.0005733106066218005
0.15023470620057378, 0.6521190421835051, 0.0004854017413362517
0.20407573727884626, 0.4897738087181984, 0.003311744544703646
0.13330297292272952, 0.5763170986773821, 0.00036723000807041637
0.14130816042092423, 0.6177554104785485, 0.0004131127980449891
0.2168685428506644, 0.4396069811902987, 0.005371574533113603
0.1931751307874215, 0.5513271756062113, 0.002052732900277759
0.20533976715774283, 0.5959179649688858, 0.002298658355005835
0.18551956710326437, 0.4107540884322517, 0.0030954007622706736
0.19127612978667594, 0.5937668422411061, 0.0016944994319364934
0.18147106658396303, 0.42069449811084664, 0.0026778408125891907
0.24615933820826985, 0.42413540970473806, 0.010076474781853945
0.16959116232714327, 0.6203638826013813, 0.0009142122574890278
0.17210932850958408, 0.2023169485704024, 0.009171508430445776
0.08728150781879401, 0.4573530279252624, 9.047334277278426e-05
0.21006787165090274, 0.39523162479237106, 0.00577623584126855
0.1414676934886029, 0.5738249066116209, 0.0004811706269701121
0.13355079662960762, 0.5425190174545409, 0.00041781159564766815
0.17843201507154083, 0.451422943985988, 0.0021591303993818037
0.1919496346457731, 0.5052531424786317, 0.002376686644161196
0.15654354692223346, 0.3256801557574953, 0.0023322658314194203
0.19229894781622073, 0.4881295825088013, 0.0025668118489410668
0.14818809213443987, 0.6875561298492852, 0.0004110816867676713
0.11256690314696363, 0.5619925864589246, 0.00018353203680246651
0.1287913731503746, 0.643986720373496, 0.00025276321875755225
0.19704997057862123, 0.5041922622772808, 0.002678610651852659
0.19603824460469849, 0.711685538415724, 0.0013142838076817954
0.18539713648185502, 0.5328435744291388, 0.0018340861365213055
0.20214923670870993, 0.39317052604698816, 0.0049290276637118345
0.118869796100668, 0.4682809969733797, 0.0003359444778038037
0.22189645710718311, 0.46664453581658266, 0.0052729681412249044
0.10977950042015114, 0.6459206426508788, 0.0001244231147710559
0.16958587452723137, 0.6992230629751758, 0.000719530121765928
0.2482957037483325, 0.5999143684405559, 0.0052318088929118375
0.2177599621748817, 0.5786827781244966, 0.0031563715795519015
0.17213366785969408, 0.5231475157079808, 0.0013725468682608767
0.1651515530374006, 0.4374057259581323, 0.0016363668847997224
0.17955344807773033, 0.7802026920873067, 0.0007430251365627684
0.20613799184803802, 0.7061026445090701, 0.0016654269998045955
0.2598137938775282, 0.41062445666744984, 0.013632954117355944
0.21107953950616898, 0.5834951236813547, 0.002706789247275284
0.10650030953459154, 0.4392755106150269, 0.00023541587231874547
0.17125875736620574, 0.4855512137921294, 0.0015580022420076678
0.18357044298789282, 0.705517158306779, 0.0010015735860172265
0.10978082698706823, 0.5574336450142073, 0.00016706909985330262
0.16387394516068873, 0.3941385355419861, 0.0019476535212865009
0.1624084222457456, 0.6422174180325249, 0.0007051464842350739
0.19723210136586758, 0.6800588811671084, 0.0014783399456693596
0.2151255262753252, 0.5733549239274056, 0.003047637897769427
0.21228899357374761, 0.601696211790285, 0.002610310957330745
0.1997834792152011, 0.4173171969163938, 0.004154276998365207
0.2115153108407013, 0.5300211891736167, 0.003310422280118328
0.2255301292972367, 0.6085023340397572, 0.0033307459111970397
0.1518921361516682, 0.47832836601850753, 0.0009468232197886368
0.18688913150973244, 0.6016725377986405, 0.0014900996748702993
0.10502630233125225, 0.44733873783510925, 0.0002135032121074419
0.20894845915857577, 0.40913720111450247, 0.005265023550280981
0.1962820038656247, 0.6543580669703482, 0.0015631804005206765
0.28215963227232294, 0.5583854831539508, 0.010599249955573022
0.18273589442073018, 0.5268673422913962, 0.0017603066753558783
0.154713677373492, 0.6055503225328429, 0.0006406070840371456
0.10092658399692661, 0.659048991269979, 8.255721315579633e-05
0.1711111849609305, 0.5498956776602325, 0.0012101250189968486
0.18721675832073276, 0.7430018578676223, 0.0009846975799850336
0.20215122435446242, 0.5408610589252095, 0.002604776850210554
0.11379297939716985, 0.4911786651426837, 0.0002519967673578202
0.22377803304054267, 0.3860357937039809, 0.007996639852663304
0.12699954712876868, 0.3390613664851281, 0.0008573118747672406
0.14842649025836974, 0.42994831974861225, 0.0010587261124214834
0.12790969160789087, 0.637144702692215, 0.0002505329959633541
0.21720809735268534, 0.4969317279743058, 0.004232791676301664
0.17019490686910954, 0.5436399754628575, 0.0012092274318134823
0.17628880733922409, 0.6661783399895724, 0.00094009931314282
0.22124731388936886, 0.578890316934347, 0.00338249027267369
0.15066571893560884, 0.6382032141876715, 0.0005132293628598089
0.18442142370746598, 0.3883552016976233, 0.0033734763802180648
0.09768812140633852, 0.5668175862786917, 9.669032043039048e-05
0.21913294293947666, 0.5365728998533762, 0.0037741762905559983
0.1735219754638836, 0.41396070160323173, 0.0022709490714922934
0.13202595715587398, 0.5212683798623389, 0.0004302730677223545
0.1792025793222746, 0.5428651004887275, 0.0015215869656504835
0.17998100337937223, 0.47404183747062456, 0.0020339013914080625
0.14897657069446585, 0.46910212985244415, 0.0009039619882818562
0.1298731622988969, 0.5750569947233405, 0.0003288740025620848
0.21310721296971594, 0.5365484078560142, 0.0033387194981691773
0.20960750807790945, 0.6694682266997882, 0.001993866288791585
0.23295457056044733, 0.6357764507118568, 0.003518442509788715
0.15504108485474086, 0.5385271168477621, 0.0008175543953433266
0.1426029064985341, 0.48924019138718566, 0.0006856247750223009
0.22082298695951463, 0.6129044869930663, 0.002992093273667298
0.1606248976215458, 0.5602223528424486, 0.0008827172869453529
0.12057138396630188, 0.5051524223560866, 0.00030732344968061764
0.1521587894029673, 0.6583703377459859, 0.0005036541075463559
0.1505650348014964, 0.6284909643895414, 0.0005276597743430199
0.11387595524998509, 0.6308153792680643, 0.000153271813831767
0.21475716244350335, 0.6297233477364037, 0.002507471450801465
0.19101751551698823, 0.3915717949517845, 0.0038731573287966335
0.1475762528425479, 0.4789122331541672, 0.0008320061618596423
0.1493095314129062, 0.5198090662485868, 0.000743469813865561
0.13467864641302063, 0.6179170984168983, 0.0003342103845927785
0.17575035173597123, 0.491381751452571, 0.001704790991449043
0.11390655716094626, 0.5765681534313966, 0.00018368723967885476
0.15776887160705003, 0.7360854327637013, 0.00047250157041835606
0.05122028771303902, 0.557933982326984, 5.825659928417282e-06
0.12547230624716077, 0.5089386565055465, 0.0003607826912279058
0.17280109407398395, 0.5845385268289526, 0.0011182635319372037
0.09785309299751585, 0.4000378930143979, 0.000195565250382617
0.1656323577626264, 0.6471117827544599, 0.0007572618736564244
0.1641111221958258, 0.4898161318459, 0.0012691325869301625
0.16432951535499712, 0.44335622922155365, 0.0015581483174863901
0.1699862947054078, 0.5938308509472651, 0.001008002424611718
0.18747317264389604, 0.43692405695525266, 0.00286474618703947
0.19129917066243388, 0.5058311699282843, 0.002336104714076098
0.18094640455345004, 0.3339447897584544, 0.004196008588156618
0.17656062968316394, 0.4935388554543161, 0.0017244722954299406
0.22599966389583734, 0.5677073218756584, 0.003861812612033667
0.16970088302212186, 0.5302850631953528, 0.0012547498657592042
0.2203988257533862, 0.6347781247021906, 0.002765940344476238
0.21448759936269438, 0.5219402735323968, 0.0036298937124902317
0.19380030847343013, 0.3746967079747908, 0.0045078118792663685
0.1824191336164935, 0.395052031323019, 0.003107184266421316
0.18007019928748375, 0.4852857998090574, 0.0019449786984418378
0.17741169412886137, 0.6795701694913517, 0.0009290073564225156
0.15319108656750582, 0.5694829762224384, 0.0006934765659434491
0.08774460141910426, 0.4262117274608069, 0.00010663134582757956
0.09734065947509446, 0.6172303996275031, 8.027237867455418e-05
0.1511142691423348, 0.569626197059518, 0.0006527247473086254
0.19150725015550094, 0.4718839015235443, 0.002697183805789285
0.1891100852249586, 0.7001218843635647, 0.0011592129619348742
0.22885891003954345, 0.7786217940609338, 0.0021697575926977767
0.1483278568600353, 0.5831040050728055, 0.0005739232573309983
0.13538074221367508, 0.6220961604944466, 0.0003373658932727172
0.1956620879726641, 0.5833662027383306, 0.0019396026822065
0.19523488260860913, 0.7036312594144356, 0.0013204691999285723
0.13621730625200942, 0.485302555174347, 0.0005695905916276404
0.12445881050930588, 0.6465194489653819, 0.0002157324875481514
0.16671991653045506, 0.5563436960103932, 0.0010544463425949105
0.16921999366473248, 0.6632623538928079, 0.0007921046612346888
0.17683390598633134, 0.5278410947135582, 0.0015179164759573564
0.16603535884914467, 0.5921688367592439, 0.0009140235265295425
0.16654824058143272, 0.47254795297668123, 0.0014549576120774167
0.17825311512507275, 0.7252639987197101, 0.0008327929139652434
0.21027191796430159, 0.6408297458466146, 0.002206572426199889
0.18268669008215366, 0.4313078908751069, 0.0026236233162220454
0.18981913627565056, 0.6893446492055845, 0.0012155954005830972
0.14615936911242286, 0.5877846840526199, 0.0005293789510866224
0.20743381044158773, 0.5646814674837274, 0.0026768795287179415
0.21840519865845767, 0.5346070264700514, 0.003746740778533331
0.13759983284706986, 0.5939659462383152, 0.0003975223876403365
0.22022446299611925, 0.41731420302548816, 0.006377464177010775
0.11811415613776657, 0.5524913717877499, 0.00023466238675431736
0.19052986486117307, 0.5945850566448725, 0.0016610219756443645
0.1743118827296836, 0.39027706862673484, 0.0026065052300308137
0.15109543763896602, 0.6184235023319323, 0.0005534773707207894
0.15746464649198444, 0.700697834639008, 0.0005170229501384668
0.11022209118437581, 0.5166908552915882, 0.00019791850001603026
0.19193027100945875, 0.6166483735805728, 0.0015948579702506583
0.1632821159789494, 0.5272900471665076, 0.0010710177694146744
0.1537692749285688, 0.5638919313285576, 0.0007191181151850381
0.12081999440594714, 0.43194964858920654, 0.0004241411569753458
0.1947742541738742, 0.6060084477091817, 0.0017617624967401658
0.13663133360981394, 0.48872246233348926, 0.0005691970609922415
0.20954736799006765, 0.5315483203559908, 0.003158799946417024
0.10344982623550532, 0.6212371069414858, 0.00010357670433939226
0.13238001015378675, 0.5611977272197365, 0.00037562344748912795
0.19457219656829638, 0.47520660835553946, 0.0028520451341972233
0.15183856439217427, 0.5720410094543859, 0.0006609867589151086
0.18059583929929268, 0.5660588071493382, 0.0014479609567977455
0.17335033353152204, 0.6753052627964868, 0.0008496385860795693
0.1731495456019598, 0.4635894942973952, 0.0017937119152694233
0.1974048606564763, 0.4950927484511586, 0.002800059572557185
0.15892835780588346, 0.47743829353938116, 0.0011598919667822531
0.18132405723579992, 0.6539009821133489, 0.0011044493436799556
0.20679327283425772, 0.47780637179678487, 0.003688265807924194
0.18203977827302648, 0.52628381203075, 0.0017348326383604784
0.15550100235578154, 0.49752713590866204, 0.0009704170086579144
0.20741275155698935, 0.5640445620524445, 0.0026817300399763237
0.17186296629817344, 0.6990401029887744, 0.0007634205547166646
0.15039892193921336, 0.7152910925883267, 0.00040539374698707846
0.1559222398574469, 0.5227756219010097, 0.0008894688185555293
0.1576054533883533, 0.6361886889724406, 0.0006296619779764284
0.1360043606041411, 0.5065217718433864, 0.0005192806356313475
0.19399618633673615, 0.6141744228055074, 0.0016852816467739155
0.1915326943440061, 0.48385280384916807, 0.0025668956406112056
0.18611184750526627, 0.553543254672642, 0.0017284963255153447
0.19571492778046087, 0.47991979282042807, 0.0028692868144415996
0.14961282769903791, 0.6992719783085999, 0.0004145114237503475
0.10458482786512655, 0.4521314906768888, 0.00020516279284060418
0.14156074920997486, 0.6332703640148328, 0.0003962197498808599
0.187587364419906, 0.7171727527388303, 0.0010661396470059595
0.21910036415163064, 0.5997557197899926, 0.003018886166999324
0.23453582293109188, 0.5174447143007385, 0.005472155198054403
0.14258957342682027, 0.5116295641947948, 0.0006266727640924603
0.14042853622973556, 0.6170798953796063, 0.0004027974626172272
0.13659842970954686, 0.513401568078603, 0.0005152436234306868
0.11555154878113846, 0.5763349226688589, 0.00019580754238359433
0.19343829822956796, 0.6044744841527699, 0.0017178956776051175
0.12787989936226657, 0.5208245726782176, 0.00037455277783445017
0.15696388637114972, 0.6125401871149858, 0.000667137868784401
0.23255047181913063, 0.481495587432592, 0.00608775357062915
0.1692406371857429, 0.5626242772632531, 0.0011014110487352303
0.18946811495704136, 0.43612371692590346, 0.003012350333038127
0.1699948060462571, 0.6010871897680952, 0.0009840288295600963
0.143849393062285, 0.4634916980059346, 0.0007937382821076644
0.1304749302224801, 0.6032900090139471, 0.0003049528898793154
0.14570815224382722, 0.6095470378616291, 0.0004856019148316909
0.15911172799791387, 0.4716889003514071, 0.001194384695947378
0.21395190856763713, 0.6874363091386303, 0.002069627035449592
0.21862523976640447, 0.568474641149351, 0.0033283195758107616
0.14209363215811716, 0.5739976830566366, 0.0004903135863576409
0.1581046132110313, 0.5187750772049611, 0.0009602043624600541
0.18316968843621115, 0.4886828249052912, 0.002067605197206543
0.1597397783678134, 0.6271917427288339, 0.0006873576557799578
0.1706312776310236, 0.6232496639953133, 0.0009304645225111823
0.20441739900836187, 0.6074391833746355, 0.002168896692767252
0.18252611293731708, 0.6249194084866523, 0.0012449384889169086
0.14798383595839304, 0.6037921622415013, 0.0005298266383204142
0.17685613584197363, 0.5590742450558274, 0.0013538031025402786
0.11633881924525713, 0.4128356828493438, 0.0003931876868661307
0.22674338368789093, 0.5851676345981893, 0.003687717504750093
0.16336067183116101, 0.6138936676448665, 0.0007918239570458439
0.15107367434587884, 0.4649503217330205, 0.0009785510268485193
0.20517319569754006, 0.6173202031965188, 0.00213439923689066
0.27346030923715037, 0.4127611555006232, 0.016900641150372698
0.1760086253951162, 0.4739759541414702, 0.0018441772628076604
0.1714838727197015, 0.5103941292345937, 0.0014181984328742313
0.21824786452929942, 0.6474134149404757, 0.0025467277590401406
0.1863315492139748, 0.553665939391293, 0.001736722456174894
0.1936212373643778, 0.350505820678925, 0.00513060511165514
0.19746837366332826, 0.6347876909825159, 0.001705682212841205
0.2501470779393306, 0.7434978842780473, 0.00351938138896184
0.2105351743015163, 0.6597291667059402, 0.0020934522054135525
0.21045113354504666, 0.6907221969176391, 0.001906446651477162
0.1337566115577142, 0.5055295236318904, 0.0004844622986584785
0.20766106348554503, 0.7052731958152374, 0.0017243025269311433
0.14516403692208382, 0.47148058315397, 0.0007983954192776237
0.1835764306029726, 0.486511890360519, 0.0021065580585778202
0.19577575168243683, 0.7509038872005672, 0.00117364391804552
0.19131155445303757, 0.5230684336897576, 0.0021852954194817595
0.1344181189328383, 0.5736731847652298, 0.0003844600130999717
0.22309087939670122, 0.6058551537668898, 0.003202936080691245
0.2302478063796596, 0.5820108926920367, 0.003988080142303502
0.1522666882095781, 0.49998710611567704, 0.00087601159852848
0.20354499645544927, 0.5100986652379453, 0.003018307058390124
0.16105260545238945, 0.4693711388287838, 0.0012723050646052943
0.18413862110085039, 0.7257843663597017, 0.0009593745207624145
0.2189483818139298, 0.6461000421729244, 0.0025934030269959218
0.18636076581441557, 0.40318353088398123, 0.0032773292168040984
0.22089395410615126, 0.5345588334955007, 0.003938979540519569
0.20921651370155542, 0.6563898244769464, 0.0020571428252714147
0.07147208828532586, 0.6084590753343583, 2.121795997681522e-05
0.20754065709945485, 0.5654893984922391, 0.0026752907440917256
0.1742113037674238, 0.661905200932036, 0.0009038787287543079
0.18785261264251044, 0.4351473534543521, 0.0029139967177332937
0.17286860837187307, 0.7811065261466356, 0.0006273304411433115
0.194495025970728, 0.6048275062000501, 0.0017575197978664994
0.15402046769252062, 0.5763341632187842, 0.000693365607211004
0.1745500905366623, 0.5082595446615978, 0.0015461198503251591
0.1815571909623241, 0.5078388937047413, 0.0018415061773761426
0.1725349274423453, 0.548858371746705, 0.0012598075993677784
0.11290240859881671, 0.5430536646949891, 0.00019914734022860275
0.17237247482938933, 0.5418967756659584, 0.0012870386771321077
0.14644120886938153, 0.5158739652020076, 0.0006931021069327113
0.16616061169171956, 0.7154551922996826, 0.0006282385463861219
0.149774957276826, 0.5628538186686881, 0.0006428463207086548
0.22672441234812074, 0.5899332997336847, 0.0036270415281633808
0.21289935801954313, 0.6082071264653606, 0.0025872002004931434
0.119485666731458, 0.6094955613064926, 0.00020286838524269385
0.18826117044251844, 0.60730002296322, 0.0015104509319357226
0.19122491987005524, 0.6021614006073889, 0.001645643717867298
0.13804313736883725, 0.6017600438659708, 0.00039281169978472335
0.1324654434347698, 0.4213619139346303, 0.0006682004606342515
0.15299071267157496, 0.3579816898683886, 0.0017449000991747621
0.09607012259139808, 0.5539469894145297, 9.406286484479229e-05
0.14797418632381446, 0.5016735219145176, 0.000767258598246217
0.13305318283035994, 0.5818541991227809, 0.0003573129285753212
0.15009481784550655, 0.5408010215162694, 0.0007029103890112766
0.19030393348445462, 0.5208641240081068, 0.0021532138905021583
0.16429955877033658, 0.44918042725035556, 0.0015167862976697007
0.14425157783253373, 0.547149962489936, 0.0005766119878427258
0.22602992394656232, 0.4810812319842933, 0.005380953007759365
0.1827892287032732, 0.4116458748210582, 0.0028873604487276473
0.23836479350772083, 0.5595391937356706, 0.0050253944734484106
0.14243844462139427, 0.38955601079223423, 0.0010759345589181997
0.1425439078381893, 0.501661113013714, 0.0006509072814930491
0.15176954877954024, 0.49354233283517435, 0.0008861954317915735
0.2144227232335928, 0.5281186436724521, 0.0035407433739775927
0.19531732182616401, 0.3503816049240203, 0.005335101039525615
0.2039060730480868, 0.5397297447270132, 0.002717101729539867
0.13145824093409306, 0.40292409058956263, 0.0007066198308214353
0.17090527408170883, 0.6321168526856705, 0.0009109513954363382
0.16606789500663877, 0.589378479954521, 0.0009234945651391508
0.1713717106939364, 0.3909505635357565, 0.0024102072644974467
0.12106771190544377, 0.5645056926334556, 0.0002505843348528962
0.14859552759339828, 0.5048430402610393, 0.0007717531284006892
0.1889908177503211, 0.7906307375094159, 0.0009064787059450322
0.17747648896320758, 0.496732973928455, 0.001741564494040945
0.194728990609962, 0.4237406944989668, 0.0035996497437908886
0.18786886721927679, 0.5074934776806476, 0.002143217075104951
0.19442127550945645, 0.6150123906633674, 0.0016969569824027764
0.19512871410936722, 0.5361227093231415, 0.002269084625176065
0.15372273471737502, 0.48973781251366244, 0.0009521081253742105
0.1466712076176104, 0.6185098269172016, 0.00048550097569847073
0.1605820818051155, 0.6176409964763837, 0.0007253720814022436
0.12265142813203739, 0.5901681060889444, 0.0002427581992679411
0.13999295080538568, 0.6242522500772183, 0.0003882511963130165
0.18838193144744483, 0.45588963560893603, 0.00268793733003155
0.25217166513322287, 0.517828691769558, 0.007517221307530147
0.2250981738413021, 0.5061380096057561, 0.0047738049102551096
0.21018083387408104, 0.49280220424233073, 0.0037241768908789236
0.13723071760510516, 0.48543082567192264, 0.0005881621401765189
0.19594402972368757, 0.5301557656868284, 0.0023634143868693125
0.10525288343029263, 0.7908152964462524, 6.896764313871288e-05
0.22621377770422513, 0.436124863558344, 0.0065709480622652494
0.1666015945667211, 0.6665417897822384, 0.0007323174909721527
0.1525915443088851, 0.510749273349703, 0.0008473921625651258
0.17877393744078057, 0.5954112425943071, 0.0012516137903032939
0.12276570479484067, 0.5517792342856059, 0.00027885232065699527
0.2005361156779556, 0.5131323116831226, 0.0027935381393664385
0.140661117376276, 0.5635414768668816, 0.000486496816582942
0.21801555473258832, 0.5755201172047093, 0.0032076708130840932
0.1024513041040633, 0.4981227133924122, 0.00015437258154571887
0.16950877601503891, 0.6419565944516235, 0.0008519227091704804
0.05770815050757064, 0.5407204421972159, 1.0482474278559338e-05
0.1501195889150825, 0.6182275627925117, 0.0005382618286434328
0.11845493138710533, 0.5641288419748295, 0.00022795185399829442
0.1748118392317297, 0.6255958393047243, 0.0010272825220089008
0.13500923530944745, 0.36233413403002857, 0.0009825319906577915
0.12300843169513814, 0.45026611756869256, 0.0004224164674017006
0.20298873440501825, 0.47984694129351424, 0.003370054724266928
0.0999781528326802, 0.8025813072603711, 5.340357044737561e-05
0.17024337036418122, 0.36293235422423764, 0.0027165859056042722
0.16596887459518073, 0.6499497325538142, 0.0007573970591879467
0.2385849633221522, 0.5051451624316631, 0.006191031366105941
0.2762508325726967, 0.37226007894227514, 0.021727451414934533
0.12467735463552689, 0.4646218782943897, 0.0004209513748405535
0.16705105612822918, 0.5572495483664983, 0.0010602372041709869
0.13401644478286118, 0.6371850478008245, 0.0003075603544924492
0.14380777738366424, 0.4946179568806212, 0.0006960951131174078
0.11457922533290299, 0.6429889468009765, 0.00015157401749731276
0.16998677039738708, 0.5680190294292891, 0.0011017084142567327
0.17653193836304068, 0.6750925944242657, 0.0009210043571410741
0.16946199098106482, 0.6580396734292999, 0.0008098039313962249
0.15270724849942122, 0.44795713652563324, 0.001105287978254845
0.18285395594990073, 0.5665079841714318, 0.0015269085018706657
0.15000518957963238, 0.5997161059643441, 0.0005700882929612035
0.16162874689785234, 0.5634020504088961, 0.0008970381563649002
0.19505412900586028, 0.2627478764916301, 0.009431268722224394
0.10243500090640875, 0.48068355019327813, 0.00016566098131992222
0.11206566586965855, 0.3252383895505139, 0.0005373306666438246
0.14367983480323643, 0.6620907399601798, 0.0003869657051464974
0.15636414661544545, 0.6316025073144877, 0.0006169952118429129
0.09545469892948273, 0.707399889478894, 5.607174803992363e-05
0.21745008189900014, 0.5235126689147487, 0.003832601256430621
0.17052452120347436, 0.5738638161577687, 0.0010944862344824781
0.19108876923318888, 0.48431449874066496, 0.0025359791243751762
0.22366674405974488, 0.7149986821632415, 0.0023259567962378744
0.24295603229608242, 0.6290273311204932, 0.004324627305233269
0.11022753947945813, 0.5409170038734575, 0.00018062635879557927
0.1218316062602555, 0.6176214121624208, 0.0002152113032656623
0.17197306041529273, 0.5964960596128116, 0.0010514208545672884
0.1844909386422618, 0.5202895873997141, 0.0018826336035632067
0.1665069413392877, 0.33307361259411494, 0.002925416803310805
0.1752620837862827, 0.5938924126180458, 0.0011528622416761517
0.21591031712340286, 0.800400739360897, 0.0015891096834609155
0.19524616565012665, 0.5604560651866255, 0.002081832627234676
0.21372298095397543, 0.783987467295288, 0.00158377337560882
0.07030145469447863, 0.5571437745847526, 2.353283793807219e-05
0.1982731119374736, 0.33881252273469564, 0.0060954785975326975
0.19138931531851458, 0.41768189370433684, 0.0034333053423075983
0.18258137368740565, 0.5165212802125806, 0.001824727127981304
0.17687129519407596, 0.5543708638183256, 0.0013773917267341244
0.19338042599510838, 0.5534172558151959, 0.0020468007125422436
0.19097178260688102, 0.711786788732836, 0.001170928940322381
0.18083550278766736, 0.6507283407138094, 0.0011020840699634954
0.21370922613168333, 0.9421529917696598, 0.0010963404285474097
0.15990910476700695, 0.4605891603964348, 0.0012805027505672993
0.16270948153760995, 0.45543887959814444, 0.00141358615093408
0.22422218403531552, 0.4466773989115459, 0.006025092038350415
0.14082538809200323, 0.757194577062076, 0.00027086139880392446
0.18765240434336433, 0.49163086685639273, 0.002272196044233042
0.1266771286829453, 0.6017889411766504, 0.00026912225916857777
0.165156509850822, 0.6845101584233027, 0.0006682626168133134
0.15867664901223144, 0.5938463876431419, 0.0007445175653582919
0.21333876477381125, 0.6134854987951095, 0.0025660452424705214
0.18665636625361753, 0.5986051427078416, 0.0014971777362194467
0.26503471672419976, 0.32102788284601774, 0.02434515570432395
0.17955509942949122, 0.5503646603345651, 0.0014932581394410587
0.1625909757840507, 0.6083930568156023, 0.0007896265161469651
0.15674872491239417, 0.608324408136192, 0.000672346403527938
0.12320445046008524, 0.4922311358846786, 0.00035594580303172015
0.18109781720389406, 0.4860421213660472, 0.001988090870223115
0.22762998026556183, 0.5854466871984737, 0.003748010670628341
0.1242114585339425, 0.47793829223372974, 0.0003913213585857356
0.1991608372211405, 0.5080700064553907, 0.0027644970617332746
0.17689952271945897, 0.5193701806494574, 0.001570396012314103
0.16468372504520912, 0.6388943474570838, 0.0007574793641848829
0.09352070976381181, 0.6044269438353198, 7.018956644712789e-05
0.10560305924923494, 0.4775817979654085, 0.00019188762292865727
0.16748807627034903, 0.4331365125046528, 0.0017751924479586251
0.1931667569007797, 0.553869165119003, 0.0020335461390826397
0.1443772321900627, 0.4250477282352997, 0.0009591462441630715
0.12135470227573589, 0.5455382603234741, 0.00027112186817822303
0.1347470020899032, 0.7432903382178067, 0.00023149041469813634
0.08029036528807786, 0.5799842191932691, 3.8963023619613867e-05
0.21245873196314102, 0.57416593641972, 0.002876730809197466
0.16387539669641393, 0.6851523927438106, 0.000644543252139023
0.13050501434116943, 0.608108863790149, 0.00030044356320576025
0.15652817515009043, 0.5142069908909752, 0.0009351839419879673
0.15927151124709274, 0.5433040647858116, 0.0009042481573819102
0.1900313731604798, 0.5655060228592819, 0.0018151928683558158
0.17676439834646246, 0.5903690772874829, 0.0012113114181265528
0.10782329648274777, 0.5639719485200152, 0.00015079479618982739
0.10544920025898988, 0.39106199154416654, 0.00028435780899817347
0.18162805407826532, 0.46920445778739633, 0.0021609590151054556
0.1990574232554373, 0.4602899281892359, 0.003360530303974003
0.21535796116896158, 0.5111091781489407, 0.003853422545665557
0.09679106886500682, 0.3968897291559237, 0.00018936575083316952
0.16376991193444151, 0.6775636619482075, 0.0006571973327747944
0.1571941409292442, 0.557754648928074, 0.0008098404398834585
0.14519863673457456, 0.582157969637671, 0.0005242269856230227
0.1639189262286591, 0.5312585295899271, 0.0010733024173688458
0.13537504668501354, 0.6678608459272972, 0.0002926603286996735
0.13829176635352125, 0.5290792399682133, 0.0005121866796151093
0.19191589504537215, 0.5800719578378106, 0.0018017325162806646
0.16172253007135767, 0.41347742971290563, 0.0016697544142523254
0.20703574729166505, 0.5134932562109257, 0.003209932477083406
0.24873120139908445, 0.4880366869168242, 0.00796662058165527
0.18848561251791607, 0.5746786813481977, 0.001695664105935115
0.18900736193470605, 0.5331967262115886, 0.0019938722032545072
0.18692879736326234, 0.576045003682862, 0.0016271530369714148
0.225363671597173, 0.6536811818363566, 0.0028768891847841347
0.14990070471485595, 0.5655341595095708, 0.0006391229024104085
0.1491680135285156, 0.4509392247091472, 0.0009837912986282735
0.19998841206433846, 0.7455592971033395, 0.0013074430406135014
0.18950337784851984, 0.6719341735014678, 0.0012700682027214905
0.180453021332216, 0.44486220271295346, 0.0023362384962795006
0.1740297944659306, 0.5850757216105182, 0.0011515574656450777
0.10897669102634323, 0.45044621967677867, 0.00024771249758807505
0.1600277665385027, 0.5683185929144062, 0.0008438041976218565
0.19091474209404893, 0.45874244576183865, 0.0028152806305102927
0.13852945329641453, 0.433491522837691, 0.0007687586373803041
0.16382455027377252, 0.6810935891622281, 0.000651358138071431
0.06838299451148042, 0.5159371776132131, 2.4296513344007096e-05
0.26246977902226526, 0.5149078204506351, 0.009066838203226315
0.19716586192627836, 0.4656479742210128, 0.003148545955586266
0.2130784040475592, 0.47225768019521475, 0.004307064280084308
0.23468623302416208, 0.43351764890171207, 0.007818039022187957
0.24751718605581474, 0.5879311522607721, 0.005372501333617591
0.20373603542168478, 0.6608698139793426, 0.0018056459986707464
0.1690130759932996, 0.4459931738677202, 0.001742443960898151
0.22713682420858605, 0.6684522498477491, 0.0028476744266570536
0.18241701343368916, 0.6749229528186099, 0.001064498373326776
0.18308615983631718, 0.4680242687934117, 0.002249642038184011
0.2484893157916267, 0.45378720052221544, 0.009175196670967825
0.18145551726269854, 0.5677355529387815, 0.0014698143929368966
0.24569965874314392, 0.42314841007649284, 0.010040619393320894
0.09449728688946504, 0.5571441949582648, 8.647205338368848e-05
0.10348800128007604, 0.5132023762836867, 0.0001520213471023127
0.21784195625770936, 0.6094892050024672, 0.002850076951457679
0.11906663604482916, 0.6577013336524262, 0.0001715476688549924
0.16748716009274578, 0.6075084940407884, 0.0009023600727170613
0.23523470920028264, 0.6953521496740805, 0.0030701703028209212
0.20095643022804754, 0.547851317824676, 0.002473368743242547
0.1526330582460097, 0.6836071502660281, 0.00047359441330916096
0.11965573644916908, 0.36683917320570975, 0.0005635364232167699
0.15898187224857563, 0.6135911368192987, 0.0007032944870954048
0.19928059513606428, 0.7598236149657123, 0.0012393283190683397
0.20213681046150578, 0.5098625167894185, 0.002930215250210964
0.17785796004163487, 0.5539552151948538, 0.001413641012418418
0.16236408156309015, 0.7486363733504866, 0.0005182984071163335
0.15074438081327932, 0.4858093990780244, 0.0008877589370955802
0.10609253406836625, 0.4018641237716724, 0.0002765799187396884
0.19706631474094746, 0.5927168980759037, 0.0019389464623915226
0.1129076078843261, 0.44809515450539716, 0.00029255498964899464
0.20486852849350776, 0.5176282066987942, 0.0030159290505883916
0.14580856964890693, 0.678598693897983, 0.0003929934179983325
0.1548583524209748, 0.4387130792429569, 0.0012255107471176546
0.15710014991979254, 0.5041387952507208, 0.0009886502862102866
0.15624458501294752, 0.3627852589080132, 0.0018638395478334823
0.16227904379584215, 0.389518409208042, 0.0019101376173449008
0.18524727661396032, 0.49732382280701376, 0.002097951438003653
0.16795471682230523, 0.5406239092745848, 0.0011535093045493645
0.14805672318252813, 0.443642147153212, 0.0009835220169929913
0.18984732522811934, 0.5112204156348221, 0.002211715404931427
0.1626810336450024, 0.5670624912306652, 0.0009111429434585911
0.22488277100330697, 0.4893578175126582, 0.0050853405960181244
0.14448778247470706, 0.3661114148878155, 0.0012971682521934387
0.15940065209657736, 0.6079653200011769, 0.0007247107379403021
0.18981481337556416, 0.24106510665937725, 0.009939159098598176
0.16166567105737406, 0.5339746636824156, 0.000999638458939742
0.21160835832966368, 0.48176277874265533, 0.004014614138179414
0.129781642698433, 0.5506175980051246, 0.0003576054231887979
0.0660731589862288, 0.5519253513397181, 1.8252212839251988e-05
0.16014928390528094, 0.4608056151059041, 0.0012877761480241021
0.18172635058532305, 0.41072626342407303, 0.0028268302599637053
0.16505117279428047, 0.48087899650662097, 0.001350256212275792
0.19403869103145613, 0.46610215640916686, 0.0029289526592976064
0.20789290324690057, 0.6306506767791102, 0.00216711863967211
0.09579828398477662, 0.6059406342913225, 7.763896790909981e-05
0.18286271090866407, 0.42817585292735993, 0.0026734510141208923
0.20195256119260802, 0.5761984155936303, 0.002285172478928976
0.1518487476762312, 0.45652352996873335, 0.0010381232263668464
0.2671096988332246, 0.701711642088215, 0.0052733066505932
0.13635126230827105, 0.6003122415312958, 0.0003738624216447611
0.15957117216761763, 0.6745382354880838, 0.000591496620730934
0.1241986619423252, 0.6744420784303896, 0.00019642240111259737
0.25682255497420897, 0.5845496159106733, 0.006393063995310553
0.14831290785388365, 0.7596110503880882, 0.00033804205136727316
0.20240994162360793, 0.3710901417140392, 0.005564512946034667
0.18389113818156375, 0.569882845458019, 0.001546900046948781
0.21233398763665176, 0.46850440166631274, 0.0043094754998530905
0.09880607682520048, 0.44405953146322474, 0.00016562717298138129
0.2071612255914924, 0.484292945248167, 0.0036183192875820563
0.1828525126661237, 0.5698000550404011, 0.0015092633522973274
0.1939951974906686, 0.47803095328585277, 0.002781852929135448
0.1935380696177483, 0.543822889534883, 0.0021272724366061704
0.16082526257565663, 0.6720531685243185, 0.0006167617262410584
0.17991394054403598, 0.46210501472057564, 0.00213682877547933
0.2090743260408843, 0.7349383772934073, 0.0016360145019680057
0.19328247438007895, 0.5926265909214175, 0.0017809450774513144
0.15832533494929926, 0.4139652894950525, 0.0015172595163967665
0.17593527950821536, 0.46055990537627445, 0.001949604676907081
0.12835425739008605, 0.5711917554471645, 0.0003165244490733069
0.172665540113817, 0.576816677976167, 0.0011444458104697122
0.14031751137147366, 0.5411527486438434, 0.0005219373827832484
0.10240658218414753, 0.581138491084457, 0.00011320073593418253
0.17964505657580027, 0.6633279431171428, 0.0010302354835776129
0.2099021041298281, 0.5754404207267922, 0.002715432757491405
0.07604475956367422, 0.5254299341250822, 3.7380159955075326e-05
0.19611498337072308, 0.6076576212088914, 0.0018059071219458003
0.13138927514743756, 0.4456403224315383, 0.0005763158596174348
0.20942832985981125, 0.5527927637358805, 0.0029133796851089685
0.10374106625799807, 0.5907349648686907, 0.00011597480625924174
0.17498279753107035, 0.5497440883552552, 0.001336054965957578
0.11734915832483034, 0.6140173753714911, 0.00018463604252046253
0.2105556231708871, 0.6085473274853749, 0.002461451557900345
0.13583924343572, 0.4564320778359924, 0.0006360989773800758
0.1727847676869595, 0.7106238722953873, 0.0007563282224784677
0.1574534051519104, 0.633472855872255, 0.0006323811686116558
0.1274579992682514, 0.6753299993191361, 0.00021955788540861491
0.2495039469786734, 0.5478331564619894, 0.006409289952297368
0.23937709438943297, 0.5807240415646716, 0.0047532393766431535
0.19718853366895914, 0.6495465641982556, 0.0016189171000480175
0.1914442773934996, 0.5579708780713508, 0.0019263240364923956
0.16419995137799812, 0.5931048721491136, 0.0008676492990433311
0.14458178849361542, 0.4532974589048764, 0.0008485923964197128
0.17318555562894788, 0.5727657835287249, 0.001176151052865659
0.1677125062511438, 0.44763568604050485, 0.0016718775618434088
0.1586942518980569, 0.5434684854707476, 0.0008893780981899138
0.19337934466575948, 0.6228563892432594, 0.0016158253590378997
0.14796196965321004, 0.6219081325265181, 0.0004990842704857451
0.19319489246350144, 0.5595034835204656, 0.001994073336816834
0.1257841609715883, 0.5733585716059321, 0.0002873872454377405
0.2200288337647643, 0.6595040841767237, 0.0025435550673222206
0.1825511350089402, 0.3605668762809483, 0.003741848564100158
0.19092444161019498, 0.5745351427979264, 0.0017952437697992638
0.16959918761004958, 0.6285077868299243, 0.0008908593639312723
0.13120015479998764, 0.5473225657637337, 0.0003796560434859482
0.19385496440647484, 0.7164063701112975, 0.0012346546586736336
0.17901342395260852, 0.3701146862242, 0.0032582912143598163
0.19031825579687958, 0.6203569002747134, 0.0015184365101688696
0.21383812845272615, 0.6137706867497043, 0.0025901698749908383
0.22965065904016393, 0.6682484138827852, 0.002990803544023004
0.1653011734579869, 0.5474743287959879, 0.0010487029713396347
0.26109905332920014, 0.28758188957670794, 0.028404433943698678
0.1478304202684089, 0.5259471974457303, 0.0006950921397394088
0.1684673545485071, 0.5310146193585323, 0.0012117757820219223
0.09917240935615691, 0.697152290095302, 6.830152236359424e-05
0.15536443005115294, 0.394312146384026, 0.0015389787024014275
0.1791079650243068, 0.378060505555441, 0.0031300324047461047
0.21579607423971758, 0.4873948010359029, 0.004275586403277527
0.12430151182013607, 0.6477996786385574, 0.00021368825280768287
0.22511461259956517, 0.5300778398340783, 0.0043537433231415285
0.06788901784594653, 0.5117469072415651, 2.3920670955912098e-05
0.13815336487134044, 0.6099908457876667, 0.0003836274872345749
0.13432632909607894, 0.5437232480362755, 0.0004266965546012131
0.11170659564475097, 0.6375404137830512, 0.00013787872217544065
0.19781202609890522, 0.3910973931075502, 0.004528015411589935
0.10798337860521584, 0.5431586776129316, 0.0001636375104905906
0.11354839007733229, 0.6143325714332691, 0.0001595714274068263
0.1254632442665532, 0.7803063504858044, 0.00015342928936138426
0.2101743822584202, 0.505401927251068, 0.0035403250668376136
0.17433394908710192, 0.6897583581011043, 0.0008349348970947909
0.11972369392490664, 0.5208790016410636, 0.0002802106724780681
0.18705535526508116, 0.5477727340350835, 0.0018048192675176348
0.1764077468110998, 0.4612754188132284, 0.0019666312971841795
0.14053263645240888, 0.4991158314488965, 0.0006177074784503964
0.2075593934010564, 0.3522668484481071, 0.006896819775714674
0.18827139521847386, 0.5045409567532468, 0.002188891046629358
0.1081487181135946, 0.5163703832656525, 0.00018227927890013056
0.1163295745532564, 0.6560079155744011, 0.00015566262600246912
0.1461862207865013, 0.5205280843572223, 0.0006755630621490772
0.15103846853321268, 0.5709207233069635, 0.0006483352061242847
0.16134588870869152, 0.49044975716636957, 0.0011746584980578234
0.20614409661834718, 0.7818747929652348, 0.0013584493283290168
0.15839025330431555, 0.5444780765636699, 0.0008786386366895181
0.19146672796853706, 0.5268841637082189, 0.0021614549827472357
0.17227381467884442, 0.6150443815099004, 0.0009965928707189944
0.11779311701916578, 0.5110231282932347, 0.0002710269057770601
0.23066787090552607, 0.5339867013388209, 0.004775823690685568
0.13006963609059144, 0.7601098817948393, 0.00018949039917804078
0.15409714143595135, 0.5582537754936707, 0.0007406256043970699
0.15223098727200243, 0.6257166720015461, 0.0005587582196973621
0.16514746352934734, 0.4907080951948118, 0.0013000373998111514
0.22203941810229488, 0.6896552728949256, 0.0024209963197834535
0.14106830591446892, 0.8159095655686441, 0.00023505604891450754
0.19860106445686332, 0.32083454207095885, 0.006847350738434663
0.1602319347167737, 0.7046723070450213, 0.0005519343521502019
0.2155464318895134, 0.6204045530728316, 0.00262540091135372
0.228940032883901, 0.6011594819860836, 0.0036455424006726126
0.1492734067640331, 0.6461326156526324, 0.0004806681268896484
0.19815592748467525, 0.44240429416844507, 0.0035658110695309495
0.12410669723787184, 0.5131461225673049, 0.0003382071260081129
0.1902689829840763, 0.334836230351899, 0.005206192177218874
0.21935728857162476, 0.40830935686528314, 0.006547210995838326
0.1941737449362391, 0.5287499788827016, 0.002282986800889534
0.23719677744871692, 0.6174550095548612, 0.0040386285540715845
0.09215180211966775, 0.576285954534249, 7.236135508499633e-05
0.13521232725103782, 0.6412637334592548, 0.00031576515633567696
0.1407828033283952, 0.4761872775883087, 0.0006839566866344289
0.1823731773124588, 0.4857008743916611, 0.0020533187365628664
0.151893325470786, 0.6678084806081317, 0.00048577177264011277
0.15150257064107275, 0.6228383744751301, 0.0005521577599984245
0.1532445314385782, 0.6896092639975371, 0.0004736457661932329
0.12131740492136181, 0.5337103795337041, 0.00028288915026642656
0.16229387403850154, 0.6214715033399039, 0.0007506764954806629
0.1963765005763658, 0.5403118498899174, 0.0022975807586859084
0.14536398955763727, 0.5977564300070227, 0.0004997208302965517
0.17251597005649832, 0.594690100427814, 0.0010725891984195359
0.12743809819103263, 0.5565100994895482, 0.0003230997604377299
0.2281931930939841, 0.5453978587419286, 0.004365870564839132
0.14939129456770806, 0.6178558613708994, 0.0005275004496682986
0.2390756213467739, 0.6609253825208459, 0.0036493567848799157
0.17017497815833285, 0.5250143464100827, 0.0012958795925944735
0.18980890168500394, 0.7150162828431881, 0.001129605942339801
0.16331795518378106, 0.5886061880971687, 0.0008603309729293189
0.1399326347857997, 0.5984518348007914, 0.00042164906551499687
0.24485944773927854, 0.5164194460710114, 0.00664041055036203
0.1639210405206443, 0.5993908131528815, 0.0008432151913422912
0.17686848366255742, 0.626378720898238, 0.0010788321914892594
0.10347174028053352, 0.6054369053510863, 0.00010915504963737863
0.13993834838173125, 0.7436122220101762, 0.00027314580290902846
0.17998345096943996, 0.7038318447582431, 0.000922680623609633
0.12106520173562008, 0.6616122609523097, 0.0001824079907042094
0.21500645191999374, 0.6861741639452612, 0.0021226761493713824
0.18178688473183086, 0.6072267327785235, 0.0012952074662125538
0.21960455082729213, 0.3993934462658353, 0.0068767922723760345
0.1658601291980583, 0.6203224729966672, 0.0008290785212904016
0.13769464578831506, 0.6561112899804586, 0.00032677280741859284
0.11598515150292313, 0.5523302554916477, 0.00021673984775974497
0.1815857534650923, 0.5984756020607023, 0.001326883504592519
0.20210698434308927, 0.7554260042073935, 0.001333950925380822
0.15716732226362393, 0.5551010873221538, 0.0008169879638782436
0.1810545692438859, 0.5595653583872009, 0.001498393948175729
0.1435296008872522, 0.4915171113177851, 0.0006989258665106948
0.12156732232238623, 0.5015308129979368, 0.00032326955132831313
0.17604606977312703, 0.4828454312289407, 0.0017787115021527529
0.18156168996391492, 0.5097595435327478, 0.001827854907659332
0.16861853460014908, 0.4073759877055636, 0.0020670853606602137
0.24141946586774027, 0.5578334922236475, 0.005347549071603166
0.1275912373421043, 0.6940994400192444, 0.00020880180332940944
0.11822384005846415, 0.6763027622903452, 0.00015724825905687515
0.1603316920434854, 0.42106449984121486, 0.0015500792269312193
0.09540054333110538, 0.5181867890857995, 0.00010423581239250736
0.19884225586546433, 0.4335899358383506, 0.0037691698607823544
0.13173080700761247, 0.5822775249985718, 0.00034145241836098595
0.16963229906473953, 0.4546834400785966, 0.001703669054559965
0.16440912027650437, 0.6076724767706114, 0.0008311908403204771
0.13991473013168382, 0.7244994883176895, 0.0002875337729887126
0.1376591036033602, 0.5852526786967038, 0.000410223750273041
0.12317118558979492, 0.7778858381227332, 0.00014235551700223067
0.1809918412155467, 0.5971641400827563, 0.0013136450937937406
0.11517496826616774, 0.5942797302069798, 0.0001815347233196375
0.20521919032279984, 0.5915037158574026, 0.0023270730133813687
0.23082601792050542, 0.6127443103735495, 0.003637979638311263
0.23291131196053808, 0.6606709477982537, 0.003255622470612344
0.1883846895321168, 0.5923258617261543, 0.0015923743149403292
0.2157187180408882, 0.7274409622955632, 0.001916358896150931
0.17322188275577485, 0.4996526535784201, 0.0015469690365509019
0.14591647115537637, 0.42079073003525835, 0.0010253982437932573
0.16522684780630406, 0.6367795571714099, 0.0007736461859632794
0.2479154871864616, 0.6006007105948544, 0.005184779701245727
0.21938310623621757, 0.5388717148792872, 0.003760876900224969
0.20365789393848835, 0.5761780252899904, 0.0023714720375979143
0.17969039721726413, 0.5604417870169861, 0.001444821850902283
0.14911370317860725, 0.4718868034767304, 0.0008969484390062899
0.08354964771607824, 0.6643523970280406, 3.5377344107949976e-05
0.15261650360621157, 0.5939449291976984, 0.0006270759407865109
0.17185610522741293, 0.5721255062109338, 0.0011394863429545598
0.17727302807266276, 0.5435395073950473, 0.0014472094241432508
0.17313291774912823, 0.5658629172030503, 0.0012034107326234173
0.15669962494903172, 0.5264607249712476, 0.0008964642044336365
0.22897589615815264, 0.5440240346830466, 0.0044545588384932245
0.15078131570592804, 0.47184897204493853, 0.0009420826302377674
0.16243345098405731, 0.5712271772774724, 0.000891908385565097
0.1822184236277337, 0.4896650115874803, 0.002012675712351397
0.1846085559065104, 0.5202387903924177, 0.001888289007420206
0.20290612654549225, 0.509071876045365, 0.002988865642390398
0.12987918541096688, 0.6612408302136568, 0.00024878295330312114
0.10640142785021327, 0.505153375954139, 0.00017729161005111056
0.17849766166036643, 0.4231510760651739, 0.0024612636349393203
0.15739660676372835, 0.5597344509903213, 0.0008086888006626976
0.2134668232563929, 0.4290524719847843, 0.005260157928165276
0.13687529793318262, 0.5730190912915062, 0.00041730929189154635
0.2016477867286842, 0.6961216063770159, 0.001555273928605177
0.11492936610433632, 0.5154881973378885, 0.00023901485569227099
0.1356970191350766, 0.7159291476893247, 0.0002573565120868932
0.10332389295764595, 0.5112666154233173, 0.00015210881197431992
0.13630246645969937, 0.5890347702818848, 0.00038770408635204753
0.12844340067484675, 0.5262779769943244, 0.000373996384580135
0.15071114912266761, 0.46935066263081, 0.0009501905430691945
0.13964213635188377, 0.575111134326257, 0.0004524127926892838
0.21262195922782226, 0.6176137717897325, 0.002494638744436125
0.1855806518561088, 0.4962225803915313, 0.0021240107641573424
0.17379987014581338, 0.5692543060171101, 0.0012094023768825669
0.20694840736941483, 0.6386172643351984, 0.002071465842894777
0.2670137908261434, 0.5260534094734164, 0.009368163567560619
0.1840236323831031, 0.7072064400019511, 0.0010076676549694908
0.14958264471446506, 0.42313162238670976, 0.0011310771893734892
0.15466569964357804, 0.4358329695225065, 0.0012349784593914566
0.19139791599628422, 0.49004872068215644, 0.002494658362063614
0.17076997048828646, 0.3570202842988798, 0.0028457105827655333
0.15765005692365835, 0.5723759783860741, 0.0007788561968821973
0.15761963285888225, 0.7478588707008829, 0.0004558395144108539
0.1677839800715672, 0.3923816727112171, 0.002179970589963166
0.1588173272597904, 0.37298226789298683, 0.001894698937788013
0.037113586381641334, 0.5390502729002534, 1.5123496824266712e-06
0.12970083415311162, 0.5852931961707757, 0.0003156219003208811
0.20599147666343978, 0.4809467636407424, 0.003578562343953526
0.1817187736981889, 0.5095155370716119, 0.001836581231806111
0.2752724817335388, 0.5154708635432971, 0.01115614024086994
0.15772605796320457, 0.6424791922085452, 0.0006194737951962767
0.11235086895976888, 0.58391178647375, 0.0001685806526841966
0.20624163929505102, 0.5468649626061522, 0.002782669625002219
0.15678622908543585, 0.7567698840563106, 0.0004349036383746647
0.18453140210392815, 0.5887963981700697, 0.0014714477556191272
0.16823981865189383, 0.4985834607098138, 0.0013663968256662066
0.20166729766996383, 0.5615350289018932, 0.002391158132375248
0.21227802583684863, 0.4572088256502428, 0.0045197963095588885
0.21180103705681388, 0.5472573641692974, 0.0031236777941909843
0.16581092726144778, 0.46109066453304326, 0.0014986185002070474
0.13579056654461064, 0.635703452320598, 0.0003274032592464041
0.17741095501358575, 0.6777388416402803, 0.0009340175861903317
0.2028566145815228, 0.44943492697354515, 0.003830580738069098
0.17049327142955814, 0.5558913956597029, 0.001165461327771548
0.16286163511458887, 0.5339035630627603, 0.0010328635184181387
0.1196079178696153, 0.6301093221804597, 0.00019066798660218357
0.13576241019087676, 0.6021035967664293, 0.0003646308647605559
0.1797993909893255, 0.5390667189713935, 0.0015658458621125794
0.12507434587952496, 0.5298004189327181, 0.00032830807110266724
0.12213138170368074, 0.5788918362925285, 0.00024763443562591473
0.1678692956214214, 0.5326158951355137, 0.0011857994117253452
0.1867784098011609, 0.28775221366068787, 0.006497793632574033
0.15813665556115972, 0.7176173835774746, 0.0005022537806272682
0.16992551841376974, 0.5853655213938715, 0.0010357369637805157
0.10591132873660442, 0.64302383620456, 0.0001072157001808067
0.14832408114103965, 0.5881542393743939, 0.0005640463154920392
0.11383266913250954, 0.48810854172007534, 0.0002555686190912925
0.18617038514456663, 0.46565595768918716, 0.002445919713042482
0.20633028473107956, 0.6093760541331199, 0.0022452889005894483
0.19431813605524068, 0.38175267660169304, 0.0043940034531499955
0.12166959907778532, 0.5563123008670017, 0.0002637118891902094
0.24776276604337957, 0.32439261546644116, 0.0177248495837957
0.2150598173848039, 0.5554967585734919, 0.0032423779609465826
0.14433445502506803, 0.585534085289397, 0.0005047654350700259
0.16978244584111638, 0.5922659091828419, 0.001008000350438461
0.2011276044665924, 0.5142711963302607, 0.002817454374703434
0.09522095010177033, 0.6202160119821983, 7.216107510644555e-05
0.15490870659024003, 0.5623939791311615, 0.0007468239111408633
0.19337369285384648, 0.6216558494324734, 0.0016218637559299635
0.23442580127152746, 0.5017791375235856, 0.00580716941148379
0.11955492062868076, 0.4511232634139322, 0.0003712549514905874
0.19752880529281963, 0.6300450192645839, 0.001733790642384041
0.2130264157314654, 0.7122687952942808, 0.0018914082791046617
0.17612252008738358, 0.5464334254550528, 0.0013914797896960019
0.15261541977149093, 0.4492521756100858, 0.0010960201727939188
0.22176172449419623, 0.6908907546719746, 0.002399098789638297
0.23796384571348012, 0.33124155757949003, 0.014233921554352807
0.14884821766104006, 0.38975976777464816, 0.001304499423775413
0.1095469127272754, 0.5826913423754906, 0.00015147096567414068
0.1483515521587381, 0.5351881876785277, 0.000681770294207618
0.1986637465620821, 0.5966933477046793, 0.001982373299030204
0.14079660927805393, 0.531152051258799, 0.0005499634577193803
0.16814663769069998, 0.6402423140814235, 0.000826618602821888
0.27405071423225114, 0.5519584306066118, 0.009541338050563057
0.18468937145196648, 0.5972644314477094, 0.0014354133038231578
0.21826101546486484, 0.4607512904989909, 0.005029536113504824
0.18156817061797123, 0.30364344098570806, 0.005152438860605
0.13655839877931897, 0.7127077181203259, 0.00026702012986055344
0.1172717381850355, 0.6729294651003657, 0.00015327721516092478
0.16974735215554426, 0.45930856161239886, 0.0016745188976304503
0.12405018422460884, 0.5058557858583663, 0.00034732902194666986
0.14115385957296522, 0.5714494906589369, 0.00048046120978370425
0.13355795153740635, 0.48732983107969047, 0.0005179249118390776
0.16907636863725276, 0.5492790451213456, 0.0011506537206590407
0.2076222110931028, 0.34331820935412416, 0.007270712827449156
0.2502887226955583, 0.6476311547605227, 0.004649990573508542
0.13665422165911226, 0.4841660444354896, 0.0005803883327334796
0.16933058075401805, 0.49856471348438025, 0.0014059134078123325
0.11590765318073462, 0.5808757359221423, 0.00019538567573932258
0.17301050091745984, 0.41190880428666765, 0.002264032136344546
0.16698336741484585, 0.4908950782405244, 0.0013638000022045914
0.2214332517834736, 0.5124302001251906, 0.004332763152786402
0.18197706022167598, 0.6128180403588831, 0.0012775445425441167
0.17779795544859517, 0.5085022822519167, 0.0016751659606049783
0.15553886512164683, 0.37769475249770784, 0.0016856805227326854
0.0938260637417941, 0.6302758337490253, 6.548291020924071e-05
0.1356517513156194, 0.5610817841532015, 0.00041839389671090554
0.17844820286803215, 0.6333668004873527, 0.0010972583460132073
0.11706957357048989, 0.4524675766352333, 0.00033646874654207553
0.10964673821229617, 0.6220664867272057, 0.0001334361310793037
0.20011668623016302, 0.7092418545787393, 0.0014488509687212803
0.1977487191131963, 0.6072410832623909, 0.0018756154111087677
0.15148568065463747, 0.47079038617257185, 0.0009659300769822343
0.14873965572848635, 0.7601585430004874, 0.0003418498017021239
0.16035447861157626, 0.6446858265499572, 0.0006616471805749071
0.1996946959613032, 0.5564820820153085, 0.002331719249468943
0.23774814466751215, 0.732220525265358, 0.002901332482917156
0.1657785142573951, 0.448363064408524, 0.0015835453638719918
0.1917685577507011, 0.48960345948757095, 0.002520562730277161
0.22541723197137947, 0.5068844944850877, 0.004789511047792845
0.22786124555929294, 0.6017774454469519, 0.003563232322716699
0.14235601390164754, 0.3725261608776014, 0.0011735617514107817
0.1353298669978547, 0.5655995449792057, 0.0004074552108560775
0.1859087097985043, 0.46743770622114234, 0.0024123329843577517
0.07846651574225233, 0.5830481177616244, 3.4847234907507956e-05
0.17838798321185148, 0.6020899510028219, 0.0012124162816667193
0.16456723115148367, 0.48111028494287383, 0.001331641767223353
0.16233533233955055, 0.47041199287506413, 0.0013116759815263493
0.19927134896959792, 0.5054422754464508, 0.0028001426535758955
0.1425611661368837, 0.4620257195287064, 0.0007677839786888966
0.14712819378753356, 0.6031296262838949, 0.00051761463640103
0.19053466487773182, 0.534182762119161, 0.00205812505829724
0.17004944951736964, 0.5070689438259921, 0.001384722936919627
0.22099541401979889, 0.6093485915159351, 0.003037530340551841
0.15513994367063003, 0.5166040006194543, 0.0008909110313448231
0.15611921583322527, 0.757731321626068, 0.0004257389719788369
0.178750802210117, 0.5151420465085362, 0.0016711025315989767
0.1476295489424653, 0.589188925706551, 0.0005505784831423221
0.2228326463958638, 0.506094735716285, 0.004566769130824692
0.10379413450600114, 0.4816849696832826, 0.000174823608169077
0.09377180361934659, 0.4103316539077642, 0.00015410397490024587
0.1220576967929139, 0.5143614069659201, 0.00031283540389452554
0.19944767639417416, 0.8027994561758698, 0.0011142926721785594
0.1492954592282888, 0.5619817707653089, 0.0006358087141722311
0.1637022757492498, 0.4098543817254898, 0.0017928645769020371
0.03672407184752263, 0.5424387237990944, 1.42576572743531e-06
0.14159729029667562, 0.5439823912388347, 0.0005375736345237634
0.13834223901760068, 0.5342631073035885, 0.0005031026987798739
0.10897714248626064, 0.6518989401806268, 0.00011827179210168686
0.16631753737235813, 0.5304180389567775, 0.0011477749122755694
0.16279600305055167, 0.6406365265386926, 0.0007161021052064067
0.21877866136380825, 0.5513054635957793, 0.0035497938381221367
0.19441190137131456, 0.6447874834980593, 0.0015435234443322982
0.16562147619908155, 0.5285627927098274, 0.0011347128829130167
0.20162854299000493, 0.7051445296526284, 0.0015150901228306176
0.1999597706609175, 0.6539414397812495, 0.0016983834559960742
0.1468251915472056, 0.3954404971453315, 0.0011932354434868093
0.20317139277252363, 0.5827705640182249, 0.00229385486856152
0.12303461333954929, 0.6244723949888669, 0.00021981613403670262
0.16099019915906929, 0.553314892385, 0.0009139842334248233
0.17356622479835784, 0.8162979809122055, 0.000584676190672965
0.1767868827885576, 0.4816811303259573, 0.0018206513952453587
0.1381788511744514, 0.5554236004658762, 0.0004630844306763731
0.1933003123266852, 0.5002270343926964, 0.002500661018047331
0.17210367384735234, 0.45350293558259985, 0.0018250817107280017
0.18267284357183525, 0.600795780203958, 0.0013516918727080665
0.2397647528245418, 0.5582883582124287, 0.005179695686078633
0.23117733004445795, 0.3837211053381408, 0.009338854202398694
0.20318697172002984, 0.5902361263964582, 0.002236949065754834
0.20421493846620667, 0.47650613296898564, 0.003509247040443051
0.17478089557199597, 0.4287645224420392, 0.0021852525538929774
0.17591441671036515, 0.5322903802897169, 0.0014587973497522232
0.20126818998162374, 0.563157305166364, 0.002356769305273015
0.19274423830576287, 0.6375845148289199, 0.0015198773950164546
0.18324863713567782, 0.5474663154475622, 0.0016505565406212785
0.17369777882560275, 0.5341290667602769, 0.0013701503871096663
0.20028178266188626, 0.5300324815836397, 0.0026036541764772126
0.17122223916310783, 0.5192083283974485, 0.0013612796575811366
0.13110092541953877, 0.6464967398669949, 0.0002712055363656028
0.2261906832283438, 0.5524768633721645, 0.004092855773761403
0.22204120899290158, 0.5099657191634867, 0.004427837742896954
0.2072564238897508, 0.4784502643308669, 0.0037147321190748356
0.16071475021756867, 0.45254985237197415, 0.0013560580702263367
0.09668580308111173, 0.6641578905196399, 6.730063204271875e-05
0.21519691469390978, 0.4532957783508166, 0.004882937061993863
0.18765075515363694, 0.7006348741144776, 0.0011187261467135027
0.1158951993586417, 0.4481950905228441, 0.00032803461455425395
0.16388273614243726, 0.5751862510063149, 0.0009147344001510438
0.14276310657131294, 0.6255462721188025, 0.0004214609788875296
0.10258815703035183, 0.44142434984290246, 0.0001977338979764188
0.1864753867485533, 0.6149770346863868, 0.0014124815177319664
0.21620449818653995, 0.5828866271568607, 0.003014411272441986
0.16730835699243835, 0.3743513937933073, 0.002365291000595702
0.1590662024650381, 0.5222891571366877, 0.0009729414234195578
0.1592365948267067, 0.5197725540120978, 0.000987024404243347
0.1383119955422699, 0.5003693130397852, 0.0005730175070448624
0.1638847263312872, 0.7097476722092035, 0.0006007963098237232
0.16541101233875397, 0.4261379885811386, 0.0017359964793705184
0.20528701422587528, 0.4241820605576256, 0.00453160248566793
0.1339055429396887, 0.5626246161730736, 0.00039304482147717773
0.20515987284258141, 0.5181444394233697, 0.003028801884876389
0.18274466275813536, 0.6411239126551806, 0.0011890459391376707
0.16848268616405163, 0.5009061512839361, 0.0013623741360448804
0.24516843717361686, 0.5995759865279359, 0.004953606377302501
0.16338104491517053, 0.4777491193735216, 0.0013081376685756378
0.2464373131717532, 0.5695677866923792, 0.005615436316972124
0.2293811917004996, 0.524211784761215, 0.00483511354919978
0.18987779685479164, 0.5377086531893905, 0.002000590745920649
0.19868216628629376, 0.5337215890190236, 0.002478765582421599
0.17495763487976518, 0.6230182167822448, 0.0010396069222539854
0.13390635129874123, 0.5152806429323941, 0.0004686012228115527
0.1821874353944874, 0.6671124553626474, 0.0010835497526188963
0.14799998643510115, 0.5010479243963933, 0.0007697660180780376
0.15621199688002835, 0.6208074380828987, 0.0006359095740958347
0.22675416289444034, 0.5213461892170921, 0.004646828809558892
0.18713639809792684, 0.566729294256569, 0.001689316190325024
0.14056580660252274, 0.5290652004840777, 0.0005503235978924271
0.19557058288235396, 0.5638956462931735, 0.0020715906715242497
0.1175781138762049, 0.5122135997433692, 0.00026760870668483285
0.2302566672126785, 0.7663887721304025, 0.0023003894803560387
0.14255669599971238, 0.5967602395652212, 0.0004601629743039979
0.15081406041201265, 0.42467090699150334, 0.0011641392758496988
0.21047498359039868, 0.5772803557542584, 0.0027307030150295598
0.1314777190613101, 0.7340875292436758, 0.00021301967289954552
0.15602986766383967, 0.5589018233429623, 0.0007805646889884896
0.14211184422784728, 0.45930947157363344, 0.0007661755814856439
0.17989011014843911, 0.4568192633352854, 0.0021852903341338234
0.21339098202627638, 0.6241469829498758, 0.0024818002219249707
0.11160818759913047, 0.5372103389304073, 0.00019343711999295795
0.1313373320773847, 0.6247827952750737, 0.00029269534092529325
0.19156806055378484, 0.37497160789106376, 0.004277507480719737
0.19853809181362625, 0.4153702279976491, 0.0040795107192665115
0.18928529964137603, 0.6703688192454671, 0.0012695581208619785
0.17678750528298687, 0.6008832026135769, 0.0011699644511263697
0.10887713262363857, 0.42258398756444915, 0.00028032458802082255
0.17057316669340675, 0.6260340631037803, 0.0009208250015138021
0.13917764290209417, 0.4321876598011066, 0.0007894540760832692
0.1583658823370741, 0.706836871541337, 0.0005210011167215406
0.19501221210311356, 0.546096272937428, 0.002181219795263689
0.18063710159158533, 0.5452292468339696, 0.00156227763791015
0.17267632656784268, 0.7111584720730755, 0.0007531083202175821
0.15567899754556763, 0.5386692157127182, 0.0008320198728850269
0.16344798882763723, 0.47770607628190515, 0.001310733873524057
0.13867288574275893, 0.7200006604136375, 0.00027993870007263596
0.15462036562790638, 0.6697599621854369, 0.0005222771130211529
0.17734531596094313, 0.46953810914467964, 0.0019428129167850128
0.18697103030214568, 0.6174839022856011, 0.0014174953088810333
0.1615639874113927, 0.40974217626541454, 0.0016930143334998977
0.15976969985454564, 0.588542199836255, 0.0007812429759730616
0.15753759343324114, 0.5826588105946573, 0.0007492517591258644
0.16618897291906048, 0.3762195828060333, 0.0022736981000142423
0.11624445555853821, 0.4545671180498306, 0.0003231526734855557
0.17847050869765074, 0.48704532983457083, 0.0018566051940676531
0.14273549274171707, 0.4809048724004333, 0.0007125055449583256
0.20410178683148741, 0.507245373599266, 0.0030892685113737663
0.20688383135986047, 0.399359106508015, 0.005289754725041763
0.18968092121743774, 0.7291113929435606, 0.001083134000740854
0.14755126746082683, 0.5292967724544968, 0.0006806382648445477
0.1964407738142142, 0.4433230621947906, 0.0034177827041910603
0.12597695526399422, 0.5764407730050818, 0.0002862446557931293
0.10720028287097766, 0.5213855125654061, 0.000171992724441509
0.18037395410067783, 0.5709713676710121, 0.00141547456598707
0.15598331520501202, 0.5453187634063074, 0.0008188584951664259
0.16215713277161842, 0.4822021630821648, 0.0012422992925920967
0.19898295804403193, 0.6170575571956297, 0.0018668285323926962
0.20495876432839993, 0.6610894279042558, 0.0018525845895956397
0.15509997043752277, 0.5007740019820324, 0.0009470521515668879
0.1750754354604691, 0.503098354719671, 0.0015990095222154518
0.14515130332188414, 0.481726344039967, 0.0007644995563913226
0.19861724371259895, 0.5426723650552971, 0.0023942255875324383
0.19854770165084473, 0.481045028180503, 0.003042284596086111
0.15779255101759004, 0.30585957488870075, 0.002738434292207242
0.2332224216193621, 0.5125250029580588, 0.005441581091026297
0.17574980443529323, 0.4994397327827908, 0.0016502018128978732
0.1108564152781859, 0.6416261903651557, 0.00013162833473397644
0.20490568224949327, 0.40812123164323133, 0.004855401282816753
0.1491463814867115, 0.6346105635302145, 0.0004964177210140511
0.14970102896481755, 0.3869463573121896, 0.0013572299290317586
0.18434912799979708, 0.7204324318146823, 0.00097858864527863
0.1395169365178622, 0.6373582353029393, 0.0003669080096236982
0.19030148842866684, 0.5744775153862295, 0.0017699681064306553
0.1706993195672489, 0.48502241084857783, 0.0015390834243620797
0.14643520845234426, 0.6211703541737098, 0.00047795245759862026
0.15300022041060332, 0.6455136674074571, 0.0005367846171168152
0.12716089366874986, 0.6494978851359723, 0.00023494495768272387
0.13098367486896834, 0.5800886193768168, 0.0003355310826409815
0.15489559279230053, 0.565384221046857, 0.0007386698926272659
0.14861757228797398, 0.6278274527138723, 0.0004993373004731122
0.193100136372631, 0.624940545723351, 0.0015948940822697606
0.17516031907743937, 0.6315724020198938, 0.0010168029796232012
0.1101647139222711, 0.5740992729101393, 0.00015994805076764904
0.1809448080691451, 0.5439868501265039, 0.001581219091497855
0.1627749470756392, 0.5848545960880464, 0.0008587274765284949
0.19547490696090566, 0.4937752564603369, 0.002695924447398536
0.2572037861666184, 0.646129859179368, 0.005266797816055948
0.1849172192056144, 0.5725575631983645, 0.001570463844481314
0.15600721595900097, 0.5995547213127475, 0.000677867580499259
0.10150984679158963, 0.43806218169652944, 0.00019165949155366873
0.16495571520899568, 0.5832766815918587, 0.0009154467423334257
0.15116889272727502, 0.5742166052407164, 0.0006433526634692093
0.16670489879119166, 0.7978224213560217, 0.000512538172865903
0.16991485934155476, 0.40758518486234574, 0.002135733713401111
0.1821953685283917, 0.5609057813200684, 0.0015330288537527734
0.22928195372490667, 0.5935590352149839, 0.0037641376872642926
0.19363981978526754, 0.5149548877936253, 0.002377957425231979
0.1426414296007233, 0.5931903272424504, 0.0004669375284934354
0.1844224878320833, 0.6090100483212477, 0.0013718228617171702
0.19543284095912145, 0.5854276760316635, 0.0019160577599052612
0.17309015296613067, 0.6659792461884033, 0.0008678464627299681
0.1795961178735408, 0.7022609991666187, 0.0009180690654903243
0.23603816945425066, 0.50280197223709, 0.005960652433451549
0.13301577930922504, 0.5663233742014333, 0.00037671320295553257
0.1495814261483423, 0.5136661661802713, 0.0007674776226066422
0.17676041253023564, 0.5393606390686126, 0.0014511136456237961
0.22319501838873146, 0.3413690815129671, 0.010109491633122443
0.13979326286601113, 0.5744655651016137, 0.0004555933312388905
0.16313460198289328, 0.422652943897475, 0.0016603547399785992
0.17193822869324818, 0.5568701374744497, 0.0012053045925933387
0.1994534307650873, 0.8568290455135412, 0.0009783183171094907
0.1524152178578992, 0.4938362273258337, 0.0009018299661160626
0.2332462022464702, 0.6153125615721222, 0.0037771000770054795
0.1821379742670779, 0.48718175060028257, 0.0020292991940087032
0.20655079216312602, 0.5336969843472847, 0.002940997159802408
0.2033379610201993, 0.7178286103461904, 0.0015173494526041387
0.20653770828515142, 0.818250522857038, 0.0012508074837232787
0.06373084804898776, 0.6596520341945713, 1.0901211214018715e-05
0.15897503270078203, 0.48777697913768403, 0.0011126807095784
0.17463288596260373, 0.6661280657733902, 0.0009019967446300341
0.18514487280803807, 0.5128321809418228, 0.0019681889619083755
0.15875442822063401, 0.34003012860323056, 0.002275751457227805
0.14916272147412338, 0.5807378984239508, 0.0005930767146480672
0.23599679582513095, 0.5814727357497456, 0.004453424082465091
0.15570325005654084, 0.44382191347018835, 0.0012264735784015834
0.1714791122497718, 0.6512922441457789, 0.0008708502498704418
0.20086233225615416, 0.47839962602292696, 0.003236962281683059
0.13202092809215965, 0.42330884584837525, 0.0006523481687679281
0.1971932373107558, 0.5093780291694394, 0.0026327544392368125
0.222440466695483, 0.5078781838581385, 0.004499740727198786
0.1559187383032223, 0.6259407667688318, 0.0006203717227464065
0.09806727208659133, 0.5160989735413786, 0.00011863311216400301
0.18811164718770024, 0.6068171271193108, 0.0015075761450111416
0.20723445065309815, 0.3994541383258876, 0.0053267785953620425
0.12891017832072338, 0.40867569614533905, 0.0006301907078976261
0.11570339561609867, 0.6871381490846145, 0.00013854811967512273
0.20146663378001312, 0.49147592290884246, 0.0031078151223001764
0.192948646286376, 0.47619017693841365, 0.0027374656011293474
0.1760118651712736, 0.7050343761463824, 0.0008335465720869998
0.1840818254002588, 0.5611073303226836, 0.0016029575679859466
0.09155373286040507, 0.429774781628068, 0.0001264324890115392
0.19812863506984896, 0.5080299915023102, 0.0027024339213726264
0.13314708245787, 0.6451934208595232, 0.00029150453580211995
0.12197020058425237, 0.3765425582198213, 0.0005819078376711874
0.1696349654974599, 0.4732008316064795, 0.001573050075187033
0.22720270981988516, 0.5873478525281535, 0.003693129672694726
0.17121197124445706, 0.6637585166018705, 0.0008327139596651221
0.14900503273704022, 0.6064404616903601, 0.0005413444410773369
0.11566703864873051, 0.5159872214241749, 0.0002453637034612197
0.2079789380107275, 0.6425340026818259, 0.002091504647818034
0.20343705898311937, 0.6738697121304275, 0.0017254656814719997
0.17171478371353346, 0.6023421297846182, 0.0010243143106072642
0.1749147954191846, 0.3945671164760435, 0.002589172141486195
0.20115633196406454, 0.6665626192639047, 0.001678155890232961
0.20393629938514615, 0.44951263776083494, 0.003919746996252254
0.21535270700220704, 0.6364375094314004, 0.002484939600410217
0.167954565743013, 0.51132642887651, 0.0012894764028717745
0.1996244164365677, 0.6290763589735382, 0.001821794012039002
0.1661608296942246, 0.7280663923030499, 0.0006066664771338741
0.15724053607530986, 0.25658187333120713, 0.003831755798203339
0.11002825788602857, 0.7347935848274015, 9.710773545015216e-05
0.1561829425720123, 0.38016372030223167, 0.0016943861900839017
0.24808382027131098, 0.5333904795839759, 0.006593386250739124
0.15092331929518946, 0.5534063927573496, 0.0006877102317347414
0.1535836105186579, 0.5268745545293776, 0.0008193489258037902
0.1719320569218624, 0.6262153347619923, 0.0009529907374146909
0.12576937316555145, 0.7860930609987851, 0.00015280850114947643
0.20920599684651306, 0.602105262233379, 0.002444258986112278
0.19354090295527576, 0.3695502295900938, 0.0046070094278604055
0.18131392334589852, 0.6107844042794494, 0.0012655727132065866
0.17846711430759268, 0.5571204463475522, 0.0014188085232013684
0.15451211343012972, 0.5345732556836417, 0.0008173095748696636
0.13206539290299799, 0.5313842038722363, 0.0004145914473132081
0.17677834765151829, 0.7829633385615931, 0.0006889234246618808
0.1305987761408558, 0.47959713580757324, 0.0004845569274994951
0.23668126479806195, 0.5811505085049341, 0.004515540388609136
0.0896912194882249, 0.48546060125852375, 9.052272220052293e-05
0.21743059461933248, 0.670035871880851, 0.0023387331105156235
0.2610617140366393, 0.6212486165271242, 0.006082821080699828
0.18633353774455233, 0.6340583416079858, 0.0013243049013680172
0.19533315996655587, 0.4940792639069011, 0.002684027345574367
0.1625432034018296, 0.41746114451494276, 0.0016749296181690358
0.10460608200003747, 0.6226332246679707, 0.00010828089387411497
0.17758993039049847, 0.6731915561077267, 0.0009508877663956781
0.17140452210340026, 0.600764029330371, 0.001021541622884133
0.1961782353814355, 0.46277287311535004, 0.003118126531645549
0.19552651447206787, 0.46812152032808213, 0.0030029878884718624
0.1593542400349859, 0.5457227450205827, 0.0008983006843122977
0.15036446899952985, 0.5938671489329269, 0.0005875249076612595
0.2111781173986716, 0.5684385293481033, 0.0028579465618014015
0.19039897267847783, 0.5714321218766576, 0.0017929197080191668
0.16727082963073547, 0.5979949154524025, 0.0009260188824998342
0.14241990379018937, 0.6073184123178013, 0.00044242945078446964
0.10214042228032359, 0.4995585870232787, 0.00015144770472319503
0.19948053897834156, 0.43443723795189637, 0.003807800218080056
0.17659844793259044, 0.5422186463629056, 0.001430076541470427
0.15037376776819425, 0.5823872479974717, 0.0006110817896075354
0.16417804002307881, 0.5755465565724277, 0.0009208550428126003
0.16507411687303294, 0.5906216505770592, 0.0008956425015715495
0.1285681903882086, 0.4770645034092096, 0.0004570873764089665
0.24754554479218782, 0.8220752561834839, 0.002749319725408798
0.21616835366689935, 0.6205390842727545, 0.0026577426277321586
0.08956091919651066, 0.5553561695992539, 6.872967355941357e-05
0.09913711826188872, 0.5042200934930269, 0.00013036628162041677
0.22316501981058678, 0.7229307459556902, 0.0022528249213227824
0.21496051305272418, 0.5183501375119487, 0.0037161881728471524
0.20206519861769617, 0.4918434167715327, 0.003143944483854304
0.20340000374653414, 0.30889510953413846, 0.008205178643767502
0.13360452083123214, 0.3941266501852655, 0.000793062417468114
0.10711088348115863, 0.6329418289811026, 0.00011628030129531959
0.15713330470436598, 0.6715931677715385, 0.0005576139544053703
0.14335396492514715, 0.7000206554100012, 0.00034272588633550065
0.09880641447642641, 0.5826669642596116, 9.620102983337146e-05
0.26349863680759883, 0.5903402105543918, 0.007017557915889396
0.15031417646874795, 0.5866442504584534, 0.0006011958912374109
0.19253142241512872, 0.3533427769230906, 0.004924709153400567
0.15473635637457095, 0.48946078952598526, 0.000981152456352033
0.12863756479953667, 0.4506313065550212, 0.0005135012923715092
0.2179633425534846, 0.45838035968818547, 0.005051276201334605
0.08502430393210542, 0.5021016496422843, 6.689169108038174e-05
0.11688613047656668, 0.54700800418089, 0.00022863128290394894
0.17039126356607256, 0.7331990038494739, 0.0006681752550343564
0.17260998418444304, 0.5052478966815014, 0.0014895218721068862
0.17570824696259763, 0.7111706379207979, 0.0008130246319332729
0.1375777079910529, 0.5603028897372666, 0.00044640770322167985
0.22143848282232684, 0.34991304655300415, 0.009293070972195058
0.20178116020855064, 0.5379967757763008, 0.002611447242484253
0.14311778497810107, 0.6674904688822525, 0.00037422054443900167
0.21165166039743155, 0.6490207440885704, 0.0022140332176762193
0.13103953143407904, 0.6251264081981044, 0.0002894679356161649
0.1941704605165201, 0.49507184882493815, 0.002603966185276886
0.18379920750718998, 0.3803596027813976, 0.003464887342538031
0.21255975866963367, 0.49133050467928086, 0.0039367247688190795
0.18647312717287126, 0.5826412164422654, 0.0015735299283964942
0.17052220991134381, 0.6234661597658918, 0.0009272061751202078
0.1404410543423815, 0.6593089613825511, 0.00035298958928992806
0.13889830918616278, 0.7332625283489912, 0.00027184010743248123
0.2487612169444386, 0.43501923816812055, 0.010032120271018307
0.1846998735649222, 0.4826800833941761, 0.0021983668713843247
0.15087372135272306, 0.567932307954637, 0.0006520375364987517
0.16549625812366744, 0.5125257229408258, 0.001202825288018519
0.22351574883204411, 0.37229447169152474, 0.008553591176351712
0.17197681211283491, 0.5715023717941181, 0.0011455059722311196
0.20169070891075164, 0.6124716807485155, 0.002010998739652512
0.12965251962740398, 0.5540877336384712, 0.0003515969138055484
0.14196768850417887, 0.48836947605090475, 0.000674687591351133
0.2061863554516943, 0.8334985455816417, 0.0011964646223721852
0.1723773708910014, 0.4604154302089488, 0.001783114650517904
0.16284146425996404, 0.676214012057215, 0.0006435222402215325
0.13097151606857277, 0.4642565785562895, 0.0005236341051258172
0.18184917943041212, 0.7450267155085256, 0.0008616921288230156
0.2435249089092973, 0.4261657767689206, 0.009519182862902287
0.11144550460800112, 0.5869613851199427, 0.0001609985917016954
0.19793605693022745, 0.5702329514424128, 0.0021358507478413387
0.18956981605498588, 0.5308366170118247, 0.002038114513955702
0.1045560796677582, 0.41097594700762047, 0.0002480104428040228
0.14694934489378988, 0.2654313402614659, 0.002658270526649347
0.20475292770567674, 0.5218268401654919, 0.002960230984394815
0.15073448258798924, 0.6192758372560665, 0.0005461766516911639
0.16813812652976062, 0.45978385170222974, 0.0016024694785363093
0.1512386305150827, 0.44466578238967724, 0.0010750149739370738
0.2283789145853031, 0.648165307527852, 0.003102278285306553
0.1466643478041721, 0.4495601679064577, 0.0009187942974771573
0.22278682167866665, 0.48871320284851005, 0.004892958628547036
0.2627841981551596, 0.5577992437545546, 0.007766882578893657
0.20166277658146442, 0.7341944567677007, 0.00139861107031409
0.1624444826246202, 0.6087976043312249, 0.0007854560237055557
0.11634024400510845, 0.5314341874112202, 0.0002372896456870588
0.17740158571853737, 0.5804870899386951, 0.0012728984427034333
0.17935726108645114, 0.46044304392874935, 0.002123134478373842
0.1912724210133612, 0.6372632920368633, 0.001470951838360207
0.1537662771298202, 0.42588573314898265, 0.0012605746004066623
0.16351633783767, 0.49354795745862445, 0.0012302014878104203
0.150676162773379, 0.42318936541529845, 0.0011675955556280536
0.17020374268054395, 0.6418014266277322, 0.0008678179044748571
0.18911731642596719, 0.6246149190918913, 0.0014566623513528173
0.1581426463106569, 0.552791149135299, 0.000846563117861556
0.19817336002473915, 0.3211406437538317, 0.006769779923958363
0.17949695269291277, 0.5238321430670733, 0.0016460111069863121
0.22172122326922644, 0.5807691976649152, 0.003392428619228411
0.17714682469025667, 0.37083181611084953, 0.0030994080617864402
0.1574444702106111, 0.7255909584712396, 0.00048188430843418745
0.19620908291101918, 0.4504778125066736, 0.003292935020599402
0.18894124701747655, 0.5617807208499631, 0.001793370640264497
0.16592681682331745, 0.5978327745204989, 0.0008942097806318447
0.12127859115231931, 0.5389434329492484, 0.00027703188606647693
0.17600661490282815, 0.6711351014037238, 0.0009197579432036583
0.1431552909762453, 0.49197503936973935, 0.0006896557104982192
0.2012803804096745, 0.605772304817502, 0.002037386504594319
0.14152030168180182, 0.40945863536052196, 0.0009465603505145642
0.17969408106149315, 0.49941673273661735, 0.001819651904269446
0.19148565800693346, 0.7511021190426646, 0.0010640632138235533
0.17842691792853194, 0.6393379894543839, 0.0010762930095385296
0.1011131284186307, 0.6801385505640593, 7.814916162706225e-05
0.1417705153213839, 0.6978796685659897, 0.00032838464671241824
0.1603189090660786, 0.4604037958570735, 0.0012960477463637885
0.13909706140812342, 0.44232007586423006, 0.0007517814349230784
0.18236413428987439, 0.6063158811269979, 0.0013173509791091329
0.23308642506952923, 0.5209531275309068, 0.005253434407190875
0.15146812711480503, 0.6864276403220515, 0.00045414014606493495
0.1177676357653504, 0.5423918085954954, 0.0002403553877615415
0.18253970619014315, 0.7014673664618747, 0.0009883784809027174
0.18122206347420033, 0.4707725442774558, 0.0021255550486513402
0.1668609741381548, 0.33256670546139255, 0.002961893027412631
0.11472423729636452, 0.6370345754643194, 0.00015528255778941022
0.19273868832442956, 0.7879115748658784, 0.0009951168772427983
0.13420728603223828, 0.5119269850182188, 0.0004794735616886736
0.16167370913477358, 0.47937986241090763, 0.0012405654829013143
0.14426758041686039, 0.6687278488089217, 0.00038619759916543473
0.17053842476376424, 0.5492967895240385, 0.0011950048370289103
0.21788903991175723, 0.6441981226472527, 0.002553657698937697
0.1741920833541419, 0.5279172772810924, 0.0014202315791382056
0.11622005301410311, 0.4843673506233139, 0.0002843497684997692
0.12190244758218413, 0.5765313068906618, 0.00024761376218440065
0.17298918698449658, 0.6049669291780453, 0.0010490254914115734
0.21012219181084849, 0.8318284645326057, 0.0013054937601284042
0.24121387239704056, 0.5577316098065341, 0.005329487088409374
0.1253999561927197, 0.5474705680356999, 0.0003109945920893769
0.13348296409536894, 0.6308131810953473, 0.00030834583223091853
0.11870526462915178, 0.6110114750913124, 0.00019612595813852749
0.24592938752944504, 0.8062643799214271, 0.002777006103657828
0.19377832709264636, 0.415110122941554, 0.003670981015659667
0.14839844807172164, 0.6713065654029963, 0.00043392361730516387
0.16923839214124398, 0.32699185706423095, 0.003260522041447133
0.14641146152218754, 0.6499694916306121, 0.0004362247343378453
0.12903831039305869, 0.6785873746678076, 0.00022957071412726507
0.16917004140249894, 0.45902316735208315, 0.0016516571091520693
0.19411056379916447, 0.5014174027355636, 0.0025350319869089214
0.11963966470759761, 0.46185423985318597, 0.000355309526040508
0.16163425931177267, 0.46909621804194945, 0.0012941632721449384
0.1129643761110502, 0.40304188672478125, 0.00036241667066463007
0.171674458168068, 0.5290372901226266, 0.0013264727801177059
0.22917301816746832, 0.5202722380227616, 0.004889043750133252
0.22639033284045507, 0.5791720589604048, 0.003738740790144079
0.10721068354005775, 0.46749532675235506, 0.00021402220547601808
0.19225860913106604, 0.3780006629864414, 0.004276399568137418
0.15566513614110944, 0.5038775257134006, 0.0009505126180509015
0.06770455319372315, 0.4753256442235188, 2.739694022495415e-05
0.2104055823359633, 0.6006580222587696, 0.002518623602419517
0.12699567498758263, 0.500052501964725, 0.0003940995900474103
0.18475363284875967, 0.6826901122111557, 0.001100342311905873
0.22193365779181756, 0.4527123787893037, 0.005606645664971017
0.15365113418204637, 0.5169452429488595, 0.0008527744899594082
0.13085518808235005, 0.4477622731743553, 0.0005607264751547019
0.1781196646009841, 0.556529413806242, 0.0014096843356957284
0.1209897566178518, 0.6015506188931017, 0.00022004697105362483
0.1429772630885994, 0.4972578673973196, 0.0006713937288783684
0.09740718621356349, 0.749860431719787, 5.4551338829887555e-05
0.24467458647392584, 0.5259312649223042, 0.006381149451706735
0.18587208759146628, 0.561089439683695, 0.0016728002499426383
0.18828758830197903, 0.6043017667307053, 0.0015264184874609428
0.15461494613014468, 0.5652002930869647, 0.0007332762578955796
0.11066070233758576, 0.759986836806329, 9.309466951696727e-05
0.21108571855187735, 0.37717815556006895, 0.006478758289073236
0.24319840227995354, 0.49097909689141894, 0.0071296309235936006
0.19019738235165004, 0.4885681377322505, 0.0024412686376756388
0.2308132120991248, 0.7260408564764234, 0.002590542380952438
0.18866253477162478, 0.49623886181309684, 0.002283501385432373
0.18435045211123674, 0.6144851460405958, 0.0013451714144221897
0.17535374903397458, 0.5466886993719606, 0.0013636783568781946
0.18301338466283457, 0.4691136519968738, 0.002235292219809189
0.15686992672362193, 0.70598142739094, 0.0005009034204648853
0.08406620107223205, 0.5254385307466911, 5.811072869627864e-05
0.22827640138165206, 0.5143510495289123, 0.0049167158928338185
0.21129713733897734, 0.5691041199018022, 0.002858342957172913
0.17654355817771028, 0.7690311726600485, 0.0007099475427051319
0.1399863778999545, 0.44521964009934156, 0.0007631232494447796
0.2042218752303889, 0.6674502029098708, 0.0017888671995150809
0.17063438328176134, 0.39734220971902756, 0.0022894401732131246
0.14851296972526914, 0.5309106374489545, 0.0006961235495733406
0.184501614494338, 0.47376272035107253, 0.002271145098509733
0.16185123112204391, 0.5426532875647923, 0.0009728176734626409
0.22915890196033678, 0.6536362908863658, 0.0030966719970174318
0.20902985626646514, 0.5719508350805991, 0.002698765295430449
0.17454492133513166, 0.5081527784917311, 0.0015465680787053006
0.20542888050877342, 0.5089053159748977, 0.0031579301505004734
0.16956304779959702, 0.3238045828551552, 0.0033531830118289185
0.16264545069634492, 0.6151560464143858, 0.0007734989921664036
0.15488114704924694, 0.618609233526912, 0.000616774981408527
0.16620667777136292, 0.4131144346547192, 0.0018865938716842896
0.21032309840649568, 0.5367084618599163, 0.0031491379424269284
0.20551624141056973, 0.5135525162814516, 0.0031068424359983614
0.1235276156493384, 0.6361544841787518, 0.00021557707233344425
0.1860489406687002, 0.6459911417286595, 0.0012672796429681573
0.10688673753604738, 0.49029610293291376, 0.00019200557059090908
0.1807261842904788, 0.7265798098648931, 0.0008816414397083871
0.14534485261100505, 0.5197105709161361, 0.0006606953981059696
0.09004101766999817, 0.5940779551899701, 6.149173692167632e-05
0.23623235938187054, 0.37426326930846376, 0.010797041936844215
0.17769271741406356, 0.6826277581013733, 0.0009271379881873618
0.2042297040114982, 0.49925404193676215, 0.0031977603467325155
0.09751507612194764, 0.6064915805909462, 8.379770152657937e-05
0.076933336682998, 0.4021154398131164, 6.716894107762119e-05
0.16354269351061515, 0.5338192191371545, 0.0010523362456296723
0.14308663935593524, 0.5075862076332652, 0.0006465204098516387
0.14706654728314333, 0.5810701878176209, 0.0005566341577590577
0.211060434064329, 0.5553508327328606, 0.002986902737737596
0.20427429656088092, 0.5714919214511618, 0.0024427897546246925
0.12848245903863517, 0.436966139468598, 0.0005432293467013098
0.1550964335576988, 0.5549643881119898, 0.0007710519431701915
0.1380351055153044, 0.5764628735195173, 0.0004279344397455019
0.12378624183666188, 0.46476918097342346, 0.00040761458543514615
0.1047271770927444, 0.6116505496625807, 0.00011277699144135594
0.15180831586475813, 0.3141222777663536, 0.0021901249632776732
0.20004849368738986, 0.5651849187801739, 0.0022781379789816683
0.196017649544375, 0.49519502890913497, 0.002713389401988948
0.16345906970773483, 0.7850009179517241, 0.0004855402847294234
0.16212646421554103, 0.6266850496785914, 0.0007348935550588985
0.1850418015165775, 0.7592058089430166, 0.0008958477007415468
0.23543044866905583, 0.7058156054975663, 0.0029907420547497037
0.14729420946612548, 0.5546969760671934, 0.0006149945477691108
0.1488812078064065, 0.5317404684487089, 0.0007015553749063311
0.11075092285867108, 0.425486161418312, 0.000298073505088908
0.18609576462147562, 0.5902941172818061, 0.0015193909619634503
0.15446895004223019, 0.7273339571978046, 0.0004409602327365638
0.2360203520895099, 0.531749484852692, 0.0053275721329654946
0.13449803955523515, 0.43954974652198303, 0.0006565987132203508
0.21989240595495252, 0.6793645432474653, 0.002390480252829551
0.15064418674894442, 0.32660432931818295, 0.00195844997323169
0.14283584748831754, 0.4789462870768227, 0.0007205697488970882
0.2122112328830996, 0.505578320475638, 0.003691219171066338
0.13781241151536108, 0.5476881283148979, 0.00047072569433312
0.23446953037778553, 0.5535382047177648, 0.004775852607576643
0.18927087943774543, 0.33997296221190487, 0.004934530739535183
0.21703364263494535, 0.38975335858083715, 0.006856543357017615
0.10991186119508825, 0.5999346681926326, 0.00014499534246062198
0.14933826174121578, 0.5909280929078772, 0.0005757705238673493
0.2203517028108704, 0.5047463336900547, 0.004370506386501845
0.18713768696958027, 0.3699616243274024, 0.003964259485198519
0.21209830361735355, 0.48596041010092683, 0.003985912634308157
0.1730403282057978, 0.48484252954570317, 0.0016353575979048544
0.09907876103939882, 0.5348183668430327, 0.00011557602820008122
0.194879877170092, 0.6036064855380663, 0.001780052822100277
0.12616224382919153, 0.5316350185243812, 0.0003387100762988235
0.18857155779190535, 0.4854789454568096, 0.002380785824314138
0.17581727856496218, 0.5120416580168521, 0.0015726284996974446
0.15377528377496627, 0.4773126198169733, 0.0010038315160992516
0.19067770501794262, 0.5314773133561803, 0.0020860084640543764
0.1651492992974411, 0.5646997045726636, 0.0009817217474579003
0.16199830142819915, 0.5179192739811231, 0.0010722295666620318
0.18911024909777957, 0.3858848941951287, 0.0038158969195274213
0.17207571949731443, 0.54825351962195, 0.00124786974294325
0.1433977674478765, 0.541289149271845, 0.0005739760484429288
0.16441104106143356, 0.4693379152371535, 0.0013934485126982068
0.19448547548029677, 0.5632372141007215, 0.002026220826171284
0.15360607134111065, 0.6065829661978854, 0.0006185607452962257
0.23303320641350544, 0.7022750485216926, 0.0028879507861153497
0.13440621189565616, 0.5575890066321555, 0.00040680154405344843
0.27756187004907357, 0.4607004479971803, 0.01448477552847491
0.17741145874472297, 0.6923502114650053, 0.0008950217161379687
0.1897485847139731, 0.6977032037076183, 0.0011847045653053442
0.12225488685502803, 0.5147804064243601, 0.0003145526031941385
0.14897687290549816, 0.49504967986848125, 0.0008116920393393285
0.17561976853472708, 0.7163350472664747, 0.0007995699415354621
0.14625695006075676, 0.5657457635830418, 0.0005731072888835935
0.17851249511502656, 0.6477670591313027, 0.0010506791357358769
0.12012379833232055, 0.5085917032892543, 0.00029826012942490055
0.14710574791009126, 0.5129731114180506, 0.0007150676340992072
0.12903782860105042, 0.6049963431193596, 0.0002888121115050902
0.09937783917146016, 0.45406262491512783, 0.00016248317752959722
0.20181229475238982, 0.5089097743789819, 0.0029204773582417786
0.2066855479792411, 0.47900554130925344, 0.0036614179711030605
0.20917635196489948, 0.37453847456875533, 0.006312892512374996
0.21380916995532523, 0.5508413282445648, 0.003213872951083772
0.20780158907636148, 0.5815060983360388, 0.0025439721519957188
0.22848289433207494, 0.59054719216601, 0.0037446645754092628
0.1479828975369946, 0.5692372094427494, 0.0005960875517651468
0.14359016479977355, 0.42874154873516485, 0.0009202872509904575
0.21834873579514597, 0.615609300581704, 0.00282239992484895
0.15033516735952177, 0.6729262016443045, 0.00045719091887261814
0.15380338499936355, 0.5599330414375037, 0.0007300349264011529
0.18999191140909466, 0.3843385193100226, 0.003926201317855525
0.218020577593209, 0.5259236479216239, 0.0038415760638068285
0.16284493000087907, 0.6579406949190032, 0.000679828023338854
0.18472818844264946, 0.5474993597482016, 0.001709797270856218
0.14226106980202946, 0.3201842169185444, 0.0015839620277664226
0.20706132686523104, 0.6673331512705772, 0.0019015864101552913
0.2047806558947498, 0.6432148353104389, 0.0019495082731271838
0.19634618076197424, 0.3461370333246928, 0.005594594036241374
0.11926916231521606, 0.5439360259606428, 0.0002526935710207043
0.22840689761825397, 0.6846613073470513, 0.002781857456713482
0.19299372298811263, 0.39407161244237077, 0.0040013413773739145
0.12253497065854663, 0.6376957832986047, 0.00020705371709884394
0.17500819153935948, 0.5703037421719314, 0.001242253741165198
0.12831529757588123, 0.4115283462449437, 0.0006089638372248745
0.15170591556954288, 0.6127358855019681, 0.0005738922168887923
0.1685391042612226, 0.6309132253658873, 0.000860022142337771
0.17468985836545237, 0.545120303473885, 0.0013488356286202705
0.17263443831805797, 0.5201920371481118, 0.0014060449861972406
0.08810228514884201, 0.6820348562679626, 4.239321149140455e-05
0.17317921127521008, 0.7353611860661343, 0.0007134208920837878
0.17399801693923786, 0.726326764379869, 0.0007466150080543114
0.17426186098937635, 0.6684518089747365, 0.0008873930458872551
0.17407017241771647, 0.5203161272356801, 0.0014575333633923477
0.18017664509537157, 0.510659847888184, 0.0017610669092690725
0.127829193526928, 0.4292163449148244, 0.0005505358550537267
0.18029904033991204, 0.4004802104583344, 0.002871936298899918
0.20643999259030085, 0.7244205788727376, 0.0015924918277271747
0.22584738532653617, 0.4877257457908563, 0.005216759661576427
0.14291905996784304, 0.5443037936236156, 0.0005593451016175165
0.1982048948522025, 0.5070617178226787, 0.0027173620313991993
0.15682281855960725, 0.4862051383023942, 0.001054696563995284
0.154493778177734, 0.6790432667646421, 0.0005062667166091933
0.12503388683759947, 0.5168504121453324, 0.00034447537690872543
0.1416408356747112, 0.5171324417265415, 0.000595650682460419
0.15380609599258868, 0.5590234840416284, 0.0007324692657147239
0.19598708400224826, 0.4983362763530519, 0.002677451898547629
0.11124406968479142, 0.3961430671015015, 0.0003506549700337568
0.2510569227671763, 0.6147765364474559, 0.005230329088325999
0.11028065295789091, 0.5247917341581757, 0.00019230428969578978
0.21284572489148817, 0.7248458546430877, 0.001819534426249264
0.14451165988526998, 0.5270336086761125, 0.0006264147696110063
0.18209329564508936, 0.5079886219724262, 0.001864452545714055
0.09254111816753624, 0.5517544499347705, 8.041685349293422e-05
0.2355895375760683, 0.7252714060548194, 0.0028408688485096006
0.14308901292790027, 0.517340626351989, 0.0006224154927577459
0.11457327846344442, 0.572424023378605, 0.00019120396377361257
0.20393284834151168, 0.6328938781854624, 0.001977186888226131
0.1918303706055912, 0.33423473310229046, 0.005416255570043091
0.1604731122360659, 0.4817795197518989, 0.0011886096185811585
0.13102120948785953, 0.6547093784225376, 0.0002637374673986631
0.11095918195995547, 0.5059263593321733, 0.00021257371684031123
0.14886540972423407, 0.5698722683754139, 0.0006105251476080247
0.21761273411484364, 0.4785873932080299, 0.004601022241110891
0.17279825307228772, 0.6045783968364705, 0.0010452827352327692
0.1948581425839123, 0.5171365498948846, 0.00242391332994811
0.0954423436036554, 0.46474936714587056, 0.00012983419837566112
0.1519966564096469, 0.4346878485576949, 0.0011499544792392552
0.19375476542579562, 0.5755122066040823, 0.0019088304166518118
0.16716209050570677, 0.4490549531942023, 0.0016374694540743173
0.20254876788798726, 0.4904963843314474, 0.0031946592456116164
0.10441943601245689, 0.5381680975699696, 0.00014380298743613354
0.10517084196202224, 0.5272114659299447, 0.00015464495150703178
0.10511474076194376, 0.47006872218536827, 0.00019407211167726796
0.21115521292862122, 0.5490682937391608, 0.0030616893173186417
0.1283834877737948, 0.5543907458772533, 0.00033633673215770584
0.14102091024409483, 0.3737516207900326, 0.0011185288429439756
0.1227230310750122, 0.5818621849557871, 0.0002503804133814667
0.18880732882477297, 0.5604131164664471, 0.001796520783140856
0.18773915177279155, 0.5335486068693799, 0.0019331219959897148
0.1265656224459129, 0.43863949485780723, 0.0005045913166788717
0.15750435856609715, 0.6779774262035237, 0.0005528696697287989
0.10922677523264099, 0.6394126337874473, 0.00012417997369349113
0.14172357514029965, 0.6333839853217453, 0.0003980860671255495
0.17014812548998962, 0.8749447002224442, 0.0004662772542704703
0.13845187644213877, 0.5909016443880148, 0.0004127151610681019
0.11528204172379763, 0.5794018688772702, 0.0001917597326894404
0.19047644874456435, 0.5478996259375336, 0.0019537344986483665
0.23317198259293864, 0.5581798587627799, 0.004583461439166423
0.19926227317694822, 0.44607187127297154, 0.0035944014012652373
0.1650617329579839, 0.5923918585359832, 0.0008900038726503361
0.25520718282918253, 0.5385066076958234, 0.007326769943346793
0.17979352778213276, 0.4499253523054325, 0.002247453958804474
0.12705420326317543, 0.47085670604647273, 0.000445389670167472
0.21735677547650945, 0.5665696291331186, 0.0032660386483585723
0.176505140677751, 0.6075295622382917, 0.0011364843098072115
0.13714439317457644, 0.4844218224248794, 0.0005889819023354776
0.1682039930207522, 0.46340001823250887, 0.0015802781309024242
0.12135123181818266, 0.5334935365540143, 0.00028346667202950855
0.15815291435068354, 0.5258760803902874, 0.0009357045456702666
0.182195518287321, 0.63235406873889, 0.001206177152641114
0.2133301914564037, 0.6249020845292459, 0.0024727042318619676
0.09638993782846306, 0.48640985149373894, 0.00012379430133342033
0.1691937867730265, 0.5330759466076452, 0.0012254035387617526
0.12286160227438868, 0.6014628551498564, 0.00023549378122727054
0.21974339378888538, 0.6130758769954635, 0.002926625029453097
0.16654048016412407, 0.49963378781652046, 0.0013012162315888798
0.18848690485329242, 0.5399850273822107, 0.0019206121244178783
0.12423178858819986, 0.6073708947571282, 0.00024248338747749813
0.15498132485727414, 0.6069226119117854, 0.0006425818950501377
0.20132970659805957, 0.506167589314175, 0.002921270799102825
0.15730063006229805, 0.3426912822465066, 0.0021516608491251575
0.18653016065113995, 0.6865080161125242, 0.0011349338636286906
0.10593572632508554, 0.6286572945982793, 0.00011228577798201864
0.18239786508176437, 0.5247759864677192, 0.0017599684920935497
0.2104409798369393, 0.7468738281253233, 0.0016302146882557894
0.23738443626464895, 0.6468757269824066, 0.003692445128876505
0.1775585564947423, 0.591392333681425, 0.0012311687435228957
0.18896707628893583, 0.5234471352790305, 0.00206689909288354
0.18168258812087038, 0.5947227426483067, 0.0013468379925131084
0.15129700067849444, 0.41939999458908217, 0.0012104934895883104
0.20378450863426173, 0.5750926816038313, 0.0023869501440873073
0.11313710658543803, 0.6371657623103645, 0.00014599007532204835
0.18839993854453974, 0.5608557131506385, 0.001776719752734215
0.08122961905841641, 0.6024232227425058, 3.8010704560244874e-05
0.19991220589608008, 0.5641731180105972, 0.00227947109407652
0.12047599613097851, 0.39354543528796526, 0.0005045897823929195
0.19117576011846807, 0.4937568660403881, 0.002444803925204791
0.156482815638079, 0.5881240216465536, 0.0007139722441626549
0.16347254219579357, 0.5163776308425114, 0.0011225049074316035
0.19218367961456495, 0.6172632089648457, 0.0016009498632253904
0.1359141770090322, 0.6068969146123251, 0.00036066249328446057
0.16522320060903342, 0.6250524386217478, 0.0008028705443998772
0.2198584437309069, 0.39738742004009886, 0.006981801954983204
0.1027707917503476, 0.7171350045640625, 7.550761350754046e-05
0.1878676187863763, 0.6206121811555071, 0.0014330911081430696
0.16685585903704409, 0.4893677483023966, 0.0013677213895196298
0.21600748776115955, 0.663139818541832, 0.0023196284734396523
0.19898031319573276, 0.5736374417306647, 0.002160008205666234
0.16679064566320406, 0.47716908448913764, 0.0014360737246944116
0.1454952379869802, 0.5315953885060266, 0.000634363396901955
0.125605411488249, 0.5352829612115078, 0.00032766933594072744
0.15908349607388408, 0.6321975329083465, 0.0006643712963538526
0.1309407983912774, 0.6120759176388708, 0.00030094369212561514
0.12532667679146087, 0.8083771840973553, 0.00014227523368831553
0.17356874300388636, 0.6569622843841914, 0.0009027337966638988
0.21460747282201714, 0.645287624536526, 0.002380655327221078
0.11966354149926521, 0.5810138109669373, 0.00022471141446539977
0.16506874721329345, 0.6406088260945842, 0.000761211646311603
0.21322246199705536, 0.5496110007391154, 0.0031894812965806096
0.19293652369018016, 0.62845798148917, 0.0015712199368477391
0.18523420081721284, 0.6040022819328665, 0.0014218766178146014
0.20713719884681614, 0.5951779300199305, 0.002394461701471676
0.18077406018638276, 0.5913701000708064, 0.001332435105164693
0.1700504869093682, 0.47288941907751436, 0.001592169773015265
0.14648206222743104, 0.8434920355365836, 0.00025957059033241304
0.16398518586878497, 0.608005874374812, 0.0008209007618911619
0.19664401776997395, 0.5742381978268616, 0.002046336226593598
0.15302289118251355, 0.5986208142677921, 0.0006245834099087253
0.13254605385553947, 0.46771537599060686, 0.0005437716145892618
0.23311768285246326, 0.6787160802562361, 0.003096852902886822
0.2782748802229833, 0.5502292138458068, 0.010269852986956521
0.10625864754140908, 0.527516364772253, 0.00016162065866459193
0.18446699238096287, 0.6933687874672377, 0.0010594475384304652
0.024340370925615584, 0.36945718597915744, 5.031266323214121e-07
0.206487915668684, 0.4923417851730626, 0.0034511904261354657
0.12275452027355974, 0.6024676058966736, 0.00023381020762956245
0.2737725337873736, 0.6573599944002215, 0.006696915334315497
0.1982943342871904, 0.46152901309440714, 0.0032864969024015366
0.17773739780361053, 0.47736125191396994, 0.001898009433149245
0.18756416660329345, 0.7296463566148214, 0.001029438712840708
0.16038516421881666, 0.5040935336320416, 0.001083093860462723
0.15607898366607603, 0.5134116537175044, 0.0009262963174800853
0.17932027940659495, 0.6464611840142125, 0.0010760944234476724
0.1421397177403674, 0.6473918156678747, 0.0003859930293778875
0.24590088094788282, 0.5992760986722283, 0.005024077798000704
0.10419977533267512, 0.4551767873847446, 0.00019916798421871595
0.16757915975823104, 0.48129758833833525, 0.0014411412976504576
0.2479721066750339, 0.6690829221297554, 0.004181946440767981
0.25248741044914, 0.4821405700111426, 0.008719133896939303
0.17474032990449437, 0.5105335023781211, 0.001539739564496171
0.15568145282941864, 0.47672813552872034, 0.0010623474577207553
0.22225619291514653, 0.6857217533464419, 0.0024593881453823523
0.1898337779792459, 0.42955520786686774, 0.00313163602089102
0.1258157010966745, 0.7888476803529151, 0.00015198925854503642
0.15858463441672244, 0.6487316375335777, 0.0006222782249055679
0.1491939925693839, 0.5621733453614517, 0.0006334776192750051
0.2209800049874574, 0.5585940660753148, 0.0036134859389176347
0.1727099488120061, 0.28272156752060207, 0.004769187324085575
0.24868250440614253, 0.4485119064696287, 0.009424470651806866
0.22657393154845296, 0.6977217492045744, 0.0025853843421019093
0.16400910004197736, 0.8166448554663959, 0.00045532175005198744
0.20729335306840907, 0.46131303478118485, 0.003998988005522223
0.19361543077592963, 0.6483548722993173, 0.0014992573728754976
0.08511368546110393, 0.7160760375281039, 3.304037425208514e-05
0.15797744440147343, 0.5627305575893639, 0.0008131735961107065
0.16015975796111817, 0.40096894592507626, 0.001701294101041706
0.2031033679171489, 0.6949503928359411, 0.001610696213984903
0.14040349903202304, 0.5779759738866274, 0.0004587850135965227
0.1554482524508165, 0.5975410957379439, 0.0006717505840912279
0.17313761445482043, 0.8375930369169571, 0.0005493157733212398
0.1491119347575491, 0.4669201036723453, 0.0009160840757482156
0.166144140439352, 0.5158380124647933, 0.0012080178198987759
0.10716197536805756, 0.7526438950163772, 8.240734781561348e-05
0.09155257320306828, 0.5556268999558174, 7.563970271841991e-05
0.17450912446275255, 0.5551654441899154, 0.0012945560520846093
0.13540347187543927, 0.663048866176421, 0.00029719804248747847
0.17048031356017468, 0.6299620515497572, 0.0009072014923332964
0.1782725083261885, 0.5322677837099237, 0.0015469518150259315
0.11440401382805848, 0.5563234166362956, 0.0002011188457917248
0.17811175467787432, 0.48343513712696756, 0.0018678277921211543
0.22418404112551835, 0.5443794009685601, 0.004053434705473358
0.1752158584953993, 0.6685202125185844, 0.0009087822162689656
0.1837107637116042, 0.5442944044736827, 0.0016884585719081436
0.15816689638269127, 0.6540574986159176, 0.000605121588457829
0.1768154229926082, 0.48243213108955507, 0.0018162769938141808
0.1620413812169128, 0.6886655883458522, 0.0006071601398666794
0.07672492675971167, 0.5074836391013551, 4.1671806642930986e-05
0.17487972708926705, 0.6979563787113969, 0.0008267286532905165
0.15931164530138273, 0.4876526486977629, 0.001123657158182471
0.2010927002159687, 0.4628111337571098, 0.0034761783151893836
0.16458460371652398, 0.5649751968954002, 0.0009660945668376922
0.12414738355054264, 0.6305833268937658, 0.00022428810565533838
0.1443559309709951, 0.6508847870566725, 0.000408761548217587
0.17887903269324992, 0.7275851867965817, 0.0008403490744336452
0.1034993587314694, 0.5820551107942914, 0.00011823971729204276
0.16608181817369874, 0.6684834538923732, 0.0007181278529971594
0.16606997851022035, 0.41474118710369307, 0.0018650588236874628
0.19719593461490525, 0.48483645697061273, 0.0029062058419579997
0.19877967655444775, 0.5205742958911423, 0.0026111821399658268
0.21195353052896096, 0.4742189323562899, 0.004173178895871791
0.17787005621847807, 0.45173658371912007, 0.0021264142648597753
0.19389971520788526, 0.5573020970611687, 0.0020423214369993236
0.2045416516751262, 0.5662075847670515, 0.002502962075165267
0.19001003491300952, 0.46572262215988214, 0.002675025924243464
0.15860194669622063, 0.4814603379545025, 0.0011303223738378038
0.2442914152037399, 0.5479711575039607, 0.005837764901045443
0.25200661078987385, 0.4847545783461484, 0.00855331695877055
0.17487717447768486, 0.3421303751421216, 0.0034403956649217524
0.19935626993236089, 0.5863180857926995, 0.0020848310755212113
0.18176840982046197, 0.5957930078917192, 0.0013447950054027587
0.14652715416823872, 0.5249985049915348, 0.0006709489370379794
0.21529727630964643, 0.4984093467201304, 0.00404727857378795
0.19935765415618384, 0.4847851561562512, 0.00304966471250908
0.2043229795488502, 0.46254688280952233, 0.0037329323341327683
0.1472369840744591, 0.5629299174983565, 0.0005961172011460261
0.20491218206469297, 0.4442877928699967, 0.00409765470218565
0.11130509785172561, 0.6069732309537703, 0.00014972456725051886
0.1162285872386658, 0.5196410835771794, 0.0002471359681465747
0.17289833240258462, 0.475760841239886, 0.00169226374513013
0.1388826744758364, 0.46060178521652106, 0.0006885986650740141
0.1660834592274999, 0.23945739572227537, 0.00559687319462351
0.17144666181839807, 0.5251714206912871, 0.0013382322023897503
0.11743503949709472, 0.6233367549488642, 0.00017973402398024983
0.21194546611410167, 0.4315452307743078, 0.005038478728355893
0.1794710914697792, 0.6241050496966692, 0.0011588475896009641
0.16803275291075997, 0.4926253151037286, 0.0013920851256642858
0.15973980045787606, 0.4495019603510927, 0.0013381984493357733
0.14133672648992585, 0.5713734364979334, 0.0004833346494928524
0.20388838642117965, 0.512996594216908, 0.0030065185269511838
0.20279709183216893, 0.47952507756751306, 0.0033605845692325164
0.16160427238868277, 0.6749650156302921, 0.0006245911962508237
0.1390818371269344, 0.6216161978408917, 0.0003804618311595158
0.26794371756274216, 0.5633454832256335, 0.008294839937565116
0.11399521250293504, 0.4367533417961225, 0.0003212140393633997
0.16878649833454182, 0.4663421754793332, 0.0015843181704598328
0.08765896549134099, 0.5703096281352301, 5.9299139393083355e-05
0.18553921541216448, 0.5779495350760385, 0.001564239358201522
0.23980349183956617, 0.6086782767114176, 0.004360682873391058
0.29001219360105607, 0.5755072284218232, 0.011258897564520474
0.18190843912096077, 0.5960351119676095, 0.001348263373226812
0.11639043869199873, 0.5333167361483068, 0.00023606500699877215
0.2225248233805161, 0.4634163156299898, 0.005413629163270244
0.1872370012821992, 0.5976553887745242, 0.001522606209474843
0.16836768853846437, 0.506953667079817, 0.0013260742985391788
0.21192121268103192, 0.2520888314414524, 0.014757954973542334
0.16218966314588984, 0.4480759631305654, 0.0014400068537669302
0.21969936847244917, 0.6588565550625137, 0.0025318088427221026
0.25671871051099926, 0.483029009392893, 0.009346146163308252
0.20890155219649514, 0.39571466191042737, 0.005622700458730263
0.22048876856772814, 0.5533735917465873, 0.003646107877988782
0.14316014142309821, 0.717600577889354, 0.00032420347086984405
0.20054527241568207, 0.5499224945210683, 0.002432750738230722
0.24483808679582736, 0.48538549351466087, 0.0075138031231971655
0.12388872625531414, 0.5643134740487001, 0.0002775012371157642
0.2733296472839586, 0.5391105286463185, 0.009886257775298219
0.1558663877784278, 0.5437992857705077, 0.0008207284769726888
0.09086180964330087, 0.5656778926826239, 7.058388617958467e-05
0.08732204894135032, 0.6408808254953723, 4.616964954022596e-05
0.19137765383030872, 0.6481452549264255, 0.0014254191862598607
0.12460670918756009, 0.6645617965054234, 0.0002052472898716315
0.18684652710408792, 0.4714754451517071, 0.002424274933446082
0.15278921279582874, 0.36800018610629415, 0.0016416390382630066
0.18114477730023343, 0.5733407438859254, 0.0014303880767864373
0.1136528163911579, 0.6448514736092313, 0.00014541171412447122
0.13871242516691396, 0.6322244927272084, 0.0003635221420051821
0.15637279148825334, 0.34599763468134737, 0.002056500735420028
0.08556730399313427, 0.4826555945864467, 7.444674982926592e-05
0.20633833849599986, 0.42974231148651426, 0.004515453292941642
0.15002616611042274, 0.49961007105306277, 0.0008219367096242051
0.14417228376686905, 0.5689158790191549, 0.0005320465226832601
0.11783580012643477, 0.5230041128103062, 0.00025916455916172884
0.09095888866962579, 0.3803605704540175, 0.00015685326285035147
0.16345450213273938, 0.3758398152541508, 0.002117905745842779
0.20367805357915308, 0.6707155009144454, 0.0017508294732605809
0.172174735344284, 0.7193871852906257, 0.0007266176927488285
0.14416080021710823, 0.6201035995158755, 0.0004476772279607169
0.14897858104555575, 0.3730456089666075, 0.001429509019021983
0.2083559858480965, 0.49668983738813405, 0.0035281063571498796
0.17648014271502957, 0.3578352389700611, 0.003273869824918621
0.14761780910755196, 0.5443976195266692, 0.0006446796861496242
0.22552772461450102, 0.5683798593859157, 0.003817405237029894
0.16620313063552836, 0.6293675600532385, 0.0008127737503637502
0.1418351218437208, 0.5603340214678351, 0.0005104116421471314
0.21134650069567554, 0.3746053192568799, 0.006603836130616659
0.19987432023810403, 0.47903936470805836, 0.0031590339302666804
0.1318154903865185, 0.4789803527601563, 0.0005060377040600134
0.16484487610276483, 0.48021947596134584, 0.0013465371782940103
0.10276003676507943, 0.40628995196503337, 0.00023513671021735354
0.1249373765872803, 0.6493398979267506, 0.00021750447824038022
0.14741809470858372, 0.648286052650098, 0.00045191424782007353
0.10821066907322466, 0.4405828182780671, 0.00025101469449602176
0.11866171014992688, 0.466669360381325, 0.0003356711180294908
0.16019685677163417, 0.6055726731762996, 0.0007466394228870968
0.1579240777541674, 0.4901367603898641, 0.0010702964439709686
0.2000140907029143, 0.7306777075333248, 0.0013620115409045009
0.19596521059211475, 0.6559301699376201, 0.0015446788093017123
0.13305394566494474, 0.6762819725507214, 0.0002645041013500559
0.15793176691692684, 0.37649651223897823, 0.0018143027420380307
0.20062916543711404, 0.6655809879841998, 0.0016637879481723103
0.12192833183826711, 0.5470963749928692, 0.0002752317957629544
0.17176151712695958, 0.49014152081459467, 0.0015488049428797137
0.1876833642489283, 0.6318680652912869, 0.0013765326416270904
0.21004998202732178, 0.4942252920065005, 0.00369262850685198
0.15831099248118063, 0.4948811342349949, 0.0010612380574495657
0.21200213125772616, 0.5619031312631774, 0.002975363225848438
0.14001875902815142, 0.436866584294273, 0.00079339165770442
0.20205754010443241, 0.5338090370478562, 0.0026686051754117976
0.21587413117478682, 0.5877325216939413, 0.0029450257979672457
0.1352885938142357, 0.577263548458551, 0.0003906311138017429
0.2660712484479432, 0.4638890821882818, 0.011861198199083258
0.14785651006908487, 0.5568701175794403, 0.0006205203869786712
0.25507185728351034, 0.4290021152154292, 0.011517606207585613
0.20202161166834637, 0.4216004442339697, 0.004274784597316329
0.1293013892717688, 0.5644982178942324, 0.0003347301158250244
0.12179422753691954, 0.684495176443185, 0.0001749776648278489
0.1350538226577943, 0.5511832452797217, 0.00042521067558690774
0.1950822619858291, 0.4410411072286924, 0.0033493921726237457
0.1385324319557465, 0.5442193541685316, 0.00048780286732931423
0.11861732070096746, 0.7338735523921797, 0.00013551117405700028
0.0650753198498388, 0.5128334078865386, 1.9771747208614824e-05
0.17687319346485608, 0.6447609366206342, 0.0010183131157247246
0.11138316320865292, 0.5697248295774732, 0.00017046750759230997
0.11604755881091224, 0.3933029963860213, 0.00042845954927862027
0.1384601279377606, 0.46299129108121073, 0.0006724330624683114
0.1192591825562353, 0.5945916488707164, 0.00021139384148212583
0.19730289014618616, 0.6006445804636324, 0.0018980949689498742
0.1406350536440787, 0.6606316446192251, 0.00035371943081133973
0.1917364732168325, 0.7273005220670807, 0.0011414027940194712
0.20896563442910485, 0.5755660290110365, 0.0026613685353379995
0.1179513353651213, 0.4081234088086447, 0.0004274403130863031
0.1979587257767263, 0.3177346778042046, 0.006882799561963187
0.15761812885919277, 0.6361876455752953, 0.0006298868939673546
0.17211810346286158, 0.6269217109374058, 0.000955379912492855
0.20057939112502068, 0.5979343023596255, 0.00205929572327823
0.23948005236564313, 0.5876052196621401, 0.004651357525539141
0.17622943867725374, 0.49639532471659326, 0.001690657934453355
0.21594776028537402, 0.5814943015715185, 0.0030130703291363675
0.1685484255030584, 0.34324536946794215, 0.0029063318578524153
0.10914688337930753, 0.5249411151477181, 0.00018365155531205912
0.16430294853504657, 0.6240384279755019, 0.0007859280708110007
0.08426045853957771, 0.5047941915194472, 6.360364415870498e-05
0.18093265439067127, 0.6474835754914569, 0.001115791335831573
0.1985535847132527, 0.6072220701908582, 0.0019095578635359167
0.21766500604801697, 0.5056130918953227, 0.00412666461471781
0.20514919160209005, 0.6142040250659959, 0.0021550023323904668
0.15969078294452518, 0.7101278523527578, 0.0005354564378830876
0.1226439276736132, 0.570052499268307, 0.00026012303379845987
0.10985038152259574, 0.45944582166998227, 0.00024661767030383243
0.14810848130289325, 0.5422485585123749, 0.0006593572276662668
0.14371501562969027, 0.6255801292073235, 0.0004339197829694577
0.23431541524060176, 0.6872879184252031, 0.0030889598720618408
0.13827504542650373, 0.39979252693830014, 0.0008965392687123284
0.17020460782973243, 0.3603919772256564, 0.002752259924761892
0.15938105529575314, 0.41498369633178656, 0.0015546237535581803
0.16310919130669987, 0.5247742278804512, 0.0010762818394013266
0.1365082737656109, 0.5941235620288806, 0.00038362935684408057
0.21653882943962566, 0.34988499444440957, 0.008423114716873716
0.16636792723186172, 0.5171905614240562, 0.0012088460104885915
0.14020610089967983, 0.4990628660037335, 0.0006115469387910015
0.20322711202693142, 0.5214028320662928, 0.00286905164779621
0.20190603105442959, 0.5913844888598977, 0.002167119809646801
0.22966792435467298, 0.4086644921423431, 0.007999698291968472
0.21096252499098803, 0.48144385982497967, 0.003966230756386461
0.2133788300551583, 0.5117139810184942, 0.003691281630784909
0.1170573180313205, 0.49014914351470473, 0.00028659136885523574
0.1642921962176564, 0.6525167125799358, 0.0007186164142852281
0.186461116319826, 0.5450516388969652, 0.001797541928280389
0.16672450903689753, 0.5426298872661691, 0.0011085519340789443
0.15190958944027608, 0.5354281134942632, 0.0007560288901634141
0.16244515469108267, 0.5663556572925306, 0.0009076055939836004
0.13086437531750295, 0.5744279872167064, 0.00034080741442200305
0.22917861985443436, 0.5308375594356198, 0.004696871171307515
0.20074506500152353, 0.6024433688586613, 0.0020359677848762908
0.12142521476258107, 0.6464506744204306, 0.0001935771914665446
0.15774249670963517, 0.5008921280732171, 0.0010196516120595087
0.17607570294745414, 0.43385039888931476, 0.0022047705077981104
0.14338092712903364, 0.4165871386387857, 0.0009685371252743563
0.22043226473624036, 0.47558341661905557, 0.004930866081994327
0.2580409048403198, 0.35979637656093727, 0.017229868914291194
0.1573957280029646, 0.48187972537013807, 0.0010910823432103464
0.15145211199076242, 0.5957789650001114, 0.0006025693469531595
0.10481736458332559, 0.5792733290026414, 0.0001262132847552955
0.18763273391975713, 0.5424700768445714, 0.0018654009418427714
0.21902137352996567, 0.602266390101661, 0.002989022840236995
0.24627509134878334, 0.4835675059678145, 0.007767867835136859
0.13542390101117444, 0.5040138417599744, 0.0005146836560815085
0.1737584364953119, 0.404291673630773, 0.0023951805876048175
0.10336852900880344, 0.7501826140907419, 7.078489399026562e-05
0.14414977759992192, 0.5524764457066623, 0.0005637932349937008
0.20455339925629992, 0.6572324226806202, 0.0018581356744911176
0.1971100957445428, 0.3628443550845719, 0.005178979337181152
0.1639283017572488, 0.7112885178034839, 0.0005988963082583525
0.1688124461980413, 0.6553958734063633, 0.0008026720297807661
0.11500595293804772, 0.46144986616076433, 0.00029914810789693575
0.1656637461858348, 0.4419386773182611, 0.001624960381646809
0.1130341661395666, 0.3204530029307555, 0.0005748572845304332
0.14573072453459762, 0.5580991962743064, 0.0005796529480761629
0.19268483028023367, 0.5924345734376317, 0.0017579811569057011
0.17319703515484974, 0.534495024085987, 0.0013510037636352795
0.15201862032486096, 0.627018629116183, 0.000553032775030063
0.22615286788152805, 0.8034882335336715, 0.0019336420964326637
0.19721551681524607, 0.49501970416938124, 0.0027890845850864214
0.1540307126296143, 0.45414016483869174, 0.0011170131845490872
0.11509901752123915, 0.548254847613054, 0.00021267480787294008
0.09539509589939242, 0.8575106831872541, 3.8054098125815184e-05
0.14589267989614021, 0.567509370592261, 0.0005633356444983792
0.17959989653206354, 0.582476989399059, 0.0013346122653955668
0.2633537670581586, 0.5839103953785308, 0.007155622760253042
0.226624948086799, 0.5650671094961499, 0.003945661243529588
0.1414950497040799, 0.493860844620279, 0.0006501569211070895
0.11150337623522555, 0.7010694414692497, 0.00011311262998672668
0.27790649323196087, 0.7126350485408938, 0.006086754639844165
0.14108405474096009, 0.577729815181549, 0.0004690501069138097
0.15736618327074878, 0.5371713863186613, 0.0008773045192872309
0.18770138997477462, 0.6213444768017493, 0.0014241573085758239
0.2273787562013021, 0.5504296893902332, 0.00421950684271825
0.16273998705316087, 0.5319466903850985, 0.001037061457645948
0.04866346506000524, 0.5992617548116477, 4.031123496172319e-06
0.20466581246722482, 0.465446160193994, 0.0037138668587105165
0.12470517607165735, 0.5538267638621547, 0.00029655805857602466
0.06233638102175988, 0.4027762095028754, 2.65278010646182e-05
0.19039790599122314, 0.6956197657715711, 0.0012098613616478566
0.2269672784461811, 0.5902198449589112, 0.003640630323433274
0.22284249182518603, 0.5981550821196219, 0.0032698627957931524
0.1851176047246231, 0.5720629796901272, 0.0015806953915046586
0.20290650589265877, 0.27173663925980673, 0.010489910317135087
0.18415390055112482, 0.4063379123842925, 0.003061873641305873
0.14758208665266556, 0.6089173975751679, 0.0005147509734141447
0.14651686727510446, 0.5067828932747799, 0.0007198260357071774
0.154343642672502, 0.49028070537472074, 0.0009670006684802178
0.19174751102399012, 0.5440714105090404, 0.002040163255694147
0.14887182444010005, 0.4374000256296813, 0.0010365334839444824
0.17600816595313448, 0.5164906287827962, 0.00155304987142641
0.14219978714705298, 0.4702765677787738, 0.000732849137488397
0.2789399492766345, 0.7091683713927474, 0.006247616144422869
0.14724573018438686, 0.4196034954528356, 0.0010731875515957866
0.1451207955607293, 0.6459468485823971, 0.0004247983214595188
0.21962786715527685, 0.4607223911088772, 0.005170255581439772
0.20013556367682866, 0.4960727374698718, 0.0029627974276910407
0.1212452960309644, 0.4720021653413682, 0.0003607476139757268
0.21371946925820878, 0.6871106507886777, 0.002061704974914624
0.1461710133804639, 0.45391862993006415, 0.000887972296271557
0.14637154178199316, 0.47463519490258343, 0.0008170624811232438
0.08059580886573625, 0.6835409122594709, 2.8524082643313457e-05
0.29161526858044085, 0.5914542163329923, 0.010921663052119055
0.1411908100185209, 0.4542375041238132, 0.0007612866437376208
0.2197371161803343, 0.4494857702950917, 0.005443886381695408
0.19007791950137157, 0.6966614461554218, 0.001197351575785026
0.2294073829974934, 0.5144986800533087, 0.005021921111099752
0.18597415167856782, 0.46225210552296836, 0.0024705831836982464
0.1525343996187232, 0.6323942744032397, 0.0005518338606765849
0.1531100675038534, 0.6298114279088831, 0.0005656676139651563
0.18687513973221168, 0.5622300498478037, 0.00170594302726141
0.2455954094559275, 0.4070541360879212, 0.010830054219024212
0.1848376697429141, 0.522041943020595, 0.0018855290807729746
0.16178438807600487, 0.5902215024079971, 0.0008208370090420651
0.1145244489102187, 0.4879743990931428, 0.0002626176725208636
0.12976438710880772, 0.6384489735741796, 0.00026582620932734727
0.13157830887551186, 0.4935676630424786, 0.0004728064816054445
0.16341890380228608, 0.6682256241388345, 0.0006693445561059887
0.20189365129217107, 0.5666795379708748, 0.0023595574150027518
0.12021687059815211, 0.6760752089211718, 0.00016936501953972315
0.10985200383109964, 0.28009449672431064, 0.0006636083960324549
0.18332835607198766, 0.6580788154207606, 0.0011445124209300325
0.22825066329625174, 0.7037777835536558, 0.0026248700233993867
0.2292362320827734, 0.3903716615906959, 0.008694721604145559
0.21817413767384608, 0.665008639380243, 0.002410159042609711
0.16253058753450725, 0.614452359621883, 0.0007728655115834259
0.14682672850781817, 0.5687374041882519, 0.0005768791625215318
0.21641520452315494, 0.6700925595840925, 0.002290669804598744
0.17828140363288952, 0.3734148401951428, 0.0031437597294842164
0.19942236020538368, 0.48026338866378687, 0.0031118014857905124
0.12345767680561112, 0.716452085090609, 0.00016953963209829357
0.16994331952088576, 0.566006956259193, 0.0011083077930579277
0.16737620598978092, 0.6676561854837246, 0.000744924928634824
0.20189879026808014, 0.523445221205029, 0.0027657426843007427
0.15915994264998487, 0.4780735917093351, 0.0011642466417255358
0.16313277192260767, 0.6983621922185954, 0.0006081151274117228
0.09385059144202523, 0.5226939107770326, 9.532216038947928e-05
0.09730758215751968, 0.38550921004158784, 0.0002054668581166503
0.10335334780846304, 0.5115336168364629, 0.00015214074976036904
0.20955093619189763, 0.5815768974964562, 0.002638917835440411
0.2096068137285739, 0.6744005619906075, 0.0019647793883727743
0.17533626863573618, 0.6859424211818831, 0.000865817415281903
0.10418333774702007, 0.6166945043757333, 0.00010842716809995495
0.2087720333171022, 0.583250796515037, 0.0025811510978533407
0.14391650808456685, 0.5871377150183216, 0.0004956471775903697
0.13363231019239843, 0.6306911097725023, 0.00030998663868952113
0.15693107659518976, 0.5320442820919918, 0.0008834657855918294
0.1443279562318712, 0.6085192508173208, 0.0004672607322324617
0.13513090787900892, 0.48665866471680025, 0.0005468114915599247
0.23459105171986916, 0.3175951759013264, 0.01454080495411397
0.1108165226884133, 0.5519890606889768, 0.0001775680542149261
0.21084744091427413, 0.5882402206579421, 0.002650434867522367
0.18187989998458973, 0.6404292303529207, 0.0011670146696907838
0.18749017365999637, 0.32920622737915806, 0.00504818501348542
0.2268251765924454, 0.39573622506960926, 0.008075990834713087
0.1547243659348403, 0.7734809925924928, 0.000392757906502634
0.16222290169095488, 0.5434753336739868, 0.0009797149812671901
0.22249645049664363, 0.443283486241627, 0.005913224595639961
0.2147718282271568, 0.3901026494252935, 0.00653594334770326
0.1899510205356129, 0.5585378109080735, 0.0018573079482770945
0.14377078674726337, 0.6228792074038934, 0.0004384389071505289
0.21169882289682979, 0.527722302494242, 0.0033520937018265214
0.2408656091820485, 0.6558254397157106, 0.003829997411614035
0.21256141878305476, 0.507131064148434, 0.003695362149187181
0.16479554158220744, 0.45207417105150716, 0.0015174225130036541
0.24838777692889547, 0.5651032156758711, 0.0059058622116310265
0.1073774406814517, 0.6896694738977192, 9.90150709059993e-05
0.19422742384229197, 0.4621187608292186, 0.0029924376921957934
0.18732874213187237, 0.590526932956417, 0.001562952976746428
0.11395378153055785, 0.5141588400314264, 0.000231407668358219
0.19935023260226042, 0.6745917360236775, 0.0015746989919608644
0.16082507114395078, 0.6129218304927166, 0.0007415018294712648
0.18430615917414786, 0.46707747870153593, 0.0023257518621686356
0.16717807509813112, 0.6722383494746533, 0.0007309847867371361
0.21081454067223118, 0.5654014480213322, 0.0028669131673097416
0.2367793814857294, 0.4565642170980513, 0.007329514948941537
0.12509777437045985, 0.6921757442969481, 0.0001925002555277489
0.18340332267877163, 0.5503617287683662, 0.0016393101287361395
0.22032941394673228, 0.4960621649509204, 0.004522854297344814
0.10903645637642342, 0.4704784570463824, 0.0002276155976342429
0.1407023270539175, 0.6476154220250903, 0.0003688562659928047
0.10021436303914198, 0.5489683270264222, 0.00011533554983723131
0.16894215070823937, 0.6178991595671262, 0.0009061038383231995
0.17321998445734288, 0.5400321349957927, 0.001324213067453591
0.21611631413320745, 0.6018167084388142, 0.00282268648577941
0.1640998622479324, 0.5515144272352223, 0.0010007562109393337
0.1722973701230005, 0.5273995826550826, 0.0013561645487866084
0.1963259722465179, 0.6603473233921421, 0.0015364668109489983
0.145435443707946, 0.6216617251492186, 0.0004630274982237799
0.18577059646408794, 0.48275394565558133, 0.0022543063027430903
0.19737150013946228, 0.499289153986896, 0.0027511430827681024
0.2469990409792468, 0.5376925485343389, 0.006364393684576462
0.14496016246956908, 0.7064941660360261, 0.0003533807371680965
0.19935473588631433, 0.6681161854110214, 0.001605531250861477
0.18784518930607974, 0.4770677603022427, 0.0024239636366341546
0.17546107333939365, 0.5359959488272928, 0.001422454299273677
0.20449874591825665, 0.6174203326885014, 0.0021030175555158768
0.15460191603466084, 0.3660007653289544, 0.0017480238214210718
0.11633163940947822, 0.47219068546303467, 0.0003004703332236304
0.2443097423416053, 0.6557918510182722, 0.004077306153342002
0.18367608608113464, 0.6427878342656643, 0.0012096566375446234
0.14737076806561034, 0.5259723472793483, 0.0006855671506036243
0.1561013408790678, 0.6982720897652132, 0.0005010784414869264
0.15091257910784373, 0.6023439136498004, 0.0005803216673343816
0.1495326660639461, 0.564793411706941, 0.0006339067698031953
0.17776432495429925, 0.45930855733207493, 0.0020515074510352236
0.17312044235077914, 0.5745939014690181, 0.0011667468213119139
0.11990751208595822, 0.49783433846807557, 0.00030883059920130875
0.18623063445652865, 0.5872629055720789, 0.001540017650976676
0.13506308670023398, 0.6288665605986581, 0.00032674597330004226
0.203965785223706, 0.37848123308602777, 0.005532601784803411
0.17207345998135515, 0.4204578365023893, 0.0021215932096544285
0.13843334161699145, 0.4908639520511702, 0.000597726772094797
0.1827849085384265, 0.6728439322640966, 0.0010806242120228134
0.18241517500485824, 0.5702658495091072, 0.0014910060662773755
0.11714176946941487, 0.4780095243815273, 0.0003022905902806104
0.17878444636586693, 0.6872289905741422, 0.0009397531345240987
0.157020558938573, 0.5125229785395691, 0.0009544383862390842
0.12621388362514255, 0.5170410315144581, 0.00035874615213643784
0.1860596251457665, 0.6543327760856262, 0.0012354864033665392
0.18646168580740952, 0.6217370105757429, 0.0013814867496118651
0.22346866745033556, 0.6916764431217357, 0.0024757862135616313
0.14456596739205146, 0.5146230456288164, 0.0006580791470959418
0.09693550965505095, 0.5664547120880183, 9.357509155502761e-05
0.1663608728715969, 0.45401065032225396, 0.001568408015712663
0.10373368436420434, 0.6518334068974388, 9.522254885067398e-05
0.2254641550517292, 0.5059411513284452, 0.00481179277168234
0.1639592039791392, 0.4874763001390298, 0.001276134381868818
0.10838181544193212, 0.7203714009497431, 9.454993300330656e-05
0.11107997139603708, 0.5692286561690624, 0.00016872899792325517
0.23061459067858903, 0.7142606955473005, 0.0026665776152142782
0.20737750694778684, 0.6571718973482739, 0.001974054718384575
0.18621650513513893, 0.6454044638104888, 0.001274623504700374
0.17625687373771193, 0.5402037497356625, 0.0014285432205260074
0.16245416991330472, 0.5620628952175625, 0.0009217472780697476
0.15241917685355333, 0.609193256144944, 0.0005926932965883741
0.1692730475384361, 0.6245441315026993, 0.0008945940623196372
0.17386172957050483, 0.5198141770235842, 0.0014526709043436866
0.14757432560782127, 0.6476403331873626, 0.0004549311490115858
0.1905318237309979, 0.3901659353162932, 0.0038576631830399655
0.19607842671581927, 0.5161335505890327, 0.0025011105920172095
0.1530698733072408, 0.5009038076759358, 0.0008932479148849776
0.14587585395019873, 0.6616186474379125, 0.00041426422774642807
0.11847848670732661, 0.5065354739398981, 0.0002829827477258418
0.17549185311015209, 0.4882743321125289, 0.0017154131365411344
0.17384654563720478, 0.510440795845766, 0.001505933628476994
0.16819221975520038, 0.47457088338633613, 0.0015062938013227082
0.22176700609234895, 0.5716957007578245, 0.0035041488964671057
0.19282620212835236, 0.7136621866503675, 0.0012153773366346014
0.15793619897584152, 0.6605890940212445, 0.0005894167829975128
0.17721655190536012, 0.4612508984598549, 0.002006828632849122
0.19574725156733097, 0.6550223431925457, 0.0015413974266171603
0.13849624571115995, 0.41538695913897483, 0.0008363486981423227
0.1931098043795044, 0.48196298807896215, 0.0026821159312771506
0.23512460078206943, 0.48503482872358283, 0.006296969073683209
0.13754707877522787, 0.5902179553913887, 0.00040190841197871387
0.20929297803524743, 0.46337074750695084, 0.004134558715777703
0.16624926170931048, 0.5798658024130126, 0.0009586359126709706
0.13203875637065293, 0.5839023617370327, 0.0003430612804576461
0.13848939792268558, 0.48253913613917315, 0.000619631563134032
0.13160512721710543, 0.5786645622038512, 0.0003442805473532271
0.11840424906548207, 0.6338121031251955, 0.00018024403753252906
0.23443014219094072, 0.6043198809790773, 0.00400397463408192
0.134156112874869, 0.4335258871274859, 0.0006674548257751958
0.2336370909449763, 0.4366650008889717, 0.007555322469842538
0.1404380908625255, 0.5181467533906876, 0.0005714707008946849
0.1423780996218886, 0.3855662237803435, 0.0010962711309676035
0.1859913534956895, 0.4330512063837342, 0.0028161482464967315
0.13660808980774816, 0.48599055473697, 0.0005751835825578904
0.15786175391161322, 0.6230185215957126, 0.0006612755197727853
0.19121034451576058, 0.6434734567532443, 0.0014406374912259916
0.18343020654090123, 0.4747212649824761, 0.002204754750160604
0.1468529090682157, 0.3739502889553279, 0.0013354308006648997
0.14223683080534427, 0.5121149228261532, 0.0006187057187801256
0.239128289147227, 0.4863711879468409, 0.006745380093671828
0.2193881232175539, 0.5708182496794468, 0.0033520299855992193
0.19419710070630064, 0.4777456720252237, 0.00279795314882316
0.19125782590914597, 0.5435885960703778, 0.002020923004536235
0.2285461545535115, 0.48262783304459245, 0.005613405425501199
0.18499008953256338, 0.5465961310959205, 0.0017261797826634228
0.17515571253836526, 0.5214397412086403, 0.0014915045697074852
0.21623496007936763, 0.6292622067527702, 0.002588073495168246
0.153733751383823, 0.5281832954027477, 0.0008188062761713464
0.15729317716970725, 0.5259197505538613, 0.0009133777521371906
0.2055396412302794, 0.6778395074668415, 0.0017842378810882542
0.10290619107692278, 0.6953726693122283, 8.077431409282999e-05
0.19922865468793263, 0.6225053349675995, 0.001844283462242287
0.16906481695120026, 0.5255223017354475, 0.001256660154674952
0.14431527989736526, 0.38832017715135525, 0.0011469914309262589
0.1331650947359042, 0.6307633544421644, 0.00030517626915420407
0.1551792862115235, 0.6378624427131182, 0.0005850329584818502
0.10794304671044805, 0.5779322363921959, 0.00014430075867844321
0.18740044797733377, 0.5830489675883979, 0.001606003859205202
0.12598140825892326, 0.49928204777038504, 0.0003816123435536336
0.11342771801107401, 0.6152993985330076, 0.0001583278714935715
0.23181242623837148, 0.5404350225313972, 0.004765192627352718
0.1745438795447823, 0.3580461287717569, 0.003115073375132675
0.1929900455462173, 0.6010448833874658, 0.0017199098597348317
0.12012006167116152, 0.5330380725085133, 0.0002714925033536262
0.18919106509847383, 0.49908237031826536, 0.002285515529924572
0.1229111695344412, 0.7017938695495929, 0.0001732801047216815
0.18445472015172548, 0.3419062699462868, 0.0043557883506696446
0.12012081798781596, 0.4610693923977546, 0.0003628722414224642
0.16817917151280914, 0.6687995783672889, 0.0007581787957587962
0.14530871604927684, 0.6189127116167075, 0.0004653614665925737
0.16432793130272666, 0.49010650782790155, 0.0012750143298952033
0.13937220654164995, 0.5312866011109524, 0.0005256338729503102
0.16450644188811422, 0.5657526585819831, 0.0009614296031064043
0.14647025857226392, 0.3237552325775098, 0.0017612859749286214
0.20279613146927328, 0.4862833576748845, 0.0032677559546413545
0.16404292126285133, 0.5432192283453537, 0.0010299795563095816
0.11909905130537163, 0.38949310374721546, 0.0004897369600508177
0.11337909653607392, 0.5829417089251578, 0.0001760600424595791
0.1046643047153555, 0.40907425985940055, 0.00025146375635444094
0.11245754759193727, 0.6073437561832803, 0.00015647560237161683
0.15227723555402847, 0.6455799768202788, 0.0005256052843757926
0.18060326288851147, 0.4756773546890507, 0.002050848359890487
0.12571165264260642, 0.6967809766993853, 0.00019410006651576092
0.1310422288732654, 0.6641312241702146, 0.0002564883789130097
0.18899276892844866, 0.6601788297184185, 0.0013001741792295137
0.2389513970838703, 0.5984961328585292, 0.0044402285589718645
0.09502916504034678, 0.5905690489596394, 7.888509473717485e-05
0.1856073830668706, 0.48676530264896173, 0.0022087459147571813
0.14830435095969463, 0.6417588758782458, 0.0004734774026766301
0.24418033458031838, 0.5217292903373636, 0.006426913735047646
0.1533764276146207, 0.6824818175256181, 0.00048542444844794445
0.09728958034368901, 0.5948335627643822, 8.623167444119726e-05
0.13966391542650994, 0.4346789819505996, 0.00079249978403166
0.2097485661164884, 0.47975803498728636, 0.0038940093109302407
0.12282102448142138, 0.6871040548283832, 0.0001801859081237167
0.15415648425266917, 0.5002833299978966, 0.0009237740121546037
0.18915395511661204, 0.5947804917834102, 0.001607830796400861
0.13561340581468956, 0.5958946353638533, 0.00037047464214189855
0.16699746734457446, 0.5029303765571109, 0.0012997913881975238
0.16067729537460204, 0.5254610826882523, 0.0010048116014296155
0.238032746048334, 0.4936313912637192, 0.006417440749852346
0.1538968144833432, 0.6075540740695239, 0.0006217365459686955
0.13407011381014866, 0.3999904209501608, 0.0007818571619749319
0.16897746673664563, 0.7520156743722768, 0.0006122923164978573
0.17272618102967247, 0.6863200017500757, 0.0008096336260533401
0.14735267936748397, 0.6749344394179704, 0.0004161195138639236
0.14977571917101443, 0.5299105602534511, 0.0007252754349589618
0.16051334831181993, 0.7121970086165574, 0.0005445210650531248
0.19149128694524054, 0.4677390332130057, 0.002744191081403763
0.21098356354428405, 0.6271327129778504, 0.0023385191416984397
0.2080609108140262, 0.5806541057017919, 0.0025654826042437046
0.17129145356458536, 0.6201429712818427, 0.0009559150573582645
0.1734074965015606, 0.5338881569697284, 0.0013613316554722283
0.19518803956893988, 0.5900259341602406, 0.001875934990716716
0.19924247577177348, 0.44106207836182776, 0.0036749120362356896
0.14313308808895475, 0.46616197416862304, 0.0007676237268002113
0.18402342453377257, 0.4807975599801115, 0.0021801333766819798
0.16664272526342014, 0.5312340880177107, 0.0011541280832133769
0.14756313132878107, 0.549597635416399, 0.0006315078900455491
0.14954687139119563, 0.6737219457377683, 0.00044568166549641857
0.2571654743303154, 0.6800461885356683, 0.004751434957928031
0.1742645078128395, 0.41096585479567904, 0.0023478685097317806
0.15908756147270114, 0.5363315302715066, 0.0009232060207634844
0.2306571403780252, 0.6707359816774101, 0.0030263354345219182
0.22239538320440558, 0.5274426062576021, 0.004168394899511571
0.1698363308132334, 0.5473083630640462, 0.0011820514020363445
0.14042741640070502, 0.42346895540635765, 0.0008552855349099015
0.18661439401627247, 0.5776547177564915, 0.0016061564975549713
0.1601420830451075, 0.5808492045996633, 0.0008103323583756849
0.1753744158025946, 0.6287077916809485, 0.0010316197692712772
0.07668988426800774, 0.58825622442914, 3.095140707461702e-05
0.1914238149257231, 0.6031336359220608, 0.001647862816656841
0.15790993203064707, 0.4795712202254935, 0.0011175352660552614
0.22196108051675156, 0.6945487299249085, 0.0023832988724006784
0.13042163379449925, 0.6691268406931503, 0.00024744996387497317
0.17836489500502412, 0.48272680657858513, 0.0018850563934016986
0.06427180374198892, 0.5073607824022237, 1.912591655115371e-05
0.11282704100672554, 0.40464899989572845, 0.0003576243058728214
0.059759527223893896, 0.4770673875146104, 1.5703552547851727e-05
0.19882535506074944, 0.45650141387053284, 0.0033990489316383724
0.2593277545937735, 0.7418482654624077, 0.004142584010702562
0.17678060777909033, 0.5336701271654299, 0.0014829702895983428
0.17979939118355664, 0.44742815313437106, 0.0022729371995840577
0.19167508764036548, 0.6600205005967765, 0.0013840124503138114
0.19795334501065537, 0.6249311244175676, 0.0017790088326767473
0.17106163149796114, 0.5390098381884194, 0.0012578938560310604
0.1578929724655994, 0.5090229739641644, 0.0009914879776364352
0.14252201508588194, 0.6923795126653598, 0.0003414743427066682
0.2058811562169534, 0.5701869348440674, 0.0025400625257620143
0.1280491265291589, 0.3977667591329246, 0.0006459011426361815
0.19344419722554546, 0.46532809853390156, 0.002899295293667638
0.1623446545844556, 0.5837052996868586, 0.0008521298825828348
0.1428226392182413, 0.40187249185850227, 0.0010230488599346351
0.1700566671113864, 0.40522253321044527, 0.0021686568628626547
0.13013038176927758, 0.6971701313214657, 0.00022571200016299503
0.14604838182800436, 0.32695106551036934, 0.001705242235648655
0.07410391299858524, 0.4953915918236731, 3.752923017583109e-05
0.20100932792771525, 0.7389762706857705, 0.0013609940979693266
0.09521565398962563, 0.689374879924019, 5.839447383459704e-05
0.15253535945458874, 0.3471830458797541, 0.0018309614915898052
0.14526800079212812, 0.36328746631007386, 0.0013490029227415435
0.165319767905822, 0.6057370811647103, 0.0008570904152242844
0.18860687302578535, 0.32020272944807604, 0.005477329948625869
0.2013361263686816, 0.7941174859980151, 0.0011870032205933503
0.16799815956756858, 0.6026818460748806, 0.000929243609377092
0.17645063342074135, 0.5586025121315387, 0.0013424629349012237
0.19551789629938812, 0.4835517340489562, 0.002813848275434416
0.14010575017449206, 0.7500632520931472, 0.0002698835059153125
0.1543417341579863, 0.5263873235123667, 0.0008388453582357781
0.08677278707661903, 0.46560835517824967, 8.5076962022213e-05
0.09350826621185278, 0.5564563350799518, 8.276443127350228e-05
0.13171740269126403, 0.5467763284384493, 0.00038705830022215174
0.13667045553328203, 0.578611881504429, 0.0004065927466893862
0.10505613437240703, 0.44484344825363814, 0.0002161751319423216
0.15450788181393763, 0.7189202266590231, 0.000451842733464211
0.16975093285879594, 0.3687835493869406, 0.0025977440786981933
0.14019747802994137, 0.5305098578031361, 0.0005410480876320694
0.15863875327822746, 0.47249431060849895, 0.0011748261318339627
0.13616426607480928, 0.5775995295627186, 0.0004014117616374373
0.11943106644021093, 0.5071753374813195, 0.00029239221726652247
0.10851692934989848, 0.41745983790908414, 0.0002830906204720095
0.17417398095882164, 0.5168796376091818, 0.0014808581998302912
0.14287670982626405, 0.5328571808011091, 0.0005828738756845246
0.22429059547898045, 0.7646444043164232, 0.0020588065873893896
0.15911269788834909, 0.6142195220977513, 0.0007044009936759033
0.14014994195229996, 0.641401723143143, 0.0003695851477279187
0.208622365508228, 0.6754560843928349, 0.0019184896865010357
0.217737841866053, 0.40239861976811864, 0.0065247241293824015
0.12877864624146418, 0.6944339470353887, 0.00021727861023690875
0.1592389785343747, 0.47679919154035105, 0.0011730382182467086
0.20657623054662813, 0.43397596346205897, 0.004450287601961441
0.1922738352586347, 0.522992667830843, 0.0022347221265380003
0.16998961946870914, 0.5816337588125509, 0.0010508125557145789
0.15690112695920094, 0.562239160524279, 0.0007904572578034422
0.16345470910973206, 0.5950540227833842, 0.0008448932279572852
0.22162425201342487, 0.6524472449021502, 0.0026828175492481393
0.17267627335362548, 0.5390640499006043, 0.0013107168832916939
0.15783989882197316, 0.513019534324596, 0.000974657402994852
0.19213645522081696, 0.673726528344553, 0.0013423989576299288
0.20421364224865063, 0.7289314605031978, 0.0014995654068891064
0.1010474688366323, 0.5212454980737224, 0.00013267625233403656
0.19390848831433893, 0.35563263563219993, 0.005016359943595559
0.26818443557641325, 0.46645005500131986, 0.012146839842336969
0.144999508941326, 0.7037062984568292, 0.0003566118407453026
0.26384778002592046, 0.6939539113466512, 0.005108104775848555
0.16361903779609385, 0.6982355704951575, 0.000616354866421878
0.1218474670941408, 0.4520803540643464, 0.00040190855753298064
0.19179569435331345, 0.43844432055852, 0.0031450528991404892
0.13600854282364913, 0.5535384786490583, 0.00043487204557992514
0.15683864145541393, 0.6339987107119559, 0.0006205584068001199
0.21991727885213486, 0.3384241742642329, 0.0096379417013912
0.16400322017703825, 0.4591937665612391, 0.0014398736398369555
0.18101676005166067, 0.34167054024515797, 0.004015258339225831
0.09843779804999236, 0.6331297450831161, 8.014801666130505e-05
0.1993551135678177, 0.5602485683799522, 0.002283309893068892
0.12355055954859041, 0.6508156366825961, 0.00020614209835586144
0.1821332907095395, 0.3615997119956282, 0.0036831789196231633
0.18018451227166393, 0.5230285096880161, 0.0016790823244375145
0.1959305960370708, 0.4282830741885479, 0.0036203788309619647
0.1765112739750262, 0.49656880351706384, 0.0017013975810912453
0.1951197857955026, 0.49769861624833506, 0.002632441913014052
0.15737402347979787, 0.673465034036945, 0.0005582660335570924
0.1956016876831266, 0.48551915969360815, 0.002796356779283707
0.10273179185605223, 0.6654398524480631, 8.754869596210107e-05
0.15567107803612032, 0.5040303765267962, 0.0009500957604258531
0.18181008637311452, 0.686353036997736, 0.0010143547319019194
0.10339738773292229, 0.3155241983399043, 0.0004006292432972844
0.13122966426528218, 0.5525466851088375, 0.00037287976788942393
0.1289739781133233, 0.48175688686103324, 0.0004544846859489303
0.19343163525983495, 0.4780419634571913, 0.0027463435816213874
0.2331611810129597, 0.6258690021470298, 0.0036449073758698424
0.17683129079955293, 0.4715137459638431, 0.001902117302348083
0.08090882831326085, 0.43676664252733305, 7.106389134952455e-05
0.12552655813347413, 0.4376331812096623, 0.0004888573437907519
0.11936925026773783, 0.5361414097377081, 0.00026105621942610794
0.1861994033457243, 0.6690179422700253, 0.0011857546071385996
0.1951636571918768, 0.38317719900333524, 0.004445513675414722
0.13783885279360017, 0.5599993098011354, 0.00045063630082447744
0.18050048128623236, 0.4119673455933766, 0.0027273766202937652
0.14181273407608758, 0.45815830618545705, 0.0007629248841384011
0.17204387980754926, 0.5351971055549365, 0.00130843149004787
0.185412503610289, 0.424499530610777, 0.0028908339632067533
0.14056458935030744, 0.4891537856268342, 0.000643767641194282
0.15628401181684712, 0.49458127679081276, 0.0010039557674479795
0.0983478354129847, 0.505898507455179, 0.00012502712543348312
0.19420717681832508, 0.6929023385864456, 0.0013304208818481801
0.17951835088778684, 0.4682735491104526, 0.0020608462075344695
0.1597145161502878, 0.46565992648015175, 0.0012460729925596332
0.15971554719043887, 0.44824256147998826, 0.0013448299330582122
0.1358165479722209, 0.551345498805059, 0.00043562225326931317
0.18967978249157547, 0.5312766491256073, 0.002039938290957625
0.16806564204882263, 0.7580403427514837, 0.0005884215772673386
0.1997851405945325, 0.4783609541946856, 0.0031617858966849826
0.16872814482872897, 0.5514205142812703, 0.0011314235070039094
0.15814724553502174, 0.5223634079950629, 0.000948181735500097
0.1751252085023471, 0.5522291943974069, 0.0013288051409265172
0.20721103551937115, 0.39642720848853596, 0.005405746368416751
0.18012353141796925, 0.31827392605268323, 0.004527659591511784
0.24992068908808784, 0.4624134865343935, 0.00906222071644378
0.16168227382211012, 0.5472622899986442, 0.00095211508634524
0.1357680513775757, 0.6371579452087456, 0.0003256724821285144
0.10885519275921242, 0.4022062903842486, 0.0003091750539234669
0.20463503176703435, 0.5165928998139431, 0.00301287391742458
0.11621424024893498, 0.6052469311297383, 0.00018207144264365574
0.22685856333689774, 0.5709312421132716, 0.0038825857848656217
0.11253107161134267, 0.5701152504630393, 0.00017808993705752273
0.17261354250517855, 0.5412605048085817, 0.0012980237208653441
0.17655790316795372, 0.503966260903531, 0.001653737164761636
0.17637729302340796, 0.6760968378401779, 0.0009147361625689182
0.10650022154271932, 0.620207292622976, 0.00011809578826564186
0.1642468996221723, 0.5363553306374543, 0.0010623027076619744
0.19642292517735305, 0.6207086047030461, 0.0017427533751438993
0.27720099019499184, 0.5832617562730356, 0.008985368955792857
0.156272036373429, 0.5892165848085696, 0.0007071207255128788
0.12191767125523807, 0.3776145591908686, 0.0005775129592610824
0.10628408130699454, 0.435562909129572, 0.00023731451308735626
0.20690336123583092, 0.6655098679280695, 0.001905610340615788
0.2553659321728329, 0.7166746880233041, 0.0041480003307838974
0.16411480326659966, 0.7162603478059726, 0.0005935730945895009
0.20081387415652213, 0.5444831897303951, 0.002496256967546893
0.1793428920798418, 0.48672245047092677, 0.0018993870930039448
0.20176817576898737, 0.7499333104271588, 0.0013436072698947226
0.2401267433935837, 0.44634366969753153, 0.008157657622527844
0.20793939326488073, 0.46167457861591926, 0.004047769492719469
0.1861791982274925, 0.48349440177558245, 0.0022692381822827937
0.22690314795272384, 0.6847589752650098, 0.0027013989294009024
0.2286586499624555, 0.5110647212729631, 0.0050169489950854
0.1441963152317952, 0.5861405587377182, 0.0005016036231002673
0.19615270789541198, 0.4336722578562439, 0.0035486042630678495
0.18354435440121894, 0.6014868318690515, 0.0013771276058992278
0.1956196608605397, 0.41486070353390114, 0.003831565951750127
0.14518808445205694, 0.7838518010313924, 0.0002890641728535216
0.15520533761139776, 0.48859555012585487, 0.000997829076384072
0.17867740499836807, 0.521616247485272, 0.001626934528724454
0.08271141625080136, 0.6027492245885036, 4.111313442269829e-05
0.17075315179162065, 0.6469717034358679, 0.0008661991050705466
0.11062910771628, 0.5281301980375411, 0.00019253482639453238
0.16254993097198867, 0.46819819862234746, 0.0013318284676315326
0.1932345040859537, 0.4031134077108913, 0.0038448906176919134
0.16920135656810792, 0.5952569747398581, 0.0009829553943763243
0.09383557991288859, 0.5297814840909932, 9.27234393044226e-05
0.23478689116138543, 0.6587581357780136, 0.0033921795589257975
0.1452988996051436, 0.5425411568728857, 0.000605417192834526
0.1690281721245935, 0.37938741145352806, 0.002408907270884448
0.16879549448010936, 0.5116541629942267, 0.001316438617597401
0.16207307031157495, 0.6795841741342777, 0.0006240324380445797
0.21894908369336763, 0.4684861578589195, 0.004932671012277565
0.2135000873712783, 0.5524615062916175, 0.0031747775596397687
0.24643639438785325, 0.5013249001511267, 0.007248174952312261
0.2701475604225386, 0.5671307496705699, 0.008484849169800763
0.23402020822393685, 0.571453818310384, 0.004443430682812805
0.148666539523428, 0.40929398612844414, 0.0011766123254434795
0.17963643005055602, 0.5607170712873881, 0.001441497086075263
0.22075861509620487, 0.6766041660918736, 0.0024520779384186943
0.14632220512277833, 0.587813868911556, 0.0005319260808867029
0.17144898833828276, 0.8470794035739984, 0.0005144122840189842
0.19359446441115674, 0.6801627174061592, 0.0013616615237790767
0.15903693196685098, 0.5878432997226117, 0.0007674213970113521
0.1569900078290381, 0.6453338629822392, 0.0006014975138666948
0.12170938855585292, 0.3176122243363042, 0.0008102096904337646
0.11953221426960439, 0.5821476779302844, 0.0002227580474995471
0.1538872253050399, 0.3670010772170684, 0.0017034230635952466
0.18154797479590337, 0.5314053297192667, 0.0016814202883990623
0.2273130713225696, 0.5853068276458584, 0.0037268861021185293
0.17809235866233464, 0.5777904462334609, 0.0013069664563928709
0.2295270889504652, 0.6788810422162979, 0.0028909987828827683
0.16747574231628579, 0.566568649290562, 0.0010371682855827755
0.16493083392634167, 0.5974819370803555, 0.000871855472422934
0.1744215486280645, 0.5026070789802891, 0.0015759749225910456
0.1997668909407302, 0.5030735924083215, 0.0028576320104490185
0.18110891485791658, 0.7877450961378965, 0.0007570589980788689
0.09877432442261772, 0.5421363425326641, 0.00011096416592636587
0.0337541121740996, 0.519309885080475, 1.0733717260006453e-06
0.20040088654438104, 0.37085020731951157, 0.00533245567367161
0.1425404796810836, 0.5951587400927085, 0.0004624112759729267
0.23212184808312242, 0.5808527572376723, 0.00414939016257604
0.2130783543988123, 0.5178463131918601, 0.003582095744586709
0.194267299953223, 0.41034769576825947, 0.003798574050867682
0.22650126911172658, 0.7092740540496414, 0.0024983228816338396
0.20121844722858054, 0.4945800442733126, 0.0030523266559797585
0.20111944257336328, 0.6226587834143615, 0.0019216022952828328
0.1679052388749145, 0.5214817073059436, 0.0012381419153248108
0.22606103609614486, 0.6246453236130217, 0.003193684802327296
0.0892585157600271, 0.5600121267399572, 6.659314747066562e-05
0.09855210285744229, 0.47492920782339554, 0.00014316540256377184
0.19161921746032134, 0.5412812100149318, 0.0020551894809423005
0.19304304314308326, 0.5614553078540381, 0.001973393967185463
0.14206203887834395, 0.5604287630411452, 0.0005138406457712261
0.1732681778549075, 0.5287587635995514, 0.0013829723476851453
0.1836495693455469, 0.470233866178158, 0.002258882872120512
0.2666297450639404, 0.5113197336466124, 0.009853229938384063
0.2205087313481721, 0.4906645381121067, 0.0046394877606992175
0.20693754129377737, 0.48413691771662304, 0.0036034819271293225
0.2048268009542744, 0.5184889678210217, 0.003003230723601558
0.1534592352889726, 0.3979839626703435, 0.0014308828684377818
0.1801414109775041, 0.5683654891405745, 0.0014203983581469177
0.20404147632562605, 0.7180518783238226, 0.0015396268046488405
0.1498894767001159, 0.6736731902598645, 0.00045025692315474086
0.12715704046652854, 0.556801048728386, 0.000319641836849604
0.16425403475758968, 0.4920668870563682, 0.0012623745192765973
0.20014566298895628, 0.45058082243488196, 0.0035920609618601148
0.23596070280967635, 0.5635599917885911, 0.004737837766153755
0.18600720792174766, 0.4926686848856791, 0.002176641899480402
0.17080642775217006, 0.3987281756753237, 0.002283655396486954
0.15338324747188314, 0.5854976488820569, 0.0006596878292152457
0.18357847728357068, 0.5379844803275027, 0.0017228289482004938
0.16452481594897256, 0.5617650452994358, 0.0009756065151454292
0.18627177760099464, 0.5125093078754991, 0.002023995034402929
0.1596344008085856, 0.5341623480852609, 0.000944878338670107
0.23768214744655364, 0.680282453080895, 0.003357161504424639
0.16741764018732033, 0.4707969806173939, 0.0014997674030957377
0.14795180443534262, 0.6098873768711575, 0.0005187949968793428
0.17215982535258018, 0.4547389935935159, 0.0018177806811714703
0.15727368088368793, 0.6913286466272571, 0.0005283034130689898
0.21251176694565857, 0.46062989728357795, 0.004474523302113547
0.2288712473198345, 0.6627226732848208, 0.0029957369729170864
0.10854740145190134, 0.7435273520041698, 8.935060459257287e-05
0.15639444526592494, 0.44004366878761064, 0.0012721788430464947
0.21314241986716936, 0.45299695175044014, 0.004687301217794862
0.14469297662873987, 0.5654187332386883, 0.000547260742322416
0.12528625485023465, 0.4951146492530694, 0.00037872975261906815
0.16617678943661335, 0.5035172275883735, 0.0012689567796989975
0.09961114421135543, 0.5028461729239169, 0.00013385989667342118
0.16840288124159952, 0.5175195415555921, 0.001273650492915225
0.15503309830098205, 0.44749467359504175, 0.001183743568617017
0.1598672841305736, 0.49140372345489497, 0.0011236504721621975
0.18328139102213917, 0.6171761166991009, 0.0012997759957431006
0.1121936943156421, 0.5234822463876864, 0.00020846020313513834
0.0809681376630446, 0.5416629593662176, 4.635428449155423e-05
0.13461843382720515, 0.5676975480236152, 0.00039517713476701946
0.15010806252214393, 0.4930457216373143, 0.0008459977217964075
0.16703439138436219, 0.4927186240797679, 0.0013555448646734066
0.1555006272184241, 0.5225857871553806, 0.0008795735228508737
0.17261885512192426, 0.5726623524950378, 0.0011597298921566716
0.10862535807936952, 0.7295721772912196, 9.309508286828083e-05
0.14682879164928012, 0.49325785581248344, 0.0007669856956547778
0.16663765602210878, 0.538754424257298, 0.0011219824127509527
0.18614364012197362, 0.4036243800331547, 0.00325344302839811
0.20451452969604628, 0.5884275302214352, 0.0023161477947527187
0.0811026250726352, 0.435186419363447, 7.233839005191332e-05
0.2171037136935171, 0.6581571011530862, 0.002407923386388128
0.15008623589143527, 0.6426046672850605, 0.0004977118208254916
0.2368065141396159, 0.6429128846536284, 0.0036982279418149603
0.17258836253695378, 0.4052724246565531, 0.0023137819261526563
0.1015191246863224, 0.568983494398769, 0.00011365202149543452
0.12020299048858901, 0.5882877030903478, 0.00022357001450725393
0.1673119713152367, 0.5950297281316691, 0.0009362836522652132
0.14649503421804375, 0.47256571074112386, 0.0008272985448249539
0.15867099928741293, 0.5436932897759433, 0.0008880700040585745
0.24668667103264813, 0.4427472339220439, 0.009334588874770988
0.23500423386590116, 0.48790851077837827, 0.006209006733962194
0.12216736362456723, 0.5535528012825057, 0.0002711756436595899
0.13501163618078235, 0.6761360701581225, 0.00028218307962499207
0.17695356904445433, 0.5058600182234109, 0.0016576247520715722
0.14003498046669957, 0.47078630359197865, 0.0006835322540683456
0.11765740982876748, 0.5935363607311115, 0.00019989230914447992
0.1916602110764669, 0.6415575631390303, 0.0014643175657047523
0.21028807866834603, 0.5476765228994305, 0.003022053311058325
0.26886429567767217, 0.575511066106852, 0.008068714062163666
0.1970492205490488, 0.5666953533725403, 0.0021202905002476306
0.18275503784279823, 0.6565406543375172, 0.0011341430172018196
0.22061301639010025, 0.5082211763452661, 0.004333485689047707
0.14956500626902497, 0.6061917013952856, 0.0005508050269115763
0.2282600316301032, 0.575469006151506, 0.003926571069468653
0.16936744345594124, 0.4811924466969058, 0.0015107061422372841
0.19955617476392376, 0.48710101320471966, 0.00303399304812604
0.1533412570660175, 0.5949555593718217, 0.0006381114354938031
0.20996092673527908, 0.5678304473113183, 0.0027921443169168793
0.15462335329097174, 0.6908334012395585, 0.0004909413672489937
0.12486158166051836, 0.5377364851124181, 0.0003163106026318624
0.18793724788209326, 0.6899734533393289, 0.0011613355761834004
0.16788984106142926, 0.4627306004725066, 0.0015718709773150103
0.14371552009211536, 0.5405901386392782, 0.000581093223430056
0.17586817608756017, 0.5419809474193029, 0.0014054707111086945
0.19265599884577528, 0.5108135161009552, 0.002363111954334691
0.17294978907295458, 0.5895518665054157, 0.001103494114556015
0.1776875092985498, 0.6399235667512102, 0.001054872686011542
0.2258036311886071, 0.5953851703993541, 0.003497727131067494
0.12307198072076389, 0.5154571084734333, 0.00032305857089139474
0.21668697340973853, 0.4990750476801997, 0.0041523936574957765
0.18100242051791013, 0.4348737840330461, 0.0024777114397444336
0.16469676382073867, 0.6815623617475182, 0.0006658386294722138
0.21364067006275564, 0.8108263816468801, 0.0014781532200751153
0.1881436122853399, 0.6098200187183042, 0.0014938818356449058
0.1181746109627054, 0.6395253177858974, 0.00017553220576423882
0.17453132438372201, 0.6550741710610544, 0.0009303103138557377
0.19494289394593936, 0.6632675620983637, 0.0014763216209642783
0.2717730535088741, 0.4886651594069584, 0.011734140346866718
0.1527716696016193, 0.5260945422722034, 0.0008028358068788241
0.13229474622817494, 0.5096851557989518, 0.00045409775604828137
0.16037160900929537, 0.3740831943916776, 0.001966031363099291
0.15666034093966175, 0.5807727479193282, 0.0007358229593461139
0.07291028675729876, 0.6199358237617792, 2.2312240285378887e-05
0.15610763006095033, 0.4446024162633568, 0.0012361991320908208
0.10188607127799383, 0.5795605762801166, 0.00011129442682458743
0.2031201943015093, 0.6002743449865604, 0.002159633157012721
0.18286820830365583, 0.6372507376437576, 0.0012071280077758312
0.21146100273268723, 0.38867376369401274, 0.006149059698686752
0.16463703420027154, 0.43516606201939484, 0.0016307110379038961
0.2093154385480582, 0.45121701630094957, 0.004362350038275686
0.15469880197712227, 0.3242611388138188, 0.002233153991787116
0.20348053356628573, 0.5493643753044157, 0.0025986364676609634
0.09493907584215494, 0.44924982735832764, 0.00013575256957582438
0.17345551626475558, 0.5981330470149578, 0.0010859204484378702
0.19820264849340785, 0.5300272737430795, 0.0024868583959246496
0.18564021603796244, 0.592216498597341, 0.0014933512825337219
0.1519406846401341, 0.30029025128574527, 0.0024057438151138667
0.21524819064035303, 0.5190907061669217, 0.0037274620650127634
0.1577009634315638, 0.46069207795130523, 0.0012039696340540756
0.18154927236604376, 0.47196621315037257, 0.0021316698039707993
0.2036363809035644, 0.5927751413713328, 0.002239492227875028
0.16467472014564677, 0.5752519625175915, 0.0009341318694743506
0.16152032661990995, 0.7127324902349685, 0.0005588720543517374
0.14838464310414187, 0.49015154127194027, 0.0008136105292962857
0.22302223230419385, 0.6384768602301024, 0.002880099357373331
0.13241295358212882, 0.4730951373594899, 0.0005291307607034381
0.17078065251774768, 0.3768511816943517, 0.0025547962850344546
0.15518026878472665, 0.6457610496583683, 0.0005708247613693302
0.11489949007188766, 0.5395225336088616, 0.00021794472726206331
0.23881605587113525, 0.6177759231538564, 0.004157032646766057
0.1657397593547865, 0.5345562506948094, 0.0011129010956668587
0.2213209692413945, 0.38764553217667186, 0.0075543240552729185
0.15159243646913606, 0.6221698623785068, 0.0005547906110537481
0.14889882508362645, 0.7731803465077168, 0.00033199066835534134
0.16270299327617688, 0.430909172136117, 0.0015788279593568627
0.1478051492958438, 0.661657035736527, 0.00043886819740166107
0.1488600054081861, 0.512590272920942, 0.0007544813514894914
0.1326023722842865, 0.5961264678651179, 0.0003353627173864795
0.13697762299662747, 0.6132955407116838, 0.0003654976892243487
0.12171089686083719, 0.47387057569181323, 0.000363995527580828
0.21696583580566525, 0.4539744860301085, 0.005046903051338309
0.14957714096419822, 0.7156465616719271, 0.0003953445182622593
0.15127551731287037, 0.49716134762904046, 0.0008609010344949942
0.22639296309594675, 0.43879300160703266, 0.006513934341345815
0.21354217110820767, 0.3994739408024076, 0.006077389436048558
0.20143133732359225, 0.5037127678199489, 0.002956371026090195
0.12498562999219247, 0.44184866729032707, 0.0004705471704500663
0.2057429322253987, 0.5545543637516634, 0.0026773633445157648
0.1115810914221991, 0.24322470957975673, 0.0009426471799385318
0.183962231597311, 0.5095620367059963, 0.0019381077231564433
0.22267859583902933, 0.5193038356941407, 0.004324223396774235
0.17481372906023504, 0.6806128748186372, 0.0008679564604118456
0.10825803779997131, 0.6392923654985541, 0.00011945147752321499
0.20471611095354533, 0.6772920408935044, 0.0017558315649438387
0.23113676681661616, 0.6290455278965394, 0.0034723659460075026
0.1321689029310646, 0.4535232356576722, 0.0005711309122563513
0.19577672154738546, 0.5114689434569877, 0.0025297405799118646
0.2130365856571855, 0.4305106673993924, 0.005178410949617465
0.17729656056128, 0.41896129858799, 0.0024372464694419637
0.1946246146535665, 0.5051406769447261, 0.0025270357292263975
0.15379478879801575, 0.6555083490239404, 0.0005325404122331765
0.07010972788532353, 0.657410850685413, 1.6700004950448735e-05
0.15896392221452849, 0.46541626049773244, 0.0012217898126811082
0.17494036048251796, 0.6581640261705426, 0.0009311372273855253
0.16802649698517058, 0.4635835362863902, 0.001571708824821298
0.17060822055162164, 0.48925082893589955, 0.0015090462528918479
0.08626602488608515, 0.6150958267274907, 4.7508946053571264e-05
0.12949941203701704, 0.5026090335929629, 0.00042509267553902887
0.21396538189398884, 0.5137394111157815, 0.003706735421209985
0.1831144022883838, 0.6675290237431029, 0.0011066355227383397
0.19588273301511885, 0.609629698633344, 0.001784911741643094
0.1744459869308261, 0.7089206908958352, 0.0007926453544551451
0.15882885622542897, 0.32826626143527315, 0.0024468243624054934
0.13530749839210746, 0.6418995173320746, 0.0003161171106160415
0.16473720753994828, 0.5690464642560278, 0.0009562114033822576
0.204780781216889, 0.6072153672852606, 0.002187524113187993
0.17617730635179513, 0.46815791980187627, 0.001898283165334761
0.16727119818755914, 0.5792500855701134, 0.000986931072099765
0.1929632436038315, 0.6799240580663809, 0.0013431771032805233
0.31635493241516266, 0.5714201101256806, 0.016742609210461955
0.11084374070946423, 0.5607382743512367, 0.00017225611975144593
0.12281621245867547, 0.6125330301102134, 0.00022668978582989643
0.1836685756674926, 0.7023044495111475, 0.0010131375987613238
0.1686307920455433, 0.6397108290389822, 0.0008385341676715325
0.15880001863436957, 0.4966311168652056, 0.0010681702019835115
0.1549042955331958, 0.5054247926236273, 0.0009245534902672183
0.15449326044008854, 0.5789799930095999, 0.0006963711234532684
0.19914011257558836, 0.5815195195699324, 0.002109287580518147
0.15728519478740488, 0.5798926179958114, 0.0007510991189531105
0.17655822824303344, 0.41940354243374584, 0.0023878593447616966
0.1346231701021923, 0.5092790794144844, 0.0004911129683132646
0.14671430892627438, 0.4059059958625358, 0.0011287398085230449
0.22149849594286086, 0.47845375417005703, 0.004976424307075327
0.1377902156108668, 0.5756152229086707, 0.000425855466082329
0.19309676026968892, 0.4285826124798237, 0.0033908356915002815
0.13271598710211988, 0.4729975183659929, 0.0005347003097308504
0.10915958002135849, 0.6634059884234749, 0.00011504805714689675
0.13449830211949215, 0.4567229788452736, 0.0006081547461893985
0.1108713207840757, 0.5754668579728991, 0.00016373059363262402
0.14010271156523324, 0.5261481210890611, 0.0005484216975888922
0.15388947203868342, 0.42052580995965316, 0.0012974773578959794
0.18013924910718698, 0.751080482553149, 0.0008133354006221843
0.15669111738526442, 0.47343586508176577, 0.0011082528298586758
0.11929948321112024, 0.663396571544677, 0.00017007055385980432
0.18230337590457077, 0.6026572801019745, 0.0013314406468956722
0.11212491458051067, 0.5454319693138752, 0.00019150233283471682
0.18431954635912717, 0.5375153374776432, 0.0017567028419275483
0.1709024545611657, 0.4877860871357574, 0.001529676519144811
0.12632471337109516, 0.47753429351319276, 0.00042218751005102987
0.16696078989673155, 0.5974639343061874, 0.0009201238067358173
0.12112817331005107, 0.49132005945748103, 0.0003315245117391587
0.21703303381701256, 0.343473292116809, 0.008828636850273536
0.12205569892329939, 0.49343822095309564, 0.0003399036257341242
0.2047239411516568, 0.6448628366331965, 0.001937194316672669
0.1569686797051411, 0.3423354111715121, 0.002136187999013268
0.19209358052354897, 0.6008250702790576, 0.0016862670444744436
0.17382474704528336, 0.530648495766072, 0.0013926535444893494
0.19552874148793034, 0.5647061004441819, 0.0020637049229746147
0.26009677040284956, 0.5978715423732277, 0.006461657804322268
0.19375881287539432, 0.5146443180683155, 0.0023872724070183138
0.18169792202880744, 0.46709203660763665, 0.0021842422194261074
0.18017476299261956, 0.45637669370807393, 0.0022048162609359452
0.18401469457668293, 0.5301955136038026, 0.0017924408082110065
0.09078264018644172, 0.5299581580824869, 8.011154225088884e-05
0.10797449309063546, 0.5765323631369373, 0.00014518831996757076
0.11498118136470695, 0.5201085383804915, 0.00023525328832448098
0.22157079638418323, 0.5546329937078918, 0.0037085964399865973
0.22056647606181917, 0.5499174591690509, 0.0036978109237747296
0.14896682607280823, 0.7201183469983862, 0.00038348839838106644
0.14941520120379684, 0.42851099914166046, 0.0010974354846303258
0.10608449594000571, 0.5913248509095812, 0.0001276974046774687
0.21839669169402876, 0.5917224911800056, 0.003057823307016645
0.2247248721117711, 0.6402365307374192, 0.0029617610711342016
0.1740467579568794, 0.44763260516691483, 0.0019681246403720266
0.2025451320329667, 0.38761039015678334, 0.005115299187350547
0.17461542461383148, 0.6024340256424572, 0.0011023268106850608
0.11984708284898789, 0.591184875419144, 0.00021851443148049936
0.1678963991049099, 0.559759545794872, 0.0010743479521020754
0.18353213795947645, 0.43721603370366946, 0.0026055960141232286
0.16476764667500837, 0.6371182728688416, 0.0007634178424608202
0.2058504169253032, 0.4842132601452465, 0.0035198182965252064
0.1389134635503375, 0.6033947040585979, 0.00040164096693049464
0.1751822387257709, 0.6343817915435535, 0.0010083720422102626
0.25337347559042445, 0.5265325602467819, 0.007424453412257946
0.12453098633503953, 0.606134111881572, 0.0002460645941264601
0.1341402152638637, 0.5082354846601513, 0.00048539525284963756
0.13776732961872684, 0.6626139715934338, 0.00032113539623059934
0.14158576028514225, 0.480957450662576, 0.0006874462116985458
0.1790398404013169, 0.4687668824150334, 0.002032500468012468
0.17446470201949096, 0.7254302925789298, 0.0007573346799590089
0.15824549076065944, 0.5624699711765726, 0.0008200212855636496
0.19877665184705617, 0.5046710005389196, 0.0027781572891392788
0.21462352241271698, 0.41201625248181917, 0.005841406130873285
0.24105494039991965, 0.5460319151092898, 0.00554421934116012
0.15961782270947028, 0.6055688926949506, 0.0007348468960654479
0.19024774677101083, 0.5040796962617502, 0.0022960079281781178
0.11035827348445387, 0.5933647861084415, 0.00015089119844112958
0.14141257609378005, 0.6084323128567244, 0.0004272565256635354
0.11261286777308849, 0.4784762396965788, 0.00025364857381626467
0.14879397052453097, 0.5015926374556051, 0.0007863919439411284
0.21121246686762968, 0.6549211637868129, 0.0021545365340917564
0.20489132233275445, 0.5653960399971726, 0.0025290886916928186
0.17754650480552928, 0.42928639637799554, 0.0023358502872432374
0.23590054696263735, 0.6945653863173342, 0.003115638019199891
0.15125794742652737, 0.6542047386179656, 0.0004969338924258919
0.13584356256251495, 0.38640663866928393, 0.0008876640147367384
0.1725857882209287, 0.4931485277803125, 0.0015625450550690403
0.21682777119508861, 0.5996351361232163, 0.0028846779604111
0.11560297019811282, 0.4421803962753081, 0.0003332963022499318
0.12606326077312452, 0.4589722196101306, 0.0004528794957519978
0.1945321503769875, 0.633321122151294, 0.0016042795855072101
0.1430648939652306, 0.5945762130530414, 0.0004708649632739253
0.14741411145974556, 0.4587586682957788, 0.0009023378818631084
0.19541373888057684, 0.717405156200069, 0.0012753791835132908
0.1559571068297523, 0.5932793537691675, 0.0006913057589636517
0.16036253791308608, 0.6222494514700636, 0.0007103783283020205
0.19426546459313562, 0.3271253453521951, 0.005976929779415849
0.21850973238763793, 0.5082887147367594, 0.004153521060759689
0.1757571266861902, 0.6587046086152352, 0.0009488584879238785
0.21629297352498403, 0.6145569615897355, 0.002716615793216957
0.13628918439850024, 0.585034340302549, 0.00039285592400585664
0.26754001784346204, 0.6757826588078513, 0.005726144696336932
0.16241110865733815, 0.4878304415055022, 0.0012221860381184193
0.2029371301002836, 0.5385823979040434, 0.0026720971829156635
0.18175908396863355, 0.47675161359871016, 0.0020997350852234448
0.2202600480903084, 0.6826348857237693, 0.0023850975703032036
0.09645095728425356, 0.5405820255564426, 0.00010050588249119824
0.1574463473868148, 0.5384215692652006, 0.0008751941246309474
0.151241721457123, 0.4620569095879672, 0.0009957035406940476
0.18507228746967314, 0.593646568277112, 0.0014662637653650103
0.17568082637449833, 0.3849952524288068, 0.002772313614846329
0.14452606577127983, 0.6589789966583306, 0.0004008537460445295
0.12355394060600894, 0.5221273198762906, 0.00032031856254371755
0.1707167436436111, 0.6697103431723185, 0.0008076195146435188
0.14174730524501788, 0.5196498836946796, 0.0005918469282249162
0.15897772280006156, 0.6667447400163452, 0.0005955610635948863
0.14347769974431038, 0.5901083774447486, 0.0004841207757903631
0.11900256948364082, 0.5503006039987457, 0.00024446337794210604
0.19132178346064682, 0.4866867841104653, 0.0025248189515243544
0.15539991480066168, 0.5525351908276736, 0.0007845658966851317
0.26695587828224004, 0.5239921443860376, 0.009433005625266631
0.14511219844710166, 0.4609425781616, 0.0008340066229392727
0.1818361578836299, 0.43684517141251633, 0.0025055547766187677
0.2052956614292512, 0.5677559233292659, 0.0025299593519175203
0.12538146332638292, 0.4435685468517157, 0.0004734466865170415
0.16492066319310494, 0.5715118059760649, 0.00095263339946444
0.14183033327984912, 0.7279997296108307, 0.00030233442754630237
0.12050516839784112, 0.5824192147483351, 0.00023063195136882987
0.1897352263064222, 0.6749471605917022, 0.0012655444808535813
0.14408918515287736, 0.5597357010294995, 0.0005482491623768422
0.23394261328643567, 0.47447986758064614, 0.00643593130609069
0.1827047856288324, 0.5389182646494916, 0.0016812014400584034
0.1381440587377321, 0.5952792568394475, 0.0004027041726514111
0.23785662558614346, 0.6245503585677294, 0.003995931988400876
0.23966125609570638, 0.557252732919446, 0.005189098805820867
0.16814281786965327, 0.5619154974542517, 0.0010730216663688646
0.2008809011347326, 0.30640183035066565, 0.007894292926261525
0.2474679846112464, 0.5209776771231674, 0.006836146502608226
0.1597336520656896, 0.3947191598818399, 0.0017351368572162225
0.18115491900047415, 0.5031381444939227, 0.0018578557316620017
0.10923800210527676, 0.6141002217738637, 0.00013468892366094742
0.15095479068079745, 0.44931494625641677, 0.0010442164426336473
0.14457553826990593, 0.6447578969513386, 0.00041936265753939793
0.17148646793538072, 0.6531407554115105, 0.0008660913325253835
0.18987719614987703, 0.5679365880010325, 0.0017932736421210438
0.17766985152780723, 0.5038387335489641, 0.0017009174914763142
0.1538212800467067, 0.5719526057915653, 0.0007000322754977136
0.20433524922098695, 0.6585472125361185, 0.0018420548149607804
0.24578413078419636, 0.6345153869616287, 0.004472171731436981
0.1471568713778515, 0.5757433446441297, 0.0005685156790015545
0.15383999008047283, 0.5572322463650603, 0.0007379009783264177
0.18919165088932424, 0.5853875709791808, 0.0016612980564359593
0.20037878090397135, 0.5410724398359656, 0.0025038175714989135
0.10983757629896557, 0.6550490732741564, 0.00012126134047210299
0.1677828758353777, 0.8424422654215977, 0.00047290640072749306
0.15838502372801966, 0.5578590943316071, 0.0008368718580382462
0.13451835928386088, 0.5884097391815707, 0.00036664440605391045
0.1097005549464122, 0.5756875258435515, 0.00015613888974045568
0.16295965608447313, 0.44969016569674863, 0.0014597939336110691
0.17266674629724335, 0.5816241531395061, 0.0011256395246266543
0.2058034519755384, 0.6267700495172704, 0.00209865528028166
0.1831198453473172, 0.8628905546297827, 0.0006623541832159909
0.2092921927899578, 0.5204944343682139, 0.0032767781662592353
0.1358004661783844, 0.5774622273927086, 0.00039690290834930325
0.19107786133199467, 0.6679361836912046, 0.0013329737315050905
0.1783263596146335, 0.44989892232375533, 0.0021681253361799852
0.21617121850978213, 0.5694720589709665, 0.0031559614302249764
0.08702115247004306, 0.5383859144457509, 6.443588140723184e-05
0.17905796791070452, 0.5230883634772386, 0.0016330062457395244
0.09082497318529126, 0.7472648210587212, 4.0375698316882976e-05
0.12564652616577096, 0.3802517290417313, 0.0006502579040858819
0.17451318973488167, 0.7505946450002214, 0.0007082707433606288
0.14943740157828406, 0.698586342655658, 0.000413187018024954
0.13209672469986322, 0.6042252596760063, 0.00032099122564050554
0.17552223378852044, 0.6119588759718179, 0.0010929060367482714
0.19274236537622, 0.4000942654871279, 0.00385958718004438
0.15695358047674948, 0.47107564992495793, 0.0011276595072952842
0.12608549683296116, 0.4892083155388688, 0.00039893746716932144
0.157093815169627, 0.4720603751919499, 0.0011273811933694535
0.15334489737621343, 0.48056205521493656, 0.0009781647159605696
0.16066476265124574, 0.6195822503350582, 0.0007224682458450857
0.11885592262496308, 0.38007439288586603, 0.0005097066711239927
0.21186685136817368, 0.29335906607826434, 0.010885393247714177
0.18249107683598792, 0.534192897723011, 0.0017022873303283617
0.23154657079348837, 0.46477121107794533, 0.006410563614482011
0.16870906769204952, 0.5339853919258102, 0.0012059136650536557
0.1998917879551002, 0.6476035426748399, 0.0017292001192824502
0.19818625529992812, 0.7682395419747684, 0.0011833034295432633
0.22293563069759126, 0.5241622749668886, 0.004266032016360424
0.2038769561483075, 0.5658482601983058, 0.002470505060125899
0.12582669818629708, 0.5015414664115702, 0.00037614260525020634
0.14485267521405484, 0.675109226588438, 0.00038573984347761475
0.16137448954883377, 0.651605014763285, 0.0006659943424599236
0.17605438523582692, 0.5646586809242785, 0.0013008882946625615
0.1901407208760758, 0.5304492599832306, 0.002068277465612627
0.21192497193845894, 0.5560071332994799, 0.0030339370205841928
0.20760412169312337, 0.5381952969499963, 0.0029574974264144726
0.17101457595596894, 0.6823819795613676, 0.0007838925931485409
0.1076732613898603, 0.4466799431398863, 0.00023891730734145866
0.09730402062730256, 0.5339886496681461, 0.00010707234218657813
0.09160588606062188, 0.41357197877453555, 0.00013687576408897144
0.18297784630155908, 0.6511193064739907, 0.0011593063162410335
0.17259010813147468, 0.4050330635594859, 0.002316620563486721
0.17909181003282879, 0.5875372148281313, 0.0012954728932462007
0.19707978498956807, 0.5601681149111276, 0.002171472223368302
0.16766475862126545, 0.5936531813514433, 0.0009493889343674746
0.21527766069725338, 0.5641427815630775, 0.0031577902132941815
0.1446563001533426, 0.5028109931455097, 0.000691258877759649
0.10394880588213586, 0.7082778963113427, 8.138874287452143e-05
0.1745158332671604, 0.5712089543619223, 0.001223063930078316
0.18221161491319976, 0.5157424281159374, 0.001813989745757949
0.14506258813503825, 0.486567089813879, 0.0007473504329347145
0.1292682208820457, 0.7900516677139804, 0.00017069417624054163
0.15121571521360644, 0.6806609730477671, 0.0004584908568128139
0.1800409446988175, 0.4511618518184908, 0.0022487169915573328
0.18964126493488742, 0.576828380014521, 0.0017289290408388008
0.15720771793898408, 0.5652339258218287, 0.0007888500453743912
0.167639824452471, 0.4433725843788341, 0.0017009356942298806
0.12605511415758497, 0.6656049919931102, 0.0002152775907157258
0.18422612282309897, 0.6905372263196495, 0.001062030620468745
0.20703671143794267, 0.6939942757993524, 0.0017573671648844018
0.21810163581052755, 0.4599806546372772, 0.0050302089300644295
0.20276925107401245, 0.46284850763769286, 0.0036049345882047425
0.17880639635330256, 0.12580374957210072, 0.028058480527687935
0.17248621791863394, 0.5512319863893858, 0.0012474307178272327
0.15448221544759283, 0.4771305051587631, 0.0010250779253953431
0.04134769690995968, 0.5922524379932972, 2.015292129882826e-06
0.14409821467566666, 0.5066383997410434, 0.0006693719834278844
0.09811056792637284, 0.4460775619871976, 0.00015910895185984917
0.17923428173538516, 0.47759201234984267, 0.0019674537812219154
0.0982291059501151, 0.5354885777398943, 0.0001109998304903901
0.18672500866561673, 0.5384362913285632, 0.0018534812499509913
0.19410294285859075, 0.34900620164447854, 0.005231677159590399
0.19670935209973622, 0.5835092762791658, 0.0019847252867534865
0.1891485150293311, 0.6491870473268803, 0.0013494572271542278
0.1151269938875171, 0.5367368449077174, 0.0002221378706138055
0.17875467401761622, 0.6496422316218902, 0.0010508724006746762
0.10682848647853604, 0.5600790259198983, 0.000146787951744854
0.1447632990243265, 0.635564332617847, 0.00043405437581139206
0.15669675435088556, 0.3674338934854622, 0.0018402273125022034
0.19347757728436105, 0.5910617179069093, 0.0017983534484292464
0.11214906163849789, 0.5612621991842737, 0.00018102357779037226
0.19973483155088587, 0.6604931749348605, 0.0016566317562278596
0.1986570599525976, 0.5484198801354611, 0.0023463734444102904
0.13579929636883564, 0.6743349791906779, 0.0002910473220658721
0.2538239854024205, 0.5952165396903155, 0.005855441071941242
0.08208347991942025, 0.7197283387987277, 2.788393329123929e-05
0.20408805149050513, 0.3429352040267547, 0.006756769540215897
0.22458290443431597, 0.42525214901115593, 0.006694687616929805
0.1446304578136837, 0.6085147085927879, 0.00047159227761458075
0.1325609047543183, 0.5084941890646041, 0.00046027981580956044
0.19091824645126615, 0.6177271678480805, 0.0015527488442815113
0.17007309676352775, 0.5066925318280587, 0.0013876297965438329
0.1091998433061072, 0.5495375288995099, 0.00016793764196223424
0.1342189417025083, 0.42735004100093643, 0.0006883022065502491
0.22608467616576608, 0.626474071424496, 0.0031765277577021902
0.12454903662636846, 0.6160941771418935, 0.0002383248500540163
0.19844097706861397, 0.6723483430000763, 0.0015536571530092474
0.13668571462797524, 0.5751679786068499, 0.00041167856972723046
0.173397256743146, 0.36147501240473334, 0.0029688968775481678
0.18532855202581486, 0.6123601397650997, 0.0013864312334075709
0.11868854725412623, 0.558079338310834, 0.0002349485619782238
0.1877333882903104, 0.8263896614651742, 0.000805710137689401
0.16278077888021153, 0.6313200451309549, 0.0007370899281982001
0.1512812693330048, 0.6731318754253477, 0.0004696997047117872
0.15980623856344184, 0.4638147553088368, 0.0012591839667977797
0.17072684162218943, 0.6265256909796787, 0.0009230305509878974
0.16595576909803553, 0.5625860042883406, 0.0010105420935395788
0.15445517968385566, 0.3958467732294769, 0.0014881358452566709
0.18764202937215851, 0.4552374710538567, 0.002649368854136758
0.23415370767310978, 0.4789518025967087, 0.0063414247635444395
0.17009258068199434, 0.4919129930415767, 0.0014730074358076848
0.21078361564823792, 0.5737148326568505, 0.002782632672655775
0.1402977459603142, 0.38384934863941134, 0.0010367339800915125
0.16609779404416616, 0.45421210276870616, 0.001556142977297658
0.12746915473116327, 0.5643422972259186, 0.000314530785746372
0.18563866775490376, 0.7190883306385872, 0.0010128440105521767
0.16563018494598883, 0.6734238155241835, 0.0006992020563420465
0.10261858872136538, 0.6049914445976585, 0.00010540519024091272
0.2080108946350265, 0.5746729457153965, 0.0026163940526799227
0.17031655914741725, 0.5162928006152239, 0.0013449433970561136
0.19872086908174474, 0.36884261465433765, 0.005194634739853076
0.09626342578517522, 0.5654434352722335, 9.10788088489401e-05
0.1736544961795433, 0.5431315195700123, 0.0013236538448635022
0.2016005315607542, 0.42843373384698435, 0.004101681559008782
0.1396683264751365, 0.6073819320433135, 0.00040595047049001617
0.2544914618680682, 0.44584400503740285, 0.010557526658215586
0.16987376121823494, 0.5564333237474475, 0.0011447097099113713
0.14200313292624894, 0.4688832261113757, 0.0007327357458756791
0.19544398945256716, 0.5301283701233892, 0.0023372329909252176
0.113494226542185, 0.6284391089210127, 0.0001521682600050132
0.14061235235463584, 0.5797291853483549, 0.0004590065177347796
0.12695634077040172, 0.5558858392032214, 0.00031847402702353934
0.10992367386483884, 0.5761484824083859, 0.00015728904886880854
0.1705986565923254, 0.5323556156549814, 0.0012742507216791028
0.17381833542798097, 0.5595826177211125, 0.0012521548699906346
0.19320617823171277, 0.5601861323405385, 0.00198972764395298
0.19614849874269066, 0.4622760615568599, 0.003122748709034982
0.22308870420618593, 0.620342680649008, 0.003054948746456033
0.18908621888806548, 0.5248864701324376, 0.002061287651063315
0.19417628614012503, 0.5875891720644514, 0.00184876438699897
0.22888054641015337, 0.5270891414177424, 0.004736710447432083
0.19215722980845967, 0.4990862388900953, 0.002447396388125353
0.12248505167101748, 0.40385918078957106, 0.0005153135615390278
0.18231745118961748, 0.3952767680787346, 0.0030960472250146534
0.14476415995266306, 0.47171849805795035, 0.0007879682577604997
0.24580823542641672, 0.603213076147997, 0.004950495734668822
0.19772201319801797, 0.4929226722509651, 0.0028447913141690594
0.24454043435956363, 0.6103903843371526, 0.004725997842877631
0.17049011603045314, 0.5693730297994356, 0.0011108326134217378
0.20063413702352914, 0.6693809880958774, 0.001645130655107218
0.16277707050294787, 0.47745519776178047, 0.0012885784087444043
0.17637584544055054, 0.4786019388184654, 0.0018253622610980968
0.18947290803837388, 0.5095470993736382, 0.002207011321404357
0.17749564925772063, 0.48356186149719227, 0.001838602088722292
0.2094281996826534, 0.3723538473933866, 0.006421092218870665
0.1996950743702925, 0.616257526891221, 0.001901331204936593
0.15246097531824743, 0.44776566655061395, 0.0010984051724928035
0.20469919442532705, 0.5900792676363651, 0.002312363857250444
0.18145071406958352, 0.4936902540504307, 0.0019435467362586426
0.17484383106472995, 0.5268608760416508, 0.0014495572718077753
0.10597259679986212, 0.5289529117145783, 0.00015884867987971896
0.11315962106953076, 0.6767106839384295, 0.0001295395435663047
0.22300207622254112, 0.5881916284128885, 0.0033922465359650347
0.13925847660790366, 0.6964193941919983, 0.00030481715055274993
0.15734744526705, 0.7030953141831882, 0.0005118234175237728
0.1743464086204802, 0.44921412705087993, 0.0019691387155496803
0.2504981551994534, 0.7611708303548084, 0.003378637231002666
0.17881818436509878, 0.5559429075174975, 0.0014371989960475925
0.21445714837005944, 0.5438832192857421, 0.0033408186114517106
0.19190289553483558, 0.48411222063151155, 0.002586023857123756
0.162382227859537, 0.3823181183795199, 0.0019883165041237713
0.17805092075636456, 0.6314206269680723, 0.0010932587248513503
0.17498931294552975, 0.6163588029841366, 0.0010630395078645302
0.19312645522640595, 0.46248873744936114, 0.002913851126985819
0.23719116676875807, 0.5902436647667467, 0.004419128993152469
0.1434419756391961, 0.5923321173284471, 0.00047996643794029554
0.12884597578276427, 0.46978517668093617, 0.0004758598438894951
0.17807031481852553, 0.47103818686192406, 0.001965424568149801
0.14038642251856015, 0.49784061248989525, 0.0006180387754519752
0.19098755119880967, 0.7106083293800904, 0.0011752427345780288
0.17624615698983573, 0.615011285458604, 0.0011018594824631464
0.1301960631802969, 0.5645192262282317, 0.00034501579081492494
0.2123175045349933, 0.5228281624882617, 0.00345927808612852
0.196504968385712, 0.4031244015890567, 0.004139341698863338
0.22366495839809486, 0.5692097856004888, 0.0036698824627147265
0.1674041944841492, 0.6576749482959047, 0.0007682722992714874
0.15824284985792372, 0.5498872566252279, 0.0008579156845600249
0.1385524076994318, 0.6409459855905558, 0.00035190462362691595
0.18962010634200663, 0.7351150662617514, 0.0010640120517716694
0.16585180027590252, 0.47435293439918913, 0.0014175276868592173
0.07782396906703846, 0.506478121050469, 4.4539298660112146e-05
0.1844585640529087, 0.3981057625852674, 0.0032130966721517144
0.14492710723760505, 0.5383491247582236, 0.0006079896957055928
0.18592109413496027, 0.6434130134663837, 0.0012735979421307866
0.1940428862298934, 0.5856765032157574, 0.0018552408090140161
0.17310856260019006, 0.6799428749628729, 0.0008329571562684613
0.11902947434411165, 0.6029010387493319, 0.00020387017788246975
0.1978797183751685, 0.6507696784839517, 0.0016378605629045204
0.17273570162273255, 0.4166600637091583, 0.0021972699788786023
0.1943961082486937, 0.45774499887905473, 0.0030615684401109826
0.22991360268267597, 0.5692632411907316, 0.004142134038993187
0.1758986311704592, 0.47796150916853924, 0.0018085681269284872
0.1902229461391407, 0.4668955931080623, 0.0026747495535270217
0.15554477159503755, 0.5178390203546854, 0.0008968920808574555
0.14888464147931996, 0.5715859023726259, 0.0006072149242345219
0.09905154645683419, 0.5045016244804608, 0.00012972697909500818
0.2150765629045063, 0.7166727952086377, 0.0019486491123335064
0.16907011772253727, 0.4451534504337117, 0.0017516227266664262
0.1557415238802218, 0.718229206726838, 0.0004688341312190113
0.13028941984596545, 0.7959454578935501, 0.0001741003085164566
0.10643427702742553, 0.617687647800737, 0.0001187371792746693
0.13749363405496312, 0.5608829712452512, 0.00044428820861104466
0.16142972254158117, 0.774497300889499, 0.0004721211772046424
0.16748084963251417, 0.7014763881972339, 0.0006766848704871927
0.21251523444195577, 0.6002192613638756, 0.0026354958843206235
0.1718585141636777, 0.7200590859402979, 0.0007194195895129082
0.15981544754411894, 0.5807299001527666, 0.0008034152038942776
0.18780478864533895, 0.4786043480289417, 0.0024061457405588136
0.1245457259691979, 0.4817527385457231, 0.0003897304672191389
0.16455651113709424, 0.4577901639886983, 0.0014703451562248294
0.18567245691674966, 0.6166713863993553, 0.001378311033360195
0.18650299249770955, 0.39402099488536013, 0.003443060950264474
0.10026112545749083, 0.5013198035111667, 0.00013858604699361026
0.16599723306612293, 0.49821845960770034, 0.0012899414658113088
0.201432970410461, 0.5599735507482859, 0.0023922431477553957
0.14170932623508112, 0.5369070927676085, 0.0005537589017103234
0.16185143199389013, 0.3995172079246856, 0.001794765532890612
0.1950600210930552, 0.42031420519870233, 0.003686023802419845
0.21957791405422333, 0.5067723184506738, 0.004269039869369884
0.15443179091813486, 0.4914613347011437, 0.0009647809074098488
0.20414642289112778, 0.6038729011107145, 0.0021818185150365046
0.19670364538889779, 0.5602729430046575, 0.0021524902600167798
0.11385174156388356, 0.5700526470053771, 0.00018751264002799407
0.1702148850064516, 0.5966241629522188, 0.0010045079498847919
0.1709889891941667, 0.5223056524220578, 0.0013371381607213697
0.21776011544771223, 0.4562068395802553, 0.005078634992148785
0.1809379191728794, 0.7809565950193293, 0.0007670829084530046
0.12814369654393387, 0.5475697671883475, 0.0003419439031217449
0.18286665530439236, 0.7095380393568747, 0.0009736579737570865
0.12104865162525014, 0.6724801390092652, 0.0001764537040314746
0.16615373224614477, 0.6458914583905133, 0.0007707104711595885
0.16282361025037048, 0.5557868980287519, 0.0009521508511581829
0.16880155262339247, 0.41392645145506446, 0.0020117585643545936
0.2219365369650061, 0.7077180168746312, 0.0022943102003495992
0.18965390494842724, 0.5108471906681923, 0.002205036337825209
0.13669677207368133, 0.7209861700044252, 0.0002620887442582432
0.13124429929331285, 0.6939669183828212, 0.00023650609351443468
0.19758380411257476, 0.5396335333394182, 0.0023663225721539784
0.19428631223792034, 0.5659949664445012, 0.001997498497065494
0.1786396814787636, 0.6666866354043716, 0.0009950051205794056
0.15547005507247727, 0.4369777988992081, 0.0012568772406602662
0.20813778229907032, 0.4973363674774643, 0.003502753064920242
0.20902718396127715, 0.572835296091676, 0.0026902865741146114
0.16973693462548475, 0.43838337664412197, 0.001837696139576992
0.13886592166941011, 0.6314430989044975, 0.0003662000936407211
0.13117352414586914, 0.5931660257930443, 0.0003229509610527284
0.11710359791099324, 0.6488156247121858, 0.00016384468097448704
0.21653472084151887, 0.5098632207207291, 0.003966246687443394
0.1523214068656675, 0.6220444247169765, 0.0005668540309135998
0.21183356357849992, 0.3894046026322075, 0.006173631938013589
0.24385309058552967, 0.7151308857332012, 0.0034006284923143375
0.1746254298292044, 0.547107304712443, 0.0013368842849196155
0.14982107394087923, 0.6398303128023923, 0.000498146473025343
0.17860419391796928, 0.5985595632499379, 0.0012333161561423277
0.127678723400285, 0.5216376709787502, 0.0003708083816833059
0.21935692582524755, 0.5390529801221932, 0.0037563749794439203
0.11661325002959462, 0.6264629414183859, 0.000172530501139138
0.23020054233672255, 0.6284898155535237, 0.0034169397018991026
0.14794262233791428, 0.3361938860534325, 0.0017068558681016181
0.17417517760349419, 0.6754556958464369, 0.0008671849130996318
0.18158554073929192, 0.4825380520976836, 0.002041081393363405
0.20268200720202845, 0.4910725059605727, 0.0031964029486633246
0.21645855940735256, 0.6324436536462432, 0.002573778565929062
0.10445954228934828, 0.2863800218401821, 0.0005086888085591367
0.1854667623216702, 0.47509653362294324, 0.0023108564722232
0.13783398658887352, 0.5902915414106957, 0.0004055090713718125
0.18325489985744928, 0.4814487886709568, 0.0021345696051172165
0.16802819004779515, 0.6458058882537467, 0.000809922293288014
0.16022457690971786, 0.6249152958543255, 0.0007016681677504261
0.18092577641609658, 0.632530492348006, 0.0011689741901572258
0.20030759749917112, 0.3880017680622051, 0.004861464792025136
0.15206310260851652, 0.3621380105025387, 0.0016600554801197605
0.21870670332541764, 0.6837792423721094, 0.0023042377462873746
0.22295064364939943, 0.6404675921601928, 0.0028581827433231395
0.19906459095647563, 0.29491707784288823, 0.008187281495534363
0.19498527856000092, 0.7189239212679479, 0.0012577897479342298
0.14248665460079438, 0.39142536733041233, 0.0010672702339413935
0.11285016925939036, 0.5335002637882779, 0.00020592371529472837
0.12565050393511407, 0.38616135376271, 0.0006305955667700823
0.2343287232972147, 0.5243668284931491, 0.005307961844007699
0.1262287114952041, 0.695937084178317, 0.0001981170235520017
0.192276538270933, 0.42119387225315846, 0.003445700330908043
0.1138832164972878, 0.6151491282732242, 0.00016122332007617932
0.1498993658310437, 0.530768452950866, 0.0007255624412603401
0.11909616938104287, 0.795091212115355, 0.00011751201673672843
0.10387404704928675, 0.7028426220273779, 8.239118473837109e-05
0.175933984087242, 0.27648550457906484, 0.005409535905775442
0.11874832940795768, 0.4398581762773749, 0.0003790544471051367
0.1622567303503998, 0.5192069153646552, 0.0010744270399255002
0.18038908439342918, 0.6283087375838635, 0.0011693507998887548
0.16528731360028237, 0.4989352633062264, 0.0012622093439646318
0.20163591039090298, 0.43841114388280183, 0.003920138411581186
0.15476349943391982, 0.5682796065471963, 0.0007284224733451194
0.18659744208664822, 0.7554899969005676, 0.0009386279427805214
0.1561213636951226, 0.6004365678063118, 0.0006780565388422419
0.24594621272898937, 0.37548593179294165, 0.01280781866240524
0.24164118086433758, 0.3882288233093269, 0.011085174223213388
0.12990700960707116, 0.7458226264269907, 0.00019573936030134695
0.1297214095385304, 0.6273335433543019, 0.0002749287625188196
0.16130821028650658, 0.43553674952843774, 0.001488006286179099
0.2468333953380923, 0.7383998845610684, 0.0033648049379946528
0.1604223977327571, 0.3964276949040598, 0.0017530888869494294
0.12080475951602168, 0.4735416949300966, 0.00035271119730612876
0.22311253986977717, 0.5090570911795346, 0.0045387726237677535
0.1287768530326971, 0.36891760078044233, 0.000769827641008387
0.19003496568624598, 0.6331623582763359, 0.0014481154762805658
0.1534082518697507, 0.6714525419443231, 0.0005019605947041893
0.2163271759429164, 0.4570655765174591, 0.004914706920041806
0.1356923661064732, 0.5245100272241336, 0.0004794045314464648
0.20267113736243542, 0.5593886236245936, 0.002462765256708426
0.18557424308540169, 0.5943285852762048, 0.0014804390421021085
0.15389921747551122, 0.658616668124934, 0.0005291035471168912
0.20381346773658504, 0.5176750207898678, 0.0029476515439313153
0.17594859831562845, 0.5842413744835835, 0.001211933662581809
0.1679883062294711, 0.2781379238971209, 0.004361875901561064
0.16274559036691047, 0.5471081530655051, 0.0009805283072563406
0.11872203498851183, 0.49947983817735553, 0.00029367557913618077
0.18659624440320544, 0.47245136872139837, 0.0024000728687731954
0.16355607156162838, 0.5257687592588182, 0.00108519977256087
0.2952750597335797, 0.6440588276090067, 0.009729994469052096
0.2328520514106548, 0.5238418489956508, 0.005172706256146423
0.21718827045273661, 0.4950631540907144, 0.004263091975118035
0.14122510688130654, 0.5863506913005839, 0.0004573655268208614
0.1598402908440158, 0.4310339905506476, 0.0014593598968444497
0.23237048788608494, 0.5636966385312665, 0.004426610138310547
0.1727242143002283, 0.6032109920916107, 0.00104804902150013
0.2003261815122686, 0.5140870019940378, 0.0027703751744780165
0.22935854828355148, 0.5839580748793749, 0.003894648408344998
0.08516617231889889, 0.5771233341565212, 5.100397171846844e-05
0.13634350553136182, 0.48108607618294136, 0.0005819851834973237
0.10773786623370343, 0.449136525138589, 0.0002369354127471617
0.20138101879076087, 0.5166501327678878, 0.002807077185114312
0.21416909631951425, 0.48399256826541415, 0.004193903655242026
0.19459137135744514, 0.6223395831052531, 0.0016636225337195443
0.12093104063875143, 0.76241078406065, 0.00013669546674980403
0.19583407333649122, 0.5852109555901228, 0.0019348590517756748
0.2308237188666724, 0.6372485812071292, 0.003363427349909584
0.17122581527385863, 0.5156745202229011, 0.0013801275291410694
0.11091631881044309, 0.4234328753124941, 0.0003029540191390358
0.1542097729703117, 0.6140604640690623, 0.0006140955841036521
0.10386489691904315, 0.6058352215568865, 0.00011084588005738413
0.17572892351789246, 0.664478123741427, 0.0009317830718843444
0.1950605844648976, 0.5686843311450631, 0.0020135817460074073
0.1424262605183349, 0.5608058752923942, 0.000518963845742116
0.1411976286932546, 0.7433172119552239, 0.0002843531818990122
0.1985704484985562, 0.582711349387647, 0.002074355833266219
0.21960436167911074, 0.6642140731563428, 0.0024863941889717066
0.1638800660400869, 0.5875358726672936, 0.000876621452081279
0.1930095343716386, 0.5123357373536054, 0.00236811698717115
0.23983483973134062, 0.5833532057179835, 0.00475025269999168
0.10839067613214579, 0.6489983677837716, 0.00011653145249245308
0.16659039071677434, 0.37536021229556576, 0.002308496342453272
0.16479536627450256, 0.13942365317616467, 0.0159533158541503
0.20622331938838484, 0.5639027178168509, 0.0026160360407376337
0.18120772659636902, 0.6482708739442093, 0.0011205478578150453
0.22430488111648855, 0.5848757842660848, 0.0035198892852775776
0.19222427627334193, 0.4053229340812616, 0.0037163770811484602
0.09230350930797794, 0.5451161177212949, 8.146067179636873e-05
0.22761779272032118, 0.596113791284869, 0.0036142223840839463
0.15898992498750728, 0.7504750205547224, 0.0004702401138270973
0.15153006831881835, 0.6377724971626548, 0.0005270224634138334
0.20012952011362084, 0.5069983708428883, 0.002836102006026214
0.16634393470982448, 0.9039087337941567, 0.0003955008308544197
0.18639365822229972, 0.6916074755888131, 0.0011146628324430312
0.09129646851618022, 0.4223258571183681, 0.00012932070368138377
0.19559060605888104, 0.6630872840890162, 0.001498841345083456
0.1184491597691423, 0.5320851199981906, 0.00025617951586915034
0.15848475670294238, 0.6968176496876188, 0.0005378641535121639
0.2337630562427766, 0.3438916202708403, 0.01221058771223196
0.16541045101924576, 0.7121390253519595, 0.0006216032651491828
0.09244082369054026, 0.5326085892437484, 8.589152511464812e-05
0.04714446189414498, 0.5529640840909091, 4.117817115918514e-06
0.22881552306470376, 0.6528666915217015, 0.003083564258038226
0.17512542917702079, 0.5053393927550578, 0.0015868509066382255
0.16719421992892233, 0.4179018078982039, 0.0018923041351297824
0.1097965187947286, 0.5138391358020763, 0.00019674388846903628
0.12309799052260006, 0.6071316509278185, 0.00023307966664210181
0.20411962864232017, 0.39375670163515997, 0.005128648868339716
0.20106010714591402, 0.48670928771534067, 0.003140947171611094
0.11961177736832601, 0.5200594798003352, 0.0002799401657703934
0.12032254818863942, 0.5341634471211061, 0.000272360709595745
0.11108726001319977, 0.4379975454492918, 0.0002850658973708625
0.12882123811847956, 0.6839218911492814, 0.00022433536897350736
0.16254211555048656, 0.44764052274656835, 0.0014566563409895144
0.09425914382665636, 0.6129907356730728, 7.064500076353034e-05
0.1723850893470895, 0.36215891616366647, 0.0028824793590525584
0.14736411295154775, 0.7040146982862394, 0.0003825833582844877
0.13170434545635806, 0.5685654378777976, 0.00035780420800935625
0.19097701634089076, 0.5388548661061138, 0.002043332941925462
0.21005978372555262, 0.48875373723077087, 0.0037765438896470277
0.21091354116154046, 0.3294253592404228, 0.008462749379394455
0.2178967639063524, 0.5852947045977551, 0.0030939988002168955
0.1271765984737235, 0.48408459800867343, 0.00042317019233001915
0.19341665134183664, 0.6955353618764545, 0.001296881966125743
0.1634777170391651, 0.375187604164396, 0.0021266039535019297
0.20577948945839314, 0.5403103008573105, 0.002822595067247488
0.14165312842379812, 0.514493150590233, 0.0006020074309509112
0.17557370153968088, 0.5840348150599926, 0.0012014620867777952
0.1637922755064829, 0.3745409832433182, 0.0021520791352111243
0.16620439771366882, 0.5642541155403973, 0.0010112149326020948
0.1953749994156286, 0.38579403101712895, 0.004406344454184749
0.17944238904089274, 0.5236727920241692, 0.001644811237150241
0.136727025674101, 0.8378892387928951, 0.00019424591024429165
0.29633397772871495, 0.5813385243817991, 0.012132381890821055
0.21765718604231687, 0.4012035100787702, 0.006552962668420812
0.17472858895506377, 0.5914141026541087, 0.0011470543894822073
0.19958377800279664, 0.6926030215882589, 0.0015015790011571094
0.1110185280118037, 0.4382783483171477, 0.0002839264872621248
0.1365470201470325, 0.6247502199986787, 0.0003473720410964956
0.20607885480329494, 0.5594452802895153, 0.002649706496284364
0.19560955421568424, 0.4310946697853769, 0.003547618162057623
0.2111415008868916, 0.49073831166274184, 0.0038316852532589954
0.2467971755179377, 0.49034149887901934, 0.007625448826711905
0.1155277329928584, 0.49293860621333985, 0.00026742360376799993
0.1934851273856063, 0.5869659778922864, 0.0018238512910082373
0.2005379252567501, 0.6967940987505937, 0.0015150314424478071
0.08786849708550114, 0.43583221419327445, 0.00010261085682291157
0.15745802153412772, 0.6098877640322161, 0.0006823247635255131
0.24324647393608123, 0.6579453522520708, 0.0039736634874723955
0.2035139396947918, 0.619647065496881, 0.0020440495223621228
0.19251999619883625, 0.5417161437627528, 0.0020946721382739727
0.17413567037145522, 0.6247660936690361, 0.0010125979837623377
0.08269240825338728, 0.4830453830442665, 6.394974875052489e-05
0.15570868546978664, 0.7223014789056897, 0.0004631326270089046
0.1734974788069001, 0.4741345325443187, 0.0017300261289574432
0.2174691222638973, 0.5560945076582939, 0.003397958987129506
0.22018532918583067, 0.6717182902751678, 0.0024595769598517755
0.17151761960158576, 0.5750256574787692, 0.001118278331614515
0.16612752457759633, 0.45669084218895034, 0.001540509227003044
0.20475644494766687, 0.4355183149556759, 0.004250092724621558
0.10762513703274931, 0.6354861859571227, 0.0001178077943361965
0.1392697759550152, 0.5930322144855834, 0.000420513153044405
0.18595775890560695, 0.5284559768194854, 0.0018896057623092731
0.16916103606870783, 0.6244432838810486, 0.0008922804537321873
0.17297137368080762, 0.6241364953521465, 0.0009851296097812062
0.1592170013062305, 0.517333637554594, 0.0009958134747903237
0.1364344737506619, 0.5890055522683212, 0.0003893975799445902
0.14549665364522077, 0.4884865047984476, 0.0007513010195684158
0.14608827619060485, 0.40446887290991695, 0.001115586606022325
0.1069444069793164, 0.5683112483843206, 0.00014324811975005835
0.13577488101823212, 0.5022104203256793, 0.0005243242614403023
0.196226299017483, 0.5686241781018938, 0.002067507002690431
0.14870436150114072, 0.6174167308518633, 0.0005176466624943783
0.19260552494584374, 0.5226550196232401, 0.0022546446600255777
0.18068671290728855, 0.47873920030283557, 0.0020288188565254625
0.14893617315932278, 0.4523953745669361, 0.000970801467673922
0.13818705513461005, 0.520162188115393, 0.0005281347341303609
0.17289931943135814, 0.6676866779149662, 0.0008592329514534464
0.21776487714064402, 0.6746511246440737, 0.00232249010281233
0.14680266230972958, 0.6192625004245282, 0.00048623434587322724
0.19269307203697647, 0.6236505684908941, 0.0015866973433325642
0.19225535748937983, 0.5080412392708383, 0.002367190164496156
0.15929756514470356, 0.5876462512566595, 0.0007734890374124816
0.2371018929356, 0.660456206106885, 0.003523643312144451
0.17520134396140694, 0.44743687345449246, 0.0020279958426978177
0.20804152392961517, 0.5874825198156333, 0.0025051637294340344
0.21411926684681354, 0.4514113075737168, 0.004816220029516707
0.16790283842795625, 0.60985210532667, 0.0009052576625315691
0.2152398268731977, 0.5330448208155484, 0.003534256219505412
0.18825475155628962, 0.4138303174515089, 0.0032523962668454085
0.12417380818250048, 0.6897150754353427, 0.00018765427439827574
0.14578538469797991, 0.3558458799980927, 0.001428182005885616
0.15468521864011742, 0.43542007361867646, 0.0012380089705444188
0.1447905823588376, 0.5257632311133453, 0.0006348086868397303
0.14999790589565187, 0.6254091716903524, 0.0005240977164977536
0.19867864987479722, 0.45721443673540907, 0.0033774685018896425
0.2189912358392238, 0.7607818334070265, 0.0018720750770077255
0.2081365068009666, 0.607063476057528, 0.002350877712653205
0.22328818813902016, 0.6348404420679472, 0.0029285053708043873
0.16594265905338712, 0.3714550187826026, 0.0023172283523630994
0.1630310221263549, 0.6489300835302574, 0.0007023590573516442
0.13300376665949912, 0.6573111992584263, 0.0002795279058472541
0.15472341239189166, 0.7910175708687481, 0.00037552615491788646
0.20232863081977298, 0.3944818126981104, 0.0049154607690486945
0.05134299342148575, 0.5489033796332856, 6.082628657922887e-06
0.10920073834764002, 0.5460761675600118, 0.00017007950384327977
0.11580568029351981, 0.5290839354303585, 0.00023460007146016397
0.10632611397323717, 0.44748784416928544, 0.00022522632727135157
0.2017625357119318, 0.44748730858493385, 0.0037731387206394787
0.09257900140404733, 0.45221558984495325, 0.0001199305433504205
0.1113286173393114, 0.6217774088278742, 0.00014281242943882323
0.11762915351691014, 0.47678774892566583, 0.00030944366597930644
0.09934072483422245, 0.45072748806668833, 0.00016462585187540903
0.11566296718994895, 0.48364098228958585, 0.0002792381533808906
0.21271159782139773, 0.46875173187706165, 0.004338716505635161
0.24288107578818208, 0.5180147618748583, 0.0063681576687649585
0.15195690109439625, 0.5149103577023026, 0.0008186014800272619
0.12386992348358078, 0.695733253005143, 0.00018244425806129329
0.28170975558236555, 0.44015261198901684, 0.016938994705689648
0.17839242545236733, 0.5086445569146243, 0.0016989996895327407
0.18857340094650435, 0.4560029724807221, 0.0026986369228033497
0.16843358310158282, 0.6389537682181985, 0.0008362059448956446
0.1685237006948954, 0.5805712920229593, 0.0010152269259371164
0.14226272947363625, 0.6592539052485282, 0.000373646980613824
0.14620941034195206, 0.5425664923921116, 0.000622230637685486
0.20561420068907824, 0.5157502606933676, 0.0030868864204397347
0.2007695661775355, 0.6013022557134486, 0.002044800325033231
0.18860107429663617, 0.6589422389670173, 0.0012931994653030462
0.15265405659885872, 0.7827671737787678, 0.00036142436449688434
0.20118757442221555, 0.7415145721045133, 0.0013569742216168255
0.11825493650146629, 0.760529528297448, 0.00012449117455300672
0.13687698120964667, 0.6645095825304549, 0.0003103253414079908
0.19800180081031457, 0.3992462337944507, 0.004363434466464767
0.20056581808721496, 0.5117806434770085, 0.0028101443561279167
0.20891628751183158, 0.6520505074557822, 0.0020714838008346467
0.16262957839915237, 0.5887607829590821, 0.0008440459838921368
0.19267211179035132, 0.570617595756791, 0.0018944299496213106
0.20400159322531397, 0.6437202375740385, 0.001914076238357088
0.19370603078959653, 0.583456542746466, 0.0018551485614960908
0.1091274709331044, 0.41749436696706266, 0.00029011798641190924
0.2358311819752495, 0.5545023057652075, 0.004882076564060586
0.12951392945100113, 0.6024934616429058, 0.0002959741165527133
0.14249360545697967, 0.6161519616184561, 0.0004308140693416828
0.1674059840846966, 0.5241808362810847, 0.001209472289107299
0.1090357612413441, 0.6200892048986877, 0.00013102705488516283
0.25770687776091633, 0.48985770359369457, 0.0092423083453495
0.161778845763142, 0.5004196759951094, 0.001141702009801107
0.20315285082931925, 0.688422190739523, 0.0016431493071931537
0.1578041067322594, 0.5374056415838196, 0.0008873234924339678
0.2306687597156932, 0.658501536444158, 0.003140529996925216
0.22636528716942803, 0.6331388020312635, 0.003127024506975672
0.15106687378934452, 0.5102898102238569, 0.0008122257788176472
0.12465532785832284, 0.4928832646189042, 0.0003737708874519129
0.21029697911939982, 0.4690601881576949, 0.004120729441211751
0.12059906539065911, 0.4341228810024913, 0.0004165372923391051
0.19769981847511994, 0.5583358634722808, 0.0022161667675699923
0.21110402976756293, 0.5558138960363741, 0.00298463893536569
0.18095207379567896, 0.4596143155909208, 0.0022154323211543998
0.229316132984793, 0.5265495515087942, 0.004786297448752334
0.20020007693214176, 0.5242691462936641, 0.0026564396479302073
0.17497870255283654, 0.494438174355029, 0.0016514930613764221
0.1842558996168726, 0.4514043265274035, 0.002487073570799829
0.18479224430775115, 0.5886875041106554, 0.001481169357052241
0.1647058083261413, 0.6058486807075896, 0.0008428626108470893
0.20325575960180547, 0.5140826116877856, 0.002953171415047365
0.16262608869224054, 0.48696099300410506, 0.0012337140280570741
0.127475893132557, 0.5773830606842373, 0.00030055316072661643
0.15374980582657774, 0.6491364623278757, 0.000542347974639245
0.18646127693828773, 0.6282657850977216, 0.001352910779197594
0.24975060029907503, 0.6703387531500259, 0.004299381882248047
0.1427351021092093, 0.513766361003244, 0.0006242665182857403
0.18513638532991375, 0.6762263925247176, 0.0011317369516209296
0.18657279262927406, 0.5228052595021154, 0.001958928453542844
0.2269402979102173, 0.39877482920515317, 0.007971160476823237
0.14824852752260342, 0.8099823596990421, 0.0002967375351593274
0.13545173182627507, 0.37368504175865613, 0.0009371444612010678
0.21556334707830777, 0.6781639042238666, 0.002197992452943124
0.18050934007775002, 0.5934178021252746, 0.0013147504889666401
0.20979892792488997, 0.5297267282151487, 0.003197396449531559
0.10752707951475488, 0.35835184524376196, 0.0003689989652682042
0.20176598602851878, 0.4524468213815672, 0.003691151003801601
0.11317156670002647, 0.5898883882563242, 0.0001705573525773623
0.20050383414386927, 0.6074235321527981, 0.001992151998788439
0.1883258459019268, 0.42093276484655695, 0.0031487929994499313
0.1660689064385366, 0.49835881070193644, 0.0012916660636234996
0.23342718453791889, 0.6974393778504654, 0.002949981339305538
0.1740612521309587, 0.5132900985021808, 0.0014973708644630823
0.10578529618450513, 0.5071781131997751, 0.0001714416104707378
0.20335333763915023, 0.6228583049646712, 0.002016012030719201
0.11209337263366106, 0.6748197904362778, 0.00012495165001999932
0.160298620441144, 0.5915614837280161, 0.000784616019596972
0.21715921157185383, 0.46956233425513266, 0.004735913032785119
0.1336509898149106, 0.5410064258320315, 0.0004215398530690467
0.22268122394537135, 0.6967691962897969, 0.002402126369126785
0.1707157294637505, 0.6084770762618814, 0.0009783202034745035
0.1766585204636758, 0.6623888559828796, 0.0009596923954346667
0.11787104552828485, 0.6414125825541368, 0.0001725370404078362
0.20251198371161216, 0.5885812769771308, 0.0022168495180054652
0.1362770087180586, 0.29701713717719397, 0.00152356956073653
0.18738440358393302, 0.6763499348352711, 0.0011930266125065756
0.16839283657953724, 0.6219751245828047, 0.0008815435282264563
0.13280039088827486, 0.5271441461428439, 0.000431702213674084
0.13015332704782298, 0.5779690675901599, 0.00032866988425459605
0.19147223319140427, 0.5961984297334241, 0.0016883005924525443
0.1286954713087946, 0.6142693619757021, 0.00027690229345339
0.1744018820266925, 0.5817774836985034, 0.001175647744826556
0.12499042752100639, 0.5446185250210438, 0.0003097695988782162
0.20043545698249265, 0.5719560000720505, 0.0022435134580518737
0.14182860670692998, 0.49567688332670673, 0.0006521228936718234
0.17681629966835424, 0.4444414722802944, 0.0021401038653365073
0.20523484768266073, 0.6487766307246539, 0.0019349972673088419
0.1671199523832138, 0.5150141377935001, 0.0012435181516100857
0.156597177973529, 0.6484352921673959, 0.00058922600693314
0.17215587994178538, 0.6444653070648588, 0.0009049466917876549
0.18464791412722117, 0.5630898018027048, 0.001613340216753533
0.1656832653465374, 0.5546448000290742, 0.0010321956978529628
0.08943986684763712, 0.5075197507784601, 8.180823719920858e-05
0.1778992638716743, 0.6573779053266995, 0.0010048516620219784
0.11090995753216328, 0.5174855572979776, 0.00020278685595681624
0.14401063357373362, 0.21055366459389957, 0.0038652390343294823
0.12816791480366282, 0.5066469987277639, 0.00039974583811086745
0.15995530142538977, 0.42138099028271886, 0.0015318280854676237
0.13851270645800218, 0.6105769528084195, 0.00038729277013012213
0.184241383146361, 0.5269414078413512, 0.001824504159058353
0.24922035698085515, 0.3849147926293819, 0.012918263956668967
0.14778214156721314, 0.6316479882093736, 0.0004812295285747332
0.13504334084440692, 0.48832569996075875, 0.0005415377020828211
0.1750844179383034, 0.5622149367077575, 0.0012807080032310968
0.20279426608702453, 0.6818836435242488, 0.0016618441972225495
0.22262243372265872, 0.5110400069988152, 0.004460251741590048
0.22342142583827132, 0.5897814202461986, 0.0034019891733857964
0.15841624820961148, 0.4901649477600093, 0.001084926154120867
0.15178038382498216, 0.6365344579479006, 0.0005329309045511396
0.17385244180022966, 0.497646881369175, 0.001584596968668176
0.16715652462115502, 0.5378569664399373, 0.0011412346955384433
0.1270517467637928, 0.5160447090874617, 0.0003707712533954465
0.18186181048356365, 0.7082927981209243, 0.0009536804733170929
0.19438571709045996, 0.5166847112772023, 0.0024023585157187726
0.19112043392304676, 0.6217079015647269, 0.0015400841923190842
0.16964437589548048, 0.6750733753618421, 0.0007731034106372795
0.13541996679755858, 0.49267363740647896, 0.0005385811408951897
0.1325391257178489, 0.5152142038799853, 0.00044802710456069966
0.08449122237631083, 0.3911109033867398, 0.00010723512464230522
0.1495048695846164, 0.652765319033031, 0.0004741712750626799
0.17742552838201034, 0.6168198093459045, 0.00112802868474999
0.0679823680694672, 0.43350843812218465, 3.3536246724743634e-05
0.1823213451886798, 0.49145095174290265, 0.0020030445500540217
0.20965251280105557, 0.4065098496357886, 0.005412826020948535
0.18884875782981367, 0.4987013995060157, 0.002270841939140492
0.17467484443046322, 0.5658513446428338, 0.001251338478301834
0.1096998038289265, 0.5784577388424301, 0.00015464232481725087
0.08268385818357568, 0.645872215473302, 3.575394105055887e-05
0.11896561842627712, 0.4319782395087671, 0.0003961837054538211
0.1507590361073575, 0.4813004832000924, 0.0009048572092703228
0.23855724239224252, 0.6425145222271461, 0.0038247888694259856
0.20209480488422682, 0.640837244211466, 0.001853160636987307
0.13777854787299423, 0.42026520937827283, 0.0007985793430134734
0.15407619407321013, 0.5925234085913064, 0.0006570391644274363
0.1372304335702612, 0.8143592573298832, 0.00020898529948188346
0.22337730719419785, 0.42357145707848043, 0.006589983825856863
0.22494362603699525, 0.5430933519457952, 0.004133721054727391
0.15376922316325425, 0.7047189089366159, 0.00046042563673664544
0.11952099768980086, 0.5556887401623065, 0.000244375254035103
0.1675443878090277, 0.42712822196238837, 0.0018281880055407728
0.17017250046168847, 0.49779488020860296, 0.0014413794275470152
0.17558836100343883, 0.45053853746929573, 0.00201968294126485
0.18095977736434316, 0.5376403061142069, 0.0016193595696381486
0.2692939556761229, 0.5514402665230632, 0.0088504634237869
0.26841423243070855, 0.5255281722452687, 0.009605462240510298
0.18803347131380238, 0.3608468297706655, 0.004255541489873172
0.1568684253867409, 0.61620151029624, 0.0006574712156336237
0.15599166322144586, 0.564751501682581, 0.000763655033000787
0.1656862083138803, 0.552946289446461, 0.0010386278939627678
0.17042907626618853, 0.5466674232143591, 0.0012031277527549046
0.18144464429460078, 0.5623078536139522, 0.0014979312276347323
0.1389969075968407, 0.3341992265152094, 0.0013127366919871552
0.18847447790412597, 0.4266328747381781, 0.003075873549168312
0.08316525099422427, 0.5808498025777005, 4.535055185816701e-05
0.15839053485800186, 0.5626969953207208, 0.0008226693105932361
0.16986393349190992, 0.6103940628006792, 0.0009510218022315743
0.16252041201382056, 0.557596760820759, 0.0009382535951546169
0.09830488572948881, 0.4118872456157294, 0.000188252026995456
0.05938061700616147, 0.3829244054729596, 2.3701536972996567e-05
0.16971224649094785, 0.3862930227116972, 0.0023652125313245206
0.16598227264924312, 0.6207107739287198, 0.0008307279817963344
0.16163346609330015, 0.6293177267569247, 0.0007190575084102633
0.13887058882808473, 0.5238899157397459, 0.0005320727755169807
0.14708997535522433, 0.5220883243326851, 0.0006899910634846989
0.09768300955290717, 0.5684058164763058, 9.612859811467585e-05
0.16656121308323343, 0.538314071126054, 0.0011215521797455332
0.18244543681016515, 0.4145243006095357, 0.002823911819989315
0.18770704591705828, 0.5961076637645936, 0.0015475012776014923
0.15299946913360152, 0.5994783989186777, 0.0006223783615497463
0.09756214354653618, 0.6012911267296248, 8.543467570380733e-05
0.1363807337211974, 0.5210444255476645, 0.0004967406356448744
0.12683852714125513, 0.47411112348091844, 0.00043602445209332824
0.17323208052622688, 0.4955819332189158, 0.001572894449646898
0.19660296366511235, 0.5316081431758465, 0.0023854972077963976
0.18493702002615944, 0.5831294984653825, 0.001514749570095217
0.18952421908124287, 0.551936709285064, 0.001883267826099441
0.20957565075709567, 0.551463063831659, 0.0029365179589405897
0.19136505664082928, 0.4845305337881287, 0.0025498768434796108
0.18401432862547273, 0.6091245982839901, 0.0013580033576163783
0.13132357596735844, 0.43061588884189267, 0.0006158765623913757
0.18514807501509167, 0.5730370996938341, 0.0015764670633224497
0.16773200263613572, 0.45106675878416647, 0.0016473821385421996
0.17115625131494114, 0.599214626707983, 0.0010203032159823262
0.22446533706432742, 0.6287661149395556, 0.0030552340989742593
0.11578416396456316, 0.45632822126115163, 0.00031511390146911876
0.22984109947427114, 0.46668360070599635, 0.006154640002584542
0.1633889956609621, 0.47985997059595364, 0.001296931937578033
0.23430564535744852, 0.6042835893444364, 0.003995106933868892
0.15326912115114036, 0.6407794280790604, 0.0005489708845338305
0.16149730375178287, 0.34535339470749504, 0.002378842303431402
0.20770863502744075, 0.5512104530255187, 0.0028257324248418237
0.20033261752816336, 0.5228491070418756, 0.0026786778351063564
0.18587257579794492, 0.4482340571827797, 0.002621220709766975
0.12481314302478835, 0.41399032892817256, 0.0005327591433465252
0.19814086051751012, 0.4987222726213209, 0.002805008400433819
0.17391112958891441, 0.5892408076792927, 0.0011319329936386052
0.18672330909608434, 0.6798895343489574, 0.001162419107952543
0.2817396479888251, 0.5451571891158334, 0.011047231820784015
0.18570868234898152, 0.5330226661389287, 0.0018464445087464378
0.1943820579488633, 0.6045085052575665, 0.0017548832919628778
0.18830067845186996, 0.547736162093559, 0.0018585376411350552
0.16871496348033568, 0.5377721240519271, 0.0011891733675469497
0.1340618752339049, 0.6529339245693102, 0.00029333960649392576
0.1462602770589854, 0.40980564918555196, 0.0010923608812523622
0.16501809614603527, 0.6949796959982272, 0.0006458930054585875
0.1845359427086841, 0.6815516869446565, 0.0010983090475229422
0.18805915446777177, 0.28187453693633674, 0.006978304463953403
0.14389331833032634, 0.6129240141158063, 0.0004544973819913007
0.09726557745277065, 0.4698548602817065, 0.000138057115604486
0.17231377465497508, 0.5580214265073301, 0.0012119149134955176
0.14811939312460612, 0.4901380236994869, 0.0008072751277576918
0.1770146928383505, 0.477097275617299, 0.0018663496666291588
0.15776682344142695, 0.5886914501062304, 0.0007386852687296064
0.12137115332210832, 0.4560214398050598, 0.0003882428630650164
0.1345188192731407, 0.5000418407696909, 0.0005076900033152422
0.18503303064409185, 0.6421585461399277, 0.0012519244383026693
0.1924901338348981, 0.4562126937497488, 0.0029514025946555736
0.19756878076134188, 0.5798562923613296, 0.0020487348512037867
0.20661587619473865, 0.5993540057366731, 0.002335174317151701
0.1767186338540781, 0.44831967127314826, 0.0020981311279027943
0.18974647501838657, 0.7581462948968254, 0.0010032847625465915
0.16514598003147643, 0.6893749627146624, 0.0006586794490319329
0.09748021119871272, 0.45753790833467306, 0.00014700908096908972
0.22859625721916704, 0.5663868682127348, 0.004079844907028939
0.1602458841698551, 0.6771142432854984, 0.0005980042722032088
0.16082127817324138, 0.518757746186819, 0.0010350185878185126
0.15870482080425657, 0.6516337211757243, 0.000618807145804049
0.19885172969423234, 0.5352394649379759, 0.0024739953704133147
0.15614448729479205, 0.566229432252288, 0.0007629539109394864
0.12999928340778252, 0.595899599875902, 0.0003075812986643099
0.1454103808168017, 0.513512301125373, 0.0006780847949383331
0.15739545781058442, 0.511538140560367, 0.0009682232668741189
0.13945371112310653, 0.5415121977909514, 0.0005072729969423262
0.20326944225260782, 0.5005095805837276, 0.003116436824013665
0.11575242717095455, 0.38997796605722923, 0.00043094140702952007
0.12397406066576694, 0.6122511870210032, 0.00023646249170105493
0.15288185747477617, 0.6006077504949949, 0.0006179455591034863
0.20404081624709655, 0.5309862829081436, 0.0028154921634592194
0.15455498804453743, 0.2965205479231452, 0.0026596324493981345
0.1321934191859486, 0.5045407536125747, 0.00046184545209712857
0.18793171685838883, 0.62031149511612, 0.0014366355081236986
0.2216153481897075, 0.440097158178115, 0.005895328920397418
0.1905190809801745, 0.42006374651466405, 0.003327091899472449
0.15311264131268829, 0.4338247028879898, 0.0011923011267145033
0.17354821038905183, 0.6990103654019624, 0.00079697973728707
0.20792762621026478, 0.5554037275060638, 0.0027961597321016557
0.14855487122499553, 0.6165097653930274, 0.0005168783296878224
0.20320061290432234, 0.6598586618283618, 0.001790334220344423
0.11404257899481329, 0.536453740492241, 0.00021330266108290637
0.14131171946245494, 0.48312382762639683, 0.0006755118596667714
0.18984821586253442, 0.6315591315193004, 0.001449194068956157
0.14479903309605735, 0.5503254033737014, 0.0005795563759469976
0.05395998283154199, 0.4078775668670981, 1.3709518112707943e-05
0.15222825137513793, 0.64954921581748, 0.000518466750251677
0.20300446754334323, 0.33256874772314104, 0.007018230820041692
0.18860604624102104, 0.5553168781324267, 0.0018210792195930286
0.1878890507805296, 0.6115245711974377, 0.0014767417454180434
0.07619476354973899, 0.4804755096429749, 4.509142267067644e-05
0.15175424176407096, 0.4650103540641506, 0.000997838698658888
0.10607484293402923, 0.7365974775599515, 8.226213767501274e-05
0.2034737225956316, 0.6441813777991718, 0.0018896710956596847
0.13372553932479053, 0.48439841434634856, 0.0005271129028264727
0.140738841420585, 0.4271869838525755, 0.0008486944240559746
0.16142095844248497, 0.5922722024507749, 0.0008071362488772073
0.18526451148124992, 0.5103704200695882, 0.0019928781351160763
0.12268139097446179, 0.517774120573973, 0.0003157268087472409
0.10139569991908293, 0.4457700146902611, 0.000184174779402412
0.2453140789776061, 0.4480700335776519, 0.008893096036684698
0.1488111808963704, 0.425673617244428, 0.001092468457762288
0.1353193332586854, 0.6414659259639982, 0.0003166664474141219
0.12352321030011554, 0.6319127287103081, 0.00021844665506668827
0.20671307677834141, 0.7127320277777958, 0.001654749781555859
0.232779024069824, 0.6179291469782373, 0.0037122861486485943
0.18245531190701916, 0.6536074124278848, 0.0011361105977728773
0.14335739333499237, 0.6150075743119767, 0.00044407199827708484
0.23549930141690967, 0.5929006958476601, 0.004243813783375121
0.15442904148777836, 0.37000149541955435, 0.0017020269492303932
0.19610486419458428, 0.6435315811750539, 0.001609811325435692
0.17345191855080966, 0.5552749400346283, 0.0012599050719049923
0.15272689757245775, 0.4717306279649038, 0.0009972546708567904
0.13709803727750045, 0.6430481524645106, 0.0003337462172509531
0.1500553798097351, 0.5092761341815104, 0.0007917100496618179
0.17369960130138046, 0.3270954865182529, 0.003653689264934051
0.15060158855633765, 0.38113932615798574, 0.0014363107337983533
0.11176621667544444, 0.5836910579708806, 0.00016487933900833455
0.22391844218420537, 0.7764190937093529, 0.0019822977356955445
0.10023825749170834, 0.44826406800116003, 0.00017315916307709234
0.12914617303699993, 0.5330826571879149, 0.0003733666914529488
0.11815713515478753, 0.4272206652387961, 0.0003930838347976239
0.20139043934280212, 0.48563341887848105, 0.0031777498290926636
0.19935250564810644, 0.519886638475001, 0.002651453771224971
0.1590768126576992, 0.476982870232337, 0.0011668918505711452
0.20129520936702844, 0.664034807302752, 0.0016960995547526888
0.244927725387848, 0.4069383973085072, 0.010707190590642226
0.17674891186137945, 0.5625085798519042, 0.0013337587747132653
0.19048647187668077, 0.5720217343212314, 0.0017928462354960305
0.17783625500466219, 0.6187988767210472, 0.0011322861677218043
0.24188932559346002, 0.3917015687317762, 0.010938777068760088
0.20043466424766265, 0.5524880521661095, 0.002404366014790348
0.16088624175083044, 0.6543151659183539, 0.0006517411069308611
0.1556577254594886, 0.64376481458993, 0.0005821868834860054
0.15968639145500496, 0.5094305337649501, 0.0010403386758183802
0.13140763445046355, 0.5260862173875209, 0.0004137925595056255
0.12952923648433343, 0.36190944633664335, 0.0008206999438557701
0.1807948779760026, 0.5195435586459457, 0.0017271931485795687
0.14187116158112467, 0.6357303517321905, 0.0003969667687658616
0.230020069387251, 0.5598621491552627, 0.004291142094333607
0.16464923672885665, 0.553893870905565, 0.0010068749910864168
0.1403268102155923, 0.5830544890748229, 0.00044974514607357314
0.20124924197138505, 0.6157185508453938, 0.0019707527179445325
0.1959412180756772, 0.5737665216493059, 0.002017664831124795
0.10131602132878108, 0.6728047113825353, 8.056967407479755e-05
0.1184577914687829, 0.48836838270748506, 0.000304194106582949
0.15064609034765233, 0.6894033539924147, 0.00043957574381489335
0.14918987576906473, 0.5240717729248576, 0.000728848911912626
0.20285148617090845, 0.7212467559255367, 0.0014872439282988255
0.19844188696338988, 0.6056010496731153, 0.0019150467923940693
0.20822499285132606, 0.5304363185309103, 0.00308492037161075
0.16150955770901593, 0.33582233464558975, 0.0025166275494090977
0.1161513092163273, 0.7314034940717093, 0.0001243821091604293
0.1655820538858781, 0.6043502775739731, 0.0008670553305724845
0.2169342014070993, 0.6787324522089064, 0.0022563786849947613
0.15419393790833755, 0.5497321581282806, 0.0007658782400479476
0.17648909454520673, 0.5111007351270387, 0.001605134894033396
0.16779572444675056, 0.6514489795232277, 0.0007911175139051675
0.2166777102977733, 0.604222347731757, 0.0028324025359277383
0.17946866987231672, 0.5862217428310588, 0.0013133851041786358
0.18453518789909443, 0.34681263507727833, 0.004241549274063153
0.15931032803913353, 0.518639636869507, 0.0009933625624011307
0.2709789955918577, 0.6012670249121354, 0.007651523035769094
0.11589410372613475, 0.5111401188831812, 0.00025220625831029296
0.17968339189006782, 0.5749892359632252, 0.0013724021556865591
0.14689623123798207, 0.6429975697812119, 0.0004522661773947127
0.22261145900945806, 0.483411324542808, 0.004983578774954809
0.16722354880202225, 0.5958382514442427, 0.0009315750606507824
0.10064546921031213, 0.5016988746841327, 0.0001407259698566298
0.1836078065911827, 0.5660524040122277, 0.00155730488419802
0.22173351903698904, 0.7159083804682971, 0.002233103964048603
0.14096443310308646, 0.6083231460835739, 0.00042148219279457397
0.162640567758911, 0.632823916746718, 0.0007308145879691945
0.21348353507000736, 0.3891989805204058, 0.006394782915994285
0.13454864489445126, 0.7633435238607917, 0.0002180694810244657
0.13895344583784236, 0.4823793098029034, 0.0006292360068923593
0.16049084522093962, 0.5183438299967675, 0.0010273328920568862
0.19203668171071103, 0.5144660153000978, 0.0022969046321691423
0.16746871797537216, 0.5154212273924302, 0.0012529956303729151
0.15350767620037162, 0.5788913172643074, 0.0006772425780668451
0.19786794320408332, 0.7973053801660834, 0.0010908585528433925
0.14159080002565724, 0.5603408665540717, 0.0005065419980567923
0.31153795791774497, 0.6479427679498881, 0.012171409279029828
0.18684709510271255, 0.686724965853881, 0.001142720886776344
0.14153420482623114, 0.5084478085206775, 0.0006141342780451416
0.22414935748662934, 0.5074006753858239, 0.004662606961722892
0.1458306868595231, 0.5978699409068338, 0.0005066262788200138
0.2578111172023138, 0.5411342470151765, 0.007587226976709146
0.14182857693532022, 0.41590252835213015, 0.0009262820657710294
0.1310419501455634, 0.5858676195262863, 0.00032958879251543464
0.1657303491641844, 0.5515337373842534, 0.0010451791312670472
0.16362502172251836, 0.6722228158224443, 0.0006650865350101696
0.19119233265151261, 0.5741319136951979, 0.001808891828344598
0.18321688511341694, 0.5999503412170342, 0.0013733570696600355
0.19155205641130568, 0.28939045112439765, 0.007178926482374272
0.19902892908387684, 0.4333852844646151, 0.003788339416683856
0.1707850533989732, 0.6025023280032337, 0.000999603623674017
0.16812229931644174, 0.5070409728907813, 0.001317137756160916
0.20560612106321047, 0.5811996890401229, 0.0024303774432905432
0.1872658006699263, 0.5633320402348729, 0.0017149610742475585
0.19132800494006877, 0.4849450845236041, 0.0025433513684976813
0.10825272412509329, 0.523056292334933, 0.00017840207631041898
0.12461651092834611, 0.48953602529830004, 0.0003783808665256555
0.19073787698315364, 0.5426138718446303, 0.0020040413025673117
0.14171825135299876, 0.5622933803144767, 0.000505025618900249
0.15560270458835948, 0.5798409803060087, 0.0007165120643259674
0.15931453386398328, 0.6869843262908, 0.0005662340575200285
0.16725032226842082, 0.47308072391198225, 0.001478802002786918
0.1724547832318377, 0.6554701122175152, 0.0008815180016513455
0.18681413746554146, 0.5687682328108348, 0.0016645547531925911
0.13069131564500472, 0.5685636588741628, 0.00034585440729947804
0.22048077456953386, 0.5412952467509944, 0.003810032360384618
0.13059762065610914, 0.6872950557523154, 0.00023593622269817225
0.15540632921464065, 0.5537672495164688, 0.0007812205380732497
0.1882364909975195, 0.6267982051942599, 0.0014171218995127897
0.19966058505044104, 0.4609156982353132, 0.003396324597380553
0.20243811374555443, 0.5519495795158086, 0.0025168256096738356
0.16577310292726574, 0.4802597932416886, 0.001379988067608756
0.1705196751294466, 0.601926414311343, 0.0009946879992124087
0.267826693467617, 0.5778504478168045, 0.007868500398504152
0.13557023924620137, 0.5314888740110935, 0.00046505116511963223
0.14987096109063414, 0.6206786715354722, 0.0005301383470389125
0.18026938907320578, 0.678220249856232, 0.0010006475457944835
0.19947965435094786, 0.5242250163496958, 0.0026150758146315104
0.20206933234620925, 0.6122967168223715, 0.0020288214335920612
0.13869277895225307, 0.5656982390941449, 0.0004537672872815095
0.14198882230118537, 0.4378455117143395, 0.0008399286274990834
0.1551931189800518, 0.6248316592372927, 0.0006099281452605383
0.2509762691280731, 0.30063977049366153, 0.021840206203305408
0.13817315226308763, 0.6580816476334721, 0.0003298150481587285
0.10655599898292438, 0.5617849869931048, 0.00014426747181540037
0.15536215919185656, 0.5440234416629987, 0.0008084436656865064
0.10186440266841087, 0.5340190886425904, 0.00013096374424549943
0.1776659850186536, 0.47993940039254457, 0.0018743554589054124
0.15936564347883161, 0.56847103693781, 0.0008281059299587789
0.14936244094004927, 0.5189892935429147, 0.0007469839497389538
0.12217537176584889, 0.571362097526978, 0.0002546074968889354
0.2195957414266988, 0.6043577449957442, 0.00300277597987595
0.1870104397154289, 0.5635283899506611, 0.0017035074715145966
0.18523222795943758, 0.6693712391565672, 0.001157669583240598
0.24168780461862494, 0.5691244425115751, 0.005162645007171164
0.2578652212008099, 0.31247818971362346, 0.02277480533975597
0.203793707534666, 0.6414224992591078, 0.0019191852942828632
0.18362821072167368, 0.501601052506645, 0.0019841860398450385
0.15147700472773387, 0.3520733213269581, 0.0017267329710524036
0.1282401788244288, 0.7351090985695636, 0.00019035680489897237
0.1608328412173782, 0.37058664049555734, 0.0020287811868514175
0.226297768524116, 0.45590023395793555, 0.0060230915095129825
0.1769624740452774, 0.4275569658333312, 0.0023208930193905513
0.12934169450981126, 0.5361314356281998, 0.00037159764768011027
0.18488254707631274, 0.5011361084796306, 0.0020483140013991437
0.1367627623554959, 0.5275577738212109, 0.0004905513164083907
0.11321227666165828, 0.6270238835996225, 0.00015119214743313617
0.13782551641206553, 0.5855753617437233, 0.0004119558470056627
0.21022619622867814, 0.5594304031640923, 0.0028926496039721116
0.23232125832334966, 0.6039384016267608, 0.003852760319198234
0.19316685663031266, 0.4838288520227156, 0.0026649303749905298
0.12030929125488929, 0.5095110583743081, 0.00029920924566672317
0.23076961592796189, 0.6228629036550859, 0.003516955919308882
0.2353059489607794, 0.39994593792834365, 0.009292832469135889
0.1885123376447785, 0.661922502039737, 0.001278929585504034
0.18239183734293157, 0.5214587926347437, 0.0017821721799504513
0.11806807530991242, 0.5997153439963996, 0.00019881928327936097
0.13624875322354366, 0.4739905985069558, 0.0005977087367591299
0.15697306603501957, 0.5394232103574548, 0.0008604730230246621
0.23893896564493544, 0.4599456444312223, 0.0075164986710532415
0.2741349131250348, 0.5201742440046175, 0.010757499794875525
0.16294130775552818, 0.6437257663496054, 0.0007120350636695585
0.12512644104328857, 0.6282634042040797, 0.00023389362035873665
0.16106861231563718, 0.47563834164918173, 0.001239539068350017
0.1530274684824345, 0.41245984658509494, 0.0013157939285792781
0.12789477321858164, 0.3489674804774218, 0.000834734348164836
0.12690836618844037, 0.41482564055051496, 0.0005709417812438547
0.15556271708968084, 0.6748405077372505, 0.0005283818585807131
0.14094108398883032, 0.5376310860123179, 0.0005392158205352396
0.20222134855660892, 0.3753357171365029, 0.005417075878046019
0.16520106954344635, 0.506142966378215, 0.0012237030590170439
0.20970856889462813, 0.553593464966205, 0.0029221006059059213
0.16496276005950605, 0.5562658099064351, 0.0010066979526176434
0.0953857940275076, 0.5629772925713792, 8.824953337210377e-05
0.18415073676169272, 0.46704215244447533, 0.002317485182573216
0.09792674864859169, 0.5443215174026631, 0.0001059792318671331
0.12816867750087912, 0.5577000771806128, 0.00032991712692261634
0.2265317844797771, 0.5389713101281965, 0.004329152095275063
0.22311746371871125, 0.678746783180715, 0.002553277464128554
0.1757385888737346, 0.7136210954162545, 0.0008080643197162471
0.1709427575563094, 0.42219482062783203, 0.002044010859678077
0.14745857639742535, 0.6102498328253539, 0.000510621057593747
0.13447885276443772, 0.6756749579731851, 0.0002776948532475927
0.1962876972722446, 0.5750626611306273, 0.00202425448593194
0.17981087750605912, 0.5607028920170826, 0.0014477398570038084
0.24738403829447309, 0.6862514595539999, 0.003934003150124199
0.24282957081879605, 0.5163293323447053, 0.006403821525651213
0.16673436750484402, 0.31848927055539966, 0.0032187469950497043
0.17485214603349886, 0.5382811358277765, 0.0013889922783505333
0.15900028290478926, 0.5232670549019618, 0.0009675420740725294
0.16667574705936045, 0.4941940288218778, 0.0013347794611619722
0.005783559997364601, 0.6731118411156951, 2.7192586264187e-10
0.08285410203269288, 0.554857162747501, 4.888607488934179e-05
0.21506453851846538, 0.651918860636584, 0.002354407075113818
0.21208244999118603, 0.5747482553165482, 0.0028485994991530985
0.14766246744729797, 0.6320512129551517, 0.0004789055745054169
0.1564653031624754, 0.5034795155433078, 0.0009737370343697593
0.17256214682435703, 0.6902005947988499, 0.0007972152417086921
0.1295924690432549, 0.5003890847459811, 0.0004302305093558248
0.18047893184148636, 0.6566546479136093, 0.001072922874502156
0.19628869271231517, 0.6062946261815676, 0.001821116388812495
0.1985626314378745, 0.5571430748181881, 0.002268723189654906
0.16295975255239073, 0.44151612687362823, 0.0015143502140067132
0.19423501785043956, 0.3072934821649026, 0.0067686230856079015
0.21197656507685173, 0.4858037978415281, 0.003978419984844574
0.19776857537649747, 0.33687510695136935, 0.006097054973110721
0.13916850196125602, 0.5588736305511031, 0.00047197484270320133
0.17992310860782423, 0.5897764363518616, 0.0013121202121453043
0.14708539293590842, 0.5501373165736501, 0.0006213405332571515
0.17977102134451284, 0.6313580404259068, 0.0011407253252373353
0.2058833345931881, 0.519399745680032, 0.003061228049713771
0.1311575356057414, 0.5166791588974833, 0.0004254164702708185
0.18968564945727673, 0.5563442271550825, 0.0018605031897362511
0.2002211617792752, 0.4747240086348966, 0.003241361008881055
0.24995961191991556, 0.4591604884049531, 0.009197381104139446
0.24390711489679257, 0.535268625376343, 0.00607589115165174
0.12139675100586275, 0.7239215259783384, 0.00015420341650258798
0.14944292066089077, 0.3855183891808166, 0.0013569605600436579
0.2083371949426573, 0.6151023132653543, 0.0022995621491628477
0.18316519882990967, 0.4460733775298215, 0.0024812031261623037
0.1784909479286196, 0.5407599073912954, 0.0015068436403586146
0.16403716754922304, 0.4398155393623249, 0.0015709801921722593
0.21306554919271886, 0.34996152074178466, 0.007841218137660933
0.17640314085929745, 0.4594011915239956, 0.0019824828630895376
0.13473938395353188, 0.5456765554649544, 0.0004294092143291293
0.14766168470375662, 0.3259238438099047, 0.0018009930375343663
0.140988434768352, 0.5491854724970235, 0.0005175295691188188
0.17904314432344315, 0.6699939469953639, 0.0009950341871224051
0.16845923532223023, 0.5250670310233256, 0.0012391207439753809
0.17864906064461408, 0.5142855376479162, 0.0016724783963729818
0.19488961501385965, 0.5642540054875034, 0.002037449558247741
0.15128287050804054, 0.5735322118148408, 0.0006470311600044619
0.11403661430094802, 0.6836279841148227, 0.00013131708027788302
0.18011742792530488, 0.6249110013899166, 0.0011742884721103112
0.19586886338361081, 0.6398241146733414, 0.0016199158773917688
0.1157966970120464, 0.5142850662076381, 0.0002482111151866248
0.12253812881963377, 0.43408552252523835, 0.0004468983680113511
0.13799305599078937, 0.5198084793915223, 0.0005255947291806904
0.1829791099701235, 0.295427426672137, 0.005631588605648678
0.15456874942159676, 0.39348079149594883, 0.0015109645476021523
0.16287370115476282, 0.7336702343505138, 0.0005471524466475186
0.11012875226397936, 0.5099877677491884, 0.0002023995491429479
0.19144085759571128, 0.7576804484457978, 0.0010445905983152892
0.13618802310547873, 0.6705524148525921, 0.00029806546822383733
0.162460176070263, 0.6358284074834398, 0.0007203979834746697
0.20449064527592475, 0.474480612041464, 0.0035603452522800032
0.21719512208163577, 0.6708635498248878, 0.0023218694727927132
0.12369184794866901, 0.23056819735818168, 0.001650698784802213
0.2046936490547696, 0.4157561880712231, 0.0046574443384466814
0.16622639496789615, 0.5998036403007208, 0.0008954217556852994
0.16818723438207756, 0.4185883929556487, 0.001935890829277893
0.15515823973350823, 0.7636640427766371, 0.00040791579842800883
0.15070702523748167, 0.5189827748625451, 0.0007770471977680152
0.11147097423667926, 0.6345324285235001, 0.00013790187107201284
0.18650122417502782, 0.5841423025848101, 0.0015664913555282418
0.17430416359702533, 0.5989764485826224, 0.0011063704135899784
0.16110913901619398, 0.6622533797964187, 0.0006400977608852201
0.19172105192862857, 0.5624535414009039, 0.0019078302036550478
0.1303353314417768, 0.46490763076469566, 0.0005111002048943274
0.17089978679798312, 0.4936594128505061, 0.0014933917386539893
0.2591634582736444, 0.7439108684979507, 0.004108172416704342
0.20739053270450586, 0.6085674910720626, 0.0023026062448742693
0.1616052872408952, 0.5801521482491921, 0.0008454473666777919
0.12363391237141239, 0.45685196984891585, 0.00041958542031647606
0.2443036081372082, 0.5394574322191495, 0.006024805242138892
0.14462375170703995, 0.6041204052129043, 0.0004783802376333746
0.17197710532700825, 0.6431762647010855, 0.0009044335656845232
0.08024558720785425, 0.5808913205312567, 3.8746209610293686e-05
0.19317872578218634, 0.5125435148926691, 0.0023753374648962967
0.177909152353816, 0.44784033730821327, 0.0021656683959028872
0.18071322963584055, 0.6392782949391621, 0.0011385228401363087
0.19480597813571315, 0.5081288752303402, 0.002507657271071345
0.13788278563358516, 0.47842555765835026, 0.0006182745477807119
0.24318584404776636, 0.5918329332062439, 0.004905645037365928
0.21291647752387086, 0.5586320540929742, 0.0030678561587681196
0.17375373426612142, 0.525050160503523, 0.0014199549080252019
0.11835812114417402, 0.5157870329516883, 0.00027170431301442634
0.20490695782933277, 0.5938904719581289, 0.0022929927739530043
0.1683538311910328, 0.537963248122448, 0.0011771773584735392
0.13071536085647467, 0.7454290688633352, 0.0002013679751816661
0.23379453461570532, 0.4509680726024326, 0.007104695428453269
0.1346455334290007, 0.6543958190317094, 0.0002976661501540704
0.19838285045064835, 0.389076213273713, 0.004633558933798858
0.07501585379643073, 0.3859229126550371, 6.525866998131868e-05
0.14454035523149406, 0.53660919794491, 0.000604786084535087
0.09349326011209123, 0.5071623860927466, 9.956464770709012e-05
0.1636189766825424, 0.6164775201954533, 0.0007906778362264327
0.1559069362622713, 0.6745652715413479, 0.0005339810728679846
0.17569192838085446, 0.5681315949129818, 0.0012734326353550302
0.13616923803163736, 0.4528284088205167, 0.00065320003431512
0.17330380614229715, 0.40578561704825267, 0.0023503267421005366
0.21560712821529143, 0.4415361992329834, 0.005189804202672333
0.17794412587248876, 0.5520195204844445, 0.0014266095032649472
0.23295553890983295, 0.6713420402355302, 0.003155582866190573
0.19638552980069995, 0.5256497640663215, 0.0024280335422920533
0.12224582855826044, 0.4246111509912135, 0.0004621818852490538
0.13422260177340561, 0.3454237343477541, 0.0010536452655714355
0.15028331711398846, 0.44204284466003674, 0.0010578998746353999
0.14488496523371272, 0.5076980103560593, 0.0006827435190042501
0.15553324267334476, 0.5399660706147771, 0.0008246224450769433
0.186411783161468, 0.26290927664133373, 0.007716793239884547
0.14159759589817547, 0.5886247430585364, 0.0004591290162925365
0.19667426434790689, 0.5115579781422087, 0.00258027101572857
0.13588478094200301, 0.6253870424469559, 0.0003393280344219386
0.1256786357294497, 0.4677632448433224, 0.00043019377714360944
0.15512209038165917, 0.44807277137063967, 0.0011836760052393953
0.14528744611885544, 0.5553585857596595, 0.000577593784644276
0.14591042618705008, 0.41420859731253656, 0.001058053221152739
0.1519310434316968, 0.6791918714964738, 0.00047013829496477444
0.1359699627559592, 0.5812370537769914, 0.0003939203503113086
0.16523502268016618, 0.41558523940964087, 0.001816748993719364
0.1569504362963209, 0.5021608070126657, 0.0009922826323160677
0.10753845583310864, 0.47396435828264544, 0.0002110353607691344
0.1535975698574608, 0.5013008238859848, 0.0009054410421078675
0.1278959043787513, 0.6424500043006164, 0.00024629547236406653
0.2236654774374982, 0.6059158579345169, 0.0032387443399339256
0.15543604975207104, 0.4763662601423378, 0.0010566024464263365
0.12727631895184643, 0.7106477582683057, 0.00019703645441423437
0.12195629568288122, 0.6060706326234856, 0.00022450085741007882
0.21432300634126902, 0.5236519394721354, 0.0035940420299028935
0.1561148216722486, 0.6293583080197732, 0.0006170554067709907
0.20471552198901802, 0.48087640372078533, 0.0034830712986880998
0.20089703526664512, 0.7949578178173266, 0.0011731708128273
0.15262396510917628, 0.4874767716744639, 0.0009311037289105851
0.19802705925729794, 0.35878629998521655, 0.00540607619018808
0.14219920768942945, 0.5863414397733654, 0.00047142465929739995
0.20892057090731359, 0.572758945936636, 0.0026849699663461773
0.12032720839720254, 0.5581592722226778, 0.0002494884878366939
0.17783062934191293, 0.6310681367640714, 0.0010885347040971232
0.14267924542907442, 0.5618935417056667, 0.0005210091533640849
0.2053257415373344, 0.6007710877310671, 0.0022609908719882217
0.1521836017185153, 0.49797771831873355, 0.0008809771651555831
0.20607852138271276, 0.6647118618748072, 0.0018769082776098295
0.16659497882142202, 0.40992670598544356, 0.001935823978963997
0.20741995021360732, 0.6007475173030914, 0.002364417912024819
0.1388970287146278, 0.49048941066151597, 0.0006075130752761265
0.20945763494689884, 0.5023794759359717, 0.0035295991003332678
0.17603043018096962, 0.5955488902255226, 0.0011687379845012548
0.1872781191448977, 0.463236741587985, 0.0025368972206271175
0.16751762484333158, 0.4161695956972401, 0.001924382635811716
0.14891488608915948, 0.5780729593896545, 0.0005941940347040962
0.14860588643689576, 0.4659317619417512, 0.0009063161506305543
0.19755544365250724, 0.4642170449721691, 0.0031956215187950955
0.17677756547333776, 0.5618049661870276, 0.0013380557333790683
0.20696074917072, 0.5128289629089, 0.003213127461751025
0.21488838775713587, 0.7539588137094246, 0.001753911280315878
0.13455452462843367, 0.4455426438716005, 0.0006402357033164575
0.2213026927200424, 0.5454848975407187, 0.0038136594350442338
0.15686720089779732, 0.6130680270693432, 0.0006641864481644485
0.1433906426740948, 0.44009650554513435, 0.0008680837493228535
0.18395368379862698, 0.42072559987214553, 0.0028424011709125415
0.17612082873987644, 0.680358941824434, 0.0008975463243626611
0.22011335437291396, 0.5395812557562871, 0.003806241268321526
0.22061873411443808, 0.5395609857693906, 0.0038451326508286525
0.15347571278588668, 0.5087954927931394, 0.000875898708671329
0.21698623780872467, 0.6188975795723181, 0.0027166266968969063
0.12433809881178287, 0.5427198759726588, 0.0003048407505199868
0.19300692653005733, 0.6721315829841105, 0.001375871988951787
0.16447744608074033, 0.3537438060709042, 0.0024572885987413687
0.24768005740046523, 0.6171082942013933, 0.004890617577774647
0.13993998033729516, 0.6087412592691177, 0.0004076095756734786
0.13004731415749038, 0.7920654686705568, 0.0001743772566624382
0.10923284169231187, 0.47190144968820635, 0.00022804339333360797
0.16473651999151015, 0.42802262756167825, 0.0016900826531108344
0.20701739761339108, 0.5722623618743684, 0.0025834832396714425
0.1593601807481708, 0.616603213422777, 0.000703761508364282
0.18711941602356028, 0.4974832581127825, 0.002191451746036072
0.07976175805323125, 0.4165323592235417, 7.337788051470486e-05
0.1647549815285836, 0.5573102013876949, 0.0009973820609080293
0.13464289074840174, 0.42958346368861466, 0.0006906815680847906
0.15577663193673325, 0.5130484971885685, 0.000919727601424532
0.19541890601587533, 0.5362194433131205, 0.0022831462102593874
0.1404595360374356, 0.5171646364511269, 0.000574028779106346
0.1832111349023859, 0.5749564529590803, 0.0014951480465726981
0.17175136755802517, 0.45727565112913066, 0.0017789782571231909
0.18603623726101642, 0.4896551391663391, 0.00220502983346493
0.17952009620693893, 0.41033700675223905, 0.002683997105084606
0.13342523541639822, 0.46520419030616655, 0.0005658818481840992
0.1739569255540585, 0.4069343984753087, 0.00237607790177092
0.15937563943497277, 0.7282256296101277, 0.0005047664889491636
0.12603750823601234, 0.4394270191353031, 0.0004936186284001368
0.18362977729686386, 0.41811793002223385, 0.0028557355427152585
0.18502909223112926, 0.5670887252010394, 0.0016051659973798295
0.15799382420781838, 0.5685076928492185, 0.0007970942842580988
0.1456688708645697, 0.5148778959214143, 0.000679784282278174
0.21469211539800392, 0.644410594741861, 0.0023912851777188092
0.1508245335877602, 0.26547408055305677, 0.0029798774705929497
0.19380327882315965, 0.4152370996668805, 0.0036708152610402727
0.17170992859589043, 0.505550293287397, 0.0014539081040409185
0.23454111326027477, 0.607410420633236, 0.003971594880563283
0.1642636669310301, 0.510656791291831, 0.0011724392059958694
0.22180739566129365, 0.5250230652095346, 0.004158183303795314
0.1871024028517124, 0.5476924160480968, 0.001807347440195426
0.14363371416306156, 0.5088256032204522, 0.0006542686402195453
0.18455197882720262, 0.40792744008732157, 0.0030670606520342538
0.1297199267192981, 0.4488810186400605, 0.0005369487938374816
0.11058901972209012, 0.5564460599817144, 0.00017316199906201068
0.09744509359106662, 0.590729821597085, 8.80505361325826e-05
0.12837195457924158, 0.6070912084734703, 0.0002803668655199492
