0.22953931852851886
0.22877569367271935
0.17847523363738863
0.16595361935830277
0.18958276242666314
0.20818662544523203
0.26199552049182917
0.14258077659337742
0.11322349502206445
0.21656102706014677
0.19537399840729283
0.17983273150272144
0.19193372631012945
0.20157227840551664
0.20197809066428543
0.22175367860093456
0.19048204447222733
0.12642802925750551
0.26380497384139545
0.1608589548046674
0.23154159408273137
0.20539930989997815
0.12556489424870326
0.13718017667444257
0.2533796734109742
0.20385158406877465
0.2556242591372554
0.2627283386229209
0.18465353510142613
0.255506544161643
0.17128042664552515
0.2601846489074956
0.18915103084069534
0.19641303653359626
0.2104682012036182
0.26309478395636643
0.2232309622849769
0.1891915611227315
0.3290101132675314
0.22494625882383235
0.16639551255276092
0.19564650208582549
0.23519027346466592
0.08577464470510353
0.14522920730176514
0.2085122623514173
0.289607430184297
0.19152874177173398
0.21376338688651778
0.20535258700726086
0.17701411311743262
0.26344636846049585
0.1754684912602248
0.15510294269049002
0.1659804864607111
0.2608019617627758
0.167594007043795
0.23695011186524062
0.252789194330225
0.22798462803059835
0.27397952287110894
0.14224546089513412
0.12952381500200044
0.15802177052441627
0.20241193172086475
0.26055592717003945
0.2818779973500417
0.13668867667558415
0.20724070851144824
0.1997045942015148
0.2056364190275524
0.08703023607209615
0.17282327113128496
0.17701618459977844
0.20533293950345138
0.19888018960394682
0.14400480467126098
0.1889873055749889
0.1738674196967629
0.19785265317130074
0.2899907209272894
0.22942561316074914
0.16093377904094233
0.19376265686835617
0.18983663088486655
0.1482430333470519
0.22304036712043757
0.2811199959656212
0.20590037657284602
0.10719901441887003
0.06392577021739085
0.19778101270206933
0.15103150764257378
0.23976208912829486
0.16018046651766207
0.2502259598435566
0.14457665323173977
0.2541193916367673
0.29156719415509896
0.18145341908782064
0.1846188776065116
0.14697027838868196
0.29576548536455416
0.20254744472663364
0.19774546864685183
0.2536166748824462
0.2480979656545347
0.22761183720387343
0.09711864939277533
0.25257620600613373
0.1296414642892203
0.2099295149298503
0.1562136336965805
0.1452691541884488
0.2356919980230803
0.212566968077021
0.14596073347301813
0.18071617886088823
0.22912551861648367
0.1970080259370988
0.21090000096143424
0.17051393194973735
0.2750354037247407
0.23240540706119495
0.24171107669613742
0.17915254139035508
0.2070714336091764
0.2208489308602732
0.15721084953903586
0.2201835612650745
0.19367055681773443
0.12385467027448419
0.24225717878305456
0.07877456601210896
0.11334343263640696
0.21555355018487293
0.17400457839300337
0.17775637900030092
0.24403110861365812
0.10579852895783637
0.13880319158647683
0.1771727017181012
0.27024065480104165
0.268297337479402
0.18774910557742286
0.23592118216346836
0.185419642557841
0.21630044847430624
0.1841122351676249
0.27720388212325514
0.20527621951143632
0.20820666722340897
0.12632062761354412
0.2563757410843202
0.13141375880309553
0.20753281586698963
0.09880979527250816
0.1568819266978103
0.25378259403801345
0.2137710043387457
0.22254593488377244
0.15216029897374983
0.2709559811469416
0.18266913739778154
0.2129636063716489
0.19742312759477398
0.19451193208721992
0.18078750365847196
0.1582494854190366
0.2615097345334844
0.23995002492888487
0.28067870709435017
0.1461765018934656
0.19351838592557746
0.15865753185768336
0.14979138511356974
0.1683447520158233
0.19029213458893035
0.21320811073043275
0.07493701081379545
0.18989117113088486
0.181835898695489
0.11899812142711295
0.11483511383677206
0.14737546960481948
0.11024619004939326
0.11499410870861465
0.16671114813997825
0.24050033427860307
0.169372990270076
0.26133902656677477
0.1762263713581525
0.192473686566088
0.2217776697377295
0.24436509592243758
0.1769244677558759
0.18990198263405667
0.18294182975990364
0.24088835495310273
0.1580718305759859
0.18096312586628424
0.19129063738267274
0.23178877030062783
0.18384800084665215
0.20928704583282604
0.20070314891545807
0.25345760237005927
0.21085329963677016
0.26011797348484583
0.16749199005316315
0.14741512645519023
0.14811041721341783
0.1394758739608749
0.23162902729787324
0.22829125359686128
0.1557523552792961
0.20022339522168112
0.16361231389700834
0.2104226096473458
0.2572943111609048
0.1391952459194466
0.18500733080311665
0.1688639017483311
0.13329997797289336
0.07782437023874766
0.12892439291853394
0.2787521327199657
0.2096219459525028
0.21845647646559835
0.11480003549061879
0.26821682406098
0.17584968617204183
0.16254680857611484
0.1754061401291244
0.07985923053253968
0.14831946941165172
0.1741050098979336
0.2190399954658524
0.18037782183238096
0.2675371558898303
0.2343370388354183
0.22639937647425054
0.1831210051949744
0.27458082896309355
0.16595113010680582
0.21521621505676222
0.18155621422889565
0.12726185384565855
0.1948444621732114
0.1473960793198713
0.16799684204831522
0.23752540607510747
0.13133465663436283
0.19800664782322294
0.2318988877955901
0.23800157715634174
0.11898303769310418
0.24158349496238046
0.22355860301859784
0.18797330863404305
0.16406929978641172
0.15560644537545634
0.2530047749627317
0.10572536818568
0.13042576267588635
0.2560949011806139
0.22230055795874237
0.16796099698320083
0.15687523863818958
0.12255538761975462
0.20682929356812715
0.17514392076072413
0.17632913522465407
0.29162010616903994
0.23391405977145122
0.09580296666332916
0.2335269829580437
0.20882826280091618
0.1396115180605891
0.19656566946830756
0.23715423922682888
0.23236777821726154
0.17091855823656904
0.1680275694617661
0.19348438694762865
0.1837185280725076
0.16185622611467354
0.2107667489589211
0.18968173810925773
0.22970691729601175
0.1564506928436
0.26808462693103097
0.16511701008903304
0.22626499231531907
0.2863725293042549
0.2502025283463069
0.19874280666200586
0.19825635961998841
0.19980123935135471
0.195671674407851
0.25592370340491555
0.2193039916767923
0.18462370828936195
0.2070243552740935
0.16116377934059292
0.2212974526257585
0.19479367867280287
0.14117288301018488
0.1608599700465483
0.2488521514774706
0.14502424106295114
0.2123970257135647
0.24441209325981358
0.28568356601878736
0.20491916001950816
0.26070991549774875
0.2338908683727574
0.19505069196815805
0.2368169846774055
0.20659504369301576
0.22829535476649976
0.2306610299564365
0.19784509848250337
0.29610824833761595
0.09663955672478652
0.26013976427000823
0.1827073869318615
0.2019981360975053
0.1722913277277963
0.18725301613777434
0.19740269961962997
0.1721484281398569
0.18131876137793745
0.16723059563324952
0.13360522437712677
0.24232274239054516
0.17821770696169328
0.1147811818171366
0.18697159738228328
0.2168139685793639
0.23983217472564977
0.20842513405974716
0.27582241341713454
0.19075199422514275
0.1477551176936413
0.1355988207916372
0.15568403531596395
0.25810562445479085
0.26004871952265834
0.20233719966357658
0.2263326016432654
0.2234962597646568
0.19693127881258138
0.21742342043521695
0.13964182490139987
0.20408647361815394
0.1281627260015587
0.20327920394096918
0.23917275824800252
0.13819659990904765
0.16228341279390596
0.19960996238670958
0.13887098921304897
0.17034406153276216
0.262837239164034
0.21431300861995262
0.22068491860455247
0.21845200234113166
0.20719911612806957
0.1684583865197287
0.24231498485874853
0.17789642348127194
0.16155846110003746
0.2444338141411394
0.19726238476980082
0.20030070627244717
0.13284549558676384
0.19279546823577484
0.18391169649581518
0.17678486881925864
0.22972089972452142
0.1966286721651024
0.2565163293873903
0.1615483052245665
0.15032650815177173
0.21896138978605145
0.24143129778647837
0.22838603376136601
0.25459985476477187
0.1623284695399639
0.24689526932449524
0.23250297594792554
0.17925043185231582
0.24481866191398358
0.24555425244425425
0.27812446352690234
0.178924142583351
0.198866340892911
0.12470046244771628
0.15909008418019616
0.16378982846972473
0.15240226761853795
0.19627569908260586
0.28177053915568673
0.2738113776121773
0.15079459120586697
0.30088371977080086
0.15154532776106788
0.19275595067806234
0.3080437563832963
0.18533403906320445
0.2052928433362688
0.11241941965811332
0.14568459725584987
0.2268190095364231
0.12187124787237064
0.15511942222507763
0.18877284097900096
0.2782376753043569
0.21929554238931004
0.18228563629263744
0.19900661486829938
0.20553256924213692
0.2411557347915336
0.11093893873959026
0.22040530505173445
0.17220157957038765
0.24098134279278421
0.2557080634931309
0.18473990881512742
0.2097430395737134
0.21062559971486403
0.27238671505472295
0.18709153391723693
0.1529528265259405
0.24690437438365792
0.18166395403853206
0.2236790407891584
0.14004643213649917
0.17074715287491277
0.1309271041118008
0.1683389579066368
0.1274829634775536
0.24538280171724516
0.17899513530350952
0.25180993331846135
0.2806473737790343
0.26207662186205427
0.2323327824433096
0.15588478908324918
0.2539919021858342
0.24025136817944473
0.24698782296084157
0.12182513200399818
0.22263832844797052
0.15803444149351675
0.14523181718977166
0.2458320241876079
0.15317173978037477
0.2085119375156566
0.1795388330761596
0.308294640204671
0.2702853439815913
0.19913765027706248
0.17496978905280092
0.15666069718426462
0.23083236459921697
0.23900821632558616
0.20196696875755937
0.1706466533160159
0.18595662161087675
0.22282174873747151
0.10581413322457268
0.20486791321938283
0.12185495718843964
0.1902649484869247
0.27713149366028716
0.3087466823662894
0.1422652769406996
0.2173080800730905
0.17792176022124317
0.2069562672836872
0.19848306399457027
0.2503981351395047
0.1451802078719899
0.22934012579244406
0.14706587661052117
0.23173934463015877
0.1622814491126691
0.13485445605776014
0.1554427221872145
0.14673871818182585
0.2533717272716392
0.3332871632336648
0.12156250855101142
0.14624379947376695
0.1569887155485197
0.10575425386706844
0.1473851653389492
0.20315412111702136
0.22836263242296534
0.16814604259313942
0.16368316727626847
0.16317785567073687
0.2576278591380975
0.15780252093658226
0.16350900426999598
0.21899232342102515
0.29126475495468673
0.19053613411921594
0.2556795633228011
0.1649818192979501
0.24474786817412103
0.2231171505921717
0.24752029914606666
0.16426624727879346
0.13228172422429757
0.14658704134713837
0.1655659334673169
0.22237839906813933
0.1902395635225439
0.25598466428127364
0.24533597484113173
0.18471083765788063
0.11604827486509087
0.14314932875980318
0.20095622564462634
0.23674326707502072
0.22311134705032404
0.1986384886032127
0.24270969558003785
0.17569924852956736
0.25383504457787337
0.195874841009143
0.07087138981089211
0.2556465920054212
0.2621063079517549
0.21445449766161087
0.29274969266912493
0.21156463650096505
0.24944309562949668
0.2795894146888414
0.1955358559011824
0.14553771299062812
0.1649033758053479
0.19797718991175384
0.23915388472409516
0.19807366505137472
0.09570496014029928
0.23673092832891385
0.25447835403088764
0.24667378779013752
0.25550583326472176
0.1851896453761775
0.23674263636410628
0.30742321350762214
0.25086862326556514
0.2092675462325014
0.2064478219428974
0.16557860919073653
0.06002210925986512
0.1942136850687312
0.12081460431724655
0.15926151618263604
0.22984605246048467
0.13315778701548636
0.1928017084469063
0.26205408732736457
0.1460046646718825
0.1813136162560914
0.18944687208369831
0.15627481912714236
0.16129742284134918
0.2503768046139344
0.08520550598252248
0.2035798336003781
0.2310014046497828
0.23016578491196266
0.2434345928726968
0.15754562931976718
0.2556625602256717
0.2357762212076494
0.1997020381802567
0.19480986371702297
0.18430211578694677
0.12272665904396471
0.1889362299022135
0.2465916605057865
0.26690113870618726
0.2875569144232619
0.20399077767180204
0.21550945560993842
0.16092099215714473
0.20401592488704756
0.18383068756407514
0.19143115741735706
0.20278935495585457
0.25363159449066597
0.12356184453206974
0.16519623960816776
0.18814561315066353
0.1699233033133815
0.13506621288623827
0.14645032358016824
0.08884079707665736
0.14391369709248503
0.16161616580427995
0.1702998400498564
0.16697856756043622
0.19181898263641056
0.1907945650472347
0.20793571719838197
0.21147755594766424
0.14104889084641675
0.1091895576683981
0.23901127440135522
0.21607533679876698
0.1690974761241737
0.17437333927592766
0.15440123302331568
0.23923017379015357
0.16941916424343248
0.13902348053714486
0.2678907500829652
0.230368833330576
0.13737159346568273
0.18812243127777495
0.2803253125333564
0.265918415735039
0.28090182938734476
0.2772026079992934
0.10057584240208053
0.20287689602813272
0.1928277552479552
0.19286586855405813
0.14477732648162467
0.14406611483723253
0.1559284011826703
0.17917627734794594
0.21556429222828577
0.12439099012646815
0.20784809183703273
0.2680976689008669
0.14658129022587044
0.1272309437906496
0.12613195507923014
0.2088275522283365
0.19042433957093557
0.19524610253326596
0.1255537591672678
0.11984519558838476
0.2479189957640104
0.16973428162124615
0.229056608502997
0.1488273562090111
0.3381820862903138
0.3557968057943993
0.1770755889159183
0.14206857491511776
0.22923464968947294
0.2673525550570066
0.22167537428519338
0.20308272754845993
0.19450816910339352
0.11428094496002365
0.1796102041618318
0.19408939037125375
0.21796978995275137
0.29143027521345544
0.23795830001166468
0.22657542566607972
0.17808278419197326
0.15517033390595075
0.18915379242016314
0.2383088399959127
0.18839226375550516
0.20395233510250926
0.2148868837524237
0.1540393598461563
0.25172191287142975
0.11636849611468941
0.2052301824488229
0.036709124334171395
0.30075166277719556
0.2564621358774618
0.18687630193111893
0.21360646231796396
0.24149565030263284
0.12790133925434471
0.22929809255872663
0.2064305165214545
0.1998177727328871
0.2721839421474406
0.1700296255469372
0.18971699591306912
0.2670305873098127
0.15538055627897757
0.2527609676189233
0.31453280594753064
0.25753633925575814
0.11735323423725313
0.22520320461270826
0.18464594880905266
0.27116783883455714
0.21272191250076752
0.21643262285014261
0.21162491017803114
0.20304793945626834
0.23461604726108828
0.33659886779571724
0.1618039943987426
0.14890338541233514
0.20659394471063144
0.1735153915487031
0.2256080993856296
0.2708801874984524
0.2313514615399786
0.2498436592132126
0.10245857753666396
0.21332662649266157
0.3340563469903173
0.2532465230418987
0.21696798386433197
0.1788515781661162
0.2758661226768085
0.21694931480521143
0.21184990166509923
0.1453467733034389
0.22835798293628065
0.20376462479605864
0.20802986270549656
0.20641307360118544
0.19076688586308266
0.2845424821703024
0.26360251673476237
0.24584466536304964
0.19175446506663682
0.3891156972134535
0.19211164371103087
0.16134582716525828
0.18639490747568432
0.15876497463231715
0.17526393055815304
0.15261949569552585
0.1768117395842339
0.27471309651388603
0.29244899282211234
0.27716468279416373
0.2255926156898415
0.14653855834484575
0.12489886825599804
0.23539960405655155
0.18148657267555868
0.16287049784584787
0.24790075690577476
0.21847059900909108
0.2905946022165993
0.173101384030576
0.18839902647115228
0.24621238587169866
0.14269275194784967
0.2320654580106094
0.15052244296183456
0.18331134625419124
0.21214577866760972
0.1924534038283978
0.23039663810000333
0.07476471728579945
0.15502213585656652
0.2529811849479057
0.11873951203479191
0.24643805138659913
0.10476912750470377
0.3270618291711097
0.21129569620339064
0.14532689483103928
0.1669839481370492
0.23085499061383505
0.28121694970336897
0.09705172125851527
0.18154206343494406
0.1447983908585392
0.17490209506745724
0.2044021054020558
0.15656517649238746
0.13963105330746808
0.10947428802066358
0.2073315975605118
0.16045048836997536
0.10926912103140496
0.14325594217642884
0.17997671205166293
0.17772277894887828
0.20998652017741737
0.15335716029249924
0.11034946190530989
0.1845073588431845
0.1555897276677768
0.25265493287194674
0.2319375281107824
0.19674695391630856
0.12158977180218505
0.15151001782755427
0.20421578720935366
0.27561687209853236
0.1536511680064635
0.17747556098957884
0.23471166412427397
0.13916859489182967
0.2353851974234654
0.2079231995609932
0.15961543406281298
0.2285156050175337
0.21504173084442293
0.13711745638624803
0.2915175654434248
0.16851840394167483
0.2656604067585572
0.18858043499744803
0.21304033399902356
0.17782242782503624
0.1839001067063537
0.21363828467319856
0.29555673401813065
0.17081870451254696
0.2028044065332591
0.2560379615309612
0.20082831985001784
0.17858146876249337
0.20561805313013645
0.2775718562779038
0.20626356950948893
0.23609548632496735
0.23233637127016832
0.17922756850540503
0.18077404103715342
0.21935455169824325
0.1241803745959838
0.1923559015263878
0.20457730281327524
0.20968213624444
0.18573229689996373
0.26243123608771624
0.08319608171847415
0.1832363787282541
0.2658283268160401
0.15619902240577294
0.20346271869644456
0.2479656829714021
0.22457335790747704
0.21276936537192515
0.22669713420673154
0.09997977244420966
0.20078870884960573
0.10237875426793126
0.22390981810911317
0.11276584035736877
0.26178412836940873
0.19799842244173985
0.1775183286354089
0.25440770249112515
0.21444958394315822
0.24449011939285076
0.1834669448996902
0.17369760303861162
0.21660789347690634
0.11082318457325029
0.14272701909352048
0.09465677678999532
0.23736397799721076
0.20030129060774726
0.11962160798877731
0.23091456281455724
0.2576043100532812
0.18255951906439302
0.13417704739682984
0.2733255143492878
0.1646927416271768
0.09548733068092166
0.2248336033473327
0.21002224517595805
0.2681054944946842
0.25134893220418353
0.1726303898810361
0.20523160757367645
0.2719887929777563
0.14641499813661618
0.15541925724988245
0.17779756561416324
0.21202901593431425
0.16495476315016083
0.25131837699494264
0.2443538441485837
0.2580910772232328
0.2265331492456134
0.18867478229180348
0.1271217489923524
0.16990995479690973
0.2854121918916135
0.10589364451573674
0.20602140454932563
0.2163351093717847
0.2647218036216386
0.2238324181516215
0.1959960367054404
0.20491267128987203
0.20870452165345899
0.1947552736225877
0.23755281801897798
0.20305460037742412
0.18151985457978595
0.18382107625310906
0.25098215442188476
0.1590643616437491
0.13644724579277637
0.25963277184632527
0.2684685202202276
0.20508530328573324
0.18327182559137542
0.25191101858600984
0.19933564243926502
0.17056984853715956
0.21409015185643765
0.20024026449404483
0.31565721164480964
0.22499773512380694
0.23925705727900204
0.24492469323915822
0.23635452648020042
0.18309975700026615
0.18259871668790592
0.16667190257842257
0.1663815220057882
0.18138578417627213
0.18879512396029313
0.1719583062553726
0.27141443697095
0.14216632576504978
0.14033937985030812
0.21378461195905132
0.19738955551714257
0.14986557367624087
0.2219108223094743
0.10787707484965904
0.29540162744094967
0.20309179545106779
0.19177582084640987
0.26117226194263626
0.19387532387112688
0.19045773311719746
0.26685477229578347
0.10507634477228352
0.25664579845660396
0.2335451071792668
0.23539441335549688
0.19682657479271104
0.21924091640269633
0.16929735234373747
0.1964018224848586
0.31646978573969486
0.20842729614526193
0.15834581656588137
0.2400276998038924
0.1606798555156158
0.1933196172071941
0.1303074750681461
0.17831926243945864
0.19898757952831245
0.1465075239473866
0.206616774347341
0.18287046665361495
0.19010614389405264
0.2574225873873214
0.12686579039698453
0.24622849738794017
0.19790330711331588
0.2567894985272746
0.18286074497318763
0.24912921230773152
0.2526658021162179
0.18044862538250275
0.18947697888207674
0.18060690750530986
0.18709826324875461
0.21849244820388822
0.31864265141078024
0.16302269215072573
0.21996380208309213
0.1472173323005035
0.05634374764466385
0.20452001415330434
0.13843407901231097
0.23866553689256895
0.17217444764410184
0.2707155463881351
0.15233139200940488
0.09037917046367483
0.17147139994148797
0.20469972166231085
0.23727279351326197
0.17760572246408438
0.22704658879244904
0.19528810680404207
0.21898145150739495
0.19183760699297073
0.20845704221067785
0.26404358699734903
0.1609024086522845
0.28965768487777266
0.12152454070573762
0.15417237625346666
0.1524389761320148
0.20294217865419786
0.31729084736900154
0.19484127828347425
0.20077916681821595
0.18636879267843984
0.21410394975420827
0.2162002855570308
0.28722718296203736
0.19903869198465657
0.1505849075218183
0.15893273049718357
0.251493749607075
0.14314998782578175
0.24512490569198372
0.22922563791229977
0.29200968803021465
0.24282004606652974
0.09661771053031867
0.2097010860966129
0.24807064993534653
0.228376920312184
0.1520227853273196
0.16058811217249438
0.2163017313685605
0.21109457100077592
0.26908145370412956
0.2473522048327518
0.3426431744815718
0.36077902045732607
0.151061155248021
0.24931434343819178
0.18849155268525064
0.19763765363973876
0.1452067592123603
0.2047375486784053
0.26088572603534976
0.19741560106302375
0.21425111836401345
0.1004546778603646
0.1808875273243107
0.2629802851936127
0.2130427883137488
0.2185689051893493
0.15096400398964707
0.11624799868552994
0.14919940744633786
0.1761815434745911
0.213021019767241
0.2706325419883212
0.17269992596010253
0.23536453266272114
0.1831553140335171
0.23953688408702467
0.13714669445061084
0.1929515075317865
0.16759427261278861
0.12847466351928577
0.181212711470949
0.20297860448384902
0.2909090249279502
0.20302622668222708
0.204870808760345
0.21727522888316214
0.19816797467862665
0.3270297580491053
0.23245448603260804
0.2148881611941199
0.2306449843925661
0.021235981340135657
0.19515629717568592
0.16002019202617163
0.29491809321164697
0.2004098099888351
0.19347707308498427
0.12163469146592326
0.14962730328099588
0.20884303328874182
0.2470251031732499
0.2661554980598101
0.2850877489175071
0.15493008486910265
0.17383646933965333
0.25000313957459197
0.19328657375475455
0.23898306697558663
0.22498908545936513
0.20478500701061336
0.2711355595780534
0.07927068809762305
0.3024444969650528
0.2056605542821258
0.2673687426865942
0.1225740788163292
0.18772878756370917
0.23856769562461683
0.21469814871259668
0.25229322205011667
0.20221675174336246
0.23177931167113097
0.217674957601453
0.1769018740930987
0.24350694784411292
0.3132905864435435
0.22291316312217194
0.15574261375663956
0.1665955867218897
0.20776304443616458
0.2757875946609729
0.22845547351054504
0.18856977492096635
0.2316954653625062
0.33495818438915925
0.23484003389241762
0.1131858281814864
0.1993767355139912
0.18576188305173516
0.29623923141529307
0.1473148292720056
0.2325576057677829
0.24759935986969672
0.18310187081599488
0.1626891497771459
0.2436095952605971
0.17029798243420655
0.17452406767170864
0.19146379386384188
0.20224312559630597
0.1527967554557825
0.14710958753170933
0.2827305968731273
0.18493728547137525
0.30569106640238014
0.2387201691755655
0.0876796836612409
0.11771221543226636
0.22792829961001765
0.29788497852262574
0.24683712716855494
0.2581516033290886
0.1251838229485333
0.19154558932598773
0.22245315555181808
0.2578301144213875
0.1441497116066383
0.19765755850392736
0.1889559374416435
0.08168232471062731
0.20599384461695797
0.22099212438419324
0.31136791257042906
0.25410484493894414
0.1460726678449277
0.21491345125357136
0.19350391432724715
0.20081749765544588
0.2790534550059848
0.08507208755977108
0.2468966561701836
0.22871510536832843
0.15816777893750086
0.16161520933938342
0.25146805404357525
0.2129652137184349
0.24677063474020178
0.19269481462840188
0.20223634157211545
0.17156106756936865
0.2940304786609785
0.23566013170126085
0.14375256287575014
0.176737975512738
0.2158883300714505
0.20750763153428306
0.28824921376597634
0.16316719857438639
0.21868368237679986
0.14907549975814363
0.22761807599080724
0.20268806217701446
0.2634079866831788
0.19876506074886935
0.23412499537144948
0.18665628050900124
0.19638950589786666
0.28169171249411795
0.1838674585939067
0.1066960683572849
0.192342641392257
0.22804368595570512
0.16862151219145644
0.11520402145397121
0.18286287179028127
0.24478026912345072
0.2609220302407622
0.20608437387066839
0.2255689311695321
0.13867036241580502
0.25899793483910794
0.19472566292733767
0.2259993215888026
0.14918700042042976
0.1721500086023125
0.2450213055156039
0.202618221408017
0.15486888860762843
0.29173003911239537
0.14099500801725126
0.2243059050801492
0.12946863627936994
0.22203957989998777
0.14769388768823186
0.15902595080357254
0.23965129684985714
0.21339153299919866
0.24304277779050565
0.26021611184112875
0.17967848384878354
0.16501317121145026
0.209832707168531
0.2007906757557344
0.24073443496884153
0.06190581938327383
0.18050163424446125
0.19442338986875302
0.16339225586641393
0.2305744490612765
0.15366356191688443
0.14797437269790278
0.306620274567205
0.18736870336464445
0.1439076472748523
0.16482108800707537
0.14395872932098344
0.20380242650385721
0.2660891594385177
0.1285128764088831
0.1416389370082214
0.14795703703715773
0.19413667441953766
0.21855652184429436
0.2431649316689187
0.20493992583448828
0.24017986176453215
0.1983291480317271
0.1661204376917989
0.18477626200828356
0.20280519367588637
0.1470681873691396
0.31460095249821984
0.23342984552693355
0.24660421681475156
0.13076507562307144
0.16161107725500376
0.14832257571831356
0.2825956206559095
0.2673893334384139
0.2187543806014714
0.12739733747168697
0.15850920609799787
0.2917621973129662
0.23758192187542526
0.10217737630082827
0.20619006797218242
0.2294940644244345
0.16081992877910375
0.2208441057199218
0.22410813369898447
0.2146438357821228
0.14382743278781093
0.15154711552545552
0.18219882922599845
0.1942584625389058
0.20337730521365288
0.19072983453592343
0.04536252081854536
0.16322195936504957
0.12966050277162322
0.24023384424826605
0.12366385532203025
0.23715635146717393
0.1771612524044597
0.12851848885779765
0.2368650618924533
0.16814749481171384
0.1305588987794895
0.16700195558885295
0.1921689380771401
0.34477366885355587
0.1996631773794441
0.27945666136087083
0.1691433830413005
0.19498119190678753
0.3333605847540333
0.17968468690895378
0.24948128700281605
0.2774945617565512
0.2660720608873406
0.1855297442569115
0.22675706581804292
0.22000570217706997
0.17810749097312806
0.1893135660645175
0.2563148488218473
0.1430649697929008
0.1024009649625172
0.2778425261896086
0.18950108995739487
0.15684497934149633
0.20967244684949427
0.20914587845889698
0.20352995376292646
0.14672832464120047
0.1770483989687431
0.20950140204769116
0.1803473320989206
0.3444665445922678
0.1885467936214324
0.25571762358267397
0.13823474779049305
0.19530544795771876
0.13957398996110826
0.2628244071510253
0.20307990953231297
0.16760662404489995
0.1434539106936407
0.16957070015891074
0.2926748414325434
0.2658455823993632
0.1550209206627972
0.1043211860334987
0.24913164306511854
0.19108521530296785
0.17761195697553225
0.13044098131920645
0.18179959796430578
0.15179409718132883
0.23447219588281557
0.20151064998387108
0.17024521772538487
0.21198802559736596
0.273391188193619
0.254004302272779
0.21087046422815076
0.1978488032871278
0.26342333340788704
0.2947338746982188
0.1144416341579467
0.1861582000896085
0.09239331755273952
0.21992880475467858
0.1639267966823962
0.20189288750826626
0.2374798269516252
0.1936038757998699
0.1695468729336712
0.21907469408055116
0.2650304616578006
0.16717998046799945
0.24869137524697943
0.23185388463070156
0.2357094200741256
0.14284256320879485
0.26096479921334975
0.1713693851373448
0.25117598109478567
0.1625937604815656
0.21005544994348227
0.27635816055087226
0.14434398073453053
0.16210056152560776
0.12899274248471865
0.17386364847926
0.2658335254956694
0.18902581313256375
0.198356071752299
0.24035981288511238
0.24238118891948524
0.2100149902887279
0.27260907564142617
0.20310629873078784
0.17775887825930162
0.25500781360808555
0.2280005820528263
0.14032413295843643
0.21770707246637672
0.15201786902021158
0.22330249296328614
0.19464091120492966
0.26218033112885814
0.2726471507787548
0.15727911680854942
0.17698146040816734
0.1358713399471142
0.2354724645112929
0.21373586892267188
0.2761515475444779
0.23585509195316126
0.15506375298719682
0.22228740369214461
0.11766973291580024
0.05869102804661949
0.23243439247885042
0.22873493273858397
0.1317259755807733
0.1933070935172195
0.22932842705929327
0.16318541035080109
0.19788802237317263
0.18104612686296068
0.31946779736649683
0.19917389269149968
0.2673989086613771
0.2511059377404336
0.2572873983623997
0.22418254205412685
0.20202856123192536
0.23297435148348583
0.1139414393532837
0.2051246892329427
0.27151325524223907
0.15690583691824622
0.2408910023704378
0.2660842424361626
0.1695585725462578
0.2104165550432804
0.168588504271658
0.3094659845281439
0.1676358858651147
0.1911861360625769
0.10272624595127672
0.19410622971517183
0.15876481920831687
0.16298690047751732
0.20856877818348707
0.12223800473863075
0.24104548396890774
0.2793655875898628
0.15989410193053608
0.20484649087950407
0.22028681014078935
0.17256973991961708
0.16478267911487401
0.1329279859619218
0.2834852110799251
0.16989092723114704
0.27043478738336746
0.11898968832125854
0.14216033865542038
0.0953460175456111
0.17021185381091075
0.09728639647212525
0.2372145836252081
0.21926496331026524
0.25974493844859425
0.18077776292626108
0.2523926350837985
0.2927807275207022
0.14634432207506828
0.12953848099266996
0.15967561595037819
0.17893500287333075
0.20373052592273402
0.27526157044007626
0.19902274254266192
0.32356967055808455
0.15940172121972868
0.12792039064342103
0.25295541823506307
0.10339711471257262
0.22769436358958034
0.1512610722932733
0.26938846218895757
0.2875212828749895
0.16730783505657737
0.20570719512465113
0.23296975110578969
0.19999776978542486
0.2103730260406828
0.16500529780127315
0.10689104859207163
0.17086333506467222
0.22224794121636765
0.09107864013308023
0.18632279118271292
0.24354238800921318
0.23867888039537816
0.17775999132930936
0.15163044626562344
0.2285591365898344
0.2878784542821294
0.27540537835914436
0.13077368800068512
0.15410191988639943
0.2309606385916944
0.22117060147402567
0.2516281726559444
0.10552794504673177
0.21856881637760206
0.17097488138094125
0.2100144124625175
0.19215777683901328
0.1604292176554703
0.1835065447893955
0.23581777359668998
0.19252514175170637
0.13098992593989622
0.19386231994793482
0.24050046833561906
0.11230568785771344
0.23282278075010757
0.2614975863333034
0.20624863272423952
0.2626943950158245
0.18247416415374584
0.1416002710831984
0.09922749926186664
0.1624134668551851
0.27218240834625035
0.19945362802419492
0.24209469889026491
0.15089453790443416
0.22420006420534333
0.29946462995257184
0.1906246075475564
0.15112650672013708
0.26659694249154364
0.20281880210614173
0.18889110679836588
0.23291241995937326
0.2059481656785423
0.12518775262508447
0.15183064614912886
0.08977588997214335
0.16712693612344148
0.2767008491980992
0.21850617380389992
0.2285794125391442
0.2776903381684555
0.18455286071244514
0.2782348529303917
0.2925346300891208
0.20406714991300715
0.21999235449481386
0.17137769429458322
0.2293642151730288
0.2016433699942013
0.15809473528534843
0.14628467551337326
0.19384614419901047
0.1976351903219268
0.14993940664661673
0.26869832491059215
0.21001566877450314
0.18822194948897294
0.18572511941749925
0.23278459967753973
0.1605351206701676
0.1627205838465822
0.287190184946591
0.1601053120567506
0.1025051248989371
0.262697098870122
0.173662371724323
0.18523954024563927
0.23054199999272948
0.15920614538722822
0.20667665633833748
0.13618820891928513
0.2090344653045582
0.22166589450394872
0.1380183397492914
0.11360667331879241
0.2240730281629778
0.17213560265930597
0.1504151038130233
0.18648157907388382
0.3224075346480294
0.18489404062693207
0.21694003472007292
0.2593991279614479
0.08520792162864899
0.15576676143510665
0.16362390130155074
0.22753401727854045
0.14693736631513993
0.2639868411685731
0.16946680451753987
0.12127068395524823
0.23114459533410434
0.1939322400042708
0.18568525527079416
0.24730130267048708
0.16479741027482908
0.1818072685857951
0.13481845103818033
0.14947406717029707
0.2365670779074202
0.2812736485374361
0.21699909962916894
0.1791082794094444
0.2941076799902876
0.2423665992077831
0.22717023826624494
0.16068091538832854
0.18090765717453103
0.28909063556997944
0.2011758705988423
0.17006401506116517
0.25966153779164325
0.1875300436641192
0.19999441033047757
0.051609645894620804
0.22581088299795177
0.20300538452286312
0.28003472619182
0.2261185241726992
0.19993151652672905
0.06556782825987101
0.20448301978034938
0.20003543309837857
0.25255369410200507
0.1782262347040729
0.30091009923891643
0.23396807254935004
0.20924060760373947
0.18321273364195137
0.20129606886154516
0.07187123652546631
0.08554229731876953
0.2380661047867786
0.11184658378553336
0.26813254446736084
0.1996657298565451
0.1464684174355131
0.19384711226903864
0.18694192303302645
0.23645550634079832
0.1075717688732266
0.2187094367747994
0.2206515350397993
0.1574870310631192
0.19436234484593345
0.13917929789380926
0.15561642120379843
0.16002048431824953
0.243939286229363
0.17497151217954376
0.1660851032822147
0.17543813712509831
0.17994279033761967
0.20871995201162966
0.19597317446333992
0.19598681166048917
0.18196930606304293
0.306868926897051
0.1716156631867472
0.22062245875189618
0.09304312272049992
0.21096377818598921
0.1137545050382417
0.19208839970457195
0.13526910234762346
0.2315738878178833
0.1743112997533265
0.32240301498307355
0.11482735937764275
0.2273640478936545
0.18509028283124113
0.19552129785704575
0.20118706268357067
0.1715621267662447
0.14498492321851073
0.19153604208899852
0.22822918145344617
0.16838639852894421
0.12427126942555161
0.13541649489154123
0.19699827962311145
0.17943916858610454
0.24985873174892928
0.1619844937437216
0.18297754154740833
0.23524832195008322
0.20600978410004991
0.16053302896648874
0.32620483163302694
0.3323171752591696
0.2149326816834667
0.22162106996983358
0.13268026153204432
0.12000866337105147
0.24081855726275792
0.20201632486162566
0.20478963793989272
0.20418496517360316
0.18065892536211522
0.18890288859696033
0.18807330987348755
0.15639865107269796
0.11129236335241299
0.22614235612911993
0.1750181935600157
0.23903161034133322
0.2389590126149878
0.196875125303872
0.20546703191083096
0.14947725434781806
0.1930891649858061
0.12436984600067952
0.23219720329363847
0.2225153203374247
0.09273563453130185
0.305019921345984
0.26093347931545174
0.06775631198432644
0.2774623589906848
0.17387932643674084
0.30150681022791814
0.22312576302402148
0.14226999884401093
0.3129324401284989
0.306654279282351
0.20317290312190084
0.21471154216720162
0.21039926334674702
0.19724358984864096
0.228213893219801
0.15677826944337714
0.21015366796344198
0.23574310832453918
0.24633003386607966
0.2401653092141311
0.25229362169632946
0.21618935882116325
0.1077248017558973
0.14505086775765064
0.23813533013419602
0.10734500236671994
0.15013732272640717
0.17892894761399508
0.2609567199255082
0.1863740427523857
0.22635375374048772
0.28271449020814454
0.15994697566454857
0.1932896751449981
0.18224296688509004
0.203647110419541
0.17412459569250316
0.1724409911813215
0.15856507303177864
0.14804524210290934
0.18616883227283273
0.19812904738654688
0.14415037887215604
0.2340128009991477
0.12243169438631984
0.2392259530462374
0.2865802467096464
0.10854510563365835
0.21787642070855348
0.09924766120221121
0.09696753188892222
0.15732236302000907
0.11098761405425014
0.11399958941774263
0.1518595872485466
0.24996227746045727
0.19871409458741723
0.161666451968207
0.24295711268582
0.17950824293930498
0.1719036969781664
0.2278489575416075
0.15287962176583306
0.22413592694625176
0.1356717250717957
0.2537230265721868
0.2020164149460479
0.1628614284191584
0.2529703078235117
0.22424678134527096
0.2366661780357937
0.21562266240196423
0.11907546765568278
0.19078841484044765
0.14174284115232003
0.18836286954744463
0.2501943088733565
0.1559472156786685
0.22893227347066356
0.19190061723374083
0.2539813189700175
0.28195345938867206
0.1608914070019513
0.1541435715789917
0.10913180547690944
0.20461468054024448
0.21384779384741373
0.20162206209501207
0.14820717520655657
0.14851580370054687
0.21698665378982115
0.1504805136548518
0.13334940799524786
0.1299800066197875
0.1577861606965373
0.22943672334746323
0.2765426117789102
0.1904934804937502
0.2551334101873907
0.23174271048810932
0.29562421841994
0.20371452836654144
0.3023609342533625
0.2279216210376277
0.1414145950859152
0.11782518142373943
0.1446645007242354
0.20858527161357845
0.14094224420925763
0.15010186382163812
0.14000507898808445
0.14691727629470705
0.1994481491827959
0.2380008879589611
0.16371942423947616
0.19118240947612827
0.16525169631030884
0.2225608207106397
0.20987015695201505
0.2302925666242345
0.17221998001825078
0.2574601645432445
0.2349454631246652
0.2728091383456451
0.23673832894231486
0.28345466580630657
0.17925303614526877
0.0902666915004315
0.1547420852060745
0.23345874262819666
0.18474291489923766
0.11153522595485059
0.29502148590208455
0.2609427103290679
0.1892635292721923
0.23212933993667642
0.27166827056929427
0.23085542895933703
0.12130554689955136
0.2024605996301358
0.15961576060747784
0.16065685074926908
0.2719463509752267
0.15407690027492615
0.14832225951252814
0.18239767301050963
0.18126829811700998
0.23356991873973718
0.2596358888795541
0.22136204347027444
0.24584640175962558
0.24257933000550597
0.15521228459474667
0.2757996630649325
0.14977650193729697
0.14419147622523856
0.2720225638622906
0.17418691815090126
0.16840313617650451
0.19361798578987277
0.2356520527083945
0.22316639142523578
0.1367171534493084
0.21094649085277353
0.19154032040936858
0.21767034822328107
0.20493774834078016
0.21137682903901034
0.2623311895792129
0.22691528492584634
0.23671190436975997
0.3226275087978999
0.14300299959232407
0.09720116360938053
0.13042420454571718
0.26723963863184685
0.22491827665233832
0.16819900902437476
0.21550702151740733
0.22198432466402734
0.1913865500956226
0.15261794243950946
0.14548670032458194
0.20386746273519868
0.12082553606621463
0.11672527167015666
0.245757645271733
0.2659802242620485
0.17662050565229714
0.1929488462834708
0.14642167660932898
0.14550370661432546
0.30061020051035
0.21691387633853776
0.18152485252546394
0.27441099237956157
0.2124449426480768
0.21031481766139612
0.1479887192716426
0.12040761483556049
0.14785848308565944
0.17021528632953772
0.1842371436552785
0.3005134137502099
0.2838373435953065
0.15881378270303625
0.18850682456618018
0.14141579760864256
0.30059752883360114
0.13840106992470635
0.18749641499642422
0.21167337300192912
0.2550512566909473
0.1577467100693711
0.17727052654489303
0.20526729235366095
0.2726444478262964
0.1788366942231322
0.22011434181103656
0.24903268954200095
0.18071802996418226
0.20835451022485096
0.22791042888429594
0.24215061514270503
0.24186416357934623
0.19342307014518778
0.2294557718427525
0.23203475373329285
0.23092470133729948
0.20364638160179926
0.16853285775429896
0.22329625575407996
0.22628963361016788
0.2279832262509044
0.16298848606244912
0.18014627600766975
0.13581317987225444
0.20581673016516586
0.31906118554391627
0.1901065665768768
0.16891088193673226
0.2181938671826506
0.2150905045796599
0.20513693533241426
0.13385087105529436
0.13003034806583513
0.16914192608144196
0.2653371847958979
0.22608059300325506
0.1048557859447184
0.2379144501362648
0.17396523039015618
0.23117053929658604
0.21031779436655934
0.2643304642461879
0.22078848254076366
0.16316502501024932
0.2725098740824659
0.2053264480984824
0.12319979234396734
0.22003394099176668
0.21293560782012755
0.2248376687620875
0.27259582827496787
0.17548809389097683
0.1431397303673767
0.26205789087476544
0.12602458948537382
0.2707333980320754
0.0936228865372836
0.12127231688985317
0.24293363099781726
0.10571659692065272
0.2717103594508166
0.1689890370416361
0.24645640562828566
0.13555661242468414
0.2271101461517811
0.14352371897746574
0.22477101143334202
0.16831785682252687
0.18210335745449555
0.19061347214806296
0.21041172586000353
0.2349279309151158
0.16782687579818725
0.28071033295976816
0.1742154974062266
0.1453334600937971
0.25268681695329853
0.1986881076133209
0.22573099308620465
0.17833601139823013
0.17906805298095158
0.17415905630580947
0.18622234641786983
0.26014798325805666
0.1478724576633622
0.1264245729167892
0.3239680020005086
0.24189289164882763
0.13028143204485004
0.23232766049735223
0.2589227547691733
0.2776804896284495
0.12094071308054555
0.2764424702734108
0.22393034276801815
0.20545525779100962
0.23931779328125002
0.15615909149629748
0.2450194588123267
0.22730859512511525
0.1956012814613091
0.225352309812802
0.25892080311491705
0.20479938783553991
0.22268464009946876
0.1536428303295281
0.26783755111647795
0.08414426105745354
0.30564475984849554
0.11323959856238527
0.2058347434415226
0.18582482701122205
0.20050838233432175
0.20222858145466502
0.1813813738573202
0.14690494673204033
0.1602580712009327
0.27115950198858135
0.18627870209701042
0.14907595422271896
0.18958370652198994
0.17260754736365708
0.2540932432875788
0.2421768840978839
0.2481481613261808
0.17582039664170737
0.283483739543543
0.1432555277571534
0.2291401885214162
0.1765474294047114
0.20826492094786012
0.20862864346936075
0.1706792431176284
0.16336517264094597
0.16831422373058705
0.21823350575940734
0.23128515655016196
0.09242942697717119
0.26299820844171035
0.17917474315386236
0.24212662857281794
0.14425169105924202
0.09665158942715657
0.24274624567853945
0.1727616279760365
0.19240967419841012
0.17510975833026085
0.10795598960240077
0.21982846667739347
0.2645651623620016
0.20047987588721417
0.1754154420174043
0.19836531480875894
0.2702582297722369
0.1838563767266561
0.100381766317264
0.30255523751526203
0.1559146311725362
0.27216173962937884
0.18710841595599154
0.22577831548522742
0.2703768813099752
0.2615388384024469
0.280518785588038
0.214096098732922
0.16553547697097448
0.29221554276149103
0.210817086996174
0.1666250052406708
0.18470364459224003
0.2352487426140644
0.18881163547211732
0.23883333023911102
0.1625737786665761
0.29078725209051925
0.20221624573006358
0.14039604583948082
0.15860335994152677
0.23319895135915292
0.2159647035149193
0.2301383257679392
0.2540507903500924
0.20658705137428465
0.2342284886301476
0.15314844256682503
0.147919436187196
0.1405168596858946
0.11755664160313535
0.16260601639745692
0.13365540937149686
0.17198468617600976
0.2837210144330713
0.1811844763005134
0.15579166078311776
0.15395031326270658
0.24077323445945548
0.17841184557984663
0.30224897785846433
0.11397327579877492
0.22156578452770814
0.2547857811144336
0.24136793621461514
0.22175604707330165
0.12813072431297304
0.19545364770816578
0.250861169703871
0.25904484138883144
0.25223209678360914
0.2619539045649046
0.2539918387251933
0.1444522978961284
0.2430777601189136
0.25091138313683997
0.19452538407705747
0.1448689701315442
0.1274436451488671
0.15649463143904804
0.16851202017543676
0.25219251605815524
0.2504780296117473
0.31384344569535366
0.20073771785543712
0.2769737262507488
0.15578523017906284
0.25979790067019026
0.1529290917747878
0.16285703364239693
0.1279394384689163
0.15919591938049485
0.22109155298154476
0.21272195666980004
0.2183343280433119
0.24602060118812388
0.24278445931068293
0.20500739308625224
0.19702064486075074
0.19876887881489064
0.2631524045995088
0.24194556634110093
0.15446311018859904
0.191650148940917
0.27451862232551877
0.286093534061423
0.21783211310705464
0.15063083704514693
0.2064591615524935
0.1387604578147851
0.1728445650444811
0.20349634373675898
0.1304781698218662
0.17836479393726448
0.15857970880151767
0.16872051508317965
0.2619178940180098
0.205069750693655
0.22544988695193524
0.15398948319729644
0.2530706768490652
0.23819814324215965
0.3503567425722435
0.2178062160247811
0.17898931656152653
0.1803955480131995
0.15696752413118356
0.15381271611179184
0.2471281773714843
0.132825655183673
0.1777654019638511
0.19316703381411884
0.12504016086759073
0.18199257469203606
0.1949045377722724
0.19397955615098175
0.24421513046503535
0.20356926517294163
0.1900922164464303
0.21222482469019993
0.18011323616200767
0.19601551316901428
0.21930794904065581
0.15441923101488542
0.16911173325685763
0.17549966869976744
0.2386139385164631
0.20025415724198828
0.21802783750216648
0.16752596997175184
0.17360245605138724
0.17829643720099841
0.23086737886121966
0.20736403659962382
0.14374414029244892
0.2536215125111223
0.3132091412006803
0.1730542846495074
0.3134034201191692
0.17518054351518078
0.12448494806842403
0.20857809412899894
0.21549039665413228
0.24562893425299068
0.2492691548428747
0.12632104245397618
0.28430532527038466
0.2377178309162246
0.20275211045148459
0.20694296577790533
0.26081049880426016
0.18517286228009014
0.12819135531521647
0.25022327700773617
0.20100216039110752
0.04059096754199806
0.19319567125748002
0.18677785680978537
0.23983215300088823
0.14094022822755425
0.2303278201077651
0.21798130082301032
0.14753910151187627
0.17078540868152697
0.16790858407576298
0.13735851825859555
0.18798091679569906
0.10276414370111295
0.2460633143433031
0.15649693344086277
0.30049359611713533
0.2549806903274559
0.2375084008005256
0.20579657239141363
0.05772473550292875
0.23673708845718575
0.1151331977079947
0.18390876456525757
0.19517165708367204
0.20351313649141875
0.1658696313036656
0.12983360029478153
0.19036980034826287
0.2214112844097774
0.19072925481385844
0.19211377860749182
0.2722505513442772
0.13446220453354502
0.1886224400358333
0.12846854602236812
0.23232121206887466
0.22448090953577238
0.2621333844706196
0.29276704286792693
0.1869441778852122
0.2777078993543427
0.23172308465567007
0.18633848065233263
0.184590050593224
0.2507866412521413
0.1889431435772288
0.11237702945108868
0.1533504616690245
0.2513609039929432
0.1981431191316756
0.2910141200792261
0.11854170615807708
0.23516483603539406
0.2242328450685277
0.20620267716196225
0.27037118810384453
0.30164129162538444
0.27543068009897903
0.3014916068431346
0.17538597227848243
0.13098343828822323
0.1730655957854178
0.19590627103976402
0.19175286473568745
0.15523980741340554
0.18704584378947123
0.22599812529494456
0.2005449571545098
0.08633971726405805
0.1856451059779049
0.2418861883387777
0.17470554403574987
0.0936503092327083
0.09499223538446998
0.16438796326555208
0.17556336258564736
0.20132153263286098
0.15679643851233932
0.1295355481571679
0.24441155287075356
0.25706048472354165
0.2943101686542231
0.2830956618387845
0.2176494415953945
0.20639466860429054
0.18463217634208154
0.27103241413446955
0.2078598431023412
0.19073596658580838
0.1721288508916533
0.147781774926825
0.2544512509273884
0.18020754958538907
0.19065949000250842
0.19490468918108514
0.19076647221185083
0.24203184055767335
0.2582552819349373
0.12718301538111293
0.17052860302453893
0.1991064908338875
0.16594722643461524
0.19180017250304227
0.2543157795804524
0.15801013459821356
0.240330103767912
0.14545841779206617
0.1915105408805402
0.15492129152812176
0.287348342614139
0.26198985303045774
0.25586208428961915
0.22706009366875982
0.2892032088759044
0.15637854794501915
0.2726025790598099
0.10797342475286968
0.13064822232420037
0.16326471524977226
0.1541095465781371
0.23955503351698007
0.15708360980029737
0.23479529355374024
0.315687178983252
0.3015957308782106
0.25528853261080775
0.16572131622514683
0.1351506963957182
0.1545341001771633
0.15622358356444407
0.1468444161345774
0.18493511791908102
0.27032515907917853
0.20903689411338947
0.25459345717764337
0.14592689395184102
0.25217122000409686
0.29252293071015256
0.2095234975638316
0.2590399845225188
0.2014285823779315
0.12136276439350446
0.2653104477225876
0.19372895020343553
0.25844053047208415
0.36133257023406373
0.25124056675344714
0.26576599013348523
0.20883830850920473
0.22181996106609692
0.1796862702194289
0.1993961007747438
0.2649760314310524
0.19399765879239506
0.16744337149138555
0.22760305418198853
0.27649810711110145
0.176106181025875
0.28600298845064354
0.19413975715497514
0.28065469367105494
0.21895289387093267
0.24169357358328142
0.22734173361313129
0.1739553224157311
0.1831925824534935
0.18124631803873215
0.20295547815810022
0.22039795820814895
0.0930150848056375
0.17093859374439707
0.2590733073679219
0.27492228576530037
0.2568152077506836
0.2645010743684832
0.20463643918581886
0.16508884032238522
0.18356393563977247
0.22867798003146805
0.16367447180739175
0.13488047094524852
0.2475463525209489
0.1475070149941517
0.12149553954530799
0.14200647500171612
0.191048771670601
0.1595292361898325
0.2008761679024783
0.2102004344939746
0.28205647497421216
0.13859060466425246
0.12147637785053629
0.2552709497697584
0.18327114342393025
0.23348426472868128
0.2420528797019154
0.20921057628851586
0.18144448544881636
0.1863690697140901
0.20002214255024356
0.2757041348537862
0.19445827488481301
0.23768588857451003
0.2641846799902773
0.24128846729450287
0.14732383775025243
0.1551364846639176
0.1952827481631573
0.16150296823018095
0.20930615497923336
0.11655451817546197
0.18351925466261126
0.11006598115656513
0.19551811237793448
0.19425952024175866
0.24538618522951466
0.2173218096337906
0.2975891781507622
0.2562123260216968
0.23401138173048686
0.22491536194361414
0.2097046598582367
0.21123084208546064
0.23955439771739284
0.2384742432458229
0.22825425998275783
0.2163470897955346
0.1624714737542862
0.17099280681879314
0.17424511789280556
0.27197561956333655
0.1397966591988807
0.1831457797829882
0.20527114354731427
0.1268474722628401
0.18771158310839564
0.23657020374027055
0.21971058083694164
0.24974486538085833
0.13030196853939663
0.19265989897884067
0.2656303884915688
0.2599456042116635
0.27663562229323435
0.2253826712210908
0.1684517541278027
0.18903629798817395
0.10354994097269854
0.24585065464003455
0.1261208279987359
0.30448265860943086
0.09583077625468926
0.24843353869545468
0.1612493997614821
0.25498368087050727
0.15680583458237105
0.17425812135660995
0.1989123725948803
0.16936692516906768
0.20198569461980515
0.15629991237518231
0.13921380416862705
0.07007401222199969
0.2681212875380779
0.07170821659364998
0.20059548032993477
0.11926224162940675
0.17556251494666117
0.32282583256369884
0.2035349675653279
0.1662185331720456
0.1690113018475217
0.19882508819040157
0.2955515870805485
0.24978631575758548
0.15836944457764315
0.17862413591642928
0.17183922813725833
0.16226090197444937
0.18451931735109178
0.18335393221462332
0.11682446911414737
0.06549444554851128
0.20118901169085013
0.11936526964100114
0.1979208758988338
0.26909802751267886
0.20280133986928017
0.23372685227249818
0.2625239222830365
0.27116741101338154
0.15607361524935615
0.2170643962809104
0.1915759011977546
0.178776132476825
0.22595738179362407
0.22357065164969925
0.2308565088196996
0.20272914776746784
0.16626065395546227
0.24142533343254738
0.2542873795987029
0.2544105438751722
0.24588506409297217
0.2303705469180772
0.23984600180950583
0.13857389734407777
0.19641745072016295
0.2505054242572009
0.24285837973001267
0.1516536247150212
0.17395296392496754
0.12012095680850193
0.23602514075722142
0.22956709285277777
0.15199394776504427
0.24658115885547008
0.18220262780297367
0.2213264475117208
0.2163392845109219
0.22002970984243464
0.22837739852511468
0.20987849960453414
0.17814419546439728
0.21077668034137537
0.19517103247011974
0.26604222957731155
0.25037587928343386
0.2579926720540118
0.255489115099237
0.17171060546525085
0.24843149583573815
0.22445009619488926
0.18422577628674958
0.21208877428998468
0.17736935092256356
0.16285370407892613
0.2671085555999273
0.16247979165596427
0.2982906779340372
0.28174677390918895
0.14497925089072122
0.24597226095208718
0.20728719007519528
0.1693169793857021
0.2627998561724189
0.07043461076626731
0.16645472865130684
0.15111980963113814
0.20886607799021206
0.18560486436552626
0.09288622566377443
0.0412154988160994
0.14721828627104228
0.1367033461529279
0.16426217097504078
0.24609246082085412
0.22735300719995516
0.23316208622644427
0.17622133330717205
0.16881478559349597
0.22716072207559063
0.2520862445484433
0.179856014357972
0.24602698696300607
0.21032465907204326
0.24442110274962175
0.25308097549147623
0.23241537712051327
0.23996720197513824
0.21040814738341743
0.15842621620168124
0.1703834127898155
0.2336782357260887
0.24069023710670123
0.1901454675962121
0.24012029266924004
0.1294326200505258
0.23693657171124166
0.22265844658063635
0.17897568763602492
0.18863953584570078
0.21490861500288302
0.17174873194232163
0.17417115648959755
0.1347661307402207
0.14115769216942264
0.1439070048151413
0.21548130078192046
0.1861746238295338
0.06219523392241921
0.2257833126838431
0.19577562132294346
0.13063530891797193
0.16007204757267318
0.18758368399700912
0.25282739786043956
0.12053115456547087
0.10039169421329963
0.1651249829954508
0.18155432893966514
0.2548963383813654
0.19942107799279873
0.18084522176971488
0.1283288951787177
0.18069450172210888
0.2376418692054066
0.23334820810072907
0.13921637885009006
0.17437865688410828
0.16361633771206005
0.27940963904344274
0.2603913851312381
0.17297110631226953
0.25456052828731984
0.17172323455364225
0.1610100753314813
0.21125598980771243
0.2522242400974524
0.17626630466518123
0.21702365629283968
0.15091702450486258
0.23615348606088765
0.30130742809762795
0.16925890287829684
0.2811717170442408
0.21052912316784955
0.24212891291477198
0.16930435577879427
0.16473677586527743
0.19309480732878243
0.2591503730231095
0.25239153667888004
0.23015147493212995
0.20160971190105081
0.25324353061304583
0.20273447253944482
0.29762245606112686
0.2566781505292396
0.18874592617690225
0.15651481850561685
0.22331282663370214
0.20507995400730392
0.21778200326252803
0.1685948280446209
0.24956393284008577
0.11762444189955147
0.25416742364500877
0.30635484366618015
0.1618276952278183
0.17958526920330223
0.2680273223618492
0.20413586049807644
0.1991485658288671
0.18109624664856044
0.19710340485275354
0.10005415126743097
0.22972174350160227
0.20980871751775887
0.17675824491168265
0.24517475320101287
0.17487132076436768
0.2228156753089575
0.22389472583782322
0.21915685232789958
0.24292465166380803
0.2437762695392002
0.2156064936943388
0.2460252449031597
0.2772083263187708
0.21552760228364323
0.17409877685542438
0.17387119222881042
0.04564183762847979
0.25847208490831863
0.1391833280398212
0.2286395683651382
0.22476082223833543
0.20235750099900154
0.28630179169510983
0.24389773075108256
0.22296412123019588
0.1908689265551598
0.1752162056432743
0.20543232980234444
0.19223844292479028
0.2643800375780516
0.24139484002452452
0.1611001187252057
0.22377201190076923
0.19367804790083892
0.12814276821925813
0.24962841754677112
0.24566439530096038
0.17863944783851776
0.19943809051262792
0.17028125016975118
0.1955778032406328
0.28067512518396887
0.1821879102067333
0.17428382116559765
0.20125488111647652
0.15688903643653868
0.11378048858385195
0.13048698943190176
0.2558775444164181
0.16535938586056528
0.17761517216534334
0.20285123804121688
0.28190517500227413
0.24635104490172285
0.1510601016488747
0.16946357950842622
0.23176833396146596
0.23256154266708656
0.21160978420958257
0.22959906911533567
0.21067096483125067
0.22710794751526753
0.20153997731433168
0.2768382874887376
0.3193051922939824
0.21189024320088298
0.2581879611805739
0.23892216043983894
0.21481930265413876
0.18849579266833844
0.19161723591206917
0.15816905062519712
0.13472689573230962
0.1309082154669411
0.24154991728400835
0.17350038115270353
0.2278078383335119
0.2344522304414631
0.2025402253258085
0.15077777248066915
0.18660863817030332
0.16191022950351125
0.19179716989376264
0.23796426402527301
0.16520689281246145
0.17866863384382037
0.2591812438990406
0.09224065179265395
0.18822445835670493
0.2018863530033678
0.10035874804778021
0.1860457516661991
0.16447335464982665
0.18356797426405225
0.27603562684515465
0.2724904226530227
0.2224135178235403
0.2650212332980821
0.2226590999875369
0.15544586049263764
0.2195837377854533
0.1203867121445848
0.18063071621488525
0.1648395219977618
0.28044531261918937
0.18892423119414523
0.22202812490035043
0.09737653413329528
0.26281177321547333
0.20657470064202543
0.23788487341933043
0.15262950773871853
0.15940463675191716
0.1950057991263666
0.16251331587829376
0.23983938745332642
0.20018502184165118
0.2064535250185769
0.21045059509984748
0.2158010424001432
0.21510605209526454
0.18515557630430154
0.132680457123051
0.24879932052797582
0.16030475110553202
0.16667115829286094
0.204128021006478
0.2520417112062032
0.19098461542504608
0.12323450398586433
0.260630118130458
0.19606316828878123
0.2527998496064832
0.14518147062644
0.18700971674711647
0.1708906585427554
0.08178023318279232
0.18023337368490397
0.2227572612613684
0.15769219992847552
0.1371120557838713
0.21819960045072342
0.2140162757768069
0.14703375648926792
0.2267428430286677
0.2308609773376514
0.2061665813956724
0.16582821474641246
0.22432350653683988
0.1530417676601762
0.16203206591437536
0.2465716371504976
0.16976422078216657
0.18149290058958895
0.2396873206582777
0.16709259081092448
0.13925787736337455
0.2623071001220944
0.24760575429391576
0.176000383088187
0.16004274443233932
0.2274342748592155
0.18111663914884601
0.20879019453300854
0.18284261016719228
0.27866293236635464
0.26895261264040393
0.22659767986110718
0.30172000571425955
0.1377594563949142
0.16446283985229235
0.20788342088599754
0.18664028260993976
0.22921709909015037
0.16854426852905682
0.11508451955959866
0.1851293226360178
0.23516106295984368
0.2087852873386639
0.2514313787088754
0.20981725370918997
0.14911034948876564
0.17013751372371821
0.17017056295478122
0.1940678416314438
0.23556270401015236
0.19286174871749778
0.14365804114221725
0.2220456307412034
0.20907368539561166
0.2452120858784002
0.2197393501000214
0.20112397097911291
0.23629598823948314
0.25570879559488424
0.15183862012982852
0.1754523565295485
0.18217686106420103
0.1672355260969692
0.2354929798412536
0.2208645819603957
0.2661443215756686
0.19875212972224787
0.14742880548218623
0.1756446976691158
0.19815585891473753
0.25650732793526776
0.17095058640729974
0.19299242341077502
0.1470833957795711
0.22142851691233056
0.17706050592916245
0.2259450587408466
0.1520024853930991
0.12765805268831895
0.18094919082314473
0.17821152689393907
0.2998265201151152
0.23050574704741067
0.14695941739870483
0.10776940589046417
0.20955370752501032
0.2218088777721535
0.28057847703882915
0.1670860820416872
0.24528438481551754
0.26432638577039613
0.2514836891484538
0.20939879756690538
0.1801560997991975
0.1685372304389466
0.330177396763752
0.21306638789324214
0.20636842560717142
0.19637643782714398
0.23311488429162883
0.15387922244650667
0.2352418490608134
0.22532665477981065
0.14041461647738834
0.10518903207565437
0.1730409626737463
0.2039203017861866
0.2200497944715847
0.21406617333043482
0.1926982400371923
0.2015985568094914
0.2631365013726537
0.1501207199309815
0.19688521685118174
0.25359212146275767
0.2120679004408969
0.2503135712866904
0.2447315153060165
0.25210275352143646
0.17979751145588355
0.27208120510575867
0.19868101053913684
0.24046584528587464
0.15635075196899334
0.16285404784523325
0.19974660658525242
0.17482422669580774
0.2263424918370054
0.21511255612762992
0.1541061984535324
0.2628238589300782
0.19001578998382077
0.15360590638550625
0.2138360750659154
0.25032049268727974
0.24657073464406973
0.21789514165248217
0.17260018512684797
0.1336314294928727
0.14706513474345712
0.1474562695221794
0.17403016178163327
0.23182438387502555
0.20578898714038366
0.21654807975792462
0.1755096484940471
0.2813185936369744
0.1970949757833647
0.041966063111161606
0.16014511846284796
0.23423376356599293
0.15380873773418544
0.19942320316257037
0.3216328587654091
0.26732001062579425
0.17833784372283337
0.3272767350362095
0.18013982025692554
0.17609125040287896
0.11409003123638324
0.19469086363312393
0.18602645734072262
0.25168979783248596
0.18817886866729067
0.22299092122101133
0.17353819635363246
0.17014421219490677
0.1711941427922315
0.17943366451812442
0.16820351364776961
0.20894139465420986
0.2583912784968626
0.25949657668680093
0.2477104917598477
0.15444206245740766
0.2548425999072653
0.17239858187027943
0.1741467826982514
0.20487084365530073
0.1910738459975598
0.20062343640282018
0.171123899144144
0.2270939964182894
0.2719003764142086
0.28529372983687445
0.1668685355045187
0.19442227287920338
0.2724969144884446
0.16313823294521745
0.23962557976211796
0.18123347651582977
0.22496373197971845
0.324817518919415
0.24889312714370737
0.2871671569762988
0.31446643331523094
0.19458045716037461
0.22559918065606638
0.2789371334236914
0.12813817135279484
0.23910272015117226
0.14394112395999947
0.20553870920324221
0.18191555300290313
0.25229892180041213
0.2325155981698409
0.19985929184967877
0.22795668914142236
0.22376369514066022
0.2724150550446258
0.08187465051930354
0.14943069132264492
0.18125140532848164
0.2663971877509091
0.21209769723664204
0.2159810640645348
0.23338432034893905
0.19497193233117632
0.1856457797254973
0.2186792869502968
0.11112430663118163
0.2632284027626951
0.23131675064820165
0.22471695532553976
0.11548308251750013
0.16518143881884614
0.16722548233075488
0.1741842033293961
0.11811331762681661
0.26978907376746686
0.22436180093375532
0.157577462839427
0.13141003268038653
0.1927278017739772
0.2112609216387684
0.1397273157982314
0.2578104391314505
0.269198135076851
0.13149426201043848
0.1520167035804805
0.2961659659435154
0.28121530305465625
0.16854862412743588
0.21256802494142088
0.15911898356282744
0.30976377963938395
0.22444915563864715
0.13325949119353953
0.17518679676340934
0.21274352442248814
0.11909615283905473
0.14971052320801606
0.19626260258617936
0.10619698757231905
0.12839387496532062
0.21728078480739998
0.12801707622211417
0.28689604064578744
0.1976786482285822
0.2386921526875356
0.1968088594269891
0.1874255208901423
0.11891603035519267
0.11842079224469072
0.2844111235114608
0.24891175231986998
0.17231827302766034
0.282715986545519
0.1974681802711958
0.11118445426803848
0.14506886041665085
0.2922814151808637
0.18169432426141932
0.12006281072875513
0.18863335420408436
0.2744724706163666
0.13437669075455289
0.21701313004844947
0.23627229072914313
0.18776450973863965
0.19343379839851713
0.1501347068466635
0.1785133596709294
0.17340095636563124
0.28060269791878684
0.2135178948743421
0.2313376512432872
0.2888105163359116
0.14705752001200129
0.20355667068581518
0.1464203855034726
0.12310434319665889
0.16307819137914412
0.182504678974712
0.22972975716331986
0.21485474765649945
0.1576505118732155
0.1867802469613392
0.24940188171316202
0.18736672597532483
0.14116256978929928
0.2509941562813709
0.19678181797972197
0.12186757185556168
0.1368806205634467
0.17919852040632056
0.19594691363081396
0.21826201387656785
0.18240325802024385
0.18720831446986005
0.2506001132039971
0.15312386954060223
0.1807640154657186
0.26648743691918
0.19896977372981683
0.23448342855091217
0.18448346817681052
0.2347462127226269
0.2366795065820775
0.25148595224492254
0.2809956407942928
0.23838627560403286
0.21811982047542447
0.28242705790033495
0.2546743130714173
0.19423423845296695
0.1590340031003934
0.28395857339001745
0.22719419382570824
0.28270317853912075
0.17387060528591294
0.2482862000114935
0.18811663055143435
0.17982310972661825
0.21160118038029155
0.2106456353689345
0.2375377670508181
0.22811195576334997
0.13473263353248555
0.2648212699525706
0.19278738401237341
0.16697834676662696
0.07900900838871153
0.290030883238144
0.21506156740291466
0.23320223676438656
0.16523014232186356
0.15794860898105254
0.17349111996561664
0.22908415803439258
0.22545206025824777
0.20888610200785634
0.10474102150489675
0.08653252948297455
0.17149970784079946
0.22614872908548378
0.23283230174307287
0.23172187802150335
0.15741731272469892
0.21342462421986488
0.2835253126374596
0.2041181317869145
0.28334949072834525
0.2513347995640872
0.18973898101355788
0.1451025026094898
0.31068504417568366
0.25123718891024127
0.19938384513306862
0.11175812239374316
0.17497746533676703
0.15595470657343463
0.14825369507572658
0.14496673316947914
0.21358144399809045
0.21422477151319275
0.2496581679325816
0.17921055638722433
0.2342098038511666
0.15982941183740218
0.244962813470106
0.1648087542521396
0.17250895715369227
0.21974790472009845
0.27133863083862864
0.22317967021045254
0.2121360942845626
0.19443942345968931
0.21224142052619008
0.26760491349106497
0.18556675546186427
0.18311320638562542
0.21059204987540378
0.17490827707137097
0.23509194868709246
0.2567677505084573
0.13197710920892158
0.2175222910542547
0.22453759088769032
0.2259658303404765
0.16080876603802557
0.256729157097116
0.20381984160094724
0.14868996425219563
0.20917814905898255
0.28085128809044435
0.1708271356316094
0.27903108463073956
0.23576409141760496
0.26295026313712233
0.10531810584956462
0.21715610988730072
0.16481871219297597
0.1832423337844077
0.26544374829570894
0.15692149725083812
0.16891856495758775
0.13555193400593712
0.19797234674413453
0.1873953889728675
0.16823354487667835
0.29784652021213887
0.12247622113024358
0.16385633635013055
0.1799936223177268
0.1502687936595006
0.16291688301249269
0.2831415019879205
0.25512567928638363
0.1533526724583995
0.18400432316375406
0.18681555427515317
0.23307904704587676
0.09838757995636804
0.13457671739420868
0.15713317146193526
0.1534990656292663
0.19864350613766515
0.1726998435469485
0.301352251131693
0.2488995175060171
0.2187076253284105
0.2468624821445796
0.14304096835155825
0.22264225746937333
0.19972151573893304
0.17381218127839407
0.16905576479624385
0.2502581269544878
0.24811450966858864
0.29055571836729926
0.12764803754929294
0.24553835817700262
0.2578805741057635
0.14959573529818862
0.18406108215217362
0.2353711674492694
0.2344600126683084
0.19756065495199213
0.26984565715634157
0.17404781909939762
0.13848953434610245
0.2341385871710482
0.21837535318152448
0.15588005813858308
0.09027147485276153
0.1219758305842435
0.14740086906741928
0.21819550419715392
0.17195088552820356
0.1364221185656792
0.27890592027015343
0.16067793600945834
0.1924748210353611
0.17434047394116942
0.20192675349874203
0.22591543050465118
0.2119083176881398
0.16744651756796042
0.2293520603442331
0.3184764279246341
0.19141657783829952
0.20289964958443918
0.1420527656544914
0.2232102509483212
0.19886878088975857
0.23288765380222592
0.1993967899932646
0.14728793580060529
0.09717152256859192
0.16433252067253884
0.20617327928035298
0.21007914110841827
0.17937297139398609
0.053264049570864475
0.31177936718026206
0.05317689777251619
0.31324692187266817
0.1984051362151244
0.18766898232205345
0.17179910769061973
0.19594449869971206
0.20879553423705344
0.19185441697668934
0.20770178573388273
0.20561925895309438
0.22431755406402112
0.15216671494058226
0.2271172516713481
0.143907084786621
0.22631226300999543
0.03979364024837123
0.18507285177412997
0.10841437468422253
0.13403184905560805
0.23823706626759528
0.18473045908600103
0.21907606586773176
0.2771991125136114
0.1540027810255021
0.19370616625241172
0.24930589387945276
0.11739920095084658
0.23620376830773215
0.1508768208979135
0.12189715089809226
0.32933856864681077
0.18778256879945227
0.19492854082680527
0.228707433813679
0.2337859158528209
0.2736109320814617
0.2218041262351887
0.20145105063123117
0.20009567519477692
0.15941528641823355
0.28842850890573013
0.16644939701650557
0.2527575928627378
0.18720109542636065
0.2100373695352618
0.21328508024307896
0.19959332883271805
0.21346911636773713
0.2479241516845322
0.25795892522182173
0.17624238220870664
0.19038815985373503
0.22150627123981406
0.22677373808661908
0.2928228960056779
0.23048284435106198
0.21359096720096069
0.14627363006539998
0.11092519698236743
0.20260724157720664
0.16464591899609857
0.16570386435255144
0.1689000712183818
0.21473483575834607
0.22887141967726587
0.20770883111519037
0.23099406335336925
0.19994570278223703
0.1201933790802518
0.2118769326023515
0.2337935145738345
0.1171251169341655
0.2814251309135803
0.11126075150755702
0.23235329641726565
0.17386460136145393
0.2551210996588275
0.20517522691704035
0.21863006267932947
0.24811107511909064
0.12046691869882242
0.14080024737099742
0.22560037640356162
0.22948533360008905
0.18808643803602643
0.21611313217227443
0.22463671130434867
0.18084508798917912
0.24211278531651165
0.2641891884669133
0.24294104081966525
0.15672501694855112
0.19708238983894666
0.15736565789001386
0.14872511254330315
0.2409407719664331
0.2610567619927845
0.23384242438402666
0.22745763694132398
0.2226215072763371
0.1191535546853305
0.20379813803480964
0.2079455346138733
0.13761139272063225
0.17822074192135373
0.15439780752736745
0.22927066304773275
0.20124187421672796
0.23274742078478694
0.281341210886365
0.09166305874834722
0.2597111779246073
0.1818811998066568
0.1108509267881095
0.20015458932560223
0.14948958093377648
0.2624298918476555
0.19830296159214972
0.14198254740904107
0.1914486940155052
0.13885233659919094
0.2015646109151021
0.20093812392917018
0.2106656655593493
0.1598820996965064
0.21575565067868058
0.1390797979500603
0.16383411791487879
0.20741209653956713
0.1889591316135442
0.25517289312586855
0.17224974976358823
0.1700565659395767
0.3586634067319848
0.2641622183251076
0.14549854477504692
0.22648753345561257
0.3034839026299918
0.11739861711044425
0.2633085181837391
0.19669899658361598
0.18614132765810748
0.21199438451649816
0.14046897162611677
0.1742224035123558
0.23526193057889447
0.17819612976830854
0.14309062219779284
0.1898476853874554
0.1371794862331383
0.2479532357061406
0.20146896637862932
0.20206883123123337
0.18579053919965355
0.11869643281252859
0.21990920743852438
0.20365180186068593
0.2249512625807166
0.20048306654206408
0.2671423762301029
0.17624194047791714
0.2510603609779313
0.14949406324297862
0.2014028648669172
0.24561244409423763
0.25229719939753625
0.17277875103887202
0.12124610193135299
0.16873702741114555
0.22137265578312723
0.11157758234697931
0.14543845590034374
0.23698291527182686
0.27520725165184867
0.1934855846894901
0.27953497885900913
0.13907232407183098
0.18222424629019143
0.21679536127772198
0.1667056115361312
0.2284789930112183
0.18585191685815539
0.09552151139684568
0.08953018698861966
0.1788758103359272
0.2647933022191051
0.2020003398555213
0.18923888450893986
0.2851004377229116
0.16426415193554758
0.10671907947996484
0.20068732689304583
0.0942613867099405
0.2552441214804318
0.14809702657305493
0.20465022969386282
0.11470338893876715
0.1659181597900288
0.22702983606265661
0.21211242458256727
0.12868747047475643
0.17527149677029114
0.22420179178937338
0.1285017368807186
0.21537370739792297
0.18410758077875625
0.14321381702426128
0.164521480085679
0.16763803810149808
0.31829321732275284
0.07583018264065743
0.21082994673043967
0.2525978809177186
0.21327333757878358
0.21399260148002655
0.23897835444606438
0.18598356394759538
0.16782238970579355
0.16234331286696294
0.2564565947313435
0.17567570138507066
0.20848133097485883
0.20172169543216548
0.16655319997385476
0.2722101314532919
0.1788360650575067
0.21732018024594377
0.2907392848725587
0.18912281543028894
0.20841376454264504
0.17230690956826544
0.11994314156361524
0.055730255419199654
0.23903563914351217
0.21541287685435834
0.26578034954876684
0.07276505970108299
0.22226698382196577
0.24399957548035545
0.25860323653401973
0.29678662580014487
0.2486772911977636
0.1908003748066384
0.25865229378995624
0.2712530132287596
0.16702146640052526
0.2856686665387116
0.19117817276242344
0.1694353573852849
0.2095945473110189
0.19695897075668647
0.207053091030879
0.2648493898321662
0.24180288905762318
0.16881936315486074
0.2136433237069174
0.18984108066785213
0.3002541692910544
0.2140136088851785
0.23731443707182562
0.19750049729362815
0.17388051960073292
0.25007963422438173
0.13993040368064558
0.12281984014844766
0.15555968469242837
0.16624133580147823
0.2062774420836612
0.1451750743829663
0.15561476638012986
0.14313935773979633
0.19403365290026597
0.18226387078962636
0.2719387287416194
0.1804049519494411
0.2256917821020734
0.1768431346369859
0.19115407724642922
0.26030170734281494
0.08650463010798784
0.21937665743574308
0.2235873419426669
0.12360737212910915
0.2252580150917891
0.2641346637352697
0.21079255652792545
0.24661019128933845
0.1792569835785729
0.23063410357495281
0.14656626095286504
0.036818505552747655
0.1664961790291455
0.2456992478681732
0.19239491353170868
0.12327439207681973
0.0869330710839088
0.24801726950551406
0.2228720109711652
0.1839975332686856
0.16985092264085652
0.1718079961563143
0.2327179861967007
0.16400601812531085
0.1746472817240902
0.30448723143341155
0.23025944277777977
0.2575192519011237
0.19082480389612377
0.11088451818381058
0.16773180411133917
0.17483801388412917
0.17787534238985347
0.13934502412476676
0.2227927146056777
0.24102308040205875
0.23788851631053506
0.1841585020154433
0.16156666870228303
0.1922438899114253
0.1820403576580302
0.29579411243844955
0.21778264133364872
0.23395825174796805
0.20411833016730252
0.14880456772317363
0.2077125951116546
0.28404648681590633
0.2745517114845492
0.18685151666980065
0.16350287650240536
0.13089015949186417
0.1822125501758521
0.1300357745404369
0.13865468084129937
0.1692871337594311
0.1412891235575653
0.2883316869409753
0.23103276797637634
0.2909050018370727
0.23620833141624548
0.2406047492225727
0.17841976299930312
0.20846112393552077
0.18737179767356563
0.12823656799092134
0.21558623041675745
0.29293821272118714
0.23098269618209802
0.20761573725088472
0.2848887734424803
0.1987867795688788
0.2966802543590361
0.20647530069215905
0.14178922598466623
0.23461796560779674
0.30322264617810935
0.25412242715414046
0.1891590679282842
0.20617009279994272
0.2411087457101022
0.14326740824410336
0.21386763557515362
0.1572884892924503
0.18479981494485945
0.19035168652819867
0.028876462579568135
0.16411997284232374
0.17307307971860433
0.10323592101062241
0.29918138119050597
0.22374096273615118
0.1815194929447132
0.21551837001546986
0.08202293705186921
0.28030446426637207
0.2238548520389014
0.3011696455391556
0.14057203953349018
0.2121319288882942
0.28746301076220165
0.2120012552389295
0.19969114955949294
0.1228020064577586
0.20330920455604534
0.3012834328203184
0.2747865343669432
0.17338191700485703
0.17301987848497555
0.24463521749845277
0.15257664943693452
0.11745549966261465
0.22980383551602807
0.07112247728218937
0.14009540381146446
0.2508034439624729
0.2372789216849697
0.12768827486176954
0.20498946637216822
0.16987497140240362
0.1611721111166073
0.11118116600411894
0.2682038907113898
0.19629967075567786
0.2636591388315319
0.2569149226463348
0.23493250882886388
0.2839727950823257
0.18035634083621788
0.24078389828913271
0.25930144329380594
0.1732038028703445
0.22820536140111486
0.18459893289164458
0.23752174994720468
0.2124167217581114
0.22527377516156705
0.1674833024613736
0.2631139165642315
0.17167256093911426
0.21219332179766875
0.2149124317105178
0.18399994639013548
0.2539916399095651
0.25190266188043775
0.25426608684121305
0.2731713009241933
0.30632084732698395
0.1833731444568586
0.2510677763679416
0.15779683074972717
0.2064293709131734
0.25909762667164077
0.2490814581274721
0.2262698383866591
0.2415714107489606
0.1750811603503163
0.23559346572005585
0.25362841241867656
0.22622578106340863
0.25238562128519726
0.1758674044883313
0.14335377049557385
0.1307074537001415
0.14786747577233328
0.2468174603578142
0.21735731423814986
0.20759957999992673
0.25724557908754714
0.29136020343473973
0.28241239519878264
0.18995758861738915
0.1509757460849243
0.13181508360030125
0.19728592280821228
0.2110983719619978
0.13078979433178578
0.18588215629201263
0.12801217108948404
0.19437467265914335
0.20707741808251592
0.25651972299030834
0.1095313696686578
0.19772067093206383
0.2897077412484762
0.1519561443062319
0.23255587227229227
0.1339006087469719
0.15043339643569847
0.24770043447723347
0.14101571208863395
0.20963173654845624
0.24506571053346302
0.20910386417405147
0.24003440259888403
0.23560425072170038
0.15661907264600414
0.173619650759883
0.1649938442067496
0.12387382580063794
0.2581998331181744
0.17687639981485298
0.2340339961001278
0.12180179901733623
0.21248324494102983
0.19144600095972675
0.21476183372727414
0.21949008677128612
0.24637490903220077
0.2181042599151867
0.20653886079796283
0.16848890546831502
0.1726790871856514
0.22505777814415837
0.2285221498199974
0.3135331717869238
0.1656140099734843
0.20183049333158884
0.219205308769308
0.1505081731146689
0.1664517244605555
0.20422087851711804
0.19005108771068369
0.16461174911511123
0.25741013941276836
0.15293816267899563
0.1747710823903214
0.2590208775531189
0.1443238369990958
0.2511817182151552
0.17377182555228426
0.20649654088742553
0.13875963534778382
0.2348703713329601
0.2611991150110383
0.22352513739027474
0.1671113562025764
0.13425490525735445
0.25447274285566657
0.11945833312353836
0.22994104000401047
0.20564703676024865
0.18488622590096598
0.21862744754157534
0.2015344321118241
0.15891610385899801
0.21469423471647933
0.214078602993519
0.0849973521531658
0.20581381692806588
0.17426155742057775
0.24031671579810193
0.22988848937674955
0.14918315406210034
0.22927867510578334
0.24764270498684168
0.14552158907009877
0.22406839023949388
0.22242851365836375
0.19891729669198546
0.2067883664531248
0.2972670367660717
0.16455113148779887
0.17164147842032607
0.19076191771779824
0.14754696245738272
0.2020565057342787
0.1933555458440661
0.17448102302048002
0.19486338988464352
0.15148234991803855
0.23054434286866538
0.154161937711435
0.2707629155686446
0.21821570462346757
0.18618381021862798
0.08161407756921298
0.2049375395401772
0.15912036997885887
0.2522694042114443
0.23284619271512288
0.06729039541531565
0.20532500685423058
0.23914618810555652
0.19871557898852038
0.18353133700031407
0.25670961730085257
0.23844004805434701
0.20799655305492246
0.20661213077445575
0.21383696220576226
0.2028359880429506
0.25934482653953483
0.2056448648351848
0.20400434561339137
0.15519290845916367
0.1972881670409178
0.13676009388764507
0.1502304232214087
0.2549172523513952
0.24121631429224688
0.2630684490608317
0.194052473984902
0.24485733222514883
0.15803952697165802
0.17462015321072577
0.27692327427129987
0.1170160613080762
0.15851857430341987
0.19840080018752296
0.1565313068788761
0.2772735024666505
0.1838400075704122
0.2300324315488816
0.2012699677136119
0.1460804493384887
0.16312617649688957
0.17768091484640108
0.25559074479633986
0.18069007215637597
0.1855796826555943
0.10193742533775166
0.25230994476855295
0.14467757577410045
0.25871336870107486
0.19215839794650308
0.21031588170857365
0.2125012195345512
0.13234166444019585
0.22232430178310486
0.21623107861063043
0.18363296765301768
0.2673559215947868
0.1950974225568911
0.15370433329118516
0.19642691843401594
0.2100501912965611
0.22909143147007044
0.21977659480212067
0.1669988708502688
0.3074838442937978
0.21127867565760186
0.24712351273814515
0.18289747081184976
0.24393829383764526
0.14390421813801865
0.2575345239563983
0.25825897402450315
0.2012516538607393
0.1495715148623174
0.19281638713349625
0.1962102037385747
0.2465132038389202
0.2728908752322352
0.22742055939381842
0.20374835100610098
0.2704146748825625
0.24600241042194382
0.23137848523730117
0.10521200549688303
0.22603638451733082
0.23607447848232024
0.16149313100493953
0.21770826366439608
0.21053241137201845
0.18064699864803513
0.12210194719843492
0.1645975994675248
0.19458422290438632
0.18806406833420428
0.18970264080070087
0.18591855234831697
0.23844202351835514
0.21101808274130035
0.2132963670424124
0.13997639548871416
0.21691474437733058
0.26444548486426805
0.2501313388217526
0.1778929324971913
0.22614078528703888
0.3392920805485825
0.1931960636055165
0.17128948596407373
0.2366562117569695
0.18215776507702214
0.16918438145645404
0.24859865016676486
0.32078820373861994
0.22869800027539294
0.18049256027000937
0.24884970140572793
0.0831240573210699
0.18942226785744973
0.2661630570047156
0.15257901822918765
0.11656585312548556
0.19366374403594952
0.2731967525009943
0.2125276437579394
0.20210001172747474
0.2805447642089812
0.1669971873197138
0.2396140690859034
0.22504308613006993
0.1744541259247361
0.09062449463872974
0.19357651070814913
0.20709688293154085
0.17862176143705438
0.18350856227789142
0.16022277687925432
0.11252653631714848
0.13861931308662345
0.20554491078182888
0.1815460059646497
0.2422970146281354
0.18680968682779642
0.15029299464054102
0.18455239665775494
0.149044106715578
0.2470262037128437
0.23850861079340846
0.2539252650411283
0.16208817209891918
0.19059349259382646
0.15324669665276863
0.17745956062295942
0.16095269438714893
0.14124910974199403
0.2323730238902396
0.2035096860303567
0.2299449245604049
0.21326951951403716
0.2620625328939654
0.27040502787524806
0.18272495812479414
0.24256176233001314
0.28097413300620266
0.26344583802636773
0.17121223086777723
0.18222935491956002
0.19871665767445165
0.16949131272509374
0.16260890796943123
0.22914566542114614
0.22731170212134755
0.2693742685959648
0.1713836290662523
0.15422411800286534
0.19234497548429882
0.16395694395420457
0.13277012364474233
0.17806885375822928
0.27207263349486843
0.17763823931607728
0.21955710837119097
0.2226812281251469
0.17724182812633657
0.24928093364915943
0.15859639216067217
0.1273726946666073
0.23676792738948393
0.15488770781639633
0.1959820735551814
0.25560495150354456
0.233775895792677
0.12569719915773775
0.18758585034692607
0.14593614428527088
0.1563111399383218
0.24219618437691726
0.16083133060180405
0.2468328332117284
0.18308884978711065
0.14376799824774936
0.19670741501046657
0.24701852314841277
0.10608630946959469
0.247084522343469
0.18898117006511583
0.14939567058753012
0.10795893238856213
0.18213739467179355
0.13341784706677437
0.17288214835202528
0.2642916399485282
0.18739432548138554
0.17775896255266424
0.2545681932535569
0.2365589797212646
0.07931750637527982
0.22657437088950438
0.1215842482234073
0.09357467059217242
0.2048339068957517
0.22705795499661324
0.27932144435779094
0.2157724688061769
0.14101220761420044
0.16150352333691056
0.10306265890291481
0.2564938146768537
0.1463851361197933
0.1729876050544828
0.10125480151280775
0.23010983582974448
0.16083992957822538
0.122734939282995
0.23837378549893876
0.1749432806773562
0.18003823117341095
0.18693405200986385
0.2225109615139409
0.15851908784499796
0.14799267181554546
0.19568087120338096
0.07257614686063457
0.19549403889056893
0.14447245304598794
0.22229089160986354
0.12394507744384098
0.19661256659936913
0.12290089292769517
0.21317365762628254
0.2503562365300035
0.21383085644324426
0.27815942885774414
0.3253671585909963
0.2358842000440073
0.1556611028668191
0.14704286673028713
0.2476859633193487
0.2577761490951977
0.16352747072681229
0.21088265153647212
0.2575553949891328
0.22179867920530388
0.15778028424314428
0.17969732556455878
0.1645605351515236
0.16654751602258372
0.26260550742717365
0.22716233307016087
0.24807510162415686
0.23221240502621524
0.21368067267222296
0.1667349694469277
0.24287678454760311
0.23073633384041137
0.18645220924639316
0.15376807723700545
0.1792460853492869
0.23623677567020288
0.21809707551866392
0.1862369512140392
0.17791053872428075
0.12209324727791865
0.17484614105495963
0.23435970810972748
0.2601691350813408
0.2182968160490415
0.12666815657566732
0.222630708226916
0.1589091283711271
0.1676620642379143
0.21727850557370698
0.2501571739668397
0.1389685664735033
0.15231840113409487
0.2286437337928559
0.14146677592265722
0.2678535477604952
0.1526499138147712
0.21563977057717518
0.09745531863747631
0.21942785207649665
0.22500493704617244
0.21968618694094233
0.1658826603296624
0.15862854425370593
0.16679533928765425
0.24643161262509192
0.21350423596169715
0.19398584606589472
0.15323749944910242
0.20759406490630536
0.18380475866463533
0.13565620624783403
0.24017593575651486
0.16519296737943023
0.1863682519655924
0.1954120889869305
0.19239293922416126
0.16717655643412865
0.2105215521811719
0.2474345093201618
0.19363307514167344
0.21281583061975462
0.22212320181228698
0.1517797055839277
0.23191923968133366
0.10458668817392537
0.20164392463708528
0.1288916349441544
0.1570799904722433
0.23699291210759343
0.2184337936648033
0.20536828180364916
0.19945200480281014
0.09633012466260665
0.20175297836247977
0.2445349991236749
0.2790227792959698
0.17527830599212152
0.2575762666347085
0.2491841171679179
0.17654984275961993
0.13593270970755433
0.27975969961965097
0.15527259147174857
0.24242566450900943
0.12319273518549274
0.26364147421139633
0.2560183867924501
0.240579338145121
0.20016928132590936
0.1907255782214136
0.2402963026511623
0.1674005237958982
0.28307226056630763
0.25351356839514155
0.20118803275473202
0.21690978334494812
0.2725563499877723
0.2599002459514721
0.19663944781929532
0.195631573976674
0.2541185550841216
0.2069476806866712
0.22028516302896795
0.230349134838959
0.148257767547312
0.22386808391255994
0.20319749960563846
0.14929186561893787
0.19275149728909122
0.2293622074996593
0.2150006201056823
0.13400524327242905
0.11250389860407961
0.1724637538477697
0.18838024056901348
0.21716117734344517
0.1987825844625842
0.19523225737182387
0.12439034532030692
0.24523539449171455
0.09381347024757802
0.15989667436437063
0.18367936200205992
0.12119346687039803
0.15117420356781114
0.24703088870944218
0.3031440484923789
0.19273638326508857
0.17546161923748832
0.19243251785423438
0.23501855804543767
0.15862185516358837
0.29536235029726127
0.17387351025504238
0.10852831826691507
0.23319385197761022
0.09643255121939896
0.20275864322823556
0.20361036553847123
0.1956483712640741
0.21516092533478903
0.2080918173651773
0.2504099773467093
0.20902949885869576
0.21742740425529208
0.29792939687121234
0.23528132530055113
0.22705234285859177
0.27962948209048466
0.25408449147027046
0.21769970949051032
0.19065709479274945
0.18519391492713247
0.20777750923636085
0.17294707924639077
0.20339090907714272
0.18977843395395294
0.14051692105004346
0.17440221432383812
0.1686832424044865
0.3004618442663092
0.258020709827407
0.1375800371810593
0.12999123012336974
0.1752030541936729
0.1995450486749854
0.1916639846450731
0.2364198285545468
0.25975738257795955
0.1712923193413855
0.14372475169785764
0.21336659745174563
0.2480255722623154
0.20481556056395084
0.16112769040838065
0.23422251457799484
0.2142051533969815
0.20688146131449506
0.19862706947242095
0.19212649276641094
0.1455915370682154
0.2479224797426891
0.17674190247978672
0.24593758302444527
0.17223185389483367
0.22811543640396564
0.1838722790746874
0.2377451114947281
0.2205226971834103
0.2934183040187088
0.13278518343036655
0.24331572219853448
0.20891872420879004
0.19131905823717044
0.22454960360261025
0.1747295520201647
0.1580377504185679
0.18325329516727035
0.28414443251653415
0.12602546770163875
0.20837226548733798
0.1983892496007124
0.25107599080461407
0.19197520740182833
0.2168405747161669
0.17463793818488277
0.18434652204274804
0.17987835205100322
0.1911717528990143
0.2023189750124279
0.16998506238460914
0.21452610158963767
0.21812210504699592
0.1998448625983846
0.021681995182831704
0.30540417178584967
0.16577056529688605
0.2075676124379116
0.23883892736825588
0.28502036812621745
0.15665152098685634
0.2558384487722289
0.15837765315648128
0.1795407471999058
0.21179418099450592
0.13718818952033524
0.15754072940719194
0.1877515763630058
0.2528406762614861
0.184190642058679
0.18724214623968233
0.15139427032552782
0.2159012997208809
0.19456276726605987
0.10761484119263484
0.20865644587636883
0.3150421810818312
0.27289070623784895
0.2731449842541295
0.17286567489823695
0.11116915895251583
0.20904757010416555
0.1705597182125059
0.3296116261746236
0.2613700383012494
0.20808874780768205
0.2571288960827684
0.1381689155064041
0.07773799614296634
0.23368596472617456
0.23109192156264802
0.24917518104205022
0.23003421256467477
0.1933974638970367
0.16394383589319353
0.11081815929291434
0.13921210567363082
0.3144084191754251
0.23908999572934053
0.1565213920575313
0.1853739069754357
0.23694371728044614
0.2511360923975044
0.17319126602390578
0.10670874891251705
0.24820178192495518
0.20736284538277655
0.2925594908300857
0.19600490001970913
0.19398864596375842
0.148090181979037
0.16154044057797584
0.17271805540986204
0.2793188695629605
0.2158175793857202
0.18010594428134813
0.17867818663952173
0.20050901737538804
0.2367139081578346
0.11059833720223335
0.25471950564012746
0.1706015860160075
0.17133482076443327
0.21341763478239473
0.21544445671163517
0.17535306830685052
0.21971186238071713
0.2182884421591531
0.25650900379292557
0.14380165761163435
0.14980748807158278
0.21840639479624505
0.1872468560427386
0.19955341852807357
0.1110719901958655
0.4174261655854188
0.16169403321682932
0.19920380207727123
0.15630371770765594
0.24923625854034226
0.19522505190528797
0.2062458010732762
0.17563698408173464
0.26795894358067746
0.16122991339841203
0.25808503444752606
0.1715942291759836
0.18119636812912293
0.2571670187268616
0.20282029402365667
0.18398638767814604
0.15599050618380836
0.19102204948330564
0.14238810451768003
0.17584744151758042
0.15602755608794186
0.2597922137943228
0.07593741851649088
0.30694174858372664
0.2193656098489056
0.215490740147568
0.21086499103172485
0.17382266032955762
0.23169170720728904
0.1675349226366037
0.2509449385986541
0.1455818630115761
0.19033681563954005
0.2546413314659608
0.19194641755557776
0.16437348704369864
0.1677646810395534
0.19197075159867216
0.20891323945246595
0.22540208116186206
0.17220322244014794
0.1257468798993847
0.24708130258226918
0.173187606954881
0.16854139961842302
0.17762722989833088
0.13749478460748182
0.22494809848027772
0.19609188999964072
0.2048187109852632
0.21154854338273787
0.20900758339715367
0.19991965755935515
0.22723857308516446
0.1261209397340903
0.14805118422625013
0.3135351986434411
0.1297796601284163
0.2616048251850792
0.2358378390693317
0.13385657942789964
0.19399964386676205
0.20709587139958355
0.302507452941905
0.20472889586826307
0.12347135327185554
0.14628586342165978
0.21284855720621282
0.237082519894317
0.13437381667847917
0.18616037847864098
0.21957228334876938
0.2246089005759923
0.2786923541523049
0.20531249562697737
0.22912633653198985
0.1100206060655815
0.20446881433614525
0.306052842825858
0.19573429742730827
0.2843662561519953
0.16863749711422674
0.21736898925782144
0.10858595333303549
0.19850306625803746
0.10656868871912827
0.18575173449156965
0.26252249041657083
0.2311555949039472
0.24109165928189988
0.2429343888817228
0.17318137461914265
0.17995534284240594
0.18829465395515696
0.17848191104210595
0.14235044097628258
0.2136932928996038
0.1651190529847686
0.19737572124718386
0.28632367920064156
0.21716562503629422
0.15987917807013988
0.2803963551815676
0.20108092151758822
0.1194301829912283
0.2233378975002912
0.17185812179241267
0.17107598669154778
0.19349134166235468
0.1604629785935512
0.17850372509932622
0.1698337973871777
0.17495356299754053
0.16977225440988225
0.25831328880282156
0.20760965266549392
0.16344053272164635
0.19730750943147143
0.14825228054747208
0.15415329012011578
0.18318555230633315
0.11786824774621214
0.1968304916030568
0.1909322511489546
0.262021002989474
0.20854923850354493
0.1813009675090616
0.18676515298985968
0.1859320573462554
0.21188751491880461
0.17535384248266775
0.18045231677257678
0.1378421832088705
0.15047462783385218
0.19869884720180625
0.18690265690025853
0.18882155273014511
0.2019943759873431
0.1929519152757923
0.06408017804479146
0.2577816713050921
0.17710788574225728
0.08212970218789915
0.2304599235881571
0.2170905885587515
0.2166542080655489
0.22357528468396606
0.2096721497321868
0.28080798885536595
0.19169740102614613
0.17098807623679596
0.24341618737952028
0.17656884286877672
0.15333931495201908
0.23519543437929347
0.13537224447041724
0.19238765626963636
0.2118411678860477
0.23021203407172092
0.1434898308633352
0.2237845126949712
0.1614792536365311
0.19867084638432325
0.22411759999697872
0.18640180428806297
0.20370703873170265
0.2345834076514549
0.27295589905638773
0.301509449950596
0.09265351816662326
0.2859850421278488
0.1758463362035589
0.18954573139811523
0.09680656983032321
0.23831073295303276
0.2954543438244129
0.2015676728286425
0.20410080665694708
0.16691251381533367
0.2573463447821365
0.1912278146284363
0.23555131795661086
0.27595845671559494
0.13380279460596411
0.21226231926011946
0.21160307590674088
0.266780086537823
0.15796165722171165
0.26327405986988844
0.2641283415269892
0.23125006082550592
0.24301983912479524
0.1226410733703199
0.2887022133017431
0.15453268223872318
0.19915111776397063
0.18570777604143246
0.23232322623894622
0.1939843518140696
0.15612031407765503
0.16842101751156924
0.17147979038809613
0.15729405734327906
0.2736241328751465
0.29332318660569623
0.23162469470725444
0.22751577917584492
0.20983207925037387
0.14949042434361298
0.2245027636977293
0.24550689024519773
0.20433008028889407
0.14301335556632266
0.3102328778436705
0.25370447313200173
0.28773203236103234
0.18145884309377097
0.19764635032888536
0.08244902019324121
0.1902217660226164
0.15716798933878023
0.2750531054018681
0.18067499088140843
0.25599255334980303
0.16517804675473008
0.2324640246779055
0.2350170540673536
0.22994325853702363
0.19856756827360753
0.1846801566086334
0.26121303488154907
0.28929205729913565
0.21865992018653949
0.2375404748476147
0.19217121847196145
0.22836584862833365
0.21524739017332184
0.18430588084767383
0.1805776685994931
0.212364946620538
0.2001761691698696
0.20320219523675487
0.15124113806552203
0.19345620478998446
0.23190271652261385
0.2188845234957092
0.2035655885356379
0.16420404212114548
0.23104729823346187
0.22511446082968076
0.1653314737965131
0.1670399720709611
0.14881691729705718
0.2607577830711686
0.1028593062894522
0.2023922613792024
0.20917180057744103
0.21826603227008462
0.15338873740603504
0.18434498066384597
0.2494113811683001
0.17012474401973182
0.25834690340178057
0.2647727009365902
0.24075908633469664
0.20623098546086094
0.1856794945875462
0.09216076473122657
0.2009574051169932
0.13138246900337724
0.24927675070646751
0.22676260334543172
0.24724935279200266
0.27408741583467866
0.22012584722899145
0.19161561331103993
0.1672579743889165
0.23400021670890972
0.1513187470657586
0.23830886742938406
0.2091687117442127
0.2244202421476312
0.22850735082529205
0.13054735356961022
0.24575414944808494
0.17250626719405657
0.1735049665005243
0.18936113849221
0.24416961118660135
0.25051337018568864
0.24265415550479302
0.31417411505959664
0.2328588137339871
0.1539149852240389
0.24282411076209517
0.09121841943781284
0.10664884200335678
0.18402122630429885
0.27492810580561516
0.26793517392799354
0.15460662859434363
0.14476408228639612
0.20618059471571434
0.22284657673316305
0.25021552544170567
0.24024550098182668
0.18304266357119758
0.3068261080755899
0.14099971342145443
0.2536323903321919
0.23387175658503842
0.17596656002640684
0.23472633583741828
0.17704623941043565
0.29193058982213904
0.2232029413899705
0.1569369705819296
0.1937861069088988
0.3063864590995351
0.06236929047569051
0.19082505372717587
0.16872105266809678
0.15527767773846504
0.19716895605442794
0.22733875392118247
0.23098787258695092
0.19156082431272067
0.24744120510064557
0.2575371272197156
0.18224440622286228
0.2514173835731943
0.15732962026551178
0.13721813790707593
0.2571180232111758
0.24706777232998034
0.2559749405809977
0.23353923596869514
0.11778538550260682
0.20443572114298522
0.21312435471066557
0.2703770358131937
0.1894098632453663
0.2030235114547618
0.12553074514624935
0.17872608458951905
0.19544164843079162
0.2604809465289641
0.2306954144840363
0.13667081904288733
0.18296349873219872
0.2050427377232878
0.2566107394770328
0.15327611471713717
0.19823735678559076
0.24697510946353235
0.26107862529388015
0.295275628597343
0.1622977831961635
0.15851255208794363
0.25892282305500924
0.2018734566097615
0.15618742002982855
0.19609130144959888
0.21232739527909833
0.2984037646132052
0.174653019479668
0.2560967928114157
0.17086662208678638
0.2020955825089536
0.24775941863668602
0.23626999409801114
0.2064522248168876
0.20133049112112006
0.23358159007491958
0.2637091784550799
0.2075852481021642
0.1609402691462615
0.13992899305783355
0.23020246469881414
0.19014719259396087
0.22440217841000426
0.18109977565365645
0.16341851560456716
0.2140167916309102
0.2088483162830054
0.2372802620391607
0.24429633079725774
0.25554852214811963
0.14747316190032284
0.3009788856593444
0.18732931701323122
0.07027289646453569
0.27498849983195395
0.2704900565619424
0.11145411265162511
0.18531442052076108
0.12935141080752144
0.20096828017004276
0.16163250847328295
0.16077223755174003
0.16433734334326947
0.27596870505656257
0.1458484159448699
0.1615248881994771
0.21897210824980567
0.1879049982399824
0.19599177309429122
0.19689676736940065
0.27093390838713355
0.16914665926970662
0.22787688129769607
0.20375815065902028
0.12214805434578015
0.15294536062824146
0.22984175202011878
0.20654069685230084
0.3111851415554781
0.16415274820906275
0.2886660536352511
0.2786422156335666
0.20517195429059187
0.17532312124391397
0.21662359113413002
0.23729969706810788
0.17603187987382118
0.22319529562708168
0.21252928537057156
0.15721748114608475
0.2843529310225791
0.21720815160971874
0.1742624437193886
0.2146422412149762
0.21227517757427827
0.15710431588730467
0.20773390572369843
0.1615004046978499
0.18230812332230784
0.19288028052365283
0.15794989767104242
0.19451185773963514
0.13721302447278985
0.19255523050526063
0.20741199553288062
0.11287037172708714
0.25478780187904665
0.1862790768664313
0.17954966836557495
0.20417565305485305
0.23343026705475206
0.22950702758627864
0.1761241065770316
0.1735346789442565
0.18667093002789165
0.25855402927671256
0.24219777439519422
0.10862299213103846
0.19793598509014732
0.12533861227397358
0.183590543990507
0.28427519857339156
0.18353863294681755
0.18800331297033337
0.20385286644139058
0.24967204063514464
0.10775200671425753
0.14136425773694766
0.24952017050639203
0.19050159859655574
0.18060103351051665
0.19794548641794368
0.2028920741398797
0.1935117448622444
0.15447548137132064
0.2215614617108696
0.20585288012709257
0.22891674849009974
0.22258877209016698
0.19294319707671306
0.16299106487900983
0.2786350086615103
0.2878370824772819
0.2318463161359662
0.31729244839186266
0.23866605323284962
0.13584167975652395
0.2313785676193436
0.13221346336730014
0.28330322980976486
0.20087389063633188
0.16021645931463668
0.2370073514906247
0.19301297965920336
0.2809906996227497
0.25163825481504376
0.19238503703081714
0.14222239383686747
0.16116731262626904
0.28967432429959383
0.23365261055352393
0.24881107030541588
0.21899213145115262
0.12056811204606789
0.19468302286803746
0.21143051249191344
0.28721936344604476
0.16606064057858233
0.1820577982388221
0.17748581285609522
0.11243288080918186
0.18770968712279304
0.2817711476103648
0.24828981174054243
0.18558698672100124
0.19116466822017203
0.14778496994431956
0.2417006096987605
0.2697561417932672
0.22118309525490473
0.25771818329078555
0.24392419996895193
0.12367877740693552
0.20804229758982923
0.2337653801420604
0.21723126095693346
0.20220396081010902
0.26129972802862406
0.19526247216454715
0.1535896630693892
0.17204422461917646
0.1582660558685465
0.20487548229519204
0.265770788044523
0.20089093443431372
0.26117211793461964
0.25833484230835674
0.17103432918920036
0.24558209450291102
0.319850366127487
0.2429960821346625
0.14707075058452737
0.12375112134376504
0.21702948790515755
0.15035205947072725
0.17508563723703155
0.137189165586671
0.14939335698874417
0.24688948244790834
0.24737413933269903
0.23345610982253462
0.14450302720006036
0.21174290385634373
0.15834641344166134
0.24566624852259733
0.30035516411723545
0.14270207194924872
0.19952422599526057
0.20799181966666186
0.22162453206485563
0.24256297280939917
0.21779851315430027
0.19111557878093188
0.2152580306227845
0.23221764894551217
0.1964567594174236
0.22111331960390188
0.22749783169937912
0.2583156358581112
0.17744113719905777
0.1496678022371412
0.24115529978589145
0.24526607089468483
0.29347191560893016
0.21701046045923772
0.28233104447322405
0.15852776012513414
0.2465678929434516
0.07381605972272862
0.22963465835676786
0.26335085353298215
0.20321524617453968
0.1791843105173706
0.2736591102912969
0.16225530485545966
0.32043786964439386
0.2709028605392444
0.20451489702062217
0.15361293998401
0.21602422497994633
0.2026837286407573
0.2072313877634987
0.09266470902068791
0.15023425366197865
0.19285724873355647
0.19913320913175137
0.21261804299174214
0.15659229571064948
0.1462941341950465
0.16458867370065672
0.17952990341173583
0.2222592352293315
0.2486225114170471
0.16896239810240313
0.28108645178984
0.13348621220385776
0.16102445022733386
0.23766645869913408
0.15303998592926338
0.2159393343943885
0.19167701393895395
0.13094875595251615
0.22267658032056595
0.1880541871748374
0.12920920255913776
0.20467552213192497
0.10728629628261878
0.2748092761992037
0.20824313624261237
0.14084317703501517
0.2935137227848307
0.22789158714254154
0.20731408166239593
0.16186999667074073
0.19167817324251654
0.18866448433023209
0.2160477318100657
0.11843044274449416
0.21188369968349072
0.16784931133738668
0.16746101613003964
0.18002155134470268
0.264570281452203
0.19607284694005475
0.15052891907655472
0.22499651450393085
0.29649969574016505
0.22877808524637533
0.17748000218625903
0.1666746304710647
0.05913648271692967
0.18650057313580282
0.18418104278978242
0.18372842215580576
0.22302981322895263
0.19228571356552476
0.17776002897333207
0.2544412850832827
0.17503736832625094
0.20592531558514135
0.20981708542655425
0.21150814525652686
0.23044276302476788
0.20852169746523574
0.1430816536390371
0.17405720522481108
0.24659068968199474
0.15415756845201056
0.15180820029969758
0.13839121014249217
0.18789514739771213
0.29554184790747606
0.24634890420354205
0.1245608029030594
0.24971704320792637
0.12843929136136722
0.18777691624505058
0.1911942755923263
0.15925708966708987
0.24089595212310985
0.19542859561654943
0.19499461722450215
0.22407271698320258
0.22869361324921017
0.2250149303596936
0.21395422050988522
0.13303474324434866
0.24284456102236557
0.15696211479419775
0.1574054803296847
0.17101958303511294
0.23244976750465143
0.16397598824172163
0.3240752313544888
0.12516582060883918
0.2144781837027076
0.18667743398687847
0.036171442932842385
0.2330487263215701
0.2675750434142128
0.1673795514372664
0.21088596244634222
0.18903334094091495
0.11957949440241972
0.20995080005115427
0.23427260363535685
0.1775601952355132
0.14106029216528354
0.2945906019392077
0.20152917458626735
0.2968028294559566
0.2082313782529474
0.21809373518792857
0.24515702114148671
0.34754055435753056
0.2499567587633138
0.2202826739071047
0.23054383626918773
0.12320997650207782
0.19608913871939782
0.15632233497735784
0.19431531681583242
0.19070764872095208
0.18508534037956217
0.17811082483627055
0.14597797221362302
0.17675665588254214
0.20561377408909817
0.2838168243828211
0.1878399046175449
0.15621712194736517
0.18120046760489036
0.09029029874323898
0.19494125886397695
0.2114322862769496
0.17629126742044515
0.16466570246213558
0.22429116950095387
0.21860576985080926
0.24116921704493366
0.11022087553698207
0.2944111216030441
0.04009893535872272
0.15999389875964778
0.18148408255241652
0.2425615747386699
0.2549655163529109
0.14831721770924222
0.20487573359831673
0.24211408522266753
0.2291823880262118
0.18905429813517863
0.24105959563092041
0.1356793023146497
0.14904209796559323
0.21883215409408543
0.2004703334293802
0.21076612045416307
0.18392132039692105
0.27348917108335896
0.2204781866889683
0.20666839048311922
0.2024035693100791
0.22363086759974243
0.19011072085133462
0.1272568315683602
0.16454974378577086
0.15360862878366566
0.16110330886291613
0.21741618041109162
0.2547592139910341
0.2351475029217124
0.16334475685357852
0.15126619335388383
0.1627021377689152
0.18581787685639595
0.08627073847822914
0.19319794215629307
0.2701129815986938
0.26409009432598746
0.16690374648256265
0.23530555611861848
0.20764386181931946
0.2680161864414047
0.2615922357224543
0.1273675888615487
0.29062701421361037
0.21263994163500816
0.2192365076708663
0.21188086593728236
0.1976257048536356
0.14823834362903293
0.20615775546273754
0.17877946814794343
0.13883237745695678
0.22155015089064808
0.14505071272099396
0.23480154034674283
0.2286416070974658
0.18042851875831747
0.19629270876512345
0.2234801833964936
0.28619008290246023
0.22606914225797464
0.19253991906388826
0.2232960377365803
0.1761443211041704
0.16668387265791546
0.16646321189177193
0.2504679776518735
0.18318252757406867
0.13441618181399498
0.26353598199158645
0.11459466725485563
0.09958925735310686
0.2551781396604309
0.1483881690331229
0.15069328706646934
0.22826849493584728
0.16563732711828594
0.20773094065760125
0.2727864976005698
0.2696279860178876
0.22885876714760006
0.19438027612666486
0.22536254555880933
0.2408207616608923
0.19843219006869145
0.14286649160606896
0.31785692677730343
0.19772298769702507
0.2102917342635925
0.21446249788188942
0.316782318939633
0.11701126586625217
0.2801356968691469
0.20194287980034414
0.18605171572545742
0.13860525464592838
0.14401985986888
0.1881748131002321
0.15585733565357643
0.16161433442059997
0.3095316139301846
0.2037898754369586
0.15145058672002154
0.22206885097739015
0.17814323187591627
0.18865258971742557
0.2514999381183125
0.19117982598944488
0.2023934225065788
0.171843213138872
0.21261760668573382
0.16998711523572624
0.2168420728401597
0.19758902965344266
0.22239581907356545
0.3061799242458402
0.18599107575537943
0.21855202090206266
0.14528898234341617
0.17149123646511494
0.23582840975836342
0.11894835104483581
0.16660756457670647
0.18079288827016038
0.2852372928474375
0.15337013179414755
0.28871902289389006
0.255923415123243
0.07211370107505766
0.2800455956441143
0.13763742993899053
0.22510122699303303
0.22280426697060335
0.16009892869359463
0.23372180775093138
0.20247209601501415
0.22463940712324218
0.2495723610142347
0.20167245794304534
0.20742777537912396
0.24315923291892433
0.2489561250782304
0.14741778002420872
0.19803267228694546
0.16194058047935023
0.1572078736177537
0.09374721399226832
0.24467699453911557
0.18702912476468617
0.21058325696387503
0.21358443374169053
0.26241484896725253
0.2729158162514922
0.22244761163774265
0.20368228132994232
0.16036842644767932
0.19285236751204338
0.34882926716463913
0.21974093377608367
0.2103851723937323
0.20075151171387318
0.2624889876618723
0.20295446820405752
0.18419947438029655
0.18393063434290594
0.27651408025173274
0.22437114813036707
0.24772874878633325
0.2155739056290863
0.25739321922403263
0.24500132708086003
0.27727173884872836
0.21308194697939692
0.11202004313167929
0.1424033552342884
0.1666798216463493
0.16407100006580097
0.14933642089579635
0.2760633231873205
0.17640406940461384
0.12903590394337103
0.25351128996282596
0.22474916824741226
0.21888614477929652
0.23401641309358653
0.2670607351348145
0.21933702104868777
0.2096579058262976
0.13649429087136972
0.07678576747494854
0.18193599694666157
0.162001410577946
0.20828210632181118
0.10430358275817116
0.2113173757410767
0.22638260968744206
0.18380164187978595
0.1126245097588768
0.27240335945995536
0.2881842190591875
0.28405300222137275
0.22788255301653326
0.21316778842048192
0.20056098000045708
0.17598351632077477
0.2018721577801552
0.24518510958004705
0.16849627058066818
0.13894243787766133
0.1941287682480825
0.23948902597489977
0.1020003836706333
0.20188825714499087
0.27174949366502626
0.09321014477636161
0.19749202236659652
0.15827907204878694
0.2502988188090709
0.21012528080449722
0.15721751041634668
0.27377772233130104
0.20028870064751428
0.16326329321948213
0.14833158432053634
0.17859778533323928
0.28859012217080277
0.2298563472992174
0.13512379526508467
0.1612709568134196
0.19675207472980977
0.23378891684234515
0.30260787422921054
0.17673338335326155
0.23409867316234662
0.131991838095931
0.15107240254920254
0.18556633539618927
0.29116870171121956
0.1391233931489739
0.17475658007176098
0.18848118377477502
0.21008778345629156
0.2584419600067621
0.34103998293917187
0.1323876870290951
0.27349196466241577
0.2379936170661729
0.15415794392184345
0.22896131193749378
0.2017884228531702
0.21841492468284487
0.21855472393918263
0.2467434845351732
0.26337785389482027
0.16188402490485668
0.14000633397557977
0.16969791911983148
0.1419281181920941
0.2159817576665701
0.15416690984298076
0.2072039891790503
0.20101567135739368
0.23011625822985904
0.21988680520100534
0.24041122781712507
0.2345767902410564
0.19487656062624364
0.25790487949820434
0.22923190250054828
0.24163325873143912
0.31267271513680256
0.21921536355811047
0.21454422110836804
0.10709733477059705
0.21950844243064896
0.20153731206905443
0.2587041826783718
0.2014925173636398
0.16178706411048158
0.2393676800994896
0.19588001330784235
0.1320091366292292
0.18787670470812448
0.16410040813997137
0.25885941522971945
0.23412306514022016
0.1665599704726805
0.11776436008320873
0.16066761108953428
0.16991649393878602
0.20828430880001714
0.274004621317572
0.19721725399122764
0.2435080771561395
0.22929239242731256
0.1346564535203122
0.1896583129083416
0.15291269473229957
0.2337763264406676
0.19246680436559388
0.2176497222837766
0.17248058682454845
0.16589969858140363
0.1733712900519444
0.24354914333872163
0.22611964949032815
0.25750661516857426
0.2682760911373901
0.27638855265536905
0.20189236704599636
0.14342357384791307
0.21306079022018054
0.13469820869815283
0.22010647858980334
0.16525533128389794
0.14431600019988394
0.18778319288505685
0.2505523958844583
0.3323476145334556
0.25591271741065846
0.18954157029304933
0.062379029935354685
0.1754232823413426
0.2143391967681543
0.2826900092543474
0.23250173937733218
0.19369183449354438
0.1579454730156607
0.1577945449805013
0.06706694937168167
0.16622226512324673
0.2007389113927069
0.18910533459519824
0.2346280700075115
0.22898707591611148
0.2874703736579415
0.22486334655096707
0.21974174431306126
0.20008780957951927
0.17102688491954793
0.1396990437843019
0.15737332308229918
0.18710554253049574
0.15568771122031444
0.18212751651263998
0.2692956253012396
0.2194152615698808
0.24957166452095336
0.26155923179724594
0.26715628439139466
0.17877072006651146
0.2170779917493738
0.19973666062813522
0.19081873782163414
0.21955005699084926
0.10649332065101591
0.12502129783872526
0.12215542118824198
0.21463501844753366
0.23259087150363925
0.14927746765480582
0.22750550743848313
0.10234575378573464
0.1685099958586647
0.23022732396643625
0.12600721043117774
0.2038941325926266
0.18672457363318803
0.19220291593060845
0.1635362229927719
0.22758149569407823
0.19402484461844335
0.17461046289238558
0.27900536002424425
0.17764967635997955
0.14295351788998156
0.2036700278461856
0.2807578823224564
0.23741373679215927
0.24588548750496064
0.07335738354515775
0.14878767677341576
0.2171767679844529
0.18910412481111924
0.22874630205378027
0.23886728988484218
0.17926970784650922
0.24017259836991728
0.20621057837541737
0.27275344366115356
0.24639097845418542
0.22436190016280885
0.14805917687555345
0.1939940228232932
0.1743819258706583
0.2362367978202297
0.22131366242536082
0.24089887241185284
0.2725665229858807
0.19461910997691165
0.11519470918586244
0.24843866531266057
0.24349161335939057
0.2096075631920964
0.20784028574437022
0.23096184269408782
0.19603000989696034
0.1854133085194202
0.23219841163539037
0.23318164010936507
0.2326388623012929
0.20863294783058808
0.26096820598711457
0.29093700975012315
0.11172132918946553
0.13380865029810393
0.21347995765261224
0.1994275656389198
0.27215031039166115
0.15921107476145785
0.18564719283777523
0.2765403695278239
0.15969458315446805
0.256031906420767
0.10446024828332964
0.1416489060689719
0.12791825832867204
0.142314468924202
0.22391491847713174
0.1812523275396382
0.2813922397760091
0.2847598614972565
0.24947147647110196
0.19045985908663535
0.17620731285512875
0.20373480214081974
0.23287131639697542
0.1721841351117978
0.2383450779911429
0.3027225941231816
0.15426067647679279
0.1573698197576596
0.24151858285865352
0.2626010650598114
0.143435910456494
0.17796147996745504
0.28645458185017986
0.2905272792656115
0.1957497914947924
0.22941618503606911
0.16914594055004756
0.14367728081109346
0.18282959285632255
0.20700846598295447
0.31919337399850933
0.20662396781110354
0.1361704926728274
0.08887319577187845
0.21611971094757715
0.12840707034435866
0.1822430928621355
0.26940483897823614
0.15656645295194083
0.16453464937999937
0.21400233206256256
0.22739741588915843
0.16196212617415434
0.10380218941074852
0.25618056931964367
0.14767987155471735
0.2038187481597126
0.22777737888222527
0.1265655305342588
0.2509684265888586
0.17213857196568813
0.17657420519651176
0.23497451952764484
0.1201252736928219
0.2845573444541021
0.1149401956150915
0.2605894884558502
0.22620767364501895
0.1771973991680745
0.28601893111772714
0.23357528900353622
0.17904462467545468
0.1674054945527469
0.2737354710489705
0.21476279395587367
0.2088700363666554
0.14887929137362982
0.2544593812186636
0.22020791823357164
0.13139330111813663
0.2537515494914936
0.15432677776300346
0.2111693242625166
0.18507407858545366
0.21768403386368804
0.20191971249490187
0.13216312660664192
0.20541132322607372
0.2026918394018741
0.12933782928500326
0.26033368213216257
0.23665444451501735
0.21171766236387946
0.21599138578371468
0.13112389809218256
0.2190520039920543
0.17775715673110246
0.15866546067629772
0.2379247053122542
0.06573387478313958
0.2802947723894046
0.20162108587785676
0.18063130473349076
0.23583948575411995
0.29964620331958325
0.23101946150216793
0.12322374859633353
0.15948461065391545
0.12934086597534888
0.2524089171520304
0.20142186081593852
0.20668905825035608
0.18293278223595946
0.21979176929764993
0.25442413965155214
0.20907803990567064
0.21836045566470522
0.2992879083529816
0.13728786684146543
0.17315424112702196
0.19448909386211477
0.1536532634155467
0.18801753339713861
0.20555897468040527
0.11629346075589671
0.2077869469043832
0.1398087454491984
0.22837203486839497
0.2442142073561999
0.15576879809651534
0.13431701003480417
0.2056826563842051
0.22495914573232925
0.1937153595752779
0.21337626862511297
0.22058226495685684
0.18401296400091138
0.18235199807003255
0.14485455946338752
0.23374826850797292
0.2812716546757312
0.21645946258016627
0.2724178998543033
0.17462179175593695
0.16712600085039356
0.23571940534301597
0.2048278251992916
0.23037978419228972
0.22739502313151
0.16302808363920815
0.24451524554577497
0.2563006669601869
0.1983020690317096
0.16855865542249251
0.19020788854165682
0.24307072659368179
0.1363958813587604
0.15690515763943064
0.1671953027479739
0.2213406101902502
0.2289321973813444
0.1748600722028535
0.2039509038336753
0.19042504091577972
0.12591898532739348
0.20084086494616005
0.1814841181678636
0.23208506026045395
0.15390611458324283
0.22063015798597352
0.20905231619879125
0.23083506449840704
0.13796223843317063
0.2503460480816446
0.19098740108347706
0.11179453671653013
0.11312511101172706
0.1310025071959695
0.3102985069106704
0.1281937866972352
0.18353721503021372
0.2587789353757853
0.18652966125726833
0.15656083388056305
0.07483585850868088
0.11529490739418762
0.24571604271241826
0.2193031108209086
0.19107494025636626
0.23794061682686096
0.23184856458064812
0.18659622964890976
0.18146805125820528
0.23145288543867842
0.2997433354688659
0.27837546421711223
0.15300030895570357
0.1987563876666848
0.2108674959259527
0.20616145920923898
0.23622093321822046
0.20954620014105682
0.20167137978544067
0.284345649476632
0.13479215862883456
0.1807716136764327
0.16617151819902004
0.20395375762100118
0.1901096676814264
0.1264168116223472
0.09465540711621351
0.2264094011756791
0.16753586519505773
0.24990178098210253
0.24926970078128807
0.1717790440593933
0.16208238245591905
0.2557316531297935
0.1563688452445376
0.16193908389964076
0.1860873858669164
0.19044019304260804
0.19332879168519476
0.216308068739225
0.19498441909594916
0.21608071234220927
0.2468862993029496
0.15343202346633175
0.17609110852793028
0.16205765097166477
0.2114496629474764
0.16010956227481285
0.3151198313460398
0.2530673165272715
0.20027627797104844
0.11920066583324462
0.21149039219000756
0.14447932778543887
0.1492716941165685
0.21708305059603603
0.2566215008264325
0.17053746260016647
0.18887246295373414
0.1839401957494262
0.2508160731853645
0.2159286911186101
0.1282797767960624
0.1992964940575088
0.22620498908552347
0.22977030155663986
0.18937051581103792
0.20799558446303668
0.15461323104792576
0.2254615881090863
0.23031156154837656
0.2498683431916932
0.17568783191584883
0.18461306179652434
0.23105613260799862
0.23858119159677177
0.2833799572427883
0.2823805178899752
0.22109324461283925
0.22667903332484418
0.1752965043904814
0.24979304738041036
0.21989104561903622
0.20553533119533657
0.08323766363756446
0.2585670031211076
0.21775052958128135
0.26522926574038663
0.22989443612439325
0.1570375317403372
0.1796714773348647
0.2129940653735334
0.21364029368387943
0.20859885144183185
0.15918577221792846
0.13328124565766944
0.2468371350372588
0.20084628554795433
0.20309124769557882
0.20566486986791432
0.19396616835230265
0.26208546660647375
0.1109697638665883
0.2712980781546651
0.21671839643548468
0.23489318668925407
0.20872028022455655
0.13370631763432822
0.17380136270929814
0.17383280307575044
0.18194492280611102
0.1267492493269221
0.2227411924720662
0.2244399042744815
0.18159350858128093
0.24238963491948987
0.2613829750056978
0.33477019426446947
0.16750223692579175
0.17318053307083314
0.23856617711444905
0.22861907366455406
0.23517414097652178
0.30551958057850614
0.0799715709032858
0.19407957708839815
0.230938208136959
0.26662983578569105
0.25763326901591876
0.12654358855751308
0.2695540088967678
0.23449808486998366
0.20229161499296272
0.1890902726881836
0.1938976815860664
0.2687675949005733
0.2166764437120414
0.1973311602377741
0.22827576837912655
0.18387680740074724
0.1596982044709863
0.15219068583579543
0.22722522039667753
0.06478752693274883
0.16823577567027548
0.1804548434317668
0.18168493723325738
0.22874237598837954
0.1623653995787123
0.16640830615587884
0.24263081997476788
0.21990046808173558
0.18384999494984575
0.10116253632805405
0.17701265451437484
0.24711715798866662
0.22047126423474978
0.2047763157057814
0.23700403678208984
0.1611316288479231
0.12020338275994741
0.21810598227154135
0.19170525244184625
0.2243784973352448
0.24381313670397434
0.27706094884252985
0.1748451919075511
0.2553197756633475
0.21045262554846367
0.24013760556825087
0.12123084499565628
0.23899427667949463
0.20478176304646376
0.16703074433306395
0.16762882211454716
0.18847891884325346
0.21643660337915824
0.22738689573969498
0.3033462534927316
0.20834614537182045
0.1587283098743163
0.26848943994838004
0.20447713087865
0.19744365458958077
0.14644151796351362
0.17143566615915323
0.2527764727005388
0.12222915901895909
0.19910881976589523
0.18279580703296217
0.23871578132705223
0.18419674617877138
0.24633316189323728
0.24664770602965197
0.19897106156059355
0.19716509111146016
0.2168461851018318
0.21289566486937925
0.1922786732771521
0.11610493496233142
0.17544990659589077
0.16901176276036542
0.21706085362146105
0.19690003269988657
0.23761702213690736
0.09166580999915833
0.27608960948738775
0.21437460284684628
0.2651261926533347
0.13817534324790312
0.11758472717317174
0.2448898632114138
0.19054181651116406
0.269481904587962
0.24634904141815256
0.14268005521204064
0.25792084516046365
0.16413803140490812
0.20042428330621237
0.11873265306962516
0.18664419688728048
0.2807997330427717
0.15581145828953624
0.09334687915590843
0.2135351332152553
0.09963879085473581
0.27223753762505587
0.178396297824173
0.22437872516194377
0.273569134965302
0.18768241988919712
0.27921034268749956
0.23190270281608208
0.1102056137995456
0.2213541911508251
0.17277773559368845
0.16461082029727211
0.2382945019426736
0.21796680617791972
0.1342071658607253
0.210526234075782
0.23363894156437334
0.25976118582743835
0.21881069205572343
0.20942444562060522
0.29000916124812
0.2201383396786651
0.11591976226444504
0.19943275547137712
0.1228274717122653
0.1880040360750986
0.1968820472434294
0.11415525541089623
0.2085010720662866
0.15820430811408695
0.11919241742468915
0.14819688014049498
0.2745762390074014
0.24490508510124334
0.23809035567293066
0.15386928361589935
0.17263463746318666
0.23085768611524665
0.12813938099362146
0.2076292189693637
0.13650613817470927
0.29456890972343286
0.17648371482971856
0.17583866888469885
0.20790165814721173
0.1850469168324565
0.09450061902573659
0.17578048412625244
0.2351727937675468
0.26561575053467956
0.16669057977477353
0.2589264713291512
0.23139668559448934
0.2064070002591789
0.2306289842663798
0.19660071840166113
0.2201920363838439
0.14135910839688343
0.15525565322481205
0.3007980245417373
0.22608562197775064
0.22457795759760832
0.16135477652815744
0.11882621723514539
0.14634309340922644
0.15534114975951685
0.20870008022777192
0.2361135216719566
0.3036331870080778
0.2254140182050445
0.24306374150248766
0.11932665007192361
0.19549867878471192
0.22082586016818995
0.15524857795240443
0.19602744174099426
0.24787302581286477
0.2424036979429602
0.2818542316009571
0.22526267495810287
0.16969572947742553
0.25843496467578686
0.18688025889979282
0.20766112721162003
0.24676178324158093
0.19679946624139977
0.1781265115217554
0.18387379709251084
0.17601077124036438
0.23497877930165562
0.23132305184854024
0.17962485681629844
0.2617467743362985
0.16606755805753953
0.184654075415388
0.0946759912263549
0.1680131326615504
0.17607515648669625
0.17235548398282607
0.14730612669481022
0.17413190596671674
0.20197986533780568
0.0763089716506872
0.21257201065653236
0.2606852292775366
0.21135835711411136
0.14943665088591634
0.2617757171963497
0.22852910731144677
0.20741135404320413
0.16267242684921548
0.12715746148625662
0.1572827918489959
0.2471225834252827
0.15170177247709862
0.15819046641647627
0.30210259567254016
0.21156952957566771
0.23347663106779545
0.2078359733051402
0.16726219373560183
0.15378613066673766
0.3043576387008188
0.16403968947167555
0.1836458212877685
0.13707645169633603
0.10735234354759521
0.21746564065912216
0.28083906391959557
0.20533655310881566
0.12179578506391775
0.18768297503154324
0.17303634093901635
0.22949834071275535
0.2309597389729216
0.1924772092407798
0.19263338345565714
0.22847039810836756
0.24460492813865126
0.24020753005959847
0.226367679615197
0.2041342544386219
0.21637628724551608
0.22819268613261717
0.15333459314372444
0.18395912170384726
0.1897569012121978
0.2475451376836898
0.12859564161600762
0.3168127698954428
0.17942433682161735
0.165316336478874
0.3104964016744301
0.16173540081236407
0.22838107674046226
0.12397462916446834
0.1997729727545492
0.2666934902882304
0.18530619693052217
0.21520329127221413
0.22234815334723518
0.17419100198669085
0.32448207653900235
0.3018236542012525
0.19636585475255877
0.16499944102994557
0.20037859258683577
0.25144734223018894
0.24137001695835314
0.14385301959082733
0.22184590603067578
0.12756204325087775
0.1731177521147514
0.2698824853518911
0.16705371608292696
0.16095337019500844
0.11803895578157042
0.16669029691718928
0.175911773638752
0.2275902337800113
0.1996766526595004
0.2025163846052911
0.1639863926253876
0.13052897070935165
0.2126227510960759
0.17027565540633233
0.07284393444730794
0.19637868515468798
0.26057734149065237
0.14706791637499175
0.12471832708975261
0.17294626177771263
0.20076931870846285
0.2362908737275534
0.29702435224256174
0.20604795351789856
0.2298589188037456
0.17102557815614455
0.14384218609749838
0.2261073108439166
0.23932430376834665
0.20401627656730123
0.23321558310159346
0.1495298809161346
0.20919883380122153
0.12224973273271716
0.3154526550507468
0.24542483017103628
0.18817866243806308
0.1279715366144437
0.1587716839541494
0.22714812982442073
0.13934770586393835
0.30848188837536283
0.2639554164639569
0.1763775773179395
0.1761108658787273
0.17345409398698997
0.25149356802564715
0.21023706014692575
0.16126396642871083
0.2406957416030343
0.20087754767055394
0.17748297647229377
0.17306366974448723
0.2916718608230418
0.2473886991618111
0.20617773799401917
0.18573615898296486
0.16488240939587998
0.17873453008816248
0.1675608028593855
0.16542496184930927
0.21325978518545202
0.16217226799368847
0.11716705155525589
0.27297063957483203
0.18283772222390365
0.24202371622797292
0.10125159829650807
0.22415001575796956
0.13161119797487786
0.07933922895386702
0.24305347453048728
0.20491962405626776
0.22820693980169346
0.22825399413402955
0.1161583829408148
0.07558858590722616
0.19950670978178858
0.2903157604372517
0.12364589856817143
0.26133719265472777
0.22107080044181826
0.19374632503527794
0.14101194971679223
0.2535853595752347
0.28166727512483536
0.23735270391628244
0.18683798196706586
0.20400694525269603
0.2109091597415108
0.11775658949426343
0.30079648813997895
0.10987833377223999
0.09063009896229642
0.18390782203512182
0.18224785723324768
0.1796395420361312
0.2577808887813219
0.14023864884076376
0.1728029099634279
0.22759789498889074
0.26053680974743887
0.13451141968137914
0.19000221963680117
0.20798918874153993
0.12732900979220413
0.12685972260113318
0.28249682595859127
0.164444638086512
0.18157615230940227
0.22753222051101774
0.27505670745298466
0.2788389372109839
0.2231562568714814
0.1662392373500703
0.24260278678299738
0.07774265034024382
0.1336653069678222
0.21294337161939714
0.17220328421637981
0.180278473963914
0.23718585752611085
0.18804580798323803
0.1213853733510371
0.17765502494443747
0.14648754639587697
0.1199143643872217
0.23657360888820306
0.17780011791263786
0.19710047476151285
0.19374562439472232
0.2249997611978925
0.22748404393300517
0.19350928810511261
0.16816474286931887
0.22964517935476111
0.22486817232923614
0.18225509251602046
0.256868361583845
0.2257169190375199
0.22900105027856893
0.18743482186720928
0.12473362792088646
0.18470885112921073
0.21341053498926885
0.1980660658677879
0.2390444161260619
0.1264432075435587
0.19156307328991035
0.12626679855302925
0.1132642106695313
0.25885813364326044
0.26988833586643096
0.32615340952553723
0.200662511400191
0.24267811138027764
0.24507653734485293
0.2522850565119967
0.19687296292705758
0.21576133011420418
0.17169213667170613
0.28537522763367823
0.28086808675962355
0.16105725436816307
0.2478109151677264
0.17053285548301353
0.169743991036455
0.10510703022804602
0.24704411886955774
0.1392039509250905
0.21633051552346444
0.20314151879104192
0.20031448490431686
0.12956433579774634
0.22785344137145838
0.2201627447133091
0.2653219959876242
0.248515948861701
0.22435589710689025
0.19916161880298144
0.24452821448251247
0.17324231242646468
0.22013560582421715
0.24724674679230252
0.20882295445325474
0.1707489498341902
0.20686516344682307
0.18130389724691354
0.20097814907080017
0.2528474241859786
0.3088526799419767
0.20561789810221454
0.19053691291976804
0.17671436176313082
0.18117307912453817
0.24437639915122572
0.1674980950854435
0.24078260232650497
0.22485881232240773
0.19671228870570365
0.2020191300086075
0.1696111525662815
0.22656768000972777
0.20721198878914593
0.1641000253933169
0.23646342521459857
0.23079629897716233
0.11590296583879861
0.1676717139055426
0.15548612713329887
0.17985414538219416
0.16755188920578906
0.22333335348487074
0.1874620698637869
0.20922761711704527
0.14061104679970907
0.19635010939044603
0.24572828255476778
0.1453410783886782
0.272630394690347
0.21756060413504777
0.23028442302490926
0.15692397912524375
0.1521504237557144
0.13976689924889338
0.16036555310990827
0.18105953518821105
0.16647556486485637
0.137674595330866
0.14453273175990602
0.16156467962760687
0.1386202706562159
0.1632526013193889
0.24811217338397198
0.13442409467717015
0.1947260774264983
0.0971162556811994
0.23684976926728402
0.16659728997541562
0.1770162878800836
0.2706124071461026
0.11794319656564156
0.18727965896385268
0.17315077783213106
0.13956935955047367
0.10814820165273972
0.24606894920485262
0.25846457126174915
0.26737632610438794
0.2626394044762874
0.1182267059461189
0.23546778688257672
0.20703451514771118
0.24710750097612874
0.21307524654709942
0.22188228431797288
0.206932962709257
0.20505987310711984
0.3053247090197191
0.2310791675076554
0.19406970394874756
0.18883864061899597
0.2585631811932043
0.15378167981149335
0.2043694579114373
0.1660538377361617
0.12885023727484654
0.27239284505875977
0.09628264518585211
0.13601410021691152
0.22451146082500167
0.13676955964102067
0.22443479897194482
0.17878707196544544
0.2116332706288762
0.16362540552701313
0.2341395411603824
0.203607655632902
0.17260967711531344
0.23748094015404858
0.1496602352426248
0.1526383705579698
0.19650909130945382
0.20887319591536685
0.19584591313231356
0.259506644036685
0.19577646656302777
0.18377514701392594
0.2779728698127413
0.22110288399177822
0.23164086701356085
0.21100033327746634
0.15846178219584225
0.24627904655185034
0.16069059978622244
0.25821530737270154
0.1448959008387948
0.2432595284101024
0.1887360597793475
0.23593841590628736
0.2694129131038758
0.22082495039012512
0.16704743178262438
0.2130771167547272
0.13752441206237873
0.20506491772917657
0.09823315032390377
0.241505388936578
0.17852267098738017
0.24937461221767357
0.18423956513859893
0.21349132676654922
0.1711552571897811
0.16180644264583055
0.23775249790448097
0.21490159805330514
0.1830178479791586
0.28382500145399125
0.23790128044605435
0.19137381552357646
0.1913557640738173
0.19185037472792613
0.25607229173192103
0.1755997613134569
0.16552520612236898
0.13350758651763112
0.2074462717185176
0.1750635735342218
0.15808707454221343
0.19408899586064488
0.26106916764799065
0.2420205863222298
0.24143308383573198
0.24244164169800325
0.21064649307934213
0.23552600002100338
0.1576362014328207
0.19577398617330333
0.2559420557200992
0.2794592846116185
0.16613716070135542
0.15536090902979066
0.15532663848000122
0.22940563630286437
0.08981110609543204
0.1869104758908195
0.2033369669258071
0.11956561811650045
0.20419929436929388
0.23608077745162442
0.23969241589030268
0.15332983327575533
0.22416292085509174
0.13833927612334185
0.19774627238456347
0.30240827170037643
0.19112955699246892
0.2690140317204087
0.20803628451292375
0.19184865985208213
0.16051207610077192
0.2441168159509912
0.131418741440038
0.23165314428827505
0.14861240364501027
0.15144197005220905
0.2532720099109826
0.1910726325870717
0.20016430619628134
0.19934498871258716
0.1726573605012628
0.19368920899488382
0.23219702539029288
0.1770657381002407
0.1680586470495074
0.2036895963388509
0.16923315010082784
0.1618876065090213
0.04822171381771009
0.1923671985828936
0.28343437862576837
0.11623349132715538
0.2617850159191621
0.1618265123446503
0.10574811242213339
0.16374339667151527
0.1592631099178532
0.20968317732342642
0.21394687765317308
0.2021539008776976
0.1934276749349358
0.1949147959507287
0.23473223469887328
0.23279102961138926
0.30595228088751264
0.170180112911867
0.21340910895190415
0.25969535328413956
0.15297231488662727
0.17416172916521935
0.2042107527326289
0.27406582173381455
0.19058738735973596
0.1282633205338744
0.2287003365501804
0.13691700202370216
0.16580080539414532
0.23164168753100484
0.1690232578735559
0.177035417522878
0.25052003506465664
0.22906448016752776
0.18716289143823345
0.20068055021896863
0.20609803216181607
0.18992417305430107
0.18256821756236297
0.17171240355140122
0.15350060477995361
0.15593957651570264
0.1872050729422686
0.19209604657464688
0.18537672333524477
0.16967535996192
0.13304743010348669
0.148997059655212
0.256908143446015
0.21043282481601713
0.2558457312607868
0.11551236614381984
0.16771832262205635
0.21705055894544145
0.1851488992968865
0.22354637185850393
0.29188729030416327
0.23512360992978618
0.20107323450870324
0.2330388970776685
0.18077377618869409
0.1484914988788382
0.19610015203737485
0.2267963393171553
0.23383785065895582
0.14064734794224515
0.2370531673619139
0.11269543230207717
0.20067153542367275
0.25400981396278455
0.2570195673534221
0.1907104532843958
0.15052899091506172
0.1702463404008458
0.18611114908603893
0.2166216805414948
0.2574664741979479
0.2502834505199156
0.25855253790966026
0.1909730506664669
0.17766392167396897
0.18008631044358184
0.17441741604583483
0.3016726645238398
0.1808826830509188
0.15913525001557585
0.16244004681761173
0.2058392201264407
0.22901995761354288
0.22095535074358222
0.2646194321261466
0.1585248530345836
0.16333055320751869
0.16399692080832384
0.2617287678126988
0.17105915844749206
0.21435136104606975
0.19584536337146677
0.14927872693514596
0.18770316915670146
0.171759568711295
0.25902524071196253
0.14254460927393542
0.2083302353752032
0.23616864929973855
0.15817308039279726
0.3189383587691492
0.210115264575996
0.17441589899312843
0.17603011806216948
0.15255188346766957
0.11407018247405463
0.21485430510610828
0.16849699340794588
0.2480178552863411
0.22219572439174964
0.1802290979231642
0.24081955397632898
0.24173036069433865
0.1791445300064088
0.27799164271204735
0.17098826726999966
0.20988961138807408
0.2301095797400337
0.17947647454237714
0.16240899431379535
0.19721974617531512
0.15138183481457335
0.21095185020124405
0.2785228820045858
0.23212901193718974
0.20026455050337813
0.2427761802046639
0.18750240477208832
0.22107920012817472
0.2850481578894414
0.1920343776899079
0.29540123526606593
0.19361569329191614
0.17916693030679265
0.23065426983636822
0.2067725813847935
0.17738647345471287
0.14181207892434292
0.17704445318541928
0.28742233464600386
0.1515194457002732
0.34657607179640315
0.22042788920241124
0.18633796628997285
0.16511324131201405
0.2239683487772696
0.22604324758318567
0.2148948908223441
0.1978222355679377
0.15764812060283553
0.14631386618788153
0.16768243186785506
0.15170558752530677
0.15928091047963527
0.19261787193875007
0.1735582435623806
0.1487153571575874
0.2038888096167838
0.15869725222276734
0.28599017980795927
0.13173158618395722
0.1903233504105714
0.2577020718640186
0.1473733705934743
0.11415114872031164
0.1360140703599342
0.1950328876754286
0.20791277104449304
0.1647044728590271
0.22582673262620415
0.20215733815291595
0.18537674124768114
0.23037684725996066
0.13460139553057338
0.1590321656185314
0.08148271742316188
0.15412344368005432
0.13785122184160054
0.1547350154822529
0.23963774818391076
0.23307460722082982
0.15666596994321325
0.21424226117030026
0.22513816599693973
0.13118545332931109
0.1679268548729361
0.15697130963970435
0.1448907072875726
0.10293405181702159
0.12501163065377233
0.25760844952206
0.22422902076048631
0.18449728043865155
0.2118307010534253
0.20741058304000393
0.17896782666132233
0.22329884042025555
0.11259607096134715
0.20601329427541448
0.20145556353188268
0.18469270585027858
0.22378119836883767
0.22685136788479457
0.12336355921952924
0.2441778166472257
0.1890143886890792
0.21941666564602424
0.17947080500374957
0.11151554255042151
0.1673773936333546
0.2626329453189348
0.22184338356845568
0.10756323786515949
0.20678534368616863
0.21362003810165722
0.2956277468666894
0.20066950914972573
0.18820399266094373
0.17824977262188074
0.26840407287760215
0.2321603714398205
0.17796200192779763
0.1689657784639038
0.30027013921001344
0.25775815227096677
0.17737830613002337
0.22581399874021008
0.26712334024584933
0.29712664298216557
0.24013734007423576
0.1727056151430759
0.2162595308501548
0.18629116521980002
0.24966582508867208
0.19099112364411971
0.17701989861817918
0.3246576469983229
0.12101767799802435
0.1977504703433935
0.1564644104057773
0.19941052755447253
0.15119414042339518
0.21189275467831054
0.24210552418894898
0.22735834389657578
0.27151361623005094
0.2591564320300061
0.1474336865382649
0.18975870088257313
0.22539680512910468
0.16430842958886135
0.2450147215805205
0.19266064787767362
0.20789582029330766
0.21118541938380977
0.19638612328660934
0.30154138021530746
0.13951626040093096
0.1874124402746617
0.2052447756251472
0.21062980580347238
0.1346987741690297
0.1908334783366968
0.20659400119868335
0.16479251622837082
0.22064265170200573
0.2662171705296227
0.18052300876450775
0.2007035361588596
0.2048180632440743
0.21799676844523339
0.2024268571545832
0.1766028011607816
0.22679574761826252
0.14623393317179412
0.22744810998100412
0.1657453175542495
0.2587962148833358
0.11705513559392754
0.24727604569712988
0.28729979456437355
0.2760408405948326
0.13707911815245266
0.24262616634111348
0.2248724878973297
0.22033398144407168
0.36515376492404705
0.23951027591286358
0.24527941117040375
0.17026586228001855
0.19503501337767876
0.21357816014856712
0.1917637174326185
0.1725807850546026
0.18632027810355023
0.14852376013939145
0.24160451567060998
0.17057491581314937
0.24127590915405736
0.21064996219984072
0.2636168569424935
0.16379768328289174
0.22914310856750694
0.22193392867540726
0.1804780677448694
0.19314459268846343
0.16460674255541574
0.17354897165271077
0.18902286827010756
0.12645130750546818
0.22995817396909207
0.22372911063973042
0.2524932619312742
0.1882687891311984
0.20397885187913595
0.10743489784816392
0.21367915589566358
0.1806115093943342
0.19222273610112028
0.28089577974950536
0.19838258703963602
0.17977041768994456
0.12523659624688524
0.18796168945485364
0.2132429377819312
0.1264187906483233
0.28678399952692335
0.23781080985999964
0.2439151920928363
0.26748359115158576
0.16518357991949148
0.13918539970090837
0.23885179820903157
0.10133657687548075
0.2577275188362365
0.1130614083732816
0.1436463062566956
0.19281591405007367
0.1620826456953947
0.21390555581352066
0.2538544865987637
0.11962479577031748
0.2099974267140735
0.17228418344691748
0.1826207298450752
0.17309101565448867
0.25257632645605205
0.12880043009601522
0.24053866775722157
0.16231178145038716
0.28018756889061347
0.21702160000854337
0.21459981770380795
0.1985324125616673
0.2694472598969544
0.22410080596499454
0.28154059329807224
0.19968839650368572
0.15986242700178427
0.19426017118458408
0.21634995883508212
0.17217735554875435
0.126646986414901
0.23943952414834385
0.19878174559880585
0.1382466400004403
0.10092162156289963
0.18626126776917962
0.33390777945558026
0.21066950007614574
0.18103920154345288
0.25295640979763556
0.22837219975688045
0.25205603552143696
0.18147438879634192
0.13407101608061142
0.17091444931490343
0.23171791977057088
0.1823079654367865
0.2852694637395458
0.2000318541027811
0.2983295981010568
0.16347725473281755
0.1658424221038989
0.2721911237766335
0.2051251865661273
0.2414677428825062
0.16563566699600954
0.19836284624158382
0.20481752245673063
0.2248915376526422
0.20287849071137062
0.18571704772762607
0.17165732592543992
0.19744751818435677
0.1604685423462726
0.2067030521731104
0.21715176392113458
0.027816602943121105
0.10517435914769957
0.19846108487515585
0.24698320446595112
0.17435770672383924
0.21914963127545778
0.230373371448217
0.2683676191257195
0.1620273913285575
0.27491607039793975
0.16752942966246712
0.19138732349162943
0.203959634189214
0.26745214812917983
0.31067729692280605
0.08475952953335913
0.17454527481623566
0.2531101077438172
0.16391431992381977
0.11095854577147767
0.17299948904580528
0.13849932421132294
0.22030932211666376
0.18008625131871922
0.20897306043959227
0.17661522482434472
0.17481943870202785
0.16708547622654313
0.24597144076645183
0.20150684398207364
0.20808720276543344
0.22505061006311752
0.2968397969702938
0.2038372850280058
0.23683000030223825
0.18599835654077565
0.21965078094866852
0.13671121184202126
0.24436222413510433
0.20804750633829158
0.27089918676887276
0.1639548428466515
0.281047430966471
0.19835259911559608
0.08794622447902788
0.14649914632571764
0.23332184992229568
0.16056455923243446
0.12767532323545347
0.20008210940989352
0.11182295310060988
0.212819377591967
0.19316849963119795
0.18591718589773631
0.20411015182243544
0.13324020310554774
0.11543931124248435
0.15214581989391016
0.14699745064531247
0.2075243967502929
0.16873770562324095
0.22149174325356794
0.14069852044562217
0.25570063836802426
0.17008990033620394
0.18304780617272018
0.21982400174012784
0.23084963850142412
0.2277530557576526
0.20154823987103967
0.15481571407584002
0.1827723640251473
0.1462862633491925
0.22215231492569587
0.23034930546319557
0.1531818307671797
0.22253235911584718
0.23966161795485347
0.1336776141598805
0.24805520941799736
0.25892247268304636
0.16461617986866522
0.10355273553417262
0.264123154407483
0.1667878784629428
0.1794764989708826
0.17059760178770997
0.1748229169101322
0.22740931389839175
0.2756338483035009
0.17488363878276145
0.30926201622221305
0.192824666571219
0.2200019126502909
0.2268014699504362
0.2672783458892587
0.20286520363470598
0.343198152403008
0.22939996284276126
0.20744209539353486
0.3017108512309671
0.2604157294341538
0.14726308129498053
0.16484261520919868
0.2003912731609762
0.2168143497897204
0.23738790770117296
0.1982496748187309
0.15253619591751252
0.3251472020096091
0.16680150759612603
0.25662840081973975
0.12221955551601471
0.12208133087843899
0.23346031605511364
0.14434837777863713
0.2714665332965193
0.17838929535847647
0.2191159237416796
0.1712354260885935
0.2395413563851199
0.10063408194235608
0.22749244600343443
0.17077198387455542
0.19638662494656042
0.20552382200137473
0.17327356898555488
0.21980298206824
0.240018233770556
0.2148466814050852
0.18404401080473437
0.220157814447995
0.18615625672504538
0.28283987404685623
0.21798807318434815
0.2092355045995682
0.22733175780377618
0.20778992184062042
0.21892732545886848
0.18108843910103659
0.19394111461213234
0.20230581332893413
0.2646212769383929
0.23421332183759058
0.1793517667572164
0.0990797517616857
0.13669587116834359
0.20405452335102864
0.2504839513856034
0.26538461190893314
0.28098584980028485
0.19239417954354457
0.19113716261603228
0.22178159154833493
0.2698364559656911
0.2889678922052557
0.19101812853686767
0.22224878834470552
0.16654075027712772
0.19426134195837283
0.17815051450463462
0.2684771656873083
0.141962551882608
0.17537481483509376
0.09544171513905003
0.2146017222509914
0.32095133843865886
0.09835321888169966
0.1913267464635181
0.14905911448936537
0.19075963651355676
0.24888896965344126
0.20370501336559055
0.17085445769048058
0.15759788323079085
0.2229009165804604
0.21719761918284025
0.13806120266269414
0.22207830291944022
0.22874723763583232
0.24703974893110905
0.20143634235877939
0.144210414614662
0.18496381949413673
0.21370714399517643
0.26206343364465173
0.2839674003856495
0.22213689020743846
0.1867091315495913
0.24632661273353645
0.2062017484694776
0.2011758930411841
0.21753250996563736
0.1699649915050221
0.18567650281599582
0.17356616294649924
0.170163267451431
0.1258388149319588
0.15699337949926817
0.250165712132533
0.23411368947906766
0.28855606099248443
0.1505971750976316
0.25781710288927095
0.12290729459165249
0.1505841741921552
0.1876165972936591
0.1868022151303903
0.2030153991057613
0.19427648028784117
0.1852039033054178
0.25499460856952555
0.18373837475561278
0.11500519490365452
0.25343827464041846
0.22954249567750157
0.2927604086026552
0.18572886178288606
0.1689004421116017
0.13045234864984978
0.20572588786095775
0.15264455845281066
0.21333103610214216
0.18986690450456464
0.2154780589058567
0.28953109374474567
0.15073166505121915
0.18230394924924148
0.18632405466556276
0.16716860747153311
0.25870711451827644
0.19963055902071528
0.16907605822900063
0.289134668883396
0.25600394062716725
0.17292742719162482
0.32150569676900176
0.1841805117736795
0.22453325973991983
0.20760320319189085
0.16099774600542086
0.2398698373848566
0.20411777052097188
0.23664406842219138
0.3166330316148438
0.2532333745081035
0.1008604712544168
0.1314486162899683
0.2330001318015261
0.25817872301900274
0.12236133211810983
0.20845151884215693
0.23656359019892162
0.22799358953590557
0.13770172264887423
0.21283572898307682
0.16615883257772718
0.24353106147808534
0.2412726918073456
0.19211471948590136
0.17714877728654432
0.22428511329008183
0.2604557858239575
0.19625346591387938
0.1860685193300057
0.13445651339756098
0.20000303275559625
0.2229475100407297
0.10220295345778092
0.23596151106065857
0.15362180717498597
0.16872992679463755
0.20356710108248585
0.21668272039511907
0.1564324135258927
0.21277693551400992
0.13544141261150422
0.27933204744405277
0.2183229889494888
0.1910067879187165
0.16351579682581682
0.24815203227147717
0.24144327981699756
0.1534604226454859
0.1655384203488792
0.14486865487927392
0.21668716140713992
0.20937701948501705
0.24950744669827624
0.227674589436174
0.2083581081628767
0.1832006261165951
0.1629669880691677
0.20853607298076263
0.17218018527144635
0.11768716216809408
0.226701640330355
0.16564756126251476
0.23990726164070747
0.1652156796974768
0.17687450828816964
0.22641096389976903
0.2077714950549488
0.20706680301199815
0.21358027268625102
0.19826379284403797
0.27645584521682687
0.25937433486168315
0.27289330501148856
0.19824663014069904
0.16314465011581097
0.21148840812102226
0.2371623278791936
0.1676219110946382
0.20413861289741672
0.22417174583116597
0.08948680274415924
0.1679027141951352
0.22125560580852133
0.2551014686834957
0.22235820799821537
0.09890337412873394
0.23673480640981184
0.17352728771808892
0.21534054566668168
0.18847706764759167
0.26910524225216836
0.22003268392379785
0.17298099915630036
0.24523825085813805
0.1988803927019477
0.18549787215581046
0.2582973149281969
0.14151941513939462
0.09962535774544688
0.06071973278623044
0.20555862553921456
0.17326447213047869
0.1962322257120166
0.11676796145667086
0.29507332820717125
0.2629552205191824
0.048061309138802744
0.16276200727047724
0.26419197497706454
0.1298148595367511
0.2503644610365371
0.18835135167105554
0.18149894679643466
0.16446479590631002
0.27047922506566996
0.2916626884894608
0.13406821307509842
0.26381442300928326
0.10538162205603435
0.2691116760263185
0.2193366986786974
0.18067231480926185
0.15344708838625326
0.1619423206312272
0.2756022525847671
0.18149410022509127
0.24105611000343452
0.15409581569238784
0.14776345097239088
0.22691415305668744
0.209161771463201
0.22098745395645664
0.203104717685947
0.18939524029780144
0.12250263165386199
0.07691680232936944
0.29133520085100034
0.16502316503452952
0.1792903418583732
0.30071555652741727
0.2037637959351082
0.2817679612433884
0.15782523598475476
0.15076795486833316
0.2084000688529187
0.2117147219362646
0.22594389563419226
0.19139253194259875
0.27687826157220763
0.3213637340098959
0.11522537404863556
0.1515169073051824
0.12751382226377572
0.23608695924412776
0.17364623008815464
0.2272927581724547
0.23618304062640927
0.2623893997166731
0.18326508668055191
0.22319117348233702
0.1502758923451278
0.18094480731808943
0.15789457633855927
0.17654887510624667
0.1795658903934453
0.17879234227467813
0.23950093885180027
0.2020909582229128
0.20090537643177228
0.185510327524732
0.26920543435631256
0.22670231941708896
0.18458447718852988
0.24624276610335294
0.18239044812789992
0.1758005141864838
0.20405631473266633
0.22072042047173798
0.3633026575816945
0.21958045282369518
0.1649898037907503
0.21751247466545942
0.13810133439417227
0.27580270393107104
0.2495614409037521
0.16511198642068686
0.2894357598014483
0.19077413540318822
0.1458601046483383
0.24865677728870855
0.14330584717691291
0.21643760667160222
0.2740084910584427
0.17749586386780533
0.20495076542096924
0.1884993637576643
0.260138700675993
0.18385236429347696
0.12637031179022054
0.2657263534025298
0.2247000508618598
0.17388358506097368
0.23147840739595668
0.21454777871078737
0.1974242839805495
0.24691445192580322
0.19456309446602363
0.17955471493716837
0.1835486798897523
0.17750228944177493
0.26788708625633983
0.17209257533870248
0.22510450541001203
0.20908732961977164
0.21939817349449103
0.18162373160523407
0.21524680944532204
0.2142366743593776
0.1530510265604779
0.39464989732599265
0.20427786052284513
0.22551398814243845
0.17948509444035074
0.16893033872340082
0.18073342296653477
0.2764313351092228
0.2079812730003726
0.23623380119647946
0.1926035032789208
0.2456156927168625
0.1323250783122452
0.23033364709726123
0.2630019572370726
0.20068903977359628
0.2157546252494431
0.21501210447185023
0.12899614190363756
0.1453982711740372
0.23538738232484924
0.15092461197134138
0.28470595672238513
0.21664713987562217
0.2123998021118823
0.23251832454372998
0.12365945189338097
0.20723701121002727
0.1042715798925779
0.28407565200155144
0.0951465092128858
0.1652571945954382
0.18029531061691506
0.27056917642873335
0.14314189235006688
0.2285660755336121
0.18865133753770771
0.18331036131753456
0.2670818188403816
0.08022346034639632
0.20384053191643603
0.16927513409294898
0.24835032972075705
0.22505043631638444
0.20929767234216054
0.3172918870442761
0.23096907827798643
0.29402218506459465
0.18319734953092504
0.18330634783419283
0.2692772086869708
0.19056443191598588
0.20717453601576505
0.23737408895901588
0.1882837628482021
0.20781557824554553
0.18956390084702665
0.12277906364599599
0.22877653279785962
0.2584796972473117
0.25384047628993794
0.18645509271003505
0.13054048049684802
0.20050460164569728
0.18730920149988092
0.1736867615610207
0.23385074999147396
0.1536579600652813
0.17541453625959819
0.24394376128355197
0.2179515450733056
0.2777506098663906
0.11427345779699571
0.22166930535067197
0.2642223677002655
0.28102809704080023
0.21441144746892607
0.24681982886351098
0.17579808132577782
0.2541752092263786
0.23910211946905183
0.15398682241454553
0.13870493035911574
0.2688070902028251
0.13815368416800183
0.14189412331527618
0.1701209303552099
0.21521172562455748
0.2508733853359535
0.2006255315509168
0.2185492509164948
0.2808465718873655
0.30925860997439825
0.21842761685608214
0.24531586579342218
0.16655521346984922
0.15596063681082326
0.26428453283551423
0.21497949620821924
0.1941675499683634
0.1050753598902307
0.11930900288312779
0.14391414376282385
0.16709599531790362
0.2299425568769017
0.23735997369552847
0.21390699792180015
0.21937589903839458
0.22689915692930482
0.19982807671112904
0.14856955684176304
0.25134570246085863
0.19000553688613858
0.1798539276725421
0.1788538175777141
0.24585891654524536
0.17802168041041314
0.18842098384393977
0.15420524628931764
0.14912242436776932
0.33985265126599906
0.1804175002514346
0.2155105284035545
0.17291915420143453
0.2183789624163507
0.2273463473841203
0.14394918517944935
0.21340570991901853
0.2842591061973733
0.18431941641263436
0.2902649200723486
0.24644151001478926
0.26418252958555255
0.21464259710224246
0.17218127637829955
0.1221145419141032
0.25740508877895385
0.17501737815489288
0.10313031479359075
0.10949827930890885
0.21677665430606935
0.17707050205140418
0.21025328994958403
0.27265054928786997
0.20199652385009115
0.20754176329863006
0.17692123518153233
0.23378110229455215
0.2048815416685921
0.19227718616845035
0.26388162548011534
0.21718751077103446
0.13461796559657352
0.24734766952768852
0.08450292580155566
0.1808144014213332
0.26860826973588825
0.22267553782978278
0.16064431324393516
0.26565566644785266
0.21363602198546527
0.19953137584544517
0.23098518001324905
0.1120544144574982
0.2559943723439887
0.17734222158329213
0.2559976321613553
0.16678186014071544
0.23351462640936974
0.23459665390699053
0.22081992808521306
0.23199362315999741
0.1775109831695389
0.1708386001298913
0.20737645395352405
0.10112692059070803
0.12658914617943795
0.1559626070336667
0.17877592699751593
0.21069050296842903
0.22752023212822098
0.2023169805545782
0.22746955868614008
0.22295665140041387
0.2008623305215478
0.14967336026717834
0.19909708847396618
0.21061714404123016
0.2710910629691807
0.20051356941660795
0.19027123064038537
0.24330153189564935
0.20046312086870882
0.1734189061221042
0.17068884555914038
0.2107847319775038
0.28219065990399783
0.0692715783434169
0.1657185931868781
0.24499381483968077
0.1639461000273272
0.16729962147001165
0.23580947031626306
0.2176368760748374
0.20362007691368436
0.24568069606047857
0.14040096278409667
0.19423468455610635
0.1886884729666039
0.2168831305822729
0.27130695926731874
0.1357560752481777
0.17448039198580892
0.14889456157449615
0.23530137659788808
0.16635398437934043
0.1457097711828122
0.10302596268338671
0.20437449100025093
0.18036071423007122
0.20899529049205964
0.19903413554232607
0.16858548341849852
0.2413684168928887
0.25321279524115237
0.19266702062764743
0.24780490491226484
0.2941977014325785
0.1726905808852877
0.07857623703768996
0.19850237730817877
0.29290646005091314
0.17831808582809128
0.2661298998279243
0.18892516899051526
0.16285880776633482
0.28174518719077535
0.21875202802784177
0.20977448880629704
0.17109123013107605
0.2390891066719706
0.18594670687731626
0.18134754064083314
0.1353697679049268
0.15705726837449996
0.2664508163157152
0.18664679103348542
0.17859708008793582
0.18300642876277026
0.24304387369524663
0.18909302029203534
0.266718953542946
0.17067152452066708
0.22072221313270052
0.17914718643382768
0.23095848161197022
0.21604883181449674
0.1789480496537102
0.1886476666276836
0.19275674243967753
0.18227131161124988
0.22171729892451716
0.2111844488183886
0.2375499606328007
0.21724671392108458
0.2198927150447168
0.16554713309800437
0.16901755824622786
0.23955284207575112
0.21623129591908968
0.0938385803840596
0.2089373436820052
0.22309874960714007
0.21945198700402466
0.278137425484861
0.22368704145038543
0.22861389125113232
0.21622366093262746
0.2380211068305922
0.23481788158450573
0.23873459471091688
0.14759236564279934
0.1526969600324774
0.1658369137059078
0.2722433471061696
0.26914831070732304
0.20730276760703353
0.2121022847252009
0.20830134195075828
0.1721881768752535
0.22668144631308382
0.24627101684381933
0.2167544909775441
0.28754653609862896
0.2386711841702167
0.22165114664126226
0.29091486815889295
0.0395079231441717
0.14671966429723937
0.1243409333332741
0.17970502337177158
0.20151329597940343
0.18229318334862554
0.14112007949418784
0.1448435560165664
0.2950433852621216
0.2126834699658162
0.2805083153272876
0.16720785873999072
0.1896036139765546
0.20816630776590278
0.2589105848097195
0.1759267450541595
0.2451447736061745
0.10490343816367675
0.17401352227794173
0.20660791309156415
0.2883261124221828
0.21484933092216593
0.1259960262933019
0.2229890284154858
0.18286080278795927
0.15206840425491658
0.2706696819802684
0.30164267227254316
0.2465671550292097
0.17189264204659457
0.19872573738642943
0.10870359645987508
0.22877595202265533
0.18514314735854498
0.18359841436976526
0.20058944428806583
0.2523921139770402
0.18572421874159634
0.1471449265293267
0.28515438934084325
0.22554751422165525
0.270114805094388
0.2314639687971955
0.3151879952189024
0.17139936052464994
0.2706657382094776
0.15665526411776798
0.25128520240471003
0.24414012912486838
0.19535602063622895
0.125315657447448
0.16250262841437138
0.1626362820632356
0.26103571668169795
0.1822008187883499
0.22865533711513736
0.23985145067008767
0.23536934052363365
0.1647482710495161
0.26283290283013117
0.20171471690773135
0.24156721457797056
0.20466454767317116
0.12933337202335993
0.25335383550151813
0.26735251619440425
0.2993433453901456
0.12890751909800013
0.1681179674947927
0.3024531034027937
0.2630732413194375
0.17752373109539688
0.2152953265365859
0.17970815249648847
0.11571886572946011
0.2424923343802032
0.1525931734026254
0.19656879668518518
0.2721221850969202
0.18773475061630032
0.2091544888502899
0.20189594949155606
0.20925997267950971
0.15141123466116793
0.2832107958025041
0.2367992652655365
0.24653678115815095
0.1827590258346381
0.19495952311308373
0.19876575728640702
0.18839741879826985
0.1925925011666006
0.12517235913779567
0.17877481848479645
0.22686362554226885
0.21664151150042488
0.14944796958692208
0.26513098239754684
0.23888337837642454
0.18207430164468183
0.18182126392603248
0.2368188284771016
0.162848229434974
0.1499882676868392
0.15677521250532017
0.23103264727377712
0.209888672979461
0.3037912879697411
0.23714142005217445
0.11652762106539052
0.29073350231247413
0.0807144935484143
0.1464835358420366
0.17417617030290033
0.19507667494887185
0.25471860229494603
0.18269803127399464
0.17025620745704845
0.25126693844228776
0.15846147176430284
0.1957248254827886
0.2466993118221886
0.22803134540858483
0.2828683185749689
0.18232042306778368
0.21853046436426257
0.16419536966175483
0.11840535643953866
0.15786217450991608
0.2045810970999813
0.20358885589557263
0.26199241851194566
0.2440285121916727
0.23053025324138665
0.24840078079213018
0.08727925604015643
0.20723759565826372
0.10445744006142443
0.21822308749254932
0.23392028468646428
0.20267104101474748
0.20596592387157936
0.2487555473128288
0.2169720203707704
0.12078668932820402
0.22371545942033538
0.1600397908293145
0.3187325683813876
0.2518482021144439
0.19750415013288447
0.23238573458090434
0.19255290355277868
0.2560207615287834
0.1929375649711098
0.22762085715696626
0.20172150406993225
0.2896022711356988
0.26948358154440877
0.23993325196683363
0.18198861957517715
0.2109745968423472
0.17156319555529725
0.1656457055709351
0.2577227428237536
0.21425964749212095
0.19848478888998444
0.1690092506549783
0.245518566776382
0.197477910124397
0.08593513385051921
0.19395692947701076
0.19439207479675455
0.1753367003089561
0.16386785507680518
0.20886414464161257
0.2651960130570722
0.19735231424601654
0.19628228526885347
0.1784335902311018
0.1383688277140132
0.32739594441737785
0.26203554961359105
0.2552979049141358
0.2640118306550343
0.27341625130324293
0.28844661503908053
0.08357011445933067
0.178892555381483
0.1233027298273623
0.1218204072212124
0.22597937037832275
0.2582332248338399
0.3123408062026233
0.11302314959307673
0.19199901657723606
0.2545459579363015
0.19294968275421276
0.2178316173136853
0.22849227571984512
0.16591078492790257
0.2301024549586067
0.21886192308720692
0.13319199830886183
0.22542626270600052
0.19318687967094586
0.23103385539531285
0.2710807373542753
0.16873127092034784
0.22033930569949023
0.21240658798714712
0.2821368582911847
0.27096775080250524
0.1818802253887288
0.18750623982295295
0.21539256043792646
0.1539082927530046
0.146470334094205
0.14112115242503986
0.17468769724938432
0.1688164219574557
0.2787719604277457
0.2111438431482893
0.29113233365837604
0.23610828922066052
0.2039161597486785
0.24588584166854877
0.25551085828387005
0.24048584049341126
0.2266823908935469
0.26333701520231095
0.26685278659780776
0.15251259355326222
0.21771263260484366
0.24583211012441988
0.1951803821516747
0.19879488093725714
0.2018077528814808
0.17148435700302486
0.26598911026122574
0.19929105678418899
0.24822089557726945
0.19328885108338295
0.18175069472096667
0.20057151150375438
0.08860259037796583
0.23897784483472448
0.24455782674738413
0.20427192966524377
0.16850624188257368
0.1218073853030488
0.19856047313415692
0.2649225029496808
0.19080676895189375
0.28782252968570177
0.27017859891639556
0.23120075284847538
0.175854898209525
0.2386765354835937
0.19337282684931895
0.21985047294230758
0.15613428155550246
0.23254287630435638
0.16280152194986625
0.25683363977941226
0.24933167207590617
0.19045610235626312
0.1435159541552161
0.19337671226532088
0.14001212384942946
0.21744862805392756
0.22923149363918247
0.17173870133373248
0.28634004139605707
0.17743741752951697
0.23295356238632403
0.3009573553879782
0.20332056712450342
0.23169379374179655
0.1936473517970383
0.196558045527582
0.20468250013750683
0.23464887385826638
0.26154042115164644
0.06393764549035658
0.20306622636943414
0.16449448361076655
0.18850479594720698
0.22854375630385454
0.23131894260335156
0.0726202359488266
0.1976299974297675
0.21703207371443298
0.1195726365278828
0.21224599186319693
0.22874778267365198
0.2109992378897219
0.16902440730162738
0.19703158406116186
0.19545817767004936
0.2475849874456218
0.18586185171626765
0.11152332526690761
0.32755913452644325
0.2087941676689386
0.13684370792449568
0.21692421736987616
0.18329990587727288
0.1300357873574562
0.16400887827603366
0.28920334622949845
0.19189839981436854
0.28702130354830546
0.22253456493373197
0.19285474437604855
0.15168398416907777
0.2806113044625093
0.2567071443803483
0.19286931270871735
0.1816852522031213
0.1477872558820838
0.1964399661429217
0.21177301491796532
0.25629715843041756
0.3026160748306329
0.10845723547827714
0.2238760069233527
0.193636975064406
0.2283263229576687
0.19845372728938648
0.23575462490708532
0.20160111493449215
0.2233510032312252
0.2534149104183484
0.227726638877306
0.09585363339683828
0.2271697563685952
0.21443129737547664
0.17105026347688085
0.17263877762053598
0.15484680239597384
0.2607460425422174
0.24996797956270192
0.1594615387604938
0.2688994814970216
0.14626065604969762
0.1853433646235706
0.11174525573495364
0.22269602761323265
0.23909065662399687
0.24731281952451412
0.20116849926425306
0.27734622383274277
0.17292105156637258
0.23015504805678935
0.18825911388546743
0.23358571984671106
0.25302949742261815
0.24863226783248876
0.13678016453051375
0.1876470017593755
0.19978398702598407
0.18869693098761559
0.30186803394930245
0.2438062716117645
0.20293734169904024
0.24746550521045618
0.159948366532744
0.19384418234904957
0.1759381986506342
0.2052193017973252
0.21155489821279508
0.27150424871837997
0.14475996263813662
0.1677784106359857
0.26365657296239176
0.25287549122880904
0.26691598717913434
0.2171012459237283
0.21173503851973183
0.2242931277582925
0.21664417238755038
0.2564166040810171
0.2360129789311216
0.21348717021497965
0.2421573852586366
0.11708579374866222
0.15793786906582943
0.17463682783960532
0.20257094191715178
0.20199211227811917
0.22828697974498305
0.13129708885368246
0.2890174245910941
0.2157418505204393
0.19479162292384034
0.09816398428952583
0.2513973322762347
0.31698381723002794
0.142309178742497
0.11492967975114002
0.22257737343109366
0.2408678115411331
0.23739392650835484
0.13207054379783967
0.15321877600616163
0.18689703874036645
0.18879401312143762
0.25701269071650595
0.21781648550671814
0.1470383858145528
0.17055281553444235
0.18602503859223013
0.19707051093907324
0.2440688675999892
0.10572353260015639
0.23496792729689644
0.1870905174765459
0.13595293311725948
0.1536816151768429
0.22023335952978526
0.19941584506755422
0.19123637905735702
0.22259878860050597
0.1508001717713558
0.23870868910421084
0.1896281574990613
0.2771399045801938
0.16634570621747222
0.2108406124298223
0.16077630547169838
0.19857791244194176
0.23042060595209624
0.2502701133297057
0.14335756094518987
0.1964605247799538
0.21346497993603764
0.13180019355294642
0.2130149438039757
0.21239738310525194
0.20551453417809643
0.31017424425852
0.16940396960504175
0.1615457075227209
0.22847996538635582
0.18056743610968654
0.1692456558359684
0.2291101724225755
0.19806101877570526
0.1893176758817514
0.17532963367645707
0.2459266595401221
0.2823991828504342
0.1274567148251137
0.13363011775629996
0.2603785903572674
0.16875547333676352
0.23185479259884129
0.22299471619284497
0.2483222875247161
0.175602616735387
0.22245398710449338
0.19902904299921734
0.2082367601961798
0.28424190610992417
0.285470399263902
0.20661431815571887
0.305090020325351
0.23363870132468248
0.3363402891847309
0.24309103369103074
0.1943297632076228
0.1863973238851995
0.2443096676681234
0.21891611794074758
0.1467674564112903
0.188798044578528
0.16026534683685803
0.27491015747512193
0.23927818514126473
0.13448845338336196
0.2652922722763741
0.23991997228110418
0.2935918376369771
0.20394972090405086
0.21728003200138143
0.1600117256219556
0.13966882494290536
0.1935096522025535
0.19930572228977972
0.23343341175921442
0.13113439324501375
0.19566147610965787
0.1836558372201365
0.17834885202239964
0.12226959092497394
0.22238246299204356
0.16476209492331753
0.21190970828659741
0.3040296886056909
0.19212598338223763
0.26471055903795393
0.27334774040019555
0.19054931801915848
0.19909183878182374
0.27457386259072625
0.20665478918080962
0.1564987652927299
0.22023765567478806
0.24014664014299578
0.23760230458987833
0.24153623358670973
0.12871771498201223
0.20446780040531898
0.19209131934112184
0.12267582267978859
0.2225686919837774
0.10770671349273496
0.22905433839707562
0.2332637886110611
0.2213311000902673
0.15665534378193247
0.31146665471487933
0.19637647738012054
0.1518688625663695
0.23321376570463492
0.24515437682541238
0.23357186605860894
0.07807702430818496
0.07611469932143299
0.12348748558473333
0.15550911802871636
0.24598552043166289
0.16555389392461717
0.16664357171743255
0.11599918901044681
0.22659233554824876
0.16762787372806048
0.1754441559754199
0.19033568629222516
0.1977127337353259
0.148034345697108
0.192576210208211
0.17960401240151336
0.20860771223036856
0.2479425733326806
0.2843282344691869
0.20861473071190076
0.2074016211207112
0.27119102561563535
0.22527905096948708
0.2509087363726492
0.1965015846170073
0.17460827380211744
0.21565336846642857
0.29636289782387437
0.24889434815697847
0.16824822285359906
0.11254412728663651
0.2424577165218121
0.2749359008591961
0.10159770534485188
0.19985712284758322
0.18885581364503395
0.1889649547457234
0.1867403988673841
0.1437754797957936
0.16242079642090387
0.18681365225586857
0.2174840565153929
0.17103459415409156
0.17473710392676295
0.23130574071645083
0.19570000601369988
0.2400312065749022
0.18542832204577864
0.2133408303244623
0.2155007517295709
0.2690273049794466
0.2327538320443881
0.23112236212989917
0.1922255598060749
0.15408782006161414
0.25476760519380404
0.19073274890044314
0.18105794481241455
0.1918630497605573
0.2763037030387762
0.22292984262529855
0.2072955831638153
0.13471732110634715
0.1411347624191276
0.14708149748052549
0.12142138782542455
0.24950577806988467
0.24125750409790886
0.14759453970463604
0.16548001168825704
0.21624404157597296
0.2609090175655757
0.22142903280095574
0.21377504695805638
0.1036919260534824
0.2355899495699157
0.1906130262765532
0.1542484783143266
0.1302062085551191
0.221668229682403
0.16930461680365547
0.24451209670707885
0.2188904500008529
0.17636153522149162
0.1917253802829866
0.17005173183662797
0.25560249304361965
0.11168647768342449
0.1484812119431841
0.19620960611850133
0.23011509130198268
0.22756251245005948
0.2524225705782194
0.22402736692285324
0.24178303151421443
0.2774396190771884
0.17302428513525328
0.13083019593668052
0.17051630333774775
0.22436401650687832
0.18804586507335175
0.19592239058860442
0.2062496994176278
0.19500075113807977
0.18423051088484974
0.17106707153775433
0.25400449741296033
0.2045314533692062
0.24541902492673737
0.2152829641781653
0.27687864793141564
0.23970752346589963
0.17524055051801896
0.22524506370234204
0.2846305933619482
0.1683954396398414
0.16713562597593842
0.1441344378652859
0.18917478443052205
0.17992002020083164
0.23071119485007158
0.2339023964761376
0.20622453429202436
0.21635992498746276
0.18289536266623066
0.14991997384377848
0.21911579465254755
0.2204170666901546
0.17610154936187972
0.22825873601171487
0.19710147996957503
0.2336732666346091
0.233398146604768
0.2943094071386451
0.17246926922964648
0.14493207462723556
0.2610576226197068
0.23013538313362275
0.16567832556697004
0.25043930221584143
0.2730437723495542
0.20247592240798806
0.1530521634939172
0.28997551595106275
0.1627921347849637
0.16590002852023095
0.31680770016108273
0.16124004309470658
0.2081981918373426
0.12589039949414438
0.12338690781979539
0.18537290038570686
0.2087310115747904
0.3303668420271708
0.16963204455658526
0.10183876306963544
0.25027022065477794
0.2065187394603402
0.19265718259676662
0.16440471324712844
0.14527039479045245
0.28023465263654374
0.302064666179929
0.2539512360967448
0.19903339488887528
0.210428576162977
0.15848815286614795
0.22395008032264138
0.21006942992864516
0.16296645058289239
0.1826131690762208
0.18423899760615262
0.24599008693536636
0.12288313117733503
0.21448360860161797
0.10927057396482723
0.16667345135050585
0.19261739802673303
0.14832378717015107
0.23454908361129453
0.17972867580834825
0.28170281301925404
0.1690991507259604
0.2614839722837583
0.1689560638085108
0.16860070523999288
0.18133499258638522
0.20099395830768113
0.23195509256295976
0.1718148599999903
0.267674175632045
0.20492113455575997
0.2560125101141143
0.15003809059715442
0.13728283186994084
0.17929895764611928
0.11416219549900415
0.21702969379738238
0.2749790273298255
0.26250036994059694
0.22771810978472098
0.08576349435133196
0.2761678690010102
0.27882745512270934
0.2030662636215393
0.2389838229914619
0.07743172931065156
0.21986387034727944
0.2301899959780001
0.14739913690563763
0.16049562185664895
0.260450630816155
0.1331099819766115
0.20223014639858167
0.2526184810888007
0.22511864503970183
0.23670048893064186
0.20235451067391982
0.28854037773900837
0.20373985098108732
0.15783317826370452
0.1942303396690306
0.32455431604455814
0.20125428260310305
0.1417706178646471
0.16752277044707575
0.2961871137407417
0.26852675728681014
0.18736371172593924
0.2497927298800715
0.17494499174955014
0.2184953732804667
0.20753579747482873
0.17421039730267715
0.1578855503590022
0.23067089093452067
0.14361888108915336
0.18070690844148335
0.2702049874612251
0.18817442510174992
0.073079721347273
0.3317259460602551
0.2177556043127197
0.057403562591727714
0.2088606524283565
0.17925735476609883
0.22993353304375663
0.3230522956599158
0.19851329746990293
0.3062341991484607
0.1800394937449953
0.22444471381845033
0.1847974784330227
0.1935596078684466
0.19423739402084217
0.23640405069277212
0.24790380397509287
0.1694681390142087
0.16312235393807858
0.10356645194519029
0.23933292301115744
0.24828581032947508
0.11780103857524837
0.14730824299436662
0.12892558020865058
0.22660301017871273
0.24692743646767823
0.27818586235367954
0.13691679611115953
0.19772946368224087
0.2857468116284929
0.14303052763241936
0.1954596025544726
0.27430345488066027
0.22048906825116474
0.1717542571159007
0.1835161826518111
0.2543596376872733
0.19679083320384377
0.22498764458748605
0.17206599854360285
0.2880785720106658
0.22835663466095363
0.20079890035959705
0.23270144943107654
0.28265295673195195
0.23540642683405583
0.217336399403036
0.18795280695964667
0.15000544595412837
0.17380283568829377
0.1266832295918069
0.2617582091754708
0.2351118622215549
0.15118932272996694
0.12036531141806073
0.16759052495603088
0.18134702399050323
0.20564680047817466
0.22952196667970953
0.2612467650998514
0.2754697628760047
0.16123749223738618
0.2351997271290529
0.12919528355054727
0.14027441062927049
0.2059010470436806
0.1202680157829729
0.20260913271159403
0.05605354466679005
0.17306131970910088
0.21461877428446005
0.21619168003165257
0.109163498522373
0.1575763232800659
0.14078964558098
0.1666671245324074
0.1695144918318426
0.250500365281333
0.24032403799908852
0.25624899888754243
0.1646445158010189
0.18248032503950143
0.11714513266947281
0.23458495855480113
0.14016715587217535
0.23352662456931333
0.12953549111369345
0.13107083244514506
0.2038232107861554
0.12935244850450925
0.25269853618238536
0.19892814680195817
0.20591387833557684
0.25858822893808975
0.2278382876574129
0.2631739578364938
0.2611000024048735
0.2208777834704611
0.22426654525364503
0.1669261386871692
0.185579431684481
0.26912821409084614
0.23899223243403747
0.18472058162909571
0.13920343009243258
0.1587358801175535
0.2527195533304968
0.2379659594193598
0.21837082590680434
0.3025373005740969
0.27925444810746236
0.2456382821088712
0.21367158749891046
0.2096549723660445
0.15410343231344378
0.20784747750428664
0.24855481591752032
0.15810431981074613
0.21173099956799618
0.16058931672225338
0.05151229640088639
0.1657292571674512
0.1449495933872324
0.1927890400080278
0.20521034307747557
0.22804468530076905
0.2139540399192064
0.21851615040257913
0.24707487375220605
0.19098715009265324
0.11692049863205929
0.19555370779973363
0.0956412018339232
0.20546606871310455
0.21255601444295485
0.21758924686421996
0.17211783026238464
0.1952384410749713
0.015069164087917142
0.1720141895365497
0.15099446424464144
0.24753058424518423
0.26188546475201757
0.20716646740011146
0.2217148230822235
0.21264372304520218
0.19096537329417665
0.18462588399174112
0.1817925736831518
0.15095096789706042
0.21914700442089138
0.19884385874645238
0.18523240813821515
0.2178076810842745
0.2029585728218535
0.15631157692919195
0.2616794729091648
0.24887267036584895
0.2553091961023057
0.19419594289271114
0.24845734632391375
0.2422827764761582
0.20634779933502076
0.1803396700939981
0.2700883484269966
0.21905562754237298
0.22112539864003353
0.32353704563236224
0.16903604679920714
0.1400551539705323
0.10837079484997086
0.15524962784623925
0.2478172694228705
0.20849207397019487
0.1426144114598282
0.1932548793366854
0.32344593823964385
0.17278005072067087
0.17567562096486034
0.1583776343158785
0.20261888284355678
0.23733539485480257
0.15198277444468355
0.2758449333892909
0.2475001604896369
0.2320271497636108
0.11015758000889175
0.1411470612718052
0.0996990898783024
0.24613308183908394
0.24510586568302614
0.24952466895449532
0.1999832616127342
0.1831103402998177
0.23347468054716725
0.2727182892999072
0.19898816247021828
0.16002972242065489
0.17117329227745928
0.21476060668834135
0.2570528285579272
0.19366187165134569
0.2937976204575693
0.23297928000968593
0.2741765333046783
0.2358850509402694
0.1926431969337403
0.18328638094986097
0.1978200147310104
0.18801932746501904
0.1807428811990377
0.1239276826308054
0.2384199890508635
0.19646683464617198
0.132325671326308
0.17761607413216696
0.14455049250100055
0.18322433396176047
0.21667812443486953
0.18899654904466434
0.24636605346081683
0.16771612553716425
0.20521883680494157
0.14712058479422924
0.20441934191027453
0.19740438409223457
0.1874442576212844
0.14231163484453932
0.20030068953152855
0.23659307312074246
0.17391427582091373
0.08813609633184641
0.19622884828779488
0.0984963975664036
0.13040925709390228
0.29212352433274236
0.17671185328168695
0.13629775230145913
0.1825844230541367
0.1803089671658961
0.24668241295141968
0.15296085588637798
0.17359824520129227
0.19406768690121368
0.18916621175461948
0.140985492410738
0.27422045106002685
0.256426207969847
0.24189006213436953
0.1853284225670138
0.24923968025586468
0.2295436941104256
0.14205272302499872
0.09396338312473117
0.3219248835096881
0.22945389617682227
0.1994103805468091
0.24510950183365002
0.14692173916932566
0.2314509765315173
0.28429371823170646
0.2841131796590409
0.2438765927082078
0.20409673371149448
0.2057486902469673
0.12442478921564065
0.11926029842629433
0.1926721378713161
0.25265926884871026
0.20842634117385866
0.19969564951456703
0.14824907915846042
0.18435360443189716
0.2244562319825703
0.20506812825009368
0.12689103256141282
0.10440764273029057
0.18321443255142258
0.19518461137537307
0.1104488755407897
0.13468217045753472
0.17539073488540052
0.2525625190279482
0.19557459446372716
0.20026969783374277
0.14071822082234786
0.1914539792693917
0.23991921785015102
0.20373990483455132
0.3459991076837825
0.14482739136023043
0.24494698308956747
0.19505051377396795
0.228735639346324
0.1287186468765041
0.17436276809498816
0.24230522483130792
0.2967904753288114
0.16339462114125713
0.22917899978418088
0.11391394950789654
0.24054397157572263
0.2771741564734575
0.23812872853329445
0.1506612716203719
0.2176734960452486
0.1895995300511914
0.195985058156867
0.18932428741043647
0.1864194255508883
0.21860175596823686
0.1449271833904474
0.21079894685082914
0.17085001308925996
0.19374824390389458
0.15427946258548766
0.19482455471915133
0.16454958301972766
0.2794058909679867
0.23668643119473087
0.1898093474428877
0.23863494591728796
0.2167310459352736
0.18821115779719233
0.12668737847385894
0.22796239474557015
0.19165509904711772
0.2719799674778626
0.23001993244512178
0.1419981090498574
0.20151159747532643
0.2869760911875193
0.15374607390122633
0.22634160501261555
0.15826505730293483
0.22262651423283825
0.18227580417871816
0.2008081437834599
0.06560814765980327
0.17010527427610883
0.13624602660396704
0.13530521053288516
0.22984435251949956
0.2621876706408267
0.19300912352777108
0.2140334233966379
0.2531777726781854
0.2106183930519139
0.24087090459741622
0.1373118683582252
0.2833538783697701
0.17641111814465324
0.24105604018758378
0.15420143773683923
0.17099998765388585
0.13625666306024609
0.2183787380230532
0.15030227481787303
0.2734213958002481
0.2770002914116049
0.23096208385704825
0.16832194718074195
0.15931649845781204
0.16082828085423917
0.27067441320700003
0.19008981318236146
0.2687349201707253
0.08638244576366937
0.21894694963863176
0.17150744405042578
0.22644799584270656
0.22628905621376347
0.23654799606315405
0.21993496330595627
0.17937119488618714
0.1949711127545035
0.1351854190425859
0.2121800761829932
0.28810427981099707
0.15081811057074107
0.13553475769407414
0.18434684267521145
0.15554429796126223
0.24812244632137168
0.1608460941307795
0.16918146804359216
0.1863390153392201
0.22171124615459362
0.1707184879364021
0.2378803316719717
0.16535078964047836
0.17538732122803768
0.2388198785924572
0.1996157640303651
0.2567111369392473
0.21786253293176683
0.16243890354054505
0.21542873770964419
0.20916592655920233
0.14250356784614665
0.1907024494096193
0.20740552738113185
0.2083900016932009
0.2311592686396779
0.23973354205005215
0.19467161367498292
0.24207994833348973
0.1780028047681821
0.19545327038454627
0.13398536886350237
0.14273080923794118
0.07836544162518184
0.3160523568416157
0.30708241636008093
0.12588623330551862
0.266270805594636
0.20048229977166884
0.14221240339284702
0.19534148750482216
0.20762610840018825
0.1868123596977198
0.16203211474363627
0.16291720538403054
0.24269572378916004
0.266640460764115
0.21556200879672535
0.29333029535023175
0.24845022646992923
0.16513651764832604
0.19225538171468695
0.14755281691694566
0.1335088846304928
0.21881308213949996
0.2365686416715144
0.17341827838829563
0.2853944054363887
0.1839691421948539
0.2779565394793084
0.20416389708738658
0.22081972296419927
0.19207245806801723
0.23760757259695905
0.26315758013427304
0.20037828124111376
0.1811194511891836
0.26738376019859517
0.18803187878558864
0.12864658578613358
0.19492907299646625
0.17650632921642387
0.1703242347513748
0.18482178502088112
0.13228995671224175
0.17697082910219666
0.17767418703097732
0.28575750544467704
0.21508911007099032
0.21358909773652446
0.2431399725537693
0.20120842314131596
0.1566575478549017
0.24704020550232939
0.2172516188561851
0.24032535469075303
0.1930726924818679
0.2646946049603245
0.2246537882585102
0.22213067152241434
0.2445561178805225
0.15937282164678135
0.2179742992323267
0.20416767174263045
0.27437186576897166
0.2486503687563118
0.11444362441717348
0.2607451437059024
0.18459508669310795
0.09341719722546447
0.1736986680895899
0.19269009833814776
0.11881292226261309
0.13895428372682778
0.21431780999248842
0.19420153400605855
0.16889106740113002
0.23880867149039087
0.1843795155585129
0.18017525083972777
0.1772705874344976
0.20721388827305093
0.23023433643179228
0.13128327788238317
0.16680628175180054
0.16869800835247117
0.2616756664945915
0.10286867823111885
0.21331139694712484
0.19432602879951835
0.20968667052027287
0.2887171711011731
0.25011194077450016
0.18530481918492445
0.1276424563993021
0.1609467297459816
0.25197692132366367
0.18182450257038416
0.18323392523136278
0.20142432084613796
0.26724833160720274
0.16283935877965716
0.21602993493421024
0.27678428312306785
0.2524868081743348
0.2858481073122251
0.1320326505473639
0.20241899576424457
0.24428714271956337
0.1493472281857363
0.32646626566656367
0.17916344452867805
0.21569997894800924
0.20095254197870088
0.1669408240164548
0.3021806855195913
0.2592789836362679
0.19010239468877227
0.210729450692406
0.169254429770462
0.24457204726791584
0.18281138416599577
0.23441745164201613
0.22530943235049472
0.20382937597684736
0.12000039143747138
0.2450008826028378
0.1374858693857201
0.27911881123306176
0.09024930423218053
0.12933072139871504
0.23423564794828933
0.12413824944521781
0.1647732779248392
0.20854743635206252
0.2124313078346827
0.1163287914524741
0.19720298038749956
0.2614505366644665
0.14676115479360818
0.20811444707248958
0.15366266702457998
0.15459521293072181
0.24525854938650377
0.1616105878649229
0.14828263673644024
0.22050250540285093
0.14111920978074471
0.22916599675833205
0.23136408433410766
0.24256356656720135
0.20899661396024863
0.24683829019599912
0.3183476463798604
0.21963997768832308
0.20177530482016204
0.2755485675060937
0.19068492520681854
0.17446223777169378
0.09832596303874233
0.21594456948243873
0.2040054054015895
0.18177437484670972
0.17475916252935952
0.1566083404689799
0.30397505870878994
0.22787506899518048
0.23480739883163843
0.11640570867853367
0.26399176377824823
0.2947885942471896
0.19058298519014333
0.2600482952844919
0.10536746743336434
0.23630131489947664
0.18882387477471702
0.2101177988778859
0.15587051949246067
0.23649542316809477
0.19622416385944566
0.15403904118730818
0.17140502103775665
0.25174278334412004
0.1286788794832042
0.12867570327889832
0.20722807332679727
0.18754053528170822
0.125154865629088
0.16238549840661112
0.13031351736510682
0.17693348275617587
0.25554787730962536
0.1507761796147686
0.18408421207419046
0.2476646635655213
0.1710417926931013
0.19948338728862583
0.2865454868105023
0.22178209847667102
0.13082758061607336
0.15760251365025923
0.21394544135027793
0.06035206407882712
0.14356770280739045
0.21985635244344542
0.13563716017496485
0.17079945138532443
0.263396797312145
0.2667253593938931
0.18946946174641263
0.04042755926320912
0.23528914310997923
0.2621433247993926
0.18220527024785632
0.17979747491595768
0.20159888581678412
0.18165161631139368
0.2749806600162018
0.17152652501416993
0.26355124253778217
0.255753480935896
0.20626560312333703
0.250789694665114
0.13602493567001156
0.2870084508059697
0.20936289356037388
0.22281548316294786
0.15752330235872603
0.14424999494718438
0.1285150379317977
0.16026572609733558
0.18533763609705914
0.252665723758169
0.20377015881851746
0.15559472393742163
0.2678677376667741
0.2473821990456391
0.25355567173943316
0.18477017211761765
0.20116805689308648
0.2002855791830216
0.19691785418682964
0.19080238930254975
0.219126363050877
0.2798407523248091
0.16895871506696508
0.28644660702834557
0.1554500538398608
0.2149972185869825
0.268461566501037
0.15610572500002237
0.23625377027380232
0.23835064560063987
0.18820418999123725
0.2261219146270365
0.2792750772745233
0.1657383957969275
0.2738381068863028
0.14180753296315393
0.22682306237042416
0.05859208875340702
0.1338166327604987
0.13565622707031166
0.33656848570415554
0.23258572164128175
0.2243656854951937
0.20968645956487694
0.23015688460957326
0.22373680993622436
0.13961371946115878
0.235491350097778
0.25371594948142095
0.16556499155795948
0.1274195907889256
0.26192630499268166
0.06114700322169472
0.2781533595991016
0.10555438380952074
0.1507171734927464
0.22366761818796738
0.15561839135170108
0.3073318668682691
0.22836744461246555
0.23963320158962212
0.1909317671438147
0.27431476964388873
0.22637199353394485
0.02618306819077182
0.18564264852825524
0.1853409403974554
0.17947908779906468
0.18237131511599922
0.18753725408054914
0.23099202733592356
0.19839851621961196
0.23180296938947786
0.1314007945436858
0.18301583369576357
0.2520862055180238
0.20359276843713803
0.21407558031744434
0.1989365942349707
0.2003807372233108
0.15372595276110063
0.18957741851695561
0.1627854513286121
0.22304110443297295
0.18818984484517093
0.16812077524408112
0.16997628936117443
0.18436639122695445
0.19567862050342755
0.23063788187481174
0.18358277918564364
0.20465836079658006
0.16970972798567383
0.2717525335627722
0.19401236233297403
0.21971095502277593
0.16790859905119293
0.165888095868358
0.16098802066458773
0.2104257753177779
0.20169526153357026
0.20785855052227722
0.20100750696459763
0.22713864075355672
0.17632922853755348
0.16148615553674067
0.21294796796729276
0.16338172624259803
0.24467372908481247
0.24315811392471998
0.2100858149621107
0.20353403827782982
0.19535335931825132
0.26215717294951785
0.1716421664263561
0.22981749001565221
0.2450042891800619
0.13337780117163872
0.19586982411002338
0.14613539533041958
0.14741209166585634
0.21917412670017045
0.20754000224243427
0.1775451772076293
0.20178763286215132
0.22532874252616314
0.2663124121324975
0.17493387126271384
0.24409462928410594
0.19341528249140758
0.24191080209899063
0.24185159818452623
0.1767262894764746
0.11918204698634227
0.09812271340152133
0.23087464002961686
0.26818466667322616
0.18168260800276242
0.2581547586801589
0.2417468347255147
0.18851610855858097
0.20686056639597433
0.21261887403041535
0.20290557991331543
0.09432832424798512
0.13298812662447507
0.15245149378085776
0.19463540833076937
0.13075507005297643
0.10147929628627843
0.2283966741963342
0.21590352375045815
0.2625781797931495
0.15232680025930043
0.11143995944702725
0.28467185239249104
0.24121967201835864
0.10182571384025918
0.19177289183270774
0.19414522900859355
0.22910957434900692
0.15644842653860216
0.21014750407763796
0.19684988173687729
0.26770735552739167
0.15378095709236148
0.22432197649665847
0.2209884510403802
0.2204721030837017
0.21362580272757262
0.24529552540957172
0.1298646694613143
0.21165315105801683
0.14816343510857727
0.22994280901815248
0.23661387441597703
0.17129388034849247
0.29783635660618357
0.11391311255432897
0.16851897615198247
0.2033508050851729
0.19228502908987524
0.15255842659383842
0.1057092736769078
0.15700274508148196
0.14798990060937406
0.1941743250067983
0.179325090116363
0.19940013835764717
0.27771583688988344
0.21358251316023885
0.20480136492093315
0.22083286495482132
0.15451128617189297
0.19995041160487453
0.2241262320791409
0.2555591598667539
0.21325855679459033
0.1522238984721484
0.2362186629787002
0.15101754571896214
0.19417997376579438
0.249472893412998
0.20136550908376943
0.16601869954941814
0.24671704042691434
0.2343276873591094
0.17717011897237517
0.22420309042705897
0.1460674765614736
0.17987750329307706
0.17129442742378703
0.24937541153548856
0.31094485247419246
0.08444527430362657
0.3770137772811596
0.21510070779764665
0.241408090127572
0.1771279523226157
0.1370499737765619
0.1872498556979016
0.20933625400663833
0.1875860688344781
0.22280937200652634
0.13546594036439202
0.2250337343197208
0.12221598436953285
0.20555512564762535
0.14691251727542476
0.18525638252013826
0.1806576357178102
0.1566633861422648
0.2508286614620694
0.2646455133535772
0.27993457509178393
0.17363119385932643
0.18200110751280554
0.30755130539390735
0.23552770747612367
0.24558433196096496
0.210554574883622
0.14800429320156372
0.23604119894238312
0.2064543337808829
0.1594780883031225
0.18107913225501507
0.26520201074839367
0.21892503395517413
0.2557884675675437
0.2573046153798823
0.24529561613375023
0.21484621419785901
0.2405865113614132
0.17095735691624364
0.20703498605145854
0.18555809679609453
0.16522702200908027
0.18247930999131423
0.16122755006145179
0.24293928093508277
0.19430637914046925
0.1704788586355101
0.17794361462688393
0.27205834367699455
0.1328765047595186
0.06677155739651736
0.18195872129423873
0.18226627124939715
0.16567924310828522
0.1570714670182074
0.10152441565810244
0.15750245760541975
0.05542931766982537
0.1781470231122052
0.26413162866132367
0.18959473879338734
0.26169556163664537
0.24144048866797282
0.24757168956964876
0.19115483369802982
0.25050049889184395
0.16957858601227044
0.23997988845174062
0.2239522819193306
0.19099638553832904
0.15992533707990242
0.20801524880596928
0.15448086667586766
0.25941635616496383
0.2403869993381848
0.25521619939103735
0.14857536771900048
0.2223002566226113
0.14475192945058285
0.10601103972012203
0.15792036754843372
0.28622741354124526
0.18779164349785385
0.1796410586183118
0.1705058164637703
0.09415796350806571
0.21066746567758451
0.2128112222437896
0.19104482044960822
0.21256088228666695
0.19775855025068725
0.2015894448698667
0.21640887352739338
0.24953337725462182
0.13935307244479553
0.11912844817658061
0.18018902858468358
0.2526018868129767
0.2626426559077101
0.20180852736538823
0.27258286219693756
0.27888581688784103
0.1500833615350557
0.2661255162473601
0.18085800395978863
0.22109072312276276
0.1590606893668718
0.26084159886267155
0.15489432873022713
0.1852484268480221
0.20602888661672317
0.2709877790486378
0.11803959923882174
0.1857017875128416
0.12886091668990757
0.24069178952180406
0.18194555954131952
0.2584460907402083
0.2540184906108365
0.20034215611390732
0.1673770041271098
0.19938494979584934
0.21496369163262768
0.27715621902747667
0.20379616197693914
0.20115340483863095
0.19005769843306003
0.27938817219475975
0.11043026536694593
0.21679026142565425
0.09993678369821371
0.213965927578066
0.19866889014183692
0.2657592303230967
0.1738721000016323
0.15095393751066433
0.1963796426658565
0.15826587540546738
0.19631085429808073
0.2245505651268163
0.17154481983294592
0.21500791795379437
0.1578247120936594
0.15353057305765724
0.22414907054788924
0.17994154883285268
0.10104200279330533
0.23112906325359867
0.16111375436919606
0.20883162244883008
0.17014388745311268
0.23331380335630247
0.15894180211248943
0.1951863947998404
0.15622119286084185
0.1713645267048922
0.1568677163249834
0.2150355898455167
0.16278107154843974
0.22337968319077434
0.14956760859843105
0.20185057494556327
0.15428970193970148
0.2039337100299633
0.16124897896806475
0.2041956821914436
0.2663312922835168
0.25706509469583366
0.18963095466355784
0.14903570226349425
0.21494922371539216
0.2068828200612078
0.24206424678657132
0.3029417253483552
0.26910198372826794
0.15864250262955987
0.2507847270239295
0.23314536022532129
0.20273070328066686
0.20457577024278428
0.16134133209976756
0.1764040602612924
0.23453782252586336
0.18801805879114
0.16222723096553324
0.22210671390767678
0.10930039028622085
0.16171829448172753
0.13442510996733706
0.2488056349984285
0.09617159973786382
0.13825904324920726
0.12773714240353645
0.2752221500911566
0.2130380484327337
0.10242664031493408
0.1381188148761092
0.20985655757777777
0.20603666331437173
0.23219532374538374
0.18217012206099742
0.10573402823317869
0.1689052467665401
0.18072854009322023
0.179745874861568
0.2044995184880871
0.24263031547509745
0.22500574294990577
0.167335688862769
0.13972660379768573
0.16624965606021286
0.23393382911537627
0.31678188991374534
0.24760537375258376
0.15275352943532278
0.21151377570004862
0.18198220652304167
0.1990823558250421
0.14878984091818825
0.1987166758344425
0.2918248435076103
0.1272304962863755
0.20530891030337828
0.2480918319855054
0.18584613163271338
0.2118276567778493
0.1951641209703177
0.16246022331932108
0.21659377740517377
0.17780580161679976
0.16653744184879066
0.20091093602395815
0.18596785161279597
0.1991374208307534
0.16796501374656087
0.20398297304224058
0.12623551211229755
0.21490415605553487
0.1971734263819024
0.22963706245683752
0.15786714414033723
0.28736380764546804
0.23871613806014616
0.20680934418235342
0.2077373628414237
0.25973106784083266
0.16401694759546395
0.16583671215304646
0.25600292524934654
0.12342659937986242
0.10259296469201927
0.10084405145092036
0.23568277590884468
0.29405605237095533
0.1517871729539979
0.24307565077879845
0.19341725574249768
0.26303279921659356
0.19399110678651602
0.2625088823652045
0.2027866401678715
0.18259122858180746
0.13761675111582708
0.20068105136853132
0.2526931380698906
0.16293809915913643
0.12237469671451036
0.15725677764013207
0.15840582534335318
0.2557541236665676
0.06811905893662798
0.24782044323026128
0.16755081052366189
0.22702131172281348
0.10513657843678055
0.27176350550727246
0.23902386307563087
0.2065561330329873
0.20615990128692468
0.12353734291232092
0.12052407766316932
0.22347800488274433
0.266319377184657
0.15622722033499647
0.2595915187245052
0.1721109929236992
0.18697691895525453
0.22096217399543755
0.1353190560152685
0.2828813433181436
0.2091946517921625
0.14953343958873894
0.10624980877236663
0.15048533837858882
0.18795221658610042
0.09724296837369094
0.31401718887238356
0.20584990222538577
0.13442144390012065
0.17423633775544106
0.20116929931819966
0.18914778348678707
0.14953540564637038
0.18556789370303609
0.146785762970233
0.1552881033046022
0.22353277783872846
0.1476364508373892
0.13291180387911766
0.1766065618944134
0.15136467599206926
0.29512748761307417
0.14325282502549286
0.17463518168140757
0.13629188684212945
0.21193725004466954
0.19203471702314878
0.16544726856462316
0.24535370522759486
0.12021011290058231
0.11266651634718138
0.2394228569572464
0.15706225540147367
0.2849572009435571
0.2360395392203047
0.1967316797576825
0.3045621684324445
0.204823361799606
0.23901006626496957
0.23168796055799185
0.278761298161585
0.19678173963346388
0.20464541092955346
0.1969118920802555
0.14878241570976916
0.280426591204313
0.18339456598358586
0.26120610007711187
0.2590326043486805
0.13779287845343283
0.2806675270430604
0.1752871193675531
0.22907910728901437
0.20188729910597156
0.1819236289137562
0.22704788774767354
0.2051238718510767
0.16971210086366117
0.1685711646544451
0.2327441423521945
0.18542723739093622
0.1389396391333484
0.10893375185252614
0.22830826508232366
0.222782738396788
0.20452406292308167
0.19217482101123684
0.21507313939502748
0.13208602264646419
0.2330727023328538
0.28501838451002176
0.1564826131832113
0.16078623398130024
0.14481400474933023
0.07126451391942568
0.15998884790590231
0.25184757197886115
0.16650331533591958
0.19745113137258158
0.17070453952291076
0.11760404909577732
0.19562517670424537
0.21791256714024082
0.1738730665092166
0.1996107363285735
0.26513907035636125
0.22474433376823708
0.19079008834497574
0.18750781292076754
0.24421719110933143
0.220175406286914
0.25556376376928347
0.26179067580714876
0.25236036022773634
0.20597215536621577
0.22686520846548894
0.1993437905553019
0.244463256835643
0.19386951336582217
0.21999657098635467
0.21362454343883572
0.2057188060261299
0.22457205432719152
0.14575389026547525
0.1679027991035002
0.21399375873019305
0.1719919859250725
0.2081976021941117
0.15403416286452615
0.21119970432573035
0.24564577012018846
0.20821424121603582
0.14204448113492227
0.18560111879652313
0.11410722068236599
0.10101252339600944
0.15261289653832924
0.17753224918560315
0.1880575034093393
0.1332493038119274
0.18331221965717698
0.21423830108883757
0.21239533437288777
0.14605309068460112
0.20696407796976693
0.17348138178906317
0.24663160600767547
0.21361503400440737
0.22617663876255537
0.1622531708332573
0.2066965102717398
0.198595027012354
0.19759910793280522
0.2133095091930023
0.13754861572574553
0.17483079483533948
0.2876021229807301
0.18730036032630695
0.2573685820207392
0.19202789905528045
0.27217750054812695
0.2801444084732627
0.19949150840036245
0.2216773964399384
0.22714983957393836
0.19938633160714775
0.16821289022389826
0.19214038861300153
0.23218792290202886
0.2516363061656325
0.18208260616628924
0.23859023563548726
0.19886245296862046
0.19953014864324378
0.2579075821269775
0.15190624023297303
0.2102551634852605
0.1979111607816944
0.15407879775720715
0.17114691075159513
0.17073491730065427
0.23411612395407974
0.15262046420723638
0.310363305169283
0.17109131359979152
0.203033865640958
0.16594709450564926
0.10392680076405841
0.1811883918287689
0.19265235303035408
0.2331802667936005
0.22581913071987328
0.20619305499693838
0.1391790048130788
0.13436643950498894
0.14535688974938907
0.24758682667341647
0.11449676827854138
0.16648351032332198
0.22701952118638027
0.20175801970500631
0.2297947691020148
0.2295285461241176
0.1915027784208526
0.11898965392553651
0.18895458763614714
0.14490003001195897
0.10894168955311541
0.2133140863394405
0.2563172986182571
0.15535944653611763
0.17273896851759793
0.2436459640284704
0.24199817546924712
0.1325376173281162
0.12966335546005658
0.20187493197697604
0.1158516462801008
0.25227840672159263
0.13773841966508385
0.14089189830859972
0.2430599352378226
0.16004651615656118
0.13570253333748955
0.1273336993551042
0.16478769923116554
0.23582110860850924
0.2837771755215344
0.23328499402200753
0.1531944985720191
0.2203674969421467
0.19430906027490366
0.2700536550279832
0.19563675028007216
0.1236799877311762
0.1345590593109471
0.15856216426418948
0.18483628524505474
0.20161996103735141
0.3007787455808382
0.18437932252641084
0.22067130037532504
0.18803527532654105
0.221055142611054
0.2455573968840707
0.21167997246026232
0.2496242292988875
0.2464769265456968
0.20811906535644736
0.18617665859977742
0.22986822006253077
0.10573548335602127
0.17730364941736995
0.19063963226683533
0.09553535316627944
0.18245378905289705
0.21291689196566013
0.2486443749573147
0.20726488565866147
0.1850411594517258
0.029590765431667387
0.151711806621195
0.17157384982455492
0.21399319208471743
0.172789791623743
0.20794840370408757
0.16798145261941208
0.16896385570476902
0.19407785868565908
0.17603267818359822
0.15642678155597475
0.3194092659273683
0.26637213350444355
0.13080166143955377
0.2551075995095948
0.17615875567987271
0.19257565555464737
0.17587941621119946
0.1980360499164605
0.10881079037341373
0.22860115572991463
0.22404179635618324
0.14615684076702481
0.1958678901718772
0.2784969467318714
0.22073447414739383
0.16740704547820381
0.14049205654579303
0.28555923389299326
0.16122284217525618
0.20907513576421433
0.2308168042527691
0.1734209762856563
0.23636463899833227
0.19185874016845597
0.17780394718277176
0.1651240105788444
0.24714527921682836
0.13033432606371728
0.27864283449202865
0.1578536137339524
0.1184189393499031
0.17898989751770264
0.2622784995399534
0.2520190374029414
0.20204263687301036
0.2448599063483117
0.1807458545319422
0.20113507223186888
0.2061534613567713
0.01824949098022316
0.1768005815445395
0.2116429631101813
0.2008932830629135
0.18481780407825646
0.27404381893797364
0.15198034656447823
0.1400666379129833
0.22197969762094816
0.24919597420029113
0.18858038103164645
0.19787015918775344
0.14232872823628337
0.25833217425523847
0.19965531732602074
0.20974702141726528
0.20595880238158062
0.12881479513831828
0.21319460536936494
0.24345828399986172
0.26855913576554963
0.22461779798534295
0.1765569984283476
0.17038787589676563
0.23394560163895464
0.19563467961298273
0.19887726009821066
0.2633404145566457
0.1887983444090661
0.13604766231930404
0.3534041043154774
0.19173597929481354
0.15319267950851842
0.27693641660285523
0.14619765632066617
0.1942331220899795
0.18773591177532448
0.21230462451515503
0.18596185190984232
0.16622416539571
0.21998977784448873
0.20521726412317187
0.20149681970109246
0.25065540241776607
0.22514576272739042
0.21703299339290752
0.17681995590731617
0.2591820158605141
0.22831385613198438
0.20971320770278723
0.14403654452677228
0.14902952185563645
0.22692400699308957
0.2826958405523329
0.12996024503067588
0.18305008572479073
0.1493664604362527
0.2218540582283038
0.18536125589805844
0.13658124025364518
0.1889107336598366
0.15104003119366421
0.1852820453673602
0.23962458376087242
0.2625960121439649
0.13393192990645972
0.2638806733492829
0.1651373425738234
0.2268604713305445
0.2807137346266174
0.21231948348292534
0.14657133325658206
0.27533213978001175
0.14162384218977975
0.15706324422140486
0.12671571599218326
0.2257016376610192
0.22176747124806465
0.12128575189290937
0.20429631878640694
0.12888097888611175
0.3121707721907011
0.2812029607797922
0.2574242106489603
0.192285278723683
0.18721244840917314
0.19230514945979876
0.22647878414475647
0.18449517379233307
0.2354934083204222
0.1827375559323717
0.15992593951873635
0.25101029123901636
0.1969177580679712
0.17929004358583747
0.20932022750529347
0.1837696572475062
