0.21107833921883234
0.17039639224861458
0.1954788239395044
0.24739386708804403
0.20997778388738483
0.10204853308508133
0.1574085376985555
0.24801000999836165
0.18814599263978704
0.20475060681520932
0.1736744832196735
0.2695582270309938
0.1544285136760814
0.14876505297997214
0.23045646474842196
0.03562699795248672
0.13510941842140478
0.20762708055676993
0.21584335283810607
0.23426503534598359
0.2260626896382279
0.2151645758866842
0.2689539058779895
0.17569140127102736
0.21334552888974878
0.2269117895330076
0.2400467037167682
0.20665943410864046
0.1652419625350882
0.22048121107622926
0.3033018599782994
0.20066238623386148
0.2613347453250093
0.21025542644939332
0.18351067160344087
0.18823555059953828
0.25101269990926667
0.22686798810321326
0.07498839993313342
0.20493809749163766
0.2394604188400176
0.18286861735862556
0.20842308902402704
0.2394920785809306
0.16661568561060325
0.1837163298149633
0.2841495068954547
0.3015066781919828
0.16178309449764228
0.17906943147974416
0.1954211465194646
0.11953734180612575
0.2624650843604468
0.22135488742635231
0.21431317732267993
0.2482391454567427
0.2837896556091114
0.17871468481506292
0.2756058128286727
0.24722667160629297
0.18380657662068478
0.22603429969263478
0.15659294801284182
0.19988795010734522
0.30585065205076084
0.18476113235743455
0.15223288984220426
0.09317394073381363
0.1945341992352293
0.1799062938560051
0.14562125767474998
0.12343408159533473
0.2214709509041184
0.11346820834149379
0.17314030581701556
0.2634870175296864
0.20078395368965765
0.23967165976238777
0.26219996072041607
0.2141426215005384
0.21089438301032157
0.16443279978401462
0.3079731375716165
0.1317334865823701
0.22517927395858178
0.20892059085176798
0.11048089731855296
0.2373511019179876
0.11140492613931681
0.18495475458398553
0.22712314697154
0.20433966549083862
0.2333349512155159
0.29565138914334577
0.13395949763658233
0.21779502030107611
0.11992708907719467
0.2532451690004153
0.2770178013313827
0.19659184035833643
0.1782478137271783
0.18598293847241865
0.19482579536756583
0.22576933402056748
0.20853080675028665
0.1358247807912505
0.18512078439634047
0.15253793614522054
0.1276070346341286
0.3181587035230415
0.22363003779766483
0.2010151754965389
0.2373504564006283
0.15657404113379533
0.15626947206758318
0.16918533058675087
0.2381462379380991
0.16477414965063847
0.19173545500862774
0.20641752553087117
0.2682305040660193
0.2691492018778433
0.08254820312784313
0.20656985915270307
0.12804326329624477
0.20228643605256943
0.20734838997674002
0.2822891173614731
0.12349583315480883
0.16905656483452183
0.1706475274250233
0.22786384159360734
0.2430957726923486
0.2488847297161086
0.20334714222460595
0.12898489004720645
0.2083956942338555
0.15365375848804255
0.1352043390571553
0.20206987778250915
0.17132851147839057
0.2009177297301831
0.19643396626294174
0.12526032910320906
0.29097601822044245
0.24439007138141058
0.204706389626228
0.1429393202899486
0.19379640378556925
0.15104569889936847
0.17412765020303136
0.2302467045946585
0.20503951847390137
0.12370667708583714
0.1506379525707025
0.24211736476046225
0.12802265202101773
0.1406878396993622
0.16555722628628358
0.246527502816468
0.2336613143923239
0.18138266274550152
0.23786676285613853
0.17896442315830013
0.2164122837254362
0.27086640298135634
0.24680707072095154
0.17500568123689367
0.12643728385731978
0.2052242136763431
0.20645774117415897
0.2168437013936828
0.12725213107619843
0.20886011994476178
0.25635762318000055
0.26969536387666654
0.1587663587693791
0.21435419736989603
0.0987595596187707
0.19258128332185454
0.2520049111902223
0.19248089411073355
0.21264855966572593
0.285430030191149
0.21457679165568633
0.14118434713091324
0.17336677675858736
0.20128380647738175
0.1247950543689127
0.18114695379225673
0.2640335570414953
0.16670671394174816
0.10462952762703998
0.12122860033627554
0.18268906962422843
0.26264076823859017
0.23542057547764692
0.07875198046459815
0.14571297696432345
0.11423805727309191
0.11671469609438138
0.17071477223355788
0.22814483302106683
0.17487315452200303
0.20700826296126124
0.13901670399911828
0.17750965696320184
0.13559444734162418
0.2543653946341268
0.19245691829433106
0.21945554793382105
0.22020425222878995
0.29814267879545786
0.17423892179328718
0.1943443511072103
0.19767020013771605
0.11241890545504038
0.1918034257992363
0.20734142364785518
0.17521492251875537
0.19924949595413982
0.18687069327444097
0.23759382113879554
0.0962577929295099
0.24417499254381475
0.2029421281778605
0.18196280729142666
0.25994864933594075
0.17855406242191452
0.23686999155118693
0.14059965268057822
0.23949782567510566
0.144970065984723
0.18877093006113033
0.1946797399101244
0.15765836585640014
0.13556367135280845
0.2657520326847589
0.2002658764320159
0.09091946265174436
0.19825140196533045
0.1989331336306391
0.18889950871135666
0.26763672409005385
0.19252194510644696
0.18864738931603892
0.14495218043974212
0.2794312258863672
0.15062712588619923
0.18048789018134193
0.2392361199814296
0.2501239573751851
0.2351740114677959
0.1718359766781603
0.2647717367992055
0.17404554236170242
0.2555963705457695
0.23983177930532187
0.23779762841412833
0.1709616460820344
0.14691910251457332
0.1934684841164357
0.22486038228815775
0.30343461946896483
0.11080784556639367
0.16041740893670808
0.19350430453752346
0.14972457692779284
0.16840229906915252
0.26661982292758407
0.2612586774191465
0.26975257802742075
0.15205646276091572
0.2752049284865173
0.09420030011010916
0.27230369968420814
0.16310234103513593
0.24442372197767523
0.16473545555639438
0.15323282558385665
0.2745712023940865
0.27385107307067014
0.08215941743860351
0.1589804676877904
0.20617532889489026
0.23175502483669336
0.20917099958190719
0.23876570690345472
0.20642657705481207
0.22814799383011675
0.1589606185363766
0.18470397619284634
0.2227329812035809
0.17235095381041315
0.13430532982381255
0.21333865971268354
0.2012750149779395
0.3032817541040841
0.25578781901496295
0.2040700884434066
0.2835125804133823
0.12590700180843672
0.28109831385232287
0.21549689796295746
0.28772970440861523
0.20887774989577096
0.22409940396562264
0.23010019198446469
0.15019102455163907
0.29926181419214004
0.2903159448676417
0.16146048047878372
0.24687510094247156
0.12250228645853521
0.09281602797439004
0.23332393171303722
0.25578016751283084
0.19399987129242435
0.2834616003243632
0.20152339694585306
0.11976696643805687
0.28987337806989233
0.2343805199972951
0.22844154777657266
0.16903603748338308
0.20488240853413495
0.13383226336315826
0.17459372668507328
0.20205067055739634
0.23623764114031937
0.15581944367110254
0.1520249653717592
0.2735015785729088
0.24081816943129358
0.11282507032357217
0.13501653774388336
0.21960317377133298
0.17975609930813405
0.10371406696105887
0.24583246571604817
0.19897977777705594
0.13026224605365544
0.14851301974933126
0.3151120717802346
0.20935401030158063
0.22154827898456764
0.21224272890095547
0.2751205192174308
0.13766385010996343
0.16235141242348824
0.19289971152489743
0.20629811190705405
0.14533293941403275
0.33187525415677893
0.22991486739653313
0.27751331688162645
0.22477465455754608
0.27211366570492673
0.15646715575150263
0.18103724464179172
0.17093578897369066
0.18853154536670322
0.1987413568888201
0.20811211594894127
0.16637101676290933
0.22620417466549203
0.2691169225617939
0.1267762527362481
0.17330012019174
0.2055920260279507
0.24566025505934255
0.2229258986132743
0.20040394669460515
0.23457376805893065
0.14734748022373137
0.1530124542169581
0.22429803546085
0.12718596574412466
0.29095742638694577
0.17799886613693022
0.16077638560722224
0.1700189882921886
0.18256117765317692
0.1626355559771712
0.2365292951296653
0.20319415309175326
0.23276327336543648
0.30490195077042687
0.23654782838855298
0.24031440970571327
0.26350270087830485
0.2333413156519948
0.17540297143333225
0.18027692938010276
0.1472417211983342
0.12736517732020514
0.15820137222118955
0.24098626964009062
0.2560305588606185
0.18963244921573735
0.17322401392099046
0.2573114523756415
0.18306876157992844
0.20689253098790789
0.2415170878471376
0.24188051715039072
0.2132545783937334
0.25203709347836195
0.2185066174869451
0.24458188001008047
0.29398382784881905
0.22620138566224465
0.18600544675222094
0.3076217137881928
0.1772021464951175
0.20655029258792448
0.19819129606088445
0.18761808530004842
0.23593991378208684
0.14630842824994134
0.1920278664799812
0.18204763303250074
0.22962890309567768
0.21571887867806303
0.20133128005412962
0.28528860427056035
0.2586793726324079
0.14505226289015216
0.19739682562620833
0.20425002233684
0.1693088653942431
0.20978959234721692
0.14168049929140486
0.31490964847280867
0.22485425702569403
0.21815215516180536
0.1553969253607823
0.23335821894087386
0.21034116458941837
0.2789566819285452
0.2540865689098213
0.21082359047442129
0.22685409183749994
0.3000483441460006
0.17809956027831403
0.2866310179792504
0.17668849489275534
0.22035636637746248
0.26504054941898214
0.2018029859708477
0.11703989153177131
0.19486055349895176
0.17314784300452102
0.22466655497708757
0.22982800722816954
0.16170691196867842
0.26044631386321737
0.21628062955838825
0.23560281640186637
0.2691830460902519
0.20426653835590103
0.22271112604877127
0.17183384192679169
0.09123784567055458
0.2378003160641971
0.2767312733571088
0.03921557584116603
0.19103837532036197
0.12448744006810669
0.20881201205825495
0.27411590118633206
0.23142920481285917
0.27747266057296893
0.11379300573024301
0.12330255621893044
0.21539981856007293
0.21643682041108428
0.13240296330668885
0.18962874021159148
0.22145678447486514
0.19872119051986242
0.18345160237211725
0.19068547051261286
0.10560270269112286
0.17104836633921808
0.13818640574984523
0.13286361294604226
0.192744027617688
0.18559005730536965
0.27517762439546606
0.2062089406460747
0.24789286720077833
0.19189128694657945
0.14929413627787802
0.22733239244926873
0.21279722747330398
0.24811922445123608
0.23452263602534745
0.21642520967915432
0.11560989784145535
0.19200049336813557
0.17434089971860411
0.20951883075776023
0.15087249381250448
0.23098252814689413
0.3207269051687593
0.24569633396580975
0.1401241106061144
0.2500060675041173
0.26897490258888507
0.12591982309230187
0.19610870938551106
0.20589884109847423
0.21761946084461542
0.20142611569697783
0.26355578344684183
0.12372546081557691
0.08186629049599857
0.22774547899321226
0.12152597083380062
0.16714862704630673
0.1259278135941796
0.1592250173888543
0.18776250233510802
0.28647505472929014
0.21744148058412224
0.3250955934554186
0.1659592735022168
0.20617707249477552
0.2577347046167211
0.259431164397698
0.23370090312913816
0.21127717467010218
0.20153994265706454
0.2979676772087227
0.20512142392612548
0.1805957413198688
0.1952384408993919
0.1788628182526043
0.1274849524083973
0.2617206047979487
0.21233540290755126
0.134652242257376
0.30348395370446446
0.23348295583334822
0.15430397761048054
0.21182247556716646
0.1302878575848862
0.20632931193259305
0.16445172760533175
0.19147764854367183
0.1779484742722406
0.29010678689531394
0.3081709263744291
0.19389066968144392
0.256367390299194
0.19726896042886305
0.16657999057781986
0.26288237292636996
0.2151539614994654
0.1775420115556013
0.1399280519388379
0.137094633284238
0.1917048199541948
0.17751105748422744
0.2702093941214675
0.21922220951850716
0.2541976427483321
0.23366250932040483
0.07543412964826496
0.16972461269348002
0.1859926472256517
0.16641753573507412
0.21834062780032673
0.15987451277820885
0.15693332199894253
0.24868080736281817
0.2202976869400151
0.2311289154597583
0.09473880099010022
0.2661498236642347
0.2337460049420254
0.22422102262825178
0.19684331702591518
0.22449744971011132
0.21078266098988813
0.22942933740549826
0.26081658413040415
0.24038839484903318
0.2211227941485811
0.18923347033958215
0.2062615181892742
0.20849435694817156
0.2232362806415883
0.1744416720847795
0.22789220205119248
0.17975713069104576
0.18498385686845906
0.17672011875833385
0.21189432096822067
0.24339190245536318
0.1883279618899214
0.27754877009977885
0.21253035115499475
0.22041248782245523
0.17806199685294352
0.13123023867486455
0.261923314581091
0.1744960285823896
0.22924281576032374
0.2665681775210547
0.2809368014480206
0.23746960472703435
0.14593898513906417
0.10125537059735866
0.18755673688072616
0.18239853287186214
0.22244961491562965
0.13765705772276332
0.22210065688607342
0.15295442363208225
0.17109639955757533
0.14277432705285487
0.1810416796666359
0.21549239646062054
0.14111720367611424
0.19403743232139206
0.08074681881280465
0.20760532875925028
0.3006379099885288
0.19812679485172155
0.07616978018576243
0.2195225152231661
0.1400032252504843
0.20181502252240605
0.18945197884041393
0.1534867058489116
0.23052093408334362
0.20585922628582176
0.27887454440666193
0.17943991435725018
0.21750907679503112
0.12066277299975556
0.1925494828996707
0.20974915612194356
0.21488412704894966
0.3202643692156698
0.08901301888866264
0.1354704441982833
0.23426510090983138
0.22576709819434274
0.10596632124363727
0.12427631735729444
0.17351112157190507
0.16936846020762947
0.2377282166263602
0.18127779051478154
0.09326174547016086
0.13918565294141336
0.1619640994998247
0.2226207481464178
0.11301590353888401
0.222656025542818
0.24727710197208608
0.15863113360004114
0.22784451728089947
0.2726021581266479
0.22361437641783372
0.0692656640642472
0.21330843959284596
0.12368166749746
0.11835639328765865
0.2201142412980544
0.21991472684901758
0.18082760694780559
0.14815764636988407
0.19735764145327017
0.16357537883869724
0.14952867576435477
0.17579489626807315
0.20246013462397514
0.16211237640641762
0.20232232120448068
0.22443735979048665
0.19943817417302256
0.16851237227737897
0.12238896619779055
0.14391929138922133
0.32114975413064123
0.170424201404499
0.21091488488433893
0.1845370501323763
0.25088899140503335
0.24631667686865516
0.23028245157219074
0.1854805345938454
0.19889451182656198
0.19872946894314764
0.19941357168064475
0.16053525884170075
0.18097009629526273
0.22538769783408508
0.15883146499529616
0.16277350657188566
0.19402904999696102
0.22444316907891332
0.19815385193381632
0.24994295831891758
0.198906431657658
0.1462727426231747
0.17363099797709108
0.3140841566370031
0.1366393083047496
0.21068837760408707
0.16861813726355102
0.18919230483282168
0.17304702813277364
0.25948455635046175
0.18785433609477636
0.14211809958065524
0.21994095129121483
0.21017162171533427
0.22809712883145433
0.19596933679113013
0.17810272566925067
0.18277714430418074
0.22624754254668794
0.18692530527089676
0.1513182518674333
0.20362969326883248
0.2315815193470034
0.149266310250569
0.19168173444610095
0.24298354321720675
0.1644070610195381
0.2698042983349833
0.18020354845735137
0.22708277110219632
0.2314817946185946
0.2693682094364064
0.3347310867076332
0.19712635945998724
0.2043932226046423
0.2595590056050192
0.15262415971827753
0.21001459995755495
0.25465128431829237
0.14268784947710297
0.17330320941806845
0.20796902282884233
0.1382919827927055
0.21719710794878289
0.20465227721676904
0.1830306362906261
0.22763927001498935
0.08423285563606264
0.20598777641060464
0.10023747901178293
0.2763467025048505
0.14695437033041742
0.22187186469287126
0.21813507511507277
0.2005866709732292
0.15740182675452047
0.21649638208096433
0.19053939131276185
0.23464884187033347
0.188340884141178
0.1435183592450959
0.29698109902731445
0.23409679160254213
0.21735264266597193
0.18958330829681228
0.20063709258542256
0.2520988335479
0.2592376442353186
0.2906997462580903
0.19902957422895085
0.24978428653397536
0.19848631213521173
0.19538093512383986
0.3296846229280398
0.2754646948623703
0.18924746813159518
0.29509934272179605
0.21176185559291288
0.1257605464202362
0.1866761768860047
0.18781323399185182
0.21911909700800813
0.1563415927152801
0.30819017099050094
0.22255520911907933
0.16965749593010832
0.15398714037957004
0.2345080732340937
0.20576314107566054
0.1331922253213591
0.1685425274850233
0.280214793585269
0.1691773102322952
0.33234484618183757
0.12759989299859187
0.2083682842520129
0.243155238989737
0.17426827622911248
0.17025902883156896
0.20845097849825148
0.23846102862475196
0.18504313375311549
0.22120305424930298
0.2965314151423976
0.28757760558134426
0.16481012015852617
0.17995617375776862
0.22917380772248408
0.2144649782455539
0.2620267106673774
0.06391634350233294
0.2061794091272459
0.19343453114691228
0.23817693477154764
0.1138241846061028
0.08166991943252407
0.20655271855371332
0.30326375245758663
0.20141962850027662
0.24679479898730103
0.20112683869713482
0.1483003688354836
0.16473453626621587
0.19673639165698575
0.2168018869726255
0.26535767703877916
0.15965425736427105
0.27366433058111184
0.23480434559461727
0.23436494798854973
0.22396260056917003
0.21056981400463678
0.17539229269647483
0.2752550778711083
0.1918570299361619
0.22830384471315926
0.2520676782166067
0.23219610864686505
0.15564511840847864
0.25581546252868387
0.20775015286173815
0.216118564696583
0.20407423866740865
0.29235761641573366
0.26053769961640444
0.25039240935881374
0.15903690066095238
0.23672940208498344
0.24842865583124896
0.19432808154981412
0.25717119178198455
0.21592603787956943
0.15082594503358934
0.141922406730687
0.17355137375497498
0.18709328411873694
0.15883773696120834
0.1380468820475887
0.14273982835947918
0.20627282549926618
0.2752779375716603
0.24029524226194646
0.1673233267358007
0.2681645625663894
0.2157830967420519
0.2877245550616372
0.2634253271694244
0.08604760033030523
0.19795527521327635
0.2618985874703653
0.09044627745906751
0.11470588835548312
0.11553660707841837
0.18406021979218615
0.14809906555893565
0.25423526310833455
0.20465850876438957
0.16655502089125646
0.2757511809111685
0.20244110516279903
0.2038110058481334
0.26715467246835234
0.15223314736256377
0.11111558066537287
0.22719549300348113
0.11195141720861854
0.289453593186705
0.13004559169629332
0.14030925746079492
0.3189473511499774
0.21705964233479352
0.24143149615093984
0.17844282787044619
0.18249363276249578
0.22143437951559808
0.15835808790474998
0.17050390639703175
0.2051655422567271
0.27151813368064726
0.1409802704833575
0.19626136602301505
0.2591344992898039
0.08809706491435786
0.18988024601521492
0.18100829276840197
0.2601369229306699
0.251737763632113
0.22496360874847451
0.14833275740854196
0.2427319482873185
0.2733652558155801
0.18669647443348628
0.14692070502613627
0.24005370224579223
0.2784665445685256
0.19852264681318496
0.19653985349437006
0.14476941586837883
0.2388013438379211
0.18381332625904892
0.11960452149708822
0.235559388435866
0.2511737586304589
0.22462122349533573
0.21858959320499824
0.19694314730005782
0.1470880318663365
0.2599479116780708
0.16693747310676887
0.17935629525218422
0.1662254546394994
0.22523489758598006
0.21924508375079957
0.2622032280502161
0.22678352228089524
0.2660224806281926
0.2784254622759571
0.16371116188289614
0.14967162015183355
0.2944542989948323
0.25147977976976804
0.20515063235130895
0.23580799095547691
0.2620152868193526
0.22111468325422337
0.2320074118433883
0.2356965975182876
0.15265888811644288
0.2087352735406422
0.18102645801985554
0.25008764559036495
0.15330351422694216
0.19435446239935875
0.21271620399399888
0.1914381906910209
0.19897184514627247
0.1755501201595753
0.18390783635126162
0.2059308363809321
0.17501187668641247
0.19041680947367035
0.2535521660945824
0.1804452238667617
0.25325753334775314
0.26776902727908447
0.2693211892357258
0.22149870901891222
0.14141447917036493
0.16870441958260457
0.10760876692683334
0.14840980213084054
0.26590056372657334
0.22166671949696842
0.21205644621916256
0.12899399338743295
0.1969384982301985
0.1302676464479822
0.2556177918097124
0.1350491218152473
0.24370076871891388
0.15661986660567084
0.20129057887229135
0.1728673338394174
0.1909105269135431
0.19931508377546983
0.23043678609632243
0.2071299366365611
0.21548630593088433
0.20925133541577484
0.13605920305126873
0.16892247179809608
0.1842437134245035
0.21576459962415445
0.13574363281611723
0.23537101476664335
0.14284201445918313
0.16004765654672579
0.1679395916907256
0.17619156308957265
0.33140982826002785
0.1613109443726377
0.11438662176353055
0.15846398598819614
0.24406530902551574
0.13407653837076108
0.13284959047173542
0.19110313896346134
0.17008978787434664
0.18071341246676506
0.13557822207688364
0.1662677819722109
0.23927912918947442
0.21673413835855285
0.16577776922017284
0.2596695327078821
0.2547507396265643
0.1607197654495901
0.2471823670196585
0.17878457563868322
0.2641965032655826
0.14719973333655248
0.2198284173669893
0.2243971542043508
0.13878218449826718
0.227199416388578
0.20878110703261168
0.22122343210170414
0.28639265361359273
0.19972699770449803
0.21320925285474818
0.28152038970827814
0.14864215259668395
0.1642529186563848
0.24282523447990934
0.23075261415529913
0.25336346513259395
0.26261612597819517
0.1490499094687182
0.16532110345100123
0.2253979269639535
0.24770557251217815
0.22017629792344207
0.14794990989535972
0.24543458230362758
0.195392697579131
0.12430319159947548
0.22056345599891883
0.24878705028941853
0.24687382621066242
0.17646710789928585
0.20242075372920637
0.24274024182659096
0.2047773329916263
0.1738302224006989
0.24292753857857938
0.13030534389422604
0.2567577140404402
0.1902446316942013
0.22548221268228194
0.19170198464806582
0.25008366842219004
0.17023354031201837
0.19522429016120996
0.20623613700293822
0.13458900191169793
0.17858585483118214
0.30359713826713547
0.18701716323672057
0.16752855191980653
0.17936959135346034
0.1708071212438327
0.08544672246320076
0.17827919005467416
0.18709045863694587
0.204968532904551
0.18639538892364238
0.20489753555009035
0.23520086336018536
0.09681554105684494
0.1938529709042507
0.10697772839703096
0.22081107336163974
0.20816735418143537
0.20329753702400052
0.19756657107691714
0.24785123411840845
0.2051264592765641
0.18031269556287138
0.17256561197262693
0.25324003097308545
0.17619381983183335
0.1831445768035696
0.17342435664891384
0.21635487540470877
0.24177008264968441
0.1426099892081672
0.16773250055955619
0.10084933623776819
0.21293649428948114
0.27472809897676953
0.17935264312933624
0.22884981114640013
0.16502391779618364
0.1948782080673851
0.15693816726730808
0.17783451978913686
0.18113568777725986
0.15111444959182135
0.2383733409959194
0.21591542032824063
0.1853008034221859
0.12871141918861562
0.17987013106200148
0.2637047996112103
0.2999911164789887
0.10872624231271974
0.19229996422771334
0.26664051354827867
0.17969747391162025
0.2688078572672714
0.29328459394306966
0.133798360696542
0.18122458867476637
0.21697361136880805
0.16031968968199292
0.1559730047720262
0.22100564369084227
0.16328867491975005
0.21784798031893407
0.24772387802322576
0.19096633198574547
0.22529141103102446
0.2776316253674264
0.24785586418175137
0.16289025196990484
0.30539942468547
0.16572125547411554
0.22687181992407246
0.2248055361620944
0.22575998153418353
0.14128225320860427
0.17185909853661335
0.13500325053410928
0.21206969389891922
0.19885625571654394
0.2450152405065871
0.25462926691260845
0.21144885374221362
0.22383589621150538
0.12418068681453455
0.16729458262048233
0.12628935159200746
0.14714097954537586
0.12676556877905099
0.24660443440536078
0.2066857973032848
0.09704884542693476
0.23073998234145934
0.16106612892473185
0.18455697231073143
0.28642478323962406
0.2361621327527288
0.16744963167496185
0.2018613876863665
0.22944598567912455
0.2430480707761825
0.23093180348526493
0.1485099055289104
0.24463400945179395
0.23054086612449423
0.309571446932442
0.1122260034010071
0.29818743143532667
0.13681861444092797
0.19583422995762761
0.22677609591028164
0.20839818730406556
0.14359833840310798
0.2773561864182054
0.2933550726602806
0.24174013891755644
0.18824148399378723
0.15975713821030418
0.23379317686078488
0.21847341873300907
0.19248670113804686
0.2975624313773524
0.09175701495307975
0.23607782185152362
0.19278840091531568
0.21550578811858986
0.15459235068947463
0.25434997651997515
0.22149068645426465
0.23408380406047535
0.08297914355988308
0.12225445050227743
0.22379179681598205
0.14386737189375143
0.2834619671512543
0.3118554803034487
0.21909639598628908
0.17431971272528995
0.2199920646948187
0.23532807585767662
0.17544223939322445
0.22433814100638863
0.2379993984940006
0.23686145517507748
0.247858114230652
0.2146875658224362
0.19098334259989885
0.2138901721113274
0.12317248362024219
0.20840181149461204
0.2819452253261698
0.22698134543305218
0.29541339254955434
0.19811562959544693
0.162975027266352
0.15590962591593543
0.169663865247642
0.22360807358894955
0.2044127527633089
0.16316473246484692
0.16827932682724067
0.2427885071444499
0.18235289944379565
0.12142252067171469
0.13970375190427614
0.2680081847523421
0.11873102694569282
0.25277124311514415
0.22349963993944208
0.2572242626823739
0.25263622823142257
0.1621405002625019
0.1515936389308652
0.23783937917774733
0.22295592505924097
0.17472286346524213
0.2066156775625534
0.12086046983168541
0.2541176395876316
0.22525145338210828
0.16344311135137798
0.17364922962610177
0.24750135324895822
0.24169266240005732
0.15128422986103734
0.11184305688816659
0.26292484773264657
0.23325822713832506
0.2583884081779456
0.18219831361677905
0.22364513310915557
0.28269666201125004
0.22526064346650654
0.2241602858530663
0.152989108054948
0.2217145348766646
0.21815829706549933
0.16181671799235198
0.2611114111273144
0.19777679936814307
0.24634482588266757
0.20859189343595957
0.19650673880989478
0.2435425370045921
0.24492400688418098
0.21371765324491698
0.21095067292798214
0.09864402477528277
0.22687813799916381
0.19658873172019614
0.21286940653282188
0.2584342725791045
0.19043069597686837
0.2013815753806079
0.2117055684109343
0.12212412925579252
0.2520924662740819
0.21864827967007092
0.2418823939710154
0.07416023909663083
0.21396273689629314
0.07830088449932049
0.11574656434588448
0.31249727107023106
0.16244934027709285
0.23749968487702328
0.12098726057662262
0.3330857578565538
0.18513073161879498
0.2580022225026016
0.133418414449877
0.20801820916658192
0.17350248056353326
0.15862436423131795
0.06914428529253241
0.275901038647046
0.2266685162395619
0.12903678519060363
0.2167089930893229
0.17164109117664972
0.2251357054629425
0.24619259748712355
0.14152795985930905
0.17665861034803373
0.138945215493491
0.16072474727369668
0.2843442078829143
0.14871887976854486
0.2364074170670734
0.2028791256141575
0.215089322828507
0.18508939750478448
0.04642801281067607
0.1694585984978404
0.256776886592776
0.19373283329741944
0.18848385959480946
0.2915402560401033
0.1745044656398288
0.28927339622149767
0.12768150785913962
0.22711706899579398
0.20623752809770202
0.20276454037367653
0.19635487125879872
0.2729474078360519
0.20261811671463814
0.21300780864231347
0.2661017657843038
0.12155021264238686
0.16935818241374415
0.20271603505214947
0.2443904617887472
0.14522452160876645
0.2373136078434872
0.147533570773705
0.2140831242802525
0.1291842140281321
0.21518998434663802
0.25185475607755636
0.21133514725693922
0.1774358670399886
0.14453498439333312
0.2615796551477534
0.2167244451905517
0.0896086213176664
0.2894968692695459
0.2078191080744384
0.1762169123616641
0.15856824768030797
0.23790201107780284
0.12124030030122913
0.19943115124218788
0.16079805478213494
0.23169903781615503
0.28493062049670814
0.23515536795329056
0.18861274200245765
0.1770636479896427
0.14907255203892564
0.18985299531382557
0.17936044370509216
0.1962178581098725
0.2047677158435326
0.2317079493721283
0.1637601265627061
0.2482327294046616
0.2512076309708788
0.2421694271681344
0.09207377238636749
0.1462834515638275
0.24598020381878036
0.15034453458356334
0.1110638965249285
0.22719883084503198
0.13251919372397847
0.20419639009895502
0.17120692613585997
0.19813767398606436
0.11930539813073748
0.19622561945980865
0.12734446576740144
0.19015423072713616
0.26447267666318774
0.18015744026409364
0.24401665607974934
0.2062900724322157
0.16382471650541672
0.17348408192867734
0.19123162793695764
0.11875429374164849
0.2697326960448224
0.177196061534557
0.19298325155662704
0.14969705748355003
0.09945844446422672
0.20686444370675597
0.14226220370890627
0.22202986245999656
0.13936375903441495
0.07523772257649775
0.16558643069476006
0.1881926402269474
0.12941325028177203
0.15224414808943018
0.15650195431931457
0.17703345591134564
0.31462451928985896
0.14612848283777474
0.15526535693231597
0.10908259528138137
0.2561530324062422
0.2197116039478133
0.2392740811651663
0.2966543599141376
0.20347450594892477
0.226023176642694
0.2191341283852612
0.2476559513181903
0.2255411168330116
0.15402495800640667
0.18588146845666206
0.20113773786538225
0.16298943930907325
0.22166540921601047
0.17876684427715833
0.2694201825743481
0.245023243684616
0.22533452865849957
0.22238149329299664
0.20597988988401267
0.1499686601619568
0.1776668569031598
0.2642993796715857
0.14119255138154793
0.1751497390970449
0.1876909067319143
0.24373437774280252
0.20963404929402152
0.18299419224612581
0.17351155214489122
0.24921064823397213
0.1729680414099219
0.1930076403697826
0.1763163006753991
0.18761905676844892
0.1428062281271508
0.2516194486358698
0.24755371340827187
0.14869666542261328
0.16962286272247398
0.17963580927610256
0.22885887807900632
0.20914485287414597
0.1283260521606836
0.29895873930418015
0.16619214737907942
0.2272831502708167
0.246136980580982
0.23856519752340807
0.12533212851080405
0.2521015364452823
0.31668890304374625
0.1976340771142218
0.20559559252250192
0.18416853779851652
0.22253654137061368
0.2134107620452665
0.2421689162177115
0.2415823230962974
0.228488289703441
0.23711371888654403
0.20497945965592354
0.28391014310686014
0.15724779928831378
0.16571855444460665
0.16422291822115803
0.17918999296170376
0.15202780357828521
0.21977676908229293
0.21515547034265006
0.20450774457860676
0.0863120443802963
0.18946600575958533
0.19256893861687213
0.20654766699927374
0.24232804210820175
0.16328650808977707
0.16805536874129107
0.18116412043071603
0.23642886813415917
0.12156641932114373
0.23138348663205593
0.2951880727798325
0.15799704823919455
0.17265215928203337
0.20817162043736298
0.24123552894006312
0.15121901409374638
0.2081091553643864
0.21012498143901634
0.1533154095789317
0.1924019628412389
0.2950544018079986
0.22398365560174424
0.06538154250089798
0.1705735013246474
0.18968440748285634
0.18856440840596567
0.2695166922457913
0.20582540331157761
0.29900259387472305
0.2683412292940237
0.30253291339825894
0.16713522645687953
0.24364584268727046
0.19768233345210595
0.18508089656829282
0.257784950398882
0.19381439044943513
0.16006516098614934
0.20385541511653954
0.15947613735413674
0.19084978033413347
0.17189811230461532
0.2250279709360939
0.2671639297063034
0.2926933809364662
0.15741924323925013
0.266305819215843
0.1981043848113856
0.13577139969218904
0.27145831086681077
0.2401044286121228
0.16988780585815277
0.20094376022241023
0.27790796275310636
0.2360903816559736
0.21248323839514377
0.16646214755597258
0.2002529779831359
0.20895767082710456
0.1656931775556052
0.19891592579422648
0.24888438852903985
0.1861580863945794
0.11666862149647983
0.19826174550074716
0.24629188705108396
0.17472584793528734
0.21257396507591048
0.2193289629121969
0.18554644878282667
0.2552395063385601
0.2203069932184765
0.16823199873547867
0.1125850799346767
0.14251370292332605
0.24001272242619426
0.1793281921326639
0.1995321848086499
0.22150868511113592
0.1765866450757393
0.2438999483553832
0.17466105150700215
0.22606075828215721
0.23634774306493336
0.23421388535630144
0.17905058886215103
0.17034948820578502
0.17236929837379183
0.16297408219095044
0.14213604732315815
0.20691616509509828
0.1614623115152274
0.16435611868859124
0.21896472972816575
0.18108276187781974
0.2327172290729047
0.23548101684439618
0.15829451995193528
0.20175653570098276
0.2115571707574379
0.17194172345405445
0.24983666649168051
0.1858314078843457
0.23159020708720027
0.24044796174663813
0.27370118097946994
0.16663075988690382
0.12404760820393901
0.2618798575120477
0.20361265845225857
0.2753269019190792
0.1525045291235682
0.1507150549145472
0.11367336904659892
0.17610634414393384
0.21907016452129688
0.22174872977198978
0.20559296956109668
0.29465876955845516
0.19597144669919653
0.24700642584824356
0.1299063442676901
0.22781483444188858
0.26443639791617907
0.20072350676469247
0.1672075883552768
0.18399056067289926
0.27025713965279463
0.29721496409484127
0.2187991883688262
0.22780081282522535
0.17057287181653524
0.22501155583816151
0.22694063349561208
0.18490009163259502
0.2391989926288649
0.19727010148776739
0.22409147687647507
0.126618419162718
0.2589125894071241
0.2757139596580704
0.26556645687524644
0.2296426371511269
0.1481537373944103
0.14038814997324336
0.2152855936745489
0.08521126446089695
0.19207943069482022
0.20005382172880207
0.2576191985867275
0.24908830428162107
0.14432862181968437
0.18093953417375863
0.1743803418318789
0.170646486669241
0.15741289817156384
0.2435488880442088
0.14975241382050875
0.16671089582543472
0.18066413769503947
0.23169149511369264
0.2081839562692142
0.18294259998710496
0.21847284618013374
0.23342546333044545
0.30647578112792845
0.21412163674064932
0.1864392648801649
0.17598204473504264
0.24920538645102364
0.19132026076198894
0.1611772412756936
0.21934206815613932
0.18189895482793705
0.2636763764046938
0.2351790697226069
0.17484186365353155
0.2018751739159893
0.16353677840240222
0.21994691024836513
0.19192768071330327
0.10273824766680605
0.17279862148036473
0.2028292169529374
0.27580644430239437
0.2092409923779337
0.17858169375590277
0.19149497312332373
0.1735457388210457
0.22262056538850913
0.2288446382153208
0.2841415821836974
0.08576269484604569
0.2093680379990416
0.21929516954322192
0.2425094902391539
0.19159504707400823
0.2783174862004703
0.12643501340870034
0.2178906175879724
0.2015610421613557
0.15721118536114487
0.20431598782475846
0.2454901893394749
0.1416569875166246
0.10174943861000203
0.20680791225669776
0.19734530971084244
0.24131757387521954
0.12811111042009798
0.2256172668883092
0.13796957228371148
0.24522150944674934
0.17844620017737245
0.1902572368889885
0.1593402928799859
0.3206665171873082
0.25194415927486263
0.18809255321820265
0.22341060092773768
0.18759192153927223
0.20611337895158677
0.158573053430678
0.17513695233869742
0.16684651938288392
0.17773324109224764
0.2067064958905244
0.25305818817311
0.1012390034682573
0.22506220280377998
0.20190909857212627
0.2418142853109763
0.1397875408868329
0.2476875669639285
0.21851396830819703
0.1732603122189657
0.1436102524081499
0.22043991347889058
0.19909064355528125
0.21715686169754173
0.25222689106293167
0.23428452889456008
0.29268244684588335
0.1220265021337667
0.23857695260012055
0.22839593833233662
0.12503537792071234
0.23808209231382937
0.21539721783205276
0.15787612051468117
0.2051466752760679
0.13192596219727437
0.17064797111722296
0.12047328118873987
0.18532490397183535
0.2598107842457743
0.2350488614130919
0.10314992962796879
0.21827680926578233
0.17317419253215804
0.23068270797825058
0.22780174725901098
0.3055567955789143
0.1436772460574081
0.1066915221735662
0.19823075575838145
0.23462376775576352
0.12064446538105351
0.1737769668658746
0.1930188283469183
0.2779770589092001
0.21668993292178604
0.16602995918505095
0.23087030840216466
0.2565114635736921
0.19449382760820574
0.17270645082435526
0.21994544833194155
0.21181860840072836
0.2597042760968974
0.1610803030505324
0.2658334165781524
0.22731892931275852
0.22041356650595026
0.1936654588502796
0.21322156388504374
0.2525580675703778
0.24146976996794403
0.13606724774347884
0.16452481914483102
0.23622673098912875
0.18157841862834706
0.3026886322003461
0.21196605422237536
0.21891548024768565
0.15140973117113318
0.1958086334093256
0.25401281326021097
0.1521639373409773
0.12830051007605203
0.2498622454576861
0.145266518014768
0.12560049009916352
0.2481403640748759
0.25114407435439945
0.19494699320993544
0.25493598606115087
0.21059297917990366
0.14691512128921294
0.17568101847776685
0.1845583699887852
0.17082671740734207
0.31110741230268735
0.18229878431398155
0.23213209616592145
0.19003383858364392
0.08457604410872871
0.14477908125689778
0.2123148166021452
0.1794006176338478
0.248264898261608
0.1796120701236037
0.24216908440917842
0.20537955510486355
0.2729802752054469
0.14603126229610208
0.1858636660242446
0.15821980371567834
0.19568731822408217
0.21653555750346126
0.21285564259514617
0.22806470533942827
0.26972464489549425
0.2025580442527219
0.21103239324265666
0.206133254787481
0.14018833939032269
0.1581916950779128
0.2628172100892217
0.16216239914128389
0.11314374090346584
0.23073685457349513
0.16597521141316135
0.1528740994560869
0.1758499958239681
0.25063736226081645
0.21902899747309262
0.26706406481611966
0.2521746738236221
0.16905992714636006
0.23381593767258071
0.24108532585215228
0.19653456589336446
0.19875911558235165
0.19636417940347198
0.19074011904075971
0.30634688305129876
0.1703486185178758
0.1938680271362614
0.15487563540311589
0.18960979254709664
0.21027258331859258
0.20664628860925582
0.24275864367320274
0.14968741671943056
0.21059169046378973
0.14592732473297437
0.2151851949127773
0.2596662259317076
0.19563966866381954
0.13097719978459946
0.15685680070779381
0.22234565904552817
0.18292329458711098
0.3001495471350281
0.21970951425883947
0.15033162963623087
0.2186918986578663
0.1639923458328526
0.29162112001863927
0.11081667135645738
0.20815472761810824
0.2532785296848443
0.18510855492306447
0.21511618516662168
0.19858996039676804
0.18398614373437727
0.11346042625682211
0.28307151370444456
0.17989272744798898
0.21550850409983305
0.2110688542775166
0.22004388132432845
0.2481639782391581
0.18632059491011366
0.1575919876618787
0.20638244736778605
0.1979161498118733
0.24132994182477474
0.15378491963609203
0.14898581027195815
0.25505938728706823
0.20723270855024828
0.21291254900469556
0.17370847506925854
0.2275847119070325
0.19164421410461338
0.28224648014433795
0.07850982020929537
0.18476446056685722
0.2449666357823359
0.28793523724951187
0.18255731236167005
0.2210830658635103
0.22252892844289837
0.25729307947258306
0.17058390996947959
0.21205542030992064
0.2842830228692814
0.23103733260132756
0.18346494941729605
0.17205423652967922
0.12245993845564475
0.11567878379712959
0.21019994105258924
0.2076607771197136
0.3089642426823248
0.24278280487019566
0.19118860421131403
0.2332595592860607
0.26255470196241737
0.3392250785889176
0.2259064192952362
0.2902179192883204
0.2533413091221056
0.17655303156965946
0.14368944438953954
0.2834087020431511
0.27770669552494953
0.1842665434741399
0.28787474891823883
0.1962116454976615
0.2364441330891254
0.15025666529973153
0.17753504227461053
0.1624871223625636
0.2080686894715207
0.1801100152026105
0.12438208567850347
0.14926009331751505
0.19385185888269937
0.20861034240552867
0.23837481237818875
0.16664506409587385
0.20079244933663654
0.18531914396214053
0.07599844110389005
0.20270566147729385
0.14146997951837648
0.20449699799914298
0.14577124380902684
0.16153099455606398
0.18375004256276917
0.2762654571305641
0.1906303613459277
0.2884224559940629
0.22573253262273202
0.15758970579389606
0.24779213996026017
0.2375265537107806
0.21145423476195543
0.2004569465838907
0.21254226159305092
0.304225529474082
0.189982528761758
0.21718019227171956
0.21311434334690155
0.29678386018977665
0.24407715334586724
0.16206429007529938
0.21985068910858904
0.2248541211125106
0.26813283869039495
0.24243559794614972
0.18205756636660358
0.14586273100709138
0.16490286963907974
0.1792322876775917
0.2224892154832308
0.0833838391091119
0.24547895730627126
0.2600308092803683
0.19954559535650362
0.18907080296946085
0.13474455375660857
0.14350577829336042
0.13323822214609324
0.17603589716693513
0.20904009065362295
0.26216728513638526
0.1820265732581736
0.2382084467821292
0.11677391584645225
0.19601124737359585
0.16115925316063623
0.22301818056887707
0.2121688004592322
0.22249622202402594
0.19115826554006388
0.06725882876073822
0.15467236610482937
0.20863618697560044
0.14793369651107352
0.25869418099254143
0.15416914021224856
0.12084861780956457
0.23281892586932826
0.2335621015310623
0.19854174407884262
0.2400151041816876
0.10854374589653187
0.17679318058995244
0.2513647345367427
0.23340821961877148
0.18542362706186347
0.15587736816846579
0.23712782391777654
0.1707856492566059
0.23031659829508938
0.2587055967851337
0.21691387615052896
0.2137137591076212
0.0720375279202666
0.1896913103627697
0.19053151591258918
0.1369497156036774
0.2530847416645023
0.11362672218512052
0.14331422998480695
0.14094991626607384
0.2392679953987434
0.20800176562176795
0.22265836840589678
0.2152661305057219
0.25645855153434416
0.16953146105038677
0.2378530726018268
0.14414134651876404
0.19183353996044164
0.19532786319991827
0.24755301688604447
0.1799476227343365
0.21054521304498724
0.13381600424283763
0.16255239095479207
0.15755743758735294
0.1230682845102667
0.1983667488476732
0.24876556698869984
0.2127927462074549
0.21104689786689443
0.19629816460238492
0.17620817923747026
0.16480765925607527
0.24710634480569993
0.22058182505468646
0.20335304098937612
0.15513088877910258
0.17577028203847272
0.07882237342675513
0.17196435635106797
0.2848372958816116
0.15551558034872665
0.21515808700253053
0.14507563934492532
0.015007446692885063
0.2714116691070742
0.20302766391029978
0.1335223307960054
0.2653135009918293
0.17899407497658862
0.2885385455543716
0.23219609424251014
0.15316739243082128
0.1372839641870472
0.22848348901224766
0.15942174347862895
0.11341447840930134
0.15599187093224226
0.09678336511614516
0.24854509848318398
0.18542728382957163
0.1812237285748324
0.21909756200410366
0.25173938277073177
0.1973289925531722
0.26757652225853534
0.22439394796259785
0.12418126535583905
0.21066033991070887
0.17146752379792032
0.2165013599284939
0.29358420680333575
0.1789811909138144
0.2390525418927693
0.15116381916548677
0.13542229890006596
0.2609555431611952
0.21287716743725565
0.19538319471232804
0.22965563370329486
0.19655377943535304
0.17476417877836617
0.17266507182399016
0.18316366332127812
0.15862696409140417
0.24755664547862902
0.18152632851854966
0.21547921976860065
0.22545149098409228
0.244175229370668
0.24922321679197085
0.2134144054465445
0.15609910899887974
0.2594120497449583
0.22410461703899487
0.27936834260792875
0.2332589179285352
0.22196925815110807
0.2163892347193803
0.27257312283733537
0.18738579606540337
0.1569770855097281
0.141591963441164
0.19550167896934617
0.19844577804887722
0.3378934984401406
0.17949515975640715
0.16203231994182704
0.23114312242153778
0.2290636541438351
0.28225123719253103
0.18654811285646847
0.2051839988368308
0.19216237129878874
0.17181116501496213
0.19696598771319562
0.3106714304061923
0.10237740180198228
0.12439061957712155
0.141909174939092
0.22535999339939325
0.09824458138727254
0.12350516947704754
0.2165083484599254
0.15233533089425014
0.20670979566000197
0.15751630576626757
0.2455918604659372
0.2061739214383168
0.17619820796495034
0.17345423990460845
0.1951883779611068
0.24316987934940437
0.2276300257768358
0.21986425899015222
0.23076594135502654
0.23243928907107697
0.13099119123931774
0.20913178913638447
0.2868977759471656
0.20902052408508262
0.2945126520402133
0.20546559142809143
0.1586129426434288
0.2819696965273607
0.23678572565998315
0.1313108972205006
0.14165357204642764
0.1935018059051781
0.14345752041464793
0.15273024241724298
0.27349094579207167
0.20622890825390525
0.2330916870334175
0.25180848591999183
0.20040072289141433
0.1944316094807185
0.22877675531356106
0.17051121998607877
0.156103797498193
0.23858404982868642
0.15551353035993487
0.23949067060727502
0.2586952342695514
0.16604218742603247
0.31754458507717387
0.18263772804031206
0.19279948880313902
0.14437593472826343
0.2141541838087817
0.26110693339799873
0.18874782748965813
0.1799212066181891
0.19575303461185178
0.22398793906576797
0.19273884658041718
0.18531542156566808
0.23523710520901098
0.2550201087229504
0.2727405024690859
0.2162558283661874
0.2142034661044335
0.2005177349004425
0.23082935999113202
0.18248568347086988
0.23201235300831352
0.18346981603811824
0.24478904694670375
0.20965732688253058
0.1712992407919656
0.14581813856542095
0.11802533255408684
0.17637777095584764
0.3165092796268553
0.18791963856979318
0.19915656689893355
0.3079834027038497
0.09206889506625321
0.12820191278079335
0.18979962040934428
0.2202824357435986
0.1881142752084222
0.2327244592039128
0.15681935576157882
0.14390132168523898
0.18737355567134412
0.13843036195753694
0.18014527672272704
0.21012001707368455
0.19577031688569269
0.17913381315981508
0.21768741207548994
0.13538727258244942
0.23663863007548638
0.16245656335758868
0.17403571950868374
0.2978346741361962
0.21212613385444545
0.15228006330974206
0.23967488784629767
0.22239399391117073
0.25980276739628144
0.23013509301529028
0.3005847430220955
0.30298461589331477
0.25129693759987254
0.13366458336619286
0.1899070933766624
0.11766886426201324
0.16370138766826706
0.20564595871241198
0.22783934785538146
0.22150151252733136
0.17592142120040596
0.1592359129844603
0.21573918546465923
0.18421599427526042
0.10481972096152437
0.21676668418519043
0.1653383876573419
0.21065405910594504
0.2105543800734592
0.21427650400362344
0.19264889789754625
0.27182845466098077
0.2264065661144456
0.24977528295985935
0.23193907888329857
0.18300409102389015
0.21857424570557935
0.247682291384194
0.24330687066317866
0.1836846221407148
0.1129778101925375
0.2002794451750335
0.11277924082402602
0.2343739338825848
0.1908864741881202
0.0842196661240487
0.18886444802865185
0.20090739431971327
0.21924187523710448
0.1910417180889038
0.19203248197087516
0.21339316681946394
0.12079762795400996
0.2859278497257045
0.2180944436181816
0.16737141861712232
0.1469430172955123
0.16756255565984948
0.18847413805171714
0.1839156083786742
0.23853352574967948
0.16784245997453648
0.10128398510499474
0.2505868373042254
0.19633918590831112
0.25301345496575
0.27777914473068654
0.17044669028070264
0.14754465667786484
0.2055511730883923
0.1360325849567266
0.17333556369503234
0.17186145118811152
0.27361934967116774
0.15121339902025865
0.15940224688794646
0.21813213671045167
0.1849289131868075
0.231886030416952
0.24395277782983138
0.14927618369771284
0.16618132738728383
0.24952948590786875
0.33538882633830025
0.17800319309841092
0.139786063073288
0.21229844303814974
0.13178676412223073
0.16420625696979102
0.22138093973474424
0.2906893940217184
0.2013222400700257
0.30647193121819116
0.233798920102594
0.19384084581445596
0.1399017267947238
0.21690826536931349
0.21515431998514983
0.20027119984225603
0.21110227233935658
0.22270355553376248
0.14412101194720126
0.1377817100034087
0.21268419961393994
0.14306113014218463
0.18376984585807782
0.15948912742187007
0.1722459257992681
0.1768950675860578
0.1852878333543836
0.16934537019468918
0.17346984533802084
0.23498793862610157
0.2096979871727465
0.18565052947042934
0.19918411522300813
0.13914321373089833
0.15514310498699202
0.18395815132089913
0.1618822768970457
0.20110051676869348
0.24921921562216265
0.18857617418917677
0.14523646726064487
0.14056293394226652
0.18498937622529316
0.21941899560568845
0.17930617056170392
0.2791184751035808
0.2580355226580004
0.23512189274573259
0.14837306076204798
0.1849223464204845
0.22634825843795864
0.2459582798404632
0.26000703557462274
0.17110261743314345
0.24365601391205108
0.19777847158608355
0.23866399734982108
0.20208645177529122
0.17329969593368116
0.17543888403600078
0.19686592175352774
0.20613670633866502
0.13481807706929438
0.22296581438026858
0.18294581797881018
0.15485770720027858
0.255420320543718
0.14063828980451315
0.1326213370265551
0.2594756870213299
0.27189658332616945
0.18555839351893733
0.1695895636463059
0.12972830157838167
0.23584411835466657
0.14570788066818618
0.1931266077490808
0.145459429763504
0.16660546504037385
0.18787253119808503
0.2003193537465859
0.24268991504354448
0.1575568047113626
0.23467060298180553
0.20899646241729958
0.13855938286229533
0.3087904928988715
0.10122058352909445
0.20651776248863746
0.19671091414464456
0.2660322375727036
0.2230459599948291
0.19475090313193671
0.23859946114838917
0.19233269631971822
0.2538012291073275
0.24045070675259056
0.28615725572067996
0.22192373748867836
0.05929921640798805
0.1636254525679071
0.22523389622647225
0.20749499755863568
0.19900416825745343
0.22801539562954132
0.16562263433375218
0.23238293910426833
0.1795562995619447
0.18781147815041618
0.1523236140521772
0.1811517903418255
0.23268845647383402
0.13537142794927232
0.25822727949131563
0.3581772626564692
0.21344705603903363
0.23672026361109927
0.19993297315935654
0.19813999681771172
0.15775788023727938
0.20666312567063772
0.20444850582645294
0.14257784978885044
0.15499340026534175
0.2253540282445053
0.23357808277760864
0.25054094347749056
0.1537229719712919
0.21210660229226402
0.2462461477915826
0.3021083693517702
0.2254071583563981
0.1752764729876412
0.2185842994916921
0.21179293685392156
0.24941409425372807
0.2615418114124885
0.19808678124681733
0.1686806325484935
0.18693554062675824
0.24675190809542547
0.21307058321506317
0.21696240853877707
0.15587670248046542
0.232778824352101
0.20631946299479514
0.12943048882692426
0.13551889376510146
0.26012909896378394
0.090558558762936
0.2513124728959201
0.18341430862071953
0.19621225804945208
0.15871582428684108
0.2069117400412799
0.07978529814960651
0.18161732165341066
0.21205508554380176
0.2599686235122023
0.2840486543318668
0.13582882450178108
0.22783070346790082
0.18549097762190292
0.16836532375503918
0.05233502783288432
0.30698334287543383
0.21719870456705173
0.24807499997004778
0.10570969799450325
0.24634790657113145
0.16754150321371505
0.23100358345448985
0.14203816925351573
0.2051494291842852
0.24680564076650818
0.198247427265025
0.23891326068526397
0.1810826373442479
0.27452745301263276
0.21320844889026444
0.20038105558504637
0.2742038530726998
0.2208359028736797
0.19408590352736566
0.18472374563888172
0.16221051112546264
0.19481765435461565
0.22265219584987528
0.17892105231156177
0.24645673347979388
0.19752380957212815
0.14447346332488128
0.2108192886917738
0.22630835535964014
0.10770762577323907
0.15225947098435738
0.1309112376620507
0.2327439154308245
0.2539399191657051
0.21654059448522628
0.2707409079420086
0.2028074623581996
0.23115228631295057
0.06739867118044057
0.2029011821115997
0.2509681495457302
0.2164309923887016
0.21605877336172813
0.20333320145037415
0.24649148565180076
0.22381744721432437
0.23088881352919505
0.2370351203246615
0.22285742738178901
0.1820330585241576
0.19427239409267036
0.24629739010775498
0.24170551956791606
0.18911751620928674
0.1997433119468719
0.23547894274545816
0.2238994338713642
0.15610261768455855
0.22714395222996817
0.14659595242263965
0.2046517471637818
0.14859381426475105
0.25818178069911146
0.160089954250766
0.19801102214113267
0.214460673489357
0.18569895708518344
0.17183387179121848
0.2515512173449298
0.166584991888377
0.2978020397602401
0.24282177230517377
0.14919612648160227
0.17151099468392242
0.22578704450155296
0.23423554362678675
0.12643637549004383
0.21723128172802725
0.20105520374426022
0.16320827928008125
0.18718516173065142
0.16892910063564007
0.2187436239715508
0.18598282629907859
0.17041448696150568
0.13680828319858246
0.1625450236258304
0.31839090532735653
0.18104507173461326
0.19861923091421557
0.20316081413040415
0.07020827053242631
0.2696386395949519
0.20323850879076216
0.1503877769668167
0.2856399292835729
0.1616495496886972
0.2541854637007625
0.26550613936469064
0.24036898600553755
0.16682033918527914
0.27243882144501264
0.23011181054396007
0.1980517935057223
0.19398653893032985
0.2343054072326668
0.1994851067777731
0.21609606044914867
0.23280451821357387
0.24324465588003125
0.2579172317409416
0.2994091023678275
0.19323213775351064
0.17883017593768877
0.15998855991334732
0.2936241278554786
0.17879523978866968
0.22809938323682696
0.2262843626894234
0.205043853500718
0.23589957230355701
0.2539707103601108
0.19315352292482216
0.16760444617415501
0.21064477142658
0.23791351162532196
0.20449604227217558
0.21386037169747277
0.1866868782427534
0.1819436628397756
0.18604392004406556
0.3144184992314468
0.2943029646179443
0.19258067902116774
0.2847254552190234
0.14267159892441064
0.28105673337453
0.01594333821130045
0.17485431083239894
0.26032792323162457
0.24124132710435567
0.26600613239188536
0.15993482868471126
0.22738839705623126
0.14930176115321767
0.20625532600352248
0.33285701051394506
0.2449109708791695
0.21752130065518854
0.18277717460583798
0.2182917299632251
0.2642100385191665
0.22894404169756744
0.12549922508955613
0.26228715385295637
0.18932072235128403
0.19774950808585007
0.22377707476617129
0.20799291819273608
0.20480325744205913
0.292303437979742
0.27230706469795507
0.21473163986624783
0.20896086468932254
0.1638502681127465
0.16621616372401735
0.1803853621076305
0.16883803303863154
0.18695321007264848
0.19189015071044283
0.1418350206599524
0.23787517364336955
0.14793270818188153
0.18844273536490727
0.2395263024821459
0.177953373682411
0.1620407587029052
0.21211766605897045
0.2221529076402939
0.0727535471271496
0.1612406376631506
0.21461378938831685
0.23942563613926574
0.24083688397749675
0.2298113248259401
0.17052904275079261
0.10187488039350795
0.15733847261429887
0.168483572860271
0.22116882044239494
0.21225041597108493
0.21654792972471976
0.18476246916081956
0.2598267975157392
0.2907714605868438
0.26617217545357347
0.18501390142079094
0.1814067447127862
0.19649892096559357
0.2214710992824901
0.2044519759519207
0.15982696995464596
0.22593392697837736
0.2076046264807578
0.18326493580421813
0.30551077622371625
0.20333753101330374
0.17846428894157917
0.19056110027170986
0.2384050685193083
0.17225799768492514
0.2729034516855344
0.17979117833705482
0.19407458098354027
0.15252623087711645
0.24699395535786597
0.18838552044603135
0.20879079835246864
0.17214894909702977
0.12457283475689691
0.19120222824742777
0.22692089679324645
0.23603852189043822
0.3271518595794226
0.11205878614753877
0.21589074265078995
0.25535118257745926
0.24650001389254708
0.16748235885581542
0.24532702574146958
0.29890677943802274
0.25029196070682413
0.152796455122499
0.2490496915778525
0.24480006849568917
0.23960781170393655
0.2285674336494169
0.268349539802331
0.1582903629953613
0.2257769871223215
0.24526480167308595
0.23914783982423726
0.24116625880734097
0.10628315339807598
0.19377589152191055
0.21560762168993702
0.17217914868946255
0.15897781001595088
0.22578354362523623
0.19579636564294509
0.20235042322185826
0.25525318829775423
0.13672852484224574
0.19091235629680578
0.15699629568288836
0.30034598775684807
0.17051394170003262
0.16250626893593
0.27487220599770307
0.18329153836842238
0.26181960274536725
0.15753796051004063
0.19795699310000958
0.1516705839842959
0.2260838508636843
0.2746721758051547
0.1399114459410786
0.22346151348124008
0.23667837620206195
0.18516809063181447
0.1587730841292076
0.192047875425061
0.24933858370269119
0.22075067689624106
0.2014550906458638
0.20234989265642803
0.17974162860180257
0.2280041301557385
0.1782150819832522
0.14772380820396458
0.21916651421540184
0.20099567117944914
0.22776452385177104
0.1836029001284886
0.18353415539814266
0.23416639332434494
0.2029542159628805
0.2547832895309658
0.2245767820572562
0.1403872942405678
0.17294922732414378
0.03718586103422766
0.1396548362396967
0.22646311167528452
0.11879059654541094
0.2538753840417894
0.20430111400595205
0.19971352484466234
0.2317364716873107
0.2160805819374329
0.23176383352419108
0.18562135448395536
0.12262302361625958
0.17172632112819708
0.21740640802357303
0.1171987006169858
0.1779142023331673
0.2858680031981645
0.21064842813664333
0.2184705569653586
0.21872782825909767
0.3245857713849296
0.22166073160564162
0.24264067603083772
0.2700099935636892
0.08057415460150051
0.21688025485221005
0.149210042936409
0.21315712651249605
0.15261438868467486
0.09804496878283259
0.25394770103435793
0.30894136659953997
0.15502392807372142
0.2252091933630926
0.15759292440912867
0.19288244776805813
0.17650289453993134
0.20846290101857975
0.19549358812080453
0.17443596206404055
0.22712955119266368
0.2388871032085133
0.203433549196865
0.19514299563469376
0.2567152000317108
0.19799848541467377
0.17309402245265432
0.21348014054342707
0.13102536856168784
0.1761495738029688
0.2519045194128541
0.201129111417548
0.15528340387067824
0.2203380663080744
0.137623340939898
0.12290181191184511
0.21142319015462072
0.25802284628020977
0.1866142240808425
0.20794010386230935
0.2479619780485701
0.2455076798990017
0.27055971898400144
0.16885655030484292
0.11482048839420282
0.18413529257566005
0.21518547635869656
0.2001395576230364
0.188282492260839
0.20294045668497457
0.2497927162558628
0.14680284731900567
0.25057297714194005
0.15101053584630494
0.1994642284401735
0.2124547710744577
0.17075215211760575
0.15574971643483926
0.1258836901815248
0.20781852439565768
0.2804013157950049
0.1872186773548143
0.23880070657584435
0.19783190182740779
0.10056718207869196
0.26107446278062085
0.15027962139526463
0.24138792296297595
0.2687571758757205
0.22639062075180377
0.22799861934689547
0.09988789217608135
0.27544308218391483
0.25083814869392757
0.24481465417108172
0.20282287729240892
0.11580529446613
0.2518012237759661
0.2070383361385844
0.201881334455259
0.25485888129083484
0.2767524291213156
0.15981538949063975
0.1886828462964187
0.20491728112278995
0.17456493443323837
0.17833965829489065
0.33924984173933614
0.19510019970408446
0.14618267897494938
0.2125901956067986
0.21406035024014758
0.22627259125918264
0.17125596471733145
0.24017227561340604
0.19339326124285888
0.23324309110056604
0.16997130521073944
0.14133359708662416
0.1786740056803893
0.2314235085862521
0.2415342624973816
0.25033405021040667
0.15580044589043301
0.23187643408385747
0.2787898930634616
0.16214877045088874
0.15321621304554345
0.21933894112925337
0.20714333407480395
0.13912502093615428
0.17500217962235015
0.22150472041436137
0.17959483521683867
0.2501347061031606
0.2116122988837918
0.2550581955462769
0.275180553375755
0.2533051526927354
0.21358805654313145
0.27092865236785785
0.17777098908467895
0.19855809657358806
0.19643928650253648
0.20649811807958296
0.1713402297480278
0.22284966260268954
0.2069031530833539
0.1851463382785371
0.3248615019096135
0.21221316071286397
0.17242776049451433
0.1918540441554897
0.15747328756362297
0.2586368647557446
0.21214190105763925
0.291380637837096
0.1480867360773425
0.14566052307370295
0.23639315164664984
0.27591905981517645
0.222605616318827
0.2803630462450146
0.13237258968866286
0.2105696780728533
0.2388938253436966
0.168366258664424
0.19004194833728433
0.1831290780264241
0.17838904714858106
0.15575121466453462
0.23468521330978384
0.1598855788202292
0.21958461006592012
0.2374330742623645
0.1918351205746068
0.20483184712623947
0.27427241111119305
0.19456734012906668
0.24210946887544924
0.2512136782883054
0.2451298344257101
0.08921866900741149
0.18456153835404454
0.1910429928070242
0.16688041450896773
0.23843369428456013
0.2261912089699127
0.25568980711359424
0.176421258521768
0.14616287868859407
0.21015833734244677
0.15563592933924672
0.1340514898077906
0.21416155932397163
0.21204734526891506
0.2724220151597185
0.19358240490683407
0.2226806011774565
0.2775964274900545
0.2748356442460944
0.09399362847579751
0.15048921773038973
0.17123340652415334
0.14197348973295731
0.1842738940956362
0.2107343755391628
0.12700191440255884
0.11424514615372836
0.253653257601633
0.3041828282383917
0.23644389503383295
0.252946871173756
0.2336348742615807
0.20291040884926698
0.181872334815236
0.2531935887749005
0.2578241026679646
0.23153987660745995
0.13385436817296667
0.22863145809441118
0.2548967985578159
0.1296537381676514
0.18607689656239207
0.18018320267541657
0.1614752546355242
0.13192149341384152
0.14599377984288092
0.2244118044324769
0.14440573985990351
0.1263374660416398
0.18791241605629233
0.23498727754409623
0.19541293007739882
0.17986196211699557
0.27100240272400683
0.1445077208992538
0.22085124870634817
0.18500373580107177
0.31548636661992163
0.10496822961817844
0.18696472152553273
0.19769338064285052
0.24376197139357098
0.15822309125613154
0.08121948588724136
0.2587842950171925
0.27663536036564096
0.20815723758721533
0.2508547462818931
0.30742142476277573
0.19681167071698819
0.18178436169237946
0.29462902395656354
0.2174913615438262
0.21941544148092862
0.21088622104779092
0.1987360024286312
0.23652832325843318
0.2552341776727028
0.19013784169124756
0.1545232876393879
0.15151498707847472
0.1423722826178665
0.2069833798655995
0.1169265894567782
0.18688169818012723
0.20794853976798572
0.23278602876672533
0.20172680681690996
0.12743547869934063
0.23168711901904532
0.16022356408683963
0.1018869332435342
0.15019391602083026
0.261339912686824
0.21637378971731222
0.2616622373561102
0.15843222624187536
0.1708234064737957
0.21291088403141029
0.16288893456993306
0.2307474788222727
0.26160851137039054
0.17618173205861593
0.27108554445051936
0.1661725967639624
0.20250075669766193
0.26975387476255575
0.233071318948107
0.14871174041120327
0.27668579416247396
0.1808804456098052
0.13787310587167653
0.10908026591387457
0.2256834612676028
0.27240829305687575
0.18117116533603372
0.23320397167781381
0.2139294821874105
0.1941799480197449
0.23343547385520627
0.25426167783847026
0.2684917204889436
0.23361519137890416
0.22811908780438553
0.1799925551656262
0.19237905077341957
0.23033575024331818
0.2281062100736894
0.17319975554723513
0.12063401113299237
0.2293810036498719
0.15577759577715386
0.2104445917916081
0.2090586628495146
0.23026555835905188
0.24795491390085395
0.17568398073467606
0.11765850643010872
0.200157046079299
0.23171245267827129
0.23978124762261943
0.1655687809947133
0.31894284663222455
0.294109842797869
0.208019917813354
0.18097861701419304
0.1131311867443785
0.16956216313819275
0.19237834386455516
0.15085508782541443
0.14998606845275492
0.22506313861426902
0.18834226139834326
0.20050645771911468
0.2123920700150978
0.16059191787740928
0.22878236988065978
0.20299555940138206
0.2089170562346018
0.1591248500090249
0.1519986878366079
0.156646877255115
0.14809799520027667
0.2272609999363347
0.12044397079061386
0.19793781220178217
0.31360807987934963
0.1639342059464523
0.207096517592848
0.1629354640757273
0.15302483546570383
0.27163168067170496
0.29604508511253164
0.25732826373897677
0.27783518031773546
0.25170599822498413
0.1644867144513128
0.16882644179815776
0.2222989516443245
0.19014196024314944
0.2727216500987889
0.18105256749448995
0.13445061399963343
0.17350911392573543
0.23414772863291625
0.16672703867477479
0.17159691462434878
0.18439040082883623
0.11879726353717254
0.10555290207763747
0.2965519686723383
0.15883027976560413
0.21282427296846695
0.20570953213489565
0.20432459251585822
0.18181944069605416
0.1850420670851986
0.18643744166799725
0.19738584995807398
0.2242594660284702
0.2471204856052984
0.1842143859870181
0.24100955111250963
0.2471498130051727
0.21579700644099897
0.1411012994584574
0.15170546923790063
0.16647941905830207
0.11281567314697247
0.18019105127181903
0.22829510249907065
0.1858446089165465
0.23363416210220941
0.1462643726310833
0.19747183291484058
0.15687088947109695
0.2535975326704979
0.19354809650632226
0.1529765262095942
0.23937242028742584
0.2576206634561998
0.1908645566315486
0.16336299657360615
0.19730624813464678
0.27691387415023117
0.24757179358034537
0.1950143219729033
0.262694028941029
0.09829095943871641
0.23000385068779775
0.27790593794813884
0.20367250389898148
0.2133324639591118
0.133379225984863
0.18239168352923896
0.24774232874724178
0.26436953509584415
0.27151204075709284
0.21687996839066395
0.15771681936434453
0.21992865951838847
0.11006355381153814
0.17304576793424079
0.16471766279850875
0.1809879735813219
0.18716366193010733
0.15921175544124724
0.12294113014862007
0.2045857398658785
0.12666262119854693
0.13951085968889398
0.17288958902655496
0.21632255117674998
0.20608094356931367
0.28678715911325703
0.2219358944084994
0.22018792199135412
0.231726321385812
0.18678238724919094
0.21390299706800167
0.138428632939167
0.20051922361852795
0.17276317590729245
0.15899519112499672
0.19333325445111527
0.18927861704878157
0.2480987100376234
0.1752541614853823
0.1467816516391063
0.23939381868897977
0.12988460500984078
0.16481783206666392
0.26942898648796876
0.2148624186965777
0.14132564888445726
0.15071800176923345
0.23000047309069116
0.1653533712259333
0.09503386325636992
0.13115552196328323
0.12540273875078356
0.26018054297423987
0.20703946497528541
0.23213051484107258
0.1481649656568166
0.25311157730011646
0.1762947441101579
0.2190510770161912
0.18546584511568734
0.13891498804990557
0.2647402000637458
0.18374235003440736
0.19638177339589813
0.1549174401874847
0.23916731932658555
0.20745509508323473
0.1488329716213132
0.14660209122203732
0.1874136641641651
0.14873349039697653
0.13583530470639363
0.1129654783645074
0.27412729353005605
0.1437028287657984
0.19677913504592154
0.2131454559363395
0.14659914304595623
0.0640367138478247
0.17098925870296103
0.18267698671491128
0.17690547229235132
0.16827934195177485
0.18274242042484232
0.25157800794934315
0.2577851432693715
0.2553102576179578
0.1931282242199253
0.12409939063242682
0.2154703670650162
0.2074328031880573
0.1367363453859386
0.2683025856776719
0.27013017666288097
0.1196353468252977
0.18307897408071847
0.19092956405994113
0.1283263624664469
0.11330484613313632
0.17555269351738506
0.09593819087292901
0.1905562722614259
0.2333759083659538
0.19140446179114784
0.2348542913894495
0.24113954522324854
0.26969049653103033
0.1886603159538189
0.110259844356641
0.2329044069981309
0.19275398884624906
0.19533007411813816
0.2340416172571381
0.14384673033485593
0.24065515902641788
0.18227163185567527
0.14207542697992487
0.15110159104373252
0.15543049826336636
0.2521520667945973
0.08368883192173254
0.138107797499659
0.14843181880271936
0.21504337647384866
0.2263210875538692
0.07891987809060473
0.13729078678716305
0.17492508464135187
0.13912070491237424
0.21950068343559243
0.24186141697827837
0.24188269133754045
0.16942322683332514
0.16479994088985142
0.21503665411052827
0.2214159581092233
0.20181372538109693
0.194853222817293
0.24538512495118558
0.18609314046527387
0.1990532368001348
0.20115189799488079
0.23459751639162404
0.24095741203220156
0.20492412699402163
0.23109258081312517
0.218456780397031
0.21960484008155323
0.23414746104053005
0.2006086423843257
0.17486588927625907
0.12419360551670662
0.16611462709674796
0.25447835239515726
0.24695997313996784
0.22193806487699297
0.23517851438932083
0.19967243345736194
0.2534835935272176
0.20598042353654164
0.13673081110170165
0.10392339264323741
0.27499136159501103
0.1916083806606114
0.14215295259485689
0.14998147558463287
0.20831533070508967
0.19613188159164516
0.1556959532835603
0.12819141576055926
0.2339801123055104
0.20039781102675813
0.17553930956853475
0.1732946044772922
0.20955865717248512
0.20109070919766192
0.20079635904476756
0.24005324842270678
0.22220452511641273
0.24500464124762483
0.10676840192080336
0.09350545438248901
0.1551511406931104
0.18770461236638514
0.2888513093324782
0.19665426381689755
0.13678516055226153
0.19061678130081822
0.12539282853390277
0.24597161269582296
0.20501887004593733
0.2738157245657755
0.18554974268154742
0.17387482473410748
0.24145457258040182
0.15671142144784495
0.32787545364921244
0.1972236847469207
0.2308127713357517
0.18951254327029451
0.20063240047400951
0.19265877452772395
0.18430321340836703
0.23616156044501863
0.18684640498899993
0.16401176544521634
0.2185177038971692
0.21420716219392624
0.24589507309244618
0.13858738012571928
0.2587057158684172
0.19025809144580275
0.19650771875092707
0.20253850464500112
0.19420633785505412
0.20510610613751634
0.13198699460800511
0.21219131435206737
0.2835428314658054
0.16804213193032497
0.23336778827853719
0.23194098066809163
0.24335271439927958
0.17802154720990765
0.1440060040453451
0.14600477838844853
0.2339201105388666
0.12750780176940646
0.25192548423885897
0.23886115821136403
0.14606298030063186
0.18102442560254473
0.21883776429280494
0.11590899168036004
0.11712498464142176
0.20809209516535404
0.22051060557629593
0.08703167361642672
0.16632931181808672
0.21544750240936458
0.270566616248487
0.20027589074714466
0.16986243752797742
0.2729396180060524
0.22239776490526983
0.2661353926349565
0.1953486515200356
0.2407818710517214
0.31313788948311677
0.1835569215825639
0.20871153388558225
0.17161499259496601
0.18558514377807594
0.21152460755239016
0.23433304460954638
0.16228831401602056
0.24723738441892235
0.24636169193865826
0.1831402321548078
0.1781431335350883
0.2172672960909997
0.08543452945151897
0.22922379262245954
0.1812845885345547
0.24237017292858498
0.253685143116532
0.23592871875741134
0.17514172280558504
0.14221672791416826
0.22834722009665148
0.19465642308252049
0.15074924104052742
0.17507604788174347
0.09304866190970262
0.08457188520641729
0.22331969288444614
0.19428552350322206
0.23580357047709802
0.19928014356444224
0.23600983351490673
0.17282884170706664
0.20254763350756252
0.2579481580115543
0.22293658064818847
0.24054872188486254
0.24747807145470557
0.24672088840273676
0.2595414402722953
0.2307888419045967
0.23858122407718926
0.17830697315169125
0.14739094695642946
0.14525419937845577
0.268011767139854
0.23412433496204837
0.1212039665156493
0.1848393579996362
0.1180222702003742
0.10460010814629478
0.20903910669065037
0.1458448411766677
0.21252034362482727
0.1507115723678923
0.21471636416967518
0.11581323439861142
0.1553220750549545
0.274990968758986
0.269217879692068
0.11879796448345545
0.2072004442670117
0.22369441074195437
0.22232671409104757
0.2150983324436393
0.2015455035051928
0.25714398147959316
0.15012390157123612
0.12320595784230182
0.14444707036544988
0.246880077465453
0.1886067599675352
0.17209510445511977
0.20680507651589414
0.18904386752629515
0.35719184011408495
0.21688185632780144
0.2443473372872235
0.25941736126351794
0.22377311583109452
0.16756054654601543
0.2485282106314386
0.1580696047444692
0.10895130750704722
0.2150102404768196
0.2717181290480826
0.19492694810151948
0.1786351555273186
0.21875651391310993
0.2845094858612819
0.23076639306210114
0.15516753110700232
0.22682148926446064
0.22105387856554692
0.25247294744500864
0.195982955129359
0.26718934420888885
0.09385788378895028
0.19458344892776064
0.21079810932281773
0.23057728706718522
0.21004907579504495
0.1658440069028509
0.15035004325413706
0.16700661638082087
0.13841393586058362
0.2811251487618152
0.2367650627746899
0.15515018740914732
0.10667477239349193
0.2212186643088774
0.09923327248143035
0.18332381558287547
0.154547869330193
0.2398320729244874
0.18238932985500145
0.18401119089290047
0.22896106438330813
0.16758917311596075
0.19998974188644952
0.23091783737605798
0.21757637662339235
0.13044377708471971
0.14227040359719528
0.25749439151711556
0.23143821391696937
0.22550373287707556
0.1990721210859904
0.1679791575116912
0.2006371670902604
0.20009174354891832
0.14689901731854196
0.2630661811761539
0.15000943859126453
0.24689358341922624
0.1067649958311974
0.2874577726319325
0.1887307162796354
0.1160418852283921
0.19781658799378488
0.17945062453414284
0.20936914088829298
0.22782569007120107
0.22430747082367314
0.22206731819084125
0.21863132912752237
0.23476728831604043
0.1267870862292838
0.2882443765426249
0.08634208466817211
0.19411283295254006
0.2688804574273853
0.21897836313290678
0.07868189624535356
0.15566916091820296
0.18474422824011402
0.11283152511144745
0.20076251858769137
0.20353081193255004
0.18484337724691896
0.1033494149885425
0.21727841935690997
0.24934060931085295
0.1611515114118162
0.14242123773628143
0.26678653079049863
0.15500087115517988
0.20351083545040421
0.1783580129119995
0.20348425471885673
0.24326927571090484
0.19234482522429247
0.19168082169835465
0.21165898679262884
0.18329850364178205
0.27534857004725827
0.1663835946536934
0.24059110315166318
0.16206739664945016
0.09386238676050647
0.1775971565625012
0.17036948754607997
0.23675007399684558
0.2198938724801047
0.18277654895487866
0.2133315003808236
0.11826335132157384
0.20551982809982844
0.08695336729750112
0.10024570085547034
0.35302421937872486
0.148652812625244
0.16961559376846647
0.1493066520123601
0.22075787791752577
0.13776789906400436
0.11495749936409118
0.0886352672839592
0.21050313576077756
0.18449346194399285
0.24670504318200578
0.22228400838337534
0.2954552492373763
0.16025159487887994
0.2764485342931088
0.15387853280652525
0.21956848982155064
0.19273607381773922
0.15317935946766775
0.1667767083879984
0.2532703917407032
0.2479637172075894
0.23887512314952591
0.19140702373237517
0.20028618061367892
0.20502219329790058
0.1884518411156122
0.21436999400214865
0.22516919409608577
0.19968329889257394
0.2314819608906836
0.21627878298473277
0.2128267431790227
0.17723366988157638
0.12738224661766112
0.1573136630673692
0.21120717060893493
0.2286733736350746
0.17188950634944314
0.17411273575806266
0.22120084024685055
0.22236259666564656
0.27066169407091023
0.20186465928136987
0.20303264464254112
0.19953458580557393
0.12864716204004317
0.1877027824230667
0.16491354710277073
0.20574881996824282
0.13478596664123127
0.19699466577344538
0.19053759682024646
0.20152869383911087
0.20851461214605221
0.1707836915628994
0.14350290368339153
0.22681168711729033
0.16813357522486883
0.2126414966594777
0.2567313118023917
0.22245704459019733
0.1978397432903267
0.1670454910574564
0.21253658608979295
0.26492216599102303
0.2738807103202022
0.09612911868386664
0.2329787096957222
0.14498949884269416
0.18255900713873058
0.2686325372261813
0.12249598795577064
0.1631921686574046
0.2368314997445702
0.19680280181163468
0.18043078532930418
0.2598783174299725
0.17798324783726494
0.26581611513454007
0.1738796620829825
0.21226518699729127
0.19071379977720188
0.27811247176902626
0.235185699964935
0.21977744123583318
0.20623509895117742
0.223733206911028
0.35662690778261885
0.24578990882827087
0.21292442090150993
0.2143152058649861
0.0743314448716274
0.13035114561641825
0.0800506661135819
0.2642274199164358
0.32721618835200916
0.11584370940291862
0.22326021318471206
0.25565864346759226
0.10956830093333765
0.14570807621714757
0.1873505826956993
0.2095284040745872
0.23680622949286387
0.17375081927463545
0.18531430782503266
0.2633992929088393
0.1600637469743911
0.2388175791124469
0.1968562335433488
0.2575113483876866
0.1550539936566964
0.20451171192280787
0.17667199834896577
0.24634110372095858
0.21594632878356346
0.12580404643151621
0.2111660178299303
0.14345995961137914
0.23427216115084587
0.20238396427504057
0.13257602186500644
0.20988671511945373
0.22620845921927993
0.23116638354186483
0.23215582498625145
0.2160124286338417
0.17918023733747732
0.13981348258774962
0.1495166441783434
0.19739349215471777
0.1771535407640371
0.2162217571212888
0.16178991584558614
0.19775932046105404
0.17845097723118208
0.14633262398836655
0.2309013918988721
0.1987267228582166
0.22115385915278243
0.2277983764988443
0.1820630158228133
0.11790056366459045
0.20004868844193976
0.15454929131474887
0.17002602782703014
0.14716745151916913
0.2089321535016923
0.1893590363368328
0.23597497851049218
0.19904394963962055
0.20928424147530753
0.15715584965522447
0.20791803631863173
0.21810533424841733
0.2948092291262487
0.12343104976838258
0.3319173747197739
0.23240045257983744
0.2773987211372306
0.20627802612861926
0.1621069398683686
0.17709063646518172
0.18181835405917127
0.18516654151739
0.16985159515792608
0.19200831938028745
0.22846987446815875
0.1630892991471915
0.20536525148912085
0.20102421349752128
0.19362521467878382
0.1452779133926504
0.10888194753726932
0.2045699695696571
0.21478839012952358
0.25862146650027135
0.24263367875200365
0.19539828799905706
0.25141153858883386
0.2426645648970494
0.14207866711706466
0.25941034886312564
0.2607467152272378
0.27104341966861084
0.15298403480173503
0.23013118519664513
0.10159046188597905
0.19328791862354208
0.2081511558082017
0.2328676934082676
0.2548123328416928
0.2707850544729662
0.24191905812281228
0.21329788939024452
0.24436339103810906
0.179612801341416
0.25648866947889454
0.1909219583827365
0.197387249162939
0.2324379208852315
0.20585402621634002
0.23687255633473728
0.21998057326182563
0.20770834142437034
0.1415167204769785
0.16571452691274896
0.19172068869164674
0.21638844422064518
0.2409402586822065
0.19649494705895437
0.13729666201657392
0.12358636834250963
0.12073006007096915
0.1849108638099415
0.1491513841043605
0.1414676744300723
0.16518064259818319
0.14033653675953967
0.30757992405658896
0.20215028477194105
0.21166148894264955
0.15896762045998225
0.15808938689331795
0.25497524316301506
0.17781609901309683
0.25954434793474046
0.2334974671457353
0.10932086782271187
0.22170035828176707
0.22856374331083962
0.1393440606343544
0.10128093791714303
0.21685697845384472
0.13176479001997274
0.14601068403307793
0.1374632322124832
0.20084286121567513
0.16651126001714645
0.1631850683301923
0.1872824755969048
0.227562129965117
0.17154740360999524
0.18408453215159726
0.176477518084805
0.21140442942781348
0.16485919447414535
0.1487660746167287
0.21812714472179262
0.11795923284047195
0.1665523954814487
0.18245311383634716
0.24794082173417425
0.21863892080786868
0.22339408109106096
0.27664748307266634
0.2181316054667598
0.28684433879079735
0.22211629030177754
0.18484920759482304
0.20843128806427222
0.1974019010080844
0.1805711499879101
0.26958113418739205
0.19299751559541758
0.1974781316015089
0.26642689869733904
0.1982987502709429
0.18165253072705817
0.18997642970797513
0.19638514832945989
0.16434669146500747
0.2800275322355991
0.16180406106141543
0.14354194978956375
0.1810112333755499
0.20795364891935703
0.26133279998235004
0.12438610652454474
0.2502583957987765
0.2375806066650943
0.30040194585822344
0.24555359205322094
0.2720426216116358
0.1324073388330122
0.23898956831696105
0.2404626009835135
0.2818933907104895
0.19892548216367448
0.1230799145777463
0.2099511302037257
0.13507224472042903
0.24277348293379328
0.22932080083413195
0.21548970414918528
0.20571669074781612
0.1699686644215272
0.1910771702454689
0.1585022445648774
0.23381641845925674
0.19165723889371827
0.24337765539460826
0.24768603701364714
0.19976292460496226
0.23102287395767798
0.1892016602995662
0.1893329147434779
0.027496649764944064
0.29983154360710107
0.16901238726081674
0.17604422068761466
0.19150713680338102
0.21708371752655795
0.09255603150689662
0.14660791429980666
0.19955589018935457
0.24084649673748415
0.2935460313596369
0.18249602152444835
0.2458887211916742
0.24560335737778982
0.2112687483146948
0.1859815044713056
0.19866458748039353
0.32893109344639737
0.1707441806927125
0.17144015383332842
0.21692386839353334
0.2101891667636139
0.1401929713429955
0.16529842603409675
0.10081445594776356
0.14837942772112211
0.20915887676861022
0.17667506906588493
0.24844737363577254
0.22867008636396352
0.23356998101164655
0.25107070358267763
0.19823677045296342
0.17249423773606928
0.24133400139929165
0.24866915072881207
0.2723750699905973
0.23190977623301326
0.2077908227013574
0.2459291966888762
0.2447021335770757
0.28732407029193624
0.11492830586469782
0.26455997206906706
0.21511490158569282
0.2552192519811733
0.2868875075490006
0.13780838028397935
0.153850570574925
0.27338727198036084
0.2182913412016515
0.18046367170842134
0.17934467908459426
0.13350713510285406
0.19557544567786653
0.24856946584222545
0.22802746521377104
0.21620098995536943
0.26404936303479
0.19448282547901885
0.20518126304694712
0.10325936697446825
0.14529481210100148
0.19244177062410198
0.20302936606315905
0.1109759312683618
0.17819606654084078
0.1621503056907418
0.12796671155638034
0.11746971830539438
0.17499589503261456
0.22877783876766067
0.20565907364982997
0.19932489249734683
0.16276364931248877
0.15113089236750094
0.1886306606375296
0.15238267999993513
0.19658782715383497
0.13137746037416662
0.26128987367354706
0.13303555121387148
0.20868198943677563
0.15787279854614805
0.13522821701329352
0.37284157469970275
0.32401953383282034
0.11292607582867457
0.1787591705071747
0.22235046727204663
0.24667233349745563
0.18388324298207526
0.09410092335565162
0.20034807353098297
0.11564730328293808
0.2036551770134461
0.20182047372819306
0.22163555644352526
0.22083020830133665
0.1431023576839831
0.12655546379942872
0.1994024670906707
0.2219976332988152
0.18756622360786143
0.2469646654192268
0.3305863611024703
0.0752753015719966
0.1626993366616639
0.14124000375868323
0.11254832612302518
0.1750482429083639
0.1408681911997413
0.19755347465121836
0.23256168635358057
0.31053575054366306
0.16995128534376214
0.13938311461990976
0.2233324489157891
0.19698698365561376
0.1942369552928324
0.23944522511527738
0.2324923672866252
0.126359342118644
0.24359969631922715
0.24551693524372248
0.18757767814059736
0.2328078008227328
0.1967258822445649
0.17398986748405246
0.14439277814362386
0.17297234977538187
0.24537931604053126
0.2463978123721611
0.14265017015852047
0.195717714332183
0.18932329775921689
0.18323254500931585
0.19703265104400144
0.1236871774913953
0.18773425822250275
0.16565459193512244
0.1816922119863773
0.13269042357548522
0.12582605142150385
0.1670925755575773
0.18296444660147804
0.11749590093300828
0.1409965442838061
0.2011566752667202
0.20633332796278847
0.2869194460853359
0.2047863478872374
0.18421132984911034
0.21388759416087888
0.27592248282758547
0.18596320931210747
0.1631799674074467
0.18779005626517498
0.2314863457177192
0.2619129749457776
0.2221881597030562
0.21362274427368877
0.10323675538159882
0.24889035113606303
0.15008467880564547
0.2280815891444402
0.18929158396882742
0.28385690699150806
0.2328387070555763
0.2958534930951428
0.13735362809500587
0.21311260907824628
0.19920772746397658
0.2243864892302113
0.11131233177037453
0.1810381389589897
0.19399014115648783
0.18561582495277537
0.3060085375148303
0.2868720856089109
0.2157376068190516
0.20007387781839295
0.23349439261844743
0.22258889025747916
0.20562332985320472
0.20281084399848043
0.2573794405692098
0.19837528291588913
0.2866464152973173
0.33699684162048194
0.17236859449531927
0.15059214711747476
0.19054682149495983
0.2209626260934435
0.31512765333388487
0.1556459172303364
0.16892313233521092
0.273445780948196
0.21494139678456212
0.20341765392685457
0.2447641215090537
0.19579130288109353
0.2333525600483683
0.17123485597005897
0.28313927344396006
0.20962241663494224
0.20337433786830872
0.06438553997156451
0.21860743546624858
0.24310325843184982
0.18769763594631045
0.2610390925015131
0.16400545054012938
0.1580792426306032
0.1343499022086499
0.25855395650420443
0.12885569343023015
0.21627519271141554
0.24597707187991336
0.27365115030670994
0.23953335928736544
0.18007744550287197
0.22512973810879602
0.16892056463572527
0.18426540294167262
0.2123026514461356
0.1581052818567877
0.1859072576955612
0.18439125614734764
0.21620703244617112
0.10102061717085609
0.2607078628279787
0.20834940166535787
0.19505023614636446
0.20991000989939754
0.1929500220765596
0.2720505350925433
0.20429172171475551
0.21221747322550294
0.24584758505125348
0.15271382490139762
0.10887600541759883
0.11106625706139088
0.24964807452352766
0.16809226202977237
0.20013934034964487
0.2686152842438718
0.1360198260851666
0.27460476834911973
0.24344833282598602
0.21603135194120843
0.21589872870916774
0.2919398303458575
0.3360393862692107
0.23776401340163697
0.1939715726686142
0.18215569597463152
0.06609096640329568
0.13446359182492376
0.19186492345486011
0.1053103977548463
0.11343274493873404
0.11282734412865976
0.18013877826504904
0.24486345194843945
0.17572110288245432
0.19638039737492793
0.25174026033801905
0.13335541768323733
0.21533288871840472
0.16004734406259508
0.19395936724880378
0.10571037419054644
0.12880272597096587
0.13642557765114027
0.1808647198217498
0.16076930038375686
0.13295432331579665
0.14161308901553815
0.29454988745363153
0.25594805300779433
0.10435630395856398
0.1720367115092747
0.25669464107191725
0.15436139705272647
0.24714949718207152
0.1369973162720843
0.24011820156315736
0.1645806368774613
0.17566226238652166
0.2526533734440377
0.17785570866472622
0.1630585510452257
0.20210867085564924
0.16330327598736397
0.27814355149377545
0.14575811374692293
0.2484261805046799
0.1453741766896425
0.18575505785651938
0.20180531478211114
0.19547042746873977
0.14789021448880718
0.16214310076803953
0.21061354142109784
0.2786412675744953
0.1430796501553689
0.1666516971076269
0.19478776647631077
0.17537926161658357
0.17258652547235764
0.20768833294591632
0.2005500910820338
0.21301537651134156
0.18026384331718387
0.25069764674334205
0.24629215130478432
0.24411398756672298
0.18920362886625713
0.2565056666025765
0.1973998481065303
0.24282006249783017
0.09086058045745185
0.23977774152397616
0.2823511858729506
0.21949417409189034
0.254709847843534
0.2526078069426594
0.08507340839300855
0.21631388605768553
0.21280208742205015
0.17155129681956666
0.19625792166545142
0.2677422507665458
0.22445760924784317
0.22332060239625093
0.14300803092471548
0.23303010642512623
0.16706105297079196
0.1923390296439521
0.1535233317333794
0.1735320674116997
0.21938285697651355
0.20404962414995043
0.2805841464921636
0.22008742540815646
0.18755935737183266
0.2247199001724401
0.24966035854557994
0.17426986063525582
0.2326535288152965
0.14846774877950464
0.178784899814103
0.17202671293235636
0.26370966211846314
0.16101466987584184
0.1186347063749338
0.16555921362943027
0.17357784934131293
0.1996270502534987
0.20521741620631812
0.20374554558294997
0.22603606749015198
0.30739725173041554
0.23366239892765633
0.09921717146548535
0.16826126477522169
0.18931600949967542
0.27640777523588916
0.2139291161397334
0.24030408345121784
0.1591012724459916
0.16365770816989492
0.2199737375448718
0.24428923480681886
0.23690531846127744
0.1582858533075041
0.06691913187864176
0.2267294061973324
0.1608532886011889
0.23278348991174636
0.14473992486800508
0.19722714359592305
0.22854702146009298
0.1875908347223603
0.03982002501440765
0.12139440903793403
0.2416193024653433
0.16023116098729528
0.2023837781691752
0.0853132208717502
0.26586827078380904
0.18960752405813314
0.2121742554908688
0.21756236767767714
0.2614603015944241
0.14287671308876504
0.23333866295577368
0.258094776040635
0.1940211979978886
0.2023007484013483
0.09754548128525041
0.2052271483384386
0.1729147182079511
0.1561254679913403
0.24520286868972088
0.14088081482158266
0.21850803334195804
0.15891776332064408
0.22927091459077975
0.20735977695443042
0.15486633583077802
0.19175227972357226
0.16098080822691144
0.2008600162246002
0.27569202478793026
0.2022360888564286
0.1907587820102697
0.22203299962579803
0.1543852335970135
0.16933609091319068
0.15265463589152814
0.30285201231844283
0.17631397305078286
0.3234187271553508
0.18459617217575097
0.26027657948066674
0.19916535681531672
0.28030886400569005
0.23016742612271268
0.09726133447138469
0.18106140728521458
0.12648974316717848
0.13622179144518215
0.19033135103272958
0.2718485944271171
0.16593682834281903
0.15567105567701822
0.24097961160246217
0.23658281079159255
0.13599449968246652
0.191129996456347
0.15697010590704386
0.20895904926988695
0.12502992541322958
0.11572900005637433
0.21270400359847375
0.16295618941769047
0.2008491251073833
0.10053316783842126
0.2688845471865546
0.18830837842751183
0.23293693892932
0.2519900109947276
0.23318677621988873
0.12242014568181614
0.14681271863254045
0.13554284810082162
0.22561860455920563
0.1974794472622165
0.3054801622927059
0.2814828733092844
0.1453640834408108
0.243921984578236
0.17569795967904234
0.2503822563127368
0.17312202458020576
0.10758408911095935
0.21338239663031974
0.15293041448052258
0.16872943979865782
0.15869042746782674
0.24474108427199343
0.21458357398491423
0.22352760007861436
0.20904269699142183
0.24279336838441945
0.13948449196558577
0.08063163513123638
0.2014935524873908
0.21884736673393365
0.18598238320370872
0.18400568343404272
0.2968104230863889
0.20935588282082176
0.14667577950923041
0.19703800486806597
0.142634170798722
0.2131620918753454
0.18788891771105679
0.0912488093474468
0.20131398954969545
0.23630869710552646
0.25090087944372275
0.23026653086003995
0.1890651934496869
0.04292496390397288
0.2943343816686279
0.1591019748022192
0.22696234727034242
0.16143056112431445
0.25050970385719096
0.22239023698070776
0.207675613681249
0.24226624049924897
0.1994842086941801
0.24070093782662183
0.24609667754927858
0.1532108829896408
0.21728543275972256
0.1731012009532866
0.16253112013105392
0.23455324051119342
0.21363653793965098
0.23921829923602278
0.19549715407321347
0.20303825278988277
0.18649603350212843
0.1819473169074396
0.22401860518111616
0.2288099293618765
0.10755935860513233
0.18536080988744497
0.2683780680332431
0.23561000249950198
0.18701964413117528
0.2310345753224912
0.26726629714133904
0.21576457050961695
0.16988329071314795
0.2965761019832012
0.13658897595013494
0.15259071933432555
0.19972600681558103
0.25587111871144175
0.13770774301156669
0.3066708769811435
0.16249392954072972
0.16809484581216766
0.23216739671792913
0.26697516004540983
0.22058747959070849
0.18658676825349077
0.309340569281814
0.22763743211933712
0.22515567879468035
0.16756170154555156
0.28436507819696477
0.2311446104705632
0.13670765069913848
0.18154550297713196
0.2053811139896411
0.2261824899980938
0.22208993322341192
0.17487598521392028
0.17382628931026034
0.18604261515805795
0.17701426854903438
0.18063802025257952
0.26418253317592955
0.18422696576973668
0.12054553903746869
0.17997618739818758
0.21153999246008628
0.23574685783889415
0.2769666679302719
0.19950296573410367
0.2643754120884086
0.14681343760853655
0.3684804736696008
0.21519789636591607
0.2656931884863197
0.1894373432181748
0.35268609912095883
0.3069537504275861
0.17937936590531478
0.27932294729131485
0.2185925222905462
0.20658652536387298
0.17775445871851625
0.22602206368822692
0.16855146375761343
0.19915630217948987
0.18487909774904598
0.17496670178445872
0.3401936240088339
0.14108531309181177
0.2112547719843584
0.1471676940653743
0.23943797473869843
0.24803418369190433
0.14357520162676493
0.14939517756601017
0.1427904425515816
0.2736549804054577
0.09064694067256625
0.08337842270322332
0.21994487452587036
0.19586277839178054
0.18184307598885602
0.18342738205467304
0.3004041890222265
0.18739590569813563
0.1460744258841526
0.12943883402690892
0.28188160578252264
0.19989981620034739
0.11188503212132231
0.16142226526059059
0.18184567286876605
0.13228266846613312
0.21993248651492353
0.20443370355640453
0.17809592958291554
0.19074159315925554
0.211118695893898
0.19957524743692112
0.2847283013272447
0.2349565452252605
0.18692070866215948
0.24015924656154614
0.20829282592161705
0.13214725433797453
0.08425025769820234
0.18360383316079482
0.11221209657364588
0.25975744252087285
0.17157798401704896
0.17164627085861428
0.17632985432679907
0.13625056514179407
0.25506100434692025
0.14831737598760408
0.22385924696319368
0.14013936281881484
0.2503046930911301
0.16366561739489438
0.1467848840768606
0.2760933356184314
0.14895064243371767
0.18377607561855736
0.20572601026682444
0.24845090035684173
0.27498409096246346
0.18620092923853146
0.20208498659847465
0.1658316067181108
0.26602573083655523
0.18741196956839093
0.2787498390961008
0.1519316518630368
0.19759367429609107
0.19079344943585883
0.18416370240859536
0.29076701563622415
0.18127177935594813
0.1910833917412685
0.24635445194726777
0.19009554070573098
0.13108637910838894
0.2289373660506264
0.1167269311802653
0.14607403129624796
0.22035439941577856
0.17256762021109712
0.26697408329407035
0.21022106617442998
0.17867345806964005
0.1541048186472896
0.22951833780371064
0.250052101043595
0.14213980036893506
0.33558071976278503
0.19759734317562386
0.21661039051981082
0.24638181719613383
0.2455753438077287
0.19122998456622597
0.21604073792742115
0.2996556434953606
0.19153918781896892
0.3046309244942539
0.21968124934989253
0.06811978986818096
0.25420347032126295
0.17427777544797815
0.23323085485448308
0.1951539691864374
0.2901156748930728
0.25368841012379517
0.1562417603717788
0.21062095847129714
0.2397314950341218
0.2245387983885248
0.24922132260273924
0.23933793976611095
0.14552599498286428
0.1702247748842782
0.17212409505744938
0.1936300641829942
0.2685783744994219
0.14156094006829173
0.2684548374512345
0.19225993344778686
0.12123032692812302
0.16608273739806367
0.22933092633269336
0.1610328975799357
0.17589338548447614
0.20303761569013418
0.2323570937666905
0.10852342986639421
0.16351540017331564
0.08618881602180067
0.1170644337831405
0.2260192335994196
0.2321578544021103
0.2786638430778797
0.2009549517686773
0.21163047774508884
0.1652781721290975
0.25046318603460727
0.15257203420227622
0.17866863682078107
0.17950719447298097
0.18250108973658782
0.19133634003231667
0.142114076083771
0.17718341720468292
0.1708229180221509
0.11611252667716508
0.18875549817712892
0.1978676612731289
0.26166955629723176
0.20423766289895723
0.19522761700776287
0.2557652942033553
0.20480401722404332
0.21419803096024587
0.1967120178359561
0.19231955370086434
0.19020239948555687
0.19342704405660832
0.13751809648711316
0.2489237671360603
0.18008562601147327
0.201964652982805
0.1782503045967041
0.20879458871598872
0.1546791798835602
0.2431216176903624
0.15423256978888283
0.17741985411356248
0.17773927918297744
0.2023006640226047
0.3383854107461731
0.14548885955478616
0.20082531625692665
0.1491365621419873
0.2129064901091255
0.18058555288977074
0.15365540097902575
0.23974528779405996
0.2168789648563432
0.2260882892311572
0.1600373914423197
0.22206581577745912
0.3000040847100294
0.13892888157962505
0.191959454152721
0.16070810690133855
0.08603777471788676
0.1776293934327385
0.15275772347808442
0.21737873154915582
0.15016158151875636
0.20166827004539897
0.22765992614998418
0.22029909682678692
0.28333886756963195
0.25225035559853554
0.29481678540684364
0.20377771289426916
0.1790681488229453
0.14221254216708573
0.19860340833244788
0.16590478632863542
0.2391685792134996
0.25832185355874016
0.2574727868042248
0.2322290576820007
0.2757767685527923
0.2351573458132507
0.23022340958570903
0.16765166993704952
0.15480675936286833
0.17326395644987158
0.14894359424723216
0.28579679387307305
0.23084617126495988
0.17076483233343132
0.12426545035422443
0.18274676767686115
0.09229485772780786
0.2684287392064256
0.1341370287189403
0.2589108294774289
0.24801508063846012
0.2461478859424027
0.235475846155822
0.17746184274942928
0.18149411605280918
0.15339401897518903
0.17959049120553114
0.1913073732129812
0.18417387372212696
0.3022249981041566
0.1602401486011562
0.31268634300298004
0.2120942885575573
0.26494103428732224
0.17644871252945749
0.16938697483555043
0.14122878343378326
0.182201233465911
0.27950282492262013
0.13796075963436524
0.21915213118808088
0.23249521614402013
0.17111177371865324
0.23433838860314657
0.10858196307718587
0.2820473548329288
0.19147567141093938
0.28147120484671884
0.1231140745330625
0.2445602646508897
0.16569889264390913
0.14509212553223755
0.25487335058316435
0.13755072355610481
0.21831199997523498
0.23367990207880024
0.19577786809755426
0.2307297548370675
0.255440529138115
0.18143485067255286
0.21684516169647286
0.1516326906601788
0.291226744809465
0.16422938021218625
0.18912032104219412
0.26720787184273376
0.22949276571837451
0.17816987123665076
0.18881522209893226
0.2639377407817459
0.2495965338628608
0.2154458740679639
0.22701649478667146
0.24388322352045105
0.2359807034540731
0.26034867220624835
0.1657010643354419
0.14809213782866343
0.0850020768101808
0.3070849366449202
0.18941199654244026
0.15530243398454432
0.17026847938312678
0.2940239999375347
0.18562819633650585
0.21745009141729796
0.26515021496380253
0.2901476497714452
0.19778333186225305
0.13663372880246816
0.16947237294458556
0.1473398884001791
0.17313183001988453
0.2639782256890494
0.26290254170947924
0.16171944994038426
0.24934718350726975
0.21773734441844947
0.29041539580313736
0.15317979426859357
0.20527651445769007
0.17118710405084547
0.22239400529932982
0.3026243617500018
0.271966016141719
0.09825136441676352
0.15310941018632804
0.17735089803236403
0.2188185763925875
0.2537140256779759
0.18058015569007244
0.09158860187660645
0.24080767401772107
0.18651415137039276
0.3291793100002275
0.2662644163444048
0.21154817974734713
0.11380767239720216
0.1239611306228
0.19593671506694657
0.21104639967958247
0.18789911726383415
0.16632861218015932
0.13388116248894738
0.2358725515559169
0.19408198167197652
0.28095190558142835
0.26041437951573443
0.2569671195929186
0.3060398413763946
0.18202141495714408
0.15194314516145316
0.305394013041562
0.2694327886428083
0.16792927801266147
0.2701747892419889
0.25207483092613386
0.1880686391388843
0.2766402449048584
0.18133495320256912
0.24901320708349167
0.2510021761417176
0.10560988816588308
0.08077130924926186
0.22426054455619435
0.20145190884700898
0.1848142652567966
0.1375534609990251
0.21650864808904938
0.289635893820592
0.07823805223397669
0.1693665348509576
0.19861469019085917
0.1777290227677703
0.27141969044075964
0.17498755856959458
0.255528582108067
0.262835867910614
0.2216821450713654
0.14273482655820624
0.1813729025633772
0.16946970209864226
0.2371541395212894
0.16070567688799864
0.08256410307608489
0.236497844826906
0.2230648052137349
0.2378515222296031
0.2031824946403911
0.25082713320955086
0.1751567769193294
0.14452683273397454
0.2031175957128317
0.14370371301479978
0.1727620252263606
0.24232599786206027
0.20003636115843623
0.3088828382010218
0.13075403459181323
0.17503364515738773
0.1470136430974111
0.26557955924644633
0.16953615747085923
0.08540166705957007
0.24845989151678208
0.20261662249893073
0.18332610963382315
0.22982517822141896
0.24156527337995662
0.21940976433376422
0.20125965294520837
0.13842569853599745
0.2936912097929009
0.1959921505219837
0.19252587753217323
0.2438403284655493
0.18555129756596767
0.20416386192723032
0.1288537093322087
0.15231660600957975
0.20566192611371983
0.18109301219981117
0.2176153089676257
0.19353153594652284
0.23491390427547615
0.1353969126628294
0.24988808454248188
0.2593721590157647
0.20365520141084242
0.233871448211331
0.1767225293520749
0.19797502103164677
0.20654436856323075
0.24249267477385567
0.23012920864421527
0.2011434391719036
0.1982395586497201
0.19118902263489784
0.17028309319248425
0.27985915438031406
0.22609170796548556
0.16702126625444463
0.22386195057573938
0.11334556571321172
0.17336487432396355
0.1927431943598593
0.2290604425391593
0.19777724204242772
0.1301697956457054
0.2501581648913548
0.25713899006468177
0.20660868279901948
0.19427687692152928
0.21273533203007391
0.16903310538287394
0.21729835020370594
0.22035359965719453
0.21765832427938475
0.16656196950330895
0.2504264020356545
0.2204529659698647
0.10777289891199004
0.15402911924235385
0.22129103488802498
0.1975677665997815
0.20244877345531978
0.06183045085489844
0.23524274482421278
0.25806985527207615
0.3239165173156562
0.16531691129989606
0.27540876460125235
0.16196726574897458
0.17084222932954043
0.19331029411834344
0.12074693988304383
0.28403229217414194
0.1895467033099963
0.31799539198392085
0.16267062311189223
0.1950866354319488
0.1824599557724314
0.20346046687235897
0.15082846608175826
0.15300977066070862
0.18085635436011083
0.20624380914662338
0.2841250164612319
0.20409645655388986
0.24997943281181945
0.08691551334019804
0.19381844579966398
0.1467995552037465
0.2315919778826636
0.18882255671610895
0.32467325220455523
0.25061714001313673
0.141576745367617
0.20503874536628414
0.21652662656747323
0.14052684185972836
0.18487043072207113
0.17338056339424243
0.17292123635023327
0.2758497882899044
0.22946339635867297
0.24139546268470446
0.23316542471682675
0.21537075025293187
0.12324895224134223
0.25956847961749135
0.102365829884139
0.1492021756735282
0.14089894619269366
0.250859209925096
0.14164256068123465
0.15657577117263216
0.21035654841426538
0.15703872696276733
0.1584901671218025
0.14920403183252245
0.15849292737364148
0.1840324459643407
0.16205945875991007
0.19931081885620044
0.16664493300660985
0.20065000852555928
0.19428982614999185
0.1186286895915083
0.26041213306283184
0.14587985857472252
0.21905581856693962
0.25227552517122653
0.17841268106336888
0.2739585439429192
0.10161727309031278
0.16567638683237573
0.12110108580781431
0.213993196893567
0.3224637990971597
0.29088431390731784
0.22785199724639646
0.22241706791426158
0.29887907612995523
0.2661714312061417
0.22569650062980656
0.1703540516117724
0.18213811522923096
0.22521270252317035
0.21591206478015965
0.33366567272430103
0.1814194240061278
0.2987871643999958
0.21059110725819524
0.17698639297614377
0.2746380204961043
0.11256751214070465
0.26260005723374247
0.1309861293881841
0.2381695176688121
0.19894740286712687
0.19472617362658842
0.23720038353412554
0.11046018939084505
0.23973354654519335
0.2525866855235415
0.25145766932394964
0.168636372999161
0.07727267482498874
0.2417937850691872
0.24957508795239375
0.15105561267194803
0.20935150890478385
0.1797238422545515
0.24903367522292166
0.22899311566321037
0.17726641023276613
0.25641492115282477
0.16476060887527183
0.20767036425318328
0.23384209531387457
0.14287041935445638
0.16707355283686548
0.1621423693505083
0.24249695219829237
0.14877678886459345
0.26150311750805666
0.22383677577502803
0.27297210153044144
0.2284795472591542
0.2577218617307007
0.25108537916430884
0.2045609948430223
0.21045937703404796
0.12314257447792881
0.15507008200843503
0.2613994817316583
0.24336499072904144
0.134648072044822
0.20023915349455773
0.15798671913527973
0.1352539127126987
0.2501074472328166
0.12852585438962638
0.18072061905171047
0.2345154261145675
0.207245082261821
0.20645995909023104
0.16961931140183661
0.15869668039638088
0.2369829427618529
0.16556770652733435
0.11236270862300457
0.16698193862940827
0.1710239556445895
0.2013761844317601
0.11299568570400538
0.17421136745356772
0.1883307834020539
0.17246449495433852
0.21317813920727913
0.1978299489142166
0.21061882621983857
0.20587692538670968
0.15110707792169234
0.16216157422355237
0.18511905192065709
0.1584157062298991
0.22012707044615124
0.1460975772125574
0.11983310232026417
0.09524068227470409
0.17876130916850141
0.18876829983665291
0.161332944790264
0.27433210263520313
0.16501176385814814
0.1595081248789489
0.23666591734080977
0.17074666499978192
0.22656906288114467
0.20062306080395073
0.23911093452147003
0.13616087802709892
0.23032584277955026
0.32950981775755833
0.10970496856108392
0.21264413698261328
0.2402491049679883
0.20641491466580605
0.20278135384086637
0.1963290231372635
0.19957379383979196
0.2010975732709647
0.1804945512900789
0.13484549476122987
0.13495992644371368
0.2329127047821733
0.10295176173417149
0.23718143965965643
0.18353182034782203
0.21946599591882576
0.2687449202041591
0.27167166204421267
0.2303578694183613
0.22523382902880487
0.18264553085318683
0.2431112833126624
0.282610037755206
0.24317279035112388
0.23156366689487506
0.20809798698717275
0.1693283263846951
0.17707275432876657
0.20758956656616273
0.21705948477897874
0.15680634603240845
0.27589063782703616
0.2361018884411224
0.23626896789580498
0.16418179443994801
0.25738507827132207
0.1664233990106153
0.1744923376509284
0.205961172954186
0.244007908679393
0.19409416159978468
0.28727915277480937
0.15460754070203597
0.22379971424863
0.15293247378380428
0.22915270353994752
0.16841963839744076
0.25385014589134924
0.20748048341430764
0.18652368225412216
0.21242696889619783
0.1798844194121325
0.13275821888524542
0.22380180967854832
0.1268865774919764
0.2076114047244043
0.24953382004995323
0.27856767200308696
0.22978884084474943
0.14182239694562643
0.2164684844165206
0.09447130225099079
0.14581515608200515
0.1042481202032495
0.24574277986723367
0.10454465495245191
0.14626838533318154
0.1368239956599652
0.23714815376393875
0.16943665830452032
0.23237957682704935
0.21600379176053436
0.2695006556040729
0.16620608386976019
0.2831980611769999
0.26105973048946507
0.30458523235847645
0.2330336648879047
0.181961678964526
0.25975744030688364
0.19236664785739294
0.29568538483042295
0.14918505877418267
0.2452119153171044
0.22974056952021182
0.16035600687145327
0.18880136172569228
0.13113719296590523
0.2132508571897673
0.19163452781717333
0.20345153145024064
0.16121936807513107
0.21939778035604196
0.25330143732646276
0.037169709597988654
0.22270417509270282
0.1600718010172314
0.16769811138281693
0.2254132961089154
0.1858224388948575
0.23609421873121636
0.1714961804694217
0.14266306881008137
0.1364864233888058
0.22001482153808471
0.20165831911790155
0.22313414671722231
0.12714783690567716
0.21440045545054295
0.2415579025112966
0.1796546681307552
0.19902875080142582
0.23595602844118962
0.23496796340763437
0.2719576036882767
0.2590563355562296
0.12126954200860306
0.19772722858607678
0.13631551387098373
0.2028167765979127
0.22668886488286735
0.2115674713544612
0.22788134322988515
0.19272392986959408
0.23630975031296642
0.21272867608153065
0.20918493639542154
0.1684297923928001
0.17771150373599132
0.2575440387817477
0.1843069334569387
0.1814251599428462
0.1429229484117504
0.19117084733185982
0.2591473947211618
0.24022870780904904
0.22963845773965494
0.2414553203510193
0.15266912147680195
0.16080705141969304
0.1956063170762644
0.20993807089383634
0.2190254264562161
0.2403120673176448
0.2532854822930475
0.15231410284543023
0.06900775818199728
0.2242527068661556
0.1809683133590811
0.2046627926920514
0.1001380502797787
0.25432378746619844
0.1492015945774897
0.20145807774417898
0.2335202550445592
0.2202804677969374
0.22698241838379948
0.18014579799073102
0.16174925086397104
0.20269375620194757
0.14956733726528088
0.16831853506912298
0.16278541293158016
0.12969520104489657
0.1965132674658641
0.2887716796146033
0.1179697612599096
0.22595631432982471
0.24549049852639415
0.1735806163804405
0.19102104188533092
0.17874365878078632
0.18186626112829354
0.13946870031347675
0.1977476509337161
0.09941013417141589
0.1769665567574357
0.14985646364400973
0.19493895223749064
0.21868398636576628
0.19501812336356722
0.2505702060770265
0.09173864521024513
0.17091889909767624
0.21639256393349532
0.19044611452264285
0.2149572419566868
0.17027829916300036
0.2524453026830711
0.25059490480595853
0.22087616420725584
0.08370936576000826
0.21833316624629975
0.24235932456355969
0.11554397948357854
0.2844499210740101
0.24486550094233173
0.2017350199004733
0.16770993339867335
0.10221945552239742
0.21643719952881552
0.14400837576246892
0.19441968074588964
0.22693493846789958
0.15574415956421322
0.25009051108803293
0.17765100211955828
0.0994237268867594
0.175227335751585
0.1913469801714796
0.1548658140565513
0.11936148723976234
0.17046283471289428
0.19724873303604443
0.2704940108091392
0.13196294990232682
0.21631278474097626
0.21000009985592943
0.19915600397102762
0.20954946058649104
0.20447308345176365
0.11775431053112578
0.12560502043367963
0.17888782743200146
0.1820743285995996
0.1979439354868407
0.11492365191635412
0.20276053175212744
0.22528317245444163
0.18063261383455037
0.12828629477003478
0.13637542446128736
0.13281557766444352
0.09231781259326502
0.14005053651497762
0.3456009877093972
0.2731239006948756
0.15834374435040588
0.13012482619155336
0.2519881674225979
0.22651704378897952
0.22021692912702234
0.23552371015968343
0.22831047208735328
0.16500876467804843
0.21538113726962446
0.29046623737234994
0.14565638908684256
0.20977374572645224
0.22917578953670878
0.22250061556397374
0.15469490966941235
0.20355714540676959
0.12213740127086808
0.21425317351398207
0.18287416289389619
0.13268845106381766
0.2482075688064522
0.1738786754207755
0.25433940222371626
0.23005540999845733
0.11757419159878801
0.13709544494392822
0.22003291689847992
0.16501694232843855
0.28383948887999866
0.18638702193047346
0.16731702384591993
0.2181246498972096
0.28467779284690864
0.15085619104957793
0.18093629029971342
0.23357494129101722
0.19075763608685173
0.09256564961466429
0.1647749211439023
0.2395783093580213
0.22430280207401304
0.1777393293045454
0.10464530142693634
0.16754488142937493
0.15916234097441598
0.14269600182303552
0.24837509230970692
0.19042311639838932
0.1686624155490372
0.2013982677446485
0.248811077451494
0.19612621500319274
0.20445986100294605
0.28032726126986895
0.2163617582180588
0.21279924621312515
0.20622734269439424
0.23079174562552482
0.12897141490426847
0.15281402656398899
0.10745487760203987
0.1719678800909156
0.2541050078895145
0.12903598434313157
0.1675006268529387
0.27339986513184744
0.17066910059146456
0.15663765670844532
0.22385712969478244
0.26359604815095566
0.23171469543730167
0.024189257738450348
0.2868582440998788
0.2504681281159351
0.2260071914459641
0.25591737438599493
0.23158459865793468
0.14590999195952659
0.18628213769845273
0.14907861010398182
0.26152356627068385
0.19376463017381448
0.2613472312913954
0.18567193446932276
0.15981710003930286
0.18787024172161124
0.22889736728614177
0.14935583875756425
0.23706669950241227
0.23617220169921094
0.23957656296176838
0.10873087371105351
0.09833370263468177
0.26084746910508655
0.14840711420554306
0.16638994731601617
0.15838427317448936
0.12760620415010504
0.20348117576262573
0.19669332454711844
0.24338888802193223
0.19050864476558102
0.16776319576127616
0.19664951989232268
0.18591314430960426
0.1806999303679104
0.15675520101938578
0.225952211580692
0.26534332482552153
0.18667246575757834
0.14320369060702592
0.2740335242183792
0.17797912970876023
0.15972652381927038
0.1578972116543579
0.22364897266488926
0.19437626016371867
0.157235959140419
0.17404040120210204
0.17922704923657118
0.21811324193866233
0.2724003410597605
0.19802730275129973
0.18003360872074053
0.2650269215747507
0.19496759676950828
0.19439109773556904
0.21180710596282537
0.25821841224045927
0.24208747281615856
0.21697495236715988
0.21026345514660502
0.24527684301528074
0.1513532403363684
0.24186137248076672
0.15945093668699992
0.216922762238644
0.12184799105946578
0.18972516495548103
0.21460029996712435
0.1736729124123782
0.2296374613696007
0.2298774997913546
0.19909273544864298
0.21254042324371672
0.1639528418991851
0.2071396367367777
0.25253647880618113
0.161489436102829
0.19738726619642175
0.285861540859449
0.17888516534811363
0.1205329423820849
0.2323825428849584
0.24101055986651898
0.18323054502349234
0.24810966653207436
0.2830570182844132
0.17285444176999548
0.2494393710206785
0.2341863127985075
0.15956007513325562
0.23213338728972943
0.15023484272308074
0.1701281427392379
0.2107681218039997
0.23327493210012099
0.17765358207047705
0.18616002024119674
0.152888431536529
0.17048287607128357
0.25530383947172486
0.27052901143447033
0.20394973140172667
0.23716705907022437
0.12380987299088982
0.1455621180424285
0.19367196053691327
0.20364843755042356
0.16106160185512336
0.30702259130967907
0.3157733903798755
0.19483979499564608
0.08306260330723013
0.19602294531076245
0.2756579449931474
0.2533399342010886
0.34148682843977496
0.17631726773758954
0.19376537452670373
0.2243682324432435
0.2882427828898719
0.2390862397779881
0.13928630758430588
0.09582210445514822
0.2761885509855273
0.21709960591010788
0.2729866287086449
0.23688997924442826
0.18499346856427765
0.24944653137979536
0.24175592041834498
0.14081555075948585
0.14657339022468646
0.1846740520093757
0.1885330027007388
0.17690445960474063
0.16182994559014852
0.0901250930973787
0.16779585009598158
0.18040214692517842
0.18759873176281022
0.20273852088547814
0.2854650094249495
0.06640436233351274
0.14181327551386172
0.2541155957976802
0.19498406181624367
0.2947406206529535
0.2149990032063881
0.17820812351715104
0.15020262724357686
0.26528976635905654
0.25789305891034675
0.2099777453927443
0.27811431321126456
0.27509947120884637
0.12482987236383143
0.1380667108546084
0.24106837059364972
0.15399635735990888
0.1769166726535768
0.235939192178717
0.11548394638843673
0.19120023427498442
0.13443754274610012
0.23817747432100725
0.22376371225800093
0.12447639540266123
0.18760714610100993
0.12385267301564654
0.2574016890465046
0.1670848600342818
0.20225055745742707
0.23445787201667698
0.1985623091327088
0.21951242874301347
0.1570084229316216
0.23038737302957063
0.20647762706383643
0.31964958212741607
0.2045442104043374
0.2474439589044293
0.20216898116816237
0.246871482588915
0.18410179646575084
0.3008345719456977
0.2336190477447904
0.3320312255949904
0.25669867470670843
0.2211754576452368
0.28117676068410474
0.14452387258140445
0.190247641585776
0.18062206247332216
0.19810415206567214
0.12342893030549457
0.18920696559332356
0.234488168504894
0.22951769156766902
0.2508580620102475
0.1827872474066325
0.20965560157234878
0.13043697108453486
0.1910563677146868
0.046160779210804026
0.1502154630972654
0.10900164041659229
0.15707253583651365
0.1597767370086439
0.19523020134396557
0.18366570059100903
0.2390044634224241
0.16908789955264536
0.20366417258259242
0.18706360602672706
0.2832224302674175
0.17249407229806046
0.2270872874922744
0.21491793534262024
0.11227167812554244
0.2774733661166522
0.1772187092169011
0.13930318684819695
0.1514059695819106
0.10615183610907165
0.16319854283456348
0.16315500826761575
0.19215651354189817
0.20793855921791196
0.25619393879205393
0.22099788544493493
0.28131038570801903
0.2065923087581878
0.3137293702362471
0.21296797795247688
0.28424462458197214
0.21068920273571393
0.1350633921384804
0.18941589517817448
0.1946302049819118
0.14206748667955238
0.24155404705653385
0.24405930444721022
0.23099522763213803
0.23975870057525855
0.1637141349573305
0.14111049757869842
0.2417399441391784
0.23616573080210493
0.18729787667497833
0.18111413376949131
0.18698158146447902
0.2040185905065594
0.21481831097643603
0.17392373424283097
0.193321856828975
0.22955672836652039
0.20754479694306438
0.15439627006227202
0.1681911631787361
0.18496195000830556
0.1517061180751462
0.2852343336739339
0.10548406976584107
0.21280314588170765
0.16975966059635259
0.19741237669607636
0.20736709564092698
0.2996488927037875
0.15515633257517272
0.19785366865881468
0.17213452629670395
0.14675552715050666
0.19711638829635145
0.16551435286898114
0.22592978943231953
0.15088768538838335
0.17978804834634154
0.1503712106468268
0.28800727027429224
0.21967831631470075
0.18402885999251847
0.2015890844460954
0.26737039830473586
0.2427064097203693
0.18268370398977435
0.19093109740681818
0.20084829778002755
0.17082863015681224
0.17445617859265006
0.2096023433653477
0.2179033287076668
0.20218972573946473
0.26093775284323556
0.15538908487122646
0.15273113886130407
0.23504859312121523
0.1526353965116264
0.17901049756020396
0.2854077551817301
0.18130808677673507
0.26457974830046593
0.16229103169395875
0.2864977010892198
0.19560391891684212
0.2214299548242271
0.15321891209667488
0.22654646463337424
0.2170435190594128
0.19153087800121574
0.20862399357887065
0.21036787463189283
0.25591931612983293
0.16719915299750224
0.2855703024202674
0.2263464493066008
0.2330610419428935
0.2633293972760861
0.2496281654057186
0.18485610518845375
0.18758750819827064
0.2573917314750668
0.18316429370273457
0.17274193273941443
0.20329455424853807
0.22158928437299452
0.20999505462465046
0.19767389641099298
0.23855830456504934
0.24227994290820312
0.15953354074754442
0.16459316442396327
0.11922244459686103
0.14384798383895667
0.2709715721056114
0.23767603890594824
0.12128537807387714
0.20082080002083363
0.23250402288602506
0.07532142027614352
0.15363585276843017
0.14613964954514888
0.20339328615582652
0.1088763381461858
0.27196675945057547
0.21171218454620247
0.13483465868217331
0.16534167254087523
0.2662569423657589
0.22537319511849438
0.21145410853732413
0.13490651626042172
0.20715891894643426
0.16660668143320928
0.10682539522735646
0.27926674411361535
0.15575032227428648
0.13325666210086393
0.19283924165206326
0.2652161955743707
0.15269280878470753
0.1606430051209386
0.26759685628613084
0.206717709773117
0.0888840990466814
0.09846049359436747
0.2235571158844173
0.17853231828613078
0.1701549727918243
0.15748926514137673
0.19421591003894315
0.11742559814668141
0.18197077573399822
0.24626109577780336
0.2609990150468495
0.17897679539169314
0.14396491179760298
0.1291347390069935
0.2038211343400133
0.22922920115885623
0.26885441518718006
0.2504745196524032
0.30538685792557874
0.23728806346163445
0.1817117155975988
0.18698999504475952
0.10346161033530889
0.2624466140049566
0.23646079762797467
0.21104379896487727
0.18947381221471427
0.18734540825717455
0.1255110580644555
0.18540561931863284
0.18588309432883882
0.20188244257913787
0.1837167998372799
0.18960337815801803
0.2195807064188154
0.21930323199469573
0.17652716764615914
0.27304340554077444
0.138533959080557
0.21829188260834317
0.1731321952247522
0.2546358004354774
0.1767600766286926
0.2237549928192762
0.27250074940860325
0.14604337854670776
0.21839475182704793
0.3001370891026605
0.18520256141782052
0.23037781155433434
0.17905354776785426
0.09334045917415734
0.13522492248892337
0.1971590427105305
0.26132593290346806
0.2837692569227157
0.18723353722527877
0.17474519990042764
0.23005044307872696
0.20276295579526593
0.14051818129227933
0.18165383521524592
0.17440477553146885
0.20838608281671409
0.19362259459227454
0.22065918480898894
0.13825549514395064
0.14366423961551844
0.1988507690942269
0.18868357768084035
0.22479872763770756
0.21744633306465325
0.16338742648263752
0.243385754502812
0.17118196965532545
0.25484427146292365
0.13893993079180839
0.23425733656780046
0.09535970241326219
0.21319085095630835
0.1908892116503675
0.19876518421052244
0.29504331531156824
0.1980394536787514
0.18761093470144083
0.21328507832254875
0.15674411628340743
0.2246480118548747
0.2866921570789056
0.1832168788969138
0.18731309612950248
0.20659977849918315
0.18649323629439107
0.18550663197116246
0.2602382704514809
0.16937228820037076
0.12370339061278468
0.20771172406521882
0.1285258303697509
0.24216782324685998
0.14095623521510142
0.13762300193103358
0.1740475394210626
0.1721483520447806
0.18897285327797858
0.17072685440814328
0.2371662564851749
0.23984181942725158
0.17978206747387115
0.1837789726327675
0.21094196693889264
0.14993791350756816
0.24381109862737654
0.24996105089518791
0.169245569143038
0.26363636570702004
0.258868677769952
0.18312413989209178
0.1564141787184805
0.16160814112965421
0.2299325635716049
0.12953845271237088
0.18769433941448194
0.1832166550156108
0.26645590399777774
0.236558887528005
0.26833670656853914
0.17683085686083355
0.2556637994888139
0.27114202510256097
0.24268195524932573
0.24373206714549805
0.20024878761130957
0.2543738907054261
0.12413854253371354
0.1923557778260178
0.18657026208443425
0.20877594889770995
0.20527390908890453
0.2042044483382827
0.248599194476801
0.22617721567494126
0.18765304531864868
0.32388864603779133
0.22466255111714653
0.19923013676895274
0.14156742815124784
0.23221359315450715
0.15679043990022257
0.11253637908333286
0.16346226012509446
0.2459381055475906
0.26265440153348335
0.14914641695996195
0.1395907138616146
0.17492598653277025
0.17095859864615232
0.17402446941110628
0.12017206601357
0.13968641869716075
0.22760858439810305
0.22180069829941412
0.2151707120237431
0.21998099413570266
0.1539129440200718
0.1661774981788949
0.19217063083289235
0.1816860219751531
0.1841704677684236
0.19660529609761976
0.202929621182429
0.18165833041454543
0.17938075523818045
0.24799461359438082
0.22099441816399587
0.2630601670063172
0.13571637140333503
0.22798890062517846
0.14715262553514807
0.2215710029022681
0.2755022630203884
0.186922356393233
0.24235955071840742
0.20108464748842225
0.234973560280042
0.21354456108463316
0.26684441470480497
0.27309975679965137
0.21424516682988168
0.17727276905741024
0.20781071081932853
0.16973724929078307
0.19818985631926103
0.18007027478379192
0.23710573686575234
0.19940677739579787
0.24673709849418468
0.196608278541585
0.2477450504660422
0.19762749551761977
0.2207582190579826
0.24827162936833594
0.3040969857021712
0.13830767556792356
0.17085317268309969
0.25844810687738157
0.1523051384201281
0.21041472401888103
0.13243853819706447
0.2318291084302429
0.24582700263311047
0.2469134751244222
0.21463914108361754
0.2534058334420615
0.20045522174617675
0.1305794054797822
0.16640912014703899
0.19435343538302005
0.23237974009602336
0.17327890874735474
0.25513493684283756
0.2675606326348966
0.11891093220943355
0.17192105427427204
0.21401038052016652
0.16949457934607598
0.2161278269197015
0.23329175701656
0.16611752326828966
0.28061474067956094
0.1815291439850142
0.1418647257638141
0.205493447951705
0.1691988633697559
0.1568276040476527
0.23921858232249488
0.21215376521566676
0.2968572535565995
0.17005139873529104
0.14301485291903077
0.2488911236328357
0.12418541355142088
0.16375935546896653
0.2614369949357269
0.20128761285455188
0.21465961376209816
0.24782284351624723
0.22655536967246387
0.19027726548365437
0.19833096182162951
0.15029449902781028
0.11675198032891546
0.20341160538309364
0.29489621511318986
0.23230282632260216
0.1591705445607876
0.2404411823436606
0.1909478650076979
0.22617579723169365
0.18669880976835593
0.1735986999565407
0.126256652803111
0.17191939355316874
0.12324980442242069
0.1334397886494364
0.15651127714985003
0.26275060285504254
0.1582934963402471
0.16927560731590202
0.2990267113802263
0.23428179175466177
0.2308477756024891
0.22410845195892654
0.2819965582506256
0.2544050523958521
0.203667665814914
0.22365832561375248
0.18981381916668932
0.18182613605765915
0.21840768243229802
0.2649919827256261
0.1673871750584877
0.2637832455688806
0.18268440428900343
0.16455255001201308
0.16951376973880275
0.18395731736042834
0.16522996540501259
0.006124901967342999
0.15439753610332826
0.16062043452407135
0.16857591070801856
0.1623187525890705
0.2650838838126418
0.21376175649073234
0.12353364371926168
0.16245326798615425
0.22116196078028902
0.24987765670627998
0.21751687102179845
0.15874821215325874
0.1626963609020858
0.19589530727282523
0.19813722660532215
0.1849107941442912
0.16452831246521038
0.1721475778095633
0.26717933255161314
0.18681442893427674
0.2019582331829084
0.290970914771413
0.15778281380533607
0.1633519795356805
0.1301226363318957
0.1574054117608362
0.23791018035007475
0.22201187394450078
0.12990041984381498
0.21788227039466015
0.14271933305787554
0.17190262781345364
0.20540293490793674
0.2023919085459372
0.19738487895775814
0.21254456194861573
0.22685918010533998
0.24803443571695277
0.3196194971078814
0.13551916391901653
0.20357132288533156
0.15103771215702602
0.23092892004592386
0.1674662655985612
0.19280718451636888
0.2553381120481832
0.18549648027951837
0.16034845434085124
0.20318267455491176
0.18258235032767717
0.16480190114728502
0.15930591349045617
0.18173169949479112
0.18164261064225468
0.19235715598341083
0.08844795120779253
0.10471851474564924
0.11297124559961763
0.1804698544080222
0.2139607114225289
0.24239841398603643
0.10174414781689595
0.23140997324021878
0.24447899156406505
0.3118663072435012
0.25592466705208666
0.18189948133094652
0.20997262078448775
0.1775940122872439
0.2298906320437711
0.18303496318660004
0.239162330791493
0.1877785255370197
0.20791872116876742
0.10489954198907472
0.17106290939316804
0.19194701020319413
0.26884204403174367
0.16064828220965094
0.2686231273803497
0.28775689385098163
0.18534680346065452
0.24893713504048445
0.23194861706343917
0.25325010245252416
0.24833907586978587
0.2311481628001465
0.17605486632646716
0.12650859751127103
0.08291371764961514
0.10372179637003767
0.21701033331672048
0.21228214590705996
0.22794718984359183
0.15534657177512728
0.24667222228258626
0.27949016247735187
0.08781406229905267
0.2018144310285685
0.3225348540320875
0.12674858066150518
0.18304873629616067
0.16222463009196453
0.2567531712986996
0.21117325897618613
0.11734042526285926
0.0923108255308141
0.1974413133577878
0.18006917939852143
0.28401346116831433
0.25731726434363145
0.23413428992518748
0.22486867643209116
0.15160187723212173
0.1753924531155483
0.20621069832068076
0.2274423379160545
0.275564608820134
0.14317997492698328
0.3047940842219117
0.2323273278639028
0.257843177683386
0.22373005286129896
0.16507923975470826
0.283413374424246
0.26259801212098677
0.214844628367419
0.191101898366106
0.21426493185476103
0.13681130033586433
0.23572755657303102
0.15912521692752643
0.24419938259731966
0.2067941121905613
0.16927211533258463
0.17989892912378871
0.20591387707853245
0.21526602520154728
0.24291742701214175
0.27606237252302857
0.19291109234088386
0.306120901434467
0.29906617282975534
0.33093992067312855
0.19684784966420332
0.16342427557813022
0.07345553747160424
0.20521475075544823
0.27885236140604364
0.21342312490292187
0.2688400296217211
0.18158888528070985
0.08649738616803063
0.15909075945802156
0.24595484264758097
0.1983167348180152
0.21032462660666104
0.18612711805051738
0.13604104004997422
0.2605574281079186
0.2168889203496451
0.14071412937233174
0.16999495186221764
0.2307616243850996
0.2697105269082835
0.19500253312143737
0.19667486669042955
0.17903838759925966
0.2050856155998438
0.2905277228423079
0.23615973171821236
0.20696834965885189
0.24273769426299494
0.1937931224658717
0.14091921411307318
0.2607385493888304
0.21958480073388478
0.29774523852614343
0.2953697958611339
0.234803625274082
0.11285065946801802
0.17092350424477668
0.25178425487095357
0.11821488939294449
0.19850791002173837
0.19438248386297244
0.15908653340110604
0.20267039839344447
0.24728134752192116
0.24508122426434706
0.27022679663233895
0.20174341195700107
0.1966369203571535
0.14396398966285498
0.15403242091288735
0.16421189552844856
0.19533456715841313
0.25547263111530094
0.16655989985144976
0.2915614344616126
0.1858551419451253
0.23942993113187505
0.28057166388270627
0.1309855513267137
0.2201812065727766
0.26304604362830347
0.2096979335015867
0.17122435990291732
0.12235488937724567
0.21794075735117693
0.23093859295489277
0.21238806863596663
0.18001428098541644
0.2059067297540014
0.206296014820192
0.174493133231238
0.21783028811842745
0.18092430329176404
0.1808804094963877
0.26491956403672945
0.12160921502919769
0.2039679449325243
0.16406532509022406
0.2976722908025144
0.25574354122569254
0.19980404104994817
0.1999006615501495
0.16248504329230212
0.23336569628959594
0.23915624399057303
0.31640872604197057
0.13476673497060782
0.1510208885763921
0.21921189441059388
0.15024801507228064
0.2051504357476635
0.2198220569053155
0.2041893410536904
0.22969697952515006
0.16424127613617504
0.11919391508557363
0.286682544904703
0.20237237870996416
0.20223564577296474
0.2180286717518942
0.14988285961743741
0.1723309927014116
0.17477555171969278
0.19130756954226788
0.2248904153255129
0.1940128982028113
0.2556633638607688
0.2675103196627001
0.30407803577745796
0.11460346705332325
0.24584890667807557
0.17961718987919317
0.2182094098911259
0.2244733509462124
0.11587315744742475
0.12051705916662371
0.17125820176861412
0.23600615353086343
0.15310917477811378
0.1569758692776722
0.2776060727481793
0.20928357103024933
0.29326347849103396
0.18135530724590176
0.1915860713317726
0.016573763872956365
0.18305806819332213
0.14962301830557068
0.21560418386697533
0.1252817062166524
0.17650033972035395
0.23931197471045856
0.2294693823209611
0.19132263377268333
0.1833061879405078
0.13069937670945453
0.22988553600176395
0.1633972944420336
0.1458867600658463
0.2748484022850919
0.16182633297848592
0.1531473334768961
0.201855345074192
0.15303510120830552
0.2189035374351486
0.20701281001590638
0.19730304172283614
0.15045321935147501
0.16554750037537913
0.21751420455741288
0.21826194023754836
0.24630261171653714
0.17391362698826887
0.2338166131625469
0.11900146556955211
0.20684959810220185
0.20356806803523256
0.22262240795143617
0.15085332938567397
0.24217335793708947
0.2344519882824433
0.18997654830030702
0.26624137789590174
0.16972188431663257
0.1648568850329625
0.2271926207038658
0.1367309127775433
0.1582550183737038
0.1584248211202362
0.24537527355071734
0.1558936504906907
0.15697952567058143
0.17032120083566538
0.16969684832168008
0.18601599991215015
0.21161137398092802
0.2394645145098402
0.1960416789670653
0.24819915656246141
0.24714860460772992
0.17971943859113798
0.22075194434616935
0.22434118212606788
0.278351110593611
0.12292673517945997
0.1274374356696286
0.11728658625967521
0.2346030216293032
0.20920427874429146
0.24451055257166834
0.25034652276505176
0.16234446662807603
0.2327277869711962
0.14196278432663564
0.29871154657840665
0.18574899274526138
0.22320282929025287
0.22752621417607424
0.1270030843901082
0.2405651636289109
0.19487981024129294
0.21611529436044022
0.25536994498221655
0.10409200126139169
0.19229553796783433
0.21457211316299912
0.24112155757052084
0.1870757912005405
0.19266575122002005
0.14279438904138927
0.13111695173003682
0.19149570190530163
0.19112845843338946
0.1903492716136224
0.21254503440864855
0.18616634040100297
0.24299795881720676
0.23059975935215643
0.1880119177611817
0.16049588727425687
0.22725747502480856
0.21085050073022485
0.281101911524817
0.22298935985825924
0.1997613756201307
0.15983053292692176
0.1905610188191356
0.23179068752268384
0.19918243141481834
0.23504091905512609
0.28257026920441497
0.14491642296544033
0.14068757643614938
0.17420957685106347
0.1830749417020445
0.2504861513653204
0.17786168699950744
0.22663343681547074
0.19411754497831502
0.18089947499490466
0.19788795601994758
0.28120728270026357
0.22141051985132373
0.1817257119147713
0.2668807620184759
0.16513729566069324
0.2070454387265947
0.08758089520199618
0.2477925772839306
0.18575460612597056
0.16786957087392196
0.1950509524391156
0.19297946617781425
0.21757191645527776
0.13925379926630846
0.15126864125257738
0.19905718278523868
0.25567099464815757
0.23155299687415723
0.07958926346835477
0.16789131935192622
0.23164302585594818
0.18881507258117283
0.2727828843622905
0.23415939953590872
0.13172548599387518
0.19530923382561594
0.11694358646504732
0.13500979315588746
0.24711703176573538
0.14039278722940607
0.1146352361325565
0.15772060756998096
0.11656643490508564
0.2257503443879939
0.17696153075391405
0.16213024383357383
0.1236425445768371
0.13380152290877623
0.25868899516807176
0.18147645320862293
0.21647554368966876
0.18014242675006423
0.15324259483344585
0.22115909079399135
0.13308375473392303
0.1722755989474414
0.20258462717880762
0.15119380613051958
0.1509925427639327
0.2412336095702985
0.1880853754934708
0.1649038409773273
0.287445350832757
0.28416050656288405
0.22854873681233168
0.22726061704297937
0.19000499744835758
0.21496536474094055
0.3065398366769215
0.1739749669652299
0.13245103941266928
0.2924338063760985
0.11800022436471629
0.1737547404825621
0.19959366562889524
0.1633432252929311
0.21672134052596057
0.27377457819378864
0.22003418845141715
0.16186022778532694
0.19359507984040597
0.26212551462979616
0.2557799869906613
0.22333187837689272
0.20553888961932568
0.25197106965990823
0.18467456864986345
0.1676711346007273
0.22990509605583087
0.17718870059438885
0.15816164121643275
0.10613292347260131
0.15483264505727784
0.25182381709939433
0.1937986582538641
0.12103883630608803
0.19362745259228045
0.2538095326095795
0.1899296114666246
0.1247729240208133
0.17068927167939518
0.15580310053641144
0.12387672483557163
0.22281665197131706
0.11802774753513146
0.1522972742999401
0.24135767480546283
0.24865352930151652
0.19424802032906197
0.11881709334435515
0.3599280930349762
0.17493453627765707
0.159902155106976
0.21763469984147876
0.27365776742015213
0.18081483694602576
0.22421239998404355
0.2028657357006846
0.19455831107984825
0.22813202906464097
0.2779138204774643
0.2796833724380236
0.2785808575232642
0.181373312439298
0.17430302250371166
0.2579918865146095
0.23485886842088996
0.2569705339837723
0.1531741592388831
0.175389958841546
0.11241662871690196
0.13497699178779743
0.2923104595060494
0.24132121059876033
0.10294350606199497
0.16142315252566852
0.17416789146759745
0.18473939049524554
0.23797600853725698
0.15733639496596502
0.15809377115341133
0.15467778399422505
0.27155098906043623
0.09967716435409849
0.22085357291859353
0.15601836106403605
0.12019856944066062
0.2070959488582602
0.2773507134379768
0.25888868845808727
0.26115613944766436
0.14989246432536427
0.3173435690013836
0.17111464258731648
0.19513011069036157
0.22325418395614724
0.22432791857669343
0.33133806453463305
0.2591631377000671
0.18242177220742492
0.2287722067781714
0.22253141059197365
0.15884455959199711
0.1531355519350922
0.1803177577138247
0.1810637171667203
0.182854239317612
0.07108199181504857
0.1489426257704718
0.1793283793369989
0.20612828731919125
0.20822777563445571
0.039587098543949734
0.22638660018717366
0.1876113555030195
0.23773658547080834
0.13995417638908828
0.1741906916288661
0.21526169207973003
0.1747320380359999
0.1867155295187959
0.1546594197104823
0.18488375057125797
0.20708879700132674
0.16229857240734197
0.16834611699387006
0.2761019913118454
0.10988158889109637
0.3076548314649785
0.15821823556233622
0.2390972129587956
0.17137398121841935
0.22948061541496306
0.2757976255475884
0.16470692648434887
0.1947507146296673
0.16622574701097054
0.1651113624908045
0.15508810055924976
0.1935300801716389
0.17606440275431312
0.18921072876002942
0.18671967020053115
0.205886547151124
0.24791588632820732
0.27322218967237466
0.2500827438435089
0.24441686164180276
0.252411633456475
0.23674913869219252
0.209956639330682
0.19475370957705554
0.1898322502032729
0.2312409824717376
0.07088843408067011
0.18824084799081472
0.29074466698643914
0.1853099693863166
0.1498807319449207
0.27991932418511
0.2931759238370185
0.16991667457712584
0.16592550321907565
0.15819324159990047
0.09939935946640505
0.30217476218226696
0.17831611496554378
0.19230362406457976
0.17340750691761428
0.11541895817790826
0.270637777878881
0.16799547734989276
0.20245419555832056
0.23049890684347926
0.16887089429905924
0.18432473694543558
0.2030283664654975
0.15562467021430518
0.16662613846268365
0.29881518727040457
0.07985641270916227
0.21708248487034223
0.262703590046479
0.08446656645995983
0.16183809496501242
0.2620453339554292
0.14161026892707754
0.23009128319258937
0.1355742534829602
0.1729553167213265
0.20755903319352054
0.297541081763507
0.1824118026232655
0.25072599551027586
0.06531833420765706
0.14956923546756817
0.19860487827198992
0.17447139682384627
0.12189174178588742
0.14151919249399325
0.18579440966805008
0.1557217981372865
0.2868147517193446
0.10775294990869207
0.15817943138031046
0.2542461119564276
0.19303746694727403
0.056190012103326165
0.23871390186393696
0.21018367816673952
0.263247572952315
0.2523886902355923
0.10480419313031315
0.18430882547214972
0.18065384585391517
0.22935702002304853
0.24801677489102342
0.20369028383609278
0.2181491399839008
0.2601737139874323
0.1444019664514758
0.19355424673512786
0.2385760943522508
0.22088165978474048
0.18269791453878034
0.1676177698008378
0.24228133361514198
0.1614522226623965
0.1652616255132962
0.1707331412321928
0.283267510505988
0.19415065656775637
0.22825884523683482
0.2270799827036275
0.1272251274143264
0.24399536502613417
0.12388567472037956
0.22136730691451603
0.2025095932291915
0.23362004479739018
0.30234312252280193
0.23227402883053605
0.24152338998539932
0.206492808816783
0.19713183826306807
0.2110206214604085
0.11732054053838334
0.18655298014408855
0.24882587388897684
0.2552074225686029
0.2715772570340198
0.24929359394226114
0.2561338123773831
0.1919594941933191
0.13150990565455506
0.18210951288802268
0.24368440733254795
0.17337565575016958
0.20880890736793503
0.22804547302111108
0.2067509783899987
0.19995022021375664
0.26473989078197435
0.21687688216909434
0.24664814991658882
0.1946998616815815
0.18627055517342303
0.23708862862682292
0.20963603438487588
0.149847105686259
0.13268365934460785
0.20710665692260746
0.16786869522581757
0.10657364625831794
0.18702826949823664
0.12172499948114089
0.1987528893247799
0.24214616614087878
0.0983631809293552
0.2504018706920966
0.2017640124679945
0.24964093579044985
0.1824056361523368
0.26785254543681664
0.17623309623199146
0.23853458026572155
0.2814012843027702
0.21149018023329216
0.15342183149013583
0.24514647239591186
0.11966958462245024
0.23098196689507386
0.13496429000653842
0.15276163665700843
0.14122458391621667
0.2624012475273252
0.20207567704006285
0.236140862559459
0.16590222754607903
0.22985813490030102
0.249081783332118
0.17067896552567474
0.13933054108783424
0.24008828147786146
0.20699946914382994
0.20618680732578595
0.14279528226116425
0.1900147766458909
0.2574911925253256
0.05975967744499702
0.16293577261048425
0.2064520674673982
0.14359148490350607
0.19783519704784353
0.2717970588868038
0.17393488698211312
0.1487297829495737
0.28081139018355156
0.09792497510029018
0.23518454323305776
0.15957869477867725
0.20555063793920117
0.2795098667691048
0.10367007978239308
0.19514382626738985
0.24959559927563343
0.2703109525687773
0.34089867609561175
0.1542392899746548
0.25864533674299506
0.1737238540391447
0.24795297271044234
0.19265484947760203
0.30080142642737867
0.13243612409816252
0.2586525746219105
0.19150681165444539
0.12700582315757888
0.19084646080263007
0.14471905144471806
0.20698106374908748
0.26803893127224004
0.15533687598798246
0.1465981558071509
0.17602336139616134
0.13359032109811267
0.1839960948432294
0.16881166489539723
0.25908943583717614
0.15137348226869382
0.20638335737595356
0.22657775998378052
0.22942319795198263
0.13798095989583414
0.24644403448709606
0.22383550515087283
0.2038422020844383
0.19095549609253118
0.17386204201026015
0.26233034087874146
0.21904038841205853
0.2734918580465118
0.23965563861115233
0.22854401518119577
0.19179393529431052
0.2399093010402264
0.15747086769720933
0.14060127823880686
0.16448319883199175
0.2016938585292798
0.17618344082355092
0.2069902501408407
0.24906363971835882
0.11816825522528741
0.18498412237686002
0.16944935452565452
0.2504799805469081
0.1311618213914904
0.24631139897803964
0.15374283499428343
0.2506446976364348
0.25243646364665073
0.2211728378022471
0.19069089640775838
0.17454726548315827
0.14397856060786632
0.20639231837613742
0.1361759468967701
0.19804804786591024
0.19689049773099487
0.22369724845573832
0.11984512003203757
0.23393593146050828
0.22693537459116664
0.2949143447029158
0.1459897800110362
0.17675886975238683
0.21850046467906137
0.1724534170432648
0.15392437995589645
0.19665344371462795
0.13221519953838978
0.1515407071164188
0.1953588138919608
0.14408874239080205
0.18657392543734783
0.12975981640084283
0.2013221566421286
0.17587810263586026
0.15591642024228192
0.20181893185075941
0.24852927735302194
0.17416809732091676
0.18492136540282342
0.15342548636223627
0.19970255177580787
0.20358430323799254
0.356498559178789
0.1932600303793585
0.2808635468010598
0.29285220095119474
0.18862425520791215
0.3156198376744095
0.23485147462546768
0.16108260540935307
0.2936738617050173
0.19820634221476705
0.21400950022194573
0.26971343651878743
0.2828036775533283
0.19308427758597876
0.2576547860960956
0.2416763311491833
0.20863380909227405
0.1753234421818618
0.24764039372060387
0.13497821206148808
0.19775076344689682
0.1871101847424218
0.22541716846344625
0.22226725562841432
0.18242437256668628
0.17007686741057562
0.2784986824136396
0.1094634699599675
0.265701329249444
0.13777673604215887
0.1917008335206656
0.20744913208030474
0.24346471925937377
0.18534308684557665
0.15516054917841554
0.2655670672159861
0.24963837500615582
0.20445729521523148
0.24058829240639096
0.25932120218155563
0.19448115636396845
0.2277818993676708
0.1516113223423653
0.17268034923518277
0.17708762121461263
0.22926651574255924
0.21913517099040936
0.3069657605819162
0.158981425275442
0.15621628908298119
0.30948457035519245
0.24278083735635056
0.293255374355767
0.20514492848283283
0.20808193078753415
0.18577990248397022
0.17248427391349275
0.15662812534416418
0.18428656163025683
0.24367483289199107
0.2131328483829716
0.29451681600238655
0.24131760744199912
0.21971359789102451
0.21565557679636718
0.1393235111085463
0.13527242602197484
0.1287578775169662
0.21534801403388565
0.18525793047804104
0.18763927096636468
0.24446706653350683
0.20272491413214416
0.21798247966149029
0.27316722564014173
0.14164164822446731
0.22751471962341344
0.23462077473264334
0.20595476613118469
0.18798668284856737
0.21252894600995953
0.2021126994176901
0.24717279318213708
0.16056521395604745
0.22299717817288592
0.1866529165934424
0.2448910399775795
0.19766482484358083
0.18602849633541868
0.26922819559736744
0.2518140483705412
0.1938490531568018
0.281853116949568
0.14450696860929613
0.20272825955648247
0.18256250567166502
0.14573670849952108
0.22278088413081953
0.24737334706424793
0.20062575950624292
0.18729742837801727
0.27584986741583084
0.17676556337449004
0.30732405500023036
0.21273326294444386
0.21087132391889213
0.14008653662544068
0.1490126390361156
0.19108650457255727
0.2035612002362898
0.12354199826892553
0.10711713060285148
0.2328005354656069
0.19970713099842716
0.20897031400707927
0.2840767519776713
0.20951169055703048
0.25314622625492017
0.23753606452297737
0.1594618821761975
0.23186787714950477
0.17134702091331153
0.19702449023627627
0.2375419984093288
0.1915809783485596
0.17778674272156927
0.2011894081967829
0.1917872112360533
0.055920121934828676
0.15411259583149353
0.15449773229045552
0.13047375119203736
0.1305079968237693
0.16424399937472015
0.23644656162133976
0.1137511186103784
0.2753573036035418
0.24277807922103029
0.18222586065569504
0.1716066285805522
0.15672898408324173
0.16043947713688708
0.23467404326701835
0.21142354013129597
0.27904668378122255
0.15963262132045858
0.13817454281985778
0.15037828497432434
0.12292036032967844
0.17747382797554606
0.20338008681578712
0.27710611915939026
0.15634809742003436
0.21949015430581606
0.23165230631904554
0.21606345950244885
0.18668035550548145
0.1823032506464669
0.16271473115451754
0.19112082868617888
0.2674884387765717
0.12895979627640197
0.1782720855843928
0.21068605208821034
0.16892723591560566
0.15695928912019058
0.23553486492592274
0.14030996319646502
0.18768319788201188
0.28411831846314456
0.206113666502241
0.25101352243860864
0.18175546242271384
0.2790913792978998
0.1968817398650492
0.26723464028246646
0.18589411914337287
0.24754061275278388
0.22782015367467978
0.2004065801724439
0.30834710294145234
0.17696092543579092
0.19858267806412427
0.1778644128661343
0.12306818870472605
0.23725019273879352
0.23253568937815225
0.15959145579468573
0.20733044285666025
0.20433432931989082
0.19559973599691155
0.18198035886445185
0.19756742209740116
0.17951045479255273
0.12277393508076367
0.12619448288339075
0.2717332145619617
0.151570814372699
0.2674839349734616
0.14016599594795814
0.25917621508573996
0.15525912984738316
0.27306110171410075
0.29237954576349934
0.12757448006163813
0.13567851157802868
0.20217124771895717
0.28336958381700594
0.2848192484587357
0.18868694946991285
0.20262469854993487
0.2203795931391544
0.2507000830711332
0.1436391932463476
0.21445116508816411
0.24493803745818507
0.22847290729134873
0.23212238226979745
0.17927300712834315
0.17444713834394665
0.1488502999573635
0.13880600920620112
0.2302325447039268
0.15424476475806617
0.17405967622560592
0.07363912404415907
0.1779806795273474
0.2121759397393443
0.16816361788222006
0.27394222300373994
0.24218186218799892
0.2840945426308936
0.1508279489799992
0.20479811350003868
0.1607181991470149
0.34827989686748695
0.19014919408662034
0.116083386463628
0.2106296472341123
0.13809916035648284
0.20289203360021113
0.30581924060094773
0.19033981756861176
0.2668846490566473
0.2821766230035537
0.23037275512927202
0.19394245977901678
0.13564937445145586
0.09812747922471021
0.2096331053659371
0.19335292113623007
0.14806288258959416
0.20415892352118348
0.10094354155348861
0.21423321681281238
0.13011098935448298
0.2094643664451656
0.25333475219331947
0.1830567664565855
0.32301539617809005
0.23693946029424223
0.2809339086130153
0.23060808997421361
0.17296087568955448
0.1308290566024745
0.21067469501474434
0.19968847851720106
0.2380629465831853
0.2950632203399154
0.18871991749709932
0.22869851903626473
0.13499967518430572
0.15704332839827667
0.15874571704977763
0.15241638781548011
0.2496890282293975
0.29424820317667677
0.18283387578092986
0.15706340429550275
0.35438701271010964
0.2221945782556881
0.11279384139100317
0.20640383138155777
0.22104661067654074
0.19331922511424812
0.32327935200857355
0.2485861233818087
0.26327790018464076
0.12038074549374567
0.14631390961720472
0.20970296220425927
0.1687028291206499
0.19190359159453949
0.17839067884381538
0.2033612022284651
0.23641489827874745
0.1891015668892655
0.17054248648962883
0.26444416877788174
0.26813806569700915
0.13307489354339805
0.20105197451730455
0.29772508827491
0.26347215400046503
0.2372440794255692
0.25252065254234424
0.14857133792729932
0.24653459473411277
0.23764153920627218
0.2305445259707973
0.19329759373768987
0.23486832699739496
0.16686474500124082
0.17769889305870912
0.1991384450879842
0.2206221782467783
0.19517584228702126
0.22243690371312164
0.26337171596321624
0.22436690588935235
0.2900580538356249
0.12490524344910178
0.1435542716631484
0.20620036292629199
0.18351090722772093
0.18666912544554384
0.14573758605197074
0.17620477172092588
0.22389749502541884
0.19027852890078722
0.1673275704443184
0.24295478471876245
0.18709734965524472
0.3092555323765869
0.26617212973754106
0.2825012340132742
0.18084728707371686
0.20850359331341342
0.2907856253620146
0.11907431038705894
0.1274873939635715
0.19309178778968603
0.2050189222251533
0.22512282141595488
0.277116052310877
0.2670636297076203
0.22891953061504752
0.1983090168437144
0.15168231044823513
0.1130043951651033
0.23295584680893144
0.24032972269030362
0.18029245932675403
0.17991186364453496
0.21146049931839178
0.20237683729502545
0.10575767817001462
0.27095591042758976
0.22899741895302583
0.14009233250610575
0.2056690722565999
0.15655658255641444
0.2066961326178419
0.193678099666088
0.3035735077795645
0.19649035543399768
0.18668650127486286
0.2193904518525928
0.19230166672796492
0.1837574557954797
0.16169441172849608
0.14179639655454165
0.30163660334420744
0.29321759288419225
0.26764639332075146
0.2938588046558801
0.20759331093144978
0.22848993493628458
0.22379201270617416
0.18827845249327546
0.15790990757887163
0.2833947597191218
0.173572626206625
0.27416611498008236
0.12896878752543495
0.24503879587782748
0.1592575972176602
0.10585681715905813
0.21518464988194427
0.1582430603035018
0.22560483014468213
0.1080713816412554
0.22879277052588773
0.25780004616500984
0.27373800520310193
0.22749224334024365
0.2686552982648751
0.13226803063244524
0.23167641224559254
0.26243168555196555
0.25866072940851714
0.11040579598198239
0.11278552628472376
0.2367351737150329
0.2234215922872965
0.1454125789298083
0.21231589210408455
0.20875598950427612
0.2385050029284468
0.18644295977294706
0.2240086718485537
0.25029055833153946
0.2626079284827792
0.1691455250547429
0.2388872753530378
0.18575554794194954
0.1760827225894641
0.2330748143556921
0.15507075932737002
0.1686911704653755
0.16428040913638675
0.22159430428347224
0.1961916834279808
0.21957488255101273
0.11666342690825178
0.20814587608347168
0.18219754923481463
0.26654304874181006
0.26748817335521247
0.20904565931138533
0.2354120603023427
0.2783884411032766
0.19776231202372974
0.2511953990958139
0.1527560991406823
0.22605914737390848
0.22833165345443535
0.24358948995964
0.3014977146451085
0.2056727635005149
0.21908763637308842
0.17469613993372668
0.23120764199252972
0.18905989401045686
0.12947073902334444
0.20070920052320881
0.17678577957004032
0.14280160781238108
0.17860031547698965
0.2593683809445754
0.17909951408655822
0.32232578943836343
0.15963251861432912
0.16370746142844775
0.10946092992562001
0.2755468314090601
0.15967279593456898
0.17264920731347128
0.31486232959630345
0.17354894533641294
0.19006359741892304
0.23678034440243773
0.2049942929674267
0.18300999524701692
0.23146159038553493
0.16233371557135243
0.25048789570403734
0.22432910145173246
0.27255340738378486
0.2477584984430366
0.1683630401233613
0.23415942237087514
0.21633578930966588
0.15109537409775706
0.2112040480491482
0.2926165381588322
0.1741637456520665
0.38264572507288513
0.18686969072516185
0.2312769303132897
0.23916013359609548
0.21827932697690736
0.18232963709821604
0.11419588520257347
0.2032935616304698
0.21460313045961604
0.2092563565301807
0.1977681766727225
0.12944930470069976
0.19044556400822701
0.2828699035681599
0.1800027195014316
0.2963146736420682
0.1259386976182191
0.1538212446450387
0.15222474582712178
0.2045837666400068
0.21827619742183277
0.1475594242328092
0.09981907770444276
0.2713739644361109
0.16058993372850933
0.203711407849638
0.1696761674425387
0.21371040125192045
0.1754760218517036
0.3470247878475643
0.2581719151354274
0.17675969122521737
0.19952761402169295
0.12315396804184764
0.11271540103547596
0.23187132785447456
0.199333189580838
0.12940237879304511
0.25845183254129944
0.244200302387321
0.15261873998175526
0.11460340133312553
0.23860362397992965
0.18775216685123527
0.25516599487227276
0.16424836357473577
0.25879998359189144
0.16997584290555276
0.2470864989385219
0.15503822347238455
0.23542594944235684
0.1861736292048505
0.2456028736186413
0.23867893945798044
0.17964935010143707
0.2607076262038624
0.20482198077299238
0.12254743920212059
0.204807375994537
0.13110580059796473
0.17524097401096278
0.24846849922704917
0.2140428318351379
0.1720787262673596
0.2740952156446881
0.24933661295755039
0.23541954552163702
0.1823570644970544
0.21811726778985188
0.20771579567931572
0.3043042014046989
0.17074403255343
0.19929631665198025
0.1947152921318869
0.29843539325845964
0.15310821118697995
0.22138545407896487
0.18154937272758812
0.2104395112665907
0.15931046364390875
0.11826378878555865
0.209477159210741
0.2129433018364567
0.26629937978639956
0.16595521973284844
0.16851452979005493
0.2103650442623582
0.22277298871493473
0.2402049093538864
0.25166983250214936
0.0843975483491649
0.2854000522636489
0.3096062469026453
0.19706342355700956
0.19145780142989915
0.20643938896782826
0.25221081989744615
0.2837973550639371
0.18067203908642418
0.26140494083869076
0.2658289725683093
0.2123435741305517
0.25693947732410727
0.17979054954561116
0.20409983914732827
0.19415421801661137
0.2661775171734919
0.27899820971558026
0.2399326004377928
0.1431068267203662
0.19501086613045396
0.23811214516515491
0.2578882973498928
0.26595139139953927
0.21099087364544744
0.18809042359475267
0.23673655361183932
0.20996547716184233
0.22450183349387948
0.08108994458055226
0.2059560897058619
0.16551338504972052
0.13267867144170328
0.2167227899762572
0.2066402509379732
0.045274043220692395
0.15631637603388684
0.28513906388302884
0.2125818999290625
0.24110977772709213
0.23134358732138766
0.18287886669359293
0.25310935094225956
0.22601420308695158
0.18581934831178892
0.265912578393252
0.21102762399632344
0.1407492435341533
0.26107243169124317
0.2099753396389395
0.17708424765331493
0.15099868449558249
0.13923086501821463
0.16952779641947976
0.16916049689127113
0.27198066736898757
0.21412898657940524
0.18948399957128975
0.18971413164749726
0.11419939807708199
0.13234283733410046
0.15194868157719768
0.24596041427434231
0.12125017307505738
0.22048650672946796
0.2200548386284742
0.1780676293815601
0.26105859748476473
0.24622445608645505
0.1390087692292793
0.20508830312076706
0.21133249056336528
0.20274657755156725
0.14330189576506047
0.14525621332280841
0.1718680977572998
0.2562446052166897
0.16042525512499217
0.27650502885498673
0.21642845825216087
0.13601011192704046
0.1880645071763356
0.14833381965059098
0.24952085860584536
0.12371131969059818
0.1975203498066308
0.24885893973896314
0.18845300818243915
0.20521345773221625
0.18808387654598016
0.12134069635561452
0.2084376789655302
0.14919027631771778
0.23916112451224736
0.1599753955825367
0.28090318809195725
0.20713870999443515
0.17616921177389175
0.2708465408581667
0.13125041605781962
0.2542066726782679
0.14371960583515656
0.17332800768829149
0.17698489749278773
0.18000140951819305
0.22519758493114442
0.20143661934186577
0.19228879675672655
0.1962118287848771
0.16144718139307962
0.22367300392708986
0.17521350637591354
0.210949768014465
0.26370597788035166
0.18660781966919252
0.18882545536877976
0.1328184189518164
0.16419526647292754
0.1718342723303931
0.31922539551017426
0.15838738570667452
0.20903258152934454
0.16822281311999576
0.19634361769337066
0.2258807622116261
0.12979614467479558
0.29789797045893196
0.20755318648198087
0.14095654595423343
0.19512229080613572
0.2615909020138725
0.27763701700973914
0.22177907249160506
0.237620927720581
0.21128684702643113
0.28191428379583067
0.1965513957837621
0.12108233409113611
0.22667562615521972
0.10702441208553844
0.2926426999621731
0.14304494714691285
0.16001069566242454
0.08518747022922042
0.17251216435333644
0.19740029967738792
0.23628799828632
0.17883922074696929
0.15322230679312893
0.05351420484218977
0.10782159157547477
0.24981311311752288
0.2480087440439926
0.22030055007538418
0.21206893329643184
0.1592638538404943
0.1741735987219417
0.25513518361418486
0.32294298125188453
0.19136282315658723
0.12452419243460205
0.13574917814193416
0.16229968272613704
0.20674636500254626
0.2355071552157385
0.2476523332875963
0.25050595429992384
0.20000058464567902
0.2579466995604884
0.24301928508360868
0.19875500903764035
0.13102826450926142
0.21435612569542511
0.24866438565245252
0.33141636933534513
0.19007069274423355
0.2045607347912293
0.19479689870287464
0.21325921944180065
0.07679086039152921
0.28965726115834245
0.1951856338082037
0.28215111598934917
0.1302087686969755
0.2017105087991769
0.24663611422221335
0.269964593627118
0.19955531964683748
0.26195809463340175
0.14076013762070325
0.26875482621514835
0.18704267941260477
0.27108772833888567
0.24433925631767467
0.2531426483651495
0.1506410718472378
0.25808309981414396
0.21393232455772057
0.2577783378269212
0.2181834925108169
0.2088694099150209
0.21489147037303233
0.2549160834894592
0.14189661131652995
0.18162711947387664
0.2522278282413395
0.24335460847144688
0.12544049811994162
0.15913833169882702
0.08095650601052101
0.12928822032009646
0.18597006721001905
0.10164412624586235
0.12624895640654119
0.14731137800208705
0.20426932544975007
0.21065071751670594
0.2435952302856083
0.19192287230018729
0.115148272526331
0.17604082102954283
0.26721996730554215
0.029387951457624906
0.22676333916523406
0.08360536274032829
0.2456877940404848
0.13811267098428678
0.2921571344191306
0.1112006980630601
0.14931864905056602
0.17514378380745615
0.18174988970916553
0.21382207502079492
0.25052219978923557
0.29251797346061575
0.18887324503157055
0.1804853572115991
0.1934694296191296
0.15284506907495496
0.15286243892029666
0.0888102693127711
0.20979465100088898
0.21348168247848545
0.22724468165069103
0.19355238852048431
0.22217582524793195
0.17031720845773737
0.22877928609227083
0.17985748966516443
0.23007002658497375
0.16703995477954228
0.20862182130745102
0.16953903364017248
0.22323655219788496
0.12118063154730113
0.2966643895960343
0.15676644905262294
0.25199036339085806
0.20601563822213326
0.19246019542237144
0.24484684156733044
0.19948762741054496
0.13473067281459739
0.2238740412342553
0.24840468414495231
0.2179962600944658
0.3084078025744615
0.1811947323421472
0.283529574099087
0.07950990722859999
0.18958087365785736
0.22408938172476242
0.19166487384030176
0.19807287642155172
0.2201665243763228
0.2756687969626034
0.22389989135123245
0.24135401662743802
0.25883395601843295
0.13149878711698954
0.1702229312137256
0.273233077568851
0.18206019399560727
0.23501886502899685
0.1188764860896985
0.17453924698022047
0.19845287546138807
0.21509460307984968
0.14732737669771678
0.18324668523486057
0.18500504002838092
0.2549184843465951
0.2866998787607496
0.21835586386613684
0.228657326328441
0.20919437832278823
0.14546377375487748
0.23777477029451272
0.16800017095267347
0.1961053565859916
0.2007737900729172
0.1500096930959802
0.12244802712596264
0.18010057998355228
0.1364948957603405
0.22930457777312424
0.24551788683301712
0.12447000109550521
0.196536227145192
0.21010987800842792
0.19972930175517045
0.17957522408476465
0.21538651981142565
0.1365876399607398
0.21681551438496158
0.1810725593060813
0.16139853074547159
0.2626639497727719
0.1876617557142162
0.18419639435404161
0.18806497427896685
0.23324848815759694
0.2774762863702888
0.10051051882777186
0.14694026006655553
0.2557025440698976
0.23813084544339702
0.17109488526986816
0.12467436814012707
0.2540334812628557
0.1783535970151613
0.3050185731322516
0.18832099381739875
0.20364423148418842
0.216216694493784
0.19626709900889824
0.2083194614989792
0.24059606539341283
0.19273653302161883
0.15155893031197917
0.2621701415047819
0.24228231039387738
0.21508960723114473
0.1467065035981384
0.16901168100262565
0.21680159290786324
0.25947707569829065
0.11233515345726681
0.17593262674325372
0.19469367356121722
0.16781807744307106
0.1688473348086303
0.10782390470593455
0.19908856042283649
0.25542264655592134
0.2691887669099949
0.28492849552414234
0.1652420612867816
0.2346142632713723
0.2085230539371761
0.2873195844861628
0.19319690721054916
0.2077161066727479
0.1934233521989392
0.234672321534981
0.2143158093039136
0.18201447556185144
0.22524086498907805
0.13526318601440657
0.22608840531078536
0.2594020577508921
0.17377027281332968
0.15496441434454927
0.1650807690997188
0.17857021938914938
0.22499279597369168
0.19887457521508528
0.27659130311975155
0.22541573613925117
0.20983655155831304
0.1843213225583514
0.24023822543020673
0.2237089614064352
0.20739689025027275
0.20232786507163725
0.1788623393450221
0.20292031187037982
0.259594412253164
0.1781395073620936
0.2051127356837251
0.11312876282550666
0.18315699963594373
0.20884394159733957
0.15066893817943425
0.2000689673298966
0.25486456542403274
0.1486527521235035
0.1854128880436681
0.2591958958218377
0.2005772680347499
0.23112652860451696
0.17366718782076906
0.22433033314965461
0.15694560614371061
0.16054458566488478
0.31893903398389145
0.10037795041993519
0.1548125382230932
0.15446993107281445
0.1532319009715026
0.13981602183227426
0.1930376400027371
0.19769855918607093
0.1643256955909611
0.1485923897058647
0.17071898664019655
0.2642843610427614
0.27632208916401585
0.21319462969299946
0.2556160450739746
0.18116883420545682
0.26750139769114545
0.18796421548076625
0.15553010529912473
0.21692588280981653
0.15261499204458523
0.22390071507866352
0.2448842640330837
0.2686287356630319
0.19108526486221297
0.23060798425719875
0.15663229825258862
0.23218203387103303
0.20057030841108325
0.1584964866639633
0.27030107222762806
0.22201922576772862
0.2783294749967188
0.18315241743457003
0.19855156526690998
0.24312534055029897
0.13630099732276185
0.19566055518472802
0.21433688075785132
0.2152207750351943
0.24288213444868148
0.23406765593082202
0.1276333578121811
0.16787154047966407
0.10503616156123971
0.2597266109513087
0.17434243261984605
0.20650548751531597
0.257239086445215
0.1720658403170334
0.1289005844896815
0.11996626649655845
0.18375966730419174
0.153337533521714
0.2669871211058543
0.19712749123232395
0.1179863681046156
0.12232332295085256
0.19585058952024517
0.20085169988555285
0.16053139608196276
0.24614038335711758
0.16446964785775578
0.20244729257978647
0.2047616936850699
0.20752105678616617
0.1461716357759726
0.1617276305536277
0.15011668570095835
0.14387154478781658
0.20485205907826756
0.19387022736607476
0.19598636760967197
0.1933083945262937
0.1765877521576203
0.18767378410040952
0.21798926395953783
0.22848484082731169
0.2543580809881386
0.21079713789143456
0.2274336958937051
0.21793518676270904
0.2376991523901619
0.15301057747119995
0.22050971538646338
0.2076124259543095
0.18317736679489385
0.03804862531542905
0.22162541666875363
0.20707606468702203
0.1541390742144037
0.18862233734045947
0.23507648880877352
0.197843643475002
0.1841362007121734
0.16094651036954793
0.2008551794514175
0.21050073549200088
0.2788096264645039
0.23111341037456065
0.2217338131693118
0.21075450436781656
0.20506557194342565
0.27431252591112665
0.3034343846099278
0.2188786984197063
0.16950639269025658
0.20320894345140053
0.2565806399477535
0.2736139986602453
0.2538301263028169
0.2583437393793744
0.18212838965772704
0.12205409284260216
0.214801257724511
0.32831653586945275
0.17156688440090762
0.1617678250979813
0.252454853806644
0.12503344186398993
0.1772662510231397
0.17823890313312837
0.1761745221496705
0.1812100235516344
0.17481706432309504
0.2213400207347282
0.1954112531725022
0.22594126128804698
0.1329757266963091
0.23598116484728565
0.19072594282891048
0.12978813219395835
0.2491432281392215
0.19306610424676393
0.18496924208606294
0.24206703102437538
0.16822377938522953
0.10147408439058643
0.15233050764894585
0.18540752718932346
0.1755226203209263
0.23378820670769074
0.2433601236083049
0.17736697476491678
0.18818317014582453
0.22803391196404008
0.23410317798400243
0.1478712957319779
0.24370016731684518
0.07421219670798432
0.2592774864469217
0.2985470940054892
0.2569592392533677
0.23589317393523782
0.19850925914833964
0.206365746100101
0.260676122399792
0.23770973912499904
0.24773827552174876
0.2947262803390275
0.16470227671136775
0.22528791164775416
0.1958141153170957
0.22253281548985204
0.19761582061847657
0.20350530800201136
0.1752420159836689
0.09843953615859671
0.21232696795084577
0.2423940482750473
0.1645543965047298
0.22256737168682228
0.1814021772324845
0.17230400137259227
0.19088834815508657
0.230372510668668
0.18144675930813803
0.1793605443029253
0.15708126059191158
0.19841214106186944
0.18431639939612832
0.23424131713436303
0.23414008133631872
0.18206480286222748
0.1839314220147901
0.25420135739917904
0.2493194877110989
0.18238544174918503
0.23891577710990608
0.13892583996974997
0.1687633458960112
0.1887929346539136
0.19345793099459083
0.15626733137230986
0.1653477272550295
0.2292122147337454
0.1737498627922262
0.2109830278862346
0.28975862701442434
0.15927123066613488
0.22629583442658657
0.1575447843234229
0.21292063378662976
0.29323224776650697
0.2502992396003562
0.2521869992667318
0.17279746149573108
0.13579140330769834
0.14861787231938473
0.18162233147882442
0.18474730109856238
0.20131327936919735
0.1694265037575788
0.20165984195913594
0.23988413643901252
0.18204470176003368
0.22196482220025088
0.259838313113842
0.18210551840222153
0.19247469197254677
0.15303896490972982
0.2524524747780331
0.08191809982632076
0.2345955972858494
0.24689784844688156
0.24725274596756108
0.28299774221096435
0.17534847500948644
0.2197077251550651
0.1370596143524067
0.15731996867974934
0.19550489242453253
0.15923679627864398
0.25850865129582556
0.19577182578745975
0.30118688853772674
0.21754298323488988
0.22311963738538365
0.21206102824924267
0.22165228950272367
0.19861215237155208
0.1914117405761115
0.19480376931060703
0.12697528941388653
0.21276168180602442
0.18310497530626355
0.25283263011984397
0.21593586199354117
0.10268611166270215
0.18759854807570175
0.218464216072226
0.18600518167562077
0.1863140233511626
0.21350657359926767
0.18544794270659792
0.15412319445780673
0.24835498952049878
0.18383061502812617
0.15880709172731683
0.20252312874734282
0.22578687584249482
0.1376214111047101
0.2122777153534984
0.2104703720125929
0.267499465259421
0.2049899791043415
0.1552630783948879
0.27540881572340314
0.2021722231233888
0.22411707058265454
0.15435332169144303
0.16624478124605463
0.22908734626214036
0.23743783369108812
0.13171795041643147
0.11615498117146209
0.2142018050507097
0.1660948275730653
0.23415386222334544
0.13321562372057177
0.16050811421638586
0.18671856111191393
0.14156066491749558
0.20250848170133184
0.2656112867375517
0.21673745412774398
0.2747870970120075
0.1987877352247665
0.24243293839776106
0.25885935797299603
0.17572602612232952
0.28446459294806514
0.20632299487687
0.21100524993394737
0.1407479729086909
0.184153987220843
0.3074223729394294
0.1417563415932321
0.22892971867026674
0.121977024145134
0.17782203984604267
0.2119133564465226
0.2492159561907469
0.13160245573527912
0.24481917708001077
0.1742612550213153
0.14360632675055093
0.131143386233605
0.22438006427374732
0.3446957892539857
0.19935064097877175
0.19087913968738812
0.3140528928404729
0.2576893205735043
0.20242619955841465
0.2798982334203093
0.20464527786802778
0.15821731319503313
0.2142910622473245
0.2651087008543425
0.25074468904343056
0.21150102496704165
0.12704251853318266
0.25817617929047404
0.1881541178513836
0.199124845468817
0.19243394790911006
0.17029760749856543
0.1793427896103595
0.14255321864895037
0.1413081887249351
0.17534097275176497
0.24499440004423284
0.17172392450808432
0.22731934068627907
0.22069201816310227
0.1355081714971838
0.2608411834999833
0.18920726127531592
0.25815756098546006
0.26020119444205253
0.24169347606234404
0.17636595577038602
0.18561792303046323
0.2289340497984669
0.26573730852762145
0.2184905398283501
0.23789327692080528
0.1968293729754358
0.2268339690889502
0.35003770526804695
0.20611259288809952
0.23177244329902214
0.18449720602476433
0.15069242239960234
0.23953268628819885
0.24620400268649295
0.21319689732441505
0.11292344273528006
0.09283642660864376
0.16020576819735044
0.24779929679635826
0.24172431800960803
0.10184055346812208
0.17999879828849932
0.20476293798516734
0.24340505641987237
0.2964138763296149
0.1359515562042684
0.21528162051936525
0.08465927040929065
0.12372578077492911
0.1758065828371861
0.08163789117886407
0.14145684565903793
0.18210457136421496
0.2442209824532327
0.2053336899320869
0.217953985721102
0.19671238302422642
0.18893286183175065
0.23854357324844366
0.19019388696036454
0.2230411345735614
0.2129854720608244
0.22028702188685695
0.16054425520218768
0.2582739906687669
0.31372320089653616
0.19602822013640225
0.08940298598605599
0.23070056739175573
0.19578889391844587
0.16693586727533183
0.2622064541445733
0.2337616495236805
0.23636175159551917
0.16656518160717804
0.15948215568441237
0.2440597726932746
0.10750009957235979
0.18785955859472406
0.194510636343369
0.13264112882929086
0.20402295697953302
0.2992889699166877
0.0896893670900601
0.20318123571255425
0.14705649445404764
0.23202778956049075
0.10089676599207176
0.22636802542555914
0.2011311991041891
0.2633682313462309
0.13790181865001871
0.21905579972676673
0.1847833225327974
0.16468227300748933
0.2210785004254905
0.2003550899418255
0.16590457073238898
0.25165098542190034
0.21967460837215053
0.11443975627153202
0.21215217457059932
0.21109941854881328
0.189226306602567
0.25776561114363783
0.23317756334968662
0.23838807218558344
0.18646664129593316
0.22607748171245576
0.20829518530269656
0.21416343630357587
0.14049626593818854
0.1693843059148852
0.14394043814612065
0.1587700085192465
0.20846241181340283
0.13596554825979912
0.17631255837777604
0.2127211150175821
0.34990029064120143
0.2441134741212518
0.2628555540546264
0.29522520696446286
0.16451772470012066
0.2164679146302507
0.20455176604940925
0.08513877140902595
0.2791115954113799
0.21975618196241783
0.2143474012862519
0.19818764663252703
0.15065008714546804
0.16430905733914397
0.18821576880315394
0.28090008380052245
0.19287152839771743
0.21748832386033046
0.14005928859592143
0.20355699169129665
0.2411189697893224
0.21083836064169423
0.10899057597863654
0.26625841984653464
0.25358478302079357
0.22703733344978816
0.09533263411772559
0.2592510433765245
0.14927521337280578
0.20278811411843994
0.24171887224361488
0.24478571268273353
0.2553763292554932
0.15558750831442572
0.20584844101213665
0.15987394035173086
0.20504565502155325
0.18152651910260953
0.33809757332240487
0.17173285245419256
0.14804817113183596
0.20535097761471038
0.23529662465535695
0.25827799081468683
0.22879317691673157
0.1955158518454705
0.23504282077832594
0.08801140978128744
0.224958806040837
0.16519359657632535
0.24519053109869843
0.27682128600863387
0.20773305726886232
0.17546321761509723
0.1747166137952158
0.24617302936469468
0.13345448786484
0.259844311347414
0.3006757458653412
0.27230945807368756
0.18158967822310362
0.22766752985164324
0.24790933149114613
0.2128784818030056
0.14728694896864025
0.21779439413307616
0.200849504841074
0.22686733990538482
0.23018617289689003
0.24670257618108712
0.23667218620333386
0.21225342203468353
0.17273295020605894
0.06876808337417381
0.13180287739059504
0.2506560715476158
0.18876761856983582
0.28213189036962644
0.12532235051322627
0.15706662797688845
0.13306062277528397
0.22364540221275853
0.19325882873027783
0.17516423624586758
0.23743368670611842
0.21787890498338264
0.26051380830054754
0.22045275442374884
0.11460829606784814
0.15040610589465714
0.1806082286181716
0.22093818446265276
0.2835260751804525
0.13914738409543825
0.0969512651712146
0.19530674562008143
0.19161810986674738
0.25948727278300215
0.21045111081402315
0.23094166597979776
0.2560016862469369
0.16133550714866776
0.06342748439749787
0.1952255377698501
0.13833209259351104
0.2671312237605551
0.243153158585297
0.17431287956155464
0.12185149283274904
0.17753613012399244
0.21530334683720556
0.2495695547590847
0.2219666714227171
0.2560493591321808
0.09240641852785857
0.17877722473500596
0.17387770403118158
0.22858844092012026
0.21746467273596376
0.22348216245822558
0.22233192577353636
0.11715128934713692
0.23788577495315988
0.15092368111588075
0.175714282950781
0.18467969876419543
0.19376309803439032
0.18628080393231689
0.1734227884236726
0.19015247850139408
0.24814706516889642
0.18310571379928015
0.1528179579390323
0.18372612494068347
0.25816976986063256
0.21208040943546913
0.22717227722659047
0.2078971475331426
0.11001095857049864
0.29881903973251
0.22909853309774447
0.23320648878994818
0.14526555525422621
0.3014332371111821
0.11533169129171149
0.27831410380586885
0.09135170814393562
0.21911300098520692
0.22985255822790124
0.21965708340764942
0.21838796556404036
0.3181581480118492
0.2683644622880249
0.19201237560913312
0.24929392485481255
0.13958587590472807
0.1542659498743014
0.15413531734704028
0.23311456038377076
0.1851777749801435
0.1096064610563439
0.1585307544313039
0.14184216013511425
0.16691747654354253
0.22209248507625315
0.2789376348587409
0.24345449883046882
0.19538613161348223
0.20059974889327856
0.26832245360272555
0.16476325187381521
0.21553407972262734
0.17907922510219718
0.22549151837607473
0.17568703552466708
0.22452075710265543
0.2802633514465015
0.16994496533368694
0.25341448476305906
0.12151929974882275
0.24903290465085054
0.20240733227682034
0.1784596245637344
0.11942213844738232
0.22889593166072272
0.23497624350042678
0.20324712911027884
0.17994519628145839
0.1840694037310919
0.1638250887920531
0.22194337383045148
0.2315618201762094
0.284469725305156
0.2544135763692222
0.22791668553616676
0.16800960714266117
0.21456805631981382
0.2519436563357289
0.14248822292906785
0.1570497122882476
0.22249236187888996
0.19869786092999323
0.08644887005328701
0.26596644768662464
0.26202730565483456
0.2375741428600204
0.2678054219412889
0.14136507461122427
0.2791767886723696
0.2658862076422074
0.21559480887621366
0.30412551121151277
0.15172266398622614
0.20390205449343657
0.1933266982091189
0.2490592522215303
0.18458917781251938
0.05508489027947214
0.22278623994235025
0.20626095888232293
0.1906170732494306
0.24571300149670647
0.23166105532866135
0.1915870030933396
0.18027248497874404
0.2365257496950837
0.19900286534256495
0.2277036588705738
0.1220129916448609
0.1886521198357688
0.1780146188482263
0.30445554511144945
0.23621989013046488
0.1500773691607677
0.21782184547603706
0.2027693430486372
0.2607715370066459
0.28480827483394977
0.18518351363743432
0.23038426891088554
0.19266909781430233
0.24942010903537934
0.20727272516805018
0.14436198728264046
0.1946996501638205
0.25499546812870655
0.1575345217290585
0.1748766293295468
0.19321420634612743
0.17534849254460677
0.25505366489965664
0.15189295769654343
0.11460494973650096
0.20699998278491988
0.2025104320784569
0.16152777406515972
0.14787209464685894
0.1877012464897759
0.22801705987707888
0.20926003324651707
0.19696690790613608
0.1114821511622467
0.2158032933725169
0.1632265209788746
0.20112829066230864
0.2608237994992223
0.059250181035337884
0.18736618022555154
0.21862456553461912
0.29073885844023173
0.20415307564696486
0.2345094528411063
0.2598061532776892
0.21869363280705556
0.13270960337766152
0.17298584903721892
0.24263373276506542
0.15693379490410445
0.1595735791555148
0.16751122268652935
0.1775750021188625
0.22428652169284502
0.1912364811055448
0.17142285109774294
0.1631877603669941
0.16066456327689022
0.1690445229007733
0.1428109723588367
0.1984240728032366
0.14480107096313544
0.14416112020147856
0.21530986504770402
0.20415210722166477
0.20880983543179257
0.19061153322901653
0.23229476403146998
0.17962799651813866
0.2023672725239787
0.19364805017625372
0.13025632853562719
0.15206490272292844
0.23446615029110335
0.1900849175275295
0.19521076705191548
0.10442430249255125
0.11950349598510251
0.18304990621346762
0.11782013484879048
0.286949462609417
0.2154597847227952
0.11350673188341892
0.27340638527330513
0.17159530323312663
0.19169317320774606
0.16547744810783993
0.17862238061667
0.26110908350036427
0.15762277441596942
0.2312438322027247
0.23203392367745687
0.18697385626581317
0.22192685584514038
0.2648896738520825
0.21770470506591028
0.333078104696644
0.1668319019722088
0.13851696990314513
0.22901636532679637
0.11225238005476085
0.21766507518177802
0.25387942129964025
0.2678208044622201
0.2443398083669276
0.15967795108127092
0.2249133439251241
0.2362046942493269
0.15919615878663834
0.22723127878553218
0.1625860879975191
0.13410331571595696
0.1252800914635443
0.20954157378990831
0.19042741166740404
0.18047851097853707
0.21708022826007836
0.25821209194651673
0.20518056145593605
0.25048253648502444
0.20157442356921956
0.26418507399786645
0.10945931710911626
0.23398944452665438
0.2167127302232952
0.17462000551210335
0.2596765676651124
0.12031553219169673
0.20266931006016345
0.24433032198943255
0.21219342824487744
0.2913137510096749
0.19101709453303076
0.20647168697378007
0.20330701553076305
0.07202619700849605
0.21654786875890852
0.16607969452450044
0.18166695718183687
0.26650146000182623
0.21318898368939876
0.1522516634654005
0.1089062192996567
0.2613695041743478
0.22877028002705901
0.10352938446497384
0.1722231463809144
0.2275453840224869
0.19490488090657798
0.22831359721232078
0.26132782955718525
0.23167259245311408
0.20920320804565232
0.23476015484753693
0.13652719303365007
0.1788245148184008
0.1876161420443233
0.2736205324404215
0.12836010921764102
0.07913045337309893
0.21657881878597582
0.18972557668550274
0.26594756049813767
0.15033711345367148
0.22106655528609417
0.14219549502229184
0.28414114118934863
0.17840186509150896
0.14661351263671657
0.14334486697067936
0.18912246044921305
0.18458272306859358
0.17044096387233343
0.21694107364029022
0.2589621346229055
0.10512209501531927
0.16126513953437505
0.18323795658765424
0.15293334161983324
0.2162556295090978
0.15021971201583595
0.1814372963814827
0.24490286120836013
0.17090721536457676
0.1849503137281679
0.17459868394403277
0.22112502232502362
0.1912968444003456
0.20817792031251908
0.22590677483750565
0.22763707230556826
0.20127579313853117
0.22864345430289718
0.10505019090248886
0.08718726568470253
0.24211712601598612
0.11273611628191162
0.2010122569300618
0.20286915836521222
0.25330617301588243
0.23203861130098646
0.17033206138574922
0.203043621740313
0.24896113054106933
0.22835875979615078
0.28467206317060606
0.14997789221930385
0.18167802610302203
0.20794118483135005
0.2423299527257409
0.16864080654451932
0.12139147568145471
0.18845472221813347
0.20887493724197295
0.23219966326310815
0.20385797469026898
0.19781002896476335
0.27634510400225754
0.2489842478682759
0.15460115374666034
0.18730640971966314
0.16590535268066614
0.1643612802073543
0.22895798453327268
0.2058331056350675
0.14357393087147652
0.24173054390352594
0.08722238698316756
0.29139675866354564
0.18536629194241186
0.2483867353449594
0.21320698446494213
0.22305103626398826
0.2527189915218168
0.17759803753954298
0.22084056719883272
0.24600529647536692
0.19330408287755768
0.1287314921155664
0.1201387808810837
0.20413057658863645
0.09217642812809312
0.23519351805851407
0.21877462452260277
0.16912391433923943
0.23107366845603414
0.12705738106037356
0.1850970564727265
0.12926655414658358
0.15825260888648945
0.18388908032562648
0.1243742306038666
0.18548352984237482
0.13781141903652408
0.26815635733928306
0.1690326958089305
0.09506850222516341
0.2389923855712434
0.1575591933294395
0.17319177945950281
0.16580713711437475
0.1472907304943113
0.14536085714648972
0.30107468398153703
0.18690221503468316
0.19316348642758815
0.24898977173492184
0.23461769045066927
0.2434407012702824
0.08840551655796927
0.16044349916893602
0.2261299008744857
0.17645718275733474
0.07655483576122575
0.26496574567161124
0.23225046420310386
0.20903349939146393
0.241742893014008
0.2682873565877978
0.21192606918848933
0.2385584273880935
0.23402431610041133
0.1756113921937562
0.22296426776622164
0.22813358067650513
0.19760423687135592
0.2184902557698552
0.1874182174579556
0.18954697910098356
0.19719087287631587
0.25967637575701696
0.25573458078115596
0.17430572753929335
0.1662775289568269
0.2603003595306645
0.1953834540901062
0.17578520194745115
0.183301642454334
0.21887495431965776
0.2175926084045692
0.20361910164002744
0.17225287463581893
0.20416265912650372
0.2144137204974902
0.15177143207813137
0.2504976466973991
0.25256285860061856
0.11664149981454475
0.1639353686594045
0.25564654838424583
0.1931346154200244
0.18629787510655366
0.20519987181583635
0.13418631913811857
0.1713905070378205
0.2673188521589373
0.2107121791126464
0.18626059904394257
0.14274073225493686
0.19549810993498581
0.1641405943589037
0.22001440993046484
0.2155786583786263
0.2923707447835037
0.2334801033676224
0.26196628400666755
0.19408923013578844
0.2642785101462519
0.25521724103503407
0.2169520498027406
0.17570562985428542
0.2314790522329454
0.21774984559456542
0.1868555044189296
0.1941013712467896
0.23404754066872113
0.1923083156727354
0.12298440896472322
0.15376791423841782
0.12307505779639416
0.22451890110660547
0.2856040143138546
0.1726299733327515
0.18966326457174137
0.24558026113514952
0.2679117707987882
0.19007299981784462
0.18075594494357927
0.15344813379602956
0.16812205946969228
0.21383309173075257
0.07445322132208118
0.2765096528582774
0.1893349766286049
0.17192459696815005
0.11487728357355267
0.32095313069064024
0.22452550643148167
0.1481628991118175
0.2203252682966325
0.2069480521236191
0.21439353164663008
0.10871797009767242
0.1408432658601435
0.14997400614810188
0.1758470681152708
0.22732764293098737
0.1429434666037573
0.20223325824533925
0.2733035666721978
0.15404519053155707
0.17025993900389258
0.11866874196522655
0.25148369659247494
0.18328712096606561
0.20005157286404845
0.08294258526023862
0.1576564471557429
0.1645789618844602
0.22571794338583104
0.18746056129785113
0.1906236479731569
0.1933520419469659
0.18450572725905365
0.3207219055315061
0.13890032866235655
0.2300818415408032
0.2579867427921473
0.19456994006999812
0.21130281120783828
0.189848472210972
0.212082877632186
0.19305435146324554
0.1964841158425366
0.17025350425756794
0.20156223998304532
0.20976768308403865
0.14906169896407137
0.24459455603834282
0.2368552490438522
0.21011105848181286
0.1999021102735476
0.15217483484470137
0.2495171973270908
0.16340273678352304
0.18938749641573832
0.19511633271270928
0.1575303923837119
0.1521628317450219
0.1754793246686546
0.10023789085747822
0.2554086877934175
0.2143523772251341
0.2346582650181555
0.09272806700399035
0.27231652889140584
0.2360759512618431
0.32319319096758337
0.14047658187038026
0.20582123043426812
0.18214833196411842
0.17990285682654797
0.10381831374283944
0.22216239915919636
0.14802504220655924
0.2085786875119149
0.23675058989183886
0.19101245405496944
0.19033211161600544
0.1689546383520158
0.18845171431830665
0.13474812270319975
0.26893600789371513
0.1340917241465463
0.15774661633950807
0.19906014966856098
0.263955777893092
0.15419048602326094
0.18444559540625485
0.17612183013115412
0.23635668057235656
0.1864459595521148
0.20392277521056296
0.18749936967784359
0.12802093943800846
0.08178966742046652
0.1680870851541894
0.1712577399584413
0.20081890365596824
0.24487158640964748
0.23025806894399428
0.13056041919296008
0.15630641769891104
0.14275288579434728
0.14693274597839542
0.15675217738261119
0.11095520842054031
0.2026738171353734
0.1776535781982191
0.29695407643538707
0.13446700501863157
0.2793925891837115
0.17664151793104346
0.1558009130614531
0.17765907514942336
0.23651929984773312
0.1688726170870005
0.12580602119392278
0.28162457952441383
0.23797896266502977
0.15838040121769326
0.16898657087053431
0.19334307831990077
0.24478317892419074
0.19826330107673945
0.2400957645260309
0.1814319324867868
0.18513516811394737
0.21173804617004288
0.1853017268677266
0.35547197108254114
0.22475649197057443
0.21354327859378547
0.214541696957098
0.312699398379189
0.15055232826592888
0.1664779143831179
0.1800686496966165
0.16285651389002898
0.12853341838456322
0.11848402233108529
0.16371493988257996
0.21312651340654354
0.2042202728976295
0.17667568353845564
0.17119574816762534
0.14292801487929988
0.18719358435575834
0.08964981532933095
0.12271799830692108
0.27263605128219864
0.19523054854525534
0.20134824663357112
0.21676751086980933
0.1797407734409744
0.20515879794643815
0.23786486005395363
0.20031348706823693
0.10852548177434809
0.1394105674601648
0.17388545956331122
0.2709782649646272
0.1894698060629496
0.1450950378831206
0.1952624408359472
0.25572122214965226
0.218223123380631
0.2014543511475427
0.1770946967543509
0.25259476669339426
0.26615564175009526
0.21045405130508438
0.3290681935660009
0.20251369188483256
0.16776688919523314
0.07840115533347342
0.16407180086776701
0.27818068278659003
0.1841627075240475
0.2907740469430673
0.15972436392361608
0.15266661111378746
0.18669722861571747
0.12271825327948481
0.29329775560657045
0.1391320597870952
0.2802991173649381
0.10079241705951802
0.22691141352539346
0.19892684387433787
0.24560678982540035
0.15020083382716293
0.18350427029556576
0.22415591260096313
0.19804949208011385
0.22197461541201544
0.23462847567084041
0.21384341926920228
0.20447802666130638
0.21757485647024816
0.21011409224980007
0.15491295128173038
0.1624809917560603
0.23347904203512668
0.14154448261242283
0.1790835249751073
0.11584637354741906
0.20891691820681968
0.3002049872822311
0.1672776509704047
0.30058908673432955
0.15245971663358374
0.12992130429340149
0.09274499545188333
0.08043216047766166
0.2055368682040554
0.09580997383549959
0.12466725178922422
0.17794559697971754
0.1800683328751818
0.10167189972952334
0.25234112791998253
0.13368229674355517
0.2682530145992939
0.2128014437330092
0.28146139620195365
0.19938737003933574
0.22204868210512058
0.19626601320154619
0.16887317288269138
0.19911852209821973
0.22967979015406367
0.29354650542113897
0.13198487096611405
0.14447174307446553
0.20124250944087044
0.21342522484973195
0.20759297081609543
0.2838990838895498
0.10957595190982965
0.19861778349556738
0.1972381282651489
0.1968893046584584
0.14462722054026222
0.1682665462572798
0.21324928346925892
0.24338034401394826
0.170602608315195
0.17594918526690026
0.28048300316514174
0.14247821179686587
0.16351345196890854
0.1625348896375477
0.19959238588178646
0.20983488997459993
0.21365440618799209
0.19849803319455928
0.19209597551036145
0.1806495613291411
0.21047018501673348
0.21520713782667958
0.1397205220258759
0.18844581245222522
0.22405081776232696
0.21158825629260572
0.2031152903361089
0.1499834001701334
0.2884239241006458
0.2529166723350753
0.16835796946607282
0.1700937932419409
0.2347798155750904
0.23429806289970445
0.16011154011959444
0.11031187470144958
0.23374279149403226
0.15735485149916387
0.16595567713843593
0.20500693766249037
0.17629646143219707
0.334044930204305
0.2778170580923401
0.18917122480662776
0.2436734283802939
0.06856785584937417
0.26563062458571296
0.1916046542697076
0.19503384270399748
0.2182656699378108
0.24157131930764314
0.18360844180399055
0.24767748618119756
0.21097971162927678
0.2571810258476141
0.17467892547427796
0.15827111171715932
0.23597711358589404
0.2854981831855016
0.18688371841057036
0.2240842395559688
0.1519600206217783
0.16093761324075537
0.21470194383137253
0.14336152398060076
0.2504404386753448
0.21344821384274698
0.26980357790405984
0.25501286114832705
0.15275544349282671
0.17861141170382716
0.11985522711658465
0.18954871956520936
0.11111924595296707
0.19593381617764621
0.24929778723661847
0.17458439179996366
0.2384520062932755
0.14111702622710048
0.18883689778752716
0.08841626398848622
0.26434124642190643
0.2737356914264497
0.19130100112971762
0.2273715933825154
0.16661658870889257
0.15181785797625835
0.2700621149119152
0.22434971106561574
0.14904757152967388
0.19640305451604226
0.23460839155151086
0.17924890617064276
0.20815890115056482
0.2565412849796089
0.24643091241207193
0.16869184255727132
0.18408656438537063
0.16220262174870553
0.20283870570480034
0.27861860463499505
0.158322831436989
0.1695743565615592
0.20663062465038598
0.21495411548144802
0.11893096364319058
0.13188173389475386
0.19529754367001784
0.26917349992776446
0.23888796318486494
0.20295586816684305
0.21327675354897657
0.16726251229948114
0.10318582583972642
0.19067214259072732
0.23115118943566967
0.1555828257412554
0.2310327079601338
0.22401542062106378
0.10283974361118275
0.21081254187846132
0.27321541246541314
0.22147167671017862
0.11581532236064067
0.25108880335644923
0.16482982220025233
0.1960368666405672
0.2504977635810402
0.19490747163161112
0.17339472915053902
0.2065468057490158
0.16521449896236584
0.12697008534199603
0.1591518825343962
0.19664379166248327
0.2166995102544232
0.26592557600045974
0.29881364530341153
0.2540425473352798
0.14479186079789289
0.27052798626783403
0.1740720549694221
0.20591147469428156
0.10730236696152345
0.24061773481117307
0.1881338611677031
0.148135760801722
0.14838551744045697
0.19833655304255188
0.2392352964922702
0.2042402778094662
0.16797413745956552
0.21130082185294613
0.18525578575388185
0.20685282578465117
0.21595170963424826
0.2127426253033572
0.249607956213581
0.11423620519390013
0.1783032149518934
0.18677500625902133
0.17632082232567753
0.2188058288260002
0.1550358178230042
0.29109183115298676
0.23027522540227774
0.13092832648029795
0.11511259604587451
0.09095290922796032
0.17764008505149428
0.13158343382078727
0.21916131729116062
0.26726956231760585
0.14688114242459793
0.22819057542324583
0.12233725847515098
0.2683134073463528
0.11361759931662226
0.35323602098725
0.18546255895484598
0.20994488346491766
0.19765921420889576
0.19706545892610233
0.17888162094954912
0.23118689149390395
0.2095611046207501
0.11708800542608355
0.21255479200491498
0.23808917628850867
0.1380317410024508
0.21237907651837204
0.25804195304434396
0.17518369029771116
0.2272388040566998
0.14264142554638246
0.159994997369484
0.3434837070835878
0.2334415369343485
0.19232403748056334
0.16506272213939693
0.19721618101287694
0.2187003193686848
0.19911701274780502
0.12771149903632006
0.14850094023516938
0.1838983591635628
0.25359705013040423
0.22585759234384367
0.2490763633460955
0.19437868023973168
0.21696988958623428
0.27301333957113555
0.22473713968899353
0.1883103476378146
0.2216509475324575
0.1919605036764639
0.19568258577758194
0.16504552851132887
0.20206102645416926
0.16117192444694317
0.0694010820185213
0.12767079690601274
0.2535229534515402
0.205690380906125
0.1769146555338293
0.22996958927333938
0.18011762210665636
0.21784239344781445
0.2087920070347905
0.24339146115121615
0.27782570859045935
0.18091996463786528
0.23106092006129667
0.25859580911280905
0.19332982758413086
0.22625848870677479
0.12779787257100098
0.2291429361920976
0.14341600037571572
0.19533889492820974
0.24440117868269762
0.2544088500331418
0.1864407299324607
0.20254684812609225
0.20934503642708283
0.14113977385546056
0.218383760176562
0.18855410250737567
0.17671784744814786
0.24884943781087818
0.179745082699373
0.17142686942069763
0.2305723035166397
0.2282839186196716
0.2474738101400264
0.2438671078878115
0.2007317120808047
0.08157056063508315
0.15896734387491776
0.20838253227507247
0.13202416559250613
0.2067723006777288
0.23716022595024727
0.18841055214215507
0.169716172622872
0.2501740231808218
0.15992002048381782
0.23326722746285924
0.17651234692399262
0.14502424693417618
0.2203552959597046
0.1518297165042313
0.21764297689081993
0.10993269628689864
0.24031590697186023
0.28134250870403466
0.30434792862274884
0.2857748220731178
0.14335414436595795
0.22435072631662314
0.18337753160458864
0.22886293195254773
0.2773393993830635
0.12472428232209859
0.2093797973045837
0.20450260692405856
0.20193584910041265
0.25473759798070444
0.24628389642823278
0.10970870126210536
0.2955115448549357
0.25780991787015356
0.23414371005381546
0.2817647574538669
0.14922987581094202
0.23638016391081176
0.1799651296691904
0.20209394927851768
0.21485280420648473
0.15445211757087196
0.19348647318361492
0.2004274483142058
0.17655736270320344
0.20419698902801361
0.22645144508151127
0.17740829898276914
0.22288689391922614
0.23518212816376416
0.16530946517248327
0.2601541089031665
0.13174264202029617
0.22603978064100996
0.1930639897990539
0.22580429831696008
0.20051594563989286
0.1832088820593896
0.1556054689587804
0.19939173792336676
0.18633632094219366
0.2567476008008694
0.2310274394726036
0.11001185968173524
0.17811045141718293
0.20318567993788278
0.21289545245405428
0.24332893433039943
0.18026678951877464
0.2563934934273821
0.24405915378070372
0.18263950529492118
0.19586395776421361
0.19650755464689137
0.22272788865659543
0.20791633893481087
0.1410904977993084
0.2166994268690368
0.21332174536807708
0.1888161114894443
0.28281863363302084
0.19763427972116332
0.1927567004165832
0.16412481851471233
0.25391687857508066
0.19587925821620408
0.19926953939600536
0.1732372820205611
0.25656859177951175
0.18897797308496386
0.2123583314085249
0.1219947670818754
0.24053561623303243
0.17386515094718855
0.12341125579331358
0.12441352230868799
0.15047170584047434
0.2361976201711246
0.25732749246568404
0.1939010028193038
0.19094574009786186
0.26471603377786856
0.19111831342583493
0.2530296471847537
0.2632746245104771
0.17062516482876647
0.235401272992598
0.21287879730501832
0.1668498404453273
0.28344886986518397
0.23286637682259095
0.2409148232755729
0.2257973434532676
0.15089657470399184
0.3174660876568748
0.16759128834208392
0.04520101097892021
0.2650595163885753
0.2831603173851141
0.30200206066181895
0.16252418023609655
0.1639651493753197
0.257162426144795
0.2756123969039601
0.22437280414397992
0.20418670363772698
0.26194211529809125
0.22296319566337808
0.21018381030814068
0.21854264360761505
0.15385956251559182
0.21621712227109405
0.20713469481201985
0.2518511742670441
0.13589096877324894
0.2639471357199819
0.24619769595409927
0.08074036737176651
0.1483833801784276
0.1903222183538843
0.19111257947382632
0.1170317981623915
0.26737590491986074
0.2659527436302348
0.13519845650275825
0.13682404468239046
0.14250119542861178
0.22993590509237452
0.21471672695224125
0.18803548385265198
0.12054189093309499
0.21276321176553697
0.20042210137712052
0.21731638750394902
0.25527536007957746
0.12025670639735014
0.18598136041048347
0.15970710861817894
0.21062300019771682
0.20549808286348348
0.08484192920397592
0.2084059827278076
0.2097489764995354
0.23897950572922821
0.19511879555871742
0.2674345618109961
0.2323014157070265
0.20463900059206508
0.20224503157103663
0.1418109201027578
0.1647861751427893
0.3621550909656878
0.15099398868293062
0.17487270175829595
0.2697561891807437
0.24913853777855405
0.18362562870335905
0.18531569837627956
0.13029049851249164
0.16477675592957253
0.22628968303485678
0.20770727384484716
0.2385220395398459
0.2336321250887335
0.2731559715132451
0.24900176035104332
0.28059116813489166
0.24237219829012893
0.2952934816717875
0.2630585179878117
0.15147708530007614
0.19204086134981904
0.17651667380667793
0.2527594438175814
0.21896107728550063
0.3196815051123583
0.08411514553365139
0.14362618420849818
0.18555550993279232
0.3256702204772586
0.2178479185113067
0.139143652896489
0.2954188016221675
0.24311770604596233
0.11890659682388507
0.22107039022366623
0.22329709440963957
0.15691591042623432
0.1507484926529116
0.17579012475978595
0.19714367837055377
0.19989371996532554
0.22248563903879642
0.14173845078224362
0.18025331365355907
0.21244555030910223
0.15103041869910072
0.2121657942826716
0.16931397293337438
0.1988418639175853
0.22070587678447218
0.16349097504801546
0.2926766574510776
0.15354357781287878
0.16619008256525528
0.20257878955018985
0.20547468970032506
0.2491346164318359
0.18814741656264228
0.13295660913673107
0.21595226765030667
0.16368139329972847
0.20955036480802336
0.2280398826593844
0.19346895173726705
0.3224466651645134
0.10281622701618613
0.1093063452176638
0.253965970444534
0.15770129650832068
0.2035857695047087
0.19364376660155327
0.13256953817553926
0.20576418753174394
0.20830584601845303
0.2122027467637049
0.19308331515449698
0.17334706371514647
0.2643038986943317
0.20526531989723282
0.24107825124185436
0.19436106412449558
0.2320075059271417
0.18952579602100628
0.15683023822540365
0.14320274450379353
0.17808019477726125
0.19506364746466645
0.17468874743349755
0.17961776754361566
0.22142990364080942
0.2029819368037298
0.20481310057159752
0.11993933522656279
0.16554648996886723
0.09393961890924603
0.27033420131373515
0.17207922313915164
0.18930308194716813
0.1878421330720492
0.22737198919792825
0.19606068651054556
0.12030580177532943
0.16806323669483958
0.27136933467069857
0.21323346346182817
0.24917365142257655
0.17891646178250542
0.1278294792126865
0.20589949010107364
0.05637837650400018
0.20846015001075105
0.24215653068009954
0.180970563004327
0.1846212117898181
0.20145789683784127
0.2520502512896065
0.18668496414681643
0.18759236617609162
0.16900378241934197
0.16550771329054711
0.15625898909455793
0.2483370002841972
0.14156276479298555
0.2342396154697507
0.2412582345845658
0.17424769511245516
0.15122078751061602
0.19644849425570937
0.29960276277571185
0.2421185046944358
0.12491760178629142
0.15305618411538569
0.14151687373049548
0.2554548787404036
0.1687235337182447
0.20391256481497513
0.2306377069934229
0.0644459314584428
0.173371450256802
0.17329038607888891
0.23964108276467433
0.20146918051818977
0.14558843484027462
0.3443951334274724
0.19713260423177556
0.09697947491764845
0.1535305231745705
0.1591260035089581
0.09687725514424494
0.22358312984091774
0.13106747091429596
0.20738406253936942
0.2716473250447598
0.18200064788066095
0.1673289909325211
0.19646100350684192
0.22170351915552405
0.17407372691942552
0.25559162944630137
0.20108568587549955
0.14582102791929827
0.23824354612407644
0.22571001949961844
0.16740349553591105
0.13068161578174237
0.21935915010873103
0.2652803585807587
0.23115888763670572
0.23433436917440637
0.12951248628356657
0.18953109539014856
0.27796290162286363
0.1806865295725566
0.22999536352758693
0.19830116520469035
0.2485683158099044
0.17755649547521052
0.08352451322418207
0.2655390631523795
0.19910159010680978
0.23832396952617052
0.15355215413837817
0.15655668377247856
0.12841823876407815
0.22573796490395887
0.22133989046765232
0.2026650444377578
0.2611099732607197
0.1777593164649668
0.1817877990231771
0.202779018586893
0.14965438145916088
0.2191734080039451
0.2246253623922165
0.17154141716073332
0.20426381235632998
0.20817342349611634
0.220836925333148
0.19720644692711217
0.21276118394611185
0.18826546038670436
0.21088111498472176
0.20253505532250574
0.24220117387865403
0.13063391349742606
0.27513294486313733
0.17584227511872663
0.15646561154912153
0.2217900232661077
0.27344442096799876
0.15120440699452148
0.24934379817786942
0.11232680490271041
0.2374221116161043
0.18370505677190715
0.1373040239585822
0.2994451644250466
0.1363731502512175
0.25960404341577054
0.26424451693575457
0.24973479452778174
0.11061941839673228
0.2170063724993051
0.1195584508900475
0.14625326399432056
0.18243914497135846
0.16081920257130825
0.1643621729403909
0.1795021114267428
0.19716860133886752
0.1561633426364226
0.12781477766460464
0.265510644316756
0.18004680220600494
0.2208479639755442
0.16448545358379663
0.2237451232712276
0.24203572074174587
0.14816960576703195
0.13533398756875342
0.13892214652816762
0.15862499422618875
0.2042958611866708
0.21221938940924015
0.21738056979385073
0.20514225883971166
0.23196637661925829
0.15535740716621857
0.14308840560753344
0.18783292351539752
0.2229180762477821
0.15103284562475675
0.22738149399830512
0.3016295045090376
0.3153101966557942
0.20462870719632814
0.1460637337719793
0.22271284957292722
0.12675281231449037
0.21111108760744943
0.2773130390023951
0.1733009922961769
0.20415066577479415
0.2989792483612663
0.1844399503987571
0.2263113621884926
0.1547704655631793
0.13301826137350886
0.28376532783171465
0.17190191263860674
0.15781577834936542
0.18972322389720916
0.18292319574274082
0.12858330828749104
0.1347133790236667
0.23743278237294316
0.33443924702100875
0.2223919428120235
0.18385700255560397
0.1414149026318292
0.19565573356034502
0.172130877235371
0.18477383308266343
0.21888636311088333
0.20893688640758698
0.14261552276473008
0.1910542352270409
0.17788544442067933
0.17086062051227133
0.225241157953536
0.1385478679728008
0.2502970055324877
0.2612071407237364
0.19729634120532707
0.266171166381901
0.2301752758958698
0.27972322092489543
0.15395110755124544
0.16821500849403076
0.22954343856273274
0.192476713327863
0.22323118915039777
0.1971288160670861
0.26834446647518384
0.20503235573099665
0.25555043235988917
0.2922422340417889
0.20481093624094293
0.19732262865071906
0.2000811617341823
0.2193377446831552
0.15924510840013203
0.2448627643811022
0.23745102883893815
0.2016410104081268
0.30454542212763513
0.07022258695296371
0.22572089864834055
0.1810139033990794
0.1456609254920907
0.20816334437206008
0.2140282480886166
0.22439548291268652
0.27896921269240155
0.29317101319846833
0.23459302446810162
0.20722919673998663
0.2095268139198731
0.2068124619223612
0.14738552480544248
0.07833446480899305
0.2202401886728037
0.21365949752259275
0.2661519158281716
0.20873344420486942
0.17563038316837465
0.2771570036514804
0.2321044438022911
0.22807783555767416
0.24169818566896034
0.1502594110544827
0.15149670905882473
0.14562388351728628
0.21294137008558184
0.1885361942970762
0.10361649934594658
0.1892623472051362
0.2694015433810704
0.1754163562437258
0.2043702219037166
0.206244093680728
0.148557816631208
0.2366102975590449
0.1110022529139384
0.25914298270304903
0.25057810116964185
0.1403932466708015
0.13112992407309515
0.2113614289715253
0.25778799717417206
0.25753184660825607
0.20254090610150452
0.1789466686092848
0.1829586595928924
0.19058792510968464
0.24025318224783104
0.20019893557879861
0.13634492345453558
0.18359808448487203
0.198934323603091
0.2704864516814046
0.20031701104290456
0.18567426710460214
0.16004218039735923
0.20346636629575035
0.24922876194853272
0.18503791697694452
