0.0700138630179262
0.2090983673554202
0.250023533004118
0.11057864946095614
0.179193071976468
0.27285427045730504
0.18388909304284254
0.2894236923156758
0.1900791327693118
0.1846439479307191
0.17453835664208595
0.20975248230826482
0.19852448266730363
0.17841940781245322
0.25032657877928843
0.18105519543359563
0.22011492422608298
0.20873570960087862
0.2036326399818917
0.20164820597100935
0.1745356732314406
0.1675015887279412
0.212192061141359
0.10330106038424648
0.16705680932439826
0.20585882304735256
0.23525456337213346
0.2432026286162305
0.11230735255420565
0.106503822131774
0.0984393144059498
0.2043593146550681
0.16141664033362838
0.23177276328347796
0.14661184170522373
0.20013114294265583
0.23299878910642277
0.24178498047391195
0.17101336333969
0.17848398207425822
0.17130345002662756
0.12025723438885311
0.23664117596726433
0.14829769794164666
0.17450722373621513
0.22602255971641208
0.20768077121927167
0.20465263248138996
0.318063748178891
0.1424027666670558
0.2602405754604369
0.2119984076642608
0.14860745362518823
0.2447684575935724
0.18703179514528284
0.18294661877324317
0.22882450656445358
0.18202659851135986
0.14281793396009845
0.18245834533334054
0.20373305503166725
0.18158782197206547
0.16663533111048556
0.23869368749498374
0.13785371247190478
0.2459491778972604
0.12756714168564015
0.16546565213095524
0.1826693387014014
0.21019440157158548
0.15536941259288334
0.20692592116853914
0.2645448419029576
0.11168032115241533
0.12127124544888773
0.18061023635783732
0.19320403888253818
0.1806265905473489
0.19513078667820932
0.12152328623979732
0.2571527657318538
0.11579802951274099
0.26992231905478653
0.23105880554704203
0.17930467652129933
0.17358152705206858
0.144381397827237
0.1903408763572686
0.2381195073796456
0.28573318651181634
0.24250217895515194
0.16994651337658476
0.18518376723870597
0.25448208703838066
0.2302355822507589
0.12969816424796005
0.20420480142969855
0.25143757437188424
0.1830639687999274
0.14343379914497875
0.24822930513218747
0.253916802126638
0.21772432649207227
0.20197117247211907
0.23421563415087202
0.15331918822495813
0.1445245716126692
0.1677376722156959
0.25894918079311713
0.17678804834739764
0.2796923811863488
0.2364928048940016
0.13606411482572445
0.2834581427294267
0.13467836852559054
0.21136442579322234
0.13610839304465278
0.18953953293915582
0.1898388549093073
0.17003334520011387
0.18381002638276434
0.12870473136672886
0.21868963741968062
0.15234404348327035
0.17343526304307136
0.24719890309925868
0.1913758215599151
0.16723219586826618
0.16704894419027547
0.1581528810294349
0.2460483383210471
0.20733273326877463
0.26419997388823585
0.2236228602526662
0.18144750589853176
0.184437232139273
0.20921272483867387
0.1618781741455862
0.18743970614148797
0.2670564265121016
0.38702239638446306
0.19896382418078187
0.12713094247487894
0.16704399654951368
0.2173832757275159
0.21792159271498474
0.1417396937546104
0.2687186259202379
0.14733464284358078
0.17766408705143025
0.09758440840963178
0.23389457495614063
0.21804938302643856
0.2280609195505383
0.1747727236983752
0.23771113372818634
0.15618951018479715
0.16549485048274967
0.2090338382773484
0.24275859966973393
0.20230106725860025
0.16192605284044465
0.13091497796912155
0.16031702623163058
0.13817238465787576
0.20015719784406255
0.05469883545332785
0.13663231480857851
0.26309244484561395
0.14110787867746455
0.19235123760529382
0.20887165377137196
0.23672197336410944
0.1414615464765797
0.1729372582049305
0.14414713337194407
0.2570359600746335
0.2729837331293331
0.25002771627562725
0.17378284666894792
0.14162485260476934
0.19671509311078858
0.261131520138674
0.22155329910965477
0.22046029929568847
0.20602268624275236
0.2593849881382518
0.21935820461535221
0.22222349141993894
0.2279900319276706
0.23343297712738273
0.23727253366432782
0.25389524607753267
0.20389702908514462
0.16551537310991316
0.1987393429471692
0.19536053985270985
0.19172406309480464
0.2144391625220707
0.2418349130317644
0.21109051100967222
0.17632678100102497
0.3313861275044633
0.24686498685352065
0.14285249391715868
0.26108631426268236
0.17511250720719387
0.23753724563921783
0.21245074652911905
0.15828273812576044
0.18591125473052522
0.20116779385167308
0.13983435518826598
0.17577863221892853
0.14256486661680035
0.11413935664833863
0.24770572107001257
0.21685098636580635
0.18193198847392963
0.24803501348695975
0.21061286406678512
0.2381497915599693
0.25773298723427357
0.14588650609868406
0.14992224483028546
0.20474092172354802
0.13529674821100007
0.18809484404767715
0.10871305588847394
0.18691351460085057
0.12063094451037723
0.19784768749170192
0.2007270679369388
0.15718977769126316
0.16800758470293262
0.22969574149794805
0.25814524796816707
0.24244059319525793
0.22126004409841207
0.12098698872172317
0.1626368668527686
0.25548833459910536
0.17798772275838004
0.27514666514697944
0.18277731396962368
0.2628767367971833
0.22910687859820955
0.1481936869983863
0.2597408402167632
0.17894894035186415
0.16557995003435638
0.22228324997247284
0.13512734633991857
0.26701542820775
0.2038118714777592
0.20786493811842058
0.20795043228460683
0.12259886131294649
0.2514910802148375
0.19961191033663972
0.13962484921928744
0.21067934072571465
0.13217549018745978
0.1678286513299935
0.19236448521177094
0.19774330412468774
0.0918219107334991
0.17472224908544373
0.2455690462119704
0.1807745604988416
0.20432293793406872
0.2942335490326318
0.17543965023000974
0.2349495746078826
0.19260357168943013
0.18273420220881878
0.2135621694048474
0.16850681661781314
0.1655971570447782
0.16625906422112158
0.21487009382599306
0.15033394634549085
0.12239949756799272
0.11550735396393633
0.17745159486088374
0.27151639078690215
0.22369578692962075
0.20498890225842728
0.18603252995572447
0.24027555777244197
0.26580186380352083
0.23701225403630594
0.13286412845907547
0.13694708233970382
0.23870371983141236
0.2341137801439952
0.1073823059333963
0.2715754682552543
0.23785503575639375
0.2955540421268558
0.17282626282790595
0.23550367831328428
0.1847563288873363
0.25316784495206524
0.19111721526405828
0.12364742155608274
0.2413383088717383
0.21083944188871723
0.23186571772696243
0.22534257888637813
0.26538512825008964
0.18655406724614865
0.13545387114970214
0.19983015298703555
0.2620655605179604
0.1388756000227555
0.18676235630534666
0.20612078285752897
0.20834965685601026
0.18122124718732666
0.16273648763080517
0.19670706332940868
0.2948568894737168
0.22332804514003907
0.2544279377142899
0.2080329948548456
0.1510477769930678
0.1538743735591429
0.19555012383942325
0.180662051287786
0.21204027068825035
0.17843058946601792
0.19449014602256506
0.13255171890386802
0.2808324331325693
0.1701081870711842
0.279581344854943
0.1254677368822197
0.12918676023513415
0.11376152545213764
0.25275879898704684
0.2668824733893664
0.15235800314764192
0.16493729612707284
0.19992147793413317
0.25954729543981553
0.2457441711031907
0.17596049689182525
0.2042103611636372
0.12095616778723356
0.23954905137947005
0.15447012388875964
0.2959807013720892
0.1912958959732741
0.2117299558343468
0.2862395698132443
0.15781363179898314
0.18608343194200863
0.28417010711415547
0.1557165015493258
0.3048381027289154
0.25477712983091816
0.2468644350363618
0.1904685575558005
0.218844777273586
0.16367830893659904
0.28293287365257946
0.14199549357583188
0.19249688604547757
0.21612411496816414
0.20791916129886207
0.24057805218474895
0.2533994705132641
0.11288520583512929
0.1924167460084651
0.17056350588054145
0.17055077346879455
0.2747136878660662
0.23785361047747464
0.18611086712563588
0.17646172888749453
0.1568381638388014
0.1265095088461794
0.23870100635045124
0.25583388678794183
0.19487088061404956
0.14523642888314636
0.25635027925354853
0.23251779980984205
0.2336558450133946
0.22164309534794674
0.1663901304238441
0.17630183788166162
0.26565742325341885
0.23047355815456913
0.2709140959550157
0.2248255651185565
0.2351421995845548
0.24200343257265391
0.298260756720867
0.24329666986096707
0.2073295345062409
0.23564019584292414
0.062220335144213934
0.2530941435248749
0.1956443815617561
0.23448178084527954
0.11810209734170318
0.15489922043829424
0.21705034600585896
0.19885407795042126
0.13644447757293482
0.18553193976577273
0.26788163788650443
0.26284024795606353
0.2239937671239356
0.14173287686931182
0.18015121305303697
0.2510602890130758
0.23182317085086324
0.17648746893608241
0.22836093898532067
0.12475998731737577
0.19901320681077586
0.19850181269639766
0.0555270295254123
0.15304576733661532
0.14481500050347115
0.14563315013335001
0.2150247688626899
0.11817754560427092
0.18879760790970823
0.22343008276973547
0.2503623665064771
0.23783588856029525
0.20452940198897218
0.14727960160818396
0.11630797006018086
0.23945018625725528
0.15782007363748696
0.21191671809701335
0.14284017541492733
0.12853909458236318
0.2928359036323429
0.17433253320427766
0.12957912703197377
0.16904784755173632
0.18381628638437653
0.21221846200658565
0.17668975641295426
0.27104275879876477
0.1957502120800053
0.18623770354593713
0.19374148928256218
0.19871144499768523
0.2481775116715315
0.18827105857609888
0.16239663673053084
0.18165311092319936
0.1776185406140245
0.30122664612105365
0.18525072248953514
0.2186708754556419
0.20677588150436121
0.2305047743302644
0.2036340153814113
0.26733768379035305
0.2394962234746804
0.15369660005798133
0.2068201151554904
0.24455965517254205
0.13410259136091157
0.20212359727855858
0.2627008914868842
0.18487010220358763
0.21352581902170095
0.15333822853722875
0.20909550001031096
0.257713883689505
0.25736499850768507
0.2049859853526052
0.2487272378248976
0.26322910661304766
0.23718353026814357
0.17548078259120875
0.23152018373624556
0.22869870252512334
0.19108396109725562
0.2455506830229754
0.1391999349074724
0.13568612893341395
0.21196630026371993
0.24679738045656566
0.16684474122062226
0.1997980076280678
0.1769609405412702
0.2063876556817161
0.20431267558576893
0.14366476460070954
0.13720801273158828
0.12378271187214238
0.14623524806855637
0.08910550526403237
0.2587883355943888
0.20416530956825119
0.18439162122269595
0.19062194986386818
0.09240736431061598
0.273760499744429
0.23688236494327664
0.15308081146456326
0.23513686339125595
0.15221501437660176
0.17983069165214172
0.18589308621786835
0.2722278398422239
0.17344148028694215
0.18585935645494972
0.22029099974173394
0.12240827520940514
0.1568558443698022
0.14795062929532105
0.1544002874553795
0.21283242116572848
0.20053721410461028
0.1911745428854493
0.13694670862464453
0.2515679443697852
0.2055994646630105
0.24599233813349902
0.28764244619493184
0.1607079824159955
0.2916173238870988
0.23079357289196978
0.14990549458081437
0.2384771301669349
0.20578716174771522
0.2647448568307935
0.23245487368627243
0.23421785944610315
0.19057655492437076
0.196471213454402
0.11415367686137658
0.22461552498290832
0.28300507557255516
0.23563212133604078
0.18934480062648193
0.23269655489200966
0.18042430166509574
0.2898004899035804
0.23664893177060947
0.17020212288962222
0.25629584725597676
0.25792308810025066
0.22098976753067123
0.2131064467998833
0.1954534161058035
0.15607552691521365
0.22135551859422115
0.22624721090768377
0.2471352887169289
0.15393169881008445
0.1691772629944165
0.1413474665146844
0.2539400095569444
0.06982959363112481
0.1270864125035603
0.2723354549265187
0.23854982426365418
0.17273755513934516
0.20410771657581592
0.13756620944066214
0.20862907835498357
0.21673462392542084
0.21670527860332173
0.23609319884760216
0.23492250491023323
0.3152917026268862
0.16563731983585045
0.29588844789291485
0.17381552288022412
0.21989923502572378
0.3005743367285541
0.2665928955068947
0.20332117239032182
0.16907597457523038
0.22195581359200753
0.2042948264779795
0.14714837226503355
0.21671873653074236
0.194463226653546
0.19733584139586194
0.1537726254415366
0.20593275715066411
0.2037850450433395
0.15083284332774272
0.25594707830192803
0.14463704269512706
0.15167333947059722
0.289604708796971
0.18749956526059056
0.27891673842664527
0.18681589472732532
0.15541709717723554
0.2487588511133277
0.1969426794937143
0.23533199841062427
0.18770235251944592
0.1823587487671275
0.22579536441130404
0.25154151357622573
0.1664485231816845
0.29240812344153194
0.21656152939444587
0.2905263113180846
0.23250908544948265
0.24062533335587713
0.22146640699573072
0.08939225044671857
0.16907970686089518
0.19169362637206322
0.19507727348761922
0.17004741307660182
0.15805270667617408
0.25599047167057054
0.15602254595716109
0.2630021671337475
0.06014992476527878
0.207203696307459
0.13499433046023174
0.11648148903578741
0.17966812198499757
0.17876335969590063
0.2381147946653922
0.15092832670567968
0.28728897602706965
0.20144847603979232
0.2168720741297572
0.21566406035548874
0.21811362964960565
0.20243529679972752
0.09100650277094065
0.11793000848169968
0.18106273292147945
0.18031489121215985
0.14239908789315364
0.2222705002285878
0.14539096248274413
0.22098304881214617
0.18856534885612375
0.25773165721713603
0.2299608870759121
0.2172834434212339
0.2186421526834704
0.10710023787832013
0.16955585766099787
0.325973403519521
0.23646244153562065
0.1844366396820231
0.14166137510658905
0.2472806247590743
0.16484507193915693
0.16090698773739187
0.18301805125051132
0.24727527349207926
0.17464794425358615
0.20039962107291845
0.19673880698891003
0.27116473948826997
0.22954201183224493
0.25724015784226645
0.17149342103935622
0.2413834556370158
0.22054518589442865
0.23059321697815166
0.1945936151612226
0.19603565580505716
0.11997919760208903
0.19696197037158908
0.17610310572163657
0.24020950792773216
0.2026014344091097
0.15454527561634177
0.3457406252139719
0.11992636909788029
0.24656067566478918
0.25512307836967746
0.20218989430986453
0.1950418292290029
0.23646937632154977
0.19337757350206178
0.31216305844269165
0.1343922588154629
0.3047696519090945
0.23638471441644482
0.20112954602162722
0.2049074191283749
0.19899555303094701
0.13711960762246722
0.252309091622622
0.10468327973609597
0.24300375930947304
0.19094960970540356
0.16543646549292743
0.217430018615067
0.2594102547753655
0.23490318128334076
0.15075919000453764
0.28453972378122794
0.293025498078608
0.14553620110441742
0.2398366116382338
0.2389088950818134
0.23927650270389772
0.2069567031443573
0.2437766975402505
0.19293022841421142
0.12483681107582675
0.2020755002365939
0.20927320258675564
0.12778540795545873
0.13877923821990126
0.20151610916961182
0.1992524321241423
0.248639473853224
0.12367492808718979
0.09396724416741242
0.22417122506742837
0.1755158986326838
0.2745203623127788
0.13819508038300965
0.2049657435010356
0.208668801849914
0.17629371277288353
0.22179214798856706
0.2582865599367561
0.2460321859364642
0.21571035561288696
0.2335659187460159
0.20534238555424084
0.2886885787923784
0.19299912334430536
0.2149766341476167
0.24258062587437024
0.0665938753541056
0.21555613969244594
0.16624363508095955
0.2415924482460424
0.16025710830944617
0.2703267094524061
0.23008207053433233
0.07420837722777582
0.2528813712980016
0.19824251496213238
0.1762213614354788
0.09884558821625489
0.1622735168348976
0.22028533160806138
0.22985852014774705
0.12870667195615482
0.11262677166377673
0.1864256504005553
0.20480252069461063
0.20513824112815404
0.19379755562421627
0.19350843914690863
0.23302587898862073
0.22391069121102133
0.14432119325098455
0.14126204843963697
0.21096597574548773
0.25429249719961106
0.16059372857660623
0.2782151768743822
0.2136555461922859
0.3220447262250815
0.241283492729729
0.18581384966156583
0.252781015728452
0.18318836845847983
0.24064572856342686
0.1932152553529213
0.19323552450505166
0.22250185312247825
0.1894363569037839
0.1399881267139338
0.23456408299199025
0.25462105025044846
0.2058651708794016
0.19553043535704537
0.13972319552269385
0.2532744632302185
0.16526800068112374
0.19389601129797068
0.10362933509368412
0.1973318051042739
0.1462074211879233
0.18877574418769622
0.19186440532529428
0.26902038001008793
0.23172853944031663
0.18857920301854295
0.23505436998317272
0.17321993759854665
0.1417986840564171
0.10958938445559904
0.2577806162458057
0.2233663259496627
0.2159485776279038
0.1463021021354271
0.2812129702713802
0.1665335025915265
0.17324832175228075
0.18560222967447484
0.18684347751898225
0.2254452040571693
0.2933092038318911
0.18932760175524915
0.14893562878793726
0.12766774483253118
0.15079232028309592
0.2079313564763928
0.14737412167478112
0.18303761229305557
0.18432249001675516
0.19226467524762964
0.18957899060758163
0.2749706876327168
0.22093649538940827
0.16230629258370716
0.18176307756384819
0.1207466724548198
0.13149478843903378
0.24366121199513685
0.18169428067516513
0.21140139805609204
0.08777852131168229
0.25219172086147473
0.21279687202617353
0.23177907283903665
0.23941450577488207
0.1580219361741365
0.2031831048390867
0.19203966019440036
0.20638919059966046
0.10615936242005902
0.1730126274280931
0.10660500754834404
0.2144044585043058
0.06249817355593931
0.25921913252646966
0.176370144450396
0.2180258873341503
0.14684693080324623
0.23620514655977776
0.2829354895027729
0.20746215001310764
0.2000529973846824
0.2621895710354491
0.10049011764980453
0.1543405000075031
0.14512172261355855
0.38271357898556074
0.2800597745105589
0.316610997763986
0.22366969310666843
0.12431122942412513
0.15584824369191436
0.261203006538967
0.1495674269917071
0.20592085673628957
0.17453787174455498
0.15786667955420644
0.1824136161851272
0.24425123693875092
0.2010705682853777
0.21111429036919716
0.22085045847226187
0.15620797421131072
0.21707542552443812
0.25077082027720293
0.19571497040557895
0.3010714865265257
0.24845460994915497
0.17040189399040503
0.2254503868941056
0.1834856671568981
0.14948401735484973
0.25447654193681823
0.1885179304369707
0.19822127435588477
0.12804052687066536
0.17851302507538186
0.19131653187851647
0.18315607680629387
0.19212622587043454
0.13822015318108138
0.22527547388631658
0.31725549699249456
0.06789926196044435
0.1720605228855947
0.19583597919435536
0.23442361085337385
0.28152413817295635
0.22058459438821593
0.2796096701878742
0.221939398085523
0.2801442305417005
0.3003123058059986
0.10271492674607131
0.26073706020205356
0.2663573078225316
0.19612703727610403
0.31500759528238154
0.15085246248837994
0.20582934136864636
0.1627611160376835
0.17281541779066267
0.2853960568816539
0.22812623950960342
0.21483284534512903
0.26666277209288347
0.2021764345140838
0.17029630992596856
0.11609676955602966
0.1970913925229331
0.14144640699081543
0.20452589102255941
0.2734399558830848
0.16769672528575746
0.21043679850801258
0.23285501222670385
0.11721983454263352
0.27654281478416265
0.1517643114579854
0.22232953600572913
0.23105158329993902
0.2492835852733658
0.16819369928401445
0.17201252587234134
0.16682651052507055
0.19585648041976256
0.13496209276109017
0.30969881413392997
0.20783405042855696
0.25725962280267267
0.14065446192666053
0.3474567046160505
0.23995306173050165
0.22699028885824382
0.18073731934296183
0.22464827394892584
0.16842693161669936
0.1592827505401205
0.2912348006378239
0.12346105823303434
0.2410764540033605
0.25358364029422253
0.2580651601547544
0.17900279583902726
0.16090623753704025
0.23928372315453678
0.11977616390108153
0.21511754139889758
0.1853066680404164
0.2324599730266407
0.21364763331048525
0.16477281110601238
0.32082095172281533
0.3401089464458058
0.17952480518091699
0.2969914993924813
0.19193964301636163
0.25997733490130837
0.20858789564735852
0.22846130659844086
0.24834018400347996
0.24532567074848566
0.1890700543984069
0.20600375644552968
0.1449794342446561
0.16651137107270458
0.2898976310996097
0.18105426014090903
0.22343400810277997
0.18721243743882388
0.17885459301200868
0.22018365368567427
0.13828167832025914
0.17271054995377444
0.21711217392143686
0.1543355183701991
0.24475507662387858
0.10314048836437943
0.12370201712309536
0.17796106646796983
0.18576436928736756
0.22316344656801024
0.24276134117910356
0.2065862998969499
0.31436362814924873
0.17727826531008645
0.1880384413749542
0.16969692886175047
0.09562450667406514
0.24237544468064132
0.22835916712289758
0.26543240236379145
0.18513145977263679
0.24775595097078773
0.12802462939156126
0.27833950273300145
0.19897238569598016
0.1974717250340054
0.24431550093870708
0.22951364189482124
0.17980511200443305
0.16491424884303035
0.21390793433241875
0.22783464036704368
0.20250416615067338
0.21126941999850965
0.18921292615664173
0.19724486199901467
0.138483779759671
0.15697517378336107
0.16186742795341427
0.24835073209243652
0.2559718615587951
0.18930174434871844
0.23080219655974357
0.21802847592826588
0.20982499131596158
0.20911388422111188
0.15640329524544888
0.169565686357678
0.21436969360493113
0.16702988116139125
0.19128327498571263
0.22108191469072688
0.25943256920596847
0.18652662667235606
0.16276464474622582
0.3453233031922954
0.14054089403816608
0.3032395314233981
0.19186889834330764
0.26621912945342296
0.162709070212665
0.3147661710928419
0.2404687708248887
0.09470507261505777
0.1856709294657373
0.17982586053405986
0.20353728177461994
0.2024195035097763
0.15033124209217477
0.16614268054443687
0.15754800747960818
0.2764856124751249
0.1854308038685944
0.20075777985944881
0.20682127001488185
0.18761145573145818
0.20896673108985717
0.16146265563053216
0.24194575799265453
0.16505200831415867
0.23689167835455835
0.14197127641104215
0.20744340104940592
0.18244766991310202
0.14875908540593372
0.20813831381977116
0.1627550248224715
0.32596108361446524
0.16037621043442218
0.32923693656540254
0.19740936612860568
0.16723567746868015
0.3153395384564022
0.24790724024651564
0.1181100180492648
0.2538595373470714
0.1546885722042522
0.2129286877447258
0.1511664142111258
0.2832169890186581
0.21233484767975908
0.20976389464220985
0.1466516715543319
0.16760572892127895
0.1565253873478965
0.26624130699785503
0.23888226381705996
0.23142659982206135
0.2586621324529647
0.19674134402256274
0.20056015347129574
0.2020599205817437
0.23726434412372682
0.25483911155742134
0.19263927523879532
0.2970541159125203
0.25248269020650577
0.2416839782318736
0.21634412835978786
0.17489929877042404
0.18374730627925218
0.24020372067495646
0.17435778277013356
0.1870938695444887
0.2850761250336217
0.2496270717547224
0.22353292291489402
0.2051183851150718
0.18097914007992905
0.25420092273679457
0.18503226371878564
0.23693700876898127
0.20514844041550706
0.16687880435792807
0.27087194668894754
0.25536765710366494
0.19079297032510265
0.24185576404615236
0.18144846424994931
0.1912806530647824
0.22755686214351614
0.24806924850495468
0.145618264715595
0.22593139271488252
0.20922606077119332
0.21089351047193167
0.17684723544272882
0.19526182187239596
0.24215271126895355
0.28331420570529786
0.24066316921607306
0.1829287643788456
0.15071194880449956
0.1712649013238175
0.08889208953814057
0.24849423847850868
0.19051371745972812
0.27851180447432955
0.18353803422555034
0.15698976878622856
0.24531728947683024
0.17097959558681447
0.19219293629238132
0.17947540295355563
0.15290317189675268
0.12142254234076406
0.17366693986041404
0.15148515804533935
0.09120509015542383
0.279849894341357
0.18402426969710245
0.1677268434559475
0.1911788612100346
0.18660197166707407
0.17260954629728753
0.26976401423677127
0.12410258994643418
0.1800911490415465
0.27652203071740555
0.19310017254213738
0.26565926861696976
0.18553768755613081
0.20082246045766633
0.14868538366094514
0.16754967786413028
0.17506227958238213
0.1903196500359357
0.185004588961949
0.17271787527348484
0.21025202332843973
0.2667760206822626
0.16290151482064955
0.18592308832664353
0.2624943169009164
0.23634069463553836
0.19120573890059012
0.20401189018942895
0.17304815638924353
0.12704008197520053
0.30686747325640423
0.1913788293580926
0.21105471690486752
0.23151415828078037
0.14015879508216847
0.15451643019328423
0.18646287105758366
0.1594506397980098
0.14344064864953313
0.2657229499733247
0.13966581655547877
0.20290325319789054
0.15674827498631744
0.237643391756978
0.17911328982231325
0.10457151594273838
0.15791218566359294
0.25264132330121386
0.09616770877887136
0.22074382268292972
0.1571836084115384
0.18084309313104202
0.2637306401195364
0.20267033312055546
0.17267898484756805
0.21752507579588068
0.22966973329122892
0.17108693458713498
0.19478024977899372
0.20614854014743683
0.1434896996321517
0.22253729823423685
0.20452604242268252
0.30307458424215894
0.20683846047035587
0.09540687576102068
0.18879970036161295
0.19488825947199365
0.08777367462026604
0.09460853215365816
0.22664398697226282
0.21985260785178495
0.2280120295322374
0.14654909836283905
0.14585172713583738
0.23068228143922542
0.2604865199053986
0.26230123232669195
0.16266580578141132
0.11657743204200595
0.11833552253523728
0.1436847653332023
0.17807529334712824
0.2360970856819602
0.17117271943993406
0.13984369790474474
0.270841645613433
0.16892200364368934
0.2470393533148843
0.2287538255696184
0.22104643536773755
0.12402722532425238
0.22546306969832813
0.23052800101072335
0.16626529565892378
0.2232009812708881
0.18870219058663718
0.19275798156090337
0.23524178576608182
0.1778789289356854
0.1734757749426938
0.27317275451093703
0.153890994335254
0.164845972853832
0.20706610593757513
0.18578922653926208
0.286206607809459
0.20769717863506684
0.14716099294616328
0.10916534522210336
0.1829531502417337
0.22480944464373542
0.19168512067273158
0.1267009027665037
0.14233877284427468
0.2157048256858206
0.14783163848896852
0.2260854464696536
0.19996960537363884
0.18130723102879898
0.19228835086133872
0.26124035015612385
0.238336164193081
0.28665303097977585
0.16178103064944238
0.18916635927241643
0.08438883609137621
0.25458789380680064
0.242256810688137
0.24523375754352555
0.2872481475534187
0.13024445828725728
0.1995491069832658
0.19841698140664327
0.31927503378169986
0.2390978064038222
0.260930698502205
0.1350520698755598
0.17907438353683403
0.15191717835234136
0.1615161282952331
0.25927530123780135
0.2164564793862177
0.2112318254835159
0.1914945456483607
0.2035152764545017
0.18014943738290815
0.22331541077685005
0.24189837036203632
0.11438964695370445
0.2211668850774994
0.19504814608342627
0.26899705986215994
0.2135255649061894
0.17380816226553872
0.20767102695466486
0.12945209800162732
0.045099395312726276
0.18050206031653768
0.16296124958240685
0.24952988553610592
0.15556344524310112
0.17873710601885545
0.1819087187548836
0.2677002086758275
0.20591258906972776
0.16341656409215552
0.22436015575490298
0.2285829422188828
0.22612679607567587
0.25008997083553125
0.29277279096902303
0.053627183838427406
0.22128933873625078
0.3252568652829469
0.22749584250688604
0.22091658911072515
0.20851786274754003
0.18756964046394953
0.19358793461515145
0.29339857593619983
0.18535322428438736
0.14721977990777926
0.23809427070541275
0.24291196504823706
0.2745128308895256
0.201168569578567
0.18993462210208084
0.330877962626026
0.2150905185695554
0.2559755710341309
0.1663761548069193
0.17380815453682538
0.2726129488078905
0.2393108560026529
0.2054626097008969
0.20284653834954577
0.1846767239245493
0.2694177710297434
0.24837943333034665
0.22171762877437728
0.2157018880097401
0.13396572138252133
0.1840872373425711
0.11598982135279774
0.15047484352260682
0.20576296937460625
0.17350442662629506
0.20484067046694984
0.18529586111003385
0.21382539947543566
0.21893755911863097
0.1457667678141546
0.1645098943709242
0.17286319308489267
0.16070948745248412
0.12091514355423966
0.1535970267647468
0.22890784666929667
0.09669478045042486
0.1515616410769341
0.23313072944660337
0.24983323367357546
0.19233854276989623
0.2005012176326064
0.14424388384926093
0.28292712511553636
0.10627686241422586
0.19665921320184618
0.1742449117790987
0.2565742466915858
0.17603808004847327
0.17798130222023173
0.2767959848374276
0.2599223778144627
0.23941145293516072
0.21460833812205013
0.20524891460142525
0.20232849002077574
0.18973613947783757
0.19316317753251658
0.17215813339856662
0.22888433472724606
0.20813462580739764
0.272261889358994
0.21264091171860497
0.24280611542855046
0.17460243672837183
0.18025021306079722
0.18325918023593965
0.14521009088139067
0.22565503272311813
0.14006975647286726
0.11339044050024091
0.15863290672062258
0.26850673057617236
0.19918023039817337
0.1941029682821421
0.2197908283147092
0.18834736014509387
0.20335171235862795
0.16662618509354066
0.3129652619431209
0.2718218304043986
0.2105045912605093
0.1969691044739433
0.21148948259702596
0.23260068833267525
0.2879224137596392
0.31845813009587665
0.1776146609910663
0.1737494271688095
0.2694390220787706
0.22033167430138675
0.19475906336263987
0.19537685787588155
0.222235270472456
0.19557240608435608
0.2375585536145988
0.2370807066617688
0.1476871731191463
0.04578839263530138
0.23743788190808557
0.13776799885406432
0.2056401338959081
0.28923566756292757
0.16856574858527473
0.20725197728813616
0.15657241552836063
0.1887907254893452
0.21898908261730704
0.2089202854161504
0.22318299964082078
0.2043548405230659
0.23216288208010638
0.10107082450391311
0.1949557244615921
0.18423235872382732
0.2267179566837545
0.19970439137782423
0.17994892163895193
0.20439727568657215
0.23805607717305158
0.25782849408102254
0.18770585006335164
0.25928018881058623
0.24482117731485004
0.2409966081611547
0.12951993193150807
0.17968666775782582
0.25922664185050587
0.21655374556731616
0.22608171368393892
0.14808442431115693
0.23912939530211647
0.20249009362659393
0.21914720100397153
0.2315937030464982
0.29329997314517137
0.16935648419494398
0.23276004932813277
0.2064053573639304
0.16758127300351905
0.21685732049520684
0.10806845552008776
0.173173027516848
0.24389929823144862
0.2257836998360981
0.1990706006673047
0.18609896429913358
0.12880399918613486
0.2311575571457737
0.2053012251251069
0.16469811277686044
0.25871768017234575
0.23838214240896388
0.21235255616675003
0.1438629500643291
0.19859178337620856
0.21250297243194913
0.21990960389947328
0.16198053974454138
0.2045699392045891
0.1433584867564421
0.28433744491851254
0.23971983465456032
0.17893509587662654
0.17132591855145088
0.1849229168592113
0.25407550477279195
0.18855591063876592
0.15679523099516285
0.14523181166172014
0.23052191368776084
0.14511615136574055
0.15101727634833342
0.23532866318192763
0.16014186659524265
0.20997281310759464
0.299912608230974
0.14352186320477314
0.19840456505709197
0.15992916817665853
0.14169472524375212
0.24089641890378563
0.1989568016406416
0.1607751789444627
0.22123567120816118
0.2087893334332577
0.20138358901537615
0.16440888611721413
0.27594979103346445
0.23803028560641828
0.2511146253853638
0.2263075843622917
0.11671083737783776
0.15292114265713708
0.09017542459086077
0.24924770433343835
0.24966388240475365
0.224074697398157
0.1942872604416502
0.24993474072515026
0.22577105745201814
0.22126749808178214
0.10771911608159174
0.25502025527326966
0.21668860804200502
0.2409842782162258
0.20572976016520894
0.16996686238167635
0.2279442114679415
0.27958945301328597
0.20748514839856524
0.21885404632640953
0.23370037846151517
0.14648644274118525
0.2318016517874004
0.22756182313684223
0.2041807360508644
0.22078014652738334
0.2094799161009487
0.19606167553321138
0.21169547812573958
0.11441569060934212
0.19860689657449265
0.22064951742347888
0.1929674362185694
0.23000290627858938
0.25805579544298635
0.28258141305129325
0.260913524062371
0.19644240110345643
0.2250070815296424
0.27719296401346993
0.12946678205535017
0.28702260316484124
0.13163101638449853
0.2726998595917939
0.16835393934211237
0.1582987563491604
0.19655641100719107
0.16945441966224337
0.2786539303653204
0.16259238421392988
0.22483671165274252
0.2643515172996193
0.11814587792626952
0.21140273916040742
0.162515848589752
0.2262599869737083
0.24854743578092708
0.29677215367638055
0.18250260833489182
0.2324904371302707
0.23715834273487282
0.2575617294575901
0.2741497651150649
0.10935743342134736
0.2024718586838638
0.21278742279065516
0.15940191204589055
0.07812840699337015
0.12132030296456359
0.11154296137566519
0.19254893773819373
0.19241794496213677
0.1601959321588966
0.1842280984311745
0.19058301992633903
0.14097503731337133
0.2581853525597512
0.15925153676641923
0.2500170382212411
0.16724875348579765
0.08250659115616117
0.16618811065406838
0.18879907913701163
0.26549556324235285
0.19526131469412442
0.15489711264086542
0.1167658789496182
0.16633440717486103
0.14042666385603148
0.21977422084866738
0.20866014584031528
0.17474656853581746
0.1972478944997758
0.2744734772151519
0.14918097205151215
0.28585309877000376
0.1489857277307378
0.18427986248986317
0.25970948245894393
0.12014387453576361
0.21339926153318484
0.3238905365717983
0.29529026933420455
0.27598140741777755
0.18387316826078734
0.23358800433842233
0.1933122661655438
0.20489748711982322
0.2606310295497831
0.19517750758553132
0.21708064275452738
0.1571981471184739
0.24428447501622114
0.19089414728966886
0.22925508321540505
0.2234263825389154
0.2697174823438301
0.13471718714859426
0.2277860152062383
0.16576542683563417
0.20032641882709495
0.2767047786528051
0.2644013181381512
0.14685941402346325
0.2157070225069134
0.2746783163703198
0.11704364743852147
0.1833248425826672
0.18803319371849467
0.2338707784076759
0.15080856635598466
0.29433525041139824
0.2200858795635161
0.12836417130364314
0.30137092358289036
0.13360843644443232
0.199573315642926
0.17528230657918498
0.21928607975382525
0.17023429477241397
0.19970695137191938
0.20372994464910132
0.1306166728363311
0.19818968883413365
0.18930391549542552
0.23307049494600401
0.14391543300261456
0.24080715748182327
0.2518648738481063
0.09413917075906941
0.21282658994276582
0.10757879469375133
0.20718902324805102
0.22368462059162134
0.17720923046260462
0.22186651783862238
0.24573220040712043
0.17911070678082824
0.2054236149389805
0.24641996991175916
0.1984516520366747
0.21708533437886332
0.06247197187427969
0.1274779234084918
0.11356280084932051
0.20912087967313467
0.17023386932433057
0.19078580613426357
0.15026112966938532
0.1877724032000933
0.13124229284395295
0.1592593245238671
0.20041589488321906
0.25889206245887864
0.2228869103291927
0.18695902249035024
0.11733476941026198
0.2336315271601081
0.21975140056722445
0.20515867015506137
0.20083735174190537
0.19210098833510433
0.26669544543018897
0.16510465900576954
0.2241878614323618
0.14705971203481033
0.1822422843461095
0.2904090428088721
0.24784817177444987
0.1585876840402919
0.26758991454234005
0.16432837407630765
0.16401540847439575
0.09386487109647779
0.23624351086208573
0.20283751927324029
0.2509901506188252
0.23765242566045283
0.23948546526780998
0.2528829792827344
0.15760421741672917
0.24700508356610523
0.2505095223787539
0.11319462231402104
0.04700767159865202
0.19289528978914242
0.18866738562018484
0.23172728765552392
0.1791358757076272
0.20255951021575394
0.20154303792117648
0.16807009465709472
0.18704961868442924
0.19521624472590154
0.15944567301928936
0.18088268937827717
0.24798635047767947
0.24826782177420958
0.25404382442351997
0.26160419296258763
0.2545089812644493
0.18098496829118993
0.17498450897178422
0.2661026230762699
0.17846969654265285
0.28491855873014427
0.24198617649437434
0.21904679683773312
0.2139991315905371
0.19505030375141016
0.14643003317196363
0.13465140698411343
0.18392435106396593
0.19345928991599862
0.14561189261243207
0.0853996970587126
0.22664160837557837
0.18215870940741344
0.22463515362041397
0.055887213117681245
0.1341906974538139
0.28181207702901334
0.18635822032910065
0.21045140968926163
0.23319809743418668
0.17433695594857632
0.19826827528179258
0.2771400092266386
0.18173263234881376
0.13594229666579416
0.14299593831070317
0.198197397812744
0.26070646690029947
0.24240813748633944
0.17785674264247642
0.19992930067226347
0.1452834624325584
0.19860719240352884
0.2033326682069106
0.19742109553287956
0.1896491908474351
0.2870573371557575
0.15188935797792555
0.2490675755026997
0.1415576447785613
0.2324292638785395
0.22280526370911247
0.23159588398939596
0.2233566624738254
0.15526228424136249
0.1733174232024556
0.27385624478859893
0.1235852433804277
0.20217311630918108
0.14353167712440404
0.14058517163459006
0.2977951586707084
0.17442080578506963
0.18750291635206615
0.21037211723311713
0.21373516904920542
0.11515459257314713
0.18837301027381062
0.237906777353109
0.19664053788443267
0.2082175777735388
0.15213010824880618
0.22074049963215603
0.18146044820227594
0.1604647495952362
0.2676955478594232
0.2153943247178879
0.11566408976492792
0.13605444971741548
0.2141966995583349
0.1730027733683215
0.1386934710430255
0.18608516182329773
0.16673007461955003
0.24258888256925418
0.14631842304459763
0.17543658473208196
0.2730865074694438
0.1856709780838287
0.2069130097394723
0.26439371167152415
0.21991407599142354
0.3018459908725722
0.21587360044791637
0.18017432852806883
0.20781531309287893
0.17446148972164655
0.2500566962536865
0.23531250631052952
0.15662294787221778
0.22082672030294134
0.21501845979594958
0.054029349399036974
0.26864216467378005
0.2910947055817426
0.2525994286668876
0.19687966237680674
0.2851852284428201
0.28704326315722584
0.13667214426818264
0.2992571482878386
0.21116635957092242
0.19320675725809072
0.16075485828129765
0.21720980733138834
0.19948765899649806
0.10322494489310045
0.07397219189741192
0.18155167921897258
0.3014257547418943
0.22331714562658703
0.287643563292373
0.17031319785344082
0.28066250691886807
0.14262215896848215
0.2210224091249664
0.2553851480970776
0.17486306073125635
0.20063453871672143
0.14313753261116718
0.1771188369949766
0.23700510514967402
0.21489170583030787
0.23192038233838116
0.19947201786224053
0.2069262937453487
0.19848757482854698
0.3007576709500269
0.2849884231412013
0.22826747588134066
0.23207966480557551
0.1669144791239179
0.163370767730426
0.26664281186814
0.19422176710730013
0.1568634869984199
0.24123371827474224
0.23162965487833453
0.20947669431199953
0.252786819876816
0.1815812682850828
0.16959307718522176
0.19428782636542002
0.1538193974435197
0.23771952093408225
0.2233362711555274
0.10004548999162798
0.24123276018196083
0.18982587011065483
0.22728852728010163
0.18889259948791756
0.28594457387478506
0.12035337478668479
0.09003225581702197
0.20563927884989458
0.17388490712543936
0.17465968391968148
0.1618851999585302
0.136369018258387
0.249746772462564
0.22178771919142815
0.23779728771813635
0.2109365745820907
0.13151240697881647
0.20445688915448115
0.2516233438190701
0.18171836443898684
0.24418030974848176
0.15088089197588697
0.09509023748300688
0.1737955444303975
0.18953830251994666
0.25787676959937217
0.16628514380378312
0.20239892051381073
0.2984921889080584
0.11931165030012862
0.21040908881767878
0.18726370294467085
0.19192570164042716
0.1831785919755836
0.17058243291488426
0.30803368585412294
0.21434900808619492
0.23175551067424086
0.24209682490158319
0.23596970728332345
0.13466131074114882
0.1341143935405399
0.27319758179230036
0.24179221313580418
0.16208271336421354
0.22571858121819055
0.2481531436572125
0.14082063407066295
0.2063179028205021
0.20466357561721255
0.16616753263359701
0.1983618519227956
0.05589004361089456
0.20073121170552238
0.13435387505984697
0.17925908055361767
0.2835221419248398
0.19940998702669696
0.2476033604065721
0.19955011272689555
0.2413971033552859
0.13144473138663287
0.16905074862855468
0.21836053091657676
0.18850423673301192
0.2238175634627413
0.21018768629646606
0.17410685345522056
0.266960111454812
0.1912987932728541
0.13819818525590455
0.19475499600267504
0.1828951069325467
0.21780294273322034
0.17052555057850408
0.21708816366911354
0.23643000231330066
0.1556194107608895
0.18305537990057577
0.2704280123476075
0.1079791741151312
0.237137871170993
0.19610539537625266
0.1476823288016012
0.17440311906767333
0.15794219847357835
0.25944401355319197
0.23513292786607856
0.2474233043290764
0.2625828651816896
0.14014956848625185
0.2595295834874496
0.2608156049517774
0.18210807740133422
0.29660489142082685
0.23925990885926868
0.24769793455545733
0.2094673950609591
0.2271171569593406
0.2669597321035544
0.1281076917844867
0.20648223181856928
0.2502654780318453
0.2192906513664312
0.20244935775281334
0.1188719697486801
0.18566952822198432
0.20904996063616457
0.2412606094468152
0.19631288141942083
0.22390599712579842
0.16188462908862367
0.20202947876529948
0.21433616365325409
0.24857625870893785
0.26856383426334385
0.10966935536551951
0.21010084683454872
0.23496520647289543
0.15545938070492588
0.07266831660790704
0.2782545205716417
0.2161979686404332
0.07903014044151727
0.20778409674536535
0.21886990344567248
0.19611381150063412
0.19473927276328307
0.28066107576738997
0.21363706998927706
0.23225314163071506
0.20194359984542845
0.25606178927038536
0.20849754893464092
0.12415712027720208
0.25249896556524837
0.1323418195289871
0.11816380884477728
0.19879827798953872
0.15319846289628022
0.23505546464313543
0.14111693946084758
0.11886198568101271
0.16222105215377647
0.10390662887798327
0.22684862339999828
0.1509687592273537
0.25733904800860197
0.22972673657791676
0.27674335240791786
0.10780171442605152
0.21056686266350666
0.27890907116824304
0.17782310545331229
0.23113143721730406
0.21521682203948495
0.24724252197686913
0.20853926751497107
0.23623527858123178
0.17647183300453453
0.22227182466189335
0.16459830072242615
0.23875238459644485
0.1730767234491546
0.22001316411826305
0.1226798839299204
0.14903408950734223
0.14425578638516107
0.21010582893073068
0.1822592736965671
0.16158992395828414
0.3038993283811005
0.3075201660664586
0.10601020637997248
0.18683362127616068
0.21843261914176804
0.17127438232679235
0.2973336906427615
0.17453809207997
0.22025323319014048
0.1652523758782963
0.16795397176916538
0.1818143863867866
0.2100650543876191
0.11534246507595805
0.16256323784946336
0.26935017324774385
0.17826076115419087
0.21396800518976897
0.19803566610088202
0.19991865029697145
0.07058073592135469
0.23534851900479611
0.16695397043837196
0.15489458664491418
0.1918435140318287
0.3284016062018891
0.22568923060750415
0.2539005412800728
0.3465236091095507
0.2455089117674619
0.22232287721270852
0.08555330233571264
0.17942372852178204
0.216588423047034
0.1284888608815385
0.22389073174055713
0.10754163960267643
0.1389186823848362
0.2839700948715287
0.21007392379893022
0.1497807172208307
0.18111473038915368
0.23574170230095814
0.29934665567995705
0.17849389293479523
0.20595385234582492
0.21609113550965164
0.18321976080511165
0.29586283346365605
0.2194752740002694
0.130245664555345
0.2308643255623413
0.2414307530986669
0.09829600048886895
0.1468395214915905
0.24722323040517186
0.2589401711927168
0.15739752001932825
0.19573981719295888
0.1146197418882334
0.25214026572354287
0.26282773063852954
0.19227136494134608
0.21067104698498307
0.1575827081565052
0.16020758319866546
0.14785053517817026
0.1546207627705396
0.1990705112437645
0.24432950134334427
0.23850427103368838
0.18106218735421833
0.2777186355998135
0.162037057006735
0.32059241221505524
0.2908853567131166
0.24983190591482815
0.1103277910101479
0.28875052367338705
0.20223408069549947
0.16722583925435633
0.25280971213299647
0.18726238255482225
0.2051886125056086
0.21508873526776445
0.19821060774700344
0.1651391416837234
0.20473427883452358
0.1342020208000323
0.2526920343564875
0.2894821552518342
0.2938224405990991
0.17737419913297334
0.126424221321149
0.23303098754982365
0.1864593870872486
0.19701316960127654
0.2326864981524545
0.2453667310664811
0.16004648825976103
0.2803361724812779
0.2364098180712673
0.2150769903210724
0.24243479977560967
0.13718710507933815
0.2516572874099927
0.27744413486436337
0.27970742651097896
0.15376058558885647
0.29896215142008986
0.11855251579181157
0.14619753666914437
0.16976995245740722
0.28968578625994784
0.13551731693407432
0.13700603541422104
0.24601519895069307
0.08426835264545218
0.2519619335839139
0.1551524723052225
0.17401871713825884
0.24242056281538665
0.12563588745365756
0.19566438347229775
0.20647294257012752
0.20898248104091918
0.1845996562298461
0.16688667105080124
0.11082495521649892
0.26590312766532453
0.27348369018721136
0.17085166204325086
0.16876947655060173
0.21670036901644146
0.1904763863265846
0.22949694083320724
0.2266798504367645
0.1520651528435129
0.19031228790550234
0.15867550839292113
0.1678249810721497
0.21313661092004216
0.22578642720628883
0.2366869206799416
0.15197160092908485
0.2992682156035368
0.13010642001140488
0.14350902062978033
0.2226203444757307
0.2569045668961114
0.21305580389895365
0.19610192579649158
0.2102628304254294
0.2770033058726714
0.10850007884630401
0.18189117278191833
0.16699418691081594
0.19361985040742025
0.19702175786664122
0.22515010298678625
0.23072986584541716
0.2345327600795282
0.16197256399227938
0.23302046351195674
0.26153460932708644
0.20230276286620788
0.1591034811180557
0.20009568500304958
0.25081885422679806
0.19154126584216324
0.24327796669773152
0.19976706753289694
0.2614865931219595
0.25707851698657197
0.20071515137117746
0.24397345262200182
0.24807461554303534
0.17751934187671253
0.1697181494556217
0.14574186742481343
0.3165840146123498
0.14634669491333707
0.20101158818691656
0.1822398534188801
0.2615838543095909
0.15371528022545794
0.18373442369341952
0.1831197697648915
0.20393888101097185
0.16464758883794767
0.2810286154483403
0.2858665693270339
0.22652134334308016
0.2504567701860102
0.1868840927924793
0.20696659747764717
0.24421148488172933
0.29956289196651736
0.15585882139896007
0.22624417972461305
0.21027923546123825
0.20623415684566507
0.23871565521820087
0.22951293872094114
0.23175104251860995
0.24902708786320954
0.16797163476828292
0.19872984147674191
0.18635555000943688
0.14783020525968824
0.17796613519828988
0.16821780902811487
0.13693248032387634
0.22761600362431736
0.14528321833775895
0.1912859544288556
0.2542484944187506
0.24426932486995218
0.21260094255464412
0.2581643931492725
0.12687902832140596
0.14484929922486994
0.13298218603428025
0.15301893741937478
0.19187333723495084
0.14864842854328741
0.1310588684532744
0.1861119773779098
0.1574551262896092
0.13042585140735435
0.15244162133685046
0.15504656127003585
0.26936886091539625
0.22893695475345602
0.1375456979630747
0.12617712823453414
0.14405909517729168
0.1588088852638825
0.22814601108453922
0.1820618471306217
0.19482234237546284
0.15778706301089032
0.15277876325211903
0.19816929259116975
0.2834077184494538
0.19130247814068863
0.15965328879429888
0.20233823400502354
0.1707326618933629
0.16778722366537865
0.28033545959717515
0.21744630231365683
0.2375761074951958
0.21979592322353064
0.17587174227111374
0.33171137257272104
0.22674787142276798
0.15445317227011815
0.25836089395418915
0.22923412566209328
0.23081931053215798
0.18306068367325756
0.23631546143398732
0.28287229669734204
0.20186781877726379
0.1904796381379834
0.14564657385295926
0.1356030595557544
0.2727471762603137
0.06426740520080826
0.1256308889289961
0.1691429313490126
0.17294732598999368
0.2867233864811062
0.29474988186390993
0.1425485008154257
0.12365026155875443
0.18855720497627243
0.2501074216085449
0.15459222344896734
0.14101837674013395
0.19141563957032834
0.18914629259352272
0.22703750686191473
0.1706223883241223
0.3139058567228619
0.22479317234789745
0.20654574099488046
0.22163937451741897
0.20317542499832297
0.22412182895994331
0.08219864215791613
0.20545346435029324
0.19086333275228817
0.060287235983115556
0.20355963539510674
0.15711162292113556
0.14963754694900022
0.21927638254685597
0.30394641391028193
0.20154204741009976
0.1364028846053042
0.14732991230764741
0.21856160148061451
0.25017998637333816
0.32958573408829733
0.16168083871336936
0.2953926549599718
0.22995029369801345
0.28160892906633794
0.2624943973995011
0.19922716565583093
0.2111206934219136
0.1589309894503758
0.26261164653310337
0.22796460005865363
0.15405041611056847
0.13758805908076988
0.21436924429190518
0.17799690624669356
0.16648670830360768
0.09630931205596205
0.22670636352441473
0.1653216800951936
0.17015528753492384
0.24244849817941455
0.1876972693113027
0.15191615946439385
0.22972849001041556
0.278018100214933
0.22379414194238884
0.2696045201815899
0.14463425875914313
0.20591696560812214
0.12349781504158563
0.08149842852982142
0.2534498876209088
0.15318172831341434
0.19928600423250792
0.13086936856088172
0.2513784482725382
0.2078586870949985
0.2427102459920102
0.2866543295716212
0.17860494039186792
0.13135535177853264
0.19972617530940567
0.1438681872991412
0.23400484141847228
0.16443883914116697
0.1590372400928805
0.2553160672000262
0.257491592070155
0.23253227943655605
0.13730771275344486
0.29334139049883945
0.2249734343467365
0.17878493328203798
0.3567309324727578
0.2131112331056423
0.1425413806579033
0.2620865381493036
0.18973345131934194
0.14714238895864407
0.2835357011805259
0.17220319586738309
0.15796360828943598
0.22841605831591358
0.2886639746865738
0.22325985530470263
0.18980165023025536
0.35231793196346184
0.18028854769372296
0.21461837130672926
0.1946799822704688
0.21078974703792552
0.23482557866064693
0.22694128032609892
0.22351662188045512
0.21003892105076744
0.17535144372441885
0.2250436407925268
0.20409810549751478
0.2976557277650576
0.2525088519780951
0.1091380244929475
0.1946245052063724
0.14385081586773796
0.13942672987551427
0.18507712655587946
0.25536520960745074
0.309166755407486
0.2325791224659538
0.2189827077446514
0.17195754699461846
0.15743924112528368
0.22720002338669343
0.18612834783516613
0.10765613530739526
0.11428238980117977
0.1400543051259623
0.28497858737265663
0.18160898367573705
0.1289600480471252
0.20744507986687827
0.15183692530562884
0.1513701201485727
0.16870032628290374
0.302273088461828
0.16239402237416187
0.16404012110954064
0.15892032395037972
0.19918768318864755
0.09589591729293137
0.32651315218327037
0.14413504840556499
0.11827584002360375
0.27766608081618865
0.27098879534602327
0.09928094941101236
0.25844866381436915
0.16485867412773358
0.19961836708391595
0.13551996884975065
0.23813885291710987
0.18214578334443002
0.24350588982665194
0.20683116329661863
0.2549703384738834
0.16095859249078212
0.24902581581007752
0.21995726189368703
0.21340656272760034
0.2068086847305017
0.2183080423715443
0.1303027945124559
0.2740138266423935
0.18325727008921264
0.1533068562132171
0.21642006420602886
0.2103200650112101
0.24359826811367147
0.24387608650357734
0.23466206429266262
0.2561328636218017
0.19395120480196676
0.2061552868913681
0.24983859110926937
0.21512741193709414
0.14051171458692951
0.21784483371664487
0.15264489816698576
0.21234760568299763
0.21265282063868604
0.14203762046567625
0.25528307554423285
0.186394035532878
0.1768391778304115
0.20315974241455745
0.33991086488702793
0.1479152775817313
0.2307536249899282
0.25597187176438296
0.1681831850447119
0.20097987769947961
0.17543754084038557
0.17571350974262667
0.1975519489797778
0.21554392193509223
0.1980571034791943
0.1741658144029827
0.1322168850323839
0.2613696382011571
0.2226371811116502
0.2584702337874669
0.17566553977778024
0.21044253950892067
0.24559675775020848
0.1742530318687887
0.16587876285072453
0.19211055972218227
0.20605694302299962
0.2305786916494658
0.17196777750183442
0.15629054853262275
0.17945311830471594
0.21782625906870193
0.20627551102834102
0.20290680813904635
0.1435165622421915
0.2444788008556231
0.2731158618074066
0.2933735529295933
0.21995777169434577
0.18845988360374522
0.2216902892394711
0.26187992788883785
0.26243445944932814
0.08550314914067406
0.0791075134535406
0.17467783949980742
0.16604911495887584
0.2561608382131428
0.19222582102871777
0.18642110416913832
0.241266077767009
0.28368353831726795
0.19469536080259142
0.149071117279942
0.12561210050966154
0.2350994217086659
0.20992691186192475
0.20134795643441328
0.22764669992561215
0.17995438415684673
0.12899982281740957
0.15259970612394352
0.16165168925394705
0.21675590564993297
0.22824355064451213
0.20307713491682303
0.1909693543298993
0.27550256657926386
0.20786253952451036
0.15125386656661843
0.2834143340634865
0.20776223079654982
0.2304450138576091
0.22503009681203068
0.17061216099347082
0.2027917778736703
0.15163950544630667
0.2038746624240056
0.16976831373764023
0.26951425005784524
0.20088041521784325
0.21402356562930733
0.22201290670420556
0.20238330901272236
0.2224040311526282
0.15026879006703264
0.18969971323827364
0.2022854255631189
0.16900467633689872
0.15147933255270457
0.19794967060513494
0.15007081986567988
0.13906493311659407
0.23386093102644587
0.1914896756205494
0.23153263870759117
0.23737835249096467
0.16408535713197153
0.28749371368528476
0.2168313001669131
0.19996584040244333
0.1597497370870522
0.126931557027123
0.24353250805432541
0.1756662328547404
0.10571730192511763
0.2001881049976027
0.21337886097781922
0.23057501243408307
0.2262457038885196
0.2405762589262181
0.25489781931901184
0.2610517472783535
0.2603144929483745
0.2755733113685378
0.16609550798004402
0.21859486552915877
0.22324924850726283
0.23422260846213927
0.2862477810149003
0.25963393823531267
0.22397213377660202
0.17182353315643506
0.24547072265092307
0.15470261369859123
0.08626724544556151
0.22551971214896202
0.20380857467363056
0.24568373631389778
0.14054622745738876
0.21585146733962432
0.18644631321475774
0.13132117607769586
0.2670802921915604
0.18991782361309814
0.22736426352467845
0.1568109174409661
0.15898425641225378
0.22027065244562968
0.13145244774715759
0.2187665054884514
0.27512661540454725
0.0693336584235453
0.14023743784463327
0.09991850419137743
0.20616316376538815
0.18845461258780294
0.13368113619911892
0.1944863344692828
0.23475680473761115
0.22068870102459578
0.1921881721928573
0.2612436882751199
0.18602770738136903
0.21131370751368805
0.26404661248752326
0.12234257093705919
0.21601508722359794
0.11900855196259517
0.1442270086940164
0.10098647712895364
0.12994458590857555
0.2271443136666177
0.25621089826271126
0.27988152989152415
0.20103328381245603
0.26974176576923464
0.17967052026586383
0.15789141215271024
0.16502090809375544
0.2616848246463374
0.1958061601972939
0.15360878390513433
0.22098389037499372
0.20066910215468442
0.25663633596439506
0.2560434143894205
0.3054230681724779
0.22432111593916906
0.2891219210568561
0.18967884762451812
0.2527075356348105
0.25072607723043605
0.2425429540906623
0.19696452295968594
0.2459781771080377
0.18605222904689656
0.15332532509209346
0.23170173875001493
0.2549265566822659
0.2257933427566587
0.21037320388670094
0.20558830662265218
0.17886733148321132
0.1095254353783911
0.17680272111808193
0.2133378794864784
0.17272511574567134
0.15870104962809964
0.13887160856882416
0.18591239862106584
0.2580368370375638
0.2143070545093756
0.26456218816700616
0.2288026799187458
0.10978757429876995
0.24155512820280042
0.10204071387451305
0.27776657002651517
0.22454761233316337
0.273918119516388
0.2222319243857292
0.24495256693672757
0.26103162905483196
0.16850729474065235
0.17705213880728515
0.22980034148359346
0.15518470903871442
0.14199750240283301
0.26037636287206234
0.22944715546345068
0.25159033225318683
0.2172946509007057
0.2479898607257217
0.16897800380075442
0.24463846504545878
0.15726050696727553
0.22658939857929294
0.20972294183470191
0.11743886415092859
0.2638298816584176
0.12026155061420579
0.22424817642342726
0.26315852753623
0.1911716562977755
0.26218119083588165
0.26084274621101194
0.21288612595102382
0.27837691831279615
0.1935689309596871
0.16557083509452514
0.19547395780289292
0.20275237261204118
0.17988617076693575
0.24734213401390884
0.2379579918311498
0.21162042473174944
0.1740800179304765
0.1495323977482527
0.10818032181591894
0.06677081803362309
0.1614324567707989
0.27142100676470704
0.14531081003473728
0.2869176015468169
0.19821406374810865
0.11337104724408367
0.23267422237102633
0.22808240026225593
0.2845187851425697
0.15491286474053728
0.19610910750739918
0.23557276444485287
0.2635641156138177
0.0618543977440906
0.24741168071588482
0.22076792035153442
0.2634920596761531
0.1794217959986264
0.2123697500163473
0.2887281780684844
0.20969473346780187
0.19933952411725553
0.24933874011811474
0.29000071264898863
0.2530841669247268
0.1391917993408112
0.2991849444239779
0.17422255974506728
0.20053827205140487
0.23361883536526976
0.21540431090473786
0.14863534844362436
0.13441293109495683
0.23745767819653552
0.12965372247925017
0.19844166376567046
0.2293782732802213
0.2609020553982082
0.1356129872942191
0.22350470240719567
0.1462022645741543
0.15434192325953958
0.15034425958304193
0.17114073252535844
0.13813648238520593
0.1833399959207212
0.22111097045652572
0.17042835968906464
0.2884102759209679
0.16191512342427022
0.2576860991566588
0.16799460817916517
0.22555850309172487
0.22094355209344016
0.19756041130905408
0.2283355146209858
0.25886148927177466
0.19566764571209214
0.22568338869197707
0.16637603994921737
0.1652499242154319
0.238987171847979
0.17649511544342975
0.30754759050358127
0.19249821672653222
0.19372126364675896
0.08395483354292795
0.15651590814336236
0.18704000595186882
0.228931799363208
0.13727490462690228
0.2947362293786807
0.1591866994985486
0.07722936840531164
0.1687357554730261
0.28775481412387827
0.1339179681300965
0.1924066582922313
0.213801925240011
0.2046380413160473
0.14371460274286973
0.13412653647189582
0.0634049622275957
0.22292346849160694
0.2958455136997259
0.18832172810406483
0.18850734059520316
0.18990917247639377
0.19897928814228594
0.21267320345088797
0.17447341197723754
0.2629028183268321
0.2012904592540905
0.1606061961712699
0.1879610687910809
0.28393706492362025
0.09213334031403807
0.2699773997246013
0.20917717006707323
0.2612949300865711
0.2277654280560778
0.1945601880784373
0.17730158756930303
0.11470509879807414
0.21606770747953408
0.15208251433918568
0.2156351178234053
0.21256396970881794
0.17727148650238228
0.17596845597524358
0.18801857580457998
0.2716331658232283
0.18356020281109311
0.20973157075002288
0.22895365370171789
0.23832687341556985
0.23261758828605106
0.10814729553649977
0.26767183742061984
0.2801048635532853
0.16699949382330492
0.15108779164959005
0.16340162318969803
0.10844687986888722
0.1607145706951684
0.09814975121401166
0.23005850803138198
0.19744365864016558
0.17921785906444418
0.2014969477950991
0.13304760339395094
0.2559755700249042
0.2705131749054927
0.19646803658967407
0.17991185217410732
0.13073770472525031
0.17376905548635926
0.22672523921688514
0.23644680035224244
0.19304419117019916
0.24119787107163396
0.20732394472527313
0.2646334458188469
0.2762228162604164
0.22452393168568158
0.10278001608881238
0.19335168022501045
0.24548365785459425
0.27179877369838973
0.15169699292738903
0.1970159246318951
0.2221211816517218
0.2409202595153893
0.2246029837225583
0.15977320574244963
0.05813470995304654
0.17336613720174954
0.17359139231508766
0.18064586711725805
0.2681622338452099
0.17351791452531448
0.1798950658190093
0.15540644793846728
0.21285330525359047
0.2644830930722419
0.1889666822139055
0.1117669473452875
0.18284146404973808
0.1875221494694053
0.268582749191686
0.2453575843661399
0.1482101233720418
0.11625549704774817
0.19536948335218857
0.15170991092684658
0.2531955535744357
0.18887474561080944
0.14272322168169957
0.23181605250694445
0.3004231389718641
0.19806279611917427
0.259859262056678
0.12991115871248032
0.2702237653246573
0.24200415366633848
0.20393031605115072
0.18128968658272918
0.1761295138053887
0.2352430147872239
0.2886865477935802
0.18713302915667085
0.2441257824141025
0.20022592885311766
0.16504650979572008
0.23782424198546553
0.14119915608902964
0.2376976920336662
0.22094356709682705
0.15756508575603764
0.24023580989849683
0.18635960161264126
0.2704457891236074
0.19170085957811447
0.16335605454406066
0.3376906545171544
0.17196468066048615
0.2424886741978162
0.27891415965651273
0.08643766577130377
0.23818171756224216
0.22986707812929147
0.13357778981040508
0.12625354620849494
0.1966003160517759
0.16743573927747113
0.14471602352950116
0.1652074457305641
0.09405659531927846
0.1367952818005569
0.1906145864654688
0.0926080210729048
0.17033294226359297
0.20524173369267557
0.24355944906271196
0.1705053354255705
0.2139721484108164
0.1528426251709368
0.14539991529759022
0.1826988484469132
0.2563662349890491
0.14890081607110195
0.19413552666044634
0.09761958016577708
0.22809235362883984
0.127985076607827
0.24825999259137144
0.2324520402554674
0.1969668644647006
0.20345692176366756
0.19706083704496785
0.21220252415213586
0.25829030841934164
0.15428975921052449
0.1745266178346706
0.2403020208171533
0.16857118770966067
0.14985561342939077
0.12728120879476215
0.2246769280232451
0.17865847316735298
0.1833018232411905
0.2380451757241609
0.1427012176746141
0.15410285608829968
0.2503528395546054
0.23906145434858686
0.28641653628602953
0.29891425976109015
0.19772154110612536
0.1262278901108359
0.20073345347411112
0.2533408319036373
0.2846842002957865
0.22896237481912635
0.23469059288240293
0.14226194016921423
0.18376426830417988
0.2547634267457719
0.2592967886489229
0.10621137446645475
0.19856895143036407
0.2183303233376257
0.2518808505641425
0.2648134013718636
0.20403335515170687
0.2273058951679213
0.15147286237967034
0.20494044179307305
0.19517896173294796
0.189605654428586
0.12574784497343083
0.13684859028090157
0.15491037768415492
0.1813409109934367
0.22916651659125936
0.18648466723777724
0.1893373171191794
0.24862653634497217
0.282145881839852
0.16666885623416464
0.17160366965117263
0.21732755479608187
0.24717135105427845
0.1080829716349666
0.17734917125450858
0.205697837445614
0.2587686144295144
0.17134327978859848
0.09331770708407759
0.2757733513632045
0.17904162098374776
0.21029323162275654
0.20620185815296985
0.2108133435359703
0.23551551766796702
0.14109609833723333
0.211688707546834
0.251221297960943
0.13789710741668812
0.14630363656321702
0.24521747303970376
0.20141644041114354
0.21884309402009472
0.16765105286184845
0.21035506300469384
0.1741543978184591
0.1872808266302402
0.25366942639691803
0.26024584003376205
0.2028243415060309
0.19650152932686993
0.27737662424177645
0.148637094641745
0.20568895153643027
0.13244020578727353
0.2789992893317613
0.2841280122593227
0.15676817039535992
0.1584477100264648
0.17002262743290067
0.16612665121239054
0.270779696938063
0.22263065962923828
0.18593485991791606
0.23323618480352412
0.23141911372675136
0.20093272222611822
0.16413329100393007
0.22633991679071472
0.15743741786077414
0.14813751237619227
0.31416895431141967
0.11692144776605995
0.19131188144927352
0.17621523159429192
0.21085888529999286
0.2089801760098218
0.14019586297294773
0.1357451486530881
0.2372086280324448
0.14677145241778064
0.271743848139351
0.22327761017713013
0.15149780713365718
0.24545899841990226
0.19875712917627994
0.16864409920681508
0.28993872207140436
0.15145803525305718
0.18507470105330992
0.23440177058452252
0.2425263838332337
0.22640271424281178
0.15152889575311293
0.27327244125422245
0.20049190717027585
0.21968840653684701
0.1405706550083466
0.2030497048311125
0.13929269350909657
0.17648235418263813
0.22497553714421145
0.20605020589634407
0.15588435697251948
0.29741326308592386
0.21698557109214794
0.17836370407143814
0.29152369344693513
0.1295489196283227
0.21846171470817097
0.2601010220963566
0.20873170729671608
0.15059298909780633
0.20854912880240808
0.3060610092103898
0.19598622134281463
0.16983824100419984
0.2058716249626248
0.23428159566668313
0.1378078880529554
0.16538023966520093
0.162686776727101
0.16901002858724895
0.19406382613394665
0.22540478598535002
0.2480478219901659
0.23790455684326234
0.23737020081570262
0.2070807018772741
0.22671203324163888
0.04178683800232469
0.19400078963369471
0.14780895122278748
0.23098626215314677
0.23087109564119324
0.13544896912620297
0.1855791133552221
0.19500338330630382
0.1651250958319484
0.11930928785078093
0.23906317880889105
0.2382060360509921
0.17865366956365505
0.07150482638670969
0.2206279592911531
0.2945283689886134
0.26018772753564146
0.15051809482107137
0.08572563834374679
0.27443146960644194
0.14777309767604335
0.15047173308005007
0.2464348403143428
0.2627986142591576
0.2513994808262487
0.22604115559237437
0.2891556131022765
0.08653323324590659
0.146326217423492
0.2921302335722583
0.2524325618436603
0.1728432273522208
0.07938798139412373
0.2631932603662797
0.2134608618375586
0.2002686843351449
0.17700452420058213
0.18282400690135273
0.21576514636379002
0.21808792281805484
0.25231366516334225
0.21308860225277867
0.22584390600874482
0.10036059740577473
0.3565520163898682
0.2318958506501596
0.23979733785352292
0.21695909537831157
0.15297876811312613
0.2599256367159556
0.2800824529939621
0.23100384476083688
0.12430535649128976
0.23799970763187378
0.17927948608882727
0.10822756963361814
0.1615592579427675
0.31000000109985526
0.17831226832595934
0.17700774901294167
0.23287106860805243
0.1621516145007327
0.2942060595866848
0.15050489105698778
0.2799542210342106
0.2697872595169996
0.2375110424959025
0.23771788399817084
0.16463772611710828
0.23145268580806838
0.23989833743982036
0.2096415946604153
0.21261195145164347
0.20222135802474353
0.05707475465460751
0.22065555992389543
0.23962628424758797
0.17414191928385175
0.26670467881824306
0.27278572992554895
0.19751424252213673
0.19876337492889903
0.20946640742146005
0.13764557338986735
0.22541365913187897
0.25574123430057993
0.08381117928483431
0.1503466205419574
0.1259193207010566
0.22599975448116388
0.22918442483389304
0.15162940626119278
0.1460444461147286
0.09168538413709536
0.16338479089846572
0.18151552597219187
0.20565542372146636
0.29801310298929296
0.17189132052798137
0.27785476754215405
0.10096135727721084
0.30876177929760695
0.10721741818406627
0.15404523499709344
0.1615580881597296
0.14596839207021484
0.2637061841102781
0.1803012733448514
0.16418304673123327
0.09265661274127981
0.0633946895612256
0.2373345858995279
0.21802132633221477
0.2148125315635376
0.21465303067324729
0.19810458910578066
0.1965060134874697
0.2627040201064001
0.25088325057523436
0.1955700944367739
0.19107033460195003
0.17754255931980698
0.1720210037998008
0.17958460423471584
0.11310652606155822
0.16380970914780288
0.255348436650722
0.21781448395316336
0.22986976885042323
0.221106423726464
0.1613648334928899
0.3250923525207752
0.1907644425025139
0.2023361062517403
0.2227147737474931
0.1179523574678082
0.25889759451864763
0.1664077207557846
0.05432253881767293
0.25254039189894895
0.2331350862368139
0.2565259742319128
0.16811838051084355
0.23014167141584335
0.2325286838078864
0.189901666397457
0.19238298704343465
0.11019289426658546
0.103024137326858
0.11812675890756863
0.14876063539140744
0.27087291816458736
0.1749969308768206
0.1919743139910016
0.21344001940291618
0.16451579283676276
0.26256414166303005
0.3117393891170319
0.2445456618600745
0.200473465416051
0.2595321681109489
0.1786449623700189
0.23392430128515054
0.20278726542884687
0.2956464172281101
0.31145842232681314
0.24928390419756055
0.17624776274637935
0.22790739813976707
0.20850632192405136
0.18376707810513762
0.2673882509156992
0.20546775035078071
0.19752362932617162
0.23670159426426887
0.14335990351855804
0.11793970081388529
0.05791115444365935
0.16880173297214301
0.20141377025802643
0.20180210518434746
0.2543863288231197
0.2215340428034624
0.22214289217211408
0.1502281663179681
0.259288185987662
0.16091050767283255
0.2860818230899216
0.23615690016568092
0.2149620299532259
0.1316657120654835
0.19329894465581093
0.1966912829657863
0.06433273411455828
0.2693094890921878
0.12932932911098974
0.1837873510509303
0.24578739684426354
0.2809247833693739
0.17383911522887943
0.2919735392819289
0.23795197980468713
0.24567772662364404
0.15655827051250337
0.140760476133509
0.07844587545174564
0.20340501333641042
0.14708577099868403
0.1769444705873054
0.151641981642396
0.3007253384377792
0.11443069579103192
0.21047939105398825
0.18696092307052126
0.21609876748705445
0.2046395561607647
0.23046908861792914
0.2569014107500496
0.14105030758577192
0.24656931181751196
0.20317039736286155
0.1707002484224721
0.14184650200715482
0.11176505926421067
0.15387547474511626
0.13499754138433323
0.26477386126865077
0.1860673448029219
0.17459435165733997
0.27975922550105203
0.11387971073936368
0.20798847647127744
0.11562687339544722
0.28570080699433364
0.24530385319070167
0.21143330941072544
0.2203908260709333
0.28479869362095794
0.23418409066670984
0.23216005609910273
0.2922935013664174
0.2090191145443751
0.1710315491535118
0.1313646065650608
0.1685345824791805
0.2267478512952184
0.23679124570753926
0.23504684264340667
0.2148644964135793
0.2260079533099779
0.16860741830149184
0.14985168140343555
0.19797746539679337
0.17334598571161147
0.22646555398101792
0.2627386912379889
0.18531775849577664
0.14438609280133302
0.32500833953283936
0.21905659525101412
0.16814751621294982
0.28791038811435254
0.18325819115021366
0.2015528344034478
0.21344093936647407
0.15711950493539864
0.23043137098851446
0.21688765936906756
0.15435589917508355
0.12943073153732412
0.10080252818668216
0.14375122458516296
0.17660442509322188
0.2562631924054777
0.19766267570703974
0.10675033102492533
0.2055289582213303
0.13788296845152173
0.22045837780302122
0.2625815838594389
0.16780085812649448
0.220056729256893
0.09433133154463669
0.18837154104557177
0.225363749344406
0.26954723443649875
0.20836863769827718
0.2137616710257778
0.1396530915275468
0.23742148730199408
0.36522518100798385
0.2032697353895957
0.17653364119556988
0.23508040826513188
0.17240708654202433
0.18581185423345106
0.155145530298968
0.12771366850852572
0.15950811514279528
0.2337072063183593
0.1913662979868366
0.30828130552050037
0.20425331697618365
0.27017228217886974
0.11898522993347291
0.14201845474896047
0.24673535521741688
0.08971222572987861
0.21517234068901606
0.1532442329825331
0.17098559813817032
0.15222499532717204
0.2734707320945039
0.17624035298090862
0.31359871250495674
0.24057333387300756
0.15447515384873048
0.2716544669955104
0.3041519731251491
0.1616904154961912
0.2636020523277835
0.22429826915981751
0.1339050919286437
0.25756331658323384
0.2594643981341407
0.19380911826060143
0.21300616729461255
0.1946318013130865
0.18545067261035542
0.14744353936522114
0.20537391940237426
0.09103917219622866
0.210344471610048
0.28151529635208816
0.17115143348236034
0.27397701743645564
0.20608903389017688
0.17074051979955773
0.17896498876082123
0.23876178708586931
0.18390411389899639
0.08945336813477589
0.2308553772235586
0.2200571524577024
0.2386865845624617
0.13093461498710368
0.12187962902706939
0.17075543823511163
0.22766451964312182
0.20454405593455272
0.23492459238681765
0.2273320497088847
0.22302050265385234
0.26403294777122305
0.24519715997804722
0.1868702474798134
0.16674904232109383
0.24657833268309212
0.23066201098011974
0.27236837187473906
0.2302092316592973
0.20872705792054985
0.21743866667474518
0.14229714356975892
0.2189058235695511
0.21351104350369515
0.2821782321885322
0.1626169671425183
0.17684359904905186
0.18102416947345948
0.17316586543466422
0.22567063954800595
0.1437127363063399
0.16133452658888453
0.2687830769568169
0.12147747808953123
0.29253076752288515
0.17134570282506986
0.19070609641068836
0.193598494498162
0.22835823875983563
0.3516338512889284
0.17307600514811433
0.16155926100115595
0.20646842644402305
0.12227732870539118
0.17314226902147484
0.32614807332192175
0.17509488930208775
0.2126192312040926
0.27304805703488566
0.20280440205205125
0.2158176923468546
0.12348727704534491
0.21555669156125148
0.27816153933691057
0.19687169922975703
0.26867527694828863
0.12257653869078984
0.20411688012285054
0.23954567380319605
0.24009923396784177
0.16052121905605377
0.16521301546863354
0.15905992558038506
0.20069405762210438
0.284811415393304
0.19329558295364757
0.23492203429201644
0.03376942182237591
0.24701607433392087
0.23299089732393802
0.2549762101600185
0.1988478397443462
0.18877177009376503
0.27728742707333454
0.24372168959834511
0.2013838497633313
0.3216868158440983
0.19247742687869998
0.1247683786113406
0.20590841556755823
0.22462772095066783
0.2146856343795787
0.23426165825441547
0.22376637365100943
0.15667234544306427
0.231315738598142
0.15844780111250326
0.22377159096306207
0.14592919438588803
0.07398116067424063
0.17414108081914342
0.15063924380342888
0.29107385788722084
0.1893537360802628
0.14252131217562097
0.1299765798544571
0.21098990804815793
0.21143151011462402
0.26355032150692637
0.21823924116675142
0.18742525654477524
0.2185254543373878
0.2790483622884697
0.08464697507345338
0.21142105198956032
0.1835305327614623
0.16321831565121986
0.27883717894015464
0.15546047844783895
0.2807335096806798
0.2274844347992377
0.21182484536329022
0.18655320764481767
0.1551811278224212
0.22979590141620848
0.17870271849284916
0.20411703398488368
0.08223044597797745
0.28966165958816487
0.10999325380074826
0.16463669262918573
0.2107114782625272
0.2249657864370638
0.19189293080912595
0.20956176713333857
0.12278331464749132
0.24044612643414273
0.25576706604779853
0.21607416556895107
0.21641413422082156
0.13527887447958575
0.11809724032848332
0.13749589243902888
0.20627113932660598
0.18935321684840492
0.1549205419505815
0.15839600788737163
0.22939630908308847
0.1963006002986448
0.27386664780345893
0.18391219129839997
0.09590681696272492
0.07124647437446252
0.1975646466913603
0.15872157198907264
0.12893535751569563
0.15679016046710295
0.24260145571521347
0.1806410883482695
0.17137072843128492
0.23730135345251308
0.20218823578261377
0.2982107955553831
0.19959595772740263
0.2745793470703439
0.19001168552107386
0.23544671503155323
0.1892660439214213
0.23822534073781945
0.1693401678440216
0.20185825861823584
0.10045748996269033
0.10608316543544631
0.12591906626314062
0.21461286775942823
0.252848130151127
0.22939694546211958
0.1333449402157918
0.16444132210289295
0.19844820042421243
0.16357361080698024
0.23269181953291732
0.14656751258818662
0.3079954532542457
0.19613754769861894
0.25727669606699083
0.16994801770863036
0.17020118175085375
0.2401110704968419
0.0555488982843938
0.22052244040247782
0.10789942994225177
0.31979340595244243
0.17035695392079026
0.21851976214690225
0.25044642818146645
0.21415299476638752
0.13389814409504136
0.24188082273877207
0.14645699320068736
0.16921086109020336
0.10746976164049017
0.20992592230921941
0.2536558800585076
0.19224329375210727
0.20717896703791613
0.25936375936738865
0.10858379063456239
0.2567581848696011
0.15875452733789466
0.18633980947228443
0.19015382244127454
0.1914447381514527
0.27370991078834006
0.19789939538662146
0.2401543545715568
0.16150363155182829
0.18819144661855816
0.3011182790390279
0.22299765584301667
0.13958583655522186
0.16895535445478796
0.27843219553720305
0.16983156106446828
0.14094040724586496
0.23678359857629033
0.18096978480487386
0.24128981110408904
0.2763658310915146
0.2211564089047478
0.23647553913549613
0.27714389601455436
0.23722397638283618
0.23557135282098332
0.24391994921743906
0.25810906495965585
0.267832974757124
0.14887656484740827
0.2150050022595888
0.1670884110292263
0.16929001435432944
0.21503157271359385
0.26213489901086023
0.23741740727633892
0.15483644833123164
0.1789958445645204
0.1670415113415163
0.24466478373935802
0.18684265057898714
0.13528192496693175
0.1953484558865824
0.2581241786428383
0.2157443022765183
0.2220310992043946
0.23898151182968522
0.14801152161160183
0.2021312982266371
0.19533954616134774
0.22841154348789822
0.169145335080629
0.07888576755247106
0.2789369407922133
0.10325662325952092
0.15154439438235742
0.09152850467451222
0.12452129016146282
0.22475300852079366
0.16395523078808386
0.15807830976597634
0.23616728718542146
0.287347170326932
0.21618354251566813
0.26801374550412554
0.25739021624789615
0.18199833742032287
0.1620797869661142
0.22935169475479
0.06916360258005028
0.16886551951948744
0.19658451924493853
0.1345133028057529
0.21382141684381148
0.20914632908460584
0.16788157406296542
0.3568757836953766
0.22894648893622405
0.2060853974769643
0.27194190392416506
0.18377716927038468
0.10590506548641114
0.17803323746501584
0.15308397462072065
0.2688122311005428
0.2831733665133712
0.14120362305442377
0.22166459658027354
0.19342017104805334
0.17949964646911343
0.1786098816887597
0.1860909960537682
0.18753406431831388
0.16214888938229202
0.27836991535271705
0.15869429795758322
0.19330472594645354
0.22539917417516986
0.10928530967330191
0.2342925940632258
0.24137816926788133
0.21956475923538166
0.206566487407458
0.25636618373729686
0.1862659944715643
0.2128511830180805
0.19825371501389927
0.24678690947385717
0.14580835363384187
0.14742275814332878
0.17293312653272352
0.1703421271255793
0.18146768390668538
0.17579333205690084
0.16123522409794938
0.1353931319861989
0.2926963153659808
0.23934003319060213
0.17296439387640175
0.2938370673918433
0.17717592052753184
0.15347006654350678
0.13544512156881883
0.21390332766246695
0.19079407605720775
0.18683780868278496
0.1712448928220582
0.15666255261628384
0.2173766788634913
0.1177820323657447
0.20713129030598673
0.14826441692407277
0.2492302959047171
0.09118308301901637
0.1973178736454844
0.24976405845513094
0.1666136524346749
0.1560194614654732
0.23310538430574707
0.1708856051709842
0.21499763933650323
0.3035053121321104
0.17033246284757275
0.09792209728207767
0.1894249948177894
0.2613943709968287
0.2849945344783339
0.21738638464192372
0.18831757974411437
0.1741588768996303
0.21306813689440218
0.2010951563095036
0.2354827656432319
0.18425875894172006
0.24790953779451613
0.03688752158517855
0.15930175509968755
0.19533860721298688
0.22057555402591078
0.11058008981243603
0.2656588040867589
0.2832744551985614
0.15689584247761895
0.18720452244600558
0.22298347297518603
0.20273868613027024
0.2673254298063781
0.21308020015634288
0.19216839221120344
0.18593485310991112
0.22983413497302813
0.2504359858478657
0.21043507274977868
0.26870976628694204
0.2876597839411418
0.2043622627559733
0.21238426464609964
0.13488115796855163
0.16718398260666462
0.2168625280739241
0.17213394081405345
0.22294673591814962
0.18985506950436407
0.1694831280221184
0.2915270420849975
0.19424105107144263
0.2578098545766615
0.19141473426672606
0.22409862943338013
0.21583100159512827
0.20344665103762735
0.13839819564270658
0.1718821557092263
0.21771712969448076
0.22539890000151758
0.21144654774212843
0.192752914578734
0.09978352692986457
0.20893928018005448
0.1625734191507588
0.1308670781036539
0.17103003855961055
0.22968113019681854
0.22613874352216
0.2564295984596062
0.15861765708947992
0.12530580447640371
0.27830269086690534
0.22091825897429246
0.18755450297752282
0.25191323169681124
0.18353383469493578
0.26539786514943364
0.18637334826996813
0.2133245474220895
0.23820131383713689
0.14926264444250908
0.26650830391245434
0.2128070580035629
0.20424874429647838
0.24024495785830385
0.2745610318621087
0.2451276319079807
0.19494596867315678
0.29259799752801696
0.2356893607188635
0.15349303244315426
0.21116146704344957
0.20217095329337123
0.18066645107373328
0.2455069339928265
0.21658676089488296
0.18714919034578098
0.3139231012445901
0.1755788864816376
0.17581202121354894
0.19932192569563997
0.17102321253628686
0.2627996457113592
0.15932307165951426
0.22330844129046715
0.21710933126834286
0.20207290600015562
0.2641071035469761
0.24652690357575255
0.21481134221756007
0.25501422477011926
0.23371969181837018
0.19070195541664203
0.22702759343292941
0.21860182567279174
0.21091833015193107
0.18042648553770899
0.1336719195434013
0.2699033292167165
0.09116329139272389
0.25152443151336673
0.1735816026257262
0.1512546603566495
0.27051000785932766
0.19240897745261126
0.1830729105852826
0.2816521751057063
0.1371057443802165
0.12495038472080028
0.1573046672636739
0.13303862824208224
0.14636650506924306
0.21737255835275265
0.1777015829405694
0.22585502996204465
0.1842277862131262
0.28152739396012005
0.14373017432352758
0.256378491197153
0.1733433539275936
0.16901586360467902
0.2566183569802423
0.22555157192255468
0.17452617158501207
0.27096047673442797
0.22827730022169812
0.19141140786132305
0.1852696805471548
0.1585361304730022
0.25303211680403254
0.11973457514027327
0.3285227395280388
0.2726966433817516
0.1813748899991773
0.21031335889280103
0.2662434342047454
0.19008770444868503
0.3596950273255604
0.1274546405386357
0.22569533243447729
0.2636159497553181
0.2739312627249038
0.18461932347881804
0.22311118598791294
0.18043788566124203
0.2061176495648103
0.28291409081373414
0.26398694074722634
0.20129324416439448
0.3199924691724932
0.25817994003901384
0.12685778498576766
0.19034914730231767
0.30854123759791013
0.25184531316129144
0.23911331158422827
0.19910528926518714
0.18939553859234137
0.14724936615586356
0.22978974349673903
0.24299791774951554
0.22904352222065583
0.21440476120647958
0.3104099369580543
0.2531056733176085
0.15186787069626118
0.1626540799607258
0.11934971235080159
0.10077733029280714
0.12548145636828734
0.24407891093776582
0.16686475859026656
0.23937742491857547
0.15773231219062023
0.22823131225846072
0.27340629608446904
0.16067400086169487
0.2168600825813672
0.28268072524988136
0.18257493111337225
0.26438700269944354
0.2105213091973759
0.19869868268168522
0.24591367724915913
0.2983979901285315
0.231836047690237
0.26096700894332403
0.219107400904897
0.2455217033722227
0.1611029789391179
0.17557471614182163
0.26269604115394996
0.2287712911796678
0.22684804366259423
0.25484527143261887
0.18953879255020886
0.19127033867137386
0.18779852091376684
0.18178608476369318
0.25894782526434906
0.16488561547613295
0.20579816309149385
0.10096675890124743
0.18105475436946475
0.18697206760537669
0.20284314141844378
0.2606569169954561
0.21554994237480715
0.1981719298094198
0.2758998212899453
0.17434027151863227
0.23205959373810495
0.15072492763515744
0.2727877314281428
0.14073582367978033
0.18841548833952595
0.24944849179415118
0.2583497157060042
0.17132485543193338
0.23118856433331936
0.22196381109413352
0.33462830331077253
0.22192076307105058
0.13437129850244345
0.18111979617270316
0.17445130751626114
0.2771812902052024
0.18956073590724667
0.10744811451120305
0.17406266742861
0.13224874538880077
0.2980181035730657
0.22742950902260026
0.2381537807455722
0.21754068183510006
0.22717744840062443
0.2299015417428596
0.21608201691821008
0.15657600250524148
0.16990510262703087
0.24369935915186225
0.1256363144845038
0.15070258740498574
0.3129801826213739
0.2467146398695409
0.2291705368420297
0.29499113587252795
0.17212739861053317
0.17781860866380444
0.2270772583346593
0.22431070449526996
0.22215077697493962
0.21128722482726933
0.2564952790479521
0.21441839728229412
0.19719650087305624
0.14575476290572698
0.141311666596311
0.23236960885850774
0.22621402763594797
0.23921288662145904
0.146053297571232
0.25619268218051694
0.1742141382287376
0.13443182123023978
0.162616995561298
0.2957897246945466
0.18655930128184353
0.22616888215603012
0.18244151070319803
0.21631972784017156
0.21004712878659773
0.22573011208288055
0.27560253108991584
0.20518645075824
0.23541680252674863
0.18357311045450767
0.17315927205644577
0.18047923365888596
0.1377834743769058
0.1806458100882178
0.2613027296111218
0.1415731524262447
0.257682268864143
0.15840639497921813
0.23136710205986566
0.20714424487151467
0.24048208744237964
0.26590946351595807
0.3401620375636751
0.1458801297345597
0.1813956882197657
0.2747147103949486
0.22710625497870485
0.136119962066657
0.24268037516538485
0.21616030456931562
0.2324543398667489
0.2067894985014822
0.15533124687754052
0.25319668117301786
0.18261328712820232
0.2320948453172363
0.23697405428636992
0.24491002786549088
0.2623101907432442
0.18346704677608527
0.19935469010997367
0.28769280579659323
0.16151271778843168
0.17723433210852818
0.16183110900769213
0.18859458717494623
0.19689259417403887
0.2908230219366696
0.2394850797088895
0.3381717371264039
0.1728294002559613
0.19056635047619314
0.27554164960856625
0.2544344720092374
0.208713589546005
0.15979312230411166
0.2521062394865487
0.20655514901602384
0.2331205246414562
0.29587995911662407
0.24278988180458277
0.17848669112148485
0.2058793702416826
0.29772217457950034
0.2643147632715583
0.1423288532239393
0.2647979828876163
0.20193990138680695
0.23839447076922818
0.17541483946946926
0.2390171514810738
0.205853966890441
0.19642890626649717
0.2219119177537445
0.26233241910105254
0.25154436862384094
0.1053671909463744
0.19169452069072507
0.17306056377438217
0.24280297330162845
0.289006102736013
0.27275338110550834
0.1550517045660605
0.20489394568450933
0.17996654575292614
0.1952685715938791
0.26636499653014956
0.20218933618030677
0.2606894378552048
0.20239784742755612
0.2916280620776831
0.19992290499581133
0.259169309926131
0.21477408644947898
0.2568313005850097
0.1804202984554133
0.23490642627117164
0.15703380063337669
0.25425744473693684
0.17112687941073487
0.18450821765381123
0.13023172136506328
0.21834001194715397
0.24507811963443296
0.2695480027471458
0.2083418563457883
0.23872824500273
0.17072635921789092
0.21281476184081172
0.22567786696612901
0.20375788715955007
0.20181461423952138
0.11357958257167289
0.252720529143654
0.18329297911595915
0.09828095472171379
0.21396491162228515
0.22758674287726435
0.27605834214063885
0.23950098127083025
0.14030400950180477
0.2044765999383829
0.1989582147428267
0.2151327747755087
0.19767544660265315
0.17602523409601825
0.1670832276487698
0.18996844778758729
0.20238762999811363
0.24493991672003973
0.20832104657653006
0.21529766952582546
0.2879633585928181
0.22826407232339554
0.1975173160805242
0.2604198245846636
0.29013817800880004
0.15445461675342165
0.19685773556967484
0.22616180212029174
0.26892414893593714
0.14683331757502543
0.20399345532504848
0.26186179310747937
0.09451608690647824
0.1653866337505762
0.264885042185198
0.13825544369956005
0.17602198581965706
0.23391338469341336
0.2188427398081981
0.22157292644723037
0.22236057026966627
0.13756247278966982
0.036028291839202364
0.24982772501716388
0.11823762566191204
0.1799705037099965
0.19412988393440006
0.18472280567567967
0.2120351380861262
0.03994712481371673
0.22010806035029407
0.28434039944946526
0.2764949327491551
0.13413862446697258
0.2776663016947941
0.17659432906289954
0.2333511441372661
0.1898031763732036
0.20118596258062468
0.28601317040884433
0.1546598330971941
0.18789237629755162
0.13025806999858813
0.24066564626896264
0.26820902217295084
0.1898966352656087
0.24834847926046394
0.21771664299952062
0.21669214040882417
0.2174008686725778
0.19185367539192955
0.1256474829877085
0.05393170604007411
0.12651040479712528
0.19361689258165493
0.2035924415486237
0.25067075503805314
0.14908981618500064
0.18067339465678767
0.2034510558616167
0.16827738934709868
0.1677082210744226
0.2030429606868737
0.29220789963509597
0.18864469976762804
0.1936029262950542
0.11515979319295926
0.2001897941565013
0.21446160999616154
0.17775984276339574
0.18613477082200897
0.20819233330490655
0.2692790929034742
0.2590405140578479
0.24840218951890783
0.2182207774531061
0.2222901441034329
0.1915640679000376
0.1626771013556869
0.1884496321206766
0.25540859832274526
0.2040506552929184
0.1429509280468691
0.2355802864880339
0.15668186241615983
0.16315701124179333
0.24363802987720604
0.15681614058250248
0.15842737052713246
0.2997606217753073
0.1828379420815653
0.13252694942011695
0.14042605490592794
0.2469674556352166
0.18997504387835604
0.21519118832893155
0.23161008040071934
0.2537046021756915
0.12475161662040585
0.2019134178459059
0.1995123761842611
0.2650210983247051
0.1699396320610409
0.24156951644279173
0.14201112209633682
0.23422430937854954
0.22132521243900555
0.29933070371022424
0.1575092309546129
0.17506158148902184
0.20111843399879561
0.20452263734324744
0.13592132834758172
0.2468922096487724
0.15587802135531323
0.12365886092664265
0.1894503232201096
0.12415866221856486
0.240739358807254
0.2844901028425011
0.18741626041009482
0.245548637603331
0.11297113949941316
0.17243364383941995
0.18388325207752942
0.13913813856055562
0.19364479697566753
0.1902305219753561
0.17977608319662014
0.24211425779520843
0.20371148138871148
0.1772906118906407
0.17454617489621516
0.2270806514572535
0.23907160789890408
0.20859557752600744
0.12961980504459658
0.18537508950638146
0.1586638832492377
0.24702546089783728
0.1488629908177967
0.24946732683807915
0.14166167062523644
0.15851551408490178
0.18366926835797973
0.14792519958108835
0.18916384048955281
0.19084462376343092
0.14785142849848185
0.24826429003768158
0.27649430605695513
0.13694923803727233
0.16819092931795113
0.2055220250347438
0.25169051420504673
0.20430153940075446
0.09480234547398136
0.25076347635263174
0.24121751970157754
0.30268791215939467
0.2233720122726099
0.2647002208075106
0.20758161251199048
0.25555755199217167
0.18906624913821715
0.16198529836403858
0.1368543287075849
0.17775210252401824
0.21898938588218744
0.12645421393330503
0.18192842753219224
0.1356179014363354
0.22094321006802153
0.2192910500760266
0.13111212146358175
0.1898266194421887
0.23751590230308234
0.22552986029577107
0.2594288247635078
0.2091791839013527
0.22340469416465294
0.2384563862301476
0.17285499227709247
0.2502283872791056
0.17439011427297957
0.13837961681148794
0.22982503459458817
0.20160556021024154
0.18463253531999677
0.150970072918359
0.25069264814650877
0.1649507159150202
0.1775166855298803
0.20257684315194438
0.26429387409294597
0.11995130582209212
0.15436806173736414
0.2940343294282553
0.1830639108130497
0.20397577061888966
0.15450944007977585
0.171815893613793
0.2113378513014319
0.24347913444212577
0.24931852887018047
0.2934475071778849
0.17335365270351755
0.13058936433069088
0.16917324089253188
0.2791438630051385
0.28123785669414064
0.2007623746224685
0.2626354069147206
0.22025065233091315
0.2029994318986793
0.1821995004085812
0.1532107446495523
0.20242442261171123
0.20668642576245524
0.0931853497677744
0.13333871201816871
0.2114307489565703
0.19110409203543893
0.17471149851354792
0.22483828539557305
0.18714836197618523
0.2789707261496134
0.19040635293363128
0.203215243193994
0.19003267412101682
0.2269079072038045
0.19350216440094586
0.21612774086334685
0.08874525131164218
0.11203786913434943
0.26308850808082906
0.23086958040760014
0.18354237822575212
0.30441692356080274
0.18559615390895667
0.0986495103638968
0.18956168876899968
0.24766257846509127
0.1961416361916778
0.17207117464602503
0.19244662120146222
0.20635321153743205
0.1975016279943942
0.1120135642948108
0.12888471979216026
0.18245779369261908
0.1713718243060208
0.2514924480658575
0.3057778844753448
0.13061341744567995
0.191240829304049
0.21552187241130788
0.25392736451242737
0.13903556214196
0.17363650229461414
0.10691524212693154
0.14239748361196253
0.22906244663731243
0.20773497081024578
0.08714798313514821
0.198282904165024
0.19850774686590913
0.18162055145019373
0.16729281447467811
0.21944347040927872
0.13188419388108608
0.11228382334290646
0.24914715715691585
0.11600439931683335
0.2447033728429909
0.26118831017028743
0.19190501467182722
0.15926438265712228
0.29853082772913775
0.20068953582482618
0.2111447003755676
0.16941103669511998
0.19669978857703982
0.2061851654516632
0.19145683399475233
0.29013112134607155
0.11709287192712689
0.18676093026848936
0.2704566244621365
0.17229846628433396
0.15091849087632792
0.10739963556029986
0.20050870308451363
0.17824650257204686
0.20122962225776117
0.1484197926411669
0.2862237789562804
0.17816888555540705
0.25074652172078804
0.22194071243181007
0.1590512896174281
0.20627612702602852
0.20338910898951765
0.09177261918421445
0.1749819759652493
0.10239853892955249
0.15602555445097638
0.191805177081979
0.11538847642715944
0.1918627068697974
0.20100522087928466
0.2095151729802807
0.1613011679567197
0.22422892690951388
0.17297204685204834
0.22676378267854852
0.2648740339506763
0.1965770595116018
0.21423081576566871
0.1848994073528476
0.21805457519755247
0.2141150613292217
0.1943403658183453
0.131714587631256
0.14659367729877676
0.10345442503182906
0.1942286168087136
0.21932590880961475
0.15859983352949364
0.13415374588357626
0.2577715238815109
0.14554338114508938
0.1927870906251196
0.24936728125361535
0.3003907105362467
0.22015674873804714
0.14232842162000486
0.26649555282286497
0.14081546183633115
0.26169083894382994
0.18507369426965717
0.22778777891027333
0.16448182946079393
0.19687161777661202
0.14008999769471123
0.26733081218500815
0.20327081501230393
0.16123223486135016
0.22750425192205304
0.26268237453433824
0.29669531614865813
0.2918291161305341
0.14653690387791013
0.24822633784365727
0.26123742003607286
0.15735857693336647
0.22568496825498452
0.21415862878645775
0.18576313158281102
0.2518294078331764
0.15141832501433608
0.2525403268645698
0.17954857732017215
0.21626941540312122
0.24313711462781026
0.14267904872882536
0.15115164240504633
0.22880749818439866
0.1843632296346274
0.2385735823596507
0.22384740678438592
0.21286295108248504
0.2218886215166487
0.13043946302855935
0.20840048452862742
0.12040435785101745
0.17821026548135752
0.2242947520829523
0.1252037969982005
0.20861799229021574
0.20279017948963168
0.12659475363919775
0.2320859236031214
0.06625910407283012
0.2974992316717549
0.27522071622548366
0.19099929474694635
0.25267451159919
0.16000317255993224
0.24282421725583678
0.250608592396181
0.23294762237693784
0.290005825218194
0.2641397630644649
0.19265354799103643
0.2550439744584289
0.25834902768635665
0.33331096475702826
0.17786474062673646
0.16231126956484057
0.11336023283165506
0.16442983211803702
0.2220494896049388
0.21950503199828136
0.17806713779594163
0.28869762785903286
0.22493528915632516
0.23422225004673675
0.27017799273221893
0.17117705145326895
0.11412576213406955
0.18081428701118218
0.1630200909729126
0.207759146020124
0.18412450096891833
0.19795336881594053
0.08421442633773096
0.2129114218684037
0.21597320858912195
0.20702873874108926
0.16405598572364757
0.0868080323534014
0.22691879149416527
0.17190686120902568
0.18560724225137937
0.22847442655667402
0.12171767610534308
0.1304412469729292
0.20246653174035795
0.16930603051555682
0.18887748902755808
0.22914896503491738
0.22796498212589522
0.15112957080172962
0.19898053282715514
0.17390131574188208
0.14937738632005695
0.25799851761499754
0.16468008476423981
0.2848086195109956
0.14082518655773146
0.12492906237650331
0.27354516038322035
0.17978582229820916
0.15262371415958786
0.22749624708749888
0.24385267272397226
0.2257949840021808
0.2537865537362594
0.24130532899102258
0.19483956163550833
0.15033215928014473
0.11113095547625573
0.2451441817995619
0.1580673364593439
0.12159998283527478
0.12180728952565578
0.19272475579052467
0.2054570223746249
0.21197606391690363
0.20586897785956904
0.09676390843978114
0.15638824940609283
0.15925859122636704
0.21404047217528802
0.06739592557768934
0.1097604117651521
0.14971080746619425
0.19309205138798932
0.18074464905395404
0.16761377724175486
0.29185044917779296
0.2255372266927243
0.18846349837844564
0.19243951094318165
0.21411915395910672
0.15751387108984155
0.28735176283267416
0.1620104411197599
0.2181730114477435
0.23037151832504352
0.14743153838508805
0.22607258898979626
0.10599623843497952
0.19381871016494914
0.26391237030827824
0.1797359022017672
0.2529660454322509
0.1249090167635821
0.23286534384987895
0.2284942150468148
0.29236945856896324
0.1824100596010227
0.25766424162463875
0.1181286495598481
0.2832093098667173
0.18320310765039408
0.18499239311291735
0.22569753277836255
0.18984998168785971
0.1815724510653487
0.1374380782860482
0.23689903497293052
0.08522878764288314
0.21541489670961478
0.09610326469138056
0.18253307942085353
0.22456946259035526
0.3572441381488254
0.27786351574092405
0.19512429697050723
0.1973316685945928
0.13039740171741382
0.16411420836114154
0.2509212711452569
0.1707438114502779
0.16381040118570656
0.22488235408865814
0.2433969580234437
0.22822467630034907
0.10375266291256668
0.18885049646951835
0.22458394044576285
0.2518814677338404
0.13596059359450136
0.22757670371266378
0.18336078266116737
0.22166106797370233
0.11615741549931696
0.1966399986885794
0.2148412281464274
0.2977264698002899
0.12460481431760038
0.149433535011396
0.20397963664458407
0.1805516024434422
0.13325544970237002
0.16927599921861208
0.19780246668975915
0.15798398125750998
0.26283641771234
0.26703377508112763
0.21087855868323235
0.2114884445743046
0.2011731735695243
0.13082467677389528
0.14403481105893104
0.2627026730624483
0.29328901266255836
0.2450911047162263
0.14229421097278427
0.20632561552004292
0.11609214196335699
0.14652686625464778
0.2496630656093386
0.19364159716439444
0.20275734018340466
0.19136274306758555
0.13334573531131802
0.13254168013232437
0.21113941965953215
0.18522833754806556
0.23036012221385738
0.1508824555655272
0.15161650292646062
0.22872663180720024
0.17496675442031934
0.129144852028167
0.16887044326122785
0.23048934510819463
0.2127378791555652
0.21797469982698367
0.11164196263198845
0.13061661507485323
0.15266510694989138
0.22686786875646614
0.13246820229340983
0.2851068583957497
0.257783907072587
0.1349374198183249
0.17345894843474857
0.2896606347091548
0.22552671777435396
0.17720400203235187
0.22065213688405727
0.16812355768208265
0.18964185759601357
0.1399003901734186
0.20570718957235462
0.11968555788555107
0.20840650460765153
0.253531753737167
0.06571199668011793
0.18116658127480403
0.12382874983324083
0.2197534502943947
0.15891029109117027
0.13423055647555315
0.12464933522144919
0.22890228197385087
0.2346293690531314
0.17194431952963984
0.15110567577162876
0.16866730981807726
0.22857064825454956
0.21076354117819426
0.2146332045909341
0.1714273865192169
0.17368358827729452
0.16729118849508282
0.12572322718698342
0.13247899858188697
0.20153450166087747
0.2421446470152494
0.23248392475610408
0.14820657482099925
0.1645693678999627
0.1575822946347712
0.23036825560271956
0.06077387225355249
0.1822069345436444
0.27748143744678894
0.18727917813673162
0.17948098548000835
0.2723306650737371
0.2449720099240224
0.20648243525188356
0.17301557097100864
0.15103417884179335
0.21446316203701185
0.12178705443530258
0.20502320651277456
0.13411654778620707
0.1672772202363678
0.16007844488150852
0.16280658824404376
0.1450187872934929
0.23673560170058025
0.15219364827942025
0.15625101059260915
0.14592518790095083
0.12474266609219145
0.15227573967616465
0.1413271062325256
0.25524699899795456
0.20857528923629065
0.14552183639286362
0.22318013898800645
0.27539867945634977
0.12553452014680028
0.2087523217939817
0.20041047456221442
0.21824424827567357
0.07959417680807097
0.1219918664455105
0.2553421199170507
0.20521493588309234
0.2230801328975376
0.20834065613594982
0.2530638288389679
0.2042141410706564
0.2294375802839142
0.1380930331174696
0.07078873959686235
0.2170984520234369
0.220450186193552
0.12155804593511438
0.23137713937189197
0.2430597885133422
0.22418180663408027
0.19299321781350293
0.17698895576402204
0.30327204527106016
0.20734289474609696
0.1827924927033449
0.21820623643606335
0.15364397845487487
0.18325217950707695
0.11932075418342193
0.27099610553182724
0.13880887448094187
0.24431799126111467
0.14348118331950316
0.18379665281029103
0.15532892669376738
0.12827428004401198
0.17347795686750386
0.16748956952240374
0.09053738027614289
0.14639775621543213
0.18705142950123893
0.11606674650904007
0.2086310173574977
0.24834739946513926
0.26359860326361867
0.18898798908958322
0.2709782501857014
0.16579239088892536
0.2164966985945965
0.19916632921353872
0.13358005865366196
0.17140411574228606
0.17478092983832594
0.19571364394448093
0.09451570315552736
0.22899896941984346
0.13614752252574497
0.1771300724756925
0.14004414352523464
0.1281431911112731
0.21906928249959545
0.22011394884838076
0.2154032027141836
0.26686523055012157
0.21709162257934195
0.2132406772841333
0.24046194350463837
0.1561712558310052
0.1388323972610842
0.18996510580184192
0.24916824998047649
0.20474715284207248
0.09013584975450657
0.10272841757278617
0.21663744760946185
0.2460192871386118
0.1919931466448745
0.2053962756248637
0.19791298627946027
0.21020050767421272
0.24450588246745802
0.13390786791845133
0.14575090563958204
0.26858137676599886
0.17560836449403083
0.2657589856462246
0.15173879617532912
0.18796996894337345
0.20983177475188383
0.23249532949160945
0.2161709194703375
0.18270185298284433
0.19386455903090213
0.20068861336140206
0.1419014470641431
0.2026843847985962
0.23322801716233177
0.18700785919810659
0.22760825805717894
0.3319506213955148
0.2271878291615682
0.0907448126915944
0.26555806212147
0.2647124755539244
0.25087926667010263
0.189066276040502
0.08324911691785382
0.10717946578075363
0.19115021501465063
0.1600941878902344
0.19323026726872627
0.12241573210574563
0.20489497454211755
0.32401108863658923
0.14484165894501758
0.26109198609586615
0.15207679611211952
0.1424848527043297
0.19237420699837288
0.10167722712348248
0.23336246766222432
0.12654719207860018
0.2152547373233126
0.24656110717707155
0.14325932993939677
0.18785841661482805
0.14689485605862376
0.18443850411601054
0.16860014611016363
0.1970928484025755
0.24241271284441193
0.1510699286695641
0.22053989695139198
0.2766408757352398
0.22078600297590678
0.1660554718238849
0.2121601279257155
0.1908697388701499
0.24282272427855306
0.16920431007607722
0.23171371109429367
0.07587514010096984
0.08588379546436316
0.1957992607475436
0.27375952253796615
0.17632251841632945
0.22028310197303758
0.1766002248971042
0.21579865890250902
0.22859446300469574
0.23490295339335876
0.16214200086471778
0.23634906779211506
0.24796336187513238
0.24220310649965604
0.24732004313701045
0.16001054194084047
0.25357053825776893
0.23626095983137693
0.2640443787202261
0.14801707738779987
0.19131980032415452
0.24710232547246175
0.14205177279165282
0.24904595051911282
0.2502358362590858
0.1561877736114985
0.24866200744126316
0.1504145574527616
0.15865043623438535
0.31778653103846394
0.25179794379852305
0.1767882316117125
0.24378412584577935
0.18832077966654398
0.2187888945311361
0.13336491421582297
0.29529047160376887
0.23495946677536256
0.2311418734666148
0.23123796411668984
0.23289903249316415
0.19517649789289826
0.10204292671358128
0.22444161261843174
0.22391543223287358
0.26791301142093943
0.20795208157242573
0.21753295494580854
0.1744106363079429
0.29375917309717703
0.12846927574024203
0.24038502595861105
0.2493081408852649
0.13334492265659453
0.1820110837864845
0.25917688919245985
0.24067753199342465
0.21209712887308116
0.22874390267173542
0.198804321966036
0.3071738893561311
0.20667838293626628
0.1985013326869661
0.2173957242810569
0.22158392525832626
0.1731672218305499
0.20340689298345452
0.24240327160933484
0.27179496274189174
0.28397069814427245
0.14614834289816836
0.28912784790373547
0.3218590473963665
0.2649791004016596
0.19852370672935124
0.20534308706790858
0.1976073324242416
0.1899317449525545
0.29152482479538916
0.15605826466427491
0.18875100195218952
0.1788032648009963
0.19287975638714877
0.20387903568512103
0.23997797001776594
0.22228864027704667
0.2425293608923811
0.16015126470266
0.11013130539740168
0.12426085169832674
0.20366111557757027
0.2295442651609835
0.17462749807493888
0.17369539238584375
0.19484497263496672
0.16252192447712852
0.26155989488437226
0.09668021976987591
0.2226644190779089
0.2315683895869794
0.20571843459961214
0.18180437591417128
0.2830891106711656
0.261649364559204
0.18964646499258417
0.23345991497072602
0.25450815155483736
0.19982490081088125
0.17088427877464793
0.2301399979456477
0.2234769844448219
0.3559497761491397
0.16073665131559556
0.2335788024754456
0.15016524426417832
0.15530576575608177
0.20022617989139732
0.20857148616646737
0.08178267929733612
0.18250845547007633
0.2495319158816544
0.21258481955357195
0.12497986270809816
0.09882616266069888
0.2317944478753202
0.2889925772019576
0.12229346887643419
0.1850359341104616
0.1808773667829831
0.1775928220294561
0.21198791213500373
0.192352117902424
0.20725698932619646
0.23237641306248097
0.13298586640159976
0.15875609964688003
0.20016432714848648
0.2646266199136721
0.23256713204336127
0.22152254004954763
0.32307143954472717
0.16925098680349965
0.12054261974468955
0.1575652305701887
0.25780035511118643
0.08761917657667823
0.11424449838433644
0.21697623461687474
0.19862562892330352
0.15903194769731457
0.28898282045647067
0.1971601666013835
0.17852191869525674
0.15220564690425392
0.16969008077230133
0.16631367294871843
0.16676593312652682
0.2030268013097625
0.19239915049006434
0.23343153409524453
0.11787448368673568
0.15500292758104053
0.1504309103157761
0.18637047231790357
0.19703743014359174
0.30926375781640714
0.20280565652012478
0.13937967875734764
0.1290282236715769
0.14812029515710481
0.25770666445981627
0.17794860871396329
0.19438564548626003
0.13390975289806678
0.20941671279787796
0.17612367051972658
0.20604227362152347
0.23184925580104596
0.22751178114904955
0.27982718535217027
0.2653108863517161
0.23392678192667532
0.15415975629760267
0.2647065684441698
0.19598021054012282
0.2305303005597774
0.14232762128535775
0.2944747068117163
0.25943049243359845
0.19741639044511083
0.15750663621766445
0.16759452564995875
0.17185960573183706
0.1361198236098929
0.1414314175029606
0.1817372240464395
0.2132278539651447
0.21869401084862022
0.20486963715020992
0.23620142000342806
0.2312414852023907
0.1518993334527462
0.1993401386186197
0.2401788552117265
0.1416646615132588
0.20981239152555098
0.1987733415404601
0.164320215683834
0.14417859205510375
0.2399986499308755
0.25098769314954156
0.25872143164766154
0.1856362418513159
0.1906235373680768
0.18333909736555767
0.18918356179819557
0.2660481978724893
0.1921051626000897
0.2229952216793216
0.23697487799326564
0.18761125644847834
0.14348406201449082
0.20754530634506613
0.1425551219454965
0.10945340538453135
0.14071635838938953
0.21131176149828007
0.19503333327141534
0.24853276302027844
0.18961655298668917
0.060767783635175515
0.2595120455818113
0.17210632748400145
0.18047448647667805
0.16899253436102407
0.2187099188530201
0.12926944575806223
0.17643137883066062
0.21512583564960813
0.2792346301091147
0.2033548277506668
0.25786979434609486
0.22479980955462797
0.09523871394544564
0.22477854678617054
0.20149784459753808
0.25823850036318846
0.28298050944768705
0.24848918026724065
0.3150411760097151
0.2972091060831392
0.18460802221870404
0.2242600769916243
0.19835133984166786
0.20094663049200395
0.1555831201766696
0.1673856761565441
0.16161196992666912
0.19716607562990396
0.2476296743433502
0.27688596827636924
0.2903181794881368
0.12025930702878312
0.14792014874704126
0.13448581249753375
0.1165132739301857
0.16577672702589594
0.15198547093011325
0.2575684264578065
0.2644194926783324
0.20000675183383856
0.16870806443918138
0.23840317333885053
0.2721666248229299
0.2880273666120675
0.10773687007544423
0.2426000674851875
0.21813970231977156
0.15583782546289124
0.2123147195280875
0.09943049158627851
0.2093217488664159
0.15398512650185847
0.24975275935962565
0.17015539871577795
0.162400177954545
0.26900999762116806
0.2754475826903142
0.17059016602537944
0.21677635967451422
0.2284215405587381
0.12996796949838804
0.20933567004528272
0.18943467179187073
0.10488091911008941
0.17268193297087853
0.20675273756732115
0.20737528274427316
0.1418601844504142
0.11730098578511107
0.22789365577289997
0.19608392745614608
0.15923080976694512
0.19630739393621616
0.20977138419972516
0.17839993523499872
0.17417822404288946
0.24811983182074393
0.1766218533652262
0.13138542908125173
0.22511729327014887
0.1509008742219716
0.15811621776314855
0.1400770995841583
0.19428558060532006
0.15770653572431775
0.2384748305147842
0.25277808753728237
0.08634443795334164
0.22082150920496607
0.14711114976270212
0.2935713439260161
0.18362503663016605
0.17656424784770136
0.20295913108346814
0.15731566059481672
0.19501341126713265
0.19601021554199816
0.2717462802803909
0.21221082279810555
0.12969991216742055
0.23124237300142256
0.22873171404824233
0.26943195762603867
0.22938029989365707
0.22592915220656606
0.24173738594983216
0.15237801712732002
0.25750035774730723
0.19606197089984062
0.20554286908882527
0.2331002164347472
0.2584533413479437
0.15741757991902183
0.2285441029370006
0.17305773057457285
0.252492760922789
0.17997036558728802
0.24407256249812043
0.14146109969573953
0.21311624345421165
0.23894994075663262
0.22963337760795507
0.1822867205353098
0.1833065130193611
0.20984514619148073
0.03900512173927431
0.19657563638469128
0.22343042135429658
0.2673154828692974
0.2253891930625743
0.12519460985604572
0.2297039011745482
0.06730573623884639
0.2861806605680993
0.19648109207004413
0.20205764897197126
0.24559565538664402
0.15888651633053527
0.21259477128874996
0.1862977572649237
0.24495071191607132
0.16929249732162027
0.22485180294583484
0.31368005734625726
0.1926170130920811
0.18168168100308946
0.22764826218269424
0.1606469904028763
0.20991725654652937
0.20262375361102739
0.2836033099252234
0.1369041427015829
0.21759808557912977
0.14503401351687323
0.1563241197271127
0.19794024486026895
0.15484181711436296
0.15979739023020523
0.1613590810452129
0.2746754332318919
0.22686706920654715
0.21894350473853658
0.17680861821932428
0.26563019278167155
0.1729639490949109
0.2807556701634017
0.09518715382406309
0.1725772888992254
0.15059672996954346
0.18828181530382376
0.21942338198407937
0.2192451733029991
0.1644711430470899
0.15707398862403815
0.2092699293199458
0.17390234810082764
0.1939184582347451
0.12240393951421073
0.13741217183100907
0.2657892187588621
0.24508585544860623
0.28254229359527344
0.15183255536604404
0.19471280535827373
0.25861346576083283
0.12787777251332333
0.1968292117679092
0.172444847071151
0.20671761786637463
0.16004928251718423
0.1706355203704586
0.1840945311290277
0.23789407385487238
0.1833728979402618
0.22582370676576619
0.23265740517069455
0.25379586364928686
0.21945912383156843
0.24784465496975938
0.09148721439728791
0.1865710279441879
0.16293816072484493
0.2568393892056338
0.257516981448597
0.2241323188718678
0.15084138420778143
0.15396481328076594
0.26224749622400667
0.16116593670582738
0.21191006079507255
0.21959395929519165
0.18744014710456353
0.18353349444042438
0.1857503033608401
0.26255546891875314
0.1548240521934406
0.07107662340252341
0.20836472373469375
0.20434344366150037
0.22953156373576925
0.20402243675922865
0.17916492519774996
0.24988354088567372
0.2286358735575469
0.18634853000445153
0.23320614763064518
0.18144943354177293
0.2797383624493333
0.22826533340470287
0.12711504207686083
0.1392863321982096
0.18536781379227293
0.19416800075696833
0.15609844014079818
0.23246611524768607
0.1885194528877476
0.2533548754326308
0.22043703612493115
0.19754824716222658
0.0652010889983492
0.20863900562941243
0.24466227706721694
0.23901696380705928
0.20870607990652496
0.18311415533894546
0.24863905188982818
0.31904766432003206
0.1194967118909302
0.20706572092762432
0.10035858100737606
0.15721161138560275
0.19070121062403678
0.27330304844941156
0.14284203557314035
0.20973297677819674
0.213036846302058
0.24361426281525383
0.2991226226152087
0.18160469970764587
0.2479405626299076
0.2286234761416275
0.14615764295355457
0.1782912174372873
0.2711979356471605
0.22899465140975173
0.09717030987516205
0.1933007558872623
0.17456708946293933
0.14086632155243042
0.2004393758028447
0.1607099509285414
0.239032854155516
0.18805648363604852
0.1378039786647377
0.24425162017240937
0.20264614902976447
0.10751886028055535
0.16308243918532914
0.22842891370996118
0.1410474933163642
0.2241268143870784
0.2212193585201212
0.1947592279934937
0.27142680084204257
0.24329081665518296
0.13562811645758033
0.23894835874861145
0.20340788049689798
0.12185257874029023
0.1879130583850631
0.22828873086935716
0.14385942771363677
0.1787984679733166
0.2961771549501645
0.1739532348324332
0.16944716078317063
0.16501931934567413
0.30376637785550975
0.19888253587359936
0.24099320419247883
0.1530864625648285
0.2508643900147416
0.18009618163048305
0.13227384985400875
0.24986886752131046
0.1586272706700292
0.300005746743068
0.3104201072693245
0.2067473922918682
0.3075181681663961
0.1531410996419785
0.1996383419400409
0.24715565392701952
0.19161080393141652
0.13667097397791675
0.11860936220113177
0.17590610110455235
0.2296710375350075
0.21031277686907043
0.1703715557492614
0.24521549240784762
0.17249859898421324
0.1921566207288776
0.21916273133910766
0.12782490615753112
0.13195589714474945
0.2182739402779384
0.22693601163463317
0.2063293409030076
0.27719882523069067
0.17758221330980062
0.20906721789372937
0.20433073876369162
0.21520896565999292
0.19846790269052192
0.24172540693010042
0.204342355293386
0.1769196792896734
0.22093147480313918
0.24785030237490954
0.18983207954648668
0.11702194154939258
0.2474333673911236
0.21207346600386817
0.18407733744512472
0.12098793540714181
0.2502552487628115
0.20984295843936301
0.1393033882805601
0.14345678712295556
0.29007833758756457
0.22224142569674452
0.18180481966722065
0.1461152483628751
0.13988736633413573
0.1870597834202992
0.140703977883116
0.2884525144069766
0.24725313308654812
0.22303948796180123
0.18991817564866426
0.2160121285420258
0.17980864543677166
0.21203979924216976
0.18545663096818507
0.18962044307832804
0.14935764114888853
0.17274375811809775
0.16162882560594627
0.20043963778881518
0.14985930917690124
0.21659961272312617
0.24321114822858894
0.20598448293047916
0.21449066372430614
0.21006308162064827
0.19671578512330593
0.15634911450440406
0.21389265175988975
0.18248202150190207
0.168469567613993
0.1824064597133231
0.24436981368190905
0.20707396369143524
0.15167893915015157
0.2215392177643065
0.259368090508202
0.18564764649281568
0.18909699333829413
0.2790429500050372
0.20114948030193325
0.2713052676740252
0.2487715415229599
0.24649228880989707
0.19762892693822898
0.1554131312300635
0.24304088890165226
0.1951515008929251
0.24880421677938352
0.15219838079347736
0.20746868682278818
0.18265981095912903
0.2268742665216702
0.24925104102030773
0.19893880037237316
0.18963457358966873
0.12845061333471824
0.1270960039609865
0.2223146566813382
0.1548790588124179
0.26433668961402157
0.30135195435094025
0.2382842905508325
0.2611349427632556
0.13697082003645983
0.2253858097701538
0.17031944030703158
0.18417201034226277
0.08079281029289467
0.18558493495469197
0.1864538166613338
0.24049894850358486
0.25206332636547135
0.21588862435413542
0.23699880621923736
0.19231435573879715
0.19549371799679593
0.2463328651615112
0.2266727623414853
0.17183498099867017
0.1237815289183929
0.12697535234937113
0.20322659388123954
0.2269921515922152
0.14166146581776753
0.19373920504385217
0.23554469786807633
0.22015329375534087
0.07537142006162226
0.2564525439170647
0.2535698235850537
0.1844770325223568
0.22235989489222754
0.11229266664588605
0.23916221648362812
0.1649403857452896
0.22762319612417015
0.23977582450017493
0.1679506514416645
0.19773492478527327
0.25971387028627846
0.18589037039179668
0.19276649491158046
0.19570178513045686
0.17744970149314235
0.2591678190088957
0.14496730281150255
0.19722758522749828
0.2827157615500065
0.20921212363205471
0.15809794893582974
0.12243301283923115
0.2430815680023214
0.31348165757490243
0.17944335892955976
0.20157060999367563
0.20698571355911974
0.19412952321682286
0.15783491842035502
0.19454518436537305
0.2215347769774266
0.24781148602279007
0.20819780036219812
0.16973497817032596
0.1759087224317035
0.24966149785977212
0.18086909407900223
0.23518853597246742
0.16124965241411066
0.16526502031574553
0.17234530433708772
0.2677030133295213
0.21538155145299948
0.14071867865504575
0.21710542278451428
0.24285394556302273
0.22115651894069005
0.19699016160822902
0.12979604176852239
0.1550179405823811
0.2251094531045898
0.27741834746502125
0.23460444564819738
0.27809427825041905
0.1275328729183106
0.17986938073126893
0.13899744926297156
0.19083076076999478
0.2708656672218683
0.22009990392741435
0.17626553871637735
0.20103749753869674
0.23278539553185798
0.19497884311545108
0.22488474332407637
0.213071089681462
0.21338687961733543
0.20939686941954058
0.16719700919467398
0.18344097542900523
0.13444710272978627
0.2427003345101399
0.07963567988585639
0.11913844190302036
0.171053800276098
0.17293346350581087
0.1697115021757467
0.22404861799541836
0.19912350615454139
0.15145105990656205
0.19376237697946316
0.2758906148285353
0.14067859069990818
0.1831858853340229
0.27688576732959436
0.23347867781742368
0.21573662983507813
0.2490550690677152
0.17724252992443168
0.22021880338166772
0.18142256144352703
0.21147404348821744
0.23818268085593902
0.25722037138800874
0.21662011990998192
0.22391824515054545
0.2359884157753316
0.14401686454287657
0.23265978777752738
0.19263297100104265
0.15695443014579152
0.18767759767752332
0.24760988933835865
0.21195869205917595
0.13211045579619995
0.17846977404574213
0.24999857071423687
0.17119771756854404
0.20257565367141106
0.18279083761181486
0.15073915382979838
0.2011764156164426
0.3084297756432043
0.2562751901105438
0.23464943619368694
0.21639933873551598
0.2045695507878409
0.16235089226936664
0.2076591518482728
0.1524705698720492
0.29153516537613045
0.23712577143177738
0.13936726100564892
0.22858628986236612
0.18251662949119668
0.08073015486635844
0.23649696699668027
0.15766901024618904
0.12966729816336686
0.15403561200962831
0.248868445033157
0.20297429721672736
0.2444930881850566
0.17353421039733852
0.16122533351766147
0.19609130382395382
0.16875159145221386
0.16696290737269212
0.18493765461708703
0.15894459045685405
0.24218921083459827
0.19960365691390877
0.2563990357900083
0.11733763992628644
0.12061762232517098
0.18222667064305717
0.22184749302873508
0.26036727461725084
0.17696150279795397
0.24965108615983206
0.2513187676125592
0.1780855614458386
0.1750362384755926
0.17850252537699357
0.23789619270452497
0.14374714261720228
0.1360588063813064
0.21191393775869138
0.17513439258961896
0.16274938948782708
0.25793530744105997
0.1873154032445845
0.11796192405857403
0.23698299741774553
0.18985399202593028
0.2556487898297022
0.18062430112492572
0.2746342501619002
0.22961723903649983
0.2692889927978995
0.3044497779987093
0.1190447925012265
0.23078735258318084
0.20509487628858597
0.1993749194723175
0.23215617871860922
0.19991690551595231
0.20351644205776317
0.19403034065416297
0.2567792012834912
0.2309271279472748
0.17194362548535724
0.12335153850113033
0.2562065321699682
0.10508202794410522
0.17175618920166524
0.18483025819117627
0.24871571122869815
0.17025673100585606
0.1674346372527589
0.1423829271495236
0.0789873293152432
0.12995241111816117
0.14841657474745729
0.21881348295044784
0.2104209657198257
0.18676699213548106
0.17469123329774422
0.2338813762672146
0.18471815625854368
0.16826739725559509
0.1689250923558879
0.19700666293819802
0.2026971051589071
0.173256165355338
0.2631154935477484
0.20435011286031785
0.20330185005317436
0.14933676642050242
0.13212044912275922
0.20340404943269905
0.1713530596959769
0.1252545826077056
0.21927951992087896
0.23378751157428088
0.24645975109954324
0.22294266652357658
0.2190759100931894
0.2012358903993536
0.1672729453086395
0.20426912622641594
0.21173116262937253
0.23270954257646184
0.19756037572768984
0.23106735263168487
0.19986745630689778
0.19487240737745407
0.23680230817944142
0.2894182236170152
0.27906321682602525
0.13640572089822894
0.23703709531701686
0.131358320388455
0.13726188499486427
0.22038257641815034
0.18557547323263482
0.2332781682340592
0.22572935647078204
0.13480542594865164
0.1894459347817152
0.20480108323690865
0.161189535070204
0.1872576079047969
0.27680042433844887
0.2540058368014593
0.16201702605221147
0.14891216926656423
0.21032282320680162
0.22662224264491687
0.14670080554511822
0.1294250430002412
0.18546284820268108
0.2508879106179112
0.17651010804745135
0.26540068853462523
0.151261787727766
0.15785161561781363
0.2835784716830009
0.14956865351919607
0.25223170776514114
0.2183016593634431
0.12189920561133469
0.1480686693180756
0.21212423422286045
0.127237920425473
0.260369913032359
0.1820351672792476
0.16665553417129117
0.18583543442310566
0.13829448842937775
0.17710761632654157
0.22650882930980049
0.20009366209372817
0.17136735139676035
0.22997783756011353
0.27905508681030644
0.21696987247126825
0.2689188652902552
0.11145484523836226
0.18705852945412585
0.19473040287091975
0.16449028682667247
0.18720894904705973
0.25620191546916254
0.17801280597395835
0.18323978376531325
0.2551518331137544
0.2628573669677467
0.07994640368519151
0.17548183072611565
0.18706034673774943
0.28486019045511213
0.1627210022529253
0.1955306426700556
0.17689825043016577
0.14202144832306962
0.23214018346713347
0.0789468603108478
0.24523633926673222
0.22452165898618376
0.25099428234851917
0.20759527848276327
0.19617658893298237
0.13047882137827008
0.15063445722165944
0.1487771238367873
0.1679082398640471
0.13891670236608755
0.17833536217815632
0.23831305215879875
0.20267659622328796
0.20443344203565347
0.25230989827982964
0.1402189337667893
0.2092660957751741
0.1852659206547524
0.2596337766562056
0.1407493044116
0.15954168779138872
0.13150630133421637
0.20787389477909532
0.23200413609293102
0.14324371195173247
0.23491546085355797
0.162624271424095
0.18054309345856384
0.19709804138396853
0.16960768824905076
0.1591849814802272
0.14679649674186857
0.17675480972162713
0.18598908458664562
0.22843508320853967
0.22022817038563341
0.28366214527299216
0.22585686591010412
0.2307484882358631
0.07395330284859736
0.2696991349132588
0.2542885159064202
0.19026750430976563
0.22431408924356414
0.1876927572671823
0.24398124522434797
0.14909105835645375
0.23278112780356197
0.20113497464897823
0.30120952392320577
0.2047377485993715
0.20252304928634327
0.19000446486936545
0.2193809429837187
0.23583664558106085
0.176584328724612
0.1993212335318694
0.21318849148607508
0.2075743014133905
0.16407486983013658
0.24457963180926254
0.13952269695629382
0.22207480624253662
0.2328031065074162
0.21494393033685333
0.23627711722584138
0.19527244138015987
0.20090745113173128
0.23787655157985865
0.0972282738175445
0.15828285595609076
0.17825633128603038
0.16341817755331983
0.1742392186520913
0.18460837888284296
0.18885696873808558
0.10531241111368592
0.209067588746484
0.18674478698376343
0.2064275530907794
0.1377922625619455
0.19844825606380687
0.16230130331999587
0.18676418389619873
0.24576919079895326
0.21732513081044086
0.1569480656475744
0.13931712146257225
0.23621358348441046
0.2529493944535588
0.24782250644562714
0.1283018386553213
0.18570554327917202
0.18864590876913712
0.2241800444834963
0.23299709562356524
0.18349464451091835
0.18637611281164035
0.2793825766935189
0.201912727768939
0.24116595687399017
0.20669945431655667
0.18698653096224713
0.24475117611645364
0.19576396306433985
0.3229100484259742
0.21659864313168173
0.11657422777622178
0.15739669807189638
0.18781201352385243
0.2558965429913977
0.1483963790839048
0.1699947466123664
0.1362636737867773
0.2281294227312048
0.22630504501620663
0.1942892646509112
0.18831779926364048
0.17551694102616996
0.08992701874173861
0.2100743940217354
0.2427779001809058
0.17740046041665897
0.1277661715205613
0.25828279953755284
0.1269146479000769
0.21532267354754642
0.2102029138103195
0.18202627361485602
0.18618066099107075
0.22720815234490888
0.26940963232128917
0.15711992611097475
0.15370637523806394
0.23250668617502182
0.2787927576281889
0.30217040688289204
0.14213516907659726
0.23368470930886304
0.2512343831829714
0.1995534764048088
0.18874580858711404
0.1503343254110965
0.1837614038755605
0.2548029531998502
0.22778670382479194
0.19226507288904723
0.20765698667478472
0.19904692566299562
0.2373633618069787
0.156853190188952
0.19202856687589118
0.16811726031064975
0.21203224798239828
0.2488831797199071
0.0902526901110171
0.2391069724935626
0.21830465267042992
0.14795164854260803
0.2155885487965021
0.17608441659053276
0.14481366719742625
0.24870004736379375
0.2021110488850771
0.14467781059863355
0.2409035225460926
0.1592504644681722
0.1395399747009004
0.19327546229326634
0.08498739657492156
0.2187858237662169
0.23510316161058453
0.16362213004555942
0.19825063453116934
0.23768423899781316
0.21147047300832564
0.15134826572814036
0.22968014237010417
0.1386317184108326
0.25055092495585807
0.26806319705646514
0.20192327994127454
0.24687892709466772
0.22349358366196345
0.15580369921359094
0.1951637361569735
0.1067793148908549
0.16840867031305487
0.23736679106555453
0.18492562331929246
0.20202785121410283
0.1549825512477902
0.17471923251582377
0.2358291726762652
0.26565737485636326
0.1613499443859711
0.20800957507893975
0.16125325613102579
0.204334502462751
0.20246089498773034
0.10417763615900862
0.30153800921417656
0.14899315208512917
0.17982730340277003
0.13209811541909983
0.2592374226815492
0.23406463311989856
0.18214615273674367
0.17134956278710603
0.249918558424896
0.18704476666430633
0.22722090750701146
0.3652295375668467
0.17178259572229093
0.24355634489362948
0.12177516663708406
0.22510680603052963
0.25416492647382116
0.26063290894403807
0.22312541470836372
0.23592036521610055
0.20107438953243156
0.10817027201864975
0.10777739300722416
0.20441916419863088
0.2389021407192063
0.17592254443918026
0.18873081840521044
0.1883869548063017
0.17370495291071125
0.2559182672594559
0.2567296290512938
0.24005058562536305
0.201587875683797
0.1819029976800716
0.217341454923358
0.3411655227811319
0.16653897154745403
0.18285966852598717
0.15782528104141724
0.1824448860032073
0.23560317836829234
0.06599508719599903
0.1730067343221262
0.21474436032821825
0.13294575460810865
0.18970202161996744
0.20151521448611523
0.22012047422144218
0.217362791561402
0.1339279004491395
0.24926383032348962
0.11544083739826042
0.22995009851682294
0.2720830513130444
0.1886846661782454
0.16117316278437527
0.16661472083830364
0.158468008950939
0.17720040488836858
0.16234727955234807
0.21670710987726866
0.21597598732103984
0.28743031476040204
0.1347705039939549
0.18891246302169684
0.2683008307920244
0.15034499081016317
0.18411951816891595
0.19523413133990652
0.19196967708503954
0.1717410870232091
0.2516591167944589
0.22117160170567585
0.21911289622304755
0.15375943772490147
0.2088839047882596
0.18950494069379242
0.18780158449661113
0.13941567977823333
0.1199287695316879
0.21725657512579086
0.2364805129956323
0.2260782079165521
0.07232478262122982
0.24944381170478544
0.20656543689220186
0.20745334352211364
0.2702115722688825
0.14813328402896445
0.22195460455257054
0.13373398647485757
0.20792614138871765
0.18799974825872545
0.23879893436916555
0.22254168009681133
0.2667845847886418
0.22268327848287986
0.18883713782943218
0.15887921624558926
0.13877248443991969
0.1738727802795908
0.1678573464220258
0.17681299796538408
0.12641623707629396
0.18184889669484589
0.11463877472126839
0.2836164202360273
0.1963014215898736
0.17520444475500693
0.1146745119778837
0.22059409071314262
0.20942049605363106
0.18787082456604653
0.26929393440372384
0.19911373038558267
0.2516910099282238
0.23658571466404968
0.16420403098231012
0.24348980074192267
0.17399596390045763
0.21209462162408044
0.15371923050038894
0.15488537266208446
0.13731557539870043
0.053558355889466974
0.20789930276212576
0.2293313515498442
0.2046831476160432
0.2418288254986044
0.2775443423161785
0.19241097154545467
0.32751187028184925
0.22129882943282073
0.1854070082554232
0.21788998635910603
0.20897917263339078
0.13792189829558388
0.216381071695335
0.1902565743150147
0.11669383232803165
0.25131069333340095
0.25132300291747034
0.13619451743916744
0.2635104520238141
0.17320387805192994
0.2353307875647535
0.12947552458569667
0.2260535005443863
0.22740133942570087
0.2181591720173845
0.25269328111564704
0.21156703744679828
0.15459577480418385
0.19119953161602074
0.18907282705989364
0.1812239783309171
0.17916709914098805
0.2886827513408473
0.28320853250799316
0.176565417679379
0.2275522273090501
0.1418487063621139
0.28432534230798556
0.16265268855507947
0.18359695665249676
0.2601764106921969
0.17118473323611802
0.23633197894800512
0.18740547148133122
0.1758277906445625
0.19218477308177906
0.21515651984406872
0.1807664641829647
0.1740481246289919
0.14774911391822448
0.2818823533030686
0.17873957374206587
0.3024427750083454
0.2335393633283952
0.23447605214753686
0.17942117846665667
0.12156639495333083
0.20802641382460757
0.28911965329763584
0.11090345774148713
0.11941931470913048
0.1477221660852554
0.216631941846186
0.16857278650290491
0.17514230588128882
0.13559217330426132
0.17524201124785305
0.19700121828638673
0.23111092076024997
0.21939331594641767
0.19948489913569917
0.30298549163786226
0.20831991141190884
0.1516476642415989
0.16842383898066254
0.1682804541314525
0.1680264026435747
0.13472544288790844
0.16873567442808612
0.26499849054507535
0.21412311292743172
0.20369200418045366
0.1502727732071027
0.1831127399995045
0.206163696900746
0.13527740120999043
0.25232540871117554
0.2230893224575097
0.2820551730465352
0.18858422683618603
0.16761066468209831
0.13713986657815908
0.23751636613830768
0.2575060371970059
0.22744698720485176
0.2417894415011859
0.16764222605444062
0.1497860448015954
0.1439992002045074
0.21481058020551966
0.2929409739771124
0.24339874981131102
0.28593297702930753
0.152456906397311
0.1391997741121938
0.23700391842420088
0.23567883087235592
0.12299303804354136
0.23981634614876693
0.2222446166979535
0.24156068072826725
0.28806305398889953
0.18834243054986952
0.19820589009589532
0.1858032244545186
0.14557603615218553
0.17480586674302123
0.21168906260055087
0.31338305252164966
0.27023167386057356
0.2063423510828076
0.266372927884655
0.1711990697541232
0.20004127246961434
0.19908069091025252
0.19253170351885204
0.15332638526530945
0.13497951226411592
0.22730275424152824
0.1876931535061731
0.20398375554917056
0.19036204584184602
0.18769417567294483
0.19025366915039976
0.24165823775083584
0.12842378638088645
0.29094843996821773
0.19877336926386202
0.24896431846155495
0.1897328093673361
0.22253304545159158
0.24653593105520596
0.24731361112883252
0.19850462858190396
0.28185907710671393
0.25423853230533644
0.19704375113764244
0.1336642127165979
0.19193595691777499
0.12592028205519584
0.2222428271969665
0.2636757543306954
0.11251297793027158
0.24954598568087805
0.2353343522958597
0.24607863041208808
0.18820938877735857
0.14772609412484952
0.20910580756280034
0.16930544345802806
0.19804714861869388
0.15705178000921466
0.23416448054100103
0.24867242812231552
0.264716351988204
0.15800488323767567
0.17950787530800355
0.2115360737701855
0.2442750195019467
0.17509798357868822
0.15124278577923436
0.21694284969290065
0.23734199551373078
0.24499155143906381
0.24231336862405817
0.18502239463137501
0.1421184561776573
0.2135484672606255
0.12056898107613095
0.24093778870525934
0.29395417359281
0.2611471756948445
0.1935748172098145
0.22874234785263248
0.16146392488720027
0.19658691755985896
0.19501414078838256
0.22003596348524768
0.11740320366398867
0.20720565933129984
0.22736036325522269
0.16841742030140291
0.12774340537175208
0.2059556771245101
0.19866635362266047
0.18294856471323742
0.17823686782241463
0.0956252565075481
0.21787895808227295
0.16553859030191753
0.2719440219834157
0.180760299374134
0.179370341627605
0.1064523300372145
0.19233716631140685
0.25427876657406134
0.31543574484660136
0.19938410132018908
0.16281547922240003
0.19157861900639703
0.19823631889590576
0.2213988253547839
0.23365167791721173
0.17995960396577337
0.2802471187833423
0.18732085123690204
0.17249758877595534
0.17373398119142475
0.20418131511488488
0.18760652353446558
0.27034262789539965
0.20432957366830587
0.25365071675800704
0.18523098371508284
0.17688392834371142
0.24738795836581545
0.19536483031867827
0.2469836019063415
0.22515632181291861
0.2255907171425516
0.21520018128429683
0.17530920571842726
0.15593958428704643
0.28813792807467253
0.23282047035021736
0.2582626064314319
0.2501757376248865
0.18793339034434922
0.22455766512831155
0.22731968402789204
0.2695087947048661
0.15669924183853218
0.08839696015879524
0.22636080123682178
0.2048585032310945
0.2688712488931243
0.15041379800274976
0.1851761477220893
0.25010942035385647
0.2235536927656402
0.2134971726837367
0.20200535257756447
0.17267445660375982
0.14763591522692235
0.21466893148834815
0.15929058742568458
0.23288828997657285
0.17957725107131883
0.15833674834446418
0.23282555299907715
0.17637605348717364
0.25567182207665573
0.1445666212443998
0.17924507002587337
0.2195486878798312
0.178980562476442
0.2579824234235874
0.14606325140345788
0.21697534893434584
0.1210067146339519
0.23981749485317427
0.187845232189373
0.13748470791675815
0.19369468578559598
0.19653093784514952
0.2521300479968402
0.16045183670614294
0.20389638185777123
0.22343371231893214
0.18581816977869464
0.2706685349357525
0.1324784549020242
0.2462905768451448
0.14600498358832434
0.09023580773712753
0.20406577830276496
0.2829316943842216
0.23355637580626468
0.20837266927940623
0.20491798164513042
0.2272479698759513
0.23881544502656515
0.17314711576759456
0.13986508344100437
0.1954659791042837
0.13474048981267783
0.11330829316099027
0.2148902860230141
0.17745767275139113
0.15288222880795707
0.21412460441746578
0.13579350666967882
0.2918049490026834
0.18196244104543963
0.231454985419226
0.14295318159044618
0.25377510989554986
0.17626838426357117
0.19988780978232046
0.22388679688107815
0.14889571852997244
0.23015016108042546
0.2331299672234432
0.1510605939097411
0.16314892153120178
0.1211074311644027
0.21636519386393926
0.16853402862812017
0.2779077563813768
0.21564444032858007
0.2569527123172816
0.17885918405267645
0.3017744965781224
0.2090712546323343
0.306936694905313
0.18908690072433262
0.15811121331473024
0.21306885552277818
0.19140884587669887
0.19094999845265018
0.1757357571181024
0.16457186442178112
0.27047167277873324
0.22690263263157862
0.21090864014811025
0.2904684805752796
0.19038491939418528
0.13734098893497437
0.22853323435855352
0.25156981775773213
0.14877738962893836
0.19345543271141566
0.2798050069698522
0.170510040320745
0.1795353038719192
0.16360389796003189
0.2802436945203146
0.15512229615355566
0.22130155004492957
0.17869784147861245
0.24140505788091893
0.2145812088588674
0.2498887658676753
0.09370704771242147
0.21580984799659886
0.13559176861484257
0.20505871288712327
0.2890451825265129
0.16405791958583948
0.24151443482742005
0.22509561433452344
0.2461050352434526
0.16666464713615659
0.17219968289741464
0.15490442709512126
0.19556309225079474
0.18793997953440705
0.09546885310358447
0.17357918750051693
0.15189116902941688
0.24706318163253238
0.1276960270041123
0.22164312036634326
0.2397135410317835
0.25734347645615485
0.24845250459168186
0.2789843560685976
0.14637385314303977
0.11249454644598347
0.19104899757923824
0.12241816280093443
0.18358468316805937
0.2414387749403822
0.18750669197949074
0.20807507578540776
0.2517251936698508
0.25049223537190285
0.2292919583657011
0.189071212199967
0.20066556223423335
0.2732155324769747
0.1851017891921732
0.2081361494784551
0.1733054366695884
0.15179042281030636
0.3540069394326248
0.2251313267577909
0.27215270771816996
0.211824812057059
0.1684918508612136
0.20055720890065684
0.29441336447594946
0.24121876700357847
0.2805692272407614
0.1823946026915295
0.24925282884386585
0.20956128189252263
0.051992768638686376
0.24587390871085205
0.1472844466446831
0.16381311284577477
0.18259036110536153
0.20757447280971597
0.3221995333058433
0.2717017890118044
0.16845063695893
0.2320565765076829
0.11901110356008932
0.21906000787344865
0.27689442280320214
0.2445998179684517
0.20684399303046594
0.1558283980650323
0.20506509848461543
0.28045327059625
0.2291860826363723
0.09510817571517774
0.24715988433621694
0.21358181786183816
0.16474676875518013
0.22239349005442544
0.17633356976446826
0.2791774298267281
0.2858506996650718
0.1953467073344129
0.1829613012369704
0.20375969987928114
0.12693536734233182
0.16681408121733898
0.1457914031404123
0.19086051760219847
0.16730991219135763
0.1867935211825562
0.22590553463368374
0.1901636344741614
0.21319557201440661
0.19622371450280773
0.23262378574614917
0.2199548446997542
0.07784457745757603
0.23120336325815316
0.17962814237391606
0.17729842618889347
0.2812538846011829
0.3063681934939667
0.27630001731236764
0.22570049623329513
0.24438561318934937
0.1731664652571424
0.16491662664858717
0.2040166549230426
0.19096776836988205
0.10951755785199367
0.2828428054287291
0.23862277839723173
0.23739124615595555
0.2767604563160296
0.2462582634236928
0.2642477931821819
0.24913882481707722
0.1299873745306327
0.15696416612097797
0.23093100007950235
0.2246033990481112
0.2787915118382247
0.13260564981573908
0.21320939827930416
0.19419067076702615
0.2485218038072288
0.22816343283708257
0.24327720148253235
0.19691232927483587
0.1863371709235162
0.1659960877248584
0.3088899239735339
0.17801225033255302
0.1413192999384609
0.22270801774720583
0.21052139176483903
0.14623218700739063
0.21578964612029744
0.23307626325824893
0.20183643369529072
0.22211242782635887
0.20345879198386674
0.12300606565105582
0.15242565198174224
0.25912197574906776
0.201526119135402
0.13699601579701076
0.22858633945559242
0.16628424545353043
0.17231250054970654
0.19652150708053545
0.19402446944368626
0.1599983044229234
0.26453986621748005
0.16882714467196736
0.22623343707351876
0.22554802955392447
0.312244761269623
0.227755613273748
0.18535024022929555
0.1782007798787392
0.31413220043395673
0.2530585038509328
0.13955445068387423
0.09621416377509717
0.11631412105111165
0.21831920484722375
0.12233078802879872
0.25331210404324284
0.16228305093377282
0.11668508461590317
0.26415366960717684
0.08674600089826268
0.24353988559306086
0.24312076498720664
0.19103839115727075
0.19350643039061952
0.2596685260058768
0.14928283478562437
0.2773474010980167
0.2609238982245489
0.17440980073943854
0.1606808102790507
0.25246567499726313
0.17153148336371193
0.187644397516458
0.30209013556848324
0.1800931825548907
0.2647279137885115
0.19328512587340602
0.2481828683131868
0.23540071146615021
0.21529511058342293
0.13749618525660867
0.1980572905930286
0.1420887650177796
0.11634636775212577
0.16189092530478555
0.23270176230011544
0.2325421988433139
0.22320210009150326
0.13774136046760355
0.09132347705571693
0.14968147993189804
0.22288506935450084
0.11747193568033179
0.12023140195483051
0.10911481712024684
0.2362830348815662
0.20677471078854442
0.2379847691538981
0.32138671433915367
0.28847963763172796
0.22397422038838166
0.2137979147456749
0.22626836011843005
0.23158588055621976
0.1958875142208649
0.21535956327740347
0.2774234422906702
0.14280679429763019
0.22810079083378262
0.11569571140978725
0.17087463287679094
0.2753956208602925
0.20602263047138847
0.2455559417629274
0.13438220954531488
0.29436782328417493
0.15172456396404063
0.1425224017189736
0.22081373988288067
0.08876310154385403
0.0841689816348205
0.17051232961435206
0.18876754345792077
0.29892276272588125
0.16285668839099623
0.24149660704508158
0.1385936992271626
0.09363438100409008
0.13006258583422342
0.15871940212441396
0.23606053832521037
0.24327467717288176
0.21044659926633238
0.21917594579232366
0.18223849798596997
0.13305170957287632
0.2147805269224999
0.19163575832207366
0.22878077535457764
0.2071058429797082
0.27037112096393767
0.2335027267167383
0.1820026332992915
0.1746602478269405
0.1478620398973632
0.20252501860485855
0.18904070049832106
0.1250389426692865
0.19651894381750107
0.2275450992866813
0.20120892052009987
0.20443827339673828
0.10347461515538814
0.19955182599819515
0.22993805649296026
0.16497134018626233
0.14352299835033053
0.24709995899530668
0.2558609660376979
0.2779170964605852
0.22672606659734718
0.2618636230532985
0.1509697388569603
0.2237703697162812
0.1212871509840705
0.1097326677309618
0.2732025734811522
0.2379411525284322
0.25486508564744803
0.18524805979804168
0.08354137317918509
0.19446611913315415
0.1386676923132961
0.1625237318046655
0.1568716629830384
0.13783547413953706
0.11629505761662334
0.22280983729626813
0.1667235520873177
0.2699525601031385
0.23404971907648536
0.23358962227216717
0.19817280015146985
0.19489381594767036
0.2661121605578702
0.16840985453220386
0.1689179543159834
0.15553202570474023
0.21881778874779123
0.21565522634021408
0.2690386005127363
0.20589166668974115
0.2747744107673199
0.13075019507861513
0.2540722760522596
0.10571607131402076
0.30105811580312103
0.2279009530047149
0.1981915899835759
0.14097417759502157
0.15757030606239347
0.17608588844280026
0.26198686321060266
0.19415549287350722
0.13187954285339223
0.2862063135381008
0.1758965454194159
0.21208370641705312
0.13866586244699494
0.2040449796952382
0.12048269732484956
0.22871725729418108
0.2354165681365355
0.20896911822187622
0.19638380447284126
0.14577566289168917
0.30202738142030433
0.22603798029631278
0.2364969641908743
0.23150925090182506
0.26906634267947444
0.21703788747279143
0.28937819556500055
0.12844392224095103
0.15659451537834684
0.27496895570729113
0.20489147236168762
0.23608758171243266
0.09614946720551652
0.18385134682415133
0.11074365771044145
0.17168260138975838
0.20365740241184505
0.14791208658253488
0.24859015552047942
0.2475005366667243
0.15456544051159746
0.22872066591258697
0.1896128223555844
0.16948466359530753
0.25705275265340644
0.15945900153690093
0.24505126655510656
0.1387150057500022
0.21301181524613755
0.21887758284417683
0.11724878711016018
0.17853218984400265
0.23136664869409454
0.2314015257355892
0.1574690793272551
0.15846802798285625
0.2606115798292715
0.22002220316098853
0.3273297252948727
0.18736932994457298
0.19984892971691878
0.1242905159859745
0.06965196217751984
0.1858508779363862
0.2590409312092289
0.10984294972438524
0.13966292077510745
0.2810228090000301
0.20529279364828706
0.21028989382734184
0.24562334527621413
0.1629576981008385
0.26610719309089853
0.20798001760331222
0.2044617712141568
0.18921347507806036
0.18891135651250365
0.16511796950810076
0.11718656935213238
0.13260346206268026
0.1910496171160086
0.2128723190449465
0.1830956978913198
0.19913312051093995
0.2792425299558373
0.21642988045030284
0.2764985624740669
0.22939338955251762
0.2715051846087452
0.22046403597057115
0.22694200860347002
0.19158444829350385
0.08711388369025691
0.18080703803505582
0.17398538094632515
0.2088810798894348
0.174039972362874
0.1499666758710973
0.1554847791724441
0.20720669104416437
0.12711127979446096
0.2523970968676071
0.24580055108797177
0.18970381194146962
0.1611301660871011
0.22236921201285142
0.21486773929640224
0.23339900415135373
0.17247632117087264
0.1593686680206538
0.1343981369915589
0.14855375542795218
0.08690679828009046
0.144690502508445
0.17827445353269142
0.19475512535924386
0.2588035983796422
0.20332146891604622
0.23181742878844047
0.13963456398966306
0.22835388138330528
0.12843889805460598
0.19549670885455886
0.2884338282492683
0.2578039956796163
0.21685227301349694
0.1829871915883964
0.14657204407901492
0.14340769599936498
0.1745694711774981
0.201433446363244
0.11523256387179814
0.1509065163537669
0.287724852905052
0.26283237359105976
0.22778010439611396
0.1635914091958104
0.15048039265320498
0.19112401845106974
0.14843612293493721
0.16773925191210326
0.24349240581131534
0.27895119197124063
0.2190424430115489
0.19957220675322532
0.26834881299616453
0.17216436802943413
0.1964865733677145
0.2018348165158571
0.2596145446856483
0.14985140878523978
0.24482837050246015
0.28036338375499387
0.2636750319806104
0.247855194294819
0.22078607790076282
0.1742587667251852
0.1722705498100166
0.09743681984502389
0.1760794182515256
0.11665075820455541
0.20016123009546727
0.21954817686539413
0.21068021013485835
0.15910317114910497
0.23184570669519983
0.17261862445395715
0.27874943245669515
0.1850655915727375
0.2934380982342757
0.24433010069525163
0.2458532034980275
0.22915480646740116
0.12319719877910212
0.19289691615773122
0.09460341555404704
0.24653630393584156
0.3411753807538497
0.2851072834562783
0.22555182518168437
0.16857375562126917
0.15618433036525006
0.2318841094085792
0.15197648535477087
0.18914212595334254
0.30563261701525046
0.16458147412559726
0.21094985027275956
0.28667372851867373
0.15979611154558857
0.2108902518219992
0.07839778349010172
0.15016015959031176
0.189829240100929
0.16481460583916593
0.18275811818660487
0.2047301291402069
0.2778326638058385
0.2036770716165914
0.17643297321294757
0.27953741465213383
0.20880936435088032
0.1748470029944154
0.1634212140302539
0.20046190184448254
0.173124063705725
0.23279638727002744
0.075746618381128
0.1450765994824458
0.31521617491033965
0.20109739167987145
0.22768938178550194
0.2733812921386749
0.2082252756454496
0.12769937411650373
0.1568588373428409
0.08833708964492115
0.22575362273813732
0.22180828297729235
0.23622054203446713
0.22615356985454033
0.17145242206032735
0.2295294299759193
0.2077727613543328
0.12487839818619506
0.17716825333233482
0.1935563008953149
0.2746732183790363
0.2576561338277644
0.23233808274429774
0.21287356841812805
0.1221676598336963
0.24219988099995285
0.16662110677124195
0.24228776194829407
0.2044026969101214
0.2395219704220397
0.22874396803139516
0.3033508463939736
0.16543486431269822
0.23431111752573852
0.20015803827892206
0.16567030808661792
0.18462889699414398
0.20633227312019387
0.13382722783809023
0.21171135972809715
0.2621204982247416
0.13018966132511472
0.23974827114248956
0.18204004478362892
0.21332970435407525
0.22660258250864448
0.19974535991267373
0.21241826743804643
0.1555664594364174
0.18324213505731315
0.20559558760426125
0.2053447013284384
0.1320608604558427
0.13534945680322913
0.15968967428013725
0.27689654252382095
0.26620117811504207
0.20180577606716604
0.19998652532344893
0.18800266669674529
0.1356230348455271
0.15205435131125172
0.2877466677939885
0.2811271736428058
0.25270737154316497
0.16820293485983462
0.16490623012243524
0.21346330950537792
0.2648303098529877
0.20062920568619128
0.3176416778113538
0.25037566006343254
0.17209270901786136
0.20671019476087715
0.1730211164658298
0.21267592558052156
0.16463747484014285
0.18706531782016514
0.24167398682127425
0.19028667568428229
0.25771234356385825
0.17662614447860894
0.2283769532895267
0.11803947011345134
0.23281132295883705
0.21217584903764475
0.2595349822999601
0.2285661056798026
0.2501668270494038
0.13269519116033518
0.18503084142773002
0.2569837420472993
0.24514500018454813
0.17856868489290031
0.10793318164339208
0.24799582376089302
0.21380732474590908
0.19295949648797905
0.20156729348433686
0.19125932230549586
0.19018133835760836
0.20810977225621652
0.19793494592839797
0.2107716621920514
0.18357825550724993
0.15414308226078965
0.20889072215779786
0.2511094702981722
0.18576363555382294
0.1307527198980793
0.16539620200793778
0.3070090572677936
0.2652350172921203
0.19604608351871958
0.16204423807314935
0.17160805805110815
0.26658005311911953
0.2066402535968821
0.17333478856295725
0.1174432081621472
0.2564750203640508
0.27163300995123046
0.1321170132966893
0.17156564940152821
0.19713440178531516
0.19463073496103256
0.22021482242253776
0.2099880434769348
0.2614517482563632
0.13324341446406568
0.148243548930047
0.16793427733268745
0.18881465195394892
0.15918148872558746
0.1537117743532516
0.07202872927402174
0.20042963153122648
0.19591073077980223
0.22463196199690114
0.2409801818838063
0.19697080374584325
0.27183016802141324
0.24552649760896028
0.15842887821560736
0.20070644692538278
0.2481918330240959
0.2528528633975274
0.2558505836789559
0.25012189377251154
0.19275174274889734
0.2231664174358644
0.23787463712097034
0.23900206771219934
0.21961803615537204
0.09729471295904231
0.16941596573558576
0.10323117629196331
0.19600506020415887
0.23263360182987666
0.21737976029666906
0.20282437036580736
0.17777555622951752
0.2316683093044094
0.24302340550065207
0.14750260009829746
0.21125644155347684
0.2111878449485703
0.29167503495268543
0.26638025040863633
0.21930990319464527
0.23963030561105134
0.14854731385989967
0.2511844474867493
0.25298358023565104
0.12144929135235194
0.18588424526895267
0.20520153813140124
0.19235441172578
0.24716106990081368
0.3004815674107233
0.1724969530070402
0.27686079482420894
0.25572465284315626
0.11779848580187524
0.17782802113945956
0.22011118512416433
0.09752518384352456
0.14657124439836527
0.15086513050577197
0.2583249104899689
0.2164023588706216
0.15240371693416185
0.19901401026454238
0.21223402169735436
0.17376458705370829
0.1854868803437399
0.1657787907174224
0.11925357447896344
0.19315601176786143
0.2669869001888013
0.2582358305746109
0.15132181604462908
0.13315907096665547
0.20461699628046054
0.17286777390512142
0.179021800085308
0.20288242934013842
0.2259813744806673
0.13872525374202715
0.22681060731317232
0.28571525382662993
0.291263037227375
0.1671185457487448
0.19060721392382965
0.198171204678974
0.2866836165332543
0.14117353078858455
0.24844456992807307
0.24334634193621527
0.16620428744821952
0.14588094684007671
0.1819855114418309
0.1846027494787219
0.13758482148581483
0.2390666606155944
0.16481070459269997
0.2507248564735963
0.11385944183027223
0.21194928560855603
0.10284813827201927
0.26462795000992745
0.2392814722626173
0.16078148698653028
0.18540375790340777
0.17953670388346293
0.2557406261659205
0.1975757795030851
0.16937737137660777
0.09357603053580688
0.18413763142127576
0.16191638843069078
0.1544830015167773
0.20880694009570772
0.1885757244974152
0.19134233756432745
0.2323450940352683
0.1907274941589063
0.21278262391589572
0.15428902442845582
0.2289563468061526
0.17327241970664395
0.19655157235428852
0.18338544809271068
0.1927091980493732
0.2234651666296636
0.12339458372862266
0.2189143122087317
0.14188889923335654
0.1746766954413857
0.23832119824400377
0.22570111416794808
0.20342362786481785
0.15930094237257653
0.23354275498477234
0.1962851387850695
0.2609818132465028
0.2964230818326461
0.195920980407862
0.21875429239749553
0.1804040424795633
0.22279938194826882
0.1746338448703364
0.18127849371763116
0.21527233748906996
0.24081066745608815
0.19103149191813257
0.15300669806919884
0.20571413260612798
0.2368396851847603
0.19665992475291222
0.25217996863968684
0.18390030561823606
0.2076200095570883
0.18028836560958506
0.27046785667919343
0.11254377145770439
0.09612399165939751
0.16897843077426467
0.1403134704599664
0.20291816496330412
0.21981616266249493
0.17404326575650111
0.22174269933509452
0.16607795226141867
0.20413613984471202
0.1957158950061473
0.16235162566988715
0.2519177544379925
0.1784790712834729
0.241004125169887
0.148932556102701
0.16752523570785444
0.24815248524694133
0.12752910266958126
0.1929781679653211
0.16800857085618906
0.16763406513834056
0.3017231530214206
0.23812530309508048
0.18667046778625634
0.12064213743876838
0.13937453241548556
0.21256031504404788
0.21842728267361924
0.1372599397673937
0.19859796985008887
0.18729548838598323
0.2555279132693929
0.17812777814984748
0.17934079772173864
0.27826977689349425
0.1952357192643644
0.16788740166630833
0.2323093469541906
0.2268708724394611
0.13671818497270016
0.2847570354312865
0.16633736901127888
0.25781878884735215
0.18654263706826302
0.17958534137210588
0.21399675616328417
0.22814736967990612
0.1940357882025609
0.26135691599821664
0.19914956238874074
0.2621317532769783
0.18265102653062956
0.21276798976576142
0.1643448496887635
0.19744472004755237
0.2101534151718693
0.12982466038146717
0.20087382684309052
0.1648286137503973
0.18851451865177737
0.1449987632228674
0.20916742267547014
0.10247880218575257
0.15590752433728547
0.19161698065238134
0.17499207811789208
0.22895666557621971
0.16528612201506782
0.26059595914457395
0.19619080026503136
0.16494194009103536
0.11595372729193136
0.1485205941113604
0.26147014440302496
0.2059172626228749
0.18095361520019412
0.22616665839478783
0.12037395241578723
0.20582548322328656
0.1873261937914013
0.19056878523042223
0.1241222841037606
0.24307308524051482
0.17215552127267988
0.26230027473030965
0.288037886072137
0.19632502850356423
0.24184397919582354
0.2160273678740189
0.17296168177290933
0.2253551552139163
0.18460981574561733
0.2077395703964141
0.11291182807377581
0.2102139779268974
0.2576474964637569
0.15715154886170052
0.2196608469311836
0.2496567723585983
0.11685724364514861
0.15095089368693274
0.1699306890051957
0.21158552086681998
0.1280817256636727
0.2990390033910597
0.10124286068290954
0.2201266486615189
0.14623733840488196
0.1211568373242787
0.20128608291799627
0.25931934106469956
0.2094953329694233
0.11508046562173997
0.11658739249929316
0.23052132659055558
0.20385716221364752
0.15924728205228567
0.11589152230123786
0.179694691094839
0.23932679272998506
0.17800793520394292
0.16997803231759162
0.2940527406303085
0.2194360370072202
0.22252866321778023
0.23367739408610758
0.1797613677423648
0.19935055107911645
0.12301021934201123
0.30097000909841326
0.2863771023166543
0.2653298995839389
0.20744522802455617
0.19833980308824367
0.14218783391398013
0.2452297001708573
0.20354973529435016
0.18382521172045985
0.18194301042450542
0.1976837943315345
0.14405469916454564
0.17700173967968807
0.22072694368247103
0.3008003447372102
0.19756483586544837
0.24025623411824343
0.23939098730552946
0.21475862944865398
0.2314468851413292
0.2123065192253399
0.22511784744678362
0.12930467216548092
0.19542286161746614
0.21622711115515936
0.13149764485569526
0.2605526795962933
0.13180995870706758
0.25803461404795974
0.17266818361821687
0.25018690926787696
0.10606025484106367
0.1513368116411039
0.24628569560598906
0.17543520404694973
0.16731305788592063
0.26685029445882436
0.2058612016793656
0.1850720783089039
0.1764825522295363
0.2553930571108777
0.26446792964147875
0.2936176614471491
0.19905884229778403
0.15595238546420243
0.17883091412423258
0.1754425224832799
0.25099826224011723
0.12610612534162596
0.16366555129784527
0.28425224879234956
0.178727042645341
0.2106628969540021
0.19830931411450983
0.22194827808255765
0.1652510704263823
0.2625338209186159
0.27522623366757604
0.14715025381995248
0.11632279421430787
0.19075959443144785
0.18235414594827265
0.18073029923589307
0.13018192538341294
0.23956495975582542
0.1823225480332947
0.247386163090962
0.12569651241271268
0.07177378694670936
0.15878211963601643
0.26446658837294756
0.11632098049687287
0.22902771545532224
0.1647609649577188
0.2481160478808495
0.28397338887013934
0.17952823777407967
0.2637756791368322
0.1589582936780326
0.23144475998976652
0.19602568799932335
0.25008397351616185
0.1867236185815701
0.24854251242305062
0.16646953096504125
0.2685461983586977
0.17111428206170826
0.24183347581764825
0.2568226455202877
0.20267336602328018
0.25885985626576624
0.22700201769030195
0.20274421793278272
0.18772158990897284
0.18776680397378928
0.20219599135509622
0.20981069078647513
0.19262100943212684
0.20042369963254628
0.1494529999927995
0.2175471671967905
0.24956984088570272
0.2333012933863805
0.20070214577698603
0.25163814326711764
0.19010407541321545
0.24113016583043428
0.19856828177117872
0.1918208702997792
0.2144395563352603
0.22812561363434677
0.2479800154338419
0.20018082743380713
0.21980836995615644
0.19399965346004422
0.2030209360891522
0.2593718393696148
0.14081376305581472
0.21950373207706708
0.22928197400738193
0.1956593081986239
0.2877743245556798
0.22094006406979982
0.20787773535973272
0.3005744597559141
0.20617561114878016
0.21657424853351281
0.15798542964394066
0.13109759531635062
0.21936100175264917
0.09284624007989013
0.271077140577956
0.1193591461506829
0.2251785217120103
0.098149614748813
0.17739305780229284
0.15735814593127273
0.1659854228846732
0.1798033092998491
0.1535671437820804
0.26489078859281684
0.14570523625679618
0.3160313934366574
0.21776928623706368
0.1810520013890682
0.27093165574977557
0.20293445361920825
0.2333405942409723
0.08904250073550085
0.15491891541252498
0.23055933090010033
0.18132825515694412
0.23551873980767876
0.19918534858891437
0.2105203174733408
0.23907507586866994
0.24510968095460808
0.1721487590672813
0.20784177004620824
0.08834567949159869
0.2040512094572347
0.22504994125349975
0.2637472893499452
0.22950093439621339
0.11745835044182945
0.13768362030574155
0.21838329986593222
0.3287113237677056
0.1695428080769275
0.1941944327180843
0.2066237040926782
0.1633609589373072
0.32785011403084546
0.26515009920595595
0.135173663902244
0.19141870562982316
0.13959547625500923
0.14286996873378435
0.06725548482994947
0.21514540037123941
0.2019141109420888
0.12276859542774907
0.10331357148267699
0.09719391438502221
0.174127985229864
0.24674157465916477
0.20414900826310525
0.20311663770932764
0.21560334662898095
0.15876574262217918
0.11539268188523319
0.1648360927895176
0.15991995081006988
0.24052709978027
0.1555361997150908
0.20281372214416427
0.3015559032770985
0.17166886790172836
0.1288749691522763
0.10548003355646235
0.19735945873349411
0.04811221164061735
0.283070905377955
0.2678932404184413
0.1579306756818537
0.15564172976396196
0.22513128050058315
0.1616424176937073
0.24034682078703262
0.1877292395821824
0.21807824666870188
0.22655331370300474
0.22168874952342288
0.21764572560556034
0.11058136166878585
0.2934014483946298
0.24268884319897627
0.20270580774626024
0.13504573740814352
0.26390118539535273
0.2609346460874101
0.22140921258816615
0.10846120629743217
0.13529054622098458
0.2519244983667719
0.2702295374584174
0.2817445377486036
0.16674521359917815
0.24040022512954473
0.2086708897173642
0.2093158657999539
0.2644823585823262
0.23780104156721033
0.2742197604864716
0.23086086673693762
0.27172405682707634
0.27754732562274886
0.24411722770065444
0.2092736014684134
0.2003623302248575
0.18395813268855826
0.25960709009387534
0.1567004863436551
0.19661763238943555
0.15131788927327086
0.2022170220356795
0.2455724581683068
0.24942894750799233
0.2107435470932113
0.25409669701187854
0.178616275691246
0.21106447076247797
0.18588944405188818
0.2586181637591386
0.18713683873471304
0.14907348983609264
0.1618222709552639
0.12464961972010997
0.15265858575021046
0.12840410376602113
0.2500825126743547
0.20551526542439655
0.20697901373955618
0.1417928914645432
0.16899405278428006
0.12050566212818942
0.08312964984686205
0.24848585994476377
0.10281173271552925
0.21502942012766169
0.22643117913704147
0.14067644852693476
0.2210069094297179
0.2656992511020634
0.24251361758118237
0.1985271593021414
0.20623226536170547
0.12742322709359905
0.1598774538309779
0.24568706038816923
0.207327939731944
0.1785723419631148
0.2490076135046165
0.21491583488686794
0.18570111733221495
0.23023281166570414
0.1601445461055579
0.18191040841218262
0.17607242800715042
0.24746764805099508
0.2733274363251638
0.14958606100208602
0.21640595785982014
0.1902391035219049
0.16457652316829757
0.10884740990659716
0.18967144721353785
0.21994488879717256
0.2546830447080205
0.17639814604239273
0.2103205739816305
0.1158744792140183
0.3241258454387299
0.22335150822847832
0.20271777263029017
0.1643953826823994
0.19949512250778312
0.20758141485857717
0.17769957474763395
0.1596289629575592
0.11751953705744231
0.2189609668144203
0.19255914610555347
0.31669086227212867
0.2554367915185659
0.23353831669734354
0.25073171751832835
0.2395242227944468
0.21159793160245255
0.292252917617557
0.22424781069618138
0.20536687563533312
0.18205673051437785
0.13655924159175553
0.1956620327292052
0.19623764706356292
0.13167887403078893
0.1868880876287953
0.19555355354576323
0.20333360297030492
0.2353845910068061
0.18290141072825697
0.2417299460537597
0.16506175927919675
0.2091680629594944
0.14881748584679882
0.13652254125612212
0.17700791326408272
0.18513901875253516
0.27723985826454783
0.07833575951434311
0.2189733860126405
0.1722448992608546
0.21048661122382833
0.19602055134502552
0.24504963757401985
0.194420097782831
0.22129066836837122
0.22254660348698876
0.21087070931003984
0.30157694396589896
0.21718086502771616
0.29797614483895485
0.21428980298696523
0.22504242134084523
0.15686304659638467
0.17332627548194302
0.15857862508275417
0.22649300933673783
0.25668561633187803
0.24122608182367683
0.2663833051345452
0.27421842559107285
0.1797661324178665
0.1509773556208031
0.20064153839263912
0.19908013798307325
0.1690167609742021
0.15458426004698364
0.19260427038757288
0.1907701375942693
0.18333410821034943
0.26623495019206145
0.11743702587656213
0.23856651153885544
0.15511016418456938
0.25583518986401776
0.1463348013252259
0.17979855262598504
0.1877929150548397
0.22728151559205204
0.1910095116237327
0.2446164088403346
0.20004315944432452
0.23493359562010518
0.2878009615876325
0.2600670652686913
0.14208655146300536
0.21351849072814627
0.17457288424555134
0.1403023571915411
0.2172904909043122
0.23422071098561584
0.14063553942160625
0.19848343111110628
0.23971012042399983
0.23505754192480605
0.15950491118580007
0.19051961691881383
0.16655287217068832
0.18880671318947204
0.1909370772499132
0.16414882424226207
0.1949534082545197
0.2824262554121756
0.18611662641972673
0.1641958147316319
0.1549335881342227
0.2282092469681471
0.24466410530887392
0.3108145636828804
0.20273943678059383
0.21301293910057978
0.25089335808618607
0.3041307989616619
0.18343607172223308
0.21030529068742593
0.25569258780589477
0.18240479403688667
0.12622744934432695
0.19332317999303297
0.17407589406541543
0.11038812040650815
0.19895818254831066
0.2616153144836275
0.20654226607748694
0.22730351714309013
0.1969389568731129
0.21112559936045966
0.14756146786903834
0.2871067183950097
0.21355628412542674
0.23189619252434646
0.2449119576926279
0.2669610019172332
0.13981047261445184
0.17484668447756185
0.05297559014679454
0.17548746712737545
0.2792549135791208
0.10686194493948702
0.2934142932459569
0.25326247699958815
0.1825931111672921
0.2521487472994146
0.23313499709707697
0.2215034924128509
0.19808006891982766
0.12788080529201074
0.28612479925677614
0.14882240689206028
0.20684804683074431
0.18404173806420696
0.07162442439285935
0.2610218015282978
0.19716501871112949
0.21742628824396237
0.1977921326959202
0.18079981185880303
0.17594086991705365
0.15003029353962877
0.2569063004504838
0.27608269171611843
0.11257474811241423
0.1923787447336599
0.14881113365548782
0.21732880099185062
0.179487255143145
0.2858485387572826
0.23195877652588512
0.11993683342584725
0.215736752321292
0.27391722411761
0.17996458692009312
0.15139810524980285
0.18706771207292228
0.23776222707086814
0.13669776907793812
0.24607786012841704
0.2004883838490801
0.11268544884050637
0.19020274276028512
0.2704146833556834
0.12246523975454038
0.2090124502401881
0.24945728729298508
0.1880881494555614
0.20230954552788757
0.22020826776541147
0.1956929333576166
0.23886134767950812
0.18330958750534948
0.12738175848472477
0.24343983438156455
0.19914197672460995
0.14830610803991068
0.15137030204055862
0.1962489908897934
0.1827943305115848
0.2394256213319383
0.25181516119796077
0.2515511385328835
0.22351152832427995
0.17906534181432449
0.25033567775318866
0.1996577071023367
0.20410763377063817
0.31899721307181483
0.29732709773692984
0.1639833942362593
0.16689034220708865
0.07323178633916519
0.2235557497331626
0.21326748165241607
0.23255258089774758
0.19914605567545246
0.28520433756570546
0.29402356412261854
0.22347839466088512
0.17333851194486044
0.19486887006020245
0.20537439301886765
0.16629455544898888
0.17472549249637154
0.22144111264187238
0.19535230402263498
0.2226070410641317
0.08887290676797813
0.18618579909687147
0.23085941573782748
0.23071714623274667
0.14012272756290212
0.21200008221427888
0.21228131976496284
0.20562350458069623
0.19404700379702416
0.18511730772933666
0.17674075831891706
0.1971998244526391
0.18833580272460101
0.22625161898368448
0.17417256617076304
0.19587493292018537
0.19261206491880806
0.08242204496635311
0.08691045047272764
0.19982061290516834
0.18187040084688086
0.32943821605105084
0.24665325872830315
0.18705671044464744
0.23683095253515504
0.2198543577614085
0.2509326761963473
0.23333380560270559
0.19230195848235415
0.1806754264239144
0.14401474476199727
0.2753200935853338
0.18875570541843942
0.2472543357618737
0.1953110348630913
0.19070425441158997
0.2537992566826132
0.17780855389300484
0.11311729134612936
0.2528616270670811
0.235578231094895
0.2897184633993055
0.28617574514323807
0.14321600170838222
0.2058555394993776
0.15485492687661245
0.20291821860740694
0.20774760685513782
0.18983636952546695
0.2877612728568639
0.16961220086922782
0.2103145459542267
0.2083575933012036
0.23306005364011415
0.2557379509114674
0.25405311505035477
0.20309182183803395
0.1801180204097659
0.16853882974180087
0.22504998876046703
0.2579644778061613
0.16874352061621828
0.2600839267067254
0.19164746578224914
0.21166297070464868
0.2198220388351339
0.24269643435673166
0.1524771037037935
0.24940388627012305
0.1634475692966472
0.1347011567939258
0.18421198204435357
0.2096681140649133
0.2632828616721693
0.2136626914059059
0.1384531687136003
0.1730003576926829
0.20065956359474021
0.2542046025221212
0.22047424824945622
0.20117204109357678
0.252996300740388
0.241013261280741
0.17182057012961524
0.16245557559261203
0.15987355362998604
0.23333874424053852
0.20400151449485177
0.24375743941504094
0.2520207898018412
0.2763311222893434
0.12663749309319397
0.2608862166530481
0.2355969125511547
0.2195828134503354
0.1589113187060651
0.14282264539908346
0.2159811604673187
0.13670808859142075
0.14897908924514633
0.2174103564264205
0.2394680926079214
0.26958161981667617
0.2632090836437728
0.19067253454343713
0.2387746159689589
0.23851185393337326
0.24257113383091136
0.2485902896535866
0.31613536567896106
0.26560721241582275
0.2018496336488357
0.14341135968295612
0.15705004190434474
0.14245742374905415
0.21039548665473662
0.23036129982698939
0.21515398768634408
0.24123948206415888
0.29881281443573593
0.06983112997788701
0.19797873084643583
0.20880910001598263
0.17144650093350008
0.1834115157867469
0.21308043515903216
0.18139113523869158
0.3280688618274781
0.0946039094940093
0.14193413974430363
0.17066215925175832
0.19430737535792134
0.29258237561517003
0.23998365967175747
0.19644011497135416
0.1951756898311817
0.20192692251364783
0.27278644092004617
0.21515879649888975
0.17918680141530896
0.24108288268623024
0.20868785019784097
0.13887811257175334
0.17196943619242586
0.20982708138685477
0.3022984492749021
0.18675547377567836
0.22767282912847692
0.13574597274951877
0.17304053158282398
0.1573330026014626
0.2728789657678031
0.21098886456545435
0.31953663558854006
0.21747577394760428
0.2056051555892096
0.2357745932818997
0.26739157021376825
0.21347441771242992
0.19399660809016017
0.2494754120253861
0.24302652109336562
0.28756278885640174
0.21168816250087671
0.16327723954621634
0.2295316575400332
0.24958352602899325
0.20025522767128817
0.1263614874496991
0.196193154688276
0.2587811597398265
0.1519530683683591
0.16220948672966418
0.20854633471048342
0.1532644514728645
0.1574986647173536
0.23127263168469647
0.14119796633718615
0.19985774447064664
0.25039811067438195
0.21496483349856463
0.19308754178481918
0.21602068010877318
0.17257249113633827
0.2237941362951434
0.27132403378098097
0.20197747868242277
0.20256357016092866
0.19952756594074392
0.16434933303135413
0.25602690630476926
0.20710260886579157
0.19490559388684264
0.1263904407408748
0.18952079727670115
0.1382844490010886
0.20631751280057647
0.2315286562352457
0.19291316497695088
0.22950343958488817
0.23216604084390127
0.07666045537870124
0.20108483207174851
0.2011643459066538
0.1774836332880708
0.16484440393477554
0.12379404127377125
0.18625584561489014
0.21222104413130918
0.09604869073200484
0.18764320512228075
0.30302421854876704
0.1776435131913301
0.23888110568976884
0.2586118575746902
0.26551533052866616
0.26782387751372355
0.1562424889534227
0.19743281764960502
0.14648909694098802
0.22492298104350203
0.2159136887210595
0.1916670817846293
0.165431855276593
0.16756613615065102
0.19223543160102075
0.10886699172038561
0.2073472940090246
0.1720954295746806
0.20302092563520846
0.1523695948396059
0.25634925577885914
0.1903326721902689
0.13365677391895905
0.22265190845261845
0.14387842945680535
0.16315256071961315
0.1816365257259464
0.1490539656975311
0.3051802867231574
0.3091302697845069
0.20796837670421722
0.16129755996837813
0.17211729765708428
0.2239282566469811
0.17124390887603091
0.28657201590912285
0.13111188686023867
0.1830733127992291
0.31556849854166635
0.27230565097701753
0.18606053303607523
0.2447616696886668
0.18207602059872344
0.174331228355651
0.24810044646736545
0.18932344756617495
0.24822003960728997
0.20372774399261717
0.20170602989720818
0.21108267693609284
0.1485090618411234
0.2198327453425545
0.18439496264014954
0.2706460305825029
0.22306359065627832
0.150984589002433
0.259782150529276
0.1867266108822326
0.2865708880390867
0.212243126529878
0.24652334260953168
0.185187672845343
0.170916778225715
0.24424752757007429
0.23861187372432582
0.1504570950063399
0.22693017565779666
0.1515262634665423
0.09524702992624175
0.16655391158160232
0.22040686671100926
0.2218329896080431
0.14023783386489047
0.2401550571440868
0.1971873999423236
0.18399945796749667
0.18890457023485258
0.26812504227126477
0.1844587223914305
0.12296086373622973
0.21452659131960536
0.19279453075419653
0.19221094381268966
0.19225518503447156
0.22869669906713144
0.1913413459914563
0.21454483169230465
0.18174330776360786
0.21431783874264998
0.1929886409413222
0.22527932114283955
0.16249901305575098
0.19542637427406798
0.23952745345723786
0.23629017959044377
0.17894659301145965
0.19999388046593974
0.27606242193018954
0.21261731430559025
0.2725640015516564
0.1868031307947841
0.21441828396597837
0.18586218643388377
0.1989627413947478
0.22893073697099048
0.14442528650681005
0.17493115776409945
0.2124111469620102
0.19715111813283673
0.14557444447638698
0.2323036153080507
0.12715628527335018
0.11418483140885946
0.22600593621780396
0.20888028474622938
0.20278553274138955
0.19267208976831096
0.1615251211865348
0.19729281257574233
0.1759494977919165
0.25124620987831403
0.1427710687725805
0.2758458287451299
0.29154538751242465
0.21102747745682757
0.21408108112799196
0.1603603965766141
0.2708714946712379
0.1503472018081347
0.23390983133437238
0.210896447678437
0.25918949211355496
0.2616611339272188
0.2634119700695362
0.1988504208662271
0.2066780588179256
0.22359832922815195
0.23458783854016582
0.13360846226881648
0.20666630963390054
0.1287932623247738
0.16064966318590557
0.16010965107717445
0.18705004905441983
0.14129665706499514
0.2315760636994012
0.208349674996822
0.25138216047875955
0.15113076780851895
0.164886837509089
0.17640994103425378
0.19454678984659024
0.2223782642994835
0.2005786313022066
0.13457714633901674
0.09128157445118766
0.21142033759996537
0.18410046342292488
0.19505384803906195
0.2497427759024046
0.24333998062716336
0.20154354807869612
0.18425445719716582
0.1752895000844765
0.11183932102862593
0.1870125509961516
0.22091643182410078
0.26131927649052883
0.24103031071036046
0.08709842585614336
0.16521370970495242
0.2586200715965262
0.1720105043809787
0.255155636470274
0.2389419202903581
0.19185765717966152
0.27582081932224894
0.178408919817972
0.1612421121735761
0.15440298891048887
0.21898508444545317
0.2219502190285286
0.2244058493969212
0.19990310278909035
0.17003272762748048
0.2026640069635281
0.2360631491880252
0.11426450199999516
0.21724042529948848
0.17534304530238762
0.18277427668506066
0.10913045248520048
0.251920204548722
0.368000293687515
0.1975044451490121
0.16183965625908597
0.24009655539480157
0.21835608401334078
0.13939718234159726
0.13834505277483092
0.21231910912425692
0.11189841578015529
0.18662969770824875
0.23939517932337911
0.21968900711661937
0.14112090570375208
0.2125617995725046
0.24538436162691946
0.25424447662504096
0.1935064289322504
0.22469101364920904
0.15217411225649377
0.1710882499377599
0.18011674475131884
0.14542517648497277
0.24140214576181082
0.26660880095455286
0.23899223101329944
0.2737238046280296
0.23935804796780116
0.1482235858617808
0.21417595170189077
0.1824542430822041
0.16353016849040153
0.2594511050163827
0.16269552816330954
0.08523735508671965
0.3471229509564381
0.27058334112409943
0.25617241134502844
0.23885324752468623
0.21698856099532499
0.05637984400956447
0.1772289054686927
0.13749703585737505
0.24469858854541765
0.2740758754748153
0.17475748700317362
0.13412871712073823
0.22464231819299393
0.1298580670142256
0.1834208759687222
0.1672331261259421
0.21297721791960927
0.16036227577838813
0.16316841648357147
0.29147216835466006
0.13963341135230345
0.2775978272858607
0.16073029028050775
0.15633227707349534
0.1834478924683748
0.14639850183586434
0.12545273771966275
0.1805097558199341
0.2089079982268915
0.23837846230392512
0.21758462517608423
0.19474200707209774
0.16845002422901897
0.17708206631406131
0.1524349797596343
0.19590592003115692
0.19654255178357097
0.27395733242538733
0.1514716121399577
0.23668842401527557
0.13622095304854154
0.21069607465914555
0.24526721461177162
0.09415691137707141
0.15336341970891904
0.17809005464441338
0.1642816884742932
0.20229509402723492
0.22566403225154216
0.16234560674260018
0.12135868372170434
0.1394115013453412
0.3657448330314191
0.20425988738573528
0.21770756446413247
0.228030711652104
0.22753033306922177
0.240090260521195
0.17740321483701396
0.18436620649102706
0.15811609641425559
0.18269592855503036
0.22309555711400011
0.2339721716881128
0.15281430878728813
0.1512652769761756
0.21695034613343003
0.20408899512623271
0.18896770449115288
0.2634491044764953
0.1676748270315826
0.12335207861056724
0.27072845507499915
0.1992460801425639
0.17333853721259815
0.2487281745752744
0.21650989332037301
0.2625917684002514
0.21695751738379493
0.23672493828438493
0.19670352343830025
0.1993844244594028
0.15521473170358877
0.12116013497112332
0.1618955381598235
0.18241238967490944
0.20874802752961608
0.12984632532283005
0.2347460397378055
0.2725516061429927
0.10796749448075926
0.2053974985292394
0.19233633864654764
0.21870929664681993
0.12380118984306165
0.29329990185604815
0.20756126585971074
0.18532479174336533
0.15951023902726402
0.18992552885023217
0.12765775539192964
0.1718231362027199
0.14245086838457485
0.20471002715820222
0.2397660721952482
0.3209893828270874
0.2382145320923693
0.23186246130533245
0.11263895015163286
0.3442486196837917
0.12003132555196801
0.13747500905086513
0.23697185333393408
0.23071610877065138
0.24662724178758094
0.18605013617221117
0.2588363650822087
0.3791064277731315
0.16385396397247867
0.21786857235102564
0.2450184821880837
0.10511453683591311
0.2592570256288325
0.2806226316794488
0.17256076492665726
0.19075025331792483
0.19229661251015662
0.15507706329623538
0.23630636801309687
0.2524492338915194
0.21598123719756138
0.1673040883912999
0.18758444037799601
0.25885607011077133
0.21120665854429022
0.23340969503182044
0.1486983825547588
0.2098541493783539
0.24428284167069597
0.20098781058872833
0.13073422515911665
0.19999816563704365
0.26978598812996646
0.17838114080798348
0.23441495167961057
0.26726385140118303
0.3254476433144734
0.2895974628441594
0.12851679464966217
0.17768292094960475
0.19787747012326898
0.21825665811353576
0.15651619885982926
0.2538145842831364
0.2317894059338938
0.28753155006906517
0.17793624139909917
0.1276760277712844
0.1481040098649036
0.18168343385738028
0.2220183182110988
0.24957386350801958
0.200349817076131
0.19527491597119714
0.18207318425350244
0.16028591296811728
0.20570609546007054
0.08219340215582012
0.15821627965060037
0.13066466286120387
0.23310725583352515
0.19093009730551427
0.1257802669616965
0.26382546387057576
0.24124243162927927
0.2567587792037299
0.18255555069552587
0.2821831818183417
0.17491313657612567
0.24475670230160848
0.16976862560267142
0.13728804107386522
0.10992870926859374
0.28229602207112137
0.24899374752417686
0.18140101585606583
0.22905318317324572
0.22017763190685347
0.2301606179375239
0.2881643488804816
0.19832634678880046
0.12002733045844406
0.1796742282849827
0.22641954554489846
0.1997827569512143
0.16454345730856687
0.2188726989651369
0.2881771198185162
0.20897450277972046
0.23391685699676362
0.12885043427930198
0.22659697499291243
0.25055541443896323
0.1462359964489255
0.1719252073701405
0.14160891151629923
0.1943741326823697
0.18833947120117467
0.10110064718272266
0.20196834758790158
0.18580126651733747
0.18962220958657708
0.22815646477219192
0.23170753533001534
0.11984390011553081
0.07341207858129942
0.19421071312112953
0.19835237135442443
0.1435760847312625
0.2403830848536242
0.2960795188766204
0.13662769093456145
0.20021242775274106
0.2170055743910912
0.1772236939626835
0.17285983812948053
0.1957065937583662
0.2585170451758552
0.1524666050583595
0.19430591617776283
0.2557366948495704
0.23715899115012073
0.15502936271259637
0.2220731258873064
0.15070991390663963
0.24274798298368094
0.18156091697938426
0.17073990975111525
0.1749212410458445
0.1691909822179679
0.19495200302861448
0.2610866218321974
0.20548902020895515
0.1596677634637186
0.1151948292499578
0.21886867201491858
0.19140055044232068
0.21179512238376003
0.23850515046140058
0.17714737961292507
0.20424791265661027
0.2062275196611769
0.1439162623958301
0.22351678152432994
0.1549880172459926
0.30289244798213655
0.2345356969043083
0.20377143656284546
0.2013079005656896
0.2065716549358411
0.2381060768457034
0.2435555347311221
0.26915430293202913
0.20457974253185554
0.11098903654556533
0.21083012013392224
0.215891226060168
0.18234312105177072
0.3259250083107821
0.28039508775406896
0.19990539723463202
0.2239349149158609
0.19982485992670354
0.30125552921958687
0.13919363255905287
0.21097094182527792
0.28059408930191876
0.2336519379665248
0.18423305264919154
0.2045832645846897
0.11823494689596992
0.20675745761743963
0.1316488187392112
0.1858407179776252
0.21257209765789567
0.2534718742642524
0.3023530383819505
0.2429349400468443
0.19495053756888123
0.09534762409210096
0.13245887686645613
0.22668040843136367
0.23991086838895848
0.22718222032633964
0.19011337334376371
0.24952375854517908
0.21000694635629025
0.1403924126255696
0.10704727018299225
0.18634085161608824
0.24400910921891766
0.1452662696523877
0.19742946210349205
0.22523509561720037
0.20073271971697038
0.24412998775026737
0.2925977460346157
0.29147468591509024
0.2498817788130387
0.2143656842170213
0.2401256862635402
0.1448890339848538
0.18243327984128715
0.17154266170121882
0.18975856446195116
0.2107640568560151
0.17251049383172307
0.19848399350358625
0.16605019680150712
0.19506704941296898
0.22182489534656077
0.10614358750493275
0.17308312592926817
0.23460894305602684
0.27123158150857385
0.23950635030937542
0.17311330488371915
0.15382934279590438
0.16000227356092103
0.17049123633219943
0.29914329421378105
0.2929837104689356
0.14927285155704836
0.13064632708586657
0.14363239210513065
0.20317833550604877
0.34292559003821055
0.24968281116291025
0.2102713195949424
0.1457966744339277
0.2815517372001645
0.2709049447451763
0.2432728862867437
0.12983593267986607
0.23745327713694153
0.17932774737313703
0.18990800373635283
0.21677032051219466
0.2883801393678322
0.2471349706346205
0.18720851981411976
0.19805689163446982
0.05537266823318068
0.23843974705128324
0.19144704455412345
0.16437370087329706
0.1467183940705596
0.17322140338779327
0.2611165938641468
0.22874736531824208
0.120941791950708
0.2313359421388779
0.26098682143251956
0.14256507162322257
0.2284650387311902
0.14944990047401352
0.17325666604535958
0.1084110700798617
0.12485785348345874
0.20263691218542287
0.25223569028253057
0.20568210723618943
0.15431631834320997
0.20583534349488794
0.1785767617671911
0.26321956298990046
0.27006625677921353
0.2538200377298344
0.22385119539646192
0.22357246813454587
0.18551580421722363
0.12976427069603103
0.15754498046346052
0.24082380688751015
0.25214555048063614
0.23077381963979215
0.25231112600677463
0.1661415283953882
0.22918741110039437
0.30899623481262867
0.16556824510702997
0.21823207977376963
0.16785281337198382
0.2589978214607184
0.22113826471036266
0.1694207301774646
0.2745532871085985
0.31942060320942134
0.19240041279521977
0.18384641106928393
0.1893186789496305
0.24163152924082082
0.2362065157665548
0.14875758693204372
0.1783584548465426
0.155361761877298
0.13717534172840257
0.23698449583138814
0.2357793078803928
0.23540770349598591
0.30132729275845244
0.1218600723295403
0.14103737593347174
0.2006302054823721
0.1553572043044387
0.0912848880813046
0.15153792305026562
0.10592821543161812
0.1702392947451112
0.2503592284372585
0.15614380095786987
0.18109055659951562
0.1970409359819951
0.21729596963549228
0.2583423790687702
0.2666788333526984
0.20948401508791148
0.1469447055114555
0.26012099271037203
0.16291287260628062
0.20507017648996284
0.23342225802783279
0.20025088662685
0.25994964333775894
0.29253235769313707
0.23159299308328982
0.20179779726956737
0.20342791833373863
0.21219820646542537
0.1857168537196136
0.26006390054271855
0.14875658685013166
0.25474166760297745
0.19719978445818603
0.2265163113362763
0.21983866975879848
0.15073978548294234
0.18385764512375996
0.2583346082431943
0.1592701159267865
0.21194509375060944
0.13155659452220886
0.20934056651858257
0.20909818290725118
0.22562928402674415
0.2073508451895035
0.2071935974108528
0.2553549301535474
0.19275425741088156
0.1964703886371738
0.19546961272666982
0.1759197824222603
0.21714439648646633
0.30108708539397433
0.267665888995456
0.16212614433987682
0.21233586025197465
0.2770433427648097
0.2128574739396571
0.1301078165446664
0.15471862628261246
0.1725928008377579
0.11476292126958271
0.2169184066622166
0.18047721180680382
0.12166554760401359
0.13879673066051476
0.19429139270414686
0.19112896988798875
0.24469726874834155
0.22684569112433856
0.2644877514614253
0.3186521931919707
0.15636574459026156
0.19687290630425294
0.3125170869269726
0.196776232508305
0.1869155936728743
0.10095412473455366
0.22514670868862732
0.09875937029194924
0.2861741999894483
0.20936159382202085
0.18372168337963868
0.15493442664221352
0.13999062928659659
0.16119788522938555
0.23001091382630404
0.2686647927667817
0.13622528900214254
0.17426420390520483
0.243371424863129
0.2995358900002498
0.12021063916133605
0.16428639050790608
0.15081737351717567
0.2430303436520704
0.21947456383741415
0.113799004353408
0.13839354168073603
0.24301591928317434
0.1789610923534008
0.23123912492200904
0.248430604184119
0.12735352104455044
0.1479307695420587
0.23194810245849085
0.26703310023714466
0.18024993231502245
0.11358573276918886
0.15266817389609794
0.17561213809215628
0.22462171966004096
0.15871382293081104
0.11710607134797843
0.2731501486698561
0.21399836992847288
0.24031912229866995
0.10756250774956279
0.19808716232659068
0.22760712180834808
0.09763948163950385
0.15902290776722838
0.2028214027216494
0.1782881295256688
0.22398404191963023
0.2857054055561856
0.2197376944742199
0.17582054736428157
0.3060724635864094
0.17490332293142286
0.24786662991733927
0.23660357474753152
0.2306600311202365
0.15324087038529
0.19995479027510688
0.16378524978637135
0.21078447953949525
0.20340280152887727
0.1349010192692055
0.206916544476889
0.18959576176304252
0.26224878755717673
0.20336125263096705
0.27620287706255175
0.23665386163031948
0.19048038096863365
0.26113677085333975
0.21225204319527646
0.2209184355481628
0.16424652527320485
0.20522090146920724
0.24190925785771908
0.2023677942928835
0.21423156315379507
0.16360193443046323
0.3056834526437796
0.05297832407438771
0.256901222908969
0.21530564201382466
0.17795534731176632
0.29208795508076835
0.1321778490288571
0.12019249102454044
0.18165934962837832
0.24481100448119164
0.25620326112781167
0.19686085858742738
0.19723639206612875
0.1965613297049524
0.24199532193844714
0.26260235178821845
0.19662408348803484
0.22557094336894978
0.2218652808702618
0.2044696925821574
0.17097491563638162
0.2129605928751585
0.19746188902414066
0.25047599111202
0.1913684373944744
0.17136542930948873
0.2662567439900545
0.2980728105882621
0.28065999870535785
0.2640329444313151
0.14389923645530492
0.19544434413087478
0.2558420337875267
0.19146315972773492
0.20346428994889515
0.2551386535786011
0.17033150940510539
0.20625946906891268
0.2786720570758106
0.22879534960759484
0.15839569529623368
0.2214395526342907
0.3073911642984223
0.19680686545084292
0.23792897292392268
0.20842505001703954
0.17253274075447642
0.19725306193006625
0.2533155871162893
0.16026066487335325
0.2527801686991132
0.22509523269350107
0.13912432048883627
0.26874231015040223
0.2350510069480053
0.12687442640695046
0.21739029828959405
0.140558393377925
0.23310099783793506
0.06722678253294667
0.2801021807629953
0.22382131272702632
0.2092582638751854
0.2148904243204742
0.2197905869632127
0.12595223865260077
0.2624396687797397
0.1829912091465739
0.2534985080670344
0.1682601874152818
0.13944055594278718
0.20142292684341978
0.2741175542097751
0.10028534860463802
0.16049886599439733
0.23745467235144868
0.20210793237679867
0.21961344445706305
0.16312497991300504
0.1858426149807507
0.22603701853191135
0.181316431467391
0.2779378068751015
0.2147035692994131
0.22256871709215414
0.22437837556618462
0.09868462184933124
0.2112553563481042
0.11104346549012667
0.21801187351814874
0.17981843039334566
0.2134117327718872
0.21479003944909072
0.26642953984581325
0.240930305426277
0.2686165974211252
0.12218544727582278
0.22138081863643652
0.09009766301862959
0.2836903385500218
0.09835995508825551
0.17597302750505034
0.14623630232722465
0.21753861982386416
0.2762860899235332
0.20625513293451322
0.19227718493344348
0.20218681189432813
0.2238456940762879
0.17554946247861536
0.1886467423936068
0.2492925241835058
0.20917339559681974
0.25956590785841643
0.26544062465770435
0.18225135148887253
0.23620208507206475
0.20371287713107117
0.2238017370436229
0.205536306692119
0.23259248471166327
0.15518906233165358
0.11983444327330389
0.14076777371750138
0.22573984771026795
0.3014709257557649
0.278609680824403
0.24190722035466022
0.1961036358061671
0.17868026122058966
0.12047030338614091
0.27933633101380567
0.24960841359995073
0.27172870109056174
0.22932654535305363
0.19586850961278462
0.16390194688157952
0.12351809467405303
0.24134596363776015
0.2576042757485295
0.2833723905926582
0.23323966054315626
0.22585770190488036
0.16780907357460353
0.18362530074316613
0.22215083067150024
0.16650504177954228
0.1562316277489517
0.2439170123976072
0.24919624394362977
0.18439052820619486
0.2531569339421209
0.17341752853073256
0.18620990585883726
0.22507640532345627
0.2624573081345032
0.25378446893117734
0.2172266278309856
0.21102807222505066
0.2413119267576364
0.26536875586671815
0.17573091118444847
0.2261653152113357
0.22116359231251687
0.2822614991121959
0.19578485373483215
0.1421812589263354
0.25195319499828217
0.13613753048130456
0.1276325242979623
0.25343258116822126
0.22783149133301117
0.1617041603811655
0.26455321707184715
0.2578436268866509
0.24262479275210447
0.13972262649192813
0.2128374364855399
0.19739327762320819
0.12325246408811939
0.1464734383274693
0.19689651599945884
0.2579867590019325
0.21445112144394857
0.2503005545734247
0.228856335172722
0.21630860451716397
0.259996043684605
0.1943630344522016
0.28148421632618736
0.20552712718377475
0.2044001831965159
0.1716018428261253
0.09170886241655894
0.18923385807863785
0.16525857311654926
0.19341728358459334
0.1927261769387047
0.13924013423375786
0.14714571056334275
0.23670191705990373
0.13922252529311527
0.2070564835869149
0.19304062831769359
0.263415679887077
0.2376149944881275
0.20161479873199264
0.2701483862601715
0.23300630305400896
0.241050064057322
0.2108861238479
0.13593912161122662
0.1619450673411979
0.2687736095979369
0.0921410874844719
0.18209883974480978
0.2069905872179864
0.22827603543296596
0.2399893336574361
0.17576424559844395
0.3224669623447882
0.2168738714792664
0.215040649336818
0.18066438106330301
0.19087350043905335
0.24391693411973295
0.21365167765365622
0.2508684644884323
0.19309829731654105
0.12638153642525018
0.11010410881865057
0.22723010678087985
0.17138276169685024
0.23993771303791545
0.27380388107767206
0.1878969324639171
0.13198213661806302
0.1809523491661424
0.2207298349059877
0.23783603857157926
0.13034687298358028
0.16750425489480864
0.18337807760650204
0.2543221202803355
0.18180796302222715
0.16087483218899828
0.16040981111310537
0.2909113989930823
0.10691563336290691
0.24026460961324717
0.19448194879372607
0.24763002592474742
0.11895412895077191
0.11697403806082723
0.16460144183023004
0.27772971776917543
0.193557157644912
0.13434193375776365
0.15070783190091697
0.11787969615403508
0.26021189049307786
0.28375396268715586
0.25813436873379486
0.23021730780774524
0.12292594838979039
0.12235607142008825
0.24130925552816385
0.15399875633884605
0.22465982437785637
0.20197460877768714
0.19563704510511443
0.21663195281217235
0.21967244309516348
0.17223348679422926
0.2865684104695223
0.32190713689724526
0.2577419139050361
0.21731777470580527
0.25232455464358416
0.14514995728413285
0.07482811087939792
0.18934971348515334
0.25671244428921147
0.1611495546898047
0.2090662935220831
0.25225769478551807
0.22747479563515574
0.1640166217694743
0.2580595305180828
0.15486730056484582
0.2755957912020979
0.2423851153519035
0.18909456478986425
0.21059583933413908
0.20417353899791854
0.20851042898829922
0.11958271407095085
0.1621890346180672
0.29417465041529034
0.14829726194456022
0.1879999682304749
0.2192697990341228
0.18440914684414558
0.2443973105299968
0.1375302650634977
0.28273386603889583
0.28107012018866684
0.17687967899125334
0.10872595222507359
0.1851214384713457
0.18052614511380938
0.22654241042808598
0.25241380281450065
0.26536487235772144
0.16964614031748892
0.2783745549626976
0.17899751373514694
0.18326003022577528
0.17373044059694334
0.18169316281236225
0.14154956815334127
0.18595778966752563
0.17904318159115373
0.2754591390578792
0.2260410309502307
0.20055139142455577
0.14929313778199965
0.20678169127773627
0.18175175733723467
0.2759621298889423
0.2600215046045521
0.1711735372229601
0.1353718060734903
0.20041611672003692
0.2251449572191525
0.18399163225433424
0.22736464603604897
0.24844130911078308
0.2567641070848259
0.22588325155544514
0.1572342233595038
0.20636667203991113
0.19034318752244897
0.23172418339489484
0.11110126758110958
0.22912119676068643
0.1611660776124436
0.20576599594229253
0.16295729946137283
0.2597933353021156
0.22064374595772698
0.285134036093745
0.2081369871357854
0.18597245869223428
0.16899708168928784
0.18385058267553836
0.30577729848741037
0.2792486436429724
0.23020844018752537
0.17060869915938814
0.24950517544474823
0.22323132348762054
0.2773533140977591
0.17425408661041272
0.16795579421401702
0.09795629974740803
0.34146607530735973
0.2314304593241492
0.1351849735456404
0.27021400955210384
0.1948379720997604
0.1414757214979189
0.20084472699917597
0.32223359715743827
0.1945140407531436
0.19027673219344773
0.14280990877152594
0.12935302272924254
0.25929937060192454
0.18714405476221452
0.25204568622813894
0.19044116563592708
0.1887799374684043
0.10463115670762618
0.1025493900428762
0.13371240176634813
0.1910416354339488
0.13621068709538187
0.014640707814870063
0.25752304017256517
0.2309396323341095
0.13771752333675213
0.1763740529710782
0.21725969008195872
0.22267168838195978
0.26761365750376237
0.18080868815918458
0.1736911222833305
0.17658577198271963
0.17435325658949669
0.20396869706330711
0.25311206926627794
0.26461013085349316
0.17350011952957567
0.19875929998583533
0.22801309608458842
0.3040465012164543
0.1548280235118133
0.1777566430347888
0.30006592168644364
0.16299731837655174
0.23976368285379965
0.21114403797933648
0.18105776753810154
0.13598697309054497
0.16126188764290333
0.1366229990103598
0.14706816929898237
0.241589733236949
0.18814598092806573
0.19229587168843004
0.19115577435457684
0.1393591930762677
0.24551872186412893
0.3019161247167669
0.11302013393546101
0.26883929244109633
0.15425255271706945
0.2189903201183127
0.2160868697730742
0.1651170145734725
0.20247374354848788
0.19601129744930082
0.1602967374425468
0.2945145237232003
0.19298841866648306
0.16960962613385341
0.15116512355334089
0.1422841505220102
0.2190236746801912
0.19505473897927744
0.272583627946254
0.28098849951686217
0.16129320059542201
0.1429399174959612
0.1579643124640896
0.2257797191636888
0.15135340428115496
0.22145587528807617
0.13249785441976808
0.1723123445322095
0.1736592902996871
0.12315361929065365
0.242018556782177
0.11828151899566053
0.27649032505064286
0.16150315081428476
0.1983899476496712
0.19324309172950013
0.1258507611306998
0.24281361164932003
0.2300034485997309
0.10105043526185244
0.18100218021208186
0.1821243372671857
0.2159976045235923
0.14383528676660437
0.18169730971304687
0.2371870100086337
0.17965169217171362
0.16475212420464788
0.258222121684108
0.16075384238061677
0.27718826877082603
0.15384412679782317
0.23750644973461044
0.18800855668015162
0.2273255173231505
0.1300538611429233
0.22980395735152534
0.21072170231323348
0.20785635093949975
0.16838572528552248
0.1569122122086045
0.1803822143067586
0.2255230816511256
0.1492108112274248
0.2214607517812759
0.1868779753873861
0.234995833139088
0.243723802323439
0.19303399156287313
0.18409964199770704
0.17360440164954768
0.15114909694610798
0.21047113549705804
0.2496011038559561
0.20124641874514154
0.2668217229677622
0.13887726687096255
0.1983023838824518
0.21171071678750397
0.11199858121085451
0.18506281718282477
0.20950609379607396
0.20168662679601923
0.23086655411200657
0.2032629591316942
0.1878677910480356
0.23640837389758568
0.16477074395106114
0.16565825638925513
0.2408651767174683
0.26911330692251395
0.1929645722828951
0.26319503132855776
0.1863425187007583
0.11578530499938708
0.129957044256984
0.2929067213592529
0.19687777319168148
0.15691753704762362
0.27452688803943803
0.18590274777894508
0.10020568902119228
0.32733489396519655
0.19189166016723733
0.20493881826669105
0.12218426322551307
0.22152718103998642
0.33395963309305565
0.19378549462128078
0.12624481135805327
0.19852556958541723
0.28382718962232106
0.14507767441669905
0.1040818480282941
0.21813378791943444
0.24533224339482052
0.19601258519957523
0.1556757886660352
0.20762836482077993
0.16800172239219147
0.1918320435477346
0.21165424548586506
0.1875547095769626
0.13606864561156548
0.2752074731702614
0.22867232598057008
0.1079618374389492
0.16618852274130946
0.2176793437685292
0.15796293069463324
0.17461733304112448
0.08849512313629926
0.21347975926545595
0.14092712074151084
0.1471044225437088
0.16142105689129727
0.23198118544244895
0.22746789556432115
0.14485360711670303
0.12291226897342628
0.18267169105059
0.16754687258643644
0.22485249409985353
0.20297601039485266
0.10294853080162691
0.2962301328311076
0.14485852993829285
0.15487068388468037
0.21065299653296293
0.1746951903330145
0.1761391760918637
0.11172824166730423
0.29167781927321995
0.19900173223001616
0.1656902399027445
0.24572138418407474
0.25229258765899987
0.19274696313105877
0.2746963115216836
0.20639755633406517
0.1308405762745675
0.16446188492745217
0.11792946702147192
0.2862882313595852
0.1648558738545371
0.18221270587291255
0.14143229096934937
0.22089392722800316
0.19564748378724056
0.2486101504462296
0.15222496075728884
0.23710526228457618
0.16142566164365463
0.20349763652598887
0.27881423166960584
0.14297200340651062
0.250472676249647
0.18855220744858037
0.19454817061574445
0.20922817336968053
0.225892384374781
0.2133533205753331
0.2102226547898002
0.21386340441567359
0.16677046877100932
0.15457327332520693
0.19651058426336884
0.2452205046665946
0.21086167844903753
0.17769616980034356
0.26435162209217455
0.22960384538669318
0.1800817877318953
0.22197666170479532
0.19224393226795874
0.24708066958501526
0.18911045288373335
0.22243581897948364
0.211006211252954
0.265762760742259
0.26844824484033136
0.20094375094584951
0.22800904104853942
0.17803914304619012
0.10912154662489795
0.2146840307708225
0.1277614818857225
0.21816643769465136
0.26510830662169277
0.10900092653601623
0.16500490200124412
0.1800037035325116
0.21793586444333612
0.15049455127229186
0.18638983096484502
0.21118832207940028
0.23048993214760968
0.18129285447975263
0.13994966122648062
0.22432163473625483
0.22784930254642605
0.24754368983568206
0.25473279626591716
0.16718712708887684
0.015318875235140555
0.25130437669955036
0.0951869539356675
0.19975551992148566
0.16665062033168399
0.19306342641227422
0.19553178801646806
0.1670022378292888
0.21078025774110898
0.19222970329161515
0.12693431205033595
0.23156152438017927
0.12952003456521405
0.22218911883438902
0.18787469783115548
0.19564148416660648
0.19699047107488107
0.12182392964177184
0.16137055200436942
0.13478848016541933
0.18440078499723547
0.20121290278234233
0.1855482323365635
0.23935825338196592
0.17647170656864997
0.184473660441758
0.1580923803455183
0.17188231003280693
0.2173954538854671
0.20485289320699232
0.176776040958761
0.13212316000775037
0.13094214105389285
0.20395482014065744
0.22881591202709115
0.2423226404917196
0.25376003045497403
0.21218900928953213
0.15911485628645183
0.16212572032328362
0.19123589298172894
0.20606831274538923
0.22540066065998163
0.0981038167079279
0.21284790519887178
0.2015592048585082
0.26829434411057873
0.18297414203062445
0.23159737673506137
0.13250983617931728
0.1592755622833735
0.2617561354414585
0.25695085687908875
0.24323721102379062
0.12826261011746537
0.1894213853217623
0.20175166908186534
0.25850782758766666
0.18512586710588066
0.19574682842444907
0.1702164253830557
0.15845456535114283
0.23251210559185057
0.11649611020925398
0.21817131600974854
0.16767817696525178
0.19463693887112102
0.08671515886394712
0.15287840463037017
0.2320649737757316
0.26679730210318064
0.18983718798122312
0.19134493322206478
0.19411264652861343
0.16282790264490923
0.19052788404178342
0.2354360211017012
0.22422315082179725
0.1980580398929241
0.08399536028804422
0.274005759085309
0.2076337709647007
0.230302210538336
0.13275691892963845
0.20225201443061194
0.24251043976641057
0.23160833198605899
0.22485407125846413
0.20240153609709985
0.21939620951438865
0.20280467983579742
0.19874985416327057
0.12789271377052194
0.23421539058027901
0.23408013691267368
0.1530223360022237
0.15223626818889174
0.2579892517520067
0.19362211802629556
0.19403598239670147
0.2533794419515105
0.11409200456072377
0.11032730678390262
0.2528816656041214
0.23896381397997069
0.2023972277064901
0.026588215235323898
0.13089463370238724
0.23137395067990513
0.19733312237025494
0.17661015393740997
0.20238584987997768
0.22154793920021823
0.19207490901914756
0.1855404285172925
0.20366009939572377
0.20846759463204811
0.17476373069346107
0.14965508328054472
0.2026218767548042
0.19116714829912496
0.07823636133713344
0.2222146546166771
0.18835975334095545
0.19184340226745847
0.13675431652788958
0.2645143978330464
0.14249607271462578
0.21625329301446505
0.17267848950093048
0.20027385584088062
0.21582949583771804
0.23089495883548755
0.20689118490045705
0.19582716919324097
0.19361536799111742
0.23525109319096624
0.2249005515328019
0.210324409008887
0.1572077886549112
0.17118138599010058
0.17880649154494266
0.14408933419331635
0.29452834187717014
0.19534231357904036
0.2646683130389634
0.19726105011833422
0.1957555917733747
0.18074408822034208
0.26792756626750935
0.1726266568520476
0.27435886982244817
0.22159611760365633
0.1700562595764353
0.17828461232581638
0.15493434758631425
0.297752119735191
0.1597703028577281
0.19805525190873324
0.11352045997188591
0.1725948586438126
0.18382200032662405
0.21600113050802264
0.19582641573219878
0.24291491731208945
0.23199902900031932
0.19251534170401122
0.19305022084076837
0.18653227884072043
0.23449089447404003
0.1949585792246771
0.20945067144013302
0.17408660631176592
0.24830170958112346
0.11724318818235968
0.13106176165924277
