0.575338393838734
0.5198238045719354
0.6775058953789543
0.7496598162653203
0.6456560427100996
0.6229438103520559
0.657171762082016
0.6475188162326203
0.4603575369664009
0.6954332514325329
0.7200475237362469
0.6208015216057654
0.6706899956304688
0.6668166448780297
0.5302076784451537
0.6934994691375266
0.706244554995428
0.5729680201322092
0.5541455979476891
0.597810247608333
0.7162504786286499
0.7597364306027118
0.49138016647926624
0.5949210820351686
0.6346068273630436
0.590586698926925
0.8568444128566887
0.636266874322863
0.6060356462711255
0.7490576531494657
0.49701415268019
0.6550568418816416
0.6943641054977508
0.6539759998421237
0.7122154617659466
0.5838342407929387
0.6327166969917347
0.6768002871342353
0.5818734157886645
0.6921560098015163
0.5604847156386599
0.7706937851107778
0.7469488087555689
0.6675035267785249
0.6259633724833227
0.642971709420245
0.6368012566903071
0.5767046629749097
0.6753288923531836
0.7158180788686329
0.5751223673847397
0.4920471076819249
0.6251673073711095
0.6783704728467802
0.6935590755465771
0.6764588466248477
0.6462374438874002
0.8448743085858063
0.6135082714797873
0.5828042171936724
0.6933194382367962
0.5740437772919538
0.5521130879274975
0.8105539617393464
0.6238381499360172
0.6439056312299799
0.732762382446168
0.6384310554426528
0.6193400639180456
0.6727328884809445
0.7584782157966417
0.6458790454956547
0.594190485822352
0.7345801144491106
0.5228569227166143
0.5593809866167724
0.6694717164695562
0.7264234399482612
0.6384021841470334
0.6618739534673866
0.5635617406798508
0.6780062973625693
0.7534869216411684
0.6582739944692328
0.7341356968792074
0.6569522307998048
0.6346075535980086
0.6918559716781123
0.7305068606824064
0.6064684886111812
0.6255763867921033
0.8558789486136981
0.6767031416245165
0.5928089861097812
0.7699160051937824
0.6710612385327814
0.6086971497836811
0.5372351005613731
0.637415178161675
0.891001931506525
0.49871130219712484
0.6088233922545305
0.6253911816369399
0.5846748238619222
0.7170768960886204
0.7518173400993364
0.7301640730141775
0.7419441119938276
0.621976262493351
0.7195388661232248
0.6030579025655203
0.5895812083018791
0.7415518603220549
0.7717205547863509
0.7479927561218258
0.6535521110311836
0.5979460107842982
0.7473564465760247
0.5341205250191424
0.5032696058394435
0.7254260432543082
0.617340541049437
0.6390516249508911
0.7523602270936917
0.6624642945840823
0.6716200908735894
0.5642400075801983
0.7174864052857126
0.6359261554751442
0.6848511185285143
0.6176200669823566
0.5963434182960449
0.7025864615206087
0.5965052386841553
0.5384597597537393
0.5087127775051439
0.6048787056942848
0.409022943165422
0.6704664204596174
0.6406729286380204
0.6724209999035037
0.706183848071173
0.5569925118273682
0.66847008741476
0.7106987797204875
0.6783005274801556
0.5525679862586218
0.7992414791239766
0.6453210526151035
0.6989759579064408
0.6277254396752702
0.6546765702637719
0.5528993112235243
0.7284779371506446
0.6531453522151439
0.568320760852581
0.5417292227227364
0.738725283822206
0.6857613272302334
0.7944742872361535
0.7622536791916465
0.6807975365122007
0.5713368363629645
0.6380864827064452
0.6286426445444641
0.7354386465336904
0.6498785061422391
0.6142813952469257
0.6294525538370844
0.7229086927126095
0.5447674418940216
0.7493457598140006
0.6813362624068191
0.7273741671986902
0.8159073726094594
0.7336111970972505
0.5926913637480915
0.6660534597537615
0.6052735237152851
0.6989581264863909
0.7716249801207329
0.7012999918123665
0.529489538395563
0.811651554226401
0.7547043582676871
0.6772408920696773
0.6903291067582225
0.5493545946392668
0.5589598147586774
0.7975947455252499
0.6967953238943984
0.5970558312719079
0.622725125235359
0.7000672192410248
0.5033264763428242
0.6131700148427576
0.6733815161575725
0.5747940888422287
0.6149307755490413
0.5737877728379619
0.5901888642643038
0.6272871948125261
0.6981333119555819
0.5770979356765138
0.7527359032248232
0.6045810267278028
0.7051237284712321
0.6938299391402346
0.6841725187238944
0.7062212155444101
0.5511621496530628
0.6304818488843854
0.6701993307182021
0.6265146193440784
0.5480155319896879
0.5092211083319969
0.6269937923374179
0.6983416132463747
0.6014390993554053
0.6785565898872534
0.5495949180352697
0.6101264656316873
0.6980828273842323
0.7206311787792917
0.6317693897717301
0.6606654798119859
0.5687244670529825
0.6227933414454703
0.6300882391329684
0.6429084868272623
0.6645787770827536
0.5891976976705979
0.6836035420088766
0.5313345899087532
0.7103624032713665
0.6592824696922643
0.6229850966024998
0.6214392896269303
0.8365883281776767
0.6804501175683992
0.6100192465111467
0.5934913074532397
0.6839305723506567
0.6374427324212276
0.6013562115492651
0.5955104052282408
0.7044699829533588
0.5247530995749727
0.7973836888667685
0.5431579643539661
0.638544009913728
0.6685832650723713
0.6877151643435052
0.5962456216309273
0.700376191097561
0.5005757267198637
0.5048270852968683
0.7581279909312865
0.6513813064208357
0.6234411387400445
0.6832591317009518
0.7651088387071299
0.3771531660616643
0.5532670933292108
0.5218565016737928
0.6854844201179421
0.6658275381890238
0.6981855544669993
0.6962538635300788
0.5822318864066396
0.6390404773546887
0.7010824347451355
0.5835165047864496
0.7099436288679071
0.6922698808473068
0.6376825406442035
0.6661409117921097
0.6150540379499505
0.5673323293201339
0.6070725106303145
0.6729108052725961
0.7121664227690799
0.5814045469646297
0.7398374512628901
0.6173092232010626
0.7208630476166485
0.6361407177322836
0.5470295948410091
0.5447280884223666
0.717286369198538
0.7266312420712595
0.5557903941974486
0.7863512691051896
0.7904062371632922
0.6128759170901724
0.7364081041408659
0.5640991865151638
0.5968913035730845
0.6672373699279653
0.6855681952995413
0.6394519776802059
0.574075128988274
0.6760734996938466
0.7627652049873297
0.6333109651426562
0.6313522589601598
0.607267621881655
0.4807072630084588
0.5134336889064415
0.645845200146239
0.5232177745920872
0.7108729780916244
0.83881321536137
0.497752522503627
0.6905320563753989
0.6450339586141778
0.6164413367149776
0.5423328304588058
0.6383611011425113
0.7029028395806647
0.6412972424741057
0.6184550592230497
0.6552801943902437
0.6448866470557832
0.4781443382273565
0.776799966388561
0.5544859697770441
0.5427264562372913
0.6982287076199732
0.6982728073111315
0.6208999282911123
0.5657639710410683
0.6926509210869068
0.6143331145008699
0.6240256202951661
0.7904585596155491
0.6415051890274641
0.7619515870165562
0.5608288527543077
0.721520795600758
0.6362581477900939
0.6746084884766799
0.6545855158453626
0.5434387585103446
0.6314916652339911
0.6885297775374536
0.6053825553537734
0.5572433125286829
0.7714203314062833
0.9054107160261823
0.6234250871135448
0.7538767202926839
0.6275996560244625
0.6221904880699775
0.6035961458066716
0.6903965592879662
0.6300935679929439
0.41405312539281913
0.7939664970145452
0.7951535628760801
0.6124451503864898
0.6290583832821617
0.7979622139536227
0.604096054588836
0.5915186008349905
0.6950614785084933
0.7074199876772068
0.7883764017867453
0.6122622767315216
0.6052083124871858
0.7073554547030745
0.6160396953869832
0.6040187191204285
0.6641119347002198
0.6243666097049966
0.7212534641911427
0.5392957647399017
0.7863982797601737
0.7485546367190723
0.6358951356403363
0.7544529267420038
0.6104414865700104
0.7538730587551672
0.6696201909325863
0.8188521591855961
0.6634355371531314
0.6254644320561725
0.6834995590543493
0.6166473083767302
0.6532617040368522
0.6950316565976832
0.6565610001425738
0.6807766361037201
0.6555262723820421
0.7311207778723309
0.8038196114979278
0.7128912898282114
0.731803474533616
0.5639853874426305
0.653424546293702
0.7392861883773895
0.5797819038142682
0.7576434954321115
0.590538384953598
0.6724774513523559
0.7824618896667419
0.7328835487557489
0.6149556089725763
0.5205934888149184
0.6349739516223685
0.6881791509645957
0.6232050864498021
0.6979200282788908
0.636199335425375
0.5631735250323434
0.7550759174087325
0.6662775373859913
0.6293466999048221
0.5915245009932737
0.7167070855192212
0.4935448418078079
0.6720948231190332
0.7385931824602987
0.7240790632768161
0.612772202523278
0.8565178704925396
0.5255622886690139
0.6898305770120561
0.7615946981865459
0.7237075664539827
0.5710845711324919
0.69646282447101
0.5998198457721078
0.6170606181943237
0.711390039535266
0.6627998839045725
0.6736952050011094
0.6895901275548677
0.5615413214783338
0.6880137254536977
0.7026532883014683
0.568079687436735
0.682725304298326
0.5992484213290205
0.5724621479739737
0.6430233695214628
0.5319790456544444
0.6458338259722172
0.6090018029864922
0.569756110736
0.6507046800716005
0.7511921631209723
0.6086711325441998
0.7291202392924249
0.6507378773791318
0.8520620645863864
0.7637424200863324
0.7207492509625765
0.6289424967066789
0.5658009779575172
0.6908640646130174
0.757813021361563
0.5589020182319794
0.6315139566051442
0.6635753437272103
0.5368452531750534
0.6096135163453145
0.6278231449300837
0.6895439352288989
0.6038949136005002
0.6686866340195919
0.6071096835093066
0.7663547006849912
0.7326344177189211
0.5974893058493828
0.7441186459147047
0.7590876525314234
0.787809855821694
0.7765598243842573
0.7337511530110483
0.7174029074672899
0.7117785942329663
0.5406645911557115
0.6141012475155643
0.4931494701605923
0.749781899912485
0.7033046600903804
0.8012740695541997
0.7684204937249379
0.6808266499909296
0.5837912363290141
0.6212796927483007
0.7379959189938854
0.7268585404104635
0.6623208667541941
0.5448401586863658
0.5887111872333817
0.6824493617990678
0.5391675071714432
0.60089115534468
0.5238155636091293
0.6780979904467614
0.6028254622994897
0.7087728313280384
0.5944366709713915
0.6090430408073647
0.7239556224915078
0.7759720320202563
0.7074086191865637
0.6870254723399264
0.7583203586393514
0.7197038503015205
0.6630343849551537
0.5976503147676592
0.7221439002540315
0.6954047009780221
0.5820608367641147
0.5832546931533221
0.6655157634960963
0.6203029903689246
0.5397118454669221
0.6193642923201356
0.6669536023420413
0.654843310377542
0.7596336260173295
0.6312655742859709
0.5972723478944261
0.674688277543403
0.6874767206734094
0.616183207521215
0.6741384246819346
0.7144094079432621
0.7733967956487482
0.4978283462629558
0.5122283538236415
0.4815161286567856
0.546287893948217
0.5778392834659901
0.7715798939816784
0.7651181516473985
0.567590151728486
0.7707780891157063
0.5820546349510762
0.7839419375258867
0.6571270110845399
0.6782604924886442
0.4870127993344835
0.5326521055873705
0.5766255327896991
0.6537872266136272
0.5632302287963427
0.7848199814119091
0.630821058662928
0.6036711783966573
0.7585581672235171
0.6081868782260715
0.6116483047707866
0.6256989810814588
0.6583311558630567
0.5857338876325607
0.6954854526975152
0.5364118328457197
0.6897620009575984
0.7708745148949306
0.5827861232940252
0.5929790168229861
0.6506500354503559
0.7411322233234587
0.8364627879510873
0.6434820885792251
0.5390728290873689
0.7056224252252276
0.7340571855565243
0.6257660682533548
0.692110664078679
0.4576256006711903
0.7061819558271949
0.639577543335009
0.6542575978078362
0.514422093050976
0.750380466413317
0.6319991323588584
0.6549334770415237
0.5089073569893146
0.6628784072856998
0.6720958095311641
0.5517859083128754
0.740581123609152
0.6925625750471079
0.7048855998103583
0.5949061967363549
0.6147502463627954
0.3682766380178051
0.7040159345846452
0.6961605509390307
0.5587763681447068
0.7989409195930126
0.562139193943934
0.6246604670623412
0.7050738168505107
0.5080808122605268
0.5779788501989216
0.7012353286450618
0.609679650459815
0.6467963742490735
0.6778833232057567
0.6220838448283047
0.7157996541011548
0.7079659410688726
0.6224612245702256
0.7224250915545416
0.43389263895864616
0.6486888691807339
0.6502670389456393
0.6976579998859168
0.5543920025301702
0.6329290736695282
0.780022164446522
0.6533780051795627
0.6112206939327348
0.6872497055736964
0.6671280374594829
0.7464254218664308
0.6378766932369959
0.5984361283217621
0.6015188454047398
0.6517626815776789
0.674394851939746
0.6865093802690578
0.8568175477963367
0.719945800639304
0.6832102949432943
0.7036554713118959
0.7880882909707574
0.63645627717674
0.6545939523104101
0.5992251631113096
0.7169038705597381
0.6532814692360241
0.6806768750294674
0.7659074427541155
0.4541042216592356
0.5781337353090663
0.5629938857434831
0.6619494654987351
0.6990549781928804
0.7449973271794955
0.6427099234489794
0.7896889258378292
0.8050466816612807
0.6599756092548824
0.6394276783437431
0.6904480573392282
0.6104603377354135
0.707610320319061
0.8195283224875461
0.5997730949441962
0.537524915447576
0.6663161456078925
0.6087879753323707
0.5757016971151661
0.6668601821527629
0.7582336573397079
0.5210771476587943
0.6518920333531443
0.7519347342771742
0.625292051145862
0.5816557510131595
0.5648621115138
0.6505539682545988
0.5528808550939807
0.5598230228275667
0.7886175168332598
0.5170184755657543
0.6532146958983166
0.5867394029859897
0.5762433768646089
0.6994778035469498
0.6479162010595636
0.6224050626347858
0.6254515172495902
0.6976567374576338
0.6070399398659351
0.7260036099969372
0.5688052470070224
0.6432813014763482
0.5552226964115066
0.6077500029902597
0.7685944234450696
0.5519052023299063
0.5948829027379314
0.7061518802860395
0.6300875869826055
0.7687936819931314
0.5884736063920257
0.5337176669554772
0.5272210915398841
0.7546246535361237
0.7669362921213865
0.611617786917435
0.6646737926738753
0.6556587869964757
0.658779211760422
0.6861569028618438
0.5901086932863767
0.5843862131542243
0.6395235957389869
0.7505959796947564
0.6883021076470581
0.5557987550906144
0.7247882321182435
0.5842750672332662
0.6318483457488642
0.5845856102013692
0.7354607823965499
0.6882720159280775
0.6047715818223128
0.6690450934099567
0.7158289608486452
0.672899245016391
0.765516475552965
0.5682959407819927
0.6107701675603672
0.6038782794418496
0.8171364008299701
0.6477731685213773
0.6905726969989653
0.8042745304832232
0.6282409904016582
0.61920187943114
0.44044263275921913
0.6337132551870547
0.6750456781932505
0.524156766815864
0.691675857473887
0.5605278272770878
0.6706157536629548
0.5715323561641018
0.527420257200834
0.674775199412928
0.6644820590181076
0.6670107967956138
0.7344300065632854
0.6530151584119621
0.7162605076991597
0.7608859983866898
0.706926958349633
0.6741449935809231
0.5347929393776921
0.5897404680847398
0.5990493576772102
0.5568129545428443
0.5708124755136382
0.5397789193570952
0.6654968262390992
0.691036696019087
0.6241579876755168
0.7246805620519381
0.5257298685099814
0.5030864828614523
0.6551135206392537
0.6014659247118546
0.6208696255138785
0.753272331281519
0.7686748225290285
0.7335310660771011
0.6960411410379442
0.6363667902714735
0.5366638485717802
0.6240745446376853
0.5431895680602116
0.6642644656843971
0.736596435535645
0.5240713572004576
0.653353234032748
0.5808997801263442
0.5583262874795266
0.5766494914674432
0.7236555490117503
0.771454093172723
0.5151538541080796
0.6900281720724628
0.6030119653998322
0.657689195144728
0.5556618667045133
0.8116167639268465
0.6874274534312548
0.7448943231426733
0.627191205696584
0.6497747716927655
0.7179062999663077
0.6641622452222744
0.6046640332997739
0.6129351322214244
0.6329585089370581
0.6812987635817844
0.7368884981830901
0.6756835974398007
0.5435718050172561
0.6456523465658139
0.7484895181770684
0.6404812154772221
0.5856652633227499
0.5759156162901555
0.5927868598943606
0.6214472724710104
0.6227884460705365
0.5106382550347299
0.6769293103295049
0.6035762036570677
0.6400152518574723
0.5027971039712702
0.6933286053032672
0.6435169895464864
0.5182516662803193
0.49739996920103335
0.6273645359256594
0.7182778280410441
0.6178147987166801
0.5941691073062199
0.7733415410965642
0.7034026832614317
0.7064841095327816
0.6142906996213382
0.5907535111234643
0.7469429633278596
0.5532148140137348
0.7476549755313118
0.7620077671299005
0.5630323246810911
0.5205136979819176
0.6686496552720038
0.6688570964105726
0.7641572471024419
0.8254425474002767
0.6142217479070736
0.7335676696225796
0.6391851701450552
0.537261042912835
0.6538561133930051
0.7807712385847323
0.6173280004204569
0.6154296585913297
0.6449634870058023
0.580996912022322
0.7427631525504333
0.6905514267270108
0.6726870173975628
0.5500685711124651
0.6058930817676023
0.6101885839740528
0.6488047401066251
0.6475647217610402
0.675308102469353
0.6443005366723767
0.8357206250908529
0.5864597025018828
0.4737862604997957
0.5897118719008474
0.6176740636575191
0.46442539994400817
0.6600601986517557
0.8018163148456109
0.5900037754285591
0.556822678070241
0.7950618740201025
0.5404547400517327
0.6964870216928221
0.7743687362867625
0.7892791487856115
0.688287185062715
0.5955836291780373
0.6565416918914057
0.6936649338494175
0.6391536191169189
0.6639212960522576
0.7120104358617262
0.5268778086995104
0.49836900769254866
0.7559541512165021
0.6591146420562461
0.690807070903934
0.6758035961091015
0.5700655404368781
0.5144185034269431
0.6771762834328678
0.5844970181073578
0.703819281715525
0.7105407017131361
0.6927132580279967
0.6379198176102667
0.6946071378089768
0.7682829842371068
0.6206005605118643
0.5964598145247935
0.7671751046468258
0.6016174686687455
0.6297499572973446
0.7431030140761923
0.6397740406271406
0.7562758873403593
0.636972177721499
0.7808965103855661
0.5797078433799686
0.792098201562249
0.7036721441825469
0.722054889344148
0.67271975370486
0.6637394125449181
0.6713428842701876
0.6750109903933648
0.573910925906545
0.6253640596706025
0.6926100415704769
0.6787692869843472
0.6429707887224198
0.6138818321586258
0.7653428538176636
0.7023880433479516
0.5944433561741602
0.5578762189089349
0.7409787077641321
0.7519925225672247
0.5815032381173011
0.7003417287511295
0.7757535457353065
0.5922841182548239
0.7906412916281681
0.6178152225965533
0.5265265218497883
0.7628743689062282
0.5323795808867483
0.5953462218677531
0.5466737500140999
0.6118641751202765
0.6313507047120426
0.8329090597444095
0.664170009242143
0.6102446689737607
0.7805876355997461
0.608633054931332
0.7106087707392744
0.5916015075319997
0.6362060815287993
0.6507768556955971
0.663229642967256
0.7151368820535475
0.6026387947326729
0.671743993748287
0.6457854423644138
0.6981532934553544
0.6548997418759671
0.7693952224996676
0.6980691143342587
0.6528340691539055
0.6115520551408631
0.7125860496094361
0.545981601637818
0.6666686262525771
0.6214564810819923
0.6736213913132546
0.49711682656173134
0.7980268015533657
0.7735904087301542
0.6427930575483972
0.5645484337975046
0.7021922558082689
0.7462164479330309
0.4826614634837899
0.5783935383402625
0.6438070639206475
0.684229937586523
0.6238030298546577
0.6805526354722223
0.5820931479852209
0.7040594224611031
0.6876438876930754
0.6149279138553178
0.8275936423599047
0.6945131198909359
0.7181905816501091
0.5389762853377006
0.6937726931216723
0.6898467952825293
0.6279322964002937
0.611371087917221
0.6698667055070349
0.6995421295373856
0.5740239681718541
0.8201984721919279
0.7286083067132382
0.4805941622876264
0.5751813752516672
0.8055269525987592
0.7208882651463933
0.6774729817187523
0.6180317130912842
0.5209380054657481
0.7538915201783307
0.6659257412456959
0.604087979807942
0.7156800724063641
0.7634274117639366
0.6062603683412071
0.7231546522596374
0.49523812216218516
0.7106539760407045
0.7031698730769205
0.7148679092026098
0.6789843863764595
0.5997247403162175
0.584743363050723
0.7079143353917193
0.5007151647543756
0.6154513692611115
0.712371798175066
0.7435942407672321
0.4872555605227805
0.5961214978157405
0.6136037111057926
0.553993433574062
0.6226615016083321
0.6650938391937292
0.7683931275414619
0.6267294477505849
0.5950549442235069
0.6723522524724936
0.6461073279788655
0.526661564064024
0.704654455366245
0.8182537203833697
0.6449058014101343
0.7931152858098005
0.6777579290542234
0.4848108948312761
0.6768008847933522
0.623465525032817
0.60376829813061
0.5952119279214297
0.6369952434341407
0.41496659586901097
0.5909897922785967
0.5571177371325942
0.6147679533438247
0.7398679537130055
0.7027787501211502
0.7002763089088335
0.5140592516152086
0.6632496957026683
0.7169135583922195
0.6019701607376259
0.6647946526328928
0.6130217256143978
0.7439926607738356
0.721695617555548
0.5893971796616115
0.6370873411687997
0.47088739410897534
0.5932787941702051
0.628110921758078
0.6296747122966959
0.6791669116646212
0.6260830023329989
0.6076854424557774
0.7600205427328091
0.6207857468943165
0.580574679120905
0.712238162707625
0.6496948360484315
0.6053265375650292
0.6845114720868998
0.5525021734752878
0.5484282836976108
0.6121789828485097
0.6306830993908298
0.776895126601004
0.5869874484882978
0.713325341803619
0.42488045777804645
0.5507947011483093
0.44882425087910494
0.6835210843478066
0.7552314996518036
0.6555048548325918
0.749846709983246
0.6275357347150896
0.6235615623300167
0.5749665025384391
0.7013103334185451
0.6264114464006242
0.6059586614597858
0.6034628132545781
0.7741916080610043
0.6784463085174607
0.5752402985821605
0.699883756787749
0.5798305679478548
0.5958448766164135
0.7900692935899299
0.6820901257486466
0.7203518671052629
0.703381090257156
0.6267447796918012
0.57357273974239
0.6018118675997874
0.6129608717543027
0.5897751133984904
0.5848058428301683
0.7166729391922758
0.6635285703781308
0.6628917111682506
0.6536248732825023
0.5580911344384869
0.6074024665863025
0.6123540592811941
0.7841314688208544
0.6035461536189343
0.5652306938753672
0.6294112440048217
0.5885367107622472
0.6112814968374177
0.7040912701622516
0.6434010757440971
0.6613501060809212
0.6856680146885339
0.7761384689947531
0.6978467888163322
0.5566683371598966
0.5865946737733837
0.5724021061783909
0.6357288916798087
0.46793977163207345
0.6186242129743483
0.6368669426424067
0.7361055503511129
0.6211513070886251
0.6011364068536615
0.6654086426692822
0.7133208907049451
0.6756399699411864
0.5845003029600994
0.6731548913538237
0.6376333869190531
0.6225768009754642
0.6830260909493564
0.7320120510975496
0.7712264203085369
0.681665243365492
0.4665248268470324
0.6762583266650155
0.597410403772357
0.5831012513579411
0.6238802904247538
0.5861335948175059
0.5650541994878481
0.7686739060011567
0.6594250755610189
0.7327409136250844
0.5986500684350285
0.7341217944819097
0.6383865178198841
0.5826521911328906
0.6513616201170064
0.7316343720533506
0.5226033908781952
0.5695665389379012
0.6104217250733345
0.5580139426007895
0.5975422155360348
0.5563536962100244
0.6788224679339623
0.5704007433125745
0.7009745245409339
0.6253431176686449
0.6004575158007048
0.5277934694605415
0.5657736270118692
0.7046311440266199
0.6318421383887526
0.44785579498288597
0.6582301111898944
0.555526592351376
0.6486154380866584
0.7078188143583483
0.5896054209282696
0.775623163789985
0.6259825132728644
0.7007938434669555
0.6452110725705361
0.5735333786206575
0.5539089095280929
0.6465799481725989
0.6628619442923168
0.587911849779934
0.615767773221648
0.5051266778886545
0.6762670328372578
0.6136184385110977
0.8171616563383861
0.6418323329575113
0.687333848442509
0.8235343246597968
0.6988250412324051
0.6180377098890765
0.5950463130952963
0.5704228640685627
0.5392416892069937
0.6867688965727503
0.661211413049233
0.5646530224858897
0.4843138104285404
0.7606096618080362
0.6350542668781723
0.681503773319238
0.6853538474056592
0.6518460866956771
0.5943945291588931
0.5847782877139394
0.5958184760703829
0.5418396731213074
0.4315902627884376
0.5278456625911762
0.6058651620714528
0.6329732507605041
0.5565077867047127
0.5890073908942478
0.7468503556030183
0.7069208157039774
0.767471549425398
0.5656662160283882
0.6457003087097906
0.6834098440079475
0.5771681959116074
0.6141926168409484
0.5258777926620372
0.6337307045783013
0.6590527572900344
0.622097011788248
0.602097513749611
0.6612015696757367
0.5878411707805752
0.5123268092055191
0.6986548023387107
0.5369708348508753
0.849486901392845
0.5850803769024335
0.6278641985256457
0.7691538971588471
0.6893570732764187
0.8187096865652417
0.6427037434276379
0.7712524583665814
0.7437123372836287
0.7801893092814831
0.6689774946976111
0.7608425565950407
0.6386691090964617
0.5694401413628701
0.7841927522086052
0.6787481451659926
0.6961454785763467
0.6100791494252517
0.6952141051445357
0.7164092412923173
0.6433628962405945
0.7659535335424139
0.6836181906123496
0.6370750972849271
0.7051818398977053
0.757862549794579
0.6493905128742428
0.719135803996025
0.614354701807764
0.5610706750950153
0.5641006195613169
0.5650286800448949
0.6492410711471099
0.6847744957974946
0.5989473358824706
0.7156980204581225
0.5555776561261931
0.4889613484274816
0.6916355257303983
0.7002856518696821
0.6627623596035747
0.7500175185090003
0.6183562138141552
0.7820968464839052
0.5913110674047135
0.7646641023443896
0.6287650174359188
0.583330746373867
0.7546032044236592
0.6609412083716053
0.5378168006037114
0.6841189515541456
0.6912506744914854
0.6289176763295748
0.6163852300156317
0.7635728103758227
0.6074499530384007
0.5362694305935973
0.4575290907897487
0.5904648104329285
0.7168561217459627
0.6411765212166597
0.7280702304063018
0.7847604075175214
0.6743303381375298
0.7907857158340924
0.5343570411602298
0.505344302799515
0.7514531392567292
0.6799747357892043
0.6445883300157116
0.6472285139905111
0.7121573995183057
0.6356611843278342
0.6002294092042536
0.8418194662527259
0.6668053775261843
0.6670566547101109
0.6747734909969845
0.6457594899172915
0.6631403213776601
0.5629756912968256
0.6475988853132354
0.5325422297324536
0.6719111193341124
0.6085232242790413
0.7065705733516134
0.4976867251416186
0.7032800354511697
0.6236572438303404
0.6992941050727368
0.4633547792095385
0.6626206459594403
0.7343833116250698
0.5368294019610054
0.6183464512370881
0.6141746726477908
0.7341374196097546
0.697766468079001
0.5944459755931614
0.7189680088630725
0.719192111843961
0.6571369645637096
0.70034531109939
0.6628129537393802
0.607342390215835
0.5988440762980177
0.5499131351322784
0.6321190943070963
0.6028539005611141
0.6744771869566369
0.4917248578510026
0.5315009463467574
0.5685393530797168
0.5369494609609635
0.6960749656047924
0.6479142016557979
0.5572736946205685
0.5447968277871131
0.6875106151116079
0.5976019016711269
0.5633221821570218
0.7200801426593731
0.6342814626479217
0.7351119181460155
0.639675817043133
0.6019182087401206
0.6415665551891091
0.6583033686357941
0.6479811817372914
0.7060622208615592
0.6843319582769529
0.6242678199307204
0.5607338210618226
0.6132952542256587
0.6689433699956703
0.6445390421108051
0.6378663893890614
0.7829062601241661
0.6117781794742374
0.6483625102866059
0.811791729883933
0.5926260048255986
0.6642445323474883
0.6262434404388357
0.6534246843040815
0.7182229139906472
0.638100369134217
0.6408910053956063
0.6137922913816489
0.6001286634327446
0.8393560702675809
0.7045627851861607
0.5859133366307544
0.7604109661897306
0.5777405775916412
0.6358900533943684
0.623634243313084
0.5674363950663371
0.5976779063189086
0.6942610904865109
0.6514347592013812
0.44716803830540297
0.7512304531870039
0.690593086018231
0.7333007425006735
0.6544791010242763
0.7190522096425969
0.6279240677101318
0.5859235684429078
0.6636603956962022
0.6485587194672281
0.7401620077158207
0.5794881241970827
0.5406778858120473
0.7178476418830098
0.48656060921975
0.7125301898607492
0.8541474444764783
0.5644903850721061
0.7038120975454872
0.6025734572507511
0.7315701725761954
0.5444044441299166
0.6450931147775362
0.7271375329370926
0.6176527907746927
0.7150385780477387
0.7062265673435173
0.5360811499642284
0.683017881871378
0.776827604681187
0.5448480699162137
0.590672230669022
0.6221595594782605
0.7127520037324012
0.7448143880132011
0.540671709101237
0.7216796315818681
0.6696328252393963
0.8051362886496484
0.7041915077838776
0.8046127796391971
0.6028885951399905
0.5589144854709027
0.7050501912578153
0.6109179083494217
0.5655407455044713
0.6302027370079567
0.7058199278448073
0.4565454151799236
0.6573939367184759
0.6761880493985741
0.681766053423762
0.6667917770276517
0.6651943617560165
0.7637325583725981
0.678734273816145
0.5482645476774703
0.6718378594733945
0.6875464119554217
0.6467724273768161
0.6447978410655406
0.8224116469434066
0.6342555490882456
0.5633280420764581
0.6728220317450705
0.6312028902981065
0.5177518597282065
0.5534699805129683
0.6800440740249156
0.720665980047084
0.7317362216311186
0.675812771512548
0.7337561335743596
0.5824714970327093
0.6736710938234794
0.6741359208841525
0.7177379571275545
0.7003264424107343
0.5786250319718778
0.5934644931763419
0.7221434161972222
0.6485756418368301
0.7176389618974297
0.6344998638011978
0.6253343473720198
0.6478035707187125
0.8228882663505108
0.6079857458495003
0.5823816998656766
0.6983143921925143
0.5078643335160592
0.5822847203677513
0.6292059483075909
0.6705621405433382
0.6698508545545174
0.7042355209741542
0.713814336436086
0.7363666402397799
0.5347220741619911
0.7733837724384951
0.6273889133958611
0.6016062210198001
0.4925648373098894
0.5938421485962013
0.6037307866688323
0.5989841546360077
0.7927298010357569
0.6457898772116133
0.5438582441488714
0.7097602825721786
0.8261923523214721
0.6607031980226867
0.7224969240352593
0.5238261107759914
0.7796922343213799
0.6762087305211049
0.6267411262927175
0.6692081653138335
0.712871920951318
0.5131078492319
0.6270209010635536
0.6844632515339002
0.6668915328089923
0.6536338877228723
0.6359597613698423
0.724928341839713
0.5705033099993958
0.6856780488147951
0.6439364310603984
0.684321457478038
0.6907245787029156
0.6478003438078664
0.8064500523645022
0.5818211317528053
0.6209475334024736
0.7388621309100708
0.6669526200239976
0.6940438509196397
0.5574169297317094
0.6853408688789365
0.6468663783183909
0.6041148908080147
0.6627060520173869
0.6483993084458888
0.6556781410046929
0.616291128449434
0.5665589134045311
0.8328805936463753
0.5197230729531647
0.7011768195693617
0.6417458546715624
0.761442767493341
0.43892684862015374
0.676891115816102
0.7656426879954095
0.6861453689383307
0.6742463934009156
0.7175773892300914
0.7001426841111184
0.6671807329129917
0.7488277401279432
0.6851510831377624
0.5643420249297832
0.669325084684078
0.655081544722258
0.7125915443904567
0.630444650475801
0.7675612389653137
0.7692294950341391
0.7165278212247007
0.6088499700354462
0.6745871078700443
0.5375021051661458
0.6776925906234925
0.6486466895927775
0.5608802276293043
0.68509677910619
0.6512867427440151
0.567764260945425
0.6925078865489135
0.8756972641085639
0.686321338261342
0.8173394913797128
0.581372035152353
0.7788386446289173
0.7462421722363518
0.8181016632380043
0.6186664611206246
0.5591029425434318
0.5205213208550602
0.5206895962087067
0.49407299255471226
0.5464672570039488
0.5742801737889899
0.6988589794355891
0.6605819822076646
0.5374251738491351
0.7462656473331347
0.7482173199214033
0.6405146693668052
0.5634255326080522
0.5558099494438086
0.6158408598528844
0.6484585946463671
0.5517981246025251
0.8074163110676471
0.6458928520333076
0.6334064488038204
0.5532476236252423
0.6057283053735206
0.6420654620196914
0.847026190901215
0.53922733105388
0.6830855798267821
0.5274302931738837
0.7155073049902176
0.6482498029150509
0.6776577459354992
0.6694357664656759
0.6736109881508638
0.5399848826388353
0.5114052672510699
0.6337562991615673
0.616999760400192
0.6670424510050296
0.6625902199547987
0.6368719084001193
0.6167488825518624
0.7267820652598312
0.6629100026828308
0.6434463000055256
0.5795177345662375
0.7160301034091887
0.725259065362333
0.6261602212530554
0.6915344107395778
0.7122230733272793
0.7384051942125849
0.7074551439288332
0.601041678952134
0.6006242304909205
0.8195010259717893
0.5775775153224616
0.513641445871261
0.6484164453402159
0.6099132911050824
0.635837472568582
0.5941122525651543
0.7146645620662013
0.643885590887716
0.7039529074180955
0.6695225101477885
0.616968631668853
0.6971482711700121
0.5979788629217598
0.5168230561540162
0.488633631169337
0.5746682793365704
0.8149226757295698
0.6742905678106872
0.737745369735385
0.6027512832909424
0.5750449548757537
0.6824517826859106
0.7331724305936813
0.6458252117813795
0.7598857205878863
0.5307565086000327
0.5028069123802325
0.6627967116455911
0.762649907658301
0.7177012516115862
0.6200083140765633
0.5387844544557084
0.5663634094336572
0.6628040883335178
0.6553554539467504
0.5732815698364944
0.7296482829202569
0.6198421543066321
0.68690763324879
0.6481795277822221
0.6651472339041135
0.6015549109287207
0.7036691769402746
0.6391389042741679
0.6478068723191791
0.5131707357315312
0.6771441734841105
0.7360731793891526
0.5689198128227388
0.5048323530535828
0.7087104868346672
0.6216204483919638
0.6222536552999456
0.5765282437316026
0.7250314090812907
0.720917696318416
0.5047353341851148
0.6074919700058525
0.6335282937180962
0.5855943405724875
0.8426942624701601
0.6832197219368481
0.6044975565949806
0.6958892487873035
0.7766699208113819
0.5762842976097614
0.7126866967904446
0.7248558818876041
0.5929910293750411
0.7515559873627133
0.6313457296463179
0.6937552980348946
0.7678865113318819
0.6316183669723276
0.7059518475040468
0.7771587388239682
0.6722429597480486
0.6143682993830534
0.6720981108287682
0.7507743727424191
0.5947440107311905
0.8358468634046118
0.7053381501569006
0.4748667789591168
0.8522700283068271
0.6464989919118548
0.6579168317031179
0.5466892527325031
0.6995317055652416
0.6128578777093925
0.616724432860682
0.6642583925128086
0.6490131800629754
0.6040845061908481
0.6452613363992115
0.5489884491962034
0.6715872430541162
0.7447960370420775
0.5801620838308753
0.5982508634920037
0.6196087914294682
0.5956808839483165
0.7296874847321
0.672278080155665
0.6556579376692342
0.8331567268814195
0.47140880953061115
0.5321817392662084
0.7497067311311623
0.4954703673971018
0.6497414078611993
0.6018259026423767
0.6859143705748769
0.716673416270647
0.636037821593189
0.5683322577412665
0.6868197455820867
0.6016777189559248
0.6266944766459123
0.5737129204680788
0.6322082034756997
0.681427006232509
0.5452609577378096
0.7092815199341923
0.6374103224871869
0.5891436762354049
0.6903739597936617
0.5558950907899941
0.7181483024453126
0.6331622000291747
0.6084259288129459
0.5222915686005424
0.7220135884707607
0.6952623611124749
0.6479098891811211
0.6032213887908358
0.6740683147770162
0.6703580243672429
0.5911005018671152
0.6293360310632427
0.7560584344829857
0.8416477655376531
0.6407857973549879
0.6515885452917312
0.5408466448508606
0.6755046563772438
0.6487793625475574
0.6807527019798123
0.5549018084170484
0.7631570723959776
0.6798496582139467
0.6969793186169562
0.6922616238824547
0.6371371577165423
0.5992049254971854
0.7467857391938646
0.5915965250450862
0.7717361285508881
0.5466454167458249
0.5658960081605398
0.5932471255522475
0.6569555134184893
0.7970557264711801
0.7467713752817162
0.493071965356308
0.6208541235732414
0.6480584902235784
0.504979803679706
0.6608696433219027
0.6927261953029749
0.5979505522987104
0.6712070770812741
0.6149037157553136
0.49255022122069103
0.6956981621137195
0.7355438512481342
0.6912731949028503
0.6156445911268503
0.6134229625842227
0.5852870993619526
0.5369810543962292
0.6169122167938068
0.7238973555311179
0.7116189950006182
0.7634309700921759
0.6348889100764211
0.645887223429456
0.8246657960407877
0.7021081733479035
0.6198495581195824
0.700277750122308
0.5797953022483002
0.6512898911341742
0.8068456472541421
0.43733096768039054
0.5908615445498532
0.7556242576671177
0.6234205688377559
0.6063563486021015
0.6284233273951035
0.6077929059622642
0.5678680007615231
0.6277444837436317
0.6041644797597027
0.7461508490717933
0.7577002009654028
0.569661362375762
0.6829985280558355
0.7046754036444495
0.6259872088748653
0.6275821834397476
0.5727318397241612
0.5633813854012149
0.5316366158959963
0.5579734243323092
0.6027412882965444
0.6544703341051491
0.8275497849867858
0.6669227693465916
0.6596259876141187
0.6036759420892166
0.704752603335174
0.7317692997000016
0.5655921373980173
0.5751476466711916
0.609201183657616
0.7137375636447735
0.6122923352118231
0.5679649792832585
0.694315781419905
0.631635978369858
0.7502412876756976
0.6597315364775133
0.6848942846567626
0.6247139566739043
0.6334629712220708
0.6587907868051144
0.7595261495342444
0.621585894992527
0.6463095693869426
0.6254923694128711
0.4839535570582627
0.6726782587155932
0.7187410666524893
0.551641123373329
0.5719095249999117
0.6260870506235695
0.4760840017359601
0.5534338347841765
0.7058418563447406
0.6730494173872189
0.6134028124833283
0.5356121688844282
0.5421271687124626
0.7118206819757805
0.6571015192570991
0.5258152660903711
0.8054784121999674
0.6714053487173627
0.5797541979270324
0.4971612777920531
0.620149473496338
0.700259289306559
0.5565790425057832
0.6650356861885593
0.553564919417943
0.6018936259846344
0.6876794904195566
0.6685516993654044
0.5923265602100675
0.6618181298115207
0.6499246332428681
0.8161173638469709
0.5846423740217696
0.4842298479826243
0.6028029785792907
0.6355513974192459
0.5411251512399302
0.5613810339090005
0.575714492364112
0.7178963736520744
0.6168513742312973
0.6251738778053229
0.6684203125481325
0.6589877188410657
0.6602762161821171
0.6956294433074206
0.6623357339854055
0.5935841140782493
0.6672430843465367
0.6857094865437526
0.7768713584961919
0.6284173382881902
0.7089752153706324
0.6286746932124164
0.8312396494394363
0.7125544271993595
0.5100248516322738
0.6358231120756214
0.7016857864759766
0.6165021040226476
0.7195413307211891
0.6536793139833977
0.5717135372816049
0.7396646993094913
0.6381307925174803
0.6195831200954731
0.7670751270745325
0.6130663661031486
0.5911631611163056
0.6941612267525203
0.6676459517132483
0.7415439030832308
0.5615757223010117
0.5940245006331181
0.4543095912011901
0.6009507573093287
0.5704756729815706
0.5509007995053445
0.6177362815884798
0.6271074481730391
0.6983806354110926
0.7105326233150082
0.6569939563390181
0.6817901694359585
0.7105343084889221
0.6874104452872075
0.6306158567660678
0.8310597727130687
0.5929271845099326
0.5385588156635208
0.5100911360222763
0.6206068283917426
0.7224720805118466
0.6231399250706982
0.667919701232446
0.6521832897094905
0.6606170485708456
0.6942657421503802
0.5097244392958141
0.6065024816328113
0.8511775051832045
0.643768346094122
0.6783101924991859
0.6398332908650002
0.5996323334132119
0.6594362787146565
0.706939563800408
0.4948357067643374
0.4930868858492309
0.684682684769059
0.6682264532901382
0.6278422291030185
0.6778678480790473
0.7765016140809295
0.5341828567604062
0.663819137167426
0.6643882931458516
0.7325893974283253
0.6667193407752703
0.6973284663960813
0.6764425129123233
0.7372516813320124
0.6713479224565949
0.526218332765812
0.6017930495604218
0.7062810943115586
0.6547712365547714
0.6255842230517138
0.5152949388544331
0.820419190545727
0.6665775869793933
0.6797491718964939
0.683222804999619
0.6600466536789695
0.6375555190096645
0.5834338470297071
0.7167424548306619
0.5440134338185286
0.7255535343501709
0.6531066182764715
0.6602234657790256
0.7544213585934274
0.608648611410225
0.7081164628788738
0.5100778435564433
0.6301947765543352
0.5718779700958687
0.5843602741981435
0.746596453630416
0.7010048002733643
0.696707141062391
0.5606072490198909
0.7522219529217483
0.5457876111254097
0.6067283731777997
0.48679484909898785
0.5665900450521014
0.6139085926328122
0.5700649781243323
0.5504172410086707
0.5390847101548593
0.6064231169974462
0.6619662202956906
0.6580277834432876
0.5878442016344576
0.6192366018433776
0.5272409135411347
0.6540065142460602
0.70765192718405
0.7747112944945652
0.6903459625979576
0.7666309008973653
0.6122992709509496
0.5860101257404051
0.6025382711741755
0.5490230957604608
0.5979825045116316
0.6692273534822439
0.7920844154205418
0.5656770424374604
0.6607581138176882
0.5859371663975133
0.5082882592291376
0.5645489283391523
0.6176529930216326
0.6494220575910358
0.6436514501420535
0.5196851623449257
0.6927952363711112
0.5467417291786276
0.6336615974521547
0.606762670902435
0.595872394192989
0.6787728684884945
0.5601002297601071
0.7108314061321458
0.5826033895978179
0.7696015380488428
0.7495369143242981
0.8573896081273262
0.6966699233095306
0.6713709731849117
0.6015532074433612
0.6071423063429031
0.6667166387456268
0.6399890217261315
0.7548927040519487
0.6340562907262453
0.6331518476424701
0.643439509726178
0.6310213239381698
0.4659321731672724
0.6807486462029114
0.5596936523924216
0.651228111871555
0.5344917414887702
0.5387457502322383
0.662828781716888
0.6609565444453813
0.5534938296164369
0.6696718972210967
0.7150109539474723
0.6394037785913929
0.6016358070969048
0.699746169068967
0.6360218608771494
0.6021551273894868
0.8301962759653365
0.6591046710974331
0.5681716184308229
0.4774347809514937
0.6324851631748846
0.6650105431544161
0.7275441108806702
0.7432870089285729
0.5875916193704606
0.6293933650292127
0.7084881145517189
0.5597766719826162
0.6496617542215359
0.6566564106141416
0.5725223173607547
0.7328104586666074
0.6996032114205604
0.7895842081816001
0.6430130363263209
0.6105570431026732
0.6071254607627825
0.6093837484733122
0.7152800604127644
0.6225924829962977
0.808248408418949
0.4988450404180923
0.5208857552441339
0.660703165465781
0.6461180672830277
0.5976614864368888
0.5845610101878468
0.6721214139366692
0.5860043475584285
0.6490596798790055
0.6515563420216415
0.7378515577860354
0.7273700039325602
0.5341037794016765
0.6104303059155316
0.7211583112116973
0.7100543495764694
0.648208030672216
0.5275531903235533
0.6424486911125256
0.5412952423607665
0.6114924719198721
0.5969067217126451
0.7614498330714728
0.6429072326506314
0.6420213643901506
0.7300440075932251
0.6464431254988882
0.614164500064678
0.634540869116176
0.5676435471909387
0.6320803304304368
0.6197377347758235
0.8555831371980361
0.7966816111504047
0.7355884856247044
0.5959779493698352
0.7115319326798881
0.6974812339238684
0.4866088103632581
0.7103534658543449
0.5431284716594993
0.6002787067167435
0.6111777572820399
0.7782167607114246
0.6174083169506017
0.5580583670900678
0.6574649944624734
0.5091179522037294
0.7167344995245603
0.6260551424803558
0.6170522693235247
0.7155894417450258
0.6321768762944032
0.5730343960686205
0.6061379258097743
0.6817278475761229
0.6733715539917561
0.8742855077095462
0.6295824595728928
0.615466770424985
0.6951942629411052
0.6269941853655715
0.5312587377003879
0.6874250179741654
0.6260529989824082
0.5727430684728639
0.6444876664751534
0.5804316685835054
0.7530100520799193
0.7589699294042533
0.5833615420570069
0.6789994113483847
0.6977441548918025
0.6290477064882617
0.6551557359919729
0.6866346249939358
0.6860353987552532
0.535722281761429
0.7172529702443646
0.7311150188709946
0.6708252805798756
0.6267570781976556
0.6045294790566448
0.621283904442635
0.7719340112771953
0.6169725865666436
0.6491832100446869
0.6179890110689223
0.528805226042937
0.6954345677432439
0.5837702295116157
0.5436707448894148
0.645105736506478
0.5878935399541452
0.6449880231358708
0.8056250547415779
0.6423110077546046
0.6286192075066831
0.732930320480542
0.45777244930996297
0.6466250663569375
0.6993502633116802
0.725075976538447
0.6733253832753539
0.5806116471478873
0.7233609653517387
0.6443101399630257
0.5747090983196427
0.6225992132147646
0.6046817632097478
0.6665373334613032
0.6967829856787906
0.6071226391173369
0.7777990577817124
0.567408422619726
0.7778245239093268
0.5578854377882965
0.6166731376357849
0.7719979861611811
0.5920483752252726
0.7389425539647427
0.5481339360938505
0.5317060135862912
0.5684772130268947
0.5837517431168444
0.7064145024036173
0.6254187716162716
0.6242014479082556
0.6778128073326712
0.5598135876393473
0.7103938071677595
0.683315042123499
0.6342965395117922
0.6681074352099245
0.6328916918067433
0.5685382339383379
0.6700074632514814
0.6377611593258478
0.7019211863654767
0.7603828146388131
0.6987997481952894
0.5041298570612914
0.6367671880126181
0.5649069202969154
0.5845527392954646
0.7479699625718239
0.5821763288079127
0.5381212716103082
0.7038086931188332
0.544247074033384
0.7181277055787955
0.6488791045226658
0.5437427101982154
0.7902353608587436
0.5098941272855012
0.4258979018156718
0.5579432279916547
0.656502141807215
0.5934433879787903
0.7188157671616895
0.6218998958432587
0.6783184653694831
0.6811999665241864
0.5797685570964215
0.6299897034815368
0.6224292842130975
0.5842478644475485
0.6306950929978132
0.5619912434781491
0.4975522906048533
0.6763682245337637
0.6245625235230496
0.5918188856253429
0.6561840267917893
0.5072761245169292
0.6898339832566485
0.7385975494951463
0.7171038418518971
0.5707849590931983
0.6328655136564674
0.5847974255761036
0.6406153507154979
0.7852610032870359
0.7057031231622216
0.6563172263520604
0.48626460838074637
0.7252296480779092
0.7147920983153209
0.7876003866930871
0.6754619408491982
0.6667814862958312
0.4848992696650101
0.5334600941244546
0.7632435534025476
0.6665054104837287
0.5771653942148848
0.505656334381319
0.5781524418853673
0.5399667343913964
0.5887401149282311
0.7081850128731715
0.5964842131759645
0.5937167187384021
0.5649715838026861
0.6628745155582401
0.6450433196579549
0.4333929587829296
0.5909411084814506
0.6095391917919067
0.6804929323535399
0.7319331398519628
0.6856526004170311
0.737591624464554
0.6619257596255623
0.6742956712482439
0.7105654955876614
0.662931688295755
0.635245707081402
0.7838296505474532
0.6139540626319493
0.6703757371574471
0.512097720388789
0.6909554285343038
0.8298640471138011
0.7619081951655113
0.7379483313291224
0.8139462448184314
0.6701152045042118
0.6940870949837902
0.5908529880200513
0.6453206973627822
0.6958065894383696
0.4998226305796436
0.5861666061921219
0.6531244995850336
0.7453029017157665
0.6170027023173212
0.5848876706770444
0.7491895112050126
0.6935673362308545
0.6799751865712506
0.6577460441921247
0.6805185394183403
0.6629272464151776
0.7501302575885517
0.608891304027431
0.5900043110504181
0.6090975585402361
0.6418858283684719
0.6970347963155435
0.6581868758193073
0.6930538024005057
0.6222467738756058
0.7071963450018849
0.6444095503027403
0.6980400300571734
0.7009594977383566
0.7139020761472681
0.7017180207400432
0.47914579181884476
0.6413401777807737
0.736564468074679
0.8685110484367752
0.6956180712798364
0.636944268910977
0.6352911078135473
0.6645779906003988
0.8330644743947813
0.5938302490808866
0.6450916000872743
0.7051634111737225
0.5725355135173068
0.4919792476800481
0.5065357350861526
0.6985269363823491
0.507449426267372
0.7632553436222355
0.7363640133636529
0.7049077708093837
0.6984290443295047
0.6275071636558109
0.6714017093460702
0.797456698411609
0.6612226998148448
0.7237644630977265
0.5668309000836258
0.7274494558842046
0.6835874858054751
0.6301265577067661
0.6942692937375184
0.7034971277138742
0.6179321239499593
0.7462208431683739
0.6127478163057744
0.6000283415432321
0.6958822828586576
0.7051548775725227
0.6912316663304198
0.6613365851845372
0.5620107088977986
0.5806213412033364
0.688260602485276
0.6342742715805081
0.6282485308359909
0.6302506917433885
0.6369250664035389
0.6448543692525728
0.8444410063358426
0.5787457385533048
0.6052676921525163
0.6896098059346173
0.6895168151940092
0.6649131716408386
0.7916176281734604
0.6463359511533364
0.6945828461809884
0.5310084689595324
0.5530966305784283
0.6541181518315162
0.510004547869215
0.623863060452109
0.62493667390988
0.6796008570530618
0.6466895947169414
0.743875708762871
0.7162637949554265
0.626963498921637
0.6249476575099252
0.6210277148139873
0.7198487674938022
0.6579898001084421
0.6195590271339582
0.6112926860577416
0.6597104214344444
0.7020075642180567
0.5848405384374468
0.7546767237853733
0.4793180289589979
0.6676374827725212
0.6117944055991054
0.7282105772755654
0.4859268475901314
0.6136576101824194
0.6432846754753373
0.6222966738744038
0.6038499695878445
0.5926290994787529
0.6018436914589783
0.6129111057843151
0.6816561243830951
0.45887239225242504
0.50632130055497
0.5662792972058904
0.5848903623440133
0.6743463777259673
0.5367879398617053
0.747086579138334
0.7012458528134411
0.7071818870029289
0.6875825977442537
0.6180736790072519
0.6723444456134214
0.7519661962158121
0.6609752335061813
0.7909497685916795
0.5891734873689646
0.5738793938039243
0.5872480396733109
0.5040706686503094
0.664982449187486
0.6253052991706902
0.6747747161678359
0.8455619571290063
0.4293024293571459
0.524060122790055
0.6502224440981892
0.7127818733472668
0.6405338526128098
0.5081966348844612
0.6130362711779481
0.7441935731989309
0.7102700576866484
0.6998578966420606
0.8790399091867807
0.6155523404485671
0.6913140674402081
0.6271305229042804
0.5434200116855028
0.6226295359501844
0.7446795512470132
0.6124911166541696
0.6667531319664698
0.5939805349430719
0.6036300888505167
0.6688822524486397
0.8063312770430541
0.665493955385492
0.7410407665125208
0.564805607242285
0.840471400240058
0.7003916752811629
0.8649024459234581
0.7499089902680659
0.5927236771376543
0.5649228148611631
0.767434121900715
0.6716311617161677
0.6067226955044777
0.53518686085449
0.5990740011578548
0.5473870117419715
0.6473708237651754
0.7749306389476438
0.5817119976848388
0.5940589500920953
0.6303432245598571
0.597310686822525
0.8005158806173983
0.6806673331552596
0.6896514999407336
0.5593807567801566
0.4822888720209161
0.6678969143441887
0.5603012809468385
0.599839356943166
0.7107507385420255
0.6107172700913351
0.6160560111232849
0.773367399721214
0.6487533705778584
0.656756994400213
0.6750083026771767
0.6670571412430666
0.7622667209121217
0.6665427048411161
0.5021414730284457
0.4844144095177908
0.6169257243870001
0.6711651092199302
0.6529618226085163
0.7647846124850441
0.6670135245600294
0.6683671207196206
0.6649388718893994
0.6558472798263494
0.6584089301661229
0.5563163653854082
0.6109828477742862
0.6085469873801396
0.6572387578892361
0.6889955927809104
0.650681385009977
0.7418377068501553
0.6112210087763591
0.6606740388428209
0.5913667081810192
0.684879001765162
0.684644384757565
0.7986322560776461
0.6340340081748711
0.579832970384331
0.6855776784923051
0.6006983423757684
0.708009825683202
0.6520352625293748
0.5981346214524454
0.44451244184658445
0.603622953833517
0.7497648595849862
0.576023832666323
0.6285379992862761
0.6339812373169751
0.624107312155901
0.7421383008188225
0.6474982824627282
0.5648011039765491
0.597982339514534
0.7890217283481007
0.6021221591807455
0.5839343639784461
0.5960090309939341
0.6268975029549554
0.602502668054246
0.5877703892565789
0.5295983909698208
0.5683942125875284
0.7096208848568649
0.5502762985778432
0.7994355530382227
0.6549724648587375
0.706734536529266
0.5655715336046524
0.7337035173967361
0.6800329710881434
0.6509233989226394
0.6608512132739097
0.7030290550801104
0.5207418441124475
0.6707390623075796
0.6967951339454144
0.7609320876114577
0.4991678642915204
0.6841757471323097
0.6993389636518816
0.6427728764197734
0.585853564534605
0.5946043846692682
0.7092190202717044
0.6256633475622204
0.6595019582406896
0.6382015506458948
0.6140196625037126
0.6488959530246657
0.709316046422811
0.6236721595153524
0.6067743506298038
0.695288942021515
0.6181441139200081
0.6537366119899467
0.5705759001104151
0.7644868833972981
0.6908414483582432
0.6927773207633386
0.6234702944244033
0.685102762110629
0.660830072183625
0.5779017431590393
0.6598029342200066
0.5641816592143867
0.6364578748364629
0.662529025465853
0.610198983440771
0.5413354630933853
0.6508209921559313
0.54282552819759
0.6855858706042377
0.7162210527741291
0.8847990228783694
0.6837220837055755
0.7246304427429214
0.7456993075767326
0.5085446433568509
0.5951989491112151
0.7086428458456746
0.6398554177364714
0.5612851022033977
0.6877430331032002
0.5492550966883157
0.6416473596618271
0.6294026257545949
0.5654110313410969
0.544477777553005
0.6170187673010347
0.6318397435616157
0.708016452142368
0.7355405305615351
0.6579796992973267
0.6067297945968957
0.6635270499034905
0.5446745990201278
0.7318688930448012
0.5424417866449752
0.6453378274706141
0.7891048989414244
0.5692062511070356
0.5494668732342419
0.6374391961992223
0.7264773060698466
0.6680440226128727
0.5376329851820327
0.7343056279805322
0.7020265035396429
0.5276336009563063
0.6802311714175906
0.5435250325904915
0.6137069058607023
0.8092644039628812
0.6598784864942702
0.6394798519322031
0.5745500362160024
0.8364008719079795
0.55624089612445
0.4756951069102529
0.7126664287045625
0.7882838965683483
0.7007181735340325
0.5822566254061547
0.6789373430950326
0.6363859892233186
0.5400211511997048
0.7103261969173512
0.5921018342080506
0.49334928267205935
0.6792202729877121
0.7937128242642557
0.7816300619672635
0.6028237781031258
0.6116395245317076
0.63997332103976
0.608580667740998
0.580483840723307
0.8147361896026059
0.6550568891904215
0.6838659287030926
0.6542784023216698
0.6289637218236382
0.6804117064476194
0.555998315176144
0.7198331460174949
0.6514852455988265
0.5658932187513508
0.7537854218655446
0.7112359699418408
0.8046840542990229
0.7144707395267693
0.6447143159272358
0.7367215110640243
0.6065518459196165
0.656234242378971
0.7754848744992082
0.6189427967728743
0.5894001115733633
0.580312023209244
0.7082501605441687
0.6870282191118364
0.6729602369821002
0.5311485552793077
0.64555038214151
0.6371401042763604
0.7607952076438709
0.6542355343194702
0.6827821165677027
0.6000086813763792
0.7194528393154395
0.7856385047119893
0.6163449984220685
0.7855890758388013
0.6308738746412743
0.6553670000527799
0.777757892189178
0.5647037696085413
0.6811673896506121
0.7243587099703592
0.469809186083918
0.6125744243676429
0.5655871160926952
0.6192388335286977
0.7239627385779639
0.6727057840997684
0.7224500386034644
0.6264652992809592
0.7578140109515459
0.6908623007488915
0.6816230764036755
0.6438858473587854
0.6875279558948497
0.7163075435644426
0.6988016296417926
0.6509236505129707
0.7249804351047888
0.5973667350163469
0.5830724773112899
0.6526700796039611
0.6735080846701964
0.6390511904877815
0.5780547288065472
0.7040993333347109
0.6088375715574651
0.6430195050931151
0.7355014360496034
0.6686167515058612
0.5682849605907276
0.5395819732182392
0.5335515845656115
0.639892433698227
0.6686984535071945
0.6943009635033668
0.6212642885309407
0.6009110804635398
0.6859835803241989
0.5820940356658851
0.5251130089922786
0.6776456789425686
0.6946927459126999
0.6726698652378816
0.5285867184398512
0.6562926634538863
0.6652704945009904
0.4986694265562444
0.6567500389216803
0.5009981676091915
0.6383145841983555
0.8236738819617833
0.5805393588429248
0.6971061041205251
0.693566320048089
0.6541411943944635
0.7165929027548111
0.7147955267596454
0.6591239081113943
0.930384176098173
0.6729976640148798
0.6583772132543247
0.5948546060972009
0.7504048193500329
0.6047021713814617
0.7052022727330386
0.5335089256027636
0.5964690326766385
0.554764986999874
0.6976360140692985
0.7637906369620232
0.7182689943482233
0.7506720532420298
0.5433448478194685
0.7129502865288458
0.6438150481412752
0.6314296482559922
0.617076816504393
0.6487976741285777
0.6923273657177922
0.6991603028947866
0.6812404126799634
0.8197741095574389
0.6530483583278527
0.553566522172245
0.6538449633502283
0.629468921529114
0.7938422048279749
0.6772788092472904
0.7098455211590081
0.6175584099947906
0.6863089341499037
0.6204967673406867
0.5553484319817836
0.6887035424237391
0.7159396319679555
0.6212461730187486
0.5522750557322913
0.5859537988917075
0.8392730512947324
0.6404609805449776
0.7077214157649128
0.6643994036595813
0.7510854441938071
0.6855468321040774
0.6737414032540976
0.6733255699573641
0.7025648282348289
0.7265491197287589
0.5988895630605452
0.6110875919598828
0.6510084580790072
0.7110515328425588
0.6712175034926445
0.6058033405333894
0.6243421238613867
0.738406430371949
0.7370449930644934
0.764009914763207
0.5732541999794029
0.8072933606630963
0.5836386078476085
0.6643679754998153
0.7951826620031941
0.6599024216320678
0.6803338826508216
0.6035836650654183
0.7154276537049593
0.7551055349465473
0.693564055263299
0.715715001635008
0.7374295121911115
0.5976083046154399
0.6712884790079915
0.6741353216814768
0.7417173087866327
0.6999373398694037
0.682937789010234
0.6483447728892451
0.6148965325132111
0.7805001846282472
0.7048427636321895
0.6455343845374564
0.6636569365589513
0.622405570869472
0.5735081910216322
0.680743004952964
0.5952314662560199
0.7087295546432445
0.7252613804500583
0.7178936450361018
0.7205221943663894
0.8127379329764919
0.730465592916245
0.5534007765795772
0.6505515893684559
0.6599551432598789
0.5132510406111399
0.6954918072393632
0.6639692024424695
0.6835712120150353
0.7827516413470056
0.7217145399970034
0.6011506151954924
0.6298970699545333
0.6136311319082525
0.781926733035963
0.6491630886635611
0.5853702529434143
0.5481829861441131
0.7737800810056884
0.6710347535213141
0.5825126928753199
0.48050690350375125
0.6858412946785856
0.5744689293304477
0.6557786783748448
0.6250050412958897
0.6064529985989806
0.7140654607037281
0.5444158122723931
0.7419127543437041
0.5654157502081822
0.7116099878039572
0.6265090826751133
0.6455444045259298
0.5721645404707363
0.6328037625715639
0.6560526235230958
0.7225087797100004
0.6658937726964284
0.5352959065765466
0.7677502608633286
0.50727771730944
0.6503104579237
0.6351504600841211
0.6992904965626157
0.6150368556146877
0.6771687816291424
0.7274896673825754
0.4587385029179205
0.7596101370902149
0.6365860944888827
0.6290767488199439
0.6149583523696285
0.5216491341394611
0.6061574218137724
0.5570441437028951
0.7255663109231636
0.700680939997254
0.7629658393670677
0.720634160887273
0.6120710006193931
0.536884007430976
0.7115927018198512
0.732494891189661
0.6720311255601198
0.6830745690107118
0.6931862058067374
0.633015154683447
0.7363601391130815
0.7343376910841025
0.4747397179675268
0.6592632836171946
0.6263852725917732
0.6638061173191852
0.6616783146236718
0.5324735106339248
0.5544217415220722
0.7289053883968266
0.6341712297309761
0.6431008578499543
0.6376066425903989
0.6480696645750287
0.8028585066206668
0.6279366011069187
0.6709117891523693
0.7022696350660654
0.5362462767159439
0.6629598945487103
0.5325342019067283
0.6599241697269206
0.5991140929790642
0.6536942447563506
0.5899001398061914
0.7041706846220345
0.6983905631917505
0.5878482165402661
0.4888315287800865
0.6959997175381637
0.7264517737245572
0.636377780389188
0.6765076000082181
0.5775617456163906
0.6277784701570628
0.6806116371233311
0.655562872010218
0.587282638417087
0.8077791806019701
0.6281117425441138
0.6679714145488143
0.7302456238409811
0.6073041583695347
0.6912969249996418
0.6518757794190888
0.6697763145630553
0.5893527412553583
0.698048278758252
0.7318564691353471
0.5720848826170895
0.5452711665484667
0.5726083628125441
0.5581976771662626
0.6959240628608016
0.5331487829903843
0.8110641974102054
0.6358522568585753
0.6110596840017777
0.6623793479621948
0.7038106720336078
0.5697560940186096
0.5950133855436658
0.7379611589078812
0.6855118358376644
0.6292338847714273
0.6435877713762812
0.5444813213713438
0.6377077371216691
0.6187502648793051
0.7736141327963567
0.7923014846533033
0.5493443582830481
0.7813276200171649
0.6275327953646462
0.6528549652634051
0.684573840466629
0.7213875812677577
0.7935580021317746
0.6682092441237691
0.5349462213051827
0.5888699566103115
0.695824504663732
0.6967628864651825
0.7157688786578313
0.7020194534188329
0.5939399222718609
0.7888373943189115
0.6440421401078265
0.690390697427564
0.6513209247462439
0.7276599239255392
0.7547396922878444
0.5372571017948338
0.7141099434578602
0.7034618204979588
0.47622796404941525
0.5358384829274608
0.7053895990770178
0.7695426495698406
0.549580523413125
0.7706296718218705
0.6710744308415653
0.6907944176781525
0.7545708287475483
0.7573689404898072
0.7325667278897523
0.6647617917081533
0.5064564939436502
0.6149876295523713
0.5938929368807562
0.6264810173242881
0.742352183554214
0.6948144263308362
0.6377862369830263
0.7356501273288529
0.6834806029642763
0.6091994663862372
0.5406347875619911
0.7039116323178247
0.5100117400420904
0.6345659153399927
0.5985890659647944
0.6371451949772989
0.7457258138318821
0.6524561961423854
0.7224910167413056
0.45663879370348837
0.6811522397910809
0.6959209991782743
0.7588995015315214
0.6308646717952439
0.7312128270995863
0.6722735538106507
0.5260863911433502
0.6032667570292807
0.6660303317010099
0.5859042457408975
0.5874628949744294
0.6049807122529665
0.7464239833622777
0.5389526358017371
0.6840189057188941
0.7832834599277307
0.6773100950249898
0.6438294291886132
0.5942518201396721
0.7136239308172445
0.5052506175255957
0.7500555175096095
0.4292816565205302
0.7874806737871234
0.6944753864746676
0.5676880091412803
0.6814159784991386
0.5478870561411097
0.6394823741837811
0.7244523375941363
0.6802559441530993
0.6619696307744593
0.6266963307092285
0.6384420519387731
0.7895425276311094
0.8090132935871276
0.6828222930602142
0.5976651920600076
0.7977270880780909
0.7268759103055229
0.6143364407908022
0.5888811090652487
0.7323095602707513
0.6151061601589544
0.6670471460588488
0.6827516036849735
0.6073938207675106
0.5525582266070522
0.6402978135874382
0.683556346532173
0.6164126371968834
0.8156910742067208
0.6122001995255398
0.6968181825872923
0.687550760276814
0.7050814130706267
0.6799091177546313
0.6735028832637157
0.5302086449472581
0.7317219877464123
0.6298985320831608
0.6791389432475944
0.7087174911553673
0.7474596424381293
0.604994673822099
0.6145696392276307
0.6468434020007632
0.6571841717346805
0.6312592799404425
0.6201669281332378
0.7700730155141083
0.6051747012543726
0.6037614124304816
0.6130099610728229
0.7277608146140798
0.8250584547939049
0.5795049837464549
0.5322265905345935
0.7787169650116833
0.7152956650400464
0.6581505181150531
0.6204996062747888
0.6463622581380057
0.4538017731336269
0.6341838148101397
0.6951911636490509
0.7402506583854763
0.6320317875538457
0.6821672687249655
0.755943956422139
0.6078053514642672
0.5869827481476697
0.5522094283803755
0.7137803744953958
0.6202259859413706
0.6732858151280638
0.818579442526922
0.6593733764795713
0.6832005281165827
0.766912351367132
0.669647144752752
0.4880529608723562
0.6716084518743046
0.6777819551369244
0.6107215362284868
0.6750078239423779
0.8741832973375263
0.6556858998155173
0.44286536525365167
0.7285806293218202
0.5847611248954434
0.5771416102266627
0.7100503950057464
0.5806073536667188
0.7193773634582313
0.7736875152297081
0.781352924000179
0.4797471773153215
0.6938675528648803
0.6746283061174496
0.5474316621448536
0.7516516151882187
0.567965568711428
0.6448652231979177
0.6590990344874897
0.545374863265632
0.5855657139523448
0.7151359339057818
0.6763053075749633
0.5518170008040116
0.5966732635170107
0.7097749152710953
0.41898282154612065
0.49008456366086295
0.7560661966178237
0.5628290967130631
0.7438062820469673
0.5043067124993905
0.6325713464757979
0.7115712632894604
0.654068208071701
0.5442612549636359
0.5070205061814803
0.6048563830580812
0.7853247020150644
0.45830492531721023
0.6947025532998998
0.5280611523746908
0.6593718831259809
0.4652015940367062
0.584224913933332
0.667962302161177
0.5602095357793394
0.7751277447388756
0.6177802272749676
0.6670359753256686
0.6092372191759952
0.5573712549866512
0.6888320398211414
0.5957923866395919
0.5890181781755301
0.5032393893459981
0.7152924832753794
0.6852775991064384
0.7431735375828502
0.5716104347820868
0.6803567508062406
0.6813290783465615
0.558090100114569
0.6640743602657389
0.6793257004842885
0.7273207962393897
0.7698809881708304
0.7440161238093973
0.6850720785781828
0.6603851802880634
0.7975405685410288
0.6632099344366389
0.6211732511629753
0.6141717237197647
0.7705858556961251
0.7486664704454571
0.47356299548155045
0.775108676654614
0.6126106884348534
0.5250903666154307
0.6844610483358466
0.5677104754627276
0.6614170532160936
0.7034298162572498
0.6726798010525379
0.7550603989079772
0.6950463540790918
0.7243787277462541
0.6505316031104298
0.7150542284588887
0.6574292315603049
0.6895920545044014
0.6110008023075014
0.6569388849409195
0.6659393573112478
0.5698056686546097
0.6023698126037792
0.6682562135167066
0.6391191276773138
0.834811829226247
0.5935525490669599
0.5244796436441257
0.5628232344381693
0.793882965854701
0.6244569876695406
0.6210548183387894
0.6500419049472979
0.6199164081523513
0.5703011023486332
0.6049883816907896
0.6906878849090573
0.6441574940263957
0.7113598516359313
0.6455256633855038
0.6301776396751305
0.7299430133066009
0.5962750642795063
0.5637456855077686
0.6479069546389454
0.6101621768623093
0.5635762953138571
0.6868326099197772
0.7387659148955662
0.6968251728421102
0.7212840562883253
0.618250991668167
0.6882214573757939
0.7453196599850898
0.6757950693895127
0.6396215662564622
0.8469164320712015
0.6680140444998289
0.6502729572209005
0.5184369426909037
0.6508928992366475
0.5135962565879425
0.4968683332568141
0.5940044311992241
0.5732947962337231
0.7752452797910825
0.6842254322515283
0.660074980912693
0.6561096169199128
0.5643073049025171
0.5899171924814145
0.7225686191876337
0.7006597997071649
0.6954980196432994
0.7028352384135663
0.6326493084171023
0.7783296798512619
0.6916968165355072
0.622853415639993
0.5937614038583259
0.5788578002724627
0.6833402384837998
0.6366894388645283
0.45351425475928164
0.6711763352898972
0.6792767112829238
0.7098980002430603
0.667098868382162
0.7036788082327496
0.5814399484582261
0.5987898459975332
0.7535938145687505
0.5613317192696687
0.62177284712725
0.6749090633972881
0.7209665275046107
0.6923272008942358
0.7259458933279027
0.6499234470421268
0.7383188177510827
0.569485739133907
0.6505664498755703
0.6343965346420085
0.7054264092095996
0.5435157781827
0.6316431030831006
0.5508367914835552
0.6211750334220336
0.747898456760856
0.6085751877985734
0.6717671489013697
0.6085718140707576
0.7408664549413496
0.6431539067959604
0.5174198481498634
0.5764476884069083
0.527311177844591
0.5359264123684561
0.687574093112179
0.7317537235867323
0.5832975236944937
0.5426843122345467
0.5879719892017015
0.6207502654330701
0.681716486370716
0.7969857784785332
0.686367691892663
0.7099686982444622
0.7121116051878271
0.7527565473390537
0.6308451045428564
0.768907683610502
0.6626980046997
0.5939488436173721
0.6534493539980577
0.6056169651499744
0.6124036976946836
0.8009789453226634
0.6097691523892205
0.7125260797729873
0.6243058390935957
0.8163837658386301
0.6608698803973814
0.6484550588276994
0.6342777415207475
0.5232068841897202
0.6609265672567396
0.7736193609546915
0.603513283278642
0.7675080711397648
0.6754790766435699
0.803602716807808
0.6692175214329436
0.7345111867921075
0.7505464639288038
0.5943736682051727
0.5928270649116898
0.6062259533056839
0.610673444912211
0.6870602661345767
0.7278764402894953
0.6012060234910279
0.6375605718163554
0.6652924617104107
0.6163195262682584
0.6570662177340673
0.672016227271313
0.5474297940925597
0.5902066341370323
0.6299224418334868
0.6117801869536725
0.6458329376452264
0.7348386676295736
0.5687743194139685
0.7023769717783284
0.7491003537344143
0.606274847413023
0.6979985853028194
0.5299900363521028
0.8509971149612744
0.7216917130382835
0.50134460068225
0.7810309649546227
0.574579508587866
0.6933206301348641
0.6675141413456439
0.7283016801318645
0.6727864906429363
0.6730478224652735
0.6189375879224371
0.6891145879781568
0.6149090832315688
0.6607846048385554
0.5753482582136776
0.6488444711185113
0.5925276246705787
0.7894864992315189
0.7348211848430208
0.5382093358932494
0.5716830650223392
0.5907306278344585
0.6675062926009614
0.6743642191137712
0.6810464306502573
0.6055606200774026
0.6790056701324916
0.6281118908762507
0.7141099692619084
0.5767584261405233
0.6643551095902822
0.6036554857631026
0.7844314217416268
0.6826080003414353
0.5106182781600748
0.6838809746239228
0.6216049202426247
0.5371180751005606
0.5843498474885863
0.6547048895154792
0.6674421847653076
0.658615611629688
0.6881151612944822
0.7839415283801906
0.5827612848444732
0.594370872590855
0.6630641821815906
0.7282491000374588
0.7247295438930709
0.5033801227103083
0.7429952300199072
0.7302783489025184
0.5086381244471507
0.534313281357182
0.7746626673341052
0.7247805521834249
0.6571863740526225
0.710688729748873
0.7723472029206244
0.6052699483362081
0.48906562843747126
0.7339461734451932
0.5358112566530503
0.6934165847329203
0.7508667636811066
0.5502243774093314
0.7854314726248236
0.7099736306840938
0.6874324451528119
0.6042124280912471
0.5985413686571225
0.7029137799122958
0.6998733363987998
0.6413440521543503
0.6466486888058239
0.634303607954468
0.6226419241417869
0.553890618839091
0.5839085586704413
0.6675958757910649
0.8068233693303779
0.816832733696014
0.5845404058635248
0.7290804188708685
0.6517999366357166
0.7166307884595746
0.7760704597284858
0.5011792716203683
0.572374588806398
0.6420438924755232
0.7699657169959269
0.5692588033135887
0.7146592382839323
0.6417823710507629
0.7057145958036765
0.6714299240593022
0.6919918490429532
0.5843410208128779
0.6267029549107737
0.6989999814431626
0.8119103833863522
0.638939835629304
0.6555395670846746
0.5997499520891023
0.6808666233533796
0.5362312419234048
0.5752980109415405
0.6806048598830582
0.7811043500950853
0.7039667082096074
0.5078978349050353
0.5026015479135015
0.7398480966517367
0.5941959912739719
0.6151935000448291
0.7013305847004979
0.641560680865621
0.6149178162382714
0.6012207193597926
0.5680771487463251
0.6620312387030324
0.7452157547106306
0.7243189112624774
0.6501798596923676
0.6127680451893789
0.5593624948260144
0.817696852291595
0.6755424632952848
0.5290745261584116
0.7268052454154164
0.6780194931904948
0.7562332060747182
0.6510014405193467
0.6277316442341785
0.4952658530613402
0.6621170833953619
0.6901080829368251
0.7404158759524954
0.6479345647489735
0.6271944608906721
0.6772368341682246
0.6659460196581081
0.824763945506445
0.6982637109513607
0.8056856253163055
0.6438258997947658
0.5768483586175565
0.5685761775850471
0.6744978061136613
0.638841428880993
0.750222014545485
0.5401714282559759
0.6072166234911296
0.7197846292506531
0.7000766444199904
0.634326080881991
0.6235350337978703
0.6428018171092781
0.6783174516005291
0.6017886472850464
0.8150939672502262
0.5432332986376964
0.7422655508869325
0.7075639643571664
0.5453214571084539
0.6236038262668766
0.663848725865094
0.6742740427740463
0.6800646593307024
0.5941072927611905
0.5546297658607349
0.5674296285532997
0.7493291299292739
0.7565222059476949
0.5329247649315293
0.6188748382281729
0.6960046423070793
0.6266493439479786
0.7613190677698708
0.5778241359953917
0.5996595908209582
0.6457179023588124
0.6674405379126361
0.6399071682421658
0.6948192399637257
0.6147326635102554
0.6535456860317026
0.7214780739787701
0.5661695720402932
0.5577557288660078
0.6845459112141905
0.6873781773279736
0.6993421821103186
0.5769596920934672
0.8945005849788148
0.6020296615106462
0.6026681471789147
0.7091429149258812
0.4887066937135357
0.820203782078185
0.750221451966012
0.39983728008149405
0.7254219468126194
0.6066479692850196
0.6847694248371274
0.5805544036770504
0.6474749557327943
0.6600537601573802
0.7012538387814504
0.5801956278991726
0.6429575517727562
0.5938355774048012
0.6745447888864259
0.6451191559951915
0.5872207060822762
0.5974327074093232
0.7205463873705513
0.736808416192229
0.5943720068524683
0.7299164371642762
0.6747143996756237
0.7889194180478917
0.7743731457859314
0.6136659640533234
0.6651217347337909
0.8658466531573239
0.678559120230611
0.585107071317807
0.7140841068235542
0.654448893666369
0.6652458578468952
0.678273751021146
0.6097588549486902
0.6591155756703676
0.6237106637107634
0.7713344990299595
0.6395040864359914
0.5974860861245587
0.5171592920994901
0.4771554868252693
0.7154466067060852
0.5706812943976046
0.7432470923020539
0.7172284360842013
0.5367810542695576
0.52892595949925
0.7085219047633283
0.6658914845169217
0.6137456264674179
0.7442459703339599
0.6931358732608819
0.5183373369684203
0.7182166167461322
0.7873299252977709
0.630111285355006
0.47453096039061027
0.6020060930462515
0.7165762550729233
0.5480260168588955
0.6070145710853081
0.5056054256423865
0.7008897747225336
0.6725430216176362
0.7195790822122896
0.6356705846756905
0.8483030714909902
0.7204573617817008
0.7756037388835992
0.6205202462587602
0.665670580534626
0.7285993450547943
0.5401594509077312
0.66373527093489
0.6333045788914006
0.5855428022959133
0.47992638925543024
0.5280439897062275
0.6313329246974575
0.6508778592093963
0.6642249002573852
0.5761254672138411
0.6337765105739154
0.6347800476621519
0.5169608841592074
0.6040658382724943
0.7001377022437895
0.7397467960792365
0.730811333603716
0.7530674428499543
0.5818449780102458
0.49531131280436236
0.46380748782507913
0.703689017040907
0.7155011756824436
0.6246518866304339
0.5905266236622744
0.5616853026500274
0.6321016945534865
0.6719739872946829
0.6259257388611984
0.5880481802326067
0.6025580774792034
0.7601031182024027
0.6311471834877511
0.5812657636840832
0.7485376729815828
0.780983613893939
0.5769921444691842
0.6114572585394601
0.6555344877505757
0.5695930307188108
0.5592679945419315
0.6141961425365422
0.5975550375750547
0.6182360848214595
0.5363723604043524
0.6377943516801916
0.5528684022469071
0.7402657494392008
0.6776348525325153
0.6513734551135185
0.6624027406655998
0.6352681781203116
0.4684023421872697
0.6491842323573073
0.7053351898313269
0.6199612615681391
0.6586730856075573
0.5560110984002155
0.6350879377223858
0.6474487531955858
0.511831672844326
0.5511845253987668
0.5507695744469837
0.7476223665274916
0.6020164261525922
0.6318932725608075
0.6991663837240706
0.696158744995571
0.6533682805037294
0.7628759107113569
0.5948372357321629
0.5910288172271502
0.7127060780339899
0.5469628074129564
0.7261022135935828
0.6894951219284792
0.5749573229440468
0.6063817749953663
0.6237549424737762
0.6325589608769272
0.5088258575875443
0.6439840908368759
0.5631931370920363
0.7526300371363472
0.7202844077117133
0.5452412470684991
0.5378138041042178
0.6927704073024884
0.5628246643912336
0.7409247251491905
0.6234103690256351
0.5695450549855902
0.6189730109551418
0.5925458971629485
0.5843857613722725
0.7382658793119469
0.7161424663003719
0.8472769913657185
0.707756933302134
0.6722310340859329
0.7116638371714599
0.6899665089877512
0.7420429955141185
0.6928228353915775
0.6349437262685717
0.6885936846062025
0.6689381016779545
0.6123282869986209
0.6340462611783773
0.5866066299868741
0.7115274963133028
0.6574720400131004
0.5278479229595326
0.693714118754406
0.610880397860628
0.607470745818954
0.6633000401674711
0.6232273841065754
0.6401946110091377
0.7722590790370075
0.6562212489976952
0.5718680348235525
0.5843203996697504
0.6447927749197807
0.6252782130026283
0.564373766974511
0.7207293498733857
0.7494529543132062
0.5127759597376439
0.6722660182935328
0.7276451528696256
0.6402410070098625
0.5322341848676099
0.7378113600746107
0.7271394885064102
0.7050727698210931
0.5631567071902588
0.6274191043074814
0.6736371966009257
0.7184799374549717
0.6960307370338507
0.6159092251494334
0.72564612557179
0.7083782965221708
0.5773701386713977
0.5442859759545122
0.5541010183400669
0.7145257966725385
0.8533426756222983
0.5477911908629848
0.7373715843892634
0.6307051236095926
0.6377322356780953
0.7321229884119397
0.5951379098989193
0.6620506785398689
0.7016259655223464
0.758542402762716
0.5252640606073694
0.6975345651777417
0.646197077975513
0.6493918860600937
0.5951974519773111
0.6191901070111345
0.8860534297095349
0.6902206728433936
0.6445576461413426
0.6557216982029935
0.5757401507661516
0.6732458475963119
0.8250305464317336
0.5121905134538217
0.6401936803666805
0.7292855721655709
0.7299484064917873
0.7341630477009982
0.6519246717242702
0.7072185859409176
0.7085199986516368
0.6685280487462787
0.5938205482708399
0.5365328809641514
0.7123611862506312
0.7165626626914285
0.5946125382600571
0.6629042176090927
0.6446172147458453
0.7241106197890544
0.49840441957985254
0.7470516153104474
0.6450558683255556
0.7190624806953654
0.48068203031480816
0.7003791643794222
0.6267417253694856
0.6791476806353365
0.7422195185210642
0.563064851665351
0.7419688662936605
0.5534213868008359
0.678019428109654
0.5238147387126211
0.6046670942323586
0.6463818575880195
0.552232069514182
0.7005083573351439
0.6605511807007955
0.5555734526268957
0.6664270530613028
0.5698594683828662
0.5998556801359867
0.60864321681447
0.6732923481461656
0.5796258773359887
0.5312944129434573
0.6192387590509617
0.6273160045984882
0.7042704834076543
0.7014260032759358
0.6427670518607329
0.7103978955554401
0.690798232516629
0.6717931559105326
0.6358841977505908
0.6361246329619661
0.808037151254602
0.7516797028751814
0.5846228717219035
0.721685079764038
0.6373425620165372
0.5248407627226765
0.5786769827066587
0.6728056423036771
0.667393162612087
0.6700853660513565
0.7726001916502083
0.6784840309974682
0.7254716762911627
0.6350566791196859
0.6302020578114456
0.6584115737442829
0.5830404324104601
0.5821382967783355
0.6541036812339238
0.6936994140700089
0.7952695865501764
0.728352246545627
0.6219553668501323
0.6459404245804662
0.650391340300574
0.6475667168085263
0.6130408170243593
0.6194260048720146
0.554153535986702
0.7681699337087705
0.7942014258237109
0.5684474289076233
0.48357800086095
0.5955483996208604
0.5644490257377524
0.7886961194694774
0.7427687058358612
0.7477406442253294
0.6656734317845991
0.7140970165815874
0.5541736003401238
0.6670723557573743
0.5287373102813819
0.5865524580727219
0.7190826412984095
0.49647781472787855
0.543534141469336
0.6011598481864292
0.518924008610381
0.5906643273235628
0.6847268400449713
0.6308228127934359
0.723946169217647
0.625221168059825
0.583122550612694
0.5990033183086021
0.6396433450693353
0.5341837944952454
0.6352708184107907
0.7998082369028188
0.7738600018336088
0.5901186124101065
0.8146524520569971
0.6420776242926912
0.6499511161557848
0.5219996386723402
0.6462054285578561
0.7060151209771384
0.548308546137821
0.7089207486419082
0.4736360890552227
0.8206169120858592
0.6644977878316377
0.6419978151944244
0.7128484894125812
0.6511961202769536
0.7492887052407758
0.6871962353180346
0.7867638041180278
0.38505310826395195
0.7168742524916571
0.6837368755371557
0.7806663093682394
0.7075026287350655
0.709644297766067
0.6837178039782577
0.7505493280378618
0.634041376937527
0.5266337725749798
0.7207961033722036
0.6261965163266263
0.6141821825083618
0.7327034146344964
0.785806578059695
0.719560639008677
0.6429009754609628
0.5778074184946559
0.6896382836124484
0.7625562313962153
0.6548585221188089
0.7123301340167383
0.7037724076293019
0.6770105907606185
0.6721976321304499
0.6212563269434636
0.778840669026521
0.7147426246023755
0.5580937851583185
0.6662864206278633
0.6403227081358216
0.7020360705358945
0.6151354683745217
0.6867452580517696
0.5632363742155867
0.5868596328541632
0.5964415771363937
0.6336982312549279
0.7171874181274787
0.5939763796599737
0.6194416791723132
0.5805878123280795
0.5585617260950808
0.6493649874949051
0.5707576713191216
0.6234535103151886
0.5684469493744715
0.7934022618812201
0.7292257057190094
0.7320179296616952
0.7292251296716775
0.5490389425273378
0.6382934198062427
0.7573493268655804
0.686830668228964
0.5026578114313058
0.5906676435081892
0.7229872403710753
0.48206951145482063
0.6685591894165179
0.619654374835876
0.8011421529657923
0.641577642568762
0.7174398007378866
0.587221186089483
0.7709841630545734
0.6359414841150505
0.6500400585828446
0.6413511579342495
0.6526124867248898
0.7008980915722195
0.440668736662847
0.5409925307894534
0.6587799299283167
0.6721180224253236
0.5782550089576228
0.5955045633766745
0.7317173638207403
0.6889685734287194
0.7012015005717659
0.6402746355152892
0.6199888910265435
0.7102861973783154
0.6739357005187611
0.5615298825803381
0.6836575852982049
0.5715899402548188
0.6682803161530495
0.6267231788954054
0.7749343400450144
0.7514631118991801
0.6892679439848576
0.7790727521923625
0.6305230627766488
0.7353576455035209
0.8076278796306313
0.6590572626444631
0.7210842707785514
0.5151614808170245
0.7582252148076589
0.7087049407690925
0.6936361248366759
0.7045276548451911
0.6621681122905627
0.6717173361320401
0.5849368029402139
0.7108490168585272
0.6524221833013969
0.6250324118882945
0.470893094959129
0.5356653192567115
0.6625466879299745
0.7615299022098501
0.5556307206727102
0.6021636715515661
0.6441477068059863
0.7406304726011397
0.7353827273707442
0.6432835541553763
0.6523928687091664
0.6776767739536066
0.6405701249311467
0.7381927398483792
0.5446164862416725
0.6265203277395257
0.4808970106276129
0.635664442638344
0.5646246320990808
0.6043568533686107
0.7430877086854232
0.7534583770869893
0.5697739578261786
0.614058761951115
0.6745278864597641
0.63808930281731
0.5949506001170652
0.628284177600546
0.6909012487686724
0.6966172460187239
0.6700174536604189
0.6411674671629226
0.4668975295818993
0.5332697415696928
0.7010593262298417
0.7484636805628344
0.6622924437940556
0.63912974928042
0.7463327488497881
0.5712048610585153
0.7145942870592364
0.6677451588351174
0.6682339104084514
0.6059393613769761
0.6679487033068015
0.5137161963341362
0.6240074924152303
0.5568594700378852
0.5501815318730104
0.8672703756940692
0.6953002263352702
0.4741574641432472
0.7036052508353603
0.631631430729384
0.6098804423145385
0.6118235830295857
0.8427277675848397
0.6156015444116932
0.5787976564128622
0.6971752251535258
0.4795027885152161
0.6569645390865517
0.6356499891899555
0.6068757015957584
0.5597115898005612
0.7212263693658731
0.7453417022844102
0.6474233278459531
0.5600643117875174
0.6863041663164677
0.49010022311860024
0.7195596745347022
0.5834459021522472
0.6993732789512995
0.6464162260917934
0.5463259981776094
0.5590239663515082
0.7008616859782807
0.6566043978703663
0.5737210610708661
0.7157460972114316
0.6000724911751327
0.595150954388857
0.6445721462296224
0.6423703649424549
0.7567015452480321
0.7954718142929553
0.66754856733199
0.6267376781401883
0.554204842358069
0.695346243976183
0.6728130537740548
0.7190684340614389
0.5191036421016174
0.5800210442898035
0.6150705574731403
0.6285438583809422
0.6066368021442939
0.4920695187250588
0.6529187409617279
0.5904136566162468
0.5848445692698075
0.7657837126333547
0.7683426724562659
0.710177634487336
0.6863435768363041
0.6439877475466554
0.5434396567668096
0.789754251120278
0.5939666985316231
0.7064569908652347
0.5894479721676322
0.6186292395975196
0.6509650334961226
0.7148194018661624
0.6941170968218519
0.49425463975689454
0.6024852620667018
0.6854833997275951
0.6466930562175972
0.6852406961703905
0.6788554788333255
0.8079180337266829
0.6264120407641617
0.6102459185644178
0.7568138892614285
0.8187857447344031
0.6302454294574397
0.6103055137530329
0.6928086457745231
0.6726359603244271
0.6557056434420834
0.8237489425486951
0.6630308804141434
0.5973568484792021
0.6932223219885876
0.573124994615545
0.6075737219065763
0.6343002136797896
0.7218223145058735
0.5991285413866594
0.5577931809255706
0.5642636977196056
0.7298272910926803
0.6363258360523364
0.6820337091279688
0.703313916711235
0.7719606989274198
0.6878388661918216
0.6400163387859875
0.5209065148366879
0.7242015837844408
0.8225018062706687
0.6097818753867382
0.7406381735783955
0.5659775415321998
0.6882221484541065
0.7556442350049096
0.5758887712173412
0.5792261736212185
0.7805313057653286
0.4951765534083734
0.6904413731974187
0.67304890694732
0.6753712522256548
0.6365850021390083
0.6799580774760323
0.6969077874622817
0.605807011022605
0.6373090149805182
0.6147704060420078
0.6279360791033065
0.5850736664401928
0.729288411667156
0.5983905049173268
0.6582705343684119
0.7201319878904665
0.6969978821930167
0.570031526302684
0.7773952612466198
0.699502397950456
0.6215617945710852
0.6911497460747179
0.6137641211776323
0.7219566087068381
0.5913243848388858
0.6103590778112205
0.597623994100127
0.6730328966840886
0.4259779690753967
0.6146554220408128
0.7277760987610932
0.6816172758973864
0.5372522819164988
0.6802180441021188
0.6439383192388047
0.6030223944484177
0.7369295159000608
0.5593312123528728
0.6425436641757694
0.6336770353656329
0.7276158884170574
0.7334617800800465
0.5342132772186796
0.6188044802274586
0.6226228679364939
0.7115291749366344
0.6621277341476228
0.691192775738338
0.5475133114759945
0.5791684825146857
0.6716437697066024
0.49535540157892965
0.722760022126559
0.7044410071499075
0.5601085128692633
0.6568118787861225
0.6399121381238896
0.6048229184352273
0.788556360191626
0.660699296800539
0.5645487139758337
0.5511666345468363
0.5977610506884494
0.7273284155747042
0.6141726213385588
0.7518563839449283
0.5083562223131326
0.6206472481750318
0.6308766991481661
0.7536437375183884
0.6482247076256178
0.6074844510108545
0.6992185558676425
0.6335254415182918
0.6409276601146411
0.6490090259234619
0.5293384728767115
0.7226957684023838
0.5424326560784055
0.657005269159915
0.6504893581646305
0.7008478146644606
0.4406390597024644
0.6622953901693167
0.684243898222361
0.6529174567794588
0.4600361525843818
0.6977147548814693
0.7291405435204101
0.6117898073304342
0.7271094709478099
0.8221494234336938
0.7361314036328848
0.6556761969275675
0.743220135279595
0.6518862140175061
0.5025716571775454
0.6090824060891268
0.6966551041610255
0.5918027761041974
0.6827583371064138
0.7434113482699367
0.6778845327759628
0.5066258094844662
0.6504686286255575
0.7165218852031577
0.6755846456159589
0.6276069524294293
0.6913965522485201
0.5468978671069067
0.5858698102892068
0.6562075481957648
0.6881665202986179
0.6567909957332938
0.5171629489046896
0.7315988573955906
0.6165357345602512
0.6383235688585054
0.5380309738364364
0.6596185582222664
0.8084375225740843
0.7104834708218901
0.6379678656854959
0.6085991770135525
0.714939967495664
0.6001927067417747
0.5276852475262864
0.5899674913650788
0.669899381208681
0.6358304637559736
0.6375312250744162
0.5896258379423118
0.5455990077913547
0.6155535246668642
0.6197214067202068
0.5937168824636252
0.6499658451399478
0.6863532177051007
0.6346331217453521
0.6156595576048985
0.6926940207376104
0.6532229482588982
0.6652828153193218
0.6669523516779
0.6128586296020083
0.5668832681876824
0.5681880112587314
0.8704431285392802
0.6970638935888255
0.5491944919621842
0.6481129886122158
0.5308029323776965
0.757205734663823
0.6550122221075859
0.6685937040802571
0.5877878115569101
0.5732366714615754
0.6960688574295506
0.5868171205402355
0.6697298053009673
0.616882529105703
0.7683366765882507
0.6017590848255845
0.6707066385903506
0.7201400845561957
0.7298764970546965
0.6368834351545964
0.7299645526693764
0.6571005636279313
0.5958499312174198
0.5869866639295293
0.647937692903205
0.6495000448231225
0.6204438006478648
0.71126333382672
0.6290105615942932
0.6684419856732292
0.6652701130346241
0.6174768488874044
0.8077897084502422
0.6307049134991812
0.6563341100560821
0.5031548202810351
0.6895762753457202
0.6620561961178657
0.5921993046729377
0.7672844113383811
0.6119433782826331
0.8196034054682679
0.4828642614422264
0.576352992156708
0.6092831251154552
0.5786192772047068
0.8204646109712515
0.6302942808119774
0.6761561128813451
0.6938223839051633
0.5292555139867525
0.5438198700241453
0.579894874933324
0.5810524665012464
0.6880625441728978
0.645693860414256
0.6642644379681552
0.7468746927932997
0.5901032408093565
0.590241091139073
0.6113645202726872
0.6234976692447801
0.74207397832016
0.6883971531358709
0.7070556791918863
0.727688481423623
0.6138852369960629
0.7308947760659
0.5469287826983141
0.5046275912078316
0.711552612696788
0.6010803596511662
0.5846573963449259
0.5837013491365115
0.6432036765903958
0.5974818979967501
0.5525766794815294
0.7132949010692005
0.7892948162766732
0.6541080580862648
0.6077225984891154
0.6492347292004144
0.745955153533264
0.7205215300501332
0.5863230166178369
0.6645538128094881
0.6057545886687115
0.5259696599196745
0.7226718745892572
0.6374528932410285
0.5448741281641498
0.7651975399673235
0.7021336615680774
0.5983405883101522
0.6977413314988423
0.6091816984418844
0.6969358624733949
0.5545056510838589
0.597100185325913
0.7532432489988148
0.5310559118146218
0.6485558758447704
0.7012912593072709
0.60163671642708
0.5646335391399213
0.7135226116092287
0.5723790923253824
0.5777943909120837
0.5649052861258713
0.6601376631337026
0.7296742638789141
0.5835629890004302
0.5330213301407459
0.38291388617794586
0.5793792073533763
0.6798240693116651
0.795696956662846
0.6630294289596292
0.5967590260014997
0.5624651987935306
0.7351608185220382
0.6044335245075254
0.6387600139409136
0.642120585074397
0.6421644527419919
0.6936142097103376
0.6642786990350544
0.6010081168152381
0.6550749300543381
0.7547727485324036
0.6403772102788127
0.6716902436211973
0.6381812341521459
0.6372767797675883
0.5878892010732545
0.6780723763188153
0.6983893933363108
0.7206339880916228
0.5666113780101449
0.5843397089074479
0.6974462902679763
0.5118370905682431
0.5907715487162527
0.705746519720885
0.7413433231586484
0.6449422307343086
0.8601380598374946
0.5662041685134185
0.7271224926973612
0.5879126622909753
0.5517814981552017
0.775179043860559
0.6668942635138214
0.7040011388028439
0.6407074333722185
0.7587915240083121
0.4834161895485908
0.6211907463118937
0.5181196442541378
0.7976970873469428
0.70423910947128
0.68586315581339
0.6837125534501445
0.60943674051728
0.6981776394268844
0.613486720053998
0.6863808731776071
0.6917107804695601
0.8120017494721492
0.6602002447633053
0.7253664424820485
0.6146256547840017
0.5951912562782102
0.6587132513685157
0.7442409018859439
0.5058791982719378
0.6675786778161334
0.7144097532239748
0.7427603657512866
0.676528106048282
0.5997779841449493
0.7387860240852255
0.5752728814316239
0.5846484816463485
0.6024108736770923
0.5964204111587245
0.516884834654007
0.5856878522008024
0.6353283504853392
0.7662156950689978
0.6204005436346418
0.8107657209774736
0.8739693035654003
0.738701205946128
0.6331635986318602
0.695232438617578
0.5125572949857158
0.7088785789955443
0.440480466395787
0.7167051303179311
0.7054732953106548
0.5716476245570974
0.7502317047954495
0.6966017150559747
0.7283921249492848
0.7080621691030102
0.6456712874811219
0.6178408982621606
0.6975547994609993
0.6578947604011119
0.5408146563144757
0.5452690727024183
0.7083573245271422
0.7021528222980024
0.712544853821799
0.5268538245146892
0.5102175980243795
0.6452486024585617
0.5855981082528355
0.672638280174157
0.7266392440865717
0.6265832462311677
0.7757782445006822
0.6065422108822693
0.6598636421650547
0.5637837511121657
0.5735325379811889
0.6080379433258801
0.4946103440284063
0.6710247467301997
0.5919516915639809
0.8343424435494808
0.7460379878916308
0.5454210539720482
0.6350113732184032
0.5871270715577718
0.6367564167321057
0.7359919244730685
0.7005181224948722
0.5933422228185249
0.6346491866862543
0.6230288364733935
0.6956649557070442
0.5110447665231396
0.5852969428139441
0.6448257331867534
0.7085112482426059
0.5640582145910837
0.5500521564010878
0.5486747950737557
0.8113971592466983
0.6544713244914878
0.7562064691224342
0.7565029566503984
0.7894725781430396
0.5748751314627649
0.6352057741503099
0.6565202046093416
0.6452496892032136
0.6893874031152336
0.6215113306841595
0.6998511776755546
0.6517505049990926
0.6682031528515725
0.7976258972297868
0.7257953328882623
0.7590647679945419
0.7329082505514062
0.7062985365624125
0.6904744589042564
0.6174415631483765
0.675087470907193
0.67631112116182
0.582716506272883
0.6372067085408109
0.6375304983812288
0.6439227588789131
0.8029702622307145
0.6604940443146721
0.6344811820947283
0.5038933320274456
0.6256724073280612
0.6067872765998451
0.7244169449414285
0.569631381141788
0.5280359805091113
0.6160040944046823
0.7439287098654949
0.6892491420764018
0.6857330508839254
0.588099693739137
0.7173101009159869
0.6926541022606082
0.5937055602133596
0.710431087220774
0.5920322356537856
0.6956463233725847
0.5735735760899583
0.726523160260623
0.6477532511781826
0.61234657583501
0.7365843188769705
0.6159708125671409
0.6181198843522673
0.7075381104453649
0.59403011798485
0.5361848296441866
0.5922504379378081
0.5947485857598078
0.7988466058550237
0.7012034260336216
0.7009773649822938
0.7799356313680119
0.6606347655061484
0.6149260721718948
0.6503655982362931
0.589312807658539
0.7018134123995607
0.7011530883701078
0.577285592975817
0.6606441775373597
0.7392730236870136
0.6676698357622958
0.6582533072125731
0.6122220145899603
0.7016161091639288
0.7571667169486704
0.6826857971065621
0.6467477069553003
0.6430034383099283
0.7146354155709459
0.650777429972378
0.6884440777390622
0.7008705653195738
0.6363398631217443
0.5262416519375884
0.6959428722819317
0.7079666363878088
0.7132428760667098
0.6175866381310591
0.6490531295831726
0.6386057754499358
0.7331575144817553
0.761316065137874
0.6874232405395237
0.6143633303923988
0.5972417520767257
0.6484136259558777
0.6347197853987891
0.7086502397368046
0.6014869811453676
0.5330646897024136
0.6675472855121471
0.658717044832474
0.585875872568734
0.5814614261372018
0.63529252364953
0.7191955313923856
0.7487112195892198
0.7199648547841325
0.6153615425330096
0.5943749949356547
0.6206974180165366
0.7015455237187391
0.6320573451428134
0.6710796174602964
0.6319673286254813
0.620553897006351
0.519023613652497
0.5892480220682391
0.6660174496488632
0.7250716145896707
0.6497573898223357
0.7548666441405181
0.7797852872799225
0.7089125714362762
0.6437307982366609
0.7506767719745141
0.5508788462945264
0.7286440831634193
0.6891495535400378
0.6089673300686095
0.7605096751174325
0.7154274629216056
0.5776107873353057
0.7030361790773204
0.6689220825962904
0.6677506944084656
0.6760744465404348
0.7017678649830562
0.6719858976469939
0.7645492822921327
0.579440881347574
0.6504337557393365
0.48253308952933505
0.7794173535730099
0.6479043072765717
0.6464498628835378
0.8260543144927941
0.7583415786313117
0.5600899888166393
0.6410306441690291
0.6952927830939686
0.698655123056421
0.5305797149965434
0.791877835706757
0.5515889646122837
0.7128338178935655
0.7318189764968739
0.696707693712609
0.5936021491664105
0.6167297802394824
0.7501226173343989
0.6383569807875775
0.673325992082565
0.7991692764535824
0.6321315415117561
0.7408551281776806
0.7594668691188877
0.5242493478273618
0.7068905249217634
0.5181078970375979
0.6972616617896743
0.7892154952980175
0.5264576248809766
0.6818345608063682
0.671889508856196
0.8254731442358108
0.4974392299636993
0.6551828632965077
0.6299282562701586
0.6631509963539667
0.7268713338732252
0.6457111582033853
0.7635734048320115
0.6473141332612247
0.5894363322753443
0.7148429388122983
0.5746268848662734
0.6034473826150093
0.8096353679832701
0.6298113455822527
0.651867018058952
0.6988265701065268
0.6437016154165984
0.69649032556803
0.6840296770908078
0.6514332223148939
0.64022677009297
0.6611863952963944
0.6862052009702425
0.7614727722503115
0.6242195542732064
0.7409230527005612
0.5034195818633531
0.6539833693150118
0.6143042421846351
0.5372541575130834
0.6795126257598965
0.6540532517297456
0.6225626060972907
0.6355018436201872
0.7870526596917963
0.7200930326100121
0.647826332390271
0.626420814856497
0.5403636240707589
0.661003181862519
0.6534356747255632
0.7254196855763015
0.7255523051886568
0.6483151956850768
0.6758866743888736
0.5955657749182837
0.719534795842178
0.6164133828505375
0.6273449034700902
0.7486689188906406
0.6608379260531196
0.7231122719621149
0.8454509670774449
0.728032871384727
0.7795038798875017
0.6272639058786247
0.6268720948582763
0.6203873364353509
0.6795872963702826
0.6712391151379654
0.6232925152780902
0.6315973339308951
0.5610589904552095
0.6054806437287458
0.6565679545697747
0.729250278461494
0.6412834648572059
0.7258399769328054
0.6046541862094351
0.6675947745182466
0.681290953674646
0.6666671886563793
0.5685092540926096
0.6432269691529339
0.5902483431379311
0.6839461701553582
0.6213464801604164
0.8323198154991567
0.6654910552662988
0.6002052361021839
0.6166314382783532
0.6494590875518835
0.6265010833252629
0.6090706033574534
0.5804111363674319
0.6372027213045617
0.5286180175931319
0.7425193048945617
0.7367537656820583
0.7019242016960134
0.8975865419607425
0.6117575989882788
0.6185593223777491
0.6202403795798872
0.6449730887125492
0.6127537003314529
0.6693492437876987
0.602136695184841
0.5894808654690654
0.7803631540212334
0.6232253599679548
0.6484768598506991
0.5843901654679393
0.5806557040465137
0.6582129021306106
0.6211079207194111
0.6121721430812724
0.6115622489426732
0.648749230603023
0.6367020550902704
0.7480305488829202
0.6525804558402039
0.5923035670227207
0.6510793423413952
0.6458738544120685
0.6280693742273604
0.7547227025176866
0.5830522695841961
0.6476226319018193
0.5498251266173813
0.5181318569506562
0.43459529986743906
0.6294162711529843
0.7357932108825562
0.6419464717731597
0.7559731500338424
0.717710369759931
0.5251309425968491
0.6736622240889475
0.5854014918572219
0.7459143162304567
0.6207154061827214
0.6097801678062063
0.6620720936637197
0.6775330942607678
0.5982130717703376
0.8466849861240368
0.5147376444948262
0.619254719451726
0.613941376641576
0.6558990741811758
0.6737442373157674
0.6742496627691711
0.6822445479807172
0.7675078626674026
0.6913202876830823
0.7298815719937696
0.5744782830198988
0.764665368287638
0.5892025231661493
0.6626567000571773
0.6388665899890805
0.575439860497117
0.6386063983251892
0.5741982334533698
0.6279367936785918
0.6506257589845468
0.8097409515573929
0.6473574147222326
0.6417641095703897
0.5676809221299709
0.7331345113573402
0.7463242956344226
0.49030655828685166
0.7462220408847188
0.5781930799119449
0.8138577409094322
0.7263722812869331
0.5517030903752207
0.6868434871405237
0.7548648214433163
0.6620079976357731
0.636967082824618
0.7146568311637704
0.6717589118447534
0.6764590715975196
0.723052422672711
0.7104699716732847
0.7161837512820509
0.6664926406103052
0.541822364062098
0.7621787114558983
0.6901422195688478
0.6145785289649911
0.6368094245748077
0.5635383949028359
0.723233804369503
0.6382841994807951
0.6535514740437903
0.5025770886888897
0.6624317118972536
0.6292035956744692
0.6176364641522636
0.7593318787015395
0.7162063674606532
0.5477385919029761
0.5647607877187272
0.5524018271654718
0.6389541068607087
0.6056322363233463
0.4735392531048337
0.6670228182014313
0.6305079479453022
0.6434728564031454
0.7247073381012543
0.7099752297850772
0.7243882814605838
0.7103765031809182
0.5947535596053276
0.7400730258962452
0.7618438019909315
0.5858315722611979
0.7068603590110949
0.6129928914576964
0.660587212994185
0.7001029113252641
0.61616995435097
0.7306592264289936
0.5774375988043189
0.7826551078414773
0.6861819691665269
0.6947317930334891
0.7095616038019855
0.44100115529157413
0.4518053085230556
0.7668932367438543
0.7505404893373664
0.5859561976227033
0.5920038780757377
0.6500268225791322
0.629430067614182
0.7141064268643177
0.7042556176873981
0.7060659420255803
0.5505304637870123
0.6633030711450651
0.6416329981106175
0.5283042028185554
0.5923958487747418
0.5847227212354774
0.6723614066230633
0.7357557138030291
0.5313732797852471
0.7147764127253659
0.719715315248806
0.6424460443623848
0.5897347281910797
0.6100379648586925
0.5977752254244036
0.6681291471450498
0.7566713652216379
0.5847612826830485
0.550780852727942
0.700192873767831
0.6189698135539634
0.6182199214209425
0.6858666307043616
0.466912991240623
0.6867871446704178
0.6451780738504052
0.6661127947496076
0.6867138507769065
0.6199415010350231
0.598067321633431
0.7081613138245437
0.6870354740366666
0.6798729375211598
0.6821757685725403
0.611675739927236
0.5392080416261084
0.6532855682126506
0.6650402008950547
0.6313057864458064
0.6080481364628871
0.6904468576423889
0.47640368567910896
0.6976908250327725
0.551195681878709
0.6636035839216283
0.5375821016211466
0.7272406820066989
0.515216869582473
0.5740325993504527
0.48805024905363414
0.6728095310070284
0.822832076840941
0.6459723736360298
0.7359061992157139
0.7755821747902356
0.6019954471519664
0.7121466258528396
0.5961377537187686
0.653228678345729
0.7153360707384622
0.7318581960084283
0.6254141409263666
0.5592442900456098
0.6023981987895523
0.5289493313596028
0.6623180364989685
0.6149214380321818
0.46575642141731644
0.5950178306067211
0.7590688097507107
0.7034778638314994
0.7088795954779966
0.5061648941311874
0.6565714900867352
0.6219100179107077
0.9057576201394653
0.7862354387957164
0.6256191154320794
0.5990376179397089
0.573557022143622
0.7342983013745358
0.6915528252941247
0.6798438334708644
0.4874812430755843
0.623265111298753
0.6542203138032762
0.6796312318799159
0.6818105803505783
0.5792796945338468
0.7065197976313964
0.4512901226969652
0.4273910565384756
0.7353585299086997
0.6205240063521427
0.7391236223855029
0.7356776292665841
0.6087333665446779
0.5920611185508016
0.6935317846604858
0.6351154257638952
0.45202713089898283
0.6365432377964307
0.7055457841898922
0.5414368812952846
0.5881733813664308
0.7741260925291737
0.7838126537901463
0.6620615010870119
0.5750526663939418
0.5272338119434287
0.6783026331363766
0.64795246574297
0.69149468393947
0.6600172839114814
0.76040603299506
0.5938960405238489
0.4642605177739124
0.6991331629420219
0.7434736652037799
0.6568700064807671
0.6123843315586867
0.5067720583271556
0.6582311540452485
0.5311490523631162
0.5744499715498126
0.8045422823284747
0.6636129281177495
0.715816646526229
0.596720114481581
0.6181047524893145
0.6432249671425115
0.5972799939008171
0.5787322393981306
0.6371132944806136
0.6245426523445491
0.7029730447648097
0.6270627018420935
0.6136328524994127
0.702061232991935
0.6735068653131902
0.638766099821032
0.6227838723054091
0.6302808773027935
0.772040989780176
0.5767944856887641
0.4794026864899573
0.6253857433437913
0.5892866390522261
0.6225488889792247
0.49133421023222873
0.5867833126045813
0.6197422668661448
0.6082507089056028
0.6934973178290834
0.5988924708171179
0.5535603704054564
0.674476619943456
0.7202037603544962
0.6992288986059574
0.5790330165888155
0.6677922622201022
0.6898256149499244
0.6965991012850358
0.6274357760544416
0.6554886230152114
0.6469446831720044
0.5434064020205456
0.7331132238539086
0.33925499233514794
0.5986675653621467
0.4765247358923796
0.7895831847063512
0.47664306389645444
0.5622030977133786
0.7484693715798919
0.6271244526318318
0.7274286423499376
0.6191534719408268
0.5853250606952298
0.782700067477947
0.5263511733561959
0.5826653678609574
0.6209196307798781
0.5627430905844136
0.8186506737688612
0.6660481105019468
0.6118831133782863
0.6905142686005228
0.7119825729061844
0.762641863586301
0.6945546738807272
0.6325210180488317
0.7503057737485062
0.7207497963148667
0.5832568519289395
0.6763737221116907
0.7636059019194062
0.70015006018752
0.7293100470626428
0.7350475371561385
0.8240091025374957
0.6941824165739762
0.6962388133638071
0.4729441236096019
0.6961993534048937
0.6112540093294709
0.6259451934650375
0.774436247645787
0.6745753161393429
0.573570798233845
0.7726338369842289
0.7471529250699447
0.7312655408847919
0.790694776781115
0.7017254643158948
0.7900929438436168
0.539605920661846
0.6903704261337817
0.6970946378298204
0.6458000767533411
0.64309488503485
0.6795233193782613
0.6922691207811025
0.7238796968780302
0.7726518099900646
0.6413167983252045
0.6866302091432109
0.5262572145024754
0.6536437915817139
0.600751090782426
0.6327442241602007
0.6280047717671802
0.6066377355941658
0.5590419563776272
0.6999479031372623
0.8016959858994014
0.5113311399285381
0.6789243816951366
0.5704505897917233
0.5967816496769492
0.6320898171823944
0.6778325950817707
0.7864258397265168
0.6360533373645568
0.5482640599139919
0.6460515330454741
0.6276841260406094
0.6105412893506185
0.5593280327648106
0.5791335326048532
0.7199159069937282
0.6480255783816715
0.5511286268060752
0.4621079961281973
0.6496735752959228
0.7167858577537559
0.6622170669035141
0.6210192871646623
0.6787706552401975
0.6654988903918305
0.6039168027354509
0.6249814119592186
0.6163854308694249
0.569580053054308
0.6014781647134029
0.722665551397169
0.5958274457821802
0.6788988892561634
0.6251279795725702
0.6282694142812913
0.5421584175507888
0.6843255683113454
0.6737449078718526
0.5358016914260195
0.6114115920811543
0.6337479687905216
0.7932073818023038
0.6205655019477683
0.640392232435386
0.7492837674889404
0.6791042821898963
0.7436233810778028
0.6632123989486511
0.6879597215191433
0.6501293594030357
0.6314991033184155
0.7202132410652746
0.5033966113866261
0.6520757504769398
0.5781869679995545
0.6682310706725947
0.5695913048889361
0.7001498171435246
0.6251536932866485
0.7220375406832255
0.7474986775489433
0.7057590304049609
0.6054748025404977
0.6675539012099168
0.7548720886261233
0.5971903648604756
0.5826732128449088
0.8198360994221612
0.5272734021165721
0.6559467966495728
0.6206899865491602
0.6574684456323464
0.6526435444857521
0.6288684554109473
0.7480162945479167
0.7008799241643248
0.701907645998422
0.7855905376275076
0.620997188890107
0.6442422495111135
0.6005812003813007
0.5995929750148901
0.6112473253501503
0.877142132437635
0.681950188445007
0.6907430046991829
0.6178219729388841
0.6137695849406635
0.6172795099002705
0.6717156339925443
0.6156435576971503
0.56528166320079
0.5728397562938601
0.6334977696831836
0.742186915331474
0.5304464474215325
0.5966605622333757
0.5737273307322129
0.6502838643839307
0.6614999416570685
0.5564269277239161
0.6606396911822657
0.6302981596284891
0.6352735161206211
0.6336261216189573
0.7428651455152714
0.6572389352871798
0.4793263414914025
0.6579876447993368
0.7727173324306358
0.6718309715469502
0.737969375578343
0.6331103621957752
0.684885806169671
0.608047175099403
0.552949104001183
0.5804227591578053
0.6813811697990233
0.6589261764362186
0.6180048160374573
0.7471442383314123
0.7620292806130171
0.6385389953865255
0.708918252279926
0.7376688866916413
0.6665449317825717
0.5651937587176377
0.6657322211044339
0.578180672447537
0.7343720800692797
0.7012044630175358
0.8009501641512955
0.642013310654276
0.6979718077081666
0.7060105936508809
0.6823207700805428
0.6405011929197633
0.7704863915575281
0.7188967984681942
0.5861337491755745
0.6841506626187183
0.6286832601288377
0.5382283398124968
0.6586915456728133
0.6486459386584801
0.739622675548812
0.7077835758613811
0.685537482578037
0.5415890420502003
0.6378933045617001
0.6279689755579305
0.7299036290066427
0.5399959283018879
0.5197177551231118
0.7823376187242447
0.798153128487349
0.568070331876843
0.6529383275259876
0.5408943837731053
0.8035455469384711
0.750994784857798
0.573462430395505
0.46221305045058303
0.6547404281385483
0.540175916451093
0.568696629830523
0.5121746734687501
0.6143767374170145
0.5726900075980927
0.7385474915461432
0.725660000772274
0.6986762685115238
0.6215471323898777
0.7040983434799563
0.530520824662062
0.8336310977905704
0.659397472055348
0.6653574725208208
0.62847710703499
0.6541636864631335
0.6179342237713926
0.6457415396884638
0.5334450009897976
0.7924565866320542
0.7517779479214572
0.7610273624647734
0.6801437033662312
0.7182255035946445
0.7248345706896981
0.6384396086547095
0.6837820284444983
0.808505268691045
0.6854204419064303
0.6922335710306441
0.7508165246167228
0.7697480623926151
0.6635545620839117
0.5963899283704851
0.6975914746282336
0.6790355525406433
0.6841383213342787
0.5419527101935454
0.704691882209561
0.5298929456929372
0.6636373728014904
0.7095242556863699
0.673829836542169
0.632734154482341
0.6996942744464014
0.5949914184847541
0.7635187953048381
0.7010550817186226
0.4745725453514454
0.6025003800000348
0.6664906100632981
0.5879972371911194
0.7197297827892344
0.6199300925435745
0.5261624980979035
0.6610070629074458
0.7598162830856066
0.641410364569668
0.7176992303433918
0.6843380168001625
0.6802667990315654
0.5413375166512634
0.787500187745585
0.5208977914537222
0.5091861258349536
0.5985199472655289
0.8030238438302744
0.6004698493403358
0.6988473310143573
0.5077752433172164
0.5392540238224381
0.7347806369768606
0.5887713898377008
0.651360517517547
0.7674235807461948
0.5938369967539098
0.7153006991896326
0.7118493223682698
0.5940723846723309
0.6167041723445662
0.6394808682108211
0.5634734089063844
0.5645871563270433
0.7036756897098799
0.49228041626642005
0.6335095216858537
0.5378657042121461
0.6428505923744733
0.5703025765159565
0.7044191511798754
0.5767634613564213
0.6397341007702861
0.5645375184882346
0.6629915032017909
0.7542393977008047
0.7629802467774669
0.6586212925098526
0.6393791355666002
0.8130778727110595
0.6978089954395232
0.6654492897497984
0.5599447468976462
0.7785105853126808
0.6820302998012353
0.6933022336590754
0.5619856444795059
0.63380390363025
0.6410239221655578
0.45135555428824087
0.5177421578215755
0.6693037603851681
0.7044644779098448
0.6477984928464674
0.6955558794291017
0.6150575162814993
0.638290617950157
0.7000815309091761
0.709907781679086
0.68237273107878
0.5617869548922728
0.5848936813416037
0.605163328220604
0.6646130431125401
0.6360107512795881
0.5672345438705554
0.6037629217748124
0.45831634805319005
0.5924107247668771
0.6622329436580945
0.6221600400310007
0.49531918166471367
0.6051191482081384
0.6848014587769443
0.7402815452989759
0.6219106813544709
0.6285740254526782
0.6681970607757969
0.6032193147303726
0.8229214284495243
0.5887868456612679
0.6114807955345701
0.5900263665778874
0.7988254085947306
0.5957413740112987
0.6946131972705084
0.6990516094852403
0.6343512545319053
0.5365310672315817
0.625058700511356
0.6556764900936254
0.5838738632061269
0.5747186315186118
0.7635088193091669
0.6066010730978421
0.6942257459292096
0.6059320081323094
0.5755159609338626
0.7350011277788218
0.512548235524702
0.679491396512539
0.5076334126439517
0.6365809449598399
0.6802780109155729
0.6623314796097154
0.5068837484298551
0.6471467627098682
0.5531560268563699
0.6763755492899439
0.6711925624538674
0.77674541885737
0.5243208131555575
0.5566678893748395
0.662316212628072
0.6174393759392663
0.6583459065700256
0.6917267668402349
0.7398718166050112
0.7153431113153381
0.60009401732633
0.7312770576904501
0.6290857317305071
0.6134057667874326
0.7691351303965335
0.6289455922133668
0.6482033432125798
0.6337292514656879
0.678228686111096
0.6265823335811578
0.5009716539868718
0.6687027519735435
0.6614340119190494
0.5990921155096078
0.5860127129223346
0.7556118150817168
0.6422876889453156
0.7170169103151535
0.646708761847749
0.6692454969140456
0.5158765638622047
0.5828659881032399
0.6914204592685292
0.736813429305153
0.5120759023886734
0.7252630060554599
0.5560418856438974
0.6827025179194502
0.6549709048164316
0.6026142864004963
0.6154727309524446
0.7014531548320461
0.6802152282765027
0.7259550963284424
0.6513308951007086
0.6557159891553991
0.5996925360693904
0.5632277049323293
0.47997949604561024
0.8113605274970517
0.7067392093661622
0.6327780152303543
0.641730071347889
0.6333764996642055
0.7458575202446619
0.591513515554752
0.7148634320652641
0.5182678293534171
0.8979254868034772
0.6191669633756398
0.9163992161712524
0.6522406550545772
0.5813417892503614
0.6447906855970269
0.7759029263509485
0.5668082713529518
0.6045991416043788
0.6113209060309203
0.6429909803040561
0.5892182321450685
0.7580995205852661
0.6247068332157235
0.6075574762015227
0.687441854762009
0.5734468637567159
0.5978898104321095
0.9018067757089534
0.8037593599381003
0.5630113460876117
0.5829301326055061
0.6987420726131544
0.6977639445365237
0.5596886870451223
0.6626528725967682
0.6874805886345563
0.7756580890305598
0.6581159864576821
0.7839613975599565
0.6605260327023564
0.5785043232558693
0.5062635345134225
0.6746485063333366
0.4290794343131624
0.646803060298556
0.6812024313868853
0.6762630943653525
0.7175119600674699
0.6427872153188906
0.5845578725127689
0.5561587915129356
0.6579555799728218
0.6763382780434948
0.5863911060917495
0.7191817398337305
0.6940958620463253
0.6574306946902667
0.6946308563026496
0.5335623784858952
0.4568098351367346
0.6454805773299265
0.6923227597574699
0.6808262198984227
0.8383857426625937
0.6270511880218935
0.6537722813311886
0.7021373930319179
0.6818710232587699
0.7364129004779958
0.7265263033580733
0.6447083251819256
0.8565938633458353
0.7737795679194444
0.7461475733921534
0.6342448465800192
0.6457700436613509
0.6081828489835478
0.6842435451700509
0.6231671696868207
0.6366257823447651
0.670979489691148
0.6593215301402048
0.6393591601553363
0.7824268352846779
0.6202001546569296
0.6034750554890083
0.6528386391253241
0.6711354183998285
0.5466115392467719
0.5229164720577114
0.582137292679341
0.6236306940425901
0.5856740230369986
0.7126194000306646
0.530842985035361
0.7936180388879475
0.41469681411307485
0.7637499596074598
0.7239330810791342
0.5120757740667901
0.5890179459581786
0.6871111838549896
0.7031324840298011
0.5417879323988064
0.6430498216137343
0.6551794244297736
0.7951746158120294
0.6946206132200056
0.6745260651954524
0.6424405053612001
0.8137665586661456
0.6387757478566026
0.5481788191690228
0.5816638557791651
0.5752044986314713
0.6326509694316617
0.6737233163134354
0.5551762511587801
0.7703923517341709
0.5663362991720935
0.6239048789139601
0.7936825234591405
0.6555871413370982
0.5514934492884663
0.49221078971416765
0.6215803739212162
0.590899320635601
0.6697253429598257
0.7121237848916063
0.6304949291286155
0.6306192869963102
0.6927986276735247
0.761736014967229
0.6336651781958543
0.566880627445827
0.6642262399007265
0.640238880331909
0.7116551147386847
0.7330960715899736
0.5571384593792359
0.6732845630500207
0.6348716661193344
0.7200164066866659
0.530404071296844
0.8338964608322949
0.6419880304890223
0.740522771810008
0.6634542759696246
0.48825021755650494
0.6919281151247739
0.6497626231536319
0.702369323657249
0.6414388622968192
0.7079860591739069
0.5862010653182177
0.4791035440973491
0.701090342679237
0.5282811568486896
0.6042059927903118
0.6791534529146757
0.6386360195261243
0.8069527746537669
0.5645529131677142
0.6566337879526688
0.5289547421306723
0.4941420725619533
0.631586912533397
0.6588970208799602
0.6556296644802937
0.5503798544731711
0.6050068454773294
0.7002683102484486
0.6518816535278169
0.5870641827223532
0.685854492090684
0.6470499081296249
0.6208030980389982
0.6964828816986305
0.5871814122111845
0.6440800589726426
0.7197084989107252
0.7146375521807662
0.6807905243867826
0.7948220819899308
0.6978706556559398
0.6648526200874395
0.5997265950083611
0.5903402127148409
0.6725537370494071
0.6147288788999624
0.5273954322019598
0.5832114334922863
0.6578138756649321
0.7242851900701687
0.691908122758781
0.8281982994050457
0.573819002763424
0.7420127277034678
0.6683832845221864
0.6969861376782154
0.6033772753336405
0.5945101139496518
0.5700885811919412
0.6845984336102452
0.613072087665249
0.5427682117131679
0.522924402790867
0.759847025618461
0.6537742610911892
0.6870158514401287
0.8001042115500927
0.7525743000991115
0.6381379276953514
0.5597323803129988
0.4948315723908562
0.6871851350781206
0.6398536116489308
0.6660246311832618
0.5914951501221661
0.5737631022354857
0.5985941928596252
0.6008276371378083
0.6379152395247555
0.6050934694900898
0.6672204611502666
0.6948769895564066
0.6737445219722863
0.6618975308417185
0.6320243479297196
0.6324808244322393
0.588018038518467
0.5745713621933173
0.7002632413674371
0.7112856214221508
0.708404304686092
0.6082990292886243
0.4600490694369106
0.5611325667541662
0.6449526291871585
0.6297581624751624
0.5897311908894495
0.5310948238946557
0.5430164260120031
0.7496685938355199
0.6109789456495212
0.6846019442207535
0.5865100364283771
0.7682362070364009
0.7143236914466731
0.6648639023802676
0.6636866424375499
0.6036299569391252
0.7477850939171096
0.5474601341586322
0.6788835545937094
0.5851134235457803
0.7113166207944932
0.7216970127976755
0.6874981465104216
0.6253536229672125
0.6107292337420196
0.7589241858546715
0.711130837285638
0.6026358583933128
0.6564614053028097
0.716174005609646
0.6860190376000144
0.7911822176871928
0.6760200091291413
0.631928447745377
0.5235420777131742
0.6230328466370519
0.6633672139752244
0.5379245541624735
0.5967490106199794
0.6981789417708408
0.583223670405753
0.5181417754906376
0.5420132162972651
0.7750086501408426
0.6669415415836393
0.6792496910732644
0.8086463817177063
0.5148172348218619
0.592025466190223
0.6062198069132867
0.6889779515489917
0.65346618444518
0.6939731489718867
0.4955182319882007
0.47236894412703145
0.7547832927057521
0.5939920812657077
0.672511277451342
0.7147571814710622
0.5815723200576256
0.6320764693611741
0.6358998940721469
0.5724884313902927
0.6529627472911299
0.7317537108320473
0.5401692843266903
0.6465046504444769
0.6001005080629023
0.6649451917540464
0.6388030033427218
0.5502935700818398
0.6495275957270488
0.5311181732314811
0.48096396238453665
0.689097701710166
0.6910482935883616
0.6040291277464749
0.5040096491016409
0.6610314260996677
0.6864596400261678
0.6596368881658524
0.6281377242929721
0.6502594362572858
0.6292320811632467
0.5988729438898837
0.8654788147293877
0.6740202276802599
0.6503324306440621
0.6841610012662299
0.6233307275109362
0.5978178976582166
0.6356662595121112
0.6722436840362165
0.6233112392122235
0.6531208897582182
0.7318648469851404
0.6431615748956037
0.7092354117572643
0.5765692618868969
0.6047783789371447
0.7137793438283181
0.7740232677925822
0.563997111799195
0.5573682488335514
0.6794710217307972
0.5813267247109343
0.6005258623152065
0.6974703555678282
0.8013987181447981
0.6148586927443985
0.6247395786413253
0.6412273430288301
0.7388850585738165
0.6425021740463733
0.590178326945997
0.7655338475332905
0.6087717844333532
0.6701193005215976
0.6468901483076571
0.6113403131437316
0.7069219247701308
0.7035693488600349
0.7413529178829539
0.6303079618567728
0.6942951142922184
0.6553000915458873
0.5750992396884554
0.6759850000905466
0.6278814825913046
0.5045312795973979
0.6500930488491405
0.6634617619870243
0.6232747501678526
0.5501376685660249
0.7610422964606774
0.7076327994402117
0.6352225551335914
0.7138339099382883
0.5309308629519991
0.6691035701614843
0.7237244769602296
0.7526021668792691
0.6413413647572138
0.7052588125569127
0.6659476678235884
0.6915538749760318
0.7433947734411719
0.46524053211540145
0.6510464919254039
0.5724452589875882
0.6015083273433275
0.7020113147788427
0.7583308799266051
0.6645172180375496
0.6859914258229008
0.6837437344173039
0.641117509127422
0.6971686746987497
0.5538594561066287
0.6259913654280985
0.600320167414648
0.6202569319724512
0.6431187368300673
0.5643526192236163
0.7365327411513805
0.6384928256442434
0.546252246764312
0.7111249261271798
0.542983711043173
0.6545143218127908
0.484076218596601
0.6289214631233996
0.6385710963424152
0.6861380492494082
0.6912609472824286
0.730061786396838
0.7206644752279528
0.790364681965945
0.45758934678674357
0.79118789343775
0.5761988900655556
0.718973158928128
0.6280519314019465
0.7001257158245429
0.623481798213961
0.7039022479347685
0.4683844448089449
0.6156620339249277
0.7545913588711985
0.6305243728136956
0.7100248475516654
0.6141835054239414
0.7018273340305194
0.7304902650500015
0.6187616546577865
0.5402444519882428
0.43697861227827706
0.5887096691030438
0.7328970283614256
0.770219344535212
0.7183115007905463
0.698388670284542
0.693729116587686
0.6369988847383029
0.6523985150278503
0.7177485398528148
0.7442200689517898
0.6234070769038875
0.7463678680347112
0.6178692389559608
0.5467831287820691
0.642735305576399
0.5865112774427153
0.4436556470692601
0.6341958868084793
0.683015659613126
0.6928576803452252
0.6421148096353019
0.5889464568944991
0.6675383802786906
0.7369922797619868
0.6539574391225135
0.6547447313839388
0.5052279391024573
0.6792694472205266
0.6191719723096728
0.8307933311741551
0.5941005107229034
0.738072664565072
0.5837561310451503
0.6858857180539681
0.5699923299191102
0.44893927898115654
0.7191309985009051
0.6078923814022752
0.5527803236878183
0.5640465717204783
0.5351157245834143
0.681272808930456
0.6865360299719089
0.5965065159067161
0.6468641601691995
0.6098929474467913
0.6108842717396326
0.6652916462157099
0.6455201725237164
0.6151019990245745
0.6387489512814597
0.6392394148010873
0.6229682371360932
0.6514142155899146
0.6199596057944557
0.5971344489394574
0.588775236329024
0.5361094588893718
0.7220559680886267
0.5688765398868156
0.4858237450915569
0.7794560659139191
0.6041338753824359
0.713729079205441
0.6513346361244344
0.6249761725592015
0.6901082110069373
0.6360632699294616
0.7276244175426136
0.6868673477245649
0.6487782372651858
0.7088816741682902
0.6734199047655245
0.7130609948132689
0.7912317487562002
0.540403729916271
0.4589645202743648
0.8269532069895833
0.6835613801412269
0.6050092015005055
0.6351776388023601
0.6300192884995721
0.6158096720489898
0.6551004911683712
0.6888563496011317
0.7000668043122672
0.6702882657324267
0.6565883838356684
0.8125981094994753
0.5594438520942177
0.3680764848327751
0.7209393943713839
0.5295380629177981
0.7158331591749828
0.6159760919259568
0.687032813004094
0.7112054451811711
0.6586516453896879
0.44040852017142756
0.6845681476448873
0.6928690584852177
0.6090230252735094
0.6135921053051754
0.6973467111768459
0.7117800256454616
0.7560574848482451
0.7604887357667002
0.6600884786708068
0.6687894275090639
0.562458405158443
0.7050345571645003
0.6245649016624899
0.7099523646551966
0.5825369084486467
0.5741317850817772
0.7171126008476645
0.5919161080438531
0.5567371062720495
0.704997458677189
0.6448616900067818
0.6833687442411487
0.5711860831302017
0.6380888514044034
0.6728973349692311
0.5532635786139749
0.5190452248087165
0.5868753417529337
0.7357553473059002
0.6234674573368094
0.5996397495097143
0.7225266544624884
0.7768282504738357
0.6517882962705738
0.5941488011351284
0.6361217291321968
0.7077760364454263
0.6311454782805128
0.7501278256927062
0.6024722233478218
0.7639231331119252
0.6224091568594324
0.6961891512973948
0.4738097880187633
0.6767239445772145
0.5574006171746603
0.7788390934063306
0.6178658788840167
0.5804954500964884
0.5615404933728473
0.6924994372809959
0.6270524746143672
0.658843925355087
0.6872290412718195
0.6306537997634462
0.6693702595174802
0.6200616268915257
0.6410899030246863
0.541120626312775
0.6874926234638447
0.5020911264360944
0.5677016563677569
0.5766660721254239
0.5937846333406764
0.6026870745873044
0.655154447754808
0.7223837611105332
0.6975599658939267
0.6361962273442369
0.75788386761581
0.7295521143457669
0.6871981333320433
0.7387987192033985
0.5847762402148954
0.7972794228429996
0.6909093524608088
0.6789917137200508
0.722399640012394
0.6639235912835191
0.6241196262231131
0.6107190224315427
0.6667575487334828
0.6654230991488814
0.7052488069352408
0.6672229469797977
0.5376526275088113
0.630628066726964
0.5934911742460508
0.624361213331061
0.5018113494805431
0.6097415466104491
0.6142064469746376
0.6440105944727987
0.650253934168815
0.5846514043249277
0.6366746350832675
0.5668140112920592
0.719084702882328
0.5355967761484692
0.6556887094222447
0.5287570526884595
0.4859585489143471
0.6135628571997851
0.5771713940074131
0.5551884852922621
0.6339281855803268
0.6023706368843333
0.5136581957052805
0.61626283877182
0.49902757945815723
0.5300265870930864
0.6246682029668822
0.5717933203940744
0.4726938509763783
0.7266468267045082
0.6894912184750597
0.6378941728139722
0.7520815937078761
0.7814421745149802
0.5164299584787757
0.8582170241585007
0.5349015434792197
0.7447485580480667
0.5599065659024609
0.6825553376608137
0.7408872165171961
0.7284863720849756
0.7115680815027507
0.6934708116124229
0.5878802716399332
0.6876768455928436
0.5641074326171476
0.6742192890624699
0.7398771605037793
0.6725373232424273
0.6274777670923221
0.45614875730531457
0.7445668177832405
0.7233011466096649
0.5557776818597857
0.7156065261062134
0.7047527985919125
0.5965789587021689
0.631216631922442
0.5433128738010214
0.5569685377855264
0.7123164116759468
0.7008319673046455
0.6489065281415515
0.5683175691635037
0.5501317288784244
0.642785112473853
0.4757242636702516
0.5879204153068645
0.5870880112495238
0.6501255849390388
0.6839288760034614
0.705253048930822
0.7567000586577826
0.8304982673232586
0.5727349857377758
0.5228801437879109
0.6276437545319112
0.684769369097656
0.651129405202893
0.6952952760554361
0.78708873008078
0.7131234344419921
0.7571524385800017
0.6629872639423718
0.7518910714669159
0.7068212463292151
0.7160991151282674
0.682852512909674
0.7546109531073468
0.5577678187858848
0.5894251652621937
0.5615935553984849
0.6482862987226358
0.7186560766995324
0.6265247019977878
0.7378644816075286
0.6403450683828135
0.46486766858784145
0.5505477511069804
0.6960889493073446
0.6427555131349413
0.6207435448300125
0.4863491615743575
0.6102579009493605
0.5658131970774701
0.6626800156994268
0.7186263136120719
0.5626383315407973
0.6433330405796877
0.6115064026427288
0.6549833693101029
0.6455729241436795
0.7020127216097866
0.7560043109012408
0.4869404450021245
0.670408727558909
0.6138228611082237
0.5495098136733629
0.6397872638216766
0.6344338237696309
0.664819651721571
0.8272631693656869
0.6498794431132875
0.6323255676848988
0.6574929648231808
0.6614970627731678
0.706535407192596
0.6329479157120559
0.5482051193908637
0.6661243902412725
0.6377890577686061
0.7282963168046915
0.7386085480045903
0.704631032265714
0.5622253034054826
0.48708257938422
0.8216191207715541
0.5282752367627377
0.6612285365447156
0.6381528199451401
0.4960758366328514
0.5677923791300888
0.6156127281325667
0.5046720482697187
0.6680924672393579
0.5974483638984185
0.42168206157633803
0.5340556233192353
0.7420469789371714
0.686401437822316
0.5652636715508095
0.7586178710993124
0.7114069294006383
0.5113979761373277
0.7416170376043262
0.44167865130341144
0.5549823769473725
0.6749843720670821
0.701528667450099
0.6842468491324261
0.5501086241517776
0.7034346488837261
0.5987491731512505
0.7010161275840567
0.5637052838208662
0.6683526417344098
0.7554966363359157
0.645268905718317
0.6989651669804715
0.6186362826489566
0.6036526597335194
0.6030553092126368
0.5739543940084019
0.6556936958959613
0.7222071738385172
0.5901278880831696
0.5665044124205811
0.7667939803487277
0.6019371463563122
0.5477555460550728
0.6510988394717828
0.6460608006217468
0.6825608891269754
0.6940318665833556
0.8149674758552408
0.6391819527126589
0.7352943563526775
0.5291771820240694
0.510920514515248
0.690299055893734
0.6284046703384305
0.5952739877206551
0.5467762531321747
0.6519198115268423
0.7630550039821569
0.615412130767757
0.6443329258544446
0.724321737414902
0.5959485975356366
0.5091787645510598
0.6593112581704433
0.6719737108631716
0.7193603456417597
0.6146036079118469
0.6698025422367938
0.6478812130228042
0.5732442079843121
0.6651329816913358
0.690516044866036
0.6571941372242687
0.6468300213367645
0.5550131571705068
0.7043008558514754
0.7785018987084522
0.6926768296406105
0.5842126606264344
0.6817961976517852
0.47156740106571227
0.5200029615242088
0.6451478321337225
0.6569431669454596
0.6656354318530928
0.5179602842289943
0.6788718391897955
0.6475217352746564
0.6982543069622755
0.6807996889721779
0.5315598874335504
0.7319888609637557
0.7182146200014824
0.7500009189076797
0.646810170961032
0.6177474081591076
0.7066916374570821
0.8627339890628142
0.5779070187471854
0.7117301436823104
0.6109261340970836
0.6539357409398291
0.8816674903081655
0.7243106277069178
0.7615066101657219
0.649922706307361
0.5775715522785547
0.5483461203658515
0.8921693027446034
0.6334891882900011
0.6804966600553157
0.5552171609959806
0.6820630009923021
0.7098318993785456
0.6534670539798144
0.6076089985607227
0.6242596036083814
0.6715426532179452
0.7663193511981967
0.6412041213627938
0.5622142171742477
0.6468424671693689
0.672318575467553
0.6097429457946824
0.6690367593429823
0.5254391323586701
0.5512701385195722
0.7269389754035305
0.623323483575481
0.6481925062170713
0.6883364745368044
0.7108844598790774
0.6825793223824878
0.533574064738341
0.6388210607988705
0.706258829616823
0.6789937602210777
0.7014936721891964
0.7827906222443156
0.6434285005080042
0.6893452007970116
0.5961753802191163
0.6962221095880944
0.5535621322110152
0.7614199048781278
0.7297336783551174
0.5838832142664803
0.5421451699223042
0.6204875163734138
0.8466898140279835
0.6715302481724572
0.7031591913719415
0.6983633480616742
0.6746094853146568
0.7581814472126035
0.6225879152934116
0.6173653008381162
0.6855389978070453
0.5843020587125349
0.6089572848803677
0.45881971000146005
0.8451152963419808
0.6633039491750102
0.7936655476393538
0.7983582249846426
0.7207178243768311
0.6114720713606229
0.5723794306918967
0.6276289841128518
0.7615484010790703
0.6628625406611446
0.7207090375335679
0.6690284136936545
0.6416291405210159
0.7886130121122016
0.6490198969945233
0.6378219940997727
0.6223620124548896
0.520588815639923
0.6513626298626405
0.4902826176151397
0.6291325314547729
0.6393134459799014
0.6030094155006908
0.5564467316957717
0.6674116912335498
0.7057606421349018
0.673144727973746
0.4687916484992948
0.6767353920636145
0.5750540054765956
0.6508040865998904
0.7497434730493718
0.6747544511692154
0.5910085180245512
0.6883225904261893
0.7374766112094921
0.7815815353812208
0.7700864875189697
0.7770820421897697
0.5429454600226206
0.6032026315271362
0.6125322462470276
0.819585771471088
0.6605812273043611
0.6110711966004796
0.6890135089820678
0.7512016680160929
0.7195625672022642
0.5544013273702365
0.6817714772016737
0.8609253943107484
0.7450241202751472
0.6229341050013655
0.5722841346438418
0.6406036444797227
0.6070461584917137
0.6432785623111186
0.5973285917782902
0.45996957849472936
0.7113663428468374
0.5994926670552966
0.6702388330017707
0.7354746155362573
0.7129677113132767
0.6195973800215301
0.682706685683281
0.6703538708396912
0.7377288786488863
0.5479084325205509
0.5373141735705118
0.6759890167993343
0.7458983299735878
0.7092947715015535
0.695686152455147
0.6410382066074752
0.7863528104607505
0.6908901861367541
0.7419515592072037
0.4190670687185206
0.6354673714058777
0.7375049742317646
0.7053914900903459
0.7229942788895991
0.7439349870074797
0.5651392269416909
0.7029655499327486
0.6748313705894989
0.7551499482502453
0.7257494724793452
0.5963308043881865
0.7737633176868297
0.7529646718751994
0.5974894847560219
0.6243426266623999
0.6884805334912939
0.7500547390585383
0.822885208035545
0.6767138688525082
0.6565941690195266
0.5598485680722429
0.575424875207955
0.651222433130462
0.49910560097471307
0.6092555819116086
0.6667732844364542
0.6449775678510662
0.6543070620252293
0.6744194635641784
0.5885514317253657
0.683965580899371
0.7246969441102992
0.7128824489047919
0.6328267013612517
0.6954416093836006
0.6883105578066002
0.6022903042991109
0.6112547556386196
0.48510507751134124
0.5851370385792286
0.5104171482417266
0.5313606141386896
0.6562195913863507
0.6024882430321646
0.6730871999110521
0.6381664794844882
0.5883885401055055
0.7330187835583908
0.6189829271254299
0.6761690567235903
0.6165383759423287
0.6934654927628633
0.7871661150000411
0.6960632480456558
0.7285922029282752
0.5759597540757992
0.6818084072237433
0.6209713051143395
0.6371933308317479
0.5964350685061319
0.6092342561558108
0.6591176041762852
0.6880869930488689
0.650394149739113
0.5731363650973073
0.7386554886289562
0.6572108220225266
0.6874835834246102
0.6133017937628382
0.6200207085469739
0.7277596438958038
0.5474152514435431
0.5263875531770277
0.7483828004871921
0.7813033577533703
0.805868698562412
0.8841022775720996
0.5950734815932819
0.6903750367390006
0.7213020453366019
0.5342759456433984
0.7152833402052459
0.7411723907323289
0.4760904877782143
0.6366595758028765
0.6365446269790599
0.6903498090577616
0.6451006629704685
0.6753613543420611
0.5532184095818898
0.7045538436910481
0.6573181967185185
0.7311310767928247
0.5495057796944223
0.5373055934995631
0.5009459664053593
0.7214862370261742
0.7596828878959864
0.7576547316817498
0.6192596959361121
0.744352375077593
0.723330997741763
0.6367663986226223
0.6401715139962914
0.5978750519199003
0.6156097725633156
0.7194209177331754
0.7358454780477446
0.5837528477289229
0.6337335085962252
0.6691106715322147
0.7167333448037664
0.6234819485268456
0.6876450803150129
0.5961230412696682
0.7150932615552543
0.7496655132467647
0.6890761913253575
0.6130483423399024
0.6952123687577811
0.5940085603311119
0.6961526778995384
0.6937479521364744
0.6044023715998786
0.6851178289587229
0.7281619239129153
0.5773044671616733
0.5192320426841587
0.8014731140212222
0.7809185406182364
0.752802779360886
0.5801787070451672
0.6681406692477313
0.6403059327109096
0.7379949389370328
0.49607156075197323
0.4931520410926934
0.6481740321080882
0.6892688370314104
0.6456509554708905
0.7519634485102333
0.7098641799855506
0.5104556077481741
0.7317156206943899
0.6236559576446357
0.547941657172156
0.7015061998540397
0.49368916790009
0.609709470501055
0.6154396935762066
0.5810038831785388
0.8642996321144744
0.712662795234801
0.6506008322419325
0.6143770254475991
0.6448745959823081
0.6420826005771479
0.654176974907965
0.6199854728127565
0.6001435151452028
0.6117811714896562
0.7329108579119017
0.5493192717391476
0.663278877999955
0.6238306647613141
0.7252904150478582
0.6498880258973752
0.8622234712441524
0.6557404266152556
0.6618568764018516
0.5700971837006014
0.7544528680930689
0.6728994036515944
0.5117025181444128
0.6293493847004984
0.5471280986603867
0.7746925217220677
0.7221961593301727
0.7543561031757339
0.7224024766524949
0.5921965393782813
0.5480392179295076
0.6544625166860502
0.7425328723410127
0.75529983031166
0.6086481568863986
0.6057989561120654
0.5884101960471898
0.5166796212019865
0.6101801738950559
0.5278522178176983
0.6990743448216
0.6748968190989153
0.6287568970980186
0.7099039962344575
0.4766631011995297
0.6901405960595239
0.6472082426259027
0.6259881670557441
0.6896051891593673
0.7594024395872695
0.649092510175346
0.6170870912551998
0.6311303724610675
0.6135802004168202
0.6489108927293308
0.6448476928879123
0.5897646766037283
0.6947232363902592
0.6476189005544324
0.6659968413994168
0.6567549718021165
0.6424307086038791
0.5224625890146186
0.7392814935717039
0.726296397791617
0.5667640888901575
0.678509960109073
0.7088583782098313
0.6675887987703446
0.6390149000873616
0.6103784929920832
0.6352433332403372
0.5739613775468417
0.6648213455476483
0.6524677062960978
0.7440032350751962
0.7782437010710099
0.6698261495978355
0.6061767899236102
0.6690075902573935
0.6498809383661257
0.6012134088213348
0.606905849244341
0.6469287300004326
0.786311860899179
0.6738873038852482
0.6399109433035352
0.6560892105748354
0.646819436533527
0.6095176108250958
0.6607418336412434
0.7541971634362264
0.571881628214434
0.5871729964318386
0.7492344407944499
0.7009398748531978
0.6698642130608077
0.5869991318670799
0.7080335721162798
0.6525825486271287
0.453213943927903
0.6405812359950899
0.5692474708264833
0.6174601572703536
0.587453480201499
0.6766089999596208
0.6808459886642662
0.6166771435506925
0.575875850375472
0.6346232944913479
0.5220071552001551
0.605592901867337
0.8428808006656165
0.5913931772314618
0.5599488953175131
0.6657512513557409
0.6331838124295704
0.618728504130762
0.5694722777492711
0.6935442886756615
0.6416003090607914
0.5441705905605337
0.668828080333478
0.7802647554553862
0.6185331856448377
0.6698107696256025
0.6624390609707527
0.618066122119777
0.5439511041899397
0.694505176504821
0.7375208648481492
0.6038187115967392
0.609871806157444
0.7050071947047023
0.5912843034684606
0.5407237932903425
0.7404759319994255
0.6012318622714975
0.6807638174135685
0.5768601537617213
0.8197792133358778
0.6252380989696128
0.6977323513731808
0.6220145742543631
0.6329203781839811
0.7417890608341157
0.6433996126291817
0.7260749419151005
0.6557292271963314
0.6891251848933216
0.7126345739199296
0.6176508272880818
0.6409753878324504
0.6535624870340684
0.8603128630582413
0.6458788825836542
0.6301079307326465
0.8217391995162232
0.7268636633866259
0.6768956500751547
0.6130021686047122
0.7052731198244213
0.4997395556449146
0.678508007623398
0.6133545242152163
0.5800283679402841
0.6864138836375993
0.723637797949305
0.6261780681771365
0.6588095450808548
0.5768926602546122
0.5638315185464908
0.5442631682862292
0.6700577493826755
0.7653931731415333
0.7394443515558629
0.7409161409677155
0.7238293365221538
0.7353404204854441
0.4662836941484017
0.6288935663444815
0.5868424872408434
0.5963493790346551
0.7144373239931096
0.6228910538719923
0.6847467151982886
0.663784257523777
0.5881418762917263
0.7414378070027775
0.6500946306265764
0.5427650037816909
0.6205966373576187
0.6343680564984626
0.6455956195704776
0.6071478147638562
0.6054850587578522
0.8259204672338977
0.6935995459066667
0.6089470806723145
0.5522744526694614
0.6091248476727674
0.745399417903596
0.5647554191500571
0.5823522823284413
0.5761730083196193
0.6387124402369261
0.6446779366912122
0.6035368596271188
0.6377286626814294
0.5531519973065334
0.6189549404447872
0.60777829883361
0.6970107625520385
0.7472399025571697
0.7610011373697235
0.7413630969257587
0.5600015005545242
0.5600918180945427
0.8161718751036865
0.7455210442203647
0.5924860866742628
0.6188640757906771
0.7793404712103804
0.6475153790690039
0.5076085118155302
0.7246152230126699
0.5225552912040611
0.6625389093858689
0.5614693835269544
0.6362257714110332
0.7056149593550609
0.3665666096400043
0.562426786395514
0.6772045596641924
0.6953392038855997
0.5853403948075795
0.6457275913134513
0.6421110300283065
0.6520983848860431
0.6204793703848188
0.5447412202716196
0.6431752520273544
0.5486393717416005
0.6094116299470749
0.8087911426564638
0.5187626678927806
0.5491369652782911
0.6307055098893273
0.701837590099039
0.6817761586876988
0.5979301290998805
0.6207544243045374
0.7231997686322085
0.6981785243037649
0.7399119673613628
0.7681258626763314
0.6698732353681649
0.6746390717909493
0.7144651888659148
0.7035845802322693
0.6517151479787471
0.6709090678164675
0.5392788785661496
0.6554341242926512
0.6121227487033973
0.6857207533767552
0.7152677823223715
0.6629189985928486
0.6969026882895878
0.7790521750841003
0.7230323278221171
0.7416086029002061
0.521362121702305
0.6913630624888314
0.6598178488848337
0.6074052789912382
0.6568489659371444
0.5357693846993236
0.580238525719101
0.46809393454638576
0.6374223385497391
0.6214541813304593
0.692436031564239
0.6844281647670344
0.7107712651747828
0.6589203684163933
0.5807573283089797
0.6279120305289854
0.6285290606046414
0.6802805365649474
0.5970202291237067
0.6950555263400969
0.5906313701253065
0.7634636907921054
0.6432350991823232
0.5577004013529021
0.5595642321670345
0.5787809628951814
0.7773572822326479
0.7151282261126444
0.8041866272792871
0.558921005760828
0.5024019113776538
0.62659498784739
0.5777807413635114
0.7149969146874866
0.6151887123272712
0.515104447977113
0.651936483540825
0.6371241361692684
0.6851290900525437
0.6260139035454445
0.7148356695046396
0.5942595852242172
0.6443183304803434
0.6767845198459607
0.7460603251039319
0.7036605075933067
0.8212489497098181
0.5663851448968054
0.6836681763502187
0.5781471094482877
0.6310676411100715
0.7497926537319257
0.6736739300134031
0.644849452480671
0.5469678738102602
0.6185536756215044
0.6671155896504603
0.6421759028634585
0.7466714835382803
0.7599232366977021
0.5301517107231012
0.6698449029991358
0.5012560708339854
0.6430241455980932
0.49373581080098783
0.7151700421374277
0.6913614654734664
0.6149610224629547
0.607957461914402
0.6421454921058544
0.6389753481871637
0.5324270389292449
0.8572748745873021
0.5628994514840289
0.7913036077294617
0.7180869718223486
0.5794477542709098
0.7692464380691304
0.8255454319097159
0.5328825710932136
0.632535188020773
0.5568364932225792
0.5843447358839069
0.7468182403335806
0.5718520838341609
0.7218081712481049
0.6893388784709662
0.6888919138044542
0.6529344866454021
0.6470632417151477
0.6335134954150765
0.6397587969446515
0.7284595127274784
0.6615520737741998
0.6867365066519179
0.6247690987167414
0.6455038612507594
0.5298542100652773
0.830550879826087
0.574640204986951
0.7198058341706169
0.6127626881306658
0.6745953909543758
0.7906418140308833
0.7294098351980952
0.6009140005362831
0.5175475585598703
0.8108479755233522
0.762819836438249
0.7893820624204284
0.6525220001188337
0.7312488575348706
0.728937597633477
0.6767339318890049
0.620721073190455
0.6852116559301503
0.7413564994988351
0.739683305647762
0.615012383978995
0.6499863003800238
0.5822257055930531
0.5976341999813178
0.5999934783458392
0.7009918493517701
0.5783480445314153
0.5781375307558401
0.7019887636237389
0.6418890850369235
0.619406998796752
0.6993391114786478
0.8289885418739463
0.6110429111460823
0.5488077978427759
0.5355893875202822
0.6411474081091485
0.7083089464559218
0.7200014172414095
0.5835823076913572
0.4796901765266478
0.661495739917196
0.643115287072481
0.6153840588428641
0.5110559789542064
0.6139388458308149
0.6790606103691859
0.6808255327445286
0.49646608507380313
0.5869447688704827
0.8159580898063487
0.7240494066031921
0.6170100423043557
0.6812556329371703
0.7806189688968886
0.646651565047658
0.6113110920092125
0.6955235524747969
0.7632577037835878
0.5585067929212817
0.5472227175585805
0.67441530857994
0.640227512159081
0.6825094488391311
0.5355535818385438
0.7486729361794012
0.6195925265719572
0.6781062967885098
0.4852855029109998
0.5108632202196207
0.6293541651707728
0.6709856655051183
0.573015295573635
0.3727328236812938
0.7019426114130162
0.6953426283992198
0.5734759563390404
0.6409855225463205
0.63813029222431
0.7696771422267071
0.6484055835670944
0.7539468665430514
0.7063834439978476
0.7083178349197599
0.7055549466324765
0.6905236944563621
0.8341267592324068
0.6530988427189378
0.6166157393696157
0.594800066025019
0.7402933694163087
0.6367197711262352
0.7730935310913892
0.6658488595362677
0.7170979391121085
0.549137900463906
0.5859336807493364
0.6488469512743761
0.7546906586322206
0.647980136435345
0.7695652387024574
0.6499496285887226
0.6868176624689443
0.6341317097613948
0.6798368885810205
0.538828571790586
0.470610643526567
0.6485337244848363
0.6104425626991383
0.7808080614554707
0.6062197596666214
0.7191996721655429
0.648579698372523
0.46942791655023763
0.6005495793369611
0.6643017686002589
0.7370698858586424
0.6733613320917724
0.715534713495158
0.6872465439584818
0.641655898416634
0.6072849520972854
0.675968133433277
0.6071183173613143
0.7072816086469897
0.6154491415143241
0.7909055711231056
0.6344633103707611
0.6978962644851906
0.6477339863552978
0.6151873861488056
0.7518457582007956
0.738745863178247
0.62933817816414
0.773105835774437
0.6260152043399418
0.601058452221433
0.6078402422055917
0.6432486572394083
0.6745824894309553
0.6240477692690815
0.5802554687085798
0.772515635526222
0.6620805781632761
0.7033331980412724
0.6420169187446155
0.5236520753899514
0.7927224150255402
0.6957007625086261
0.6880964322958477
0.7429545000922346
0.6330202719587205
0.6559619121965685
0.5324146158417478
0.6617491533732011
0.7384596079150975
0.5835122147248198
0.6926711943205461
0.5950470779175567
0.6467028803948025
0.529623686866975
0.5783984681491066
0.7042212019138051
0.5981655014343252
0.698122431515935
0.6557005089297938
0.5466046304135989
0.6528293821060891
0.5816219177511939
0.6182182096026589
0.69024261870518
0.7025602374393878
0.688222465475627
0.6276342451730247
0.7037761918603955
0.6274125281563727
0.7139764405623671
0.5818992986852739
0.6377326711921891
0.7034884991799928
0.6940828313688246
0.7782812041444374
0.5376265288963793
0.7265988081984325
0.6330750444833753
0.7479703475114852
0.5775332249655394
0.7032065307226999
0.7037624102206284
0.5457701352413334
0.5606657377515557
0.5629796494221886
0.6861548149310643
0.6073197297127138
0.6854196562181464
0.5461868917959251
0.7016178614222969
0.6092015626332511
0.693808019332007
0.7482125892378338
0.5065324422458108
0.5901778919368462
0.8058367169382856
0.5860902514391446
0.6822416708521893
0.6272556970010403
0.6960911314840945
0.7048622719750791
0.6184329106309865
0.5620808736115276
0.7045427427710156
0.6657864337407677
0.6137090347372587
0.7079702367000814
0.6917260956792946
0.7190852414214752
0.5692396920203547
0.5841373074666938
0.5855844850357822
0.5620165731076652
0.6399313202789613
0.6481623096266234
0.6526513528753733
0.6799524168294302
0.6926035352434545
0.5067306773859923
0.6888978381561661
0.5963425667611097
0.5001900074420853
0.7033643830809732
0.7575064433334783
0.621678018858551
0.5580605612056128
0.6924343273065875
0.6245601677861032
0.5536627005988731
0.546722487565659
0.7144499062802675
0.6790013474839417
0.6399353256881439
0.6762756534710699
0.7351475200354957
0.6459878455842504
0.7572301794006161
0.6590621583988762
0.6682544346549301
0.5825769574920034
0.5516929037141254
0.6464144056852734
0.7044897831373109
0.5419220745223841
0.6922516532758974
0.6471028631181371
0.668117935047949
0.6019076868809559
0.6140658299172557
0.6251866774255548
0.6715428533647626
0.7281898165693685
0.6424451389499515
0.7155598531595224
0.5981226068407817
0.6068738210558712
0.616114888176274
0.6771132371691179
0.6005697910734237
0.7597123088125769
0.6779682446934108
0.7070067595734186
0.6397212979487102
0.5747935967302902
0.6960401367493894
0.6846414787775879
0.5804192996306421
0.7551722335270238
0.7618860630219533
0.5463266244893383
0.6222903617392966
0.6079845375843453
0.6782328423734627
0.627253489812392
0.7795832449043738
0.5653301492812075
0.6582391179772688
0.7402194695644275
0.6147032475996661
0.5975014792352473
0.7411295655327778
0.6543691718240705
0.5798084670880648
0.6541797906399608
0.532964299995763
0.6615756654023118
0.7232502810793181
0.6793811952702735
0.6641951466177053
0.6492019409087733
0.7073556262796472
0.6677361019895264
0.7373050154754812
0.6609177088645599
0.5867585790165606
0.6658878688658326
0.7018473329175245
0.6324633446272055
0.5789567700110091
0.7307066335429038
0.5241592593911365
0.5265747960797049
0.5854063199366747
0.5119136802720646
0.5831131753557648
0.5822821605502019
0.6428581138164096
0.6863489352037165
0.5541159291251706
0.6706564686866858
0.6516005294570274
0.49673046465453485
0.6002642944075935
0.6820539070389142
0.7190519709336798
0.6201934099539297
0.7180290521413186
0.5538406228694488
0.6784215712011881
0.6065649561858526
0.5761246843565443
0.7135371610935077
0.6279775341929775
0.6570819199909381
0.5313518406599225
0.7122627904590673
0.5081018918807514
0.5863382132878008
0.6969551385621359
0.6088280873990027
0.5078646997230813
0.6195160261088669
0.7401086684702705
0.6245754544068682
0.6479431527336772
0.7593151853031258
0.7218085855532597
0.4011492475501468
0.7655391618172114
0.6416260349321911
0.6445915471754379
0.6788335212427415
0.6471262767989345
0.5546789880968085
0.6175036561235232
0.4898313135578992
0.6656810607726719
0.7276236266434186
0.5975901795934495
0.6258039497647365
0.6774773543086919
0.5545248273929502
0.5934532919638391
0.6810933018883977
0.6633602787306817
0.635507700974123
0.8034907268793252
0.6136285317263078
0.6808997605939223
0.6346586629163621
0.6580433166048362
0.6377702406202008
0.6828774815604226
0.5983089107492888
0.7643001775038046
0.5492229253066513
0.5761583898281795
0.6785903091502905
0.5397496993190924
0.6761022461848054
0.6487552039474492
0.5416647178377285
0.6034249921547828
0.7208923750336237
0.6781731883327999
0.7656875487644851
0.6944236607628905
0.6379980700165431
0.6899824033547632
0.6824612550564698
0.6408399594277859
0.6409960461040626
0.6227577384529279
0.6184877649649733
0.6899696507694206
0.6909203507889117
0.6219858546997532
0.6024824597266066
0.5238552201569093
0.636516574743871
0.7195776368145137
0.6004706188503207
0.6912616502762531
0.6590710465106012
0.5441323049605123
0.7331947244905739
0.7332202886007874
0.6557571817109087
0.6004321111466513
0.6597452839776957
0.5603907560968486
0.6207926470059602
0.6122040896659444
0.7438616839205289
0.6596856759532174
0.7055268752408541
0.7706318180214216
0.736366742689873
0.6664107746092186
0.6362293454447939
0.7723430955122611
0.5856852405758791
0.6016752885814639
0.7816447085621918
0.7242615141145035
0.547551010951782
0.7606325815433153
0.8113217515809392
0.585781262473125
0.693734975778336
0.5867729881673798
0.5224322836499746
0.65069858320933
0.7118815943810133
0.6621050993170079
0.5428584946478805
0.6634265468491463
0.6988043406960059
0.6821382991223762
0.7419526364353207
0.6267854082619364
0.7767322878508877
0.6888466297280997
0.7422817366856281
0.6206476634498719
0.5399591087012751
0.566721090724779
0.5962962873699108
0.7124214239610914
0.7761829318161956
0.778545599346146
0.7080891576900074
0.6517343655276735
0.8128373637775913
0.5861622476507092
0.6387103491829484
0.6473337784801545
0.6785872190688542
0.6872056386947044
0.6441301372581424
0.8114062992311747
0.6548790310906552
0.703792632096487
0.6318957878628726
0.6462853374911537
0.6111249145349896
0.6103131941012595
0.5636082693334113
0.6227401360176856
0.5508064731856374
0.5012669858907469
0.5783349203897011
0.6548920112926693
0.5688055496762271
0.7102125594920319
0.6011286918385689
0.6810422749985802
0.7855176510789784
0.5646518957182983
0.6112835725026189
0.607201698683982
0.697394621003072
0.6567584018801143
0.5826973809138539
0.6748927575259429
0.8613120240068664
0.679443038610462
0.6509058353199492
0.7451358875769776
0.7829432392876896
0.624470024686759
0.6015113889517983
0.6039797753114085
0.7263126946912646
0.7448706958083514
0.7103058772469011
0.7578390917451974
0.445800043820232
0.789036341883926
0.5380389452534261
0.47619834338545713
0.6802466796521159
0.5812146098766305
0.6329310993260518
0.6145494570145581
0.7381071442955276
0.5859875079705529
0.624194443478459
0.8024657672542506
0.6063103766203833
0.6674305801021158
0.5718171246477531
0.6418065278954357
0.5839969674102511
0.6785724804516421
0.6881647871506485
0.7833340058684362
0.6226265575645741
0.7044982110341006
0.7629561253486441
0.7080562041426606
0.7130934664588043
0.7389388672111579
0.6229837944267145
0.6674702947613016
0.6410098323431566
0.7091431803524073
0.666283234949354
0.5943801376227115
0.6912079456718873
0.6970175948164617
0.6470113098513405
0.4922467514981841
0.5971434170797787
0.7049564960686228
0.715938495972464
0.5604355057965903
0.5949448345161741
0.5906939272181453
0.6596168446840702
0.6487000376888247
0.479801281426532
0.6639251585890414
0.7863279476472635
0.6518093703867623
0.602345833259694
0.5777578677668594
0.5522968634011496
0.71145212925977
0.6148848102363844
0.6320469254812575
0.6538758130961086
0.7031008004531456
0.7610638669757481
0.5997291394795419
0.7438022685053027
0.5161027811192926
0.5254477773978206
0.7559269269619008
0.6819774341572935
0.6077997292763248
0.5808000128504662
0.5699647988995048
0.6556263056985557
0.6729540414583541
0.6863237394627582
0.573594265265631
0.6632660696080398
0.5662304232350873
0.6781676623192805
0.6347498706955299
0.5236634430645966
0.5720927513544949
0.4960921820960243
0.6282274565602746
0.7378641028192265
0.6242174229643589
0.5693127845007863
0.6201603733850374
0.685033570138902
0.6351016611602839
0.726550449205558
0.6366597306775688
0.6493946404032043
0.6126545533577729
0.6713637181716112
0.5927254235663847
0.705055825104379
0.5924000224417199
0.49158410314732803
0.7003208654543428
0.6411692272342487
0.7096306217210018
0.6219085584622792
0.7053931086547625
0.8465433480127456
0.6653626279431957
0.5950676049749972
0.5447106170464605
0.5842539726252773
0.7834547825013127
0.6122267813617069
0.7966723232244659
0.7407478211518743
0.6110748244025682
0.6629549763045489
0.734731921554619
0.6512771568571915
0.7997618283891557
0.7733799461992963
0.592621196923017
0.6659259127954875
0.7099078305348271
0.6862672612007272
0.5359805955418576
0.7301726112908036
0.629106425594891
0.6069927687449663
0.6883793189572334
0.5156363900375132
0.48192690759710827
0.7151639869460825
0.6667831179065857
0.717257737695082
0.7460113752186267
0.6673269528432036
0.547131831447399
0.5695525973670953
0.6755704843185365
0.625025883191421
0.5563034434286503
0.6445312002848573
0.46207500312284866
0.7394929897245464
0.6987073022571326
0.581879704702215
0.638317641611442
0.5840622802712679
0.7521196497136644
0.7285710217706267
0.5098950067302518
0.5364214665434154
0.5814562314340511
0.6858967148634234
0.7098282665739697
0.7911089181462398
0.6922279144928165
0.7718061159448435
0.7278736737872825
0.5686103204521956
0.6643928380797519
0.5573330581823893
0.6176812966677099
0.5933043722438791
0.7092058708100384
0.4152549186685549
0.6906442477569144
0.8139723953565251
0.5247477674500791
0.547244459492826
0.6321719231576464
0.48864697657278267
0.7045767859852748
0.7442252273260708
0.8203560485129991
0.6591773618440124
0.6246698357300463
0.5766239001017673
0.6054343060349338
0.6965455080703686
0.5830058003979899
0.6664272976348221
0.7663635748253577
0.6504309146798652
0.6808064786878605
0.5911745896349528
0.6058796494539755
0.7011594835387567
0.7142015561811573
0.6659183661409346
0.6351063035850634
0.6788797190774277
0.693984292700369
0.6733387774154466
0.7577773181357793
0.7354712540513655
0.6557350229921615
0.5989264410940521
0.6957518695180827
0.8317548321574337
0.6111899203834721
0.6538698972452809
0.5803893518421933
0.7174066859983141
0.5314654879138437
0.4672530178072444
0.7465877081520913
0.4739040914560735
0.6582331527812879
0.6597712284374735
0.6796662682901189
0.6982921346582771
0.6869888916809515
0.7206136559414356
0.7748446763122014
0.6046724619999869
0.7096798822301217
0.6101114619476131
0.8016567456330705
0.6317058530096994
0.8224645386921982
0.59352794598632
0.6490944241353362
0.6549412188303024
0.8050520162680026
0.6016484879116479
0.6969206089236729
0.5975418073888994
0.6856717455888646
0.7130248640229446
0.6798832508959801
0.662832072008538
0.6289304743736325
0.8260345174155468
0.7265970507673514
0.6508114667335162
0.635876617421165
0.583386463072295
0.6541383784238981
0.6456150193139221
0.6849796670080367
0.5559575734689257
0.5781202536928546
0.5346628492217944
0.5954025309790999
0.6690945231730754
0.7015894443288551
0.7580443316146883
0.6616461899233177
0.6071760786959127
0.5736295148070146
0.7401898570055758
0.5001890374958516
0.45544459531390513
0.574961841258256
0.6482397986792681
0.7593660134417249
0.6008117951130099
0.7802084101017522
0.7198988170448658
0.4780830743362422
0.6296917571859864
0.6801514266942638
0.7158266453985339
0.6446282533944284
0.6159734110799165
0.6246097146812977
0.6223876105182509
0.662077782472748
0.6721646625828551
0.6880321915011312
0.6588180495897368
0.5485803367058846
0.7712283457813972
0.6969799165126466
0.6011290031514986
0.6392647929287507
0.6660877787574173
0.5923753855042961
0.7156884153727265
0.695032817097787
0.6570635451934524
0.6258437128839851
0.678965206168392
0.5897065602926839
0.644966470965989
0.6357629821539335
0.5827546300988318
0.6617311630440542
0.6685292742240448
0.5615313944448086
0.7509700297135791
0.6936555152725574
0.6622279872078036
0.570164525427205
0.6117629806566416
0.6516637845243402
0.637650447314853
0.6468202249578303
0.672178057862455
0.7360315377904365
0.744862392833791
0.599808513761122
0.6488141412362803
0.7013579739708322
0.5432548055347539
0.5597875582816935
0.6560738594353619
0.6127000791129986
0.5292764742848862
0.6531931715731827
0.6919933122043507
0.6455462146339677
0.8010417198806601
0.7141554224980647
0.6611989095631895
0.6653464728961705
0.7043368733126646
0.6644792556251516
0.5249930008357351
0.6216936018499524
0.7261376794991434
0.7310974739504621
0.5795605918361807
0.6330661863613
0.7268139496871042
0.5272865418716383
0.7287519201712369
0.6879939634569993
0.5461951160748931
0.6330293238548511
0.7892751863339615
0.7701578587481569
0.7070471190346254
0.6994481988500175
0.6177596790438483
0.7344483082954948
0.5641031072723948
0.626239888724659
0.6085258622565722
0.6110359730710195
0.6659028504786919
0.5303703884475179
0.664143988120989
0.6943190031490881
0.6765590156702356
0.7659025514429646
0.6177402630367332
0.6640335098450875
0.6167841902180121
0.5915121984756425
0.6985537207130402
0.6832074134639873
0.5814184639550576
0.8212476564097827
0.6889149655557938
0.7062393288386702
0.6540410088682708
0.66219368057287
0.6721203354827051
0.6464413778891815
0.7285066019105436
0.5539251338505036
0.6420258755376932
0.641345665614978
0.6616285232404103
0.7091342238483545
0.6834542125247987
0.6493819299723341
0.5073990858983575
0.6014251118674288
0.6794135751761561
0.7281789406023216
0.6893476748528019
0.5512564007941023
0.6417326026821434
0.5875761116940376
0.6869498477798806
0.7214039937888393
0.6809133143322162
0.6802753036377762
0.6595941689761463
0.7365115006057841
0.7037189618093196
0.629119601287153
0.7179049197608028
0.7427000958028857
0.8373024374199979
0.6940185108534589
0.7012621900816098
0.7835176647041894
0.5965632627215007
0.6114212594403601
0.7029560733447926
0.6364684984676174
0.5568246842384512
0.6733739750249642
0.7247113120330448
0.6855940455582838
0.8249418006432001
0.8185971026567914
0.6136342895761675
0.7615082437978118
0.7639699431961259
0.6412326524250542
0.6060619533581044
0.6299871433235634
0.6773133976257175
0.6103220357046923
0.5925017562011713
0.6676653550069683
0.6296941764921233
0.6128923330897849
0.5006912278349376
0.5302268149752377
0.617561352584985
0.6831407194286397
0.9197920551263825
0.537883759146024
0.6878312343566733
0.6015773522060466
0.5328229306596294
0.5459014414994747
0.6438525078530708
0.6233778799970823
0.5023581092015925
0.6955967222630706
0.6074337873535158
0.5059366507516381
0.7501060931964993
0.6134164107504867
0.6389376076442872
0.626993566278856
0.5591572912103814
0.5598870472206542
0.6116340706403821
0.5764317356426908
0.5612340257302838
0.6898266552205568
0.5826307098367838
0.5967992177010396
0.6156864700765521
0.7210091674060287
0.7025230332466849
0.63097468587701
0.646606999366235
0.7393950816349474
0.6260755954878342
0.6056902289032138
0.6228149192054859
0.6207366102644517
0.8035102785050132
0.6973382583650649
0.6302858718193104
0.5766851086648827
0.779758446601887
0.6212603955709796
0.740086493583731
0.6526123217219582
0.718209434013442
0.7246404502444008
0.7418696889143815
0.6534832428558536
0.7210923149639588
0.6723888045318043
0.5679039959911645
0.6856867551694261
0.6508936399454028
0.5375824234927722
0.5902588470918658
0.754579208201045
0.6114186720693233
0.6507674934756887
0.7010089208034038
0.7779109381095571
0.6813957963468977
0.7693560403783644
0.6284992768093807
0.6280377111797849
0.5612628677800995
0.6748010385763166
0.5086060373346567
0.8400168845696122
0.7397948228571509
0.6388849331183448
0.7147627014678994
0.6548417555775531
0.6784113592999044
0.5368026445261106
0.6188938908971594
0.7456780154725206
0.6262378452773563
0.7544179613131149
0.7482088895076595
0.6451821492257851
0.7318670250189819
0.6453995711782883
0.7510905270008356
0.6687749433806788
0.6600207638511374
0.5429278714794488
0.7137365619514713
0.6757231130953054
0.6061275471279486
0.7818855807195744
0.4682604664442931
0.7703707906246408
0.803349135399077
0.6810741429668786
0.6813650209217996
0.6700479842834098
0.584679100288432
0.6200338151520028
0.7822900472677379
0.6156436822989803
0.7511245583461547
0.5641477665969499
0.532183884457148
0.7440125798837716
0.5725061559896389
0.625906737266231
0.5978514104997565
0.44779570190945955
0.71443954158305
0.5939435399634889
0.741368802012029
0.6890456487630802
0.6111179031778313
0.6218209634720703
0.8026400421496078
0.6815195130670939
0.6497213302457567
0.7229259246114548
0.5919001357290951
0.7194862437301774
0.5027827315466494
0.6390453107557036
0.6156425013363392
0.5075905094886568
0.666023734654975
0.6305159958673824
0.7446784729075552
0.6036412421899016
0.7447816253200409
0.5455638588414726
0.567773157937891
0.7042015736029885
0.685056730473814
0.6271253776050459
0.6505825328775928
0.7369891831400283
0.7886730126962288
0.7356245050598432
0.5047873569471489
0.6236386777999604
0.656857939384625
0.630242339791798
0.7043577744738393
0.741793340775469
0.6886085880272085
0.7286751248977723
0.7388670724717643
0.6128575526443739
0.6759513680798541
0.7020136803232226
0.5405404345259373
0.6090271220921333
0.6049327242831541
0.4107409242965272
0.42181104031093253
0.6325505760451102
0.7591738318368645
0.6879189000389601
0.7757636563022752
0.7207920272589008
0.6765998642907161
0.5737927621029264
0.7408236526078784
0.7395937053050445
0.6068439047728014
0.7609764222746719
0.6621095962527013
0.6034575588206398
0.5954289583123904
0.572561321299008
0.610895575764731
0.473001960485507
0.8490984897809681
0.6492979038329866
0.6808730488230275
0.6098770660407449
0.7125439363961092
0.5946451092216134
0.5688851790448028
0.6939207711684815
0.6314678310851621
0.492608853514619
0.745365123112614
0.6739405593150951
0.7018554552428943
0.6881919778333262
0.5116687463929294
0.6498414695758357
0.5167957102407259
0.5884801299170773
0.6781874214814053
0.7692903164999209
0.606734236360893
0.5911960997765142
0.49267893262826157
0.7224240067831119
0.6294142289402709
0.5986228502949219
0.5857678998259372
0.5774566399414938
0.7688665749059962
0.6550110982394415
0.6810365275793473
0.7057101876491624
0.6717500111684357
0.5306789885513395
0.6317905340719331
0.8076069620129174
0.6360248057419082
0.6285116252244427
0.6240936591014101
0.6665390710510728
0.5974036883623008
0.5348233058476222
0.6032046113679016
0.5775407399359943
0.6336864291817044
0.7333805312036219
0.7803338266647352
0.6066539350846276
0.5409764074287139
0.6024492738027989
0.5706199279541732
0.6829097155141105
0.7187901443170721
0.7441309718254886
0.7484217108717023
0.5744328388860497
0.47553599037109995
0.6526667678866743
0.6577756366479249
0.5550683690893307
0.6101748453031818
0.5898728705773868
0.5658197483552607
0.5779050062987455
0.5545548129961266
0.7872667704150526
0.6703278296753491
0.7353323459939839
0.6398852893728135
0.6324150308184129
0.7058658988336268
0.6615750635357621
0.7344648534768752
0.6433329783315601
0.6044650710986974
0.7724168164034311
0.6112377357983328
0.6964295466228196
0.7162640907557996
0.8383064364563559
0.7426397710972724
0.6397825176619312
0.5613379331232665
0.7201593699616292
0.5149204856389067
0.618778405960187
0.5642507213769783
0.6472729140346596
0.6781908929033305
0.7298728458945223
0.5669744893875779
0.5523420785866194
0.7488826869367987
0.6692588412482763
0.5951644840729149
0.63945760807811
0.6126373614675479
0.5804061029545405
0.6077718858262349
0.603374374258373
0.5830983537971502
0.601757239065325
0.5926175434273161
0.6141588572485087
0.7364243559056162
0.626988871494999
0.5960893572282935
0.7951327003734315
0.7704168070353051
0.6692327355855442
0.5187005883916496
0.7314032036521725
0.5489987413108238
0.6892048441722434
0.6326795243159086
0.6149401996844038
0.6519501754240908
0.5556060084969908
0.7133464438394387
0.7842614327852236
0.5938052211627223
0.5980621459994384
0.6543397331036261
0.7334310909617392
0.7441925871228386
0.5397912563559749
0.5998856928995412
0.5587516801172617
0.5362280131106503
0.6253041530163743
0.6111918452494056
0.739341744716969
0.859251419222963
0.5939745588693132
0.8721078292335662
0.6670913555731652
0.6331391373627749
0.5070535880190982
0.6492486349423731
0.7133384128913157
0.5096445074883166
0.6043686862724645
0.48125171828437474
0.5159648184778005
0.781094915987596
0.6850545257573903
0.7144210427019567
0.6709935106409008
0.631572033388333
0.7282689765939132
0.6434314557791069
0.5426802076889787
0.6519675347648091
0.7046699171360566
0.6645692541592779
0.8504974525287736
0.6967966121943918
0.6020266342895857
0.5377550308788452
0.7245335820830701
0.5106695234603303
0.6162284599402955
0.6159443822450401
0.586488985762215
0.5635474934831426
0.6432733707723346
0.7245959705849009
0.6656977163016443
0.5592622102359488
0.5135022293003999
0.7331152802223758
0.6607922787380152
0.660408344916787
0.6755921188580473
0.6543077455887719
0.49268999557906534
0.5889432474225348
0.7880031746019588
0.7976266695228708
0.7222059776315508
0.6041724531610269
0.5454255691451395
0.7730476863334886
0.5634419026539816
0.5382014776460654
0.6106846909599918
0.6523379100783134
0.646405840752341
0.6665475924183479
0.711752389193416
0.7397202581769394
0.7100777194426771
0.5491392558144894
0.5693449954471398
0.6549812519109307
0.6207754514449874
0.550334995226459
0.5402188419431323
0.6604143684784182
0.6874039269373114
0.6459331768233758
0.6692512302934799
0.7358964648615157
0.7673168463512154
0.7529564528022354
0.621511790164614
0.6145334344216719
0.6123642864890764
0.6472010142090237
0.6602282347288293
0.7451011746308265
0.651076954953195
0.6797764978600053
0.6076714514518011
0.6684876312783035
0.793714226039524
0.7872091348464306
0.7109981535227483
0.7844116558568567
0.6697836315707147
0.7756364269940126
0.597957828800702
0.5318125390023182
0.7536409437182735
0.6055830001655368
0.5206628474402493
0.6738862931495936
0.5049363434082196
0.7270340050253357
0.6262702965495873
0.735459396160095
0.4728159902670466
0.6931610899432669
0.6953506392083891
0.5520850946146
0.8077003300144739
0.6972588005045501
0.5210959601856698
0.5013605927282515
0.853939402278268
0.6912174931195975
0.7945203823093065
0.6626628024486617
0.7571255484282797
0.7998502393336824
0.6235393298221161
0.6348659210019699
0.6679199708131119
0.6356808071539869
0.7280870415385463
0.5800234784420709
0.5626517768301641
0.8014635330085682
0.6214303618089645
0.5915671078983251
0.6684208212987878
0.6362672132193223
0.7490963747166935
0.6586765868643111
0.606172740583087
0.6410224402235608
0.5608024020358989
0.6111847021185612
0.5649696441445968
0.7512294972031919
0.8355134313911804
0.5616753112436274
0.6146515326187496
0.7078389335306251
0.6189074742390316
0.4641767439112878
0.6349884690405545
0.6334469442986449
0.7606436606454048
0.6299535563613713
0.7253464476745698
0.5537956911125674
0.6343714520498179
0.6061575056181095
0.6835856764633201
0.5293786403474391
0.7850832345595702
0.6844840530518429
0.5339638141863992
0.5848646937926726
0.6615865864339641
0.47840580855848536
0.6307927896226687
0.5525807165655574
0.6966120006321553
0.6734173144870494
0.6992571665432005
0.6686783300609699
0.6361331363309639
0.6995997643503664
0.6799008922044388
0.5871894125311341
0.6667428741899829
0.5954139094609449
0.6507498884632809
0.6475464032294246
0.7258882598498483
0.6977418813469608
0.6985349875473674
0.5445896223391025
0.7310643024376411
0.7050031355578512
0.6551892616037154
0.7117152624475486
0.6805517070744982
0.622756506682498
0.7227545291914509
0.5293777855796888
0.6477778459488623
0.6694714119385592
0.6641832648551965
0.8057003323824108
0.6592919433173631
0.6542318215563219
0.6325314456308843
0.5655038381677902
0.6994847537552671
0.6723898826072122
0.6467712249842676
0.5804351811986447
0.6449241706452192
0.6639127896599709
0.5282182174058393
0.7087081959850008
0.6983183001410033
0.5585384953649879
0.6776806368396008
0.6610180041731031
0.7232911346483221
0.6837737393540345
0.6633882943507563
0.6862113835197411
0.5263238959919581
0.7902664978335474
0.6199683022020627
0.590995447363889
0.6054547306419045
0.7305124898244084
0.6563281697386576
0.6598179878524586
0.859658610280376
0.6509914598980101
0.7575526858404288
0.6615497541987719
0.8225900948984907
0.5823732998994057
0.6492965132516499
0.6093364594041997
0.4504928031462872
0.5427392702506294
0.6083936447189595
0.6036939666346849
0.6301893784388258
0.6367090632200307
0.6578144049761679
0.6305984327073375
0.5789674008197623
0.5928086282913484
0.6877823270363856
0.6827798813366598
0.6460707039393583
0.6196173407935569
0.7128287109893293
0.6088307778466677
0.6649864004010517
0.45878826177767185
0.7538664752272973
0.5991186674413388
0.74579812139155
0.8555099573847815
0.715140217831206
0.7704411971377337
0.6754827589724283
0.6251364255519711
0.7860127046490522
0.5056742037206714
0.5143562543814878
0.5930983707629446
0.65286706514232
0.44863263676704057
0.730493127260732
0.7283344261529034
0.585056707110023
0.5669344299889659
0.6740941270377013
0.6894823828787778
0.7528327873056707
0.6329859133237832
0.6391244029379111
0.6539541398560766
0.5975588586059284
0.602254415979108
0.6769194671973748
0.6052081322788845
0.5575361400109242
0.7133303787442777
0.7219950064891171
0.6821470251691265
0.6902576447654505
0.7167477679019572
0.6179344205450823
0.7019093530484346
0.473303961976029
0.7800630559208284
0.7088221174712165
0.6570115675524443
0.728938038996442
0.8042952037647407
0.7606856162752926
0.670304473746737
0.6481072926511001
0.6783523224079767
0.7026866262356006
0.6705611425443136
0.8551094315465317
0.770271419400182
0.4251371685625841
0.7335863386197643
0.707852277746606
0.6832490376375782
0.66174812911461
0.60122146942078
0.6217072670391058
0.6755316747667103
0.6503494852544037
0.7237668371017106
0.7298546803694101
0.6281502239839963
0.7266278245466089
0.7314347635163337
0.7038382927338289
0.6757955081395112
0.7047061703959807
0.6363869800900628
0.6483012194358717
0.5632998378067492
0.6293574954061385
0.5614043804307267
0.7172103609953017
0.5389270386732775
0.74451478909356
0.5945047945512864
0.7652523119859338
0.6908883456928118
0.5091373110170416
0.6763629011978325
0.5692353616826936
0.5971597593561891
0.5444991455101057
0.7500661547967327
0.7261151653564958
0.6463797634725814
0.46966846536340257
0.4899351680415118
0.6712228121661225
0.7755298595349682
0.7600214862289165
0.5917278963145695
0.6081021570814409
0.745780964039672
0.6830815439374494
0.7373061337693491
0.6416623971913988
0.6817731096728351
0.748621483098319
0.5963719751449871
0.6747275359409756
0.6268073500083818
0.6896586546109916
0.7205624330361957
0.7297099058974702
0.5992931716575265
0.7108542512237707
0.7115104057945425
0.6861902166564189
0.6650736627103583
0.69098199362473
0.5620571459836518
0.7201422722513394
0.6052746293042557
0.5394557543192142
0.6160604696117539
0.6760372821957036
0.5777906545819063
0.7564500680705417
0.6561852825094393
0.5477852208246653
0.6775602563984361
0.5519754465566162
0.5133112581541194
0.6472138244171607
0.7377025511574454
0.7450221197252173
0.5079026615527065
0.6590538538134708
0.7147686741748175
0.6062140765095982
0.7052464149181419
0.6279700137148615
0.5694267541509949
0.603377996373079
0.482455675080819
0.7376968086515152
0.5785301302384517
0.620289711150681
0.6632574933259092
0.7696792368034288
0.7072799413716623
0.6600775471592359
0.8074373326682941
0.6438539775219252
0.6726185236687493
0.6067219632120675
0.7032259031654325
0.7031915151839861
0.6332264564833003
0.6379093595636773
0.6753185272693384
0.6190667072869842
0.6002441220176208
0.7174483111968536
0.7244466704656679
0.7761551163427718
0.6480236153243664
0.713729397923353
0.716608602906041
0.5613323681929555
0.53066762095003
0.6822578129308738
0.7789204354750889
0.7132877174222549
0.7506375933798068
0.7656213335538599
0.7034018503815771
0.6712908891424291
0.5490723280002445
0.6531663599564723
0.6765148543117744
0.5606795220668699
0.4554955278504168
0.6043706362458733
0.7882468222044808
0.6744093421681685
0.7720760998039122
0.7054951227403873
0.6422025226191671
0.8152061553077407
0.6606423117447543
0.6058367790338035
0.6932895594840828
0.6460417332004388
0.5908395299247835
0.7556855583083434
0.622001530231289
0.5771969935138337
0.6268996064617378
0.5784971317017429
0.5700956760445707
0.7725930931288858
0.7090823003707502
0.47059441838377963
0.5745076080786512
0.6303961569850574
0.6366445124102769
0.6668891523291111
0.6630829516739256
0.7052275346739705
0.6251744532520872
0.681578888479995
0.6583856524075622
0.6752488302413808
0.7540559086659505
0.641619351508715
0.8440655968233657
0.6863408595030621
0.5716168652711485
0.6221297144571513
0.6921494221474891
0.7021268463809113
0.6703008100121933
0.7605109110535294
0.573458318443401
0.7611571504232569
0.6123747049675813
0.6136688672480073
0.7202277688131712
0.685019305915926
0.6485966649782026
0.6555248067766444
0.6796121621014602
0.6860792364798666
0.7903828778623132
0.5076856160527858
0.9388965348830489
0.683835041564475
0.643515779935732
0.5058977724310398
0.9042717502723381
0.6585750029555641
0.5595626980539385
0.5992877051375003
0.5167889570641325
0.7108339541851056
0.8124592787122754
0.5763295667129823
0.6102069335225146
0.6684749446241929
0.5874231289137258
0.7235273907811905
0.8196072150032553
0.4752984741989005
0.7280718258962623
0.5327121091021454
0.6767447338530587
0.7126870545425001
0.5366502477752615
0.6878953585323168
0.4432862172233198
0.5802587692010868
0.6499731412868046
0.5178274962685683
0.783195621110079
0.6994980498155868
0.6727239433295041
0.575931824647986
0.7404153885109059
0.6671451512664379
0.7145471730611255
0.6407049903229726
0.662695761231751
0.5868116897422184
0.6501088754314794
0.6380885142478646
0.6506815256055521
0.5978220428974734
0.6254204813185351
0.7661959999131426
0.6649528166690851
0.8007597504905957
0.5297416594822586
0.647927604155549
0.6129427350919765
0.7622005828773539
0.65374152934794
0.7178259519631793
0.6210063871367607
0.7261363366237522
0.6948460377664784
0.7291303037009387
0.5362115279836681
0.633468563371741
0.46329665360072414
0.5773559950872994
0.6645282652451453
0.553093411232523
0.7089736257995378
0.6985159953113536
0.6544917599037037
0.623052485232336
0.5446747340258544
0.6580493666212609
0.6909173748226155
0.7237992106959574
0.7703054905657117
0.5523156507533297
0.6733371679252403
0.6948752979459285
0.6855802466114512
0.6653441560037163
0.6269149803643419
0.6184780907746462
0.6677345879816032
0.6209010647403795
0.6731798044693115
0.6811127595794662
0.5623239131922965
0.6872953748804613
0.5801229414578647
0.810311631978135
0.4185452635837149
0.5179390441791443
0.7810331955037999
0.5382520391587506
0.6180417947955725
0.6069864115714783
0.7042745955427743
0.592914308065806
0.7129812729500246
0.7382028250512552
0.7525467360281496
0.591458734847077
0.8656615959953932
0.7113907261070015
0.6714398761491072
0.7546245219521971
0.6400755178739911
0.7495993191325935
0.5868069273054494
0.7278069243064401
0.542676640476919
0.6199424661941427
0.5503968313376348
0.6098215994467681
0.6205566921030821
0.4900090033830292
0.6808881538069741
0.6598347369364376
0.6663593380852714
0.8497232387105464
0.5216726615249587
0.5550430137724809
0.7131340808789506
0.681521068043493
0.7772687568813852
0.6331486728228471
0.7981054641440901
0.8731259873317905
0.668542433878984
0.7248046063470195
0.5023110111187407
0.5704349105215211
0.7162840830687216
0.6902883228908928
0.6954880494521086
0.6269214493962606
0.8021393789773403
0.5914274619726052
0.5700631895685611
0.6041211835282626
0.7347239086696857
0.6110805853853754
0.6477010214207184
0.5310661335904762
0.6758395046869848
0.6560743430230134
0.6581200741624523
0.6565237918198913
0.5545494459477852
0.5663059684932004
0.6265096039015068
0.7000687607156099
0.6801761576596481
0.5732827696472695
0.6440385409255505
0.6444872092371515
0.6925093175635456
0.564273758023738
0.6116560662195918
0.6731231019477715
0.5822712115777757
0.598897184057424
0.5501991420985196
0.5611089996619879
0.6736613928833488
0.5834690912609365
0.639661355827975
0.7415336726526445
0.71995127114052
0.5892820085862902
0.5298917805781547
0.5207529047316158
0.6547193094658046
0.6006343016511433
0.6123450127575532
0.6469401871177226
0.7856792121217335
0.5637465984466007
0.613874312995152
0.6045158759478899
0.6782286606194555
0.5137938153494911
0.7472964034891529
0.8776055686090953
0.5583152597377338
0.7232546293958062
0.7197461002627528
0.7134655339924271
0.6762959303897174
0.6122139827500045
0.6095095738727289
0.6583826494717235
0.4731348331380242
0.6946843248161584
0.5869781881400367
0.7387740851214145
0.6230956858142525
0.7393265305584823
0.5353111764922529
0.7455199727027539
0.6471338412533109
0.5904723512193232
0.7202318851977385
0.5689103633132258
0.7096714315791709
0.6059600722298389
0.7813888701238032
0.5466942738758631
0.625770802146491
0.602885512667739
0.6969627021650368
0.6429232509243858
0.7241256276433192
0.7063562413198498
0.6262593635869498
0.6559058397145549
0.598069877930468
0.6380924917101296
0.6434084522816201
0.7157983732807469
0.6471030648451346
0.7089619616615617
0.7216157073444015
0.6605357291646691
0.5060345560463635
0.5769785237904053
0.7679240322933377
0.6280902816897089
0.7574619576423625
0.6058154349115128
0.6038030126964791
0.8024480889058762
0.7879611747714169
0.6848623403371294
0.49850594051729946
0.714862393383085
0.5711575489120125
0.6746290394984972
0.6123200003090048
0.6943089697448579
0.6540170580784107
0.6862598383393066
0.43842882438832964
0.6332523547199299
0.49105769407673217
0.7033818913481502
0.646513250027461
0.7000452793007809
0.6099484430506961
0.703593880046565
0.6474443193011249
0.6722351598391756
0.7051205506718196
0.7480233679336956
0.5886138334695452
0.47490264781514435
0.6699365137733421
0.7351417410915742
0.7559019086274857
0.6467784244561604
0.6999405259898558
0.6668605205055902
0.6848386357280694
0.562178059130271
0.7759299558213993
0.6728780414375312
0.5272477303477092
0.7085076821134441
0.6192408257034216
0.6723675782469053
0.6896983254391843
0.585872896475952
0.7100471868225834
0.7993132338112842
0.5810827843002835
0.662999091424021
0.73578802577967
0.6375568945204068
0.6990025614244957
0.5124640188643859
0.7155873997157716
0.6423882629225126
0.8390623749553727
0.6546964697366466
0.5339513655542649
0.6241331489031492
0.5498448506738729
0.4839975363950398
0.45708246155739785
0.6924556005722129
0.5380816061773255
0.6437319494355656
0.526448918208842
0.6614347611772469
0.7290700248349483
0.581174024476172
0.6120407992053117
0.6611941218013137
0.650441802411041
0.7604209492908602
0.6125995382539214
0.6085911526159206
0.643207961375853
0.644842216429322
0.621108722074081
0.7316974585013954
0.6795997309433031
0.7571043931343027
0.6655971007791149
0.6147604296741191
0.6926254093910827
0.7988823228764654
0.6402344005241227
0.6401588913866455
0.6726740834613
0.6711674190750218
0.6724311561550644
0.5372198254516599
0.543115249653649
0.5729216965697965
0.7665063243488691
0.6888909155851275
0.6608502642987503
0.739819733749899
0.7829402714904998
0.6539786100397401
0.5390985630679871
0.6578580711894491
0.676353128628982
0.5959296794950403
0.7531144318421558
0.6842315912229819
0.5763027277759575
0.7119813322826808
0.6035187563335586
0.637410508214686
0.5415707437335056
0.7273989536513307
0.6502680171941527
0.7101865528352446
0.6852832055464506
0.5887761491148742
0.6934783844787488
0.7244506741541242
0.636077870889903
0.7358576242188533
0.6587749606767955
0.6230095622280921
0.6172299266919782
0.7332002809715431
0.8762687504804195
0.5454876594701847
0.686106321082822
0.5193181690913871
0.5713892247031047
0.6918213825964263
0.5750729320990267
0.6662460375896788
0.687368134935902
0.7250763506059561
0.5906068692757604
0.5611330947560058
0.5589439453123349
0.5786020337481541
0.6706973706031885
0.54100720187635
0.5673400720503824
0.6698240498458267
0.6058292122811416
0.7748831895002471
0.6872652808598021
0.6839757941438579
0.6496026591273029
0.6324450105247202
0.6309343165854604
0.7000953617412979
0.5894548744982588
0.7229936058416793
0.6973829978038498
0.7156507771956533
0.7169814727664078
0.689012155659085
0.7751911373909539
0.5438428589116376
0.6061336424869513
0.6677640767733255
0.6999378558221483
0.5991275181132275
0.743943889307043
0.7358018820120767
0.39628624753181757
0.5978113685619488
0.6814652675936607
0.6540437031460451
0.6710264981430826
0.5580576800348561
0.5900944450442289
0.5136642723068264
0.5028219568385921
0.6567128539406574
0.6719086561588501
0.6745513321714303
0.7232106046025035
0.6150661831302239
0.5770530555434551
0.5823655850530658
0.6538302189363673
0.7099029249978119
0.6841592991471525
0.7060935937337819
0.5184741757889627
0.6633004412181547
0.7071617749414046
0.8220677436274296
0.6746652549365527
0.7195577162554859
0.6757099151574024
0.7231827945113042
0.6456595962035608
0.6975241618830161
0.6447705853992421
0.7075010819295415
0.5722714776006655
0.6669336027652049
0.5371282937624741
0.7023614567409975
0.5764277331571439
0.7280184373969032
0.6328008987587831
0.7056443111984286
0.5256258094791086
0.6943614033799514
0.799941478281423
0.5008130902720427
0.5747626262673309
0.780712424843549
0.6588085058815153
0.5830947497546397
0.7089152141748034
0.6756691695436524
0.6458940241220511
0.6233790872107762
0.6270449957864275
0.655197898543696
0.5671540667123226
0.6521606514961049
0.7639926977089103
0.5770429227086274
0.6440848225301365
0.6879823294132414
0.715844851048178
0.6662525345752114
0.6462870970673493
0.6875476401864526
0.5960535833472087
0.6203778013390311
0.5672004345375946
0.548838594837052
0.5584128922279338
0.7067269283126423
0.6053531894413724
0.6582053653125719
0.7534541195663149
0.7437871882109918
0.7110558372358808
0.7227256226174186
0.7045707167596256
0.5429441130078153
0.6304260473096192
0.6380054591278366
0.7744898625710295
0.7155752497760327
0.6928419762564263
0.7217325094622102
0.6788758488888454
0.5389912474469304
0.7334569525971726
0.6768689632806293
0.6471471342815701
0.66189454574116
0.641005823342917
0.605952673396039
0.7094216987741774
0.6204765807213922
0.6630994364003936
0.6881220264450835
0.6822528078732861
0.7133698583020913
0.5983694126379056
0.65667748559391
0.7743170515232143
0.6618827657299103
0.6934392045275275
0.6133778756467987
0.6882161336395466
0.7965964268496942
0.733767287140051
0.6610491584682036
0.6461562710227934
0.6485074162082411
0.7054860333116628
0.6533836124886611
0.7117011720375842
0.6681395354990771
0.5806168596545664
0.7651236435698443
0.7098860373319436
0.7053628041752312
0.5228834390048526
0.8553467913835691
0.6076791005819794
0.6553947788487523
0.6334709378413604
0.5559580263635705
0.5922918106215421
0.6868206428741652
0.6543942287049687
0.7101028542361136
0.6902503922545263
0.563252196683852
0.6443447371917149
0.5266136568158348
0.6939492910360494
0.579109064160927
0.6171892516821326
0.6811873016489877
0.7221726790664907
0.5518948459593779
0.7602351348269792
0.8010663537817777
0.44163005705361685
0.6805547584694305
0.6509864069218586
0.7316979062783491
0.5882809564941723
0.6672327941893474
0.49965486580982593
0.7082907800300531
0.5690553014587325
0.44005527926944743
0.8552598418066591
0.7972639344310215
0.711606260830774
0.7148181851890767
0.6634853258652154
0.686098582869109
0.6559282079933049
0.6977619958137431
0.4955341668577409
0.7075005833453131
0.5078952670210763
0.7181690343241637
0.7889729974382561
0.4414609939741378
0.7313088482745577
0.807145089029357
0.7076557438305434
0.7466472665563858
0.5937470798989188
0.6737952067462731
0.7454341388922995
0.6093761811035465
0.5545129891152526
0.7309978636411217
0.5729847198612485
0.6102011786640344
0.7659278266875843
0.6318757564535753
0.6933833789862687
0.6035338923608977
0.6583883288003418
0.5919569652586519
0.6511636320080645
0.5941773359802908
0.6928711365866693
0.6488131369368193
0.646444631596634
0.6616477123280298
0.6136252992356381
0.6162292723599186
0.6983180178772244
0.692128257063199
0.6874765541063975
0.7129575627548985
0.7353046358342712
0.6551699720559581
0.6832481946401983
0.6572850365819197
0.6429764435457092
0.7430825904958506
0.6643301209973685
0.7124549935503138
0.6187834325472841
0.6081037841608898
0.7429821295777188
0.6515714416993299
0.58614345737038
0.5587471391289867
0.768501684748986
0.577826571532847
0.6959108099576302
0.5903754908269377
0.6801794708622889
0.6221705992993692
0.6106952134597851
0.6653307837137546
0.7350891893806223
0.7009919042984734
0.6902007335914283
0.7660683852354544
0.5949917645668917
0.7398453074788371
0.6520487732744379
0.7598658772934468
0.6601871045844963
0.6857054998261796
0.5458151093923704
0.6466382887465966
0.7915046787224085
0.760346471035216
0.4276540022408043
0.7184310179190891
0.6293735516494603
0.7898152931659962
0.7799736062650973
0.6460539545638879
0.5754205241710075
0.5987536599450134
0.49394908954191186
0.7363280325959669
0.603694449489675
0.6188367878278042
0.6296128623928514
0.5923783939925343
0.6164556313353681
0.5783582176147326
0.46656843908750345
0.672461691308042
0.8797227797382997
0.640695811143656
0.78559458397359
0.7470809906337221
0.6504342018365273
0.6500106044635972
0.5223224753188189
0.6691907730392741
0.6766483438448941
0.6144639471372065
0.6497573671028423
0.5816598237333666
0.790685665263891
0.6652888537463456
0.56140318160736
0.6315339412133857
0.5547447030188452
0.7018453405847342
0.676531013434333
0.6766079651916015
0.6381183525664959
0.6074387221470762
0.8050972651429134
0.6453882678460363
0.6060986071971575
0.6056776864245061
0.7908785389385288
0.6043433928250661
0.7659766526676587
0.607066297517179
0.5380494270628176
0.544658537262398
0.575994408370742
0.7003553313774421
0.7464139185053661
0.6599958171251465
0.6639646317202079
0.7007514978910312
0.7130242425381945
0.7338572020968858
0.523185670924901
0.5979860503197101
0.6444362466019108
0.6589692622594084
0.5816228238766482
0.6266963954331783
0.6167006765184664
0.747725005552508
0.547003363386295
0.6089668441532897
0.6203933830013146
0.6016272039032067
0.6042639234398409
0.5721408357726273
0.6639892297104726
0.6892805460588527
0.62247737412838
0.7151494304367962
0.6012896610537182
0.5663283815549922
0.6052730516745174
0.8110919319773584
0.6145774464195792
0.6476831658388016
0.7298642810943848
0.5211607496421423
0.6028954835706266
0.6928370852238374
0.6345092050224416
0.6478120799704578
0.6723571592060852
0.7020309442883931
0.6196873826810586
0.6679514844015346
0.6855451572693119
0.7164075481283005
0.6929467458286392
0.683725202693205
0.5999019069406191
0.7559189408003436
0.5535431496523746
0.46296606598152595
0.696435260006554
0.6898078641122026
0.6644853060899573
0.630267344108692
0.5457273995984437
0.7401405294971131
0.8541202733266425
0.7495319336591788
0.6722040068907981
0.6522389474133444
0.5867513229647124
0.7034928923324067
0.5978000399340401
0.6255214555817354
0.4801724821014929
0.6200079280552742
0.5270306348866868
0.4789865923556317
0.5465212413051165
0.6383017192899737
0.5765598534769601
0.6757110152218775
0.5029194401560624
0.5776006671153893
0.7227882313593313
0.8507782048517992
0.7066950348365298
0.752615957286363
0.63547399972059
0.688010003940944
0.6521086184661766
0.7878588287880713
0.6762382626543227
0.5362900344841725
0.575082312501006
0.6277170755061777
0.5589629287663922
0.5276605616402992
0.646929775233314
0.6243737875205846
0.7092372568528832
0.668233502849532
0.5786630010103188
0.5487747772499753
0.7572361729093163
0.6584575067662128
0.565363255833214
0.6538218955448621
0.7006234365398551
0.6742902040755937
0.6799450964410306
0.6615652924857197
0.5561559446925644
0.7639315501961795
0.6834112076366936
0.7462506046721707
0.5132861998675662
0.7495327665462005
0.7385607129516507
0.8142618130924398
0.6223753133708175
0.7393003176441303
0.7140850335248412
0.6167524850239803
0.6706832363990133
0.7018193442881504
0.590695059840766
0.6288659812562901
0.683871929801573
0.6458715106372346
0.6047741370353024
0.5682737595678831
0.6460980389947109
0.7215607951445451
0.6029935069090151
0.5625490241074048
0.6447964419771358
0.5553367506823558
0.7054020164426777
0.7188707644555786
0.7584531255329873
0.6762245194393783
0.5685826432136176
0.7006096838913715
0.7063474683059876
0.6145448846649679
0.822835688225329
0.6262642954037821
0.606464887234859
0.7907014288127573
0.5940873129530087
0.6241352364693639
0.7370536287869626
0.6344715708004203
0.7795454065278127
0.6358078691237267
0.7643503242649101
0.6266760608785032
0.7610369506702039
0.544277607955018
0.6190130229776281
0.5896364122164446
0.5580894155195539
0.7639816006584979
0.7232552419460712
0.6659402326857704
0.7143116463512919
0.7567894026249984
0.6245995378667161
0.6288243937760023
0.5633117705279405
0.6847179863636026
0.6845228225919933
0.6536921246329571
0.7225303239551335
0.6559962019841796
0.6273105010272533
0.48929696515942495
0.6071558129095925
0.7145849426744288
0.6475686302816747
0.6674374090328427
0.8854681425258815
0.6355088422838884
0.6794225943958148
0.6239979427220086
0.8274638816882034
0.6722370889216452
0.7522337760909149
0.8294958134768196
0.7444009183897738
0.8182688249234394
0.6072309734476005
0.6236582221578689
0.5938511187903174
0.5618461754488421
0.713622365294577
0.7741784343205996
0.6303858271374383
0.7734006095582635
0.5935158297268919
0.5888966550952235
0.5465291864684249
0.5989278145950802
0.6493886648956573
0.8066332812001609
0.6317925775292392
0.7157238698962155
0.6957924998522572
0.7097203651513909
0.6834174090106099
0.4928215862921176
0.5787193497087989
0.6107826846671549
0.5694714329812721
0.5771697341087256
0.7033890484736947
0.646418371542291
0.7355166580762684
0.7304193380215085
0.4454824896675698
0.5876361912832265
0.7572608361960247
0.5609184050677992
0.6323926014483245
0.6603627738619889
0.5425173664491852
0.5864661821635551
0.5896379314226662
0.7299064038140294
0.7281859612958946
0.4817204220506075
0.7091674391370736
0.6140415823320045
0.7078244324416605
0.8321087613271454
0.6480851591705201
0.6218931938003488
0.6370113690645548
0.5047223467275471
0.6681851367437579
0.6422137413976048
0.780245188747331
0.5913568227159322
0.6914151759048857
0.45484136274986586
0.6296076526263391
0.7184578611661966
0.6213046323302966
0.6255159223399264
0.6178711933801513
0.6574820445396774
0.6948044731930713
0.6857829587020019
0.5953559891219161
0.5618591334720655
0.6222800427722943
0.7008137047602098
0.6551881719481447
0.6662361088320503
0.6967158780978762
0.5614741393892709
0.6303222782588811
0.5973775442037763
0.4738211317800922
0.5734094519072086
0.5235323798943806
0.7749115927823109
0.6824396090767647
0.6845307058108949
0.7228124294998753
0.48241840609311143
0.6231594496840276
0.6147994932081075
0.8020182556602351
0.6610683341640236
0.5945650764940561
0.6894578158134357
0.723988135778141
0.6434474186057991
0.6608136452507217
0.5613430401517059
0.6740844843879307
0.6328450561003178
0.5604776986168454
0.5571579871769753
0.6673804990009078
0.6292388002380489
0.6306114842033024
0.5943789231885015
0.6837335978147046
0.6753287629653869
0.6676199799278809
0.6523396719060754
0.7689894612600752
0.6020735344032767
0.6496275520606247
0.596137484877712
0.6205109860878191
0.6903681259061618
0.600350916848759
0.7045126417112023
0.7893142334863096
0.7809283253359054
0.6044589316960001
0.8136939951158153
0.6344648298526954
0.6473244255524492
0.5771346800155313
0.5868478114607962
0.7248185221365437
0.7075816052152587
0.6522243180267828
0.647765189862368
0.70338249799552
0.6236088696175293
0.7573249361874858
0.5934030137626983
0.784160801134828
0.5030711280102063
0.6847554485626215
0.7351766718845796
0.7572956339295576
0.6531801201208413
0.6103957651020722
0.5679845250947624
0.573315433231269
0.708895057184975
0.565340452406269
0.5914392115677874
0.5609566558351043
0.610486838649674
0.7223795751362989
0.6268071418913677
0.5404526216138015
0.6150307425258896
0.6166341359015118
0.7319951034892433
0.5891790431869026
0.5371956713750525
0.6796411634070701
0.653517194659384
0.5788769850330001
0.5154375530940353
0.6945678245738113
0.5910724382170263
0.6866049449947726
0.5255587385007247
0.5950502059676084
0.7092558094813275
0.5638154208928619
0.6499513552470517
0.7301697920707492
0.7704562609977718
0.6225894618630181
0.45880837018477094
0.7807058555661135
0.6709724583087637
0.5882520143204147
0.6823447143788818
0.5816330533812699
0.5742930945694966
0.626405776840098
0.6089571550405072
0.6009467022206876
0.6402158155290826
0.5513270416232342
0.5760614639896716
0.6631049700279184
0.5424711382126541
0.7024791764157058
0.6930331318266798
0.6159202918624266
0.5439480092284178
0.6362614422658328
0.6670420852051189
0.6759612864528378
0.7000395621819825
0.6665854179527861
0.6143939780576123
0.6735213912153332
0.6606711874563601
0.5628862766191328
0.5430586198934337
0.5588141524925241
0.5317615737136103
0.812146745976581
0.8317581381353584
0.7640889892374573
0.6683052761369559
0.5779602573610245
0.5942411961812002
0.6750424135774763
0.8241611710799022
0.7153446571763399
0.7579412295908997
0.6210185977894962
0.782267588304563
