0.7065730955764317
0.7694599706570825
0.7152880508454168
0.6132178314686707
0.6763153520105647
0.6398168152451883
0.656425342716496
0.781988159881704
0.7931789428069191
0.7379580325728806
0.755183845145204
0.7699584085293154
0.6308167009121727
0.7176255215497616
0.6324082622332174
0.7789770206877321
0.7095045848477998
0.6757916705885849
0.6888692428012321
0.5282638153370953
0.6676333571355457
0.6598953237861851
0.7149118490312006
0.6617783066505493
0.7755697392184793
0.8296429431748493
0.7686745098232999
0.5830683931836069
0.7581980618284295
0.7280305848228338
0.6460364931904348
0.7282229373369793
0.6843449393057217
0.6906844446553175
0.8129269134333588
0.6947326949130049
0.7359284886696645
0.6809389825030348
0.7930694958535123
0.5227502975274914
0.6316883925067353
0.786437140100752
0.740140085374651
0.7363198921115237
0.6521824595746993
0.7060096150262802
0.7200032901407081
0.5816301739908244
0.6331817655591891
0.777921555004338
0.686393224265996
0.8858694666388622
0.8204865456987183
0.7641378406417183
0.6229162641187781
0.7011086849944844
0.5827413648750898
0.7547500396646987
0.6899572246141814
0.6933025119077132
0.7462669605389047
0.7312185942389215
0.6684477545414138
0.8075596341822472
0.7220593971930367
0.5638759783075709
0.7770259083431135
0.723019424582873
0.6337141772418777
0.6941119467357324
0.7252484455475853
0.6633384500815049
0.6714619513127449
0.6506094600460477
0.8908004029812369
0.6704097073542508
0.7273589340786946
0.7007513396081401
0.7233611561839917
0.585616095373621
0.5951726348877225
0.7237030536542599
0.7186190236813076
0.8267716316271557
0.6677217113519209
0.6583464950114905
0.7295394192270729
0.7007714785099813
0.8146982584611343
0.7314716272382161
0.7278841762894073
0.7476359758997092
0.6833140231250989
0.7435135552376103
0.698418694874517
0.7748770896908104
0.6475180186481472
0.7159037271150503
0.7108759521511943
0.6862982963392494
0.6968022232350105
0.5781418363636854
0.6876393364953712
0.7162461370673792
0.6026126496516744
0.612729369575144
0.6404013192403966
0.6974915272536114
0.8461207035728164
0.6216029554562186
0.7232693397650247
0.7809421290839833
0.7100470132878577
0.7641016456379662
0.7552932872301054
0.7063092846336143
0.6535003728896809
0.6880676066843314
0.7156126232049336
0.6583101289484252
0.7940484279960226
0.781850974754139
0.7898129950979925
0.6528320807865033
0.6564636776751966
0.7501860461070446
0.82847201348925
0.7550460260254223
0.6319859767424707
0.6302818090255193
0.557910008035684
0.7834790269397078
0.8760768535883485
0.5891426932568831
0.7354936543121824
0.5419982492269249
0.6258654138055656
0.7342820500524049
0.6010936585655586
0.7527198649527044
0.7353025279474059
0.7562177921417275
0.5898196395045999
0.7253557375005087
0.7621323453343989
0.7282770588820313
0.769356652357609
0.6731843227627858
0.6082359649516251
0.7514843156572762
0.800610348367672
0.7520978569386736
0.7333306854948868
0.6409771790256836
0.5904164393188105
0.6291027295450365
0.6703302608316745
0.6878836285793976
0.7649180207705306
0.6513367847295335
0.854959519975518
0.7466667178392518
0.6558463093115053
0.8509549985056494
0.6847113248736467
0.5524907933175318
0.661922649908042
0.6090964182106301
0.654383480813281
0.7531591265108485
0.8800236078303791
0.8038198119566592
0.7701156115606841
0.7072169073878106
0.8457626982399271
0.7492266258223648
0.580277047427746
0.741629190827409
0.7935348309629096
0.5359076322860787
0.8172534515140929
0.7754009575606062
0.6478524279831396
0.7243533415656924
0.6743693225344055
0.7929378689522231
0.625718530257971
0.802529965777522
0.7857313270160616
0.6385692309583976
0.6294338989672206
0.8196938967352327
0.8081200889132546
0.8337519650595553
0.6182086365196426
0.7938881514808419
0.6208961743570983
0.7995601243745104
0.6171358391145509
0.7573663145710707
0.7261915313002487
0.7795019908400053
0.5731495758425306
0.7158702910881364
0.6680887852735924
0.6993578856476952
0.6047826487209255
0.5279295089283812
0.8057016839990648
0.689481102891109
0.6153336532394638
0.7120421897600213
0.7395472150321536
0.5344817570593821
0.7563933823148778
0.7360546062566069
0.6059799443441407
0.660585203031367
0.728984037824405
0.7438726474593158
0.6281629961762054
0.5948929138778953
0.6879676825101922
0.7129494540376843
0.7637112165123567
0.6393417536029381
0.7011540312626344
0.48750821381960285
0.6971360094349348
0.7480534075109186
0.8400394986428392
0.7249580339271312
0.7309760347614361
0.6688457374468546
0.7027963407724641
0.7901209222661134
0.7799390586857773
0.6920713774127211
0.7163730392205159
0.8436789257129017
0.6605881303897111
0.6873196559988519
0.7176786621316427
0.746322788019659
0.6438458491435016
0.6594070146565675
0.6461630802477958
0.646523246209508
0.7274587244346614
0.5932359352739753
0.6272576799714453
0.7381996245441832
0.5441785739692784
0.6511262185542621
0.8493985208613155
0.5674398518336342
0.851563595670985
0.6754935051957651
0.6684242030401026
0.7783082558513168
0.7164399018473974
0.6889940661939191
0.6798647595839734
0.6620928599347234
0.7657718956466338
0.6430821383992699
0.49776585315552757
0.6212374005473942
0.6464085250465966
0.649012590355567
0.6966396152692917
0.5783574076576596
0.7455948782334356
0.5911325028664346
0.7422153608622137
0.6748600021949193
0.6130721662217219
0.7445216528710776
0.6399867985378246
0.6181082276968043
0.7593931984023695
0.7981435452969057
0.7334350663911908
0.5851531521310012
0.7953943579976496
0.7255588057365276
0.6970685516794723
0.6105592228176024
0.5418189766346112
0.7272697959718484
0.6711655990866102
0.6341351129177255
0.721083586121227
0.66168739947755
0.7375556782259127
0.6339232428954374
0.7281650741541722
0.7233887791797745
0.6186667380341953
0.6476948144866181
0.6469087777558155
0.6856584738667878
0.7552633323000522
0.6129875708686674
0.7420703928792103
0.6368638752545647
0.6443811262891891
0.6970180365448883
0.6564252245665706
0.7744758179764363
0.6850810975031396
0.8598687706994403
0.7009816570273854
0.8354673798511464
0.7476030223613979
0.6678737480159169
0.6146777562583292
0.640049132764741
0.6367843067511854
0.7420553778436373
0.7554828503624565
0.921263609371934
0.8439996023893206
0.6200421567660308
0.6807012853320781
0.7691595414640463
0.6014500550101802
0.7370170175459052
0.5739351099767103
0.6645421762592955
0.6899921506523414
0.7166801194710362
0.7007162939581723
0.5607549007661929
0.5765517887173858
0.7296016262605427
0.7567825059498494
0.7651503565288283
0.8486651014257215
0.6558298030973202
0.7427390311473011
0.7543735294033553
0.7535937859513695
0.6090329692253055
0.7006857324328135
0.7300112808694705
0.6837868341945311
0.6708839850875323
0.7706334499153547
0.8226790085931027
0.6519434684296528
0.7522758529855418
0.5900731132641439
0.7028861465197019
0.7215444954470435
0.792645684475938
0.6758219200747702
0.6290515503673553
0.5840022535679021
0.7973683169162273
0.8100661352050949
0.6315478129760108
0.7103677181069664
0.7227749467102067
0.7093385094583731
0.9126948194061714
0.8497839551879299
0.7712680582167295
0.7550616114413763
0.5770479943950807
0.7199691228828171
0.709897373562314
0.8025816173281517
0.895038471253735
0.7768719822958732
0.6121390465850605
0.7549138208923325
0.6357523550489694
0.6080337831136456
0.7547627188029542
0.6749989553044239
0.6905299389089061
0.6754481081669619
0.635541769866935
0.6474849180655937
0.6691045379205024
0.7499147445777643
0.7654196970190126
0.7346296785660406
0.7298424387058561
0.6040617311409263
0.8615296829345851
0.680926254591671
0.7566861832819824
0.6116949967425104
0.5636488006157963
0.6250047227163663
0.661575274826475
0.5989377525506127
0.7232976044070586
0.6245438687385114
0.7398495456721655
0.8070363025349229
0.6936904798086392
0.6295312192606197
0.85064999499314
0.5680029624248241
0.8002328799799585
0.7775332616123649
0.7411554840929445
0.790740389454834
0.6061080298807572
0.5154174485808043
0.7637602540629532
0.7728058103261373
0.6040038005786073
0.7607608907557548
0.7328971543102599
0.6705890927436707
0.7097283920723205
0.7891275791585811
0.5832179798182625
0.7531360451356899
0.6082401326221171
0.6932170706367631
0.7573544454673484
0.6545309006059056
0.7581906421914631
0.8373596939174595
0.6961235055271877
0.6431810224781636
0.6806658006115619
0.6038863660337571
0.7203757199725761
0.7192814426929354
0.6988141757632984
0.6344845801572896
0.7985532045486663
0.498425868930894
0.771887329485145
0.45797894466729716
0.743308224422556
0.7512129752097267
0.624834355422
0.64745205740873
0.678566026891336
0.6554941654407292
0.7688693496142383
0.7004596822481903
0.7354829170168659
0.7544941930161642
0.6946147455304812
0.7419111337629485
0.7489918025132656
0.7173355220480129
0.8112164261574947
0.6788726692566351
0.6480342460221955
0.7903720384124706
0.6599247340988096
0.7075876722041435
0.848506257941049
0.71966508918864
0.7790159905779225
0.6751988108926837
0.6418536712581926
0.571032115982518
0.7127429928640662
0.7317497581239485
0.6477603674135646
0.7288660185725387
0.6811917359744775
0.752980849153036
0.6852005424678018
0.6294231644881718
0.5807605940892188
0.6746476238169953
0.7483772713317514
0.8214005197225526
0.6548392390561948
0.7364886621474535
0.8046513161950516
0.6510993361378667
0.7053546904803605
0.6896173651910994
0.7804023256890299
0.7530871001272127
0.6547020246790076
0.6532534091504074
0.7157480356086634
0.7224649900321698
0.68193462030065
0.7155377253887976
0.7063050456957708
0.650963171282802
0.7355779534810767
0.5682853318555847
0.6096533283812925
0.7165375389809691
0.6981299455359355
0.5005979040057963
0.7811214470611592
0.5946881366616966
0.8769589952414842
0.7517775145309572
0.5989144004530647
0.5897952775244671
0.7626715318017672
0.5098433453795548
0.7055152271445787
0.6585578658794149
0.6491501223657712
0.6440516382972995
0.6501787300137579
0.7321543805162574
0.7255861494641439
0.6357502109656581
0.8047259541613293
0.7129183345148749
0.7394930882917499
0.7549665456968603
0.7387161500051586
0.6763884893409087
0.7821676325915816
0.4941044538930728
0.5664814634215951
0.7279180267412922
0.6633009627572516
0.7998836606103339
0.6875419888938371
0.6428991630949149
0.7880708469012262
0.593398222649512
0.7655306115466701
0.5136021509484313
0.7229912801456992
0.5712796281868159
0.8106110414450096
0.7143931354061219
0.7439172500577441
0.7511152574107002
0.6598610265478995
0.7215637748088112
0.5808276319110938
0.6172242405428007
0.6901021977158099
0.8644283125608516
0.5174602519264084
0.7223957591438233
0.7254843489205898
0.7018866463070053
0.7596237640854452
0.6650367296598534
0.7168977693439321
0.7291869757873634
0.7396471425443975
0.7587804780814618
0.6569490843847772
0.7668101183739694
0.7048108193394557
0.7327580648299744
0.764048406648241
0.6366047903455682
0.6653223822042613
0.7811508212766507
0.6838405496795203
0.6840650849580285
0.6601817000085879
0.8891608962644687
0.6565452878231779
0.6351805542888026
0.7931830991174533
0.806781408358705
0.7053090926444939
0.5900730820532416
0.6797562116824678
0.6195688589142638
0.7343726822300264
0.631326835155079
0.5605620250441365
0.7139648158251121
0.8691799841996137
0.6832165562310814
0.8528595975002577
0.732346756003932
0.5888052450369285
0.7528587008101998
0.6440640712682528
0.7637727211868277
0.6518098164369494
0.6989338966163421
0.6994077743526385
0.7348302702392628
0.6986291579320497
0.6247759344367894
0.6375777114664121
0.5972022523406462
0.6379402830124377
0.779054054296651
0.8042046131800824
0.7112978406028243
0.6721748953605148
0.8436323905918188
0.46987845395161554
0.7562049719944789
0.5963045263006596
0.7111022163869947
0.6998180295350724
0.6911516982580748
0.7221007456713511
0.7312483619659004
0.7044380662762542
0.6225250225808598
0.8253343009939988
0.8763662196411511
0.7036740086112698
0.8068986157123327
0.6439841253427729
0.8471134092751966
0.7340611643945658
0.7392461860837328
0.5889804045535711
0.8168657588453287
0.6807129232180642
0.6600628035401088
0.7585939128887303
0.699712534207689
0.5836023007571749
0.6813351952424673
0.6127763672565696
0.63196104141094
0.7497495182263548
0.6244550570538876
0.5176331516530192
0.7248311239024386
0.6596467399730546
0.6922074035101081
0.6785451009810946
0.6517807982912691
0.6673070758278792
0.5153699422848584
0.8277436671877103
0.5454013067034663
0.6215850222152287
0.6537357882966818
0.715552461621421
0.7372954576790882
0.8216943326278845
0.6621823197448841
0.7213952260063989
0.8129293065705857
0.7121130608298518
0.676178764882264
0.6896079266229972
0.7146443808387395
0.7223226396927446
0.6854940485907581
0.7714181285556464
0.5614810567357664
0.693766151771085
0.6344135295561893
0.7123955905105345
0.6562040646727487
0.6423005071744431
0.6717159104062668
0.8956757909144085
0.7507785107235846
0.582823717210032
0.6813041415659827
0.6340467545164483
0.6611397600608804
0.7905976796545944
0.6401780295637396
0.9212731230172483
0.6517337662375033
0.7031966956410226
0.7333112956783872
0.6762763805936712
0.7246116508355516
0.67426112037713
0.827768236921915
0.5989694566910257
0.7740412214349415
0.671395999965518
0.7634469208321452
0.8381335525465127
0.7551376428945508
0.6203765556153648
0.6212442312333852
0.7586218868904102
0.7377498277026859
0.6810661994470868
0.62851925925581
0.7834280614882592
0.6482292488530809
0.6040355565530534
0.6812897831928799
0.7446506487101245
0.762073563391279
0.7616434178714657
0.6498055746871305
0.6357596980764609
0.659431275736343
0.7621337037189428
0.6483049012163725
0.5693100042653754
0.7538473279416237
0.7050368714173362
0.7931809308871209
0.7458055981094596
0.6323972356915085
0.6392436214177214
0.7257697379845655
0.8116997114273767
0.6619081480634098
0.8127798353047344
0.6632592727749959
0.8133680247348323
0.55293464988422
0.6952517663123591
0.6441682066559282
0.7621115910286189
0.8548880780369625
0.7785669406842508
0.6630612573476872
0.6408219143280133
0.7428132843667403
0.6903250667850063
0.5721383227007247
0.831799135964001
0.6310182633676021
0.6613466910588903
0.6363782713780753
0.6881494142291895
0.6841681344946655
0.6984182770950162
0.6056106501345196
0.76086618195116
0.813061309473748
0.7322880469314474
0.7164157502516803
0.6231757574100881
0.69533056973784
0.7553326417434751
0.750582624695297
0.7190282285720906
0.8042198003765628
0.7280603097436283
0.7292435229088692
0.6922610959829429
0.8335198446255245
0.678156249759494
0.8213026517862226
0.7387333151032605
0.7632488375366343
0.7519128478807201
0.589077640785078
0.6814644637048124
0.6545462768482875
0.7624309107595094
0.6465524645449139
0.6784084084113661
0.8133547527606098
0.6291824164567029
0.7481173093275663
0.6998443700381946
0.6243511143367365
0.6112535272394798
0.7688392431873532
0.7162900703458959
0.6199970009933047
0.7084344435808748
0.6462935555935017
0.6937914808683764
0.7665162528584606
0.709589918584853
0.7536426271097479
0.7761887528228051
0.6796725428638671
0.7753979612560014
0.7518573400881828
0.7175637359096
0.7956493731735426
0.603652137732886
0.6691170909224899
0.7063025180238796
0.5761639523819386
0.6176636252494703
0.7599909789096586
0.8030695195100677
0.585820482105569
0.7252357472525168
0.6395890159438317
0.6860918100768549
0.732106457764644
0.7130749037216165
0.6271645598971314
0.6451097815504545
0.6679763916658009
0.7662512108227556
0.7751972500772678
0.628585750164354
0.7791471819707843
0.7432869488561697
0.7277357405669649
0.7013850022311884
0.7503270107406781
0.778828129791113
0.7845576428353693
0.8428410208276171
0.6254174972654548
0.7879906739126361
0.5513193083197517
0.6900919090476605
0.7261535438854695
0.7040476235813443
0.7298868675714585
0.6759044861578992
0.6983362898813271
0.5818641074349937
0.6616168516677747
0.701465661205438
0.6600725026344277
0.7677391672063965
0.8558292854858842
0.7110469301313116
0.7277186223758821
0.7537930028829577
0.7686464299573854
0.7120250317176705
0.7204709458038744
0.807414222949973
0.8601220795470357
0.7071952227332721
0.8007982568864455
0.6300128959747061
0.6832238925300141
0.7683951852308945
0.6740667467867446
0.728944775982339
0.6277831449947323
0.7276469691071747
0.6946737993705613
0.5711964098544448
0.7233275648074096
0.7034315276295781
0.6097743115754729
0.6040951433211689
0.6752643406374036
0.7267333596385684
0.5937706919932983
0.6692222296465312
0.6385042721665647
0.6859243193223434
0.6843577108324179
0.7609567227563301
0.6705942966434574
0.7262913507056343
0.9015907702683423
0.7311036405172483
0.6141648210053212
0.7330135217832681
0.7147707401293312
0.6793855063137483
0.6310721613584865
0.7924337281249678
0.6244389000136437
0.6385251347394345
0.8297980004659191
0.7036961132518276
0.5610370164307847
0.7234288371017336
0.6011825483804902
0.7388016165702089
0.6386961318678234
0.7508253389936039
0.765644994178148
0.6941519534330728
0.6714463183212946
0.7227742370551324
0.6421308813907204
0.6863957819293943
0.724658847223218
0.637746846272951
0.7736031242409684
0.6727490075239105
0.7145748982792726
0.7385462548077654
0.7767122561531039
0.6887068927071454
0.6519028292429355
0.7262998797631864
0.774859300208821
0.5738632644941578
0.819872348309618
0.7167999830285653
0.7568299538977961
0.656335174714371
0.624848120743018
0.8391550676730188
0.8325719533625036
0.7469999316503241
0.7725533837117287
0.7405702164620432
0.724449754611938
0.729652170803418
0.7393447778365793
0.7376286097773905
0.6126998570285244
0.7788286180423523
0.7255679931126059
0.6533337580377767
0.5694661784065373
0.7095912749489689
0.7989999837541499
0.6628491817265711
0.6898427994112762
0.7657987953249127
0.7780957140923139
0.7529374018141686
0.7380089681279476
0.8091837506720714
0.7363283504144685
0.7615055095951808
0.7043853227646149
0.6916376334316268
0.6369075393758813
0.7080208372241098
0.6965237879089097
0.8980334831230024
0.6636580717049723
0.7666956676780808
0.6896543187200596
0.694519699684469
0.6982064235654482
0.8944605541364493
0.7325113787261146
0.6045424580378398
0.6433784536264079
0.8022480373603174
0.5901343430879364
0.5958987046598989
0.6244092229943902
0.6764045941031003
0.6129109262697781
0.5761492987870733
0.6325137640923245
0.6609938503910623
0.7243977612519967
0.7725110305469624
0.6793794330279249
0.7560557228934068
0.7485228615920924
0.714387502607727
0.8425401905985243
0.7355762323803263
0.7837587299410874
0.7282229887866654
0.7870270518940052
0.7851095747907064
0.8007064857883566
0.6516444779662084
0.768512644811868
0.6305892805698623
0.5884991750665047
0.6126405432057821
0.7197184820994454
0.7001927481058604
0.7128665377494157
0.6626338867183414
0.6702542482500172
0.7058306071985729
0.7182290404479619
0.7064589809651821
0.5350284644918004
0.6659258710687478
0.6635018949270227
0.718450152003028
0.5747848452980727
0.6649852714966709
0.7486660508991435
0.6575383374443197
0.6821359389125489
0.7365996913736895
0.6773485551673311
0.6330369140372343
0.6026090333655221
0.6693521415798496
0.6347749547204025
0.7550317315654685
0.6965138030477616
0.6436911370386129
0.7565759760639987
0.6671536572998845
0.6765882819545377
0.6378281616050139
0.5954254556553058
0.7536317251926323
0.7719847165710203
0.5828171052299286
0.7474931082056459
0.6842632534620009
0.8092731241091087
0.7261421702441833
0.6797194011120856
0.7943244064096406
0.6589798579780438
0.8020553498107437
0.6286184928497383
0.7347523757751953
0.6465453822556668
0.8854080014220986
0.6330429518162218
0.7057141889684331
0.6811652666368276
0.748617431978916
0.754491256417788
0.7699884547214453
0.7856517160526205
0.6653447775572948
0.6006809764473798
0.4093624480363913
0.5818978988135609
0.6171638793580325
0.6473264038654724
0.6858411082561197
0.7397928829819413
0.7287826254104595
0.651173933175467
0.7615766551400089
0.5947922681908483
0.7261547703723271
0.7530069965974282
0.788619712946781
0.6673858839234729
0.5623617784462738
0.8799338595761752
0.7926836069584315
0.6681068831264031
0.6820835011100511
0.7239888883614747
0.7144998853288947
0.4947742470376554
0.6654235735090006
0.8244856605169093
0.6438509519882756
0.8195551705828006
0.6279711123077194
0.731832946107849
0.7070367393808729
0.7092416665909976
0.544191098178157
0.6968432244218734
0.7127001319559154
0.7731143607998948
0.6236937861066069
0.7732629915035125
0.8697396139186508
0.7040970928301822
0.6353805676273053
0.5911347089823702
0.9386955660560701
0.6105728957873159
0.7575846643367092
0.6687375212647422
0.6526226602108883
0.8531420075903674
0.7403861391901027
0.7314003135474783
0.6802680505419565
0.8326702904166494
0.7131937100280452
0.6761626687002146
0.6386689443106133
0.7740028368250194
0.514096372603443
0.6407115513064774
0.7207516422464422
0.7858941001696468
0.6707590268322895
0.7391317611592207
0.81125810439385
0.6393855001300126
0.7400396462330926
0.8042708502390372
0.7287027039385594
0.7808202381688849
0.6092172556860005
0.7368992248738637
0.6706020906042857
0.81651064013903
0.7872704505611959
0.6634244607504277
0.5710722065543603
0.6716566958237652
0.788441735795455
0.6568091394613718
0.6057305040192775
0.6916671107220165
0.7500144240821527
0.5558307112125955
0.5641681417861819
0.708782621912421
0.88632615129963
0.6976474198896776
0.6683299619864437
0.8679067302142376
0.629173599024608
0.6509221981396233
0.6177364018554029
0.7268117794466422
0.7540923651415952
0.6615729321210713
0.7112419393971934
0.7096833963130988
0.6377892506873862
0.74841513466704
0.5238000965877991
0.7223046019834339
0.7132513694834761
0.688358902564988
0.689652962689564
0.753659270142077
0.6985775669094031
0.6518458540925105
0.6749860633555782
0.734421347509498
0.7518372698769609
0.724934397107175
0.6796474350861716
0.7312527194268205
0.6072239952330728
0.6612884925516991
0.6910293451082512
0.6665379149814625
0.7383825086455846
0.625360984031567
0.7193950927799961
0.5949537462182455
0.5387421202468229
0.7013871170609202
0.692357569136091
0.6605274045040574
0.8227646963639756
0.8683730747068623
0.6442129977751377
0.6488924368815416
0.6256353133506576
0.767816658427938
0.6669132591691483
0.6704849272160911
0.6538785139369474
0.7475111556651953
0.8076907808086021
0.7850837727873908
0.5903509277684263
0.6765676892931047
0.6661823790763135
0.8395480289680661
0.6192142506430032
0.7090128574133148
0.738798392301789
0.9233253991237993
0.6607804066055651
0.6563477245477626
0.6615405457641537
0.6537274219788345
0.7131296243533194
0.6176734342411329
0.7177433931278518
0.8018400426029417
0.6989905576728709
0.6883819930452888
0.4462688785253835
0.780588682746693
0.6821753288110308
0.6700234123242993
0.5813658580216436
0.6650368657357422
0.6677144964190564
0.726636593488144
0.6510505236561025
0.7360759878284654
0.6243362060620041
0.6395694929422299
0.5985961859806074
0.7272000127745154
0.7849076913779964
0.599170468059818
0.6940880045297395
0.7305593987482993
0.7279416131075065
0.6249417243126761
0.683288756337979
0.5964508270825211
0.7453223998590108
0.691112482485051
0.7475528077669777
0.7909080128495789
0.6201209594158137
0.435427268779091
0.8138683060566216
0.6559715717127509
0.7620618071727469
0.6165294752222173
0.6225926626984399
0.7572482165504653
0.6710905228548103
0.7999293731939249
0.6833572663835393
0.7538101661032736
0.7235026223883534
0.6854634578300632
0.6540038230699013
0.6166547941915026
0.5884724509496807
0.8653791204465368
0.7027598205555134
0.5827904796756125
0.5919002305848561
0.7937477633117381
0.8386289911684807
0.6357511975029794
0.592488703129212
0.6050438259848565
0.7478717253224045
0.6220779292762917
0.7802298243773377
0.6705962144410706
0.7988028926656847
0.7574167912535242
0.532422262984878
0.8033999667308648
0.7293470926866555
0.7106922820621421
0.5298639236574119
0.6631803546803304
0.7424990595268378
0.8246547772497849
0.6876121265968215
0.7627666916496851
0.8040097387657195
0.8888667426673904
0.6302586577605145
0.7619437779143706
0.8107454513445602
0.7365637283347899
0.5677165269467951
0.6782082335499489
0.6298769908289017
0.7551654809236293
0.5928984600584931
0.6123887597750071
0.699165509952259
0.8135798036107666
0.6338868416206584
0.6503467294977411
0.6172396725619397
0.7089062933072564
0.7297049343294498
0.6083191409022785
0.4967766959647014
0.6909505757103633
0.7724540397296684
0.6831650970478754
0.6956250633897989
0.6336519830647978
0.7035925246712471
0.613528032273872
0.7267132174244343
0.7710516951593424
0.7236399617848941
0.6188624509209681
0.737069275491421
0.6490827196518233
0.7294495422146844
0.6611470217010457
0.7418931350170134
0.644126285538378
0.7759805949092541
0.9057446124434121
0.6266666953230259
0.5452220296534687
0.6162667592628029
0.8171575068596314
0.6005105169163788
0.633601562621973
0.6821096281390152
0.7820581592281791
0.8498027045069081
0.8301502737665549
0.5871752435102171
0.8638468269855044
0.679555978396244
0.5718281869076393
0.7034488286367183
0.7152407873855762
0.7224369692771733
0.7231438783571875
0.6670613337865222
0.7489237292819516
0.7210382830359335
0.6821542198548364
0.5696990493940375
0.6570911253285321
0.689658227306881
0.6586448311317495
0.6577994258816486
0.7978150929383105
0.5360250604275074
0.6715486323597358
0.5932778296080835
0.8114719025721165
0.6923631290977864
0.606544554817098
0.7016721395055803
0.7163451236426351
0.6487104316559792
0.7374314062892251
0.675859639357769
0.6766863086708589
0.7474535754509465
0.6083974134213266
0.8274814963983639
0.6741160798597525
0.7159594969135218
0.712648039772325
0.6776861475528426
0.6671522874105513
0.6687422779299188
0.7408981474362993
0.728202802360377
0.7267415662675781
0.8044944773578492
0.7028977945676087
0.7031293382212701
0.7808542331729537
0.8902766703759246
0.5683307908946957
0.6829449768136702
0.6688970054408367
0.8401619810299428
0.7209944010982804
0.8907567988494494
0.6549262370161033
0.7634528322567216
0.6570865185966046
0.5295578001062344
0.8050511113990304
0.7257194013706009
0.7233770743636941
0.6557914338049473
0.8605156111905996
0.5882270012315769
0.7890941012614148
0.7314059697881349
0.8050508823219095
0.6394146942615619
0.7138099360944216
0.7260945576950937
0.7441920857459268
0.7009091158465041
0.6787946601966237
0.593688123090032
0.7175264542120349
0.9070234296734283
0.8524952640916431
0.622101346660287
0.6086051635352581
0.89499296831148
0.5886983776287614
0.7500965640009798
0.6527774142282774
0.6029864649071326
0.6963570790724883
0.7728602504146368
0.7274855829548055
0.827588559515245
0.6477288381843871
0.5638175807514277
0.7127745477880134
0.7215524318546471
0.7584093831966232
0.6963826174692386
0.7462441197464669
0.6746359110749042
0.7441426652364141
0.7725850981673591
0.7677790484969932
0.5292619249200432
0.8471342940315001
0.6110585741407782
0.770318283579697
0.6482614155904909
0.7235153520175521
0.6495493072688563
0.8421328578436444
0.714504621636361
0.6317678925393051
0.8108847671699166
0.7488318174850573
0.579418429869994
0.6911955771862389
0.6852195127987125
0.6926013465106273
0.7702218736379833
0.6214802940780927
0.7083710031942098
0.7212190439131447
0.7317522242434417
0.7137939974960202
0.5745186807735513
0.6580092645569157
0.6500131610617186
0.5621980172863548
0.808088938585022
0.7304166570836178
0.7690473112848744
0.8138178104472626
0.7018355303493827
0.7759890799869702
0.7874516571243405
0.6704314732017915
0.6557078613799618
0.8013772888062287
0.5401196413075151
0.6977290079327536
0.6778973126089399
0.7227839111500681
0.7405776296475675
0.7850979902545155
0.6082759833406448
0.8416495659848993
0.7574467129621069
0.6487602276138799
0.7035206976929849
0.5722562851720777
0.7268388113495189
0.5504530724982963
0.7861205668602088
0.7298577892240021
0.7325005208839344
0.7465844726851595
0.7186757884154003
0.6044650232575742
0.676596066151971
0.669394445118095
0.5552171932896529
0.7528449089439687
0.5621626871351649
0.6594296134548485
1.019350190760709
0.673920535454221
0.715897117980156
0.7483090655360158
0.612497344456276
0.6499919823895164
0.6955709591392044
0.7735325445954762
0.7322926624547006
0.6438410174923505
0.722532046643745
0.6985777307671572
0.7883348756984107
0.7811167686366034
0.7129022472801602
0.7033319235774371
0.650312075244047
0.7061002282407395
0.7910250698932224
0.5767308976265657
0.6895410226877511
0.7542737246643688
0.6978720978681301
0.6848624690100487
0.6554392297685852
0.5769390697915244
0.6959928781850794
0.6574338143004653
0.7228282772321231
0.7921381365726724
0.695940188393362
0.8505815880329088
0.7331525829975477
0.7127216931597615
0.6094675893965747
0.6655254221247217
0.7144388344431364
0.7716562316180294
0.5352665066374748
0.6186929764988776
0.7228411663613908
0.68427053856237
0.7381348181062889
0.7575600256101971
0.7627741327724578
0.7115751827472394
0.7643670799555732
0.6304223603032061
0.7158399502979679
0.7270014778024795
0.8163598557807121
0.7299610463395982
0.7163088528533937
0.6155995549302076
0.6852823704773228
0.7435914689184431
0.6025092727389844
0.685387049166653
0.5905401448788077
0.5953789663470324
0.6585911724006995
0.7064831122520578
0.6738202479796908
0.6087424958942486
0.824352106582138
0.6975913028154875
0.6673103760126671
0.8539608955866287
0.6938579382199884
0.7076666931831921
0.7141786503430648
0.6668287072960899
0.7379161768821738
0.567298126032787
0.6826343442063584
0.6913196372726274
0.7530751729734875
0.7070803858828855
0.6885565276369335
0.5972144606403158
0.7918858236734236
0.8195857957144032
0.680529200452139
0.5701152282028051
0.6116902930705372
0.7638201277021377
0.7033647458595194
0.7356606220318014
0.5489220170429765
0.747091263735981
0.6967091344302273
0.6852620578182487
0.6579364506099032
0.7689083406379841
0.6733556337843555
0.6752882602074655
0.7784641452553593
0.8071745351483718
0.6190932954957032
0.7800582693969456
0.6939352141340572
0.819032578421715
0.5062218393649738
0.629935966702539
0.7690644235990771
0.8209519485469514
0.6959177689479217
0.6970302703499958
0.8224269784402495
0.7513346495759019
0.5696858257400101
0.6376980869217169
0.6174757076589492
0.6417367926231021
0.582783719313745
0.6590292795548833
0.5576679129530375
0.6963420515915814
0.5810586235268063
0.686251741171532
0.7317928830514595
0.6244284908662623
0.7616210274278205
0.6353367814624676
0.6877279156033144
0.775047385508616
0.5186417834138395
0.6543949950985335
0.6566574578741945
0.694291551783331
0.8804833755894316
0.5999826877402293
0.6970442186065686
0.7190772194337335
0.6234172483885438
0.7422368618829933
0.5679859847971963
0.6167192343536585
0.7056547231119822
0.8064630845516181
0.6442813008507068
0.6130801007999137
0.7706379092213012
0.7664904189215108
0.7041169645111911
0.7939885341969881
0.6439736423880701
0.7262431860609337
0.6284516265247782
0.6868021633341196
0.6948823791438906
0.5831519564782877
0.7071730583536159
0.7165969588030935
0.7495090717876838
0.6935533830556759
0.7553285939970918
0.9267372209708342
0.7338107857301492
0.633931884075198
0.5853098839323118
0.6553969683311377
0.6176883272791432
0.766902785000716
0.6651734944168052
0.7319477973517983
0.7022806323542442
0.6583709686605438
0.6371172397625223
0.629402394293605
0.6488992668720492
0.8098220222557334
0.7128977059675835
0.5715923390868894
0.6159657760800509
0.626767224669958
0.6307437373584956
0.7260818626673664
0.7767434771402841
0.8076375684030865
0.7133009770119018
0.9057294744329429
0.5685125988352463
0.7744529940811296
0.8168156313671564
0.7121610215318791
0.7368915409490784
0.6664776989728122
0.6023438686795848
0.6392787082647658
0.6625296841831214
0.6031393209162754
0.8102592844655769
0.8215740951385467
0.5627625370591766
0.7720190722867352
0.7840495631751095
0.5548593246296192
0.6085896983167087
0.641004545065639
0.6755496410597422
0.7200223047653854
0.5532797908448581
0.7244645424269852
0.8500634350286785
0.5110396129708359
0.5411393177559357
0.6331714849770043
0.6237430963018568
0.7181331284255935
0.6536964159581118
0.7460745597221693
0.7645060887135618
0.7343219204218624
0.7062289789893448
0.8069333428888361
0.7027358406527422
0.7024928071142321
0.6904490774709651
0.7223644881701524
0.8586414015710899
0.6682993948809807
0.8419523581730805
0.7264965262120553
0.5222714015408021
0.6606618689382046
0.8243717906334483
0.8271834181978169
0.6643489300794
0.7320032051477825
0.8104359294820636
0.8252252743594073
0.6321780326393576
0.735759577762307
0.7166679493608269
0.700286775815623
0.728222964063474
0.5561533993073943
0.635117122489329
0.7056812456541357
0.6860949094488203
0.5719800999117598
0.7615447409178604
0.6810691222384456
0.6116781144765915
0.7216884660534469
0.617725062196072
0.7829005363204146
0.8668484231073343
0.5377607390983196
0.6502211173396996
0.7240781610461559
0.8619676464686654
0.6335587877635781
0.871763014890967
0.8364368833983145
0.6112632675831529
0.672918934311363
0.694428136907792
0.7757070038959086
0.6049241471605785
0.6762141080757489
0.7477337144477781
0.774051243830689
0.6907654566013055
0.6560117929123813
0.6109600697261669
0.7288098856371751
0.5716503431095692
0.6754144603610719
0.5717664446431241
0.5957567597141076
0.7755221921625636
0.7752679093811017
0.7380195785898306
0.6925579581950366
0.6563887787347567
0.6321882523298634
0.7931033200952632
0.7205261981337617
0.6814038987480516
0.8173026023494786
0.8136935013176331
0.7778041217720282
0.847311059108283
0.6586725119450293
0.6258355655062717
0.7586770347334328
0.5985531815011718
0.6733446164637871
0.669428501451251
0.7090544288630662
0.847384897226493
0.7724931529376177
0.7829023953258007
0.7815427430731737
0.7356042083863914
0.6956403819937875
0.7338361350887379
0.6887396061722155
0.564085748422188
0.746416267079883
0.7538784316410831
0.6121544446737163
0.6877919344247884
0.7592519488772602
0.6819165087775895
0.6378129326609194
0.7709839136943917
0.70336137197034
0.7195376789800905
0.7080040479089205
0.6511925953528592
0.5102588567271626
0.7272857550830009
0.6601943212308283
0.7775975912400447
0.8810084558938751
0.781138231475677
0.7753476492944604
0.7924811943587604
0.6945564346719116
0.6157885192709525
0.738989342107744
0.7584145092063392
0.8457079508850683
0.6665404189822132
0.6705990682695491
0.7037282011415749
0.770823833729729
0.714347827997006
0.6427984109715316
0.6562198268861259
0.7100816418359
0.720330313610786
0.8189833230302139
0.75325781142594
0.6405508098102053
0.6116772218577392
0.7683419007768912
0.5504192533292742
0.7470239328954559
0.6973254776540684
0.5902244159966523
0.7149652594462886
0.7350522751463946
0.640028951306167
0.7617188360246916
0.6745350092718142
0.7360038193759738
0.6592152938078129
0.7622491707727765
0.7049932483214143
0.7686993728050212
0.7218438776940748
0.7112981266348615
0.70828948693389
0.6129122147263286
0.7056287692551789
0.7709456798333336
0.7030458004608015
0.778512209467952
0.7474453897095595
0.8377511430706547
0.7444486926447675
0.7095312377621711
0.7290472063874479
0.8276999662604915
0.6965113495912334
0.7074408004106711
0.7774745346132921
0.5828419128630925
0.7229241124188629
0.6494461187279215
0.7725525931737841
0.5768694983220185
0.6815508962283218
0.6274072374475039
0.7486446572749201
0.6219147589447629
0.7129101350840208
0.7278003207576272
0.6105375097004476
0.7004110890527485
0.5981873512751648
0.6003564826706808
0.7692374905494945
0.7413782386968913
0.6938785317013189
0.7719475380335562
0.7265426107080762
0.6646947734495054
0.6365524554294956
0.7103228375558429
0.7580772453520463
0.8678605618262413
0.7184802790795476
0.7807306303198662
0.8090357729294723
0.7065032805644798
0.8216501935752187
0.795977173378611
0.8021212432290226
0.7430625375689749
0.7233092637265278
0.6371868759562054
0.6996509650840591
0.754603215927024
0.5759931534385968
0.7593829660908948
0.855598658835456
0.7284551261105631
0.6239360005238904
0.636642470371064
0.9194438489479422
0.7437993561221007
0.6945198490090951
0.8538342509523646
0.7751380979757968
0.6975670965537525
0.6119538286977437
0.6992000858100704
0.8004416291857007
0.6761465063594468
0.7128311755703498
0.6547545572055803
0.5858399699459335
0.6527292719449224
0.7117802557458439
0.7393359618958346
0.616145568973974
0.8016903517507036
0.6398268489905883
0.6463569252167344
0.7991661367635443
0.7043627471889924
0.811178680313232
0.5260891240726169
0.7460045700396046
0.7384980591926391
0.7284908567936604
0.7772985734016726
0.7859558034564942
0.676039666476949
0.9007426996488662
0.7483670169083225
0.7061674084884925
0.636960308234099
0.7145291128566156
0.6330714460262921
0.803534653936653
0.6504610913911153
0.6114961387178109
0.7784943335222695
0.7042870449213432
0.7758775718046041
0.7560200829709003
0.7182731911316345
0.6058344770813403
0.795605104352458
0.5955256340103879
0.6490687981295925
0.5326972965267637
0.7523977491249539
0.6492626178837861
0.6540745786416998
0.8081623123610528
0.6544649819228024
0.8119826102903246
0.7776044929190227
0.6895169981198979
0.6723668020308017
0.7716978924158895
0.6429996710747332
0.6498746309406753
0.6869573471904725
0.7212588840135999
0.48267062054967946
0.6665230491725102
0.6670934394010244
0.6483529255953739
0.5953672205005347
0.7195212022049727
0.6818117225276831
0.7232413294587051
0.6592611340270975
0.7046352103680541
0.8814285456926874
0.6974176594891263
0.743546830190196
0.7538322921519528
0.670683332608016
0.6462776595227292
0.6866840386130412
0.7033135578833484
0.7861501589087551
0.7209266932490552
0.7210498191274436
0.6996123441539459
0.6535885839422269
0.7128591765779835
0.4858675740357303
0.7165544200138354
0.8618861546308738
0.6560701236758871
0.5179225580932932
0.6598173288387416
0.5955451802370442
0.7641012938549149
0.5701442608523042
0.6743317549161562
0.775645588071336
0.685069436031917
0.6007192096554806
0.6845444817964338
0.6453160581577505
0.675666468302614
0.7865404141312897
0.7226606564146028
0.7793434243866354
0.6458247915374884
0.7762127742677752
0.5924168789750668
0.5801018723627197
0.6917126604200746
0.6453382027713077
0.6616259286412797
0.7231496877235786
0.7426410666562515
0.8308625839042583
0.672040062174044
0.8399697495127592
0.5883998963954737
0.8073050037238324
0.811987159572663
0.582494100226025
0.6473422837857992
0.664260499034813
0.7755913309933677
0.5061004189323766
0.7370659429971208
0.6966041062335566
0.6991806366346757
0.8146016458153262
0.7058556359876338
0.7226300506008324
0.787495411172736
0.6207804121913131
0.6258995078059308
0.6490387018436301
0.6365963698256676
0.6943545368415415
0.7546580915609423
0.7791761041208745
0.6318099212891112
0.5309991966445177
0.6944621160341304
0.6726779017104891
0.7364089758964953
0.7090537105378846
0.5969404788745131
0.6853250195327236
0.6340690291122242
0.5586894624762357
0.5647392590280405
0.7132772262329435
0.7860231474042939
0.7161462250162114
0.6531981624379357
0.5963884121278822
0.5545502066547119
0.7920311949866977
0.6239420612542836
0.6328004989809413
0.6459237124832174
0.6891166636738526
0.7390678545781658
0.5709147840590578
0.660321727804818
0.6015020906461473
0.7234206784696784
0.70651490413615
0.6571832717512283
0.5769901853122924
0.7812647152517312
0.6089606778510132
0.7773911230253344
0.7565031179577114
0.7791336393456979
0.6709863830200544
0.82034639649499
0.618916468475763
0.7370509685047326
0.6797543726425326
0.728804824617675
0.8059334757519855
0.7612984846272739
0.6351586094219369
0.6800732877584869
0.6751498617659578
0.6203122357170775
0.7878133744175195
0.6871562178358757
0.6837307040278735
0.6123191739025641
0.8785565457541771
0.7136534654009026
0.6873596768922762
0.538258865970595
0.5900118273968338
0.7506113053782366
0.681474204087085
0.7103802217268155
0.630635003004772
0.785487254968796
0.5612299444917181
0.6404184177077518
0.7348888500468352
0.7717273040097543
0.6957647715889135
0.6840499382237014
0.7008442175357752
0.7870431625485611
0.5858810267381969
0.7393828152225008
0.6093740000398286
0.7925934811929621
0.6727613468055658
0.7942931099134733
0.7186235044113098
0.7903178451218894
0.6239224629795906
0.6642270313376798
0.7490014503883033
0.6494596199469965
0.7367498649183823
0.7621307995119184
0.6361876292421464
0.6883123391408853
0.761271145502966
0.5619897303022862
0.5791053808947698
0.8109158581569339
0.7126132405070991
0.6726384435369092
0.7339888083026542
0.6650060233134487
0.6682674104292927
0.6846274813704373
0.7783484143565735
0.8150305184977029
0.7607224585974
0.7602293012384569
0.7233142049081009
0.8522332745589962
0.6462686329837616
0.7272160471993232
0.7132217551372559
0.6834616044789991
0.6250005975404523
0.647049503689626
0.5778476444553702
0.7655715794105264
0.640042968436969
0.7808255885328866
0.6858041330605668
0.6615878639719898
0.6640128476934288
0.6732378997831715
0.626939106180861
0.6782680246525004
0.7840840892293308
0.7019041465053661
0.8016226354388097
0.647769492210234
0.8498146553634758
0.6736132280008588
0.5743427068996866
0.5583984634252757
0.7662388066859543
0.6408862984845284
0.7425250430543782
0.5348855301479715
0.7316750816838489
0.7550107257672861
0.691177981780377
0.7948953572030761
0.7614164293380566
0.6491180456169307
0.779071477067112
0.6986710954319096
0.7432670790166149
0.6991580727040834
0.787733170107075
0.6087492845156118
0.6813758475391171
0.5609770962036931
0.7125170363443022
0.5456607959427551
0.90928692802974
0.6660885902738368
0.632549787459202
0.7213816589547424
0.9102098009930719
0.6803359490446376
0.8132174539565612
0.6616176748529572
0.7560687160221888
0.7603333689809363
0.618743365144399
0.600048200048764
0.6100203466348485
0.6775269739078957
0.7270381265556921
0.6109741333729332
0.8154401702582712
0.6866563011491262
0.6003958043879511
0.7309191482319717
0.7199471413056384
0.6553107492577349
0.7724713884017356
0.6084202809041346
0.695159578471474
0.6683278894281249
0.7343522409912063
0.676911739427716
0.7108113788000536
0.6456688884139904
0.7349295488632731
0.8469624101678622
0.5938049525594635
0.5640920322046861
0.8130431188015411
0.6058257690715816
0.8097554130851669
0.6905343924652005
0.7884180385227714
0.6204216712725203
0.9115395341739974
0.6918793415459354
0.8132854608199371
0.6885119394279715
0.825457205341743
0.707416923792891
0.8624017702109884
0.8642975547584884
0.8060083416067085
0.6436238130919267
0.6434602198739933
0.6994707599202504
0.7638092399314892
0.6333763827042453
0.6129160811400909
0.6391241948747681
0.7364567321904284
0.6245782765609275
0.7495119470129277
0.7193646946160246
0.6955745699816358
0.7091475125800316
0.6545671453794878
0.8120970086375973
0.6181320400102482
0.7633922058754972
0.7853788420412281
0.5917141043386579
0.7761774640584261
0.704432911283517
0.5991581954129521
0.7199470881693415
0.6895133970761944
0.5731628483553363
0.8066600372010231
0.7919817789913164
0.7097787565775853
0.9059294639591551
0.6530241514949263
0.6421097441111507
0.6040911452286916
0.6914606093281731
0.5968648567613273
0.7682826217623032
0.6853578396650696
0.7268785843141544
0.7676475431111445
0.6576378797049216
0.7139915530939114
0.7325307055840983
0.6349113951236789
0.7102697216321386
0.6678319235072784
0.5695823508852704
0.7401853317071188
0.6627800530294893
0.6867856402439397
0.6257585378592874
0.693944432543251
0.7351568600679166
0.6713380285893502
0.6564598687348318
0.6904004675827412
0.6261241917502657
0.6286717660822916
0.610398188358379
0.6520213752382376
0.7174831235269565
0.693678824981771
0.5082034132508324
0.7003827301970899
0.6349118538557315
0.6850356268045374
0.7156836637855459
0.7132736211193729
0.707121038923244
0.6600821757750154
0.7340606199504638
0.6565945287413426
0.7544279227533327
0.5510974524495262
0.6462219370912685
0.71305547121226
0.7479119939978318
0.7630499721493517
0.7815786808967202
0.8679365430221098
0.819026499416716
0.832999628105942
0.6769918335536915
0.7842893477151748
0.7377152181447217
0.6569345021064528
0.6278903262945096
0.8145471373469815
0.6775783178455493
0.6873698891545191
0.7022605252241925
0.7635065933411082
0.6853693858069166
0.661427252449438
0.6613907063895537
0.6743902968722634
0.577656899721449
0.6670773605949889
0.4974909984828967
0.5484564705967717
0.6109987491621515
0.5954696024840074
0.7111336632269486
0.7329089575595795
0.6527566270329948
0.7548452874008171
0.7219564908273548
0.7725125325779596
0.7051033181790597
0.6754039115845566
0.7114434373831078
0.6239346387999497
0.6784699853325806
0.759488035582592
0.7290131377851534
0.7040980111857756
0.6868738437426912
0.6563263424699538
0.7207915387941727
0.8003328361100913
0.7802446196672612
0.715576186195001
0.7708461993758737
0.628929733157227
0.6298274501359837
0.5731432115720039
0.7567889180597459
0.6649496616967858
0.6690469703284246
0.580019305241907
0.7012732207911081
0.5576088372629597
0.7081767857448578
0.7079648239669737
0.7800627317248741
0.6479069259149539
0.6756873203003368
0.5986583944653668
0.8447593791080008
0.8463625619278526
0.6523302854252991
0.6745626744126216
0.5840470148182717
0.7574358500764473
0.6724455214221613
0.722752376491896
0.8685361055547006
0.6590734796674098
0.7874872949631678
0.7472758387069048
0.6182277979087644
0.8332004631283844
0.7364340752168197
0.6562574611518007
0.7300964407793059
0.8062024437078468
0.5551349874141454
0.7160152861610248
0.6849900880589982
0.7560105859770447
0.7904942469162405
0.7701153205226724
0.7583577650989686
0.7288269698463711
0.6647990405532485
0.619406563409654
0.7211244755409778
0.636952805643396
0.7404952974635006
0.8018560853377098
0.7448385358555363
0.693508540082559
0.6825935506862907
0.8709560312707534
0.6683026875575659
0.6352190251830998
0.7040383336346882
0.7817280740502837
0.7031116484095695
0.6758783216734187
0.7953435137551444
0.7393814817649172
0.7047074591098731
0.7001877020208286
0.6014809947688993
0.7147233281867666
0.7455041235168937
0.575808965260984
0.6053357015772146
0.6390593077347342
0.7355908615930687
0.5414888574095881
0.7014658868553819
0.8338038484941456
0.5688432766900231
0.8043662973520426
0.6054583594618949
0.6472281226541564
0.7254102933309777
0.4882859800225381
0.7504439742753609
0.6481864028403964
0.7303009412226453
0.7184582759307983
0.7736451131119062
0.853237682770627
0.7416523664137501
0.6191423125930954
0.6060529266668433
0.6293979104893745
0.5374762956506962
0.7684267409423914
0.6408048036524328
0.7877501809083606
0.5857391125170063
0.8642833251676627
0.6804488269026763
0.6238566615441288
0.7245009281185615
0.651212828948441
0.8061113629485549
0.7882826340534937
0.7510182557205871
0.6757191430529629
0.679701576057894
0.7459504987569218
0.5527151292478776
0.7475376781883533
0.6636705731541576
0.7174891881032849
0.8051513353290577
0.5683728432961037
0.6468044495277882
0.7118555082658462
0.7464477501447678
0.8250431702770504
0.6623004603264858
0.7912138842320765
0.7615659471151177
0.6242286980449474
0.7876977601588986
0.6668481490010025
0.6596696968834069
0.5842406891943276
0.6596556582222547
0.7709779065498503
0.6454124509109925
0.6481966186869059
0.6434699474379117
0.8144996250440694
0.6208768673374911
0.9056815417154799
0.7423085173946031
0.7577051466723864
0.6923266616595529
0.7055375757570816
0.6555044769759285
0.8328847759272062
0.6693312705490658
0.7825459589178975
0.7017575982714492
0.6133160043448169
0.7236528975893987
0.6325827668247659
0.6453493154349994
0.727719476734639
0.6127286291061855
0.7059250502482507
0.5283362405559558
0.5644755886230379
0.6892179844371813
0.6963426980906483
0.7616673669131734
0.7174768519771899
0.7448679100750025
0.7096084794968486
0.5537126120994271
0.663799740035034
0.7537540473164851
0.8087226036511661
0.6387243514190983
0.639527792995308
0.7012709180727785
0.679721019954385
0.7282048505377509
0.8049784174483205
0.6227453106193257
0.5859048804058445
0.7108039813867734
0.7242195196675331
0.6898632955266087
0.5231361927460019
0.7770184234237759
0.7409566278183509
0.6466900865921016
0.6735093696067219
0.8438145920488245
0.6744740145304312
0.7344652301734728
0.6196883380020267
0.606530930631735
0.683207393700554
0.7733209982258277
0.774958872376452
0.7020785493848215
0.6760765727878371
0.6191313997238579
0.781199559973365
0.7280509659104816
0.7291233238122269
0.7179332016816452
0.7078648308200333
0.8185587317502461
0.6689304480475692
0.7767722698248116
0.6392718867150478
0.6650000975074455
0.7839768090281439
0.7102757323948243
0.6563890926807181
0.6351440245808309
0.6911994920450553
0.6548940197423818
0.6248903622011549
0.60316885726369
0.6535409147733927
0.6661384489171897
0.7716811317260217
0.7432850967566692
0.7484286660326274
0.6195672137257272
0.7177454256479484
0.7290753422444811
0.7050142954311078
0.8198641197562209
0.7573927533371865
0.7220816999895149
0.7273980676361965
0.6235799279714809
0.7131932468952975
0.816563863695971
0.7083950464616667
0.738964410889202
0.6468961330654304
0.6387789923928386
0.7410495219591726
0.767439027533025
0.6391571387092955
0.7420692983037736
0.6929224770704288
0.7149039365861499
0.6189462747951304
0.8076091790652892
0.625516646716019
0.755175615268923
0.6979603284623374
0.6744589436877011
0.722000758195378
0.768693789265618
0.6099762645029979
0.7018326068379649
0.641639361723351
0.8141488475964793
0.6405145952194977
0.7502095372491271
0.7313086804401744
0.762697442217763
0.6926880501920899
0.6055272120160976
0.7472233718767124
0.7376598778511395
0.6610179130437894
0.6832868945153375
0.7188669406719189
0.6221510942660016
0.7743429203743892
0.6515578173592176
0.6482701374084853
0.6799944461150991
0.6345147328051552
0.7115652540601747
0.7932300787406559
0.7408390030189492
0.7236826535131834
0.690508759983395
0.8544142529138643
0.6930510279773461
0.5879340412362681
0.5812074545231992
0.7532814139760072
0.6732183318482753
0.8204721867297154
0.7928946646589325
0.6890908292710806
0.7405501887609203
0.6297519396657083
0.6987548142262139
0.5768024163144159
0.7671764547926169
0.7067583989679543
0.5976870587550098
0.6708240900337745
0.7626143232786717
0.900324878411115
0.6519687507468825
0.8001925071119601
0.7454908245461199
0.6271126023986252
0.9432379381284519
0.7205762238579954
0.794278387102046
0.6378981600111501
0.691264649115836
0.5856099031090243
0.7383891505685605
0.5473130685857486
0.7162682349378339
0.551094423448454
0.6509576847191827
0.8380981608149406
0.6298258261809313
0.6347116366987727
0.7555015293984919
0.7573590038719891
0.7956471247541232
0.6599164990870625
0.7042539511986413
0.6710319627800112
0.5438414312259197
0.7703439934658093
0.7974186518608779
0.5440188898660484
0.6667834909406646
0.7489048119731083
0.5836182731753266
0.6101624059264179
0.730814697976331
0.5715237741161712
0.5627972423336342
0.6448594815898052
0.6284033344698219
0.7439279511981325
0.7401687918245805
0.8978968764203151
0.6044203837018761
0.5589721607164138
0.613872837840746
0.7962886141196472
0.7599397523692166
0.9904690944757379
0.6685855307649192
0.7935384798291707
0.6814818448043707
0.8746529951507984
0.6343682993422459
0.8086929167391502
0.5408108973503623
0.6524258782228118
0.7007282106842251
0.6031905382214094
0.6465334551557599
0.6121853342701384
0.6534973257437875
0.6274443750541487
0.8071095324371653
0.7055171164072197
0.6430822213890629
0.5521120212807984
0.6587650025017487
0.668952426412239
0.76919769390757
0.7991200364101407
0.6324565115065379
0.5570750019457782
0.6562933873918619
0.6014003450210121
0.6243236566203552
0.735423309843535
0.5928534727374712
0.7029246712845013
0.7751007878523449
0.6247520764902935
0.7343769868465718
0.5607440856040758
0.7889276439379543
0.784128561570535
0.7168249647456377
0.5481693863756929
0.6427178328662193
0.64240924860076
0.7470729687790792
0.9073868456834728
0.6755438578588735
0.6123157193816483
0.621418886731593
0.6050043785780084
0.7018336050492899
0.7547690383621432
0.6873902298080974
0.685956474351173
0.7160757535287361
0.6534443455277491
0.6073940834667424
0.6878498962683193
0.6685172240494119
0.5761494083108036
0.766300391527991
0.6653298620025191
0.7910825395966571
0.7439682895152651
0.6945992942774478
0.7159657674671491
0.6738016587188846
0.7071675324045174
0.8178474999571842
0.5921369344224418
0.8205000100789566
0.5445493563424766
0.7123115033228409
0.734088115019814
0.7619574022156832
0.7326262685706103
0.8036560122207975
0.6688440283140786
0.8195271795700048
0.6439764340846426
0.7419962367177776
0.7396591775188753
0.8420714134026259
0.7459169613847334
0.7338409912505117
0.5714272924943855
0.7549339365293939
0.6184535218284543
0.7193619479630678
0.527409533066083
0.7282782219104402
0.5004936472877003
0.7774093170808064
0.790426499472348
0.6331497394068482
0.5886805619045751
0.7890116714735577
0.769375246786287
0.6347890330199566
0.708027867658557
0.7353397541380654
0.7109827747849615
0.5684456328059986
0.5858574855426257
0.7709593049325479
0.6623576581306129
0.564343459825113
0.6654842321605622
0.8630305488761624
0.6313245548444886
0.5921980639946308
0.7557200939516897
0.6529069841292982
0.5734072743772923
0.6383447902955283
0.6541297728916055
0.5536138218131943
0.6812063343820972
0.8655636432645131
0.6758383048248021
0.8579528784600987
0.51549950654541
0.5086340928252105
0.6347349760872734
0.8401159408773711
0.6442890427518723
0.6777896370781922
0.833710547474073
0.6007052101511199
0.7355516684554841
0.7400326725969946
0.6956442787885851
0.7527288791109424
0.7703342747984369
0.7511203743442785
0.5542185750493994
0.7221032053024603
0.8119967088811071
0.7783980810217604
0.6199564240601381
0.7021384659228065
0.758392614514746
0.7524381119534735
0.6479625608156643
0.6876517826077791
0.6793447080951764
0.6177662480344439
0.8351632252812706
0.7330686367506026
0.6053592993509855
0.5954958334748173
0.6693741468395319
0.5639840931121146
0.7761012026074978
0.5050765276408689
0.49187744712228537
0.6542295658058366
0.683769431625916
0.7589131125961414
0.7144623145011246
0.7049282011907014
0.5877137804693597
0.743420534880757
0.5911591335540308
0.8214653817018732
0.6951831707024226
0.6556063352224937
0.634774213813547
0.6773228434170431
0.7653054353296067
0.6453744659048943
0.7085759454474887
0.9110927871647257
0.6849980942235869
0.5352702376824487
0.6988264784725129
0.673908376022665
0.7789555062575075
0.6393416011868905
0.7416145312436145
0.7647533051019081
0.8118825496770822
0.8779420372443918
0.5918894029868378
0.6527033248432922
0.7741675566722758
0.7195571068434626
0.6139283204299131
0.6687726206240765
0.7995679836579505
0.8269743192625683
0.7563972103428626
0.8037737104470304
0.693727423403041
0.5652963780168451
0.6108899494975045
0.7381349545114374
0.6917610767756818
0.7669664313090367
0.7217265429977642
0.6531275541756574
0.7492450707773455
0.7808279728864475
0.7005494417627224
0.6684588907864848
0.7956978780387414
0.7416664151267212
0.7943573128872289
0.7257786363753757
0.7259053216271314
0.51756777900493
0.7237938301965329
0.7716716299654266
0.5466164693711036
0.7815724741007014
0.7444379154650169
0.7023464904113027
0.6453018150177448
0.7351878304185555
0.6498763569035729
0.6030036210593298
0.6385174522234127
0.7245901943391462
0.7554248324100927
0.8607005968651947
0.5410148560700012
0.645142316987657
0.80881020688562
0.69320371145037
0.8020997407779299
0.8085026524770539
0.7218931055448209
0.6591288737534555
0.7079159707148043
0.7526664587206727
0.7095804922778551
0.7597141640994112
0.5763734365679576
0.7560465334383658
0.647988869482962
0.8081719045048358
0.5988067539524041
0.6838607403617045
0.752381855272523
0.6668433018352576
0.7027456895058573
0.6999375098585306
0.7671145949454784
0.586620612931732
0.670579735899197
0.8616230118788363
0.6660024288933606
0.6379770804197177
0.6452331074854285
0.6723939989564233
0.6526298269100422
0.7587281051758996
0.6306445387345312
0.7856379412062907
0.6760201203889248
0.6932220433415915
0.6655967488908153
0.8716366556080841
0.8137373853279222
0.6244756191124304
0.7114433067410382
0.7961542263710462
0.5955054479711727
0.7303868185923245
0.7206612417606597
0.8116150925461274
0.5827678468070618
0.5727818872758808
0.6659736934439134
0.7450741365255437
0.7967652272682945
0.7195985262530333
0.6577912934023457
0.6361393210005136
0.7254353558696506
0.6644098269455916
0.6375182599010534
0.8008007124146018
0.784396370310411
0.7983896293093882
0.7122182298433221
0.6707822053701664
0.6818415948772913
0.696025801340485
0.6442319028474358
0.7392048721475811
0.6337428668478494
0.7070646751921927
0.6903689424132218
0.6366682230729588
0.7458881252677437
0.7890729134515457
0.7241422676581386
0.5269424251037192
0.660343465097796
0.6284335898432694
0.6371378869917923
0.6564367578525503
0.6137444918239086
0.666990532678713
0.8090549112482397
0.6108104108500007
0.6340376815752589
0.7464932331569893
0.5883648662353523
0.7797870682057534
0.6484881197412509
0.6574476690581819
0.7153203076723829
0.6065806925849191
0.6982633702108141
0.7380773269880244
0.7461477032219145
0.8479700480343855
0.7112395423350876
0.7143313139247457
0.6477812953237266
0.7740083996395084
0.7938786800912229
0.617240449321588
0.7937437141837852
0.702318660530956
0.6368024516951718
0.5995244487755838
0.5527308974063592
0.5524014541479957
0.6565612424090052
0.6194039842703326
0.7151642393130205
0.6230027974090654
0.78961407054423
0.7194090216975964
0.6677608448994495
0.6992448242578563
0.7489907556680766
0.7403507900169811
0.7405012239188272
0.6104818894737575
0.6910967209967812
0.7215191671186164
0.6313206349832982
0.8402264217857516
0.7456705810516097
0.6506821903774346
0.6669572391074219
0.7426092816806452
0.6750534414639812
0.7880665174078499
0.6574583954110934
0.8246853360976777
0.7095185287846434
0.7718850730884146
0.6483965958592315
0.7182881236483307
0.7684001472428247
0.6957458975698508
0.7556551274759419
0.6342380684306933
0.5935006100623385
0.6706205884026389
0.5616724221783141
0.7021248704458525
0.7474130457705958
0.7023841803267858
0.7814089426725658
0.7265011189411631
0.5931091136460126
0.7289438620625206
0.5954069321030206
0.6992120289692564
0.6479878195592536
0.671660321260464
0.5792916470799352
0.7465706054890769
0.7235465739327271
0.814698420586129
0.751617880993103
0.8358677312908509
0.7223305834172055
0.640502554418444
0.5835400167896918
0.63278278403554
0.7022426955946097
0.7997019845535981
0.6617170292949367
0.6793342084563805
0.6844249696152966
0.7314980554054115
0.7042001491582298
0.6377637524424113
0.6394270715380597
0.7827639090847279
0.6051280004642521
0.8131668240993127
0.6494808922831892
0.8294948227563672
0.7687742738555501
0.7523650008661324
0.7421896780778381
0.595582590318774
0.7382702952153204
0.6697045342058517
0.6346532779045067
0.7694444232308322
0.7470405881604314
0.7458550991359307
0.6770563256542563
0.7978019561551939
0.6780832203060708
0.6422663647443412
0.6501201032188646
0.6586480255158038
0.7744350819180773
0.708227020003077
0.7069288956864399
0.7232634667785809
0.5971240057015911
0.7121675026914781
0.6061333105975925
0.6077096591816868
0.689409967277057
0.6206217731931816
0.6198854992079055
0.6419603166096606
0.6827190165252786
0.8679774765813243
0.6835183724848253
0.6256349472334277
0.6411091216691962
0.7785375214839487
0.645325118122926
0.7357384243139038
0.8275742486384637
0.7941413081736026
0.8680830271171498
0.695707634422041
0.5474065258133601
0.7937441462947097
0.7001000491375451
0.6056587092457584
0.7653071815331584
0.5877327967345957
0.6360381773760222
0.6295224013752708
0.650286647962119
0.7388973937296622
0.7298493503867665
0.6535221485728108
0.8008757747102849
0.8381835124161192
0.5454872369116794
0.6106346070226357
0.7580715065835063
0.6798777816874956
0.7011161016049544
0.7978934782158965
0.5667747136559051
0.8625014253987613
0.7648461862163586
0.753254309808933
0.6789666860174631
0.6301814124315688
0.6791798248418134
0.7888736565931878
0.812921100025839
0.7949256912646487
0.6718410778920212
0.7368243997964247
0.7162829034349103
0.7131332544929305
0.7408612776037634
0.5837365599129354
0.7226313436045607
0.7485995776940901
0.7024389049526573
0.5561779729258061
0.8364136672936806
0.723383845878967
0.7144826027796497
0.7107622815941623
0.7452607042300577
0.796260476457949
0.6674764009001004
0.6362296028958745
0.7684233107729757
0.6953017455638091
0.7234816820177211
0.5961239432287151
0.8015723975472124
0.8118111809525803
0.6091453141233889
0.6721118423279471
0.7715141466924059
0.6999769214405392
0.6740836963308309
0.8270790266096024
0.7628737565299094
0.6911874053727785
0.7600561783319137
0.7639926911695873
0.5934049718979284
0.7524955123412802
0.749589667715358
0.6209412757195804
0.6272013876268708
0.8048844802237332
0.7134721456384299
0.67439702804628
0.763243934691712
0.706773655229588
0.7209270065200446
0.6329253198600727
0.7354247745296565
0.6657287919414362
0.7255179714581925
0.7155825859714434
0.5943159074170932
0.6000166020730806
0.7374216010510329
0.7084225459222117
0.8689475641428407
0.6623984458708829
0.771047774326609
0.7599702826228178
0.4760744199263307
0.6667132951534371
0.7927506029656561
0.5918901993056499
0.7425779158045103
0.7259650324834857
0.5950559474468676
0.5912587082932002
0.7966121525494356
0.6701396544055918
0.8533787528549464
0.6683071682389141
0.6154944755987779
0.6555325390549143
0.717080989698517
0.7301429842247458
0.6608695681931606
0.7047259213746293
0.6250887735588095
0.6883986147122562
0.6021665104929981
0.6841491103182571
0.7572249623434668
0.6456660750760018
0.6695980840970724
0.7118822456165659
0.822661206974881
0.7294198423660423
0.617801940900399
0.6655614809261282
0.6867358255055798
0.7037033577716857
0.5156505335541941
0.7545241205505067
0.6218193622671091
0.6919608047599516
0.6961677344184409
0.7427668127186111
0.873812979114245
0.5881372029869412
0.6384762774920273
0.8072795039456363
0.7568446056039375
0.7405586823711576
0.6765050298429456
0.6678984851914044
0.8066052355059531
0.5771664321591596
0.7093915044584795
0.6225571525447711
0.6577863352663029
0.684029235252053
0.7445603503062395
0.7812468759681304
0.7446432517048713
0.5332570541930841
0.6497667437703114
0.7418572355465456
0.6625891685040999
0.6006574699462993
0.7951359326132865
0.5894173123398404
0.7884511775077419
0.7388044166446837
0.7709711506545653
0.8380591001895199
0.8063190340516679
0.6451423548322643
0.6960116032429227
0.7173003440102975
0.5716923333385588
0.7759988469603275
0.6970904773860174
0.9085436214744824
0.650526206902066
0.6381376364413847
0.8085373594760213
0.7933989509062415
0.6129046078277696
0.7169731511109314
0.6667412693962805
0.6382909622290994
0.7327370275476719
0.8181901674968767
0.7579688735945576
0.6958015236500855
0.764425691257165
0.7327597692163181
0.728599793754694
0.5736261021769025
0.6577394372116566
0.8081567368177232
0.6933102541032002
0.747269622550661
0.569127185770844
0.7661261453371588
0.5355844510177404
0.7054086928360737
0.7520545364670203
0.6511423380296649
0.7423823335153648
0.7429093025415408
0.7665685166304255
0.7022392635243869
0.6657386886783636
0.8872660372398363
0.6678543602653786
0.7518001437482466
0.6193634213721894
0.7737660699701485
0.6061709114703572
0.626066884656656
0.5768439263969057
0.6601863791362484
0.6236191237908195
0.7789828437037103
0.6851271106796851
0.741977634971754
0.8234177118742108
0.7368499331820083
0.7310581212789032
0.8063505948850263
0.6845279505906844
0.648449470593595
0.699166436590973
0.5998141827859944
0.8259893891427076
0.8732133377497301
0.5971733489231994
0.8480941112669589
0.6367716801497685
0.6531725477700209
0.65490467060354
0.6476527903276458
0.6131012550018515
0.6602448180647021
0.7745005631289241
0.5983303398270017
0.7212643669276096
0.81627711009134
0.6163098524618433
0.7417215514582902
0.7753263011474664
0.6476958204666873
0.7572090492273386
0.7440378676500534
0.5891803910178183
0.7338760925840362
0.6990759817230683
0.8173022088412096
0.6401786107026454
0.6701906768368312
0.7329712251298365
0.7590185850922638
0.7256594836407045
0.666787340836118
0.7328255257711929
0.6459529353719882
0.7178918331816934
0.734544218572898
0.7382910984212371
0.7701625146932225
0.6067275584555184
0.7514287201721804
0.7625661796150794
0.6430934210298537
0.7778284916637566
0.7448337765350795
0.7575453339880964
0.5876084006720035
0.5766581493388528
0.5315573377008675
0.526382134875627
0.6975860896288525
0.9261185256464841
0.7922475105214009
0.7016007584968394
0.8728229241253452
0.6903474490776843
0.7526098789679121
0.7342656207964062
0.7749141467323875
0.7798240623952332
0.7153168061127069
0.6434764780803783
0.7050664333715868
0.6863896455664219
0.5814659152341741
0.8617787585105972
0.7610766568962077
0.6874981820941064
0.6666879300136079
0.6692186162982764
0.709466114138847
0.5949227812567802
0.7290112057154614
0.6972984717173797
0.5606036067052175
0.6255978435577018
0.6829584453857634
0.6822929658124345
0.8412695367338417
0.6381280187076886
0.6473241339487916
0.5119582753698163
0.6984633769381529
0.730544705424331
0.7605280807399841
0.6542376355714111
0.7307669204139507
0.6328735858239549
0.7782372485722601
0.8146200473581977
0.7989347875511769
0.766573512190141
0.7886936804283762
0.7820658152025353
0.673999760224963
0.8518530112407385
0.7727896041817317
0.7834912420849226
0.7344541239281489
0.6814481916329466
0.6019279026245636
0.591936893291911
0.5847048933389769
0.761987207283036
0.7757166351721876
0.7072983567905442
0.7266567386445498
0.6645379466675291
0.5961770164331144
0.6665067174704941
0.7332940127283756
0.6697250721100162
0.609895232600069
0.7675835728860687
0.8019161917629962
0.6215465839762014
0.6903997655073335
0.6331128134091167
0.5774014741995188
0.6507666334412775
0.6533547490336393
0.8005335190872915
0.6422405947806332
0.6693457155033239
0.7199339098072381
0.6536371540926135
0.6786220094172734
0.5529394993738668
0.5761332642155023
0.6184923359250163
0.7351098572637224
0.6204956873848753
0.6961832124552866
0.7626436173737454
0.7171681272859234
0.5975391033440526
0.7652970004758802
0.7088779692429636
0.5047250548019087
0.7025080480523079
0.6496187269071854
0.4537587255590765
0.7118602005394106
0.7004610442806211
0.7653205931575608
0.8684549304945284
0.6968501992549999
0.6385041099739602
0.6468580155930231
0.617862412872677
0.7141788998652672
0.7605083578639551
0.7515209656820728
0.5520373054066792
0.5773247530819535
0.8453343905568403
0.7357005976355663
0.7592128170829514
0.7884552343389165
0.6785151632061847
0.6922029733582958
0.5401482456590455
0.7130958313762978
0.6114651679058446
0.6945338793981731
0.6803659560714583
0.6262942194823792
0.6611098814495984
0.7699585491949715
0.741788875002109
0.6922065936436576
0.6747091076509275
0.7993724623500778
0.570771408979575
0.804822209630383
0.6185663510816448
0.8258423114414669
0.7593290754830889
0.8395026091368768
0.8655354944272082
0.7371758449356248
0.7290796963084816
0.6541992218314552
0.7838856048924595
0.7512039121448624
0.8288533199923855
0.7642834160100656
0.6761879523196052
0.7526888306831829
0.7662268205036835
0.6462773458528579
0.8068812411949315
0.7376012254784587
0.6110550212537412
0.6626669765951969
0.7980554155766617
0.7600642827288335
0.599340584475903
0.6060863785269791
0.6621075513742917
0.696729764994482
0.8214905198499328
0.6441869885558121
0.8198965514717205
0.7891720206985877
0.7277320128679678
0.7488929457325659
0.5784481188433317
0.5942593497905456
0.6391043166809274
0.7571036734752297
0.6644899785032566
0.7096511032758029
0.7592697643389189
0.6393515242651874
0.593292592320086
0.8191354709140194
0.752513502479162
0.8144024785617032
0.705755809347037
0.7267467763777815
0.8636187793835379
0.5331923262039104
0.6908074434429877
0.7092751862672394
0.7366843903160385
0.7618341459423567
0.7851309330699193
0.6414890893015834
0.7973718909798518
0.8846517033833365
0.575365684021405
0.8473998163258444
0.7052739410814367
0.8217237442922503
0.6703347803741049
0.68081224705077
0.7428980562308268
0.6763071376844624
0.6490980861534792
0.6636158638109482
0.6831100246128672
0.7947564411719086
0.7577015607099457
0.6406774123681908
0.6753936720199705
0.5910513746219519
0.7061698605756186
0.5208155739129574
0.7064127920377936
0.6395707972540968
0.7419887668117469
0.721126534834793
0.809370003225373
0.6364584829642592
0.551613233482405
0.6522539541810031
0.6763110601040763
0.7462078883084963
0.752830799280642
0.8764726114476356
0.5607556765666197
0.6435564244738738
0.6420224681900816
0.6345243695865789
0.7121485063239057
0.6365589127158885
0.5635541443616272
0.6074473567421884
0.6819992353965174
0.5674217296340738
0.7096013652971493
0.6677887391179895
0.5971678873903437
0.5783321119436378
0.6464224397714341
0.811918883574837
0.631037857953952
0.7794590535902427
0.7692965209074774
0.8352506855180786
0.6414006036583777
0.9028403422306648
0.6958816661788222
0.6679564725389399
0.7059157214189711
0.5121782403377254
0.8690069071353916
0.6769169809270631
0.7042330403287197
0.8305539935955377
0.7980702290519902
0.6944796189953757
0.7165026491028558
0.7456082457662133
0.6492173309681237
0.6529551212063998
0.7337569878573771
0.6089055007319057
0.6352038436122014
0.7368666992768904
0.6575899620505714
0.6738863881353724
0.6767640107238589
0.6877413148880595
0.6404218941856265
0.753011122572448
0.7686677142108678
0.7614850126814888
0.6589951563226749
0.5630866214680792
0.5322251517677838
0.6215868772250764
0.7788364028402653
0.7653947573259399
0.7141256037283188
0.5686106302896301
0.6041152016904554
0.8145943191431989
0.5179305391693577
0.6242808207381698
0.6979932812672441
0.8396229730855171
0.7602025587389063
0.7228809926060219
0.7071187768651714
0.8150196648908414
0.6137604568817724
0.6862977319208091
0.7160210911600273
0.764099642686839
0.7851939243110334
0.8586681140362712
0.7784235841355133
0.8294779058842838
0.6441716137892299
0.6963728624730375
0.7518676533652205
0.6805069669372428
0.731883827739486
0.7010027408555952
0.590509257898866
0.8582686522283913
0.657608502774855
0.5935022609351572
0.6228749331872502
0.6440738156604539
0.7906472485239711
0.7499476390400202
0.7280506607509598
0.7181996845194272
0.8114847686066402
0.7848681642568294
0.8682252661735271
0.5482083924232601
0.6044808057694774
0.7052818061347297
0.6866627843976663
0.5269188391494988
0.6093364663019103
0.7650938646047589
0.6834261070755544
0.7215598286915784
0.5938960040577648
0.7770401920481874
0.6769247786732577
0.7839455301846353
0.7669004449376224
0.829621093152592
0.6810509557100295
0.6162810328037681
0.7309523561726703
0.6459518144646178
0.784576115718431
0.835974258900464
0.7304564765125048
0.7160380784896537
0.5549020729965333
0.6334033223174103
0.6195432152950773
0.7262612303336289
0.7921946576912721
0.7156253081000341
0.741826599659261
0.6550221750251144
0.8090304975748506
0.6338325110527134
0.6050145987226923
0.6871606056154992
0.8243360202774982
0.7366277827286289
0.6887158593858861
0.6401924908577187
0.6120170845431271
0.7426678356875516
0.7925722550849803
0.6557739384041815
0.6720749796637802
0.6806187440511714
0.6485165385233702
0.8491053402852231
0.6865541801167467
0.6850853598240292
0.655224419302623
0.6888128492483081
0.6484888871377982
0.7166026604249331
0.7215497390542406
0.7266642659970228
0.6925745479608448
0.7560299706326443
0.6598904299356513
0.6926735777064593
0.6515145105032712
0.5563832985485893
0.6744411288945793
0.6264034165458908
0.720065423243597
0.7089451273209858
0.6609389955358984
0.6491308203851551
0.8759267193665788
0.7654799348833902
0.7115346178129383
0.6346017448412676
0.6743511501725298
0.8310136605978471
0.7139917945152973
0.6598008797171816
0.7482442426466505
0.6255645730463293
0.6993044977994944
0.5825377281571633
0.743028847532312
0.7580194353460695
0.648690057876756
0.6109471806396832
0.7141267902019047
0.7406009089938824
0.6714946842085191
0.5825957322932213
0.7730584261823378
0.7789983498516133
0.7498531879654934
0.762340168954693
0.7773779697750804
0.5019151758656261
0.6772816452358738
0.6540337785350363
0.7178309535760911
0.8152803104844814
0.75271908600766
0.7234551687466023
0.6494278308426354
0.7594793362107025
0.7404546205770819
0.7421392264441495
0.7688207460517411
0.5790140417170256
0.7688614822618406
0.8032070963439575
0.6837156696809653
0.74475295928499
0.7137741675097676
0.7634449441780538
0.6080410696928681
0.5655539299292648
0.7026669860859807
0.612523398644475
0.7262278212981246
0.744347338860038
0.7043545531600023
0.5912440902370595
0.8193446454671455
0.672751400706566
0.5972536221865639
0.6404275023876993
0.7565022107155049
0.6313884818314126
0.7766210948983544
0.5839505777098626
0.7535828292633069
0.560188848030792
0.8224589577933349
0.7412872713993358
0.7434113891214691
0.7311459338897259
0.8117269697014764
0.6804030542128748
0.6275722467053616
0.6584784089660868
0.8400197207367703
0.6291963826746839
0.6555014723912936
0.7648137484450812
0.7029851852078454
0.6526143171767672
0.7524391792237555
0.658503052353069
0.6452406153941694
0.555428540691509
0.6571560826769147
0.6584247628579923
0.6360346265223307
0.7359390812210831
0.6942902944659625
0.6656918214970087
0.7013989130431649
0.6620009112421551
0.5942392874857704
0.6439610725613638
0.701897868783898
0.5661607976633074
0.7622967027876013
0.7390184347430875
0.7167432654472013
0.7678279837545796
0.6395694172667363
0.7271891243222508
0.611609801260676
0.6654169111706514
0.6418181360939496
0.6450859039472266
0.7426739550497904
0.796859014735973
0.8334476495395091
0.7152602126604225
0.6974521816139582
0.7495430197116837
0.6013479601589581
0.705108446384482
0.7984038870438296
0.6812999724427692
0.6922322099217275
0.6642662948277416
0.6649043448762059
0.79861600627995
0.6392598469454489
0.6916199457600414
0.7156632823686755
0.7522701157002011
0.6726550730966889
0.6768383668243253
0.5505057506652327
0.7038945027058479
0.7142609946389626
0.7951671022884499
0.743351026895326
0.899890251229752
0.7221893468573838
0.684546774046715
0.6865003778625849
0.6516708427870749
0.6801457022632785
0.6771722017027623
0.7215494896428821
0.7525335225851986
0.6311301178775988
0.7132757138595955
0.631053747642647
0.6506473192820394
0.7634020911842061
0.718680183305921
0.6156178971830607
0.7101103108717358
0.6821264532767827
0.7903537162906107
0.6980828500881235
0.7075997135946231
0.6381959953114538
0.5578114547115907
0.5898444003406523
0.713447396257001
0.7509469929300718
0.7846470558682043
0.7940187219875555
0.6768206082931603
0.6762828625029943
0.6384055515768042
0.864806779545916
0.6038759190501413
0.8069789761465541
0.7972258435031344
0.6401351069411871
0.7051353923624698
0.7326066895206415
0.741336425833713
0.557773356036719
0.7743316482618868
0.7384942641594788
0.6769284350719023
0.6058072946652383
0.6122228626646892
0.7039057343396631
0.709629388199932
0.5686765083376386
0.7042922223268744
0.773875761669181
0.8082486944136638
0.6561209250086621
0.7775890770211508
0.7158960241752943
0.6867605853954479
0.6029783103517101
0.662805887847478
0.6438350568323257
0.6277183092453853
0.7682518722957975
0.806999982953365
0.7020398212115653
0.6829589702277443
0.6802442859147788
0.6506048994247925
0.6771038528114817
0.6256890796636009
0.8113800662060275
0.6182934952389468
0.5781581085191184
0.8799650175199033
0.6736508496949096
0.7245547867234597
0.7128080200325462
0.680800311176447
0.600573704134771
0.6280759135107703
0.6158637960112192
0.5000686792577027
0.7449747188381758
0.705494061289618
0.6549128955353765
0.598220356575958
0.8060294193607336
0.7945819308495105
0.6102327911182045
0.6596486778022251
0.7284801687400014
0.6942882503560411
0.7369765842375492
0.7530760109414234
0.6551356118994434
0.7612130653755078
0.7909319945977581
0.7274265885593233
0.5912600717733546
0.7572243925155532
0.7270626213438264
0.6178811692089967
0.751370558084706
0.6545342792748585
0.7381798764438752
0.6845689961491769
0.6325243218786964
0.6951125889428873
0.6662501565195419
0.7106512395714167
0.6890821413538886
0.712325657345904
0.6089867989104846
0.7240160753715638
0.7554891071487216
0.719368875876962
0.6125552599445713
0.6893270498702585
0.64834339880964
0.7362264785757303
0.793597210793821
0.6653473503211302
0.7297468868171787
0.7548133592366416
0.6531058851762329
0.788673047857098
0.6872289144258643
0.7503459085991092
0.5391982978159708
0.7191438108519871
0.7481939379959149
0.6589972357262879
0.6390099413471774
0.5802822058787571
0.8294412256242325
0.58952176804467
0.7283306441833239
0.6889183492566384
0.6721058948428397
0.5657979812057167
0.7082268871862712
0.839664090460149
0.7126508437318003
0.5982928663135676
0.8569604587600395
0.6365357546746706
0.6675564543362864
0.7285536178586419
0.6480986634870421
0.7747541970410831
0.5028135711233221
0.7469562245527104
0.935123122083346
0.5996177273336235
0.7150208948962312
0.5995814823889606
0.6576105403658463
0.777888669373463
0.8146897995718365
0.6669611327259622
0.7147608179493948
0.6654049661764686
0.7853158045549157
0.7446107933800254
0.6868471549325141
0.5589008203959298
0.6506907416822699
0.6596292110841172
0.827899030555836
0.7912781320489537
0.6263437163694134
0.7382913557655034
0.6844286783070258
0.6325800017316703
0.7136177399521951
0.7498198384503705
0.7502166316299979
0.6182665514311299
0.5924835251593026
0.7787001591356684
0.8039900488944793
0.7509929786244076
0.701585925818703
0.7142467784419856
0.6644783609668607
0.6234132080212553
0.653566954097076
0.6184603045269618
0.7261371671216317
0.8408387911320063
0.5990320947599332
0.6492371221047963
0.7116039563459248
0.774397560919334
0.6906548185472315
0.718962080813958
0.6889843511900235
0.590988984779335
0.8095585553000927
0.6842932330099661
0.7206100625143741
0.731929431473911
0.6516764527102624
0.6969969712764401
0.6915259294112729
0.7405050225958428
0.8223491113273989
0.8251488577908728
0.6481151289407069
0.8353856341730834
0.8098751730871536
0.8281239786703141
0.717283243092684
0.6202926025406859
0.6509727539557267
0.6343081407476255
0.6689361165634654
0.6579681837624586
0.8086084385923318
0.9191013092794583
0.613817247632033
0.7992028376548798
0.7327192789045677
0.6274970303866603
0.7538487377370658
0.7698933864290363
0.6911793905463286
0.7288276420549537
0.5665039773284178
0.6595384877610785
0.7172201457313873
0.7798011304666641
0.6642340079293604
0.6421748114000003
0.6381363192662459
0.6415662847486541
0.6342539328014495
0.6138390264984934
0.7803466918139071
0.6772728920814131
0.7158608920084383
0.632502665514225
0.7289637272066822
0.7276738570655574
0.7716676486395568
0.5978096493235009
0.6470153930222388
0.7279210584267032
0.6751424497642426
0.6480613893739919
0.7145753151386671
0.7443944663396518
0.5684095781379152
0.6549535104573629
0.823326326744955
0.8107533987697314
0.6644661940700307
0.8137173244366241
0.5933780731654331
0.7941772428180814
0.7855984408190011
0.6811441933333027
0.683018240197655
0.6531637940991042
0.7320117843184273
0.5572307004882512
0.7383602657245618
0.5912387758446065
0.5812010214899552
0.7551174860019144
0.7100717682100608
0.6140148566488666
0.5954411535756498
0.7730583481929101
0.6218756087327584
0.772848853137735
0.6864060163409198
0.8381660193428391
0.7944099023664415
0.6588326135071974
0.8366210753174144
0.7882675207227556
0.7314805843114707
0.6746593751598452
0.7277714219742303
0.735981666849033
0.7082803007370165
0.7005812862782972
0.6718378711626976
0.7978468405534177
0.514963750030053
0.8901449111135223
0.601259386313665
0.6416512343560723
0.6639231027418568
0.7469706878287945
0.6895280021336166
0.725672049650442
0.7825727986775308
0.6337453246283101
0.6872510259276143
0.7028232073140357
0.6798451653681749
0.6344847941200573
0.633927341746832
0.6810824901412983
0.670540501449899
0.60300399859551
0.7867057024229916
0.8036055748888875
0.6929725434737564
0.7391090809852384
0.6898652848025245
0.7530844492938187
0.8067800353747856
0.7606078168190611
0.49652746272783416
0.5223513899118819
0.7848559691710156
0.4732685436944781
0.7335441027641973
0.5704277629686523
0.6518764165448615
0.6491093805802137
0.41461322371556875
0.6478158682112904
0.5792405345322627
0.6345499660848676
0.7142735030606098
0.77678718218432
0.7162377429266968
0.7473086426272969
0.7428686541398796
0.7061810112319364
0.7756709705670292
0.6709282144384022
0.6974399436538229
0.7710417986806255
0.8279846245396263
0.6618023076782154
0.696710875787439
0.6206251303188363
0.6756331586025011
0.6988758564257435
0.6715992519616624
0.5993024632192674
0.525548013774084
0.7679353694533657
0.8379869728959806
0.6614330520811073
0.7250758799179055
0.8056137182898528
0.5598244369370965
0.613711712880841
0.7358616127310303
0.7070980475010366
0.6599659016749448
0.6292289032667824
0.5565343541041505
0.6368414480086073
0.713529708669096
0.8500459149422869
0.7634366065214028
0.493604832577063
0.5849171352861916
0.5982422129416054
0.690259729237801
0.732305920805647
0.7291627959896698
0.5508569261873096
0.5542437483796365
0.7265621885579144
0.7329283053743062
0.689320516929674
0.7332050172653103
0.9416196124452589
0.676005763054569
0.7149548188531512
0.7735603904503325
0.5802366500325813
0.5895233634480674
0.8578636064289095
0.8232636398446489
0.6001720308275038
0.7952760107994747
0.6619944134773764
0.6738466066896877
0.5992386107316212
0.6517557608584582
0.6488895379989431
0.7971731217427226
0.7169606521835423
0.7301825936603823
0.8446646906970745
0.6669588932456719
0.8087233793747737
0.6449591091487609
0.7371435603567713
0.6145269854172966
0.8091108899504662
0.7450688499758102
0.6672235272207345
0.6002556048781089
0.6844556030206975
0.5386653148622034
0.6652929712243553
0.4834505020985385
0.6834530737866638
0.5433349937131935
0.8262905057817099
0.649100228395646
0.7494812172677335
0.6827022964662852
0.6426500257432469
0.6751861655657049
0.6886498570677247
0.801433196460655
0.6362316964892509
0.7033648969705455
0.6425463508967266
0.5825860227192274
0.5152919465551329
0.6309280433858389
0.6901536515488533
0.618887561609211
0.6916518535603629
0.7331257986849958
0.6743219491267488
0.5875017334329196
0.7083593772393361
0.7143574259753668
0.6284032603888369
0.6512511228819691
0.830872644332833
0.6762511755180101
0.6107802310951694
0.6856568802559869
0.6562147012718242
0.6341883126814405
0.6570872522411779
0.6601457100114132
0.7246072732627793
0.7527832017417868
0.6860240503731562
0.6520288384517812
0.6613537653840049
0.7479008856831763
0.7034329049618835
0.5723899739633419
0.7615146037669043
0.6619221465651536
0.570133927948933
0.7503163070648665
0.7168444218729221
0.7699654125590596
0.7528564546122337
0.6180579751221479
0.7827410862861817
0.7871357925026718
0.7759737132785037
0.5955589593874248
0.7114023210069913
0.7300325958450014
0.6503616067977117
0.7731235612443804
0.7322722533865591
0.7110731107097428
0.858083740828937
0.4980591232108833
0.6618064460107727
0.701293425436046
0.5973107630200453
0.7089443969880408
0.8365410987207829
0.6961652521386746
0.7184175415759402
0.7828759016424047
0.7901553408867419
0.8339893959941015
0.5885671936304504
0.6880647857107257
0.7286083776198021
0.7142730572143713
0.7554347447095463
0.6240749021378128
0.6146258765773037
0.7714626407290643
0.8221505722136544
0.6810302091329966
0.8096089135447891
0.8338318706154486
0.7128743922433505
0.5522863130483963
0.5700468584534767
0.81466469365073
0.7088728704633678
0.6174842088087398
0.5749612220629919
0.828136068881087
0.6431035177557523
0.6680802353156515
0.5972333752766502
0.6899980503101756
0.7297469429206113
0.6346044294221143
0.684763641369718
0.6969973851026039
0.610194455657717
0.5690905372189109
0.7602356028787215
0.7261547204690706
0.6405572487172534
0.8001818155017609
0.6609025760835245
0.7149164306374343
0.7928811693242781
0.7416675837873716
0.7657404258498334
0.6416472243856051
0.6908415644861111
0.743721744652135
0.7373217578552218
0.8228940313569676
0.6535968061722325
0.5895567618560451
0.7146586467077438
0.8172425955298936
0.7692819959009091
0.7448638618639634
0.714767998204923
0.5483216470586101
0.6659592765118441
0.6748868730545028
0.6795667691062591
0.4784652050910755
0.7906520311877366
0.7241761441498105
0.6353407038785728
0.719888091163393
0.7469157790931766
0.7911152712017381
0.6452476275113809
0.810633983249582
0.6697748453195644
0.7829566873794457
0.6966058387704093
0.7913514432411916
0.7113816181770881
0.5887259422353471
0.6910214583270773
0.6986692157060355
0.7878920054190774
0.6615545699683049
0.6147331799298298
0.7306261866903057
0.7250204792899939
0.6095583797393752
0.8698141457468236
0.5805280240592562
0.7543129276808795
0.6027288129127951
0.750893531229586
0.5967088826090862
0.7300924668864309
0.6147782117101589
0.712201730503224
0.6864709255784566
0.7133791676697
0.7041442244404151
0.7883475359310514
0.7776111505857906
0.7579435545552355
0.7666844273141845
0.669930767213587
0.6119106458427117
0.8317559525796223
0.7531523409869751
0.6090557827197617
0.5649772764735255
0.7317081253224517
0.6624982279672843
0.7292795088354955
0.6817751875206455
0.5931547248810428
0.6572326028187502
0.6204395457916501
0.7052175948167597
0.5568241331518401
0.7089522083332378
0.7602219971187157
0.6664535811661739
0.7265109870611857
0.6442081833402407
0.6896585007760885
0.7238202085157794
0.7634769059777062
0.6888441708797841
0.6784849451410441
0.7264388196519421
0.7695228866011387
0.671281195986029
0.7125898619735406
0.6926957476827477
0.7852333155117823
0.6013840019344153
0.664102706952855
0.7152466224570616
0.7518370953954381
0.6869531912081227
0.7162550224693486
0.7108241952816275
0.6168111431093894
0.8642566616612875
0.5925228093848866
0.7095426509766234
0.699938158240575
0.745117984738036
0.8345722029347321
0.7158759442009917
0.734419201279726
0.6862991883041731
0.7541573463102665
0.6871498519506514
0.6708005086335537
0.7702849128023496
0.7538043582916354
0.748364458205459
0.7742175813526929
0.8118076032006352
0.6449268863549973
0.7146534602661005
0.777297181393743
0.6141038142846249
0.5081196626581799
0.7625333142738853
0.5403080610591462
0.7361370080543304
0.7137830357964561
0.7067542839721971
0.5873135545754505
0.7284776195572004
0.6950082102974005
0.7619931423919464
0.7873136150189637
0.5812158627383662
0.6097320525584362
0.5811752238944656
0.667825088555255
0.6151906538528943
0.7227451054741502
0.8051386359609504
0.6644155605428002
0.6300110919217564
0.5889404834106022
0.8016836065003528
0.557124946917925
0.7226949693315593
0.6747286176497075
0.6684516563309746
0.7050171598344973
0.8474874148471951
0.669940656858375
0.5782223502392859
0.6415049136854506
0.60914748034384
0.7248809135165425
0.7078242142533291
0.7039637614545421
0.7236396216002219
0.8063398110430995
0.6353971507663421
0.6078780365550323
0.7221014861539771
0.7532072896825739
0.8001526659820217
0.8133992858813455
0.5242829838208645
0.5275928067888999
0.7055467800659407
0.7755738144348302
0.7275051742349677
0.7713684795193154
0.577498634968818
0.7530981784058453
0.7969182819442169
0.694532419422173
0.6509203305624399
0.6359078108638843
0.617470837813173
0.7729928163931564
0.5866920826595653
0.5703214286869596
0.5648133903402723
0.7400401688845423
0.6580387683504288
0.7330386830140715
0.7602810847000213
0.6339821904368516
0.750100024989163
0.7836174176797237
0.6401155243741458
0.7019373606165374
0.4736709568972902
0.5445566414935648
0.6485707030182858
0.7347148239553882
0.8115655085168827
0.6451848666180964
0.8385512552504097
0.7044294744145448
0.6209945642559648
0.5764700318647774
0.6968280411677349
0.9014681497706203
0.646556738168937
0.7576566666991147
0.76748342336185
0.6427412808900302
0.7469653808564249
0.5534293284953532
0.7037195746840975
0.6796643097658986
0.664621892327887
0.7959335951151532
0.7336186171143733
0.5914341534985059
0.7399734494385627
0.5911329578800583
0.5481957465338543
0.5843111270841587
0.8072727525026184
0.6486000528823789
0.6994103734587251
0.7778375089899234
0.7062409955306108
0.6545946598745277
0.60594245646105
0.6230686226792191
0.9314970606573034
0.6323840411288384
0.679975524172411
0.7884957224926908
0.8071299585844692
0.8301172513848873
0.8238243157432967
0.6439050124949425
0.6303512768686376
0.6827895371806058
0.5756749672711902
0.6547029819522265
0.7165209387510744
0.6533023710611022
0.7702503560058123
0.6590686661550762
0.7920688320689466
0.6579400624316544
0.6285709165724463
0.8030210098105419
0.6800024935378455
0.7501943949656581
0.8271828138429225
0.6864481775856858
0.5829364723696957
0.6927251840945474
0.8262387845344115
0.6877915636691483
0.6937526168963656
0.7609798920502447
0.7472641280506364
0.7965679438249956
0.5198856478022249
0.6816661284872897
0.6779100649501768
0.7367805215335401
0.630823439614433
0.6774576386096173
0.6907810239070011
0.6228304800356915
0.7314043405217167
0.6891213413486288
0.7173533971189026
0.6695047025181516
0.8326430214112922
0.6622811036642211
0.6957938936326836
0.682541217487886
0.7278827302557122
0.6306119108412618
0.7499619415567577
0.8079569313005731
0.596220525561177
0.7977217816672302
0.7205085906170652
0.6817563115811169
0.6755190775385789
0.7561787247493217
0.7055188821725034
0.7779845309501313
0.7061389981845246
0.7329399900529827
0.7486406956926973
0.8248824176943266
0.6738907035972966
0.8708954088537516
0.7423304171343948
0.7816655168094822
0.7723015758518514
0.6695944341816356
0.7647935494841075
0.7840374751036373
0.668086881657379
0.7082168499686212
0.6474347269392341
0.6408582653992794
0.6753987578139331
0.7185983452866965
0.6937263016967151
0.7362944200712429
0.8600379479530503
0.6846166347614673
0.745268233726732
0.6168905605578567
0.6688388953879914
0.7810437309278464
0.7469800268693053
0.7761181599291832
0.6590001919438714
0.6161735188292943
0.6532871278533151
0.7671385843804237
0.6003048252098736
0.7260762270729819
0.660336002849192
0.7317460734748449
0.627499853371138
0.6893870040723483
0.7708851527654443
0.5695777348021753
0.6684029749898833
0.76243805845096
0.8317064530327993
0.796866256389602
0.7287248795527622
0.8434932520488532
0.6367496313007573
0.8174395215688364
0.6807999516778709
0.6559185476100466
0.7405311010412667
0.763713045016475
0.698997648460715
0.788845508928721
0.6819583725287947
0.8040231324450652
0.677955916395994
0.7855447340908891
0.7982524584260764
0.8342358317958233
0.7169044259143263
0.6954930910732343
0.7386070756030634
0.7473794143118719
0.6415231942676939
0.7154993843348596
0.6071694355556932
0.7717677867545496
0.6914534301721739
0.6929969143168005
0.6590212563003311
0.6900746717517571
0.74175397751777
0.6298857480822432
0.6546807002134362
0.815605756672419
0.6950752496749872
0.795861406349033
0.7390687536062337
0.6492883771338468
0.5673207974967787
0.8617995144585074
0.7762674357590507
0.6855693744005129
0.6646926986042964
0.754862004866715
0.8031278906509683
0.8280479160371959
0.767290113219875
0.75081716074674
0.5997303926316109
0.6478065276402926
0.6417355566014371
0.6842784069623115
0.687583242214919
0.8105286063202018
0.7919459524070617
0.783126014602031
0.8083902191031975
0.6609798454844933
0.6198529519775957
0.615321904436254
0.5130594543310517
0.6185217705833538
0.7740572906578478
0.665130923625832
0.6058849095718779
0.6305086166854263
0.7437342029287638
0.6330569471585762
0.6471777623509156
0.7704536023063205
0.8160612622251031
0.7420733957870836
0.8138475255426653
0.6493556517397688
0.8338470618533331
0.6311603519293771
0.6970761451739347
0.6605295840513602
0.8096557072952568
0.7487848701441695
0.7764181847518451
0.6305199984099192
0.656307559823508
0.714555682046598
0.6985897267335536
0.7732408425831908
0.7427039610770806
0.8566414316860165
0.7017078408708666
0.8156541241774258
0.5981092412494331
0.5502957028476685
0.7376543834675873
0.8392053422250378
0.790923980971226
0.7525881408773382
0.8549503174817734
0.6775019353521374
0.745245495618335
0.7569074477664338
0.6063229348660978
0.8025050136279246
0.748639720198557
0.7670869924142738
0.6398481445665632
0.5923378978794925
0.6339135204476037
0.6634197420513163
0.6838131278975879
0.7003106001408137
0.7691366322096014
0.6240023790833782
0.6453657818584185
0.6183001782805279
0.6073845639151534
0.6232072316790109
0.7563320885172776
0.7386078071066845
0.7860664559652706
0.6164033910790335
0.7293611729432032
0.6556332001603932
0.7574919410922905
0.6255364113930727
0.6962412773874692
0.5715374855869682
0.7084492293793178
0.6690158887135471
0.641047561424775
0.5900081698961623
0.8130923329274389
0.632929422472089
0.6353188713241944
0.7266102466411305
0.5945864034389268
0.6464992701687666
0.7265977211517628
0.6647438830235282
0.554013686225627
0.7654456891837151
0.5994909585279015
0.6467915988895724
0.7314138633368151
0.5026561139491658
0.7397800737915372
0.7048162423011297
0.7577394397907716
0.7244634589860023
0.768970725679318
0.6538626300585606
0.7117333724197752
0.735938387577505
0.7872138561260135
0.8227200895813916
0.8708349590907118
0.7528335267967262
0.7223910195894584
0.6877072821794881
0.7694938327008245
0.6568901605962715
0.7892967103758342
0.6799916213811588
0.7929189947505709
0.6499498309673719
0.6355340171513466
0.6416961172607594
0.7290136643324023
0.7393097035390805
0.8259813876783575
0.6769646674852728
0.6037985857782118
0.7445674497442799
0.7010436393255959
0.7638047633524578
0.8460961018947355
0.6203332371140196
0.8223915912092379
0.8001118963951231
0.6946336842935574
0.6552449292525407
0.9405377061186591
0.7061139518132732
0.7573740147297966
0.7621352123935357
0.7089828736861363
0.6183707824589446
0.7493781786202156
0.700115656144234
0.7244605524410073
0.5709471355920387
0.6756429601005722
0.7505502018746782
0.5519256937120722
0.8010771874738902
0.5694811346210441
0.6689316364393147
0.6664976067038397
0.6838497843492867
0.63106650403547
0.8206522922649107
0.7901826138113675
0.7195565843713045
0.606872483430901
0.7328966466306889
0.8615192174770748
0.652593034512481
0.6578969301595223
0.6929285496171088
0.7032035578722464
0.6521464202951116
0.7711585723332
0.8904792041568241
0.649138472063701
0.7459014202814717
0.5806146002057427
0.6697987831879031
0.6001314518161255
0.7428892621901678
0.7896247634494675
0.7540577974512368
0.5879912393433346
0.5933959379865387
0.6864822988722175
0.6826198016976025
0.7455175228780039
0.789094759219716
0.5397980406267213
0.6011490702226907
0.6717804715284877
0.7291687797067431
0.713047587565497
0.591671956296828
0.735884036318256
0.6543419781825608
0.6541947350692091
0.5248075154540168
0.6261907730029352
0.6204578489757577
0.7936848205374842
0.8069241834619542
0.609878694472567
0.794055619227443
0.7123989786251191
0.7344336657297
0.6917800719430394
0.7708060135136121
0.777583089412452
0.7276903121157741
0.636680679250775
0.6715100207687786
0.7733493557441661
0.6490586361321429
0.5488303849036842
0.6402594725774929
0.6491089112542618
0.671112631394074
0.7420676840692771
0.7294357497373519
0.5940019511684027
0.5469897853138643
0.7537896601283391
0.6910733326437056
0.6994162175167233
0.682829034087684
0.6204382281449269
0.8495076127708955
0.7971258109532255
0.7348072765424951
0.5893142462287173
0.6257851846218712
0.6975932617852275
0.6893081962627734
0.6905358576922752
0.7564358170805086
0.6848492236449587
0.6571968154406831
0.6902069943598576
0.7294661639773422
0.715834011304092
0.6622859067275314
0.6029507800558442
0.7222966327876662
0.8096420538720959
0.7676129543107222
0.7207727191912032
0.7591960869503964
0.8074996237287686
0.8119166397398467
0.7250917083269321
0.5763831639695716
0.6333490929440153
0.7254258370390743
0.5547793449643145
0.7029559828419999
0.86014246697632
0.5888946321663664
0.7971209151125234
0.7433382395615322
0.663307899428631
0.6460482404185268
0.535559783576486
0.685767979107908
0.7036448029855036
0.6943273227981013
0.8293343945831508
0.7082902800168807
0.681893279887778
0.6618857061694233
0.6256649814058151
0.7863849220305087
0.5452959192870517
0.8157926032851928
0.6397353427354587
0.5263766947958877
0.6990130264810641
0.6585733161458776
0.7205307327123209
0.7284220169742778
0.6578458483812714
0.7570345096217308
0.749894049543667
0.7881610522363559
0.7376169385932635
0.8740675882861897
0.7069224283239715
0.7905604150146127
0.7789916177807189
0.718792137998753
0.7526400736351739
0.7016451384194563
0.7996797982933446
0.735169461732333
0.5587252546346356
0.8468562079585032
0.7205067881062909
0.5054889191258548
0.615593933596067
0.6835594665325587
0.6844755477873027
0.8325501521388491
0.788168415003248
0.7542480850467799
0.7030164583338818
0.7735276475450322
0.6363979549791645
0.7008714650017294
0.7128522913107346
0.7667053065820394
0.6639557162411251
0.7346964584972093
0.7930761411734628
0.8055874767179996
0.6399168851102403
0.7069038078003513
0.613826034663619
0.6676877051165044
0.674555005604248
0.5962043501149746
0.5604877337743502
0.813175099269435
0.5885067860218314
0.7324150411065253
0.7099347429699769
0.6912408315005766
0.658827928963792
0.7072767066475709
0.6875419512769957
0.7516707295026741
0.5866055573986516
0.670542206454312
0.6316970609610804
0.7607324203910111
0.8460392630648046
0.6247937627839255
0.7174971068910908
0.7614823765757358
0.6305412823545006
0.6635454020491853
0.7139084496963176
0.679849334919569
0.7445936619086098
0.6326827566958964
0.6823094597448105
0.8213036497672079
0.7001335219530872
0.7244355071375168
0.8204465590342044
0.7220808044275717
0.787545104636279
0.6481164038221015
0.7203107510846869
0.6515640743433746
0.7034877785662066
0.6463339904965895
0.565616827331513
0.8226467415476629
0.7712456606148805
0.7083847971039795
0.7363932697699803
0.6009187614412866
0.5349500534355589
0.8430169651551553
0.6126294912177909
0.6447028930406882
0.7224118549307159
0.6396621390874575
0.8293276228960096
0.6767017132995191
0.643367440432353
0.7057437402414224
0.7466946524172438
0.6557003206975351
0.6796066657112217
0.6753086779515479
0.6710141326591026
0.6376896541586031
0.4864071036938602
0.767920591539966
0.684835504967508
0.6127959896119365
0.6855430803335554
0.7780783097942585
0.6963294702409512
0.6603880110255917
0.654541838654154
0.6604523905124751
0.698992974788051
0.6394324978880129
0.6112193151669498
0.7658068297768081
0.7152355156067269
0.6822710617230578
0.6641591141292481
0.8096381794021985
0.651005532659045
0.771279133831409
0.6744505316989101
0.6581399922479186
0.5712638084211799
0.7471034246909739
0.5994721408029778
0.7294547008539743
0.6510595887917159
0.6451763068793616
0.7337003900193423
0.673651687672411
0.5983469189030832
0.6548528385676574
0.6958199309377651
0.7612678704480488
0.7701272516666116
0.8873090480942215
0.5968650888475072
0.6932554665485643
0.7194149674689516
0.6496283274008408
0.6600545022960175
0.7412331061612104
0.6327369543771764
0.6063019510602905
0.6454933097895317
0.8917504628623752
0.6030016177422972
0.7547041844714654
0.703105625141367
0.6834174442550254
0.6050982117025554
0.6470215272621163
0.6968944025999305
0.6390074446675317
0.6702672412465321
0.5899767303282215
0.728107023117048
0.7210053282762483
0.7682563656732798
0.9135771352472193
0.8351128579484777
0.8038050498339826
0.7122976908935714
0.7238070725542416
0.8184518852056839
0.8165837658130011
0.6963827352632783
0.8070974892240936
0.7361398416683949
0.7586430954948251
0.6466842070627649
0.6248517305506619
0.7030144280852204
0.9263131026089517
0.6278725454480528
0.7327102892940255
0.5836995640906867
0.9349071240623257
0.8319050259668144
0.6503097612592719
0.662507835335969
0.8609695911118204
0.7915242079866811
0.6646948304271588
0.7187664912715986
0.6203480520781102
0.6825578638658139
0.5773499012487482
0.6436000820511893
0.682362814701062
0.5929999327046599
0.6554341311552937
0.6827244064427594
0.5999876772197683
0.7130038458163078
0.8055626389203234
0.6054851409873454
0.8317944096507259
0.6614096744680694
0.9100196277826228
0.5386503904641385
0.7204654603996642
0.5823432067042438
0.8252324263669784
0.6279061012749566
0.714715147704312
0.749719586878042
0.690882434285167
0.826369828993752
0.7924580890700693
0.7380721367555748
0.6794203389376037
0.7917817531358895
0.7540151360806774
0.6090760236223876
0.6119043277148578
0.7762911520117027
0.6644067591540948
0.6125506936920488
0.9427802523233784
0.7682240861960762
0.7317500580814043
0.8252036323317342
0.9147081406410126
0.7211193146684415
0.5833407732894748
0.5773281898730198
0.7062962929454785
0.7187467036938795
0.7555678444178233
0.7830193880645696
0.672865620526325
0.7922306211856002
0.7952073609897115
0.7082576537845242
0.7386382713469555
0.6919354963691116
0.7204786550697829
0.7077013469704155
0.6168486155973496
0.7663395688122542
0.7432879727983795
0.8431757938215557
0.7518089309468894
0.6138030818253819
0.6366694549813502
0.582486755405637
0.6761425448967969
0.7331286337139762
0.5991622374953133
0.6234057572680896
0.6192009053487348
0.802644902109227
0.7833645891461549
0.7602525379519554
0.8364257651768618
0.6967968804274778
0.810173886318688
0.791722798909755
0.7598872700886115
0.6634015764761287
0.6259204024909648
0.8441612656176629
0.6506926402725725
0.7011406669670402
0.8111336671817465
0.7411172402691079
0.7321036581834788
0.8755635863217288
0.7661052268696955
0.6529577072118006
0.6131131989912437
0.7370114491918555
0.7392393242473194
0.8407000739684811
0.608215939335827
0.685192298256868
0.5842520403280207
0.6572364148749803
0.7213781605956194
0.68327268873637
0.6549793708747663
0.6217774603845385
0.6288028814701695
0.7374733274749858
0.6507865380022909
0.7382746916808877
0.8000829782953215
0.6890334328046034
0.64807116209199
0.7578893394369056
0.7707328188996594
0.7565156465289715
0.8897356382063041
0.6373840975826321
0.6297407280893978
0.7031886434607147
0.7781556943032164
0.7609417988404221
0.7447639541688799
0.665911393599875
0.7279257950016975
0.7580252261735348
0.7643290891917262
0.630133120665205
0.7664397212217093
0.8089036836212371
0.6952809836184213
0.7242987077973116
0.7346605792490515
0.6773525354777206
0.7983841989914103
0.7025206515540929
0.7066478932866939
0.6699925837736503
0.6772382044874133
0.814116041034213
0.6686120450109801
0.8338969930699014
0.756723211772637
0.6153504664370864
0.7228043622475233
0.7063950783234386
0.7501615239454634
0.6517836498183468
0.8201979314193935
0.7387644303213713
0.7362161926315838
0.7720252308062838
0.6128851166468671
0.779879229209799
0.7389929615096423
0.6252171675142799
0.7284781313408061
0.7733982004856215
0.7288265869679756
0.6508913130915814
0.5278327583164701
0.6882784703698909
0.7355251400309322
0.6705120081685347
0.578871462349674
0.8023050317718474
0.6213239656207492
0.7429660397527169
0.7405787820834031
0.7736234337462251
0.6717941436234391
0.6618379576366834
0.7528456972299366
0.82192148968413
0.8024839152393303
0.6901598022603541
0.7784629502475573
0.669412500845677
0.7279647058465575
0.6819938599823842
0.6649514387582324
0.8608513792393515
0.4962715136114212
0.8359251274847213
0.6450757283942329
0.7146924366380797
0.5692837754216024
0.6544565641618011
0.6812283720583939
0.7573189226660471
0.7071972002776249
0.8201258978237451
0.6340048366452209
0.7148153171493787
0.7605513988557089
0.8074487135433641
0.5291737952449511
0.6220898201405135
0.5999456405165413
0.6343421912392736
0.6470569428079991
0.6709787483593208
0.7170915307885046
0.7431973210199826
0.6724836067210626
0.7440845983387763
0.7760882597277132
0.509497430475929
0.5495746551019652
0.7930902568755582
0.8023188535724702
0.5651334274071491
0.7171900376886092
0.7585930262566156
0.6005397574611503
0.7158098628681703
0.6874286246845445
0.6805556750077407
0.5935934881915629
0.7032043405104378
0.7518556997439315
0.5760361005053101
0.6461199030350975
0.8202878033872555
0.6742672201101513
0.5647979638619699
0.6855019478015276
0.7981891904628449
0.7053001317202141
0.6286202899731473
0.6340629860717975
0.7157968354182666
0.7210887919198368
0.7545495347449044
0.6137189808261387
0.6352280227605314
0.6451040989858976
0.7610135103653504
0.5683511718196225
0.5911043441755782
0.5827417634193601
0.8141538232076341
0.8335440621606063
0.7575723134805247
0.6992587969418975
0.6903438052228651
0.7204646788098306
0.6831792895754705
0.7460047353996985
0.6513397478585582
0.6887805436855764
0.6977762380964396
0.6183097476725219
0.725387106944411
0.8262984669576371
0.6846990473614165
0.6657103238264457
0.7312849275312021
0.623124569543669
0.7131528393612562
0.6053909766779965
0.7770390762034702
0.656949222876952
0.7404392046442896
0.6739826605276491
0.7476843765899709
0.7039550872700169
0.6355113652729625
0.7311768272047021
0.6883513130481592
0.6646686295359299
0.5798058980454512
0.7400266083766887
0.7555807193600376
0.7262107753371362
0.8010396622433584
0.6687946678671011
0.5153755069255693
0.6261437760748655
0.6734695672135307
0.4988936370266124
0.6828053688338014
0.7121595298785024
0.6081246124296554
0.6538654088900197
0.7709050807214368
0.6574898465726281
0.6270822607133042
0.8597707919206186
0.7184282241407665
0.7379041110875015
0.8060942087907914
0.7540277275919409
0.7398604531054558
0.6797089073744639
0.7941644354723946
0.626491061521094
0.5413830478212667
0.6073217415087888
0.6476455069249796
0.7552964061713059
0.7604656875572187
0.7949600349084003
0.6393969347738618
0.8195732617197634
0.7224631487836867
0.5066626644766004
0.6542107120129617
0.6864994292123797
0.8404268050857391
0.8105575470016947
0.652372861509988
0.5660395784668569
0.7389599215402098
0.7774521391603579
0.6721075929539368
0.6952131403765063
0.5514716133076456
0.8130550234419158
0.6438968026459179
0.633785949786039
0.6250311386128727
0.7770025825288769
0.7931465161928181
0.7235870030675579
0.7921523522719413
0.7919248740537221
0.7591635856574724
0.7826705974043354
0.7330364086043768
0.6443204389164747
0.7410489183562391
0.5896825001155399
0.7190838738828285
0.697375673567276
0.7967954353003457
0.636163639244115
0.6911241897679726
0.6752517224579456
0.7414772144439683
0.5843486119157806
0.8800684623009851
0.6005600799214483
0.5800877627308505
0.6364154334170129
0.7227910046070442
0.8116266111014965
0.6259485503437613
0.8106483596219938
0.6991696862245349
0.6766620409085646
0.68050386536564
0.6875922353240187
0.8630280232636259
0.647185044046344
0.664526836139975
0.5807793052835952
0.6518446847490315
0.7565105045093049
0.5699883980831232
0.6723752957814003
0.5196600958075466
0.679303197523227
0.7368329202391544
0.6953251616315814
0.6686331825764886
0.7382896932748313
0.679242646399772
0.6503285580831082
0.7482075935691045
0.754243896606178
0.6974246089845502
0.5585917052831865
0.7276159650124125
0.580497369621392
0.6299791307865641
0.7299643055479903
0.7079712024482326
0.7701370818939398
0.7119539148991748
0.8075978355920534
0.6681189309457287
0.7472724442026527
0.78814160248141
0.7070033303360445
0.6352180261453431
0.6874449310101585
0.7572581791504233
0.6612576266150767
0.6390695142280926
0.6931250552553717
0.6435842534452969
0.5906624882913504
0.7873595096901054
0.8042124595447726
0.6471969596742828
0.6350391103684816
0.6347591518436768
0.6340788471312194
0.7775027165452522
0.7877167096116378
0.8069365970473215
0.666907997750762
0.714467907079054
0.6991750861915121
0.6277207745027564
0.7725437313982533
0.6401031893066462
0.7407034469368123
0.5806965742395299
0.7606460929718897
0.613481750374499
0.590864880796668
0.6841104463156769
0.7368881901981573
0.6760343162558033
0.8095027086698162
0.6282393710032157
0.6813743867742219
0.9379230191656978
0.6261195104658686
0.7222275243581776
0.6503688494551303
0.7388836292235141
0.5712056935029249
0.6040942049277662
0.6295887669387833
0.575928087956904
0.6230677858636063
0.7386476821571678
0.5827929661428709
0.7123716029685668
0.6926105705552372
0.7447759554127078
0.5531194059199361
0.7863362333431396
0.6633472016382803
0.6748868280074383
0.7420694353844641
0.6963770239802244
0.6717749834236877
0.5424692824109698
0.6922827762533109
0.698522778505115
0.6373945140269577
0.7056037477991572
0.7136635973189048
0.6698415151708927
0.6407936242505086
0.6245038683668582
0.6639548921261784
0.7674981876660268
0.7328977757971498
0.6567121314925743
0.5724488467537189
0.6891105214515837
0.7751646417819817
0.921361935160301
0.5385473847623372
0.6538322610892227
0.8294989105697281
0.6463397494534001
0.7076372002030635
0.690525646334737
0.7726196809762762
0.6720753876817753
0.6629835342980145
0.6097040159172866
0.7464743639006532
0.60943681045889
0.799774227398192
0.606722106286096
0.7555821076107051
0.6090995959829554
0.7731015335296036
0.7208897762714811
0.7830367174188445
0.828771703765936
0.7421194639237878
0.7023982885515092
0.6169204659089407
0.5322180285146383
0.7585086768484269
0.6346274259755205
0.6464856346216225
0.6278765140892179
0.6949635690843283
0.7566194087446871
0.7910025157658407
0.7052214599582085
0.6002164115410381
0.7264253198777261
0.7337303642442502
0.6601852564830731
0.6888360481348199
0.6144008657995689
0.6620484555312212
0.6790133911970411
0.5830931416925755
0.7218538899203533
0.7357836547710145
0.6510740934765803
0.6238858797972977
0.8937646777346362
0.7522864370269786
0.7855970760890579
0.6275652198590471
0.8302296933503723
0.6565549026565458
0.6555370202121765
0.706900915116258
0.5574946498896707
0.8651864916269342
0.7551003294012149
0.7726230160532747
0.7688132209891034
0.8379605850535761
0.70902985475679
0.7028572809130702
0.6812926781980742
0.6684001150845121
0.6673195717607596
0.6296623763227402
0.6546056244788848
0.7418071954883263
0.7700235285540534
0.8216826004253112
0.6297335344661675
0.6879963036923001
0.6684140665007962
0.6514750743889908
0.6999831898285104
0.7823227798370596
0.7603661509806667
0.7529284034974013
0.6140808849093504
0.8026090136085061
0.571698977209874
0.5791677429688347
0.6922398385867818
0.5824184965627794
0.6492064800448318
0.7538257768269363
0.7016550168232989
0.7341394093519675
0.7823846372494709
0.6068262797693669
0.7952902633635073
0.6378647321130048
0.6043096765028756
0.8288897928426672
0.7748254346710876
0.6561383650700482
0.779233734202537
0.7626785726178515
0.6866524021150201
0.7285314009999269
0.7688508521943412
0.7310677013225071
0.7413864070986166
0.6226145561695805
0.6298912718781808
0.5832026853224541
0.8305596641995983
0.6251834621157845
0.830237148938945
0.6493940611305499
0.6850117940784278
0.8498085898873003
0.6681905572014205
0.6721178419531424
0.7581351236811059
0.7510104455090933
0.7421869824554902
0.7142316285441791
0.6474975592062285
0.6393213911196215
0.7067226583841224
0.569983699791784
0.6268868169124096
0.867773203401702
0.72174146434436
0.6885381396091161
0.658525560280856
0.7086426422327979
0.6431729992925831
0.7629424511806578
0.705240968971808
0.5949073851078808
0.6998463183109738
0.722850610622001
0.8073023891431128
0.6904327656547025
0.6961464000170154
0.710782090126872
0.6465840392287756
0.6776278599174562
0.677848400566623
0.7447235439264933
0.7114219150530254
0.6908148058780549
0.7343816092555193
0.6623396607244688
0.5498154820269827
0.6564440486858859
0.6398563617079859
0.688562699549247
0.7715962459794321
0.5407342167607153
0.6054962428624682
0.6336041816679334
0.6926951745655134
0.8424160181100281
0.8183428987386857
0.649855301884447
0.6993087695643992
0.5165196366166313
0.7364813837017281
0.8079397664347072
0.6895347183523213
0.7612763497354179
0.6497815004891884
0.7501407185447028
0.6263853397936395
0.8509306892862077
0.6773177231747025
0.7854234970218175
0.7306568409911984
0.7154498943508896
0.6691134423096566
0.7959970837116734
0.5763806784930046
0.6184078337018328
0.7644412465002905
0.5608480702595775
0.6258124482014992
0.6967542946830048
0.630645238421723
0.6872566519430846
0.6510030033114265
0.773151759147448
0.6687920909965002
0.6347702688793488
0.6845328869357604
0.6205451238149783
0.646514310394807
0.8231333049542299
0.7228914029693092
0.5129048121266427
0.6934159022972388
0.6330149756067177
0.6825862879074245
0.6574814777186216
0.669635964478369
0.6290065771274825
0.6638344210686768
0.7877116522375429
0.6626352793894442
0.6042814334510109
0.6322898256098928
0.6399461165413146
0.7952014121810016
0.6636692502788762
0.702240551964923
0.7475839024468236
0.661919275904892
0.7931485129714702
0.7079338409167708
0.7119183276101704
0.8507655934449497
0.7820517753867069
0.710039990320994
0.7190918408553865
0.7327842325219379
0.5992682204580156
0.7012828537791526
0.6435695659248388
0.5924892689311021
0.5966696490123699
0.6492670132784334
0.7284373025401194
0.7605019569889616
0.73293439551467
0.5956591206283421
0.7911196602688819
0.7543041198151302
0.6884193096506389
0.7304970611441294
0.6417297867922149
0.7570049248967204
0.7434164865237284
0.5601976751787989
0.5857546618789576
0.65216603871312
0.5463282427274058
0.7830661016585257
0.7381865395905723
0.6226807460971181
0.585042875709587
0.8407117896654889
0.6102380037074512
0.745373397835211
0.7098448684116836
0.5501198941519734
0.64324610432176
0.7316915177625595
0.8155493173270758
0.7586259968691278
0.7165312161937782
0.878315545885865
0.7321750448590937
0.7840671383884029
0.7697554739910376
0.6781369263012347
0.6030952770194362
0.5878264356145539
0.7077051708837564
0.6909830321707682
0.8395171339841523
0.7118771256256886
0.7604051119865856
0.676123460399875
0.6834545870781807
0.5893654086988542
0.7398804807350943
0.5761226603450333
0.6895985226888568
0.6217267234674121
0.5709529611137061
0.7034234480766093
0.7190926720887671
0.66240903789264
0.7127680252010888
0.6423934586615005
0.8785656831766882
0.655027013639924
0.746294538302226
0.6561999280832066
0.752960811166403
0.7090695885507455
0.6580832965879166
0.7394157724642976
0.6031388948530737
0.657808816871484
0.7030147459864453
0.6770850931904205
0.5387627199147045
0.6816206713531809
0.632467376475499
0.7821041208466074
0.7904163629229138
0.8017033779124303
0.6902474531226475
0.7082763916796428
0.6336858072320699
0.6653365177914545
0.610296326812503
0.6473625329863304
0.7893587858204119
0.7118943678589177
0.8582286305750253
0.6522615629387086
0.8233982725899778
0.7199192648062925
0.6410473791213094
0.6803567530689805
0.5266425722914263
0.6902223131843466
0.6537770988092607
0.7712071898711677
0.6198806794425187
0.7151675860155094
0.7000299086726333
0.7050739212518371
0.8614090622646757
0.6339588278331009
0.5172059831344378
0.5921855024004932
0.765661802819764
0.7304411613774274
0.6208811434471486
0.7266928799485839
0.6009065370630864
0.5719280439964359
0.6425559198239998
0.7993360063891608
0.703915832126027
0.7970707025722704
0.6794546743772124
0.7540757520152256
0.5959821436951257
0.7848688190051505
0.7666714150593166
0.6613114240906677
0.689476195050035
0.726308136310852
0.6992116790717455
0.8058234457080777
0.7271516546157661
0.6393080216015639
0.5882797409591604
0.7054877517398731
0.744470481898192
0.8615822914794012
0.7313314068850194
0.7668616477267055
0.6824645048548884
0.6413245880904883
0.7175580984026725
0.7556983738413958
0.5844745127459847
0.6483897328721773
0.6906351201595271
0.8571672601396951
0.7378817312077918
0.5904903094935585
0.6765792433710404
0.5259641882518731
0.617547478154842
0.6070345812512797
0.6915324798377032
0.5232084854666015
0.8080047728117646
0.606077958828053
0.6330979033746617
0.703000030511056
0.6650240949279227
0.7152871450123256
0.6426721580228623
0.708487522551518
0.6535949269959592
0.7655855838086714
0.6539677188070758
0.6777339348494837
0.768897368610636
0.8201259000530203
0.9499477901385052
0.6601555314229254
0.8314869113558624
0.710294439074838
0.7484719910919608
0.6998483115854406
0.7126366074768364
0.6979579088582785
0.8082669877408668
0.7685881141133901
0.6800003037009168
0.6675984125559623
0.6621700732181323
0.8768450838480359
0.6712052860438099
0.6813626052068091
0.6351687436624778
0.6060056236532173
0.6293135708752929
0.5671333906204741
0.7249970080153878
0.7310379973271283
0.7552316638872478
0.7330663109779394
0.5014580740943739
0.7319252915835973
0.6359323207775646
0.7148999555078277
0.6173432144844747
0.8001976496223939
0.7134714785021085
0.8398870250503339
0.6764144376329732
0.7737731597591705
0.6784322073142652
0.7227334849809219
0.7392646446539056
0.6729087938472224
0.8422810037195991
0.7400054551852271
0.7381064808332092
0.7011888790056274
0.7624633758959325
0.672541688186076
0.687931677775209
0.8035674122908858
0.6208416330003692
0.6957339197872356
0.5662880963450619
0.6689373804759109
0.7139757373860341
0.7548858960154681
0.7931172149368395
0.7613077307108295
0.6124803853911005
0.6101316391963125
0.6531514228116678
0.7040816331883181
0.6966440345310301
0.8389693077647296
0.7898054544947936
0.7538874182507423
0.8579668345829797
0.6636607567576509
0.6885762225869387
0.659623405587529
0.5352987571327692
0.6901736409106383
0.5732006813151773
0.8020264873792379
0.7070708729787331
0.6872690647866145
0.8323860124312364
0.610134314695574
0.8186703911953056
0.6811382429115737
0.8032027162874127
0.7557555849893934
0.7399330393648869
0.660884010072841
0.717670018637132
0.737071556724138
0.6502630573343665
0.7959218703121288
0.5013158853628309
0.6101992186382741
0.7693677243619428
0.6859965805106026
0.7382150004613185
0.7651233004620368
0.6568846940806653
0.6826657085397738
0.681971764506102
0.7495566973709272
0.6024009281806552
0.6837749781856777
0.5819918671808779
0.8528604182937891
0.7479898010140072
0.7216957941455231
0.7133760452744997
0.8106839510839251
0.6656358849789132
0.7365440503801021
0.8136848674032833
0.8020016159186163
0.7080640089187098
0.7790975804466808
0.710005515778018
0.7482078760894494
0.5985336037999348
0.7501736421040442
0.5751367305171399
0.6501373440790391
0.8330958167145909
0.6511246269205135
0.6230929594015632
0.7654720119786808
0.7927254020143178
0.6695385611617394
0.6118271228949755
0.7693128128155469
0.8141347197032406
0.736509263075689
0.6958835525005287
0.6971592662337208
0.7458717313408967
0.6794981862553237
0.7761712713405545
0.5030703195104009
0.7898547329701129
0.6185158541710867
0.8058901410104996
0.5128933717845213
0.6645120603505038
0.6920011873903379
0.697251782663948
0.8031520635319017
0.6235691387443116
0.6567714820667099
0.765605393279132
0.6527671876043702
0.8925798051590879
0.778522647146482
0.7603995724992906
0.6213050790521683
0.7567560869140175
0.6379280552921379
0.697165794732915
0.6144719441111878
0.7009922763072873
0.7205835478567726
0.7043136122089674
0.6953128849044051
0.7187271151779273
0.5026790964331097
0.8190041854498376
0.6552716450034941
0.574705504126526
0.6072236115199992
0.6561612732844371
0.7288661455781569
0.690849204410619
0.6304251812028289
0.5515195979251624
0.6997310165669262
0.7901961927879573
0.7628645973456052
0.5998717864988304
0.6457976297227848
0.6881680568584125
0.6347900771335157
0.6908978902720951
0.6649482275434735
0.8096889559278027
0.8626645268595478
0.5837551079317677
0.6462359689688202
0.6735944406127841
0.8625583882345987
0.6423185273798908
0.6984795070232124
0.6908781517598311
0.7251874195815059
0.6376760947242963
0.5386372893856914
0.6908049493097663
0.6976860274363506
0.7355575850428929
0.6059529121534818
0.6545284309996987
0.7094201957534247
0.7674567205394742
0.6369525683024644
0.7000817297573698
0.6724185248713209
0.6751653810666081
0.691886207944446
0.6317420861802587
0.7332578029458455
0.5377143073727787
0.7901496999207039
0.6553849608299335
0.7002377546470886
0.8646704661895236
0.7800275535071273
0.6070781720359052
0.5972185408901406
0.6781913498972613
0.7378027017526738
0.6624335855489146
0.7378879301809889
0.6957959097428993
0.6758933757337695
0.6648134101089376
0.7224924187166765
0.7111291174340848
0.6996977199379244
0.7652859780791882
0.7512830071141273
0.667919065605464
0.7155472110785321
0.6936825989707536
0.668561175670306
0.7676157485613626
0.7064280418062906
0.6995465644608776
0.6809436539911046
0.6018329876699071
0.6036904303050769
0.6881500185528597
0.8900517461392692
0.6549176190087113
0.7312911862727162
0.6720559686953007
0.6653104973710284
0.628184625837423
0.6255001684426892
0.6768833021028178
0.6056335532263399
0.6439853095025575
0.783861576720825
0.6183839524077859
0.7735920852301867
0.6582095452369214
0.7547151447348999
0.7567345153798211
0.6021609200618228
0.6976199365926946
0.6634556668369145
0.7724567589999655
0.7112731027015137
0.7999510430783343
0.7129798625682495
0.65584631434011
0.6718909151139103
0.8465363937710293
0.7759453095470946
0.8450612585848503
0.6859172659949558
0.5440432724930574
0.6483573502443003
0.6786909701620717
0.6931491043553175
0.538293741938936
0.7330548868095941
0.5758868532442822
0.551914368496295
0.8201236302498183
0.7155534138457837
0.8466592221908048
0.6824034609523942
0.7050214896378147
0.7645757222084092
0.6480952816603941
0.7167991243043023
0.6034477313594102
0.7500136159993069
0.6655709228285661
0.8141160095349617
0.7446093411933848
0.6975543045278109
0.6004622468544271
0.6697037060958436
0.5774770627894168
0.6770333643105862
0.6126369380228617
0.8586462111811091
0.7652371405206349
0.8186428889345727
0.6198301562355045
0.853180516196468
0.7326957861527335
0.6720916659913656
0.7812331208350922
0.7148940367985155
0.8841779233490951
0.683695607984942
0.796779017389249
0.8987165910452931
0.6936543002399204
0.6552521829768282
0.7035310014690688
0.8044733902664098
0.5292388295158239
0.8060375228279992
0.6864971621785523
0.7203228557288162
0.6761714625493839
0.7948172682756744
0.6991013604748613
0.7719186836918339
0.6623833304840724
0.6742881736857242
0.7699082956360311
0.4951562806837181
0.754316855473822
0.6746471137138194
0.7586919587047888
0.5657803525536603
0.7055427382573407
0.6736926222164592
0.7170313186746226
0.6282421570482757
0.7586182383654081
0.8283812213573938
0.6425344384183003
0.6941581748627311
0.679532631298627
0.6771575792089743
0.560246191300718
0.6391979130010135
0.6250595026632463
0.6568149790605474
0.5756446040479137
0.5772447497272196
0.7117236477880338
0.693828884546106
0.5644769172127759
0.6764891561169344
0.681978042274328
0.5753215314848956
0.6226916213159708
0.7898154782898876
0.6211417796525452
0.5946871133037525
0.6282927288369634
0.6373608429888046
0.7486189465201162
0.6532346576575583
0.7273217882543831
0.605198569901901
0.6939997903195654
0.771887346393461
0.7741519888755753
0.6073269866010151
0.7035450699282223
0.5476618586701211
0.7370183446545905
0.7272667677780502
0.5950643581902709
0.8126209480085673
0.7704960973111994
0.6880472072444506
0.5630770162418524
0.8161963836601637
0.7942547507686369
0.5141405676878791
0.6096189183860098
0.5319891587184233
0.6119670071408515
0.7273530917628201
0.6376231472563851
0.6876509831313344
0.7756343850441645
0.7868446371558333
0.6231466135119996
0.7669840234119668
0.8741303321855403
0.6264573161814796
0.6445368560926289
0.5914938833777461
0.8284363440628753
0.583057507811461
0.7526985858633222
0.6658590660441156
0.8153780377059687
0.7741994347507324
0.691031954776295
0.697266795027466
0.59887972093315
0.6565601067842867
0.7483843824136084
0.7487804106669564
0.6802871276155407
0.6906598390601663
0.5858098744235269
0.5914202340428463
0.8385627990350795
0.7471987297926271
0.7683260456590224
0.7554424811709294
0.6634579008777416
0.6067717114905016
0.6500803797979692
0.7919586974275697
0.6606380893412594
0.6545344673941172
0.5991092534810862
0.7628013370945116
0.6436783957725877
0.7300930810817937
0.8181561540565648
0.6532268083196754
0.8152918317939463
0.6848247353911042
0.6697549543771691
0.6618296917321519
0.7200222791522796
0.649517327467338
0.7624368122465912
0.7846982304468215
0.7728653650202253
0.7543142471525043
0.64608761420423
0.6759663473860025
0.5879513741359074
0.5744767962241515
0.7072734337911428
0.6407644157394417
0.6495708624579373
0.6831019449578932
0.6409769201190391
0.7955922136970722
0.8297079177682356
0.7162790594390891
0.7663786279156023
0.6792716983680611
0.6644021888032079
0.7415701168171547
0.6666087561654461
0.671974691811952
0.7162085372346214
0.6916691490707814
0.7387667747106076
0.7168123402146662
0.7394066908257951
0.7214952235575184
0.6558357576933941
0.7324892779233566
0.7058673479021754
0.6291971413970839
0.6467853640502111
0.8611397305978702
0.7030311303298721
0.7272462445534089
0.7371850971272675
0.7273737393750684
0.6080621359111413
0.6773480116976653
0.7232454162787356
0.6465436288590728
0.719354103984048
0.7903141060819768
0.64219330000347
0.8180430600601052
0.8581433498608557
0.6242464186457773
0.6335438981460213
0.7029485461228236
0.7407671670114738
0.6548824444846483
0.6567801983378526
0.7481502795527577
0.6963890607886989
0.7762859593452958
0.7268305223251044
0.7357707407378938
0.6496920339509992
0.6826363456761741
0.7390515836879996
0.6310314679172486
0.6911019747739288
0.7303129609151968
0.7593629862912789
0.5176985466985737
0.8230913702817939
0.8144446930806681
0.6231599968591929
0.7518215471211646
0.7116547050016555
0.6930366843982123
0.6421176654230473
0.7646542458874632
0.7040783797840983
0.6286368062366542
0.7876608850043099
0.7026935355147067
0.6968286695412209
0.6893660954031071
0.6916276608591199
0.6854508272160287
0.7584205627672773
0.6210973760111483
0.6420891661595508
0.6792245547982813
0.7989970536802952
0.6246822941578598
0.713440493099054
0.7870266387238928
0.7674839157465507
0.7297369706404022
0.7616431407885738
0.7910838266276914
0.7796034311119641
0.7552745571461018
0.5322231058435647
0.6328616265202182
0.7233501106272501
0.7021215352799015
0.6531116855246133
0.6595915318203479
0.5976987783322665
0.6497923503533448
0.6474120105528959
0.7238925083655013
0.71342288413537
0.6990318128532619
0.6708323996769041
0.80976817531841
0.67705863460724
0.6897676154297921
0.4977228579625068
0.8209508958547642
0.726722035759676
0.6659501799669287
0.5343775320282592
0.7564159859256484
0.6286391230732754
0.6015542389130693
0.6852158591292171
0.756112977965965
0.6416876365272723
0.6994241795940899
0.746709548104131
0.6775605046916018
0.7471187947698091
0.4787323590532042
0.8224477750817693
0.45377879881164157
0.6447213584791878
0.8380759436869808
0.8337988655381454
0.7587395430666789
0.701596219894048
0.756220074044984
0.6471125201264103
0.6704840921558641
0.5301983021868171
0.6069279539535587
0.7327320949668934
0.7081745954837129
0.6632192001037291
0.6403640632081851
0.6934005598046333
0.6570217922456303
0.7351531574440402
0.7219175469438889
0.8355780817075448
0.6282597580149077
0.8434024404813265
0.5568107365386824
0.7799326117513108
0.6574518815686234
0.73159607062631
0.7224424858941448
0.6942796040185811
0.6775531316260165
0.7318360542833922
0.7994764821698505
0.8174073837858189
0.8176684763937303
0.5949707711640606
0.6333431535798526
0.7434233753965446
0.6662610001293451
0.6465032264972803
0.61655303458494
0.8330268015237301
0.7045326587498842
0.6721974005413245
0.704428736917578
0.7356490070385041
0.7635900384562841
0.711770117757071
0.6924124458148894
0.7965767161302579
0.5815608403402739
0.6310197384381985
0.7197248684888672
0.6263919915740401
0.6804577994954976
0.579953465076251
0.6709752444189303
0.7521917555833336
0.6720895971444365
0.6091595461141244
0.7933743804479281
0.7240973776495389
0.8523708938925542
0.6206391262150858
0.7216389242864714
0.7561283043748149
0.7652555472632567
0.6328218095933464
0.6772688305527068
0.6105660293116069
0.673511673414777
0.7010606240115967
0.6222758784799848
0.6638891010508406
0.6391082151180414
0.7155460747285349
0.6447358473955592
0.8069309524838223
0.7282854931771634
0.8997670196148075
0.6716025512951027
0.7272620358123298
0.828698593062078
0.7623269560903243
0.7425478550843627
0.6952428316253046
0.7424948505437386
0.7402418996142646
0.6950433782624283
0.7521481418860645
0.7117708894651279
0.8271122935631974
0.6710750322450071
0.7629974934448767
0.711456088686136
0.7521231844625939
0.7922989119112779
0.6457464261143017
0.6871131028584951
0.6400851246498989
0.6170628354818892
0.6755368489957694
0.6662062791232786
0.7807498039875317
0.7445865623026677
0.8002922247701953
0.8028871059258635
0.5972508000476074
0.6990472653871183
0.7360300881414045
0.876920941940496
0.8064517674216178
0.5589484858464546
0.6307142494439759
0.7354265764447447
0.6840246971440502
0.7015186251291091
0.7612394467569517
0.5738425515496217
0.5623426632194414
0.736223252487223
0.6876418961024132
0.7230669702190229
0.768773426074536
0.8176576459317338
0.752397457460883
0.7555410201009852
0.6099988184904057
0.6730037329238553
0.6352385968338058
0.7872532047416325
0.5001541172687558
0.6559519138755299
0.7209620749859156
0.7361852749837204
0.5894126816577142
0.7109320254377146
0.7083261958725168
0.8145029716632938
0.8922587075974704
0.8425349868697329
0.818284493571353
0.6360806708616902
0.6758364555532466
0.708046571067844
0.816474742763283
0.6610585127690178
0.6577299713676964
0.5937738108905709
0.6999637124792145
0.6888571219023982
0.6502380407755651
0.6323427721820714
0.7749394838802196
0.77748175837635
0.6821570727037954
0.7495128361018236
0.6564317835370744
0.6651987189654998
0.8018868736167917
0.8190479215516703
0.7281874841616222
0.7193067967159834
0.6019201649231838
0.7910991816072185
0.6717089309944438
0.6334940691694417
0.6402225220059388
0.6451217947738423
0.6752342541380103
0.8007779128348783
0.643821442412353
0.7214336538968423
0.6132995673515154
0.7486333111151339
0.648715594290943
0.5833203621374149
0.717639254858498
0.8219290741240638
0.6975709484939046
0.7059564663194626
0.7630101638196688
0.6047125461624038
0.48382178698484524
0.8742916306025261
0.6970194525598437
0.74021141197949
0.6913416480023773
0.7673370228199093
0.5218726997869704
0.5948671415582771
0.7116292628846077
0.6962510639527085
0.682192084070934
0.6602402141645718
0.7865647959444839
0.6879902488284245
0.6803214478267909
0.669687375354883
0.6120993076283932
0.8165539763514569
0.6226022284127608
0.7004754165682324
0.6994263329440881
0.8332695978476063
0.7145532016383641
0.599251723242499
0.7352184318738941
0.7895325668605024
0.5957596458379124
0.7107241780519634
0.7991316010568976
0.5478379937746846
0.7723012999681615
0.6977445687174958
0.7293989197169588
0.7861273043927396
0.6542099007757419
0.5851142932121349
0.6339079083042024
0.5820726228922037
0.6471328975041172
0.7074904705586748
0.5933199982404761
0.6525440950495575
0.6556283321540701
0.8467633497502405
0.8397304927587577
0.7281272800190899
0.595916908679955
0.8319432892623769
0.7864933607540784
0.874485721815486
0.6409742743537007
0.6346896890526114
0.6417867466562545
0.6857815561381634
0.6319072151596774
0.7503583349849502
0.6223863588333096
0.7574942910521004
0.7213207277759623
0.7922269421163037
0.874903455765386
0.6780291524116918
0.5684748409544617
0.7121157252327532
0.6093858189492481
0.789543812362972
0.5715320671064521
0.7182505962549869
0.7433680277674136
0.7527177208011566
0.7320287148668636
0.726690300322276
0.7463669749290596
0.699291494589305
0.6466223636471327
0.7209159322862269
0.5108305073388065
0.7073416254882614
0.6688988874499873
0.844471251127865
0.7535205713802194
0.7403926212149524
0.7000853701042379
0.7182514637072283
0.650472205340875
0.6792885614202187
0.522247558052836
0.770693753796111
0.7565042643374846
0.8530086501715207
0.6569490524672397
0.6705143079145517
0.727800663890292
0.7231496446054128
0.689904718117239
0.7787152205077668
0.7293435884076912
0.8410569308364773
0.717548198333062
0.5521611789224885
0.7371526261579693
0.652901998260859
0.7910091111661799
0.5380964302321645
0.6825233609403206
0.582292719755334
0.6567801921279628
0.6637829285108778
0.7269026448974178
0.5654240773589456
0.8553605719696498
0.6765889736017484
0.8290858455522001
0.6972272625348545
0.7001951997457303
0.6547542869696259
0.645615484904638
0.8131242000757043
0.5971265154248703
0.8112051569204826
0.5754197578260122
0.7767126827941514
0.6894645458737411
0.7212590691417605
0.7137702946670672
0.5940125735804265
0.8591593574750486
0.6624830724430038
0.6653492928734083
0.5792422596044355
0.7497391376479976
0.6266067015394376
0.6716787729847374
0.7255954080092848
0.5928770958476016
0.7897868060272721
0.8052200219589806
0.7179365382475887
0.6049229157905445
0.7125848006601144
0.806373246222184
0.6690270425702027
0.634416572458119
0.6886808048743
0.72312741386221
0.7796454093095715
0.6785812202708789
0.5834536234138362
0.6902158350739426
0.6278416961227623
0.6342391194635049
0.6214415329374277
0.7952306589683005
0.8017485962500115
0.6405442817003774
0.5925560292624769
0.8101350493562492
0.6385386633472528
0.7123867032017063
0.7672014830596315
0.7601627074933123
0.8114047332843857
0.6853376686578744
0.5916691413885223
0.5462771262319019
0.7490299899432021
0.6583012140765548
0.6505387286204213
0.5164267301278872
0.6148571999773365
0.6574154242034784
0.6480554743892634
0.8112588466912702
0.6661813641932177
0.6653523888928478
0.6310309792591229
0.7296558722660201
0.5122541955757821
0.5676023505594068
0.7376542947522174
0.7049826724075848
0.7502378737258364
0.7275742304617385
0.7060957672844611
0.6881579203288519
0.7271921858607504
0.7538190734026271
0.8006509101199539
0.6308801013266245
0.6276436318570937
0.5459253461185098
0.6781137180480089
0.6512775672763383
0.5603044235300096
0.7630723247076587
0.6138222571935089
0.7843892140087627
0.6668193358863332
0.686174025846401
0.6684222515650858
0.7359066803189911
0.6235607419980489
0.7355170622260303
0.6672078621221026
0.6958387336346398
0.7680414029639455
0.7696512490965622
0.6374707529143744
0.7882313706608043
0.6525243329254298
0.7022983974215437
0.6943877488160759
0.8056719704135411
0.7170147181981685
0.617946186028504
0.6778829854033819
0.5659379317359854
0.6811826786196183
0.7242964829075389
0.6251084762557226
0.6199498311981516
0.6203718417763835
0.6200692911946182
0.6711215729528494
0.710164326158332
0.663668724837713
0.7939651003623003
0.7624479156799401
0.7092767691583243
0.6574407059164777
0.7726947764017157
0.7303521930552895
0.7872905850930558
0.7483905602894997
0.6629731584359635
0.8073955543074619
0.5661688557663282
0.766815820154595
0.7017961679164705
0.6619015715943382
0.5386021917297824
0.821787661863667
0.7406860000321558
0.5957115431996854
0.718131927969557
0.5785427021702767
0.6214467016250078
0.6692979661418723
0.6246678686248742
0.7626242775916088
0.8577327539709101
0.6356339988219519
0.7562345954146051
0.572944645163731
0.7075092269266521
0.6283873170546979
0.6591895814040359
0.6040881480740764
0.7384956464863413
0.7136765369132968
0.7389874670223388
0.7240783577624916
0.6262050523696338
0.612247744180264
0.7354269817786661
0.7275308169798949
0.8400538319970251
0.7479538564964905
0.5465447700425324
0.7110819070592224
0.7134694173965884
0.7340367042914411
0.5408466136434168
0.6995028060132987
0.6407259572423399
0.6668851001144084
0.6068653098445056
0.8045180088865742
0.8673778699450162
0.7524075002874715
0.7944465357146228
0.48160980465751424
0.749024154472727
0.6304707226231991
0.7041735866821741
0.6510928679437702
0.9283304351064837
0.7390894827207916
0.7079139578613397
0.6292496772347158
0.6970161085239733
0.775554110135674
0.6081698878988435
0.7670193782907353
0.7361279224471063
0.761689632939976
0.7218116729520827
0.6343731220965175
0.7671674672545601
0.7208341058586155
0.7053021747514517
0.6442975799153545
0.6404292591824348
0.5640368364876138
0.6114891151558083
0.7383756288040364
0.6494535068798126
0.7338590751351362
0.7620070974562971
0.8657940599171137
0.6469181826448606
0.6617095158012908
0.7322574280385962
0.599294972068392
0.7998015521895119
0.6520479202491698
0.7222583411993951
0.7913316304320794
0.6574406279687367
0.6555174757569903
0.6018200876572002
0.6783360541159087
0.7668448193177442
0.7733462741413888
0.7335475756299903
0.7250735425592203
0.4677413826966409
0.7596897965005465
0.6053637149680295
0.6983564245013454
0.5757153488796163
0.6649586928662483
0.7271865609842961
0.8161880150502969
0.6290595094198712
0.7077660420822276
0.6148324600796421
0.8577147766156643
0.691454709679979
0.7980782705987478
0.8324331345260723
0.6989165388900187
0.5712055332552675
0.6941005191992902
0.6815582060445012
0.7399841634769753
0.8327753346263272
0.7095824734635274
0.6182086529756142
0.735264682183424
0.7321300005725282
0.7278094933538907
0.6484505150234886
0.654372466896704
0.6568354121573826
0.6321738822045009
0.536094856133729
0.7557741956694461
0.6801280468936433
0.6247515535997741
0.7070947432512916
0.6246208179262434
0.7585436400949609
0.7282101706259091
0.8396055696752411
0.5613083420500298
0.5833580578583976
0.7758755880169192
0.6985816919719219
0.5926917610479835
0.6213770374803015
0.7192158032367322
0.80751065069045
0.6853389865330665
0.6858922206634178
0.7182772762164182
0.6338001454526101
0.7306444017980332
0.675264674399984
0.6607261832063673
0.6465933518671894
0.7656659796307739
0.6035696068306249
0.4413241322055148
0.7090388874990617
0.8176871584648394
0.664065010788694
0.5492276109875106
0.5667665967555665
0.7623386057761091
0.6220486733910082
0.6469681863230817
0.6077518748815751
0.6208677018449511
0.8039238939921474
0.7681502832623134
0.8153369108711737
0.6374559176671134
0.8174612121318313
0.6095406991437026
0.5165733338147801
0.8531134802871054
0.8352852761609008
0.7868800816212147
0.7552003836362121
0.8726063229290949
0.5867832382038608
0.730808588034888
0.6375010636108933
0.6907857647417832
0.7072904511586992
0.638429877340639
0.6230872970234751
0.6941322193313307
0.6813079009635962
0.8109922091464494
0.6996558004041358
0.702470728866359
0.7273427089217707
0.6383563828726757
0.6989449011438023
0.6100077582886312
0.69264171687317
0.7031273061086496
0.6828144407658997
0.6896239603638141
0.8228275429048643
0.6883372621163344
0.6389893021976386
0.7137738118561082
0.8164471687993176
0.6826934596736688
0.792517877855105
0.8614496658437958
0.5621371137418089
0.8635535656964235
0.6956769557367345
0.7479694474320498
0.671444338310249
0.7642095554927943
0.5350003162910548
0.5465015417124093
0.554572285381915
0.6569604441603438
0.8308983336622954
0.6378984705647583
0.8612512614151324
0.6624067306658951
0.622370434329939
0.6272541292201198
0.7449027174039854
0.6308335398695674
0.7449532531352301
0.5813360646432206
0.798309771386508
0.7263589483605724
0.779975998787589
0.6844642973066557
0.7209893921801368
0.7866334468574705
0.6578200030423201
0.53781639064471
0.7132119082773547
0.7457403484983176
0.7197246239745938
0.6315513737562155
0.6619118845246003
0.7681647198214793
0.6823979206739516
0.8038237395173102
0.7755399894540462
0.6737267757234433
0.5594628118425617
0.6832020399711054
0.6528380670233892
0.7017391611869256
0.6262762338243579
0.5618928162171632
0.6670056475948332
0.721882405864329
0.6923449598819689
0.7932615367172255
0.6627562502615245
0.6154924451305517
0.6113106509510863
0.7340000122099051
0.7704631793063307
0.7226616288576505
0.8693861460910706
0.6949683201271837
0.7423383096136885
0.6617109832517488
0.7182656071071041
0.7448389470802835
0.691279089998265
0.7531444313620174
0.8469652021093983
0.6493605720802414
0.6934016505582346
0.7716038330272831
0.704281716038686
0.7163745134229539
0.562762445924905
0.5173031745428898
0.7795707986131185
0.5603169670353679
0.6543727103275492
0.6681594387554737
0.8050066295029263
0.6531152739311978
0.9517972064599272
0.8347109647470135
0.7529171979395023
0.6323402939294273
0.7060190395139883
0.7534818440781309
0.7203687072228846
0.7058817242483857
0.5759513276628758
0.6011886100868684
0.526222003041204
0.5913559948875893
0.6948547401930129
0.6804907069764303
0.7393684103882538
0.7440805041875167
0.7644482560902919
0.8388957259507999
0.7122932315853738
0.713058669390134
0.7723059212528308
0.6305663955519544
0.6863954557426684
0.7481340462638366
0.6864889415704672
0.5944881982889388
0.595630362862313
0.6144717681014994
0.8113848865926064
0.7308742535731003
0.6211227123423384
0.7455259745224458
0.5688085011132284
0.7152786963745981
0.7162013458709993
0.685906887512036
0.6891851567365974
0.574192221862707
0.7265382254727193
0.7752643453367752
0.7139585813548471
0.744467602260532
0.7152152501407931
0.6667831947079299
0.7489953045868892
0.7326379233306622
0.6064886117193891
0.6412182161001447
0.7405065544087682
0.6179213970856456
0.7837651488776827
0.8575694005601342
0.814545605738093
0.6045592544896067
0.6106965556883645
0.7152176489970946
0.7107497544397479
0.8401745532070322
0.5912769197074006
0.6150494428595439
0.8873169047480813
0.6830393631674606
0.7331174176683107
0.7363036996135331
0.7310761253020757
0.7171047446592435
0.6773380096838172
0.6658913616285166
0.7591646533845053
0.7881680053227038
0.8631083594425347
0.6277111597658455
0.8907951558339873
0.7718151489751629
0.8556360640097286
0.668337582925179
0.7109420769761524
0.578053600271774
0.8689479475938883
0.8271064875824222
0.8630676194981215
0.6938778396063008
0.6988451963025358
0.6429517366365753
0.6581450988944988
0.6452505590306783
0.6256133281637601
0.7818011637760625
0.7511074135733901
0.5986083266724311
0.7787770541171708
0.771847392895349
0.7186498756142894
0.6558511001467792
0.7690451663611511
0.6643526607587651
0.5855934880517496
0.7783453417142814
0.6535836314578298
0.7563955540311815
0.7420413518314587
0.6254306824876348
0.9277290540235208
0.6338739432234839
0.6976229545187772
0.8292999892073258
0.7672271570707412
0.669368405924927
0.6487439315546952
0.7920244368450899
0.7326887790276132
0.6197937166523598
0.7382335294213831
0.7544464585847741
0.7979192664287647
0.7513654001066217
0.7001434497255369
0.6855027553633595
0.7352381251637249
0.6042998176393906
0.5950843586939576
0.8374398001133062
0.7913908473363056
0.6986620053264428
0.7609474512982165
0.7353561818486921
0.6507651008854669
0.6680666470246747
0.6526134191454995
0.7934273918061419
0.6139393477594512
0.5532816849743399
0.7598984022133419
0.6205659867244149
0.67670637983996
0.6350871161898266
0.6457348526215396
0.7586040281292408
0.6291807518963513
0.7604718624603218
0.7684607321255729
0.7943469401725736
0.7712909005074503
0.6401884838998373
0.5783771723007799
0.7516896218825991
0.7727513102738498
0.6870507811693253
0.7661156252379949
0.6409905687738066
0.6699835319946199
0.7938063208529628
0.7117701756132512
0.5841183072066523
0.6993796605839594
0.7180625188751181
0.718885638632357
0.80651547754684
0.5937824401476518
0.7203826296866225
0.7088880530586308
0.6476080548091206
0.859470441834044
0.6409135490787305
0.6471865054750626
0.6794079916599894
0.6803969094488808
0.7157444599622875
0.6454957167162124
0.6867473539807716
0.7223167860234503
0.7118840094021158
0.5906366194369261
0.6120065349942669
0.7429374685114783
0.6359411810712556
0.7223493592461033
0.6731990945695121
0.7635658665036249
0.6858907735625377
0.5606192299694175
0.8682853999091408
0.5882216262532123
0.5965662207882774
0.531487467466327
0.7420679997658473
0.8890077642728867
0.6958102890099263
0.6906934164304903
0.7439910666380737
0.7209987152071409
0.7129786822985175
0.7591947817562791
0.7237449266654075
0.7755718376119181
0.5881665962655298
0.531561249465027
0.5760708551613081
0.6583012552161152
0.7642062661561522
0.8222581762771763
0.6534925823966902
0.6539161574919051
0.7265542634419242
0.8075487764932243
0.7225419882266243
0.8244169766882143
0.8215856644120025
0.6648205787180766
0.778911326683402
0.6785461662119898
0.7241468752514374
0.6767974820594609
0.5672711803950665
0.7040968489346586
0.7118003099120263
0.7391733354527493
0.7753477647768842
0.8005186276114085
0.8372955285355586
0.7573983592613962
0.8235921341799302
0.7217304531150175
0.6554253328954531
0.5543418237191262
0.701603523084707
0.6952256318367768
0.7026596079883582
0.7453192375437325
0.6425066010789345
0.6285028134212195
0.712250920849669
0.6136656957120026
0.839443388097005
0.5822957060684408
0.6077344995130165
0.6451088957264332
0.7692305407695665
0.757816314290216
0.6775080275891586
0.7684530807010977
0.6104984270817494
0.7973297208164017
0.7059868261000163
0.7484090236767537
0.7857118747814764
0.7241120673908803
0.7479965087495833
0.7276553271453273
0.7754421879940021
0.7834941260050068
0.7157108923941321
0.5016570073529928
0.7363696834774442
0.7035754973275488
0.637373715346673
0.8774083451222969
0.6901016781927224
0.5930820188357364
0.6260594242499831
0.6816586705517973
0.7139993113524337
0.6564361476681471
0.7804123539008487
0.6510831593611968
0.5657581995869168
0.5270239516075252
0.5935942691220577
0.682865828453025
0.6807241942615458
0.6759214137706081
0.7776154740122507
0.8722820269923641
0.6738512307655292
0.5698708151162825
0.6297521447000666
0.8190783973921714
0.6389953614777618
0.6150639092598265
0.8042129666912533
0.6761115258933251
0.7706580828097993
0.7316219649945822
0.6627632414996333
0.7172683039815172
0.7017975293801537
0.7981526901600218
0.6924181755674698
0.7792385211470998
0.7504371213757559
0.6742700168940122
0.7456682413528118
0.6262121866204247
0.7758775145922412
0.75086809341219
0.7088564629888034
0.8316445005126204
0.6677261166556786
0.6544875261605884
0.7052081189346218
0.7509612210769367
0.8063099697361602
0.630341742371579
0.8469642007205875
0.7547111682592734
0.698533585252941
0.7332517641935415
0.7039844922533592
0.6838933550519307
0.8212572558732218
0.7744959084406804
0.6672475402253161
0.7925104952563141
0.8270543447722962
0.7600825900688403
0.5727973615791718
0.7105374713267004
0.8537320375579489
0.8198401306784252
0.7389962073630683
0.7284666664249344
0.6289174613224077
0.7994590416519523
0.6672443149699161
0.6710413152532335
0.47360024682479085
0.7221619927479815
0.9056675361059356
0.6281598575745433
0.6699288009249965
0.7764336726223979
0.7536716414137119
0.8114815187396783
0.6050676295797538
0.694887755119158
0.726350920851174
0.7168309022919717
0.5909172027382517
0.7529569269137527
0.7029852388039385
0.5790740993877013
0.6749501040411001
0.7871439336755967
0.7045477366162287
0.751305767911903
0.6917153012750881
0.7749672075682796
0.5911516609388641
0.8204672462152557
0.763892299895948
0.6414401375897787
0.36190293049639827
0.8746202318401579
0.5566057532066842
0.828047804532087
0.830839576742268
0.7383849558347498
0.6243733480744633
0.664934227788546
0.8461692185345031
0.5877523488558772
0.849746739678526
0.7963452752959774
0.7688980513793229
0.5776797904901153
0.7172722739269147
0.7176266827093143
0.782103142295218
0.7454121384011377
0.730277813546612
0.6635367856679371
0.6769038057970986
0.7824695517378193
0.7092080520212933
0.8390126749152437
0.7208557130793123
0.62152858221572
0.6807617755237008
0.5835516813989491
0.6590821886033938
0.8068933911495544
0.5348568088399783
0.6381320130561642
0.7462900138859311
0.78439320543275
0.677845822456074
0.5998865144620014
0.5250584088785987
0.6474208563724934
0.6265776275268243
0.6972329938688396
0.682249504343534
0.7110521375723953
0.7589108698162196
0.6558378122041388
0.7823513020965589
0.676360952346919
0.6135263138587129
0.7438368339092885
0.647846989581356
0.7867340209033961
0.9090185773565485
0.8712586482533056
0.7179992814484502
0.6550530999971916
0.7168717998750264
0.7678361041344469
0.7902210499807814
0.695815756865948
0.844791164491778
0.6039640982983016
0.7001990302566931
0.8112118051279579
0.7171435215327678
0.6483267317636824
0.6777428539236433
0.7862880223216362
0.7989493840775962
0.5696752827957554
0.8091026028845951
0.7878755544425857
0.8089241560122706
0.683920249325173
0.747760627157832
0.7828719343584265
0.6537953228736558
0.5960576984950013
0.5480038144726345
0.7468320407591091
0.8722635070151055
0.6139202006778197
0.8600516678393056
0.8065390223297376
0.5652641934885821
0.7016283328419781
0.7544233793764268
0.6192715090874752
0.7202947894910511
0.62257120651226
0.8190511151761225
0.6702510533009954
0.6706559921276561
0.7554279549588653
0.7210797898802265
0.7727203962058122
0.7748296108381405
0.7810151190459207
0.7359943051037644
0.4465848650177062
0.6117306304152503
0.6395197739040862
0.859660149004904
0.7058104840610643
0.7667580280132748
0.7596149837179058
0.6020324299706112
0.7358232041783902
0.7139608151294204
0.7813306914378104
0.7781008127090787
0.7248695845702334
0.6585196540432978
0.6655926869810669
0.6352062556840847
0.6450724827474856
0.6442350308810979
0.6033229938098674
0.5939238958341804
0.6639889451741258
0.7601382141896406
0.7166625009068053
0.6958767725679597
0.7629575259981117
0.5942879177307538
0.7635749825846464
0.6507468223546179
0.6881861865302777
0.6322319846069783
0.6304343481852608
0.649262817194387
0.9926477232406077
0.6958003908100054
0.7413045996782108
0.6961889017097995
0.7261274002673682
0.73370958467401
0.7170699185718216
0.5799126854869595
0.7632952279829476
0.7877727436808367
0.5673143193359182
0.736414737659063
0.7147812077179911
0.6093847331428914
0.816921455175324
0.6855047876419078
0.5421688728105931
0.6925877414152085
0.6852841585573711
0.729780109409287
0.6396317378639333
0.7943750597312195
0.5921291179885971
0.7659016265804648
0.5948034072922038
0.8576444488222708
0.7557600333531822
0.7188999095336419
0.8621067234330173
0.7069096803315141
0.5868132363693187
0.6782240192625477
0.7864805954103892
0.7340611483529746
0.5430336036601016
0.6292008314686364
0.7147497122204429
0.7576940660373412
0.6708829901479774
0.6543845455090251
0.6695771819773647
0.6952364823934362
0.6634879254733094
0.639493758638421
0.8622885859892425
0.620724030927772
0.8100577744985638
0.6904611665553165
0.6457036169891948
0.7795125326897195
0.6738095245365773
0.6899137635869176
0.8138698986817795
0.7470860767642744
0.6646780897462422
0.7350756418188621
0.7293865800463296
0.6928160121473217
0.8474216855796286
0.5674871341953411
0.6228914037403299
0.6999543635449269
0.8291154858358726
0.6515164802677221
0.6634749205302541
0.6784021984186678
0.7425302886683883
0.6620035850649144
0.8108811068131612
0.805597404729217
0.7657278056765784
0.7001323933031672
0.6808569206179569
0.6758564638761697
0.82682605855986
0.678967281841398
0.6128818931904838
0.7895996282292836
0.5971076618079805
0.6712749479913748
0.7677441662702946
0.7287851226090581
0.7103828516600046
0.6285255754315524
0.7278626285291947
0.6812454014185008
0.7121910955057309
0.6371540704133124
0.6686722018055724
0.7680576491857048
0.6584149594312805
0.6853741598242296
0.6997212784061927
0.6880931977292986
0.6325407635884471
0.7303094529444293
0.7219401823396047
0.7642931367630402
0.8627135131680543
0.6628378970448303
0.7305134942863656
0.7314318513255214
0.6364075258907811
0.6746587387484586
0.7694406292196633
0.5742953476073405
0.6748118813930989
0.8058730355114134
0.6973257910447479
0.5773799076114755
0.6979728710105546
0.7332522884846814
0.7866734713630442
0.6922262601610868
0.7374863409845509
0.5720545712197216
0.8069363852382453
0.6774721453990322
0.719146529622662
0.8533950668798327
0.7664762035857651
0.7264439163259423
0.751041401262652
0.6379120828355817
0.7090772743276885
0.7806292814584147
0.7850245408108638
0.7637050908240517
0.7635446131469873
0.5070442042644145
0.8099725056376536
0.684833050080609
0.611255445746185
0.5417024679935376
0.6802497980431889
0.8180910202767846
0.8738588899058415
0.6924554794228701
0.6349874488853071
0.7129056331406651
0.7839627542645553
0.6743332257983512
0.6954725315450923
0.7536956218237758
0.6794748452937419
0.8280839865210156
0.7130607370246235
0.7516962048832321
0.7910707140854345
0.6954067647787223
0.7231062774421116
0.853345720479169
0.7794611488643395
0.6289240587371618
0.6256963738462009
0.7252925900741344
0.7495361000957035
0.7173928768285667
0.7619306663681437
0.8308446691118262
0.7145699200729476
0.6691006325945047
0.6065866010039203
0.7907737181650106
0.575350588960964
0.6557144769530621
0.6460688012760738
0.6639693089522718
0.6998741368210335
0.6168836704503499
0.6639476910414601
0.6134316177431052
0.7252674647364303
0.6559018057309174
0.821149404582228
0.8151576015282784
0.6822328991667677
0.603813971186188
0.7169117752629138
0.6455199530259738
0.5899429440669804
0.7340091747954176
0.8324616592891088
0.7522004443634194
0.6401487415661077
0.7414712541789626
0.6958262879999225
0.5553985789368396
0.8007282252023645
0.7808457110161462
0.8060168576543257
0.6064056481995594
0.7423495042322201
0.6576881388742415
0.6776915186565671
0.7129263562013561
0.6869168484655537
0.6927108020373759
0.8036159988910926
0.7502852755651123
0.7243884279015625
0.6924220435221335
0.6642048180314256
0.8072177508916707
0.7557047178781329
0.7433486573953109
0.6512761222620003
0.8071153359388308
0.5916058071412243
0.7861661993509147
0.5736328430938411
0.6606433321010591
0.6434152819099637
0.6177311279169878
0.8542859200529648
0.7362380173112753
0.7085417022091299
0.5928234751622465
0.6454433399374644
0.7055264384717026
0.6509359599262762
0.8722710789887694
0.5336894500663879
0.7649445089232645
0.6831118887120963
0.807307568754893
0.7166642124407716
0.6118497717670817
0.852125087640403
0.7062893600497219
0.7351500078545765
0.7824617488737821
0.761083321553881
0.7806164760051229
0.7929717868441343
0.6163037936805319
0.7512656859163298
0.6375083046901414
0.7809922432915342
0.6934323566567665
0.7130695832542706
0.6943351000830955
0.6360145282545405
0.6626531395480904
0.7025951671566287
0.6221526448433571
0.7668549531858413
0.6870002460667428
0.5919249570685003
0.6802094906918531
0.687127531085229
0.7487390920882723
0.7486846994898699
0.7371055192814364
0.7715200217332763
0.8612613626232817
0.7406539223765236
0.7315254773956011
0.6211016016504218
0.729551186939943
0.762578043900557
0.6153367246539473
0.67053257884208
0.7494140550619953
0.7399364315920589
0.7119924145939542
0.7489342613223213
0.7720607105290959
0.6348864592688457
0.7132782684981271
0.684281997446365
0.7344385485291492
0.7100078340274173
0.6769912606926829
0.7441325646999651
0.6246583243929309
0.7260220666923782
0.7143818351545099
0.7266319525286223
0.5986822756108584
0.6764512595061969
0.6944839487225617
0.6351049749573604
0.6900582235381167
0.6734940028756108
0.7653985008459009
0.7024293796897632
0.7017257544656086
0.8139754460392593
0.6012460388351775
0.7599474800933437
0.7344927849648816
0.5750203683657377
0.7646500221009908
0.759336869318121
0.7462482487908985
0.6502607170347965
0.8188404398411218
0.7250229133960289
0.7467466258393078
0.8780692872428856
0.633519509126153
0.7881422100639991
0.767211699966085
0.6735359174789447
0.6308840325295891
0.6919731307907643
0.5177951905305874
0.8201515136122142
0.7537796283037734
0.6595440512229034
0.8625157837561579
0.8564799112501236
0.7376763159230549
0.6410698047046419
0.8271815624702635
0.6311500788645317
0.6697812168593771
0.644817864896351
0.8009792688691582
0.650588814267956
0.6386182121253743
0.7355083000420356
0.7878332721772348
0.693376379953857
0.7954023811545674
0.9005181056252247
0.6620595615170468
0.46767255796118934
0.6692397091112136
0.596202641991727
0.7067257283842359
0.6796999009048208
0.6944683527345351
0.7818401701659435
0.6390443246402905
0.6825721364694778
0.7186196471735895
0.8265067832009623
0.9020105713704631
0.7929907964558419
0.7074790677669534
0.5844932537338013
0.7203352444880778
0.6364880507551122
0.7973617491120072
0.7761817362148549
0.712554866502266
0.7451757583707942
0.7342494721465449
0.8095787071303758
0.7459894251643675
0.8231081593599836
0.7361764430392774
0.7704352824259081
0.614964974889338
0.832586258530024
0.6881008700710127
0.7976020197270366
0.5601141896587775
0.7048381340076336
0.5265305361289812
0.684380759843625
0.7310849016680075
0.8531890242444707
0.8045076865606615
0.6383682338458161
0.6530606151613795
0.8132571007364909
0.6503999693577532
0.6416510146779982
0.5935062303846219
0.7523235499161742
0.667193823523956
0.6492628561692757
0.6191541573701737
0.6181996481354157
0.7176081024487493
0.7178016808537316
0.6905782324546598
0.7522370014261526
0.5851844861619508
0.6733688897839405
0.7404914352218697
0.716830579970023
0.8194904170634132
0.8220312387251743
0.613457275583986
0.7799301114509751
0.5821483307600966
0.6053593519715105
0.717749770959448
0.7564471166307787
0.6792525270456914
0.5651066241669156
0.5589415553785851
0.7445579345995431
0.6489978292889694
0.7232862823167365
0.7620187628511521
0.6958033924409924
0.514826071382401
0.6397576464819447
0.6414578933013181
0.6840833910648275
0.5901379644794035
0.6561365874172138
0.7729166041555348
0.7229395519082907
0.7510395876609995
0.668258625766933
0.5640350667734595
0.6678238294021144
0.6280391456638785
0.8050700790801305
0.6078751480542941
0.6942093929426516
0.6967970676888722
0.822058233816816
0.6823038510946516
0.5609090785349081
0.6826611456399633
0.668403798237587
0.6079319539103055
0.5286527061836643
0.8934063234753169
0.7314720685056733
0.6689120527619219
0.7111781981066874
0.6403484686925621
0.6671115975910142
0.6515539360864961
0.7244931989005784
0.6149153368246248
0.7224780424904559
0.7493920599240214
0.7512621201308826
0.5578324401535737
0.6436447433567811
0.6174040777391219
0.7687460262784702
0.7840907697700159
0.8785289042676503
0.6072373145619399
0.6604435112767241
0.7490113766085079
0.7291300808851096
0.6882956045699169
0.8110614981976777
0.7000221639179
0.726394203968832
0.6794319715118334
0.6959745123013661
0.7704531868374221
0.8245527744327458
0.633969926217439
0.6759872700439759
0.7776780375980916
0.6648562013813394
0.747568540846818
0.769596249507663
0.6155798263202918
0.7181275786131077
0.898889612119392
0.7668750857150557
0.7645987464033521
0.7675296450201476
0.6228808411364416
0.7216702319528336
0.8249617007487706
0.6225199181569985
0.7317692527193452
0.6755202096596563
0.7425266690539022
0.7154263871469718
0.8136200038671988
0.6891809505029199
0.7218209182479398
0.6921111233389188
0.7390723262606131
0.62401397881627
0.6683419271904341
0.6469606156124831
0.5355194975910581
0.6556676644034595
0.8105500841373963
0.6713388687286052
0.7278458057482469
0.7824947866621709
0.5718088803868804
0.7580964256953198
0.7729917599657077
0.66740632006109
0.8536282741533272
0.6322489090544402
0.4950201303981605
0.9212703822802619
0.6020209862034872
0.7234473576164159
0.6347989249868405
0.8490720440316578
0.6824515681193186
0.7209511983357473
0.7286192592986913
0.7289596567817781
0.733298211170255
0.5995560237703251
0.7194733907082753
0.78568587363437
0.6694321112543403
0.663157366948382
0.6597765526836363
0.7703369167398625
0.7567018379431831
0.7169736340927491
0.6443365977086847
0.7656109811495806
0.8203469066030431
0.72407143169756
0.6534013445588901
0.5913518036288347
0.5766785748473037
0.7274737712545692
0.6196007729394489
0.642050706107024
0.6392280593752044
0.6858833814865148
0.7616821614135213
0.8797480604220771
0.6880326496515958
0.583757692647892
0.6020814120644408
0.6801409489410407
0.812862191117315
0.6821971654257563
0.7517744219300521
0.6983590209269139
0.6782140543533635
0.772556945059148
0.7950175555633839
0.7094286397647084
0.6070424550167477
0.771907012468307
0.6370290538202552
0.6334002401141263
0.722320606188124
0.5972882329735961
0.8146883220006118
0.861962608107352
0.7334056935536504
0.7036857716568486
0.754536209814445
0.7222811770162809
0.6468509612580146
0.7410803551284626
0.6590125407467926
0.6182157410735901
0.7010670723581275
0.8702387033407988
0.8274076933532928
0.6162297599287505
0.8284109500989428
0.6688988154341557
0.7529292350766398
0.5965847143144403
0.7178410113509601
0.7262306837598818
0.7470473143464316
0.8267857667307721
0.7034035827521086
0.6877115626394471
0.7199651877721457
0.7170315563892307
0.8553871453047661
0.745989784022274
0.637621273541369
0.6810958147290344
0.580434666309943
0.8772824407016846
0.6674787467627031
0.60526897345562
0.6525323019970283
0.6554271531154161
0.6098810420874684
0.7629045937343657
0.7846480836575488
0.7619605617603299
0.6384556126219405
0.7764887586484199
0.6977068074325272
0.7618320178790434
0.6730831418876818
0.7445366900253394
0.7667353944202346
0.6359482399230869
0.686922119213764
0.5951600386659968
0.773366920918232
0.5926201286150358
0.7510556903625397
0.743121031817628
0.7218773820634732
0.611566014061456
0.8350621997210843
0.739442937308975
0.611189469605288
0.8664776899109492
0.7069206724758432
0.8145207547376462
0.6736909076415254
0.598563450104431
0.7335879210177491
0.5621317256329927
0.8292112027639206
0.6203496994243424
0.7060058803061227
0.800050785743579
0.6936949393830912
0.7534218169649998
0.7572577210369179
0.8077286686637408
0.6266987629457222
0.6911451990767271
0.7089993154023476
0.5147070307273468
0.7962622827645065
0.7518119294968476
0.6555909785772891
0.7513393645788216
0.7315773873021283
0.7612751793698249
0.7222116073437989
0.6953452759012144
0.7414762723439048
0.6697978775693612
0.7865925954430327
0.7304595226397836
0.6891041180296208
0.695441020156185
0.6695736534244159
0.6163133235947587
0.6619534553947181
0.7456794011005964
0.5603684137545933
0.6785507369872076
0.7682684945480878
0.6159543283840765
0.8021923677584056
0.7591205398359578
0.7027629712970839
0.6536024862425261
0.6444514926540499
0.7242041643801296
0.6768996062660234
0.8276966808462439
0.5904088181510888
0.5491266647788691
0.6325983810305879
0.7897257721045257
0.7171526222327079
0.7008897933597776
0.7066833505004698
0.7852745254437157
0.7604150721688817
0.6744125997899376
0.7517220726362903
0.6788491109171518
0.7566785065447874
0.6704441870978376
0.7674864271793082
0.7998972948670574
0.5713028883552606
0.6775423093551309
0.8446623218886881
0.7727580806082606
0.7030438974867987
0.7335141363536125
0.7003227476703695
0.5651532577220002
0.7706860550955574
0.8378542890533827
0.6946286852505014
0.589258453785813
0.7758345564655839
0.6809110621683847
0.6402816561662592
0.8138549485205432
0.6723649113917849
0.8174787879184414
0.6565364045517409
0.586704100028792
0.6838212101546827
0.6942655799591688
0.5674115112674581
0.7674420250465379
0.691691343672719
0.6565372108497594
0.6372338985037199
0.6791364415846505
0.72974587837592
0.7390538636639302
0.819249456689819
0.7063831018941781
0.7284799826605983
0.7055122168804241
0.6062768324875121
0.7587074209428237
0.8399317193586222
0.6844391375117151
0.819179318036989
0.6955251767480819
0.7804181905926125
0.7371357288616968
0.7156431713669189
0.7784164908907532
0.6808230999146423
0.6925401936913623
0.6559126139186311
0.5361986296971744
0.7479656408314813
0.7508251448493919
0.7504118744092335
0.8943055775519216
0.6836284241152537
0.7888574604457413
0.7550692157444794
0.8667893226446627
0.6386738215830022
0.6960913224232467
0.6996060460367667
0.633478418880799
0.7481478902793591
0.7219066445757648
0.6398925600640157
0.6183159849599015
0.8205539099340405
0.7242367560855671
0.6473444640918281
0.683092515205654
0.7398133613182787
0.7997340897763939
0.7573512008357868
0.8390162794560647
0.644454667398309
0.6368553809797324
0.7994050958321893
0.7560192479074843
0.5721057470410653
0.6915598915978359
0.6962770688305319
0.7095013525421661
0.6805508681783651
0.7943605076579998
0.7651828649646079
0.6095255587766234
0.678659055822504
0.6969702467548484
0.6503123510876246
0.6925612587996752
0.7777546490564721
0.8596807099468389
0.6251575585090461
0.6695075171873833
0.8135229381911443
0.8150802911752438
0.7083996380657029
0.6655578211756291
0.5035565368428596
0.742038784998598
0.7221678814154187
0.8003113767619712
0.8120206869111687
0.7753512999490701
0.5513624371220026
0.7095339902522775
0.7796875459950979
0.7711255565820997
0.6469258858833425
0.7979824121532141
0.6329978628925021
0.5628938592883361
0.6698937639971284
0.7046163627067157
0.661182243883429
0.7502283573683106
0.6730801677678295
0.8624769525732827
0.831304871161998
0.854229298625447
0.8008061508320874
0.5718829410967478
0.6816037989654479
0.7727216642643601
0.7598347487006686
0.726394416597474
0.8251204013751884
0.6941549454555463
0.4838098435932372
0.726385578884625
0.623779936352462
0.7035356928901872
0.6385848298682484
0.7871979146829546
0.8269315449691476
0.756945271741037
0.6237210948978661
0.8803474961408413
0.6821769091589076
0.6385791710446622
0.6714029699894346
0.6016696474986849
0.6853450597166829
0.6853711037967587
0.7673230450247921
0.7495720253050748
0.7058026236415115
0.6813162333595562
0.6544791762931699
0.6876780648036673
0.7759685231814906
0.7517390778161981
0.5856186776238478
0.6983662606078517
0.8191916154712428
0.7196571695147062
0.7651269816667894
0.8369278520535299
0.819433624604904
0.6167781497150104
0.663342188220416
0.8062495361288625
0.7039900161975102
0.6963911051909281
0.639994550652127
0.7041516603617615
0.7597210651290208
0.8104088437302732
0.7230337820155243
0.8482737291795366
0.6147076256354521
0.7190373036771336
0.6325283258180621
0.6703988007191013
0.6373738468592461
0.6510961799837957
0.6319746514712963
0.6067601812212724
0.6835933486028886
0.6964953692362583
0.7586819948248253
0.7440867687487014
0.6771911802976657
0.7406930958094438
0.7091410324100718
0.5409326166866568
0.6406678537408812
0.520572746980989
0.5423705793029135
0.5934102489774624
0.6617653807657787
0.720981095992653
0.672713836617578
0.7364699629862049
0.716034069822468
0.7027435358078579
0.8482720842689937
0.7582343828915685
0.6658020770850764
0.7437005724387107
0.7548916314811872
0.718393150047868
0.6963293970990629
0.6611632864660624
0.8758206462403438
0.6235985323315115
0.5821912479376661
0.6415349038107208
0.5175813297338905
0.7064970690784552
0.8074480897256187
0.7240943016275363
0.7007073509616419
0.7984184303723437
0.7737311255848401
0.6337393058363908
0.7965666180235071
0.7392606319043499
0.7763099001104764
0.7215355606409545
0.7012137548597895
0.7623295992274397
0.6656502146223587
0.7871489191166674
0.7879872036599678
0.7166082732506787
0.6601766581027511
0.5386066128969249
0.7132055406852954
0.6440420148544894
0.820153451983553
0.7368320608239216
0.7401933304561716
0.6913174945941892
0.7449374545263668
0.7831404287267675
0.6571613421881034
0.684546050992255
0.78813418417808
0.6588937839109373
0.7536064251193568
0.7789430504797419
0.6977090803052391
0.7672494086026442
0.605794084929725
0.7705225319442138
0.8472907867609525
0.6722498808966049
0.6520973666674736
0.7467296244799558
0.7207465750178723
0.8166127431264474
0.7818841684997789
0.8504972874004939
0.6336428604995211
0.7052588697559752
0.7861724967973882
0.720264504209829
0.7496507091377421
0.7113890341638306
0.6113376565932576
0.8175913240529593
0.596509619194759
0.6881818185929977
0.790890259702314
0.7133281447520665
0.6161234685014999
0.5726069275261946
0.8436468692830318
0.7541588911285708
0.7854754261889219
0.655343997875862
0.7656427768424463
0.7210156943328623
0.5898483170487601
0.807942936463578
0.7147269051147466
0.6339058362964198
0.7122264677013564
0.7693390122605843
0.8198695228536252
0.7890717255052527
0.8273684276419018
0.6039968667346368
0.7118863533951166
0.7340842547318647
0.713530889333706
0.7143727256528386
0.820789139168535
0.7077089713908201
0.7455068079805112
0.7747956763284496
0.6472226280187908
0.6691198722629947
0.7985103756980494
0.7415637513932446
0.6792086390750527
0.7260317782595538
0.6874491839847526
0.6657735510246355
0.7771316086862391
0.6465040355811469
0.6667177954313347
0.6323863761072038
0.709909923857552
0.6584181679231352
0.5810000320369767
0.5935841161702432
0.7557217503585515
0.7706534338155177
0.6723464124518415
0.685532526354638
0.6537090781711352
0.7112109985795932
0.7903518826425302
0.6715801419781412
0.701481942457846
0.6625337757246633
0.7995188073712473
0.7035878374839376
0.6935081402538159
0.7727644964717941
0.6513693337166662
0.7221752215656696
0.6616966547592531
0.6527817015122183
0.7625760815085378
0.7255150057920408
0.6462396411184923
0.7474442876583935
0.6809637823795313
0.660341619516523
0.7165458186494006
0.8934818959911378
0.6226609718665156
0.7290400349224722
0.7270608021102285
0.7620207339559394
0.614192322097075
0.6238563817478858
0.739242986907043
0.7495685643813006
0.6223214006694733
0.7400487900469751
0.6161686021934514
0.6499946711752286
0.7685402621014079
0.6645079523154246
0.8494845893723855
0.6151227789936942
0.550158481125664
0.6868618422298572
0.7422713115825404
0.5743118035778253
0.7865176963366006
0.7116813807070236
0.6463498071341978
0.7727440378022896
0.8119862818325927
0.8522142769468057
0.6766576109459923
0.6062135444690153
0.6548709285328947
0.6464038484300947
0.654254139725492
0.6461170622217404
0.6961763057565682
0.6558917916529183
0.7811881738789531
0.7250952010631364
0.7859503851027834
0.6485235601938857
0.7148624113679884
0.6005879705244519
0.6371743910558
0.7651700520428117
0.7537967696834608
0.6612621225606239
0.7967598707452872
0.7527503026426178
0.7081246446316056
0.6731125148210334
0.7374048685353359
0.687618840070735
0.743266807957447
0.8586654008071556
0.619241181576675
0.84549321476723
0.7019842568145733
0.7223011967841366
0.7744691271349768
0.6894009789089016
0.6950703490516453
0.735373548637999
0.7546732318718558
0.660343172713134
0.7097577529905901
0.7229281406841646
0.7549350227614482
0.8145501138423362
0.7659583225750676
0.779336500198267
0.790238346920465
0.6760182668168963
0.8001537002310755
0.7024051035162205
0.7538244571579452
0.7285431074039868
0.7227750148273703
0.8077280319295017
0.6778451949182465
0.6764852832608028
0.7746480614840133
0.9295384045617632
0.6362806978498976
0.6526022565362269
0.744801292831463
0.6072521834286576
0.6507061144564241
0.6708120297683612
0.6786325040743969
0.6156695320557137
0.62537194901424
0.7030605779797542
0.7748498313546677
0.6211644317126229
0.7548615405482555
0.7472116388894658
0.5937470069202962
0.6318133058933649
0.7164757216617162
0.6667379042965121
0.7267327208580386
0.6140572489155744
0.6356574187099918
0.5436453100559918
0.7635786693860058
0.8157669659251134
0.6876715265642784
0.6802552391674443
0.7286668363291146
0.7344463706494329
0.7340094524488552
0.7663338541302239
0.6391770118150764
0.7399727937023588
0.6562152205188059
0.7925293809589615
0.6592341259105359
0.8002651646525542
0.6808585318140035
0.7752020141225172
0.7740532226602406
0.5783746926403384
0.6512599244458903
0.7718035744233672
0.7093812664125955
0.7366941239769217
0.6298618960242496
0.8329491006004471
0.542134971725548
0.8165562516948481
0.6356551911911347
0.471479453321654
0.8115154653310434
0.5793101162921355
0.763881200862778
0.6903696356869966
0.7035450145538501
0.6201456198489916
0.654565220099499
0.7160103022841505
0.7802158089951304
0.8479297573249756
0.6744827717528524
0.6539252629479554
0.7689972123837756
0.6275277765906189
0.5895221737360214
0.6345635358039112
0.6286218847149655
0.8452753298597252
0.6978239584893456
0.8209797189715702
0.8111120562896661
0.6193905651405401
0.7188874970337276
0.7063783259687251
0.6847793661756343
0.7114526939579052
0.5163770240572352
0.743675848996725
0.636699813782367
0.8207022597800271
0.6760196221031439
0.6781867052589048
0.5439898082583556
0.7346686161483891
0.7247044584062072
0.7305914890925818
0.6880833665966003
0.7763295419607519
0.7079283615558243
0.7431809939214276
0.6872420371967025
0.9372656307800288
0.7039939904348819
0.6991469064558355
0.8369297185937573
0.6771146365254701
0.7066202292135884
0.7708082128658514
0.6346743776652185
0.6801403778729838
0.714988642444225
0.7502633414415288
0.7242352780945823
0.713384478834323
0.5622166182510092
0.7185714356771095
0.5601410362751134
0.6378505897433299
0.5664250674821274
0.6737607939446594
0.7367867719795371
0.5895039236038794
0.7733389332366748
0.5786462870787692
0.7207235557356627
0.6205488225894638
0.6191550381898775
0.6082692418869666
0.548056879177459
0.7112728078087459
0.6592359725579078
0.7500246625726837
0.7533206875828784
0.6388602008138805
0.6293383392417718
0.7967890501197192
0.7185104802892549
0.6420253704345805
0.661844928788167
0.6176999355250935
0.7354658890053625
0.6549632727391795
0.5391999885576901
0.6829725215533491
0.7507194988789389
0.5951186215704782
0.6644829758665426
0.6841803374336876
0.7134827853392786
0.6991258574159345
0.7008405758937495
0.7215896027053532
0.5512184469241668
0.6979924808353978
0.6861581223625165
0.6750255463488493
0.8801183204774012
0.5397869136740403
0.7782318404284299
0.6363589879558882
0.5668288900133637
0.7016780418550281
0.7251854362962865
0.5994724988039684
0.8447854918738185
0.5282659738494162
0.7024149105756302
0.6773139512685976
0.6496761937564244
0.7273451942901517
0.6697598643615266
0.7940430011855996
0.7952015762436442
0.6798086102922586
0.6324399317062533
0.6971204694553019
0.7906719861968373
0.8311881818657401
0.5445498876050769
0.7671560515342488
0.733876849239909
0.7497703560183504
0.6705665625154328
0.6530391804756647
0.7294279612653314
0.6338854626093753
0.729144416889216
0.6241710657671207
0.64424203375192
0.6990364515945754
0.6841219778225238
0.590718304102204
0.7961910095007192
0.6146816338258275
0.7138984481553624
0.6925630583702663
0.6318551557741614
0.8758892451855628
0.7852369138274948
0.7121917075426248
0.6648013853719342
0.6104091091746712
0.7794315849253459
0.6644877446500008
0.689939626529563
0.7195224418082654
0.5965754545862558
0.7282629621888744
0.6700610145400464
0.6554749359291105
0.5807933610952011
0.5960094802750291
0.6692496312106857
0.6028644197202081
0.7226907858790075
0.664702356828233
0.6739174761245111
0.6847247279527456
0.7678545870298131
0.6284588931109449
0.655873095682105
0.5570132838598073
0.7626947139944058
0.6730264659894667
0.7804355253755441
0.6519621042557301
0.5821618308507243
0.7860862339080118
0.5934662738992429
0.8109975135011583
0.47829298681816645
0.6886455918587483
0.7619470492823609
0.8157956816284989
0.55433452190259
0.6195023775376831
0.6048530138240098
0.7097837379232365
0.7843596730523625
0.6287267576646868
0.7461300643628064
0.7916571256968392
0.7106146465370179
0.673343041356198
0.5659802645208537
0.5413470139641727
0.6590154003170953
0.6055539956464827
0.8313400050144402
0.7362998061949404
0.7377895175717596
0.6469912701966306
0.6407175499540884
0.6876728386318592
0.6948099391767105
0.7590473357233746
0.6920020956482943
0.7656333741128837
0.7681699449794945
0.7894235172378977
0.805583053400775
0.5348058462847352
0.9083747976962048
0.7464686410357257
0.7814205068976221
0.7644907375512898
0.6264202786800638
0.8290217024572685
0.6783272515536245
0.6505706540898006
0.6274381577062069
0.7303329158082221
0.8229486625817778
0.8535188278069634
0.8038874154856295
0.782913868139681
0.6531116815901842
0.6687414173058404
0.5422112132541407
0.6265777795897111
0.5604673355900497
0.6843379886314198
0.6154576985920671
0.6104712882226734
0.740180981645107
0.7082554899856477
0.7556253790251722
0.7853157753767933
0.7832481939555157
0.7483420840740935
0.6002820825769568
0.7028214711629079
0.809547238442893
0.6595121865939183
0.7129161596967456
0.6950035623081333
0.7169189625944956
0.631647538974322
0.8231503225636333
0.7309732745014651
0.7937211933085258
0.7781529021228761
0.6857692979400962
0.784718934928681
0.6264866945678075
0.7977566699873955
0.6041416612479578
0.7703751822701965
0.6560265867639291
0.7238541075585145
0.7441069391615298
0.5444330696646746
0.8614928951303082
0.7446828737581374
0.5704981732656991
0.7659004012532824
0.5967998599850416
0.7383215985532809
0.5115272362743761
0.7464224623531949
0.816390696283093
0.7935683960559872
0.6464758181373074
0.7074426971939809
0.5743126207452
0.5204498975104179
0.8677861735459803
0.7811546484129844
0.7171874873381792
0.5335601064121851
0.7964211004850792
0.6262387273903789
0.5870390529382659
0.713725887976386
0.6613447797884175
0.6416777096249667
0.6631163335817264
0.6958685210402364
0.6612368673347562
0.7583704344152973
0.6580219452555369
0.5072826410327765
0.7187468743383605
0.6967462398991752
0.7140937870896261
0.680857378379296
0.77510301766887
0.654612073832337
0.7533698648386493
0.673566556732711
0.6714201694050846
0.5510889313304794
0.6691124907529468
0.667516281689913
0.7351968952406335
0.6875180745857519
0.51709891500674
0.7415211834742804
0.6255264594523181
0.6734012230383649
0.7440176446999351
0.5177822242485427
0.5526934908255107
0.7252119753543782
0.6678393162346622
0.7206392378992036
0.6268164542317212
0.6328962280149935
0.5848314401381373
0.8344744205963925
0.7540183726161332
0.5973092179048302
0.8563281960342756
0.4874183355685293
0.6277676695442074
0.7720686237766391
0.6615909794921332
0.6961635607658984
0.6655459117266447
0.7749611826708681
0.6608894924830446
0.7095819240172015
0.8018126061388986
0.7137066033991055
0.6693895992568042
0.6152961062579086
0.620622722616436
0.7167964801680327
0.6430187022581269
0.7127837762672371
0.6209957885764957
0.6797520072943436
0.8129002277411632
0.6578925508134009
0.6317506569115201
0.7627504078682614
0.5700316624965753
0.7637833666492939
0.6082803669760817
0.6735466330221987
0.801417603187728
0.8079771070980728
0.5818357518834316
0.7028174647079946
0.7328457705253537
0.6224971237476897
0.7299651799953838
0.6497938869913874
0.6648190425967304
0.7570713065188214
0.6996269009323024
0.7582268611396618
0.7450223630836328
0.713887340018379
0.42708083760410703
0.7683554095056095
0.5666058076215716
0.6856447209835485
0.7188968210848294
0.6950861902039001
0.8034045718490511
0.703647920964377
0.6673195813221948
0.7058074222664588
0.5472294811943257
0.7310027982741092
0.7262710899835841
0.769533652651262
0.6185526251571715
0.7169334217324594
0.7579545616913202
0.7113314535305711
0.6940270875442475
0.8266095940355236
0.7827365541742158
0.7467647382751604
0.7661162598415631
0.5863465701058299
0.7392606247411683
0.6062118528859965
0.7662518175087222
0.6156676509012959
0.7507071431605615
0.6899910353961007
0.6875520075837386
0.7147714473949018
0.6793451763050937
0.6775261662027747
0.7132924237251469
0.7044543109708203
0.8367665294975182
0.7842801386527121
0.7287099235957503
0.688417440120294
0.6888790153919173
0.6792960924635003
0.7749680975294584
0.6953396236746837
0.6665486595666498
0.7182975591625981
0.6396256768810188
0.670696413589969
0.7537209492491123
0.6444949726990647
0.7886620986549973
0.6355322522915007
0.8393174557128192
0.7555626078864586
0.638985559759012
0.6852792133519482
0.5943944372786798
0.8489099907100125
0.6834227283206544
0.6888458973618917
0.6949316392735211
0.8743679372328861
0.6240454178321955
0.7361230832625067
0.6504022096337657
0.5887274620749007
0.6836588227862258
0.7171018781870103
0.702544872278964
0.7052088992475162
0.7827013266480272
0.7641800182293415
0.6767786386863827
0.5700239225679987
0.7177170818787262
0.7820730411409481
0.6592901347693065
0.9048070649425063
0.686944500953037
0.7043304509744132
0.7725407620876025
0.7595009501201564
0.5763306658136068
0.7204900742960153
0.6012838951436984
0.8295001327159379
0.7582077874027067
0.68913341269236
0.6559375646789317
0.5997851721891245
0.7452830890988106
0.6045476202508275
0.6503298633091074
0.7911951122394248
0.6054955618747107
0.6338571378541901
0.6628390024609535
0.6914747420799273
0.5803471247613258
0.748519902844074
0.7301287352160226
0.6861817400653732
0.8473718736606155
0.8629426786048269
0.7221946061651604
0.7438590465462847
0.5317649163918421
0.6332139402809382
0.637545874943177
0.7777669329198302
0.6715128197222234
0.7424938744697678
0.5936299449043745
0.6753513638887494
0.6907539383152934
0.46103018755918557
0.5082118880582311
0.7108102469652047
0.7237362282745884
0.6129059705923516
0.6489445457119307
0.7933072848607994
0.6544868550652794
0.7161089535869636
0.657265473469643
0.713449462116439
0.7484517484362947
0.6441007233759214
0.6658322643132787
0.7514513291917724
0.723513383569571
0.8108989659754092
0.6085077780700641
0.6114245657023281
0.7787007343393726
0.7941928292601381
0.6799024850407255
0.8252414033282314
0.7154068885203299
0.7134413698752929
0.8712911116077418
0.5727145195493767
0.720580222526987
0.6733565549055627
0.5536883091658334
0.7785693784369764
0.6623637394903137
0.7552501637168071
0.5578423882302185
0.8714916070655291
0.7146594162893258
0.695437352190085
0.6015584605562979
0.7966600429492179
0.6925106833601511
0.710519566598591
0.8033983309855808
0.7365116857211308
0.5159765741440144
0.6244820697184139
0.7355388302942931
0.6683411872500622
0.7160526611653032
0.7907759192994173
0.8970187455926746
0.7487122958068294
0.8494448981447296
0.7277111823039379
0.6812279081120344
0.6287679088707598
0.7358686970973362
0.728056979910016
0.6378605751011014
0.7454461534097775
0.6390943850141647
0.7433132499910409
0.6325129689901839
0.6248898513169333
0.6482007943164837
0.8057951937046238
0.7207235285649892
0.7940722192058636
0.7077849259578379
0.7054252918260848
0.8128572371088638
0.6568300309793377
0.7829973208816621
0.699146330342008
0.7718340406416966
0.6673138193667111
0.5184584162434063
0.6397733771700107
0.8018487397105987
0.5368125170955251
0.8465504905127421
0.5238383992511407
0.8733708204057374
0.6431795790518451
0.6690247571599695
0.733613874901268
0.7341087816903282
0.6866006544736866
0.5890662497108337
0.6691867932740877
0.6120870610544473
0.7302734597986058
0.6095988219680003
0.6231176040450135
0.7247400341184121
0.6403764669335786
0.759214990182529
0.8398141056346637
0.7228771060386221
0.6515229432025513
0.7469348314171875
0.522464514810498
0.5744488022080905
0.5921253765376944
0.8038202945216143
0.6370296332561015
0.7502972657259559
0.6807122514898708
0.7840031204361027
0.5945586047748218
0.7981692028721046
0.7106116344470075
0.650387059419696
0.6837399295514783
0.6604938333474423
0.7930510776724631
0.581601585499473
0.7516468169558469
0.841522959298425
0.6457694057664023
0.8539584654837875
0.6945738768006714
0.6757968573324765
0.6710881815771317
0.8845869007347253
0.6072239529377434
0.5778425237521714
0.6727790008953982
0.554936541721218
0.5424173844603517
0.5592025827901564
0.6865036670333453
0.6543403059995492
0.7494625533655238
0.6246019765659165
0.8643181101635398
0.7232070621488201
0.80214431867919
0.7511293913132333
0.6921425868183526
0.711604946593949
0.6247304701105816
0.7479356744473766
0.6652441718030407
0.6415497648145679
0.6609192120855637
0.8422079987996335
0.8366112573909142
0.6293709584361201
0.7590589231020313
0.667250592275179
0.7067602281154974
0.8766097620886265
0.6899975566398385
0.5461509888179801
0.571714521128613
0.730998750892312
0.6268706135253574
0.8677762157532422
0.6214052493729625
0.7755284582356863
0.7251215850948244
0.4944530611436122
0.673876230847223
0.6539395360519559
0.8607414555559786
0.5991113281395423
0.6702049864680831
0.624208957174351
0.7157899520045021
0.696836730390033
0.5960823063682151
0.7377731740956143
0.7283775497575845
0.6921449784102112
0.7654845174038337
0.5582057050284703
0.6187725322580366
0.6481239486011453
0.6861635090833222
0.6247989817102759
0.8457587795967578
0.5857661688077235
0.6111216876655945
0.7429528257231971
0.6949797008908931
0.7520508859371153
0.7059795417081447
0.681395507632295
0.6961775102394029
0.7606414965681214
0.6902414533750229
0.6272703193152583
0.7652378628525391
0.592244048602503
0.6654024539707355
0.8178475593993064
0.6471548365464346
0.7309640236901606
0.7462002148864155
0.7067667813995095
0.6553490682394773
0.7060520419589829
0.6613562146794818
0.7315275556755796
0.6263406596283375
0.7295137884786989
0.7262809288350196
0.683215629419515
0.7085004108788755
0.6759762705765159
0.7307339674788512
0.567953788162643
0.6281219208337304
0.6762927770155552
0.6777612256818244
0.6639226887273081
0.6315537919521444
0.6818378793739722
0.6077035407404252
0.7643717766589256
0.7884729438868945
0.6668698546371397
0.8661078596656009
0.6950310799588153
0.6489682805564959
0.6157633295795454
0.7238555306080194
0.6947972158488315
0.6662390371455318
0.8758420067272576
0.7307945998661259
0.8347780798237419
0.7085552268916254
0.5741602064028981
0.6410865774505783
0.769481634314973
0.6452400509030319
0.7040036550333614
0.8003021568177069
0.7318775336345962
0.5231750067766043
0.6507909681774482
0.7862443958187846
0.6969296978379612
0.688706374286047
0.6417896926571973
0.678981767025372
0.6164687689507725
0.7866647852808999
0.6890258514425661
0.7152549504668605
0.6282132753076084
0.7396918293011018
0.7957672706866769
0.6322531987731794
0.6428692601571633
0.6056182657541405
0.5995901228964184
0.6738474633955278
0.6920031266598667
0.6934138144486142
0.9230809383796759
0.7021853189858963
0.657980958893226
0.744449438808876
0.7369423297497621
0.828791303608838
0.6400198569367037
0.5897035510669575
0.6355594171708705
0.6248779397544488
0.5643156593036975
0.8570400527609833
0.5693850845027223
0.7372828598839004
0.7069319575632672
0.7837143167427699
0.6110745901921361
0.8629941979629302
0.624615164286594
0.7328730204263746
0.7429417807145474
0.7543844451218741
0.7511988166053257
0.6887010816316615
0.6745921344700581
0.6414129082047227
0.7680253269863744
0.8349203982688813
0.7076834899553489
0.6670530720102607
0.6691122525467835
0.6331600461985131
0.9039262220025049
0.7251489868570375
0.6225334423673182
0.6755883243018073
0.7710763634539095
0.5844744426641462
0.6627443065251375
0.8270615957610881
0.6666635004367812
0.7561883042763933
0.7197967365406642
0.6146973276025851
0.721833396947997
0.6703243868328074
0.6936498426852732
0.613218974025285
0.6705714320083359
0.5650093749852303
0.5993992648072629
0.6326391154735322
0.7868630407197608
0.7220257124112553
0.8510143274511357
0.6490266828109523
0.6094778182096431
0.7395027058067832
0.6525134163358086
0.5473743863340403
0.7473936203208833
0.7297429616153259
0.7623447091530565
0.80380670970515
0.6420469841239221
0.7426521324378288
0.7255058828424014
0.5759365892703316
0.7203440629328668
0.9338513614963011
0.7769361785260375
0.5794283330476017
0.8108423742900287
0.7873769158798564
0.6815789387214003
0.6490751054518795
0.7260323450918846
0.9511820488415985
0.5726077021481324
0.7723500078298915
0.6342915713732117
0.8494030374344969
0.6655699415041639
0.6519146673431389
0.6879920846161115
0.6535927270168468
0.8724017217558956
0.665901091647674
0.673967618112387
0.5781715509860925
0.6237186933434491
0.6756887018089035
0.8063018501833844
0.6952741837687048
0.6385323749531827
0.6976136184183301
0.7445913492770483
0.6202605560169878
0.7167097101958149
0.7649576412483206
0.6708009024967228
0.7592598901412031
0.7987028794839649
0.7075699870599688
0.689901108792604
0.8637965682114942
0.6047748949004282
0.6100064536983623
0.6750455681996805
0.8115322022869113
0.7988094151524809
0.8391275291878819
0.6550480450585258
0.7331506440774217
0.7814217861198366
0.8326117878309841
0.6705623181590218
0.7099510344120776
0.6807694386158828
0.6215341515552977
0.7488600260410836
0.8202150448097397
0.7550574851805562
0.7140643205315257
0.7140825928687904
0.574427469168161
0.6913772566005777
0.6525743202003844
0.8795433303883904
0.6448693503962751
0.7056496625192255
0.6786167049079798
0.6619933122017835
0.7792826956713581
0.8196892725886799
0.7439032549011196
0.7686580652778301
0.6311908610887571
0.8252709428346758
0.5655351333674176
0.706139556459296
0.6613663674152775
0.7035569481836573
0.6793855210606662
0.8164562275132724
0.7655272809363992
0.7689796090621196
0.6698596333928598
0.7644393490759546
0.6173965551293145
0.7745662886846854
0.8199060521687553
0.6644598400724422
0.7494829279576416
0.8620604755567707
0.763947900617138
0.731927636805134
0.6053396839637885
0.7360805917462597
0.6970663615392767
0.7744144118629521
0.7536890944792218
0.7548213715805874
0.7487112812917153
0.7252739158217736
0.6469712300953964
0.7590905089083736
0.7989640080700504
0.7430260770903899
0.5470716288412097
0.7086271746745384
0.7297493507227307
0.7759356490777573
0.7039724855807132
0.5680834963550273
0.7272431927454707
0.5920975721231094
0.741040685924663
0.7570181645371316
0.720484770372767
0.4748076431751992
0.6647519095407078
0.8253804546854732
0.5417065388850109
0.7631785326503074
0.7097180726233324
0.6197004685069222
0.8566572972730788
0.6687507862651279
0.7218735006851601
0.7082884090800986
0.6897998495587419
0.6999472371154581
0.6817247964510171
0.7140328120393991
0.7180872524216753
0.7402753162913435
0.7607631591065711
0.6313384780882745
0.6194214653664729
0.7149850631127429
0.6977866656932417
0.7539350097245422
0.6104982242516159
0.6069975183526514
0.6111852906042967
0.7828388763373315
0.6437093317603773
0.7283356201458482
0.7051093473029139
0.6655651844910598
0.6635584191051583
0.766289661863199
0.5995561831604113
0.8365549631648928
0.6869025319277132
0.8320808171834869
0.7254242175618267
0.6479899272150473
0.6511958530268597
0.7539319831326589
0.5715192544479799
0.6671358859626552
0.6918933665282156
0.773746330375939
0.718524907444422
0.6628995641375829
0.5522944526714152
0.685615251537648
0.7950990196497958
0.6782080531966118
0.7032372750246398
0.6389122220609637
0.6625547240192331
0.7260971169682722
0.6873432243761387
0.7253935377536495
0.5791846146906173
0.6681317603382115
0.6554241984132798
0.7361598961971754
0.9485216082252098
0.7743598482888222
0.5940077544732137
0.6634923236945848
0.756755487584716
0.7771591967339713
0.7567585812072667
0.8128440688794485
0.4911097303950034
0.7694627031148288
0.6376128450485258
0.7234753256997476
0.8070613930300792
0.6734504762996334
0.7839388637588163
0.6247350239925369
0.7231995284436042
0.6597626769247191
0.8077869662471826
0.6387538501871133
0.5938724577733012
0.7412969368737068
0.634115420276703
0.5476911623065861
0.6467234340140072
0.7236567365822592
0.8100123217150423
0.6417887072008274
0.7270276410510301
0.7809766807066303
0.5774905642976923
0.763086925905415
0.7427866823486577
0.7018757045542287
0.679935101380828
0.6067727985167121
0.7306136942005202
0.6702213012688438
0.7066575097615335
0.7852406913335743
0.7652093084019664
0.6983567023517805
0.6834237193320408
0.7716771406960465
0.6027314056433883
0.5941965223195536
0.6687836656884975
0.7343478835242283
0.6792417622448589
0.7111044072426654
0.7330734318015816
0.6313277825621945
0.6497965054510528
0.6617814738600393
0.7582384423548303
0.6574357373446043
0.4913721826858729
0.5933288252297003
0.7550547315498639
0.7948960943142862
0.6487342042839
0.7850948138072644
0.7141563711379494
0.6355302817025811
0.5626109159773122
0.678744181333761
0.7451723081853892
0.7698805118726259
0.5992705162327112
0.6118115732883158
0.6477869501975934
0.4851509179516965
0.6766223589484276
0.7519048685790792
0.6738140386271738
0.7055518142128997
0.7315981876385305
0.6403288868633322
0.8556662771689051
0.7041034120694027
0.8818301865824001
0.7224008839209316
0.5201227660332275
0.6097546704469763
0.6351775950068951
0.688446932345809
0.6803320741717818
0.6700177974231836
0.763438044670621
0.6701358420195206
0.7423376534562108
0.7282028132433374
0.64439523147828
0.8113538715890622
0.7833660439155343
0.628329089582182
0.6384942350522207
0.6917673482995185
0.8130750800254334
0.8358328965526756
0.6696693027446746
0.6454413640163875
0.4126632006852358
0.6974833754500916
0.8800886523220326
0.5734833468227047
0.7859166288078794
0.566323420820382
0.6592907792083165
0.7482402290243844
0.6621791659580912
0.7806907452330636
0.7504244018573439
0.7398068674482562
0.815193868970267
0.664551936321895
0.8777481644861795
0.6362424799519214
0.7567264214206537
0.558845264976145
0.5887317929474407
0.6204181225720959
0.6407263052058504
0.7093578496989789
0.6159699426061439
0.7511980427302994
0.7762148219770625
0.6037266662832621
0.7349871694138832
0.6807875443212795
0.8365529701515106
0.7147762175242867
0.6760085265040334
0.7629007735816071
0.6305404306524313
0.6039814169002079
0.5852058753115649
0.8622639304327376
0.655113190225166
0.8934987077346391
0.6946445284634544
0.6823719755119264
0.7931401029940118
0.8728980267009723
0.6891065812219774
0.7092786097364988
0.77034098957991
0.6961630659163224
0.6887323283859522
0.7300587476206645
0.6390765318237164
0.8384248542730544
0.7344680356765394
0.43429770006964996
0.7384963451684892
0.6195952367122325
0.7798449807579688
0.591517898008222
0.6710970918652336
0.6179529540540603
0.644650863009976
0.7387636291270805
0.6745842696430915
0.6262927785420831
0.6624924168982909
0.8480637286504229
0.6944791425181398
