0.09228943292407386
0.12127001960325344
0.10212994012125184
0.16702043374667336
0.09134464804437968
0.12895143079157373
0.10277816681243152
0.06985101839642352
0.10583644076208644
0.08691345684606112
0.08816947212270429
0.12217083935565934
0.08840713211323352
0.11487529037814714
0.13023943696961893
0.16254066091390032
0.1133623235647774
0.14873738465717473
0.12808342784921134
0.1099685974660834
0.09061197859490135
0.05769343349612412
0.14966191787456767
0.09794186300305749
0.11968102320893523
0.05646536521002453
0.10715872949900457
0.01661834167572912
0.0866660441438943
0.058022141455381704
0.13393133258763085
0.11783802423231338
0.07582498196845251
0.11892616454505528
0.11206691406502284
0.15289505947624188
0.08496550722116215
0.08580804023699878
0.060222459002005325
0.12320082601201139
0.07261028317352997
0.08966877934914352
0.12320212866837252
0.08109927930512774
0.13979609315082386
0.10093281922941075
0.08689733163135696
0.06836402555195453
0.14079406976470238
0.09929964508106558
0.1429901909219689
0.14102131250233807
0.10998731528986336
0.01746051629572333
0.12470004382190128
0.1355577973825516
0.09234797555084497
0.06407011208142349
0.11568627800855177
0.07587006979435582
0.07022200835401932
0.10621272555890346
0.09609729395325314
0.031279200740385885
0.07443781890854197
0.08181309703382929
0.09493903597799404
0.06837661264305334
0.09833429114384216
0.09712698195995582
0.11612878774028768
0.10910855755867671
0.13239726635900728
0.10899965811090433
0.11747240895037613
0.07307246409372939
0.1146895943827096
0.10282949608104033
0.07022114104853608
0.07555237603673104
0.10734022216450731
0.06210906206059952
0.07435768259137363
0.06150902138203185
0.14202653431984347
0.04679082985049243
0.09547740480593135
0.09780183059351133
0.06495570927800204
0.09390140431286845
0.10587663511788861
0.13125205568130788
0.0758026063088171
0.04729070259307742
0.05141837154733848
0.03881134721545676
0.07822226704083096
0.06035109808775206
0.1433124261872872
0.09700106216990391
0.07484907452200606
0.08328175846596322
0.11040212357574793
0.08793346796523686
0.08170720397766902
0.11869315910895419
0.08701512437312448
0.09638237669686622
0.07805046004842374
0.08252884669763899
0.07988393860505191
0.10173056691020671
0.05750890798872108
0.12805738280078768
0.1442722930199201
0.10411482350810973
0.13907706429713018
0.10870683867047726
0.0657660293482859
0.09075357918506367
0.10814993698062363
0.07316291413045704
0.077759408943093
0.09593793853232155
0.1620555230412153
0.12843950066686158
0.09643960515640301
0.07355157760021958
0.09749448871495664
0.08169493694497099
0.029065573304812076
0.0963133648144471
0.11475880152834368
0.1543538857218344
0.10738943270314491
0.08708441736395939
0.113674520517659
0.06422511266821965
0.08803845729379346
0.10056845466853337
0.10793972651894802
0.056875131703098686
0.18228980456654884
0.08143700179103622
0.0834266854845229
0.05616838252433079
0.08537616116045034
0.07399159710893158
0.095073622598186
0.09285637914043424
0.14269832430836668
0.11184643917097847
0.11970214151888398
0.08705534686275629
0.07777766316133913
0.10837342688381453
0.09307632452468512
0.10571712725989768
0.09156807777341407
0.09066610804478119
0.06199672602521034
0.17157937540888135
0.13907331093928407
0.07910356344744793
0.13488971689637277
0.18636314772361748
0.0861501089527888
0.07777886555543193
0.13056895742326835
0.15413226176817735
0.10808973734802624
0.08104325639026812
0.10996462936399962
0.10781000977163199
0.11110051434213569
0.1123237598643974
0.04368742952401824
0.10187804217858529
0.13789057471249158
0.14400159587013556
0.10281432893157413
0.07687105886306858
0.11356353642347385
0.09973350631186048
0.07491465804574549
0.0981561284617911
0.08587532903006813
0.11269199357211003
0.14477067585376677
0.08428975940324837
0.1191481560399757
0.08708374620138704
0.0918388308148151
0.10615754441733269
0.09512946952549413
0.08969048193013653
0.13907996790606295
0.08980127804672033
0.0798841799241788
0.06260928894220932
0.13034903380115123
0.09047338884266284
0.1381833774400079
0.12105963473042756
0.1220745763288031
0.08582773405080131
0.10137252124694086
0.06666260836103652
0.0946800895439518
0.15474859168285976
0.08636450773301907
0.07247189960086617
0.12162766483744222
0.10409884483018594
0.08668859226026274
0.09509997637078033
0.10126467633067493
0.07216347594358151
0.11739457903222444
0.12399790292277992
0.1162204082020292
0.10255332626234932
0.12468570117708683
0.08295443893622287
0.12066789632571363
0.06908942725623703
0.09027269960997127
0.09500672628837499
0.0743511234893772
0.10458546437021839
0.11289776693184095
0.06471170181708127
0.1553472312301173
0.09182572380676046
0.0
0.056105598201316866
0.11734658664217423
0.10628652897461234
0.09554353142732855
0.10415452449669943
0.1100816237383989
0.02766200696578143
0.11299006100880088
0.11630758424296817
0.08140519874838045
0.07119879360143339
0.061490676943443415
0.07018231363560819
0.12109931805149872
0.12755449291315007
0.12702137418523962
0.12608863107730522
0.08538287419354482
0.035926840049836956
0.09347030223850632
0.12160574950673628
0.09246878334318659
0.08157873334282671
0.059356548940713266
0.09443247232275231
0.08967669891720173
0.09099396784545073
0.09124072972604064
0.04675778507187173
0.08377685802053908
0.1477927747067188
0.08132525156519073
0.10303937612653678
0.13022575350446539
0.06771526722120791
0.08916684166206224
0.11663027697450286
0.12536983221138948
0.11326710765112992
0.13676852363513012
0.10652361527649992
0.09640647988338225
0.07491811033340964
0.0771374416823854
0.08643327182506014
0.12795582271212125
0.0917531393180135
0.15497182878745486
0.12431865010413382
0.07792873566760332
0.11990646852320841
0.1095444539162535
0.0790726228679225
0.10699647823390772
0.07588172468630769
0.12351557238280632
0.10452570811032276
0.09104503846101555
0.11533903343196371
0.08719797441941021
0.11920533710836193
0.12186888209197913
0.09193195102766866
0.1227787681568217
0.09430644158175765
0.13597971468817746
0.10698237987778429
0.06770545706751374
0.03313537262337923
0.11277423592911064
0.11183010343782988
0.0767587324203055
0.13004837490321725
0.10925349088646677
0.11791806413552652
0.08995548813434524
0.14498347531765854
0.11686104327622873
0.10464387576307017
0.061101165577821824
0.12759932387721779
0.17854935158933727
0.09855330556750723
0.11809588589182485
0.10358689244034254
0.12852006477668232
0.06454250352181957
0.0862246713025623
0.1677463414085236
0.1259558107137614
0.1003193028858624
0.10683473601809064
0.16216990870711798
0.09820324232518017
0.08009491761143994
0.13585017873436658
0.05459926317570106
0.11948747155092318
0.10271531424440208
0.08483311326858918
0.11363311358799487
0.07581620655210079
0.10879466318947549
0.0928860167061925
0.13193747970135766
0.058976537663598595
0.17254365772839453
0.09137197604311918
0.11814033148043704
0.12522469874940168
0.14181365270764823
0.11161502767768128
0.05378780617493294
0.10759194060111074
0.06439009550646135
0.09779076744275861
0.08445821749370222
0.09830520731443187
0.10542929010552382
0.06415620720359877
0.11665148417730424
0.1573112477233159
0.11993831246547343
0.1372405957841923
0.10464134849988026
0.15917790248036479
0.12529021743000035
0.12444095894012032
0.09609491712456822
0.12063404354888717
0.057548056096261783
0.14157313423674128
0.12429560321951102
0.11946962481579415
0.12794857697322
0.06018689170386459
0.07301305020290896
0.11227174029197537
0.08766874220018574
0.0847980827421976
0.09392758519647752
0.10899007892118605
0.13376796665206406
0.10872282116900879
0.12295793954642018
0.1304029141250709
0.16261256501685029
0.11932633234081555
0.06713425016971561
0.09265529389721804
0.13864083842111474
0.11432071628261203
0.02606921635517627
0.10337994377050269
0.10198391908204454
0.10704545872789849
0.10833004848445589
0.04347512986720747
0.0908173855798963
0.046170629142404995
0.13528176994439647
0.10372744811789492
0.05070065081826273
0.1418126983081683
0.0783520033986191
0.07853588695641711
0.11182529234286051
0.1309290194366306
0.11927483544447445
0.08925452407781237
0.164897984022425
0.039045004103629315
0.060940333984703166
0.1305170628616247
0.08671110826267212
0.08882046339433139
0.11687123949411624
0.1252659830164538
0.09936747732528829
0.08215685984099697
0.10454651588065503
0.17143335884433303
0.09075465397967455
0.12043071837798003
0.14648339847854988
0.07197795155296341
0.05638476577038046
0.12639309302970292
0.12786527506263612
0.1011760360111768
0.09708218121360088
0.07999983455108772
0.11926031485351404
0.07387825508641946
0.12958017291843218
0.08588077958290453
0.10735534470732917
0.06839266859930715
0.1090465509826829
0.11251630509662273
0.08509435385338956
0.08971237210615032
0.09135745340616357
0.12153482661045817
0.07576821411670617
0.17829264147529267
0.12528553839861223
0.0512196600187286
0.11228678291276854
0.12661623863906463
0.06283018461489588
0.08478209287368202
0.08932197707144261
0.07004842621418558
0.15715503817188095
0.14338040947072395
0.13489873364534458
0.12097281515753483
0.1497142187589032
0.11561004130209213
0.113342536333084
0.08689151365188584
0.08416554017839226
0.10492981422280097
0.06871285643037597
0.1378650403738011
0.11784623964335658
0.10463773099608514
0.1301182997309883
0.12089544026193122
0.11685926802189897
0.10567929839646524
0.1226562328357945
0.07098852479924779
0.10898756027098047
0.11816729889089893
0.09170764691002813
0.0685402893206366
0.07887609021544766
0.13690304971808004
0.08583742200753806
0.11479775534524075
0.11760468907340264
0.08716305334588509
0.08562203925509203
0.10549050361194064
0.03033229965382289
0.1155108215862429
0.05990131710411095
0.06085138296803535
0.14119560886653917
0.05617538009629985
0.14387439025905677
0.09724403449021352
0.11568565096636917
0.07615853450894108
0.05162491085356483
0.09682621076446139
0.07421163243736818
0.10969303009151307
0.08240624733659688
0.13709734067705273
0.03236590091430158
0.08193172847074341
0.10712503629666091
0.08705879651463169
0.06325290693860533
0.09442258030855867
0.11826417567248179
0.08539068324289083
0.05491332950197403
0.11755219680521414
0.06919964407774064
0.14995036135032244
0.17770848912549764
0.11099022006866192
0.06858143707210003
0.07155875965674384
0.06878676604777359
0.06752375164555252
0.09653918265580863
0.07169978063193434
0.1393685863406521
0.09946098464058259
0.10159232395725752
0.12323004920496253
0.11854745752985936
0.08481107037291427
0.06649815044151078
0.08596481780187495
0.06870893865999628
0.052873808697475155
0.07963456838349031
0.1349509342385419
0.13449033416511175
0.10222174076111101
0.1299186937627697
0.09422604812481132
0.03253270984085095
0.06925572194328813
0.07567935804249229
0.10900997360589912
0.13453454024589706
0.06540329631912473
0.08937937635368423
0.10653377010054609
0.05546903862232908
0.05643036765759875
0.11115441358570996
0.03876004184018919
0.13158538787189278
0.04324692420710939
0.14298311336199993
0.0733449960300898
0.11248261539580635
0.10953252431799718
0.09500217878670837
0.1291296716020722
0.09486274066421244
0.07099831847867495
0.11555293643313128
0.0806005167353811
0.06585575492075824
0.1167975818025155
0.06300804835485485
0.09348037289027375
0.08204479525616143
0.11862417194016901
0.1172709388677793
0.1640935625997551
0.12148297996625268
0.11604331991372924
0.09377863239983032
0.0752703606382138
0.15471857988732002
0.11453654578856376
0.08405083673393149
0.053049877699864176
0.07761626528081003
0.133698781621671
0.08434642976029401
0.06900630813338714
0.04604882350432837
0.14205868009903702
0.10051598126738169
0.05771268754979036
0.10858901590336026
0.01004467870395881
0.0992309645119389
0.05680771267229871
0.09533670827039811
0.1009014443454327
0.05948652247961398
0.03315129725339222
0.05915815039540462
0.07772939349227243
0.13184290573676666
0.07978837228725977
0.05905632830663948
0.12176481164215258
0.044507412072194934
0.10278883397494634
0.05779743544536052
0.07321812878736247
0.08816439542781752
0.08429986270055093
0.12550139920675735
0.13098869933280138
0.11845471878443437
0.0726986574758615
0.12571041339577232
0.07362052977684212
0.07545734324884296
0.15634344253863192
0.10523797597471976
0.1121984603219635
0.07723570909434765
0.12124917383938111
0.08395637452795864
0.10779851874997667
0.07903606484013095
0.13153670370435147
0.0555972879669153
0.05627057354094368
0.12403420094529805
0.07227502734925721
0.11778604884165333
0.055276980935433324
0.09314180658795143
0.09703439719465747
0.1310013544995574
0.10091360456546833
0.05220412637699109
0.1447924836173509
0.07331576252119162
0.09914054163504575
0.13600728795005526
0.0956351148572743
0.08367838807150522
0.12442505764396651
0.10374442700305925
0.07348361919270126
0.10044952682201992
0.14434964250933857
0.11802017850416603
0.07492501103413171
0.0974756291091398
0.09630063299208493
0.04369477845115501
0.13600576452595453
0.11831187966728307
0.08491723856985958
0.06902628937925265
0.13609052842178762
0.15493124814279446
0.11022032930915517
0.10355348539797676
0.09919387097583283
0.1554193560185404
0.1086944507693036
0.10955132799654627
0.10926591815121772
0.12262457255728948
0.10104513018588979
0.12994211326173916
0.08726328966246107
0.05578394998902773
0.12099460902170009
0.16689556652595125
0.11996858469282631
0.09820973303484451
0.11199353600205246
0.10709444773063229
0.10206683484182982
0.044482458708398835
0.15231710673823906
0.09791708108812909
0.09761021411509037
0.07590979363005672
0.14027708646028542
0.08257787295570368
0.09526104146436133
0.04367562217871214
0.07384815657571332
0.15021238444025017
0.1066222683009813
0.12350482268897335
0.10210232073318355
0.08506167730824116
0.10858568976799714
0.15782722422761777
0.06719850191803362
0.07038597937969562
0.08337692447926331
0.036086110934604565
0.13642345949139395
0.11487194579121146
0.18151688145697176
0.07374904257421341
0.06314526102674362
0.05682219616211491
0.10957582100452527
0.135488156137566
0.07211272354214612
0.10671661418855995
0.09403951290655982
0.08455770217482918
0.15378653675532938
0.0832091136990032
0.07561482464123138
0.07991058198020556
0.12733898569004043
0.12420801177434584
0.06986176772802141
0.1564034832676224
0.05744892402106436
0.12893433441951335
0.11324993706034227
0.05666320803259817
0.13811387047518894
0.12550938458920843
0.10632339199986575
0.10063178317347851
0.14502756899164737
0.11304530056520283
0.1048464328568939
0.12294899890745362
0.06565370881442126
0.06945612226952637
0.09956019604175104
0.02862803563576398
0.13462502509816046
0.113115678619701
0.07050516938571053
0.1440172075614673
0.13110438284337722
0.1316852809376
0.0821024947561055
0.08460227320585871
0.1421508134739307
0.04812568867026037
0.07211952326195062
0.10521511793733695
0.09970470531902419
0.09511843057317257
0.07310266520342783
0.10318318281117736
0.11753963833200437
0.15113228602664106
0.19181016861170508
0.05787775165698973
0.08593367967461576
0.08613466683928477
0.11177388766010866
0.06678991707988743
0.044800801703870026
0.12015956082903127
0.13644167407296948
0.0626295432551893
0.08745588531683218
0.11342443972816554
0.13957614745243996
0.09849054111145487
0.12427550807745522
0.11211761003179874
0.08259985663014008
0.08198311906992088
0.10319250905394532
0.10475412567192796
0.09253465574280864
0.059021207223694624
0.1344546658667216
0.13548745066938644
0.1044692535300738
0.04909966989882346
0.06583269082776003
0.1012731116994394
0.09420940182737932
0.07251617407302194
0.10240062647779753
0.09504643404063998
0.07461866294852124
0.07940617177084143
0.08803615001099664
0.04447494603618117
0.10119353087180936
0.14564208075176582
0.15686512854677134
0.145101928263
0.11897007239577143
0.13423109919952958
0.1055264863695365
0.04241796823771833
0.08737073378166434
0.142799884806262
0.08346985632939223
0.09422742639620765
0.07285444871879797
0.0749041937081547
0.11830833994186774
0.08517512140152422
0.09893368136923933
0.11710003260439222
0.11966905579688367
0.13952155853231324
0.09476961147101748
0.11622861548272106
0.09923727832561988
0.10104089527552232
0.10484068776900032
0.12073421942080172
0.15565589595178408
0.10931725143496014
0.11742310963041101
0.14749294841912794
0.1621824005122521
0.11572051700043078
0.08091223237482548
0.06064781865997823
0.06837791835043408
0.08535293333424493
0.11798540626901459
0.09731892455285228
0.1655675486853433
0.048389110003794554
0.12345689725596365
0.10614451227013469
0.10029176617114853
0.0887180577773852
0.12889495941138246
0.08761533107903631
0.07811282306241282
0.08613509960629968
0.08951196499889749
0.0610544712578963
0.15354481587158347
0.13497113393852275
0.11396883984195132
0.08574797660389609
0.12598798812421474
0.07868656701975561
0.08971369286694049
0.10897363200087089
0.1064358494257383
0.11708675170328153
0.07890547357525875
0.10744519746748753
0.06293441502429911
0.10973444349561719
0.05298082634543115
0.08735253794451119
0.11903611476627987
0.08832344020222069
0.12383414821794837
0.11202676696832808
0.16252072249051025
0.10059084009632842
0.12484585286081416
0.0983459499456048
0.0688484237547578
0.10251361787929762
0.1091653090959061
0.08188416393636039
0.10842941981832036
0.10344025817875681
0.04749850890921061
0.08660201332982681
0.11807153186554045
0.09629551641004061
0.11134956821765771
0.04087749670208774
0.12953846686484852
0.10139275280910283
0.1396849624588996
0.10702435435377851
0.11907593711292717
0.0985980998663132
0.1055358825431332
0.07712912905231004
0.139219224659134
0.08169871874356446
0.07896467508941063
0.1672485236864576
0.09347282117542798
0.10335127522107819
0.07667553586942806
0.10466425608507732
0.12005764799787791
0.05360104946524753
0.12566333376590413
0.08158302139731724
0.13056830535441083
0.1552818372843276
0.10719721630511261
0.13000493591537313
0.0852064896561745
0.13730894724663542
0.0846931230817597
0.05794889838090178
0.1466564139020139
0.06941656316778849
0.09038260613587969
0.08704552578526341
0.08133934225254814
0.09650603133854593
0.10475922764273
0.07917269027273482
0.06463242912578289
0.12916274577448042
0.16367484071908336
0.0848629803304259
0.09959783195925632
0.11207224963502668
0.06728404227465805
0.0977683418825247
0.09333703441695075
0.07172940645529882
0.11329321172038757
0.03661778847042424
0.06632990535421762
0.11419764162327907
0.03018754649091436
0.10202132082743351
0.13551520030098574
0.0843740698123877
0.11223549853048115
0.13105611120259444
0.12521767419009844
0.12717266992896917
0.0861298260173629
0.10734916080378402
0.043755189413573675
0.12325650745526828
0.12842861018799356
0.10790578061224464
0.04383729231970891
0.10640454077296069
0.07473320724212854
0.10009525653622947
0.09781491134776682
0.08111678377496492
0.07337426541437177
0.10442024320790158
0.10810911886561721
0.08899795866742297
0.05365920081482216
0.09627238711294704
0.05105293115691139
0.06641472762443994
0.09990053448453945
0.10435795319214325
0.08707419564774874
0.08888933930986796
0.11605853870333707
0.10846235729548868
0.13931948506533087
0.10824436602655872
0.12817062138288687
0.15701572507145814
0.08217115127402999
0.11416398335813174
0.09827092553808027
0.06565263114807848
0.09804338232419721
0.07943420502914596
0.06557652710298222
0.08837119999858052
0.07842378992008014
0.09105775783468863
0.045398005680033965
0.14031819870960466
0.04455489966149256
0.07453610554809195
0.09818473584358016
0.09551937329165947
0.11895017904379196
0.07289041148736167
0.12716884846755833
0.15153212878364122
0.05681355258368022
0.13499871213829143
0.184850861498627
0.1315518202279616
0.05313923056397386
0.09062304876672761
0.09569742542191592
0.062223293942145555
0.04412392118937941
0.06329013025465799
0.042827688814170255
0.06781656243800338
0.06916140278925745
0.10937536357346966
0.13737823013600722
0.14522419694329936
0.10181763853040195
0.10853769608934566
0.17305576070165274
0.14145626697156388
0.11739652596543321
0.08691344652544299
0.08142368096304062
0.07193764797645234
0.08340069764042082
0.1158946685902092
0.09656011361005805
0.0762032735904036
0.06947415578180474
0.1074253711111364
0.09435286760332168
0.07543226328031216
0.143871128369985
0.10777058507657969
0.08171439295522338
0.03495811686356358
0.11080674962475374
0.1482539753148176
0.05341240516996351
0.11531271102329092
0.10121340328752604
0.06832525995190235
0.054157292238607525
0.07469660209569698
0.11821001974879068
0.0845944606643014
0.15318965840905202
0.11181219799738859
0.05359361186299686
0.1412017481119438
0.06264559613271242
0.09100933494467722
0.09047204729966686
0.06850250091534957
0.09276268578562642
0.11927858313012611
0.08971294078876463
0.046653739519007566
0.0897292484945709
0.10028147700733052
0.1365952370482395
0.04023604364100768
0.08739084312230087
0.05394950274005815
0.07874871373531792
0.07174551134959208
0.1519455231023249
0.12388380759095143
0.169625443301603
0.08431895020519038
0.04345928422430938
0.11780012082805282
0.12940473785980383
0.09835170655282824
0.10161000747957051
0.12179076559820624
0.12259969968930734
0.08728367674836614
0.09584521668188177
0.06569093122116079
0.09782241741758188
0.1076532904129016
0.07565655574439314
0.10583298280238798
0.08301039789452987
0.07765127583692816
0.05787666845198556
0.121844652149445
0.10888108594649337
0.10603847719636689
0.10528465194620988
0.14151937606198423
0.10335240147094599
0.12784073015667824
0.10989559097553744
0.08042750654984968
0.07637149596823734
0.09634690923722665
0.11418793186206734
0.09960950445252632
0.11215394854634664
0.02636122489746906
0.11220372148400007
0.08842862885209046
0.07129446629541865
0.1474955574721849
0.12366584804334388
0.06730536647291561
0.16073430160567914
0.10258752371597137
0.12356563260815151
0.054522601999725986
0.06059705075054998
0.11815395203194277
0.13856412173013313
0.11218385437434843
0.08849320171600705
0.06429184487990881
0.12105461887214844
0.09091386864931929
0.09368458432122954
0.07688361542652469
0.08950689911931983
0.08640269149324037
0.13002334591597084
0.059772664688657086
0.07464813819009035
0.15084539509949338
0.12664012918817524
0.0769400203623615
0.07916780336973286
0.07440654756799626
0.09710585234739647
0.09906874221891303
0.09403129364934061
0.12887471450481275
0.14749583686453543
0.11604439634581473
0.11521727215530941
0.11818789585540426
0.08585463263637406
0.10494281712144936
0.12763378477647153
0.12354617347023578
0.09402413905717033
0.11114211744018884
0.09738574670928268
0.07208599954961617
0.07857928829791934
0.09235870781572517
0.13328731214929118
0.14520069178695047
0.07749711712272393
0.07887677310706831
0.04162347018061945
0.1184961563108814
0.11987194170916857
0.1119588600633189
0.1143167083732519
0.07354036691584784
0.11311786828347664
0.055608528290351934
0.09600613913971502
0.12978771820841425
0.062458285844207664
0.09273437753869994
0.1681723636193149
0.058241124562887076
0.08578583932832383
0.10261225941421608
0.13702909988754788
0.11209776515975535
0.1051692345253693
0.09521343870176249
0.11689706553470594
0.10023377147163737
0.0856378220098556
0.06399830857878275
0.08504091371641437
0.13303341416603495
0.10753458524531768
0.17194940201232217
0.0777705137602025
0.1641362572391426
0.14750573353468355
0.11350227282811132
0.12831194273557267
0.05871453995738461
0.11823593190938862
0.055295292237007625
0.12545802563413383
0.07604215554273247
0.10705273592977213
0.05466903518894202
0.1325086780005862
0.108235495449167
0.12026942892451431
0.07933950603782457
0.10969139045191584
0.132767199393341
0.11997360463245943
0.08545321797442876
0.03902936013786305
0.11793097101153813
0.07324402431959573
0.09932465745248731
0.0885123468073167
0.05639242466065318
0.054686714222976926
0.06908164220788354
0.028394945182785278
0.1304924599895273
0.12125351109293503
0.11452316038665435
0.13275449363811553
0.09988503825644936
0.10762950807109813
0.07572294811980253
0.12243785596171174
0.13477250861508513
0.08049531811251173
0.0883332903514186
0.06773342640972807
0.17054364522165816
0.10819764168561723
0.091899846827894
0.12186407774638391
0.10092652050716677
0.08889844005276977
0.1414158828962088
0.1658102953580191
0.12204425937024263
0.13372570537391976
0.1315126461810609
0.07797134082751947
0.11842968064866824
0.08116141720484041
0.13028738718824318
0.10182104316330454
0.1729078230660957
0.15479022609132126
0.1004660805001171
0.11010643264796391
0.10175216848129327
0.07372345453361678
0.11119823298250454
0.09353449815522176
0.13946931342659338
0.06978751063846468
0.11167577970827781
0.12881413488193022
0.17678879157392813
0.09969414404174277
0.10533197589753693
0.09998482796243668
0.1433234070800548
0.06595419748689121
0.09761301435815829
0.1352991255381913
0.13794782250966794
0.07538086863022278
0.06973119988843664
0.09779164077182646
0.1085373370000937
0.10360338830175846
0.07763088643959479
0.14192160343286842
0.08137405766271286
0.12031886884329132
0.1029015620454257
0.1066475568926221
0.12631487218585974
0.09443042050794168
0.09531885690292258
0.09042352514198644
0.0702547685850347
0.13112233357227682
0.09941949577280636
0.08491846797655876
0.04264700705700655
0.1555846877472245
0.10337902375249397
0.08217267300969627
0.15061139559678668
0.11990200030293671
0.10230885733712951
0.10080656453287211
0.05710636929447159
0.07382834841901582
0.06442718125452723
0.13107148252498438
0.14606030759874303
0.08406343488245066
0.1167385635868187
0.1277096997961905
0.1362123816734766
0.07979461842004967
0.011487993793159415
0.06906478934959304
0.09983596774714787
0.09329659167071098
0.10078289306748048
0.09549170538307382
0.08066534841115842
0.09010151701914855
0.08986577771030849
0.12975815436642962
0.12085651811733833
0.12270550264161781
0.11968805303974862
0.10202698313039035
0.12314731787462202
0.16383192722645465
0.1432892399128729
0.10980994435051797
0.049903941078938696
0.11090219490735584
0.06256539825808585
0.0950768324995187
0.08923326739698677
0.143150541989462
0.05943311516356643
0.11313618987956509
0.0525545055535592
0.10899188088909827
0.08236741641414938
0.10070183085429286
0.13880503453870996
0.07497338072709209
0.08490976555406361
0.14120320737551267
0.09821399193532589
0.13579473291294125
0.09207478086136014
0.06434066110188955
0.07366330542241366
0.06814146495799281
0.09464761037654858
0.10020937071850537
0.0893185129167074
0.08460991718659633
0.12786621457121033
0.09604620055590812
0.15048893558274093
0.09604792629896952
0.10563516047981002
0.11394002123359055
0.08972591115088237
0.1121751512513419
0.10271056103282145
0.11422793171421165
0.06898132797515466
0.0663838958675809
0.0782444409732445
0.10167911564780019
0.11662364961223663
0.05352310298034218
0.10867834700680462
0.12348728148966312
0.14283179753772415
0.11448206529938447
0.062086980077450664
0.13334529043905566
0.06284766108554637
0.18124565525851682
0.13262210446891537
0.14093653702267275
0.11892164691441698
0.08553436653179847
0.12124814629109795
0.09184820710930972
0.14251383534718487
0.0707444349261852
0.044156179789640426
0.08424948564021324
0.09795511700575801
0.09051020373659795
0.12893250802854372
0.12114504652638804
0.12514747723503766
0.09474470304298324
0.09929183087808108
0.09184498647304504
0.1283820898456302
0.12713306235809665
0.09513502857384412
0.07920476877770653
0.11209628624153341
0.09888810498655987
0.1469004340352033
0.06003034265222249
0.11915097071990889
0.08514499138927056
0.10675061005924125
0.08415628075895565
0.0813514328908692
0.11781977497088028
0.06913289250022675
0.07129371506010826
0.10148172945337011
0.12325801392390381
0.09090448503647128
0.03149548534358182
0.09056135618989554
0.14009763616258547
0.10658836848804883
0.10631095352606196
0.07903656710284161
0.09674954236257167
0.1010088281077873
0.055331132609966915
0.10175239074242098
0.13666810748520908
0.11070993099340849
0.08654570498441036
0.10164026578843816
0.052855597779686285
0.08221849182967086
0.08095666747619829
0.13944679585278025
0.13114797819738744
0.13944006388341695
0.10008188345432724
0.08712368573488093
0.06208477738275322
0.11522626277225077
0.06323130325602275
0.11689752314690155
0.11535531543814855
0.11231933407539016
0.08256541838561464
0.07610298333593583
0.07293352451953607
0.14605274662724937
0.1338942329666499
0.07089300936584557
0.06182213322625219
0.13285550321896172
0.09690541262833195
0.08044993239682716
0.14045654121530002
0.08601839908235476
0.07140743514261877
0.08594649169970449
0.12705102502557267
0.12284549671084863
0.07501578882861624
0.10208851461030342
0.14868559925920694
0.09889712402884752
0.06484672358094255
0.14175768873377723
0.06264235115383998
0.13546258819532164
0.058684897378948254
0.10924496154805453
0.15750337390238764
0.06743276322205607
0.08936683458505555
0.09684560989698626
0.09621799281732546
0.10128443878544872
0.0986300261987814
0.09339357628101685
0.015990208380306126
0.12083846100665242
0.116608859935266
0.08324522491192166
0.08056224146600155
0.08019675981035629
0.1070392968856388
0.09870465413192392
0.07027009744380049
0.13389957906927608
0.09955140787922968
0.0678251382563077
0.0867807254275914
0.1222508078303384
0.06658189498273678
0.1065707386922864
0.11779516151846466
0.1454737833009962
0.0743153308785086
0.06577561771259034
0.0731545450652543
0.14541424490382135
0.08306540136258789
0.10277777953936917
0.12206799821226078
0.07760899234932991
0.11051125203100225
0.1233726202263184
0.10944426069859121
0.11354137634301628
0.056429055606452214
0.1167175454635088
0.057957813158570536
0.10331355297309018
0.08503757700067813
0.12698969716325534
0.11417628130254473
0.05112036733180774
0.052126338978288875
0.10676189077064845
0.13675295255383565
0.09165805908298365
0.10243538123423848
0.12277039952819804
0.0754531461427761
0.07530310272713851
0.10345461650325057
0.08909013546941077
0.1315720086984295
0.052837973357718455
0.0961364322365392
0.12208191751192647
0.12199761692801235
0.10071736451912433
0.07827489959188075
0.12904066543880388
0.14432751229814078
0.09854653060257045
0.061247561206704486
0.05439834546585139
0.11420825085886939
0.05494034455488317
0.05914057679423908
0.13183949757415092
0.12521391282089422
0.13555776215648543
0.16447156163389326
0.09272560341686656
0.1267241730687217
0.07083402190427097
0.13026524684859753
0.10137170185272551
0.06676951245005641
0.11594004293737444
0.07224587253839626
0.16800427290851846
0.11195188887517116
0.050335467825839746
0.10550060882030593
0.06664278922449131
0.10128964178614962
0.0376927860755004
0.056283334429153585
0.08040146756001662
0.09719472772802712
0.10744589487301132
0.10899409172998543
0.08762203292798496
0.1106527174979632
0.08498038656596546
0.06322906690405959
0.14286628303594723
0.040550688260795
0.05098306698184022
0.11015402971349826
0.10084771558064261
0.15771046298530467
0.07434595232954061
0.08129699596166573
0.05137781257620204
0.12232976603223097
0.07902135412892876
0.09736141876969115
0.20066170187803256
0.10025517315134556
0.1091534753668399
0.1472081220019278
0.10078789498226273
0.10586945383018437
0.08875310928796656
0.1406089073846159
0.05092786182369475
0.12095557029015172
0.13413527001586303
0.11459637862254943
0.12573303964929336
0.15240043626684166
0.10009546124958042
0.12465711501902015
0.14217832581076784
0.12065268657843074
0.1388331790872585
0.08244011000092533
0.12495023694205129
0.06619474073860136
0.06303162727810399
0.0844947189391519
0.1142468349748023
0.1234183480995363
0.07793803359617574
0.10028684167040086
0.07128785389609635
0.13035595040164988
0.11228923915689026
0.15323977622254797
0.11368231240472511
0.11639278103559013
0.1655181481952366
0.12321878664873487
0.11151166880069496
0.10392443641502866
0.14485454862789682
0.10613921841759319
0.08001408533533147
0.09194165548846052
0.06293079723064882
0.10775980317988033
0.07721664276487175
0.09416733576430153
0.10720996249524523
0.11993888167704891
0.1529473868504643
0.1536346635422517
0.10444955407318379
0.09613919457408576
0.10547429373724616
0.08203215456659861
0.13415580420809595
0.1351908950573344
0.11428561765830601
0.1354018227999478
0.12001531890591047
0.14961998056296222
0.03648461804304162
0.13042598500511207
0.11881080049527028
0.09813745894667049
0.11020766431475754
0.11564636064715438
0.058697122524200104
0.09415466312426328
0.054802720965597
0.10058846167397906
0.12923146718857895
0.16153255070423056
0.1040485852156125
0.10933636857938421
0.09773134472041974
0.11311315463769095
0.12050520907470336
0.10212259024326462
0.11728359544606018
0.08815832666572201
0.1162765796071312
0.11014693260132825
0.08520946772178281
0.11033974088388837
0.09081506053759804
0.06880007929622325
0.06945988459016947
0.08579801357406054
0.07729281508390734
0.1180336426588102
0.09901511270495264
0.08010915739717489
0.11736867793199537
0.07130961821204203
0.06627148708950704
0.09662333788544282
0.12603717618552127
0.08622200226269623
0.056930250532821323
0.058525962061434005
0.0683497184178962
0.11286254192037362
0.06830821224969578
0.13159717057515052
0.06663630147384848
0.12829140861824379
0.14713584609615027
0.13233150887241518
0.07947939327330095
0.13638261481558492
0.11705873860457006
0.14294181657349442
0.08567487404989904
0.0493814334888248
0.1420441176952867
0.13531814363179345
0.14197521126585988
0.09347838961163547
0.14616909283326354
0.11370848579525847
0.006548633308196869
0.07123909204538381
0.06518939716099825
0.04372283953175266
0.12146341015023598
0.11803023635982683
0.05547530285977561
0.08986866446743735
0.11179910138108243
0.14228353721843745
0.1312176791382082
0.1041566287108451
0.15623134044744216
0.09233929783358856
0.09928512174251183
0.08038016984438295
0.07265281465947868
0.13312381993221636
0.06662994399011432
0.12354753948133684
0.1315146951656531
0.09798731120065342
0.08239122850264563
0.050712842412175156
0.08725850286761365
0.10658650012813886
0.0956008207993225
0.06726357854690067
0.07589263929206201
0.07839881142227939
0.05733750187010603
0.11835961914954826
0.09315238083373908
0.12774123676701443
0.08045924367268349
0.11386190195880337
0.08082052343715901
0.12473028841133578
0.10076094695566398
0.073078411391573
0.11688311568633235
0.10228535391822655
0.08321739502453666
0.09834274911668871
0.0995986470117189
0.1404421327096527
0.1101080260863857
0.054304592293698675
0.15305957100819859
0.12171291351384893
0.07403281640108089
0.1104016888853093
0.09631258073953036
0.12238040775846515
0.11503701207221179
0.09161990544793293
0.10664597649919358
0.11508138816589542
0.054576878883142395
0.06436833038745643
0.09021601646541476
0.10867298803502737
0.07594579013945055
0.07886889996081398
0.13839959209783792
0.12888610686998464
0.08934356069548297
0.08332988519111817
0.09255049561792257
0.1522730803301308
0.06267388065548071
0.09092547166283228
0.1046983742811517
0.10471638553264945
0.0932654656933667
0.07682609502864987
0.13411233467545539
0.09836413231218362
0.13468633513952005
0.0732474537246677
0.10160361137859969
0.07360785238272295
0.09113522758320719
0.10331414649188504
0.13594766048054896
0.03723131670509254
0.09484695399278227
0.06917140600273042
0.12458234687908928
0.07425698969413956
0.0962990763631189
0.12992292101171127
0.047505372048439756
0.0878083970133807
0.0963533686643218
0.07718727416140217
0.054974480708389034
0.08733363554387681
0.0666553254935707
0.06228297104442295
0.05922053921757511
0.08936480521115937
0.061349884966963045
0.028741015264577646
0.12799797652373052
0.0916168034598368
0.13128766976346049
0.05188789391481765
0.11085017870219877
0.08582164439985267
0.06611923591596428
0.079052584664588
0.10696939896326699
0.13784831640123762
0.10697981593918898
0.09354917057906682
0.06606203105695747
0.141000419351395
0.10749195619231747
0.12374722627645993
0.06079705239779074
0.03546577220101567
0.043441032271654204
0.11800109896915377
0.07684171362582845
0.12789003548451516
0.1367617044751051
0.0830260696305693
0.07774104642750235
0.1392997688129752
0.10839253677374666
0.09056610240965667
0.09143296080830154
0.1267434322882257
0.10409794855520411
0.08333419003250674
0.047045828410459754
0.07830218006274207
0.08474506742077464
0.10008982906747851
0.11608920315371586
0.09122193871790174
0.09683551757683145
0.12383830023207967
0.10427497383080701
0.12405192102525771
0.14309490465551808
0.05589321730770206
0.08546009753524653
0.13276733956963102
0.12005656953099396
0.09695010067579107
0.12469862199120114
0.1592337832752316
0.054612391138425496
0.05785278886328162
0.07141714241190746
0.11401141770637224
0.06726522862527406
0.12445592499212942
0.14096612874095477
0.13332576129583348
0.09989055218168559
0.1255859240911945
0.13645592938337775
0.09952007941603466
0.047309756656280885
0.078890563000025
0.0919668651218777
0.06711997102375017
0.0936846378257858
0.07655263392087416
0.0970115261121778
0.11329694393761582
0.09793999745180583
0.06235749461953342
0.13817393036323775
0.03176887220381508
0.060627306792899446
0.052399271159847605
0.10002074551979649
0.12151828118218597
0.10672685671870173
0.05889998326347999
0.07698858978721473
0.044717548389636014
0.10196761494335042
0.11657490002252456
0.11312127125148212
0.07670486258140757
0.12492371843967567
0.07631576029959072
0.14105218047103726
0.09459819765930165
0.1039145597835363
0.1584150696354263
0.12999794055165137
0.10988285736318658
0.07814946704413152
0.08609329831943872
0.1070027005495555
0.08254351586420808
0.07054576305210442
0.10219311569066178
0.13743027447544875
0.11438517302933444
0.12038513417766256
0.026405426203438886
0.09348993163591536
0.04365153987730382
0.1151429795388544
0.118950292451246
0.0815639788383584
0.11988713715931743
0.11596656650031072
0.11853327617687344
0.12786878916307692
0.13217627500903653
0.11108647349687815
0.05568842956683442
0.15122687605974663
0.11838948363735688
0.12435380684169278
0.07873204573336254
0.14396381085200816
0.028957481858470954
0.10433917882940254
0.10890471903569104
0.074297150619531
0.08356539611823767
0.09458429895666655
0.11483670651739035
0.1102188256556512
0.08300708039532725
0.08985192869178957
0.16274241426288477
0.042762784326508006
0.11524553171661236
0.004428734676150986
0.08022193516965218
0.10325117328746423
0.13215874589570872
0.05139249122769764
0.15584249229563543
0.03871594619658997
0.050043103114716776
0.06248658351840734
0.1299514794302902
0.07028789060071114
0.08710813353140812
0.15209139202515504
0.14139517559116604
0.08938029644017902
0.0692364227019187
0.07284688407768446
0.06596737205823779
0.09560981037911909
0.11029813813773977
0.06849147574389972
0.10181394689351016
0.09447327054401367
0.07900475344155884
0.09569271981549328
0.08828163975821722
0.1573129197224105
0.12352790622259466
0.0746031194886777
0.11889519870544318
0.10978670673580991
0.1288381190176809
0.11959223443617528
0.0836464573081493
0.1312813449353559
0.11752658967401607
0.11632943598041325
0.1494467701028505
0.10209546476021826
0.08661972880435975
0.03210756112423779
0.12928990382954245
0.08170561730887516
0.0845709513139231
0.07625050390092844
0.14537228910661623
0.11527891197793921
0.09943687404721735
0.14395912813384681
0.11424263300972612
0.12321920961205728
0.13818032206297437
0.05539585011288348
0.14913073810369662
0.04167437067926691
0.07902932502184304
0.0702383197665421
0.09423887129227021
0.09691763838981389
0.07841273636722909
0.09764409203906647
0.12258530292485381
0.041304747852489825
0.1066679577326303
0.10929304845509331
0.13053085494768615
0.14048511450017542
0.1133493715385669
0.08816786130793523
0.14663389500119756
0.05525957853434662
0.07476194849141052
0.10161709312322276
0.09245907141201005
0.10700307592902132
0.047874249588323266
0.13691855377459902
0.0941914951069732
0.11977093949461107
0.11668469376732224
0.1323473413013423
0.12458743678067268
0.08912774087029016
0.08663962367302991
0.12781208441272532
0.05418849646280271
0.05614606004025583
0.1541829619687854
0.09739026572118935
0.10255726336148702
0.0857175824619233
0.14878116159068128
0.08326992635724915
0.12350843088549801
0.10806366492395372
0.10353968386202254
0.08957035462889461
0.06968488099834165
0.08449272529093066
0.03390177991987134
0.07118582251070076
0.06745174730917305
0.06770799581950815
0.051351795767958675
0.14564659360279497
0.10109062701214104
0.08999143173829745
0.0696232209549561
0.12627056768608483
0.11536906125498413
0.0957799732038261
0.10586683080532128
0.12377637606000819
0.13999670189253083
0.1214434293995277
0.08837940204293729
0.044700186019646766
0.11425680440902533
0.08816640389405209
0.0770459996533285
0.101048843330765
0.10786227500142936
0.08383809738112276
0.09261702933161971
0.08812955539307432
0.09595609503232744
0.07487905629470559
0.05809204845095062
0.11042276595409903
0.12669086689363546
0.1249929055263138
0.11976545276339126
0.11549596062869052
0.05690764493560178
0.07435712907967866
0.0958674020463702
0.0994076427950009
0.14948850269666014
0.09416890732876129
0.10869599117213428
0.1368737295435661
0.15019120235267203
0.12335811010267472
0.09887218336258279
0.10205179798050151
0.1416676131769134
0.07721765852496934
0.12252502477698415
0.11604583206316388
0.09531388166101033
0.08871068520891262
0.07491041160918739
0.057117144399333505
0.07157309754680426
0.07673054284838227
0.13029413411607477
0.06856225760412672
0.08019767051334226
0.09048551461625998
0.10219723997858557
0.11132096579491632
0.14867604916385269
0.10749890543887816
0.06654355409025117
0.11328778490422603
0.09471677920594329
0.12810737519483736
0.059947476929283094
0.037562988985115175
0.11377192643825565
0.12438942922780923
0.13836612179108346
0.10182909773582786
0.10165433585618204
0.11766529543816129
0.11760451549885176
0.09678523351679465
0.15410094101930058
0.13449515750156568
0.08618776122440837
0.10577575059373821
0.0747160728033775
0.10499204319275454
0.06913975131282155
0.07036975786715849
0.08153357433591776
0.09035111965931247
0.07045838888610031
0.0593098757005593
0.11617880357010617
0.13571562659871694
0.049919085324084705
0.0652741434807371
0.056435282257131944
0.10137561449665632
0.08563315235184371
0.15801763411461645
0.12625560540007896
0.12663088024924923
0.08271432807081744
0.045851467888461665
0.07218910252590294
0.10142092652955227
0.1337186624990062
0.06493077814829559
0.08815947637847658
0.10688964994926466
0.12226937682977712
0.03870701223707451
0.1295882770835511
0.08863820081932172
0.08621491057594449
0.16516092303818092
0.10031836758007186
0.06402937874305664
0.08856797632602131
0.04444252644345225
0.08404096229860127
0.07526583231497613
0.09225309495967435
0.1135175882870072
0.15555960595964047
0.11873652523493533
0.09760212615249825
0.00924917344729427
0.12782498371048634
0.08033937508023942
0.09691885363909694
0.06948350508335999
0.04886346124578949
0.11624366656963742
0.0931563656890285
0.07636525744985437
0.06723817155291903
0.12965863919847226
0.09475071183577728
0.08187192603443028
0.08188955173342939
0.10374899262660701
0.09600959459788765
0.11499735134646683
0.1399329802959841
0.04117080870946137
0.10690332586019884
0.14009130543992726
0.13039640853790022
0.04689702672568508
0.12074090417456398
0.12262984638126989
0.040063582633930915
0.06007491507778244
0.04734192182581009
0.14950222349975129
0.09751845965485625
0.11407035817588622
0.0890154770912244
0.10873947469666613
0.10386518516863215
0.07912619637184577
0.08121020364409118
0.1117968272280937
0.060811119348981924
0.11084505982252843
0.05172682661591971
0.1103907044644814
0.01862722126566066
0.08076765804287227
0.1065943566675958
0.01698150865106615
0.10287222024772266
0.07978323574589473
0.09194158123421248
0.09089679671282128
0.10165784822049938
0.1040792166975274
0.12807169904776247
0.10875709477357177
0.08610651170388368
0.058810460616710025
0.10945731492844026
0.0996512035560863
0.06236772264447286
0.10968156206336689
0.0990468773957576
0.087298277718467
0.11847848458601362
0.10921032522755972
0.07692187523440838
0.06806102172842851
0.06354831990609097
0.08687495734981879
0.13327632797585465
0.09588549996255384
0.13365925989590635
0.12044905423739034
0.09391266328795761
0.1674883540829311
0.1065796444128726
0.04417107725406554
0.14061055329502478
0.07422677812871996
0.04641940922954253
0.07504456967352936
0.09350014164338029
0.040882992340232946
0.07155458507223214
0.12444397704439536
0.11044654194012908
0.09458731112955027
0.10064524019202316
0.0892881445743351
0.061229879205546296
0.1262350081757149
0.14421068977105714
0.09450263116643422
0.0888553043116202
0.11982426472703799
0.08941478484434033
0.07229596141021799
0.0545057304064893
0.1039451037228361
0.12326345901690311
0.06638267395730815
0.13184147883734074
0.11796789996706702
0.08145698750580667
0.07194972868526409
0.1117469026026879
0.1033601644288425
0.1527817103481623
0.04776960145747428
0.07474915092508957
0.1370442124873624
0.09355257325878615
0.09153353561562215
0.09707166437026943
0.12775370750680967
0.11154873266902099
0.1586128363850612
0.08697647149610091
0.079858254267095
0.11441798877104474
0.12312505580661431
0.12677764495936142
0.1394039958714731
0.10658290003075375
0.087210995138276
0.1157535869165359
0.1264276851226343
0.04450577754260546
0.12076102704825795
0.0963661121280281
0.1689210632364114
0.08623787114941708
0.03323545896566654
0.0704793530981497
0.1266607128064206
0.10764596419885974
0.056889745279482866
0.1314829485075803
0.11999492732543013
0.08904409056393817
0.08428646329412967
0.08471179363023487
0.05595709623986002
0.12204974251550324
0.1400991667699925
0.12959188023621915
0.07801203317136834
0.12311279823599593
0.07456522671070231
0.11576535198358048
0.08427261891221852
0.04707650185815379
0.09138695757134876
0.06413500631689906
0.12169013508428637
0.07591483424391234
0.10374154673254954
0.17483751247144036
0.06402248567394
0.10354437315989583
0.09948984482956684
0.05538261206148018
0.09065160520253576
0.1608207867538552
0.11489141392167634
0.10216664553714476
0.09934659665044969
0.053273813200327036
0.06087336482013081
0.092623038530483
0.10106905312001205
0.06966767412218387
0.10732262181683225
0.07709962128915246
0.07286101744654638
0.11601506035296041
0.08774538705065918
0.08432849813362936
0.09068592382736533
0.11804190597359125
0.07127912588235041
0.11447647984621734
0.13553817306126037
0.140660765791561
0.06999861402982022
0.10838984942486948
0.12395065369804284
0.08332539430545359
0.09911266053763186
0.09195502471347056
0.11062661974052727
0.08126917376707901
0.10166315158451648
0.13157483901936204
0.1663057887780061
0.0938154480215324
0.05514854091841184
0.04589247817356335
0.11085972419702689
0.11050278791299777
0.04877863386324017
0.11876700502267712
0.09370055574036001
0.07869193373897657
0.08739983840612213
0.1043726462581339
0.08393344763521872
0.13566978710848074
0.11499648081731412
0.12700217086645457
0.08464227353776192
0.08722938559411905
0.1190291631773921
0.11814488436513865
0.10341242754244924
0.10647617293891937
0.09419113573768961
0.11399416946561605
0.10418819709441164
0.14816492419113986
0.07308897067477317
0.09833355051061134
0.052310119812407053
0.06222717201403577
0.12196517842093599
0.10072692540754212
0.0897020431084446
0.10463069667235471
0.1364011743438038
0.11976071599600921
0.10044325583610035
0.14550761765558917
0.06532523340414695
0.11116197648992818
0.1152176781956403
0.11579229167314045
0.09556981388340138
0.10081091085347657
0.11580195120511769
0.12280252747744053
0.15725966611910516
0.08016161049199244
0.08923612362209149
0.13954385612708842
0.09608692709703907
0.09277005480920285
0.15741340076971416
0.05502264578839324
0.14098601116103437
0.10870493661779808
0.06742059492859968
0.10900075843197135
0.07794066595109829
0.10271090403664475
0.1183728241614471
0.1139423145621038
0.15482455023547928
0.1729196424499678
0.1103374263694915
0.10291311402421907
0.09586380069011215
0.05660463725866811
0.07044979038741063
0.10654989347810456
0.13574714630261328
0.1052352947822813
0.1504533035143059
0.12829194937979305
0.024747980314422047
0.1045639915463266
0.1359788861856588
0.08786754467079573
0.13163846390511313
0.0636800083496028
0.04287881923485854
0.11791175112154877
0.06503562954742478
0.10373185917786701
0.09631521833391471
0.055838748430223066
0.11095072768352805
0.0792947638224682
0.10733493863558126
0.119357405604219
0.13972254809501158
0.06642226150737784
0.12732606057780305
0.09645261121094352
0.09245643894933402
0.10130998884612025
0.0745059709786107
0.045353947896394325
0.12096238962025091
0.103732797321385
0.05546605313271342
0.10511637312864008
0.11568229637278574
0.13109466416035603
0.17729204603227922
0.1070996078101903
0.13862236778379972
0.10692196678939304
0.09664921005828152
0.11959305873627933
0.0891150288625804
0.15492215462804815
0.2003952099464193
0.15274771242025478
0.06295096563317323
0.09603662975101174
0.14207743512950102
0.0829945203830644
0.10323136930155588
0.08860167745467837
0.12128114600322888
0.08913733042847422
0.08370852150539118
0.08981780630048067
0.09383237164206287
0.10981101430579472
0.12662085945615392
0.09879606081222465
0.10801220042408712
0.14730848958149168
0.10093271084577965
0.14286197089557764
0.061360655027854746
0.09777376840217646
0.15290786293500064
0.12859335329921778
0.10599102266828322
0.12252072548620269
0.07209303242707646
0.06777294590457925
0.12479329298449132
0.060222167094798607
0.11730772534933556
0.12124730453636326
0.18269595749662235
0.1244344875677747
0.10198099612001493
0.13194562340690763
0.12935343459972154
0.07225035985540376
0.09669831916053287
0.09213630285065966
0.15400369791170915
0.06317846550725108
0.12345841993458992
0.12679073929612641
0.0573168025603815
0.10523996667717497
0.08350019040952623
0.07163678698091762
0.16072654115513826
0.10870404494139002
0.0807010524024102
0.05070098606402508
0.07044474936218312
0.0578420641878293
0.08910153076628445
0.09126067416376221
0.05679521116821619
0.12531012118875492
0.09235126977010247
0.09585927765818589
0.08520989357277892
0.13445427960256656
0.0981927288825917
0.12314311118931533
0.06400716478432925
0.06351876257779156
0.05528854914282409
0.01772092499301693
0.08784893730469055
0.07739888152179994
0.05319871086498325
0.08705277971955058
0.12899769640935388
0.038747187872750964
0.12198178754168537
0.08313379246567212
0.13857311831636887
0.09703497030251625
0.13337700614455206
0.12035337245743662
0.09260432244107794
0.1036601550248307
0.10969566310927137
0.1061426132830824
0.10865397680525875
0.08275763771437233
0.12026474831485201
0.10253405540691468
0.11117932856822074
0.1096542595986996
0.028774335158095646
0.10952438759319637
0.12246195365196136
0.08898410257934376
0.12861175773922284
0.10671341818059628
0.15671902087954093
0.13246725905286413
0.11259525856728397
0.058433967594593
0.14311560732891027
0.10406389909906194
0.07567633566086576
0.10353810026599292
0.11589249213311852
0.12020167976066315
0.05610214857190378
0.12018133616563417
0.020672879050871146
0.11862857453429948
0.11041435477954674
0.11678359636262936
0.0739393107559216
0.10714141160544959
0.05891779542211596
0.12429433493219484
0.07909396871229009
0.13590330189132044
0.08157563495673903
0.09421243575831159
0.08837211118827543
0.12825248742803394
0.06688597551306638
0.07294010817025584
0.09904586553512959
0.18834866896822505
0.0934805852847034
0.07700181646618347
0.12830598313502675
0.07588681480331029
0.15143963404872887
0.1283414239862832
0.12756398922056694
0.13881224865381175
0.08129286191819728
0.14797034454846053
0.13358802220892652
0.055921748686718994
0.1155199288416785
0.06512281734311742
0.14130677903929117
0.07386519092286636
0.09555060051848868
0.07040093598634083
0.11678801586121057
0.15562693907109482
0.13067458327483397
0.08771178066647721
0.09425310581831124
0.08914406182230272
0.09567129717505364
0.13954941881995608
0.05922670610247822
0.1325155646419262
0.07610419672895866
0.14461666387396027
0.08585187316757668
0.13313869874592216
0.12749071783870755
0.10018653327337887
0.08362821330497722
0.08735950524564463
0.09097777830268448
0.058366305077241595
0.025503694788980943
0.14410788311916342
0.11403477995048217
0.07475204835419114
0.10849419321031332
0.11826755923335783
0.06813986743315817
0.12031944941575877
0.088916935037568
0.14071158139192225
0.12467734346430556
0.036796760496589656
0.14215550827046264
0.08821351976714838
0.07398524527910211
0.07427603745343744
0.12248876404270534
0.10755737386804558
0.15876167680974937
0.14995094648596724
0.13746896208786832
0.08935628744713901
0.08550335122175087
0.07951214909770107
0.12112060947464105
0.12029889146386065
0.08563244936942865
0.08668656506240202
0.10221748042846612
0.10875170127207937
0.05127278321548921
0.06613057646670137
0.08042048026911539
0.10046028152668174
0.10308418451795792
0.0950145412603742
0.09978930627213768
0.09277715130209888
0.13394804184986478
0.10134577537767508
0.08684109074987308
0.09767343370057359
0.07007191677853393
0.07665765028644758
0.14223623314612444
0.03171842020475095
0.08724761129232465
0.12333799938352964
0.027707827410377098
0.10978434387563206
0.1218973619379666
0.0956563900891632
0.06485579272783301
0.10653104454679863
0.08750199384922089
0.1170156760761645
0.1303523927803642
0.08857040045141308
0.09211130335098983
0.11089252208201295
0.0786448072810502
0.08779558872258836
0.11569546927665028
0.15463133467012055
0.10722741713174633
0.07613772251896112
0.10393144361937862
0.1356504576995105
0.13968036151411217
0.08409451855932806
0.11260328351234367
0.0710028055420951
0.07022353952352747
0.0912501584740342
0.07078732668299136
0.11845510658480463
0.054377681389339245
0.18105571194353487
0.05728793389524484
0.11642548288914115
0.11853527287023903
0.06003931645396072
0.09491734674840252
0.07141882557409904
0.06885886983694486
0.12125341904673866
0.06095432154555709
0.0981627119442204
0.11923441336287294
0.09911143860967586
0.0616373181686663
0.1420970456622422
0.12453372153622645
0.15787764827661654
0.06533048606431852
0.13790979317252094
0.1132178506784842
0.1590645142773943
0.11960929463737896
0.09264588049436545
0.07257003858048205
0.07979635554106529
0.12965076471394482
0.06150454070040637
0.08354556772184249
0.1152873341575119
0.12460779769715306
0.06328029413873734
0.07897381905216364
0.13664605588108053
0.1223372733926584
0.1342104408734264
0.04013193951227947
0.0840416030945113
0.11055620019601942
0.15331284869962103
0.09769419500660333
0.13468190373125075
0.06219709395981692
0.1285659796590271
0.058614266583399154
0.0399500520198919
0.09783591837715912
0.05059390274845026
0.10622157331896108
0.096820289798661
0.07405638410716388
0.10921851271213397
0.10573625533602066
0.08586759790861886
0.13623623970423418
0.1747014195811321
0.09230291286413266
0.1018610044040616
0.13509358476234054
0.13172778961455905
0.08588269513309758
0.10368705673411827
0.10482000924765884
0.09111526273360865
0.08171729791961034
0.075947943347346
0.10676781823556811
0.10875694093789777
0.12158344739554004
0.12956802587888389
0.13274027833093016
0.10132481010348646
0.10910993248480251
0.10435986653096394
0.08405668361201955
0.029162997173233077
0.15360627583771644
0.12131632135132278
0.08977320987718983
0.11298914897744192
0.1476931539177193
0.03971289490189038
0.09056020109455994
0.05679776839627645
0.0996721823070634
0.1558813600571951
0.11114990086084231
0.10431873878505357
0.08308624741287672
0.1143521413817512
0.0832240955402814
0.10236213975748863
0.07493889707251987
0.128801530400826
0.1347448811301517
0.06585363209959447
0.09720085345960117
0.06751303243238263
0.1595969736838756
0.03808142176535837
0.059674233293426644
0.11786673718850899
0.11205937572393715
0.05541097233535651
0.06583856804556057
0.10966911685436317
0.08084010043880772
0.15893630954618493
0.07024775227902297
0.09000772063200452
0.15074495527526122
0.10595047364875598
0.1295387373483288
0.08240167063683883
0.062390535122438084
0.09902415689092826
0.1350517696496752
0.09708114280078825
0.04596782431357247
0.13863818458230123
0.11438799795076676
0.12168051250434578
0.12307183910404793
0.06952167006663837
0.07676877933808987
0.14274296353636173
0.09887182988524959
0.15430306154917606
0.13197582001636246
0.133497603695678
0.05218660539716616
0.10946622024383774
0.06627565709955487
0.0
0.10810509692748141
0.142864537381561
0.11042969510727477
0.09000526208597684
0.09420388021841644
0.08599591710424759
0.11640545448976458
0.11133982765627756
0.14091206841134363
0.11833185931719269
0.13200800728414186
0.05783776496805569
0.14250056990323376
0.11077914402471518
0.14474672749255746
0.09764433507727166
0.06982220488578575
0.0954021793106354
0.13128480664613418
0.07424509123321349
0.045436060006857196
0.11826228497232982
0.13012492620609373
0.026537772422087727
0.15826990509583055
0.08589891062061333
0.09721098096296434
0.0762904158740467
0.1131296941383979
0.12065013105472622
0.1526917081335499
0.07323236363955166
0.06636607796550834
0.12932447793906965
0.1424404436046759
0.08890631392462164
0.11654823772507662
0.06506312421408662
0.07605856811056029
0.06668445175149165
0.11973827968268946
0.11312384048035844
0.12002300229251084
0.07820860528374288
0.1250665471445559
0.08268609254058025
0.09155049833689605
0.1092940227844722
0.09228013828543084
0.10878595070157687
0.08331172680757636
0.09032183792973024
0.1264915433492294
0.09820453024357743
0.12452924053751337
0.1194029280824446
0.0761831578381866
0.09664589024509664
0.07506162829916836
0.08095845828402815
0.06443453514484736
0.09101100839907461
0.11330320738013962
0.11805956662720421
0.12928427651147628
0.09822142373823783
0.06337374483408681
0.11999644745295077
0.11255161821425945
0.12577153425683277
0.10936006705591045
0.11455304791389617
0.07839078131622475
0.12339891742207418
0.10034413193018372
0.11130549036117836
0.13650693299908126
0.08430841960013195
0.08531362880045913
0.0751057275184132
0.10035415540339264
0.13425548459702935
0.11102164500567108
0.1257925385465137
0.12239333532469518
0.11066997291721753
0.06911196381129833
0.10695678418355699
0.07567954679125266
0.06313297286671504
0.12795612334730339
0.1121516546035761
0.07574934821668636
0.12078451241895138
0.13153225723518486
0.050886244833188606
0.13893592801298948
0.10008696579225841
0.10159355767534126
0.11217279495545263
0.08506176740001586
0.14004297721224185
0.07409819610107643
0.14468252464386394
0.03954283090000306
0.06652935992414252
0.1287850901542812
0.11634283311304264
0.073026989205416
0.06722868472552251
0.09355780351793158
0.054800645960959335
0.05311716310980696
0.09733346006609757
0.10843159473874107
0.08692187341865515
0.09875281312071842
0.12523252855459419
0.06943667885248242
0.12656373689938516
0.10524039630440207
0.10116682488706433
0.09945871956280802
0.05741047589617805
0.16409925736468475
0.09103927693773443
0.09648596812511992
0.1207656928777646
0.11175858071280226
0.0750595466521223
0.14307933915185317
0.07300831509076496
0.12109774892295322
0.10605580069438642
0.09017634407397992
0.0893683945237569
0.11430518240808114
0.10565618384521809
0.1320928060854986
0.14417727171458275
0.07869720046881037
0.10578514577106762
0.050485224343116246
0.11441516669343173
0.08615903320987672
0.12210953395898683
0.12873260633213832
0.06748797729010551
0.09591367338600759
0.0691507308703789
0.08700688081138915
0.08294591616590513
0.106185582396639
0.07307019328807245
0.1082915846521907
0.08208934685344298
0.11224188163018746
0.10578439851389418
0.10836525184616466
0.11036949795981618
0.14133190415152905
0.09221310750691601
0.08504944396716654
0.12224411226642279
0.09993446809756808
0.11328838485073178
0.1468124450964475
0.1208104211510111
0.11841527208876108
0.09713024733674738
0.11902991289777268
0.1129372467712013
0.1196135823447631
0.09701792951486918
0.13125631236541166
0.10174422585537014
0.04800948994970128
0.07222316615181157
0.10594029861947522
0.07766697891120773
0.07789376741451046
0.06438244623125097
0.07296110855383295
0.11561311844929106
0.07674214130700364
0.08287306242461155
0.14966819058788147
0.08302902558000363
0.11594896233344205
0.061123435645815814
0.10542792376542764
0.13186316794710357
0.13689668507708866
0.1168937371682658
0.12338334704682297
0.1071089495013655
0.09518276054991784
0.08816892380837392
0.11275546818234881
0.10087264265224889
0.08444559423242576
0.07022311183395363
0.1619917420387246
0.09485686302267347
0.08013547617846678
0.09089629299220328
0.03066667226045819
0.08813598323843727
0.11249086571651305
0.13639459937416848
0.08158827545218178
0.09456566474840315
0.08683468654328177
0.0950385590902828
0.0844448899494015
0.06820414528746185
0.09171247547686259
0.0764715693165211
0.16300171634254218
0.12330863588050399
0.10899291996610383
0.1319615024859418
0.13286587524952523
0.13340650877753646
0.12065996837700235
0.04438602984935327
0.07453913700031337
0.09284102078541133
0.07828168884791893
0.07530696083406632
0.03872770219558554
0.08537068991445454
0.10816293388689459
0.10540800247244567
0.08274541078472589
0.0960484756231615
0.1495103000869923
0.10237304956214535
0.08819698782797553
0.13686623764046651
0.056950015188007526
0.0818383814775941
0.09737412379524996
0.06984708427653158
0.11190451617289335
0.11115506012881471
0.06592938168565157
0.11010511344738903
0.09032171063248945
0.11700921293896441
0.1142025508577647
0.10390624362615071
0.13064877643314354
0.06573257594707144
0.11554617891813675
0.0921843911683375
0.12410548029248426
0.143144065693209
0.07932162948455884
0.15019933817253056
0.105197911195301
0.1457973603211165
0.11952808529260936
0.11242777706694265
0.13358048547957668
0.09896864024494911
0.12684082882832176
0.1170435117493244
0.09144808502227644
0.051485139754500926
0.06464579740902367
0.06728952015509596
0.08940395914929258
0.10604257517415631
0.12188181558145396
0.0901101722141055
0.05487923636804739
0.12527239560522277
0.08292275345622263
0.07349701480158352
0.08227572930394635
0.07734937921856364
0.07377018136262473
0.10944881939727971
0.0482532733464707
0.1143909451514421
0.08917997240311784
0.12323350161596502
0.10975175138490835
0.17198712944235472
0.10121617722102377
0.15683181503649918
0.0794627638801466
0.03441697094856726
0.10023532386121867
0.0850629138491276
0.09834743837312555
0.07510146043698636
0.09409380428414235
0.07360471363267984
0.1264418419893556
0.0959707123078587
0.1006012891723016
0.10921335618010139
0.061951220707121835
0.04988479915770388
0.06364861094013041
0.12738305510398082
0.11831212309798601
0.07575101414801844
0.04669891667870862
0.09642392993686154
0.0868575029165876
0.09120954876651609
0.038762461894259276
0.1187234573067501
0.10634050698703088
0.08752171057570698
0.08424991242387078
0.08751474778539778
0.10857449023526773
0.10602571367779585
0.08321915318756237
0.08732841765099532
0.08486061541611674
0.029287725897666803
0.15464233436740507
0.0832954245149579
0.09889882479507078
0.09895581044862482
0.10457116937111055
0.1537759171087601
0.049074576411361336
0.11917108404134079
0.14913435031173777
0.13960878268788632
0.0880478238963043
0.13690145529725406
0.13700772720866877
0.10139993084631194
0.10375214978723728
0.1507697317759279
0.08946338513676592
0.11561009860920542
0.047146442899705314
0.12224452623859917
0.09200484979787708
0.10737624211236167
0.10248577525006505
0.14039006170250182
0.06610619883216379
0.06581375445728205
0.12489533915639783
0.08856934507104494
0.14374789600224946
0.11084338717205501
0.09370485086135921
0.10336872760081076
0.15207318195948327
0.08396287357535681
0.1322194368712725
0.11403744356221256
0.1422102768461893
0.13705175100118758
0.08913567132159592
0.15074791974009671
0.09830838076138493
0.092218592752774
0.1885527684911622
0.058789625705093454
0.1057237534472825
0.13473607712948962
0.1581873965307071
0.127655439042068
0.08495931985099787
0.10746332373754439
0.10540497325627242
0.0472857980715124
0.11220328632982712
0.11134426785687655
0.0831095127433306
0.10785936382070542
0.10507322333335814
0.06879664013070995
0.09051274012805133
0.1532375277011406
0.05817724481765384
0.08767433048989072
0.08689419298434078
0.10265545347366986
0.04845161496660295
0.10955825443144306
0.07758539422916706
0.10109694588090215
0.06721109768657313
0.09230911504064739
0.09648290041692353
0.128829100860139
0.11522014578018909
0.13019449267030342
0.10890621180277299
0.1303451730404939
0.10115718893668817
0.1316357844220613
0.10811540809354506
0.08771844851411972
0.1184740282799216
0.09067075888469334
0.09766648339724057
0.07449238355041284
0.14285821462940324
0.15569845126674395
0.13402335610673677
0.12922108747243055
0.09070001320364326
0.12615620740132338
0.06899818768858616
0.048183450153930614
0.10313109799443261
0.09542106862030336
0.05150700912422196
0.11917988253286546
0.07833087581173578
0.14378588567297423
0.10709871582348755
0.13416158588971214
0.06218707233116717
0.12139540568593393
0.02700043592829686
0.10955322579871028
0.07441464154325242
0.08484673999427463
0.0946179085751203
0.08057708439118169
0.08403254999484482
0.10470885653591495
0.04451519185053411
0.05209733339146877
0.06634362798213586
0.1276411228850776
0.16203717552908511
0.1473926749352209
0.15158691530504517
0.09540398968380599
0.07808795543180813
0.06298457103702568
0.13206263798095313
0.08836374247050033
0.06883283661338838
0.1101212715826535
0.1471584703125912
0.11837638523470348
0.10325048202981102
0.15467106375917258
0.10018876760515212
0.08866241082313842
0.0696518831432998
0.057031385154817954
0.11509676460500153
0.11992547633109434
0.08191672909667295
0.05466148388114805
0.09064172473575147
0.06510215720171172
0.09625566331269739
0.12040212228632126
0.1097307007545333
0.08261725242482255
0.11556555821268508
0.07758421366301116
0.12741406694467972
0.08052203965060455
0.10842948845874598
0.0961793034211634
0.09890721884681128
0.08225042744082589
0.09665367746931731
0.1128885127246352
0.13897177610119646
0.13378023188580737
0.11107462243925716
0.07568772939189701
0.10757432516226641
0.10969402592674822
0.07957026935544209
0.09394129611406753
0.10324702390072651
0.10064616835692815
0.13157968474273007
0.12461780210006435
0.08155719870234321
0.0933924919776697
0.06624283763718364
0.06549582322877456
0.12178032769529305
0.06561261858812231
0.11504118293155587
0.11501148674376857
0.09750075572164596
0.07919357117902234
0.10051547907414315
0.08623186119211235
0.10579075288037976
0.07096891883736502
0.12346172132197816
0.11579459097597487
0.1325878792400482
0.08715117211927405
0.05200655190276462
0.10067758632248038
0.11635579549283886
0.10611703021765025
0.09232486142970903
0.07375759494101644
0.1360706281298289
0.12641177181285707
0.12355424345304095
0.1010358116781974
0.11779845246896031
0.0895575080225497
0.08944894011206905
0.14968795087398618
0.09590275995335469
0.09041624171295128
0.09969926433117912
0.05214401690433795
0.10525843634944793
0.12464060402098559
0.08389968798144437
0.07145005078282626
0.06306988127578507
0.10831748099649045
0.07935542516514629
0.08621082487519488
0.09659040632655225
0.0970733483837
0.09633744315500999
0.08998000606885186
0.0930818282073229
0.08804398285004146
0.06251528324865699
0.11788970267434747
0.11533867551397228
0.1169999113694308
0.13826990453092736
0.07406748883041436
0.10335752682445973
0.07512656669573066
0.07283043236691801
0.12059364642134636
0.11257885362377855
0.1420422533955564
0.104092175604442
0.07002356343369609
0.0667515912688895
0.1314258369853223
0.08370446040213492
0.14043854513404808
0.10180041473473526
0.12345457252335193
0.12506312546627218
0.08489785382138983
0.08453313030933376
0.13500681357442884
0.11160934720100293
0.10315952271408098
0.14091949903682127
0.09691496901692033
0.11092349383614997
0.11076148799089267
0.1485644779765219
0.1183611080870077
0.10511136681951994
0.0487502148017592
0.08812689778721888
0.10670579908233305
0.1139850486619537
0.04137212923193975
0.11955269371905203
0.09869718423501231
0.13458211722802477
0.10758546447054419
0.05538655261703145
0.09479999775104593
0.046825445176733815
0.10004131538264527
0.10329559658729921
0.10989552223267066
0.10039378936571856
0.10442058409738263
0.11985655166971051
0.08483685616113674
0.13603268541774016
0.09346035573247886
0.17597662284194604
0.12426159776846993
0.1177579249997239
0.07866406996552702
0.10396529089899778
0.09158468301892621
0.05878017320502687
0.13262983802672942
0.13938032900850633
0.09092839870185715
0.07318281675518754
0.13973259400501625
0.11701560683396749
0.0453039565873836
0.12113692307558084
0.11177177392304088
0.14767514415919075
0.09617380653698701
0.09828829124132127
0.11098172605013996
0.06849426704054187
0.05767261010570757
0.11183106773211991
0.06684549853185823
0.12372483110498116
0.11873019897042258
0.0934691378600412
0.07030995955887315
0.13451199857698515
0.10906040601334056
0.08133884808477995
0.03754506713938065
0.11610650852859988
0.11018416153465344
0.10591946299898679
0.08686091347979269
0.11218590109429577
0.06727018914862884
0.09498174541954439
0.06038888165511539
0.11150531494699045
0.1125583439528618
0.14631047624742965
0.12740948620450454
0.11699324405542658
0.13797276349850346
0.06109282761277534
0.05843978750514411
0.07146462393385772
0.08387148405401526
0.09572576502578486
0.12124948275577421
0.09340175607092399
0.07501989996028334
0.11526394040001345
0.12039826659598579
0.05449630184958271
0.1048040498345534
0.08178085656646382
0.13610650980877181
0.06805015262217637
0.12409949034637974
0.10122520227429532
0.11061926177010781
0.1164486791962965
0.10960099633336073
0.09934926305258074
0.09011801624732833
0.07256910917814186
0.10943741398305759
0.0887389571131185
0.08603851895193503
0.15476839468307207
0.0862692370346375
0.09787128073845024
0.12234909545770714
0.11198794834994254
0.10651965067409319
0.06606459288203748
0.11452315742982716
0.10400826558455131
0.08221185782442315
0.1008380123336231
0.08022274296078695
0.11018872752832051
0.09605659605925228
0.06329368983255884
0.18450840238224026
0.09200667222789564
0.10857105835474744
0.07539471883006757
0.13586371023205918
0.07998975189727933
0.09293199428314393
0.14651582260103946
0.06967138016641385
0.1066464677893267
0.09372421981469538
0.0905292567895937
0.09162380418255237
0.0693124265336755
0.08599634660203212
0.13501062919206847
0.11922664566676186
0.10643929996111927
0.04952312052495424
0.14819488168725686
0.1255321925555711
0.055245028699746415
0.07112191724052402
0.14168901008341872
0.07320410431050604
0.12127043455441637
0.09259528918109802
0.07543493949444402
0.07447005780531347
0.13107900551411256
0.13191858036566362
0.11183191587547958
0.08438431082323276
0.134760168052241
0.10764278878647793
0.060447193738942674
0.06550645247687419
0.07816933715199126
0.12534588962949064
0.09148893390381656
0.07722681831212391
0.10955758848963258
0.13104011080818107
0.1273916764087841
0.09198279203242862
0.08385351869065891
0.09901192120854976
0.10930037887733865
0.11600756627182622
0.11490297694550641
0.05651553254569109
0.08360884404084307
0.07093659377827125
0.13124952315196403
0.07998982119551848
0.08158424031504229
0.16667875599989418
0.07901597754108595
0.09990144781365759
0.13130234081472697
0.11661982484279382
0.08530769869887073
0.14707169918945884
0.11084009598441824
0.12510995606049802
0.10376108328552676
0.0874866353853064
0.10112458172662972
0.09379870634079304
0.149428032215996
0.10336751250049098
0.09822062411653293
0.10406572925387253
0.09999402076282811
0.07782241072970979
0.1390805793572274
0.12796330751733762
0.0992702026137813
0.06311546740843182
0.08882477823794568
0.12582904270482176
0.14307014374849403
0.08864794379247759
0.07501831651787799
0.15450522569613417
0.10774412385422838
0.09772394709776865
0.10371561177605033
0.14058537414778047
0.11920013407774278
0.08011000297601126
0.036487395434348716
0.1250842332260894
0.11109032835614258
0.11210597282202601
0.10463239933993058
0.09486113470406028
0.08771479519134925
0.10805614183216707
0.03989757268025122
0.09089138065141131
0.1378909458922797
0.060550862867623095
0.057795828113365755
0.09884642271277287
0.11719741718969662
0.08544073432530506
0.11607794088967585
0.12181230684959504
0.08611561708606927
0.11884797998068823
0.11706634020316761
0.14349275955867818
0.07184204267574625
0.09224973092270004
0.09124435437659216
0.08991320962862746
0.18517191989916393
0.09406479175411533
0.10362409650887255
0.07446150707269238
0.07270658548209347
0.11143164960435134
0.11744741311802792
0.10377543387345431
0.1427268449500343
0.1008077103172766
0.09931208410224585
0.13312004090338042
0.11975347925207303
0.12762622173773064
0.11279333909962658
0.10596757739346536
0.10086045418369716
0.16216024068786064
0.15354899523482834
0.06498125515172076
0.1390372531111779
0.05868322134279961
0.08605955242250446
0.09526559853818853
0.07659640700714451
0.05520519748824905
0.1221293588664468
0.05347541263479022
0.06683209488213682
0.08275140918651307
0.14322330612362022
0.07824361000250508
0.1023732172341675
0.07069448676160012
0.12919661017526524
0.11154796470684505
0.10925748915280298
0.08265803209413079
0.13297075889260584
0.06971765911639805
0.055834692631097235
0.08230797154825045
0.08924560155281587
0.06540477487144442
0.14967629502589888
0.04356628136799032
0.0665291705478076
0.1262588966240744
0.0801718627008627
0.0783425189223706
0.10344806752693675
0.08795302457488975
0.14149166305760408
0.20047828575640286
0.1441598076962397
0.07297585043569038
0.11397876398990262
0.056391777516583245
0.08774779819704158
0.10581484993199111
0.11590963020075304
0.1138213908308624
0.08652107244116372
0.06704341672742187
0.036559670792467
0.1528601396556312
0.12186030653664656
0.0993887712197026
0.12640716574718158
0.10390410579903855
0.11096689151839685
0.0987066186202469
0.14056926678535278
0.11877912456971453
0.1420173370096885
0.0822444876961613
0.0908989149372613
0.08239157092768867
0.08038543408167308
0.1198869091130898
0.12481099788141677
0.1434668140532147
0.12242027825091441
0.13518173431331196
0.1524411601630475
0.1438485143302942
0.06584395668603177
0.09829825926314527
0.14831287017694172
0.1042715929250469
0.1420023376673567
0.12926185152165084
0.07203800851015006
0.06233932333436778
0.12250866688494144
0.0911205079879943
0.10181980254703123
0.037272649489057216
0.10925556039873474
0.11868683209230999
0.14539235825445018
0.1038868342732517
0.1225227310856247
0.09040394539293366
0.07085082951165331
0.09309696587910807
0.07494626732251809
0.07745513424856976
0.078448957468469
0.07926488377453993
0.0624011547845928
0.060351075210966276
0.01963589311515214
0.09060347982097647
0.04270338715372355
0.16356358194143364
0.09945104147024138
0.10379258760096528
0.15002898564649275
0.1586542984648373
0.10979246429016622
0.06982015895074406
0.11561470457281015
0.12130565224527878
0.09311436108094678
0.12178970410488707
0.11281663335515212
0.09775508181470284
0.1422907800525727
0.1279465741352929
0.07965231292080228
0.0626103839157635
0.0
0.08529890493094351
0.10396235527607557
0.1541963880560927
0.10170247965567339
0.07564702030091632
0.07339902554211175
0.08481691290997057
0.04736075759981145
0.1103536370292619
0.05723999977463734
0.08260638083868813
0.09083497066710929
0.17107482240524083
0.08502834299433586
0.08879022251082538
0.11284886677130876
0.08647552574608582
0.11501728701509215
0.07594698414238393
0.0946810045015363
0.1023102990077201
0.07821659319466995
0.07868052470228099
0.13243220757684523
0.11254604037332072
0.09357315463411456
0.08076172278602511
0.11650483354378427
0.1048824405990961
0.13049464902561142
0.16446627673545638
0.12123912109812135
0.13895567960703586
0.07663774475287952
0.10508618965380605
0.07392610326543439
0.10835978736512293
0.05384998993575925
0.09630062789012721
0.1371299960513066
0.07582581349403393
0.09420454241676918
0.1481960274653746
0.09076574413588016
0.1182898120688658
0.12006036385585336
0.16151084541679037
0.09590825442470872
0.10896960869226767
0.10953296514233354
0.11320638020659332
0.0779651091337656
0.10979031740013204
0.09057886078648068
0.06273108727093293
0.05023160534343427
0.05910644944448704
0.08541440526223698
0.1135100901691635
0.06520398288419471
0.07217023064588886
0.07311287890696481
0.12617479793525993
0.1389598812958832
0.06651198091321395
0.10014044533648132
0.05255029259020943
0.13906305571489136
0.1262572920322118
0.07551681487823368
0.10290202287184728
0.15554028858628352
0.08592441125982085
0.09189891303318884
0.07432895900705198
0.10381610992939541
0.10222402653721026
0.1341594150291856
0.09236861968249124
0.08881202615142299
0.12472609534275306
0.09216189261658557
0.081431151674566
0.09513852351176307
0.07783686244103763
0.12201536805542178
0.10243615712726949
0.07181966231654327
0.11397104359288387
0.10822157275361972
0.15181054779219416
0.1250223222918183
0.08232072899793451
0.10661596463907701
0.07250726651602875
0.12962090618507113
0.1697801487502937
0.049969763148378525
0.12444999758969857
0.08333219484083841
0.0746937331815719
0.10604365723613485
0.13886780514336938
0.11285435408516502
0.0889852267432184
0.0875340988987609
0.10872552405502177
0.14144975996837592
0.09216002459079219
0.10134115467168521
0.15173785887113783
0.11656152054168821
0.15890648305515984
0.14574984008788208
0.11196374786615124
0.008138582598249455
0.10957157528234884
0.09215029103613083
0.083247087197255
0.11238187492653041
0.08211885143533827
0.09525242308254407
0.15172267237595802
0.07914035931498589
0.1056988989904312
0.0852731012859317
0.1384742731707316
0.07912554316355294
0.1362302729341029
0.11442305466592904
0.08791147567157825
0.09815760193510792
0.10860982814960571
0.07612494673119688
0.03141121262512335
0.05947306024301363
0.062357841398049965
0.07236449075792559
0.12888251091467828
0.07001854390209829
0.19621793038166363
0.09182314151838963
0.12773457411777286
0.0517951724050673
0.12317479971106271
0.08376556666220392
0.08214188141864898
0.10576251948359572
0.10303959020581124
0.13253836818144052
0.10309447669261645
0.11031865156353117
0.1263857581893458
0.030180672509657044
0.10140625525943844
0.11779521865135488
0.06440051900360697
0.061786217409068145
0.11447045125929897
0.09422357653372171
0.05115709004841366
0.10778024968668792
0.08124752226647936
0.12260595300565558
0.08371750950501658
0.11412046263153797
0.13344415786478359
0.10855738211346272
0.09329756951999321
0.09629423973311028
0.1151963403282951
0.09219618173385732
0.07851255593579867
0.08680895154216187
0.10709723790052335
0.13618665706743296
0.09736956015726661
0.1355714930008546
0.14638995644436437
0.12441237462044837
0.13258060554417364
0.09074810174317981
0.10366367935361302
0.04342757610949911
0.07349983817037291
0.08711896639854326
0.09198919348223356
0.08141104520016612
0.14908402102590124
0.08929150207020635
0.140965665179283
0.10486716928545772
0.06358236821524374
0.11011955264683247
0.133782855619616
0.08085902132445147
0.13191391070979896
0.10417216046290481
0.09083064693281162
0.08346798015011182
0.1038060080642094
0.09256665539975101
0.11998668054552117
0.05111977950719163
0.12217641142973143
0.15508208427663836
0.12977643106904824
0.10443995564401723
0.06326798771124957
0.1457581965441268
0.020129703309777494
0.11718094102889787
0.1342355319443562
0.1446780849113404
0.11257081169941646
0.12107739160148064
0.07703362645810599
0.028275281377934627
0.07869203164529101
0.132341945286234
0.03979831584956656
0.14492327706611194
0.14505079154552353
0.09078756187055692
0.07872619921502143
0.057835992979232025
0.1575482230020819
0.16330026863840885
0.10696917801105606
0.12455105680179333
0.09072417652301995
0.11570055505619989
0.07449495605543636
0.06179696471672699
0.10583925628515875
0.1320829248768946
0.11846259366874196
0.023035783595884693
0.08040656716410388
0.09028274174383416
0.11206123762602946
0.1345027635268653
0.10840794434271649
0.06369853508387002
0.07965831475966273
0.12986941658050677
0.144024727298631
0.10528290628855624
0.11509912500882996
0.027634205925545635
0.08081737552768872
0.07892723251235308
0.11985572100294589
0.10862457300233767
0.052870879358159824
0.08054509435809502
0.06490536738353053
0.13726970882718925
0.08920547323347554
0.1280717899134792
0.09167381171606251
0.10049541632582426
0.10403696861815512
0.07910733374553744
0.06378671065361144
0.12211608885517639
0.05745424726441639
0.11704654772119986
0.08239203864682748
0.09175343988429707
0.048386811619326404
0.09792806365784143
0.15352717976027183
0.06013268874203866
0.08068051739364268
0.13104827771936278
0.06621352401048008
0.1826478480073152
0.043003739920387474
0.029784211852896564
0.1288148402681437
0.03366563877244125
0.08988529193417631
0.07783707105757307
0.1384076220104406
0.1021050314842674
0.07930162826951731
0.11647435367043811
0.11046710892238948
0.08565039862192711
0.11541936461465163
0.09989649786424004
0.04079461109432253
0.03573749528355624
0.09521605495853674
0.08785467750049494
0.12246850246858969
0.14325161645501938
0.13762458695225332
0.09704953208588293
0.12550611780879667
0.12355197025019643
0.17371832644580426
0.04438262437855146
0.10675171009514968
0.09838814652602736
0.14428183878447992
0.15311741794334488
0.09776693309243156
0.053977398625699946
0.0809105559475432
0.06050033159451908
0.12472486281683834
0.08677265308930081
0.08383546351707165
0.09601842505836736
0.1339271293332917
0.10568426383883599
0.1038050887299232
0.11523934632657457
0.08130234826459506
0.084947582794957
0.0945401386076396
0.10824707401730749
0.09234574583218931
0.11565634160499949
0.11041684028230461
0.12955897916465778
0.0706585491634477
0.08314589120473036
0.08311465031743945
0.12263352876946917
0.16821882453994288
0.08857398956384714
0.1479132939687942
0.09373873397729887
0.14367876400078755
0.11368389489945802
0.0930677541193263
0.11349604442436755
0.13860816509654336
0.06482361740458378
0.05728544263028735
0.1320246031663522
0.05179775688160004
0.09042183305549689
0.07001974818055048
0.02086380454240286
0.08999264951502028
0.07788976618455909
0.13329037031333374
0.12532831965174185
0.055137974431323115
0.06867222999983043
0.11248622942378676
0.0900763298934609
0.0815859904525487
0.13740596251394407
0.13091125431029835
0.15272453029143698
0.08758570289971111
0.11486090721586012
0.13383924742047296
0.06924374080809981
0.10427055023055715
0.07809545193282501
0.11176976462104123
0.09797270635158865
0.14399792952521145
0.07361009121061488
0.0382134756509757
0.21247348525508625
0.07556049117945977
0.05939626390100674
0.1364546450637108
0.1527693177085226
0.06564931679592978
0.18250610765535988
0.10190377793905098
0.07815565254562748
0.14801756276392172
0.11066822953068312
0.09788241721825525
0.10154444042513265
0.10383579644472661
0.12320636488281264
0.14368018543378117
0.11531566019896308
0.09172979405638061
0.023309156066068856
0.08910262857670884
0.1316579191429164
0.146196755066559
0.1221130535045601
0.14039245522124333
0.07890864085456828
0.05453671929017944
0.0973055028597942
0.13221655369323437
0.12675994081702063
0.09067264505530839
0.10786632351566583
0.13264841028783442
0.11133967482384409
0.11468291870775044
0.12581153039402462
0.03731169217978102
0.11744410596405568
0.07752274374977716
0.05808112584582615
0.08905812944276627
0.1254036801316468
0.07144975194133524
0.08961403749743647
0.054181629559035945
0.1225691974368814
0.0629616449707524
0.10738558055960933
0.0983888998845646
0.05476210250910965
0.0732025226757685
0.08411867946073161
0.10487982511065447
0.08204471669295564
0.09922013503939289
0.070580903993162
0.05716350971178058
0.07702577317013809
0.13116624938996213
0.09776018558309729
0.07645012490541529
0.08827213725049143
0.11895620769646972
0.12254010959095643
0.11171459781480411
0.10815151318275602
0.09940300326693678
0.06640794483258392
0.0946419108338696
0.07750759379321812
0.12150549166914623
0.05356510083428394
0.07583282281939521
0.11562537006311682
0.10012720203819664
0.08930656397191539
0.0781211101633387
0.1211882174414799
0.030273604473862403
0.018590325566943636
0.05203763060069491
0.09134305669904147
0.10414296632654288
0.12182537856911918
0.09538894791631149
0.13148840394676128
0.11316025785484932
0.10503137583335893
0.10855910735929952
0.0841506893767215
0.14244074618188385
0.05079627718302121
0.08377319887022333
0.04570379875121112
0.07664092235502598
0.08803319635661694
0.1028885436756387
0.07466536783836286
0.07124550183385604
0.07565180169954326
0.04675758295116711
0.0775720442147741
0.039968110840490144
0.16598841648743035
0.10498245228863061
0.1154603070918569
0.07123067854453215
0.11787165850628044
0.10853167560100944
0.0744431402843804
0.12961489448463764
0.10785586752928997
0.12233486406491992
0.11983172425460117
0.10313604444497095
0.08093658945334364
0.09907866895397024
0.08046049043993309
0.09694773270761822
0.12380128459670225
0.12212160637699851
0.10529447891956131
0.12843160698337122
0.11503972199603897
0.0265095995472749
0.08518029803830002
0.08731804433726603
0.09895150497988348
0.037096377669910086
0.09268108399629006
0.1375682329733731
0.08851708645762554
0.05268287262414822
0.07416976970663985
0.15192268204931467
0.09114892553476171
0.10135250045058661
0.09480895957523187
0.06368451069865366
0.10263155228990205
0.10174472874743905
0.09070067119976027
0.10812337535691273
0.06003791030723152
0.11067152120933918
0.12935850718218048
0.12695290700370052
0.09545541892275487
0.14030586653490199
0.1284272604272488
0.046160507029391055
0.12127670970968735
0.15461179068409686
0.06446507737635941
0.08865852141530473
0.14868098240239436
0.0825008475412925
0.06647250731562607
0.09966758050826466
0.09804099945933129
0.13285453021584523
0.07299353225350275
0.12182827452594787
0.09166154179692737
0.1487621657666216
0.08522850654262748
0.09641468079361754
0.14801589496382295
0.10532118999901835
0.04195218972232073
0.10824917989605293
0.041140305519221786
0.08520099590178336
0.06232762041080914
0.10289759725657116
0.12078178005990645
0.13437053151083067
0.09610857867572753
0.11861982174683755
0.08539981534046162
0.11231790111295738
0.1087600344894623
0.08049136530903889
0.08389321071670945
0.06881434964379254
0.10156231937615129
0.06703892623083696
0.1167893181048997
0.07557154872897329
0.07785299920424232
0.09501829635501512
0.05727879278621576
0.08726161320088509
0.08740793390249242
0.11355898597207209
0.09434405123097211
0.09701887180556663
0.17862281790406923
0.04948378418927117
0.1427374270257326
0.05201308130136225
0.06964695199822439
0.12936409775281646
0.11778513109099759
0.11363255701159612
0.07565832659591176
0.14811294606776854
0.09593448056613987
0.12743368202850563
0.1034596604882162
0.07855938662552674
0.13998983515967472
0.1880046770084798
0.09651798455105996
0.0969040246830685
0.10016696226462064
0.07932448529719764
0.12881868270162633
0.13661569548958752
0.1067283779835882
0.09744920019062087
0.09315948330242213
0.08669670476489973
0.04920230449198109
0.10368160635117005
0.09366518931078796
0.1393709099547959
0.08545400691929589
0.0516876762779326
0.11235487435216564
0.11048007273098692
0.08820856483446904
0.07048942386072561
0.1027928329392152
0.10445206474758763
0.05136485177166666
0.1362464893368652
0.10349127991063456
0.05538625869188186
0.15860930248553634
0.09447567097638518
0.11413314460792753
0.1338578077371195
0.07286864294444763
0.06993536777536936
0.15718020514806483
0.08571109536880762
0.10312944067152295
0.08179223535426064
0.09073187908083385
0.0893240238992777
0.12380214244951583
0.08038295838639273
0.09742811964272922
0.052220947493510465
0.13581047611706779
0.10861587549816591
0.14206285018291775
0.12096933475647062
0.047452157105025185
0.12089843038209874
0.12000393151963706
0.07866208713452962
0.14393523995993643
0.0349851597079994
0.06314655628000879
0.11164987820953803
0.14007417574271752
0.1971937633882937
0.13711383530782117
0.12025345330253817
0.07226510182549702
0.1530833335159987
0.10697347227057787
0.10526611772092667
0.13237570783357538
0.11479745305530488
0.03150127317792366
0.13072131891345323
0.10342373879314984
0.16572228038451334
0.08988103897585811
0.08111875778116819
0.1495703854780695
0.07480034697615798
0.0960232466038801
0.08140500486394942
0.12826950233360623
0.09149702918808683
0.11651328002728954
0.04565559454531292
0.08610377328581226
0.09431808566378207
0.09647410388083082
0.10084998837567664
0.11516362198091679
0.08571852073346745
0.08068586870821849
0.08613785755085972
0.14401067080913077
0.09815114850181493
0.11241667612275823
0.13312469317069958
0.06966822054852155
0.09779873995157039
0.07280612361798186
0.08669183542682792
0.08177820790135633
0.13583667986904827
0.08419191802466645
0.12876550951992377
0.0834217996041374
0.11404270326808702
0.07344773050130878
0.03648394242492149
0.10834665239613969
0.15371968303006367
0.11214415070344416
0.1347588626306952
0.12416750646291533
0.10252832305397655
0.05527819522435688
0.0749601082888033
0.05343960436895267
0.1005920782040094
0.06627259598031063
0.13451449074791663
0.11157709801815298
0.028416490922317503
0.08927302732658425
0.0818331219856391
0.04798626135662089
0.09239889721153417
0.10367791979922533
0.11977609831156046
0.10427855059089554
0.11737909363214938
0.08002920837985814
0.1281751622749791
0.1451240154267345
0.0917715210183945
0.10170396831509071
0.07514766898067063
0.16121337942366676
0.1321181911729225
0.12390760000675596
0.09119138966274361
0.056286475905870596
0.09943589503574962
0.11020117671390275
0.1110400221067279
0.07757678394674786
0.0990858718218497
0.0636176037408594
0.12102759221185282
0.11058733054720958
0.10188860372974738
0.11342547580919177
0.06286604453407996
0.1023777973302185
0.12026728031863515
0.12261789010243228
0.12132006990531478
0.09665951849435168
0.08517069085130503
0.09977545218901376
0.13563059922144802
0.08859633745348489
0.14478377928598152
0.12085944947014943
0.09831530351077493
0.08807858542911014
0.06336478531363457
0.09118850453626279
0.10600981666147237
0.163354792828172
0.0781933359973344
0.10986593790927145
0.08297757335837658
0.09370928113294762
0.12919584571562942
0.08778180706565195
0.1014558206753429
0.0521809179096207
0.11972078204350163
0.05427253050588692
0.11652062600373139
0.16879927443555304
0.11419778638880292
0.048465586200224384
0.1317334964208057
0.06577027553119873
0.11530841936096999
0.0910826400726208
0.07007783117140617
0.09868057136402025
0.09149041628660605
0.11269521229747442
0.10797607284159295
0.12426199701559364
0.08933389729058416
0.1614973037771343
0.05723168525621297
0.12227391476839654
0.0626763571904787
0.09591483024941531
0.06667580572099932
0.08396130973150692
0.09439713140357417
0.1568046188669393
0.10045021516027489
0.09947402111843037
0.1413787589434296
0.11566463513495309
0.06277875092872477
0.07932803362325883
0.108796980921149
0.11111561223027214
0.09976344878851655
0.052972196345193685
0.1070476268347536
0.14310401331840306
0.01701278373315622
0.10933065372419304
0.11007301365860678
0.15269874099830477
0.10592952513147305
0.06815799469928098
0.10994782425605609
0.10981103491526215
0.12928682335832611
0.09527924116824958
0.09461554309690588
0.11709814196805937
0.10485020643248137
0.07815427354080585
0.16408308432139218
0.09163971387609882
0.09192219139270368
0.1060242690704367
0.11901945042520447
0.10392866182925634
0.1374238251242647
0.08552520339027908
0.0898815977548029
0.08591840449667124
0.13643642806122938
0.07874027290462515
0.10468792955982274
0.0421385378953083
0.13701112392299875
0.10806425955052443
0.09850002005536578
0.15496444382978986
0.06238186579458729
0.1604049241509858
0.08876107065721202
0.06515635075609527
0.04996681208798934
0.12737292227838065
0.07428807655884777
0.10094638779933549
0.08405288955994289
0.1360107103843221
0.11719220927985553
0.13893207429392065
0.08901915883662014
0.08449410665259334
0.11317040973318539
0.11050714233483094
0.10664047217675182
0.09412065856878553
0.15106135424202044
0.12753746761367357
0.07438548973449206
0.08413441833171668
0.06219102510109373
0.10183961169301042
0.06805002495379388
0.12286868833032315
0.06019604083752708
0.009970433737719442
0.08526030648980185
0.08437254113839238
0.058839795586997944
0.06481778680747886
0.07694271068022521
0.12087050597938798
0.12336881408177254
0.16541149377294623
0.15475906571675657
0.05024098789700834
0.06605811491716329
0.08707517129019698
0.10997485378919591
0.07906063236323677
0.10104548961783316
0.09036215666611938
0.10689039072235794
0.13514830319615928
0.09854150310825772
0.06332576199500342
0.11324255080764417
0.1211311146507575
0.06343966642890264
0.11069184257567657
0.06638187644349396
0.1415695852641472
0.10071576106321813
0.11913100799876508
0.03037531855102933
0.07127531889123316
0.11861233468398785
0.07789126782620397
0.09077879441915492
0.12338489092793474
0.0705337836832705
0.11790659152963374
0.11476818263034959
0.11758455745391178
0.08267111512780936
0.1009988290520229
0.1223128136825378
0.06952487156451881
0.128408854729437
0.0472333928299314
0.06812540631386341
0.08594233095807811
0.1100237728326452
0.10257944926142061
0.08964867375633861
0.1117670208576929
0.13879502638439922
0.0952595256515605
0.14274295160752717
0.12478567559220723
0.10061723300793152
0.1072679847090711
0.12341433128406251
0.10270590715511416
0.10022502128390016
0.05771327673666335
0.06027709109207891
0.053940642853294564
0.08787073195176742
0.07767649631277779
0.11532019938770409
0.075785250724988
0.1160122774787526
0.07581341010707009
0.0745872874273149
0.0801185362970063
0.11474973428412696
0.13661797469848247
0.03531166636786816
0.11963870367004092
0.13650758476711597
0.13833391566162134
0.11513519448282322
0.12582917092940527
0.15652500100860514
0.05183009409101006
0.06835658436346281
0.11681926684399692
0.0757703435312057
0.13396318414624023
0.08927479665867014
0.09668080280310651
0.07593268350111106
0.09709581594359737
0.08223630219314064
0.10347623322403798
0.09642330223791049
0.09521807847324053
0.07050059785765271
0.14651150492840503
0.09261790019793946
0.09035368124012437
0.1513500969845213
0.10324547912230901
0.14814591865772292
0.10894048898519187
0.10881274170195956
0.1380668338982339
0.1078795874820097
0.11358881512241163
0.09922091683721324
0.11584759399068563
0.12156005538323973
0.12526346693997617
0.12872916347668928
0.12212881853090524
0.08706157205146087
0.1052146460123725
0.049712914771572116
0.11405615038972201
0.08142676114605873
0.09874806503657968
0.11144891819316292
0.10123971750344293
0.09295460596831262
0.1149145534624749
0.14942294548567225
0.12001280315794284
0.09382078691113195
0.11582134795146129
0.10748104116639107
0.09558132336030767
0.10468284646979681
0.07441326790615325
0.13289379585918998
0.10680758695459557
0.055982415297863325
0.08781743249916578
0.10474934489939365
0.15474175756107827
0.11273467929033665
0.08451987364768564
0.10499004620103457
0.06595782428076011
0.07526525762551305
0.0919698513575056
0.08689347391523546
0.05738473602177469
0.09579692729370141
0.07540555162270508
0.07259443692408254
0.08646335523918883
0.0411134085616746
0.0520160613646505
0.14149270301853112
0.1210895845992853
0.14352644478095486
0.11210653931772258
0.06606740716722852
0.07996915684573297
0.06009097215633318
0.12979528607145233
0.11905212323464717
0.06860750196551016
0.1711990045112497
0.0583936395436282
0.06691522748029911
0.13143074239674488
0.10531288549328043
0.07260352211332834
0.14727241946149416
0.10261365037206509
0.10280993994070757
0.11331243529299426
0.0663890449317896
0.13243384122394808
0.07892128726669091
0.10785471047882186
0.11235071230992649
0.11662552693517522
0.13185464275021808
0.14376221159484637
0.052652502287284124
0.1316274567509377
0.0405052330062786
0.07656421695065818
0.10801178859862905
0.09410705762782648
0.10855029993752925
0.11965085194391228
0.04646294539149988
0.10941341712765891
0.08271646239735904
0.10592312796529871
0.10931087912677026
0.11776674872085768
0.09318886360195874
0.16746812144951556
0.1332854875246224
0.048877256217727906
0.11183357699968297
0.16835306296451408
0.09137762678075423
0.10681172761557692
0.12397794283084
0.1306076912992076
0.09453697375757066
0.0943582413725738
0.13241704111228406
0.0813866065535998
0.04872741009475455
0.14071813974373265
0.06550764615819957
0.09703584509589229
0.08266944889391152
0.11022740233166567
0.06577090962182672
0.12482118144975794
0.11220532235500305
0.07716607959142127
0.10690406812527267
0.04814890338467881
0.08113177684240311
0.1263197561610469
0.1496534315866085
0.12669522465090935
0.0940868184681138
0.07851034024433282
0.09248501960260119
0.06879135750655235
0.09304475223117362
0.03722152963483975
0.0854332867626868
0.17713057383265468
0.15262730386978335
0.03534488792896996
0.08919023344753349
0.13128006672196108
0.09011113590042302
0.07749284882592117
0.0943284335283845
0.11901302925693813
0.08197258670690077
0.1610376061732623
0.12109324918488325
0.07798549585443607
0.12310043064750824
0.08024738556458857
0.10685861329549742
0.0897226526153985
0.10642711046615749
0.05278170229102868
0.12982443016046596
0.1113077288184677
0.12401966528801232
0.06962219236003919
0.08528242625738407
0.04945422705021727
0.08232820822499323
0.11868711994634662
0.10242075765309264
0.0759976581694603
0.11157014017917377
0.13107409589133814
0.08649186182002089
0.11779570775167073
0.11864114598634229
0.07977311474196608
0.06770173203338675
0.05396649356634293
0.07145802918105897
0.07717894142386875
0.08873073377702786
0.05600437846685602
0.09750586459241074
0.09971613229750957
0.1107849698552675
0.013123544824441918
0.07127625580573946
0.10715092146465777
0.06207233249058531
0.13864397222963992
0.10483858796102968
0.10013119610515185
0.08924223558719217
0.06426189882884492
0.12516932343918283
0.11620453973214091
0.14722121039872438
0.06687995207906766
0.13283627312743998
0.14801848608569268
0.07724208112463889
0.08719050781547116
0.10566506544655652
0.10857363838922707
0.11841897144360221
0.16361112748800977
0.10008540962436646
0.0866123580223567
0.11350677790924193
0.06115142648788815
0.10735420143065443
0.1129501206044813
0.09903308289974039
0.022942818445861546
0.15708525143192262
0.0944114627892362
0.08801887087586772
0.09052348566894444
0.03358646146578939
0.12514026147954524
0.16404873789024993
0.11105363715549077
0.07626364037983133
0.12419979716483043
0.08482070011710269
0.1277780877608773
0.14504288234935828
0.19211720158973422
0.09009458024091635
0.08974672699983077
0.07036573231240154
0.09580524286679927
0.12435052181452766
0.08381120882693596
0.08261150868857964
0.08929500206835325
0.08776028949186647
0.04754034993911853
0.13914251962563803
0.05946307494412982
0.0333089353705516
0.09527032313393953
0.13028396364188063
0.11093353608623238
0.09311317546965993
0.10591718105930246
0.14126436871091047
0.08311695656345122
0.09257054895457864
0.10824163735751012
0.11900427829307267
0.09571916592765276
0.12790915855808702
0.10317528673388596
0.11356060302478624
0.09528501752996256
0.11191155816735411
0.12833991070483516
0.10485762735630207
0.13259992281703548
0.09913073087476654
0.12259084776040924
0.13462482411229373
0.12850702958256788
0.08478613933459099
0.09164874364548532
0.15540460024135705
0.12834452972549198
0.0829390246381677
0.11567996023147174
0.07457164814312965
0.1776379618657847
0.08521014659160907
0.12351493816609749
0.098664460753051
0.11035762159828157
0.1385598239848861
0.13691756453560322
0.09703921986854075
0.06251415058252317
0.10566820922626655
0.09782978864663296
0.14774319363381694
0.10234010909409735
0.10607923477116107
0.07403274924372082
0.04902987402302612
0.10141837821935684
0.10332162215866697
0.1654256647800927
0.057556195773781925
0.10507461009010632
0.0959510139070341
0.08035946688668438
0.10840198239673808
0.06320817929631933
0.09046792846811363
0.07574235169554172
0.14408653299726554
0.14869130476306155
0.08454085042898585
0.07026218683900808
0.04414175170419217
0.11179537021818907
0.07632022653316237
0.11910626960980313
0.11330433735017287
0.08926481730058206
0.09086629088418241
0.1493003837539184
0.06680298343665207
0.10618549520121705
0.04676619341476357
0.0916413803445974
0.07843316174837345
0.05838014753902171
0.053869670398837395
0.07805180527872844
0.08468073843063362
0.11515550643071061
0.10837794657263654
0.07384044240027098
0.06418198742205167
0.10681156132018275
0.08307600435734465
0.12558637304006207
0.10794920026720363
0.09443718046036088
0.09686895731597264
0.05750747056326562
0.0362990005855995
0.11684969278046636
0.09224416562871601
0.10954812033932398
0.1400779807870235
0.06672125822726083
0.07514373647982386
0.07962708008285901
0.09744908673399358
0.1183885685716357
0.08415542519987265
0.11440212774962431
0.12080901051995718
0.13568626512024626
0.11998598695477786
0.1434337861873001
0.12300663125306815
0.07831521919430687
0.0859975898375989
0.08280404224585164
0.07258815385937392
0.07756019763209823
0.07601861627762553
0.10715702696685533
0.16350402567844102
0.0709486731683
0.10749744960992003
0.15114859443975315
0.06240686375264492
0.0687384828846372
0.07415680899557625
0.08915177194029585
0.0705920236792994
0.12027623966791609
0.11101589382694015
0.12272398382025301
0.06697968632841626
0.12823044071188594
0.1226491914489172
0.11653731926373527
0.09099440457146904
0.12231347501941395
0.060289657590423075
0.08975952476941965
0.08104672992632023
0.1177707664685167
0.11056744111358521
0.0906463505756373
0.04011987975680253
0.10243072821679278
0.1462076561612839
0.08132399614767703
0.04478656801179537
0.12676990134576777
0.1245783214837714
0.1073617617577336
0.08446352745452915
0.11728920509080272
0.12162950623020927
0.07618575418918302
0.0668552946783518
0.11427857776991546
0.08532619675137466
0.0640284743098922
0.0929216136647866
0.05485926760852966
0.054914781968070855
0.16102746106361895
0.10865956018979032
0.07869496930558058
0.1304131258434013
0.07596932506846044
0.09759155971645597
0.08050371910440432
0.12394752026469748
0.09032823233702564
0.08254340458454337
0.1787238089124913
0.09897753408541543
0.1059648426279209
0.15740737768577623
0.09220289344563656
0.07465252587624864
0.06819175472556703
0.09295642392828837
0.10805205841313395
0.12681826416585973
0.15214703709978578
0.10522093751762025
0.0894578043010364
0.10140423996509895
0.04294200653785858
0.05828874234676231
0.07739475275679773
0.07489900273617162
0.10629144276638544
0.11105488653230063
0.11481686010219534
0.0738295776738907
0.09630027213526969
0.0947008821157776
0.12488302331367385
0.09658044999419733
0.10936039367122788
0.07365669445338927
0.12479448206335535
0.13798833785385678
0.14563236471855023
0.13352514136619287
0.06688933116114681
0.07024677808645946
0.030893263489205666
0.07627976011835957
0.08773036672820492
0.09309948211765903
0.09690427192421526
0.09763398524140428
0.08432498263924812
0.05187166017303465
0.09974132507418136
0.09596334007766975
0.0520327818333917
0.13163926073956933
0.062257101207273936
0.11287683797516773
0.11356089229611842
0.050086553992602874
0.11966475294429098
0.08015908971087247
0.025255347208897924
0.0972941200322487
0.12832401643145322
0.11157026985498013
0.0702832865395839
0.11190378139967153
0.07235286385880894
0.08582199916486202
0.04535312800861895
0.13933147305672125
0.16971531665845493
0.11082265589852683
0.09648494612868963
0.057710395100943786
0.09773577043855262
0.11991781631272419
0.11628073210613663
0.0712701226999484
0.09855027389552432
0.08749009897536578
0.07589027640374466
0.12058060598893754
0.1085498543955788
0.12688144792475664
0.08716035987523124
0.07468520374920973
0.11775158212050743
0.10803234046387909
0.12515050787717072
0.11380468939147903
0.13349585960960803
0.09668694415570984
0.16923501719040834
0.11867767650292183
0.07401731896690697
0.11046741593836602
0.0905673363767011
0.09514853876928636
0.07162498141461737
0.11986115599623541
0.15676538581804486
0.06412573157906168
0.0798166306724123
0.12373933125971534
0.10292657717107769
0.09488226882387797
0.10154532192624716
0.15773107534815847
0.0648403184443177
0.09677881098091431
0.1394610114624828
0.09422550951141932
0.08053122296005705
0.06937542807477066
0.07259139287307467
0.08083734652676264
0.11702948779346184
0.08481286688210667
0.10399683135689387
0.11372949440557169
0.13239547283547515
0.09380591095513093
0.11599331783856417
0.11620801429960104
0.06647622519240885
0.1306877489632701
0.11533936129029441
0.1075455867716107
0.11253967710310787
0.07475699539977293
0.09669084029318163
0.0933544746580549
0.06131924885240941
0.07700328428320279
0.033509829428718066
0.12846436083392473
0.06069373832503134
0.08662878019534483
0.09480830089693602
0.07396622180386583
0.104538412006515
0.069582019030813
0.10904139103666692
0.11124688082434141
0.02968716158967076
0.08254677067914887
0.09325710937546927
0.0788791219283918
0.06251690393684453
0.09355793124293375
0.09659064710586933
0.08265325337716983
0.09960757380271454
0.09819924382424926
0.08349786742671991
0.09693183858281224
0.1098560119497024
0.12436349755152372
0.13408208867955634
0.0644254071474815
0.13729552129964365
0.11235708824146856
0.06465150954294113
0.05238991041985009
0.10496200398095194
0.09130584014241619
0.0487322409419108
0.12113271533881903
0.0953340632070189
0.02702646337563136
0.081804846006981
0.050767841210205125
0.0978005624415082
0.08942505941887605
0.12214099540583577
0.10705378303921183
0.07890961344947779
0.10112257147635856
0.0824900875000732
0.11034111515108855
0.12976041333489569
0.08982301410748435
0.10357829389964406
0.09984173773792202
0.10827236638895078
0.06643302762444676
0.18251031525645017
0.12140607465638506
0.04636005296377437
0.0695620131322863
0.08323601063705037
0.06516947082406105
0.09100859127199937
0.13725578288297693
0.08290225639926037
0.06223787819557058
0.12338886440935032
0.16552134140585922
0.07991968193655702
0.16341948518505683
0.09135806398084456
0.0675106002169581
0.11959917111570517
0.10847721441190564
0.09674973233361174
0.0790307276152033
0.12075079954521696
0.06899756584187518
0.06507379741360339
0.054177212358791825
0.07797388831905958
0.075724104081007
0.12618268673528554
0.10296342034036955
0.052789175446137405
0.09258731983106841
0.08540563270304986
0.1025571616366583
0.08791311980218058
0.08399333355217735
0.14665507268935063
0.1405340265946898
0.12015044311213162
0.1181505742198153
0.06653261144634096
0.12603041290631
0.1491431228807445
0.08465153225741583
0.023201752414579807
0.0530755638005445
0.06355344282312714
0.09280358643255528
0.12233595096972738
0.07676868848989714
0.08835354651303509
0.14460981090878913
0.04946798578332395
0.10077690678737763
0.1045450064459528
0.09639529132821102
0.06849201008904245
0.11559154271163949
0.13248974418103926
0.12473801176754323
0.12758696349120544
0.1378918428354404
0.0736300522244583
0.08262540887183258
0.09939629938149243
0.15402352802869962
0.08662608700301491
0.1140402611876012
0.06968076140709932
0.07947962705866937
0.14341344323378064
0.10191346611792941
0.08872487885907535
0.11795959034310186
0.13471110063746755
0.14556058699209223
0.10441377397060611
0.08028506468901321
0.08005132412101774
0.128311924905588
0.10321144432305152
0.15425220286313657
0.10019657011566051
0.10679263544854498
0.09257593169937285
0.11765613305046388
0.1249777977721865
0.1619556210723363
0.07507465829504019
0.1305620171473359
0.07211721059422387
0.13262428820070069
0.09405981156730252
0.0667801639043081
0.10200885541638342
0.08232780591111924
0.06991665591322985
0.04393476388842859
0.06419429298246855
0.07424788096191853
0.10376905918180569
0.06388905269175651
0.09530059609016653
0.11513173917823423
0.1325554059720509
0.12847822080724888
0.1687403138043263
0.06657469837211345
0.12356675529482464
0.08064680588546143
0.15319960981371
0.07496523221285896
0.1524217660502561
0.14734348458021843
0.05732693583252323
0.03425760444132411
0.10959882496584741
0.06687916833411034
0.09018665494883198
0.08102750937757881
0.07062759673428616
0.1351238342983772
0.09604899095511454
0.08280820268982948
0.09217772061235556
0.11687208957625583
0.05553222412577832
0.08086457175705689
0.10787949621609406
0.0845673223801874
0.04933728408376858
0.07849689727591863
0.10519229864953693
0.13946468230089581
0.11660207943415295
0.12645099763215376
0.13112793407255235
0.08344837929335801
0.07147732831130812
0.1765853856548429
0.09817715418442645
0.08400108955626245
0.08453306321853257
0.08146173976584246
0.0847575169333114
0.07579615073861487
0.1021345141505711
0.08340493490911852
0.06311907964085921
0.1156715351530242
0.027855070610465202
0.06654521547526866
0.1270070523361525
0.14926453712343013
0.09807138339837546
0.13204037732406582
0.09037351715105134
0.10895999753558512
0.12198613989792646
0.04443078315513571
0.13502160524398535
0.09662157855797616
0.09844651844779079
0.09644858194607835
0.13759090800573331
0.04759038821170244
0.08658113229936595
0.11199962763006896
0.10201629983276503
0.11688280300943432
0.05956652335660308
0.0857233106798272
0.04666629804200151
0.10532311354674712
0.18807726443750708
0.10665730212157556
0.11494103649703899
0.09065147010004354
0.08928044613491205
0.1227508510542153
0.10154033500971041
0.12874683250922286
0.12377531315660367
0.05391915623556146
0.15084240621861136
0.08828323985923674
0.1272461493286828
0.13875236689384624
0.11386663592088492
0.10043826332606061
0.10325207913518997
0.11556188666029274
0.09159896833072301
0.06720391614258478
0.1113932601917513
0.07697203333723665
0.06214310855566676
0.11190177918710764
0.09862958691887834
0.08366178883693308
0.11932987536684711
0.03973929123748163
0.0695654832499117
0.060975382861923416
0.08230261005615203
0.09835739384587136
0.14418182085380027
0.04779137909748174
0.07938904641911876
0.1034072659289666
0.06923781139451747
0.15227037699488397
0.060966026402347474
0.0681855288032546
0.07430585201940376
0.04291581127838054
0.12873929033830253
0.07508475750027524
0.11418668176771696
0.14866282443573772
0.10562461629163354
0.10454109275136074
0.12509909947384956
0.15457425885921233
0.11332717107180361
0.0882220892566215
0.1559632858095068
0.03154731913921313
0.10773156416367129
0.1323300496703112
0.039060906528353964
0.07216996495110078
0.08686008691331892
0.11802166322304136
0.1778004277220365
0.09956744137674427
0.10217433969877299
0.08941467250894963
0.08681632136469047
0.07257247100656239
0.04144833281776056
0.10034776904083817
0.11050462969913936
0.08264086974988981
0.02955143289374776
0.10960746319202787
0.06162430770931238
0.13111564023683778
0.07090096596763606
0.02931399099653162
0.08718076526826883
0.12564744575049547
0.11878527958750439
0.0892609487043444
0.10127858939122393
0.13307403160560266
0.12635512423997167
0.10603646556392815
0.08601802962286295
0.08914402483248944
0.14390123007529732
0.1344067128376357
0.09224945000757323
0.11455491602677723
0.15101171845594238
0.0886964279584041
0.11570707965115795
0.12034247589788998
0.0817507460003767
0.07296745752306025
0.0702222502850553
0.08562951045034421
0.12645737727135273
0.0455683186189624
0.10135854948468928
0.18277169587885556
0.08726673864137097
0.10852034458448113
0.0896998948355949
0.09952746466118344
0.06374757373744788
0.1083158939369057
0.1107400285241596
0.13764562905207947
0.11621016633950021
0.11160820754271944
0.12079959611440873
0.10521070088735096
0.17149755278886902
0.07548774951055633
0.10670760258601993
0.0711964757155856
0.11705496052045875
0.1137643248451861
0.1011306918050131
0.13793159748850084
0.1336185752493323
0.12590925798448613
0.1324925498972314
0.1110489050522053
0.15715381999137604
0.13241996424290117
0.09091909945203788
0.10025912105568968
0.08311453808183755
0.09657054245429167
0.11196722119028113
0.046282556029187405
0.07659785904856808
0.1114987995307919
0.07947941858692543
0.08793660093400825
0.10866620045647346
0.1164873160014682
0.05881659511164517
0.09737536607987463
0.1885307829685856
0.11739628458778054
0.05522633632288695
0.07659059812896984
0.08286058635112359
0.10504211066027504
0.09641367678728797
0.11446333275325565
0.0967664825208425
0.07187756225550622
0.08108833141222706
0.10374514433251301
0.08286029204431035
0.07307417804260033
0.09265914406277416
0.14136772565179273
0.052404177034762287
0.07134578863565494
0.12835922168609612
0.09738179771410618
0.05033841099857427
0.11375044648692303
0.07788997633313754
0.0864745833358615
0.0774494703722591
0.04843977501685516
0.07203737404481451
0.0817810850066745
0.1211535477312494
0.12194027043319225
0.07293826085704258
0.08805448655955185
0.11979082883255898
0.1411279398126638
0.10003028309553443
0.1156130124914193
0.14682632340455962
0.07198158081775853
0.052042897603671305
0.06548012391719069
0.0828972824342279
0.05942566241041857
0.11031290161004226
0.07545700221993851
0.13211477152721343
0.10583766878723355
0.10075200192697943
0.07721953254197515
0.09212042037675537
0.07633084845643096
0.10950875727509941
0.11147940544536991
0.06636850414972859
0.09143959231544917
0.1043478346385671
0.08854970855166364
0.11188395917356869
0.12305539575280595
0.06929408261361616
0.13577178697369183
0.06807707032618236
0.11893257113230554
0.05685976082346612
0.11805083510584903
0.11648043675970952
0.10683968674298457
0.10784683056394309
0.09936560767576283
0.11096487126466413
0.05989987920570186
0.12542566262419705
0.07909949177889199
0.1252736520495859
0.12805167879521834
0.13019202115079023
0.1447146421639256
0.12318007283535304
0.070432046906277
0.07002858514903189
0.06967605119889178
0.14050305512862757
0.06674273823733923
0.14541356385760623
0.09580022000739961
0.13192479431673892
0.08953135834733209
0.07337273625549118
0.14844454674616822
0.12294864016168237
0.08705083944932776
0.08427097033867827
0.13243187166973786
0.10778878571930246
0.14412374125102806
0.10221095779375691
0.0434019378262245
0.07824113830780108
0.06791225073358009
0.012023277683520961
0.09768656608628917
0.08481003806260412
0.1398349577663971
0.043633794548262064
0.16588304445940988
0.16462577845733367
0.05064608097181578
0.14960972774635117
0.11093453079884279
0.09670473227410271
0.0915308760551324
0.1323127642768968
0.12380303600881347
0.11957055861544819
0.0782240807260783
0.11214565521872262
0.06668666505015619
0.10164073260138713
0.08221876524161759
0.1214693508343453
0.08508663160805932
0.09067615479223178
0.12553499849131414
0.10091662530505359
0.14941833003990485
0.11960411830921411
0.06757968989354997
0.04501550042434114
0.14289604818015775
0.09794099354141976
0.09335837636016577
0.12394321200129083
0.08764770458895427
0.05348009117035996
0.10113718847959419
0.09991038342643302
0.0822745329156968
0.11028802227697304
0.08279736645832339
0.10701952423201648
0.10708693164736806
0.1295758903739802
0.0031272173519432817
0.12626213390700944
0.0807170024982348
0.0881658000085295
0.102779730764206
0.04911304244601884
0.05687078872490313
0.10390253949750637
0.13299074368619324
0.0771190689338159
0.029873938862800264
0.05898645221288982
0.11064728507511522
0.1035177222609901
0.08958770386443031
0.1612354655842036
0.05721593814693325
0.0888837275891629
0.09784090741734897
0.04919754032141533
0.09100399164643348
0.0987388902184872
0.12329587092971753
0.06654566936315434
0.06546149612825855
0.05799611614390386
0.1336331037590373
0.11546344842040723
0.07810969045183008
0.14668966260901156
0.13376304373778014
0.1577116740259575
0.07382579147646126
0.09837300115866782
0.10353555023951398
0.04799185713429503
0.12016572822361554
0.07173392307040284
0.1298217827035531
0.10603469006263944
0.11092378620349343
0.07961092250758237
0.05966790583705379
0.09844354183792425
0.1376102848526079
0.08600427880260504
0.09557439151098525
0.12725004411380625
0.16567723765937797
0.08842644611599414
0.09446998529916345
0.12314303301440617
0.09541937174820057
0.11493211903648078
0.12150545437157584
0.13536415118593748
0.11932005840123588
0.0988845837296096
0.1254304364605717
0.1330434777686202
0.12633777949145591
0.10783525967715094
0.07453661795558526
0.12914793092616578
0.15170014057258688
0.13196293216954874
0.07962686114796119
0.13112418401811707
0.08188376457906185
0.11492746293042051
0.08269242900785814
0.12244552414641081
0.09259682535919275
0.10620354062211879
0.060935096988704356
0.10518770484501497
0.12416977818297179
0.057048743948253926
0.07171291248129164
0.08781472027535502
0.09737125158920822
0.06612728035963655
0.07959505542895706
0.1273690002607169
0.15569776916871741
0.11466422752759012
0.07953673105130887
0.16977586368030906
0.05386740380276858
0.128484767997399
0.05796393132080386
0.08711574289581409
0.09762976339974372
0.12525805855758831
0.06643074657763876
0.05444892773277361
0.12438588269161392
0.11492092434554756
0.1263487316273965
0.07382335999884536
0.10181559353409317
0.0892889635940546
0.1338618135200663
0.1006502353709829
0.07901976670120495
0.11548985935276362
0.11947503024850427
0.12886636897298032
0.1093066872568268
0.14763782915733448
0.12888739314996286
0.038815842279202505
0.10155754685755577
0.0916955509232694
0.13726511289473714
0.0857336916601028
0.0710822983559086
0.10749573003170229
0.10166735044799563
0.10362727081950211
0.06683485646486273
0.10184431125719125
0.07217412294201658
0.06283248931199276
0.08845526742081004
0.12431512953975332
0.049980467138855185
0.12613885677932568
0.12873046028326127
0.13320055504597428
0.04228314918160936
0.07305561378668894
0.1353020913329211
0.08151503044308056
0.08224339104209963
0.12410820013718023
0.11570986728753982
0.10373950286064229
0.09582353070983146
0.11372922563145232
0.09705713397206206
0.10457549497396725
0.08634746985825927
0.09308061193613217
0.08819262489409226
0.0721257820874289
0.12045422886364791
0.16622512432867154
0.07469381944184089
0.08582691214685823
0.12492077216661511
0.11156591456250878
0.10394357511250683
0.12534854065669568
0.10575204550149991
0.07246652187876856
0.0936858043580835
0.07871964850109105
0.1422519540055463
0.07316833853489998
0.14552029505088784
0.08469715421976019
0.09769181705362574
0.08028521386937135
0.09982278978975848
0.10251011593994573
0.0661594041621277
0.16187579212784495
0.11587304955295707
0.152326586444048
0.08667528590893837
0.10125155748861542
0.1417544052327742
0.0
0.05688201505362504
0.13695814204894902
0.0824175112739935
0.07196386186381355
0.09581868297565185
0.07284561444495499
0.0904020218638719
0.12540014182637158
0.10222000410205051
0.10301342754764896
0.09262380867492495
0.0421364990444447
0.11211389281203271
0.12358332815325795
0.08868519758866826
0.1193216383950948
0.11066829492442516
0.09135135422737081
0.08909485570151304
0.16736678119749016
0.08192908253042121
0.08379153781546425
0.09347182985907654
0.09748565758547162
0.07448330938986947
0.13670978676789117
0.12261365618390915
0.10825594763890073
0.06443943979495927
0.14171732337686077
0.11978083932466171
0.10637641375876422
0.10946000217680248
0.09124437800173127
0.10707754582321094
0.09071073729106631
0.12498326130816373
0.10500547699138563
0.1249716359696077
0.08137808261535105
0.13997699672684663
0.019385539412545658
0.1690183269494424
0.0701464548719177
0.14499695943579194
0.14417707199399837
0.12209957960324833
0.12255904491518183
0.11155831603904512
0.08982357692342667
0.07288577070456355
0.1211083640112347
0.06001139342699148
0.07002270173751356
0.05171118522164035
0.13342378879321934
0.10944997089030863
0.08905039701403833
0.09107268268301656
0.13148581863915268
0.12815808830551367
0.0992195824095086
0.14626054715976078
0.10729416788876879
0.1473184718904165
0.10488310371908313
0.04935520447825432
0.03839830759973051
0.11326943948424845
0.1379919274785919
0.08618381760228516
0.05105328331267581
0.08906979698403279
0.09385418131767953
0.07103351278347167
0.08073614820603883
0.13123808116239277
0.11151474684266588
0.10214965052615534
0.07963888184961039
0.11840380030453174
0.10307876202336856
0.08672128577276536
0.0508294324942924
0.11746849179830954
0.10980825420638872
0.12678963574368282
0.06049992069845025
0.07893022159955618
0.09782322561537006
0.07395812248980535
0.10635939963396725
0.07970762905232996
0.0851687332675731
0.07711246302293064
0.0818360810158076
0.06266384835976585
0.12724747071330192
0.10976337708384273
0.08322992023561443
0.0959558554886376
0.09757819742397218
0.15737815804971772
0.10021607301109238
0.17990057746346255
0.08858697147533193
0.05183190619332501
0.11534811044251006
0.18149213520068452
0.04359802622693548
0.1224629910444645
0.06957881721797973
0.14808650420147507
0.09220897834409807
0.09377625241708339
0.09830148744675532
0.0789537620084882
0.10523906085998253
0.09278609238365905
0.10042422447293868
0.11369707848060867
0.0751759209202627
0.07525896152037967
0.08843113796283326
0.11378229068700976
0.12966597830756313
0.06459738165579448
0.11190807561988819
0.10606539500728861
0.07703013487692414
0.09929109593682708
0.07897855948473194
0.05868444195026788
0.07299093993942626
0.12023873360746823
0.13418953202357678
0.11167127740706355
0.08236881005328683
0.10085575622535065
0.09367620614337233
0.11687594366491463
0.07307557430739757
0.11886913380892376
0.09518048702592354
0.1417868206725587
0.11223894354135987
0.07599274395392072
0.10516317677982523
0.1250748036670268
0.12665693145083623
0.10183791935625978
0.08755114245747612
0.15063119180254986
0.08159913172542647
0.09798011985974116
0.05802998178807563
0.14302936882820483
0.13226920896583505
0.10279833212020738
0.07579674043803707
0.15306013171473049
0.08596657420294199
0.12883828592602228
0.15650412099784913
0.12800959088934427
0.13429635616255076
0.08280547650895462
0.13459899690547641
0.0947934999950416
0.13518792888915193
0.1357848959105602
0.11520867829999801
0.12334206664220035
0.0848671104424323
0.10115935244256319
0.0790083560375896
0.08589495515777917
0.1480469853887185
0.08574184262636932
0.14840705792555714
0.1121954416563996
0.13995844714861339
0.06523929216574462
0.05586313564703695
0.10631648647100937
0.13570772243664198
0.13531620293657937
0.10456905890767834
0.12708350053260853
0.0777960927924595
0.051076326680050216
0.11286198500680703
0.12143662191160191
0.12192942088800078
0.1010845347776515
0.13023277133684424
0.12956985249125652
0.11368962402735691
0.08292327810952799
0.06978131788521419
0.05765920370792887
0.1487081672164331
0.1025377432076001
0.0665858398298971
0.07925211053178244
0.0726814156280133
0.11906506913204673
0.12017487202883993
0.11639370459003189
0.07450281014249246
0.10928911235834761
0.11163465373295463
0.08020090453911831
0.09393976795386273
0.11266581155892527
0.15828277658649678
0.045500868858784474
0.0947231283294784
0.07021571337740251
0.12833699212799304
0.11142507153588085
0.12027200037558129
0.10229095466481916
0.17864366513610966
0.09085326605564155
0.08503676351491432
0.04973702217642008
0.11313474747013703
0.051599051428193654
0.13365889936883776
0.09500925876103623
0.10865085588160861
0.08092058213860032
0.07837324674294324
0.07079160921343766
0.110982139314066
0.14933234891762992
0.06774834080912656
0.15288397273110235
0.12136160057854876
0.08062444431719665
0.0
0.08317611118454704
0.10498083928180142
0.08118733433568967
0.10244853699320318
0.09871901908181899
0.07676141331959654
0.07515973662098929
0.07371582766914461
0.09347098862204127
0.05610322717019359
0.048890947124179254
0.08385155477895889
0.133806016963636
0.16148937840199212
0.11670813560754728
0.12329305979686353
0.06869245919432136
0.10761935706904188
0.04481439570227883
0.09745193148279306
0.1185707920475292
0.118200611528323
0.06751098784967366
0.08638622096365903
0.08259310607067286
0.05895349944466943
0.12517212554507157
0.11460341645150662
0.05481822320377132
0.12965331993380488
0.09779629483244397
0.10746792622112038
0.12131380786608888
0.08585022602245172
0.04662915274280264
0.08738797156589986
0.11035572401166963
0.10008685032316937
0.08274675975979831
0.0966867884532744
0.07177967954224286
0.16428703251659027
0.11551354625038356
0.08504856477643498
0.09401422453507172
0.11633641964931377
0.17222100037965024
0.07736266907203271
0.1393611100581173
0.04629144491378906
0.11526274038527468
0.1112836348673994
0.19530317419652649
0.13245176723165772
0.10396983995607045
0.13625216283984254
0.08544851816895314
0.10007095394615678
0.11462895817109284
0.10476149026004958
0.11222032702470314
0.10975730329508468
0.09547283501669711
0.10969796002304102
0.1045260680226181
0.06471361021005544
0.0931612967078218
0.090275427962514
0.09451382479829384
0.08548594482346437
0.12040644638896515
0.12750756691931875
0.1365869027709649
0.08142945697100598
0.13065108733433753
0.16950043481521945
0.12268231786596714
0.149517111203618
0.10705495803599163
0.08709262725548342
0.10072072609024264
0.10510578869878316
0.13533863773808272
0.1523062204876273
0.13274409994972375
0.12713069926994852
0.07524156811320609
0.054890581336761585
0.10698555930846199
0.07908186126143842
0.0927802336714944
0.17086252202883184
0.06951846557065447
0.07810504800847581
0.05163149614079714
0.09673701155482174
0.053660499739579405
0.09520341881137936
0.09822983682981798
0.17197630139977566
0.09167992563212679
0.11928190346052685
0.09395425773724068
0.06323778633639236
0.0902382794640875
0.09044604657747682
0.05858971581713232
0.11548478958302083
0.14171331412928984
0.08699924968117931
0.12055244451981001
0.15219750297050288
0.13515682643845348
0.061006311424073964
0.09941992068417922
0.12117692150329712
0.09276778436447261
0.10275579506196736
0.10927397019994639
0.15334761374111924
0.12576086901588496
0.12575808448487286
0.11066767563923036
0.07241139843535983
0.2177470773255443
0.137001424939114
0.06051834845484714
0.1067863799351667
0.16244947852273836
0.09165419163924172
0.0975898702450565
0.1251440445847236
0.13055687890615064
0.07749027422538646
0.08766046615898734
0.10978664848052166
0.05318324472710445
0.09983940051963479
0.09966871151373477
0.1330527386797354
0.13034615054577942
0.0916882304768816
0.15332511873862043
0.1256408902310136
0.08114368005864692
0.053535250086968994
0.06071004066174723
0.04294758234257435
0.08471746987584178
0.09074521165730313
0.0467583873528339
0.10874057847137848
0.06278994531848232
0.06059440223370702
0.05445096016223887
0.09063250534111668
0.027177447700246854
0.13096681613485753
0.11191272556530689
0.06646398129191941
0.15022746900965153
0.09488840972494542
0.14421339616268447
0.13181161812267536
0.11493259340683185
0.05211564653182054
0.09402309741642903
0.11264378097648231
0.09499584917923316
0.09433646261304561
0.08468222046036297
0.11922094822010651
0.08105168282117144
0.08497774998383446
0.09270089735526164
0.021122399118936125
0.08141467861837823
0.10695661094048363
0.12790150326450414
0.04735649034616424
0.11543681104354
0.08342538815936389
0.07725283055977468
0.16463783728276457
0.07661808518555302
0.11875542112306742
0.10190736724098387
0.0924433930053028
0.13335317271523187
0.0966623572626733
0.08775609356108001
0.09166917149605405
0.09743002757073305
0.09273886171710363
0.1464788632048519
0.06182428807308719
0.14239704681157608
0.12499715537383913
0.08083855230909164
0.14211695136004573
0.13796620234443271
0.08983333898012982
0.04122060174643947
0.08683096693031123
0.12734541917715728
0.1279036027183446
0.10574598847854408
0.12616750632988677
0.08662295840961579
0.1270458382517492
0.13134224057209656
0.10313746697936996
0.13828307830504072
0.09058753021155241
0.13296374500276315
0.07038423878588088
0.0910251591912072
0.11418886346453849
0.1253005203997522
0.12351995033353814
0.10881104342498234
0.0860013843287
0.10584322366413235
0.08863770270340823
0.11932714860837634
0.06305517281096129
0.11874556314456441
0.09522828138553166
0.0783664206913165
0.08173416773868364
0.06913907619872219
0.11097810817484051
0.08014245459644094
0.08892850443459369
0.09697142741938404
0.08875678889049513
0.1422849622305632
0.13558400595971173
0.04707792337808735
0.18388979461314597
0.06903098586948593
0.0478025940568318
0.14435069902492234
0.12965859678388125
0.11944697483368856
0.09863261063899818
0.12445314285903514
0.07886877710584572
0.07483243313631188
0.033321732861156486
0.0751079348152285
0.10456921216431285
0.07957918339517156
0.11035611314064965
0.15423104073421162
0.0870061950688422
0.11576376348407007
0.0911654525383039
0.11309743097262903
0.06573996419115459
0.08163156927660316
0.1618875435548779
0.12963939125722812
0.11539775943258146
0.097644231883205
0.05734488695128464
0.12308719056628178
0.13069755487723733
0.10663385880119955
0.10003650101162014
0.04990403138367783
0.1229921796609216
0.09955336327521108
0.11068674228545433
0.09902959869035334
0.08388875226621328
0.13636798353914395
0.1446642618776828
0.08246451708531545
0.08268366756629573
0.12002104394534462
0.137307375183942
0.040885734719999824
0.11749885374422797
0.15193120129221732
0.13798596670429777
0.09183833268733503
0.095013546191677
0.10107824062455764
0.09574749247656793
0.051171683006091664
0.11224583818859853
0.12832381146291438
0.12850859468404427
0.10896146301511357
0.12449757386871127
0.08223360144816291
0.14915235195778526
0.1309893550609349
0.0791977851873279
0.0677072419621991
0.10639486900869716
0.0907319900526852
0.10124667096374562
0.057176001699317074
0.07663446802681106
0.1485660999379233
0.05685697243781051
0.15004016361601616
0.0836998966001401
0.12561087720815978
0.12518397003755613
0.11093382676576959
0.035102310567972014
0.13262112134690066
0.06208684378480512
0.14046514412045827
0.10764848130251686
0.13140331730022672
0.14155231920643746
0.05016900131201959
0.04971752012021393
0.072094256171033
0.14544755395757314
0.11094525138270152
0.10397763272489328
0.14426858629200284
0.10236545371038325
0.12975014654649653
0.10508232233496527
0.10238141206875809
0.08795280348004864
0.044331154861579236
0.033051519707413685
0.07749208827715537
0.1083567843427068
0.1180741049359901
0.12446958915081109
0.13280790914382284
0.10212101382775925
0.0806332495684628
0.10288510585022564
0.11507914600547058
0.13787558235910669
0.09476695744645923
0.12862326429374307
0.1338968415070446
0.09548964505813409
0.09624526344930766
0.09638469740528129
0.0931941462114775
0.1350243999091185
0.10924545863746564
0.07492380367446787
0.050189666677728215
0.1121011088676913
0.07497463215647263
0.1214792186391354
0.12160182752128529
0.1611743027626453
0.12311982758417828
0.06304530382813953
0.12080866570439991
0.1351698572814493
0.15222187072789412
0.07984178601843228
0.09729339739943645
0.09529298527571735
0.08892788399626837
0.052849758321644555
0.08313236138765821
0.1438043440715583
0.022872560903300435
0.08879723242994693
0.11967873390137826
0.07775994552872684
0.11701163823522656
0.10403089311908573
0.09387832488520537
0.10051467467370057
0.10050411828966183
0.11544142670338624
0.051547166334395864
0.12557961771508933
0.09035210853407757
0.09487450751184709
0.12484562153776688
0.09083097940680153
0.0849195321334125
0.0877813268969401
0.12788872505138354
0.1776076842701005
0.06203969462449021
0.0638985319962944
0.09837870665160227
0.14788120228192447
0.10246025240634425
0.20243230599465162
0.07952753578687534
0.14858005506438093
0.0834466278872161
0.11226289457091061
0.0778914719949591
0.0925864913487201
0.0766841843259365
0.07136681291302088
0.11349569912051322
0.08001934852431639
0.10583907428954457
0.023346535442848176
0.10717128795519834
0.08492506626498986
0.09624985805598825
0.03669080137584785
0.1576793315728962
0.05901053128381884
0.14729208819048167
0.1134302795275322
0.06815662318958496
0.09684495509813931
0.12440243089700288
0.10006984817774366
0.09100337893156321
0.10003137191351602
0.059999915336881295
0.12426234344490375
0.10631044646244021
0.08678441122617316
0.06265920931025243
0.1089778484488554
0.07485310096568619
0.07808192975486047
0.13134564007928293
0.10398179432521036
0.13684820485106577
0.08204193105700057
0.09553368694462075
0.10834068968188151
0.08873461239414988
0.09330782221979829
0.04955572166640586
0.0898163554189825
0.07201468013762069
0.11974097276273722
0.0821114156834439
0.13168481640607826
0.13619236601936488
0.07862370366187003
0.1160459369403759
0.13239900401694382
0.06786197954429951
0.056245355704804184
0.14106048323512152
0.09766345043382017
0.08120222740651716
0.10674953744597215
0.06803770083821185
0.128816656134509
0.15040864189582204
0.08255404305197299
0.13807318661438883
0.12366727066650303
0.09510156402993121
0.1129196798925455
0.07040941812253573
0.11047743948885944
0.11592469813738661
0.10502810935052682
0.07859062302384409
0.05989321359306225
0.08756273418450984
0.08178038130768978
0.10446986350351399
0.11612508012495984
0.10380567330771912
0.09096894431899323
0.1218582667368358
0.1845834316730977
0.14572434353494057
0.11180422383661312
0.13462115896187904
0.0544739212786258
0.11298267679068509
0.11477508829646674
0.09677362458485003
0.11307162760422591
0.08259944744393774
0.14657241074037272
0.05404554844034498
0.08320134970435561
0.11479729648443147
0.13408342817077232
0.10407631837257637
0.13669881136853515
0.0892142893462206
0.11995104414675425
0.0952689854312753
0.1102968047676356
0.04610978678143246
0.15707144356732988
0.05254368769363829
0.08101324015262434
0.10533579422955536
0.1081218434981314
0.07753625940399544
0.0802645542824437
0.0884573048502862
0.08713838986374815
0.09790431280033413
0.09736601981278564
0.06131778831944809
0.1358714474306818
0.12483623919852291
0.09686916516655712
0.10501816664699788
0.09840673295528468
0.1193677362300006
0.09084577482732026
0.07313061619680493
0.15143234688706136
0.1183689987897982
0.12534397187061716
0.11513175962551464
0.0500883844904134
0.1385130961568641
0.10213718325495486
0.10667445082440308
0.1053422025135411
0.10017677090150341
0.12073433199269412
0.10636985906052134
0.05972004886339453
0.126001766113251
0.08258622751673209
0.11470664264188737
0.11070114318551694
0.0678017543199724
0.0606501447598604
0.09000736403231582
0.06574347839701336
0.10930746419572915
0.11920729648361326
0.075645658995621
0.06927704331267841
0.07709899446554701
0.1290775680053521
0.1490232182485557
0.08188486299242267
0.10404389004600348
0.15497240416104735
0.08519626801369123
0.06774925151441996
0.11743652839525939
0.1338175234525411
0.052040458019749825
0.06973702317982847
0.10027713276891836
0.11092802064634477
0.07096455888499432
0.07592523482480318
0.08172494012242303
0.14605722105861713
0.05966437686469617
0.11847280211235003
0.1148533978659341
0.12196818262392053
0.07476512686330578
0.12020550297623687
0.06765995468261936
0.04701278498455205
0.13269431830843753
0.12718843982387235
0.08318915974621335
0.09988915082136074
0.10307522722278059
0.0935470189220991
0.08744187762363488
0.12967629089145058
0.1321571509481937
0.09607612457791259
0.10658868673156302
0.1090186468878993
0.15437790496142642
0.10940195375080913
0.05587572657395545
0.09588268173238601
0.10356404566459226
0.13016515862237832
0.050343000178540084
0.09885921511448943
0.09005762578495978
0.09574831954624616
0.03931449631130185
0.14896338076955634
0.13177783192614168
0.14235832549746077
0.05912921673246433
0.1593136525632216
0.13849040566885193
0.10662339219321793
0.03865189119670834
0.10928307662849378
0.10964442857269883
0.08552157255184434
0.07445143348682197
0.06504653852805392
0.11746759336099757
0.10612278812806135
0.0857737321308828
0.09560283030253411
0.08697365732194466
0.058459016693270506
0.07000463269158336
0.09882774301286627
0.08124890550053465
0.09738998151470857
0.12725636291820325
0.1435618154603968
0.1202508262926065
0.09263042882966492
0.16016067896244296
0.10157316211931013
0.121764437715846
0.13265830511519994
0.09200448025393727
0.05949189516566269
0.060545441716416855
0.07976079331177072
0.08778426368931683
0.09174359019497813
0.10606945960128678
0.09990244441783012
0.1165181856441022
0.05046844816745911
0.1157596575282719
0.0827517903319887
0.12222434676878344
0.12497746796709387
0.09466070604361189
0.11923388411086391
0.11677633193609989
0.11847766160867276
0.10998171869294168
0.10340815764653326
0.1391136702507989
0.12115614152167949
0.13927459815826848
0.1774162183959826
0.054962549940267544
0.13616429382206213
0.12908444056192292
0.10593502703689316
0.12803330259994508
0.07298572884157331
0.07691667755378047
0.08503598707071346
0.07861462008594251
0.11211944713167624
0.13859331485971563
0.1227209552167837
0.10844208732978217
0.08642679774375436
0.07709003793084986
0.09377416952333244
0.03945102671115092
0.11483674346948754
0.1318917556445674
0.09820312977837294
0.13927791571896544
0.10878813020121805
0.14086131038684707
0.09553302269482684
0.06619871453979073
0.06803460218058238
0.07518166997496123
0.11447210728264028
0.12589552431374051
0.09068551237890862
0.07759407261492664
0.1458126414102596
0.0958532741580457
0.1441251423939084
0.061013056386788
0.1127545025645827
0.1188901885810741
0.08651629554198345
0.11885287472070656
0.1297019422329624
0.1669849344320139
0.11814217253223777
0.11079710544912938
0.09112952403036781
0.07022132545908863
0.15018720349131645
0.13418245769954945
0.10828700278825876
0.08201651107213861
0.08124926707886142
0.10495635120727781
0.08742300307658922
0.09458435737280085
0.10846508605415377
0.10387482298358976
0.11292825814926713
0.045102186865325945
0.12620339967269242
0.11979401817248217
0.13561058002743612
0.045759758696114
0.07280713297055004
0.09994733849258465
0.08473638138462218
0.08025852057954366
0.12663140625816163
0.09777699278570419
0.10908999571688903
0.09242009638663234
0.1232443625132526
0.13182835826138758
0.08357892053961671
0.05827646893707752
0.08395636489001193
0.11681686886014674
0.12112006457536922
0.10214329916234553
0.06649364946918918
0.09320486113599268
0.07384518906856284
0.09029413733372951
0.06281155206897857
0.06798430524598206
0.09583881205640599
0.07260840185925563
0.10557866601923302
0.10035744608179427
0.11922363653817922
0.09567376048792066
0.11504903102026766
0.0653203745053291
0.13291071187317852
0.12039674382327335
0.044407848936091766
0.05213782330148767
0.09085255862000668
0.15253078675437806
0.07533382197276246
0.08385557539945342
0.08032139693510613
0.09633625270495527
0.061324375822057825
0.06491575149885405
0.13183226309883145
0.06144195711899191
0.05250039921458229
0.13242215533284435
0.11618683767696975
0.14180845437938308
0.08023828001916784
0.09688627084181256
0.10255554958274934
0.020578607858791925
0.12453347791781143
0.0907692012370228
0.03696603077434968
0.15314272275819257
0.11685810749048833
0.11717893431295448
0.11825397375937209
0.14544150611657647
0.14007923500755737
0.05148985539771752
0.0785842353222554
0.06646439787936648
0.15232112948275878
0.1015471651047897
0.12703404899040288
0.09870172297028176
0.15094578889925014
0.1524631028474381
0.09842395818586856
0.122543332715903
0.10600891719926571
0.06328672937715696
0.11843061166817456
0.05521238829759707
0.1387898247669938
0.15581016676903267
0.11858056785144354
0.0987285187703956
0.08361133247988886
0.15614902531276287
0.11329785820419483
0.10196859829855402
0.09999051450727119
0.1274440320359439
0.10828493325665442
0.13580094776366974
0.12782675861924744
0.11737896955558881
0.13794823873568918
0.1127640368424894
0.08338007588793316
0.12559885624505004
0.1221576791735016
0.1178911424743168
0.1264826570999338
0.09209839089465688
0.09913170852477145
0.13366281646518557
0.15534502362225713
0.1347461413712783
0.14543728644471132
0.10560501724021638
0.10034276853279207
0.03745144302940134
0.060494580151200815
0.08779765825366107
0.1084866485321395
0.09912256962459579
0.09106288172033103
0.0962680013036214
0.11722609532641899
0.09571929627097081
0.09079091835024003
0.12522762377163704
0.09790426769634207
0.07643802007967024
0.04924606849577882
0.10483041049067347
0.07933541234105154
0.06890339311644861
0.08979571814294517
0.10577575672847427
0.08195397657996303
0.08156421721762527
0.1276809037407013
0.08975135356359158
0.09143682631441682
0.11551052374182619
0.11346458391431431
0.1431331847491278
0.09808850535222087
0.091960753685492
0.0919977762412623
0.10812067618034779
0.08850542986494343
0.11330957326979661
0.07377806102524495
0.06947803845866524
0.03222277391797061
0.15785931254308844
0.08305421922318681
0.12128513867840636
0.1065511635444611
0.08359673186970316
0.09510703403423788
0.08793355581738792
0.13365383587365998
0.11469094237846815
0.06803346460510537
0.11894818891867576
0.07380686161647569
0.07078118964469376
0.1560711507290847
0.10666940866090197
0.12420278247236793
0.10581253841753577
0.08047219000593542
0.10606097047246031
0.03758621697978545
0.10492529975670548
0.08653983858069608
0.10948650016214072
0.06675532943142466
0.06471433913785732
0.1374234443694335
0.09628352447379153
0.10733818603002174
0.10836996338150083
0.07567442382057975
0.12400000473599017
0.07661379514651609
0.0611995476554346
0.0679424805170086
0.15469013264873027
0.09507970406046623
0.08571735096278298
0.13138491133324753
0.12379956728344559
0.11874152101242995
0.10357228461634536
0.09952677840680202
0.005459991349980736
0.09844240602144778
0.09641252118111332
0.12800303163014795
0.046425116154995894
0.14448313994352238
0.13776727153676813
0.1077398862186979
0.11385537799444954
0.08257205416936943
0.07521761806729946
0.06408297984029218
0.06859269588955103
0.0779747093391723
0.12924822772119937
0.12882985017216403
0.1492362431003125
0.08962222143275286
0.13685674138145548
0.08715722352945188
0.1281103694199819
0.09048837267280901
0.13930582440062755
0.1568853702425207
0.0035492360102473974
0.06041150533185464
0.07654753525284935
0.12936788557528023
0.05576464016596668
0.07626000328618457
0.11071990268797643
0.054484406411992654
0.09724810505668487
0.12097649505030128
0.10592836618885937
0.10105031262382708
0.15408673208517681
0.1482215404847046
0.1287889161489742
0.08926447766837951
0.06664217953511414
0.08937719996440019
0.09936510844795256
0.07825784140312794
0.13222526282726926
0.04180922389671484
0.06366551610859393
0.08500184018682518
0.10352784651403883
0.1384692569774899
0.10926443430810492
0.08653937373290621
0.07717616223847595
0.08108296984697656
0.10780386842762665
0.12082771535381029
0.1342052957978027
0.10687404746397766
0.1631488030833168
0.07225495777878896
0.11470231027463113
0.03467783215139428
0.08759085868241949
0.09165044846748753
0.09264786181853875
0.07347785546150429
0.10285585498992394
0.10324857145570862
0.07704757497021034
0.09452761030668735
0.13169537685818136
0.11930201891669837
0.055083198024523675
0.06911022810767929
0.12275925781827546
0.08984961101881499
0.11674729740721676
0.08008727109795379
0.16231235329182303
0.0861922885892256
0.12194671530923294
0.13107913909284447
0.13867954689723422
0.1279459963953327
0.13227165276096783
0.10574496946762588
0.10297206714819157
0.06540461450581689
0.1285137746059657
0.10416975631825498
0.10677919827388685
0.04771611063792161
0.0493487407653483
0.13042689343565816
0.08373160339402316
0.10844156402032422
0.08260511051602687
0.133324454223849
0.1278703572272227
0.0712909540668374
0.12114090218464223
0.084527407095615
0.09856392011602505
0.08088550054701994
0.09481471698926076
0.13254870270937605
0.12896270776920826
0.0950919170065821
0.07910385672856055
0.14121313307122008
0.12285583523270466
0.11334125038015802
0.09820961678160399
0.12214259376034903
0.06467747236047554
0.06730122470407629
0.0855628307526112
0.051012176826161916
0.10866240886134818
0.17548012328833956
0.12745478843969996
0.09458247366532796
0.0780413586141903
0.10887653114840341
0.07836453109387563
0.0544916014000065
0.12825261166855328
0.06207038462029157
0.11198658405670678
0.09560837486248468
0.06586989301599994
0.09187052656513964
0.11863391452304141
0.06291459913032357
0.09171542212154736
0.13722428423382416
0.1400977238019444
0.04450653303983556
0.0620982010512497
0.09248645070282778
0.09761641209410539
0.09017085586336215
0.14099067030447865
0.04678418284554481
0.009364734513739079
0.13187279604252317
0.08320938384645521
0.11626801115061466
0.10658438504198452
0.1107417798823609
0.1282126715034675
0.07271992215302778
0.1180795315438358
0.08659943225318792
0.13381200178379601
0.10406678865666424
0.16571537740619458
0.09340692166293392
0.06731424403442317
0.09009942512545879
0.06585420205046398
0.0915872999114131
0.10666471366055563
0.07478850852221507
0.09613271010361417
0.08676378112791526
0.09452268288652618
0.1161602096560651
0.07679002436655395
0.10246450042633679
0.1500981842742431
0.0343169709486708
0.1475656218999495
0.06702618915444761
0.08214930539450638
0.08146434301433135
0.055864222134687516
0.09744932097585511
0.11750649023954063
0.060006731208361974
0.03686231285979462
0.10104237084838416
0.10180029503989116
0.12459575865204349
0.12077010979649624
0.15271029902746938
0.15162101148313356
0.05482617704067101
0.08990520721537576
0.11514467919237645
0.09692074781876206
0.12894453936835693
0.09943209752456117
0.06042802726530905
0.07258735487867785
0.10433730496382254
0.12506503890616202
0.09072937280194589
0.09479664430741437
0.13860029512010652
0.0962960853835385
0.10123786966744924
0.11286861125118128
0.09448844878331009
0.047957761031497015
0.05845385845658655
0.10754713362877835
0.10641608345649728
0.13634855692016223
0.074627818189074
0.12539154918006074
0.035773553861098026
0.04074684512851221
0.07431950599190028
0.13787539834323728
0.08463591487786372
0.076935425622559
0.13091298402222773
0.0962560717257144
0.12160928265669241
0.06115830923617483
0.09826296487718908
0.08981179881509446
0.09442745225132931
0.04566986086446852
0.09353128866978634
0.0703326283105537
0.10439035951029213
0.138115360971874
0.15632281485663702
0.13125893320530554
0.11237693777292754
0.10087829331200586
0.10572875344431083
0.11240495543968675
0.1146364602059202
0.05476494900204128
0.10527392220430823
0.11384838499069128
0.10155921785342623
0.10653260730982202
0.10654898422667781
0.09735249725719446
0.0990675563100027
0.09464178353093747
0.0701840553287835
0.09965029347777003
0.10682512757776365
0.18437864070066629
0.09309646596681187
0.11473765554344069
0.08050664953234989
0.08509272976048753
0.10405553915646487
0.09038714850114013
0.07330153532694182
0.15673903214757748
0.07595618472512547
0.15419511194413527
0.1482764047671884
0.10149785861573825
0.08322816838454841
0.018139775045181772
0.09311100954314373
0.13495381752856725
0.0680834803374328
0.14464268877649394
0.10948629901740703
0.1072856855143431
0.12499798851321574
0.08300433715135319
0.11491113901628874
0.17231786681236322
0.09246554358637993
0.11031685629977532
0.12268252441997893
0.11733051621632887
0.1423701503760979
0.11823708819268525
0.08040883031122427
0.07740537307178876
0.08662183054164123
0.12341979707718478
0.12654853633677374
0.12124370277610025
0.10526731033427303
0.12797810566506204
0.06907231886844967
0.1266570488930033
0.07005445659061095
0.13744465102974998
0.1250618190018492
0.09016544163034546
0.0813944008347866
0.10649313721505935
0.0705504106637987
0.10752925931015891
0.09324528906412655
0.036039600461510696
0.10266117591684751
0.12361138796571128
0.14537016103864975
0.10266624790135767
0.09100327044369984
0.11979769765024131
0.13969552322273854
0.11276352823866106
0.15932668188890522
0.11854466430367262
0.0911438259251307
0.1446807242359619
0.08229737485817559
0.10961892282977057
0.08757192312858526
0.11365558609330018
0.14539149541085458
0.1024547735804983
0.13885769967922468
0.11509762719058723
0.13133191392887195
0.13412462194611774
0.05106588030380933
0.10024078211219108
0.12120418535246558
0.1059151601052509
0.0842380312349014
0.10603012622007071
0.09829199973300115
0.10043484196461394
0.09314908622134416
0.1299056572882479
0.06455128764751111
0.048848442767579596
0.09224316481595554
0.14185989818507927
0.10933728073605382
0.14329223636780247
0.08363371263356409
0.12930556282448935
0.10506110361135809
0.08503182500804002
0.11618883004492417
0.09542931466363004
0.07994138895814192
0.08114324330821014
0.10760793324161619
0.14790981799376024
0.12118473932817239
0.04575454268221014
0.08885618175869853
0.09820676576968507
0.10516413285704748
0.051525475955954435
0.10304375892695843
0.1234608915426688
0.0935058639005175
0.06672722423655753
0.0705665102869272
0.12354717822762554
0.16553223221336286
0.06387483650578621
0.13453237439556215
0.09718768873161296
0.084408217416578
0.13535443422339694
0.07652017320009993
0.08688294855237212
0.03839549178469088
0.0696907342174941
0.10582437111535224
0.06310073578184003
0.05400111318216702
0.09091501935625855
0.08141850400599286
0.1130975207948011
0.09084634666541123
0.13153110124863882
0.15375967457483694
0.01981474225084376
0.07059735692628866
0.07485850414616546
0.09904478711063672
0.1742303843841886
0.08319292205115811
0.08329375760492119
0.0899747290351241
0.09203400893117528
0.13267010936768728
0.11482107642197589
0.15515182079584502
0.09536571687885004
0.10398731182824222
0.09242110762024736
0.0932681480584255
0.08776162640697865
0.10314782975567124
0.11512794547051466
0.10891193744085365
0.16486812309312593
0.13246856257666656
0.05419640263602885
0.14236701766472615
0.09320602980400791
0.11427534164482678
0.11898089943295072
0.09604328863202773
0.03723667104935771
0.1102717976125254
0.11788852682543488
0.09087441708656752
0.07162593901008821
0.09954939694532788
0.08520201568588925
0.11393057779189496
0.050586384056161504
0.15114418866134588
0.08496934473712324
0.11866718322772196
0.11364749271324874
0.06979623953608291
0.07688789044529479
0.10475671650812084
0.12186347685334428
0.135187918913669
0.04448204786014659
0.10731812365939898
0.1107797250352435
0.13055402832803908
0.0984707981185665
0.0774537746471048
0.07024222440651696
0.08035042671588953
0.1459863479940746
0.07734519774471932
0.13994446404288166
0.10343604808117857
0.10664684362083317
0.12091209553951503
0.08386838623116144
0.08945756711475635
0.13797982502604464
0.09975843318072587
0.1318794160348408
0.13763388136417973
0.13569378905027366
0.14537210195030048
0.06627945419179987
0.1152428890761584
0.11199070690634287
0.10016083681596127
0.1289061384817201
0.03650435171922245
0.11577620160728164
0.05507410087380511
0.1061339310785084
0.05861667973943901
0.042860981924970995
0.07380016940002071
0.12922011677722306
0.12394336228947317
0.08766171461311761
0.10731917338017455
0.08045475995362907
0.1295151865648521
0.08940174416995576
0.15553754980569753
0.058190887340436856
0.10580589902556539
0.062310900355385716
0.04661391222688901
0.09457205769188295
0.12515453952026234
0.14033001099584283
0.18809083089017686
0.1284608503054147
0.12480274289779467
0.10824020689577879
0.10747293638682853
0.15202617657153902
0.04347659678361128
0.08529035035188816
0.07792289414252804
0.10539041751923231
0.16685834158866764
0.14560125604138696
0.12347285920545442
0.11753204624939513
0.1214778330604271
0.12276488999503357
0.08410353120560479
0.08855053861473397
0.08588002749695346
0.10590476350183614
0.11377637620456793
0.0952133974581246
0.08480939246670578
0.10131707650201481
0.13596839128218216
0.13132148115052578
0.12087587579345666
0.048858788445828215
0.16163506856736476
0.12890974643559358
0.14731657385754593
0.08535632267275499
0.11640431860672223
0.061979048132040096
0.10023766383315352
0.07469945365402257
0.13061710853330322
0.13286016307087978
0.05088554469752307
0.06810622236807534
0.12489667867714427
0.09230758536861501
0.11950174735892868
0.12525448652361643
0.13525796785663402
0.104653871226679
0.12965179202645888
0.0850095364773785
0.07692878749793357
0.0627186556091432
0.08103596959669947
0.1060748543836065
0.08129539634386239
0.09329941149884748
0.1580881987170598
0.02630970872752772
0.13342474364603768
0.03504186132243006
0.11882596499720915
0.06803349742447366
0.09514826227575342
0.08779946573523915
0.10334950802170215
0.09411613170004837
0.08302242144708467
0.0907416964055
0.05193001869707905
0.1237800784669898
0.11003261923399643
0.11172042156010205
0.10643605869962361
0.10121149169613758
0.11449709338422359
0.11221942630513701
0.08243777564058183
0.10818487100095808
0.10927100992983606
0.17062831205389234
0.0866644814666835
0.10976895334913012
0.0666813869427259
0.13798070210103855
0.11110877772593515
0.11851027200871012
0.13568643440650213
0.10439618314997483
0.12145042448603287
0.11497084625857248
0.1114621150015743
0.16040082766234132
0.09033082913213072
0.1202046943411814
0.06474711575121386
0.11029547317625689
0.09648483771938833
0.12906627495032977
0.058128782002947174
0.07714201198433192
0.13023694799553948
0.08494297616138746
0.09193363284729625
0.1057895045784273
0.11872810053158175
0.10243817481447964
0.13628222777803117
0.07987276292990794
0.08850829705820364
0.12803648320438138
0.09686205206125623
0.12748416262111217
0.08084340559977282
0.08749376638160723
0.07934419802243464
0.10288648189806765
0.08444601877363722
0.1439084754743438
0.104136992471512
0.09927309385341371
0.09532463691026805
0.07799280930008343
0.08975272299625031
0.10977216190557126
0.10210039360899635
0.11003529209538979
0.16791759018475028
0.09466037333489916
0.10404933439404188
0.09455926089772596
0.10739108419481375
0.03730962894600985
0.08701673166979974
0.08525143808671974
0.1494482182739862
0.08182456515182499
0.1289507069594993
0.11314984870539649
0.14851002505988287
0.10470277306080226
0.009061340805319826
0.11454437087220296
0.11538354109768721
0.06634929539813778
0.05826179120425673
0.10829857529378391
0.08609905219469036
0.08212036413682518
0.09200820006404302
0.10211887491839156
0.12604757394744573
0.09102123797967981
0.12060467845377765
0.06425088772570325
0.13964318061084974
0.0767440401822953
0.06756452296618938
0.11180830941720935
0.10050098106791547
0.039544556252850055
0.06843206911033317
0.11910580921064148
0.08827831246570234
0.0908318702245543
0.13894873722906076
0.07650628530442828
0.09363990449549736
0.07729612771021349
0.14582386728102914
0.12159518592441913
0.0855047755864771
0.06553452869469796
0.07005087187312906
0.08820990371665388
0.063566017501581
0.0977481925204694
0.08196959728096453
0.1210125241077947
0.1555013026295506
0.05493999649540964
0.11346998861317792
0.10273353292996798
0.09477999473825141
0.08723650796486168
0.08892369915300273
0.06901078283302511
0.15847381016485912
0.13303108568187239
0.11442614962756933
0.12115295956592054
0.0678498883597497
0.10779232908129043
0.023153568105320543
0.1177885670876505
0.08153007888464438
0.041517940767190564
0.07509950451825934
0.0237072381937609
0.07909935999718216
0.09328455307186097
0.0833949140628202
0.15772794665769643
0.09731818885027375
0.10547874208379984
0.1040068522177647
0.1235179341909933
0.09302945184078443
0.11881682399114914
0.11731176812788068
0.09088189227703153
0.09021089549636262
0.06028452876888815
0.14627691956291816
0.10507625261932446
0.12341718963378809
0.13563470854078025
0.10389887252379751
0.10042196497631921
0.08475225295569697
0.12539982797041224
0.06741911952488207
0.05222586545543339
0.1357840362743622
0.10398498037536714
0.087516054864867
0.11961624844257333
0.06858333664267094
0.08074026186784652
0.08098352910979129
0.12034149295951731
0.09375390282917978
0.12362252613863808
0.17523949870607647
0.10549302937342968
0.14471766928910745
0.09998714165416123
0.10305454954057325
0.14871939058148692
0.12817256920735992
0.14961000969389635
0.10693522791183425
0.0761603949326108
0.10982111037803542
0.08485832674206731
0.1038953669785572
0.1199453640581043
0.0905472125259553
0.1260892029825257
0.07223187018585452
0.11607747145307021
0.0782996303834264
0.13217118321266097
0.1262801671686517
0.13074524267355253
0.1142054622583894
0.08514634908755969
0.11286183290637082
0.05009081771860954
0.07231978773304051
0.12193647870511462
0.11474996694398504
0.09771406234666166
0.06899253784215575
0.10864425367234946
0.11687205791885782
0.12309513460296947
0.046155703755004655
0.05789631955238187
0.029124710888610378
0.0621354961204314
0.10706930489486226
0.09349355433382475
0.14865235120284168
0.0984219219848791
0.064468614484526
0.05355546519438604
0.07095152825079552
0.1002725440938525
0.1092359966288567
0.12907894925447083
0.09730553462179012
0.08413619309566663
0.09895873537516568
0.11195734844742855
0.10368709071226345
0.12841103080198363
0.07645828641136061
0.12715859759262188
0.10550630239266595
0.08464776311634496
0.11461378172679748
0.1383133766008403
0.1339593972519431
0.15716792197753282
0.12546435326746463
0.0984510821794968
0.08290106481440568
0.09305174356175919
0.1082419701274491
0.07756991691471565
0.09237607809322917
0.09508206317039514
0.05271525202761797
0.07195776160081621
0.07156133552752839
0.10907813778632067
0.07052461755386769
0.08618685566001902
0.08284053293996274
0.058149947743641475
0.06803763075412765
0.11536151874931787
0.08738468604620754
0.10544085681115595
0.05957087222279249
0.06812004101816016
0.07170055630347132
0.09808767279131725
0.0947442673168404
0.08762692130974208
0.1379422599672997
0.16404350530642886
0.06678746570302711
0.19372246149615244
0.09582963333589786
0.13530385902814596
0.06162157061690789
0.11691260930703765
0.10078265728826098
0.13190545317331992
0.13780620675996202
0.06762423537387571
0.15154648182648478
0.06849230441780951
0.0992586773633874
0.10566782207554735
0.128847281119511
0.11675899708378812
0.11638161934884636
0.1204919872833981
0.14390176226561974
0.08146411517933214
0.08947609410324202
0.13829240961290518
0.09856927376146814
0.08172750599223214
0.13161601613060123
0.08214543198488625
0.12940530829020236
0.08456477509237731
0.10279531333365605
0.09384972056493371
0.12917948868657622
0.11175811846574704
0.13725564308591334
0.1380354014595462
0.03755837326901744
0.04394042427169017
0.05469816926066264
0.14061051891353055
0.12312477955777407
0.1210876816787883
0.12163112662037892
0.13470562258682622
0.12363368927695846
0.07474331139008722
0.0981184737996741
0.15288803878128912
0.1182739561887108
0.05814600506576354
0.12228268171816961
0.08312994108526993
0.0879189319146157
0.06885249062445518
0.15476987158820704
0.12157567223744735
0.17020915705132159
0.10670578414881868
0.10896977109593159
0.18933605950996313
0.09175844021727926
0.10706169232776784
0.1035765605891457
0.10638770356840647
0.15665877366683117
0.057323991290064935
0.08724978782032643
0.11943931896444976
0.0726431153591912
0.12507873969169242
0.052625375536085206
0.1815701726479553
0.14424418384988066
0.09234938295943591
0.13178195828600595
0.111876583552003
0.08743181128527408
0.10531330491847231
0.11965989766971682
0.0992388818538637
0.08613851514535564
0.09413731652598784
0.07763345573039236
0.09309298046046822
0.07374644495481122
0.10683117990224952
0.12538499417181212
0.10042864274920311
0.07997125934374041
0.1143117751320543
0.10306819036716273
0.1027260453403847
0.07789912888347383
0.12352011648792492
0.047714305951970175
0.13832487482578562
0.1254958420452763
0.12057348625049044
0.12154872917812562
0.09937133590694688
0.1260900562049362
0.11130078215466488
0.05131796238504058
0.12523263451967412
0.04887941261399347
0.09556313192482498
0.09645613177374616
0.09854962587577255
0.06248836068159037
0.08246748422739208
0.10516159915598457
0.06766120164832391
0.11604821887052075
0.15998799393737836
0.06692883868929728
0.12679846268972983
0.1280577041167991
0.062393100348337824
0.07366463192773483
0.07821744473664902
0.03741627806042609
0.09121932246245454
0.09912711513126186
0.11384751657340236
0.11091767684747092
0.11716329308157393
0.10905568983762289
0.06492748823692701
0.1333710521902013
0.11974492894534042
0.12569699506111612
0.19740566042829338
0.07536272930547352
0.07907304489827731
0.08148926061058734
0.08373185818705964
0.10294603553202046
0.09700674487538732
0.08228604601077175
0.12892841093137605
0.10393944082742916
0.11611036962928359
0.07760017601615354
0.058654153743519524
0.07910603188654652
0.0823391814172633
0.06165359486819376
0.12867005817838764
0.06834179760808018
0.10575520585432165
0.1352781461809256
0.09042268003347301
0.09204014549178062
0.13082614029884967
0.11398565348207765
0.09006161848005978
0.0751936277179388
0.0858038852635933
0.1424908582613982
0.09256711279668141
0.14343850198531388
0.09359785726772364
0.07506824862869031
0.13483161168668387
0.08771959408716927
0.0725266119930329
0.11434551699022269
0.05672594630110323
0.09875270506090303
0.033930030487934776
0.15343759333256354
0.08200083258723223
0.14137945058005003
0.15187077780256808
0.05145660476496258
0.1601890871510595
0.09690822169377296
0.10195947235060775
0.020402965271882345
0.14594054472505852
0.09638456586809539
0.09713480050677391
0.12742582724376372
0.12655224479231816
0.11777274495623065
0.1212688392420556
0.10837824908791532
0.13482588029604936
0.11286019984793205
0.07539886249126594
0.10401344024636106
0.10773250368070161
0.07537060961521194
0.07146171816607252
0.08116748681152952
0.09922872457936321
0.1609154498817261
0.07457532109345175
0.08734407643954464
0.12849037928165796
0.09597394122486116
0.11986080860365786
0.06365273038260345
0.10598716312270662
0.10166250237307363
0.14449361050280632
0.021485952427681324
0.09797773465622626
0.08746801787100873
0.09437554465284649
0.07037024004209466
0.06873759643953493
0.08748956248012241
0.17276623181791093
0.08267912240320964
0.15100178869348538
0.07697911871090646
0.13402427255239713
0.0917553035578608
0.054603828592819134
0.09899002450659909
0.09703533641902264
0.11725266416527204
0.10017029215768392
0.11150434246336421
0.049254144782110765
0.07386145259782294
0.08516324239492502
0.08064975870724578
0.12486685020704257
0.0990878361133648
0.1216030586012215
0.08836977617821848
0.11090719114067493
0.07936976019770325
0.14154685923004573
0.06899174414117888
0.06701276770577569
0.0646595924550275
0.0865084722836889
0.10485400441784762
0.059714773977143525
0.14087863095986414
0.13801875806446684
0.0971903810965962
0.10671404008167104
0.09254327076354432
0.051982521239009004
0.09266106961075227
0.0443938088949754
0.048548126646995766
0.1004367778409394
0.11888000734792208
0.1047171719420014
0.12807045573838607
0.05638874350052027
0.16358892116813767
0.08527926414205769
0.13186643360069777
0.13090210702601002
0.12116064915629979
0.08623508502629851
0.08229814248892026
0.09806174338689333
0.10973960538238915
0.0776045494460838
0.08484461503772674
0.1285888156485288
0.1220630548046396
0.07840076553095195
0.13431536032142857
0.09605168150826296
0.1006410941233472
0.0712451505019523
0.11794097864811655
0.07677623988905581
0.05524052485384804
0.13072453547934065
0.06680446849217574
0.09517417941963102
0.04035651890354516
0.12232019147586973
0.08628913249231839
0.07332380520345663
0.09037354042735132
0.05171476237625631
0.09622188227550987
0.09458925373318663
0.08427045823852705
0.10394315051000248
0.04583098665189982
0.06274578580442122
0.049041554334154774
0.07587424302020714
0.035496445520008316
0.11534345448682966
0.03363253003872606
0.09215703495314234
0.09930517431895404
0.12372012970832541
0.07370759221484614
0.14679891042645465
0.08670039906147137
0.10989403231804891
0.05658524208702396
0.09009823664411845
0.09245437565833453
0.03612282729757324
0.15043204311944816
0.11523824206990553
0.09172150404990251
0.11702800117787884
0.07309924989143285
0.11361567536134946
0.13305202316242098
0.06751483208997389
0.11288030971419116
0.0903170660625683
0.15315660145276563
0.08542162250574997
0.05509871560538078
0.10444057951965863
0.1216512121446907
0.092893084460337
0.02963193784705201
0.08352515335735841
0.09928906166293795
0.1047203561299544
0.10215203008971525
0.07850983294440926
0.13821171262460288
0.03289172461446446
0.14177514927514784
0.05449949595275069
0.11079496612914716
0.06698441944630373
0.09756331133819961
0.10872139600529762
0.11105747544758901
0.08447558704989339
0.12272018178234338
0.03181855390649292
0.06136851044406956
0.0729403400300407
0.12507445536469022
0.12996413348335864
0.08750934266840432
0.08714081839339188
0.13053006047621613
0.14798174355839713
0.07263178573231781
0.11437937477854632
0.12198208367298169
0.11484167364089912
0.06098217043807151
0.12063766300837397
0.1723221089537166
0.11354324069555169
0.04370670171718673
0.10685428453071831
0.06695845851660212
0.140604148941194
0.047070979868635
0.12610526983466228
0.11993097151223878
0.08956490560037343
0.1503224506545064
0.10002326490861152
0.11330291309249406
0.14099158770543235
0.12332437631494485
0.09247445253995451
0.04034680017615263
0.10922275044622408
0.09736023438418265
0.12251466849431183
0.12956204744327451
0.08584426476665266
0.10012205530272054
0.11597248399537301
0.14407979809050053
0.03477762524319013
0.11591766413102582
0.10830108617943639
0.12162934797364505
0.06500388939561247
0.12096978602154368
0.048668912781255215
0.09248556411645367
0.11073370462191376
0.0931698790043396
0.051543742496485814
0.11135776675332944
0.1182728530354931
0.10131814254645025
0.10625967359973439
0.12471705233267429
0.09688887401957463
0.020321365607534086
0.048348613260526696
0.13632326815222073
0.09546231686200453
0.11377678232726511
0.0899334452820827
0.048126393278693565
0.10603531051405454
0.12338950195277704
0.11014628241987648
0.11005710131918521
0.10940016980716781
0.11119351689475075
0.10651560978148288
0.12802415155858593
0.0970296746945697
0.048441191595344386
0.06450539529330188
0.07242166907596947
0.12644187519532193
0.10834969517472416
0.07447090400423731
0.15318757525269322
0.09407036746377338
0.1452095604293022
0.08201701286929367
0.07606498945900059
0.09703659175904378
0.07515652271472209
0.06490134010228324
0.1579422370106113
0.09421914844471907
0.09977816404238853
0.11071483692835433
0.059093576553153566
0.09071735440152104
0.1043894582733816
0.11025540167321068
0.09291411991364391
0.0806002952526578
0.087980403848193
0.06496734803091345
0.11868172833277618
0.10986900510260904
0.08969917503002256
0.10806985158212493
0.09786173244496651
0.06671733418777823
0.11036555849824975
0.09463024848814326
0.11652160715814958
0.08216139811061882
0.08988820662514241
0.11472453919167044
0.11346590712151382
0.06317477791502762
0.08534557834381389
0.09924120554657961
0.08273320364556913
0.08283642588048101
0.13881439726867087
0.06630822822185203
0.13144497001050942
0.05052485374555966
0.1307227371960264
0.13169140742802438
0.1357702172920524
0.07065686291575643
0.13766025627823714
0.11075111672341977
0.07089817494072224
0.024987089532328588
0.0549870009225243
0.10249715455331539
0.09638836298180017
0.07967851017968247
0.09252069505236481
0.11219437320169336
0.09371710920182533
0.15108370813942804
0.07660748755513937
0.11554078783959962
0.09953824460104689
0.11562620015980338
0.05216366782283659
0.11744594871543965
0.10713743407575196
0.11764975114200937
0.10006371474981621
0.06032090763129596
0.04098248209548537
0.07569560639557851
0.12873711506763946
0.07754949011294059
0.0800389191490966
0.07114901231044182
0.09927277928519286
0.08036363376646581
0.09401155682201769
0.013859744072003244
0.07215606672901843
0.07489055183038618
0.12573461711898415
0.0898958338585937
0.10766697461115071
0.16012248777009946
0.07234754029731927
0.0916597222604305
0.12055576466700851
0.13603271019855667
0.033505310398340954
0.06294458028856305
0.11598899626103619
0.0899935036269456
0.0344851520357511
0.09995712433204947
0.0593028894465657
0.06892875075041745
0.09168314783045908
0.10030379019090364
0.049206800023549595
0.11457873374097191
0.0807365868836323
0.08425475609711695
0.09145884188510613
0.1147311021429687
0.10772920148293097
0.12065788034208952
0.09778954047645222
0.1388172735513948
0.08206171131472483
0.0833579215093627
0.11174810195747253
0.11158486933519969
0.06705797219800998
0.07379963468626805
0.04376859312060021
0.13720348128222412
0.09297540282706349
0.12636393955347414
0.10097550167090458
0.16054650602341652
0.09597005751403263
0.10497845799590531
0.1165017590035423
0.07520624308810514
0.06668086356675477
0.07858494950046345
0.11004993291595125
0.09629558748634096
0.1360576759247579
0.11782562698944771
0.1060919519730389
0.13189758021055686
0.0831145889125138
0.08438246028153511
0.14654621627876846
0.04353222050608337
0.15058348140179043
0.09725966441325129
0.013444440272504687
0.08548392250785138
0.12011924809366263
0.08354286861050204
0.11789910384898433
0.06273569262080624
0.12512518353095317
0.1044577472641971
0.09134670391594352
0.17642731647892684
0.0624685301093061
0.09991573363833404
0.10885780569956552
0.08397575403818305
0.11109553795137479
0.09622151393111979
0.09259484600459704
0.08093866186774941
0.10032522054396888
0.16311357732211285
0.11540383144427523
0.11713618103892677
0.09771740629464334
0.08006479799629403
0.10915759055924279
0.08708117493791563
0.11484814848970684
0.10228530072267855
0.07735034748783723
0.11096175816202426
0.09084270973779485
0.061638937080508036
0.0894978389858338
0.12698915584993742
0.09412590784745796
0.04719053042309297
0.09680975484828977
0.1145180857119229
0.09208177104037739
0.07700079182837258
0.15391506480758296
0.10229443400351612
0.10392150680353505
0.1280259661527777
0.1150097657895076
0.04169281842757805
0.12129528750083729
0.06845587215303042
0.13941124328942459
0.10193256699546892
0.08472389369556828
0.09151609985383848
0.09347427144947913
0.053741127146694954
0.10342632429335732
0.09667826605348534
0.09686486833183902
0.10718401950970388
0.07746352544665684
0.057188229436588967
0.06459438019724564
0.09930627813517158
0.06492101651744656
0.13396580352072424
0.12597308485240655
0.02821186740031477
0.07001565706552676
0.16845249802659776
0.08817564749867512
0.10515648090642368
0.09691925160435537
0.0736528444807299
0.1252431154344214
0.10642057607388566
0.11153279801037098
0.09688582778183524
0.105501458979849
0.13041270417329906
0.10107894699402524
0.10207661807259227
0.1086982029733831
0.10162614949752354
0.1175806870841589
0.13441925790655365
0.08838735022513887
0.09629088585534243
0.09096039247549423
0.1700366581145739
0.10568228101958649
0.07661280836170636
0.09220040166239463
0.08878782572150908
0.13852255281622602
0.10944674406240865
0.11090017326691784
0.12575090129306069
0.12298000014184507
0.10578451643817545
0.07428386300834257
0.11116556136943187
0.04050240263798544
0.11739014386554429
0.08057364513460533
0.16141940578533814
0.09695633141890551
0.08913544547683323
0.1272303503759124
0.06760624793976404
0.1497819330945387
0.0700303713413646
0.08969886302161936
0.10772287525704348
0.0734918238463968
0.07674938754766412
0.06997991808484673
0.059236978811589576
0.09024246201455054
0.09340397626438379
0.08396531036753116
0.10847776130349622
0.08347773361207049
0.11025107534049255
0.12628889738099988
0.09199705079539387
0.07573403242118332
0.0648957401921545
0.07404062030355463
0.12887473059320445
0.15540223905571082
0.0475903316216106
0.11894324192396873
0.03211970568477088
0.09606099112337793
0.1052913775515177
0.02557825924612117
0.09121507882855935
0.1339860183567562
0.12587892039795517
0.11882726462068204
0.05734273129901035
0.17023504831832065
0.16114211587884325
0.10468986501374473
0.11088011581782765
0.06951698102393436
0.11373205725003124
0.05320220203678904
0.11113283337529425
0.0929045328702616
0.08204440440048325
0.08463701562109077
0.054354094539243135
0.14911317197126933
0.10453033018814903
0.060837960957280425
0.021447773276359758
0.10470425510521549
0.07381429411730259
0.10155890012908243
0.08254270575321267
0.13862911528351513
0.1390878276083164
0.13863440981441424
0.039138885067425945
0.06620509907980807
0.05825469549678607
0.055384628461137175
0.08545095672527969
0.14233942951527337
0.05681029992333162
0.13314566947122936
0.1395720889896205
0.07499288411806726
0.05808669567070115
0.09886805433736916
0.08887812195074332
0.09711172160275063
0.08876695315594049
0.1033204133923992
0.09050964314066168
0.1486156997921496
0.1259209826460055
0.09624960903736886
0.12408615406906573
0.12361009885741506
0.104576430826663
0.08372461119451693
0.09328852093378318
0.11951962084230049
0.1618039064805022
0.08801946309799215
0.042591872043828014
0.08485319798521017
0.11600706465543267
0.05349524150996875
0.08034357365271944
0.05744868740587989
0.11661037236081938
0.16577293214946232
0.10955249721477708
0.05979498076677733
0.10013468289824369
0.04397352718728923
0.09946107908869009
0.12889075764326174
0.10257656909415688
0.12576239211414028
0.1098573823365072
0.09243190767149666
0.11496596219693848
0.13588395406677178
0.029605617681012497
0.13621748901001227
0.1072437181314901
0.07699413285775697
0.1602905462105959
0.11289543592837745
0.1173919116273423
0.11739993022450276
0.15630831701260045
0.04230699832079777
0.08472678330148024
0.13067081143266238
0.09680510902411239
0.08467028812582449
0.11268190273587186
0.04581027003986977
0.07988826309521578
0.08374255561430297
0.13356505116636358
0.07541464452540952
0.10145704383680389
0.0892916939132367
0.14986197381799982
0.028483363845835732
0.0896686916319924
0.12081271878344298
0.062477602709410246
0.11884120211335196
0.12074398484893831
0.10572912089223149
0.13709521864908125
0.12748677814971146
0.04027256278386958
0.0819349160016502
0.11103791515046843
0.10570777004643914
0.08522565960302088
0.09302142906126455
0.09474376389647941
0.05968126929796299
0.16262556806848188
0.11923264898500598
0.1087607651403861
0.10531870847420605
0.12039285972602529
0.12699926649542037
0.10704797028973845
0.08343350100632628
0.06495366396173367
0.07547766259239001
0.07796080211858311
0.10624974235877914
0.10614876818778263
0.10905893068287029
0.10338246726852966
0.07625475422247498
0.08430391629198974
0.08097170561990025
0.11077065852442945
0.0669605835461449
0.09522467145052288
0.09077403935279112
0.08160641803426198
0.14158784375892555
0.09679697262737919
0.08118476172806605
0.10553614289740504
0.08027720027042853
0.0808152633333587
0.15453147467556377
0.11408752913724385
0.059175212269298935
0.1328086048447688
0.09494114583544586
0.06708101945560027
0.09595509658054033
0.12771486695732626
0.0881775551661669
0.1374149555431854
0.10101893594439618
0.07569956989508066
0.13555572634360674
0.05462976433742398
0.07637212852220696
0.055061049213579835
0.12844285284393409
0.12384542920046407
0.05040126671658315
0.1603113190559719
0.13184050939502312
0.133314324860677
0.11803521031409116
0.09380934531875547
0.1396703905286831
0.0920391097093692
0.09442073840625174
0.13359477555451282
0.0950227984021422
0.0918902657737073
0.10725140477794186
0.13901065760959608
0.05918774917509443
0.05927288838054305
0.12495316338059667
0.0901293575595929
0.13725258830713039
0.17607615901592136
0.12517377345642122
0.07742023908692622
0.12603765967043928
0.15139559068336
0.0371908890777585
0.05644075908385207
0.11161586274449664
0.11254592634575424
0.10382900388318675
0.1419899676142451
0.08002002841040791
0.09794510766366964
0.08928360080976615
0.12229963396864091
0.0966084789389153
0.11404800516510939
0.13133186945734276
0.05174547510452976
0.09233298824557333
0.0697121130918768
0.09909326331925127
0.10006008413245931
0.10291891961913652
0.10437083670831297
0.09543707762207401
0.13592238222168565
0.09893400174876474
0.05078678061742972
0.10629380454480553
0.034575128082116324
0.14555514961834526
0.07047626922649652
0.11975703359599832
0.12020772802110126
0.07742616431448957
0.0544614131789176
0.09458045063009814
0.16351381333206658
0.11606199067579123
0.1068178122347023
0.09791896248101997
0.19560027016739365
0.06565026236966087
0.08379272450959994
0.09085079279633544
0.1694067594940029
0.12916376021387105
0.13001714628728991
0.12910692526216846
0.11992278422534615
0.14419159983627264
0.08954086121057979
0.13072078150138644
0.13625080371292808
0.0961058144787529
0.03999771761845202
0.05790733844914274
0.06176775342386511
0.06493518571165025
0.06250024737622603
0.06010813470244503
0.08739899114722449
0.12005627948049018
0.09564892561977643
0.09744593499642346
0.10845062774521298
0.0970759655064958
0.13870624060764117
0.10513759171455803
0.10071202237773723
0.13057542033400948
0.09712115724045306
0.10654222930320334
0.09474975468841103
0.07001951394101641
0.12491368713056737
0.1010874444390686
0.14449324622521492
0.16562700755219623
0.15770436860668546
0.08038552400662743
0.07264999545540153
0.12388135530632538
0.13571961721639805
0.07651497803518215
0.11128523419463181
0.0828615420404181
0.06749327969815475
0.11212274619050785
0.153111682150744
0.07013167204021133
0.07630668125650403
0.1427835107169736
0.10950507462870068
0.0783563980891194
0.05080544980940172
0.08191461224779205
0.1145194329790466
0.12880722729609165
0.14117777431580153
0.0912114005617658
0.0738300738163582
0.0715094523314358
0.09427357507086523
0.10876907485686421
0.08111604359258597
0.11632309377064101
0.11873881091868022
0.12555297132026538
0.10121858373224142
0.10904775718657383
0.17319766737342318
0.08468653226391701
0.08641314515011451
0.03310272187401374
0.1369233469695693
0.08871429722580403
0.13564427502231574
0.046987598011142016
0.08894399855500845
0.088776449337893
0.12922224599113474
0.07088191665273572
0.04982978391248617
0.04033886488679768
0.0895915708120167
0.1072727753706077
0.06575931075370978
0.06929346627819337
0.03491257466714236
0.07039505097795727
0.1415625011919054
0.10670965355050421
0.11844969475013756
0.1188455902335659
0.13055980008338458
0.12692824451460497
0.1063732553597096
0.0925075906161164
0.06892017505070412
0.11664092739364151
0.028590225917320397
0.10467930318993425
0.16549340848937452
0.10575262362805032
0.08390590846356752
0.04504864678363069
0.10360519780501107
0.07290185523258859
0.10542449579437421
0.13838374502652762
0.1181236987349642
0.07603208633418473
0.10352012922806844
0.09360338597153693
0.06918046736318052
0.06519504638513214
0.07716048698328351
0.06334287305476523
0.1517799865570822
0.12498957184904216
0.11829069971308878
0.13732351242744564
0.0938828542447746
0.1339667249986466
0.07581508235362072
0.08535459267734018
0.06575894949543763
0.10828564759172415
0.09390863626946445
0.09752810504916565
0.10111681803304506
0.09144670158275538
0.10695669411548833
0.1241876238490896
0.12883177691913453
0.12398878540798573
0.11589694176398802
0.08039754026123974
0.1013914399378173
0.15234262016572464
0.08396298048596652
0.08942056896567456
0.13175667613834866
0.0824252859791697
0.12630916147901633
0.07933175734781969
0.14242407535985485
0.09955938366063062
0.08720449843884225
0.16177845178515382
0.1657994691280345
0.14186837574273126
0.12236818740373581
0.124255323206955
0.10699487668501036
0.08364978507621185
0.12000457515593373
0.12608308113317626
0.0807302914198326
0.10270006466386714
0.10319839432680937
0.058404750339497796
0.10480572326168311
0.06601244205997286
0.14287846631499662
0.10733418964800465
0.09866409833393118
0.0603304241966559
0.11023850603992023
0.0888958636245
0.10710322203041282
0.1237143747652114
0.11488251089380001
0.10132201465934643
0.1215204780818731
0.10495912089514475
0.10188744032064585
0.11728747158280113
0.08505987664958518
0.09824062371739482
0.05707216301882653
0.10653427697583984
0.1130025760977494
0.0907857308957498
0.11931700109466989
0.13901684100270517
0.06289072121340712
0.12241313874041354
0.08139619306223514
0.13313219693250317
0.11033926147058878
0.140583508695029
0.1263841858823398
0.036395881781897024
0.1284108812070366
0.10609869234696911
0.09171641645368597
0.16612779705750727
0.08856545680573333
0.12832912600664406
0.11509249991669218
0.12338700045539776
0.06419933458999244
0.07430031003355855
0.09167945670402744
0.13417847206638697
0.08619743373244669
0.07882472284064956
0.07493533855000883
0.08857541623099759
0.06562830813604636
0.13840772697121229
0.0968192486960641
0.08624365190238474
0.1151018227148567
0.120223418850943
0.10483231790688896
0.10294629246860083
0.08081713600066193
0.05970938286927143
0.058081080411564436
0.10708656460930097
0.13535005965293245
0.13009756173667228
0.0824587626667
0.07265764026499641
0.11614237470506561
0.09911778539296406
0.10392796267519135
0.09658414410917242
0.12831712460432362
0.0841950754763093
0.07772780579103665
0.13979472034346405
0.11661824232630062
0.0889171601642744
0.13489471901904126
0.08475618669469834
0.14311182657393978
0.1845017265916236
0.06524402081623297
0.09143221692985526
0.08156606030761063
0.08104265986863143
0.054042558406486085
0.051872703324627664
0.12889272170482666
0.0624072717537218
0.09082569872190438
0.12943722615235567
0.09525249154939948
0.13146208209508908
0.11759526324648309
0.07377131189033032
0.09268849359782236
0.09397959836897501
0.1510926519227458
0.11608843747439168
0.06523963692815063
0.1024363377575158
0.12101149845747503
0.0933647700978554
0.09697734188774083
0.07216125585969999
0.06317417049645992
0.13140506202557786
0.08197606708950483
0.10716384807877116
0.16159746308170053
0.15002257216830372
0.10197995966054318
0.10902241028127338
0.09414213283907552
0.08876572183459205
0.05395686755242242
0.11757681016616636
0.09997838073529505
0.07415897312194236
0.0644345310689145
0.08670208632907847
0.14129170504492694
0.12709533340107332
0.11843227047923635
0.11751493677615624
0.15029517286665972
0.08389023334419393
0.11705662074144377
0.1102133515077667
0.203065230193917
0.06743383927575256
0.15030686728824644
0.1497197327448102
0.0593855187109848
0.12009010221576752
0.07410163529898108
0.10870769412255525
0.12606865117383567
0.09446325773367611
0.12716256732647904
0.10574749257732592
0.05741421050745603
0.10029529740894265
0.14680491674125618
0.07415247088815857
0.09365837421037859
0.10605371741532485
0.11255649318092278
0.09312135813429734
0.08774870416649717
0.028228636262060472
0.11999052659388255
0.043154786771167276
0.08341683444197387
0.13613612652423152
0.045617305700260236
0.06665264611021413
0.09681879378653285
0.1315916811068555
0.10327941773668191
0.08854672303162008
0.07610908756913556
0.1435595308748608
0.10112626272921965
0.11054830816458658
0.12205745240333818
0.13502093729681489
0.07269740749301577
0.07008528797164106
0.08260884292135123
0.12201875348743188
0.09437263052059232
0.08995580524907311
0.07646384727366731
0.09303309468733646
0.08073692462709109
0.12022649202777547
0.06726900214805123
0.12124545343114276
0.12442897675833825
0.026960508031986158
0.050819568577425256
0.07682217445333449
0.049911275575674485
0.12878313598656407
0.11032300841025283
0.11109676038910044
0.07365153090490319
0.15298147798555584
0.113122728790487
0.12037047987943246
0.11598562196375789
0.11915065103833866
0.08059409757110787
0.05973528582311309
0.08228346280791447
0.15085734563294467
0.09910062718901418
0.12187108711879513
0.06501847319239767
0.06565493285804586
0.05869657895181985
0.12140976660362368
0.07707008563013393
0.079198419741279
0.12358117128807623
0.13494460091984636
0.08783612946874933
0.09513872898220349
0.10104387569619667
0.10898449617172336
0.06459025979581237
0.0055983278247485335
0.11266722688403182
0.11800350311819618
0.17137390722822282
0.10176069226933991
0.14200251036691303
0.11998219234555027
0.08648330330875292
0.10051798180221326
0.046906801116011906
0.09661554908697319
0.12347589783788959
0.06995397491525322
0.0618601919410525
0.15877721057215377
0.07344506761299813
0.1306587466152107
0.08408417899961325
0.12865651117042484
0.06766568147250637
0.1535280559742589
0.13000255397438693
0.07811380175027866
0.08626087054582163
0.09701107807101839
0.09310121037685905
0.1367940124519788
0.08838444672497367
0.0345170179184721
0.12189020687423074
0.04774663924491778
0.11197048794539144
0.17142829260735326
0.09624872105540705
0.10085413114714892
0.0858153239782308
0.1187143344600998
0.1508623208618519
0.11370919431175439
0.10387701585867856
0.09983289599897487
0.09002351584535323
0.0779177328366409
0.10893719815429319
0.0946496801659338
0.0989698718677479
0.11796290817526672
0.05617141577492719
0.11855523986639457
0.11494094369698295
0.14273390054415733
0.1306769916161992
0.10942943845760558
0.08442242523916223
0.0650233637362447
0.13741734537062028
0.1112429752709385
0.11105437280961064
0.12192528996950786
0.10865508940910566
0.08088473527783091
0.12507026210728303
0.1087142525773011
0.09756051651088343
0.09705948834987901
0.15311260644535263
0.09897263716939067
0.11796917741248193
0.09527376854350708
0.11911147440934827
0.0849531001494766
0.09918275507843374
0.10166108154510062
0.06931603771785592
0.0811694620450938
0.11816477193450522
0.10393086005824678
0.10367886460147638
0.12806588015047082
0.13543762430145762
0.10680815570732345
0.1038709864406978
0.03674728831318652
0.09660609770948964
0.06335638188698726
0.08634497354380861
0.1072436602965571
0.08350814377355761
0.07634139351186506
0.10279258844606871
0.09215042113992698
0.11102046739341637
0.14388090178166751
0.07857000858256288
0.0909944994738502
0.08849645732653098
0.13043476040356206
0.10419062996977511
0.11171407740552933
0.051913299140424835
0.11301107878646598
0.12039031627581774
0.09062436715069871
0.04495699449923028
0.09880120592979288
0.12539917476997187
0.111618017998679
0.10484174499680701
0.08935046987981347
0.14970890058062794
0.060229845954628235
0.10449748369535397
0.0991285375152996
0.0987569198916315
0.10913600821699798
0.10574638591451764
0.07134716020012621
0.06729982948588265
0.11023874406450786
0.1359504300367609
0.09023502434966792
0.15571024201712227
0.12291348159845675
0.08500219098130088
0.09694475976802472
0.13837509118648045
0.12862972927837046
0.1050013856815479
0.05868474345976194
0.09550331335479126
0.13653187063667505
0.12559879873624677
0.16885596284815046
0.1101506305453329
0.1136479953448698
0.12992545402902045
0.14067708996913947
0.13932144785148473
0.08414713911342436
0.14590921393165554
0.10744426516713158
0.1552797894831092
0.07487981710949734
0.08381786367595954
0.13810516573585843
0.131097364224556
0.09231857399683016
0.12643404034384967
0.10052514786183477
0.09060350405601296
0.10459094785317674
0.07825956503220992
0.10408942580115638
0.10749999385008203
0.16781734101104434
0.12602105744577757
0.08940784704522903
0.12111908349999304
0.06734363975738933
0.09747967365232499
0.09855619701503604
0.10404566495535199
0.11169095181765952
0.09280316682407337
0.17789359804844368
0.08117844663427373
0.06014635437528264
0.10952394525641267
0.126677162585517
0.13386882194471736
0.09411335762252183
0.14344413291356248
0.08623469161623516
0.12396964026552335
0.10388396292702247
0.15583979871092937
0.05355827019402846
0.13067616053265485
0.05746087151765553
0.09503857728429058
0.12946167200555747
0.044083600221695114
0.06816775712815243
0.13302400413494614
0.07467263443767849
0.05901624252503394
0.0377798150274131
0.13728723195113726
0.045627781537400915
0.13197940456450655
0.11376485975148745
0.1327410116179381
0.14496222299911965
0.07181526966371828
0.1397262047413101
0.1004353029724524
0.08042910412277265
0.12732529552031807
0.05904988460817099
0.11278717676852587
0.11427402378428451
0.09680581191018812
0.14074238451727486
0.11812505812129119
0.10581630966770397
0.11539521365167488
0.14617961760170176
0.09420046973928227
0.10075421574839405
0.10354321519405868
0.09069256126467162
0.11010390172253809
0.014985185849692204
0.11174796719391966
0.07068982193070551
0.10101640633162355
0.15147850683837624
0.10488031279915973
0.08609456415830909
0.1317639778414919
0.11067995254570655
0.038661272084833505
0.09016787679215162
0.11957696409725199
0.0864720317498872
0.0761887155428866
0.079950931202454
0.15496959358215864
0.09581939341195153
0.07509490011992827
0.09944355870375815
0.09028506292839303
0.13469738442222934
0.10888425251197392
0.08297508580407506
0.1379243475453597
0.13653504743830405
0.11312561997039434
0.050362930622633445
0.10033047408193527
0.10813235273244164
0.05639976441931523
0.1100024346804355
0.11199737270191014
0.04789159212216695
0.12768625443528756
0.11443365851707343
0.1039253792318992
0.059314808354391235
0.006140789542512376
0.09055662498380274
0.10546554161096784
0.07874862618251183
0.09722914209519858
0.10843460680303242
0.11241592123674729
0.10534765924883023
0.07791017690286316
0.07447655429596815
0.11484326040826526
0.05748041421547154
0.07514059686622301
0.15960642280431356
0.10730481081749121
0.1403056948812434
0.11005316448858934
0.14711909747111765
0.13806668636379213
0.11783903100847798
0.13689846800192423
0.04044922398498771
0.0683844092944936
0.09973711735920465
0.12427835267889761
0.1494212285917333
0.09506810165005583
0.09218787709186234
0.09277586575423673
0.04592197881544624
0.05541799676597245
0.06565977162237557
0.0951448524465565
0.1084722772121901
0.10876544557217482
0.1329195107275269
0.06180590529029079
0.08193515393665604
0.06020799914450058
0.10737318221232117
0.0708161436900111
0.04460742804424201
0.08345231830273057
0.07425200164917557
0.08083729621116105
0.03902067390269668
0.1009490365277274
0.03633173028688527
0.06153044159563253
0.15096359927762693
0.07620036471000828
0.09122269930936815
0.08322771870712686
0.11244810455528113
0.07794077610602203
0.11104659924247623
0.0984499105508808
0.03553231515888883
0.05662609457709599
0.13597459418445249
0.03399411559262948
0.13605641610584007
0.08049696877881708
0.07911567883767037
0.03564757464155208
0.1601357465793889
0.13681479592382056
0.0714074450374611
0.045654868476506384
0.0645953189276293
0.11124609293497258
0.12014987741558146
0.11428214357662218
0.11577571141053503
0.12069064456516809
0.14153461199561454
0.10109150239377826
0.12525639842265743
0.09530492269707794
0.10311851945514709
0.07219719821915357
0.11071279281044698
0.12144094140000405
0.018806124866003443
0.09938354532866724
0.1113332140584581
0.08341975836958213
0.09535156515350716
0.1398273405705401
0.04575552936897123
0.09593029585596287
0.09992556637925963
0.06430171096351213
0.09203699928955163
0.10717486967067046
0.15541119165320644
0.03634527043032408
0.07176832607138968
0.037613916071995566
0.10911869647289284
0.04556027751134899
0.08996607871754911
0.1205358730794615
0.1308913973735344
0.0772672277562646
0.11620675026410904
0.0784583764362147
0.0757716055953136
0.10508256365503178
0.11787031999963082
0.1404492380726762
0.08928963257699793
0.11495171005370391
0.050593913294511614
0.12718702764634737
0.11361208740449397
0.099575147231891
0.04425942301983754
0.1101743762536435
0.15497459050918827
0.08582243229253222
0.10396818583329423
0.1275362697069918
0.14864421082565085
0.13195812235605323
0.1423860481380098
0.09076076046093037
0.08083372417657422
0.1321404834096042
0.12449979504929912
0.14997263240042027
0.0913302674695251
0.14550128780021526
0.057451472276259324
0.12196456300562195
0.17047613034107278
0.18814755107537212
0.104878321187378
0.07197014880712593
0.04663335735397477
0.11549036024066779
0.05995883714006595
0.06606867632713374
0.08351529181797673
0.04952048110594326
0.05970067964165706
0.1097340425797011
0.06471003729136282
0.15256483174151655
0.07967447760627058
0.11354292161170257
0.10860619811828627
0.12076904737157387
0.13936627500018048
0.03640585093933235
0.1236513966233301
0.11655458642444659
0.10173050933341808
0.11729814727833898
0.08349480758795308
0.1078292190708449
0.13465478767987984
0.06713069794399784
0.05466574834027016
0.07874103255545004
0.11903595211796165
0.11447985772682091
0.16060164444446498
0.08835944243242114
0.11807923347937561
0.11679788016638873
0.10563778901207502
0.15736776645668626
0.0841236813951776
0.07049983854780645
0.12312470382126381
0.08583967107832237
0.0837950894067212
0.1244237038147573
0.11580488415125398
0.11398592064888496
0.06571189534083904
0.1386156900538107
0.060686651986734674
0.10341548252833109
0.099321600128358
0.09373937769751277
0.07879719690658209
0.07780563091920203
0.059082762102082506
0.06454416986405899
0.08609818726360838
0.08678717407630564
0.05278553611602097
0.09659351080988376
0.1293232712780538
0.149985275459446
0.08338322497671244
0.055762298840413935
0.10469583856598456
0.10111659314943645
0.0854889299213668
0.12616050182351465
0.09471243719395447
0.1362350286743305
0.09976627588830515
0.07349720178717108
0.11261349284354111
0.0775210302246001
0.0812983662387318
0.061849950513970374
0.10266036268644398
0.10565032703185531
0.10781531105618167
0.08893999373781304
0.07709655034724164
0.07472792891443852
0.06598721995608375
0.09743872744092015
0.1267902613919501
0.14653447795288274
0.1651709696499159
0.12666336718579785
0.07539550786298307
0.14498633925647875
0.0934772455680777
0.10477591302708153
0.08089913807769782
0.11287783472278969
0.096032521821864
0.08062759810134504
0.1269008849262883
0.13097545852362724
0.07055057748577234
0.07152068246182561
0.08369276787561261
0.09575345166182427
0.042075325457094
0.0259647196437144
0.14075862100389852
0.0959459691788077
0.06630141285825758
0.0628630916366969
0.06598835482918025
0.08203596840515351
0.13763552091281983
0.11824797621008898
0.10624929376357328
0.07276150406223936
0.10520140297108238
0.10443623960740465
0.06067268745548787
0.11736713908110488
0.0952852543283179
0.10232834165271713
0.1367106047330573
0.1178058347250624
0.11778193490180863
0.12886913335495653
0.12732242534376612
0.09445985881344723
0.12653447415253125
0.1431155237538712
0.12292615728774385
0.10840668091214235
0.05486421141848181
0.1398792207383099
0.07934447331840032
0.1196409093795967
0.14409765125191432
0.035720983765115136
0.09662811726349757
0.0969659432723243
0.06985307851565725
0.06754789140396417
0.09042072968879722
0.09404138066052224
0.12374534882806879
0.12430579702949907
0.1078457262405537
0.08564267498587069
0.08904056831585941
0.09025407562446644
0.07366062100251393
0.12325824124138145
0.09850319364842108
0.074391020324934
0.131416756428962
0.05615920554308056
0.09426518384079068
0.12778044879314
0.1402643308172541
0.11578422752526459
0.07660724597158386
0.12154446953466051
0.0988385255715234
0.142515203643531
0.1720516405518256
0.04021464905096544
0.14485910391171042
0.12635756823640756
0.11940880385613142
0.09133261727944296
0.08155400871831481
0.058705581332859705
0.12045740435238568
0.1435882527687456
0.042201287866827586
0.1425680919555229
0.11929239954460943
0.03722369046654507
0.1235712984217614
0.09195089706219899
0.08758722593858495
0.12047827296673404
0.043900896321976614
0.0907651175900677
0.15657038677211527
0.0749956548637238
0.0791239762828468
0.10694952555762703
0.16512103142086648
0.08275260100587412
0.06573234227682306
0.1426835749376871
0.10254763619938424
0.16600089458563055
0.11373409482539187
0.09848308839357302
0.1394074678869125
0.08093248025117639
0.08171083402127459
0.07905562774859463
0.09564502237729859
0.12481007092226445
0.11435173940357189
0.10213305326491988
0.07249365471139604
0.10676845332706776
0.11858517017460966
0.06744312239733677
0.06686381130111309
0.08729887675134415
0.15162754055716463
0.057933337032246734
0.06785337455522208
0.06448488637754858
0.08495858291064384
0.10580300303833923
0.15794828900003016
0.08591779512656438
0.10319461966001858
0.15049411391425344
0.15702487400977017
0.128842811439167
0.1106201818389399
0.08567715143546256
0.13832232259362956
0.11527777102874168
0.10516140674998986
0.08532222646116452
0.09370465402042859
0.10571490505411069
0.13782247705341422
0.04719299904890267
0.12737755578310417
0.06839928088408012
0.07193204991606578
0.14358852672081382
0.1018720292349157
0.1460025910897758
0.12755429615711347
0.0941546848987683
0.09685351190935962
0.10489778140593987
0.13368396877174632
0.08707660392390802
0.08589923970607753
0.10047530958945786
0.11885431085066298
0.1055972551605813
0.09488850235717856
0.09995783348108636
0.08449765073055952
0.10787544192732486
0.14921522857998598
0.03285152064634983
0.06750116323525882
0.05744532936862716
0.07717763491274512
0.0756599285661996
0.10809146700239625
0.15076074297117598
0.11632792401022184
0.10266096002079579
0.09468514651914547
0.07373700305401583
0.09055030211771496
0.06025192830091156
0.08791909264570881
0.10894440775001102
0.13827496888759477
0.08258563041801374
0.10585417079455248
0.12491986731637522
0.11560333901126885
0.10557949552198134
0.05950403060245623
0.11562167672050325
0.1204766017235609
0.07689825178738485
0.07517739989614894
0.10094699151332488
0.08078232715613123
0.03495518209765963
0.12354296575876905
0.06587619235290898
0.10932362720552805
0.09274973741386848
0.10127507525227802
0.08949920231986075
0.12821429124245484
0.10687750668132892
0.13932205217035948
0.039017814488651846
0.10050279036000176
0.14776850975812225
0.01878481307585954
0.08031537498987285
0.07551355903693271
0.1085419766566653
0.1022485389990746
0.10547837041698306
0.13061923042107082
0.016063142893246868
0.13631692635821152
0.12892084652138547
0.05955658691070279
0.11317240495420851
0.07621428013866838
0.1281072980449507
0.08656745024933571
0.03002142966239159
0.08652918282699856
0.07118387191228184
0.1262201759890869
0.09820144433966942
0.03979192572508559
0.08113708257664448
0.08853234512436407
0.08845111831518346
0.10440578046349995
0.09071604197596198
0.09335359631616283
0.07225403165243857
0.08683706577016123
0.1262105620878008
0.15331949682942342
0.12602720353903274
0.07999958638652896
0.09171036233477979
0.0679109752773603
0.07226783627959654
0.08134776993968566
0.1001258594560145
0.07871060604182478
0.10619815181077229
0.08891837546905831
0.14580943400491958
0.0826716260396323
0.08863770191146093
0.11211727278437923
0.11150746147253957
0.07178655806987658
0.07559419142573912
0.07932499531915914
0.0927381030203397
0.08715178445535746
0.15132690708208973
0.09313125652457438
0.08026632222441171
0.10620020085025843
0.06205686974055208
0.10253308989614471
0.10073206730595338
0.09844303252014697
0.08764446525298758
0.09743554135099212
0.08292542421103281
0.06773917499408405
0.1135202770835366
0.07461853484610019
0.09004679135719483
0.16440209585593868
0.08060225981527189
0.07723878678376976
0.1684696173242404
0.060497504594621825
0.009934951548402057
0.13368023552730435
0.1348909873661165
0.09560892447144907
0.09724874421550002
0.1365886257235645
0.08425889969850246
0.06287197149867464
0.13244965850369742
0.049823843895798366
0.11044834719762057
0.09497523647562241
0.10266473252942158
0.07563882848082273
0.11997194347866516
0.11457895357252433
0.1374463134926901
0.0960931048337448
0.047802204306765364
0.08414884100791084
0.10859145748975292
0.10808908842854129
0.15439880877021664
0.12428754203499093
0.0683730422216059
0.13237171334322892
0.08346296326690572
0.04638813633709609
0.11531311797650443
0.12310771678794061
0.043639775542947463
0.13415594225358216
0.0712040432003224
0.07942191082833919
0.14582772848783782
0.09845948180280682
0.12021742935621248
0.07967096051723407
0.07119861900692145
0.1155594771807192
0.11706608598467724
0.06864026725746268
0.10002188153361592
0.10726551612102203
0.06235100601840123
0.09833610780191661
0.01230917725148574
0.08569255877335664
0.10809883384054422
0.12628857534262583
0.11870816290953724
0.07338304770426138
0.12389634122412149
0.0823605519063951
0.08255585198297
0.057874045416606755
0.1065605101125271
0.11852998970338163
0.0879691100402597
0.07281249162970667
0.1235319357585745
0.1290550121326277
0.032232275918332054
0.13111084356643155
0.09682005501320086
0.11420605785656554
0.03243604644087909
0.07417430643155118
0.11868464156164903
0.0883125650687713
0.12526724334477357
0.10033572045236734
0.10104125976440528
0.11394661436418997
0.05179412170265442
0.1319161970625774
0.07730122097271946
0.12401098494332179
0.07753710641187098
0.08390346551359776
0.13150761774884456
0.05997008806302478
0.10152611883125867
0.06706055777700137
0.06438806626205072
0.06265819018733387
0.1301049613030623
0.1462557274228052
0.11225616380592322
0.16503096372373766
0.10794269267123954
0.061704173279656035
0.0697594110045887
0.051496521337980924
0.15745442926428632
0.07863422292497482
0.07590479854925099
0.09903165978140951
0.1409233870876952
0.12608066739947266
0.10716467851034818
0.11878352210981685
0.03467204102053845
0.07764756964806242
0.10589050597896897
0.12258549186227403
0.07336455194664046
0.12496133155005888
0.10968639826316016
0.08722111929431453
0.11902218817803994
0.03391842598374445
0.06866082293940526
0.1422220148480543
0.09773461297477125
0.10260668458463616
0.09982861683586855
0.08296254562940619
0.12206146635528392
0.10537222683703405
0.12703077797599682
0.10322067737931634
0.13064961446262263
0.12642387680565578
0.1271449456474894
0.07059286363118003
0.0836188481349678
0.1557451345726676
0.0982085263585547
0.08952280093487425
0.16460546589729802
0.09183655272487756
0.15096717107108157
0.08638211242412161
0.13220374110342545
0.12260901226717709
0.08501626068130827
0.08745189704082519
0.04985669910061386
0.1207448584095319
0.15081267726298653
0.12907904125985512
0.14381571075691021
0.11280683080776036
0.06961197462120738
0.06754383195992665
0.0984320309324878
0.09670636715114837
0.08964129041911931
0.0871765873658204
0.07125099227468809
0.08077817954533746
0.1107463868950886
0.11470943009494328
0.08728667961529354
0.10865964390164394
