Mean_Perm, Std_dev_Perm
184.30065315345223, 370.84858876541847
192.01078895182386, 377.8481468445538
181.1401539535765, 352.26754373830727
186.43310503174857, 334.6846530576552
187.1384035474892, 343.0768783952673
