Mean_Perm, Std_dev_Perm
189.1125057364778, 355.9482096267694
187.4394644190668, 366.2886677206254
185.3896865376163, 365.2791898894663
188.84968821463966, 379.42469346119486
191.4259144008893, 369.50013651007635
