Mean_Perm, Std_dev_Perm
1.2867364998284507, 1.698577678235386
1.2781996978451817, 1.6998598171005737
1.2858024920284508, 1.699981771512427
1.2852367168984795, 1.712725744291092
1.256801572043548, 1.6365719102704566
1.2541995789829146, 1.6346241344636283
1.2456619107219473, 1.6406885048893076
1.287056431646259, 1.6674903129210676
1.270899711657397, 1.6874208754214899
1.253017684668261, 1.7184413744928908
