Mean_Perm, Std_dev_Perm
9.51863754581517, 11.925604505103259
9.552512977740445, 12.196998863206652
9.511914167727841, 11.807431157250713
9.873782987233051, 13.204997536816055
9.638817430333042, 12.076834525574872
9.542251328981543, 12.191771717480105
9.994889338770296, 13.066404767987432
9.73079905985658, 13.047582532290075
9.71120210318121, 12.430145207344927
9.725893244991589, 12.4840740149737
