Phi, Sw, K
0.1489175409876015, 0.33333333333333337, 14.846526797777706
0.1531676282115406, 0.33333333333333337, 3.3277069923198574
0.15325976766233307, 0.33333333333333337, 27.92345207464225
0.12501389578981412, 0.33333333333333337, 5.545641716021269
0.09852312686983727, 0.33333333333333337, 3.4835296146145316
0.14024098998356316, 0.33333333333333337, 14.444143305377658
0.14523617915076065, 0.33333333333333337, 2.999064938413496
0.12797398439722885, 0.33333333333333337, 15.434461145758132
0.15713744536779106, 0.33333333333333337, 8.546496063329993
0.11845331488528522, 0.33333333333333337, 8.914534474563224
0.09449918908901772, 0.33333333333333337, 12.060716254002472
0.1427646625966168, 0.33333333333333337, 16.266165841555768
0.0966361987747728, 0.33333333333333337, 0.8133661120243653
0.07428372959239396, 0.33333333333333337, 20.356078583337275
0.1451781390355623, 0.33333333333333337, 34.77320217553291
0.1256641660704759, 0.33333333333333337, 11.299048916476597
0.14631548854659726, 0.33333333333333337, 30.353111564095173
0.11958663283464797, 0.33333333333333337, 1.9404990135029714
0.12827169365680252, 0.33333333333333337, 1.6518732201564357
0.15804920446096957, 0.33333333333333337, 15.935403775872453
0.077424669270661, 0.33333333333333337, 0.9109029286268091
0.10666821557561544, 0.33333333333333337, 3.2687068969920214
0.09246620209568175, 0.33333333333333337, 0.4042378189268492
0.222742851158385, 0.33333333333333337, 3.4313491216529135
0.08117992382013367, 0.33333333333333337, 13.958426471347172
0.11075136764441056, 0.33333333333333337, 4.360094427863809
0.11134393988246158, 0.33333333333333337, 4.545522768666894
0.0738739153306838, 0.33333333333333337, 0.27618140519204953
0.1330785361083954, 0.33333333333333337, 2.449895183222684
0.08650907808333286, 0.33333333333333337, 1.777968036959906
0.11719279929132785, 0.33333333333333337, 6.401741655209976
0.09567413161943444, 0.33333333333333337, 11.686668016977247
0.1244570433083904, 0.33333333333333337, 12.139218882720428
0.1281468310481277, 0.33333333333333337, 5.217331385270736
0.17104951584681002, 0.33333333333333337, 7.137374952972108
0.15121823578337054, 0.33333333333333337, 14.638985887013657
0.09660496111238831, 0.33333333333333337, 18.938178395010425
0.11826254909056638, 0.33333333333333337, 8.615700218343852
0.07467089217991962, 0.33333333333333337, 3.425545673508186
0.1035860923338871, 0.33333333333333337, 4.016622049966542
0.09931572632556171, 0.33333333333333337, 4.12212860298522
0.1274860330706258, 0.33333333333333337, 6.084095343226768
0.0971649864555551, 0.33333333333333337, 1.4617215877425949
0.09525273979839971, 0.33333333333333337, 3.9492953234032817
0.09366016438536073, 0.33333333333333337, 2.548622032653453
0.09778136134213247, 0.33333333333333337, 4.877308369797276
0.12615194938515004, 0.33333333333333337, 3.9715257463954496
0.09998583048052093, 0.33333333333333337, 5.025911879720075
0.13535051335273518, 0.33333333333333337, 8.175746485437468
0.11405138527063596, 0.33333333333333337, 1.5688760667697272
0.0700833955088708, 0.33333333333333337, 12.651879879425046
0.16572529887295215, 0.33333333333333337, 8.77903995998646
0.11043697028455855, 0.33333333333333337, 9.564054843758406
0.1267654795598809, 0.33333333333333337, 3.8024641846500415
0.11123445185868511, 0.33333333333333337, 12.904458267079052
0.10658315371912744, 0.33333333333333337, 2.8636502684626417
0.12409685436230128, 0.33333333333333337, 10.19584965900471
0.09892373539585604, 0.33333333333333337, 4.814541478653612
0.10564680775243218, 0.33333333333333337, 4.320839928182129
0.11149529135780469, 0.33333333333333337, 4.200754608576399
0.1150480436655571, 0.33333333333333337, 29.887740268076993
0.13150281246226309, 0.33333333333333337, 21.052979136663865
0.09827541160361612, 0.33333333333333337, 5.041488918871715
0.09894081018723269, 0.33333333333333337, 2.115323721116188
0.06760830465134021, 0.33333333333333337, 4.6988336659104775
0.13958605407508373, 0.33333333333333337, 5.166883873630804
0.0763409816288284, 0.33333333333333337, 4.057085811153728
0.08856640268751054, 0.33333333333333337, 13.310128578033037
0.12781083499857426, 0.33333333333333337, 9.217464620598182
0.17414015582727974, 0.33333333333333337, 0.7049936806759797
0.1337796276943596, 0.33333333333333337, 7.803195977464885
0.10757791518582471, 0.33333333333333337, 2.6446772605516538
0.1113796051689036, 0.33333333333333337, 7.432254116591
0.12655323932241838, 0.33333333333333337, 2.926886116147815
0.13040796780501446, 0.33333333333333337, 27.760512976788196
0.1194073849140801, 0.33333333333333337, 20.748375862751036
0.13006393554677903, 0.33333333333333337, 7.567193990464818
0.09002149112766172, 0.33333333333333337, 32.306380255753396
0.17288010033302786, 0.33333333333333337, 5.827894086244936
0.16613435814536467, 0.33333333333333337, 7.5481228859405505
0.14491286326791503, 0.33333333333333337, 3.6309702411133657
0.11512436458418507, 0.33333333333333337, 4.420238909879648
0.08807095096362907, 0.33333333333333337, 39.17380449385472
0.1321281297049463, 0.33333333333333337, 5.1500005643303135
0.11397056588240291, 0.33333333333333337, 7.797477158380391
0.1276255552490884, 0.33333333333333337, 5.184591690782059
0.13658077255690326, 0.33333333333333337, 11.106176611233272
0.12576736552805787, 0.33333333333333337, 21.84433063035547
0.10720161382318093, 0.33333333333333337, 2.124776397106552
0.07768312208706135, 0.33333333333333337, 9.901779161168383
0.11889800046625569, 0.33333333333333337, 11.794786495154504
0.14578207353735112, 0.33333333333333337, 13.62944105346945
0.12277020524942966, 0.33333333333333337, 21.1347408538867
0.12884883877003162, 0.33333333333333337, 8.757633541838116
0.09068141061068621, 0.33333333333333337, 3.733799825320525
0.1519933858794726, 0.33333333333333337, 0.6254320258498086
0.13010856835817858, 0.33333333333333337, 9.33315934310277
0.12517535596091336, 0.33333333333333337, 52.353579599535955
0.1798463468623249, 0.33333333333333337, 13.306406964137908
0.09815003046454765, 0.33333333333333337, 2.426234329820681
0.13087850454188094, 0.33333333333333337, 0.7543328325386636
0.10165851999530051, 0.33333333333333337, 9.13845397530856
0.11849724822362452, 0.33333333333333337, 16.14994922031416
0.10451719418827517, 0.33333333333333337, 23.300739978703003
0.0997237299407678, 0.33333333333333337, 6.252213267876508
0.11005755514263822, 0.33333333333333337, 11.88917112484158
0.05794769165927555, 0.33333333333333337, 1.2893931735183526
0.06851736611479728, 0.33333333333333337, 8.839777935469765
0.12629819323604552, 0.33333333333333337, 18.00734700231271
0.1456919108169654, 0.33333333333333337, 1.7779048439510372
0.11397754464448354, 0.33333333333333337, 4.216049373438893
0.12609633147602778, 0.33333333333333337, 4.5342301479127665
0.11571153236380614, 0.33333333333333337, 18.211171549564355
0.1394533181190475, 0.33333333333333337, 11.469592228623199
0.09607219151880345, 0.33333333333333337, 20.290388728478366
0.18383950180610642, 0.33333333333333337, 0.640947487216709
0.11445405892728142, 0.33333333333333337, 2.6818582645163085
0.12475434563983036, 0.33333333333333337, 10.06690833267184
0.15660942096141667, 0.33333333333333337, 3.3208220071529744
0.14208387029926042, 0.33333333333333337, 7.751107532674765
0.13387045491065158, 0.33333333333333337, 5.910872351325064
0.09826155526166244, 0.33333333333333337, 2.8510545151662066
0.12274913664611123, 0.33333333333333337, 13.905432886007214
0.13466315615219082, 0.33333333333333337, 5.5832216860447685
0.11099662815852204, 0.33333333333333337, 18.472010556883426
0.12761667254935588, 0.33333333333333337, 10.985187864180885
0.11181849866008933, 0.33333333333333337, 4.399663873598233
0.08456484309139353, 0.33333333333333337, 21.143920692225162
0.16556916030593283, 0.33333333333333337, 4.476794011591419
0.13547634397098526, 0.33333333333333337, 5.912665948855489
0.11768484202331515, 0.33333333333333337, 4.682974333608984
0.1839169865113395, 0.33333333333333337, 5.664437920094248
0.09027165153022353, 0.33333333333333337, 3.3367502932244735
0.12784102745358605, 0.33333333333333337, 7.759893005240559
0.06215620359672651, 0.33333333333333337, 7.77783830682827
0.09916774803905606, 0.33333333333333337, 3.807482302993269
0.09989262131719219, 0.33333333333333337, 3.986740540923468
0.1037050783102795, 0.33333333333333337, 14.693028940167887
0.1047697045439459, 0.33333333333333337, 0.14122339134655845
0.15326041895810605, 0.33333333333333337, 22.05751071683533
0.13411688691335716, 0.33333333333333337, 3.003456395022117
0.1511023082621631, 0.33333333333333337, 29.04140969447691
0.11359857127198267, 0.33333333333333337, 21.42101384168991
0.10550383559064784, 0.33333333333333337, 2.7814564989634185
0.11827450109907275, 0.33333333333333337, 2.2469098125631493
0.10993886742127629, 0.33333333333333337, 6.83420444926992
0.09940711503777971, 0.33333333333333337, 32.51625813684568
0.12042604979843256, 0.33333333333333337, 12.47787145882539
0.16485449626736992, 0.33333333333333337, 8.004714061942147
0.06080278445585243, 0.33333333333333337, 7.801332643588855
0.09101014221657802, 0.33333333333333337, 3.238671304266724
0.1255673661307097, 0.33333333333333337, 4.2642887101810105
0.06086593246863075, 0.33333333333333337, 14.19361806922791
0.13914325451173956, 0.33333333333333337, 1.283940803879745
0.1292978672854164, 0.33333333333333337, 14.797028654212976
0.13693220519136912, 0.33333333333333337, 5.324555250364133
0.11236202125424234, 0.33333333333333337, 23.487523730808178
0.03805075213025913, 0.33333333333333337, 2.3884242112433407
0.1451500892122391, 0.33333333333333337, 2.7863002943011397
0.12702089363952196, 0.33333333333333337, 0.5766168375021133
0.1535430846720316, 0.33333333333333337, 3.5335465540646247
0.03928984625274845, 0.33333333333333337, 28.957926629066797
0.04832302072106058, 0.33333333333333337, 10.072647322797463
0.10931428564966546, 0.33333333333333337, 8.40865007868237
0.11325924602857926, 0.33333333333333337, 6.437504579166063
0.10525193499975126, 0.33333333333333337, 2.443611573793808
0.11224646328241085, 0.33333333333333337, 5.024603976361059
0.1429044709914253, 0.33333333333333337, 6.102040523074639
0.12055616419974408, 0.33333333333333337, 32.737397473811036
0.09823181147613136, 0.33333333333333337, 9.012379607277188
0.07251986787176168, 0.33333333333333337, 1.6826261781563048
0.022148054955328317, 0.33333333333333337, 3.8733107784549095
0.0680695971228644, 0.33333333333333337, 32.494176801136184
0.15601767424013882, 0.33333333333333337, 36.88906954175691
0.1585230192304093, 0.33333333333333337, 3.6647916045579896
0.12171546560453475, 0.33333333333333337, 15.873488240742436
0.1632428683481248, 0.33333333333333337, 9.335520794236917
0.09515873888577164, 0.33333333333333337, 13.51673664045126
0.1441301986832828, 0.33333333333333337, 6.005806434386239
0.11531433230452828, 0.33333333333333337, 7.402894976009916
0.11638863389040814, 0.33333333333333337, 5.5929329345096495
0.08005428505569168, 0.33333333333333337, 15.900738242704275
0.09546814838666381, 0.33333333333333337, 17.038948633800477
0.12919044721997403, 0.33333333333333337, 6.846455599469819
0.13177384479417012, 0.33333333333333337, 7.778670706631187
0.10165735726093446, 0.33333333333333337, 71.80010293526355
0.14445942510600887, 0.33333333333333337, 4.412067677935546
0.08005114287407611, 0.33333333333333337, 13.8362911209877
0.09901115980720623, 0.33333333333333337, 10.027288503228297
0.13242419271282213, 0.33333333333333337, 4.076850160528329
0.11809362693533751, 0.33333333333333337, 4.327786402469207
0.14775524383530708, 0.33333333333333337, 2.787206428221842
0.0528912843333634, 0.33333333333333337, 6.461774053847339
0.1344927447322853, 0.33333333333333337, 1.8320994201901732
0.11757334878683538, 0.33333333333333337, 1.4563944762893781
0.1338407555819113, 0.33333333333333337, 11.061200995193786
0.05898495526493164, 0.33333333333333337, 12.760537227720764
0.14835540104536482, 0.33333333333333337, 22.881637120838977
0.11526947195197941, 0.33333333333333337, 4.048778408685886
0.11924412976689752, 0.33333333333333337, 12.735282655616057
0.08621142866192319, 0.33333333333333337, 20.45135234915141
0.11773214280328215, 0.33333333333333337, 15.184682298189577
0.13588703858119808, 0.33333333333333337, 10.392280531207597
0.13451468075987857, 0.33333333333333337, 11.387656504785795
0.1595281223991059, 0.33333333333333337, 2.7446912918946498
0.15393607767504502, 0.33333333333333337, 4.088380368459936
0.11360750465336479, 0.33333333333333337, 6.994093169751676
0.13502777633368201, 0.33333333333333337, 2.668039784159788
0.11752538360010228, 0.33333333333333337, 18.79820266446245
0.09462621813766214, 0.33333333333333337, 30.747936681800557
0.1153241897418952, 0.33333333333333337, 5.4598223645340065
0.12237791112316425, 0.33333333333333337, 10.795931308817051
0.09847860542245508, 0.33333333333333337, 10.952327591621522
0.12023935991258791, 0.33333333333333337, 9.31193749717753
0.14099799451292996, 0.33333333333333337, 5.735026582732671
0.10951362314621169, 0.33333333333333337, 1.7757750105226282
0.0835572024858155, 0.33333333333333337, 2.260469288929445
0.15166021389378248, 0.33333333333333337, 1.5786881627472833
0.0944033893039321, 0.33333333333333337, 1.3866515712934382
0.06912422759501577, 0.33333333333333337, 19.624805590639323
0.09072704388852444, 0.33333333333333337, 2.8964483502505716
0.10752378287112979, 0.33333333333333337, 3.3113448081775827
0.09918874539410973, 0.33333333333333337, 1.1753238121503211
0.11973051151374599, 0.33333333333333337, 9.64818390791382
0.12010065029745132, 0.33333333333333337, 2.20043466997853
0.07594520261800813, 0.33333333333333337, 12.533629458175668
0.1143778391278906, 0.33333333333333337, 8.123101117937734
0.11289513676962577, 0.33333333333333337, 7.511963646702061
0.04185886939809616, 0.33333333333333337, 5.587548491330596
0.10154963478785312, 0.33333333333333337, 6.39286403925113
0.13135980645568696, 0.33333333333333337, 16.195202613240014
0.1139813936883399, 0.33333333333333337, 5.819632321833797
0.13558412083213886, 0.33333333333333337, 1.4758949498272396
0.11818716701904192, 0.33333333333333337, 0.11320803855232546
0.05880929314856539, 0.33333333333333337, 28.769573789351405
0.07627708600802109, 0.33333333333333337, 7.377845343346303
0.15679939252867084, 0.33333333333333337, 0.8383942939893827
0.10803604851943216, 0.33333333333333337, 5.833888473542762
0.14075869363289079, 0.33333333333333337, 11.866389084824421
0.0868407673845041, 0.33333333333333337, 21.260447070668693
0.0936000029119504, 0.33333333333333337, 9.266092791586361
0.1208716581605368, 0.33333333333333337, 9.575584778952194
0.15043793905097413, 0.33333333333333337, 9.016700732881292
0.12755045198035683, 0.33333333333333337, 3.362957619108822
0.11905113561751095, 0.33333333333333337, 0.702770350589768
0.09437829180619849, 0.33333333333333337, 0.8045904467938879
0.15739900041754418, 0.33333333333333337, 28.032882074167393
0.08708185334975199, 0.33333333333333337, 6.535856740213044
0.06486600761233846, 0.33333333333333337, 16.55952598087187
0.161743854872221, 0.33333333333333337, 12.254504379263194
0.09566163561135035, 0.33333333333333337, 7.202443832132803
0.08271263835373031, 0.33333333333333337, 10.618349603039343
0.12859755607685694, 0.33333333333333337, 10.71264869975682
0.1231707920812657, 0.33333333333333337, 4.594714261605932
0.15088171759039945, 0.33333333333333337, 20.839175428947716
0.11922441974297042, 0.33333333333333337, 1.7004822309567378
0.1126617830899936, 0.33333333333333337, 36.99598619610169
0.14918680543243443, 0.33333333333333337, 7.258080508154789
0.1005647756909561, 0.33333333333333337, 12.283747869827815
0.07085593660157716, 0.33333333333333337, 12.196629454717568
0.1145938567352838, 0.33333333333333337, 5.6169503050618514
0.07239676314350743, 0.33333333333333337, 12.514726005149356
0.11525479279504117, 0.33333333333333337, 6.805234516832085
0.0935922024457633, 0.33333333333333337, 4.25586735490398
0.17493248221440602, 0.33333333333333337, 8.239388773004544
0.12159451435418894, 0.33333333333333337, 0.36947704582191254
0.17060677296384333, 0.33333333333333337, 0.3432973765197843
0.13576175066693008, 0.33333333333333337, 6.726320528394203
0.12347915277735193, 0.33333333333333337, 1.7135683072657506
0.16814396280523425, 0.33333333333333337, 19.621952298526846
0.09104388804226696, 0.33333333333333337, 7.193301798245686
0.10092192776438048, 0.33333333333333337, 14.024626094216362
0.05572119104986038, 0.33333333333333337, 18.553880549094146
0.07609113499416922, 0.33333333333333337, 17.042326779261913
0.12109783266079494, 0.33333333333333337, 9.96459691936405
0.09050258430153026, 0.33333333333333337, 9.54085858532125
0.09944533999150613, 0.33333333333333337, 21.79432283399381
0.1622182804127377, 0.33333333333333337, 2.0867808742645257
0.10371564965053473, 0.33333333333333337, 15.94719444413363
0.0949159369313044, 0.33333333333333337, 2.2346246877717393
0.04269194056045866, 0.33333333333333337, 1.1422914663607928
0.1541570288657996, 0.33333333333333337, 3.49684167964992
0.1258972743955379, 0.33333333333333337, 21.023434902295186
0.07431788315992932, 0.33333333333333337, 5.441418054917347
0.10714250693044038, 0.33333333333333337, 6.636236864181984
0.17710814347164802, 0.33333333333333337, 9.097544534222028
0.13428157254704645, 0.33333333333333337, 15.97545996965595
0.09176608149509138, 0.33333333333333337, 10.533074850872058
0.07757612557312558, 0.33333333333333337, 8.694677626470124
0.16047119558339365, 0.33333333333333337, 5.555356543181939
0.12911453310962917, 0.33333333333333337, 28.3495018475536
0.0855315601725511, 0.33333333333333337, 10.003835139019499
0.10209300260630251, 0.33333333333333337, 8.916275616704757
0.09508257285971819, 0.33333333333333337, 12.291913521389676
0.07971754286299332, 0.33333333333333337, 17.121305547394357
0.08880961071672093, 0.33333333333333337, 1.8108392894569951
0.12200433786632223, 0.33333333333333337, 4.841452001767299
0.10873595828449728, 0.33333333333333337, 13.307233029342346
0.10897544594954371, 0.33333333333333337, 8.4300613313006
0.1385969388507621, 0.33333333333333337, 23.055542218441765
0.1432346818380159, 0.33333333333333337, 2.0491795876872057
0.13112823213609834, 0.33333333333333337, 7.957722223860253
0.09724431269238817, 0.33333333333333337, 3.196023725928851
0.15981630333420896, 0.33333333333333337, 49.18753406902921
0.08640089910843984, 0.33333333333333337, 34.67010587428972
0.13042991837705295, 0.33333333333333337, 29.748170703799918
0.16923716050828233, 0.33333333333333337, 19.63682104168194
0.16959667808885515, 0.33333333333333337, 11.998504313319469
0.058554099417999696, 0.33333333333333337, 13.413829395089463
0.12627894981640764, 0.33333333333333337, 2.3488670809537386
0.14597502706717957, 0.33333333333333337, 11.230967114445656
0.13451816272082456, 0.33333333333333337, 13.738129274854908
0.11043908503342784, 0.33333333333333337, 12.198262686878104
0.1252608854346369, 0.33333333333333337, 1.5464464992580254
0.12144240195885231, 0.33333333333333337, 0.2888286697990555
0.1614861721155391, 0.33333333333333337, 4.241761313561606
0.11168865152924223, 0.33333333333333337, 13.344163559701808
0.15398177276315636, 0.33333333333333337, 3.8039010843193743
0.170293804423028, 0.33333333333333337, 26.268064739347253
0.17946443801334194, 0.33333333333333337, 24.373001068248794
0.14768954282748636, 0.33333333333333337, 9.924875346377808
0.1191498614779315, 0.33333333333333337, 10.089532979608833
0.0656135411046874, 0.33333333333333337, 0.361793799858764
0.16333639447714432, 0.33333333333333337, 2.338472455232571
0.07424890036913342, 0.33333333333333337, 1.4828724316027178
0.19731152637454258, 0.33333333333333337, 9.664017696020485
0.122444229664819, 0.33333333333333337, 8.009121424046123
0.14984052291353414, 0.33333333333333337, 8.591392886364169
0.1016918244412328, 0.33333333333333337, 2.285196088688043
0.08374798523331764, 0.33333333333333337, 11.285923632538676
0.12827892125879242, 0.33333333333333337, 1.324218674403929
0.11445380174334896, 0.33333333333333337, 13.030500125905952
0.06606350351364994, 0.33333333333333337, 3.019656635625351
0.06828001373090963, 0.33333333333333337, 9.430355036407258
0.10423192812552187, 0.33333333333333337, 0.42935446092719204
0.09192510275823722, 0.33333333333333337, 0.5459135314017141
0.15826331515167516, 0.33333333333333337, 11.623590113057254
0.11343676433712264, 0.33333333333333337, 7.745191470752282
0.06792677461930752, 0.33333333333333337, 0.362704668083754
0.14119560792919328, 0.33333333333333337, 2.0279979662403353
0.09060761100058878, 0.33333333333333337, 20.085664160753332
0.15436398457406725, 0.33333333333333337, 1.6974152470208836
0.14768641408134675, 0.33333333333333337, 21.392231694954532
0.11839177553836155, 0.33333333333333337, 6.968720964279886
0.08965501016050023, 0.33333333333333337, 6.87027034988412
0.12117913891069847, 0.33333333333333337, 4.7111791606922955
0.10972491752194559, 0.33333333333333337, 3.6319112149447363
0.13952076198758742, 0.33333333333333337, 18.107568022355615
0.13161037864246472, 0.33333333333333337, 14.038933051189526
0.15659543442355559, 0.33333333333333337, 1.8331169680152972
0.09159000504375543, 0.33333333333333337, 7.911071172610021
0.11893010895575243, 0.33333333333333337, 1.59463315740357
0.12932838767465216, 0.33333333333333337, 61.605387317556264
0.08942638875403998, 0.33333333333333337, 2.1863573852982356
0.1118337927027778, 0.33333333333333337, 2.7623134247408347
0.17309667125878272, 0.33333333333333337, 17.500669578156558
0.10469563469275682, 0.33333333333333337, 7.499172318081101
0.12649847050772575, 0.33333333333333337, 10.973470609253713
0.06631953641373112, 0.33333333333333337, 9.634393559802184
0.11308327310684474, 0.33333333333333337, 12.168834524611883
0.12503231618359362, 0.33333333333333337, 20.854907411974352
0.12647348016884047, 0.33333333333333337, 13.654703596145664
0.11356238047847908, 0.33333333333333337, 3.797953578151334
0.07727373709129431, 0.33333333333333337, 13.00626966693298
0.13018631243748238, 0.33333333333333337, 9.636280462708898
0.1243026936424009, 0.33333333333333337, 4.802532373268108
0.12285699875022726, 0.33333333333333337, 0.2530786968779621
0.10063317243043221, 0.33333333333333337, 5.999693339026215
0.08877916615761153, 0.33333333333333337, 8.501374706687804
0.10877201508672768, 0.33333333333333337, 2.7572275081087514
0.11150835199715432, 0.33333333333333337, 6.761297493902159
0.11828381168977772, 0.33333333333333337, 10.0448616721012
0.10694679345409042, 0.33333333333333337, 2.3607606678008635
0.10251156955009362, 0.33333333333333337, 31.77496348897145
0.07771373266047185, 0.33333333333333337, 2.512373903223668
0.13927392791742887, 0.33333333333333337, 3.2394441471557966
0.0852305678100585, 0.33333333333333337, 2.10313316067386
0.09080105673441083, 0.33333333333333337, 5.930085237851771
0.08720443003235204, 0.33333333333333337, 6.303340201418723
0.12148738464780388, 0.33333333333333337, 6.2219921570829655
0.11076711979189463, 0.33333333333333337, 2.5511649609818576
0.12038668313935304, 0.33333333333333337, 11.38996911499532
0.11291435950021576, 0.33333333333333337, 16.90644627446913
0.0774640055849621, 0.33333333333333337, 6.330270488502491
0.11553043887108783, 0.33333333333333337, 1.879974868812656
0.12165396026458727, 0.33333333333333337, 7.373959228553298
0.15808587585093986, 0.33333333333333337, 11.29137564736807
0.14848658573304954, 0.33333333333333337, 2.536367363991589
0.135773189921596, 0.33333333333333337, 12.238906941795397
0.15771004226041718, 0.33333333333333337, 4.787242259809267
0.17401965312589024, 0.33333333333333337, 64.1354508419086
0.18302824412768992, 0.33333333333333337, 41.427587634172866
0.14464478127640354, 0.33333333333333337, 10.298397000105794
0.12753655474191858, 0.33333333333333337, 3.518115763194172
0.13102812360932048, 0.33333333333333337, 1.6556833784369451
0.10786993546224827, 0.33333333333333337, 10.234104115496626
0.13572465794621996, 0.33333333333333337, 14.809431207349297
0.11886754381770528, 0.33333333333333337, 0.48287234665729317
0.18607234899645975, 0.33333333333333337, 0.2374875186613013
0.11123063119433707, 0.33333333333333337, 4.683828968629545
0.13050783462148652, 0.33333333333333337, 20.37916867693289
0.12196612728215002, 0.33333333333333337, 35.3595518938941
0.11134282144860277, 0.33333333333333337, 15.180381650325437
0.04814940277298936, 0.33333333333333337, 0.8123914003788616
0.1238914797398066, 0.33333333333333337, 2.420292680478483
0.1403495688332255, 0.33333333333333337, 10.452318774619092
0.09044357964586844, 0.33333333333333337, 29.056818906179192
0.08684402023151855, 0.33333333333333337, 24.748730621914255
0.15197011746945152, 0.33333333333333337, 4.196515374152494
0.1312481156850833, 0.33333333333333337, 14.648092187894466
0.11092318652470233, 0.33333333333333337, 4.049890807635232
0.12427597680138633, 0.33333333333333337, 11.516081421304273
0.11973143218429094, 0.33333333333333337, 4.723252946916332
0.14624355093311572, 0.33333333333333337, 9.91249576668122
0.10659692085235624, 0.33333333333333337, 10.205426033497385
0.0981153032752945, 0.33333333333333337, 10.396137706751766
0.12923859895734235, 0.33333333333333337, 16.087835389239945
0.16283222630690314, 0.33333333333333337, 13.935673075443512
0.09731058263038492, 0.33333333333333337, 9.240975499602508
0.11898337052208732, 0.33333333333333337, 5.022591120598877
0.1250240786600679, 0.33333333333333337, 14.71251577696539
0.15149846095758768, 0.33333333333333337, 5.419904099950863
0.13471990535440315, 0.33333333333333337, 4.072047448936788
0.08598014986653507, 0.33333333333333337, 13.926648492124956
0.10891675460072947, 0.33333333333333337, 8.066302817197549
0.17096127768308556, 0.33333333333333337, 3.5624772993089424
0.13013923881199618, 0.33333333333333337, 0.23010042376954346
0.10779395530405053, 0.33333333333333337, 1.4231469252145523
0.13516033769088984, 0.33333333333333337, 0.8103263029170308
0.11175374409863392, 0.33333333333333337, 4.550053081592837
0.16642246247310039, 0.33333333333333337, 27.215420404722042
0.11745331221891296, 0.33333333333333337, 16.666469182913836
0.11422329713518142, 0.33333333333333337, 4.216674191121594
0.12844899065087806, 0.33333333333333337, 2.0874111953166565
0.08036315594377685, 0.33333333333333337, 11.33516569791675
0.11426208164235545, 0.33333333333333337, 1.3320172381563409
0.14474391496323144, 0.33333333333333337, 20.309456592389715
0.08460694103929575, 0.33333333333333337, 3.278840424547931
0.14206048650232989, 0.33333333333333337, 9.123398355078844
0.12461515350105516, 0.33333333333333337, 7.753084220580487
0.11326819733749344, 0.33333333333333337, 1.2688953789373658
0.10111067632174815, 0.33333333333333337, 10.406917005239174
0.12625252800681674, 0.33333333333333337, 6.445187881870886
0.09651700075309269, 0.33333333333333337, 0.9190724060049621
0.1409810518439476, 0.33333333333333337, 0.34448430868486
0.1377058058804935, 0.33333333333333337, 1.762079640800068
0.19363605118813393, 0.33333333333333337, 22.546772998684265
0.15168519248370807, 0.33333333333333337, 18.726320753296054
0.09358944112797253, 0.33333333333333337, 2.0250748058916828
0.10432635870828257, 0.33333333333333337, 9.343990001345752
0.08074701054458026, 0.33333333333333337, 28.53024358754061
0.15111384315572812, 0.33333333333333337, 7.310444329456709
0.10264859935238237, 0.33333333333333337, 28.695123418942284
0.14336898767246015, 0.33333333333333337, 3.9119222850349207
0.11805871151947171, 0.33333333333333337, 3.4884662672368973
0.14334519009516727, 0.33333333333333337, 2.5669954327629276
0.1443975309949629, 0.33333333333333337, 10.068350741826949
0.16877935807942804, 0.33333333333333337, 5.296740743304592
0.13105819950905465, 0.33333333333333337, 30.787707727903634
0.10766946259174424, 0.33333333333333337, 30.492476861631605
0.15357942036005548, 0.33333333333333337, 6.23216854495642
0.13249356326584896, 0.33333333333333337, 8.026389293598735
0.12768793352409635, 0.33333333333333337, 29.09159003091009
0.10976425995532349, 0.33333333333333337, 3.9176085190896788
0.11540752317170863, 0.33333333333333337, 4.753768315783629
0.08072448872956949, 0.33333333333333337, 5.182074124591722
0.13341922557443497, 0.33333333333333337, 3.9506520624958483
0.11102599479312988, 0.33333333333333337, 0.9726845875730765
0.06624344414910463, 0.33333333333333337, 4.377277980489594
0.11091795682206866, 0.33333333333333337, 19.0507327020972
0.13137026393515683, 0.33333333333333337, 5.710821599478299
0.10273290296396757, 0.33333333333333337, 1.9003352100251043
0.11851880091101262, 0.33333333333333337, 4.464141040510685
0.12481444556867198, 0.33333333333333337, 3.6857692845297443
0.1209784106702551, 0.33333333333333337, 4.524870778039256
0.13328647403782093, 0.33333333333333337, 2.7249339838603652
0.11015910636118181, 0.33333333333333337, 6.55553923478716
0.11470115839361737, 0.33333333333333337, 0.10882774606685588
0.06528548354745126, 0.33333333333333337, 0.9204576407615866
0.11920200425293645, 0.33333333333333337, 7.652965737342222
0.14397902877548255, 0.33333333333333337, 5.487873512501938
0.1310190951040187, 0.33333333333333337, 25.470303980360598
0.10437859131743661, 0.33333333333333337, 17.703230422592075
0.14071950188567722, 0.33333333333333337, 7.140726446368423
0.14500731165784808, 0.33333333333333337, 3.5388550714914055
0.05812771368192209, 0.33333333333333337, 10.618275638714204
0.1396881881864362, 0.33333333333333337, 3.7616765167578103
0.138976262871203, 0.33333333333333337, 5.0241192634450575
0.12357438184520805, 0.33333333333333337, 5.121516116830528
0.09545101898901158, 0.33333333333333337, 5.9321940779374795
0.09257772785991557, 0.33333333333333337, 15.131011732294878
0.13950231280096662, 0.33333333333333337, 41.01600036587256
0.11136573258211023, 0.33333333333333337, 10.006635719163178
0.11918033127590968, 0.33333333333333337, 36.458690714164725
0.1397711330184276, 0.33333333333333337, 1.1952540934346938
0.12757874976266456, 0.33333333333333337, 3.7759620047981457
0.06612276488139956, 0.33333333333333337, 14.401390461790239
0.15908874553583177, 0.33333333333333337, 24.169414958085724
0.09716393852326671, 0.33333333333333337, 9.59395108290077
0.15278440820122022, 0.33333333333333337, 35.17690095098857
0.1289230534724111, 0.33333333333333337, 7.494609130610487
0.14256726959933813, 0.33333333333333337, 4.000712536145828
0.09434355249362666, 0.33333333333333337, 7.556984717346845
0.14220093760042907, 0.33333333333333337, 3.804010147016509
0.10438230175200691, 0.33333333333333337, 2.06010523081861
0.12727897911801872, 0.33333333333333337, 9.880717631064696
0.09639080807458258, 0.33333333333333337, 6.297456684213547
0.12527997552616904, 0.33333333333333337, 5.854310189014138
0.14995532876776035, 0.33333333333333337, 2.2507721656462008
0.07710450719263437, 0.33333333333333337, 3.0232012681685987
0.103470167254836, 0.33333333333333337, 0.5396287595172703
0.12002384381495924, 0.33333333333333337, 13.754167630042975
0.16741403164380544, 0.33333333333333337, 8.75983453810745
0.12241725362251991, 0.33333333333333337, 1.6760261072533156
0.08753188743257018, 0.33333333333333337, 8.02716836599044
0.09782748487901408, 0.33333333333333337, 3.388922314551585
0.10727490857250521, 0.33333333333333337, 13.82959006224173
0.12068665495451077, 0.33333333333333337, 1.3631935923136826
0.12462505490210893, 0.33333333333333337, 13.103401097496782
0.14496769229584897, 0.33333333333333337, 18.30080150182865
0.09712568370219943, 0.33333333333333337, 1.5316210541716648
0.13416306173348447, 0.33333333333333337, 4.225323293792494
0.18092412436255428, 0.33333333333333337, 12.473479463927568
0.17419256131858007, 0.33333333333333337, 8.883515987050204
0.10801423832846102, 0.33333333333333337, 1.8538081340829209
0.13709099780246126, 0.33333333333333337, 7.065440958063292
0.13157732798379013, 0.33333333333333337, 9.414142448738604
0.11142897718321731, 0.33333333333333337, 21.563644483104913
0.12210416225265519, 0.33333333333333337, 33.71997407876381
0.08909370697825253, 0.33333333333333337, 3.2490486819052835
0.09989477175231957, 0.33333333333333337, 2.3752194203567543
0.15548817808806367, 0.33333333333333337, 3.364231233386697
0.15369635148466435, 0.33333333333333337, 20.259175912393918
0.16353984884669126, 0.33333333333333337, 17.607940414323433
0.1728623745651157, 0.33333333333333337, 14.118230008721698
0.09717087028997914, 0.33333333333333337, 3.3236406622977634
0.1487618800466002, 0.33333333333333337, 1.2688306286367759
0.09573987339262759, 0.33333333333333337, 1.108477689832374
0.15556700541048368, 0.33333333333333337, 41.9192099812757
0.14445187950609814, 0.33333333333333337, 7.061106316397874
0.11683982431958836, 0.33333333333333337, 1.284609664743706
0.10467847207041313, 0.33333333333333337, 8.939027061824705
0.09457003324150393, 0.33333333333333337, 2.0703266863549525
0.10416140971665838, 0.33333333333333337, 1.3298737609696907
0.15405914166200163, 0.33333333333333337, 6.50301968531433
0.09771367027263184, 0.33333333333333337, 6.854923601102498
0.17954383279318303, 0.33333333333333337, 6.632262632578833
0.09895265184102436, 0.33333333333333337, 9.233272671949997
0.14009580188863507, 0.33333333333333337, 1.2630116613585536
0.1086557871197495, 0.33333333333333337, 4.036371489606885
0.1258016977787977, 0.33333333333333337, 3.569841861469671
0.1404018844604157, 0.33333333333333337, 1.1069440422408614
0.09916441708091747, 0.33333333333333337, 4.346328427598586
0.16206213904718514, 0.33333333333333337, 10.952359292647646
0.08671315073760835, 0.33333333333333337, 7.844729478255846
0.10050490545571253, 0.33333333333333337, 14.020240419942787
0.10210168789082852, 0.33333333333333337, 1.7600058100068368
0.11757644276757855, 0.33333333333333337, 12.623180686309487
0.1001589655931578, 0.33333333333333337, 17.572850816716386
0.13663490169675463, 0.33333333333333337, 9.661191102650074
0.09128117076771057, 0.33333333333333337, 7.374164347641518
0.14280564400740867, 0.33333333333333337, 24.469553723480168
0.08904028691055009, 0.33333333333333337, 28.95911277755813
0.1209052773555033, 0.33333333333333337, 4.859702303281589
0.15798494769804813, 0.33333333333333337, 12.746128896999517
0.13901172172774368, 0.33333333333333337, 6.954450604019414
0.1234736351521819, 0.33333333333333337, 38.09812414058979
0.13894236082899641, 0.33333333333333337, 27.92780018081202
0.1835525681044739, 0.33333333333333337, 9.672306766119068
0.08617026093936518, 0.33333333333333337, 2.011965610190505
0.16524866241523123, 0.33333333333333337, 49.89764008396147
0.09595615913273292, 0.33333333333333337, 1.856143409979872
0.1644056501947752, 0.33333333333333337, 0.9973659808983835
0.15801234167838915, 0.33333333333333337, 0.5181587660553487
0.12049931525037542, 0.33333333333333337, 4.142070540264638
0.11413046316219663, 0.33333333333333337, 6.941756379115537
0.15238375503589563, 0.33333333333333337, 11.054655088432092
0.16497504982833602, 0.33333333333333337, 6.08598351076108
0.11600587910297819, 0.33333333333333337, 6.22826564202318
0.11187460520020787, 0.33333333333333337, 6.367603343537708
0.11885708724529552, 0.33333333333333337, 4.410425124363877
0.083166039013111, 0.33333333333333337, 4.932445457338073
0.12764280450253385, 0.33333333333333337, 20.56428446814315
0.10357599540969398, 0.33333333333333337, 5.727063848632273
0.08933442427655425, 0.33333333333333337, 10.765343272365941
0.1093639539265272, 0.33333333333333337, 5.693797842165275
0.15772332939676825, 0.33333333333333337, 6.445467560952517
0.1485548623855553, 0.33333333333333337, 0.5030594302813463
0.0809455025537151, 0.33333333333333337, 7.435742125657453
0.12646632828226978, 0.33333333333333337, 12.80379029335679
0.10739523587074241, 0.33333333333333337, 15.770007120750785
0.1396714173150958, 0.33333333333333337, 12.969814964829588
0.132460096905661, 0.33333333333333337, 41.68756556830325
0.1385050695378381, 0.33333333333333337, 3.781509204703461
0.07579927999753991, 0.33333333333333337, 0.3786388058415089
0.13535054498235832, 0.33333333333333337, 3.809773090075756
0.1452514484519245, 0.33333333333333337, 3.179414589697429
0.13089900744159108, 0.33333333333333337, 3.045360977497422
0.15120285963827929, 0.33333333333333337, 4.634706322443208
0.1485467465904756, 0.33333333333333337, 4.742906193067222
0.15220793192006776, 0.33333333333333337, 0.769542178895492
0.08459978612654488, 0.33333333333333337, 10.753336756599253
0.09975784678238048, 0.33333333333333337, 14.467548750891313
0.11162757036878383, 0.33333333333333337, 4.145768560994748
0.1391402111754684, 0.33333333333333337, 26.672709313411964
0.17550294199948774, 0.33333333333333337, 9.961826125184054
0.11508351722993737, 0.33333333333333337, 6.014894995494783
0.14245364740993674, 0.33333333333333337, 3.361006817439198
0.11920548861584622, 0.33333333333333337, 23.238013248345005
0.12166316641244528, 0.33333333333333337, 22.397054948997578
0.1056431158851671, 0.33333333333333337, 5.343966462673949
0.14483825586777996, 0.33333333333333337, 4.4989714180493445
0.136520313271941, 0.33333333333333337, 9.066736805028667
0.13126903178020516, 0.33333333333333337, 2.9918037237817114
0.12470487778871397, 0.33333333333333337, 6.804118251504628
0.11523518088471253, 0.33333333333333337, 15.60244471907152
0.03184151474397327, 0.33333333333333337, 39.66052217070518
0.11762841818543265, 0.33333333333333337, 3.895391020185311
0.14530675199538745, 0.33333333333333337, 2.7475337846270835
0.06935558129150815, 0.33333333333333337, 16.04327856739582
0.08797431663831884, 0.33333333333333337, 5.76895281213738
0.19567565643242235, 0.33333333333333337, 5.011924668245913
0.05702197451268358, 0.33333333333333337, 3.666182977361238
0.09019641899969584, 0.33333333333333337, 3.6275465366112543
0.10167723632714956, 0.33333333333333337, 18.978319181218836
0.12646143291397938, 0.33333333333333337, 5.86512033450958
0.10572822806788358, 0.33333333333333337, 5.7675717513024845
0.16673431029947294, 0.33333333333333337, 5.912371879949123
0.13147491689999358, 0.33333333333333337, 2.6660395868606543
0.09709529070310854, 0.33333333333333337, 5.608770881895816
0.11461531027721254, 0.33333333333333337, 17.423735156339987
0.11124832804042964, 0.33333333333333337, 13.375994926795395
0.09197999862925338, 0.33333333333333337, 21.018786196284378
0.13812818466753607, 0.33333333333333337, 19.309026971225027
0.10136288779366676, 0.33333333333333337, 1.4754489488387539
0.12560448564480214, 0.33333333333333337, 15.621512787509614
0.07851025920167265, 0.33333333333333337, 4.87452888148102
0.12855339131577395, 0.33333333333333337, 0.44649012835840185
0.12566553347335901, 0.33333333333333337, 6.577049879511425
0.09727530951400618, 0.33333333333333337, 10.546808981830852
0.0985237084740803, 0.33333333333333337, 26.675146676360594
0.1450109345026155, 0.33333333333333337, 12.812247044919635
0.1006060630456588, 0.33333333333333337, 3.895848752080255
0.1452448605648741, 0.33333333333333337, 8.938963391733786
0.1320488602434613, 0.33333333333333337, 5.237128254782293
0.13192554706698092, 0.33333333333333337, 7.32647039949876
0.08889821594092298, 0.33333333333333337, 9.382168595754138
0.17488456181091638, 0.33333333333333337, 53.5273256787374
0.15277754800021642, 0.33333333333333337, 15.289735351377978
0.1361279415056234, 0.33333333333333337, 26.027032849969984
0.11243413394593553, 0.33333333333333337, 1.6806271134070454
0.12878028329919072, 0.33333333333333337, 11.91940716244647
0.16395935953648794, 0.33333333333333337, 25.460534003797196
0.13305823442983863, 0.33333333333333337, 0.9805315288693542
0.0994459136097472, 0.33333333333333337, 1.4313936156541427
0.1441094907469044, 0.33333333333333337, 3.621470702263951
0.1806032476322802, 0.33333333333333337, 2.9762094696594708
0.12159671696709279, 0.33333333333333337, 7.610210768785325
0.10080365015848683, 0.33333333333333337, 1.0969804838334851
0.13983470893840524, 0.33333333333333337, 21.341203067604305
0.15157794551251486, 0.33333333333333337, 11.788400714904473
0.13203952300117805, 0.33333333333333337, 35.785276448702284
0.17759268973458067, 0.33333333333333337, 21.37333216125187
0.1601602892581605, 0.33333333333333337, 19.655356326853855
0.13522020827370457, 0.33333333333333337, 11.046727839308263
0.13113304011790275, 0.33333333333333337, 13.656399952013814
0.13819551301508132, 0.33333333333333337, 18.548505260467902
0.0984236978507153, 0.33333333333333337, 0.98203510906299
0.09100448470742835, 0.33333333333333337, 7.357741342407095
0.13665269583939935, 0.33333333333333337, 9.245875001866422
0.0960952615888676, 0.33333333333333337, 4.276942569233203
0.1514420449883919, 0.33333333333333337, 11.795815907270882
0.11783029296530245, 0.33333333333333337, 2.8821255592074637
0.10267343465095088, 0.33333333333333337, 0.9039692181525197
0.17376259725177293, 0.33333333333333337, 2.5288214210019233
0.10149541816886078, 0.33333333333333337, 0.19817420687392107
0.1572062169395578, 0.33333333333333337, 31.307325095384094
0.04706977400195392, 0.33333333333333337, 3.3389289019242767
0.10093225556305362, 0.33333333333333337, 13.419581340069215
0.13209519499748731, 0.33333333333333337, 5.742778379327707
0.07506766558726008, 0.33333333333333337, 5.035291823256709
0.11411720993480613, 0.33333333333333337, 10.778479032032692
0.14954066087721363, 0.33333333333333337, 11.46883055652088
0.1273335985907109, 0.33333333333333337, 6.479606220142049
0.1261844359387167, 0.33333333333333337, 6.8172255367534005
0.1432156155726216, 0.33333333333333337, 14.689358928097242
0.10128136691176275, 0.33333333333333337, 13.49708794213985
0.09768004406542014, 0.33333333333333337, 6.898605960388614
0.15452828136699917, 0.33333333333333337, 2.1628132822482677
0.10691447621233113, 0.33333333333333337, 6.3339950984980256
0.09292091638925656, 0.33333333333333337, 1.186556334444304
0.1703484954124801, 0.33333333333333337, 10.080160654613808
0.11787061518506661, 0.33333333333333337, 2.846165134139251
0.10428078718158759, 0.33333333333333337, 0.2525746487300723
0.1000436387655617, 0.33333333333333337, 0.9870616282823148
0.14168774281820726, 0.33333333333333337, 13.057263837512552
0.0857245656896778, 0.33333333333333337, 2.7101047706055303
0.145507485880996, 0.33333333333333337, 8.21841229990489
0.11583022796283929, 0.33333333333333337, 0.23195294630737165
0.08980527266633098, 0.33333333333333337, 0.1495451867560436
0.12125476111618919, 0.33333333333333337, 9.097566041503011
0.1032034357710074, 0.33333333333333337, 2.8361483721004
0.10360562168300487, 0.33333333333333337, 12.59894055192392
0.14331305197880034, 0.33333333333333337, 1.6605564446423875
0.021541009043672968, 0.33333333333333337, 14.487039096882075
0.09303306791484489, 0.33333333333333337, 8.768464662598793
0.09254045066134346, 0.33333333333333337, 6.026953087089963
0.11156560064765002, 0.33333333333333337, 1.9955453088544992
0.16254623065736395, 0.33333333333333337, 18.039293452393565
0.15568334862683772, 0.33333333333333337, 27.071902843806395
0.10792699289045785, 0.33333333333333337, 4.078060460451475
0.12289581345325183, 0.33333333333333337, 25.74899878074916
0.2271686125249618, 0.33333333333333337, 2.419264907616748
0.13802824521086213, 0.33333333333333337, 3.374628850097695
0.10459316804519839, 0.33333333333333337, 8.635444433169813
0.11656905603178568, 0.33333333333333337, 2.8020754773682786
0.10594356828850421, 0.33333333333333337, 1.5090103959444132
0.0848309612455665, 0.33333333333333337, 0.004730168032114824
0.054061714551127724, 0.33333333333333337, 0.7685077942706517
0.08729668980398816, 0.33333333333333337, 18.252281394391265
0.17677466556080493, 0.33333333333333337, 54.55680604473783
0.10731051741395395, 0.33333333333333337, 0.11318740589021781
0.11568229488152901, 0.33333333333333337, 2.539521925997827
0.11919245406862015, 0.33333333333333337, 4.564670892889843
0.1244933804116242, 0.33333333333333337, 3.0475505719396545
0.13247773030895302, 0.33333333333333337, 24.138951160418788
0.03328466137779176, 0.33333333333333337, 2.2912808889698772
0.14431806920997867, 0.33333333333333337, 1.4935144111431027
0.056733010846688484, 0.33333333333333337, 1.4405392000295976
0.06914725202755169, 0.33333333333333337, 0.14336276536850404
0.15719094838379916, 0.33333333333333337, 3.520647208354304
0.07396569747665974, 0.33333333333333337, 10.97979106512255
0.1450959308410784, 0.33333333333333337, 14.59575897678209
0.09654154207746449, 0.33333333333333337, 6.752156076707084
0.10717658106408533, 0.33333333333333337, 10.731056389153048
0.13257273299535577, 0.33333333333333337, 0.02618400976131846
0.12589564800516795, 0.33333333333333337, 14.859250497196307
0.0774132781213204, 0.33333333333333337, 6.291337559831756
0.13984804436431245, 0.33333333333333337, 22.391253118597678
0.1356830167928686, 0.33333333333333337, 8.92650666409673
0.15145364831815747, 0.33333333333333337, 2.127636328938568
0.11126316597053384, 0.33333333333333337, 1.9776840205301394
0.11401419649940807, 0.33333333333333337, 12.60649287576353
0.1769170892552392, 0.33333333333333337, 4.792085147003011
0.10715166593552826, 0.33333333333333337, 13.98957959276369
0.07558983133186686, 0.33333333333333337, 2.24473172951286
0.18305569711221628, 0.33333333333333337, 8.211164140047286
0.09351483303518118, 0.33333333333333337, 16.078332171402394
0.17077235322024958, 0.33333333333333337, 3.294026080222327
0.1512027461736109, 0.33333333333333337, 3.1337952705792804
0.1283278509115644, 0.33333333333333337, 5.230754502013776
0.09327934852613612, 0.33333333333333337, 0.9442442456991099
0.09051972362250517, 0.33333333333333337, 43.458828385250406
0.12452648176814309, 0.33333333333333337, 10.050866081880617
0.1259474496743859, 0.33333333333333337, 60.699829071066176
0.112091436257514, 0.33333333333333337, 11.424940842967981
0.1371041794580878, 0.33333333333333337, 0.24305167514939785
0.10118528675568891, 0.33333333333333337, 16.92711092883173
0.09176710632213736, 0.33333333333333337, 13.339016301232245
0.09119347538252429, 0.33333333333333337, 1.8433347083104012
0.12132657872583696, 0.33333333333333337, 20.82669862744483
0.11286565078554633, 0.33333333333333337, 20.84860706199666
0.14381778286695088, 0.33333333333333337, 1.844542240845934
0.1160856840562012, 0.33333333333333337, 0.8566815603207978
0.09388048218326092, 0.33333333333333337, 4.092167901545541
0.14832273235280152, 0.33333333333333337, 10.326047340119985
0.11241797177398055, 0.33333333333333337, 0.5643706909539046
0.13449003852891528, 0.33333333333333337, 1.8910515625953785
0.20055876204467388, 0.33333333333333337, 3.8033093176236896
0.08208214540897868, 0.33333333333333337, 8.65055385524794
0.12520455906545366, 0.33333333333333337, 3.657652676890824
0.08934988321595481, 0.33333333333333337, 19.301338950084585
0.13723666615150143, 0.33333333333333337, 4.710616454730058
0.10845174938831542, 0.33333333333333337, 1.5441608064743768
0.14768720692490078, 0.33333333333333337, 14.935370838201772
0.1339875778944487, 0.33333333333333337, 17.531349058313065
0.11390891517188548, 0.33333333333333337, 8.103142229664174
0.14993432906254028, 0.33333333333333337, 8.825974879811065
0.13771015516648202, 0.33333333333333337, 9.923662800548001
0.12271702117661837, 0.33333333333333337, 2.1317545502280395
0.15648392206783812, 0.33333333333333337, 0.704847140594719
0.07563657421401046, 0.33333333333333337, 0.919225793275887
0.11529965056921859, 0.33333333333333337, 40.750176748978426
0.07095493576667988, 0.33333333333333337, 35.35841675696274
0.14486914128840714, 0.33333333333333337, 23.812241367089364
0.15403566571679905, 0.33333333333333337, 1.6775187266450295
0.06135105528633804, 0.33333333333333337, 28.80345215689228
0.07024706691552282, 0.33333333333333337, 4.132716245227061
0.12824900822968124, 0.33333333333333337, 23.638256135761587
0.10611723331846312, 0.33333333333333337, 4.182127841160494
0.15126526734332602, 0.33333333333333337, 8.88364612994268
0.17247720674671613, 0.33333333333333337, 1.9737451839960332
0.173195688131546, 0.33333333333333337, 7.496359057763933
0.07158507073788771, 0.33333333333333337, 7.029497895231085
0.03786619885962243, 0.33333333333333337, 20.92031472368269
0.1514535031672224, 0.33333333333333337, 4.469357334248665
0.10976174754746235, 0.33333333333333337, 14.55035696904431
0.12943251122519647, 0.33333333333333337, 0.5467268200579052
0.12567056881916297, 0.33333333333333337, 1.15866732094386
0.05260333449692606, 0.33333333333333337, 39.73408580284284
0.1384483070320975, 0.33333333333333337, 0.8659391702147554
0.1131942903247781, 0.33333333333333337, 16.87255353183744
0.16793212187130546, 0.33333333333333337, 2.5892414484499136
0.12187993560490604, 0.33333333333333337, 11.470170485405102
0.11937397389850814, 0.33333333333333337, 2.0615622764475554
0.12624977623859507, 0.33333333333333337, 9.48773995673894
0.12024327511031964, 0.33333333333333337, 13.731918572591844
0.13033864525972177, 0.33333333333333337, 1.7293348706803182
0.12782615442579998, 0.33333333333333337, 20.809276892471225
0.13249554455303944, 0.33333333333333337, 9.20889684149742
0.12320649347236576, 0.33333333333333337, 4.683189966782737
0.10371247122023153, 0.33333333333333337, 0.23717982983622526
0.09423057198397121, 0.33333333333333337, 10.932982812980804
0.1823511969421872, 0.33333333333333337, 11.93049124408056
0.1238375130016695, 0.33333333333333337, 12.091079033414532
0.125377499307132, 0.33333333333333337, 7.115723526312924
0.14633343990723258, 0.33333333333333337, 36.47282288675665
0.09707115018920864, 0.33333333333333337, 19.801350831747563
0.13255556936299137, 0.33333333333333337, 0.3126208011653998
0.14572743962060838, 0.33333333333333337, 3.2402182461794036
0.14341558163348622, 0.33333333333333337, 14.366127729008307
0.15374246326159496, 0.33333333333333337, 6.641260548844291
0.12771334113999055, 0.33333333333333337, 32.89762935469933
0.10330826172400183, 0.33333333333333337, 9.62520431619423
0.13966900153925782, 0.33333333333333337, 10.563551469543555
0.10454213575757129, 0.33333333333333337, 18.462797714624212
0.13696913671266303, 0.33333333333333337, 3.869213353639095
0.13428319089726787, 0.33333333333333337, 12.378505934973832
0.13771427418696824, 0.33333333333333337, 16.5909796102573
0.14512134422637296, 0.33333333333333337, 30.90527835019015
0.09833110191186943, 0.33333333333333337, 9.652322307286829
0.15941198261559028, 0.33333333333333337, 0.10612386013970704
0.16473229627995858, 0.33333333333333337, 5.173066071611396
0.15087964057731929, 0.33333333333333337, 14.15111824490953
0.11153314574155185, 0.33333333333333337, 6.6026102372564495
0.13838853357943592, 0.33333333333333337, 14.094829478769032
0.12444213866451675, 0.33333333333333337, 26.098671944466734
0.14002847155022544, 0.33333333333333337, 2.878448151976695
0.044776339019944156, 0.33333333333333337, 4.454362098881644
0.14221555121809698, 0.33333333333333337, 5.230732204005311
0.12221045515491324, 0.33333333333333337, 38.409623773904265
0.11097408834452824, 0.33333333333333337, 3.45596702626345
0.12719588013709632, 0.33333333333333337, 8.498006855737971
0.10761236360015065, 0.33333333333333337, 7.4014325685212965
0.06846717690196832, 0.33333333333333337, 10.356246019754296
0.08131217968532856, 0.33333333333333337, 5.3361555806468415
0.1628693441737286, 0.33333333333333337, 2.5603717819927105
0.13779546402558127, 0.33333333333333337, 7.689357107087784
0.15085202686881405, 0.33333333333333337, 5.193218406457535
0.1250044205661504, 0.33333333333333337, 1.878521297628938
0.1425248070624398, 0.33333333333333337, 17.984421320194524
0.16273267787683734, 0.33333333333333337, 1.1002023012883528
0.11856643706879615, 0.33333333333333337, 3.1746178587620286
0.13000932180350175, 0.33333333333333337, 5.259468270688781
0.08739375977979723, 0.33333333333333337, 9.511381127608228
0.1272444176772014, 0.33333333333333337, 1.3058995892768863
0.12360023226188156, 0.33333333333333337, 10.272975556116927
0.11442341755144696, 0.33333333333333337, 1.1494428673929509
0.15153079832108202, 0.33333333333333337, 8.294199900939516
0.13068968851733512, 0.33333333333333337, 2.8887083629816943
0.0936688294255728, 0.33333333333333337, 22.046503904136305
0.09330094044514187, 0.33333333333333337, 0.2800992467488242
0.1647862972832037, 0.33333333333333337, 3.8273527686433453
0.1682942534512496, 0.33333333333333337, 1.5576306923697498
0.14365842837389647, 0.33333333333333337, 19.543711669074085
0.11692812779212577, 0.33333333333333337, 23.521566861676796
0.10102260943088241, 0.33333333333333337, 5.029102963880655
0.11351187127513832, 0.33333333333333337, 42.11161639646863
0.08777829912570997, 0.33333333333333337, 5.1067370233538805
0.12585995768073363, 0.33333333333333337, 1.6624901238712568
0.11344749682848539, 0.33333333333333337, 15.124231417519963
0.12353501971465951, 0.33333333333333337, 4.6067154350033235
0.16919495105704818, 0.33333333333333337, 9.292533479210496
0.12981546365508762, 0.33333333333333337, 11.302964110294727
0.1316319424989697, 0.33333333333333337, 4.616863350111864
0.16736483158087245, 0.33333333333333337, 18.955207597287014
0.120635157439754, 0.33333333333333337, 4.618356069601702
0.0881699962109152, 0.33333333333333337, 6.1834305447543345
0.0610042082888039, 0.33333333333333337, 4.166109566750505
0.09754671655287493, 0.33333333333333337, 8.215503644877986
0.09342660390377674, 0.33333333333333337, 11.473236097313922
0.10044208620281248, 0.33333333333333337, 11.486806098406916
0.1347451212299774, 0.33333333333333337, 19.48984120701385
0.1752176497782681, 0.33333333333333337, 6.209677107127624
0.1188039887719187, 0.33333333333333337, 4.932227736762244
0.14316868623758733, 0.33333333333333337, 3.4615967798519396
0.0850966762969706, 0.33333333333333337, 2.157578027113383
0.1485064669782843, 0.33333333333333337, 6.071007476684959
0.09294289165722874, 0.33333333333333337, 1.9450960621514426
0.0585558503835733, 0.33333333333333337, 17.410215959135783
0.16530497506321346, 0.33333333333333337, 11.720939299198069
0.13130910992039013, 0.33333333333333337, 6.929566935130096
0.09597940496586446, 0.33333333333333337, 12.929052491697977
0.13358240341883662, 0.33333333333333337, 26.454107642567458
0.11010348075828, 0.33333333333333337, 4.185334958997514
0.12838385059510976, 0.33333333333333337, 2.170912983888538
0.12583329967634738, 0.33333333333333337, 9.905893466179371
0.12720913790990385, 0.33333333333333337, 3.4399804638550378
0.10918045418158973, 0.33333333333333337, 15.02016740703841
0.1364598313713674, 0.33333333333333337, 3.257167112225059
0.16366099506833906, 0.33333333333333337, 0.9547442178441127
0.10536843688768083, 0.33333333333333337, 8.051659268624961
0.1841354563464649, 0.33333333333333337, 0.4692333930559614
0.085549518217611, 0.33333333333333337, 2.344869675410253
0.12044456669781019, 0.33333333333333337, 32.23532712857508
0.14539684701512384, 0.33333333333333337, 8.943689537246103
0.0874894068088675, 0.33333333333333337, 5.168187756992608
0.1512954018302352, 0.33333333333333337, 1.6563524661539848
0.1512213302046698, 0.33333333333333337, 17.462193559480284
0.09811131174354781, 0.33333333333333337, 23.354080066159035
0.1750822944881993, 0.33333333333333337, 7.620541818040133
0.1465360497137885, 0.33333333333333337, 1.510788735514022
0.17525459994430698, 0.33333333333333337, 19.37415619103326
0.09245980979162793, 0.33333333333333337, 14.439178888980548
0.13414456413573117, 0.33333333333333337, 8.881357829763326
0.13218595140029524, 0.33333333333333337, 1.3495228884064372
0.1661507881202183, 0.33333333333333337, 12.567943638152409
0.100517458404865, 0.33333333333333337, 4.148319409223921
0.09335016399881964, 0.33333333333333337, 0.845825018626394
0.144815326912497, 0.33333333333333337, 4.603489621232452
0.0734716092442329, 0.33333333333333337, 8.80014053477374
0.094838728949803, 0.33333333333333337, 1.4349660402097926
0.1398974279962478, 0.33333333333333337, 2.366553405757963
0.1318468631594159, 0.33333333333333337, 12.675122962804302
0.16174717039242203, 0.33333333333333337, 16.444862489123302
0.11684521365672544, 0.33333333333333337, 27.472240833028458
0.07372420091277804, 0.33333333333333337, 5.88624455414493
0.15894932578959597, 0.33333333333333337, 5.175382557996483
0.1157963844798758, 0.33333333333333337, 17.02533067438263
0.08715662528720075, 0.33333333333333337, 22.845524146665085
0.14649674529664844, 0.33333333333333337, 5.837182651529415
0.10545824635755305, 0.33333333333333337, 2.8848048185147195
0.07138329769609217, 0.33333333333333337, 15.292898365264902
0.12623627829980083, 0.33333333333333337, 4.090467272141626
0.09732840193717626, 0.33333333333333337, 9.64669754356548
0.1153989186974558, 0.33333333333333337, 7.974957831926067
0.07691702490683167, 0.33333333333333337, 9.836572364324422
0.15053948724491384, 0.33333333333333337, 4.3608250515024505
0.107020720022874, 0.33333333333333337, 6.6686112111999725
0.13635075899019317, 0.33333333333333337, 19.229241860130358
0.09328385513963648, 0.33333333333333337, 19.178451123229802
0.12468180878358112, 0.33333333333333337, 16.304077706592672
0.12666836777068238, 0.33333333333333337, 7.976883047528399
0.11541044215462273, 0.33333333333333337, 0.7762709385510972
0.10055616106795497, 0.33333333333333337, 16.73071866480554
0.10427236025532235, 0.33333333333333337, 8.457361203040028
0.0666384625943496, 0.33333333333333337, 6.614119891726149
0.07214242320907203, 0.33333333333333337, 7.783666272737257
0.05970067963173648, 0.33333333333333337, 16.38869105595654
0.10603913003413888, 0.33333333333333337, 28.850112443955645
0.16715250184256306, 0.33333333333333337, 3.910831808483095
0.12643969830162596, 0.33333333333333337, 0.6768656283923855
0.0561500762067461, 0.33333333333333337, 2.167015741644208
0.06558546326069117, 0.33333333333333337, 11.359819400003504
0.09607411446385086, 0.33333333333333337, 13.480779702859863
0.16831038373482257, 0.33333333333333337, 11.208955283254978
0.12328617918032576, 0.33333333333333337, 1.3181444030936864
0.09872529909788649, 0.33333333333333337, 4.119579315719523
0.11105109953253087, 0.33333333333333337, 28.89043330320976
0.09100212998803826, 0.33333333333333337, 40.20749823497492
0.18593596641324023, 0.33333333333333337, 16.04675815237007
0.09586638365894787, 0.33333333333333337, 18.164277883471982
0.08259493971310708, 0.33333333333333337, 5.29859175764937
0.13515322621385284, 0.33333333333333337, 0.6167096211203047
0.07358190587477981, 0.33333333333333337, 8.676330915432416
0.08481405966293554, 0.33333333333333337, 0.9015244026695498
0.11105691113154872, 0.33333333333333337, 4.670319612513362
0.14175766117311767, 0.33333333333333337, 3.5786996714028656
0.14906840662342916, 0.33333333333333337, 4.423312217696802
0.08526922957973239, 0.33333333333333337, 3.591619046547248
0.21077079194946247, 0.33333333333333337, 3.5313699953581135
0.13546177977703863, 0.33333333333333337, 2.1795682739951188
0.15326908428282837, 0.33333333333333337, 93.46916795310656
0.13507117417630687, 0.33333333333333337, 17.2550005570109
0.08823451703464642, 0.33333333333333337, 8.751341734116385
0.14427457959632492, 0.33333333333333337, 4.689348268718553
0.12022711393443869, 0.33333333333333337, 3.5094535956559847
0.08497493667748188, 0.33333333333333337, 8.69561824777606
0.09614203994274916, 0.33333333333333337, 6.017731476884746
0.14881086085857592, 0.33333333333333337, 16.77270864610013
0.11321568807295611, 0.33333333333333337, 0.8189496739346671
0.14351745209456213, 0.33333333333333337, 5.2051322509070825
0.13775330131367283, 0.33333333333333337, 7.290083346172955
0.09966622961790354, 0.33333333333333337, 5.871894508807923
0.13402038621061016, 0.33333333333333337, 2.700356380806398
0.1437640442689856, 0.33333333333333337, 5.627484318849236
0.11892517474353409, 0.33333333333333337, 8.579842908735023
0.13249863075805052, 0.33333333333333337, 10.30436761699597
0.15177225684960172, 0.33333333333333337, 19.759297366765043
0.11767726653419967, 0.33333333333333337, 4.020353405006654
0.12332581122058557, 0.33333333333333337, 4.919001710419452
0.08676343021660067, 0.33333333333333337, 9.46293818412924
0.07208224665160017, 0.33333333333333337, 5.747944651428992
0.12553502024321064, 0.33333333333333337, 1.2321028950276547
0.09935666757281555, 0.33333333333333337, 11.698721957774024
0.08556761404956234, 0.33333333333333337, 0.40024599425412666
0.0532268892446951, 0.33333333333333337, 16.512394882208227
0.16603875118326325, 0.33333333333333337, 4.579830854575622
0.15823287736668032, 0.33333333333333337, 0.4993072044805092
0.16101647232784905, 0.33333333333333337, 8.287763952331712
0.14850303136332257, 0.33333333333333337, 29.149623178246177
0.09295222299971982, 0.33333333333333337, 9.133833707037306
0.10034529880696406, 0.33333333333333337, 2.075136535566149
0.11859584537269077, 0.33333333333333337, 14.730609531232822
0.1485088906816644, 0.33333333333333337, 0.020688927922140832
0.17055912517879568, 0.33333333333333337, 12.22707231311756
0.0552589542959534, 0.33333333333333337, 4.8559575948937495
0.07071996818743846, 0.33333333333333337, 1.4150213269069805
0.15200809084511707, 0.33333333333333337, 0.5556143683474231
0.12601902717498015, 0.33333333333333337, 5.077320844875581
0.10908080222579582, 0.33333333333333337, 2.9374680446814647
0.11194140457656226, 0.33333333333333337, 23.83637619601133
0.10916590440748208, 0.33333333333333337, 2.4220653801231915
0.14794922969943947, 0.33333333333333337, 1.7436284302157825
0.1395151110753655, 0.33333333333333337, 12.029631810946809
0.151065074883435, 0.33333333333333337, 0.785831026359266
0.08217179175539377, 0.33333333333333337, 10.28641681447193
0.10617117497055992, 0.33333333333333337, 9.788656822896426
0.10666508858366168, 0.33333333333333337, 3.8836071416312
0.09236338696183473, 0.33333333333333337, 11.84866739094264
0.09635629376787247, 0.33333333333333337, 10.814992004951677
0.13723076693112854, 0.33333333333333337, 13.311166948835703
0.13429284607080852, 0.33333333333333337, 7.9387272422018045
0.16839609359631047, 0.33333333333333337, 12.812063291663808
0.10461663768065212, 0.33333333333333337, 8.435280076598307
0.06651098426097618, 0.33333333333333337, 47.76623866135898
0.14719029816739812, 0.33333333333333337, 35.61127790544743
0.124870272513985, 0.33333333333333337, 4.164863350854284
0.10829761396652865, 0.33333333333333337, 12.63834660310252
0.10548198182974738, 0.33333333333333337, 2.725326856967368
0.12293906587642933, 0.33333333333333337, 13.4818753552266
0.09967647571305528, 0.33333333333333337, 11.495536935297565
0.12474299577054174, 0.33333333333333337, 8.913119510605924
0.1836788015514336, 0.33333333333333337, 5.142038579818308
0.10070190572174116, 0.33333333333333337, 8.290462223429055
0.07071249009710334, 0.33333333333333337, 1.2139590463608383
0.1647279380518643, 0.33333333333333337, 4.435665292072184
0.11416887749349582, 0.33333333333333337, 2.15640255115394
0.11168935120000348, 0.33333333333333337, 0.7633462458835556
0.10562533365708804, 0.33333333333333337, 52.89855182826551
0.06677893959717268, 0.33333333333333337, 3.3939103269798188
0.0950331845007864, 0.33333333333333337, 15.36711534392504
0.09574707925788897, 0.33333333333333337, 8.168934922268152
0.13553949591559863, 0.33333333333333337, 3.9712798403488065
0.1264329698000686, 0.33333333333333337, 12.010653967688095
0.10524043978362263, 0.33333333333333337, 19.2245249551547
0.17751648093141426, 0.33333333333333337, 19.304008985049524
0.07573604726760844, 0.33333333333333337, 3.0744915770821777
0.06624949988749451, 0.33333333333333337, 9.549184349194201
0.12090056905878709, 0.33333333333333337, 2.849965959644105
0.1632742986072726, 0.33333333333333337, 3.4623233544756316
0.14453664269078492, 0.33333333333333337, 3.435717089877119
0.12290242670585033, 0.33333333333333337, 9.116804106896442
0.12560451535813974, 0.33333333333333337, 13.757730292773015
0.062273218663905484, 0.33333333333333337, 18.946927042391927
0.10958103766171763, 0.33333333333333337, 0.3923067596118934
0.1715512043818732, 0.33333333333333337, 0.5543274427589704
0.1513782153440827, 0.33333333333333337, 5.615944841514693
0.11269056484179943, 0.33333333333333337, 7.250852353815155
0.08739657669814534, 0.33333333333333337, 4.641043205028442
0.10092953840858286, 0.33333333333333337, 1.4748671931196988
0.14073036998252897, 0.33333333333333337, 3.541303540173994
0.10854688856183009, 0.33333333333333337, 14.007478529821785
0.10228114957362264, 0.33333333333333337, 16.019953086774194
0.13097067258745035, 0.33333333333333337, 23.912143230285366
0.15298870619806054, 0.33333333333333337, 10.809720052451784
0.0922598399605836, 0.33333333333333337, 25.055343888038525
0.13978482564876202, 0.33333333333333337, 6.451062966373281
0.12332383359831002, 0.33333333333333337, 4.813189537260718
0.15387544045568027, 0.33333333333333337, 11.159632894475283
0.07999083319659, 0.33333333333333337, 20.411222302763353
0.1650580517770145, 0.33333333333333337, 31.67537042114565
0.13707258192002422, 0.33333333333333337, 4.0704298205820475
0.13373838435717117, 0.33333333333333337, 3.219595881922303
0.148131363838942, 0.33333333333333337, 0.21208919046565095
0.10209662772879616, 0.33333333333333337, 9.53045905408899
0.12639352439785964, 0.33333333333333337, 6.422827686105817
0.16119742754956484, 0.33333333333333337, 0.43128090011579734
0.22046800934449298, 0.33333333333333337, 40.059901633323534
0.0714983039414781, 0.33333333333333337, 5.39162758455571
0.14675515277029658, 0.33333333333333337, 52.689376435632155
0.10431281103432927, 0.33333333333333337, 2.723107733430017
0.07594736179315686, 0.33333333333333337, 8.18534469968075
0.09490143584367741, 0.33333333333333337, 0.5159754319860506
0.15236912263012953, 0.33333333333333337, 38.95319883329713
0.15652918172862856, 0.33333333333333337, 6.09743919737104
0.1348539408445846, 0.33333333333333337, 2.21038045748326
0.08820610522168656, 0.33333333333333337, 22.791636896499114
0.1181208890288885, 0.33333333333333337, 8.415368839907153
0.13221018462944345, 0.33333333333333337, 21.871991289484686
0.1342807434650235, 0.33333333333333337, 13.07444015528838
0.09756079750527995, 0.33333333333333337, 38.69044171857141
0.07931178255461976, 0.33333333333333337, 2.1362928774454897
0.17270378763397112, 0.33333333333333337, 9.284628368467127
0.14922095328062193, 0.33333333333333337, 1.1696410811760731
0.13792854282461073, 0.33333333333333337, 18.22891799135576
0.14388589759608175, 0.33333333333333337, 0.49477047614725156
0.09722430743797109, 0.33333333333333337, 6.821639234761809
0.044684623442045296, 0.33333333333333337, 10.164101880035105
0.14185990061230275, 0.33333333333333337, 17.560734608794068
0.11456544234724986, 0.33333333333333337, 8.69158605121014
0.17961334537392526, 0.33333333333333337, 7.3317910874027055
0.1386133082677356, 0.33333333333333337, 2.196257158749797
0.08422550562410779, 0.33333333333333337, 6.967241672509888
0.11296585874847362, 0.33333333333333337, 4.616403038216341
0.15045136542033302, 0.33333333333333337, 12.104439862204309
0.09448590904469693, 0.33333333333333337, 3.0230303556748725
0.1127253371578097, 0.33333333333333337, 0.10189182248184828
0.16873190184664524, 0.33333333333333337, 2.536274573532872
0.15131271327294124, 0.33333333333333337, 13.507454660380258
0.12908556544383246, 0.33333333333333337, 47.08764391607169
0.13004859776172187, 0.33333333333333337, 3.323605536239928
0.09275614192309929, 0.33333333333333337, 4.242227686639483
0.145806800544134, 0.33333333333333337, 5.286447123201147
0.10334416184669096, 0.33333333333333337, 1.0542976095144632
0.12482171476606066, 0.33333333333333337, 0.23784933212583084
0.13612945388693778, 0.33333333333333337, 2.0178348919846987
0.12681295010746715, 0.33333333333333337, 35.953460959253356
0.11490985321609481, 0.33333333333333337, 3.178234477145204
0.10600984901605497, 0.33333333333333337, 5.300615995200304
0.0882082179258348, 0.33333333333333337, 4.303234134425996
0.13221532929392066, 0.33333333333333337, 3.296229627307069
0.12896543955052514, 0.33333333333333337, 3.876197159862207
0.18048457404822354, 0.33333333333333337, 7.721830689359438
0.12226038668377667, 0.33333333333333337, 10.265291747346268
0.13222084200693943, 0.33333333333333337, 21.559557687209217
0.10139433699261884, 0.33333333333333337, 13.467776563867238
0.138916963016345, 0.33333333333333337, 5.455367963704312
0.0854587771002617, 0.33333333333333337, 21.516679975376178
0.12103576420628709, 0.33333333333333337, 4.229283811999213
0.07901393330399206, 0.33333333333333337, 1.1772731828236551
0.08121775920572682, 0.33333333333333337, 9.912841845386472
0.1325521859078253, 0.33333333333333337, 3.8120128553401305
0.08399869324602294, 0.33333333333333337, 8.726818572879711
0.12043636660188356, 0.33333333333333337, 3.0401855662395407
0.1308855215258469, 0.33333333333333337, 5.16763996518723
0.11936085109190912, 0.33333333333333337, 4.2394004995398555
0.16708921465324514, 0.33333333333333337, 8.853611563458438
0.13415988305487972, 0.33333333333333337, 6.445644815262857
0.09064207201668645, 0.33333333333333337, 9.101409790714328
0.11139724912323684, 0.33333333333333337, 2.0315020189434807
0.0772323470696035, 0.33333333333333337, 32.2578187927249
0.08493729734572175, 0.33333333333333337, 3.412327505131935
0.09834733028448597, 0.33333333333333337, 2.8844061472287303
0.11713438659852551, 0.33333333333333337, 0.8233156821398334
0.13927876451204196, 0.33333333333333337, 10.716540841177336
0.1303586488276771, 0.33333333333333337, 77.33932581744048
0.19095700522284995, 0.33333333333333337, 2.089732076908432
0.12041966098703645, 0.33333333333333337, 16.57049648927286
0.07935360430954808, 0.33333333333333337, 9.305530052732871
0.11921997112228643, 0.33333333333333337, 1.0483000564821972
0.07628798184044665, 0.33333333333333337, 45.85530002297646
0.0943150673798332, 0.33333333333333337, 2.860288404836372
0.11767839639174384, 0.33333333333333337, 1.8089240990721955
0.139504809764521, 0.33333333333333337, 12.234537705360157
0.09256689265467583, 0.33333333333333337, 2.9777064701289304
0.12445787509831986, 0.33333333333333337, 2.57636784815843
0.10851824190546375, 0.33333333333333337, 2.2630062268713833
0.15838607813427769, 0.33333333333333337, 14.215275563334114
0.08680973946757876, 0.33333333333333337, 0.34879437122589285
0.10947170605859623, 0.33333333333333337, 12.359007811827393
0.03986918388091104, 0.33333333333333337, 15.03344368534992
0.08663828670334153, 0.33333333333333337, 0.34786122138489506
0.12893952643831136, 0.33333333333333337, 5.947790060511989
0.11600342041122223, 0.33333333333333337, 24.249276084637103
0.18576655600380904, 0.33333333333333337, 11.92028896850012
0.11383269489648973, 0.33333333333333337, 2.2395676905668678
0.1446090844991563, 0.33333333333333337, 3.5961418304230666
0.07954244829569454, 0.33333333333333337, 0.45504391277794903
0.07602447578895176, 0.33333333333333337, 16.005438577061593
0.13824062900629913, 0.33333333333333337, 29.413685596118533
0.11732610119012693, 0.33333333333333337, 12.78308984498303
0.14213712632805586, 0.33333333333333337, 7.3968442307246605
0.07028813288589703, 0.33333333333333337, 4.253652375231014
0.16533269483311347, 0.33333333333333337, 0.7510526451404627
0.14359883256088998, 0.33333333333333337, 12.024244082068325
0.12122315136016032, 0.33333333333333337, 11.574784872663184
0.12759665808642126, 0.33333333333333337, 0.5721062087381563
0.05197415320543729, 0.33333333333333337, 7.658489907292791
0.10252024779889123, 0.33333333333333337, 1.957876577961712
0.16156776891512645, 0.33333333333333337, 29.381220530704887
0.10120400611625356, 0.33333333333333337, 1.786887954551035
0.105008095978927, 0.33333333333333337, 8.611256430518399
0.08392021047646958, 0.33333333333333337, 4.621477328584433
0.10567345315141416, 0.33333333333333337, 2.538600186103979
0.09977829126715992, 0.33333333333333337, 25.328496401550797
0.14317146134091366, 0.33333333333333337, 0.034221305583850815
0.0789262790327261, 0.33333333333333337, 7.141095285372198
0.15974391305206384, 0.33333333333333337, 5.829793233060254
0.1364217617164225, 0.33333333333333337, 28.84035539644591
0.13118871242327831, 0.33333333333333337, 14.86896939498713
0.13279406493444665, 0.33333333333333337, 4.341018705706718
0.09246222732998197, 0.33333333333333337, 3.706804900322085
0.08067161162936909, 0.33333333333333337, 19.884426774161327
0.0682885145210607, 0.33333333333333337, 8.418779689543419
0.12777111351259712, 0.33333333333333337, 11.308126496492228
0.13805997283297533, 0.33333333333333337, 1.702004268539429
0.1281533802120527, 0.33333333333333337, 12.376856507715544
0.12975784273722965, 0.33333333333333337, 19.978482639916376
0.08905550738280041, 0.33333333333333337, 13.362145948712115
0.08776673044769906, 0.33333333333333337, 3.3771303557901056
0.11990296511430347, 0.33333333333333337, 1.8832139304443138
0.10174920520497549, 0.33333333333333337, 39.6213953071983
0.12453661483203834, 0.33333333333333337, 10.180585763960982
0.052732460066755193, 0.33333333333333337, 14.22326815601654
0.1303928038712425, 0.33333333333333337, 6.096480783496637
0.08163806316385264, 0.33333333333333337, 2.1753419202721926
0.05410454922490625, 0.33333333333333337, 2.446594941013268
0.07342146874586117, 0.33333333333333337, 8.962098244809685
0.1688208576908088, 0.33333333333333337, 20.24908421385993
0.11554693562962502, 0.33333333333333337, 40.24797273235224
0.11745995788816986, 0.33333333333333337, 15.992887711464032
0.16068069919669475, 0.33333333333333337, 5.970314130597728
0.16682076081703018, 0.33333333333333337, 1.7052493944819724
0.1477570772913586, 0.33333333333333337, 23.14548944321379
0.11047000056308563, 0.33333333333333337, 14.47932502953151
0.13148261864706653, 0.33333333333333337, 11.381322343760587
0.12918910181057877, 0.33333333333333337, 1.7583354767325825
0.10236216898259778, 0.33333333333333337, 16.184168245807662
0.10791748274494675, 0.33333333333333337, 5.245062456434297
0.05776420627746824, 0.33333333333333337, 11.456675000082127
0.09090009725845263, 0.33333333333333337, 5.455340746581061
0.11024263578914793, 0.33333333333333337, 1.7703938875267915
0.07296827794798068, 0.33333333333333337, 0.5190036936687942
0.12550968660035472, 0.33333333333333337, 2.6488793821752417
0.12594176777118782, 0.33333333333333337, 6.040894891768763
0.10040473789802036, 0.33333333333333337, 23.644600624564056
0.13369253689583757, 0.33333333333333337, 3.0891304876845784
0.11385358341796747, 0.33333333333333337, 14.226347242479376
0.11531879297438012, 0.33333333333333337, 3.171773459588194
0.11475492498754154, 0.33333333333333337, 27.84538446486841
0.1434053517537991, 0.33333333333333337, 12.683860271858489
0.11160914521428933, 0.33333333333333337, 17.391286684269964
0.11579598605940442, 0.33333333333333337, 1.6092442340975217
0.15580971290438378, 0.33333333333333337, 22.48603606045639
0.09213583460791121, 0.33333333333333337, 4.6206939933798346
0.06692101202348719, 0.33333333333333337, 11.172392681636879
0.10718999463876716, 0.33333333333333337, 7.372388459785698
0.12616857904112663, 0.33333333333333337, 4.157808557422521
0.12534435221441917, 0.33333333333333337, 2.954114141802552
0.14426202950187575, 0.33333333333333337, 1.9711062369461314
0.05852589094775714, 0.33333333333333337, 21.578787399890555
0.12894572370693239, 0.33333333333333337, 2.7962282694287928
0.10349799105938583, 0.33333333333333337, 10.522527543353492
0.11255235314178651, 0.33333333333333337, 8.607931636110271
0.17112336488605187, 0.33333333333333337, 38.941847650666084
0.1403655377664556, 0.33333333333333337, 0.32342640821682017
0.14075371675776882, 0.33333333333333337, 2.0364074498373923
0.2035303164908125, 0.33333333333333337, 2.5222880477793144
0.0692480606401672, 0.33333333333333337, 6.545342862257951
0.07854485116740541, 0.33333333333333337, 39.83720992492252
0.09356158912908356, 0.33333333333333337, 7.880930197285844
0.10904024603088493, 0.33333333333333337, 5.388057810284258
0.11540781304930899, 0.33333333333333337, 25.623304994712797
0.1263238775265096, 0.33333333333333337, 4.706284371225344
0.15677793090210088, 0.33333333333333337, 19.91244042999242
0.13291124953511108, 0.33333333333333337, 0.7519691792094441
0.09720497325838767, 0.33333333333333337, 25.469454697814502
0.12807632264744892, 0.33333333333333337, 3.023395620024415
0.06591685394216926, 0.33333333333333337, 8.241539624638419
0.11071318687429749, 0.33333333333333337, 2.43118845345295
0.06699931553868786, 0.33333333333333337, 3.4824301525937154
0.12579245674262574, 0.33333333333333337, 3.6904727687200247
0.10927125595922453, 0.33333333333333337, 2.113997064690372
0.11398993090761529, 0.33333333333333337, 1.7207355902289607
0.09765964430182096, 0.33333333333333337, 6.111459896636433
0.14017693524574257, 0.33333333333333337, 0.21425145094810882
0.0911267903179135, 0.33333333333333337, 6.249330162183647
0.13777551756869177, 0.33333333333333337, 3.401678327291369
0.060675536073994354, 0.33333333333333337, 18.04709637433657
0.06348848485614048, 0.33333333333333337, 9.290067610423083
0.13728674400797392, 0.33333333333333337, 23.37174712452653
0.1470765470997685, 0.33333333333333337, 20.49245396566092
0.09403509864573736, 0.33333333333333337, 2.8617049010990843
0.11887455392481552, 0.33333333333333337, 23.39085994749439
0.09388755985266564, 0.33333333333333337, 19.277372241800887
0.14279094248004318, 0.33333333333333337, 23.1675112200344
0.026471195851356072, 0.33333333333333337, 8.36341475777868
0.12058862409012726, 0.33333333333333337, 1.3786035265453442
0.11898278360046766, 0.33333333333333337, 13.056237766820896
0.11246223045944177, 0.33333333333333337, 51.97938204038517
0.12405852604682739, 0.33333333333333337, 4.97445498157937
0.14831951470820556, 0.33333333333333337, 6.471614180900942
0.08436586520389348, 0.33333333333333337, 25.659806492758197
0.1366836007114165, 0.33333333333333337, 1.2081062571785215
0.07229609596069807, 0.33333333333333337, 2.3365247497668484
0.14920567274151778, 0.33333333333333337, 11.864590815244087
0.1536291175783406, 0.33333333333333337, 1.5900940233556875
0.10850106500140187, 0.33333333333333337, 3.4384575838845257
0.13377058007900652, 0.33333333333333337, 9.585235639767129
0.14109833580051467, 0.33333333333333337, 2.3602741835641785
0.17848881092844782, 0.33333333333333337, 0.7187706198867851
0.1460241885959512, 0.33333333333333337, 7.618331654083126
0.1541875317918261, 0.33333333333333337, 1.6620446450380582
0.0728555356568358, 0.33333333333333337, 2.640604821406471
0.11336250042239332, 0.33333333333333337, 1.7472441119135618
0.09226289106633677, 0.33333333333333337, 7.402395650236131
0.10959789474611302, 0.33333333333333337, 5.962465855356183
0.11555664082400754, 0.33333333333333337, 5.6587462241136794
0.1267242109893806, 0.33333333333333337, 2.874748804542659
0.09097175122010247, 0.33333333333333337, 3.2344691050009433
0.21221107964057473, 0.33333333333333337, 15.053467967795491
0.13405319231423263, 0.33333333333333337, 9.6557892547547
0.12143322661771991, 0.33333333333333337, 68.69755072470596
0.1586830177791015, 0.33333333333333337, 5.219525877992773
0.08434000564899391, 0.33333333333333337, 5.159536667120706
0.12468557038221233, 0.33333333333333337, 6.939806820170265
0.11367146284776816, 0.33333333333333337, 0.709921644928151
0.09696315007700285, 0.33333333333333337, 7.530105716390479
0.1324916139866414, 0.33333333333333337, 8.42941613235383
0.12960404916578505, 0.33333333333333337, 4.985411728889983
0.07118912257386883, 0.33333333333333337, 6.847602750835901
0.08174509111627659, 0.33333333333333337, 1.9919311402490967
0.07367984267220734, 0.33333333333333337, 4.024711232356234
0.11203494104779572, 0.33333333333333337, 7.560837298496839
0.16217920508383682, 0.33333333333333337, 14.36202239645376
0.09048685154478571, 0.33333333333333337, 6.787164622560993
0.14183538671997442, 0.33333333333333337, 11.9585442029184
0.13919371418538948, 0.33333333333333337, 0.7105771163116472
0.10815273271618117, 0.33333333333333337, 4.200235233707925
0.10453431347647184, 0.33333333333333337, 5.2407354557238826
0.0880600151507247, 0.33333333333333337, 9.56967081962926
0.15762523144432422, 0.33333333333333337, 20.531726267534076
0.12296173910175986, 0.33333333333333337, 9.092510954918131
0.09891784915902312, 0.33333333333333337, 3.6360622678298475
0.1298926691411862, 0.33333333333333337, 0.86061639867637
0.13884909996585862, 0.33333333333333337, 4.7127657446556865
0.1448358646197574, 0.33333333333333337, 5.92808694550682
0.12737961878100082, 0.33333333333333337, 2.7035206376606267
0.10652288588525634, 0.33333333333333337, 4.246271757406253
0.17717040874058687, 0.33333333333333337, 6.419594856325211
0.1163219914318485, 0.33333333333333337, 0.48093842721884883
0.13228689217037687, 0.33333333333333337, 9.386271766183624
0.09768559093873881, 0.33333333333333337, 4.634759981880113
0.08656394136929292, 0.33333333333333337, 6.448103300468098
0.10203901488025793, 0.33333333333333337, 29.609300363791174
0.16487370458894005, 0.33333333333333337, 9.360223852827017
0.11528438658674943, 0.33333333333333337, 8.380250345715044
0.10487641248648438, 0.33333333333333337, 8.585622870052253
0.09866086593187756, 0.33333333333333337, 9.285226529938011
0.07671792475994932, 0.33333333333333337, 2.3621287255337795
0.09943930323191456, 0.33333333333333337, 15.16842406238451
0.09066065633519613, 0.33333333333333337, 0.4928771108117309
0.1357243680886805, 0.33333333333333337, 9.373064692435385
0.14362299926212266, 0.33333333333333337, 7.976800245305495
0.06509951107089382, 0.33333333333333337, 2.61774070059875
0.1611234917294531, 0.33333333333333337, 10.221021479661744
0.10275913958320386, 0.33333333333333337, 1.9013687565281179
0.09969195230714493, 0.33333333333333337, 6.50198297538526
0.10147612779266749, 0.33333333333333337, 6.7185546311494155
0.1310595279631637, 0.33333333333333337, 4.695656466914332
0.193920248183734, 0.33333333333333337, 3.6296626280362214
0.12991572687300976, 0.33333333333333337, 3.680680653896551
0.14453499509384918, 0.33333333333333337, 22.933478054291594
0.11214578308563504, 0.33333333333333337, 8.47566055268473
0.12736967900375884, 0.33333333333333337, 0.2115617077205604
0.14406090829808563, 0.33333333333333337, 15.863304150833102
0.11418936110970423, 0.33333333333333337, 1.7527390484936884
0.10261751482145756, 0.33333333333333337, 1.0287496001058811
0.10990024385416142, 0.33333333333333337, 2.6469415656871886
0.10692519260629102, 0.33333333333333337, 24.61024546725935
0.09617563287428915, 0.33333333333333337, 2.2298715390689536
0.11788398808679368, 0.33333333333333337, 2.1556093505264
0.09553694599665136, 0.33333333333333337, 6.557585188859213
0.10948353118179283, 0.33333333333333337, 16.49262834237689
0.11785739701168084, 0.33333333333333337, 13.729918275813839
0.09017724146171174, 0.33333333333333337, 13.526284746486951
0.12657955018351863, 0.33333333333333337, 3.8967425826919353
0.1035586924166695, 0.33333333333333337, 26.239055315469443
0.130490126034714, 0.33333333333333337, 3.664581117251821
0.11774038944434882, 0.33333333333333337, 5.700993029623482
0.13066212787492218, 0.33333333333333337, 29.810630237917625
0.13896162086765002, 0.33333333333333337, 8.05043585066571
0.188703123263816, 0.33333333333333337, 8.450606333072638
0.14249505582182415, 0.33333333333333337, 1.9671342783372867
0.07577013021741119, 0.33333333333333337, 4.298421503723585
0.118096848529822, 0.33333333333333337, 13.949280765564048
0.15069631985188048, 0.33333333333333337, 13.116253050561562
0.10534497619086354, 0.33333333333333337, 13.492240048927021
0.09759465556578863, 0.33333333333333337, 2.9636169922828612
0.09500208269322194, 0.33333333333333337, 9.97721470328777
0.11815313394040271, 0.33333333333333337, 1.8473708906123705
0.12288486234339693, 0.33333333333333337, 10.62193848836378
0.1709804788903354, 0.33333333333333337, 4.390485330608496
0.11627119224299295, 0.33333333333333337, 14.765732677389455
0.10518043023075639, 0.33333333333333337, 20.08325845790691
0.10670650429376441, 0.33333333333333337, 2.8407237042390934
0.17489439711011995, 0.33333333333333337, 9.38335584310861
0.13389521434399854, 0.33333333333333337, 13.332041672522672
0.18041379486868286, 0.33333333333333337, 8.357456845323808
0.1479342865906902, 0.33333333333333337, 4.608719217978371
0.1309076234148562, 0.33333333333333337, 6.468741552554954
0.1129734367443879, 0.33333333333333337, 14.336772069075824
0.1278390066982324, 0.33333333333333337, 5.174415998398899
0.10197237218447194, 0.33333333333333337, 9.122275966626912
0.11489541116579507, 0.33333333333333337, 2.115624404246601
0.1486180947444083, 0.33333333333333337, 11.548536958656577
0.13611108174010686, 0.33333333333333337, 13.306814927987846
0.09187044513634891, 0.33333333333333337, 6.045018549140201
0.15009697737327857, 0.33333333333333337, 5.172801526270173
0.09639756905616073, 0.33333333333333337, 41.38821169936714
0.10705479165801592, 0.33333333333333337, 12.265925571210198
0.12319248844117649, 0.33333333333333337, 0.20139157797962604
0.16666905308343635, 0.33333333333333337, 20.730840028720515
0.1293760763159822, 0.33333333333333337, 12.885652585565525
0.059371128907905225, 0.33333333333333337, 0.23211821718967626
0.09325720648444746, 0.33333333333333337, 26.2523551845859
0.052878993099126734, 0.33333333333333337, 2.0645101426889725
0.11586381132740077, 0.33333333333333337, 1.4778406458598619
0.1383290017664197, 0.33333333333333337, 4.3538392750698325
0.14723924898135474, 0.33333333333333337, 3.900727125541751
0.14463521799697332, 0.33333333333333337, 4.202750492691629
0.110760250294962, 0.33333333333333337, 1.867965464688308
0.12070752189198398, 0.33333333333333337, 35.14070209866857
0.07049577690724271, 0.33333333333333337, 4.097911231844345
0.18679597130242384, 0.33333333333333337, 30.728011179554304
0.09632826055751462, 0.33333333333333337, 23.932948005808772
0.10489509287821776, 0.33333333333333337, 3.766294322748507
0.12182593328114268, 0.33333333333333337, 0.6770718855308008
0.09789385265637338, 0.33333333333333337, 1.216206819880598
0.13314442001594484, 0.33333333333333337, 5.201394510943534
0.1388190902560959, 0.33333333333333337, 4.701668404748213
0.08113200537094979, 0.33333333333333337, 6.347705310097355
0.1189323325781267, 0.33333333333333337, 26.646738693761197
0.1478502920312301, 0.33333333333333337, 3.5922851246072187
0.12568436368905953, 0.33333333333333337, 29.326715329470048
0.1035868453506712, 0.33333333333333337, 7.1617099925577286
0.07232190374554218, 0.33333333333333337, 10.48959885577384
0.10025402365939673, 0.33333333333333337, 0.1638035046566765
0.11413075986281661, 0.33333333333333337, 11.964132635925427
0.11910848965993028, 0.33333333333333337, 14.562209352753422
0.08264190171415975, 0.33333333333333337, 11.929454707883796
0.09526326037704327, 0.33333333333333337, 3.5596861259325197
0.14706424413684155, 0.33333333333333337, 1.4620552395665165
0.16647029429528437, 0.33333333333333337, 11.226010268498301
0.08315785175284657, 0.33333333333333337, 0.5978960886459107
0.15000506833403734, 0.33333333333333337, 28.126610746020706
0.10845488735432805, 0.33333333333333337, 0.6222261000813287
0.0863806641185712, 0.33333333333333337, 16.78396264270541
0.04302868352855106, 0.33333333333333337, 3.8597345990415564
0.11716560137237121, 0.33333333333333337, 6.718662942518959
0.14536427174823796, 0.33333333333333337, 4.258240300493931
0.0927867262052397, 0.33333333333333337, 14.873493501230614
0.12913675407904557, 0.33333333333333337, 10.939215149929902
0.10495224479095305, 0.33333333333333337, 3.884916715196869
0.10820630981852886, 0.33333333333333337, 18.500709154089403
0.13097145543206376, 0.33333333333333337, 1.2114429232524169
0.1945510634136252, 0.33333333333333337, 0.6368013614020669
0.10384687771609429, 0.33333333333333337, 6.912141193821672
0.1017954180820931, 0.33333333333333337, 0.7648809738756721
0.07822497249195615, 0.33333333333333337, 16.34466774950406
0.10475080537239374, 0.33333333333333337, 15.398634196240115
0.11708372342339993, 0.33333333333333337, 23.45411790521801
0.1019940884857701, 0.33333333333333337, 7.977807612878521
0.07579592282627952, 0.33333333333333337, 45.54289811211499
0.08668639753980317, 0.33333333333333337, 6.724725704831928
0.19557621332154249, 0.33333333333333337, 19.673416563004654
0.10562950172882889, 0.33333333333333337, 26.61492324637526
0.11050804166611776, 0.33333333333333337, 5.68081209804298
0.13446707267089222, 0.33333333333333337, 0.8836788191044906
0.1370153137096791, 0.33333333333333337, 5.698922578913612
0.15381617620270188, 0.33333333333333337, 3.1791640613666137
0.14487747530513093, 0.33333333333333337, 14.150287754014485
0.07678803737552309, 0.33333333333333337, 10.313248179364214
0.07935184603869709, 0.33333333333333337, 9.887422051250029
0.043960159580013355, 0.33333333333333337, 13.889197533353729
0.09784463629454532, 0.33333333333333337, 10.82657744207395
0.11422261714844541, 0.33333333333333337, 0.979783075672634
0.14968585251109928, 0.33333333333333337, 32.678030348660926
0.06279187528112068, 0.33333333333333337, 4.563328941650352
0.12151965995029203, 0.33333333333333337, 1.627626439371668
0.1460701626063, 0.33333333333333337, 14.046897263529434
0.13221899106757617, 0.33333333333333337, 22.038495967758433
0.10962202753327219, 0.33333333333333337, 8.005636728733796
0.10995733404955588, 0.33333333333333337, 5.401899757863531
0.0857860259031285, 0.33333333333333337, 8.188813623997532
0.10111609183987436, 0.33333333333333337, 12.726458716824373
0.04526047927914069, 0.33333333333333337, 1.5609021316544978
0.15132544149346444, 0.33333333333333337, 29.237129284596165
0.12773316461058212, 0.33333333333333337, 2.0487660414427635
0.12165908555649911, 0.33333333333333337, 0.8152140576513043
0.11695927017587729, 0.33333333333333337, 18.998439939546994
0.14421670451406324, 0.33333333333333337, 5.978068550228717
0.11916060933785974, 0.33333333333333337, 22.72987902064313
0.07231786159965188, 0.33333333333333337, 3.5326292089312097
0.12540353911319554, 0.33333333333333337, 5.030884031766067
0.14195213869683673, 0.33333333333333337, 10.48332920845708
0.11042754643864468, 0.33333333333333337, 0.1531137804826781
0.1181425013900987, 0.33333333333333337, 11.20872506273537
0.06610176193535053, 0.33333333333333337, 12.486507284229537
0.10771713085851127, 0.33333333333333337, 7.443638753753167
0.12205293849917277, 0.33333333333333337, 47.016314921769144
0.1638452895103095, 0.33333333333333337, 7.828698410391915
0.15386570091559354, 0.33333333333333337, 12.630625721156038
0.13812501980667577, 0.33333333333333337, 1.2099534969405281
0.1142208196327125, 0.33333333333333337, 12.33486317258071
0.18398987890179225, 0.33333333333333337, 8.791887542737735
0.14645701435529346, 0.33333333333333337, 42.19893253903837
0.10332056262099104, 0.33333333333333337, 17.246083952498868
0.11596779362232512, 0.33333333333333337, 2.6380871200220604
0.19796872830121987, 0.33333333333333337, 47.17723297728671
0.08624856134852746, 0.33333333333333337, 4.205904383000497
0.193135291783586, 0.33333333333333337, 9.368587970525262
0.14328854544978353, 0.33333333333333337, 11.216915658101597
0.09613698685885866, 0.33333333333333337, 7.14382367818563
0.07141404670422588, 0.33333333333333337, 25.318630882960413
0.13910700634140155, 0.33333333333333337, 27.039679753439838
0.07437389246817365, 0.33333333333333337, 0.061824030873515304
0.11071789145755949, 0.33333333333333337, 7.934892022692162
0.10024890060534213, 0.33333333333333337, 15.230517784598746
0.10857438522560431, 0.33333333333333337, 3.0881200831988513
0.08376533046583207, 0.33333333333333337, 4.726102500555801
0.14121533752125723, 0.33333333333333337, 2.8542691315017326
0.14489806516810982, 0.33333333333333337, 41.28023704593529
0.14130762623565613, 0.33333333333333337, 7.2822924715840065
0.1381739474359501, 0.33333333333333337, 16.103003282052715
0.04304679294395819, 0.33333333333333337, 0.20076337985766737
0.10792245199769865, 0.33333333333333337, 12.88834311698534
0.11867189745882295, 0.33333333333333337, 4.409448642607494
0.1616530127923188, 0.33333333333333337, 6.915533745240747
0.14066409855607784, 0.33333333333333337, 0.2735550258276828
0.11510624555520267, 0.33333333333333337, 4.598520927545838
0.08259061745219906, 0.33333333333333337, 4.333894079328787
0.12384180428047739, 0.33333333333333337, 4.002933152875363
0.12945533014568752, 0.33333333333333337, 1.6340515443767634
0.09364022339735278, 0.33333333333333337, 6.890303004744879
0.10526879273561883, 0.33333333333333337, 25.024187157283926
0.06211229679985372, 0.33333333333333337, 3.8952619831369093
0.09252514646480595, 0.33333333333333337, 4.272576301221454
0.16564709786273404, 0.33333333333333337, 3.9709808192773925
0.15667900328474338, 0.33333333333333337, 49.82079298423019
0.119435573423262, 0.33333333333333337, 12.037300756483697
0.11849120903004248, 0.33333333333333337, 5.732351312435208
0.08929481995784039, 0.33333333333333337, 3.6910781329410587
0.13826248554172557, 0.33333333333333337, 1.660342894101525
0.15831280797069186, 0.33333333333333337, 8.819400915173638
0.11241923591619236, 0.33333333333333337, 3.682912311937897
0.08787518756417054, 0.33333333333333337, 10.244118946308076
0.1259198359266433, 0.33333333333333337, 10.459194234784741
0.12934553887738032, 0.33333333333333337, 15.139768251829356
0.19056003275742997, 0.33333333333333337, 1.3161349989805855
0.1559733666526483, 0.33333333333333337, 7.308860858117264
0.11895645246965425, 0.33333333333333337, 9.089402906501855
0.1733820068081037, 0.33333333333333337, 2.1254705672308343
0.09949091385871517, 0.33333333333333337, 5.240988983675497
0.12061691667206102, 0.33333333333333337, 23.860533429733923
0.13091120143312154, 0.33333333333333337, 10.478129465494597
0.11108509820755484, 0.33333333333333337, 7.124076074195901
0.139476743939059, 0.33333333333333337, 8.2648108651789
0.12312144558151634, 0.33333333333333337, 19.88021853120792
0.19285746075486349, 0.33333333333333337, 7.519110544672728
0.0893539380450195, 0.33333333333333337, 5.184723585417009
0.14524999953744755, 0.33333333333333337, 3.345253689162772
0.0843880977137072, 0.33333333333333337, 2.2112807067630156
0.06866100777759412, 0.33333333333333337, 0.2860048212147817
0.16275824281390655, 0.33333333333333337, 15.472505824030588
0.09416345115798454, 0.33333333333333337, 22.171478396896568
0.1007117512926695, 0.33333333333333337, 25.682199448183088
0.07378747773011703, 0.33333333333333337, 5.426568859539279
0.08839972416580727, 0.33333333333333337, 45.15641436606427
0.10170868826114718, 0.33333333333333337, 7.663654519834824
0.12175804714112226, 0.33333333333333337, 5.869109996977163
0.09861847634110418, 0.33333333333333337, 9.012647533424959
0.07533089406490134, 0.33333333333333337, 1.092698619733566
0.11377329718629589, 0.33333333333333337, 1.8602834405685318
0.08787153046643996, 0.33333333333333337, 8.85171723568918
0.14265049498082327, 0.33333333333333337, 4.675218657970135
0.1262517699422664, 0.33333333333333337, 2.2590131520089867
0.13514331081560968, 0.33333333333333337, 12.758311067158402
0.08117045129195745, 0.33333333333333337, 3.028650898482986
0.10036345375355259, 0.33333333333333337, 16.067461237875975
0.14077226393679645, 0.33333333333333337, 4.731664279591591
0.08274455943830358, 0.33333333333333337, 12.3929802412109
0.11534696187225078, 0.33333333333333337, 1.2833295263982631
0.12848487576532253, 0.33333333333333337, 0.6146582762424728
0.1401449704053406, 0.33333333333333337, 4.076753699771417
0.12225620476942953, 0.33333333333333337, 15.811562907031718
0.12790530554609417, 0.33333333333333337, 16.348083927991173
0.16504397315091873, 0.33333333333333337, 0.4370821146985736
0.2080592990051583, 0.33333333333333337, 4.063691072895999
0.09739488141464575, 0.33333333333333337, 2.9750055095729926
0.1161858505941407, 0.33333333333333337, 9.319157365116517
0.12571416961754567, 0.33333333333333337, 1.2632168659260874
0.13114693603702277, 0.33333333333333337, 5.726672187625523
0.1446455378391656, 0.33333333333333337, 13.855091020177488
0.1231890699266904, 0.33333333333333337, 6.316364641341166
0.09915607790437944, 0.33333333333333337, 22.90953135938147
0.13381351922983095, 0.33333333333333337, 3.2457068535699576
0.144117722584804, 0.33333333333333337, 1.0635992892670993
0.08224214816809722, 0.33333333333333337, 2.5938785541721012
0.07493789828748264, 0.33333333333333337, 3.7547076467060907
0.10614089236084172, 0.33333333333333337, 17.015129096842127
0.144184356582634, 0.33333333333333337, 11.521612922853885
0.12623698192303937, 0.33333333333333337, 14.861962030530163
0.15104236604099597, 0.33333333333333337, 11.59254748134855
0.0537230499541604, 0.33333333333333337, 2.4945544597237337
0.03127128213246533, 0.33333333333333337, 3.4559334859995023
0.1668166422527309, 0.33333333333333337, 12.36879775147982
0.09088297703935483, 0.33333333333333337, 20.584112525634502
0.09853968524806432, 0.33333333333333337, 41.19131823126917
0.10855493280689296, 0.33333333333333337, 5.114717313611939
0.13912387681919483, 0.33333333333333337, 18.95305683735473
0.09721749578142092, 0.33333333333333337, 7.039535556864909
0.13718826228904338, 0.33333333333333337, 21.14295786737715
0.06942929917610322, 0.33333333333333337, 22.035952576883204
0.1373107700011108, 0.33333333333333337, 50.830817785939566
0.10312135429565567, 0.33333333333333337, 0.7884553334604132
0.10965312408399021, 0.33333333333333337, 6.115472044982609
0.08102912366887384, 0.33333333333333337, 0.4509730944781848
0.13800819665042235, 0.33333333333333337, 2.107919729549739
0.08906635381928957, 0.33333333333333337, 10.806809682376743
0.11265650716227005, 0.33333333333333337, 0.14325633782189923
0.1170283095601461, 0.33333333333333337, 18.893896098047318
0.08315775681376494, 0.33333333333333337, 31.575621737198226
0.13700667665400285, 0.33333333333333337, 8.660558227486499
0.09627849389345203, 0.33333333333333337, 3.920097918308151
0.11697562716250769, 0.33333333333333337, 2.1215155467469273
0.10433726179138311, 0.33333333333333337, 1.2231188754023963
0.12892573283679779, 0.33333333333333337, 4.7577189946073375
0.12149842485663558, 0.33333333333333337, 5.240578373701272
0.14239105989232123, 0.33333333333333337, 13.776846250425455
0.11755043050466953, 0.33333333333333337, 6.690289069404019
0.1562782418070813, 0.33333333333333337, 10.688141397629773
0.13370657752707285, 0.33333333333333337, 2.3566662904609412
0.12146112792837398, 0.33333333333333337, 1.0372938704515697
0.10160261647199469, 0.33333333333333337, 26.306948139650142
0.06147245182333851, 0.33333333333333337, 17.275889400878167
0.129196577927939, 0.33333333333333337, 4.532628111142363
0.11874613521751991, 0.33333333333333337, 4.354637489179083
0.12844706385145446, 0.33333333333333337, 4.112652424835356
0.09687030161730512, 0.33333333333333337, 10.722971024598428
0.07836559604884479, 0.33333333333333337, 17.367044551941955
0.17030569293758807, 0.33333333333333337, 3.132944878191074
0.1329125718064343, 0.33333333333333337, 5.468509009230977
0.05176868424145509, 0.33333333333333337, 34.95143126723226
0.06725850684486759, 0.33333333333333337, 2.614432628784235
0.11110731922614503, 0.33333333333333337, 11.722910772697926
0.12086247783293433, 0.33333333333333337, 4.078493632851167
0.10448505588196953, 0.33333333333333337, 1.7456375500145214
0.16384014798280222, 0.33333333333333337, 7.818541832172114
0.10144759203467432, 0.33333333333333337, 24.77707941775855
0.1443600750502586, 0.33333333333333337, 0.032211041470483356
0.12585648688867923, 0.33333333333333337, 3.9698581406339852
0.17584593373491975, 0.33333333333333337, 24.009456866938887
0.12219040443277329, 0.33333333333333337, 4.759239084290087
0.10162675394351997, 0.33333333333333337, 1.3753548155848536
0.1814807665514822, 0.33333333333333337, 18.575566308640912
0.07985520643526645, 0.33333333333333337, 0.7022864957623405
0.10081056734560098, 0.33333333333333337, 2.518719054368717
0.16018920335034015, 0.33333333333333337, 6.631102608206623
0.10871877486955817, 0.33333333333333337, 8.446829836842987
0.10149771535679886, 0.33333333333333337, 12.96540471194322
0.04463261712795316, 0.33333333333333337, 1.5454778825391826
0.09277356580413415, 0.33333333333333337, 9.959261739136547
0.06535007253048294, 0.33333333333333337, 6.812935629639032
0.14121165360791216, 0.33333333333333337, 3.7363766415926194
0.14118155442009717, 0.33333333333333337, 0.2576730986413277
0.12217299090919335, 0.33333333333333337, 9.21216394627994
0.1133978380835058, 0.33333333333333337, 9.714998747149004
0.11944840533559282, 0.33333333333333337, 1.919690234846104
0.0979235581480887, 0.33333333333333337, 11.155886142844828
0.14781078714133872, 0.33333333333333337, 4.454729047758774
0.1491471042904852, 0.33333333333333337, 1.5079553044757152
0.09244607321435873, 0.33333333333333337, 7.025176093133276
0.11478922316505002, 0.33333333333333337, 6.3263300824452795
0.1364467127355455, 0.33333333333333337, 23.550951768850954
0.0982152204899783, 0.33333333333333337, 3.2400873745436365
0.08762770285477882, 0.33333333333333337, 4.264499083557437
0.14921100145487376, 0.33333333333333337, 3.1530274077292217
0.08047306383126177, 0.33333333333333337, 13.271195599383725
0.09129574807205044, 0.33333333333333337, 3.088731457656369
0.11244414634999662, 0.33333333333333337, 27.925718641908208
0.18451494396874393, 0.33333333333333337, 15.792619254153651
0.13840248502857633, 0.33333333333333337, 1.5042278344681788
0.1524219266910569, 0.33333333333333337, 1.7526612431102342
0.14248053294231772, 0.33333333333333337, 8.399576414791378
0.15030985360164484, 0.33333333333333337, 8.528811462646019
0.08074498213343378, 0.33333333333333337, 4.201199561828151
0.13519517618902904, 0.33333333333333337, 21.612868353890907
0.1281719585661094, 0.33333333333333337, 7.416026410296876
0.10676568388453744, 0.33333333333333337, 12.32098176638662
0.11207266373496064, 0.33333333333333337, 4.486809833302223
0.16347160185642876, 0.33333333333333337, 5.903819019972366
0.1395072747083263, 0.33333333333333337, 0.031634411762093056
0.04550713187253905, 0.33333333333333337, 7.368661093972393
0.1554209490240507, 0.33333333333333337, 5.055894264992572
0.18472802754347484, 0.33333333333333337, 15.26403085528865
0.13973103223670116, 0.33333333333333337, 10.039330361499665
0.11625440837740005, 0.33333333333333337, 11.016680214681726
0.1283002184270263, 0.33333333333333337, 23.471218882569776
0.18870765084019075, 0.33333333333333337, 5.679971712213294
0.12366761826226785, 0.33333333333333337, 1.1267141486597598
0.19388424132590465, 0.33333333333333337, 7.543595492192274
0.03740878765338228, 0.33333333333333337, 1.5021141261240076
0.180377606923098, 0.33333333333333337, 12.849271107968683
0.14399991148732794, 0.33333333333333337, 8.357360687679538
0.11309960968352083, 0.33333333333333337, 3.154834808317445
0.12637367802809046, 0.33333333333333337, 1.5329576612751477
0.14537495396254008, 0.33333333333333337, 4.0223858133933925
0.08219951015385504, 0.33333333333333337, 10.068548993306301
0.10754929614091306, 0.33333333333333337, 0.41034048032616305
0.14964920834318102, 0.33333333333333337, 15.097633742506636
0.08212282262500586, 0.33333333333333337, 2.8927108105204637
0.10498408629144376, 0.33333333333333337, 4.646173943448846
0.1796766518305357, 0.33333333333333337, 11.519186577221724
0.11501052803147217, 0.33333333333333337, 6.556309345239214
0.1253168644182476, 0.33333333333333337, 10.776331409539498
0.11322308121838509, 0.33333333333333337, 38.86452072848237
0.12819263179382012, 0.33333333333333337, 1.7715725802490372
0.10800484638140188, 0.33333333333333337, 0.8068331005480582
0.13917380263431417, 0.33333333333333337, 5.783711922690961
0.09967638296418234, 0.33333333333333337, 36.8822949329942
0.13533462922124467, 0.33333333333333337, 3.4577022327163944
0.12109269063590572, 0.33333333333333337, 45.593474193344534
0.05533623995713001, 0.33333333333333337, 2.756198034333886
0.07480495812879075, 0.33333333333333337, 4.780037974883353
0.12521297490281766, 0.33333333333333337, 31.34990147543617
0.12383831391131421, 0.33333333333333337, 9.614622514205935
0.14664494055860378, 0.33333333333333337, 41.22878972497757
0.12556262624392817, 0.33333333333333337, 1.603690454064294
0.1317405218292332, 0.33333333333333337, 52.819724277357274
0.1279779301621192, 0.33333333333333337, 9.535402220464553
0.10059887189817737, 0.33333333333333337, 3.086911972864025
0.1037759199290224, 0.33333333333333337, 6.433074779039283
0.1301531835183939, 0.33333333333333337, 22.34648085456162
0.1614510623227921, 0.33333333333333337, 7.966446475927075
0.06578823211924188, 0.33333333333333337, 10.179510450615982
0.09230467771994191, 0.33333333333333337, 14.831993798446371
0.14476417286356688, 0.33333333333333337, 29.95735089076783
0.05463262100218523, 0.33333333333333337, 1.875068291737234
0.14493558008973603, 0.33333333333333337, 3.515960392367814
0.11687539748807754, 0.33333333333333337, 5.941393013657273
0.16017248576461485, 0.33333333333333337, 2.6032761746091584
0.11846692305584072, 0.33333333333333337, 2.192564191115883
0.12084270035054076, 0.33333333333333337, 13.271825071580626
0.17960156084181883, 0.33333333333333337, 5.96044239332472
0.1159677585074131, 0.33333333333333337, 0.2462548315403297
0.1452543125920061, 0.33333333333333337, 4.093879449414653
0.05564125213934673, 0.33333333333333337, 87.70722211804677
0.10398665005429333, 0.33333333333333337, 6.445561155602612
0.12853870957619612, 0.33333333333333337, 3.169491251973553
0.09960043021798616, 0.33333333333333337, 2.8924961638938322
0.12756830846803563, 0.33333333333333337, 8.950370157251514
0.08600372816531897, 0.33333333333333337, 2.5944316825582874
0.1017098074313793, 0.33333333333333337, 0.5506959756075475
0.10821658577441136, 0.33333333333333337, 10.232961315256437
0.14393712585252819, 0.33333333333333337, 5.374540561909996
0.09798830165871822, 0.33333333333333337, 16.568149156327706
0.09914273353620322, 0.33333333333333337, 9.958990778480233
0.0951224836867251, 0.33333333333333337, 19.198694056654876
0.1410787974578541, 0.33333333333333337, 20.81132134139289
0.14802541832818647, 0.33333333333333337, 2.3718595906125026
0.08309007308811459, 0.33333333333333337, 8.0303251322307
0.1407591427405199, 0.33333333333333337, 7.552300524323059
0.11976488267119074, 0.33333333333333337, 6.462797053878053
0.12174146120823447, 0.33333333333333337, 18.39732702232723
0.07692108686098237, 0.33333333333333337, 1.0844613387434003
0.16277852892585626, 0.33333333333333337, 18.652119642235068
0.12100365791867004, 0.33333333333333337, 1.0206520520302207
0.10437429836821341, 0.33333333333333337, 6.519858243240335
0.11719857965757187, 0.33333333333333337, 14.550747231742179
0.142764264359921, 0.33333333333333337, 4.847260491985658
0.15007236482467973, 0.33333333333333337, 17.26841685431794
0.08363787430852243, 0.33333333333333337, 1.5721416578041394
0.11066342991481938, 0.33333333333333337, 15.348473774937649
0.17106481207221635, 0.33333333333333337, 4.207553210795976
0.1679983248488849, 0.33333333333333337, 13.130897041047394
0.10896511656913098, 0.33333333333333337, 10.326895723720428
0.1139621607019849, 0.33333333333333337, 58.8004547643907
0.13330845140166137, 0.33333333333333337, 1.079202615654569
0.12622216245449577, 0.33333333333333337, 2.9889167214340033
0.0947348550715041, 0.33333333333333337, 1.0318577271943872
0.09010071870941343, 0.33333333333333337, 1.4437518035877812
0.11973570201093872, 0.33333333333333337, 7.803547487783337
0.1840547755591953, 0.33333333333333337, 3.082584570884142
0.13705857078841124, 0.33333333333333337, 51.259349707562706
0.1276857486765753, 0.33333333333333337, 4.424126166049954
0.10827141132542553, 0.33333333333333337, 6.032025781056114
0.11637590216591572, 0.33333333333333337, 46.57713392937977
0.16858538631928244, 0.33333333333333337, 6.227040649847218
0.13008641619878092, 0.33333333333333337, 6.461302142506319
0.1465158174949075, 0.33333333333333337, 1.7284669733826574
0.09808805738877967, 0.33333333333333337, 15.447361179814955
0.0870748906282942, 0.33333333333333337, 23.09364782553749
0.09951181571933702, 0.33333333333333337, 48.307607413803936
0.0787210550700928, 0.33333333333333337, 2.943804625510211
0.1086141463974578, 0.33333333333333337, 6.11601276709058
0.11897920501796092, 0.33333333333333337, 10.641748458755242
0.09905229799605675, 0.33333333333333337, 1.1708176829669397
0.10148328444191346, 0.33333333333333337, 23.70708643401432
0.13055135429933812, 0.33333333333333337, 7.258514460794714
0.1457030587097138, 0.33333333333333337, 4.772494515666942
0.12293407851761944, 0.33333333333333337, 4.015986732068382
0.14359761609644878, 0.33333333333333337, 33.65110524515853
0.16241149515905295, 0.33333333333333337, 16.711201118311482
0.1462770153062835, 0.33333333333333337, 5.581579710682287
0.15650109576668855, 0.33333333333333337, 15.933635103627124
0.16099118396496684, 0.33333333333333337, 4.678795007808336
0.1571431821842543, 0.33333333333333337, 13.176811131874654
0.09885328176222336, 0.33333333333333337, 50.428208778281984
0.10161669812298295, 0.33333333333333337, 3.4592636463386857
0.09124531799880009, 0.33333333333333337, 6.797160993139649
0.10805400933295743, 0.33333333333333337, 10.480537089538268
0.1484029412829838, 0.33333333333333337, 2.758754633259642
0.0716539252993609, 0.33333333333333337, 8.221329085760186
0.17040900339809228, 0.33333333333333337, 9.186979832504758
0.14498565696822602, 0.33333333333333337, 0.6102059591642384
0.12469611978164404, 0.33333333333333337, 27.630454387455444
0.11019477930617715, 0.33333333333333337, 36.125804135145664
0.11006698519285565, 0.33333333333333337, 4.3951630939967075
0.12457837170571871, 0.33333333333333337, 2.0717397966253936
0.087965140936352, 0.33333333333333337, 13.324971920554797
0.10380677035672725, 0.33333333333333337, 13.115282322728904
0.11544863198950502, 0.33333333333333337, 7.151857613517586
0.1342632319888675, 0.33333333333333337, 22.3549391864437
0.12562180651573632, 0.33333333333333337, 1.8798233168329235
0.18009404800708503, 0.33333333333333337, 15.91870832100791
0.08341762933074262, 0.33333333333333337, 6.508296084076563
0.1782247284730635, 0.33333333333333337, 0.9080670338723081
0.13120677540400416, 0.33333333333333337, 3.7621553063678417
0.0690065919115095, 0.33333333333333337, 8.562600143318884
0.15556255283975184, 0.33333333333333337, 1.147457377188178
0.09502430962492649, 0.33333333333333337, 2.1522063543357666
0.061758901875134845, 0.33333333333333337, 3.863609871479578
0.1166870399129641, 0.33333333333333337, 7.586318493496368
0.13882640313813382, 0.33333333333333337, 2.4662413222148403
0.11824356371043829, 0.33333333333333337, 16.016409302964465
0.1578611610446228, 0.33333333333333337, 6.467443789532038
0.1372021998655213, 0.33333333333333337, 7.643368117557123
0.15678864428752914, 0.33333333333333337, 97.73863919622437
0.09973779390836472, 0.33333333333333337, 0.5972434912998746
0.10290712393753557, 0.33333333333333337, 8.443847232502556
0.1197670838264642, 0.33333333333333337, 20.293612033228868
0.07107709407579636, 0.33333333333333337, 8.557670672650822
0.11418842014397676, 0.33333333333333337, 6.750221663790215
0.09736167766812952, 0.33333333333333337, 5.735012223193215
0.14414131814211123, 0.33333333333333337, 31.15186326643085
0.1328170103662844, 0.33333333333333337, 6.846284472352302
0.15142925113428446, 0.33333333333333337, 7.903394892580291
0.2003738814506312, 0.33333333333333337, 1.157806432073565
0.0884384544145239, 0.33333333333333337, 4.999181873058677
0.12466675447114013, 0.33333333333333337, 9.278863574755915
0.07636889496123467, 0.33333333333333337, 7.5885323778213865
0.1277680527802915, 0.33333333333333337, 3.921977206737187
0.06021016262337343, 0.33333333333333337, 12.924914433529189
0.1469822093528922, 0.33333333333333337, 4.063614951846042
0.08218032311605977, 0.33333333333333337, 12.644913517588504
0.1329194884121853, 0.33333333333333337, 6.031539035016237
0.1096060546204102, 0.33333333333333337, 1.8761726907673069
0.09446654444257674, 0.33333333333333337, 8.59120543442383
0.15373851308772626, 0.33333333333333337, 13.154325532636557
0.12319663095007576, 0.33333333333333337, 12.845348249630561
0.1537297277835092, 0.33333333333333337, 30.302916456447115
0.14846598556133608, 0.33333333333333337, 8.978715367797607
0.13526069007399114, 0.33333333333333337, 2.1580065880825536
0.12179243911027504, 0.33333333333333337, 15.146710337346416
0.15602668199933334, 0.33333333333333337, 2.4046248797256102
0.1243451420441955, 0.33333333333333337, 8.489203810210737
0.13973129313145988, 0.33333333333333337, 6.596651436464368
0.1230672730155302, 0.33333333333333337, 6.683711534344316
0.08557838205897955, 0.33333333333333337, 3.4998998398038674
0.15098221568046163, 0.33333333333333337, 16.474286073426374
0.1422661506906259, 0.33333333333333337, 1.7330286636558592
0.10696487399486691, 0.33333333333333337, 8.273276645672494
0.0825365691814848, 0.33333333333333337, 7.220877501792284
0.14250940908106494, 0.33333333333333337, 8.53928273496462
0.08423338711406442, 0.33333333333333337, 7.6598736598127495
0.05515908524572927, 0.33333333333333337, 6.454376859697329
0.07790611759255617, 0.33333333333333337, 26.562485323875077
0.13235941770002949, 0.33333333333333337, 3.757173952528911
0.15946389930596241, 0.33333333333333337, 3.158869627961668
0.10904692573150208, 0.33333333333333337, 30.533966571019103
0.18180423021969452, 0.33333333333333337, 17.449949981959936
0.15757939911669572, 0.33333333333333337, 6.597959822009693
0.14543318682492315, 0.33333333333333337, 9.670610254609102
0.1559940387019692, 0.33333333333333337, 12.142959456468573
0.08734295680238399, 0.33333333333333337, 42.87468006586271
0.1324366082151627, 0.33333333333333337, 1.0623042712575137
0.11939979710991791, 0.33333333333333337, 11.483681012922036
0.08162273735950537, 0.33333333333333337, 5.296630252625962
0.14476175444099207, 0.33333333333333337, 0.3746774406686454
0.13683438678874058, 0.33333333333333337, 2.879440898536666
0.1298110084221188, 0.33333333333333337, 11.392464943741443
0.13233081367594154, 0.33333333333333337, 2.4029191476981344
0.15449393311577853, 0.33333333333333337, 6.306012913225753
0.1713844928900878, 0.33333333333333337, 2.1017546845983532
0.15384841529829835, 0.33333333333333337, 9.652267153460537
0.05632352906275065, 0.33333333333333337, 12.20932006539031
0.08983896003501161, 0.33333333333333337, 8.302257388329439
0.11523967591269536, 0.33333333333333337, 16.419065664410155
0.1273158768813837, 0.33333333333333337, 1.964655883559475
0.11969902216869453, 0.33333333333333337, 11.765598922809241
0.11734906936532202, 0.33333333333333337, 27.63449196081103
0.10889814041529149, 0.33333333333333337, 1.9206698025525062
0.10291357106162824, 0.33333333333333337, 20.543227911142257
0.1805607443553783, 0.33333333333333337, 31.08393929634507
0.12781900146515704, 0.33333333333333337, 4.039435173736302
0.11899816535353872, 0.33333333333333337, 35.98110872345239
0.1523196898808361, 0.33333333333333337, 4.98727598586348
0.09992973375526547, 0.33333333333333337, 27.284892650694548
0.1262601717408531, 0.33333333333333337, 0.8096592204540418
0.06770622979300317, 0.33333333333333337, 14.788026203930357
0.12012581890833732, 0.33333333333333337, 9.480571875787787
0.11500691894602676, 0.33333333333333337, 2.675202888326929
0.10461285217500431, 0.33333333333333337, 7.508220862522136
0.18400249342098313, 0.33333333333333337, 10.966068766885554
0.12587046563776755, 0.33333333333333337, 6.896445937557399
0.08966853604001457, 0.33333333333333337, 0.8074020522063154
0.1508594178907285, 0.33333333333333337, 8.146212047297931
0.10855339026547588, 0.33333333333333337, 1.2263372999132682
0.1265371754612649, 0.33333333333333337, 10.945206628334379
0.15558534368286123, 0.33333333333333337, 12.506789560790233
0.11744703739866001, 0.33333333333333337, 8.026031665471086
0.107795374060358, 0.33333333333333337, 18.137325134010652
0.12734528277530494, 0.33333333333333337, 1.4483175845274818
0.1421292754965875, 0.33333333333333337, 5.410268457035289
0.095163197878296, 0.33333333333333337, 11.432859665690607
0.12740392776924372, 0.33333333333333337, 2.848099259055399
0.06191691166751988, 0.33333333333333337, 0.3093783024860076
0.13808415429819704, 0.33333333333333337, 12.463597547558765
0.12364608518884253, 0.33333333333333337, 1.8408886110850684
0.10285412511308534, 0.33333333333333337, 4.6024184778045125
0.09790791853634051, 0.33333333333333337, 6.181113623672773
0.11581591249179883, 0.33333333333333337, 17.622571060949138
0.17405435741705771, 0.33333333333333337, 1.7968543872238092
0.09062952175004232, 0.33333333333333337, 3.2491091895844626
0.053240413310119805, 0.33333333333333337, 4.834083030930211
0.06507879785188031, 0.33333333333333337, 0.33474658566752297
0.137934711359556, 0.33333333333333337, 4.937531705386347
0.09303799888284907, 0.33333333333333337, 6.28593408562152
0.1377250875372257, 0.33333333333333337, 44.24821268389675
0.10321921517830647, 0.33333333333333337, 13.16670413278922
0.11210469881417466, 0.33333333333333337, 5.001412341719929
0.110132769624843, 0.33333333333333337, 2.2882951126157764
0.09838327938704369, 0.33333333333333337, 32.3673192046521
0.16158471509927225, 0.33333333333333337, 5.01744693027509
0.0751484983335608, 0.33333333333333337, 7.161195354747627
0.06449503600112254, 0.33333333333333337, 2.109837144994328
0.12250956055420502, 0.33333333333333337, 2.266408741159629
0.07802008736863716, 0.33333333333333337, 39.303354992536896
0.05901189532559932, 0.33333333333333337, 3.6306843058672182
0.11353697167697105, 0.33333333333333337, 8.490926280135218
0.05264365340671477, 0.33333333333333337, 1.8683858700995941
0.09946732341102707, 0.33333333333333337, 2.734228021580577
0.11533960765567144, 0.33333333333333337, 5.048707585836058
0.13977146421558898, 0.33333333333333337, 42.59810027585984
0.13835473294488435, 0.33333333333333337, 0.9985688689002837
0.10466118155077805, 0.33333333333333337, 3.20392899186215
0.15589572814590885, 0.33333333333333337, 4.00515533925458
0.15101088796758178, 0.33333333333333337, 0.6464116029673127
0.10310547278866107, 0.33333333333333337, 24.972628407017066
0.12616840649110905, 0.33333333333333337, 0.302652461745707
0.08593899783602546, 0.33333333333333337, 7.72737118364538
0.10775680682251622, 0.33333333333333337, 35.88178501777324
0.0941287904650584, 0.33333333333333337, 3.407651465879808
0.09867002692699794, 0.33333333333333337, 31.12636671407639
0.09063533625857453, 0.33333333333333337, 12.277988685448173
0.08173468218780648, 0.33333333333333337, 32.403430127579284
0.11703130093062276, 0.33333333333333337, 1.325585301181455
0.1491547714665959, 0.33333333333333337, 4.426445708244116
0.15711181855656084, 0.33333333333333337, 2.5181226117438884
0.15720800378667305, 0.33333333333333337, 23.516441244263895
0.11420588301204122, 0.33333333333333337, 8.24365438905445
0.14788819005808065, 0.33333333333333337, 1.1450005953467979
0.14539231006164638, 0.33333333333333337, 6.350772460042391
0.14570318395567047, 0.33333333333333337, 9.145121781882729
0.11610220107165395, 0.33333333333333337, 3.307714886246911
0.11242853860523165, 0.33333333333333337, 14.681961173224977
0.13081807823405003, 0.33333333333333337, 0.3719356671620766
0.06968746631384196, 0.33333333333333337, 2.5134934461940097
0.16357627003061012, 0.33333333333333337, 1.300334156263017
0.10984119505623695, 0.33333333333333337, 0.022618017359831478
0.18398129209107733, 0.33333333333333337, 4.581184824100141
0.10526993202817453, 0.33333333333333337, 31.335627055790116
0.15127172332803857, 0.33333333333333337, 6.32823023159415
0.1385714202803788, 0.33333333333333337, 8.778730477026297
0.11328061213695977, 0.33333333333333337, 13.80945519197384
0.1294281503222799, 0.33333333333333337, 9.102833076239177
0.08068871488899723, 0.33333333333333337, 6.992743068142789
0.11149371799432696, 0.33333333333333337, 11.783199720479814
0.05312121152017435, 0.33333333333333337, 1.8048772810664893
0.1174768483628693, 0.33333333333333337, 5.988475352752114
0.12390161772080958, 0.33333333333333337, 3.0087196474609885
0.13882283557803532, 0.33333333333333337, 8.20826244640545
0.08562630268665362, 0.33333333333333337, 0.9045591817199086
0.11808981750074064, 0.33333333333333337, 6.895218261539815
0.12661489396272751, 0.33333333333333337, 12.438010776296682
0.13635337272398002, 0.33333333333333337, 2.802677690579497
0.1390008471814197, 0.33333333333333337, 2.165094847759191
0.07959234631171395, 0.33333333333333337, 2.9050391903408697
0.1555711946156754, 0.33333333333333337, 7.333730716803884
0.09367737633802099, 0.33333333333333337, 7.601083218735046
0.08896938364008064, 0.33333333333333337, 22.423195708118794
0.14021688169653795, 0.33333333333333337, 4.504254141487747
0.11940354069114036, 0.33333333333333337, 12.269289281227689
0.13040619450298302, 0.33333333333333337, 17.6440504061047
0.09735606008660136, 0.33333333333333337, 16.59566675590289
0.12305218725813796, 0.33333333333333337, 1.9417117716747236
0.05857939771478315, 0.33333333333333337, 3.1596449535187827
0.12825325873293905, 0.33333333333333337, 6.770241745927474
0.12660865553099782, 0.33333333333333337, 8.910197625635707
0.10527659847438992, 0.33333333333333337, 3.9230743922653226
0.12296038013157036, 0.33333333333333337, 4.6239759743025495
0.15024883403964534, 0.33333333333333337, 4.679033502188126
0.08130153639477312, 0.33333333333333337, 10.92127649044615
0.12076716310547447, 0.33333333333333337, 2.485823925762756
0.1565425422776931, 0.33333333333333337, 2.2508691980988504
0.07008791518431401, 0.33333333333333337, 8.698571748414244
0.12048329011238577, 0.33333333333333337, 15.711289549293658
0.1219983529707221, 0.33333333333333337, 15.886991446294966
0.08787460978847322, 0.33333333333333337, 5.059316418587943
0.09570464339822662, 0.33333333333333337, 4.361482270907926
0.14777790561027204, 0.33333333333333337, 2.4009639106676928
0.14412681607827663, 0.33333333333333337, 16.540008325109408
0.11029445871409067, 0.33333333333333337, 2.3839960777918527
0.12468780539457278, 0.33333333333333337, 11.46841602333398
0.18051657746971247, 0.33333333333333337, 12.92232578131103
0.12238228865057749, 0.33333333333333337, 16.49166889302108
0.16174223239840582, 0.33333333333333337, 1.5304443477850873
0.10700124176765424, 0.33333333333333337, 5.835444551104998
0.15955653053588414, 0.33333333333333337, 1.7809559693469017
0.08924593929631908, 0.33333333333333337, 8.159017218612203
0.1053313416613838, 0.33333333333333337, 8.846035819266431
0.14468832237131907, 0.33333333333333337, 28.205708441918908
0.13291874551150396, 0.33333333333333337, 7.247042738056841
0.1037035937730349, 0.33333333333333337, 6.941986893400535
0.11495836094676146, 0.33333333333333337, 1.1794349310352223
0.18103317910089667, 0.33333333333333337, 47.5816759534558
0.10201266789665356, 0.33333333333333337, 23.627569379595183
0.14542868079356316, 0.33333333333333337, 9.745006324429836
0.14081385077815647, 0.33333333333333337, 0.8169647627633193
0.12620693302142375, 0.33333333333333337, 7.61146261460867
0.15807111852469188, 0.33333333333333337, 1.9221647945720173
0.1370617297592194, 0.33333333333333337, 1.5203421778428132
0.1469891947659808, 0.33333333333333337, 7.217016547786736
0.1036347703662661, 0.33333333333333337, 1.8576320241966109
0.11062760423989121, 0.33333333333333337, 0.010759524822273407
0.10276473501487174, 0.33333333333333337, 6.966462012005828
0.1572829431315346, 0.33333333333333337, 2.71551251440088
0.10252431166929898, 0.33333333333333337, 9.62309091601974
0.12067659835619177, 0.33333333333333337, 15.338944355025271
0.16479004896431482, 0.33333333333333337, 13.428057627602204
0.12763010230552638, 0.33333333333333337, 19.99663254765599
0.11980828471399425, 0.33333333333333337, 1.0404274961425046
0.11207015751428215, 0.33333333333333337, 7.506772467929083
0.11083129168875931, 0.33333333333333337, 38.59065199337974
0.13822130444329805, 0.33333333333333337, 30.63353180768869
0.13724861843219688, 0.33333333333333337, 6.698238727002336
0.13351302920953195, 0.33333333333333337, 16.474674223110465
0.09624521356892875, 0.33333333333333337, 10.178492027651162
0.11494164362012622, 0.33333333333333337, 3.539258426389649
0.10707254564444398, 0.33333333333333337, 39.919629360429845
0.05834040220574537, 0.33333333333333337, 0.885554669997083
0.13215032650916825, 0.33333333333333337, 13.548909409494204
0.1200655485856599, 0.33333333333333337, 1.6369610432540607
0.11617035838373757, 0.33333333333333337, 9.812729892542004
0.08164886345339109, 0.33333333333333337, 3.530010353430307
0.09310172995071085, 0.33333333333333337, 9.911886298170725
0.08977192252212493, 0.33333333333333337, 12.505826797799573
0.1731699094840589, 0.33333333333333337, 27.294644310200056
0.14519608332557266, 0.33333333333333337, 4.049353508553626
0.13736822936122586, 0.33333333333333337, 4.717785162918001
0.12725465314777776, 0.33333333333333337, 19.099282971766005
0.12037299094227602, 0.33333333333333337, 7.138791086097739
0.15753398622942166, 0.33333333333333337, 3.075428189585919
0.12958749571081987, 0.33333333333333337, 0.7290631705162647
0.09723907478904223, 0.33333333333333337, 3.1136013336228636
0.09285704098776654, 0.33333333333333337, 15.183235611408753
0.09948976930050296, 0.33333333333333337, 14.157321595285714
0.10090639355483327, 0.33333333333333337, 22.49241790877059
0.07164764067458698, 0.33333333333333337, 0.6917811674081792
0.11220339184957001, 0.33333333333333337, 8.08124370856085
0.1338063846752522, 0.33333333333333337, 1.1236543063504745
0.12623274449978808, 0.33333333333333337, 9.533723815398375
0.09889254852278007, 0.33333333333333337, 0.3299254336313369
0.1834190330120925, 0.33333333333333337, 12.27201851206796
0.15850142544751733, 0.33333333333333337, 0.09964807332458256
0.12361537841789297, 0.33333333333333337, 5.3687060995553795
0.14307640755883488, 0.33333333333333337, 3.2957062069824534
0.16344096931911894, 0.33333333333333337, 5.076747951200906
0.13536938495057121, 0.33333333333333337, 1.2745601570407157
0.1185443079141601, 0.33333333333333337, 9.846656611343864
0.10575992395746761, 0.33333333333333337, 10.210034537547122
0.08847865497714913, 0.33333333333333337, 3.617163963098101
0.14141823220784108, 0.33333333333333337, 6.78477998877676
0.13847917055147219, 0.33333333333333337, 17.668633979833384
0.08938801555816282, 0.33333333333333337, 5.635423738640472
0.11690572243346492, 0.33333333333333337, 1.3505755805601096
0.08179200404248108, 0.33333333333333337, 2.3776364019953693
0.12906315157912715, 0.33333333333333337, 12.823707815919137
0.14598266059356008, 0.33333333333333337, 58.45583029301238
0.18024447377878366, 0.33333333333333337, 19.646970810648384
0.14828549500839355, 0.33333333333333337, 2.3637505869546174
0.1378261576876937, 0.33333333333333337, 6.910625566725188
0.1575546793807498, 0.33333333333333337, 0.7998618328213
0.0798562595264871, 0.33333333333333337, 27.377985920881827
0.1019216317676243, 0.33333333333333337, 0.9710704768019041
0.11821251422539428, 0.33333333333333337, 24.343293607364828
0.11458039992200506, 0.33333333333333337, 1.3381017760518612
0.08116034575846368, 0.33333333333333337, 15.46757059960512
0.12039573763519565, 0.33333333333333337, 9.953491380943214
0.09905710167859538, 0.33333333333333337, 6.011673602135861
0.11932612703966544, 0.33333333333333337, 4.164541039384343
0.11962644978873194, 0.33333333333333337, 5.185541056941807
0.06812104955532847, 0.33333333333333337, 6.176508554113368
0.10822984914611264, 0.33333333333333337, 13.219200082568817
0.1187882521429291, 0.33333333333333337, 7.789926831817884
0.1739252526771861, 0.33333333333333337, 20.811505618414134
0.12007692869872813, 0.33333333333333337, 12.79068972133096
0.11862323470190078, 0.33333333333333337, 14.99648659944858
0.09987898461013717, 0.33333333333333337, 4.8731352340680605
0.11590963279309512, 0.33333333333333337, 7.400034996275591
0.1921820563436748, 0.33333333333333337, 6.211926793993879
0.10955725769340081, 0.33333333333333337, 10.15305669645111
0.10950574895135387, 0.33333333333333337, 2.093179003094527
0.07890356113400304, 0.33333333333333337, 0.3086066857237025
0.13694363357711248, 0.33333333333333337, 24.095585560213536
0.14705308773565748, 0.33333333333333337, 3.1729338440877157
0.1300860935937539, 0.33333333333333337, 31.793223629522416
0.07978536012865262, 0.33333333333333337, 2.582925967249946
0.10109413663511745, 0.33333333333333337, 12.829688329936852
0.0995060919965121, 0.33333333333333337, 6.560712788517445
0.10537323026744373, 0.33333333333333337, 0.519023249562405
0.1321180516201076, 0.33333333333333337, 12.828669994298055
0.12764861973470165, 0.33333333333333337, 1.5411375469540904
0.12455913535652778, 0.33333333333333337, 15.505334113792307
0.1779955665424, 0.33333333333333337, 6.873903300245836
0.08291622527108547, 0.33333333333333337, 1.2663354384386067
0.13710589101897502, 0.33333333333333337, 2.3038875211175616
0.15268161039959385, 0.33333333333333337, 8.126290106184863
0.12248998440382884, 0.33333333333333337, 23.361179050498652
0.12631667418068004, 0.33333333333333337, 13.65890851469291
0.1218141067126939, 0.33333333333333337, 19.865744352343608
0.0969267612076298, 0.33333333333333337, 4.270409843196723
0.11623478986002934, 0.33333333333333337, 9.12101229155909
0.11503231087579882, 0.33333333333333337, 0.4147982817952655
0.14218751182872008, 0.33333333333333337, 11.525507073247658
0.13088302469529156, 0.33333333333333337, 11.469168616386504
0.07019450047194228, 0.33333333333333337, 9.172033982953236
0.16463072882896945, 0.33333333333333337, 16.642133647595646
0.1967508053067599, 0.33333333333333337, 7.856605537588738
0.06687818102632978, 0.33333333333333337, 0.9882602358656001
0.11722382669709826, 0.33333333333333337, 9.115445546390877
0.13447171991762114, 0.33333333333333337, 27.859702904541564
0.13016627608696538, 0.33333333333333337, 4.118088051653486
0.11470515778989734, 0.33333333333333337, 5.820205195251264
0.11322056851725727, 0.33333333333333337, 1.260340560401938
0.0947699406877825, 0.33333333333333337, 10.515964253768965
0.0935315243939082, 0.33333333333333337, 7.70637852188056
0.1819643087873413, 0.33333333333333337, 18.027787175748855
0.114148170883707, 0.33333333333333337, 17.747798310368662
0.13180651365252785, 0.33333333333333337, 20.5540338836731
0.14396221996929176, 0.33333333333333337, 11.807285809870379
0.10817820246501274, 0.33333333333333337, 2.6114929949176044
0.17774530223037352, 0.33333333333333337, 23.811607685163168
0.17146952362730983, 0.33333333333333337, 12.250571811223
0.14723569904259842, 0.33333333333333337, 40.73440238122852
0.10262424236306578, 0.33333333333333337, 5.661926380373489
0.08550606985334512, 0.33333333333333337, 2.3072650373904326
0.1506293012938003, 0.33333333333333337, 4.569748129787766
0.11046786982159418, 0.33333333333333337, 3.8777376352121973
0.1174408393502329, 0.33333333333333337, 15.296940870598013
0.08849831314225562, 0.33333333333333337, 0.8120156511314471
0.2477245656528052, 0.33333333333333337, 14.17337382754898
0.14984827165921513, 0.33333333333333337, 6.785621578989115
0.1248519898899229, 0.33333333333333337, 3.528991405324925
0.09250413051306172, 0.33333333333333337, 6.123076282531253
0.09978941191509504, 0.33333333333333337, 0.08447369413608667
0.14285061612108146, 0.33333333333333337, 1.8149169966806644
0.1529442310277063, 0.33333333333333337, 47.77201011246395
0.1097073908300846, 0.33333333333333337, 4.572648706615098
0.13051534291593805, 0.33333333333333337, 4.776510967258198
0.11848536329346282, 0.33333333333333337, 3.300635026320567
0.10171165963365902, 0.33333333333333337, 3.9343962516844018
0.12731393215302425, 0.33333333333333337, 19.061244765464682
0.12390213244601782, 0.33333333333333337, 4.785295447205085
0.1527103774654499, 0.33333333333333337, 13.910475754437881
0.11170165086019149, 0.33333333333333337, 18.316724227693907
0.08948289751480126, 0.33333333333333337, 8.620858099176543
0.16566434910063227, 0.33333333333333337, 5.674701088251083
0.14245659232437907, 0.33333333333333337, 3.483084179333278
0.14126383296510286, 0.33333333333333337, 2.3920054007353495
0.1057188372915221, 0.33333333333333337, 1.162517025917566
0.1265984947171476, 0.33333333333333337, 0.3612537262292014
0.11111167898382361, 0.33333333333333337, 21.1667824667678
0.11218295697649229, 0.33333333333333337, 3.5467117627148097
0.09474906559685335, 0.33333333333333337, 11.05354682630598
0.0882645683701492, 0.33333333333333337, 5.648542868209647
0.16330318322043935, 0.33333333333333337, 1.7069068919194728
0.058277783968672295, 0.33333333333333337, 2.1712903779727997
0.16615700416662735, 0.33333333333333337, 18.074950489678262
0.13475797093811567, 0.33333333333333337, 0.7040318544253386
0.07654934922664053, 0.33333333333333337, 3.8584427030639206
0.10586847837502718, 0.33333333333333337, 2.4013942111147446
0.14686008973628062, 0.33333333333333337, 8.429366691654621
0.15901705526086055, 0.33333333333333337, 4.004565095201686
0.13567173857467538, 0.33333333333333337, 12.072149113880247
0.0647214182032517, 0.33333333333333337, 1.2718497504668929
0.07873886069673416, 0.33333333333333337, 7.305658554086586
0.11463680763961255, 0.33333333333333337, 0.5295702178197857
0.14740957977334673, 0.33333333333333337, 2.169983734329989
0.073741393130224, 0.33333333333333337, 15.898378638807673
0.1633550073741591, 0.33333333333333337, 3.527747487199264
0.07864058683472555, 0.33333333333333337, 1.7763612771089292
0.1544859116895909, 0.33333333333333337, 14.597828370423972
0.13784100901622126, 0.33333333333333337, 6.352341783866773
0.12375902944135066, 0.33333333333333337, 27.51666301116858
0.06892169760080641, 0.33333333333333337, 12.953226790594035
0.09599184999468957, 0.33333333333333337, 15.659803191711623
0.12900551559723522, 0.33333333333333337, 80.3778427760911
0.14030322691840477, 0.33333333333333337, 29.531065666903725
0.13167924432284606, 0.33333333333333337, 0.017313962857514794
0.12783634240419212, 0.33333333333333337, 9.600304222335147
0.1653449129224172, 0.33333333333333337, 3.50828986336162
0.12188474643184846, 0.33333333333333337, 1.3811852535196665
0.15840380451551378, 0.33333333333333337, 22.52228692604413
0.0939019983553505, 0.33333333333333337, 7.328177916697303
0.12651305861300402, 0.33333333333333337, 2.6000714840015298
0.0800836689615846, 0.33333333333333337, 18.133745192865135
0.1281638221317615, 0.33333333333333337, 3.556963234729492
0.11666269715849015, 0.33333333333333337, 4.898746516459091
0.17302445806994543, 0.33333333333333337, 4.39447388462776
0.12260526122406074, 0.33333333333333337, 9.184402601174355
0.04736164731175764, 0.33333333333333337, 7.124568274540631
0.12505834355713952, 0.33333333333333337, 3.5475064458944146
0.14021645490471016, 0.33333333333333337, 13.60515427383917
0.1518463156261715, 0.33333333333333337, 21.277074290880623
0.16703414054879542, 0.33333333333333337, 32.64805064588181
0.05486055537625767, 0.33333333333333337, 2.6655994385450636
0.12102262920693792, 0.33333333333333337, 11.216777287387627
0.08252020158894718, 0.33333333333333337, 6.1480513421378316
0.12630212997031387, 0.33333333333333337, 1.0577296528201623
0.11913003842426559, 0.33333333333333337, 14.508774350814381
0.17064904811899648, 0.33333333333333337, 5.36991972090871
0.09495064247155952, 0.33333333333333337, 15.9402790762909
0.13752127104730738, 0.33333333333333337, 10.130373422678677
0.08604806382650848, 0.33333333333333337, 16.89503338003811
0.11906635655284303, 0.33333333333333337, 2.5664670442405475
0.06398411331965323, 0.33333333333333337, 6.724017451022457
0.14445437674734923, 0.33333333333333337, 2.352861592520306
0.14281195945475625, 0.33333333333333337, 1.4511918612478985
0.07956424071228436, 0.33333333333333337, 17.809007097361945
0.16702639403180342, 0.33333333333333337, 0.5735878122160625
0.06683334191274963, 0.33333333333333337, 37.345236113330834
0.19318611868703128, 0.33333333333333337, 25.05095290815308
0.06703651772622704, 0.33333333333333337, 7.3089859529792065
0.11204027825704706, 0.33333333333333337, 2.2466672091675477
0.1463986318425692, 0.33333333333333337, 7.2984050427091995
0.1410730395906959, 0.33333333333333337, 1.133747249090393
0.13118935809192195, 0.33333333333333337, 1.587211668402672
0.10369153071616216, 0.33333333333333337, 58.62240476873317
0.09482774437570009, 0.33333333333333337, 30.202323990065572
0.12080053351421263, 0.33333333333333337, 12.636836087021239
0.10139177576473803, 0.33333333333333337, 0.9602517289974305
0.10480498445740434, 0.33333333333333337, 8.160151382058933
0.12231572404068251, 0.33333333333333337, 14.180595855319783
0.1296091645336735, 0.33333333333333337, 16.677156730773728
0.0865829363306406, 0.33333333333333337, 22.05862001062334
0.08282957481058448, 0.33333333333333337, 1.946825152779045
0.09437122946813642, 0.33333333333333337, 30.37553313841806
0.08116279822952979, 0.33333333333333337, 1.7847333433704553
0.10356990750005095, 0.33333333333333337, 24.24050068501758
0.08525426823829321, 0.33333333333333337, 17.239775016275946
0.0766189173911726, 0.33333333333333337, 3.9695191876431934
0.14513889044565825, 0.33333333333333337, 15.96263635304653
0.08881833956180098, 0.33333333333333337, 0.7470997846251893
0.1239263750889977, 0.33333333333333337, 4.34701977627975
0.09456336316003715, 0.33333333333333337, 3.371589526986872
0.14907849873849266, 0.33333333333333337, 2.7204081517263727
0.118810803888122, 0.33333333333333337, 9.63494715978927
0.15376907425616332, 0.33333333333333337, 0.9875931964044276
0.13897104461825413, 0.33333333333333337, 9.212155294588865
0.10971004693314453, 0.33333333333333337, 4.89735481408773
0.1418331749920806, 0.33333333333333337, 4.864834298200532
0.14773576809041344, 0.33333333333333337, 3.03928159958517
0.1254218904376793, 0.33333333333333337, 1.5129246685950275
0.14196631328985468, 0.33333333333333337, 18.303715138398513
0.13819695810204502, 0.33333333333333337, 2.6049675741986262
0.1316608267785196, 0.33333333333333337, 12.28581391205252
0.13975469778717303, 0.33333333333333337, 3.704095234919796
0.10611571287916538, 0.33333333333333337, 0.914356698072748
0.20259153634539528, 0.33333333333333337, 3.510571611509474
0.15341992915752645, 0.33333333333333337, 3.7196209934171756
0.11552883940728204, 0.33333333333333337, 6.142664925735347
0.1613281608530095, 0.33333333333333337, 18.555913260204324
0.08770744259894353, 0.33333333333333337, 22.93370128004374
0.135400458233415, 0.33333333333333337, 13.761015650171903
0.10005095402329861, 0.33333333333333337, 13.696850184482557
0.10927817117751729, 0.33333333333333337, 61.7094103032691
0.12917945719313775, 0.33333333333333337, 27.165463781093703
0.10891462572094725, 0.33333333333333337, 5.469776160056483
0.11398291613761098, 0.33333333333333337, 3.6821293266936745
0.11157072873476062, 0.33333333333333337, 4.69616745614726
0.15673185372147377, 0.33333333333333337, 4.241899281252625
0.11625866618688022, 0.33333333333333337, 6.976835889221086
0.13482604030421827, 0.33333333333333337, 7.050868505564149
0.08509677997268006, 0.33333333333333337, 1.1591995041535947
0.11610217461329808, 0.33333333333333337, 25.408997932954385
0.09512275041106855, 0.33333333333333337, 0.12134926232447235
0.14072627355416137, 0.33333333333333337, 6.43193822401226
0.12142936847828495, 0.33333333333333337, 1.7751540655516498
0.1585758924307442, 0.33333333333333337, 0.18281800679049448
0.0755794646539578, 0.33333333333333337, 2.003357774301874
0.07799042153761564, 0.33333333333333337, 9.179325360521165
0.09739785785271282, 0.33333333333333337, 30.556046420303044
0.18452005039275526, 0.33333333333333337, 5.018075260256533
0.1280246977063114, 0.33333333333333337, 13.18036257431891
0.14722085801278606, 0.33333333333333337, 3.8947346481557177
0.11318901611465375, 0.33333333333333337, 25.854979565205632
0.1069178733056926, 0.33333333333333337, 0.5230578901838785
0.09911967469678151, 0.33333333333333337, 12.582567210162411
0.12266888205971738, 0.33333333333333337, 3.86762457376691
0.1553789966957525, 0.33333333333333337, 14.723500695728221
0.14200997162728332, 0.33333333333333337, 3.5462254808492975
0.14731868856007205, 0.33333333333333337, 4.1689807448319804
0.1262825706724516, 0.33333333333333337, 31.268709844869413
0.12725330561046036, 0.33333333333333337, 10.307821979415177
0.12767048709999987, 0.33333333333333337, 2.829249524963629
0.10974028399150124, 0.33333333333333337, 11.137236005178808
0.07126816196800911, 0.33333333333333337, 7.1128998077551495
0.14878898610535407, 0.33333333333333337, 12.225672415821931
0.15663644479509548, 0.33333333333333337, 7.045338315249974
0.13035575072461947, 0.33333333333333337, 5.110105568822872
0.14415618516282852, 0.33333333333333337, 0.3705283445280897
0.12818080453282693, 0.33333333333333337, 12.22110103217779
0.15168284988076589, 0.33333333333333337, 9.166131533179524
0.10913779612083652, 0.33333333333333337, 8.423300081383276
0.12276254922333035, 0.33333333333333337, 10.89462395092813
0.11070174035946956, 0.33333333333333337, 15.374348148358203
0.09616081050981914, 0.33333333333333337, 8.135737218716551
0.1744625692752462, 0.33333333333333337, 6.369978106629472
0.09255789795262637, 0.33333333333333337, 4.006543918083308
0.12198664968540998, 0.33333333333333337, 18.786261790191897
0.1463195878837014, 0.33333333333333337, 26.71805963707777
0.1607511995679009, 0.33333333333333337, 70.28689809049236
0.09933787524684634, 0.33333333333333337, 3.352861113538391
0.07864455292725586, 0.33333333333333337, 12.825844083298838
0.1242333188727655, 0.33333333333333337, 4.180243985318416
0.17196292337084038, 0.33333333333333337, 5.853316355119881
0.141620589704444, 0.33333333333333337, 17.660464520012496
0.12088396607282742, 0.33333333333333337, 2.5197887393484693
0.15406967783915942, 0.33333333333333337, 4.7559341146338
0.11082470598776765, 0.33333333333333337, 6.706615641400374
0.17517544214942618, 0.33333333333333337, 6.085769676071142
0.09707536002491196, 0.33333333333333337, 2.252218505298787
0.06635649502787744, 0.33333333333333337, 7.798641640656807
0.15250825483354236, 0.33333333333333337, 13.678400909489326
0.11321507895061428, 0.33333333333333337, 3.8584916582244753
0.08825931303700507, 0.33333333333333337, 5.473883391455157
0.1105904314833246, 0.33333333333333337, 10.186508640978
0.16263703678025432, 0.33333333333333337, 4.462022899567702
0.10505735826087235, 0.33333333333333337, 0.2324273010396188
0.08350890048099842, 0.33333333333333337, 2.783930123119707
0.12760661793069542, 0.33333333333333337, 11.929468304950838
0.15207010242515923, 0.33333333333333337, 1.8881153114553124
0.09382286499125736, 0.33333333333333337, 4.166995822781145
0.13154436450102974, 0.33333333333333337, 2.917874511642107
0.18126607883227802, 0.33333333333333337, 6.644498533261179
0.1498480607530564, 0.33333333333333337, 6.765926818527487
0.149234521658557, 0.33333333333333337, 11.539958619678178
0.11687102902220482, 0.33333333333333337, 15.864616682794006
0.17918125428374332, 0.33333333333333337, 11.863180986855456
0.08355571081392069, 0.33333333333333337, 0.21283869772382913
0.13007160898788514, 0.33333333333333337, 12.562457112075748
0.1109349842469266, 0.33333333333333337, 2.7780011011185235
0.0982662246650458, 0.33333333333333337, 12.226776658866417
0.11097864093350276, 0.33333333333333337, 8.080289828396685
0.07493232376282895, 0.33333333333333337, 7.519778587971513
0.13871033761338128, 0.33333333333333337, 5.394169483984487
0.11399874853371934, 0.33333333333333337, 5.501172569780541
0.13717390051647715, 0.33333333333333337, 9.487568262601592
0.13970005318596346, 0.33333333333333337, 34.50358820399646
0.07385550568345856, 0.33333333333333337, 11.87632048627579
0.1306364582945209, 0.33333333333333337, 38.61507040319198
0.11772729268902139, 0.33333333333333337, 1.7189022237397378
0.12832671195139983, 0.33333333333333337, 7.491974186200224
0.08934198585256466, 0.33333333333333337, 18.677719591010575
0.1069635276319662, 0.33333333333333337, 60.92312667328007
0.1595361819134571, 0.33333333333333337, 0.4938509927362021
0.1317117683077776, 0.33333333333333337, 9.181403353442644
0.09192420258524914, 0.33333333333333337, 28.372429554765564
0.08474616011200392, 0.33333333333333337, 12.776902648030863
0.11755103408528762, 0.33333333333333337, 3.7680249100822216
0.1488614227264331, 0.33333333333333337, 11.139058600676368
0.13446008168457915, 0.33333333333333337, 18.040084445849168
0.13172742371893476, 0.33333333333333337, 8.14375833288775
0.13767930422730912, 0.33333333333333337, 10.087006720693513
0.07819908123003752, 0.33333333333333337, 0.9300030341969946
0.09994861676920894, 0.33333333333333337, 6.951643089671915
0.15944846765799536, 0.33333333333333337, 10.508979652736624
0.1563928124060115, 0.33333333333333337, 18.863435210914833
0.15343237986433528, 0.33333333333333337, 9.383293706904388
0.09131552860315563, 0.33333333333333337, 3.348304818658896
0.1696090753595484, 0.33333333333333337, 0.26725659665095736
0.08300651554633123, 0.33333333333333337, 7.077288807565848
0.11320533345853835, 0.33333333333333337, 3.5303711893077776
0.14002486745639892, 0.33333333333333337, 6.361223383791116
0.14838300083891282, 0.33333333333333337, 45.62550046849552
0.11092402475747376, 0.33333333333333337, 38.46588646359732
0.11540734439942338, 0.33333333333333337, 20.089656159198086
0.10789706615145836, 0.33333333333333337, 2.2926450806069396
0.14376514709353763, 0.33333333333333337, 0.060559142341692886
0.07554048955970398, 0.33333333333333337, 22.187909358805538
0.1669021755246082, 0.33333333333333337, 13.264551756097326
0.16162065144468804, 0.33333333333333337, 2.5422245525051856
0.07869192236659281, 0.33333333333333337, 24.74105368012945
0.12464445116756238, 0.33333333333333337, 10.23507932433985
0.0976186887786431, 0.33333333333333337, 0.40611101159028823
0.10162876800695027, 0.33333333333333337, 18.953284535524975
0.15416349355249262, 0.33333333333333337, 7.843073155088358
0.12396340453761526, 0.33333333333333337, 5.180830386018856
0.13328873993249057, 0.33333333333333337, 6.791224787173419
0.10146121805408907, 0.33333333333333337, 34.46570739525131
0.13752813632108127, 0.33333333333333337, 15.24920230212516
0.13661567946194764, 0.33333333333333337, 3.523205576695895
0.10580318241930275, 0.33333333333333337, 1.7911672118859912
0.15473159657374833, 0.33333333333333337, 21.765878364690295
0.10014663255137224, 0.33333333333333337, 8.518759189654567
0.20571579011420654, 0.33333333333333337, 16.709613968180236
0.16172753731233747, 0.33333333333333337, 3.4441288516296997
0.09729693540070425, 0.33333333333333337, 5.139042245813337
0.1719120150513137, 0.33333333333333337, 5.870410128019815
0.10084994994513899, 0.33333333333333337, 0.3328122921834779
0.12119749370701997, 0.33333333333333337, 24.092679654758513
0.13900050632377683, 0.33333333333333337, 10.474349648713458
0.09613870944253872, 0.33333333333333337, 10.606281085095588
0.11974725684665678, 0.33333333333333337, 17.35383696996011
0.11651823437406107, 0.33333333333333337, 3.0324456147761567
0.15448941500077545, 0.33333333333333337, 1.6631379910968536
0.05212567643793313, 0.33333333333333337, 1.3198557201893921
0.13181930068802425, 0.33333333333333337, 20.33084293535651
0.15366211909875765, 0.33333333333333337, 11.016249091229751
0.08005774950153832, 0.33333333333333337, 5.631174335603946
0.14707454448323823, 0.33333333333333337, 5.657404014778652
0.11086516826484157, 0.33333333333333337, 14.01743540526608
0.07114856377021378, 0.33333333333333337, 12.470843514520707
0.13594432460319186, 0.33333333333333337, 2.596926716834767
0.11878769569252778, 0.33333333333333337, 18.97849576674361
0.09736364090451109, 0.33333333333333337, 3.267176736292547
0.14535025514885455, 0.33333333333333337, 0.6953564056594013
0.14878987480161943, 0.33333333333333337, 15.728130865714737
0.13113553009936657, 0.33333333333333337, 9.08547219044481
0.10852776711206025, 0.33333333333333337, 1.2322585821155558
0.13552279725799143, 0.33333333333333337, 8.609780094046615
0.13138940044470335, 0.33333333333333337, 5.510350116973314
0.16397278203665083, 0.33333333333333337, 2.805551799410437
0.1371424308594602, 0.33333333333333337, 16.296805880649163
0.10865217890938669, 0.33333333333333337, 1.2014313430742565
0.14063015887301455, 0.33333333333333337, 13.250404805803994
0.10271792879608636, 0.33333333333333337, 3.4270814784244497
0.12976062456665682, 0.33333333333333337, 3.2903083586274935
0.13543502866978868, 0.33333333333333337, 7.405572735418354
0.08251701573856544, 0.33333333333333337, 36.97050853427425
0.135956258101404, 0.33333333333333337, 11.754882492203533
0.17590585337928624, 0.33333333333333337, 1.661788024577379
0.12852081371027085, 0.33333333333333337, 0.21847919300558635
0.1717699783117716, 0.33333333333333337, 6.090915497578585
0.0824383422054947, 0.33333333333333337, 6.122830439368077
0.08830577327334019, 0.33333333333333337, 4.254755673157215
0.09653805383413136, 0.33333333333333337, 9.524112205792706
0.1605647793877221, 0.33333333333333337, 3.175909830351748
0.11235366294604146, 0.33333333333333337, 12.527958573751205
0.12686626747632024, 0.33333333333333337, 1.732450477742203
0.11432495996085218, 0.33333333333333337, 12.03681792584529
0.12793598198617412, 0.33333333333333337, 11.705697959505788
0.0993578845547122, 0.33333333333333337, 1.6561666735279121
0.10626133863136633, 0.33333333333333337, 0.3833051916019174
0.09957791020360557, 0.33333333333333337, 10.337082876432522
0.09553791829157318, 0.33333333333333337, 0.2263206170084156
0.11302537638489757, 0.33333333333333337, 10.197911078716585
0.148910682088568, 0.33333333333333337, 4.308934186297603
0.08557464061296416, 0.33333333333333337, 7.2640380724113465
0.13800798209719725, 0.33333333333333337, 13.04235126892974
0.1444986299397525, 0.33333333333333337, 15.220516521381017
0.0862478125891637, 0.33333333333333337, 15.913977562642913
0.1139202800007088, 0.33333333333333337, 7.7315868676582395
0.06722034408905439, 0.33333333333333337, 40.26417855067342
0.1083541741089975, 0.33333333333333337, 4.1658468618646864
0.11511755305319663, 0.33333333333333337, 6.3946828344026345
0.11624887805633921, 0.33333333333333337, 15.930846901084598
0.0813759670165782, 0.33333333333333337, 8.509147788502466
0.15424832621249657, 0.33333333333333337, 4.905517239183047
0.12328662456945441, 0.33333333333333337, 1.1169566940802107
0.17834265443383704, 0.33333333333333337, 7.140016328034614
0.07476591794310541, 0.33333333333333337, 0.2582592806041782
0.16021635668630546, 0.33333333333333337, 6.6557053989768225
0.11545905887837189, 0.33333333333333337, 0.6712045695946457
0.10200584245812556, 0.33333333333333337, 30.359279972285183
0.11659596080154147, 0.33333333333333337, 14.764568592361027
0.15789596751982227, 0.33333333333333337, 2.8598969187241203
0.12027809189073237, 0.33333333333333337, 6.795815718923885
0.08209859459116753, 0.33333333333333337, 16.29561225763048
0.1582803043495462, 0.33333333333333337, 11.23613784006419
0.150134747430905, 0.33333333333333337, 4.8803174372883635
0.10908610219138216, 0.33333333333333337, 1.3776355707416885
0.1206430924994674, 0.33333333333333337, 1.1460547687112497
0.12575401988852455, 0.33333333333333337, 37.13109570044706
0.06791953328505554, 0.33333333333333337, 0.32967540619522023
0.13262248188783515, 0.33333333333333337, 3.070544139270679
0.10277033261011881, 0.33333333333333337, 7.27417104501945
0.04669693023624144, 0.33333333333333337, 13.916874249436939
0.07685315900297435, 0.33333333333333337, 10.457270294748144
0.06086140510486369, 0.33333333333333337, 20.72072846084316
0.11689487717182243, 0.33333333333333337, 22.38030080088747
0.11657159180532024, 0.33333333333333337, 4.236868549408056
0.09795633453158191, 0.33333333333333337, 5.510809397009479
0.1592809019810131, 0.33333333333333337, 10.0669907018005
0.14396961479839113, 0.33333333333333337, 2.178583723943953
0.10845658765604285, 0.33333333333333337, 18.847698268849435
0.11325947284290895, 0.33333333333333337, 11.162139648881004
0.13977521584383198, 0.33333333333333337, 0.4957233917189597
0.12322519545448274, 0.33333333333333337, 0.8953579910914902
0.12199372005234904, 0.33333333333333337, 30.11531216007583
0.1776501554029093, 0.33333333333333337, 12.99695157085859
0.14592459946031425, 0.33333333333333337, 32.66908788946116
0.1518763357917807, 0.33333333333333337, 7.999010653367819
0.12609648320659955, 0.33333333333333337, 4.8191872839683345
0.11637466370293124, 0.33333333333333337, 27.23914446655635
0.1013654792561158, 0.33333333333333337, 4.0415448977563
0.09009501012194258, 0.33333333333333337, 1.284822187953472
0.11715478286641733, 0.33333333333333337, 18.915079132770405
0.11532700411417285, 0.33333333333333337, 2.9376937950628763
0.11433443374974228, 0.33333333333333337, 8.359048183934869
0.1714634050982458, 0.33333333333333337, 6.829786202327646
0.12818278904276542, 0.33333333333333337, 2.1340188166533456
0.13677622470661233, 0.33333333333333337, 17.512748605246074
0.09517951478356801, 0.33333333333333337, 10.225346416694414
0.11592139828239127, 0.33333333333333337, 4.541779565925407
0.16732104975943854, 0.33333333333333337, 3.4771834051161736
0.09595481082721194, 0.33333333333333337, 3.5980186761396147
0.15151409405806654, 0.33333333333333337, 0.48672900403627284
0.10987829250197614, 0.33333333333333337, 6.179265751426457
0.11607143178857719, 0.33333333333333337, 10.288663614382873
0.13880859372391802, 0.33333333333333337, 2.9463051026395366
0.09395978320982262, 0.33333333333333337, 5.287639378854484
0.1476559747886996, 0.33333333333333337, 27.023397709384046
0.07534089359602653, 0.33333333333333337, 13.812369834297186
0.12334282505072774, 0.33333333333333337, 11.67055033534475
0.08806071104197438, 0.33333333333333337, 27.068004349353888
0.15096604889473686, 0.33333333333333337, 49.93587388326373
0.17002210651124572, 0.33333333333333337, 5.564504531679478
0.15951542526172746, 0.33333333333333337, 6.489981035349439
0.07318655399553517, 0.33333333333333337, 1.4972971662026786
0.12733690277857976, 0.33333333333333337, 30.970644246117434
0.103679265768888, 0.33333333333333337, 2.8720132991219884
0.16980648824193756, 0.33333333333333337, 28.122298454180388
0.13002542120468447, 0.33333333333333337, 34.791156336164136
0.1217627682425969, 0.33333333333333337, 3.0012534097196104
0.09379704263378522, 0.33333333333333337, 3.4289473939518227
0.1371869380512863, 0.33333333333333337, 31.903183504733136
0.09368175069382341, 0.33333333333333337, 29.03603280515131
0.13401697114581568, 0.33333333333333337, 0.8580166958512692
0.14364774029801225, 0.33333333333333337, 5.188904199360426
0.10793885669443141, 0.33333333333333337, 3.1092938278490165
0.1231514611707573, 0.33333333333333337, 4.457679279212878
0.18354455214242255, 0.33333333333333337, 0.32602026670382517
0.11803886703141658, 0.33333333333333337, 2.9379097808215855
0.16391989091248968, 0.33333333333333337, 7.271651362303622
0.08643142072437104, 0.33333333333333337, 8.77505436143069
0.14042787946908308, 0.33333333333333337, 8.207887580472795
0.07321853811106466, 0.33333333333333337, 5.629624404604578
0.13549443592915106, 0.33333333333333337, 27.672001924598394
0.09847320446910751, 0.33333333333333337, 29.554799811645747
0.1662152502147625, 0.33333333333333337, 11.963382162768767
0.12041317982215347, 0.33333333333333337, 11.796240960586506
0.086957438385724, 0.33333333333333337, 8.265270128591753
0.11590611330156747, 0.33333333333333337, 16.541360320722486
0.1514185107151515, 0.33333333333333337, 5.264070596762904
0.10704294655718664, 0.33333333333333337, 5.316956058395811
0.08686182310134075, 0.33333333333333337, 9.948242312162254
0.09022546360730939, 0.33333333333333337, 8.08572667630709
0.11070591241785718, 0.33333333333333337, 12.804575761615416
0.10298448655955544, 0.33333333333333337, 11.771195010500145
0.17526309922053981, 0.33333333333333337, 1.37208902973868
0.10976967231443771, 0.33333333333333337, 6.667700438757765
0.10612737647758477, 0.33333333333333337, 10.796633478812703
0.125459746562345, 0.33333333333333337, 10.54825216785235
0.13105232893506275, 0.33333333333333337, 21.984518691171093
0.1453451441219679, 0.33333333333333337, 2.243083611766861
0.09202735123923833, 0.33333333333333337, 24.11879961253707
0.08085006986482257, 0.33333333333333337, 47.107452508489786
0.10183406344058457, 0.33333333333333337, 24.095645182889
0.08934079797151215, 0.33333333333333337, 13.653183109994577
0.10000294301832256, 0.33333333333333337, 2.322292570118243
0.2021357734054688, 0.33333333333333337, 3.4990180746580686
0.09661146069695954, 0.33333333333333337, 3.1790613815941025
0.14633798129948578, 0.33333333333333337, 5.696556104348794
0.07598769172361694, 0.33333333333333337, 4.904114696583546
0.12866499306025703, 0.33333333333333337, 6.433558916835138
0.10485000196359415, 0.33333333333333337, 10.425673813555804
0.11450821992842532, 0.33333333333333337, 1.725762117029133
0.1084064550924948, 0.33333333333333337, 72.04284710369078
0.15419270145677474, 0.33333333333333337, 4.55765962906348
0.08498537640921079, 0.33333333333333337, 1.7104555355411153
0.12161602992933665, 0.33333333333333337, 1.6489483360646824
0.13783331354375988, 0.33333333333333337, 9.931156691143213
0.09999011371784486, 0.33333333333333337, 4.901781787322944
0.11567770628433485, 0.33333333333333337, 5.995302725359467
0.11712384884714855, 0.33333333333333337, 0.3346991119585189
0.1075272803738768, 0.33333333333333337, 16.04362973463073
0.1448207069454086, 0.33333333333333337, 9.47205499794883
0.11017716029506049, 0.33333333333333337, 6.630156168842492
0.11617675631991858, 0.33333333333333337, 7.923656999293561
0.11536111361412783, 0.33333333333333337, 0.5246636266923281
0.1035526833970616, 0.33333333333333337, 45.74139972449174
0.15582200326737472, 0.33333333333333337, 0.7032057395586772
0.1437077948583093, 0.33333333333333337, 5.144789779282863
0.11871856186777863, 0.33333333333333337, 1.3261749245501508
0.10190827940198886, 0.33333333333333337, 16.335645964727426
0.15276771847108134, 0.33333333333333337, 17.859967803416072
0.15567332084632451, 0.33333333333333337, 40.97827415886774
0.10537144231298771, 0.33333333333333337, 8.432132421791492
0.13609620900630998, 0.33333333333333337, 3.374210695965472
0.15991475098284258, 0.33333333333333337, 2.9941676617290054
0.1290188823773348, 0.33333333333333337, 6.010873478026883
0.09646794347809717, 0.33333333333333337, 3.1819530721904274
0.11425890274644161, 0.33333333333333337, 28.156030710464975
0.11847255851962998, 0.33333333333333337, 5.996953943496162
0.1220758881493955, 0.33333333333333337, 4.821616435175489
0.10658703095731306, 0.33333333333333337, 3.78387243594025
0.13607323019913622, 0.33333333333333337, 16.89196436337987
0.12319676062617564, 0.33333333333333337, 10.171269179010995
0.12387373347060193, 0.33333333333333337, 10.453503841498964
0.11644024423575697, 0.33333333333333337, 2.4546847457714507
0.12319648496966946, 0.33333333333333337, 10.223230064996141
0.13343347875720563, 0.33333333333333337, 8.038304739478363
0.061362837915550465, 0.33333333333333337, 11.860617773308245
0.1488705772303866, 0.33333333333333337, 22.56756777590594
0.10320558276615442, 0.33333333333333337, 5.813405054730893
0.14393142044359059, 0.33333333333333337, 27.163444355299355
0.13699390995941804, 0.33333333333333337, 16.06299198453209
0.12189769177306214, 0.33333333333333337, 12.003889055453206
0.0977949514436815, 0.33333333333333337, 3.329506617480328
0.12038798558097151, 0.33333333333333337, 1.5950480115787251
0.13654574971972702, 0.33333333333333337, 16.185223331395687
0.11537665692998923, 0.33333333333333337, 11.753508571074411
0.10030578910750637, 0.33333333333333337, 19.366353966426736
0.11486271919060873, 0.33333333333333337, 13.492197638949767
0.12493892461023538, 0.33333333333333337, 10.367038585589645
0.09627981176400824, 0.33333333333333337, 1.5267466596090227
0.09751404133308272, 0.33333333333333337, 5.703470222909864
0.17219833843239768, 0.33333333333333337, 6.274835446624821
0.12849138381471062, 0.33333333333333337, 8.89778766195631
0.10026145804328836, 0.33333333333333337, 4.524704445267961
0.07884964672353922, 0.33333333333333337, 5.6862830719060655
0.11228760883912431, 0.33333333333333337, 6.930123268916978
0.13447730554038, 0.33333333333333337, 3.8750576174467946
0.10486071639484776, 0.33333333333333337, 5.230179655767294
0.14118115067409132, 0.33333333333333337, 8.104233284313672
0.07946823223554705, 0.33333333333333337, 4.0705585095384365
0.14205384127598403, 0.33333333333333337, 10.340029166049685
0.12093413354252099, 0.33333333333333337, 0.7709732679548593
0.1552316815557603, 0.33333333333333337, 7.60580451617738
0.1468600757720092, 0.33333333333333337, 24.788008014700853
0.12897302305317307, 0.33333333333333337, 9.965306531314816
0.17835499753024064, 0.33333333333333337, 4.732757502175062
0.08905024802007945, 0.33333333333333337, 23.937682080575406
0.09464108979060298, 0.33333333333333337, 14.431610438793621
0.11070078408083786, 0.33333333333333337, 18.567226406968175
0.14647087004296172, 0.33333333333333337, 4.389035994430775
0.15128747621336586, 0.33333333333333337, 4.19202918838181
0.0886130847258429, 0.33333333333333337, 1.8121046084562165
0.09114485571176623, 0.33333333333333337, 5.265023862770467
0.16549219639460275, 0.33333333333333337, 6.580565020347036
0.12644834202675936, 0.33333333333333337, 6.699410269465787
0.06725298901096755, 0.33333333333333337, 18.408562989079762
0.08038312222062181, 0.33333333333333337, 3.5472763084567545
0.08378156715065359, 0.33333333333333337, 2.1626806721099747
0.051938797168000414, 0.33333333333333337, 3.7059657913580737
0.13280242867276615, 0.33333333333333337, 9.61535354246152
0.10650601188958524, 0.33333333333333337, 12.877048779157144
0.11792382441400334, 0.33333333333333337, 16.329970524524548
0.11685022482689415, 0.33333333333333337, 20.968907840514817
0.12318071769352998, 0.33333333333333337, 14.212044403755833
0.1464192394165693, 0.33333333333333337, 21.76466611112016
0.05767207224395608, 0.33333333333333337, 1.9377736925169124
0.0381819773607492, 0.33333333333333337, 7.386614242451392
0.12552631433438954, 0.33333333333333337, 4.169966840888967
0.13816582050361667, 0.33333333333333337, 20.182987332695436
0.11508301244697978, 0.33333333333333337, 21.364487347889405
0.10797275770887751, 0.33333333333333337, 0.710209673676481
0.11260136780397853, 0.33333333333333337, 3.2604226602398225
0.13688709808846422, 0.33333333333333337, 24.538961773054663
0.16668839427215282, 0.33333333333333337, 9.532607604058883
0.061589094934359045, 0.33333333333333337, 0.913867328109532
0.049545128423536144, 0.33333333333333337, 5.2973892212412546
0.12122889220916488, 0.33333333333333337, 3.666365488250437
0.11266791009317939, 0.33333333333333337, 9.165187686098017
0.07908115531992424, 0.33333333333333337, 3.88372121076624
0.1327741010172146, 0.33333333333333337, 8.039083264250594
0.09264295660700499, 0.33333333333333337, 1.9098858329051118
0.12100995815921509, 0.33333333333333337, 6.894700278952225
0.12018939332818596, 0.33333333333333337, 12.501489461830767
0.05589864680971324, 0.33333333333333337, 0.3368988599694974
0.1222033807965427, 0.33333333333333337, 44.97236783032892
0.11399494021628528, 0.33333333333333337, 11.149030590128318
0.07901442175895519, 0.33333333333333337, 6.121166613522265
0.1039915535296124, 0.33333333333333337, 2.9724356091802635
0.16695448841510874, 0.33333333333333337, 14.540130395616508
0.15192449489057033, 0.33333333333333337, 2.6323258741016926
0.19297166424107925, 0.33333333333333337, 2.4240345939816677
0.16478266673617858, 0.33333333333333337, 6.53563561013524
0.07355100745007459, 0.33333333333333337, 37.85537053338051
0.11692011449534166, 0.33333333333333337, 24.66556414510908
0.08288490567719067, 0.33333333333333337, 23.783262655462394
0.1315491633740825, 0.33333333333333337, 13.781501306890156
0.15984413068260211, 0.33333333333333337, 9.87904257428654
0.13069196118195978, 0.33333333333333337, 18.420738552205844
0.15289384457572214, 0.33333333333333337, 10.19744950899237
0.1090517370418792, 0.33333333333333337, 15.060824332044314
0.12133317781695736, 0.33333333333333337, 21.673402902580825
0.08350730764165828, 0.33333333333333337, 9.124237288865498
0.12806269593643782, 0.33333333333333337, 28.22902764619453
0.1353511541327564, 0.33333333333333337, 7.222834847282177
0.13911611888784256, 0.33333333333333337, 7.517894775283569
0.15791721957420374, 0.33333333333333337, 3.708444463233228
0.10716740677369162, 0.33333333333333337, 6.103470013969355
0.1584086181625029, 0.33333333333333337, 12.695395820594557
0.12890496705134702, 0.33333333333333337, 7.376756654945528
0.0828366550706895, 0.33333333333333337, 11.691901353260075
0.13691723141285006, 0.33333333333333337, 8.036531959108357
0.112937597421309, 0.33333333333333337, 18.90993516316329
0.16202820245331134, 0.33333333333333337, 2.1101066391429506
0.1051527591996599, 0.33333333333333337, 30.61769472109612
0.1283857831309788, 0.33333333333333337, 4.199198732275408
0.10750026611257506, 0.33333333333333337, 5.68674285203663
0.13281943379494204, 0.33333333333333337, 25.688688045936537
0.12399935789821329, 0.33333333333333337, 2.951264865233945
0.13506972102114656, 0.33333333333333337, 3.9231481974311198
0.10645071093807748, 0.33333333333333337, 11.74698374292925
0.17908864982768502, 0.33333333333333337, 0.16963445651454678
0.10256421227327958, 0.33333333333333337, 10.176669866374482
0.09683078505297499, 0.33333333333333337, 3.0743143245946105
0.19542557743029176, 0.33333333333333337, 5.9403745869308775
0.11397037123593927, 0.33333333333333337, 7.335752207200055
0.15689160830890903, 0.33333333333333337, 5.858894619483693
0.09959136281097415, 0.33333333333333337, 5.760701173728693
0.09889013730874727, 0.33333333333333337, 2.262776489401782
0.16860383054950612, 0.33333333333333337, 12.519852443358907
0.12573365039053652, 0.33333333333333337, 5.520276331743892
0.18523599977527605, 0.33333333333333337, 29.950418388287186
0.09196256194392985, 0.33333333333333337, 5.048419435386846
0.15283047712905928, 0.33333333333333337, 8.430936931594923
0.13368976009284742, 0.33333333333333337, 9.230637837605139
0.11637881924760159, 0.33333333333333337, 3.9100019596604016
0.06248402255639467, 0.33333333333333337, 9.030316057673469
0.11510857934352588, 0.33333333333333337, 4.481934766310437
0.18094097810840698, 0.33333333333333337, 3.869015662716736
0.12140537093519621, 0.33333333333333337, 4.232904006426945
0.07870385291324064, 0.33333333333333337, 25.87786995815554
0.13605245117355874, 0.33333333333333337, 26.830676451540253
0.18611553589504953, 0.33333333333333337, 3.29519768355904
0.11230921334357133, 0.33333333333333337, 17.413226058952066
0.10456036164206893, 0.33333333333333337, 25.939995878204215
0.09599120935016796, 0.33333333333333337, 1.9858036601250715
0.09647567185255146, 0.33333333333333337, 9.034716421091558
0.0998046718483436, 0.33333333333333337, 34.055369432023085
0.10764967956287688, 0.33333333333333337, 3.427357451261241
0.13611023038965356, 0.33333333333333337, 3.1788957723945677
0.1131733035842152, 0.33333333333333337, 16.216792292578347
0.09968225915816444, 0.33333333333333337, 3.910775234610813
0.16119805510566246, 0.33333333333333337, 10.199206595237609
0.1509613168731214, 0.33333333333333337, 1.4404261894819703
0.1278065801750099, 0.33333333333333337, 5.325595725138297
0.12444874660446172, 0.33333333333333337, 14.618045607858754
0.14243267431783285, 0.33333333333333337, 3.401070487299995
0.08688939997519787, 0.33333333333333337, 1.2636657266442797
0.08949570991905777, 0.33333333333333337, 6.47399392806436
0.08041553725459698, 0.33333333333333337, 36.70599591958161
0.13316392867607235, 0.33333333333333337, 0.8488666414028774
0.09094231617607997, 0.33333333333333337, 1.3036020528922443
0.10411208019437622, 0.33333333333333337, 1.0979189748496045
0.09640154292306342, 0.33333333333333337, 10.147738315386952
0.10438004845876588, 0.33333333333333337, 12.890814690265787
0.1047760945505348, 0.33333333333333337, 8.559547648238018
0.159520474825453, 0.33333333333333337, 5.782124406347182
0.1533316369288719, 0.33333333333333337, 18.162209695372553
0.12341237354575188, 0.33333333333333337, 16.376835049865445
0.12308900066329076, 0.33333333333333337, 1.3685569167117762
0.15951034528757824, 0.33333333333333337, 9.915496711470368
0.12178285426345951, 0.33333333333333337, 10.170612382227484
0.06377521938354734, 0.33333333333333337, 8.541804996548242
0.1493641707149892, 0.33333333333333337, 2.8338465309034366
0.150072896887549, 0.33333333333333337, 12.609055153755504
0.11407609946568933, 0.33333333333333337, 13.61080092619512
0.0293999460074027, 0.33333333333333337, 8.903205256018316
0.0849120643168246, 0.33333333333333337, 12.232033418202208
0.15980623978167455, 0.33333333333333337, 5.812550938482426
0.08881315086453281, 0.33333333333333337, 6.861107072323795
0.12973658524374446, 0.33333333333333337, 3.3391160392035792
0.11066868387619033, 0.33333333333333337, 9.907496920322613
0.16270932035790525, 0.33333333333333337, 0.8502038821740353
0.13844481236825237, 0.33333333333333337, 8.269432849224826
0.1324466930437618, 0.33333333333333337, 16.10209083667866
0.13424062194574723, 0.33333333333333337, 2.981152488627097
0.10671099947554105, 0.33333333333333337, 12.785447826969891
0.12441453569332593, 0.33333333333333337, 0.4391159148080488
0.13692450405930592, 0.33333333333333337, 24.573221836910122
0.11055959109378609, 0.33333333333333337, 10.183396081487311
0.1694919469409846, 0.33333333333333337, 14.369473391450601
0.10288629439379415, 0.33333333333333337, 46.273197925936145
0.07813857206372084, 0.33333333333333337, 20.805072985669845
0.1211315185022495, 0.33333333333333337, 3.9228109221164216
0.03280879885529721, 0.33333333333333337, 4.945396481933216
0.13301017323840925, 0.33333333333333337, 3.5333961586826708
0.1356222090056278, 0.33333333333333337, 0.8334135821302906
0.11980018411130437, 0.33333333333333337, 12.763546686883883
0.10364010762315845, 0.33333333333333337, 8.61865797776296
0.11360879395024992, 0.33333333333333337, 6.1513896087316
0.12833006486885945, 0.33333333333333337, 3.5657480802090413
0.1332353563578385, 0.33333333333333337, 3.5578873975379617
0.1376296411990619, 0.33333333333333337, 15.538172624304181
0.09067466552098416, 0.33333333333333337, 19.515454024984564
0.10801477219939917, 0.33333333333333337, 0.18737844341815812
0.1275575339366899, 0.33333333333333337, 0.87839203073175
0.0768777720446554, 0.33333333333333337, 11.562744257131904
0.14880595251110426, 0.33333333333333337, 13.883707831825026
0.10399290228868606, 0.33333333333333337, 0.2923729226464616
0.11905881873277682, 0.33333333333333337, 6.73446386291125
0.16239433274056791, 0.33333333333333337, 11.437912403998585
0.13232655542403424, 0.33333333333333337, 32.56893462234286
0.1420274035047842, 0.33333333333333337, 9.948484188778949
0.13631236323069604, 0.33333333333333337, 14.32395792026834
0.0813297550105962, 0.33333333333333337, 24.76389101712734
0.15794053494890542, 0.33333333333333337, 11.379450786930217
0.15941100433589633, 0.33333333333333337, 4.68461416377887
0.11172679201062212, 0.33333333333333337, 0.17383183506917363
0.12678480231844236, 0.33333333333333337, 81.5393250218454
0.12822047028963235, 0.33333333333333337, 10.20091567355189
0.10643226218122026, 0.33333333333333337, 1.2263868833983067
0.1114613401339362, 0.33333333333333337, 23.086781345688323
0.11187131756337629, 0.33333333333333337, 14.444347615445311
0.08162983282280549, 0.33333333333333337, 1.9156960804118914
0.13829364932367877, 0.33333333333333337, 5.166001990879093
0.09282072412598406, 0.33333333333333337, 9.472701092679058
0.15725316942812456, 0.33333333333333337, 4.428456207379217
0.11069557318056687, 0.33333333333333337, 33.336626528986194
0.1240498344619202, 0.33333333333333337, 9.242002508009238
0.1609724271132345, 0.33333333333333337, 17.213122533853987
0.07228663092068899, 0.33333333333333337, 2.034433412130406
0.14254607541198638, 0.33333333333333337, 6.869875717444455
0.11882710078871589, 0.33333333333333337, 13.345774079814435
0.13161514698432958, 0.33333333333333337, 13.251039346482068
0.09959473037629636, 0.33333333333333337, 11.479388942795332
0.12184219787818266, 0.33333333333333337, 0.7278878335062905
0.0854296230593217, 0.33333333333333337, 3.802343109264031
0.12874813453977485, 0.33333333333333337, 1.3895106312537135
0.11748202140006278, 0.33333333333333337, 48.88661505007663
0.12137851141479507, 0.33333333333333337, 13.513386451624608
0.13742760000792506, 0.33333333333333337, 7.029429901813546
0.08410688589571605, 0.33333333333333337, 0.2715553056365014
0.09366975937192283, 0.33333333333333337, 23.34431164551466
0.09073194786989845, 0.33333333333333337, 23.746220172012524
0.16746868041362042, 0.33333333333333337, 19.62029800805902
0.12472391723718085, 0.33333333333333337, 4.727787484206976
0.108541153611086, 0.33333333333333337, 2.3654415297100613
0.11354360352321033, 0.33333333333333337, 0.7501838308142045
0.11521659795738196, 0.33333333333333337, 16.12649592685612
0.14438261479238476, 0.33333333333333337, 22.539866313815686
0.12830637467986877, 0.33333333333333337, 1.6258715230824619
0.1254112738822958, 0.33333333333333337, 4.450514663483603
0.14039291465978668, 0.33333333333333337, 6.391635151140734
0.11764367549762343, 0.33333333333333337, 8.394121527743545
0.08737231933420936, 0.33333333333333337, 20.27547818195763
0.17374026343961482, 0.33333333333333337, 4.34528694082609
0.1141670417583527, 0.33333333333333337, 13.082837774747201
0.14282265847879805, 0.33333333333333337, 2.365343203444926
0.1331139201132748, 0.33333333333333337, 21.50251363578459
0.10555545305811348, 0.33333333333333337, 38.01496520176401
0.13249583604528348, 0.33333333333333337, 18.607208504431444
0.12759777004880385, 0.33333333333333337, 4.713859424954467
0.12767985849582292, 0.33333333333333337, 4.508262778813712
0.18027645044156854, 0.33333333333333337, 48.02560821066725
0.12152426626589881, 0.33333333333333337, 4.455559491295676
0.10853732119237836, 0.33333333333333337, 24.544753137993563
0.07495889330143163, 0.33333333333333337, 2.6155588677276747
0.05109481996925183, 0.33333333333333337, 6.890358664887087
0.13379740755032232, 0.33333333333333337, 38.75373353733897
0.12477946564642847, 0.33333333333333337, 4.8112739444484
0.14873768995567585, 0.33333333333333337, 5.058970222494122
0.14728909554942887, 0.33333333333333337, 0.5819152039328881
0.15074143790994088, 0.33333333333333337, 7.783283587782131
0.09316173743620151, 0.33333333333333337, 17.27314072947197
0.09593577495159446, 0.33333333333333337, 15.29373258887983
0.12667987177666057, 0.33333333333333337, 3.226217473846115
0.1028828833616571, 0.33333333333333337, 12.636724675974305
0.12110457394134803, 0.33333333333333337, 8.671389451197221
0.07500136586394852, 0.33333333333333337, 14.910466003697529
0.16060819891099487, 0.33333333333333337, 29.690789898579432
0.12354077477647397, 0.33333333333333337, 11.456257540294665
0.11378106452483122, 0.33333333333333337, 0.7462772395525293
0.07741582431317831, 0.33333333333333337, 23.780888618874364
0.07274975622190014, 0.33333333333333337, 8.583509662760664
0.11734808749177875, 0.33333333333333337, 4.641454653162073
0.0939642351634761, 0.33333333333333337, 2.424475718501287
0.15170977387418144, 0.33333333333333337, 16.145029610630502
0.10167749025669132, 0.33333333333333337, 10.419178290851566
0.09822455394840209, 0.33333333333333337, 1.8738423173120662
0.11457796505583444, 0.33333333333333337, 8.706250017346658
0.09795221574540347, 0.33333333333333337, 6.287360285230948
0.10869327400883655, 0.33333333333333337, 1.3196814375644537
0.18275612132993962, 0.33333333333333337, 8.042473298260314
0.09632048124902452, 0.33333333333333337, 3.732226982086099
0.09772270735840884, 0.33333333333333337, 1.8743967807356228
0.08861428694548124, 0.33333333333333337, 1.0647154555401943
0.08735933634146001, 0.33333333333333337, 3.337216312235887
0.14001041893665445, 0.33333333333333337, 0.7427057122466217
0.17306904580563032, 0.33333333333333337, 5.353727969624131
0.09865524501180413, 0.33333333333333337, 0.2781219113794174
0.15360952227808358, 0.33333333333333337, 18.47130723296911
0.11701119779457939, 0.33333333333333337, 1.6675273160203241
0.11965501530282795, 0.33333333333333337, 6.929488950516114
0.1316902572003777, 0.33333333333333337, 9.012679508313356
0.07775249536903509, 0.33333333333333337, 6.396053708785499
0.16492740534074227, 0.33333333333333337, 1.9241491502190606
0.1105810131767141, 0.33333333333333337, 7.8636892134338305
0.08478833222199078, 0.33333333333333337, 13.758770417092679
0.08491911838687008, 0.33333333333333337, 7.1030640468426
0.06167127800661501, 0.33333333333333337, 1.5638337682820882
0.15537775357557831, 0.33333333333333337, 3.848100366395362
0.07445396013854394, 0.33333333333333337, 4.784000041048769
0.09809504347442402, 0.33333333333333337, 3.704492001750995
0.11787442700684778, 0.33333333333333337, 4.131101746448114
0.13822581675102527, 0.33333333333333337, 1.0931066918530765
0.15052232708133034, 0.33333333333333337, 6.923265602309905
0.07077322211789203, 0.33333333333333337, 4.778835015189384
0.09472572974071834, 0.33333333333333337, 5.6269000346271225
0.1389366611545176, 0.33333333333333337, 13.676011689988105
0.08747955032272166, 0.33333333333333337, 1.3192896380815333
0.07488566581587186, 0.33333333333333337, 0.09140759615346354
0.1908753731200733, 0.33333333333333337, 0.5473739932927821
0.14953698549035813, 0.33333333333333337, 4.938817745004645
0.1280358394933987, 0.33333333333333337, 4.002649860177604
0.08612277814142758, 0.33333333333333337, 6.101616649234499
0.1234234995148306, 0.33333333333333337, 21.882163019085
0.12348666815842091, 0.33333333333333337, 27.886124049135788
0.13261868361955972, 0.33333333333333337, 3.6227041722391
0.08634786601437923, 0.33333333333333337, 11.80271676273623
0.09727127377693037, 0.33333333333333337, 4.349977350044933
0.1343358276814493, 0.33333333333333337, 3.9412656567994055
0.08778297026502668, 0.33333333333333337, 1.6620741832813222
0.14616884420635545, 0.33333333333333337, 3.0387099062501983
0.11427214118029644, 0.33333333333333337, 4.773859973557011
0.0817456167459811, 0.33333333333333337, 5.475800832511666
0.08366603113839485, 0.33333333333333337, 13.099029161312043
0.13710127909381906, 0.33333333333333337, 7.404192356801591
0.11236355555703256, 0.33333333333333337, 4.219835169497732
0.09900098166811322, 0.33333333333333337, 5.251349562284051
0.1261570504257318, 0.33333333333333337, 30.317233944421215
0.13221369810739947, 0.33333333333333337, 18.93078369393037
0.15564752882099053, 0.33333333333333337, 31.095071276969197
0.07300151768397631, 0.33333333333333337, 6.300035704525514
0.15304961070422954, 0.33333333333333337, 12.872980096671773
0.12317961342786005, 0.33333333333333337, 3.633196447183654
0.10465817000988197, 0.33333333333333337, 14.129417186064856
0.10713682555704791, 0.33333333333333337, 9.945458196509684
0.09372884365890874, 0.33333333333333337, 2.4717189561060033
0.20153888367503195, 0.33333333333333337, 12.76498594872786
0.09788042408262336, 0.33333333333333337, 9.706666560819318
0.0897636151911994, 0.33333333333333337, 20.487802665323798
0.17932179739923335, 0.33333333333333337, 7.5183358926694925
0.12420486602452341, 0.33333333333333337, 4.700725902384932
0.10992254047143843, 0.33333333333333337, 7.712724598577543
0.13845982545190869, 0.33333333333333337, 6.918954603777025
0.075013291256918, 0.33333333333333337, 7.709797761322204
0.1669848134366107, 0.33333333333333337, 4.590024727637512
0.13570780332741336, 0.33333333333333337, 20.443378371629315
0.17362363977696282, 0.33333333333333337, 7.0845698535782
0.12591081059046022, 0.33333333333333337, 3.8938841844373138
0.13514815016960702, 0.33333333333333337, 2.0908519346951278
0.13654317030079938, 0.33333333333333337, 6.367992865098726
0.13605124225192208, 0.33333333333333337, 1.114244085944457
0.09559452850604126, 0.33333333333333337, 8.985636342008254
0.11200014021623657, 0.33333333333333337, 12.84549562752644
0.07184068797766674, 0.33333333333333337, 7.756812385077569
0.15053651842412646, 0.33333333333333337, 11.62437653835361
0.12397880374181638, 0.33333333333333337, 12.959747170841645
0.07276625631288211, 0.33333333333333337, 12.404913642036364
0.16653043449604527, 0.33333333333333337, 3.3736137061250777
0.12073527915642082, 0.33333333333333337, 1.6882144390097997
0.10833778919107562, 0.33333333333333337, 0.15608510550496554
0.14245583204243994, 0.33333333333333337, 27.516286836371286
0.07248226395293002, 0.33333333333333337, 2.0861833585759366
0.14963015030496554, 0.33333333333333337, 9.354366363706166
0.1533248258731133, 0.33333333333333337, 3.3903884290134827
0.0915024372711884, 0.33333333333333337, 6.917945928038386
0.12759207945823195, 0.33333333333333337, 5.440423485729445
0.10091975180040583, 0.33333333333333337, 11.784287727055222
0.12330869921950831, 0.33333333333333337, 23.584086293777375
0.12602344870967808, 0.33333333333333337, 0.7763468248635966
0.1099761160934137, 0.33333333333333337, 0.864566918107868
0.15136215670921427, 0.33333333333333337, 5.238150203468258
0.13608631799715168, 0.33333333333333337, 4.4594894932915405
0.1405729311736022, 0.33333333333333337, 8.102419588245667
0.08736766119698797, 0.33333333333333337, 0.9047288966007778
0.11557841083207064, 0.33333333333333337, 0.9733659206468246
0.11073663386565531, 0.33333333333333337, 0.5042412404670061
0.11130124492183929, 0.33333333333333337, 7.17392026478887
0.0773661298446527, 0.33333333333333337, 7.80402491215987
0.124829450839222, 0.33333333333333337, 12.010838488659159
0.10626462950468701, 0.33333333333333337, 21.704347804292265
0.16455100349280527, 0.33333333333333337, 8.274175890759988
0.1454479626336691, 0.33333333333333337, 19.660518727299024
0.13031561144503362, 0.33333333333333337, 8.812141730997904
0.1695032680155038, 0.33333333333333337, 1.5739839484475546
0.09442874836416099, 0.33333333333333337, 9.518661409349805
0.10547444151641217, 0.33333333333333337, 5.943063208874414
0.14540032525602808, 0.33333333333333337, 13.076433503741118
0.13544250500372423, 0.33333333333333337, 20.336179071875364
0.1745127834022014, 0.33333333333333337, 5.148320096319236
0.14011854547565714, 0.33333333333333337, 3.865282511983441
0.06303859949012316, 0.33333333333333337, 1.054116962167714
0.05973107552941276, 0.33333333333333337, 7.924246178339033
0.11824296565613104, 0.33333333333333337, 3.7185989054052593
0.1075877586450794, 0.33333333333333337, 21.727330555594616
0.10519333188601807, 0.33333333333333337, 27.13169903690975
0.07505441635050852, 0.33333333333333337, 17.684171124371915
0.09359450182006593, 0.33333333333333337, 3.584273240627966
0.1540430599332741, 0.33333333333333337, 6.162094840174803
0.1282984990446252, 0.33333333333333337, 2.5856597439001807
0.1327251433440046, 0.33333333333333337, 7.4574413724971995
0.05026592441272007, 0.33333333333333337, 8.18294766256749
0.10879347023069216, 0.33333333333333337, 46.76611433820883
0.1054146893382231, 0.33333333333333337, 2.3006559617422724
0.12450133775570588, 0.33333333333333337, 26.253650371220463
0.11574760933883285, 0.33333333333333337, 0.8121827166517144
0.12230988350731269, 0.33333333333333337, 0.044921119094706134
0.09878382649076553, 0.33333333333333337, 2.5610241166220344
0.0973123501099693, 0.33333333333333337, 19.4852075691756
0.09299639380683762, 0.33333333333333337, 18.923649359563875
0.1293382210650568, 0.33333333333333337, 6.09330626584639
0.14330727056730191, 0.33333333333333337, 6.421746977759586
0.10990095057227951, 0.33333333333333337, 0.8367320038439141
0.1118934296204621, 0.33333333333333337, 13.666187315801462
0.1540660311679962, 0.33333333333333337, 1.8981996547318463
0.1273113532910356, 0.33333333333333337, 0.648925956269091
0.10332187505467999, 0.33333333333333337, 9.968823423431356
0.18619900807365009, 0.33333333333333337, 14.960066635357224
0.15888068136896608, 0.33333333333333337, 4.2992898864883315
0.10297341595839644, 0.33333333333333337, 13.213031222177152
0.044958885667441745, 0.33333333333333337, 7.835630270275312
0.14424067894779308, 0.33333333333333337, 11.295347909720727
0.11155141563263982, 0.33333333333333337, 3.979915342494959
0.13286811163406248, 0.33333333333333337, 7.094898689879174
0.08650694317606247, 0.33333333333333337, 19.865606212674347
0.15970376333722908, 0.33333333333333337, 1.5802581637580781
0.18133894975245524, 0.33333333333333337, 4.946140335039959
0.10805952142815516, 0.33333333333333337, 9.39838099476406
0.1401857832816009, 0.33333333333333337, 23.11447604928483
0.1459154965111732, 0.33333333333333337, 9.1034270665593
0.08455833041732608, 0.33333333333333337, 4.6796570047528245
0.145583352573501, 0.33333333333333337, 14.526259770770606
0.10090825858895328, 0.33333333333333337, 4.4778146958119445
0.12962633329994872, 0.33333333333333337, 12.653468423530445
0.10851753289827029, 0.33333333333333337, 3.4780502699089912
0.14171431434698378, 0.33333333333333337, 43.440160527436774
0.1525284099077398, 0.33333333333333337, 14.84576506841951
0.14897991636898006, 0.33333333333333337, 20.968457041069744
0.0854139994243884, 0.33333333333333337, 4.384430980633003
0.1629917437349242, 0.33333333333333337, 20.141002115114127
0.11048041903432351, 0.33333333333333337, 15.514800618051936
0.1346486854267629, 0.33333333333333337, 7.71018217132969
0.12655786728385432, 0.33333333333333337, 3.1568243268915075
0.0962200233336883, 0.33333333333333337, 10.844517507705966
0.08658869041078851, 0.33333333333333337, 22.516936945984853
0.11720099755181539, 0.33333333333333337, 6.99205231603929
0.15827209507320975, 0.33333333333333337, 8.796493145751379
0.13409396139942617, 0.33333333333333337, 56.962641410263615
0.0989214511789391, 0.33333333333333337, 9.918742603493936
0.08350493445724447, 0.33333333333333337, 2.2569013289507867
0.14709192107262745, 0.33333333333333337, 2.284188912343276
0.145225229809416, 0.33333333333333337, 6.10894595433267
0.14227901362397286, 0.33333333333333337, 1.1550793641400374
0.11101169431353279, 0.33333333333333337, 9.554811460081996
0.08486892590306408, 0.33333333333333337, 21.154981456381734
0.11696819130400236, 0.33333333333333337, 15.729329340361001
0.08267078176408327, 0.33333333333333337, 8.613236129790055
0.13092176137252864, 0.33333333333333337, 11.732978941459619
0.12817517799574757, 0.33333333333333337, 0.24698762467533109
0.10871617856595135, 0.33333333333333337, 12.065770617521522
0.1412489627005396, 0.33333333333333337, 11.908923817647775
0.1859717656612348, 0.33333333333333337, 2.918504050338494
0.11339616201677015, 0.33333333333333337, 2.892128778003233
0.12724270580723984, 0.33333333333333337, 1.5843135136493074
0.13894953054602446, 0.33333333333333337, 12.325282991095209
0.07556547109641643, 0.33333333333333337, 5.653572113134146
0.13370816660751045, 0.33333333333333337, 27.83657520520967
0.09973975465787427, 0.33333333333333337, 0.9624812832825751
0.13229267070025133, 0.33333333333333337, 18.209966681156427
0.10599859263497013, 0.33333333333333337, 14.323592352283267
0.07287878139307709, 0.33333333333333337, 12.949132303256542
0.1517680547806892, 0.33333333333333337, 33.59209869142446
0.10399464331449332, 0.33333333333333337, 3.086043859367333
0.09054317928928995, 0.33333333333333337, 15.820979785657713
0.1115895379130194, 0.33333333333333337, 9.827174611013806
0.02884206191367869, 0.33333333333333337, 5.165085780620364
0.16130481598746418, 0.33333333333333337, 9.052128000590981
0.1439882627565389, 0.33333333333333337, 11.418753922374446
0.08044643829512084, 0.33333333333333337, 14.864682964334326
0.13224045178676302, 0.33333333333333337, 9.603278487828392
0.08460124854142292, 0.33333333333333337, 6.617294516584883
0.11570293799165336, 0.33333333333333337, 7.106188529123624
0.16418236690670732, 0.33333333333333337, 18.614152197290586
0.11400578449579887, 0.33333333333333337, 6.368634151069077
0.1186028763716355, 0.33333333333333337, 2.5445150574698907
0.08464553519045662, 0.33333333333333337, 10.970851525100835
0.08874755408731583, 0.33333333333333337, 3.7038960863941783
0.15722261127726322, 0.33333333333333337, 14.923903059631348
0.10946600458563154, 0.33333333333333337, 8.079589770043247
0.09775819527214358, 0.33333333333333337, 7.178285491077046
0.10917307290967974, 0.33333333333333337, 6.407786162064747
0.0961739324089963, 0.33333333333333337, 8.74687432475825
0.13610663786199367, 0.33333333333333337, 13.835235210422358
0.15132203596568702, 0.33333333333333337, 1.1508676403056033
0.0592413966529413, 0.33333333333333337, 14.86456522608217
0.13111621909855484, 0.33333333333333337, 3.8676236924450014
0.1323092028202265, 0.33333333333333337, 10.546745976436355
0.15915356819888077, 0.33333333333333337, 13.590128217748246
0.16779956505249516, 0.33333333333333337, 13.645105021160264
0.12209848344692077, 0.33333333333333337, 1.7639891110276757
0.15283806774118286, 0.33333333333333337, 5.107885231925741
0.097286768187173, 0.33333333333333337, 1.418839588647598
0.12569446107887533, 0.33333333333333337, 16.89602978361112
0.14243965904755854, 0.33333333333333337, 4.341711906665169
0.1112946216907238, 0.33333333333333337, 41.51032354739571
0.10444610114020665, 0.33333333333333337, 33.91943005212703
0.11228839594828231, 0.33333333333333337, 5.887206139075608
0.15841449965986598, 0.33333333333333337, 0.8904817725232346
0.13614494796857693, 0.33333333333333337, 7.953886951998344
0.13983084944817814, 0.33333333333333337, 0.5229248710028862
0.050424365547732414, 0.33333333333333337, 8.519697208571438
0.16974488230279886, 0.33333333333333337, 2.1284444858718126
0.12766337375961206, 0.33333333333333337, 8.96547685599928
0.12958467153455822, 0.33333333333333337, 2.3519000088912563
0.0686573524480328, 0.33333333333333337, 44.711732136115764
0.07411313310308038, 0.33333333333333337, 16.330937267879
0.15970406792280534, 0.33333333333333337, 6.294238592797952
0.18581972419295142, 0.33333333333333337, 7.714921709383911
0.14177855488518065, 0.33333333333333337, 15.920241034117824
0.11788257924081368, 0.33333333333333337, 8.892195881720246
0.1452790708549349, 0.33333333333333337, 11.457631128559624
0.1047279961979675, 0.33333333333333337, 6.915552087091527
0.14808846169157683, 0.33333333333333337, 2.498466006383346
0.10375270895928793, 0.33333333333333337, 33.88703329625256
0.07263710668596832, 0.33333333333333337, 8.005481934214563
0.15188855848834262, 0.33333333333333337, 13.941446034414112
0.06210345653892421, 0.33333333333333337, 4.5733862088662045
0.1356008547457381, 0.33333333333333337, 36.28434601163029
0.13553822609806185, 0.33333333333333337, 15.36035895371076
0.11720924168200114, 0.33333333333333337, 8.846385577711567
0.1297170351216573, 0.33333333333333337, 22.10044681547302
0.11666771652809074, 0.33333333333333337, 13.774669784971357
0.12587957570579877, 0.33333333333333337, 7.165203533467064
0.13537077472826314, 0.33333333333333337, 61.15176955616287
0.1524874368241831, 0.33333333333333337, 0.3132229743250891
0.10145353971332349, 0.33333333333333337, 1.1484442881363568
0.16524472899832068, 0.33333333333333337, 8.28605260522636
0.13869310835366372, 0.33333333333333337, 13.759397022362444
0.07536735909425837, 0.33333333333333337, 8.465155463952529
0.15605947508868007, 0.33333333333333337, 12.94471475668246
0.09871889016240196, 0.33333333333333337, 5.109956700460604
0.11013275476272794, 0.33333333333333337, 25.323478833093333
0.1607004466312255, 0.33333333333333337, 6.7720149371113445
0.1388459594574357, 0.33333333333333337, 9.035254420893787
0.15374444485847807, 0.33333333333333337, 14.36832581969567
0.11679426663100752, 0.33333333333333337, 8.075664584236751
0.14478818747159913, 0.33333333333333337, 2.2719578333932984
0.1366737161278955, 0.33333333333333337, 7.629050815131845
0.13528260842740866, 0.33333333333333337, 2.861350907810852
0.1596842219104355, 0.33333333333333337, 15.912090525196387
0.11054308552184006, 0.33333333333333337, 32.685949195277935
0.09918696414637554, 0.33333333333333337, 7.512040342101639
0.05417066230654921, 0.33333333333333337, 12.060027079258425
0.1284887112307142, 0.33333333333333337, 0.2793725627436266
0.10435849224575926, 0.33333333333333337, 2.1599973250052704
0.12058070466786532, 0.33333333333333337, 0.14176008462676634
0.048831993408703894, 0.33333333333333337, 3.217465262348504
0.11028991018119991, 0.33333333333333337, 5.131824280715619
0.051434406174954705, 0.33333333333333337, 9.60963862167508
0.11840004649401867, 0.33333333333333337, 23.65253468511721
0.16466375641146236, 0.33333333333333337, 0.03112011757521263
0.16623280327868667, 0.33333333333333337, 7.982377584273843
0.108838707006345, 0.33333333333333337, 10.596084792633471
0.11377718705795285, 0.33333333333333337, 3.964711807901019
0.10949608183339103, 0.33333333333333337, 17.514270844162567
0.10624306906350174, 0.33333333333333337, 4.0386364633241625
0.15872175726123453, 0.33333333333333337, 5.099133605371916
0.08020471846047891, 0.33333333333333337, 5.266847379318631
0.11556999809176018, 0.33333333333333337, 3.6979315495239082
0.10104182872324337, 0.33333333333333337, 37.52568286810001
0.10640914127921863, 0.33333333333333337, 12.728157324597179
0.12927129741277882, 0.33333333333333337, 14.98136426702548
0.06069399647359631, 0.33333333333333337, 79.41224753901925
0.12184393827746454, 0.33333333333333337, 4.194793306535174
0.10928790836673966, 0.33333333333333337, 6.396266691251455
0.05260722283697336, 0.33333333333333337, 2.490694530618329
0.09009260920020062, 0.33333333333333337, 1.3255546740500388
0.1103756759531015, 0.33333333333333337, 1.0663874618469553
0.11408895754275551, 0.33333333333333337, 0.09027186548540514
0.15094544585755326, 0.33333333333333337, 3.210763486695331
0.13272080512132034, 0.33333333333333337, 48.685817353740184
0.09195693594169749, 0.33333333333333337, 11.849302743832238
0.13183912688382332, 0.33333333333333337, 6.613474438960503
0.15024933488672532, 0.33333333333333337, 6.2151802489066945
0.0883342775749852, 0.33333333333333337, 4.047003687229297
0.13870699224697045, 0.33333333333333337, 26.15394891949116
0.1846008214515833, 0.33333333333333337, 4.6225818400768395
0.1448639950829142, 0.33333333333333337, 39.53013069976365
0.0944664993853831, 0.33333333333333337, 18.37148674397358
0.11120961620784867, 0.33333333333333337, 21.941158379805294
0.1454152075511916, 0.33333333333333337, 0.4292648744119752
0.12283843432095538, 0.33333333333333337, 4.139403323009287
0.046945108003544275, 0.33333333333333337, 3.67779309802038
0.12044928810061337, 0.33333333333333337, 10.402424102902003
0.09140003778465942, 0.33333333333333337, 59.10284965979072
0.08240183867305967, 0.33333333333333337, 14.208146058874139
0.09022027051117759, 0.33333333333333337, 2.339722842612008
0.10015521423937274, 0.33333333333333337, 14.81314002213837
0.1796534420577681, 0.33333333333333337, 1.9096446883580267
0.15124669454843043, 0.33333333333333337, 31.428072363913866
0.1472301212219288, 0.33333333333333337, 3.9306223403715745
0.08717300738235234, 0.33333333333333337, 1.4915503752974384
0.1298891097799347, 0.33333333333333337, 0.8534545482271703
0.1275895050379831, 0.33333333333333337, 0.6608977846612877
0.11839486731707378, 0.33333333333333337, 0.3186242441595904
0.17526538557557114, 0.33333333333333337, 4.732715701621065
0.10247116445670876, 0.33333333333333337, 2.2816551626667683
0.12225834923038359, 0.33333333333333337, 0.5565471309044138
0.13582798353055173, 0.33333333333333337, 1.2609652094642163
0.13730140407999902, 0.33333333333333337, 6.164314285688471
0.12503276921103273, 0.33333333333333337, 0.25509070266298656
0.1495196869412827, 0.33333333333333337, 9.568220004249161
0.09938918387896187, 0.33333333333333337, 1.4081525821661405
0.13169122942978048, 0.33333333333333337, 5.312271681258443
0.06353358302113368, 0.33333333333333337, 1.4138893974567546
0.14619354996633466, 0.33333333333333337, 5.8910416282289235
0.186756308300518, 0.33333333333333337, 14.60742415890627
0.053528476265254255, 0.33333333333333337, 17.936412320809676
0.11156203801153557, 0.33333333333333337, 3.99983948428616
0.13333842214229147, 0.33333333333333337, 7.360359381941349
0.13637497827696246, 0.33333333333333337, 10.774098740992828
0.16815211598607338, 0.33333333333333337, 63.71641139301686
0.039249059120740726, 0.33333333333333337, 58.40455001765403
0.09542911207648289, 0.33333333333333337, 27.089024358277968
0.11376137209118305, 0.33333333333333337, 41.61771729331508
0.09845107431541955, 0.33333333333333337, 0.4695058276972404
0.11140693268298052, 0.33333333333333337, 9.238844208738898
0.12235208719557078, 0.33333333333333337, 6.24707308697199
0.07439213380441942, 0.33333333333333337, 1.9774048294730637
0.04735707120054351, 0.33333333333333337, 1.0286590795190496
0.10046367100385634, 0.33333333333333337, 1.4383164796337966
0.14268304643283275, 0.33333333333333337, 38.748884720926725
0.1317795910037799, 0.33333333333333337, 22.59280031706968
0.1312066911953762, 0.33333333333333337, 7.842627780597509
0.10931196168672928, 0.33333333333333337, 18.109967173353116
0.14163695802117973, 0.33333333333333337, 7.657372869380151
0.1073644396953042, 0.33333333333333337, 6.7352353492951735
0.11600142701972395, 0.33333333333333337, 0.5706738135323166
0.13582874231703715, 0.33333333333333337, 6.565714900706644
0.11062789415601512, 0.33333333333333337, 2.3986848011400537
0.20256835423490782, 0.33333333333333337, 11.384185992109826
0.16287905557235058, 0.33333333333333337, 5.980828832020426
0.08467836238788332, 0.33333333333333337, 3.9997592369348713
0.1337476477819979, 0.33333333333333337, 1.3601452221794779
0.15411991133275324, 0.33333333333333337, 7.277015637355404
0.13583039117522733, 0.33333333333333337, 0.5002581558032909
0.1366598390955278, 0.33333333333333337, 6.916046360637624
0.1644630134358614, 0.33333333333333337, 22.90321567455515
0.1346989350713303, 0.33333333333333337, 5.379962689806365
0.1266612425270641, 0.33333333333333337, 2.1669816831330606
0.11283209731033231, 0.33333333333333337, 14.559062945259127
0.13122010469614376, 0.33333333333333337, 1.7413807297691806
0.0721930890231429, 0.33333333333333337, 30.370248921756186
0.06567758647277043, 0.33333333333333337, 6.163456854736731
0.059825943619565204, 0.33333333333333337, 12.840008859530274
0.152091668486249, 0.33333333333333337, 2.2109501337998405
0.1745674459500326, 0.33333333333333337, 4.685657936604848
0.15382925643969578, 0.33333333333333337, 2.1677150841147412
0.1175303220700326, 0.33333333333333337, 2.4590460498092095
0.1165672261556287, 0.33333333333333337, 5.388116991645152
0.07733886238218171, 0.33333333333333337, 0.7889877087052697
0.10621646464651349, 0.33333333333333337, 0.4015714595423903
0.1413739308795025, 0.33333333333333337, 11.842621468350353
0.12053988256963882, 0.33333333333333337, 2.3497870994565098
0.12373339335563249, 0.33333333333333337, 12.575993142977245
0.09646764395377183, 0.33333333333333337, 21.384749066539317
0.08083248846433862, 0.33333333333333337, 3.1113320436551937
0.10694246371331788, 0.33333333333333337, 0.5521852828584378
0.11755721919440933, 0.33333333333333337, 1.02363581066216
0.18412573719878422, 0.33333333333333337, 5.798839509538237
0.12276632023870228, 0.33333333333333337, 16.485917238674297
0.11797339856700875, 0.33333333333333337, 11.821230327113211
0.1539925006320536, 0.33333333333333337, 12.267210503613464
0.11687676539863279, 0.33333333333333337, 8.45135751844675
0.12701955563873288, 0.33333333333333337, 14.896512445598693
0.12806304483644115, 0.33333333333333337, 6.579540850194931
0.15662443188066164, 0.33333333333333337, 3.272682020265618
0.13002536159850064, 0.33333333333333337, 8.035400724392483
0.1286267295916432, 0.33333333333333337, 25.27408113370272
0.0780004299445104, 0.33333333333333337, 15.270655180736474
0.16494670938870676, 0.33333333333333337, 24.106879531797585
0.10106187264821317, 0.33333333333333337, 3.150584390860528
0.13739576718681323, 0.33333333333333337, 0.7212611296507122
0.10721780807979919, 0.33333333333333337, 0.09502320795968262
0.0811860451601715, 0.33333333333333337, 1.9612879810471315
0.10657397628764834, 0.33333333333333337, 39.78903433112859
0.06407141825820914, 0.33333333333333337, 0.9395634858930271
0.1378296212135623, 0.33333333333333337, 22.825338593211992
0.155928068832277, 0.33333333333333337, 1.3554321331808419
0.09410232151368156, 0.33333333333333337, 6.395347772727691
0.11792176566780016, 0.33333333333333337, 3.6682031742370587
0.13944159443987858, 0.33333333333333337, 26.45465828718483
0.14484535425665382, 0.33333333333333337, 3.3624092023421666
0.12692583004272692, 0.33333333333333337, 29.536973193320577
0.0903045701147881, 0.33333333333333337, 6.803819613428183
0.12420526285079954, 0.33333333333333337, 3.7473044527483412
0.14324923253861133, 0.33333333333333337, 3.51742120530541
0.13188986287757945, 0.33333333333333337, 8.704759788487317
0.1065269255816318, 0.33333333333333337, 24.593750143568123
0.14272944339263433, 0.33333333333333337, 2.1095927886744574
0.1733579869071947, 0.33333333333333337, 11.283411959683463
0.18608952377546195, 0.33333333333333337, 15.093509317540773
0.12352286272945275, 0.33333333333333337, 4.1182511595953
0.12880029698967768, 0.33333333333333337, 3.9129941055459123
0.11869342503354581, 0.33333333333333337, 3.6303440304095167
0.13323978838248413, 0.33333333333333337, 4.722421261143321
0.13681080017275465, 0.33333333333333337, 11.849595624958676
0.13844296817568358, 0.33333333333333337, 2.435037847248822
0.18462235073195005, 0.33333333333333337, 2.6609916051919074
0.11399587843100951, 0.33333333333333337, 21.30711404671393
0.16599240112134028, 0.33333333333333337, 4.257520240696742
0.12184081440143521, 0.33333333333333337, 7.153674795871058
0.14451644338785916, 0.33333333333333337, 13.659575740703078
0.09099530381847103, 0.33333333333333337, 7.2893515143925205
0.07884157379460904, 0.33333333333333337, 1.7966331876174726
0.0745495787276781, 0.33333333333333337, 0.6201928844120688
0.13207654203783242, 0.33333333333333337, 0.49695829420548426
0.1322321025705405, 0.33333333333333337, 6.487677891258876
0.14259145936651355, 0.33333333333333337, 0.6478541845640662
0.135626755844169, 0.33333333333333337, 3.162058218416764
0.14852783237132525, 0.33333333333333337, 4.833883117507095
0.07163724439631816, 0.33333333333333337, 3.5733167476966825
0.07642719572491702, 0.33333333333333337, 7.504371377316371
0.08510748378452626, 0.33333333333333337, 4.836244144819453
0.1371715333739511, 0.33333333333333337, 6.855328609455875
0.16423607914084265, 0.33333333333333337, 1.0294102409611448
0.12115176140474465, 0.33333333333333337, 1.2406391696229901
0.13260281998503065, 0.33333333333333337, 20.49690829923896
0.1542392995629686, 0.33333333333333337, 2.971946377324836
0.16149820613574878, 0.33333333333333337, 10.012777531436415
0.1478333113648782, 0.33333333333333337, 24.597039880172456
0.11164722254709657, 0.33333333333333337, 14.663006866418813
0.10399760492541636, 0.33333333333333337, 22.439873478932725
0.10426088758246586, 0.33333333333333337, 8.755283732662585
0.10078418704094642, 0.33333333333333337, 5.906110526090056
0.09001051708440994, 0.33333333333333337, 19.406029280398734
0.11402966163497943, 0.33333333333333337, 4.7068597093644495
0.09457242779581339, 0.33333333333333337, 2.1504324694203056
0.14274352750807176, 0.33333333333333337, 1.1160953583187
0.12500668097255185, 0.33333333333333337, 0.6852665426616433
0.11337682125641804, 0.33333333333333337, 42.78224829536295
0.14601956628109483, 0.33333333333333337, 8.380669872243947
0.10869013250262381, 0.33333333333333337, 0.8836663095261493
0.14324585621126193, 0.33333333333333337, 14.618970725016593
0.1155887483390838, 0.33333333333333337, 3.470682436182495
0.11346026112825326, 0.33333333333333337, 9.442177272597174
0.13796227651883267, 0.33333333333333337, 2.6673683692826398
0.13315786929829893, 0.33333333333333337, 0.6438105238467279
0.11261347183169117, 0.33333333333333337, 33.13856664707769
0.14187705354633606, 0.33333333333333337, 5.454535153283033
0.13576898193167594, 0.33333333333333337, 1.673327915980034
0.0740217356314872, 0.33333333333333337, 12.243897404960132
0.10275570207209259, 0.33333333333333337, 12.419987817810485
0.1399369186043169, 0.33333333333333337, 12.488333591654067
0.13261122263088262, 0.33333333333333337, 23.68509213744975
0.11140977788241542, 0.33333333333333337, 3.5864223140100653
0.15621374878418381, 0.33333333333333337, 2.1090682530199585
0.06582760265301348, 0.33333333333333337, 4.33453054784208
0.10588739106798459, 0.33333333333333337, 30.95365476722851
0.1594900675261091, 0.33333333333333337, 18.287763897332432
0.04817269408802649, 0.33333333333333337, 6.150155916964626
0.1558986910765638, 0.33333333333333337, 1.6335250055679031
0.12304747915106337, 0.33333333333333337, 3.7578432555930106
0.08418194039910769, 0.33333333333333337, 2.3961616934524215
0.1282989263898378, 0.33333333333333337, 9.797729048377002
0.1222696561224443, 0.33333333333333337, 7.1938683319479075
0.09762793719695838, 0.33333333333333337, 2.3178203577522245
0.12524985995258178, 0.33333333333333337, 11.249156885464032
0.06824776747575398, 0.33333333333333337, 6.229516867000146
0.12048300861082288, 0.33333333333333337, 0.5755788094982117
0.10419319782005196, 0.33333333333333337, 7.1177363983422515
0.14620421886519225, 0.33333333333333337, 7.4255072627899334
0.12031045794517055, 0.33333333333333337, 16.56803623755435
0.08235283780498853, 0.33333333333333337, 6.337968818003315
0.14107193598055476, 0.33333333333333337, 9.402584112580602
0.12446648485518734, 0.33333333333333337, 0.8573009228549455
0.13482600340101017, 0.33333333333333337, 4.559371662206312
0.13909504481235085, 0.33333333333333337, 39.99650867845238
0.21316582569767958, 0.33333333333333337, 0.06083204901727001
0.12468622776468341, 0.33333333333333337, 19.53756512470108
0.11886464916017063, 0.33333333333333337, 7.3857608157528745
0.07108330488685254, 0.33333333333333337, 7.719683717585203
0.13144486628464092, 0.33333333333333337, 9.133797752255687
0.15403239196248017, 0.33333333333333337, 4.354980109291688
0.14746372666091795, 0.33333333333333337, 33.315318557978834
0.11063303206602974, 0.33333333333333337, 5.328487278230195
0.14049312228473354, 0.33333333333333337, 9.676017498883098
0.07855943888243772, 0.33333333333333337, 4.655214377905652
0.13274597856502096, 0.33333333333333337, 0.6628973626901155
0.1513781469359318, 0.33333333333333337, 38.875068790474266
0.12400685896917618, 0.33333333333333337, 4.666695308749046
0.11895240979283682, 0.33333333333333337, 5.2779814010033546
0.06818152242035538, 0.33333333333333337, 9.089647265532973
0.15427253563399546, 0.33333333333333337, 7.55682167231542
0.13405871957792326, 0.33333333333333337, 4.370037838616054
0.11917647389130413, 0.33333333333333337, 7.067816455159186
0.12022347014765088, 0.33333333333333337, 5.552109724950283
0.07710959117783481, 0.33333333333333337, 3.348885359561271
0.1585207601813055, 0.33333333333333337, 1.6478551312034257
0.11462617085792765, 0.33333333333333337, 38.001262029422946
0.069016934841371, 0.33333333333333337, 4.026223421520532
0.12091044956158344, 0.33333333333333337, 8.42034063276768
0.11227501339536274, 0.33333333333333337, 5.54936633368522
0.1406871748447007, 0.33333333333333337, 3.5332932350486796
0.09385470703567572, 0.33333333333333337, 1.1916547104665136
0.10737796129086886, 0.33333333333333337, 9.176631359569972
0.057249361107641186, 0.33333333333333337, 27.22808964208357
0.09778052606204368, 0.33333333333333337, 1.236928225000329
0.14221779943781457, 0.33333333333333337, 1.6315538622481276
0.14209907477583297, 0.33333333333333337, 9.249702358385248
0.0920554124641155, 0.33333333333333337, 0.7752174280702269
0.13234335339002312, 0.33333333333333337, 34.7149264694369
0.13461432588232114, 0.33333333333333337, 5.075819908916038
0.10265505435606335, 0.33333333333333337, 1.5760748028033487
0.1666375812869078, 0.33333333333333337, 19.14993168933013
0.1428917011027333, 0.33333333333333337, 11.362527262133346
0.11755557566849664, 0.33333333333333337, 24.59019336482199
0.10487553219750441, 0.33333333333333337, 3.706690719321331
0.11455614607368983, 0.33333333333333337, 11.45780234994729
0.13217417370798962, 0.33333333333333337, 12.217089659693723
0.11024245515942747, 0.33333333333333337, 21.92408129227426
0.16539205225797202, 0.33333333333333337, 7.676564262977743
0.1319600648687528, 0.33333333333333337, 17.18297316572224
0.1258535974939628, 0.33333333333333337, 0.3293748216078599
0.14218677131330085, 0.33333333333333337, 1.7873869180611366
0.0934608460927176, 0.33333333333333337, 29.77885219241104
0.11591739812578059, 0.33333333333333337, 19.203299204842853
0.13127279114188953, 0.33333333333333337, 1.5744005183155076
0.10372064640765001, 0.33333333333333337, 17.466200138712086
0.1258629017787236, 0.33333333333333337, 1.930661751957005
0.11064359582186006, 0.33333333333333337, 6.797908937453772
0.1018245910820611, 0.33333333333333337, 6.7000221479338204
0.06864315131061285, 0.33333333333333337, 3.9582088224891487
0.09617749370297535, 0.33333333333333337, 5.631569955508393
0.17746269419079858, 0.33333333333333337, 0.6101275098270723
0.08519933577866462, 0.33333333333333337, 12.114374085172626
0.11751122751419205, 0.33333333333333337, 27.460717748099622
0.13637266437858722, 0.33333333333333337, 7.455330468556444
0.10518927207841533, 0.33333333333333337, 3.2469641274430363
0.14987721064911477, 0.33333333333333337, 2.816365449430694
0.10764028244151329, 0.33333333333333337, 3.422886369222462
0.08522451394286432, 0.33333333333333337, 17.61871973828878
0.09021429316002162, 0.33333333333333337, 4.611562541393832
0.12177626206259684, 0.33333333333333337, 1.1497202584152941
0.09995599154347987, 0.33333333333333337, 9.930891379560014
0.11408661310674073, 0.33333333333333337, 13.076155551186462
0.10513624154917278, 0.33333333333333337, 13.368755645764992
0.16509368027670956, 0.33333333333333337, 6.753745755867017
0.1360158660330417, 0.33333333333333337, 1.703481589047713
0.14218681746288836, 0.33333333333333337, 23.919997374530983
0.11335108792681024, 0.33333333333333337, 0.4558535920139366
0.05567240390386054, 0.33333333333333337, 3.0797418626354554
0.06939815886075211, 0.33333333333333337, 3.192451280944476
0.1141564205576717, 0.33333333333333337, 6.799910400503804
0.11774224081899036, 0.33333333333333337, 7.818463974677853
0.08540226087527562, 0.33333333333333337, 11.268844132419039
0.10667939173701767, 0.33333333333333337, 9.00206805995396
0.098759455312469, 0.33333333333333337, 2.8843968828457416
0.1984609649932333, 0.33333333333333337, 4.530710257568273
0.13651076429701428, 0.33333333333333337, 16.476833925183513
0.1410374322704193, 0.33333333333333337, 0.8581844497792519
0.05862952813079601, 0.33333333333333337, 9.119187336258966
0.0801627451644088, 0.33333333333333337, 7.345180084605379
0.10026349321744757, 0.33333333333333337, 3.7779510349239787
0.10651141820120871, 0.33333333333333337, 11.16559843216802
0.11918498238950961, 0.33333333333333337, 2.3974747692212217
0.13776613725947562, 0.33333333333333337, 21.229753214643566
0.0919759874833275, 0.33333333333333337, 13.641578141378059
0.11791269923920689, 0.33333333333333337, 6.047745152514759
0.12053372505928757, 0.33333333333333337, 11.188855925182985
0.15808974971845455, 0.33333333333333337, 5.747642180053128
0.15113746175012796, 0.33333333333333337, 2.6568922844274296
0.15652872072471052, 0.33333333333333337, 0.05753946802927836
0.14100849240399047, 0.33333333333333337, 7.914440760910804
0.12983174155208613, 0.33333333333333337, 0.1281002486234356
0.12336282493355387, 0.33333333333333337, 0.3698574462107612
0.1644680149026637, 0.33333333333333337, 3.1380370312634454
0.16912866139164764, 0.33333333333333337, 3.068049422283312
0.09756405136720715, 0.33333333333333337, 18.862920576661843
0.14993784306831687, 0.33333333333333337, 1.1531091467035868
0.07274394680898158, 0.33333333333333337, 16.131090037296342
0.0969422193140333, 0.33333333333333337, 13.928528524266966
0.08717729312737577, 0.33333333333333337, 30.25310446835895
0.10596547132152524, 0.33333333333333337, 6.566710620708708
0.12555128492663356, 0.33333333333333337, 2.6053503996132155
0.11944050139152236, 0.33333333333333337, 5.990606648000016
0.1398023296913412, 0.33333333333333337, 2.4865200615862935
0.099523301462266, 0.33333333333333337, 4.298025111715193
0.14218806278480856, 0.33333333333333337, 0.5405403178531516
0.06935721773395974, 0.33333333333333337, 31.15915863657449
0.0682844535508591, 0.33333333333333337, 3.6102324768733727
0.08676069741733959, 0.33333333333333337, 0.09525739478683451
0.12348756017002596, 0.33333333333333337, 1.8323644105909784
0.1443501783352974, 0.33333333333333337, 27.134685257644186
0.14497092192891248, 0.33333333333333337, 7.471529478862922
0.11805780039015305, 0.33333333333333337, 29.976418323960047
0.16064117795712332, 0.33333333333333337, 22.913309169281064
0.12967946507850936, 0.33333333333333337, 11.460946932178398
0.09535259127757326, 0.33333333333333337, 6.339312954945821
0.1310511361173477, 0.33333333333333337, 11.415609028634384
0.1376542758784926, 0.33333333333333337, 0.9118965543259036
0.14669220979028513, 0.33333333333333337, 3.25814852534571
0.13383808034842756, 0.33333333333333337, 45.525562590761346
0.08515801974501841, 0.33333333333333337, 14.88373275241939
0.09171169750723562, 0.33333333333333337, 7.8095772836425805
0.13697195279086363, 0.33333333333333337, 15.059064828611401
0.11844473020215981, 0.33333333333333337, 6.59743044317225
0.1176656055244058, 0.33333333333333337, 29.32443417505625
0.05451375655025047, 0.33333333333333337, 11.704468741466485
0.1142684157224737, 0.33333333333333337, 1.4361450618094407
0.10145374764267254, 0.33333333333333337, 12.854738744297881
0.08441320037661783, 0.33333333333333337, 29.823956748681812
0.1261652926968203, 0.33333333333333337, 5.680891221588908
0.1554393566162506, 0.33333333333333337, 16.32869446636198
0.12971483877962578, 0.33333333333333337, 33.77873754237529
0.10454937050836467, 0.33333333333333337, 4.93491444789887
0.16250247285771546, 0.33333333333333337, 3.7720069977167907
0.1004318144149981, 0.33333333333333337, 10.425257029079692
0.146240688938495, 0.33333333333333337, 6.012259588761877
0.15649461468890702, 0.33333333333333337, 3.4245421267352385
0.10928273369907163, 0.33333333333333337, 0.3774223964313452
0.12576712125683126, 0.33333333333333337, 15.756417863859488
0.12498471140965478, 0.33333333333333337, 2.5865192774480916
0.12120335457734163, 0.33333333333333337, 0.6845555899771043
0.16425762819941958, 0.33333333333333337, 5.469332214615286
0.10951473668654911, 0.33333333333333337, 6.851715530011793
0.07636345188035709, 0.33333333333333337, 7.607333776901694
0.12018764886503601, 0.33333333333333337, 17.590447793651872
0.12028211111596089, 0.33333333333333337, 9.43889255401044
0.08540852998423641, 0.33333333333333337, 9.91892218935711
0.11477776500560825, 0.33333333333333337, 15.765481784653497
0.11462170660295722, 0.33333333333333337, 4.696265362270924
0.11999216835117064, 0.33333333333333337, 4.303843489255957
0.15449605598541338, 0.33333333333333337, 0.68399349169021
0.13107202847877544, 0.33333333333333337, 11.164929533969667
0.12948866830515307, 0.33333333333333337, 0.4708580749369081
0.12043566205104751, 0.33333333333333337, 10.3759668089445
0.13211555962627825, 0.33333333333333337, 6.6967993117172515
0.15026834099999115, 0.33333333333333337, 7.648075925813543
0.15403820583300165, 0.33333333333333337, 0.5756062007599219
0.08933127444387776, 0.33333333333333337, 1.9804721352257122
0.08977858098303863, 0.33333333333333337, 2.234880517407921
0.12426194080131316, 0.33333333333333337, 1.5481209857512193
0.07292008622233459, 0.33333333333333337, 1.4489489034675662
0.13080662331274875, 0.33333333333333337, 1.6179059600455477
0.1403773087237149, 0.33333333333333337, 4.893897542353802
0.11358966053818875, 0.33333333333333337, 12.401017239644062
0.08638334127588883, 0.33333333333333337, 5.441654052570434
0.16767518086242642, 0.33333333333333337, 1.0462815592602563
0.14193604985102234, 0.33333333333333337, 2.9086878010566095
0.1192097580175995, 0.33333333333333337, 5.345940894088882
0.17193118300183696, 0.33333333333333337, 28.035116192455448
0.08651819005419162, 0.33333333333333337, 22.124178465331912
0.11974867826500167, 0.33333333333333337, 17.743482439120587
0.13486881299805412, 0.33333333333333337, 2.2756291219458866
0.09698201908642176, 0.33333333333333337, 14.84688078502027
0.08269680126252528, 0.33333333333333337, 1.3653067067980003
0.12231266878271939, 0.33333333333333337, 13.585825155099277
0.11665655103870155, 0.33333333333333337, 25.596178021156256
0.1541479988825955, 0.33333333333333337, 4.479331600563402
0.12763855468447724, 0.33333333333333337, 12.678008976224927
0.06787940412332183, 0.33333333333333337, 1.0902668236283986
0.16744484535433085, 0.33333333333333337, 3.5458541321367063
0.08447336576897321, 0.33333333333333337, 2.587817506324991
0.13766983800403118, 0.33333333333333337, 1.579353420002142
0.12324203750571452, 0.33333333333333337, 11.144953879877622
0.1276553466456672, 0.33333333333333337, 1.4142006129059979
0.11081200929037777, 0.33333333333333337, 6.313859544063902
0.1517597522550367, 0.33333333333333337, 3.0699704961020684
0.13680647448333755, 0.33333333333333337, 6.575755449168594
0.14663905069384864, 0.33333333333333337, 8.571438024108849
0.1366481324011339, 0.33333333333333337, 11.342122969586024
0.14320280996564105, 0.33333333333333337, 2.4984294165268213
0.10027007740244995, 0.33333333333333337, 5.6540108271277685
0.1186367480064149, 0.33333333333333337, 3.0509369490388014
0.10968607581163892, 0.33333333333333337, 6.1017161679846845
0.12760897657107806, 0.33333333333333337, 0.7111099465869615
0.16519932608714039, 0.33333333333333337, 4.769518790191062
0.14895690652611035, 0.33333333333333337, 7.512268830998179
0.07662582845626384, 0.33333333333333337, 3.556973952041198
0.13532477659248301, 0.33333333333333337, 7.728407083178949
0.10470627711532524, 0.33333333333333337, 3.3154624394748113
0.12165224903010498, 0.33333333333333337, 0.6041936541420774
0.12076231827386263, 0.33333333333333337, 5.58298965696051
0.11991913185512558, 0.33333333333333337, 15.865378041835516
0.0813924736346328, 0.33333333333333337, 5.729459093125559
0.1730196360631736, 0.33333333333333337, 1.169212679617669
0.15994120895784458, 0.33333333333333337, 20.08954656962936
0.1466324927599425, 0.33333333333333337, 0.00157020368934713
0.13612642596218114, 0.33333333333333337, 5.498813575362119
0.10611992029537883, 0.33333333333333337, 12.324122927027787
0.09412521295507818, 0.33333333333333337, 4.7508677126180885
0.07826488391919373, 0.33333333333333337, 10.749225491290895
0.09934103303436338, 0.33333333333333337, 0.1624917739029696
0.13830003104002467, 0.33333333333333337, 14.986801000422165
0.12400777824864033, 0.33333333333333337, 15.38272560731167
0.1117223528572497, 0.33333333333333337, 63.46338956560591
0.0898163942415498, 0.33333333333333337, 21.583487559725555
0.07158836535449972, 0.33333333333333337, 18.591829361553152
0.1112892634988967, 0.33333333333333337, 0.25531464902994305
0.16464860791251706, 0.33333333333333337, 35.6503451188876
0.13235042541614117, 0.33333333333333337, 6.702303445758234
0.10564329559568894, 0.33333333333333337, 4.781861586215434
0.11208458746688922, 0.33333333333333337, 2.1682972087500825
0.12336096879995077, 0.33333333333333337, 2.419184086661792
0.16607032922955212, 0.33333333333333337, 5.027769096055445
0.08996995623043454, 0.33333333333333337, 2.6465073401775454
0.13040375157292977, 0.33333333333333337, 10.215102459301653
0.10612488139369827, 0.33333333333333337, 3.2622208784408775
0.08336996035194431, 0.33333333333333337, 8.609915765590237
0.07699881284408096, 0.33333333333333337, 28.95363839462137
0.12983818792727533, 0.33333333333333337, 0.16419110452780208
0.12074265618437845, 0.33333333333333337, 8.081052880510745
0.12693928916848968, 0.33333333333333337, 5.943090556483549
0.13132933130124416, 0.33333333333333337, 45.14130733235496
0.1168755709502206, 0.33333333333333337, 0.20949915913481668
0.10968236195596008, 0.33333333333333337, 4.8646603521386735
0.11253419969351366, 0.33333333333333337, 12.607285138684698
0.09487108480712386, 0.33333333333333337, 9.897120138262327
0.17285754837258585, 0.33333333333333337, 33.922112325902674
0.11283940368055397, 0.33333333333333337, 0.2278241691814659
0.08289368876043315, 0.33333333333333337, 3.7841918387760916
0.12729864146480607, 0.33333333333333337, 26.627620438317763
0.11538926668260611, 0.33333333333333337, 17.799417378837006
0.1319083397490756, 0.33333333333333337, 0.30753166118585845
0.11241389986793839, 0.33333333333333337, 23.200249299691517
0.12678701201233067, 0.33333333333333337, 23.807757410243276
0.0901958125519387, 0.33333333333333337, 14.518295390310342
0.09469268711540067, 0.33333333333333337, 2.010265284066802
0.10677802382866772, 0.33333333333333337, 54.013814021128994
0.12445389906740538, 0.33333333333333337, 11.326283557809404
0.08860440240342797, 0.33333333333333337, 4.926557723617585
0.10823191027809141, 0.33333333333333337, 20.849816234760652
0.1195068521801295, 0.33333333333333337, 31.42764328857916
0.0915952271853943, 0.33333333333333337, 0.22135856943044552
0.16665032452009398, 0.33333333333333337, 74.61773129825941
0.14828609962529457, 0.33333333333333337, 0.4011271654273288
0.13347455611384246, 0.33333333333333337, 11.276200883811418
0.17756163455233567, 0.33333333333333337, 3.8796224633526077
0.07825992308554876, 0.33333333333333337, 21.047104722914753
0.1018923890220173, 0.33333333333333337, 3.676859615937019
0.11996594565028955, 0.33333333333333337, 2.3519996774316456
0.16858231256477915, 0.33333333333333337, 18.292258113041264
0.09178934033229297, 0.33333333333333337, 6.913831945288078
0.15232266495715824, 0.33333333333333337, 22.659799723289648
0.10835460271372971, 0.33333333333333337, 3.1974621921301436
0.04554921020876006, 0.33333333333333337, 3.6706553799519277
0.14353972967702633, 0.33333333333333337, 9.165743976029043
0.10524428968391043, 0.33333333333333337, 2.234366609242545
0.1814224169568584, 0.33333333333333337, 3.577151684736014
0.07127954160006963, 0.33333333333333337, 8.403106397672358
0.1535390963247017, 0.33333333333333337, 3.7558455675085214
0.13357583314000665, 0.33333333333333337, 4.875300210987373
0.11668930300130329, 0.33333333333333337, 1.670655537399626
0.07929243470652987, 0.33333333333333337, 15.694771413813724
0.11517701739124672, 0.33333333333333337, 4.519074959565222
0.1609670871539404, 0.33333333333333337, 9.252422085817859
0.15564438279234166, 0.33333333333333337, 4.174950630943546
0.12040866008839125, 0.33333333333333337, 6.061352195139254
0.13335078952569931, 0.33333333333333337, 19.928437141719265
0.1316376436924373, 0.33333333333333337, 32.307098664056845
0.09733288727032702, 0.33333333333333337, 0.45404856801825155
0.14189623589628134, 0.33333333333333337, 5.115802719725206
0.12617666160070654, 0.33333333333333337, 4.691963977322147
0.09449459108660359, 0.33333333333333337, 3.092926369854316
0.11296051329419259, 0.33333333333333337, 22.03549651546547
0.14460231191546075, 0.33333333333333337, 0.7564164348893415
0.11871850634230999, 0.33333333333333337, 3.8884149896339095
0.09045730789574431, 0.33333333333333337, 4.206780814364281
0.09094197788194384, 0.33333333333333337, 0.9704119101710199
0.14110931496085835, 0.33333333333333337, 0.1899812094971437
0.1582575446457268, 0.33333333333333337, 1.7229582671532833
0.09726200835298021, 0.33333333333333337, 27.763031177878233
0.1186616793597059, 0.33333333333333337, 5.723784788391531
0.14308561346441, 0.33333333333333337, 16.96108379435422
0.1417632054385079, 0.33333333333333337, 16.206743057128385
0.1294749374183014, 0.33333333333333337, 1.1983598644999556
0.12898234852284268, 0.33333333333333337, 46.2994454513969
0.07860747813452765, 0.33333333333333337, 3.366728202543908
0.08925948298701825, 0.33333333333333337, 1.4140719391197456
0.1075196476457072, 0.33333333333333337, 2.3677789026071423
0.1162493959642609, 0.33333333333333337, 11.634779245821933
0.1609193025102956, 0.33333333333333337, 5.412998096256712
0.0973601551360121, 0.33333333333333337, 0.2257883458682858
0.11027315905176421, 0.33333333333333337, 16.289404215264604
0.16721375335557515, 0.33333333333333337, 20.156278015708633
0.12795803647215798, 0.33333333333333337, 9.780690211903005
0.14318611020025204, 0.33333333333333337, 4.489551864838408
0.13288912795794933, 0.33333333333333337, 13.124542271711139
0.1617924362017973, 0.33333333333333337, 7.156663162254983
0.13638455551122106, 0.33333333333333337, 1.1410362637282356
0.10473015068704417, 0.33333333333333337, 8.745154442502088
0.1534322078829249, 0.33333333333333337, 6.149429644602513
0.0469083006886374, 0.33333333333333337, 3.5348136684366716
0.11788885058179381, 0.33333333333333337, 35.717565491823954
0.10554313806524425, 0.33333333333333337, 24.487725258414912
0.15470325337404414, 0.33333333333333337, 21.14309028858239
0.10370954848969144, 0.33333333333333337, 6.210447747150118
0.12690448071700658, 0.33333333333333337, 14.946280854018402
0.09946579088711964, 0.33333333333333337, 2.6674554870042835
0.15767308810453634, 0.33333333333333337, 13.312510680476757
0.11374727554311537, 0.33333333333333337, 7.379821946667572
0.11789941060518062, 0.33333333333333337, 26.18154817383027
0.1465225126186025, 0.33333333333333337, 16.14703266276382
0.12507002278110863, 0.33333333333333337, 6.491013217407124
0.10940202462570138, 0.33333333333333337, 12.266890796624704
0.1079005194947658, 0.33333333333333337, 2.2032128591100024
0.13045634808365203, 0.33333333333333337, 0.268458825972649
0.1430882470647999, 0.33333333333333337, 33.55713680040944
0.11576296745773773, 0.33333333333333337, 2.0758485394395576
0.12963370674737695, 0.33333333333333337, 16.85694497098473
0.13344608054623935, 0.33333333333333337, 7.881999032652106
0.07300101945929266, 0.33333333333333337, 2.605741243424576
0.12267330232318675, 0.33333333333333337, 0.24093505715230717
0.12194632881617873, 0.33333333333333337, 9.937344543166384
0.100584966024693, 0.33333333333333337, 0.9391004661812516
0.09559178289208967, 0.33333333333333337, 6.371792262423237
0.1417767164315722, 0.33333333333333337, 9.286470108930782
0.0935753166083077, 0.33333333333333337, 7.512858232640779
0.1077715415598468, 0.33333333333333337, 12.348148028814936
0.13652037090242905, 0.33333333333333337, 15.269320283078818
0.14888941265450767, 0.33333333333333337, 22.95563419583362
0.16158095208933354, 0.33333333333333337, 9.994161962555186
0.14315068411382542, 0.33333333333333337, 39.74748600875724
0.08674369261764733, 0.33333333333333337, 1.9687032683290597
0.10656486977452274, 0.33333333333333337, 3.6285236715096887
0.1430206412591068, 0.33333333333333337, 3.7221229417685375
0.09099031253833309, 0.33333333333333337, 5.579456156047327
0.11980081151006258, 0.33333333333333337, 8.175293581121762
0.1261203483591237, 0.33333333333333337, 14.103565018287679
0.06613735257506276, 0.33333333333333337, 6.766748771128464
0.14474721577472793, 0.33333333333333337, 1.058367155308933
0.0994150384579704, 0.33333333333333337, 4.577556575447848
0.18685385508122387, 0.33333333333333337, 12.945856400111712
0.11408371859686008, 0.33333333333333337, 3.9934178496765544
0.1364932494605557, 0.33333333333333337, 0.72589774069496
0.16376621264733543, 0.33333333333333337, 7.089898053260395
0.09857438410759209, 0.33333333333333337, 25.82401647298594
0.15948921562999127, 0.33333333333333337, 16.383383784633914
0.08408461248633978, 0.33333333333333337, 16.36787388998511
0.17367160592019706, 0.33333333333333337, 3.9957221043378266
0.10330835606983195, 0.33333333333333337, 42.6893676602742
0.16381220282698122, 0.33333333333333337, 9.859785459313303
0.13619889021170992, 0.33333333333333337, 2.5592515803962606
0.07837527894226619, 0.33333333333333337, 3.164553721499686
0.16088009067750464, 0.33333333333333337, 9.502121532944084
0.09505803732992887, 0.33333333333333337, 13.208869864501915
0.1616406939606914, 0.33333333333333337, 5.884061048093605
0.07205161351464968, 0.33333333333333337, 4.057766183964624
0.11185471513928669, 0.33333333333333337, 0.0522192888680918
0.12525679025024147, 0.33333333333333337, 6.648764703921823
0.1592598201370334, 0.33333333333333337, 2.034705779970871
0.14380166902763486, 0.33333333333333337, 7.476212543368464
0.11592274094931321, 0.33333333333333337, 1.3894444091153009
0.1320999219457978, 0.33333333333333337, 8.340627201492316
0.14030222308296023, 0.33333333333333337, 33.12088965865091
0.10705905419982963, 0.33333333333333337, 1.8434571063903298
0.1338454010887355, 0.33333333333333337, 13.310383749831052
0.09489467238983101, 0.33333333333333337, 4.068616038582264
0.1640998805530478, 0.33333333333333337, 4.619078690564202
0.17182177631861686, 0.33333333333333337, 3.233738728276275
0.07354835880373423, 0.33333333333333337, 4.8117226197262495
0.17477495253412342, 0.33333333333333337, 24.576324182369174
0.059390214251141986, 0.33333333333333337, 2.8564678811924304
0.11701155015254838, 0.33333333333333337, 2.3611917275937233
0.10061606888610244, 0.33333333333333337, 3.2928743493648316
0.1531627044621953, 0.33333333333333337, 13.141258660298723
0.09964510768251947, 0.33333333333333337, 1.554271959890394
0.15042613244075395, 0.33333333333333337, 1.1906499274808204
0.1318384489359536, 0.33333333333333337, 7.193744239234995
0.17252274940422477, 0.33333333333333337, 7.695915058784895
0.08245338531719575, 0.33333333333333337, 2.1227207730262827
0.07884957625043464, 0.33333333333333337, 8.49630900236499
0.1075964377875817, 0.33333333333333337, 3.8725125144822066
0.1138027602101861, 0.33333333333333337, 84.68199614587623
0.10363851812962993, 0.33333333333333337, 1.9238822561730733
0.15262824762553595, 0.33333333333333337, 0.12539789638202378
0.1690762360943892, 0.33333333333333337, 4.689689034859013
0.18353558726531244, 0.33333333333333337, 12.415249178279087
0.18305948971407282, 0.33333333333333337, 2.2124517046108347
0.11997463210072987, 0.33333333333333337, 1.5845276313282348
0.1294679537631084, 0.33333333333333337, 3.3070147196781274
0.13816894574801308, 0.33333333333333337, 1.3236309103607562
0.13316636580649155, 0.33333333333333337, 2.9011988586868744
0.1399889911855632, 0.33333333333333337, 11.358880569468328
0.06423758050253504, 0.33333333333333337, 20.039868128043786
0.12375062814815843, 0.33333333333333337, 1.6002870262418543
0.10684193816104177, 0.33333333333333337, 4.211075411708923
0.17546332436223705, 0.33333333333333337, 7.161266593058299
0.1334803964124914, 0.33333333333333337, 2.122921270943825
0.08128972549356865, 0.33333333333333337, 4.368834040954954
0.1517267138255184, 0.33333333333333337, 21.416769062182972
0.1513643326734555, 0.33333333333333337, 17.021661806782436
0.0906653171819417, 0.33333333333333337, 20.90557964773394
0.08333616264456156, 0.33333333333333337, 10.224923016954408
0.08049415848326046, 0.33333333333333337, 2.489611961832815
0.1563112994506739, 0.33333333333333337, 28.800686705142894
0.13922571836263586, 0.33333333333333337, 3.2969287577618385
0.047456860315046104, 0.33333333333333337, 3.6513059067870213
0.06813922806091305, 0.33333333333333337, 3.778074396757754
0.10743240704900274, 0.33333333333333337, 67.54944607425794
0.11502337856789435, 0.33333333333333337, 6.3742571605589555
0.07389559804715919, 0.33333333333333337, 20.46088118300302
0.17301352575231202, 0.33333333333333337, 1.8264138999485593
0.10516711463104458, 0.33333333333333337, 0.7388413050780896
0.09701370204760594, 0.33333333333333337, 2.930075075981145
0.10390239270853671, 0.33333333333333337, 11.543351442372435
0.1017600075830121, 0.33333333333333337, 16.475248410438862
0.09881351521352398, 0.33333333333333337, 5.980764992972275
0.09342982878231722, 0.33333333333333337, 7.30142377803027
0.16151853880069164, 0.33333333333333337, 10.90193568722234
0.1492148956810928, 0.33333333333333337, 1.1984682257177484
0.08096081163028429, 0.33333333333333337, 14.537394562363394
0.12941688402165208, 0.33333333333333337, 0.27367962365677734
0.1424672347673337, 0.33333333333333337, 33.126363241155076
0.08656388941460497, 0.33333333333333337, 12.273505068466475
0.12005159905242102, 0.33333333333333337, 3.847255478248192
0.17482448260345437, 0.33333333333333337, 46.10436650860543
0.11999757559006184, 0.33333333333333337, 4.764281021785944
0.09754605888772033, 0.33333333333333337, 8.228721811563549
0.07772207404870587, 0.33333333333333337, 3.616386852355159
0.1502279583535559, 0.33333333333333337, 17.807384349368895
0.16006795523765394, 0.33333333333333337, 20.66490176374026
0.17328946754831986, 0.33333333333333337, 53.983911987931556
0.11026701033309222, 0.33333333333333337, 7.195057745493678
0.16235954995559812, 0.33333333333333337, 34.90584767834412
0.14539667876568096, 0.33333333333333337, 0.19850438212735713
0.12214781474035949, 0.33333333333333337, 36.32706616347461
0.09808855155574542, 0.33333333333333337, 7.1882431583804625
0.12903526460613654, 0.33333333333333337, 18.138975885956995
0.07268067367496935, 0.33333333333333337, 12.73382158036641
0.15177068999862423, 0.33333333333333337, 2.2004522907636104
0.08081478541577528, 0.33333333333333337, 2.6402542120192174
0.12588592459631903, 0.33333333333333337, 18.58194759474342
0.11400683241237841, 0.33333333333333337, 5.631905593229484
0.14180640978540462, 0.33333333333333337, 16.852529865759333
0.08697327592485132, 0.33333333333333337, 8.471384617503595
0.13183386607886358, 0.33333333333333337, 3.369238506741476
0.1286614522600638, 0.33333333333333337, 3.6404330909734237
0.11462370898145254, 0.33333333333333337, 1.9966705955124284
0.0966506185586216, 0.33333333333333337, 1.9927874064576903
0.1308755248322211, 0.33333333333333337, 3.380732286308771
0.16106245114931467, 0.33333333333333337, 3.286832813648722
0.14768831876128283, 0.33333333333333337, 1.231777361865752
0.1722705663312584, 0.33333333333333337, 17.153749921261813
0.06546594834870498, 0.33333333333333337, 14.676744467704154
0.10331894118629054, 0.33333333333333337, 11.413433244881594
0.14722272513283913, 0.33333333333333337, 5.323003186927625
0.19387536636593106, 0.33333333333333337, 7.707982809108107
0.0943322240437927, 0.33333333333333337, 1.714194047433558
0.10437719802225852, 0.33333333333333337, 4.76476981763758
0.084092578681636, 0.33333333333333337, 10.925839669309479
0.09881400768049947, 0.33333333333333337, 0.09596003935196422
0.09337982040326054, 0.33333333333333337, 1.080464043321631
0.11945946516775474, 0.33333333333333337, 10.722131425967902
0.11181222679135366, 0.33333333333333337, 0.5597329920926016
0.11259478481365211, 0.33333333333333337, 1.693666496098554
0.14878673515924523, 0.33333333333333337, 6.168312995849242
0.12612044387671498, 0.33333333333333337, 0.7825739789381092
0.09309002174693454, 0.33333333333333337, 8.51759410669452
0.07910023697594018, 0.33333333333333337, 9.408942770972246
0.0655588347796169, 0.33333333333333337, 12.867442721834433
0.11129437692180606, 0.33333333333333337, 11.690343108862312
0.08927275407965261, 0.33333333333333337, 8.737364406171057
0.12549206357836606, 0.33333333333333337, 5.720549415525966
0.0904860889364194, 0.33333333333333337, 4.112055884107213
0.125594990704203, 0.33333333333333337, 1.4454566013082761
0.06710473259668928, 0.33333333333333337, 18.26666363286896
0.13890738349604395, 0.33333333333333337, 2.329256484378091
0.12924319861394948, 0.33333333333333337, 10.25079280823339
0.11629425152457926, 0.33333333333333337, 4.7551648084431015
0.14291228507797285, 0.33333333333333337, 10.206210755744953
0.1777679113789481, 0.33333333333333337, 13.567585583467327
0.09323334805242126, 0.33333333333333337, 3.099119668115378
0.15848108878384853, 0.33333333333333337, 8.45909562033448
0.11342382762036625, 0.33333333333333337, 1.7103742119628775
0.1091369421584747, 0.33333333333333337, 3.1589318797090566
0.160155259939056, 0.33333333333333337, 1.451861172742436
0.13997615538863406, 0.33333333333333337, 3.6683887724579414
0.14801800909163088, 0.33333333333333337, 21.75913704890376
0.0873400629602774, 0.33333333333333337, 13.107862965408419
0.14965722963369166, 0.33333333333333337, 14.74967250818225
0.12677247889645665, 0.33333333333333337, 9.634226721917651
0.12132128156652995, 0.33333333333333337, 1.0776046139838493
0.07777051895950027, 0.33333333333333337, 4.497402516605941
0.14384025408462253, 0.33333333333333337, 2.443873013976757
0.0989906803640819, 0.33333333333333337, 9.772970691860873
0.07873728824529841, 0.33333333333333337, 3.264959295965267
0.13162020357349669, 0.33333333333333337, 0.0459053381763829
0.1321743960125741, 0.33333333333333337, 6.1154668406212656
0.15461214118973532, 0.33333333333333337, 9.347551209663298
0.10169350211802952, 0.33333333333333337, 56.4515475200676
0.15391278329917957, 0.33333333333333337, 2.2434498678402277
0.09032909061386296, 0.33333333333333337, 2.565186781961327
0.1489302992257684, 0.33333333333333337, 13.250437082784488
0.12705755908682012, 0.33333333333333337, 23.046022593730953
0.09564485866127304, 0.33333333333333337, 18.72876985502422
0.16783807061285824, 0.33333333333333337, 1.4971262081648482
0.16570438756510242, 0.33333333333333337, 14.557466128793509
0.15973643195905707, 0.33333333333333337, 20.67407722257089
0.14400405765668717, 0.33333333333333337, 9.504985161508738
0.16702188028584125, 0.33333333333333337, 16.264965230471024
0.08136701824801842, 0.33333333333333337, 29.58681603325559
0.1010964167273633, 0.33333333333333337, 7.733595733187687
0.12865949468534815, 0.33333333333333337, 7.291152082448719
0.14557485139217993, 0.33333333333333337, 11.63621895060136
0.12869269697190094, 0.33333333333333337, 2.6750125011235353
0.16798436882087686, 0.33333333333333337, 15.383716707265709
0.10706495412161754, 0.33333333333333337, 6.88405643913972
0.06798907765956413, 0.33333333333333337, 0.3905191744640075
0.12507539994865816, 0.33333333333333337, 12.009481193287817
0.09116125951665485, 0.33333333333333337, 27.018437582867872
0.13546812704105238, 0.33333333333333337, 2.609115510333044
0.05549903144444554, 0.33333333333333337, 3.7049949532056434
0.13188722314602203, 0.33333333333333337, 2.0445303122837992
0.09686867906369458, 0.33333333333333337, 11.45355980327342
0.10569014830225174, 0.33333333333333337, 2.6226841890401955
0.10317104562767268, 0.33333333333333337, 1.2861772688198936
0.11227119701351482, 0.33333333333333337, 0.7663990251029628
0.14968370056088973, 0.33333333333333337, 7.53285961957742
0.13196594802602593, 0.33333333333333337, 15.156029706259146
0.07550527645467331, 0.33333333333333337, 8.606763764760233
0.10505786907312414, 0.33333333333333337, 35.92469201583375
0.1893932442558464, 0.33333333333333337, 6.825021296258103
0.07252629381007675, 0.33333333333333337, 17.426184519838202
0.09045805128719764, 0.33333333333333337, 4.717803067178441
0.08336226563036317, 0.33333333333333337, 3.3285355137003307
0.09987730616934987, 0.33333333333333337, 20.327318982199202
0.13849948088238678, 0.33333333333333337, 8.094399859141976
0.11484091574312595, 0.33333333333333337, 12.230624933033557
0.15155520608021936, 0.33333333333333337, 2.9399826930469124
0.1172085455336091, 0.33333333333333337, 3.2395120245935405
0.1279003233719004, 0.33333333333333337, 31.75188962319149
0.07850437681729311, 0.33333333333333337, 13.788887230464319
0.14362668635883813, 0.33333333333333337, 5.917152406555931
0.0808893529317484, 0.33333333333333337, 8.722837160499934
0.07315440998327744, 0.33333333333333337, 13.213106444906629
0.1423114986554257, 0.33333333333333337, 11.86053545454082
0.1160163146745498, 0.33333333333333337, 1.5846868300723138
0.09743335162808156, 0.33333333333333337, 10.25494129529985
0.13597584626722212, 0.33333333333333337, 3.5449652096056186
0.13805056982051267, 0.33333333333333337, 32.12488203395858
0.15114802352132461, 0.33333333333333337, 3.169259318682749
0.13391612511436785, 0.33333333333333337, 8.311738615137791
0.1361252610341006, 0.33333333333333337, 29.56181878059335
0.0915838913022389, 0.33333333333333337, 12.920801844863638
0.15333122927548043, 0.33333333333333337, 20.849279229597645
0.12043637220738215, 0.33333333333333337, 3.0954035285311092
0.07192667477492824, 0.33333333333333337, 9.303055653568586
0.15120965766974548, 0.33333333333333337, 41.871984117386184
0.14372926698341532, 0.33333333333333337, 6.318173517202369
0.115071828676859, 0.33333333333333337, 9.889158761926055
0.08868676831971298, 0.33333333333333337, 0.528735454395432
0.08623187114202455, 0.33333333333333337, 5.8215620331355
0.11074699156629234, 0.33333333333333337, 7.944166160380029
0.13885316536957618, 0.33333333333333337, 2.9038724038929877
0.14718273991686148, 0.33333333333333337, 0.14658422566610704
0.11560618847155696, 0.33333333333333337, 19.34368121425394
0.14105847148427703, 0.33333333333333337, 2.4691852139665067
0.12059588584044396, 0.33333333333333337, 0.1340522149238979
0.09757180934797907, 0.33333333333333337, 1.0462837801980003
0.09303995565825449, 0.33333333333333337, 1.5552516795566647
0.1439786825990531, 0.33333333333333337, 14.845621477377858
0.0806814271723586, 0.33333333333333337, 13.693879907328995
0.07955403487751739, 0.33333333333333337, 5.477305910474789
0.10314115896387668, 0.33333333333333337, 16.73559991018961
0.174450389440543, 0.33333333333333337, 6.251250022151641
0.15282057691717726, 0.33333333333333337, 4.831066866879826
0.13241257064465176, 0.33333333333333337, 6.974662247404095
0.09534195609716622, 0.33333333333333337, 3.051374509851039
0.1066968711320514, 0.33333333333333337, 9.404710604700444
0.09486547663147549, 0.33333333333333337, 1.3001549650251483
0.11190129765872305, 0.33333333333333337, 10.034101767348734
0.07969657303267715, 0.33333333333333337, 7.966201856409681
0.07318030011116382, 0.33333333333333337, 0.19887419563326295
0.08027498536985297, 0.33333333333333337, 6.060019809269451
0.120046167764353, 0.33333333333333337, 6.005517400023932
0.11538718905929224, 0.33333333333333337, 9.898259058241711
0.11318863744227413, 0.33333333333333337, 7.997145526060943
0.0740159348372865, 0.33333333333333337, 13.058595520207838
0.10502733669566962, 0.33333333333333337, 16.293090746191925
0.11225490911013851, 0.33333333333333337, 4.526823785307929
0.12143852149793902, 0.33333333333333337, 8.859308059987645
0.11085962819600743, 0.33333333333333337, 5.245614389679819
0.10946986858618417, 0.33333333333333337, 5.0923403690613895
0.12647690998204483, 0.33333333333333337, 5.018901224099064
0.07429667447328579, 0.33333333333333337, 2.4249039635782523
0.15177916875591002, 0.33333333333333337, 7.866205795922862
0.13537741105514225, 0.33333333333333337, 1.7200957827284347
0.07871435734429696, 0.33333333333333337, 8.401284458929585
0.13315938444929515, 0.33333333333333337, 13.226110450788065
0.11055826317045626, 0.33333333333333337, 3.344970907681042
0.11446038137281073, 0.33333333333333337, 12.73597415259665
0.09340344840726635, 0.33333333333333337, 11.242928598596635
0.10835217382731539, 0.33333333333333337, 6.88431207222258
0.13099935408575394, 0.33333333333333337, 12.115582966684158
0.13283677979109582, 0.33333333333333337, 1.0467890988899629
0.11580662231671743, 0.33333333333333337, 10.038171946960867
0.13872951383110416, 0.33333333333333337, 14.187504924177041
0.17259404488348673, 0.33333333333333337, 14.496928236329866
0.1689747684272901, 0.33333333333333337, 19.972503875281912
0.1575286817567782, 0.33333333333333337, 0.6478003489694045
0.20495249352982117, 0.33333333333333337, 5.776896964887805
0.1216037722911069, 0.33333333333333337, 8.693204452406293
0.11553172388022837, 0.33333333333333337, 2.132241143122022
0.14045304040350975, 0.33333333333333337, 4.0070949518624825
0.118389182629458, 0.33333333333333337, 5.914869018471898
0.09985267439924568, 0.33333333333333337, 2.686755286401198
0.08789569344977564, 0.33333333333333337, 7.101782678409155
0.09912540446103, 0.33333333333333337, 4.30352553071361
0.04574979707460193, 0.33333333333333337, 23.17493173413827
0.21063431746298847, 0.33333333333333337, 14.866811640718119
0.17720214392678968, 0.33333333333333337, 31.72937455354
0.1497743488804517, 0.33333333333333337, 5.219708022107943
0.11911090727219806, 0.33333333333333337, 1.6511683542188882
0.1399224688449789, 0.33333333333333337, 9.895971448888702
0.10480731189822744, 0.33333333333333337, 18.253628926219715
0.11946689382489983, 0.33333333333333337, 4.082349516883903
0.17580823714883542, 0.33333333333333337, 1.9162484150551669
0.1015049367856932, 0.33333333333333337, 24.851377676856874
0.12707032492726766, 0.33333333333333337, 15.468615676420836
0.1094025176862556, 0.33333333333333337, 0.5445797590136818
0.1452026149553814, 0.33333333333333337, 8.84549681235088
0.07388372050688866, 0.33333333333333337, 26.77491072544458
0.11603427079442447, 0.33333333333333337, 2.02420482983476
0.11289230294305247, 0.33333333333333337, 10.922253915355226
0.14030069068109588, 0.33333333333333337, 23.720013474203554
0.14508077292715035, 0.33333333333333337, 0.7798476072391813
0.1307724959624995, 0.33333333333333337, 8.730345708805705
0.17263662290090187, 0.33333333333333337, 5.426888493570454
0.1270930068933122, 0.33333333333333337, 7.454288284480407
0.12645295606895934, 0.33333333333333337, 1.6491719260528543
0.11196413664325573, 0.33333333333333337, 18.352264813158428
0.08992635983740283, 0.33333333333333337, 10.4527208746842
0.12965034574559858, 0.33333333333333337, 7.672381020164365
0.15559109089117318, 0.33333333333333337, 2.2887019154141086
0.09390635158791884, 0.33333333333333337, 8.752746327347452
0.08957253822173673, 0.33333333333333337, 10.121215514182312
0.0981451281765043, 0.33333333333333337, 4.754778986598963
0.14860214047500592, 0.33333333333333337, 3.086355164118321
0.09301778821940448, 0.33333333333333337, 2.614666849365961
0.11650332328490556, 0.33333333333333337, 26.801917992992827
0.06434931901224926, 0.33333333333333337, 3.7251673419128197
0.09882041414179554, 0.33333333333333337, 1.2185454104923368
0.10966967233399996, 0.33333333333333337, 7.6828845230860985
0.16978482179510201, 0.33333333333333337, 4.089661385440347
0.14803732062814862, 0.33333333333333337, 1.2186895154658788
0.1327654090448593, 0.33333333333333337, 6.9739366407988
0.11850317572048989, 0.33333333333333337, 1.4239274815316383
0.14571471513182263, 0.33333333333333337, 2.755630950140091
0.060187677887253724, 0.33333333333333337, 0.43666533686800185
0.1312766182377771, 0.33333333333333337, 7.8673556270009355
0.07152477755838646, 0.33333333333333337, 2.1501466573052133
0.12489380373334998, 0.33333333333333337, 8.802791937989802
0.2052306372636926, 0.33333333333333337, 24.696800418192193
0.1623685821672842, 0.33333333333333337, 5.207054946127078
0.13871015128766487, 0.33333333333333337, 11.665110296242101
0.030006441892371893, 0.33333333333333337, 18.608733978128694
0.07041695577715762, 0.33333333333333337, 7.146093175812067
0.10035149077491984, 0.33333333333333337, 0.1573065371235686
0.16086967105872504, 0.33333333333333337, 12.799560816212976
0.1037825695806322, 0.33333333333333337, 23.15580896084371
0.10835225862673911, 0.33333333333333337, 4.018332064409121
0.14166171929572968, 0.33333333333333337, 12.750639353803942
0.1508753534112217, 0.33333333333333337, 23.846368506790654
0.10123448532158368, 0.33333333333333337, 8.286085547009483
0.14413752111748848, 0.33333333333333337, 9.563110312971823
0.0994800311079064, 0.33333333333333337, 6.828725100015758
0.14204788122132608, 0.33333333333333337, 10.60889031214929
0.11925074575642254, 0.33333333333333337, 9.015236597183929
0.13624137818877805, 0.33333333333333337, 10.659493152484375
0.11278743543236398, 0.33333333333333337, 19.03491263877737
0.07714684609389665, 0.33333333333333337, 23.635530853681733
0.11371630892312838, 0.33333333333333337, 10.218677870518484
0.13923189919389428, 0.33333333333333337, 17.081967741401506
0.11781840927105991, 0.33333333333333337, 11.400715349635165
0.15549845737729512, 0.33333333333333337, 3.8687096009536592
0.14490900089988704, 0.33333333333333337, 3.1968491076219907
0.11638801050027368, 0.33333333333333337, 3.4732654405437406
0.12101624028647512, 0.33333333333333337, 8.405909717354948
0.11346701194233369, 0.33333333333333337, 1.8179259154290317
0.10144301552844212, 0.33333333333333337, 23.586894751016914
0.0819035601632001, 0.33333333333333337, 20.30036431478864
0.12318707475243885, 0.33333333333333337, 12.950456466351703
0.14884682329274368, 0.33333333333333337, 7.023215638355254
0.09257421899023968, 0.33333333333333337, 35.98728880715705
0.16339622343397997, 0.33333333333333337, 0.7685955635294324
0.09021661045021678, 0.33333333333333337, 3.6900186316758257
0.17301790413928966, 0.33333333333333337, 15.70798475320987
0.12360277900704882, 0.33333333333333337, 5.343952127206738
0.09971868098159017, 0.33333333333333337, 19.31766571803221
0.10981202506795594, 0.33333333333333337, 2.6097227590533896
0.15977918453485815, 0.33333333333333337, 3.060935922490355
0.09382415119815987, 0.33333333333333337, 0.4738257851445348
0.12963168747747272, 0.33333333333333337, 5.128289296557278
0.12092023466406343, 0.33333333333333337, 8.907650244910872
0.1255068520211528, 0.33333333333333337, 4.153842922117255
0.1296070987273683, 0.33333333333333337, 6.4989117083852985
0.1433857443040396, 0.33333333333333337, 5.459777278044008
0.1161965087052985, 0.33333333333333337, 19.97356736942396
0.12818414197941547, 0.33333333333333337, 9.107273441258165
0.12929661460029024, 0.33333333333333337, 3.5099676578533696
0.15201809039565295, 0.33333333333333337, 13.91697177006754
0.09785282919672336, 0.33333333333333337, 3.823978069177273
0.18056563602104614, 0.33333333333333337, 18.642247504293156
0.1500703086210737, 0.33333333333333337, 13.733237135770807
0.12328181738107616, 0.33333333333333337, 18.673008853416473
0.09551834817934605, 0.33333333333333337, 26.642346296690338
0.17707875915283058, 0.33333333333333337, 3.8162036075784163
0.12470270449453123, 0.33333333333333337, 1.8514082696342449
0.15831685769731435, 0.33333333333333337, 5.306802342801887
0.10893293498408792, 0.33333333333333337, 3.414565340788702
0.12358323497302438, 0.33333333333333337, 11.967707025801834
0.1457845179866337, 0.33333333333333337, 7.368281431051621
0.08619883773541198, 0.33333333333333337, 3.2466704655341263
0.09523048710530536, 0.33333333333333337, 19.050444770064896
0.18097397364911882, 0.33333333333333337, 28.12520233265633
0.1503202501521303, 0.33333333333333337, 7.798033872874897
0.12519086714472777, 0.33333333333333337, 7.736294600979067
0.12087310768662399, 0.33333333333333337, 1.788217266266128
0.12329889425168894, 0.33333333333333337, 11.107381469595925
0.11409371668758599, 0.33333333333333337, 5.692961223524238
0.1017753051338169, 0.33333333333333337, 0.37630125916365864
0.0742503144602962, 0.33333333333333337, 25.708893892574082
0.14159565330352453, 0.33333333333333337, 1.9174514167456842
0.1409028665336106, 0.33333333333333337, 0.9313593953216311
0.08880697510373536, 0.33333333333333337, 4.128556242274896
0.13946456372339924, 0.33333333333333337, 1.5922597689680371
0.1157589550536308, 0.33333333333333337, 4.370487845555204
0.12332564270907531, 0.33333333333333337, 10.341635717982035
0.13710396123239413, 0.33333333333333337, 2.2404102103545886
0.1736806068352844, 0.33333333333333337, 7.021468855157931
0.14334044024577386, 0.33333333333333337, 7.0501555601831996
0.07858025435243805, 0.33333333333333337, 12.034288575285396
0.1274520915524317, 0.33333333333333337, 4.266274726758668
0.13662853427370808, 0.33333333333333337, 8.041342566159503
0.14787169833877978, 0.33333333333333337, 5.193080777931541
0.11872642950221578, 0.33333333333333337, 17.314813980030817
0.11517268875791314, 0.33333333333333337, 1.5985402273296794
0.0890740043214808, 0.33333333333333337, 32.68842112219394
0.11284639338493274, 0.33333333333333337, 0.4910636874747506
0.11725069811575468, 0.33333333333333337, 7.271995087049873
0.12127567536821861, 0.33333333333333337, 4.911663903604314
0.0844008061433646, 0.33333333333333337, 9.091921855991231
0.09045239329138825, 0.33333333333333337, 24.02288970843603
0.16217794968259844, 0.33333333333333337, 1.2349660831964273
0.09552580657633782, 0.33333333333333337, 0.28634214200265323
0.12629441804934327, 0.33333333333333337, 14.823805739736214
0.09889020679209681, 0.33333333333333337, 2.18709477862493
0.14190249445759132, 0.33333333333333337, 2.691016025360056
0.15561591962478816, 0.33333333333333337, 10.794200584476751
0.05792896313930217, 0.33333333333333337, 13.312032724520568
0.11547333353821847, 0.33333333333333337, 9.583671576936927
0.13338806573083087, 0.33333333333333337, 25.49298191575187
0.1258328938178631, 0.33333333333333337, 3.820879780226904
0.08500978364520845, 0.33333333333333337, 7.718188455304906
0.1079638913902958, 0.33333333333333337, 1.0596878634974571
0.11238539783137776, 0.33333333333333337, 0.3648036445972213
0.13064209192859294, 0.33333333333333337, 2.5692950787778543
0.10970834139732213, 0.33333333333333337, 20.34790599459804
0.10108059222063107, 0.33333333333333337, 18.283174452886072
0.12370467364459721, 0.33333333333333337, 12.973766001209516
0.11678795989480571, 0.33333333333333337, 0.09065029546693167
0.1189455924844112, 0.33333333333333337, 14.473418465829795
0.0815203156921531, 0.33333333333333337, 3.7993464957361747
0.12247720280677335, 0.33333333333333337, 68.13341204453302
0.12035737827333798, 0.33333333333333337, 3.7648264316990745
0.1799653266640974, 0.33333333333333337, 8.677306968507144
0.08594382373746406, 0.33333333333333337, 3.990771752955299
0.08544604407226158, 0.33333333333333337, 5.688587838562219
0.092976238351376, 0.33333333333333337, 63.665728042722684
0.1068931484355768, 0.33333333333333337, 6.560019293135552
0.10667271873575641, 0.33333333333333337, 8.922572080684315
0.08633794027173985, 0.33333333333333337, 0.3712682586002317
0.11990692762900612, 0.33333333333333337, 7.87328347703354
0.14651201786680917, 0.33333333333333337, 6.244845950724004
0.1452156130208877, 0.33333333333333337, 10.998984055734523
0.1199584706218392, 0.33333333333333337, 4.987388927827566
0.1284910919162569, 0.33333333333333337, 7.419035025561243
0.12285202544272257, 0.33333333333333337, 2.1410874817365775
0.14626470981651862, 0.33333333333333337, 0.30977228616311037
0.15539059501165467, 0.33333333333333337, 4.106388833400571
0.12865353882323854, 0.33333333333333337, 32.06679728251145
0.13176354531816573, 0.33333333333333337, 22.98661339097157
0.11860536933785223, 0.33333333333333337, 12.619861142878891
0.1380297749084045, 0.33333333333333337, 4.383665363536338
0.11548567601114401, 0.33333333333333337, 7.364425686399503
0.1243635057149227, 0.33333333333333337, 0.2945587118981314
0.12396429042226954, 0.33333333333333337, 0.6182697547519224
0.07499908196711544, 0.33333333333333337, 5.650365880663376
0.10813164721173024, 0.33333333333333337, 6.929787278331938
0.11083590671992426, 0.33333333333333337, 5.623862153790725
0.1454318795423989, 0.33333333333333337, 3.229054584515215
0.13364311001183385, 0.33333333333333337, 11.732323496768345
0.12210836285138804, 0.33333333333333337, 17.70502876598477
0.10750561406107062, 0.33333333333333337, 14.862114614075644
0.14035213561342708, 0.33333333333333337, 43.02032352975264
0.08590186424254603, 0.33333333333333337, 36.899132450717794
0.17767749498054175, 0.33333333333333337, 3.7360056960537893
0.09492274957946525, 0.33333333333333337, 0.4483718328120575
0.1097652472142236, 0.33333333333333337, 6.058610483424688
0.1378798534641473, 0.33333333333333337, 4.412185601140424
0.12483439822563455, 0.33333333333333337, 18.97532399381075
0.06953039249443378, 0.33333333333333337, 1.3246843504291457
0.13248735427666547, 0.33333333333333337, 16.092745662972515
0.15912231255516765, 0.33333333333333337, 8.815319506938655
0.13718067683845875, 0.33333333333333337, 18.773047894919937
0.12385082753578534, 0.33333333333333337, 1.0920955462939812
0.1067736789145221, 0.33333333333333337, 3.6820155592257273
0.10191696178403993, 0.33333333333333337, 8.797176040493524
0.1389571891113131, 0.33333333333333337, 29.5195381884796
0.0742440633405855, 0.33333333333333337, 15.02152403570242
0.11564645933106875, 0.33333333333333337, 2.565027111477072
0.1047761627997563, 0.33333333333333337, 13.456452472986978
0.08591530700542568, 0.33333333333333337, 6.777431256320829
0.11066194809752354, 0.33333333333333337, 13.147654067245108
0.14694507040373425, 0.33333333333333337, 6.662606705678526
0.11238681170728788, 0.33333333333333337, 10.318102041597195
0.14748790618224486, 0.33333333333333337, 4.031775722931806
0.18595479380883762, 0.33333333333333337, 12.396601269593774
0.10253044951082069, 0.33333333333333337, 25.10773618929595
0.11269304878576891, 0.33333333333333337, 1.872239008257717
0.10733829060572235, 0.33333333333333337, 3.4249049917469767
0.10055858378349916, 0.33333333333333337, 1.3379201458234597
0.08703917525782176, 0.33333333333333337, 25.208231816118065
0.14462224336896892, 0.33333333333333337, 7.3488509342722175
0.10209901380155738, 0.33333333333333337, 2.028563663831615
0.2151754052761261, 0.33333333333333337, 11.113773365761922
0.11964082861465179, 0.33333333333333337, 15.049744085966056
0.1238046559015692, 0.33333333333333337, 2.3031917033407687
0.12230062546310155, 0.33333333333333337, 7.405344655920528
0.11450022236773409, 0.33333333333333337, 14.465461939294105
0.1252981328684443, 0.33333333333333337, 3.761712946944146
0.14778582510977442, 0.33333333333333337, 15.163189063103106
0.16710294371302642, 0.33333333333333337, 1.6164359107545685
0.08839334854609235, 0.33333333333333337, 13.131317589651925
0.10686643475470628, 0.33333333333333337, 2.767110388907579
0.10976337878018314, 0.33333333333333337, 3.1249183412732116
0.1250334125439396, 0.33333333333333337, 6.876538210735324
0.11623664141090558, 0.33333333333333337, 4.399872839953216
0.07846342788285984, 0.33333333333333337, 19.160065992852868
0.11993363430467266, 0.33333333333333337, 15.427044250277545
0.14019218190891866, 0.33333333333333337, 13.3448346850135
0.1502895097760354, 0.33333333333333337, 11.254747264465982
0.12345338532967637, 0.33333333333333337, 4.001969975116992
0.11501227659410153, 0.33333333333333337, 8.188821411157186
0.12564560762511937, 0.33333333333333337, 22.054334652442858
0.15993513502661852, 0.33333333333333337, 14.695909174173114
0.10882622314615373, 0.33333333333333337, 1.7005212588292034
0.14703615718773938, 0.33333333333333337, 5.575326951312785
0.0889940553224337, 0.33333333333333337, 40.05626128833203
0.0958073364753892, 0.33333333333333337, 13.123332636910124
0.06627456553199904, 0.33333333333333337, 50.422341217589775
0.11897781056054255, 0.33333333333333337, 41.767542824140115
0.11389285440962768, 0.33333333333333337, 26.508695267638284
0.127650107599996, 0.33333333333333337, 8.141496165810432
0.16351153059942752, 0.33333333333333337, 0.10720593838235791
0.09832433149176031, 0.33333333333333337, 27.422014093411807
0.10418442696437616, 0.33333333333333337, 10.406546359119673
0.15616115186084684, 0.33333333333333337, 7.761825313046708
0.15885807886010397, 0.33333333333333337, 11.20715747783751
0.13552645996539303, 0.33333333333333337, 3.8401979399531747
0.12358224946512693, 0.33333333333333337, 1.164096330437804
0.14949571679350082, 0.33333333333333337, 6.730150867283158
0.13567881193151596, 0.33333333333333337, 3.5526487885862883
0.14967435382952612, 0.33333333333333337, 3.7494966264429013
0.1299994338543612, 0.33333333333333337, 8.063153657994757
0.15611468776624493, 0.33333333333333337, 19.007710472179824
0.10836006894746407, 0.33333333333333337, 19.439302733472903
0.08432355432665724, 0.33333333333333337, 18.19847793680801
0.1548834936163331, 0.33333333333333337, 37.30217488655612
0.11019034221755034, 0.33333333333333337, 22.5849020650691
0.15134629309360453, 0.33333333333333337, 9.380916249912211
0.16630215079226715, 0.33333333333333337, 3.221459019198998
0.11621977594533353, 0.33333333333333337, 5.254641276959699
0.14499967231464045, 0.33333333333333337, 5.811227757446747
0.11786562133061457, 0.33333333333333337, 2.8126398287466694
0.10005195701583966, 0.33333333333333337, 4.817457453374197
0.12419796711648998, 0.33333333333333337, 5.750087108898125
0.17576841062931875, 0.33333333333333337, 11.915878984673384
0.1458651028564337, 0.33333333333333337, 13.298713181069848
0.1916962150446119, 0.33333333333333337, 8.855346669279992
0.15399645221333394, 0.33333333333333337, 3.564552506178299
0.12579309765675345, 0.33333333333333337, 2.8299124749394338
0.13376757460220684, 0.33333333333333337, 1.8628962771620863
0.11473470305701661, 0.33333333333333337, 1.0082229912708796
0.13783178122588244, 0.33333333333333337, 2.7104369845361878
0.1510554288796936, 0.33333333333333337, 10.937815537167513
0.12118247977573865, 0.33333333333333337, 3.666491131470959
0.15348189350955221, 0.33333333333333337, 2.5740215291302717
0.09123814249237779, 0.33333333333333337, 41.104395847783145
0.11449758364301038, 0.33333333333333337, 10.779381188070946
0.13165248779080557, 0.33333333333333337, 20.238121198956012
0.07810885986405759, 0.33333333333333337, 3.5477468955777196
0.12656953085972025, 0.33333333333333337, 20.545544938630727
0.060710302432476805, 0.33333333333333337, 1.923068141797605
0.08225239936331571, 0.33333333333333337, 7.762594278542418
0.09918161163672716, 0.33333333333333337, 7.384342834008547
0.11339030731160328, 0.33333333333333337, 19.014690926996103
0.07068192589970826, 0.33333333333333337, 3.347092912922984
0.1323917777454706, 0.33333333333333337, 0.9254831854743708
0.10424016070365749, 0.33333333333333337, 25.212090199589568
0.14834756970284635, 0.33333333333333337, 0.0008803851881809036
0.16728142107285351, 0.33333333333333337, 8.434433161602886
0.1082981143268463, 0.33333333333333337, 7.717091128332586
0.09693429618001391, 0.33333333333333337, 3.5594084220407742
0.13338140553467728, 0.33333333333333337, 8.460640388648907
0.1386108816753312, 0.33333333333333337, 19.861172144170666
0.09147760767506843, 0.33333333333333337, 5.318154259441503
0.042400070988711486, 0.33333333333333337, 1.873823707949698
0.15977826936265968, 0.33333333333333337, 61.20564658902538
0.07564144876070085, 0.33333333333333337, 42.18150290944893
0.12033311593402544, 0.33333333333333337, 2.254074431157285
0.08202870381562255, 0.33333333333333337, 2.7618180629778104
0.077175193633507, 0.33333333333333337, 7.48183214019087
0.1576301694084955, 0.33333333333333337, 0.3925023389591492
0.1096167769468941, 0.33333333333333337, 8.391705540179075
0.12162915024972601, 0.33333333333333337, 1.1296972906159346
0.11330091305353096, 0.33333333333333337, 4.9548483768034295
0.1291971447819241, 0.33333333333333337, 8.67538979425205
0.07754006452240308, 0.33333333333333337, 4.707544254556814
0.08108602619571767, 0.33333333333333337, 5.248607693953097
0.17939440017810487, 0.33333333333333337, 1.3193436831965721
0.11449010314518956, 0.33333333333333337, 20.969586146000314
0.12744907273698725, 0.33333333333333337, 1.8984610394883488
0.12358903812298486, 0.33333333333333337, 2.8942131397165616
0.1112833847467082, 0.33333333333333337, 3.189214068694943
0.08809905813604052, 0.33333333333333337, 20.720970092757625
0.05873382920321669, 0.33333333333333337, 36.18635675566157
0.09256866141785057, 0.33333333333333337, 23.029166625224885
0.07336530432118606, 0.33333333333333337, 6.8421653831719444
0.14738251162714658, 0.33333333333333337, 11.322878249149294
0.12334596683631892, 0.33333333333333337, 7.364351713667955
0.19446263978130546, 0.33333333333333337, 4.384103040761992
0.10503815609098185, 0.33333333333333337, 13.307962544347335
0.15553262914293686, 0.33333333333333337, 8.092565877784898
0.11030118191850598, 0.33333333333333337, 9.998330834642497
0.20888159197672307, 0.33333333333333337, 44.742030933795746
0.1368465039985721, 0.33333333333333337, 2.42702795456468
0.14225384664346172, 0.33333333333333337, 1.0480408376265768
0.11937452408586627, 0.33333333333333337, 20.20493491584855
0.07056277646424493, 0.33333333333333337, 3.0222105818273493
0.0771355600806261, 0.33333333333333337, 1.1128980339524506
0.13019729640671884, 0.33333333333333337, 12.918484418634668
0.13469036394003508, 0.33333333333333337, 4.3714633412404424
0.08124718770096084, 0.33333333333333337, 6.065774641513571
0.13026336793377624, 0.33333333333333337, 1.5452013247118221
0.061532246405254176, 0.33333333333333337, 7.203010526984057
0.13312277597048183, 0.33333333333333337, 9.741611668061205
0.16090889346966666, 0.33333333333333337, 1.4770031552919758
0.0948647922561124, 0.33333333333333337, 6.152405643500372
0.1349431792310821, 0.33333333333333337, 0.8587892201915934
0.1297487400952831, 0.33333333333333337, 8.948664103609232
0.13392957645279396, 0.33333333333333337, 33.00420459120872
0.10474258477597842, 0.33333333333333337, 6.737813323448867
0.09239222027102728, 0.33333333333333337, 3.5696245764033088
0.10146144384246306, 0.33333333333333337, 2.9099266025611352
0.11405522044903484, 0.33333333333333337, 10.617468733893373
0.14072018437799735, 0.33333333333333337, 9.840635982000464
0.11230947951120723, 0.33333333333333337, 29.53790199090796
0.13007010759917614, 0.33333333333333337, 34.885484419196445
0.10490386551324676, 0.33333333333333337, 4.487261581954469
0.13306241909521335, 0.33333333333333337, 9.187561259049346
0.08527230383283557, 0.33333333333333337, 13.178331655370974
0.12115646371359631, 0.33333333333333337, 8.30915614595191
0.08854721811421733, 0.33333333333333337, 6.804280826607618
0.1592963201978917, 0.33333333333333337, 15.630324425700627
0.11938939206711775, 0.33333333333333337, 26.018170438921146
0.1382570609755552, 0.33333333333333337, 12.317654664131966
0.1179124094806188, 0.33333333333333337, 6.683171451432236
0.11467208784368713, 0.33333333333333337, 13.046293351896127
0.13187982346813348, 0.33333333333333337, 18.83542470380493
0.14362907750568538, 0.33333333333333337, 3.7065688066148654
0.13088425762872777, 0.33333333333333337, 15.659080014420775
0.11626747956637172, 0.33333333333333337, 12.911167744021338
0.09912981777346569, 0.33333333333333337, 1.5605448556249266
0.13150780637797202, 0.33333333333333337, 11.43452309126569
0.1495915872890173, 0.33333333333333337, 11.973591644692982
0.1572594463997683, 0.33333333333333337, 17.807302712345724
0.15335630467066744, 0.33333333333333337, 3.641015052345886
0.07761545214654206, 0.33333333333333337, 22.995877534342174
0.07681116652629176, 0.33333333333333337, 1.0847220206092358
0.15902915073508167, 0.33333333333333337, 4.974914823408703
0.12320807881055058, 0.33333333333333337, 21.34776062185757
0.05602606528726188, 0.33333333333333337, 11.151082943488692
0.13967893923593264, 0.33333333333333337, 18.867090994149407
0.11019261805638794, 0.33333333333333337, 33.65304329025878
0.16175071219916526, 0.33333333333333337, 3.731327978322469
0.16702021849455637, 0.33333333333333337, 2.7193884018865244
0.10732188342006314, 0.33333333333333337, 8.821541075118288
0.09114059850624276, 0.33333333333333337, 7.23071564015156
0.15455017122068526, 0.33333333333333337, 9.526591878894529
0.09748614665987418, 0.33333333333333337, 62.50070164765823
0.11052348347410158, 0.33333333333333337, 0.828455252647424
0.11988270353585924, 0.33333333333333337, 4.323108121436227
0.09762119001763243, 0.33333333333333337, 7.971582031073087
0.08739440463917895, 0.33333333333333337, 5.0192648588793976
0.1178674230163221, 0.33333333333333337, 12.045419059651138
0.13580036851036023, 0.33333333333333337, 8.710394474793212
0.10347470842700221, 0.33333333333333337, 10.367401103987765
0.17850132749329703, 0.33333333333333337, 4.028942789503379
0.16613163703062703, 0.33333333333333337, 6.4175321283272835
0.1309437881765613, 0.33333333333333337, 2.7110779563930367
0.08716147105249801, 0.33333333333333337, 6.830351106801072
0.18305875281045497, 0.33333333333333337, 38.13409435152783
0.12494544613747564, 0.33333333333333337, 5.888690856832856
0.07895209373600268, 0.33333333333333337, 31.428679560473093
0.058634884567482067, 0.33333333333333337, 1.1601798159619345
0.1081074304019782, 0.33333333333333337, 1.3274640498265315
0.13350782408608636, 0.33333333333333337, 14.623434727618266
0.0406386139227872, 0.33333333333333337, 3.4660664121942446
0.16038514419028999, 0.33333333333333337, 0.8139213552046969
0.14274584277208274, 0.33333333333333337, 19.658861650664488
0.11872814764936909, 0.33333333333333337, 3.1798452479199577
0.05987870485810419, 0.33333333333333337, 7.417770686341491
0.13461862962820464, 0.33333333333333337, 1.520367995581278
0.15360025906312816, 0.33333333333333337, 6.988346197729088
0.08990891878792501, 0.33333333333333337, 0.7092799789354787
0.07942295844797724, 0.33333333333333337, 10.097077765330395
0.0812041394583011, 0.33333333333333337, 8.896506999670244
0.15082108242210027, 0.33333333333333337, 8.445851843136246
0.09066908486673501, 0.33333333333333337, 49.66240202013153
0.1061759033328337, 0.33333333333333337, 7.55568032528339
0.16503362551070766, 0.33333333333333337, 3.2051650132947915
0.0988913639820511, 0.33333333333333337, 6.378874563574485
0.10164791443291915, 0.33333333333333337, 14.779866055997969
0.14980676570588888, 0.33333333333333337, 16.774457648016227
0.10520022954153738, 0.33333333333333337, 17.450791404115826
0.13187645254817323, 0.33333333333333337, 3.821383751511402
0.13805328499548977, 0.33333333333333337, 8.175013949808672
0.1270378113087327, 0.33333333333333337, 3.298936680292782
0.09186798694894352, 0.33333333333333337, 2.1661456540363004
0.10738400739497274, 0.33333333333333337, 4.120581806454959
0.1324236843835272, 0.33333333333333337, 5.835876990264072
0.16492086648547863, 0.33333333333333337, 1.7787530301134857
0.15202079984351108, 0.33333333333333337, 6.975464201817772
0.09840370724951522, 0.33333333333333337, 2.8052233183183164
0.11350133412623795, 0.33333333333333337, 1.8848503466140016
0.0678532697032856, 0.33333333333333337, 0.5903639123758927
0.15686543032007536, 0.33333333333333337, 3.744818842605155
0.1033329996336717, 0.33333333333333337, 23.22736114806269
0.0854761306489128, 0.33333333333333337, 13.674700070684464
0.10103270069727766, 0.33333333333333337, 4.019205457137949
0.1358803904232573, 0.33333333333333337, 3.882071278455504
0.11454125391632924, 0.33333333333333337, 2.013410661431924
0.0968412979651455, 0.33333333333333337, 0.691220288506631
0.0765565271932923, 0.33333333333333337, 1.1332252236999818
0.14516986449925576, 0.33333333333333337, 28.18157431944092
0.11713414864595015, 0.33333333333333337, 7.004281056642359
0.06171135017324253, 0.33333333333333337, 9.66595504874906
0.11483841734626084, 0.33333333333333337, 24.828893382436743
0.10860396062314068, 0.33333333333333337, 26.109999221452473
0.08025235941943104, 0.33333333333333337, 0.4577642192315611
0.09313551823876556, 0.33333333333333337, 20.932758988318174
0.1411802788687013, 0.33333333333333337, 14.537321529271583
0.11158251955332164, 0.33333333333333337, 15.794250773559616
0.1352386683268687, 0.33333333333333337, 12.578429253601332
0.10743355645068227, 0.33333333333333337, 11.18776010471588
0.1563185148807905, 0.33333333333333337, 12.71438211300689
0.14743637573750762, 0.33333333333333337, 7.828878248757958
0.06507242852074041, 0.33333333333333337, 5.083632818335665
0.10939909741912797, 0.33333333333333337, 21.920687639851053
0.11130996086792172, 0.33333333333333337, 7.791403928059543
0.10768855411963713, 0.33333333333333337, 7.3366867578653565
0.13243759005716862, 0.33333333333333337, 12.25895389708218
0.15677486405929555, 0.33333333333333337, 3.6295418758425906
0.08918349100741878, 0.33333333333333337, 10.409735566039283
0.11613917899539197, 0.33333333333333337, 22.16630867287473
0.0665442002618885, 0.33333333333333337, 23.435854455381158
0.13515413856464564, 0.33333333333333337, 2.6878260984705324
0.14287962565640236, 0.33333333333333337, 7.7777466383662945
0.05280046618071779, 0.33333333333333337, 0.9640702588941388
0.06348688338270744, 0.33333333333333337, 5.170151806845686
0.1217359727089051, 0.33333333333333337, 0.8830358491744685
0.1719460981457427, 0.33333333333333337, 38.44177488158459
0.16466718190585553, 0.33333333333333337, 22.447638106779355
0.16456739423706757, 0.33333333333333337, 4.963310221696443
0.10530853082627528, 0.33333333333333337, 1.8050402126453378
0.11700191586068197, 0.33333333333333337, 10.153193613629707
0.1699066492437648, 0.33333333333333337, 33.22421402500206
0.09780216801953007, 0.33333333333333337, 4.806707962945944
0.08256338542491325, 0.33333333333333337, 12.619608978005129
0.09413385727677025, 0.33333333333333337, 35.86954487057598
0.16351524392561992, 0.33333333333333337, 3.9832066299862174
0.13867563827178078, 0.33333333333333337, 16.28970583537804
0.13300155434748684, 0.33333333333333337, 7.098971594723671
0.11217775595343919, 0.33333333333333337, 6.242676809624094
0.09287690615970319, 0.33333333333333337, 38.18590267074605
0.18066364588472925, 0.33333333333333337, 7.919374911798616
0.13373864136900004, 0.33333333333333337, 4.176179392099368
0.07238673181609613, 0.33333333333333337, 9.751997992866393
0.13119235328568613, 0.33333333333333337, 8.483447139114228
0.09609720627060749, 0.33333333333333337, 0.13836331815317823
0.14415371172079974, 0.33333333333333337, 5.576077414039474
0.08050786800257959, 0.33333333333333337, 2.0236651692823764
0.13076297821063526, 0.33333333333333337, 0.8989018925272186
0.1291398213830776, 0.33333333333333337, 9.669844469949687
0.10095534155716407, 0.33333333333333337, 0.3521472314157491
0.1609698748835826, 0.33333333333333337, 15.807642140799242
0.11225896212572901, 0.33333333333333337, 10.854496756751884
0.1139782524600378, 0.33333333333333337, 7.701075262614984
0.07569250690440782, 0.33333333333333337, 0.14138925774059868
0.15442159955636336, 0.33333333333333337, 6.078874369230537
0.13730793434688188, 0.33333333333333337, 11.31386569679111
0.08582462613149944, 0.33333333333333337, 24.4907112446447
0.13219122221725135, 0.33333333333333337, 2.322646894481059
0.1273271196988763, 0.33333333333333337, 69.51435671000868
0.10309778074129851, 0.33333333333333337, 34.72496222402873
0.0744976297028051, 0.33333333333333337, 3.3251828019818412
0.10161330098361937, 0.33333333333333337, 15.85821848011852
0.11811935758359647, 0.33333333333333337, 5.174011589775778
0.17080834892986257, 0.33333333333333337, 10.738555950369218
0.12381172476895733, 0.33333333333333337, 5.941478164642497
0.14481878947145652, 0.33333333333333337, 10.112047180232093
0.15917521801580273, 0.33333333333333337, 8.12231854391202
0.057329212207937574, 0.33333333333333337, 6.069582437149183
0.10751174184355479, 0.33333333333333337, 6.1312843827521215
0.14834319510153152, 0.33333333333333337, 9.261562133022682
0.11372675585386653, 0.33333333333333337, 5.624981972171237
0.14348419609705892, 0.33333333333333337, 3.6837020321152125
0.12285948623284093, 0.33333333333333337, 1.798338872626746
0.08195043855660361, 0.33333333333333337, 10.116950315273597
0.07726778607694115, 0.33333333333333337, 5.818044556942711
0.08799254524711317, 0.33333333333333337, 2.5722870097177903
0.14724948418417894, 0.33333333333333337, 1.6463254538977612
0.10537922205944943, 0.33333333333333337, 2.1885565668320512
0.11942671781261882, 0.33333333333333337, 8.770013085420725
0.05508135107225082, 0.33333333333333337, 17.11168016007709
0.11489110144076813, 0.33333333333333337, 24.08381148182847
0.0521100580775013, 0.33333333333333337, 6.684096929082564
0.0657536530702228, 0.33333333333333337, 0.5356091477052023
0.11684278639274903, 0.33333333333333337, 1.9044164271572925
0.1413790103971319, 0.33333333333333337, 4.36073608549406
0.08464494210952103, 0.33333333333333337, 9.149026731660173
0.1564405259284505, 0.33333333333333337, 17.30433402607377
0.08198918300058711, 0.33333333333333337, 5.886470836802811
0.10741827487885079, 0.33333333333333337, 3.0796648655929975
0.11529967681534518, 0.33333333333333337, 1.1970919702884586
0.10517793067631358, 0.33333333333333337, 0.5426839880675194
0.1244858991277032, 0.33333333333333337, 1.4423057703634106
0.10183274996186552, 0.33333333333333337, 0.2756855373583253
0.10403028527634811, 0.33333333333333337, 7.183654969964873
0.11937349393717579, 0.33333333333333337, 6.629456534589269
0.13984016017102252, 0.33333333333333337, 4.249109274152501
0.15624031941208216, 0.33333333333333337, 7.005792492216797
0.08141474091571091, 0.33333333333333337, 7.780894505422929
0.06858987069381665, 0.33333333333333337, 9.474670121210671
0.07624668356056737, 0.33333333333333337, 10.16944020476846
0.15014643783900702, 0.33333333333333337, 5.159416006298887
0.11288523686883503, 0.33333333333333337, 19.238769708528235
0.1254801016883471, 0.33333333333333337, 9.985539079201937
0.16092318824824772, 0.33333333333333337, 30.220467279059196
0.1173670336173938, 0.33333333333333337, 5.855515962934972
0.13291953929473235, 0.33333333333333337, 4.288411795485386
0.08003662105567272, 0.33333333333333337, 5.380952437077715
0.10235280074924223, 0.33333333333333337, 15.52900312765564
0.10692550731027163, 0.33333333333333337, 8.925754663474429
0.08742251624452803, 0.33333333333333337, 44.41887141543405
0.102861360197494, 0.33333333333333337, 1.3609448173329015
0.13021383637695674, 0.33333333333333337, 5.371381361271517
0.13089474426869924, 0.33333333333333337, 14.678820938480015
0.12941189987030222, 0.33333333333333337, 9.54008781428631
0.09831934043588215, 0.33333333333333337, 1.598117280089729
0.08810759197927837, 0.33333333333333337, 14.919975061285188
0.12175852969181504, 0.33333333333333337, 7.2383095525307235
0.10024817631251026, 0.33333333333333337, 2.737221778669242
0.07327343016899937, 0.33333333333333337, 1.4020624408886955
0.06068145466117802, 0.33333333333333337, 4.503157596884663
0.08292623825698237, 0.33333333333333337, 6.258756370889928
0.12167915952644646, 0.33333333333333337, 7.255726224308531
0.1458151282261974, 0.33333333333333337, 3.8066076029721905
0.10642793061605932, 0.33333333333333337, 1.3090281650302984
0.11498807212680444, 0.33333333333333337, 25.66761430171873
0.06479389437143918, 0.33333333333333337, 23.312931494660855
0.12764156415082412, 0.33333333333333337, 1.3026310036902733
0.14794373592179283, 0.33333333333333337, 2.9871730378561105
0.11089744630305073, 0.33333333333333337, 0.9878931043227459
0.14924322806818435, 0.33333333333333337, 9.333072688594104
0.12768482022254446, 0.33333333333333337, 11.803475344392856
0.1551589807639252, 0.33333333333333337, 4.813334847260633
0.18237358423273742, 0.33333333333333337, 7.578763303389662
0.0965294595261817, 0.33333333333333337, 1.771528721476381
0.1379890393759059, 0.33333333333333337, 27.926630169580676
0.12517254790096904, 0.33333333333333337, 4.232643299429192
0.11361920311081133, 0.33333333333333337, 17.266197608812092
0.17949512085484262, 0.33333333333333337, 6.926259043771977
0.10407472872241512, 0.33333333333333337, 5.275427272466972
0.1390408188619574, 0.33333333333333337, 24.877315308772758
0.10311006766078112, 0.33333333333333337, 3.8138753715481903
0.07832055556071585, 0.33333333333333337, 22.696385692030287
0.09392030350496841, 0.33333333333333337, 8.457089171054433
0.14143860960676496, 0.33333333333333337, 8.306111600902184
0.15055421594313723, 0.33333333333333337, 31.681646075002778
0.12954823435514787, 0.33333333333333337, 2.012991435946544
0.10242750444361536, 0.33333333333333337, 8.67723672577756
0.13359361888231955, 0.33333333333333337, 6.901935707151583
0.14620363019237717, 0.33333333333333337, 7.780195408075022
0.14461877258846875, 0.33333333333333337, 4.424334050966101
0.11822194076888917, 0.33333333333333337, 1.2506706325101418
0.08044251868774893, 0.33333333333333337, 3.438489260972908
0.10732032539000395, 0.33333333333333337, 39.274697982949355
0.10815214171708148, 0.33333333333333337, 12.297885337925777
0.15331081227711357, 0.33333333333333337, 11.532921147263156
0.08543329992187557, 0.33333333333333337, 8.108651794471818
0.1913543620702583, 0.33333333333333337, 18.355420363980304
0.06145105639912328, 0.33333333333333337, 11.191810029135363
0.1570189893753472, 0.33333333333333337, 1.9246269414427117
0.0640201099920639, 0.33333333333333337, 0.7823635818802883
0.10354682349461383, 0.33333333333333337, 19.812726235899888
0.15108801530006066, 0.33333333333333337, 9.067156722991626
0.1334283931492014, 0.33333333333333337, 1.0291688604322593
0.16537272497838418, 0.33333333333333337, 7.303973023503566
0.12896582480790555, 0.33333333333333337, 8.478166684158612
0.15212545288359464, 0.33333333333333337, 1.339393058232584
0.1255650232294253, 0.33333333333333337, 0.14448383940878623
0.09014887854297084, 0.33333333333333337, 0.10535356424002094
0.1743816640301865, 0.33333333333333337, 0.8702949071345158
0.12913504190780223, 0.33333333333333337, 7.664007003792763
0.09210525381639885, 0.33333333333333337, 12.35861094593214
0.12536117208849773, 0.33333333333333337, 4.992135730448706
0.17836156913947454, 0.33333333333333337, 10.757681543159793
0.16150263781157756, 0.33333333333333337, 4.350131096616085
0.10181974352137656, 0.33333333333333337, 2.6677067498912983
0.11327835480514986, 0.33333333333333337, 14.370255911392864
0.10486121295003614, 0.33333333333333337, 34.643660436377765
0.0852103661668587, 0.33333333333333337, 10.400191343611143
0.10565863720419753, 0.33333333333333337, 28.07950209558733
0.15378411204533457, 0.33333333333333337, 1.1713993289653897
0.06641892629935875, 0.33333333333333337, 9.684889566590455
0.17510690233667708, 0.33333333333333337, 7.66124119202743
0.08984702591516515, 0.33333333333333337, 8.20706433009433
0.07123487151391228, 0.33333333333333337, 2.655774018851979
0.13400916634814472, 0.33333333333333337, 12.57527451514431
0.09267462674512782, 0.33333333333333337, 14.934090137348932
0.1347076734441732, 0.33333333333333337, 4.63364540771654
0.11193419469806866, 0.33333333333333337, 5.906494544088665
0.1262696910724527, 0.33333333333333337, 12.08558840840263
0.1430843113836548, 0.33333333333333337, 11.234260083471941
0.1335501881536926, 0.33333333333333337, 14.539569576704293
0.1258200848155464, 0.33333333333333337, 20.018801935849368
0.11388666371924604, 0.33333333333333337, 2.3955132834865473e-05
0.06635166779441529, 0.33333333333333337, 4.415354665045587
0.0793860963472479, 0.33333333333333337, 14.053704955652721
0.09754315740636833, 0.33333333333333337, 1.1330647282540445
0.11756476386009042, 0.33333333333333337, 11.12671208637823
0.1267195928687606, 0.33333333333333337, 5.9344073243916595
0.045235717175047443, 0.33333333333333337, 7.913453757762664
0.14117947762497643, 0.33333333333333337, 3.467725675286277
0.09098146598419675, 0.33333333333333337, 14.648426260443953
0.09346785852987291, 0.33333333333333337, 6.845224884576996
0.0968996974118087, 0.33333333333333337, 18.18370128725978
0.058258433328686667, 0.33333333333333337, 10.869282676034157
0.16139773250883307, 0.33333333333333337, 5.2647549995566525
0.11214358411638348, 0.33333333333333337, 4.735523605071503
0.12569276335629587, 0.33333333333333337, 6.226798370906711
0.11635568650106913, 0.33333333333333337, 1.9475800598357587
0.14890336930380613, 0.33333333333333337, 6.121038160193941
0.13951051486453903, 0.33333333333333337, 7.927820787658698
0.11160086491758206, 0.33333333333333337, 9.547786326344491
0.11824303125751633, 0.33333333333333337, 11.402008439861628
0.044744275801270175, 0.33333333333333337, 1.5668255504352937
0.09319391460181708, 0.33333333333333337, 8.379413935316819
0.1241117289724876, 0.33333333333333337, 14.661605720867826
0.11626217220900391, 0.33333333333333337, 30.702884463035
0.11962861185543867, 0.33333333333333337, 4.040488298411567
0.06982220258875868, 0.33333333333333337, 12.089614646798527
0.1290263636209016, 0.33333333333333337, 0.3398937203442333
0.1511635143774004, 0.33333333333333337, 8.154707478157887
0.05961636737972114, 0.33333333333333337, 0.7527471425707469
0.1841726061945979, 0.33333333333333337, 5.766113808623409
0.14679526817348929, 0.33333333333333337, 45.967654601540175
0.1314208450738754, 0.33333333333333337, 13.654464127582678
0.14484600164179967, 0.33333333333333337, 5.119761753870091
0.19175362535464455, 0.33333333333333337, 5.35591198609971
0.1120020768773757, 0.33333333333333337, 8.41191571784357
0.14423341576238902, 0.33333333333333337, 14.219095999449939
0.10406297095285677, 0.33333333333333337, 5.565160101547639
0.18470369179878182, 0.33333333333333337, 10.46731445018272
0.12798600043566175, 0.33333333333333337, 65.28156838480966
0.10332484089304698, 0.33333333333333337, 9.756850677966302
0.10133362975928153, 0.33333333333333337, 2.934978628984646
0.12569692624468617, 0.33333333333333337, 42.62502992652155
0.07929049779136536, 0.33333333333333337, 20.047205928508188
0.14160815622819106, 0.33333333333333337, 13.792993508423468
0.14771577764281207, 0.33333333333333337, 44.0875451099851
0.07898884297213477, 0.33333333333333337, 15.30639760374608
0.10678610378062701, 0.33333333333333337, 23.44505347089806
0.14988904110627835, 0.33333333333333337, 5.594593214778741
0.09196004250710957, 0.33333333333333337, 24.86998437078671
0.10908222238506929, 0.33333333333333337, 7.387832103818319
0.0704119116405395, 0.33333333333333337, 4.669363911635729
0.111479487701262, 0.33333333333333337, 4.269064632363663
0.0730921946507111, 0.33333333333333337, 23.94147349327261
0.07917412608029412, 0.33333333333333337, 0.8348829315206083
0.11388725640858502, 0.33333333333333337, 9.934226649751082
0.0558003776074245, 0.33333333333333337, 1.3977147461552515
0.05762356257444878, 0.33333333333333337, 0.6486623728182866
0.09771087388535282, 0.33333333333333337, 40.436753100668206
0.14120410018395235, 0.33333333333333337, 7.045140273572945
0.13546586415452633, 0.33333333333333337, 3.198650638113835
0.15960236312616044, 0.33333333333333337, 10.714051841010022
0.07362958334816133, 0.33333333333333337, 4.694984045073475
0.16680313674483896, 0.33333333333333337, 13.68879398877445
0.15885573286065238, 0.33333333333333337, 3.8009970547730987
0.1401753802424856, 0.33333333333333337, 4.2129904854194224
0.10212437244205388, 0.33333333333333337, 6.0079539837085525
0.0962062599402716, 0.33333333333333337, 3.701483914151162
0.08007553315056437, 0.33333333333333337, 5.850538912649466
0.17085562367231613, 0.33333333333333337, 4.704887851618226
0.15762149452267207, 0.33333333333333337, 4.023297696905006
0.1345115060634126, 0.33333333333333337, 4.168778684830063
0.13552993668857719, 0.33333333333333337, 0.38439306683368085
0.13715322440837677, 0.33333333333333337, 3.5421228453236178
0.1521068627744052, 0.33333333333333337, 3.543391652341405
0.07524802970502982, 0.33333333333333337, 4.593666821398896
0.08587672516426857, 0.33333333333333337, 43.72150703830523
0.13703212678551568, 0.33333333333333337, 6.841927491187737
0.13230282738785593, 0.33333333333333337, 2.585571776501849
0.07473659990858048, 0.33333333333333337, 2.132358056079911
0.19086697090410726, 0.33333333333333337, 1.270311289589795
0.09075576037168151, 0.33333333333333337, 1.8829967662354379
0.0977331257843479, 0.33333333333333337, 0.9256542407729622
0.09122167186419612, 0.33333333333333337, 0.28180783158398376
0.09839498788856589, 0.33333333333333337, 16.678986898748455
0.1412029956085776, 0.33333333333333337, 0.3419105343335011
0.07048055181905347, 0.33333333333333337, 14.80225499459888
0.15552167907035552, 0.33333333333333337, 2.8964504501760433
0.08233773292908339, 0.33333333333333337, 4.5162702816444815
0.15311170393532694, 0.33333333333333337, 2.7628470835533547
0.13658673493866047, 0.33333333333333337, 2.315149540398429
0.11735315904761312, 0.33333333333333337, 3.0422938925795644
0.18326165803758376, 0.33333333333333337, 22.845753401993253
0.1628334273515381, 0.33333333333333337, 0.594084330845521
0.17712028985916242, 0.33333333333333337, 10.078608226689932
0.13771775947425147, 0.33333333333333337, 26.07736326796934
0.15094222868700635, 0.33333333333333337, 15.981626456340495
0.07147374420932792, 0.33333333333333337, 1.7620659283217592
0.10125637811633942, 0.33333333333333337, 4.604171179461425
0.11584529081965086, 0.33333333333333337, 40.26184739616783
0.10370856942887921, 0.33333333333333337, 1.7756080151688207
0.15393538777070115, 0.33333333333333337, 11.126188606704035
0.14349933373808918, 0.33333333333333337, 9.806683110785222
0.1108258960697841, 0.33333333333333337, 8.027717884193436
0.14642623259141616, 0.33333333333333337, 0.17572459956393177
0.10530370397385731, 0.33333333333333337, 7.839665064038148
0.12385685388517886, 0.33333333333333337, 2.2901746824174882
0.1428903702732382, 0.33333333333333337, 6.22157720094841
0.15143272431048044, 0.33333333333333337, 2.092296817541965
0.16741085024677171, 0.33333333333333337, 32.89715440879106
0.13061657665052112, 0.33333333333333337, 24.434275265973348
0.08698942480084301, 0.33333333333333337, 4.900650062969955
0.11996554072598946, 0.33333333333333337, 8.463586820700865
0.09796408544230578, 0.33333333333333337, 53.15184533559175
0.1709095461635726, 0.33333333333333337, 6.856579674695113
0.05950460741719524, 0.33333333333333337, 0.41858024026663293
0.13286074422166808, 0.33333333333333337, 13.676628868410155
0.1669326421333464, 0.33333333333333337, 2.9937148154189193
0.1383636856436387, 0.33333333333333337, 2.2233977171718324
0.10238186027939103, 0.33333333333333337, 22.378366921783893
0.12073778119320377, 0.33333333333333337, 50.7175894976722
0.17178803234917553, 0.33333333333333337, 11.156146956982562
0.12608066065128204, 0.33333333333333337, 10.267574738877814
0.13310028768253676, 0.33333333333333337, 0.8199000086473184
0.17490840406318003, 0.33333333333333337, 8.290372115210138
0.08825673412999532, 0.33333333333333337, 1.250536242707174
0.14636423139175747, 0.33333333333333337, 13.595629824412338
0.1062864920217244, 0.33333333333333337, 38.27819105044642
0.10332148257194304, 0.33333333333333337, 25.268594189606517
0.12448514834267632, 0.33333333333333337, 13.761027486947446
0.16809085457500608, 0.33333333333333337, 3.9695812919680438
0.10345317280029863, 0.33333333333333337, 10.628623337846166
0.10953768044296772, 0.33333333333333337, 7.54650610285384
0.1056949230908026, 0.33333333333333337, 32.786785699301085
0.13406737430824583, 0.33333333333333337, 2.670158216198094
0.1031879916261721, 0.33333333333333337, 15.171397269723755
0.06935551959783366, 0.33333333333333337, 16.51447960907653
0.17526504786544062, 0.33333333333333337, 4.985938627621647
0.10980157224324551, 0.33333333333333337, 1.2013414801279496
0.06557594044510331, 0.33333333333333337, 13.771175500441695
0.16984553429949453, 0.33333333333333337, 6.6189558791480625
0.0595160190038468, 0.33333333333333337, 4.369674365546698
0.11547193582959626, 0.33333333333333337, 12.41548483870954
0.1578096471855962, 0.33333333333333337, 12.4379222476421
0.15441992700766838, 0.33333333333333337, 4.256078920305488
0.15873049988735186, 0.33333333333333337, 25.0626993924003
0.15374701521448697, 0.33333333333333337, 4.143323093564153
0.16190092901678624, 0.33333333333333337, 12.146217530013178
0.14057705703327447, 0.33333333333333337, 8.923220999375097
0.09211037928608579, 0.33333333333333337, 18.652026780481954
0.2155573131771067, 0.33333333333333337, 5.3254318888837915
0.13951762133058232, 0.33333333333333337, 10.905801890448984
0.13171942201167278, 0.33333333333333337, 3.090723227321499
0.1482198255935307, 0.33333333333333337, 1.581570646872759
0.13841506106478252, 0.33333333333333337, 2.248508638558804
0.1369994056522873, 0.33333333333333337, 17.263590380030383
0.15247377872453893, 0.33333333333333337, 10.32218803180209
0.058298702176365506, 0.33333333333333337, 11.051595924178294
0.092977728465076, 0.33333333333333337, 11.145068591618205
0.12253144131218725, 0.33333333333333337, 33.85446416925918
0.13975325703127744, 0.33333333333333337, 0.5991078847771641
0.13533046913665353, 0.33333333333333337, 2.2255720103615846
0.12421521995679777, 0.33333333333333337, 2.7453116108237796
0.11577352709124418, 0.33333333333333337, 5.073423504773698
0.09225794692788225, 0.33333333333333337, 14.332948515404023
0.08263489580441086, 0.33333333333333337, 0.5791506334158694
0.08175768161038927, 0.33333333333333337, 3.04249808924549
0.07281131138714719, 0.33333333333333337, 5.83466200889326
0.09805505482424334, 0.33333333333333337, 3.53661863315091
0.16201325689523619, 0.33333333333333337, 7.044986524471808
0.09007036073643135, 0.33333333333333337, 1.7113265426667545
0.13995605684761342, 0.33333333333333337, 2.1080419300322997
0.09863911518451826, 0.33333333333333337, 0.7962106359174559
0.13242728306683765, 0.33333333333333337, 6.716338737355934
0.13309783937304, 0.33333333333333337, 0.3306262705248155
0.10649224432468164, 0.33333333333333337, 8.193637145997585
0.06016330023410479, 0.33333333333333337, 1.734263642601256
0.09966333734829855, 0.33333333333333337, 8.353198353232164
0.06694350673706065, 0.33333333333333337, 0.33321391269242834
0.12037551076366712, 0.33333333333333337, 9.086628674958368
0.12549225027022856, 0.33333333333333337, 7.510512547605675
0.1389870362268565, 0.33333333333333337, 1.7776513389578767
0.036730114161398084, 0.33333333333333337, 15.735502892482128
0.11923998018142848, 0.33333333333333337, 3.61005725697275
0.2054233732948831, 0.33333333333333337, 0.6905604289349107
0.13956466022750513, 0.33333333333333337, 0.686933348569211
0.16082246962911392, 0.33333333333333337, 12.285652710681152
0.10017373861816428, 0.33333333333333337, 8.160333598456992
0.11213018214186123, 0.33333333333333337, 9.34778145953994
0.16767942789923504, 0.33333333333333337, 50.61629744716453
0.1067232950181374, 0.33333333333333337, 7.552230921893374
0.19831232643912527, 0.33333333333333337, 34.6959907127293
0.08193371851208088, 0.33333333333333337, 3.0746007958631894
0.09980900415871666, 0.33333333333333337, 2.2260989514597163
0.11635372863243451, 0.33333333333333337, 16.576125531671273
0.14022156802086214, 0.33333333333333337, 11.79050796342544
0.0909674058051275, 0.33333333333333337, 4.152806498848087
0.1158505201412642, 0.33333333333333337, 1.562389503328471
0.07266116431571586, 0.33333333333333337, 7.579830359454147
0.09649271589302517, 0.33333333333333337, 13.347816675876466
0.11040956382864318, 0.33333333333333337, 32.377023112807095
0.15105309146851875, 0.33333333333333337, 7.22932832250784
0.12416618169954846, 0.33333333333333337, 4.143713228253161
0.10715062383805424, 0.33333333333333337, 5.9277189201845335
0.14539612850533257, 0.33333333333333337, 13.217084686525567
0.12950629565178828, 0.33333333333333337, 26.704713569207517
0.09862803721343913, 0.33333333333333337, 4.011810298608322
0.08730627483429867, 0.33333333333333337, 7.21660429556773
0.09415754045969757, 0.33333333333333337, 3.349201451280257
0.05075568460071145, 0.33333333333333337, 18.99728860601527
0.14204297181008144, 0.33333333333333337, 17.430391168963386
0.10912001369547569, 0.33333333333333337, 11.427986772487468
0.0919470696404173, 0.33333333333333337, 11.839070572307891
0.12209170646657921, 0.33333333333333337, 2.2306633915025227
0.10266078422006339, 0.33333333333333337, 17.213090279148837
0.1420009316101159, 0.33333333333333337, 42.80416351734357
0.16424258627361232, 0.33333333333333337, 4.906561000240358
0.14103182534950964, 0.33333333333333337, 2.6090746525072284
0.12827386302580843, 0.33333333333333337, 1.2632787762650206
0.07301778943502463, 0.33333333333333337, 19.981184759410954
0.07886278434531847, 0.33333333333333337, 0.5313424755410888
0.0704440293684544, 0.33333333333333337, 1.4193412546914077
0.12998653780985586, 0.33333333333333337, 4.03018410338949
0.11512242087671742, 0.33333333333333337, 0.3927577450524028
0.08241007089887192, 0.33333333333333337, 8.932149650624075
0.10606772806790356, 0.33333333333333337, 2.9009590402959646
0.09517289138787018, 0.33333333333333337, 10.505686011461183
0.07781350830994843, 0.33333333333333337, 5.743005216817725
0.11055377568230564, 0.33333333333333337, 27.709196956830496
0.10878738787033271, 0.33333333333333337, 7.891814100110479
0.10086796675216003, 0.33333333333333337, 22.986423393473775
0.04110224198718035, 0.33333333333333337, 11.975125437927534
0.08745119138749903, 0.33333333333333337, 4.403298901470937
0.11974428696322184, 0.33333333333333337, 6.935097467256808
0.13216187987370656, 0.33333333333333337, 2.7511993995275823
0.1526874723586853, 0.33333333333333337, 3.638037390884638
0.09238353954771818, 0.33333333333333337, 12.067144625818575
0.0719044561228746, 0.33333333333333337, 8.912551933355836
0.06075681562614546, 0.33333333333333337, 0.4926692223786457
0.07883751218467402, 0.33333333333333337, 1.588803895974092
0.18938484593127156, 0.33333333333333337, 3.0857132862443106
0.09699376370420172, 0.33333333333333337, 2.0347705322937215
0.10858626673681998, 0.33333333333333337, 0.6524687959002292
0.12382538917940007, 0.33333333333333337, 4.648885743435077
0.17914876725961534, 0.33333333333333337, 3.5427721430471544
0.13108308661894094, 0.33333333333333337, 15.323963056944857
0.12685241816909748, 0.33333333333333337, 0.21346824520524293
0.09110129871521362, 0.33333333333333337, 3.6064410845261943
0.12473220373312438, 0.33333333333333337, 10.662322530364753
0.07291820043598263, 0.33333333333333337, 7.221534869922317
0.09951117084731442, 0.33333333333333337, 1.6262291791649635
0.1137769172289664, 0.33333333333333337, 27.01546012238364
0.10699977690105686, 0.33333333333333337, 2.9076136820059584
0.131617460345469, 0.33333333333333337, 9.534249518660774
0.07875661506138437, 0.33333333333333337, 16.682001478218766
0.14008540782913667, 0.33333333333333337, 15.748957273248385
0.15410620181484444, 0.33333333333333337, 30.590473813108623
0.12933955660242197, 0.33333333333333337, 8.111160210825837
0.1979136317052977, 0.33333333333333337, 6.758382258954931
0.12379023851154214, 0.33333333333333337, 18.23966396226238
0.15323590120269454, 0.33333333333333337, 20.09653327670642
0.1031456502027749, 0.33333333333333337, 14.990198731722113
0.12220887258268628, 0.33333333333333337, 29.1332800913465
0.07845833075190317, 0.33333333333333337, 27.963573778567557
0.11136403331106368, 0.33333333333333337, 23.079368981945528
0.13889786901033013, 0.33333333333333337, 8.978143816210364
0.134358319490682, 0.33333333333333337, 23.21170132715799
0.142131767339143, 0.33333333333333337, 14.597341327711765
0.14951883736322755, 0.33333333333333337, 8.385683447166944
0.08514533682853953, 0.33333333333333337, 5.136162146925381
0.12940016980827104, 0.33333333333333337, 5.144115581123929
0.07752552928652681, 0.33333333333333337, 19.457250787030667
0.10081098128579888, 0.33333333333333337, 3.6936017153635072
0.1596358086166064, 0.33333333333333337, 17.525641863341416
0.18449484984175957, 0.33333333333333337, 1.9398170025906405
0.15794609304172008, 0.33333333333333337, 0.700249354248989
0.08198280986108107, 0.33333333333333337, 2.1005395393030626
0.10373009325245922, 0.33333333333333337, 23.251711189596556
0.13837323352071387, 0.33333333333333337, 4.639316264968647
0.20622903714000151, 0.33333333333333337, 5.788752685759677
0.16595482529567224, 0.33333333333333337, 10.249697925323105
0.14568688124765378, 0.33333333333333337, 14.891861317517732
0.09881357068984006, 0.33333333333333337, 5.422262574983922
0.08883270597120267, 0.33333333333333337, 9.901010614263177
0.12925414871453578, 0.33333333333333337, 41.89712146004379
0.15432436755264647, 0.33333333333333337, 34.78169591137935
0.08577795126720265, 0.33333333333333337, 23.059363342328062
0.16603128749346235, 0.33333333333333337, 2.703438868531141
0.094180699468421, 0.33333333333333337, 6.544086013014031
0.13226679057219612, 0.33333333333333337, 27.610295448653495
0.08151640471521367, 0.33333333333333337, 23.80572485263604
0.14465770527679342, 0.33333333333333337, 6.144828965907022
0.08750945134370816, 0.33333333333333337, 2.7636664291868343
0.1458154270709738, 0.33333333333333337, 20.153185091642513
0.11746222490886074, 0.33333333333333337, 11.533627681237942
0.13261384212351637, 0.33333333333333337, 3.7506799138415112
0.13274312017985268, 0.33333333333333337, 6.864332110863531
0.10438479040994243, 0.33333333333333337, 15.268389220919223
0.05702894489740211, 0.33333333333333337, 21.018169873858337
0.13724921998833786, 0.33333333333333337, 0.549881661633671
0.13495751918804286, 0.33333333333333337, 8.906223548811267
0.11193047995268379, 0.33333333333333337, 0.9787006132656244
0.11493048567968114, 0.33333333333333337, 13.533904543583045
0.14562532883206894, 0.33333333333333337, 5.230723813030387
0.10643312045950326, 0.33333333333333337, 2.8603226454241817
0.06917318579798029, 0.33333333333333337, 5.139671518513851
0.11123409343900179, 0.33333333333333337, 3.7234553383946816
0.12887252881196873, 0.33333333333333337, 2.6418567641087796
0.12067834693011724, 0.33333333333333337, 8.912930014177263
0.16498739024616677, 0.33333333333333337, 1.716050506276665
0.16372668341529678, 0.33333333333333337, 4.677578913974188
0.1268277729663466, 0.33333333333333337, 19.922822063523256
0.16011944964353927, 0.33333333333333337, 22.282280263523987
0.12260375584214242, 0.33333333333333337, 39.1100993064697
0.16018213861905203, 0.33333333333333337, 9.132151003673094
0.1497619481222845, 0.33333333333333337, 8.963080892450435
0.08664097917462116, 0.33333333333333337, 16.605756461066527
0.16963428125045646, 0.33333333333333337, 4.36364783396287
0.12762571587248744, 0.33333333333333337, 16.460327234935846
0.09326196863298877, 0.33333333333333337, 12.568171972103976
0.12600245525488818, 0.33333333333333337, 0.3719560402602247
0.15392283934335224, 0.33333333333333337, 2.6268712692374994
0.13917416970485044, 0.33333333333333337, 9.764033019908654
0.14499195241040133, 0.33333333333333337, 5.148918192867145
0.15376625457003984, 0.33333333333333337, 1.541940920736814
0.10379507980872917, 0.33333333333333337, 6.829302721008412
0.13453535043968043, 0.33333333333333337, 23.102465969904507
0.1338320139373709, 0.33333333333333337, 3.0593067907036007
0.14441052255544484, 0.33333333333333337, 8.70597646214901
0.0911343565406567, 0.33333333333333337, 2.661618101980893
0.14732628944234227, 0.33333333333333337, 15.898320414516856
0.08971562812187717, 0.33333333333333337, 13.539287097422399
0.1389980461871034, 0.33333333333333337, 0.14716460627840486
0.12149675416494957, 0.33333333333333337, 1.73301895027989
0.13690490186988336, 0.33333333333333337, 6.390911397065004
0.0838184265982139, 0.33333333333333337, 7.977074619294604
0.1293838738101445, 0.33333333333333337, 0.2731115923242638
0.10310773141403884, 0.33333333333333337, 0.4355505961879527
0.10195781557243465, 0.33333333333333337, 4.336030372164706
0.105191452077763, 0.33333333333333337, 10.828239009254185
0.16352101647185663, 0.33333333333333337, 25.380793786675717
0.04410768266872668, 0.33333333333333337, 2.803398768612331
0.11248773241637613, 0.33333333333333337, 6.609575790441709
0.15336321849075824, 0.33333333333333337, 8.994916443076542
0.10886856149902238, 0.33333333333333337, 3.631465347650168
0.1763061210921872, 0.33333333333333337, 2.9299964009487836
0.12658654781855325, 0.33333333333333337, 10.645570934701038
0.15966451977567087, 0.33333333333333337, 22.317356104409875
0.14431610873434886, 0.33333333333333337, 20.61394659000273
0.1767146611458243, 0.33333333333333337, 0.9771387904439223
0.16624464574757747, 0.33333333333333337, 3.8050296909734755
0.15144518549478567, 0.33333333333333337, 7.6708397282467695
0.11652634990004283, 0.33333333333333337, 3.7247322901500772
0.12475463320635397, 0.33333333333333337, 3.5298211520896428
0.14630020045504757, 0.33333333333333337, 3.3327778716789784
0.06575809166125272, 0.33333333333333337, 13.217716673598305
0.12591040423793523, 0.33333333333333337, 23.701506566388
0.11787649492947783, 0.33333333333333337, 4.956411478862345
0.0680804135918297, 0.33333333333333337, 6.759032590526415
0.12681592432910713, 0.33333333333333337, 19.515662836651792
0.10347992969812397, 0.33333333333333337, 2.3609128977285505
0.1037640108550335, 0.33333333333333337, 18.449798026250317
0.12692048903736933, 0.33333333333333337, 3.0747557306650486
0.08196151161609039, 0.33333333333333337, 57.30288887554856
0.17096320823904548, 0.33333333333333337, 15.057336561285805
0.08559045107420932, 0.33333333333333337, 23.699704268583396
0.09820216525550815, 0.33333333333333337, 2.05527776315863
0.15324453307607364, 0.33333333333333337, 31.25832064106113
0.1767617900729777, 0.33333333333333337, 7.128086259052096
0.09834302868363755, 0.33333333333333337, 4.374061938637364
0.13934146384324456, 0.33333333333333337, 5.985360676919409
0.12384148487822551, 0.33333333333333337, 4.756718049797712
0.11176230110393315, 0.33333333333333337, 3.0746470020679144
0.17354455580805653, 0.33333333333333337, 34.80725797455063
0.1604921686937834, 0.33333333333333337, 3.7882016990599507
0.11014149588325159, 0.33333333333333337, 2.0630966006579885
0.09820670641195249, 0.33333333333333337, 49.54726716600292
0.09837384662335794, 0.33333333333333337, 20.98240088931344
0.11559456531268705, 0.33333333333333337, 2.1471883635814133
0.16450799723507467, 0.33333333333333337, 5.796040191962066
0.12931535204835093, 0.33333333333333337, 0.693639650718704
0.10285777255152181, 0.33333333333333337, 9.87113374830483
0.11140331868311232, 0.33333333333333337, 1.0119158104589607
0.1190568122085266, 0.33333333333333337, 16.66670311266084
0.08089493171527012, 0.33333333333333337, 39.257379257300634
0.08680524641926232, 0.33333333333333337, 3.5459926850353773
0.12766660531186055, 0.33333333333333337, 10.395323914007824
0.11331876470741538, 0.33333333333333337, 4.174045667502648
0.08590007361971494, 0.33333333333333337, 8.208647048239317
0.12901956094798095, 0.33333333333333337, 1.2917499551220943
0.11756222373800969, 0.33333333333333337, 14.582202630544135
0.0695345926346202, 0.33333333333333337, 7.289783435937286
0.15318025182610495, 0.33333333333333337, 2.3241821292391807
0.14119320610607594, 0.33333333333333337, 13.061799532679645
0.05244371801735273, 0.33333333333333337, 10.85881394658767
0.12327778792134902, 0.33333333333333337, 18.78906339862733
0.11888215933133595, 0.33333333333333337, 7.881772608754323
0.12951321004672356, 0.33333333333333337, 37.14031001118581
0.102437924354795, 0.33333333333333337, 1.9781244888888807
0.1327941957186362, 0.33333333333333337, 6.099779683475978
0.13197240601408916, 0.33333333333333337, 3.874507267962179
0.10812128992501867, 0.33333333333333337, 13.775346916877783
0.13915572352356295, 0.33333333333333337, 1.6026180104416976
0.1175617021811497, 0.33333333333333337, 10.907990568319892
0.0716668476919224, 0.33333333333333337, 4.740124544446727
0.12852517137859162, 0.33333333333333337, 22.87929000183979
0.1533845006239946, 0.33333333333333337, 15.610805514866291
0.12739617483194665, 0.33333333333333337, 32.983569632735154
0.16701513801257828, 0.33333333333333337, 6.7034405773011105
0.15251783326648014, 0.33333333333333337, 0.39431856876936505
0.12175574306367253, 0.33333333333333337, 1.838630159585662
0.1259204370185133, 0.33333333333333337, 1.2911187815517422
0.10206748041805945, 0.33333333333333337, 6.971787262301214
0.12588962484756286, 0.33333333333333337, 7.467106659165376
0.13530388726081766, 0.33333333333333337, 10.657116369221427
0.10062716934488862, 0.33333333333333337, 7.021433579510813
0.13520195049307535, 0.33333333333333337, 6.294633141558682
0.1261104964004102, 0.33333333333333337, 5.493818791622468
0.12843305942606473, 0.33333333333333337, 2.972054106122663
0.09308699333355752, 0.33333333333333337, 12.641463794382162
0.11078387059238586, 0.33333333333333337, 19.1574487356063
0.15575655665820332, 0.33333333333333337, 4.389025083917426
0.07253671335123768, 0.33333333333333337, 9.689625095386816
0.14260972123345106, 0.33333333333333337, 1.9239412091904655
0.12798277480462159, 0.33333333333333337, 6.2747901197159885
0.14435086604507574, 0.33333333333333337, 15.53909765828029
0.12989966587543544, 0.33333333333333337, 11.683781670082316
0.1254890410179437, 0.33333333333333337, 6.844008434223898
0.10257081352146878, 0.33333333333333337, 27.907954879500558
0.06814718424404145, 0.33333333333333337, 4.2555242010608545
0.0605843749365217, 0.33333333333333337, 42.82683886030482
0.07156196499425219, 0.33333333333333337, 16.467724099322115
0.1124131546643917, 0.33333333333333337, 7.581708423213003
0.08711177969477293, 0.33333333333333337, 20.69298726528866
0.11848422018946765, 0.33333333333333337, 2.8715423827131827
0.08837125528094569, 0.33333333333333337, 14.116145449418354
0.10861330129922218, 0.33333333333333337, 18.61276479042015
0.0605707953986886, 0.33333333333333337, 30.99038414746202
0.15919900320819239, 0.33333333333333337, 5.1381631527956815
0.15849801908270764, 0.33333333333333337, 21.87637146810055
0.09934383657697315, 0.33333333333333337, 20.3917994011561
0.159081306983492, 0.33333333333333337, 15.588542913088778
0.1075082281777515, 0.33333333333333337, 14.226913780573172
0.10985879410234889, 0.33333333333333337, 29.137611665326816
0.07047321991302716, 0.33333333333333337, 3.7650828950398902
0.12728670900423059, 0.33333333333333337, 22.41425028063669
0.10705341605047428, 0.33333333333333337, 2.682810799618674
0.12469646543462708, 0.33333333333333337, 2.2331536926592235
0.0814011850980573, 0.33333333333333337, 1.0717437020647052
0.13277258956596602, 0.33333333333333337, 2.9474605719290463
0.14515902973101935, 0.33333333333333337, 5.7034302992576515
0.14088077061924825, 0.33333333333333337, 17.69668946626848
0.07172283586099473, 0.33333333333333337, 2.072135017665484
0.07355919829246263, 0.33333333333333337, 6.6676098082349675
0.17168058624303714, 0.33333333333333337, 1.8421734500729614
0.0312082263038565, 0.33333333333333337, 3.6570645760912126
0.12471405552216022, 0.33333333333333337, 0.6600578070793484
0.13208869243308588, 0.33333333333333337, 24.614447924530737
0.1107335282525009, 0.33333333333333337, 7.034370600324591
0.1594680736982937, 0.33333333333333337, 6.506762195598793
0.0827720536080443, 0.33333333333333337, 3.058724297568846
0.12746966761059686, 0.33333333333333337, 0.8510508778100108
0.0940843508665906, 0.33333333333333337, 1.1094133964517043
0.09003321532916324, 0.33333333333333337, 35.39295517704509
0.14272443377925823, 0.33333333333333337, 3.987251613913593
0.11444046077143741, 0.33333333333333337, 1.1014275585112445
0.1698974547925573, 0.33333333333333337, 1.3814138768721085
0.1692135632036159, 0.33333333333333337, 10.143669626872569
0.08979859170799294, 0.33333333333333337, 3.026934381037029
0.11092998775532192, 0.33333333333333337, 0.4042824138185993
0.1623876849261846, 0.33333333333333337, 0.6861565573216831
0.14560294485718211, 0.33333333333333337, 12.28843647558528
0.14213814298604663, 0.33333333333333337, 4.59701235431857
0.13306049766615988, 0.33333333333333337, 2.9567564898290204
0.13517224961812915, 0.33333333333333337, 6.907131061057184
0.09522732951448261, 0.33333333333333337, 2.1483982461980484
0.13853386087004022, 0.33333333333333337, 22.9311494303595
0.15985246450746293, 0.33333333333333337, 12.269684469904423
0.12085682146328158, 0.33333333333333337, 1.977898654465276
0.06780698953683559, 0.33333333333333337, 23.821631391143892
0.17871885313691765, 0.33333333333333337, 32.279446238179865
0.14583149518424898, 0.33333333333333337, 6.054168983569068
0.15789716629272663, 0.33333333333333337, 9.620410767679935
0.08101635801181284, 0.33333333333333337, 2.5279062913945562
0.1400360605068779, 0.33333333333333337, 3.879904457588775
0.08613777663934147, 0.33333333333333337, 10.795351694785245
0.10524714407218408, 0.33333333333333337, 82.8292621361242
0.09881333199911776, 0.33333333333333337, 7.229913027320583
0.12825033014129766, 0.33333333333333337, 0.8453229930839483
0.0965226372897601, 0.33333333333333337, 11.26935333332472
0.12107425992775765, 0.33333333333333337, 26.335099214717932
0.1074578855542275, 0.33333333333333337, 10.909357810859062
0.07929320754106019, 0.33333333333333337, 32.122700969366754
0.1304695619951254, 0.33333333333333337, 0.6723082542855632
0.13609993986931784, 0.33333333333333337, 2.3135911640643223
0.1493429882795947, 0.33333333333333337, 2.4263394155640827
0.10794443348279459, 0.33333333333333337, 2.674468190717243
0.1281339988994064, 0.33333333333333337, 2.3721316827994547
0.07895855085543366, 0.33333333333333337, 1.6836440666535741
0.15145561935919188, 0.33333333333333337, 8.083558476735146
0.08501875250370035, 0.33333333333333337, 17.547555862689787
0.13623834634429027, 0.33333333333333337, 12.263645479142683
0.1302801802431697, 0.33333333333333337, 5.6760347933142805
0.16423372530574018, 0.33333333333333337, 1.6298250332541695
0.09263300208554548, 0.33333333333333337, 2.1475712999450027
0.13037972836363526, 0.33333333333333337, 1.74797979113604
0.1407087936302298, 0.33333333333333337, 18.85576324108748
0.15442678562408674, 0.33333333333333337, 4.0819429198202
0.10503653328122171, 0.33333333333333337, 37.68447165692213
0.1528743708884221, 0.33333333333333337, 6.784569093238304
0.11518494543034277, 0.33333333333333337, 18.486203515761677
0.10388182248285448, 0.33333333333333337, 12.716252592264246
0.11960304088653377, 0.33333333333333337, 2.21666535988994
0.11370850584606862, 0.33333333333333337, 17.00009156395056
0.09179945782383496, 0.33333333333333337, 14.582964981815534
0.11278920694172553, 0.33333333333333337, 3.801003335157886
0.14262826780903795, 0.33333333333333337, 9.235616134467461
0.17307778670672563, 0.33333333333333337, 0.1306688765862672
0.14744176681852533, 0.33333333333333337, 12.074818055650656
0.16523371005808807, 0.33333333333333337, 4.410108117203587
0.12546315146333267, 0.33333333333333337, 4.346309370523915
0.1269346532115326, 0.33333333333333337, 38.812920108540766
0.09967321544099113, 0.33333333333333337, 4.49398371250231
0.13488958236676662, 0.33333333333333337, 3.7076041493191747
0.10516507061565741, 0.33333333333333337, 7.363952371562233
0.09950368927602023, 0.33333333333333337, 0.27972813483502784
0.12432045516596597, 0.33333333333333337, 9.55963870111042
0.09185983400517765, 0.33333333333333337, 2.392961924078157
0.10389810595595912, 0.33333333333333337, 17.745703658590497
0.12653267253331127, 0.33333333333333337, 6.296929333039167
0.10063234337417357, 0.33333333333333337, 0.6516974244105693
0.14488434466308756, 0.33333333333333337, 8.414019889803892
0.10200027578592497, 0.33333333333333337, 1.0795600921135375
0.08617727796715777, 0.33333333333333337, 13.737963502671793
0.0931263973137122, 0.33333333333333337, 5.057732178001294
0.11143145188768475, 0.33333333333333337, 0.44056332856313524
0.09771621572046343, 0.33333333333333337, 0.7678401837468692
0.1130552233837159, 0.33333333333333337, 14.134826371056946
0.11712951034167284, 0.33333333333333337, 17.310786868365955
0.06138429244193961, 0.33333333333333337, 9.997010927241044
0.1759346943899942, 0.33333333333333337, 1.8023677957830078
0.10165648480720402, 0.33333333333333337, 29.78366912736729
0.09506453151135337, 0.33333333333333337, 0.1416923436794967
0.10271129542020821, 0.33333333333333337, 6.5741587669800285
0.11495952351795945, 0.33333333333333337, 12.450193673690876
0.13165322327834408, 0.33333333333333337, 3.973915474919196
0.09569795771404055, 0.33333333333333337, 27.232882198669266
0.13469714167651536, 0.33333333333333337, 7.866999254860178
0.12156986835720193, 0.33333333333333337, 1.7787501128523089
0.1598499317433842, 0.33333333333333337, 13.930732945427895
0.13992479124472448, 0.33333333333333337, 1.5266979996342651
0.05886792050077335, 0.33333333333333337, 29.533610172068624
0.1293338067557796, 0.33333333333333337, 23.20846888678528
0.13702180740822562, 0.33333333333333337, 35.01315875761672
0.12619182748999952, 0.33333333333333337, 4.126962544821019
0.15633816691222918, 0.33333333333333337, 28.705997238375385
0.16221848599588623, 0.33333333333333337, 9.687091545756408
0.12837326983831826, 0.33333333333333337, 10.52935738196739
0.08916086416868088, 0.33333333333333337, 15.710402726627105
0.1051203769575706, 0.33333333333333337, 8.07942538963666
0.12909174117521807, 0.33333333333333337, 6.686936124809714
0.10781247267823242, 0.33333333333333337, 7.087900502071689
0.11396315615193009, 0.33333333333333337, 1.2768036874456643
0.10190878124714883, 0.33333333333333337, 15.53999345234774
0.13030433682726983, 0.33333333333333337, 22.1894116919875
0.12676035318653506, 0.33333333333333337, 2.497466502993049
0.14243220335591267, 0.33333333333333337, 6.472531763725565
0.16211007983235862, 0.33333333333333337, 0.8473043060489754
0.12799393629443223, 0.33333333333333337, 3.8755771895800595
0.07887331545203685, 0.33333333333333337, 12.216692100665586
0.14783999245165755, 0.33333333333333337, 20.377770940478094
0.15209288886129704, 0.33333333333333337, 8.252626295668529
0.13197985351568545, 0.33333333333333337, 4.993590027757924
0.1218160141316474, 0.33333333333333337, 8.737016228830095
0.14529314633138649, 0.33333333333333337, 1.2842096273514823
0.07797084243463408, 0.33333333333333337, 12.508718446520193
0.09860603470211882, 0.33333333333333337, 5.013862733062844
0.14419557766505253, 0.33333333333333337, 17.13291297827797
0.12341904238105007, 0.33333333333333337, 2.959494796957747
0.12160050441383399, 0.33333333333333337, 3.7242622115651662
0.14155673652687045, 0.33333333333333337, 12.031152279480873
0.1504837457861529, 0.33333333333333337, 16.574414925597637
0.062405856313423616, 0.33333333333333337, 28.064848841359495
0.11796913499642588, 0.33333333333333337, 17.935198868120963
0.16032695166978822, 0.33333333333333337, 7.662702312257332
0.09049784285735162, 0.33333333333333337, 8.81341370182209
0.16819404223659284, 0.33333333333333337, 1.9634038827101918
0.10800015166713273, 0.33333333333333337, 5.647705682677132
0.06971095718384922, 0.33333333333333337, 7.550006943253972
0.11397251516899405, 0.33333333333333337, 7.894231997377828
0.14598955767725938, 0.33333333333333337, 5.127642902994373
0.18067827876284626, 0.33333333333333337, 5.193501651517801
0.08130013030625258, 0.33333333333333337, 17.536266591974453
0.07904855580019429, 0.33333333333333337, 1.713046417280032
0.1348761462496924, 0.33333333333333337, 3.4579316407316543
0.13467153596711318, 0.33333333333333337, 0.857866581982184
0.09828139504131986, 0.33333333333333337, 10.48850734033425
0.15111015178284093, 0.33333333333333337, 20.748183660578007
0.11887316051762832, 0.33333333333333337, 11.177529274449526
0.14576506279621937, 0.33333333333333337, 5.772723171088497
0.17865537495292755, 0.33333333333333337, 13.491924422583086
0.12394163807440049, 0.33333333333333337, 5.806749655910162
0.14740076458044915, 0.33333333333333337, 4.050533033077018
0.12163682176557834, 0.33333333333333337, 11.436176207279752
0.10177203156621316, 0.33333333333333337, 5.391838297151388
0.12579319186000915, 0.33333333333333337, 0.6096750177439683
0.13432164743465685, 0.33333333333333337, 4.240882925082702
0.09864580807777426, 0.33333333333333337, 3.50301883614081
0.11072853616103961, 0.33333333333333337, 6.206192835468543
0.11866253189457794, 0.33333333333333337, 1.581087648338455
0.13102096074113534, 0.33333333333333337, 3.0659186880102887
0.06615004600722378, 0.33333333333333337, 9.850935785765351
0.09632399610423545, 0.33333333333333337, 2.755938174857584
0.12192082723443645, 0.33333333333333337, 1.9396767790303635
0.061800424950758846, 0.33333333333333337, 11.393749858243995
0.12100214533707987, 0.33333333333333337, 14.816735341095034
0.0936358419985556, 0.33333333333333337, 8.44722305720107
0.13658374291690054, 0.33333333333333337, 1.6858725511108164
0.10807044086409767, 0.33333333333333337, 11.172478008815178
0.11222042461220866, 0.33333333333333337, 3.4793548939929066
0.10378482715476159, 0.33333333333333337, 15.05969698666554
0.10539151507333301, 0.33333333333333337, 4.247376693613627
0.09981338807401, 0.33333333333333337, 10.467202313273042
0.10634617402563891, 0.33333333333333337, 2.3108880663836584
0.15600147172897122, 0.33333333333333337, 10.72042001676378
0.13940844972759336, 0.33333333333333337, 3.3476044095712427
0.08567854561602406, 0.33333333333333337, 11.180803640028339
0.11975518583190031, 0.33333333333333337, 12.569874658064782
0.1422017424508269, 0.33333333333333337, 20.277182136926577
0.1522734902411429, 0.33333333333333337, 10.436246938526441
0.12541623250563977, 0.33333333333333337, 3.983616951463931
0.09351429457135949, 0.33333333333333337, 4.619735203654501
0.0508446108327069, 0.33333333333333337, 5.489121526966691
0.12765368738937613, 0.33333333333333337, 5.803759267861487
0.10840651138409874, 0.33333333333333337, 16.97355984991673
0.09619476060459885, 0.33333333333333337, 7.198496368874024
0.17013414126908086, 0.33333333333333337, 0.3246704530638953
0.15013745163550962, 0.33333333333333337, 10.059023920340211
0.164023826211656, 0.33333333333333337, 15.573496300382825
0.1413039438574514, 0.33333333333333337, 17.171084655607835
0.15570904272430738, 0.33333333333333337, 10.423166975321617
0.1406210006582284, 0.33333333333333337, 4.068325171483096
0.11134881632013333, 0.33333333333333337, 2.6883412947865932
0.12725327029172082, 0.33333333333333337, 12.376053321252352
0.16521838915028822, 0.33333333333333337, 32.019285540074854
0.11488864470009169, 0.33333333333333337, 16.018512932280682
0.09862927691353175, 0.33333333333333337, 13.718549022955285
0.15893980157275397, 0.33333333333333337, 4.4549844172945035
0.1610353968391809, 0.33333333333333337, 22.46933510261037
0.15044819402017046, 0.33333333333333337, 10.813329660406339
0.1586340964493867, 0.33333333333333337, 5.571147493995412
0.10520401385604067, 0.33333333333333337, 17.06075318833362
0.10523871131970841, 0.33333333333333337, 40.09549207897498
0.1036965859816445, 0.33333333333333337, 13.761761272187378
0.1728351201709925, 0.33333333333333337, 2.570649376036018
0.12317622894783564, 0.33333333333333337, 9.06047215389345
0.07523584541109259, 0.33333333333333337, 5.042062589735598
0.15567257126301348, 0.33333333333333337, 10.737616822850997
0.11157180156296849, 0.33333333333333337, 0.22265939520786007
0.12595652144767228, 0.33333333333333337, 14.010942814364974
0.11351550878811063, 0.33333333333333337, 11.551732251236187
0.07355229237149542, 0.33333333333333337, 0.03179908518628213
0.14407346399349494, 0.33333333333333337, 2.2793877845685824
0.1689690718450569, 0.33333333333333337, 0.47115374222187023
0.10061920010848387, 0.33333333333333337, 2.8531813163193225
0.1973357523300353, 0.33333333333333337, 6.824076928376623
0.15246108888574175, 0.33333333333333337, 7.758276920345878
0.14390409663397452, 0.33333333333333337, 1.0890585667886108
0.1745523611486599, 0.33333333333333337, 7.301692192767789
0.10401498173751486, 0.33333333333333337, 6.311272470896374
0.13307339886033398, 0.33333333333333337, 11.167495708198123
0.16030170381334316, 0.33333333333333337, 3.1598337380946453
0.11432248389574896, 0.33333333333333337, 7.077453962580599
0.09682991939199886, 0.33333333333333337, 8.037921436775955
0.06272823727471591, 0.33333333333333337, 3.053530940039728
0.08760371835755164, 0.33333333333333337, 41.91574574945546
0.1275474989991016, 0.33333333333333337, 1.9976972688823664
0.14607365257656668, 0.33333333333333337, 19.609265898655174
0.12887276606858364, 0.33333333333333337, 12.804510835432884
0.09290483238211664, 0.33333333333333337, 9.294545930395355
0.059637817392760785, 0.33333333333333337, 26.33280515457256
0.09848708941480311, 0.33333333333333337, 13.720682110729218
0.0487169807629048, 0.33333333333333337, 4.1464142669054
0.10553440795868102, 0.33333333333333337, 24.936533428142074
0.12443662505454799, 0.33333333333333337, 11.739168216067736
0.0368106026421442, 0.33333333333333337, 1.4097627474538377
0.10455231465363442, 0.33333333333333337, 2.1175075826551795
0.12243828319455563, 0.33333333333333337, 7.902235862248208
0.12045057955344568, 0.33333333333333337, 19.579355614161326
0.1636976650868039, 0.33333333333333337, 8.775451686157082
0.14517964346528625, 0.33333333333333337, 2.767878426114786
0.13224636693047803, 0.33333333333333337, 5.83337949189172
0.10383915538577426, 0.33333333333333337, 25.946510262838597
0.163048959055703, 0.33333333333333337, 5.694302335758495
0.08673467919917538, 0.33333333333333337, 5.220661485895001
0.08562011698280661, 0.33333333333333337, 0.6793413626284177
0.1539933430271757, 0.33333333333333337, 1.5431687704498447
0.07347135329790448, 0.33333333333333337, 11.693232248977582
0.11165110326797292, 0.33333333333333337, 1.2918323341635272
0.10268093910820031, 0.33333333333333337, 1.460404467148178
0.10803526642294975, 0.33333333333333337, 3.514700751825502
0.0952894737516564, 0.33333333333333337, 0.26280377830823365
0.0849963876475783, 0.33333333333333337, 33.70391226225524
0.1734554734975723, 0.33333333333333337, 23.389920489487103
0.14924478798935398, 0.33333333333333337, 12.94225429546589
0.11958173405055254, 0.33333333333333337, 1.5917892617055962
0.1409274898674135, 0.33333333333333337, 0.49034716689875546
0.15462756099038114, 0.33333333333333337, 15.295603689280494
0.12024127532476188, 0.33333333333333337, 2.1152331075148743
0.14632884380065536, 0.33333333333333337, 7.097811631897025
0.13273574202922744, 0.33333333333333337, 13.763769258395893
0.08317130299524769, 0.33333333333333337, 60.06100360507657
0.09790499590386448, 0.33333333333333337, 5.389542654433103
0.12497741502817489, 0.33333333333333337, 6.00076955800842
0.1263776934889422, 0.33333333333333337, 11.811604994062755
0.13957978069448843, 0.33333333333333337, 5.467205950976092
0.12788822894103777, 0.33333333333333337, 31.33599566957217
0.20833551964071778, 0.33333333333333337, 2.3718808908972595
0.11650146802619808, 0.33333333333333337, 2.4883492184132026
0.1470191301467876, 0.33333333333333337, 4.338707770539919
0.11653281119973138, 0.33333333333333337, 6.055992958846335
0.15532012065984557, 0.33333333333333337, 1.8164614424399717
0.11450697127691488, 0.33333333333333337, 4.433442481808728
0.1368621923078627, 0.33333333333333337, 11.050315527732439
0.11122511417810366, 0.33333333333333337, 4.660931723096284
0.11845200521974794, 0.33333333333333337, 6.6160129417293385
0.1678744592299144, 0.33333333333333337, 4.968915108247565
0.07612775183061, 0.33333333333333337, 5.843550587663681
0.197772823284872, 0.33333333333333337, 4.0880409245005715
0.10211897185077076, 0.33333333333333337, 6.83953674252578
0.13977249116179905, 0.33333333333333337, 0.25016665505956776
0.11537395169810823, 0.33333333333333337, 1.955533057498012
0.14157944807904074, 0.33333333333333337, 2.778142679847217
0.10901417581535244, 0.33333333333333337, 0.7022236993283927
0.10111713248498011, 0.33333333333333337, 6.420214226423069
0.11382753975741387, 0.33333333333333337, 31.888313043430273
0.1330110727467248, 0.33333333333333337, 21.626770630708382
0.11026140986405114, 0.33333333333333337, 2.657944153581013
0.10172530631333242, 0.33333333333333337, 0.23589127615382036
0.10960469317910204, 0.33333333333333337, 3.5990138142825
0.1309318162152621, 0.33333333333333337, 24.951772713378034
0.11618598658292305, 0.33333333333333337, 30.08197793112441
0.11661483718997151, 0.33333333333333337, 21.627219921592747
0.06909087643205306, 0.33333333333333337, 0.337549370671651
0.11597058144480231, 0.33333333333333337, 2.5131865134630518
0.11818214149861771, 0.33333333333333337, 11.53446574132801
0.10577434667101088, 0.33333333333333337, 8.592984149169546
0.17345509680360288, 0.33333333333333337, 9.996375402773971
0.13158567272477228, 0.33333333333333337, 19.527628994401212
0.11202474671848926, 0.33333333333333337, 61.40652674584062
0.09041975526217277, 0.33333333333333337, 1.4642440767529994
0.18392609272323113, 0.33333333333333337, 3.7163195704301613
0.11263936665230313, 0.33333333333333337, 9.302666825926861
0.10932499640211898, 0.33333333333333337, 2.806593375554712
0.11743128186751345, 0.33333333333333337, 11.080231680440477
0.10336286106085497, 0.33333333333333337, 3.2499938678901517
0.10648743321166831, 0.33333333333333337, 3.24456343343755
0.127486822409046, 0.33333333333333337, 17.348730052832533
0.09486751532701243, 0.33333333333333337, 6.20050810272056
0.11067073966385542, 0.33333333333333337, 3.975334234340947
0.1173239700748013, 0.33333333333333337, 1.8174113195159052
0.09382670868304717, 0.33333333333333337, 1.297747871550798
0.12181183237603607, 0.33333333333333337, 12.700829242864817
0.15627660581543454, 0.33333333333333337, 49.51770914777174
0.11878199467809351, 0.33333333333333337, 10.424594306641538
0.060528016712319256, 0.33333333333333337, 35.49989070020383
0.12918144529529468, 0.33333333333333337, 2.5407575680232903
0.13398417168070195, 0.33333333333333337, 2.289511362097021
0.10689851772194116, 0.33333333333333337, 4.636362127143171
0.06457819913649526, 0.33333333333333337, 17.280765978892614
0.06521455448057756, 0.33333333333333337, 1.5855039010119583
0.11123760110427912, 0.33333333333333337, 16.302144552345283
0.17889667769421755, 0.33333333333333337, 27.89076798634621
0.17405924325713462, 0.33333333333333337, 5.908306259452532
0.16287611417488954, 0.33333333333333337, 3.7036457048700107
0.12684496423874642, 0.33333333333333337, 2.458857179692046
0.10207588530580697, 0.33333333333333337, 6.74446953022887
0.13392083468359037, 0.33333333333333337, 4.327880385833898
0.10371784915888005, 0.33333333333333337, 2.833347789585066
0.14080129365882255, 0.33333333333333337, 36.2018054079334
0.10052672181072736, 0.33333333333333337, 2.7356972564229234
0.12281969318836412, 0.33333333333333337, 8.878450103731728
0.09302547432389788, 0.33333333333333337, 7.745282059732478
0.14726049127805843, 0.33333333333333337, 21.341775082813086
0.12229825186645654, 0.33333333333333337, 4.779481515669891
0.15918134429848985, 0.33333333333333337, 13.412176232625828
0.1029108113644864, 0.33333333333333337, 1.357419239436379
0.13894644855299604, 0.33333333333333337, 14.57176142649255
0.10823164044295161, 0.33333333333333337, 7.380721967732261
0.09863166751437918, 0.33333333333333337, 90.11389563968187
0.15905490944216713, 0.33333333333333337, 8.982810672366165
0.058694518621742346, 0.33333333333333337, 2.153010348163012
0.05663772542033155, 0.33333333333333337, 14.047503085392455
0.10547384497165055, 0.33333333333333337, 2.247014319438327
0.14541787770339992, 0.33333333333333337, 3.523049294182056
0.1349404415064233, 0.33333333333333337, 3.223887827198672
0.12592909041855233, 0.33333333333333337, 4.71478362788231
0.09994568321515522, 0.33333333333333337, 0.47348623153422026
0.16415752228359398, 0.33333333333333337, 45.619192098756066
0.1317799789834543, 0.33333333333333337, 5.314076791418443
0.13525279821408234, 0.33333333333333337, 22.451798503955555
0.13942579796551605, 0.33333333333333337, 8.680746514065307
0.08823505589305389, 0.33333333333333337, 2.688981372575722
0.10744954886860644, 0.33333333333333337, 14.659244937625065
0.11082588285828524, 0.33333333333333337, 21.19600317607671
0.11803459126470643, 0.33333333333333337, 1.6155421295302443
0.14300152670257266, 0.33333333333333337, 14.008129055965407
0.10661990986993959, 0.33333333333333337, 9.241381279993107
0.10036177275372671, 0.33333333333333337, 1.991604607866243
0.12534720513934977, 0.33333333333333337, 3.166944517810341
0.1460221049015349, 0.33333333333333337, 32.1191692266782
0.08499651530832333, 0.33333333333333337, 4.190038499535074
0.06589418971724996, 0.33333333333333337, 16.362363613114262
0.1901957176960068, 0.33333333333333337, 17.251710829497245
0.07960575470200848, 0.33333333333333337, 6.996737756416962
0.07225210654369513, 0.33333333333333337, 0.7093040775760028
0.09385663868096436, 0.33333333333333337, 3.448958288178546
0.14600827176149686, 0.33333333333333337, 8.529790691084651
0.15171702018244082, 0.33333333333333337, 6.057323307818166
0.11926748223146612, 0.33333333333333337, 6.865038021788413
0.15051034026130708, 0.33333333333333337, 40.71801600167511
0.14930725495954125, 0.33333333333333337, 25.588486686108585
0.1725337132296148, 0.33333333333333337, 11.260477726868713
0.11227822180471105, 0.33333333333333337, 10.274967426243428
0.05804238940361826, 0.33333333333333337, 28.857284457303805
0.06142059306064416, 0.33333333333333337, 4.372957395749807
0.17759280633730157, 0.33333333333333337, 0.647695335123885
0.10288837327245813, 0.33333333333333337, 11.6909238973763
0.15556327482940369, 0.33333333333333337, 1.5574208718449423
0.11001752340677882, 0.33333333333333337, 5.225583362983038
0.09155546789793807, 0.33333333333333337, 6.672273638538577
0.125275505359232, 0.33333333333333337, 48.404269366812365
0.15328891691981364, 0.33333333333333337, 4.061629281951918
0.1813566503501473, 0.33333333333333337, 1.6058469880256638
0.13311143383785962, 0.33333333333333337, 4.434961674411098
0.11975084932007739, 0.33333333333333337, 29.36040187735006
0.14088230840225613, 0.33333333333333337, 2.3565693340200773
0.11846938606106765, 0.33333333333333337, 0.8647464047034009
0.13679892531230256, 0.33333333333333337, 5.402021487640739
0.12065974820625053, 0.33333333333333337, 12.313864892212933
0.0809635727529455, 0.33333333333333337, 2.677187765120167
0.09594722519947636, 0.33333333333333337, 1.6435395548636897
0.08504165065421077, 0.33333333333333337, 7.628871436830973
0.1395804090174175, 0.33333333333333337, 15.764108226310812
0.11580063920447675, 0.33333333333333337, 11.49382733515937
0.11651202104392099, 0.33333333333333337, 7.780546650615087
0.1071950529958661, 0.33333333333333337, 3.371826138567703
0.07964604624472071, 0.33333333333333337, 3.8575530911438864
0.10340858096280754, 0.33333333333333337, 7.200830490371057
0.09017353138805376, 0.33333333333333337, 14.08090095267892
0.12065917147496363, 0.33333333333333337, 1.5771667104978109
0.17686386242281021, 0.33333333333333337, 5.129060286879886
0.11546511218689022, 0.33333333333333337, 2.262179437330939
0.11318389196746281, 0.33333333333333337, 7.540323580938307
0.1381380393487197, 0.33333333333333337, 6.771028442297366
0.11024586746982212, 0.33333333333333337, 10.646020808793521
0.10412426049612734, 0.33333333333333337, 4.659579639919855
0.12305085667292939, 0.33333333333333337, 2.9125852223061863
0.12919626703357023, 0.33333333333333337, 5.047162663187593
0.1028055494454504, 0.33333333333333337, 6.404563250041579
0.11770566214182643, 0.33333333333333337, 9.781321295133463
0.17135618267623895, 0.33333333333333337, 11.233678227046434
0.1341431147640554, 0.33333333333333337, 9.0987643200959
0.1097667555824765, 0.33333333333333337, 24.513604923460363
0.13684930353877045, 0.33333333333333337, 12.239699285790719
0.13247337157680275, 0.33333333333333337, 6.066405226982792
0.08207599472009974, 0.33333333333333337, 1.39102789067521
0.11036065556733324, 0.33333333333333337, 7.589749581411244
0.09034467561967834, 0.33333333333333337, 1.1882043155340611
0.10479471157454119, 0.33333333333333337, 10.328066861057028
0.1473174326323218, 0.33333333333333337, 4.298712246036119
0.09070368184373034, 0.33333333333333337, 19.66758383730156
0.1383795992396686, 0.33333333333333337, 4.026957060472951
0.13358704661489837, 0.33333333333333337, 1.546766713336649
0.14616026066758556, 0.33333333333333337, 0.36222539542788956
0.14583298399810646, 0.33333333333333337, 26.860078534106425
0.1356716495295507, 0.33333333333333337, 0.8682028159161572
0.09151518081124953, 0.33333333333333337, 22.86883151791564
0.1639379285430233, 0.33333333333333337, 17.22363551887243
0.12794561933613624, 0.33333333333333337, 4.979640314062969
0.16899066819396097, 0.33333333333333337, 21.0019058665604
0.1127858859326968, 0.33333333333333337, 1.9283090709082462
0.1663495540805106, 0.33333333333333337, 0.7485504715691911
0.13762366666531414, 0.33333333333333337, 10.828319856104175
0.08699993632251096, 0.33333333333333337, 13.504118195142258
0.14959209741010576, 0.33333333333333337, 3.5179458385716633
0.1080457247986231, 0.33333333333333337, 9.903760038533798
0.07952383963599582, 0.33333333333333337, 10.675723408939172
0.09858412940635858, 0.33333333333333337, 8.559442849883293
0.18465473971540697, 0.33333333333333337, 6.410442696898554
0.13291868117475988, 0.33333333333333337, 19.216419435207495
0.18231052133849823, 0.33333333333333337, 14.431432453852883
0.08415907053735967, 0.33333333333333337, 50.068136211837626
0.14781142811710615, 0.33333333333333337, 3.7494450246635624
0.11578445594149361, 0.33333333333333337, 15.328599719727134
0.0975355029342929, 0.33333333333333337, 16.38264410525036
0.09089509466939287, 0.33333333333333337, 3.1955132826912642
0.12499791923746206, 0.33333333333333337, 14.076566224579214
0.1163758106503345, 0.33333333333333337, 59.14237058259478
0.16294675825592225, 0.33333333333333337, 5.953609732653195
0.16447451717513073, 0.33333333333333337, 3.43905564253447
0.13576109933798042, 0.33333333333333337, 16.00151717240588
0.1293545166073032, 0.33333333333333337, 9.350700251566247
0.13142594427282026, 0.33333333333333337, 9.618778863436004
0.08258288788052505, 0.33333333333333337, 8.488146138206009
0.1729025380521326, 0.33333333333333337, 0.7037265902309102
0.09003071017995201, 0.33333333333333337, 0.9139306553362876
0.10812429051934033, 0.33333333333333337, 2.1454034976989487
0.171825983876851, 0.33333333333333337, 1.2096331866964511
0.044477378131375644, 0.33333333333333337, 37.42229002624013
0.11787382488823224, 0.33333333333333337, 12.550750034242768
0.06816333156891, 0.33333333333333337, 4.099373965896367
0.09836176828880319, 0.33333333333333337, 9.349929482070225
0.1307924134079306, 0.33333333333333337, 3.3201322176606625
0.1637049721901229, 0.33333333333333337, 0.4920898247631339
0.11157288955889699, 0.33333333333333337, 1.5186867596214015
0.13803943456259135, 0.33333333333333337, 1.0314556510240827
0.15280443852653294, 0.33333333333333337, 5.894089396861435
0.14379606904155187, 0.33333333333333337, 8.06351402165588
0.08735180046938687, 0.33333333333333337, 26.758032516085667
0.0879488961327324, 0.33333333333333337, 18.43808376600263
0.10520418574405775, 0.33333333333333337, 2.0776526669139717
0.09695413187714332, 0.33333333333333337, 64.94323644285907
0.06676007991675023, 0.33333333333333337, 14.150354294815264
0.14128584121094329, 0.33333333333333337, 74.5014194272379
0.08673249174892636, 0.33333333333333337, 20.257220445881735
0.08639500341306079, 0.33333333333333337, 3.113757863346586
0.09471716743969785, 0.33333333333333337, 33.62203404530289
0.14582361593794183, 0.33333333333333337, 7.188947060716026
0.13797795461080775, 0.33333333333333337, 1.2328563107404689
0.09590015408759196, 0.33333333333333337, 3.9511199656886093
0.12606170058448038, 0.33333333333333337, 10.067558744947272
0.09404128285488346, 0.33333333333333337, 0.13746963351848732
0.1397956081718906, 0.33333333333333337, 1.3685038741633755
0.10837527205214992, 0.33333333333333337, 13.694295923282144
0.11942966575901882, 0.33333333333333337, 0.23815675248997167
0.16623012694391381, 0.33333333333333337, 6.865373139824292
0.06816909704857585, 0.33333333333333337, 21.948630013592638
0.06273292304082809, 0.33333333333333337, 67.60494448870666
0.13562400763613683, 0.33333333333333337, 0.1787660807509954
0.1349767290519804, 0.33333333333333337, 1.08568457370675
0.07590030809146685, 0.33333333333333337, 7.870707348632167
0.14861266586813807, 0.33333333333333337, 5.036547339052768
0.136834801147616, 0.33333333333333337, 32.842928437114615
0.1332005722657145, 0.33333333333333337, 6.50215606494169
0.10728527316495251, 0.33333333333333337, 3.7570195212519946
0.15526659924274905, 0.33333333333333337, 5.346123550230065
0.1707456045044144, 0.33333333333333337, 0.6098321174294026
0.09462604781706245, 0.33333333333333337, 19.78781519095923
0.0828815162081375, 0.33333333333333337, 23.718018179870295
0.09874080619565373, 0.33333333333333337, 8.909546115565973
0.11678962608197702, 0.33333333333333337, 3.174015469900977
0.10440354565652546, 0.33333333333333337, 0.31858380867346353
0.12653522368221687, 0.33333333333333337, 2.280461991227237
0.13733320037619104, 0.33333333333333337, 3.1863078779914424
0.101746150567897, 0.33333333333333337, 2.6469608693233635
0.14362958130285503, 0.33333333333333337, 26.61873586515035
0.11456913805678413, 0.33333333333333337, 7.877505068890614
0.15546822623553733, 0.33333333333333337, 12.372394894682266
0.15862590456550757, 0.33333333333333337, 73.33308184234643
0.12483048832720489, 0.33333333333333337, 13.263921804693267
0.12740248799612416, 0.33333333333333337, 25.3836880234428
0.11539937014212247, 0.33333333333333337, 5.670133282389507
0.12642954294979092, 0.33333333333333337, 4.932840881843549
0.11277154884328253, 0.33333333333333337, 3.388597409972162
0.16414071254654033, 0.33333333333333337, 3.3241525872913273
0.12907489317251927, 0.33333333333333337, 38.54677340074498
0.1289688530866808, 0.33333333333333337, 6.0708957990677535
0.07427324089836371, 0.33333333333333337, 1.530521702292901
0.09270063868376353, 0.33333333333333337, 5.918647976572411
0.0960468683714337, 0.33333333333333337, 9.018563906914844
0.07593300351150702, 0.33333333333333337, 8.744377706700869
0.1434305915230871, 0.33333333333333337, 11.82276657901777
0.07090467405599954, 0.33333333333333337, 6.820774560506013
0.06563259170920091, 0.33333333333333337, 5.351034228738714
0.09403585202717439, 0.33333333333333337, 2.5425028117173047
0.07093976814978245, 0.33333333333333337, 6.476999443889881
0.10478411031325732, 0.33333333333333337, 13.04238478489695
0.06573419680067336, 0.33333333333333337, 10.765296716973268
0.09123276920389767, 0.33333333333333337, 12.311593049740273
0.10150823259533331, 0.33333333333333337, 11.64884163304581
0.10503068422547161, 0.33333333333333337, 21.22556893359899
0.09604505288190003, 0.33333333333333337, 9.22472597585999
0.1629946498068405, 0.33333333333333337, 4.639203252644517
0.14683021546240424, 0.33333333333333337, 2.2247132922907413
0.09315338111956101, 0.33333333333333337, 12.031925417290491
0.1324591618473546, 0.33333333333333337, 6.9959604122731145
0.13960332868658717, 0.33333333333333337, 1.6668471096120192
0.15523462571687272, 0.33333333333333337, 5.109174846638412
0.1750093501075157, 0.33333333333333337, 9.084283010672591
0.09988553369917082, 0.33333333333333337, 14.903880628537808
0.1521588240719704, 0.33333333333333337, 22.457987348181582
0.1443738983779843, 0.33333333333333337, 7.919254255964458
0.13212251277409603, 0.33333333333333337, 21.495139061592155
0.16564247140678823, 0.33333333333333337, 17.949482832515084
0.10239645323022913, 0.33333333333333337, 15.29121670287174
0.08655784513995816, 0.33333333333333337, 4.782972753599378
0.09683947254775778, 0.33333333333333337, 17.778688898679924
0.1476762883610444, 0.33333333333333337, 3.460026318655932
0.07535253760147986, 0.33333333333333337, 7.346118259861115
0.14524746771392752, 0.33333333333333337, 23.44340861103058
0.09408011067262169, 0.33333333333333337, 12.63443181122056
0.1270813063391097, 0.33333333333333337, 22.61421452157627
0.0837217059104495, 0.33333333333333337, 24.27657413841082
0.12304399499660666, 0.33333333333333337, 12.455039826145564
0.15740980795213633, 0.33333333333333337, 5.641406497665962
0.06594871433622881, 0.33333333333333337, 9.460027499004253
0.07500605027713694, 0.33333333333333337, 27.523181537269902
0.11252697252849117, 0.33333333333333337, 7.334259947694443
0.12803316516209437, 0.33333333333333337, 12.678423078048864
0.11518227723229137, 0.33333333333333337, 10.456458308813895
0.10326531381272103, 0.33333333333333337, 16.4569708287917
0.1321743685957564, 0.33333333333333337, 1.0583857664628735
0.0962508401569672, 0.33333333333333337, 5.817635153091609
0.13962600750445897, 0.33333333333333337, 1.8436687899239104
0.12641539614255776, 0.33333333333333337, 8.460734823150078
0.07814127256418273, 0.33333333333333337, 9.438173453001939
0.14800107411204522, 0.33333333333333337, 8.60078623982657
0.15190670667837972, 0.33333333333333337, 3.458624779951704
0.11499418295751958, 0.33333333333333337, 6.011694482845742
0.10724562437559985, 0.33333333333333337, 15.29600989622043
0.12126935599323999, 0.33333333333333337, 6.382526411188618
0.08620142925666616, 0.33333333333333337, 9.178021130489993
0.119683943632627, 0.33333333333333337, 5.837417698055784
0.09264166152400378, 0.33333333333333337, 10.692540804564189
0.054873878918534805, 0.33333333333333337, 1.5403003861538902
0.10326456838237136, 0.33333333333333337, 34.74903647794407
0.1185565463814558, 0.33333333333333337, 19.636675500170767
0.10752979362666493, 0.33333333333333337, 22.562026233334198
0.1415862751244893, 0.33333333333333337, 41.49976359699482
0.0728696057853431, 0.33333333333333337, 5.159628972002258
0.10761103447256853, 0.33333333333333337, 4.826580657299282
0.07482720687632818, 0.33333333333333337, 14.148192955411131
0.09529299894311381, 0.33333333333333337, 6.156176731429293
0.12230901970768439, 0.33333333333333337, 9.933307282966972
0.06090768834667254, 0.33333333333333337, 5.785496011029278
0.09629103411643833, 0.33333333333333337, 33.22049694276145
0.13598785692275456, 0.33333333333333337, 2.1180056700735643
0.10456764301465606, 0.33333333333333337, 3.1256317658136963
0.15363506107277838, 0.33333333333333337, 6.160659360265457
0.11046901369688551, 0.33333333333333337, 7.786787685119797
0.09828638723537832, 0.33333333333333337, 1.4644553520255574
0.10459187780865564, 0.33333333333333337, 6.150281422671467
0.1366774723424841, 0.33333333333333337, 1.3767845206293536
0.15754514243142206, 0.33333333333333337, 1.2320299140317033
0.1438687112289643, 0.33333333333333337, 4.2458875970480205
0.10343472995525031, 0.33333333333333337, 2.485250325264846
0.10392776074967146, 0.33333333333333337, 6.589414172040477
0.12205589464919687, 0.33333333333333337, 7.054779825826739
0.10954653425859578, 0.33333333333333337, 4.960638568517833
0.10023020835033825, 0.33333333333333337, 11.933417164411267
0.10120202895611098, 0.33333333333333337, 7.06730934835426
0.1177637785818997, 0.33333333333333337, 6.742493687299427
0.09247459969901384, 0.33333333333333337, 22.60709407226055
0.11519011422512186, 0.33333333333333337, 10.489643648593102
0.0831140941721169, 0.33333333333333337, 3.040347742495614
0.06951030643869027, 0.33333333333333337, 4.649836519069128
0.11059039533120554, 0.33333333333333337, 0.39333187339554687
0.07915731910936694, 0.33333333333333337, 13.823484824716314
0.12250686946908035, 0.33333333333333337, 8.54659485351578
0.1076452781805191, 0.33333333333333337, 6.232834569483001
0.10976164110660047, 0.33333333333333337, 17.960946283710832
0.1746172166811358, 0.33333333333333337, 9.914843132970518
0.0866016615667881, 0.33333333333333337, 0.2410418541220347
0.15445395173243712, 0.33333333333333337, 6.056695255236845
0.14749435742869332, 0.33333333333333337, 3.580010739727023
0.11944613164619071, 0.33333333333333337, 4.730528826218075
0.11274831936416926, 0.33333333333333337, 10.302111713541137
0.09339632115209859, 0.33333333333333337, 9.946553786719067
0.11165608139257734, 0.33333333333333337, 3.0072329486093534
0.13163780207926096, 0.33333333333333337, 14.674578702517854
0.1325005008271983, 0.33333333333333337, 4.733094321337665
0.16852555602171423, 0.33333333333333337, 13.596663981377885
0.167956843708786, 0.33333333333333337, 27.90293864485482
0.15791111715882447, 0.33333333333333337, 4.227095568204523
0.11824414228866167, 0.33333333333333337, 5.543983709092425
0.13884536655513294, 0.33333333333333337, 2.7530310387241834
0.10123628634765279, 0.33333333333333337, 6.503505042358925
0.13966730050288362, 0.33333333333333337, 4.8022637842796145
0.1562818349091455, 0.33333333333333337, 0.9076128054289776
0.14977988262883676, 0.33333333333333337, 4.133706227206936
0.13581172490421278, 0.33333333333333337, 24.223677176864562
0.0528558595425563, 0.33333333333333337, 5.997364292337611
0.1644990723542167, 0.33333333333333337, 22.766592221982716
0.1200253080253318, 0.33333333333333337, 15.852743981329512
0.14056350263823797, 0.33333333333333337, 17.182585120452433
0.15627281960435968, 0.33333333333333337, 3.5895152039920992
0.10092571785676412, 0.33333333333333337, 8.697208489932626
0.11426053842045938, 0.33333333333333337, 0.782006904852564
0.13964163121120346, 0.33333333333333337, 12.295302522242817
0.09799595241146947, 0.33333333333333337, 5.5848968950595985
0.12379570036175375, 0.33333333333333337, 1.3049389827569577
0.12046993005344839, 0.33333333333333337, 2.4231457820691302
0.12660479850096468, 0.33333333333333337, 20.332831658819636
0.14261875427202153, 0.33333333333333337, 0.28178226330663
0.15005505676190828, 0.33333333333333337, 9.412504227365517
0.17273555549545297, 0.33333333333333337, 78.04481532678098
0.08264871131567197, 0.33333333333333337, 3.799278055723118
0.10850065498130344, 0.33333333333333337, 27.186475809659207
0.15696548059671261, 0.33333333333333337, 37.44512969361934
0.14290509268087093, 0.33333333333333337, 3.0967453610390003
0.10225001270048359, 0.33333333333333337, 6.5602278035796715
0.08373910246573257, 0.33333333333333337, 5.442754407912141
0.04607216801606433, 0.33333333333333337, 30.718389118015445
0.09974455743352334, 0.33333333333333337, 2.5952926705727712
0.14059604011496704, 0.33333333333333337, 14.873578773735888
0.10026194656761125, 0.33333333333333337, 5.118406566705929
0.14401518289982737, 0.33333333333333337, 25.702878282680334
0.10409595550467918, 0.33333333333333337, 3.290013535797459
0.1393058152890394, 0.33333333333333337, 1.5131174381745263
0.12113068533158736, 0.33333333333333337, 3.253104330760437
0.13902640568525873, 0.33333333333333337, 4.137848851312343
0.13462054013020466, 0.33333333333333337, 23.961160913320423
0.14859685840330986, 0.33333333333333337, 2.154225537708987
0.08615752790398389, 0.33333333333333337, 26.755761139087877
0.09286989125245963, 0.33333333333333337, 0.6407954133534361
0.17531400173553727, 0.33333333333333337, 7.750064086042446
0.07543988486985095, 0.33333333333333337, 5.0094247806924335
0.11154171437602622, 0.33333333333333337, 27.748184041554047
0.1456235653341088, 0.33333333333333337, 11.834572699674624
0.1126388825237423, 0.33333333333333337, 34.95822859072556
0.1284114150410931, 0.33333333333333337, 24.790858805754755
0.15505878874619886, 0.33333333333333337, 10.84444490670782
0.11480431881880075, 0.33333333333333337, 8.71370389391876
0.17450786922992173, 0.33333333333333337, 11.50467060573214
0.14734623541833164, 0.33333333333333337, 3.296550047996006
0.08576551845928457, 0.33333333333333337, 8.45280934721718
0.1316668656241681, 0.33333333333333337, 12.020226568959504
0.08620216924085455, 0.33333333333333337, 2.6227246598801064
0.03618472506688834, 0.33333333333333337, 2.462271813802936
0.15248291805690756, 0.33333333333333337, 4.376297438980126
0.10044566154559517, 0.33333333333333337, 4.479424001501547
0.12204176982034308, 0.33333333333333337, 20.579311312361327
0.1702858667123252, 0.33333333333333337, 4.264079483937139
0.0762915806560753, 0.33333333333333337, 3.5570454710463446
0.11889108513708709, 0.33333333333333337, 4.907783839331353
0.13937117095330823, 0.33333333333333337, 3.8620890025018193
0.08897563685476693, 0.33333333333333337, 9.29137115166707
0.10375683521818407, 0.33333333333333337, 1.4057209132545572
0.08719493655541463, 0.33333333333333337, 9.613583287498143
0.17235651499523516, 0.33333333333333337, 3.364443236881954
0.10460980332285462, 0.33333333333333337, 1.8969727101807365
0.10600028145878228, 0.33333333333333337, 1.0302565459119986
0.16067977304922007, 0.33333333333333337, 15.908732111975588
0.0876929381303641, 0.33333333333333337, 5.6833304323278435
0.11248919020581685, 0.33333333333333337, 33.15658045206575
0.06850852361557104, 0.33333333333333337, 10.13801316149886
0.14432188444665617, 0.33333333333333337, 5.035653343918136
0.13149855113088274, 0.33333333333333337, 0.8732419117686093
0.114231007966492, 0.33333333333333337, 0.9734884313608952
0.12860664734332153, 0.33333333333333337, 3.217156538078549
0.09868381743426463, 0.33333333333333337, 12.89429096946402
0.15987661367868186, 0.33333333333333337, 2.0875140256228386
0.1270554701778049, 0.33333333333333337, 3.79985039127309
0.10715163165587581, 0.33333333333333337, 0.7413228620207879
0.09409413770363759, 0.33333333333333337, 8.062198105630491
0.11976963180941169, 0.33333333333333337, 3.8417479860799597
0.0827876807947294, 0.33333333333333337, 2.8742159820203383
0.15792386772199474, 0.33333333333333337, 0.3510984172768897
0.13365550980597526, 0.33333333333333337, 6.7605471741892265
0.1464895819509439, 0.33333333333333337, 3.60955004632643
0.12801402699099468, 0.33333333333333337, 11.31185027566252
0.09434355489554475, 0.33333333333333337, 4.944313027852537
0.07893184913289533, 0.33333333333333337, 12.152690256796662
0.10628054260370799, 0.33333333333333337, 14.045365279145772
0.11571203901703264, 0.33333333333333337, 22.987585024203856
0.13062997224530087, 0.33333333333333337, 13.957853993889925
0.08546913188914687, 0.33333333333333337, 2.3897360815132416
0.14935282842091252, 0.33333333333333337, 18.409091591393096
0.09119206296300073, 0.33333333333333337, 2.829002756699589
0.08446787604570721, 0.33333333333333337, 2.496936731265473
0.09481591299818476, 0.33333333333333337, 0.3890968274927711
0.1643538076297943, 0.33333333333333337, 29.336979287404027
0.09237999847181097, 0.33333333333333337, 3.698548515900869
0.11886967183744937, 0.33333333333333337, 12.464269634869034
0.09687358868779758, 0.33333333333333337, 0.8776675022479766
0.16961503063660757, 0.33333333333333337, 27.84940335017736
0.106663488785824, 0.33333333333333337, 1.1609497792480266
0.12235685583964344, 0.33333333333333337, 12.817104193258983
0.10917889980036538, 0.33333333333333337, 7.457483914895623
0.11912194514996892, 0.33333333333333337, 7.213066183621915
0.14652391998060768, 0.33333333333333337, 5.005579361797675
0.1419564035874366, 0.33333333333333337, 2.8881760570295096
0.15458570627119908, 0.33333333333333337, 0.7803752755960156
0.12198235984817807, 0.33333333333333337, 2.781466050144009
0.11963222651918165, 0.33333333333333337, 6.119284935837091
0.10333721323221348, 0.33333333333333337, 6.410356090356121
0.10340398356300644, 0.33333333333333337, 1.112856222347554
0.11223087772558069, 0.33333333333333337, 33.690400864120704
0.12730687839397337, 0.33333333333333337, 15.052217462362403
0.08343935898835048, 0.33333333333333337, 3.869551557164844
0.08484282542924426, 0.33333333333333337, 4.748325694426176
0.11820108088958321, 0.33333333333333337, 7.548034783371774
0.1779191246553995, 0.33333333333333337, 16.51166649743601
0.1614450457961792, 0.33333333333333337, 9.289964889281686
0.15065230204052205, 0.33333333333333337, 34.85688547619768
0.12522120450163124, 0.33333333333333337, 6.185691651606061
0.07693477779982576, 0.33333333333333337, 4.749617245750157
0.0716357616186887, 0.33333333333333337, 7.20718329962228
0.14490300834213515, 0.33333333333333337, 1.1780625132491955
0.13771578245356952, 0.33333333333333337, 15.511632863573038
0.0857347213201658, 0.33333333333333337, 60.53215486105903
0.15136668025226174, 0.33333333333333337, 5.082339329050215
0.04164030453378473, 0.33333333333333337, 1.077456225726533
0.1959360948294881, 0.33333333333333337, 12.41671016713858
0.08153637737407742, 0.33333333333333337, 6.294720925724101
0.1425453647669633, 0.33333333333333337, 8.911916063316609
0.06780772655201187, 0.33333333333333337, 36.50236635046267
0.07570641559419906, 0.33333333333333337, 1.504697037523548
0.08524838137583632, 0.33333333333333337, 9.148770723900011
0.13902771435880407, 0.33333333333333337, 1.0275640687024505
0.1342074244244982, 0.33333333333333337, 20.236566124410604
0.09208645071026189, 0.33333333333333337, 15.352804949412988
0.06951609625255695, 0.33333333333333337, 7.039837587038325
0.11085724736801192, 0.33333333333333337, 28.260804781474388
0.11559527950934492, 0.33333333333333337, 5.369395325456766
0.10098123525287372, 0.33333333333333337, 5.521224442286822
0.12854525338198788, 0.33333333333333337, 4.54078276637158
0.11408243879764847, 0.33333333333333337, 5.191947275779418
0.14079874241424542, 0.33333333333333337, 3.384591218045722
0.09082417795367476, 0.33333333333333337, 0.8629362835206289
0.17737595249428742, 0.33333333333333337, 0.4983736334542177
0.05993725245176028, 0.33333333333333337, 1.173178393383423
0.14303459040259936, 0.33333333333333337, 2.327642373604915
0.14088042845761767, 0.33333333333333337, 1.1281773294326385
0.10240244989179349, 0.33333333333333337, 16.86714081411884
0.14284682656574463, 0.33333333333333337, 3.119528353423055
0.10984073788101778, 0.33333333333333337, 8.65115700257371
0.12828669849765906, 0.33333333333333337, 9.581560307260627
0.08383719061901464, 0.33333333333333337, 45.13010338842128
0.10008687062945648, 0.33333333333333337, 0.11313885493063451
0.10103154968217899, 0.33333333333333337, 8.480172895327529
0.10220378070069927, 0.33333333333333337, 15.289453373556
0.12482347203237565, 0.33333333333333337, 8.466527897993311
0.18702266247931304, 0.33333333333333337, 9.255677853546986
0.09552424857359001, 0.33333333333333337, 1.382995324982716
0.055064663189766466, 0.33333333333333337, 5.75695823314375
0.1462587074700328, 0.33333333333333337, 5.282796032470458
0.17708926485633908, 0.33333333333333337, 6.464398171815531
0.12141952687024955, 0.33333333333333337, 4.543191149026651
0.15089556978671811, 0.33333333333333337, 2.2155057149548485
0.15457499761196217, 0.33333333333333337, 2.797391299281937
0.09589565942278652, 0.33333333333333337, 22.87831136270714
0.15136142550557602, 0.33333333333333337, 3.155889483918403
0.13307295016696008, 0.33333333333333337, 19.65451721718573
0.12125235804396979, 0.33333333333333337, 2.9725229895715337
0.12823508601497666, 0.33333333333333337, 4.399132195625049
0.100161153807705, 0.33333333333333337, 2.0673490968650645
0.09674729635297721, 0.33333333333333337, 16.470707959414153
0.13020224851590811, 0.33333333333333337, 5.59747671143052
0.11112930960434104, 0.33333333333333337, 15.083081210385506
0.13138877745578473, 0.33333333333333337, 8.140752074768717
0.10305342382553473, 0.33333333333333337, 1.0905833980066495
0.0423106111770889, 0.33333333333333337, 1.711175103597785
0.12084837994939919, 0.33333333333333337, 3.0225533720601367
0.1589632734517522, 0.33333333333333337, 20.259075387721783
0.147990839824387, 0.33333333333333337, 16.704780152854436
0.12017958333695893, 0.33333333333333337, 24.337039450443626
0.124334689721941, 0.33333333333333337, 3.8273239980266283
0.08776037095696287, 0.33333333333333337, 57.63885948974528
0.10515681250479561, 0.33333333333333337, 0.23430533653633273
0.13009520077182357, 0.33333333333333337, 13.629374077993832
0.12249890745710702, 0.33333333333333337, 1.9888642868005797
0.10607959779704336, 0.33333333333333337, 25.40208338213474
0.12478294136393651, 0.33333333333333337, 15.725648464316397
0.12571373915142436, 0.33333333333333337, 3.5597400304003517
0.12241988330917349, 0.33333333333333337, 1.4551423228083677
0.12008661437628561, 0.33333333333333337, 9.28404817322707
0.16552597278916298, 0.33333333333333337, 8.472097050201805
0.14499038064638967, 0.33333333333333337, 1.6516385169679582
0.10591009195490447, 0.33333333333333337, 0.4688892163545326
0.15288117344498306, 0.33333333333333337, 1.5286222247400292
0.11246569866151299, 0.33333333333333337, 2.5510209256255303
0.1327243463827498, 0.33333333333333337, 4.379028110858146
0.16174794972380957, 0.33333333333333337, 3.5499173287267736
0.08167593959797162, 0.33333333333333337, 1.6195964657948494
0.13114467025306398, 0.33333333333333337, 17.767818003844518
0.10391465840206782, 0.33333333333333337, 4.7504803292919995
0.07469779453192987, 0.33333333333333337, 16.481863832548726
0.1353103041642575, 0.33333333333333337, 11.255106807705799
0.10315430325649823, 0.33333333333333337, 4.49120293880496
0.15498167940163154, 0.33333333333333337, 2.021085460582091
0.092609749986402, 0.33333333333333337, 3.449897339491512
0.13909947697695627, 0.33333333333333337, 10.22707300062268
0.06936601740957837, 0.33333333333333337, 4.904203198536319
0.1149421456176431, 0.33333333333333337, 31.005483591162317
0.1114616731178655, 0.33333333333333337, 1.7612173761041223
0.17554737295207345, 0.33333333333333337, 19.245424945142695
0.14937519194341975, 0.33333333333333337, 1.0540733347589044
0.041463701052196336, 0.33333333333333337, 4.738356693753224
0.1274368528816654, 0.33333333333333337, 10.84580621921874
0.15510846118169597, 0.33333333333333337, 35.19555894262345
0.20590071761611262, 0.33333333333333337, 19.022227827910527
0.16674023395404836, 0.33333333333333337, 5.749484771717792
0.16464202934617125, 0.33333333333333337, 2.1137165551388284
0.1014092395099815, 0.33333333333333337, 5.480407015289682
0.16996023148987077, 0.33333333333333337, 3.9691443821510863
0.13936803279892093, 0.33333333333333337, 31.57402699654541
0.07369579896484865, 0.33333333333333337, 1.5777368893922072
0.1148122490287023, 0.33333333333333337, 12.687502239052936
0.10703127351886584, 0.33333333333333337, 2.152522858596991
0.1496241660245516, 0.33333333333333337, 14.760349057150039
0.16372022126959587, 0.33333333333333337, 4.69113031177555
0.0792710785005239, 0.33333333333333337, 2.7296379239450337
0.12058218329890828, 0.33333333333333337, 1.5245146360033572
0.11130734454620302, 0.33333333333333337, 4.573302265397696
0.16221618762605464, 0.33333333333333337, 7.672778917839803
0.08985945326753417, 0.33333333333333337, 3.905982604711632
0.09298493228802523, 0.33333333333333337, 6.522075171812999
0.14506843702040867, 0.33333333333333337, 1.117593381642417
0.13883674974000543, 0.33333333333333337, 13.18552315323784
0.11299958182606121, 0.33333333333333337, 0.5198569965148526
0.12301360201785527, 0.33333333333333337, 1.1220987434310925
0.08427614405864237, 0.33333333333333337, 6.863034340394672
0.11854339254634746, 0.33333333333333337, 2.0126489984871356
0.09976330231840094, 0.33333333333333337, 2.469555747519376
0.08245173532536926, 0.33333333333333337, 3.0684913637178446
0.12402565463360898, 0.33333333333333337, 3.142780659149351
0.11210493066681282, 0.33333333333333337, 1.0782634711205716
0.08661705787016566, 0.33333333333333337, 1.6306515138680742
0.14056726636733677, 0.33333333333333337, 4.6053100879962905
0.08566262452068496, 0.33333333333333337, 7.502223435093553
0.14573457200571335, 0.33333333333333337, 7.38793729878772
0.13072497188288482, 0.33333333333333337, 14.60733144960809
0.12558796960537746, 0.33333333333333337, 12.439844383385278
0.18816790151659926, 0.33333333333333337, 4.1860287000555845
0.09570961028172405, 0.33333333333333337, 4.895180311500378
0.1536885165725807, 0.33333333333333337, 2.6928603161308766
0.11942134252734878, 0.33333333333333337, 1.647830257006131
0.17146438860992586, 0.33333333333333337, 4.724556284995523
0.09802232592561978, 0.33333333333333337, 8.299317464380247
0.12013810143758114, 0.33333333333333337, 0.9727256295239406
0.16376793436574172, 0.33333333333333337, 25.61038866869137
0.12391072563142688, 0.33333333333333337, 4.531335729774568
0.1271228751727024, 0.33333333333333337, 8.449732576492458
0.08200430977873144, 0.33333333333333337, 26.24287946275166
0.14700728599161994, 0.33333333333333337, 0.030413404832142665
0.09811024052934492, 0.33333333333333337, 17.334661458751825
0.12385135574024014, 0.33333333333333337, 1.5569768348508537
0.14777730124411323, 0.33333333333333337, 12.78172563899468
0.14587725918867375, 0.33333333333333337, 2.094089434357542
0.14538050155761864, 0.33333333333333337, 1.113051678518792
0.12042424984130462, 0.33333333333333337, 8.94005795229618
0.1455014213598602, 0.33333333333333337, 46.16178230005312
0.13945259002006766, 0.33333333333333337, 5.694877280376755
0.08464383709821367, 0.33333333333333337, 6.18289962691172
0.19431649078673013, 0.33333333333333337, 21.310366182992972
0.1272606357438475, 0.33333333333333337, 11.020551325961103
0.09348515680871902, 0.33333333333333337, 11.781060962690841
0.14729714259448673, 0.33333333333333337, 54.39951131805195
0.13114983744543798, 0.33333333333333337, 24.59414779154604
0.13310603540762597, 0.33333333333333337, 11.536911915963843
0.07885176958332969, 0.33333333333333337, 5.925167389811568
0.1178450297492497, 0.33333333333333337, 6.349984061916312
0.1254461699052922, 0.33333333333333337, 7.731051829438122
0.1193037456253716, 0.33333333333333337, 7.6222996671471845
0.09774170015815759, 0.33333333333333337, 10.937201964281236
0.12236944998321476, 0.33333333333333337, 6.058937277337685
0.11315742758272018, 0.33333333333333337, 0.016071242278568276
0.09488428330114838, 0.33333333333333337, 3.524187577167297
0.09747108840817215, 0.33333333333333337, 2.633151568637071
0.10809280466354025, 0.33333333333333337, 13.679953974811585
0.11787499533059176, 0.33333333333333337, 8.69583262316515
0.12492363301787657, 0.33333333333333337, 6.748406758208653
0.06513241399064043, 0.33333333333333337, 26.37790432842577
0.09110284715789219, 0.33333333333333337, 3.4827056692780234
0.09772625761197822, 0.33333333333333337, 6.5987462595316995
0.11097562276644538, 0.33333333333333337, 20.106904680652846
0.16206712593554307, 0.33333333333333337, 3.2847043155851945
0.1300534485972156, 0.33333333333333337, 1.3760556015329022
0.13023901879864294, 0.33333333333333337, 15.375931665242925
0.08558394481132725, 0.33333333333333337, 3.941123512603262
0.09840077886826348, 0.33333333333333337, 15.491429741367767
0.08969554602131326, 0.33333333333333337, 25.144464016850815
0.06803189721730195, 0.33333333333333337, 6.421158253179143
0.12621826330848124, 0.33333333333333337, 8.881432985159126
0.1433433567737443, 0.33333333333333337, 2.1788150344812305
0.14846300527122522, 0.33333333333333337, 14.66609663824972
0.10735468604608762, 0.33333333333333337, 2.0838740540961713
0.1444081775590725, 0.33333333333333337, 2.111988010592378
0.10386813984430011, 0.33333333333333337, 17.271550187679576
0.13562720310811144, 0.33333333333333337, 0.7930832726128177
0.15392401109890386, 0.33333333333333337, 7.751395764020168
0.08135705789723134, 0.33333333333333337, 25.37029165504163
0.16026233870023282, 0.33333333333333337, 13.221343710833317
0.08769171231693171, 0.33333333333333337, 12.205856212192701
0.1848139070827901, 0.33333333333333337, 10.846164453848129
0.14587406129253466, 0.33333333333333337, 0.09949577157485065
0.13393390823221804, 0.33333333333333337, 9.75400678312499
0.1241617705253569, 0.33333333333333337, 4.707272003654627
0.11615046001794684, 0.33333333333333337, 31.459343144413488
0.09041278925003451, 0.33333333333333337, 2.825830976296193
0.11413606646527748, 0.33333333333333337, 9.978861245025442
0.13934004215976478, 0.33333333333333337, 5.05729741803824
0.08341560086048733, 0.33333333333333337, 4.559505264015805
0.16755298773056204, 0.33333333333333337, 0.15305298974161438
0.14647436979076603, 0.33333333333333337, 16.28442295595317
0.1153738239783921, 0.33333333333333337, 1.0428767044639273
0.10453024065748097, 0.33333333333333337, 1.3646998894113456
0.1945041082976913, 0.33333333333333337, 0.7094925049598249
0.15720604084552212, 0.33333333333333337, 5.5375843004893515
0.11253192151527391, 0.33333333333333337, 2.4332286245219077
0.071281647016337, 0.33333333333333337, 3.5241778003869504
0.12125100721332531, 0.33333333333333337, 3.2545497909906844
0.11709634090675246, 0.33333333333333337, 3.3923103142282383
0.1261696828660582, 0.33333333333333337, 18.15009001349041
0.13364848986142883, 0.33333333333333337, 6.988680164292316
0.14197953790571188, 0.33333333333333337, 1.2054774229942524
0.10271866449779776, 0.33333333333333337, 5.428429159638105
0.11017116097255213, 0.33333333333333337, 15.094950140714518
0.14538046672405674, 0.33333333333333337, 13.418662070959938
0.14280551995269852, 0.33333333333333337, 8.472410750111429
0.0712239875053153, 0.33333333333333337, 1.7053755686098528
0.1527809141649949, 0.33333333333333337, 1.0555009809063243
0.1106048334858782, 0.33333333333333337, 1.403147677648164
0.11199164254012556, 0.33333333333333337, 1.9725209616556127
0.1357075088860215, 0.33333333333333337, 14.940698113351656
0.13184045608449144, 0.33333333333333337, 19.989790371455037
0.12127919654455895, 0.33333333333333337, 6.429409541890471
0.15599668722694676, 0.33333333333333337, 1.7287391164271413
0.09605273101025696, 0.33333333333333337, 2.9754964800133648
0.1789784052848528, 0.33333333333333337, 1.2531507053056825
0.09547991821478526, 0.33333333333333337, 0.8860475736397924
0.14084175660123605, 0.33333333333333337, 3.803104008851608
0.16365397584746444, 0.33333333333333337, 1.3831548595053922
0.10657272408639966, 0.33333333333333337, 2.462280960982349
0.13723418133969603, 0.33333333333333337, 0.29057203277408106
0.08737529763242075, 0.33333333333333337, 9.089909794147866
0.1584114422704164, 0.33333333333333337, 2.5863709216797908
0.13694170855831267, 0.33333333333333337, 21.55897016760659
0.18321551675421952, 0.33333333333333337, 16.865049437905036
0.10059473620355724, 0.33333333333333337, 33.42758168124014
0.10884632492252472, 0.33333333333333337, 6.1806530685782235
0.12247998838194764, 0.33333333333333337, 1.815616498808816
0.07541903251978002, 0.33333333333333337, 7.431972193194127
0.1198648779869861, 0.33333333333333337, 8.224525380051327
0.13676562535800066, 0.33333333333333337, 12.839169942636072
0.1160083998010379, 0.33333333333333337, 3.988151387686036
0.07327758530756254, 0.33333333333333337, 1.0512166766114366
0.0679301980323962, 0.33333333333333337, 3.0374549677251736
0.08289773215831339, 0.33333333333333337, 3.6723924970888073
0.15862021936360082, 0.33333333333333337, 6.711035027955696
0.13183221890641816, 0.33333333333333337, 29.021417037547767
0.10866458337347633, 0.33333333333333337, 13.314522887456596
0.13026748691400347, 0.33333333333333337, 19.05463928860282
0.11472289775068925, 0.33333333333333337, 9.003918238714558
0.11448226959824391, 0.33333333333333337, 0.9894680934624547
0.1348648395775775, 0.33333333333333337, 4.136101853542347
0.11655867107621475, 0.33333333333333337, 0.9990744911340622
0.14903102001876706, 0.33333333333333337, 11.460955653577692
0.09030609858048562, 0.33333333333333337, 4.546579797130777
0.11858631799779452, 0.33333333333333337, 13.423467267873287
0.1410188408450409, 0.33333333333333337, 71.4566912528344
0.1269275399906438, 0.33333333333333337, 15.179574810013763
0.08364788364150949, 0.33333333333333337, 4.948794693151278
0.10203712533622142, 0.33333333333333337, 0.5000276887630993
0.1330979330399961, 0.33333333333333337, 2.016008879377457
0.16695535932802585, 0.33333333333333337, 2.1072262665496497
0.11326472185354569, 0.33333333333333337, 1.721144247327507
0.10262884347090108, 0.33333333333333337, 10.004794633127206
0.13410728132215177, 0.33333333333333337, 2.35626540170677
0.08446692108805282, 0.33333333333333337, 9.496920213451736
0.1328345912497531, 0.33333333333333337, 3.0597096597335685
0.14365370112689174, 0.33333333333333337, 9.18068457798233
0.10875815227350388, 0.33333333333333337, 3.786691435218708
0.09478127958674981, 0.33333333333333337, 17.42591803633547
0.1612423837678191, 0.33333333333333337, 8.905962359193023
0.18300611246793003, 0.33333333333333337, 0.36586855394563944
0.09205600309192002, 0.33333333333333337, 7.35310219922328
0.14527964236734184, 0.33333333333333337, 26.62689723309414
0.13361953604343318, 0.33333333333333337, 4.247946564477014
0.15698315894601284, 0.33333333333333337, 22.173345285388315
0.09449861015953154, 0.33333333333333337, 11.331974279294013
0.11920713437158229, 0.33333333333333337, 1.0866267229292101
0.11226142018610888, 0.33333333333333337, 7.734587469759509
0.09914265643794459, 0.33333333333333337, 0.4292814595826962
0.10421660545505848, 0.33333333333333337, 5.40211038981862
0.12941648803468928, 0.33333333333333337, 1.2413037535808784
0.09399448091715759, 0.33333333333333337, 6.6568855383460575
0.145166900537743, 0.33333333333333337, 23.048443418291793
0.05856875316236495, 0.33333333333333337, 0.6735411859642738
0.1067208032957536, 0.33333333333333337, 22.31337760665774
0.11122916065924707, 0.33333333333333337, 7.496578666350553
0.08479671615620746, 0.33333333333333337, 2.94787900680756
0.10558549436655401, 0.33333333333333337, 0.07838369025875319
0.13415718122672904, 0.33333333333333337, 9.210618108671659
0.1187593864504187, 0.33333333333333337, 1.882716680765913
0.12358721694306209, 0.33333333333333337, 0.6599772239200914
0.09312987941643472, 0.33333333333333337, 2.3842764279334046
0.1434229667921266, 0.33333333333333337, 19.404303652173585
0.15462310573069754, 0.33333333333333337, 2.4533222401979855
0.08403696792920419, 0.33333333333333337, 3.9949325095314014
0.14436170999061226, 0.33333333333333337, 3.6537644228741315
0.12057470449515544, 0.33333333333333337, 1.4117448369415124
0.0961449132660201, 0.33333333333333337, 25.901241092426247
0.15111593622298586, 0.33333333333333337, 0.7142628102679645
0.09852598259566928, 0.33333333333333337, 10.389720435232366
0.04122880100535829, 0.33333333333333337, 1.530165894140504
0.12416055839583962, 0.33333333333333337, 21.237427617418966
0.11246229677837531, 0.33333333333333337, 1.557342468649084
0.17951027195247238, 0.33333333333333337, 5.026100179702857
0.12992086523911314, 0.33333333333333337, 2.2845888641205816
0.13197376943003014, 0.33333333333333337, 16.560155185796148
0.12186560373307355, 0.33333333333333337, 2.0004416940994725
0.13923420320931634, 0.33333333333333337, 18.878803955887005
0.11476353106691356, 0.33333333333333337, 1.9008510755699206
0.09997103993557147, 0.33333333333333337, 18.908989848951563
0.1496157492194149, 0.33333333333333337, 10.695618394733446
0.09552561021000293, 0.33333333333333337, 32.016503759885296
0.06799204193829975, 0.33333333333333337, 1.9811878535573375
0.13007609553865412, 0.33333333333333337, 8.780703426869017
0.11769014570205495, 0.33333333333333337, 18.02418029714929
0.13275628298375894, 0.33333333333333337, 3.0929586562825038
0.1422004353118349, 0.33333333333333337, 11.83385297755709
0.1098080488331771, 0.33333333333333337, 1.4385952844476115
0.1716584634311224, 0.33333333333333337, 8.398549373097746
0.12572230682331914, 0.33333333333333337, 6.4435511289448275
0.1728522500831506, 0.33333333333333337, 10.126954656681384
0.11523783485272471, 0.33333333333333337, 14.365722866554357
0.10992082241916118, 0.33333333333333337, 22.55152755210101
0.15008071315896113, 0.33333333333333337, 25.57839046129301
0.13764357783326406, 0.33333333333333337, 12.38974523293904
0.14638882062304293, 0.33333333333333337, 12.15710072377256
0.14605192054165814, 0.33333333333333337, 7.457654709526472
0.14737552594263303, 0.33333333333333337, 3.47259315182409
0.13513218682746544, 0.33333333333333337, 2.3398854393767046
0.11636627132496109, 0.33333333333333337, 11.577476437249102
0.16392320236026622, 0.33333333333333337, 1.4054907005699493
0.1171506498310284, 0.33333333333333337, 50.66910558075665
0.10670848089537281, 0.33333333333333337, 1.5997494030954065
0.15568088032261557, 0.33333333333333337, 5.090323978152854
0.1276546493961277, 0.33333333333333337, 1.1280284678572028
0.1263218808211864, 0.33333333333333337, 8.985596430482202
0.09903580937464376, 0.33333333333333337, 14.190229282566493
0.12336204427659662, 0.33333333333333337, 20.8548547440078
0.10845666469545011, 0.33333333333333337, 1.135139448580694
0.11094572559718953, 0.33333333333333337, 1.1874389854677212
0.13892809225110117, 0.33333333333333337, 3.0303705404762016
0.14650677496665743, 0.33333333333333337, 10.324109680696855
0.14462693153271655, 0.33333333333333337, 3.017863063370521
0.15997316128217454, 0.33333333333333337, 13.534751422290846
0.10433835199321759, 0.33333333333333337, 14.569360654567044
0.12437974070981693, 0.33333333333333337, 8.338046814937865
0.07239830513511014, 0.33333333333333337, 8.465021343357378
0.08754265871922473, 0.33333333333333337, 6.4760017939158265
0.14064580248023567, 0.33333333333333337, 7.078071047316986
0.11108178769219483, 0.33333333333333337, 3.3273791558250445
0.13013270199561938, 0.33333333333333337, 22.276437478438844
0.1330051152743106, 0.33333333333333337, 0.5987159053200136
0.1609871931992949, 0.33333333333333337, 6.197496261702445
0.16735906923426544, 0.33333333333333337, 26.51601360484184
0.15677664662026083, 0.33333333333333337, 23.598288940925315
0.11759527853701414, 0.33333333333333337, 0.6706063099895976
0.08376261228377804, 0.33333333333333337, 18.48808529074789
0.09517889265502888, 0.33333333333333337, 4.859806574353632
0.19363004401216213, 0.33333333333333337, 10.62043032600053
0.12737141671045876, 0.33333333333333337, 5.9188309148301075
0.12377843563084308, 0.33333333333333337, 3.964786719840298
0.1674021142808379, 0.33333333333333337, 4.276508025783379
0.11249937806718706, 0.33333333333333337, 0.8539892601832334
0.10721035894344973, 0.33333333333333337, 21.13919431331291
0.06902809181982467, 0.33333333333333337, 14.66380932860561
0.09037599530149214, 0.33333333333333337, 8.01568943417081
0.09708122991768366, 0.33333333333333337, 3.6724367544709176
0.1635725785641189, 0.33333333333333337, 22.212920336288743
0.14963469568052737, 0.33333333333333337, 16.50885867417304
0.11307997710710321, 0.33333333333333337, 9.413369457455264
0.09214167588442544, 0.33333333333333337, 29.30381987911459
0.10243816095633879, 0.33333333333333337, 11.360019729418603
0.13527413388054255, 0.33333333333333337, 13.179003665265014
0.12686114956232955, 0.33333333333333337, 3.0975791853611687
0.12542963618114447, 0.33333333333333337, 14.74206029408254
0.14053894276294993, 0.33333333333333337, 9.580363416442443
0.1263270594042335, 0.33333333333333337, 2.027293122472502
0.15644898163896337, 0.33333333333333337, 3.453912350114052
0.1377584945325843, 0.33333333333333337, 31.79050154099219
0.150472641332317, 0.33333333333333337, 7.450906594055642
0.1475823651997632, 0.33333333333333337, 5.434363541313133
0.15220010360150754, 0.33333333333333337, 1.487568546621248
0.13555757064057675, 0.33333333333333337, 3.626341125075059
0.08965888939349691, 0.33333333333333337, 10.174440031764115
0.15123036746330265, 0.33333333333333337, 4.492388119000346
0.12138052858554277, 0.33333333333333337, 15.096109816814717
0.11142417630706691, 0.33333333333333337, 9.637363628063568
0.037180573426122465, 0.33333333333333337, 18.835090426129845
0.06906298566779813, 0.33333333333333337, 29.11006840515085
0.04270204029454318, 0.33333333333333337, 4.1480681344046
0.12104252704164073, 0.33333333333333337, 0.7624975643543855
0.18241344546908358, 0.33333333333333337, 14.139331690028255
0.1257818382612127, 0.33333333333333337, 12.783365045872182
0.0824216172379896, 0.33333333333333337, 6.728242257475948
0.16183603554013598, 0.33333333333333337, 37.087953145372715
0.12070808848107462, 0.33333333333333337, 15.86337162022903
0.11031809173293128, 0.33333333333333337, 19.40916634105955
0.185132194154623, 0.33333333333333337, 17.247916911600573
0.18268729152547997, 0.33333333333333337, 0.3464078183067048
0.13657073454201996, 0.33333333333333337, 13.405904578766236
0.09219022718046083, 0.33333333333333337, 4.271042085524381
0.15417672861559084, 0.33333333333333337, 10.236402300596326
0.15560416111253234, 0.33333333333333337, 8.04318553081062
0.14054523567838365, 0.33333333333333337, 4.048466931510809
0.1527916707692844, 0.33333333333333337, 13.664056833494229
0.15790592715375806, 0.33333333333333337, 19.611349396053278
0.18697404461891887, 0.33333333333333337, 21.157929529138016
0.08322576589518085, 0.33333333333333337, 4.0204550085466915
0.06038204176826263, 0.33333333333333337, 6.48874068002066
0.09321102170284261, 0.33333333333333337, 5.258276604881598
0.11412834674218597, 0.33333333333333337, 9.192271917533999
0.1326093887005206, 0.33333333333333337, 4.913806174280676
0.1353528917077621, 0.33333333333333337, 4.38677775213837
0.1898931269965072, 0.33333333333333337, 4.684748537703506
0.11671380507697521, 0.33333333333333337, 3.2089517470344116
0.1182584436229119, 0.33333333333333337, 9.197739763145952
0.11065465622349156, 0.33333333333333337, 1.782019873162421
0.08820113648474141, 0.33333333333333337, 18.673915720041823
0.1444629860403966, 0.33333333333333337, 15.262441446657087
0.10283120626534431, 0.33333333333333337, 12.044966105114355
0.05397203227488401, 0.33333333333333337, 8.478631731170015
0.14813796981629795, 0.33333333333333337, 23.77444712657586
0.1398216420880821, 0.33333333333333337, 10.285707268771777
0.11654916077058919, 0.33333333333333337, 4.816237720617041
0.13048568075222142, 0.33333333333333337, 5.462454343509716
0.1453065281247635, 0.33333333333333337, 2.3761350639827343
0.15388235509668402, 0.33333333333333337, 8.808904989607328
0.09533702613541682, 0.33333333333333337, 2.225926779714242
0.16476287320456814, 0.33333333333333337, 28.87973769813978
0.1056062640282536, 0.33333333333333337, 29.255222798278627
0.16530097957351259, 0.33333333333333337, 0.23551074304989536
0.11299778208898752, 0.33333333333333337, 0.9118528398591339
0.08231982124753712, 0.33333333333333337, 3.9294325255287172
0.11592258014704104, 0.33333333333333337, 14.751037689290689
0.11500038828082183, 0.33333333333333337, 0.252062908441986
0.10913380592213287, 0.33333333333333337, 3.1484118425912397
0.13987557875389378, 0.33333333333333337, 2.9354758093632007
0.1250271752321818, 0.33333333333333337, 36.815736473037724
0.14215003369872578, 0.33333333333333337, 7.038777048731597
0.11089474030256011, 0.33333333333333337, 12.107312847439221
0.10094501600041005, 0.33333333333333337, 25.08892053035998
0.13944075045532758, 0.33333333333333337, 16.21676293410315
0.13316643233817077, 0.33333333333333337, 9.182477888074681
0.11181637817883082, 0.33333333333333337, 3.437227532237376
0.02959272016430703, 0.33333333333333337, 9.179191287493184
0.14025021363471044, 0.33333333333333337, 18.917952137569085
0.11733565668073481, 0.33333333333333337, 0.6992207832367606
0.16023193297065333, 0.33333333333333337, 22.934785933587165
0.1131654833578208, 0.33333333333333337, 20.256413055012015
0.11152702362064476, 0.33333333333333337, 5.800236552069044
0.09317785964895528, 0.33333333333333337, 2.487149683007255
0.12864219893060486, 0.33333333333333337, 12.41858726951727
0.08862150631886598, 0.33333333333333337, 3.03282527453862
0.1545057816500951, 0.33333333333333337, 2.7497565050750845
0.10735859976303319, 0.33333333333333337, 2.4067562904484507
0.13811491125432676, 0.33333333333333337, 16.534597014606668
0.13147304190313513, 0.33333333333333337, 43.05504854743206
0.11875020767048423, 0.33333333333333337, 7.9815417348516355
0.2184333983197368, 0.33333333333333337, 2.3671409437123994
0.1079060343070292, 0.33333333333333337, 1.0644611853248547
0.09461938318001292, 0.33333333333333337, 14.42597838867801
0.09083978386998036, 0.33333333333333337, 15.496208234349611
0.08697655510249666, 0.33333333333333337, 36.3417602940481
0.05498830929083191, 0.33333333333333337, 0.30417478083077343
0.1303435089216164, 0.33333333333333337, 2.8808509870526904
0.13558521665143822, 0.33333333333333337, 22.082157970132258
0.10165984878081816, 0.33333333333333337, 3.033498901376198
0.10472946457173679, 0.33333333333333337, 62.881300123309536
0.11856960498337721, 0.33333333333333337, 8.560440391530545
0.14250257595444626, 0.33333333333333337, 5.80205021206613
0.10274097308964122, 0.33333333333333337, 11.069029857766633
0.1445929806803306, 0.33333333333333337, 4.930432099660128
0.14075829298205592, 0.33333333333333337, 3.2219871750038553
0.1266670627692444, 0.33333333333333337, 1.5276032962324875
0.08973427454416004, 0.33333333333333337, 2.3794993583585233
0.14667576259164167, 0.33333333333333337, 22.22571738970001
0.0834848587916445, 0.33333333333333337, 4.4858494481383655
0.09106844492198266, 0.33333333333333337, 1.446119383218202
0.1871165137654532, 0.33333333333333337, 3.0649379240280394
0.1574112520639538, 0.33333333333333337, 1.6995438487132846
0.12037568776462304, 0.33333333333333337, 55.04279500795089
0.10399528408643843, 0.33333333333333337, 8.439920354232962
0.1194098332875713, 0.33333333333333337, 4.54892891154459
0.10852193026065435, 0.33333333333333337, 18.714616455637376
0.12385861850687985, 0.33333333333333337, 1.2949112441348338
0.12661320374268906, 0.33333333333333337, 5.733473449421172
0.0997762119320433, 0.33333333333333337, 19.791936603020584
0.12729693655925278, 0.33333333333333337, 19.346764245466204
0.12924793190726575, 0.33333333333333337, 33.71252746477433
0.11605243071797386, 0.33333333333333337, 0.6081797856025634
0.11053478988484781, 0.33333333333333337, 8.029028045040887
0.1061961883625751, 0.33333333333333337, 46.6286412942246
0.17212481969581875, 0.33333333333333337, 4.611541996321982
0.16090133049188435, 0.33333333333333337, 52.49454490200127
0.0826194051285063, 0.33333333333333337, 1.2762393639452394
0.11574699816033036, 0.33333333333333337, 11.002181851005785
0.05833680692887161, 0.33333333333333337, 2.105718926264246
0.1090298836409099, 0.33333333333333337, 9.55809936719235
0.17278774892464271, 0.33333333333333337, 7.150328031656899
0.08794868721417842, 0.33333333333333337, 3.0363462549054643
0.08849139812778282, 0.33333333333333337, 2.6967342048518708
0.11984888283796545, 0.33333333333333337, 8.133055534253877
0.08575474198600189, 0.33333333333333337, 20.99926988102565
0.12190852389899862, 0.33333333333333337, 13.626612025136094
0.13798168055463142, 0.33333333333333337, 11.544322705446524
0.1212859426699142, 0.33333333333333337, 0.09925161396737558
0.11305470518376465, 0.33333333333333337, 1.633741058129291
0.10144257657629835, 0.33333333333333337, 4.169628230351635
0.14584121173459044, 0.33333333333333337, 4.315819254655285
0.12565120618770598, 0.33333333333333337, 0.439506539977751
0.05953279644697321, 0.33333333333333337, 4.0758244436070425
0.1364108473317164, 0.33333333333333337, 3.348557404514384
0.09443247721301218, 0.33333333333333337, 7.277309604607448
0.06911910200601516, 0.33333333333333337, 7.93042601595021
0.1054640510471576, 0.33333333333333337, 23.08985170353105
0.098208667809038, 0.33333333333333337, 5.876765770185653
0.1579770771038228, 0.33333333333333337, 20.8713524896795
0.1163897575938658, 0.33333333333333337, 0.9751035449790898
0.08119217271089552, 0.33333333333333337, 10.374943238566665
0.13095583353472984, 0.33333333333333337, 9.196900782903333
0.1058319502492713, 0.33333333333333337, 1.2533996036663901
0.09162181167787478, 0.33333333333333337, 4.804767862564524
0.12138475460284254, 0.33333333333333337, 22.29023809008866
0.056145305810717056, 0.33333333333333337, 5.31718684032808
0.07606475602175067, 0.33333333333333337, 14.692240607238327
0.1326396144789834, 0.33333333333333337, 16.50690780410497
0.11247251513310179, 0.33333333333333337, 2.855626784636358
0.14408951858524374, 0.33333333333333337, 9.282879464300919
0.09695941528875482, 0.33333333333333337, 12.318543420491192
0.062281274430443886, 0.33333333333333337, 7.695601162326525
0.11628512989726068, 0.33333333333333337, 2.436764527905438
0.1167424873834479, 0.33333333333333337, 8.61967738299584
0.17977978369749745, 0.33333333333333337, 13.32967425475113
0.06709608711468718, 0.33333333333333337, 20.710074666687216
0.1051857419203195, 0.33333333333333337, 5.883086987296236
0.11549773071146191, 0.33333333333333337, 16.547712963765772
0.08646151196501445, 0.33333333333333337, 94.34797014431811
0.08554653680669722, 0.33333333333333337, 33.6385432169014
0.10237592196872872, 0.33333333333333337, 1.049893469618226
0.11298122379081353, 0.33333333333333337, 12.246495934594739
0.08813921550698209, 0.33333333333333337, 1.8344267821796487
0.1005876918480725, 0.33333333333333337, 5.029064020399444
0.10871588738959756, 0.33333333333333337, 2.097221472149097
0.13459989211992382, 0.33333333333333337, 35.389989131054904
0.10934836837640816, 0.33333333333333337, 5.106041911398508
0.06781294571299741, 0.33333333333333337, 31.960895542951356
0.14787438510720308, 0.33333333333333337, 1.772209968902548
0.1179211501319304, 0.33333333333333337, 50.77934495360158
0.08851086618459311, 0.33333333333333337, 26.044552529085077
0.10064079989511675, 0.33333333333333337, 2.630579609093021
0.08526705521803297, 0.33333333333333337, 59.14256455934436
0.13015494334959046, 0.33333333333333337, 27.309858594893694
0.14386668912113726, 0.33333333333333337, 1.2235118805924865
0.07851281620887948, 0.33333333333333337, 7.610332724529872
0.08769514154977387, 0.33333333333333337, 6.813484900027323
0.1724091452619082, 0.33333333333333337, 7.9454621404748424
0.1344969237752361, 0.33333333333333337, 6.027146482501492
0.11943017124230394, 0.33333333333333337, 28.648409048841447
0.09002836782167181, 0.33333333333333337, 1.663266384842333
0.1602095227605581, 0.33333333333333337, 6.577820303762568
0.12596625989557605, 0.33333333333333337, 16.44859469421903
0.13070019987708084, 0.33333333333333337, 22.78066582145485
0.14149389761504, 0.33333333333333337, 38.9177296096129
0.11443784533906831, 0.33333333333333337, 8.596774005111014
0.14708022681824393, 0.33333333333333337, 4.775316531784331
0.04628615489253482, 0.33333333333333337, 1.0237029510328555
0.07901026940133163, 0.33333333333333337, 1.1683018197531472
0.0872794083768117, 0.33333333333333337, 2.176121973803046
0.05438848048351268, 0.33333333333333337, 0.7078617513615483
0.13773904172770138, 0.33333333333333337, 1.3115999014259916
0.12224917965175387, 0.33333333333333337, 1.436181548265638
0.14216719052440355, 0.33333333333333337, 7.696889668720955
0.09387897835981544, 0.33333333333333337, 5.916531001773061
0.16178630783922288, 0.33333333333333337, 7.431220187211257
0.10444165726647764, 0.33333333333333337, 8.181665170798723
0.11397730380530528, 0.33333333333333337, 21.617447931405398
0.1472582382432086, 0.33333333333333337, 2.0874937736901487
0.1458964394400754, 0.33333333333333337, 1.171162669357201
0.1290779058507065, 0.33333333333333337, 32.486380228626274
0.10085689622190798, 0.33333333333333337, 4.303047523679591
0.058303311371367336, 0.33333333333333337, 12.145275716317963
0.12493716380003321, 0.33333333333333337, 37.6614654255296
0.07682260539971783, 0.33333333333333337, 0.769082005298152
0.11718564288343575, 0.33333333333333337, 20.473091380515047
0.11116102727405529, 0.33333333333333337, 6.689022242496557
0.05946608982519668, 0.33333333333333337, 2.304993134684534
0.09755999271176723, 0.33333333333333337, 1.8500685455618175
0.12675369643499046, 0.33333333333333337, 5.111493793206315
0.13373934231369122, 0.33333333333333337, 1.4133123166233106
0.1001129904016636, 0.33333333333333337, 6.221053820182958
0.15505142470973168, 0.33333333333333337, 4.772159782177373
0.12272412887196318, 0.33333333333333337, 0.6344441059364408
0.13286755379670437, 0.33333333333333337, 0.008370848762706893
0.11009537756732296, 0.33333333333333337, 3.7634206154785406
0.09094032002712855, 0.33333333333333337, 67.38547329886208
0.08794867805716926, 0.33333333333333337, 12.7424805270677
0.1538964643185825, 0.33333333333333337, 32.446959862817494
0.08547550525952789, 0.33333333333333337, 17.409039517746642
0.12658208352465944, 0.33333333333333337, 8.575362614630897
0.14183045798745722, 0.33333333333333337, 2.665703463113686
0.12304771447134057, 0.33333333333333337, 0.5171768505377766
0.14327071527276866, 0.33333333333333337, 1.8504289494288844
0.03190361810727764, 0.33333333333333337, 17.740026993633414
0.15730021247850268, 0.33333333333333337, 6.652733988778912
0.17220665510893665, 0.33333333333333337, 64.26975389471421
0.13472672528283305, 0.33333333333333337, 22.434586066374127
0.10535518999806924, 0.33333333333333337, 13.793591261873162
0.107095526216062, 0.33333333333333337, 13.932622645107523
0.14000331821800174, 0.33333333333333337, 8.675662533759757
0.08992653022093078, 0.33333333333333337, 8.325395541781774
0.14611638023275914, 0.33333333333333337, 3.35708148966369
0.09311241016924818, 0.33333333333333337, 8.045352176701382
0.10258088469100754, 0.33333333333333337, 10.303000012233273
0.11352351574020222, 0.33333333333333337, 3.587620503111263
0.07617174165453736, 0.33333333333333337, 4.897291107159608
0.07785090605891212, 0.33333333333333337, 13.132818875894174
0.10890842293283837, 0.33333333333333337, 10.612293955084423
0.12630744249931525, 0.33333333333333337, 2.9188299544061684
0.11922970769560232, 0.33333333333333337, 1.0384407009573677
0.14312091385107317, 0.33333333333333337, 10.429216224606924
0.09003692598020242, 0.33333333333333337, 12.31705399958234
0.07621458911396051, 0.33333333333333337, 3.2870106513261885
0.14992114449122493, 0.33333333333333337, 3.8521287602249346
0.12302480673714537, 0.33333333333333337, 7.642439610259235
0.13607024827953618, 0.33333333333333337, 5.709804465720054
0.11103602964858997, 0.33333333333333337, 5.001733798794759
0.08899411153301756, 0.33333333333333337, 2.18534182079866
0.16188929779307865, 0.33333333333333337, 23.84542930305941
0.1454933981870774, 0.33333333333333337, 12.15088748713416
0.13937425486443442, 0.33333333333333337, 68.02766602087
0.12448502613454082, 0.33333333333333337, 27.905541065858948
0.1292330004956468, 0.33333333333333337, 27.24773696417949
0.12263710361781582, 0.33333333333333337, 22.55287393354812
0.17180937098116683, 0.33333333333333337, 8.050322743636597
0.11350964668928527, 0.33333333333333337, 18.600980727783043
0.14021710868287932, 0.33333333333333337, 1.522394796853454
0.14849129164322575, 0.33333333333333337, 3.0015197534964
0.060143233314092284, 0.33333333333333337, 4.345520943800227
0.15658946487477102, 0.33333333333333337, 3.521831970184406
0.08880417043155266, 0.33333333333333337, 27.154949464601845
0.11556428904405257, 0.33333333333333337, 16.997470018951457
0.11470528588231199, 0.33333333333333337, 0.8177506007583318
0.12829242439809274, 0.33333333333333337, 7.412768734617415
0.15714222069090372, 0.33333333333333337, 5.364238221296597
0.07493521659248828, 0.33333333333333337, 25.39851045825276
0.08751842976336593, 0.33333333333333337, 4.708869241675838
0.11537434265783214, 0.33333333333333337, 5.233315585234291
0.07970761046609062, 0.33333333333333337, 10.515871156232357
0.14318473962029632, 0.33333333333333337, 5.367268755132631
0.06226178576037963, 0.33333333333333337, 14.807480077169467
0.12110061717330446, 0.33333333333333337, 20.14065826810414
0.13548520314177517, 0.33333333333333337, 5.139387071220983
0.1430074322480509, 0.33333333333333337, 19.192155993505754
0.11973806522769019, 0.33333333333333337, 8.159146113144905
0.10921873740846184, 0.33333333333333337, 9.210404523935802
0.14792123711034585, 0.33333333333333337, 16.281210088392267
0.1532327251859874, 0.33333333333333337, 39.150579750645484
0.11106259664011271, 0.33333333333333337, 10.94955695694817
0.18365609443734382, 0.33333333333333337, 8.56299093369215
0.08089441839891617, 0.33333333333333337, 6.188532455313073
0.11159867535491658, 0.33333333333333337, 28.454640694734536
0.12627039251599226, 0.33333333333333337, 2.142257392091486
0.11474836519401665, 0.33333333333333337, 2.141874878300374
0.09081155201058222, 0.33333333333333337, 7.838165332587706
0.13163099160000427, 0.33333333333333337, 7.712111332377217
0.1267864668825253, 0.33333333333333337, 2.724012449802245
0.12474726082565399, 0.33333333333333337, 7.756823476463133
0.10878934236853299, 0.33333333333333337, 15.407203559949531
0.05885464215210624, 0.33333333333333337, 4.037214488905292
0.09986516382806372, 0.33333333333333337, 1.0574564803708943
0.10539634669288896, 0.33333333333333337, 1.1825565449466504
0.0952450081746057, 0.33333333333333337, 16.719569830805128
0.09812737886469228, 0.33333333333333337, 1.9010225927608961
0.07553221772443067, 0.33333333333333337, 2.0768515483208008
0.09206613982905722, 0.33333333333333337, 2.2983931269546054
0.15778182688324324, 0.33333333333333337, 32.07917255015577
0.0826509373545029, 0.33333333333333337, 9.362363412242054
0.12240980717708311, 0.33333333333333337, 3.874586520411684
0.14573362266391976, 0.33333333333333337, 7.897146558655117
0.13251807606662655, 0.33333333333333337, 37.370206493906174
0.11069318544541876, 0.33333333333333337, 7.532950233884469
0.1535991232340183, 0.33333333333333337, 14.665082778440413
0.12098249003356043, 0.33333333333333337, 8.23097066860115
0.11984435550121417, 0.33333333333333337, 29.663580621701765
0.10895479781225548, 0.33333333333333337, 4.4241154516687375
0.11972482247838825, 0.33333333333333337, 4.960750678949835
0.1458062177353046, 0.33333333333333337, 1.7782432938841746
0.1555153597085987, 0.33333333333333337, 10.149028767241088
0.11441173067011015, 0.33333333333333337, 25.413404570290407
0.15579268360321047, 0.33333333333333337, 17.547614500722023
0.13204251233468006, 0.33333333333333337, 2.9104733783107832
0.12813875444235864, 0.33333333333333337, 1.7325363312744158
0.11896987301507345, 0.33333333333333337, 14.655783327788937
0.097957591893485, 0.33333333333333337, 14.105418990204676
0.1051571751179423, 0.33333333333333337, 10.358103618806197
0.1330306712037887, 0.33333333333333337, 21.760547806682496
0.10195911462652724, 0.33333333333333337, 3.205861565190706
0.1423392929619433, 0.33333333333333337, 2.718328199168575
0.11718707609989079, 0.33333333333333337, 9.229876092920618
0.1578386070965954, 0.33333333333333337, 2.361063762377275
0.16538173021249075, 0.33333333333333337, 8.355922453197705
0.14234477374957547, 0.33333333333333337, 5.215303183287196
0.10876396658187173, 0.33333333333333337, 31.61244841378479
0.11702551631905903, 0.33333333333333337, 13.349737135966647
0.11886000512583637, 0.33333333333333337, 5.772615171371091
0.09334286536743654, 0.33333333333333337, 22.051551048418943
0.11201477552446985, 0.33333333333333337, 24.632701373318863
0.07662148986153622, 0.33333333333333337, 6.4837402239778985
0.14989303765953946, 0.33333333333333337, 2.072202035670161
0.1428022467957686, 0.33333333333333337, 3.9658025741085856
0.10016478363459778, 0.33333333333333337, 1.3080365257387916
0.14780535776508363, 0.33333333333333337, 6.660556225626347
0.13852067261182735, 0.33333333333333337, 18.959454924960326
0.09363866010477294, 0.33333333333333337, 6.152491856720584
0.15607344118268612, 0.33333333333333337, 4.105352054870589
0.12862397982239657, 0.33333333333333337, 20.225609234253564
0.10441143934298319, 0.33333333333333337, 2.7379612641091975
0.1602382012932094, 0.33333333333333337, 8.767346936929568
0.14406409284227198, 0.33333333333333337, 5.207824100984109
0.15076916988794917, 0.33333333333333337, 8.738118949347827
0.11524196141014714, 0.33333333333333337, 7.125649132082233
0.12709708438356107, 0.33333333333333337, 5.199685330716734
0.12665255776714382, 0.33333333333333337, 3.691745900855605
0.1076123744813282, 0.33333333333333337, 5.121308384730216
0.12081049369135854, 0.33333333333333337, 0.5114027191750825
0.15070305329891293, 0.33333333333333337, 3.896830909558239
0.16870341481627926, 0.33333333333333337, 2.4987917583483528
0.12667268628128234, 0.33333333333333337, 5.070827683449965
0.1504171103502831, 0.33333333333333337, 6.234659496891494
0.10307118854527995, 0.33333333333333337, 8.853938204646566
0.11399325835184036, 0.33333333333333337, 5.521157518809518
0.17814855275575658, 0.33333333333333337, 1.6397251823022079
0.16579627240080594, 0.33333333333333337, 9.335084092866703
0.0966945882573266, 0.33333333333333337, 6.712816320840508
0.15425666951323955, 0.33333333333333337, 12.799030795592062
0.11789152925645059, 0.33333333333333337, 9.57693295036869
0.12390301155769072, 0.33333333333333337, 3.9785393477651447
0.13012579320229628, 0.33333333333333337, 6.553003392576678
0.09573523365057016, 0.33333333333333337, 17.51041487622835
0.11083254626577005, 0.33333333333333337, 7.868626244345445
0.08829561123843584, 0.33333333333333337, 20.19755156616819
0.0636576019742135, 0.33333333333333337, 22.213649483612077
0.13434003752625054, 0.33333333333333337, 0.027579961520591494
0.1167280299867022, 0.33333333333333337, 5.173054681691756
0.11798727153256551, 0.33333333333333337, 0.698668324179068
0.1274044553223809, 0.33333333333333337, 12.791854194470737
0.08789727875353051, 0.33333333333333337, 4.791187743114214
0.142512677281415, 0.33333333333333337, 41.23462116665914
0.14991981096126628, 0.33333333333333337, 12.894970283085838
0.08515048153246108, 0.33333333333333337, 34.66771179847735
0.13981466152618802, 0.33333333333333337, 12.520511639144562
0.10398339105424648, 0.33333333333333337, 7.289786002636844
0.1561413630827796, 0.33333333333333337, 5.5884237191206045
0.13537982959470046, 0.33333333333333337, 6.902261456216826
0.15136037904029218, 0.33333333333333337, 1.29274432359233
0.18269776120773046, 0.33333333333333337, 1.6400688942949064
0.08989290831247364, 0.33333333333333337, 2.2201001192403065
0.13480616927387862, 0.33333333333333337, 6.315307252494845
0.1443010996029308, 0.33333333333333337, 23.10982679167973
0.07037223721218988, 0.33333333333333337, 10.035043250884346
0.16066442578614432, 0.33333333333333337, 49.87446874956451
0.16243197493605127, 0.33333333333333337, 4.246193859062956
0.1366409332688842, 0.33333333333333337, 6.48218856239522
0.13930889259986753, 0.33333333333333337, 0.8638731476230826
0.11384184316968254, 0.33333333333333337, 19.35771342260221
0.07797829271863549, 0.33333333333333337, 52.45747382586283
0.11669913639507998, 0.33333333333333337, 6.934356679803459
0.08442674570262068, 0.33333333333333337, 9.831119039366929
0.09366131840970263, 0.33333333333333337, 7.4492712281322735
0.11166343182375152, 0.33333333333333337, 14.418455101672459
0.09502390953575239, 0.33333333333333337, 4.432693882814465
0.17724357361011614, 0.33333333333333337, 9.543619540034076
0.12937290665529225, 0.33333333333333337, 23.433318188806002
0.10126274529751059, 0.33333333333333337, 12.586253071680947
0.07355959550082428, 0.33333333333333337, 7.609452647058281
0.14200961441377136, 0.33333333333333337, 8.024774803395005
0.13509470526328898, 0.33333333333333337, 4.550754788170075
0.11952792917803275, 0.33333333333333337, 6.308612178881599
0.12174128329612634, 0.33333333333333337, 9.50213241728095
0.10413464821648565, 0.33333333333333337, 19.89814892389884
0.1789199391608779, 0.33333333333333337, 5.673030337883523
0.1571675243200485, 0.33333333333333337, 3.066106014266503
0.11436446870618314, 0.33333333333333337, 14.950815616582206
0.107194371825836, 0.33333333333333337, 3.0111203179813004
0.12882468907772984, 0.33333333333333337, 5.686804764388913
0.11949848499780148, 0.33333333333333337, 11.934829546230684
0.06984378955135748, 0.33333333333333337, 1.8789140754596994
0.0853393315931599, 0.33333333333333337, 0.8603507060139295
0.10544867989345574, 0.33333333333333337, 3.423647910263501
0.12380155087890042, 0.33333333333333337, 16.129312965051994
0.055279223092086105, 0.33333333333333337, 13.049103934330075
0.12811286410233239, 0.33333333333333337, 15.998499275201661
0.07343286364463822, 0.33333333333333337, 1.6786275096781658
0.09369083670842332, 0.33333333333333337, 12.822300884936817
0.12325254645701744, 0.33333333333333337, 12.0131261344646
0.0781499072745596, 0.33333333333333337, 6.904883506972728
0.1436281428563783, 0.33333333333333337, 9.79306959782419
0.1307524305935021, 0.33333333333333337, 13.672772012642744
0.15219155775044732, 0.33333333333333337, 2.480305016666842
0.07119788120686801, 0.33333333333333337, 4.4355549240295895
0.07938343564024866, 0.33333333333333337, 8.462749009689789
0.10318433303046312, 0.33333333333333337, 15.42406782972167
0.151358524542013, 0.33333333333333337, 5.265325437874765
0.08245225459360976, 0.33333333333333337, 6.2566180264679
0.12054124066751838, 0.33333333333333337, 3.7610341314595863
0.1423433243718701, 0.33333333333333337, 9.983924144515417
0.12432419324155664, 0.33333333333333337, 33.92808767069609
0.13800957212445272, 0.33333333333333337, 2.1485466260199138
0.11303529542640986, 0.33333333333333337, 11.446230713767944
0.12634896398264922, 0.33333333333333337, 8.071800537814372
0.10344488704743046, 0.33333333333333337, 7.725894994879319
0.10408586652050814, 0.33333333333333337, 19.891457279780248
0.12790370404110288, 0.33333333333333337, 9.023952982284744
0.09613032777837024, 0.33333333333333337, 10.845484172110494
0.11201467697239428, 0.33333333333333337, 1.4864740030501065
0.1244844570410869, 0.33333333333333337, 1.1415042225595864
0.09275647519638078, 0.33333333333333337, 12.76245684127822
0.1673107208391627, 0.33333333333333337, 2.3948159595343426
0.07890236368976289, 0.33333333333333337, 3.2340117981862178
0.14219788964137478, 0.33333333333333337, 1.0123531890050272
0.11533569073481185, 0.33333333333333337, 18.776405875551635
0.1262091657296062, 0.33333333333333337, 5.684500257273173
0.0536228436669479, 0.33333333333333337, 5.200335291150381
0.06236128797927233, 0.33333333333333337, 18.45488442080726
0.10063388840538454, 0.33333333333333337, 0.4199474122274214
0.1334854951517008, 0.33333333333333337, 1.2003001215311295
0.09210526484444996, 0.33333333333333337, 30.070731379610624
0.07703621864663815, 0.33333333333333337, 3.787862295558065
0.12261622716025117, 0.33333333333333337, 14.363622600591478
0.13605335574120925, 0.33333333333333337, 7.32553343351238
0.13241119312822996, 0.33333333333333337, 2.9910208296316116
0.12720385980101134, 0.33333333333333337, 9.391407403978246
0.11331229881754233, 0.33333333333333337, 2.8597695590304095
0.12282416108857656, 0.33333333333333337, 0.4165480507813105
0.08179702722764717, 0.33333333333333337, 2.36395066283868
0.09873077449540565, 0.33333333333333337, 12.744713443431246
0.10822426911000825, 0.33333333333333337, 19.400138101585043
0.11206832334189754, 0.33333333333333337, 1.7347521259748435
0.14608313739403475, 0.33333333333333337, 3.6003947252220447
0.1547482464546063, 0.33333333333333337, 1.1686998122409726
0.1429963865613873, 0.33333333333333337, 39.10550722885595
0.11663919942675571, 0.33333333333333337, 23.242138185655914
0.14286555026613434, 0.33333333333333337, 8.124080632152157
0.12283814176578524, 0.33333333333333337, 3.1564264596863127
0.14144860401442014, 0.33333333333333337, 3.908866931332103
0.11793997228504804, 0.33333333333333337, 3.071178117543769
0.1198130763826958, 0.33333333333333337, 1.1933733952600536
0.1656333572695032, 0.33333333333333337, 19.770211112666026
0.13308105543349424, 0.33333333333333337, 26.956327429479973
0.14030079783690308, 0.33333333333333337, 5.616338334858515
0.09001374316441507, 0.33333333333333337, 1.860961777177524
0.09413440110776386, 0.33333333333333337, 10.002484942098038
0.13019358662207747, 0.33333333333333337, 2.0256732977327636
0.1296242331053741, 0.33333333333333337, 20.399910585076714
0.14653739802951327, 0.33333333333333337, 16.421556249157
0.1452940014246522, 0.33333333333333337, 2.6736435538703294
0.08210508368530267, 0.33333333333333337, 4.836066702756861
0.13693740813929414, 0.33333333333333337, 29.585700350649255
0.11781999792777698, 0.33333333333333337, 7.462418355645305
0.08921546147826555, 0.33333333333333337, 2.0491648879648667
0.1475048857604718, 0.33333333333333337, 4.125506878015795
0.15131089875783774, 0.33333333333333337, 14.579455520108292
0.11819475806376412, 0.33333333333333337, 0.8963390166298538
0.14841899158503713, 0.33333333333333337, 0.9272334248869359
0.14683180198680795, 0.33333333333333337, 10.187276718422364
0.1537813657883966, 0.33333333333333337, 0.23539026989593814
0.17716847054158688, 0.33333333333333337, 7.760213618031523
0.09859271904060544, 0.33333333333333337, 82.5431619108169
0.09722400402843709, 0.33333333333333337, 0.8155145027826148
0.09530230090799989, 0.33333333333333337, 13.26582504769764
0.1431163171885637, 0.33333333333333337, 6.919587852977746
0.19114302442449244, 0.33333333333333337, 18.68493138410622
0.12110297978302408, 0.33333333333333337, 34.66983310413284
0.11130344324586183, 0.33333333333333337, 8.210281786919913
0.1458632406304955, 0.33333333333333337, 1.4277573646623607
0.12182617304360462, 0.33333333333333337, 16.702576854940904
0.12479563856968638, 0.33333333333333337, 2.3666052801738164
0.09313016508168015, 0.33333333333333337, 12.530603017084934
0.0993083689869844, 0.33333333333333337, 6.900667786466425
0.12670927832613135, 0.33333333333333337, 20.50060654240049
0.07749534311851303, 0.33333333333333337, 2.6792756235197186
0.10155289916950147, 0.33333333333333337, 3.410419997794769
0.11211471947137612, 0.33333333333333337, 23.325631276675804
0.12561324640216082, 0.33333333333333337, 2.4685418255705107
0.09591970233843802, 0.33333333333333337, 0.49870976300842484
0.14166482466774688, 0.33333333333333337, 5.6845218573775815
0.15435816296745758, 0.33333333333333337, 14.296737897333253
0.09082072859513532, 0.33333333333333337, 0.2926813950562764
0.09387559982966724, 0.33333333333333337, 3.671441982438551
0.10897197202767532, 0.33333333333333337, 2.5412539606866953
0.13447474872016252, 0.33333333333333337, 19.205845868586383
0.0722104770107451, 0.33333333333333337, 28.737292778834266
0.11318239791299477, 0.33333333333333337, 14.71390609130777
0.10332989830611511, 0.33333333333333337, 7.075578654014647
0.1309187642921161, 0.33333333333333337, 0.24276853102239823
0.1356051227422759, 0.33333333333333337, 6.355357482675659
0.12466626862255423, 0.33333333333333337, 7.470644831256951
0.1511102958212675, 0.33333333333333337, 1.9111051859931723
0.1331547719702042, 0.33333333333333337, 1.6677310497540414
0.14213931366657515, 0.33333333333333337, 34.53563578013909
0.10080471654699305, 0.33333333333333337, 7.2714390229542225
0.0702888595308309, 0.33333333333333337, 3.3710969542553357
0.16086618508406136, 0.33333333333333337, 4.653911405440733
0.14646731867732715, 0.33333333333333337, 6.4968987499833535
0.18276992198048317, 0.33333333333333337, 2.627957473697759
0.06270061031993769, 0.33333333333333337, 3.9938068048686817
0.14138724357658233, 0.33333333333333337, 13.99292162048197
0.0796615990071332, 0.33333333333333337, 11.24461125143335
0.10731639246368671, 0.33333333333333337, 1.5308525882488535
0.11920725940627964, 0.33333333333333337, 7.196425736984386
0.13092696899939055, 0.33333333333333337, 24.943170674607586
0.13241770491513277, 0.33333333333333337, 8.658418513410439
0.1043838814352054, 0.33333333333333337, 14.30688445772205
0.10701738581971501, 0.33333333333333337, 10.28480477096731
0.09022934939444761, 0.33333333333333337, 21.57712235024441
0.12664349193719607, 0.33333333333333337, 2.696351046678433
0.16068682630027759, 0.33333333333333337, 2.7338272707701923
0.11685787936309694, 0.33333333333333337, 7.383926895343179
0.13172436657260067, 0.33333333333333337, 8.50353385610821
0.11860842575258981, 0.33333333333333337, 2.2661075333321126
0.11899384446557502, 0.33333333333333337, 13.595925527781766
0.12326540905652608, 0.33333333333333337, 9.659591128923907
0.05601070576779342, 0.33333333333333337, 1.2696258082938565
0.06704460360254108, 0.33333333333333337, 9.645602412960734
0.06446007861923073, 0.33333333333333337, 1.026517794958772
0.07269729973884287, 0.33333333333333337, 16.116129125994664
0.06800704972156663, 0.33333333333333337, 0.6437284045092952
0.07874503478856704, 0.33333333333333337, 17.644812478747593
0.14328986694281062, 0.33333333333333337, 3.491268928298171
0.113655303889843, 0.33333333333333337, 27.590204470427928
0.06353142281739307, 0.33333333333333337, 3.961351805982649
0.18384593838108754, 0.33333333333333337, 4.442952420959661
0.15076325087514772, 0.33333333333333337, 21.23173537128051
0.1308539332175569, 0.33333333333333337, 3.981123333328306
0.14080619484841836, 0.33333333333333337, 4.101141510551584
0.18022137742974356, 0.33333333333333337, 4.927202246137868
0.15431180716026716, 0.33333333333333337, 2.0423058713201585
0.14110938619158303, 0.33333333333333337, 5.07164928244693
0.07672039697324173, 0.33333333333333337, 6.341696963302507
0.10692351065327137, 0.33333333333333337, 10.226088051976948
0.17085225060771048, 0.33333333333333337, 2.681589740758221
0.11076149138145636, 0.33333333333333337, 15.008445874729594
0.17503557382452975, 0.33333333333333337, 2.157641918573286
0.12483916535572206, 0.33333333333333337, 6.52646114461375
0.14435021989548574, 0.33333333333333337, 4.853946254821059
0.07597408800103406, 0.33333333333333337, 2.300004290852522
0.19176619646016962, 0.33333333333333337, 13.428875749757841
0.10918810977755075, 0.33333333333333337, 15.765784613351736
0.11261106002651514, 0.33333333333333337, 8.669443980743193
0.1380028721703832, 0.33333333333333337, 2.130677261708728
0.1067833915916756, 0.33333333333333337, 7.964498529090113
0.12498830783746308, 0.33333333333333337, 7.357388770878612
0.10857907158756216, 0.33333333333333337, 3.9874309401616395
0.08526320186903921, 0.33333333333333337, 1.1110245253597877
0.11420378707080309, 0.33333333333333337, 25.597202299532874
0.07924675791978518, 0.33333333333333337, 3.69572597636264
0.06841889055876671, 0.33333333333333337, 0.21388791279148492
0.11928793380206074, 0.33333333333333337, 20.464099050832342
0.19717759294822898, 0.33333333333333337, 48.59753052885607
0.1772830695148399, 0.33333333333333337, 10.685154784756756
0.1321386776249666, 0.33333333333333337, 5.464381565561356
0.11853133820321576, 0.33333333333333337, 46.50716770654303
0.09932432632437556, 0.33333333333333337, 8.64955719342458
0.03686412649229824, 0.33333333333333337, 62.616235617414574
0.10834463590444784, 0.33333333333333337, 14.288551581433113
0.13628861046145568, 0.33333333333333337, 2.9418142939152654
0.14581394796794525, 0.33333333333333337, 10.029059504247224
0.12849266597276093, 0.33333333333333337, 19.512616980961514
0.1387133264582517, 0.33333333333333337, 0.9766731539423761
0.05665002715835282, 0.33333333333333337, 41.4049462013717
0.07226356363594977, 0.33333333333333337, 1.9759847594838271
0.11778228388137005, 0.33333333333333337, 24.181998535544885
0.12471140672556622, 0.33333333333333337, 14.85718690640176
0.08213325486384798, 0.33333333333333337, 15.809981641324834
0.1183624120344008, 0.33333333333333337, 3.335808741680647
0.12174635296083294, 0.33333333333333337, 0.8792617551873816
0.16008957682278185, 0.33333333333333337, 1.5003035174335482
0.17114874137450053, 0.33333333333333337, 35.32556920664851
0.16678058555654193, 0.33333333333333337, 32.813000178049904
0.12496827518393268, 0.33333333333333337, 2.8655591770868996
0.07872670712661653, 0.33333333333333337, 0.7619703652656667
0.13989825666987882, 0.33333333333333337, 9.230195990239931
0.08928357731280169, 0.33333333333333337, 2.8826766483565645
0.1443069979355156, 0.33333333333333337, 9.231594974007441
0.04447138924215675, 0.33333333333333337, 5.678765542620825
0.13730505807845525, 0.33333333333333337, 14.418252519862708
0.08704034065237895, 0.33333333333333337, 6.412110235760371
0.11577450492094049, 0.33333333333333337, 7.622546747879833
0.12252333543203789, 0.33333333333333337, 8.577397716976575
0.11386728276805497, 0.33333333333333337, 61.952351884143255
0.16358622769100134, 0.33333333333333337, 11.298509973821064
0.15140536974632596, 0.33333333333333337, 1.0522653216753421
0.11618546261906051, 0.33333333333333337, 38.52856564903349
0.11040433569598115, 0.33333333333333337, 16.0511853125463
0.08971765090571464, 0.33333333333333337, 2.6068591646271595
0.09702150397860135, 0.33333333333333337, 18.59442140689449
0.1584433369938403, 0.33333333333333337, 0.4798895729163595
0.08288170802641098, 0.33333333333333337, 1.6757492218092587
0.12070572832700446, 0.33333333333333337, 17.257329487910717
0.11224004483040603, 0.33333333333333337, 4.173032434184699
0.1317461316341132, 0.33333333333333337, 23.42612592600155
0.09226738598167794, 0.33333333333333337, 3.8956561429955356
0.11568478011323087, 0.33333333333333337, 15.064061727247516
0.13443199670082193, 0.33333333333333337, 1.9920437450240562
0.12692855677223858, 0.33333333333333337, 15.981089290210896
0.1370677627160724, 0.33333333333333337, 9.318904435048545
0.09666207144901992, 0.33333333333333337, 19.21333481794401
0.11965825937316497, 0.33333333333333337, 14.992429305065546
0.15095280332927116, 0.33333333333333337, 0.7975803441076088
0.07044066617919395, 0.33333333333333337, 1.7864371171337299
0.09448844439947578, 0.33333333333333337, 21.22683256910985
0.12200670894608588, 0.33333333333333337, 33.3441969633587
0.10274179437356407, 0.33333333333333337, 1.0331970871428862
0.08048144075798827, 0.33333333333333337, 3.9248988833428013
0.12037784108086118, 0.33333333333333337, 9.11076260189423
0.07724498690716358, 0.33333333333333337, 27.530530961725475
0.12197973036209768, 0.33333333333333337, 2.6563682946317346
0.09812434541943514, 0.33333333333333337, 27.153431752114084
0.13028324648344936, 0.33333333333333337, 17.123075483809114
0.08976594980083147, 0.33333333333333337, 3.2875127407849796
0.06842835523259136, 0.33333333333333337, 3.1680364950151874
0.08487565479513356, 0.33333333333333337, 22.823947621209125
0.13944215651959488, 0.33333333333333337, 4.765942761422545
0.07780227673655796, 0.33333333333333337, 16.372677799802233
0.09372568091847981, 0.33333333333333337, 45.19962804523306
0.13674872778927663, 0.33333333333333337, 6.423533070269385
0.08127984874642401, 0.33333333333333337, 3.552281457530707
0.12096903766988878, 0.33333333333333337, 2.155423956494889
0.12236858361056266, 0.33333333333333337, 27.106745236685345
0.11206170270153944, 0.33333333333333337, 3.3316027317481915
0.12424341932639169, 0.33333333333333337, 9.431727915179428
0.12321758937645741, 0.33333333333333337, 5.749111416278967
0.1343715713492785, 0.33333333333333337, 7.712127587346056
0.0885658298426538, 0.33333333333333337, 10.540875341802606
0.14014664138574479, 0.33333333333333337, 9.726537426137432
0.14163263437706985, 0.33333333333333337, 13.301218562015128
0.07936605446744238, 0.33333333333333337, 2.923329865150163
0.12603842606632504, 0.33333333333333337, 6.045425181957468
0.13584432059429993, 0.33333333333333337, 0.2063464518951577
0.13193699175025234, 0.33333333333333337, 16.856091583712686
0.06596982481539373, 0.33333333333333337, 0.8894501855557989
0.13960080124399768, 0.33333333333333337, 2.1375990417540573
0.15976412466696838, 0.33333333333333337, 34.698467195641676
0.10380921383563924, 0.33333333333333337, 44.13502651801211
0.10220233609757798, 0.33333333333333337, 29.051944995683566
0.07072120961713835, 0.33333333333333337, 0.6482013387252864
0.15259422187533767, 0.33333333333333337, 5.842526533238777
0.15722496366413796, 0.33333333333333337, 17.939934724117375
0.11144581463958084, 0.33333333333333337, 66.36263700168374
0.1651040888823478, 0.33333333333333337, 6.506046817884812
0.13407248157318313, 0.33333333333333337, 0.6761565676803633
0.1373886779442594, 0.33333333333333337, 4.131020922394542
0.13256308443572393, 0.33333333333333337, 7.534836480304278
0.05511071313518397, 0.33333333333333337, 16.715324249145354
0.15035600224844703, 0.33333333333333337, 4.318268095170867
0.10508956118744199, 0.33333333333333337, 6.101024072457489
0.10695115726570828, 0.33333333333333337, 4.185693235283086
0.1801202772996798, 0.33333333333333337, 5.126640135619756
0.0639763968052241, 0.33333333333333337, 27.165380943446092
0.1132166614659257, 0.33333333333333337, 16.401425916786366
0.11936052755591378, 0.33333333333333337, 2.3116179814522133
0.09341186535339713, 0.33333333333333337, 15.221779264639801
0.11560114484659548, 0.33333333333333337, 12.716125550904989
0.10693034535840641, 0.33333333333333337, 26.22108910920129
0.08204266807306426, 0.33333333333333337, 1.330522416193919
0.10331598477908295, 0.33333333333333337, 5.799590328033854
0.08261069585225474, 0.33333333333333337, 12.442430686361766
0.10486236023573484, 0.33333333333333337, 6.515819448804075
0.1488964291101575, 0.33333333333333337, 73.18995687752195
0.14314584976110525, 0.33333333333333337, 10.312874606838806
0.09569877823049883, 0.33333333333333337, 1.6825433168682997
0.08790875351495826, 0.33333333333333337, 15.24529144833054
0.1555436880731111, 0.33333333333333337, 0.40037164248526974
0.13283572797354412, 0.33333333333333337, 2.315027563616965
0.12986631710741964, 0.33333333333333337, 10.239223509946001
0.0801833541425652, 0.33333333333333337, 5.848633289906302
0.1078342722052661, 0.33333333333333337, 3.901398192529618
0.13477528266811883, 0.33333333333333337, 0.33830497843409746
0.10577767560359916, 0.33333333333333337, 15.174949093355037
0.18360456098773592, 0.33333333333333337, 12.881214583716856
0.152065028704046, 0.33333333333333337, 5.645940977517547
0.1237643807598403, 0.33333333333333337, 11.905283160128286
0.1074266906944535, 0.33333333333333337, 8.9618180049743
0.14131375607286775, 0.33333333333333337, 0.5574503516774304
0.1577290522108723, 0.33333333333333337, 10.074745035998548
0.15459725286076031, 0.33333333333333337, 10.050512989411398
0.10578986942316836, 0.33333333333333337, 8.950553358061434
0.1129332942548529, 0.33333333333333337, 9.030183912600414
0.10111789610821638, 0.33333333333333337, 8.799238483502709
0.1339677728942747, 0.33333333333333337, 17.204098696115462
0.0909398815827496, 0.33333333333333337, 11.62958111878932
0.10482491007494579, 0.33333333333333337, 26.475878496440288
0.1321513485177242, 0.33333333333333337, 62.361583406568684
0.14168169909228753, 0.33333333333333337, 6.551422323130248
0.12359107274440728, 0.33333333333333337, 12.656671765392787
0.0909378725002431, 0.33333333333333337, 35.26174189439141
0.1095836714945735, 0.33333333333333337, 17.78675443455247
0.15653053537844427, 0.33333333333333337, 11.534240337430434
0.15059369523189803, 0.33333333333333337, 1.680220524723133
0.13054878642767612, 0.33333333333333337, 8.303922803666712
0.15899432313729955, 0.33333333333333337, 11.555622640135114
0.14636857065950185, 0.33333333333333337, 1.0448226131883036
0.14034013322080238, 0.33333333333333337, 6.262213124600542
0.15406714326024884, 0.33333333333333337, 12.261057326767691
0.13106413615234008, 0.33333333333333337, 1.0705583156180576
0.1495172341244575, 0.33333333333333337, 14.144303363615638
0.11767503000382414, 0.33333333333333337, 10.839137154054965
0.1394723555551513, 0.33333333333333337, 7.193716707424394
0.1316049880387704, 0.33333333333333337, 17.427359166489865
0.13426120542784814, 0.33333333333333337, 1.747052195168389
0.11237362818485104, 0.33333333333333337, 0.5792139226858153
0.13498422559675058, 0.33333333333333337, 9.007813815838789
0.07074557593840132, 0.33333333333333337, 8.696493980618257
0.12243705427834209, 0.33333333333333337, 15.639209435922059
0.0950983613132068, 0.33333333333333337, 24.303932046664336
0.13949317997183688, 0.33333333333333337, 9.45178335293875
0.08506186099795447, 0.33333333333333337, 8.121756123188629
0.07544202550171514, 0.33333333333333337, 20.29443064432621
0.1496812447004722, 0.33333333333333337, 11.123654655380067
0.12188976290889825, 0.33333333333333337, 14.090033069208825
0.16029784820494414, 0.33333333333333337, 4.879695009658295
0.17539236424074095, 0.33333333333333337, 6.317794576286959
0.13897854939553114, 0.33333333333333337, 10.923345826354547
0.04679495539122892, 0.33333333333333337, 19.76870126168008
0.07085690314803234, 0.33333333333333337, 42.770967364871936
0.1300266442371999, 0.33333333333333337, 23.58721881231827
0.1371174448555141, 0.33333333333333337, 3.0356894089739774
0.08063789260580277, 0.33333333333333337, 14.04828452747777
0.12281876038782859, 0.33333333333333337, 10.248950110357136
0.14197517685069982, 0.33333333333333337, 1.3001071651093536
0.18157566917774481, 0.33333333333333337, 4.934400746282831
0.16936927164964846, 0.33333333333333337, 11.647006564611138
0.11830667698313546, 0.33333333333333337, 0.2690572557726504
0.12283249179762246, 0.33333333333333337, 3.594715753263789
0.08161786230126397, 0.33333333333333337, 6.321813819858965
0.11493276533140895, 0.33333333333333337, 12.664979230554218
0.10271620852727205, 0.33333333333333337, 12.533962393046561
0.1044197811729273, 0.33333333333333337, 0.6150633049400669
0.09805139345760187, 0.33333333333333337, 1.2089091831028806
0.12010481822478603, 0.33333333333333337, 11.272603466522432
0.12018344697467039, 0.33333333333333337, 2.39499420552135
0.10167474857475109, 0.33333333333333337, 2.643873342961489
0.09968725395048941, 0.33333333333333337, 0.09365879355231056
0.15539167110229285, 0.33333333333333337, 6.054421322204152
0.06918471019807841, 0.33333333333333337, 5.312285095865889
0.15765284317091338, 0.33333333333333337, 5.487543436270966
0.15046872112811768, 0.33333333333333337, 6.5545952697433885
0.06774499324817645, 0.33333333333333337, 10.29807378171188
0.06738841322845655, 0.33333333333333337, 8.43123708871316
0.14198769159426688, 0.33333333333333337, 6.18852771894351
0.08649099241390265, 0.33333333333333337, 1.0899273409672008
0.12514804331426785, 0.33333333333333337, 13.413227562274997
0.07797988280337351, 0.33333333333333337, 6.130595429964213
0.1141156175585546, 0.33333333333333337, 1.4872299144865302
0.14920895152643648, 0.33333333333333337, 21.003550254676238
0.10464247112685299, 0.33333333333333337, 3.567168101208888
0.08391105080522003, 0.33333333333333337, 25.78390087111903
0.13560531461427924, 0.33333333333333337, 1.803410809159058
0.05884724187909021, 0.33333333333333337, 5.628088110243876
0.13163827639653333, 0.33333333333333337, 15.197306634544265
0.10560951481352038, 0.33333333333333337, 0.40787789532708346
0.15365984441842212, 0.33333333333333337, 1.3761885412388015
0.10566407417998702, 0.33333333333333337, 33.89358578990433
0.12416861292357177, 0.33333333333333337, 0.6147603106326651
0.10274595752007985, 0.33333333333333337, 23.485428443759407
0.1480786138859716, 0.33333333333333337, 22.14671257658382
0.10707373647767976, 0.33333333333333337, 4.083161042039527
0.11900974585582458, 0.33333333333333337, 11.684312046467213
0.11159666458994663, 0.33333333333333337, 6.979574976017342
0.1547693831405551, 0.33333333333333337, 14.590375206948607
0.10229148174167632, 0.33333333333333337, 1.3215127725908478
0.13036911859595254, 0.33333333333333337, 2.0943523716438586
0.09321151722485523, 0.33333333333333337, 13.283964365652283
0.10874768782003913, 0.33333333333333337, 25.854113085494586
0.09981271367131835, 0.33333333333333337, 11.798043904098664
0.10114577079979703, 0.33333333333333337, 6.222932514253837
0.09234165842773859, 0.33333333333333337, 1.7998406360792256
0.11336424210662116, 0.33333333333333337, 2.6482840425326883
0.12265461605450229, 0.33333333333333337, 0.4837998471442204
0.13314017051089014, 0.33333333333333337, 4.1881180962353755
0.1315254702279447, 0.33333333333333337, 9.370604248827178
0.09658234718340947, 0.33333333333333337, 3.999926984318486
0.16310681338360716, 0.33333333333333337, 19.50346075508162
0.14091264695157593, 0.33333333333333337, 0.35477394701555254
0.10745398845010504, 0.33333333333333337, 8.373928141965745
0.07752502029811437, 0.33333333333333337, 22.358850588820395
0.13341383442548208, 0.33333333333333337, 9.804353967167534
0.07289447148421568, 0.33333333333333337, 20.694949619045495
0.11975839935800094, 0.33333333333333337, 3.177931878507087
0.12524246040190162, 0.33333333333333337, 45.10161992705714
0.11576556992664708, 0.33333333333333337, 2.058816181597276
0.13333924262229938, 0.33333333333333337, 3.9181644462886323
0.11507237094027642, 0.33333333333333337, 7.153336772076672
0.09680660187804388, 0.33333333333333337, 19.133585882710552
0.10464149563199869, 0.33333333333333337, 7.421902861725483
0.08790807636555234, 0.33333333333333337, 17.97682442676918
0.17378585418074258, 0.33333333333333337, 4.122843349539112
0.15463509681758036, 0.33333333333333337, 8.276439724985401
0.08372428152074024, 0.33333333333333337, 6.457139682062241
0.14021567525347237, 0.33333333333333337, 7.605899632939628
0.06838446799056105, 0.33333333333333337, 15.05409988226371
0.08476511355039712, 0.33333333333333337, 25.246123812183253
0.09226372529959483, 0.33333333333333337, 7.587251797142453
0.1676174223918562, 0.33333333333333337, 18.47309332185062
0.15023166515720243, 0.33333333333333337, 2.6211850400502756
0.16028787861332883, 0.33333333333333337, 35.71325343995204
0.054292355461199496, 0.33333333333333337, 19.44127766874434
0.09207800922612883, 0.33333333333333337, 1.6219113537825203
0.09841169458588098, 0.33333333333333337, 33.261829053920735
0.1339564743061885, 0.33333333333333337, 15.05385223635056
0.12583762126690895, 0.33333333333333337, 4.338209846308614
0.13339196146266089, 0.33333333333333337, 14.848446078600853
0.12141129731458833, 0.33333333333333337, 5.625016719807861
0.11751627847716167, 0.33333333333333337, 4.759429430608515
0.13760038758866316, 0.33333333333333337, 2.2961107287626694
0.14643410895922127, 0.33333333333333337, 5.626334366438595
0.1594677153182607, 0.33333333333333337, 4.92157269578926
0.11537914408031327, 0.33333333333333337, 6.039748768090074
0.12041840441384498, 0.33333333333333337, 3.9384397787166017
0.11984064392687291, 0.33333333333333337, 38.789439905077934
0.16079226592014473, 0.33333333333333337, 3.860580475036967
0.10886833778022581, 0.33333333333333337, 21.354359181802682
0.12949014136992956, 0.33333333333333337, 5.982434177108526
0.08583942049917202, 0.33333333333333337, 20.04487433941089
0.07645651413625049, 0.33333333333333337, 0.5280869690864805
0.07990901498881675, 0.33333333333333337, 33.55372445283642
0.12460017389330962, 0.33333333333333337, 16.963002616060525
0.09910276976400995, 0.33333333333333337, 9.823846808307653
0.11553840277970998, 0.33333333333333337, 2.472757024026563
0.11032952026911783, 0.33333333333333337, 4.280884306213305
0.1442225786132187, 0.33333333333333337, 16.665469580387573
0.1298042606355112, 0.33333333333333337, 75.51088916714603
0.12311825228715931, 0.33333333333333337, 0.7285339201325066
0.11837098804920781, 0.33333333333333337, 8.08841753474443
0.07225205286821454, 0.33333333333333337, 6.923691918415909
0.07747498368750202, 0.33333333333333337, 9.224986902708407
0.17240527461854321, 0.33333333333333337, 2.012210628197465
0.10354471260207038, 0.33333333333333337, 35.253174291425985
0.1375571015971893, 0.33333333333333337, 7.98022728698465
0.11608344409732856, 0.33333333333333337, 6.918325410045666
0.11740732736199018, 0.33333333333333337, 10.253840234416492
0.1231237538527669, 0.33333333333333337, 2.321683843116437
0.10346570853011512, 0.33333333333333337, 32.768709711943856
0.11240469852648663, 0.33333333333333337, 0.34717264284203564
0.13237096383521388, 0.33333333333333337, 5.576221080441146
0.12195164252446791, 0.33333333333333337, 1.3681695065600257
0.10724166146596333, 0.33333333333333337, 1.1665373757306594
0.05852129016404449, 0.33333333333333337, 6.060043749437101
0.06298323368044768, 0.33333333333333337, 17.48944728569997
0.05920663417368469, 0.33333333333333337, 12.166094555667803
0.12900321107770976, 0.33333333333333337, 11.454973612122007
0.17656523708486546, 0.33333333333333337, 8.523172153795462
0.13033479190007277, 0.33333333333333337, 5.7702988170364975
0.14546447375807375, 0.33333333333333337, 0.4224816071620908
0.13903041377770725, 0.33333333333333337, 4.4375249512762815
0.10314808523906475, 0.33333333333333337, 1.9851555619338142
0.10750818172946547, 0.33333333333333337, 15.003612264445911
0.15899489499297606, 0.33333333333333337, 1.827800955499469
0.13702831880780883, 0.33333333333333337, 1.8977520134348989
0.16192806403219195, 0.33333333333333337, 5.541425804911911
0.1354478228059356, 0.33333333333333337, 27.11722635743589
0.1468980503247575, 0.33333333333333337, 8.802232718371746
0.10618619073425781, 0.33333333333333337, 1.8753440381261883
0.17789670611033698, 0.33333333333333337, 14.277491516370112
0.10287209743248094, 0.33333333333333337, 33.16860307621177
0.14267617732679824, 0.33333333333333337, 12.548028130712277
0.14655072975281278, 0.33333333333333337, 10.058399893271021
0.18754075669726877, 0.33333333333333337, 1.6926550962268225
0.13227985658706198, 0.33333333333333337, 7.842924924039989
0.061101873481626164, 0.33333333333333337, 1.0124158173737696
0.12134265435449501, 0.33333333333333337, 5.567515171294344
0.11664842737908983, 0.33333333333333337, 4.056088326774988
0.127259546000805, 0.33333333333333337, 7.007988372228819
0.10230129330994545, 0.33333333333333337, 6.071258567958786
0.08056885234862157, 0.33333333333333337, 4.797590443219162
0.12365690852544564, 0.33333333333333337, 4.831244173727477
0.10134739547071403, 0.33333333333333337, 31.65487486557592
0.1308098015837499, 0.33333333333333337, 7.242083790137812
0.17900985826584626, 0.33333333333333337, 8.433872443716401
0.10003880459806022, 0.33333333333333337, 16.59343291409154
0.11730415816473139, 0.33333333333333337, 4.3956927365000436
0.13613176401321048, 0.33333333333333337, 7.856607510823846
0.20840190632324723, 0.33333333333333337, 2.986977043881017
0.16188732613156523, 0.33333333333333337, 0.9333220781267048
0.10155866604295566, 0.33333333333333337, 13.371051497865276
0.16499553388568589, 0.33333333333333337, 17.559352788864516
0.13936312114537064, 0.33333333333333337, 24.26032461853273
0.10994298306585738, 0.33333333333333337, 19.933288075919318
0.08297419696875839, 0.33333333333333337, 7.929903955243078
0.07373225871436248, 0.33333333333333337, 8.528487630304726
0.09731511100343548, 0.33333333333333337, 2.511506431854729
0.09224021566587715, 0.33333333333333337, 27.281742894681738
0.08314967560213904, 0.33333333333333337, 6.310570322927697
0.128036977144233, 0.33333333333333337, 9.389764038409595
0.13841282079052247, 0.33333333333333337, 16.227315120710916
0.15411065486070294, 0.33333333333333337, 5.216507351296946
0.09595683301432918, 0.33333333333333337, 5.263655671694384
0.14556630382169333, 0.33333333333333337, 15.133308124820296
0.08198576288545528, 0.33333333333333337, 14.549181719969392
0.1435460884152749, 0.33333333333333337, 0.3483686523651827
0.1747871047263523, 0.33333333333333337, 5.581129520335696
0.13122691176271398, 0.33333333333333337, 1.399792682469192
0.09616300424897437, 0.33333333333333337, 16.2842778905226
0.10835997550315064, 0.33333333333333337, 34.106013107571016
0.15380854531966814, 0.33333333333333337, 24.332475701582368
0.15250968238377668, 0.33333333333333337, 14.597269473262118
0.10797146050255337, 0.33333333333333337, 14.25184709039015
0.13405123036655126, 0.33333333333333337, 12.429989776456077
0.11024718215702847, 0.33333333333333337, 27.706220623003894
0.07538660710134742, 0.33333333333333337, 7.411735558851369
0.1397719683272497, 0.33333333333333337, 40.13161701841662
0.16180052049677207, 0.33333333333333337, 2.4117381210725797
0.17411518741199616, 0.33333333333333337, 2.9008913107390817
0.1088483319559663, 0.33333333333333337, 46.98386742939975
0.10148373080638504, 0.33333333333333337, 8.359017182351804
0.11104543642210793, 0.33333333333333337, 0.5178066288407185
0.15169665738695176, 0.33333333333333337, 3.173776308964453
0.0820293762742044, 0.33333333333333337, 8.836641019480368
0.11867851185366982, 0.33333333333333337, 4.917364069495963
0.14405026068982865, 0.33333333333333337, 11.860242758038487
0.09946127228582691, 0.33333333333333337, 23.943108225333596
0.09546622878180706, 0.33333333333333337, 16.124404743950937
0.07523545434715956, 0.33333333333333337, 2.4072300820341823
0.11545251419988257, 0.33333333333333337, 8.603604090454168
0.1489679096369989, 0.33333333333333337, 12.927791731130467
0.10672351450174056, 0.33333333333333337, 11.91609617498332
0.10533962090959384, 0.33333333333333337, 47.74719360484479
0.12970460843331807, 0.33333333333333337, 7.014805807340388
0.09368573433923548, 0.33333333333333337, 4.973831473201765
0.10045079385087989, 0.33333333333333337, 0.9181620615432297
0.14603731012804105, 0.33333333333333337, 25.315432058535592
0.09145064049233338, 0.33333333333333337, 2.100857530298116
0.09522173057973086, 0.33333333333333337, 16.389808391744
0.13155311380606474, 0.33333333333333337, 9.945562092762177
0.11334012919791728, 0.33333333333333337, 3.3905906352671775
0.07609702756851869, 0.33333333333333337, 5.763155128486343
0.10154391417846428, 0.33333333333333337, 7.880485255529375
0.14065432775372178, 0.33333333333333337, 21.616775515986397
0.12709362054126605, 0.33333333333333337, 29.413827851079585
0.12348694072482796, 0.33333333333333337, 5.340975318690074
0.1608767344029614, 0.33333333333333337, 10.650920938333599
0.1672034939588919, 0.33333333333333337, 12.038816332259675
0.10590203056615925, 0.33333333333333337, 3.2077977001521583
0.1280878579360466, 0.33333333333333337, 1.6570353693589175
0.10516671175742914, 0.33333333333333337, 6.282788114373492
0.13985440493660165, 0.33333333333333337, 1.1602847219019836
0.13599006159412888, 0.33333333333333337, 4.272054708981101
0.10655519493042363, 0.33333333333333337, 4.869402746667789
0.11075717616282735, 0.33333333333333337, 0.43263376810159054
0.10909622451394996, 0.33333333333333337, 9.075360001618757
0.11060488670358565, 0.33333333333333337, 6.83152401385698
0.1477846987692472, 0.33333333333333337, 14.189745590646938
0.15871464286980907, 0.33333333333333337, 8.805407455992995
0.10216910508245372, 0.33333333333333337, 18.373860725913914
0.1319512194465115, 0.33333333333333337, 0.08411781804529163
0.14490505612435856, 0.33333333333333337, 4.956416922900057
0.0764058436340377, 0.33333333333333337, 3.491496030765533
0.16328567872739358, 0.33333333333333337, 17.94681211221891
0.1056134676604566, 0.33333333333333337, 20.45750892606456
0.1476786957110216, 0.33333333333333337, 10.167589487680031
0.14911412091035448, 0.33333333333333337, 18.219958940113525
0.11995882130068115, 0.33333333333333337, 2.0458795012217124
0.1344289524077523, 0.33333333333333337, 44.8372124934626
0.15317346701384113, 0.33333333333333337, 3.7182871700990137
0.09263298544252521, 0.33333333333333337, 9.399028798296118
0.07202319364153686, 0.33333333333333337, 13.775645879611966
0.12848461395786995, 0.33333333333333337, 4.731104191545786
0.12511901362623232, 0.33333333333333337, 10.85676292288047
0.13286452804405352, 0.33333333333333337, 5.012607579252731
0.15649442006055309, 0.33333333333333337, 16.177343874816966
0.07619458120839705, 0.33333333333333337, 0.8907253605923728
0.1477539180166517, 0.33333333333333337, 1.5449589127007903
0.09951462659289367, 0.33333333333333337, 19.14662031521375
0.12552180530046697, 0.33333333333333337, 8.508762010255108
0.12458138852571811, 0.33333333333333337, 1.1280207148494827
0.03449830061125468, 0.33333333333333337, 5.459757726445115
0.11530418037183539, 0.33333333333333337, 8.965481339720736
0.11461561790840748, 0.33333333333333337, 37.876784983945235
0.07173853709318234, 0.33333333333333337, 3.5501945913995634
0.1457907715516197, 0.33333333333333337, 7.789037181851824
0.11308684782299139, 0.33333333333333337, 0.5032904426021001
0.1421780676332891, 0.33333333333333337, 2.968447718049967
0.12059115925072146, 0.33333333333333337, 5.32003953126195
0.16549756125617132, 0.33333333333333337, 4.949728126548754
0.11655378650022044, 0.33333333333333337, 0.3922299407752356
0.10758022436838528, 0.33333333333333337, 3.0170876767646972
0.12706975939211568, 0.33333333333333337, 3.1578919516506376
0.13192399790246592, 0.33333333333333337, 4.585027148381628
0.18384998740145314, 0.33333333333333337, 3.138841223188002
0.1262810197910961, 0.33333333333333337, 2.1302735478338626
0.06625695680576671, 0.33333333333333337, 7.344426836339466
0.08960164875220444, 0.33333333333333337, 7.097944435557993
0.08373099838135822, 0.33333333333333337, 1.1901621620429907
0.08143328257539093, 0.33333333333333337, 1.1063498649913606
0.07284613200475526, 0.33333333333333337, 11.29250904798418
0.13085453264678698, 0.33333333333333337, 3.680600510053462
0.14201891757337246, 0.33333333333333337, 0.9342028887467053
0.1232221503649875, 0.33333333333333337, 25.851908866882358
0.09647865110072669, 0.33333333333333337, 50.73953102683243
0.10130790965347064, 0.33333333333333337, 1.4517575408542647
0.1830749811563574, 0.33333333333333337, 0.4591669552538573
0.08436671562257256, 0.33333333333333337, 3.767209949047619
0.16251199504689454, 0.33333333333333337, 5.320346956333308
0.12849860699492618, 0.33333333333333337, 1.3531722169267284
0.11900628364549196, 0.33333333333333337, 9.519974646742313
0.13242621896194812, 0.33333333333333337, 23.536065518289835
0.10640265728503812, 0.33333333333333337, 3.7663099460223908
0.07332802097491693, 0.33333333333333337, 0.46818468046166983
0.15410540615088414, 0.33333333333333337, 1.8204522279283735
0.1472681007336965, 0.33333333333333337, 1.9104838744256039
0.10756590894983717, 0.33333333333333337, 5.90997623312545
0.1470000983847294, 0.33333333333333337, 5.235353744103953
0.04498164627377006, 0.33333333333333337, 3.798912613904307
0.17347068570681906, 0.33333333333333337, 66.51179674276575
0.10804344619260046, 0.33333333333333337, 5.905712231507811
0.13328425353978215, 0.33333333333333337, 4.020260764296693
0.12133339295262963, 0.33333333333333337, 8.77036585742125
0.11345234044391693, 0.33333333333333337, 2.213170040005642
0.09406877869896964, 0.33333333333333337, 3.617120911553379
0.12379542732321107, 0.33333333333333337, 30.012061000364653
0.09538463125508911, 0.33333333333333337, 5.733879949252066
0.15588082290272892, 0.33333333333333337, 2.8912068199064924
0.11490845901433162, 0.33333333333333337, 16.763169303362165
0.1433196969057582, 0.33333333333333337, 3.022528852864123
0.09914606898781836, 0.33333333333333337, 3.5895176106218827
0.1599541613951526, 0.33333333333333337, 6.971478013763551
0.1065912762704612, 0.33333333333333337, 10.216616808576092
0.11809181031377587, 0.33333333333333337, 3.774852561989274
0.0787136953517436, 0.33333333333333337, 15.901444345138696
0.18753617138431414, 0.33333333333333337, 1.0161568451558336
0.12799388868364908, 0.33333333333333337, 5.382062324225507
0.16300269363706224, 0.33333333333333337, 20.555078569244102
0.10403676263479592, 0.33333333333333337, 36.31549039418716
0.09944334542144133, 0.33333333333333337, 10.557956344004024
0.1316766464203733, 0.33333333333333337, 23.96207294407182
0.12316709133691592, 0.33333333333333337, 10.610143869111774
0.12201188156566917, 0.33333333333333337, 4.1376722781293
0.13323495610917044, 0.33333333333333337, 2.4738964105943135
0.09284761470276484, 0.33333333333333337, 8.581083087732576
0.15449496864030224, 0.33333333333333337, 3.7463841410326855
0.06874982814634889, 0.33333333333333337, 6.895734005321494
0.08483330417202313, 0.33333333333333337, 3.7776255676483714
0.10135297375928537, 0.33333333333333337, 6.723015238557697
0.0840129391086391, 0.33333333333333337, 0.5071315674904244
0.08613044823484586, 0.33333333333333337, 53.11178654770208
0.13655398558880946, 0.33333333333333337, 2.303790985126806
0.1561556129605229, 0.33333333333333337, 24.66191093523594
0.09641691543040513, 0.33333333333333337, 7.777485543730362
0.11061352216457296, 0.33333333333333337, 5.243257680962475
0.11253722117978163, 0.33333333333333337, 19.336076553252965
0.13844625847711026, 0.33333333333333337, 2.123173241537552
0.09738032484695128, 0.33333333333333337, 11.898219671071569
0.12928899831062446, 0.33333333333333337, 11.161394587115755
0.10310386338207286, 0.33333333333333337, 10.248542906683952
0.10528133109611158, 0.33333333333333337, 22.83542540803127
0.10144370498617043, 0.33333333333333337, 19.009228172239688
0.13958946440762796, 0.33333333333333337, 9.11465610371622
0.15119456535993095, 0.33333333333333337, 2.725459741688419
0.10090008075023081, 0.33333333333333337, 2.334445376630905
0.16295612934732479, 0.33333333333333337, 4.6053604137978565
0.08176311898383745, 0.33333333333333337, 6.947260762453863
0.12868503560612646, 0.33333333333333337, 15.005696067679587
0.11128091994950334, 0.33333333333333337, 13.45729759982705
0.15869310959589106, 0.33333333333333337, 1.467811714681796
0.1276870493014675, 0.33333333333333337, 3.5251220008305792
0.14227074410301024, 0.33333333333333337, 13.676217669774882
0.10729773729744863, 0.33333333333333337, 6.607916543165293
0.14168132009667425, 0.33333333333333337, 11.108719549888908
0.1473015962833572, 0.33333333333333337, 1.866934992994734
0.1279449822436033, 0.33333333333333337, 9.182079405575184
0.13727303259064422, 0.33333333333333337, 21.42095361350506
0.14885358892051134, 0.33333333333333337, 71.31007381862563
0.11166516097569781, 0.33333333333333337, 3.2581681522032775
0.06643982077970832, 0.33333333333333337, 6.568077626292136
0.1154020622018737, 0.33333333333333337, 6.140003056104372
0.12351383951190928, 0.33333333333333337, 14.71346540011069
0.08250076886211942, 0.33333333333333337, 1.39165886324659
0.11526532352451474, 0.33333333333333337, 4.7600193058164075
0.10046895659971021, 0.33333333333333337, 50.13554513888686
0.0785881633108391, 0.33333333333333337, 9.734456830973446
0.092522316995411, 0.33333333333333337, 14.653659976785553
0.057160989147651206, 0.33333333333333337, 9.337316954601484
0.12629987804844528, 0.33333333333333337, 6.724981257072991
0.16326669190676674, 0.33333333333333337, 2.0363774615477617
0.1427067883386815, 0.33333333333333337, 16.153603742319515
0.12549585021827944, 0.33333333333333337, 11.574341561996112
0.08922443823759446, 0.33333333333333337, 8.131242719724572
0.118625410974322, 0.33333333333333337, 11.632977654690514
0.14949159505441448, 0.33333333333333337, 3.075223563485776
0.12217363851643727, 0.33333333333333337, 5.504777743842105
0.11075853244658282, 0.33333333333333337, 14.69587877491596
0.17424941936285404, 0.33333333333333337, 5.165181920354938
0.16040444906430956, 0.33333333333333337, 2.749474679944053
0.18504311701761167, 0.33333333333333337, 2.155255129283718
0.10703852151325029, 0.33333333333333337, 4.409317148307931
0.12003992742052554, 0.33333333333333337, 8.040955356407233
0.15928866894517413, 0.33333333333333337, 2.7519014286934174
0.10760841511719167, 0.33333333333333337, 3.434044575043093
0.10190147850360615, 0.33333333333333337, 5.819720399985436
0.13313656016094239, 0.33333333333333337, 28.601104367655598
0.12611392710073968, 0.33333333333333337, 3.262631619563711
0.1210729529489044, 0.33333333333333337, 0.5958088100461305
0.09564541498643703, 0.33333333333333337, 1.2148334557192129
0.11552083863353499, 0.33333333333333337, 1.2375608280282469
0.13665854660424467, 0.33333333333333337, 23.590030163890447
0.0726322974181331, 0.33333333333333337, 6.448540058950262
0.10041942946246565, 0.33333333333333337, 8.607245314685686
0.12836488050952033, 0.33333333333333337, 1.217050072030935
0.13522219050796896, 0.33333333333333337, 7.510816058191779
0.1378147539972574, 0.33333333333333337, 3.0048422385521345
0.11877047986182376, 0.33333333333333337, 13.479504842720585
0.12382060208753749, 0.33333333333333337, 0.3723072068546906
0.08518509485720338, 0.33333333333333337, 1.4975505596555145
0.18387050807962865, 0.33333333333333337, 9.642106062152854
0.09545831730211118, 0.33333333333333337, 7.562531695297333
0.1640827300288492, 0.33333333333333337, 4.145789723115699
0.14766713913578158, 0.33333333333333337, 3.437846062083662
0.09135774645254446, 0.33333333333333337, 6.326155915648143
0.1085346749833532, 0.33333333333333337, 7.538979607652826
0.12203674668454395, 0.33333333333333337, 5.305028356778133
0.13185166917611102, 0.33333333333333337, 20.669085607701188
0.09236673532145896, 0.33333333333333337, 7.913862809247623
0.06292120451409139, 0.33333333333333337, 0.19408289092671865
0.06385979203098538, 0.33333333333333337, 17.88973556904199
0.12192893087006834, 0.33333333333333337, 6.433777111024562
0.17770784818494653, 0.33333333333333337, 9.900560017530797
0.10318308713015945, 0.33333333333333337, 2.565058224842973
0.1237190177756476, 0.33333333333333337, 4.578279046908704
0.12261528529822953, 0.33333333333333337, 6.140657428272068
0.1563400315762516, 0.33333333333333337, 10.580942718606446
0.10103932293890747, 0.33333333333333337, 3.625409474718456
0.09992838831472453, 0.33333333333333337, 48.21619125304298
0.11283831051467708, 0.33333333333333337, 1.0700089983752543
0.08636785419522666, 0.33333333333333337, 9.229909489488499
0.15036276775859836, 0.33333333333333337, 20.25585751380576
0.15664173951995972, 0.33333333333333337, 13.565382535142813
0.14654333946895265, 0.33333333333333337, 27.13826359307346
0.0812066391390544, 0.33333333333333337, 8.40520545214387
0.11349825452800352, 0.33333333333333337, 11.501099675537656
0.12680781934286653, 0.33333333333333337, 19.129829722011316
0.06450666749089842, 0.33333333333333337, 46.67640928189601
0.15449418169346363, 0.33333333333333337, 4.386624452838634
0.15278411439902556, 0.33333333333333337, 9.884255929645748
0.09244825809807274, 0.33333333333333337, 2.849459802388033
0.12309939946110342, 0.33333333333333337, 17.91480179795057
0.16071391144085762, 0.33333333333333337, 3.898484917367433
0.09516126565444717, 0.33333333333333337, 10.533825796078188
0.08382749788376093, 0.33333333333333337, 12.512371718046575
0.17715463886947447, 0.33333333333333337, 19.56772207142133
0.10818221607929326, 0.33333333333333337, 10.545315189472404
0.08347738295923243, 0.33333333333333337, 5.361594550035031
0.09429194648853126, 0.33333333333333337, 20.754125857490678
0.0935079858506625, 0.33333333333333337, 6.299249833536521
0.1138237838210031, 0.33333333333333337, 11.710264539243875
0.15650410868474038, 0.33333333333333337, 1.1231252401968932
0.13931519254973138, 0.33333333333333337, 2.8989632366754488
0.12878826552594597, 0.33333333333333337, 1.910202522230065
0.1644284944391551, 0.33333333333333337, 10.454492788347986
0.12093192830055305, 0.33333333333333337, 0.20496189278053006
0.13266363555181532, 0.33333333333333337, 14.283958436879853
0.14800790087718824, 0.33333333333333337, 9.979437762750067
0.1485314653688111, 0.33333333333333337, 23.040126301061335
0.1264812777820587, 0.33333333333333337, 5.002170686647477
0.09246127411058523, 0.33333333333333337, 7.933107151846727
0.08723327951436526, 0.33333333333333337, 13.124718379251867
0.09101176772909789, 0.33333333333333337, 6.770688240234142
0.11424147276071818, 0.33333333333333337, 0.35502693624709947
0.12924719640361118, 0.33333333333333337, 9.963710500307787
0.15833044834220297, 0.33333333333333337, 3.6462404820360006
0.1663846156677828, 0.33333333333333337, 20.522163849726162
0.15829942183847406, 0.33333333333333337, 19.645473768284884
0.08379927683282049, 0.33333333333333337, 9.750599506817059
0.10989002919726651, 0.33333333333333337, 10.53398074024346
0.12233143252324696, 0.33333333333333337, 5.0368691522045745
0.13264828105843207, 0.33333333333333337, 5.572736358248358
0.15239891820760348, 0.33333333333333337, 2.6353435129934826
0.10853455043983759, 0.33333333333333337, 33.33734574354908
0.13476797399770082, 0.33333333333333337, 26.119219711407627
0.05590796967620838, 0.33333333333333337, 6.208384131916237
0.12803634940101485, 0.33333333333333337, 3.0174851822304936
0.1008768989448604, 0.33333333333333337, 10.110183242097795
0.14193811115621688, 0.33333333333333337, 20.58734709485157
0.12134996609694061, 0.33333333333333337, 9.91310490727615
0.07720222961302138, 0.33333333333333337, 39.30562340819667
0.11693984092379442, 0.33333333333333337, 1.270956873730466
0.128467136108316, 0.33333333333333337, 6.331231010044419
0.0940915840986599, 0.33333333333333337, 12.997668148104733
0.08530344866836984, 0.33333333333333337, 20.086392211007386
0.09079780975168603, 0.33333333333333337, 1.141350646429352
0.07644809953115578, 0.33333333333333337, 9.07134970945668
0.1656018135390209, 0.33333333333333337, 1.1904965715054436
0.22038466363577042, 0.33333333333333337, 3.4686152423848298
0.1599799686357278, 0.33333333333333337, 7.130120906291787
0.18000928685752318, 0.33333333333333337, 3.727578622805123
0.08729979446010822, 0.33333333333333337, 7.709691497866711
0.14179461255994197, 0.33333333333333337, 9.049163992314293
0.13135116607872477, 0.33333333333333337, 1.7848950002904236
0.1332578525170742, 0.33333333333333337, 8.849042127382196
0.17399410046915298, 0.33333333333333337, 7.3511105905276075
0.12302027179014804, 0.33333333333333337, 36.061836866528445
0.12026008430656837, 0.33333333333333337, 3.173026132012314
0.13815412015112058, 0.33333333333333337, 0.7513974387634915
0.0706347985780862, 0.33333333333333337, 22.00010126318319
0.08386045318320615, 0.33333333333333337, 8.284241401221776
0.10343710398032639, 0.33333333333333337, 2.0667309440679573
0.15922341526005448, 0.33333333333333337, 38.268463150735286
0.14154883024531062, 0.33333333333333337, 8.786383586725504
0.13025640391523716, 0.33333333333333337, 2.8161173537832096
0.11459248211620486, 0.33333333333333337, 40.900120947832654
0.10478832399710962, 0.33333333333333337, 2.2031685951956543
0.1108962286045246, 0.33333333333333337, 8.721964727407043
0.09559109621932457, 0.33333333333333337, 2.711155329470041
0.12605166455493, 0.33333333333333337, 0.20842343996911428
0.1019077639741726, 0.33333333333333337, 7.906538931208609
0.12730701493677166, 0.33333333333333337, 7.000952632033362
0.10511714653723898, 0.33333333333333337, 0.3227733166480316
0.073709831800853, 0.33333333333333337, 2.891668543225022
0.10638509622720826, 0.33333333333333337, 5.08653274761543
0.1654739771947904, 0.33333333333333337, 1.906237274939311
0.10923496865642211, 0.33333333333333337, 17.203165957987164
0.11952562586905381, 0.33333333333333337, 13.717508321724107
0.09665651056941257, 0.33333333333333337, 11.986970726942218
0.15153032180015275, 0.33333333333333337, 5.612788793074623
0.04967330761018596, 0.33333333333333337, 11.087841776410167
0.06228649983966331, 0.33333333333333337, 24.239218295821974
0.058254357060382594, 0.33333333333333337, 38.733468929068245
0.0999846977054494, 0.33333333333333337, 10.485706048701331
0.09598259329297218, 0.33333333333333337, 23.334825761872082
0.14251897354892085, 0.33333333333333337, 12.566872342825901
0.09971681241702708, 0.33333333333333337, 3.8690103720071267
0.11968469726718649, 0.33333333333333337, 3.2573557113004976
0.13384256008541143, 0.33333333333333337, 0.00038065056633924683
0.10607005967355786, 0.33333333333333337, 23.16921112919857
0.041547976538893916, 0.33333333333333337, 2.683015977247195
0.085851009861839, 0.33333333333333337, 5.902427276084876
0.09538810590989875, 0.33333333333333337, 3.1279795414212326
0.10563792310544405, 0.33333333333333337, 4.030884525720125
0.14697995879664233, 0.33333333333333337, 7.409549249170652
0.130634217325439, 0.33333333333333337, 2.5026076878574965
0.1481354701424895, 0.33333333333333337, 14.104071618001473
0.1289612092759426, 0.33333333333333337, 3.1292371128380587
0.1182086390003334, 0.33333333333333337, 3.9103533020168872
0.10919442029422774, 0.33333333333333337, 3.541066099034806
0.10189137132678268, 0.33333333333333337, 5.921124856374357
0.12987030918982254, 0.33333333333333337, 0.8873745090895783
0.1300644072553619, 0.33333333333333337, 20.7678939720459
0.08470702119398504, 0.33333333333333337, 9.258204094933598
0.1334673621128224, 0.33333333333333337, 15.764107811237443
0.13578593946660766, 0.33333333333333337, 35.146052336980965
0.10768907431086858, 0.33333333333333337, 5.923675394250109
0.12345929827846498, 0.33333333333333337, 3.425267703742228
0.17441270822081567, 0.33333333333333337, 7.442595200533583
0.10304405903808345, 0.33333333333333337, 6.7468885071316285
0.12921693086181646, 0.33333333333333337, 12.528374206809932
0.11602649522531977, 0.33333333333333337, 14.799289201902587
0.15987892205973336, 0.33333333333333337, 0.5925891484080588
0.1271005197770475, 0.33333333333333337, 7.271627820768279
0.08935845359739088, 0.33333333333333337, 4.309116676543211
0.1380737920676212, 0.33333333333333337, 6.532864400201552
0.14637115945990659, 0.33333333333333337, 13.481486621000998
0.1304191749672327, 0.33333333333333337, 0.5748922566329077
0.09673111962544839, 0.33333333333333337, 6.54798113693542
0.08008758370351729, 0.33333333333333337, 5.566845334077535
0.13405521376293633, 0.33333333333333337, 29.783947431532937
0.11413432700828738, 0.33333333333333337, 9.677957293184836
0.16588692910275113, 0.33333333333333337, 3.4225743165207345
0.11223611407506591, 0.33333333333333337, 9.741126588155863
0.09353365320550626, 0.33333333333333337, 20.623014975978222
0.08245386993522165, 0.33333333333333337, 5.795917537383071
0.13222019158765622, 0.33333333333333337, 1.8079142147426541
0.08572926217408725, 0.33333333333333337, 2.945256211188832
0.1268172241847843, 0.33333333333333337, 3.1300091139575077
0.16343420515496082, 0.33333333333333337, 16.734073997343085
0.14086314755703286, 0.33333333333333337, 14.391345971016994
0.11716297772199086, 0.33333333333333337, 22.89288614332717
0.12541600393806598, 0.33333333333333337, 34.58968349069379
0.13037715135714179, 0.33333333333333337, 2.719471855321166
0.11777836707644856, 0.33333333333333337, 2.2506480518217433
0.14624520211683445, 0.33333333333333337, 4.654412697655645
0.10911363689823633, 0.33333333333333337, 2.149882433142138
0.11531950981782545, 0.33333333333333337, 60.029757536945695
0.13973357482813967, 0.33333333333333337, 3.950544393033905
0.14722772725000757, 0.33333333333333337, 1.280315290422933
0.07050489116065309, 0.33333333333333337, 6.623855346170727
0.10070468240901266, 0.33333333333333337, 47.241682796791764
0.14732199258960743, 0.33333333333333337, 3.9055320709254295
0.14143591148970297, 0.33333333333333337, 1.5066737940868051
0.12017582828281066, 0.33333333333333337, 5.880055562325837
0.107782056548508, 0.33333333333333337, 3.8036062002272115
0.10326775193789821, 0.33333333333333337, 3.9319850577318824
0.09258603934313943, 0.33333333333333337, 11.241021307551726
0.12419124450016825, 0.33333333333333337, 7.281036511756039
0.09534587807536098, 0.33333333333333337, 14.381463461102461
0.1807042685428351, 0.33333333333333337, 3.6328240446603304
0.08063541064183632, 0.33333333333333337, 33.58255687688681
0.08484164126581284, 0.33333333333333337, 1.1827884292738755
0.10727364492043437, 0.33333333333333337, 3.7151729577634307
0.11905455420059012, 0.33333333333333337, 35.1360346434893
0.10248240725642431, 0.33333333333333337, 9.501966495426458
0.06376081284120858, 0.33333333333333337, 20.483744709114326
0.09054551295942119, 0.33333333333333337, 23.03982165960034
0.09794459662661438, 0.33333333333333337, 3.71271364715862
0.13658802869366596, 0.33333333333333337, 31.469755070262373
0.10322293429960142, 0.33333333333333337, 4.612558944757945
0.06528569018978779, 0.33333333333333337, 5.954892769570597
0.1299357509475852, 0.33333333333333337, 5.7797091496782125
0.07614475853906702, 0.33333333333333337, 16.402545525372354
0.13338915343674118, 0.33333333333333337, 6.73661523988936
0.14169279142600408, 0.33333333333333337, 7.722478353521253
0.13285326154101743, 0.33333333333333337, 3.856839387478069
0.14432685309033444, 0.33333333333333337, 34.67177325736336
0.10963240262231866, 0.33333333333333337, 6.297546093254216
0.11313601736601611, 0.33333333333333337, 3.071732387609394
0.09038790438772226, 0.33333333333333337, 3.1990325621530173
0.068488867644821, 0.33333333333333337, 2.105237588825881
0.1699402644808001, 0.33333333333333337, 3.124924432166874
0.12688720581265617, 0.33333333333333337, 20.583905962926842
0.12345006305748132, 0.33333333333333337, 4.8070960460540935
0.1422109142686738, 0.33333333333333337, 13.494212433464705
0.13146405583482956, 0.33333333333333337, 13.173012959863536
0.09632278094148489, 0.33333333333333337, 6.795858164994127
0.0934209584639657, 0.33333333333333337, 2.613985935254645
0.1146864349032802, 0.33333333333333337, 0.9508658423843734
0.07748991382016593, 0.33333333333333337, 1.7923039838733088
0.12150458904136828, 0.33333333333333337, 0.3224630324795236
0.1329904848297833, 0.33333333333333337, 22.60599210896265
0.16123936004773198, 0.33333333333333337, 28.843678448931897
0.12002094861704582, 0.33333333333333337, 13.54946230673786
0.14231967248836971, 0.33333333333333337, 4.093178669419971
0.12656073992206812, 0.33333333333333337, 0.5900605234396088
0.1419640698912026, 0.33333333333333337, 3.2839223718640946
0.08276855373657277, 0.33333333333333337, 1.4036038835222224
0.10840266733327551, 0.33333333333333337, 8.501258090999386
0.1094552798401372, 0.33333333333333337, 5.781944488773117
0.10837973917346802, 0.33333333333333337, 0.603102686274019
0.15965278248704823, 0.33333333333333337, 4.821809985544467
0.09026856859870297, 0.33333333333333337, 6.037631281393332
0.12730817031895195, 0.33333333333333337, 1.2566995186334522
0.09914382896278731, 0.33333333333333337, 5.196901802517749
0.08889657645866823, 0.33333333333333337, 15.53635748220457
0.06147446198989203, 0.33333333333333337, 1.177071286372469
0.10563062026669946, 0.33333333333333337, 25.243446987206376
0.07662290988310178, 0.33333333333333337, 0.731967891419166
0.16173462603314784, 0.33333333333333337, 26.104537251428752
0.13241330961415865, 0.33333333333333337, 8.734493820812007
0.09674353097167372, 0.33333333333333337, 14.497869079230131
0.107556780992423, 0.33333333333333337, 1.4125624016753646
0.11621473047795834, 0.33333333333333337, 60.02902878355822
0.12145150875526961, 0.33333333333333337, 9.249297662511374
0.10285222147980809, 0.33333333333333337, 23.85368854345309
0.09318147703417365, 0.33333333333333337, 8.501240538894411
0.12249585719183423, 0.33333333333333337, 10.633610568077486
0.08547307686758657, 0.33333333333333337, 8.246563294772391
0.1696401944319151, 0.33333333333333337, 1.876271805690204
0.07692777683086482, 0.33333333333333337, 7.4010652886948884
0.08205565325812914, 0.33333333333333337, 15.877274472249997
0.0816064782115514, 0.33333333333333337, 0.09201551398288833
0.1201849252719464, 0.33333333333333337, 5.172270506606844
0.11087630252508528, 0.33333333333333337, 9.18133962637517
0.12696404449963966, 0.33333333333333337, 9.43641159655914
0.17174693337803815, 0.33333333333333337, 2.0723105017217005
0.1372562848801217, 0.33333333333333337, 8.667631633133503
0.14345860323127416, 0.33333333333333337, 0.46333009564006145
0.11848797767124339, 0.33333333333333337, 3.2278358856221634
0.148477230519927, 0.33333333333333337, 12.997442235509222
0.11920267417798287, 0.33333333333333337, 12.325382718840366
0.10404254388204472, 0.33333333333333337, 11.94911719023808
0.16499683509942487, 0.33333333333333337, 3.642427431361375
0.10061140592605206, 0.33333333333333337, 1.58440275038282
0.10967896290534807, 0.33333333333333337, 15.05390694342711
0.10082071234625425, 0.33333333333333337, 11.666571103508742
0.10123829270326318, 0.33333333333333337, 5.710917631908874
0.10255042582482071, 0.33333333333333337, 8.085368493078443
0.1443439675886106, 0.33333333333333337, 16.06175289087606
0.138982017140665, 0.33333333333333337, 13.562281376529707
0.15186646230501658, 0.33333333333333337, 0.8577641473967643
0.10445798015864578, 0.33333333333333337, 3.411385868339233
0.14726142643076018, 0.33333333333333337, 3.982976229905473
0.13159043277102062, 0.33333333333333337, 2.6697160117720578
0.1285340295156293, 0.33333333333333337, 22.597281936488997
0.11265329602984879, 0.33333333333333337, 16.98033394014635
0.1642305639566996, 0.33333333333333337, 0.43530985042002657
0.07519281676017361, 0.33333333333333337, 0.34024423818517324
0.14668362197055526, 0.33333333333333337, 1.548208310700709
0.09914103120551712, 0.33333333333333337, 26.48756527317756
0.12938083177020243, 0.33333333333333337, 1.5973282054297944
0.08324325384202047, 0.33333333333333337, 5.648691472577086
0.16480064643802572, 0.33333333333333337, 16.45894500594508
0.10846594117900463, 0.33333333333333337, 16.914948129182473
0.13898176961798117, 0.33333333333333337, 20.437977442316726
0.11932932179053324, 0.33333333333333337, 24.397619859065465
0.09359802553468063, 0.33333333333333337, 5.571703303682782
0.10624619582365466, 0.33333333333333337, 41.256865336255224
0.14188659997375086, 0.33333333333333337, 5.810235530198196
0.09877042986138033, 0.33333333333333337, 4.700477248202127
0.06872535673797983, 0.33333333333333337, 4.255788359084158
0.0915017528010425, 0.33333333333333337, 0.6629418156481149
0.15625281422036708, 0.33333333333333337, 33.79882168310326
0.1639229672992854, 0.33333333333333337, 28.097536432359753
0.09598031328319404, 0.33333333333333337, 3.844597042909594
0.12457103888555188, 0.33333333333333337, 4.764308305068996
0.1311209640834845, 0.33333333333333337, 6.564742977241268
0.15235375922829775, 0.33333333333333337, 52.33343141307164
0.1357846256187711, 0.33333333333333337, 4.159468261874329
0.10494744276426488, 0.33333333333333337, 15.178493074902747
0.1307237593912226, 0.33333333333333337, 12.511307036192063
0.1079143362854086, 0.33333333333333337, 3.11012861802936
0.0748866977936373, 0.33333333333333337, 1.3710225743672932
0.11040392832650812, 0.33333333333333337, 9.234467967154409
0.16016691967659058, 0.33333333333333337, 12.075864208005566
0.10590353869349504, 0.33333333333333337, 5.103588544971487
0.1241652166828405, 0.33333333333333337, 16.17386557572437
0.11140959721207744, 0.33333333333333337, 9.101230640701342
0.0775208557577194, 0.33333333333333337, 26.301212820129496
0.1273273216437174, 0.33333333333333337, 1.8860323343418022
0.07527639543883805, 0.33333333333333337, 0.871360992419393
0.09157171776219623, 0.33333333333333337, 9.480953791790684
0.12274552484196123, 0.33333333333333337, 14.194659758681022
0.0964851293133702, 0.33333333333333337, 9.680637709849366
0.07367617920059305, 0.33333333333333337, 52.760157537660554
0.07625763113910256, 0.33333333333333337, 3.504906961295408
0.12634079058982436, 0.33333333333333337, 26.184150268897344
0.14197381598819725, 0.33333333333333337, 3.7245857949575565
0.10377787828236319, 0.33333333333333337, 0.32777865860889366
0.12470106345134467, 0.33333333333333337, 1.7067303312960265
0.1051797114787664, 0.33333333333333337, 18.81237440249327
0.12663989436415785, 0.33333333333333337, 5.662029554823288
0.09796261614200867, 0.33333333333333337, 9.344180755061114
0.16846820223219544, 0.33333333333333337, 3.9736849973741553
0.1250524828549204, 0.33333333333333337, 3.3211676349971837
0.13632217845281422, 0.33333333333333337, 10.333390024533475
0.11235906144025881, 0.33333333333333337, 1.2101667788050434
0.1298880847648549, 0.33333333333333337, 34.81844036459112
0.08400944057081917, 0.33333333333333337, 7.224285412161448
0.16467542340105887, 0.33333333333333337, 46.06308623243844
0.14654313359548043, 0.33333333333333337, 2.3927153427552854
0.10632520171433398, 0.33333333333333337, 18.93565505160856
0.18276613353040544, 0.33333333333333337, 9.861248937602493
0.11879901697820434, 0.33333333333333337, 6.226780353145002
0.13417061656042606, 0.33333333333333337, 2.5637111273966577
0.09563821121270805, 0.33333333333333337, 4.4431891003386665
0.15230328141763766, 0.33333333333333337, 3.0360175280204316
0.1392836792453822, 0.33333333333333337, 2.6334085940367156
0.14413818920109991, 0.33333333333333337, 9.455890129560425
0.14243906885908325, 0.33333333333333337, 5.398986995328416
0.09388124218699462, 0.33333333333333337, 62.34510777042179
0.16357625015067176, 0.33333333333333337, 15.793911918967616
0.13572951068268027, 0.33333333333333337, 39.621991427592384
0.14626728883613999, 0.33333333333333337, 6.915046393795181
0.07325080345275704, 0.33333333333333337, 10.372038595311322
0.08095054587595907, 0.33333333333333337, 2.6618976613428664
0.12386197431574018, 0.33333333333333337, 4.453816421930014
0.14690261476288471, 0.33333333333333337, 3.220302639248677
0.06440082683641424, 0.33333333333333337, 15.117075562095831
0.13458535932966098, 0.33333333333333337, 9.359718778244726
0.1269747118583444, 0.33333333333333337, 6.259596218625855
0.1287324466963593, 0.33333333333333337, 0.13734131202626645
0.07108984379385147, 0.33333333333333337, 4.551193660560376
0.16353781397029188, 0.33333333333333337, 8.203347165819025
0.1357372991902877, 0.33333333333333337, 18.713630954671192
0.14795875422340024, 0.33333333333333337, 2.087321654343174
0.11436406175324947, 0.33333333333333337, 20.662969806614793
0.11483484334229731, 0.33333333333333337, 5.603696763353411
0.10868240440313524, 0.33333333333333337, 44.81709883619789
0.13336979448599293, 0.33333333333333337, 3.0819474416484915
0.09665719042581407, 0.33333333333333337, 7.58762264288862
0.12975461214217607, 0.33333333333333337, 2.9601949494444306
0.14595630283373145, 0.33333333333333337, 4.847062040318838
0.09350955830181759, 0.33333333333333337, 7.682315015477497
0.09056329953612077, 0.33333333333333337, 28.63547320807017
0.13146563171332684, 0.33333333333333337, 6.8273072931012
0.11316746169044618, 0.33333333333333337, 36.440307263818354
0.09809363604831091, 0.33333333333333337, 3.1239603692414657
0.11794627402255554, 0.33333333333333337, 3.268715833262991
0.13850822687987896, 0.33333333333333337, 12.331589169249575
0.09474596364979124, 0.33333333333333337, 7.304068191111077
0.11178159473677973, 0.33333333333333337, 4.186785718947598
0.07832632364252755, 0.33333333333333337, 4.960139594850335
0.06564035534611956, 0.33333333333333337, 6.720154729285953
0.13881579433314192, 0.33333333333333337, 7.186293359761713
0.10942057900723742, 0.33333333333333337, 6.044274051975749
0.14655483875046577, 0.33333333333333337, 11.755088419556788
0.11120275970938644, 0.33333333333333337, 2.4009193346720084
0.12394033007513469, 0.33333333333333337, 6.092364132328437
0.06312181793063373, 0.33333333333333337, 9.38768771599494
0.06332374658334085, 0.33333333333333337, 1.8272324278146095
0.07483979258489465, 0.33333333333333337, 4.364319164784423
0.16402414646121768, 0.33333333333333337, 5.957097916418849
0.14533920067315814, 0.33333333333333337, 6.869905614462303
0.1273654240853719, 0.33333333333333337, 8.871943623862434
0.058940981595009455, 0.33333333333333337, 5.4344395830463155
0.13885809573416008, 0.33333333333333337, 6.319059081552116
0.13730204769386833, 0.33333333333333337, 4.79011225725139
0.07323712958164519, 0.33333333333333337, 6.136167391926939
0.15116699014561386, 0.33333333333333337, 5.779283468579218
0.07249766443074067, 0.33333333333333337, 0.310235300693951
0.08573585701900845, 0.33333333333333337, 47.088071671939474
0.13341587848672518, 0.33333333333333337, 6.281386648174534
0.14700668311877504, 0.33333333333333337, 37.07059412046526
0.16214996116505448, 0.33333333333333337, 23.588786663539327
0.14798619549854727, 0.33333333333333337, 1.8973276457058248
0.08535343332877757, 0.33333333333333337, 2.9438587139605406
0.16500167568036925, 0.33333333333333337, 7.4152050190633325
0.16567847579279174, 0.33333333333333337, 12.522374746702118
0.15104898325254904, 0.33333333333333337, 8.413231042583359
0.07981160126038847, 0.33333333333333337, 2.154037921548247
0.12279516932867757, 0.33333333333333337, 6.144519172558293
0.12132850435707901, 0.33333333333333337, 8.729802146107524
0.12871755850658131, 0.33333333333333337, 30.95072344820646
0.09129381778920137, 0.33333333333333337, 4.644728363389099
0.09197381333982757, 0.33333333333333337, 6.6293454755126895
0.06003661240422664, 0.33333333333333337, 4.302904879292111
0.09675752175876218, 0.33333333333333337, 25.894972228848122
0.10613593638307188, 0.33333333333333337, 3.9092084181566227
0.14132416697596753, 0.33333333333333337, 13.899157825748532
0.07733499697161152, 0.33333333333333337, 25.588014188741557
0.14672440176718032, 0.33333333333333337, 6.683324029470299
0.115218008935614, 0.33333333333333337, 4.4074835346042045
0.10513221548400016, 0.33333333333333337, 25.9104680012139
0.11219354039067508, 0.33333333333333337, 1.1626031737101505
0.13284765947622418, 0.33333333333333337, 2.937835804485964
0.1260431606176436, 0.33333333333333337, 8.956422421866076
0.07872322186945332, 0.33333333333333337, 10.948453605577296
0.13539890696065351, 0.33333333333333337, 9.052316498552079
0.1336362743508494, 0.33333333333333337, 1.2838193330540237
0.08366613219091944, 0.33333333333333337, 0.9808358503835285
0.11623918685163925, 0.33333333333333337, 12.087399786888048
0.08942678080511815, 0.33333333333333337, 1.0402524880817439
0.07489681072832428, 0.33333333333333337, 5.665242343389894
0.1158804361295158, 0.33333333333333337, 1.7016931413539795
0.10537370215985449, 0.33333333333333337, 1.189671109666895
0.14804454365240358, 0.33333333333333337, 33.85330796373378
0.11103766037427606, 0.33333333333333337, 2.494015758087847
0.12540738135631072, 0.33333333333333337, 0.350525955132463
0.11890656496451492, 0.33333333333333337, 43.50453675291435
0.10110303426943427, 0.33333333333333337, 4.444556131317804
0.13085990607094425, 0.33333333333333337, 2.490596363226837
0.0531879142243753, 0.33333333333333337, 7.693145590130927
0.10824833963466102, 0.33333333333333337, 27.15521966244716
0.16459471669380876, 0.33333333333333337, 1.4414233912764394
0.1155439725421523, 0.33333333333333337, 1.9675835002083113
0.09742270183209571, 0.33333333333333337, 18.652414760383593
0.1270411537130092, 0.33333333333333337, 4.7130958219905095
0.1155574941108516, 0.33333333333333337, 3.2542683681696505
0.12413776791516305, 0.33333333333333337, 4.445822586672321
0.08990445210663421, 0.33333333333333337, 30.8292768420071
0.17088848197903134, 0.33333333333333337, 6.6383792483164665
0.19094183861712644, 0.33333333333333337, 4.574245913047396
0.14918012952914822, 0.33333333333333337, 12.003998683139072
0.08363076840075892, 0.33333333333333337, 10.71886168912803
0.14092588566670475, 0.33333333333333337, 5.165145521194995
0.1370753395445466, 0.33333333333333337, 10.478999672408763
0.17522070223531666, 0.33333333333333337, 3.9502300426228594
0.12846969310501788, 0.33333333333333337, 0.9004424797539159
0.125185568098142, 0.33333333333333337, 5.55549293745079
0.13850019633708002, 0.33333333333333337, 14.275733903575501
0.15491884134382417, 0.33333333333333337, 9.09115134788304
0.12536993733220725, 0.33333333333333337, 15.944182916151838
0.09222104571138244, 0.33333333333333337, 3.6157271581029926
0.13209849842942437, 0.33333333333333337, 16.888472848417095
0.0891112395309057, 0.33333333333333337, 8.987879569229719
0.06764801518030925, 0.33333333333333337, 3.369205332443148
0.15739526438292478, 0.33333333333333337, 9.480763884368308
0.15720046366330043, 0.33333333333333337, 2.5834190076583607
0.07441017177016251, 0.33333333333333337, 5.0976344190855505
0.1318355788228446, 0.33333333333333337, 0.6573126028172954
0.11664339483401606, 0.33333333333333337, 4.036218963272677
0.11972479241206557, 0.33333333333333337, 8.000186144637205
0.1271631369872663, 0.33333333333333337, 29.339288054281145
0.13065728777311322, 0.33333333333333337, 10.578076560872564
0.09872878834410467, 0.33333333333333337, 12.082413229640279
0.1280675824148337, 0.33333333333333337, 1.206692211427538
0.13582972148409939, 0.33333333333333337, 15.11982859470198
0.1348016137775549, 0.33333333333333337, 2.221149416603926
0.11627384680584144, 0.33333333333333337, 4.865098777492808
0.07348893420961927, 0.33333333333333337, 12.631662002616435
0.10511643253034655, 0.33333333333333337, 6.981224093920956
0.10404178028029773, 0.33333333333333337, 8.918897698347378
0.10374431679909472, 0.33333333333333337, 13.38944420791029
0.12244647683542056, 0.33333333333333337, 10.608931941486654
0.10959317569432733, 0.33333333333333337, 0.7896195161901187
0.12836020980404533, 0.33333333333333337, 3.676030334314947
0.09940912825423626, 0.33333333333333337, 79.60914444218041
0.10822530279378374, 0.33333333333333337, 9.1887268275771
0.11420301142313724, 0.33333333333333337, 6.450003754029466
0.04932695761780559, 0.33333333333333337, 3.0728927151581744
0.07144373761463518, 0.33333333333333337, 13.9289698127836
0.1270117492021024, 0.33333333333333337, 28.949413839721515
0.11055568117950361, 0.33333333333333337, 3.333025023148402
0.07085563009002088, 0.33333333333333337, 0.05435537412753936
0.13972142563482912, 0.33333333333333337, 5.415241760226888
0.13903312650652053, 0.33333333333333337, 27.223037521276012
0.12491725382430532, 0.33333333333333337, 27.123460807720004
0.10380021241696476, 0.33333333333333337, 1.5260465590993557
0.17107684077567503, 0.33333333333333337, 2.124913337676665
0.10961370797359744, 0.33333333333333337, 2.416565898138829
0.12330157063625029, 0.33333333333333337, 8.509878475644962
0.15587962055475274, 0.33333333333333337, 3.228001999955745
0.11671849516613378, 0.33333333333333337, 4.9048909732116845
0.12442013501683513, 0.33333333333333337, 4.518693869730312
0.09345132217261205, 0.33333333333333337, 24.72823752735005
0.17367181921283736, 0.33333333333333337, 0.71020432701974
0.1331186270802265, 0.33333333333333337, 20.338377480016906
0.13607408726742148, 0.33333333333333337, 0.9320309760044858
0.08258066973386541, 0.33333333333333337, 0.9633172411045813
0.13147818754432844, 0.33333333333333337, 11.195640309718334
0.08847749861833723, 0.33333333333333337, 0.7259372476716266
0.13903268403689614, 0.33333333333333337, 2.647186038060055
0.10079453075463043, 0.33333333333333337, 7.355017050152901
0.06698332705376511, 0.33333333333333337, 20.172198287824273
0.15000833272309516, 0.33333333333333337, 5.3702479447750155
0.0788868619909785, 0.33333333333333337, 2.936119522681546
0.1084728161344719, 0.33333333333333337, 8.581307255353313
0.10620583918462181, 0.33333333333333337, 30.125008619333514
0.13637538052861714, 0.33333333333333337, 11.995679109725998
0.10630555422948795, 0.33333333333333337, 13.231951420303837
0.12950969747921898, 0.33333333333333337, 17.910829754259947
0.10152899229053244, 0.33333333333333337, 8.814002506148862
0.13388742031385203, 0.33333333333333337, 22.53507722467369
0.08054848434569004, 0.33333333333333337, 0.5488783838022707
0.09074641368070964, 0.33333333333333337, 0.6114395681648559
0.16883646296602856, 0.33333333333333337, 0.028355402780692575
0.14551229958037834, 0.33333333333333337, 7.370620040656714
0.1263142521816713, 0.33333333333333337, 6.047887728507136
0.10146679178695937, 0.33333333333333337, 15.874613177945763
0.13316280810503958, 0.33333333333333337, 10.08521644690779
0.12612230650925368, 0.33333333333333337, 7.857752165877767
0.1122105298625718, 0.33333333333333337, 10.220688920909934
0.08827124199404182, 0.33333333333333337, 1.4025559041629265
0.16865889905136539, 0.33333333333333337, 3.2982174150184727
0.15458085199260826, 0.33333333333333337, 14.02918213454628
0.07313527121317193, 0.33333333333333337, 4.0273416242960804
0.13630776119513188, 0.33333333333333337, 5.206727311898418
0.13054260611299387, 0.33333333333333337, 4.228766502023889
0.10025497174030183, 0.33333333333333337, 13.76176170475191
0.12310568840411316, 0.33333333333333337, 10.139568343576684
0.1399065440295117, 0.33333333333333337, 10.567190375255892
0.15874502078472907, 0.33333333333333337, 3.9698389532820784
0.11607126288276996, 0.33333333333333337, 0.7763065544310992
0.09870136486280984, 0.33333333333333337, 3.562344418840899
0.11757168852074934, 0.33333333333333337, 7.317092220748186
0.13345813187067315, 0.33333333333333337, 27.545815218120346
0.09755157939026926, 0.33333333333333337, 6.870321780654911
0.11638339966767744, 0.33333333333333337, 3.8967444246707625
0.06351679902870284, 0.33333333333333337, 5.141176907961865
0.11574173252971477, 0.33333333333333337, 2.4765375141823656
0.07258678534275272, 0.33333333333333337, 8.572878435623723
0.08344742051053779, 0.33333333333333337, 12.65629822788453
0.13400151759414455, 0.33333333333333337, 11.550384633516963
0.13392678478310718, 0.33333333333333337, 5.170791981930221
0.13479005323307264, 0.33333333333333337, 7.963245285354209
0.12162039991307622, 0.33333333333333337, 32.789660320524995
0.1277610781778158, 0.33333333333333337, 21.47336706228651
0.12840849933985904, 0.33333333333333337, 20.93674628517521
0.1005599212096016, 0.33333333333333337, 12.479653523017447
0.1611526697591299, 0.33333333333333337, 3.1987885207253135
0.1555370668157411, 0.33333333333333337, 1.4436836241180668
0.14798778822334727, 0.33333333333333337, 3.236157571034597
0.13833152729626136, 0.33333333333333337, 8.866076870920143
0.15854063550976638, 0.33333333333333337, 13.868243509867456
0.14260694191282697, 0.33333333333333337, 0.621967649447429
0.15916068019392995, 0.33333333333333337, 0.7515894139975253
0.13518165912805058, 0.33333333333333337, 6.889113565731143
0.12689248096848973, 0.33333333333333337, 7.0881317684429455
0.20023721819396567, 0.33333333333333337, 3.8210849521864656
0.09421723939520334, 0.33333333333333337, 33.219543558738756
0.1415806536693446, 0.33333333333333337, 8.502584630033953
0.14789722189609297, 0.33333333333333337, 11.06493811816403
0.09954710765534912, 0.33333333333333337, 12.75463057890263
0.029177328031311706, 0.33333333333333337, 11.985400012863728
0.14439516904163768, 0.33333333333333337, 3.3035047326318927
0.10593745199578274, 0.33333333333333337, 9.416087122880386
0.19186289486497282, 0.33333333333333337, 1.5510481892210515
0.16372978390636653, 0.33333333333333337, 19.31258748461138
0.10703156933775862, 0.33333333333333337, 1.5628235916874458
0.1468048780689485, 0.33333333333333337, 17.45413054034745
0.13748789470824513, 0.33333333333333337, 5.182247620186782
0.09296437037234508, 0.33333333333333337, 8.37366202171731
0.08631341317058416, 0.33333333333333337, 0.8511103727452691
0.17370936980903506, 0.33333333333333337, 3.9704005812297596
0.15013225802830674, 0.33333333333333337, 2.532136009626818
0.13372074332395067, 0.33333333333333337, 4.650416778881931
0.13014700219911565, 0.33333333333333337, 19.89188986274917
0.14791506922946723, 0.33333333333333337, 6.423720579708843
0.1278289263146666, 0.33333333333333337, 3.3530534681887443
0.11943994396565166, 0.33333333333333337, 4.083397711028988
0.1274188000621764, 0.33333333333333337, 9.110929902884022
0.1087787601783975, 0.33333333333333337, 17.911008968290613
0.12991945449188644, 0.33333333333333337, 4.545422710403013
0.10585326315343513, 0.33333333333333337, 14.80889682607935
0.07574606134561929, 0.33333333333333337, 6.012484738746111
0.11602062125730978, 0.33333333333333337, 4.74315016447375
0.15358150053797126, 0.33333333333333337, 9.021681975834065
0.06114345080243069, 0.33333333333333337, 0.09905808791758104
0.12427684046636224, 0.33333333333333337, 18.651581492164816
0.14735695217123393, 0.33333333333333337, 3.849818483152462
0.13023024219563237, 0.33333333333333337, 23.999199682567742
0.08990066283008337, 0.33333333333333337, 66.231624373264
0.15436084177651327, 0.33333333333333337, 6.914543357286872
0.09464940963736869, 0.33333333333333337, 10.686642650829153
0.11293571640940159, 0.33333333333333337, 4.05793913438097
0.1696797769859072, 0.33333333333333337, 8.5421285622496
0.1377099981200971, 0.33333333333333337, 3.7941716267901784
0.08001555347165137, 0.33333333333333337, 9.45740446908159
0.1825731045700909, 0.33333333333333337, 9.10801330612301
0.12403945935663196, 0.33333333333333337, 6.633862762101276
0.049853188535140244, 0.33333333333333337, 11.128703795039684
0.1543201407318873, 0.33333333333333337, 20.824258694459207
0.16697107959709673, 0.33333333333333337, 7.02710057286922
0.147367023960366, 0.33333333333333337, 2.2467072706875566
0.17193988745084918, 0.33333333333333337, 13.8134369579784
0.09698690807138101, 0.33333333333333337, 1.3394359973984888
0.17506106543357286, 0.33333333333333337, 20.097212518835324
0.06307816999331223, 0.33333333333333337, 21.716360457385083
0.10232367681068821, 0.33333333333333337, 1.8206191818323445
0.09866207995959661, 0.33333333333333337, 2.0929629037213275
0.08919652945932438, 0.33333333333333337, 27.23181525645066
0.09902109239776234, 0.33333333333333337, 12.80101215303707
0.14465711640346018, 0.33333333333333337, 68.21673808795559
0.12335827730324433, 0.33333333333333337, 9.996155731699798
0.08829944066280541, 0.33333333333333337, 48.44586570264308
0.1381514398494841, 0.33333333333333337, 3.1094328490303673
0.13269253760867003, 0.33333333333333337, 17.794509166333285
0.15155871912445767, 0.33333333333333337, 20.088769477837797
0.15427884324092375, 0.33333333333333337, 1.1368452051574665
0.1304761074286505, 0.33333333333333337, 10.390105128496105
0.11754457481464672, 0.33333333333333337, 9.683626135257493
0.18604158363221493, 0.33333333333333337, 0.21971792269632953
0.07747282133125422, 0.33333333333333337, 2.249539458902964
0.12144374524784983, 0.33333333333333337, 38.265180416584954
0.09932910091226407, 0.33333333333333337, 8.058084944101132
0.06446555163837056, 0.33333333333333337, 4.713842165844233
0.14677064404240528, 0.33333333333333337, 0.15711959477019238
0.11256600023083302, 0.33333333333333337, 9.124974569049911
0.10954110014260524, 0.33333333333333337, 1.1364722178614302
0.14349048686721025, 0.33333333333333337, 5.02790823611445
0.11975636327852326, 0.33333333333333337, 10.388039880067426
0.12434513658092418, 0.33333333333333337, 6.325779612649525
0.15718000311570252, 0.33333333333333337, 4.994992584792872
0.15007961014112128, 0.33333333333333337, 11.532013963990533
0.06965030435508614, 0.33333333333333337, 26.221400749555883
0.12320146673067646, 0.33333333333333337, 17.373932233915408
0.0888256647222079, 0.33333333333333337, 12.71398236765645
0.1262499448131929, 0.33333333333333337, 3.628071245727824
0.14374837555518066, 0.33333333333333337, 0.07596737190692306
0.07615691753410303, 0.33333333333333337, 0.8018515842689885
0.1304490115614357, 0.33333333333333337, 5.397947854047293
0.12719768152378566, 0.33333333333333337, 14.111613483241593
0.1755410626102633, 0.33333333333333337, 6.626483382269464
0.09352259097423601, 0.33333333333333337, 9.735247024035816
0.09374274366081373, 0.33333333333333337, 0.12679238968051493
0.15018170732909764, 0.33333333333333337, 7.057616066438954
0.10775928676084887, 0.33333333333333337, 1.4840017751609058
0.08977910550543852, 0.33333333333333337, 1.891781509736796
0.11045498180779517, 0.33333333333333337, 2.7788785012164947
0.08540969541324593, 0.33333333333333337, 11.717641442723213
0.09583008764350733, 0.33333333333333337, 12.728856172554647
0.14547608440290966, 0.33333333333333337, 28.108612372389672
0.11477909054430355, 0.33333333333333337, 6.810177738648446
0.09019194591260869, 0.33333333333333337, 1.370786130677968
0.13478047012455424, 0.33333333333333337, 11.070015733031678
0.15795662196167792, 0.33333333333333337, 0.8061960025244564
0.10183584075348387, 0.33333333333333337, 17.753614561462886
0.15499939940117596, 0.33333333333333337, 1.927244955442548
0.07293078765405661, 0.33333333333333337, 31.621756290638608
0.1349919655011399, 0.33333333333333337, 15.44534181581026
0.12606197737826547, 0.33333333333333337, 2.974536444270442
0.1646441385689399, 0.33333333333333337, 1.7442138415271464
0.16459102906881426, 0.33333333333333337, 36.66673392512048
0.18957843608897937, 0.33333333333333337, 14.168974187388352
0.12062110512687582, 0.33333333333333337, 4.058948482881152
0.13703345637763586, 0.33333333333333337, 8.514133062289117
0.14597553933096022, 0.33333333333333337, 11.435837380661468
0.14250619307936913, 0.33333333333333337, 21.186754455263326
0.136087695487809, 0.33333333333333337, 3.5673673487134727
0.10728470868702404, 0.33333333333333337, 0.2235289657859663
0.08926627162494076, 0.33333333333333337, 4.83252694222714
0.12504087238405034, 0.33333333333333337, 8.095212139794505
0.0638798314874432, 0.33333333333333337, 11.791233685721986
0.09887296705080428, 0.33333333333333337, 5.521803532407867
0.1125132036335989, 0.33333333333333337, 2.172420830587793
0.1246077707394384, 0.33333333333333337, 9.08372153731185
0.07277131160314018, 0.33333333333333337, 6.143072353225891
0.14947963502501407, 0.33333333333333337, 0.021137608111679362
0.16678058415710087, 0.33333333333333337, 4.524509154752646
0.11034757469733758, 0.33333333333333337, 29.038187783899605
0.0900725686742557, 0.33333333333333337, 8.979614164899841
0.16381672870469488, 0.33333333333333337, 1.1522488971666291
0.08252803747613124, 0.33333333333333337, 3.9872350331267703
0.10386521522960798, 0.33333333333333337, 5.323924305735791
0.15009826329829223, 0.33333333333333337, 13.675164863435416
0.127858332420926, 0.33333333333333337, 2.724133274365492
0.11238415951099542, 0.33333333333333337, 56.870565869435374
0.12661540874092864, 0.33333333333333337, 11.446044819485488
0.1275394203796328, 0.33333333333333337, 8.99696950341951
0.15486754394643948, 0.33333333333333337, 8.616528679934877
0.11869939295374185, 0.33333333333333337, 18.197946835681442
0.1273712744141053, 0.33333333333333337, 5.497437281281591
0.1507743882153422, 0.33333333333333337, 10.104819634865503
0.09265541526601592, 0.33333333333333337, 2.6927088055905135
0.15699236291742644, 0.33333333333333337, 0.5433308216641756
0.12633989949825278, 0.33333333333333337, 2.0964548134510896
0.09956625543555617, 0.33333333333333337, 4.177929480949563
0.1293027869124349, 0.33333333333333337, 16.102742636647886
0.18719572353985137, 0.33333333333333337, 45.54239426389556
0.09374095836930398, 0.33333333333333337, 17.075695917685128
0.1286302800973849, 0.33333333333333337, 18.8474280629164
0.0931085950193427, 0.33333333333333337, 15.92324002795622
0.12130882862973905, 0.33333333333333337, 8.746188985511573
0.12381665855247614, 0.33333333333333337, 31.13042024508814
0.09460342772917266, 0.33333333333333337, 1.8641471925762942
0.13030511184139482, 0.33333333333333337, 15.535592924043293
0.09564810661735922, 0.33333333333333337, 7.846810386785075
0.10938393005175552, 0.33333333333333337, 5.3618585123428755
0.14587374266372582, 0.33333333333333337, 8.939297752339396
0.08413583357917007, 0.33333333333333337, 1.2619909816670225
0.16715073765041916, 0.33333333333333337, 3.6190791781940113
0.08800234343064282, 0.33333333333333337, 4.584490037132659
0.09948175941164027, 0.33333333333333337, 3.003293840832907
0.12307639282737001, 0.33333333333333337, 1.2942981949888612
0.11492811753432, 0.33333333333333337, 5.9141151535664145
0.1330285873972318, 0.33333333333333337, 9.179015636913087
0.1302167375594738, 0.33333333333333337, 0.2079319109466464
0.10354060310049472, 0.33333333333333337, 0.45940352842581583
0.0933935692162515, 0.33333333333333337, 4.399370514788574
0.07250473325773032, 0.33333333333333337, 14.769948355211655
0.17496947238494845, 0.33333333333333337, 3.6215929612519147
0.07319727498178105, 0.33333333333333337, 41.02654783308916
0.08336013969321808, 0.33333333333333337, 15.12442260374418
0.105357513308725, 0.33333333333333337, 8.802887856443649
0.18246187248044976, 0.33333333333333337, 14.896950046761434
0.08731897893579285, 0.33333333333333337, 3.060740567653213
0.0946338741574566, 0.33333333333333337, 7.912415151629535
0.12954045983221527, 0.33333333333333337, 11.482492488226352
0.17194785530373136, 0.33333333333333337, 2.0772354591079862
0.1403029332668035, 0.33333333333333337, 2.2645375631671607
0.11312538311488217, 0.33333333333333337, 3.8937607407392814
0.09513831964674373, 0.33333333333333337, 5.4741792308175805
0.08125446476457966, 0.33333333333333337, 3.751592148779937
0.1243169548547472, 0.33333333333333337, 10.570087283126915
0.11183883231159708, 0.33333333333333337, 0.8923768708341224
0.09941582594166307, 0.33333333333333337, 33.1396366800886
0.15499994575994913, 0.33333333333333337, 6.230196685568642
0.10029989835998798, 0.33333333333333337, 4.67911138578006
0.1384662771370575, 0.33333333333333337, 0.9423770665270368
0.13202598832987145, 0.33333333333333337, 13.138640909245746
0.12713395682295317, 0.33333333333333337, 16.68283014657969
0.14626535156056653, 0.33333333333333337, 5.386601480292988
0.07927800666425615, 0.33333333333333337, 0.2605842843388972
0.14240405510553303, 0.33333333333333337, 3.958921542303987
0.1328487149956819, 0.33333333333333337, 2.107186946379826
0.09919315759754303, 0.33333333333333337, 29.602769323039418
0.13738128999134847, 0.33333333333333337, 3.7780623560733515
0.11267500115683479, 0.33333333333333337, 2.49251400601146
0.09306442097961377, 0.33333333333333337, 8.217181072590535
0.18518378052094725, 0.33333333333333337, 21.088637961768608
0.11735833535169993, 0.33333333333333337, 3.531623885836124
0.12496153158089167, 0.33333333333333337, 3.7966632848526625
0.10635915816201318, 0.33333333333333337, 7.812976418343944
0.10608884101454236, 0.33333333333333337, 21.302730350655573
0.058498589348985816, 0.33333333333333337, 4.441238426333434
0.17614389038479433, 0.33333333333333337, 2.6270403419334065
0.0772501949287842, 0.33333333333333337, 8.023159170469624
0.11783738707685107, 0.33333333333333337, 3.9206944596092894
0.09534749433224032, 0.33333333333333337, 0.9503639237821003
0.14389750244781194, 0.33333333333333337, 11.516423089785096
0.14026666042933075, 0.33333333333333337, 3.7028298429481423
0.15926118136143158, 0.33333333333333337, 64.89710802844614
0.03936040642022304, 0.33333333333333337, 10.843441307516787
0.13602485966873304, 0.33333333333333337, 3.7280412706661736
0.11345453808834045, 0.33333333333333337, 2.815002115451142
0.10817344552100175, 0.33333333333333337, 4.4139203015160895
0.08748916340755544, 0.33333333333333337, 17.918664686852626
0.13094237671899434, 0.33333333333333337, 41.10204046715867
0.13436890898212747, 0.33333333333333337, 29.6425414330737
0.11956069690467828, 0.33333333333333337, 23.149507967658213
0.09720159301059955, 0.33333333333333337, 6.761680967727221
0.1125014980139857, 0.33333333333333337, 9.109468886939572
0.1236274285629472, 0.33333333333333337, 12.107248326196455
0.09988284670216034, 0.33333333333333337, 7.986078311789715
0.1311147409196265, 0.33333333333333337, 1.7694815760452005
0.16023302819016427, 0.33333333333333337, 3.412771909713126
0.14390171803525054, 0.33333333333333337, 0.6431012986435543
0.10087938374284118, 0.33333333333333337, 4.723114429551829
0.15218700216632158, 0.33333333333333337, 18.751938508261315
0.10683504710069197, 0.33333333333333337, 26.910211391324957
0.10606687676770818, 0.33333333333333337, 41.157720214858024
0.10754389773168904, 0.33333333333333337, 3.853460957137564
0.10543201752271536, 0.33333333333333337, 30.90813619645651
0.1327974907284704, 0.33333333333333337, 3.2551180391451595
0.11636680963748591, 0.33333333333333337, 9.643781010602792
0.14279327146801116, 0.33333333333333337, 3.9649612206926363
0.07360830311401353, 0.33333333333333337, 5.00932801189317
0.15755752153092534, 0.33333333333333337, 8.432036378730718
0.0860664703425308, 0.33333333333333337, 2.173425133839381
0.16703386249816335, 0.33333333333333337, 3.4048019267625147
0.13673221353640377, 0.33333333333333337, 26.434457373198462
0.16700361925708912, 0.33333333333333337, 1.6022946695060327
0.11205379014787947, 0.33333333333333337, 10.558225265105094
0.13858583826339205, 0.33333333333333337, 1.7937426245553334
0.1437561083592453, 0.33333333333333337, 10.99427881549268
0.09484191318285501, 0.33333333333333337, 14.708228434919606
0.13604355224994902, 0.33333333333333337, 12.223755511926363
0.12366473140039691, 0.33333333333333337, 9.894683789957625
0.1182243480581528, 0.33333333333333337, 0.26466052108227145
0.08804654147363622, 0.33333333333333337, 4.661159760192617
0.1032382362893532, 0.33333333333333337, 23.747171119677482
0.1263920812201804, 0.33333333333333337, 9.08991872917303
0.0877553727118959, 0.33333333333333337, 0.002782159877094142
0.15495047683202373, 0.33333333333333337, 1.3665838512737085
0.131763905099414, 0.33333333333333337, 4.793302146859984
0.08454744764938735, 0.33333333333333337, 21.685261704946736
0.11960528370977451, 0.33333333333333337, 26.65084731093886
0.176352200962515, 0.33333333333333337, 1.1329833528262403
0.12159487935158445, 0.33333333333333337, 3.5034360262703905
0.07332008893274107, 0.33333333333333337, 2.1458518212688067
0.12730512314394812, 0.33333333333333337, 10.160676099549217
0.11769719691207836, 0.33333333333333337, 0.1778247632653797
0.17583539818891186, 0.33333333333333337, 0.3255613565208527
0.14201176702050677, 0.33333333333333337, 16.470409339244938
0.11057512326707962, 0.33333333333333337, 0.7648788653325058
0.07268977247675842, 0.33333333333333337, 4.057588034686326
0.1667843516719606, 0.33333333333333337, 16.786119653222624
0.17786687293946285, 0.33333333333333337, 18.267569321906926
0.14849716134146945, 0.33333333333333337, 22.46208391211367
0.1456450913646237, 0.33333333333333337, 1.873721707246354
0.11757912589948931, 0.33333333333333337, 17.54083316659076
0.1070304609193028, 0.33333333333333337, 9.379601090425005
0.16117077231750915, 0.33333333333333337, 23.87284457436546
0.1142210676750719, 0.33333333333333337, 2.6092844704954246
0.1620261460710578, 0.33333333333333337, 26.243102128902027
0.1597590184181409, 0.33333333333333337, 1.8901248887713977
0.09519524678726757, 0.33333333333333337, 3.5321258409365655
0.11350489162564276, 0.33333333333333337, 12.078205410197539
0.16016644199816135, 0.33333333333333337, 14.626223221949711
0.07932760549565587, 0.33333333333333337, 0.9136856746827048
0.11972634453719004, 0.33333333333333337, 4.289676001165474
0.14971152518141617, 0.33333333333333337, 77.77366163916945
0.13224151858307065, 0.33333333333333337, 16.235731764091472
0.08847677418919188, 0.33333333333333337, 4.8359523290019535
0.10470713914621423, 0.33333333333333337, 30.872278992874545
0.07573871996739881, 0.33333333333333337, 11.06029534420943
0.13703758982916447, 0.33333333333333337, 0.6025085034989924
0.16220170888094781, 0.33333333333333337, 7.341030859408261
0.15236143087744142, 0.33333333333333337, 3.594422473627309
0.10405834195698321, 0.33333333333333337, 1.1435750045584545
0.1374082759147023, 0.33333333333333337, 12.146642425137951
0.11923254467078072, 0.33333333333333337, 21.838127534917863
0.14439671603800294, 0.33333333333333337, 13.070053015387849
0.09342758274916649, 0.33333333333333337, 30.946038575029544
0.12048785638683901, 0.33333333333333337, 1.5052642853205485
0.1660557260716004, 0.33333333333333337, 35.09036862480476
0.11827818402380803, 0.33333333333333337, 19.067489879037115
0.11592651994923026, 0.33333333333333337, 12.204505181812793
0.13501557771340886, 0.33333333333333337, 1.245887828914035
0.06730064813457329, 0.33333333333333337, 7.405381078148681
0.11745663275010128, 0.33333333333333337, 5.257763912817866
0.11707997480724977, 0.33333333333333337, 13.278094253490814
0.10247683206421788, 0.33333333333333337, 12.718926322882918
0.12378149309832027, 0.33333333333333337, 4.403865664603907
0.15098173456290337, 0.33333333333333337, 14.191229326594152
0.15677899032088455, 0.33333333333333337, 3.155226053963167
0.14202120196666745, 0.33333333333333337, 7.299287851788983
0.14514900783981702, 0.33333333333333337, 3.6165846921272835
0.139226472419368, 0.33333333333333337, 5.836963215906195
0.18464886973021455, 0.33333333333333337, 7.821462271282059
0.1290247998826815, 0.33333333333333337, 2.4422043333068713
0.054949319909830374, 0.33333333333333337, 12.549351636526685
0.10882571097402183, 0.33333333333333337, 13.040986507511866
0.0365232006471161, 0.33333333333333337, 23.38591137493376
0.10826733314135424, 0.33333333333333337, 9.068691530866472
0.14832364534131814, 0.33333333333333337, 8.861033263567977
0.18731784883266706, 0.33333333333333337, 14.03673499725416
0.17640144346946832, 0.33333333333333337, 26.509633766029086
0.10603614348868245, 0.33333333333333337, 26.824903620851014
0.17352902648559157, 0.33333333333333337, 3.6057361310636065
0.14387760727887194, 0.33333333333333337, 7.260707063689281
0.14763600467737292, 0.33333333333333337, 8.688547261896849
0.08820365083712928, 0.33333333333333337, 5.525532966014952
0.14701210723184516, 0.33333333333333337, 1.8790042011766677
0.1091090471227264, 0.33333333333333337, 63.10596186102098
0.1411515407111025, 0.33333333333333337, 3.43110513932598
0.12026759564704938, 0.33333333333333337, 27.384221737838896
0.09871462779039597, 0.33333333333333337, 23.31257759988621
0.128854762400299, 0.33333333333333337, 5.812550020860021
0.09112819052433506, 0.33333333333333337, 3.1480103850913115
0.11487939422070309, 0.33333333333333337, 8.838933579143072
0.0914771618905416, 0.33333333333333337, 12.564717492013326
0.11186458353801712, 0.33333333333333337, 9.945292522266229
0.06955754095736547, 0.33333333333333337, 9.77264275592227
0.12087841028105302, 0.33333333333333337, 15.741271378407458
0.12093093847864, 0.33333333333333337, 2.637055972470424
0.1995669722793712, 0.33333333333333337, 14.13143273341196
0.18065129870233465, 0.33333333333333337, 2.1204408584845353
0.10373163749386607, 0.33333333333333337, 6.630257213311165
0.1014174580167705, 0.33333333333333337, 13.95969659060421
0.11501508703740741, 0.33333333333333337, 10.289500568781813
0.14700691859277484, 0.33333333333333337, 4.31050254165592
0.10923904518723647, 0.33333333333333337, 40.47163073604214
0.06912685520160525, 0.33333333333333337, 8.466633787399202
0.14342728205722893, 0.33333333333333337, 3.628373921757903
0.1419276615567009, 0.33333333333333337, 10.925120124381783
0.1006670979073818, 0.33333333333333337, 6.414183295788723
0.11649444960058872, 0.33333333333333337, 0.9432910683753735
0.08618142499859366, 0.33333333333333337, 50.527589836577505
0.1512421228521838, 0.33333333333333337, 3.7243286852615216
0.13093413381293523, 0.33333333333333337, 6.33607375250082
0.10724118523248155, 0.33333333333333337, 23.579749470806693
0.09390901891321153, 0.33333333333333337, 10.769213808208548
0.09866490486184698, 0.33333333333333337, 0.5435474599840043
0.1007671854619213, 0.33333333333333337, 2.1359009980751034
0.09878187180667948, 0.33333333333333337, 18.81466962645299
0.04955387077115041, 0.33333333333333337, 9.564738781439713
0.17239662617187632, 0.33333333333333337, 10.32415978452004
0.15075184424874907, 0.33333333333333337, 0.5092730437376479
0.09754113415406432, 0.33333333333333337, 1.1540432988513811
0.08083749271360542, 0.33333333333333337, 21.511189515758495
0.13308323966121488, 0.33333333333333337, 13.696374217761695
0.14644757735890215, 0.33333333333333337, 23.268167669368307
0.12241907408117671, 0.33333333333333337, 3.1269934850292906
0.12402556338468007, 0.33333333333333337, 3.058050624851508
0.10800782942044436, 0.33333333333333337, 2.963704278657881
0.11415360711432149, 0.33333333333333337, 6.178847286605028
0.09014141252196417, 0.33333333333333337, 23.080661518450345
0.09615952930398694, 0.33333333333333337, 13.084693822787601
0.1050723310312007, 0.33333333333333337, 21.059574850720267
0.15050149226016793, 0.33333333333333337, 2.9783121647643256
0.12890951639764045, 0.33333333333333337, 45.26774967823065
0.1358995205755515, 0.33333333333333337, 13.184838387351673
0.1781512673257144, 0.33333333333333337, 7.7606234318689085
0.18757350450004578, 0.33333333333333337, 1.3543330573852488
0.08551205230543305, 0.33333333333333337, 19.15505779879679
0.052944357917346155, 0.33333333333333337, 0.0002562307851916293
0.1322795053750117, 0.33333333333333337, 2.0373072217747374
0.1453729290574138, 0.33333333333333337, 5.824841108746084
0.14523455993671394, 0.33333333333333337, 9.801311599344512
0.1549861164044089, 0.33333333333333337, 41.330967750489336
0.08918354876716966, 0.33333333333333337, 5.413963793622515
0.09429066121851115, 0.33333333333333337, 10.62131475708289
0.13569730729464655, 0.33333333333333337, 18.102727386090038
0.13390567494518352, 0.33333333333333337, 2.554619020403952
0.10175878117646281, 0.33333333333333337, 10.836329117055822
0.0893828160025456, 0.33333333333333337, 25.323666390194678
0.1179907911026427, 0.33333333333333337, 0.6817089554533807
0.12616282984894306, 0.33333333333333337, 3.4861874830794317
0.10387199787531719, 0.33333333333333337, 5.570000208709017
0.15665907343667318, 0.33333333333333337, 8.071661187577464
0.08960051850402735, 0.33333333333333337, 6.806512533106848
0.07195702545716998, 0.33333333333333337, 4.285435177262963
0.1325897442715598, 0.33333333333333337, 13.556357153456625
0.11992392531310833, 0.33333333333333337, 12.875935911786163
0.0903015159058417, 0.33333333333333337, 3.538550872749736
0.08557274639969414, 0.33333333333333337, 38.02231951681452
0.11928277261628127, 0.33333333333333337, 0.4979464819066767
0.15362358776813137, 0.33333333333333337, 18.265000297189843
0.08866482279848738, 0.33333333333333337, 24.45440247303374
0.16783208406848543, 0.33333333333333337, 9.469123686091033
0.08181335896580727, 0.33333333333333337, 54.779334651852785
0.1299428542919766, 0.33333333333333337, 12.688928470528236
0.08540541048949452, 0.33333333333333337, 2.4286029946141157
0.1333008423504057, 0.33333333333333337, 15.832304457776736
0.14820427851482448, 0.33333333333333337, 6.83743531835643
0.1691957527052771, 0.33333333333333337, 19.015044328595547
0.07806219455876329, 0.33333333333333337, 16.241845849804392
0.13164380525985567, 0.33333333333333337, 44.56057438166862
0.11203013446791585, 0.33333333333333337, 1.710427351801814
0.11261607285953931, 0.33333333333333337, 0.23389288051922816
0.09543276440022354, 0.33333333333333337, 19.99894398885163
0.06280691017764278, 0.33333333333333337, 11.27154138267529
0.11332337252635613, 0.33333333333333337, 6.314480426332358
0.1402225575966711, 0.33333333333333337, 0.8127426228065556
0.1608983804564194, 0.33333333333333337, 1.578873232889643
0.10049902851597015, 0.33333333333333337, 5.8695722994817245
0.060751250055624526, 0.33333333333333337, 7.386346250243129
0.09566776604360452, 0.33333333333333337, 13.947100011327601
0.07608647570149102, 0.33333333333333337, 18.600492943312148
0.10340069652605935, 0.33333333333333337, 5.440976055657253
0.1443664359942571, 0.33333333333333337, 4.691025375551692
0.08041057428182394, 0.33333333333333337, 0.7518027542844188
0.11851214898096948, 0.33333333333333337, 17.6548596182875
0.1381838904546204, 0.33333333333333337, 3.9949050213258914
0.15037778469971685, 0.33333333333333337, 8.588068255504314
0.1599391214885878, 0.33333333333333337, 34.810584803721156
0.063534701213077, 0.33333333333333337, 1.0336592653511802
0.14490952714327862, 0.33333333333333337, 5.2158089094445055
0.13772117863629527, 0.33333333333333337, 1.1058399610517562
0.0766242953415158, 0.33333333333333337, 1.699169117511406
0.12681765275964435, 0.33333333333333337, 4.34965072410426
0.12566256267500253, 0.33333333333333337, 10.918291029690934
0.11439557087263805, 0.33333333333333337, 13.702887138096822
0.03794309850370996, 0.33333333333333337, 7.781860720690613
0.19352037188698637, 0.33333333333333337, 3.387023630499288
0.0946696721272181, 0.33333333333333337, 10.904877446018357
0.10022083844283214, 0.33333333333333337, 7.151154276471554
0.1175599678050187, 0.33333333333333337, 10.90301547336922
0.07466787559145695, 0.33333333333333337, 4.8045501803273325
0.09633869002548998, 0.33333333333333337, 33.77056772584228
0.10465135666426736, 0.33333333333333337, 6.2222197772129535
0.14669969499692562, 0.33333333333333337, 19.5313216133672
0.11667500649255276, 0.33333333333333337, 6.425129307297073
0.08262479362599826, 0.33333333333333337, 1.4940702263514485
0.11974672270072903, 0.33333333333333337, 3.375160658408293
0.18458648219156176, 0.33333333333333337, 20.966928841037102
0.11447689741731812, 0.33333333333333337, 1.7130656960040045
0.12250296798385055, 0.33333333333333337, 0.0015627958210145114
0.15047193703590261, 0.33333333333333337, 0.6794941555510936
0.11201406282707128, 0.33333333333333337, 1.811308397644219
0.09158782849628624, 0.33333333333333337, 19.723862836748598
0.14074968284584638, 0.33333333333333337, 1.1051482869972156
0.10268625475419668, 0.33333333333333337, 6.053806789203458
0.0869844327671393, 0.33333333333333337, 3.245378481218822
0.1311792569661114, 0.33333333333333337, 2.427620618189206
0.1371480820545048, 0.33333333333333337, 0.0009773947554751982
0.17807531058291165, 0.33333333333333337, 0.7339182038063171
0.11091330979116146, 0.33333333333333337, 0.8674026572436455
0.06490201208964158, 0.33333333333333337, 2.5533549223162244
0.09070092075251542, 0.33333333333333337, 9.895503521963379
0.10498631822221484, 0.33333333333333337, 1.730404218371466
0.10550482555672648, 0.33333333333333337, 39.18008874187825
0.13880259352982638, 0.33333333333333337, 10.198971452595655
0.18318218510471032, 0.33333333333333337, 8.429323586755297
0.12745845452093482, 0.33333333333333337, 9.822315621086647
0.15840378722504855, 0.33333333333333337, 10.788714969842825
0.09894790121730161, 0.33333333333333337, 13.597251296039978
0.10595353029854207, 0.33333333333333337, 15.266426119910046
0.06291992491238978, 0.33333333333333337, 4.833654143824597
0.14405737458945933, 0.33333333333333337, 9.08948491923002
0.12265806793651277, 0.33333333333333337, 3.4055716018511712
0.11500772000656269, 0.33333333333333337, 1.1678158184766707
0.1055394776147557, 0.33333333333333337, 4.6881722096876475
0.1274456796695368, 0.33333333333333337, 3.6626350546146997
0.11808223288436559, 0.33333333333333337, 2.668409600452246
0.09878676985905417, 0.33333333333333337, 0.7220013972657098
0.09596406368365913, 0.33333333333333337, 10.446741646288174
0.13093988566443843, 0.33333333333333337, 0.10719872362801075
0.13714753474207195, 0.33333333333333337, 50.34313800378703
0.13514863001030103, 0.33333333333333337, 12.218750799152218
0.10150081244336226, 0.33333333333333337, 6.268095370743533
0.08499439794005098, 0.33333333333333337, 2.0726232691674493
0.10003613940133153, 0.33333333333333337, 8.678832757480835
0.1343018327518161, 0.33333333333333337, 4.3306454033628325
0.1914270256057746, 0.33333333333333337, 0.45696325496453866
0.11957803638216581, 0.33333333333333337, 1.4658060962241346
0.1534061689970328, 0.33333333333333337, 16.50185149936628
0.12022775340651812, 0.33333333333333337, 0.18274092527633193
0.084783717263155, 0.33333333333333337, 24.81040228839294
0.10879497620787765, 0.33333333333333337, 5.608021992383212
0.09255201673658026, 0.33333333333333337, 0.4866753600038925
0.12577957363876827, 0.33333333333333337, 6.4043178256375715
0.16134858248153844, 0.33333333333333337, 7.126120162372815
0.20869087827165195, 0.33333333333333337, 6.492715582602105
0.12795396295383665, 0.33333333333333337, 12.113150378950033
0.0774895112227, 0.33333333333333337, 4.2959304279527855
0.10716960680065112, 0.33333333333333337, 12.945070748705682
0.10712422220313109, 0.33333333333333337, 9.08765927048613
0.11991572182989031, 0.33333333333333337, 18.070254103013614
0.14443290588800287, 0.33333333333333337, 4.236606705580837
0.09008426898993371, 0.33333333333333337, 8.332595838501266
0.07739350527962603, 0.33333333333333337, 7.031561003315777
0.1342956430589113, 0.33333333333333337, 24.574558778975234
0.1082778414840127, 0.33333333333333337, 8.544928692342983
0.13819003510017222, 0.33333333333333337, 1.370901540524656
0.15878831567596216, 0.33333333333333337, 2.035471217692603
0.09997711573931736, 0.33333333333333337, 13.765611719376924
0.10314881372744135, 0.33333333333333337, 8.50840750416467
0.135099418970034, 0.33333333333333337, 6.191594502444598
0.1532019785920429, 0.33333333333333337, 10.95259071927459
0.10868444410159818, 0.33333333333333337, 2.885113577910754
0.08827934766736059, 0.33333333333333337, 4.266292978846247
0.13602830476465663, 0.33333333333333337, 9.279327206361295
0.13065316419009887, 0.33333333333333337, 39.692613340466934
0.0796573478996113, 0.33333333333333337, 5.09106032079541
0.15183132533753446, 0.33333333333333337, 15.421578251731898
0.13287648227697912, 0.33333333333333337, 12.495156376185676
0.11030476476086903, 0.33333333333333337, 5.088481601402557
0.1068574949439068, 0.33333333333333337, 8.313215200290243
0.11101446044000357, 0.33333333333333337, 2.329726788175739
0.09826912704435461, 0.33333333333333337, 19.991361073544958
0.14222464757017594, 0.33333333333333337, 0.43167440791156086
0.13141502407502162, 0.33333333333333337, 3.3988018443534203
0.11448258580848655, 0.33333333333333337, 1.04801164156394
0.16528464549873473, 0.33333333333333337, 7.045166870785113
0.08495074616983442, 0.33333333333333337, 6.279340810803713
0.09271111975314368, 0.33333333333333337, 11.951609520734545
0.12374513436065535, 0.33333333333333337, 1.6433756011675797
0.09083966905473449, 0.33333333333333337, 12.243671572729463
0.04517638011152783, 0.33333333333333337, 0.7990234336090056
0.14764222882674866, 0.33333333333333337, 3.985637337266816
0.0659200090873594, 0.33333333333333337, 17.11582844152604
0.14546089035653453, 0.33333333333333337, 46.774644684063865
0.1777433698680059, 0.33333333333333337, 10.79167297911332
0.168365178580687, 0.33333333333333337, 8.217357946080925
0.09987611778200949, 0.33333333333333337, 6.644444805457273
0.1827224206137233, 0.33333333333333337, 17.100813100780364
0.09842504352006914, 0.33333333333333337, 2.7610768115393576
0.0828325184408716, 0.33333333333333337, 1.1082058133375698
0.1062672549797193, 0.33333333333333337, 7.035069128239094
0.12555511030676805, 0.33333333333333337, 18.612302062513574
0.10960656271766457, 0.33333333333333337, 2.3425692866452077
0.1332074620239122, 0.33333333333333337, 4.3488986656344375
0.09901396067981341, 0.33333333333333337, 12.063728107701658
0.03169868884209656, 0.33333333333333337, 15.466815463389155
0.16038208047664748, 0.33333333333333337, 5.370131675663916
0.16073671712120308, 0.33333333333333337, 3.9038680714481457
0.12622328367280128, 0.33333333333333337, 0.24913816179971832
0.1191414770537009, 0.33333333333333337, 4.159377134842699
0.1196405089256862, 0.33333333333333337, 5.585523455629287
0.10630583459059961, 0.33333333333333337, 7.184387801083899
0.12305448550208706, 0.33333333333333337, 13.971798796151168
0.14421089765264253, 0.33333333333333337, 34.007714628004805
0.13777101790161317, 0.33333333333333337, 3.4647567113899185
0.1123011941725811, 0.33333333333333337, 29.558476451280374
0.024485081448191143, 0.33333333333333337, 2.0362843130801056
0.15008091819062055, 0.33333333333333337, 22.11432635803027
0.1673953885675779, 0.33333333333333337, 6.306076674897321
0.0993899325440778, 0.33333333333333337, 17.749849636911406
0.15225361753196712, 0.33333333333333337, 7.059875782381054
0.142630898687408, 0.33333333333333337, 5.998162267031867
0.16331690447195657, 0.33333333333333337, 0.5835532008323913
0.07589962790676003, 0.33333333333333337, 6.365833525946716
0.10462928126144642, 0.33333333333333337, 4.449860072903958
0.09277491246921103, 0.33333333333333337, 33.54021546928369
0.12022304819161364, 0.33333333333333337, 10.160007213549232
0.1244309337890386, 0.33333333333333337, 14.65680251289679
0.13688167661431538, 0.33333333333333337, 7.397687064916791
0.1664015368309426, 0.33333333333333337, 7.727477829316961
0.09651471402622605, 0.33333333333333337, 4.143400678260462
0.11367233074243137, 0.33333333333333337, 4.511165685419608
0.13798391974473767, 0.33333333333333337, 29.620276126873073
0.05414177010865372, 0.33333333333333337, 5.140048666201908
0.08750563301485428, 0.33333333333333337, 5.021681751840054
0.15720340614203232, 0.33333333333333337, 8.31645602742956
0.12326476934908498, 0.33333333333333337, 7.982726324629068
0.12786119131232496, 0.33333333333333337, 2.3300329624046965
0.15719681607804734, 0.33333333333333337, 20.978844523427163
0.1255259631118004, 0.33333333333333337, 13.723704972936439
0.13840507099565622, 0.33333333333333337, 1.0971792757762335
0.12486838472973927, 0.33333333333333337, 4.185148516533519
0.04830410587393853, 0.33333333333333337, 11.861526547055652
0.10198580322773255, 0.33333333333333337, 4.847014371999475
0.10975407811790794, 0.33333333333333337, 0.8744220016924329
0.11809199513231336, 0.33333333333333337, 11.604391864359002
0.14444143358538605, 0.33333333333333337, 7.036409865560031
0.12983413053276024, 0.33333333333333337, 7.673916627607977
0.14153486599986922, 0.33333333333333337, 20.600733954692373
0.17133003532092553, 0.33333333333333337, 0.33156272187986663
0.12130148266339608, 0.33333333333333337, 12.396567481493864
0.09378043334001673, 0.33333333333333337, 6.20966695847406
0.06905536882057217, 0.33333333333333337, 0.8879622462004937
0.09571522580026519, 0.33333333333333337, 0.6439611533153755
0.09013197486428223, 0.33333333333333337, 18.69473190748418
0.0721059605234767, 0.33333333333333337, 7.609468621281162
0.1284556078469031, 0.33333333333333337, 10.920524162509144
0.12368496815213759, 0.33333333333333337, 14.560990843349085
0.16967062467140162, 0.33333333333333337, 1.9050366291511402
0.1141930839027059, 0.33333333333333337, 3.7374738139469725
0.1525845763641402, 0.33333333333333337, 8.7881896987856
0.1290293396447734, 0.33333333333333337, 37.95643273157084
0.09129716208445816, 0.33333333333333337, 25.820753665929388
0.15410844598037482, 0.33333333333333337, 3.7396204077198085
0.14847527315821055, 0.33333333333333337, 6.585216082671912
0.11487627901979049, 0.33333333333333337, 3.2624228678594815
0.12165965967169746, 0.33333333333333337, 3.5697963370013297
0.07707790502849567, 0.33333333333333337, 3.5211659574943397
0.12189803883221999, 0.33333333333333337, 33.10020591287234
0.07105006627134378, 0.33333333333333337, 10.688410397500204
0.08892306826589433, 0.33333333333333337, 12.53055849917037
0.13451427348126546, 0.33333333333333337, 11.098113078166865
0.14064529007416868, 0.33333333333333337, 5.6131119214637755
0.08947596359553947, 0.33333333333333337, 5.482216653934637
0.08069245791670077, 0.33333333333333337, 8.944923143608277
0.09007123451663848, 0.33333333333333337, 0.21487515292187517
0.12827112756610348, 0.33333333333333337, 7.147799512662586
0.12330157002844003, 0.33333333333333337, 6.450811451564656
0.1181473827190037, 0.33333333333333337, 51.06393158538891
0.10868255072958072, 0.33333333333333337, 1.7741248908715226
0.08902803135751933, 0.33333333333333337, 7.1743674998887395
0.0964712531300296, 0.33333333333333337, 21.437931429831984
0.011798773577669008, 0.33333333333333337, 5.748175210093074
0.1304596829890076, 0.33333333333333337, 28.622098043537022
0.13847875748256436, 0.33333333333333337, 0.5190570088677507
0.158453411149321, 0.33333333333333337, 4.386271068753419
0.1286338796067332, 0.33333333333333337, 0.46382769441801397
0.13774840697922797, 0.33333333333333337, 10.657482052576135
0.11388296810067092, 0.33333333333333337, 8.366185127391018
0.10350605866560808, 0.33333333333333337, 7.642107732109836
0.11417381111458919, 0.33333333333333337, 3.706454037698672
0.16676182352271857, 0.33333333333333337, 2.9999702526905283
0.05228940200206274, 0.33333333333333337, 21.109164710590154
0.17255589494301724, 0.33333333333333337, 8.430727438076342
0.07953415896119179, 0.33333333333333337, 4.02277005972963
0.1337708558438606, 0.33333333333333337, 8.333546222165916
0.099920241636858, 0.33333333333333337, 3.1247568065241036
0.15818525349335888, 0.33333333333333337, 26.420311103623817
0.1295413666823688, 0.33333333333333337, 36.01809024110087
0.06864228530005659, 0.33333333333333337, 11.243355018371652
0.09047671523535589, 0.33333333333333337, 1.519194857063624
0.10935703642560354, 0.33333333333333337, 5.435873763213339
0.12628481027027508, 0.33333333333333337, 3.5488793485070222
0.1057125780950532, 0.33333333333333337, 39.16314580633414
0.13160265400614696, 0.33333333333333337, 5.601021039811253
0.10073101627566539, 0.33333333333333337, 3.4646965743299787
0.14349195832851752, 0.33333333333333337, 3.0381150258254666
0.11678326944086538, 0.33333333333333337, 1.3905886341960212
0.07409762310416082, 0.33333333333333337, 4.527743229985699
0.10354793763775104, 0.33333333333333337, 5.603642046272443
0.08768828963174419, 0.33333333333333337, 2.309652111418993
0.07642781866347625, 0.33333333333333337, 17.849959064658787
0.12154925548123507, 0.33333333333333337, 5.2057191851106355
0.12696500972091207, 0.33333333333333337, 2.9904382213515635
0.12672309693607436, 0.33333333333333337, 5.2371561494797
0.09439718929429101, 0.33333333333333337, 1.487524701689868
0.13129702978788751, 0.33333333333333337, 4.559757005458177
0.11506996011417561, 0.33333333333333337, 3.477205228489792
0.10105699118805565, 0.33333333333333337, 0.9008487711208766
0.09083939977513598, 0.33333333333333337, 10.437021993567782
0.12317018004488946, 0.33333333333333337, 1.6432959749571763
0.14825605814744916, 0.33333333333333337, 29.78458850049322
0.1209632718355101, 0.33333333333333337, 12.184884822774302
0.15819738839314884, 0.33333333333333337, 2.434048481555528
0.11791703935060177, 0.33333333333333337, 28.64372916459093
0.09991645592019793, 0.33333333333333337, 2.0188094802273353
0.12776844587762992, 0.33333333333333337, 38.23392342854971
0.14713221311018476, 0.33333333333333337, 3.6878400019407254
0.08093079808878667, 0.33333333333333337, 32.223632682661666
0.1125484311418959, 0.33333333333333337, 5.297164176571082
0.08410202840900804, 0.33333333333333337, 20.909520586596773
0.12214575969669461, 0.33333333333333337, 20.057620502616807
0.13064959699049697, 0.33333333333333337, 10.834709751259563
0.12589687558656312, 0.33333333333333337, 13.550998145182875
0.15132231814236136, 0.33333333333333337, 9.23486301267251
0.14801687802617683, 0.33333333333333337, 47.38480530641529
0.10519194675813363, 0.33333333333333337, 2.504104635240008
0.1214299382411116, 0.33333333333333337, 8.654353893546102
0.03270861357320208, 0.33333333333333337, 4.534084441960531
0.1228897067366687, 0.33333333333333337, 11.654643199810499
0.09299041268222277, 0.33333333333333337, 6.013107936227513
0.10134501712320321, 0.33333333333333337, 6.43286417700022
0.11494776258429076, 0.33333333333333337, 3.967859800566687
0.051360492384039724, 0.33333333333333337, 3.885676470584808
0.153253849856296, 0.33333333333333337, 10.692326257762753
0.09930074249658048, 0.33333333333333337, 7.863316652965483
0.10828106461412404, 0.33333333333333337, 11.05368823357663
0.09473786822444363, 0.33333333333333337, 7.322340892392823
0.059826694176741295, 0.33333333333333337, 4.360617480225921
0.11924419989466899, 0.33333333333333337, 2.2902247865129968
0.1638465194821573, 0.33333333333333337, 9.108927696528763
0.13857492618105136, 0.33333333333333337, 4.030993721246875
0.12467418607325252, 0.33333333333333337, 8.836192493692378
0.1027368286235908, 0.33333333333333337, 14.83123507830197
0.11799194407437387, 0.33333333333333337, 3.113993660521387
0.1115230478974628, 0.33333333333333337, 9.508544193874078
0.09669253840663466, 0.33333333333333337, 9.699584069966425
0.15498092244989062, 0.33333333333333337, 3.759685393812736
0.15676384064910828, 0.33333333333333337, 6.413078188330458
0.08663969715993014, 0.33333333333333337, 10.966518011268349
0.11734046591205503, 0.33333333333333337, 2.5330835698270495
0.08304308696721027, 0.33333333333333337, 7.394909378745297
0.09360696915996902, 0.33333333333333337, 5.831959283865801
0.1386074209856436, 0.33333333333333337, 1.0496590902448006
0.11158526506066845, 0.33333333333333337, 14.489299235814213
0.145731691279409, 0.33333333333333337, 9.191617888417843
0.08776540506153543, 0.33333333333333337, 5.873272900891578
0.14945298680550603, 0.33333333333333337, 16.49632237796537
0.08544713032399992, 0.33333333333333337, 2.377104500887528
0.1303680669289908, 0.33333333333333337, 8.63464983570524
0.13161001637403708, 0.33333333333333337, 30.619265690704665
0.173259034149088, 0.33333333333333337, 2.3136261603901884
0.09611695778605084, 0.33333333333333337, 12.175942263555278
0.10694404599829313, 0.33333333333333337, 2.663835546498304
0.15445051169915702, 0.33333333333333337, 0.4492675850869492
0.12898147932689807, 0.33333333333333337, 14.441873214489352
0.10194741115163078, 0.33333333333333337, 6.00328409370873
0.11361288351247212, 0.33333333333333337, 30.897032287913156
0.12161546795470164, 0.33333333333333337, 47.36922006925995
0.07347791056392436, 0.33333333333333337, 6.271384863355116
0.06315142877453062, 0.33333333333333337, 6.1139284528066575
0.12057931752193468, 0.33333333333333337, 5.410390752645069
0.15085414562592764, 0.33333333333333337, 15.054117384817529
0.09915034274605164, 0.33333333333333337, 2.765934578523132
0.09975422936122286, 0.33333333333333337, 1.2118982736770365
0.1246048354450455, 0.33333333333333337, 1.0155889122984647
0.10292290205180776, 0.33333333333333337, 4.16511350856692
0.06905275192785493, 0.33333333333333337, 2.77850825417322
0.04618309564150695, 0.33333333333333337, 0.02968431645728978
0.11596169996167383, 0.33333333333333337, 4.304640989646327
0.1106007756096358, 0.33333333333333337, 18.053743184531026
0.12730688478145982, 0.33333333333333337, 1.4683030390926883
0.12689484636891799, 0.33333333333333337, 0.9519602707236068
0.1067220203739478, 0.33333333333333337, 20.5105275417558
0.12349557216123508, 0.33333333333333337, 19.423626858439835
0.1332960902929304, 0.33333333333333337, 5.836747579586797
0.10144977635151592, 0.33333333333333337, 8.670682195364442
0.11776453680499442, 0.33333333333333337, 9.51379395996278
0.13241518240475267, 0.33333333333333337, 10.864741063458991
0.15978680599977435, 0.33333333333333337, 28.230930014462263
0.04539729877056402, 0.33333333333333337, 8.164584214139675
0.15620192225883933, 0.33333333333333337, 2.669529364516811
0.08012856358437917, 0.33333333333333337, 5.689295796055871
0.11031694059758568, 0.33333333333333337, 29.129299610447838
0.12553422910174955, 0.33333333333333337, 18.988409460754635
0.12344983891863186, 0.33333333333333337, 2.6980688300271
0.13159871218509253, 0.33333333333333337, 2.562353486934413
0.12406017558672673, 0.33333333333333337, 2.5823455677132134
0.10956462973107192, 0.33333333333333337, 11.272368943061858
0.15527338780903718, 0.33333333333333337, 3.5805319382732956
0.15772698461162293, 0.33333333333333337, 16.101285813745474
0.13309892571767679, 0.33333333333333337, 11.308670522604533
0.06947444262998231, 0.33333333333333337, 25.408224196235984
0.08219877908043462, 0.33333333333333337, 12.63986888436152
0.09832647968261655, 0.33333333333333337, 10.941874807770866
0.13230878524759238, 0.33333333333333337, 10.702485386805067
0.1415642168255455, 0.33333333333333337, 3.046916382118988
0.0577182143660925, 0.33333333333333337, 12.660287437620973
0.11536702378811231, 0.33333333333333337, 4.831631472642012
0.13247425727396317, 0.33333333333333337, 3.584012751499766
0.11578814506645428, 0.33333333333333337, 64.94268211732118
0.08615869328844926, 0.33333333333333337, 9.887061729289233
0.10085546396983783, 0.33333333333333337, 18.09702511665611
0.07354595408868554, 0.33333333333333337, 5.99875878950002
0.11390956850656993, 0.33333333333333337, 6.53477721851218
0.1417297506641117, 0.33333333333333337, 10.643424457598352
0.10887385916902584, 0.33333333333333337, 12.313285672794827
0.09682167682427786, 0.33333333333333337, 37.711427478552544
0.10103681161277066, 0.33333333333333337, 18.876390661561675
0.08651824371332613, 0.33333333333333337, 4.49924577261976
0.11449878457403119, 0.33333333333333337, 5.763632084355105
0.14123668954126523, 0.33333333333333337, 1.985172622788214
0.14415739323047166, 0.33333333333333337, 4.264640154459056
0.1039320668685195, 0.33333333333333337, 1.0566961971736946
0.08590269042444068, 0.33333333333333337, 24.981109764083605
0.09883714636919294, 0.33333333333333337, 3.3324968895388394
0.11381248376829109, 0.33333333333333337, 33.15401067961364
0.11759194694585662, 0.33333333333333337, 11.245838977252665
0.11706381018894553, 0.33333333333333337, 14.72877428804319
0.12227576236347337, 0.33333333333333337, 3.212187689998658
0.13851553715194556, 0.33333333333333337, 20.631826144404094
0.1362237573210975, 0.33333333333333337, 10.215335198383183
0.1417365104976925, 0.33333333333333337, 2.0656632741668837
0.11968950617240771, 0.33333333333333337, 12.301693995558608
0.10272940745107714, 0.33333333333333337, 9.280320963688082
0.12633475821025061, 0.33333333333333337, 9.75571775453031
0.16098750444235632, 0.33333333333333337, 17.42804865623373
0.1422160360588833, 0.33333333333333337, 3.719701240398399
0.12286274193289842, 0.33333333333333337, 5.908094837466933
0.17021855492673094, 0.33333333333333337, 12.784291321272187
0.12550049282016446, 0.33333333333333337, 14.028717650062266
0.07940197389940046, 0.33333333333333337, 1.4743560729987824
0.13017492605025832, 0.33333333333333337, 0.8845619242416386
0.1408740062550744, 0.33333333333333337, 33.115236436443084
0.07844704484638317, 0.33333333333333337, 2.164386922401031
0.06662522353426374, 0.33333333333333337, 21.514393123936447
0.08997305346777947, 0.33333333333333337, 9.12599256922152
0.10109527001118457, 0.33333333333333337, 26.09117562871832
0.10645370937225371, 0.33333333333333337, 2.3656595972660748
0.10949956382786347, 0.33333333333333337, 0.5064947892968202
0.12101855294831941, 0.33333333333333337, 10.309235501763169
0.1457256778429326, 0.33333333333333337, 2.577143217822305
0.17063701610372004, 0.33333333333333337, 7.170872741561166
0.1075470202674784, 0.33333333333333337, 7.790152243946611
0.13023689494734436, 0.33333333333333337, 4.762927914236437
0.116873481419228, 0.33333333333333337, 5.287821700497965
0.09819007441103773, 0.33333333333333337, 15.518436320056168
0.11010923728921353, 0.33333333333333337, 3.259764115207559
0.16277067003627443, 0.33333333333333337, 6.2393467215905725
0.11800986870590746, 0.33333333333333337, 0.3806325566614079
0.16643012869976642, 0.33333333333333337, 16.065073794300023
0.1011227985512037, 0.33333333333333337, 30.986287668040372
0.16025234154100187, 0.33333333333333337, 21.82619630577143
0.07825450584617663, 0.33333333333333337, 2.366545280424205
0.15146101913562238, 0.33333333333333337, 11.775411933662168
0.14281422749474554, 0.33333333333333337, 1.87922512508215
0.10719674290864363, 0.33333333333333337, 41.42359234406776
0.06659227763286449, 0.33333333333333337, 9.775980149982635
0.12094840888864841, 0.33333333333333337, 22.105707029393038
0.07212040889087762, 0.33333333333333337, 6.601935922358997
0.12132806463967324, 0.33333333333333337, 39.62622274953966
0.13065985905818167, 0.33333333333333337, 0.04865907096658729
0.17115886142559622, 0.33333333333333337, 15.496690136363448
0.08505781605020463, 0.33333333333333337, 2.2051167715190285
0.1400329612005711, 0.33333333333333337, 6.369632736787019
0.1184724789972886, 0.33333333333333337, 5.562563464264795
0.14900449411646322, 0.33333333333333337, 20.813826388947707
0.0905001448602927, 0.33333333333333337, 4.897318448698548
0.09460640042464825, 0.33333333333333337, 0.8154218407013915
0.14515783803209753, 0.33333333333333337, 15.462362956062837
0.11958739094912488, 0.33333333333333337, 3.4423832972985218
0.14005259128901515, 0.33333333333333337, 12.404900088263004
0.12325433803326698, 0.33333333333333337, 4.099227048642243
0.1353507716599547, 0.33333333333333337, 3.642769972614263
0.10636656684121458, 0.33333333333333337, 43.75245137248834
0.15156471181679532, 0.33333333333333337, 10.082940634475884
0.18514856821983, 0.33333333333333337, 0.5851372843834427
0.14342855138458632, 0.33333333333333337, 18.321550104290935
0.1593474136002694, 0.33333333333333337, 12.898743241285292
0.12912467144465758, 0.33333333333333337, 24.039923257972063
0.09099952908890768, 0.33333333333333337, 1.1795275005071477
0.13570172126703514, 0.33333333333333337, 1.6632638418391006
0.11825184517055506, 0.33333333333333337, 10.922148024603086
0.1610373915011787, 0.33333333333333337, 9.593327923125203
0.10449986259581737, 0.33333333333333337, 5.50827092551648
0.18687063136730853, 0.33333333333333337, 3.7326046218026354
0.06887036950631581, 0.33333333333333337, 2.7038613136780874
0.15321186207701282, 0.33333333333333337, 21.883076413663492
0.07028529853044788, 0.33333333333333337, 3.7294852953894666
0.13434451825905844, 0.33333333333333337, 33.86897251433837
0.14427718220277994, 0.33333333333333337, 3.6920459453184202
0.12469902110928757, 0.33333333333333337, 10.00424343436024
0.08849591029285939, 0.33333333333333337, 0.3169258016556075
0.0868209223078901, 0.33333333333333337, 20.784944609857465
0.05644602057114756, 0.33333333333333337, 43.43290931312155
0.12374411395729823, 0.33333333333333337, 65.34982450880139
0.1483916768527636, 0.33333333333333337, 4.7584910416529915
0.05631308985561041, 0.33333333333333337, 25.50640493612476
0.14886522966958074, 0.33333333333333337, 19.199258128145647
0.08967497748278142, 0.33333333333333337, 2.517660241991899
0.11584132055051519, 0.33333333333333337, 2.2507715488843347
0.1009989127209215, 0.33333333333333337, 26.13696731536191
0.10461713785078115, 0.33333333333333337, 11.627879529824865
0.08868541242582186, 0.33333333333333337, 5.4971705593774995
0.11710732371138532, 0.33333333333333337, 5.8677651091804455
0.10795302414462304, 0.33333333333333337, 10.078745464502662
0.09271968223513434, 0.33333333333333337, 2.1112122434749137
0.18372868437259468, 0.33333333333333337, 17.269129555670673
0.08663146575993005, 0.33333333333333337, 12.673992016739312
0.11206882256108122, 0.33333333333333337, 0.16822078928728423
0.08868489839138073, 0.33333333333333337, 18.61330986709644
0.16461249786283713, 0.33333333333333337, 32.41850068548952
0.1282916300270735, 0.33333333333333337, 10.212216622233717
0.13406726651980147, 0.33333333333333337, 7.227282555973186
0.13838403107353087, 0.33333333333333337, 12.332259403409608
0.11832264969495493, 0.33333333333333337, 3.468311175773285
0.09794807375156579, 0.33333333333333337, 17.542159126978135
0.1335318865362498, 0.33333333333333337, 15.071380509692546
0.12360600817164612, 0.33333333333333337, 9.195340407594124
0.13263268043153945, 0.33333333333333337, 9.089310984288568
0.08728416196631836, 0.33333333333333337, 23.90694567638635
0.135318871202363, 0.33333333333333337, 3.0377325241170046
0.11512805232099396, 0.33333333333333337, 1.093112185762571
0.09906041629677906, 0.33333333333333337, 9.252889876396683
0.1426147891533846, 0.33333333333333337, 2.5141805545886933
0.12979215006888742, 0.33333333333333337, 9.10890588535622
0.07851141848551485, 0.33333333333333337, 56.18420172322872
0.13822398637253755, 0.33333333333333337, 6.560903744792307
0.05377270009785064, 0.33333333333333337, 7.6624432492792875
0.12584049628934982, 0.33333333333333337, 35.08505765475218
0.1337418009244775, 0.33333333333333337, 3.874313535901547
0.19160565634665977, 0.33333333333333337, 1.832993735626527
0.13832879914877916, 0.33333333333333337, 19.2276628541794
0.13702007445715572, 0.33333333333333337, 18.11059386162557
0.10973409919554665, 0.33333333333333337, 2.831445727420924
0.0916892822172954, 0.33333333333333337, 36.501501945804556
0.1267081295000726, 0.33333333333333337, 0.8127122962886972
0.1124860062571893, 0.33333333333333337, 8.447906359016104
0.10545144265342783, 0.33333333333333337, 16.843334035788736
0.15062040707283128, 0.33333333333333337, 2.160259562208786
0.1251030980804767, 0.33333333333333337, 115.37574157726552
0.03506103586062867, 0.33333333333333337, 6.085369445971337
0.1245816596893592, 0.33333333333333337, 13.22252193151774
0.13482508639419355, 0.33333333333333337, 3.8010378721779206
0.09761147034790377, 0.33333333333333337, 0.6014832881320884
0.14772038556867753, 0.33333333333333337, 8.609593928221427
0.10485588507810001, 0.33333333333333337, 7.043990428510201
0.13506210124264723, 0.33333333333333337, 8.5056433145974
0.12528552713679675, 0.33333333333333337, 11.755144745172982
0.09440144888824256, 0.33333333333333337, 1.0253406118283637
0.1083795357119811, 0.33333333333333337, 5.980156536555863
0.1351482266906167, 0.33333333333333337, 8.070509485853234
0.060134902069604236, 0.33333333333333337, 14.885339112119057
0.10392957753323968, 0.33333333333333337, 9.01060827847279
0.16075138593776594, 0.33333333333333337, 44.97955803592428
0.13188748880055354, 0.33333333333333337, 3.314034751367091
0.12174156149410853, 0.33333333333333337, 4.738468494326388
0.09101830807347971, 0.33333333333333337, 7.9426007340427045
0.16460350754869837, 0.33333333333333337, 1.2054431855500247
0.15042746517218347, 0.33333333333333337, 29.83894847892525
0.15407245476297765, 0.33333333333333337, 7.419267931145596
0.1215639586528894, 0.33333333333333337, 5.027393910567619
0.08186951653578611, 0.33333333333333337, 0.7682790263541959
0.1668777801437651, 0.33333333333333337, 1.3040782252118772
0.11867461140371285, 0.33333333333333337, 12.523558804486523
0.1253115632908023, 0.33333333333333337, 26.919393465178207
0.16006246508156774, 0.33333333333333337, 3.2464952839713974
0.15467075563607913, 0.33333333333333337, 5.953121964444647
0.11098692808034732, 0.33333333333333337, 21.40845560329364
0.1492107287228897, 0.33333333333333337, 9.975678594673909
0.126684593839906, 0.33333333333333337, 0.3166319223961163
0.16538150739607066, 0.33333333333333337, 1.347671334539859
0.0850738144679789, 0.33333333333333337, 5.273360547306962
0.12305560908863795, 0.33333333333333337, 5.502241509986689
0.1269393128095061, 0.33333333333333337, 1.794117748361459
0.12431691411600039, 0.33333333333333337, 5.373047571067487
0.1251289658701878, 0.33333333333333337, 3.705210782684483
0.11237391333851261, 0.33333333333333337, 6.245982447359635
0.1417027264208954, 0.33333333333333337, 4.803058972710466
0.12516928957400694, 0.33333333333333337, 4.267546714590864
0.13197606526058864, 0.33333333333333337, 10.986230629341511
0.11141030136966097, 0.33333333333333337, 2.4658334264081616
0.12929322829402887, 0.33333333333333337, 39.01176508215493
0.12023993725036555, 0.33333333333333337, 8.255197172354007
0.11811510079760898, 0.33333333333333337, 2.2141392424153254
0.12676066856029222, 0.33333333333333337, 2.777015868336825
0.1296859453803229, 0.33333333333333337, 11.654966819096556
0.11435148482357307, 0.33333333333333337, 29.369921860829116
0.10418905290012748, 0.33333333333333337, 8.483269223187547
0.1256272302238497, 0.33333333333333337, 1.1451117127437263
0.12838981027085913, 0.33333333333333337, 9.179368425025386
0.12602831646321283, 0.33333333333333337, 46.86974572176258
0.16086677258435472, 0.33333333333333337, 1.9435050144623747
0.11584167087418026, 0.33333333333333337, 71.23838014595869
0.09030113871795983, 0.33333333333333337, 2.385394933700904
0.12097059498835787, 0.33333333333333337, 13.942828912269277
0.0780114327976546, 0.33333333333333337, 5.57281110681708
0.1120037783903117, 0.33333333333333337, 1.3446307112921354
0.12916408572159857, 0.33333333333333337, 1.5690576977437312
0.09963580400939184, 0.33333333333333337, 4.558464847155987
0.09536054523168953, 0.33333333333333337, 1.6321556862318047
0.1327354954425434, 0.33333333333333337, 13.944777898540023
0.13617962110494658, 0.33333333333333337, 10.966490326753854
0.07436792765132055, 0.33333333333333337, 4.932428329585373
0.14277523484329444, 0.33333333333333337, 21.611667048364293
0.15132995034824367, 0.33333333333333337, 21.86206034213792
0.1285997831561379, 0.33333333333333337, 26.019812276055248
0.13987670546088887, 0.33333333333333337, 2.795115151360032
0.1038839782118319, 0.33333333333333337, 13.036293275742674
0.10783158257505628, 0.33333333333333337, 40.17396905700873
0.07394512019936206, 0.33333333333333337, 4.201315562280405
0.10641777371046897, 0.33333333333333337, 14.202964716143587
0.16383422512505852, 0.33333333333333337, 28.01955767258064
0.12059022096496837, 0.33333333333333337, 2.0160078977965488
0.11049454876248475, 0.33333333333333337, 6.538280759881166
0.10276748517262221, 0.33333333333333337, 1.3030437468633032
0.17414836787642374, 0.33333333333333337, 9.177330689487881
0.11219236038362322, 0.33333333333333337, 12.612727053280697
0.14538305634202905, 0.33333333333333337, 25.404291027140744
0.1604258502426463, 0.33333333333333337, 4.702941945227804
0.07809046427897906, 0.33333333333333337, 9.559803591299508
0.10801373177552044, 0.33333333333333337, 9.446206823461875
0.08745241579688888, 0.33333333333333337, 15.4401680776056
0.04440472776816036, 0.33333333333333337, 22.6455329504226
0.11944918199725274, 0.33333333333333337, 19.81751038892634
0.15078680017799645, 0.33333333333333337, 12.48388986904348
0.10248035055166317, 0.33333333333333337, 4.971553261467029
0.15333901432936, 0.33333333333333337, 14.23707092216356
0.07935558542807222, 0.33333333333333337, 7.727090782227504
0.10475026007064527, 0.33333333333333337, 5.318737441155787
0.122627025366538, 0.33333333333333337, 6.645353291686659
0.14082710577887197, 0.33333333333333337, 8.408544370735243
0.18869460875974378, 0.33333333333333337, 1.9955266658150348
0.1174134176688452, 0.33333333333333337, 13.604905039123286
0.08679839893751401, 0.33333333333333337, 9.115856273538892
0.1829499203388511, 0.33333333333333337, 10.595794135034064
0.12979067120289473, 0.33333333333333337, 3.7597403974878274
0.08527759668635304, 0.33333333333333337, 3.2139782676553756
0.11702080233342396, 0.33333333333333337, 11.611156707416036
0.15099476694353903, 0.33333333333333337, 1.5446574788463174
0.12845938188216577, 0.33333333333333337, 18.266356248374578
0.1280881597373064, 0.33333333333333337, 21.340351675227808
0.08694772752819827, 0.33333333333333337, 8.49142638281912
0.1145121892689871, 0.33333333333333337, 0.7326743054552317
0.14986101853991746, 0.33333333333333337, 8.831223170898472
0.05615595477195465, 0.33333333333333337, 0.10111602033687447
0.11157646141944437, 0.33333333333333337, 6.432364089724804
0.1223108849647424, 0.33333333333333337, 2.946387338833898
0.1328777947233349, 0.33333333333333337, 4.212073891313386
0.09804781724935355, 0.33333333333333337, 8.89401195946572
0.10936351695610752, 0.33333333333333337, 4.7828871087166185
0.13974474771587583, 0.33333333333333337, 1.1970310251066187
0.07265553830700588, 0.33333333333333337, 5.066196272425023
0.12654077383651913, 0.33333333333333337, 6.235430788273793
0.12039977553978073, 0.33333333333333337, 1.3720394854943196
0.14876216678060278, 0.33333333333333337, 6.201737178932993
0.15487468457092524, 0.33333333333333337, 14.387483105388535
0.1550530744078959, 0.33333333333333337, 2.1063721059485876
0.10048929058226927, 0.33333333333333337, 17.13594329928464
0.09777692045622638, 0.33333333333333337, 12.48250233245227
0.1381114578288105, 0.33333333333333337, 15.54578126435603
0.09700899346899777, 0.33333333333333337, 19.76423210058806
0.11320973017345844, 0.33333333333333337, 5.800417782888542
0.14554632190727332, 0.33333333333333337, 3.9575620253277157
0.07402789417973936, 0.33333333333333337, 6.44534347758172
0.10929526822008065, 0.33333333333333337, 11.100065616165718
0.09054234625506223, 0.33333333333333337, 3.8697583964599933
0.11599516911260412, 0.33333333333333337, 9.828334742739132
0.11321609753448963, 0.33333333333333337, 17.974890597644347
0.14757691971403528, 0.33333333333333337, 9.957345245952625
0.14421701645763374, 0.33333333333333337, 3.6422108624332727
0.15041672577248924, 0.33333333333333337, 4.4421751750865095
0.12512323017238547, 0.33333333333333337, 15.707229445287107
0.12396134256048227, 0.33333333333333337, 60.613950737862126
0.08921906498932893, 0.33333333333333337, 14.993950968534413
0.1181028350024078, 0.33333333333333337, 4.880219918250821
0.08517964595038016, 0.33333333333333337, 33.798967709565375
0.07900561527397429, 0.33333333333333337, 1.2852584087914685
0.1771237149823348, 0.33333333333333337, 2.6150547600323377
0.17812052162964273, 0.33333333333333337, 7.0866954367992685
0.04131264917231904, 0.33333333333333337, 2.3906760838254253
0.11691617388446407, 0.33333333333333337, 2.943570008592917
0.13147640736711924, 0.33333333333333337, 0.36237650887393336
0.09316080598468508, 0.33333333333333337, 17.67214186280533
0.12354185783506232, 0.33333333333333337, 2.278011700841425
0.09334800162916464, 0.33333333333333337, 4.325913982797871
0.1457585879022152, 0.33333333333333337, 15.170121396705586
0.15182931543632366, 0.33333333333333337, 2.407313103825797
0.08768610104181104, 0.33333333333333337, 22.848581731800646
0.11566030644308228, 0.33333333333333337, 10.824088173935879
0.1253841322914854, 0.33333333333333337, 17.470041646518546
0.09250029755630777, 0.33333333333333337, 7.452051210883747
0.13834437196674848, 0.33333333333333337, 1.1175003650203403
0.057214934964601255, 0.33333333333333337, 1.5873788951398047
0.16359812742116142, 0.33333333333333337, 0.9962189398453819
0.11996075191688796, 0.33333333333333337, 6.4506802718911045
0.1390420226330842, 0.33333333333333337, 16.09960245941205
0.05562281651760828, 0.33333333333333337, 9.375043392701786
0.14567368677860376, 0.33333333333333337, 11.952647924923912
0.14273720906724188, 0.33333333333333337, 0.236725430650697
0.12094334455350582, 0.33333333333333337, 10.393089123590059
0.11736200688136078, 0.33333333333333337, 12.449662608151584
0.10165021989344664, 0.33333333333333337, 9.161514526598744
0.14323176953126296, 0.33333333333333337, 5.321192999447797
0.16291706649260085, 0.33333333333333337, 5.550637593576191
0.15755473948145854, 0.33333333333333337, 2.150927563707538
0.13376100418849735, 0.33333333333333337, 8.921712098105138
0.11564047971375639, 0.33333333333333337, 5.974848730489356
0.12911100057816935, 0.33333333333333337, 10.556176624767756
0.09015464667956637, 0.33333333333333337, 2.1686052797205586
0.11061724476723536, 0.33333333333333337, 3.6249296685849095
0.09456536008742776, 0.33333333333333337, 3.389475508800559
0.13131478069141378, 0.33333333333333337, 7.685872219129437
0.08595090672993035, 0.33333333333333337, 4.301925107746142
0.08605090299650402, 0.33333333333333337, 0.8488072023921079
0.08320986911585501, 0.33333333333333337, 12.203951974167326
0.13343777505358165, 0.33333333333333337, 10.965705255306577
0.12017999716691632, 0.33333333333333337, 0.9571764801301927
0.09167227834082076, 0.33333333333333337, 4.75800473235445
0.16323575801357884, 0.33333333333333337, 13.895642405727287
0.10741836438236704, 0.33333333333333337, 3.3272881366012914
0.08031486599722357, 0.33333333333333337, 24.757845244367104
0.10425110890165735, 0.33333333333333337, 5.820629044025094
0.10058820207020175, 0.33333333333333337, 16.52230108015309
0.08745503218311662, 0.33333333333333337, 1.0317246989248638
0.17978336719097635, 0.33333333333333337, 33.186736688198195
0.1880103282684946, 0.33333333333333337, 15.346770471968561
0.1447197975715083, 0.33333333333333337, 2.926443400499413
0.15407097493038202, 0.33333333333333337, 1.8285513316003439
0.12415179723113692, 0.33333333333333337, 7.598385834339766
0.1287754212715856, 0.33333333333333337, 0.425649623437042
0.13491945917280582, 0.33333333333333337, 11.611924023252556
0.10786561353674956, 0.33333333333333337, 21.194698421727484
0.11237219416691598, 0.33333333333333337, 11.836030449676795
0.09225748843941206, 0.33333333333333337, 23.33930565716118
0.1611037851369516, 0.33333333333333337, 4.081891094145268
0.1270982310333296, 0.33333333333333337, 12.024965606339876
0.09207831152141777, 0.33333333333333337, 20.981815001046684
0.10571590223795929, 0.33333333333333337, 0.47507032087669737
0.13104742584120768, 0.33333333333333337, 3.6128366235273184
0.1765704406266848, 0.33333333333333337, 23.86722065345949
0.11977477651920884, 0.33333333333333337, 5.415791174739575
0.07451631502584152, 0.33333333333333337, 13.510244430571339
0.09341471956546367, 0.33333333333333337, 10.174610417304716
0.1332799602321925, 0.33333333333333337, 3.653412761836963
0.063076859831836, 0.33333333333333337, 37.43986028005217
0.1137860332216937, 0.33333333333333337, 42.75788557474447
0.1643067495735638, 0.33333333333333337, 2.925396383183186
0.14415839833964444, 0.33333333333333337, 21.082181460093107
0.13179996791646936, 0.33333333333333337, 14.671495577250065
0.08035244334985392, 0.33333333333333337, 9.559824128648838
0.10233104203626134, 0.33333333333333337, 17.0615262559847
0.11227205088002193, 0.33333333333333337, 5.821106615481154
0.048920213300539, 0.33333333333333337, 0.003913682629898936
0.11540357125756312, 0.33333333333333337, 11.534404166033251
0.0995607204991183, 0.33333333333333337, 14.16231820345419
0.13908209263425894, 0.33333333333333337, 4.250284413129827
0.16344279504067752, 0.33333333333333337, 14.345316160711514
0.07483886083025601, 0.33333333333333337, 15.805835299208194
0.14968189332994958, 0.33333333333333337, 6.6514382450071565
0.04940186152482069, 0.33333333333333337, 5.408796216682947
0.1049888510709537, 0.33333333333333337, 13.683378601977417
0.12711064737694192, 0.33333333333333337, 1.9833849312560692
0.1089112961695827, 0.33333333333333337, 2.199701646246385
0.06996480777554036, 0.33333333333333337, 11.998138272739038
0.12608903262904067, 0.33333333333333337, 2.43199185510398
0.15470840446792333, 0.33333333333333337, 10.07460268476686
0.11602085911645721, 0.33333333333333337, 6.1750575533602
0.11603293649757083, 0.33333333333333337, 10.53154423276132
0.1145216981351317, 0.33333333333333337, 3.361412182206222
0.05947501573573834, 0.33333333333333337, 1.705279379756904
0.14958904942588086, 0.33333333333333337, 25.881370286641296
0.09561416313225748, 0.33333333333333337, 26.28651335512845
0.07268189555300157, 0.33333333333333337, 25.89295845165993
0.1304536477049534, 0.33333333333333337, 12.384275437453374
0.12334868925043078, 0.33333333333333337, 5.270058294940577
0.18987451040827152, 0.33333333333333337, 6.862429457005093
0.13839180835179019, 0.33333333333333337, 1.4054442301191854
0.07624129690223545, 0.33333333333333337, 29.033373311817105
0.0940211446512748, 0.33333333333333337, 25.405426263727673
0.14524992505358375, 0.33333333333333337, 8.768115144454228
0.11541208455708835, 0.33333333333333337, 13.093113768674609
0.148562198670473, 0.33333333333333337, 21.850489989034894
0.14805097053588256, 0.33333333333333337, 16.89635093211367
0.11415975884901047, 0.33333333333333337, 1.2333273224127923
0.13400453818048605, 0.33333333333333337, 12.555488722657831
0.10604947636859044, 0.33333333333333337, 12.483222063553663
0.15223434853792855, 0.33333333333333337, 2.2423006895751443
0.14538967335194314, 0.33333333333333337, 34.52579500013748
0.13111953193471518, 0.33333333333333337, 17.965440514813498
0.13981314208858206, 0.33333333333333337, 4.295590332402028
0.1122039055021893, 0.33333333333333337, 9.74584691497862
0.09630525469605497, 0.33333333333333337, 31.38515479286179
0.10524894734922224, 0.33333333333333337, 10.6392924703707
0.10284932246625846, 0.33333333333333337, 15.38930687676791
0.15903534230590832, 0.33333333333333337, 7.867759748146039
0.13044739722217225, 0.33333333333333337, 1.0274447898560772
0.12174754353342312, 0.33333333333333337, 9.098040573614526
0.08522022662809499, 0.33333333333333337, 6.495093521939297
0.149294275746859, 0.33333333333333337, 4.4942959907844235
0.14866199696061314, 0.33333333333333337, 0.5797716686419767
0.1273808526900321, 0.33333333333333337, 9.47506031962835
0.11475307158148852, 0.33333333333333337, 8.272824380927151
0.11193585023109441, 0.33333333333333337, 2.8675882859326784
0.0962518038961884, 0.33333333333333337, 1.7150787804759193
0.08897834211206707, 0.33333333333333337, 0.3703857912484241
0.11172630714458914, 0.33333333333333337, 4.171846045338758
0.1320112550430882, 0.33333333333333337, 0.6444257007901761
0.17456608619179928, 0.33333333333333337, 48.6253020579012
0.1372868677953376, 0.33333333333333337, 5.155690994912158
0.10286695098724329, 0.33333333333333337, 1.1801084842125091
0.13722912058309494, 0.33333333333333337, 2.451819561857512
0.11661793790240216, 0.33333333333333337, 0.4692513484905063
0.14248979924315325, 0.33333333333333337, 24.64399211522099
0.1449673684227158, 0.33333333333333337, 4.831274687570647
0.14068784795097578, 0.33333333333333337, 14.746042444759427
0.11753777258604166, 0.33333333333333337, 13.388362148717244
0.14173537607560943, 0.33333333333333337, 46.56358718255633
0.11213864360600825, 0.33333333333333337, 41.45275513167639
0.1488774446994113, 0.33333333333333337, 0.9512034270813957
0.1406411960368611, 0.33333333333333337, 48.750647606445504
0.11341542019623838, 0.33333333333333337, 2.5846577969227496
0.14602177313368422, 0.33333333333333337, 5.045421854069086
0.1458118236439419, 0.33333333333333337, 58.63223578872522
0.134679967219026, 0.33333333333333337, 15.764814394484883
0.10867211127970168, 0.33333333333333337, 5.225389164799515
0.08648953264172726, 0.33333333333333337, 1.9068991789983234
0.09334912768500837, 0.33333333333333337, 5.211601917737407
0.07792880568303243, 0.33333333333333337, 12.539163783713574
0.13491227940469666, 0.33333333333333337, 3.8499859780122345
0.1296117983256195, 0.33333333333333337, 0.7964132460849717
0.11895149120950027, 0.33333333333333337, 0.6121785765466543
0.13469457546011554, 0.33333333333333337, 1.3109774815877948
0.15458352395192515, 0.33333333333333337, 6.509607474379072
0.16022438368781886, 0.33333333333333337, 34.05837496822629
0.10842574667487734, 0.33333333333333337, 9.418160016715678
0.09802716420238905, 0.33333333333333337, 18.74547546074998
0.11611913219217149, 0.33333333333333337, 11.160709518230169
0.0893776369755222, 0.33333333333333337, 7.264261729600218
0.08302617300704065, 0.33333333333333337, 0.1317612506308122
0.14706987582002448, 0.33333333333333337, 4.330727888858724
0.08376925213503575, 0.33333333333333337, 1.9507973366537454
0.11427015586744793, 0.33333333333333337, 17.008323995310292
0.08118796289796706, 0.33333333333333337, 0.7030189540782613
0.10346045796897729, 0.33333333333333337, 16.78089554929567
0.11882023441299856, 0.33333333333333337, 21.09972879657096
0.13048435533492017, 0.33333333333333337, 4.499547081834639
0.1365146208153098, 0.33333333333333337, 18.43529855578882
0.1265866163943009, 0.33333333333333337, 20.1864252636087
0.12259949539465612, 0.33333333333333337, 26.541064642100846
0.09716133210390844, 0.33333333333333337, 5.970086189088407
0.15189408399155863, 0.33333333333333337, 16.31946962848842
0.11278118674499012, 0.33333333333333337, 3.9721256453164293
0.1057159709768585, 0.33333333333333337, 0.661949888749059
0.0732085468825233, 0.33333333333333337, 0.6128910652891938
0.08448640983823252, 0.33333333333333337, 10.359518669164064
0.15063324125358696, 0.33333333333333337, 5.694995326197966
0.10401643380102205, 0.33333333333333337, 1.5286337846770535
0.13314636058258195, 0.33333333333333337, 20.64821787975619
0.1841078231323483, 0.33333333333333337, 1.3663932068747957
0.1601368555354808, 0.33333333333333337, 1.8269104957141402
0.17424888746295986, 0.33333333333333337, 6.9049783173237955
0.0397411916049495, 0.33333333333333337, 18.403660383601927
0.13321238576292987, 0.33333333333333337, 7.7745267978990125
0.10240614237049783, 0.33333333333333337, 15.09899533833978
0.10386023021170387, 0.33333333333333337, 19.715625096329703
0.09562903205373113, 0.33333333333333337, 46.535719023315735
0.1320324736415569, 0.33333333333333337, 44.68292912902737
0.028735880095142677, 0.33333333333333337, 4.383766053274648
0.13188178258779654, 0.33333333333333337, 19.29014704944333
0.12493005411457375, 0.33333333333333337, 1.8959080477462906
0.1138860755916011, 0.33333333333333337, 29.12726896514051
0.10342564323539895, 0.33333333333333337, 35.39953347032865
0.026691302318280985, 0.33333333333333337, 2.0976032609998922
0.13257203336035853, 0.33333333333333337, 0.4908644726958755
0.15396175293369047, 0.33333333333333337, 20.89843899190543
0.11240235715397674, 0.33333333333333337, 0.18444044090004078
0.13238725573898602, 0.33333333333333337, 15.31359499208617
0.12508373774029344, 0.33333333333333337, 8.717738405099281
0.13464373562019163, 0.33333333333333337, 9.284265791885293
0.10378284506131072, 0.33333333333333337, 15.96497037757747
0.11861999786014471, 0.33333333333333337, 3.7096782776793678
0.15590686028924283, 0.33333333333333337, 33.341253612260545
0.1159164208584575, 0.33333333333333337, 0.4022588498175722
0.11430698099603728, 0.33333333333333337, 5.2258235607257495
0.08871482599643085, 0.33333333333333337, 15.495578428523213
0.17505108257826324, 0.33333333333333337, 17.50899182622456
0.1256211116585469, 0.33333333333333337, 27.68908801908792
0.1202847419079125, 0.33333333333333337, 8.562552267834715
0.11882243529449739, 0.33333333333333337, 2.8919766581554196
0.12300055784381671, 0.33333333333333337, 18.592481903289066
0.16449276542969393, 0.33333333333333337, 20.93505276490527
0.09745278557247439, 0.33333333333333337, 8.560606843833707
0.17112083964235555, 0.33333333333333337, 15.881280271393628
0.1302778193137574, 0.33333333333333337, 8.764257879147422
0.12250436285573743, 0.33333333333333337, 5.225212629819314
0.14594353542596425, 0.33333333333333337, 3.3184098358950553
0.07068383510632764, 0.33333333333333337, 2.3086629296631633
0.13014553840425197, 0.33333333333333337, 10.898326816787131
0.12900543458773986, 0.33333333333333337, 2.9218304892554876
0.10227276592205399, 0.33333333333333337, 6.045267149396289
0.1252740342603308, 0.33333333333333337, 11.09334265744878
0.13654244216197714, 0.33333333333333337, 1.8615120145362019
0.12160120147436415, 0.33333333333333337, 16.997391054039568
0.1046342326233595, 0.33333333333333337, 24.777105853688607
0.11551373436578125, 0.33333333333333337, 0.3275815811112271
0.17129633713837833, 0.33333333333333337, 3.0052785019598263
0.09636377694745255, 0.33333333333333337, 29.9420074518696
0.11091874430267626, 0.33333333333333337, 3.0092466787931866
0.12944718890857188, 0.33333333333333337, 3.8287523906113874
0.1142597008244975, 0.33333333333333337, 24.574984921163548
0.0983971463278702, 0.33333333333333337, 5.736808728965032
0.1476128347100216, 0.33333333333333337, 15.307522261128076
0.10604737984730171, 0.33333333333333337, 20.67526534074567
0.14697763258671864, 0.33333333333333337, 7.60256015238516
0.14689441450910837, 0.33333333333333337, 5.794470079525822
0.10470081814572052, 0.33333333333333337, 2.5936492347139026
0.1306218597422075, 0.33333333333333337, 42.48149371070848
0.1659964179726386, 0.33333333333333337, 10.843485850680276
0.10381823395591659, 0.33333333333333337, 9.137925595557878
0.07630029980587728, 0.33333333333333337, 1.9403616351735822
0.11119739250790253, 0.33333333333333337, 5.663790817950934
0.10425652300967238, 0.33333333333333337, 20.720944371194996
0.10796726564920517, 0.33333333333333337, 2.3561060641999
0.15775794654996173, 0.33333333333333337, 7.300781111884833
0.1226468157104991, 0.33333333333333337, 28.414322904187777
0.06093424451643229, 0.33333333333333337, 15.474230674230904
0.16304768738717842, 0.33333333333333337, 6.815165744643492
0.13303985163437448, 0.33333333333333337, 5.32207630281705
0.09618367882359072, 0.33333333333333337, 37.75156240221617
0.14786944087946627, 0.33333333333333337, 3.161471933000713
0.08374661621536661, 0.33333333333333337, 3.5330122236081243
0.1586761220452677, 0.33333333333333337, 23.131930274203345
0.13445645836670758, 0.33333333333333337, 0.8975136018325786
0.15227399418851786, 0.33333333333333337, 5.265922989568484
0.11378559398750789, 0.33333333333333337, 10.304369401759335
0.13382850138767852, 0.33333333333333337, 4.887013222395704
0.13423461002309173, 0.33333333333333337, 15.68423556615654
0.13786068191456227, 0.33333333333333337, 5.573439361126262
0.06176352427601711, 0.33333333333333337, 26.931203682117165
0.1473335189432068, 0.33333333333333337, 2.093571906736195
0.10299653294052818, 0.33333333333333337, 19.249367413781297
0.11079603915005912, 0.33333333333333337, 0.1167734990208761
0.16542431884498515, 0.33333333333333337, 7.4256416297241845
0.07667174248053882, 0.33333333333333337, 14.199679924260106
0.09342641870839809, 0.33333333333333337, 21.381177388584046
0.10832155808260377, 0.33333333333333337, 0.9945541306918635
0.09777128473481833, 0.33333333333333337, 1.666336281039355
0.13836062756345444, 0.33333333333333337, 12.020971066945735
0.1133661456591594, 0.33333333333333337, 2.2500078637080523
0.20126251329833322, 0.33333333333333337, 0.6231508676788988
0.10664827987421266, 0.33333333333333337, 11.948143456185255
0.1610444340924816, 0.33333333333333337, 9.978456931895563
0.12823941547989548, 0.33333333333333337, 7.545021930327677
0.0909330323543879, 0.33333333333333337, 6.0234118200969355
0.14012347150741553, 0.33333333333333337, 6.289172539696682
0.12447606404016807, 0.33333333333333337, 6.160249928305494
0.065549109697398, 0.33333333333333337, 19.91124281336405
0.0842591891284881, 0.33333333333333337, 13.834276763649873
0.14122633605034168, 0.33333333333333337, 12.07053668032162
0.10038142805992238, 0.33333333333333337, 7.389893779218438
0.13372353873522, 0.33333333333333337, 11.74116196263495
0.1410372969300305, 0.33333333333333337, 6.481316025408893
0.11606547761569809, 0.33333333333333337, 4.604292936856787
0.15398674517645716, 0.33333333333333337, 23.306526446444433
0.14604805231912638, 0.33333333333333337, 10.810151126432778
0.1324672718505441, 0.33333333333333337, 0.8668305889434176
0.11670496434722871, 0.33333333333333337, 9.79035819905259
0.10597772302448936, 0.33333333333333337, 21.851175134031607
0.13968759124353816, 0.33333333333333337, 12.50749594232442
0.1268019324253055, 0.33333333333333337, 13.051722045546029
0.16429652641037487, 0.33333333333333337, 2.3952908893982388
0.13130808874145675, 0.33333333333333337, 3.4453534086639848
0.14140066069008, 0.33333333333333337, 30.28937301592294
0.14032724312516676, 0.33333333333333337, 3.556154672909418
0.10852867425735786, 0.33333333333333337, 14.07194236948885
0.13211575180486224, 0.33333333333333337, 10.956430028056403
0.08322019585925472, 0.33333333333333337, 5.696302624472931
0.0985147010751313, 0.33333333333333337, 2.1663441072874607
0.09860839396825768, 0.33333333333333337, 0.9977506773092218
0.09700315358136846, 0.33333333333333337, 20.63032959892294
0.12404959163619142, 0.33333333333333337, 5.681743743624231
0.09999972433813255, 0.33333333333333337, 20.770813365305024
0.08956405178466527, 0.33333333333333337, 0.6674407329355423
0.09345496980120695, 0.33333333333333337, 2.2226539135473486
0.12736491228920643, 0.33333333333333337, 3.5239974224938857
0.1426086289948856, 0.33333333333333337, 31.3628655109686
0.09461160269968336, 0.33333333333333337, 12.455320397861032
0.13097082162263082, 0.33333333333333337, 10.378507299165534
0.0902065555697295, 0.33333333333333337, 2.1294485268686016
0.15548494834037502, 0.33333333333333337, 8.351811359246316
0.080488496405317, 0.33333333333333337, 10.333203420736966
0.12420156945052137, 0.33333333333333337, 3.4465347722427397
0.06413628817349155, 0.33333333333333337, 1.6518151361728586
0.16056400363150214, 0.33333333333333337, 1.6246791230201374
0.0781360208764885, 0.33333333333333337, 2.5695233970352818
0.16042488265330962, 0.33333333333333337, 4.58368031633966
0.11787688975179636, 0.33333333333333337, 33.968560688518025
0.09884308475753499, 0.33333333333333337, 21.347635517614588
0.13019742147494448, 0.33333333333333337, 12.223662016166648
0.13196147520432017, 0.33333333333333337, 1.346310013432553
0.08542581388461323, 0.33333333333333337, 15.296309568897374
0.1289075316747782, 0.33333333333333337, 1.4468311805457954
0.1154289593367479, 0.33333333333333337, 18.47297877749245
0.13055020505134676, 0.33333333333333337, 22.57663764350251
0.12684900076677763, 0.33333333333333337, 17.57461382197434
0.030715382417162776, 0.33333333333333337, 3.780801603251332
0.15662173947713232, 0.33333333333333337, 9.164159843542091
0.12947877064733151, 0.33333333333333337, 2.8730141735425287
0.11130017105290801, 0.33333333333333337, 1.5940584057209755
0.1102975996400952, 0.33333333333333337, 3.997212726020986
0.15733338156261983, 0.33333333333333337, 2.2271524383822836
0.07033279077873232, 0.33333333333333337, 0.6480628603305882
0.08623126214337654, 0.33333333333333337, 12.05769246642116
0.10846946010491143, 0.33333333333333337, 20.27915622019751
0.10778947709619656, 0.33333333333333337, 21.382533423908683
0.12457795596527402, 0.33333333333333337, 5.7934091038579405
0.09925821011943552, 0.33333333333333337, 11.051039174539296
0.14774942698768295, 0.33333333333333337, 4.510091756808585
0.10114001336339434, 0.33333333333333337, 1.478790502887252
0.09727633315149237, 0.33333333333333337, 12.382104097950217
0.1601767823907702, 0.33333333333333337, 4.070695648119122
0.08570475294946284, 0.33333333333333337, 1.9814143613002098
0.14604619605480135, 0.33333333333333337, 1.7741303634807644
0.09872481550228235, 0.33333333333333337, 1.8161950989644589
0.13418431360311753, 0.33333333333333337, 6.370414000825079
0.15337791421387717, 0.33333333333333337, 4.725670901697222
0.05509545381927376, 0.33333333333333337, 15.081887755465813
0.14788156228061325, 0.33333333333333337, 28.45641027002482
0.14160218650516823, 0.33333333333333337, 13.706040431147724
0.09275740588597707, 0.33333333333333337, 5.100245656166116
0.14063361695601156, 0.33333333333333337, 10.047097398552733
0.10873544817975417, 0.33333333333333337, 9.063089589775663
0.15412697992967198, 0.33333333333333337, 19.278916236318807
0.10060370949006342, 0.33333333333333337, 2.6377272470900746
0.17935846125368005, 0.33333333333333337, 9.643651388168472
0.15009605954003996, 0.33333333333333337, 0.6068551110315155
0.15351155061603244, 0.33333333333333337, 57.801593179558175
0.14385969824039174, 0.33333333333333337, 11.659536274498562
0.12258320735906537, 0.33333333333333337, 3.858408381567223
0.12308848205134984, 0.33333333333333337, 15.410392496704974
0.16515529142807925, 0.33333333333333337, 4.806534839480386
0.11724343911795085, 0.33333333333333337, 16.187652231149993
0.11371027166206468, 0.33333333333333337, 6.393411685962566
0.14209597251394687, 0.33333333333333337, 7.248084490808167
0.12949886705054012, 0.33333333333333337, 2.3099972561052633
0.10615387517832507, 0.33333333333333337, 19.37085921477432
0.11512800578289897, 0.33333333333333337, 0.15586481467443927
0.13021638995906376, 0.33333333333333337, 7.5810393860636704
0.11292959385144517, 0.33333333333333337, 0.7837475313027727
0.06572339580079048, 0.33333333333333337, 5.161972484577212
0.13078544148339225, 0.33333333333333337, 4.803605007707554
0.12564506619207497, 0.33333333333333337, 5.026652270108465
0.1604995793362085, 0.33333333333333337, 10.295803183801752
0.11852481598667816, 0.33333333333333337, 12.442102354081305
0.1539298666032859, 0.33333333333333337, 1.5812129320128192
0.11998630573840147, 0.33333333333333337, 1.5760853374849944
0.11121279184380285, 0.33333333333333337, 10.311400157437507
0.11744493508048617, 0.33333333333333337, 6.334498873976319
0.06063460750317982, 0.33333333333333337, 21.695877928095125
0.14328045077482543, 0.33333333333333337, 7.8660340678693785
0.16151346317023987, 0.33333333333333337, 13.205819481055691
0.15308636387579222, 0.33333333333333337, 1.652027895882829
0.11261707453136521, 0.33333333333333337, 6.902519409412534
0.09623078682012814, 0.33333333333333337, 0.5608381588580906
0.1882284205073027, 0.33333333333333337, 7.75912961182845
0.12509341905243776, 0.33333333333333337, 5.788131280083108
0.12683665137222797, 0.33333333333333337, 6.807359623655996
0.12217199526037784, 0.33333333333333337, 1.3713390949040085
0.08977694979433302, 0.33333333333333337, 8.831256887450044
0.1672975548334718, 0.33333333333333337, 7.346506019385829
0.11028856865426113, 0.33333333333333337, 22.480311212645436
0.07814507847832364, 0.33333333333333337, 3.2230134351254827
0.16013116119717052, 0.33333333333333337, 8.203810580972176
0.13663035324380446, 0.33333333333333337, 9.602534656343222
0.1538137479493915, 0.33333333333333337, 25.536928839780003
0.07170487155655103, 0.33333333333333337, 1.0738520102908107
0.08521409470771331, 0.33333333333333337, 5.865572198315988
0.14098667828033873, 0.33333333333333337, 14.081239555225014
0.1414640772791201, 0.33333333333333337, 5.666576760120076
0.12800938893003844, 0.33333333333333337, 28.287139340337045
0.06895430820952686, 0.33333333333333337, 22.64675946262676
0.10175161443218171, 0.33333333333333337, 3.61033061411364
0.11956116213256357, 0.33333333333333337, 32.08525536245025
0.13453639809515897, 0.33333333333333337, 12.838283475617533
0.15378817047972598, 0.33333333333333337, 2.6740847512204353
0.1409723305892222, 0.33333333333333337, 4.754656014303918
0.15604059741914258, 0.33333333333333337, 8.500052571997184
0.10899000878649016, 0.33333333333333337, 12.66694452329197
0.17679691905120168, 0.33333333333333337, 6.271416171886083
0.09634204308769634, 0.33333333333333337, 3.30888397346942
0.08280557743946632, 0.33333333333333337, 15.074058076254651
0.12905118829527007, 0.33333333333333337, 1.8492383469221148
0.17210104633718154, 0.33333333333333337, 9.55484310385034
0.10511084966037146, 0.33333333333333337, 5.206664628861907
0.09559631792948578, 0.33333333333333337, 3.5506093197130646
0.13097221866090888, 0.33333333333333337, 5.986903522670118
0.1445698613609704, 0.33333333333333337, 6.783726246294689
0.13301054978638394, 0.33333333333333337, 1.0023403996222398
0.04127393223056272, 0.33333333333333337, 6.880876889055572
0.12666261899857434, 0.33333333333333337, 3.032985510334521
0.14910535399457325, 0.33333333333333337, 29.750024626191905
0.15183602035779342, 0.33333333333333337, 9.066203109916454
0.10592585573376039, 0.33333333333333337, 1.0352416672779967
0.14908607618035646, 0.33333333333333337, 9.153673913498219
0.13546365479733, 0.33333333333333337, 11.20637175798438
0.08547409387849114, 0.33333333333333337, 13.848817861088955
0.14599376469251182, 0.33333333333333337, 3.4632469657697342
0.09386919546993797, 0.33333333333333337, 5.052196319692983
0.12939676234110012, 0.33333333333333337, 4.686017974448106
0.15060318025334357, 0.33333333333333337, 16.010572590347994
0.1539231311753033, 0.33333333333333337, 12.867641074260282
0.10381877233579036, 0.33333333333333337, 32.09128767010851
0.10130916358293277, 0.33333333333333337, 12.900170011356323
0.09176199246304505, 0.33333333333333337, 8.086228112974338
0.16097167156840725, 0.33333333333333337, 2.515114375908935
0.12821051150883922, 0.33333333333333337, 10.522680186595174
0.13424724182693076, 0.33333333333333337, 11.190509361629099
0.09044983347717674, 0.33333333333333337, 0.37617679596386505
0.13512543546311315, 0.33333333333333337, 19.40464775117657
0.1173634650123904, 0.33333333333333337, 12.944598574060446
0.10220581412220213, 0.33333333333333337, 5.034609547264203
0.12027577308903276, 0.33333333333333337, 13.10392040118608
0.1024171760906784, 0.33333333333333337, 2.9618184264093728
0.1009017254491234, 0.33333333333333337, 3.4727057656366727
0.17042928970095492, 0.33333333333333337, 2.4751462662491917
0.15007232870043685, 0.33333333333333337, 18.31730495610028
0.13641341621893202, 0.33333333333333337, 11.608918101459475
0.1347661137614198, 0.33333333333333337, 18.984013450662758
0.06794058308486037, 0.33333333333333337, 25.676923622103235
0.0758077132479858, 0.33333333333333337, 16.427891016882825
0.09158795914229009, 0.33333333333333337, 17.7802061067521
0.114196351721541, 0.33333333333333337, 31.921497409705292
0.11423346259607277, 0.33333333333333337, 4.433966019963095
0.10578398398630656, 0.33333333333333337, 9.624288357977292
0.12711493644029642, 0.33333333333333337, 5.260074473708802
0.0746856126512956, 0.33333333333333337, 39.35981688141704
0.10302835033841995, 0.33333333333333337, 5.164927986207067
0.1588370946802842, 0.33333333333333337, 24.29369886802054
0.112409205161436, 0.33333333333333337, 15.055968007068586
0.17547483325337226, 0.33333333333333337, 8.013399137143903
0.172183864861704, 0.33333333333333337, 10.238721541115295
0.11946308312107022, 0.33333333333333337, 9.847504738501335
0.10489196083475608, 0.33333333333333337, 0.9441632875116722
0.16610285826746685, 0.33333333333333337, 23.549482785713632
0.12747275280594297, 0.33333333333333337, 7.471401451914166
0.10543361240447402, 0.33333333333333337, 95.01074824256146
0.13068846201031015, 0.33333333333333337, 6.827196258490211
0.1630332049504354, 0.33333333333333337, 3.4589729647191363
0.08077669404145663, 0.33333333333333337, 15.657619107768488
0.10477720100374871, 0.33333333333333337, 3.3005548185300877
0.18062384577942417, 0.33333333333333337, 14.765825741423614
0.16534997205283136, 0.33333333333333337, 11.827282877628601
0.1822781733188524, 0.33333333333333337, 7.194158378404442
0.17160995438427845, 0.33333333333333337, 11.819706555990543
0.11142864025966662, 0.33333333333333337, 0.3870388676116216
0.13022076629571522, 0.33333333333333337, 3.5067447474911964
0.11355699907375177, 0.33333333333333337, 1.3478844076120349
0.10664454669524669, 0.33333333333333337, 0.5679629040624896
0.08913971843822927, 0.33333333333333337, 2.096441159726079
0.11652568245842208, 0.33333333333333337, 3.6707211718915236
0.13840190729092056, 0.33333333333333337, 11.579604285676963
0.16386559325817862, 0.33333333333333337, 16.568786520142982
0.17687842593896788, 0.33333333333333337, 4.639003959321887
0.1620436100906703, 0.33333333333333337, 12.082226848331368
0.16012546272029815, 0.33333333333333337, 3.716547943748086
0.1371980592285302, 0.33333333333333337, 6.064931022612413
0.18383804421164618, 0.33333333333333337, 38.70122633173117
0.10989750777821797, 0.33333333333333337, 9.199609739483966
0.1370871586291336, 0.33333333333333337, 5.415341808949794
0.08613302798645153, 0.33333333333333337, 3.172063840397656
0.1732820898511488, 0.33333333333333337, 11.331766758414433
0.08908742584109275, 0.33333333333333337, 10.595206199881826
0.11535037334631394, 0.33333333333333337, 8.326861822530999
0.12419097723462232, 0.33333333333333337, 6.8918545917289515
0.14869598639552162, 0.33333333333333337, 4.735298830751203
0.1332849452271282, 0.33333333333333337, 2.3741147906616717
0.08149792390466942, 0.33333333333333337, 54.02445116770243
0.08624495112459284, 0.33333333333333337, 23.478355020009676
0.12264044388604, 0.33333333333333337, 3.7815777288408334
0.13879697425208523, 0.33333333333333337, 3.2549298443992174
0.11250781826578211, 0.33333333333333337, 6.451882307869092
0.11079008366900939, 0.33333333333333337, 2.6068812773918446
0.09104118734899214, 0.33333333333333337, 26.99021989368166
0.11159072678406683, 0.33333333333333337, 1.4099461386473195
0.1556685539174055, 0.33333333333333337, 19.192761600115823
0.15038973141119866, 0.33333333333333337, 7.259197091425288
0.07725342006551815, 0.33333333333333337, 6.589707034709338
0.12087179555325582, 0.33333333333333337, 3.636683360721275
0.11275465247982216, 0.33333333333333337, 9.519264499018336
0.08133499287716078, 0.33333333333333337, 0.047504515022545706
0.16642556945673107, 0.33333333333333337, 4.022258790904721
0.12609964317047215, 0.33333333333333337, 4.50886768628778
0.18395674496765985, 0.33333333333333337, 22.308550005847877
0.09367437123501447, 0.33333333333333337, 0.3907385789361691
0.11723277332219152, 0.33333333333333337, 5.391982104112856
0.12246681629352633, 0.33333333333333337, 7.934296468241922
0.13875530271927017, 0.33333333333333337, 10.887493808480842
0.10398633730395011, 0.33333333333333337, 1.1159269786360764
0.10404494947260659, 0.33333333333333337, 4.3917757122139
0.13900475345800742, 0.33333333333333337, 28.05264654093543
0.10200666957127746, 0.33333333333333337, 1.9538883007136076
0.08427627210174944, 0.33333333333333337, 37.73833998880241
0.1263216686755025, 0.33333333333333337, 8.435484508198359
0.14051614842544796, 0.33333333333333337, 24.512213396391708
0.167591566946187, 0.33333333333333337, 0.7636141340986785
0.09008356441249037, 0.33333333333333337, 1.8589426646810427
0.13344590435500261, 0.33333333333333337, 1.7030964521372647
0.14277792557875987, 0.33333333333333337, 3.1314980908261507
0.14079460389988246, 0.33333333333333337, 29.307292315345812
0.08818228225195052, 0.33333333333333337, 31.70244952163166
0.17970493030919338, 0.33333333333333337, 6.619213739787447
0.08350350741646123, 0.33333333333333337, 1.9550816637797475
0.12072013359111826, 0.33333333333333337, 4.398472683408088
0.11803698828193626, 0.33333333333333337, 0.5425961343337378
0.1279794000339305, 0.33333333333333337, 3.748403735083672
0.12303545536639426, 0.33333333333333337, 13.169719004596356
0.1603636784432409, 0.33333333333333337, 5.977192519588132
0.097410628183375, 0.33333333333333337, 1.3835712374349327
0.15597017477876243, 0.33333333333333337, 16.139412660625833
0.14614808994386008, 0.33333333333333337, 2.710687359852069
0.0914497913892128, 0.33333333333333337, 4.226336222683788
0.09508217633406107, 0.33333333333333337, 6.255530940561107
0.1154787160007871, 0.33333333333333337, 16.23396779419892
0.10025536136674158, 0.33333333333333337, 0.2075582172243574
0.08656150387505449, 0.33333333333333337, 19.19893063130217
0.08327513819941759, 0.33333333333333337, 4.347211523349615
0.1059449984333406, 0.33333333333333337, 3.545069407900053
0.06845902443154409, 0.33333333333333337, 1.6639363687436382
0.10357505789033405, 0.33333333333333337, 9.516260938108806
0.13355906077538632, 0.33333333333333337, 0.7086671985656684
0.17496656952601436, 0.33333333333333337, 9.94320240788896
0.13818619037190616, 0.33333333333333337, 3.690051657213463
0.091594305687343, 0.33333333333333337, 3.6424292639558367
0.11516242167982843, 0.33333333333333337, 2.945883792259287
0.15391939976654118, 0.33333333333333337, 3.449317971677809
0.15781222215248186, 0.33333333333333337, 0.9865093634399287
0.11809463260431895, 0.33333333333333337, 1.1547793520244831
0.12200051872253445, 0.33333333333333337, 3.209352852340218
0.10259630597708129, 0.33333333333333337, 14.71012422742683
0.09148622431986105, 0.33333333333333337, 9.331655117936082
0.11747861809847797, 0.33333333333333337, 31.698705908210943
0.10565017170566829, 0.33333333333333337, 1.371193397435043
0.12010534846792414, 0.33333333333333337, 5.560042165988997
0.11206575684951087, 0.33333333333333337, 6.484155608719167
0.13802347629412676, 0.33333333333333337, 3.436978450465747
0.11572253755295137, 0.33333333333333337, 1.0124632569843386
0.09162019060718664, 0.33333333333333337, 1.8296549961061506
0.1615013230668034, 0.33333333333333337, 10.72681799016969
0.1330025969808182, 0.33333333333333337, 8.340125607723802
0.046261006791902856, 0.33333333333333337, 17.332998007231666
0.05658431471023624, 0.33333333333333337, 3.8703696786282498
0.10790459545448072, 0.33333333333333337, 6.195624146996383
0.09200047925117208, 0.33333333333333337, 19.242936473005784
0.1395593821422804, 0.33333333333333337, 0.935030845803421
0.12039278779341764, 0.33333333333333337, 11.205235180871421
0.08186072864974098, 0.33333333333333337, 5.1234471613890396
0.11747710454422526, 0.33333333333333337, 2.8463425946940313
0.12503030566870824, 0.33333333333333337, 12.960195559445571
0.09367531892599962, 0.33333333333333337, 0.725498897461724
0.1165360800534546, 0.33333333333333337, 15.546407024581413
0.09925723635441903, 0.33333333333333337, 20.540518686717903
0.15251873454668763, 0.33333333333333337, 12.446852497125388
0.14013243378194673, 0.33333333333333337, 0.10368850026351388
0.12541258483573736, 0.33333333333333337, 5.044441592163957
0.11872126399627039, 0.33333333333333337, 0.3537275770771543
0.10170074084568155, 0.33333333333333337, 15.060494809150462
0.15089494394406122, 0.33333333333333337, 8.98754673147617
0.12800328761449453, 0.33333333333333337, 19.59545042644949
0.1073058641580967, 0.33333333333333337, 7.989181471695264
0.15207434196023148, 0.33333333333333337, 1.1126229446885438
0.1498100125912226, 0.33333333333333337, 22.411985621852946
0.10109482869135192, 0.33333333333333337, 18.025262259965015
0.10382894197967187, 0.33333333333333337, 14.381265556298418
0.1391358061340304, 0.33333333333333337, 3.1453835356682056
0.15049366446688633, 0.33333333333333337, 0.6381087932003726
0.14469527648551375, 0.33333333333333337, 1.0997493454981793
0.12678825436451485, 0.33333333333333337, 3.2777860808711234
0.15534727722295066, 0.33333333333333337, 32.63336988787224
0.1403842350320969, 0.33333333333333337, 5.845214133808216
0.08739682172292546, 0.33333333333333337, 2.2865543132360915
0.07919102290204078, 0.33333333333333337, 4.269108475311187
0.12595194660799086, 0.33333333333333337, 5.003314680118456
0.1465818288083479, 0.33333333333333337, 1.770223319481377
0.15495549588869925, 0.33333333333333337, 16.257388053678888
0.12145726732504235, 0.33333333333333337, 28.200928445004354
0.17878318889663378, 0.33333333333333337, 19.942874632748087
0.11154729972263722, 0.33333333333333337, 12.649234908894464
0.05771842567034478, 0.33333333333333337, 3.9578027607388764
0.16439485528248207, 0.33333333333333337, 6.173252658899654
0.15892067448979416, 0.33333333333333337, 31.045812103483314
0.1729158065585059, 0.33333333333333337, 0.05876621746175175
0.10833089148317492, 0.33333333333333337, 3.3539440839889667
0.11086325969803026, 0.33333333333333337, 5.3196574818049065
0.09519736693332477, 0.33333333333333337, 2.555216907978229
0.10049678029028093, 0.33333333333333337, 3.4437446557803106
0.07534880389439513, 0.33333333333333337, 4.1528976978964005
0.101426620100941, 0.33333333333333337, 8.728386061978346
0.13077117374007918, 0.33333333333333337, 1.613446556468558
0.07341499560075997, 0.33333333333333337, 6.762794702442672
0.1394993827730736, 0.33333333333333337, 2.0725412177954046
0.06544910287742187, 0.33333333333333337, 5.863750507945637
0.14196507236437253, 0.33333333333333337, 6.236669952617139
0.14720948358041605, 0.33333333333333337, 2.2610465354232017
0.17169834972431988, 0.33333333333333337, 16.293293633762495
0.1328595841080525, 0.33333333333333337, 1.2491978166464932
0.1417195887244559, 0.33333333333333337, 8.10262354524785
0.19073164588912678, 0.33333333333333337, 7.402004564643975
0.12520243853066085, 0.33333333333333337, 25.46200420054121
0.15320572452789405, 0.33333333333333337, 4.041124170982991
0.12605437236269895, 0.33333333333333337, 3.4958713168100677
0.1430734106843682, 0.33333333333333337, 4.673572079450213
0.11159864294097425, 0.33333333333333337, 17.617061685390368
0.10353337614350816, 0.33333333333333337, 9.131013330923679
0.10074938788122934, 0.33333333333333337, 8.130157270333598
0.16877774430605613, 0.33333333333333337, 4.299437320858882
0.09306794880920038, 0.33333333333333337, 0.6399324335637023
0.11208502557038771, 0.33333333333333337, 1.421226575009152
0.10649891295237178, 0.33333333333333337, 13.648073554518009
0.15558789926123207, 0.33333333333333337, 5.941811955996441
0.12738763958454924, 0.33333333333333337, 30.365559651651456
0.11560470229766744, 0.33333333333333337, 4.132523751558953
0.1462573652842552, 0.33333333333333337, 11.267883424763081
0.06912172119400772, 0.33333333333333337, 14.825260318911146
0.1049024446096233, 0.33333333333333337, 25.958747363882846
0.17266818259778097, 0.33333333333333337, 1.6297454232192359
0.1027713125004111, 0.33333333333333337, 2.6060631222208652
0.0710010678701565, 0.33333333333333337, 9.132180034722127
0.08566390566032495, 0.33333333333333337, 6.253447091652533
0.12840349555165198, 0.33333333333333337, 0.858860861297224
0.11920612104019915, 0.33333333333333337, 7.308753519932855
0.07979997274272242, 0.33333333333333337, 0.4031233601393931
0.10499257870674208, 0.33333333333333337, 11.031651625376092
0.13619211246783341, 0.33333333333333337, 15.557470316782709
0.12490114199125721, 0.33333333333333337, 24.62235405660346
0.08610027273171297, 0.33333333333333337, 29.17861337355291
0.06344360178531214, 0.33333333333333337, 14.445590711287885
0.12981367643371675, 0.33333333333333337, 47.58154771536282
0.13023262054861356, 0.33333333333333337, 13.548292265954554
0.10249476970730055, 0.33333333333333337, 7.748782755424857
0.11577935992544428, 0.33333333333333337, 7.68845424161868
0.15539092256817172, 0.33333333333333337, 11.25449924512826
0.06570754147471207, 0.33333333333333337, 3.007440448274114
0.10294982705798662, 0.33333333333333337, 2.983059261802023
0.15317614534478313, 0.33333333333333337, 1.0091485097343076
0.07710546646048333, 0.33333333333333337, 11.812686867989465
0.1342526787645942, 0.33333333333333337, 7.288353117027013
0.08602190430058296, 0.33333333333333337, 14.095520431444006
0.10286053767673288, 0.33333333333333337, 6.234088170953943
0.08966662671873228, 0.33333333333333337, 8.633418996701657
0.055962584917122984, 0.33333333333333337, 10.642241945236236
0.10626444344744004, 0.33333333333333337, 11.47998499033254
0.09329949638982538, 0.33333333333333337, 3.2736678414289933
0.12234594985297315, 0.33333333333333337, 5.589939902182282
0.11229805796845163, 0.33333333333333337, 0.2372156150096155
0.11128500879424832, 0.33333333333333337, 4.986993063258281
0.0974745506743666, 0.33333333333333337, 13.894256360881927
0.07280610455087444, 0.33333333333333337, 6.3614381196234095
0.13060066273125756, 0.33333333333333337, 7.7280681910296325
0.08918731212609547, 0.33333333333333337, 0.3098510293230077
0.0826283082602108, 0.33333333333333337, 5.911446309849295
0.12710693999804282, 0.33333333333333337, 2.1497965060656186
0.10227098278319052, 0.33333333333333337, 30.10850550712433
0.0761249106943907, 0.33333333333333337, 31.200662382663968
0.11554320126205259, 0.33333333333333337, 4.006241214759715
0.09732462964559488, 0.33333333333333337, 13.473954627572818
0.1211470059670252, 0.33333333333333337, 3.9402609942124935
0.09850494204787696, 0.33333333333333337, 2.5320503513037624
0.08039755509538643, 0.33333333333333337, 20.08039719366093
0.12162261102635873, 0.33333333333333337, 29.502663732184555
0.13215894637000117, 0.33333333333333337, 17.173566975186663
0.08399216511731118, 0.33333333333333337, 13.884064141449432
0.09049623131636923, 0.33333333333333337, 8.182069298902594
0.14630074135607582, 0.33333333333333337, 20.37007050704071
0.1323866562581311, 0.33333333333333337, 30.520197325475234
0.12701230619862927, 0.33333333333333337, 3.219432273610463
0.11412846351312612, 0.33333333333333337, 0.024550559351784382
0.12303663071138395, 0.33333333333333337, 9.94856631609258
0.08939812680075959, 0.33333333333333337, 4.542166729551739
0.055380388290490995, 0.33333333333333337, 2.121363016770062
0.08506527209393092, 0.33333333333333337, 9.126935146288433
0.09890275680594925, 0.33333333333333337, 40.35541776764912
0.10625576829968142, 0.33333333333333337, 3.3764597510361436
0.10415973766998214, 0.33333333333333337, 0.11149989922903818
0.11272664351413658, 0.33333333333333337, 3.256328381132687
0.1286430386602831, 0.33333333333333337, 2.7624131685086124
0.1258381148887543, 0.33333333333333337, 37.716020311629116
0.1065022657867838, 0.33333333333333337, 3.6525580875239396
0.12871608208333407, 0.33333333333333337, 9.131428975830671
0.11525750686883957, 0.33333333333333337, 6.409253872530655
0.08385561768751129, 0.33333333333333337, 6.818052575371422
0.13572218054184687, 0.33333333333333337, 7.449823774394489
0.105381883603239, 0.33333333333333337, 2.2371915564890568
0.19502754041259243, 0.33333333333333337, 0.6886896864677736
0.13480249630309354, 0.33333333333333337, 0.23579012415195041
0.12730688212924182, 0.33333333333333337, 15.947634312522263
0.133101021311824, 0.33333333333333337, 3.1072945728277377
0.21092462611071167, 0.33333333333333337, 3.192856565478486
0.1188158666467202, 0.33333333333333337, 1.1408799129114424
0.09944719096626378, 0.33333333333333337, 34.97563775915841
0.1221922658762637, 0.33333333333333337, 2.9045390164534375
0.12831280008700582, 0.33333333333333337, 5.341995955024005
0.10220894371228656, 0.33333333333333337, 6.991091156633463
0.15398309129608717, 0.33333333333333337, 23.750049405606276
0.08192114505677793, 0.33333333333333337, 5.990270943088644
0.12349877955831587, 0.33333333333333337, 9.948696216347265
0.11418051583254815, 0.33333333333333337, 4.093386509384538
0.0904716716567838, 0.33333333333333337, 15.530617443121892
0.21136271546955337, 0.33333333333333337, 8.531095510866816
0.09368905284720348, 0.33333333333333337, 37.70572269999552
0.1368638982986737, 0.33333333333333337, 0.2291338715866652
0.0797144886409385, 0.33333333333333337, 30.357828567903198
0.07867031109428255, 0.33333333333333337, 23.199433116882723
0.07112993170667184, 0.33333333333333337, 2.6647806719831966
0.17566395971926413, 0.33333333333333337, 24.168441221647797
0.09692211305436085, 0.33333333333333337, 0.5952835037219045
0.16605573836217602, 0.33333333333333337, 3.635647757965057
0.07737942345844204, 0.33333333333333337, 20.698444178512116
0.12260823796827339, 0.33333333333333337, 10.193840932926696
0.042610921223571796, 0.33333333333333337, 3.522221110131484
0.12694543830505164, 0.33333333333333337, 3.362474225999041
0.1282227879981688, 0.33333333333333337, 6.765460079441317
0.13031296624220046, 0.33333333333333337, 0.6880039526368102
0.1436457999150924, 0.33333333333333337, 8.904860030261496
0.14305409591073076, 0.33333333333333337, 2.2516559830888476
0.05786308400181296, 0.33333333333333337, 16.149310262731213
0.09218099369698587, 0.33333333333333337, 2.0480015353495067
0.10763083826381203, 0.33333333333333337, 1.8495769841524403
0.125794890961558, 0.33333333333333337, 0.40220504171668714
0.13704053597875704, 0.33333333333333337, 6.460209728108709
0.10805869600001577, 0.33333333333333337, 15.054814879678991
0.12820087531543156, 0.33333333333333337, 3.301707644229318
0.0665028812497234, 0.33333333333333337, 5.048271440836944
0.14036960406886295, 0.33333333333333337, 4.738014306323175
0.15947760949404838, 0.33333333333333337, 7.697910011666349
0.1302209055624924, 0.33333333333333337, 10.402129513589353
0.11748780309478829, 0.33333333333333337, 3.2089071402964913
0.13882638899948585, 0.33333333333333337, 18.084154281704734
0.10051490490247762, 0.33333333333333337, 2.7555993730558597
0.09684487217464947, 0.33333333333333337, 14.367899296449867
0.1366574785044569, 0.33333333333333337, 24.08923547219385
0.1378752130253968, 0.33333333333333337, 6.681875029968247
0.10680544973780828, 0.33333333333333337, 4.41095992310014
0.11934021306971074, 0.33333333333333337, 9.123061208230217
0.11057054841719209, 0.33333333333333337, 4.854734071400801
0.07369975637813825, 0.33333333333333337, 2.05858226839398
0.16055541973169735, 0.33333333333333337, 3.4465958620451973
0.0770881639361835, 0.33333333333333337, 2.023522573113153
0.10637309684629827, 0.33333333333333337, 7.883375641642479
0.11289234711984503, 0.33333333333333337, 2.057370454366285
0.11979464440989447, 0.33333333333333337, 2.440561056129549
0.1611854275761767, 0.33333333333333337, 12.842089671986255
0.12857856455285036, 0.33333333333333337, 3.270695308626598
0.09438878284372038, 0.33333333333333337, 6.653414976993861
0.16371916593174154, 0.33333333333333337, 9.907100401422703
0.06305352810522857, 0.33333333333333337, 15.415807618153918
0.13073351227522173, 0.33333333333333337, 0.38907698196624857
0.1256567222460616, 0.33333333333333337, 9.273012162801335
0.16578915415215692, 0.33333333333333337, 9.142991092653695
0.09909172601754361, 0.33333333333333337, 7.780839592154115
0.10801014542456312, 0.33333333333333337, 5.038769211679746
0.13336048824453292, 0.33333333333333337, 1.7704213613862614
0.10475661619347218, 0.33333333333333337, 2.3172855383173645
0.1726394116687633, 0.33333333333333337, 4.379941997760091
0.1261777112345602, 0.33333333333333337, 1.6922000917635198
0.10094481205328112, 0.33333333333333337, 10.628376849310815
0.10389602222504074, 0.33333333333333337, 8.345092960435137
0.12359920887466781, 0.33333333333333337, 32.27478625212025
0.07512175026787885, 0.33333333333333337, 1.2630924791779248
0.12409497429158294, 0.33333333333333337, 0.7943817095751808
0.09435698039630146, 0.33333333333333337, 0.8668738782366582
0.15563565259474382, 0.33333333333333337, 19.256787677404773
0.12337476798634774, 0.33333333333333337, 7.0332418406750055
0.09339600671888704, 0.33333333333333337, 3.1449697597873447
0.13225478935126933, 0.33333333333333337, 11.079658518316874
0.09852637189845108, 0.33333333333333337, 3.6032457299184393
0.09772707955684282, 0.33333333333333337, 13.207278915363148
0.14208830040488477, 0.33333333333333337, 4.305521351759774
0.16151266231461, 0.33333333333333337, 2.294310377671949
0.15641782919865005, 0.33333333333333337, 2.317543140839034
0.08413370400095789, 0.33333333333333337, 4.115426208116032
0.11779110338732142, 0.33333333333333337, 40.94280945138232
0.10267994278832236, 0.33333333333333337, 3.5996769741968033
0.09036957376427417, 0.33333333333333337, 5.842037571854029
0.1101180961636905, 0.33333333333333337, 8.541085339468934
0.12648385841643692, 0.33333333333333337, 12.899109001124486
0.1346039554227973, 0.33333333333333337, 34.289800440264436
0.09671050186352868, 0.33333333333333337, 1.6927170083938339
0.0719434653015123, 0.33333333333333337, 3.5899673341410687
0.19328615368578766, 0.33333333333333337, 0.027631900918460683
0.11848080942618283, 0.33333333333333337, 14.054252181195817
0.13774436566157644, 0.33333333333333337, 3.487518513161202
0.09828725443526368, 0.33333333333333337, 0.02286135159286014
0.16419217851992624, 0.33333333333333337, 0.2007667796602874
0.08124449240260478, 0.33333333333333337, 0.7642248899392445
0.09355793244817351, 0.33333333333333337, 1.200509353836275
0.13998206235503993, 0.33333333333333337, 2.8865973948973234
0.15194544669472657, 0.33333333333333337, 19.557185597537757
0.1732959835332365, 0.33333333333333337, 1.1141602201543308
0.13543160242723942, 0.33333333333333337, 4.753705380209066
0.07667158204929053, 0.33333333333333337, 4.742508583944726
0.15932860174199237, 0.33333333333333337, 9.483561104225952
0.1212153345863904, 0.33333333333333337, 1.2791483018378997
0.18919205677047363, 0.33333333333333337, 1.6268560840175406
0.11739260109948454, 0.33333333333333337, 9.715522284835005
0.06055867594765961, 0.33333333333333337, 1.5126726985365204
0.16871241744027698, 0.33333333333333337, 3.9347496102789825
0.17583459961024095, 0.33333333333333337, 23.47675471743969
0.10119919104508132, 0.33333333333333337, 4.472282767281098
0.1272966023036279, 0.33333333333333337, 10.018295064654628
0.13592294674752153, 0.33333333333333337, 9.62071767959074
0.0900393658758194, 0.33333333333333337, 0.00034471579432200546
0.11612781636055641, 0.33333333333333337, 7.428247720858021
0.15357028325283079, 0.33333333333333337, 4.586862356267168
0.08999968525614159, 0.33333333333333337, 21.754235536525744
0.08684060618724146, 0.33333333333333337, 6.853239018959826
0.14239116444957214, 0.33333333333333337, 4.61530968564688
0.06541951868860325, 0.33333333333333337, 9.980698007760259
0.12874207019896067, 0.33333333333333337, 17.10307728052585
0.12200970792984057, 0.33333333333333337, 2.980734542722628
0.07786130113557764, 0.33333333333333337, 4.275878347396778
0.09147051905845262, 0.33333333333333337, 6.639014626481065
0.13527803203572097, 0.33333333333333337, 3.315460240339348
0.1245979673319963, 0.33333333333333337, 7.397596520750395
0.11292464097518945, 0.33333333333333337, 5.145266280193311
0.16404119834507108, 0.33333333333333337, 0.46136061308057996
0.1449326999189492, 0.33333333333333337, 54.30311796050972
0.15097069315130543, 0.33333333333333337, 0.8131493477058813
0.13760111981278605, 0.33333333333333337, 4.044053671619474
0.0866170367505466, 0.33333333333333337, 9.387796610656352
0.09018131147589226, 0.33333333333333337, 30.122115480906114
0.14036829483735136, 0.33333333333333337, 2.9935809940717495
0.11072271044372327, 0.33333333333333337, 6.603405353106887
0.12406733866283161, 0.33333333333333337, 9.32798660153923
0.16390564824511508, 0.33333333333333337, 60.031994489343674
0.14320820948131918, 0.33333333333333337, 2.4518389680255748
0.10623390569028607, 0.33333333333333337, 4.1274481406311825
0.13002084437762157, 0.33333333333333337, 0.45526989259487766
0.10643047393473659, 0.33333333333333337, 3.187143546761011
0.22692500257657364, 0.33333333333333337, 10.534848613176456
0.13985145941261928, 0.33333333333333337, 4.485471356246889
0.13588895048921232, 0.33333333333333337, 2.5411440044752207
0.13365049863924758, 0.33333333333333337, 1.2800027822165738
0.07737072626090702, 0.33333333333333337, 3.610712674604967
0.14102564616648916, 0.33333333333333337, 17.544374119744095
0.04536891983175778, 0.33333333333333337, 3.389384549097671
0.10225376437021425, 0.33333333333333337, 2.2913499812892772
0.09646114686209888, 0.33333333333333337, 13.424892088399519
0.09003432131759473, 0.33333333333333337, 9.434911064923321
0.09351425902636526, 0.33333333333333337, 13.882795469446075
0.15397899376726992, 0.33333333333333337, 14.239542902887758
0.1581242063308835, 0.33333333333333337, 10.843402222608853
0.10335758825347784, 0.33333333333333337, 0.3808837731507072
0.1595072095869563, 0.33333333333333337, 2.627727338106106
0.1083120353050635, 0.33333333333333337, 2.8742042942562027
0.08056364188700865, 0.33333333333333337, 4.658791248002228
0.09971256497936531, 0.33333333333333337, 33.22300194380691
0.10845911005044462, 0.33333333333333337, 31.321902916373595
0.1437054001594843, 0.33333333333333337, 10.3414130470478
0.15319704697747197, 0.33333333333333337, 3.4371927090772254
0.1452109286289706, 0.33333333333333337, 3.2579705988510876
0.15665662645950335, 0.33333333333333337, 4.547747128366771
0.11840289198774076, 0.33333333333333337, 13.103943600020063
0.1242536578964856, 0.33333333333333337, 25.399536231154244
0.09594284807261019, 0.33333333333333337, 8.415751780895269
0.05974031479099717, 0.33333333333333337, 14.285198270089417
0.1485211091116711, 0.33333333333333337, 7.383642661186205
0.1432104034524323, 0.33333333333333337, 32.278600476305144
0.1724435136902255, 0.33333333333333337, 6.164349835500057
0.11008189225938939, 0.33333333333333337, 3.500086240875258
0.10355368452131575, 0.33333333333333337, 0.33134748028430205
0.14528392240983215, 0.33333333333333337, 10.9391974235374
0.08455414278744133, 0.33333333333333337, 4.100058504241619
0.11021417219043739, 0.33333333333333337, 13.688719993213473
0.1889094924449582, 0.33333333333333337, 36.71901401745892
0.12576391891416747, 0.33333333333333337, 8.03390044733246
0.09879501643446928, 0.33333333333333337, 2.383905878087279
0.10056869866352264, 0.33333333333333337, 4.765012758871838
0.10007351199644557, 0.33333333333333337, 3.3945483208080818
0.09524757057307538, 0.33333333333333337, 13.474596336540149
0.1239608229397454, 0.33333333333333337, 1.2469226782378575
0.1055277753639323, 0.33333333333333337, 10.111030456420348
0.10485649749894758, 0.33333333333333337, 12.25503335115681
0.13566033828352003, 0.33333333333333337, 2.054818007928031
0.058990432122782176, 0.33333333333333337, 2.055832030061297
0.18475852056080538, 0.33333333333333337, 18.000074638738614
0.07875263025811996, 0.33333333333333337, 23.42276839113547
0.13315010607390132, 0.33333333333333337, 1.3823621237019383
0.07577224072011704, 0.33333333333333337, 23.384451181982143
0.1233468553970569, 0.33333333333333337, 5.520912598097818
0.10956762732549152, 0.33333333333333337, 6.484453765585398
0.1042953515222966, 0.33333333333333337, 3.457643231417955
0.1436360642420075, 0.33333333333333337, 6.37497418144232
0.12207145336310336, 0.33333333333333337, 9.060053568019532
0.1191487741027858, 0.33333333333333337, 9.734962802296794
0.08971834436007446, 0.33333333333333337, 1.9644303417685653
0.07816384815577662, 0.33333333333333337, 3.8972392706087313
0.08830596033779392, 0.33333333333333337, 7.302418016466611
0.1274571864852127, 0.33333333333333337, 22.446870365288163
0.1293226665588239, 0.33333333333333337, 10.953215474251897
0.10829447069599415, 0.33333333333333337, 0.15669432615218332
0.14525786652287245, 0.33333333333333337, 2.346056909477222
0.0625432035020754, 0.33333333333333337, 16.66886735226319
0.08277001112348757, 0.33333333333333337, 12.918255346132188
0.17426322422823068, 0.33333333333333337, 5.431587795239397
0.13271210421004123, 0.33333333333333337, 18.934946207195253
0.159184447104835, 0.33333333333333337, 2.49186051119801
0.08083656944329382, 0.33333333333333337, 2.6956989696846407
0.13509946638339806, 0.33333333333333337, 10.123112786042059
0.13309957164391584, 0.33333333333333337, 0.6887121015013927
0.10492061844780229, 0.33333333333333337, 51.70518460606572
0.12861790994922107, 0.33333333333333337, 0.2424590989081516
0.1131926222128013, 0.33333333333333337, 9.011536189754697
0.0908084476436626, 0.33333333333333337, 11.390051451536584
0.12836377740764807, 0.33333333333333337, 18.681901940900666
0.07520641678430108, 0.33333333333333337, 8.478172921145763
0.14674621089677745, 0.33333333333333337, 0.9015295784515807
0.08720013569988912, 0.33333333333333337, 0.9583080753318962
0.09692688864607406, 0.33333333333333337, 14.267325304271527
0.06651507416866266, 0.33333333333333337, 0.26480807602994977
0.08669464811604, 0.33333333333333337, 0.4247417029513108
0.13947840543532875, 0.33333333333333337, 11.252244753687888
0.10781560512995862, 0.33333333333333337, 3.891227872832461
0.06509235804468888, 0.33333333333333337, 8.231096297252842
0.13388892319347145, 0.33333333333333337, 1.2164792992681603
0.12879367959786617, 0.33333333333333337, 0.5298901949749449
0.13777308181993947, 0.33333333333333337, 3.8784276712644905
0.11846727882123528, 0.33333333333333337, 10.968000037370743
0.15083495923116372, 0.33333333333333337, 1.5245054020227757
0.09788294443090305, 0.33333333333333337, 2.3456449948144327
0.1625943194257347, 0.33333333333333337, 16.521823537270045
0.09113436624304758, 0.33333333333333337, 2.588045404393253
0.11607863304919186, 0.33333333333333337, 1.6108090273585227
0.13129841357507377, 0.33333333333333337, 2.0942715800340057
0.10299461436691337, 0.33333333333333337, 5.358101515557835
0.08939574630580156, 0.33333333333333337, 7.490862599297699
0.14197417496138634, 0.33333333333333337, 28.749082688304284
0.12143887054771252, 0.33333333333333337, 4.433724278654645
0.16076469181879496, 0.33333333333333337, 3.209835884850526
0.14224549138412051, 0.33333333333333337, 8.133277614934842
0.13772655256704455, 0.33333333333333337, 28.8898772090253
0.057553957342383145, 0.33333333333333337, 17.412721133703105
0.1410604139535209, 0.33333333333333337, 65.65526391153536
0.10041183204540687, 0.33333333333333337, 2.3492821581060714
0.11299170581649957, 0.33333333333333337, 30.418192281914276
0.10585284628225394, 0.33333333333333337, 53.02366295568402
0.10150621139288177, 0.33333333333333337, 4.699414409970762
0.09427088930624145, 0.33333333333333337, 3.965852953377052
0.11400404774039882, 0.33333333333333337, 2.567634218263039
0.13204606063743426, 0.33333333333333337, 18.89441784001595
0.11471343860432451, 0.33333333333333337, 18.32451855046316
0.075501331893621, 0.33333333333333337, 15.841172899755309
0.1589528629231332, 0.33333333333333337, 0.7038369365265621
0.034866842963641315, 0.33333333333333337, 16.493817494626654
0.15235432664624446, 0.33333333333333337, 13.36003482592434
0.12032027732785351, 0.33333333333333337, 4.908903232061832
0.10849438615441959, 0.33333333333333337, 3.543092581494534
0.13194942133981113, 0.33333333333333337, 0.3567004572582425
0.14692071907131415, 0.33333333333333337, 9.3546606845027
0.1416605679065027, 0.33333333333333337, 21.20571745841953
0.11050361029143901, 0.33333333333333337, 0.3814055332804238
0.18361180809416255, 0.33333333333333337, 2.1455276962054723
0.1202943097111222, 0.33333333333333337, 2.253982780928194
0.06336399925445638, 0.33333333333333337, 6.1620586331712
0.15099916186422746, 0.33333333333333337, 1.9926195829949858
0.13714016261110076, 0.33333333333333337, 3.8202428286900223
0.12276636130345621, 0.33333333333333337, 15.098855442063373
0.12177678737638471, 0.33333333333333337, 12.186961909785124
0.10727824549707798, 0.33333333333333337, 5.7128374653168095
0.11508345473085613, 0.33333333333333337, 0.738892007354519
0.0989083718896865, 0.33333333333333337, 2.984526617722822
0.12286133372450313, 0.33333333333333337, 13.00931905309491
0.08477723192195033, 0.33333333333333337, 20.737947392158816
0.09403536189219339, 0.33333333333333337, 18.44622725913119
0.11203146220191694, 0.33333333333333337, 2.3848141142721593
0.11261693700280888, 0.33333333333333337, 7.8165860535065
0.12129370088602988, 0.33333333333333337, 24.4174156132298
0.12042256155968356, 0.33333333333333337, 1.4039603341451992
0.10221387748486051, 0.33333333333333337, 5.871536445695694
0.1592455235635472, 0.33333333333333337, 5.553005914724542
0.05957183425748317, 0.33333333333333337, 40.545238457316266
0.10677110727466557, 0.33333333333333337, 8.019153434016289
0.09383859630585306, 0.33333333333333337, 2.2543638312364545
0.16576559649584008, 0.33333333333333337, 0.8165171048643818
0.1507884729400254, 0.33333333333333337, 10.548188824531644
0.11517385148960907, 0.33333333333333337, 6.1091109642113155
0.08369293956269543, 0.33333333333333337, 61.1568114592089
0.06191217001159747, 0.33333333333333337, 9.019348318585699
0.13667787977751386, 0.33333333333333337, 1.243260591061393
0.0914186696907612, 0.33333333333333337, 22.770931205486065
0.1082719240248382, 0.33333333333333337, 0.17378203027871372
0.09493681325258757, 0.33333333333333337, 7.585612354866691
0.10282826016150119, 0.33333333333333337, 4.144597056297572
0.12398900703951422, 0.33333333333333337, 19.46259615085893
0.13678748420616105, 0.33333333333333337, 8.589398309526354
0.09333881998573199, 0.33333333333333337, 11.208615443288622
0.08157332779459461, 0.33333333333333337, 4.9144044814555405
0.12762916224692739, 0.33333333333333337, 33.127782598174285
0.13799683147419692, 0.33333333333333337, 13.920490662201262
0.1329752110394705, 0.33333333333333337, 4.661809779922237
0.13983669330676154, 0.33333333333333337, 1.0065056766815512
0.108943208775803, 0.33333333333333337, 30.348133987595542
0.1079063335011388, 0.33333333333333337, 12.220285419842648
0.10376674148996183, 0.33333333333333337, 60.5847083010176
0.16458354237402442, 0.33333333333333337, 6.886369523952386
0.1278164346450496, 0.33333333333333337, 6.041038484435394
0.13837427049220197, 0.33333333333333337, 17.81336351922177
0.17165571172307834, 0.33333333333333337, 6.628623841225245
0.11429186872602247, 0.33333333333333337, 5.368019753666097
0.1528666118671928, 0.33333333333333337, 2.30074136088095
0.09380042744077517, 0.33333333333333337, 10.17308607886521
0.13193562413983834, 0.33333333333333337, 2.820127474423012
0.13019361882837469, 0.33333333333333337, 15.001188535602498
0.13755370718480905, 0.33333333333333337, 1.5314239417970514
0.15496145923434432, 0.33333333333333337, 1.965450079374748
0.1829702652396843, 0.33333333333333337, 2.12823652570088
0.15131895088582845, 0.33333333333333337, 6.4574457368259015
0.17226781030687138, 0.33333333333333337, 10.2638224508165
0.1247049605228625, 0.33333333333333337, 0.07599516174847899
0.1487800810142213, 0.33333333333333337, 10.175258014682228
0.14095229842294907, 0.33333333333333337, 5.744120786767468
0.12870503267567307, 0.33333333333333337, 1.9546853391971217
0.08794507971854695, 0.33333333333333337, 9.989562696946633
0.1097354909779444, 0.33333333333333337, 42.31802468867674
0.13167842526814827, 0.33333333333333337, 13.378469984398526
0.14999154482092605, 0.33333333333333337, 5.000736060811705
0.07534979443349792, 0.33333333333333337, 23.930942103057227
0.06344657158695104, 0.33333333333333337, 2.3239989168432205
