0.2523469518692262
0.11317633520295459
0.19325720805072508
0.1996891605838163
0.1935487755988376
0.1341986027201693
0.16977711961302053
0.2132491026154118
0.26087223490463396
0.054830637871937205
0.26353705075890566
0.1649959238806827
0.18922337004739792
0.17937980976296602
0.20973021222276728
0.15991940770655874
0.23492416071969596
0.20710778464436108
0.18846636640435496
0.0705867758561754
0.26257070127642557
0.2810687981880116
0.21014334580651484
0.09653714716211467
0.1751075350350518
0.17173039381861094
0.22921637167617068
0.2101745864936001
0.18184069713840836
0.16276706966205676
0.14250256888114654
0.08130846522734912
0.22610897092238436
0.2332491438470597
0.24419005012142067
0.23412122436223523
0.17150685747867198
0.18576024577912395
0.1684101759074086
0.16761409634192354
0.13290518804197798
0.19100073112635066
0.16145238604675372
0.12930903047397135
0.1086035340870119
0.1725437932623652
0.2526310067486495
0.08156277590117293
0.1939948838372944
0.13889600486092185
0.14775798817737523
0.09005251771695416
0.18411213494436202
0.2530458524331999
0.14443116813495221
0.15367681341867062
0.2162360059397876
0.18076159398898853
0.13605892852371973
0.2631928667803223
0.18281275036379166
0.15874470692408107
0.23706654230375576
0.22436675759617886
0.18996944386463527
0.2039155034145707
0.1960431361025385
0.22776695587981455
0.26147127029975964
0.21747961079011283
0.1765378835648048
0.21698275767386757
0.13369788062059848
0.10714033713673855
0.1799539282907468
0.1703929516316512
0.14930196804136703
0.21178487413974945
0.1856800583280704
0.1928044272585088
0.10829315872023963
0.16319108216626008
0.22732874896516353
0.17296963473071605
0.18694309448581398
0.18859886526607864
0.21165948540417942
0.15596396296161283
0.09647013609959113
0.1209077952784217
0.2483512078487338
0.20153772865333583
0.22409914411394088
0.2007890913366994
0.2240951238013099
0.14771509225915147
0.07657248388907685
0.09550780001330633
0.16887423803345433
0.13828554109421187
0.16585720359055944
0.24070018476139818
0.20175545753477325
0.1537770609831327
0.19949061641177587
0.26734762464620115
0.18339132341898884
0.18382115154538167
0.19551654646434724
0.15005590384331927
0.21905103684690694
0.20994841037708956
0.27922862090555683
0.1735376100826258
0.1414186342771221
0.28153780996691435
0.2014741137252328
0.17599134677989328
0.2522570969378071
0.15449155980473445
0.2647402607459435
0.16196359446952666
0.18533001328008486
0.11485591871115586
0.177316290257813
0.2420931735843933
0.24770827307713683
0.21069698334699632
0.14107939404695197
0.25500919713510684
0.15745818000315587
0.2075811500856396
0.20225360880886636
0.21715562961007295
0.17465864839561226
0.1013149041103344
0.24331199931707093
0.2067795517873639
0.14414368654265786
0.21870016383944638
0.1440157012199879
0.12083405955913494
0.19798819548709995
0.1166589777613085
0.13743753861853886
0.1264966396450713
0.2053009422596282
0.14342567659493005
0.24252305222946768
0.14337782342692218
0.1522990646453014
0.10842171292577923
0.22544566195675647
0.18954582368767264
0.19397620148712327
0.23303432453900913
0.18678704342953845
0.21324893680616724
0.24724384570752184
0.15825536510495394
0.07342424966430548
0.18986595581576676
0.16168929705061064
0.03628405415541003
0.17159873060596872
0.17397929922103927
0.16801928180462739
0.13930551128136673
0.20748890761731786
0.13945100423865578
0.18995782519401896
0.21024719635688544
0.1730557917406807
0.2360046703339861
0.16545281091484754
0.2430314527937277
0.21696638676953373
0.1869022394477251
0.11701138911915739
0.23073985000481426
0.2094426044037308
0.26534935098720913
0.17922753747814824
0.15626017167103876
0.1706303117136801
0.22933359862695576
0.2450481825195867
0.18014824068304366
0.1624874228716957
0.11301181107595959
0.2631710753987721
0.1725397521079977
0.17943162638933477
0.13298182743384118
0.1963019596918569
0.22669811354336641
0.1423581600649732
0.16058821114448324
0.15422801062052735
0.21513524473284415
0.15079101989416632
0.20534571207453922
0.2493194620057148
0.23030126538576384
0.18482856215958604
0.11018630788690878
0.21338077139109762
0.18388021289603776
0.11718017846083971
0.20862078258926336
0.2256432083910002
0.2438980735509414
0.21859925590258292
0.18698905127055612
0.1251020935658321
0.2187684140398921
0.24912452817383957
0.1562088721624834
0.2515656298468955
0.2293824264222344
0.2732631812578298
0.2196066325682561
0.15067924280498488
0.22565527005120914
0.22944399297657384
0.21113135372081346
0.1374446175140808
0.18973386460798758
0.15371333871514642
0.1445510175708074
0.19032730715306392
0.17736112018471145
0.07705894380733387
0.13398501381375177
0.18842894483526745
0.1356647060798212
0.15657492187331568
0.1378970386157572
0.19339165058984026
0.2048940573221332
0.3134195088138768
0.15493348931762654
0.14994532506996358
0.2471020361390255
0.18560172509026465
0.15044952465782677
0.27269069270822144
0.07681537985534842
0.15301743071309937
0.11844396989833103
0.15847817908361037
0.21579994336253033
0.15474956305286136
0.11714875096137327
0.23176843592083418
0.09997775153437802
0.17209138382919575
0.20090277681547644
0.13529305756042204
0.14980071795241942
0.2355395370135404
0.18093662422206042
0.16836476999437563
0.10409501452976547
0.1392725761982072
0.24642144696184745
0.23321313880035444
0.25438110195287444
0.1594928060930848
0.22771295619434467
0.08475337632424693
0.24803738588257318
0.18455588546738613
0.29664165366759176
0.06960734240836397
0.1761247642635241
0.1889406708398312
0.18707714149851784
0.11095729560502345
0.14453390176206268
0.12494532446195972
0.13697224700315502
0.2077193550918288
0.13718253240579958
0.14673919515720613
0.20850519309839827
0.15101560819957457
0.027503836147471844
0.19846011965062463
0.21090420130397347
0.17211127730922343
0.15806659343844628
0.18607882107585658
0.24636552290225028
0.23355092094009278
0.1618568028653755
0.16105972622288986
0.18891409172665377
0.12835472177655696
0.2194307905729719
0.1359078963589302
0.1606421945452071
0.1648015967677638
0.09790192187531614
0.22190958667619048
0.15802733390150536
0.34856816092264764
0.1832921044535094
0.17718218619374163
0.23720461286923558
0.17429344424021714
0.14459218419442674
0.27104052762314884
0.209113845226399
0.2386272484997316
0.23884576299210514
0.19363760729356602
0.21976451626100177
0.31043184189538575
0.20369484440961802
0.22445885663922358
0.17603924144357716
0.18468716130962443
0.14016278721729242
0.06421810478651085
0.22795633932493042
0.18549819792696268
0.18709154664871913
0.1617099676955143
0.1793081909912866
0.19195741612635092
0.14504885460358147
0.1835995813275687
0.196782727425144
0.1481955845853235
0.22796724220593736
0.20888299359042467
0.15996384274494524
0.05011681573909238
0.2987338166070558
0.17494947755425982
0.1483890992820573
0.1859827096455799
0.18145996729901206
0.2599528022217856
0.24087444346400622
0.24065451946436345
0.19128631597125512
0.09529816585984201
0.1910540591225557
0.17137602332521246
0.12570957442989428
0.1354113751500927
0.10821445038172774
0.18119704378904336
0.19430141983989968
0.2031873959399739
0.18670561827102636
0.1604009569096163
0.13575308646844353
0.15089690985232035
0.17449337173688195
0.21642219359284487
0.18990370387465497
0.1268240250765031
0.20785170632524966
0.2529429648974541
0.15207491863248723
0.24367315450536642
0.14314472760276595
0.2557960683440364
0.24637239572980169
0.15286903061510992
0.20507690968312559
0.23122149435658357
0.23125340090686183
0.14916995243716075
0.21318926894076506
0.20482233796941685
0.21006472842676152
0.160682710061666
0.20179426749313153
0.2544571023923199
0.2863569503576972
0.1744268074988934
0.14142690268938307
0.2213887850909872
0.13890659849016807
0.14196750843282674
0.16620789722755672
0.2375501046381789
0.2321426380030301
0.1627119003635319
0.09890787127641924
0.22652216270333025
0.0901253441833112
0.146319181304208
0.12706738400706805
0.20994017807759685
0.20228952317009544
0.20164566282067437
0.11377166798073947
0.28497536412923585
0.15542873924667724
0.22686869546811866
0.1606228276026311
0.16192345013154658
0.17943576253216417
0.2169506524531589
0.21287884337434854
0.1964516817805817
0.10648036107304985
0.20566473255504236
0.18622470484153208
0.13660949113760681
0.17767280018830767
0.12995004069851135
0.19068293320399363
0.16941374256397743
0.267476579789687
0.19317750238862358
0.16094913655890314
0.20152693861313897
0.15541680485805584
0.14575920457549618
0.17257340744418576
0.14772434024905598
0.21961953888904762
0.18344406011033848
0.18157058395557507
0.2706951396466954
0.14947442448332215
0.18693545918072174
0.14510063612359608
0.22398856960491031
0.1645604782125629
0.22446252998712357
0.17259504800479525
0.13161823770110886
0.29488801051251773
0.16011433036616268
0.18128210064160746
0.19580882192972984
0.16253607303608378
0.23681841159371814
0.12422410941022122
0.15488706107111652
0.09188324653055303
0.17175567629881355
0.197531054125694
0.1736624633629037
0.1591625493910131
0.13904961639965
0.1381837353923207
0.19293823805658847
0.23590681185141316
0.19243470643724847
0.12248864173738586
0.17307107368971392
0.1433779713328373
0.18933262896062134
0.19785667493731152
0.2691631857983438
0.22613078479876286
0.10631867097308717
0.19680992466105438
0.15433181482330705
0.23897151818021775
0.2498553859968763
0.217989873536567
0.23588158206964951
0.11754513950662743
0.08648169550820622
0.27025064733680976
0.11912826694427953
0.23181716603075556
0.17320921241774762
0.1273293919225771
0.161922388531632
0.16073871358268835
0.17954232192395483
0.15422926830310943
0.22389358509735582
0.18466189435666938
0.22228200005794985
0.18509957443152533
0.16774921546268068
0.1596056417139711
0.1742024645979009
0.156856887813539
0.06928536439170907
0.20020415854557522
0.09587410695404593
0.152533681427765
0.22206026119983666
0.16917497445934984
0.19761278292067988
0.11669664112154667
0.17269419528243762
0.174989764199433
0.14816006666187584
0.24098327885729842
0.16719510042613997
0.16234980975960533
0.12489750431971602
0.2117157957865093
0.16982055048597283
0.14300339759681352
0.20160587453251627
0.21726854901189596
0.1416034845427278
0.24841456555481212
0.13970451077875576
0.19079221171993702
0.14140376984168473
0.08702334848754435
0.24729752794285348
0.13300692486351381
0.2650258866107904
0.3132598581347903
0.2288972323259446
0.1234142781094341
0.2654056318990978
0.11894217473705693
0.22780598963099158
0.05872007945095968
0.10198285441838759
0.1408900544230814
0.15217904917238495
0.14933481760678002
0.0997989565633331
0.1364996557587274
0.18446802147036417
0.23918132662202743
0.15877208973671614
0.19819725952620293
0.1624235446067695
0.16182652795464347
0.15180829002971485
0.16473304284266516
0.18049555903443848
0.10965337250267783
0.14385637368800464
0.2260435927628757
0.1370588271822295
0.21034028945181457
0.14092270732059545
0.1849746897404467
0.1261818040498779
0.13300253356613137
0.20015841690664768
0.16172253318425542
0.17258651327267946
0.20922106458811668
0.2490186429463429
0.22564011130447564
0.22399801915388148
0.19904636215125784
0.24847628290944374
0.11147039452524042
0.1664918970718734
0.2457571313264763
0.15242612048248913
0.12497591762963836
0.19982137425734559
0.2155298822531724
0.1358995618607722
0.12537446588521978
0.208604013283062
0.1363953929901926
0.16940281428571055
0.2621800059183744
0.14218270910457226
0.17233656303448955
0.12668907266048457
0.18797648600316397
0.19485456961114217
0.227955786414852
0.2537172457362205
0.18775428240721173
0.1246703022403032
0.19215125366759342
0.2725635474454947
0.20406808912854843
0.12912277779231862
0.07970497145948092
0.16780793435778443
0.19266927161826902
0.2525141148969396
0.24485137118664813
0.136548348713544
0.08391053826264595
0.19832463962114916
0.16080219098695514
0.22076607588855263
0.29138530737472146
0.2012028863810425
0.19950475570360865
0.19688619963607012
0.21536692189671977
0.10559937972413296
0.21521051507624808
0.20996230745375666
0.2235173377492177
0.2418642198486956
0.2490820700240295
0.19351249185761998
0.16371787730841875
0.06248460141218125
0.2224904925947991
0.1243157547953853
0.07443009556147376
0.18811772681687466
0.14510551716577996
0.20920615153835462
0.29399817899859265
0.20089708962511088
0.16246501732139584
0.20807380206348006
0.2077140905628218
0.15513831202670914
0.1585238274414373
0.21024967663797856
0.2394724852133782
0.20562489039558662
0.18181311239140557
0.19564068544405666
0.1263705123050178
0.10738399053290942
0.23161677207085066
0.11159068049253619
0.1652172681474358
0.25269262298702516
0.16648559809608748
0.2307824343866498
0.23245501952947048
0.2168876017565058
0.22114234333618893
0.17664920708227527
0.1485518531811368
0.24294524930289807
0.262712701633891
0.1855785050214238
0.16493960357318954
0.17192965856441605
0.19003262261538525
0.20642769854544823
0.1342890066750519
0.22835939553962825
0.1407193672696011
0.1939558157306154
0.12361436132650616
0.18164529920125894
0.1483350874629966
0.2043725435829547
0.1956233685959135
0.22540334950638724
0.09961042242500917
0.14976271937984947
0.1827616032324999
0.20443158867451916
0.18236534211983754
0.22959413083904778
0.26746042833431827
0.18451854386660466
0.21914934977177897
0.21162683223097983
0.1734718942508004
0.19241624777399713
0.24538097900062766
0.2508590433769329
0.14911049050933406
0.203910733427304
0.2340409245925574
0.22418292746283813
0.1056824928997504
0.1644264458576176
0.1587622306774525
0.19721295874472844
0.12128571726052466
0.23384190780392963
0.13594750193296523
0.1328993542972865
0.26800345673788534
0.20410005432963635
0.20307140533914267
0.23108837915575106
0.25057333461767967
0.1765948254223386
0.2230140196790563
0.1431649500990509
0.22943876204383354
0.07369957234675113
0.20130579114133026
0.27351400647259594
0.2830505527041665
0.14673338530649774
0.1750597173609918
0.19987771813943375
0.15523933259761036
0.164773298458111
0.13126977917648164
0.18448756912900657
0.1620022185552125
0.22832359406377084
0.08575394879635212
0.17442775642617875
0.08686974922043045
0.13850828061976478
0.24690121430401768
0.2599695072468879
0.20110881547062986
0.21737082799106905
0.2039286143678567
0.1916378659294714
0.16257043850676953
0.24721026370860885
0.15958931751779895
0.2366261709752529
0.13092804747194833
0.1393953855919418
0.18901514780044273
0.17571498395391189
0.2095831568750646
0.09690459026161445
0.21707851422087154
0.08870227882121895
0.18411515833663147
0.2039906693648011
0.2065592088203597
0.1836069702122075
0.2030418970600454
0.12053978883763192
0.2061359453714933
0.158043501178333
0.22472074772275216
0.18010653148067074
0.19598219814335285
0.1656783590882561
0.22222925181569533
0.21360053621679556
0.17890414577707103
0.2244595831456425
0.24770286322021667
0.17147186456350505
0.15957258720931694
0.13252477648364447
0.11673750745559804
0.1558053091259064
0.15717455339831202
0.20905091384697316
0.12852650568110008
0.10609975054778915
0.062408930889632314
0.12011721097865935
0.24840735806970216
0.23154429082512926
0.1544701122969111
0.14907739784005986
0.16118166153698119
0.1778876879275928
0.10087476564127684
0.21455939113095637
0.2654542678144963
0.1140042847163418
0.19504892653925066
0.17497490322698026
0.2314920451254203
0.07220524315521898
0.1948558980810167
0.08044095236721752
0.12020644864869748
0.2347284700673028
0.15782448317085182
0.3338426865925623
0.20343733058459126
0.17448420922299965
0.2104849257336289
0.16974259148528167
0.24346364707555607
0.19892003827728175
0.24833248496764188
0.16241039955210984
0.14449783049795994
0.12905687055586124
0.19770779016733395
0.1543871314200324
0.15191610584299675
0.16091791052755433
0.1431071109011866
0.1523696523583183
0.18669776533442212
0.11682980184303836
0.07386511122853878
0.16261167866351378
0.21121735532478506
0.17515027248237305
0.1502209476193971
0.15334721672941656
0.10718327484425662
0.19252263982868537
0.1346876344288797
0.15729914411250304
0.16323696707229357
0.21633458856567955
0.21592441176930657
0.22012174298142584
0.19623310686188583
0.17603575753592943
0.24816724772234616
0.2562930276839205
0.20079070489249143
0.1910158520805411
0.18535377983649487
0.14745627789162824
0.12068841631146152
0.19939594636080732
0.1300170986023412
0.12025217507258366
0.18740305241224253
0.2100200307247367
0.18516880357525456
0.19767198614053014
0.08255647797330169
0.21742370492848068
0.17270851171166607
0.11594375728319498
0.2287804975991528
0.21643969923211087
0.1271358197052763
0.2182144719233578
0.22180806766791397
0.13826104656753124
0.23107058150651869
0.1963501240549837
0.22705807816458076
0.25330424118036554
0.23077727561732334
0.2413290620035413
0.17993266262190555
0.16194633679820358
0.1856451405793748
0.1693207258543342
0.15397020183585344
0.21668910420408516
0.16286874565646803
0.17283173568042548
0.21853723500257854
0.17543106895725474
0.2193624604342694
0.25098298105794664
0.14911235679078208
0.23981708601149845
0.0697169350488993
0.27949827260755783
0.12422581387155476
0.19023115613920022
0.15720315616371305
0.18523942058898638
0.13087199490953616
0.12035101910421586
0.18705022139982255
0.16130471730163384
0.1588463601730663
0.16227349346916364
0.18597128101383759
0.12771868096026187
0.30132795110289257
0.2084001581870943
0.12936248875242295
0.17260020908164445
0.205815282429454
0.11967107378189334
0.27051554510026543
0.215480948735469
0.13839004873969732
0.15244294267931607
0.2309955529731826
0.1912756702289928
0.1960765418855289
0.23462292760147624
0.11358636582699828
0.212754823324163
0.24473319792799925
0.17842053668071958
0.2524569132568979
0.22198931615232806
0.20291875953012792
0.1393186835218685
0.1500764501485003
0.11767381225185083
0.1289853433691298
0.15173119667721352
0.12384199196717219
0.16535164674137637
0.13422926594455817
0.17486826723103577
0.14407071527554602
0.19357346310248613
0.2609975098308243
0.16472540114018341
0.22029686920929065
0.16534103822736762
0.15668970346473607
0.17892254111710507
0.18792418767667715
0.2087015843443014
0.15894553030856443
0.17148259361174037
0.18955496013361528
0.1570417134290135
0.22372809444380184
0.16075995167994306
0.15281438245130108
0.16097651720146966
0.24295002323010018
0.19812515573189116
0.13165785537900404
0.26108469271305934
0.12930380070194236
0.20107373950047228
0.19964958173721775
0.16512397769938544
0.21086701663799678
0.2104973732909169
0.11940907399414172
0.22609629738211628
0.13154017305217772
0.1427882845058485
0.16614071593629995
0.20377548107069854
0.12185432265244645
0.21029598207194042
0.28853280125964115
0.21668206599551937
0.24290162682506794
0.20417168496483318
0.24579933849447125
0.23160865499049732
0.1269631572072423
0.246434142532246
0.20633747135816405
0.13298936141478776
0.21834229822179882
0.1943728024399971
0.2022910799202233
0.1507552392157697
0.23152603972962632
0.25912981438687205
0.10762399766829732
0.2518955120276986
0.27531783813169186
0.15390734311775234
0.18104199342471056
0.12784173328184542
0.24598260944439232
0.2695871407648699
0.1697017063503823
0.1453319818985385
0.15793237297929574
0.158257538243774
0.182189737200919
0.15680776792883086
0.1633237297253233
0.2178451041938242
0.15577367460511857
0.1418165697463464
0.14885769501581345
0.10928728667693186
0.2401738007997377
0.11524807338414629
0.14525466833731654
0.18444865246879907
0.1678074030454014
0.22923842963033
0.14211033129815773
0.28823437303584626
0.1428978797281768
0.14895133180648754
0.1546638324225711
0.22192261931983165
0.0402700220574424
0.10308050277982196
0.18059108511996774
0.14924336400449062
0.12529084967927548
0.1896011931505089
0.19027035357821362
0.15774362235536651
0.2015403681888815
0.1462344836581676
0.2650931759174102
0.25396034011621926
0.21098595576481066
0.08598553666335693
0.20680089892854545
0.17006849213209
0.2070586377947609
0.2535714338028445
0.1961791116687041
0.19270687979424964
0.1771497817374669
0.1176882716829466
0.2170614726208579
0.26678381140541196
0.23541699263298685
0.22138486984198646
0.07230731164748956
0.11848753176030151
0.22645200340535288
0.18526471187963178
0.12336588586352062
0.1500804754971518
0.15601553851461603
0.32200619238849265
0.22891017087139476
0.16407509040083224
0.1424269546090446
0.196276236647538
0.09932626044287667
0.21459864283711358
0.16148037998678344
0.1955828627546994
0.17149573980032265
0.10670907221896699
0.1958405979165404
0.1636231202986956
0.21008237808819513
0.1410045502382094
0.24104420067155202
0.1569345323299104
0.18817614739444788
0.2200889326219631
0.2511847364949641
0.3174037310763398
0.24865118842030576
0.14442949846188505
0.20416012047080473
0.08031192099956624
0.2092769690879562
0.09859798665627303
0.12014029618925676
0.08431385656467372
0.2182819942598197
0.1579777572710176
0.1529578433355961
0.2008362012545088
0.12119942850996354
0.12239141125771971
0.1893999504064585
0.2491276049142448
0.2020337866640866
0.23124085545500378
0.08933376296287346
0.12900621941298454
0.21120424806450058
0.22895049760251418
0.17796132215875804
0.2113865049447055
0.221114588631366
0.13272277969244922
0.25867107053592203
0.13194929430132157
0.24835489955100862
0.10529849100186658
0.15048912314211274
0.16262867820833424
0.21027022478998353
0.21745963184901265
0.1419245611041189
0.22266140795698652
0.2040527899814221
0.17698620839013288
0.17918506896846437
0.19250484319463979
0.19219049467685873
0.20922314638079945
0.135953791481395
0.22537844751331096
0.1827276446371564
0.1669821317218142
0.20037345022068012
0.18129796005790294
0.15934867717237042
0.29034817257995627
0.10943226134937904
0.19779703951687047
0.1568965836329943
0.27223811867386605
0.20446822907922874
0.17761212428609968
0.1203677682849176
0.2344492879872572
0.16688310891372146
0.209129984217374
0.13285479414817927
0.15536695876027096
0.2430171967449291
0.18245082039866503
0.22951549695137446
0.19194722676085996
0.09513955543873474
0.15331958813695978
0.1687964827535272
0.2155722875211506
0.18672975006633138
0.1435972064852781
0.17594730210625298
0.22812329958988525
0.09279784678809248
0.16197914177477865
0.14148530595965822
0.1728184950050643
0.14972532162407942
0.1816713701472023
0.18776836106242706
0.1607357739310213
0.22319312802559538
0.18727957549217597
0.08069767590686885
0.2039853326270056
0.2186630458331881
0.2744696389586683
0.2265686852975027
0.04867656315791588
0.11862296366775377
0.2786664296431192
0.11735715261872538
0.07504225141313897
0.1918917663795583
0.1417430179794381
0.16314744039788542
0.17212796924502294
0.14324179597925363
0.2466132729461426
0.24082272196841067
0.18935414984654658
0.22075738637525155
0.17965351628857312
0.0814750684875961
0.3590798847046546
0.08830312260644037
0.0789059067981673
0.17052158149253696
0.16752242112464544
0.08389529350815844
0.24666243245303837
0.18879952350926973
0.18269971121442424
0.1270291367264775
0.15659751633515498
0.09585819724242386
0.2385732503447258
0.18550085503508928
0.13271117501396446
0.2519988528325985
0.19548844179808483
0.14532576061310643
0.12145917536693304
0.15032361895640595
0.21161040134260029
0.242442896669873
0.05054188231480902
0.13187248194600235
0.20036781448660268
0.1935794005153528
0.11290408942033817
0.13740799243288676
0.1785200018343669
0.14662169622500976
0.1048514033191039
0.18259653877200313
0.23249206972365735
0.1890696981800841
0.18933355175280547
0.17624278200213914
0.1865968353187374
0.29527450757979257
0.16273377776149575
0.2648715919711626
0.11227896799288324
0.2418096126616395
0.23743832840731927
0.14272970181703099
0.1388352556545001
0.14089252374303676
0.20225846325978494
0.10887202321216712
0.09875298141164765
0.18304285547404903
0.13376183741969017
0.15257029744292563
0.20124910003829333
0.2246142134439546
0.1924670398532416
0.2042131682823059
0.2730877494784928
0.12765939059046322
0.20987048917390916
0.19451284205142816
0.2097103424325405
0.10521270848675711
0.15069176105265508
0.17783953028002578
0.26078424649963877
0.17257964350652683
0.21144136352700826
0.24111335086854693
0.21629539260856068
0.2050953624835309
0.20888527834667941
0.19240669212334022
0.1762804246738423
0.19807628286457107
0.12426787523270724
0.1504049660550386
0.18791932674075773
0.21984428628374228
0.20010324119463233
0.2536211439619609
0.28286645264688753
0.20588531872448956
0.09532282557523253
0.1491117345914121
0.22595309130458696
0.12064064657114276
0.16619983367349314
0.1480061258553995
0.15142925871710228
0.24811062944934925
0.23142457924522203
0.15439433664341293
0.20459796407367797
0.1324564837663738
0.18399500658616577
0.16336323118263177
0.16381397326565192
0.20860262486603065
0.15572958944206095
0.23181567586230023
0.243396516067061
0.1458790253659988
0.20348871445182676
0.25831882082038565
0.2369726744618693
0.22460421016658
0.21637476985845633
0.19217994985359033
0.1416649162577992
0.15917468049557598
0.17055679382544367
0.19493823576162442
0.23844904923672292
0.19303153914885043
0.07333055476119987
0.15894276667308088
0.13031342197884466
0.14548718233573393
0.19400782210638937
0.18651253326303965
0.1207321291884923
0.06385415078713386
0.16093582883199073
0.1912338153612151
0.2142015043275417
0.21165555019485974
0.11059008301741559
0.08867830248622682
0.1670476774407671
0.10028066333725952
0.2700971062867965
0.17102439152639476
0.12655870374140107
0.19167797206196682
0.257249626184227
0.26739577447168045
0.17242810468241623
0.23240610282786067
0.16502227180485118
0.2252460897795615
0.19528397796974584
0.19573157238526556
0.18616268925376378
0.16720529180343546
0.17403975636572347
0.1376888044462161
0.0997571691099966
0.2089713250131871
0.19017304011206504
0.1362872882252217
0.2059393790963587
0.17888527508652988
0.286053793103559
0.18796922603133304
0.17717527753720008
0.12078967593767495
0.1441549287208995
0.23265774011252696
0.19206835095268474
0.24510367541136135
0.16310450385721054
0.22372549530646574
0.10810695169585734
0.1120348095371146
0.1876352708438379
0.2304785472378633
0.1995970132214876
0.28956841334475425
0.1957331170430951
0.19636675753032173
0.12508506474434805
0.18549196185988182
0.0822456582750637
0.2094832056109011
0.11209448261954838
0.1605785374250273
0.22661685775399554
0.21126670334431347
0.12997854097104947
0.17384369398661634
0.24049415801452134
0.17163421107796398
0.16999172955048744
0.16084949526281872
0.2010467087964655
0.15020526772504694
0.22481178684437494
0.20033414119185364
0.15848208210465597
0.14864667949465807
0.1399080626219797
0.159575877563423
0.21555475768458132
0.16043306979384936
0.13820178264274485
0.26021837097098727
0.31246372426985847
0.25174228033498813
0.23355443279449395
0.21162199824339534
0.1990742436187804
0.19490937442916265
0.22200790012323107
0.18490448326097653
0.30831468826376135
0.13106457643859146
0.12733420775491083
0.12835097598922593
0.010560182730174755
0.11629965644826484
0.1301300615160636
0.21174831349858833
0.25940934115877523
0.1302260237829972
0.20081136621805207
0.10838279973773494
0.18251417563833866
0.2329198071408777
0.19990088753135404
0.26128777512413676
0.2556836133205723
0.21769651147201569
0.14729631990577355
0.045463392935199215
0.09658492202575497
0.20520552958643787
0.19795880107746683
0.10646497072103474
0.17820176748137082
0.16890746151315805
0.11876654419359567
0.2848171503157083
0.14883529268283666
0.2092398935566022
0.14855965182350245
0.18889435723778203
0.12163965508027919
0.18079985764166406
0.2362231854330477
0.10557717249493402
0.2557659097396886
0.23187114910368017
0.1635342266402266
0.24872116515982307
0.164288587125971
0.09121457430936647
0.1831788052688632
0.227825558436501
0.21390828004006004
0.23716237127904227
0.0666252504226582
0.07525923542108759
0.2131136454628508
0.19363201022084095
0.1913847084425666
0.19266943967910563
0.26400285836150217
0.17840376315575662
0.15740336633589114
0.1540332954118187
0.17808825921277616
0.21373515272603352
0.14872549224707515
0.1925945179128864
0.17884345854114278
0.13122736806987575
0.19122809072624666
0.17798310221196667
0.08985731426626078
0.21091247574733485
0.276184431706346
0.12658649239179762
0.23079371116917724
0.2035265987929474
0.19631403677084797
0.15419776933552698
0.14212592520626482
0.13653092884400353
0.11319179868870687
0.18679593810925624
0.13208453323906627
0.22461022006642592
0.18292001048453305
0.12136504703223482
0.18548981761815292
0.16189220730854403
0.2530658395566883
0.08650425636693145
0.10962952844305103
0.106416667380409
0.17463662518302586
0.23230228928764077
0.153256548277545
0.2567442547663784
0.17241928115206276
0.26173630491357747
0.14871643228784515
0.2050854683703124
0.22110342109827932
0.2422439799132806
0.2545814990775571
0.22816282055004322
0.20119121865272607
0.1892059357966414
0.3104084034056925
0.25086974068633333
0.16850586799928474
0.2218206599881272
0.21818904251697463
0.19698662284602483
0.17679532509331433
0.1560006597844971
0.1992958192066692
0.12645431304462268
0.16273793323536642
0.15188915017390836
0.21620432306220128
0.17677697772550557
0.23022555773533696
0.16506042089302292
0.18262251961273265
0.13909383481554843
0.08759242440250115
0.10104077311436777
0.14366024581114775
0.19504190606395738
0.19214840947187323
0.17292085666124138
0.2456961348443384
0.23512947625467073
0.20033861912581727
0.18913728741536806
0.21238392323288519
0.17945416421558522
0.1380519588400737
0.1398126021937963
0.16636071672037722
0.24508307595713494
0.2277932849929278
0.1742254986521441
0.13123960357042486
0.2627164618410983
0.17574078417412378
0.24584524698730595
0.1344428743030733
0.18993323749491214
0.12566252990866852
0.24511833792645082
0.16052963698874362
0.1672303078106945
0.16025905439662924
0.19441573830341644
0.2093081662310963
0.16749458409590742
0.12377481861423172
0.14064749259167544
0.21011250616566543
0.21027086647509896
0.15614441738626827
0.12567130270704277
0.26546362001377294
0.2269190697155323
0.08171657903168184
0.13512751141223753
0.09902379664470987
0.2062438378509981
0.20363668298884363
0.1114234762832238
0.19011085073161058
0.2542516615313671
0.12088153561189871
0.20787784721567473
0.24549368855953158
0.1443751247228925
0.20475473147134354
0.20768156708506075
0.15851442667929047
0.1661843787214213
0.22300707785554627
0.12301568901535351
0.1448814761031199
0.21867497806965483
0.22343293207909407
0.1579079329931295
0.20582914136024083
0.1634958385136988
0.19490380451436667
0.18714841302057247
0.15086966360081278
0.18993328176537047
0.25309325941190725
0.16102463548653967
0.2889930367034407
0.2628215186633727
0.13916502964088717
0.17208327666790624
0.12080598585316471
0.2822353694572216
0.14597155055937855
0.10626595636115435
0.20618556033477314
0.11315483615238295
0.14673393240975136
0.11952322703802318
0.2100625883657915
0.19979929161444976
0.11452424375692487
0.13940871327131174
0.2252682965019041
0.20672899237153494
0.17528251321476282
0.1650812433807001
0.1297527696236516
0.23996463177324048
0.22768348093946927
0.13634375369281
0.16935600521123667
0.1386838370995601
0.20018701057734548
0.176046719345989
0.15586401247230194
0.186016592559062
0.1301749518508293
0.2781569719817346
0.1733999994606837
0.17343510973235424
0.20421441422891948
0.1862879717358747
0.22732576747131214
0.1964579032766562
0.17056869991747498
0.21963831513037135
0.16408323333689276
0.18949814233907958
0.13786776027951603
0.27959685462625816
0.2743497162828465
0.14076816404126463
0.17838380502942341
0.21273169573212608
0.1753863327222552
0.22941840391111595
0.09346198567953713
0.1886409042717451
0.19027918703489247
0.20160333589787321
0.17400035039266784
0.1564076222485495
0.14879143533817385
0.23531414798108666
0.282849223437686
0.0923988434001266
0.24145137062214833
0.12760571355858608
0.10012837313500345
0.15371294876226055
0.20812335860922457
0.25807911980968706
0.17310023468235944
0.2273076998670074
0.2019672612609443
0.1401303541282842
0.09615086703007378
0.09576067174807315
0.24238630582216625
0.18397239719577912
0.20921649763319308
0.05970654428650567
0.1814462553006117
0.16379407588233855
0.14909988343455097
0.1520198429580398
0.1759422194206816
0.26946034198505114
0.2300219038008782
0.21306484500757694
0.1669551210973673
0.16219737180772972
0.09708321272046605
0.15132495919754008
0.204555374353293
0.19284235774852967
0.1294325805353438
0.1740395952711849
0.2562722357123598
0.1493635333507926
0.2504116669619524
0.2338124943939892
0.25615287661068487
0.15322333668052052
0.12827616528111088
0.18307891137732132
0.10397712681697324
0.1512239770686595
0.1397451339838287
0.10288467209816546
0.11851055721780307
0.2519234869947565
0.26535213607351044
0.18341260257340833
0.18309846696716478
0.25372641904368975
0.3275915133513545
0.23010396922664536
0.17488199535230506
0.2219935481227308
0.16625290972245663
0.1651419763599719
0.22673829956866665
0.13835648716304588
0.07391609666414647
0.15348386136514655
0.2083058301545062
0.21015691030634107
0.23923911817922178
0.11287286808034999
0.1949102229707439
0.176222436138599
0.10927716825992226
0.2124065621128247
0.107805204261207
0.20163742838103987
0.19008163563702882
0.29729316738229855
0.14575714055437933
0.21736446443917717
0.17736903551364838
0.20816999356441632
0.07089528962416598
0.1828443139447439
0.056390443411668864
0.21402026438727836
0.23810616602106743
0.21110374524990255
0.17190330963440156
0.14401519414504568
0.23389540777116197
0.21330485991583298
0.03796926485186314
0.21708167563679517
0.18948592601266542
0.14871278146620487
0.2026154929016218
0.11519437161713016
0.20711410032471164
0.21632865754789782
0.12072196391475862
0.058714601053748594
0.17762029004328508
0.19220291630690844
0.2042844022270766
0.06555771660219044
0.2126630888677527
0.1889752962617765
0.15332464240169474
0.11129660931399425
0.13679382035240129
0.1922592652714735
0.17662922333143763
0.1439420164303042
0.2917837583529157
0.21016436175008357
0.14270616933011876
0.18252669097170002
0.17621780810246213
0.18655455324940973
0.07913148272818603
0.18903702621021615
0.15881219438194827
0.20363917158136133
0.20456868317586052
0.1925480933795522
0.20404650119732848
0.20549432521617733
0.16698897340478272
0.15184275545019466
0.15853896886400823
0.1945429924327135
0.21578077736748236
0.17842811125727462
0.1772141109388454
0.1898130598865742
0.23290919976073002
0.08628912728144753
0.16563229992013967
0.17134546608231785
0.12384543768654438
0.286790223458132
0.21726914677104417
0.15547378529016687
0.10849617254086427
0.23445965430151347
0.17529689348310284
0.1121546331114976
0.17583832508917302
0.1903562375092926
0.19486322421295554
0.19584771238410298
0.20343681757277515
0.21914784809664958
0.1699986342441068
0.18448657300443244
0.07231880914502223
0.22210086188017955
0.24818392565113367
0.18705860993646917
0.17191177860025036
0.1773539815852831
0.16531845072814816
0.1529593215276407
0.1312898012082455
0.18934418254871221
0.23913600072807847
0.18000447134004607
0.06544331519656113
0.13282210023559352
0.12802041949561546
0.09553112292737878
0.11829014440245937
0.24292498583398997
0.0986615597893815
0.1515824172613136
0.13569036560035902
0.1980324790626334
0.11261642109430066
0.2120366688972653
0.09807293995414643
0.12848080039832163
0.18194432036550795
0.23047207560150812
0.14941889335210617
0.0706827178804309
0.15073205086818847
0.15034329802207508
0.10989051501143517
0.19114048035505674
0.1622764293775962
0.20477981169080234
0.1631957223931988
0.23740858109577145
0.1838439560735894
0.26150673030270644
0.21878151440682447
0.1749206801874105
0.250975698247733
0.06219450263678426
0.13750888985719345
0.15148871832171681
0.03493289547828035
0.1760853654154445
0.08829173577078175
0.21466033725654218
0.20403142402498617
0.2503616812553403
0.1982822400697786
0.15362986592557437
0.23615872343192407
0.2356069195646962
0.16161017273296596
0.1211923406877452
0.15106822899813824
0.2635966424969251
0.19179848705082056
0.20816254803131795
0.17979425441798816
0.11449107627382206
0.1746906842406532
0.13945373767371216
0.15809566889535354
0.2736845033793466
0.0957835542476634
0.2799076871238083
0.1496470026858127
0.1301052036601958
0.15491521795048696
0.2201290831922151
0.19867666245182547
0.17353563536419345
0.16856914082451468
0.18555531741670028
0.16432309627712655
0.17451259821546986
0.198391416595764
0.2809409654220695
0.08103472763412836
0.23338382578902378
0.19457902422663964
0.1623612402944281
0.18269430409887832
0.24670815436829002
0.23509139656580783
0.22668889675557322
0.17665750199558022
0.20901003273147029
0.23366296223807181
0.17744778528290625
0.17296840488618873
0.14653470614730912
0.16110517476378708
0.1693780007365264
0.14220388530971662
0.18582409111362347
0.09844594111840572
0.15134537805479634
0.3149018428740521
0.17086922341339358
0.11663689656959798
0.21783389468389724
0.2517002673884885
0.17745149088358209
0.18082608508551062
0.29028482321789595
0.09728719313415583
0.1577360977928437
0.20509069014040088
0.19318670504504953
0.21487188024367074
0.12626750470117798
0.23910832773166701
0.17201533191358515
0.25302070220065104
0.16181218981079803
0.2363531437509892
0.1958370957035633
0.19221782586293415
0.18941466498074017
0.1981067170305549
0.14901224175929967
0.11481549251500742
0.21298999394087992
0.23420314253590313
0.10475791745363
0.19760175442643468
0.16750931717012393
0.22720602777116927
0.11717559896208188
0.16023958637117244
0.20749120996742143
0.2504962947257569
0.18803860283840376
0.29168218287509473
0.2317037018027825
0.17925040432736863
0.10063720049296497
0.07533079363373892
0.1961879085090429
0.1890161742645956
0.19464083037217927
0.21015917067779358
0.1257970298590555
0.29162833558886997
0.21444715916537052
0.22784623139686086
0.2017565133271485
0.1253021261943636
0.07259610903025099
0.18817683426603304
0.27052229146459705
0.1815923093812749
0.1706603061407183
0.11135312301828161
0.15826932254308487
0.17275187074008508
0.15187242055088404
0.19485631304911713
0.14978121796291272
0.2159014979090197
0.2670129393488092
0.2601522469862102
0.1863034558214164
0.17137686413505682
0.1741018113488149
0.15413932649714812
0.21217147808008915
0.14093809369511717
0.33069503246539833
0.26823984813938506
0.19727138344153136
0.2237027046089574
0.2834958905826242
0.23904049499138813
0.2039909509667566
0.13062888703084968
0.2707646474313875
0.18026962328777504
0.15569453995124305
0.27363953286978
0.209050960735332
0.046347287094219536
0.18462354165855505
0.13583497707031444
0.2696836600789686
0.16752416783703147
0.14708262636363295
0.19292421213732375
0.18570580378043697
0.1869776922511661
0.22396923146586287
0.25365635204876347
0.11709272169409084
0.2493538615435249
0.24642252585528152
0.18163158960492326
0.1819160306063178
0.19864054440819062
0.24146523736343742
0.10898771425738572
0.18957170741058788
0.12510607763846543
0.10561349861486609
0.11585362028357714
0.16279071982886842
0.26185883001086135
0.16225462988946812
0.1571405558138563
0.2012407376896469
0.1735310671189406
0.06875086248841017
0.21402422113899877
0.20809906389398472
0.2660977527944422
0.10902913203644825
0.10733606809251167
0.14981771749574851
0.21297102904891096
0.20276225190539096
0.1482888319768494
0.18882363975427738
0.2338077794744033
0.12614422370978176
0.217180792767796
0.09204830884517606
0.2156130714623849
0.1727275326843903
0.17022602255527963
0.11960647989825611
0.18823375596883213
0.23744749287899616
0.12913823820912332
0.1614443703698487
0.2092890811919377
0.1628430152381204
0.2567494193211159
0.14829443421545158
0.09281028051208692
0.06301792216996367
0.2044692662528983
0.2131829861468337
0.19767883590186552
0.22384776883606852
0.12434626356615347
0.16782517500273797
0.2224739880138067
0.13657773194548187
0.3177300905781453
0.1372026936224693
0.20924470432103184
0.25847957753197404
0.21556421083047303
0.1730926733516687
0.20934897039710249
0.16540345978346713
0.11584490742203164
0.23313654318500662
0.16390132377969785
0.14055459491097522
0.22345632327337078
0.1045732905323245
0.2134189399953826
0.14440804921064912
0.21148066471480698
0.21632632372371793
0.09207144186437077
0.1251303887413997
0.16266964076244247
0.07209193087279958
0.20169127530170333
0.11210486113032432
0.14143118096811597
0.23791371432585262
0.20893332812750176
0.10907552344735393
0.13189987303192552
0.13351615922843674
0.13468724159247594
0.138170738629758
0.13234431898319438
0.1227664764568599
0.2486021777047418
0.2956065428969099
0.18962697251911836
0.19359374209099536
0.1748355175715205
0.16497811071662283
0.2519284497420331
0.18147782746596305
0.16125900093765425
0.07458899756166437
0.12247026505926431
0.20990160621306977
0.19688054210047418
0.16026391074602378
0.24871624413924343
0.1494864917168518
0.07317989288041181
0.18110646713400738
0.14954094152595454
0.20950777870730874
0.14189593812060133
0.14065270219617348
0.1729336320409792
0.1522229983139072
0.2086197307404994
0.1476992445998737
0.23297554571981327
0.13075471160719948
0.19547033233806202
0.11408450409705125
0.2050311374898666
0.13386496956953164
0.14398982704219748
0.18604620758881
0.15892973359696744
0.16250898422137403
0.07437822631210987
0.1711675554459033
0.12985058834196353
0.16274870769051647
0.1345503011074687
0.2013587042402633
0.25585850517916975
0.14530439348783913
0.22466922603676653
0.11758108636877446
0.22598867685912893
0.15995022903202394
0.2557352214201603
0.1580692149625808
0.18649085894533787
0.16516102421642462
0.12805272910877655
0.14730498530846892
0.1140590291022104
0.1902481961357895
0.2434501610712282
0.2070590937972121
0.20550676624951103
0.21347049573598678
0.2626484148781217
0.21538778049373286
0.18775916344919336
0.18638860586154707
0.14145957893650163
0.06873127988639037
0.12555481184784523
0.2556666065743624
0.09001149725433984
0.23448108208057244
0.191768346447342
0.16200485440407894
0.21950948455369604
0.2304429843929165
0.15956776662944985
0.18274822319862094
0.28420771105758547
0.19488671710543637
0.15224544669954226
0.12297119289553951
0.17162583581562316
0.12522086250275932
0.14083160652723317
0.14712155342785174
0.22257597710455676
0.19684152733217392
0.14793140569957816
0.11891729585814764
0.25779443091152054
0.1911664945206167
0.11174050962206335
0.14161352794340074
0.217907017239828
0.1029167363530945
0.19402254299139826
0.17772133121092462
0.1772881608255446
0.05133014332034955
0.10415739169303244
0.2635798097729766
0.10192605789942778
0.26102447477654633
0.21913109641892345
0.08753337423211761
0.12488233868011087
0.176623791718943
0.13622843937263213
0.2407049168477295
0.15475899514957492
0.1590602941552656
0.17370628096429336
0.04663899548390518
0.2102316525871733
0.07673705985378015
0.24384418912008304
0.15881613391895516
0.17251806718264928
0.28133806433075037
0.18205070759393133
0.1818394551052338
0.28397014191751013
0.1757045425113422
0.21500113839309692
0.18101774621723
0.2284465828844568
0.15594868280739368
0.2602160934147306
0.15043078297042148
0.1436855672740221
0.21681799210748337
0.22984100374396138
0.1425220324359749
0.1811262404488091
0.10598306051663503
0.164378595295074
0.10100656913764176
0.248139371175491
0.09354682026491101
0.1677216265799132
0.22482128932503936
0.23009291443631255
0.15439025071495127
0.16211042422244326
0.15117794187820438
0.11236518608608602
0.17851297476640388
0.2101076752593924
0.23211822201464574
0.2846367523050811
0.19246014517960347
0.1668109287638105
0.2294607865024117
0.1703556762683699
0.21204661496224234
0.21632000173706017
0.22281716165133578
0.2052754277204428
0.16614561212365556
0.22786692085395113
0.3179415265399146
0.20918039329580604
0.145765931138986
0.19242498902682154
0.16605286416052772
0.13184812916632854
0.19751399818789003
0.21329750635140474
0.16809632684830686
0.16738981284405602
0.16695816489849216
0.19763557113811678
0.15908251531420683
0.2593292017029472
0.10240109681461707
0.2204756789900508
0.1943465880716717
0.16123643482572328
0.20155195439433604
0.11566484882916227
0.16831828104862676
0.08099954346497867
0.16117839118958063
0.14324473367773666
0.21846090430112183
0.16912861151436032
0.15782826192077334
0.2313653955585715
0.19105712723589158
0.27330664080863953
0.1735839270741438
0.21075368829571217
0.14867845734154284
0.21229077991383277
0.13418321342443362
0.13913429697323523
0.25055033384944236
0.2408602083463895
0.1362760017427672
0.19973688791995545
0.17734339763595328
0.2554476790532311
0.16798028132710596
0.050870441121175086
0.22942572722401403
0.16105497465477242
0.19492029057712223
0.1853536057564091
0.24174057483401318
0.20703582758199987
0.09363488257898836
0.2568764911246719
0.10088354580810754
0.17782729343773945
0.20898443889427187
0.15547679948758375
0.17676698183853534
0.12391090667353935
0.12361234264254342
0.07343447860330032
0.09546500913536701
0.1125616526138249
0.23103446436317193
0.07458515255055947
0.1823280560618697
0.16554207265106624
0.17570104904323344
0.1485855879838686
0.2104020104970345
0.2799533974577503
0.09844889934022857
0.20134232607135752
0.2178544982585155
0.2331568830294209
0.22308937276768206
0.26045047743182664
0.11979997234611844
0.16764099196800406
0.17775889876472675
0.2724743620675289
0.2534174637108241
0.17495465164901933
0.1767387110263693
0.1397932579638282
0.24587019222257847
0.21439374054668006
0.14225731329365318
0.19121958436032488
0.12774146048725027
0.24819689505642384
0.16009800775242933
0.22413027727029738
0.18889865864883257
0.19002653186659887
0.07172147082643104
0.20750458339557162
0.1721831421036665
0.12704608984198462
0.1495720565852228
0.15880924045685338
0.15234882530882335
0.2273906237718461
0.21731769352465297
0.1964816898030169
0.17029867119014305
0.15657113569167835
0.26749186028455624
0.1768368256757528
0.30211275513480434
0.15580186135434265
0.1287463977031844
0.13372026785709862
0.24526785464402143
0.20750152525781257
0.12171221734942758
0.158049087757688
0.22461294906982823
0.2167987590671687
0.1975324991436811
0.23748263908485384
0.22001123985477003
0.21021183539969074
0.18230517725871326
0.20972707210434402
0.11870187074520597
0.10081448967975157
0.0916931085012563
0.22392053957548785
0.12831345395167076
0.25534693077065934
0.24645569715662802
0.19295919363664388
0.10397061859159307
0.2185795261463161
0.1279133028022012
0.12885518372294374
0.10836519399095167
0.18712586557816652
0.12456269454939004
0.15827305936163164
0.2037573153117011
0.15160952687462656
0.2567565076534141
0.21147880016288864
0.2452069181588003
0.13418864467014138
0.2435680551961328
0.1978408368044237
0.22597477380191036
0.11440475217565133
0.2107606664572673
0.14767556224170345
0.1672184480736691
0.2430742612270691
0.0934144777011887
0.2453500434025263
0.13938699588704295
0.2708830702908311
0.20973279368933695
0.10176825910717587
0.1911170332066632
0.17451264363911495
0.20126562397102704
0.20306924741945567
0.19694753653598887
0.15150873518380048
0.12963297885255914
0.2005587019007865
0.2004615395031612
0.16683917734951195
0.21004734037797917
0.14789328805611884
0.11512889021219154
0.20949786511354496
0.18908769456187668
0.11519490177216997
0.21013329346035536
0.2920409387224882
0.20598589045795845
0.098416388811569
0.1841863929833331
0.20598834655208936
0.2996509038092747
0.20383089278971564
0.15345212103838607
0.16992558064180432
0.11998999449469575
0.23920830973528115
0.2400112734820974
0.11294126261043913
0.16435264146996512
0.14458638639831226
0.14131284818640655
0.07811718108947477
0.22015857687362547
0.16824999298117513
0.19342867823608956
0.21574801022901147
0.20433743582852093
0.17756133445826952
0.2878399571933604
0.28066422836377386
0.1347284250007841
0.20310472369314939
0.18661736481969127
0.22769747211397487
0.20951618204280864
0.10434992515293434
0.1213808344692717
0.2419206467205104
0.23520162657370322
0.16402293966143464
0.1573197426159244
0.17806419433325477
0.19928974351101456
0.22613310775306883
0.1770288523735722
0.18994321267599917
0.16898814785619434
0.13102410452839414
0.23761080398374568
0.2075388298112548
0.06998438295105523
0.37106222890607365
0.19079155629853214
0.1941345029213735
0.14528152109265646
0.16014292938224084
0.058024204187485426
0.18529510215055683
0.24612141210363475
0.13773174362360285
0.15607171495205102
0.2456608166515692
0.1415356274148185
0.1263243740535186
0.1359096565345427
0.17466660131598818
0.19313561171321017
0.20833789744683479
0.2235613868405687
0.21106927137671463
0.17833992272153765
0.1137490013826816
0.14494180588047073
0.18872807395071176
0.1627536735709265
0.17123093806533896
0.19639442975248714
0.15372497518820644
0.12278212241708653
0.29665578160903644
0.2357292039129284
0.17609342777795606
0.17648934029592586
0.2313930469304404
0.23174930449004288
0.1783397224375091
0.17433336875896446
0.14348591032926855
0.07628281204363069
0.1997709916941356
0.15862880569907287
0.25766545812676106
0.16025815526421103
0.19080454944007524
0.19861223707313827
0.15453523070313696
0.1259012023918798
0.1744309413890692
0.1398935184496979
0.11519199037992768
0.1650151098743585
0.1943731896323169
0.2227772063219233
0.19647637840295545
0.1981840561172567
0.11552344629222713
0.13105758231557327
0.04171522866986985
0.27528523308867736
0.2275063059598949
0.14699177563060306
0.14482011050652172
0.22426861692321565
0.1577949689041665
0.14545725619015049
0.09331858720545735
0.2562227706013534
0.1650381035392164
0.19049183491706675
0.17407756255035517
0.18401007673874603
0.2758111442467045
0.1924200706788325
0.1954384741218068
0.20714287589557798
0.2701766450944335
0.21477029657655766
0.20027807767500144
0.2162153144612516
0.2558415119957157
0.12838028278702007
0.12059263660412181
0.07011516936474867
0.17375984912409495
0.2249334634544543
0.20748896247565923
0.2194222343272174
0.23603844676574318
0.1361583331727215
0.14713351667706662
0.18058877668336154
0.2137273596082694
0.27039658171159453
0.1311595987969836
0.23415184454144994
0.19933720229438961
0.17650194211000936
0.15801135854535553
0.28005876553779013
0.22664633023084438
0.21925931686446049
0.19904958950000773
0.1102658320130135
0.14138291121784546
0.15006147871195644
0.18733894004547916
0.1807616649696313
0.24150079050579729
0.12445767171273567
0.199701997374658
0.20116247869765908
0.20049051305223267
0.10234082011380707
0.15749930953999136
0.049262408960022985
0.20072840335766262
0.16433575522923263
0.22719045684503997
0.2344321141633176
0.16618095342010583
0.26830811352999695
0.15588716925433357
0.15777764778448117
0.27016081222014743
0.18727470739372926
0.20814885532428656
0.18510531941300512
0.22914184320166914
0.18879747470358924
0.16049187712911397
0.22091012975491958
0.19659503406314682
0.24381689249020647
0.22482969663198715
0.1757058504453269
0.101853080432236
0.16846888666481385
0.17097248516676328
0.19353928935183332
0.2412798129081543
0.2068053627643318
0.2703631259481298
0.24578945225951526
0.18514745856045892
0.17083263148514335
0.1585181748535442
0.15495805718618416
0.07863660153830794
0.11646565166055713
0.2175997671717645
0.18124259276674565
0.19059675212012944
0.12950799941028085
0.09469198029720025
0.15210928882765756
0.20803825058248027
0.23505870500623785
0.21344627978487016
0.16509166079565474
0.21172849446033473
0.10022821315065206
0.19118690284454162
0.26974157919168107
0.1407662505988745
0.21043063093457726
0.16593847217793725
0.25596323108851765
0.17901569870410639
0.1426773519138274
0.13868119626262182
0.10732958607223478
0.18967630420074175
0.20821304352089404
0.20201526058823543
0.1637047881192134
0.1522625704717747
0.1939653300473403
0.14969781364625281
0.21100247404132463
0.17713038413777274
0.2289252814386026
0.19792049446727353
0.11588351551484717
0.1940629167566843
0.0639566720103135
0.14598002636042193
0.2361827340681495
0.2224106400768367
0.21124925635938582
0.26540172478823887
0.30625191566645993
0.21240521755163766
0.14343650827985246
0.17311549936077877
0.2039577948862649
0.17162907526069598
0.11599765960947102
0.3025597022932609
0.11335718200116869
0.18848531104112984
0.11469313384677657
0.18027913749494742
0.2621286425847199
0.06566410259625866
0.20430689375355354
0.17128788942152212
0.1624854526198273
0.26457816071588147
0.14856417529472987
0.12803778021606502
0.17664074199001797
0.1657259438452101
0.15940141003046834
0.16328683517637216
0.19203374260903291
0.19066295695237861
0.20185351431310497
0.1370121508306529
0.23528182763657712
0.1925008267929694
0.17904473087872472
0.11691719980137925
0.255361879259853
0.13566447105801457
0.08488170767553267
0.20962124360888174
0.14930151208686013
0.10822969629220637
0.10932670832499831
0.18927819589902253
0.16148765322786235
0.2241788952451057
0.12431272570587668
0.20075716713057845
0.1750602268560795
0.12128978613425731
0.16311295832454925
0.27441030152949525
0.14179631777000465
0.19921333046579998
0.10842103042450207
0.14510246272427813
0.14228405053544418
0.2224834842367424
0.17760643345564653
0.17045312077499097
0.23808112382368887
0.1555679056319065
0.15394988240392846
0.24705672906295678
0.19515293730454847
0.15277586217297418
0.19792208182102305
0.1710151834015768
0.15284269845926937
0.1522071628138179
0.18848552219153641
0.17451664579266848
0.35437463065851543
0.1322297677849204
0.1231967087718576
0.2270557676949133
0.12500343513204698
0.11329643527872799
0.12175540637761467
0.13303526688778083
0.1826571206684365
0.2617689569800397
0.07227729250031584
0.07855272909221533
0.15100850379176295
0.16979739168972513
0.1388757873449965
0.12722878832144938
0.14241042007032306
0.14307967153231815
0.19705025558745248
0.2817155922768345
0.147445175380149
0.14514395657935072
0.14939199127263483
0.15745824257332125
0.1783816535319419
0.13733347922949984
0.2284338668239249
0.2398902815012345
0.19031132923933716
0.12808214512931798
0.2133603694431323
0.1281513284549053
0.10438886381559331
0.09024902497442112
0.15734640846309467
0.24693017247681978
0.1721044341146053
0.2302288858917329
0.1999987885447053
0.22047632118383687
0.17158789124084184
0.18023420576352348
0.25941607960610036
0.12449424142459006
0.1342817644998046
0.1911564442169876
0.18380979536266145
0.14955032798296364
0.12897558036711765
0.20377200061493914
0.2034841139017808
0.15689909435750615
0.15451945134276582
0.2261419311554427
0.22489877690903984
0.16125130368388857
0.28862855665950066
0.15108714987789024
0.1352726586003508
0.16893810631081202
0.19446406970210756
0.18756846680946335
0.13194107168395303
0.18356362352771124
0.13351619882964244
0.24715008577083358
0.2139108762539938
0.29475422583778255
0.2406476540353758
0.24632360618784546
0.2669452281152331
0.15733685737280687
0.23768244404759536
0.24665736921478595
0.1482424826493297
0.1722585311590374
0.16332256103939943
0.27256666204884045
0.11407586798629753
0.17088672587884426
0.1192962895385426
0.2073934745054545
0.21404741282486625
0.19335993976295027
0.2637625206338502
0.16528485900317486
0.11407762746751898
0.12308809629691196
0.1683513667308916
0.1838245274517716
0.18654268770339466
0.26829386762096924
0.10052577165001099
0.15680568935934744
0.16373188506044634
0.2827838016316662
0.10053386764222205
0.18327728953999414
0.21503828478854226
0.0466530696470617
0.2323648123133325
0.19774675144907763
0.2796452285045419
0.19904544254950213
0.2603846196444895
0.1854868004883193
0.21296894911406025
0.17777346166673502
0.12527400524257337
0.17590980780438456
0.14451955827111437
0.20545239994789377
0.08282790173559876
0.15927548427377652
0.16844945877156092
0.2589345525945522
0.11942144661487955
0.11619231127175707
0.22424608670019014
0.15935258002297037
0.17244643164277562
0.19439711347718844
0.2358947516932225
0.20762741135690616
0.23125886786414515
0.18355409551892266
0.20459661771652968
0.16157464064063623
0.15491431903002123
0.10883569992569465
0.2551630303537845
0.1312091169785845
0.2429193520882111
0.13178801294820866
0.21960059797019102
0.2148389667415613
0.27229324624455353
0.17123054901469423
0.221899789963651
0.1489836171533736
0.14211636750211
0.20425761919713462
0.11607643565411635
0.26778329151216895
0.22523822188030987
0.21390960459978905
0.19275776916858905
0.2157433491474483
0.2830668819047806
0.23211878450993095
0.1370733716004112
0.17938421103328017
0.16173716390824058
0.2396508058884286
0.11095276665019621
0.15010930395263064
0.2635559832770103
0.19717822428941695
0.1478931174365095
0.16486307645644954
0.22515771281724145
0.10689668860287618
0.14958076739943477
0.21301804210905959
0.13701707161404592
0.13548828701988008
0.10253518687235928
0.1711069633904458
0.1590352020493739
0.15070627680694756
0.2532006169504989
0.14700979189688787
0.2598243617356294
0.1640360515184297
0.1766543960279874
0.18264995621820346
0.2462184703599959
0.19904263860357363
0.24809301641567832
0.1703996052051095
0.19183578073626212
0.14996496713591967
0.2567594651249414
0.1884410191560117
0.19204673218339505
0.20812882885221382
0.1408237426523836
0.11364641847145303
0.17670332271445127
0.11765413423733555
0.16663463788307395
0.21559165097904762
0.14114127272794763
0.1346743707614246
0.21649484875479602
0.2918032765515252
0.16857298941815052
0.21666740077725757
0.18071155067316352
0.21156792098488336
0.22623196298049766
0.15113541614916717
0.17675908136485666
0.22024002827709996
0.17720762811941632
0.2535149724329144
0.14336626076598377
0.0854289923696413
0.1972659265254428
0.20257901353360303
0.2506020926517227
0.17322904174640028
0.1846832665533741
0.13807991039914708
0.2887288158134196
0.13515751357276445
0.2334347968823265
0.16810552291441122
0.2151988664434653
0.20017342754107686
0.13694410530730497
0.20726498250494746
0.22430407118766696
0.1938375554922709
0.18075417542884387
0.25926439464782824
0.1888820167509427
0.1920241579971401
0.1617629768798723
0.25074828547951966
0.1789963262908837
0.18587793627483543
0.26201323936018045
0.15876411805969345
0.1630738949589038
0.13935818462488173
0.21322877704300391
0.24086164116609285
0.24228250812656377
0.1703733157310549
0.16507353099756597
0.21715609560424967
0.19723391001507976
0.21467299080974955
0.07700102778054752
0.14022951218909407
0.11419281967235513
0.1818097745722049
0.16041944859385235
0.13517523290070277
0.22512686476278684
0.05029616414440183
0.22799036836340805
0.1650723446885062
0.1587566796268246
0.1360090350992787
0.18677510886245519
0.22938950711618972
0.1718717150289163
0.2109396576869954
0.17292526818544798
0.1169064213102339
0.24186097613277302
0.233791944750106
0.10528514377844463
0.22575560673444858
0.10162868112876197
0.20311263919310632
0.11946722108005152
0.3183682195568521
0.1461367735271513
0.2117525578921815
0.1959254177519667
0.1266399142563884
0.23026310010930826
0.1269460205560086
0.18855593146354555
0.19088622418913825
0.19514872122853819
0.1592766222031304
0.091479414945349
0.21991258167674502
0.1643525134983613
0.14010865729429675
0.13362175461180728
0.1432916733951341
0.2084656657583898
0.1488108309277965
0.16605887406614656
0.13054870088547438
0.17546006999953676
0.22623680861185924
0.16415242056961216
0.12231119900931336
0.2697205470017797
0.17188989452225797
0.15482449721008334
0.10492665344599868
0.1148817153414924
0.1881378712930911
0.19401340606146342
0.18719683576990476
0.1609784640032935
0.14721206586225824
0.07958299298055999
0.25604439825626
0.11831447323100686
0.20547557854680418
0.21193539816550452
0.14239963228528277
0.1851273739776589
0.18380982177488805
0.17890768552881411
0.10256095842432163
0.2847970588075365
0.19895155564536343
0.13223984926044696
0.20490460950143313
0.20746757230139232
0.12965774691370563
0.2139650021835936
0.18510614613250964
0.0929756314370439
0.15733985101314765
0.04127318836761895
0.12165220758548984
0.23694381954277913
0.16350936544040612
0.12742843495279085
0.1439765477147654
0.22169951675800592
0.21639632748987847
0.05002972220010682
0.2238673835527226
0.21266843533196836
0.17688307206914297
0.15068809012406287
0.07447635233238317
0.23649519981623066
0.2082584921599325
0.25137098064210617
0.09442224753471687
0.2583879143278431
0.16040960193690504
0.15634723276355084
0.14687484178831153
0.1915445508288448
0.19562520331406322
0.18841456452917435
0.1865855781183477
0.2031860076709714
0.22460553849330317
0.21229896931291878
0.15445452593976694
0.09952984359318051
0.17535405267992307
0.14790827468124726
0.15715532344153849
0.27922677367931964
0.24451578566268356
0.2819227165017153
0.22597147023461334
0.19312273834869867
0.10814385462471426
0.19670925397313957
0.19595976388000444
0.1429966492217995
0.18144675548140515
0.17928289536018305
0.10144855382759793
0.1167087389978478
0.17981353457751834
0.22063590397008487
0.20439177448174117
0.19726105428384522
0.20277926266614488
0.16720110366885244
0.1798828192662052
0.13267188718604883
0.1873222298629924
0.16812694378511267
0.13887090240993652
0.1929819381619245
0.19337348143590147
0.1770163477238217
0.20880692712153187
0.1735116058084236
0.2549961461486388
0.244725066836183
0.25308399063953446
0.16471361701928783
0.09124053438266302
0.1605566290155531
0.11842551987121311
0.1921150228996888
0.2082951387742776
0.16712895460444188
0.13237714583321505
0.20658744374485155
0.2215745028436166
0.20785697601762554
0.13862535021924666
0.07139817150893844
0.20282853562671518
0.14743735929440657
0.1288434737903714
0.30209037138073797
0.17511198496474023
0.18698381705174313
0.2221957694678145
0.2565992182904715
0.20456012244152127
0.2605587000238338
0.265711132967997
0.23257560419423803
0.11526361265569195
0.1631071560758339
0.07573415505911768
0.21414909732788565
0.15565714040078896
0.2177099800984667
0.1718529056295179
0.19357073018854
0.2842760211614603
0.17602907539957585
0.16424236605134915
0.15965980288433038
0.1743218875859276
0.24021624955563017
0.15424831935135944
0.10099968879679391
0.18847877992587636
0.20580227029489212
0.27192698824867345
0.16108760011848594
0.13896027729728774
0.22240070412426474
0.22197014323180408
0.2248529636824531
0.25407246878050965
0.21605670042565617
0.1905383669683388
0.2199139004803131
0.1331693875225086
0.19361703542273553
0.1536306524378
0.26816442094082155
0.14254069151627372
0.08454716387437869
0.18855835687811442
0.20540371028717794
0.16692302179541457
0.12787646717923626
0.11200220251236605
0.20306606027472032
0.19839898677639217
0.18699039567475742
0.14832997905821918
0.31821258394164714
0.20422443239278856
0.1817971367897987
0.10635034125240468
0.08104711420582054
0.1774226119939175
0.14552043792967934
0.1428929595204403
0.20470319808758147
0.1774372595242847
0.23891709911887862
0.2172502573253664
0.2678948702772951
0.12260859419201141
0.25467581094997516
0.15315818934230585
0.20434379667287733
0.07073296292664544
0.21481061120577924
0.19329990193389085
0.21860102089056244
0.23294604884303352
0.2010085432765365
0.16775334260278518
0.16349599057808967
0.20817418722815637
0.16139061879682223
0.13859061709927128
0.16398963585836096
0.23115445156562558
0.14324950888039603
0.10972263212790427
0.13206133683515428
0.14352574810256796
0.15167507844867667
0.20184466369893253
0.130076361436668
0.12460657010561998
0.11253024762535527
0.059653972381706555
0.21244263185187917
0.2323598062069031
0.15966878198853635
0.19392518286899982
0.16890268338563066
0.1504844432850815
0.14988898840941442
0.16048571138469356
0.08508568640365051
0.20320709246675966
0.21750018890600925
0.12322184733103891
0.14982884333813604
0.25551189053584306
0.1371333477993525
0.1436000009742739
0.13032474061556723
0.20157569147819476
0.17635026382204116
0.2157561697714198
0.2499774526205895
0.13872766176113827
0.17791347217674208
0.2340635265131381
0.0937695092031778
0.18654897311927618
0.17197612697694364
0.17108474893038414
0.175324619077816
0.12321740223323445
0.1128390980660461
0.17484162021700558
0.09817513101686431
0.17045468709347564
0.24467829706048227
0.14323838077281825
0.25665125800495747
0.20669476350459542
0.20024234813066694
0.17320234597911635
0.22426769628131343
0.22873845014899488
0.16421278866422234
0.20948196756258197
0.29528947708680203
0.1761724227619296
0.2359605472637639
0.1411959218941562
0.16689294879845062
0.19015814698664335
0.21168849315935112
0.2584081754964677
0.23995783849794067
0.1430453265310358
0.08506191238657786
0.144874457363219
0.22389736838475743
0.15384585173312523
0.1658336118336682
0.18738966871153062
0.1739800794085715
0.1698879466008724
0.17677554677393395
0.11962620579389283
0.0692270181344537
0.18159033647421238
0.14400149313863622
0.29897429737402287
0.09530620401978528
0.2080025167963461
0.12987851436607062
0.28790183707131417
0.1030004205106941
0.17927408363123482
0.18209278636673454
0.20485986657712632
0.19580939573806347
0.2679315755515358
0.12990068925572695
0.18144062744166686
0.11734407874483971
0.11822627372110872
0.22779093848242443
0.17606124475875606
0.15215074829821496
0.10908937341531351
0.18950978640925878
0.16639144097443376
0.16183648609041454
0.26536009492729595
0.07155435125380508
0.2792615483172003
0.19761786365315281
0.21647063817622972
0.22161197370954672
0.1679820429036631
0.11027251540508778
0.11967755986079753
0.20204479642233336
0.2028524684114797
0.13394009486822966
0.11574221160908939
0.16735883976345298
0.12548007889364174
0.16427153565951444
0.19831165243678597
0.295412165618849
0.18184868522934072
0.12564814124495938
0.17407029134811397
0.23812257166476797
0.15997731135421384
0.11566761153346396
0.23721775979661272
0.2438222363777346
0.11947931102910506
0.07881269420591329
0.1302439670028518
0.2180649535254938
0.13389453923592173
0.17857542655510875
0.17461605627502275
0.20912778677366814
0.12218993471950013
0.14125271177138596
0.15235764246136746
0.14497673980597492
0.1491850822177184
0.20939292322688352
0.19236429978834388
0.13325525663588145
0.1360894543294504
0.18941547687769306
0.1493209692207954
0.1652239769696341
0.19235253074658648
0.16823498796863273
0.13180692921165993
0.22047198601734164
0.2808410716523302
0.1597315275130766
0.12214406353133883
0.15448147134353646
0.12955720282191827
0.14985680917594907
0.16995990626455879
0.1980545072129969
0.21481546013180314
0.20443348684518442
0.18506235754903233
0.1358678324207845
0.2381096868260089
0.03120947914269742
0.10040099159595872
0.14926432533636452
0.1431783325604699
0.18190673740334717
0.2711093325949721
0.12366065575677253
0.13127948149973429
0.24906470272564668
0.1490415874612193
0.1941865278224049
0.14196915765542523
0.20545590215582132
0.17193694750824268
0.18709707246940072
0.1898310039564762
0.15863492065391838
0.21102814873981163
0.25351851899618916
0.12623089427807108
0.11192048293587165
0.1558301779782672
0.1600634505348181
0.16254799182451976
0.12017715666676104
0.15277430679766307
0.16683580932740918
0.15587112887277388
0.1846782955932498
0.20731368328445887
0.15987006937528875
0.16014553436755374
0.1286996086695019
0.19006630204297317
0.11519842100306817
0.19183447244389518
0.08068681701761915
0.22080658460761202
0.18878543433494827
0.10863258373617907
0.1921801556303851
0.1763911242154399
0.20654827963790207
0.2575929793209631
0.2396653817442146
0.12743671596916112
0.1402950814278872
0.15164064337872102
0.14043576925619955
0.2288115798695527
0.12339818935372314
0.1683646982585816
0.16989315866477725
0.2362428542559093
0.20754727348867752
0.2596112363784977
0.17138953118616249
0.2279114033085716
0.32143559501561614
0.1822095493163164
0.12915054680451699
0.1414209257900099
0.2346343806910982
0.05867738585297344
0.24966615339323975
0.20326011746983813
0.1392377737792487
0.14651857094310972
0.18992995070358953
0.18005801072879196
0.18884786981753873
0.17981891092210095
0.2514104575719359
0.20957775320463579
0.1169073015231343
0.13318791207355868
0.19537366309284013
0.1346567561386045
0.2105255511540457
0.1002746609926304
0.16383568608479296
0.11343958242322434
0.2280715895727627
0.10537193566310757
0.11967316667155595
0.236327897901923
0.20353622271183283
0.2513703569092441
0.15799158946494446
0.23112197906192525
0.10669328402793574
0.12129889043998004
0.2792228629588152
0.16699837139729182
0.1392246969641573
0.14075408343818568
0.1761015992140025
0.2251087481052873
0.20773288744720497
0.15059785653873176
0.16986080807819007
0.19992140653329393
0.28462914314482235
0.1841703686086515
0.2692566381127653
0.1579082339263299
0.11941980463900742
0.27553705728456185
0.23968297047824277
0.21797937645112903
0.1619871833573469
0.15116143550698516
0.17039102283337512
0.11049988116152519
0.23110439050856504
0.21250230915615753
0.2272186861575836
0.11372131557965254
0.16519005371152445
0.19623105255634463
0.23423546238047224
0.11082663089678697
0.11826786917844984
0.21000446459582373
0.09577841705803027
0.2072049141667473
0.21046032451995028
0.20015590061299873
0.14043322459416135
0.1211380698264862
0.21982227514864913
0.16222226835136005
0.06668005962864926
0.09537450533915987
0.15411662924201017
0.09604715078685341
0.31138323614090413
0.12505298231322962
0.16336362017496597
0.16322558308639062
0.16093868520425006
0.21333214624548266
0.14177151419248046
0.1123673263136709
0.15306798180184797
0.1872048757070522
0.19313316493050292
0.25268724651331304
0.1927125590967576
0.11761221678159123
0.16743486635906865
0.06964039651695345
0.13149658598362396
0.1533210924088721
0.23555294456621087
0.10960248855618744
0.22742824312739246
0.27244613443444976
0.1750841614745212
0.15664629838218172
0.18577747858355573
0.16329322307140307
0.2215371173198484
0.14069586110494228
0.13754408744242747
0.16674195923573257
0.17350722612257077
0.09961128993880836
0.2537946702356591
0.23428851917364943
0.17624538611563015
0.08860496200365321
0.15710177525175972
0.22204588902167272
0.19832694700012402
0.13458958644093683
0.2493993564126294
0.2563985956125861
0.20207598857293949
0.16842736605548525
0.11508163736710446
0.2563221792364044
0.12770165706950842
0.2175943596089999
0.18612817386327218
0.22158271683688086
0.14408262998798121
0.2555451645373157
0.24686600743319018
0.2961162862287386
0.13722485693266356
0.1854077910107376
0.1570295279719318
0.17381842577807918
0.16551569697867408
0.21650870477128484
0.19074443986474826
0.17842163553252843
0.16456022879166587
0.14458306023410544
0.31802496542366876
0.22911517878488008
0.14794697489514239
0.1832711523210503
0.06987532422299386
0.13370536074858025
0.3240263062871239
0.23772662934255145
0.19818430004382948
0.2314744990540498
0.15514847620256442
0.14341324651355092
0.14352262920302972
0.20523651649698796
0.19831742336705133
0.158610795154723
0.1671931321751986
0.14488956609186193
0.21140658085802677
0.1538676664343261
0.27755958546330195
0.15132031831662987
0.27009419969735116
0.0951162318164307
0.1106906137096072
0.2298299381965423
0.23412508273457366
0.21122970090865514
0.2443301474434013
0.17682820787003406
0.3064556353876192
0.14883182986407978
0.17135018120318796
0.24046425000586952
0.2384544201144253
0.2782552440579839
0.15244748796067195
0.20820962399608248
0.20997467429484307
0.09499628979427858
0.18626042824134365
0.11385689225502146
0.1982446445327392
0.10260550904757942
0.1973935851476704
0.15046639166466277
0.14009205070286088
0.2543757795261641
0.1598147948160675
0.212744342793078
0.2053977220840513
0.1742321750312646
0.2251607815028468
0.1524716982724353
0.19466987353862694
0.21464835118023598
0.1663644030310827
0.1919910900800464
0.12388368690423573
0.18300654742153596
0.13540891989077478
0.1580831988052801
0.1290197461020873
0.1929739771962485
0.22752409577678523
0.20022891852910185
0.1615843376945131
0.20685689006451535
0.11384705919423317
0.18743037277626765
0.13775717366497858
0.1610926630835327
0.2141637030648264
0.26767107372994803
0.18487432356421274
0.17700119307806395
0.27001463201389775
0.1961623950542391
0.18166195598403723
0.26054422589916704
0.19959304606829686
0.23116210748308663
0.1694253523534367
0.2207054361539315
0.15887706653083813
0.18362823869895673
0.1373785072833762
0.17600137016405393
0.28173233722106483
0.18540432052842962
0.17691510183118145
0.1171825876157811
0.1171887519340389
0.30715362537435353
0.1369099291440772
0.2411420616761036
0.20163168863922634
0.19618526699351663
0.2695268754486835
0.14924263753787032
0.2046089952982844
0.17307149333428332
0.13413918800594454
0.11702728868744385
0.2198626954032442
0.23521658209101792
0.1929685484276004
0.18558348453573423
0.21232426093841195
0.17533354043252067
0.19554201464221668
0.17094672792465962
0.22309940155896252
0.19807673200778275
0.1836666540751898
0.1863523950372034
0.14931511373118717
0.16161420817520553
0.24854501923483824
0.15619849993943954
0.2121204275203198
0.17328751830769776
0.14572389560618612
0.22096157110654696
0.1996946185686942
0.20618482622589815
0.19968672316599145
0.16951484600689448
0.16437186498319947
0.1804898250379842
0.12067463201934964
0.19281280117211447
0.27264072386894456
0.09710914397812256
0.24251477825773265
0.24825758048100044
0.21964120993291267
0.2110577649523131
0.2127782387702809
0.15713363286217302
0.22537475660762707
0.20956572581822733
0.16939762154088123
0.11261980554767233
0.1768267183416704
0.1636347216012271
0.18524451703202433
0.2496181737166229
0.2878795833471035
0.21621642538736846
0.14821660206986229
0.17444094455269712
0.20385422210429896
0.15748364595591952
0.23861360091154044
0.12733411647695886
0.15257283376925063
0.1384166349354643
0.23178674174023756
0.18564606838356024
0.2585006235019739
0.22531762775629977
0.16033973758375775
0.12156268320828648
0.17752872747772874
0.13735702274416722
0.1523463482277706
0.20602159397546543
0.19560784755487792
0.20508321592408718
0.1670107688890694
0.18948367648250938
0.12489356167787502
0.26188414916966224
0.22033797818018075
0.29647515031493865
0.1515994108198156
0.2515013947077333
0.17239324076891724
0.23196325453604866
0.19490434705355975
0.20487088007879184
0.22723589348251003
0.18661294125238267
0.23601422449027426
0.24391544407488583
0.08858995755064056
0.13378946562165167
0.1827774932889105
0.2459405321377442
0.2295811763190864
0.18577489053470894
0.11522542666446783
0.11716694558085919
0.1321645388599159
0.15644387839192983
0.18581059272220804
0.20571065305413566
0.10663591591497444
0.12492200613297243
0.23447262246526165
0.18219191966862128
0.1817613613200707
0.2561860891540769
0.22845053565526766
0.13461083168542282
0.26181762196230535
0.1379457254262289
0.09039390180731408
0.07189940180331605
0.18488399807266104
0.20803982824149847
0.19974073223356725
0.2169357406053331
0.18403975776275625
0.12278823294533625
0.18018388821991133
0.19569070152118964
0.2607261751983385
0.17686804044605434
0.23445803421939296
0.2547206343528286
0.1869318698501635
0.2484488166485243
0.18853346509214838
0.13611051615849776
0.24212173575452317
0.12965673158729202
0.14566941419021345
0.24802714899153708
0.11987189757468869
0.1281582230164121
0.21963917712847075
0.17984260722052484
0.25595912730155995
0.10591628811053101
0.09702088679352514
0.23089021072866303
0.05741993939421984
0.15136466126597262
0.1416769510806249
0.1761456347418639
0.15444150412222035
0.1152355119236328
0.1130424871418428
0.21890018649251658
0.17207901431961467
0.1437005808767209
0.20426775403413883
0.2533522694701953
0.16934111352892212
0.22792709764762467
0.14666620492419502
0.16079325125501154
0.19157493789600633
0.11964310716485088
0.19063767048667352
0.12378180806061503
0.1544886425368299
0.1962292285818686
0.16595312883333638
0.1168214040325118
0.13813344622896137
0.22456257776131222
0.24298188898934014
0.1317928811967982
0.19419015408685195
0.1401322908484532
0.18304983632977168
0.14645380572785824
0.11829763482159397
0.17373087874242457
0.20444387816943077
0.1004754541125013
0.2044496013575268
0.22409585122040598
0.10170080680659538
0.24736395851189213
0.1745401470324606
0.14365709673069027
0.12806938456226402
0.12381681119612267
0.1229037681533112
0.1485071807743648
0.18994010935593025
0.2341494542236866
0.19828073381507325
0.12384481929725503
0.2261077075198086
0.16067650902369435
0.1727189908469635
0.21643150508576817
0.1222281005293702
0.1518236838699157
0.1829297426044214
0.12831786336043557
0.18628730505613533
0.158229510020977
0.23781682781619437
0.10422776560093894
0.06483855621197643
0.17869843305459074
0.14405212078213625
0.20497425251781154
0.12389855384241419
0.1390280372884584
0.1579601974529728
0.2133406188000865
0.17641170530668246
0.18489432687639099
0.2486672794910375
0.21005031553987297
0.14069547507984675
0.2093880114211236
0.15067981195221708
0.21529752001790797
0.2155039182906417
0.1592259912692726
0.13684031266397173
0.12898444593241973
0.18698575671194548
0.14651700048522176
0.15177217544930693
0.17502772710523792
0.2899355385677187
0.21435692027176084
0.1852414888173459
0.18990649238725804
0.20151548659239765
0.14450133084519567
0.11497641672863403
0.19815222888774406
0.18932619462233985
0.15757046973257738
0.20659584448856927
0.19438937045498794
0.13622997305043408
0.21264250942669521
0.14619403946447865
0.20956146851446517
0.20601259343633158
0.1850938625290696
0.1977906343710691
0.24989572845258218
0.1667321571356821
0.21843378957630621
0.13636280954738317
0.2458476422997083
0.19922757316822276
0.20071251101092222
0.19485715886808772
0.21597909295950668
0.2573228057213719
0.07049679145324735
0.11423669622645798
0.16304400197751723
0.14770540784571035
0.13529925850933627
0.19954044128485338
0.21637229863220347
0.16986853540747301
0.18683409802414225
0.1425880255557263
0.1808303876108665
0.22641702979854855
0.08769960047919845
0.1985914783949269
0.18744042734196398
0.1857454394494311
0.10281781068360817
0.15294942530628863
0.10485153162432827
0.1912882790654697
0.19196669092482477
0.25317656838007807
0.20262477790913375
0.06702665265982684
0.24113941782660198
0.13163484437868073
0.22253623052265997
0.2191619561964051
0.2646812381474109
0.13383149052208584
0.170968861481414
0.22060295231235513
0.08617991394343814
0.18575275721409226
0.10097412925227944
0.16286991452702293
0.17847985590008414
0.12950650505148226
0.18095103543824037
0.29387567527649816
0.1849561502521922
0.1157852471751583
0.17505096199573478
0.20248678988143506
0.14200882458203248
0.1414854802965113
0.1658400254410864
0.15069764862698473
0.23373287334730541
0.12412196567751876
0.237737998387852
0.2307973555411085
0.1187280922021902
0.17160581428741223
0.21442749270401057
0.2015567795069817
0.10986416245686664
0.24219588084618066
0.1143448587423341
0.15031813889716583
0.19186506234348125
0.2407614216534875
0.17303575640540877
0.2408893013944688
0.1826774054286052
0.1952350397384526
0.22649351307446391
0.20015779501924583
0.19550319549752856
0.28263049300611126
0.21145277010252284
0.2313650203663741
0.20421369368474307
0.17481708846566518
0.18860524896724057
0.24965030132074337
0.18147192282774668
0.2235573013355937
0.10308134257783752
0.23535086519995566
0.18732430349786272
0.18398777164192442
0.16087306062999734
0.14359279597059946
0.23774276956424692
0.23166303158111334
0.21504366742865122
0.11326132736607886
0.22374657097611944
0.10015796998454109
0.19948444937203702
0.13372228632457453
0.25652874170668427
0.26672215940200983
0.2689805703212661
0.1318119449313245
0.13587885943504996
0.16046120254047264
0.15096109206131259
0.1954323419956678
0.22183806022419633
0.29319402777168635
0.18445394887532493
0.10610616663332911
0.21434322671396308
0.15761413387299283
0.19846375240212744
0.17467938939152014
0.1189203376748717
0.2225421563653979
0.14849053496098555
0.16425268575339885
0.08279718334757763
0.11395903415702426
0.07186598090494406
0.2053922696349845
0.13007285178578598
0.21969091654568293
0.17886310603118236
0.2148594957634129
0.1378625207324379
0.14852019052044077
0.2364191266520874
0.1523695298083521
0.18027664572090418
0.22327105023991162
0.17682545348283119
0.16221671788031974
0.30214577652549596
0.09888834976279134
0.3019628788141983
0.18493970800096923
0.17484434368463972
0.2845420717197264
0.24090436927521153
0.16954394476853243
0.13899954658868482
0.17599971181983742
0.26705507900643616
0.07006757768461952
0.14961446855589958
0.18728724287147466
0.1400993799046638
0.24047319398496883
0.24202490151751535
0.21141033633555592
0.20777939858575328
0.2018205236709691
0.11124764011780432
0.24080608225667985
0.19875210762703124
0.15136455444649305
0.18433701758091317
0.16066509149457153
0.25160523058179673
0.2825747660470419
0.13068216777613884
0.13595586365834897
0.20209553158439703
0.15654773685425138
0.2145238511802455
0.23256334112968108
0.1795051948442232
0.22464323423396226
0.22600781538804
0.230593494493699
0.2506871400402003
0.17669922980765965
0.1791744248975406
0.17673098161678802
0.1817457030838389
0.2381471097689732
0.25370233512681845
0.2734185167457384
0.11212491788388741
0.22372168934811282
0.24380635601711248
0.15084675995213545
0.24983073732719857
0.13880518086585453
0.21552121559073914
0.18190659974982626
0.1391382659504096
0.08267471925299526
0.18418179759442002
0.1273591288179151
0.17356035754291652
0.21552890989326273
0.17719498884945614
0.19900055767857483
0.18076631621854886
0.1744094760684072
0.15903254030579894
0.1942854715013519
0.17500852530614885
0.22240995085865095
0.15166026290046156
0.1576181046437688
0.18423310444579025
0.23287493871158724
0.15862039491357766
0.17952316974082613
0.1823146038372725
0.23042170314574778
0.10107172394831326
0.2144688602696494
0.07756171527139184
0.20571697793944563
0.2022597397461192
0.15620503470747876
0.14347800974173147
0.23138437220316752
0.20882355518857298
0.13482006401935367
0.19827608992537887
0.20150262998933946
0.2736314916772792
0.3191416307260718
0.08703865089166404
0.19994672153597143
0.23157685258814767
0.05526995621380837
0.22332607927148754
0.20391704616200376
0.14982740324993885
0.14945832592100644
0.2115209055593802
0.13621626766045586
0.19114980812276441
0.19680869807845028
0.19129546787063245
0.12126271141191289
0.1251750069616576
0.2087574644202257
0.1876765358854949
0.1993405440369968
0.17965239069633707
0.17113161821511838
0.13323953321064513
0.2209771119455171
0.18431688363093088
0.23033827319946362
0.1394055019031948
0.13579915107029597
0.2669512380944392
0.18619692750354389
0.19381983589394094
0.21614287096529258
0.20574865229476383
0.19777569666474273
0.16368091041997632
0.2322263221643226
0.14334152697795358
0.19457078806762518
0.18954695070040917
0.23754420559598335
0.19495602131201836
0.19389057163790874
0.16875334051853053
0.16465621898735006
0.2326353970649544
0.12380547690208357
0.08496333414343676
0.12671829660559358
0.14510520404642718
0.2270729513600383
0.26032990544804596
0.13808770543956783
0.1369187295834437
0.12709969655846515
0.21275177094434278
0.11545609481169218
0.16463855371834094
0.15621802529623646
0.17391687325007346
0.09832584451819038
0.12496033840162776
0.24885359563974066
0.08655196699224187
0.25111498949807604
0.07531554979987379
0.2690984999076335
0.2309035595217389
0.1706669875467232
0.12322277884897413
0.11724149753539588
0.24747610915543278
0.16049505672560507
0.2289551050925872
0.14157700481439556
0.26106492084756205
0.2137645302671893
0.18608939956042694
0.21875443504806685
0.2039684655999272
0.19638898965923848
0.2300574210954074
0.24409424481084116
0.16840801754538937
0.13732446163634138
0.14750625438545653
0.24019129568265427
0.15386819683981595
0.161330943569985
0.1986275107264658
0.176360677167121
0.12536715596569964
0.19656138572260645
0.1853485604225597
0.18898779905886334
0.1848712274453631
0.1659849387834321
0.2881308893056344
0.11010508224137502
0.2543700186913639
0.1302099754128418
0.2370812976667237
0.22529775404181412
0.18344425588081928
0.1726623488596058
0.1021260453154012
0.12179398714622872
0.21726872844039946
0.1999143478795949
0.1394560019360372
0.20628697919988273
0.14769230487972212
0.15408120955596227
0.10048556671573737
0.13307824990773715
0.2178407732341114
0.24587581494243413
0.19491640533089735
0.23063775716611803
0.13925311032348825
0.30063537599973617
0.1448041035549545
0.157578767434986
0.12507155094558897
0.17116641058485443
0.13330483717598549
0.16644674869866075
0.19386731751760042
0.19807181127921375
0.12259334595491103
0.17036503863753366
0.19020175431593156
0.16751495082370516
0.18562726651655342
0.14055190218694294
0.1936474440895767
0.17430362913159575
0.11171095005118127
0.14839825563873668
0.12106097227173188
0.13593337687827695
0.2357935051405804
0.16245967978578094
0.13785641957426192
0.2355190630584001
0.14018022020318602
0.18522905350893895
0.29339297191045194
0.18440083755854347
0.16436576987957074
0.13141237115460142
0.13437798190624173
0.14903724921925288
0.28857264813529865
0.20348319743478122
0.15482379126330448
0.15737663751283784
0.06872299086445188
0.09106149773613265
0.2088138956781586
0.22602275591150034
0.14421445753915907
0.14681571959103457
0.2536951452749049
0.22003023552888457
0.15126598756457116
0.12248878092200033
0.19589391772846695
0.21493688675650077
0.2362999190862593
0.1943631764575583
0.04747091130616407
0.1240168877727294
0.16259382890112895
0.1736479272425656
0.210908196906497
0.10948509086990385
0.12937319883296985
0.1402953522790804
0.14906369345521717
0.23372021105051055
0.15220713769301772
0.15040124565560017
0.21506651241601965
0.2221242997776371
0.1682006275418777
0.2998578647955416
0.16183350264405527
0.14744567195052038
0.07111558839560395
0.14867684869065562
0.18403347808445988
0.10996898560599401
0.19512724924532177
0.19999252916547905
0.24625388421666924
0.11198869463201726
0.20095906730410296
0.18843939491269576
0.1449042114679731
0.26301973588280186
0.1452106887838132
0.2116005684134785
0.1944076822621483
0.18311098371208961
0.213141392435252
0.16677687598934998
0.1234809236581457
0.13622161094284926
0.132825313356454
0.2688626964096171
0.1792924979201348
0.1235568141931141
0.19102341508331708
0.19060908953105477
0.17676200312296236
0.1765055981633022
0.13647249137759182
0.19532533885993422
0.22509025243240133
0.2236103313173245
0.20400182252251425
0.21239221158418103
0.13817115343332662
0.18843848372965957
0.162464181710902
0.24836559274356207
0.2124376223497643
0.10417465742058943
0.10637750038263141
0.1683287667161194
0.1832960944711764
0.12178169696111421
0.13742168136582195
0.15941916349761753
0.2552097553972921
0.15674614752458377
0.14132393466515186
0.19846593658483605
0.2086884316502126
0.2119060040146788
0.2067374763273707
0.1486942524600155
0.15050485215656645
0.17776550240538688
0.21046917070202573
0.1542989658439246
0.19783808456435814
0.13203885899366552
0.15051210190221395
0.13886181983170376
0.18691555217056793
0.21401774758517111
0.18465200068332324
0.22312843541731203
0.1768813704514866
0.20237382539337617
0.20197176461789706
0.19409587153887148
0.12090063176966803
0.16813676561469465
0.16744391166241568
0.2185642891827577
0.2185194643582066
0.14175103260543892
0.10103360404064517
0.04785025551123856
0.1818132783618596
0.09928734547525495
0.1558775607589376
0.13296622091970334
0.13880259223376895
0.22028978152914896
0.09594293962302107
0.120949986310976
0.21250626189554592
0.1793269183340149
0.10772420021020081
0.17150881996160808
0.12720822555775785
0.17264445375193696
0.20873631858221284
0.19769967153750984
0.1699596155638357
0.11398846468472039
0.2537582591003684
0.13479719080465113
0.17012666291616427
0.12891930971786073
0.09314222663240392
0.2477370634760368
0.13570760678896177
0.18891368455242954
0.22218050606402986
0.17910384018064646
0.22765241401600256
0.1837382869051603
0.10461368616967559
0.09982788040041726
0.1919011003010131
0.15147739299351817
0.13811878215022977
0.24883848625771404
0.16074625746938112
0.2807981831507982
0.052837483021173554
0.23094140195454899
0.17638932811337513
0.1297380026433746
0.1641009999976528
0.21546381821938582
0.12491943574169762
0.04116470174246148
0.09307285766166835
0.14060577584385112
0.17106622846459577
0.1457213885027866
0.12788602578479116
0.1425024407781505
0.1427556237100179
0.22456779598075866
0.18811356270318846
0.1532586022292441
0.23827535669920236
0.03961185995160066
0.18365189517956984
0.17374152745740243
0.14253348583524222
0.173996515480891
0.1762095957498115
0.22651851418855154
0.19643643287282495
0.0730268050692352
0.09749383312810904
0.09173151274914251
0.2509457386562323
0.241624157999678
0.13547569164512577
0.16485008265293236
0.12271665729621303
0.19077165148605207
0.24186545256780637
0.23009968853492305
0.1788900968735304
0.1323088768658182
0.19639043520940647
0.11968294688615892
0.1909727278906337
0.19998658578125939
0.2495297380269807
0.14485495355440328
0.16284977227248915
0.1273675990525247
0.12247801278694706
0.21444137997670987
0.16672148398552653
0.2135361654943158
0.10823553570903655
0.18136913062616614
0.19167677152195206
0.11093646003650309
0.17307048151433363
0.20867301553917933
0.12069054987126235
0.12660224913229656
0.19972704587976375
0.15310693192554958
0.18329764815040525
0.11792259432250433
0.21816777889132677
0.18227182776930279
0.17534069368443336
0.1575906975542526
0.2902243920062231
0.20450482285347144
0.19937960920396572
0.20447453126376386
0.10616387210928685
0.13594729931308908
0.21238746567691935
0.19397235633665155
0.1836798660886886
0.13815429428350978
0.08836806041164076
0.20426151819516625
0.2256507183059051
0.2031799248271052
0.13075548006689133
0.14822983722120467
0.21004572355787698
0.19860062318321453
0.2195923315985295
0.22323065953719867
0.1797657842083201
0.11756434410792185
0.24939045481336822
0.1886882707621409
0.15266071996459762
0.16751163308428965
0.13409866682336544
0.23642068120132878
0.1375379581667207
0.16688351550882502
0.11148667011649743
0.19883004976878946
0.19350415486061387
0.15313929186644334
0.23122594940883145
0.20102843302906806
0.2739282943776813
0.13382178783019708
0.14728744598306473
0.17936287880997273
0.19769112495503982
0.09395570245269408
0.21580645696201156
0.32552071429652396
0.1616599462346716
0.14946464490406833
0.19543099936547723
0.17855913599652903
0.20113994398139853
0.17326789316316216
0.1568002414027616
0.20169044082448429
0.21113940359199643
0.25864754137002405
0.22099985106565848
0.14268779272323096
0.19153522999575673
0.15979875198171867
0.17974277180649353
0.0800204721065822
0.12820897927143723
0.2655919339973257
0.14261786974446639
0.19599041070328382
0.2404946059043647
0.28747913828998256
0.10667370768621438
0.15209188863129275
0.23751456506180713
0.19833901777090607
0.14771377670905683
0.1514433424231932
0.13081389180212116
0.1909392634111146
0.22653705309613378
0.23836240665967307
0.1836022831008738
0.19740445984418536
0.20881907780557016
0.10090536280421936
0.211207379886111
0.20440751374606408
0.170355197267684
0.20549948313090016
0.20582774964829326
0.1608367932819386
0.1468935557782638
0.24438545229549505
0.12995035444862962
0.17048315353496574
0.11597103464688917
0.07981280263720902
0.17101770141477057
0.2599123037401137
0.17521681860244917
0.2704025552840108
0.20777531845017258
0.07969312273155621
0.15026157407772306
0.15187843257771938
0.18895528469591508
0.12879534050299069
0.10269948706802222
0.16291853990824942
0.16894182252463838
0.13544928292343056
0.162222229450183
0.2322637548072619
0.16692771601721507
0.1795904269936173
0.12688098492642624
0.22620188015467976
0.10078749621321195
0.12139322075446571
0.23596576410600298
0.12697345611776292
0.21306599515410427
0.1553066924363064
0.19779311081609316
0.171994981537161
0.22067689067626295
0.1611820442274419
0.2763597849641008
0.20282948902542358
0.18912268109452163
0.0940374547885628
0.1603150805165392
0.2104812618911705
0.14091264316806218
0.2414819797176307
0.2010980211380749
0.08080110557352227
0.12838266314871566
0.2662058981923514
0.17133755971020895
0.1696269326928097
0.2707457007289187
0.1717108034952212
0.18155536602837652
0.3002038190739317
0.16853491634720277
0.10535798388377715
0.09908651525605854
0.1017380056551071
0.160290529050875
0.16002608519937547
0.20634471272221802
0.12729147144370528
0.15862287847726225
0.08629876096076468
0.164308050057891
0.13384274651240063
0.18245923231853056
0.18672014199323478
0.1582500483668155
0.17287170428161153
0.19318368002243813
0.18150113776682775
0.08423099553195278
0.10647921002928418
0.26180040064163784
0.21782218013906623
0.16390140448604018
0.13679719385504116
0.16745973653511143
0.15772066903729592
0.26811114435470673
0.17946875966572032
0.09524142359051531
0.23735433079018176
0.14194358320567002
0.12686050054713066
0.17579188991168965
0.12913135874328152
0.16584998112162208
0.16233569620663235
0.24556989109318889
0.221659560104716
0.20605392508371892
0.22694837581600594
0.1513799632389208
0.1395304315188206
0.26785755922941756
0.2743977495766903
0.1648423098552344
0.1816406922205422
0.14622521327458016
0.19848371393778638
0.255626563444125
0.27350729815526237
0.17072317820779462
0.19359748317856573
0.17017345113030427
0.2346382358726462
0.28339576887981194
0.22015608203990703
0.2260924771094037
0.2271595237711564
0.20489359156217588
0.18586999748420097
0.21142510690339683
0.14830078569522767
0.21953187617285821
0.18106378469161308
0.23247800393287033
0.0870603232838436
0.10253552410634491
0.25760107706134455
0.11849533364914769
0.12236775830652083
0.1688892940552871
0.1826952509493625
0.11934334201078181
0.22042479460311493
0.09593515132407456
0.17380594673816283
0.1602848876778607
0.26502864058878073
0.18400318221087603
0.1849167472478933
0.20622739364245118
0.2506118923100262
0.1140658581389978
0.13857224961314749
0.16271126615713827
0.1944356362879435
0.1549312843902183
0.14426507766959187
0.14332318113919695
0.169444665314891
0.2189513572128039
0.24187779815028762
0.12978913392423386
0.22022364340588793
0.18294381780576313
0.12432376518503374
0.17814813719116668
0.20500640630854874
0.15885252811391115
0.13525020130300103
0.2271857945586848
0.29447508627074004
0.17730110342368569
0.1221074432737709
0.1696205181603486
0.15980747533715983
0.16830491888802812
0.23605741171589387
0.22414696963683442
0.189371688548418
0.11387206572387433
0.15953643278679433
0.11622657972262164
0.15413513231065593
0.2040262414535761
0.14975945948020367
0.22500537729127656
0.1985756155367639
0.26418862778999397
0.16448940961112782
0.1896537516908383
0.15997359318671084
0.026888710413315337
0.07564368986368722
0.23168240358170344
0.14931851249856132
0.2800469495754798
0.15349528233542653
0.08619770860521336
0.17213636968713808
0.21282667088122442
0.24675782124021517
0.17105113486853132
0.23347955328905343
0.141560030533642
0.1561772257197802
0.20965991096907288
0.19529688888186533
0.06668438820592255
0.2854021897236391
0.18385683776330733
0.14136301899076834
0.2290357721193657
0.17204148293465105
0.17668818060303984
0.19273815328782692
0.1387111862570383
0.2618308173003797
0.15589968495818374
0.2706629768857789
0.16079233161920717
0.15383616633340452
0.2155562186480552
0.11166047091980486
0.22154321107790942
0.10215304498095354
0.2909387910516972
0.27514868694381156
0.1411268459147515
0.10757602815629264
0.3375464705329896
0.13307015713572207
0.19389652357494414
0.1220885342643743
0.10924618585537034
0.22886416425711867
0.20519390897480366
0.18255940103751994
0.20817206252341441
0.14191503877488146
0.2894744753678198
0.19549629371856403
0.1901665644261177
0.21187924951411002
0.2539758699690098
0.2539690694906894
0.15496117609367463
0.2456311844114149
0.19265163720195483
0.14562056511272473
0.20143517962952484
0.21403404473998228
0.12425639177966999
0.19346272238801093
0.11211054753387446
0.17155157207912256
0.19413679102788706
0.2126592888007945
0.28293100454100034
0.15092363020016897
0.16521015832442676
0.1341152325908009
0.1534440239195742
0.1351384434044601
0.19136008609069605
0.1302519334581187
0.13838007073826247
0.19131777780824455
0.29793908410294845
0.16755351546019942
0.16933704458437654
0.14401604133963897
0.3285725535419687
0.24675072598525125
0.20114461718813567
0.15281432943715637
0.19023071172889958
0.2062923740840104
0.14113522124798875
0.2435657917829041
0.066310698416365
0.22273990676229566
0.23378452924802046
0.16832760349244671
0.12693866338259813
0.17050435588609972
0.18831654462679567
0.1842327981683471
0.070421147176713
0.16903676401403758
0.1652766027031307
0.2833716558357505
0.22104836409387996
0.18131023582923697
0.23181039982193413
0.20466479811011865
0.20760998745782763
0.2328995248625702
0.17313337652764071
0.17473258248062534
0.22790395702933341
0.23025106914782897
0.12898814803827266
0.17825540631285997
0.18124715117773346
0.15009992409029235
0.30165835534096264
0.2312296364790991
0.1577167347948481
0.17239144741732473
0.2105528414273008
0.13398839609137775
0.19886608606039125
0.08401549787584
0.2077640731137395
0.1392999369064273
0.2183230881931117
0.2444078792206776
0.16554362865296118
0.21522003819878766
0.12114475893216518
0.17982322691280261
0.2131302420322533
0.1383589072510134
0.02118544938865713
0.16525681826053215
0.22634241892234377
0.1328729179799556
0.21986004625914696
0.23073242163710084
0.16035745014839997
0.31227127896650064
0.25413982195173895
0.23939819376305402
0.14979607071427048
0.20303938307869177
0.26391875804755976
0.20716809542578082
0.1973116347321171
0.07958804894769274
0.22324014288546862
0.09890249271963979
0.11217187185248934
0.09784129374074085
0.1415784233658421
0.17572274187987097
0.15737947727090146
0.270819300915644
0.10555343198923596
0.23555322212695506
0.18204282297573152
0.08474007912324574
0.18732033350917401
0.1256958662310703
0.09388621796443863
0.22507640060043427
0.2224175452325862
0.19279350219848582
0.23178097263846714
0.2053860318152762
0.12059022457177027
0.1895360353238776
0.20389316962115073
0.17925962824825856
0.14498219484509944
0.22114084649414925
0.16276937801247782
0.1923052678212719
0.15269605250143878
0.2034988016960657
0.22826554115246633
0.2220468744948061
0.14386449430455925
0.1891832973734574
0.19775920472424025
0.14868925106677636
0.12956883490157223
0.1740915338090186
0.11640491309069113
0.18564530314974015
0.20638889831583204
0.16171280250797077
0.30369320664209876
0.22974348592045038
0.20939664757071813
0.1380321252330212
0.18545621950908941
0.1091770250671059
0.1787463706545432
0.2113680108696009
0.1752595847774286
0.09019423774092247
0.1059774108379774
0.15140607539628967
0.17549241538197555
0.2761744149819142
0.17741024091238078
0.1694329773842508
0.18190423952035237
0.21033813287765693
0.20107798851606787
0.17036854078892028
0.22571905924083802
0.22636709369250496
0.14254665408023168
0.20840866826474583
0.14220226679679934
0.1603420828287394
0.17689858766358224
0.2759798705275761
0.3021816736055859
0.21046331995851963
0.1812094346504954
0.14629758379923993
0.16324850128211907
0.2501285401099149
0.2632656978588428
0.2100986542982067
0.25389792818949897
0.21712814476580833
0.2051100834038107
0.1252264704287163
0.16486206296562095
0.22431825268464034
0.25725578505044944
0.2119519136747035
0.12312054385822896
0.04761906447503117
0.22035875014296935
0.1986607608422986
0.19707292658462716
0.2052867998007108
0.19084769961365317
0.21084253542136744
0.09862880862128919
0.15772982792232942
0.20399753488287348
0.18234491286424187
0.20708780459816717
0.2790549677674336
0.12567207727231816
0.22627483082540306
0.10162842890223195
0.23314258916111721
0.16919258849969923
0.1909136635921784
0.22883348087386685
0.11617343131392284
0.22603428159456995
0.1810631469544094
0.1878061343881174
0.20099805612077443
0.07875925082109483
0.0985233645779498
0.22365297704116402
0.19984281855370878
0.2162366376568367
0.24559169918393714
0.1995965347996291
0.24065371062289498
0.21617618853309756
0.1350500783306919
0.10559235032157276
0.1347459710137381
0.16742363031290383
0.19446266895472858
0.18553863465622802
0.2526492211704683
0.16045019810173533
0.1420562088763995
0.09308586157807387
0.0946905873209899
0.17883833368730198
0.21208733577059669
0.18256434854480752
0.17003650797841346
0.1544904293754636
0.21513051039414052
0.19377498579999128
0.21958603060181303
0.23929801484883276
0.1912812643912713
0.216563120838697
0.18066822697049575
0.10427909929379209
0.10024640773072489
0.26402798406175837
0.20596782918407008
0.2047850459132095
0.2664461811275588
0.1357661684203705
0.09952795579019497
0.10459058025362383
0.24337140308338084
0.18666634512834304
0.17325484481706832
0.16691578323032114
0.10886128275969412
0.17200003354355387
0.19596465086881923
0.19120756176860149
0.2116451779168345
0.12059554152022267
0.20171717723774898
0.2017632888957005
0.19209869281047795
0.1526127473882253
0.11577298091147419
0.13086153434018608
0.3067666302728722
0.14209987171357685
0.24066670177290705
0.10761135129261108
0.13090217040014143
0.21748512529263503
0.10799481890892054
0.12156140750435245
0.2174812032503803
0.17297341320725948
0.20293846047473324
0.19080345257806813
0.12767906566890225
0.1406922307619332
0.15461499103920523
0.2196735143972088
0.30707008871978836
0.11265273822615234
0.14290187953127131
0.17155431854046152
0.2012767302494647
0.13726958975565764
0.21812178572095062
0.16161114253766232
0.1250857477072973
0.20134273533298563
0.16725138080344476
0.19208755978045072
0.19719306804413395
0.21876179150639047
0.14811383132448463
0.06724537298124189
0.18774304611731651
0.17265882121077147
0.18042974467113418
0.1555138488813603
0.14627634987019766
0.21716669606086372
0.20946656500748628
0.1525792741717042
0.15920116286017094
0.218466814452259
0.200057898801557
0.16923630290851047
0.08941591467569636
0.18099265573887455
0.24991080943360627
0.16643849397735838
0.21798366605257008
0.18427345076040644
0.15908662049378108
0.14464124635826398
0.1247376733889003
0.22280161657617314
0.2172327008183803
0.18655572685886196
0.16610108096855603
0.25922248770608564
0.22077365012249883
0.24894553546984383
0.1268346741012643
0.2101179435808495
0.1601761563206441
0.15252687397617712
0.29348985280672296
0.20252125993770181
0.24695572875819122
0.15088153099959714
0.22160517980306624
0.23745143137228655
0.1435338710486498
0.12896501616748846
0.1181301738722265
0.14338244532372288
0.10100548455641851
0.16328701775351143
0.12443726328964916
0.2109498780168622
0.21109636402966203
0.22001997636060455
0.3061884161660692
0.22120449280919197
0.15139009755173072
0.1734163187407292
0.27213728976592433
0.12856175588875848
0.25125658291014186
0.19505305360409672
0.14379299972222148
0.18025969283588222
0.20456167736179579
0.17805088773972536
0.1248640804696485
0.18192380926758395
0.16200406590612976
0.26912571321512885
0.19530050129612223
0.15309526661559522
0.13590607278930822
0.15227490108152858
0.25424265529041445
0.2114557913695612
0.049586893907285295
0.1246851163435167
0.2330060937350059
0.17719349490099676
0.13599834442266306
0.12970187760370658
0.14315016549453324
0.0795192760307375
0.1916808040632607
0.20898108546622457
0.1331193761456999
0.3012567493105072
0.16080757741692947
0.2100170594978569
0.201635649872235
0.1923979760586258
0.253118473792501
0.19614638019971073
0.12883779571867454
0.2128586653202173
0.18557481152342167
0.25281766162359
0.07839925174439982
0.25523988158553357
0.16977891565679215
0.23895368186274918
0.17999281118261354
0.18671978766380043
0.2001629847019767
0.15284513774750283
0.214333204818331
0.2510433863189495
0.23730116825429431
0.22225679543904486
0.1386099552329519
0.22197769072771845
0.1985680167961924
0.26473017547560085
0.21069111365887933
0.18821577735639797
0.19746214440910304
0.2836118578527297
0.11461816716785489
0.1828574554140238
0.22101310701990895
0.24244230869380082
0.12881862342961473
0.11018928329361195
0.16073640059437805
0.3029031899499553
0.07112287618420443
0.15980856715417247
0.18351342725181188
0.12259901862883066
0.23720211079710704
0.13629317992143403
0.1748062336221044
0.23146938054065963
0.2483902953641572
0.1482482991955189
0.14962032187835397
0.1605739481669911
0.22119257564996755
0.08526785903460615
0.13282057701012093
0.23959000973577516
0.13834492867473597
0.15001013304445446
0.08377271779358729
0.24369615928148528
0.13795217588690392
0.19506171772409628
0.1926656792828901
0.1023652179478978
0.1385889130251015
0.1615468926335419
0.2567977355896349
0.16000047435992026
0.1715906734346551
0.2194112547460442
0.24498625681849578
0.1938847604257656
0.15254334480437481
0.14762573587404293
0.16060074909551456
0.15830174376818512
0.1511283985928257
0.2131266083237459
0.25567068012834926
0.2269085324261041
0.1869731020221571
0.21830349916331018
0.21696178763190027
0.14811625452740598
0.21793480364276244
0.2198901181726712
0.14276922729982783
0.1595079418341524
0.19117982003418418
0.23044199989456152
0.11937931922026394
0.17961497138077712
0.19885512045475115
0.20946737754377398
0.098724100756071
0.2036043317965604
0.16098689756359974
0.2268738055945923
0.19120009084900927
0.13294268485467245
0.19281511416523853
0.13419403707363753
0.23025487361972966
0.18892564672755124
0.07973157326925305
0.26983847157396995
0.26761291210030264
0.15706173981780108
0.23133597096535788
0.17058228444595921
0.13360552383070162
0.11698544284862643
0.11716055157720609
0.23252461913275427
0.16712973492683078
0.14317526480912646
0.22650914773363556
0.17905537496163054
0.1461516762358589
0.18223359401946854
0.16559043055349795
0.17660402466421765
0.12378959665451952
0.11244181776912311
0.1872092863512377
0.21599500547155565
0.07243672546840058
0.14821793107129472
0.12333538720669561
0.1321380036568618
0.16514038123669117
0.3166107153500653
0.2443427893338387
0.19318425390927774
0.14897616793133694
0.1623258666680885
0.17004659176806153
0.07407884559760075
0.13679225626044278
0.18888388953930646
0.11030482965667004
0.20391722938188594
0.223013123112814
0.16721624812173644
0.24918848384413683
0.1239207694359332
0.25365311003300184
0.13042579575192995
0.13608324122531873
0.1211843215831451
0.11720679650437728
0.16056809234725647
0.19047434584842934
0.11631545433231079
0.1964966460411652
0.15700043900212138
0.14822583987895532
0.10632100031814191
0.10163318059099645
0.1817783387220687
0.18463396026660345
0.25007544614451077
0.2185999671462094
0.17298872413112165
0.2813762367945984
0.22225253224912553
0.27960182333504996
0.15137551516022082
0.22118268548218928
0.1853377320844054
0.13088419503750956
0.17837859837260428
0.10956573304330665
0.21623930922142345
0.17572493930006902
0.16030531113570687
0.21868866717298668
0.18049094574588517
0.17288835321293428
0.20807177293671006
0.21760710324528387
0.15721663250607304
0.21215017507298764
0.20075850832679654
0.18737734869632383
0.19125105198774414
0.20136663834908008
0.14171434244224224
0.15134349463262972
0.24925973182294697
0.1308925053021487
0.18414848766143377
0.28344863384627184
0.13395795410733038
0.14067394485833845
0.22810609333822765
0.2446262035447923
0.07169096058452472
0.17141413263820157
0.20779537352078248
0.19971064658946905
0.18314530090791226
0.18640267961077564
0.2231163336862704
0.22552544025905308
0.18407411886534467
0.19571815790475783
0.21782787210779253
0.1286999167504123
0.15974998947341557
0.14781704470170032
0.18511772331830037
0.18046649174991514
0.15835163850068673
0.18499911288953913
0.2315419712896298
0.17153392152086466
0.17791485722153616
0.11215647330323325
0.1631459545858746
0.06394934589044313
0.22803971110310245
0.08888182606146385
0.2132336928775334
0.23598431088319277
0.15564276814009215
0.218749957275424
0.1654643664880449
0.10131644825840619
0.13971217607707556
0.1946757472534134
0.1605672350917019
0.19950549443454638
0.10539680310010453
0.10155923481206111
0.21479616435940274
0.19074316573216468
0.1746964439765996
0.21423009291005018
0.1603631951374573
0.12181945925284157
0.23628383652643656
0.18772619447491962
0.22161390258429517
0.1721940759572394
0.19801198399800055
0.14217774401398794
0.21965578549013054
0.173356392218661
0.18549971948995359
0.23116940679144912
0.14485091850434104
0.1552028937725644
0.1634694261349408
0.0835296213507505
0.11880106405597321
0.1266437718043753
0.19219375740513708
0.23241903559804375
0.26129554598818844
0.22331624110054327
0.18697485262284505
0.24752295624020776
0.1734636152650328
0.2780367729191961
0.2366273310329916
0.19045627674717852
0.28893380829364235
0.12294679862781918
0.11809226292317287
0.2184268603010168
0.236715018906509
0.1290157637425461
0.1221126931195467
0.11859352643234569
0.24728825806930127
0.16352086047205522
0.1504636122289657
0.17922380326058474
0.14255413228029223
0.20133080369096457
0.20542517582224407
0.2739088569379797
0.12994645824150514
0.2403399643552271
0.14258209017913803
0.13739527635078197
0.20273854438590824
0.17288876031700912
0.18566349843888702
0.1642409875687434
0.22550301383539698
0.16882934650638304
0.13022001743977443
0.13605728993534702
0.1987319536938502
0.24226128906924008
0.2950378899624245
0.17645318910527039
0.13220778558628082
0.11643507542970508
0.21596400732430815
0.14507856200500538
0.21618696240138355
0.15423964909760324
0.2789304532258675
0.21934146442171326
0.1223282109881127
0.2489744618266791
0.11895154667677507
0.1250894466807108
0.17780632232176208
0.2287351853802713
0.19795215808764802
0.17225314250511975
0.2116629392603211
0.11733382861287195
0.18422098564222722
0.16014584143494137
0.2038360063141732
0.21734203818292508
0.1848269185099326
0.17406299764702057
0.24099829379973756
0.20434218173077767
0.19701393036874829
0.20580400891781894
0.11019836448820351
0.1981441285994958
0.1873132072437141
0.17083159293931438
0.10122453386191549
0.22433320431498663
0.11330939306046546
0.2259205997396529
0.25056227635533507
0.1686717336327497
0.09013125356175737
0.20088299377179472
0.12396904620185671
0.20850827388775195
0.22797488388323284
0.10134451811198941
0.17267740258239808
0.15740586362713294
0.18704453908743957
0.17783353095499527
0.23123391350742706
0.19121408969755183
0.19740211460010576
0.24396422399408801
0.21009715973273932
0.15901451945941653
0.19432745836954585
0.167379248183557
0.19044652709327614
0.11297666805411148
0.26630070149254176
0.24605361810953497
0.2459735057179776
0.16417242803248555
0.16875789832340063
0.13429153184234024
0.13077688208767577
0.17007998798927057
0.2296076199731288
0.1641141121827239
0.20264380114246827
0.1730566625411101
0.1942752166199344
0.15897926018713
0.17765249687866116
0.12746680055989157
0.1648150595369116
0.22623809332305048
0.1730022078460012
0.1647575666088411
0.17058085801907727
0.2541763079367535
0.15046466644416367
0.20953873426528452
0.12112762314446372
0.12246035436592498
0.28077613201164014
0.18738504118125004
0.14144541354563875
0.2040864784032456
0.18084985436582235
0.14084191967654416
0.11935225841050588
0.20729241578655025
0.1586749188895901
0.16604554813720002
0.16155696528004607
0.14450571084560143
0.06441477986665578
0.22068596449208783
0.10953924834151399
0.14422089611625122
0.15499451031975714
0.20681718629979184
0.16408806790870495
0.1618851176717819
0.12473961801570932
0.28788164222006635
0.16373914577337004
0.12028890697300693
0.1301912513450182
0.19610854570437364
0.18038511758432574
0.17665987094272
0.17185791265615122
0.1686552651625583
0.1710316887551364
0.11804314272673903
0.23471604028702764
0.1922043919246581
0.16337639360589462
0.18204572671878247
0.16728644513284063
0.2053381282618924
0.08514130685403132
0.20283783696085447
0.2085700957650705
0.2224483206975099
0.13263329444564642
0.15232440159293958
0.16588942342301932
0.164919899688186
0.14232355666267438
0.25859261360414265
0.11709749966242887
0.13121054046552058
0.12690800728374785
0.23019699044402347
0.2256346614938884
0.2111757934309097
0.17138527297035194
0.19147015629461478
0.2375615143603006
0.14099225101777788
0.1251471658123024
0.14186077189161994
0.2953748304151569
0.1469201315612654
0.25369119063386547
0.1868072865982394
0.155451327845629
0.16389304646836553
0.1641820077070356
0.18217643125390307
0.1401340861558395
0.3211988521839075
0.2690245312447035
0.15995375475118329
0.14963866770527506
0.12715943059278206
0.16003307832606423
0.10394594913839048
0.20195912423136425
0.17058577874544897
0.18512127902099665
0.16010685363880575
0.21594432050566723
0.25390785253612436
0.050069867483038794
0.18223824373055322
0.20252367915558583
0.18296302481146584
0.12426229894317933
0.15672708174425615
0.16114104093563142
0.17097160345819926
0.2172988628326523
0.08564894039153079
0.11764806789627066
0.2043452452527556
0.2110693220106592
0.1533927341528997
0.2097761409882102
0.2015048599934215
0.24083390329111065
0.07222876302670687
0.1638701966264125
0.270396996820673
0.18432386130608164
0.1970750863222479
0.15313516186651494
0.14478217101867388
0.24573429884684497
0.20058019908399144
0.26610358821228236
0.28670070343662024
0.297001147891089
0.09591025328451715
0.22607632884193474
0.24509272626028905
0.2315064537273755
0.18542403858879242
0.15015996796788475
0.24647090817449788
0.16326114537724357
0.21320677589885373
0.21256353441309056
0.27214162961494354
0.22614679878761118
0.224788385304518
0.20574661971000033
0.20740082436704896
0.12750651094576385
0.18829505638691765
0.12084083474025253
0.1972007243631157
0.16794783797091556
0.22903886954914887
0.173801947686408
0.2816583857458042
0.1970440757889419
0.1638306983751397
0.21455432670586744
0.17411164339030344
0.14058222907171827
0.19090224071992354
0.13184042486575115
0.22895991896304776
0.1157473583606652
0.21703778188573986
0.1608750784006166
0.18385013111177642
0.19913299907964568
0.19254991064577306
0.14937592017475895
0.17158251851716375
0.2790472562660861
0.17231886436865684
0.16161167653404443
0.15658968646317495
0.15793676245941504
0.16715314757651806
0.08985432459750851
0.1177582841104865
0.17194564075956942
0.24783667815261168
0.2157644523704702
0.15479871556441763
0.2792774526973011
0.16886676072055998
0.2749271227462282
0.2350438201343681
0.14614193559114513
0.208724547248252
0.1691192341286027
0.19708502926558594
0.21635991388690146
0.12517376539916525
0.11580031133498091
0.11827432939001775
0.16603007863543517
0.20273925123579925
0.12708811389612953
0.16428065825323507
0.31086233888183046
0.31047787641615243
0.14969716837067545
0.12322487628844568
0.12176818565933059
0.14049233015276755
0.19524700661041752
0.172481485256938
0.20897175129952028
0.1006318362493539
0.2846215775454551
0.07865930607816213
0.15310025694345758
0.18535977026032788
0.25868614291846415
0.16248285357931153
0.16142703265408911
0.18893721187011547
0.217957168137488
0.16549645986973618
0.23168051861791336
0.19358488545576763
0.16647421369213902
0.151137578643551
0.17360255405510194
0.1541548723835684
0.13474873733444206
0.1480665308395905
0.17233447806821947
0.2509526558637402
0.15886158651574953
0.1983565607777027
0.05010929832339164
0.1449190646883702
0.14472003920848225
0.11320008811026917
0.17513056521939163
0.1917954885587457
0.20388220933566642
0.2010187617508753
0.1256963972576508
0.20763940072542647
0.15037536883252844
0.18810498485155344
0.14788007404344616
0.12681534294096855
0.09892566047538615
0.19658440659180926
0.20760211244960397
0.13665328583596004
0.16393503833599488
0.18573968314660635
0.16936884882875392
0.1548729243052529
0.18823155135190428
0.19982797211393438
0.15766460619845116
0.2453467066429864
0.18518023360673933
0.34569458470383785
0.15370161446962063
0.260712827760911
0.22428681470616305
0.05900005681765591
0.14289308984616744
0.16001495455442194
0.12541941645246518
0.12658917204440073
0.12868465622804956
0.1876787363903981
0.10501337328949271
0.12348824724619127
0.21566858439614603
0.1539825759523842
0.10660407682729858
0.1083685375054207
0.1504428784588003
0.16990391297531954
0.23219846228510468
0.19840966672348004
0.19241057375083298
0.15379303215866108
0.2035142311109136
0.14176502755753537
0.12881068849321511
0.21337073378505797
0.16720934308404803
0.20421757956797587
0.12670219573943187
0.19618715774364245
0.1533921036897345
0.15733500228221323
0.11631504602504379
0.11999603883852805
0.2383219892638218
0.20333839698361358
0.1671181764572627
0.1489738482381191
0.113137930418318
0.2090825556757606
0.20363815592718923
0.28564243160646985
0.2364675260030511
0.18237074491283403
0.1450002651087679
0.15004278834525386
0.1606629859121597
0.2388725760598533
0.26802996264352597
0.2705312407383325
0.09580771943556869
0.17200408941000145
0.26171215211637877
0.15055202327582434
0.14467441870809708
0.24437293984781278
0.1888581699967788
0.18953537986812544
0.2124652125534747
0.25917213677321105
0.21733038190784143
0.17086932228170598
0.1504923456746726
0.12271395919571768
0.2701279759017842
0.18980643425762897
0.16982134431735965
0.16577325543560514
0.24692014963933306
0.2377755747183108
0.20244735826635618
0.11987912000646014
0.1471599208239665
0.2597415065571132
0.087669157547467
0.1811355099386706
0.22393783996656785
0.22082074049247988
0.2203880756984518
0.12455379766038407
0.16829507068770355
0.23847334122942018
0.1826749714170029
0.18777804001323872
0.17066443289972566
0.2565373288311005
0.18041153014596978
0.1743818036709796
0.21423083102521928
0.06142520381549195
0.16598659365990584
0.24677371966214096
0.19470684814263592
0.14919692026748896
0.16145258967356851
0.24201420311392705
0.17479920543225683
0.1629778550615563
0.23874684792235573
0.20908884404836212
0.23620205203659614
0.22169401807789385
0.1786868803553515
0.15841924884425698
0.22767198647354112
0.13330107703205113
0.2583570455426427
0.2248933226472508
0.05937812342622212
0.2278764134227188
0.20680366120589527
0.21951843941014543
0.21766560869849552
0.18896948515422798
0.19788318178857017
0.20217418723785663
0.12567905308297528
0.1535346350182721
0.19177588253455607
0.16206073313035677
0.102727369400341
0.12316132298955612
0.21741338630820298
0.15517301605669778
0.16695430660615476
0.1328493583709342
0.17938333948947258
0.1558478223976326
0.18815777365192568
0.19709850448893249
0.22416219263783108
0.10389007092604324
0.14520319912636967
0.15572014506166904
0.16700349153840396
0.1741456800493993
0.12952515387959218
0.14342973902230954
0.18183268238752817
0.1714358859730836
0.15332982221920163
0.14580898045022558
0.09944430864167511
0.21432316237179866
0.15908986551230894
0.1967808555826679
0.2178707399146783
0.21071785008398897
0.2374922496217082
0.1635110919086328
0.09771748868043745
0.1294092310435598
0.24610371006948195
0.10102039256671909
0.1458254600193517
0.2432347451035638
0.1598640641608142
0.19637125806971165
0.16218711074837988
0.08675794957543825
0.20315715744605145
0.2338229012313488
0.21521299005977643
0.11600820956770398
0.18771275191255923
0.23443459364083102
0.17375439071042958
0.19411623548692178
0.20914825979724966
0.15607273928355703
0.1335238195641311
0.14835858429464382
0.16654060007858906
0.07319512401414296
0.2122913206447083
0.2381766257712723
0.16580511582031804
0.14448825310393645
0.1900157731073707
0.2051295519907555
0.12288516379956148
0.16129880923147338
0.16413475488420853
0.12936527063371533
0.20103290247379088
0.19769342465169373
0.1618044685077506
0.24133382000199943
0.24706805008924296
0.24424425146490758
0.2072000023746504
0.20154854032530878
0.17854355991455617
0.15371102565171865
0.15466588157817945
0.23818700854201597
0.2009758691319873
0.20299320806448848
0.1820328800814638
0.21131653360181038
0.14281998900335732
0.13574578281328348
0.18232788222695737
0.2650812038248005
0.16790160965229434
0.2575339564439254
0.11909814000969181
0.2164537510156615
0.15613792517479355
0.14620295880960013
0.1605139575414494
0.11722492564005439
0.22068396979799199
0.21414008884702923
0.19988462569067597
0.18624521722999154
0.20607031045166568
0.12091302503672956
0.21492030691341663
0.2709474951843548
0.23008934831131267
0.19172178132881948
0.10841821541023855
0.08248743839257061
0.231184138980351
0.22972650126557542
0.11274866866177766
0.23566351599543287
0.14853674788009963
0.1579528657880973
0.25878544175513907
0.2355841989030246
0.07232611796087651
0.1288634557388166
0.21823851026776958
0.2325106501335154
0.2364025843545266
0.18163852234492908
0.1416267723089089
0.23296086991051163
0.18286604860861413
0.22217297152992319
0.1797076437271038
0.1893318108660265
0.19906369124172196
0.19469036625060193
0.1994276767370017
0.15161493705804893
0.23384049186365474
0.17658332557816708
0.18056664242749748
0.17057687235583416
0.17437137566944713
0.24827727946067477
0.18383836584288665
0.1711698792555635
0.20179725691082134
0.23876071720850375
0.22162081743917775
0.27387590846401894
0.13120230166822666
0.13681231856458279
0.1646474847153333
0.28536559845972204
0.19139907597678407
0.1662354762219698
0.15300732197186354
0.22586371348990622
0.1542089184881577
0.18037493748447403
0.1674071231013627
0.2014314078741027
0.16629561329755765
0.2927800724590123
0.19836597866269035
0.21522536847413395
0.15966306043002915
0.1160084851750366
0.1970653996995384
0.12087657643394166
0.19940368584270213
0.18141849151774495
0.16031435921483275
0.2095573082819926
0.20663694368315422
0.1998150085279719
0.19512962770300707
0.20615154766481758
0.2371272134531281
0.2095218835821339
0.16906200982958053
0.2087600779665992
0.24457461769695882
0.2674687066615843
0.2601518585981061
0.2094809261290847
0.26875135806426814
0.24084524264840618
0.20918327043497328
0.17232503863707405
0.17443772223363763
0.07739612762729797
0.14141961412202353
0.19523304487914014
0.24099174799175274
0.18609738824280705
0.139188048970035
0.21788376459912057
0.16276615375899578
0.09146973165388016
0.20341052400969978
0.2324582937320231
0.020217975571613978
0.2394145188648582
0.13541476909565303
0.14785997368397652
0.09913557592785012
0.21572019642833576
0.20610616873396925
0.1969401495134122
0.16869790229398085
0.1508681993658126
0.12248310107098104
0.200859637967046
0.2072182374773757
0.22938525786133607
0.16861896807315185
0.1559859238493273
0.13076410501005012
0.1654672030547941
0.13273901665420199
0.23908836468037145
0.21116317374734297
0.2209478131465792
0.12652269853360765
0.1970279967035364
0.07386895566075702
0.16459733552242392
0.2479994622648352
0.15321437604414717
0.11590095550680747
0.25246021021909887
0.16461966734895456
0.13470064759453262
0.22304515055423382
0.16425800429520143
0.15339892793024765
0.13145916802591243
0.2299662775349026
0.1931173969652725
0.10353938093559291
0.16137588479178117
0.1753532325480357
0.07009445318774339
0.20728766738576704
0.25394532321979174
0.17424003958648582
0.2285832261466239
0.23117555200590953
0.2273327718990188
0.12472947969450342
0.17585040820570383
0.24509776151932358
0.25504812244091607
0.10539049558458913
0.2905804606818839
0.19005725957716157
0.11374929412118802
0.2583252393739719
0.15226751625490964
0.17617403981146404
0.15788498547133314
0.19368335808531512
0.28544211021912286
0.19395526652556463
0.18463471435248024
0.221931785169051
0.18342548766193698
0.2389324920297748
0.20661573723078122
0.11308695646638162
0.2953595499608249
0.17939447978708228
0.2982183788275482
0.22839422063708958
0.24467985080126192
0.22210076854766722
0.18043036509386096
0.13533913008853146
0.17159927476389758
0.20850550500231474
0.12341820919253185
0.1857465619106292
0.18842728459445646
0.17879162742717078
0.16672176325655977
0.159427567431158
0.15435541866058383
0.17082061288226688
0.16477663194120074
0.13509411447865255
0.2061215749267877
0.22058522723396087
0.10441537589822272
0.2775723353808809
0.18936019592956513
0.21644390736843414
0.21935066483012566
0.09748711767154845
0.14460685275484517
0.12372851692041073
0.24371680288896147
0.2464288685537243
0.20484048847028535
0.04952063369472451
0.2602082983154069
0.20908774889999404
0.18937488187022053
0.19836370111868185
0.1341226058767397
0.17432228758312446
0.17242440709556703
0.23388136380274693
0.20988399395851925
0.2298141699027955
0.1133407574011964
0.14535078473064791
0.2119657327244589
0.18019397239752458
0.21483338217544695
0.1074770887959776
0.31096770950785346
0.18189050765692688
0.186042423218335
0.2011358451101889
0.13203637207989166
0.19590740587998157
0.12218401461293857
0.2213635051040312
0.19716955969695799
0.22662942696543917
0.14617100649195244
0.21046415024476173
0.2522407603585116
0.19105033997610193
0.2287335496862966
0.12942692311142304
0.16097810411680014
0.1504007819578949
0.21989615210247876
0.19430690649739996
0.17211771096963835
0.25053528485669707
0.13845845887379424
0.24789746173823088
0.27273994357761966
0.14672721515990955
0.15288430754362314
0.25041660967852486
0.19091479210498166
0.1825809026102381
0.07336411446285898
0.19882384544234966
0.24874808161000184
0.14467061138211976
0.2308562247437981
0.07063117814763371
0.19741345129044208
0.22887822293796972
0.14892326411558562
0.18386632628188027
0.21535680391432702
0.13717150475007978
0.13608516962729564
0.16546434429197057
0.0882485126136622
0.14123628448971462
0.15609973437568092
0.22613406801316913
0.24192995681341511
0.2291532974113698
0.2001682635951138
0.11645388527764024
0.11049422695158827
0.18940635339546844
0.12107400657253678
0.20291310805557383
0.12770265323924906
0.2609704978909223
0.29176479851955656
0.21979598935688222
0.13063221763978225
0.18820193979421104
0.12083200575269828
0.11719379701913117
0.1275108421987603
0.1834318354531305
0.18962084471585217
0.199372988089344
0.15339338518597526
0.22236183731658704
0.21773223083066856
0.26153452161150414
0.1740398887098069
0.13475407627954278
0.07502219318173337
0.20621471777015327
0.21705465127477383
0.26661632734455093
0.16593120544075554
0.1800230780796573
0.16853331789989573
0.17072933729888032
0.17186541375761621
0.19736477128142227
0.2758504734708348
0.18410021689378545
0.14236922536208216
0.1691669491447298
0.20436545816080592
0.19933507110495335
0.14639328157652587
0.16152076060998316
0.22849654158279453
0.20788579685937403
0.11016330239757711
0.2261857336557845
0.19282487321253566
0.16757793154532535
0.15415048786045252
0.14942060609256325
0.2122988137013353
0.15902081051559716
0.1837718575167992
0.17049984288902048
0.2396588129674676
0.22030801526263166
0.17869892553494104
0.22251604264359762
0.15338782197756617
0.11578890679754023
0.20320652227872268
0.1867476969030572
0.2604269774764494
0.15019548890398343
0.2663813804495833
0.24105768525855195
0.23347147972877
0.20473922135083916
0.2775116481269606
0.20923048972764363
0.17064553291072299
0.13381020813151903
0.23324760545829357
0.12948912197552945
0.15822502087411022
0.11473920779291998
0.12445545417902193
0.15010742046142614
0.24239551228143016
0.1521769379046632
0.18920956063493538
0.2717776857076959
0.25977301073694375
0.26385221691926697
0.13833117571347936
0.15931217841182005
0.11978061276962285
0.1696745240888129
0.13145220282542458
0.22493890120274163
0.16604238313735925
0.2245491565196934
0.1703628837858695
0.19610662175915436
0.21374719301809997
0.22648395158239287
0.1230301136782838
0.28295695385474745
0.19881815256753527
0.11979882742690379
0.1811828779688651
0.03145747156150433
0.15770951227464378
0.13609197710705284
0.18980479520033164
0.20625382403093748
0.1932637263795657
0.17522808616883398
0.1489072665817122
0.09159050529314346
0.20962194620223143
0.14672783007527276
0.223334293172973
0.11173228205607595
0.18420100904663533
0.1384942580578925
0.19781468822089943
0.15088324128681482
0.14686919500309795
0.07210977264853172
0.1649215776108563
0.15041638956897435
0.1524728342476414
0.14325513113996705
0.2172934433548007
0.17319346308230432
0.22937888427660832
0.1189977227191123
0.09824371517391953
0.2187976504714698
0.22174488996505856
0.16419089029717182
0.2669861371154501
0.19648173818015507
0.16422343280976748
0.1737427898475997
0.2096643884797038
0.17615518319680237
0.14943014534142013
0.19889426438161908
0.15813714019819014
0.20298937540084533
0.20177400939539938
0.12279171667331257
0.24271288142778674
0.1799164613289761
0.2392234982561755
0.179895027393156
0.2079133824844727
0.1725504334449117
0.12793276117102306
0.20216218618439888
0.2126245431410945
0.10506297337877044
0.08515736670612183
0.15590137434787116
0.2539331639809247
0.23572434745403384
0.2381592047094351
0.1811255295601739
0.15787325317446788
0.19431379455306783
0.16733842809770244
0.22325715900630297
0.2608784422497773
0.15466721634364686
0.2160314796145438
0.18760644557211137
0.20695736604885107
0.20015502393966306
0.12170590012091478
0.1347094480019661
0.18723820299935334
0.15805530680338123
0.20814897193846849
0.1616711966535626
0.17890682131101185
0.13090698314907084
0.12849332993431492
0.18334896098830328
0.22998379916072303
0.18161212686475012
0.25202626716922016
0.20150112164238304
0.20484790734930336
0.20151678091129008
0.1395138924883148
0.21783110391489965
0.09537933194419215
0.18753162492272685
0.10422216088245166
0.17596077249519507
0.10127715375755163
0.23790312174662906
0.15150729725215212
0.18018188198408588
0.19799275552898438
0.08780462079291057
0.19194271356043752
0.143874544964501
0.20779345906173052
0.21372033156943634
0.20408820074080952
0.1834466127886094
0.09527807499376095
0.1897263462222347
0.14737781730649416
0.12503059944516112
0.11567889394233133
0.09522200538275273
0.14359468535468253
0.1436831330475163
0.1569766330945755
0.18497376743275679
0.11706338073773458
0.2034578535465566
0.14889000467421873
0.1517489540318558
0.14093392716143543
0.11826740541216549
0.14982220531916013
0.15752560773398344
0.257301142969523
0.23205335080125372
0.1853814986200687
0.13830974893501297
0.06818375678060494
0.1969957597429556
0.19201349478494334
0.17865951680596515
0.13883329378979148
0.11805648841593633
0.23607893948947828
0.22725268969287926
0.16921866645921238
0.30103936783322716
0.23515121722240226
0.180334377935986
0.1430560827136591
0.16080522371519526
0.22010036252234777
0.22267350294951063
0.11512576009596014
0.1748742074473266
0.11125023694403742
0.13965119272722643
0.21344460764679915
0.17613312822403945
0.23551110900481856
0.13471229403478038
0.12545899872086172
0.22565934519735548
0.23193992493925358
0.1662971372709437
0.16955557943135482
0.13743134593631856
0.2489282712919546
0.13353771825359817
0.22479427699711507
0.10676955834948675
0.2252918931064174
0.16411476725636284
0.20034495341689784
0.18817479428505143
0.2384760073153921
0.2538183594538821
0.11414779053287223
0.21908846506801316
0.19644311050705007
0.13355561570632082
0.1626506883725965
0.11328783674995359
0.23387029208800444
0.17716581869576672
0.18191267607567724
0.16312602530148584
0.17412800107359622
0.11752564397941348
0.24466716458975046
0.17747020619972848
0.1907662750947267
0.20256743796899596
0.17368926299357104
0.14836349491678852
0.22792264478661808
0.19099389993732704
0.2265370050829644
0.20458734094630915
0.21891040758867883
0.13470206420852257
0.22695329335710687
0.1941439574891938
0.18134062291866335
0.10951036505286924
0.1789060244072427
0.1857158476583831
0.2534278819015523
0.14347065599632855
0.18849622690258694
0.16317005006056096
0.050864099495960435
0.24826666005497883
0.17801022009551196
0.16497813221581975
0.23526610001770687
0.06795024918704223
0.187034589171962
0.16361049088662005
0.17362093686773034
0.17196363762007988
0.09177155955884754
0.1317390831056347
0.1788751260810704
0.15163055667447362
0.15147488196826384
0.20336612088533979
0.13251684949607556
0.20184587617800698
0.2583150051263472
0.15274021487020256
0.18758576421407439
0.2655508448491296
0.19793922811082607
0.21235311889379227
0.16349029627193992
0.18010562860734708
0.09191702322837157
0.19858275281668317
0.2170907960155944
0.11944081415102437
0.1524341887569069
0.21520840482712306
0.11727970509932968
0.19016652809788964
0.12257675642983515
0.19943613671289248
0.16135647673738815
0.18370596084163934
0.2589481883248041
0.0945282679758523
0.21566585166416022
0.22044043090643195
0.24683078648634693
0.15583395568346572
0.1648783893528018
0.20926729863891763
0.2763585374670856
0.1994408702550729
0.19829147090301655
0.17096306795935248
0.20255644931953923
0.24258619480736193
0.14389202507058563
0.21766257260857774
0.0722342334947085
0.19547344688329887
0.17782737903443996
0.18817929892793328
0.16566766782315087
0.162286517029361
0.22108489163004907
0.21647022769544916
0.18167950345169795
0.08095900765481376
0.0953078532531821
0.2358838236834519
0.25892838493963705
0.21374429304276182
0.11224416083429575
0.1809801179987754
0.21157344409424772
0.005535810926873164
0.2076674626817644
0.12459427730458122
0.11268262822497936
0.18344954715085734
0.21114246711978787
0.17008771712941903
0.15374995978085657
0.23521523634496655
0.10215221407131202
0.15465566176184548
0.21461122105331926
0.1707011851658107
0.16036566096294447
0.1481998889481391
0.2899777376936681
0.11253187610248312
0.16321284066756636
0.18809057268331913
0.19862497280684593
0.18332408031545688
0.12039480731681748
0.15343052356024184
0.18949032848386443
0.21137351284591357
0.11198350560930105
0.19631005700076926
0.225984694740262
0.2330137924762268
0.19595433860525113
0.20581393083613175
0.13434818630495332
0.0961289585379415
0.17953096981168
0.21528993898362506
0.1321794013605401
0.17205352736905816
0.14299337421657835
0.11151738650021938
0.16622714718477216
0.18224719619182733
0.2571744749725838
0.16818748043845944
0.23960513394126062
0.196392712141997
0.1356461115783561
0.17225481101080065
0.2091054766901445
0.10405145518923019
0.1382911686187576
0.22209416871890056
0.16616198359513512
0.13526934344074
0.09797455981601005
0.15892615620294914
0.19985717376193898
0.12421131088600265
0.23884237443163658
0.2701873517805295
0.24254657847772276
0.13537196152768619
0.05786177449178605
0.12454391155815862
0.15761288917678537
0.18602408465036302
0.1872400427087584
0.1277457756325619
0.15719258408837827
0.11542722331183498
0.15860068640144984
0.16619826102333346
0.25108115094359723
0.1585652517373236
0.24139024631517386
0.1270499853960561
0.15565785010074046
0.15185129248357976
0.11945783649394809
0.23675645952152322
0.02919114493471653
0.17203568460318208
0.2266043990361288
0.051351286004975544
0.15841250505628807
0.18264504413583477
0.23895902001647473
0.15796845103782145
0.1941084787728238
0.21108149328726933
0.1836343272369353
0.22245071636798355
0.14401364946929998
0.1549298241716639
0.19362885770714636
0.15238440627065364
0.1646077106332282
0.14993581499608305
0.18319796306012656
0.13950022089472336
0.0988493708107648
0.14407244191268836
0.15211987287773993
0.13618652415456262
0.17033348003232168
0.23687468775855333
0.22270484799578139
0.13733106569192685
0.1568303636632121
0.15850063878646378
0.22818235106800813
0.22901098354025562
0.0412589264245303
0.18250324356957356
0.1012871672683007
0.28671725908579093
0.16726562599596428
0.09343113475612133
0.1477844211097237
0.19400436876887733
0.22347738130747358
0.20773323670977414
0.1288387477360728
0.11851498209886846
0.2538539898997376
0.2645457538761696
0.1781562720006484
0.14831837140708265
0.24760206218207187
0.16109359617753816
0.18747564800394012
0.0768186214777922
0.13959105601105756
0.2105597876888654
0.26435215928185807
0.14820489746890492
0.15667415383649183
0.16552784688736452
0.07211640683113214
0.20281789033775155
0.2708352816318581
0.18164698313631986
0.18995283923188883
0.122920105459429
0.1391277325760672
0.196707595857741
0.17195626904672495
0.19618774447551582
0.145044808624453
0.15191992954927025
0.19951592330547405
0.1877807506119292
0.1356681986709171
0.2527559214763218
0.13545506546030125
0.1938340536867589
0.14826820147615885
0.21330954305774824
0.14816335066512445
0.18816426925033813
0.26068154741575816
0.16818876354645357
0.07820681300472176
0.24820306340749423
0.0595264273264776
0.16111007912702996
0.131719179002617
0.30164579049527485
0.13350454522988445
0.18769317207882985
0.20604853626516004
0.13039638389938285
0.15731419113990508
0.2143597940718332
0.15594091086640266
0.11982770284665972
0.1878405532765332
0.10848649005734487
0.2196083888975691
0.20619939721957328
0.1789816625264037
0.23454105935297026
0.22008334754448275
0.11893454055005606
0.14293206377972084
0.18610960699362972
0.13482822129044952
0.14198669259093633
0.20142535236726933
0.14788661642928114
0.254861194031015
0.15662927886760838
0.1096950776060612
0.1339306903703256
0.2330423194332753
0.1341538465955809
0.1810017606823786
0.1960948075822567
0.18334629164287572
0.18323626583401992
0.06281143757100388
0.17142527788350168
0.19721084096944852
0.12887330391618848
0.18173304269458732
0.15845670896903433
0.14112979659803437
0.07401621231355356
0.15967518475854942
0.25128884523266165
0.22311541823998962
0.21469673648579585
0.19889047538965562
0.2488162336061015
0.2378140345778814
0.10986025748218738
0.15999096079859015
0.09244599813728989
0.15569812663783222
0.21545584840529008
0.19589397419528218
0.23263880868955958
0.25648750096771405
0.15391449049709466
0.1914424583784658
0.1912983132701068
0.2660365601035956
0.1651987073163897
0.1563454545972614
0.14788565236740145
0.12815990476948924
0.18095639689634102
0.22316725928597653
0.22550899115560694
0.2051441477982865
0.10316235848181171
0.18369612319933437
0.1506708930597741
0.09879390321273246
0.1775727357793474
0.2652286898516384
0.09580459729847
0.17048377849360002
0.18414574184710336
0.24320820435501128
0.23933205249518744
0.16782014965895276
0.15792046975446558
0.24216485245329278
0.16888320864052006
0.08846229495900221
0.17138067722233694
0.23028436878468556
0.11719168661632508
0.247190734455684
0.27107651783987097
0.1289087591842593
0.1724822515441799
0.13932353325451582
0.28197610113918187
0.30206796989313894
0.18141113916997
0.20305000906192452
0.2007946895110019
0.13833344636282563
0.15109902802217257
0.14013968212395472
0.15551634627272226
0.1753221065449649
0.1603620299637794
0.10968243993524018
0.20882051767681037
0.2523284897200496
0.15156995127942954
0.18082687037082673
0.18187097036971359
0.2422383913502227
0.0852312696695523
0.19173628985722727
0.05284675485830234
0.19817995707500186
0.194570172319059
0.09319227527649399
0.2628228797219079
0.15846496603521282
0.18569811333216432
0.2259155033140898
0.2920475373589333
0.2558203688558724
0.2517221064366727
0.19074670632011456
0.1633340686794048
0.22256784121893666
0.09050855958869852
0.21046912256991077
0.20267649310553357
0.17045184910670438
0.181833601204627
0.2149431292225155
0.18986948039659834
0.13777839946715648
0.12203418595500398
0.09826137167398424
0.2155256573714477
0.1403208145982515
0.18886919367206084
0.06293399948300545
0.12435669911291758
0.14138281263000035
0.1661773440802451
0.2297360437860976
0.15124373262544735
0.12693050534700162
0.17898199178051744
0.22720356320856744
0.14375100997452164
0.046419361004173626
0.14983583733421513
0.1615399863274497
0.19503887486291618
0.22859003985596177
0.09698767742640407
0.24160585847282212
0.1200801033169186
0.10680260525122115
0.19964146131521454
0.1489751087224008
0.17813859080880018
0.12956224487307957
0.17813085468564444
0.1671996433387791
0.23302809070638256
0.16317855287539776
0.1033044709418488
0.20912695859644595
0.08962774744426125
0.18376397689405036
0.2105592133270329
0.1512748978472647
0.2283395765456438
0.13572753948569927
0.18994419283189154
0.17383439915413743
0.20413751043930622
0.2236562289483034
0.12494462337090938
0.171695012076594
0.09347238979590919
0.1804380405203971
0.16063217383352715
0.0878540256022037
0.13979434775885766
0.26639025792705784
0.21197354674930047
0.1857383392992445
0.09504576606847953
0.25705413383649706
0.2202330507116916
0.15655686916873365
0.17117709691678745
0.22878642681630165
0.1790628131074121
0.20616562041175962
0.14722393165998515
0.14294455235553108
0.21900460528785126
0.1546380379264548
0.1758811902545083
0.22813381490339527
0.23394608079938162
0.14259049607606483
0.17928893783297442
0.13323519646307927
0.15967146046466527
0.16339198692850015
0.12326666134155623
0.21865328047014695
0.10590810885824432
0.18327417938345242
0.12442967286474918
0.1094610989596824
0.1391789154492462
0.26543084862906907
0.2146985170010166
0.2763612848682858
0.12290130454052386
0.254480977271178
0.07488052568238268
0.18518188697761592
0.1819795250698834
0.2007545867595769
0.11145646457272645
0.2674008305628646
0.21229696312463403
0.05982439078961872
0.1081821558334446
0.1988528863648948
0.20750910412851112
0.10157963430776483
0.29578674462299187
0.17264715703269262
0.14525310116798384
0.15816267035237647
0.26837913838695016
0.1297319351727703
0.17829433556905463
0.21528205056697475
0.16801675560812415
0.28879683339076784
0.2289216526363059
0.24689666195438453
0.25579405991275467
0.155224611030506
0.1399226652857717
0.23747824393817926
0.05195381638081184
0.14629968600578236
0.1271758713517405
0.1191729636491799
0.24564754983808568
0.1990482868300564
0.11287649825930238
0.23374308679208494
0.22828888657335156
0.19102850741934274
0.17802417679253119
0.15107011150115643
0.24493273155164874
0.21731778042589361
0.12953191368533537
0.24517900313176327
0.1317368384234261
0.05554991161922901
0.2597984974178806
0.1433574036917377
0.1907738311071397
0.29385285555846863
0.1698309777418706
0.23922677995619873
0.16206751190028837
0.29829816201625975
0.09428667294257438
0.1555573819400304
0.22298648599507329
0.11962539570786167
0.09022853800099653
0.20729065553014744
0.139055442782267
0.15914192783770206
0.14826229110626513
0.2222945769629157
0.26543463837003883
0.1556381862999675
0.1684569357840684
0.15457840616653545
0.19724936805053955
0.16946230903017462
0.13089799115155384
0.20309386695302079
0.22725674736280801
0.15874614833790154
0.16720653334391777
0.24441466545296925
0.3194923097794381
0.1171199253694643
0.11567043533290337
0.15554216380621638
0.28149502184407565
0.2199753558102948
0.1742370461690719
0.23125560234223286
0.09712065126239076
0.17459265548680958
0.1673423753056055
0.14732136783049207
0.2317449050963743
0.21803814961330859
0.14549008330976915
0.21656097889447137
0.22663104070757661
0.2936806882559866
0.15074611111131075
0.20695906506322645
0.2061099269675441
0.2451517200091125
0.16966960081523405
0.15775882217890852
0.1978067547825892
0.18939901370651652
0.14933372245202797
0.14648240277604735
0.20379696415555823
0.0965310812765694
0.16204171853163601
0.11584808474606902
0.15146549325760883
0.11686411742928945
0.2672128309344334
0.1665933422789786
0.19882123892383086
0.1040177885117472
0.21638874826086474
0.157480328899275
0.19731890770234634
0.08499042871094617
0.11710710780227548
0.15357396808000673
0.18165132403741985
0.2298164114242039
0.2042989066295929
0.14834472967626572
0.23084023531858724
0.1440425069469893
0.20028198169572917
0.2628367556655045
0.15392073729532504
0.20852128480679422
0.14680575478855024
0.16741327900995293
0.17059402435415327
0.11290521522091082
0.13968973594880663
0.16481473199469462
0.1651099416199454
0.14634421205874532
0.12398337460116554
0.11320911343462438
0.14661715678900852
0.22853125346085087
0.24173359392222615
0.09792917117910784
0.21981407113207788
0.20218786897329055
0.24626408763752414
0.08196015285896233
0.20368894239888607
0.1497025572630139
0.19286947697027604
0.19141831496675774
0.12357411764425355
0.198219558372008
0.10245367878119582
0.18682142193645246
0.16880148291986483
0.2578774021548418
0.2005306679302281
0.24935130312158732
0.2073902535700223
0.10693483654428666
0.16292861242775006
0.21008482971445958
0.18941210452477752
0.20899369816725516
0.28061833130714164
0.12899260367593904
0.20079737703008133
0.1401740143002515
0.13507564262893604
0.26573631915575724
0.23919612866095796
0.12482183976490394
0.20135852540082838
0.1584613391063247
0.20014690788440978
0.13407125671232326
0.21005880252112252
0.13031044225846228
0.1488679547574288
0.2624451478295715
0.16045432985081953
0.08430987443697034
0.1176533337197655
0.19004560716113017
0.16444952714035876
0.1375942777383645
0.24154067896928216
0.061922470869276144
0.1665944480023494
0.19508718360597266
0.17989765986964804
0.1902538977232654
0.18337594516805095
0.1774681357168863
0.22398651327221283
0.18729285326312642
0.12800844972930653
0.20668218397619292
0.14310969694689568
0.1279268467211919
0.2547772231501074
0.18435808897977196
0.16780497619369
0.22005589441802395
0.17968172045349726
0.19543695644104375
0.2360276235321784
0.16503712554457506
0.15116549436292018
0.14217998565647474
0.18334283793380052
0.2261877560808105
0.1773006784618778
0.12603091138936207
0.19751023580275526
0.23711524445691437
0.18880267634133768
0.12865742498920713
0.08912967441085934
0.1909679124911942
0.09454289280099026
0.10451435845765539
0.18036196287533662
0.21892275784505458
0.3217512315562316
0.24114633305978087
0.07715158774210014
0.17920182745451754
0.1128545179872932
0.16619246298005705
0.1963677322743569
0.25759642689353607
0.23213563560702133
0.13788133682113504
0.2289219465479133
0.26503553623562626
0.16281801024831735
0.13060779196654063
0.2000625748210545
0.1032926454188275
0.1790034884118256
0.11742096989631566
0.23603800665323418
0.15963323538151447
0.20098147403131988
0.12833737591583794
0.15177755000646073
0.16755398364080887
0.23352416753018818
0.10397344902966783
0.18200018117862762
0.18780967778484897
0.35492500608438493
0.2087377551996369
0.19425904528524318
0.1069535207767406
0.09577324528992268
0.1963448033133111
0.20635769039062868
0.22379281231076195
0.14719629018231434
0.2571441240499145
0.09481866625878073
0.161589237641204
0.2296213531799557
0.27181414673035775
0.21016692464821357
0.04913027209887921
0.14608922015962636
0.1774667261719188
0.1742817431200198
0.19532359468846344
0.16655483970616883
0.15878987352619015
0.19649287848184038
0.20785975452379174
0.15311751962875683
0.18846189118377876
0.24386668406006842
0.17664257424482904
0.22511467706715288
0.1037326346109901
0.20032129304009832
0.1802361047269821
0.2080748712294114
0.24022411223929713
0.1728676382518787
0.22826538014423808
0.1836255927304492
0.0962380831561702
0.20886148851478203
0.26860186915084594
0.16623158768769114
0.1366924179830164
0.21121893487195637
0.17323697298963714
0.128288631047488
0.19793941333352316
0.07855068301153834
0.19586406125211459
0.26425724623737273
0.15244184619397477
0.2233776304537905
0.16477445467158694
0.1411571140022265
0.14672604474942583
0.12304935600035208
0.16453013679536588
0.2954923683917027
0.1911480149151023
0.18958521697875053
0.26509829770417564
0.1084226709421968
0.2034179512856362
0.19270678582189313
0.2221084667870285
0.12636964897626024
0.16293000526682108
0.17559866087344986
0.16220083909320082
0.18407860280335162
0.1714187379660353
0.18831190093784625
0.08712853100205592
0.11977324392188414
0.19613005292528576
0.15495217996502575
0.1655905496505722
0.18675523557301812
0.18237531792333414
0.13663481475390152
0.24427500448294887
0.16624532774346523
0.25749484438583914
0.14848353008929685
0.17550428600394535
0.21823651686261164
0.15978610730728404
0.21286735452904967
0.09858231268861756
0.2261251407308673
0.20331120876146902
0.18047045946118978
0.12968418810746887
0.24301263856312544
0.1854781627621775
0.2682706181919657
0.20148135440958573
0.12698099365201815
0.16361206092185313
0.23685632334277748
0.09687754340757034
0.08961539383832645
0.15807345522512864
0.14264049569979528
0.18649860551364464
0.18291449337881
0.14048645031510093
0.19268241646314885
0.16403939929660327
0.24427420196283
0.14029317724634782
0.17632668481652114
0.23709627229810673
0.24103766498262813
0.13259330404889066
0.2097472047445502
0.12836659246603235
0.13190226662515245
0.19659456449749702
0.21105277449203172
0.15059888928949075
0.22413782706112995
0.2136805754239179
0.18842176820701242
0.20381964292839796
0.12311769066909245
0.27533921822135793
0.1798008296926219
0.10108399382983957
0.15816084667201302
0.1593850282195565
0.1675845007715806
0.143269796203321
0.18512010430964468
0.196809204160952
0.22701245163908368
0.15565289004734004
0.1906674492845612
0.19021838541082323
0.21825971045634737
0.19704253385629955
0.18900589531163609
0.17014736411659598
0.19705269009740428
0.3345946283528066
0.10266005192507095
0.07863928850540639
0.16749427200733888
0.21771812168503013
0.20661098065350297
0.23222179738355786
0.17893588859928056
0.19898879265713945
0.10839135825088773
0.16766737959059574
0.19781476928971686
0.18859603586125037
0.2319446233376546
0.14392893732224948
0.19977331778521662
0.23547633922955064
0.19846233433295868
0.15133595379762677
0.17480179008878005
0.22852598425661644
0.1293529903356048
0.18336598816238334
0.09770106403911635
0.0986020489234686
0.09328437309630216
0.21848140490435422
0.1718068753013413
0.1896138194298355
0.17779732033778226
0.20370248372785432
0.24043709861044552
0.24904412773711387
0.2162183855853128
0.09989115070014154
0.07731428821231921
0.18408480176522884
0.20863345894190446
0.2578222569182186
0.2671813256426703
0.1637688169442949
0.18138036895324913
0.15155587897027967
0.25196008489109795
0.1889515848987319
0.13109070055665065
0.0927743663812459
0.21736200777680403
0.20973581607416383
0.2034473843955698
0.1148541995434062
0.2172116191276413
0.1673472039156324
0.19864827150081402
0.12236669663545086
0.1922300101115821
0.2140198511721733
0.26057216308588094
0.2384846690147411
0.1217252934174369
0.15205973028471545
0.13057521853672624
0.21589150327709777
0.2660923293870772
0.1504877872087888
0.11509863934832108
0.17976830153217388
0.26567030659245106
0.08699113500097534
0.16782126192010424
0.163801780258486
0.12030354721890105
0.2095657579531533
0.2411045609115207
0.120611174140879
0.10234386155713847
0.12703837917816588
0.10866904677650623
0.09681084467851442
0.24018470546874016
0.14802897238545112
0.23065482690402875
0.14237101996031842
0.23038514972019405
0.20142763064858643
0.25245901128013504
0.22224927049600035
0.1887708445045861
0.11787298722516534
0.19305446135442775
0.22527075787341674
0.11468484412032065
0.2512339884548378
0.15649978260402453
0.24370942154855238
0.1489338344925372
0.10895258253537465
0.15766100939715436
0.19424906892514
0.20147467207851688
0.23524018160510832
0.16081714844623643
0.16803659860756331
0.1038067484381334
0.17831055586764794
0.21906406472167067
0.11425828471095813
0.23161253541647253
0.18504504759647505
0.15412219885431613
0.13494509337819102
0.16638952934736342
0.23524595449546695
0.15863102581977628
0.19818063656424842
0.19595826628804386
0.17082535853185077
0.15495147752059252
0.22703090130619477
0.2185350816068771
0.11838294235724399
0.20724523927615957
0.2114905253226383
0.12318055793157129
0.1678775734886913
0.12921875810014477
0.11793198897292662
0.17989573660094943
0.24896421669962815
0.10184953113577389
0.14489482203200932
0.1367733743329697
0.1918850313604433
0.14687689398257942
0.2154733610229998
0.1640988339122984
0.18449862414042403
0.12235283777496303
0.20771289578217367
0.2020276902977976
0.11950492828561318
0.2075977057102824
0.14159570578660996
0.17034924258328524
0.12735916378721177
0.18086850641881488
0.14946205068103416
0.17576054925586906
0.1444040579861152
0.2663644713196345
0.16050200028098274
0.14398537864339664
0.15377717763874962
0.2061238331624284
0.13947179298312634
0.19662585439309416
0.17617683247523117
0.2035595421774078
0.1762689552424892
0.23008786606092468
0.26219361395265006
0.17708306321217074
0.2127544247665666
0.22401426216644832
0.22088559485414969
0.13405045963398282
0.22312176445360857
0.19868532912355183
0.23508386669536951
0.24513254836275195
0.16214711856688893
0.25700139484410556
0.1888957186514075
0.23732033613932804
0.2230776263120886
0.21698762781185152
0.21523034794565438
0.14170694993646435
0.1919953106111137
0.13318553561458635
0.21550607003260974
0.21573985901456622
0.12847052366361694
0.17114134937372033
0.18518700240231223
0.17268611737741463
0.2698487480951436
0.1798624539044112
0.17028996099643173
0.2064714830391249
0.20425478256300184
0.1875672394915827
0.22418248670886315
0.09400657805757748
0.10749430593587346
0.14237881515731696
0.22703546386822027
0.16433255581352738
0.18854038805061338
0.30062345995619205
0.10459947178543613
0.2104607148954451
0.08969300519712455
0.2245040727388051
0.15864344600162356
0.18998919976198841
0.23695123247498975
0.21950222836031502
0.18236351141356374
0.2590754854375518
0.17229084238770284
0.14011119370872163
0.18463371851652985
0.21483023074409596
0.24765338556025326
0.16030883438992855
0.19625681972320264
0.19423444100734805
0.14774676518956598
0.2583815156247519
0.2595977222113367
0.23122038321001726
0.08591326125326185
0.14285719399085045
0.15209311456612645
0.19570947287001908
0.1504952961198806
0.1939958927170073
0.20057459856187165
0.18074056833115038
0.15868805580194523
0.10601904563759808
0.06041872926725689
0.24346167553817288
0.13879423442141745
0.2265084807092421
0.1755847037777105
0.2505774239624394
0.1871859051520267
0.19263532983771015
0.14563223120428093
0.048432605691190705
0.17986168939105016
0.2321902411311102
0.11911989731737338
0.20898158661847874
0.08705326798631803
0.28167181948355186
0.18094642941817266
0.17276061654358102
0.16555065916231262
0.11341986969303948
0.1843433666503721
0.1337831612261505
0.20770218282115832
0.21008202713302415
0.11850830179096297
0.15353365959334955
0.10525393389380246
0.10390221695004402
0.12242727111036376
0.2642191164860367
0.2457222396613833
0.15422409786832314
0.28403134775045324
0.15178948724217606
0.2247513060053974
0.2559317452064548
0.1448603843223351
0.22129054583163227
0.12382304687248893
0.13251842909379494
0.1311466801406701
0.14545796718199605
0.11826888732197821
0.19465364339874486
0.0945338037603004
0.10873536921834469
0.18386657966464975
0.14897628327344353
0.1366918054174352
0.1322369457384751
0.14901501381188692
0.18536182629988318
0.2659757050965389
0.06883916250885869
0.10938298450210855
0.156492365282449
0.1844980217546258
0.21106443183956106
0.17229175899408253
0.12327152884512069
0.2076544214343105
0.1835063744844695
0.17069223347640824
0.15313894092102048
0.2010935559480725
0.16520711066378613
0.21695368980441992
0.17685465149057722
0.24414145805887152
0.12916957772177734
0.17679207035539116
0.28689793629890603
0.21487295391371924
0.1447735212662377
0.1399715885909116
0.21825996566379996
0.2673124650114471
0.2027303650953211
0.13625646161468782
0.18771176339262435
0.19801008399456263
0.28158083305707915
0.1846290179713179
0.18939966469923641
0.19570885735521168
0.19661792803958225
0.18064369145603845
0.2571085966702355
0.24814620471692997
0.19821268107835513
0.23039483180763784
0.2560558517620752
0.23368201405915662
0.23201733502200214
0.23084342187271673
0.1948243682654025
0.1673885674835704
0.30253874488684696
0.15987719269846992
0.13401360035736365
0.25058422095164323
0.29454373530129985
0.14865334362283725
0.08690385576356148
0.12788984641592477
0.1673966266686165
0.16375629933655678
0.19271262962169097
0.20983872635513276
0.1860913142285066
0.18351286126155708
0.17527050936101599
0.16149256716793856
0.2609559523160853
0.10241672815831365
0.09013071230910652
0.2478097852972705
0.1880289321423624
0.1801627557654388
0.11137281388842764
0.19933842347246927
0.151945206506917
0.11022659092241752
0.17467404434530404
0.23076273793663765
0.2706532990903235
0.20187147287167712
0.2076373872506017
0.19703423482218616
0.19093053820894101
0.23698263808009223
0.12139027508541886
0.08696303925172037
0.06566198235665102
0.1372721792182167
0.20495867237023788
0.3238953419004655
0.19527853320194943
0.20297107228545935
0.2045905050540423
0.21580626339995634
0.23153005279149277
0.12586431460775277
0.14928474642704842
0.08498316915424096
0.15506024058289128
0.15428890879553142
0.11774888266829744
0.19980131521354966
0.2366878907979914
0.15653090867711233
0.11965020480003377
0.20532199747614066
0.2157771766524239
0.2051040631749923
0.14086994771277433
0.1405682420461487
0.16009606635273993
0.21299576753477856
0.1659926658188067
0.26457568267185627
0.1980469749675013
0.10705761523174895
0.22034943630740583
0.23061455847285944
0.18581989971298382
0.07033177011779396
0.17001431980767617
0.15633856278513664
0.24236355900410692
0.1643424181939022
0.1380685174320864
0.19958395565120196
0.16317206827687405
0.21618050109252404
0.17632804198602045
0.18350830403693544
0.0928630349936288
0.1204565644424003
0.15484395450777227
0.20666302175858878
0.30429906302884024
0.2380640594339125
0.19691686327623953
0.20781993940697285
0.192043932998992
0.15176445590369894
0.15606905164239743
0.157243169941545
0.1913358123321519
0.20478380101804622
0.16699269745688927
0.2093603698553631
0.19099450202843077
0.22618230171561815
0.20008319943303973
0.22648758401523983
0.13672261374831277
0.17943424114219067
0.12328219729566398
0.17554386087803212
0.11609586993884172
0.1798660535634629
0.11393722754175459
0.2228299791252772
0.2142145698387551
0.07414726732033355
0.20972797604923707
0.2440548294335107
0.15139588283703898
0.14956242761887192
0.22888039025266418
0.16112828338622978
0.15840082172540731
0.13742982483051616
0.10320532957695856
0.12033266971508269
0.2551317937228348
0.17079203369973842
0.2722330105211236
0.14581629126768936
0.19537479227475996
0.17797534949589955
0.24004035422001074
0.19203749850870225
0.16829806057077307
0.10645812667088456
0.1898178116900641
0.19676244905577517
0.142211475289322
0.15155127144395983
0.2637886978576534
0.2100428006607419
0.2663499868697567
0.15024341566218125
0.19940689686931104
0.22951756298055875
0.23839079727532153
0.16784071852006635
0.22909331278402778
0.09069786978683242
0.24397841290033875
0.1344298237910287
0.23974398694980395
0.17869163627682264
0.19680078895260122
0.1811733840880224
0.13392260627696778
0.17088262674257731
0.23872469324117324
0.1702521799123668
0.1877249406297783
0.2555934865655447
0.19146413133510717
0.22566274931804783
0.08203536685534157
0.20044144186057405
0.21951031653327796
0.21704097990152255
0.1594739074525741
0.25659502537531975
0.16176394407350597
0.1642159358813993
0.18275641232816825
0.13439334970770683
0.22832434501784313
0.09582775576694219
0.25109580677372845
0.22447904551397194
0.12461641363082426
0.2247427132780927
0.16318292795410713
0.18493943436913313
0.11386782986801254
0.1736313072789874
0.1635379465548658
0.24592788375840893
0.12531965606870085
0.23685296139867126
0.24347732330496602
0.15116518832421802
0.20057424676157634
0.23287922857319787
0.15259998546243306
0.14953492298487744
0.20406502000730087
0.17745781995662416
0.1351571199294026
0.08826550431633276
0.22866352243687074
0.14893174569307524
0.16901527487219697
0.18686487212169148
0.13076392491608219
0.20540479078888532
0.24043449147970108
0.2237825453380739
0.14075618898088538
0.2255489220695543
0.19927781674470849
0.20050190212041885
0.10977396564905961
0.19218700209626977
0.1805511458237392
0.1576180428727097
0.09944504589246857
0.082477290863258
0.1988523106044762
0.1626033920057368
0.15928816187699493
0.2359467828635101
0.22901667170904721
0.20178295352451903
0.1998693251270785
0.1405630426925815
0.16103849747676424
0.05229428908188613
0.2052898893622162
0.1848059540265744
0.09033867209527005
0.1825831700378988
0.2579087141845378
0.11394553980142706
0.2546380969233994
0.11613272768217733
0.20854012766064253
0.17857714596923221
0.2099389437309778
0.14622351917169216
0.2179829100218327
0.19524836929802464
0.0395419757184709
0.16365410201007974
0.19322856523281706
0.10133917213148814
0.15378134300425975
0.1275308223922379
0.14311465341706928
0.14777263126052703
0.14855468455654225
0.2014040886947792
0.15004941638318148
0.27957235485617077
0.2790139492379814
0.12749573140646148
0.33714251175564325
0.10765840781488364
0.24675481237791108
0.05843303708481845
0.18390038475303166
0.16837390165815597
0.22444759171185988
0.18230403507886547
0.12448848031126919
0.18503110121203772
0.19816399029695114
0.1800643347367326
0.1817046581559442
0.14992861648201622
0.18666336306620435
0.15970486235811726
0.1663587495725874
0.10902154292320303
0.10777221419855883
0.21646451394239677
0.22867511253847458
0.204099799915114
0.21306257612626675
0.21274903812245066
0.174126366249429
0.06663373331858956
0.1126404126166615
0.19592878757947788
0.23167810250973886
0.1719502588400189
0.22946507707241914
0.13733931825662762
0.16874189125724579
0.20259399811788723
0.19274549694174503
0.14108794301301242
0.1893450292682261
0.2127283767577478
0.21481994710992514
0.19318669801798583
0.1459107318489962
0.15152575837944676
0.13565086319249303
0.07785100675282129
0.17007597555108228
0.1595605981003768
0.20318667444115154
0.28278373463147966
0.1340990289690187
0.24104662155247958
0.18319247155024498
0.17496691411273468
0.2036508730179597
0.22152296887419548
0.2307818212250768
0.12139925092316764
0.26391332810626567
0.1326726997794093
0.22797229978574768
0.20153055857730423
0.1571084242916258
0.18403819222885112
0.2456083555025753
0.2192624740401033
0.1441869221434722
0.07681069831147985
0.3052201810996582
0.19152377500546777
0.17124259349802293
0.2058185300722186
0.17338799365432772
0.1489117763758953
0.15984836680563194
0.27888516447866707
0.15117126898679106
0.15838843260506658
0.16902461824084297
0.23747044973025558
0.1797818859740708
0.12923270652196867
0.21460530898403934
0.17243803403179173
0.1152704219230642
0.17729673489255465
0.21252329365329398
0.1486876360968059
0.1678650962479562
0.20644641501962113
0.20470225336067696
0.14264519307891044
0.15109287600155602
0.08774250785397293
0.21654722082149794
0.15721614972636658
0.183070436134058
0.2014826011812587
0.23372294896144105
0.16673727453247567
0.17687587766219343
0.1639355417989994
0.26986957946974605
0.16704763211979226
0.14933734361981188
0.10316746474648573
0.23251204271059164
0.21719522786627474
0.16464984306886937
0.18549844894025297
0.15895731066420044
0.13832817285984894
0.21047535194103126
0.16861896593083284
0.09318831427824767
0.18051202331151472
0.13592200270718868
0.2167617513147979
0.16599908933534835
0.20958752952228576
0.21789858189550865
0.21930811235086237
0.12297204212826135
0.20936477164049216
0.22028834554449997
0.22570666445161414
0.18536874300253356
0.09496940267822664
0.22149756687851693
0.1527119617768405
0.18485304847366452
0.15592125746841004
0.24634796789180818
0.08914406204689118
0.18537793577378908
0.15749073251121182
0.12362394754066006
0.07203947427125384
0.10411640328352215
0.18537889207472977
0.15191578922722884
0.097825103769718
0.12243271925922142
0.14078457308554718
0.21761923601234906
0.14158673240025396
0.17285320757155376
0.13997757267780137
0.11626216587908002
0.1511407891333369
0.15270067469638132
0.12098202909273151
0.1940066555636204
0.05572845330877885
0.10084797677016384
0.26762001345685094
0.2575871444079439
0.1930787313058511
0.22394195624836277
0.26641308484830967
0.2655429009896152
0.18513801430731452
0.19645876454161215
0.20965589356323133
0.2082626166411812
0.18275519245308633
0.17717395925821386
0.16383328366279068
0.15979733955049966
0.158847169065964
0.08000818988293079
0.2174332828344073
0.23246371128377272
0.13007376414474464
0.12052186282486592
0.16447494183771905
0.10252436108948554
0.2165601582463813
0.22882101019276452
0.18820064371631606
0.23485744495441416
0.20288286461244864
0.1858475841671377
0.18934350448744625
0.1346041987490673
0.29938283445057845
0.2260670077535464
0.09421967180453789
0.18574662929626318
0.20352362853901396
0.2418577759830864
0.3045591850564824
0.1683399068586077
0.1839545785114681
0.139934815219456
0.18169053416020117
0.29675528721512306
0.1730730503071725
0.198205425505953
0.12239142013809778
0.21230328809772966
0.1589661510791645
0.20986691671063407
0.21391838129605
0.15695528954967444
0.14427757315355344
0.14697551477531942
0.1738061987510457
0.23898484966153397
0.13782402145915912
0.1935290318366409
0.22650782629770555
0.1974561397816338
0.20073451233673198
0.1697538644858659
0.11188026116507747
0.2062176767712248
0.2298772276736682
0.24516532423193604
0.2644891102300784
0.10074459735187145
0.11492935847238123
0.16341636910166948
0.16214524533364835
0.15999824074396554
0.15805657162557543
0.12464920631650708
0.1638337973205683
0.24553229537216292
0.12125070938958907
0.17687746254585768
0.16942945158939743
0.25071369368538543
0.1872269361501343
0.21370493213611813
0.19756756199140152
0.1899584863005049
0.17284652427354094
0.18895512821072077
0.16687152368866878
0.12491193502735728
0.19547371868326802
0.2235217641454351
0.20734098931315645
0.08171981801299216
0.17533672283505736
0.13566265588049733
0.20655800555122666
0.09782527286120463
0.16217496785077357
0.19514271818813064
0.18474236618317133
0.18991966104955835
0.21261360558984438
0.20134046593735772
0.1797170073570809
0.14218840977328367
0.22952829476876838
0.19390829461965187
0.1394284187488141
0.18026441840505922
0.13657551546666413
0.16110293388544436
0.18246911532797272
0.0816874503845502
0.1891776279388685
0.2543651330399893
0.1610926055414448
0.20360482401937313
0.1705146532074889
0.1782573000350211
0.06386040536093823
0.24122940817750735
0.14579821400079404
0.1521079547526095
0.15110262728469143
0.19631083519106587
0.17526624338422536
0.22966785283987332
0.13709589929892774
0.1527483629688816
0.16907482326724213
0.17355061084806306
0.14281636130574277
0.2223151558056171
0.19779547187346758
0.1965393246313284
0.17012884899631325
0.1794898792298396
0.051996175559349406
0.305138360101843
0.17304380249761597
0.17649160955184223
0.1852104356452538
0.13815106925559387
0.1645200489436334
0.19885756647203803
0.1386173578139796
0.24246663698265852
0.20396623954384954
0.11800279463555174
0.17657513218697216
0.2519833606241958
0.18139751838967041
0.16821361752776698
0.2547799809064081
0.15449792139997062
0.18033280822531692
0.12789369419489152
0.1377071217108804
0.11363770397656392
0.21814424118960607
0.19373125681394598
0.20147715788569837
0.19625202895490065
0.13503957941872485
0.22230645041494856
0.18756474411461715
0.22837432194545182
0.2392495770371247
0.19358653677039706
0.0484726524903101
0.21896711905516772
0.11168666526317296
0.2689867070970638
0.15518014534137053
0.18009811640387247
0.259989251248972
0.1668314230223103
0.14041131983082697
0.1611914781986545
0.25059488236756666
0.21240693514861086
0.09417597232994755
0.1611862632393453
0.17948582680907954
0.13024728060516017
0.16075815511819877
0.17413781726563912
0.1469965920624436
0.22777825879696423
0.20922398758838828
0.13820757483456478
0.16503821949121739
0.16809648987429315
0.23609463823933113
0.20387817717605652
0.31700125739134055
0.15775694513878977
0.13520226533952218
0.18597172707701676
0.12934575239696144
0.17119878126952262
0.1726362344546654
0.21454587572656209
0.20130904757493012
0.12597598158226025
0.28055362871954165
0.24806347216825902
0.20040232209998654
0.14707593858735685
0.18487979266881088
0.2551013997322214
0.19443506647542663
0.1858284223714367
0.20934619855649655
0.21383105209597347
0.1586306869311379
0.10190541197734143
0.3081044368807028
0.15796943211582803
0.1534266789776349
0.09604677771949134
0.18510080306964094
0.11579369880956643
0.22869426976783327
0.1924358761167397
0.1342673985076856
0.1657821293934866
0.12885003154900268
0.17960214136453426
0.1904010553153034
0.20736431170533684
0.16645256271908432
0.2497771638557261
0.1841756565296514
0.0859859343215403
0.07584084313805146
0.14400899715926907
0.20914161485436364
0.10768361742937246
0.0980718851598037
0.23317713633037443
0.20236413190493635
0.14888232331887102
0.12797989081520145
0.2294313222341969
0.22134783462902782
0.19437549490305428
0.21796206987461514
0.16653376751226312
0.16513855953979106
0.16657450342319566
0.21710878235857387
0.2511126448161756
0.1981807046067203
0.1861136435138325
0.16850345436399264
0.22702126603357475
0.1356163153260494
0.09929691137795628
0.19564958682410366
0.133427929029931
0.22493462534483608
0.1479852325210717
0.14997574202789007
0.1863555058540686
0.20531508817562133
0.26066769659321065
0.23906317284884365
0.23109619077657784
0.2729435247237403
0.14316413375126322
0.14909474829232508
0.17677659335639517
0.21014102511577337
0.18377118175875018
0.14553541284920932
0.20332324124090131
0.09736664335894013
0.1969602922567568
0.330810875760429
0.1586775718016772
0.21023932165174092
0.20035022923003107
0.16289222792909977
0.15017541705052498
0.1997273667228255
0.11610547518216181
0.2164713395165373
0.23625469315668826
0.2138005420519409
0.24866537747526135
0.20139974518986759
0.24768769418275585
0.280205817679161
0.19268431315516363
0.2161032882735139
0.14510319536033223
0.23482608088159881
0.2556053139300075
0.10174814508274473
0.19189184613584923
0.08874725862826219
0.21608388582587362
0.19332896818496995
0.23198883253868535
0.12114936052991108
0.21483175497722867
0.1217569747917927
0.19540534717298333
0.1425258847687463
0.18637559609005688
0.110599091330411
0.16990578818500557
0.13731224040259254
0.21313662934825925
0.1091713954621082
0.07722912130746072
0.22078818674512135
0.23831794318318927
0.21104728836958442
0.1609537206682854
0.21843360501031608
0.21827752687672236
0.21106347853718127
0.16141551226172512
0.18774045181305254
0.21302434499278805
0.08179506485917697
0.16733222030150174
0.054052462359808234
0.130362893667406
0.17457979803575535
0.2524107201657009
0.18892908230617286
0.1857038669426203
0.10232276693102825
0.17059676684774308
0.2345653940055565
0.17736355063182468
0.08697690446842889
0.17567200866930444
0.16374073001599035
0.29252616831606704
0.11969505159261737
0.26747527062269116
0.15932777160935396
0.26247629112243964
0.23605535794583113
0.22982046527506197
0.2384290912236459
0.1545140284008242
0.15009412892052845
0.17209173174886255
0.18797322111020645
0.19750409536700192
0.12336376746571924
0.23449773403795768
0.20015456991395267
0.18898077141874528
0.1981908819542599
0.14147624286898058
0.20329582403061636
0.1843206455273206
0.17655447919691553
0.2265250407686485
0.17184902505959107
0.21751882756740415
0.22177157699408406
0.195429130724297
0.15744296038668804
0.07948235186269421
0.17398538093287524
0.13437886472774943
0.22365979605759492
0.18306530356223102
0.14761741770733164
0.1492921033600499
0.15459151265929266
0.21327602330093143
0.0749681003564525
0.04370372785669438
0.20504240326638284
0.13488210138424545
0.1485642551454933
0.13099755936663943
0.1384531693959591
0.1877233082256162
0.15021825895405652
0.15763227151825826
0.11510376611360709
0.15830558676780992
0.21216999347955642
0.2591011760526557
0.2437478193810021
0.19698732381972675
0.14594154075156304
0.1935414233116576
0.1092078340496853
0.1970341491424628
0.1380510863738457
0.15149058399777987
0.17592801937699468
0.10665427863690964
0.16319339466098845
0.08922990339725752
0.12183247444005377
0.13667393639657247
0.1970642593957248
0.2535173261671622
0.22360553931109622
0.20581409429685676
0.12278099988179503
0.09984350844671477
0.1319754796763476
0.3000297109187607
0.1462943675572528
0.17841821544793487
0.19701955885581057
0.11987371618877696
0.22026311431930828
0.13809873477944415
0.16908345485228238
0.189213443165349
0.2493004713709417
0.13397146521613562
0.18741378097651343
0.20863230767585178
0.16912167636789563
0.12774466406842028
0.21336314267589945
0.2537684377284277
0.1899748573970613
0.2816916239002933
0.10954789252440797
0.15335199511008082
0.17166781555354313
0.269944621890529
0.23335966722460127
0.16550889916617803
0.22030735719726363
0.10780474642538464
0.1509738970182628
0.10551665565412456
0.08566785795542467
0.18477507575995017
0.2277971730607047
0.2427992979875531
0.16589959962685644
0.19408388625338918
0.26015954028589877
0.1991615900719787
0.20916635933569025
0.12049796291301146
0.1104905047810699
0.19828279419366937
0.18946772889893515
0.23958326592578827
0.2452305686465036
0.15124334463645595
0.1904131937864304
0.19749653597791014
0.1994557097445374
0.20517954359555599
0.21319024314635282
0.2019952323708193
0.13404027632699972
0.16322871488566945
0.08109516132785471
0.21986346918481448
0.22689122065903128
0.19925075730250122
0.16739659880832763
0.17667521046265555
0.15481737035862478
0.1451725830080129
0.0
0.24373381189360738
0.18572915968042153
0.18058160742150667
0.24884060047927614
0.10907693599765968
0.2767196993782881
0.13790621991897845
0.19916258459829608
0.12167375951912844
0.14722352904479832
0.21121301308383184
0.17119173502752583
0.16718755256975204
0.15482187756450833
0.19761281589658203
0.12471445843229512
0.13254834581664482
0.15327316957365558
0.23819108568459907
0.13349213734005108
0.2483903268583193
0.1759536880147394
0.1356677752820655
0.10532130591302295
0.21672522919574894
0.1764808210963023
0.1390128880483502
0.2697936106605385
0.12146337754212737
0.204115147737586
0.16137058513927002
0.2602246175191807
0.21786473252343455
0.22581254160182476
0.18761233438877412
0.11163774263015244
0.251733186962441
0.28078048960594026
0.056649954086159804
0.12688044184016517
0.26089528999884415
0.1676753387215926
0.1601040297287567
0.08695373032860947
0.2328027287642151
0.1734005142965455
0.15842644935455308
0.10525370223249736
0.10180223436941571
0.06923481864283948
0.09018577768546854
0.1659926365068019
0.22351268216804043
0.23520031381634493
0.22092188774073293
0.16533924737457592
0.2197118276379616
0.1648093891646844
0.12949633323225873
0.12895873022295815
0.11888404205036168
0.1564240398685488
0.17217957317645338
0.1899007317526496
0.17262106206870056
0.22344755596707547
0.15448727491809536
0.23197947939344982
0.12789678514625075
0.16563820448468666
0.18272789016235289
0.1935081413705882
0.2194886674987034
0.19999695919472832
0.19409281091177658
0.09571673709065034
0.21441973229131683
0.25300800041459914
0.19143159392633352
0.16487199810145947
0.16144290113308624
0.19934931320813787
0.2318184572549515
0.24510363028850926
0.07360524766420061
0.1848739668061386
0.10511401682923516
0.10524223008841087
0.19552275884114168
0.1426008245230908
0.19129386685466473
0.20959766870289046
0.18655376516240862
0.17726873380111313
0.2245874926732283
0.21722295602392913
0.22143517043031108
0.15918494107975212
0.14824225196960084
0.16696429919483108
0.1362891081961857
0.22315433213526734
0.15533451710595533
0.2040647322375631
0.18044642819663773
0.12763707247746947
0.19194324950810712
0.240417714002041
0.14771844604797255
0.16860875609423512
0.21024041871074534
0.11573792684766893
0.10969803236332427
0.15249578941564493
0.19138472975925866
0.13039901731804196
0.16364907890260433
0.18733171981240773
0.1890349183366289
0.20577708007444107
0.17110464189253338
0.25945416694870793
0.23060489588421676
0.1032754928003773
0.1375960991113234
0.19920785986776865
0.2041068414437196
0.18108512649698066
0.17023119553720434
0.19788473161307418
0.14996699597778584
0.3357508032306512
0.18154311720876204
0.1920947523028921
0.2063375506933462
0.1423325361083116
0.1899002362389102
0.15511851687299452
0.1331325504924184
0.22241947809279752
0.19784625189954022
0.20337631572598608
0.18122870375885694
0.20106087552550872
0.20841418924720392
0.2078192631471941
0.3011426923227963
0.12565805029243138
0.14667851742999538
0.13452492133915853
0.19287805708648278
0.21053196735152369
0.11840741010104197
0.1472979081976976
0.13347314186313644
0.13787336082513402
0.12754759492730508
0.2283320418613888
0.1438972723393153
0.14020999639295992
0.21398785136078474
0.16250497037790967
0.16313219255738864
0.1666553420088307
0.21236676026125154
0.18072340666069478
0.1934928874185228
0.17466165744841494
0.21342642359218056
0.23693602092642835
0.19507402876787366
0.15509948565380793
0.09594587615254657
0.18028312648741748
0.15890380974457502
0.11299806453806595
0.2039037087449192
0.1999413830594556
0.21230475189508966
0.27701588636486973
0.17832530123086393
0.24089529825172712
0.20465416405786704
0.18026795928682773
0.23984912970882855
0.21754952774236022
0.1442413051096109
0.18347629603181473
0.20038160438298863
0.13564924559272623
0.20841061856365897
0.17428795980653827
0.18681605039297514
0.05318442711843349
0.14992993556622702
0.19010709146788063
0.11285226427578401
0.19678403233609137
0.10744470225441134
0.15807625525146282
0.1932138014461826
0.21909263591281206
0.12341555313061325
0.2727585687201291
0.1807328984136416
0.2651338420551864
0.18731338740116438
0.10460313565454021
0.17500401593110648
0.20031593699407174
0.16322150067763316
0.12943815336282266
0.18288756372515474
0.1431693767292665
0.1834976348995652
0.23185393843952984
0.14852127953738103
0.13334789645760706
0.275160832707061
0.12236364538264258
0.21595232079299523
0.15444591694849766
0.3169641871686496
0.24886823188248966
0.2216504145354983
0.1507656275815849
0.27688928354651704
0.16747458336517468
0.2557042426419065
0.1985832702978212
0.19945039108034923
0.1400662172532653
0.05904906435738025
0.14415146218493025
0.11287941672475434
0.12146259232145451
0.14103510261320892
0.01486473002458355
0.19366422832101526
0.12264128670159838
0.2048177716270912
0.03801893115646279
0.1765067073199661
0.18383975545540227
0.1783006728439548
0.12429338477281043
0.20349295800012734
0.1426552826507671
0.204221251878261
0.18797075435105845
0.21317852553223998
0.13911995026625706
0.14646211056386454
0.19518793479125598
0.18193920468915475
0.231712224049324
0.24137081800041993
0.23031907508587726
0.19584982110025886
0.1982325929289283
0.1278166710381131
0.14725050376796078
0.11200182634614007
0.1577392089703572
0.10741244652837233
0.18115769924043057
0.13639553194102483
0.18562419889278808
0.14000756030411923
0.13750554384061395
0.13074961314173586
0.12259463383826469
0.12245146067421613
0.22595057942249253
0.17443404765249024
0.2304612721332197
0.1824678231385757
0.1943920280256452
0.2590857963330566
0.2213699638211551
0.1881318822217488
0.15399916143105818
0.20006501437294008
0.2074345446823078
0.18764978140003988
0.24629860556616345
0.2371719050646684
0.14149166861256438
0.2187369525390788
0.16196600845162396
0.13698003198989686
0.18359495526192415
0.1747118651564131
0.1198100149240566
0.1750855940999787
0.26361628056464936
0.24014881107289837
0.13984661511961488
0.21691481083119563
0.17480371630865066
0.10595583222588344
0.11278214951664554
0.20435933470944762
0.20121144500646163
0.2085840687438021
0.17368106237891792
0.1865458247186167
0.24745939366173736
0.14186195885683217
0.18430984271712283
0.18992535619983933
0.22546783014067046
0.1954232083192102
0.14000358354501333
0.20038909510099792
0.23724416026668135
0.15920201227845887
0.22098079128560064
0.17915998789551954
0.15751471964801866
0.1919451841893162
0.3326163287933925
0.21052468646783906
0.24175938575640027
0.1872671431497146
0.18063772172994258
0.21936683117958722
0.13482387191305992
0.2166230847131204
0.13987296998546972
0.17953879595330977
0.1497329652485075
0.22609262002445887
0.201025450635462
0.2535201928475014
0.1795197165461684
0.2542343101836574
0.18339765030153776
0.17917060808745394
0.1780041517992307
0.09908323745799619
0.1634210990694938
0.19611227045654336
0.1702280812742338
0.1639855350230953
0.2328287256638076
0.14297353206700122
0.10183173877960945
0.09763365815434237
0.12353185481636492
0.21300490157076038
0.17938609463079144
0.13435102336536803
0.15394090087336645
0.17786894292319383
0.16926886201692495
0.16095791330362672
0.11551257895187754
0.21340671863271377
0.1299210890213825
0.23600374873774968
0.15787060371727626
0.14476044901369245
0.09358913452598089
0.2075273828126018
0.15561468153859725
0.2981349608496373
0.19789985907250665
0.17487139453595257
0.10799454668886972
0.19240201741286034
0.15360230805034208
0.17463931540868935
0.2731235814719097
0.201436158484797
0.211456055197342
0.17505320188712784
0.1518892418481488
0.21640847787630701
0.2311082101669552
0.01584525022392505
0.1509487671152103
0.15522027862945234
0.11762391169506736
0.15225785411857734
0.05510802311043901
0.1753676812137018
0.1070188598250716
0.13333069850037702
0.16160961594378512
0.13860780477894735
0.07894289767668138
0.29279685019651536
0.23006953310044154
0.15494240857924013
0.15256393040448535
0.23505068402009271
0.12312926445829828
0.11300328952869862
0.15894124414577293
0.20174790620024038
0.16556518545412746
0.22688442197169542
0.26237930550607874
0.13465394846805023
0.19666120394199302
0.21495279786183996
0.2642876851874207
0.08619075209646881
0.19745657623976393
0.24737169818137825
0.28511308352863707
0.27805319342262463
0.18737782038105277
0.09905173317271271
0.1586546407509663
0.23753833213785086
0.1563881946952115
0.13297859999533151
0.26757982173054684
0.11569910822433012
0.21691730911926047
0.17898476063769567
0.13286439990252308
0.16126474492448634
0.15562083003439592
0.18623892101213724
0.18434550695433746
0.12418281840566794
0.28347049182184086
0.1358514587627447
0.17053411577641323
0.24066404643381323
0.20121506157172156
0.17591130296337182
0.25917957605403086
0.16467369349653
0.16604405092519944
0.1733450060434634
0.19020339995112678
0.15715355413621823
0.18393673696689486
0.24472932584720375
0.17560901890347747
0.1787857347988243
0.16294901695731334
0.17925003050249153
0.16847074930195
0.14327186885937288
0.14069276196221797
0.15785323827314637
0.1473419795781389
0.14962722244677923
0.13884726343768317
0.09474410513691425
0.12960802992505588
0.19160851647841715
0.14713365574902657
0.16217717848941665
0.22765080193089876
0.2496949360503613
0.24685377273416803
0.166989678965161
0.10216677535993807
0.12861930577869923
0.1902189497476484
0.10313532426102116
0.25062324707788697
0.19541468153023733
0.16289713185548782
0.19885222081988513
0.2936412298412561
0.22540776897633935
0.22827507827601756
0.27086673309316184
0.06220502186569819
0.13765255774014068
0.26294267716981934
0.16875630269120362
0.21471160571970935
0.2186833296647938
0.20373303080995372
0.15020147378894166
0.15695014234900168
0.26479331445714344
0.17684586960126303
0.15634929986315108
0.2241490250012686
0.18025706700164607
0.28124721098283467
0.1414858312319137
0.15454474557807868
0.21704132222071648
0.13758120253683953
0.10473454292487949
0.23381880632307225
0.19392055428597763
0.16333816574308366
0.15293436538678157
0.21984140766429994
0.17177281850124804
0.23981091301127733
0.1656457163440324
0.27586058182849205
0.21163287435762104
0.12089564104972132
0.12949647128945058
0.1839370644072716
0.2128072296229341
0.18686727741567585
0.2271541123963566
0.18623482842591563
0.24485851981723658
0.1793403730409878
0.16984593806999354
0.20915833214349072
0.18403382576372126
0.13203144561088315
0.14211912693341433
0.19700909874323075
0.07550748108542389
0.07469062396750446
0.19071508154879382
0.11587141328658775
0.2590389040806834
0.13555369723692337
0.1994026957311063
0.173505598638873
0.1342574219956971
0.2345448614793399
0.1844662302367892
0.15618075065501824
0.1596431932997383
0.09915652333953355
0.2259561438694474
0.21872321374390546
0.21548984991766584
0.17290743690662366
0.11053391974902427
0.2248743703545761
0.1900321792092352
0.24043957607666103
0.1721776045629937
0.19652479249780402
0.21453888298573
0.13155677638100025
0.26338356537298174
0.1973947443457228
0.16925777298877726
0.07107410050653383
0.044318662269479336
0.21352991822816425
0.1504489073211859
0.1874178706082481
0.14799438523105315
0.16442809242673156
0.21062351766885468
0.1328112492923372
0.24930849202222044
0.25660662967492076
0.20913486899404937
0.1770706780462757
0.23251208194754472
0.2121604567192552
0.17843091844454487
0.2445617985382073
0.22824569144508228
0.16948879664594643
0.1259638329636919
0.1720893106633646
0.15514199507302667
0.20538150349136494
0.11920422164172595
0.26796128572835093
0.2198924845555716
0.14729317718506796
0.2655896042703142
0.2249574170900201
0.08337486970791963
0.20100750961209204
0.10146468518958446
0.2124765175621885
0.11347962604635346
0.19647566586636664
0.1335418575240288
0.1989339148915404
0.18666481113866176
0.13849106778601464
0.23200228210712698
0.13779147867827587
0.148358411631422
0.1519412135184571
0.16852663590578004
0.20576195309431414
0.14568257668776086
0.18264612658125828
0.2044509450354815
0.18316403785956564
0.14604546008569125
0.20964516828478613
0.12360663473098693
0.16586327565426917
0.0737229213201026
0.20086659831593429
0.21650090915694556
0.12087155146235715
0.11223973649515193
0.2907378980119487
0.17705237009465516
0.11497439243253894
0.26283707449227633
0.2656398689253468
0.14743245984648173
0.18131117314642034
0.2865705626508755
0.2179552604570543
0.19319555692872994
0.2507151690939632
0.12831511749695126
0.11696653773041918
0.19006494313707498
0.17167478326242544
0.22786927899436288
0.17431677802287332
0.15467166124744477
0.21070256530543882
0.15901297293103006
0.14290931555582365
0.20792157711959705
0.18003811967920466
0.09497427778421023
0.15533489853280658
0.21780518567746915
0.12020205771816658
0.18803102965765375
0.12837272026910904
0.1869022484613402
0.21937798695501912
0.19125735206180813
0.18078541989756627
0.2076401616885395
0.15340742529850643
0.15008365371511256
0.13667047883948955
0.23687526454031738
0.1869763375662918
0.22895550262521278
0.190796309353401
0.2415442677801582
0.13501785642997263
0.13998834023637868
0.23073594301960476
0.17077395859327998
0.23487341377650708
0.08792978124260871
0.1563609395257069
0.18430427601402097
0.21320200871312642
0.12573590195188206
0.18426388641269464
0.16426284830234283
0.22540473600058308
0.28320321929382436
0.2691376048306244
0.1477023139800674
0.11831384439369902
0.09611110631423113
0.20573105375003475
0.0855643497018152
0.173914529107994
0.16806996061261112
0.20955530535639202
0.16492658249559392
0.12459495926273348
0.14270446854081045
0.11067782810233079
0.197616398100087
0.16134254359053388
0.22367046034904176
0.1250469356360124
0.18433577496586082
0.222648607025424
0.1811940133684494
0.28497102135991714
0.27163664042859004
0.27630977533999346
0.2112754992540011
0.200807062194226
0.21840556197198083
0.13248210914013847
0.1296114614496994
0.16676143714316183
0.15623383475938268
0.35553684938539076
0.19310379026024693
0.09590097798561109
0.23790686435679798
0.22417678672784486
0.15917685520858532
0.2520460100165597
0.1029248133093673
0.16528174773232773
0.16198583734969024
0.23585881333634123
0.16787270250655462
0.2519820155133516
0.11262299245365459
0.20347167471234634
0.2727910090907738
0.13801915917199903
0.22079624873627854
0.12192704358389837
0.17188954313527824
0.2774135747408902
0.20327003375579256
0.12013360736441157
0.23762033121552018
0.14756155343024802
0.12259125119372898
0.2296661641000199
0.15018806476055746
0.09989571331958724
0.19230513992393528
0.15264207181229272
0.09447661186456202
0.20122566284243176
0.1766750621598348
0.1663478252800634
0.18394666873539336
0.1860055953421303
0.23919153004677696
0.18396029510695186
0.2594450775277446
0.11679274223873394
0.16270936633705937
0.2320659402351311
0.1719049714838444
0.07123175208360402
0.15376520225809842
0.2131314502090415
0.18574511123439538
0.17324240626068876
0.1885506474574664
0.1260666619831023
0.17691473298772323
0.2369226029313812
0.11800898629378773
0.20635056934001356
0.1533866984659179
0.17727048054943612
0.1933156493521031
0.1462783838390762
0.21081620681139196
0.15457341029015764
0.2052336224031845
0.11659407551944367
0.16154324742107135
0.17770214989783187
0.13538556814260733
0.14760758371482813
0.20158909984964646
0.1311772089570951
0.18537389530458515
0.20313903503505734
0.16843074450679482
0.16293266318985172
0.1694547396204015
0.19326843010687095
0.12684460197175174
0.2223217490724199
0.24039158621565085
0.14415734102956193
0.1447893975167922
0.23198511126989876
0.20646767069552882
0.12672870424293128
0.22615659198931373
0.16545651706450448
0.1693250391541056
0.09667780055750633
0.08887881741407033
0.16534224132938205
0.19773504953364748
0.18544994339389867
0.1552088441018398
0.16435967243202693
0.1573641585723718
0.10605966398805174
0.326918893590017
0.15415998015813706
0.1867434025291132
0.2514403800476526
0.1928637894624124
0.1510096332417053
0.19186954954324698
0.20357409142703184
0.10590465348654836
0.14764883328262127
0.15728107441652242
0.19027649690522658
0.1507964814874392
0.19489822303251159
0.20935700567296417
0.15100822378056208
0.15493065170458892
0.1547159961025533
0.19334838181373548
0.10396650831176123
0.13849279328016167
0.18217443679032827
0.23505225261193466
0.23534983580537477
0.10574627863887527
0.23858206419179415
0.21738834862797232
0.16968252539956916
0.1482614115121325
0.19691580163782188
0.23686946568590764
0.24359431118353492
0.16039730089498277
0.1350660624588211
0.17383791086104158
0.07658992884199772
0.2609112597352235
0.17655014782183354
0.10750325584665403
0.09626786691867384
0.16941783416254344
0.10797903203207534
0.18375669609008527
0.1470722553275886
0.08362308390992661
0.12374718290619294
0.10629961166811915
0.10842588568458499
0.1896773009527833
0.2249716635015961
0.18111906992404372
0.16761502715966697
0.2520706389883268
0.19556252247818223
0.17816638603133345
0.12802021717249223
0.26298509950768567
0.2874994316288739
0.19730436736946075
0.15559358621553962
0.15178821793903108
0.15923864106666918
0.22489721145226163
0.2796718473146799
0.1388626601590162
0.1638690725672286
0.15229376239919137
0.2077808871554642
0.14362258351845628
0.17054376443872174
0.20396701680977858
0.20200673793780471
0.15893833970779941
0.2571545462404909
0.06890403966594494
0.14147350488166513
0.25575654566854866
0.11999783714282505
0.14916231835185487
0.07284759013839331
0.2634522386801859
0.1815120216206139
0.20554627220380436
0.12335367626539855
0.21662408764323288
0.16174326264394825
0.23753483838852174
0.1271735677106269
0.2121343338218817
0.19462599670167838
0.21479839944326215
0.15967924411135578
0.12864375214140006
0.23298454496636228
0.14356163264231878
0.13014188073302932
0.18021505088226578
0.14656990117029176
0.3101017595702983
0.2852882017748948
0.11040674394548251
0.2642557167337323
0.08496611799463523
0.276361276548286
0.16877644417830323
0.1674922604013293
0.12119973549717297
0.24817222182500487
0.21248108327850931
0.2476926745216073
0.10264940485587677
0.18259763382440078
0.12607877337254916
0.1498709454900547
0.1500237818008241
0.202179469836177
0.15195467056598483
0.1652854384524933
0.14525967545293944
0.27129754953668805
0.2909994291121235
0.14534668712466975
0.17220848431143077
0.2288120408734891
0.23730699054425491
0.20970795749572133
0.07297394709111889
0.19731452040758893
0.10997135380709896
0.14410068787796776
0.11748973859558122
0.21448504870664487
0.11117521627697535
0.07598431311683658
0.18030585059682555
0.1665441765386493
0.08343458723762591
0.17517424744751905
0.1959006419287765
0.13191999939106192
0.10205509045105472
0.1610459257675145
0.26511807629135564
0.1391039636124619
0.1546336756764887
0.15063710289939322
0.16094087863017054
0.12977943104660217
0.09234556592961006
0.12034213661285208
0.20918532581792634
0.2112993019451987
0.13433909263956098
0.24244703276980248
0.20921487626272647
0.2806644343369858
0.10566948792309803
0.15880859211339143
0.15061570536753477
0.04679399750511137
0.251036364624612
0.10355935917191855
0.14040770515211132
0.2685816021839629
0.14954151375900873
0.10714069369581376
0.21317075806399124
0.1941797693581335
0.2592440514967591
0.19200970449410157
0.1823974687542154
0.17756202173962243
0.17474480521790037
0.15551541085771992
0.1314788478342985
0.13207673009253204
0.10120213902908032
0.25160729381450636
0.17311639543081783
0.05341738647054933
0.12652608267263812
0.14738234968923541
0.1943872744659243
0.21640013097740501
0.14640629580523765
0.141871645205625
0.08807541451335515
0.18647052332945552
0.13881108994796307
0.11569734538774747
0.15083198825067937
0.19167064878808382
0.174705448701758
0.3436698000083494
0.16227568373018517
0.12776031373404473
0.1442766789849386
0.1374332592899869
0.23267916371449565
0.23331006896538553
0.14880156666388616
0.12534864965707762
0.2255081163752593
0.143463476667721
0.16499947613462557
0.23514654401278384
0.17952213425796765
0.19371403114745617
0.017962546697533582
0.15542041888746974
0.15609079697708678
0.19142578936702762
0.265146733462006
0.13821669686316512
0.18668593960543556
0.23774127281644092
0.15937295328584244
0.219479615191523
0.19280339828595203
0.13522599308271163
0.23416419186190235
0.10898827053853218
0.16783760943127177
0.23541524269081232
0.1739575887248453
0.12243074248851736
0.19865970620869736
0.19027515361915162
0.22055502660197404
0.21034778531078707
0.18577272827256971
0.22133038473677885
0.21271888471196648
0.1785441349174932
0.19156885912697466
0.1293400115936152
0.19489002844688325
0.1753386209888531
0.19104380486665434
0.18917849543337795
0.18092972664335377
0.20670350330792323
0.1901275643099922
0.15487546421493759
0.2056515069371676
0.1093976909926389
0.11705586899835552
0.11419401490826418
0.2319499149274193
0.16688249796437504
0.18387643963965067
0.24264449897097157
0.20220424295474926
0.1803402346697612
0.169294623123677
0.07850174752833461
0.09915082595168723
0.13709870651691117
0.21684708312361542
0.24045903462671794
0.2927065573067422
0.160756678959328
0.13454048459114928
0.1807987960651272
0.18956023478832165
0.2152872744468976
0.15055040148121634
0.10150414681009653
0.14848715658671385
0.16375144256855745
0.19474947808086862
0.2030137463895688
0.13254284881064948
0.12602248450390624
0.27999919615956725
0.19178873830391097
0.13272804051863307
0.20260987762134558
0.2215522524466644
0.12981177307716452
0.2388242252166374
0.16692667327164545
0.1696078891746441
0.20552672642398354
0.2309111602656668
0.22481439410050852
0.24606850533835878
0.15626095948859087
0.1968971334844788
0.2084566957598713
0.1291713287784272
0.14606011964048163
0.1445265907170975
0.21599173238343383
0.17081998852793753
0.07402448524947752
0.19854084394107915
0.18232808494834887
0.19951878597723233
0.03502638947100842
0.19833101054353874
0.13725356773107883
0.19834121463738075
0.12525249010780487
0.21341291538205395
0.19179779157273893
0.18540504466004631
0.3266778053501832
0.2644658981275623
0.10568782289844185
0.17781896325574584
0.18474628222814046
0.12331726993438767
0.09076846927771051
0.1287500873470147
0.23683652860600915
0.09723035497903183
0.06663362450384654
0.0901228406657919
0.10388963441588103
0.1823708346557931
0.09535127302861063
0.21648181472465522
0.17853303432695267
0.19409052547551883
0.23268855864792043
0.1775000926912457
0.20494853585030404
0.21689503627392898
0.1362794041351617
0.21823395017350827
0.18984841701369282
0.24780568545411957
0.18169856255599326
0.16579322247144807
0.2202926891640659
0.1650303119695842
0.21124793495257965
0.1714606622917446
0.17082167392227154
0.2343190232113406
0.1601480418637964
0.2167383076558994
0.10997073334581382
0.21110855234644943
0.11592888171222404
0.15081275159205393
0.10662022620883534
0.18819058613203343
0.1934154446303075
0.2182396530193194
0.21953474984923835
0.25282341178570816
0.14063873173928768
0.16501209327385855
0.2255591878193346
0.10693077622416626
0.15140942262067802
0.14960714905598943
0.2787579607217149
0.16902431983108013
0.19829449514439126
0.14228980537338964
0.2404281116259656
0.2745291949216713
0.14425977213008898
0.1609351333435036
0.13386526514901825
0.18682458196183876
0.16458821590278147
0.11106033237986102
0.09176795421325641
0.10909422633648341
0.2752758234816462
0.14350272223567717
0.158515111109072
0.2322197488916737
0.18900241870938206
0.1432951033898191
0.156741123249243
0.15661096977118225
0.1756171701721684
0.2008204979164035
0.16985568821404656
0.19677260889496465
0.20007655048318224
0.25324808221653267
0.2280445664330286
0.17187151357176556
0.2976473686674341
0.14743112995753838
0.19231977376167653
0.1670526795967869
0.12656547497421172
0.16996744822911752
0.10694635284364713
0.1593261672288521
0.12489914655951642
0.21270841864056195
0.14271201515237242
0.20149703855296466
0.18663537925986606
0.1879557296241443
0.18185403438318323
0.2030813227477729
0.20417534560971817
0.2270526429060904
0.14654701584646534
0.12284769615560981
0.21005895816472026
0.1771766311221208
0.18897948920204122
0.1386441063995088
0.22231091166796335
0.1580418460588658
0.18979455622756394
0.24632560050362406
0.23171699007081115
0.19492398738811886
0.19667794425603413
0.20867145421140543
0.08462068931996762
0.1699751280427901
0.09594254438524627
0.18765595187526268
0.18917688280285241
0.09278051578678925
0.25678081257291785
0.11971376487020102
0.17875182471605544
0.17375268416628625
0.1827959396447123
0.143887216033393
0.2161914351057206
0.2572169842543238
0.06723815495138617
0.1663660580309841
0.2462305882774416
0.12878363101279358
0.20732117170016315
0.17755994917857568
0.21004205099351556
0.17381408004441948
0.20360994404780733
0.177682890190715
0.1158856081444226
0.1448996071146523
0.1359907202828382
0.253434385359262
0.1199224257706831
0.18782441158271684
0.29180305037252
0.24881042981391693
0.18892583263180118
0.25118372754565227
0.19269224429902532
0.13943115758977415
0.15696751938455902
0.13418368095615366
0.19497519662334156
0.16335664429954905
0.22966766215426535
0.14686876988990197
0.20492179572351973
0.12352564351059672
0.22758836406729244
0.1710913067389179
0.21804517813892374
0.10374574169915002
0.19119381793103066
0.20206236815163178
0.256314982456172
0.12036247056620514
0.18168222326731587
0.2281286425435575
0.13715568213886367
0.2261559204841467
0.1758268567281075
0.13838711453221678
0.26763300068565304
0.13885297946415764
0.15775034602434676
0.14314340223056884
0.18137607841621278
0.21407471639797815
0.11432842256390648
0.21627768664791838
0.16650392760590066
0.14691386894631295
0.24443499262654295
0.17784919784585618
0.12526826249778472
0.2389248697267423
0.273356258241693
0.09041149053379446
0.0782296389161811
0.26534686427970583
0.1986881448578465
0.21380357924403443
0.2214234776943519
0.13753120041062983
0.21585088712067488
0.13008101262208938
0.1314597452768957
0.24645952638649676
0.1405087436096351
0.10928242946614668
0.11468202580851837
0.15852485140105682
0.10451223907966
0.19385046742426199
0.15470944617754998
0.11696577052651917
0.24048123189767845
0.18207286555713617
0.16662822462092505
0.2274494392376965
0.2129556439757498
0.2406045970896462
0.2559059154946685
0.21921548936583052
0.24801319915907252
0.1853410400928693
0.0
0.14961828952622896
0.20929334564762955
0.22668428242124541
0.16230218477430847
0.1862849774345188
0.2565712870643394
0.1759248154837234
0.2093010363833736
0.14840160305162856
0.12506466741324868
0.1027566125952758
0.14672361483435092
0.0866856074936106
0.16700432928336978
0.1756085966640287
0.24834931327428422
0.20997806392959437
0.2536455433962801
0.14987281465236374
0.13797624087260413
0.1189988156503498
0.12595472087975743
0.2259835735131447
0.16572652579573027
0.15605737621601534
0.19519834852077017
0.22895754662580134
0.17107849469750275
0.18737448649841099
0.18857670983358268
0.19178464691429728
0.029523743400660274
0.2384445433233744
0.1336519805811258
0.16219706875246906
0.16795092300643938
0.1384158980586539
0.11690722444433459
0.19373803314905344
0.17792778531176814
0.1797284835367323
0.222936607650451
0.14097055447278836
0.2849803203814196
0.20362401312462147
0.20918855576219053
0.10554137346131733
0.1724244673061647
0.17540849922756194
0.24323484753400748
0.11347532576688135
0.30585507351726204
0.1627384392260159
0.17259159531642088
0.14394271369056222
0.25604186593834494
0.1382977360179004
0.13815036318265597
0.25618652896802446
0.20753446643052098
0.19372437653855185
0.22107217701583928
0.15431844608772216
0.16802817828808575
0.22403959313188326
0.09112869324239523
0.1853178006967607
0.15331821681427601
0.11167879407219485
0.14275971477918079
0.1367121296575911
0.09115958078047431
0.10970395691850178
0.16738493153277215
0.25688872036849497
0.10698061256118853
0.12802481264920507
0.1433533972111137
0.2876054846633508
0.04790784177903948
