0.23828011909773145
0.17793407270964814
0.1492267035194163
0.10491241679606633
0.23034007011141328
0.12089649452648846
0.21155321607122074
0.14770342004680137
0.16444213606539365
0.15577662014858634
0.1385323828727402
0.15749272327110828
0.23037919540953336
0.1365299061723645
0.200699237909886
0.1827076785413261
0.19133234619128967
0.17850048796180903
0.21440947023596213
0.19247203536960678
0.16948208072554832
0.1579455124668856
0.20550639509581511
0.18487675810149912
0.15553014402253248
0.28243297147545077
0.1426510879541559
0.1603722939583679
0.16445190864731407
0.2020812522663992
0.18411217136136715
0.12080596677029945
0.1872136336297638
0.1851061962256189
0.15876555954602561
0.23225055271981423
0.14247207772733064
0.11689570996123642
0.10016430895146775
0.15820399294655077
0.17120592928729775
0.1461899743562999
0.15115073363825493
0.18209110927146546
0.1252794665300491
0.21136862825423214
0.17050229069361156
0.16300676008554488
0.18500091683782147
0.23598345035268758
0.14235448474217366
0.19656303874387007
0.15681819861100993
0.1591309762079069
0.14013298159682333
0.1598845541249428
0.2287733604248729
0.16891799373205213
0.11036097327697143
0.18926166054020244
0.13739628831714135
0.10718294888473878
0.15955699471857723
0.1707297907913579
0.16788932369645296
0.10709598275286618
0.1743336603593556
0.1074758093846834
0.14892170049582987
0.1907229585328355
0.21365872769518743
0.1719922595355217
0.12316833894606528
0.1634567084426397
0.09011625737193371
0.17418263763744873
0.1082180612759457
0.10773156935025842
0.15343420868027824
0.13684573646488069
0.10862112827662172
0.15752497141866578
0.1513088419231769
0.11203863472458055
0.18309640722275133
0.1660922220449247
0.17682103149239287
0.2858544577799266
0.1400177877626615
0.17975787122705741
0.24245756789553174
0.20655582311721257
0.18990598580111404
0.10250815719791988
0.09969804778712603
0.1506515941905568
0.16281094978660768
0.20099936649859224
0.16657867069057833
0.26249525616148317
0.17708308351312738
0.17248702853735975
0.17960996716824748
0.12305182414384772
0.13748351861065974
0.18389085809959727
0.15660167028254152
0.19208530571400984
0.153766933710333
0.16844811586851313
0.21070262031716583
0.17211838081660835
0.11322895799490659
0.14551146921757574
0.16253351352949416
0.12945818815230725
0.12045927244028531
0.10822126176542995
0.18018009814198754
0.15400387471456212
0.11571478072063815
0.1928381111157926
0.2217745531391148
0.16016009755817184
0.15517321380446183
0.12660295050580553
0.15578318134153718
0.15756827426253567
0.16526899413210286
0.1338201785159845
0.20103747516648673
0.17407536900797016
0.132057002660683
0.23063486547156006
0.14639193143327342
0.1572050070998559
0.12147128204677426
0.1608077832356332
0.10953406168799171
0.08729425165245978
0.17328572756485028
0.19681627627963708
0.2003853776070074
0.09349693009629978
0.19669020701774337
0.17615605874430856
0.1766161656665004
0.11234004948946277
0.126677300661222
0.11269970266695939
0.2150143334534413
0.21635997736749335
0.17188314390600437
0.23396041689702046
0.1451959496253886
0.19861086701913483
0.1853386902615778
0.13304470715430308
0.1600446529629254
0.14259543287190518
0.20031395752508957
0.21644951277950203
0.2254565890541561
0.23407320107585805
0.13505709061806914
0.15116887168641255
0.1467504433589774
0.11742993528976042
0.17697191018667283
0.19219527659296654
0.144219748434395
0.13541285707941433
0.20599978141404185
0.19310919007451421
0.17622273538254635
0.18052605344756076
0.2412249768817961
0.21744730294147224
0.12359964121892081
0.17698555025487805
0.14355832259105755
0.1553330397136858
0.15117718277326966
0.17470665377390712
0.13616241269179477
0.1666025995469387
0.13319599041107985
0.1775571077953435
0.2015458336223486
0.14944461238746223
0.17163335240177474
0.16031634421739335
0.15215003699533822
0.14086290512433502
0.10943137203973859
0.16866740292470037
0.15763727490925547
0.21711771323420664
0.16569612983080023
0.14897333467445978
0.1923664332557235
0.19145885718989167
0.12789951920103468
0.17051671055963688
0.1759375199859978
0.22496110988420098
0.1266428408912771
0.1281754135305582
0.16041528330329174
0.12824719780106272
0.12402276396764336
0.2052136032768546
0.23638669750015934
0.16318805284753593
0.15898993698856317
0.18718515734497815
0.11635807926666394
0.11722542378326258
0.19408082643530739
0.16453490304132762
0.19607821132550415
0.2483849347939226
0.18090335794816764
0.17553816679322048
0.185314886578899
0.13449279147135118
0.133084290907007
0.17683263808748353
0.20831423971390156
0.20594670458443604
0.0759283927839864
0.12938873538451512
0.24732546862337523
0.17109496981057162
0.19539574660292894
0.18202163192150023
0.19864178078609576
0.1646752215834106
0.17196428398396063
0.20560557755656947
0.17678880030830033
0.1484454618654196
0.15622408457921616
0.13274145770507512
0.17386210303069033
0.15069590044928588
0.11976620902492154
0.20178017745097654
0.1461168568392731
0.20798104218136965
0.17792007867718226
0.09723640383557343
0.22324358507772493
0.17841748331812407
0.19125984820976238
0.16760351016784464
0.20759862935870171
0.16536554292750438
0.21872700982361695
0.19179963917769224
0.13111153936901737
0.1829221728229936
0.2293739752473118
0.18519735836724066
0.14796681235179346
0.18086515999616307
0.10134853428525849
0.17770791126374358
0.19639892176500978
0.1741930799496329
0.09540874444652386
0.17044558622438558
0.1787575010231356
0.28464389924402883
0.1587325581298672
0.08922645537483409
0.17025651452655655
0.11533124950982042
0.13281491097790546
0.1875535801347388
0.11895778613720728
0.1344766704390049
0.11580571872417679
0.20830702645749827
0.1393794955991509
0.24345025672377857
0.16135469754945875
0.23176833692172488
0.1624957756061942
0.13695574545695605
0.15656251593249465
0.14403486018126627
0.15318549210004012
0.15871665912255725
0.17854816164997947
0.14386437435761035
0.1965047291229456
0.19846380487997653
0.11764096810924134
0.1798959451818943
0.17008478448250305
0.1123131135916748
0.23455512496105402
0.2285936581927992
0.2103441033151528
0.19758527524010205
0.19986590569220755
0.21534524937645502
0.1884540923333905
0.15311464353292292
0.21667189188233676
0.09834421792633176
0.14610563858912212
0.18656263477079674
0.22034635515735426
0.16119305386965194
0.1861154258138596
0.14367619850462487
0.1781853554605277
0.16787825754680258
0.2018335592288082
0.13134878315536203
0.1756893205370896
0.2674714537030924
0.11543835684228074
0.15881775799068276
0.09743787401058068
0.23282160631483223
0.21888453302553657
0.1544158589268488
0.1205875356845407
0.13900448862165427
0.19707128793683604
0.11448809446900385
0.15832263700136734
0.13272863136334762
0.1807495651094887
0.12409568243021302
0.1582492098762312
0.10460737700516762
0.1479043799290231
0.2018574785787554
0.1751707861555146
0.1571468120405804
0.1775665769160701
0.20524084684096358
0.23871845400173053
0.2448184161417417
0.20318739931776647
0.2519739105295246
0.17317353237481736
0.21310495575162847
0.2474956213227082
0.15290469360739453
0.15902065130509072
0.11492634483495809
0.18106493669773588
0.1481200669794069
0.18854779007989117
0.13635453452954327
0.20689327462090976
0.1308314834675692
0.1336026757637097
0.26317882650498653
0.25476979347892736
0.26360365368079186
0.09935443543499563
0.22020302233208844
0.17402093656512257
0.12311986774700925
0.10491698220976114
0.27261657919124693
0.16715096784744068
0.19093743884585515
0.19827068508863138
0.09871060073316888
0.13234594481435574
0.21608483763960756
0.2417848363327862
0.1936490414360205
0.12381503394106298
0.1340949005237343
0.18453784547149227
0.25721911735843234
0.16412560891683914
0.053453677094669805
0.12278571412205362
0.23062014483293886
0.23298331367174113
0.19429215401977334
0.1205633062478165
0.202823690138394
0.16394003612995814
0.19937375880152952
0.1667868570055929
0.18008213473472198
0.14444865416696542
0.17432951390030427
0.24736323983234476
0.08108870615947546
0.19273133400859277
0.22227210501855948
0.1552304400652894
0.12799053716172432
0.15483873969086046
0.22512926998738034
0.1655143844549578
0.2386082509074946
0.1706915012167496
0.17372571697809205
0.18622751884906094
0.2135850001995634
0.18673180971452355
0.1874426969863791
0.19602190626294838
0.11223678863279063
0.08722620697409146
0.16414817927850187
0.13299093516520305
0.21580922295896499
0.14688124354553517
0.14791172148365603
0.20119922423365938
0.174231208223038
0.1785611927365589
0.10960726034295493
0.17275632496506899
0.1965419612415711
0.19687284508375957
0.17299658131105072
0.16032403602806036
0.18472752460218822
0.17463222558069114
0.20446158336716658
0.24124033712783274
0.11923366908076037
0.15943313351707805
0.14087156280703425
0.15943101530722634
0.15060789189228632
0.17132109673172402
0.1618022449733726
0.12786837655677064
0.12336929447958991
0.2131928630233412
0.2124151979155889
0.21744460113719877
0.20480676692158856
0.22901771948459335
0.2113297803933042
0.14541467183120207
0.17832316687481786
0.21805949661576796
0.1196502100486545
0.18728118307016292
0.20680418637878056
0.17161034249444454
0.18997486213008347
0.17380115452448783
0.1512657177445639
0.2374931756478838
0.2551593093816732
0.21912997849890434
0.14083806471923802
0.22606241039218278
0.14386199237154926
0.1650445706083745
0.1611027057048621
0.1616789098645499
0.14402512577357887
0.16479197963057254
0.2012144274078814
0.19443502801674256
0.20975886339578576
0.16586714048630097
0.1889287240660971
0.2089517949471836
0.10759580184644124
0.2173593799495371
0.12305843612638354
0.20405330891014264
0.1648070831286573
0.18850829140344355
0.18742543686340485
0.2578724959255585
0.1665305906162161
0.1823785545431508
0.193959261165718
0.1699864487104293
0.1851687827841158
0.22239192644199046
0.24776411113557387
0.21231094597148928
0.15802563697874625
0.21151896328876846
0.16152697777537092
0.21922393231916254
0.18114417773307898
0.1818197591529764
0.17452835730015687
0.12821508575911733
0.23509249564133558
0.21336029216330255
0.23097167648445865
0.1982116718225901
0.208374485741611
0.2723134478689573
0.11623925365481094
0.1629200420648929
0.2000800413705799
0.17955676704378018
0.21646470568732604
0.10810736602336017
0.0976717357679743
0.19199444603115012
0.21368519544773146
0.19577576860376733
0.1395383606380436
0.187164817716239
0.2053507039525326
0.19386416737794918
0.20464534171588278
0.19406539981564253
0.2752244623561348
0.1126888115231442
0.24076144044171227
0.2650904678541305
0.20575296539261828
0.24322865632139373
0.11679245307485728
0.18090997570381032
0.12934615852833858
0.1601403102633757
0.14543802645306803
0.14171911976344487
0.15593394338142508
0.16416559361737434
0.16837123872150236
0.17858979819166884
0.21530070065418516
0.21688179006823097
0.17001899826382236
0.17703933493917157
0.14165987643451308
0.24394162137198316
0.172977191593115
0.10638998432033567
0.15267274937806835
0.13807644203876673
0.16962091723270448
0.15809677261640723
0.12708863276795104
0.08788285064055207
0.1489038803100487
0.18060368155117515
0.1925301866105471
0.18624808173208088
0.17788706295606366
0.13879990140808257
0.20188949200375256
0.16856179895311532
0.16595619939131018
0.15517075751645526
0.16324571734376436
0.12107038639707503
0.13742078360107296
0.15344751487253894
0.23745052666648692
0.12641226933421415
0.2166869566252073
0.19463810945274812
0.19030039088863251
0.16586580899566727
0.24900067836861156
0.11552556937973382
0.20895674914434667
0.20768340987095787
0.1511603852787392
0.11505454142849865
0.14571901609504578
0.2409116037356568
0.11070016485606857
0.19934003878590514
0.20880953316576642
0.17381796557318338
0.17126463424721322
0.1641504577296222
0.18936568107454257
0.188767133473917
0.1808283883672162
0.17259714747293897
0.16232564127549687
0.1738503002550257
0.14395203055287611
0.2560628412397799
0.21309799974534283
0.13811540803062156
0.17896637898457718
0.18431054506842146
0.1751156543677701
0.21969854596078411
0.13335705354043806
0.14753713012093303
0.20662228239910596
0.12933139896024848
0.1366429414388731
0.14080169127925463
0.17267420340630987
0.16628058910134264
0.18779544915187588
0.18401721159143952
0.10186536141306256
0.14908061180406784
0.1892721927557554
0.1258436918210615
0.10057307217395114
0.1086953058125587
0.19370639271869924
0.17487935593638762
0.18765508392378477
0.17486593907514222
0.1595146509979373
0.09512671767460085
0.19180796823345922
0.23740546857263606
0.22575466684071047
0.1622785353715406
0.16621495339431896
0.2042973267030632
0.09778628623926716
0.24146645625230706
0.17145078570260833
0.18073852819128372
0.23113850269104394
0.1625201762525225
0.1409998267645517
0.16079251948668685
0.14213904386956258
0.1821836401906117
0.1589496515611359
0.13931339646660948
0.12673373941797061
0.15313434785333244
0.1989005512836808
0.10684213502922264
0.17991881494604667
0.1862884030263385
0.11691669683254313
0.226656850751271
0.1152700661901804
0.1678359895571636
0.15914852475379254
0.16825671007050155
0.13197948937243625
0.17833754174536576
0.1714066177151953
0.1308692053717302
0.138333045209272
0.19723208441223966
0.19991895023281006
0.17549505986129002
0.12738126824530138
0.14367142109945125
0.15696065837843917
0.14439672274054088
0.12378560571392366
0.15822643194603672
0.22121226767840158
0.21056913160815993
0.19906939963429462
0.13504295672151884
0.1501593310631052
0.20125572745125447
0.17277339399160832
0.15821344237450888
0.14148273498254663
0.12321914673851928
0.1613677627666658
0.23078145294940064
0.21413229056151611
0.128797025416563
0.16738034801044344
0.1463834047313188
0.16999534666239338
0.18392471680090225
0.2142934674055767
0.19717177218002468
0.14793081075233178
0.16654232279681008
0.29532701811233963
0.08067946766060315
0.10767396678648125
0.20939524330285392
0.2397412114307349
0.17853590832993668
0.23570470974910054
0.1409937438477663
0.2027324498913653
0.20984701008975545
0.21934077082734488
0.23449153257440958
0.15316718300341223
0.17705771018254982
0.16942665492824405
0.21226842848653404
0.17523554820696918
0.1798620565121014
0.16086353787604846
0.1872137410267413
0.18044683178032442
0.11467245003183862
0.2164108242518155
0.17248934992338
0.12161111727975821
0.09449657532486952
0.2045998737247962
0.23632791304218215
0.24225022359802917
0.14498002151417327
0.1829360274061768
0.16688301651804183
0.3068842001265195
0.16250901623841246
0.13866759511170376
0.0934206838849276
0.1045155229093779
0.20443042658945876
0.18481470509199727
0.11141638292850932
0.20250132483936473
0.13182498681866964
0.1025285489227612
0.150524625397043
0.12997930122291695
0.1868893610171081
0.1819324811905841
0.13438168494060443
0.1534799940639329
0.22601744915409427
0.19087862788517893
0.209646964363214
0.2219612740323675
0.17805389994670834
0.14112870314046877
0.18725846228134654
0.17821425286624362
0.12859082828811638
0.14291609702959404
0.1607564443383759
0.21928169055471902
0.09741796371871721
0.1682391851231846
0.14399795805140492
0.08903666699039901
0.08714430138563588
0.11921561587234172
0.13046581229793736
0.18940763976460168
0.15467612416747778
0.2044193982539016
0.2134834800499905
0.2147439417056382
0.19988364879352458
0.23937433579593412
0.14940755740891135
0.10819859463319653
0.2052863610690146
0.16838828169416478
0.1856470242784254
0.1531316707768101
0.18951241893218532
0.10021017892152272
0.14340270792175003
0.22013631215297047
0.1546462676569286
0.18203085246686296
0.21909641167259006
0.20810300509874202
0.1758675269276995
0.17485785006222762
0.1398230408485868
0.18706322345105833
0.1352693207518147
0.2194159510418365
0.1516990742795753
0.1635077458665544
0.19725713649597065
0.2492253839932334
0.30577098552213045
0.19022473561728354
0.18286395771833538
0.20874928058208825
0.2266696719652043
0.14935990812846212
0.14119293787653225
0.15832729421684716
0.19995514388875502
0.17556691148118475
0.16086126635510703
0.14303702697316767
0.18898361461820934
0.13403835598509448
0.2634129691994205
0.17602984904629995
0.13215533001850682
0.17495664190558105
0.1759484840100766
0.17621001267661587
0.2035229746540302
0.1953636273851649
0.13399013847037872
0.17722724486805688
0.24182076303924427
0.20442408690681382
0.16061662150985534
0.14245083980823955
0.1492567121946551
0.1106453285638245
0.16049652420936922
0.17297314137621334
0.1635313263147725
0.1470513662350216
0.2178664479542549
0.13528860545127525
0.09784935912619594
0.07954846350570109
0.1453597544492749
0.10870459374887455
0.1931415542811361
0.10428443760308656
0.15371218495697295
0.11643395698569435
0.18477352967380598
0.20264885834981747
0.135094632958866
0.15784125371771196
0.1303097942533678
0.17988986890998532
0.21465747087996187
0.25051750169720144
0.145263492919693
0.18019359716940542
0.1885300891600236
0.13963280739550332
0.1644076843610731
0.18455997906509933
0.1820768450675752
0.10161117092202092
0.19224756642754773
0.26214260039097437
0.17982188765837875
0.11939281004163643
0.14471064162709193
0.18232430274784892
0.172778885274645
0.21536650431163268
0.0946137865496862
0.1755512250679076
0.14601098744397498
0.18159545832862625
0.1543947430825915
0.15667574699730538
0.20260197009413428
0.15588173241349002
0.15096719780380075
0.20989431835080982
0.14464914335288487
0.18576898401309952
0.17004498978044366
0.11853505845786277
0.22168876266715182
0.16952674282520958
0.14814751057455824
0.1884554204940582
0.23591395635346935
0.17427212913863208
0.13759900598393918
0.1936198686441073
0.12379348556850375
0.1597740566883843
0.1234590303700064
0.11355651258272759
0.16682052752781332
0.15559728617619017
0.11423333155822918
0.1835272629560339
0.155031986898959
0.12249710430860863
0.2121294900914111
0.1449660251265663
0.2637790409777831
0.16482126112550802
0.17430392749037085
0.18465423653092655
0.1661241670363244
0.13948303499080789
0.11348091602571195
0.26692514523842675
0.19313541784485247
0.15314123552266343
0.15418036310512953
0.17713095990003827
0.15801053095758105
0.299979910865548
0.24022734246340338
0.1915645229491026
0.12887989368253333
0.13119949615693313
0.12629975217704675
0.25865068040625383
0.14792525265230788
0.1593478037997094
0.1741225552156264
0.19159324025569666
0.18704322098523024
0.1690884545013858
0.08653465221477351
0.14452950192629632
0.195044098177738
0.16919031177690333
0.09352314155523656
0.19488581046835454
0.09646891847724655
0.14796118658985527
0.17450224867520683
0.18502757912744552
0.16154004266155958
0.1664399849957609
0.047991763346357325
0.16475594276020156
0.2129068922779258
0.11248219848746698
0.1603295450484975
0.15331990249345584
0.19703036809279487
0.13523005578812916
0.13487456608758472
0.12385079080683961
0.13002150080297
0.16640129719254496
0.15138264973039814
0.2028690780777642
0.13853556509702508
0.15600651044001476
0.12568184240728228
0.1650017626288336
0.10892168598036817
0.18436072715541107
0.15575677490539805
0.1771678797436575
0.17520660293267556
0.23180239713443943
0.27049204031854834
0.17847218425136907
0.11959259077949344
0.176845449420953
0.13746937269842346
0.1368720105423038
0.19975728651832692
0.16950797223088235
0.16567260025694747
0.19944971059557454
0.16255187572605667
0.12528881992458898
0.15432358588237763
0.1783813847291755
0.21517331258315311
0.20515007874145047
0.17901992958368232
0.1847675717221091
0.18930714776710156
0.10269285712084951
0.1640652668374602
0.11542967438167287
0.1521464414405077
0.16239666678091422
0.1123405659096762
0.20809721002713408
0.15911268431102765
0.2328993893355235
0.18313248536415022
0.22958958040633348
0.13673490904363975
0.15947127916744122
0.09210809924881536
0.20144578115498263
0.19711400754606723
0.138055157334839
0.2146335554260959
0.14648766977284947
0.15969062659746713
0.18510178375390784
0.19454525978944992
0.16067103812140143
0.12598818344635412
0.19408027292513147
0.1995657439244298
0.14222517328556797
0.16131554788386948
0.18488960596484663
0.11859872950407577
0.10365991210246359
0.15995165842673922
0.1860606722218801
0.16383300422890523
0.16248178791518786
0.16187464003449642
0.18903330251500744
0.1754594804626378
0.2461120755253159
0.21962642239284663
0.11915169226959246
0.2320865190755243
0.17761985887217588
0.15605399869665093
0.14696040287336853
0.15356473473056956
0.1161565523148912
0.21561523763449889
0.15269788367369458
0.13814406060167683
0.18762368231020451
0.17996198722407034
0.18159169792672328
0.16303883882290734
0.2494229577518005
0.18003117052895343
0.19092379700826434
0.22800535741321784
0.1528210431173832
0.24625205329622374
0.189472210636386
0.22274574813424186
0.1772361036355719
0.1552332282912829
0.13022589446001503
0.19976374189584073
0.1679677601440065
0.18956569587781344
0.16661012682484355
0.24190385386166782
0.18331808189411258
0.22352229447279115
0.16175798048542708
0.14573938969252964
0.1313680964226211
0.1768726507229463
0.1559853317718661
0.18131388253993563
0.23404613902921223
0.18274363377127095
0.1611042839457102
0.14774013456887297
0.13061812222267083
0.16367902980966217
0.19287089695751491
0.16022476714853257
0.17682774963112682
0.1261278887169333
0.23535852905772453
0.16822826294249607
0.10190029940981365
0.17674487067276765
0.17842657214104746
0.17092718858874836
0.14188412823564878
0.1585663329440717
0.12942022849803914
0.21918923806164786
0.09060140872239822
0.1804807860080065
0.21569030753494375
0.26520068618159537
0.21405857346398607
0.17273547098384082
0.14567129181228122
0.14108243045483426
0.16456906572347182
0.17127338700404682
0.16777298405305938
0.12324899003655906
0.1962273199579627
0.16064497152207613
0.17952333679566385
0.12765958617431686
0.17090462728054326
0.25757955792925863
0.21515300026965226
0.22110148949614553
0.17070092553207245
0.11157682366630775
0.14126389170990417
0.18004904754850434
0.1423445261672946
0.1698601790195147
0.16062992018932637
0.2797969108547067
0.1410236957705836
0.21535220229530427
0.1755222841931998
0.16676988328021822
0.19817951222910063
0.253858442078656
0.11551711143657611
0.182717599875192
0.1818593587339889
0.10401506231892774
0.13251888165071157
0.18706399828048662
0.13805603991797868
0.10778209928775916
0.1160826003430229
0.16719635859185855
0.1703818132546254
0.15761705576414492
0.16307602297194865
0.12492709242062112
0.09220146342490919
0.2297612252208197
0.2303430791983885
0.11341457781584185
0.22635262115016141
0.12868640142144838
0.11226709434403695
0.24014680804536526
0.24218426089410983
0.14776911125924122
0.14948865183752824
0.1599255194226648
0.2320242977820925
0.18337410008849367
0.2245822429887806
0.10742161325943911
0.11740025737320278
0.14740519393139534
0.09543229935653709
0.17431513332718682
0.2042262546831245
0.14946781405493648
0.1273966964199169
0.16507673239803847
0.13955662477408057
0.17071433010861184
0.17385351519391165
0.19191714847465055
0.13221827740068154
0.12157020353977897
0.13488534773300023
0.1600855500346911
0.13903424647888754
0.13592495904688762
0.18812662921160178
0.15637400899007922
0.1610534083317901
0.09354275081153761
0.12601829826720673
0.15383779135833997
0.1816187354145198
0.17290375947935374
0.2339075054036349
0.1636521302341366
0.11277087533903091
0.17949520831976948
0.14373321262287134
0.2105696132538018
0.10948208666878304
0.16815128800114934
0.1364590721388289
0.18598668867895585
0.13178314448046452
0.16979695020431626
0.1997375380688243
0.25929763362528796
0.1814815059728199
0.21525200650944376
0.09364850907178578
0.17658207256051311
0.11052019043335959
0.14939260304904592
0.18699846928848746
0.20879749050394475
0.14320350505452378
0.19297433018959048
0.11815556924140605
0.20666396119423108
0.12175667000678939
0.0746039282197093
0.19904563871133726
0.1744638217230401
0.1572043938084017
0.16658654039814183
0.17134609555613206
0.17998501087686705
0.19289841032076233
0.13423673478482875
0.18265184670309814
0.15530662608298532
0.16600015171407306
0.24210744904192327
0.16163435977788104
0.22051537321381698
0.1620098409598775
0.1779041276314364
0.2154483312804358
0.106980279231796
0.21313437047984016
0.14844314218160276
0.15501210289275827
0.262028640339796
0.1356890153001778
0.18159684792558214
0.21583969286624943
0.13132278602569547
0.1544515305689045
0.14982567947132974
0.17059651783909446
0.1290468402933801
0.15214064566059476
0.17733693992743071
0.0997875186064446
0.14038545007205133
0.196668754766007
0.0695047763705334
0.15221693711499246
0.14288119449884856
0.22403113003766195
0.18407940345452045
0.16335893485462302
0.286096617889372
0.18907423830025438
0.19490148344568026
0.2337837402755179
0.15474474972959676
0.18162354173063588
0.118747027839316
0.1841383782677466
0.20162522115341633
0.17800790247470305
0.18081405967612213
0.14684206726264779
0.24593226590435932
0.1416989617169659
0.21069563717535394
0.1314607509746364
0.1725192215215681
0.16999083034034493
0.19782147198236136
0.18433659344727066
0.21525988975139487
0.14508813619309754
0.16094553045495316
0.12066199639337613
0.1787193599789512
0.18471198253982005
0.13583687924838914
0.15048758546435947
0.23324802917134035
0.16785807227491806
0.12516308218940064
0.2133244976873872
0.20460706320443178
0.168991190636374
0.24624476420101904
0.18197905457333455
0.11837961266371641
0.1945331847549806
0.15663284925232684
0.1862507572295984
0.15752842788038612
0.16137959320884426
0.12577203506666737
0.19525091877334189
0.19799241435667891
0.18808834210405834
0.19536833936794437
0.14334578914963697
0.147315618170751
0.08479244863185863
0.1743839051527874
0.17104556817360966
0.17059159678563124
0.15408793469778584
0.17225008242673528
0.12341563967823316
0.12862711869878496
0.1956749956322288
0.14737604921591305
0.22437270384800098
0.18513808718858038
0.11679253775376766
0.16395052277417757
0.20995108676851412
0.18946783969018435
0.22990023310721047
0.2241056585048939
0.20970688484512678
0.21635378291657575
0.1661328653301904
0.144787052689396
0.1882726057867096
0.11952545271121093
0.18210071208296086
0.1904368538902322
0.21398976965765917
0.155625060679273
0.15649270587166825
0.19237049124567557
0.13871936371743054
0.1542044020636941
0.17374671946591136
0.12844320442143536
0.09859974503483059
0.17167572040843515
0.19320092195266705
0.19945392268588838
0.15879509132695066
0.1462694258239242
0.10725964404159048
0.20684398847999463
0.24856176247322395
0.1671521454650671
0.17961305823396978
0.11925305931918664
0.18250956628913267
0.14918679490763886
0.16691931162229656
0.16395909405802014
0.12389740519714038
0.19324702095995946
0.16668859918460502
0.14413755625606314
0.17651683439535565
0.1871907375517422
0.16478373206067415
0.16612908424537418
0.1802621976648808
0.22089493261055632
0.18347773379699467
0.16000699623487205
0.1728080239736817
0.2760899664917485
0.14206953775787703
0.1236139192238365
0.18640815716505882
0.19527507792846102
0.18838733398526172
0.19555896548619414
0.2790398859433955
0.19658444219249915
0.20588327060944872
0.16480594132110435
0.20529122326461474
0.16928479380045897
0.19160436634700895
0.13566077005819283
0.17320811767073804
0.15851463297767565
0.20970914526277595
0.18406446905038604
0.28090407540724427
0.18098047468629422
0.1458825513135533
0.1895332904109672
0.22213569881803494
0.15371709359330216
0.20855824641690301
0.18243437971411258
0.1872377041078292
0.17800274424606347
0.15999252896110933
0.17221261320824505
0.1408476342855827
0.17109513685718644
0.1270935260362185
0.25655659053069013
0.1976992902570508
0.12854646192271776
0.14829415236268198
0.20742070159471898
0.14138807306020185
0.18732960395991796
0.17284035554315522
0.16293955431167237
0.15122845074201297
0.25176438606532514
0.18308636644399354
0.05444793288712274
0.1875779065997434
0.1677950421692515
0.23998809598767568
0.20954972415224166
0.13656384987182074
0.2089885774976045
0.1815281631891554
0.23162911454456536
0.17971713530353978
0.15433198380799
0.19526557906914724
0.1418300159751091
0.20242611234457894
0.19341247173207088
0.20966050127349906
0.1819279483748613
0.13976169555308995
0.20567431120934568
0.12131438794615931
0.17150671909452092
0.2581074328064618
0.24261961739998128
0.153257671864512
0.16942061734797964
0.1831737845264749
0.21919701056325164
0.13034638489098138
0.2652068465114604
0.14913970180238123
0.20917338738308303
0.1479339112070627
0.22383046969132653
0.18936113654212589
0.20864387363027193
0.20868421837862372
0.2376881077899995
0.1720367682222285
0.20373905913058812
0.125248911437551
0.15805156359483474
0.15351560019052757
0.19587302671532664
0.13328844381800992
0.07341408086251743
0.1329368714908707
0.18417980047599308
0.20658772876551532
0.19375674041744992
0.11820680523926325
0.1314280972310539
0.2001604110279475
0.08603025519787354
0.15701911108334804
0.12058009648786722
0.16310096367822796
0.17342992081024303
0.193463686684699
0.1019583914000741
0.12078649888469387
0.22392792006010437
0.15747736287050998
0.18623235322270623
0.16778571605070203
0.15177196439319043
0.18409984598160092
0.12271260646479731
0.15327192693135408
0.1559487207485212
0.1682945881478309
0.14023068690944793
0.18886932324479208
0.16080463292373368
0.155466379659058
0.1393241577181975
0.09684112961566559
0.24221082358839569
0.17709178041775778
0.15832965853575648
0.15965105647475927
0.1515669198486903
0.2451698533785341
0.16871223893817888
0.1585449191152062
0.13479982019785175
0.19257396105101135
0.19776310159502922
0.15306644585955967
0.08508936710910495
0.18033396587115036
0.22889591668762643
0.1416573541471753
0.1622133137503584
0.17256464935817725
0.20451611118232188
0.18684239703376868
0.15573584394080586
0.10812222116620739
0.10991344028860192
0.16724884533450873
0.14483794781423812
0.15011533645234382
0.20796586992966803
0.25482798592005684
0.20444949209882418
0.1597910931226153
0.1741364655463032
0.17689398256738526
0.07532510808978624
0.1592427566639188
0.14114890327170704
0.1731511394287993
0.24333630965155822
0.13254503664944434
0.18380854747688305
0.1513170428359429
0.21285078569493782
0.159332665354346
0.1420208348467751
0.20564743942387653
0.16336732352967687
0.1895990346748181
0.2094014863179058
0.22295602825623798
0.1191058913757162
0.19288343580809159
0.15809296018110985
0.2367656313512614
0.18128158763304086
0.13614309594956378
0.10862901880892215
0.19993847639089302
0.1533454794990296
0.17021082001926827
0.11050830623670257
0.15886844052750118
0.1848068811254416
0.14626717155913788
0.19539517364629239
0.23202321375694537
0.14500414151868043
0.205394271544575
0.2114845720798041
0.1381396973948595
0.17550742907243297
0.18412295190091085
0.2369950906223935
0.23038416456974062
0.24364492379312858
0.2072963548531008
0.12434649734734023
0.16688263011036272
0.10730205758608252
0.14775647726984897
0.14751791540659615
0.1428740082344723
0.2159527414260643
0.16282808964383394
0.18041272974315348
0.19026716482656944
0.21148788268352872
0.15187503601676766
0.12761265561235777
0.10158894695413871
0.15575001889137602
0.1673966242058327
0.19491771634642008
0.18837570415424523
0.1802429884870863
0.186349844408321
0.1611937696611036
0.25528932102456764
0.15558961459779055
0.1791829386474229
0.1998304214687863
0.18702213811893584
0.24007737629194736
0.07153840348870216
0.13250537800795967
0.24642969425045896
0.16273591448274352
0.1461256184739739
0.20493818437877756
0.150887137475477
0.19666434574227967
0.1818151255129587
0.16266495644131843
0.15285507747823346
0.21556094257961603
0.04400097067795364
0.1790557634780192
0.15372164364450824
0.1760733521214665
0.1283693474845759
0.10307547655517307
0.15618032045413263
0.20135548623346425
0.13227481019477388
0.08177646754801056
0.1756107788079799
0.18726334354282617
0.20539053407336794
0.20650753709981692
0.18831552911828822
0.16369341039948837
0.17165552838136164
0.18433791177465977
0.18678502898122845
0.12099375715769084
0.1931238401530909
0.20742436081942467
0.14673148962417115
0.2406349545253771
0.21456954487536042
0.1807414925981221
0.09940794065590206
0.07432235887846168
0.1958914634613043
0.21804160771117556
0.1954086130180314
0.12487973390717522
0.23984624402284394
0.16171610497240477
0.13933770686223687
0.11321222188871255
0.13803392473048795
0.20232393262909942
0.21959748284292985
0.19516222644136183
0.1923437119936485
0.2323077889631209
0.18163399232531055
0.13367658400801843
0.19138693668742326
0.17485032594619265
0.1863006538807479
0.15569300647577122
0.1719032801412895
0.19472492115032689
0.25634879629424917
0.16063221455153365
0.1746002928936751
0.1183324004435913
0.15894217191966967
0.1692045503362788
0.20397458369128954
0.20148576709588004
0.18968470343681773
0.17363979563147872
0.11577892188168895
0.17051527814242867
0.12622838340733408
0.17849180732347142
0.19406665001689524
0.17763908753639718
0.14609511182493426
0.17987351306329522
0.26147996656084344
0.1463215756841241
0.0911455009906984
0.1841844490792801
0.10359274958904288
0.1824920985727208
0.12947074506182527
0.17098695843898706
0.17717402508973862
0.20947338978606056
0.15428663080765573
0.19841397490387438
0.10997883752439659
0.1458824342109382
0.18245662031667179
0.1494862868798369
0.21224595701277543
0.21143452547921854
0.1792572911956483
0.12853042035554627
0.16079039838520492
0.12013070393936479
0.1895807077686361
0.19187027552058314
0.14504335687671002
0.16897677142292256
0.13145237533817955
0.2280831747079669
0.1461014931222216
0.23014394956015025
0.20188451230202697
0.22161897035528969
0.16844712765598033
0.15257855535439613
0.14129812136058606
0.1672315329007775
0.19162019115021886
0.10143503444477854
0.19918655128493593
0.24297755109494307
0.24378152743640216
0.2182491876397072
0.2214515880827564
0.12112826575871682
0.17432742486974304
0.21749115053127455
0.21195242334905046
0.24807095152506597
0.16308593602135135
0.2620882665749017
0.16205056491345743
0.1587612996599162
0.1718117323525243
0.2023319384485045
0.13624685872279776
0.21995925810618028
0.21141123080571855
0.10273783339593913
0.16022765041762976
0.09745507733457724
0.23453111100005133
0.19710285229820818
0.10362072493419539
0.13883948389557912
0.13856355619391952
0.1368729331691035
0.15368078805192373
0.2134771541650787
0.2023618395703209
0.12057208468024924
0.19179530625493324
0.11689834321346784
0.1010100954244388
0.16086657655811998
0.24465021727560984
0.1837439151479794
0.17163541180186048
0.15526224524863386
0.18952895030637493
0.17151547126321215
0.20817971104429228
0.15534256750734804
0.17132445792150164
0.10958258640587248
0.24078217259138673
0.1399602143719342
0.1585807928614495
0.11923663986177202
0.12865730626601898
0.19652052379202256
0.1518442891920473
0.19535802678772413
0.20652874289836118
0.19821801311688414
0.2564148402815226
0.2064668383153968
0.20658810748162196
0.13932936071018207
0.169811286540289
0.17485726628325265
0.18355294390799473
0.141487475552488
0.1658101065678412
0.16805611466783307
0.10493645684866855
0.14504153899122818
0.15036874911259762
0.1711322649573258
0.23097671130985487
0.15057281442814743
0.17248196140805194
0.10666813865613982
0.15952840943794153
0.20312584824421426
0.16204405306245706
0.16004757492901484
0.23041607376303844
0.15444539255485676
0.1791819517516006
0.22915193253054433
0.12710361307451268
0.13253058315189872
0.13051581079050054
0.19108690329907224
0.1609823061724773
0.13615918658372284
0.1272554275782531
0.18354511417595173
0.2122611931936637
0.19378187372071026
0.1496084347288357
0.19055687300300236
0.18884200307444263
0.15257511872853646
0.20415157496634836
0.11917532186342308
0.251256565855545
0.1496522305437367
0.16813044124023402
0.18405010753826517
0.1666267437597181
0.16802092619182554
0.15687689645375938
0.11865578579396818
0.193302502188874
0.19216145052882233
0.1345022316044074
0.12786206958730947
0.18569988305080465
0.17900323908073326
0.18201481813418666
0.2028102521261493
0.1648220777407705
0.20967811806911882
0.15326447434265691
0.1992565590645846
0.19085545933084466
0.10210586307312608
0.21006874540742235
0.1280780509589979
0.18939461739628605
0.16556694123638624
0.15406898050050805
0.16389506401754517
0.19497733461536929
0.10111769896077198
0.143053587401827
0.15782718163883172
0.18885928288118553
0.1184293171375219
0.21023554135382402
0.20968015744755672
0.1943205673116333
0.24203160795731354
0.18400736201391424
0.18605379776956668
0.1788725257737412
0.09587083961930822
0.21614790198863343
0.23064678021644627
0.22719148704103992
0.18738972249015587
0.24357040537037933
0.22941249255787824
0.20727060307295853
0.15742134847718003
0.21069288969125047
0.16525911390333584
0.2577148945883539
0.1792690341171069
0.17527030434403573
0.20170398670671194
0.17918618321380445
0.1520732157487305
0.17484745618706532
0.16860118864756307
0.15571226912186065
0.12958880371230622
0.2795883258336585
0.1170066424456466
0.10146087785251362
0.2561970109684205
0.20970950230133928
0.18074729521696253
0.16428698782401457
0.28320257400092064
0.1666408330235079
0.2090557490319849
0.22590139065411935
0.23109040699922456
0.19339303308858133
0.1361948504185365
0.13438771116348786
0.14212957863255388
0.15530924331644547
0.22990099088420385
0.1617135937938509
0.15561496877221181
0.2300507017968725
0.16048693350829885
0.13618773444394244
0.19238567215230812
0.21507253615761868
0.14597510725867874
0.11971626260000573
0.1302282295293146
0.1622846630213585
0.22917318577669527
0.1439205564561599
0.13452796862279445
0.20865375451799906
0.13927917036689857
0.12625114065268392
0.12267111196995543
0.24701009350947606
0.19325926353962614
0.2548998704227697
0.16722079661964795
0.0929224363834489
0.137191603633155
0.16297141893741704
0.15970836066219846
0.19337496143379804
0.16671508743102656
0.16969510137026642
0.12400606357562928
0.13854473737034817
0.1493187596101313
0.23694659281550898
0.1466359056420964
0.2014780373744762
0.1420203689131121
0.1742103748337558
0.15576751883416864
0.14582957645124958
0.17456886364382818
0.19087270270520654
0.1643798992590648
0.12133257224821628
0.1745935709614089
0.17225438344857985
0.12700197064944058
0.1285332679804822
0.19302052265318048
0.1331601674318909
0.17859992030356892
0.21351019892753328
0.1625350353552229
0.20589568488974744
0.26970841650382477
0.19820172448848497
0.15070345986394829
0.1778407518026583
0.14976171385700435
0.21294454908861202
0.18689578258480516
0.18251534535364133
0.20812659381884904
0.08269666064550527
0.15423321775724774
0.144478902117182
0.1317824722032459
0.2567456303769465
0.18867619107303377
0.16719919901983976
0.16335079336855773
0.20164491798743345
0.14822231969949048
0.17806332983155293
0.1655333581255958
0.14199162135942478
0.15989486379797493
0.16472441309190752
0.15675671448443268
0.14154496757884658
0.1325792454321474
0.18965576230546324
0.1254373214637758
0.13157491521270415
0.2095010542540543
0.16737431204397182
0.1651797325066996
0.15539830191962098
0.17565174833172326
0.12154121499110407
0.16987391642828392
0.1953520401543097
0.21098068812471998
0.19492127640689197
0.23653380543907215
0.20029986085700202
0.15641283386102464
0.20343967800676535
0.18665178818423017
0.16646850175344444
0.1142675978018894
0.19664096681501309
0.16253500607735688
0.16274862642594903
0.13644078714574417
0.19010188001074044
0.1496472084635322
0.17871723420398392
0.19268147153598053
0.10874158098654307
0.15821392975226123
0.18880310629285757
0.0896632121155206
0.17160528850369755
0.1814772159510083
0.20280364712059737
0.15594295088846472
0.17772465562203435
0.20505356647368808
0.22375895147245722
0.08045610782330809
0.15608092802003165
0.12219575505552979
0.17590101123205681
0.16324033209868608
0.12595291725545765
0.1660181843207833
0.15938974420859073
0.16339839723288171
0.16694777542623676
0.18489865772459932
0.22906382235928252
0.1796120318247657
0.14577677729181657
0.10908508910694602
0.16093857880776818
0.1317546065661833
0.17242357180166115
0.23979285459877622
0.18618142374289318
0.15276702991703137
0.22023859240799096
0.15574868514096396
0.2005055344124202
0.23321715157266865
0.1632285943177691
0.17424409650922482
0.23932935697890712
0.22470683329299979
0.16840236834617286
0.23625097842763965
0.1454148912281012
0.18100122320060563
0.19257673905705844
0.157063641109987
0.19452432541655887
0.18378222480693412
0.14962396004493406
0.13862290576524472
0.15128713112268038
0.19419377724328865
0.17030426703009513
0.16966033962038135
0.11625645850685706
0.17786143835490065
0.16269610063209064
0.09650414799556102
0.22000157587712132
0.13573039047759808
0.18548299097648918
0.15214500898476382
0.2579621675962577
0.1868084211635334
0.12158705571814177
0.18372248169845304
0.12023062773360896
0.12714188229274787
0.197648236474075
0.17781387820682193
0.1110184596958444
0.22612946878758278
0.23793234622011256
0.18046841652252907
0.10370614041880566
0.1908993504316456
0.25319499053809585
0.12765800619654216
0.1518217006213741
0.10484389714819645
0.22461657096672036
0.19088657277515533
0.16451693628506564
0.14686984357473304
0.1275938915594903
0.16071736375867995
0.15127943878242653
0.163745240703159
0.25090498041809767
0.18328940531412738
0.1056897514547984
0.22579535366354603
0.17504193403078117
0.1948986339881773
0.13557480581084397
0.2134069999548469
0.13323527149414097
0.16892947411130807
0.14636126370928706
0.13941768224509216
0.12923507445441124
0.1619823487513571
0.2597830056515509
0.17562961209979316
0.12518170383731284
0.14210827406954857
0.20257137909689227
0.17375169350310135
0.15687277636529556
0.15660202313983604
0.02294961002140128
0.22416566913772498
0.22825954355320074
0.22581044931628425
0.12063730203119197
0.16125991347367616
0.1594224408960055
0.17946507052436345
0.20658522635962726
0.1281922250125527
0.19615508579136198
0.16680101813253204
0.1702718307899586
0.1892534935798671
0.2037656905267063
0.17165517168952815
0.18598278981168367
0.20997329343455068
0.14341720508708997
0.14795885510468376
0.1771832002103025
0.1367692691945275
0.18591896472622454
0.2041729221071919
0.2189275171408233
0.21544677021718533
0.17841758964026572
0.1860277380473722
0.2190131900293609
0.14276734706284805
0.10772089627217746
0.16827853929050426
0.23267794074762266
0.12894867287713685
0.32849911588266145
0.1259322244882771
0.17617591470924837
0.10754457112852855
0.15054922597419795
0.12384025202784713
0.15515988651644197
0.1552729297742292
0.18235163506438432
0.2111670748078625
0.16814973613374898
0.15754807851652497
0.1373567012117696
0.14366189322808834
0.1667136487370783
0.16074805130893394
0.1822515311002224
0.1518153470815598
0.1935126133416373
0.08502435742254845
0.21276020811220903
0.18385109012121048
0.13289164629965783
0.19641118081991846
0.16480570919863677
0.25819025275380786
0.1870253005330431
0.18927573726025676
0.1727233832769191
0.20174540384152934
0.14785376879531623
0.18153422549074602
0.1840688569466549
0.15034577849885047
0.14904822825010827
0.16425121746158958
0.177910565458052
0.18504832539627025
0.11619709499875697
0.18319605775888173
0.19255009900620373
0.1967959992488309
0.2026623256585267
0.25087030653188536
0.18451441335918695
0.16733187603669797
0.21174343925601358
0.14036950625813968
0.17188309705218116
0.18970139163818622
0.22245172574142807
0.224740012925312
0.13103590570708887
0.1201753831309035
0.14806294037491588
0.2643120849602511
0.14080616222888648
0.13635399653217273
0.13705535404779068
0.08931072892311137
0.17381739021950163
0.1289177326925407
0.1726255207103802
0.21123553276764873
0.11944021349332207
0.11585267507579083
0.19606860144369062
0.09616306341505478
0.13525412187197292
0.15660663199018104
0.1846659862245085
0.15887830172338757
0.18703347110403332
0.1294036468780095
0.18890705959956075
0.18483225024171238
0.12481656477674255
0.1606242141718664
0.17604382137170932
0.15753762198915916
0.15849028876955706
0.23816724723550425
0.08986880412691503
0.11599990483623948
0.11471852133131319
0.1863101401718392
0.18976872388579444
0.09334208260317423
0.12322381159972633
0.19463547216559085
0.16892648532467905
0.13834393280013146
0.16198177056003726
0.164149014138468
0.11207531695477196
0.20345794066562084
0.18223499424514414
0.15991468815970356
0.11213847496617536
0.2589704508244751
0.20104772325730388
0.20423067762795952
0.1975746046457437
0.2334004686772841
0.19448120870203223
0.27035360681709764
0.262016738178727
0.20632840593027174
0.2215569049944697
0.12730644296610666
0.10319529996298712
0.2128273905512094
0.281289126304607
0.2309920972729614
0.21249348786046468
0.2240532691541059
0.10818248732600941
0.1744266569352221
0.19312333125266348
0.14955607397332352
0.17880763146167167
0.19651357797598726
0.20174113033202135
0.12925890423163797
0.14498033479192976
0.13864750480955368
0.19669098321906356
0.1334894399306431
0.19121474242164507
0.1604878055757296
0.15003964431261757
0.18729877543092566
0.14780468360723764
0.18650572400482238
0.1403374983337003
0.16250337291213068
0.14591730193901187
0.10153479126658171
0.14831152396247696
0.16161619894142282
0.20252141003218607
0.23663803062225663
0.13123275962474998
0.10535694353257526
0.126010845934463
0.19712395575362304
0.14978798045985653
0.21896188346651443
0.1401698533871271
0.1978311240095127
0.1591986107447336
0.13238878948937155
0.2309096937471871
0.09143553230153881
0.1456843510844633
0.21608172209710189
0.11882331170783086
0.1657471129880629
0.19419847259386372
0.19644847799553516
0.18859629495290384
0.21405173903502062
0.05894763737623877
0.21255234892708272
0.2089784896757403
0.1896361159073741
0.157872539196757
0.14245521098738134
0.1680239447309608
0.1440343804940034
0.18177412545196117
0.18144390232112836
0.19410105189862586
0.228497064504204
0.19617161308086525
0.1801382721389988
0.18726627216850317
0.20619318189265734
0.17895151335530077
0.12306884467547374
0.23190373519850957
0.21507991053597583
0.14983650106131827
0.11776444134044299
0.18611195963351065
0.13801082212560434
0.17970660070842104
0.20693960643258058
0.22037573103979527
0.17236890670954513
0.10125586657407744
0.15490118508508097
0.16108825190467618
0.14733451236143355
0.11507760559756738
0.14991743500900137
0.08013057354197137
0.1309971903127668
0.07797817467862758
0.19288647604575254
0.17327847802764035
0.17738605836002871
0.20595635373889654
0.11215298583228639
0.17426793323277015
0.1508537603948388
0.15502907368236296
0.19734648772417684
0.12213540823665522
0.17119001713959242
0.21600481537434554
0.12554808351270358
0.17431401278635797
0.20343631784302946
0.1938947008859705
0.22355405849104096
0.1523723907063574
0.13137007519513522
0.246836407682214
0.2461727137667266
0.20887168468697878
0.19923179218232728
0.1560291834153666
0.18408034938635073
0.19696373538890702
0.19074264041022518
0.15153448020069846
0.18352903896424244
0.18790542208602373
0.2609084999359066
0.1483420876718272
0.04494988851034057
0.12083502798049475
0.2030843902353535
0.16117122335833292
0.21821916926914034
0.24503530728639333
0.19200394970899004
0.1281506141612172
0.12048902377291373
0.14220328198174628
0.16982417257054233
0.18735726456022464
0.1740777477140779
0.19853924509191873
0.1420741412690193
0.11806444276380813
0.12838969984031648
0.16494006457159516
0.16273907825250086
0.17158358087515158
0.12943688730876057
0.17802716295522297
0.2021576944001761
0.16735943973044834
0.1420942376195841
0.15967782231083266
0.13820871140783964
0.17731348868678098
0.1969256989890504
0.2133698420975535
0.18580353847280484
0.17032768711109933
0.184883209326536
0.14265530683320865
0.14223567971263856
0.18831578371462332
0.181655188101134
0.21592900534074677
0.1579301593708175
0.26654007638945104
0.14660539536167902
0.18069069932533996
0.10072212461862454
0.19734248096966384
0.15971997881868427
0.18368983406612416
0.14526699107837956
0.16901343266142926
0.2084302846045893
0.2212169467998327
0.2335082913303576
0.16774887557726792
0.11783204553804996
0.20842969306176312
0.16555816708503387
0.15674308081472957
0.18540894862067536
0.10355602597282036
0.19511456760505333
0.23285218331703741
0.15040245104005903
0.1418737576683312
0.1709815615948115
0.13040174709963354
0.17730030839965186
0.17803106366197277
0.1668703176057668
0.12013041980245825
0.19077127246933945
0.17161997484744454
0.1746359296779719
0.17084873298311934
0.14417156693860747
0.19503457370160418
0.18240802022745065
0.15001640051139056
0.16631797775526969
0.1811755451630026
0.2288437731494087
0.24356042614547674
0.1836707593656009
0.16054578315579215
0.1587513578118201
0.22594677256667745
0.20408902526796208
0.17367368032097166
0.15576115030076926
0.16204121518040324
0.13928108777035894
0.22682695135256947
0.13231550753743138
0.1381996078034556
0.15191682567942194
0.17800187709087084
0.16790877100225088
0.19793888771832097
0.12944747201338325
0.15537579611586497
0.14484489276285067
0.20348147772320496
0.19963429671158608
0.15627651502556725
0.12258846251222724
0.15510780867859925
0.20511641230797725
0.19516295918696117
0.1572483962566118
0.1402098761421477
0.21914509665359583
0.16521055143333135
0.16888009715218633
0.1809019247662118
0.18988808048908234
0.139485598945147
0.1458706359216017
0.17248866511442756
0.21022189191353982
0.15653347584976401
0.20511539040901788
0.16169655918272344
0.13499110230716538
0.22183218458114648
0.1453056173517255
0.12387297414782737
0.09412137955958239
0.1517575928129881
0.1850644979641233
0.11494183315701255
0.15625494689518132
0.08933184814703342
0.19210287544674678
0.1718504419073761
0.1343857657963193
0.08499679868339707
0.12304920090242075
0.09609383682606099
0.12135852299444068
0.17723503496122633
0.13313509121553105
0.20690519807349453
0.17572923781077676
0.1944901078313585
0.22316348466154332
0.14968987274636705
0.13143787337510968
0.19117530236636862
0.14250430412211695
0.17972798286491182
0.13387140038266582
0.1381098691293267
0.12494825186507393
0.20597051260484356
0.12140296355061861
0.23988707679912857
0.23524067405987642
0.16505127350537374
0.17250992480790103
0.1893696701437146
0.1867950243650485
0.13960612386606513
0.11686948270624495
0.16159786129860657
0.11945842925945063
0.17861724570369325
0.22466949296908173
0.11364429831172401
0.12001849810827252
0.14118684907455156
0.2016984934503196
0.17957376197615407
0.25442315684167416
0.18552560492027736
0.19024366421394617
0.16557340148558394
0.2030459045132763
0.09285397611068529
0.20066485578018362
0.12655076834801926
0.22948415915636275
0.22440158479991384
0.23592255357925515
0.2481537902687786
0.13781735982399898
0.2421567853565741
0.19252349693628062
0.16890326789908702
0.062164152063858155
0.20749987310875834
0.19683747589879236
0.1942155665368888
0.11071163749155902
0.13228266896291271
0.20122491942931198
0.1540719059755603
0.09123722940078892
0.11558069167866009
0.19165678314533624
0.16725591781943147
0.13987064325304902
0.20330257729329718
0.1298156154007935
0.14358389451251863
0.14121456803580218
0.11802093465593354
0.19706111607913557
0.20992850097528706
0.16404104258152902
0.18684234763449292
0.13478918651689364
0.1908397221724393
0.1341333774688242
0.18451647742190017
0.2116576989917337
0.2029498974030799
0.11029900563958958
0.08691391431045595
0.17788107643469075
0.1516743412674734
0.195750311587811
0.23189883976675787
0.12547365543548938
0.1444563366376649
0.15708158424907354
0.12199136133312738
0.22805159024639124
0.19457671418020947
0.14247701098972576
0.12549664298877258
0.2668843094174017
0.17226090616284023
0.11647440753202393
0.15105658174706021
0.140343731656374
0.150885601691132
0.15993351379606568
0.14162771996877097
0.20142368405895195
0.21322561420249725
0.14371201514249451
0.1773390568189088
0.14521692804911884
0.15225343504656685
0.12160988353689982
0.15590116879789379
0.22585683910551252
0.16948558061199648
0.18834609259789825
0.17198037238506447
0.14912576838410035
0.14921153113296776
0.16095574333293003
0.14180231306617003
0.16168783969765807
0.20587437170497774
0.1798288854626568
0.23471466683494335
0.16629415554255653
0.12020270058672414
0.20780523578600107
0.10139503228577189
0.15962311098581355
0.09491064104295553
0.2187570183847969
0.10275759002687554
0.15721671069931134
0.14923844956027202
0.20484328213066152
0.15094965804256008
0.1932141134130333
0.20979564532252892
0.1643778812389224
0.20980028085104274
0.2178547929423519
0.1257627530600381
0.18364282803361887
0.13623170279769117
0.13318731595432892
0.16608920900845708
0.14565396346841492
0.2063974841941017
0.24786955861356724
0.18209450332283483
0.14544048867486684
0.17282626935775072
0.20538884568436336
0.1395537628534313
0.1775746956230655
0.20193760366812308
0.14364158419229017
0.15473305079742955
0.17915103480214184
0.16191439167906735
0.20061266552739757
0.23180012809146328
0.18021310663420836
0.21963110423391913
0.19606542676919483
0.1816991456462847
0.1681366423969955
0.13806503245353674
0.11903791424235584
0.13671673915803195
0.17460055887918283
0.15894883758131517
0.1530243990872183
0.21299059871355128
0.23699100625615915
0.1501760458792831
0.18638444144576205
0.1932746738057641
0.1760999092008548
0.13525072618831518
0.1588963033480477
0.2024059879564361
0.2057769320443144
0.16622437934315115
0.17560700475447985
0.16052071841738366
0.14973980497983735
0.24607927383362682
0.18459519422884588
0.15360418714461793
0.1758353998640749
0.16431728980337545
0.21693479249535166
0.16641959344800947
0.14609711790752003
0.17797497742214308
0.19663590157783428
0.18057887755962065
0.13091426520602212
0.19778708405407794
0.11638417627832741
0.13555132407141743
0.21180070479148294
0.1869918469091861
0.23696306495193215
0.17087540388018516
0.16088256706464438
0.13180745391239937
0.13265684469082076
0.2327630376586372
0.15164271024745457
0.15635093133562955
0.11120758506465026
0.19302143061380084
0.18443213539204342
0.18762796587397995
0.1996825230568604
0.1645522639756297
0.19449135354629762
0.1541921245795035
0.2131718253505451
0.14770150592627201
0.2739141413665467
0.20825647327648827
0.16807412802579821
0.16863829106213618
0.2112860454755242
0.1880108188157904
0.14021163896083857
0.15289618876490563
0.18413403715242097
0.2619715865091511
0.11547576381532865
0.10589289214985739
0.19544671360076568
0.2529977819339855
0.07874260582522728
0.11133783711941572
0.12117673532754261
0.15149216543832866
0.09305661443911367
0.21346929890775532
0.08168127382910767
0.21706424457648502
0.19892457986781345
0.13976236888146476
0.1140218983761673
0.1785039457168762
0.20823543926465637
0.20064848727295165
0.1731782440736793
0.1636230328959497
0.15570353262001824
0.12250380249228823
0.263943993021186
0.1343830816325733
0.178702571611473
0.15810239724267902
0.0366872840322561
0.04477506643591975
0.19714128844576595
0.15744090192156823
0.18955082129359235
0.13792040496814967
0.19296030876188597
0.21228444341148575
0.18509659295559006
0.1544731617249752
0.13912093947567952
0.19915031218961
0.1936520041434695
0.21683827571448133
0.2770660063375949
0.09682666260128583
0.1458590263936164
0.2132218503582687
0.14140450724424464
0.10022164581638335
0.11865208657635701
0.17259658659192909
0.16505192578372804
0.21965161830025437
0.17965947979805338
0.13138725299964019
0.16014747371954832
0.10678815049535877
0.13265118788066685
0.18906313527194962
0.12249583668346267
0.14333976935215414
0.09781722352204567
0.21800550505606475
0.2411805802246068
0.15373844876852527
0.21419677849464253
0.18952134841515209
0.13758873429674143
0.25059180411831644
0.18153844853534845
0.1695352298520086
0.16724004291209343
0.1872842165614129
0.22507630411578697
0.1918103253492302
0.17413414541803468
0.24285369795193187
0.1644831099358727
0.15252256105149958
0.1922879371190195
0.22229749712381555
0.10111635415273969
0.1387364329516539
0.21688992746412458
0.16889821589024825
0.16471593061184706
0.12467685305437043
0.15984532166972135
0.17750105179585374
0.2098037856676951
0.15475126423521168
0.17111011074956578
0.1768704174441666
0.19092010921708208
0.1382887319839292
0.17086015265494206
0.13022217837760341
0.1876407817913831
0.1658064198907462
0.1768949056350797
0.152487822587739
0.1645130379070597
0.19529939181050057
0.15243293509776154
0.10790807173002086
0.09311250633997889
0.19233379724329955
0.18190854147812785
0.18335850921747082
0.18640473503326918
0.1641694790573646
0.23739859189845586
0.16389724740016556
0.1703608406263479
0.1827707110357887
0.1752486593729682
0.19277265958512832
0.16564565515356125
0.15881203024386004
0.1525001416420294
0.1537929084395596
0.20859691011136658
0.15859558206156632
0.13800818358176464
0.1622544232801343
0.12433405548025048
0.2020352266025984
0.19592562760711724
0.16657654630329957
0.16597368672357862
0.1623200854458617
0.1879580340986708
0.16787217513523076
0.11407755101971889
0.10449574333649925
0.17187808953955458
0.1347043404787856
0.23266858352913383
0.121927794982824
0.09576039860871494
0.1893499116690014
0.19924199990269484
0.16113461166549692
0.1704592986067642
0.15616716422419452
0.12921744214641218
0.19527510069312537
0.21824941048821112
0.21722221577986667
0.2231316660855732
0.1616255000900766
0.16041258817248324
0.1568018166902295
0.198840066693721
0.23113836697830664
0.19258617661071625
0.1889050979084283
0.15749916006064488
0.15197646758254316
0.2261005186104011
0.21090928631566866
0.19366061846483448
0.210956743916624
0.22818365146297237
0.1572033878959553
0.1314784626629566
0.18471638294536424
0.11854140825596851
0.1783982617645526
0.16758207901800687
0.1397481173179636
0.2483004669219382
0.10871330300335885
0.16658302094117783
0.17274661698430085
0.1654465497608559
0.17286042979151275
0.18138402830062822
0.12024618190535791
0.1706090108148749
0.14166194080133498
0.1394716667272128
0.13245926689553605
0.14196470406234943
0.18543026878259566
0.16338948460949032
0.1513906053391885
0.17205369396991715
0.13446826300568604
0.19998101031119567
0.1459235398878697
0.24385659342353144
0.08648770172758441
0.1492343519137227
0.1842686892144568
0.13312377605712603
0.20826316032917264
0.14526426130639342
0.19504366552990887
0.11798974461225051
0.22235323855228525
0.2516403568077539
0.1483232253245303
0.18584966912043624
0.16688237007287018
0.18824529710799887
0.200947468783164
0.13670825723870506
0.17591518519503518
0.10531239253223416
0.07673734888052149
0.13972573840597158
0.19906756517189578
0.09461820295634082
0.2291781126775557
0.17122807663462514
0.21783276090432718
0.13948266886346608
0.1898006115243235
0.11351361906474094
0.1869285298312911
0.17432199168655654
0.16484893733098144
0.07748457316877412
0.19510993236681787
0.10553587029182811
0.13452713835930433
0.15259701136854179
0.12904633812953853
0.1936072573931707
0.17067192752001198
0.1757886075216699
0.18589829683288128
0.17179337010284723
0.13756128462009537
0.21478530623802217
0.2042468104676444
0.11136003192824998
0.15611394563624165
0.17862355771171384
0.08342787437039449
0.11309282277421343
0.1590085069073875
0.13004911567811464
0.15258990917886534
0.16129822808650743
0.21793777581275198
0.18916749540605357
0.1354233400988477
0.26026664612051686
0.22642068029425136
0.17316637631578516
0.1631879215606693
0.11377019158673969
0.17171188885065916
0.13543952743722024
0.23468185724211105
0.2205818338727941
0.2161783890713972
0.17265053074610023
0.19852419698223805
0.18409441553420836
0.19622052485972444
0.16242130201487728
0.11052206838701698
0.1596221607623223
0.1464980186423054
0.17990245384480552
0.17418820078051242
0.12162916304022703
0.13347010335438494
0.16664087551962184
0.20059208796349084
0.14480173318579131
0.158357909157065
0.1895182663936686
0.1574595286565403
0.20372678109346246
0.12540621088114356
0.12422373174723728
0.17325339147152158
0.15055075935060575
0.14356445962832579
0.12319106137749351
0.13672469156788022
0.07546038424963722
0.2197112916788435
0.15513707853197753
0.20421339415422807
0.18586549985882617
0.18788153267064375
0.1553866606243696
0.1582287493479176
0.13767267198563224
0.1788953880502091
0.09661794702358929
0.17118184761710128
0.21809165447878506
0.16322668203432286
0.17590674096008024
0.2209796415875193
0.21203345446321503
0.23383948529241055
0.21023137455913768
0.1605748632640787
0.12524748345499395
0.1938280733052774
0.10035289937375116
0.18675941370221713
0.14648116617748136
0.18131735577339206
0.11824554343649174
0.14368791359789654
0.18810500945470018
0.19983906338597396
0.23756812011818618
0.18517828706885642
0.13665617307485126
0.17412925920366362
0.16567151760192134
0.20128645290214275
0.199324624779571
0.13635141023253733
0.1782611720581791
0.16359082671884184
0.1085370143788201
0.23441283892628312
0.22891910583020553
0.13271392221307787
0.0966894488472022
0.13842575023281767
0.21186365505987007
0.1667673079862463
0.1880998019950276
0.15691162062967995
0.18977065147896754
0.163068724485183
0.13973014785570417
0.21232516449514727
0.08912693686592545
0.20639486708120092
0.20312866057815848
0.2021109099742049
0.09877890312713518
0.19668999088453026
0.2007680898070794
0.17137877808439805
0.17999582566214067
0.12896758194637303
0.14005698965004548
0.12634686989164307
0.15264981864756053
0.1845627802185687
0.21102882437883655
0.10239544098412934
0.1754459291203142
0.20632971965464916
0.1794528744005477
0.12085270910822213
0.23401624904856336
0.18466833197510876
0.17558288655734927
0.11435490614401254
0.14798745543283393
0.13670339108279303
0.11170394483123067
0.18042062854744242
0.16055754700492153
0.1866358334224475
0.10650137814545028
0.11107505661335029
0.10032554375370845
0.14063069127191055
0.14125949809795707
0.13706521185524304
0.17976829789923032
0.17621256243727668
0.09216927250951314
0.24284667999037074
0.09144235498820376
0.1898003293049142
0.22534380226786682
0.14459748884112605
0.19216316392326396
0.20036204489675538
0.21382460267297973
0.17394164358039127
0.13524615633099688
0.15122582028367876
0.21547682405848612
0.16291440971967872
0.2119688299697445
0.2582268914160234
0.23555698207874082
0.2297546710069355
0.16252640603580004
0.24548423429140348
0.1581041091092022
0.2135423363556214
0.20335596271886874
0.13782208546890942
0.12629848598141163
0.12013453695027848
0.22248843006028513
0.20613069994276262
0.20972201056149598
0.1443470508899727
0.22050535168360472
0.14121007815181558
0.23663486762148167
0.20221364687104207
0.19932424301464927
0.16611542152566816
0.1667950762863088
0.22812839970215568
0.15346833362376816
0.1448371200389824
0.18916770305029326
0.21007635080287107
0.21445447009601698
0.15857853045055453
0.13553029426664528
0.21862380038370807
0.15168069896697264
0.13018191831134468
0.1479229202886042
0.23553168764584223
0.19369629150430812
0.18939182064717192
0.224901194905013
0.18411722322001514
0.11657219546457837
0.18746661400312079
0.1366943065574739
0.12017684809609708
0.17308594258208226
0.1375278482782744
0.20334669335689012
0.18710001904087717
0.13919969380866137
0.14589351016908977
0.12508264359156832
0.1801405539542418
0.10417913294945069
0.12963706221267274
0.10989740354919955
0.22816911904929718
0.12188036760443252
0.18837209513127623
0.10466501616626947
0.21599810481935294
0.20979656350428486
0.16156941105764938
0.223359883142859
0.12289157113442727
0.1480788088864428
0.16250992600019357
0.18274448114264888
0.15841107564756643
0.1995521777009428
0.17245965460959686
0.15669568737076217
0.17220181289271508
0.15097556213258048
0.1691171897363036
0.19129946211216786
0.10378090872946255
0.1642698270795536
0.21850252105177423
0.19845334314321433
0.11459460949703201
0.16449360227681945
0.16287800954983755
0.16636388853047487
0.16601835722852465
0.2337227043880009
0.18875902673473074
0.12526412374179716
0.1678887672448253
0.21689483498335593
0.15845399683564357
0.19951257099144903
0.15474354901051313
0.1422816392585546
0.17165051237467985
0.16312405445375164
0.13026408879034607
0.18687309187700823
0.25111287912875174
0.17464471501823095
0.20768317094996394
0.22207888734554582
0.21188641227926072
0.16234876608291063
0.11522033548811836
0.13812546987499572
0.2132028736796075
0.1734837534969189
0.18400099015097016
0.18866912248960443
0.226460446052389
0.1775562880784482
0.17937559070965634
0.15095825385254244
0.26644577075550474
0.23708992794907474
0.2030237164844077
0.16832042033700817
0.16342469992393388
0.18094972981655424
0.21182678031001184
0.08655357405865083
0.11852027539737232
0.21687927413681043
0.18425082508662732
0.14767937268464046
0.15002004323600973
0.14899211024863357
0.20061145927423663
0.13810934712893166
0.15086830108491975
0.16299410460792682
0.19794510797235088
0.1498870863701035
0.2360161579339594
0.11555938224781706
0.18807998396458425
0.13398367155824598
0.17500865915694064
0.16441042527931524
0.16689581689728183
0.12339667085565964
0.21081150718678557
0.2172797710988631
0.160795491766914
0.15667434035985878
0.18677333067372617
0.16681093686735757
0.2358579844887725
0.19613678839193552
0.10789718680834626
0.2009375389936957
0.12538910864275687
0.16855550035434053
0.12880719284203537
0.11004004107138052
0.2048634019994704
0.210866180381404
0.22714105602743764
0.1211778717991736
0.0601164125494207
0.20814639493458642
0.17508682281429677
0.2052123304475436
0.19083660810296102
0.16426570151275452
0.17293059823559948
0.21508217135392002
0.2188511018955763
0.1481692230801062
0.2091772474721911
0.1424816356506953
0.20101072346463986
0.1660038725180112
0.2595853495231983
0.175919371853436
0.21749782631067097
0.13044551364981405
0.1787386593694218
0.21591851258372474
0.11465552583703532
0.20872575247362093
0.11481846212068014
0.1626824183256664
0.17951043287965943
0.22849323872848717
0.10697669887742063
0.19860596778028689
0.11209242362088909
0.19682903786626316
0.17866673467534014
0.16284307133681694
0.11736742684527623
0.19302931760942094
0.09827307983865388
0.08010557098814772
0.11641470500402376
0.2478551948728735
0.1424935881161779
0.24108037531038662
0.16854934102546978
0.09346191875992463
0.16578633367254184
0.18509417685479632
0.15514129858530823
0.15140811614096178
0.18019207545760724
0.2415319790457628
0.2453557231884897
0.13688196944522346
0.145318833771605
0.15142481249916315
0.22791038579274742
0.2232872872689473
0.1229237762778865
0.2150612433572288
0.11550138713313396
0.23452556236130018
0.11928354098932031
0.17157554251324542
0.17152169898659295
0.19350087486928924
0.1380344470574712
0.19379635475436396
0.19854037846372377
0.13294000907033174
0.18973146940129487
0.05288264007576861
0.2373445521835305
0.1507121004994456
0.1961863572517536
0.19746621423730149
0.255268208756055
0.1344854041500735
0.2338898580330439
0.08696209107652841
0.20037473420905666
0.166744923773483
0.13579322152939732
0.10540978250886615
0.22660630978141835
0.17205812530948714
0.16039199658449074
0.2044413695878391
0.1905129284289103
0.11373063257368729
0.17215120501966985
0.2068289587303085
0.10428029771641266
0.1546285556594357
0.21778818216077506
0.22958307503897582
0.2020793648015701
0.17871434147272852
0.16885925365726376
0.14020004987397375
0.24338026284008818
0.22778519205568296
0.17374530097502447
0.0792330577528985
0.17771079531966924
0.23824093168989863
0.09830791924002129
0.12226364514380747
0.1421279521521491
0.1562424437624713
0.1614514345305639
0.22244128018173268
0.16211547823878605
0.12762400863579149
0.20595991743795788
0.18082877710661588
0.2149234190721255
0.17459165768650395
0.12594427403991015
0.14306586263463242
0.2524013902289977
0.21458003655913888
0.12149638442173594
0.1554883284167179
0.17837654038237746
0.14132835662801477
0.23256468871832892
0.1353963434463134
0.12011842988306581
0.22843017024131823
0.1416190783958398
0.19274596145553644
0.14547859025192628
0.15405750685986502
0.19394624347691272
0.13650683842034175
0.1361975376249107
0.08880820548592364
0.0728555742933046
0.13098005315197908
0.1777342205278322
0.14584588840744722
0.1281251077932903
0.15530702448504152
0.1995374560918691
0.14593155996576979
0.20838066592536544
0.21868718684293456
0.18020648575062795
0.13520747459319205
0.1956178089331505
0.14528001980597186
0.12092762692983858
0.15675598523555165
0.21892216614619087
0.07641336733097441
0.14108799882897777
0.16130587307103333
0.1473099465236275
0.18331676101765088
0.14847495325998408
0.18191434224053432
0.17157943143424895
0.1978151559567424
0.2165345951580627
0.0630026821229056
0.16746148422255672
0.12103431942250113
0.11791287257096489
0.14974002821475937
0.16066378754797303
0.1800405680558982
0.206178042972319
0.12081869043898603
0.19789822550220024
0.20088110155127775
0.15424664324993287
0.0964116998461565
0.16102034613922503
0.1354016854142654
0.14560738664754025
0.23931373706214043
0.1491227372293909
0.18095760346161863
0.20103785695464588
0.24090583830068946
0.2167442546544845
0.19813585263941746
0.10733643514124569
0.18517180994938026
0.2298840163795576
0.1353835428674091
0.20283517089613556
0.11177004133154406
0.153365920572163
0.22529561351062796
0.19754295400985494
0.1930552083273796
0.14343064670462455
0.19969889148941913
0.22102877282972494
0.19777109284115355
0.21742928274937262
0.20509597523824294
0.21323139015948164
0.14780073944462851
0.23187710255832206
0.18947556390064196
0.17479849079907117
0.1646247555554027
0.06223711001421392
0.15907691137016342
0.1630954899444253
0.1528606670672086
0.22773779015136825
0.2001014880707993
0.16645920210177087
0.1469651792670475
0.15987699348648193
0.13784185647673738
0.10457160207972241
0.13469471413732284
0.1637754905358776
0.18368962668692093
0.21259814416874026
0.1826029590656597
0.18472235243090496
0.2155587005899819
0.2322990552738823
0.19431606110022054
0.17616698670007813
0.1392559642797221
0.20970755074486247
0.18094656935335493
0.12328651792802549
0.18419964427068306
0.178305970342171
0.1337070256437054
0.15658129702015872
0.14866492112832216
0.1439364169520271
0.18231628908873287
0.2011669116164172
0.11071201764475935
0.1559434129902883
0.20756024146277555
0.21277613451255922
0.16607001514488046
0.156370681410358
0.17344861507685613
0.19719417246242063
0.23842153364044738
0.17348722908172506
0.1518608774417523
0.10593970525635571
0.1788699039374853
0.1896560208739897
0.1654843259274368
0.17178051298569774
0.16198940647810567
0.2093188289588287
0.17882761144150802
0.17270111833516918
0.13343843264481553
0.14329041878212057
0.07059604252908196
0.1736960924776058
0.20260211341534462
0.18553562650070174
0.17967811345631793
0.1954006683692243
0.13701652997074817
0.17134006136263785
0.15825976410840736
0.08604506108625733
0.21178455197168794
0.1569640017413063
0.2080443729516463
0.15658042048134999
0.16094821130519008
0.16330666601661314
0.22592631361061932
0.14081708561272874
0.24654715934554705
0.16234461620544327
0.13217223365290268
0.18602302266825388
0.27945559638853174
0.1805513785598216
0.24851125037433702
0.15756989614205683
0.07123314340514987
0.19590051493543828
0.13433891686145194
0.19046093178750972
0.1157662728035693
0.1705348570772842
0.14699705761755077
0.1168604562773731
0.23745125990229204
0.21627156010436543
0.2047287407625793
0.10142753389946081
0.11920523749596268
0.15217948423908093
0.1667238938494311
0.1610168056987851
0.1197310774922655
0.1559764367712122
0.16538070712066325
0.1586663580799455
0.14946521773490226
0.23908055868448622
0.1707421233336263
0.156966559343219
0.1118682333181582
0.2019404205367069
0.21195610663477205
0.2025795892564608
0.18111499525306263
0.09443907628594038
0.17809274248211351
0.16981291993359562
0.2343061159014731
0.13670218390386096
0.2142781232070973
0.18921041403277605
0.21528940942699437
0.13440450739456689
0.136228468085439
0.19950969454033265
0.19644693854468162
0.1407702482670502
0.20255132203711135
0.1696955062500426
0.2225536459089584
0.13490510821097576
0.20515392289109052
0.13742032011303892
0.20749694986336503
0.23392873188156588
0.15456664808105736
0.18262151526879328
0.11416571857527856
0.23328630914950363
0.19042305015901792
0.18728719775423236
0.12202558253824733
0.19994159366927441
0.1663011228185462
0.19748228668974838
0.14931923080039516
0.20655959353293368
0.11313042071945881
0.18242052731294653
0.1436421437958958
0.17479796004348797
0.1504915478774155
0.2062504448940584
0.1530895579047291
0.15059965588102422
0.17279536395712358
0.173136996102955
0.26321382143672933
0.16343591095368765
0.1505835943363184
0.1411294905420894
0.1852495873815593
0.10559832230103014
0.20661276584684468
0.15474220095344896
0.18941492706635843
0.1315072389332658
0.19966068043701746
0.19601875241627315
0.19090539273218607
0.19530672977978364
0.18612363388061354
0.1651086082941941
0.19867268145491257
0.20397173246908615
0.16118653686606424
0.2711085690985484
0.1968981793292526
0.14589256549988186
0.23975968951069648
0.1705645659729343
0.163032166039043
0.24067722515095824
0.17527773936968372
0.15255789641537654
0.22372934184776638
0.20054297731163162
0.24073677847274694
0.18018657021576664
0.13655778066292107
0.1331767973588867
0.1539798519925956
0.17741606035304017
0.08960251863804877
0.20214781679229854
0.14977453811888425
0.23466419100009428
0.17927323896596634
0.1413099155914741
0.15039260498161036
0.16274016119448717
0.1883564225529622
0.2375649663527502
0.22657046046397072
0.17760412130729852
0.25158428009114053
0.10620130875513137
0.11748733509129784
0.19156799135527974
0.19616464837014402
0.14334157459419028
0.12537432949246774
0.19536151336879853
0.15622277620149555
0.16225976155764268
0.12645806575301005
0.28941865708844916
0.16956325585098
0.2236011271156919
0.13206436682658668
0.14759519681780908
0.1462598421975851
0.2272164514881908
0.18418731282804268
0.19342731521713707
0.1835004974386947
0.19226113771764025
0.15144638734150734
0.14243620019873546
0.1402335681605052
0.15619929622291917
0.17983652425063001
0.1379386048146622
0.2037163378435778
0.1535729184796136
0.12327835635776718
0.09173211446486657
0.1035015384490671
0.18705281348756794
0.23141887135397599
0.17916690815529313
0.19896596553930818
0.1827660458804284
0.13999746746065742
0.1333772517376735
0.14588603423666144
0.1918404603491567
0.1469510729141118
0.16293559892171722
0.08930796334039907
0.14307677352970655
0.20957809206932485
0.20283696681167163
0.10323565410822486
0.10398272477104337
0.16096119521158375
0.13348871804399615
0.10714299834344533
0.20899836529727853
0.17044724124200755
0.22824778000715132
0.20190296093209786
0.17569883702865957
0.21207945282984036
0.11887310970453255
0.1478912569113777
0.19410580808710637
0.17942634264300417
0.16405520994045977
0.16934900799265512
0.19640745148565858
0.26157163098006775
0.165934641893172
0.13394746362330656
0.13261309545310412
0.14690694731036927
0.14351676352856071
0.14746692418337592
0.16617331631821078
0.0917346047713483
0.23271500525941552
0.15369876286197537
0.1335790161638871
0.20965384349550803
0.14556830566841547
0.20906451856896346
0.1746173161909418
0.1174996190998502
0.17257802739816566
0.20042514075901213
0.18136791514916634
0.190914421163947
0.1963314055828164
0.13537021042010328
0.16103397677561598
0.1492594290482737
0.1967027857246862
0.16008060081843833
0.20424070998645721
0.20504930715732111
0.20214191958268035
0.19480501745317572
0.11912496261295867
0.20867033291686274
0.1589245179486317
0.2364888515078366
0.14547062705785094
0.23972773778175097
0.14631775733007107
0.09588879041569248
0.21894546783266464
0.16974393892810344
0.1525940113145481
0.1320162303089439
0.13224807869225097
0.20897909614404267
0.1394742967025083
0.179006493487967
0.1969329319306649
0.18881246947028438
0.16044164099811714
0.18569734020534362
0.09444503871544269
0.2496420914572831
0.1689467901940921
0.21462546000633642
0.1984932079811403
0.21868417676335328
0.15380940281350564
0.14647940241296387
0.20318530032188095
0.23144344763719077
0.12289666949110051
0.13159267871486724
0.24177423267627834
0.17009551576525794
0.12488362090354271
0.16411846739557237
0.20001133048576816
0.15629451577938444
0.13447783107113964
0.15217947045977825
0.21185560137196874
0.11786131392739534
0.1563829832000455
0.11362835428349685
0.18974272154852342
0.1439019980539213
0.2161435540602
0.23147164650657398
0.21787938044031727
0.1459958364622123
0.1509318911683915
0.14452945680630724
0.1986315685138875
0.18507569352541733
0.1746208193108531
0.21617945079152615
0.16627881710322703
0.1112344523238891
0.13046527449425244
0.22090764088379802
0.24001784234136087
0.15476898876066736
0.12105183116103763
0.14305832550722541
0.16487733030299861
0.16122733313514412
0.09448585029033073
0.19398448508785204
0.12049659461826148
0.14957677068545897
0.12379053568555216
0.17303918229653564
0.13868791475557424
0.12953852889481876
0.18404411547361577
0.14633199698315935
0.2251340457746695
0.13354235001447926
0.23248444004334415
0.21039989886873783
0.13675561582882317
0.07681417345035056
0.25901015023072427
0.13501459797937287
0.17340847178153787
0.18292184176432438
0.20047664806227727
0.17387545459803733
0.14521893037266945
0.11645677996074616
0.153478708283042
0.0820065337867129
0.2509002934188604
0.04951472365322443
0.11816998389290324
0.16710732810208392
0.19843379415665127
0.1516975071325114
0.13411149580712242
0.208308866745517
0.12257521632915648
0.13206470056214945
0.12668598971533973
0.1438817959638138
0.1724005827734836
0.1309778104990633
0.18074531386978895
0.10893203388655637
0.18025402647767794
0.13866284646578578
0.13830508841501615
0.2316794213058063
0.2199826292693443
0.21437004515406957
0.1731141192879563
0.12737297445366408
0.13272628741548229
0.2244301547412198
0.13988458350985064
0.1020351457161514
0.15402974994360896
0.16998720980052132
0.22165189038329824
0.15734469999888206
0.11987785572891271
0.1025349929560526
0.23167592672959914
0.11207150101191865
0.2417721277761524
0.17836048192058918
0.13982217055086393
0.1716907261388399
0.14678246836320144
0.22346167518272522
0.16092898033465583
0.13944404817986328
0.1992205186498361
0.14521447900698153
0.21145225304577273
0.17040181851413252
0.18044561921383187
0.15775415856385247
0.15667243525247498
0.14953045173603569
0.1386286889216347
0.11787993130821305
0.18478433038401715
0.16322732717220714
0.17042536632595617
0.20268000296041938
0.11665794817815162
0.14915064986548737
0.14929911997770332
0.17999292744838183
0.17706712607951075
0.16177452973669687
0.23105187891625373
0.15220107534065508
0.14506241334248954
0.18624479721659098
0.18435945100836
0.16891809418382306
0.16749283633665024
0.1863883822441875
0.13891239032501687
0.19188824041570052
0.14471256496207557
0.15791891289541077
0.1436061406112898
0.17418682394088345
0.19874892755470616
0.16910386727484808
0.15333711666254476
0.19027317430718843
0.18994862513575134
0.13329506729353893
0.1661415405875844
0.1792186065605646
0.16175363997450304
0.08681658903156404
0.10333889107177985
0.2188521455480181
0.12216497084503655
0.10527530306244716
0.16825463739672766
0.18617026398706155
0.2066867851019541
0.15367916715172206
0.19705373383528757
0.10615423220632102
0.18049329481120202
0.1868653523016227
0.1665212384305741
0.13699043559510551
0.1874895271536617
0.0858139121998235
0.22357947349693408
0.17292615732731614
0.1671377074130293
0.13880589868914195
0.21522629657464676
0.20422207210254745
0.19415100374577407
0.17153174059078027
0.23526252619571159
0.18045009376245866
0.16324594003695017
0.19438473409295093
0.12888412033685154
0.13588195850857016
0.1383180512458334
0.08494996638182394
0.1445566912101396
0.17747209261061295
0.14225758488816187
0.13834813610292507
0.1368431180157077
0.14815079995656863
0.08230504915263864
0.21581214104052557
0.18021378900933568
0.16456556002185685
0.1630156768862171
0.2199261643343224
0.2125143065590208
0.19226188107051212
0.15227558046991616
0.07516183711271332
0.14655022593456624
0.13491140086275571
0.16439136993606582
0.06989784065247526
0.21958896255059318
0.15830546429933096
0.1674465779909056
0.14732932848116878
0.17045987134871712
0.1432756313349195
0.22457114153843158
0.21028396604987595
0.15604646057859783
0.24783526247783494
0.20393283175905613
0.20100061391876192
0.2086012139873763
0.1981822186718507
0.19581384325827028
0.09103229913922757
0.19607277621157618
0.1655812491968299
0.13894146165261778
0.19713549348498885
0.14201717764978594
0.22527817078190054
0.18807098522923396
0.17864744787036432
0.2048610471577843
0.09498665233446671
0.15615148243921737
0.17744438979779745
0.24495305771214973
0.20319269232260337
0.12649632662762555
0.17104538093160568
0.11211420175738131
0.13147419008068073
0.18629875378281188
0.21951400182222608
0.1438815918956713
0.14340787968534846
0.17311238147808222
0.21111055779615454
0.08050375955350293
0.16854707244195996
0.14512752370462956
0.26736995456379564
0.09405116970207077
0.12252004900503308
0.23894018126121835
0.22040851935027694
0.14906530104063076
0.1503723337007769
0.1938294697994886
0.15468865372618662
0.2434599424356902
0.11434367650991742
0.18691213913327293
0.14493756881145334
0.18734055022842241
0.17952437850992406
0.14823792311478376
0.19960798791283024
0.20791974355904008
0.15726736605159308
0.14097850043931862
0.17088444287313975
0.18579541447623413
0.1594463672558238
0.19163260886737538
0.19440422031871163
0.17641322716605315
0.15639113211476816
0.16804854953978543
0.16655056107366784
0.11537629167852492
0.13357994102456822
0.1755148118831738
0.17449051975601756
0.1446373181439847
0.24170055005296173
0.16804606912524636
0.06348264138892287
0.17136097282198007
0.1607179334601837
0.1289968642083258
0.16727328594729718
0.22590044342812762
0.2129533416819803
0.16246084792086998
0.16657302351112493
0.09236870408928076
0.12744347013465362
0.1697764456201119
0.1337272307451588
0.20173034090551598
0.18736925675039412
0.20078838566088358
0.19535092711154445
0.12342341982261168
0.16567782310974533
0.17143266022409712
0.1753217941376565
0.16260798726238362
0.18888687668944665
0.07373395431252118
0.17198102580394034
0.1765739219412829
0.16840740575801866
0.22467620234650132
0.13307447126605504
0.11260831085226133
0.1779403467503571
0.13512069405581711
0.13356790094278148
0.16743660599705731
0.175380168018506
0.1513642998160504
0.1806753034099617
0.18875812427239075
0.128894455403322
0.18278771314375078
0.204629536104955
0.14458117456523306
0.1891086351515629
0.26429233941337577
0.1466832834832194
0.20647225802010122
0.1870557929546695
0.2383483840197975
0.16878283928407029
0.14553642093420185
0.15328665615963022
0.1935864866066128
0.2214065049768022
0.09366856134841807
0.16015839876544669
0.10964985301367633
0.14985962591992602
0.17897147684039352
0.18856409454781822
0.20967425004177775
0.09003323720165911
0.1921301685882795
0.25432842157843405
0.19767305176911498
0.2469573716206232
0.09744326171632185
0.12024034746177124
0.1377501240277734
0.19450967299270056
0.07152501747652275
0.11251244046029218
0.17857633568613235
0.18231276295540122
0.224689366587507
0.12817396719806975
0.14447827535908914
0.1325076399921109
0.1701131402608982
0.1838082066298455
0.21824131672973923
0.1621513688907354
0.1641758250690457
0.22292882764472374
0.17535021051492702
0.16276949292035753
0.15061769853384332
0.16504770075902175
0.24166632258774617
0.11092670374191504
0.18035536058921467
0.22631328550296978
0.16216769760728522
0.16275366958344473
0.2021174346198639
0.2106219791161383
0.21693678302510905
0.1295869055845115
0.23372167669276697
0.17517241300257064
0.17001152459513197
0.174900257774258
0.1783224359952166
0.23202362452368744
0.2647114675071734
0.17961777723284586
0.19414688199569882
0.13784137952111453
0.13742167527460375
0.17125602666629666
0.23738600519189548
0.0991653755750921
0.15583608591949938
0.12526807482356278
0.14265135869218062
0.21344988906764234
0.18173266730069462
0.18532278335342742
0.17928752449924054
0.21828132955270638
0.14661539220963515
0.11154276830968762
0.2204060350303489
0.2344172711380975
0.17218544738379407
0.2196990299219813
0.18622847367036716
0.12701709001814326
0.2030376166553045
0.1681695371077442
0.1482742754156955
0.2025381626229803
0.21099135498167487
0.21770227687500637
0.1423927536043666
0.20084152360299332
0.13283256229726179
0.09421103131877305
0.16517396908500265
0.16416925859647755
0.2072887768334617
0.13861931656283308
0.13663713580144127
0.09097479513447068
0.1319277015545836
0.1623358375845621
0.19526698032565856
0.15151419582207043
0.23244352413324504
0.14824306141649227
0.20578517712402214
0.18216041928105325
0.1834969076763206
0.17144198267542182
0.2273589899905795
0.1637955647409719
0.19458940605952918
0.1265961144634199
0.19617574728195675
0.17100758373344743
0.23920719590737802
0.1654040881646933
0.17910585728205689
0.2680064127471973
0.24459008184263972
0.1218413871765423
0.15776206592706998
0.22327759188358104
0.1612211874453802
0.20372432527869913
0.18594929859430034
0.12940340665651193
0.16584090584400255
0.19166869687789223
0.14034385963509702
0.20214967606285134
0.17558033892245456
0.1480169798519414
0.14965930236086386
0.15041346191445426
0.19376476407099974
0.23914999748372603
0.1849148204005348
0.19346626436016065
0.15077090567262857
0.19161701601766834
0.21258411813562725
0.17281603405806759
0.22592774612755395
0.17704995873279583
0.12874898342763047
0.1467810709154515
0.17356642966129426
0.21767561216092712
0.21493550370383294
0.2328614387731313
0.19350180800184863
0.1596550845787854
0.1423099959967885
0.15710703202641044
0.17723319529165707
0.14913983734600061
0.1721499136953228
0.1786393488719661
0.17633926953793003
0.17146353732926536
0.18770323637047684
0.16586042385654368
0.1161053070206868
0.2586008269928791
0.2230277136032024
0.22757431367122305
0.14137633353056026
0.13128506127412515
0.13746913687885282
0.14733258908900015
0.23226522329257568
0.18284994660216122
0.2689150323859195
0.14570048643366065
0.15002761857366342
0.23806674947826406
0.10904656585725159
0.10026574220348662
0.14913915880668388
0.21190065726578172
0.1397785873665112
0.15719559833930116
0.13506359542352295
0.20281554787317368
0.17906100556605148
0.17793469198324158
0.10790236757015931
0.2157553336931229
0.1334509583360452
0.14120781204922464
0.19452192981976052
0.17041147316596356
0.12833937658812491
0.1814884615213275
0.1304244546589587
0.15197854573631966
0.17040552532373054
0.10747644558521134
0.15245935981874137
0.16308246689189954
0.16473046318268894
0.16422984059600895
0.22197529940331465
0.1993483150363382
0.2214286492978888
0.18441037511634675
0.16757191520757633
0.21247746115483226
0.12025742207709691
0.15395756652209497
0.22156848357580283
0.21823556853834325
0.10093086076465788
0.19248503121337562
0.20194023631167743
0.19671846171990728
0.1181637466463056
0.1944810375760196
0.06193785011548501
0.14003988846480328
0.12912686522658048
0.09616263318346455
0.15882644547072466
0.20207191603092545
0.17751648098218403
0.13481715620615448
0.12663878742300716
0.13283764772658488
0.17411479104938396
0.17707225392272238
0.13392704611768103
0.15788643053334245
0.23954876011092013
0.2236724282274582
0.05887330885832244
0.13290736367703504
0.17158135608249186
0.1568710351443071
0.1955904292772175
0.22130063499274694
0.13739222744887988
0.09154587637465031
0.204278752364102
0.10197855687173045
0.16269516894957828
0.21797354891343418
0.1707772056720304
0.059750275954599766
0.13711091111716958
0.15317557013122876
0.23275792313748894
0.20023998442310406
0.19216555976102778
0.21392414373820481
0.25061382099601176
0.12597225088271707
0.16452707476362388
0.12922960239538778
0.16901108433658193
0.1826020110586992
0.11071709208878398
0.18363918529887027
0.20925725000353668
0.21734760618979942
0.1274930796907584
0.17887313715144404
0.16193255459051445
0.2319887361589081
0.22012060099102054
0.17135723115353452
0.21406282425840212
0.16473842702446403
0.14866489737577807
0.17586957680554702
0.19101533994170233
0.19437788473962986
0.15397184092205485
0.1371629862600029
0.15984491936841885
0.16191746285690709
0.14907265013065985
0.13454197791090208
0.13995273993494542
0.14252777610890222
0.150271937636039
0.17447975175176977
0.14247612252419645
0.2350581838292902
0.08652456084343772
0.1468334783529554
0.18473051225106796
0.18082598590661925
0.15386054647236844
0.22881251887027412
0.1666056382268526
0.15709614134719688
0.12253419745363389
0.18791396882549125
0.17047311655471029
0.1733297696090679
0.2088804626773998
0.25980681578369613
0.17764536847358983
0.14070733232641586
0.1614776432963135
0.11039226717939578
0.23564006854655023
0.16102839452580034
0.17778017646292982
0.10808726050576718
0.17997508911040164
0.1422215303365781
0.17112183609798082
0.15000240645643353
0.20418855505748618
0.1272618020764636
0.1842905659945408
0.18462302376739326
0.15562313881472378
0.2340473808554708
0.17125261208849285
0.1472434245599609
0.15544854093932964
0.18986083818995977
0.15670739420972513
0.15543180002647733
0.2327078995471386
0.21176082209246982
0.12040588815625373
0.13925763221788218
0.14940448424354863
0.149513228111014
0.15224122655937566
0.19423447187322523
0.17199639100093156
0.1597896649887638
0.19436037397559044
0.12779180339010157
0.15808686059857258
0.19824574699555295
0.12502716784115864
0.2512689906525038
0.12578295430585923
0.21819971936479993
0.19807302454327708
0.15562192255234447
0.1857120182611878
0.16552739255062296
0.1458289698872955
0.20405550814782802
0.1838101377399927
0.21065820904593716
0.12225954635124467
0.1811275883735614
0.19809562168801995
0.19175498709271133
0.10835397217818164
0.16311214113132075
0.2321459702280264
0.17067353872928243
0.1696250666767515
0.1950069886400691
0.18477204952912823
0.2390783395077441
0.23662999748695507
0.14472874685029974
0.19607986822861295
0.1519216323578207
0.1641719208516543
0.08162229760703381
0.25452518771415306
0.1186911307160422
0.17083338021700975
0.1126968971414923
0.14239356421942084
0.18481457052299147
0.08426749901959966
0.15747089663316338
0.09995556173306966
0.13463724102399732
0.10109346786435763
0.21408073020856394
0.186132940284281
0.11472851295380784
0.21384824299504812
0.19030571632763105
0.20677951128371114
0.14409094648924034
0.13885541291001188
0.2175004824420769
0.19056284055119277
0.2007611894683957
0.16992132132989238
0.17373583991754973
0.21739448632453748
0.188266428147075
0.1290938982500521
0.11723211526413718
0.1916166522548629
0.15576830478154519
0.1418991951661058
0.18449315011473108
0.2004098529465978
0.17731073949579101
0.15368966947742127
0.2124358907676927
0.14798557281743466
0.16264761623906174
0.1920718470569688
0.24603450676319322
0.16577479942929077
0.15016197772037196
0.18119362760844632
0.09915917719962002
0.20191218334597655
0.18559205452355357
0.1771634716701156
0.1665175151619168
0.16414787013853374
0.16287410395910798
0.1440013966899236
0.06866809945309768
0.12922889134070645
0.20336086114055696
0.1348885451524919
0.1587924699181427
0.06687569447884338
0.24335479244923386
0.20732794451916578
0.16386508586468787
0.1519617852479403
0.19662603169633852
0.10459117277124744
0.1542793276289202
0.19041030858743258
0.17865226666442535
0.11025005710536623
0.2143581069312285
0.2120986366074784
0.18888693924570638
0.2299959416291938
0.2282610343741925
0.22566045075881322
0.10757110609429829
0.15052214506997522
0.101401847256006
0.13567954171423785
0.27662393148579617
0.13645337205726127
0.20727803330961364
0.1463324273412138
0.12675240825583126
0.2837132478218467
0.1764811563637807
0.1550144189876938
0.0907883379788814
0.15068710458753118
0.12490710442343136
0.12027985508347988
0.17621540722662138
0.1684435769100703
0.10666066492322573
0.16634237666007073
0.1296993997970079
0.1484837709263485
0.13892422724475828
0.17162797683578923
0.23303649858744668
0.23645283342839385
0.14565607592188326
0.21768422840869392
0.22483580046262316
0.17893140090790097
0.19472037606537823
0.1571024682811939
0.12480832445711773
0.12912950096557588
0.13888509065227317
0.12722524534354201
0.1324477056607529
0.16846398026491313
0.17843866974030478
0.1473835723395225
0.07963015441760044
0.1362830331710631
0.1956222173182124
0.17481634656220219
0.16524804942198906
0.12611523558125706
0.11692449997649376
0.15773785672492244
0.1280914619480224
0.19913194242469448
0.24880314591399438
0.08077470256082914
0.1256185266941382
0.19737482378079468
0.18827122551989484
0.1935818077208086
0.17919666852104715
0.15585510069013436
0.14829099093213977
0.18986958096741074
0.19023629108916257
0.14985900977722283
0.13822910820485562
0.17753976124869444
0.16409978828096156
0.12298042317112769
0.1525268709410278
0.17606072212089874
0.15695700578143962
0.19122038551939374
0.1748088040631113
0.18265889484182105
0.1756900302238366
0.24083409421486196
0.15044146975887052
0.185165529912357
0.15557283246223635
0.1032688427599291
0.21766734291083947
0.07400482764723815
0.1758709863589757
0.22141847077242616
0.18562467480172923
0.14812280297890024
0.24643360945046705
0.19533202704634953
0.1807014052907769
0.23167036542766536
0.13736818249748162
0.18894864666336986
0.15588413958715933
0.1373836326826368
0.13560220904760878
0.16420746205331496
0.2276991495044204
0.21787087535640276
0.20533404177562975
0.18341723920677347
0.20035699224952572
0.14382260933792274
0.1749574075824488
0.1793695497713598
0.19555167137404214
0.13929413441317293
0.18033915824073773
0.26825821209691414
0.18230747578425013
0.24484997660649416
0.20700850510891666
0.15348505033606263
0.24786944957253468
0.2623569478220299
0.16556867069413625
0.08752892210683604
0.1462190433556536
0.12872113881009395
0.21301376518537576
0.17529099563504108
0.1923377021704537
0.2327295578302988
0.129163396769431
0.18017144453013376
0.15235358632650214
0.11952385877638493
0.13182633449600425
0.13922383741444241
0.1989817150965646
0.1756817887076286
0.17574066517685574
0.2048247103097047
0.21373734562296798
0.18989982339656514
0.13908652474574618
0.04521466672237957
0.1181817631649062
0.1879805815941912
0.1304022038345822
0.23783991809685512
0.17492988738860785
0.13047371025450719
0.1509160286180704
0.22149515875083195
0.1624669196999463
0.24046736705103108
0.24640671429265293
0.09864173260985498
0.1808746674444439
0.1792603684722831
0.14500261279995746
0.2105903353097095
0.2149409836965778
0.20751439678250633
0.1466101402728798
0.1448593163619254
0.13536672748112505
0.20902021895704467
0.1357291551119828
0.24637425584615408
0.1993928774629191
0.19759265506312357
0.18866089943891198
0.20305661071488182
0.16147039275846464
0.12060402172316889
0.1858184605311498
0.16118439671213552
0.15642919130205002
0.13320916318486586
0.20408827454890044
0.1391444456731867
0.13578977705196993
0.2042303449121457
0.1959298830501625
0.13828119374681977
0.16293188739114703
0.1709828441016184
0.18608968675386137
0.18394907594256202
0.1733255136403965
0.14604843175201113
0.23265360605330015
0.12870143073057472
0.18375179814346188
0.21538889324750948
0.15237805154279818
0.13074550545950733
0.15005458985931858
0.14132576534703084
0.14900817551806486
0.15164722008131287
0.10967895691838517
0.18710287950238272
0.09720877327087134
0.18524281943529944
0.1675714569249556
0.11966568886570504
0.15199670518153863
0.22593398512860463
0.23169210154664344
0.19993945936855895
0.15632029704904307
0.2143712582418526
0.16408442326183253
0.19641583904617166
0.16304454447791447
0.20988427963281436
0.11977215815088106
0.16944969151070535
0.21286780313587192
0.12683141020020203
0.13314482951083245
0.16982179558646068
0.14550679977280365
0.19386767853140036
0.20517705065459538
0.2254115162403734
0.1662062551296608
0.07848709172083156
0.12189148591919498
0.19089081821372456
0.10552621853069245
0.23295939701829524
0.19372769216686445
0.2550216832495624
0.1502454413000691
0.18021139958007984
0.2464655450826769
0.1744740004592498
0.16849119640519455
0.1761963701696627
0.1367539565255783
0.20533215290335138
0.15527985485799164
0.1005361297969982
0.1643109403838832
0.30474446425094803
0.19173502763126785
0.12843227922654077
0.16434863252518314
0.20000914303177994
0.19936636630098736
0.17568993853877637
0.16386498861737983
0.13463029504593707
0.2039665409399905
0.1638405990594889
0.2312838989065375
0.15557215371979616
0.12573651190830695
0.22861687725881027
0.1692277480296846
0.12050396330230645
0.16344377866832338
0.09682089671438464
0.10386824372494348
0.161111717464986
0.17696113085057955
0.1648634424010358
0.1913443191314298
0.14792670113533662
0.19113053542700698
0.1512796358184855
0.19867634945316087
0.09888066122472647
0.1609122102761117
0.1731661410640532
0.18776050949738649
0.16541399260856196
0.10659496160259328
0.1410910871647432
0.18691424346520377
0.16174044667455553
0.1419905759113487
0.14050446087349278
0.19428240910583555
0.2222461271989986
0.13919734485094604
0.180658171352641
0.19925814073885315
0.18261321713709505
0.202225414928658
0.1874734629422833
0.1290608771967788
0.15416120567901032
0.1518134791039422
0.25259365063741146
0.12191602537089585
0.1534010905960552
0.11166816329719526
0.24160925408437162
0.1500459890557986
0.15826538354462888
0.16662352675936104
0.1322845881999718
0.20117982019653363
0.15611075347943912
0.17882240889205644
0.15459230994901443
0.20269766653106425
0.2121352708400785
0.19382739039753608
0.13485182977210886
0.11508748550007328
0.16192159601820702
0.1987174369287267
0.15679709187279897
0.17879214789208267
0.13146624200999488
0.17115463060756764
0.1324077578459424
0.2680987534691975
0.20421541539672855
0.18037942667017756
0.17835934505725626
0.1268643365156147
0.20734054810121896
0.12141307456187794
0.17440690495539252
0.2183089658735392
0.210432610493832
0.20233460209654286
0.0991377570561973
0.14967350673753443
0.15568963768086883
0.22347418240893138
0.2553364545491975
0.2450227746818679
0.21384613448784515
0.12488307539420941
0.15570944651945987
0.28903084316438477
0.12127558650008846
0.17754688013461464
0.16078620672801253
0.24363307551149466
0.23408003849712244
0.19166990193820058
0.19369137829945068
0.1302457093439343
0.14548800124550548
0.2916545531295077
0.1650339508391817
0.20039793013952029
0.09939173228684028
0.15145584688653796
0.1424857990561333
0.1576270715745721
0.1237514971485447
0.1457616129034482
0.10486568074353848
0.26552000118657704
0.14746806312092123
0.13882141255623734
0.10632382505180925
0.15227761204415088
0.085585142586513
0.10697386560146947
0.1680484951559291
0.1920266569934952
0.13970319403955653
0.194742124594542
0.19547782052614773
0.16894195153261388
0.11967810869847123
0.14452966404554118
0.13279383316325016
0.1300939357041183
0.1550669817720631
0.20753762287835162
0.15213135971595326
0.152976439218127
0.15349138629290543
0.20664226440801087
0.14721726188287879
0.21076838110177454
0.2010030552136259
0.1446819689429607
0.08074647379001725
0.20008955245955642
0.19738847948759697
0.14415025503236056
0.17484570776993902
0.12877966577830022
0.10180484078008417
0.18296741027505428
0.07558764730697937
0.12411828569047906
0.20808448295906914
0.15031661398221358
0.14970344180013231
0.08890339446556811
0.1738239506966836
0.16951134306928556
0.14437339771153096
0.18326172352987125
0.16319418172728237
0.15681985182100072
0.18378340463743828
0.1344791749546421
0.17835338701752057
0.19712816656833212
0.1669112260609779
0.20114756143890283
0.09487858065897918
0.1360376057931048
0.18713813013772732
0.1680398548461156
0.1692592402979253
0.22520425008812875
0.16334831038672792
0.16793719057537776
0.20012395449413045
0.13149317979726152
0.19556643024708092
0.2077388806544729
0.21994824329200371
0.16915874354044755
0.16573114311474849
0.18108112505927038
0.12295653253481173
0.1997135621367365
0.14187777927439998
0.20575114362088445
0.23231904073981874
0.1700762282865783
0.15418830754014673
0.22373317138465895
0.11299143367963449
0.18341029348524643
0.17547938795554716
0.201958795698032
0.19374047945223663
0.21685403472810458
0.2039009087542257
0.19352230871906165
0.16280639453990223
0.1388434481047355
0.10138070750564175
0.16578386933715197
0.22937844858206102
0.20121127895311314
0.16299664904269903
0.1538436995967754
0.1592751659648419
0.20459579189849578
0.2261365489049566
0.1700210139649351
0.24927328722129527
0.1556722419441613
0.1469587436002176
0.2520715326402709
0.13870670921323935
0.12608488401273243
0.14026655556218234
0.1479917276664274
0.1589281562375595
0.18301636339905522
0.17458774001097388
0.19362664649981565
0.20603970983738384
0.17064775358049464
0.17509328711315839
0.09219304533528865
0.15239246913813836
0.11139565984771488
0.2519599292143892
0.19442509448636028
0.15474004958556173
0.12983844561471222
0.16146517495567123
0.1378212282597504
0.17052538230616004
0.1958909512714954
0.1187438472479577
0.1477234991513982
0.18624883854496826
0.21280453239262268
0.1886465544330288
0.17221266303976968
0.16614890950232764
0.19477990092644232
0.215848180245585
0.19068344251501576
0.18559603192944799
0.09895834448705569
0.1847516564426932
0.12107894340501238
0.12436757314733973
0.19454674928522
0.15147808512329866
0.15368863588330486
0.1893071511185456
0.1620198342426621
0.21834670290645747
0.18938532354587734
0.1051273445664199
0.20470234878622287
0.20569678161951302
0.17236639176226243
0.16383593429035068
0.22094659876079228
0.11616222987734386
0.128783094891918
0.16572969246730196
0.2232475228444742
0.22459409050706328
0.1431649595916278
0.17154897500402316
0.27905483053252
0.22377262680614102
0.206386647283666
0.1738840332764156
0.18956273270577378
0.15000744323079004
0.2211886732586708
0.1799101537972529
0.17057426150049382
0.0755297119637273
0.17387884837095943
0.2296520905148925
0.169364391960898
0.1860675586027351
0.14035247744570772
0.23216099555207936
0.16322380784717636
0.1964200478589454
0.15188304087415525
0.200486687069702
0.13126234491835503
0.16993924243977115
0.20164798666547465
0.2550524962421362
0.20137267468548525
0.19290480710016597
0.14426788897716858
0.0968665822846025
0.19995345517356838
0.16695159916369307
0.09612652894829965
0.10599693556375737
0.25271767935138173
0.12292034029025681
0.27344516782349015
0.18858848426070066
0.18128658195049127
0.13954087227360726
0.21045603009388897
0.20653990734889108
0.15918164093859202
0.13141951385388093
0.1856431637773012
0.2361534341263578
0.19013057277550874
0.0805450990368479
0.18669885520816581
0.18084268418072055
0.16836436670681382
0.09242141708911109
0.15821229502101766
0.21872680009521636
0.1460514356653425
0.22899622750119444
0.14790016442263068
0.16916015415994923
0.13803017421563818
0.11042043315148026
0.13717094032342447
0.08341211113085828
0.19218237433358512
0.1932996238030949
0.18036826093683264
0.21834516606711665
0.16412339363281087
0.20711494241982373
0.15132786135769186
0.127859475219256
0.20102639181708115
0.17406578575520013
0.1576632785193374
0.07713125102583063
0.0637246282850312
0.2006537001386909
0.1728254629994752
0.18497374796420163
0.14513712488432567
0.11244048798585937
0.2105589628670416
0.19293218483989438
0.1743285845900055
0.18162891542848156
0.20235854429068978
0.17028229182625515
0.16813947872050167
0.19016423453012674
0.1641276951514945
0.16317880905699841
0.17120568410103354
0.19477107935244117
0.2432908424288589
0.11377800365803323
0.14042286871775408
0.17852541413416148
0.1873476355132676
0.1289714179901318
0.13119842640489138
0.1440497056781546
0.15452606441472683
0.19105076583830935
0.19734288472946482
0.1306296249865505
0.16135683825571054
0.15392101725722923
0.15923149503458367
0.19584783985608634
0.17722219628581812
0.19613904722442324
0.17961164368238625
0.1843502438041653
0.14697361016556149
0.11861837074532294
0.22124147339093764
0.1769057133220374
0.2039086365497012
0.1879293474613658
0.1583888107532106
0.17290344129597027
0.1708509785279762
0.13287541632201155
0.18201538839953935
0.16491786555180948
0.13480792536265118
0.20801867953010322
0.15137008972396598
0.09404800196150985
0.1191575701423312
0.15080940560590358
0.15807721079935685
0.2111275103474712
0.14905481287134859
0.1521643231440288
0.21384931836175552
0.1716649188313294
0.17204660891067644
0.22222419492267087
0.1513183274402026
0.16685844503823083
0.18586772564828105
0.08188746836318439
0.17429377495883003
0.13427031409479065
0.10406159651777697
0.1879577477140419
0.19030572236786764
0.13048580394831785
0.15267605805703782
0.14009531736835257
0.16385958085125707
0.13944899197805194
0.10517749041653984
0.09680739057107662
0.2272113415902477
0.21902025739514433
0.1396639310430042
0.18202430183742255
0.12474615378859757
0.11343744266767633
0.19881293959181598
0.1715537134664707
0.23938585891980768
0.15310505367899924
0.21539263589879018
0.17786198002060885
0.17344430167391217
0.20716815087997728
0.1949268288466069
0.18235408807493844
0.18225547381614232
0.19823655242949403
0.20424358912962948
0.18311861940318935
0.19159048994298808
0.12840951353891836
0.18510132121278783
0.1464931347852629
0.16045528598187794
0.13015392155918332
0.15412949735113657
0.16817809703974487
0.15485843695140053
0.15742269374868906
0.1549253598695437
0.2407451651963417
0.09814194517755674
0.19808730183991297
0.1673591275298097
0.17926421679276439
0.1753348655990322
0.13455770420023194
0.1863044576932376
0.1403494395552653
0.20189017383036373
0.16887012656472308
0.2393130516610871
0.1608606734917852
0.11949350526407676
0.18160140814561648
0.22629606940876684
0.14047306656901398
0.08912088546326107
0.12382216727178319
0.1465746616194881
0.2231329087220762
0.18648848512189933
0.12829697162295425
0.14750762326212735
0.17129086718936498
0.20456372882594837
0.188414744278748
0.20616610445000344
0.1587831718463687
0.14993445762753735
0.17837101155348162
0.1826959727644688
0.1425730737866235
0.15991388055581823
0.11987553038586897
0.2774150999940542
0.08478794184410057
0.11321681115801377
0.22186524654750311
0.2538820086062452
0.1669305921087088
0.10637030957665188
0.17692213823696176
0.18400385081706033
0.19691652904099155
0.19958082658809012
0.1345508682893077
0.22356296037691958
0.19847261284359727
0.2624936215549162
0.1776905690629895
0.1939499690893557
0.16909292792833097
0.1811987323601533
0.18370163169976217
0.20124806598854744
0.1299995128335079
0.1504188904108722
0.1505103964470216
0.22523678854585683
0.1711220955319421
0.08679719695219006
0.09417748025954037
0.15543250440618142
0.17156705495747332
0.11558160835122047
0.11727951260296635
0.16430721057170905
0.18563671401536821
0.11902275540670967
0.18624658227531452
0.10438977351643908
0.19575043066133987
0.13943026962804875
0.1944128027556758
0.1042647816181078
0.10207876778379117
0.15937021126179246
0.1925649993895003
0.19298095974618593
0.19662291813335855
0.055673062363277195
0.07646569149005404
0.2188809332602316
0.20680545260874297
0.1539775219759934
0.20942958883663923
0.13361546363682053
0.16232732210673279
0.1737579743514787
0.1658326370490586
0.19316427698628655
0.16422357790785713
0.2060822920126731
0.1620814872166381
0.1700972449631821
0.13583716017154351
0.19007231071929961
0.20117981238701854
0.1558668564576975
0.20064990723554865
0.21686456527575376
0.21429161063228286
0.12073874719767719
0.20428901902254545
0.1514302306779194
0.17207038574305958
0.12318429945660613
0.12628092693541365
0.1565442006202325
0.16170937782592074
0.171885113082661
0.16112988211435159
0.22150397245090023
0.16676593999326222
0.17707290925541366
0.15620067086491699
0.1772690095410093
0.17372916285382992
0.19420176340124434
0.17545519268377052
0.1925450926109103
0.2188750865914108
0.15390394167846683
0.18386357549677018
0.1664565412110012
0.2082958600850385
0.1597773130204799
0.14594244582903756
0.2533358113583568
0.146076019892566
0.09966537417209184
0.14880214927283322
0.19963655287668355
0.14232980771233827
0.22217763563502357
0.11049339919791962
0.27219203581216234
0.1743777115758654
0.2020943481613522
0.17370674598269653
0.14773243603028002
0.1619698645166838
0.1245599623050583
0.13900323728709968
0.1228975200317366
0.1528914046426695
0.17879816380722754
0.17567223925382205
0.21044094049606263
0.19982265334795518
0.1558195824190828
0.24267928972657923
0.14850837030408048
0.19836190045580646
0.17321149326421492
0.19112279562816042
0.17248173713434084
0.12962210461867651
0.14888563435061297
0.18397616941234674
0.1977501594166412
0.1934389757844084
0.16887405304939415
0.16291001661906934
0.13470521610755443
0.13946092809550487
0.20764610831888689
0.15902333430056947
0.1508209911811609
0.19038725462436815
0.17426239277848732
0.20271975356909858
0.12493682614729773
0.15437194083139402
0.20386990981983835
0.12464148672030556
0.16010200032646904
0.161294326239107
0.17343275337865577
0.16213800378639248
0.0813283637947143
0.17305872502428074
0.22700497728239746
0.13967104133349398
0.1267953402615642
0.17019561570930825
0.17977894910056533
0.1811630629208494
0.16211331302764803
0.1170076476656421
0.1828911483353346
0.24973910923095036
0.19540249081662256
0.14638400478127797
0.1861799097317843
0.09293960687581582
0.17685421601444384
0.1873019710695158
0.17579763310631324
0.07459869246287017
0.18258268866756355
0.14282820442802793
0.2125787503118358
0.13202349535601043
0.2301105183933099
0.22504306559048365
0.23745415528860658
0.157427609134022
0.1278971698540481
0.16112703952411125
0.03669597014187684
0.09811653672316384
0.171194968379623
0.11910465568380807
0.1673802801225869
0.169441146500467
0.13169076211120018
0.20713908600859204
0.1720036250461593
0.18403955234148958
0.15677316067214753
0.16429962662075523
0.16804945862162526
0.1564678841958545
0.13505198949646957
0.16118577897643693
0.14931304205626877
0.20256186482741304
0.20477923059538183
0.1660012575084742
0.15599411536446423
0.2142135372408105
0.1602078482933836
0.24603658847084217
0.14751039450347897
0.16506161683517753
0.1628870372358237
0.16262533692575581
0.14856410523135438
0.17451190168556635
0.14394282552909576
0.138132747974072
0.2489506438957323
0.21551049995089444
0.12634801020034941
0.18327208779431386
0.18165452317417377
0.21029971978584766
0.14377475748283988
0.13149502619633158
0.1554459860238734
0.17660598729165716
0.13927400641922266
0.09819409330605532
0.23225619230292818
0.17171897845973166
0.12611075013715023
0.16846293764682072
0.127004575046261
0.21458450652797342
0.15720025077454874
0.13890609915173396
0.11958969592071612
0.22446342196845898
0.1208388940948157
0.180150236371046
0.20628886941821317
0.15213604301944733
0.18275850558070106
0.14612307295808702
0.12677458158648003
0.10265687797016414
0.2081304562981568
0.1364420563450385
0.13040084981343164
0.12482793237405324
0.19706720159265795
0.17794363440960584
0.1809434615329012
0.17013447503437792
0.1714736952384434
0.08253088222175113
0.16666236926874123
0.22301273220505372
0.17880663712722472
0.15046757016627782
0.15515887946366588
0.19304828649094766
0.16768773883068291
0.15520018558331808
0.11562352212035262
0.17373895432012923
0.12510110216305415
0.21544861903283669
0.17779548925887675
0.13144660509235487
0.20192019915484638
0.18701375529057593
0.1520563829879665
0.13857539193523372
0.15689096730243704
0.19601614404453443
0.19720639207965374
0.20387501439538183
0.19507633760485332
0.10368595153226969
0.16466577343026617
0.2527820723154078
0.18718226100971425
0.22373235944404257
0.1790346226510577
0.2272217538695241
0.11790194589358542
0.16812401413269112
0.17260647492630216
0.1527332159340686
0.1625462899299202
0.21685015252032705
0.20272543023377573
0.18368759988562658
0.16980180720588708
0.13007729772996995
0.184163418528756
0.13594544260883576
0.17707885484796132
0.16451903394445075
0.21573601100923542
0.14255669643994262
0.1308240324916941
0.23432501214956925
0.19127573634124087
0.22336827021570102
0.11209303249535865
0.1690022098854784
0.1993609348308495
0.13595296044847194
0.12123678319634584
0.22112989845610492
0.09835294785227491
0.15234797482269097
0.22202740486144465
0.06838503323516636
0.11817759059603714
0.16458083186467096
0.2160810654527822
0.22357543208329686
0.12202071626030458
0.17839008699419084
0.15661332223271696
0.19336321593793998
0.1228023492591713
0.21985941537616105
0.22932821738046694
0.21410115561742676
0.18369673314719373
0.13055670404538794
0.175737306575528
0.1870121481657219
0.16022153081584256
0.18339138016777173
0.12115594398032839
0.2308135079295779
0.1950115478806279
0.14083086350496002
0.11867523925772959
0.10539958920274169
0.1656481478022455
0.19719803684407172
0.1418449614766824
0.1591791763866593
0.13407667555702485
0.12477936345970564
0.10914266912359252
0.2244376268118886
0.1351427702172296
0.15844536080823154
0.18235602821631816
0.21600171988954406
0.1563257271224273
0.21270283217810354
0.18777466773166301
0.12658330567610088
0.19571432776643277
0.16186424297718982
0.17717472197538967
0.20698848991028737
0.12943898416945832
0.12616878733304868
0.16720038001874096
0.14232417909512082
0.22047442290473665
0.18907045554257085
0.2130449440073144
0.1261599220500994
0.10342473319349273
0.23790384145119373
0.13804516294197575
0.1513020844397097
0.22923148589939138
0.19941481212412301
0.2265456933750671
0.21121965612228974
0.1282177044956499
0.14297262752699905
0.16166035394873454
0.17064435025111246
0.1813100646449111
0.11453758208855962
0.18116293297700223
0.1529240659775867
0.1772993388506636
0.22749901328212319
0.19850793131315056
0.16465350947628096
0.1350607307805744
0.14114268350816853
0.123885454419631
0.19193647040808304
0.19917937433884111
0.0996687552960746
0.22375156645081984
0.2201265387671721
0.16164739056732053
0.16171613198626134
0.1971231840046407
0.126485159785598
0.14358206364498277
0.15320823230180503
0.20820462221024003
0.17861703458826286
0.16009006932278583
0.2594170553476145
0.22314551993348045
0.09213168948293346
0.14075413517806867
0.14327358394031445
0.15274152116527984
0.10560916994387215
0.18193052212194355
0.14781376355475961
0.12384526267766828
0.19957437424638258
0.10724455603709215
0.10493876776788125
0.15527240495720546
0.1946918964029631
0.1248417855561415
0.1749498774625421
0.11195226321748658
0.19503955363478273
0.14360425615710076
0.1159569128834154
0.1455431975727142
0.14916796272792887
0.21334202194000312
0.13505824150324447
0.16967994177842796
0.1509490958299799
0.146778550104355
0.14754367069055813
0.14494279291216397
0.16101691551186664
0.1886838636005057
0.15788381610714552
0.15829479024578358
0.1527237527403835
0.16467554450433838
0.19727411222973784
0.17449803601888228
0.21703886903113864
0.17995070703608923
0.1706132927900286
0.16579646110866303
0.14225621332900745
0.18357419113044307
0.2218701872119897
0.22474277163299944
0.2168917716919163
0.19412200380045444
0.223673849312468
0.1346205895368294
0.21882450318657776
0.12194332692709178
0.22106580575069648
0.0935980067711407
0.20951833172266265
0.19219681544055747
0.21315181847108358
0.17010574441160878
0.18848188392054044
0.2234740401453557
0.1731707318134145
0.18520186465008495
0.13077158479146297
0.13656825897248095
0.15920856408401854
0.2704807737333718
0.16727713582132142
0.21760156208384707
0.15470010383338573
0.17920134454201797
0.11914637715793198
0.16421089688604878
0.15657688944731457
0.20600064290500703
0.1940435448529534
0.15614083806520185
0.21319965775685365
0.12601845171355983
0.17175563223243526
0.1150620014555865
0.18347303039055357
0.18029003294467918
0.16987179636360317
0.2382613019013159
0.1083380576260298
0.18108078441074899
0.20214568710783798
0.1667992917172707
0.19010721093700791
0.15564348678000278
0.11953549763208135
0.1299862624377831
0.21022968557297925
0.12975961475645809
0.1096314104507082
0.13652895622598307
0.18830470468509547
0.13685337249531523
0.1362629064451902
0.2073329326110637
0.17909245618565445
0.12599618372398527
0.19844734539263642
0.16998158571082034
0.14957914443553944
0.23028819627131683
0.12480718227846543
0.11441644193341372
0.08509783294798623
0.17302197142519166
0.2045434370184898
0.1407217224387509
0.2223518956094917
0.24782537289375117
0.18572546690733824
0.12954481987626434
0.14393150752127765
0.23702637182749844
0.06725093536181201
0.1952512854314417
0.08528886809008208
0.13507465375377836
0.15105831784858498
0.175884581383499
0.14565631390936648
0.19015180831439787
0.1758385985358991
0.1369767871295912
0.27280255827981326
0.1922787323496574
0.12398848362583825
0.19475927957341857
0.16474020571639567
0.19263520367408085
0.1859888282850309
0.11529965680274216
0.15595600658398426
0.17618301651991322
0.1704194864078711
0.13952865077724447
0.1751334564183125
0.24435242711297683
0.1537579459111687
0.19155968927144298
0.14592511227969815
0.1476666424486254
0.26866398776004197
0.12749493795562428
0.26203152568864996
0.18082505078139868
0.18609836308758682
0.1430212480359877
0.17756642447365897
0.2315830622223876
0.16292036380029026
0.15428892021926213
0.19967241006608613
0.13653567356637275
0.17250309646360107
0.19037003955217693
0.1670991717434393
0.15244405769878755
0.14637545870281563
0.14746669689193892
0.16414172233935695
0.10098009273023643
0.09563068298231177
0.19663029121759135
0.1564345787767565
0.1728707634026329
0.12487111193592397
0.10957595352400007
0.17516035113947173
0.154690638110975
0.1775754584846336
0.15016726847591017
0.2306818710450954
0.21893644970979984
0.21871081111882107
0.16860137625675348
0.1674278085294649
0.06498865469939173
0.1683897286805765
0.21593427699519177
0.13956856786667746
0.20343271143162567
0.10770349306702628
0.05617067907068743
0.18322349427025422
0.2028688360633757
0.19807310987820276
0.18861941196040646
0.2077988624801996
0.19310334745966495
0.18783985350046797
0.10772562867754298
0.14208319987463733
0.18670333320454013
0.24101138130463678
0.10578963613178685
0.09046149336553969
0.13736201580208787
0.12527229408935034
0.19056433395639644
0.18411383988120408
0.12743300868423837
0.172565012600389
0.18913170806746243
0.1626104293803261
0.13201745004185236
0.16664721769237528
0.21237506921025023
0.22364277696713958
0.1966662878705148
0.13417904480256296
0.13583649773087353
0.1659045669555631
0.182537666189111
0.22388991293257388
0.17137865504075464
0.22834928210140215
0.23372176522623261
0.16610236808934858
0.21046660635635098
0.19055137065758332
0.19057605475521175
0.09935923644142806
0.1405340562602893
0.15573006953295818
0.16147549381125129
0.13556613325754582
0.18792056178355182
0.1473865375796473
0.1365677265370516
0.1994724360934491
0.1872198132832046
0.17498541629878228
0.13294858721331618
0.1625326825005811
0.1386149505498589
0.17821997631105377
0.18259083359888034
0.1884793431695077
0.20818661004088634
0.2126432400557644
0.21489340810150187
0.1739345381184975
0.16343484528946114
0.20832557450501682
0.19693440621608765
0.07598265176432713
0.18317469425304173
0.1267634691871202
0.13983791916996482
0.1686709023873297
0.132915518456015
0.17669188451144793
0.18684191742555034
0.17639882222667344
0.2455442325706776
0.14141558855041447
0.16274868744929344
0.2260977335155489
0.1677072186454153
0.1137527165252295
0.14439152708124214
0.19914769084256714
0.16828384365041069
0.08978609698356213
0.11017778786308517
0.2471939155553733
0.1751572378038568
0.1398948808743995
0.12281402478507886
0.11898706442641999
0.2018519421889382
0.16075554252532892
0.19165122398081122
0.13480694532338494
0.20048120372177217
0.23871530329029886
0.16992809936105632
0.1827247914737626
0.15432593778568718
0.25215640028348824
0.1381114026983303
0.13093958568368416
0.14644338337494614
0.13145654394209233
0.10661407456853528
0.17954683549027928
0.14963548049505743
0.16811898418970492
0.19203239993484802
0.13622314299789948
0.146997076848482
0.16092731281676856
0.21528728134705855
0.16704206126835866
0.20843536305160587
0.2498358144351553
0.2024534411982571
0.20673438165924093
0.11456889788959441
0.14116587194963096
0.17104464847390224
0.15655109860594732
0.24827602021235365
0.17704584353812752
0.17443811232990097
0.21807089642657215
0.21793111323787387
0.1070894397565294
0.14009313707383245
0.1512751000239389
0.1579424850641543
0.15453368776454252
0.20191057632089204
0.16259322124536402
0.18163089604988514
0.16590165375830518
0.14903080769958993
0.17402366087681378
0.15422239593028209
0.17864262943807135
0.15810189588786386
0.19626075737130813
0.10176479443669913
0.14194310316373848
0.2066492506666289
0.17824666408918488
0.16524951199478366
0.15007683841780195
0.18467691160078104
0.10476018012061675
0.1841651843468737
0.17472387898245853
0.19489236734205798
0.11955406630477253
0.18793480098024642
0.13368217756384868
0.19627141264314976
0.1966886323982731
0.21750932593253158
0.16826128668175716
0.24365468213439417
0.22186037480679358
0.1260614959497426
0.15399850570858833
0.1362479487096957
0.1385677743980172
0.18918890912247924
0.19700482310373435
0.15217346667012766
0.18582490487934503
0.1472117102336231
0.14951682991945653
0.19625411634480663
0.19074486592508128
0.1974119710245264
0.13472551142167902
0.12275465677095805
0.134155293139627
0.17095676013337827
0.21466855906467255
0.19411119258178838
0.12138555169528956
0.23992858003558126
0.19815140437079895
0.1559044047839272
0.19092184893714859
0.16266498225895543
0.26005152801032494
0.12836758346330546
0.15851903880712803
0.1881772806612316
0.10535842392010128
0.13995525244829327
0.14204647593049247
0.1888507964569463
0.1250962639458819
0.08361466617189943
0.23269248627348083
0.1898521840980665
0.18626740176698636
0.22855380672598255
0.18142482694419243
0.1778454449467592
0.18737632147980945
0.2251425693310389
0.21881067297380105
0.16244541192975673
0.14479774014563512
0.13473196497865947
0.21261638708782887
0.2402397768683452
0.1463211409583735
0.13547446701461813
0.23306815872595338
0.12426260451061619
0.12494849285220228
0.15501426761577666
0.14452260765878663
0.2195704916415016
0.16935485483727147
0.23281454452928188
0.16839268248954856
0.11418223806753466
0.1656112448568016
0.17637368457131591
0.10518947218386022
0.1570930287858922
0.17912827279552973
0.08105665190054699
0.1659104873478892
0.20428732180308135
0.21077137133595036
0.16303515332081028
0.17214611497203242
0.21080267645592293
0.17492612232304602
0.2105750842317385
0.15073989488752795
0.218177416473101
0.15390627359125938
0.09923550226504127
0.14309083207315756
0.16852265003069344
0.17312153936103597
0.2244576930226623
0.1930069551718654
0.1363106110650525
0.2207492282764747
0.19026312491248604
0.13603593337178718
0.13237981959886777
0.24023276405003108
0.18803471439671982
0.14966789980941328
0.22085825505488893
0.19633035718812422
0.08958199111046475
0.1264122490623775
0.20124102512296116
0.1623105266717716
0.1257611964294059
0.16260207105905436
0.18444197819858274
0.20595972496019627
0.19217376446079112
0.1306634449486529
0.19969969440946952
0.19447116995956815
0.12625444346391265
0.13338790538888246
0.13163157100737016
0.23445195571901628
0.13219198672624913
0.1322795570221446
0.19245866826088034
0.16930230739411672
0.17252120871394036
0.17598458723039187
0.1653451453639886
0.17533956671497897
0.2204279256591631
0.21660171971690406
0.16322758711839583
0.19442882740236986
0.19282846064509132
0.15898871077138643
0.15108863168957015
0.14951032689866153
0.13600405012910177
0.22111394633553477
0.2370127805818771
0.15615227046249477
0.1909947350068774
0.16844639164396327
0.25777983795486836
0.10164518921780513
0.17869844523801476
0.17474483700815963
0.190239921460768
0.1272930577163849
0.12736298614510386
0.1595476796700697
0.10451793379779839
0.1769440551395801
0.14678351791124955
0.19903208842073847
0.1517061713803033
0.16549550619567044
0.17848008322755593
0.19188685950006035
0.10837706780850792
0.18700390652077092
0.20806355270408583
0.23049585378748838
0.1562280480500066
0.25695935986907054
0.1601952595508367
0.12196458662201662
0.24970052357448191
0.1700933047047324
0.21827958781092016
0.09087608131317848
0.23542033920871341
0.14807829232632005
0.19024236381309997
0.1571344908734387
0.181851205711626
0.11651035162737712
0.16672486856811788
0.13374785534074043
0.04346004164359196
0.16121458936862348
0.19152003164263726
0.21455720171983586
0.15684162640298113
0.1762304438426806
0.159706464193913
0.23570943663375238
0.10471284104606579
0.09646502699682745
0.13315461765633146
0.1348614940826749
0.14686142238504085
0.13635487835114687
0.12510662209127255
0.14989388525219385
0.18248189306031484
0.15788054574848656
0.1878950505706333
0.20625443730365434
0.14604599532411247
0.19311550672743583
0.14866402623612504
0.2029051666594564
0.22081988650924864
0.18691586647526268
0.18101078349176555
0.15361734475846797
0.09742768019041008
0.17811732056699314
0.14298768483567315
0.1460979050262352
0.16843084544973735
0.15990321733172902
0.1254453702224308
0.15239956361352971
0.1292722226884249
0.15538894469474399
0.19787419742687223
0.2506548748937519
0.09181398745493581
0.1348477130945155
0.19467093729144613
0.17955417872331705
0.12865022173058982
0.23430381240090567
0.22794813248225193
0.18159014962773484
0.20066343696119016
0.21231270545278505
0.21098858737549298
0.18444283089999453
0.1359500443504141
0.15466367249485913
0.12550667924469205
0.1565794533571221
0.2390451543308687
0.1078994452612729
0.23880849959269898
0.11880521651723105
0.19077601582522744
0.19486401457374758
0.1495311417283616
0.12444130961333674
0.1918610933005023
0.13218087918324892
0.2820182666609693
0.22900088338659966
0.1682927835310571
0.19638442115710256
0.1341068360161307
0.14317353392331905
0.18936574933385256
0.15336501128746433
0.07769238702055867
0.11168835338806983
0.2290315079698467
0.15057468243723776
0.13056849918678964
0.179749222684941
0.22009907420529873
0.17506187192163408
0.16667025969063634
0.14236329854055854
0.22265277986075888
0.13623239184345057
0.20773426753837626
0.18041243306779436
0.1301176484442609
0.16452334732509627
0.1780923012114404
0.16712339844315313
0.17703678183060748
0.13446726212272525
0.1647281778127917
0.16965106555625892
0.14251733083926021
0.14450673760117752
0.09159717859619289
0.14844853554340148
0.15656633282269503
0.1570851775383646
0.19855342628045075
0.14409630216028865
0.1593164668121766
0.15530889815966123
0.1391928327953529
0.14167870798664983
0.26915176793210027
0.24523396620313231
0.11947846469105636
0.1496820408124778
0.13665353949353615
0.18765729423007735
0.2584877917476372
0.17959638824580834
0.15536712929408295
0.09427161981057103
0.12294622991550808
0.226858265405911
0.2023095736220401
0.14184746974378548
0.19244258897919544
0.1995211614060215
0.1999683847969364
0.15769554615915055
0.13680278054256717
0.12713301997294113
0.1211344233377979
0.18805649250230555
0.16135043061854343
0.19352319316886646
0.16978944934623988
0.12041279018892619
0.10944884951183839
0.15933685963637761
0.18653965957021795
0.18702501392985296
0.1660724699666711
0.1849773515672236
0.14462613525928847
0.18466114563342828
0.1306293480909679
0.1800864868384019
0.2035107084947382
0.1386605951901944
0.15273334016767232
0.1838179458251512
0.1643518162431858
0.14991631113335632
0.10004610732302424
0.17543300884884377
0.19084033535100695
0.2059239899372568
0.18779842950405198
0.17027887923191745
0.15461537151859886
0.14851811485154814
0.18699036060511542
0.20794423808577955
0.1394274106533118
0.1515808794858531
0.19458669811641166
0.24307299018427686
0.19895799557865587
0.19144528951830803
0.16406866572882212
0.15247150632877493
0.1896519545132776
0.20828519141215518
0.15813090057194373
0.12759907581989496
0.1770917729621251
0.1752770544197888
0.18506708018072873
0.20199308754489942
0.1741120520188477
0.14592535535272538
0.13420128939680667
0.1433187124007381
0.16218030103894776
0.12277291724350278
0.21825092220739206
0.1280098159956642
0.24204182439398436
0.13746270071681382
0.16098296238358817
0.10176571184908681
0.11534303842103977
0.08544029809094265
0.1995093625732905
0.21861324482827066
0.19168536762665844
0.23322426492970785
0.1758523842798248
0.21591498386766972
0.12127921711622212
0.09318935377036573
0.1449701232289069
0.10584194338130085
0.17253105544498237
0.13922896990700687
0.17134975526048862
0.174844825757744
0.1784253998598731
0.2430481917372353
0.22738686179372475
0.19503664910749796
0.2221851916501375
0.13476881881845693
0.18948508733442598
0.18928316100250933
0.16078427826583366
0.2644326191667017
0.1592999947192359
0.1855935466825563
0.15122965081710346
0.16924086617291584
0.12676450038559953
0.11634557908005536
0.16585295888812074
0.19139177484352984
0.2689267823867036
0.12135866527236368
0.14214139527645667
0.14529062523356268
0.13297028549705558
0.20297176939689193
0.15935496155625906
0.1169869251253513
0.1865223208357138
0.1823172985037144
0.1743901846383897
0.17196939672593542
0.14951937898319223
0.23023245189899672
0.1730293419966827
0.20777124269192204
0.17398036718390975
0.1498573516486816
0.17907902250422433
0.1969259836129599
0.17387595068438436
0.1542112559529712
0.15962208930150842
0.18959983113701084
0.10065646230921904
0.17060864323898217
0.11686107241162139
0.20985560071979564
0.13159564771483984
0.1340672285702157
0.23602199270761431
0.15579855957289895
0.1482099303090833
0.12160040024024368
0.19829326748246934
0.1539720003869512
0.1433421516604872
0.21850998089167928
0.22012664733372908
0.1626008006677778
0.17038558886417385
0.19587566606941703
0.14854109312639185
0.14433100044265612
0.16551360401417392
0.19159649900938733
0.1386262775557469
0.13680078654838873
0.20097313315272486
0.17482216458148575
0.15833023640498092
0.2119460881544611
0.16062385509399457
0.03535164564211843
0.11798743029353184
0.16054741866840344
0.20893056524973955
0.19062290246061056
0.12494108873703574
0.13663997666199734
0.17144741110262843
0.10288352216519708
0.15909513764137279
0.16687956392489392
0.13132373117315563
0.1565774433248106
0.19112287319191093
0.1041666865115327
0.12588807026629303
0.16057786634096194
0.19705357201617502
0.2866303568277016
0.16188113732948503
0.13754378694012917
0.20489663583573461
0.1910638164386012
0.2167758706236272
0.17449858674380392
0.18604859496204576
0.11758247782674457
0.24103505681472986
0.1613287638298379
0.15396096355285757
0.18279476080648896
0.20892138736772323
0.19104511379893058
0.25623357419234943
0.0824159278463021
0.16132861211039345
0.16153308506313274
0.12323400742173252
0.14350832042326117
0.16136061062739482
0.1912918829510418
0.16465174477170974
0.13223456188227511
0.22736340581507059
0.17903836974554135
0.17257000407019238
0.1665172315811872
0.13175400789412955
0.11776246304349047
0.13935820164578444
0.15892811200872772
0.14480999068455144
0.14708249636804863
0.09240889135841776
0.2060879159803033
0.23048504821982907
0.14451087504272167
0.15106106707737696
0.2165569724878082
0.20804683443198435
0.17783571098666698
0.19715040461448596
0.1707586238351084
0.23829227567237127
0.17992184320029553
0.15538215606161043
0.18758202332218563
0.11551211289214083
0.20444776547083815
0.2263573541649338
0.23016683989448103
0.1724827614047186
0.15538411245312586
0.1960645604169044
0.15147144268336746
0.25205613865653836
0.21422027448637446
0.1691893555013313
0.19129606262159757
0.23756347860492583
0.0778347037199315
0.2196020492257858
0.1293622440134213
0.14791261602731526
0.22087485056200767
0.18250292563989948
0.16618054238363367
0.16163261293322448
0.30303971995418777
0.19076199032711277
0.2335465289415602
0.1474400070926892
0.20905631761366492
0.18283280838568672
0.12484794115986644
0.22330159238812053
0.1488482166966488
0.2070430845362112
0.17663336565196433
0.18152640387397745
0.19892992616430138
0.141882683842503
0.2253428346988848
0.09256852679250693
0.1452067034060146
0.14108398384513338
0.09411300479410717
0.11856882265997867
0.126453368550333
0.19073780404118493
0.14092283807912348
0.2599936084740294
0.0973067223431851
0.1697786519855409
0.18717403368433735
0.14644703413826574
0.09276765402777995
0.16546889353619978
0.2637004700025527
0.028299981566615923
0.15212935158976976
0.2025504515392355
0.10818905811968463
0.16205033662595097
0.18218572028372995
0.17602156701436586
0.1859667772611541
0.16183369806697903
0.1730369898455689
0.18306352765305722
0.140434642584972
0.13860478201688545
0.1896413588323603
0.09875266071613822
0.12085058157590103
0.1581948106804767
0.19468556097674095
0.20784749732018765
0.14832701413376148
0.18812660132082246
0.18446834529305267
0.2207473984472726
0.1117208473123491
0.17307760790531002
0.15842163878431803
0.1820036770497114
0.11538794895148166
0.21636391056198687
0.23247804529846064
0.16228015020055095
0.19177854185035909
0.23321043468260055
0.15124013245869386
0.15234254493189514
0.16055229054316264
0.17196018291478102
0.13893722398099675
0.13537549473678845
0.19246316587390322
0.16163037535100025
0.15918002943268697
0.18553683295022724
0.1297213002740364
0.18440095330106543
0.16493747490028657
0.18912153720732724
0.151804547103061
0.17372633031604706
0.15697218032534874
0.16966543075301865
0.16626115812263734
0.19905193910735108
0.1702394263461197
0.18706385095019018
0.09907886292830306
0.20286866778795004
0.2938735679470005
0.1909413942460501
0.10971650684473964
0.16231348150825683
0.16713800969961337
0.18575085773758845
0.17031901322504334
0.13445750397726655
0.17231260103606943
0.1392556723771407
0.16714187848105808
0.14240923244701578
0.14643849944695825
0.20173307829824283
0.20017384341420072
0.15545520270011487
0.26434007861556796
0.2221543986463406
0.2012831278077168
0.23963551300143873
0.20334766633836246
0.22251012014102067
0.1474675666015341
0.2543542572880502
0.19970121455881368
0.20276321155533816
0.16538060367693164
0.129365025863146
0.1809372906274895
0.21292324951819488
0.20288043229549133
0.16175088573862834
0.19036764652479404
0.13504973670761033
0.10347086144944923
0.1528902513633822
0.11934938762663509
0.14631593394445092
0.17360299802239648
0.14271465986051318
0.14638153289517505
0.23479018189432282
0.213052046496098
0.19478732537122387
0.15405319451054297
0.19872691574569507
0.17395609026468073
0.19579721187243362
0.18808358722149235
0.1798622920407227
0.1704901418655813
0.19646541684478444
0.18940565776539556
0.21167123243559258
0.1627362507349864
0.22562153815516783
0.06539254735830331
0.2253194423914846
0.13211752018848574
0.1617421801133949
0.13149844780539843
0.0768014238012833
0.1253835113006716
0.14962761735896796
0.14585160597476296
0.23044422474167128
0.13123699458695762
0.0917560089334289
0.2428334621856748
0.17848143518570905
0.11467989988042804
0.15911565613922876
0.1480352036880649
0.19748180758438924
0.21202875385015899
0.13763141279273178
0.16882072225204509
0.17989982318108308
0.1552347363633269
0.1788312580645042
0.06359808130986236
0.2250731103266144
0.08968878707727605
0.2546280208638441
0.1766084878208848
0.22539057851978284
0.12802601738174152
0.1496491626188314
0.1635302505099333
0.12100578853722521
0.19807873642857296
0.1957020981292382
0.18290483071405042
0.18683971622609352
0.18198903118002435
0.1732864225206856
0.22978712888211278
0.13846226091326133
0.10027637110101777
0.10817156849497833
0.1752269311124129
0.1651276117855615
0.21158777415380128
0.1841798331379139
0.22540237891824594
0.1730174950599396
0.16061788052958662
0.11039013865627965
0.17377641577568262
0.16594667996545812
0.26464124246553566
0.19201707503966858
0.19996078953423874
0.14494193805106345
0.09608526022706218
0.15965060144430177
0.16498765794822715
0.18107068827747552
0.1906637083919462
0.16944907442280238
0.13094088688480943
0.23645484611197548
0.11531273103623013
0.12138848402154565
0.18419901978199218
0.20667513963417672
0.22278582274969885
0.17128924628377132
0.15795001979618756
0.1293885470905756
0.15587051409501745
0.15691322736281363
0.1529100026298256
0.16824708498775007
0.1637029959146905
0.22408089383018231
0.22183840781488506
0.1830860134390532
0.11314815816849541
0.1985597931170115
0.15360471617782395
0.15988711720092233
0.1868492910049238
0.1679254979818688
0.19320636171728045
0.15879641122133056
0.13407129002354662
0.22760948768033198
0.12250089744221034
0.15988042484425902
0.2112270158050767
0.1807517130324121
0.10522145385746481
0.16239803731490762
0.22278057135623786
0.1455177726603766
0.19061509465034943
0.24135868307477293
0.1509606255957545
0.12241370658424855
0.19563449043054648
0.1584878889826412
0.13852877518970955
0.24605840334889753
0.17777912693876305
0.17559811330975073
0.1382013704303982
0.2011397867460321
0.17428514011717994
0.2258452507232716
0.1533629219151572
0.23129882353101228
0.17113167623030784
0.18908523342568503
0.1827016446271236
0.19233693484061135
0.17939769150342746
0.14190721134551582
0.19935019086481387
0.23059153515243813
0.22314867651292422
0.1817134680337231
0.20329759928816707
0.12283570726986906
0.12511477011246852
0.2108289289507938
0.13471969624266225
0.16593375788388134
0.15764627569196338
0.18191135773823847
0.19079234051064853
0.13220394630032284
0.1605458050575301
0.1883709633007512
0.13576601172651764
0.1761489006576441
0.11980204311798207
0.19419763373255572
0.20392993265668027
0.14371372919268607
0.23051003256393265
0.20359898965886847
0.11774879790974521
0.1490189426201286
0.18403454565639868
0.11903285297602234
0.17347516987100214
0.1788990696506162
0.12671477760185826
0.14383256727695154
0.19589855175768478
0.21711268153115862
0.19541878490451245
0.1396506093732626
0.17527685312294722
0.196440684594069
0.0790120620409132
0.19574641866821788
0.09687003507197553
0.19307432944701622
0.07657278354798851
0.15967789847619893
0.19280548747508439
0.19052363142975012
0.18720213910892894
0.11153442701144664
0.19969900095179072
0.1469514846365624
0.13815169074160646
0.19244285630726057
0.16218937138071876
0.20653434476659183
0.16164823261436817
0.19490233330146323
0.14155297273799392
0.20438273090156214
0.1997841013097044
0.18371287766776045
0.2186067578764224
0.06370218306319926
0.1868016820513576
0.14975438321099852
0.1816312167586154
0.20251231547179815
0.1193721753323996
0.22019935603407464
0.14105158861363787
0.15763612265031354
0.19393717807373775
0.11485747177450695
0.17998754027097563
0.19847978111497366
0.11449579358056822
0.18154897592304559
0.1850760228796387
0.15530132542394415
0.16402226569051487
0.186577791826394
0.134825116738305
0.16312267495055668
0.19595940092691666
0.13738171089758233
0.12498943576903818
0.2938005471805958
0.1776850366323036
0.12992470463469794
0.17412751360206616
0.1970976971959709
0.17551821100926326
0.22502796124803892
0.10095352501492545
0.12243765097029577
0.11239083713224697
0.22300391421597882
0.20596679124002065
0.08425808435318127
0.15954790577112798
0.16143697185785333
0.1796588710113637
0.17970795613563365
0.2124436738743883
0.20910764817674468
0.137314573630165
0.1506208789422771
0.13252390536987269
0.24051431700824955
0.16058584263205494
0.2578922783204728
0.1428990312017283
0.1721445114467694
0.25192172255979073
0.14566773795495158
0.17214842540076178
0.17705598494038643
0.14219521188757483
0.18377086855921457
0.16830152947480723
0.18187353573208806
0.16442829691414879
0.1965882439741576
0.14860713572240292
0.208924202434264
0.1758855090382682
0.0964850905367175
0.18306097344121958
0.17351848328849268
0.15707916767665875
0.22086536334640136
0.2436104192370704
0.1897411273119306
0.2043675753012144
0.12571761668283482
0.12860143410700486
0.1510048409784039
0.19779553291567983
0.16711941381109308
0.13240908392221368
0.0517647025413116
0.1272589552180986
0.11881891921520055
0.15681764736331735
0.16024657363421918
0.1764331496496704
0.13952954993078362
0.10426639970760698
0.22431431619305936
0.18463778915264964
0.21110899548672538
0.15630879467073694
0.21184876725518603
0.1296048259537565
0.12337771329087419
0.17748216755513718
0.12299435633446401
0.22017625203704258
0.16540542127439797
0.14771377356414916
0.17532678814152616
0.19402647258351458
0.1413887413307249
0.14721126769470283
0.26733555276474874
0.16263437749153134
0.19170822968066542
0.09832695502101053
0.16849192759228077
0.08318833518083799
0.17844917445110928
0.13688801765435107
0.18561806288475535
0.22459489088146828
0.17517420039089357
0.18815501588861547
0.17519834685244035
0.1791257226615425
0.09331535642372259
0.20590917597862982
0.148635667576333
0.20611584989783152
0.18736472493340056
0.19466011338783568
0.17915645675415284
0.22058852983910693
0.2117778831352628
0.23806898396179355
0.13614422908802876
0.15873377881129147
0.10678531562912066
0.17564670830501666
0.11210629399052471
0.16915096537284072
0.18517757264468404
0.18682421424991305
0.15249092642229745
0.1806848323587681
0.21220119416230904
0.18448866028475588
0.20340611537583841
0.12346228692698312
0.1960342462723593
0.17336972445056467
0.15697692127494745
0.16440344012622254
0.11065074954970644
0.19127508882769215
0.17523771241501562
0.16740661812416227
0.14937059027505145
0.21909564778968446
0.17118662444974786
0.26082814859417724
0.18021262151785772
0.1948318206959573
0.13793945853129536
0.26840740555882847
0.16312330909105532
0.1360650476536513
0.12239038990124176
0.14967213298454446
0.21569918680649566
0.2414353666433393
0.17589696192307086
0.10322023697925362
0.20556591417071268
0.13994234703539718
0.21586575544555164
0.2619549076326872
0.14778553603604608
0.21244129317908056
0.13818492014111491
0.15590381484368343
0.1656946118539923
0.17389997704614538
0.18072146624108512
0.19887729232055024
0.1320651558166968
0.1556680844578993
0.17496797769574915
0.16866027086420934
0.214651466384381
0.18976968149710977
0.22369965335354305
0.10844940684665622
0.12590121169114546
0.25926867747481863
0.11790468107389947
0.2227712739972582
0.24623056083680986
0.2064892385456611
0.15181464429248723
0.15235829650723925
0.21279801257695857
0.13870883946133744
0.17807259689608626
0.145368692291089
0.19490000775986993
0.17482290613989374
0.20174881218911284
0.10610440940494992
0.1769923349921687
0.19174860835829632
0.16209367507072478
0.19925967673354827
0.1654680233943103
0.1915941375301318
0.27290714469253524
0.2250633689818103
0.18271816664341808
0.22455660258101195
0.16348329732915398
0.14760747232867952
0.15975803674882105
0.18419866521780517
0.20127139682817993
0.1607387116223642
0.1571994726580056
0.1516653840192958
0.17793209736159835
0.19228193085053438
0.13756378575376565
0.15510367808161385
0.15457455780267437
0.1349270750745977
0.1442665024541601
0.0854449814204106
0.15747352383949317
0.1583902668796884
0.18255958640186928
0.16406405249134634
0.12891549731595398
0.13504482448069002
0.17868240556319162
0.17370943372289502
0.06251206686700503
0.17144030513499334
0.1173783512159946
0.16200875680689322
0.179808705357715
0.2078019077527129
0.13475419991989188
0.19892339924891195
0.13772968444172135
0.15087153148996316
0.20074249279020878
0.2129861071675235
0.14692530129727818
0.19350686548633175
0.165787238718997
0.05972991644564524
0.1855720634188368
0.17643860209714152
0.12864469776404489
0.21752015599940835
0.21152928193260753
0.19113340460995693
0.20711250397471773
0.24500447652077434
0.0754677600294358
0.14460492256073507
0.09463128380687257
0.18444280031469562
0.23349347509418422
0.10447855200616936
0.17161406951723446
0.17818715613226135
0.16564735626022944
0.23178986949079733
0.16781734798955844
0.1804816332419253
0.16759251833878294
0.1594287051684699
0.13175309134306687
0.20529091809374225
0.1906976675343405
0.1664976052126917
0.1742732377347098
0.15992657876988975
0.16599266062401688
0.14160020094994324
0.1948984930699387
0.1490704590211941
0.12110327441289973
0.1763868559125275
0.1587572662259868
0.1784365801512226
0.17643165262026664
0.15422130850755653
0.14670840462392962
0.145058238265987
0.20299884232643142
0.22974035724281275
0.13816651255877427
0.21299307095184639
0.16134029787242385
0.16622342282546365
0.20444327620777203
0.1879785859869414
0.2082162372424349
0.1658882925374774
0.167939313756696
0.18337606269434598
0.18510283718562315
0.2300997174776383
0.18384545032006283
0.14515899316063136
0.16962781502964547
0.1098612236933385
0.19360335066748402
0.2894880867677668
0.14256519420862404
0.12422021800632523
0.20990208196166138
0.1660802468794984
0.2673133246835275
0.1725186940174139
0.17066008857154968
0.17013389878858193
0.15469136251786375
0.17667770264805108
0.2265178334126496
0.19006692014912271
0.19184550624316013
0.1977368292757925
0.13944200614828092
0.20081695833799007
0.16731067309214392
0.18054236973231114
0.13214924470450928
0.20792829118234096
0.13135159056432694
0.15852149492753553
0.1607373688041261
0.22902665034589048
0.11077238595379399
0.1280756506414714
0.1753174299667908
0.17070883226347333
0.1639076239010351
0.08273849154865123
0.12377942159720945
0.18367683032376622
0.16420213883766624
0.19151752768255242
0.15312712882439153
0.13371019910006676
0.11354521315921248
0.19386984977862987
0.16467419360086127
0.15341712392418597
0.14798824844008632
0.09961050112360605
0.24216199605345118
0.11822905139679257
0.14922565918680228
0.12043735831409233
0.16869221991213856
0.12360471767062095
0.17971736863520016
0.1746316038542462
0.1635156835539402
0.12307150457403332
0.17382009055598133
0.19289661787545836
0.1646583368285774
0.08912015220668917
0.20612255177545247
0.18611943905577305
0.25614656782301504
0.12302131220436563
0.19718141658410257
0.2013078583130481
0.1909328569194788
0.16740891455537169
0.18943176420371308
0.22162417634566145
0.17599353483743713
0.21141032012467997
0.18636425770727288
0.19510991668115185
0.18062079880334025
0.15632670409584296
0.1405829165746338
0.18847688403101884
0.1724273717341194
0.18093258100888066
0.2774090100912031
0.15451933736584972
0.15036441692692404
0.23408188876306332
0.14559115855302002
0.2315160980945225
0.19887910635789668
0.20132107524883766
0.13305199989234517
0.16828147886978634
0.1476493660854868
0.18780920495582934
0.1403246106538527
0.17696897569744685
0.14184638265311536
0.17351501846697095
0.1689024183217043
0.1690611656476024
0.15539672641017863
0.16707907705100666
0.17601581427148255
0.16167613361557742
0.18109333750626638
0.21821909099238304
0.21052901002989713
0.2132010399272811
0.2035923879614905
0.18824338931877663
0.17543384720492503
0.16713385932669966
0.169312248530724
0.16118090686007253
0.14679706241588422
0.19512044564612485
0.1992213998724251
0.1297719685845484
0.17987506639300468
0.16553355959239213
0.1324515249847869
0.18808270445559852
0.09934211175850882
0.15859628773404544
0.20375389655099196
0.1810086792168861
0.17941551210909423
0.271727611768368
0.11235260630537444
0.14397001295435707
0.21852669687556853
0.15071924251354904
0.0846507692271816
0.19593287907272322
0.20936005088840604
0.17915909669129387
0.19839946423958918
0.23542026987061823
0.1603479259787034
0.2219634609067731
0.19931938741483277
0.22669823489834692
0.20846280130535505
0.13922484087251594
0.1493761285205446
0.13693941861701941
0.16629745244283373
0.12034831244734497
0.13754252177511125
0.18223491399026567
0.22947029020050624
0.2048688475846377
0.1645141121711289
0.17639246479289275
0.1350637248484694
0.1456936107324676
0.174016675332378
0.15833842901131678
0.16616533530085648
0.16828837946453365
0.13652245567847698
0.18650724880924976
0.1858814252432036
0.2041190008951926
0.2062151582283179
0.15299996224047518
0.10274221882801236
0.2312283889667932
0.18577918848746566
0.1992099250274667
0.2030658887612306
0.18781543348606536
0.22127236159280153
0.16330124501883397
0.15695163751963745
0.08983647519208687
0.179166526691541
0.18293718315095825
0.21201200587657792
0.1625967253094317
0.12198228383581897
0.20406091480011632
0.18443130043760372
0.18468639798586017
0.18651952603719438
0.1402620326701065
0.13831563999513163
0.13692127082364797
0.14850138791021358
0.18918099487586937
0.14651023707621708
0.16478365143062587
0.14770932670513615
0.2409765079065137
0.2382778386797191
0.21050685421802096
0.21982088044953801
0.1236262835297336
0.1407229017505554
0.20396296736310493
0.15578750849512008
0.2362781485401786
0.15032033720174
0.14695437870208664
0.15774812397246524
0.15426388445044475
0.11352640956090992
0.21325913979951433
0.09508255025881396
0.21182696334333595
0.11409164352347398
0.1923297409776199
0.22974151217604288
0.12549583665083366
0.1820901346114863
0.15485308833700182
0.2622058992391351
0.2057580400225443
0.12100579822070523
0.1924480035456571
0.17189501674532692
0.15829043567461779
0.2428820522136373
0.1294060750892359
0.15183816600820244
0.15940774506576388
0.13864910620024595
0.18941853713874063
0.1749036111701269
0.16732714621201536
0.16661862414365886
0.2138530001866292
0.1988926903013101
0.20863036324169834
0.1490406154212099
0.0717158788384066
0.22638315883109522
0.146505567341943
0.13489526170314672
0.10953098853510765
0.18554626795805282
0.0948969657071226
0.19885305348006968
0.25512143358146466
0.19438387344099822
0.16404573118111834
0.17197198004509118
0.15333248280562636
0.2370828931905707
0.2611671000163531
0.16308332944381537
0.20853778139139206
0.18707247538796182
0.09192219826666004
0.11865982511108206
0.1448732182967635
0.18757264847012411
0.21085332460744224
0.15589618241866954
0.14753172604181825
0.13376433859919024
0.19616532753096796
0.11724114654090395
0.17380858723801557
0.18740499114448045
0.18971004320186868
0.1406868640956681
0.17369793949375156
0.21564411128911692
0.16291205661886793
0.1477570438453902
0.16534995644470485
0.15691111089630572
0.21438257952068995
0.16865045060187858
0.11076169848878586
0.1863041342776208
0.19526980277498818
0.18981691511019932
0.2099576723426758
0.1880185144431215
0.16760825754471192
0.14177383390534828
0.18224376788221766
0.22059160156213034
0.18569193140938478
0.20074465620388432
0.16267011474495946
0.2005880806938999
0.1356074346129072
0.07783683301320504
0.15964594132122278
0.21245205312348617
0.1692393393239989
0.1380341661683716
0.20109747400764644
0.21531101244825698
0.18761778861086914
0.21492315790096447
0.22479313699693929
0.2276341186814582
0.1565900197238543
0.22220306808237006
0.15128343249692705
0.15495469589300767
0.16277690268588477
0.14511714429127287
0.14717551241332025
0.24391605892578494
0.21177984798394733
0.17716863298729046
0.1935631926767069
0.2079687160955161
0.16318018956172506
0.12492534886344292
0.19372738244305754
0.18491816660121638
0.13976806360258004
0.18978079266184486
0.11823130055707855
0.19638305036459913
0.12995583666607224
0.132000305322921
0.18342309188846187
0.0972790770978089
0.16419214646174402
0.14907464762322134
0.17134663522060115
0.038312670140716765
0.18204403623003657
0.1996817235384496
0.10287423890140084
0.17647508524463526
0.1695870313355325
0.1999722989671734
0.18738099050850227
0.20040081289277986
0.1970214259663926
0.19950037454033487
0.23078407451463837
0.14302431712192443
0.23002377671164603
0.12598129584810386
0.12280618988730062
0.12289032033842906
0.10331038419528102
0.18592405235510326
0.09990060832649207
0.2234781750635865
0.059978059536414344
0.24927684897026092
0.20048376796777526
0.21806563721223768
0.18690315429398513
0.0747761371260217
0.17682510721036615
0.15129291704623832
0.17056452663810795
0.1758793710832438
0.1863608506656671
0.15466367038241952
0.18398118020365595
0.1509642225426623
0.1881785476370437
0.16460005679204973
0.14823869826004238
0.16234925884124396
0.14299692578016582
0.21173302181508058
0.17050039067166908
0.2245969079493429
0.18345568554401342
0.07885646040510241
0.20407941646117844
0.16305947312308808
0.23184723854617367
0.29236641598895996
0.20552219677596453
0.12173525028925802
0.17772158761865492
0.15128429129038803
0.2010542070978668
0.18804881186381614
0.18082762084897744
0.16957063086955645
0.15688362465051883
0.20259754736160218
0.16782406916870626
0.12911519721214643
0.17978842402872225
0.1532934921339725
0.19173120912708308
0.1818981776481878
0.17505632036424265
0.1838787282957249
0.16681026217595665
0.19556893821663962
0.23505484368917479
0.1792646067048388
0.14282385451917481
0.10584939711114465
0.15009981591338684
0.130951935917749
0.18793416811212216
0.18247853167291278
0.1540734033252724
0.16683280500301653
0.21522708896073434
0.17899906086733003
0.20954982366110536
0.13259816809494263
0.15079720428356744
0.14772122992926995
0.13344986278305368
0.1738051535176082
0.15416067672573433
0.1258055918759325
0.1788423319313261
0.11516408168303724
0.17082814624108827
0.20666007882904608
0.10502635718333932
0.12743287089257505
0.19998092261089545
0.11635655992929203
0.09495886494962862
0.15073315584600408
0.24441067417109064
0.19383973229654822
0.1899843439546418
0.16999273530602715
0.2073951343690866
0.19016518140629074
0.11956102032181029
0.15097643978168326
0.17024059971680539
0.16431313096762162
0.12951369747187033
0.1866512604786274
0.1555354044924312
0.17576384881163573
0.1249804655881992
0.11807027208776213
0.22905173063109108
0.1232309472715899
0.17999881325957645
0.15911107549578982
0.18381436995497696
0.20542261288983849
0.1323085094656926
0.18114413005732102
0.19845964253320755
0.174616896799102
0.14296551873184965
0.14209915592894645
0.12310819966455402
0.12571489064697347
0.2107002939951111
0.15288320616780113
0.19712739696541903
0.10367932896641983
0.16139478942021415
0.2069032161895464
0.2007900932001885
0.14034369342633607
0.12423293512110788
0.186196826846223
0.17457920877553273
0.2198681467190421
0.2216516035782676
0.2083883803063118
0.18386626056942396
0.14446818419948973
0.16681901210582764
0.12627044757729478
0.17100841209258127
0.1513770513665052
0.23041942304639496
0.24933814054696565
0.14018356454634895
0.16048631077601144
0.18838049195150916
0.08549886789121929
0.15912406478994495
0.07632760952489745
0.13733678604653837
0.19633826151207523
0.14202097661756607
0.18439376662756404
0.1357372207843285
0.15884151891319245
0.14827714364050248
0.22312354425099434
0.0921198509968591
0.1560844583836506
0.19147904430804352
0.15454548857053746
0.20506304941321102
0.15299892600892884
0.09811521825723403
0.16668246043808954
0.1788023330573228
0.21479804796198532
0.1641298603180516
0.1246405977770168
0.17328703826521424
0.17774187893443072
0.19542544211149446
0.11494561021039415
0.12901909252886784
0.21464165314784447
0.19466617840175973
0.1151638593434544
0.19906353304996183
0.17056475646069408
0.10735951839349211
0.06791887178945025
0.21501651379954642
0.19096161575229373
0.14233299465992505
0.1794558238678275
0.16149643854273257
0.18620710175792182
0.10886440304254712
0.2068499377766901
0.20817628052210244
0.18881455351484275
0.07016406238688036
0.20927939835942003
0.1985932717951277
0.22043479229222201
0.15510083171263497
0.1750131723332414
0.26177664007579615
0.18059827145335705
0.20552512154734703
0.2104731012535675
0.16874821035878812
0.16014322295464994
0.20097656735019512
0.15715827102740482
0.14687077299761697
0.16916534252798604
0.1976307020442079
0.16465886320724638
0.22931105973183188
0.15133030908501902
0.1491818243833328
0.1375480971696933
0.17547254795359954
0.16412170786898644
0.1824121136754424
0.19638727559111613
0.13160260480231056
0.186865149414367
0.07985612147311826
0.13814848887216075
0.18448180745922144
0.16194812360865207
0.23623490424910623
0.16798626922330007
0.1561317869590401
0.08502814677741806
0.16343281039899307
0.19602164302283243
0.12914759720110636
0.18254891985578425
0.1739846600126603
0.180354476822204
0.20698603611718686
0.15472100977679587
0.17877950501533188
0.1276076809830767
0.1188081598808355
0.06734028469707819
0.19508676036499006
0.16770178456345575
0.13911830010325765
0.2411716408649085
0.1817937507922271
0.23053568092042837
0.21559458682301214
0.24476619923534715
0.17888721864786106
0.16453101369633194
0.1474137141884857
0.13889023780859422
0.16569245820573023
0.14970333787459061
0.2943458213915779
0.13714968698028263
0.1838165109969482
0.18555846159588385
0.1386805770218622
0.17441102177192336
0.23544738025529321
0.246521328662685
0.18340403253213639
0.1512610998704738
0.25947819882603645
0.1728022033608566
0.21174996509964344
0.17027693356010076
0.15536550226276094
0.16856577984449014
0.21574363981687117
0.1332084253632755
0.1552615172618581
0.1819149788584138
0.1855675300844708
0.14874975705666998
0.14234043316712763
0.16865725270943388
0.10217989507435833
0.1730941885282362
0.15611816404882442
0.21957411611529096
0.17206272889554758
0.10575902106379013
0.1757031311520925
0.1537153900862177
0.2544013365160892
0.16238000601738714
0.16202267102508272
0.15511921840042897
0.21181701998196797
0.1964048121193447
0.19294424334243093
0.17631713802363327
0.22377924618370704
0.14275574903577806
0.13690067572490383
0.17164014287339288
0.23965938751756471
0.16357155899697745
0.13259475961244488
0.19500952028542665
0.08913769126142594
0.1590286325694116
0.22053599993173856
0.13890112950287953
0.27339753918132165
0.19032644218261863
0.14272468342413044
0.2150263415021519
0.12599042617544118
0.20713580583192429
0.17630850598039566
0.11479998162457897
0.15248891772822656
0.19958533520807126
0.20865716320922556
0.12255881515043611
0.12759612055430436
0.22586499964608484
0.1602268528361558
0.2429353493900006
0.1569104019864361
0.16546373503618125
0.12222163444068296
0.11692436330230353
0.1906315327687796
0.17119108016372495
0.12654379682366068
0.13671514182016656
0.18807506228104998
0.12647817788678695
0.13142588847005932
0.21895080779905807
0.2014793277739813
0.14849918458024614
0.21387182480647499
0.1872924752434016
0.17061135838834432
0.16238654841791078
0.16646552229966036
0.20699564206663978
0.12422564051323493
0.19831911538462516
0.25566187592424366
0.10357031326763351
0.15971488812613768
0.1326567340952897
0.22412515048439993
0.19427373497027295
0.15614825682428476
0.17145756714200983
0.13415993326289657
0.17445221906939667
0.1620507457302438
0.2050462473208017
0.16897796923638841
0.19088996708954395
0.13254716232642516
0.16022713954119144
0.10375569641099328
0.19215422355993822
0.1857870636759416
0.17009299141066445
0.12784113748884385
0.20925041831039168
0.11164630396818068
0.18196291434745496
0.19254112727466965
0.19857643929815066
0.17514093589501098
0.1629066265855126
0.13544408191655005
0.1464543438664578
0.1723686097944756
0.174787039373113
0.14369203998596503
0.1459494784028612
0.14420184254957427
0.24365642069147897
0.1902450487943235
0.1825203338294322
0.2449092005987681
0.1758842415927918
0.1799750533374837
0.2169373044402297
0.23788555183516358
0.11306865162499011
0.11796720887937695
0.15540665167718734
0.2063428792919072
0.13912160079758587
0.22169303777184857
0.22428760863065536
0.1870984869266077
0.13747830993298338
0.21165124566787571
0.15013076556351856
0.14968031414862223
0.1567001712628798
0.173451330201851
0.1251573059944792
0.18631105839925638
0.16943267366461995
0.16829306777220465
0.2301873829444328
0.19360803466322019
0.2478943773085302
0.1473509863244559
0.14379660428124524
0.15845404353158304
0.16337806708012168
0.1535709272025368
0.16359469975082022
0.19585154440022662
0.07563588207371828
0.18084853072756973
0.1329085570228409
0.1830777502767915
0.18127153437340904
0.18871806530943674
0.15393974778855685
0.18157264762240716
0.13697029495291005
0.19166254518344314
0.12717484593178707
0.16119831021987627
0.12076831329446261
0.13589974410135697
0.13345494701935046
0.16634911414154369
0.14820918249926993
0.21960122467342613
0.2680032583798175
0.29482860781318126
0.1528039454241059
0.22438694124617978
0.10988188215450653
0.1847530083130578
0.18797516936726877
0.176270142374279
0.15912365386824834
0.14001587742099153
0.18971643039880118
0.20021188097130577
0.15216027167572485
0.2352849003582184
0.1347008973091171
0.15125620939955933
0.23583939480447255
0.1518920599842173
0.11084639180570072
0.15367282446887862
0.20283967447642684
0.12212876569964567
0.15666002297368437
0.16892114437245495
0.17741605609238623
0.1377179956574675
0.18136286814725422
0.15550777106855343
0.16975009036494915
0.14815240459978193
0.22756853697277948
0.16988232373172776
0.10453192292135174
0.16809990859611557
0.2557997778357208
0.23602430455394666
0.18148630518024325
0.13804915289548567
0.20723742806148043
0.13371045511022978
0.2973129312991929
0.18023233917031511
0.1620913906882364
0.20790821168804746
0.23416281436062708
0.1877277686142732
0.1659583266433743
0.16264331429627785
0.19070748371981877
0.11583602521239533
0.17478970822428985
0.27940872037465203
0.16348162770225683
0.13700914907718592
0.11470188914810234
0.17825317565754772
0.18254175527083882
0.0813782770970768
0.1944271151551301
0.1972731553407952
0.19937617546438477
0.217972064945784
0.16020599503699498
0.19867929473962664
0.15171973583159895
0.18209373082092892
0.15815340600975694
0.23317062893095494
0.2523947274142245
0.16392387615907278
0.14411372870353964
0.2749513453381573
0.1718191327820063
0.15224736373490916
0.10662527245338359
0.13486167364898735
0.16496720348116625
0.18398011324994837
0.125995116131233
0.1682854930212344
0.19742860785436903
0.1579231611793992
0.16213944498175795
0.1946668658543612
0.2349732456830928
0.13745370610221772
0.15632301441033872
0.21279778343917802
0.12578728314701015
0.1389562269248829
0.143059051270642
0.20931139857015907
0.18156529277586586
0.17051241415569646
0.15287695262437584
0.16529086741704924
0.19865438517265635
0.1977451149111728
0.14461616041902198
0.21184652713164562
0.14220103378919519
0.18770119599844504
0.2059609914852895
0.1392170364028479
0.18398901502207388
0.28184721481170294
0.06553972519609876
0.14191907732727432
0.10407323485663074
0.15662809971319427
0.21342261505356025
0.1788618528903281
0.1646509432519102
0.1368442277696731
0.15133341206410883
0.14018536760930958
0.13447290886534732
0.1542858511163982
0.16201061891110527
0.1987220681197771
0.18367544891091747
0.16483275390591468
0.16421013906770093
0.183661429260054
0.12359756979742656
0.14681442823160315
0.1401633475944293
0.1392036133431802
0.19029888928208916
0.2084249917952859
0.10466709033744705
0.20325313045757606
0.17410655036576642
0.1734686370781743
0.13176856672642112
0.2464832534782655
0.1447937053011315
0.11769363813532842
0.11640205366161281
0.2548905528366627
0.19968521841256096
0.14828498771225201
0.18120838352904597
0.1988109407520562
0.05062399609513141
0.1430170987120691
0.19404152710065165
0.13462572111509216
0.15499077957148133
0.13386547530734352
0.19596673990672075
0.11370392985996536
0.1570863947495624
0.14202304385634704
0.18751110516556133
0.19130645030881838
0.1438802295623874
0.13482241466694977
0.15376337030298942
0.17816129242454132
0.11454355015209336
0.08882820289456865
0.10914193210321514
0.17727723908878776
0.2130007253431278
0.17285028870141103
0.20162858203810452
0.2192449707474528
0.20126547221588453
0.13627780306445897
0.1493166727148322
0.17995620910950177
0.11443312361627068
0.17841552405643718
0.1586819497439067
0.19983696904313392
0.05779564815856221
0.20403987711299498
0.15587174261021913
0.17217127730354703
0.16180075208551825
0.07429062007084807
0.12461467549041164
0.1804257366676576
0.18694884098600403
0.20583584365885305
0.17637951650980568
0.17361598489251806
0.18988442641969738
0.21878547103776896
0.11408469485616947
0.23512781410912137
0.14156837780811232
0.12208636453958646
0.2759416265553849
0.2226976288266309
0.2178544334487082
0.18967162524031525
0.16581815424870813
0.2163453141345934
0.1815802666369185
0.16369718310892842
0.16445849711277155
0.16643636313954674
0.1740282094459277
0.08245089451540365
0.23430941585313259
0.1580832982610853
0.1838057088810946
0.11894413474893509
0.21879958583184173
0.13115129310185894
0.18923369241690927
0.13933017356587585
0.24983731757638267
0.12430393332755907
0.1891506612988243
0.20394861166733008
0.1692635967552693
0.19362810735811006
0.15538794172075285
0.14795681609609754
0.13484990372345107
0.12357070597521355
0.23938000635565
0.12390679035903601
0.17200119922278068
0.11607970959120048
0.2271276241022815
0.1913135910782477
0.13843119956156208
0.1330747939994674
0.18248148454509644
0.19699862728745732
0.19859899076791826
0.15774455923666683
0.15088242647196018
0.24416620560091917
0.21442433890607218
0.1566956185285437
0.19758457077227679
0.17504436481032717
0.13454822893530824
0.16300746682225
0.15534301469916165
0.08277761492867598
0.15207684575582664
0.1835124859101293
0.18100061342667442
0.18250329771947768
0.1651641210600024
0.19705359693524307
0.18257127542835294
0.1835940829133285
0.1475048100673072
0.1109999273433771
0.21008776125306936
0.21107385187065025
0.12525423609960318
0.17306339886822517
0.09706282772643599
0.1434913972552941
0.10710866055227176
0.1663357494079068
0.1779421838449647
0.19497607540901488
0.2250068593790707
0.1376220055822187
0.15132825572941494
0.14617073206432873
0.10993925088504451
0.17504292679361086
0.12171749411215782
0.18051566604940295
0.16492942901539634
0.1292473606132687
0.12233455590579759
0.20531949394214788
0.18316709914188628
0.14557196706611594
0.21082443996107283
0.0636742153696665
0.17859030932457348
0.11826385183545449
0.15774097654949437
0.19207953471743727
0.11439208190541184
0.14753967598249043
0.20215412734734672
0.14628443485811382
0.17067768457581334
0.25985324119021
0.10099829227392848
0.1519098162806546
0.2286548642526957
0.18902154793296405
0.1563237536026818
0.1363837290135588
0.17128878420702795
0.209039059058929
0.2650419258365787
0.12921244797554005
0.17924446606803954
0.21908641287398564
0.16404720328815425
0.17745859607502013
0.15018459997034844
0.21320972363540405
0.22185133285079756
0.24771204690389637
0.1469118265656837
0.19922617901316322
0.20649785219696165
0.1505203865439743
0.1527918811138053
0.17142497781404542
0.1790290427520515
0.24707267847475606
0.1975774054763091
0.22136974224751368
0.14359639772949792
0.23498974466807965
0.22173690526623382
0.1866753859430557
0.22648770959826542
0.19199510595818375
0.1541728562565384
0.16943184054437238
0.22759977275529222
0.12390110320671863
0.17260192411246808
0.18405435093225794
0.15005842839179862
0.17049794189724587
0.1570390467758701
0.1982984764302933
0.1661697256616722
0.1749267558172529
0.1557057579094928
0.21660758088901338
0.18514535113792951
0.1978746934028436
0.18512202031028824
0.18218920817629103
0.1715109636961962
0.18370299178306995
0.14148322290654405
0.1788101099072929
0.14201187471889715
0.13932082204951068
0.17233826487896015
0.19565844745909725
0.12426724101389952
0.14212482612030572
0.17842545068248405
0.20654848035887471
0.17729122315034548
0.1582713493302397
0.09958134952216731
0.16995913485968434
0.17449401248893542
0.0840354003679245
0.1464088244716147
0.14731705471531198
0.14267121447488468
0.22859976545538122
0.1031032059975016
0.12099606217897617
0.23023838943700853
0.10002787876922968
0.1287953853947231
0.22805782863180657
0.12437257359088082
0.16271654174247768
0.0984543085920623
0.17541496222828154
0.10667351903161826
0.18907069191124376
0.12627993756689032
0.15321307485039892
0.18779993582150556
0.11109414893642369
0.26439702346108523
0.1778229183101718
0.19389226585326885
0.12080992263369467
0.18719506347609943
0.2111099668630249
0.20830434350693952
0.19876671973102922
0.1300579931756111
0.035786274720889716
0.1757499408238782
0.19998841745544116
0.09948525042260185
0.20583779079103548
0.19827431279106258
0.17860515466477683
0.20000014260320498
0.1687703241246715
0.1636760480492949
0.15781014426417347
0.17698572647088168
0.11591880438660475
0.1778642141896802
0.19469731152127492
0.14793900884598657
0.11243228690470645
0.23935325336626542
0.20148398036408302
0.11623218658266993
0.2008420039048481
0.1212077090932685
0.1755743366960976
0.13856170329009154
0.17663816622941017
0.1795798848018929
0.11586625041581819
0.1027085233447346
0.2234401448048491
0.1991682044766756
0.21745401558488475
0.17191320862602294
0.14097196083192992
0.17222485107961805
0.14057270611509554
0.19942023306237142
0.11138379630159534
0.17465866667780405
0.1186445401510211
0.1564006023365572
0.13212126060464566
0.12725786388189797
0.13851441949952464
0.23857080407876458
0.2438570020424427
0.15337430035583133
0.1401170285304059
0.22216261768340223
0.1760429489796518
0.10027067360192822
0.19333541479705899
0.1684766151973469
0.13897818373687565
0.14301804005268548
0.1438804521495152
0.22307684249617304
0.16836541970544985
0.107327943462357
0.11261965595388412
0.14979065984858406
0.23747188229417956
0.20235370608334596
0.23007308021514852
0.20873494075798
0.2059402845484522
0.20668433904781955
0.15300420012339405
0.21217167324249778
0.15657596056900125
0.16386321423760505
0.16847226243760252
0.2263877660155869
0.16544620918205025
0.21647260084115075
0.22853391613718865
0.14329703162754825
0.20232276135519303
0.2558972291076395
0.17296237076423368
0.17608953744536757
0.23381481742590282
0.19880032139744788
0.1892856074875061
0.15849016435841376
0.14267970089734094
0.1488640953188
0.13520050751966922
0.14383178142212144
0.15441069177314243
0.17452607383360197
0.0913023995907419
0.2515664561016036
0.17246287893791312
0.25922520623989476
0.1204460871576797
0.2194697461900969
0.19647604042356143
0.2110279149540198
0.13945107618015362
0.213734796620956
0.1130479002615919
0.23160960605402287
0.19484794790738244
0.18489456658969372
0.15603266970927052
0.14987673385142458
0.11133679717826217
0.16686675121154926
0.30623776286677373
0.18679603685042143
0.21484034765317303
0.11351342876903533
0.18018507944768072
0.21015015554671557
0.20860478324882123
0.1608048711294382
0.20865520185265718
0.15741540969622714
0.1590822018577169
0.1882601297579314
0.15919863666485937
0.09428642675697449
0.17679734301467329
0.13752500099869017
0.1011776363757246
0.2118811328330661
0.10788977189561588
0.205734206271075
0.23774876190619423
0.15289397199655452
0.09766036330157324
0.1425858923524921
0.16922282785078263
0.17946435377461947
0.11141838758637387
0.20763423784834553
0.17667116533893412
0.16197918719845447
0.14199348033838136
0.20043145338319904
0.18182512817866664
0.2317830360659003
0.1401264762324937
0.1766278856255934
0.20689553522103182
0.1346453394322445
0.23183883678840478
0.1253487247412772
0.15446079926518247
0.14877945670689702
0.19385785231596442
0.16460387120119546
0.15711860637972647
0.15576295761150147
0.21701962088520732
0.2213119650211174
0.1800143206143909
0.1963822565694222
0.2213175286573804
0.15773127447041663
0.16381166228876318
0.26265600369654035
0.2191682277122076
0.11647134955827243
0.21368407472721831
0.2012713302740297
0.18213734007945726
0.13247612259811037
0.14233733842031968
0.17920377523017464
0.20818996751255575
0.2222234258469981
0.14139238783017377
0.17570118745175062
0.1269478330955851
0.1452874722682294
0.13237720477632767
0.16058337551534102
0.17904829061086255
0.062264443728265395
0.18612005111706612
0.21472511404649924
0.12589136475189774
0.1755421779146226
0.19620418231752945
0.12579902150874545
0.14063987964732275
0.23671139011110734
0.11680714032376888
0.18937624753921886
0.08975628664324409
0.1661706115855949
0.10089058622945181
0.19787076467671721
0.18263496275849894
0.20829243937494865
0.2113822286059835
0.13899869251781516
0.16278917626382344
0.21345931548956174
0.16085736106747428
0.18379471202252684
0.14116637839973273
0.16616703678952285
0.17958803973500334
0.19567486135045814
0.09541320461017813
0.16979739249331485
0.26396172097296966
0.19199170615698982
0.18164470868934882
0.16906713421168046
0.17498840252351242
0.19429172796387595
0.14697651440758636
0.11610464206409138
0.2197795065024038
0.13800466651257953
0.19883453317204028
0.18216602387967684
0.21276435897529675
0.1992980459704123
0.20039823811544893
0.23217752941829842
0.1909092888160798
0.23918831112869704
0.1874445738146977
0.13669665429411507
0.17467877366956067
0.14640925628278897
0.22417313155553176
0.16054956754379998
0.1065064927601261
0.15729947458819912
0.1558381429759816
0.159056590162812
0.1826127991892233
0.21261474754126108
0.16249852687200347
0.20113448783232968
0.143219978448428
0.2105250534925871
0.22373466575929357
0.231519250298669
0.16040750737047302
0.1840463307083451
0.19642904973496308
0.16498672793972768
0.17100012372114273
0.15108344327548576
0.1883512899765769
0.15666856214244343
0.2691337315234941
0.18561692075674432
0.13053947654298378
0.1590437203676948
0.20447867099906866
0.18655026551942813
0.1700949858923993
0.12399494921874019
0.20771392922665816
0.15654931716035195
0.17245577616535068
0.19872974529077003
0.20358713755179972
0.17547194485415882
0.13458467324378065
0.15696322449802394
0.10137487803261332
0.1463897369803577
0.1848015022780733
0.1837048132020235
0.1633658264869833
0.11462977220168183
0.12841485414643128
0.15434836546448302
0.14210407534779343
0.1795500244612971
0.20538729306106487
0.12623021620670483
0.1901592388205734
0.16002384335298084
0.1606887689754526
0.14210371757856516
0.15657542022087412
0.18533439861276643
0.2045658564142031
0.18223722288143368
0.1672800715441625
0.15702239345844113
0.22845156778832537
0.1660242712703805
0.10210828440504566
0.20416061792312262
0.18190302873490402
0.29487475205110264
0.22989849194048867
0.23733444697676126
0.19248584550417397
0.19347732210505642
0.22412752357189475
0.14813552898774043
0.21141760651882163
0.18105771039121127
0.1497630608165397
0.2226814603912497
0.22349713447445238
0.16617188068073627
0.17448930911075913
0.06416115318511814
0.23160516994475558
0.1617900632748376
0.16438663154564312
0.13218542823918394
0.17287221383953982
0.1471076994431333
0.23209808771437399
0.21519499506787482
0.19388266334733478
0.19023410578624617
0.16934718460132794
0.10889739012251146
0.1456810150348056
0.1668971658601329
0.12822734805641245
0.08283946758497143
0.1522147739510135
0.18232896108836602
0.13185971672962138
0.20775530322597174
0.1905539803117392
0.11672985890627646
0.14704027186035573
0.07571085773603707
0.07618921858995141
0.03940235624793939
0.14847643089171275
0.21168035963510023
0.1446365537499314
0.2165266136044917
0.24626976116825022
0.18502399969118194
0.1831513335357536
0.22846785374738324
0.17592487226611667
0.20560673801497487
0.14053926542084716
0.15114425160602737
0.1383905216089804
0.14323748380975548
0.1881369882207546
0.18633380800619434
0.16578155911355374
0.16309323815018836
0.28874422495547897
0.13837322937658525
0.22472260149510673
0.12605238454890422
0.21550148384263196
0.2228183083060029
0.1580971909883018
0.22864917903553103
0.21908633222996482
0.23926974181823518
0.186630074761826
0.20956626972145964
0.21036633644778688
0.15797347712633228
0.17239430881362153
0.21011932360881197
0.20525364559460865
0.1525940057372893
0.15438805087233837
0.15404927469961374
0.12108794706689836
0.14892277408321403
0.1575851673611377
0.21290284183229882
0.15571682750873495
0.20643093543178928
0.21495350799952964
0.19854861979535782
0.1403144461754537
0.19213805110287782
0.14946371529473965
0.15562841637155186
0.10933877501437048
0.12720513255225885
0.15876045794544175
0.1740435599991557
0.16911798450246374
0.15442503407963504
0.15349478068475078
0.0921127570843635
0.19498438693933542
0.18158595755486628
0.16284169580200678
0.2603970989882114
0.10703504504713417
0.16239247261841197
0.19695344946651228
0.1930878675199242
0.23450598217081828
0.21815125229781884
0.2549018130251823
0.17247539535002693
0.17369956189127386
0.24298534403042216
0.1863183755245362
0.19518064680949695
0.1841848758269059
0.17156662101422546
0.20909117117067322
0.1459361928469672
0.19186062889789485
0.09265462717819653
0.15206113821953654
0.17732878225080706
0.2108578110790736
0.12395231782052266
0.18258726787473958
0.1656941951022699
0.2054441591702738
0.20824782335989256
0.16582820933567613
0.18766867803798068
0.17015895898125696
0.22732085703715876
0.13456464232852094
0.12082812978113888
0.13086566092108246
0.15175627831783087
0.14426756951282466
0.16211794459230922
0.10020723936753748
0.16732152313744508
0.10805265785758428
0.2232404459358046
0.16568885833206118
0.1412392860773972
0.11413004132138724
0.17485814630032914
0.19836631222069517
0.19542649930855283
0.197525934111418
0.18756959279746313
0.137381412022436
0.16814884659785348
0.2091022086820752
0.20344206162016532
0.21218339627655053
0.15459508148002327
0.05066087240462555
0.17718633139037948
0.15071805422433265
0.14120663974750697
0.14582305162020284
0.20585229690738777
0.15781704457756296
0.1632225547090361
0.17594138277308236
0.09435211909622684
0.16488188422070882
0.215344123786325
0.17633487731959718
0.14100987807844156
0.10826544396654525
0.16200340564414167
0.144825608527754
0.13128101892703786
0.1673365540138141
0.21123079523088825
0.1398642864986346
0.1527187292915924
0.10163765161069549
0.08158673805901313
0.25776901106931044
0.2274486591192583
0.21141931085377813
0.09013963363958567
0.17755515150700804
0.21896312084516473
0.15344581610574598
0.14905541752522852
0.16977858285131756
0.15791250960011372
0.17045177345363155
0.18538057902527438
0.2214741416963516
0.1979449031438943
0.06426652799823365
0.11793201453310106
0.16456293593118915
0.14848873826607006
0.1319519205397249
0.16674362264812942
0.15401481981217066
0.15228502266210814
0.12995182295331514
0.1713697604827027
0.15783115117283944
0.21923540569443556
0.09319640144633935
0.19585711099891442
0.1938817477746242
0.15909053021116698
0.21658901662726604
0.21785809163638756
0.19172782658949863
0.08186058999383243
0.15256120428855624
0.17146105735656914
0.2060843936190601
0.18495736659443218
0.16232606847645392
0.1605057707481293
0.19568358866032873
0.22361524789861725
0.2120775899120983
0.1953741540377235
0.17694689698332577
0.11957827259060796
0.2108491336697555
0.1648274658854749
0.23244905741052893
0.13646814980396285
0.19324470710086586
0.25936009728541914
0.10678669977160653
0.2249326602219288
0.18605558653248844
0.16719962911759564
0.14944911748033463
0.22873957600122097
0.12426675470932202
0.18828080674309275
0.19817590496938053
0.16002698628462936
0.15727566661653755
0.11535284299843016
0.17681330302806797
0.1997491023931962
0.24340972720641865
0.175295416335104
0.20248155556767103
0.1981345698952004
0.2349219294702588
0.11417666024880233
0.19620573507629793
0.1495081214805045
0.19425952357214463
0.1716187923848382
0.1669797071027838
0.15003966862470772
0.19983556055396812
0.21376315403882504
0.12554908765278414
0.17588026014258956
0.16857298793095177
0.19789267635508023
0.16225395299831383
0.1888070653284569
0.16529022060120976
0.2305206943393542
0.10399693132477643
0.11665963439129937
0.09556572175802384
0.1754219305059124
0.12850916045566368
0.0903458065185378
0.21584741646747763
0.1392811303792074
0.18915434966417025
0.19957063918181173
0.1928785836657762
0.17524319843031058
0.22529232312528338
0.14308492289774583
0.18196420285180587
0.2275919842001803
0.18007250370463734
0.17553284946022202
0.2322461499224904
0.17613098537145488
0.1208958148063395
0.2219460438573594
0.15172849947085157
0.08326100965509309
0.13307275216726688
0.1656715380471593
0.2380639779152776
0.14834051331234283
0.15436039662031958
0.18148409279872366
0.12479462531455932
0.16713939273419448
0.16452133558421772
0.12198530620995068
0.1605337102485616
0.160320591290756
0.1721164197930231
0.15816912036100053
0.07313852908820656
0.17310399577403968
0.18635531490636353
0.15190709109495992
0.1281444716411828
0.18754054076568513
0.21188852361645455
0.21054134804051455
0.16341039778672736
0.19039152764843773
0.15736133295409963
0.17359650075980987
0.18102376461406003
0.1473371192114858
0.12260663301705993
0.13590002696798525
0.15032146355423734
0.1704897875776239
0.16887040827020194
0.1893235585954235
0.1896830632578427
0.12395609832290164
0.16796659065908742
0.21297165568109586
0.23473307038134728
0.16800412354378205
0.16451666231992415
0.13521826388892935
0.19745165787293345
0.18233964467816088
0.1677867164318536
0.16141415737074363
0.16117203142142758
0.10319071057919822
0.1734953522061894
0.17281625154638952
0.22230113941189197
0.18018925347959594
0.20449095585506522
0.13373379557395018
0.14543898583676254
0.17390349204138938
0.2037317386813947
0.2066890632537789
0.22190584389985815
0.16781496906682578
0.15952583232237036
0.1299572771155904
0.20690133212189848
0.14838768161182453
0.16937945893839237
0.23742976123585258
0.22006979478573796
0.1316682949842761
0.15577168931095653
0.1820285534166408
0.16166375941426783
0.1335421311233887
0.14442246702950096
0.16784352341854503
0.15164122858470203
0.20642949468473534
0.17402287486416546
0.12238065672922797
0.2387940924267848
0.17440462638164758
0.18682391192751527
0.1740282436543775
0.1834283084475736
0.17962217803782687
0.15160694658483115
0.1419727839640069
0.13537918362635623
0.18187266859583234
0.16998974222320423
0.1082301698230656
0.21499363059597734
0.12645573748684233
0.15427783998922834
0.17449218400921965
0.23684014812602483
0.11401615087035391
0.14632571298342834
0.18523449564044808
0.1558324797443506
0.08448593871992763
0.17730415291407178
0.15939253991976454
0.13354358844463785
0.13382097268907017
0.19541866229522425
0.14681338086707085
0.14129174756629023
0.1684643607068095
0.1407636833146021
0.19654389733443023
0.16488098253238917
0.14050828322622752
0.24422591720046005
0.11761772264777035
0.14759596099436526
0.11860239139815754
0.19394434318461518
0.1665937547857611
0.1607454447065967
0.14078223055102201
0.21444947183901483
0.1786971820849752
0.22048105481477606
0.2030354429246481
0.1639429167743838
0.2744612057027164
0.22018592069914444
0.16453285707304705
0.116640358830162
0.1396593084527124
0.21760771738402873
0.14085429775060865
0.18376914969023384
0.1842822806156881
0.17821676277822604
0.20263673040833752
0.11976807542025521
0.18391625039710194
0.17239466007166854
0.2029751508817219
0.20838684904572383
0.12148755374165085
0.16411819858979124
0.13461763978229338
0.17805512871191548
0.17213953651245706
0.1378351162915874
0.13737028758432496
0.22767034924066715
0.16039401394767588
0.10632847089717667
0.20005458084841052
0.1704344670818503
0.20874619704740496
0.14719216643681204
0.10763738626987016
0.14773941403100715
0.250262070283503
0.15900531863996115
0.10463184307636306
0.16944441517478018
0.1963267963616859
0.17786343693413953
0.13112571759008057
0.16398559870280371
0.22287559370477728
0.24476633110779694
0.1560001638917578
0.19163808691714646
0.17379000745185647
0.132720198101404
0.0762927949559474
0.18784043026062283
0.13829483361364103
0.15517510883907365
0.15253846804488672
0.18593236877262487
0.10260665326678649
0.12721063783801248
0.14265733520319906
0.20287958348007978
0.1357479337175964
0.17192371534857775
0.20606306126811333
0.19113209548521887
0.14295753660783464
0.13996332855788907
0.18103777591975728
0.12761736950426322
0.1220459886772981
0.1950683886435767
0.120634930366007
0.14893172801736834
0.15306811010014773
0.17363176365949834
0.11325073635822328
0.20372209748916956
0.18045925745768956
0.08576607424866732
0.10060790596974652
0.18305970539082428
0.11450154133443101
0.13327777434419052
0.12583323761601312
0.11571467610387812
0.1715041982011096
0.11042546763275618
0.1567170620154652
0.212053137464934
0.17528255925348463
0.14634965484738185
0.16719278111888095
0.21307789158190918
0.2058447252399546
0.1469837230962215
0.23097552690140327
0.12445098954908002
0.16330435873695506
0.1580286832118023
0.1327657285044161
0.1570950918959393
0.18642260267732774
0.1308591229106094
0.21053648818889217
0.13001512497877463
0.13378444028609887
0.14579888961768298
0.1820214269640354
0.19822173291686873
0.14945921778142376
0.17300954707940944
0.09849723488757484
0.18002639496835704
0.22695705932053178
0.20953495842611652
0.17551346469471701
0.22246485004080166
0.10497506110715325
0.22908199514721253
0.19494974369580167
0.17164623646334995
0.11799663903871344
0.11061430744473785
0.14055532797146456
0.18599642239889888
0.16813966945238326
0.2052059622219345
0.1962305934199034
0.21806059348691803
0.10698753666358764
0.12124132170304394
0.1380503183223665
0.18401771470964248
0.15646024689769145
0.23667070567722717
0.1524283564971807
0.19629963177727056
0.16679951210284694
0.14501500788256733
0.19033957270498186
0.15388758320292298
0.19864986410856253
0.12136396956106457
0.11903972835427526
0.17165418089396464
0.21963772340951465
0.20309451154187286
0.08883053077774387
0.21016231526535767
0.16986222959402109
0.15795724643913756
0.20139035613411183
0.2027380521339662
0.18134298276442035
0.10842905352785859
0.22582141572516434
0.18147320381175333
0.20138028395149257
0.22084710201824
0.1495267192755945
0.18299916401584213
0.1694818742998347
0.14806110364094618
0.15311014669171608
0.222866282296018
0.14795558144396442
0.2101151717177772
0.1458851851055974
0.15407881764174544
0.18361809346252211
0.16278367306447422
0.1542835537464603
0.17731523512149883
0.22649905711418705
0.19863640914188768
0.17547343538209445
0.18284161792127668
0.20876579113364563
0.1570425872985288
0.22659805030074376
0.09026837030379121
0.17874556936243507
0.14875770369204483
0.1908028641990715
0.15462618989646942
0.1972246490669758
0.11956740565105595
0.17457998229959118
0.18212182667830798
0.20749816569351817
0.14448688295881681
0.14804615008714256
0.1416168765666566
0.14577394996763662
0.20479025578942173
0.16448337403932864
0.21989512431460895
0.1761980621205373
0.13299782180720424
0.15812686756083016
0.14857095751571425
0.10960654528667332
0.18411850493075543
0.1690965107632466
0.1625325403086766
0.1555816376241688
0.11164905956388427
0.16279413544278354
0.19476020832902713
0.1647694949368543
0.1681022860158674
0.17334565700990337
0.19360936894666575
0.18073119635579235
0.1774974446174882
0.17077445045665976
0.18768412906463522
0.1979661053449437
0.13650218335411402
0.19496793058870868
0.17857362495322537
0.14844041009567585
0.1152696891785128
0.20739198997841055
0.2033331532911627
0.18828799486997025
0.2124848096281249
0.20576854328831679
0.09001246820326017
0.20867234671312582
0.14027843101879944
0.12370288444459546
0.2046147039305115
0.16072421532273834
0.15797223498873428
0.17164095250701356
0.20326077274193716
0.2799090177130327
0.19101635698283218
0.12918381601114512
0.13608404131662133
0.183195241745141
0.19919515934920495
0.19387621704529823
0.19358596704264416
0.14215533582536125
0.09081528860804251
0.08388280398436096
0.1611769565937513
0.18027515475953704
0.13802932735966908
0.1004985026670482
0.15735413993796385
0.21337909863273516
0.19014211264771266
0.17461450302560483
0.18003307533537305
0.14900191800434925
0.16808273214058383
0.09919788356601458
0.1819961600778862
0.11091039623680501
0.13823307430630946
0.1277778243379271
0.21706184775320997
0.25820757350879864
0.19439802762934144
0.2876766854258005
0.20299288468771015
0.15152896212402112
0.1904617079016596
0.1968271049870217
0.23219729383794424
0.09557760575513548
0.17824241892827322
0.1891394407839686
0.2004432169592037
0.19296695831887536
0.11520190095569459
0.14803807276498343
0.23482535018823955
0.18985599451898855
0.16767195476282098
0.25550041532063633
0.17741303830058122
0.15217185721487667
0.20203547894231477
0.16894313620467527
0.1473218207108361
0.23045641450477572
0.20390941686037728
0.13087682764711536
0.24618592941322254
0.1981384473240297
0.1931882191613227
0.17847699835745598
0.156861659226145
0.1848199915987932
0.12715606466702836
0.13405344048919793
0.11661737029294712
0.15925169666038416
0.11855360328923546
0.21597716712362156
0.17096648361347552
0.11220159561229762
0.14494346931107344
0.16040294135525324
0.14482442844086305
0.17949872686661103
0.1493402005883699
0.1225416176856079
0.1347996361476599
0.15068335552280623
0.21892564070772955
0.20773652059340542
0.13148384614711373
0.17241281810651102
0.17850773809706405
0.19634402761449227
0.21635038323962782
0.19975897170221898
0.19610047626439214
0.14937135314694566
0.17421467488282175
0.16455476233200378
0.16052467218161987
0.21208302457855657
0.09866904383245792
0.20443137246329182
0.11867222915019995
0.14633227962881365
0.13852800093403167
0.10319467343779085
0.16061015093617145
0.1634588051336669
0.09594684551667505
0.15469362433809478
0.1480828382790249
0.16484630374489137
0.2010890129554373
0.132312552709052
0.13808169945234683
0.08746375387897608
0.13315457935423838
0.18180487804977447
0.1796683759219283
0.1533594210771841
0.17011356219754137
0.17593694423864437
0.19671657964178313
0.18542528607118655
0.1709128353564379
0.18549205811545816
0.1965962365903513
0.20848402313916475
0.17987484026704162
0.15429178560713108
0.21622517973788008
0.1348296398919303
0.14929528691838645
0.2485729997281551
0.1758952121549951
0.20599015873730353
0.09343590971971304
0.18008100080899503
0.15833323903467772
0.19868533146279782
0.2001691583123674
0.17475399172645692
0.15164892240009425
0.17809659232404057
0.10459860942162717
0.18684024883251643
0.1996680428298957
0.19136038528225396
0.1346128135468411
0.12227495567603565
0.15445372190460122
0.18868614456685864
0.1593568456789384
0.2137829064350798
0.07356102785332465
0.20597033532515327
0.09352733666983211
0.1807270813903822
0.16580515140490115
0.2152972420736975
0.18932021576458188
0.09618644667968673
0.14816353370743554
0.17780764992667114
0.16614416573401453
0.2090366241208561
0.14906791809893988
0.12137871218213543
0.18126172796026452
0.17316292553329843
0.04952339872342844
0.15259645571521535
0.19397430231520832
0.13525319915238904
0.2036563217544997
0.1714648091033737
0.15478625324514378
0.189259247099694
0.2103165925926655
0.0856774892209623
0.1321034541123942
0.22430660723436985
0.10944001345495175
0.13299747558524216
0.15938907480343786
0.14340343488319737
0.17567004968512281
0.23822411773500085
0.11608715381843751
0.18811268536349932
0.13173071467415612
0.18871043675310523
0.15647116941679068
0.17473323422573103
0.1676493927611333
0.1218992846368762
0.16294313354476025
0.19759967069533343
0.1896756139424349
0.17116602574604503
0.24832513699296505
0.17790486163078884
0.15975722697421732
0.2101387480577871
0.16856334173417986
0.19045932996096457
0.20506646853892369
0.16370995066765964
0.182039902768375
0.17229372226247577
0.14740915243175362
0.2218657255548854
0.13833763050316447
0.11742787407031366
0.20746453773334592
0.1746700437468895
0.12495762382053549
0.16579788593968506
0.1990462609711263
0.23083610190260812
0.14250294395968768
0.15685019335304273
0.20503586303330637
0.22189618883823706
0.20025539506338869
0.232267214765323
0.2089773581750477
0.1614841211802002
0.1937119643589526
0.16538774870467052
0.09464153434692547
0.13347054314948376
0.13218916262039235
0.27296548815636124
0.19919164823549998
0.14987057529960363
0.1816227799168978
0.18087024717442224
0.10573140941881609
0.12147914957778147
0.22779420839794304
0.24076104033726964
0.26129889652570254
0.20957662061858887
0.13790337705525174
0.17242034667939435
0.2635830251606384
0.14201370104108507
0.16974524806796706
0.1881714293427502
0.14798039713713043
0.1677737442916485
0.14836924825011868
0.1795970944188195
0.20266972589654247
0.2097672938671081
0.23162957513090918
0.1676600794073705
0.1405722149524469
0.18663851083675828
0.1632966068574653
0.14787318783395087
0.13389670164931983
0.21323347423362765
0.11052184278921176
0.19449330687325023
0.1351190887205604
0.18119487584322527
0.14423618287649248
0.20161512858006395
0.14982318765173475
0.1853249212950557
0.20796025999076045
0.15865790736027396
0.1391901796842656
0.17672313788348581
0.1458043598191627
0.2013936101071631
0.22492521536044374
0.17071141749052757
0.0804655939774577
0.1640492128873593
0.20171572346386554
0.19429837970564967
0.16522711700401255
0.24788815326885533
0.25638181396376203
0.20741888133781644
0.2042466409160552
0.1282808688843172
0.16967894177554188
0.16802482642775188
0.14076361942930393
0.175132476144977
0.19619844438721257
0.1723753143727884
0.17327266777585557
0.19698889382194257
0.14330890033184404
0.12873094758411208
0.13057735056842806
0.1524672239570261
0.12053350711391567
0.1301341279355801
0.2232597053902648
0.15586297863652165
0.2289684636253601
0.15367877105611558
0.15300658231966469
0.1854576934671334
0.2229146129169174
0.16399925177213617
0.18637566055096053
0.1948832170420787
0.1443348957532868
0.20010733009269813
0.19481165708481288
0.1918950741739497
0.13751658963706678
0.18605128046720137
0.17507025410046478
0.22361589854237335
0.11966266924913999
0.20308431237699887
0.14944536231414143
0.1321450132317699
0.1448569896441181
0.13415244269863713
0.1496400410630429
0.19791850085772056
0.16601406132964974
0.183493343012739
0.1126707310811875
0.14357640159840498
0.1332291040582473
0.0506869982390884
0.15965232571000443
0.1891586082910584
0.17116306618005464
0.19244014626723704
0.23258577530337055
0.15102114999967947
0.1886548452568836
0.2465099080300287
0.14766079962059936
0.18051068729011285
0.16284508480343313
0.14217268134062522
0.21491473790665971
0.166427117407978
0.14730690021873902
0.15742086815281872
0.2364420220783381
0.16628100041472035
0.16953844301483548
0.2018564319077807
0.16825238194931483
0.23260171912139876
0.23899172922270573
0.14568730896055843
0.11553059609283609
0.2032621186464029
0.1258273420562473
0.1570387674834359
0.10712580913141975
0.18954224036722764
0.1907319984120115
0.1390610090792659
0.14740064340423753
0.22942800830449825
0.11486985717341171
0.17684165646928174
0.14504988490978643
0.20241146462798643
0.1307470132815171
0.1724972648447472
0.2531825340845489
0.1558775414551244
0.20103206689568337
0.17578013530657907
0.19140496619859826
0.19852820234798987
0.13903929062162798
0.0913794580429365
0.17128824439872165
0.10020624952460395
0.21778742806723267
0.19906769680004038
0.16067389338958768
0.13349896051333104
0.11584096633032394
0.11948772473195378
0.23456936255171745
0.23155715101314173
0.26820451302138343
0.1591816840081623
0.15978501607219275
0.18375336919127686
0.1284652266107227
0.10736038066686812
0.16918692650311595
0.1494460441357463
0.22477149778938302
0.16468936588472158
0.14446240698862414
0.10136727048311048
0.14948026508828016
0.18099907037906549
0.13641444868532712
0.16882880789398494
0.21081493133937484
0.09097841929259548
0.20909856226037987
0.2010716311656602
0.15774097811394786
0.16528076675426162
0.204636027127396
0.22110916573082678
0.13011353508471463
0.08567145709693544
0.29176335594475583
0.2214762537084572
0.22227321115626167
0.1183068372374073
0.13733765836690684
0.15399395458748777
0.11486015019447517
0.11994607828562565
0.15714904461039106
0.22241497997764917
0.12210082127179409
0.18781761662236085
0.126543864523066
0.15588486229508267
0.2002096805152013
0.08801763303813138
0.25217980095648573
0.16367851424757762
0.20289274638872495
0.27476114342230623
0.19479213313343421
0.19772373425172915
0.17065003928468972
0.23804091294827792
0.18517574079191404
0.14187382614757788
0.18776270369157805
0.14920764089264463
0.17222908207814808
0.18389765662908156
0.1791303795175077
0.1370897990632143
0.188463485092303
0.21465613353587587
0.16226740623670194
0.14878134108250818
0.1594103753937991
0.15536218949482425
0.15374770707863455
0.16435216949624293
0.08100477167029692
0.12630487272784455
0.1938785787070789
0.1623598646499847
0.17546631593982756
0.16342715504181693
0.0640902179496073
0.15698133984648324
0.13679370365535432
0.186116302402284
0.1838139518510337
0.06770147981945968
0.19633248715694918
0.15962716356191503
0.23382359832879973
0.1938608318302686
0.20495856061130047
0.21435525703120564
0.06633679704599019
0.14579526088807057
0.16139411428702155
0.19815865322147413
0.1567409129058658
0.1759817333639933
0.15386565500383853
0.12094896334735711
0.21865242385014722
0.1816399926837803
0.19808882773968495
0.17614484969433936
0.16132652661224212
0.1674333221047815
0.14583374512959363
0.2050344561851589
0.08048964394790936
0.1718507625086539
0.18664026806893813
0.17045100673230132
0.15052205673735555
0.16883925467444313
0.19243758267900046
0.21778356836066953
0.12460652318270374
0.20766307155337965
0.1553792596434201
0.1599476416672377
0.1555900689403273
0.18143718742287054
0.16340647090922467
0.1418384471375343
0.1685250264287159
0.19476001972265305
0.23170940110964072
0.18847446939682427
0.1579763128453938
0.16641172894886244
0.20736637951593473
0.17640544097224506
0.18436769249813878
0.13081652338719663
0.08101167595556674
0.15571139701496056
0.1345692743965462
0.1807488137264785
0.1547989525262668
0.2249094500408987
0.2337620591706694
0.1851878735628355
0.15513475436342705
0.1987453975226089
0.19241822963498464
0.20571972543367914
0.14048747548055787
0.17572192572666503
0.2017216128023438
0.12952133842435437
0.09684228360443572
0.15202182143934137
0.1118181421474964
0.20762731930653772
0.2323788880927597
0.22230948667715644
0.15547143213235454
0.2628210417957985
0.18706592979463157
0.19982330064173362
0.15868787068263926
0.2536360982500043
0.1470542820493705
0.24192748474984926
0.2156578016289203
0.1527296306942961
0.20427485282804952
0.21060153670971643
0.12528544764102434
0.13875834535408874
0.194603771269927
0.13157942189962055
0.14118092119229236
0.1625137151409527
0.1695537750899982
0.18577951524465022
0.16324491397021998
0.19308582752035391
0.19685170498027885
0.16835648220693453
0.17339807110183875
0.15613289205309006
0.11228044137981522
0.11847954576177958
0.1647383901077506
0.1261718450073597
0.20912172000897336
0.25996043423449305
0.08904468832483932
0.1525790773861116
0.11912822281854807
0.1614322048701776
0.18640477338586353
0.20128049586417499
0.10690383950269222
0.03562145029292607
0.16037179323947498
0.13679767879537008
0.16029777791813532
0.2289080252596789
0.22682773461451883
0.1453183721873038
0.1321960867518003
0.14976768567082002
0.25144790114988247
0.22930206569722905
0.1777047848043952
0.10729664908032639
0.2074496668490593
0.15214255120532433
0.1772604303857815
0.22019027235057975
0.14614159592673115
0.217683510132387
0.13504136806598666
0.19438477588685132
0.22202488774495568
0.2544087670238424
0.14468684560994793
0.20968595702422746
0.14948317612566178
0.09661684824448774
0.21722066248272495
0.1833232828565066
0.12847832695241243
0.1329727366914047
0.18745035476579022
0.16388847292642125
0.14268157908834445
0.202569120698365
0.26333406444509044
0.1711341789019305
0.15708454015683299
0.15737399338742136
0.1712965332182305
0.1603797524920845
0.17324212876965103
0.13496256687440333
0.19431408275054862
0.1508929233052183
0.20097163366425452
0.19075079333995654
0.15872255931962648
0.18838273991419305
0.1835378763555573
0.16590771842598573
0.1894316586698209
0.14868621526545833
0.19146634955809785
0.17553909627534567
0.14467342575292136
0.19898299775876446
0.1436829838399731
0.1404299843039896
0.11771945707666809
0.2632117033478279
0.14186455616347438
0.1331684496733652
0.17754958190638048
0.17194398553620294
0.1379066726062689
0.17443385684308726
0.20121969610723567
0.16022726771762436
0.21345874115485827
0.17173880535090733
0.20326836258449799
0.09809774796096635
0.1281658091852875
0.20648051944242082
0.06572923568299481
0.16172959750737964
0.1539183357813866
0.17708033618233077
0.18444940536820717
0.16365236891167634
0.17614021321031853
0.10542861471260871
0.10664268676331068
0.13375296780342805
0.1597182115939283
0.1765136932776881
0.20845338924604884
0.20640542855063704
0.16151986797778317
0.18893863101628794
0.18541450923409117
0.1614974388642881
0.1726301910810823
0.21328284729851693
0.16802459806108516
0.16296476026702772
0.2508165653877428
0.22036403254279052
0.12658436611880738
0.11546631253777934
0.18736415237455167
0.12748317163628264
0.11984925320272373
0.10937088439488266
0.0965709114052086
0.21867412598814176
0.21963252974975925
0.1920920734465904
0.08532303887694986
0.09404240410266514
0.1399065489582573
0.1737743240551444
0.2018005153993038
0.18546830408099318
0.20673311543138595
0.11170249265070596
0.2448980647107045
0.135501024518293
0.1683309236771066
0.1606235113090061
0.11586963900789318
0.23367270530613013
0.17281815337864426
0.17308986796526987
0.20165037959397317
0.16557979433679934
0.0924441180495397
0.2290780641683156
0.13836387763609584
0.1335204715382609
0.19115810099370095
0.23492370781710492
0.13749830821813822
0.18442568996264505
0.17453840497075632
