0.17917669562287855
0.07131447424036197
0.16831770295854293
0.12055621862614066
0.23588973088565096
0.23242957059218328
0.1994802295607415
0.13008802888116
0.16109466789268032
0.18520977231727637
0.19331683706480468
0.156452371566132
0.1321765240998853
0.14236949352985534
0.1781323852150962
0.1015916755632102
0.15977832549326104
0.23192601700377602
0.16620177196675082
0.17135028695191962
0.21621160936190637
0.08096034278295071
0.130328016940978
0.26289289551642586
0.16443988540249155
0.21627369870539315
0.18867773528228654
0.2538084081421404
0.19369246641196058
0.17899561000824993
0.1884865886028223
0.18807513158722977
0.2383133026024104
0.16940694145824706
0.20011383859334786
0.14909644247091217
0.18302425353935203
0.14124461132661836
0.18166645965006806
0.13725719287278101
0.13424031320811838
0.1439505454077286
0.10050547182168147
0.18277605423179694
0.06304484407240175
0.1895289781207306
0.19570237749386862
0.1606646131496698
0.2435666148680603
0.17143692715353612
0.12308318029433266
0.15289138170510594
0.13739378009078718
0.1301362584905239
0.2177736781733768
0.16569180938338832
0.2007891287052162
0.1982611524675883
0.23127662504636415
0.11722383138657787
0.19056762169834585
0.1337921552757589
0.1881144966888142
0.202669923284363
0.18757498300100317
0.1678360508285717
0.12826117641189633
0.1886361542279222
0.1173295348375265
0.11411138314546057
0.22315610767178412
0.2221911483988889
0.12616795248051754
0.20828393737689324
0.23383018241445852
0.13285696117795656
0.20763194375784358
0.22205342196412164
0.23901555387267426
0.15860998376901836
0.19866584371385038
0.1339854789015758
0.16646029847439908
0.20545506469041866
0.19586706622988037
0.26659179675127254
0.2199253272824938
0.16462775964200568
0.14350826634973646
0.20117624547013369
0.12965844371057386
0.23027020413682284
0.23834244889187706
0.11625982997497603
0.20022637575745833
0.1623135270774643
0.1813279945538585
0.1095179160391493
0.14564692580669725
0.14004491802486083
0.21949714219290098
0.20905513972722617
0.1372300195596309
0.1346111047081545
0.259984572100317
0.20092559526443934
0.14295470656002854
0.17806403880875893
0.15191128790810954
0.19209310442360053
0.16954797963776994
0.23882913809548928
0.19186935351766443
0.1466046362649304
0.23751847982877689
0.13750490274778596
0.159060231069263
0.14414212636223978
0.2221763849017587
0.14383117407496288
0.13872974733419566
0.11553434181511837
0.20358165203174414
0.1629989369520839
0.10920792910788013
0.17326911869040462
0.17484476388260176
0.14878665220757994
0.24508227302296706
0.1813621373314039
0.12374309929305795
0.21655377986867963
0.18240989705849134
0.10530504385335998
0.13886815104237815
0.18216656285124222
0.18627346864954464
0.18398981686242694
0.07807716899121327
0.18159784688288108
0.2317982334201786
0.15207456442498105
0.2916032832252961
0.2092408378499717
0.14913922285678338
0.10134721038669639
0.1880079222726579
0.13089691088144384
0.1633538580766376
0.1481493724269723
0.10196685320635171
0.22803016989131622
0.16437207301215037
0.15250788206322966
0.16639388750694187
0.21465531184923853
0.14616378088432225
0.13120229503149555
0.13929519549594957
0.1516474510660966
0.16366622846334405
0.13809261791667996
0.1617901950444742
0.15057733267757162
0.1662042503897923
0.1314042110364847
0.24258218661332412
0.2140290426200579
0.15468547300728638
0.13246281014972333
0.1314867015196457
0.19177843549590246
0.18494206580450862
0.1591265298701976
0.13907464131732103
0.15407870607353852
0.12079912132386114
0.17600682247620947
0.1684096115661246
0.1415047106065131
0.09299316327578624
0.11286407042565137
0.1896736241906743
0.1835149059401497
0.18868141459508891
0.14164553184337447
0.126172490805765
0.07623018085370005
0.16264004693210388
0.16282357757559754
0.13805670254500108
0.23295906737005134
0.17028800248572545
0.17769508221198302
0.12712738086920025
0.19554199077592788
0.1596091219009391
0.14299033582282417
0.18516261003371015
0.13293654009694322
0.16454079936006838
0.20443745734755076
0.20574054221315666
0.21197326747177128
0.12810484813528578
0.14103422022940135
0.1750163191785522
0.2096126446912194
0.2067928497153027
0.20760083125570294
0.17408556867757133
0.18098774191077538
0.21458899013464044
0.16383600484435434
0.13026155011789983
0.1007304144417264
0.13627935316392836
0.16310611081491413
0.21579556023989332
0.1830865313980639
0.17533156080108397
0.18951019079780607
0.17057291497706564
0.15136342180537884
0.12442328179572187
0.15353327311147882
0.15988830756427305
0.1332294820230173
0.12240903958948696
0.12074788941746228
0.12938315100116818
0.22487310283829975
0.2515809782000324
0.19046546477898207
0.1751461174105654
0.15551850068153386
0.14506635689925987
0.15806611339715132
0.16144572334702217
0.15618945785155572
0.1935848307835575
0.15041736969447378
0.1618962046886215
0.17852599291261415
0.18150979961480915
0.1851480950033499
0.10518226530137689
0.21608534662404066
0.16627365551387094
0.14703260856423409
0.11918169178391527
0.1908510763540169
0.22639984457233467
0.25769862689784573
0.14420915227259407
0.18553800664933914
0.12609158961856343
0.13312644046941788
0.17131818734047327
0.21864645843627897
0.21899478160529603
0.2077162169927823
0.19712823451312605
0.17038644894458177
0.23831739712669495
0.09694659100915519
0.1400420919716887
0.12361513567519655
0.15453501112399448
0.1295358381825546
0.13121395936761335
0.19373674439225386
0.20864119692866953
0.20240963961600225
0.06304647005956417
0.20423859193246896
0.14215790625352975
0.2142894553985069
0.1083405273913188
0.15554861551317473
0.18498884470322438
0.15062636726784753
0.15466551771642104
0.09938835046662217
0.11992354334018432
0.21969730757715206
0.21624819286372848
0.10521513312389041
0.10678563126835988
0.17345564401056554
0.23001241457919702
0.21152739272145094
0.1769246610723354
0.1159619131863166
0.22604723555121087
0.2454124111721132
0.1886504242884513
0.15531473839046184
0.08257928811521549
0.17319656427641902
0.15350119562085754
0.12028081791297265
0.14412191483606263
0.15400317581837905
0.19378973364574836
0.16995009253417215
0.2504239748786924
0.17619260606995407
0.1676266501455997
0.15978433312878548
0.18624647448323903
0.1939858852431003
0.21583860898027685
0.185035789000276
0.18082497104492504
0.17859706177483978
0.15050836383625746
0.18144954254821236
0.1701041631712654
0.15065940113429122
0.15154119939252592
0.1586978907469418
0.1710376729861723
0.17762126086416002
0.1739961806843246
0.11236042441754648
0.2208283020366069
0.12611512815199843
0.20356931052230812
0.1953124338604024
0.22287846435613845
0.17201497377179714
0.18331894431389642
0.16112756713375165
0.2144488364846802
0.20563915098198005
0.17748689681058963
0.1798662652032602
0.1959447215337301
0.19307350223135916
0.1383766864604292
0.17056324496244912
0.13007567827429378
0.1594550228403512
0.18219655450130778
0.1458557116745561
0.1172421600675432
0.16863533101605438
0.10883207418832533
0.14577481566744688
0.18561641610393487
0.20444919752845972
0.1720242261438058
0.19130799859380151
0.19817209591541116
0.18605380506857977
0.23218795412711343
0.15578824149701412
0.18422224340878324
0.1404656461950503
0.15822002206686658
0.21035900676655736
0.12091030466806255
0.13562625339578957
0.21951155565747135
0.18810589725195084
0.16256603766530234
0.14283200791833356
0.1901332174797049
0.2128773591619238
0.14596607203513098
0.17473080523065512
0.18197538604313984
0.10618938297480304
0.1039822160001948
0.10230550239398506
0.21355928106265182
0.20632459420001964
0.2111344043751078
0.1691492867150565
0.18252605356514945
0.22166947912815416
0.1634835798392687
0.11676026014065508
0.1775412415022088
0.15735759042815262
0.16429559581254335
0.21138681487793248
0.19924074372470582
0.22191874906162565
0.16233696183749272
0.09026124540057918
0.11689799968283089
0.1811612305085331
0.0779485038284853
0.2155555227237682
0.12878043559774718
0.19745616755351206
0.1591065636967205
0.17244293166831773
0.1593400344076744
0.13166732077817953
0.20446590566815073
0.15917813013668874
0.11486851624771893
0.11910704371994531
0.12507976814608945
0.1188819253314761
0.1839200199325513
0.1918735737270709
0.18701207668236236
0.08128487418503533
0.1506021419288336
0.19913866803111502
0.1975116710549749
0.21309600969518888
0.07577318290914685
0.14183756740654554
0.12815462643441106
0.06448261067388264
0.17223318068804605
0.1304604607330476
0.17395157396614858
0.20871683903416235
0.25796278148187357
0.1975617185575427
0.2444480523356027
0.1824583238610864
0.161468884595934
0.1629751645475684
0.12643106558201192
0.22003822073451496
0.11759154974382768
0.24923227393276037
0.18609692685490428
0.15390484080705966
0.1477343690829187
0.15580196235007523
0.09430272010021033
0.1467933678200187
0.14319355745789603
0.2140767676110591
0.17625933412332695
0.1460929423489071
0.20128679370285127
0.1808960550414157
0.18764207041726455
0.17658192719908455
0.19692964521667922
0.18208559303416974
0.16415060567706263
0.15924354598051702
0.1748027053802504
0.16712352879627027
0.1675887534660381
0.10140480211130339
0.15170645272992084
0.14073020273579984
0.1580223963647156
0.147961753660352
0.0911409661747654
0.12061003400623907
0.1950563420020689
0.23165116213562212
0.1648653739040652
0.1192734824111625
0.18097132671124194
0.1792128057915348
0.21218895512183808
0.1390661050490452
0.2282687014194132
0.16804695628767782
0.22317621076322572
0.19744802364972117
0.10520383705318932
0.208963903065476
0.13403040990332624
0.09928212095769583
0.1270476933075988
0.10170057090365343
0.23002205920868546
0.15681532063607623
0.22995818249525093
0.09531413797248947
0.2034992064111
0.1416937943376732
0.06678948043950862
0.1451326542947659
0.17990249850852616
0.24024675235922208
0.1928716606542484
0.16726534587043215
0.10807101440613354
0.2486135080679634
0.09357030434777648
0.2171394040591407
0.12282235491777019
0.11250926219716917
0.2265183056239171
0.1639114677453723
0.11666867391596335
0.18222845187649825
0.3106018228929777
0.14857697539356068
0.15014653228548486
0.1701480928221175
0.21311998643916777
0.2301649513659596
0.2476640588753512
0.2230908571784355
0.19318532781655498
0.17857453357677275
0.2181101187042794
0.17865130592877934
0.23195704659524058
0.17373772209233107
0.12982455080428687
0.13399545088152745
0.17814575610869804
0.1230723560605388
0.20142654137627417
0.21748522266933754
0.19560714309858773
0.12480737193553085
0.18416197410547286
0.21196077159729326
0.08368896046291213
0.1838635651487284
0.20219576526545333
0.13499989233946608
0.1483062885216793
0.20228370768870518
0.14392724461880904
0.22117882279375797
0.21139844131712326
0.17253855110144967
0.24777653115247494
0.13518334961195216
0.16945168793620294
0.20430921631115292
0.23225839741583545
0.17942838029013589
0.1580365700489919
0.1767053903833224
0.2142281983462217
0.2048592993110278
0.20294620422614368
0.2578303100282493
0.1718010413516149
0.11151619445415492
0.1834385088110881
0.14473395948044093
0.1544105646999786
0.17162344326948076
0.16647154920961446
0.23838723008765716
0.20999480033782614
0.19230183854889527
0.18877085068003813
0.2123666171826478
0.1646629788339906
0.18136657720179938
0.1939428774843065
0.18757062318587953
0.13058051694232212
0.12535640287205316
0.22193984550682774
0.2197834931962081
0.15221485035454477
0.13020775353515623
0.15987241032017208
0.11628283597587295
0.1846187772049429
0.17058571687056306
0.164107610640176
0.1498288808292178
0.18477265542641486
0.21863617020080817
0.17323703911272192
0.20773346615840357
0.20477802276151333
0.17804396922345717
0.14117557353300064
0.16411075082938809
0.20625191295325412
0.09045589734907682
0.16692118971508235
0.20180568231615756
0.17055376410932394
0.2550182943589884
0.18904242617766934
0.1590366098113428
0.1313241476395308
0.23259573803184497
0.19272618163036018
0.13843188998219455
0.14519418580976204
0.17565120175180815
0.18703208839869417
0.16915126925331495
0.1360128036044318
0.201304679243105
0.1390333696402191
0.15966780048644613
0.11836378826076538
0.17298851416379896
0.08571176832665299
0.18351598060700738
0.14070285421721962
0.14228486049117914
0.14344612187075803
0.1736895970478155
0.19532647994833086
0.11118345238513441
0.21574464618863687
0.13444455536689104
0.1506923572146603
0.13048906827258064
0.17757706315532407
0.1506089083007256
0.1572018995806587
0.18673630313690456
0.1549032606515946
0.1638082222397916
0.17987519515105285
0.16361423509436268
0.1955732463568006
0.12928346517192538
0.207849813565597
0.18933296559287122
0.11935060872250154
0.17486258030489957
0.19182740376538146
0.13641434009205491
0.14082929487534093
0.15995505528626572
0.19765543605951022
0.14008938639677562
0.21096752251082856
0.21194145662079522
0.16669447405813256
0.12596815837660205
0.1669421429171013
0.10680262009828369
0.17950036659879284
0.09781154024087521
0.09140937813649934
0.18705704319776356
0.11999007384349768
0.18126842684950717
0.18967337151903735
0.1789083471584096
0.18732265579624782
0.19715313818721508
0.15293281027659544
0.18035266168145134
0.11912619314378547
0.17799170510720927
0.20483358494284212
0.1739962981045721
0.202550413772891
0.1830783560064596
0.1913870968196127
0.23367360422712127
0.22142204494027196
0.18731964988850275
0.20669164965276912
0.23267147439378888
0.12365326265135748
0.2063088463337195
0.1417877377404198
0.18334260717643155
0.13114896887189884
0.17073082011240706
0.15193397048662918
0.2688934553930199
0.14316742254002038
0.2096996262537903
0.1818498290072204
0.08387407991107046
0.13225760967181793
0.1671176969932969
0.17232125806120105
0.1871009283197624
0.1828719652643852
0.24372528279126765
0.15754227157788298
0.17397404930713284
0.24112462183471745
0.15881214811892688
0.17275901708207791
0.2251553844933755
0.22409054363773145
0.1257029605307585
0.20342205769814536
0.2092519486359219
0.1506412455327473
0.1214438414167948
0.2212111160229561
0.21672013341496835
0.1630756314237732
0.16984873202315673
0.2007101443287073
0.16058474115028493
0.22483929479981105
0.2112267490579673
0.20830740154731378
0.2290253319200333
0.0923815534172117
0.12747052303955386
0.2100628230195692
0.24540942887414555
0.06187360360028958
0.1428439000302009
0.10413762630233825
0.15593134823310495
0.19193039726562325
0.16209395174342822
0.09814853754107843
0.2279563843641267
0.13329005490646684
0.23122060312537113
0.15117829160526314
0.22236321921195748
0.13873573680991427
0.18021761894111105
0.17315433843829975
0.1886398638012674
0.1821587008127329
0.2072735780215604
0.2716644981405827
0.17647458856083362
0.1762416993211879
0.07881641031111294
0.1918777371168614
0.17976610586955588
0.1438271930778173
0.14051150928491118
0.1449352238240576
0.15461923649757672
0.16927624775811714
0.20039260831322364
0.18084238928462304
0.15571173823500797
0.16663638575591655
0.17552175126040195
0.17310429537879388
0.1610979129829227
0.1283594935384379
0.2028770767167256
0.19331496795912406
0.19429873756644755
0.16389809343337955
0.11651748331129377
0.1502559770595469
0.11074529246406531
0.16383560833285254
0.18664347214130567
0.26426611740765205
0.19215853626381685
0.13058580413450524
0.16364060806593259
0.17453702526313764
0.1283381727594232
0.19873551772014741
0.14165747223406336
0.17594326075137617
0.23694393394887875
0.11887298726092849
0.11725629164018934
0.17151480726324164
0.16623355828189892
0.13538423851362186
0.14359447838139322
0.18440275402220938
0.20054501058543162
0.15818995831487725
0.15304731632434135
0.23170814604637716
0.23224543685815224
0.2149075158920733
0.1737447463072871
0.2060414455170523
0.14641481467446824
0.18052981009278662
0.15591874589906807
0.10407345344260441
0.07431545881490706
0.1702712207364579
0.18560849067097926
0.21600721614214308
0.14847470746340338
0.18211626783071208
0.14528825568219872
0.14384104291076677
0.25973825669850775
0.20531872063493856
0.20024396728422172
0.18166877227535738
0.22039376788533588
0.15409134369856609
0.23727349017037472
0.15403326944869897
0.1305794055760814
0.1983752647528466
0.14278439295971934
0.18411755448397685
0.23496448435607814
0.12576578508607295
0.1352783351933124
0.14232287062985965
0.1778634253189888
0.21743341266290347
0.12589153401373146
0.15379714042772555
0.1800580125742145
0.19866527790853192
0.17350301411995947
0.1795592383798602
0.1996794814729716
0.1551720457975279
0.21887685999172524
0.21427374319314177
0.129322343711806
0.185549450118263
0.17101270498734175
0.13646238971062405
0.1821021787267148
0.14782503825259496
0.057283245923410275
0.13718461251270045
0.24632148204593735
0.1387733702482466
0.15656577781839875
0.1287956681557726
0.18360869942907815
0.19098330701824867
0.21842088103986806
0.15941239780869887
0.06916356494698603
0.13390921664931102
0.15460809766742156
0.1449526106677289
0.20302830092706353
0.0933790381570287
0.1736231405456953
0.10851614847204202
0.24555039394435207
0.15147409552745505
0.1745007308062411
0.18987901874038285
0.2082572741733549
0.17868569739710208
0.18087812289423238
0.19687676986985542
0.21760840749405141
0.10187594063407487
0.23552800859169998
0.16467705593565
0.12385560733235207
0.19777334625984122
0.1873578284275713
0.18767809843657765
0.16232113559835115
0.16381084819045644
0.08935178663819966
0.14685172665597138
0.038853816536394
0.23177028255200333
0.11593275274193368
0.14729284356974204
0.12450847439634499
0.15046324388563265
0.23629484983292537
0.13634253957666548
0.15077064724090314
0.1106662377634742
0.13307570136027913
0.1379100878747319
0.17561650785216373
0.18918021407578645
0.21275484309652665
0.16508568370950777
0.102540929680469
0.2479875412489378
0.14517814609809668
0.13557688873223023
0.13902097325656512
0.19575727174227583
0.07737842346395774
0.11807895436748553
0.16167544733348183
0.2226643852866666
0.14496040248065223
0.17894613882331392
0.14158970199212126
0.18317231506407683
0.12613659125085233
0.22612614041678986
0.15075115908653655
0.2034492446118962
0.16523773116594495
0.1669902458008642
0.14931535237714175
0.20761665946936467
0.19969167842054922
0.15086273761207786
0.193872995317869
0.2111249601661096
0.19748658884076137
0.13276464176211594
0.13195515394636148
0.10225233379807573
0.18807094484462
0.20848701607035772
0.2516824650732971
0.1118313898659107
0.2018790369892078
0.10799074404873629
0.18578490515994617
0.09731870383663335
0.13566778976283833
0.16229065640805754
0.1619313159867292
0.21437388141453156
0.1757379373253202
0.12743727917607378
0.2208983310159079
0.17588113090799637
0.1888476578879697
0.18485916174769074
0.13009757414148093
0.22972699220553464
0.16516097275726233
0.25573970745615937
0.08759730904687082
0.2124359006231388
0.15802679852232981
0.16119234990394887
0.14938724157142116
0.18982442740270022
0.14999659602776882
0.20798396771047245
0.17305563224319936
0.2163897169615636
0.2227791702875861
0.15098614063769
0.09909961672012021
0.19442449309913368
0.14491603863000618
0.17391852658082346
0.12342015256663605
0.15625126162712993
0.17930504420178636
0.1716656652952124
0.22202663985701304
0.22474064568435773
0.204451483976779
0.12027085185983646
0.1506705471449235
0.170107169465242
0.28643034510480836
0.11705203919120485
0.18036504004693438
0.16864717077882124
0.207973743018321
0.13721803734915117
0.14565528073014677
0.18539437623875427
0.08209158564455919
0.14305043012163526
0.15321178744473385
0.13600449086306887
0.19077044863147752
0.15430717189303877
0.15832455150159933
0.10647726735157904
0.1721897649381345
0.2198280246979456
0.2647257824284209
0.16973420457183677
0.1776486174580116
0.06820734770571174
0.12900092365128168
0.12929612731853582
0.07796470348007932
0.2652017418649196
0.1348169513361656
0.0777800332693792
0.17394873931896193
0.19365172587674978
0.12791717521222848
0.16869585302913948
0.17240245954244376
0.15737558146488753
0.1240508348061187
0.14075156501791222
0.18854587720453994
0.17048894727818864
0.14666660836712175
0.09984139199876248
0.18486781065630598
0.12361460929430954
0.1383169812409335
0.19487087862621666
0.1636410091042938
0.1507265844223676
0.14885149774484097
0.13389743146833755
0.12858849662580088
0.13829188261516367
0.1294453553261771
0.08563155423341985
0.10703741158912075
0.16511432202412235
0.106982216170254
0.11832796189225216
0.1566499269592838
0.16880738544892163
0.11857700392511267
0.17793035152528752
0.1274133702375323
0.1664971679611496
0.15629922419870887
0.1775571951144409
0.16819973620579465
0.19648176402568093
0.14453560193066706
0.20832146011761427
0.1921698205955184
0.18066875214194367
0.1795800599640395
0.12744117016090034
0.15411268384884852
0.17312300256320254
0.18006658505911868
0.2250340619736222
0.22275842036099214
0.19166383508030727
0.20284445368149584
0.1720063699442719
0.17978779678783424
0.12172123002864252
0.18651840584490623
0.1777567825388982
0.19149869102783715
0.1244266453497325
0.193165787134888
0.209969022891007
0.15976968515110163
0.1721631698973583
0.17607678633632629
0.0755904069423085
0.20798864557571095
0.2212797295308847
0.15306976701908953
0.26286293692447127
0.18707043821816902
0.1535824320958911
0.1788091725657213
0.11209866479680267
0.1818951476091746
0.2320842436779485
0.12416691554796398
0.14777640920368446
0.11899676253126136
0.2233468092410184
0.1673829565486886
0.20924186622773883
0.1419228443341474
0.2369630986577538
0.14060531411758767
0.20360576503197977
0.1608044897205232
0.15062488929406226
0.1657636610026794
0.19923421373722036
0.21468033353421
0.26132473471215445
0.20481376931159562
0.16382662016109817
0.08551217901761127
0.20397741030492686
0.17653470270028657
0.15672090005035294
0.19351561729185818
0.13880495871970527
0.15290387758518803
0.1408684540999703
0.14196690500580944
0.1281253936559111
0.19650101759052427
0.21200128095143272
0.19158398027192786
0.17420909965545733
0.19332122902554405
0.1481422520331054
0.15046491160831754
0.174395214828384
0.1758387187226123
0.17500139068521273
0.10371311528172916
0.16544888260267915
0.1912735076326604
0.22741493782726932
0.19745405258592755
0.18376636963573753
0.13483818652876906
0.14789033744133415
0.21497680058885915
0.23003097351061239
0.13168705581419854
0.1430521039718141
0.13883595124578918
0.2156156572127779
0.19681260415721513
0.1324102054620914
0.16424645433671126
0.18898361503033687
0.15927118808104446
0.21273315931574904
0.14640650492220744
0.19234306662226233
0.1043700593811469
0.12025244463531953
0.20753338165348906
0.11460336000029739
0.14716801641087388
0.1441217849781971
0.11807961504152217
0.23016299703631987
0.15565025263340218
0.20689414030274356
0.1836220123218674
0.14439899882835186
0.21401931079647768
0.16404469438834926
0.14893852374954752
0.15315869612366248
0.17003415377503922
0.1827544040105912
0.21564608867132473
0.19394211429540303
0.1789912847863351
0.1735343571376415
0.1851662936219103
0.14801801591332756
0.23196448320716603
0.08913478605111798
0.15390842240745103
0.23256025901420918
0.1951813271064812
0.17117127490178086
0.1149699759469025
0.1749598748386304
0.21946430769625386
0.20379331407567097
0.1635503889848507
0.09370532612413984
0.14753729613762812
0.1860861429580842
0.20666718303856274
0.14138024776672914
0.16403021513754698
0.18173381432613353
0.2082745758331428
0.19098258637598156
0.2171348853100764
0.1440232564198034
0.1449128275822015
0.12939729479299747
0.14194689711875486
0.15063985056828763
0.1588734029613133
0.15020534475077252
0.2239898710964991
0.18917997084284793
0.16395940711468884
0.07656249252421561
0.17538563761395015
0.13792508689571067
0.20737125888043
0.17877342011915262
0.20277894670317118
0.14256032251657458
0.1897675635907159
0.18532773060591543
0.11893599658276335
0.12461703753168613
0.16472522122473374
0.10366646379013378
0.23803075045616343
0.13534042075227118
0.22694160785590295
0.17014044367897052
0.15804130323637144
0.19784757370660408
0.16632688323178105
0.13898014587772434
0.12923199077834216
0.15705560827178097
0.17670654528196464
0.20076421505701353
0.14667712561114676
0.2276435840209749
0.1548762095601306
0.15707634994932454
0.14730287669953274
0.10224655096001618
0.18399831091300345
0.1923895700111185
0.19614365207149262
0.15095474550474042
0.1827028804901802
0.19754312596588974
0.1750696670136664
0.15477562832696845
0.1389005875410101
0.19099264835993784
0.16873182690035554
0.17687689923521785
0.18710043940435586
0.23963933461269493
0.19695711729062493
0.2201340628374217
0.1139046924249004
0.16313484308514786
0.15532175965059622
0.1488899562087893
0.17550215196413418
0.17842813356591655
0.16431912899958298
0.19727793230876337
0.13906416776257483
0.13244711349374233
0.235145277604883
0.2297446799521999
0.20398206189246565
0.1460713953467127
0.19825888821918877
0.20427950407537737
0.1958876666619031
0.13753324575224005
0.1291466518358304
0.18083627312994094
0.12327289516220521
0.15449105896306062
0.15213376616885466
0.25429722455321246
0.17248977330807114
0.17994362259777505
0.18487397996957858
0.15035684203375546
0.16969621777677812
0.20520418133680982
0.1926432280876284
0.12413424241099111
0.18637593894219848
0.1388035297834515
0.1723583303000939
0.12039561145530661
0.22042654455699487
0.14643043373001535
0.1334389290564312
0.17522566791134883
0.22900276883038215
0.10978111492080501
0.24992463698109862
0.11953486555708875
0.18289402414548817
0.1549220648203636
0.21119472810171902
0.18376419338608524
0.1770662870289654
0.17400670949125538
0.15016689598729446
0.1744181895517765
0.20929639085310664
0.15969170641233515
0.2168670334976801
0.12823935917435242
0.13271944924810167
0.13015350326076117
0.15857251000250117
0.23221159091026575
0.14133118620674012
0.1599270785746663
0.12213605040495548
0.21691182639877518
0.1957780656463387
0.16005884138734994
0.23560832207264254
0.09111541131174469
0.10305689373328597
0.13280100779008008
0.21050207392854528
0.09226290271128985
0.17553932288398047
0.23029315016473909
0.2168763727621115
0.15283914108345698
0.15843157877172498
0.20850179506570607
0.1471166479994253
0.13064121417451535
0.1964170389757403
0.16211255087976728
0.1446837227066241
0.24978824796044846
0.14448399860197056
0.17140757821124436
0.10158961404489687
0.1979839948556105
0.2182988189373971
0.14119442341558383
0.1813048266470318
0.18061344079636393
0.2397783357212504
0.1844139334934462
0.10293644082883958
0.22732615763267427
0.13562061907776862
0.17322819155761013
0.20216161802008556
0.17311573884993528
0.21320187431892476
0.15755605786766483
0.16537969452695533
0.15954744624588693
0.14422210143202047
0.23715183711237225
0.20364467007098896
0.20665562815728716
0.20097252952593928
0.14293969885979668
0.1733204784062965
0.07887254022022913
0.1502293647715823
0.16988101873479328
0.1691274644764934
0.13553895406669703
0.2110370078483406
0.07008334450875381
0.15430810400105477
0.16725660164885914
0.20245269329698778
0.16945809367809686
0.19839007125874072
0.1592115206601149
0.09587272642497165
0.2384601331116512
0.17271732970076697
0.13709848801867003
0.18430697806191676
0.12681242589564523
0.22222961398597063
0.20817158219887166
0.17473798001771618
0.17030847829566229
0.18819679265033284
0.26287939192603094
0.16710996853820312
0.15122286221449022
0.13039076623101736
0.12641434770217672
0.11763320083221461
0.2289541368015923
0.149777431366472
0.08808321600778876
0.1358888701292596
0.13511648070664373
0.19295147153378064
0.15201541942807925
0.19640128783792182
0.16400544038324918
0.09200805039790601
0.08685391456714504
0.08634046960560295
0.17653501419996742
0.24195289188157104
0.16891106065985884
0.08792029680080624
0.1017012732350948
0.1934004629534564
0.27412522650374427
0.22109665581735355
0.19171832645995823
0.17877644734085724
0.11576683361643389
0.17116622607518203
0.15877546104863144
0.17913124408154824
0.14200265619586636
0.13211557592992532
0.16359663123276658
0.12159040179327117
0.2030117084252106
0.2000151718879144
0.1334018229541752
0.20541446252666
0.18833906786542798
0.1636023530086868
0.15534869657111286
0.10713026322599462
0.07490915394763603
0.14770149703880267
0.16336957711920913
0.17475442633566285
0.1892059237747898
0.10245151331822486
0.18447436032460732
0.1162570012646315
0.11319544826763386
0.1685157076961798
0.20497486871608678
0.19820294402662902
0.16291410289182942
0.14433520891557186
0.1799357912695918
0.08427780446504418
0.1496781678864223
0.18134854120158453
0.1576679044838375
0.1199320428732186
0.21979036799455068
0.13281109377586053
0.107772846900707
0.16301152859837392
0.1470013229178329
0.11289626873104924
0.19741121808993378
0.2482424718369885
0.23616131094246912
0.1341157939175198
0.20793676307013462
0.1892536811147246
0.19264379118876832
0.1507221828482584
0.16539056753905773
0.19978576200036727
0.13346230366174655
0.21823607658558491
0.15508504661076306
0.13949907240588522
0.2387671248998045
0.18581548225091518
0.20234152893032253
0.11756994072598032
0.22774510215384067
0.19428272698188226
0.0756565164737266
0.2593414820184722
0.13861721082430806
0.12425752161539229
0.13609366471625822
0.11960744290035732
0.1250401188203217
0.15406722771409462
0.16042665791806104
0.1915545563743731
0.16868267649645696
0.13914145574954143
0.1983685649431812
0.15088570761432318
0.1443274975940563
0.16519614738462024
0.11132137819052858
0.14439313336264098
0.15257474075135555
0.18050395777195277
0.23641509870150432
0.19368977823601238
0.2007436066595073
0.1360639774478021
0.1595535022095679
0.18782914565182496
0.16197002636026506
0.18356321465126246
0.19668125465454533
0.16579109488592852
0.1540502446228683
0.18166604876456058
0.22745230526624005
0.14313710692879675
0.1762253263158655
0.16713182257005718
0.20635707235093587
0.17638715905924798
0.19590331062911603
0.13327133675965117
0.17980339127118453
0.13330173447504726
0.1831239247082279
0.1869933957775797
0.17706078110473816
0.21072410228747893
0.19859483644775439
0.14746716670996807
0.14957848795559983
0.09629562775543042
0.11547052908989502
0.21427631483792045
0.21915347680275107
0.20570942400552392
0.1619174576398352
0.16052359571511196
0.19398126179679184
0.16178880319531155
0.1148708640885653
0.17448183174974308
0.09867010125321594
0.09763407468083171
0.25046264257158546
0.10836197332880027
0.1646457691475834
0.1786987276798881
0.1277986384148979
0.1573798510934767
0.20241763149754516
0.24328567296143414
0.20093115649512228
0.14270689341526588
0.1596726176858656
0.18262705381633002
0.14936629295556594
0.1796114229518039
0.14220545343340124
0.14108475925325917
0.13414017940608977
0.15588026775184835
0.13639260589601107
0.14705540152890653
0.11474995197620466
0.18039037759848095
0.14019263457071052
0.22953903398160463
0.12443791092701564
0.1269899707549552
0.1488520890661752
0.15497703412755753
0.1316475956281603
0.16722422686102878
0.22440786972247445
0.16064481840820313
0.16177957333814108
0.06997347104409564
0.17343036691292632
0.15818643180221656
0.15232465494566183
0.17517044062121956
0.1393149896860682
0.13486403835772928
0.22371551760849642
0.22407659269878094
0.21872000471865458
0.13838652202794932
0.21507455862680147
0.2077591050008925
0.17961262323124877
0.14400137088088702
0.1895710381684909
0.19289529726476612
0.11494151971713198
0.21394479665160887
0.18405153273910912
0.19413296226634205
0.2512646968946479
0.1457762025622131
0.23638291413245632
0.2126831185629964
0.1549026759561859
0.1967748204500947
0.11301072520181481
0.11317841208688068
0.22482339297131645
0.15718567261969724
0.21681498310662814
0.1772080475423362
0.11844983827120714
0.17240601498033564
0.07531647741427784
0.21897134297441775
0.23547951979978415
0.22562341673282515
0.1875398778085173
0.2052119085571199
0.1324073059197333
0.1449206856331072
0.179942637906725
0.12015658350859038
0.23921101615135087
0.2342976361554472
0.21124534543675214
0.22575516296394468
0.17145693656293406
0.17482181926102694
0.18873611468210832
0.13268698805167292
0.19044695068209574
0.1949067357003601
0.23040648242132436
0.15405208663619463
0.17567177701224287
0.18423151358946924
0.107604512889441
0.15666136486137422
0.2080412876702729
0.08126133029129391
0.15628317021578414
0.15131497521295464
0.16854204467803469
0.10895679496669075
0.17824218877274392
0.14645889252835567
0.11845437390397266
0.13228582327788677
0.22814254335906872
0.1451399987584704
0.17007449460422874
0.22135199455693055
0.17397452645782235
0.16091393705380042
0.17864644838348015
0.1852592662267259
0.1720537196564322
0.10640080035668048
0.13677334027908228
0.07818046314170647
0.25427399655805233
0.2290505705971539
0.13086011054095115
0.16907812348221785
0.19818532487846072
0.13805732041994745
0.20378110460184184
0.14939834167926283
0.19329439512910532
0.2621175101336413
0.09542451921033694
0.1789934677381576
0.13767693001941264
0.1744084918575202
0.10536656082093422
0.1267073142104163
0.145402671707646
0.14293880724184282
0.23976901371408116
0.24307367346250325
0.22956727635894678
0.16460123584504288
0.1922698033739218
0.13205823781542383
0.15330241596462316
0.19066290314769901
0.11555021377948296
0.11654866258492741
0.11791080284701724
0.17715533240916356
0.1351558676084034
0.2166098574116349
0.15131331879942336
0.12874061398831574
0.16408825645232913
0.160919589326329
0.2385185603179204
0.2704286781090417
0.21944848698267597
0.11033292093941285
0.18035303292661745
0.17315735652940303
0.1412742557671338
0.17631474574116993
0.14984213162244767
0.16882033007864478
0.1276163079592402
0.0858660802082087
0.18574069080991018
0.13778266243145612
0.18028636710450674
0.1636752372055749
0.1721819331251739
0.14292384233976876
0.1614929817208501
0.23908032927949174
0.20434798013387792
0.19404016684706227
0.15728007011366346
0.16402324690586545
0.20294467636120922
0.2205629341655026
0.23377900805868035
0.19505328899555763
0.1310214292944556
0.19107670596705253
0.17891443731204618
0.211507884252779
0.17339263186795695
0.14284681902812763
0.13239323221287763
0.12972625772548477
0.15888442601563135
0.16037934186958183
0.18840076408844184
0.14451692143421516
0.20856294526443625
0.14584107629288615
0.17673244083048822
0.1275034970801121
0.18585921246289086
0.14393716681214783
0.141345993500375
0.21544419861834369
0.20008407655032023
0.257603041176522
0.16852977270729533
0.10373279498185593
0.15572854701233987
0.1603026690267975
0.19886915018393103
0.30666504360999736
0.14528895255634666
0.14832678875965938
0.18461036058611535
0.03029103628793217
0.1793737328097588
0.1377142924383826
0.18397108346128233
0.16726340834863798
0.22065426367939184
0.18767325896114467
0.17752718553265986
0.1656350343059567
0.12467589361893369
0.1476996002056321
0.22352802306787267
0.1836807525477273
0.18917989153801634
0.2582463768132435
0.13413793305568375
0.11228719875351091
0.17766039765314498
0.1430516368719279
0.2035400977585386
0.17902968456666557
0.17243564456801996
0.19416823182492476
0.1887867785682789
0.11619397364531446
0.17511247140206096
0.205535965763047
0.15985938732316654
0.19150589652245345
0.2076396325941285
0.15401709704159552
0.03244115640111653
0.24181026324598598
0.1134534729834142
0.10946080857670362
0.15973893393497335
0.21092960494947785
0.2168870317499667
0.21573915038068975
0.13352179959625415
0.11867624464425897
0.1662711973723764
0.10785330179868394
0.15231652101102877
0.1682797627281017
0.19605231921918398
0.21699324221521976
0.13539337640787874
0.21063136556140508
0.1858564947023892
0.11467620533123836
0.13694152278408134
0.12119996101607092
0.15960380499377605
0.1272263865706305
0.1226000343656066
0.2037273155741344
0.15179103900621868
0.1980951269079909
0.20094039336951666
0.21565280260710012
0.19996784911719956
0.11892169584636425
0.1434574406111412
0.19061507377658063
0.1696924988426021
0.14041874064890525
0.13483744739155024
0.13642579759996953
0.15086132587046358
0.14211189196357743
0.17007659960114233
0.188172200911054
0.20177131878301513
0.1652985834648535
0.23964754104789535
0.18249006595146883
0.14240178937473813
0.23266804267008223
0.21645431870366108
0.046438167741639585
0.15405262000208816
0.15518243112221086
0.10754856494816478
0.21456345132396143
0.19518307551303896
0.16533013271280567
0.12730709184568315
0.22334605913332775
0.18796105748557645
0.19304904266199463
0.2262406342829655
0.1499160987440879
0.1678366818085523
0.19762983601664497
0.18546554765376375
0.169755136724699
0.1364217537883567
0.08835853517364257
0.1618724376656266
0.22785365745468125
0.1819564106377547
0.16093993229661607
0.19209093669507762
0.12394565782264139
0.10758083086834877
0.23533873148173418
0.13494875217130003
0.1611281177553686
0.2105365867612417
0.11992603127195217
0.14228487902203674
0.1614349952818995
0.14424674019050782
0.15741112692819195
0.19298726851920536
0.18993398473199477
0.22953882247647217
0.14520199764443897
0.2014994086900864
0.16747042312412283
0.11120555109880534
0.189886724250933
0.18231550788076406
0.15121860127576206
0.2417628513955603
0.19289705176051683
0.23026718696737894
0.16572020084395928
0.1965205647687945
0.15432532258260662
0.13499859520880397
0.12209435867159177
0.17348984118611877
0.1720602711525255
0.23232702113510767
0.14462252380838492
0.09477605511750163
0.16974425751351166
0.15358395192584712
0.16132696335436186
0.16431031749073016
0.1296371573686473
0.1879592263319923
0.19780320606032692
0.19225687520949397
0.20204422100373048
0.14128734531411802
0.14745682579485983
0.131473153083814
0.1579627541002075
0.17617205228684102
0.09791315826298327
0.07310589768491395
0.17410201371102527
0.18417408278857747
0.15787104103324726
0.21664474462985137
0.17655115160759405
0.25197370671627217
0.13287979432272545
0.23992978186013472
0.20173556399685627
0.1302541886903295
0.1322774315501119
0.19358785945598778
0.1746813415086044
0.17276809621671257
0.15721566500186543
0.11987169686168062
0.11228279382844228
0.0990265823512796
0.1767063416717592
0.1538358335590866
0.20238697860621793
0.17375856927047634
0.17846727520881453
0.07461617204854343
0.14411843815597664
0.1888821981458056
0.15601976240341742
0.18745772569711897
0.15291835458815817
0.18619281805572427
0.18729633630558212
0.16136882968983973
0.26196810644050533
0.1370542260703944
0.14884783264447246
0.1608094972836324
0.1944603544728178
0.19094506023880198
0.1845152510726751
0.22619599620631434
0.19482426347656043
0.1666535034003486
0.09506367101538028
0.2111513515511668
0.2075768829541217
0.20885997647938823
0.21171104496557872
0.21669668265493847
0.16446458727339913
0.16960954290718683
0.1344482090166652
0.15204718707429635
0.1276008049644385
0.22642835156566696
0.20626007138030172
0.17877971901286457
0.10730362855709613
0.22191821459176825
0.19473408938048317
0.19490525016027574
0.14522927322127172
0.15236583711382007
0.20326272446596919
0.23813751965729718
0.16010689786786755
0.208649210620764
0.1653228083225254
0.17982317451444482
0.17960728426624706
0.2102217149884632
0.21724344622476768
0.17933696092153942
0.1520293493273044
0.18937843076225425
0.1400576967264101
0.16512726985458523
0.21672189089072105
0.14528448669985866
0.15047727543553335
0.23395037579287753
0.14728701442656078
0.1445861671768045
0.16184779517225148
0.1894091081291791
0.06855200406861488
0.21256958134950787
0.22434671848035947
0.1442067883049918
0.09503048088262928
0.11190841961293543
0.2076408591646651
0.17305272462189972
0.2149595310905373
0.20824327547641763
0.19083163348347748
0.2514397046926613
0.1831998694315074
0.17127871458668611
0.19296003261351138
0.18617793322416937
0.20399319049919906
0.20522936432810782
0.17103058806706864
0.12964104747522526
0.15176321485147323
0.18520565729729344
0.1715562777565058
0.18951835220198876
0.16465508547455454
0.18917503290351936
0.13848367843277448
0.20513953391404693
0.0742981377097158
0.16761307436822864
0.22332139502179163
0.16360906835430508
0.16481644968871303
0.16218824764505668
0.12204817710058422
0.17328922328163693
0.18235845016341568
0.16953955653244934
0.14692628295003118
0.20524951340275346
0.2142408219577089
0.17038753531759604
0.1496393491227932
0.06437327296326234
0.12366951917221308
0.15536215257550187
0.143031791649906
0.15853403547785042
0.15290958014560438
0.07548530009735897
0.19838888628158508
0.1639611888803008
0.1675690190866985
0.19907475108933953
0.15226032325488423
0.23118479677049708
0.19732149524963077
0.1878518033086317
0.1654144258579709
0.20117887972147358
0.1713956444660202
0.1399704466706791
0.0642616870567673
0.1799404082059782
0.1449056574946177
0.1344388051564693
0.1474551834861321
0.13970581315817238
0.13046278854651172
0.1247910007892592
0.23045041452627013
0.23082078201384054
0.22108773861073877
0.18489196828777926
0.20183757910859623
0.14280033540090425
0.15830923972748762
0.21061500579808085
0.13625397791046437
0.1905002910671471
0.20478307548393632
0.1066820869202927
0.1738023227694176
0.1833184463341893
0.26465750281474876
0.21424712022756817
0.23156595479787576
0.077311968375699
0.20746128599913893
0.15289947319521885
0.1598299174199132
0.20280636255323778
0.23284890760945823
0.12801604830565907
0.27327807077282523
0.1880637751122927
0.17062581348720715
0.11644297492061055
0.2114047993980936
0.16916341413399535
0.19101285356216188
0.21128268599703695
0.14191143783563975
0.10213605366748132
0.15205672133119968
0.14770284722921262
0.13793578996854552
0.1440081720536788
0.19381849371218965
0.2236173017425705
0.17476502233225044
0.20325679902006988
0.22436913870579273
0.15450101700560445
0.17573008644684268
0.20371384773187626
0.1870391924684698
0.24375578950105314
0.18652177793673724
0.14147333156955613
0.14343919240516945
0.11262594800645048
0.19184652699269134
0.12611854096038408
0.21246653264527277
0.07540591581277399
0.13404058651142328
0.18833030757251903
0.14108116558588968
0.21368905913310476
0.1513858507437855
0.2067315128991223
0.1753161124537681
0.21120056805686285
0.254909604713883
0.18089103039731605
0.09772760944556215
0.11204483256830984
0.2082676566112998
0.21485021400870774
0.20639519477894172
0.1380989858033334
0.2169276631216714
0.22325249845354084
0.1366850744630526
0.16964064501292045
0.18448949459285724
0.15571410739775857
0.20715765624726995
0.2342703390293927
0.154041166014144
0.15420167806792798
0.12547289006115475
0.21048879415286814
0.16693993715809044
0.1677541583185871
0.14664293879478774
0.20534796973648867
0.2244260671881065
0.21427908520527222
0.20968638739120607
0.1555889690290761
0.1533470950865954
0.24238686716519747
0.17902465352340727
0.131617384761795
0.21140213037250338
0.15091969002526645
0.1559653643300076
0.141805576306116
0.14492195887107315
0.15511685597769806
0.11502627437191351
0.10783086760152055
0.08661621046515991
0.1766378637173391
0.1330882069101751
0.19478432900814055
0.13739363780763772
0.16134065228351083
0.129054590699812
0.2654951238541908
0.18690592172110987
0.17065809063271523
0.13596678469692336
0.28650392127187596
0.19847972600278604
0.2700244777749573
0.11282551395042567
0.22085710651624532
0.19010262510154233
0.16859702003936342
0.1509764219121858
0.2582937848108482
0.13425134326630023
0.20467960101067045
0.08418603616805366
0.1897330846800512
0.2157087214459914
0.12030730452490024
0.14102894945992728
0.15861625669857332
0.1469267636831761
0.12835930312125882
0.17283863059044105
0.17279046683071553
0.2176057553082245
0.1267815631252587
0.12932018380032181
0.2201988752720228
0.16278379883267743
0.1652451975036446
0.2064468202353935
0.17789626508604006
0.12755366161586765
0.23464456642031223
0.21106047432775582
0.20332661296331916
0.24104401674350467
0.12566705122219948
0.14088914678378728
0.1452064522928173
0.19751762204074233
0.19577187331586682
0.20421172553482794
0.26328463701652843
0.10985256043231549
0.18123137170316608
0.23464741387923563
0.10525550653809321
0.17759905323153644
0.1629685090471896
0.2169075702746408
0.17152329641198336
0.11857589708077931
0.24206318506499055
0.16126291139044485
0.14664987214017874
0.12758307588799253
0.15100873265884165
0.1172735344835491
0.19548414407934425
0.18794771108098995
0.127115128181238
0.17510594344340819
0.21476235440552474
0.17487239747574226
0.18392607020610421
0.17912405717814847
0.1193428463554415
0.19514741703543032
0.16073606945978725
0.1802613382094897
0.20916086486015073
0.19370616639120541
0.19977653647402538
0.14896255404760442
0.1477080052468607
0.15429598682190046
0.22602964998610614
0.10572692849558267
0.12838959503768746
0.2012827313096256
0.17130414704619812
0.18097882369419327
0.17378174311629555
0.1972816425511239
0.1780109517864261
0.18065638826368827
0.2434451014739858
0.21108437635864663
0.14019584395225662
0.13837863578094223
0.17595850389061254
0.16549341128400358
0.1679519910870296
0.171654848712269
0.18509422061872133
0.13469836541098826
0.17765628576644987
0.10760485597852584
0.16996838132467604
0.2148729951684239
0.23777316711999472
0.14322538837678858
0.20790273200607556
0.20960475875652657
0.24168960787234234
0.14740531579235233
0.19528291542475162
0.1301746143095869
0.1335363693745435
0.19375794809594754
0.17611584909534006
0.2440256547361645
0.1022788076597464
0.10191157064849093
0.13287400330181715
0.21318475221654948
0.1405090281021876
0.1747361814798703
0.18916301499951294
0.09325423368031195
0.15254633367063142
0.12433102493747117
0.18988323157401113
0.14313373700389878
0.150541833677372
0.2107863919512275
0.18855754296580202
0.2282984303642594
0.21411556908743584
0.18557241276630682
0.22463029770818665
0.14783248260055026
0.15366445246158336
0.15832061575141473
0.18055892705236404
0.0862100601228354
0.0906756723971774
0.1525554225074435
0.1245652861642552
0.12277489776938955
0.2007238744326057
0.1809285084372018
0.18338821057237933
0.12339241221974044
0.21454780371150417
0.1576696301343594
0.2273140615569327
0.20124343422381907
0.1932235456616438
0.08466089283545336
0.20482828331075456
0.16065298769594966
0.17486266022184674
0.2223330836190351
0.12256485563046059
0.16054080587614938
0.1882238265729207
0.21855307040810032
0.157296257199335
0.11621154687125881
0.1515123186751884
0.23639855502264912
0.08655070135345287
0.1720967893426166
0.19637981623227868
0.15588420201192923
0.249872447655547
0.10157364916671013
0.1826414722070695
0.17421418209897066
0.15628009934313453
0.23843520389650397
0.18586812798554514
0.13534628774989899
0.17606043803838053
0.20362949178827353
0.12298368967693536
0.2557206509910996
0.16757022895093968
0.16453140258162288
0.14136642778439537
0.21170099894926597
0.17902300822394482
0.18803495325207079
0.18840079654867367
0.17772421124764803
0.1485211962197146
0.08277314128843974
0.1724057303039
0.2634676178728013
0.16379833376951636
0.1499815137031027
0.13486206958958546
0.19115559882760072
0.1660243215449306
0.16348598699644107
0.18745140511693148
0.1063912309729319
0.15655786351764442
0.2118113885170007
0.13731930120761401
0.15198899243689995
0.15093731741074173
0.18629070093682093
0.2174191067348273
0.1519708839444213
0.09129140013999415
0.20248507319199566
0.14356292093987588
0.12854888473992637
0.1498153522485725
0.2215859046299529
0.11724507731563685
0.15260287778940732
0.18027298759334384
0.15598072179634276
0.1587279301600098
0.09707341083537399
0.19413481256728707
0.20243396228359015
0.24555694025912947
0.1932513707915672
0.14997998633184942
0.12387018433341987
0.1510384221050473
0.21960179849799766
0.1090154256695986
0.20269835932704114
0.18558486645261754
0.23865334757987022
0.19706973500817201
0.08558976945793503
0.05035208129076174
0.152056759828057
0.17804120240405769
0.13777784661292747
0.2084293552124504
0.20975116247273537
0.17719933239304686
0.1846788727312917
0.14625185270615704
0.18501086045561702
0.15481693080189007
0.15673654785923521
0.17886811156405966
0.16079489476592712
0.1722253733545932
0.2699618904503952
0.17554833373742218
0.1903206171294936
0.2246146634821824
0.24736816531439237
0.18029160488069135
0.21997777878982297
0.19019548259104985
0.17023140055499397
0.1163485210003212
0.13221379575754338
0.0952707253352159
0.24420983009417196
0.18778532628048233
0.23235479246003105
0.16539133181776222
0.13530427852473037
0.21305214793474658
0.06510497238719017
0.17742222021511111
0.12210769982577799
0.1095572049253834
0.10077779881581936
0.16045492472097178
0.18597476345201958
0.16657899014857547
0.267808320661151
0.19023747947588182
0.17900461729361716
0.22984819137071313
0.19935515042582277
0.19105049974684357
0.2418162421292167
0.11177811489908243
0.16996049721793993
0.20638913095805603
0.14631746090780556
0.1742368967690693
0.15300294887654298
0.17697899232208295
0.14378149094180562
0.1436305624090175
0.21497464844287223
0.18753857689235678
0.16684026247684808
0.1334296602869213
0.1907020586660795
0.1624427276695971
0.18111016209556507
0.13337639246187458
0.16029807720188002
0.1932267899440953
0.15284061307413827
0.17739165929615341
0.21571570466705564
0.14168166084551556
0.22333226113085308
0.1876555562815099
0.1872866302314763
0.19955602245826312
0.15966618866456317
0.20687933970555114
0.19035837104406753
0.2234531669256598
0.2120288680834459
0.19157355207626262
0.08810139465342372
0.22356685882888475
0.08005387515158857
0.15002216589893846
0.2472564337768257
0.20817673299534986
0.14779202489660562
0.1541962091457932
0.1101399340449388
0.20716078127668294
0.10226502140297432
0.15201068998522557
0.24857968342625586
0.20645570245106643
0.21698781508441425
0.11809999856301397
0.16948001868836057
0.11850704462930475
0.17139627362104892
0.2640212760904921
0.12682500080944717
0.1074784079053503
0.12511038737386307
0.2100615235243426
0.1547880053672833
0.14163890251308264
0.16649023999692744
0.16778334483618723
0.16854407439461655
0.20845845987758665
0.12668766115552352
0.15818884405987332
0.18011228493580897
0.17206785455377113
0.078069933531582
0.2450526451065113
0.22717176876553907
0.11955570387180273
0.17953633308121802
0.13528642236089747
0.1797228523795413
0.20350049411870852
0.10251595115890305
0.15065223315101203
0.1179087983673559
0.22259239030857247
0.16097789858409775
0.13322047313139596
0.18259482299446356
0.1410573790611744
0.19059108361878035
0.20080991031379802
0.1299951941834375
0.13078478865378895
0.21232685530513867
0.24443807550427876
0.1377539172706077
0.1656413989564986
0.16557530796686457
0.12421701671158979
0.1647588286226003
0.13013966380215863
0.1019492077822183
0.1500800946302659
0.16578702413318872
0.16540753351890028
0.1842278583406936
0.17013716794348357
0.19726124350047639
0.15668783940064013
0.14562011254172133
0.11075411928122919
0.13847579773498808
0.17580476160499992
0.1984083631160811
0.1489865289665785
0.08360734671355878
0.15444020794262808
0.18217745885919961
0.17827822798951268
0.171146706115656
0.1922584089712696
0.23823509363238904
0.1234899987240884
0.11536569532888323
0.10924584038821028
0.16879949363376726
0.2080694769620101
0.17369129563144328
0.25416087711838103
0.21952040431378816
0.18605077308884813
0.1974166947247079
0.2085118723220675
0.1646024993186563
0.1860977895638587
0.13976165111107208
0.15914713979509126
0.1608532935101325
0.12217704908890112
0.14101977975570523
0.21067089896383154
0.26179430316515373
0.17906525150552097
0.14157849518601184
0.11165438971995761
0.1584893013299926
0.10166940181845252
0.14809480398112834
0.1441676747784097
0.20363050602942656
0.0985885820586661
0.14325450364672968
0.17634199755482605
0.1533034260711903
0.20209612812699962
0.23823137622126317
0.17319039252424803
0.13573350044669358
0.1993307412678986
0.16219402442616787
0.15632234073620485
0.14449432403761067
0.18753422902163527
0.1841317076105795
0.13215366457240324
0.17174042170764456
0.1847399987232397
0.1740676032148795
0.17845849226328417
0.20038691594806674
0.21526268303766877
0.1441028312126279
0.16927022795748786
0.15145786794054597
0.1385953544443445
0.12678340871581986
0.20570284652500287
0.15456498933566923
0.21563796035687022
0.1468095849928081
0.18176831124966747
0.23589036000073565
0.18255412110309294
0.19731902477133115
0.1902775995643407
0.12396930580302391
0.17344644436901757
0.20259583066570983
0.20836344106910776
0.07033306190947049
0.17417373177149864
0.13922227668600876
0.19890776418837042
0.10655972740489433
0.1871720292666802
0.17666171915797144
0.1502534157531412
0.14037753698450298
0.10895857985824317
0.1629594380987014
0.14725641720180396
0.1381414505326567
0.2346371082516135
0.17317295845458228
0.08678169413012744
0.17616384323393008
0.1526835771271948
0.1636364373638147
0.15067783463500073
0.20975959762916457
0.20026851052026098
0.18580368606772268
0.09635562775037328
0.16776688989347416
0.0688452672725856
0.21802059355941378
0.12849115131855132
0.11810927915007838
0.13160901026364885
0.18972848277772578
0.16614183209737998
0.1394883189530128
0.08804379772142247
0.15786615400212065
0.16121811860886193
0.20038176454922085
0.20236497431815129
0.12388732478630551
0.24243807275255908
0.23647530857709365
0.14346378796595963
0.12400988712109992
0.18218776257599392
0.17108306592758454
0.17146036511360754
0.21673577076606065
0.1604718439156702
0.1770877462508007
0.18596092222683638
0.1557463986363015
0.1651350295151212
0.18964051123794082
0.18645269602957437
0.1936671534440178
0.14646046331353546
0.19783934100078918
0.16342616448420455
0.1885307486360433
0.17172302532744754
0.17632412586792298
0.21748958951886602
0.2405177317142404
0.1727063508318134
0.20043223999751594
0.1296191070409413
0.19061652498018497
0.1579951582817107
0.21773087711863784
0.11618729449507091
0.1710885308377241
0.14009958900549152
0.17049352654916045
0.19496002670139945
0.1725005486957451
0.18042864213202195
0.13845492091163136
0.1490991394134759
0.12387011856962932
0.13439539371344258
0.13583761340602543
0.17046592746998213
0.11859908766459452
0.2428071214452855
0.17530956101024348
0.23062930027982437
0.13755097585798515
0.13638331129969056
0.22035521360450525
0.20898641072270802
0.2022502342764841
0.2570283246253738
0.13357643308924239
0.17285534116149268
0.19081573969818263
0.16203456247286901
0.2482411312740876
0.17500857225932284
0.19029195613703662
0.0805446247144646
0.18416186035256174
0.1837496813536793
0.2036346435777573
0.11859335376279445
0.1583003764419472
0.1230626563706135
0.20360693259438736
0.12696003264688094
0.2045232484277354
0.1895132814067836
0.18742317337765652
0.2056339404118512
0.13884310493012533
0.08725548209318194
0.1847912669539193
0.17093292389695375
0.1664984116902322
0.14418231709696178
0.12231987898739735
0.13312409472602516
0.13540066489391134
0.16991412877927323
0.17687696020094743
0.2103130129025964
0.1667990506625443
0.1488635262422615
0.14054539064072505
0.12256156336538923
0.10518087538801969
0.15975031231681086
0.2292761626530017
0.13016749545722428
0.17282452728719747
0.12061781354339367
0.1337845016541235
0.23317852160612643
0.0864157299786715
0.18648012099277944
0.19963902768337835
0.22920825139094692
0.14580150541223913
0.19791489636206738
0.18538111323616974
0.2432645476549275
0.24132682098582953
0.1740513819710981
0.17394159370143727
0.10707372439639022
0.21135646885770823
0.19764511523249972
0.16316242209364765
0.13155213385498982
0.16994596461451472
0.22204297306409043
0.24221869813399824
0.21142322865235047
0.12201331088776268
0.17758728003123916
0.16635680817141493
0.18416409014790341
0.143809326826354
0.18915621859627385
0.08937835945333598
0.1658022510167369
0.13464419984265516
0.16662238508587304
0.12499062687413995
0.17192519177062965
0.1489551872331657
0.16746976866657792
0.1457997707123065
0.14061295442456095
0.1548270378306817
0.21770954764520006
0.1602989249235491
0.22198392389695806
0.19237431552607637
0.10651945360841936
0.20004586378813421
0.18981135740448643
0.07395949503162082
0.17715284984276558
0.20404631900076803
0.17597559106740984
0.13075496423154123
0.14303371014883035
0.15205853737612224
0.19821832579242368
0.13259953468376262
0.16624267391371028
0.09663375660909304
0.20880581998891629
0.1597403212185734
0.1371204370968688
0.2242407193590726
0.1774066518134609
0.13597614054111878
0.13842887794146172
0.17963624832422576
0.19893553401492517
0.16518319375061563
0.17031127939134127
0.19737459761628015
0.18354792359494698
0.2048026104031337
0.10254891881947498
0.1468521086808352
0.17160473740034254
0.1717336116349521
0.14906419317964445
0.21950713380913067
0.2052853563776842
0.19450296132410208
0.17957676162886188
0.14665410672277832
0.15673866179202003
0.22739163955817204
0.1780486243379629
0.1667847077524724
0.1544794433780783
0.20098654310504932
0.19677750035503908
0.16853543089956008
0.15759664247627903
0.1594728153885593
0.18003247744280265
0.18226004664699647
0.23746214926741668
0.21473922197453565
0.17530049700182523
0.11156128813860798
0.14694582911636722
0.1106555996654759
0.10650498146004711
0.20579207478140715
0.18878512949385712
0.18141228740316961
0.11092511426535799
0.18847568855282404
0.11908977101076275
0.19554042060848678
0.1364460693068918
0.1583174912483482
0.17346993728879767
0.0879479904862444
0.22147233802001096
0.2223101870867924
0.17259221122698978
0.09819554141564132
0.18040683108575412
0.12594181487603745
0.17059261177721216
0.15989812715479085
0.2045411149332511
0.159830586290136
0.11875063901214523
0.21964144973895774
0.17272585065867155
0.17951171337949176
0.1741133868615107
0.20481621372366604
0.1626435709925171
0.14354794229322151
0.18969669598970387
0.15661915030034293
0.13366865720710075
0.18718724170948323
0.20614311218052161
0.22785035115190175
0.12998695571877955
0.12232040586386769
0.18113564802090412
0.15950839314726864
0.10810956526824836
0.17101958423829247
0.15617853793429945
0.2490820401048614
0.16196143590713427
0.157873820483086
0.26609741217775673
0.13350448809601795
0.17436684826494822
0.17894016399506413
0.19917425538321412
0.21616306197870205
0.14271305825909544
0.21766652075201837
0.10505366594494665
0.1895317035464335
0.15637379137261587
0.17475013914629658
0.18444457365277594
0.18090601147467672
0.18942684208282157
0.21937973583194179
0.142442408677652
0.17348685894754473
0.08543271003030188
0.2631145419887781
0.17491353181179478
0.16404465762452114
0.17311109042347123
0.13735212076818312
0.1351901184080443
0.18920644509225326
0.14649345822377055
0.17633124817468482
0.10633247868427764
0.22443702511003452
0.17615786110808188
0.24072695922833579
0.17257082925909292
0.14444576609655263
0.08429617208664075
0.11641237287275277
0.11063469615179414
0.2696986311409591
0.2716039378111544
0.14928194456527002
0.16760985057328406
0.18186899453039795
0.19086442192283637
0.16504894006606488
0.18942708073217315
0.24562803211274709
0.1204851218672444
0.18675691899582275
0.19189831614299194
0.1623130686397929
0.19267459288036592
0.10035457131171108
0.07325390566204072
0.1808664507044437
0.10207029967474067
0.19774656770779056
0.2344535985753484
0.18973282303606748
0.17158124518128803
0.19302378877870233
0.15801221420588255
0.14840158675678244
0.1552625607621862
0.20768844688618432
0.1555053550152704
0.1455303576147567
0.190574346233559
0.19625611182170274
0.16612969462040555
0.16398873913062945
0.15530438638921337
0.12728726694989423
0.15309815152161346
0.23363272232916132
0.1827458972696461
0.17290096600244143
0.15306007805012112
0.08283229742506858
0.20970206417554516
0.1386184588840534
0.12011529427844442
0.14835209256504656
0.1782418072369601
0.21825623748002274
0.16483812628489108
0.18672488662464987
0.23599635125449137
0.12297794344168815
0.10774992014388962
0.16006174971277898
0.15136421078558215
0.23277842596996082
0.1421719393790585
0.20675408367483805
0.156515509330978
0.20374446080673578
0.1557231335246551
0.15210495358763618
0.16499853416759983
0.09040175431687072
0.09981803514066823
0.19128913782479448
0.18998545161747155
0.14508458712690955
0.13681866397539427
0.2720149771212771
0.1639577691834245
0.16084386171665818
0.26140053170920424
0.2125791628775507
0.19876143844932725
0.2090656668134136
0.19724880206668557
0.1652005252462091
0.11734229181632912
0.15953310992316522
0.22717496514607924
0.2054796575803443
0.24139129360026562
0.28190799645466036
0.14324221951324087
0.1864223583618299
0.1389346660982127
0.11800182291214663
0.13674082533985732
0.18543282052472457
0.27967852624672673
0.2179026593036784
0.1623791441180475
0.14041493236739933
0.12514598380133857
0.23018569412105025
0.18388540855960916
0.18800163190207697
0.23601951755007805
0.16577985401818793
0.1946450047056223
0.18501494755144549
0.17856982798243706
0.13664243569050313
0.16755914277754383
0.1921262918051645
0.19977566460845284
0.1634003777638295
0.21454843513485355
0.15931506841196377
0.18443695396078288
0.1556666286809452
0.17483640308310178
0.13997302812138543
0.2225400220795557
0.14035060876261993
0.22147828711013676
0.14667595278949846
0.14882498013895168
0.09715954702256553
0.21319559948942357
0.18827211257320425
0.1392476982359497
0.22011238973381564
0.2621481869745937
0.2108447007486572
0.10996721436622828
0.13626831684211904
0.2502482775943957
0.12415345649687679
0.22280954984077922
0.18310792462160758
0.1427795159273102
0.10898439885075385
0.22245236128644078
0.18754717679319716
0.17206708211394517
0.08674719511958656
0.17580134962700017
0.1670976232949547
0.1916973274275628
0.15906862738300262
0.11509695540067122
0.19656331073743408
0.14958879384100524
0.14081107987166108
0.15591315456418178
0.12894730475947264
0.2209163328747299
0.1690707898075019
0.17531662593343503
0.14262328916715544
0.10151025273358157
0.20872463442575306
0.18509292007085873
0.15010818351143318
0.1566818674371168
0.15222684741954173
0.1857209785550764
0.1141957338770527
0.11502517173923124
0.1255462155969738
0.14712298429902979
0.16353310116572609
0.11511431349989978
0.1569681713847144
0.17719121869687823
0.17686862016658256
0.1754771673380142
0.22053179062442396
0.10129242855919732
0.15693331322025755
0.15776570600877995
0.21866682417053468
0.18039668359241454
0.15174985063859875
0.1655899267298569
0.09537042563060945
0.17597478504618375
0.14625792700381113
0.2066572442407142
0.18669630102198478
0.1463301086777698
0.12333945020464906
0.19691774031951217
0.15422471727791956
0.1360438156741073
0.14194382511187778
0.05105445551133797
0.15889724494859947
0.1445731212041435
0.2322160476399297
0.2550110326151555
0.1987418357850021
0.165887128776896
0.2011952390255437
0.13335511751476892
0.15030390375429753
0.2201116602731356
0.15981233686637458
0.18320575839219935
0.1819137844812206
0.20713504288080578
0.21300048168826566
0.13909296619813363
0.16601095565730103
0.14658169666722276
0.16362761022166858
0.21446728791172026
0.14585060943644856
0.15390001689437188
0.15516871042813615
0.16585674791775099
0.19140120896261162
0.22116328030522203
0.14405771372247733
0.1916426474450182
0.15714741708961566
0.12521551221987276
0.18761141436052164
0.12388876268112828
0.13972582895509228
0.21450964612812096
0.14313035295543025
0.19654153433909155
0.22364068485610983
0.09048504064008778
0.15936308593764648
0.15007356628348276
0.1154181207344911
0.11533400906352512
0.12984701822159456
0.1382778754487792
0.15851614739509112
0.14205232485540192
0.13114560637038394
0.10091754703589227
0.1812906242219312
0.17314755155827066
0.11950831337798194
0.13642194798130414
0.20984780761539198
0.22425347052199196
0.18019908194237214
0.16947982606883108
0.18524572678823858
0.12554165713758014
0.1602324258931311
0.22908335874927352
0.17869529476867205
0.20305961302297637
0.16698031738853086
0.20998449166676827
0.10789213678185235
0.11145800791020707
0.12991928046909781
0.20655920525522153
0.21266517934452533
0.26242836002999737
0.1436726987370726
0.19114100003307063
0.18017227269806796
0.1682066836079045
0.15171606954290204
0.1878568727963167
0.17684263950657064
0.17181679537072606
0.10914632374326239
0.18967603149076223
0.12414816539987975
0.1551617513542658
0.2121754910784086
0.09370873718945485
0.17847233670980425
0.2181506209630273
0.15315642906995636
0.20721398739766794
0.25988944093547084
0.16693528838089866
0.1883608802759329
0.15737262071152697
0.21066506105673924
0.17013712458783278
0.2081927767968555
0.16194259742351258
0.14520164167877397
0.159725629536851
0.12135925586657531
0.2041059149959149
0.16034519575184086
0.15867781491640384
0.20433885594134255
0.19181822401173576
0.14757140325874518
0.1327807942230336
0.15355738381603554
0.2022666980707797
0.11934686477600903
0.15885820553576574
0.2001812153765497
0.1933914770138217
0.1805769789457133
0.11412069442594668
0.16696402685954131
0.19422251972565188
0.11901749716219845
0.18746401584453903
0.1776702057113362
0.1885215575567912
0.1459803863753119
0.11621599750616504
0.11339820996619054
0.12530852309341053
0.2349017742850652
0.18023711411843163
0.15237849543908943
0.1653905476555878
0.16839382368036188
0.14815056357292317
0.20833396126544243
0.1697582751329841
0.15126395770667692
0.15423152448237135
0.20229330820460925
0.1846152082668738
0.12076310401108936
0.14294943268342597
0.10344718908300035
0.21304196317566895
0.19873390378185748
0.18088625776852663
0.09287274718626881
0.1820759039373906
0.07832090606571344
0.10619938370494024
0.23276809801638443
0.1476024254975612
0.1131391893153855
0.14768345652602236
0.1605468622628441
0.13087521511329037
0.15447516136463127
0.1790691703075142
0.13227248610700895
0.1259730789144602
0.11135675787001992
0.032312331501989144
0.15249533383886496
0.24977174461919205
0.23779429249816283
0.14712880896894678
0.12273660933316981
0.15002973633137923
0.22072468233645987
0.12637337471656845
0.11452852911187228
0.20864677791493308
0.10884546823291201
0.15620745085586402
0.10577671957134657
0.15824972529087294
0.1970621403236535
0.20285027166816058
0.22591370571732794
0.17758642191005133
0.07922088848301827
0.10715378036400856
0.2023660416107488
0.2775364835702142
0.11376289323567099
0.13723795533535532
0.1980923754353461
0.18851996081723554
0.15939792354796392
0.19292799028055202
0.2000215960983175
0.16179352719287607
0.16148523997989625
0.14499218475982698
0.11318486582676442
0.1584822040257221
0.21641169229335042
0.19169507590556709
0.1719685406147165
0.16745836466827135
0.13693363070723363
0.18863065308748458
0.19269311435710623
0.16673081643717763
0.1948562363677169
0.1439373886495079
0.167971024621283
0.19908015605614265
0.15407415158974816
0.21194682154108602
0.21393823537109294
0.21648151205322363
0.15036124762262928
0.12144014554838437
0.1687720538832319
0.15897197349247238
0.13547606131990766
0.14960997280402874
0.1486638779211075
0.1575234502679688
0.14763886476385946
0.19585740850529762
0.11292459623611545
0.15286654574642342
0.18653242214655652
0.15063704136879053
0.14367210434101946
0.1393499411664901
0.19287594089822618
0.2067743703446149
0.13392649114674599
0.2359505096895254
0.16175885248348376
0.1499853493862827
0.16373910547092316
0.10135926808802297
0.12914344341644982
0.24884747333507357
0.16666875574320497
0.1861022021212431
0.07628195264761675
0.14591849813174199
0.2665760143672429
0.19758321590293865
0.1500821460292613
0.20924941617804618
0.1986363293437316
0.21996591264370197
0.14887065359329751
0.1684433790845322
0.22727187507306085
0.1694441973811591
0.1370492674760156
0.18438522777017896
0.18061115793663662
0.19960575016507698
0.17876241819340433
0.1652571552140739
0.23941315193230314
0.14647614743667353
0.13837605165906014
0.1498609861154458
0.21643200493375125
0.18750252132362172
0.11102093757667442
0.16089414761008414
0.17891487287615424
0.2194453666060536
0.12988982607109478
0.13897089352931996
0.1690612090981215
0.18186246581000906
0.20218636600322
0.1910227007409717
0.13644203306736372
0.21831113215328402
0.21064276303013427
0.1467363245147713
0.1543457507839882
0.11962194871661994
0.1714530779320846
0.23500126674164834
0.1385349893948853
0.17920548619206
0.17761631530561758
0.21976655561850383
0.1733984767315647
0.20588624404127584
0.1904465092759909
0.16353262088319365
0.2116705348378971
0.14192972239641566
0.26293996037360046
0.1407002714898456
0.13997778046700024
0.08830693855493565
0.17743664335276238
0.16493174057253074
0.17173354091434348
0.21296214928069265
0.1381589248483253
0.22833565904362874
0.1781028850407302
0.20552985286425254
0.24611779587791233
0.1984079743417905
0.08692412287630114
0.17058389507386174
0.20886418241438431
0.1865389769474774
0.2025316706577467
0.12026702787329246
0.21706138063665337
0.2159736699463278
0.22185076436453946
0.2397187396617831
0.12390793305027675
0.1863309440936849
0.1401356015085355
0.1049524195366338
0.20070076483725385
0.16552388675397953
0.18161964333292044
0.13235491459407128
0.14554371865463214
0.20529418441638864
0.17593153763856922
0.1925041158760515
0.1641440817451055
0.15020224530582704
0.13249515153473826
0.16888680833743633
0.1626338063422915
0.17424189792186748
0.14241788723067142
0.14699186459039884
0.1184958158814049
0.208201991200056
0.12062965950074114
0.1728130418884971
0.16195923734427106
0.19367814882619447
0.2032402212189987
0.11397226385345151
0.15354462932677543
0.17755204125615373
0.23011654713654434
0.16640044697187856
0.23446705534898077
0.1469539401915961
0.14316244803179756
0.18389713110001094
0.20391390255192024
0.17632935461820823
0.13183167863869114
0.14961764186547452
0.1451348216881125
0.18153827170865397
0.17154898952829883
0.18307333807037265
0.15217508477516337
0.17268896244295265
0.19511649752737853
0.15705182571499457
0.1510121439744391
0.22961586873706713
0.226643021256519
0.12609629461446784
0.1125059961265438
0.19556042168722507
0.1806646310160394
0.18107472248037976
0.23174820122831158
0.19244021888174315
0.13408951275164993
0.21526618031113873
0.18335681849164664
0.24154031195757894
0.18781276435808086
0.18432648232203805
0.1892309276031903
0.2035035514906119
0.1617801441413112
0.2144892288356462
0.1486277469365033
0.16598250786481647
0.1818575749456983
0.11405179251159596
0.24565731828870035
0.09923574184745514
0.23594731885057257
0.1586987007759207
0.14679126902707096
0.15637938500660803
0.24197984670635012
0.19024130100866515
0.1716802229049992
0.15319524727957293
0.19752032891058582
0.20537667516853064
0.15026040309555244
0.17149062077619398
0.26566172484610284
0.11990328854004803
0.1844617556522523
0.16731943905030588
0.14906818600164098
0.2048414726475672
0.17186071463978517
0.121856924173109
0.12402543393113212
0.19234265216086938
0.14700872754329572
0.18710313834462325
0.11943474694623263
0.19071908076764088
0.17563335409001157
0.20081903883671898
0.17535276738153827
0.15272185929582455
0.2178576971056742
0.12354721494376174
0.13861995943971134
0.21239064711499606
0.13295837936850308
0.1958766122416704
0.14038142632571113
0.13744796580240692
0.13789736409755368
0.21821627041160527
0.1803075002358367
0.1382762407554304
0.13982992855721268
0.17028480493568054
0.17421892100721106
0.12731323528501126
0.1688828970094515
0.1215309709920912
0.1351914163738458
0.14915370565971586
0.16828227650015112
0.1975019420311397
0.22479053310096284
0.2187009921659349
0.1373668380679618
0.20639068624189433
0.16890207608665966
0.206067206916289
0.06568942059182693
0.0781252030163083
0.06920101090180776
0.2175125096120794
0.11388353860664986
0.17588714951286205
0.1702212471896082
0.2187493356803588
0.18145688586925435
0.2031905460826155
0.14790978142679745
0.12403852942048708
0.11934162106765267
0.1362023157370589
0.24794183057595895
0.1583681894584809
0.17364093694205196
0.19542159131940698
0.15476845518691532
0.15832017328854367
0.12843730497490868
0.07794854344294706
0.14042844069685723
0.24439442508049714
0.1243362618169066
0.15413664494338203
0.19198647849306547
0.20310569250773422
0.1714022560884313
0.2290589792152498
0.16247978511756525
0.18241582831709832
0.08744548417080242
0.13229587479111987
0.20729372698865356
0.15222759955748857
0.15155745005845522
0.16237857198765762
0.1984622859579156
0.16922839992664862
0.21974812014057812
0.11407739390693031
0.21403506274361908
0.17526303102950133
0.13585065322450224
0.13661022773862752
0.17670285284378656
0.18556583794242443
0.19467864938025875
0.15985888295721667
0.24917597006359068
0.14961674619896775
0.2199580857096714
0.1668156809887441
0.1044041250920116
0.26647078134235325
0.1614895295894202
0.18448980594448702
0.19260328030568755
0.13630529203929137
0.15878394206899016
0.10766589111017827
0.2118698661220735
0.16364778879533076
0.14652167445962383
0.19951508991152359
0.19112511557880751
0.10992638083962239
0.14268276214834646
0.2276910860242642
0.1614567034163268
0.14600379115072856
0.13908307185659388
0.21481879094491113
0.13815293273358467
0.1982712490001624
0.15888666554802136
0.1597697781034884
0.1083738814332901
0.2382087569709215
0.13472421226208856
0.18049891810988244
0.198626716172852
0.08552945194558306
0.16948616474331984
0.1717842253676787
0.2302323311269137
0.1273161775906257
0.16172189241366267
0.10910382519413943
0.16572703173879663
0.13233502608274478
0.13896863157709688
0.2704888387854951
0.16709483785663348
0.2087742513805223
0.1627019611745847
0.14107608402748995
0.19411412437365652
0.12912498028198588
0.1183588289263191
0.21348244738040717
0.1440386026466439
0.17933329436019194
0.12696016383505082
0.20008991865992082
0.13029573492312171
0.20007034160333487
0.13579898576054453
0.2300120184804188
0.17455461738917494
0.15456064839629613
0.16792062438635963
0.13443010574035408
0.19185285988502446
0.1629497981678441
0.16476937639545064
0.17259339097195617
0.17062161422669317
0.16491736973335022
0.2358142841353658
0.21914564824641475
0.18488969798695143
0.2268461031332393
0.21893326028407828
0.2388213480956347
0.13209493195922542
0.1674193616096761
0.1357589953549785
0.13397150495721372
0.17001671035921273
0.18309887898123436
0.19193140972477063
0.19371269261267815
0.2612089485022445
0.16663257128387432
0.08690647359510772
0.1600953470512831
0.18574554677339708
0.17744288351992446
0.2154616947388129
0.18252589388208884
0.16656710771146016
0.15452639134272286
0.066108387562772
0.18732286345065002
0.2100066485488878
0.12613674735231512
0.21428901468086906
0.12319666658614119
0.16379867690156094
0.14204660328855095
0.16004033658739036
0.14091990073404798
0.20548380360090523
0.14692295798682944
0.11707082363699649
0.1314413751393451
0.17322120577713018
0.14025152165514987
0.16394086112497272
0.15207764405282628
0.25263157580758727
0.08754697209200851
0.1240427942893843
0.1480816969779959
0.18307461756069335
0.17973692564096827
0.16155097144469477
0.21087265638084857
0.18829224672953887
0.15979242819934059
0.17998665995123048
0.18255942172350803
0.1204088166626659
0.18565591690868077
0.12837903553608573
0.15993472301141004
0.17651335638085064
0.13404004874504094
0.21961825434884974
0.17698956447369263
0.18822134032261492
0.2059166288989658
0.19436484808255966
0.17726473511638313
0.23381959381487338
0.16657331357666338
0.16634932187974463
0.19827601409159962
0.09736257942487052
0.19415953114244838
0.13011962497228619
0.18384904422210585
0.1576367675879584
0.1414584937731622
0.13370139036825482
0.1609430639278006
0.24689945462597956
0.24465780568040196
0.1900609491442253
0.17951491656805782
0.20831045280918375
0.221617121734048
0.13407467946757542
0.10553634573722252
0.19371763127666083
0.2132661943596081
0.17579231522243832
0.15545288292168324
0.12772830522593165
0.10136786794520124
0.19228954768903514
0.21613148747348077
0.19149488065809248
0.2014588174489406
0.17106023966002865
0.05088096960204831
0.15565143113112892
0.21688528609183405
0.18410368948995373
0.09925052229251972
0.1506380152247632
0.127329666278168
0.13742312646977964
0.16743223345592087
0.2617192274206822
0.1821456834920891
0.158198635972035
0.1374803991399093
0.14096479681186358
0.12800959399558975
0.18530506348417958
0.20655499945235942
0.13290907531148488
0.23899281213124235
0.17521463734768483
0.13022680479059706
0.21316525021806793
0.09410219026016063
0.1491846044733904
0.15058211935813268
0.23575174747882705
0.16600483574577954
0.18355516327645283
0.19857955349123
0.13212019167633052
0.1411879997843542
0.131942355190914
0.231287049248609
0.160434822409523
0.1118940754848918
0.17594291010562696
0.12403280328140623
0.19686805076783415
0.11710259465587258
0.15584170103892392
0.1671502761847215
0.20511805653632412
0.17200737068272098
0.14843478299186233
0.16662466703288628
0.11964915214400457
0.16755657513242683
0.17576244582753098
0.19906699084610843
0.10215957205681694
0.11216078693474724
0.2055230864742827
0.13356904403171135
0.18244208509064236
0.17527361519232101
0.10193000573414325
0.19947560762595934
0.22986250871783265
0.16760285144735143
0.20089862225725336
0.1783936754583224
0.17962005693912025
0.12840704730143712
0.10999752532820405
0.1276323594175919
0.17395035332446954
0.16261973425539414
0.1732156750171094
0.1583278264026311
0.1721021957346972
0.1680511080463663
0.1136717074631001
0.1655424365034583
0.1265522848657381
0.17644397527845207
0.15622960487707402
0.10623330682331467
0.18140322628854938
0.1689317609397901
0.18865074128521944
0.18480669577803052
0.16566848292684264
0.1036714675031143
0.1663585406844793
0.14782024483038927
0.16705374159434067
0.2027249648206893
0.1869887968965439
0.11956917064835369
0.16476111098509494
0.12305641207601314
0.14799276073123196
0.2001866267503058
0.14178516149507434
0.2212122447388031
0.18495783066811503
0.15800520988935854
0.17603299858414492
0.16401839094669238
0.18673361898810908
0.19493791078328315
0.12870883131206834
0.20591284668806006
0.11838590764024434
0.18989626978392338
0.21403448653169088
0.16949221578641593
0.17163619505495786
0.18027430060676106
0.1653252329234493
0.24836929468080712
0.19881227619498504
0.2009913002723652
0.16790521004192827
0.22859528330394846
0.1219426336412251
0.12164746653751918
0.18140105857958586
0.15426720641080083
0.1676325439136115
0.22488593216846028
0.14520121829120036
0.15816198259374903
0.12964338498208358
0.14856266069943003
0.1715746869110427
0.20030505213171146
0.15412747511771557
0.2040494039339671
0.12304895136786229
0.24919037571562253
0.1874862220279628
0.14283111575478658
0.13230536967338777
0.1911862026223092
0.19189125768075357
0.18814533176131115
0.1321454425980527
0.23450862457191246
0.16357700948190604
0.18456576036810032
0.10538138624531106
0.1932388575700862
0.15625036610219176
0.19649812147823031
0.2745666827026096
0.18765654461552175
0.12782128031749093
0.09182021832609076
0.18905922027904748
0.1525123026657193
0.10852210250678332
0.15323721973685006
0.19242030076453862
0.14393808697622187
0.16865262707781958
0.1983721745217104
0.19462054552640873
0.19703269835610474
0.059565789353759724
0.13119799642606803
0.1491630936279861
0.14136704927745797
0.1249768406240598
0.20540872048394831
0.1695424529686218
0.21114300624554352
0.11808657731591513
0.18580162073660209
0.130235806613831
0.22340382155850252
0.18632214251208393
0.1386360412651898
0.19281253606305043
0.21326498766413518
0.18265828776906637
0.20839957290038125
0.16879376320320713
0.21995981553067068
0.1700062683926442
0.1908298400338149
0.1152932854198416
0.24510303945037393
0.1612559278238088
0.12819049732378554
0.28944706860310315
0.20991705518687107
0.15178728536616257
0.20755938479850308
0.19745080966793155
0.16876733504113423
0.22515735002292103
0.2381114789878997
0.16419182542015293
0.12567460553910062
0.14732142666609518
0.15748093537829852
0.1876525228625316
0.1816126347184963
0.12174501275814628
0.13910180024921814
0.16736805375183028
0.17268763193010817
0.2186942017936771
0.11913963002002667
0.14341695557567238
0.1721143868958279
0.15331371149903184
0.13272481859046606
0.18249683848860238
0.1311696849509465
0.19621462407515
0.19562596147443279
0.10835478968945345
0.2233073596391582
0.1867335840137203
0.13109747246345874
0.1952557905553027
0.12058845509653471
0.06749791639779194
0.14229999745021754
0.15055326168563574
0.1446824501158116
0.1970498311776843
0.1433162681581247
0.11495413476618811
0.1711046368705409
0.11261231712517467
0.18506894949050728
0.19072138350045573
0.10592740361958511
0.17300058871460527
0.2356470486494462
0.08347740830724747
0.18969030212477647
0.17892455371866228
0.1746160718198916
0.16676243049231507
0.14267513177839164
0.23124652024106648
0.20198008196301087
0.22134285382422156
0.18330694637765343
0.1784374798130534
0.20203285433337043
0.19591096451673704
0.1749351717028563
0.15816842329135872
0.10992141465674678
0.19069432024054359
0.196906164363655
0.10551942459451305
0.1831923355539533
0.14721311782338012
0.28849972277274366
0.14819540921933283
0.15104133634673814
0.19038706574589528
0.1349591159579967
0.08757313747656549
0.1980728790776444
0.19215622081228148
0.17979166940643213
0.14167423822718642
0.18436333676025393
0.18745493825087675
0.19480094918234048
0.11738606260650662
0.15961671616315073
0.11199774325609549
0.13096184495614527
0.15582045433783553
0.0862063062905353
0.07964484453088239
0.1836662386263247
0.14999835198904826
0.17373921809852244
0.14890501718984053
0.1158980840378748
0.18053960294354437
0.19224482146930225
0.15081849244476572
0.10553050072201715
0.20642478057816194
0.19875251601114677
0.17253333429136422
0.18803933988735516
0.1753168402810557
0.1327913180759085
0.13429572301491569
0.2059250379726334
0.18067212683297199
0.14019987465561876
0.19960623643484843
0.18994480521277324
0.05162467749506268
0.15220669994032365
0.1511341960740443
0.2294861924502143
0.2303535451563877
0.16811114282393944
0.13497165257889793
0.1438635637892261
0.19779744349819503
0.20342986481441416
0.11491655557681763
0.1695299785379586
0.14027714848581885
0.13091466898443846
0.19298708124368896
0.1504504547667591
0.175300117171102
0.1704904208727397
0.17019430743514108
0.14761653426566126
0.19373405236302918
0.21575266160876894
0.18009712253432644
0.22543983072677437
0.1553610465065052
0.14113381329949315
0.14971590181276237
0.1475197255986761
0.17456554433574312
0.18288670740561866
0.15202336018456145
0.06447995219199945
0.15391552512130427
0.16041808739914173
0.21426098577620353
0.10706720728579598
0.18890722333527876
0.1662954556077626
0.12112432354452857
0.21028729105552063
0.15752497813919208
0.12655612700314622
0.16805627180054517
0.20560895546261654
0.16344557716836072
0.17130054637185538
0.18580295907760372
0.20267693958304295
0.1574953239775454
0.14258658896229134
0.17661656258931732
0.14728433421248954
0.17824773140416666
0.141972831359928
0.16440808380764246
0.15450344823193704
0.17903020077406614
0.15551111212238
0.21905224562092365
0.14237379226265987
0.2146018802063687
0.2238193899068666
0.09855749416341826
0.1257922991711527
0.14975136285349314
0.13601610924923907
0.14002120068461513
0.1917246165527207
0.19582933831219493
0.1835785214243639
0.11466635921845571
0.17712776371906613
0.19171359065101637
0.20096822247601434
0.23187292611066035
0.27262327104246614
0.16268650550418315
0.10939487478610303
0.1798164925345891
0.11509115738535561
0.1546963814602796
0.21403731228246542
0.14445541384843974
0.10165871229299224
0.18965718706137466
0.11555286228187836
0.1477760182631495
0.24617159654393084
0.14164172450402535
0.16992065437407827
0.15895517514439894
0.179469481279804
0.19361369114498828
0.20025557167722294
0.23864705571675043
0.133172449972219
0.18383190544023703
0.17731566551442712
0.1666713884524706
0.1689034769293828
0.13701160343208027
0.1568727676307177
0.1792951046427457
0.13350022551490792
0.27071694022345466
0.18994239134109386
0.1576049907040735
0.21545470418767518
0.2262151872733681
0.2167927017232922
0.20616734552364568
0.20406613849527616
0.1606165565663728
0.11309666316257688
0.15547472561719095
0.20947884017043644
0.10520716481045402
0.20462099466976594
0.12066900120270206
0.13660109226146522
0.19060273838299152
0.19244921891596606
0.17047724981027412
0.18065603037387493
0.18320461126264778
0.18227691309338948
0.17248367156733443
0.19835511390902827
0.18354588908052974
0.10927931172366276
0.1570810711271283
0.17051503449105138
0.1549382691019316
0.09803674442375158
0.17972358072631037
0.194739704699107
0.1398427156036801
0.11656153130433256
0.16676516060791854
0.17068274265094713
0.21549699005139264
0.16417680485340264
0.1855324773967839
0.11258803857601213
0.19906907105546176
0.18712115917585412
0.22508745057490848
0.11643254889702842
0.1153057008404435
0.14530631444070005
0.12054725598200933
0.22525499990542605
0.178647708748174
0.16605124837413465
0.18451173335715498
0.17557556965417873
0.209098609360166
0.18658921527535424
0.1670934311038087
0.14963066915378181
0.17154297737940694
0.25328607408606035
0.21216126967658355
0.21862912978933038
0.2596776243863039
0.14097696528674267
0.15123212406579975
0.20682847763020956
0.1847825094283912
0.20656932088110797
0.20917802265447402
0.07971316765456771
0.1302619019530899
0.16933179145281455
0.10155708088571835
0.18252152011986247
0.15801715320151508
0.1513831610283789
0.22027946011641616
0.1372009692631166
0.13265244822292507
0.15077367607509715
0.17471575510632542
0.16104231374365396
0.1845049251007684
0.14272240550687226
0.13583470228719374
0.1938376482534992
0.14192075892881678
0.19057273037068198
0.2330342774596464
0.22298376125110173
0.21450005942608857
0.13641860712958598
0.14905265484970662
0.1659616815026849
0.2412381480418298
0.16087004034758773
0.12913606624172314
0.2027137613458032
0.24794879229057057
0.20081425667423541
0.15967366511649123
0.1955043028412815
0.1490335966352473
0.15640630366639618
0.22179576007001453
0.17040726063661213
0.1634983455258908
0.2084082325148726
0.1646452617778019
0.20966079315102673
0.14042122091006393
0.16292821408580033
0.23561031844310204
0.1285777698327366
0.17567944245026715
0.15340885742222077
0.2163376371778234
0.25654231931922084
0.17311664451168962
0.135264648672629
0.1778018473207733
0.19917074966691573
0.14703777906401452
0.2341336340786072
0.05476353914268192
0.08965744810009166
0.1388366114573572
0.21466831449775184
0.14321571042593595
0.13301418116151997
0.1599130824483989
0.2157687910132696
0.1627953728166051
0.16856996275830505
0.14477427113895555
0.18725194848460677
0.12704204507515415
0.22097212139543
0.1614918811449142
0.11846165702274655
0.1281675020768513
0.10429005365960727
0.1587846224996594
0.1710065939750799
0.18474439812769713
0.13262709244010626
0.1810154121948642
0.20051756802497167
0.21213354671927814
0.24622314314731195
0.18759050436492927
0.18438203027030906
0.18901949653987177
0.19283792056729132
0.2194316545466306
0.14227367797477244
0.19865535391568828
0.11480981195827547
0.2301045257362367
0.13186288169002025
0.1354139170462545
0.21263494902222066
0.15479761424822824
0.1700308523967603
0.11966789571116519
0.17008273602701332
0.21108950324409503
0.16732556073507107
0.19130405385216515
0.1480182661594906
0.10293070503002684
0.11934440073789984
0.2439144534022413
0.17926336023729805
0.15114649056454346
0.21222815361394104
0.16807885054889526
0.18463905197522254
0.12129335010371144
0.21277068812584024
0.12266551917304422
0.20549450705965486
0.24069430787532856
0.16646244899483406
0.06765340003568675
0.17253494588118495
0.183486071866859
0.17745426381885554
0.17927538043137373
0.16682596087322313
0.2148242161399318
0.12734338744886553
0.16838540931462492
0.1412760454769565
0.13178499107270739
0.18983257774690013
0.13324080610597291
0.1824172245425963
0.20169117338519307
0.14097651591953303
0.17428070966503287
0.05513410082035228
0.17134808699464676
0.22411667970779206
0.12381164216299148
0.11131571601920477
0.19334039285233975
0.18060625240127248
0.18619530268364737
0.19264447312773555
0.19012923510313598
0.1349601479811422
0.1295745741540201
0.13452183138267712
0.12843231054696602
0.06678233616127838
0.10088873549369332
0.20110731726153014
0.20631574960720012
0.14215334488264125
0.17236468718667577
0.14576748001781384
0.17657285298672784
0.16779298154965516
0.1770719531354764
0.21952925798952094
0.08682500533185122
0.21581152673835008
0.16123568349961565
0.16361792341447937
0.1547392887466697
0.14644041398673066
0.16788328881106138
0.219503109168616
0.16257328140212618
0.09897520879036623
0.18743902983019017
0.22225265076808806
0.19675997691998298
0.19833143555288654
0.10266750530187806
0.1993596298672759
0.13202855586563333
0.15925325685913364
0.24315051289749628
0.1251124294006006
0.16690017652425937
0.1302596784185124
0.21768607904303228
0.21068277035668997
0.10371754030105099
0.1507240249693837
0.12687739338997397
0.19351417576556715
0.17994500252893258
0.20968147587322766
0.17595986843012543
0.20112591623611129
0.1661697439963066
0.1862054874058972
0.2339746219205468
0.11800856142658328
0.20438283520970218
0.019236820338034005
0.17633397694175748
0.20346924769025074
0.16530392045275946
0.15927915081489302
0.2327524474046992
0.22710379976977849
0.19413836018004296
0.13251764781883668
0.1892656870189515
0.15815543822660524
0.15746937540907577
0.1313269371696437
0.14621157008965216
0.16551887249081904
0.1350873242497786
0.2341742377412391
0.10014516906220672
0.14693951853160883
0.19520048426250702
0.1835831288866444
0.18311129108164712
0.12223950611064824
0.1017002133882498
0.1854040296550853
0.18785395996787788
0.13274137270275543
0.19342168019728326
0.09867440319097044
0.16512638849963637
0.17179077890872266
0.10110692426301468
0.1907705161292997
0.15171795692109663
0.20561971358676623
0.11260013480547754
0.2432931497815701
0.16418448483538384
0.196460033815065
0.18132539781414245
0.15294380420148887
0.15958871024151308
0.2110528778688371
0.26314095431427753
0.20865850435693656
0.17156140184772503
0.18016097719213311
0.11389617165606089
0.14059724494550427
0.2606730629150248
0.15017487127045656
0.1910268327338087
0.18783884063364134
0.14383211363032034
0.0944904978740818
0.15969017937027896
0.09439686454340937
0.20246338907950537
0.1210972243331978
0.15718407664696799
0.11585637476746007
0.06965584809260002
0.1277068735949268
0.1459247221453921
0.25768221120354967
0.21106316574514472
0.20913393854164453
0.10450320352657679
0.18701171102549444
0.12746136016514337
0.10220841068413705
0.18374997908075616
0.16861857431246818
0.21054502654112311
0.20252204218944497
0.2217632348920558
0.21382528828309078
0.14649088392076556
0.13947034584030624
0.18401642636056617
0.17033998938672212
0.1360365075613887
0.21439759495326638
0.20904416356452105
0.0993122319989651
0.08465153266610291
0.2039278619083088
0.17330960553004482
0.19755829784078793
0.19573473191069823
0.13774635451575484
0.19804948550831095
0.13326093360922858
0.13867591332523313
0.20632089582037433
0.19511105377746799
0.20666464311460134
0.15567685665010764
0.1249777869748743
0.20723176405937785
0.1581570247750098
0.165615982363915
0.15287898127188537
0.18338133910860918
0.16105121554941756
0.1953082138200669
0.2603451570650053
0.12436610441790394
0.1993947620935241
0.1286641016549368
0.21524614561069988
0.20440405143699528
0.176545222959673
0.15159565572697178
0.15270287201873506
0.1751713519207289
0.22534407562072964
0.2039379523521602
0.1395404793340551
0.1610228247928315
0.17361466475543788
0.21783517756044285
0.14918885901345763
0.09544159497500025
0.17486129841314918
0.22528399498916135
0.18664850283996248
0.18094955639220173
0.1726516278395212
0.1105482873465849
0.15430240787224958
0.11066834016739582
0.15000071543335902
0.13122846232373228
0.15150241608290466
0.14007176864912474
0.08574032294867757
0.21410824359590147
0.18690480250330666
0.18387657030330262
0.1966636201814626
0.15514211837140524
0.23362322784069395
0.08995481137477997
0.14827411651914338
0.13672787543252038
0.1604400334206216
0.23194943077928193
0.22065729137725604
0.26256598268977915
0.16818485833976746
0.17995905930119604
0.15196401065143506
0.17117210026326607
0.2111120836955995
0.17060766719772164
0.10151352132437354
0.19036754964024927
0.1522711953823689
0.16135475949540784
0.1774930560968402
0.1716665683602703
0.1380630616173978
0.18179157138468793
0.20218310769533465
0.1447501421895178
0.16059134573043954
0.1561587813949392
0.19178769205364954
0.2061127845512516
0.11014473084164214
0.2608983867054824
0.15542591008808987
0.16034376586584637
0.16890202336691304
0.1693295430026717
0.24362477672502847
0.14814055629214007
0.19467254997139247
0.15536945935110538
0.0828724207726034
0.11096057199272935
0.15649448587680995
0.14964224631843345
0.21612087249205114
0.12865488470123473
0.17682365139886275
0.19643218519835687
0.10379428527820918
0.1864496752633891
0.24817691952521126
0.24506368348259683
0.16820655008812255
0.15196127128459122
0.1871568337143779
0.1487937355626529
0.11141141800850697
0.1696438358505047
0.10752943190986705
0.1617546093419212
0.15140463576701388
0.19755824978306674
0.148524265092276
0.14831122468055663
0.1476960563140142
0.18861587166203075
0.23233933668180615
0.14487995946831425
0.23256212755984407
0.13353503108686365
0.09718536114073395
0.17916183807244357
0.22302456231455464
0.16558505885169883
0.12597731364222173
0.1862531279059001
0.15959300372752383
0.17641509891737506
0.16902138264819588
0.13837274593253718
0.07222498790036982
0.2263630822906416
0.15409724529094052
0.19195059814560456
0.16391486923003035
0.1481210553197194
0.16119598990432993
0.17790869046518748
0.2061430165683351
0.2577162244239267
0.1344099675328995
0.20929870845826798
0.2072602109896653
0.19200334612704165
0.17326580690108928
0.23357404835107187
0.1639762009356648
0.10950682216510989
0.21185214197719765
0.17293377766746998
0.1610442952023094
0.18935217573441548
0.12234979157298334
0.12461220164460404
0.20814554100787838
0.16143075601453838
0.1165799391959388
0.17076026881917025
0.20930697553303368
0.22127836273210344
0.2272521478862206
0.1449291086320493
0.21389264552458262
0.14020684310140355
0.1562035095498574
0.1893877791835146
0.14533902676708532
0.22109648708186808
0.208531869031741
0.17711111123291182
0.11895265265709352
0.17615315401248482
0.17480144997515545
0.1694185495717987
0.12492833746257628
0.11585131495263826
0.0993000569210706
0.14847226196938879
0.12656495263399423
0.1743904447689212
0.23673074464310734
0.17187134446294805
0.25304711513980416
0.19181339089858465
0.21125505678396364
0.21189901126997118
0.1942735919638704
0.0922785788224792
0.20025395828426204
0.19798490424551685
0.18213254165214665
0.2501441544130698
0.0942591195329555
0.179885763326066
0.13610046019988487
0.20902449574205606
0.11520904928628103
0.1671824557877616
0.14836463136743736
0.20952207313449112
0.15862237347776545
0.14625936670494097
0.2123294423877521
0.18063197641431517
0.1729072516360169
0.155350500309882
0.12183680265807915
0.20700133923047312
0.07828783767274985
0.14113317641715886
0.27424797749948226
0.09865838514916007
0.17870542978710188
0.12850040211199884
0.15367181039369623
0.15810265112777316
0.181735373796242
0.12369629004382203
0.15719488133744408
0.16375069019637575
0.16802378902777793
0.1273267450005744
0.16580740336942168
0.20547877170256676
0.18016622395738072
0.17853868489152058
0.06327143785374925
0.14335544680953927
0.16675664765232256
0.1573110355276117
0.24162045076403588
0.2281667253345316
0.17673164253771087
0.15803190228325847
0.2117667310735148
0.20746605671107315
0.13842258183420691
0.22655654438526712
0.1262611820307851
0.2423832712627932
0.1694781712322889
0.16608932965729314
0.2004822508952048
0.14569085848738386
0.17819988964143685
0.23140465007017494
0.12349518001721066
0.14263710334870072
0.1498013036305337
0.20408851148255666
0.1429399349544238
0.17443972275675262
0.20518926671425256
0.15063864954620987
0.11982448277207475
0.17320340651558605
0.16858898915240358
0.23735924428958707
0.16496704836085244
0.1619948965431948
0.21829550580603974
0.21388099847982134
0.20996506410521615
0.14668035340366395
0.09712365945327459
0.22973038006478463
0.13916700448671887
0.09929099793616199
0.12722704499793044
0.12425281389972026
0.10530414540499289
0.17789373696028116
0.14743143734538633
0.16935248397707214
0.19375554415603136
0.2188483974529518
0.12534772514067608
0.2282174034435353
0.14450339812933785
0.18697373834665804
0.15311354984252976
0.14334451299776776
0.16617841154832397
0.10554275244147585
0.1793247901274757
0.15774949726393245
0.11096677925335982
0.12988878556642952
0.17704970882309706
0.15693717242857735
0.08872255578652329
0.16810218700664917
0.11880561574231494
0.1617982144065211
0.15490700537246105
0.20655952465813895
0.2249013846000089
0.12288603739187604
0.22047120014757907
0.15062009515679534
0.10284152435843431
0.13107773673722062
0.19179852394401514
0.13879948679800552
0.18607459134059545
0.1916818523717679
0.23440037384666237
0.18754749876882976
0.14548422956575274
0.12257578712887998
0.16287936879283368
0.21542431525211286
0.10553525621894698
0.1380181744949484
0.19347267958058603
0.11334125598255947
0.16273912682523736
0.1136603600964573
0.06780792747958844
0.16031797002016568
0.1430522526579961
0.1349603498927992
0.20299748211203192
0.16035477594919295
0.12392920589629758
0.16880370752269927
0.14308396219992375
0.16252969424114183
0.17835630790774054
0.16642124145857937
0.2582914478287057
0.21523635466445595
0.19264562213699787
0.11721539052223431
0.16228169954628277
0.13766586476930429
0.14484352903828382
0.17120338020203543
0.1977874649665257
0.10833458422106962
0.18250146649218052
0.1541326883719971
0.04967760905356605
0.19116035156782174
0.12853619859078402
0.14916995185209858
0.19678147483877437
0.07250476742947583
0.22722053423353822
0.07315189626156239
0.17133873953741552
0.18026148705124287
0.19375335309231648
0.24386161769024056
0.15609251940432564
0.18738953761645788
0.2367933426548855
0.17539720953537147
0.16732979786235028
0.15955623819981504
0.25455445001913574
0.21382188290621926
0.13468172919742538
0.11589958957058166
0.18302776086306774
0.19782623337452743
0.19387846559904476
0.16808710245175262
0.25559132555587066
0.23084070899947337
0.2488991747380147
0.20816454767999948
0.12579529315127672
0.16374381114279773
0.2018887659668564
0.19571871913046185
0.1386688517434207
0.2143728033286778
0.18901545499919523
0.1822048279689681
0.20064085968061768
0.1950211272837878
0.19454934181133154
0.1454315859320656
0.25039004095412454
0.1713832870736309
0.15788713881279642
0.17329770086836185
0.13862603362787845
0.23944131718345618
0.06731246192792978
0.102843246993319
0.14669019561117158
0.1663447822839194
0.12347377163796769
0.13112535356005287
0.25397669589999583
0.17936304545650367
0.17408182119015786
0.18950984701913115
0.17061742029615906
0.2129097642604937
0.1847652045138456
0.12770671622176957
0.1441318086749364
0.1568809390662994
0.19109132384137828
0.22362219671180344
0.22840197382106586
0.12809893013946227
0.1311602294308625
0.16401189516794035
0.17835769781729055
0.1913320020145404
0.1540641219610048
0.16862875559781135
0.20585906490207748
0.15690257277804912
0.17075426826434373
0.16410153406225333
0.21083707354163636
0.11624618650274131
0.2541980068134466
0.21639596690777024
0.21203626930074776
0.11143364174467471
0.1653482721586633
0.20064523576104415
0.13418106871055
0.22064425386114556
0.18341287408175988
0.1837549985070412
0.17091676525954824
0.1069818700506787
0.15066738113038067
0.12922685788522584
0.16231952891717624
0.16335145578547364
0.16699161788397363
0.12999391467685797
0.21536741492746603
0.0642675040242615
0.09213368978394584
0.2495561425340732
0.17802188091512838
0.16688119842436558
0.1434582033431613
0.20181118303319404
0.18359821368725743
0.13337393762773458
0.2142779166478383
0.18951664255940184
0.16853495628064932
0.12895689635879423
0.1900727853179275
0.15213866391789096
0.18927834454974432
0.18281873333357546
0.13746172635684056
0.13922710629721774
0.13405575570327852
0.2275823434993316
0.15730422320891158
0.174755614822788
0.23607718442837355
0.14916344831194786
0.1691197845594603
0.17102539825688048
0.19206192923742785
0.2196297251295103
0.19084332721294855
0.2447096145928011
0.15462828117832417
0.142740298621471
0.15004969699777826
0.10843470800091667
0.22818461458222603
0.16083904232848828
0.1615733701396216
0.1921970962496229
0.11331170053358451
0.15225235141768984
0.18818255480292073
0.15792741574552507
0.24727750647662883
0.19026122403098317
0.1703196935236076
0.14294430066765468
0.19023917966822002
0.10229475331382613
0.11942488388936097
0.13899065692129012
0.18749292274897358
0.1194231480290329
0.21354176498468527
0.1852468336058146
0.15821508180946758
0.14234165124923426
0.16459521642627298
0.17989792012327357
0.18369629093222709
0.16820164824927847
0.07098335698096826
0.20677103446903683
0.15788631018023147
0.17155482955351892
0.14032423187576423
0.1099329819384043
0.11397911783210687
0.150520328876388
0.19146657122927752
0.08306418246231366
0.13205850195426388
0.1379102264663486
0.20270036640687691
0.16745339312144603
0.19467106050896682
0.16584582291878167
0.17488327897892328
0.15728760663650015
0.16924505689035058
0.20579812857636007
0.27086495183794346
0.10445505976932043
0.13791446348236003
0.2053934306655003
0.09797094597156683
0.16239974697361287
0.21432219348745285
0.12921528465982632
0.1443022438598877
0.23993049133143346
0.12794056348224597
0.13861139529523953
0.12686862937817275
0.10284276662675353
0.2104845083115507
0.17919873429802302
0.1743292577275797
0.08765783601256039
0.1740538575435839
0.12509379284185462
0.20685401163762535
0.18082845586476082
0.19072858897895337
0.23999139665535052
0.22653439741180573
0.2127673489006457
0.18395503994508866
0.14254663471173498
0.1552230287133938
0.15798513100376374
0.19643789769707531
0.19582728103336952
0.22935500915010187
0.17146641098709406
0.1464482467783418
0.18673250658282461
0.1366658301520625
0.18956473733940207
0.11558604456919311
0.1627526341902185
0.12962806007634692
0.11538182915753967
0.20512856000400703
0.1271437331270939
0.13096624492811915
0.17891903969225992
0.12480080270929925
0.16753443020309208
0.2271379600667053
0.1480456472548903
0.17938400099736715
0.17762256229844403
0.13899812735495032
0.11704302517768007
0.1445454577790628
0.14671842311513877
0.17188474148485877
0.09128967259743678
0.1537632232843314
0.19785828892539967
0.11922331007379497
0.1705215769196975
0.2142632685072373
0.2146902699888301
0.14877672743812803
0.1850320666819958
0.17361859251311446
0.14475234077161825
0.19043833941915136
0.1868885255916123
0.14017695610272865
0.22433694336962295
0.1947085437880145
0.1412703515757617
0.19035671338926813
0.13103926412186326
0.12666574086814414
0.21131946522683476
0.12531455862985513
0.19403066490924128
0.11614180996648941
0.20666880754027767
0.16937996177894907
0.29589978092909436
0.22361458739061094
0.13495401161630644
0.18005887507363605
0.14746519594151658
0.18310418915768406
0.15126407442006234
0.204843178989228
0.22542665813677393
0.16422311846048912
0.21498776465994424
0.1341865850214869
0.1564610108380901
0.2659622846957497
0.15651559607808185
0.2236347521034885
0.13042300646723506
0.14306245330086048
0.22932619955628125
0.1111872223354391
0.169867158516009
0.19959600290919963
0.23838963590363882
0.15738679146968118
0.2087967328664258
0.1073044544393704
0.21329415524917036
0.21087799608420665
0.188583443444888
0.1603000087819672
0.19816330922252
0.18423177666098245
0.27101449594817234
0.1416291431612815
0.1504098061425726
0.221319570698018
0.09057053646384564
0.08762221281731755
0.2210892262233713
0.1909305404978124
0.1638329119738705
0.14286528437703686
0.2024763082239529
0.19571647113692667
0.2087281121085727
0.1542504455959266
0.18726904366560798
0.16407646893849392
0.19274988338733784
0.2383333625763453
0.20366453822804081
0.19510501173883024
0.14375605279230572
0.10310637478116853
0.19284100510819968
0.15707403072069603
0.2660910245599585
0.18407712314065677
0.12046836632799908
0.12819417123484705
0.08258461561344144
0.19067302068885228
0.28866564831717345
0.1684657410767382
0.16524765935542754
0.19860676458091583
0.1773543049583451
0.10910334975582622
0.12599083859257726
0.19779149616658814
0.2270646130683749
0.15483864511237957
0.19453136595327514
0.0964799303130576
0.20842790970776937
0.1988680702368587
0.12423290367576313
0.19439341427615126
0.19324636611591994
0.22477846519447758
0.10553183995223704
0.21332453669485898
0.1723708421258716
0.22513549638171687
0.16966251370372284
0.20215029926587041
0.17651129012428177
0.07666371949031991
0.16511709877747682
0.19398721197050545
0.1845254104864598
0.22349703290448616
0.16756718782763586
0.17115293687664432
0.23644478090013893
0.19958490436779647
0.1563198642865954
0.13024511615646764
0.12297482075105964
0.12159611383405419
0.11258209347258266
0.17585968243770797
0.2276173002165466
0.17743670782892756
0.17489252393759364
0.21150695662519217
0.12164313570482821
0.2124248971985803
0.13233402487322707
0.18246912556638953
0.175614359850223
0.19518304826752203
0.15840726651709494
0.1805375011070444
0.218545667470092
0.14484953297781825
0.16961782985966764
0.19094251886577024
0.11682077382342942
0.12431547295102427
0.16740971069769606
0.18718938851551903
0.15822569144905815
0.21058284869201224
0.18761788109900837
0.1522425571838427
0.19734100964825346
0.19544594065966844
0.17834037036336817
0.13692417161385753
0.15434667565735166
0.1868242208237216
0.21134890139468682
0.19826412098520846
0.19990853268041564
0.1848490876817189
0.17680629543131351
0.1881571245443556
0.16564735619661777
0.15991074345676864
0.15326246331130935
0.17829919611609008
0.17759476465057444
0.1794986402088141
0.14653615136560016
0.18387387223038634
0.06342377350090207
0.13469917528875383
0.18516997395981558
0.17040000890611207
0.1641169050830174
0.17709390927526727
0.20663553584985886
0.12499456708519044
0.17091098749172737
0.1445774516126945
0.1687726852754371
0.19143445812561483
0.13283773430548879
0.15986670495054658
0.1975976582888288
0.14946757588709073
0.20094651169785324
0.18992418093960461
0.17125249251854233
0.2146619497236983
0.14035948034201298
0.24644844197850851
0.12386469800573156
0.21211079220641077
0.14450602082633782
0.24038101840682136
0.12365111066761723
0.1675133291091613
0.1910778065456996
0.1423207289853033
0.20045126469075522
0.1672164014613346
0.1790908908231251
0.19170183093788543
0.1213813555133261
0.24308037372445954
0.20503793603937792
0.08397276725742185
0.19037122502188208
0.20007983921226727
0.18106937525374509
0.17790307671053682
0.16050651924435577
0.19645400668294277
0.20715434926634496
0.13292840300844352
0.25149729573008534
0.1794755486539399
0.10122891769267602
0.15692147633447986
0.1699005033900357
0.18928817398915385
0.18342067264909462
0.16965197649661598
0.15316722897487697
0.1839114601531627
0.17619971839447715
0.18827919674730037
0.17320661669672105
0.13194742742964394
0.1555126218557862
0.14484403257793743
0.21985898411521687
0.20976243012434515
0.2554397063682827
0.20041207131364475
0.23864133038604013
0.15723253367843001
0.170386709182223
0.14067933091610482
0.24696711474079103
0.17980342368464333
0.14632852741882532
0.19252295493988478
0.16996926572527563
0.16991567970137722
0.1208942253882889
0.19140648671040078
0.15537516713939478
0.16179775038336192
0.17901663165432816
0.17170630117380134
0.1721547904886405
0.20301417888674497
0.16210839634381885
0.1816818139935911
0.1928811887262329
0.17219809342140258
0.17184787959362163
0.1363926295231405
0.21226216709555512
0.15778514447630526
0.23158622048541488
0.13846879079279795
0.22108703363792284
0.21383961521471329
0.0956411666756842
0.19628569420175362
0.168935779123848
0.11434383739101425
0.19672439116312768
0.13843499574116078
0.15191553457845475
0.2067923729717635
0.13430162367986465
0.1980620782191025
0.16805035375563868
0.18964868732726667
0.22866911086073
0.22359040392230933
0.18858299554268074
0.28836406719165086
0.1818761626781315
0.17284696184080892
0.14381316000106922
0.1375147642133257
0.11429997158083186
0.14352770874381784
0.10673243266635257
0.19352191290185308
0.10331902851323638
0.14243762312251318
0.1667780506943588
0.1892503607212907
0.19764557277195008
0.13580379158583494
0.1519332807770444
0.14280156187340814
0.19339598546152648
0.17505348617611807
0.134775479940153
0.1743298267264766
0.17339939893455344
0.15713541997015051
0.16336316862639613
0.2407569283658722
0.23363734593570104
0.19390017224786735
0.21907235155406996
0.15018742814894628
0.19262255501701966
0.15696236913343983
0.1760147006638066
0.1349739636244865
0.20276117292804685
0.09765187308657866
0.17373647489931876
0.2181327272496635
0.1292172743902731
0.20162061700756442
0.20606713284691683
0.15842788729077792
0.20336442941285754
0.24072207528948458
0.11515495004272704
0.19388788929390785
0.18842905615154967
0.1846698799463365
0.19415611401601743
0.184222351445318
0.1342477281104621
0.22486834335032035
0.22703188309825842
0.15189594333708203
0.16310025434305397
0.160102355895607
0.20939448428518737
0.17286837339613015
0.12670366474297415
0.18913604866579803
0.18489120370094092
0.16795625788399643
0.17615843693564795
0.14629300276927595
0.19949301819797388
0.17050541457522075
0.13647305367007037
0.17368619194265264
0.156407590001789
0.15200276708373475
0.1899594526754659
0.18952489321559376
0.1372453302138032
0.06351213310581773
0.16969254699027156
0.2824710762134161
0.12738650412015332
0.20123256139508588
0.18143967636686253
0.17530788565093
0.2081230611665335
0.18725959663727612
0.14600512460348788
0.18673343353850644
0.21100402444411787
0.15104821885122827
0.17583115797370377
0.25370055562843324
0.21826852982214728
0.20365246685500463
0.19808961444406206
0.19736634359667574
0.13936625095689775
0.13972497539547704
0.11479506704285522
0.16422168355273672
0.1986146203127391
0.19409101156433559
0.13049140114710284
0.18150156323299713
0.1316739813567194
0.15814092917403233
0.20666439973028622
0.17974892579955043
0.20170701551849524
0.17284898122281997
0.22994611049866603
0.1259827169768341
0.16560784858395478
0.15319008784326327
0.13732920675094434
0.16895118271634604
0.1689028188689812
0.12695942249427467
0.15848141444013084
0.15034459224154015
0.13180583885956804
0.17138730616283504
0.11671341955447541
0.21227432525170079
0.18461451142790408
0.22376832214981998
0.20005279597810857
0.15591875506012698
0.11724592429306938
0.20928017162946522
0.2190379449383432
0.17144464088431982
0.16110032571939692
0.1869687199278341
0.15090295342280247
0.16552313305013291
0.21044384707744462
0.1354629214819862
0.18660494824224186
0.19052527129888946
0.141358067417732
0.14962264712648826
0.0994934327475072
0.11608417305695876
0.14594183317569223
0.13809125490265184
0.20910256781492492
0.13338867480059846
0.21479192358908558
0.21055844498902176
0.22255830680150962
0.11870134101180216
0.2454596868839323
0.1632400513529924
0.18087875091583397
0.14633066989659688
0.22404643092823903
0.15841393164423923
0.14309910768801598
0.19573143921006458
0.2171336055566163
0.11201833220869646
0.17932990901317292
0.20541779250005798
0.15130391712888316
0.1659671512906387
0.19437037702015583
0.11242126654088835
0.12424185139904406
0.10520231059553213
0.16319257435083812
0.14112558345779308
0.20591014092614246
0.18940518678247278
0.13825116495524947
0.162128211615143
0.151103684493318
0.1595352597800888
0.18712504250593864
0.16272922773219436
0.1717528902189969
0.1847764004876963
0.1581372931355475
0.17698711999755137
0.1073869870711777
0.2390964084953745
0.13640519307272195
0.2079634731459573
0.11829265637168845
0.1601956056356337
0.21145557007876029
0.23529359905337177
0.1333222249265221
0.1608955817119384
0.14903157738449413
0.21783063185409585
0.19695426897998694
0.17213129624109236
0.11384476148629252
0.18917473742873336
0.19140711227081372
0.18900580903425485
0.11421104237509248
0.10942493914061108
0.12242860772245437
0.15427224836026152
0.19964724180927854
0.14997442743513859
0.10290807894291346
0.10091634216883925
0.13222680268639248
0.1753925214279866
0.17135124995080322
0.17417732499355987
0.09688028756488136
0.1706233075520818
0.1568797238015474
0.19089135475403238
0.11582040423436371
0.19775669479938482
0.18042186949285693
0.1253849908101467
0.14044652933221802
0.22567792988228902
0.16529777339471294
0.17953374952680726
0.17718849451408786
0.13667449303784934
0.20448187444775018
0.10333325926315068
0.24164858801461858
0.17644768846863854
0.17516807337553272
0.1980678028983246
0.2286435883198201
0.14775496150754183
0.13242691707008175
0.17066298438591718
0.15197667407105864
0.1365659342523604
0.13408443312148088
0.1336278430423654
0.11172751752677412
0.1279922195021109
0.199195855839161
0.14672022626918213
0.14929555547697657
0.18326273557673842
0.21931686413103982
0.17349162179655228
0.12902477657167827
0.2020772637445461
0.08678202383686483
0.08557191791714538
0.1996545904772515
0.17729169130918743
0.14433104712003886
0.17892063457003865
0.07541455089712018
0.10550485361102008
0.21054274883520652
0.15520681383350826
0.1378423669671248
0.1787662754803214
0.11946471074742679
0.1542979526766482
0.09022714635636918
0.1448755933611357
0.19085875871265562
0.17385290703838072
0.1638761274119815
0.14504602376669953
0.11335889759502446
0.21167229194395806
0.16419292193175172
0.14069473299462945
0.2209240919087626
0.1390722312191803
0.13152039437718063
0.21514467250599917
0.16535659385372595
0.12338316996287066
0.18221678351123877
0.24411107947322652
0.1453040851224887
0.2309478703460003
0.19409370155174144
0.1613989317891036
0.18508112963943912
0.1372405244074604
0.19014470988518373
0.1415529428494713
0.20348170838734989
0.172379661986833
0.21577078698170116
0.2122375148269277
0.13429878188137434
0.1259642363191818
0.17957397640781828
0.18591873226042885
0.08850047052864116
0.18665765535100762
0.17090924849247582
0.22563972116486955
0.2301620823012941
0.1407951787960161
0.09717891804464115
0.18514168789952773
0.17904336354408124
0.19756821706229638
0.269175318866214
0.22899969935885528
0.12673318710146025
0.08486420909018073
0.21408780385863463
0.22210365145819144
0.14760845925740687
0.20386441067998612
0.1987063548789358
0.21690880885581018
0.14035298716967326
0.17354154116344797
0.20919685860140066
0.17436335722209842
0.13932063318069896
0.17649123233791472
0.19581033698063713
0.17080793254847187
0.18378972112801598
0.21932071251715415
0.1397847683758536
0.22800399422410197
0.22733702232969644
0.16501154250597222
0.21155919734338624
0.199371192990629
0.1737898665969448
0.20420253638024577
0.18648121261154652
0.10849393685444586
0.14933665943087476
0.17877223814755122
0.19700088088533352
0.1358263865803646
0.18004179076247107
0.2047058174450746
0.10336003344978856
0.13701330681980067
0.19445272513792067
0.1796456405327129
0.1403316995603957
0.14466557446769662
0.14667620177083768
0.18363833705293178
0.21489247055961913
0.15705029973108695
0.20528271280546254
0.2025458731668134
0.15067492246098274
0.14514716307654169
0.16280429045588757
0.22272601206582776
0.20240679267177294
0.2019349517273129
0.21906795917196867
0.16905703926477303
0.11706900627621122
0.24775431810321974
0.11138931259624082
0.12536018903622265
0.14370015646802495
0.14789865295769605
0.06549852453469815
0.15078955233108404
0.17871051850301709
0.10095232295136654
0.20858379317004158
0.1789303822927637
0.15820202798979788
0.1354736194016678
0.1991169572194911
0.13815682560927525
0.15915270806559634
0.1702976830641176
0.1729369808612591
0.12036012237962398
0.17441168964205736
0.16715399126088878
0.12317253515673673
0.19471470806264174
0.24996753432620986
0.23868476509329184
0.2334983035184153
0.1845803872674214
0.1602208535790748
0.16316140598051224
0.19108095031319602
0.17090524178830863
0.2072953759933363
0.13784140661386937
0.1522304211789398
0.18351812900821635
0.1834031213394288
0.21805226725272014
0.16894310451642722
0.17438541479428057
0.15203886602557456
0.18876663207125072
0.19321504001596318
0.1989464622494901
0.15305536748216825
0.19918796175071635
0.19094268980413084
0.2535757187527915
0.1386465583440628
0.19015558861900142
0.14117782580774935
0.17799490673727106
0.19578600587455952
0.1415352195137889
0.14071386876521022
0.1824830838851341
0.17352273774794952
0.22192811717044203
0.1789122043134194
0.2282054469288788
0.17661564176565844
0.14112277542704504
0.1509842209358297
0.14553244675613597
0.0991967368036699
0.12586458339142154
0.1240233909548217
0.10921085170544584
0.18435775571417598
0.21552004356404433
0.12923182545749462
0.1387079792779845
0.15677782024377593
0.14777865153660413
0.2127488525195495
0.1323331686655072
0.15299375696702694
0.094181880096003
0.17356657161246314
0.14849932890275558
0.1640429664496425
0.17825732158047836
0.16076941074623402
0.09026801137221907
0.15278090956324286
0.23774867367438743
0.18511851354453293
0.15928850778898682
0.19897529546591533
0.12207461945422626
0.11652992517711251
0.10928118801490228
0.13697787903574418
0.14216032190989447
0.15771016494188336
0.22906532508561392
0.14214262734576488
0.18090067349338523
0.17972488493822367
0.14182407162519556
0.17606755079311007
0.11904209539892893
0.12793037724092604
0.15978687138671893
0.1115814252721048
0.21632091276988924
0.1305809229138448
0.1370709660687834
0.1350949919035824
0.18004930272260256
0.17475719071760182
0.24133075584773878
0.15437832011111965
0.1016663439377048
0.1688714745502316
0.21438975526339496
0.17991852167668262
0.1782525162771262
0.17820667914516933
0.13725492950964605
0.14688677244999726
0.16512382336497367
0.21301030414538108
0.08326723843321761
0.1348269058771045
0.14460073934008505
0.2618881393120848
0.20894507104445548
0.11375344945485896
0.23379095006333436
0.16046718973074456
0.1848345800562636
0.19349405817532905
0.23490254556484214
0.10833859719047048
0.2118298048305074
0.14833744202007518
0.16672983727151372
0.1923142494552707
0.13217802353454808
0.17643347614061897
0.13897147993738743
0.1438785420381089
0.19927652773513532
0.11468483266311509
0.20729571471973213
0.14858913630225606
0.10204116501609857
0.23956671800527157
0.281585520117907
0.28840243243003205
0.11252285646166493
0.20257491393511629
0.1620891577518417
0.1692829043005922
0.13591936404972332
0.2164182872697735
0.15083868563166386
0.11991679011108478
0.07901090202613192
0.14837509490755885
0.21199450821380084
0.14590274624150568
0.10942831335178922
0.2188936781143802
0.16688377353248854
0.20303976627795284
0.1767267770261381
0.208910296825082
0.1101229990222655
0.1780491011172493
0.1168817193405656
0.15271021985832683
0.19924936693258186
0.18019333157990636
0.1721469799910862
0.11162527573740426
0.19316342533591524
0.11058123532709875
0.23385702678409537
0.09980809377674145
0.13451986486165446
0.2564880321351467
0.14230656133023722
0.28626005024807855
0.11332602832985145
0.18715274278151697
0.10842700105829962
0.16272267297679766
0.19434887091194308
0.18472285408359207
0.18785830275061102
0.2523787757904023
0.17435261603753283
0.21108868507252893
0.17490161109800162
0.24941801360221683
0.18578434067061153
0.19258806647824514
0.1190369768261017
0.16938539859690724
0.20778996167180094
0.16178125043479755
0.2277838959946414
0.1336424665249575
0.15411267107943594
0.1468917381747586
0.1427914920638083
0.10651495030438753
0.236623374094856
0.1295115291642772
0.1787878696238253
0.08557424162285472
0.20726312658903256
0.14172225983158393
0.20298063039034867
0.18240555550093723
0.1581675808026536
0.15602097619822436
0.16670482162787387
0.21537396865122516
0.17549011571492815
0.195072432084648
0.11893180351915462
0.2841012225279991
0.19016989647403162
0.17571628943918874
0.19794071137967195
0.20173453109915934
0.14974726794549928
0.16941782172411715
0.22222541942040316
0.1275659788475347
0.13251681664995157
0.197217382014385
0.21273055009426323
0.09731453799279335
0.15191280943411578
0.15491377154222333
0.1763112738714321
0.1560100031855429
0.1877156097259976
0.21175897827586762
0.12309802890369245
0.25778378756804915
0.2327490536677497
0.12788048187415035
0.20683485713777608
0.1209364781404437
0.17154456571889207
0.1891639955100725
0.10263173011081078
0.13115909593028258
0.13822089209418234
0.1705631735074241
0.10419253314512003
0.13282750356825027
0.16441606689192118
0.133406965290216
0.2161409732363543
0.10416766190009054
0.16272973989757605
0.22475107556022814
0.1909851311667682
0.1330511313051891
0.17420996371592506
0.18227120541645664
0.1969192210640137
0.1589572033562191
0.12724957407265142
0.1697929763354729
0.1611192476498671
0.19900066902436667
0.19448707693371237
0.25785722845676456
0.13133610768680598
0.15113070405345524
0.20831820164218615
0.18423260832243443
0.13203401701662176
0.24519063118628515
0.17219382633529504
0.11885821222394236
0.16975955539034415
0.19391208527932238
0.17997500826645968
0.1703507332919295
0.13725254295888756
0.1800316032772716
0.1927967821853373
0.12566266052377476
0.1506057978403362
0.18473534389601232
0.15283265076343236
0.2064785106643191
0.18843021385392597
0.06580288971343427
0.22238974015102633
0.14555576180329405
0.18568867401243508
0.2669563689232564
0.23712958661593359
0.09982608284695628
0.2001221060198862
0.14831740309227942
0.22328290450631186
0.13234967586909807
0.235216969189953
0.22004198664301894
0.17716374156447173
0.19357064998471435
0.1403048217755866
0.21051968200348947
0.16455480619948826
0.1431454898759055
0.19479333746027921
0.10818459856371664
0.1480945814229976
0.1766318350248418
0.13503286639254966
0.1974551925052203
0.12963665025258536
0.1841207140629565
0.1613795374035853
0.1670847729622486
0.12233701610430996
0.15044928729948293
0.15854541118659451
0.2523538006327174
0.10817392480858325
0.13515529807087773
0.11990931619342574
0.17050912459451487
0.13612619997719763
0.04400099053213921
0.21614757740369908
0.1862169215185834
0.17871723253316876
0.1723888205045122
0.12160723539726814
0.18367561897127938
0.13427892129080868
0.13494256191835402
0.20125404060408386
0.19792170240159448
0.11751205745656658
0.11692434067023408
0.15150795776800444
0.2648147797615955
0.1853120890894781
0.1553014700635113
0.1067117746368972
0.1351202949035405
0.16390659811138308
0.17492588310739676
0.2086498777217271
0.10644294685083122
0.12051328652917756
0.1066030651084471
0.07611165757425169
0.12191901012768588
0.2319088982364119
0.1734720109384352
0.17177001004620462
0.11506442850840029
0.1521185907818258
0.1859371495757537
0.16371915704097562
0.13881469222301357
0.19920504186222027
0.15272622002926214
0.09400535201950891
0.15875095366056224
0.13191843913664864
0.09880512051881277
0.16121899892692054
0.1877839767053708
0.1619521800795421
0.2527296634584204
0.13732752689040673
0.19497780170109671
0.12953966316889015
0.21936278265522371
0.1538091983626432
0.16275240490580856
0.18232155878996298
0.22099687861381678
0.1610301394363605
0.21383479275961803
0.22499303043262617
0.21949693950438495
0.19437410750923517
0.07511139586452348
0.15608194750556637
0.15660724811473928
0.18616484848106188
0.25050292235823385
0.18399938104194294
0.2432776389153375
0.16236126750412896
0.1319474120894119
0.1409055122277934
0.1878943548049196
0.15997906891687297
0.15298831199295715
0.14552547455730147
0.16065370711981922
0.20852627429065881
0.21185751761787472
0.20110185815090803
0.18939610021261527
0.191282991429529
0.15195818162493968
0.24165143114275597
0.1448610461276811
0.1707509883425113
0.18562717985493796
0.17942024277197655
0.1897209210487663
0.1897063166936969
0.1763484757844987
0.16200793508058864
0.270331950154106
0.11524380794817302
0.17848970389757596
0.12976509570795408
0.16256337344653085
0.1966043766173462
0.1768445136041848
0.17671312552375926
0.15715261634216016
0.2689216500179133
0.11570670992144255
0.16719093372178093
0.16845882293075348
0.17982539414474213
0.11149639452877581
0.2069580250070019
0.14146382940487345
0.1468780132301357
0.17216287983312759
0.1494296693694834
0.12283991200670229
0.184940631114981
0.21104049636329503
0.22214952904603597
0.18502616452997764
0.18545050698712232
0.18422143221418624
0.19427028446325398
0.1919338464459184
0.15895784599864768
0.10107789466013044
0.12639279089485078
0.13717773061602934
0.1557772982704784
0.15133096141440355
0.10305624591278982
0.27807252099210433
0.19717910097013383
0.1792383108467059
0.07187276559245494
0.21003226606587816
0.22107253017434475
0.17302396640778533
0.17396227060405317
0.16386176649714213
0.20506581092224702
0.18549053357759904
0.18718555437621978
0.16581895182015033
0.1868154766173436
0.16787680412744893
0.13540487781017024
0.12692654845011708
0.18393380869603373
0.16636739220715369
0.16789802071186213
0.1346150524571207
0.18834422605538098
0.04383679969316445
0.14345927543437734
0.13123216451109615
0.18849158081110506
0.19848702572200394
0.14823713838765862
0.12802853607271628
0.22851881806329746
0.14473543881940715
0.15467251755762051
0.2121599091686534
0.11928907217140272
0.1819338865115933
0.13551212094843473
0.08195777765631523
0.1481717608670809
0.1182102356164446
0.1655639246523115
0.12050750757165969
0.1524079538098268
0.19832116036460956
0.07478955759737384
0.16073717638833124
0.07780006582082981
0.13588413258881948
0.19151275601728376
0.215133465462058
0.13079265695015657
0.1626748301231203
0.18201194294938028
0.17117329557220406
0.17897343710448305
0.16412470728969203
0.21907986940676888
0.2076084670725156
0.23901635981667796
0.22187279968142803
0.17262719610060157
0.1713076219961344
0.19001550244289797
0.16186813521024496
0.10937826742936636
0.1974431240735748
0.1625925128509078
0.21298396335811529
0.11955446797460642
0.18287580584427363
0.16224298216272423
0.16698324506458945
0.1300426000622765
0.18374398085593463
0.12685001456196976
0.19311617067747716
0.09687962680225096
0.13486881874603973
0.12385683287556104
0.25252756465019727
0.15703025104443555
0.14770290583615062
0.1950196594426995
0.12792375029338499
0.23246621193509895
0.15027787652988334
0.10683512905972976
0.15983756246223238
0.22731847179918568
0.1640026211424239
0.1405453768913276
0.12858902748751694
0.12796775949951147
0.1598761315096749
0.1877860416933869
0.18549407615505206
0.12350934067642885
0.10739957330948573
0.2087416597085772
0.2051112583131866
0.1712797393115348
0.16179674810781747
0.2202201932701185
0.13128561804584443
0.17819230515843487
0.14854290708362497
0.12153732466320166
0.1923570386553696
0.1664414361947692
0.16725871769295694
0.13711914253287524
0.1716795246053317
0.15434787635286107
0.12095392717405876
0.14940211143950113
0.1543661981656901
0.1931154304150819
0.14825963931650601
0.19429358971910865
0.17048566386457617
0.1658486280875146
0.185970597925998
0.11022561398701511
0.1253980276071727
0.13860346512594127
0.15470451875242433
0.15741505741832126
0.20353722941607238
0.1311496286820258
0.18790264488314276
0.19252619022317102
0.19716593902686919
0.13781984246828652
0.13238214462432263
0.20358877076125023
0.23179372972045775
0.13991730885017778
0.20445139598139875
0.1717900424332846
0.20395924955084144
0.14591578653051632
0.1814410411701753
0.19658608216151707
0.13281896025099918
0.18000037354552872
0.1718396241286899
0.19156249281365656
0.178085219577108
0.1402581265988196
0.1536512435948132
0.17269234933598193
0.12412842957652631
0.19595386786297847
0.12739295054365496
0.1567808322239864
0.17432470367771696
0.1367065409571599
0.14500747063139693
0.1950094356759251
0.1357833011216382
0.18964369467652764
0.15675766770950633
0.18114142642125441
0.22493145661150243
0.2382266755214707
0.07695916719256876
0.17153930360855998
0.19795889884800352
0.126453932764024
0.18877153090282872
0.18635110346363143
0.15584983730757118
0.17084775138970892
0.1839017908213801
0.1370547397385375
0.10425434378960015
0.09529482442596703
0.19872418536868788
0.21524568333040797
0.15013428979015808
0.13627757688072858
0.18094279730005733
0.22525434300554606
0.1931901946743713
0.1823605995736478
0.16862945305823118
0.1526343795283754
0.19436346044454228
0.17471603009761386
0.10285612119069092
0.14217804247882407
0.17139026062246154
0.1426140694410104
0.12776567848936277
0.14540777273681318
0.18175768113104887
0.08513004851316698
0.1559758257504375
0.139084050915694
0.12029521002003973
0.2056800803407247
0.1598592517286704
0.170166444141217
0.16133384014709348
0.20558381979837576
0.12865502537124543
0.2490601482306079
0.15727878055602046
0.21142494106455487
0.15642029256831658
0.17828869923800159
0.17692770132475685
0.18239942209169066
0.20852768624515525
0.21254486844676276
0.2180484529956601
0.19983901626174858
0.1361457323631229
0.20422720590534313
0.13212822772939484
0.2433933023961532
0.23974410260482737
0.17465647200541978
0.22126170249608726
0.2704576752205792
0.15261043516590103
0.1638607084073262
0.20613612705731274
0.14145625976735376
0.10628766371942668
0.1640834217387583
0.21251034773572042
0.13470861673110612
0.14117451839370065
0.1659198347918385
0.128528106743971
0.18819114029727588
0.1309922829068138
0.11545385234559587
0.2090821341855989
0.17804604877757332
0.23435122579410358
0.1627766373336517
0.18516269743185162
0.18143786455219346
0.13758621666425758
0.1603536037041752
0.17789295691407092
0.16488099748228693
0.12156291704532708
0.1934609639447596
0.21472127359854992
0.12752531864959601
0.19338521464169478
0.11414239538064555
0.175206172222714
0.2139494855751594
0.19603554924759023
0.14645194820150062
0.19816104798959014
0.2058783684719712
0.14076496813265224
0.21556061797582002
0.1796536866014225
0.19718572695282366
0.18203637707445844
0.14049147665481126
0.22306889677247654
0.16213102499856027
0.168378140100157
0.19150796223842073
0.18402886151822423
0.20295465585465883
0.2176413570693962
0.23048227380863973
0.17794619077431634
0.18101022545240233
0.1606104753197873
0.12510802286419326
0.1177994915574882
0.16396971844272346
0.1360102036737235
0.21201725672093744
0.11263413618643857
0.1862948666372919
0.18522224576968987
0.09451101685814982
0.19335273013502524
0.16575979614660427
0.16837135737410389
0.21483263607953437
0.179434976657317
0.20044463155476644
0.17394810071666358
0.20843019130746138
0.13018569182567089
0.11121418673007033
0.17583874186605994
0.20952917522673045
0.17119041978584537
0.11344122807952534
0.1983029101897461
0.12676163842193794
0.189436510368776
0.18178027281673492
0.19965430516272567
0.19138891199619174
0.13650625044757633
0.16234154394113015
0.19512511293798898
0.26314507821386335
0.16185377364727274
0.16655988059586782
0.1239599232907844
0.20297763600593505
0.07733558801511511
0.1413808949955535
0.12392739569598803
0.20041854394013606
0.1347113198947727
0.11965620432607446
0.16302795785794644
0.10958370100142298
0.16781470780156565
0.17425723870468066
0.1759779273522277
0.13712534305638407
0.18483576659294187
0.12392176563184437
0.16815651728500747
0.18039487977603016
0.166322266536106
0.20197480040894772
0.17549840278576828
0.2708042585751158
0.14154750588165424
0.14863604770461014
0.19542311857889566
0.17505356245074738
0.17223780289303084
0.16068936066020628
0.2061873495795309
0.3038439415504605
0.15954697787834624
0.20717557474825093
0.20397528480861332
0.1490242477081442
0.174405927728351
0.21190404067543195
0.14948988372815275
0.18406827516297988
0.2118865492162624
0.1459941861869753
0.1999416172678113
0.16105825090355638
0.1849205468831247
0.13325866140514436
0.1451999534719519
0.20326035419869629
0.14984150968162369
0.24789714492169052
0.15315760439471718
0.14868689956627118
0.21505285354840561
0.13584388374079648
0.16004505435887753
0.17237311417482962
0.15025858430036662
0.10748158645609358
0.2062100535110566
0.1062770123707922
0.17754854878403237
0.17690998995988227
0.22951208978559776
0.15510001061841958
0.16291709628095483
0.10946601464036122
0.14725490121878107
0.16574588510721638
0.13736193933334084
0.18092312822922949
0.11229369993201863
0.12696488130864758
0.18378732751637217
0.18899866068116178
0.1896125525997273
0.1980472755009963
0.1522036927748749
0.1983028104312797
0.2436970352417706
0.14628943990582766
0.1409132221998643
0.10042682159788754
0.07645185663029175
0.17253821082790785
0.1637555217047832
0.17149971410871265
0.21542895411059781
0.16283106460300031
0.1500031398494936
0.12714075780393963
0.14895194686751873
0.20078759750068872
0.16050692049110088
0.22027546315519386
0.11809520002892993
0.12559057248699557
0.21214036106478035
0.17118917726719288
0.12781316977633925
0.17438661918529894
0.2176641940378242
0.16384420994700327
0.1572591085714118
0.1773127304801852
0.2033920699700401
0.169412189544233
0.16323785395325333
0.1679242663454324
0.19372506290802402
0.21370200308195356
0.19018697898044387
0.23773949638257738
0.16322837177490548
0.21417339572261587
0.2293677256857653
0.09496656188654944
0.14282709666861296
0.18218465094424263
0.24305007652937968
0.20199694321975908
0.1203376123335979
0.12585428215415126
0.1584477623814745
0.09069544986532882
0.1377852031298018
0.12223960045492863
0.05871852028281946
0.21663488293476207
0.1678333098286484
0.1725889511149124
0.19282541972657846
0.20410601300286013
0.2698371499339932
0.19201615656555718
0.12557960225325088
0.24072021111971967
0.23432689331900847
0.0800252714120383
0.2056339474491179
0.19194469735063097
0.14939150681534288
0.14486496838014337
0.18923931312497233
0.18507072407124772
0.09736971001493665
0.20366229068533928
0.11813149221436417
0.14485274061330605
0.1606164846399336
0.19151622754583913
0.14039371651708088
0.18661802013316964
0.15656133588157764
0.19232185223797246
0.1266059416137864
0.2063769743820029
0.15593056881968806
0.1474756677608821
0.10093901648755751
0.14024351340425859
0.22118405171915584
0.19184431338536823
0.09715826947785086
0.13766476731760924
0.21167420564601502
0.1798581733136604
0.18031605237861448
0.1593180278498763
0.13227646207500288
0.20281306045828695
0.1797618389865208
0.14688859757791406
0.14426111891732402
0.19622979018219222
0.10377714046674004
0.17293858813959342
0.18425322669186783
0.1233134232087722
0.1322611760266832
0.1941818827253064
0.1855807136597641
0.19263320300413064
0.21050935297593992
0.0903817239058023
0.15480885281585113
0.19217478039965727
0.1747835493261999
0.14336108793487917
0.1852991507222847
0.19010311227845783
0.1785270021342893
0.1660275073427615
0.1827947983848119
0.13789818469588433
0.24082808676151882
0.17203625344971168
0.20969789449970855
0.19775611619666214
0.19922776180668927
0.11755016484363795
0.10217186322615325
0.2224530673147604
0.16255933428293576
0.09253003912564602
0.16155401039624986
0.22998156886077406
0.17761925533247877
0.20179797728045712
0.12950501325526848
0.16894304491112525
0.22622576960010551
0.2032204280209192
0.08349871371464464
0.19763055618583686
0.13141172342059596
0.231548892402655
0.2375004315552133
0.18327789839767591
0.10670490351072842
0.20117278694664
0.1646690315279526
0.18639084363144004
0.21516549753982733
0.17941722939525062
0.20655355514992696
0.11891395892546924
0.18453249525853885
0.18748230719976422
0.1657417784440326
0.1306047006029507
0.19138905726369076
0.14373591750586645
0.2190855385513968
0.1938338775308631
0.14456354917506867
0.1378372733302367
0.1981451041421232
0.13938618079089532
0.2152652245291501
0.185341214610183
0.1812019855737193
0.23065168410061498
0.19590743614095402
0.1133835873235173
0.16283554492995425
0.1915607336960292
0.20456311063750934
0.17642873889904942
0.19638020546294133
0.13974740318550002
0.21337947171931093
0.21159207412943068
0.16877738814962231
0.16925372198004263
0.16822791660871392
0.19112460009380688
0.17846374575471302
0.19654046798127575
0.21067639130061372
0.17840010270356998
0.18570429297541402
0.1761307233701174
0.12103955637226269
0.11165474645361231
0.19330330450944427
0.20644796665125792
0.19576932846863487
0.19371349260199416
0.17016877230644933
0.18920257801884166
0.23691486111721324
0.21663613538802504
0.22159419615780007
0.1686382958732848
0.1543835904212854
0.13953158908626268
0.14377851596358326
0.17426382402903895
0.13761108536587144
0.20264675300810514
0.16737077368236214
0.25122439562219534
0.15612855211064386
0.10808150093003674
0.12038130724444965
0.21179951239785194
0.23220329094986686
0.14111644420487837
0.1522602483467267
0.1470398943679724
0.1761989166631272
0.19405947474400997
0.17471496305814457
0.1824512837100589
0.16624141555397143
0.11141216267543835
0.15189056102032503
0.16383922070640036
0.148243782905863
0.16501863602576497
0.1971083756835705
0.19959404637944744
0.1478083664089997
0.2037116245724323
0.16050199714287608
0.12957314702381034
0.15508684187226113
0.13069310550116459
0.15662730349165763
0.1824233831781778
0.18072117122716053
0.1343513238525761
0.20530364307213295
0.13267161235830047
0.25742726796717763
0.1305695220925983
0.20079383973850976
0.1937581476953194
0.18918229111747642
0.16775872118033902
0.14626345111420977
0.11112827207003156
0.12386581636290919
0.1858844632313789
0.15229165679828752
0.21821854781895217
0.14393618659840418
0.1856907723607924
0.1346793859939891
0.1690609316930879
0.19491171708937205
0.13272742560823542
0.14401759128770994
0.1717414392502154
0.24545237900388145
0.171722278149097
0.18803864564116976
0.11426116992140373
0.1921477258178057
0.19116159262713606
0.10044297388777222
0.22297073357969016
0.2040429477083702
0.16704486328110624
0.20013449312916778
0.13707033025944992
0.18120260129793908
0.2243857779222103
0.14793131759580144
0.17665080054826326
0.08738079982389196
0.15941361868880535
0.1837992378984894
0.19655156161653556
0.14040240265871798
0.16560726339242088
0.15389535227818266
0.15748532751058847
0.2174361606106138
0.2661841411424369
0.19479381655809036
0.14274121564703812
0.16163417935548832
0.05139032808995579
0.14921922608913268
0.18684350617727344
0.11214016620405118
0.1611185516457995
0.13258314531342963
0.16447536663222437
0.183748744011244
0.1858891613158718
0.1717991157414622
0.1834892768704166
0.16641827826286273
0.20183917956440886
0.1794971476948191
0.19471203818068492
0.17250578673354452
0.17793237036376475
0.15107221575798097
0.21923071004340014
0.19711486262701539
0.15494273615291804
0.11734571072782757
0.13593933119418805
0.25175828068954986
0.20499947604896296
0.19630564152273144
0.08650464458313888
0.18302906540518313
0.13862596634212354
0.2213517861721282
0.14213936939418903
0.13080275491237403
0.23023882521062367
0.17298307522244194
0.20561771195476658
0.19296355396150242
0.11205681536026707
0.12256958277029775
0.20705799502114466
0.2070421087181268
0.12559682307514602
0.14659006745089412
0.1397431669810918
0.23362528621155615
0.18230668651430285
0.2111095801754458
0.14845225176081156
0.20314998915817695
0.1687241782054661
0.12358960848852887
0.19581828944318233
0.17166943207295077
0.20174968159573345
0.2145953641593644
0.14896606589201616
0.07101152754237344
0.2028907119742414
0.14313066050006903
0.12396453300396812
0.152665714932306
0.1962730149199301
0.11878964511201534
0.22039076605746233
0.19729589049071966
0.11776402978616646
0.16428964734531448
0.1572246033909945
0.21305788138319862
0.2472678487504653
0.14417255707505652
0.08938940637483328
0.11861935837255372
0.13132442652062012
0.2547430821422526
0.14980428162959433
0.16336949283334876
0.21940240326042265
0.1620517983321927
0.19011218808218852
0.18229048354674407
0.14050449351225613
0.23914784061897276
0.229090477274813
0.08391875120604227
0.18858864272353293
0.17258813876417206
0.1589678949785339
0.1506055714373968
0.11931473366166824
0.21977756757858033
0.0736742743168366
0.1802307023611965
0.15585416943628333
0.176127773665788
0.14668543540823553
0.17741828834965395
0.11548851328743506
0.2870939498362008
0.16487929744093582
0.19470214117076862
0.19315115473348826
0.16981547217349807
0.1555317912059476
0.20967026769884944
0.21899995328966632
0.2486342660969758
0.14608506227063867
0.1648161349768824
0.19901591305608152
0.2752331126521435
0.21173571418914428
0.20836530352915852
0.08386420068787902
0.16951922730412405
0.1880087715720056
0.16763268040108473
0.18250961242382654
0.11604482486672113
0.14272429026875555
0.14760439638795295
0.14359567639868936
0.18962253965108639
0.1981880838095196
0.23667452115327425
0.07704489931649428
0.1761741776882696
0.12295935667476865
0.1340779944497568
0.19329947765367514
0.19380446267844476
0.11663380853903316
0.13627250753965897
0.09047327787015799
0.14503585731311863
0.10979524239721111
0.24409861882774214
0.17914413071708435
0.1844533777954496
0.24354948415565325
0.1736421135858965
0.19695902504016766
0.11163037583527924
0.17815356518824396
0.09849685661146505
0.1772654161468553
0.21094744222968836
0.1954745945938976
0.17634536962767483
0.11691964796331947
0.14474141711048216
0.2059557749378767
0.1332784561166051
0.17348859110344236
0.19833928613967836
0.18606903112121687
0.13347896729059042
0.11120973842931405
0.18454086637034897
0.12292742726435338
0.19415234081590943
0.1806056243553312
0.18886463889200467
0.20249460139218206
0.20002771576815598
0.11211151529946041
0.15593853584798523
0.22707357107322776
0.17794734923110841
0.24865305992919362
0.25689279635265944
0.17907915214987882
0.17093768259771694
0.14043634084315887
0.18001489011441524
0.16316086407760014
0.1577632215704886
0.13354283999123143
0.13858456991412157
0.15698449031767214
0.13372888224897325
0.19824437250490815
0.10041955292056208
0.14682821012008912
0.14088232975235224
0.12291310615857075
0.13667076728122973
0.22978019560903093
0.10467061600363466
0.17515464488434496
0.1698305031904559
0.16938829772452013
0.13951671589873493
0.16199391125164792
0.14661671340350052
0.19557460867847012
0.15322901368018219
0.18011090758494408
0.1680355818554035
0.08265476219244877
0.129674133042204
0.11835988213506363
0.20237654742260938
0.14376092979239893
0.14280664208538682
0.21745743348395258
0.14496947247712375
0.13642633986924743
0.11380727211348501
0.194935434921245
0.18745865711178158
0.20701242820557192
0.18033224960105884
0.12105607593055695
0.16300656962971974
0.14300340097463252
0.12422511836698888
0.20964034667593962
0.16549327558126417
0.11548399476762397
0.11736328960739718
0.15398296216176613
0.18990226302460717
0.143738142130863
0.1263358523826857
0.13970312943228463
0.1876266159833697
0.17019839544391865
0.22434067356439485
0.19621403529228768
0.12189638320900337
0.15501297244736695
0.13965083158147984
0.17847250939928824
0.11107791271706188
0.1980159837728182
0.2125753238509014
0.17753190424746854
0.17364171898408778
0.1590992958819528
0.12335587188084315
0.16756643116688
0.262198178259769
0.20236354805617998
0.175684638583998
0.174850797348336
0.11549283758679793
0.15260849868395407
0.17676728698664665
0.1786100506013384
0.19981468065659622
0.11660334374006727
0.11390383886963097
0.08305496303350078
0.2018439613146255
0.18014657950230864
0.21553185404496186
0.20126077056501662
0.28015373065204086
0.16996832207849388
0.17945686490708557
0.21168620074126165
0.1392926461094869
0.21623086056321084
0.15142725358009404
0.17875408901123602
0.06625506836883355
0.21112153216584817
0.19541523478317877
0.18097937386435647
0.13833381809960138
0.20760294227559087
0.18927576712195618
0.15539548842427675
0.15584482908799052
0.18526716797252513
0.17842177438903034
0.13598444158921744
0.12401537374077366
0.11785396127326009
0.1633172349809451
0.15928256918555023
0.18529133304256012
0.13493794104745405
0.17188313268747388
0.1667342260105423
0.17433267130332
0.22742341868766988
0.1443449320413197
0.14997071994974595
0.1632182822800367
0.15513705345835738
0.16154757581600573
0.16351798122561845
0.11978147716490825
0.16304965437600807
0.12576907965429757
0.16117332550860197
0.13981290090528992
0.20961161470879364
0.2594603626023322
0.1989360408389859
0.17583871009615887
0.13612982337342355
0.10789303263030342
0.12705104017963254
0.0910288371389305
0.1449167153231663
0.2077784691516219
0.1467347365400896
0.12510251675937195
0.18916668397064018
0.0891486937240187
0.18978274742060264
0.18387628083519877
0.19676731681607282
0.22697198906023805
0.13487533006940544
0.14472802212853283
0.14413981098124357
0.14219101557793512
0.19862123418625882
0.21484511026207767
0.20098419380773655
0.19072811417104032
0.24655237534174362
0.13472742861587061
0.07679939013783993
0.23225619008839646
0.12769544239790503
0.20322618142523866
0.12456144354810308
0.19595591911156765
0.12036039883915207
0.19670575330416762
0.24507971322747418
0.2113291909572743
0.19581197483719182
0.14786031274932773
0.23860213357289461
0.17808004968127011
0.17452606988863748
0.1941870126972111
0.18883772010575084
0.20675162212977896
0.11665914529137508
0.20021467238499274
0.15882085975835608
0.19052240578678517
0.1233104059071925
0.17621697761708682
0.2216169650332348
0.201911589593069
0.17193680553748864
0.11878945483422462
0.18633176004032934
0.19072458524895808
0.18266006461491963
0.23772332789347794
0.13244115218571467
0.15995369567694234
0.1748020631994429
0.20195361759283945
0.17084431717253512
0.13144549331542887
0.22807023451452751
0.16420170582233856
0.20325083465081178
0.15260189865330884
0.14178742995626828
0.17219007127930044
0.19140257623951207
0.182163120984227
0.21364794222309041
0.16033184908693596
0.11562886761331123
0.22186723755505555
0.1447003399664022
0.10294016465130428
0.1568159577987432
0.21547470843709526
0.1765560425765906
0.1613536221554476
0.19641285842121356
0.2031715715601922
0.23024756204858404
0.07819603020796258
0.13783533546633628
0.11403370814291239
0.04202194050921973
0.1814376819698705
0.21926815052056486
0.2518236352315554
0.12667022551094403
0.20869892583013464
0.22101693711213913
0.15038373024695129
0.17179453810358572
0.12305966388669462
0.12110516572827226
0.1616235972393435
0.11032119814391642
0.19599428704531013
0.1622311711947929
0.11288536891437476
0.1586829975851081
0.15245854228815808
0.18026715843096852
0.1966054868153162
0.19089771082652912
0.15913909373460716
0.18814019103271995
0.18830621742236583
0.1406893756052904
0.20863088375381472
0.22182471644776658
0.153556252234004
0.08471367215664712
0.14222660761174466
0.20828225728054492
0.16176965395110032
0.15077899801856118
0.18543582575585724
0.06360599262181375
0.13126278195607213
0.1879394615532259
0.2175538035396383
0.18389808442766514
0.13258386103259756
0.1540654797972816
0.16057264419938935
0.15854898446223564
0.17226007531969767
0.1844419992169963
0.1493823597684724
0.2013770590032778
0.15533300387738497
0.1666546787493187
0.11915357995615408
0.13892909339681325
0.2165128340486155
0.15973989173412695
0.24030383506060138
0.10770796690595266
0.20063014617608838
0.11808778154729085
0.20753413981888055
0.15691503976889928
0.1819898535504062
0.07943522821061084
0.15073131526929823
0.19294768686627714
0.20264634005072957
0.17078891592483386
0.17714783585514188
0.1634414356008935
0.17396546506478328
0.2116258960364602
0.15228168198744427
0.17052762258490953
0.22793805667633033
0.11118979096662414
0.13242289459428785
0.24764785356063887
0.18355610153813598
0.23107638887326673
0.14591205368635005
0.19665115570827446
0.20438977148928394
0.12961081562303556
0.0995964939015925
0.11465913165970247
0.20966201440944426
0.14993789848494699
0.20167706108521888
0.16727551027532095
0.17717624563847384
0.18280948724123872
0.1760017450589464
0.1532232686045612
0.15227348194681717
0.14891841567771216
0.11368312260713312
0.1425093481569738
0.20352125721385791
0.18848030294128304
0.19216614111063227
0.17151917397911953
0.1678296832699985
0.2000518828376468
0.17161263742307328
0.18451008188232187
0.15573082632762536
0.1825279292386228
0.26169192437836525
0.21999492393442274
0.17778259364153962
0.13940837926857474
0.19345782645201853
0.18840788076998843
0.14744747931913765
0.20028433378070631
0.16130665163182048
0.1339654334366729
0.1653367876961519
0.2429723440315894
0.18719406984297066
0.15697194986698149
0.22321909170993395
0.14312211114836412
0.10017038295096485
0.0794121248291707
0.12938594317522
0.1702686927223228
0.14763466891484603
0.1225032357412692
0.23244654562347072
0.2071379799352655
0.11150715787788348
0.11983433504168756
0.14347673966393515
0.11308210622648673
0.1558917596224203
0.21242895378907856
0.1338657003752449
0.08680154511552929
0.1400000172254689
0.21680089493651536
0.14485573958110587
0.13015456537771247
0.14766236937242988
0.11334369388777316
0.09435574260717088
0.13466896178120036
0.18133327352210518
0.09692689548604905
0.22413272815666513
0.11871932517973377
0.18497158351266338
0.21985967350859226
0.21815454666992778
0.16986878240398384
0.1890573905751048
0.19790818823010484
0.19645915394350508
0.17635933064628603
0.1709207092829949
0.12028540752517243
0.2134622009820457
0.21897512366277855
0.2179270358574867
0.22020269753442273
0.16730295567584352
0.1755800674221955
0.18909408608060163
0.22416734767453544
0.1815017239848318
0.2302766929123726
0.1489637930577443
0.19831891995631004
0.17619344602057246
0.2041820852611285
0.19236296176784437
0.16055419578939184
0.198530268055874
0.16235822404671005
0.14091859597341386
0.1468013529891452
0.1483757781286006
0.19410890549573276
0.2668794336543262
0.21990441534450608
0.19359770008620944
0.11545252453557314
0.1065299206254758
0.14935494550688477
0.198680618362561
0.1739935260644432
0.11386672545930712
0.23163831078593042
0.12674355097828122
0.184948237981024
0.16926604082320063
0.21078180958179096
0.20326105569164754
0.23543339573256955
0.05808385440817801
0.1547830155897427
0.1097931533451674
0.18435786395593773
0.07713317193291544
0.15593994662233274
0.14656133356680298
0.20455320218169523
0.2752184370717845
0.23087073444371237
0.1797333288431998
0.2254505901484261
0.20533553723623488
0.05685837459553665
0.15211133025257767
0.143691979818369
0.2177371295940302
0.1771662089305419
0.14942284684792398
0.19387209511924836
0.11866567676006248
0.19118869411107509
0.11459272686065589
0.14679094225535438
0.1584173520192403
0.10998222340816889
0.19132576398063603
0.20700879073628187
0.2022973686477704
0.1755135927451385
0.18295332630709296
0.14501464570624326
0.14841618903667275
0.24775155152200662
0.1658055836225344
0.19843226781585763
0.18320096425531374
0.20287140756899316
0.19164944912142995
0.1408205435701693
0.19313887032812127
0.13879483098842135
0.15008872037059173
0.10951777323556784
0.2585785803902272
0.18282170622962848
0.1423402446621479
0.21193523521968566
0.08778341337612391
0.1991333798096146
0.11765397186424034
0.19300421084407893
0.1303671014866438
0.11064328797960973
0.20431065080251215
0.1869214734146852
0.22304683306547876
0.15420844358111047
0.23292535737169662
0.16265257575849032
0.20188203850315278
0.1551438834365375
0.13111351073818212
0.1872516892104727
0.20187769889590174
0.1180120831553953
0.1372595784529878
0.1894305411156261
0.12820365771352482
0.19513818220740958
0.1988520053237912
0.20686216155570009
0.13506721218987505
0.1258016092045045
0.19517836051765303
0.19259350931584074
0.15712412764871492
0.18268764316992223
0.15675321244234824
0.1773529531883727
0.11916438973863465
0.1525118496806029
0.17671975558504105
0.23692963666235334
0.15371029597625893
0.1297822563776962
0.19182769981946218
0.19017861499786684
0.15215876453151891
0.1290575641275255
0.14849185237465592
0.17149609333079385
0.17364534495131143
0.19473050648567422
0.16901701671483052
0.14763833536407678
0.2121607793059905
0.18294076980686985
0.15211877545615776
0.1392282063678813
0.15678064411119075
0.17972099161651856
0.18114217729620052
0.12592216559880257
0.23549092111793674
0.22066840884248204
0.19753068560974277
0.27201803071096164
0.17195648038630434
0.19963614148326586
0.20575337601261062
0.18839415835788326
0.15878219909820998
0.18459355802238564
0.10771322891019494
0.1698171438106003
0.1928974980346856
0.2116456707895316
0.16461313005619363
0.13984168810509257
0.08689338614728852
0.10151914804307213
0.19306198462762303
0.21374736035793357
0.16996337081445795
0.14120663243367593
0.13610028542936392
0.13860045587460412
0.1680577558030723
0.20169698946768813
0.12508647411284546
0.23090260248752398
0.2222590370539272
0.15906227213235208
0.19418729414194225
0.21918701457717354
0.19442129006104406
0.11892059948949925
0.13034100448294095
0.16136623989774343
0.16464987665888742
0.1879104961072734
0.11173064130481816
0.20709282217620764
0.12267580568927952
0.22536607549620108
0.10843539380409338
0.14855536803065453
0.21894669648744383
0.12439751193624113
0.16306601800349954
0.1828565584375078
0.151781870177876
0.14279939081838924
0.20145920121040908
0.2094908939372001
0.2107286904515294
0.14924495924980924
0.17080330434346244
0.1736400353592711
0.17052631644664878
0.18095595657049532
0.18365567582124515
0.22454578890928273
0.1162614331860847
0.2060549485110338
0.22359113170504535
0.1970029541985534
0.14320089568764277
0.17224515842433044
0.16339482453632737
0.044148654389595754
0.1773571368622173
0.13679918365131563
0.1740499730905995
0.1468920849007598
0.14634031456922109
0.1466773278478534
0.10580995080913227
0.09198360487185508
0.14363557496419269
0.1319019837003811
0.17439903045977462
0.143525509088613
0.1767611471051937
0.14489191391740458
0.15576788856873075
0.14553695340397654
0.23068812589098484
0.13129905799894934
0.21733681753221384
0.22672698445130052
0.1880894365760001
0.22051432753599298
0.2165324559428557
0.19090453815864983
0.15870021218637034
0.1852918887330041
0.14761463474618164
0.14338886005498266
0.1940978498721801
0.20253786057547307
0.17178783522761917
0.24559117201036912
0.132367327819001
0.17126990588905094
0.20017998124279013
0.25607965083126794
0.18529108384074117
0.2166837505496005
0.24038501831038211
0.17472638619085656
0.17529859734149378
0.1934075738855445
0.16285608118137965
0.15279221644396532
0.09867549149777598
0.14870381840639518
0.18858993526917153
0.24039373813584716
0.1651053446006367
0.136280948672597
0.11276964218519961
0.1641597583034488
0.22536826500245336
0.11219633853743374
0.20327139327597568
0.2163833713288411
0.1571690393171788
0.14069267675888877
0.18888825062779346
0.05609391380119384
0.14683457735236508
0.11038427353408084
0.18391407809637014
0.17890346473126892
0.09356356336261075
0.15546437998241908
0.13717275692979095
0.14807407351757437
0.17598103980819002
0.08965448678906193
0.1476396351884343
0.07902035539965632
0.1468434660343965
0.17797171020367714
0.20893447635857287
0.20427418037136183
0.11180116990994347
0.2342999454748007
0.20311497327328462
0.21311816076523327
0.2065144354114924
0.2518927545407175
0.14811070278862598
0.11614301509473823
0.18444546326909894
0.09156800896595671
0.14892746479975746
0.19731920935346325
0.11318215933243675
0.18888692835139345
0.21854950699864878
0.1695276704823898
0.1747570744249521
0.1827051011239336
0.16724631399610454
0.2637619371198729
0.21399468844012257
0.24218828768487421
0.14523260024583887
0.15466406314991224
0.2566771924245725
0.19376501195423607
0.22938098143157068
0.17288552146871952
0.17542553883307813
0.16284658528865836
0.25196000434108123
0.19433323916875928
0.15964778371038782
0.13029963680585882
0.14514768249859947
0.18959782521692392
0.1584279544605014
0.17517662440394324
0.1638053936518258
0.19521506720521184
0.2078108841138592
0.18940082532815133
0.17702539489344007
0.17733864719849465
0.22141975353424914
0.16025085412993226
0.16794770913358176
0.1654982171841246
0.1677115672742429
0.14566424851736143
0.1652963933319915
0.22891357852699123
0.14264750357777597
0.17432686199611822
0.1284335891251425
0.17619823686712774
0.19285148711791614
0.10606270193865808
0.24518271694507482
0.10344868995730186
0.16832166747522845
0.17743019996528336
0.23363548316470223
0.14048584877951248
0.14118158284063134
0.19930914993595414
0.149020739379632
0.1652314744510139
0.19443648077019424
0.20356541137185327
0.16583587591219245
0.20225564090967862
0.22283567207289295
0.21940553275762487
0.20098164506866337
0.21982176439440818
0.041211955745887374
0.15447263669426597
0.1309688488302173
0.16052344401764387
0.18063154932163422
0.10289218497207282
0.1499733763321136
0.12446876874804434
0.17545281069688162
0.1740492244457327
0.16276884129363461
0.1524109839935205
0.2148064355750492
0.21207139955444043
0.14523530910883975
0.17661761572212534
0.20993064905455233
0.14696204417302636
0.1611077137506324
0.20827637051147269
0.21984956597099775
0.14615247835785886
0.2261380912282449
0.19578579507060676
0.18987752039202174
0.16498288118602694
0.1780474756763207
0.1869650425848128
0.17993458646283633
0.13450701899726425
0.13714261512955012
0.22647450786081355
0.22151273961947726
0.18651056663749802
0.16489130652715103
0.11868534089981725
0.2479241153290797
0.15628618569222488
0.16183245948845032
0.13332807525546903
0.10178486808213465
0.1697584944695852
0.14210375449054305
0.13694249042950216
0.0984853872771325
0.15066923891238748
0.2256227003337767
0.17660538600610742
0.21904577073244297
0.1544080175875779
0.2261482277046615
0.15601564674031074
0.16454827532740024
0.06786539128055534
0.1904405719419906
0.17965253553370478
0.2222421012351734
0.2157237463410334
0.1446207710195196
0.13268583847766388
0.22410666500544285
0.21331417768779257
0.1897399297719235
0.13817442197458993
0.21401382691915405
0.15048374337078282
0.158436949417837
0.12989787180569926
0.16855107100357994
0.14756065811730376
0.19142007704595462
0.13897147875965962
0.14631108089686445
0.15300708244046055
0.11102284455454924
0.1274906854169374
0.19192921527630083
0.1704356800382338
0.1878691559454879
0.15212865587429106
0.10727506197343456
0.22126638675362403
0.14981234871555507
0.11125183883118438
0.18712300905846135
0.234813915410218
0.15686764625357677
0.11994240459938942
0.1301929759835415
0.128397237153427
0.17778773257222355
0.21173612021991617
0.18357343629300954
0.17585816894137052
0.20239329223060937
0.16772396914049806
0.23253561828394265
0.15268705131194013
0.19530452097391934
0.21358572453448152
0.12516559189240595
0.13486094461670747
0.15048490272849388
0.2399517930108111
0.11470438981826928
0.16750960974393586
0.22075323404466118
0.13740789271221135
0.20554447690010913
0.1763310385206766
0.2451100066962619
0.1501385568022658
0.12606121428419625
0.1666786816584721
0.05526787116587077
0.17384693302828863
0.16525555143384374
0.094557167554618
0.17417067432026476
0.23354065767566073
0.18532730981699447
0.10810965543518972
0.20676188719433056
0.1445214875796857
0.09748088858800603
0.10960950621695896
0.14203173762652851
0.16463987597189916
0.2081884108637206
0.11771400439000522
0.19297244985097284
0.20449153445178483
0.17549218240336248
0.13414761385187146
0.18863735916126614
0.14329251743396149
0.27916009144800885
0.17941200655326767
0.17330404576242348
0.14505227252600678
0.13921752710253493
0.16629784368108202
0.13722960159348385
0.13596421491696797
0.13530971690898638
0.17139144866281567
0.17172679244406863
0.15136197936957846
0.1921282348263924
0.1648077314798286
0.16641311108248583
0.21987491710091187
0.25872602916786464
0.13546986872090097
0.17467098328748426
0.15622252097219366
0.13839304283300885
0.1295932059147092
0.237008619631043
0.1757821080801548
0.22009457583188977
0.21204800571079194
0.13612739569285365
0.18818249001207812
0.057372179006834334
0.17113962495115018
0.21416095622638606
0.16022100411852022
0.12946314274008275
0.1000043682437598
0.2009191520632241
0.2076590383422148
0.1480391590727316
0.2307932051574385
0.15074180122396016
0.17265199242640722
0.18921329901109915
0.1873692010802262
0.11586875113583697
0.19980050141581168
0.1483740224720207
0.23866746934239516
0.21957008847286508
0.23467046564800303
0.2562461547381488
0.19788424880943542
0.15963932198783676
0.11074748945050515
0.17147844994765324
0.07612895738419533
0.22197011151728438
0.1447771507576935
0.1933921127099289
0.1498028560303633
0.18558650733208132
0.1563921400955322
0.17419533505158727
0.1472754659647664
0.209333613260197
0.18105455067412846
0.13206953138339544
0.10639990321579776
0.19803426477232616
0.10560481674493734
0.21820357914920982
0.10957310170828174
0.22350172888080255
0.19792047838648846
0.14463503079560913
0.21541982632446632
0.16543519404647788
0.1200158392276072
0.13698218907546827
0.14657402478663414
0.170359156070902
0.12565403379620219
0.11092970234238674
0.1006733848908309
0.14892095271030134
0.06956785443342375
0.22327573301628517
0.20979748039397944
0.12751070380500096
0.1661110515436829
0.19143185554721062
0.13306520606837793
0.18327888062922992
0.07213671131688133
0.21308039989855565
0.21805436325509256
0.12117190670497521
0.20321773559743403
0.12635323580995111
0.21352365546849164
0.13398268579908812
0.20000958517275605
0.1262764370670983
0.12097148893312362
0.12469273677102893
0.11279062006672814
0.23364628314159663
0.2212336749072644
0.20140533864677593
0.20100115575368976
0.15054082665573443
0.19919971923570456
0.14123809104597237
0.16507538051235365
0.2324414876087766
0.13175905794903736
0.11786723408199176
0.1554542873235319
0.15957195838965782
0.09142509031960282
0.09467298706469102
0.16476985223945387
0.1982369543533573
0.21447701132018998
0.154223026233806
0.15512861025705427
0.17817204159671166
0.14307380690435703
0.1621722161322837
0.1765741286259887
0.20608793308746445
0.18308506902524851
0.20326408818885922
0.16935637122026287
0.12270690601455424
0.15984282723304824
0.1601571194418738
0.24545073087130265
0.1781544397741411
0.23617429291205877
0.16869383121739576
0.13254736454498117
0.14097586691171607
0.11677003128945515
0.18409180496181737
0.17297716928031018
0.15134601134882827
0.2100068633119569
0.20638116365097298
0.11124075790070637
0.18004054463746635
0.09693896967071995
0.225984375741643
0.1510750438425695
0.14407456367663393
0.14508944543936494
0.15882649709499239
0.2096040025502281
0.1017249491666889
0.19734611050921458
0.16383376541753322
0.15172351057406638
0.23334559890695925
0.11271418150822445
0.17170686476280067
0.12209056820445695
0.16762415407009168
0.2819278379605472
0.1671005052630252
0.12138904930711866
0.14449303397492722
0.22883055102746241
0.14282033689804174
0.17664797669897847
0.2027338557054435
0.11631685798999158
0.14667948649530213
0.08368446469297346
0.1751907116937233
0.13747072477399955
0.172880751427255
0.13038765766027874
0.1702477580117035
0.1437240953985008
0.11251998160657431
0.19094690608371973
0.15194643604635155
0.13419382257427825
0.15271926919569562
0.18460753515006043
0.19537106519498418
0.18096035852798445
0.19662304145863926
0.14945831305941676
0.2036375481844867
0.1755750160454713
0.06415545663766958
0.1959464793203587
0.09512896009595904
0.1440095225256452
0.19863124932471768
0.1605119614001806
0.13434025067562438
0.16273949546322833
0.2092009853255433
0.09519902374419524
0.15031003519282798
0.19169061393736428
0.1818900507953644
0.13835095142542903
0.18152809464665792
0.1337840037882696
0.16720829622097944
0.16600454920520222
0.13614747198199517
0.11880070288678318
0.16498024182898982
0.17155116601994733
0.12985023370374868
0.119549809949993
0.14673923837355593
0.1810628545327806
0.18931216868881728
0.17371549823020066
0.24721259936544127
0.1109794843826203
0.10253623664167909
0.18085998510015358
0.19707018406363097
0.20111862908899966
0.21308005969324267
0.1439017993760353
0.22591568944894172
0.17618034548640782
0.14169933941598684
0.1756942147550209
0.16593527031898422
0.22999542881457108
0.1340421704450374
0.13765714655729724
0.2135348730970597
0.1886212931264255
0.2303267346977933
0.18864826866749113
0.15185868328084787
0.1874591832297124
0.17855239749626406
0.18427005873234165
0.1797920607568344
0.16908978135006394
0.18511040180465496
0.2397972365000447
0.12490549139047681
0.18872754143639295
0.21413376922429653
0.11368066324090263
0.1873791332891686
0.1637699284295865
0.25391021690028726
0.22808398240402578
0.10993866874963107
0.23467637028885388
0.13763885653216892
0.19480316176138138
0.1873088795439589
0.17657037738669024
0.2169184500809646
0.2255630558031018
0.13478250866255165
0.1570989811339955
0.1614534572114655
0.23008735735495292
0.2137763977479658
0.18722170546071015
0.195739012510456
0.1927660145042921
0.1732579205776588
0.19615908104733243
0.11698758711694596
0.18151882373253866
0.1869832966708733
0.14610715650434677
0.15504809888703816
0.2081965768152947
0.18649307006082372
0.11575136532374194
0.09733380110371334
0.21040531026668413
0.13848294739012273
0.11415481510140707
0.11435110682214601
0.21634939947468163
0.20014229061264904
0.18040560367209077
0.1665636163332915
0.14252133737395176
0.1686324344309363
0.20512485692586932
0.2149473704054913
0.17565289938968975
0.10501561841559567
0.11169540832490311
0.10026100379672935
0.16483014855921038
0.24866119063785933
0.17184706462114654
0.1891254960404867
0.14804482823390056
0.23265667080509694
0.19563160589061263
0.14863406909126473
0.158935660270833
0.1706099996441501
0.1706612631529806
0.19803888787109153
0.14869242450031742
0.16425854017020902
0.1582622988779302
0.13086437708352927
0.09496159322140936
0.1897889630712669
0.16711125804351648
0.15483502604229493
0.11177613659529481
0.12985580271785235
0.18274178953043743
0.1562952175838928
0.19030097803370818
0.14433472080194776
0.26046368942987635
0.15651189652598582
0.19863212826472068
0.07436623524277738
0.14180222007291438
0.16813256984311473
0.19972236273568122
0.1975746892504869
0.2074100326688052
0.13540344307207186
0.17431314169812612
0.16840990064306885
0.18748360044139112
0.2284773745664701
0.16980347864161013
0.10510376217468925
0.1417064392085833
0.1893097954533696
0.09921718134646254
0.15233487227506107
0.1657651474221018
0.24385673847773542
0.19298828422622558
0.2021420714716607
0.20210770316481375
0.18573086813131975
0.22242130757830444
0.12216937762858573
0.25023406649648267
0.1907854399890011
0.15477029818188454
0.13595210488035883
0.22438590959414006
0.1354854917707098
0.15839967749728104
0.1965797810617049
0.19254146628097246
0.16689710129014826
0.12514415278788188
0.18615936970349561
0.13456819818622004
0.11581197427872819
0.2251914793438464
0.17965182663961934
0.14147226251624745
0.21337771492157115
0.1972424463765194
0.17354163377598947
0.17517024629455286
0.17659471494798426
0.16875788754651092
0.16223599353452828
0.18916059013390596
0.21127465752041055
0.08812773115445822
0.17257990715285348
0.1258065497634563
0.2274192639454259
0.07583082298587165
0.1508957354766489
0.2246930785064849
0.16218120503448524
0.15776525596307145
0.189255284340271
0.16825302895384528
0.13822086889723068
0.14982795664370102
0.13220853788375317
0.24639893005882246
0.14357413747624043
0.13305267941408497
0.1901750053712783
0.12203250271050667
0.1563577853459311
0.1996701355595039
0.09992701009545081
0.1528000255531229
0.18942975478278137
0.22366145098809775
0.154042106981928
0.13952403723498785
0.13021757680819152
0.18372482001939944
0.1707881142378698
0.15419189081645007
0.18831355574419864
0.18778101147859813
0.18031238358484875
0.18275453122764432
0.15222860605837768
0.2221287642049018
0.14567480353340273
0.2698145040061513
0.18197190052756126
0.20878285038021688
0.14474735480786863
0.11418275598611052
0.1496391137034485
0.1703907456435081
0.14519762918231802
0.1277917267792222
0.1648841786764323
0.1442382295143898
0.15642393724619322
0.2689506374879086
0.1386394600193977
0.2433215121725923
0.19090875386838949
0.21033108395901579
0.16515765918778635
0.09009058101777227
0.17194355036878547
0.16740541018327645
0.09082038043196977
0.1599226251244986
0.1689662723992067
0.18654304916897443
0.18671695255347737
0.2351497283844377
0.14088896726908598
0.1577845659513254
0.22554549427108364
0.11803178543157086
0.17861324775935178
0.18601055865769583
0.19667944839672605
0.13327689887055194
0.19732744361888244
0.15400643395432037
0.20313951107304948
0.12270376382479677
0.21021993109045595
0.13570929393345624
0.1650464805207356
0.11091742839228443
0.059513543926379184
0.2268305382511847
0.2390917829975664
0.17358693137596354
0.1182116057371837
0.17914550583764507
0.20740188426245723
0.15679778075435521
0.19106217102993966
0.11989964457617461
0.16476224260652084
0.10809677173689863
0.14663068934071039
0.14866978176786233
0.1640505073707552
0.2033572600583938
0.22530928157422694
0.17937327823142968
0.12388892784304834
0.12952910744363372
0.18029719259888655
0.1631642340728128
0.12569838324468915
0.1708751536207746
0.2700431601621389
0.2136508791270464
0.20103404885182008
0.12530487376953292
0.21858194748456253
0.1824189060765986
0.16285160609544053
0.14214880130763183
0.15273393018919507
0.10837078586181817
0.12799296878594119
0.1915959555251972
0.16593781163659005
0.20951961836009686
0.1696061110893346
0.19528767159189983
0.11502730373299083
0.2532434493896366
0.15683283726751054
0.20635467108647504
0.1171265681646376
0.19068656681600907
0.1774521115306694
0.14794811835685234
0.19078072677340133
0.14898104737889745
0.1218303916193853
0.21527611706424626
0.08982687671982967
0.24538236086558596
0.27118006894975355
0.10703882163924952
0.14269455996703737
0.10210066173152119
0.15623586793276278
0.24492518113180678
0.2568948542225705
0.15805666412754274
0.2402498373020438
0.13814426161289856
0.17581573349074697
0.1424374089411691
0.2025719225215047
0.18600524962433201
0.21637925381801398
0.19414040348027
0.15379807068015033
0.21206977408943084
0.24609232482504645
0.15940299910028488
0.24025155583624766
0.13834645992348787
0.1671295288194944
0.2395969389335627
0.16997917584101663
0.09449181415874396
0.24766961364016468
0.2269360344023301
0.18135622876987179
0.20432693267092733
0.14634695889433305
0.23962029828878756
0.1569917593411369
0.18670723100543168
0.17786262618643162
0.15809048734496703
0.16451129668238068
0.21256290212868395
0.18471946832978656
0.1590927357192106
0.1729931753195069
0.15389555104576963
0.18773774050332606
0.1629650129397804
0.1890260345276662
0.14230508829833688
0.1479160405531764
0.17724546304934008
0.21030877965352257
0.20006021697574594
0.17938008809766873
0.1263142173082318
0.20924890405409238
0.13360135232191941
0.13908546007216602
0.08625682267801059
0.10016711474736505
0.17072542148944145
0.18328288028842543
0.21544798863230324
0.1715858436789783
0.2526455294344011
0.14928905047486538
0.09400002688915575
0.15574456321102936
0.21021470744609805
0.10986044299433782
0.21101940919193451
0.18352678357843108
0.1391766682170945
0.17430977740599604
0.2700194543077894
0.16773381997105236
0.20351392158098197
0.1285887623646221
0.14697209092759259
0.16519850271948366
0.25749741785806224
0.21780004199228487
0.18682060376100643
0.22681020768395888
0.19748039535440232
0.13271369733884147
0.2023620912699189
0.14374521830030546
0.17172163701462162
0.18824716475176864
0.15509608258460705
0.20213317358334537
0.138891700836781
0.20948384780554455
0.19503674873610116
0.18687538410285948
0.16509316937590243
0.12985448254948861
0.08875123452928556
0.23324384491966432
0.20530031428966442
0.19086556668688556
0.17955373611146935
0.18536580416262405
0.09180049170358136
0.20335150173433808
0.20641795005884267
0.09857188857835607
0.2061485965962949
0.21567917532423764
0.11200155018743159
0.12055482936190562
0.10896172342220548
0.1993218568987578
0.15911164817892676
0.1355701289329077
0.13849460711463207
0.16324830931010417
0.12000588379107167
0.1170857819565368
0.21509818452544208
0.1112840052915805
0.21146707336314735
0.2232395914052101
0.18063938620874814
0.2049113533726229
0.19016298739110726
0.14113563551348596
0.15635824997245293
0.22126946885133256
0.1659811362242451
0.1675211755767681
0.13932956084510387
0.1437871285074208
0.23890898483044593
0.20620052200177402
0.15333316312824355
0.1865188401172826
0.1480723693189438
0.14838352940709376
0.1492261467741448
0.1806442260872163
0.11299044471890651
0.26354435993720315
0.1574958442265903
0.18692235492181283
0.16068971423154074
0.18619680769318311
0.19532488827646402
0.23043515162941222
0.20149888294154297
0.1690437270285529
0.15430859129950275
0.17135535847122277
0.10556516598566869
0.2533492521738006
0.20102535127022722
0.1532831938658648
0.16419142895285305
0.1352208857147657
0.17130584489324582
0.21749515732470867
0.10460599818086269
0.15963534235468885
0.2054806172482629
0.19780862518377926
0.18870457428697965
0.17314070406020685
0.16611908833874875
0.19581100349962302
0.24650613170015667
0.1313716324639418
0.14928066551309557
0.17195678654933522
0.15619418858552933
0.22921775375442854
0.1266265369758872
0.21164283909199183
0.17401394794322977
0.06867681415761509
0.18260534944627957
0.15569189146455098
0.16646169801708177
0.1465623619032078
0.2188391198092377
0.20899694697846002
0.14530427174260752
0.09088373307096366
0.1272554922341661
0.1879188508566789
0.15764425493460438
0.18093464818068758
0.08082820468090877
0.14296574001382295
0.1756252025417906
0.16368473279159346
0.207947515119829
0.21036624528670134
0.27053960759665874
0.1819341396886544
0.20268151461033512
0.22133395814817539
0.09909259653003684
0.12195945328517635
0.24459219020448508
0.23278382571850198
0.15543272515868756
0.20035523380379766
0.154793206274322
0.13786290202402213
0.23116105811348725
0.08761792817924682
0.18210291303009377
0.1581041237254366
0.241163478832018
0.11741532783301711
0.20107452719773988
0.14840326087908784
0.12720018850893322
0.21866263692141447
0.1567901193158474
0.2161459213801049
0.266678305527763
0.14725706060710927
0.11489707012525321
0.15228096104686176
0.1907877160177749
0.17198187936845888
0.16080565014271195
0.1747756273352441
0.13385243649846038
0.17339619522522604
0.14247699213292186
0.1929023259142962
0.09521789984236467
0.20795441648822885
0.14510821588117187
0.11678212400746506
0.13364390083809477
0.18536621195192318
0.126720012826543
0.11171190370688877
0.15176064795028868
0.1834973985035765
0.21298516620000685
0.1969790803240366
0.20251233500597976
0.24119831193583885
0.19285611441538913
0.18456312454794388
0.21284545042374156
0.16131169945267043
0.14760490639130724
0.20532014939434795
0.16903803349577412
0.17592247051456936
0.21993933966841436
0.11356618733655421
0.15635525384730714
0.18022854565024965
0.0640702388018106
0.22882708570938765
0.21899547809098868
0.20056300021102996
0.16091715238439872
0.12966865591568
0.16703023974343703
0.17473721552762683
0.14170528096805474
0.1569659412120319
0.20650236919137455
0.20385870052425953
0.18346065582218102
0.2008894868936162
0.1160132460145677
0.12830492678912173
0.15578152697262082
0.23471274595463867
0.189483272264839
0.19066365410908498
0.15374097716867702
0.22201647153319629
0.1366546978378317
0.2078411594349045
0.15058499940668882
0.14591447914366626
0.15537127332716621
0.1895415828700468
0.16719059388558596
0.16704620783970198
0.16697411900195971
0.2062723319838213
0.20898562668485346
0.19968836206982726
0.1890516293371937
0.14717282088509817
0.16105951138928593
0.12834590843161153
0.2040909576274462
0.19256857427753812
0.2046661958098978
0.1569677982907904
0.14210133065615435
0.21683430108379492
0.18303977092264276
0.08078739901570985
0.09996883036753731
0.07979182008312606
0.12658852341887053
0.18618222646705868
0.22590706235696956
0.16827337132868866
0.16433293946432065
0.14831707135421796
0.17469967378824366
0.15422000280676013
0.2025391672401129
0.18386652920364654
0.17989444506442215
0.15001034312437497
0.1884448133443044
0.1541558320881456
0.1837932050176767
0.12970235638828623
0.18208295505483382
0.184263239213385
0.1269882129301456
0.09150446209687556
0.15033979023760088
0.26150197229558525
0.14242876902339857
0.15791445577457328
0.21857508972092624
0.2154579784677812
0.1607093721259794
0.18765553940510368
0.12861653342033497
0.2355572316079554
0.20796245384106826
0.20740091660275375
0.10256557343259726
0.15930708723121215
0.08291730953882046
0.19056465962235491
0.14023838892481344
0.060353230144744474
0.17076030286736202
0.09242961717991362
0.20056510945863892
0.20582565902139302
0.22170849175416368
0.19488721124299535
0.13970340721240151
0.11968339043836443
0.16861918614337226
0.16133509139062543
0.18876129756587182
0.2173211201324537
0.10735999878821452
0.1808839672929783
0.14175633552045477
0.19520472566956398
0.16827440492201626
0.1439430800201144
0.2971562614574407
0.2379706704089594
0.2522339184648948
0.1405246298633276
0.1468243750688383
0.190161192209633
0.20937303027213008
0.14944609414401502
0.18465965356402272
0.23961869269416583
0.1654914686651143
0.13206287747726927
0.18041077245148013
0.17470368503624895
0.22683973745849084
0.14796380964385616
0.14265676166953536
0.1482323584835211
0.16813191452110193
0.10502801219208456
0.22210588801435077
0.19054007797101336
0.12576189917006989
0.1542671932719938
0.1433229942286568
0.19631679186016116
0.19122040700179974
0.13596662811274984
0.20921043687427993
0.22838340801037993
0.15793410424890927
0.16005291826065887
0.10139504917432979
0.07317158846249085
0.13399913843334327
0.21441152040413264
0.22126234928694785
0.18047351913677445
0.10798955671410705
0.1817247643446308
0.15433920715711824
0.22845718392793243
0.17596560949142087
0.17910088716422223
0.1936036061241157
0.1904478038946388
0.2251229149553177
0.18822500122602534
0.21211089745984718
0.19113530185499533
0.1535430190879119
0.22090009743743394
0.15972888304224478
0.21579971797624706
0.19151920566626715
0.19396848072331824
0.14262014330230646
0.16817342107778058
0.17132540616881337
0.16014974630786016
0.12597421249562574
0.210833340667678
0.10658812475720192
0.1442546716398051
0.14310683896779605
0.11944351855253746
0.12978193480938116
0.18017207397194815
0.15765006678951518
0.22178341010665753
0.18484182313696448
0.22011758194053707
0.15561754591420354
0.19306359015276955
0.16125256267100319
0.15797128713766057
0.21366917667217955
0.1589225528229496
0.12746190924428624
0.10556835019565519
0.2176209184224036
0.1712372780404493
0.13435418427243842
0.11650771710855537
0.18463531906155778
0.18282974974630734
0.1473863564607383
0.21937425239025563
0.1947140260107824
0.21142279338792652
0.22608321443816543
0.16931645229418216
0.1688633339504883
0.24468835186594456
0.21870893882124046
0.19421573093564498
0.15407034464280253
0.17337871771779306
0.09228774066154617
0.1309072039500312
0.13942749399924442
0.21829804991210797
0.175099887008758
0.16499175981102993
0.14858446457094676
0.2047847213143687
0.13645092313010615
0.14808631955461
0.07492439800656972
0.17344847501475677
0.10543832935550353
0.13448606324843315
0.19747039043637626
0.2696790651701384
0.20525714767419154
0.1834969477057595
0.15392908634606117
0.18273030065756898
0.17431474890354257
0.1961594311297472
0.146071548498856
0.15310116993505124
0.15670016874509676
0.2199961961014547
0.1900944855950503
0.15015487924560872
0.17593791296484274
0.22304771747263352
0.11137127959453938
0.21861799766820103
0.10542515828290769
0.22737437364426474
0.15559926508381416
0.1795966596699285
0.16475145470520436
0.17897350133607892
0.2110348574546424
0.18064890128900374
0.17827718101407544
0.1786854223834315
0.09380209750109336
0.21044534965788048
0.2482271782308954
0.08892266447341798
0.15828251811695487
0.1768907765647306
0.14234590593889043
0.18655048171314115
0.1797917315185469
0.276551000859214
0.13181770375469448
0.123640004444307
0.18142193627025524
0.19992076368480066
0.18266991670181632
0.21307986979238838
0.1301868526507394
0.12286124708684962
0.08650488861249887
0.22401186518132263
0.2699519739873286
0.1259112630571356
0.17268707830904703
0.14685506002352844
0.23118677048084224
0.15969425938504386
0.12991880563945396
0.13920001055419928
0.24990228684744506
0.2411238566152542
0.27837954358632294
0.11869792096147067
0.1525624340757627
0.20828079257594845
0.18241367872809153
0.1495707271874566
0.19466534256666834
0.1290206620498165
0.19209750300624978
0.1429045280105109
0.09546280568182482
0.203294770738993
0.17130678643918137
0.2281740201702156
0.24985021047915154
0.12387182854356121
0.13578479818296404
0.09404462243934641
0.17841964181177422
0.11829262776415389
0.27204178305421767
0.20385083524839373
0.2037405506828532
0.10288432989669052
0.24744103191859407
0.1957144858884015
0.15780497821400055
0.16570670980518892
0.20225617416776498
0.15012039808781968
0.20631298422151237
0.2341942282265806
0.17883468609664283
0.17992263601202937
0.1340783109547607
0.1877777314010861
0.2129821608073459
0.20602055697469576
0.1999758683339007
0.16362514878537635
0.15070452566278733
0.16927156032954713
0.16492815135540811
0.17583805276894132
0.18607875139212252
0.21392520076085458
0.17389242872587807
0.20547603122587188
0.1967586786923088
0.20542777474177437
0.17715037595374988
0.14838831921374776
0.1841826981534332
0.18297797755442435
0.1548867492622659
0.2504006349667412
0.14860474864949158
0.1395972368967891
0.19404652980388887
0.12177617579788183
0.15946107255792244
0.15395270482397683
0.1286574969450879
0.1393164237588759
0.17597381636803955
0.09687666374805098
0.1541358985648905
0.10314344665056605
0.2604256767547602
0.09961312602544227
0.17564760781808908
0.19640909140121574
0.1617478500183356
0.1640039774420908
0.10936069598779523
0.15108235239195927
0.1360188928899406
0.1660928708351111
0.12193463498702337
0.18550682508968855
0.18518535885628254
0.1513377619377128
0.18284022859870572
0.16577325559307227
0.30627170543443133
0.22556223253007418
0.246465177698297
0.23478714988833316
0.11921836867746713
0.18300112851507544
0.19886551438252167
0.13731438232830595
0.09016202982512382
0.17778330651171365
0.1821065588754259
0.2136353919586822
0.16790184679578338
0.17479960603534273
0.21478917339156492
0.12570300030225978
0.16336126655556515
0.1617698660836296
0.2402004880569015
0.17199608799456184
0.22755139336628288
0.14783420904981132
0.1063554697148207
0.21420925754365563
0.18383208162846423
0.19058554482526024
0.16015128194866257
0.2023899441576255
0.16695817283232733
0.19483087466906446
0.2104037418270056
0.17288103002896893
0.11176124705920407
0.16954465557276885
0.14018732497170622
0.1871294876832111
0.07434662469049313
0.1934227847089391
0.224221251627273
0.18112770381021703
0.1720764949038974
0.2196744338846231
0.22514258892120523
0.16705986696033698
0.16135061244992543
0.2666617069027524
0.20485802405002526
0.22753428335193865
0.1368539598203245
0.16894269563486075
0.16602314726980083
0.19049214588789762
0.18665555975472517
0.14214859919407144
0.24761682698140788
0.24985525860010843
0.13901224704203172
0.10385388453244299
0.18615732447847996
0.1100338016947788
0.2514451077785925
0.16279027588371467
0.192963483302994
0.21826195983773547
0.14413734522939461
0.15535246258346067
0.1786784256432528
0.0953063816501461
0.12068928733327698
0.18221782226817526
0.13736240402183222
0.21999872377698654
0.204799610962516
0.1894786350520245
0.18579487934665226
0.1564602349436906
0.17340423627682933
0.2110036008597738
0.18050966373326457
0.17044783375360723
0.15330108441463133
0.14124967098198526
0.18430680599077262
0.20763811043597344
0.13086018028399954
0.2183831131386638
0.12266828928153412
0.22071919670896256
0.1718298850933364
0.15772311396280123
0.09912099074458124
0.18064747979361637
0.21624771031071247
0.17504017906246266
0.24392147661348934
0.14894184286478968
0.13278513718431342
0.11935116963961839
0.13274890311956825
0.14998108720286807
0.14916513719600846
0.19092821552631178
0.1785209579796318
0.18374741315066787
0.14990941802799898
0.11806629386242404
0.1562218121443636
0.19865492868736767
0.12124259172408786
0.13483467037885277
0.2642276527035528
0.16478573854928624
0.1561650547806606
0.1266370432204549
0.1780039745602623
0.28650540131760016
0.17356038947088195
0.20342666720837904
0.1575870418856786
0.18640141785901407
0.20117800616378323
0.15910484015708004
0.14432743466752224
0.19061720319261483
0.19218908565528808
0.1768178822374445
0.2041741461176968
0.15316114026269312
0.14137055745669944
0.19984805929262503
0.1024181816002741
0.19577261479320485
0.15588495117450424
0.12976761559669686
0.17500308862309427
0.14666951389696073
0.18676498312419204
0.18469263641326136
0.16486632699370568
0.17329672252027187
0.2045560962461997
0.19492818558235903
0.16703108292466756
0.09155113177178573
0.16441045994177117
0.1783235612268197
0.15658903968725285
0.12292874252208846
0.1273611189085817
0.19967875445326166
0.19335090163147634
0.16448446303141745
0.19812494668204286
0.16417992773470785
0.13578840710111148
0.20615497863480842
0.1919859754554741
0.18008777906235143
0.15351159526765934
0.12045967671205829
0.1855252287556447
0.17306265949929184
0.154984763753604
0.158449571343712
0.15577821257385963
0.18281382238672786
0.215225841801151
0.16398855651915326
0.16235447808180883
0.11575219090334089
0.1389008687352261
0.22450113225205803
0.10556824948602117
0.1668562289726115
0.20319654435228574
0.1993660650734186
0.15290944056798578
0.15270696890404292
0.12564117910408532
0.15894816305661524
0.16268847839717882
0.1566967450086959
0.18862945795431657
0.1063891828876558
0.20559109774116385
0.16158474664539185
0.17766003920373902
0.10485376585391594
0.1685852422484835
0.15934504206639277
0.13344637626944253
0.15479383737507366
0.16291829975391117
0.17060413188373102
0.15231912585462953
0.16718921261453096
0.22327055878778237
0.22049862492391603
0.17339098903543654
0.18453406508466721
0.15330848575666106
0.2002939667762539
0.14199289626972195
0.16884555019133748
0.1705335931442684
0.17117396150685651
0.1072369337087045
0.1392408394246807
0.18687669601098322
0.24075229445350604
0.21083367366977132
0.1536035096463207
0.2132531481272765
0.1949403084279784
0.08716006758691747
0.18138892127119222
0.27772277494094566
0.15977994903667506
0.16974137127278904
0.11343918008352412
0.1481874624557725
0.17085169529008512
0.1807812829343461
0.13832045358805956
0.11531591237563457
0.08432033530918613
0.16652020028631598
0.19765114070984982
0.2449434510359197
0.11373694367570994
0.20937088028989007
0.154602130687022
0.18946375608216598
0.1468090187045851
0.12418927006933202
0.21680466810127488
0.19031884176592115
0.21261811192491017
0.11883030994723212
0.12116535979447553
0.11314480505930338
0.20545402267881224
0.1460242279321462
0.22780241084218822
0.07725518139077489
0.13390485231807062
0.17855474178988168
0.15200331270068326
0.12237722942699934
0.16054311257440634
0.18715523266089562
0.17888864510938077
0.192201727688398
0.21399241041631725
0.2029353824558342
0.22139465165789857
0.11956818830517052
0.15635835826201738
0.27639795020152397
0.16079977059527956
0.14892030192237116
0.19992468929638046
0.2222383327926316
0.19579898442978177
0.18568869788193182
0.19197230684092983
0.1714515790589756
0.14440534584820133
0.17316207081084825
0.20662860841953368
0.14527557575624622
0.17726063031917186
0.2113592329141654
0.16833488422449075
0.11189320570571135
0.18123231528970324
0.18689134467868912
0.20707931457919154
0.12746876317319095
0.21767856154444454
0.1712442760748937
0.2823545731280372
0.20003663135927321
0.17441561371451392
0.1393049051581462
0.15774671121288122
0.12645570967364128
0.17975729219472644
0.17540656570556493
0.13882911664716138
0.28953411637920057
0.15635051836916516
0.18564243974018904
0.19250556643785888
0.20618544678557862
0.19714414724108048
0.18701382295156918
0.11257160569520902
0.13829225623991126
0.17886306149919218
0.16848850891044884
0.19715026897866886
0.19593442962751056
0.2040544480876513
0.19876698264260906
0.21743628652226304
0.16387170260876677
0.15604755063750045
0.17055211197683068
0.1980520239415538
0.1898817295376149
0.2207889134600121
0.1585550559953384
0.18377179467297364
0.14417081348293342
0.2107169737448896
0.11518401388619971
0.19360095116893059
0.1829299544416684
0.15395866391099075
0.1606661456157562
0.21660352399507982
0.17075765328574175
0.20289216418175307
0.1743073859656535
0.171285397107977
0.13588743443853069
0.2167268780317847
0.1565861611461335
0.24060402523776797
0.1071054600854503
0.18272867057689207
0.20471031926971145
0.21369035362237548
0.2442825642390613
0.17256289375716474
0.16927299547171565
0.15969565433505867
0.19360094790052046
0.1731877214919076
0.1300965836570683
0.2184431560091172
0.14642007811071966
0.15555113669401005
0.14156736643186127
0.2323003900854006
0.1684784784562486
0.21416766487232808
0.12811844968778754
0.18171688775955067
0.1713822386458258
0.14086658864963117
0.10323078469761204
0.1240590087524744
0.19644932207274834
0.16484867213606372
0.14555861447083301
0.16234147584766487
0.12208805716007753
0.10204810494081298
0.17805384454361572
0.1980993745763136
0.13214485610896554
0.2538923323153503
0.15102079643453098
0.1750248743773198
0.21509470923855628
0.18770152649006397
0.23915297195401164
0.21264193965289102
0.18941129593305747
0.18212976120157437
0.13703101710568716
0.14055845462541255
0.07134516584485014
0.11197699899392739
0.1842147167357623
0.10659274392620366
0.11028681891756151
0.22717352247011258
0.22714617394361308
0.2061642131116515
0.2475186318103067
0.12378023288736589
0.1636970495243859
0.15352994894668373
0.13830652986426067
0.14453789601616412
0.14721459580611024
0.188097733302336
0.12896503645604174
0.18529109826906615
0.06335284021183137
0.1669380834613598
0.1675922821409588
0.23245091767927234
0.16211129709138733
0.03924886955688464
0.1397767958421705
0.15638759217515488
0.20171858829937037
0.10769208845407886
0.1600342958748173
0.15844875726031254
0.11860793333351732
0.16012913983020757
0.16234808349031662
0.1963533563004736
0.1693166999527544
0.17097032357550046
0.160057050937931
0.19355853598021253
0.2141324601884824
0.10854863926153699
0.14158870392057996
0.24092266063857798
0.17590614894086246
0.18390593162664914
0.14787736570368729
0.20246707202570843
0.09226698031176177
0.18324381964163727
0.16641912669578038
0.13464628946165044
0.19825460696240588
0.12175680928178254
0.2019997400134465
0.19034788677923234
0.13666289315860772
0.14500428524165554
0.18627570868647858
0.1717615009201944
0.14940585560808875
0.19515504654149038
0.22353214369632085
0.13394281771365554
0.15794891290494856
0.16947164117925165
0.1403498465149712
0.22539826757594217
0.22192318710131118
0.1185444047941337
0.2039768308467091
0.21312828237544404
0.17091310971684062
0.20937346386874278
0.18424646226569089
0.2074312469747254
0.2599075256926296
0.14108460177645554
0.19414795483951414
0.12235612030996379
0.08220934580925074
0.21691688967859932
0.16700694767745022
0.18630039050279465
0.16653494071272895
0.14169598282630716
0.13747064813665
0.23504838770755837
0.15963926594089903
0.22277537962658847
0.2019644485603469
0.1261865137258438
0.15127728512356603
0.12295706169844703
0.1468044324620416
0.18197686997764947
0.1152568625697491
0.12924925612738494
0.14460570470285514
0.15598257500747548
0.1361638766383641
0.20112940213737923
0.22049647060654648
0.1777599092946877
0.24570066771668725
0.15665601268747933
0.16295025018396214
0.2547023862859333
0.18574513717852473
0.17166392445961415
0.23882090376830095
0.13956886323863824
0.16550952999490492
0.20872317060702272
0.12616675621599358
0.11742634263491578
0.15036416745788309
0.28214332983895424
0.18945464361844994
0.1924345668799732
0.1476774968131913
0.2298188908898296
0.14425351908111209
0.0944882594361499
0.20797875948796699
0.20730782875137194
0.11203269234179544
0.1733231410697574
0.16432966611124353
0.19703412945608972
0.23910247428914935
0.2705971494470556
0.2087150799010003
0.2009213776444989
0.0798239964132005
0.2293233367879622
0.17027839768476333
0.1519211481976417
0.12843407762928188
0.1354469170397217
0.1526281350475554
0.13142177177851072
0.1667528493924283
0.15046424313232742
0.1717685122950389
0.16827237897083067
0.23670803614708014
0.1869649809959189
0.2023685485218805
0.1728846228536107
0.21218127518015845
0.21698678224023935
0.15610578430912678
0.1583217631930259
0.16822127759762853
0.17956650230453255
0.1861073061595063
0.2234384984096321
0.1974774557265863
0.10368610890767255
0.18310812665256895
0.21206647969986675
0.14434484041360307
0.2036318520317993
0.1697781589777636
0.2250893902191254
0.2306641021940174
0.10365145410628046
0.1853619000026357
0.19827708696861415
0.20419018531818728
0.13232190468939095
0.190172180618563
0.20197293263631272
0.17895270977644687
0.23791486486551683
0.139250954357344
0.12986736224946308
0.13794516942729385
0.19174786694284884
0.1396651454841151
0.17127381505402645
0.18138281799814526
0.17790451831651533
0.18042857631776515
0.1084244284325211
0.1606646530414633
0.2101662686899621
0.1402575498805986
0.2020689377650271
0.17251844322516233
0.22219595332073772
0.14187055426711376
0.20673324211243893
0.11091156195792166
0.1633199899560715
0.14075827628036874
0.14727332758144962
0.23025281719421464
0.250241744626418
0.18530277374852713
0.17686793792384542
0.2087494888451873
0.15907150184587104
0.17690596612042578
0.14206220940825887
0.18282567017336993
0.14612288818622032
0.18971891767963733
0.22765390386400056
0.14626352524345104
0.17961114015188287
0.14474440402160474
0.1472252165104012
0.2225597079626
0.20053807957663078
0.13445937009741926
0.22114874757921346
0.14935247302023977
0.20755795431809357
0.1475063039386752
0.1758847079518367
0.19411640219636808
0.1463242803010031
0.1627024288490081
0.15790757183795676
0.22465810710199902
0.22347773886056832
0.17296011916095447
0.1691594113665478
0.18363985852141068
0.18427374074503583
0.20205256017950207
0.2663452965845077
0.1912681429612168
0.18078575477075298
0.11807846504972905
0.20298587354455172
0.12590689924980794
0.12112229240264616
0.1405960574324766
0.1862063100716595
0.2080625954435939
0.15910662673954387
0.18123592332753583
0.12356806774708705
0.1741884184250842
0.20442256760388725
0.1128930719371436
0.18296574957768877
0.18101207112152384
0.15183204500604677
0.1144859779072022
0.15679401483692085
0.22378507043200116
0.13328745355489413
0.20481175327797804
0.1487993742230308
0.1768914512593888
0.12627111121511841
0.18593290487399292
0.1334185617742488
0.16560119937159348
0.10988287615533021
0.16103279273420606
0.18786970989211976
0.1895796972532588
0.1660458557822615
0.2153097453822881
0.18676406226495318
0.1569556579319028
0.17423981144626044
0.16327123586093853
0.2237184387308869
0.23396065837379093
0.16469916954380712
0.13729794405474727
0.09534769784347359
0.1777396027917874
0.23816367357986876
0.18545325967935444
0.22216388656133165
0.15910384721013196
0.18151272436302415
0.12079564042189936
0.12369213011509422
0.203943997399208
0.1299455916411954
0.1955945566160038
0.23784537997968813
0.15051533449748
0.22281138160740432
0.12956720426249144
0.16916924079213508
0.225601482975104
0.14975283500796632
0.1524354208476643
0.12026896042021479
0.14726153289679217
0.18148847881568875
0.1003387358755905
0.11246261153415962
0.22112827846582886
0.15885624765633294
0.08685304922830009
0.12824180117012435
0.018199820400479183
0.1185631543362465
0.19524135974300275
0.1690095411849704
0.18554372519996404
0.18151284722160121
0.1826169873857776
0.22673660402078433
0.17455161130897787
0.12633073165614195
0.215121289236409
0.24197474532534463
0.17100616736440954
0.1710286864075135
0.12092483969484286
0.21113503738799777
0.13466482149401854
0.24406960679533446
0.17138207226016572
0.16313408932741574
0.1822482440658561
0.1257155232458853
0.12385752617466711
0.21244656396985345
0.1768625948211729
0.14363878389639687
0.2271901097289345
0.21771213741787884
0.13759091078696917
0.11850074770630085
0.13609149850945687
0.1207460710818325
0.17501069901347768
0.1412932145062917
0.22151484020133252
0.11243575409829348
0.11573384872746359
0.10996816693192846
0.1611019578462576
0.2060797226171312
0.21483129710067755
0.2116758185074532
0.17772085839587548
0.21888965944121574
0.1562517222557603
0.19650360635385336
0.22317350715634565
0.17813524162692976
0.15071101552897775
0.16636170265319214
0.22342325607920274
0.25066148929672033
0.1827537684458106
0.22490656385309726
0.16639056659168422
0.19196216394443852
0.18144401548766695
0.20958824824462036
0.1000447721081214
0.15638862762999056
0.17202199779812974
0.10434879509473043
0.16720358370793062
0.17804650148175322
0.16645567178321344
0.22406044594486402
0.1584814305219678
0.16832198034957313
0.16851572556881433
0.17915012724737825
0.18961402464796268
0.2085154003791821
0.2327001942005834
0.15477788583401503
0.12030108359608978
0.1590671850875124
0.2277816005147387
0.22798102327276282
0.17200301605583826
0.1492036136912012
0.14269611998566326
0.15497520442370274
0.150866083852419
0.12334307136227052
0.2238128866768587
0.08604202892787577
0.18703992991014515
0.17818700382293676
0.12829189099963353
0.15098787686105342
0.2359597330642649
0.16039521887099623
0.17396037165036507
0.061323858072637266
0.15622209906940016
0.13450459002179452
0.12759608398483566
0.2009485300260297
0.18512534695474708
0.15025374547573203
0.1869402157645961
0.1935691230671413
0.1817427508941169
0.11485751568964425
0.13057765364967855
0.14795639107024292
0.14114421857216697
0.18869852078379265
0.1777865445688355
0.07919815546653688
0.17254338359274554
0.16329747255443583
0.19608918551015914
0.1844768850031429
0.05724462887932101
0.2336916338301432
0.1965977067264306
0.1504195466293402
0.20938808921218324
0.18617747821566435
0.060511322321346525
0.09642327483541041
0.20264122924005434
0.2343185005538319
0.19569494723174619
0.16573708513780328
0.18744419682695013
0.1341145502979174
0.11355827853107242
0.14867216510238604
0.1893272783624636
0.17186953418789505
0.133304720184998
0.20092305165462604
0.18148505161645703
0.1355332017978117
0.19526331041613776
0.16579272750562052
0.20462065050481953
0.15921240048499036
0.15871743261364096
0.17179641207629323
0.12062651114805464
0.1277653534467141
0.1882387445260529
0.12853895916963975
0.18827052191720003
0.14575612374615818
0.17915556490890575
0.15725334473983013
0.14540676839143774
0.11561590404760495
0.2227644857190086
0.19178132000772333
0.20935384601000182
0.19561558060251202
0.24193722121140218
0.11796877077020912
0.19617958500057342
0.20000998961966435
0.1932638516305201
0.22484092071602793
0.18867789502110072
0.11071479568902251
0.1438039158050145
0.19724891054828245
0.20581380302492336
0.174012795668148
0.17447338908835358
0.1443491277827716
0.15439222965889113
0.18661466817208444
0.15768130233041067
0.14495309845288162
0.18908959096985625
0.1770739730233598
0.24504475078286841
0.20698747326916975
0.13625922600838544
0.21103426498195332
0.16693874196268485
0.1635162838456563
0.14060091285588278
0.13553484636779847
0.14082627913604912
0.22405689196518996
0.1030125401519838
0.1701403916296984
0.22607202764919454
0.13938300390304256
0.1942276369380312
0.21377379145244227
0.20086469980917754
0.21345452755699204
0.16748203283614854
0.1361202921704814
0.15476532665595105
0.16628215137427008
0.24614657533841905
0.21705686787218578
0.13991457567531596
0.07883747787982424
0.22895873938099934
0.15824391783072977
0.16944465116015456
0.12572471711486588
0.1653473904201276
0.1391565713988548
0.24223199528474992
0.12406745708636972
0.16697203979983946
0.12768813266916634
0.1324317470038606
0.12998760863376763
0.2403825726517999
0.10115536886754416
0.1939527998120923
0.19969502876847264
0.24356241020374964
0.21733311045328682
0.18444396554684298
0.12904856778787155
0.14689028243981195
0.22175191387615753
0.11624160196737629
0.14837344253768087
0.22449879464359218
0.08062663268610197
0.16502695619877136
0.16881588756908464
0.13424160695170118
0.16412688680336146
0.15874253040268113
0.13547344799865088
0.176850804704117
0.2086307621567794
0.1900330584201919
0.06529179462617477
0.15737555369284179
0.10293990574710007
0.14546603152743784
0.15664320536542417
0.10985574478294237
0.1762257758808242
0.19581661836189135
0.1618241119903771
0.17405274855277533
0.19199714549584404
0.17599920990628898
0.20219730119832627
0.21293020806957635
0.22330853156211677
0.17024649847740944
0.11288320689108688
0.16849419392349463
0.17082835836911286
0.14063164696861954
0.19244481479263828
0.188711431049992
0.1889072560252525
0.07414339457421472
0.11343904278693256
0.16365641143470896
0.09937213813030264
0.18152058174116692
0.1488232113671507
0.21584696049997418
0.13513534526597779
0.19019981502963018
0.11110251034349074
