Phi, Sw, K
0.11745097559610439, 0.2, 123.41798767484211
0.16679502797802737, 0.2, 3.3353170713417923
0.12000696379424013, 0.2, 42.929942038281496
0.1490619936071728, 0.2, 32.450427505894034
0.19026013181942372, 0.2, 170.6539825489325
0.22054045597727034, 0.2, 9.078884457356502
0.1457010341408237, 0.2, 2.7266607085443284
0.14208866685894941, 0.2, 6.187727831101299
0.18045751368067386, 0.2, 40.149499475577095
0.14811342350680837, 0.2, 30.93794802161924
0.15570166082170006, 0.2, 91.8454732635356
0.09111101494099202, 0.2, 74.49140528783028
0.10670256405655255, 0.2, 11.273654940431934
0.10990918548625117, 0.2, 159.84027226908395
0.07778250758920145, 0.2, 395.04186366093165
0.13994668283282632, 0.2, 19.307427528730273
0.09105239235486186, 0.2, 14.369145718203244
0.17415263292801839, 0.2, 109.8769390916376
0.2178733083086268, 0.2, 213.4319175261001
0.06503942709702973, 0.2, 398.093836132766
0.15961044222157977, 0.2, 27.909705058431243
0.2142445806800948, 0.2, 28.086137580037597
0.10579569892640647, 0.2, 93.86897113107403
0.1316493743424518, 0.2, 55.400694342305364
0.1713001503895257, 0.2, 237.59517275811268
0.15565974320893802, 0.2, 741.3472320776583
0.12004003292404902, 0.2, 58.92914431480992
0.194314311390969, 0.2, 47.65649462022744
0.0863285437713686, 0.2, 3.3619055652436005
0.09215650142366462, 0.2, 10.984248605804932
0.1269468056246872, 0.2, 116.13137824755438
0.11672209370134788, 0.2, 13.680882745514705
0.15387144853219217, 0.2, 25.660449968107166
0.12925747232831736, 0.2, 28.911184876358575
0.18647880949152454, 0.2, 88.17764605527972
0.09725091087900557, 0.2, 64.09880136164125
0.19089120483889527, 0.2, 29.774908752606972
0.2135243461644611, 0.2, 42.85420934993415
0.27795274950412474, 0.2, 32.523160231600876
0.11365867560924886, 0.2, 70.56494692144841
0.12923852133137287, 0.2, 95.43800205841288
0.07197108163201071, 0.2, 24.743426914322317
0.14430822905416835, 0.2, 125.49442174223189
0.17399219214203523, 0.2, 176.3530091086847
0.27569497585098324, 0.2, 167.48752225105775
0.047567714569565225, 0.2, 16.309815390882083
0.1289893353653993, 0.2, 137.9611121682759
0.13719538949363, 0.2, 69.86073628359726
0.20741335562045116, 0.2, 50.110411231650666
0.18303152501919867, 0.2, 55.773591521725535
0.12556461261436808, 0.2, 19.320384094908924
0.1390084067066057, 0.2, 405.8323973596678
0.1398220614761742, 0.2, 64.69886000797122
0.17510381294314498, 0.2, 138.67431865739525
0.0748473217136956, 0.2, 247.7283942913039
0.15233869868774166, 0.2, 1.5895617111137914
0.08111209395728852, 0.2, 17.694470841367508
0.12574281549286795, 0.2, 4.838001531293937
0.10151332092495352, 0.2, 74.02696191633163
0.11996405881837612, 0.2, 6.966788807482809
0.13114072574566346, 0.2, 164.157588626865
0.2163358744269428, 0.2, 70.83282388787178
0.10329137683016362, 0.2, 148.45478711745878
0.1586607107304848, 0.2, 35.47151294613545
0.10151865736690792, 0.2, 22.224619959136746
0.11214438440626084, 0.2, 50.82709434899712
0.1717998167929961, 0.2, 10.779618794896201
0.2544058569337763, 0.2, 342.5713832066709
0.16500194486540856, 0.2, 96.3825118214223
0.18284720322285794, 0.2, 111.44416725750965
0.21034256865747172, 0.2, 24.72047467714558
0.19134243271565107, 0.2, 11.023183904582217
0.17252705482583902, 0.2, 131.26975288658195
0.2392744501447495, 0.2, 72.0037599862116
0.1857263151801942, 0.2, 66.03090785423873
0.18700072360327596, 0.2, 98.32674811742285
0.19523823770548823, 0.2, 1.5574913859404216
0.1718796331474709, 0.2, 59.83826291487745
0.16712158783821363, 0.2, 28.96696706131744
0.22655185738418013, 0.2, 281.0351691696305
0.17801960151184595, 0.2, 142.1060209811036
0.09483470411119796, 0.2, 135.00177536105315
0.1526127709203123, 0.2, 92.10628694418301
0.1493085034652232, 0.2, 62.42978606510618
0.13718466753165998, 0.2, 9.36704946331883
0.17711193950024198, 0.2, 73.7147431427585
0.17327388072687702, 0.2, 44.5875286733809
0.2307013340071264, 0.2, 15.5388684163508
0.09191003080982484, 0.2, 86.500771558009
0.13806067921904214, 0.2, 53.54631417589532
0.10860287348828027, 0.2, 7.601615848355457
0.1937313335329685, 0.2, 12.148253765474571
0.1849510637676878, 0.2, 12.535803852459468
0.12800735905720112, 0.2, 109.79133674938493
0.15504242134161766, 0.2, 40.63572277619589
0.07550466314091023, 0.2, 35.627437359695094
0.08425991374257395, 0.2, 112.98312053736154
0.11549731731633268, 0.2, 146.24119210617738
0.19112587305754383, 0.2, 101.99195800121339
0.07175779688894032, 0.2, 72.40628901818644
0.23926785061807715, 0.2, 80.75250989421382
0.2094552350226499, 0.2, 55.470142844134834
0.14139821156615356, 0.2, 50.7500908191895
0.12167561647969419, 0.2, 28.47382835304815
0.17987793839945623, 0.2, 4.80136211587027
0.11803100867503498, 0.2, 30.29230592267492
0.1411912016204256, 0.2, 141.65974591656297
0.152001315103436, 0.2, 85.36833588016351
0.10688317062863564, 0.2, 72.85326522032251
0.15144456475112653, 0.2, 1.8293538883398095
0.17720642411655804, 0.2, 10.969642811395797
0.16441279741430626, 0.2, 8.544568300270134
0.11382243065488276, 0.2, 119.92439254876535
0.14293472355895312, 0.2, 170.26623817963244
0.23119251086485185, 0.2, 28.859737520263526
0.19623934070637547, 0.2, 6.319102040489735
0.13686592280221235, 0.2, 55.077697875176355
0.09174836985458504, 0.2, 10.754855480043261
0.146139782180562, 0.2, 30.033611996765828
0.11918513455680464, 0.2, 222.5675034363504
0.15511282677716354, 0.2, 147.29493289641513
0.07917115583575306, 0.2, 46.28948537399105
0.17848518780933717, 0.2, 66.26471092433972
0.1292892472044826, 0.2, 42.390154527757254
0.21182100949175656, 0.2, 137.51468013967778
0.12109343720797835, 0.2, 38.80166009193675
0.1802352576675117, 0.2, 84.58937959476094
0.10689784906613248, 0.2, 136.3543282685257
0.19316234054598547, 0.2, 18.16811584328428
0.18148449031402203, 0.2, 112.50021551923567
0.1432166356876107, 0.2, 5.056617460057854
0.13458343187793764, 0.2, 85.34500833645863
0.18617217786531584, 0.2, 9.173032445075
0.16905726314807576, 0.2, 26.29715510255828
0.09953974155617326, 0.2, 403.54250684646775
0.1262242673995165, 0.2, 30.524677436430984
0.11445193611887325, 0.2, 30.041897983651218
0.23014144326888347, 0.2, 65.80558077886994
0.17217213693428463, 0.2, 0.21268341166615498
0.1624199345289872, 0.2, 296.97003734604345
0.16265791016623193, 0.2, 54.31374949322614
0.07053772680697554, 0.2, 84.99044691715166
0.15194926756800353, 0.2, 196.27259173269556
0.14444274651432176, 0.2, 7.207075784791938
0.17388586727056554, 0.2, 3.763742435047525
0.08683842289002888, 0.2, 167.2797050906277
0.1866391969028991, 0.2, 48.08137633961496
0.13407794218612284, 0.2, 1.6607701020693066
0.14401418488755408, 0.2, 35.06949987686369
0.14821534344381337, 0.2, 3.9557845447684707
0.11429613531223938, 0.2, 35.94194549082447
0.19239367714931985, 0.2, 150.4878581258939
0.13065533514890362, 0.2, 11.784946506852139
0.17810212292736044, 0.2, 408.25230804882256
0.09726178130780826, 0.2, 95.57792491707788
0.10146447419328339, 0.2, 34.48111324266929
0.17893672631677485, 0.2, 1.9036730533200632
0.1421949334452847, 0.2, 50.84701879536083
0.16476508793971228, 0.2, 16.22142369367784
0.16229569073633676, 0.2, 119.82391943247887
0.24840650143104043, 0.2, 2.7543760368120855
0.18591112613872113, 0.2, 122.11400236336361
0.15685980806241054, 0.2, 13.480659586353543
0.14369711542171346, 0.2, 190.69054233926656
0.2032020738153757, 0.2, 19.909182516338536
0.16540412526027054, 0.2, 8.308858519053413
0.11126207907251849, 0.2, 154.31059538515814
0.1533424298388812, 0.2, 385.1043461444989
0.12029748530903292, 0.2, 28.32987256672938
0.15932932821924564, 0.2, 17.902681677256435
0.12647395738116385, 0.2, 19.468206299308164
0.1452519643992933, 0.2, 36.66903522696648
0.16146204048959806, 0.2, 15.164315832976165
0.11355191259050715, 0.2, 49.21165947103909
0.20667692865369444, 0.2, 35.104010123800215
0.1559043553456739, 0.2, 65.44667528914152
0.19938064739893394, 0.2, 29.03157725361406
0.1628835803081104, 0.2, 58.7835398781116
0.20267426721291418, 0.2, 95.5537499517735
0.1720727060121684, 0.2, 102.59570705259692
0.1922541115207255, 0.2, 42.33808428299023
0.08555364945829257, 0.2, 37.05247832067952
0.14755040171894587, 0.2, 29.995759865241034
0.14528038569059085, 0.2, 42.2232091767266
0.10916930930258853, 0.2, 195.01301089421597
0.20044781510329288, 0.2, 37.192036303348814
0.20678879471581021, 0.2, 86.30541540308319
0.18900713585621182, 0.2, 43.61095942732544
0.14748192204672292, 0.2, 3.0007233065446974
0.1530704732493491, 0.2, 6.525716303059183
0.10919017927085767, 0.2, 41.96543666373589
0.13465872759288283, 0.2, 79.74851587625392
0.09963274587266083, 0.2, 130.56484770635618
0.13713504015039835, 0.2, 237.5375157929422
0.20509378511329385, 0.2, 18.87068626528145
0.16085857220564675, 0.2, 230.94803989538744
0.18188558272354105, 0.2, 69.97973601037368
0.04088243546358768, 0.2, 21.200041617112717
0.13234842467402191, 0.2, 81.75553688498653
0.14053798493939995, 0.2, 20.90938302391224
0.1338808573332502, 0.2, 200.43895545150164
0.16624998387045298, 0.2, 94.89013725710745
0.06614271971495399, 0.2, 67.56955966732598
0.1429507613584008, 0.2, 200.06842658339156
0.16591451847630787, 0.2, 1.0590910143014596
0.13595252584202863, 0.2, 245.90948447339676
0.19884661676016185, 0.2, 43.94933539120106
0.21123575775936743, 0.2, 22.173318063724068
0.16489798569182498, 0.2, 66.87864963886099
0.09432612191943845, 0.2, 72.2470339129347
0.11019993377404455, 0.2, 302.3302417941232
0.0914870870664925, 0.2, 242.37598149945174
0.1746098795732117, 0.2, 380.13746749086226
0.22678811227956347, 0.2, 239.63264959354953
0.13014690884946747, 0.2, 69.28706530148482
0.0885390622028901, 0.2, 11.619200109807602
0.1367231653858554, 0.2, 22.996663003414575
0.17020691025127044, 0.2, 22.631547745874087
0.18788319900197506, 0.2, 78.13903628818477
0.2166169879402528, 0.2, 102.78814243615011
0.15265331645873673, 0.2, 145.14059768792805
0.18884641177225456, 0.2, 91.61576114739826
0.1837784565432107, 0.2, 4.913317589964664
0.13013642138208326, 0.2, 1.1642766802627382
0.14322246401392005, 0.2, 135.3665277203752
0.123896432787959, 0.2, 113.79675853961847
0.11027459402139783, 0.2, 6.527949544693416
0.19426113279682733, 0.2, 5.742105628975075
0.22276103279602177, 0.2, 26.127123500336705
0.1414161433988134, 0.2, 31.16976520297229
0.16108551047271358, 0.2, 3.1238768072098626
0.16123408126827243, 0.2, 141.70322568408977
0.06859525478635621, 0.2, 20.005907710217627
0.09193006304061437, 0.2, 76.44696684569871
0.1472710972017181, 0.2, 93.35437813479058
0.15576035021422152, 0.2, 22.84462507007191
0.200130188413417, 0.2, 188.64180966442632
0.1885402306917238, 0.2, 41.28312560228479
0.1623816337536089, 0.2, 220.54884612628436
0.17103759342132377, 0.2, 158.69464617090884
0.19065630764819103, 0.2, 7.262688149063929
0.13254963755940297, 0.2, 132.0401958175027
0.15744983903247545, 0.2, 48.12796548218337
0.11153895369549803, 0.2, 164.3897338585662
0.12586207021478155, 0.2, 41.12720661922874
0.11147988158905758, 0.2, 82.35432885516254
0.14444098892033766, 0.2, 179.10879382691488
0.16491671608495745, 0.2, 54.24883828308319
0.11156850307092686, 0.2, 20.48790240872308
0.21229303330212665, 0.2, 79.61769417471044
0.12324953934183167, 0.2, 70.6161877437264
0.11908076725078726, 0.2, 17.995623541090865
0.1741508600530204, 0.2, 32.713745762615865
0.1473111506899645, 0.2, 6.445069820529558
0.11603418159980204, 0.2, 33.605723018735475
0.1521154014692183, 0.2, 14.390591150382779
0.17299151812757074, 0.2, 61.709565746051375
0.13915120233910674, 0.2, 115.60636946483366
0.166720193598619, 0.2, 33.52326174227172
0.17853566594305215, 0.2, 41.93578027699949
0.1459154303745508, 0.2, 134.32149545093174
0.16691240994640374, 0.2, 21.232265345093825
0.17377002926823912, 0.2, 31.337237311385717
0.15493097086172283, 0.2, 160.61200072874047
0.0750502590933806, 0.2, 36.01809047238362
0.17923443198194627, 0.2, 107.54865377422385
0.1827458907305079, 0.2, 46.965353643280785
0.20927814100515724, 0.2, 141.86293509119866
0.20594400264998017, 0.2, 28.937702278303757
0.13691703053386034, 0.2, 65.03122489435182
0.12986635060920376, 0.2, 137.84669417194274
0.09771676655851722, 0.2, 233.50632989881984
0.16264507623758476, 0.2, 19.43055819516938
0.18078543807331343, 0.2, 144.0486776804134
0.14346259510719764, 0.2, 36.194477716487896
0.18663015711992026, 0.2, 26.857436275945062
0.1452667063297306, 0.2, 13.707658084793998
0.19206481384638097, 0.2, 2.8930914889598713
0.20071797123511126, 0.2, 52.38436844822532
0.10234158635260251, 0.2, 7.593644329935607
0.18524594122944937, 0.2, 0.545543138861952
0.10649318794172025, 0.2, 86.62811429433262
0.1353801627065301, 0.2, 6.287067278730199
0.15168636896310386, 0.2, 8.181875513913814
0.12076329688018672, 0.2, 18.322400273435115
0.16276694081568563, 0.2, 78.8257590910105
0.15036784701950937, 0.2, 36.761432764580796
0.14323111874402852, 0.2, 10.17619719033652
0.12881220453510817, 0.2, 51.77942548243167
0.23506709913928425, 0.2, 120.65956503503818
0.1443002527413045, 0.2, 8.725490830380856
0.1611295506413346, 0.2, 72.61102281990712
0.037810194779535344, 0.2, 58.09246151947248
0.09161223252857217, 0.2, 18.86967612565832
0.1016452342118371, 0.2, 91.2992836167999
0.14279691264326305, 0.2, 11.56069865370609
0.18249031706960528, 0.2, 49.92975675049011
0.1312817859634728, 0.2, 53.57175905258597
0.18853027339749848, 0.2, 9.098312560977488
0.15454947535487165, 0.2, 2.155708543115458
0.13609675934521062, 0.2, 198.34427814007387
0.1571122350235429, 0.2, 321.80006243539015
0.14380362409219252, 0.2, 0.3055915327214816
0.12978947277229952, 0.2, 23.037209691082975
0.14059864414712459, 0.2, 151.19748776127838
0.18266381431347045, 0.2, 202.51422413533095
0.11430377050225052, 0.2, 126.77111149731962
0.17020153733205504, 0.2, 21.94342221116936
0.16464298384053158, 0.2, 21.41702978435129
0.1774971704199917, 0.2, 209.616181445337
0.10884941321654797, 0.2, 61.999580669975686
0.20968544198062777, 0.2, 38.856329079915334
0.17562011936543007, 0.2, 85.61159338608626
0.22461279472326817, 0.2, 34.52030058113449
0.18276778386194115, 0.2, 469.6674136523532
0.1929918719800629, 0.2, 116.01631524300404
0.1706459393775082, 0.2, 88.15739544591858
0.14948434589299958, 0.2, 74.47504543874558
0.09491153668189606, 0.2, 25.268783947726472
0.17621797476897874, 0.2, 172.4897519160191
0.17584755275074843, 0.2, 61.62187219746141
0.13106577609404785, 0.2, 172.87542500703807
0.11732722587936378, 0.2, 128.70217291695292
0.22139988399910038, 0.2, 122.48103177594146
0.21287437687578992, 0.2, 28.46071437154755
0.19424512885612177, 0.2, 289.353776371665
0.19280251008938834, 0.2, 269.4576310921498
0.18365988035609812, 0.2, 36.86149046363174
0.16044928275600154, 0.2, 13.702805249742015
0.1705653669109234, 0.2, 349.21906961106816
0.13204806275637807, 0.2, 199.80910985004513
0.16742708253727012, 0.2, 101.9721925478119
0.13321259562426077, 0.2, 284.3696554675797
0.20357492540759003, 0.2, 176.4588351649961
0.14531646561160078, 0.2, 93.30821419060351
0.16937108560070635, 0.2, 25.6284432126328
0.16811193991758766, 0.2, 22.330057714102725
0.15018288473417182, 0.2, 18.166869266470304
0.15873330345884185, 0.2, 103.77775259317333
0.15585877757476413, 0.2, 96.25775371583356
0.17731465000736008, 0.2, 84.57929773569252
0.1320847074233334, 0.2, 40.801391713604005
0.1448960207365643, 0.2, 24.47399586837178
0.0966437223011429, 0.2, 995.2601997708366
0.2042388444411895, 0.2, 37.035837014612426
0.13538022076593098, 0.2, 151.9445328178037
0.0792460830340513, 0.2, 23.870549353497125
0.15138523290487388, 0.2, 23.259750861549833
0.11093066537165147, 0.2, 26.085330955430607
0.10177218145971023, 0.2, 41.39441050329151
0.14526520534539203, 0.2, 5.584245106179096
0.13276140747809306, 0.2, 29.50153751622416
0.18131770407936454, 0.2, 6.142781707597062
0.2122064878338627, 0.2, 8.1918515309748
0.1817090479997932, 0.2, 227.63579254268356
0.09528935374687666, 0.2, 19.999602375439398
0.09505966179518655, 0.2, 29.997592377723358
0.12078961717786901, 0.2, 85.46517605537888
0.139594039201676, 0.2, 17.568675403013913
0.17664210081659204, 0.2, 10.625819122734692
0.16805618157643187, 0.2, 80.62369485203014
0.12576589559027762, 0.2, 238.51335531573613
0.2211731000977186, 0.2, 86.91912889392228
0.09832475273368396, 0.2, 15.110279297990132
0.1414817806988414, 0.2, 96.49942922406092
0.15630838138879244, 0.2, 325.76405210290955
0.09976937916641124, 0.2, 26.473811441063305
0.1942149422540633, 0.2, 139.45031576454068
0.12753004290055744, 0.2, 159.06916704423537
0.20655721818902342, 0.2, 137.3165158507558
0.11022633560812088, 0.2, 143.84190814883502
0.19121354678264846, 0.2, 106.51638776202186
0.16833804441110536, 0.2, 43.96855661538314
0.13288970043006224, 0.2, 81.45380631585388
0.18965902179658634, 0.2, 15.328931747561782
0.20311475590219683, 0.2, 11.992323380900702
0.1056072028419716, 0.2, 1.1812185701200895
0.19900767653480825, 0.2, 25.489443328680803
0.14386781842028074, 0.2, 0.5178632437985373
0.14279276082812573, 0.2, 217.56269592165845
0.19202235458093367, 0.2, 1.4304784785598452
0.13881318455476432, 0.2, 130.29398899115193
0.17463785816281413, 0.2, 64.97883391900886
0.14296860884196452, 0.2, 23.597413414222956
0.183186572140589, 0.2, 64.77248773725962
0.10399033032681079, 0.2, 89.62636147524486
0.11199552700176524, 0.2, 186.2149649087865
0.08200375954661927, 0.2, 66.64543881844423
0.19262821959327536, 0.2, 4.257005977014896
0.1347327716582958, 0.2, 48.70686051830609
0.09781509661387672, 0.2, 6.3590755279874305
0.16413311890563995, 0.2, 392.1976790099386
0.16064324654206502, 0.2, 179.24166659253754
0.15506965948798446, 0.2, 0.863347299420302
0.12774977183998304, 0.2, 78.81022255175732
0.13921854531897218, 0.2, 66.28134520841327
0.12713824163098636, 0.2, 55.4104170718989
0.10463476581241576, 0.2, 2.1161770839943466
0.1728843524617928, 0.2, 33.06168124652474
0.11163541825005316, 0.2, 43.22738319648915
0.1511528790317234, 0.2, 70.53917571904458
0.15693780804411575, 0.2, 30.488394497681934
0.10899913277067991, 0.2, 106.49780656156544
0.1646725363758343, 0.2, 23.424892056487714
0.1277006706522024, 0.2, 36.99605254000569
0.1588656458803786, 0.2, 20.48188756059516
0.17703090392965148, 0.2, 13.30476771103607
0.15196824737700418, 0.2, 95.12796467193628
0.1283278570935106, 0.2, 16.094399618359844
0.1632263966675972, 0.2, 44.92610002523664
0.21674715516226278, 0.2, 13.955862161918695
0.10596965705874281, 0.2, 16.483408364550762
0.16629962840112975, 0.2, 189.88001403172024
0.19980225397570472, 0.2, 332.1854551449432
0.21053688009327548, 0.2, 8.011662994754841
0.14528916858289231, 0.2, 25.402978205887177
0.1435151024890264, 0.2, 114.22877847269721
0.22467724368976633, 0.2, 61.45349162855966
0.22580919634543103, 0.2, 19.260432816493108
0.07845067983231166, 0.2, 50.65198943721374
0.1684941324721374, 0.2, 62.78436288786073
0.1499635885718601, 0.2, 103.28066429538623
0.2746674903998409, 0.2, 146.31390030182396
0.12043284610678226, 0.2, 103.87051518582243
0.13061033987100984, 0.2, 35.20474331490129
0.1304778873585636, 0.2, 25.6997092667152
0.18150370821116435, 0.2, 13.554929792986117
0.14037896729785676, 0.2, 147.4786577895946
0.15327464819151365, 0.2, 101.03437999089986
0.06263324051848317, 0.2, 57.23542191974286
0.15209532962390523, 0.2, 153.67853744981764
0.14216873935231644, 0.2, 115.99764308534483
0.0789155275618268, 0.2, 59.3298785113448
0.16995481428212442, 0.2, 36.333799985597565
0.17938347531557416, 0.2, 111.46698857628441
0.0723828226869076, 0.2, 177.0153429371294
0.10899364844311449, 0.2, 50.077036718423855
0.18177395899266516, 0.2, 196.18479117168224
0.11900774222295792, 0.2, 367.41380887891216
0.20176563302663084, 0.2, 69.33661512655243
0.2309264317589097, 0.2, 28.98291873908949
0.15891592986275047, 0.2, 10.968354335254961
0.19660130895420447, 0.2, 28.264007350549328
0.18374637593823845, 0.2, 5.239247359146018
0.18813437201501426, 0.2, 44.78673852349521
0.13870837439021613, 0.2, 165.06942911348963
0.18483017604181257, 0.2, 50.578350438002815
0.2012951480648066, 0.2, 136.11703464137184
0.25398168094484397, 0.2, 53.753240878291734
0.12151261570877653, 0.2, 28.21876161404064
0.17988525094088909, 0.2, 158.39369605053537
0.12565965851631303, 0.2, 3.5851473283046147
0.24276615654069322, 0.2, 77.68533983831165
0.14249565098330333, 0.2, 38.353751953436586
0.17686443331291626, 0.2, 253.4448792180983
0.20264270195613857, 0.2, 29.556492778990297
0.11116739737384795, 0.2, 51.61686596470464
0.14993238047770624, 0.2, 21.57234943514012
0.10020992223705995, 0.2, 119.64723372174595
0.1523193344995703, 0.2, 1.1699254493101738
0.1689271181298032, 0.2, 65.42779231085483
0.1742835611873613, 0.2, 30.80320435131543
0.11159001023771628, 0.2, 20.367934872895805
0.12410302353651549, 0.2, 16.019250182194632
0.17900135326912225, 0.2, 202.2418829673404
0.08904629936776293, 0.2, 139.15390773029526
0.14706651970716117, 0.2, 25.890724037458607
0.14189579308569084, 0.2, 202.09308198084895
0.11368446658616535, 0.2, 152.26046849417264
0.18337990243354346, 0.2, 37.31996407107904
0.12449967947193094, 0.2, 25.49321419321508
0.23208033447704163, 0.2, 31.343911122349898
0.12358115284361365, 0.2, 63.30470305539552
0.06664138918383064, 0.2, 47.31896128821029
0.15031005890394553, 0.2, 25.270939512310278
0.1901536952533603, 0.2, 0.059367616970922424
0.1781038455554909, 0.2, 137.38186898480214
0.19722704374383268, 0.2, 34.34053804385581
0.1632666603670362, 0.2, 190.33503234544443
0.1470621154743377, 0.2, 88.0762482395275
0.19157870320927844, 0.2, 58.0284623730581
0.15328583371136978, 0.2, 3.0320805253963674
0.17161727599601354, 0.2, 111.62573745268678
0.16491133618373635, 0.2, 19.362962072238183
0.11409876514634237, 0.2, 32.39512007628057
0.1070704909129415, 0.2, 9.788027852426659
0.1557436639237892, 0.2, 3.2227694734335097
0.09840388260469099, 0.2, 90.80887584833872
0.18501733258010788, 0.2, 20.568130343569326
0.15066816321778867, 0.2, 43.66755949554297
0.10084109597288561, 0.2, 221.63616789781898
0.13263594554348757, 0.2, 5.9449812708648535
0.11331898791999301, 0.2, 22.750242281871444
0.19108124793125622, 0.2, 70.46990530096907
0.19210501571030028, 0.2, 5.3546061245094405
0.08797554511756916, 0.2, 69.56377664175398
0.15621876127700962, 0.2, 23.953962909863048
0.11346265261027894, 0.2, 156.62506938369054
0.1390720442373895, 0.2, 206.03638289077097
0.16294691134051037, 0.2, 30.229360470308173
0.1615842672178129, 0.2, 71.93596786218667
0.0929403999779739, 0.2, 314.86337399121373
0.12985374573992403, 0.2, 122.4135608633571
0.19311489554912534, 0.2, 40.26893946159283
0.23509063816547454, 0.2, 133.33286652407176
0.19084255474972023, 0.2, 8.722169803353763
0.18814547026884373, 0.2, 31.894854499544394
0.14636754901460192, 0.2, 104.98313581711247
0.18489168082980212, 0.2, 11.804147660865624
0.09027410222129179, 0.2, 8.575003734185003
0.16475862532771576, 0.2, 1.8676979836964394
0.11780532052049333, 0.2, 55.516936298619775
0.18732514059778652, 0.2, 214.98423028054452
0.1202370539906957, 0.2, 1.2533837716248373
0.155976039805391, 0.2, 250.22135490887194
0.18469869113338083, 0.2, 62.032198346156896
0.1577237481097858, 0.2, 126.96071604555647
0.09727325832626715, 0.2, 21.22911250762989
0.08469579067273016, 0.2, 214.46901171535532
0.19049185753846812, 0.2, 72.9322361595447
0.15539861464413024, 0.2, 195.3247097965157
0.18281677665455243, 0.2, 108.07674147877098
0.16994940833800995, 0.2, 1.768999874561993
0.18012580242757406, 0.2, 475.804605776914
0.17372415959792364, 0.2, 0.8717549625630737
0.11344681668175288, 0.2, 3.9873602133209385
0.09394379029306518, 0.2, 73.0622006509918
0.17202042937320192, 0.2, 16.983906038392472
0.14791164518086083, 0.2, 11.473647226535267
0.1971938482420052, 0.2, 24.052583083879032
0.25065000280079996, 0.2, 26.18063846316648
0.065872422590144, 0.2, 191.5685539025294
0.2150404338411004, 0.2, 66.01828591525214
0.10322291135856329, 0.2, 3.510067620492699
0.0931078739151148, 0.2, 77.63671931075477
0.1392167346324429, 0.2, 34.43203738006497
0.18376856525790738, 0.2, 33.28372998358528
0.18277842378904868, 0.2, 2.3387210049981633
0.1426822327470934, 0.2, 52.074449754478884
0.1731018252433573, 0.2, 10.263391842873151
0.2303777466852317, 0.2, 65.42242137267952
0.16535027591296692, 0.2, 35.144771615798426
0.1364108409449292, 0.2, 119.7362481179336
0.1783184433506979, 0.2, 17.496714534984907
0.12552555250173875, 0.2, 146.25702120643564
0.1738750849835841, 0.2, 22.86573371731027
0.16605200234876036, 0.2, 201.54496809940292
0.1438219897675538, 0.2, 179.12815415846907
0.1853563519849155, 0.2, 274.05033759417125
0.096699769167539, 0.2, 8.760141709055628
0.2207147762893623, 0.2, 7.716454961461814
0.18035011419176084, 0.2, 5.4300897529856975
0.2169494286844703, 0.2, 52.174872964129854
0.20678252136546127, 0.2, 50.0239338747786
0.15539569280228505, 0.2, 81.13597732165002
0.15622669235129516, 0.2, 17.289212155734212
0.1355104996337422, 0.2, 365.33088139678
0.10369586260064148, 0.2, 28.689291101109216
0.19328751590852739, 0.2, 2.7400490051521054
0.15373428082298443, 0.2, 27.1372120471605
0.16515273435063327, 0.2, 51.480742615226944
0.16707422766074662, 0.2, 226.7525724710951
0.15324571596905368, 0.2, 123.28971231047863
0.12277722649724085, 0.2, 26.604585604727216
0.11958980103066344, 0.2, 10.574542718200888
0.1645126319860292, 0.2, 12.872407040003434
0.17405448962690684, 0.2, 14.161067003555146
0.19580063994930708, 0.2, 9.968467711667214
0.1344666557286209, 0.2, 44.95943158924957
0.12318034105654282, 0.2, 36.23376119550058
0.1284216860709948, 0.2, 85.40010773078384
0.14710453934442866, 0.2, 249.49377653678982
0.19453039515006282, 0.2, 318.7746401495692
0.15756931403966176, 0.2, 51.45776572704772
0.110905451807285, 0.2, 4.427464922335802
0.20901892825797314, 0.2, 107.1794119675902
0.16136663185576536, 0.2, 8.76215299091005
0.15641553198218863, 0.2, 18.113132105553657
0.19306681332202383, 0.2, 161.25063785531682
0.19825373575184282, 0.2, 19.908790680714283
0.13543373875082307, 0.2, 240.35709111975677
0.14997983406903317, 0.2, 0.34737805058681026
0.1498590430543629, 0.2, 92.89949790186327
0.2032814110670951, 0.2, 37.83277698144122
0.18912132255478342, 0.2, 8.855764518239056
0.17198463020613353, 0.2, 146.4109166825947
0.1811098056881597, 0.2, 3.4906452100677443
0.12724058209448685, 0.2, 19.404920059600496
0.1739854779042479, 0.2, 95.76023900290787
0.16965970583363305, 0.2, 105.24285783823187
0.09742831217746097, 0.2, 135.4096487116078
0.13699072177804272, 0.2, 139.7249495110537
0.1559045968600899, 0.2, 25.432265284303515
0.18799806923178558, 0.2, 49.82851030971358
0.13808725947842065, 0.2, 0.609941114167381
0.12752748311585005, 0.2, 43.53069248559419
0.17566655735467315, 0.2, 27.87369425594633
0.1547965549515663, 0.2, 98.73842504537687
0.20092724094218162, 0.2, 26.211676326544556
0.19584763460924437, 0.2, 92.17817834937092
0.08503678104450373, 0.2, 23.97733377503345
0.18440995135906246, 0.2, 115.31059422159954
0.12974229837737858, 0.2, 124.64317749767086
0.2002821015063967, 0.2, 79.58519678272364
0.15420438856892188, 0.2, 142.68202658755817
0.175360999850351, 0.2, 30.202917687639488
0.13414212256684507, 0.2, 37.10441125750591
0.15154509739858602, 0.2, 95.49442330829352
0.21611658520080412, 0.2, 84.34277926750777
0.10726030810921851, 0.2, 26.009052958812198
0.15569031888572316, 0.2, 16.307799605456317
0.20960498811254033, 0.2, 19.54935282831711
0.2022713339098042, 0.2, 18.638660421656507
0.11303640171259488, 0.2, 13.249250118942927
0.09704922164338821, 0.2, 268.8839917297493
0.14895456456375564, 0.2, 45.91332857882928
0.1604775306157099, 0.2, 1.9428712473428384
0.14378474025459256, 0.2, 80.76113312301334
0.1644008120535608, 0.2, 21.62557725148133
0.10116832683165276, 0.2, 67.262852994877
0.15895347012819794, 0.2, 13.962513478699828
0.15051021690987587, 0.2, 41.234953473745556
0.13948054261597911, 0.2, 34.28255129686695
0.12319495759498102, 0.2, 134.13002284216202
0.18360331429416699, 0.2, 95.42536806978374
0.12565939909930943, 0.2, 118.08842952458448
0.15732753732857147, 0.2, 29.54113432275154
0.10876584841406312, 0.2, 12.794002633858208
0.09185047246003707, 0.2, 66.89427301661314
0.13539733914734298, 0.2, 641.8254332404412
0.1853149633665722, 0.2, 3.176125679139061
0.21996651745059642, 0.2, 7.573347297660837
0.1936843202467482, 0.2, 14.965666298975496
0.21683114213453505, 0.2, 156.51214654118937
0.1918131311183614, 0.2, 17.382494707921115
0.14129997214373707, 0.2, 348.321887109796
0.12078493551604023, 0.2, 75.7729042211169
0.08087834651555281, 0.2, 139.94233754240173
0.0594956789937089, 0.2, 8.210171171745154
0.2235145899578606, 0.2, 71.20053464365503
0.11358414839214225, 0.2, 112.97928727253111
0.07241658408922334, 0.2, 67.70773406225517
0.14641897028585396, 0.2, 134.53479947017289
0.0632887691098241, 0.2, 11.815102033877462
0.1183361033407615, 0.2, 61.38920224139687
0.15398002870971264, 0.2, 161.58873297396443
0.14855815545117426, 0.2, 24.257574668975334
0.17583818627457778, 0.2, 48.30616779696596
0.09215504839627053, 0.2, 45.90704842769356
0.1647268229329377, 0.2, 32.55880987171827
0.18305102646645519, 0.2, 1.5140317004457438
0.12533229599474893, 0.2, 57.224722670426054
0.05880422096477708, 0.2, 71.09563430432704
0.16042971800951802, 0.2, 26.430257553452776
0.1597877873719024, 0.2, 99.08451669133066
0.06576958732258344, 0.2, 392.6794847909568
0.1704245010674502, 0.2, 55.41179095954231
0.18094506077933994, 0.2, 125.25113045412414
0.15585744737266927, 0.2, 88.99737715233353
0.15248671427358815, 0.2, 88.40743236067924
0.12532861316451555, 0.2, 265.7983085972465
0.08315319610935888, 0.2, 183.51306179887092
0.11066186630263342, 0.2, 72.44556927807292
0.10381990332183819, 0.2, 42.01884549808948
0.1411959365321131, 0.2, 86.73310917841567
0.11759757933240053, 0.2, 209.92991608296416
0.12609742225512902, 0.2, 70.66050740237863
0.061878154937334756, 0.2, 81.42487658292829
0.22145200681580163, 0.2, 63.92128406360015
0.17613459350081914, 0.2, 17.88273508899402
0.2198900603690028, 0.2, 427.7440520693629
0.12956971606024545, 0.2, 51.02113653222298
0.104236690672129, 0.2, 34.284854736287436
0.14738259109635954, 0.2, 36.23346244223007
0.143390055309494, 0.2, 21.726152107394885
0.20763871987859037, 0.2, 39.12628529983484
0.08128811165573707, 0.2, 53.85902233550341
0.1665501395203585, 0.2, 25.950177886127992
0.14562468249546037, 0.2, 39.29383739919108
0.18508915308526475, 0.2, 63.59742633885216
0.10549767670579105, 0.2, 57.92783581701175
0.21777011831435233, 0.2, 6.178373374145419
0.21263579727185594, 0.2, 214.1392992575871
0.11855048278524108, 0.2, 122.97286283231087
0.07061926207297578, 0.2, 13.297292212078917
0.1360296187487533, 0.2, 272.7446662111727
0.18394100060104895, 0.2, 60.73095640169685
0.12616756641940244, 0.2, 70.08084787883577
0.14756364331477356, 0.2, 11.54725797536405
0.2507649022014961, 0.2, 1.1546744303483714
0.2242959190164437, 0.2, 0.9026810561220618
0.18480620117554536, 0.2, 181.152430017896
0.0814102218277237, 0.2, 103.14550055399822
0.18373570432204608, 0.2, 23.329610377357096
0.13407650658996098, 0.2, 189.2017226789175
0.10984658601994114, 0.2, 40.284828128146216
0.2046279825010045, 0.2, 26.773936660996647
0.1586477526698679, 0.2, 29.84835718039314
0.07417002144019917, 0.2, 35.12870925927547
0.17793810679205047, 0.2, 115.36912695948803
0.1300171902821728, 0.2, 25.583190004883903
0.14308785894445827, 0.2, 0.4984543988497493
0.1571759136766503, 0.2, 91.91424925447778
0.17021081478484157, 0.2, 34.88579692096458
0.1752142364006049, 0.2, 147.2727969106202
0.1628207658295808, 0.2, 45.30524359586391
0.10613343619788232, 0.2, 131.78961081598723
0.14714474748186984, 0.2, 0.7092437638339534
0.09407540758175702, 0.2, 56.81757375295411
0.0725187372350574, 0.2, 104.41491057406921
0.11798864263719282, 0.2, 10.133842470085014
0.19306136850438835, 0.2, 105.76577702290956
0.22452549189802207, 0.2, 49.04145818682857
0.15618852139962847, 0.2, 182.02819602575383
0.1285563663561569, 0.2, 151.8389507335377
0.1327371519626316, 0.2, 123.28912660009179
0.15287076516449757, 0.2, 80.80097600741998
0.18051843965432582, 0.2, 12.90110199984056
0.1381302865622675, 0.2, 82.96863340805214
0.1848077080973856, 0.2, 87.4503459044721
0.16206247891466863, 0.2, 84.4540018284014
0.10153944635592765, 0.2, 23.79634002826174
0.1910961187537364, 0.2, 24.27502705618173
0.13269600880708485, 0.2, 89.31137914023383
0.11972785957754298, 0.2, 127.6874292714805
0.16465542147076298, 0.2, 11.47280045272677
0.12357200612460782, 0.2, 72.1643089185806
0.19454889227884, 0.2, 20.275616174999787
0.1796345154365255, 0.2, 65.35139208738994
0.1467574931132351, 0.2, 71.5602360725622
0.10439775776021595, 0.2, 22.1557075167908
0.16873685152032566, 0.2, 111.80568360190293
0.1786383773971432, 0.2, 8.482383029981719
0.1645888686019963, 0.2, 21.800142237273903
0.10884922987977842, 0.2, 58.52032524709675
0.09392003092283835, 0.2, 0.9664852591045497
0.11952186559103387, 0.2, 31.677227723638158
0.18572713743620917, 0.2, 41.96065935019085
0.17637555912808411, 0.2, 7.948974893998622
0.15365086242072695, 0.2, 95.23159794165889
0.1715893598656553, 0.2, 72.28921978854004
0.11552826472155517, 0.2, 123.14978065458511
0.07852488085691496, 0.2, 6.989700543625188
0.09106347760091664, 0.2, 6.945481351900587
0.1536531749792302, 0.2, 0.5821335624129782
0.16296246068231057, 0.2, 156.94260586605182
0.14010297401184382, 0.2, 60.90513850369582
0.20873097332572738, 0.2, 43.047726803614005
0.2521668054999152, 0.2, 124.97382284347708
0.1766099998049421, 0.2, 61.86823550520394
0.18574337317124287, 0.2, 37.346980645907266
0.22818548848902176, 0.2, 96.15959187306125
0.14417134575730753, 0.2, 21.13395158652936
0.08425144757499718, 0.2, 41.350402474137425
0.16676615954443252, 0.2, 121.50865365502428
0.10327416154953831, 0.2, 136.26728349107645
0.10866578449155578, 0.2, 94.85611000125424
0.154312587051, 0.2, 32.99995873084052
0.21008138739215848, 0.2, 32.06045292978946
0.14411315080267123, 0.2, 56.31461311015782
0.1432038053558294, 0.2, 39.6295993737308
0.160028016245494, 0.2, 98.73391858857754
0.14329016015496815, 0.2, 4.2539908218446545
0.13356953338167135, 0.2, 200.8396990643837
0.1544783216472342, 0.2, 141.17874398156638
0.21110896542765467, 0.2, 85.91781822481303
0.17294298949853218, 0.2, 240.46415244450205
0.18334268344002302, 0.2, 90.89908425767209
0.18252954628744522, 0.2, 49.092633492357045
0.07587007379583907, 0.2, 12.226916013456472
0.14030313618825177, 0.2, 5.0282970295045075
0.18531511053566735, 0.2, 32.281804233577375
0.16618921202675035, 0.2, 7.566256147425382
0.15006312361808766, 0.2, 85.66842143093028
0.17579391616722045, 0.2, 67.39451183811009
0.13363208123397616, 0.2, 249.70183619318038
0.2101096827240783, 0.2, 99.66234131288608
0.17405043232633224, 0.2, 0.01808195135802654
0.1737424984010728, 0.2, 3.054817308629585
0.16296036079407134, 0.2, 12.158162245054916
0.15372159973545965, 0.2, 60.25574185629778
0.11771335944961428, 0.2, 185.63130526266184
0.1473458585521538, 0.2, 432.79416690472783
0.19056631278967479, 0.2, 12.240574978966142
0.14553093934181827, 0.2, 21.437944299221158
0.15771333454156486, 0.2, 241.0619385461627
0.1502246873515911, 0.2, 136.9086452315308
0.17177301324152586, 0.2, 7.691695240486577
0.12307911849991418, 0.2, 23.47586791683325
0.2132388395865985, 0.2, 90.97748081448589
0.1601836630035493, 0.2, 237.87108567972237
0.09094944425999046, 0.2, 18.20160368868693
0.13277105718642207, 0.2, 47.505827236440304
0.11557284515626404, 0.2, 4.865417376697302
0.18867342787714714, 0.2, 61.483348052937764
0.11758052135839255, 0.2, 6.909365188683855
0.21276506293062755, 0.2, 117.1369840413029
0.15038226400439564, 0.2, 236.27957886181107
0.09919400719747473, 0.2, 50.12280101340329
0.2262285673178879, 0.2, 61.97286956004114
0.13142261740931588, 0.2, 58.718747170092904
0.09968797344735286, 0.2, 4.315978153335156
0.15968220558745086, 0.2, 24.29377195886929
0.11840301335729965, 0.2, 242.23719776047244
0.14296475283350213, 0.2, 18.239646473476054
0.13453606332031742, 0.2, 13.58377724606404
0.1263560032454638, 0.2, 133.90887873203232
0.18763403591066682, 0.2, 105.72715398342424
0.1407285145059252, 0.2, 11.347232832678655
0.17578239625870282, 0.2, 88.57212045508702
0.14457065680081183, 0.2, 51.44375040438739
0.17016728029152514, 0.2, 43.84059871764912
0.1591551105528427, 0.2, 242.3356982534253
0.1548500108420796, 0.2, 25.793682591087613
0.08465281482644325, 0.2, 26.767375142089044
0.11536671516400981, 0.2, 5.020177433076036
0.15337260814596793, 0.2, 36.32474956700181
0.19871861247410147, 0.2, 50.83674770390013
0.16552476769113755, 0.2, 33.546129104861365
0.13535746320184971, 0.2, 11.344387625050814
0.13307493518239133, 0.2, 7.6476749239711
0.10658213255592938, 0.2, 317.7776617035604
0.1335206620262979, 0.2, 79.51885991165254
0.1257760520305469, 0.2, 15.980219440318185
0.14505280890341035, 0.2, 63.12604250428499
0.18356850960195287, 0.2, 197.62114314229146
0.2263291092718555, 0.2, 241.80280944395196
0.22278399184291217, 0.2, 159.48564371914685
0.12289168816358975, 0.2, 23.474974249568703
0.22708002974096525, 0.2, 13.86376191160589
0.19259364092504327, 0.2, 1.3783342344033624
0.14086954818433026, 0.2, 463.8958607789132
0.20597255817334442, 0.2, 0.06033916781052842
0.17530460385972194, 0.2, 93.3290771439809
0.1583984933866055, 0.2, 109.89511755015033
0.12943719666212805, 0.2, 6.820779936088784
0.2275242802212337, 0.2, 46.34653795138891
0.16981935897125003, 0.2, 305.54787020101134
0.12123543475688994, 0.2, 19.29756227453786
0.1084619984445575, 0.2, 8.173000314579854
0.1332326295086105, 0.2, 206.03877684539904
0.1776258569188097, 0.2, 2.4253949878832914
0.16370861820558838, 0.2, 56.99234092363703
0.17988669671231644, 0.2, 7.132566286287186
0.16943297114632933, 0.2, 190.91545116759903
0.19020711957859068, 0.2, 46.76220957620361
0.10306553524552262, 0.2, 45.95902507397304
0.1842186177371824, 0.2, 73.97470328839064
0.16482523992917902, 0.2, 81.8108549022289
0.11671730235195416, 0.2, 13.531385470945365
0.03609659417761951, 0.2, 21.73397710360148
0.056838493224387096, 0.2, 63.50925324126448
0.09823825846965396, 0.2, 77.14014026659655
0.2012562860618453, 0.2, 27.497565742426563
0.19509480608093074, 0.2, 126.40473130858149
0.1308577720093448, 0.2, 89.64539366030576
0.24414580638733144, 0.2, 73.09914680638883
0.11356779746695692, 0.2, 211.92332392289546
0.13585569281015508, 0.2, 28.89462100021007
0.19002192817962554, 0.2, 5.675163197966911
0.11649070983328526, 0.2, 119.61196650419433
0.16420312547137256, 0.2, 1.9132774829068884
0.09276333044293286, 0.2, 47.544701138953315
0.14980485707592447, 0.2, 35.07648911957207
0.1132007969303313, 0.2, 114.6251533922517
0.1259419214661462, 0.2, 157.11693718453762
0.12708291345714187, 0.2, 75.21843086836668
0.2067912072051798, 0.2, 79.13185751372909
0.1490456557135771, 0.2, 105.73772654348039
0.12103758701862408, 0.2, 53.423680333606605
0.11690198263653552, 0.2, 198.95292426632378
0.14422790329015667, 0.2, 22.954577846322127
0.11507287212272294, 0.2, 23.705725255730393
0.17270771576007682, 0.2, 367.4013998005521
0.2180175897300771, 0.2, 4.672011888184473
0.14639979220862118, 0.2, 310.51512953140116
0.20187527665401692, 0.2, 71.88364437883456
0.1437146593338188, 0.2, 24.738413254929064
0.1902115393832602, 0.2, 31.742158226217185
0.1362159566095935, 0.2, 18.527748669153763
0.14277409242016778, 0.2, 76.7909266294254
0.20115009101821862, 0.2, 65.00238565993611
0.18202709698387637, 0.2, 5.021709107937579
0.1943080418199573, 0.2, 11.462544864509585
0.10386664349902829, 0.2, 24.566193984968397
0.17716338034515158, 0.2, 3.696724828151285
0.10906963555627015, 0.2, 98.93042476890875
0.11960019649124272, 0.2, 62.426547381295336
0.2841872684860454, 0.2, 83.38671678686941
0.18627084928017568, 0.2, 106.7044876715524
0.08379856969720358, 0.2, 108.84942600057892
0.23896076785779702, 0.2, 1.2948558177504454
0.14723506231199418, 0.2, 49.36993033037645
0.11270628067095559, 0.2, 100.8216671735499
0.19437197400846287, 0.2, 14.320566184494398
0.07490408735776165, 0.2, 150.59857316560397
0.22823565519411612, 0.2, 85.61578461028058
0.1430103742608855, 0.2, 67.08189341194858
0.20445000522261123, 0.2, 148.23529427362138
0.10064961810368021, 0.2, 40.57624916615303
0.22571061768119022, 0.2, 228.01741854914937
0.15446434985014537, 0.2, 66.20884796286522
0.20488340698608654, 0.2, 172.8758817726412
0.0909733702703512, 0.2, 35.757092308394505
0.13035833425010834, 0.2, 133.29443184330543
0.14561583777708004, 0.2, 38.683569825738886
0.1645221470498452, 0.2, 193.97130734240815
0.17021474102401676, 0.2, 74.14212869996177
0.13404982087040374, 0.2, 98.43184843751077
0.03539141558864087, 0.2, 51.212824742155185
0.16470389850833825, 0.2, 90.60650226797794
0.1519191683628971, 0.2, 27.032806919791817
0.14622502715422, 0.2, 25.09281408983566
0.10709489762019456, 0.2, 52.58201932502786
0.12840335545540102, 0.2, 42.352046738400986
0.16422914729996996, 0.2, 36.950198113142854
0.16600848691980166, 0.2, 78.57169140744237
0.13967427847242014, 0.2, 17.957510109854223
0.12995810132959462, 0.2, 106.4005244377573
0.14298451870506174, 0.2, 80.25735455496863
0.18057187192380109, 0.2, 56.41284235988763
0.2175809493852791, 0.2, 9.403141705048208
0.15627029624894115, 0.2, 19.80749079029004
0.15123685642280096, 0.2, 94.44036768215948
0.1680556515883248, 0.2, 49.68124544488944
0.16090861088429212, 0.2, 32.13175396848659
0.11962355268971414, 0.2, 81.89139279928966
0.18048407990470056, 0.2, 20.736548702524242
0.17636826074186654, 0.2, 164.27572028564063
0.17168840695022508, 0.2, 118.38627596588648
0.1675165596906751, 0.2, 116.3188205851674
0.28273324495956076, 0.2, 35.68186223715275
0.08978270364711655, 0.2, 97.63117691098803
0.13902966232683986, 0.2, 105.86698253377808
0.11124009607361873, 0.2, 196.0486206682343
0.17511471193264982, 0.2, 73.29874080317143
0.12976104469223473, 0.2, 7.4812448903159225
0.21704224036452227, 0.2, 49.648822984691755
0.16753066963230231, 0.2, 155.30654087610915
0.17987786749292567, 0.2, 46.48816196706324
0.08075778746348171, 0.2, 5.338549691963486
0.08188318208728604, 0.2, 176.0879781881383
0.05355356504397542, 0.2, 130.5663639378285
0.12420297816158991, 0.2, 9.323556046364114
0.17748842337326015, 0.2, 160.54314557527096
0.13753610949648576, 0.2, 10.08032967647675
0.10103392363170968, 0.2, 58.905560834814764
0.17123131214574644, 0.2, 100.75388225345715
0.15170059693416565, 0.2, 164.83970192670165
0.1474371949835109, 0.2, 9.012672601749184
0.12727627863031338, 0.2, 10.619120341775494
0.16007690098194216, 0.2, 47.53983977840833
0.13276055585348823, 0.2, 139.4857865163012
0.21569207229116566, 0.2, 45.255291159338235
0.14291597631159003, 0.2, 15.448194442592579
0.20355213767646846, 0.2, 100.16621357785722
0.1762214502878827, 0.2, 26.04989703002034
0.09391959373161593, 0.2, 45.8065827428835
0.15887116438857068, 0.2, 21.175287273644614
0.06967230467779245, 0.2, 50.458318015544805
0.18457575694534012, 0.2, 138.33260889497566
0.15765017335283824, 0.2, 20.813223871775985
0.18311719470410348, 0.2, 55.636993288698
0.2071278228825435, 0.2, 67.57109683142106
0.18454886605922563, 0.2, 48.993385845083054
0.09545031210681976, 0.2, 103.84121053839155
0.1451944958477568, 0.2, 42.195530360044785
0.1982158643205218, 0.2, 203.9293597205181
0.17582780336769274, 0.2, 1.4845203940863407
0.21830661559908984, 0.2, 159.53568079044564
0.16803919810586376, 0.2, 5.152432103786635
0.15179822250354277, 0.2, 160.45814171503957
0.13394435022616744, 0.2, 29.646163170921533
0.1808815709803221, 0.2, 0.7548775480255048
0.13268194234660263, 0.2, 43.511904684682015
0.19444608222660303, 0.2, 147.56714051985446
0.1500228133168005, 0.2, 61.194777810333996
0.16159168654384712, 0.2, 11.783067251038776
0.18496085432154558, 0.2, 54.35648653957973
0.07121731092652622, 0.2, 22.49067259777582
0.06435970345072083, 0.2, 64.10641696185841
0.03778683326608481, 0.2, 213.66912373532205
0.1308040926344985, 0.2, 97.08409087392214
0.15071311438410917, 0.2, 245.3776678568104
0.24629126708920582, 0.2, 9.01944095490875
0.13777571480336306, 0.2, 44.988658578393355
0.1663031200388835, 0.2, 20.469520942130863
0.14107287174149064, 0.2, 0.5571836848067876
0.15987599259588417, 0.2, 49.01920497962834
0.12104145841665254, 0.2, 1.1984966725694997
0.07528926772141438, 0.2, 198.55428664904193
0.14487369349052814, 0.2, 156.22963449037846
0.12099822903243695, 0.2, 27.096527295294557
0.1917885140853791, 0.2, 42.567014584531066
0.13649797278479672, 0.2, 13.83639425917537
0.13439613720040378, 0.2, 24.339791710930943
0.117575652950546, 0.2, 89.97382541055765
0.15048421089449776, 0.2, 56.29624991022155
0.17625310461163549, 0.2, 31.60798349643815
0.21928505983827778, 0.2, 0.08123531236909207
0.13084991097982493, 0.2, 31.209357119136822
0.17389317382900624, 0.2, 19.380857262359473
0.1547925994352268, 0.2, 22.869838201773764
0.1821684835129016, 0.2, 5.76540350680876
0.2143743095921674, 0.2, 201.53188970074785
0.15229030610678485, 0.2, 15.593758783892842
0.0948922533135381, 0.2, 13.489199329803823
0.08445163882292428, 0.2, 52.864030916970584
0.16853663585423714, 0.2, 176.72517664505634
0.1653881805656441, 0.2, 29.415167004831655
0.19197150249428185, 0.2, 92.43758177317288
0.1404199684143535, 0.2, 32.16400710237639
0.11568036103297735, 0.2, 1.3858268781637062
0.20865938577456927, 0.2, 23.997683934736962
0.21981091695546756, 0.2, 122.14791321075931
0.14606481158405304, 0.2, 30.768483070744587
0.08062166630907247, 0.2, 177.64548035428507
0.17319504180012546, 0.2, 95.69823783236268
0.2085024241661352, 0.2, 60.14512292096694
0.10702281509626388, 0.2, 3.604453749921013
0.13589233469850298, 0.2, 324.2585571083622
0.19408483853503156, 0.2, 139.57573239085517
0.1794535187674076, 0.2, 11.197707681767822
0.09244656017500688, 0.2, 36.33377891786793
0.1634173607271227, 0.2, 31.737198344144108
0.1250827550771762, 0.2, 1.2666103468922134
0.12959005983255448, 0.2, 106.53359574976908
0.14730099394649873, 0.2, 9.700186204938898
0.12220547136842394, 0.2, 84.13812241024797
0.21050090818461253, 0.2, 23.649931303686042
0.09831745042776409, 0.2, 19.54212331212675
0.08269664012333688, 0.2, 31.17495290775623
0.18132712354198757, 0.2, 53.81688154381352
0.07882822720666759, 0.2, 158.23455042812074
0.20597092279930274, 0.2, 3.324956508068571
0.16602883643921323, 0.2, 103.10919989191531
0.10178162793475119, 0.2, 89.20460641623752
0.11573146380738948, 0.2, 69.61595698593746
0.1304994409409057, 0.2, 256.5954882720304
0.1482827307135825, 0.2, 71.79722877244059
0.13108396516322393, 0.2, 84.35110069434042
0.14098957684285623, 0.2, 80.53925153313024
0.18412947094897, 0.2, 60.925665887295246
0.12192268142473311, 0.2, 183.45525732367344
0.15105223712535168, 0.2, 88.82196663393772
0.24143953937624768, 0.2, 1.4156290705412597
0.2013440795753297, 0.2, 33.35061764404722
0.115926593030104, 0.2, 46.470992989328685
0.13608834427963, 0.2, 10.267468047295393
0.12284420360500921, 0.2, 110.15932929057777
0.1393727112108563, 0.2, 227.58411471782946
0.13050948123701428, 0.2, 106.49667385604087
0.25395829805790554, 0.2, 71.10996530309143
0.16562448132559413, 0.2, 5.326711152304006
0.11645047395512231, 0.2, 125.5989357635918
0.14640386650027473, 0.2, 14.150077110220009
0.14469901163517288, 0.2, 2.528341863001825
0.15680162196562503, 0.2, 111.21580579914824
0.14913672947588524, 0.2, 322.4590567998426
0.12839408201324642, 0.2, 91.06606777349998
0.10738570439021818, 0.2, 15.884395774337817
0.16207738120942122, 0.2, 35.90391117821603
0.1516736312659449, 0.2, 9.971807794835394
0.11617166492823755, 0.2, 114.09254369570262
0.1110056561202741, 0.2, 92.2426501129744
0.14331194481943862, 0.2, 16.441649513382107
0.1355385526018441, 0.2, 12.6791220543815
0.16031176296254568, 0.2, 149.29825461334056
0.1495204066782151, 0.2, 24.05796692687389
0.07001699884192031, 0.2, 34.66266240993081
0.16817496587935682, 0.2, 56.243301551953216
0.18058276138643425, 0.2, 1.428318773394576
0.163729010973583, 0.2, 2.389832619997625
0.15554772309242473, 0.2, 72.03971903080512
0.18474987533338635, 0.2, 23.574904110734288
0.17122308720182966, 0.2, 26.506396665381313
0.08249961823302349, 0.2, 79.61542414280613
0.16885239508145475, 0.2, 29.85152582623169
0.1499264760269862, 0.2, 25.43185176912034
0.17532079164667455, 0.2, 169.48368601108254
0.08592304013562738, 0.2, 81.99267667650552
0.18538495920859863, 0.2, 33.9358724516633
0.16542896709402674, 0.2, 348.1856900982218
0.1175584767464513, 0.2, 19.318771955409314
0.15374741280819926, 0.2, 131.39770848279787
0.13226374635480787, 0.2, 26.983254596937442
0.24257443272611234, 0.2, 63.89245758150832
0.2067301498207122, 0.2, 77.17455641342177
0.1488197692228976, 0.2, 106.62753535451851
0.13842496644654873, 0.2, 16.17822053403789
0.17311693348127585, 0.2, 116.67005090079452
0.14604331083781744, 0.2, 52.88783623194443
0.14813719983318122, 0.2, 14.552646660856487
0.18221802127887757, 0.2, 105.8674998822349
0.19092722558868713, 0.2, 719.9373548577499
0.15237505699348525, 0.2, 369.8596014246588
0.13723917110056497, 0.2, 43.42821213394645
0.10060554828921671, 0.2, 16.91337156511321
0.1596115741469316, 0.2, 21.973634213241255
0.1287069572453609, 0.2, 86.94233865712098
0.20679779554150257, 0.2, 174.07299775973627
0.1983356915370727, 0.2, 18.893109731971027
0.15627711560582153, 0.2, 59.32991984649942
0.15966008329959244, 0.2, 39.584068316262176
0.1454673759470373, 0.2, 57.854215142085444
0.15246112689201152, 0.2, 100.96314450395965
0.17082716411865223, 0.2, 24.379230863016364
0.21640110312758187, 0.2, 10.970720229735239
0.19771521085448032, 0.2, 10.44055973423778
0.1951249267777424, 0.2, 15.84045287184021
0.09114287896717616, 0.2, 136.27532968478238
0.07905408058570872, 0.2, 113.42957994647689
0.13549154596731627, 0.2, 130.33298436073747
0.12663960928922022, 0.2, 28.986274915352933
0.1203502725826169, 0.2, 11.714698416910657
0.12195287814036308, 0.2, 98.49107870708426
0.1543956581213453, 0.2, 158.7529225547133
0.13550282200771585, 0.2, 116.2845454028966
0.14560516853704472, 0.2, 0.22517018781199571
0.09216486481415403, 0.2, 12.165670483724684
0.20053605469619357, 0.2, 43.21454495160539
0.12241050239771065, 0.2, 24.459282919762018
0.12753620990875464, 0.2, 75.60553925771214
0.15314270190937482, 0.2, 21.742609844118785
0.1721052964888388, 0.2, 42.85193810865628
0.1405234500365978, 0.2, 81.73723444869664
0.2090305621677627, 0.2, 19.387988431999062
0.08705021027219047, 0.2, 76.8567914641422
0.13591407446012355, 0.2, 17.91467621069448
0.15983597141832834, 0.2, 48.0380117982441
0.11627006221106068, 0.2, 14.59927310083124
0.15139443289913837, 0.2, 171.20617128532993
0.07843880706264039, 0.2, 35.00689802293425
0.1956878520306231, 0.2, 53.01420194381472
0.18443089668430696, 0.2, 105.10524299825184
0.16610111199478256, 0.2, 1.531012875922803
0.08792018593104059, 0.2, 36.5267329877423
0.18007973951620804, 0.2, 10.948696756420123
0.19551397159909412, 0.2, 69.34743228972175
0.1253396149595425, 0.2, 27.128017722064822
0.21622552537440115, 0.2, 0.6708158247033922
0.191647683180464, 0.2, 79.89247441891821
0.13163774306688594, 0.2, 173.63464105213166
0.08191442138619022, 0.2, 88.95867597424876
0.12917480681998286, 0.2, 150.72937641975145
0.18024921332212304, 0.2, 150.54578480177153
0.19560682489770997, 0.2, 197.9355209795084
0.19698285023863532, 0.2, 24.88294322749529
0.16017889385295492, 0.2, 37.686113946122454
0.145815918768676, 0.2, 85.18771087889023
0.12962551423020008, 0.2, 98.14588073337138
0.16096381417440345, 0.2, 165.69935596108195
0.18515005307948598, 0.2, 14.172090668647975
0.17042062602557398, 0.2, 34.13826408272284
0.1916765564943454, 0.2, 395.2114006458191
0.09797247958935179, 0.2, 67.53970753546702
0.11449449226140637, 0.2, 6.687464391071372
0.16537165526635433, 0.2, 47.7419526776235
0.1308166723045036, 0.2, 78.94049454644176
0.2008453654468036, 0.2, 56.807806933499755
0.13723625822912489, 0.2, 115.98320067125664
0.16325999660860818, 0.2, 35.61711513433412
0.14531235036528606, 0.2, 111.92652126286173
0.1581868094757368, 0.2, 21.16266125188552
0.13778291702809334, 0.2, 20.305418067984427
0.11654500613770764, 0.2, 2.264087389048879
0.1355712923379276, 0.2, 128.88414433838858
0.10290264202264732, 0.2, 5.270187359273066
0.05334503999081351, 0.2, 11.812166621673606
0.17030000699946463, 0.2, 34.54350316812877
0.2540950886044749, 0.2, 104.29318144864858
0.1530449246244248, 0.2, 2.1577276099232297
0.16757667735455753, 0.2, 31.805925049028914
0.10686229400397734, 0.2, 55.26952300018589
0.1458115390045888, 0.2, 27.2665888154288
0.11627805067685876, 0.2, 25.02022943491907
0.1303394456865219, 0.2, 56.393448126902356
0.13616987583074877, 0.2, 46.05232330057644
0.19890009949036613, 0.2, 9.28491834743919
0.1480784983992242, 0.2, 493.95812200226436
0.1622030296948435, 0.2, 10.750255998517998
0.20691877251312274, 0.2, 31.996887966317352
0.15767194939718182, 0.2, 43.03921078202739
0.10000835518429607, 0.2, 5.585571297465822
0.1454478636399542, 0.2, 8.254523134407119
0.08652565967744592, 0.2, 431.72537098546303
0.16966612121176633, 0.2, 54.93183994349917
0.1742874429293299, 0.2, 102.81492347297767
0.10953394655841969, 0.2, 6.617839005099672
0.16974435195107607, 0.2, 164.46108246070526
0.14250086919070956, 0.2, 84.07368889911633
0.24298894451260417, 0.2, 160.5582549936994
0.0672829714710395, 0.2, 6.895784713536965
0.19080559614622042, 0.2, 49.992441239371715
0.12342760921321377, 0.2, 88.90706913690693
0.13117909387928378, 0.2, 95.40074687603008
0.10487334833281978, 0.2, 90.65358468300255
0.2046171742724537, 0.2, 18.15892978202863
0.12001510908091657, 0.2, 15.065875479049541
0.14950691178130365, 0.2, 166.86617401414767
0.05045904129159365, 0.2, 56.48099236620949
0.16445051838984018, 0.2, 22.427425729561968
0.18330004097235522, 0.2, 190.33445784385287
0.14989855875037075, 0.2, 3.3433676155233276
0.09040867158596326, 0.2, 45.24888341550712
0.14388481177369208, 0.2, 36.81085724885805
0.07551195425874645, 0.2, 107.3572403744196
0.13084115369336927, 0.2, 97.2494101181181
0.1340449288381593, 0.2, 14.819698720239748
0.08881501454946562, 0.2, 290.66746094019885
0.1768463279525411, 0.2, 184.22841489330676
0.17515786225913363, 0.2, 108.74553485814765
0.16486464091387998, 0.2, 113.24868024559467
0.16430757469926377, 0.2, 45.98291762112035
0.11642885327854935, 0.2, 31.205794896421143
0.14608470766213993, 0.2, 68.36956037059736
0.2055159686906019, 0.2, 0.3576014287494688
0.2250587050658004, 0.2, 70.04912008290519
0.11769067420984888, 0.2, 170.0988336365826
0.07693058807641359, 0.2, 7.119444099732746
0.14036294864103993, 0.2, 85.92139974783662
0.11207389751129902, 0.2, 21.28651116793611
0.10647087995652466, 0.2, 6.67474137261602
0.226105904035475, 0.2, 416.3978469416103
0.15118803271444445, 0.2, 139.458652521885
0.18296244102718284, 0.2, 38.73049944007605
0.11743937538711921, 0.2, 9.963436518955193
0.15347386984753522, 0.2, 31.462204050733117
0.11348025190136068, 0.2, 356.19343982779526
0.1733356573000881, 0.2, 13.49584902445601
0.14388450037209335, 0.2, 113.57338517358782
0.15535991471390095, 0.2, 59.776078437959725
0.19924406357895721, 0.2, 14.783217259705225
0.21979440842503734, 0.2, 335.5028156393607
0.13331784222725837, 0.2, 77.1517017459782
0.10464094356136652, 0.2, 163.95419954372449
0.14574872478911338, 0.2, 84.48533067550694
0.13114899941606242, 0.2, 11.42689895333844
0.15194035294152913, 0.2, 21.23071627769801
0.13452988045580627, 0.2, 198.14760323660784
0.18155609138568127, 0.2, 62.53645077620018
0.17467708557249922, 0.2, 42.989690768524916
0.15276553083875322, 0.2, 11.419788360837542
0.1746029791329738, 0.2, 209.27571469833777
0.1685167092933632, 0.2, 357.95837736372334
0.09728457410899134, 0.2, 66.5290721789456
0.13007599882356513, 0.2, 146.15953767907234
0.12430176114393979, 0.2, 3.0368616167149454
0.0811506861047216, 0.2, 15.593734814630217
0.17980940501932055, 0.2, 79.44422536507189
0.17268438653374676, 0.2, 33.442661244118426
0.1311674189289941, 0.2, 92.3580884183396
0.16410273455308122, 0.2, 105.69097226866155
0.13538344754534987, 0.2, 46.961223524871926
0.1403773973767861, 0.2, 27.33632954143856
0.1342680037362029, 0.2, 28.873894613834963
0.14432830801284627, 0.2, 43.153169032429425
0.09308020905381041, 0.2, 25.293677227606768
0.20368528071937533, 0.2, 23.12546918719954
0.1577244420858143, 0.2, 91.34490663154754
0.2059212038431572, 0.2, 59.26505036531897
0.21878796708707976, 0.2, 34.617020421364764
0.20471041725369146, 0.2, 64.90357395322549
0.09610843028745275, 0.2, 65.34584075069203
0.11799257349986375, 0.2, 68.48749420381255
0.22202438377151343, 0.2, 73.17288174557238
0.1223159885501879, 0.2, 1.209392885015073
0.12950912143979976, 0.2, 146.22103111745534
0.15017182704525653, 0.2, 31.29570582478721
0.2245007932295658, 0.2, 11.428816855638175
0.20515929482969264, 0.2, 32.20827200088369
0.1363189935714436, 0.2, 2.123493939874297
0.1730730195677168, 0.2, 415.88984112836107
0.17958837245421388, 0.2, 50.53383053746801
0.11219399975277945, 0.2, 343.80123915156526
0.1507321238778789, 0.2, 13.598673279542192
0.1025251961859742, 0.2, 26.666079356948543
0.1326368776021319, 0.2, 51.77660576887794
0.24719227152749793, 0.2, 2.78764938880706
0.1250327126861705, 0.2, 128.05768008077732
0.09736444332730207, 0.2, 5.921477252632689
0.19654093471370618, 0.2, 4.28553698721619
0.17016689916152597, 0.2, 119.37360970044733
0.21830779207286213, 0.2, 1.129502606451549
0.10831354966100362, 0.2, 7.229670418077727
0.17932078348913089, 0.2, 36.814730658481885
0.12450894915662077, 0.2, 39.94009610083168
0.08999652084858528, 0.2, 28.154765855729707
0.13377850382866416, 0.2, 79.11640253539849
0.064951103285716, 0.2, 29.823866117418127
0.17718177902045532, 0.2, 262.3682082078235
0.15794328306772307, 0.2, 45.25009761313277
0.16940555389883385, 0.2, 59.32238988416765
0.09598711515554034, 0.2, 8.780359576071165
0.15258653764920654, 0.2, 20.724913287196273
0.18065825687212336, 0.2, 81.89013812096076
0.13930129260360538, 0.2, 285.00897312490963
0.10546935652335215, 0.2, 6.2555517107874925
0.14884317042206555, 0.2, 116.87296717394429
0.14784747976998835, 0.2, 129.3319876606105
0.1331110254507111, 0.2, 35.816337913126844
0.09881758781285471, 0.2, 124.66698271721239
0.15628329609509822, 0.2, 109.93771629439341
0.12033643292143571, 0.2, 78.37857992370758
0.1696457745098099, 0.2, 51.28001260557364
0.2051970348745273, 0.2, 97.88654655359451
0.1506271772586618, 0.2, 43.94984892800146
0.20642015780717354, 0.2, 78.19701654959931
0.1721480025455104, 0.2, 67.4807794210164
0.16374728498370955, 0.2, 25.72834123071879
0.19287373947190628, 0.2, 15.497777207940942
0.11751072343436192, 0.2, 24.04003804689482
0.15232285829024117, 0.2, 21.371824824782415
0.1019235553458499, 0.2, 212.90875153262047
0.14059699437539383, 0.2, 60.858879363712255
0.1444365901037395, 0.2, 131.63637665488503
0.1491903811347378, 0.2, 208.72601922653598
0.19168570489409406, 0.2, 17.99311097105129
0.13659105286283618, 0.2, 18.53477568182964
0.1514118066526004, 0.2, 291.03203433002267
0.12426069469854895, 0.2, 90.97319813778316
0.10334800371106447, 0.2, 94.66201001977979
0.20057121459395516, 0.2, 36.381758545180126
0.1268843688429902, 0.2, 166.01111516016076
0.09308515882032248, 0.2, 132.30663075215384
0.19424369891471288, 0.2, 9.361175268249653
0.17538422547494556, 0.2, 89.45358411051643
0.17881347705312833, 0.2, 118.80681956522692
0.14998057207709947, 0.2, 126.89056213773024
0.11371395961998429, 0.2, 194.27973365307275
0.22091937321086874, 0.2, 102.66955489266537
0.18286490363712035, 0.2, 2.2469946582708076
0.19550771591600155, 0.2, 325.868424127359
0.19227335454857045, 0.2, 455.9103153738857
0.1574953581538391, 0.2, 8.985245922064898
0.08164650817203369, 0.2, 17.716493435731614
0.13482087015725347, 0.2, 36.416452189418486
0.06920914838238494, 0.2, 15.66658795102333
0.13612320903630507, 0.2, 213.05551210271926
0.1579410863406986, 0.2, 6.101679116348499
0.11441409071113955, 0.2, 127.22479741648581
0.1299442879191372, 0.2, 37.20702842700951
0.12013115679625305, 0.2, 275.03474538154023
0.2044631636605389, 0.2, 11.259519477184664
0.05400542921713171, 0.2, 36.00898458536974
0.1988007638079201, 0.2, 142.05045930596023
0.12774181926902448, 0.2, 8.194351047888421
0.06514155837036736, 0.2, 334.0538165929838
0.12346828684370523, 0.2, 1.0684768598857206
0.12202448380849301, 0.2, 89.61764485083495
0.14703442669038386, 0.2, 25.05343797049542
0.14495970724796609, 0.2, 15.459707078826266
0.11947746489200259, 0.2, 146.93867037205604
0.16266336880199797, 0.2, 40.234003099684614
0.19146146067005493, 0.2, 2.854659452967457
0.15785188880089435, 0.2, 54.36997456874258
0.17079219589822145, 0.2, 160.17427665832824
0.18281527488414584, 0.2, 123.57887949611994
0.15564155727798534, 0.2, 136.42732327738625
0.08347572187509024, 0.2, 47.43365818477664
0.09605840717990974, 0.2, 12.948236685881131
0.10071767465313122, 0.2, 4.889802669995443
0.10836639356306646, 0.2, 7.309860134463215
0.1240284797008809, 0.2, 38.8137430667519
0.05986246421108009, 0.2, 54.682789964008045
0.14736907559703952, 0.2, 26.597195615055078
0.08310663838155756, 0.2, 25.803582527397335
0.17745832339913714, 0.2, 25.52546391582951
0.21609440104573382, 0.2, 21.189212944062753
0.2510840718394513, 0.2, 43.8774219427091
0.11480532362365037, 0.2, 21.499007535373355
0.20975720613359847, 0.2, 179.0099726313042
0.18331120028086342, 0.2, 39.74357828423645
0.13349124372914414, 0.2, 6.289410516088329
0.20819890994596288, 0.2, 19.758943236359837
0.0773727283172541, 0.2, 31.607663322416304
0.1128554930850861, 0.2, 53.665302309360186
0.20684794118718702, 0.2, 25.068522081832732
0.14569482654271448, 0.2, 141.7023165662509
0.18037001673047093, 0.2, 28.284094013405927
0.07147767021858144, 0.2, 94.89715906628238
0.05359724028893932, 0.2, 64.27380533277521
0.21384776613637657, 0.2, 26.075972723825092
0.19728725308759001, 0.2, 69.59160722177295
0.20581756009591018, 0.2, 143.55171985400798
0.15810206790933265, 0.2, 53.731735465222606
0.1674765848159245, 0.2, 47.1980283332298
0.09805080977502756, 0.2, 66.36160770340936
0.1219372390396882, 0.2, 140.46444906518857
0.08110941415490945, 0.2, 26.639426149568052
0.07847400515092945, 0.2, 97.90915923441311
0.1748745366163659, 0.2, 33.70651386328192
0.13643194746979861, 0.2, 43.68518630471574
0.04604945754760233, 0.2, 187.07135233609483
0.13108211792831814, 0.2, 107.44831655363507
0.1420510597740964, 0.2, 33.37831657322525
0.15186046367473932, 0.2, 61.78144251624028
0.13221487459082837, 0.2, 14.393041595338303
0.2546614313927794, 0.2, 28.029249672047232
0.1575709201991118, 0.2, 14.923044477752496
0.15137145927778753, 0.2, 121.86640551367947
0.10615013071598653, 0.2, 99.57644351602994
0.19172988536820165, 0.2, 0.1249493369321824
0.12807993906655013, 0.2, 6.317363320504421
0.15841751020988773, 0.2, 152.3420197883504
0.16320323532839193, 0.2, 87.09814867812815
0.12721758988034929, 0.2, 26.5592212074013
0.18463005797015747, 0.2, 13.102065929926189
0.15942657803652197, 0.2, 46.361851596198
0.1888187521661016, 0.2, 185.06214960094962
0.11667042882047876, 0.2, 94.63657387338414
0.16823369712948, 0.2, 54.69108016228229
0.12834820354548365, 0.2, 69.6758278247943
0.15267968656229466, 0.2, 251.0554911938787
0.08255331592302151, 0.2, 23.096379169526948
0.1902286616140454, 0.2, 98.76517831462141
0.21907071667015454, 0.2, 32.580494457021096
0.15359562180436123, 0.2, 9.711650716096385
0.17710365742078932, 0.2, 12.596652718745853
0.08768405375543228, 0.2, 148.85053343094873
0.1272451456555044, 0.2, 78.0992502721835
0.13871403099073337, 0.2, 110.2172969638634
0.097928668433137, 0.2, 17.228738938857905
0.13650089405434107, 0.2, 22.96663765415605
0.1398060921311454, 0.2, 44.77426633982487
0.09990725783910465, 0.2, 17.500722829788767
0.18780203096177406, 0.2, 21.250544937884612
0.10614689055158039, 0.2, 92.90789202213169
0.1642954636790263, 0.2, 30.809649960575754
0.07243607943577762, 0.2, 108.60244873195279
0.09807712304564711, 0.2, 23.43131737543626
0.15124977905419876, 0.2, 17.718267221296816
0.18570175481623719, 0.2, 53.30812914793776
0.12413318252929495, 0.2, 148.3453149195828
0.1584529961530373, 0.2, 15.691351052853875
0.09701701354894296, 0.2, 0.52477215514766
0.14998060815095643, 0.2, 34.68669631925706
0.20293083270572984, 0.2, 349.9368038007917
0.15970884338101485, 0.2, 100.26221169165677
0.1612673442033124, 0.2, 80.91237093299358
0.24637795714950272, 0.2, 55.96531496414249
0.15900816610223645, 0.2, 19.818442023044604
0.13768897108502312, 0.2, 13.060381168141765
0.14811844841529967, 0.2, 111.3261315087107
0.11044092347608236, 0.2, 94.7253850494621
0.08529757047586664, 0.2, 84.44542050662619
0.1699332644742403, 0.2, 36.076523581573824
0.07902139828946671, 0.2, 19.161199082331674
0.2933924173132976, 0.2, 443.9126516408615
0.10317842007343177, 0.2, 10.594871687773463
0.1901357807067663, 0.2, 22.5458898582267
0.15632143993420364, 0.2, 5.395112961929897
0.1269911774967008, 0.2, 104.37573883310267
0.12855489343157064, 0.2, 9.44943486388051
0.17541399059994692, 0.2, 40.93750882985367
0.15301650466270497, 0.2, 150.97226792641732
0.16798458732486532, 0.2, 41.561576760532475
0.11363562610492842, 0.2, 64.15199729163105
0.06493962842019156, 0.2, 24.224639090661057
0.15132086655934063, 0.2, 13.560157033547622
0.15633672724085676, 0.2, 23.138330656532997
0.15404026582052044, 0.2, 155.77052786293092
0.11342983895813882, 0.2, 30.507417982636458
0.11339624308927981, 0.2, 60.176132741607326
0.188346341622549, 0.2, 87.24987665375191
0.15494663068104697, 0.2, 17.786536284538155
0.12499791247153708, 0.2, 1.9261238657310364
0.06525982383072985, 0.2, 0.7314012171603128
0.14406386501621754, 0.2, 1.2851830042004917
0.21794600445442092, 0.2, 62.42379427496304
0.12432215539047395, 0.2, 61.0331193456875
0.17598446116697872, 0.2, 28.958862746743478
0.16548538143539673, 0.2, 43.526423290599325
0.16110289447884021, 0.2, 145.94022516730655
0.16367733198660256, 0.2, 115.88613532974057
0.09188175020610012, 0.2, 157.94830203206746
0.09582979610175724, 0.2, 73.66656465921973
0.12043772979898165, 0.2, 91.08067805010435
0.06208454442350436, 0.2, 18.756424407930176
0.16771463766683875, 0.2, 55.675784452343756
0.20534019216568117, 0.2, 19.274339188074624
0.15439874015179986, 0.2, 3.8235346667054264
0.21327943835109248, 0.2, 299.9246932370964
0.1250826470638345, 0.2, 120.65164806786986
0.17756087803230694, 0.2, 62.709443215194234
0.13932783824153638, 0.2, 126.97711814806314
0.19353236429022772, 0.2, 78.11751390605497
0.11451860909296753, 0.2, 36.43615393546417
0.14270518604816143, 0.2, 25.94188975658027
0.15320768825775513, 0.2, 12.199202126950729
0.12262349754317622, 0.2, 136.2180798996061
0.08470722320803063, 0.2, 80.27430991230219
0.11701888564641257, 0.2, 43.921311812591
0.11040035123742997, 0.2, 48.42083657225684
0.16736033096492858, 0.2, 124.83495722160573
0.17637808945369388, 0.2, 15.920195701684731
0.1795998139620428, 0.2, 46.56434509735155
0.15943815961855637, 0.2, 7.84057468230679
0.13004718189215078, 0.2, 311.6281870429838
0.13566491053732702, 0.2, 118.15306800510658
0.09324446567674871, 0.2, 142.41664542102586
0.1749714384665456, 0.2, 86.74558625266455
0.18235669938827298, 0.2, 22.363290344994535
0.1388692698284734, 0.2, 59.33555086436566
0.13820611597902835, 0.2, 11.653454206342772
0.0691926234777947, 0.2, 9.170155754215365
0.16853630233744654, 0.2, 36.150139478794515
0.22516485967915362, 0.2, 21.38898233316777
0.15794403969160822, 0.2, 5.65223993143196
0.20827674737140847, 0.2, 304.6301276922355
0.21431786413196655, 0.2, 13.883087104266599
0.22434861301997994, 0.2, 64.88099618588753
0.07750845269722037, 0.2, 35.20579039554346
0.14605133362584355, 0.2, 19.084074556508526
0.10291562021941417, 0.2, 128.6126445741336
0.2307969467345627, 0.2, 36.51738067555217
0.1694027929682309, 0.2, 74.70515543241213
0.16114187134099767, 0.2, 448.21715332804615
0.11762421021892676, 0.2, 9.487047746582165
0.1358707798347948, 0.2, 20.741307144573533
0.15074857598028568, 0.2, 22.445915368577214
0.1629750635839068, 0.2, 154.8131160261728
0.16504282219103375, 0.2, 76.42473138497016
0.1774229515331362, 0.2, 40.67598000604678
0.12422811580019276, 0.2, 37.80835312456614
0.1494250665307146, 0.2, 37.587916449056905
0.1733446446157656, 0.2, 49.67587654604775
0.16265566480125318, 0.2, 117.08900684948281
0.11032700489697864, 0.2, 3.601478467129137
0.1242889078508874, 0.2, 52.91784176220118
0.13854931189491074, 0.2, 18.4088390339941
0.12399050721407331, 0.2, 25.61508364869658
0.17736162593774563, 0.2, 21.8822121009234
0.21426376635848368, 0.2, 103.16150792826087
0.1753401785625235, 0.2, 47.499622237590955
0.23547189271664828, 0.2, 140.21306917815534
0.11283899425857756, 0.2, 121.11715766155012
0.10836788084381907, 0.2, 96.35380659967515
0.15879771466016396, 0.2, 30.284969947143452
0.11243999432336618, 0.2, 75.65898898449825
0.11610404457530901, 0.2, 12.198045304233492
0.09146671975577388, 0.2, 95.21632124259028
0.13519601016873933, 0.2, 10.501344972459684
0.19347173966372597, 0.2, 10.348326693200995
0.2046707271301046, 0.2, 41.184633948345066
0.18613688500635817, 0.2, 84.38353515539828
0.18827917714838935, 0.2, 104.88065493407142
0.18774520899761676, 0.2, 10.066596254158993
0.142800108327762, 0.2, 99.69687929211176
0.14277470740066558, 0.2, 29.93677651649997
0.14203699546941065, 0.2, 51.047934146480515
0.11520374136432518, 0.2, 35.38798489930527
0.10864015668772123, 0.2, 47.85916273629671
0.17323933600479557, 0.2, 15.188824881685651
0.08571198910928714, 0.2, 32.85904397466913
0.19112802407011972, 0.2, 14.488409021861502
0.1845992841217157, 0.2, 5.901074763333991
0.11142123573735963, 0.2, 7.237251491558295
0.16852488157027662, 0.2, 53.71169318757942
0.09902618819112885, 0.2, 33.98396999031587
0.18651284277104396, 0.2, 116.59368843987401
0.16467302759339666, 0.2, 21.273250462416602
0.12651335438692435, 0.2, 89.45187021731736
0.18906650248479828, 0.2, 163.2359076953064
0.16303271601741165, 0.2, 31.367361412154192
0.15390626245009506, 0.2, 82.39153088959311
0.025460768305624285, 0.2, 54.16138839182959
0.16496659394055643, 0.2, 27.79948243845569
0.20698747907701334, 0.2, 36.47143473729765
0.13066773441687507, 0.2, 38.77976098634875
0.15200519534742402, 0.2, 21.407294981741764
0.1897622195416078, 0.2, 9.497038718405373e-05
0.18931659758031846, 0.2, 3.716603237340198
0.14452133347252583, 0.2, 172.02214784832904
0.15901807824812864, 0.2, 6.90419727841818
0.1573694221048035, 0.2, 43.79659188904948
0.15092570896025195, 0.2, 125.96739560041789
0.14420334633302695, 0.2, 22.866278216637532
0.12667288000062168, 0.2, 130.30513088248486
0.1425369219254481, 0.2, 10.365215608782318
0.0945486801036744, 0.2, 114.87760434009358
0.22463371155259568, 0.2, 140.26146281812353
0.1782051153303004, 0.2, 16.14166882691389
0.10166098756894659, 0.2, 82.6737470737323
0.07105897147184446, 0.2, 80.69846824492124
0.18817290126331418, 0.2, 68.67137436759643
0.13534615069028838, 0.2, 316.12475667301715
0.10911944119189027, 0.2, 255.09490735540277
0.11692996385387919, 0.2, 158.4808945280815
0.17032347457817842, 0.2, 92.31045750252957
0.06512422872106442, 0.2, 47.950902882949485
0.15122213766721251, 0.2, 43.95843192848881
0.18614587320019516, 0.2, 61.19066893637949
0.13662516661824914, 0.2, 161.39902788177156
0.09769139932783835, 0.2, 135.52623397933863
0.1818340425231631, 0.2, 22.597905867375264
0.1537820129240364, 0.2, 313.55052314373035
0.09109809273856165, 0.2, 42.16224752770532
0.16257847581054102, 0.2, 3.377750471744941
0.1924334516575482, 0.2, 61.34579183286933
0.18755905678351514, 0.2, 0.07326659792295978
0.15586212347809586, 0.2, 86.94941122634702
0.08569055705823782, 0.2, 55.636424563021016
0.1282809047091305, 0.2, 162.6472293192983
0.14512870352906473, 0.2, 68.02732838032648
0.26152814196036167, 0.2, 83.62596196037279
0.12659133776886808, 0.2, 22.488435833501637
0.16140163894548942, 0.2, 12.70072577166067
0.16962145772061743, 0.2, 54.02847498941387
0.16621952614034266, 0.2, 52.70803664594709
0.1667481976932291, 0.2, 0.8208214553673315
0.19481019282025774, 0.2, 170.3116914241594
0.15469349109894864, 0.2, 28.266266188351263
0.18314038693399562, 0.2, 90.54759676908597
0.15585622422938153, 0.2, 12.696776124824554
0.11612947909604523, 0.2, 108.40357226630488
0.17902294823719614, 0.2, 2.777164631263028
0.15746533944940463, 0.2, 11.651438012387441
0.186159933355322, 0.2, 55.92603271485803
0.17455875464181894, 0.2, 1.37289641101441
0.17679325141114308, 0.2, 55.68427715504814
0.09323183349372247, 0.2, 9.320488534417143
0.2079571563362712, 0.2, 70.69913838317619
0.14122942414224843, 0.2, 49.48454881065029
0.2416915505659418, 0.2, 8.008724036449992
0.08756645923152301, 0.2, 32.01704040184576
0.021495431125810177, 0.2, 2.1888532540776007
0.13459505571760527, 0.2, 31.936796920917303
0.11825869942099629, 0.2, 90.13034682357694
0.10912351924932098, 0.2, 241.38283891147367
0.09050848945923652, 0.2, 300.18095762130423
0.16609076003094647, 0.2, 13.227899824250189
0.08564849041805069, 0.2, 32.80915321023773
0.22082969073180692, 0.2, 15.149576349755025
0.18570249104896702, 0.2, 152.87714673676507
0.1353796493762244, 0.2, 53.9861087535613
0.10537433784760031, 0.2, 84.93921691048399
0.15422931445630003, 0.2, 68.29848583455146
0.20991271306750303, 0.2, 12.148586116122285
0.2090980087852632, 0.2, 104.85555242270976
0.12548415736111482, 0.2, 2.8601691212029725
0.1861015205427518, 0.2, 64.755140820579
0.09562866508985596, 0.2, 121.12328738090022
0.16328283179342826, 0.2, 63.4683404254549
0.10006276132590694, 0.2, 171.95439211067702
0.07803845875260132, 0.2, 215.1471552480629
0.20392631121229332, 0.2, 287.5185831752576
0.13789468745544342, 0.2, 380.5665327427062
0.09269032128829185, 0.2, 5.672361626839063
0.20163724488415496, 0.2, 93.37450707964294
0.16849063004626766, 0.2, 39.59343931281391
0.16328795061676962, 0.2, 83.62974541940181
0.16825963413723416, 0.2, 6.272863386025401
0.1801333024628607, 0.2, 209.3796048869823
0.12669294413389132, 0.2, 1.1759236702487132
0.1931042030975813, 0.2, 37.59009817918548
0.13225803624751153, 0.2, 210.35259258211642
0.18749610511544818, 0.2, 28.272075875431245
0.1588741257448537, 0.2, 43.45627610226923
0.16708694139750824, 0.2, 107.8958476251808
0.14146805038205473, 0.2, 68.48990743098615
0.11406330834612807, 0.2, 95.62363647203193
0.12622294622934832, 0.2, 136.806774305072
0.07337178582251429, 0.2, 143.158805769275
0.18205307082702915, 0.2, 4.459564065769827
0.11531171725864814, 0.2, 120.32755909854451
0.09290711182645237, 0.2, 2.337596660777707
0.12670355788460802, 0.2, 46.651022999308445
0.1488823586784625, 0.2, 240.25327589304132
0.18633471313312527, 0.2, 361.81320665668835
0.10107685345434975, 0.2, 25.43486233188173
0.16343741638889542, 0.2, 95.50020654686779
0.1978376239604001, 0.2, 87.14021232759538
0.13272120637418644, 0.2, 56.0884183179543
0.23904443613163584, 0.2, 51.18023412376576
0.24613403011995574, 0.2, 58.1843691825594
0.13895996679510786, 0.2, 46.918521092951195
0.12569511620926313, 0.2, 49.82908409373408
0.21289805437689352, 0.2, 107.311729579171
0.12975993828330862, 0.2, 36.84254801844989
0.1555342716963393, 0.2, 167.87975131981838
0.22268412429931156, 0.2, 62.363228458010575
0.1029380838698328, 0.2, 1.355778386780936
0.14395173302486922, 0.2, 136.93172998565265
0.20432164832421645, 0.2, 93.34544060644365
0.13539517461247388, 0.2, 14.006927053948631
0.16228652389623333, 0.2, 59.34213866612172
0.1679255073800161, 0.2, 64.79141271576688
0.14472717985461955, 0.2, 14.718883190958689
0.21720487071567068, 0.2, 14.135611212787591
0.20059641764829855, 0.2, 60.57071096865148
0.15896393685594976, 0.2, 212.70431746671167
0.16565736663078706, 0.2, 15.780782240191296
0.19608128937404998, 0.2, 97.11833789832215
0.10145501599496856, 0.2, 146.34954167361786
0.1819972754678109, 0.2, 89.78470966260085
0.17618070256154486, 0.2, 119.89430089780085
0.1877219111391437, 0.2, 45.89123033254483
0.06215931555749843, 0.2, 54.332286245794094
0.14588004462101278, 0.2, 37.858406766179634
0.22420270861212027, 0.2, 45.99056982165023
0.18793364052847988, 0.2, 29.953696702711706
0.08520862638898515, 0.2, 109.07275975620054
0.07194922677433069, 0.2, 112.18274743730787
0.09069955069831526, 0.2, 62.1050955502739
0.15851253280618305, 0.2, 15.992446774738418
0.13624285786248927, 0.2, 100.41206814551829
0.14395400197265157, 0.2, 19.751396862625384
0.20103441174923598, 0.2, 79.27121176734538
0.11488668694144791, 0.2, 52.189617618140616
0.159844424772403, 0.2, 3.7661417808423385
0.14263780430360948, 0.2, 3.301973407327928
0.18616311929839097, 0.2, 26.65199673353143
0.2083721276139031, 0.2, 69.83229854984124
0.17398269148929393, 0.2, 219.37355192729154
0.2053128555345261, 0.2, 138.87966603880827
0.15802676015064424, 0.2, 21.687778593921788
0.07593295439078604, 0.2, 411.2860631875053
0.18522186101692867, 0.2, 145.81914563319953
0.1504430602330296, 0.2, 48.16735312166538
0.18295545956130865, 0.2, 63.10371308616821
0.2063108172426093, 0.2, 119.80235248507043
0.2046544385929295, 0.2, 43.01370958572344
0.1727370855938761, 0.2, 34.49259741684119
0.07431776068488978, 0.2, 21.817316402912947
0.10887894883872846, 0.2, 6.823862382185024
0.13274308009463787, 0.2, 114.93786353915766
0.15238864119600223, 0.2, 141.83354672821733
0.2375903484222248, 0.2, 96.77611768301945
0.1364603980284413, 0.2, 96.55492709621477
0.16533628181820365, 0.2, 21.356206644207855
0.12223306037575161, 0.2, 93.04082986896695
0.19127137479162126, 0.2, 86.52647617764167
0.15426590641808832, 0.2, 59.986586671704885
0.13803572934512048, 0.2, 104.85095727258694
0.1659054228292853, 0.2, 42.28517947829233
0.16211844382673535, 0.2, 50.07250354203413
0.15397336505295875, 0.2, 59.98298139773011
0.1551531435093361, 0.2, 37.753198184144246
0.1331643275618705, 0.2, 40.02651621701719
0.06900232230807855, 0.2, 32.04362719106601
0.15710180104021468, 0.2, 4.744682190335118
0.15028569647525072, 0.2, 4.986002159000564
0.13939287453113539, 0.2, 6.441702718098171
0.12318601315723215, 0.2, 6.035992964992869
0.19565478602831687, 0.2, 58.30624680159624
0.13683273340270466, 0.2, 56.230429841355644
0.17951035269701357, 0.2, 180.87454348987964
0.1882031106099738, 0.2, 185.40207659893906
0.1462498085927191, 0.2, 42.49293983653385
0.14024628041149043, 0.2, 78.46577019609121
0.1964575384698143, 0.2, 103.25138253770733
0.09267395143226988, 0.2, 44.30947753871192
0.1365491832810058, 0.2, 17.830456429458025
0.1385934793746684, 0.2, 30.739906135386786
0.23776479158844777, 0.2, 103.74321906244252
0.09184181150984405, 0.2, 36.025198035901106
0.14452456909693082, 0.2, 39.0205144828642
0.07249012790845447, 0.2, 138.0114749066616
0.22778158242892915, 0.2, 371.24709132291673
0.16724196554829635, 0.2, 2.9715474077498407
0.12772510423847575, 0.2, 53.34120461711383
0.1434253826294158, 0.2, 398.3865907238184
0.15803080609438003, 0.2, 54.855972741828275
0.09280303732256492, 0.2, 54.12804444611813
0.16283713153685286, 0.2, 48.84688922498834
0.14097790203092808, 0.2, 4.799392194580755
0.11002175264507737, 0.2, 47.46372897691071
0.16162129614305393, 0.2, 24.45716645553478
0.20068004553465094, 0.2, 0.9481991088346632
0.0939744332197042, 0.2, 40.559227023080204
0.06320692196158217, 0.2, 127.62509629538373
0.14617018377736776, 0.2, 43.81151695847772
0.12934047984562724, 0.2, 30.26917856154538
0.21105827205830366, 0.2, 57.131869994363925
0.13823523507604998, 0.2, 22.90559057023059
0.13763861065525312, 0.2, 130.6123877168177
0.10406530110831852, 0.2, 178.4464236654561
0.1073214326187229, 0.2, 60.216789354623465
0.12328799329355039, 0.2, 74.86315115009845
0.1571511499710339, 0.2, 54.55331432111921
0.16094681779580422, 0.2, 18.942380272468426
0.12063598107654144, 0.2, 106.30538432782878
0.10464495913051075, 0.2, 191.22415402003935
0.23283629363124014, 0.2, 7.78228465494602
0.10440771287747508, 0.2, 126.01277501326192
0.11757267457011719, 0.2, 39.24276199772707
0.21721352913433217, 0.2, 23.031237944668444
0.09638231708671735, 0.2, 70.2493401535868
0.20664705485463397, 0.2, 18.017116126311347
0.13618702141026773, 0.2, 58.17002430607158
0.10554779344724127, 0.2, 209.38821418302496
0.10419627408476234, 0.2, 21.106478829783036
0.18321048177783422, 0.2, 51.69770365412381
0.1745325852988726, 0.2, 0.5762228560616197
0.1590541577024318, 0.2, 132.98584933692663
0.18323331577871582, 0.2, 47.894045753223
0.14471876999578157, 0.2, 35.38023080019103
0.11604602611262774, 0.2, 6.01252329041319
0.19279265999931103, 0.2, 112.98643021700411
0.19169714081296854, 0.2, 11.79627320822973
0.16965941852880015, 0.2, 39.495488222916165
0.13302526122296188, 0.2, 509.77875348821965
0.19466401670184252, 0.2, 88.97531299590979
0.1518015118987043, 0.2, 79.88666654972126
0.12350257866430542, 0.2, 92.2811585323243
0.12859223677076187, 0.2, 18.67637120381585
0.13261307782671092, 0.2, 63.46154050471244
0.18533892272384955, 0.2, 17.187013099407395
0.17455229199072583, 0.2, 20.060900633999314
0.19035863656134264, 0.2, 28.763762300097056
0.10059161140985964, 0.2, 92.67638786851445
0.09241886998111665, 0.2, 38.53685388816542
0.1508811980388178, 0.2, 5.175456092817017
0.20635092900217855, 0.2, 57.91915088500494
0.11745734386771745, 0.2, 69.20354463867443
0.1766152593779088, 0.2, 48.3282346403263
0.1762398076529506, 0.2, 75.94625373367582
0.08086005972170739, 0.2, 9.990810558814504
0.16893150891046904, 0.2, 72.64496803710017
0.14556314746468815, 0.2, 120.54337123607066
0.14611856901112028, 0.2, 17.67030526566385
0.15912282697469707, 0.2, 14.532301387451604
0.08562506116660835, 0.2, 3.1456563071764254
0.1088149375348134, 0.2, 74.56604772466817
0.1267692141237114, 0.2, 13.91130611046071
0.17450782172761556, 0.2, 99.30254481727351
0.16566907290618432, 0.2, 15.532700392667738
0.1538819868214731, 0.2, 34.77235687371368
0.1679839681329763, 0.2, 31.453057631249674
0.08664669873250402, 0.2, 42.38957538432547
0.08656115636022602, 0.2, 26.802008420841155
0.12000640181052026, 0.2, 46.07961807556767
0.07805301825338726, 0.2, 102.29148810873333
0.14298233286661818, 0.2, 223.35074301101466
0.12445330573876176, 0.2, 83.65131406841122
0.10644180356369132, 0.2, 36.25525389639583
0.1250720855296335, 0.2, 69.79336492500515
0.19625690458499437, 0.2, 40.31541270060726
0.12816860770936989, 0.2, 44.83036565108174
0.1800013198284575, 0.2, 39.169777548344356
0.03333350333465117, 0.2, 43.50936033403327
0.174329888810257, 0.2, 3.839578104234717
0.19223318879510837, 0.2, 49.283124477715056
0.13636982502471953, 0.2, 13.695189951638788
0.11173960737411112, 0.2, 28.003204720544474
0.07852507916189487, 0.2, 84.41568308401997
0.16592899257906818, 0.2, 96.3153895133605
0.11548680746287578, 0.2, 10.330092998902767
0.13349794195261708, 0.2, 52.54894444041873
0.12572987497984625, 0.2, 36.301654372550026
0.15406322992061147, 0.2, 14.940611854945121
0.13471052498003394, 0.2, 191.77216249333776
0.15187500451976552, 0.2, 0.616665798740809
0.11646025666298072, 0.2, 38.57117583538223
0.08147468365402777, 0.2, 16.297768757223558
0.14273136785960805, 0.2, 92.673469624769
0.25385759138318176, 0.2, 282.37264226887993
0.17995106132085048, 0.2, 150.68858670412692
0.12595466109170475, 0.2, 117.70441357660428
0.10407403627054132, 0.2, 59.70452598658128
0.13363598669757878, 0.2, 120.02440856803352
0.15886389781664675, 0.2, 51.73926228154389
0.16427190475651263, 0.2, 4.977520810972099
0.1789042984867969, 0.2, 77.94590868181551
0.15602537147800843, 0.2, 94.39447377865794
0.16486507216806323, 0.2, 120.30782640129289
0.1503320260026324, 0.2, 67.4835537979396
0.13428053043676297, 0.2, 375.82813139416123
0.12870140277631495, 0.2, 19.093152866556817
0.14879292349374376, 0.2, 9.36461881798881
0.1904883139072114, 0.2, 60.89513853183663
0.1579436440044017, 0.2, 137.1598395170541
0.0999592802265033, 0.2, 74.47698271494197
0.16147159072194522, 0.2, 3.0074976006586733
0.1273692709192918, 0.2, 123.75927832060029
0.17456894625896624, 0.2, 3.427459858050816
0.09850964353120742, 0.2, 111.54964821360662
0.12186312336764621, 0.2, 41.55614679089882
0.16089210128086262, 0.2, 67.57543614801659
0.14483629981375123, 0.2, 21.031651206082287
0.19795487968887204, 0.2, 38.80041101775475
0.10487172165908873, 0.2, 27.874464227246282
0.21737825852197473, 0.2, 222.22055311189106
0.22104214978472314, 0.2, 23.83298712355831
0.1651332271438366, 0.2, 0.2793288155062032
0.16464758620538889, 0.2, 111.98627339261384
0.11540009654971758, 0.2, 54.74118608803145
0.18211152047693105, 0.2, 31.255579683180287
0.2035674998235426, 0.2, 2.9726236836594833
0.13952313413148656, 0.2, 18.334721908919008
0.2163833165070763, 0.2, 26.54632434397617
0.09832562955638875, 0.2, 136.2756373646779
0.20356118208448676, 0.2, 45.03653118548567
0.14551588793716103, 0.2, 65.68610351220943
0.1282185536373852, 0.2, 115.19138309080019
0.17006834188123143, 0.2, 48.95611572253457
0.14377273783158323, 0.2, 353.0554961509001
0.16033123811412303, 0.2, 96.02620964557664
0.15425157999736502, 0.2, 44.23819609038552
0.1486464558929361, 0.2, 169.9096657493419
0.1325235109900977, 0.2, 63.09846175724494
0.18755323536229918, 0.2, 333.5771288601982
0.16174562282465293, 0.2, 36.454304277172916
0.2345466095516412, 0.2, 35.11400304995282
0.1770960803498572, 0.2, 19.596995716460366
0.17069639181227636, 0.2, 88.72681704213413
0.10880727818749203, 0.2, 23.04800156909713
0.2547900959576438, 0.2, 160.68523039735112
0.13719896062947085, 0.2, 22.697958382568547
0.18949385412228756, 0.2, 44.89191735176463
0.16320094620903153, 0.2, 12.203954868737423
0.12942217071274856, 0.2, 233.64326491290058
0.08819391177922999, 0.2, 7.5886889763484575
0.20968773348097938, 0.2, 59.5828934937194
0.211946407632617, 0.2, 112.03756000486943
0.1659062682054909, 0.2, 60.14683008927792
0.12192481405955785, 0.2, 24.995648960838608
0.13020891081029354, 0.2, 16.99394728914146
0.17218180305764808, 0.2, 121.26942159009305
0.09457614930852559, 0.2, 93.25281353425515
0.12256926063968684, 0.2, 10.21027195618338
0.11398666587396791, 0.2, 2.901332955156655
0.21331902444999945, 0.2, 61.58574543162121
0.15076973303112004, 0.2, 30.258639011157822
0.12666317616541745, 0.2, 105.50987994642196
0.1178642243814412, 0.2, 131.198176663588
0.09495092052387878, 0.2, 232.15250268788262
0.06952453510238592, 0.2, 16.178297054084823
0.15241976575717076, 0.2, 57.795628242796916
0.12664652735979418, 0.2, 58.809151714694465
0.12313604123085375, 0.2, 164.78988126242666
0.12282116547233451, 0.2, 53.99350470185915
0.14107140976890828, 0.2, 16.033247241289946
0.16160709571400136, 0.2, 166.28754788912676
0.13655185138305018, 0.2, 5.2174336638096115
0.2369902760191192, 0.2, 17.146055351378696
0.138608838042487, 0.2, 23.497005553797326
0.11227931064477553, 0.2, 157.87021693248474
0.1515300209179985, 0.2, 21.192049305605167
0.11432407996347227, 0.2, 10.741387231417974
0.14697250938885584, 0.2, 69.8911166007206
0.15107640034219325, 0.2, 76.16076277626325
0.12462599970752113, 0.2, 197.56176455198252
0.2160406249746371, 0.2, 15.096444244103806
0.1516784813194587, 0.2, 40.53052639555284
0.11826921436719967, 0.2, 227.44802817249104
0.0998833996236908, 0.2, 0.8167723016944591
0.10926712862928042, 0.2, 134.25287577019685
0.16938474946442322, 0.2, 52.734402788048826
0.15662864025749829, 0.2, 4.8541895591489075
0.13431331641185715, 0.2, 169.14404270494518
0.24958752976356252, 0.2, 15.992113717544044
0.16502265916586423, 0.2, 21.420838608888847
0.14373883889102923, 0.2, 19.640717257212234
0.11841198291984739, 0.2, 73.61771250600451
0.11317210804587849, 0.2, 148.9895739998335
0.14098233784760547, 0.2, 61.33545947662805
0.09736904244850822, 0.2, 17.955825741330667
0.1360354206483195, 0.2, 14.601864716182984
0.1579450248664267, 0.2, 61.06966059500771
0.08512382000364001, 0.2, 24.901629278129334
0.18196298634797808, 0.2, 28.786246767199785
0.10123908522561981, 0.2, 138.95461711591463
0.18104595375526752, 0.2, 47.55000322909681
0.1507207351410891, 0.2, 143.7475359309556
0.21046179420302527, 0.2, 17.40815058103409
0.22014338357342594, 0.2, 103.8920743324084
0.11892932981150571, 0.2, 198.70682647056609
0.1721214835670744, 0.2, 44.346415832390655
0.1953797635821095, 0.2, 13.857623452261413
0.16819625381351572, 0.2, 15.487160626554786
0.14371550544818978, 0.2, 10.64956339850828
0.1948347426723683, 0.2, 60.00262590965043
0.19180488372827575, 0.2, 18.98634511952439
0.18609336470728371, 0.2, 131.9329386250247
0.2152706640776117, 0.2, 344.34890366846486
0.19436238158739433, 0.2, 48.33809438125855
0.134667925478003, 0.2, 52.892545064184034
0.14108860995955239, 0.2, 478.4292613470472
0.1626698171744497, 0.2, 37.78082585910439
0.24563923223436257, 0.2, 76.05053672030337
0.16882812642047482, 0.2, 83.15124930597163
0.09925633335667662, 0.2, 191.68685243805325
0.19363093355958583, 0.2, 27.94732687579001
0.15347640112287328, 0.2, 160.37694778034412
0.11294559686988354, 0.2, 26.67892971127126
0.10064595062104859, 0.2, 55.79982178794105
0.11080523792700062, 0.2, 123.5084416357109
0.1483010099951096, 0.2, 8.980416437710963
0.17676491263002223, 0.2, 32.986682871490174
0.14647209517386212, 0.2, 15.613111445082108
0.22347578594912137, 0.2, 62.20346305160894
0.21292467307579738, 0.2, 119.30025632582618
0.0939717303093398, 0.2, 41.206847087526434
0.15126607126932093, 0.2, 32.58943034461967
0.17069721813683, 0.2, 58.480822696178734
0.14416792550133128, 0.2, 52.796587477658576
0.115204306042712, 0.2, 131.0779382709315
0.12514989817598968, 0.2, 3.334701772326556
0.13098190799955842, 0.2, 75.9765828128632
0.13817835573435044, 0.2, 11.750458767022291
0.24131385289285162, 0.2, 121.71209680309211
0.0994855390571966, 0.2, 88.65418860074186
0.08089932134703397, 0.2, 63.74915760523973
0.06272219802169594, 0.2, 54.47194383151777
0.17100331048104267, 0.2, 124.54216293601803
0.07251225050395464, 0.2, 90.04724268361359
0.10409635487648004, 0.2, 21.898926391302705
0.07820895621085543, 0.2, 31.954087351363793
0.21077303762168648, 0.2, 63.76575322112101
0.17808188709128617, 0.2, 9.969353960071345
0.06625446225395436, 0.2, 64.41783879374397
0.16039549094559535, 0.2, 37.18211019204935
0.16119400805363862, 0.2, 10.173164360342291
0.15018066596089238, 0.2, 394.19605946340613
0.14578208367148635, 0.2, 55.70800199691864
0.14778876810089256, 0.2, 37.066529955448495
0.14830184176107825, 0.2, 50.91052355821356
0.14135295350059712, 0.2, 66.66719272158944
0.1166831166827689, 0.2, 39.02747259810373
0.10166569235831002, 0.2, 96.10237232005291
0.16581401478024405, 0.2, 147.17037016360976
0.1573158096576984, 0.2, 32.67416027782667
0.08288710814970608, 0.2, 1.847825669258529
0.1275718859271529, 0.2, 39.2057550800526
0.17599905355727793, 0.2, 161.90635304442955
0.15654819040188986, 0.2, 29.45292764118294
0.17590146263862533, 0.2, 10.94202804198615
0.151203075442274, 0.2, 79.80614606510288
0.189048597689837, 0.2, 19.857424202621335
0.1691084631135224, 0.2, 37.45204770139682
0.1647441447696212, 0.2, 146.91149716823966
0.16390513894965839, 0.2, 71.31207758701433
0.11637657712795033, 0.2, 44.6006589768271
0.15722317066439817, 0.2, 17.745745553610583
0.16511323300067754, 0.2, 84.62613467588866
0.0995438602720905, 0.2, 32.16062370668707
0.11756388141524948, 0.2, 4.398371097816667
0.1283316782732049, 0.2, 18.434487687709193
0.17308533396605724, 0.2, 102.23353386764427
0.1284833218633052, 0.2, 39.08291180136206
0.06531710699070935, 0.2, 107.30900395894294
0.17771665389296046, 0.2, 116.51136374572778
0.178775189995633, 0.2, 53.514271242825004
0.14849683162378013, 0.2, 219.36307923000555
0.09425911606200175, 0.2, 53.72222442396087
0.17757229184827192, 0.2, 70.84283630749074
0.14810321675747823, 0.2, 25.74013819478911
0.10928009226684468, 0.2, 9.09524152897685
0.1326826691595881, 0.2, 22.853399302115385
0.13112509836670322, 0.2, 38.77032658466397
0.19132368494622487, 0.2, 46.36713635096659
0.1373220626396654, 0.2, 71.60817790221647
0.19093522005296093, 0.2, 70.95945442168629
0.1862083471529278, 0.2, 4.61615010482315
0.11206955823537426, 0.2, 21.40696311679023
0.11387879528019847, 0.2, 44.48177802150546
0.13714870654949368, 0.2, 5.325346709331958
0.24090789861272255, 0.2, 7.91711271824336
0.16994794526297965, 0.2, 184.42035417729866
0.1398123823977565, 0.2, 105.90684081888274
0.16780732409037788, 0.2, 25.148496041022526
0.11987773555042319, 0.2, 78.87200587998281
0.20732322279604304, 0.2, 17.35760819696808
0.14914801276577455, 0.2, 57.765397691780414
0.07975636110348674, 0.2, 39.13742774006348
0.22804534286942107, 0.2, 112.80835228705877
0.14820735592110212, 0.2, 10.984860794040737
0.06959159990982657, 0.2, 197.39773885765743
0.13506977779688534, 0.2, 116.2409663211622
0.1615851699304866, 0.2, 14.00206040019614
0.15009413149409329, 0.2, 420.99688074948614
0.16401832418799614, 0.2, 36.59477376149236
0.11815716054409801, 0.2, 270.80093973935334
0.15676247724190118, 0.2, 46.737393830851005
0.031042635354777665, 0.2, 34.306215388652525
0.1450446400125358, 0.2, 70.21526348650171
0.12496261016265087, 0.2, 16.003205307595238
0.18992825875831837, 0.2, 469.45754193363587
0.18946055024224398, 0.2, 154.69238769167353
0.17745991625345672, 0.2, 60.647408637796296
0.14237161443773272, 0.2, 5.648356227094819
0.14139055341199597, 0.2, 33.4516090386487
0.1246959239605263, 0.2, 6.346431952099211
0.08633435066676338, 0.2, 58.02465382031965
0.1690341918010705, 0.2, 28.53421738373453
0.21827396228365442, 0.2, 32.718174319232716
0.11522460373827495, 0.2, 148.26551472531887
0.1226732030775819, 0.2, 12.312743151101268
0.22033781510044398, 0.2, 62.86678692908245
0.1219312637204037, 0.2, 125.64037363563378
0.14903669941554826, 0.2, 246.17680646194128
0.13235659583174328, 0.2, 110.02404081785562
0.09099273827302287, 0.2, 16.786930691371953
0.15655335538944357, 0.2, 59.57160972983121
0.20884028925430384, 0.2, 76.7721886552923
0.17869514238935966, 0.2, 82.8226467109595
0.1513446881272821, 0.2, 31.820115706345405
0.24899659535430116, 0.2, 81.70609611309466
0.17155399690057171, 0.2, 121.0186145632666
0.1564155569241639, 0.2, 37.367823968585895
0.11754307255879376, 0.2, 51.45137991186473
0.11809212534331195, 0.2, 34.1340057629774
0.14935793561404845, 0.2, 114.51653654284995
0.15127856016788482, 0.2, 45.53164237745191
0.139332251019834, 0.2, 6.428410842562115
0.17473291159988447, 0.2, 12.934009506862035
0.16829247447696635, 0.2, 25.41283371534961
0.1580674138037997, 0.2, 14.359739168846662
0.17363404248105696, 0.2, 136.90524852152407
0.16950823925294153, 0.2, 95.21457065015326
0.1530559430600263, 0.2, 41.09017385702203
0.12597646897171097, 0.2, 34.0219648017366
0.18537769677555638, 0.2, 101.963300317199
0.19940346533452452, 0.2, 302.22206579892577
0.15571815804572672, 0.2, 318.43044848433726
0.1462277550967431, 0.2, 19.97131116930967
0.15707144183064964, 0.2, 71.27071163435497
0.17818816485016326, 0.2, 66.07759054883661
0.12938231277160486, 0.2, 93.06561611046696
0.1437350107573065, 0.2, 141.99932351002136
0.12473970151691846, 0.2, 65.09731665070903
0.16200022250436527, 0.2, 19.998904673438407
0.09400458741085466, 0.2, 25.022704176553763
0.10643227280740329, 0.2, 27.364013632836336
0.11315292101909098, 0.2, 223.2926850385248
0.18096942322686493, 0.2, 55.49374948168434
0.07994266752853248, 0.2, 75.56949706537223
0.1594572675834362, 0.2, 10.75455212328125
0.1289494990318592, 0.2, 0.22431053508073256
0.21171810121218462, 0.2, 110.32618965966569
0.15238627090469306, 0.2, 8.563537965589301e-07
0.12193634542629192, 0.2, 308.8806411257805
0.15172735268831064, 0.2, 65.7946769283789
0.14645567258797879, 0.2, 137.39214881479666
0.15687422949314647, 0.2, 89.10608070616283
0.16632124362267192, 0.2, 172.06331642199967
0.1310838519545483, 0.2, 5.700838061218909
0.09232698760418445, 0.2, 124.985948787949
0.1510277316547591, 0.2, 1.6156978511967586
0.15988846532469983, 0.2, 82.20628152704957
0.13747125748875436, 0.2, 153.36680812913872
0.10794909898593333, 0.2, 130.7011798126399
0.16059619486901858, 0.2, 45.93069313596354
0.16220908346780277, 0.2, 25.886219492259453
0.19474197006447005, 0.2, 89.04887936584738
0.15011123275594251, 0.2, 38.46992937738221
0.18675601240164125, 0.2, 13.213031225808455
0.1884802224115649, 0.2, 24.80091838694205
0.16227510276038784, 0.2, 22.198482101127226
0.14509901341862286, 0.2, 8.607106240550806
0.1402947497440513, 0.2, 134.5384687000193
0.21080044471757922, 0.2, 160.72191631693164
0.17358970730979004, 0.2, 186.46467813408174
0.13356726771287647, 0.2, 85.48073110893975
0.13533498736406538, 0.2, 1.2973555581786058
0.11104608717425295, 0.2, 21.781272257039817
0.09867949785418154, 0.2, 51.436686988227216
0.21363387040995296, 0.2, 27.294565122288464
0.11481660439641178, 0.2, 26.96193373795493
0.15685571005001192, 0.2, 145.2557087064131
0.15981442136677634, 0.2, 117.82726003675438
0.09293882564078924, 0.2, 56.7656581202751
0.15605920370140255, 0.2, 8.981922992932285
0.15881257865088497, 0.2, 49.72317148404856
0.1737636650817225, 0.2, 15.676272105238494
0.13601919813256003, 0.2, 71.91894542285596
0.13459358748487546, 0.2, 87.5570386235052
0.17134869750522275, 0.2, 129.28526648489253
0.17561872158698308, 0.2, 80.80999519912037
0.14955346145626683, 0.2, 5.8951403093547565
0.1316125662591084, 0.2, 63.09057237905385
0.21865371089437385, 0.2, 141.77336587338803
0.18332393556349433, 0.2, 136.0563766931698
0.14959197747205571, 0.2, 145.95370771649283
0.07569630126525353, 0.2, 286.0111394493049
0.14072238668896847, 0.2, 389.77964711588714
0.07411459626759967, 0.2, 26.97953680991424
0.13343024124246608, 0.2, 125.57983470455945
0.10462440202044235, 0.2, 5.863867222553472
0.16322823817132728, 0.2, 89.93844629957444
0.1333165948406143, 0.2, 0.7672782424126122
0.15348452438655927, 0.2, 16.649742470923453
0.14968769576454866, 0.2, 17.64375511571073
0.1445538344557588, 0.2, 22.687639925064243
0.16783076811047715, 0.2, 43.51882098217644
0.15718717782156244, 0.2, 1.9211331552794693
0.1656635251310849, 0.2, 18.549523141755696
0.09349864045769823, 0.2, 137.72263703061793
0.1674761400890254, 0.2, 73.19339153453573
0.12341497821851788, 0.2, 21.374965046825984
0.16116180766942031, 0.2, 19.450765428586628
0.12176611961548456, 0.2, 21.630367025291143
0.19054606811571215, 0.2, 35.90362455941763
0.18207404574011118, 0.2, 61.95397920639388
0.20324786050501392, 0.2, 212.4276124154784
0.17400927031944982, 0.2, 10.741742867477399
0.11262711634714784, 0.2, 34.8295150167259
0.12599140868972683, 0.2, 6.692961787024169
0.19969638092340872, 0.2, 76.01535187489722
0.15971148212736602, 0.2, 3.4410394774519406
0.06867020112079769, 0.2, 4.781279171979788
0.238225468946774, 0.2, 354.40452676493857
0.08727991078076203, 0.2, 2.6663602728927382
0.17809536669644463, 0.2, 235.79028172361444
0.1318601226996435, 0.2, 66.04266834438943
0.17442563371809447, 0.2, 39.2819360526297
0.12836265196983065, 0.2, 68.35802117877134
0.16733145061164567, 0.2, 114.76291714572724
0.09469128876840355, 0.2, 51.89921592936546
0.21219042335856722, 0.2, 12.584757092308337
0.1656028051747322, 0.2, 169.07371099957837
0.12863198359274636, 0.2, 82.03257830979739
0.12387637378598641, 0.2, 47.18324938655588
0.13002069847043152, 0.2, 70.45923950366154
0.15362180224478567, 0.2, 29.725068311952004
0.18042817969296507, 0.2, 13.71043355493422
0.1974812208244915, 0.2, 6.586244393350223
0.14283551656506116, 0.2, 15.478673850368272
0.13317972201639877, 0.2, 107.52424638393957
0.13337220845987122, 0.2, 7.787002922931742
0.10358686673018123, 0.2, 15.042853137599364
0.1466864007117819, 0.2, 53.66220809595822
0.08635769284412115, 0.2, 11.250038025649392
0.08893708392499809, 0.2, 45.08129542820831
0.20561520999080235, 0.2, 17.084088011154215
0.16678067259794488, 0.2, 38.38632409833157
0.11518502436312714, 0.2, 30.50931136123914
0.15578910600040471, 0.2, 10.09915915878114
0.15737409807238803, 0.2, 34.82002564137486
0.22886088143761324, 0.2, 125.48985707364021
0.14312288482100058, 0.2, 473.03198373843617
0.09140255773516673, 0.2, 1.7507322921979487
0.14730932485047896, 0.2, 107.94420442392997
0.1661569932062164, 0.2, 38.64369299573369
0.13899433245932172, 0.2, 45.60540720691197
0.1193852058403192, 0.2, 18.939805796452035
0.23299270106405756, 0.2, 10.456130800170662
0.14627412433176804, 0.2, 1.3962594052094435
0.13164651698185795, 0.2, 81.52615111389345
0.14646039215761036, 0.2, 57.01077766854681
0.15039570757550172, 0.2, 103.26945836709109
0.1245476771403079, 0.2, 202.95420480115507
0.18817095777378523, 0.2, 272.3023454704472
0.208346757045531, 0.2, 41.21978501792957
0.19291995372058218, 0.2, 15.997852543560825
0.11048992691408596, 0.2, 23.339055998071483
0.1586063260828352, 0.2, 8.466523879314423
0.0863409158470826, 0.2, 18.136072797972844
0.1637223524918663, 0.2, 21.32570636068781
0.18095109106741084, 0.2, 14.608012882760505
0.20213272937611454, 0.2, 35.37696676938595
0.19202091554149459, 0.2, 77.90569568455247
0.15849225749026333, 0.2, 50.136593773720776
0.22077366787704872, 0.2, 44.519231771082744
0.17263127993342592, 0.2, 25.764383153030494
0.13324125904705436, 0.2, 12.334217484065691
0.1862566260537314, 0.2, 22.564140561706843
0.14800110487011275, 0.2, 76.19072284235014
0.1435037212248036, 0.2, 16.81494163929285
0.16196559579944714, 0.2, 50.87134681497079
0.09883551368752733, 0.2, 126.33222834458226
0.20693001866710897, 0.2, 140.48370431821368
0.1469977089305813, 0.2, 310.48022802361146
0.10060280225284329, 0.2, 36.31019956570775
0.13778946445892573, 0.2, 248.27240270904534
0.20808024853320536, 0.2, 183.0191873715519
0.13718442276332304, 0.2, 6.939912765797461
0.20124088776463456, 0.2, 35.82820728125577
0.15324954191142626, 0.2, 263.8292185226143
0.10357426403789705, 0.2, 41.42255375376578
0.1376732384683505, 0.2, 3.32686446070254
0.18618344030497405, 0.2, 236.22353626924578
0.1749053851272571, 0.2, 165.1738707525149
0.15491931207128956, 0.2, 44.23410780780865
0.1524939223724494, 0.2, 3.789552061757871
0.13064538968876582, 0.2, 127.25051238551578
0.18788086233605955, 0.2, 35.778417808674554
0.21798310776259078, 0.2, 77.16347349747797
0.09909609558421592, 0.2, 16.540503593287834
0.177627851535554, 0.2, 71.99042305155965
0.1111120385203681, 0.2, 79.19643111434388
0.20002039241343347, 0.2, 97.2562887910223
0.092165332318971, 0.2, 90.68028087966032
0.09757787541451989, 0.2, 144.74219160930215
0.20162942892849814, 0.2, 15.994266699126051
0.21205778984212248, 0.2, 23.83686789706235
0.06024662871936651, 0.2, 130.2298967081932
0.1344673077034994, 0.2, 2.5257644541517172
0.13382840920872474, 0.2, 107.38274527152414
0.13778493068986428, 0.2, 20.096441875750653
0.15463190781864614, 0.2, 155.7600031611598
0.2038843091001525, 0.2, 73.11102232355339
0.08039001393454923, 0.2, 4.207607345943924
0.13656312891959851, 0.2, 16.722113843309764
0.16345609986798537, 0.2, 42.45666540065546
0.11655204961758978, 0.2, 166.05760536858318
0.14860648289717548, 0.2, 25.56331640738825
0.14412739722992646, 0.2, 26.38839708448062
0.16674693798226314, 0.2, 41.35394023526195
0.09263782783803404, 0.2, 89.9575892827185
0.16772774530336487, 0.2, 87.26628786797627
0.10218820312685978, 0.2, 194.25710307721096
0.14098772957222871, 0.2, 167.39857711795838
0.18520713895920476, 0.2, 259.66099615666
0.16444830798380675, 0.2, 51.14929576389753
0.12137621989698176, 0.2, 11.14306480836144
0.12260642811493679, 0.2, 91.31315730206666
0.20421090034995423, 0.2, 20.820201426582297
0.1648846671613109, 0.2, 78.99234759814863
0.11777629967724197, 0.2, 113.8541980932601
0.15751228157038205, 0.2, 179.6214957048295
0.1640287368937003, 0.2, 9.356204971463523
0.08894316224554175, 0.2, 157.9638645595054
0.11456597777342178, 0.2, 53.20577205219531
0.09540652340916383, 0.2, 47.269657685375975
0.13309737691346182, 0.2, 2.797535849271348
0.1181169667537478, 0.2, 63.25117637478644
0.15146784161176108, 0.2, 17.276584379718898
0.15826437852114736, 0.2, 46.999607894917645
0.18267331686200217, 0.2, 24.071607374728536
0.12778950723478624, 0.2, 19.731732145840887
0.15982177916570506, 0.2, 4.596485726736188
0.127606173028279, 0.2, 43.15645056328412
0.11589262835292963, 0.2, 153.57085238211098
0.08306100143222374, 0.2, 60.57130598081559
0.18771865804521637, 0.2, 31.449247432575902
0.19918425769478607, 0.2, 20.205588437190066
0.11374392114070783, 0.2, 11.542555544204514
0.07414567809091469, 0.2, 11.968148312771088
0.1587430523933461, 0.2, 8.007760876905088
0.17234824456966877, 0.2, 42.988204349028564
0.14605792396096726, 0.2, 92.16629564868383
0.15879183267782923, 0.2, 41.78063878136127
0.16857489453449123, 0.2, 117.38636363537726
0.18331749716048656, 0.2, 197.07805911895966
0.1949898061949304, 0.2, 2.912533473051509
0.12035706150812335, 0.2, 203.81963225357669
0.07969007731823255, 0.2, 13.656082876970741
0.131494861670736, 0.2, 21.567187602619935
0.08436098491769274, 0.2, 18.609963935217156
0.1135770029052049, 0.2, 168.81979280753762
0.1609595760853703, 0.2, 136.8360185561882
0.1971926798289475, 0.2, 26.409169270272937
0.11204476430110022, 0.2, 0.2916915030048951
0.19176543268639382, 0.2, 231.63377726418247
0.08600718822625847, 0.2, 168.84764338495927
0.14529193792622105, 0.2, 21.233453204327752
0.19668528483376033, 0.2, 195.32995528267523
0.16736373531266377, 0.2, 12.459986806780993
0.09768331835099121, 0.2, 25.293105307901133
0.15438490890859796, 0.2, 32.93451797697148
0.2209025487602264, 0.2, 238.86216715073002
0.08740353814298728, 0.2, 21.368822400615823
0.14914597566733614, 0.2, 10.694236925532193
0.1363415498659351, 0.2, 38.79381801874693
0.18472352677389722, 0.2, 0.8806888696055504
0.1019479716926651, 0.2, 163.88979778547304
0.20041786187610972, 0.2, 176.77993582586404
0.12733638957827675, 0.2, 41.056739406068935
0.15242129610547694, 0.2, 22.600799287565295
0.21851951949972218, 0.2, 40.25907773487104
0.14138460241307935, 0.2, 49.793565485382324
0.09571392593351633, 0.2, 89.67965895922136
0.11966681333065628, 0.2, 13.769107294454141
0.08891714226714874, 0.2, 87.1331381064672
0.14345847171953097, 0.2, 26.113544513557308
0.11002806337917698, 0.2, 12.488714693608788
0.13454484743221912, 0.2, 39.521257151742105
0.13854981809908629, 0.2, 5.502590699420153
0.08971361793495339, 0.2, 21.404854330042483
0.14973492295687793, 0.2, 105.97050662598207
0.15474988688962724, 0.2, 117.14997963998545
0.19679387525239483, 0.2, 44.13719254536599
0.18800438336732803, 0.2, 119.81920936460426
0.16533330100579824, 0.2, 42.07232791324431
0.1404245615906936, 0.2, 239.71550547608706
0.1536268411347046, 0.2, 43.29201070150931
0.1233751650561678, 0.2, 87.43648353247809
0.11009794813208801, 0.2, 13.567682934739137
0.13225112873580006, 0.2, 25.42018781796057
0.12728007065126448, 0.2, 49.852616676656744
0.1715817619954857, 0.2, 19.62991365707512
0.11360619137169775, 0.2, 2.2198977789320957
0.1309408949050332, 0.2, 25.90635299572286
0.11709550009763295, 0.2, 21.546341507815896
0.17208301161371858, 0.2, 568.3527875942694
0.1799998655797092, 0.2, 33.16667096596284
0.1991493547052236, 0.2, 121.12013870675162
0.14067914563029932, 0.2, 22.683571517472835
0.1459488105453863, 0.2, 21.920850816951155
0.1678449769226751, 0.2, 145.28352435025928
0.09420604506097008, 0.2, 129.86611619731084
0.14288020908660024, 0.2, 81.69073606478622
0.10731351530310523, 0.2, 142.17049136348297
0.15565798975018932, 0.2, 61.52529383373267
0.059864202442730996, 0.2, 126.62917529183906
0.15813305092568372, 0.2, 203.7742512722246
0.2071188482860827, 0.2, 52.02969410922601
0.17017235193474065, 0.2, 96.6347784220483
0.0887956242190454, 0.2, 33.94261910522252
0.15190555312057602, 0.2, 33.74188616148833
0.12752034525401154, 0.2, 31.384531717895985
0.09712214076722331, 0.2, 72.43287932866183
0.14361568823549165, 0.2, 0.09290135507755631
0.1761055354681721, 0.2, 100.30567999832293
0.21232567131512226, 0.2, 11.45097582869159
0.15496874112930148, 0.2, 185.51910640147855
0.10961877243001217, 0.2, 23.647095566831876
0.11502317344332637, 0.2, 16.925471777770973
0.19733711728526618, 0.2, 18.045046513391224
0.13064669325199643, 0.2, 2.4448073777014394
0.18358526001030712, 0.2, 26.759637390780767
0.1871878155320481, 0.2, 49.68009382308285
0.09659308519284168, 0.2, 371.3796818880092
0.12265451577395176, 0.2, 20.141386953875728
0.10033843395893945, 0.2, 12.205593571479984
0.09004064782801183, 0.2, 26.16096537739081
0.16460639474679498, 0.2, 131.29971421324623
0.22329016025089438, 0.2, 28.993011974284734
0.11880876832819315, 0.2, 15.755480342606523
0.08380088791504647, 0.2, 60.115521606682066
0.1317806406460669, 0.2, 51.46351932231573
0.17739188781979767, 0.2, 8.578075880080963
0.19755417293130817, 0.2, 8.998575667309327
0.1647903858177888, 0.2, 118.72423524610646
0.12875589396188947, 0.2, 2.5944413392796615
0.14190243195284016, 0.2, 49.20149941764951
0.17928186921120967, 0.2, 87.12029500867361
0.18581791384409957, 0.2, 46.70074199757098
0.1567037136565265, 0.2, 152.2779691837364
0.14161439718584673, 0.2, 65.49675474933287
0.19874933674283507, 0.2, 30.116007285914502
0.17211942085330148, 0.2, 37.93456740485703
0.1981749714347948, 0.2, 46.60853733542367
0.09829434152464933, 0.2, 43.76037167051222
0.1519751813438638, 0.2, 312.8995328163004
0.1433876396734132, 0.2, 52.07077925664198
0.16000978502871263, 0.2, 119.10960514804161
0.20470770260627982, 0.2, 19.51800067933986
0.20249669621146987, 0.2, 16.278464112745105
0.1304530996706474, 0.2, 24.874237322536125
0.14037637462111702, 0.2, 65.95270682214702
0.08763525129801428, 0.2, 55.941442703714884
0.154087475594727, 0.2, 81.52108799724726
0.1418453651466212, 0.2, 123.43244196793482
0.11786876936417051, 0.2, 17.023563268873588
0.2161417297895168, 0.2, 5.764406517938922
0.1496183291752573, 0.2, 42.17682836047366
0.12097106043236928, 0.2, 79.0035742324823
0.16828865117501204, 0.2, 27.37133566682496
0.10805992647736634, 0.2, 155.3072569959495
0.17417144028148362, 0.2, 18.952319943952553
0.13730000623624355, 0.2, 47.47434943858593
0.16086362696441614, 0.2, 60.422793400834706
0.1324844872870318, 0.2, 42.25219051465511
0.1878119096731108, 0.2, 59.37104645645135
0.17051343219907047, 0.2, 35.117504506999175
0.19471487833383858, 0.2, 61.08052230270678
0.11687392715552242, 0.2, 57.96557400718502
0.19831525224617064, 0.2, 8.558613008981867
0.12293803243372224, 0.2, 7.805758692651014
0.16559032725182796, 0.2, 90.20456656259032
0.1189407582417822, 0.2, 164.05340251729578
0.21241983169918757, 0.2, 662.8875949767594
0.1882269617460392, 0.2, 15.739187208569339
0.15656801017911257, 0.2, 85.2800173140005
0.14917887057674295, 0.2, 82.8403857291693
0.05792363233474579, 0.2, 2.820383082053893
0.04706241733557001, 0.2, 65.89710174551792
0.12617645080754042, 0.2, 98.65665197186965
0.13786300868604975, 0.2, 151.04641960296078
0.09657437991194456, 0.2, 14.126038185799123
0.18145332279009949, 0.2, 63.30800059138008
0.1338557345059339, 0.2, 31.868625225412035
0.1821641740497517, 0.2, 0.526013230788758
0.15125905959779865, 0.2, 46.25038391251631
0.15594937868055256, 0.2, 31.760053866351225
0.15315459048778268, 0.2, 101.33572334724812
0.19002803305211718, 0.2, 5.263847740464681
0.10180972528900464, 0.2, 72.10360644084841
0.11198346755541183, 0.2, 29.806637266826666
0.14323919909163957, 0.2, 138.855073186389
0.07941712716219665, 0.2, 21.250774072276627
0.11830877811589366, 0.2, 5.238868028063354
0.1662699395272825, 0.2, 12.229070033858834
0.18280556780277646, 0.2, 53.058955133192256
0.19925917308327204, 0.2, 50.654030850962144
0.12048444791178772, 0.2, 19.885933013173208
0.12731670134466438, 0.2, 80.26852551374084
0.1620731371866302, 0.2, 29.900956096435227
0.18768877336258602, 0.2, 11.538951414698992
0.09993256297842065, 0.2, 107.87829373476697
0.19382643316789966, 0.2, 51.49810748023538
0.1752997620270215, 0.2, 32.72186210093759
0.1539522409327088, 0.2, 134.8286774495516
0.09212106636952583, 0.2, 197.56710393068772
0.1705372247232535, 0.2, 136.32583267633137
0.15940542269917254, 0.2, 71.13224305371344
0.1745568395208965, 0.2, 111.1477913059125
0.20268304861852113, 0.2, 13.211548606877724
0.15466948390871457, 0.2, 37.771837891674565
0.18327322361897064, 0.2, 166.31123038862998
0.12969953317784, 0.2, 36.250001592748596
0.17201588283795946, 0.2, 52.811251210177865
0.1045121277021839, 0.2, 250.7274636171151
0.17358179038727067, 0.2, 135.35180494293115
0.14673643372962725, 0.2, 69.61597827878215
0.16162100275409758, 0.2, 33.026671402001774
0.08103605057712074, 0.2, 147.52092234765934
0.21201086751005946, 0.2, 31.703683470543055
0.12243906801164267, 0.2, 92.88162065916259
0.1919096750669969, 0.2, 43.25209975917061
0.15596114178615522, 0.2, 30.83381970713682
0.11121443234463169, 0.2, 323.9980542823336
0.09127248376577776, 0.2, 17.42841343179525
0.14507308884391829, 0.2, 37.66739309550061
0.20831607123746887, 0.2, 67.10892315852668
0.11399741512334119, 0.2, 23.839827846975624
0.14529885830834197, 0.2, 3.6971721356322904
0.2455967365880834, 0.2, 21.534011403041387
0.2020739123381178, 0.2, 35.17906401979735
0.13753611385801962, 0.2, 34.50660744256119
0.22366773183153743, 0.2, 49.97725841256855
0.1683239332833525, 0.2, 2.165848728825237
0.1759755411750196, 0.2, 9.396891562106273
0.11503231517737322, 0.2, 0.2774090193095449
0.10052905508017054, 0.2, 122.38595903375743
0.1935357093484403, 0.2, 167.18144354470505
0.10625985844633912, 0.2, 129.21590888210645
0.14315936740657775, 0.2, 38.21423127655152
0.12869617737777053, 0.2, 2.7019327667159563
0.1490343450190708, 0.2, 179.28062948689504
0.12203257251017396, 0.2, 13.39597873241624
0.08517148931023176, 0.2, 91.33350048528682
0.17828545582675073, 0.2, 109.94267189675065
0.14665282289902984, 0.2, 71.26521186390957
0.1232873370378745, 0.2, 129.49393506341772
0.16640401047497053, 0.2, 72.40158613661617
0.19200642501627718, 0.2, 131.99429711909582
0.1696926518204464, 0.2, 6.500584463666071
0.11174362173841249, 0.2, 1.5596380948944752
0.19530839443931575, 0.2, 99.99979459516418
0.09864665923888113, 0.2, 212.82913002378595
0.21487156315947215, 0.2, 68.9519151670518
0.06765553249676924, 0.2, 13.234014234888239
0.16521631285089497, 0.2, 231.93408814849928
0.13690451047798247, 0.2, 23.24182453746978
0.14831850272011435, 0.2, 22.3739799517809
0.13635033308479952, 0.2, 94.18961728438973
0.2138888494580129, 0.2, 539.6441030629338
0.07525976813702619, 0.2, 17.211013101905376
0.11621333719784784, 0.2, 30.33730066817672
0.11534282822057532, 0.2, 41.56119110524532
0.17741052360948367, 0.2, 16.334095774354417
0.1119975628916937, 0.2, 175.10808985058054
0.11656209164882295, 0.2, 3.6048916368905495
0.14880167162744679, 0.2, 3.9962994865134287
0.08315103187145344, 0.2, 81.41657328779978
0.13591680883092508, 0.2, 21.565067864430606
0.11978270594500447, 0.2, 35.55547651549939
0.12006070559893978, 0.2, 106.63847063902858
0.22108600047375068, 0.2, 142.97370603120908
0.13751627574814054, 0.2, 1.3343240064432653
0.2119184062534265, 0.2, 25.16695164882166
0.16214806942627483, 0.2, 38.88296710295866
0.20639948581562062, 0.2, 5.478361017929087
0.14835260454465815, 0.2, 3.2260768100605866
0.06691907700112595, 0.2, 22.633113179647694
0.10814637020346726, 0.2, 141.69008367857444
0.06092820751881947, 0.2, 48.63029854074307
0.17325857427309987, 0.2, 23.03131970932793
0.09105728343184039, 0.2, 32.290136581528955
0.18215534540528927, 0.2, 50.61580079652298
0.152949466684665, 0.2, 69.56801069502791
0.1648210631401559, 0.2, 1.0233123335738228
0.11921362527634552, 0.2, 1.2415323002982044
0.11771098732243955, 0.2, 104.22607121801704
0.20540426819790633, 0.2, 8.58361934568423
0.1787401791181984, 0.2, 170.32470943749553
0.16857485847733172, 0.2, 409.52185000774693
0.21627281984890134, 0.2, 1.142447401277242
0.04812007902290076, 0.2, 47.25172806750556
0.10604870739776234, 0.2, 193.8937620384857
0.06866991393838041, 0.2, 25.789432170490034
0.12450965417390351, 0.2, 28.340248374025684
0.11381324760999104, 0.2, 47.11356188762669
0.1720650885943935, 0.2, 9.416903655394329
0.21022799263504263, 0.2, 22.31618714555012
0.16187888183415622, 0.2, 87.71771790905157
0.11275590133907487, 0.2, 34.52452774054742
0.13133558014233465, 0.2, 26.118612277152486
0.14666928357824088, 0.2, 18.319666232107043
0.1304857810958758, 0.2, 441.5046976430469
0.19967463936803065, 0.2, 5.185552537075337
0.21261440778341464, 0.2, 0.5598996462251208
0.09498899313427928, 0.2, 92.42642286899546
0.12853449139121498, 0.2, 84.78634399209182
0.17798081933756393, 0.2, 42.804715436177894
0.24254157600746346, 0.2, 36.83312950786978
0.1553185943163683, 0.2, 2.4838766344558394
0.1717576986322109, 0.2, 13.182650032436593
0.18326698133568506, 0.2, 88.94572324208107
0.11327950400034026, 0.2, 50.41733257750563
0.19023491119148705, 0.2, 113.63039641518132
0.16748984884031215, 0.2, 16.206011720276212
0.15537126190307882, 0.2, 3.2604839822395832
0.15133531102617234, 0.2, 1.1174738641083795
0.21088978327584412, 0.2, 180.35766106005596
0.13002701902707212, 0.2, 4.707978240077011
0.14915308369512048, 0.2, 71.64654906558435
0.20704366749734496, 0.2, 41.26340955476006
0.2529195044835969, 0.2, 123.79744104945324
0.1896889336310132, 0.2, 461.89711754577075
0.2405376251015786, 0.2, 31.483081770936806
0.14814863287699193, 0.2, 65.29136294663637
0.15290172855485493, 0.2, 7.751276049488003
0.11094904248450141, 0.2, 68.64219318216738
0.1640758452789493, 0.2, 171.9217724847796
0.16709188415516546, 0.2, 42.64715558965408
0.20270407107863564, 0.2, 15.644413475243365
0.13275423637560282, 0.2, 128.1909965820975
0.17297158716975367, 0.2, 8.291474405553057
0.1535903116519031, 0.2, 275.57761996401183
0.14368465334918507, 0.2, 167.5101667932317
0.0927030115178673, 0.2, 41.28095255288642
0.12795676339664877, 0.2, 47.1248926228046
0.12977193674337978, 0.2, 113.70094507791866
0.16315403097215755, 0.2, 113.42301252783737
0.16786273129472565, 0.2, 46.99483757672542
0.1505457105146746, 0.2, 31.293859520688326
0.10333027677224417, 0.2, 96.89629383430433
0.19769899027630483, 0.2, 113.55380945101477
0.2040060782350072, 0.2, 77.47050345962589
0.20581350329072293, 0.2, 16.692497282845885
0.12311283353509661, 0.2, 415.25559140013013
0.17780450756555133, 0.2, 132.754080766152
0.13629809691745443, 0.2, 137.48213039628533
0.19608866698471583, 0.2, 3.0006618589038347
0.14353291162613852, 0.2, 107.57422559014067
0.09238234640920409, 0.2, 86.53612106553129
0.11293184237977753, 0.2, 47.75489745648075
0.17159494464858618, 0.2, 60.815983831547776
0.2069093137099046, 0.2, 162.34298442565992
0.11024991972965931, 0.2, 113.3762815319401
0.17441539607161008, 0.2, 32.474313715898205
0.12247132859953197, 0.2, 52.34405678352127
0.13684929285884195, 0.2, 19.720697531702648
0.173702729610475, 0.2, 258.74091942267614
0.1229610200438909, 0.2, 7.4914684228496435
0.13931270585409075, 0.2, 3.7354044977360714
0.14211018030681993, 0.2, 72.57822587297736
0.04485537006767301, 0.2, 85.41727615338901
0.16299263274618195, 0.2, 58.974710278143185
0.11927291648146196, 0.2, 1.2679614441728968
0.14142066342178197, 0.2, 136.8505170762055
0.16895242942429894, 0.2, 29.807406692353727
0.08179680380183695, 0.2, 85.41097574385962
0.1425379002335601, 0.2, 32.42032768889121
0.14543288153491757, 0.2, 40.03764186240538
0.026327407955867382, 0.2, 41.509652524455234
0.1462203761319549, 0.2, 1.308306824548422
0.14432597963374566, 0.2, 80.2675973708197
0.19001612379130026, 0.2, 4.495000602500377
0.1578883077558781, 0.2, 8.722859955347888
0.08196424648831496, 0.2, 3.5607818636379505
0.18273683991191828, 0.2, 266.58370521626904
0.12394249922513836, 0.2, 6.900077563547034
0.15729822124015985, 0.2, 191.85190748725944
0.17096419266605312, 0.2, 4.577800791063465
0.2006756198462923, 0.2, 49.20635126310667
0.083010336883455, 0.2, 57.07164821472112
0.17008785608728288, 0.2, 4.1535721545281055
0.11120124017551472, 0.2, 191.14764920550653
0.18673619007416806, 0.2, 38.38398977584041
0.15500130369385973, 0.2, 101.81828429079623
0.11660034540302719, 0.2, 58.20369247065657
0.1560398077342816, 0.2, 61.77154702231105
0.13839061260743438, 0.2, 304.1711652964563
0.1507558398661124, 0.2, 8.612303098540128
0.13757418536620164, 0.2, 71.32246480622373
0.13422261982950318, 0.2, 111.53109400227424
0.0769838209516356, 0.2, 38.94299055423788
0.19707255274011243, 0.2, 12.676034904736374
0.19144841247542094, 0.2, 21.543956804928904
0.19376351950746806, 0.2, 17.859624611729284
0.12401629374278554, 0.2, 139.15143588627168
0.15039253359781665, 0.2, 33.97208577245097
0.19054742143509687, 0.2, 403.8947792031269
0.1651824116323807, 0.2, 11.267107970075008
0.14134999179137595, 0.2, 61.14915486671276
0.13522148363291253, 0.2, 61.512855314013485
0.1667617959227846, 0.2, 74.33306044953243
0.18306600866796163, 0.2, 81.09579775980941
0.14246359553733112, 0.2, 56.384847331923815
0.1351305598958879, 0.2, 48.74992551935184
0.0940537160943398, 0.2, 5.155939815723772
0.17082995545435206, 0.2, 10.184278075981487
0.1337293429689646, 0.2, 159.93022205373433
0.18623376812784678, 0.2, 1.34276256203984
0.138565494219886, 0.2, 160.41877763964175
0.10582760927638742, 0.2, 54.21998047478073
0.09803839491052938, 0.2, 0.3850523760733698
0.08594503373718898, 0.2, 46.464432848668096
0.15457418688718344, 0.2, 28.820899719895262
0.2345644736962838, 0.2, 182.73456440599455
0.24595999661957157, 0.2, 126.361452025666
0.2366580294303376, 0.2, 79.0874714621724
0.17258900721162657, 0.2, 348.94398301036404
0.19727534187386336, 0.2, 51.72231766163921
0.16486367437687627, 0.2, 126.12157491285915
0.1852403285260178, 0.2, 218.42130506072135
0.22532202840267174, 0.2, 37.80598217022119
0.190870440532718, 0.2, 121.64202653560946
0.11017631394216232, 0.2, 27.636148513168695
0.19755051773350887, 0.2, 34.58828418984803
0.17625304574124584, 0.2, 189.08627023326773
0.1520420473700881, 0.2, 21.54025787767691
0.1537727547509578, 0.2, 185.13986293520404
0.1434758029141935, 0.2, 37.81461492452776
0.20636527462481413, 0.2, 121.42611552415045
0.14891845952521254, 0.2, 157.754811912376
0.10280782495091315, 0.2, 170.79097306357218
0.15144677649652896, 0.2, 61.22157391266244
0.19313635647739288, 0.2, 53.8861502567905
0.1702117588468931, 0.2, 14.913267400822372
0.14009718762179776, 0.2, 47.60421562070209
0.19828446529107616, 0.2, 55.212091880883314
0.16972210329104157, 0.2, 72.0363376677046
0.13641123594342985, 0.2, 21.935888765249896
0.11191999413894536, 0.2, 65.54305530472358
0.17968131496465212, 0.2, 34.850148072555
0.14872416012766126, 0.2, 15.599009986290271
0.11373775209563428, 0.2, 84.48472942506949
0.21874049983882532, 0.2, 36.2543071981861
0.06947059483490942, 0.2, 57.85966827605294
0.13933869401181445, 0.2, 50.95904424521054
0.16602493995809636, 0.2, 11.801984155706577
0.16879659260406715, 0.2, 130.2444855433522
0.17878036009743176, 0.2, 49.112446617164586
0.14700071154798264, 0.2, 40.51337733865926
0.1768006539348692, 0.2, 50.42237294482342
0.16957622485666934, 0.2, 41.743676228179574
0.1869862060388883, 0.2, 112.88863758618798
0.16673200834883103, 0.2, 39.26293582851835
0.05362352908098976, 0.2, 69.99441321030731
0.06299154835056102, 0.2, 131.08335153244224
0.12163923447363204, 0.2, 220.1596544781202
0.15338088727955654, 0.2, 144.57312374218483
0.1522748268165923, 0.2, 30.836400853229858
0.14083195166551998, 0.2, 65.71887258585396
0.11527415101659676, 0.2, 52.277615277573474
0.12286029657853387, 0.2, 136.3255017428404
0.21053581049336167, 0.2, 95.93548839171065
0.1015837424459412, 0.2, 83.71775885784436
0.1254910666389623, 0.2, 206.9401394453957
0.06915558493023208, 0.2, 327.38546378509733
0.12169880548341079, 0.2, 119.27478743975314
0.11579947898355714, 0.2, 31.846913446263194
0.18449173370770236, 0.2, 4.952355024524971
0.19860489471601145, 0.2, 16.67076287082247
0.14757896435902126, 0.2, 106.66628373442704
0.2571790452603391, 0.2, 61.992535195525186
0.08416528890980611, 0.2, 17.841147437903636
0.17297336953747214, 0.2, 144.0444304192703
0.14605339281619636, 0.2, 12.14875758096412
0.1325406745437465, 0.2, 237.83593932076616
0.13480235141316732, 0.2, 10.756311314880861
0.19860183442185164, 0.2, 129.29172335051626
0.15937602234374137, 0.2, 31.91126449785272
0.17273179780157588, 0.2, 194.39031216715878
0.21922918734674818, 0.2, 43.926887811116394
0.14629174985312612, 0.2, 19.127306048681298
0.13240171910094364, 0.2, 40.761788698687205
0.19912605364424873, 0.2, 41.5381190510419
0.18636785882020224, 0.2, 5.196536038164821
0.17504793625743575, 0.2, 17.852749172729236
0.18292873602048795, 0.2, 48.636432739893344
0.18409344502658723, 0.2, 27.45108657138767
0.1910371142488115, 0.2, 34.21228815455917
0.17089008696443908, 0.2, 22.50891226040588
0.11838834267039194, 0.2, 33.54597452696942
0.19890590435335875, 0.2, 26.532282010984883
0.15757324106020812, 0.2, 7.241738964648631
0.22750770858835206, 0.2, 1.0713841491474603
0.10744568808432144, 0.2, 11.142384447215006
0.1578907391545341, 0.2, 19.358600148270185
0.16288093034909434, 0.2, 14.443761481012539
0.16721793115580463, 0.2, 40.07686209640806
0.13686446985754827, 0.2, 28.69434352197005
0.1212159563035187, 0.2, 67.30529788666826
0.11324179740919965, 0.2, 30.767853941085217
0.14426961991295983, 0.2, 79.88660133964738
0.13868161438379, 0.2, 213.01314007269838
0.10442196737763132, 0.2, 51.01024526119093
0.19551707926047024, 0.2, 116.96635314770312
0.10026729643687862, 0.2, 21.231765978343336
0.18820380065701417, 0.2, 109.34464601056051
0.1537744282258401, 0.2, 6.123677523626312
0.11390166473343753, 0.2, 553.2030097001013
0.17911124331318348, 0.2, 23.603219466202468
0.10203019261891132, 0.2, 197.2823155029629
0.13508236154856237, 0.2, 2.934257094349868
0.17122643320386585, 0.2, 62.841542082186024
0.19648284703183938, 0.2, 56.96251835444045
0.1717459314501747, 0.2, 14.138809939514827
0.14440354317922002, 0.2, 26.55358493454862
0.12920671441657272, 0.2, 7.702745731588201
0.13753301707887763, 0.2, 50.799276869664496
0.09800149519255186, 0.2, 169.56929594377058
0.16141502276630249, 0.2, 30.230835159670097
0.1122012427443933, 0.2, 31.33455314281392
0.1278438832895827, 0.2, 146.17021833314004
0.14042312914134555, 0.2, 14.631441129997482
0.07965208040464539, 0.2, 68.45763694602095
0.1755152868172409, 0.2, 17.918394493826995
0.11199792417972908, 0.2, 15.418179420491247
0.1397566561054949, 0.2, 53.04978515664812
0.07585806704194734, 0.2, 30.723147507979974
0.16207953187145463, 0.2, 14.253732585553177
0.10682550376130917, 0.2, 231.6535146210017
0.1441722132013905, 0.2, 302.029538741283
0.1397661747797909, 0.2, 363.0155565057895
0.15984517862046194, 0.2, 17.304394624526324
0.20045961180592914, 0.2, 448.669458982512
0.09562711436297647, 0.2, 163.70711588332438
0.16644396074282813, 0.2, 9.905380234400386
0.1626625154305801, 0.2, 339.38411196319043
0.16437388660413016, 0.2, 139.036625918907
0.1423627661884256, 0.2, 304.0556579070395
0.15597719503748222, 0.2, 109.07127490644191
0.19449295986524323, 0.2, 514.7586836957328
0.2116781949638245, 0.2, 14.025582879935994
0.1872297084947248, 0.2, 48.451740664644944
0.1711530459029384, 0.2, 1.9037394639897838
0.15853434537778455, 0.2, 38.986818460442514
0.09352194598196942, 0.2, 2.6392814248969403
0.1282385086345069, 0.2, 20.388968413657885
0.15106948396522238, 0.2, 36.52953494309808
0.15798814982558587, 0.2, 169.40975536155938
0.13051131655508666, 0.2, 46.72321413657774
0.16624358186124694, 0.2, 7.705928751838114
0.08658863693575689, 0.2, 2.5313284138358716
0.16938662372657692, 0.2, 102.03792938916092
0.14160601442234938, 0.2, 24.469623054639055
0.18265477285856868, 0.2, 10.508142631192449
0.1225710188821425, 0.2, 15.101617657413266
0.1583023129071406, 0.2, 383.4517354134864
0.15929354150870273, 0.2, 48.247763245282606
0.11378964435260408, 0.2, 65.02374255666703
0.15441178307128245, 0.2, 11.973909237503404
0.14165705877299048, 0.2, 111.93702811316847
0.1596316730181468, 0.2, 56.551847503926425
0.17816913395751832, 0.2, 12.806217129370127
0.08596573427272967, 0.2, 98.41682218919084
0.147010348085655, 0.2, 239.98599548097698
0.21253464567333352, 0.2, 82.13511231702996
0.11862117275185532, 0.2, 38.20749348544381
0.15181740228675916, 0.2, 3.095419320092547
0.1700495089222414, 0.2, 204.4761977219418
0.1879141825271094, 0.2, 66.87098038761084
0.13804511472167288, 0.2, 360.28936938061264
0.15376465057575361, 0.2, 149.9972081630867
0.16079039238984352, 0.2, 453.4061688043108
0.14263355357681845, 0.2, 81.14563941688928
0.14356185678921657, 0.2, 218.01149272196764
0.12586940531022636, 0.2, 142.9396326117634
0.17899605913448632, 0.2, 102.84579061705436
0.18901958842030642, 0.2, 60.32537109157612
0.10073258853651684, 0.2, 148.4375356290545
0.15669384910549763, 0.2, 36.4576485596201
0.16606265225972064, 0.2, 63.75473008845479
0.21953996259427228, 0.2, 50.949389239688855
0.08669505046414909, 0.2, 421.1961429057817
0.15481906505917772, 0.2, 69.37321922367533
0.09350063000092582, 0.2, 30.65696055318979
0.15863289157484212, 0.2, 42.65796251911105
0.18591806415860057, 0.2, 33.97288115121865
0.08159947535254353, 0.2, 432.6649454141888
0.15448927585250088, 0.2, 14.36195963863715
0.12634831104932115, 0.2, 154.26185573525294
0.17661493283075155, 0.2, 49.71818011697935
0.1687390226826283, 0.2, 93.71266499085134
0.1652244265379447, 0.2, 22.00764337505784
0.22733365522692134, 0.2, 28.304341572638897
0.16566278557608602, 0.2, 22.083154385390266
0.18255680535777732, 0.2, 184.64134695583206
0.0952529260099839, 0.2, 140.13172885934378
0.18475179240374123, 0.2, 4.248514306667099
0.113753242601384, 0.2, 84.53519316098485
0.1797681657984629, 0.2, 6.049249121972965
0.1346336738183428, 0.2, 2.3152067261685696
0.15384600866781678, 0.2, 42.94639194057117
0.12643360384230914, 0.2, 35.38941749666123
0.16237877168914272, 0.2, 22.336059511569353
0.15780078256612978, 0.2, 8.460277367223615
0.16100705982695218, 0.2, 48.05338711936469
0.0675533937445668, 0.2, 51.95678301882565
0.1469177628772368, 0.2, 94.03916224994738
0.1094474863024498, 0.2, 34.30432174264503
0.11851019433884404, 0.2, 45.49368745469303
0.06925915952756925, 0.2, 889.4800253916954
0.21554883412759063, 0.2, 22.352598053497196
0.09064763989534043, 0.2, 211.16657637755154
0.13029516730996635, 0.2, 39.05234205123755
0.12202331640679913, 0.2, 19.99848473203246
0.20195039183544433, 0.2, 132.26675815988781
0.15920456041930559, 0.2, 40.91605344937247
0.12695884626800202, 0.2, 13.57921983731676
0.1605770896456836, 0.2, 15.804314815496033
0.1697470920493102, 0.2, 36.759257969559556
0.11325689110535136, 0.2, 13.694370758570768
0.14300502050392433, 0.2, 7.384440516156331
0.10456310496615542, 0.2, 190.9675014643026
0.1554811013096455, 0.2, 6.599971027749852
0.05569378152783411, 0.2, 72.57403987612948
0.06706075075181483, 0.2, 43.569523951179214
0.20291234801148694, 0.2, 0.10799016758952272
0.1041441699122978, 0.2, 37.064905967379275
0.1648144167248936, 0.2, 2.6098261643900464
0.16909176192853945, 0.2, 52.42278236658316
0.1994250363793975, 0.2, 175.0242039879324
0.15976160793811506, 0.2, 40.66852726919985
0.14959063544756163, 0.2, 41.45107788985232
0.14523684389127642, 0.2, 226.7465735972531
0.156525936526661, 0.2, 35.118470143380506
0.23269659409261967, 0.2, 26.392230710273186
0.07786599818302671, 0.2, 121.4213506475287
0.12857332253854947, 0.2, 129.68058533454078
0.16934078315136114, 0.2, 36.8191339139193
0.20636915703435355, 0.2, 55.369610723429254
0.20344849534776582, 0.2, 40.411329405208235
0.12231486246344428, 0.2, 26.55806415371166
0.16214638712307008, 0.2, 7.943144979511594
0.1435358240961503, 0.2, 38.579070593787975
0.17218224207815802, 0.2, 27.50429753457728
0.11325544569284024, 0.2, 25.004182711307305
0.11842696853232215, 0.2, 27.24045105367017
0.08857379836190499, 0.2, 446.31887432619163
0.10529858537920338, 0.2, 107.87205936512113
0.1219798119903222, 0.2, 48.61849724181267
0.16799366054788795, 0.2, 10.381561494906178
0.14975559489962617, 0.2, 125.00934482751569
0.27885749162476703, 0.2, 8.587260308728094
0.13169320662988296, 0.2, 29.281369834645158
0.1457597136975462, 0.2, 107.68979719230293
0.13987638498269664, 0.2, 79.13091597521765
0.20107538696130295, 0.2, 46.043788216747714
0.22324666717140895, 0.2, 515.7787761959004
0.18496171258506747, 0.2, 31.950857678393085
0.11417603183127231, 0.2, 27.341064371893268
0.08780879107831616, 0.2, 94.7735723385493
0.15229569455704495, 0.2, 2.1866677448257303
0.09282451287830262, 0.2, 48.42452281025753
0.17837342513897958, 0.2, 16.252964536307342
0.24793801633539214, 0.2, 11.213358996119524
0.15413786932864942, 0.2, 107.29056545504046
0.15008318514879448, 0.2, 65.78719462272343
0.1336879855032534, 0.2, 16.72852863568068
0.026540287315917677, 0.2, 329.8296752118591
0.1442078090359968, 0.2, 7.510478302947697
0.1257303200816819, 0.2, 81.11225562947138
0.1870956651773741, 0.2, 137.33612297304796
0.1603000129184018, 0.2, 20.153565587057162
0.13485668132948464, 0.2, 47.219619336710196
0.11919499571204295, 0.2, 1.7121438405361524
0.12452943699202881, 0.2, 62.6112157559344
0.12484159597782077, 0.2, 9.518461084268763
0.17123483183110544, 0.2, 71.79315262015258
0.11484413710276523, 0.2, 150.9171240161781
0.1747220289633318, 0.2, 298.0741350635172
0.12916165262231544, 0.2, 15.074777742122974
0.059691405307492465, 0.2, 11.139058315809136
0.16623066461183944, 0.2, 51.957652354482235
0.15480298383186467, 0.2, 362.77882124530595
0.08748743554370243, 0.2, 12.19953559597981
0.12797790749917182, 0.2, 5.969690160042097
0.16861740752408264, 0.2, 11.93221927695569
0.1360501533188281, 0.2, 40.71041599791181
0.15561240606104842, 0.2, 155.34881531891565
0.18759916978449248, 0.2, 24.79785312530234
0.16532895687628835, 0.2, 31.248450323390426
0.16058193448205038, 0.2, 77.27811834731754
0.18000254339227223, 0.2, 14.427665431133452
0.04962468059153284, 0.2, 49.67812729628161
0.18935275678448124, 0.2, 104.25628657833937
0.09932792167907709, 0.2, 12.704063009983408
0.1564075211776294, 0.2, 3.6656246607720724
0.2067111223478852, 0.2, 72.1160895730028
0.12026332504038689, 0.2, 28.216405992542892
0.20177754999246764, 0.2, 248.34104404755934
0.11855382665657366, 0.2, 68.11498531678498
0.11458253682044245, 0.2, 17.62253596101203
0.102834459985808, 0.2, 118.0834313569431
0.12471264595972671, 0.2, 20.476748924102104
0.11466312564613255, 0.2, 40.405297495945916
0.1690577845383379, 0.2, 66.13740441506587
0.15495487621408408, 0.2, 29.363202114240078
0.1735000964825083, 0.2, 19.8023527405621
0.13851211947914088, 0.2, 84.18592324479246
0.08835525084973449, 0.2, 27.759833991544156
0.13513037794317795, 0.2, 166.24311651675788
0.13950324407668163, 0.2, 54.25395299179495
0.21418312064501988, 0.2, 216.16208913570514
0.12960154637951862, 0.2, 77.42912463520227
0.1186057277086085, 0.2, 67.16709388865353
0.13468674821159546, 0.2, 563.8747586879654
0.14763748759804865, 0.2, 42.505457218148585
0.17552827015280742, 0.2, 15.57350923607379
0.11579992610889576, 0.2, 51.33732145571251
0.20423931976582127, 0.2, 357.93119528131865
0.11208978855608356, 0.2, 58.89614934664137
0.1392027082217749, 0.2, 92.66001896755292
0.1306473549786714, 0.2, 18.44364134535176
0.16583582509765757, 0.2, 40.52232000706975
0.2102669281294517, 0.2, 63.61689434773668
0.11559616739363462, 0.2, 133.11379870427484
0.16186047991936184, 0.2, 18.204002177138673
0.08748073757327339, 0.2, 26.26859215053541
0.10945114087802915, 0.2, 35.674313577580385
0.16706646558233612, 0.2, 2.559301062589353
0.11306807264889057, 0.2, 47.246673925319314
0.06794492410936247, 0.2, 37.02482905287056
0.18030874641482048, 0.2, 3.9138158305421573
0.1918345472810311, 0.2, 2.602707591631617
0.18792551586008788, 0.2, 199.0441070466413
0.2165363471064351, 0.2, 171.87069185316713
0.13621333246345343, 0.2, 166.9994392958841
0.20122964638352547, 0.2, 66.60035678791802
0.1581240281602581, 0.2, 82.96968266274676
0.1500875639927451, 0.2, 34.73071684559634
0.12895137103148369, 0.2, 28.298684051661624
0.03751922348724704, 0.2, 75.6072744048136
0.15086634270355895, 0.2, 28.025949048621634
0.15525700086899463, 0.2, 13.366957796297052
0.15649478678988935, 0.2, 102.4809113189052
0.15027188640006078, 0.2, 48.51958471166359
0.15015970545412397, 0.2, 54.215137397388354
0.13961786785991165, 0.2, 97.8406226342761
0.172080451290761, 0.2, 14.841619308926592
0.18462193735270482, 0.2, 43.07085085373806
0.13372473695040168, 0.2, 0.6187504180473703
0.13074965550698017, 0.2, 20.065791765693866
0.15571752176981687, 0.2, 133.90016953900746
0.18416760683667693, 0.2, 134.80918012471307
0.192389851579798, 0.2, 7.6614171170006635
0.12600736390752346, 0.2, 3.1898821309019283
0.1824910446237297, 0.2, 33.59836801178123
0.2268613144409144, 0.2, 42.129102208315814
0.1203904141747611, 0.2, 147.45569530093573
0.16637241147188758, 0.2, 83.37579386683213
0.14359354924950996, 0.2, 0.3485212837894322
0.16824931450557368, 0.2, 19.565644759662806
0.12159709167048822, 0.2, 58.06822274254745
0.09852688847332197, 0.2, 2.2193383685120156
0.10176848277202716, 0.2, 63.715855546239666
0.1730467037215974, 0.2, 12.442732621307865
0.22628980232561594, 0.2, 14.056141151026555
0.1137882194575178, 0.2, 144.86615787557378
0.15507437253779746, 0.2, 2.236743913582834
0.0756566305732924, 0.2, 112.01087906373958
0.14334767261660308, 0.2, 32.1217841544258
0.11600846571952121, 0.2, 0.6697143965070232
0.21018067077510308, 0.2, 166.45813859248173
0.20242325769265035, 0.2, 67.63309515968844
0.1314991896925733, 0.2, 41.36818443578591
0.12924910185876365, 0.2, 58.10901107053115
0.16431086659403846, 0.2, 70.06053962511629
0.14004383246340457, 0.2, 95.88984759924696
0.1315191778137486, 0.2, 320.8374925660544
0.12107780031097444, 0.2, 12.630145295070363
0.20896485052012462, 0.2, 37.179002152827145
0.1101676156668352, 0.2, 54.59411542395162
0.17744538413448652, 0.2, 212.14188281465593
0.15623282103246128, 0.2, 31.14368890517316
0.10632030900004986, 0.2, 180.1343245787857
0.2105564133406978, 0.2, 273.07948596631076
0.18263958803152408, 0.2, 173.58072540591976
0.09063794940296124, 0.2, 9.082679958807278
0.09340710923110782, 0.2, 24.80093135633691
0.1771496785320692, 0.2, 20.283828834924368
0.17592629862656195, 0.2, 410.6255659489199
0.1556308890230468, 0.2, 139.09898684126108
0.06002733880474552, 0.2, 158.20917764880937
0.2280768964941723, 0.2, 21.663370758277317
0.13286343915325666, 0.2, 110.73123477456718
0.2142903058513813, 0.2, 46.43977082772262
0.2196185257671699, 0.2, 5.09531690482585
0.1490410026765056, 0.2, 104.54874151808657
0.12839750184011622, 0.2, 293.9195209357908
0.15306742772969964, 0.2, 21.03685506657774
0.25834918458596917, 0.2, 34.7993717594937
0.1273471854775051, 0.2, 24.223590130652923
0.11881669025862791, 0.2, 112.8646795576625
0.12780141890315738, 0.2, 79.11275196702678
0.11005362254101025, 0.2, 42.22109342237771
0.1013301249065942, 0.2, 245.7931258849316
0.16086396970275635, 0.2, 162.37610073835793
0.1201439887708703, 0.2, 130.57209543789918
0.16904057788363863, 0.2, 157.71009619948842
0.14003029173764148, 0.2, 65.52207180769352
0.1387520601708504, 0.2, 90.78232727483855
0.20491050339375344, 0.2, 25.588724496942856
0.16089172137088353, 0.2, 94.90687290857751
0.1346672403614514, 0.2, 67.817123117824
0.17424319341905575, 0.2, 12.212162109407403
0.11723591845999592, 0.2, 7.834745469543333
0.03805257143692051, 0.2, 8.849600163821389
0.12248535479801081, 0.2, 97.13215599540784
0.18172314524022148, 0.2, 18.480030625773512
0.17291497063487835, 0.2, 19.16356057412997
0.08415972898952538, 0.2, 425.062435000274
0.1607033193420521, 0.2, 12.749580245135276
0.1787560681709731, 0.2, 9.823922496358339
0.16324974490375205, 0.2, 58.27651219193211
0.21846623034393198, 0.2, 29.00523310357009
0.18695636142787375, 0.2, 91.3586012667666
0.16850789200113322, 0.2, 26.956577880615782
0.16580679116500668, 0.2, 85.35334088483079
0.11915326613229102, 0.2, 86.39715734969307
0.09627680158721513, 0.2, 66.54873561283229
0.13641165035917416, 0.2, 66.32277818236787
0.142656972453948, 0.2, 14.692132203025452
0.20956054034032742, 0.2, 55.41983071720448
0.19416094327425537, 0.2, 65.96840401631599
0.09746273104514239, 0.2, 53.44362745184504
0.0483042010643422, 0.2, 31.52390631071162
0.1416007344191103, 0.2, 2.2417142770131524
0.12400935107075484, 0.2, 73.50432563092502
0.17953853991919735, 0.2, 37.084869803225196
0.1552857823104384, 0.2, 36.34706508305152
0.20369715759007778, 0.2, 80.18318778235286
0.1910716580220484, 0.2, 57.66280706680087
0.15938790186670987, 0.2, 54.91287220928938
0.15721651501594625, 0.2, 40.5060522308344
0.1319109401736244, 0.2, 123.37812901250375
0.18839742308307167, 0.2, 0.38320099192344326
0.10726505098001804, 0.2, 41.085694296441545
0.1503290843279847, 0.2, 6.6896090413056895
0.16192031260655237, 0.2, 26.035389132064385
0.18233128902570214, 0.2, 59.28089012860844
0.13746727770233527, 0.2, 95.48325678442944
0.18891016130006183, 0.2, 62.733673013665914
0.1473194539833391, 0.2, 40.8791556972112
0.16033717463557157, 0.2, 7.449820371728592
0.2164600405501659, 0.2, 168.32688755288035
0.10931398129199249, 0.2, 64.68760326970934
0.16207304671528888, 0.2, 46.053697632053066
0.18441167812753417, 0.2, 50.94033484269973
0.21222258950808665, 0.2, 115.36186642712316
0.13397740143505357, 0.2, 66.64387884313803
0.21830453587552745, 0.2, 55.55115232146628
0.10187724576875354, 0.2, 114.20103336351004
0.15088378912325975, 0.2, 142.1995053485969
0.16012180726226385, 0.2, 10.670575429108846
0.133690987617291, 0.2, 30.13641084140262
0.1811363707549661, 0.2, 17.73953527213159
0.10599207809613631, 0.2, 41.32396727752223
0.11723414662410046, 0.2, 234.89143503138757
0.1613808145584589, 0.2, 28.254579252912386
0.1381281234143577, 0.2, 59.40241297688129
0.13124584471900685, 0.2, 73.06848404873665
0.11554998052552548, 0.2, 99.63745306715164
0.16093790835349903, 0.2, 110.96487230879268
0.10797977158519961, 0.2, 132.44646914737075
0.18546315028596064, 0.2, 121.87314176995851
0.17020631869804595, 0.2, 32.6153561213648
0.13772730814665973, 0.2, 114.03072937182225
0.18091165215378754, 0.2, 3.356641303201793
0.15184444810976827, 0.2, 113.95544372685562
0.11119281978650165, 0.2, 29.287696297900105
0.09505787831968263, 0.2, 31.18065874589771
0.18221169139344015, 0.2, 64.89609285178196
0.1089475324301267, 0.2, 5.905187516638887
0.12400817284450019, 0.2, 105.12959063547198
0.19969935460224342, 0.2, 24.965577468823874
0.19304300609539118, 0.2, 152.07648282613584
0.17289816789693677, 0.2, 97.08905044627622
0.12834355469365175, 0.2, 24.61585819766038
0.09886544822624013, 0.2, 106.4448374193792
0.20604146481636315, 0.2, 251.40501365778408
0.18395049793955717, 0.2, 21.99805033718241
0.15134483108189115, 0.2, 97.51572304531743
0.09283317723442784, 0.2, 78.40575555753108
0.08363028446276051, 0.2, 267.79596984412325
0.20013889920387734, 0.2, 68.1679692911919
0.14072391004899656, 0.2, 1.755066303547045
0.1501701911416415, 0.2, 25.24186552855759
0.2035561013892242, 0.2, 73.00560217780593
0.16330037759923016, 0.2, 217.85745290297945
0.19389625345067746, 0.2, 54.585824678900615
0.19469220473843443, 0.2, 137.52817495946508
0.10455139573925956, 0.2, 18.801812133793764
0.25635672846394497, 0.2, 18.71329620904727
0.1346963687198024, 0.2, 37.552314425555664
0.19682007586693007, 0.2, 2.5998191980942393
0.12714360522746104, 0.2, 462.2665634607851
0.1675403747139375, 0.2, 15.816755223836775
0.21691576788790767, 0.2, 43.13649342719446
0.15870412012240093, 0.2, 162.51673855859482
0.13627552523240835, 0.2, 55.87027006482365
0.1006328507874317, 0.2, 107.25351385385163
0.13617394790848078, 0.2, 113.79982132954461
0.1211952508574402, 0.2, 43.20039357438355
0.00419083122166608, 0.2, 88.78914916752687
0.1522806323398135, 0.2, 87.67263437756873
0.12308243026688141, 0.2, 21.641855390571077
0.09736532848671599, 0.2, 73.81359762984953
0.16241045605155063, 0.2, 62.14298904176507
0.18757371712819154, 0.2, 142.5480625703424
0.1869984833287705, 0.2, 6.295097462861901
0.1793029195860498, 0.2, 116.31481830180768
0.20084285171039862, 0.2, 247.4744420189991
0.1410488424539874, 0.2, 13.68156505825495
0.22750489461777834, 0.2, 291.2967733158829
0.08677934498996157, 0.2, 17.842560394777944
0.20688451442079864, 0.2, 23.736544052545227
0.11869033206305754, 0.2, 11.028893397700525
0.10832384023694502, 0.2, 121.16890393433869
0.1693614080968685, 0.2, 79.98277182749378
0.17363899091099774, 0.2, 182.1466962770503
0.07771715181944992, 0.2, 90.02169250336259
0.17947643456123072, 0.2, 1.602238853026198
0.15907142160264187, 0.2, 107.17066114459833
0.17864476701835239, 0.2, 15.20611407107162
0.08217675357569275, 0.2, 144.03605178133154
0.162630747937456, 0.2, 116.8113009590556
0.12410954655120195, 0.2, 48.1310956618774
0.13788886511972986, 0.2, 44.253289761231564
0.12058839741989727, 0.2, 158.5539621077022
0.14297391169648443, 0.2, 128.72998639277142
0.16818458557669574, 0.2, 238.65550101330064
0.19795442824361553, 0.2, 142.99104423772098
0.17199566625040844, 0.2, 3.2577134402043915
0.09254771402841463, 0.2, 34.80514433085263
0.23388836245448952, 0.2, 18.556734109196398
0.22186854844851794, 0.2, 1.6484142075982424
0.12395562623205789, 0.2, 19.40380489774464
0.15255386505392907, 0.2, 38.800440312484064
0.06656146368417958, 0.2, 262.66265250076896
0.1616293139798824, 0.2, 41.25518074442554
0.17892464378185496, 0.2, 43.46579298034961
0.205686084355178, 0.2, 45.5805594840475
0.16259630392674107, 0.2, 33.686453319846215
0.16100196071231224, 0.2, 0.48591297718252335
0.060429614077966654, 0.2, 128.3570664227878
0.187433658122758, 0.2, 76.44145726087058
0.08951111103370749, 0.2, 140.33938247137561
0.16411284388727715, 0.2, 42.90580595057522
0.11194451824707971, 0.2, 19.829828517299337
0.1873036179751564, 0.2, 36.91862488429354
0.1513849120966791, 0.2, 148.52410920649484
0.1640463834714678, 0.2, 21.699888110027388
0.16097811693732061, 0.2, 43.78721395897214
0.17364804766650668, 0.2, 32.850286101090475
0.1934871514017288, 0.2, 176.5010154378406
0.18333056610443293, 0.2, 0.09422058266130799
0.0933716578157901, 0.2, 16.117600120509234
0.08841776193916517, 0.2, 158.96565536301088
0.10591878298403702, 0.2, 47.31081324385894
0.08554576460985805, 0.2, 45.83477953253297
0.08785185342011013, 0.2, 37.64867956724676
0.17345503781245572, 0.2, 127.70899636267255
0.06447873989997155, 0.2, 15.228221517704451
0.08368565772698777, 0.2, 77.83724625191768
0.09605026103218342, 0.2, 9.011694462250514
0.18667865204253534, 0.2, 226.96280782492875
0.12913890669717282, 0.2, 14.994715761365814
0.08922307524171416, 0.2, 206.0714713934026
0.1365885162533605, 0.2, 30.469380514611963
0.1738810605445093, 0.2, 255.40543705454957
0.18650269310104148, 0.2, 23.831644479058216
0.17751945921133933, 0.2, 370.0683222437471
0.2632849365657603, 0.2, 6.195509683672705
0.14308650823784402, 0.2, 39.890409887263665
0.20065634646779024, 0.2, 18.49991228561664
0.23584729196705598, 0.2, 44.18939611852411
0.15013123677785684, 0.2, 0.681155407945105
0.20607905872428217, 0.2, 48.59377469543409
0.22148557236534439, 0.2, 58.082955978099605
0.1256296265074258, 0.2, 76.91737452075365
0.06893266054416995, 0.2, 61.279055643120365
0.19998468112090723, 0.2, 60.44376708733801
0.2121282594006904, 0.2, 17.219084622286005
0.14386292907764672, 0.2, 2.1380306205307797
0.1591998453197525, 0.2, 78.92494090316416
0.14646834780901136, 0.2, 98.17683485090974
0.14062300076850542, 0.2, 77.34366313856036
0.19554462106824433, 0.2, 88.41180105175299
0.1587449469554652, 0.2, 15.802951349805221
0.10508163315077354, 0.2, 98.55638093155174
0.11896223238313798, 0.2, 21.528648110438915
0.121613715625987, 0.2, 29.75045457322703
0.13864606717864383, 0.2, 4.5789530697388985
0.1622335902299935, 0.2, 15.451167474949713
0.14131014967907762, 0.2, 102.81806661116823
0.137322087056362, 0.2, 52.16574357873458
0.06644020928887671, 0.2, 15.142989745914864
0.1823488532416798, 0.2, 182.31257812195997
0.17298849291635296, 0.2, 175.35286747728392
0.13942468930688723, 0.2, 392.4578154391917
0.12656190915316914, 0.2, 65.37527070687156
0.20801419014039427, 0.2, 133.1318685110419
0.09786848982203868, 0.2, 223.93247808963048
0.13629116000845776, 0.2, 13.697779419791651
0.11574385791138495, 0.2, 17.139112735196147
0.1553109517900102, 0.2, 86.39224348362447
0.15496814938457212, 0.2, 21.302946034492823
0.1723840441117925, 0.2, 44.303580394903626
0.17005885122235812, 0.2, 136.27474833121553
0.14273366670622767, 0.2, 9.611946233608743
0.1471089661515642, 0.2, 21.03656350662126
0.1234096354083902, 0.2, 152.475594643784
0.18312616631235323, 0.2, 63.2859529115316
0.1466341381743463, 0.2, 18.929040634696946
0.1475342403786925, 0.2, 48.91422224896708
0.17154784781793073, 0.2, 146.5726867851598
0.23190542340379788, 0.2, 44.49667094364001
0.1439978943412026, 0.2, 48.32576837995005
0.25329612757340597, 0.2, 45.81830588990652
0.1344257711038872, 0.2, 177.7395986209201
0.17173325515446017, 0.2, 76.03335265720395
0.23378643421857923, 0.2, 282.7603803338139
0.23245943824523435, 0.2, 17.863733565969948
0.14964801562589544, 0.2, 59.69217109486928
0.23774437005890783, 0.2, 119.04751849723633
0.15428160376926794, 0.2, 78.49199000902719
0.16722708422658955, 0.2, 62.024871567006564
0.17392007658527722, 0.2, 24.86941401665224
0.20374036261323678, 0.2, 73.08312721126573
0.2341092936973563, 0.2, 45.76065297236416
0.1628813884647393, 0.2, 42.44326427429929
0.10197817131927356, 0.2, 0.8076512563618472
0.17756739710773103, 0.2, 60.57081942852305
0.09457620504383682, 0.2, 4.5473512367422515
0.09877154984859947, 0.2, 66.82306367198588
0.0617945621496991, 0.2, 83.01391808294902
0.15553254354333215, 0.2, 28.270600294475393
0.09638041449203869, 0.2, 32.73655324490368
0.11595220424084182, 0.2, 62.951940908514906
0.15208937097499778, 0.2, 3.9674804229617524
0.10649438325092078, 0.2, 127.17780756887365
0.1401131423339453, 0.2, 42.647294021229214
0.15596119216451235, 0.2, 41.29993197207743
0.19799631080130778, 0.2, 72.69491892206896
0.18810446300173433, 0.2, 50.22153947135873
0.19519345609663055, 0.2, 56.78562612704226
0.14268727069073414, 0.2, 16.308939937156236
0.16982708563579796, 0.2, 203.7697265520831
0.09701053144386527, 0.2, 3.4685168426197133
0.13239655041465379, 0.2, 89.33231174011489
0.08389397408289163, 0.2, 87.20601555987399
0.11151852474447713, 0.2, 52.50963823847413
0.12936567511531105, 0.2, 116.8116208012295
0.10891788415612745, 0.2, 64.82986351843364
0.16292133804190803, 0.2, 123.0993300754325
0.2182502513631752, 0.2, 56.10048875387392
0.20173882361279202, 0.2, 43.8451007220836
0.1523933508961641, 0.2, 60.74828989064838
0.07879518560252893, 0.2, 11.9209372699598
0.1106730885346425, 0.2, 0.9898774613043738
0.1410277222781358, 0.2, 143.01294627757557
0.13717376094440997, 0.2, 119.23632541577085
0.22040857153726634, 0.2, 387.2910348126932
0.16717358940503105, 0.2, 11.005319587382404
0.16582074879477776, 0.2, 43.35533484883913
0.08864101184350615, 0.2, 85.6429980907455
0.19645181211557602, 0.2, 147.0126491952456
0.08892173422109179, 0.2, 45.09426333278253
0.09103450230939863, 0.2, 140.764109319346
0.15913767792222666, 0.2, 126.0452928614819
0.14647172512386145, 0.2, 4.1915225664838225
0.16169087574521648, 0.2, 20.43606299871121
0.07419648394963257, 0.2, 17.037623103062376
0.1440537487852761, 0.2, 52.50816387944994
0.15902552026502867, 0.2, 34.11207651331363
0.15451988820125856, 0.2, 157.5318691311615
0.1305870422865657, 0.2, 24.777437880273357
0.1687447229088348, 0.2, 68.63875584196633
0.19020448151170347, 0.2, 199.11415522287666
0.08885643354197369, 0.2, 3.7503354456440205
0.12555283573057324, 0.2, 36.80158381063543
0.1705974188900149, 0.2, 289.8264014866282
0.1773446720817815, 0.2, 24.05442662479546
0.11396296726925866, 0.2, 30.609961256596208
0.1868663288731827, 0.2, 37.92494574882009
0.15144996252598097, 0.2, 7.167535253930903
0.10570640825716432, 0.2, 22.67159438376599
0.08277688098429294, 0.2, 6.061734611913373
0.1350085768413118, 0.2, 140.30486051619414
0.15179642435971605, 0.2, 124.54068233597822
0.09792342309670383, 0.2, 16.743203221211317
0.12524394031026098, 0.2, 119.08747251706234
0.17893178584102326, 0.2, 41.7600289714024
0.12869796134523928, 0.2, 1.918354500353825
0.1015170792982781, 0.2, 57.300599568629586
0.16560089399284417, 0.2, 106.29410392372024
0.1781562227579287, 0.2, 56.910030962968314
0.11096090586074356, 0.2, 4.795028114477848
0.12751460624887245, 0.2, 115.73940801703138
0.1716315596679877, 0.2, 218.16474639945883
0.11489006896245049, 0.2, 93.9874007995868
0.15302396347011732, 0.2, 291.3298578005245
0.15977682486398195, 0.2, 13.678187164315272
0.13707943046676166, 0.2, 23.9069123443782
0.16385518359607834, 0.2, 14.28905210012875
0.15345029234806898, 0.2, 69.49922957814498
0.18591718356497153, 0.2, 310.9546679574297
0.16467933321439493, 0.2, 86.45708155411889
0.1422304980867165, 0.2, 52.20704667965999
0.08023042478386386, 0.2, 52.14543955448264
0.16814395054329775, 0.2, 1.8125834223785904
0.10761594881076511, 0.2, 39.572325356351975
0.17305109680351605, 0.2, 23.381481319183624
0.11336670875461305, 0.2, 2.318100685149071
0.10682476002596636, 0.2, 17.86499990307804
0.1888291658714211, 0.2, 29.345261683386607
0.13373089209987565, 0.2, 94.78433795708487
0.14833912620341155, 0.2, 40.403429030593074
0.05124777738289214, 0.2, 76.1658754898379
0.13809491913834657, 0.2, 45.99051380300153
0.22559042119041955, 0.2, 253.93532597530108
0.1310660140811187, 0.2, 206.63110979791662
0.17487381691066656, 0.2, 36.63518249467054
0.18430726196067732, 0.2, 59.47681764581067
0.15024911191486703, 0.2, 57.167619677604954
0.11460316852974822, 0.2, 28.76187551073741
0.132053111135976, 0.2, 2.418988937922287
0.11694466306767956, 0.2, 21.13243386088837
0.11667909670481007, 0.2, 57.57572208374388
0.16519463608711638, 0.2, 2.565006345465708
0.10488712844617437, 0.2, 25.37857393714328
0.11568849234825723, 0.2, 69.50610583058376
0.16226805085884038, 0.2, 59.350457436299834
0.2249342162786667, 0.2, 35.99377568909477
0.14229223538850336, 0.2, 92.85927857503602
0.15111625095504533, 0.2, 9.205420620594378
0.21597644641790137, 0.2, 232.4780672860504
0.10478756807965334, 0.2, 264.12283700171633
0.0789815259361678, 0.2, 57.61867406630065
0.20460435223068926, 0.2, 51.071126136165404
0.16555811862025482, 0.2, 64.84317760458899
0.19455483196639403, 0.2, 20.2542380269413
0.16607205931735264, 0.2, 143.10691475476202
0.1335137041627648, 0.2, 100.74980542659148
0.15121479840050958, 0.2, 21.417663381652943
0.07951285494050672, 0.2, 63.072481898292764
0.16434950018217667, 0.2, 158.88836623649257
0.14764748350851611, 0.2, 22.64676333554989
0.12702219590351585, 0.2, 12.99623386949007
0.10273619122294914, 0.2, 73.78671828412763
0.1273771553409946, 0.2, 57.46126161623855
0.21836776788803933, 0.2, 150.1937892566808
0.1859359798803071, 0.2, 19.54396477015305
0.15689250932869223, 0.2, 7.467812773298278
0.12527677677586563, 0.2, 27.81295314549092
0.1042124742860826, 0.2, 79.1120392726111
0.08959233583046611, 0.2, 41.49219251216065
0.13739934747351626, 0.2, 16.90411179386477
0.16947819536554345, 0.2, 43.426029321181915
0.15022613883931996, 0.2, 18.148618982325964
0.17618974243159247, 0.2, 50.66594979654058
0.14564340344666532, 0.2, 17.8303784711262
0.11518935798637038, 0.2, 1.7531147372996403
0.2171384579715438, 0.2, 39.108172964795855
0.12862615810230627, 0.2, 23.922735950524796
0.11608526564773117, 0.2, 104.03607915938285
0.15779581502234663, 0.2, 20.61793592938314
0.1537874653783582, 0.2, 54.96602776009087
0.15964829326441457, 0.2, 25.6698674198653
0.14589766377751393, 0.2, 42.73689484007528
0.20100039502210432, 0.2, 332.6063671067202
0.16945955281399225, 0.2, 8.750900032263502
0.12182484369933452, 0.2, 11.63309162646919
0.114768241561922, 0.2, 37.10355329188813
0.1767216372884357, 0.2, 39.928202690690014
0.20094360501066583, 0.2, 3.858442628617604
0.18673855689321472, 0.2, 44.684039249753276
0.14792411545452638, 0.2, 134.53938010532374
0.1758795259325791, 0.2, 36.171663914253
0.14317982564852186, 0.2, 234.67397861520672
0.14029145452990624, 0.2, 173.43062365115097
0.09462682098740749, 0.2, 222.2714469727242
0.14835700147061368, 0.2, 21.204814193337167
0.13160899903302428, 0.2, 3.8493018262781846
0.1357130098406123, 0.2, 104.79753918859086
0.18178644889528778, 0.2, 71.52145811371852
0.10632082237495787, 0.2, 40.55032208580933
0.10608003974754363, 0.2, 39.17500535403647
0.17950947594244324, 0.2, 26.046312829487555
0.17601525369916188, 0.2, 35.19298211570039
0.11109277962908132, 0.2, 165.16279713093405
0.13460311395966243, 0.2, 63.599717696454434
0.2208809776535518, 0.2, 107.9521248396514
0.14229744207022554, 0.2, 461.84914886345297
0.21068083697509607, 0.2, 28.68706242043567
0.1722959998565446, 0.2, 19.542860723567763
0.19173023114177923, 0.2, 4.226586792912829
0.11566439649702523, 0.2, 128.18845326387714
0.1693309408416207, 0.2, 11.076783443013083
0.1498613694925897, 0.2, 51.78420343242305
0.16869180487468305, 0.2, 6.714047777194777
0.17588003869811514, 0.2, 7.455713863091464
0.18107329715170173, 0.2, 128.51457420747022
0.1515395308611836, 0.2, 12.457825312351416
0.14117648503024927, 0.2, 14.254892833590947
0.17763565721088803, 0.2, 159.96832913127741
0.21098568096994258, 0.2, 24.35794632725015
0.21873502177932275, 0.2, 26.767986198774636
0.12712396701402418, 0.2, 48.62251270227768
0.14458036222606407, 0.2, 18.00968869873024
0.08990272579764941, 0.2, 178.88371703422015
0.14255730574108905, 0.2, 82.57358719981924
0.11393793194081542, 0.2, 13.555707621150432
0.2037660314180325, 0.2, 187.09360449929355
0.168739072805401, 0.2, 56.08819090383286
0.1649696259478596, 0.2, 36.829924516038034
0.11736501026981963, 0.2, 9.386121154305398
0.12853398164893148, 0.2, 34.45386563505503
0.06439278033968208, 0.2, 54.015776530856876
0.1359312580114814, 0.2, 4.685036868158573
0.15062325457294504, 0.2, 45.01837945381725
0.1581860876647927, 0.2, 23.456087017219758
0.1505901399616393, 0.2, 128.64692035077687
0.08279406260765527, 0.2, 38.96015006605576
0.14406196599443474, 0.2, 238.0937187892562
0.20274443224655916, 0.2, 169.18675580197728
0.21236090001245328, 0.2, 174.87807634565073
0.17780806780182346, 0.2, 95.92564454470171
0.14887309497389634, 0.2, 32.02988269973559
0.07780796814720439, 0.2, 19.987407351754293
0.15300140265897577, 0.2, 112.08199143982635
0.106958815539017, 0.2, 132.90367907822466
0.09004393867527562, 0.2, 296.00055118489536
0.11826475677401382, 0.2, 212.78910683581077
0.1586563494160607, 0.2, 48.98097409794855
0.24145257746589693, 0.2, 86.88106260165381
0.1410653738275611, 0.2, 1.7730303393624647
0.15471080905829948, 0.2, 25.277756165213937
0.16828923192452352, 0.2, 69.58734356049874
0.18150859382715084, 0.2, 21.21567959894642
0.1829794392103981, 0.2, 17.238617684010126
0.16508546424700712, 0.2, 38.28392377752568
0.22753259309634832, 0.2, 18.644366435693783
0.2322484119315404, 0.2, 58.25352136607349
0.18377254746194516, 0.2, 122.99416801176864
0.16043545623978084, 0.2, 38.932735681329426
0.1402067660496769, 0.2, 129.80589443249247
0.2291696582831094, 0.2, 124.50748561948915
0.15391284025256316, 0.2, 33.02222344599309
0.1306862502400818, 0.2, 61.98085183826248
0.16047910296398457, 0.2, 88.75003052479768
0.1555880984406156, 0.2, 52.818532359734945
0.2012076149805946, 0.2, 87.5719387557292
0.12960562815504367, 0.2, 76.62872054654635
0.1615812965866299, 0.2, 18.06791450502075
0.0864679637487387, 0.2, 126.97037677008406
0.14814857615966842, 0.2, 111.4603645157631
0.1844506996529134, 0.2, 119.5143588133819
0.11345447908591091, 0.2, 65.62860955696901
0.042823095060086, 0.2, 14.436489592381813
0.18272201689787218, 0.2, 102.32200956408194
0.16171210652975476, 0.2, 22.63244001776213
0.07847664134163893, 0.2, 48.175822292776616
0.18637800960694254, 0.2, 39.33547893484976
0.10571270469091242, 0.2, 59.27568365388315
0.1584918205210902, 0.2, 163.77488641349927
0.1658460876234547, 0.2, 51.11248592782488
0.15699636131501554, 0.2, 0.10395639986481646
0.10494298585197293, 0.2, 4.6084546519125675
0.2001542694519958, 0.2, 179.58123642594578
0.14977146738027516, 0.2, 122.83025520418492
0.16596818428079116, 0.2, 89.39275181541083
0.19150622436217044, 0.2, 179.90576825032923
0.08737214550422255, 0.2, 20.154469758209597
0.20120392538880294, 0.2, 3.8967799959717895
0.15026946665370425, 0.2, 183.57999112998755
0.08977701234404764, 0.2, 8.060260008967239
0.22331055134497935, 0.2, 214.5832293953565
0.16576504917982643, 0.2, 59.166952854672566
0.2174675321727595, 0.2, 84.59463527304658
0.16051012059649464, 0.2, 199.84401260116564
0.16784923624521436, 0.2, 55.018892541628375
0.16019848903083328, 0.2, 365.8731053866698
0.10562479680360506, 0.2, 53.323577739055644
0.1530582153818954, 0.2, 51.426901817125284
0.19329519589871372, 0.2, 202.9775063908597
0.2178791958020968, 0.2, 22.381816222547855
0.18154474632503542, 0.2, 101.76003799003443
0.1329461163630365, 0.2, 123.54532548636931
0.20972876894894155, 0.2, 144.42779874965225
0.16084661796535013, 0.2, 26.916567084421917
0.15683994223407977, 0.2, 26.54403812146414
0.23624104307140964, 0.2, 7.081407822481238
0.2247194294598593, 0.2, 42.45255026762566
0.11859018304837993, 0.2, 19.515468870499163
0.1563212492659753, 0.2, 85.46279454625699
0.11370968726090279, 0.2, 11.182472246351592
0.16529211461680857, 0.2, 211.48431946911816
0.21102022946611218, 0.2, 133.28247284025724
0.12505422592312224, 0.2, 21.813735998283633
0.2581720504243191, 0.2, 55.453570441745114
0.20253910572686928, 0.2, 52.37872462891159
0.17720982603697913, 0.2, 42.667520026192484
0.15205247267546898, 0.2, 23.683966299546434
0.20349256109541486, 0.2, 304.59566835858385
0.08935116098481002, 0.2, 44.22407310766098
0.17816489935493507, 0.2, 127.30062772083869
0.16499373314443336, 0.2, 60.455615807527224
0.13026506043736497, 0.2, 24.9771859653775
0.15917128167283234, 0.2, 14.891461944025789
0.1558253447873625, 0.2, 21.451217206821298
0.11690902877807971, 0.2, 37.12471580719194
0.1718556368429425, 0.2, 66.17117545830558
0.18078865503799862, 0.2, 40.264266430538704
0.16574574076821624, 0.2, 59.18253098421377
0.14405762723303417, 0.2, 42.92133453146756
0.11757130020645565, 0.2, 50.6621182535246
0.06869846283235505, 0.2, 40.53557526341799
0.1068518783372888, 0.2, 70.38533663004323
0.15188811548789943, 0.2, 3.423615482187326
0.13456690317870926, 0.2, 14.37840029639179
0.13252855268986388, 0.2, 32.29126781500896
0.1670474943055275, 0.2, 15.549045363101136
0.1819419151136023, 0.2, 85.96299599067275
0.13363382936608004, 0.2, 76.04416524972684
0.09516438420691752, 0.2, 139.62476641497213
0.19617709859676943, 0.2, 50.10655986467359
0.1755854913797303, 0.2, 273.4790032732444
0.09393571763738215, 0.2, 167.24990094571515
0.15388844890023892, 0.2, 371.29113491957696
0.11669723371809539, 0.2, 147.8785503154444
0.15680854473193062, 0.2, 16.075142574552263
0.14830095903968288, 0.2, 70.03239828996594
0.23534377915706736, 0.2, 12.02460176894445
0.21687739039562273, 0.2, 39.97548077239724
0.19258807925426816, 0.2, 20.13853882593423
0.12387682636461932, 0.2, 143.52416427889995
0.1103381111067166, 0.2, 26.33474673900326
0.20900273975402053, 0.2, 35.500379832463096
0.1744621548723033, 0.2, 232.47182581265506
0.18185314802504, 0.2, 26.228280061828688
0.14001419347354763, 0.2, 1.9493094174864474
0.11653445567025231, 0.2, 26.914521652551617
0.1100497854648109, 0.2, 112.40489776674698
0.1668441667244824, 0.2, 5.506952694859283
0.14767084798704275, 0.2, 54.00590068455129
0.1823909046249519, 0.2, 126.7905498929222
0.10465629709864405, 0.2, 29.567770732441158
0.24395094765372893, 0.2, 0.9723221235499628
0.18225356441143892, 0.2, 10.296724364540143
0.170157789366445, 0.2, 178.79052028807735
0.1089168087863622, 0.2, 90.3967603176604
0.17968097573477268, 0.2, 70.82545123147221
0.09620450322216828, 0.2, 33.40627735471379
0.087227122070736, 0.2, 66.39237529491619
0.17818159152862964, 0.2, 171.84233514987892
0.13865738553734516, 0.2, 33.76009684782592
0.20094814701625596, 0.2, 17.79161865440226
0.19429458519845388, 0.2, 24.769303053109812
0.16904898536938964, 0.2, 81.05978980428961
0.1421556121058239, 0.2, 13.84084529063851
0.15816502825064988, 0.2, 100.33127580285937
0.16603042846602792, 0.2, 60.76535088681172
0.16579376920179764, 0.2, 15.953312921168726
0.1605526049080725, 0.2, 101.59948056790712
0.19606156067047245, 0.2, 90.4921664414979
0.22813237361648547, 0.2, 46.540122510014086
0.1358800496664099, 0.2, 42.253337611904776
0.1580869443450169, 0.2, 51.21780986833814
0.22452626911589887, 0.2, 104.14862786785739
0.18232217949592702, 0.2, 5.955238408616795
0.1538879650503459, 0.2, 64.11223298112505
0.14738623047812882, 0.2, 73.01299544616967
0.2112757131294162, 0.2, 86.57955471751252
0.24843184873018379, 0.2, 53.91625607347683
0.18645380738143577, 0.2, 26.06054773860058
0.12352446358863481, 0.2, 17.05895312427995
0.08403377329272578, 0.2, 1.5630989462370464
0.14536724192665793, 0.2, 85.1003223847157
0.17904320271720311, 0.2, 79.46374686324906
0.1877459027597758, 0.2, 14.400929194390526
0.15432038709772114, 0.2, 82.5422224922683
0.20009228031462797, 0.2, 11.854461775030236
0.1574168427526705, 0.2, 99.1905960007502
0.15181407297146565, 0.2, 14.028886083260529
0.12668654172764415, 0.2, 91.86334153683937
0.23399996696640615, 0.2, 50.447112314406986
0.1995189637787766, 0.2, 192.46768874518574
0.14425883857412472, 0.2, 49.19434794107992
0.15706474446915308, 0.2, 98.20579855211284
0.19581275295079043, 0.2, 23.565260015726953
0.18094686187984393, 0.2, 133.92387610247525
0.1745655181237181, 0.2, 33.5060331380565
0.13301728332463772, 0.2, 44.748221381739164
0.16633246737762658, 0.2, 48.799028607351694
0.11023244225071144, 0.2, 74.95457977694501
0.1648308343062917, 0.2, 0.9146216940585741
0.1536485383079927, 0.2, 16.884459600040262
0.229164882361917, 0.2, 52.167282375753864
0.1170009000049378, 0.2, 18.113517082388512
0.2239337557179259, 0.2, 52.208561484845774
0.17250197603367062, 0.2, 88.99361043163911
0.04593442371813565, 0.2, 284.74052003136376
0.16221848963212812, 0.2, 112.29628913055306
0.08782578038019312, 0.2, 18.369487423193508
0.1341248562020375, 0.2, 15.484498100794966
0.15915088391032758, 0.2, 15.026555693674034
0.17020655937351062, 0.2, 56.74325371688866
0.14089764907375182, 0.2, 16.24253166079382
0.18958710647428395, 0.2, 16.6439700854859
0.12938692674463997, 0.2, 74.47009293653997
0.12918172728852187, 0.2, 252.0481879600119
0.16421827623941437, 0.2, 17.833573335472124
0.11459767850643254, 0.2, 4.403475548186603
0.10529737783183211, 0.2, 28.95677952508241
0.16141323045782216, 0.2, 35.85472790569321
0.07038178392094839, 0.2, 60.884746283342764
0.07380873952090945, 0.2, 117.02238083239486
0.14006078379467213, 0.2, 72.49564141390738
0.14896547807334087, 0.2, 21.0716011383992
0.17961160017219435, 0.2, 21.88221524108295
0.07989988805617959, 0.2, 145.86525823831116
0.1813356871133597, 0.2, 55.507904659176816
0.09792042884509672, 0.2, 86.19781397944362
0.1475842472127075, 0.2, 13.692309013040374
0.18365529644625211, 0.2, 55.21498148558946
0.1734746975068847, 0.2, 291.15036168268443
0.16607152698803074, 0.2, 177.4617261622746
0.15525988598208584, 0.2, 85.34525959219339
0.13335519362291406, 0.2, 29.288059557430138
0.12424367103604234, 0.2, 107.47561235347634
0.11016440549384578, 0.2, 139.18426515811768
0.13232802896198237, 0.2, 5.451060938255079
0.1517836479786415, 0.2, 46.848927671175915
0.1274699235261966, 0.2, 185.73792616582276
0.1338964202076971, 0.2, 253.71075060071504
0.16929573041215853, 0.2, 9.203464052236967
0.15683931146181218, 0.2, 46.51512416466169
0.2596339960106878, 0.2, 112.99889659914768
0.179777929467006, 0.2, 104.64035937084273
0.17919745960102976, 0.2, 50.0747272841975
0.18782805642209793, 0.2, 3.8216775806646703
0.2016932076731401, 0.2, 45.36743789488981
0.10039283941074939, 0.2, 357.6105367404355
0.1699094925863053, 0.2, 6.233461582348881
0.17484008890465108, 0.2, 6.220823719653924
0.13769264653701455, 0.2, 105.78634766581527
0.22094931733589318, 0.2, 73.05584817702184
0.23860505945054272, 0.2, 123.54464883140479
0.158424197869571, 0.2, 159.4441795494809
0.17396428045747278, 0.2, 139.1159756498385
0.14582163071344112, 0.2, 90.30637687391447
0.1139899037135291, 0.2, 117.90444378514725
0.12762809154119925, 0.2, 68.93952609539748
0.08404822259806202, 0.2, 85.14361677954803
0.1649848812110384, 0.2, 105.7113865187858
0.1677679013948824, 0.2, 30.012177018058345
0.12413938654176164, 0.2, 77.40764066233174
0.09783295063796191, 0.2, 6.081513912465158
0.06082181808939771, 0.2, 113.33800634699463
0.10673901380309855, 0.2, 75.1680916650487
0.08746006802715692, 0.2, 365.9623733899353
0.13551940050058742, 0.2, 160.6773807733203
0.1512402507484517, 0.2, 124.90918200465528
0.15364578561070175, 0.2, 235.8088009791104
0.12894939560581672, 0.2, 16.15447548574373
0.17319512987810004, 0.2, 178.4765602726369
0.12968224514233495, 0.2, 105.72794351095051
0.13910953626119568, 0.2, 100.7203191414046
0.1786634745467663, 0.2, 93.0473854631557
0.20404502831160104, 0.2, 237.97504273088623
0.16462926903608008, 0.2, 53.25317905767751
0.13567978103510647, 0.2, 79.39547122754273
0.15210289738118532, 0.2, 48.79398548386417
0.1112661054037539, 0.2, 179.0884945921267
0.2224353907967575, 0.2, 129.39502416645797
0.16082411020984083, 0.2, 21.60316516999368
0.19181819014931867, 0.2, 157.28549425117188
0.11544272084958465, 0.2, 451.5671123656697
0.08647650627775604, 0.2, 9.975330245111584
0.1612817897860438, 0.2, 5.397989325030739
0.16877680303522005, 0.2, 15.147826390619123
0.1759135000212323, 0.2, 242.0709417393944
0.13551135995495092, 0.2, 50.604090951238064
0.16166589405344, 0.2, 36.27520758539066
0.16225016680356308, 0.2, 36.82020700810446
0.1604018950939959, 0.2, 23.352807451859974
0.169266411856909, 0.2, 26.96627045713898
0.15935514209204749, 0.2, 10.872126617157498
0.1406921582535167, 0.2, 130.54292202441877
0.20782573678832564, 0.2, 8.554098007185637
0.15759529806205766, 0.2, 12.174955660423393
0.141503663587252, 0.2, 56.02749932900102
0.2235959090886896, 0.2, 120.52214041611983
0.18883674298833814, 0.2, 493.5699244907657
0.13554872025095002, 0.2, 22.120678154431634
0.1398686341277176, 0.2, 28.359726137284444
0.11448489507377929, 0.2, 123.32992064938536
0.1121936116111728, 0.2, 99.8931233239453
0.18736835603670493, 0.2, 1.2835065468460567
0.1562142115572766, 0.2, 51.7784664744019
0.1392792382995058, 0.2, 4.830043351589869
0.07448089941415988, 0.2, 75.36057730515793
0.08739637071379756, 0.2, 96.65952904186284
0.27407338395839564, 0.2, 219.9539147816202
0.10884312764397377, 0.2, 70.88784187710516
0.10222903371199887, 0.2, 35.080290370469285
0.14877014123742574, 0.2, 14.024882579331512
0.19048275335599774, 0.2, 110.06250593473014
0.21692447127470232, 0.2, 93.35621012521402
0.2128403910049655, 0.2, 130.2164303137226
0.14139758757239487, 0.2, 217.9840973082604
0.12471011244664665, 0.2, 33.582533292951986
0.13341434064682267, 0.2, 28.526403565803538
0.14579375365064226, 0.2, 21.155675646811865
0.08461903834314757, 0.2, 43.79579378502599
0.07690884655842328, 0.2, 74.49357865259418
0.1439537083889243, 0.2, 45.256521181545224
0.17426446368356904, 0.2, 464.0643236550899
0.15794393930932682, 0.2, 145.7543307357332
0.13636117363685965, 0.2, 49.898280402452464
0.2672388851531625, 0.2, 18.47276094800336
0.11135091228738753, 0.2, 19.496602688642266
0.1431937884601609, 0.2, 15.911832769702201
0.21192168717660168, 0.2, 38.630999901960045
0.08157863455726747, 0.2, 65.31769622394904
0.16153715958039833, 0.2, 71.71191020858319
0.14221050983814892, 0.2, 85.95784130806341
0.22196066842286036, 0.2, 89.13340256262654
0.1647203240617737, 0.2, 300.1157103706816
0.14055516727011924, 0.2, 31.48186746464055
0.14021846485507392, 0.2, 5.20760405766267
0.17528210255563723, 0.2, 31.064428961241088
0.2028605254143246, 0.2, 28.569976580621322
0.167356542023888, 0.2, 30.954342097752406
0.11160391100093431, 0.2, 26.02973954889245
0.1710565739486563, 0.2, 47.124740750506604
0.16419456982364503, 0.2, 47.37969792943894
0.10751734000824374, 0.2, 320.2307582681501
0.11550387748672071, 0.2, 45.30893334335453
0.16203503096638575, 0.2, 39.25121265765284
0.1745627767320864, 0.2, 45.13458951499881
0.10447816220092863, 0.2, 0.6353297139946166
0.08950851679578592, 0.2, 191.75766622261813
0.1833277827185055, 0.2, 46.78097381482971
0.10193924101466112, 0.2, 31.49240122485443
0.087483378112776, 0.2, 11.366295632565853
0.1765342167692304, 0.2, 64.7714537482173
0.17429715329337106, 0.2, 2.213357480598033
0.06115116606635067, 0.2, 73.81528055407699
0.1503450532049381, 0.2, 179.72380674878892
0.14878224559122147, 0.2, 219.09302958882512
0.1757946168676315, 0.2, 30.8801857016317
0.17894275190418535, 0.2, 16.013654397468944
0.10373331147452672, 0.2, 53.7918034940813
0.1268431447594248, 0.2, 78.86552426400719
0.1778073904739022, 0.2, 7.376185104266481
0.1032811840797152, 0.2, 9.21203912686026
0.1483228331021552, 0.2, 273.14564003876455
0.13351195753514788, 0.2, 91.31304080284806
0.11961506851890291, 0.2, 6.2934941062570005
0.16864349879670196, 0.2, 247.15764570941013
0.17972302878003163, 0.2, 156.5688074080888
0.16569413078467798, 0.2, 280.7483799388669
0.1426379160899294, 0.2, 13.711642054011328
0.11768351078568053, 0.2, 21.291717747549406
0.12585214225103827, 0.2, 32.97105263969022
0.16034523633389658, 0.2, 1.2313979092048977
0.17814858647066703, 0.2, 21.68129767393955
0.19591446661816583, 0.2, 61.81588658268981
0.18238608121435815, 0.2, 7.036767607865783
0.1377809474315983, 0.2, 24.150865114160258
0.1280405966393125, 0.2, 214.7103880770025
0.17545389773897663, 0.2, 6.271160711689737
0.12391728841662088, 0.2, 146.53622032316756
0.10053883443367198, 0.2, 0.8949620230665971
0.1291403631901491, 0.2, 51.99829917502797
0.1631208762202259, 0.2, 30.342849105898306
0.15787432498232434, 0.2, 47.74372878100398
0.15405336835209557, 0.2, 32.20143869262291
0.08771492393231105, 0.2, 80.75972816545033
0.18407836836615402, 0.2, 9.211980236360278
0.13637473721642598, 0.2, 80.24938155003125
0.16622180514480533, 0.2, 182.81332526996601
0.15205333697014795, 0.2, 286.8245158066972
0.12957746902138967, 0.2, 101.84667187172603
0.10243968053297614, 0.2, 366.45285697256463
0.1320546445154897, 0.2, 12.703274614611576
0.20385409495674361, 0.2, 68.44596450983435
0.1476043960193397, 0.2, 6.468569356115088
0.15410305032484523, 0.2, 80.67810650616407
0.10494757435040294, 0.2, 26.719463481026985
0.0815710797073075, 0.2, 312.8866733815673
0.17955917051094397, 0.2, 37.25623405966585
0.16091277542554064, 0.2, 13.117218804620483
0.11962987480425677, 0.2, 103.36125749718569
0.1419888308907446, 0.2, 12.353922670067437
0.09809204635570809, 0.2, 111.66719768237704
0.09788479933823814, 0.2, 413.37936431245464
0.20394658504081284, 0.2, 32.15134436460296
0.13474849988322463, 0.2, 33.24638028317707
0.1962505511837774, 0.2, 23.80424665317074
0.17339139262958747, 0.2, 159.97342562152446
0.18082110702009893, 0.2, 190.63739585353187
0.1493559992350223, 0.2, 4.993743042571932
0.14644054064483367, 0.2, 4.626557077551452
0.2073039216909817, 0.2, 82.83147894631757
0.19384722513126235, 0.2, 13.265265609164283
0.10489090998434501, 0.2, 108.22808273340955
0.12117352365364525, 0.2, 45.32287015061982
0.17108049463160568, 0.2, 25.69031835296847
0.1930381842957014, 0.2, 285.08078960926804
0.10569768095091794, 0.2, 54.42705687643348
0.15429151803363192, 0.2, 186.3797565531167
0.09284350740317462, 0.2, 80.02169472810968
0.11384761812815625, 0.2, 122.7979462313875
0.1960566819933645, 0.2, 15.62830779967853
0.08423084112454016, 0.2, 36.425509320582584
0.14843298911750255, 0.2, 49.06880646135297
0.113280237659145, 0.2, 52.22843716274432
0.22553764170218693, 0.2, 12.702049939574456
0.10141653764064765, 0.2, 100.32177042890338
0.17148491659075482, 0.2, 88.81190763591844
0.10976772234698191, 0.2, 54.2732697782328
0.19067588845364675, 0.2, 125.30507244522043
0.19536322524370178, 0.2, 63.023750075273114
0.10784785630815599, 0.2, 164.91762678717336
0.18887619556983032, 0.2, 75.1460493815353
0.11333837274145492, 0.2, 112.1836868873949
0.12170747195188943, 0.2, 118.63912317265697
0.08174950582388918, 0.2, 299.75977135096787
0.1421157618075265, 0.2, 36.621498062277915
0.21232915650948608, 0.2, 124.42683907119104
0.11149869881880194, 0.2, 30.243348907073948
0.1353169978919321, 0.2, 0.14479796866404232
0.08256177680336146, 0.2, 26.118437973723427
0.18614790799375408, 0.2, 25.022940078691093
0.18135337759682985, 0.2, 30.59890604826849
0.13716862106489866, 0.2, 21.018288795342414
0.18990416864693832, 0.2, 164.7733721852853
0.12668854008805788, 0.2, 0.005657446668520054
0.16011564329037825, 0.2, 2.5316835886536686
0.20857948078196803, 0.2, 35.23310579432554
0.1050031276370402, 0.2, 73.60616573394512
0.08305710175342343, 0.2, 56.319279035107286
0.1809145998043746, 0.2, 72.04691403685206
0.15892214733732304, 0.2, 109.0969455861826
0.1641739595275309, 0.2, 86.86764184187241
0.15024829120639577, 0.2, 73.1630991500909
0.146238987706169, 0.2, 71.6529926742342
0.12545073721194205, 0.2, 17.35716297960045
0.1088933538269024, 0.2, 15.217937686874288
0.08682780790805304, 0.2, 144.56252863220897
0.20766686877598814, 0.2, 17.030704469294918
0.15289757671865625, 0.2, 168.44340491485218
0.19052559161205412, 0.2, 18.29430659552423
0.1714522285691903, 0.2, 45.91392914293844
0.207959943124623, 0.2, 10.051314150537129
0.159843460568517, 0.2, 68.81415148003411
0.13459965504824264, 0.2, 198.31117002918677
0.160939098532716, 0.2, 309.70301781163363
0.18298392301293392, 0.2, 42.92601293354292
0.13672529731334165, 0.2, 13.255507567555851
0.14160215167736748, 0.2, 77.02673226936533
0.19780153571686956, 0.2, 54.47722259023391
0.10899262378714336, 0.2, 98.05892130598494
0.11643575697883686, 0.2, 84.22518823083716
0.10087375997112386, 0.2, 19.94883707187915
0.1467909525987186, 0.2, 388.8390628464765
0.11450418161504347, 0.2, 2.9409880565851125
0.19142650636895625, 0.2, 62.032370516226145
0.1176581175192958, 0.2, 31.747274910405906
0.11587602763706137, 0.2, 80.93980457714629
0.17144288088864912, 0.2, 14.621723532627
0.09040522716113986, 0.2, 0.6695622604521216
0.18790799790621512, 0.2, 66.31751831578148
0.19410010073956377, 0.2, 42.78933828952129
0.23954102683999173, 0.2, 84.20757236784145
0.1327176120289589, 0.2, 5.880170425378171
0.1474711923497213, 0.2, 93.17664501664552
0.17399470932612618, 0.2, 201.55387930331364
0.12099473618442487, 0.2, 263.13980446871074
0.0816590430029959, 0.2, 56.468145790395496
0.15367456815651695, 0.2, 182.40951939309815
0.125783505381186, 0.2, 76.09834074160992
0.15708154243006087, 0.2, 51.82940535772008
0.12691330777801346, 0.2, 24.429261290245623
0.2141225267244467, 0.2, 358.73624156412717
0.1377341684444647, 0.2, 224.73190205965452
0.16225754002302167, 0.2, 149.72915497425907
0.13632158739440053, 0.2, 48.56451824228042
0.06746176748044405, 0.2, 177.65457616482587
0.13354698997437964, 0.2, 24.702606211210462
0.18382173431558235, 0.2, 190.11341075970589
0.1558408570380283, 0.2, 55.64983783952068
0.23180964362859174, 0.2, 271.3721121384619
0.19892023236067188, 0.2, 28.358273775267733
0.07218837986371686, 0.2, 10.301777957797748
0.12592887378620427, 0.2, 68.06977995175656
0.13991699863796458, 0.2, 184.0199918436481
0.14175037542081959, 0.2, 251.8826950034801
0.1494759171841234, 0.2, 13.938309101868676
0.14772427846237435, 0.2, 204.56818494371527
0.10993552979837301, 0.2, 287.9656928615146
0.1937425556863171, 0.2, 19.30792101256587
0.18963899723624028, 0.2, 118.66692567199395
0.13328762705121108, 0.2, 2.0182137901303014
0.14290542939346476, 0.2, 18.273604568217436
0.07933327002256339, 0.2, 16.879559116970487
0.11597586656952477, 0.2, 182.063029264046
0.12355301503130972, 0.2, 7.401416607594473
0.12137033462471308, 0.2, 26.813909066371327
0.16708721679942823, 0.2, 1.4023793272542227
0.16133533733686037, 0.2, 52.68690860930027
0.1191283081028805, 0.2, 14.012991702993524
0.1806328403557003, 0.2, 44.12224326613595
0.12082272728987942, 0.2, 4.621791660165738
0.19628939917311353, 0.2, 74.37390866431413
0.1341255451959209, 0.2, 53.06448255976958
0.15600778031217907, 0.2, 24.294729511505903
0.1902100324801066, 0.2, 49.6540934983578
0.18418007738687925, 0.2, 11.735688316247467
0.13649010724123856, 0.2, 196.6848429031159
0.12196381418455929, 0.2, 2.1042832548056722
0.1937375046928369, 0.2, 33.349731919015085
0.08357037687853931, 0.2, 17.242340814945607
0.15620201058978525, 0.2, 73.60850115476384
0.12378525813228333, 0.2, 233.32681450477224
0.1701563631764417, 0.2, 137.56733936619332
0.1449793501511084, 0.2, 56.030141351484296
0.10283998243873117, 0.2, 263.4001212110859
0.10270077895204356, 0.2, 69.34918838884332
0.10387049235556214, 0.2, 42.73535539566505
0.140372305554196, 0.2, 298.616678097987
0.1312239461383023, 0.2, 37.99924192981158
0.18560652648692832, 0.2, 60.389821597495455
0.17856849776677636, 0.2, 30.326761853411682
0.1504991098844354, 0.2, 38.31252664853101
0.13494707125266742, 0.2, 88.36218650944586
0.16040550335632942, 0.2, 77.7141166465254
0.14930380243054353, 0.2, 138.61487406154222
0.16158573754474634, 0.2, 35.78811239321269
0.1802675562612508, 0.2, 4.513757855393059
0.19419996234701214, 0.2, 55.74374023147901
0.19458819169117747, 0.2, 28.65333560635781
0.11431862316135372, 0.2, 101.92950710851171
0.21571858975603353, 0.2, 145.78695626533536
0.17483650426886158, 0.2, 146.95578560377666
0.10160839679271044, 0.2, 47.74598654924296
0.13286139607720732, 0.2, 199.14108657046248
0.10921461050369564, 0.2, 87.8698937259035
0.1531106349219507, 0.2, 64.64311836150634
0.10780523058423488, 0.2, 1.761841475993951
0.13736413418653337, 0.2, 162.2844986180171
0.1844577992773718, 0.2, 5.038839070580845
0.09109871466305844, 0.2, 20.871592819328054
0.18807605574312186, 0.2, 97.8762834360805
0.26214982794666597, 0.2, 84.68883355152127
0.15882308242818446, 0.2, 63.849502544362764
0.20953888507562343, 0.2, 225.58456851731322
0.14988752243096262, 0.2, 17.567501432413824
0.1725092306302387, 0.2, 16.735176855412202
0.15031608792112253, 0.2, 63.55250160996132
0.11252314638499693, 0.2, 106.63544527932531
0.24074844192392525, 0.2, 183.21930447363889
0.1714821998749349, 0.2, 1.5697383583278912
0.06567553773743416, 0.2, 41.56703285528458
0.14386356463893515, 0.2, 89.70276872773367
0.1146605931373848, 0.2, 18.93056220886632
0.11467220069662457, 0.2, 20.92023878341076
0.1560207839086821, 0.2, 54.54856658433352
0.24109657474021523, 0.2, 257.46833998032616
0.14236814246906687, 0.2, 142.89328753642926
0.14807377462464827, 0.2, 14.059720313591537
0.1547084019021264, 0.2, 130.31919184609944
0.2170519802500149, 0.2, 138.71360222284122
0.09479032790582434, 0.2, 122.1350425595043
0.24396541380701825, 0.2, 208.10067605066354
0.24350608833120121, 0.2, 44.88740754763526
0.10545095558636262, 0.2, 13.585785427624918
0.1540715387827165, 0.2, 31.52209439233678
0.16587516747930747, 0.2, 165.32758496713396
0.18789467828156853, 0.2, 26.84915566223046
0.16340431508926473, 0.2, 108.52768288785988
0.17086205507135305, 0.2, 34.98926267054095
0.06715640049128235, 0.2, 94.78727591168416
0.17274228749232493, 0.2, 54.64460152885697
0.17616675475441726, 0.2, 36.960284775124734
0.12641738152802875, 0.2, 3.757110118121027
0.09239039885299476, 0.2, 133.99791661222733
0.06348818821406431, 0.2, 49.07678353322547
0.10488507899185148, 0.2, 91.6401418612483
0.09604715649369042, 0.2, 4.063021236341444
0.14271407513402753, 0.2, 51.856453374505485
0.11938649258986686, 0.2, 8.844065416506224
0.09469766656432067, 0.2, 112.71647252155591
0.10962160525258244, 0.2, 7.416421861760007
0.21942355273280434, 0.2, 13.391946899762731
0.1675059958567687, 0.2, 1.1958564466707338
0.07675899006501298, 0.2, 116.89583644246613
0.18695413873630223, 0.2, 40.926247957934386
0.09974513874041196, 0.2, 181.07624960448283
0.11958718035164252, 0.2, 53.463581580034415
0.19535780393202584, 0.2, 118.55621622394665
0.15403218230908003, 0.2, 7.6366308758068575
0.09551086777793723, 0.2, 16.8199639493068
0.14576378105189472, 0.2, 36.59805700564941
0.15205029516412522, 0.2, 102.11636754241762
0.12356208986063004, 0.2, 3.944787468754424
0.13343370879019362, 0.2, 54.464685557993946
0.07413495623231349, 0.2, 98.52446825815971
0.12321944825957894, 0.2, 39.631833781881
0.1542455646149112, 0.2, 36.91447349829489
0.20007965920914664, 0.2, 84.59666334424467
0.16611996956313774, 0.2, 30.077858134902527
0.029879704610623753, 0.2, 93.35482211770963
0.15852340112539842, 0.2, 54.669541671851036
0.18930734268358967, 0.2, 61.646764839327574
0.12281729051460474, 0.2, 32.81721974882078
0.14541812480445912, 0.2, 1.3448493120473666
0.08113303637986165, 0.2, 92.38865291869074
0.1833039287105617, 0.2, 69.24368043872069
0.12202658284952186, 0.2, 9.293532686453357
0.17638580622209077, 0.2, 21.555690943545088
0.13509819756154984, 0.2, 148.42661453957712
0.19968863282120244, 0.2, 54.77674121093935
0.1430750360558663, 0.2, 123.66791673239773
0.14253419398592693, 0.2, 130.5480760684798
0.1687096461089144, 0.2, 309.826109367821
0.1627723083057269, 0.2, 230.6351496308316
0.08341297382643174, 0.2, 475.87355653210136
0.19194332071536963, 0.2, 37.72417468233095
0.13810983939340402, 0.2, 44.11188385931407
0.09183952791616454, 0.2, 6.723139573571207
0.17935747723855813, 0.2, 1.0909518624102008
0.0857578978267837, 0.2, 2.093867264969057
0.15506656342805533, 0.2, 108.93865845845946
0.20402795110284716, 0.2, 257.97331369568013
0.10535791264801797, 0.2, 324.0490607299926
0.1723985270735285, 0.2, 10.883078900889458
0.09980974030369945, 0.2, 10.091312802538482
0.1664483013664708, 0.2, 84.62794208935298
0.14679614203635083, 0.2, 60.597600896241765
0.19885578022935502, 0.2, 141.9396859369774
0.09884673171938255, 0.2, 2.453487682338372
0.1466608989563551, 0.2, 22.57433627126168
0.14605145143161458, 0.2, 163.65485363361992
0.24459776786343246, 0.2, 85.46630176301153
0.2568189682864547, 0.2, 41.371488117623414
0.11056132045553446, 0.2, 7.087668079235877
0.1288808555223856, 0.2, 29.113000369756634
0.1539794792898007, 0.2, 31.918835990439472
0.16421551557495173, 0.2, 13.431596068732407
0.1377052061177845, 0.2, 27.683192148545384
0.11837955434697367, 0.2, 30.47058216121485
0.09188851676732077, 0.2, 10.64550819565897
0.10529110649989726, 0.2, 20.109523408009156
0.17028080749176222, 0.2, 77.6237116284149
0.21770817694374367, 0.2, 20.329344259609083
0.13504769360508753, 0.2, 37.276222062710175
0.16312426696178015, 0.2, 72.33231098860709
0.1386301765349009, 0.2, 125.8313400811295
0.08282379837912816, 0.2, 205.7654307593604
0.11632266362312374, 0.2, 41.36851484849452
0.08888624305962409, 0.2, 46.87692064691224
0.19332485964474574, 0.2, 11.250103599389593
0.18119519786584884, 0.2, 314.27013519151257
0.1305412483259214, 0.2, 87.7002810887191
0.1643434601227619, 0.2, 45.5213234220555
0.19791577985649597, 0.2, 0.4019848017130051
0.170924012900636, 0.2, 27.203503546499288
0.1810050264824105, 0.2, 14.153185850211155
0.16887836760117741, 0.2, 11.228750685490711
0.17967753987889867, 0.2, 65.79766593371308
0.09998964885151793, 0.2, 208.6543064587409
0.15319482347064525, 0.2, 4.661726093328012
0.11978090707610067, 0.2, 16.771379108457516
0.16050465125112678, 0.2, 33.32981631731655
0.13176297085734437, 0.2, 11.390110694917826
0.16888850769534236, 0.2, 10.447457944100444
0.20238162648550834, 0.2, 54.95142318139019
0.21000210388883184, 0.2, 85.73983374248866
0.1105216658110775, 0.2, 8.14008826045976
0.14061688717790316, 0.2, 196.77707568603577
0.1960737913128915, 0.2, 134.61376071251453
0.18761426884874596, 0.2, 65.43572753259176
0.20008319481744155, 0.2, 81.10600010669782
0.07736120761374438, 0.2, 29.493661235298063
0.1774384567565684, 0.2, 103.11933490139691
0.16782160102431992, 0.2, 80.40982819765836
0.13719629671891934, 0.2, 16.832248362157706
0.10023415723223887, 0.2, 31.45133979552994
0.11668854278802043, 0.2, 24.30805854638155
0.10891235802287205, 0.2, 61.25432615119573
0.13688559601468103, 0.2, 67.3374863675194
0.08740200168584647, 0.2, 66.25730710345034
0.1470370518867147, 0.2, 74.09604140238318
0.14374445796633656, 0.2, 75.52061319920037
0.17133467782728268, 0.2, 140.86991259297488
0.19738695183696744, 0.2, 54.9336189604726
0.16530768078690797, 0.2, 10.871644038609782
0.13792659618113495, 0.2, 55.253667760483594
0.17241430895785873, 0.2, 66.49165062644911
0.22312800642009945, 0.2, 78.86644704638357
0.1939925893583152, 0.2, 7.349925410342934
0.12052584502201044, 0.2, 90.37800707534976
0.12270457622348493, 0.2, 27.625252513620868
0.1355209581986494, 0.2, 7.049663071435991
0.1333457418766093, 0.2, 270.58066224112093
0.12051716544556476, 0.2, 113.5705060841329
0.10775695909487779, 0.2, 236.49802978760073
0.10840486007620231, 0.2, 20.247753324890905
0.15783674685901536, 0.2, 104.77911060645982
0.17960953375118238, 0.2, 17.069540156273167
0.21418710998234908, 0.2, 45.611039958870585
0.13525731386787035, 0.2, 44.79847284527997
0.13717674510614158, 0.2, 187.14646663982558
0.11483046457859374, 0.2, 8.37029129800684
0.2164702978657385, 0.2, 60.68861483044454
0.1770675556529186, 0.2, 87.91450981452185
0.21338662321299207, 0.2, 90.53810637050339
0.10706697279195863, 0.2, 5.495697722431789
0.14085630685369924, 0.2, 54.966880390591065
0.1721423624116116, 0.2, 9.691445857892477
0.1583742259631467, 0.2, 9.57769082415119
0.1476297205905633, 0.2, 57.84491176987367
0.11294006683397159, 0.2, 33.24469612570497
0.12793540768207579, 0.2, 44.73474000550681
0.12242934939801806, 0.2, 65.64981267165506
0.1423617818141202, 0.2, 27.681561706642356
0.22889203766433638, 0.2, 64.86873540946816
0.18241728323035242, 0.2, 177.8302990556179
0.17015987760908025, 0.2, 109.6043830017931
0.16636485649327376, 0.2, 41.7665443913802
0.16554243438877816, 0.2, 92.66723763784537
0.13250572313294767, 0.2, 145.27338753350543
0.23574109930797288, 0.2, 101.65651592726644
0.16537458829306287, 0.2, 15.154355921188042
0.10208960438316361, 0.2, 85.07785800217054
0.20648816249447605, 0.2, 254.4723182197346
0.2051186196966614, 0.2, 52.52010688677511
0.18196447406281666, 0.2, 34.02609341048582
0.1114156022774102, 0.2, 34.00762125657433
0.20275261001365924, 0.2, 79.56432619531037
0.12295182638192606, 0.2, 2.797009212975683
0.11653450603240167, 0.2, 27.371275463135014
0.15902591961017176, 0.2, 6.590280520609066
0.23866975245844227, 0.2, 185.31037915210132
0.1566495020690377, 0.2, 14.294339622367639
0.2589680731513998, 0.2, 273.36384621723454
0.15621133419451352, 0.2, 117.75744592704312
0.1510595011304312, 0.2, 167.03846778056908
0.17675291771720458, 0.2, 178.56125327928467
0.1899259827885879, 0.2, 296.69948239420256
0.13762577683757615, 0.2, 154.0928836637298
0.1818813282383487, 0.2, 20.287836135650277
0.16914837450619563, 0.2, 197.65734586907217
0.13962773466705058, 0.2, 6.968707522205236
0.17167993284988983, 0.2, 165.94853595413528
0.222324758836499, 0.2, 2.3498028559786177
0.16736220266389096, 0.2, 68.65375688572377
0.1614486300177247, 0.2, 50.20097073239489
0.1533228381098169, 0.2, 338.2243977654753
0.200082771486099, 0.2, 194.3855084388388
0.1491185007808586, 0.2, 33.82481981849269
0.1813109230459592, 0.2, 11.436458571581849
0.17362478522452718, 0.2, 10.014448128374665
0.1483406455199437, 0.2, 5.573165539233861
0.19544083699805664, 0.2, 52.921913105531665
0.08551033452436353, 0.2, 105.779035614949
0.12765010036108232, 0.2, 90.73588811639898
0.11309529466112081, 0.2, 44.98068014679778
0.12839766146986528, 0.2, 44.3595017156043
0.1713716973067369, 0.2, 43.3571157921683
0.14849380767081083, 0.2, 24.585835942604234
0.14690187047015366, 0.2, 93.04387324760427
0.15937741669303096, 0.2, 52.79097584613074
0.15933286144577363, 0.2, 70.93043068967968
0.19670933642030053, 0.2, 48.7464114445256
0.10863118808324293, 0.2, 4.077306099795748
0.06183236944263665, 0.2, 360.98178356176146
0.2202095348342478, 0.2, 141.26488502354678
0.18418538616339733, 0.2, 43.3007337160278
0.11341071014160559, 0.2, 17.009414844705024
0.222327252743254, 0.2, 28.943188136949374
0.1651241813314397, 0.2, 119.80840065249028
0.14147251796732024, 0.2, 13.590821469591326
0.21759097107430098, 0.2, 268.0488294710132
0.14294936092169055, 0.2, 28.24126317879416
0.09446474760883335, 0.2, 15.944499693071489
0.1746127983108848, 0.2, 7.340832621344842
0.2184924057012429, 0.2, 111.32703192119513
0.19343266168898063, 0.2, 8.661856208270274
0.15750393157982656, 0.2, 74.52945105706907
0.19172318287448242, 0.2, 40.658532794615546
0.15060692297606842, 0.2, 7.505699610572895
0.15306572334154403, 0.2, 22.331072685310545
0.17975840587791553, 0.2, 18.930210809450813
0.17347121292453407, 0.2, 18.619183701060262
0.11041192639002345, 0.2, 88.15176432872843
0.11065993572718014, 0.2, 17.091904280080634
0.1959138118476414, 0.2, 3.427731398292423
0.22023573045063677, 0.2, 145.00821827557883
0.1393997397702188, 0.2, 47.15500232115895
0.15561443869477298, 0.2, 43.139835313290256
0.19656692041184187, 0.2, 25.316654947127333
0.10206305150129574, 0.2, 105.45830637499832
0.18977240773276005, 0.2, 13.723105414795702
0.16714007957696042, 0.2, 187.88198148352657
0.20678708965914644, 0.2, 112.20999797952298
0.2026468712774351, 0.2, 204.41950848122227
0.10058547804639544, 0.2, 7.997083423395074
0.17224386498541733, 0.2, 46.995360993598815
0.1432222180056596, 0.2, 57.95112792962602
0.13084282523119536, 0.2, 29.986217849798024
0.17826036888143593, 0.2, 85.89266110916962
0.1933089433866178, 0.2, 304.20535997187784
0.08131777569917713, 0.2, 136.34619636120505
0.14941819473900297, 0.2, 20.649823933323717
0.08116130738692097, 0.2, 39.934952623659925
0.15861527803553094, 0.2, 136.32849458287893
0.1349670277080194, 0.2, 12.804204612579223
0.24157983370683367, 0.2, 131.1139055222851
0.15537485888186736, 0.2, 9.078778184582092
0.1932053898368556, 0.2, 131.12401907933136
0.12797042799826785, 0.2, 45.197016653196485
0.1178332166330262, 0.2, 65.60497544616743
0.2715869194312832, 0.2, 6.3022675037971645
0.07441405533744928, 0.2, 39.2591143060513
0.21424114860090931, 0.2, 78.41727912949416
0.14393807287218374, 0.2, 14.411476220288044
0.12337036812736421, 0.2, 370.88516066264026
0.15836841288485676, 0.2, 3.76803779945357
0.17604294482550525, 0.2, 63.14980437831678
0.1425710894451622, 0.2, 35.926574512233444
0.15996282981270474, 0.2, 138.70606217762716
0.18023229703008345, 0.2, 67.49102678853411
0.10419179448905566, 0.2, 1.3641841503068146
0.11505249825163014, 0.2, 180.55170653984746
0.19177234847140098, 0.2, 81.28409821361063
0.09075308921634542, 0.2, 59.563534027456576
0.18560010227947385, 0.2, 88.8540880153842
0.25208944781150777, 0.2, 3.0967874095555024
0.14744287343578472, 0.2, 78.64838286418207
0.1305858566161088, 0.2, 41.01447997888086
0.20910850030165665, 0.2, 39.704101766345275
0.0829398778560793, 0.2, 119.56440047593739
0.24375432787401335, 0.2, 145.12228465325185
0.09556140837097567, 0.2, 9.47114716602912
0.1774403012501368, 0.2, 261.9120197741984
0.13749744569157168, 0.2, 38.72535456408019
0.20245848073592865, 0.2, 63.5672273083417
0.18417387041333644, 0.2, 60.68474455342959
0.19029287859354596, 0.2, 6.087829171373856
0.14192456274267634, 0.2, 10.870827202560708
0.1726331014077921, 0.2, 89.11773937192059
0.13466514557732726, 0.2, 3.9526720513260702
0.12993780438422134, 0.2, 177.0720502442342
0.10615287113682009, 0.2, 40.05333671919574
0.19107859315095732, 0.2, 231.64195107955834
0.14467012347282981, 0.2, 89.38875357982359
0.13454642393529254, 0.2, 79.48962589587245
0.12607685945866368, 0.2, 147.47995043882077
0.1347874751198639, 0.2, 77.69212685669838
0.14773041961212613, 0.2, 19.746224164588952
0.0994450466666323, 0.2, 13.878596853738808
0.197232241536424, 0.2, 22.46436153936083
0.09460308949272533, 0.2, 79.85277434355123
0.07506225419608388, 0.2, 129.4927330402328
0.08486192485874411, 0.2, 25.44372928397757
0.18042163241625933, 0.2, 14.047654522002945
0.1765952713027852, 0.2, 236.23356619739678
0.1721789097776937, 0.2, 18.464531764768868
0.13570895265232444, 0.2, 5.145168349094126
0.11676937514356793, 0.2, 151.26035758050324
0.17692012529807283, 0.2, 144.68024060645254
0.08786794810647801, 0.2, 16.228510575730475
0.16564287092290741, 0.2, 25.25794692988098
0.12154334845390548, 0.2, 16.51220682564832
0.07758443621581293, 0.2, 122.79775107327511
0.10470109259849872, 0.2, 97.5672605618881
0.17208549038972668, 0.2, 145.62381407546803
0.15235386557164096, 0.2, 76.53748865933896
0.1871094977818532, 0.2, 383.46826632234126
0.12542884184384712, 0.2, 303.6173650482894
0.14717637977129003, 0.2, 86.91453509588275
0.10661214573599301, 0.2, 84.53416438563788
0.1485736753534527, 0.2, 12.764310364687203
0.1241615701817961, 0.2, 51.04226181372036
0.1673605639918562, 0.2, 87.85616713246411
0.14489140581921126, 0.2, 8.57349932232055
0.1427684464402649, 0.2, 18.458188935165452
0.13534662129139508, 0.2, 137.85981502531172
0.1925787174538367, 0.2, 34.276232174040274
0.10661903442740807, 0.2, 30.421763642150204
0.1399935761240641, 0.2, 12.301490586873868
0.12734299182803635, 0.2, 53.90697615876225
0.1059482963010619, 0.2, 64.41725852397342
0.11495143361424645, 0.2, 71.98457808518577
0.16375699060624233, 0.2, 287.2707863067727
0.15672946436822627, 0.2, 35.29888079788058
0.10064951712897821, 0.2, 9.048680510929527
0.18810594103837985, 0.2, 25.347170391535446
0.1261223404189329, 0.2, 73.28920287500111
0.12758758676518545, 0.2, 4.577845759233993
0.2341782859917429, 0.2, 7.10577223943297
0.1497155315812852, 0.2, 16.59595950435066
0.12488019306692305, 0.2, 25.59609563589563
0.08836752427858476, 0.2, 88.49820295916645
0.12430044018925088, 0.2, 87.23102831126016
0.07111236430667146, 0.2, 122.77541810143289
0.1292413849365754, 0.2, 64.0950899095599
0.08371608344269224, 0.2, 53.791953095748866
0.2222174700071999, 0.2, 41.17252487254317
0.1368113374119919, 0.2, 28.1162550326821
0.11233945947077381, 0.2, 17.16344659640518
0.17553382466849254, 0.2, 115.36248764706986
0.22473941708147738, 0.2, 344.8678273258481
0.16251052528224613, 0.2, 126.63564841273829
0.16708214476199973, 0.2, 112.50222332972105
0.14330452634656868, 0.2, 92.25561411123773
0.18522498676495208, 0.2, 35.261449855366735
0.03170794412721463, 0.2, 0.1490851498470522
0.09898940712906407, 0.2, 374.71433659526855
0.10445175923296518, 0.2, 140.36923090582175
0.09165432572614897, 0.2, 23.874176841362047
0.1583082069363969, 0.2, 9.596246801079419
0.1932367922147952, 0.2, 52.105865608842144
0.20122130872824628, 0.2, 97.35043022658601
0.199052269039111, 0.2, 57.30847153616934
0.14805648601677238, 0.2, 81.32113189682018
0.1345267874129521, 0.2, 33.14378716725002
0.19220435089213175, 0.2, 12.698057360621817
0.14013790424217015, 0.2, 6.570956921288644
0.14986762270225681, 0.2, 26.561825013333195
0.1640423959043735, 0.2, 26.06473152093639
0.10503829606806253, 0.2, 41.32291456443276
0.08302962370265568, 0.2, 6.327800703849837
0.16858569104282517, 0.2, 402.5276377414156
0.20260912981636314, 0.2, 78.28651153627396
0.14811293096078532, 0.2, 49.473448829118276
0.0944917456114927, 0.2, 37.13308758944747
0.12950898286070897, 0.2, 17.613591157369413
0.17186404104829828, 0.2, 23.082152738010194
0.11810651878786171, 0.2, 7.527560014827217
0.15419484639003622, 0.2, 38.505657622301
0.09980593476188332, 0.2, 5.764366356047746
0.10312275901746684, 0.2, 197.55121255441998
0.19613262506235776, 0.2, 145.13269055212442
0.1774644222716461, 0.2, 1.6216613259051762
0.11790432764972739, 0.2, 86.10022083743704
0.10312212200456214, 0.2, 161.8506430205931
0.1550402747358815, 0.2, 343.3193021175151
0.1774641465812964, 0.2, 216.96432735790336
0.1816255232583267, 0.2, 234.10273657905367
0.17582782724398588, 0.2, 12.431579889291495
0.1030586685495252, 0.2, 16.29108371955494
0.08346559516629255, 0.2, 117.66497657887022
0.2031298000949469, 0.2, 48.586548680041254
0.07500110566988234, 0.2, 45.63303569548527
0.1439640576914979, 0.2, 3.715716562066229
0.1410642875764059, 0.2, 63.16097692553017
0.18685960153166595, 0.2, 0.002808500850417539
0.155736386699282, 0.2, 23.207918772739365
0.1831599795162796, 0.2, 284.2234848739209
0.1354115684775148, 0.2, 81.4183454429408
0.10712845157244691, 0.2, 3.9707500533948523
0.16698322366602017, 0.2, 1226.4062372158567
0.13363785919000049, 0.2, 37.44777692480812
0.1620943314201482, 0.2, 21.709907621669487
0.058639561613049104, 0.2, 11.855864947098846
0.1702822258490036, 0.2, 101.09749272366484
0.14980342013324405, 0.2, 74.2219220608016
0.18739714108348743, 0.2, 58.62421834787377
0.210971049509532, 0.2, 6.868639265498491
0.08411874221132964, 0.2, 43.322669471449956
0.1418119543876175, 0.2, 45.919125943104795
0.1169042198755402, 0.2, 16.269668071200503
0.26478217526319264, 0.2, 63.81827122817335
0.12203821140334274, 0.2, 9.23611555696048
0.1472737858356423, 0.2, 138.6512866702167
0.15262993508920497, 0.2, 5.032458056859957
0.19991284436617685, 0.2, 152.25362136035423
0.16012512484359778, 0.2, 319.39612319996917
0.13437561138413265, 0.2, 25.738347983549318
0.13141894578981933, 0.2, 31.33641500987116
0.09967295478066068, 0.2, 299.81634205313713
0.15091969554809298, 0.2, 26.101670777125953
0.14845477124811635, 0.2, 66.48115318664266
0.15320677769869134, 0.2, 0.21553957918878852
0.06374322438067431, 0.2, 60.81108454778924
0.1983725779264375, 0.2, 67.87669737998534
0.18575298949294688, 0.2, 174.73351464481107
0.2164230558001426, 0.2, 60.54372823668408
0.1730178206983689, 0.2, 73.38848104509913
0.17252037188809174, 0.2, 14.368675189950208
0.18227703121734454, 0.2, 6.675470671202575
0.13711771867789438, 0.2, 38.08468951842363
0.09311588301736826, 0.2, 58.487202391377714
0.21544576383249586, 0.2, 38.06970870339923
0.16181325891377468, 0.2, 80.13149700149778
0.17286833972178306, 0.2, 66.8928856098909
0.1425061600991819, 0.2, 24.698697360836487
0.0911637211983366, 0.2, 19.380815919926654
0.1379010030217239, 0.2, 41.30735231290273
0.1888611901918978, 0.2, 36.096116075519475
0.14508095729478682, 0.2, 99.05546748190987
0.15654712745147586, 0.2, 24.922803609757615
0.19900891814473082, 0.2, 11.337128064654713
0.21138628039561064, 0.2, 35.61181596207203
0.16504820085448013, 0.2, 5.955604524792928
0.17950190161024768, 0.2, 105.2399748706856
0.1355263733166032, 0.2, 49.26215114456698
0.14673878275195149, 0.2, 41.703639308352756
0.16864618537417564, 0.2, 9.793439567740725
0.14187668875256612, 0.2, 84.96917806664474
0.16095109061448162, 0.2, 8.945933912231832
0.17188774484703534, 0.2, 8.729036722946843
0.12422190491438395, 0.2, 17.379022169575116
0.13885944925883653, 0.2, 197.28071766764873
0.1415735132378808, 0.2, 18.947665094490212
0.10217275927245745, 0.2, 130.4792653065069
0.08722759005770186, 0.2, 33.895452446832245
0.14809535552968897, 0.2, 103.88521596766846
0.18427968435870523, 0.2, 76.76872525931519
0.10977843239975443, 0.2, 16.81612517607593
0.017782640700568952, 0.2, 59.93904567036091
0.15149742041635408, 0.2, 39.64734228860306
0.14792239870567014, 0.2, 218.62226812018662
0.16338055249100503, 0.2, 136.1339389534967
0.16685494536193013, 0.2, 67.35267483910842
0.2075067798867621, 0.2, 39.084686218640506
0.15295169968700723, 0.2, 46.941410283047524
0.14286897405065285, 0.2, 19.060177890315096
0.19180399406805343, 0.2, 49.328260064009235
0.2272114360649068, 0.2, 34.989559703192164
0.1413355234658751, 0.2, 115.12180883620067
0.11622694158822809, 0.2, 168.81666022451273
0.1543949499701049, 0.2, 148.91514439085998
0.17526793091975879, 0.2, 54.879835989334644
0.10444602328972175, 0.2, 4.164561828065389
0.1551826800374588, 0.2, 31.86987019992638
0.12596287976401535, 0.2, 73.14102690689565
0.1695999453218431, 0.2, 5.230240084352835
0.20841216545672644, 0.2, 9.861376590041017
0.18976774174159816, 0.2, 19.52212260537012
0.18453736980706176, 0.2, 65.80894670038454
0.15841288789448743, 0.2, 0.08998487913784547
0.2153183663228202, 0.2, 55.98397429426045
0.13257437073678638, 0.2, 29.195385475812728
0.09063896929678944, 0.2, 105.15463781703275
0.16076112531403267, 0.2, 240.28959872362628
0.17683148394834067, 0.2, 86.75229591350057
0.15750743299243855, 0.2, 60.21100582835691
0.10481880449243494, 0.2, 83.18705850883926
0.20033843299791268, 0.2, 30.97351993590656
0.15556060584561462, 0.2, 8.833270906461953
0.13957505677210574, 0.2, 249.86914896197948
0.15532840555594754, 0.2, 20.310748338374008
0.19810151311852056, 0.2, 83.61809489276284
0.13745228517042973, 0.2, 59.80497588507475
0.11963352970829602, 0.2, 14.70817226880467
0.13972455361359307, 0.2, 58.64814176251726
0.14048516322508442, 0.2, 264.88167702553176
0.1705658401209751, 0.2, 71.66714369570917
0.1412861250229277, 0.2, 251.31350622371272
0.09211253501612712, 0.2, 18.84799154763734
0.09165214422514825, 0.2, 9.609882818880774
0.12423208392345815, 0.2, 209.17079144178203
0.12650015132226067, 0.2, 28.428184790707842
0.15438445995160827, 0.2, 41.321801021675554
0.20946813609107867, 0.2, 10.771451456570272
0.1446235191249741, 0.2, 48.99529599459932
0.16960544009444986, 0.2, 143.84084112000872
0.18397767535127352, 0.2, 155.66383747147717
0.15170845961517612, 0.2, 78.5171484658508
0.17496225944628335, 0.2, 3.0319126601037425
0.18203010633787775, 0.2, 168.45135663522157
0.17455285478804924, 0.2, 18.409970701067927
0.1873954524836336, 0.2, 153.04210321768127
0.13880697192675331, 0.2, 10.422910748850718
0.18137279591019684, 0.2, 38.14814741238228
0.21076934680009696, 0.2, 82.79651983878914
0.17897736328920438, 0.2, 190.44823987588666
0.19336226467071954, 0.2, 124.06365870854873
0.13110351556881975, 0.2, 46.857642434751824
0.17987459721171126, 0.2, 168.56860758779808
0.16356453721023595, 0.2, 17.111618469401897
0.1292691540656545, 0.2, 38.313086484228755
0.144804548365003, 0.2, 146.92698850081678
0.1883489009304449, 0.2, 21.390120674501247
0.15123861547318096, 0.2, 31.365487064488427
0.08568572477170078, 0.2, 71.52737311979459
0.09262853253476272, 0.2, 129.30187552437178
0.09280596611594752, 0.2, 47.65976246368192
0.19561620243921035, 0.2, 66.97497750021192
0.13190746795591657, 0.2, 123.00937032238949
0.18175874594834524, 0.2, 23.224162183000832
0.05261405830361461, 0.2, 58.97272623089429
0.1721114792800195, 0.2, 2.0399589318568823
0.11956957867577159, 0.2, 13.588406300954414
0.18224808613412932, 0.2, 3.5548554749691825
0.11294389167971777, 0.2, 3.0955250970473314
0.13412673973817554, 0.2, 8.918944830573048
0.14269972116049248, 0.2, 79.29314863730374
0.17003117194805878, 0.2, 37.4318810282769
0.06457821394853766, 0.2, 80.96268004633475
0.09945629311529064, 0.2, 416.54392410512907
0.11143876202213418, 0.2, 34.658205614500005
0.11993110802477026, 0.2, 64.01236372579092
0.15815869679488417, 0.2, 29.2790164468571
0.2456341843224783, 0.2, 48.010390235469096
0.12897143014279308, 0.2, 15.78214933878963
0.16648624477871388, 0.2, 363.33479775245786
0.14856625112542748, 0.2, 40.13962751509347
0.14134348352112217, 0.2, 18.832683201750616
0.18790363909639984, 0.2, 33.25422929894286
0.18397123907803759, 0.2, 17.260180745615003
0.14102607068562395, 0.2, 195.18068197933883
0.2068410310873278, 0.2, 52.655856161719456
0.16151414564556615, 0.2, 144.3730725699645
0.13490711443604145, 0.2, 8.41519721013047
0.28390345455207766, 0.2, 31.516451070310232
0.11835746761250887, 0.2, 43.438447243166465
0.2165025706214347, 0.2, 23.00330954622539
0.14215264163284463, 0.2, 1.337503245081556
0.09306113705365883, 0.2, 367.96951964331464
0.15321677192422306, 0.2, 1.4317532870738825
0.15758825459798056, 0.2, 36.99036117220091
0.10227647885473531, 0.2, 7.898988370090101
0.13774037822993537, 0.2, 92.8697774875059
0.16293640982063895, 0.2, 31.8884671313084
0.16891405892440242, 0.2, 2.954170984456791
0.15949936395252073, 0.2, 18.41162982074362
0.08438516706814253, 0.2, 26.188269359187665
0.1784614412479134, 0.2, 269.55508543490595
0.10956898952651517, 0.2, 2.593939006759255
0.13771247102348214, 0.2, 23.821418167796235
0.1729382418371906, 0.2, 3.317763557204445
0.13096262403911396, 0.2, 82.17217120391092
0.18287317898138508, 0.2, 28.03235131376282
0.12506522233104966, 0.2, 331.87264747653535
0.09500655161868793, 0.2, 62.72868708919379
0.131961376214405, 0.2, 61.084061220581745
0.08629565218688186, 0.2, 11.224494588569561
0.17711059391528583, 0.2, 200.6014579003946
0.14586797813643038, 0.2, 37.85066760108211
0.11763934520924857, 0.2, 66.98654924814268
0.11099552190726472, 0.2, 176.70322365584798
0.18793318938631184, 0.2, 5.258937483068454
0.1490133137823629, 0.2, 159.33737881469523
0.1809800294492118, 0.2, 207.97498659884988
0.12765916529930343, 0.2, 239.77898312819534
0.16749911851348948, 0.2, 11.939640162875817
0.06596246808781371, 0.2, 38.95558835174609
0.1221543301087415, 0.2, 92.9540121223985
0.13470795508207586, 0.2, 165.1960063004829
0.1678382296201152, 0.2, 79.21970726271056
0.19927229288131235, 0.2, 17.157707946180476
0.15375292414462918, 0.2, 3.9086107390975955
0.1398626605928323, 0.2, 142.59062931650763
0.23262738130706528, 0.2, 157.11406998845501
0.09139990172293783, 0.2, 17.791112362083254
0.19278063534802523, 0.2, 2.9660633887839505
0.21038439412072538, 0.2, 92.955145186895
0.08785081084494098, 0.2, 25.029763807024448
0.15931781229510372, 0.2, 95.68305336831176
0.08293783090600898, 0.2, 18.904563860179817
0.1302671705437173, 0.2, 30.5927627534592
0.0954346180826369, 0.2, 40.00595521221935
0.11100103299416356, 0.2, 334.4871769430354
0.1706134515879263, 0.2, 297.9017794303177
0.1056373600357863, 0.2, 134.36688694361774
0.1691171340874796, 0.2, 99.17696886556267
0.23474897655516003, 0.2, 90.36939719955556
0.19342506910432866, 0.2, 36.76893417978044
0.14353689146211698, 0.2, 54.288719198856526
0.13611589652140568, 0.2, 7.162885593689805
0.22431526240569544, 0.2, 68.97020935407159
0.17720345629009993, 0.2, 2.90919350860609
0.19730960468454273, 0.2, 43.1879374865985
0.14933664374400837, 0.2, 332.61698538212147
0.24551872515684908, 0.2, 168.49419499221924
0.14503143088420015, 0.2, 35.9626203320501
0.14277012288616292, 0.2, 40.56086889521762
0.1543268841623306, 0.2, 21.827412695453095
0.08796176732714377, 0.2, 103.44658475047127
0.04126956781210034, 0.2, 0.035562908725828714
0.148326134102256, 0.2, 68.96495502643089
0.14488264564213255, 0.2, 13.243991651145553
0.17112157847597678, 0.2, 57.45089379043441
0.10500018278999443, 0.2, 8.38397708352586
0.18600471637104532, 0.2, 16.151376818119527
0.17390909228884951, 0.2, 15.879972404696561
0.22147226351674273, 0.2, 95.7921782203846
0.12473474487840806, 0.2, 29.7297529948658
0.15228442856358254, 0.2, 82.00659614402176
0.11217296567722655, 0.2, 54.61410591518902
0.17644099302671196, 0.2, 23.29903679612809
0.1820625407403702, 0.2, 86.72942649560939
0.17841107478764878, 0.2, 60.88007485081889
0.08458610364255961, 0.2, 60.52971541535206
0.18946560215285663, 0.2, 19.828641949950235
0.11182340072256523, 0.2, 206.0100115316143
0.11973961355422723, 0.2, 23.42145557060715
0.11387192685543206, 0.2, 2.8032110887156265
0.06917100900588578, 0.2, 53.98812968763501
0.22846706564144661, 0.2, 28.00944966860666
0.18897654413417675, 0.2, 4.35724975897329
0.1303943670773511, 0.2, 115.68428738700301
0.2009808860262661, 0.2, 31.970646464486897
0.12841807596692745, 0.2, 82.36467966687749
0.0904225843723695, 0.2, 118.75544831041019
0.16367654618345626, 0.2, 21.712420178574625
0.13009226647784466, 0.2, 114.68238351245344
0.13734384985242218, 0.2, 6.2066180046194726
0.08578687757035476, 0.2, 91.62907341277877
0.09932760446704546, 0.2, 202.34292515805433
0.17867471580395994, 0.2, 10.791538432383785
0.14734017439443992, 0.2, 698.8067664476148
0.151040507625439, 0.2, 52.83981060117481
0.15109574948665566, 0.2, 35.93829955100742
0.1320071353154214, 0.2, 191.39702816423505
0.16727520183227423, 0.2, 23.527809913614494
0.12127301840225656, 0.2, 44.410529670358706
0.1750970755797474, 0.2, 9.672278594884661
0.1932607878344462, 0.2, 94.1224993610583
0.12370167369383625, 0.2, 26.5246432644389
0.14980119211137025, 0.2, 14.945648683419313
0.133907668722397, 0.2, 25.76571389261746
0.21373221661198633, 0.2, 11.09304734315452
0.13074923344445932, 0.2, 8.203487015173195
0.1332609044669938, 0.2, 19.458680929560646
0.2338544910034161, 0.2, 127.32196464890475
0.19714502091841934, 0.2, 198.2759022642217
0.1369761890979938, 0.2, 130.07158996485705
0.10325153104196488, 0.2, 32.99102323416983
0.12635090659274345, 0.2, 7.881765540419907
0.12571317504505097, 0.2, 14.29209583802742
0.1456169139561849, 0.2, 68.44178968095173
0.12957508081014615, 0.2, 34.60126575441013
0.2215599735062017, 0.2, 91.69264442163691
0.09985364902132518, 0.2, 67.69177804441583
0.10006350036048742, 0.2, 51.42906887793534
0.09224399619552583, 0.2, 11.081177036375642
0.12355999455566867, 0.2, 82.23529313209093
0.088457468632927, 0.2, 18.280138733356964
0.14494836190980148, 0.2, 13.55140896713481
0.12151902173343374, 0.2, 14.553491672834465
0.13397105140375817, 0.2, 140.87741630179465
0.10532341036203517, 0.2, 48.167445750125765
0.1491298787682034, 0.2, 89.79819607078328
0.1700639809568087, 0.2, 37.62594440594361
0.08294895389903383, 0.2, 89.84538356906606
0.10248455683438845, 0.2, 64.6418236446879
0.13382731949583615, 0.2, 25.557328224729613
0.21866318615368724, 0.2, 51.975131017778715
0.12665041454640333, 0.2, 9.490400434053846
0.1185645911282318, 0.2, 17.587946483044853
0.13692540618651383, 0.2, 80.44176698560733
0.18423702953302068, 0.2, 19.13349596199509
0.16157148148916384, 0.2, 103.21275544888927
0.08169082892042906, 0.2, 2.6319762980213754
0.13097347809936474, 0.2, 303.6339145034933
0.1690723879418285, 0.2, 27.32695181542679
0.16935301114814913, 0.2, 17.12350262970694
0.16586896886557348, 0.2, 4.806124033812824
0.14257036936190084, 0.2, 156.62663557698505
0.1014432249040623, 0.2, 23.839432424100746
0.12763018316572397, 0.2, 57.91249378161996
0.13968597896888413, 0.2, 37.448489797837425
0.20826729051851586, 0.2, 10.013056445672468
0.08473392305557682, 0.2, 125.89438715907177
0.09624457194876637, 0.2, 5.382141724576785
0.07852212429575346, 0.2, 166.68434638729144
0.12745830658996, 0.2, 65.27895219564232
0.14122892414033836, 0.2, 15.739770589403152
0.07941505835723395, 0.2, 136.5023660838421
0.19021752430730512, 0.2, 68.40941529866143
0.15834891567007253, 0.2, 5.084992694774649
0.13988288973585306, 0.2, 49.365417099683874
0.19002797103929137, 0.2, 142.19920178080727
0.07529185951430396, 0.2, 15.705612021517327
0.1374993644324976, 0.2, 27.624747169948076
0.1305037887607678, 0.2, 77.4166437365398
0.1927619102121107, 0.2, 53.53948524320327
0.09196487006961104, 0.2, 212.261683079674
0.051345405859613294, 0.2, 53.20335213498886
0.1398397937351472, 0.2, 188.1279139810673
0.15052475381536143, 0.2, 6.576762203140635
0.16280361249230024, 0.2, 53.60447710886827
0.1874495878377854, 0.2, 14.177609096856216
0.27400843758251253, 0.2, 32.537445074799116
0.11394510048597023, 0.2, 33.50796444206987
0.18158248806139837, 0.2, 3.8231699976575415
0.11677502974912418, 0.2, 72.46992216110347
0.1647812760727482, 0.2, 48.8843440111179
0.14167080882325628, 0.2, 13.402783605456507
0.17219153958090896, 0.2, 27.1086072424334
0.11367710274622109, 0.2, 79.88976527321265
0.13992792177415728, 0.2, 207.2831468102731
0.12890345099294995, 0.2, 193.48925771251615
0.10403820264682208, 0.2, 20.10479419212708
0.12063532416910748, 0.2, 224.05599530724314
0.13924668978165453, 0.2, 19.28119611887082
0.1670471565314261, 0.2, 53.88619105890772
0.16771540588725717, 0.2, 40.45744102415176
0.24153812569482425, 0.2, 44.05943776359927
0.15600901732335598, 0.2, 23.97592074621924
0.1847031610452681, 0.2, 12.132099350133922
0.13880247935098344, 0.2, 20.314413224494764
0.20541513956936466, 0.2, 102.41570762662953
0.1812606197573758, 0.2, 2.1600295059461487
0.12267020209338704, 0.2, 30.291851489304637
0.11644891849000494, 0.2, 578.5654779180878
0.21751706842158036, 0.2, 86.6570020184593
0.1821171948644967, 0.2, 136.21402157268548
0.14396200963345795, 0.2, 48.86342378437841
0.07621496828541059, 0.2, 14.289993533240567
0.0991856376258595, 0.2, 61.10839286658242
0.1196735448813742, 0.2, 5.031582746900001
0.07325470130960506, 0.2, 177.594985226271
0.1763992912935425, 0.2, 145.19466590042074
0.13100603002424566, 0.2, 84.2575562662658
0.1706597332428041, 0.2, 174.717541299332
0.17846385052346825, 0.2, 90.24638442016541
0.148861989992434, 0.2, 27.544123817650128
0.09675020615953217, 0.2, 16.91305015049852
0.11861161528103306, 0.2, 155.22558555636854
0.15879452689947463, 0.2, 192.0178568940758
0.17419800028337976, 0.2, 226.434638731199
0.13384700699990615, 0.2, 1.4621069752620683
0.09677404503201598, 0.2, 2.4593803670443983
0.10871586989471943, 0.2, 11.392983178393438
0.20601402435846947, 0.2, 169.8441980301259
0.09836472899286819, 0.2, 10.716569726631825
0.1702492069459245, 0.2, 65.47935368358068
0.16948764767015456, 0.2, 7.914236370512031
0.09809680814789237, 0.2, 165.29617824267856
0.21906449149353252, 0.2, 155.34809461215897
0.1316976839073097, 0.2, 93.09217784518123
0.11802016582343058, 0.2, 18.767807162578222
0.20164919159846997, 0.2, 39.832434397249735
0.15858049078949565, 0.2, 15.467685553066534
0.1433052320829468, 0.2, 20.698467297935622
0.11501327500316287, 0.2, 25.97291516540925
0.11454448620498525, 0.2, 152.44007515322838
0.0902062113237739, 0.2, 18.058399259707837
0.10260176461170946, 0.2, 110.36272144073553
0.11406229028479621, 0.2, 133.46284683168443
0.2057926366409409, 0.2, 30.83157973378439
0.17014234092097774, 0.2, 1.3746607203585508
0.1993083808816149, 0.2, 63.168082704525204
0.1407106105222652, 0.2, 160.2807742362919
0.10199760300482894, 0.2, 22.28371838711058
0.2340913819227168, 0.2, 15.192459932743786
0.16289921072560182, 0.2, 100.66313132453541
0.1203200916974046, 0.2, 385.89849484012456
0.1676377451149351, 0.2, 37.82886181538675
0.10669644983167395, 0.2, 2.5042358226462533
0.1425791521389928, 0.2, 27.715403988312413
0.20491897208540488, 0.2, 184.10122031535272
0.11057738543281376, 0.2, 38.760565358721855
0.23133978181130094, 0.2, 113.92105498252792
0.2673912935654949, 0.2, 19.40386372371694
0.16482086503673404, 0.2, 207.5850313595589
0.07610228866828059, 0.2, 53.41652643935369
0.17337438569947455, 0.2, 0.3766976403536722
0.13386743360939096, 0.2, 20.436965463831655
0.1659418911608375, 0.2, 60.16280814251781
0.14873397361154525, 0.2, 23.357357670251996
0.14857276841537267, 0.2, 32.63324716926219
0.09419321730523361, 0.2, 20.303567668381973
0.1241446040808956, 0.2, 14.419114563325326
0.13477311479245635, 0.2, 96.24874097590259
0.13980226861912576, 0.2, 55.87119093214088
0.15386811255316746, 0.2, 119.84643741439541
0.14116018622125712, 0.2, 227.8469252709742
0.1659473180695518, 0.2, 25.469735616490834
0.13019148179870452, 0.2, 128.71777604719907
0.18973361487206974, 0.2, 34.26378072961182
0.10845807192689347, 0.2, 70.93151789495903
0.11796103056885554, 0.2, 32.04693696276905
0.13757536773003418, 0.2, 252.6141039713556
0.13875723946133428, 0.2, 160.99479597322548
0.1459687457892275, 0.2, 63.36725332769728
0.21427692198403847, 0.2, 12.999601701030652
0.17591146748021758, 0.2, 1.6318242929479725
0.1262083924494217, 0.2, 51.8507722326011
0.10120217928073058, 0.2, 8.708844161878444
0.1984082715842061, 0.2, 162.57078850501935
0.15725408833044233, 0.2, 24.445212406789516
0.1338711270039102, 0.2, 70.55998125000811
0.15810167546026876, 0.2, 14.526618340787373
0.15034784750242342, 0.2, 53.4677635920929
0.1346828749562608, 0.2, 23.322526645778915
0.11006792544503417, 0.2, 41.38160868606068
0.13524098042436977, 0.2, 190.46463849515274
0.17466183832972595, 0.2, 49.66044572114505
0.1883189088112154, 0.2, 128.765603003082
0.17326444095907262, 0.2, 7.01885110635225
0.14879819211567186, 0.2, 189.10773007134003
0.1677520350068438, 0.2, 111.87254257819048
0.10399930168198918, 0.2, 57.83709558117049
0.16268087814039933, 0.2, 20.802049038923105
0.2101249927638459, 0.2, 98.77841632301595
0.13245420858784096, 0.2, 25.226822447939107
0.1409684968589726, 0.2, 9.785981814083991
0.13202436729338177, 0.2, 102.02971475251174
0.13699095887186527, 0.2, 123.26156446732803
0.16749747548881164, 0.2, 22.404963773776796
0.10596797524040796, 0.2, 40.162264829354946
0.18796570310597385, 0.2, 198.12275315237565
0.14695527795945398, 0.2, 453.7480825653147
0.11728106861945851, 0.2, 8.693884359605105
0.05069348358254995, 0.2, 8.942738200588014
0.16150653196717957, 0.2, 80.69983545661647
0.1918714465520509, 0.2, 13.128988991213559
0.12989301651919588, 0.2, 7.639201746125715
0.13427339925390883, 0.2, 121.533003467948
0.15842430261504983, 0.2, 44.42583571400516
0.15071644534315423, 0.2, 163.4569502639675
0.14970515457165567, 0.2, 4.693020613579186
0.21729312533059522, 0.2, 59.31782092183888
0.21995517943616505, 0.2, 21.216288045289968
0.12630606570227293, 0.2, 15.912076354225691
0.14098666014665656, 0.2, 20.313959578974305
0.08967490723312375, 0.2, 97.34769577525701
0.15149401916357966, 0.2, 156.85513117203453
0.16644654073557402, 0.2, 24.673346066597507
0.06761975872456163, 0.2, 3.0635789628541548
0.11485573258414862, 0.2, 128.93937689918928
0.1760437303346129, 0.2, 108.18425878572491
0.18297051317047533, 0.2, 5.1670863806542435
0.10248659210835301, 0.2, 14.444729166390964
0.10719978435321839, 0.2, 23.254093745162987
0.16545396332712614, 0.2, 30.441494720512825
0.18246375151296873, 0.2, 95.25416137787525
0.14498513382661837, 0.2, 5.190097352618338
0.1342600447813642, 0.2, 4.14077423010686
0.0556567773995791, 0.2, 138.6368369337266
0.18047865159778445, 0.2, 24.023655474888002
0.16285944533106977, 0.2, 182.78932363978296
0.1295674129212172, 0.2, 61.94999077820005
0.12547299441373533, 0.2, 25.03678278276123
0.11698719952652467, 0.2, 157.62570724601133
0.1357939193117509, 0.2, 6.770962035306458
0.15360834840567475, 0.2, 43.66071699458577
0.19549438561222876, 0.2, 13.154732082714142
0.1977137762817248, 0.2, 141.49734883899575
0.20568636543136018, 0.2, 121.92069734089415
0.19393006019493886, 0.2, 80.84684184857726
0.13806462213852705, 0.2, 53.2795932960664
0.2049856759632726, 0.2, 250.20174924157803
0.15777331949099885, 0.2, 7.527734656812261
0.2475909701011337, 0.2, 54.3166836646944
0.10999551319544926, 0.2, 96.13514019774519
0.18987996990838643, 0.2, 36.23180907848806
0.23667536758785562, 0.2, 68.19651817040933
0.14397014015336285, 0.2, 19.700699744784753
0.14676020258402248, 0.2, 72.67367994648983
0.12537356312704512, 0.2, 17.677617058500157
0.10946655435792839, 0.2, 5.8420545185577835
0.083419688658651, 0.2, 13.05023646500655
0.07097914814564997, 0.2, 24.078056678053635
0.2480424128448798, 0.2, 158.57405264168557
0.17761619041061658, 0.2, 7.304472909208491
0.2212181650187507, 0.2, 106.61846207902302
0.0637501269323535, 0.2, 43.687832641181906
0.14297000614043673, 0.2, 148.0202482368749
0.14335177708313768, 0.2, 311.0432704106647
0.15628028864192817, 0.2, 98.19362679936326
0.1658142607741321, 0.2, 43.3999711391028
0.18670984205667313, 0.2, 77.47730004760076
0.21611546013553118, 0.2, 122.68865981772021
0.14821624587225635, 0.2, 46.85401559470395
0.17688765400156983, 0.2, 4.543285361229008
0.15214678987778785, 0.2, 2.387133624241534
0.1505725940178521, 0.2, 16.17381611494256
0.1244220015606005, 0.2, 88.39483626890775
0.18516573968964115, 0.2, 8.501577320722577
0.19493752635648662, 0.2, 0.8892998155604747
0.13563486944682648, 0.2, 13.614864719247386
0.14970552846748048, 0.2, 39.14084863993938
0.05647283882747878, 0.2, 22.461609885799366
0.15282124557060436, 0.2, 41.71486202049975
0.15824245673140902, 0.2, 34.590340069252036
0.12016617091172524, 0.2, 237.80665573514338
0.17643580029372474, 0.2, 45.67725765102139
0.20194876211185386, 0.2, 217.54891340439704
0.12558452939263104, 0.2, 7.841081829159685
0.114385777178949, 0.2, 139.39329108785023
0.15104199826512507, 0.2, 112.62673664812068
0.18718608591091315, 0.2, 89.6563038667468
0.15847143964228175, 0.2, 5.847341477623991
0.14531699908869822, 0.2, 85.23478242788195
0.042194662546158626, 0.2, 2.055090924740102
0.1367213964169188, 0.2, 203.30958539039509
0.14822737883871173, 0.2, 18.77697279617555
0.14842942570218734, 0.2, 101.63974310791046
0.15325162403956413, 0.2, 42.492055028210316
0.1609988049853532, 0.2, 59.6195332537041
0.179290069694899, 0.2, 93.77482969997929
0.1591571834122922, 0.2, 24.42931553807409
0.17178770874501462, 0.2, 71.93848172809855
0.14963198647837594, 0.2, 14.865241858300756
0.19634450962203737, 0.2, 493.7906457645749
0.18674330090604227, 0.2, 116.7860562314968
0.15775106660649446, 0.2, 24.94357309116277
0.15271147963326195, 0.2, 49.455151251780094
0.12319442108462494, 0.2, 124.37586443711727
0.042592089340246886, 0.2, 45.076052885966725
0.10578307774300047, 0.2, 22.939661125843454
0.1831555764730713, 0.2, 37.30174080089033
0.15244348719023193, 0.2, 114.21579782080552
0.1362904343644253, 0.2, 73.3709543508886
0.18528866497780483, 0.2, 59.07610242126038
0.13451521821554022, 0.2, 412.33773603749927
0.14104999647170752, 0.2, 11.860176128591242
0.12150659805889688, 0.2, 147.1106942464745
0.10733586864916808, 0.2, 19.988832391880468
0.20561921482887158, 0.2, 97.90077340386996
0.07302378104124718, 0.2, 271.8626721524119
0.19467572625019716, 0.2, 28.457685340260966
0.23205742440831098, 0.2, 39.042374705111065
0.14518185001442752, 0.2, 2.7035093648588018
0.11026413011182411, 0.2, 10.426444991192366
0.17910884639392063, 0.2, 24.213835260937277
0.18608207430472826, 0.2, 322.98494402604786
0.13253573071269018, 0.2, 24.91000297369991
0.16137864859930515, 0.2, 58.00367208940284
0.16488705468621043, 0.2, 48.1749350152062
0.1579408750623748, 0.2, 29.46064269891137
0.1911360044624189, 0.2, 35.720379187380146
0.18713011750540726, 0.2, 2.418682012291798
0.19131574730412373, 0.2, 27.477065716919938
0.06411863020697227, 0.2, 34.2536312275733
0.074357443248444, 0.2, 44.6455142202349
0.028419735034815596, 0.2, 75.20255022409204
0.15160711278512753, 0.2, 21.352144529929184
0.11867928883036959, 0.2, 34.857213835891734
0.08846166669750846, 0.2, 92.7812567649163
0.18994407043941083, 0.2, 45.64233099019398
0.1569485646871097, 0.2, 34.13525899891606
0.130179569044241, 0.2, 164.67579638537532
0.16674728572491904, 0.2, 112.62255801551132
0.17057579368236306, 0.2, 111.55934839024069
0.15391430453908217, 0.2, 69.31958666053308
0.18141153424345544, 0.2, 28.32593854570551
0.1514499449213004, 0.2, 100.46995411173114
0.1772073417430662, 0.2, 17.21571460373942
0.16422581929237415, 0.2, 75.9019895616724
0.2138169242263534, 0.2, 130.20530205487665
0.14560809073594197, 0.2, 1.8033177674018497
0.13535447194410768, 0.2, 76.11350386464471
0.17151844085347814, 0.2, 8.929565906199558
0.06654029475611643, 0.2, 127.16470166721676
0.14718033625698027, 0.2, 99.90072083169808
0.14929097723479842, 0.2, 54.12562478660593
0.17917890877140757, 0.2, 38.46398012692252
0.17159292388155217, 0.2, 4.218760454742506
0.11647587910198487, 0.2, 13.066817672108073
0.11051581895185096, 0.2, 90.46368272978765
0.18818135188191198, 0.2, 7.389751008970552
0.12839391327722643, 0.2, 85.37249312182281
0.17337666024316628, 0.2, 261.3944946850621
0.18827029880464366, 0.2, 119.05564920361253
0.133176955741665, 0.2, 276.58481903947535
0.11420318052085525, 0.2, 12.588192112299406
0.1807301769421478, 0.2, 39.682219983740254
0.10184454416769081, 0.2, 85.9007110503759
0.22009637474015237, 0.2, 15.481406791429995
0.2381725353515699, 0.2, 136.07571966166176
0.2014408683373802, 0.2, 155.34585452521918
0.13830394234919594, 0.2, 6.700604459471418
0.17928959549341109, 0.2, 26.357183303453297
0.13510244508651376, 0.2, 33.70984134496598
0.11563490086842468, 0.2, 80.8087487127898
0.10942566974804593, 0.2, 266.3443065609569
0.17430589360634763, 0.2, 9.884483604955896
0.1622355585766911, 0.2, 92.05216687788791
0.15709319904507268, 0.2, 31.450608649342445
0.10846668311654462, 0.2, 71.54734970391047
0.15965782120359065, 0.2, 66.43074253432762
0.17047001931307632, 0.2, 60.62521293925727
0.17798945016892245, 0.2, 218.2826236134709
0.15698984399654622, 0.2, 101.22800012692672
0.1461147309929442, 0.2, 3.81452339393178
0.12890845116810506, 0.2, 42.95090653989756
0.1270429045651712, 0.2, 423.689878255554
0.14940830825120038, 0.2, 87.14766467517666
0.14658036790676796, 0.2, 23.707767387096954
0.1373931510602042, 0.2, 20.70365080189149
0.14448452692201755, 0.2, 1.6880275292710274
0.153331498643793, 0.2, 1.9344121086809842
0.16780706258666028, 0.2, 32.56778513040518
0.14797308252000124, 0.2, 18.836046969750857
0.13955401487251282, 0.2, 0.7481759367975631
0.08280715557081171, 0.2, 3.4877702254068152
0.1531028856009499, 0.2, 239.8557475452341
0.06125569246650572, 0.2, 2.295888426729772
0.07032495957433323, 0.2, 45.76317558737287
0.12595386065552935, 0.2, 38.78978216414846
0.08385092552645879, 0.2, 21.611270318917903
0.14954526202788462, 0.2, 12.207057869714802
0.12941331038933598, 0.2, 54.70195514977116
0.16627885694850586, 0.2, 40.2429978533186
0.16827678488475753, 0.2, 188.37625661604795
0.20655812190164238, 0.2, 59.618041254382284
0.18411923886400597, 0.2, 68.37453048506312
0.11003192313896576, 0.2, 2.973476493288472
0.11625427027710492, 0.2, 28.291045786084837
0.16304225276657705, 0.2, 12.560668684115239
0.09143718544210604, 0.2, 12.83517137793793
0.15755862255167458, 0.2, 39.44394127676094
0.14942629954392983, 0.2, 0.697232375701395
0.12071138968584164, 0.2, 208.05172074743302
0.13076885014570427, 0.2, 55.056490820396064
0.1652699155970584, 0.2, 30.763942351687135
0.19035022727571388, 0.2, 53.899675921336964
0.1611869489492654, 0.2, 62.282070489385156
0.19307127386416378, 0.2, 28.867342968491073
0.07812932366305995, 0.2, 294.23871446945117
0.16033331829434766, 0.2, 12.080616433825686
0.1857486573219887, 0.2, 59.77168866327197
0.11535579544123467, 0.2, 23.477716253376062
0.19383012667133925, 0.2, 86.29836728954261
0.17601004627466008, 0.2, 71.45126257054322
0.1137393198608026, 0.2, 18.740384949999317
0.1940033291988605, 0.2, 60.541736036416786
0.16384014603681374, 0.2, 27.15750933760204
0.19453897431885475, 0.2, 133.24420424204388
0.09575530068726373, 0.2, 20.832627052705078
0.17348552494578243, 0.2, 182.1070841548637
0.1449308839903936, 0.2, 270.320269569526
0.15876290764339557, 0.2, 68.67979963817355
0.0729082774714998, 0.2, 173.65140852925302
0.1482430475403986, 0.2, 136.34197389663964
0.20363676793350777, 0.2, 6.057646656249503
0.15408223043713826, 0.2, 36.95221173665742
0.21338252416462966, 0.2, 33.79045237220209
0.16721652200228165, 0.2, 69.29344247756
0.14115969249914484, 0.2, 11.002551402715575
0.10760405308629414, 0.2, 431.38503285376584
0.11472938295163371, 0.2, 17.393220301402867
0.15514808494367857, 0.2, 193.7114553962047
0.1000104506114412, 0.2, 15.283924579544568
0.15382072933147314, 0.2, 3.2921642354380936
0.11391812300714793, 0.2, 70.12933510835128
0.13655691211481535, 0.2, 224.36062162992712
0.14790240557792447, 0.2, 80.36576559262907
0.13665946044004126, 0.2, 163.48450215393515
0.18737500940871882, 0.2, 23.7408426294598
0.12806641988602888, 0.2, 7.0005693415049155
0.16979514592167694, 0.2, 75.09054162437555
0.1991451186136619, 0.2, 21.259175689055766
0.15541711384462337, 0.2, 17.122662385956254
0.1692707573583009, 0.2, 15.44030116543706
0.12637671313916665, 0.2, 12.028928965440414
0.10418389339069091, 0.2, 78.86012641569941
0.15556877735168897, 0.2, 59.133440110722795
0.13381590256077164, 0.2, 23.98627769781993
0.12952973437501566, 0.2, 15.47754162989946
0.1482953263596231, 0.2, 102.30067706677522
0.0967302436837395, 0.2, 19.90365005693345
0.16323174604259852, 0.2, 9.83237802569545
0.0879183555860228, 0.2, 17.654205829035323
0.21274891830399562, 0.2, 30.248480959498593
0.17238403431208976, 0.2, 2.1006317491892297
0.14813342670459703, 0.2, 119.76666481824745
0.05582840822771405, 0.2, 91.93056225840832
0.12175411279465471, 0.2, 16.286982156082672
0.11294953647484825, 0.2, 51.24346380361215
0.16556038822189292, 0.2, 60.01246354518893
0.1493904911291104, 0.2, 40.10852079106656
0.1638580630927453, 0.2, 111.03548678637729
0.21378261812750246, 0.2, 45.0504070665256
0.14720901214784474, 0.2, 94.59846950626013
0.10842662168734143, 0.2, 49.95242608892609
0.183911838667631, 0.2, 18.489128400532103
0.07685327818043912, 0.2, 34.38317197527766
0.13824088305461588, 0.2, 26.59341554870622
0.08176497056047285, 0.2, 24.06632386532018
0.15694216457842494, 0.2, 321.49903683095005
0.13490675352117273, 0.2, 179.721911366682
0.22795895659279616, 0.2, 83.83937138582083
0.11981252705237311, 0.2, 91.93009244796541
0.13598816847792614, 0.2, 60.33561308289141
0.12126815117187344, 0.2, 15.059440341651756
0.1024771349345591, 0.2, 3.7436554841455405
0.17647981694468556, 0.2, 492.9001987970928
0.10634499237106348, 0.2, 28.417772815992084
0.09112797907494387, 0.2, 4.527282241184025
0.1245820954231397, 0.2, 45.731256653153416
0.1373797496242163, 0.2, 48.230828351446675
0.11497076683493487, 0.2, 25.49189152887482
0.1413895575744438, 0.2, 339.2311703388761
0.20161377018974433, 0.2, 41.71371537698431
0.13750543001237106, 0.2, 74.86529075559291
0.13109431258331608, 0.2, 52.23239930486277
0.15613720163084405, 0.2, 82.71344068297375
0.10526629268285939, 0.2, 11.178803467754744
0.17155284706288823, 0.2, 50.83850271150705
0.1661527508319976, 0.2, 16.442819008697374
0.1299701779140821, 0.2, 6.250923862891968
0.12550361034706545, 0.2, 2.5631377703494174
0.15906087289933812, 0.2, 352.6146737803361
0.16453506552799851, 0.2, 13.915961902427762
0.11764328029927178, 0.2, 94.52858215795194
0.08890137490047348, 0.2, 113.27549630615775
0.13977747061112875, 0.2, 194.48069602955115
0.1126576532046217, 0.2, 28.779869650789255
0.1795003776832178, 0.2, 20.93022781113955
0.12019782530574973, 0.2, 12.280682412243618
0.20424669867417794, 0.2, 92.9484764693647
0.1696590205923547, 0.2, 27.252520969410018
0.18053613974803892, 0.2, 2.8506782139477673
0.1407928987917242, 0.2, 30.44025647712502
0.07906143524705189, 0.2, 192.74584908156962
0.18845371835224836, 0.2, 79.75203033781595
0.17486893510329593, 0.2, 104.14227179904033
0.13845838822862142, 0.2, 72.14117538974078
0.14782297016088214, 0.2, 355.7993016010853
0.14956384561878638, 0.2, 20.23705209127794
0.09388718765146353, 0.2, 150.03815330770243
0.3045416331962525, 0.2, 107.15848681086335
0.17762669228981, 0.2, 258.184448370397
0.07297145759218504, 0.2, 283.80375113511167
0.2290432010688111, 0.2, 44.68790740074002
0.09830366346582359, 0.2, 4.998193508184101
0.019478707145316743, 0.2, 196.71178654823902
0.16729099657177082, 0.2, 107.41612999123406
0.12634394913412494, 0.2, 5.820183671875637
0.22774604501211976, 0.2, 8.46864406742622
0.12060666795338919, 0.2, 36.96892488820792
0.08598680216452013, 0.2, 9.414126000387036
0.1834893759802422, 0.2, 29.35586429257627
0.13319040447217673, 0.2, 22.00623727345727
0.17456386661890752, 0.2, 53.24369201532322
0.1486370459879856, 0.2, 54.87282382516004
0.184714502023875, 0.2, 228.97325900078803
0.1570454833485095, 0.2, 209.35487992369966
0.0820116174040169, 0.2, 20.806326494941548
0.08500417445611609, 0.2, 11.91511935438476
0.1553071212392296, 0.2, 14.950769825030473
0.18071554722936575, 0.2, 1.5688740943061081
0.22470320519822712, 0.2, 37.0013875494257
0.17764694928829614, 0.2, 132.79120401897976
0.18927471814780547, 0.2, 122.0229188459887
0.13640560017708173, 0.2, 36.64186409778865
0.14452629913961362, 0.2, 117.34692378415505
0.14072356480501005, 0.2, 27.123574631562793
0.17138866283447993, 0.2, 31.798050161831515
0.16636030158408596, 0.2, 5.508133443197178
0.17294504829725152, 0.2, 0.9444175270919168
0.15185603412463522, 0.2, 55.43554261654005
0.17444711393079168, 0.2, 104.73109345065619
0.18263279693946086, 0.2, 14.816804223152849
0.07762902036377907, 0.2, 15.916881587774354
0.20558230229024357, 0.2, 5.58411995969411
0.18575339753639075, 0.2, 279.0438765376288
0.15936001425920343, 0.2, 90.21112585870569
0.18969947499403828, 0.2, 72.3826616776441
0.17583598321039332, 0.2, 1.004048635481313
0.07158830225090532, 0.2, 63.7355437417923
0.16818894799475909, 0.2, 319.45527353445635
0.17632414254365242, 0.2, 20.99969046097285
0.17682267311115607, 0.2, 63.70197453112141
0.1406450117571835, 0.2, 25.665157222789045
0.0812513936030634, 0.2, 93.64103939608302
0.1332015360997555, 0.2, 42.253328600650356
0.13958195605150836, 0.2, 10.434765245698841
0.17648395337172634, 0.2, 308.3561365875267
0.11986409479897898, 0.2, 18.54669687641947
0.13693238025642185, 0.2, 49.74679931340447
0.23148750259740158, 0.2, 22.938922359002376
0.16475685747810545, 0.2, 35.741320376124506
0.1245797138205122, 0.2, 25.01669383796567
0.1625913767681744, 0.2, 36.41669748018884
0.15773744446411353, 0.2, 72.62181293513488
0.08389495459320961, 0.2, 207.25972325723902
0.13593739110527492, 0.2, 126.73507647950103
0.11860377539117492, 0.2, 5.652662068863025
0.17375058098860266, 0.2, 21.870461141190713
0.11463391330094463, 0.2, 31.509987548864462
0.1855913340371716, 0.2, 83.64673899666235
0.1829922685966115, 0.2, 5.038784190653447
0.10990036920210974, 0.2, 22.080978368113787
0.1973198385055599, 0.2, 4.588652796791177
0.17140723209924633, 0.2, 33.909663330066735
0.13339770648041302, 0.2, 45.14051039174127
0.12334152561185403, 0.2, 9.615664108071167
0.21197299980835374, 0.2, 120.84943638270816
0.12854994780406795, 0.2, 32.54738693912597
0.16104497393629522, 0.2, 34.045450029933725
0.10783923809238011, 0.2, 37.51532122804608
0.14516852313836415, 0.2, 131.8691496618579
0.11364898611087268, 0.2, 190.84805681378188
0.16418979749530038, 0.2, 28.91213945936454
0.120536444985791, 0.2, 53.64601116861582
0.11228277621502279, 0.2, 38.45976765188397
0.1333249989074882, 0.2, 76.24680395486025
0.18862796769939755, 0.2, 91.27606791957251
0.14317263203163416, 0.2, 179.02087788449688
0.17767265639197868, 0.2, 2.738894905521867
0.13701195195474927, 0.2, 69.30019691486119
0.10026799467479713, 0.2, 176.470354142823
0.13965263097451927, 0.2, 28.121693514957084
0.13677245741700902, 0.2, 46.28646104544116
0.19680085833277083, 0.2, 58.4115206109448
0.1547110835208506, 0.2, 153.37445985376453
0.14649683231156038, 0.2, 100.9769534865757
0.11990691512307514, 0.2, 53.46737775173661
0.12351383778353553, 0.2, 257.58413620762553
0.20698794794410405, 0.2, 73.75493288980536
0.22723975340646985, 0.2, 680.6063136382625
0.1612499331710793, 0.2, 57.94857216668778
0.18265165914215198, 0.2, 12.299006018915708
0.12980861654172723, 0.2, 16.26792044240032
0.15606709679170072, 0.2, 5.4242827566363765
0.12493055536128779, 0.2, 74.591386605231
0.15548241512515762, 0.2, 72.96014147457991
0.13649352652874136, 0.2, 29.34654004982956
0.1557476206623314, 0.2, 75.4053910359944
0.17807137496833572, 0.2, 4.539934520199953
0.17982003508600525, 0.2, 9.938308040350934
0.14076479921397977, 0.2, 59.642859044713425
0.13594321764406148, 0.2, 200.54258994828493
0.1477958794669652, 0.2, 375.33552507460143
0.1028756970510172, 0.2, 25.529942580395847
0.17483963567304128, 0.2, 45.75591808882425
0.1336201482336216, 0.2, 10.314246095080101
0.13997567267381184, 0.2, 120.11069029934569
0.17961264839135094, 0.2, 44.23146030338605
0.1942651800006247, 0.2, 81.5046259038641
0.14959254468568847, 0.2, 15.467702065334406
0.12522155670743731, 0.2, 25.114528237107407
0.19270826675532107, 0.2, 26.795083764099715
0.16112076846805792, 0.2, 148.23855798313923
0.15212103593125162, 0.2, 30.265567117769027
0.20300518495185532, 0.2, 4.8558575872377805
0.23111869259741108, 0.2, 119.1426204345925
0.1643481661989442, 0.2, 273.8403673560546
0.09770969908546392, 0.2, 69.45536860366624
0.12799018209348717, 0.2, 4.789550713890681
0.2456875742973385, 0.2, 50.27184389417038
0.146590084448662, 0.2, 38.02289524586242
0.13585556781391753, 0.2, 546.5040575384861
0.14751893609439856, 0.2, 82.09306153112759
0.20376151958836297, 0.2, 51.13120666210482
0.1571102184128333, 0.2, 31.513573100927516
0.22322821497487227, 0.2, 11.698633807834874
0.1138114351922484, 0.2, 79.77101744410648
0.11424603062777991, 0.2, 15.295042061717606
0.14018251607177806, 0.2, 82.67985966285332
0.1820560361646204, 0.2, 115.09045003075225
0.14009436669293762, 0.2, 31.51539211645264
0.17263448780188573, 0.2, 33.76462916324389
0.19487372365136119, 0.2, 4.241149210971927
0.10828890146735298, 0.2, 80.7007332544111
0.167543714606166, 0.2, 264.9642279289518
0.13451071868482795, 0.2, 19.747386705928964
0.07459118398964219, 0.2, 145.21881184729716
0.0606269225573796, 0.2, 74.17896351797513
0.09823138436635143, 0.2, 313.3927896361753
0.08293497526210003, 0.2, 34.09193719268824
0.08655684675050714, 0.2, 35.36512765127368
0.1706695869312989, 0.2, 3.3534402067842572
0.16365760525093395, 0.2, 20.608412948566635
0.15008161161382733, 0.2, 38.24679091555706
0.18124262174057695, 0.2, 92.01619172863778
0.11914616799715344, 0.2, 736.9368667753761
0.17652317517953786, 0.2, 67.70729553122094
0.12602517106835776, 0.2, 8.896896201516908
0.17195094153453935, 0.2, 204.66388620134052
0.15762088018201115, 0.2, 17.3114623564454
0.10548421708257255, 0.2, 53.19491875974375
0.09445574211924902, 0.2, 9.696092653428922
0.15045024861368703, 0.2, 169.55192815241864
0.10404999797646311, 0.2, 13.732652719826776
0.14059997377625005, 0.2, 62.906499375441996
0.12966862410598406, 0.2, 1.994485305144513
0.1168735259511264, 0.2, 38.04075264926594
0.1674474997090393, 0.2, 34.755647619803575
0.17440052462923328, 0.2, 47.682591762038555
0.12591942887536234, 0.2, 306.75168360512146
0.14792526490651292, 0.2, 127.15924722824545
0.07943807422823677, 0.2, 44.944716686579135
0.12071826466276597, 0.2, 36.85702425057042
0.08658953367934583, 0.2, 22.769168183531058
0.1917209483734652, 0.2, 197.24140687473297
0.10774162800144134, 0.2, 46.40389499007129
0.22598508182274074, 0.2, 160.89236579422285
0.08704519460256709, 0.2, 10.882706453048673
0.15423831846497327, 0.2, 12.13631543796721
0.2499650369874618, 0.2, 177.1492809923127
0.21012819821398035, 0.2, 5.908338463202605
0.1498339950259649, 0.2, 69.35750480311512
0.11921681597688195, 0.2, 115.61584652465807
0.18420403842958202, 0.2, 450.72406858911614
0.12742672930048107, 0.2, 192.84421986654394
0.09031428523344162, 0.2, 38.09014393676433
0.15801012553631888, 0.2, 266.07782205064626
0.1190478785497873, 0.2, 140.9322685390025
0.1275037556495392, 0.2, 5.919574047646486
0.10901095777640714, 0.2, 90.63460232064155
0.21843982728970718, 0.2, 31.195237049929748
0.08082210391576167, 0.2, 244.48033555298701
0.20857586856845334, 0.2, 412.8894322361326
0.1655194891547039, 0.2, 104.6005796185375
0.06213833819107112, 0.2, 93.3832972221864
0.2234743611276571, 0.2, 52.93194023192108
0.1852890996628258, 0.2, 297.73418858244133
0.15462058258864653, 0.2, 32.128861090320754
0.1530171687562909, 0.2, 27.933889258760153
0.15755032560963492, 0.2, 336.0772974886515
0.17109077757362903, 0.2, 18.431597809178427
0.18729678939580055, 0.2, 131.86164529799362
0.11740765815599394, 0.2, 17.693543853508096
0.19593334813860114, 0.2, 65.44295566592719
0.17936944185335318, 0.2, 146.74093945530424
0.17267047666261912, 0.2, 37.993618979955166
0.16429858944079082, 0.2, 45.09803823612726
0.11255296245673715, 0.2, 275.6323201529376
0.148652652590846, 0.2, 134.4981458027474
0.1720649106543995, 0.2, 8.973411064416952
0.11720252000325126, 0.2, 3.726333177050229
0.1184360438149904, 0.2, 58.35199159026294
0.14993312672708714, 0.2, 125.36639728097614
0.15912715924230447, 0.2, 223.6899896184902
0.03844575538009097, 0.2, 413.64533808817697
0.13851278717909968, 0.2, 10.883976457701422
0.20717240297546308, 0.2, 24.747373587558666
0.20141686291044464, 0.2, 37.069131812603786
0.13552038950427556, 0.2, 45.66899580431746
0.14248643511041212, 0.2, 61.975186112788386
0.14157815245632438, 0.2, 174.44257561665208
0.2329772679161644, 0.2, 13.637616501912401
0.15393610273352712, 0.2, 20.542557846845302
0.1253066172368249, 0.2, 295.85948088708943
0.1265670391261051, 0.2, 87.72532836580069
0.14732431251137076, 0.2, 24.10657020280805
0.1753518073810627, 0.2, 10.430885147980513
0.1583723432105806, 0.2, 1.9012524875793113
0.10960698720158282, 0.2, 11.693599164322563
0.16950455093221586, 0.2, 42.49154194777343
0.10435031769419731, 0.2, 148.80058354674068
0.16410364106506506, 0.2, 65.56569466687354
0.22002421192693178, 0.2, 173.83311852080612
0.18313267565926458, 0.2, 170.45229007484346
0.1373148337912645, 0.2, 91.32833912413537
0.15338196702106627, 0.2, 72.16286580112366
0.12146792287224908, 0.2, 47.875661733961444
0.1505949547426272, 0.2, 34.11984579911196
0.16256714087583088, 0.2, 150.70396201454946
0.07127294937414372, 0.2, 20.686171472074413
0.08307947954193887, 0.2, 56.06138147646827
0.21350120340771453, 0.2, 46.194112423912614
0.1296949513671076, 0.2, 168.02571609931977
0.15972236822681612, 0.2, 28.87565713093773
0.06369652389475917, 0.2, 13.638678870884076
0.12616395560976648, 0.2, 267.0170077114825
0.1503568277017674, 0.2, 62.148666485660044
0.18905951560110315, 0.2, 7.402258893019127
0.16852347107185023, 0.2, 84.14029921790156
0.13966009400159363, 0.2, 38.105146973598195
0.14044365220395877, 0.2, 99.673201542866
0.16742906504956173, 0.2, 59.36333825468476
0.09490297443339026, 0.2, 112.33748872219684
0.0848401143949256, 0.2, 136.75599293823475
0.1543768877021223, 0.2, 82.68005566522858
0.10051426380262632, 0.2, 26.41119308024314
0.09479496504618215, 0.2, 184.57447485826614
0.07383614746756298, 0.2, 188.5820232292288
0.12665053248400002, 0.2, 29.757329756367238
0.13852341201755156, 0.2, 52.1492514561223
0.10928860962854212, 0.2, 24.43116230488421
0.09628958972686295, 0.2, 136.40328772090297
0.16140871925037026, 0.2, 188.68334444339726
0.16839010124327444, 0.2, 389.82797895556627
0.17400998199061832, 0.2, 15.66045743630284
0.1513728625714994, 0.2, 11.827690634515024
0.18775332199046463, 0.2, 291.17766259804006
0.13908644937273693, 0.2, 17.319964479620737
0.103476975490535, 0.2, 22.982612364698106
0.18435323773570297, 0.2, 200.68563913348345
0.122180669975523, 0.2, 95.79809525279677
0.1836970059950522, 0.2, 76.04545872092902
0.19690764101826938, 0.2, 181.16526871025073
0.12601833654364347, 0.2, 7.5868193589007085
0.17200314212200918, 0.2, 37.09980224725518
0.18621546556187574, 0.2, 50.045180067937125
0.2013664485569012, 0.2, 111.3566948271404
0.11300261952554361, 0.2, 23.302041102225026
0.15276159051259536, 0.2, 73.43592701551188
0.09680838913864392, 0.2, 22.328376145663686
0.13650966013886467, 0.2, 130.0155098913533
0.06364020451939022, 0.2, 3.6075199758678966
0.13940090397454258, 0.2, 58.68071807227849
0.17771138877328346, 0.2, 43.124866981369244
0.14935561394338867, 0.2, 56.15629677849412
0.12369193312565693, 0.2, 40.81044194131301
0.16675756960080665, 0.2, 253.73631681222463
0.12197721942684195, 0.2, 256.81502530485
0.15964698556250492, 0.2, 6.040160502115496
0.1748886259049693, 0.2, 13.797695977341009
0.10684145018381844, 0.2, 203.69016938881714
0.13810276849033243, 0.2, 49.484513155418625
0.14813362799807733, 0.2, 45.388949819498
0.08809803442489986, 0.2, 83.57753188594263
0.19996450577007954, 0.2, 24.02475737996589
0.184600849313375, 0.2, 43.62380239043878
0.08972412265989638, 0.2, 94.2595055115652
0.16627406710008535, 0.2, 141.2616650015999
0.1560255550683268, 0.2, 18.993369669917588
0.13890116851662532, 0.2, 34.56708680257233
0.1491288098760906, 0.2, 35.528141689361945
0.1555481656935582, 0.2, 14.743430516659155
0.10877681981193563, 0.2, 2.6764022718537968
0.19994871214820426, 0.2, 3.092917370722879
0.11832344175247086, 0.2, 18.059379229292478
0.15563986810576136, 0.2, 68.81920885718904
0.14066592986338086, 0.2, 24.205077123665944
0.09777699414913513, 0.2, 48.97612633770827
0.15113064718112612, 0.2, 134.40701742673744
0.08530054832204856, 0.2, 54.034535828423905
0.17005983169495306, 0.2, 105.72021162484612
0.12956034682339485, 0.2, 152.47999252293303
0.16958023562872657, 0.2, 157.98342641307244
0.17518797918018847, 0.2, 24.0432162990178
0.11694368654439655, 0.2, 41.50463127812768
0.13631908837736795, 0.2, 65.84985362948743
0.14846905605310662, 0.2, 84.15870066658638
0.12227318334552116, 0.2, 10.001377562487965
0.16189614866818372, 0.2, 25.07047991243997
0.15565682227156724, 0.2, 16.07401705688454
0.13004849914662542, 0.2, 50.42704007655732
0.1720495703004601, 0.2, 99.98591526243416
0.15028868216032545, 0.2, 121.97413044036047
0.14971013190581597, 0.2, 13.597960849533099
0.125918297862341, 0.2, 40.58771999920122
0.1057502502756088, 0.2, 65.9365623744059
0.13342925599220581, 0.2, 91.58606489362454
0.16325112163074526, 0.2, 51.73743813709539
0.20327677970209945, 0.2, 10.97641765432686
0.11991549264230555, 0.2, 2.6939172176414488
0.09012020769352078, 0.2, 133.9356001587593
0.18274352980643707, 0.2, 3.6504819535367994
0.15671559585923792, 0.2, 11.678095561966956
0.20779327075534698, 0.2, 231.87653549620634
0.20733716541316755, 0.2, 126.1896491030959
0.2126351231802262, 0.2, 28.365473129321426
0.11974864608100219, 0.2, 359.55184864971926
0.11032854676118119, 0.2, 59.86082354918083
0.18355955785388492, 0.2, 48.809096215505214
0.14362144378464822, 0.2, 28.22189676205622
0.163133962934089, 0.2, 113.15734907361106
0.1757071467818793, 0.2, 37.966574800933024
0.1062105498017462, 0.2, 61.150542826695194
0.17569178254839662, 0.2, 126.869145857736
0.17688933926338585, 0.2, 3.04291605983134
0.18373931117078993, 0.2, 15.017933790569012
0.1552253258041113, 0.2, 4.702123910588487
0.11932372061210236, 0.2, 68.1427774338558
0.2056153468329419, 0.2, 135.6018211855397
0.15159739807429787, 0.2, 147.08196207092345
0.12651843680212943, 0.2, 18.594173049598428
0.22412889486441523, 0.2, 141.24126443434906
0.13181846483937823, 0.2, 100.84213569975527
0.16224723609998995, 0.2, 47.1731081797219
0.11258932991615336, 0.2, 101.69077504973413
0.2094635263199288, 0.2, 8.125994401328853
0.13542998739763148, 0.2, 62.7826230273089
0.13645269602815605, 0.2, 44.00942218027132
0.1963866957642702, 0.2, 128.8441078181726
0.11807986145992287, 0.2, 34.26395023710604
0.13339795532954163, 0.2, 97.8701051636873
0.12533571349445585, 0.2, 85.50291856020358
0.205171123097598, 0.2, 57.444219849732846
0.18800472886834022, 0.2, 19.654570067466565
0.1673590879225684, 0.2, 7.059503708493002
0.10514842823278714, 0.2, 89.63514077859354
0.10532456484925753, 0.2, 152.6837721429857
0.12836363010411206, 0.2, 89.26075060862973
0.09181414968254185, 0.2, 7.7420199821793005
0.18779546218092819, 0.2, 17.524225975238764
0.1284711817722872, 0.2, 148.1510234593354
0.12834760840360662, 0.2, 195.1623142857705
0.12082716946268061, 0.2, 65.68307655155638
0.12718047374779184, 0.2, 173.575084492975
0.18059076259151666, 0.2, 211.82959457330966
0.14741013058192967, 0.2, 332.3636302487409
0.12039098104529725, 0.2, 107.16584663404721
0.15613166726680833, 0.2, 145.28250958509136
0.1687377224779164, 0.2, 44.67309854962753
0.19399936311532934, 0.2, 36.86920121938796
0.06665750257003952, 0.2, 235.68587380890867
0.1813047959582605, 0.2, 66.0165949782088
0.12973725922082371, 0.2, 8.601719836556573
0.16076449104620968, 0.2, 104.1911502910364
0.12390809896032491, 0.2, 141.25280882040246
0.10386542671207222, 0.2, 12.79969554527358
0.15277339009587684, 0.2, 20.0518321780482
0.15803383597243728, 0.2, 9.944837708214106
0.2292571984297224, 0.2, 25.56924831744698
0.15717982531854174, 0.2, 16.26656635716201
0.1681512633318216, 0.2, 26.154195478470324
0.16540571252460232, 0.2, 13.628634955832883
0.21738840803242745, 0.2, 61.063653278936016
0.13220128707050802, 0.2, 93.33359310793757
0.17774270577069648, 0.2, 105.17070114625785
0.0, 0.2, 39.02653668076993
0.1649877368389523, 0.2, 46.582000760482444
0.058450204167847825, 0.2, 8.733679132698807
0.14223387864386836, 0.2, 63.83598851863612
0.16474369378986625, 0.2, 97.03443449897387
0.11744934596636683, 0.2, 5.059314821811985
0.19765435074344131, 0.2, 17.548017454568406
0.13231740135645498, 0.2, 98.92756803670687
0.12233439722375711, 0.2, 4.207434828136871
0.17590931899840748, 0.2, 18.64482248178946
0.15416416249965031, 0.2, 178.58649880437574
0.13494838193590103, 0.2, 43.90832918890355
0.14350603855938385, 0.2, 1.013083305235975
0.20091945024645586, 0.2, 65.65834385996042
0.1436468182000113, 0.2, 294.7630436460347
0.16546805162528394, 0.2, 17.881967964064916
0.17572282632691494, 0.2, 131.5398516591474
0.13423713515677746, 0.2, 61.02111398297154
0.1892553230300556, 0.2, 63.528196627812726
0.2387013721416556, 0.2, 862.3758292204112
0.1385105786148822, 0.2, 202.9160061744501
0.16613441290778683, 0.2, 4.1167951864534045
0.14794930068722276, 0.2, 186.3571851296486
0.2220840416262344, 0.2, 3.0858490531891425
0.2094145314164477, 0.2, 35.35807751956126
0.13517094943059338, 0.2, 58.17059278421713
0.15688141059703517, 0.2, 110.48404604469192
0.15999885205410003, 0.2, 59.331557975711924
0.14808898480955043, 0.2, 52.85996662472426
0.048612318957951706, 0.2, 70.05441737130259
0.20717834660532372, 0.2, 142.80963524041996
0.04650500452402481, 0.2, 53.03423063101887
0.23705246649267242, 0.2, 32.43278165728509
0.20849663487525927, 0.2, 73.47723106184064
0.12771514407815115, 0.2, 92.52316264353331
0.15599703408461993, 0.2, 6.714907379341692
0.13713863189062356, 0.2, 63.828614818902196
0.13907800120573482, 0.2, 110.41958747596674
0.06503591314742951, 0.2, 56.62666980481099
0.14018906114410706, 0.2, 317.28443528514265
0.18748881950908786, 0.2, 1.3543259960891967
0.17232687452057902, 0.2, 147.04947943772063
0.12424849698762777, 0.2, 14.341978870654495
0.08598817339195387, 0.2, 28.399041079479872
0.15359933544867962, 0.2, 2.9758173088187676
0.14932945870176398, 0.2, 125.10699399998664
0.1768585453677916, 0.2, 21.33812633688537
0.18922095924181412, 0.2, 54.32844829146955
0.12338679894025914, 0.2, 9.07726371151951
0.11916645227684183, 0.2, 14.520231504799876
0.14636344071783483, 0.2, 27.05455864922698
0.13551721661573307, 0.2, 22.082551263021717
0.16819158231486783, 0.2, 75.1059285916529
0.1318312736532667, 0.2, 0.3307016369158397
0.15628930799643603, 0.2, 22.07441612693813
0.20342179111494588, 0.2, 36.30699338824512
0.16738522377164858, 0.2, 243.9076517861054
0.1497032440270165, 0.2, 77.12914344093488
0.13287537110696196, 0.2, 21.22321849015016
0.143729072316833, 0.2, 36.014731876367975
0.10659893545494953, 0.2, 29.824334163097454
0.16143379818033035, 0.2, 232.26410111763207
0.1888001707721943, 0.2, 253.93154057417144
0.1384301890616465, 0.2, 68.0513907001864
0.09591938070226042, 0.2, 47.1615624589759
0.11992420741510831, 0.2, 0.0
0.1820676622038553, 0.2, 48.41744705227422
0.1915860384651081, 0.2, 158.53447927510624
0.1565920750520977, 0.2, 63.995947622213585
0.19394837022556016, 0.2, 9.543807960777992
0.18156758626082933, 0.2, 61.74241431955201
0.1858629636411852, 0.2, 35.56309331674806
0.20919632150611306, 0.2, 91.3658833152564
0.04937405668651429, 0.2, 20.88281670974361
0.18506362773692425, 0.2, 52.677519584650575
0.06835244330018676, 0.2, 119.84474753345711
0.20126637480973622, 0.2, 22.487048761753314
0.13050677555933662, 0.2, 57.99525606356326
0.13005504876683585, 0.2, 49.025556903454785
0.16061170055301086, 0.2, 143.5939683886378
0.10700878798203597, 0.2, 125.22360894896059
0.15955295587069007, 0.2, 100.2190182057507
0.19288944119891097, 0.2, 56.11676331304068
0.1657507134089689, 0.2, 79.64935470679539
0.158842007699617, 0.2, 33.20361647083779
0.19227205215518556, 0.2, 6.872550606932309
0.22346108948349544, 0.2, 48.06158792199784
0.13749877056816567, 0.2, 15.858831072762438
0.12258938783707035, 0.2, 31.715139135517912
0.1225256392203012, 0.2, 43.729133873722404
0.1302357740506354, 0.2, 238.7816548296327
0.17099723618707996, 0.2, 52.96773358061946
0.0990913568245493, 0.2, 38.978603683213535
0.12887965930931478, 0.2, 6.252765172749559
0.14865168441874158, 0.2, 322.4511137727478
0.126521326828138, 0.2, 7.646067338260292
0.148579497420964, 0.2, 75.84439773109894
0.1923327486434474, 0.2, 113.29192566872109
0.19743804894119732, 0.2, 10.647781957225607
0.2057269144149129, 0.2, 38.29348880198114
0.15601206060676973, 0.2, 31.976522763633913
0.1352416257970615, 0.2, 68.47249213170038
0.13747801363159204, 0.2, 23.062326663671026
0.0572573466508345, 0.2, 18.44880762526665
0.10468764210970272, 0.2, 102.93044497569724
0.1626952341708694, 0.2, 17.31720815234919
0.11308087024337346, 0.2, 307.6208153451603
0.19466517865685085, 0.2, 163.21472417315724
0.18877035804277503, 0.2, 8.110762627002414
0.1470259199771212, 0.2, 42.90106429866937
0.10866057372914173, 0.2, 2.286252362552826
0.15459697702094752, 0.2, 90.46115042252771
0.1721190738202411, 0.2, 57.14911624973305
0.17655464614688998, 0.2, 67.13839694085082
0.21747212682149986, 0.2, 77.34263117898968
0.13568898085189846, 0.2, 89.07611297655406
0.17810369434128093, 0.2, 161.34476699380895
0.1807105143500425, 0.2, 10.16729391178544
0.18861571424676465, 0.2, 97.27428627613402
0.18795730633036656, 0.2, 41.10254885806368
0.1746869900237321, 0.2, 1.7229091220723933
0.15417310713662502, 0.2, 15.948849822616868
0.11795118622792722, 0.2, 66.68929517481332
0.06746766626608586, 0.2, 176.1148699245973
0.08148768084998793, 0.2, 128.57414285033676
0.20894034870678505, 0.2, 79.09848324657206
0.1735959155945502, 0.2, 289.7199328678496
0.12944440259509596, 0.2, 67.3081061273961
0.2340940763767114, 0.2, 1.2960547709227797
0.17928338460991305, 0.2, 10.068272474340718
0.09442099360237677, 0.2, 44.821080113400704
0.12051870613003379, 0.2, 123.73434671777595
0.1401981247923442, 0.2, 36.34358931571758
0.08848043742668887, 0.2, 209.74237615026206
0.14881098910318552, 0.2, 228.9677514655512
0.1522566715183251, 0.2, 3.0906601224088175
0.15237987074224896, 0.2, 143.54076085827248
0.09503441385336955, 0.2, 9.476213433217547
0.14957517083294936, 0.2, 190.03873860358783
0.1542297040434561, 0.2, 52.635762556209436
0.14081625714861845, 0.2, 147.12352904460866
0.1940582338647278, 0.2, 213.44685599905458
0.15965348842825905, 0.2, 11.020064432434314
0.12069474712616052, 0.2, 18.19635747491648
0.10549471065765223, 0.2, 311.4825399714029
0.185688999178378, 0.2, 9.776707621370255
0.1819023886372, 0.2, 55.81110450715537
0.19946639140124095, 0.2, 50.563411957716696
0.10321552012986185, 0.2, 39.77022276162403
0.14285067363641568, 0.2, 67.00553277110079
0.12229615081221462, 0.2, 56.807315560301376
0.1385163369283937, 0.2, 70.23804445359691
0.15061821991891064, 0.2, 34.03556145278738
0.1987787759898987, 0.2, 32.411292068808194
0.12649404822670665, 0.2, 31.264611451001777
0.15054343952222424, 0.2, 77.6940836910885
0.09798627710073032, 0.2, 88.84433404951207
0.1845005610197505, 0.2, 59.72309067130509
0.12378763762763667, 0.2, 106.953526583668
0.195469795348372, 0.2, 324.57050478615986
0.12885639968181017, 0.2, 18.132618241410523
0.13979536394858574, 0.2, 259.2196719298614
0.23016250077824332, 0.2, 10.716022032650843
0.08555449844769368, 0.2, 85.50128003942557
0.19933727073635463, 0.2, 20.19794443873088
0.16231672319878204, 0.2, 47.199745206948776
0.09149886598605814, 0.2, 101.35511873050925
0.09972214058208057, 0.2, 253.04076697191988
0.11594461260800283, 0.2, 67.98189213554214
0.09594720189863473, 0.2, 55.60117347025143
0.12435544422761102, 0.2, 55.8435649858539
0.21861991854608898, 0.2, 45.04152182547908
0.1071609281588713, 0.2, 32.51290670827645
0.058103981720174766, 0.2, 223.92964108763297
0.11148633839428415, 0.2, 110.30998109516672
0.10061671976236773, 0.2, 279.1767161663985
0.11590549549476345, 0.2, 41.696699828335205
0.19073665799280612, 0.2, 17.245568877523223
0.2159295972170501, 0.2, 759.4771960161761
0.15617828403640815, 0.2, 145.13707267487266
0.13133724708160174, 0.2, 183.24453809384084
0.22938302532660076, 0.2, 185.16852219932827
0.09839029299443472, 0.2, 86.73655595263493
0.14101261012357397, 0.2, 58.158448368146175
0.07747358200116149, 0.2, 20.13765765562068
0.1757145236149242, 0.2, 5.968854167923998
0.1833361827715561, 0.2, 16.960911541729658
0.11338010116719502, 0.2, 103.81520162235508
0.22429398656798097, 0.2, 2.1581372184305474
0.15888339616848518, 0.2, 268.7493659614196
0.1536418085258931, 0.2, 50.05785769908731
0.12829928194448714, 0.2, 259.5314370183993
0.11005309414122894, 0.2, 63.9831034864177
0.16585846088571035, 0.2, 17.891646137933932
0.22502986158589305, 0.2, 148.41029057228707
0.2332685403474612, 0.2, 6.095430398080861
0.22744113480547912, 0.2, 88.12671469513822
0.163410046981057, 0.2, 62.62930215205568
0.2071926118569028, 0.2, 259.1550820461796
0.16718653895481644, 0.2, 103.1146987464386
0.1707889674856406, 0.2, 297.56438291971585
0.17313170791460009, 0.2, 146.98971768583883
0.1202014214648281, 0.2, 96.90443259585001
0.16210744431593543, 0.2, 258.10842253634695
0.20682815785715833, 0.2, 6.606122013860608
0.1578193814984089, 0.2, 16.41434963973644
0.171987214389426, 0.2, 32.64934805196363
0.15471443403508248, 0.2, 31.403270836852634
0.23093661791255682, 0.2, 133.71215374204132
0.16748064578452726, 0.2, 12.160526367613777
0.13532174565307176, 0.2, 9.810573126395639
0.17938537283108794, 0.2, 15.175418116779023
0.1401010847316403, 0.2, 12.213375381788811
0.0865631481336707, 0.2, 60.636118887764674
0.16009071738075095, 0.2, 25.780569043849425
0.20578201529894502, 0.2, 105.47695542037914
0.1461158375438702, 0.2, 50.849130909292526
0.1277179119458523, 0.2, 112.21423959867818
0.13763344987567483, 0.2, 59.98557856379766
0.12739726473017743, 0.2, 22.953690985937648
0.18072150901989717, 0.2, 75.5196209398913
0.16535646153625674, 0.2, 17.996330229573505
0.08386953364371183, 0.2, 38.66582303224286
0.20039553638488306, 0.2, 2.756265800172627
0.11903113772757154, 0.2, 10.060418687308267
0.13348517792175416, 0.2, 25.225880134435137
0.1838475642596668, 0.2, 4.499763570863858
0.10521520697183914, 0.2, 71.70767298722191
0.118763326380313, 0.2, 50.33515521351601
0.19197926971872645, 0.2, 96.29747185843685
0.13543275091925874, 0.2, 39.79493734007755
0.1191890500253168, 0.2, 5.7884585744755706
0.18179739940478978, 0.2, 306.8048020581622
0.177451368062224, 0.2, 249.42045328365228
0.15804342444404648, 0.2, 86.34217787424902
0.11787463147995708, 0.2, 47.34466420930727
0.15280915810502366, 0.2, 22.712231209644543
0.20248807081941295, 0.2, 94.10766374927381
0.18963263239928294, 0.2, 324.05481770735946
0.1631836993347611, 0.2, 42.756786657393484
0.13795548033894428, 0.2, 56.37428668172505
0.17584559728956403, 0.2, 1.3774847575021454
0.14543277511770736, 0.2, 30.040750962102265
0.20672103883661114, 0.2, 119.47544104059
0.1484895989894971, 0.2, 141.03604139576714
0.13640594926361937, 0.2, 74.1237941721796
0.1417429461817935, 0.2, 151.27217799098656
0.09565068256190401, 0.2, 125.3316181470056
0.1308922245035719, 0.2, 85.7932424313829
0.10433265088760774, 0.2, 1.2143881529374596
0.16210827986319362, 0.2, 43.327435098943944
0.12567669012621777, 0.2, 21.510276279161385
0.19860190602809222, 0.2, 35.75783315121736
0.11642289460093999, 0.2, 13.844138439091804
0.15864316954884602, 0.2, 6.412049244792434
0.16392254253295002, 0.2, 18.046106476288415
0.23671619799603594, 0.2, 46.751369501677495
0.13149934304024272, 0.2, 38.220499249587164
0.09746565234751711, 0.2, 16.659104096205006
0.21580155458189304, 0.2, 94.65999849845802
0.20667291188067555, 0.2, 113.79671233135029
0.20562129623206743, 0.2, 93.06991374800948
0.14221732555945377, 0.2, 20.84552706648683
0.18809054099876885, 0.2, 25.240559656899514
0.19952969375195373, 0.2, 51.053869772762184
0.1370951818150516, 0.2, 30.684252577923054
0.15008194082270976, 0.2, 12.710952561618294
0.2202085494052231, 0.2, 229.70319970178218
0.0668045180988488, 0.2, 80.92008387897141
0.1973773181553892, 0.2, 186.36537361990005
0.09162374549609029, 0.2, 190.9248961444963
0.15785410620520204, 0.2, 35.15117356312531
0.21159929336358932, 0.2, 0.9664332750577413
0.08871714174435763, 0.2, 198.83390889506958
0.1491939858339387, 0.2, 9.867167588891085
0.17954845098920572, 0.2, 55.25155779307268
0.16737532173249384, 0.2, 34.37168183580368
0.12411393667016811, 0.2, 93.01534956319026
0.17400499866025235, 0.2, 35.02458861040044
0.16285936223973527, 0.2, 184.68137174429708
0.13773333639644908, 0.2, 87.14468119368654
0.15953883608929206, 0.2, 41.65163428699776
0.1320727682212861, 0.2, 141.65494205373014
0.12339266324853064, 0.2, 10.348415856432343
0.11291860605534418, 0.2, 116.45454094698077
0.1388447143990606, 0.2, 18.487249681756754
0.19185623256200904, 0.2, 60.43316871710655
0.1689767449506592, 0.2, 342.5729141618707
0.14271962770516505, 0.2, 67.74486062620426
0.12305875359666321, 0.2, 18.325539649965666
0.16446702943265545, 0.2, 24.2122612800313
0.15117746928593337, 0.2, 53.76265930391126
0.12879538980352842, 0.2, 5.433931439272548
0.23926444675070122, 0.2, 64.91693928008223
0.1400110988481642, 0.2, 37.466039358052456
0.1159634856476591, 0.2, 36.39730720355664
0.14021848940253423, 0.2, 63.53473648317829
0.13844829609025705, 0.2, 73.20684985659479
0.17949206314212432, 0.2, 282.03947792025406
0.14715196041133877, 0.2, 23.09801349524599
0.12540917013582065, 0.2, 7.261923744774882
0.17640236407731125, 0.2, 55.8626529625072
0.17962811298199113, 0.2, 64.90264672274071
0.18088448498396786, 0.2, 59.13360448810586
0.19867844600430926, 0.2, 112.92220825276627
0.1742678593509452, 0.2, 28.099537962679687
0.10169567203181412, 0.2, 67.32698257340276
0.12931886714394472, 0.2, 54.01199184940571
0.1387631393464127, 0.2, 17.252514495445997
0.17053865523138623, 0.2, 42.97006245225433
0.13681762372486828, 0.2, 135.86252973680945
0.17009527099310345, 0.2, 25.072722508246628
0.08905548107764835, 0.2, 25.85496684005198
0.08341138696989331, 0.2, 91.8945387239576
0.05789255506581814, 0.2, 59.440140985092214
0.11973392678644938, 0.2, 40.262872158977586
0.1613944680410563, 0.2, 14.422138808003691
0.10664476943768476, 0.2, 327.6946532306589
0.12159357101295538, 0.2, 32.686656999733344
0.16079214157150387, 0.2, 255.54037184056943
0.1540561932475677, 0.2, 36.90708994771279
0.20360592024320112, 0.2, 269.3410938776079
0.191146272689312, 0.2, 143.8297401462618
0.15154874766510334, 0.2, 66.98638793684238
0.18163893259809905, 0.2, 47.151215932904385
0.14151689019861569, 0.2, 4.942251110172627
0.108340743234068, 0.2, 194.44381962140272
0.17515415565810283, 0.2, 17.976097351978886
0.19400792267683764, 0.2, 10.209920837212046
0.18618148468849757, 0.2, 150.49481696959947
0.2051758809792662, 0.2, 5.384530075532595
0.16774989430556256, 0.2, 145.59915581022818
0.204847331453793, 0.2, 126.89179087313131
0.18520138900400407, 0.2, 17.56834436858368
0.13532939474082145, 0.2, 143.31228356765146
0.17852891123811437, 0.2, 143.3023815103771
0.18838090055844067, 0.2, 48.246218569760686
0.1416653542696547, 0.2, 5.616353626355962
0.1006983687741993, 0.2, 74.84501367615758
0.1203648186299402, 0.2, 56.47280889723046
0.12379289152597168, 0.2, 66.53568298788014
0.1594629187105061, 0.2, 16.643635634348666
0.1964521942425564, 0.2, 12.537642497500922
0.1641696017368498, 0.2, 26.433260258351037
0.1396410022675915, 0.2, 26.814680488073193
0.15006465182136572, 0.2, 35.778859797415755
0.10700921733065141, 0.2, 173.71325424794315
0.11289856715871663, 0.2, 40.56476911832194
0.1299535146666679, 0.2, 7.086497144021104
0.1152172278656053, 0.2, 31.47491023067923
0.01070927481735573, 0.2, 97.07697099959415
0.22087981598909837, 0.2, 18.317508107845875
0.15932478807086548, 0.2, 28.62437431631041
0.09947645208595823, 0.2, 345.87409593139233
0.117340507056391, 0.2, 80.69190862836088
0.2067200382459062, 0.2, 124.74129018368517
0.1663046903454846, 0.2, 16.954419072377483
0.13248890389133405, 0.2, 164.42954623082403
0.20224512128479347, 0.2, 26.38235514584271
0.2256893076938873, 0.2, 18.639462149492385
0.22001368207137662, 0.2, 83.19731261859378
0.13791373836915954, 0.2, 13.658483400230603
0.16193307982828595, 0.2, 14.119670221375682
0.11878379167081907, 0.2, 68.76142691048486
0.07659367251279563, 0.2, 3.149583141902696
0.20566235467483363, 0.2, 52.54568932330644
0.22835120698151998, 0.2, 22.817350754565048
0.1151435753725273, 0.2, 7.511762486910719
0.16271069922080103, 0.2, 44.04316468002226
0.2060301464895386, 0.2, 12.46148055874803
0.09716725995861777, 0.2, 116.29472995996136
0.17365205700791383, 0.2, 52.4964665687288
0.14682223971442684, 0.2, 73.6982324572147
0.15618318666223827, 0.2, 108.96699975409078
0.1471622639478125, 0.2, 616.0319119359633
0.2033920241442615, 0.2, 50.4653950479149
0.16272203125578452, 0.2, 42.77730647825852
0.08161799305696268, 0.2, 27.459308380300858
0.15746661244648782, 0.2, 31.68063589870638
0.1258861914300613, 0.2, 48.30927206515659
0.10323121083430839, 0.2, 388.027483616401
0.21014807867701596, 0.2, 102.8475448125857
0.15676983268007658, 0.2, 86.39980830817932
0.14096361173103727, 0.2, 24.20761770103705
0.1708525610186831, 0.2, 264.39444331468695
0.21718251799651772, 0.2, 7.022793036951213
0.07477953060066135, 0.2, 44.23113336002731
0.17505108705147124, 0.2, 42.39289291514366
0.18855659188450616, 0.2, 183.06396409055586
0.12373958109736712, 0.2, 45.76806527376321
0.14934732775344114, 0.2, 27.418780162336883
0.1671742548919286, 0.2, 191.88408864253378
0.12192340013301248, 0.2, 0.3058267186252008
0.13194343132885267, 0.2, 23.029569936395596
0.12440314389176632, 0.2, 123.9504995972684
0.17213837137788793, 0.2, 183.83638120967805
0.13680616451831662, 0.2, 132.8892137568244
0.14063867896540538, 0.2, 168.11668725860346
0.20443551853247452, 0.2, 119.39245571311208
0.20045137785328382, 0.2, 40.85360555219227
0.14772061651466845, 0.2, 58.135289387113545
0.18291752046525708, 0.2, 56.926512096296776
0.2059415412281284, 0.2, 79.70873123660397
0.08796971848735771, 0.2, 19.383307278373014
0.15968446022592617, 0.2, 49.209011782157525
0.15862421287396242, 0.2, 39.74402633086484
0.13046060312344415, 0.2, 40.26492510233416
0.15253453415132906, 0.2, 25.368609877203344
0.10111601358204513, 0.2, 52.86304860748713
0.10538874861478345, 0.2, 162.2635277855999
0.2053168585868966, 0.2, 181.1869692724278
0.14667562670538187, 0.2, 21.754075125204825
0.16261404655195263, 0.2, 1.7872713273753236
0.1622335487917986, 0.2, 299.52074622799927
0.1585505747999578, 0.2, 27.394712880144876
0.028547035495193968, 0.2, 308.01092340253695
0.15254892184078167, 0.2, 32.91241594385252
0.17112416030605052, 0.2, 15.823368703031226
0.1670901145634907, 0.2, 39.93744891894923
0.2013072588291468, 0.2, 58.58483805094281
0.16898707668042762, 0.2, 82.12881682518454
0.09435192558558114, 0.2, 223.06855558762894
0.09630415851823845, 0.2, 0.9084529382758617
0.20294541916455044, 0.2, 85.91190315881605
0.16843525284454058, 0.2, 27.225138244541284
0.0806851285838292, 0.2, 46.37997131076261
0.10783599265749731, 0.2, 0.0062026175986566595
0.1387933492539144, 0.2, 37.08316051077095
0.1474913703315827, 0.2, 244.56430303296662
0.18875421053234398, 0.2, 38.25974975662262
0.11884804853156586, 0.2, 180.97755665327722
0.13889690895948711, 0.2, 91.24074625130098
0.18731873368291166, 0.2, 96.38270651796468
0.18612073926533174, 0.2, 136.10905448309464
0.14294046470925184, 0.2, 126.5600963634502
0.1526926235688401, 0.2, 14.869697655029553
0.15440403314765527, 0.2, 19.103409481387665
0.10430459920206725, 0.2, 40.701517624420276
0.14519964855643513, 0.2, 43.30046144204641
0.17370483633665687, 0.2, 22.24201657661944
0.1529406410233705, 0.2, 29.378587692216016
0.17589643345090358, 0.2, 27.307136917355383
0.18988360224813297, 0.2, 31.78071445175502
0.08505309243693945, 0.2, 7.177013051731784
0.20268898645143807, 0.2, 40.16003668855199
0.10128398413855244, 0.2, 171.87941302920615
0.20862795679394402, 0.2, 6.626883079242655
0.15140511774447146, 0.2, 28.103805287987083
0.1875358083877096, 0.2, 17.555520969029462
0.21735452929813565, 0.2, 216.66777183035327
0.12497842150788793, 0.2, 13.99958873330615
0.17810081996846083, 0.2, 213.3709136981988
0.13634474841879335, 0.2, 52.430137122628636
0.20624829892978624, 0.2, 202.47611128323345
0.16460834276585634, 0.2, 2.7103820395908427
0.10304604970013041, 0.2, 60.68993546676931
0.10776132723172802, 0.2, 51.3621947689425
0.11154208978594929, 0.2, 38.75877050541073
0.09493062217704307, 0.2, 20.265372553465646
0.1377402269751911, 0.2, 131.62774855501203
0.10767591649910463, 0.2, 9.254829189307767
0.1157535643411324, 0.2, 127.78033698560873
0.23350516088929443, 0.2, 36.07599769755541
0.16796616292460176, 0.2, 39.9740865681534
0.16847828911886822, 0.2, 35.779418999093664
0.10130471881316516, 0.2, 24.020529167576992
0.11038353420112183, 0.2, 55.01501966133145
0.15237061044562117, 0.2, 78.22643442412432
0.14981960640106948, 0.2, 122.1044165908067
0.15990883316212362, 0.2, 92.3568499839178
0.10857343626844698, 0.2, 39.01459362553461
0.18567835128349913, 0.2, 25.65113205642486
0.1408431925361422, 0.2, 18.27654842128061
0.17860986280490457, 0.2, 27.993676397230306
0.16835894084203226, 0.2, 38.347304168368716
0.17520905339812412, 0.2, 28.19370454241152
0.15540832348107084, 0.2, 17.060869067595046
0.1322122843241057, 0.2, 5.245989911460006
0.14730106327868692, 0.2, 35.52078085783866
0.17343420258844228, 0.2, 64.64484266202676
0.15833188499788237, 0.2, 17.198314722523094
0.13901023820056752, 0.2, 49.50927226259569
0.13597875656570246, 0.2, 238.21816009728542
0.09190041332003654, 0.2, 4.848597131314392
0.1343820228773981, 0.2, 90.41017029287896
0.12615920879006323, 0.2, 41.2010545519949
0.13751937609468592, 0.2, 192.34784774464185
0.20182599137034302, 0.2, 26.7143669064341
0.20469304898112795, 0.2, 82.61752242821623
0.12969351374941224, 0.2, 65.41547557903553
0.13912653962800028, 0.2, 2.303892119133255
0.1539419699844061, 0.2, 57.756366948335575
0.12203061229289358, 0.2, 71.71971543704512
0.16933034943658493, 0.2, 9.345248538288995
0.17269438897796535, 0.2, 142.6913923292766
0.16582048329923552, 0.2, 25.233969691077665
0.10581853751249774, 0.2, 76.29928533569735
0.0983343135941308, 0.2, 5.7638027894425345
0.14539009695801033, 0.2, 12.321505644124468
0.17807225992108733, 0.2, 23.265970564302723
0.17380225624313894, 0.2, 149.6448543031243
0.200799330300151, 0.2, 17.97414732192899
0.07939854486439599, 0.2, 13.522349751658595
0.14594792833919643, 0.2, 87.63960050366684
0.16898479982428075, 0.2, 4.719532222134317
0.09974417093270556, 0.2, 11.135634538284204
0.15869928856260182, 0.2, 5.502255547919031
0.17315174611089446, 0.2, 15.101852309505555
0.1698248600760664, 0.2, 26.34680984715614
0.11621582226059285, 0.2, 197.6920935466355
0.12342761415320047, 0.2, 123.13982970444758
0.03892384191054911, 0.2, 15.702075081116114
0.10226260060995716, 0.2, 21.75754370432036
0.12561433366272368, 0.2, 15.817092035032868
0.10903253651680006, 0.2, 18.627601931644048
0.15556707633449487, 0.2, 62.25097404186181
0.1293933144558753, 0.2, 58.151314565017834
0.1337164428306763, 0.2, 2.7190958331266883
0.16893105024181423, 0.2, 7.085932465219417
0.13825191098282438, 0.2, 2.945513595428325
0.1644153911978665, 0.2, 196.7024624708318
0.21413934997965733, 0.2, 395.26101053015014
0.12781094977371338, 0.2, 48.43467652133816
0.12286817677875174, 0.2, 58.59822965127261
0.13532213254940312, 0.2, 45.34253487615986
0.20244229414561293, 0.2, 197.9880377341854
0.09122607419792088, 0.2, 81.80563835133884
0.15487794136846794, 0.2, 62.29903069892391
0.1781167371299998, 0.2, 220.3327365335597
0.14346962136081068, 0.2, 86.5102855189681
0.18857610223925186, 0.2, 17.294513472276257
0.11504599991852002, 0.2, 57.91957085603122
0.09480320050622659, 0.2, 146.45224239885655
0.154110048497512, 0.2, 97.50552795983582
0.09685754640055763, 0.2, 13.749674990358594
0.20075622327121193, 0.2, 69.10747666940324
0.09440821509979382, 0.2, 19.739899318200532
0.2372311808562137, 0.2, 16.8119109865864
0.16901662597766345, 0.2, 614.9728899620694
0.10038364863525498, 0.2, 18.103564608225316
0.12479693183493941, 0.2, 90.57976347240957
0.1598338155659772, 0.2, 7.428718015125982
0.16092565228745467, 0.2, 64.14825342762585
0.1729429955242891, 0.2, 4.610888908994635
0.136844457479485, 0.2, 38.398968900313044
0.18301849268089226, 0.2, 58.12576837119343
0.1536112433917027, 0.2, 79.08200898714964
0.2197219968202544, 0.2, 99.4494320427451
0.11022348642212795, 0.2, 92.54436986565085
0.1531691300504922, 0.2, 45.33826879575668
0.1586421927891999, 0.2, 19.120207600136656
0.10747172770189284, 0.2, 107.94881959171376
0.12435615853294443, 0.2, 66.68238480325374
0.14916569808546515, 0.2, 39.67670249161945
0.23293958120613478, 0.2, 92.48744937471032
0.12289547112492091, 0.2, 101.3997667238234
0.1333799873766637, 0.2, 56.18466735583266
0.14723533750968373, 0.2, 39.56652123737185
0.035220478767914024, 0.2, 29.23422389087203
0.1465740534066094, 0.2, 138.60834829156278
0.19460083439998943, 0.2, 512.2642626527945
0.18760318383827684, 0.2, 124.11554147182211
0.17316805006555655, 0.2, 18.567267394158463
0.1439986969050324, 0.2, 20.89017874688716
0.10452742873433205, 0.2, 50.3414905448056
0.16729486975789515, 0.2, 104.04350664705451
0.19026117988812302, 0.2, 5.027846110966543
0.19789561149507676, 0.2, 1.539071162972811
0.24128825798656034, 0.2, 121.72186564788775
0.17338421313003385, 0.2, 26.009154589944625
0.026120447459060753, 0.2, 63.37037581407601
0.14399706424113612, 0.2, 49.94907145321064
0.17552734099815248, 0.2, 22.488206885295224
0.20182069365890923, 0.2, 0.4724450649103578
0.1356602614011235, 0.2, 114.86136143720636
0.17126442907172476, 0.2, 49.7571892779829
0.16110046206642414, 0.2, 22.166758241484512
0.06820634069569788, 0.2, 28.884685736136905
0.11293049267251029, 0.2, 24.930078380751066
0.20718153959402044, 0.2, 28.192802429697586
0.0704873603619385, 0.2, 32.307765640342396
0.180204783250933, 0.2, 117.39225884826915
0.1861721594676893, 0.2, 24.1217601898942
0.18788441192576893, 0.2, 3.567270941449983
0.19716082850243755, 0.2, 32.74568974025239
0.14796592183803967, 0.2, 142.2204497122939
0.19383596978400183, 0.2, 178.0185498297664
0.16480200905675593, 0.2, 45.26624915981342
0.11512000871484261, 0.2, 266.8967922931116
0.12623933071532067, 0.2, 9.06101885431273
0.16881422920867625, 0.2, 25.219702438622587
0.1752379970536774, 0.2, 33.21200291964714
0.14373405386431293, 0.2, 82.49637595095079
0.10887696235023203, 0.2, 5.686038153935888
0.19153722739419687, 0.2, 49.383460731112166
0.2118598655908804, 0.2, 167.23835616745572
0.22652072822987435, 0.2, 539.236684136407
0.16017697808543255, 0.2, 30.484409099931433
0.22417260087464103, 0.2, 44.68980065127568
0.1344508378462797, 0.2, 4.15048032289731
0.11867153990726312, 0.2, 116.34571313546357
0.09791658269909806, 0.2, 21.31336593385213
0.18135073268865762, 0.2, 126.30004205759573
0.13252547570472767, 0.2, 36.596645175936345
0.1934615199325056, 0.2, 12.64122702587695
0.11977990308105478, 0.2, 111.13537218073438
0.10270734949125887, 0.2, 113.15962976437048
0.10021246083427869, 0.2, 99.4816001141101
0.10984446077374324, 0.2, 128.82506809168768
0.14963045138953193, 0.2, 223.38876896128474
0.20938671772131384, 0.2, 26.37789762067314
0.16852614054291531, 0.2, 104.0871991572111
0.1763205961107115, 0.2, 37.09401549459803
0.06664823082888847, 0.2, 22.175774675055802
0.10861082794941057, 0.2, 162.024953628318
0.15061909027274747, 0.2, 66.22735645787964
0.19151790072245528, 0.2, 81.20214219609578
0.059301652658818635, 0.2, 31.15770724853947
0.1462753348860148, 0.2, 7.096850367797377
0.14985800803346763, 0.2, 75.9092040222884
0.21381520694702033, 0.2, 69.22730191719829
0.14340661750795627, 0.2, 158.4237509723479
0.13809965274934938, 0.2, 2.8227294951824233
0.1353913049335153, 0.2, 1.541186418749727
0.1692141919948514, 0.2, 123.32684521119837
0.12427327431424191, 0.2, 16.247811298087537
0.13380752299225326, 0.2, 68.59217688668913
0.17018527637319023, 0.2, 152.35988354522362
0.14503185013585307, 0.2, 5.8908297170770405
0.13001304658785937, 0.2, 70.81297682080681
0.14679087131562096, 0.2, 5.653774649329099
0.1288850844125711, 0.2, 17.642712195288237
0.09982352337935844, 0.2, 46.035119863626235
0.1379557948893055, 0.2, 1.60414212459848
0.1588470157425141, 0.2, 10.985605918778212
0.1568359375774877, 0.2, 108.46695002601054
0.17135986207827716, 0.2, 16.080638970400173
0.17530779165772095, 0.2, 36.704347307161235
0.11189734480007744, 0.2, 83.17746057540744
0.05665590665800717, 0.2, 253.95011832704364
0.11168372492086556, 0.2, 96.5076362533236
0.15754920088674648, 0.2, 64.86387111978944
0.17304818770045405, 0.2, 123.53692655053456
0.12104206259713787, 0.2, 7.957493795850451
0.16613000583263757, 0.2, 11.968111520304095
0.027438661839167433, 0.2, 57.62567251595475
0.12186223503627766, 0.2, 88.14190761154813
0.15656127209597354, 0.2, 26.818009896205623
0.1666401206831833, 0.2, 50.3801949899365
0.16708437925942551, 0.2, 101.94429277168848
0.17169415833138393, 0.2, 56.74395177137276
0.15867700364466658, 0.2, 57.76146800759494
0.04329868078741492, 0.2, 71.82058430933827
0.16970037066576615, 0.2, 225.56240673350678
0.11365956629703623, 0.2, 45.770471845988936
0.08896083232750057, 0.2, 98.7904390730883
0.18431642723004105, 0.2, 55.31101775599026
0.1692418552423503, 0.2, 120.69742620902645
0.13483878929876503, 0.2, 43.87960074263793
0.1670847974484047, 0.2, 128.1160437711177
0.20009304596149696, 0.2, 165.09410852036987
0.09314708614086295, 0.2, 15.59861625360026
0.1966308691430386, 0.2, 38.867920426201
0.09787754113204439, 0.2, 5.137973910261113
0.16070972134616443, 0.2, 40.678809398066164
0.08917223352771048, 0.2, 7.23569848348478
0.16803571666069292, 0.2, 2.50477422104884
0.1412091413239903, 0.2, 65.85878761538801
0.06480453197183353, 0.2, 9.093302483846994
0.18774486742909297, 0.2, 54.47701722390836
0.10747985256533242, 0.2, 75.21820800906097
0.14410123642955952, 0.2, 0.5147631563424424
0.08466087506188197, 0.2, 76.33782794252805
0.14383943980584973, 0.2, 21.105948579434074
0.11269654806698073, 0.2, 188.019663364795
0.14202210447259253, 0.2, 55.59989453883269
0.09191159318720848, 0.2, 327.9201802658308
0.13026247760517215, 0.2, 223.46643992747428
0.11589567815979149, 0.2, 85.71573162563054
0.13198566046133453, 0.2, 12.02893799625071
0.18314586348641704, 0.2, 150.59059608744676
0.1909640246665362, 0.2, 13.95111386818518
0.16991129137313823, 0.2, 145.99274786933293
0.1454135218878024, 0.2, 15.352251793941598
0.16461194770270693, 0.2, 234.56150625128936
0.15146235040846526, 0.2, 80.67574985355891
0.12510650199953632, 0.2, 99.98306263078992
0.08799371786522014, 0.2, 12.730779169795024
0.1643845832736046, 0.2, 0.6366656136547224
0.17905403735335818, 0.2, 79.6673914071398
0.1041580377453204, 0.2, 24.074778920750617
0.15333462135430054, 0.2, 172.07928046152577
0.1463120783982669, 0.2, 69.00692930285173
0.1757797940413372, 0.2, 63.06917220688109
0.07851254689503505, 0.2, 32.18056204687169
0.15563905924405097, 0.2, 23.742774824545968
0.15818481896898845, 0.2, 33.91645882909607
0.1544100658609782, 0.2, 27.27728372513412
0.20191022726910915, 0.2, 75.29787357318142
0.09675810550308003, 0.2, 33.08053253242011
0.15792384487730857, 0.2, 114.61356792146526
0.13660803932864946, 0.2, 30.33290423382455
0.18089794820582933, 0.2, 158.41653970392483
0.050984437310085146, 0.2, 63.861000931578786
0.15284652733300969, 0.2, 48.73084808438894
0.19529820314329954, 0.2, 2.9167920500272073
0.13878856277653698, 0.2, 55.19048012250949
0.12194225650154678, 0.2, 41.95268090714501
0.1582820731232002, 0.2, 30.15866816772381
0.18269220393090005, 0.2, 45.09761554383427
0.10059368106464814, 0.2, 8.961830020548879
0.11647797083053683, 0.2, 84.52077690651878
0.15493146317903608, 0.2, 12.612362888564824
0.11415013735293023, 0.2, 48.54605173287589
0.09901195995179221, 0.2, 73.46638056224523
0.13591523212070925, 0.2, 16.360278317091787
0.1060720306361513, 0.2, 122.51989676578975
0.12096376795420646, 0.2, 75.39467934378165
0.07191903230604361, 0.2, 138.5497909829284
0.14100956418726346, 0.2, 13.474452179796236
0.20320151309053477, 0.2, 3.0737414892493207
0.23188119430700405, 0.2, 190.36892641654757
0.18435538703308724, 0.2, 46.11150859582638
0.13440539390113748, 0.2, 35.871210708615266
0.20311124802846514, 0.2, 26.225052225669767
0.16621636331990047, 0.2, 12.999126150582844
0.151667899376408, 0.2, 15.725410734566063
0.1888238193861372, 0.2, 14.357778986082602
0.08672772596735134, 0.2, 13.695947285679123
0.088083655483254, 0.2, 19.755958167241037
0.16004560340548343, 0.2, 184.46647910680227
0.08890144478021864, 0.2, 8.951107440284872
0.14804884932406098, 0.2, 16.14856595807305
0.18135501923176878, 0.2, 3.2107352696586147
0.12360684686006583, 0.2, 168.9340611172156
0.12475656733955631, 0.2, 492.62183083555504
0.12387694077338396, 0.2, 72.70863239899988
0.12367843268645781, 0.2, 97.82791521081911
0.21785393938494454, 0.2, 56.397330833173214
0.16634276923154653, 0.2, 37.841561486154966
0.14575377775837825, 0.2, 18.488209958600468
0.21696576733432188, 0.2, 46.255317311133275
0.11942175252172713, 0.2, 82.31037450228523
0.14550409740998524, 0.2, 243.59814957148907
0.14582806694238742, 0.2, 55.954302305950286
0.21535314831138544, 0.2, 241.06752356299214
0.20018868711588783, 0.2, 70.45858486368803
0.17458436408027259, 0.2, 56.11405653855859
0.13860762142256117, 0.2, 22.970463887228707
0.1280656963286252, 0.2, 13.501938919682248
0.16398689959538412, 0.2, 36.94953197443209
0.15831626705439997, 0.2, 66.35614534821505
0.0756245608924427, 0.2, 232.83942778252427
0.1666971333259342, 0.2, 58.86102453014744
0.135892779913384, 0.2, 20.726847679610557
0.13399019169030152, 0.2, 6.448500047870566
0.12540010354723105, 0.2, 20.70349501341965
0.08631742754256091, 0.2, 16.542001462664018
0.18919118959294162, 0.2, 170.7147219073154
0.14767273153799226, 0.2, 7.9711058665086165
0.17932985650564687, 0.2, 62.24226963701913
0.10886308993688432, 0.2, 31.880009067394667
0.12770223362521366, 0.2, 70.03942546583656
0.19298401017887706, 0.2, 54.91619030335018
0.1658844303402095, 0.2, 28.59738472236743
0.12513466943098397, 0.2, 102.62369614633795
0.14527432487018735, 0.2, 41.86619436900207
0.1443582513635441, 0.2, 60.838645195389184
0.1895910818759944, 0.2, 185.66188034161726
0.10991005594893802, 0.2, 59.53733059120546
0.13733642746727615, 0.2, 16.043135324354495
0.19191392511532276, 0.2, 523.5881242559925
0.14688830822512258, 0.2, 8.588786559765246
0.15372453964106123, 0.2, 69.96521673740679
0.20488473705636276, 0.2, 125.32724392381164
0.16943581112868134, 0.2, 89.4587915732629
0.20317846903459807, 0.2, 39.41028263358336
0.13428610258182622, 0.2, 296.8827778433237
0.1987565747305644, 0.2, 35.318396866103086
0.23705130603222935, 0.2, 78.3834887647428
0.14211506951421668, 0.2, 17.72752763245503
0.13115453162873725, 0.2, 18.943832897226013
0.10121778120901401, 0.2, 28.462386049429252
0.09078617306453955, 0.2, 73.50408172486519
0.10167127204662961, 0.2, 49.96152879884109
0.15513612650239506, 0.2, 83.72004428690369
0.11978276122654069, 0.2, 10.494707179533442
0.13537121784462477, 0.2, 202.81673255337387
0.10494846245161812, 0.2, 221.61593840785923
0.14622821986759837, 0.2, 84.24992446881586
0.14102985640313967, 0.2, 212.63872359795496
0.13541057287005134, 0.2, 14.22936150412463
0.04811688387682703, 0.2, 0.6069840123570175
0.14935713637505554, 0.2, 0.89206720767395
0.17248896838769986, 0.2, 205.79519538806593
0.1983143071199272, 0.2, 63.64120218515652
0.1614282887174053, 0.2, 131.85514676580019
0.16820266443875023, 0.2, 354.18319632113156
0.22495624651260443, 0.2, 73.71979075953966
0.19249648414557272, 0.2, 3.5121516473992895
0.1713538525803965, 0.2, 189.26475344232003
0.21053952283483154, 0.2, 31.553441471689368
0.09651113441104209, 0.2, 34.94437494922218
0.1973448968491985, 0.2, 28.469583854919147
0.17689007172766935, 0.2, 2.812339120898196
0.25089692829156496, 0.2, 343.25122678595574
0.10751659273393642, 0.2, 40.492288148511314
0.1424855856389682, 0.2, 13.771961368707851
0.1140227242498425, 0.2, 41.97080420612657
0.12619108999330889, 0.2, 43.95900684144084
0.10358294911417684, 0.2, 124.70085974546774
0.12396845964535902, 0.2, 102.16252523195112
0.18901895059266743, 0.2, 34.43705921090395
0.10950582093577693, 0.2, 22.100613348557793
0.12603067714695626, 0.2, 8.89224703543992
0.164990312695973, 0.2, 205.5326727019011
0.14966853303545233, 0.2, 78.6021505396553
0.13256118463689018, 0.2, 314.50405000490036
0.106468815364104, 0.2, 185.01531573659184
0.1249498776242364, 0.2, 71.85149596607174
0.10498129506346254, 0.2, 1.0421380746811166
0.12322089074664344, 0.2, 235.87468346490783
0.20164077175374812, 0.2, 145.4855762917455
0.16839457726100102, 0.2, 60.79172136379857
0.1514165936388244, 0.2, 64.77240776712156
0.16811600678801308, 0.2, 49.983605613359714
0.12749803908139615, 0.2, 17.959415521415714
0.17006628798833892, 0.2, 79.37747775218791
0.14738419425623883, 0.2, 48.02362386705004
0.0956962344037165, 0.2, 87.08741615782303
0.1757974487035215, 0.2, 9.384186175166066
0.11656063519295354, 0.2, 169.45277802163
0.1718751798016788, 0.2, 156.26674572997544
0.11708255170579569, 0.2, 77.53759684739892
0.12105913457780261, 0.2, 8.483718728165156
0.11670730535840682, 0.2, 210.94500838780291
0.1759391069254966, 0.2, 123.75652838413036
0.15158541184139485, 0.2, 105.87383000391392
0.0931825620914011, 0.2, 119.18346499673632
0.1998580918547436, 0.2, 163.8699454037229
0.21433962289574499, 0.2, 12.333189636465262
0.1308312904019497, 0.2, 321.9380956782098
0.2216292793598515, 0.2, 67.46127855834736
0.11650433262311302, 0.2, 117.56699197093094
0.15310964675568708, 0.2, 2.9879237165134276
0.11832061559801604, 0.2, 8.32133600140052
0.16774349016910015, 0.2, 384.6865844352535
0.15653337922533467, 0.2, 95.70500233996582
0.2261357664748815, 0.2, 65.89117288623842
0.15619285609587058, 0.2, 77.25472005268848
0.11747552063128971, 0.2, 9.956442727063271
0.1580639903993768, 0.2, 66.8668878056536
0.08785035778039352, 0.2, 27.16206188166049
0.13279932437413025, 0.2, 41.86928077144805
0.04165455442603164, 0.2, 190.80605562324823
0.2481190674736119, 0.2, 14.948064872676548
0.1587233835193875, 0.2, 17.253252888282052
0.1469246445547155, 0.2, 24.01416985505253
0.0983135592702605, 0.2, 29.146032094271803
0.017440584152915745, 0.2, 9.067415045807623
0.15476444338355955, 0.2, 75.468160434016
0.09507702519970307, 0.2, 43.039348168178314
0.10560508712643077, 0.2, 92.63043591234639
0.13426114162232283, 0.2, 101.7113885647517
0.16886162270713526, 0.2, 100.73026835470058
0.18223501188449517, 0.2, 19.528560928374652
0.1443193507042575, 0.2, 33.31208891132143
0.09462316382364952, 0.2, 214.30181319484097
0.19075593320858894, 0.2, 8.712055806688614
0.07776464821139151, 0.2, 29.384052578859606
0.1835087918216776, 0.2, 4.584248522397186
0.16825377632139496, 0.2, 34.524954236122426
0.19271264333845461, 0.2, 78.76348127721344
0.1481558313209671, 0.2, 145.1433522860027
0.14580831976264183, 0.2, 1.0297797754590576
0.1769474650117902, 0.2, 160.7577852766554
0.1821495739024214, 0.2, 32.32030769743584
0.14630516091557846, 0.2, 103.90782386815785
0.19958775518677255, 0.2, 116.22967684323685
0.13775535787271057, 0.2, 102.27601852706076
0.10178761797921557, 0.2, 37.76255692047664
0.18879131024627333, 0.2, 145.93610267945044
0.17876333418445356, 0.2, 122.234243276587
0.17872011623725875, 0.2, 32.05329640195183
0.214063090140594, 0.2, 43.964586507218954
0.15109109533833773, 0.2, 63.55788067044369
0.20650316764476595, 0.2, 97.99031478180177
0.1818575760608797, 0.2, 75.7468807716787
0.1937556249749283, 0.2, 18.654148169960028
0.1143814379975375, 0.2, 116.20652027213295
0.12565520337655445, 0.2, 2.722060947379313
0.07234160980976836, 0.2, 15.547675580379885
0.19600522853851876, 0.2, 18.21832659406591
0.10144806053589005, 0.2, 131.6258183430399
0.1118767904647544, 0.2, 45.10571038275016
0.11056074832570131, 0.2, 26.78395239076623
0.1018950964971044, 0.2, 15.313095406168493
0.1814408250578696, 0.2, 59.71454229706113
0.14001870364240143, 0.2, 32.73975090844282
0.09652734660911719, 0.2, 59.067271116078636
0.13121855101891144, 0.2, 16.25885299666234
0.14983520990737592, 0.2, 124.04006811465487
0.12241756611997467, 0.2, 59.03854348762296
0.15442348444127474, 0.2, 107.03300935094894
0.08409625978698722, 0.2, 12.301012228298605
0.17702661220305532, 0.2, 78.40305768921887
0.1484773319450156, 0.2, 87.41439299989948
0.1396198645041697, 0.2, 27.288761357910914
0.15186521158751548, 0.2, 42.73261809360174
0.11118529493998039, 0.2, 181.17881756645383
0.1816573965939759, 0.2, 205.72422698356132
0.21354350115044052, 0.2, 117.02186207235307
0.10705500179073502, 0.2, 79.14530355028228
0.15257219678278838, 0.2, 83.47501651639195
0.12572836425338127, 0.2, 47.56631761108608
0.12652551565101858, 0.2, 116.7521814874155
0.14219625671973282, 0.2, 2.4604529224006555
0.13310789657385586, 0.2, 6.792911337292542
0.15473476594026786, 0.2, 38.66968222652419
0.16627475670697528, 0.2, 20.214919786291233
0.15822367481258973, 0.2, 53.058793305388
0.1573195275445904, 0.2, 60.230894122915515
0.13508601438275375, 0.2, 251.68880544523248
0.1861460062841911, 0.2, 215.079372080976
0.12052594534869043, 0.2, 247.27549460790354
0.13262834779371657, 0.2, 9.519910578516713
0.155453886935138, 0.2, 92.95054578511797
0.10771190739675277, 0.2, 95.73159175628058
0.19426240858330202, 0.2, 26.71800807249268
0.06237161590410477, 0.2, 28.345408191015256
0.11154988667987017, 0.2, 70.5160324874898
0.11252645406656468, 0.2, 83.22593512063652
0.169162325859202, 0.2, 30.580870541001826
0.08534919752852274, 0.2, 47.83835509042859
0.1448766649997285, 0.2, 63.58416672319731
0.14734041039103135, 0.2, 123.30872591227997
0.1731840023210953, 0.2, 198.83149924133207
0.1792271058033102, 0.2, 50.019958018993094
0.1956653695163882, 0.2, 17.992750730023676
0.18135100091837597, 0.2, 449.4545528102499
0.11130714798922416, 0.2, 80.45236644671601
0.14045798608162624, 0.2, 3.4039855548348017
0.08488982015567977, 0.2, 309.18669655137217
0.1248085685981581, 0.2, 15.466809595810128
0.15831073766873724, 0.2, 4.185660831874347
0.200743300749772, 0.2, 231.90726031605607
0.18501387888290227, 0.2, 15.19295130726217
0.12420470060606958, 0.2, 15.792016493679952
0.1636517792892709, 0.2, 299.18196867659697
0.13526293862182479, 0.2, 91.913026264988
0.19248405492417037, 0.2, 112.08364893489251
0.1650139164048356, 0.2, 71.3720784136785
0.24623230610781693, 0.2, 1.2408510713999736
0.09382085516745009, 0.2, 126.25546439928148
0.18665747350255843, 0.2, 369.29340507445886
0.13244864828518232, 0.2, 110.50528124688228
0.16205574379753035, 0.2, 42.09520719246578
0.15241186374538246, 0.2, 122.08215374249713
0.11452507012802823, 0.2, 117.72539865868904
0.13517091886113686, 0.2, 6.7183978048064334
0.11362079435474313, 0.2, 4.244589075876953
0.19188241808469025, 0.2, 4.96351499153343
0.12401012171839097, 0.2, 60.92627292548045
0.0671117187409732, 0.2, 33.37333762378505
0.1992945390990658, 0.2, 20.934613981939233
0.16466356641697347, 0.2, 13.853304768731816
0.08845936498824451, 0.2, 128.09556581937466
0.15082244562780026, 0.2, 222.54023690672275
0.1355625096482978, 0.2, 53.257964614250305
0.1769188857969305, 0.2, 36.427855979089735
0.1499655073136475, 0.2, 5.457283482797869
0.1916952009702945, 0.2, 74.68871843947207
0.10823157037649773, 0.2, 31.449911768502194
0.05409438784632889, 0.2, 157.77198687511014
0.11140705134698062, 0.2, 244.46099030734675
0.20781052913706938, 0.2, 231.3563104749423
0.1828481635854337, 0.2, 163.65682816864393
0.16967874899304788, 0.2, 22.57219608167079
0.16588918113205817, 0.2, 94.05647659323233
0.11775794324389827, 0.2, 14.785692203486049
0.19978962479293477, 0.2, 63.603048048478755
0.23780994539059647, 0.2, 95.04428601294255
0.16062695679879646, 0.2, 128.91168458669745
0.15025518835068766, 0.2, 6.70920502283044
0.12984404479319459, 0.2, 45.21219965734752
0.2212864567573571, 0.2, 337.12803373446536
0.19428550837508352, 0.2, 7.3908883032634725
0.14743964989426342, 0.2, 60.14348741558195
0.13724614320533002, 0.2, 7.6803045900532
0.20529326393964625, 0.2, 47.11604865371303
0.1405525549217523, 0.2, 150.75227829794866
0.14354303598087723, 0.2, 31.698295450124956
0.07456940425834745, 0.2, 75.60731963654679
0.16521700158208844, 0.2, 104.4704525027818
0.12556247556922026, 0.2, 44.5307837979784
0.17540212277103462, 0.2, 66.02927815081553
0.12879670935867846, 0.2, 0.12892771150268453
0.23191947226526305, 0.2, 13.864953347920483
0.1625918397050376, 0.2, 300.2199614784793
0.08963378291960097, 0.2, 6.821628391404814
0.05881884352927584, 0.2, 23.858156477944867
0.1358706747053715, 0.2, 34.151080602127955
0.07410853049867416, 0.2, 60.965765571759114
0.15399113292208536, 0.2, 87.57547582380798
0.14072902433689907, 0.2, 131.50620170688896
0.10592825838865277, 0.2, 59.189028350903136
0.10896104344728683, 0.2, 19.84182407295465
0.1085189734457839, 0.2, 12.46580064384728
0.18461941208836713, 0.2, 138.31492167271455
0.1165209849679044, 0.2, 11.914907835492016
0.06754394244404557, 0.2, 342.1181477313077
0.20869831191225194, 0.2, 49.52311776984257
0.17100853733840266, 0.2, 12.039167286449427
0.16137952435969954, 0.2, 212.9171273465681
0.14858053285080722, 0.2, 18.570279905090867
0.19131248344198298, 0.2, 35.53391839606471
0.08349469918159055, 0.2, 39.38514059204662
0.11382320240673058, 0.2, 82.56029699318371
0.1827959197619467, 0.2, 6.818014620863483
0.1210318626685504, 0.2, 22.599383544994133
0.09800738247898835, 0.2, 1.900007972229778
0.12323539126813518, 0.2, 134.21904494587818
0.11842743370513292, 0.2, 11.366453563955734
0.1959871693472129, 0.2, 42.39660232006235
0.14046317225427454, 0.2, 72.05693680616342
0.10935379394659278, 0.2, 48.609891419808605
0.19292055847133527, 0.2, 8.339302604346448
0.12726785478045216, 0.2, 32.53362687604252
0.09635910051910755, 0.2, 80.11710385660413
0.18112377560753856, 0.2, 178.3986625913786
0.14694605297902155, 0.2, 143.1268990075025
0.14196726433614948, 0.2, 29.566496660583617
0.14752122772189544, 0.2, 90.49963644138674
0.15871606198365737, 0.2, 184.0996772766069
0.14139807436596896, 0.2, 51.93462373309306
0.08042871586388198, 0.2, 28.46710763641549
0.13269401868753367, 0.2, 117.87284447650426
0.13235402583765452, 0.2, 70.2741533412378
0.09922797572714671, 0.2, 38.980394323925395
0.12587677355826898, 0.2, 4.598564957647027
0.157220520471071, 0.2, 21.445223366093373
0.14226178930107933, 0.2, 12.154720580221474
0.125974650206215, 0.2, 131.01151444696006
0.17860077117633716, 0.2, 351.639742729007
0.13966486996221675, 0.2, 12.460292132971091
0.1452419417528838, 0.2, 67.0444883122752
0.16314111968000813, 0.2, 93.0494302930713
0.17814074847743508, 0.2, 21.500560007235528
0.16982074999486083, 0.2, 139.58872174214954
0.1163683006038876, 0.2, 22.946124384379395
0.1034662774289356, 0.2, 6.300043689458263
0.21359627295280081, 0.2, 35.38837428746776
0.11788987719418287, 0.2, 140.8087000309294
0.14461136620257362, 0.2, 135.2218541860555
0.16571935575386387, 0.2, 61.84704645478855
0.16002346992925406, 0.2, 221.0461392392966
0.19307919905139034, 0.2, 8.808058835997734
0.17525170203394777, 0.2, 9.138453903641409
0.15393883810391842, 0.2, 48.11967177275886
0.16436998684087603, 0.2, 43.63563952426185
0.14980519976602674, 0.2, 10.115046370432813
0.08760596945995897, 0.2, 127.47529891039922
0.18085334123430277, 0.2, 24.579960370086123
0.10192776178101337, 0.2, 6.758338957371955
0.10179768229001959, 0.2, 79.28410353887833
0.2039342360697764, 0.2, 35.23353979581696
0.09425755562813401, 0.2, 48.46070351919403
0.19098462192950452, 0.2, 8.622908658000823
0.22899101898606514, 0.2, 134.03218248251298
0.14539349625169962, 0.2, 142.22016530097912
0.1324597302303452, 0.2, 20.772471839840602
0.16612797101130902, 0.2, 53.70903527925788
0.1436085723109609, 0.2, 92.48256023640833
0.17501794458229936, 0.2, 3.9479766234114266
0.09037897215763425, 0.2, 30.903775378712226
0.08698852845457956, 0.2, 112.76308700991625
0.10437072531064862, 0.2, 18.94401060122177
0.09201598014279325, 0.2, 66.56823344702993
0.17263230224970338, 0.2, 36.33243759898921
0.22455137762736385, 0.2, 143.99630839008142
0.14334132842557584, 0.2, 32.229942261844734
0.16348652387540866, 0.2, 217.70921593572112
0.11436345549211849, 0.2, 28.441227246543903
0.20834569581999707, 0.2, 47.52735824554397
0.2059711510265721, 0.2, 10.772382681467755
0.21411909590089473, 0.2, 197.54088650892416
0.15454692578169513, 0.2, 83.4440352739904
0.17259586063614218, 0.2, 45.28625544403893
0.1363796195156753, 0.2, 78.40980765716941
0.16481400139836896, 0.2, 8.263237431204299
0.19743624672887716, 0.2, 16.21743037449885
0.2093618084028773, 0.2, 55.67311730884979
0.13788225384533345, 0.2, 4.0375733629822035
0.17202114711224115, 0.2, 117.4289971522153
0.16288919964762458, 0.2, 129.43654982520476
0.13462516930920046, 0.2, 69.541240516584
0.1665071525942783, 0.2, 46.6125527309279
0.12918883603592993, 0.2, 39.688811980498194
0.18096128416847046, 0.2, 169.43596311187716
0.149817239484832, 0.2, 81.21343189565192
0.2241178689874285, 0.2, 22.398168944903038
0.17688471434379563, 0.2, 52.06622457938582
0.07882782732571156, 0.2, 47.97038482074355
0.15542134560987775, 0.2, 4.133533453152728
0.1152395637488837, 0.2, 205.4386573271675
0.14265089527098773, 0.2, 107.2298806096328
0.20898829310569694, 0.2, 14.13324522873435
0.12348299823857692, 0.2, 0.6554043409726547
0.15882079904380114, 0.2, 28.520227893352423
0.14100919135625625, 0.2, 152.79304735621164
0.1318809999206636, 0.2, 36.42781524185871
0.14827359685389827, 0.2, 110.96837343708538
0.1631988827713082, 0.2, 38.68618151727571
0.15058291378994604, 0.2, 40.22403366272835
0.1282889721505868, 0.2, 62.08355320824689
0.13817997103240576, 0.2, 68.74281719978774
0.24140681167181927, 0.2, 34.327312372373974
0.17336188539623365, 0.2, 6.778072199183751
0.043448223323005145, 0.2, 2.221160659930503
0.1235644526580208, 0.2, 109.36602091918593
0.1732479671722813, 0.2, 30.511215677718063
0.08953368701651188, 0.2, 50.06852116426281
0.1794878635376602, 0.2, 201.03212667107084
0.08410565785647349, 0.2, 17.49435566504318
0.15275177297501538, 0.2, 50.96220337008138
0.11662552862242502, 0.2, 120.22329506093881
0.11271629668467509, 0.2, 7.105206768005862
0.1692179527633639, 0.2, 36.67806168464362
0.14794252057543786, 0.2, 18.30392142207711
0.20865324462460125, 0.2, 66.15147664601831
0.17014666563780745, 0.2, 132.4606563915122
0.23915257555447814, 0.2, 29.666512647328496
0.08178262003494195, 0.2, 7.343524287786816
0.1855291703955433, 0.2, 59.75788109732406
0.17731732221642366, 0.2, 10.698528071087816
0.14958862242953833, 0.2, 6.696436112421087
0.1316491284761049, 0.2, 215.00872760554427
0.15115960091970262, 0.2, 40.177216887236774
0.13553701600422435, 0.2, 144.35545715610553
0.16677500137999457, 0.2, 55.867839392414574
0.1728537651142516, 0.2, 79.41197469896098
0.12376447344181561, 0.2, 12.31687754192583
0.08187394615509233, 0.2, 6.535235005139373
0.1696667336728255, 0.2, 19.850264067842634
0.10389943596427685, 0.2, 22.399076837380044
0.09500305602063477, 0.2, 9.462159984703192
0.18188996682122882, 0.2, 13.286743682115983
0.17567706912439318, 0.2, 70.91966599824906
0.15281339068078412, 0.2, 126.85310397398922
0.15723213970041305, 0.2, 50.58322861451407
0.038495608361621664, 0.2, 164.70751057856575
0.18387643296193307, 0.2, 89.75876720622284
0.148814687920637, 0.2, 43.872710999928486
0.16587311159949603, 0.2, 37.07487853664419
0.1558958562469633, 0.2, 14.101066141087959
0.1384688712754524, 0.2, 105.67274563862037
0.13150041999116932, 0.2, 38.50711721403087
0.12649050598383257, 0.2, 56.805711272623626
0.09543991839546598, 0.2, 5.703313087570186
0.17857301194879122, 0.2, 54.53386874392331
0.11274880420415348, 0.2, 43.71483992320588
0.12857961754458166, 0.2, 13.276725663617775
0.23755007067323192, 0.2, 6.840351671666184
0.17733932816042403, 0.2, 42.14241104471799
0.15199142303431046, 0.2, 32.309878172275816
0.20834604223759792, 0.2, 59.35554498963929
0.18171448868019377, 0.2, 47.26583612292765
0.14509052129876193, 0.2, 32.004321633293436
0.10917946534820777, 0.2, 190.3113948380664
0.14901617161008937, 0.2, 35.85073287736579
0.12900355774733935, 0.2, 24.57710943468659
0.16408708636350217, 0.2, 18.580340656480455
0.16057256188582247, 0.2, 227.29090254896528
0.21558858456613905, 0.2, 56.94168229228851
0.1200370147960015, 0.2, 40.848374966384014
0.17512893257291523, 0.2, 15.644831506669556
0.13082956073075636, 0.2, 32.89873522397678
0.17560388276205988, 0.2, 0.41111320530995343
0.11941363656478018, 0.2, 80.04595203324342
0.09127446874596665, 0.2, 4.111791906550002
0.1555834242668351, 0.2, 51.510670982594085
0.1730613192556598, 0.2, 7.7408542650857255
0.1517025691134984, 0.2, 73.37429498754345
0.16539302444817836, 0.2, 213.90401391397614
0.15194910977037185, 0.2, 18.869905653281528
0.2123201151523482, 0.2, 168.44551720534972
0.12903003344504888, 0.2, 105.75590518500599
0.18093811051352426, 0.2, 107.34339389798023
0.09639901502448399, 0.2, 1.569697950193289
0.09500348409594092, 0.2, 21.96835370001319
0.25552799516479774, 0.2, 52.16712715976605
0.18849513968603496, 0.2, 42.18329913710789
0.10006097734554764, 0.2, 6.237564099077868
0.17972106790268805, 0.2, 20.101844228933587
0.17378074170226565, 0.2, 17.87721995072742
0.11344875214028188, 0.2, 49.6599552264991
0.1506319360399751, 0.2, 0.0747822024422352
0.09445365125966847, 0.2, 58.524996408638586
0.18826280912309942, 0.2, 22.67619189334258
0.15535117651464678, 0.2, 154.78601099981103
0.1510476441747448, 0.2, 30.91233072079614
0.1386060090755424, 0.2, 93.66368515141599
0.11684152386201899, 0.2, 53.228813259784786
0.24779347598446544, 0.2, 30.300480806746183
0.12941919167949212, 0.2, 56.061614312012246
0.13847099205890054, 0.2, 41.84028419464406
0.2245232087764349, 0.2, 38.59866649050106
0.10238548800779598, 0.2, 50.08942612604438
0.18578871072349887, 0.2, 41.553654630453806
0.19889076923707535, 0.2, 25.588311091899598
0.19625851648435486, 0.2, 84.97711372280695
0.1697405728710236, 0.2, 179.71292829202372
0.09753576987435043, 0.2, 50.22424591194067
0.11562613319917905, 0.2, 22.21735880409781
0.11698028241594008, 0.2, 66.05301368928097
0.13394558262013742, 0.2, 136.09733784853253
0.1576984303390382, 0.2, 21.252342150460393
0.19502462961261735, 0.2, 8.3571196869375
0.20447427435638188, 0.2, 0.19287381867398884
0.08802002640010195, 0.2, 29.71790452154801
0.1806219892710184, 0.2, 36.237234832722166
0.15955189129397876, 0.2, 1.5597661981431363
0.12990333321377964, 0.2, 29.581173544769495
0.18305761844006482, 0.2, 5.59083409936868
0.0810654554262461, 0.2, 90.99155425156515
0.20400438244720454, 0.2, 40.20580319844992
0.1377559057533504, 0.2, 33.507899390663404
0.18027075709977078, 0.2, 52.01056492066574
0.16133861317837314, 0.2, 49.255269713763155
0.1852055807452903, 0.2, 113.50651057059659
0.05666396184905312, 0.2, 28.04194982457105
0.15403994325181175, 0.2, 43.75422534285051
0.07739737578661664, 0.2, 19.059319113843472
0.1976493316335138, 0.2, 78.74634295222171
0.17493022608119435, 0.2, 76.60635335262054
0.13454426119115906, 0.2, 0.8248180329660252
0.17513562438048924, 0.2, 5.967570168611724
0.14871735109042133, 0.2, 61.57222534668425
0.12877896490093294, 0.2, 90.04936767833827
0.056567134687324744, 0.2, 38.12136669574026
0.22885227037461886, 0.2, 48.846435929418924
0.09454610391266183, 0.2, 226.188597483204
0.15049336999565602, 0.2, 379.6185646054977
0.17170981908356103, 0.2, 15.551645665146498
0.1262531914281915, 0.2, 274.69339388554874
0.1350984715467743, 0.2, 10.88874502244605
0.11901218986590512, 0.2, 159.15744431598014
0.2033921982124313, 0.2, 18.7239761965496
0.16220290332022896, 0.2, 24.59369189222866
0.14989883255747735, 0.2, 5.071417447888135
0.15320789256116915, 0.2, 6.3958453325944795
0.14930067569087718, 0.2, 222.57387421842947
0.1869003627122952, 0.2, 68.99173792983453
0.17945120813435117, 0.2, 23.575369999035335
0.11241528089279766, 0.2, 15.966832481878324
0.16444092922852563, 0.2, 35.618839981400335
0.13179455218067535, 0.2, 5.263812504899988
0.1827811332352832, 0.2, 72.27605507892244
0.11585360942356014, 0.2, 47.22531444543316
0.10803143328625181, 0.2, 269.79719526180406
0.12946708830869708, 0.2, 33.818943116927265
0.12713108506144108, 0.2, 8.445543814765385
0.09860857376861144, 0.2, 62.73311349307501
0.1790269023050679, 0.2, 33.71799090967537
0.15785401039143762, 0.2, 197.096894682008
0.16907207148737316, 0.2, 11.58824451377852
0.16933854925288494, 0.2, 46.825272204584465
0.15462565214012233, 0.2, 20.14279161336222
0.17274169877199042, 0.2, 293.196557206854
0.11027300177985029, 0.2, 39.273285332473385
0.14141883986207915, 0.2, 9.412973387705982
0.1129527725390238, 0.2, 59.25455541194956
0.16348532658022202, 0.2, 81.8823799216317
0.15045985194038358, 0.2, 9.380405874666517
0.1750686501582525, 0.2, 69.73412510134251
0.20151431372987372, 0.2, 15.199590322207346
0.20652948051254816, 0.2, 44.801913905550826
0.20696043704788739, 0.2, 115.36544311202046
0.21458962147841032, 0.2, 58.22582974276921
0.2145437193892894, 0.2, 79.22484031854007
0.1492216015329832, 0.2, 43.8478639520473
0.16342110067043394, 0.2, 9.82520329483038
0.2521407287147556, 0.2, 54.51593394427746
0.1834219187094883, 0.2, 34.2322565864925
0.12500005930150077, 0.2, 11.910300937183546
0.14500614968983258, 0.2, 13.028181259650127
0.15797526919486518, 0.2, 16.54261728235953
0.15691577038791002, 0.2, 47.79237403173186
0.17542541204944223, 0.2, 22.25319930991656
0.08649069199652085, 0.2, 20.137306653741575
0.1471537387533182, 0.2, 3.4947301704787574
0.10357422096064495, 0.2, 32.949005576739054
0.1372383152721509, 0.2, 5.225559497254403
0.1745755074742568, 0.2, 47.396057762981734
0.18698837464056212, 0.2, 62.65051661279047
0.14519080439405943, 0.2, 29.168720616765057
0.08176335124429845, 0.2, 119.89555716211856
0.1613392936554346, 0.2, 14.626041571254795
0.21182570373349627, 0.2, 21.939257841273104
0.1472199066155282, 0.2, 141.37172946112833
0.1348342359349474, 0.2, 4.004543166155096
0.14153156760762417, 0.2, 126.64819394852593
0.17631372014313723, 0.2, 71.23646492532865
0.11028048935313711, 0.2, 48.05874488327337
0.11959919602139374, 0.2, 51.04126148343951
0.1593751453173463, 0.2, 31.975885656765694
0.15145132749786175, 0.2, 34.50779912012934
0.08798075800750109, 0.2, 68.9140143436689
0.1694813547005553, 0.2, 323.9320676842366
0.14331167555277805, 0.2, 7.425800712092069
0.16738447376056756, 0.2, 64.58755595574442
0.15056042433900368, 0.2, 34.21429211961965
0.16701698155950795, 0.2, 68.01705717270448
0.1629314003559791, 0.2, 56.656344953754285
0.16742978026684663, 0.2, 275.81564047734946
0.14436482468070594, 0.2, 82.67947746250212
0.16219870524307828, 0.2, 94.39206462631594
0.1641747379403532, 0.2, 26.502143450733477
0.11880403168969503, 0.2, 0.39374139312346595
0.16344645206988911, 0.2, 47.70171666927571
0.11694224833622886, 0.2, 87.99200985016648
0.12408660838832852, 0.2, 85.05069835846517
0.10448331621707027, 0.2, 85.54202467117743
0.1547283555087616, 0.2, 59.555469277869534
0.15690878918088905, 0.2, 40.11543169870291
0.21226750279536782, 0.2, 93.34138754005397
0.13451645499647374, 0.2, 83.5422773565125
0.13265727695427484, 0.2, 18.496429751810716
0.14377753309425115, 0.2, 146.47886771803357
0.13779601891475943, 0.2, 89.17232929956313
0.1708294102387848, 0.2, 120.7848323788341
0.14050409758584465, 0.2, 33.848506248452544
0.16519616430698744, 0.2, 52.11057369085447
0.17909482287316444, 0.2, 10.845720736644088
0.18752068540696268, 0.2, 79.93102128288245
0.21004056422646883, 0.2, 113.36249873451786
0.16436363754775227, 0.2, 13.968464500879344
0.12718641921878995, 0.2, 83.10960227417759
0.13115229567120595, 0.2, 257.8329200956687
0.16229898641092078, 0.2, 125.26199750402718
0.13309792185085711, 0.2, 139.47071880761473
0.14798921891794325, 0.2, 4.025792364992261
0.14180049195378983, 0.2, 130.0668565783085
0.15960087769189674, 0.2, 22.80057557470608
0.14948493402075547, 0.2, 69.77071371032638
0.16486020359846254, 0.2, 275.5775250038365
0.11538513291294551, 0.2, 134.73642154277618
0.21153962935270354, 0.2, 52.25129403072017
0.17949537643030525, 0.2, 57.13102049890231
0.1944884999258676, 0.2, 51.46169793627635
0.13887959860030596, 0.2, 84.39042817465071
0.12059265626059769, 0.2, 105.35173483826307
0.18815122533461806, 0.2, 150.61818556717316
0.07221915769251183, 0.2, 249.38344031543733
0.19268382528055797, 0.2, 124.10700616520876
0.11625549392852988, 0.2, 52.67338224063551
0.13098453135888258, 0.2, 87.50824325287343
0.15778694164778598, 0.2, 7.353173716841301
0.09967501732002639, 0.2, 261.85171011399694
0.13588973234892718, 0.2, 55.29482020528468
0.06007530709343978, 0.2, 19.049083511075864
0.17378164747230376, 0.2, 236.34923552885635
0.16403310934610496, 0.2, 90.2168390196902
0.20962319040927951, 0.2, 47.01493392862964
0.17014389720921844, 0.2, 107.4100251362954
0.041747604204184455, 0.2, 95.00632819077069
0.15600135316900554, 0.2, 83.04249748423587
0.17776095195556846, 0.2, 50.65095396646988
0.17304673334483467, 0.2, 41.30628434485991
0.18442773859733183, 0.2, 53.735089783521666
0.09264401947865292, 0.2, 146.99180322761902
0.18770143603782957, 0.2, 49.60634025898601
0.1512300700329994, 0.2, 44.04770749353771
0.16633962971355387, 0.2, 128.05705040404467
0.19961435481740214, 0.2, 60.1573856730616
0.106339690364774, 0.2, 91.39268082249448
0.1816553720101031, 0.2, 155.12668954838276
0.20297953298742183, 0.2, 95.831616544716
0.11886476166365556, 0.2, 25.998803675160186
0.1092982449542836, 0.2, 41.64872763672588
0.09813654859499987, 0.2, 4.2306637180472215
0.14372071881043694, 0.2, 101.51903641650017
0.10050484292697581, 0.2, 56.71030771350567
0.22701461327859807, 0.2, 226.0968599380556
0.15509017713835763, 0.2, 48.63113670890324
0.10262309624469768, 0.2, 33.90465497018785
0.14686878275745255, 0.2, 5.3271613828524735
0.057266611275843995, 0.2, 385.8934509530319
0.22049010311905487, 0.2, 27.579932881901815
0.13657814558131665, 0.2, 39.34180731565251
0.18501462556138568, 0.2, 114.09209282549462
0.1635106340041582, 0.2, 88.30655892806372
0.16287468307732988, 0.2, 28.44831303792279
0.15901196729818906, 0.2, 205.11815261120796
0.2311185608866142, 0.2, 4.169340135487122
0.1647424285245008, 0.2, 28.273883107714095
0.20084182318353297, 0.2, 43.24497534397633
0.19142455862523816, 0.2, 71.94397172571587
0.19972225524193934, 0.2, 71.42049605289587
0.158451151349013, 0.2, 214.4685935918565
0.17622160506825968, 0.2, 79.56459896051855
0.19283799795628034, 0.2, 31.243458882704285
0.12721018572359133, 0.2, 23.950988969645454
0.1806933785878595, 0.2, 53.37096808239224
0.11631346123194305, 0.2, 0.1930828362448248
0.11244393167563352, 0.2, 90.82898044294218
0.1349265028567753, 0.2, 50.07669055140698
0.1475162262299661, 0.2, 0.6265553430264704
0.20251877538176283, 0.2, 56.693235755371596
0.17277131279616179, 0.2, 54.89867501474322
0.08032828518227048, 0.2, 54.01305408681667
0.15760371733831244, 0.2, 44.02250251765616
0.12213634526334487, 0.2, 126.01411564208823
0.17392478243699144, 0.2, 88.71055668099842
0.16884750020664308, 0.2, 51.87601568244464
0.15994390033328199, 0.2, 5.779667145630224
0.2092225901070032, 0.2, 180.5304596416971
0.12144874262470115, 0.2, 73.26255254163628
0.13427652526704992, 0.2, 48.21896369386512
0.19974031846563667, 0.2, 16.542117192750837
0.09283269464358943, 0.2, 446.78786145171597
0.11906044407024793, 0.2, 89.68059941571714
0.17175131292776705, 0.2, 44.88967558886775
0.10330136149067734, 0.2, 99.9643494685885
0.1405538944766704, 0.2, 8.7714256826326
0.1511848029139325, 0.2, 3.9346836822881017
0.08780984367167238, 0.2, 178.16299381381293
0.16781723476438012, 0.2, 20.523814479908214
0.14363488698825141, 0.2, 3.645348864567014
0.14484905933030032, 0.2, 52.348547207835594
0.2215424384009223, 0.2, 15.208688623714615
0.19539178841936505, 0.2, 167.48897464432568
0.1269875403878327, 0.2, 113.43681088809026
0.15478467907021531, 0.2, 46.768232826002134
0.13924615367521148, 0.2, 16.22120238446705
0.22716549855603968, 0.2, 27.375494303006978
0.11272397772358277, 0.2, 15.532714263416745
0.14618786450105511, 0.2, 34.94231462212229
0.08068611713755068, 0.2, 11.016962545019812
0.1290164899553488, 0.2, 20.27796661920462
0.18830328741990018, 0.2, 38.43164610326588
0.20018642242254084, 0.2, 1.8031514347729916
0.14987912680603005, 0.2, 26.71541019111121
0.19185141919924326, 0.2, 53.68848838315412
0.1828000237651688, 0.2, 56.740658940847226
0.10347798773487563, 0.2, 13.607430015844798
0.15542763258543674, 0.2, 45.24433767393337
0.12553275446719622, 0.2, 27.891568932971946
0.1435410148296836, 0.2, 4.534876487560703
0.1109178179103538, 0.2, 44.65511170933423
0.14835720152459392, 0.2, 2.476969500420382
0.1022369614079296, 0.2, 187.11774266594162
0.14224884070061228, 0.2, 93.20103165835629
0.16880891745888088, 0.2, 34.871042311385864
0.15412818466854902, 0.2, 63.258691717323195
0.13788394657881017, 0.2, 58.791913622707185
0.1719904009304685, 0.2, 67.26808811510875
0.18858096343192216, 0.2, 6.7059849115610035
0.12528446142200272, 0.2, 10.098745359423944
0.15235427045665412, 0.2, 35.772942255240835
0.19267091845527506, 0.2, 78.13100273225885
0.1347428930936381, 0.2, 42.359601815378205
0.15581267377785052, 0.2, 247.23186659911485
0.11517639518777906, 0.2, 3.526571375506748
0.11369636074757303, 0.2, 131.8275657872303
0.18520395357771602, 0.2, 138.4035777914192
0.18712088280853895, 0.2, 48.29650073415254
0.18117498523778797, 0.2, 182.9327899772837
0.20922558644783487, 0.2, 132.00858504009022
0.16413578709541388, 0.2, 90.11056098850317
0.12300299323169843, 0.2, 61.70585024635361
0.08276353387408167, 0.2, 32.385194853295715
0.12204642340540744, 0.2, 65.74102743491777
0.08010704000255801, 0.2, 67.32644836866075
0.18282926192515073, 0.2, 24.23648145666308
0.1311357830807286, 0.2, 69.27921288180472
0.16945617934637153, 0.2, 78.15838583635049
0.11145709693896827, 0.2, 279.7722576824691
0.14176507180363, 0.2, 44.930192898308476
0.07631896010297755, 0.2, 141.49488304674068
0.12833395632808817, 0.2, 87.13814302732835
0.17414500472812175, 0.2, 51.247028677683716
0.08596058094476126, 0.2, 1.297576332467096
0.160546723012143, 0.2, 44.949023998944575
0.17559985729744051, 0.2, 82.27559425613899
0.189896236895787, 0.2, 12.856014504734214
0.14118078643723284, 0.2, 167.3513611815303
0.1515241544109346, 0.2, 80.7841388590814
0.17448942190396657, 0.2, 81.87710778834045
0.19312014421834536, 0.2, 92.69232000547002
0.10067697449738701, 0.2, 324.8764424177792
0.15501713627887412, 0.2, 19.91793326894221
0.24631792763267218, 0.2, 13.259354194183212
0.13393521075971435, 0.2, 272.7470753049098
0.11897289407396133, 0.2, 53.89768984409121
0.13872054153378666, 0.2, 17.617304948593176
0.14966345736503833, 0.2, 38.06406365235938
0.1254779844517839, 0.2, 50.199089694396335
0.12523260282715779, 0.2, 52.54922266371046
0.1292942212703966, 0.2, 135.72032875182316
0.1843022539583414, 0.2, 43.01786193973222
0.1469782575454452, 0.2, 29.301810953351943
0.15625708867170987, 0.2, 53.57412722704614
0.0840503140391919, 0.2, 8.983600267592445
0.17661864230861443, 0.2, 94.9223013603297
0.1596400323650718, 0.2, 139.34825024884137
0.2185955359854537, 0.2, 2.9655987573042886
0.12792287677142575, 0.2, 18.73088040574085
0.10502098014878639, 0.2, 28.646805092986135
0.1324788152285288, 0.2, 19.620317851441623
0.1622881052275095, 0.2, 77.97980989536667
0.099549868511685, 0.2, 63.78758721119774
0.2741518072380062, 0.2, 110.69555991650833
0.11962292450291553, 0.2, 59.71329243856135
0.12391983322493233, 0.2, 201.04570227646897
0.180881717425998, 0.2, 51.22583825550732
0.1779156318679062, 0.2, 12.042716835176451
0.15397151529853478, 0.2, 147.45492614848723
0.14991404771104017, 0.2, 92.96208578097347
0.19024918991745232, 0.2, 159.31453087349848
0.12947052815267143, 0.2, 81.55691722526053
0.14507128820072362, 0.2, 31.79666219154251
0.1830804514501796, 0.2, 5.879074740679301
0.13571362684175203, 0.2, 97.72599064263555
0.14714675036761626, 0.2, 75.97954801434206
0.1691385106818378, 0.2, 138.67626308594689
0.22499474002901493, 0.2, 31.607889447532603
0.14487822080970694, 0.2, 144.35178366010607
0.09317690722792661, 0.2, 154.34722965717938
0.21280907827528447, 0.2, 26.092314397868105
0.15902196418687453, 0.2, 178.20728106447675
0.1929036893426291, 0.2, 60.70710377604441
0.1615642210850896, 0.2, 34.449630236684065
0.11449029142129125, 0.2, 26.212852338593205
0.18013256075262318, 0.2, 38.80544388487121
0.12887063025053974, 0.2, 6.11018269968618
0.15491024194052025, 0.2, 73.86018110090708
0.10727537778507963, 0.2, 296.9490633994776
0.09935606281257843, 0.2, 46.87140636354898
0.11313795022416216, 0.2, 80.7590122282277
0.09850255204012937, 0.2, 45.768155449017485
0.12493203252451648, 0.2, 82.69960113100174
0.18821070826137482, 0.2, 138.40123337180137
0.11834749188860347, 0.2, 41.678045305004225
0.1126156179624554, 0.2, 30.17568845515335
0.1562103744610322, 0.2, 144.21502526678066
0.15800025554791594, 0.2, 119.02861011288918
0.19352256455939312, 0.2, 17.762282379478695
0.16506055351556587, 0.2, 0.6606728608587682
0.163257965585717, 0.2, 24.07723153346112
0.15825510023134282, 0.2, 36.97984464142224
0.07936023628846832, 0.2, 27.64993482809217
0.1246324602567381, 0.2, 97.0364141775804
0.1298582803344718, 0.2, 45.12474636095693
0.10345337678155536, 0.2, 0.43655855056150933
0.1442161560087135, 0.2, 24.334272308276567
0.1964831767918228, 0.2, 113.5536285063834
0.08111382809419097, 0.2, 24.482493408498794
0.16524459233613467, 0.2, 118.16332452087654
0.09240994531762281, 0.2, 82.9789437709037
0.14454060102772245, 0.2, 39.13519720150201
0.17833474759868556, 0.2, 13.373247284149908
0.11193156987821501, 0.2, 2.2142095122556382
0.1426767132470742, 0.2, 78.82220780678341
0.15817669651529304, 0.2, 116.86990627340556
0.14439875689327783, 0.2, 45.151526852996966
0.1375968656875747, 0.2, 51.282385035495714
0.1312975846835917, 0.2, 31.464397700761474
0.04816856756078977, 0.2, 101.19133466520766
0.15418018591137334, 0.2, 7.0532756862637775
0.08622367457609931, 0.2, 158.798494878901
0.11944096254272693, 0.2, 47.334044797950185
0.16919060881145032, 0.2, 5.003274629568793
0.10274255411211841, 0.2, 33.550294497291894
0.2214932936752052, 0.2, 132.02558652121022
0.13522797865530783, 0.2, 9.631700236425178
0.13194564783547635, 0.2, 74.34141091906046
0.1118443577841226, 0.2, 71.2542623979314
0.12790421975458346, 0.2, 102.72470648186051
0.20705702466859832, 0.2, 110.89004492406227
0.18552519108692958, 0.2, 26.556167018990102
0.22618073338046163, 0.2, 154.65714493211988
0.2107774755377798, 0.2, 88.59182731446371
0.08136272881378183, 0.2, 35.02040116537583
0.12420362652041717, 0.2, 88.98262624669337
0.13014072212794447, 0.2, 48.1980386777099
0.23301908957204326, 0.2, 136.6281853464842
0.15050345461702924, 0.2, 201.40446303885952
0.12101286750976173, 0.2, 233.69543272169204
0.15640277498110877, 0.2, 53.476205627559374
0.09212883225984994, 0.2, 35.52976098202181
0.10214773383272152, 0.2, 113.06775601443918
0.15528088703217904, 0.2, 20.128621089006668
0.16902014564703585, 0.2, 12.323269820640588
0.08825591049415915, 0.2, 18.011762636905182
0.13190985032301378, 0.2, 48.385999813024014
0.1246359389373902, 0.2, 40.79589631730405
0.1337036315580027, 0.2, 23.72456374682684
0.15672354855474957, 0.2, 22.261305371740196
0.1810722812453146, 0.2, 48.213042962667096
0.12971431658920266, 0.2, 27.797501356837333
0.09503315716631727, 0.2, 160.7713608980189
0.2002731693293796, 0.2, 43.01147719972422
0.18241725481138982, 0.2, 101.40002207296082
0.10014531680691167, 0.2, 124.8618354685062
0.13848948840786424, 0.2, 22.220707917975574
0.15937932163313348, 0.2, 15.575395846191098
0.159299019161104, 0.2, 30.3372953320111
0.18335193087675328, 0.2, 76.5640026633935
0.1650080410592663, 0.2, 103.4823174278577
0.09688522282580281, 0.2, 23.614264563111075
0.08906879896054148, 0.2, 199.6356120315777
0.17346868141679653, 0.2, 105.6090363623655
0.09571449058611414, 0.2, 132.06807957138597
0.21996126973646934, 0.2, 12.432868710884387
0.1577694922469807, 0.2, 63.25898754861536
0.16912939471028043, 0.2, 26.361327065957855
0.11351424466957391, 0.2, 17.602902923986743
0.11179803304210469, 0.2, 8.956830834700883
0.17907749299979472, 0.2, 16.26748101178195
0.17337021291792978, 0.2, 10.86143452493441
0.06380355344000589, 0.2, 179.99408942073333
0.2063548141044983, 0.2, 122.38556289694547
0.11441804463776037, 0.2, 62.93410949410035
0.2137867323670579, 0.2, 12.805809083862346
0.16278053968921757, 0.2, 297.35126147313366
0.17573704673358614, 0.2, 507.89370687903147
0.1806327851472388, 0.2, 15.701037100925195
0.20270103829867045, 0.2, 25.99607522994458
0.1121988260553598, 0.2, 42.69896575139269
0.12784136749719913, 0.2, 25.257263895665005
0.11080108676392643, 0.2, 133.64825397671842
0.14080290792627198, 0.2, 25.603493274417485
0.2596730813284794, 0.2, 4.698681521283837
0.17303480811995403, 0.2, 84.61680307520243
0.1199801872459106, 0.2, 3.1835460042195995
0.08406464870360832, 0.2, 144.4195882226223
0.1279271532717431, 0.2, 10.327002218402669
0.13280894813762004, 0.2, 24.46037942085552
0.19135243231791585, 0.2, 218.76064438251598
0.13498399161915367, 0.2, 23.14598919606625
0.196315348054357, 0.2, 40.74865255795699
0.15014305335548597, 0.2, 252.5384829914413
0.17033778147191683, 0.2, 25.143690280240147
0.20599705444324448, 0.2, 58.67569700605385
0.12846234007145432, 0.2, 61.98649941314407
0.1501258368491062, 0.2, 17.328493001217208
0.1325281534968018, 0.2, 29.74669155660129
0.23456545995781725, 0.2, 7.029542986260788
0.16844952150969597, 0.2, 134.68315305539315
0.10176485913549152, 0.2, 427.84187281798745
0.08660697771022605, 0.2, 129.649603615283
0.0999400908089229, 0.2, 28.286685712386664
0.17589253830193685, 0.2, 38.56796360115584
0.20817973543291188, 0.2, 30.920206452458867
0.19244163881992576, 0.2, 82.28034479878771
0.07519148536705941, 0.2, 45.504148520600005
0.11139056613936574, 0.2, 16.257229721338177
0.13749382990868467, 0.2, 21.45476948085678
0.14255505037288446, 0.2, 285.8054145843706
0.1173840251726385, 0.2, 125.68915814497743
0.12455790696985629, 0.2, 62.034047056317114
0.16330636332323184, 0.2, 404.42422787572616
0.08809642058374223, 0.2, 11.493931084614921
0.0921049687721881, 0.2, 114.00359130707083
0.1482700029885747, 0.2, 52.170722101295915
0.13612714286561384, 0.2, 36.765796114998906
0.18978649248171897, 0.2, 34.7450172185463
0.09332722921926179, 0.2, 40.867104085347414
0.1655113542072351, 0.2, 72.4953814388129
0.12379540577935794, 0.2, 98.64063189781164
0.24463851393260388, 0.2, 222.71894247724748
0.18115710446197558, 0.2, 111.12072838822965
0.12602030157836036, 0.2, 15.462793182096837
0.11501637227052408, 0.2, 168.33314273202004
0.22851531960273608, 0.2, 86.2950576401622
0.16121082401604575, 0.2, 82.90424849667333
0.14111811530801435, 0.2, 51.32780833481664
0.03076145306988798, 0.2, 113.6256962270517
0.20618756801853388, 0.2, 6.38603422979402
0.09181256754792494, 0.2, 6.693780014241062
0.11179604927391736, 0.2, 84.57708776436458
0.19234785919539726, 0.2, 71.450641021606
0.13557245121771228, 0.2, 158.62005907080123
0.11207097197885171, 0.2, 40.89834344656458
0.1890677288635455, 0.2, 471.84902398140713
0.10031130709751021, 0.2, 82.60409998478588
0.12797917461487204, 0.2, 43.902803313410935
0.13842472423864785, 0.2, 55.49487146538081
0.2038225899453869, 0.2, 23.297167711329617
0.16366522175691073, 0.2, 229.64933816659095
0.1498054513242075, 0.2, 14.025754113663776
0.16851288783636548, 0.2, 117.68123424206448
0.049649913735084455, 0.2, 0.30325718799715634
0.16978993046690122, 0.2, 63.65259710761537
0.11450223077655058, 0.2, 17.908997015287095
0.17404650754796, 0.2, 150.0653450847031
0.14816620294146746, 0.2, 22.654752961161194
0.23825214936381695, 0.2, 75.56803138024036
0.09397427500686997, 0.2, 14.091597189417328
0.1560672956845121, 0.2, 10.50219322033633
0.1265222530170618, 0.2, 10.120919191982807
0.16827120722638816, 0.2, 28.23884916164546
0.0993363730752965, 0.2, 21.85911602339865
0.2005296703697646, 0.2, 52.840769866456306
0.16708745939522449, 0.2, 19.009327015185324
0.12541655764774423, 0.2, 9.587549068519511
0.15594510611215248, 0.2, 54.16309550060079
0.09205824239901403, 0.2, 31.91079667700625
0.1847723208969464, 0.2, 80.31340013852409
0.11122485357887016, 0.2, 35.366094267874885
0.19011383977459242, 0.2, 118.90657523987214
0.1640014095090572, 0.2, 159.79938941098922
0.19289257934555476, 0.2, 42.91397077715119
0.16560181379375438, 0.2, 23.955380026614872
0.04725680360519846, 0.2, 0.5258776497464578
0.1372250496895817, 0.2, 21.585584033049255
0.12246837211805918, 0.2, 72.24546213578081
0.1627684180786354, 0.2, 59.90505227560915
0.15237557704125462, 0.2, 47.46177878850979
0.21488991071807748, 0.2, 42.83841007127087
0.1444032503357051, 0.2, 0.4030291805547726
0.10570289376625394, 0.2, 16.015555933205405
0.1663332147685945, 0.2, 5.297809133571476
0.15372309479980353, 0.2, 11.618305705017137
0.1203647337377834, 0.2, 70.02043786477647
0.15605121847058295, 0.2, 28.09957193944178
0.1399523443405308, 0.2, 74.65714011646365
0.23030651519890588, 0.2, 2.601135596561273
0.17903588268995305, 0.2, 49.96211047267178
0.09856979347181673, 0.2, 36.74482053736301
0.18906563965906184, 0.2, 17.32410913581312
0.19523012378595392, 0.2, 91.77289717751852
0.18644936434466264, 0.2, 16.84539140835106
0.1675610435293656, 0.2, 172.67365598978046
0.14390458263041866, 0.2, 3.733770546230216
0.16298688339192177, 0.2, 58.68741883116372
0.15603294180109342, 0.2, 86.71637328985734
0.08338698295622597, 0.2, 7.003476847515973
0.0802919934152053, 0.2, 155.02970711232933
0.16356146352470877, 0.2, 12.060709978250852
0.10157272334044334, 0.2, 245.93440704483004
0.12041582253863736, 0.2, 20.189174756622787
0.15801128718465854, 0.2, 8.513038658411265
0.1301730009498542, 0.2, 28.096185182845115
0.15250540183133168, 0.2, 47.02867057179172
0.20544902726115283, 0.2, 19.488212288795516
0.13363400652009355, 0.2, 15.62990682870653
0.13623456157850433, 0.2, 16.48459513812706
0.13248790359623336, 0.2, 45.761166000407094
0.18850914953336567, 0.2, 94.77624686914014
0.099533836394061, 0.2, 263.1274503289451
0.07212829376819355, 0.2, 136.0213342307961
0.11306331654698704, 0.2, 32.41871972524454
0.09759135866486394, 0.2, 48.712945314009666
0.14512557428663558, 0.2, 58.75994380434374
0.1305444690610844, 0.2, 42.634084501851795
0.15631037198986703, 0.2, 34.95374199109644
0.16652658105871182, 0.2, 212.7561124884432
0.12410667736246944, 0.2, 6.686069037308923
0.08878467851499783, 0.2, 16.050873524076927
0.18559501873748213, 0.2, 364.4087593421373
0.13037737241190672, 0.2, 126.34281486768451
0.13770107463518208, 0.2, 35.97536165289148
0.12357937249506071, 0.2, 78.89117594062401
0.0672493691467482, 0.2, 19.786045723753624
0.15530622500322436, 0.2, 69.02773051091947
0.1490622804444477, 0.2, 97.35235370609502
0.10569493959009976, 0.2, 6.410278632032557
0.20606438153280632, 0.2, 2.2227200754130325
0.15961801086837699, 0.2, 16.18896017480443
0.1795311034410619, 0.2, 126.57418192175722
0.17064598871222997, 0.2, 3.1627561390674597
0.10355745395381413, 0.2, 109.30099742026833
0.17975346181397023, 0.2, 42.07380623618485
0.19308467574752833, 0.2, 149.15238598781846
0.12380978975923787, 0.2, 294.2009297860558
0.14504857169636945, 0.2, 44.254803978023574
0.18148772722216883, 0.2, 18.29575873252774
0.17427043157302202, 0.2, 16.107599625619507
0.13528028995718583, 0.2, 297.5047614463443
0.20829698332920507, 0.2, 91.0041571926552
0.2509729592267579, 0.2, 25.669816354513816
0.1221793812495356, 0.2, 86.35154276227107
0.19025448315111815, 0.2, 11.783413581325815
0.1771223047475271, 0.2, 159.19141749839122
0.23734172898872424, 0.2, 2.745090423894909
0.13535376173877622, 0.2, 7.373800055594018
0.1323742542556712, 0.2, 43.014837720239136
0.21635528355901415, 0.2, 135.449438877534
0.1513779891680651, 0.2, 120.71484831660015
0.2109633221105181, 0.2, 139.27938423568975
0.15906783179506648, 0.2, 58.89145763117934
0.1937149764658596, 0.2, 369.189276854012
0.16512854200922691, 0.2, 317.9028174366137
0.2051871760581958, 0.2, 21.67334062040194
0.11941548317221458, 0.2, 123.43328973390166
0.14317663536778602, 0.2, 111.13503287817562
0.17012099277593756, 0.2, 42.67454980052542
0.12031659817847504, 0.2, 40.87525750816445
0.16801544301981117, 0.2, 114.38344851083691
0.12625715872188725, 0.2, 99.08089808940622
0.14671526534744517, 0.2, 10.592553491156247
0.19191216326434513, 0.2, 2.6167789141548403
0.21910907854352124, 0.2, 88.5679575464779
0.12045644369433797, 0.2, 59.413279683916834
0.1235892689076587, 0.2, 17.599574573680083
0.1303876739101809, 0.2, 30.42258148710193
0.148492593387966, 0.2, 13.821566087800404
0.12554324637373301, 0.2, 109.26066960319577
0.1734841584875319, 0.2, 94.99614064888708
0.09909598885757423, 0.2, 197.30059827492371
0.16238213632999465, 0.2, 35.61314985063846
0.19424426650964097, 0.2, 13.419531943264557
0.12966449537732286, 0.2, 199.09080330748893
0.1686707287269561, 0.2, 48.53251843463518
0.14742496749691955, 0.2, 18.918136346959113
0.08613278688417489, 0.2, 82.93457508650846
0.1034059904150674, 0.2, 12.901967015998235
0.10086560391591595, 0.2, 7.903545620702186
0.15110541279157008, 0.2, 336.45968906906313
0.17260036758480468, 0.2, 16.311886075885916
0.14689546876482062, 0.2, 227.0349729590246
0.12347388205464371, 0.2, 117.68978089814897
0.12942362636148402, 0.2, 119.83457665042299
0.2332055604874017, 0.2, 65.39475868936125
0.14923686763618488, 0.2, 10.221225388928087
0.1380541925766307, 0.2, 170.82860847891573
0.18048530307501592, 0.2, 41.230201094214365
0.19721373962243322, 0.2, 65.41072351229624
0.1636205074262213, 0.2, 247.7129780352349
0.15421579391316523, 0.2, 227.18056632495026
0.12263403226853062, 0.2, 97.71676085139592
0.12553265178269823, 0.2, 3.305298505701033
0.08049549667859687, 0.2, 78.04376857249204
0.09979651311974896, 0.2, 203.25860707841096
0.18782922024479495, 0.2, 34.13028983595729
0.1623171841262858, 0.2, 54.183614447378076
0.1901007374445489, 0.2, 20.159561169530104
0.18869865192507365, 0.2, 211.44186721845156
0.12660275111699462, 0.2, 123.542453385885
0.09607921681851336, 0.2, 10.929138819168886
0.09724279050299206, 0.2, 125.54773847087961
0.15858700013145577, 0.2, 28.78702671721138
0.08727126809989687, 0.2, 161.8808661815688
0.1130106811304731, 0.2, 1.9950792023673407
0.14279757272098262, 0.2, 29.443224398160776
0.17758403034061143, 0.2, 1.3629596787776022
0.14077973078367811, 0.2, 390.5345352620021
0.1292618845024401, 0.2, 24.181187163006896
0.16817974198084024, 0.2, 102.67468743988475
0.15181584733767234, 0.2, 14.188157939092699
0.14087272812768598, 0.2, 106.01188562347679
0.09405287556834964, 0.2, 21.15973933310137
0.08272043352551169, 0.2, 10.028810893808725
0.19934120565437605, 0.2, 29.013722778715078
0.12411955383576459, 0.2, 68.6005312801405
0.11798304296181358, 0.2, 88.04839322100638
0.14647651470510145, 0.2, 40.63805696261741
0.0841450699995096, 0.2, 14.056833457829196
0.0916302455125284, 0.2, 52.60669585636461
0.2059685175135497, 0.2, 23.716633712791847
0.21824710030069067, 0.2, 183.26790421183026
0.137713961684838, 0.2, 21.669630353824665
0.192885244444455, 0.2, 36.9470896098196
0.16104690361555535, 0.2, 201.75292957934852
0.18271914145874826, 0.2, 10.037356853290115
0.11315708904499946, 0.2, 116.63790428835684
0.1495736641984404, 0.2, 32.145232599482554
0.12233210595056661, 0.2, 66.62495787782925
0.11306434220246059, 0.2, 32.33217899780608
0.17549227490295313, 0.2, 301.84634691145845
0.1631954834488054, 0.2, 18.091334801833725
0.1584271183017695, 0.2, 21.443608083805238
0.1568727329931738, 0.2, 101.11821427798306
0.207906194932114, 0.2, 55.9991903072652
0.21537362448603, 0.2, 276.7346175185984
0.15598467132356406, 0.2, 145.3200083219202
0.09922400136491193, 0.2, 63.31933223804637
0.2000043452223009, 0.2, 10.760583926651638
0.16264350450821619, 0.2, 8.405692197641905
0.15425184474097375, 0.2, 36.478757506085955
0.08762463734699094, 0.2, 149.5504903090374
0.16023345938186456, 0.2, 88.19458314113587
0.13192156621478432, 0.2, 26.18245598355129
0.16088275711347486, 0.2, 43.83228451501006
0.11730978020176572, 0.2, 122.23763352392055
0.1622214523588331, 0.2, 26.576802398548967
0.15995163428202677, 0.2, 118.75822326955902
0.20071032618580295, 0.2, 35.20844479585468
0.11861026064711566, 0.2, 181.27231284551385
0.06692702153086924, 0.2, 16.32797582447489
0.1728407428873723, 0.2, 171.79535397082012
0.2173789481486153, 0.2, 150.21799154473146
0.15789487316117495, 0.2, 45.7745481927795
0.2031453710182819, 0.2, 269.0557524671048
0.23535634066510658, 0.2, 42.14826253189783
0.19193549572684604, 0.2, 46.568531966335506
0.15672257346748505, 0.2, 38.49731700581514
0.1894660410278532, 0.2, 36.34133500050299
0.0908259194509068, 0.2, 185.80591679361265
0.08713452844212015, 0.2, 295.3713337144611
0.11064752740085138, 0.2, 14.243136869176928
0.2313060741207417, 0.2, 3.9855480267440275
0.1474143769845877, 0.2, 7.060256036242817
0.07619588922116648, 0.2, 97.15227819964375
0.14212187285041605, 0.2, 45.84029535940871
0.17501459527428845, 0.2, 103.47445301455339
0.14462397960989126, 0.2, 0.022159426265832515
0.15573694384200695, 0.2, 27.88163782419142
0.12783898929294388, 0.2, 9.721154663566988
0.201459219740941, 0.2, 22.926118821473867
0.1828747614712924, 0.2, 64.85321566437003
0.16607191706403407, 0.2, 145.19046017862428
0.13123109371390917, 0.2, 113.41135258823523
0.1405641157864973, 0.2, 83.72273605910354
0.13156085109075716, 0.2, 28.200196773036502
0.23047621106947122, 0.2, 15.669787244938128
0.05758120472609704, 0.2, 168.65565668150006
0.17875055560790234, 0.2, 23.978260299597473
0.19022391351087692, 0.2, 45.429794022494754
0.22084204401597896, 0.2, 1.2298810371126774
0.16338246439142715, 0.2, 32.474116589352974
0.14871481665708935, 0.2, 31.57598741253266
0.14184339484166086, 0.2, 119.39709492396227
0.18018516997853762, 0.2, 4.840692476473309
0.16007076154761468, 0.2, 202.9864591469385
0.21296570051226826, 0.2, 8.829949243334163
0.2294446963503617, 0.2, 81.36530717385995
0.2281365699744322, 0.2, 21.318109394910184
0.1036363125436803, 0.2, 122.28437895139638
0.2014082922429364, 0.2, 108.8742818604784
0.21351079140879264, 0.2, 14.698303293669785
0.13315805717335039, 0.2, 113.91878878207508
0.13946154684982157, 0.2, 121.11684136660361
0.205676359114655, 0.2, 63.54447903994544
0.2198763158237314, 0.2, 35.47514369598676
0.07662996263605697, 0.2, 251.50975193061478
0.2154988320366814, 0.2, 49.837123533227214
0.15009620480994035, 0.2, 100.5905785096933
0.16819994141103006, 0.2, 1.0414836563688585
0.1537839620041489, 0.2, 100.1898990886596
0.1407229687731836, 0.2, 45.42208790459723
0.1354458057732197, 0.2, 41.040959596438945
0.11654625276222114, 0.2, 98.25457305970444
0.18610435611769557, 0.2, 109.83647003382107
0.14576127132352065, 0.2, 3.100730622164415
0.12130095350207953, 0.2, 153.59360905970132
0.09684483051276932, 0.2, 62.39377191603885
0.164666101087156, 0.2, 15.859021366051088
0.15132502474871234, 0.2, 104.54108434731289
0.2315091995741563, 0.2, 149.18570949641818
0.18554411710967783, 0.2, 223.96446895388505
0.15940978024106914, 0.2, 117.61693187915779
0.1245879930449133, 0.2, 2.7314711683345103
0.1484809282425231, 0.2, 35.752835058364795
0.13713596375939976, 0.2, 44.36645388191622
0.1081472852544714, 0.2, 143.77893599549066
0.1569350661740264, 0.2, 26.503925258780747
0.091559628931006, 0.2, 1.0386642458250903
0.12420399099822046, 0.2, 12.87680574410642
0.16630709968822613, 0.2, 152.0327901344919
0.1017789711760535, 0.2, 192.32353770429677
0.13678544509300763, 0.2, 26.47237375721875
0.14816401452141906, 0.2, 58.81938337869615
0.17539209423663465, 0.2, 59.33244288362639
0.10070229082866017, 0.2, 410.49975757955167
0.13332154727400614, 0.2, 16.958884477673468
0.09610674864779845, 0.2, 251.39124146642664
0.06722545829458634, 0.2, 75.68906459357947
0.16772522345633314, 0.2, 13.591857389006867
0.15724178833132937, 0.2, 160.04498667020732
0.1916560427250497, 0.2, 224.20388070846883
0.0947511289359214, 0.2, 27.11387102517844
0.1712753269072468, 0.2, 18.541458959777966
0.14939182154544386, 0.2, 37.81601657260969
0.11893476766444772, 0.2, 139.13083595166006
0.17386521453653364, 0.2, 251.18185149400506
0.06512196913519123, 0.2, 12.150381133310615
0.12808008204935406, 0.2, 68.55556079898098
0.1453659236181011, 0.2, 244.63409355976813
0.0988671977708553, 0.2, 113.15607117627017
0.1382965847485314, 0.2, 29.335727502145726
0.1704371114299962, 0.2, 79.56025436432876
0.17604684451000552, 0.2, 111.77685716907422
0.18737306146268254, 0.2, 18.597587281304676
0.07944903458379607, 0.2, 3.7078006937477657
0.11384567244276447, 0.2, 306.8892895363485
0.14202110228255757, 0.2, 129.3397647108812
0.08957464129781283, 0.2, 39.487153871843745
0.17847812357405152, 0.2, 4.072231542783733
0.18224719645429252, 0.2, 74.24284352978307
0.1636874689983813, 0.2, 171.01814757158314
0.2050765148928046, 0.2, 130.47567288789338
0.20552377180889322, 0.2, 92.09739857707473
0.0800336255094486, 0.2, 22.90365289258664
0.1363364502661214, 0.2, 136.27931095311789
0.18054683235896796, 0.2, 61.59674953643866
0.19786265351333066, 0.2, 148.40054548587116
0.1449704809127077, 0.2, 14.19715720515391
0.20406146818092916, 0.2, 2.444675535616893
0.17201863840735707, 0.2, 213.9384456418678
0.1706811230597017, 0.2, 79.55445192490758
0.12128669279199934, 0.2, 76.60910718795637
0.08947901576107323, 0.2, 111.82214865906889
0.13908211458179795, 0.2, 62.32301019812722
0.1543838782818234, 0.2, 46.86526056600764
0.1330057038616446, 0.2, 122.9615358579255
0.19267665242637885, 0.2, 181.18197510649435
0.18751300929637837, 0.2, 19.76590109821866
0.17472396644319574, 0.2, 29.076158997542393
0.12148737794437477, 0.2, 10.491135660726407
0.09361886542745985, 0.2, 15.023505913774965
0.11731736064604958, 0.2, 50.739315282300105
0.22279275514045577, 0.2, 24.012663659254294
0.14408933762285528, 0.2, 51.12065418920341
0.10487555807056508, 0.2, 291.29237021215397
0.17343034501273213, 0.2, 96.77099276471608
0.14980026768708982, 0.2, 55.22822580468316
0.1245017630150129, 0.2, 128.03925638083177
0.14445983193882755, 0.2, 46.88982053248572
0.1818547300779633, 0.2, 51.19016106551
0.13366580484260412, 0.2, 416.0890808635823
0.19794144302066824, 0.2, 7.820355785030186
0.14266670735862402, 0.2, 27.732116608417336
0.06412310519892438, 0.2, 30.512921759495363
0.09331682538198122, 0.2, 71.95103130399404
0.1617595811735857, 0.2, 13.5221492125311
0.18431581479743647, 0.2, 15.903324542607503
0.17675359699196747, 0.2, 1.8940407427743369
0.11073130144907817, 0.2, 112.27368273478389
0.09269068752208304, 0.2, 40.275982763524766
0.139275577114416, 0.2, 109.25549101966082
0.11054545674804139, 0.2, 43.7454724840632
0.1905154181457685, 0.2, 104.99206480400427
0.10849883847283676, 0.2, 29.905832309282392
0.22208618047679887, 0.2, 2.1586546295382285
0.128985213869489, 0.2, 40.137672285190355
0.07852888152803915, 0.2, 161.85842642233746
0.17190405163851924, 0.2, 160.15349059951527
0.17123226326145305, 0.2, 9.012320088554445
0.14926602626968022, 0.2, 4.187471879670168
0.1086361965027409, 0.2, 58.67993767093309
0.13830228492732904, 0.2, 108.0168390794938
0.1829997602237182, 0.2, 75.27814610231084
0.1276522028025212, 0.2, 187.94845450655822
0.16815808695360954, 0.2, 115.2357578943992
0.11630563582469988, 0.2, 106.10316925701385
0.14698634644944183, 0.2, 52.02890375262405
0.16846498952995692, 0.2, 78.31285238534343
0.23536991005939942, 0.2, 94.21068990954274
0.1767120405286245, 0.2, 114.0838952816177
0.14849493055807747, 0.2, 64.55930728670698
0.15911383180740968, 0.2, 48.78689040606132
0.12576155674163836, 0.2, 85.37185218882229
0.21875170783217746, 0.2, 129.45699461809306
0.22069848975464798, 0.2, 11.73133243563354
0.15269867568311338, 0.2, 118.47564094405956
0.12201156984637379, 0.2, 79.46698739222033
0.1628999884266141, 0.2, 156.5984640310721
0.1309051304111421, 0.2, 2.159382851550239
0.10396101366468297, 0.2, 131.9812650818758
0.11749290624031522, 0.2, 101.33878837790559
0.11616171450959312, 0.2, 30.054885192350127
0.1833848036875597, 0.2, 33.41773346388696
0.14261659710710728, 0.2, 40.87669365438932
0.16361937335349597, 0.2, 46.54431791897784
0.10651596178782351, 0.2, 150.031467414783
0.12545786025643949, 0.2, 49.52685208009933
0.14578851796710257, 0.2, 56.7145957356982
0.14332903913278056, 0.2, 10.210162537161002
0.1715456709530769, 0.2, 56.42759010465981
0.11753422163178232, 0.2, 16.807794664672493
0.15417422504834086, 0.2, 14.751431316620815
0.1512259317114654, 0.2, 86.62725170590062
0.20808129779821843, 0.2, 311.20356762502684
0.16949187907336016, 0.2, 44.21086388901941
0.06865950714232671, 0.2, 39.08262714649373
0.11600942664647934, 0.2, 38.01175525366672
0.11313190219056594, 0.2, 79.0513493227907
0.1765430461202857, 0.2, 32.73135991690428
0.19924741318555966, 0.2, 6.852473467320563
0.2367365631330921, 0.2, 183.78300066652358
0.19295153596488657, 0.2, 72.5013816400329
0.12761072606596, 0.2, 35.52713073603059
0.20431267773839637, 0.2, 5.737995370044879
0.15765312903680254, 0.2, 53.35220772067316
0.18802835937653045, 0.2, 194.67358704175402
0.15226114299980179, 0.2, 2.8375544325617823
0.12122374303292624, 0.2, 71.62937309403151
0.16797404458846923, 0.2, 43.04372843699422
0.14712478032129966, 0.2, 200.74113066614044
0.1541777283325358, 0.2, 86.10767585635556
0.16878474333052862, 0.2, 25.604325311731873
0.21908918651369552, 0.2, 414.0125319829669
0.12958785891832267, 0.2, 295.1340891105387
0.1399459488243581, 0.2, 1.9783562964810275
0.17710298789898712, 0.2, 10.525490460442239
0.0765427922254913, 0.2, 123.98165835277531
0.09663038504789695, 0.2, 15.785768657810518
0.2891996665888588, 0.2, 28.153839114576435
0.12782398105549808, 0.2, 12.135895435603242
0.10912061134554082, 0.2, 65.97852402976487
0.1207666557301583, 0.2, 5.696772888216543
0.08913752488009388, 0.2, 20.93807360162413
0.2010424923411042, 0.2, 238.61271585038153
0.10528012267543888, 0.2, 70.41341452011481
0.14800666515734207, 0.2, 58.55500025565309
0.12485920680061122, 0.2, 153.2408040291013
0.24026584786827485, 0.2, 34.17044093171467
0.11927189576485991, 0.2, 963.6153860595501
0.1305410385562837, 0.2, 16.942156614847573
0.19913838208956128, 0.2, 19.589381525317254
0.1626895094927373, 0.2, 7.121113409558412
0.1693979902548293, 0.2, 59.0238057184508
0.1952033692746919, 0.2, 9.550247641218377
0.22726305721410306, 0.2, 8.557734215052555
0.19670799119397342, 0.2, 39.82246638837807
0.14576919590026838, 0.2, 41.210565741884494
0.1947459526144512, 0.2, 59.819488049626784
0.12843810762658125, 0.2, 422.25123978410545
0.1698142549876403, 0.2, 15.383296336574212
0.1999674471637673, 0.2, 49.78853912218091
0.14142649686327938, 0.2, 2.751794575140659
0.1697329897770129, 0.2, 417.1168502047749
0.16298416572471622, 0.2, 54.19551908679598
0.17749716640158208, 0.2, 1.8788837184841891
0.12275281823882626, 0.2, 3.260512382578484
0.1102670590195172, 0.2, 53.886585389384024
0.15538773055147684, 0.2, 8.236034175189682
0.1436681114214582, 0.2, 98.4881369128545
0.11437904919334543, 0.2, 61.60403232968969
0.19782129108744206, 0.2, 59.018983369624806
0.16832970042101628, 0.2, 0.1399031277056439
0.11219823659853041, 0.2, 2.6389070401966706
0.06854301663856437, 0.2, 22.02152249839614
0.14295418231253793, 0.2, 21.777334470641545
0.18244585978904726, 0.2, 261.94840290784083
0.17067010344271097, 0.2, 5.4768913229256455
0.10020258653519926, 0.2, 147.82309795962678
0.09290933396918566, 0.2, 29.437272133165724
0.15971808920306524, 0.2, 102.91054269508207
0.11579694086410469, 0.2, 80.20537554234853
0.14523380294487634, 0.2, 141.45660504392495
0.22717849191204278, 0.2, 51.431525113416754
0.21545475466222555, 0.2, 37.33170702590967
0.18969463117167842, 0.2, 18.598464100922193
0.12226922014256666, 0.2, 83.70749186519616
0.08468604573553436, 0.2, 94.48419244163598
0.24214849998329524, 0.2, 0.9995940948698343
0.14315838777412743, 0.2, 42.65253864979789
0.1998157125140494, 0.2, 0.47064966967107646
0.12120666993217022, 0.2, 272.6711474355158
0.08160637479374044, 0.2, 280.03400786835726
0.19287721062460977, 0.2, 29.07950733518302
0.1557921032305954, 0.2, 63.62549055616542
0.05701484841383893, 0.2, 64.15843710272696
0.1644151756371613, 0.2, 27.16980077830966
0.1642107782514364, 0.2, 21.499128642440812
0.0879195542677598, 0.2, 67.85302356621578
0.19878602157838773, 0.2, 39.00035498723585
0.07863045051398938, 0.2, 181.73386809090002
0.1806597745552877, 0.2, 40.873665657669534
0.08518596438567162, 0.2, 12.83490411122581
0.13953214898222305, 0.2, 41.44752902063935
0.15386150056710504, 0.2, 106.16372171209215
0.15115455664255736, 0.2, 1.2585011342893706
0.2093834419985533, 0.2, 100.6851746853803
0.1589051073581316, 0.2, 50.262455850030676
0.20291352349157854, 0.2, 26.198419495563407
0.23290041484911686, 0.2, 22.42072478031845
0.16470505823773757, 0.2, 27.12529355311386
0.13888307152987397, 0.2, 75.37903269304377
0.11869225253241164, 0.2, 258.6713008317766
0.18353453210272286, 0.2, 18.01911871402712
0.11968500573254762, 0.2, 89.60215315654068
0.2163770652469693, 0.2, 167.33876145682748
0.1149747423242232, 0.2, 42.92633695355836
0.12786901761003486, 0.2, 29.177705750053658
0.1376471106136416, 0.2, 42.30127486538979
0.15848754499140363, 0.2, 17.715507545927654
0.12973352908689542, 0.2, 60.309496184444455
0.17364013967573916, 0.2, 19.24503219967622
0.16473726390043245, 0.2, 222.3512463326859
0.17846065340537823, 0.2, 4.313325548183208
0.15931773316984613, 0.2, 116.42719132116812
0.1314296995353623, 0.2, 43.70425756347833
0.2094125363827677, 0.2, 13.248512799773216
0.10673536022437768, 0.2, 180.54214555258724
0.16029963227758778, 0.2, 98.67129636565102
0.1565981621373611, 0.2, 47.97655859873692
0.1855051069754696, 0.2, 72.69085979160467
0.1687584540198936, 0.2, 89.76839482061257
0.16501569292558163, 0.2, 78.24346069801507
0.14171938878751789, 0.2, 73.09960576066582
0.1947242855877286, 0.2, 47.55383202543678
0.10664104383904816, 0.2, 131.86486203867813
0.16499865101884975, 0.2, 14.2839055090041
0.1418674284870019, 0.2, 54.31868175586548
0.2382875337783223, 0.2, 35.634689274521826
0.1552076187145189, 0.2, 48.02224388125399
0.18174439809010706, 0.2, 17.9643465119978
0.1960627783220307, 0.2, 43.59542001849367
0.1495009314774196, 0.2, 205.03108613952568
0.14785679197009746, 0.2, 58.183631490148706
0.21410115912677122, 0.2, 138.8920602155996
0.14603605906471728, 0.2, 112.07833774992615
0.12289909266712017, 0.2, 66.16699799145944
0.12936747408800556, 0.2, 20.04022759243366
0.24277977937415438, 0.2, 85.10520371378867
0.13574846490179027, 0.2, 14.103163712962912
0.13493149358319834, 0.2, 50.029031635228556
0.1682658238141237, 0.2, 57.134049307758964
0.10583022836491593, 0.2, 10.291100617931626
0.15199266509451514, 0.2, 42.96513456946588
0.12332765173828243, 0.2, 36.03823283623727
0.1298053149383287, 0.2, 240.93543020897417
0.08916528846265416, 0.2, 10.446668487605605
0.11786726238705802, 0.2, 58.086753466531164
0.16151026050183187, 0.2, 77.30507197315383
0.18036567776207174, 0.2, 33.394058641990405
0.21416773665616404, 0.2, 53.71881997730825
0.15890353988017225, 0.2, 126.08022880773827
0.13604558094015284, 0.2, 42.935865155278854
0.10180003943751134, 0.2, 14.920319964188392
0.09802014000115217, 0.2, 6.288945587083164
0.16282244153344047, 0.2, 40.823214357856855
0.17788967465329025, 0.2, 32.95959743130339
0.1707142405025593, 0.2, 40.31875866814362
0.16702148043008383, 0.2, 133.25660663273686
0.22221967703047907, 0.2, 521.5775173146595
0.13016085486912346, 0.2, 107.74139794402508
0.09442937978327369, 0.2, 41.609423429510315
0.15844134647133346, 0.2, 6.27393460497102
0.10011255078690437, 0.2, 114.95738223383076
0.13965987606902303, 0.2, 253.241449511408
0.18134474982883614, 0.2, 5.100350050650885
0.14898635482747333, 0.2, 43.744040725902806
0.12245845194202694, 0.2, 16.274199376322333
0.24281144954093853, 0.2, 432.81840508074697
0.11977895214322536, 0.2, 9.776862200450381
0.15073911880226837, 0.2, 21.87627255968786
0.1384365156336602, 0.2, 134.20290863824476
0.1731480356658724, 0.2, 105.5532512114678
0.1527971786498089, 0.2, 21.507683722557058
0.17497962256328373, 0.2, 46.68575507987601
0.15757639430737572, 0.2, 17.427468086830405
0.15297628930311735, 0.2, 44.27237682156343
0.1901442963775187, 0.2, 70.32052029406735
0.24016819041904036, 0.2, 34.835209171875945
0.06759223159374561, 0.2, 1.888526587473109
0.10080034921630876, 0.2, 38.30968885833712
0.10920376642566787, 0.2, 169.00226434413463
0.13739841535399694, 0.2, 112.42156719527716
0.15075725429242315, 0.2, 77.81648310420537
0.14823614675553412, 0.2, 137.5675137737492
0.12294933297647775, 0.2, 10.48537570244703
0.16920691369263274, 0.2, 108.43571470646371
0.19651749048181963, 0.2, 76.2152061661151
0.1814089071574508, 0.2, 236.24909403350472
0.15876808261131256, 0.2, 84.80645970055524
0.11160065204129976, 0.2, 82.30034933222034
0.11739826649777169, 0.2, 56.816488884795284
0.19955789360506201, 0.2, 23.01147793875503
0.16310122641020325, 0.2, 70.63047810204267
0.1638853237513999, 0.2, 22.914581099950656
0.13873787459092624, 0.2, 138.21812577311434
0.19651675825172626, 0.2, 26.885858062869897
0.13006095595583378, 0.2, 27.38845164617732
0.12322193163535965, 0.2, 130.91333413351384
0.13344237556917832, 0.2, 10.133906186628112
0.16396434351454203, 0.2, 8.003433704048554
0.1930755143965417, 0.2, 149.04402016862667
0.13543050489659025, 0.2, 1.3808603100380998
0.12589659324272431, 0.2, 22.25108088138598
0.2066139263355352, 0.2, 57.35542950466369
0.19031251324767415, 0.2, 28.33145952104782
0.10206772465816094, 0.2, 4.055168824034506
0.10945937569784864, 0.2, 67.48425913981804
0.1233756326530446, 0.2, 169.18341596075746
0.09669775768111077, 0.2, 44.495005340992456
0.17076724710417668, 0.2, 38.8360933157019
0.2494441918599906, 0.2, 22.27031828473078
0.11383851520760468, 0.2, 11.198381580767313
0.17658112313068502, 0.2, 29.487986844253363
0.09774319003774556, 0.2, 3.795258778033742
0.1340536515244496, 0.2, 8.545132527395308
0.11783166324855593, 0.2, 50.48398124863411
0.2377495718757368, 0.2, 83.41585576286671
0.13967354614607805, 0.2, 6.8579407130797865
0.17747244348932356, 0.2, 43.04568217571556
0.11794858037325864, 0.2, 115.49704483234021
0.17697949568536647, 0.2, 163.41975232465816
0.17260754594146405, 0.2, 10.534443037193187
0.15775108585271524, 0.2, 7.8515214459471085
0.11037986209364772, 0.2, 78.39940557510323
0.17823268335643092, 0.2, 48.75389930420876
0.0977316433670847, 0.2, 101.36745737732386
0.17025133691250396, 0.2, 8.623922936703668
0.1726459629221826, 0.2, 195.02211276113087
0.12081490906531499, 0.2, 22.844875220956425
0.12394201424345153, 0.2, 8.902028129528006
0.16184533967145354, 0.2, 35.0714066490917
0.14481241808448328, 0.2, 57.59240063161575
0.1188643396956373, 0.2, 127.41976924803218
0.17134550673917467, 0.2, 39.86720470820828
0.12203388696385138, 0.2, 291.3657380873528
0.17476235211966712, 0.2, 43.53569015808978
0.19399996248934342, 0.2, 76.93943959810967
0.16509210827970613, 0.2, 88.92471116618206
0.20420780506068492, 0.2, 120.06187057195825
0.1078706725294879, 0.2, 5.144531250548634
0.15130574217700019, 0.2, 32.948561791917314
0.1702792120135113, 0.2, 62.29962747069212
0.18452253188678014, 0.2, 157.02977418231387
0.15708270932664728, 0.2, 32.25291975715594
0.08755582400477878, 0.2, 65.92294105960357
0.14582687480902098, 0.2, 183.71163817387787
0.0833266628906547, 0.2, 33.366850834931405
0.12835629442698424, 0.2, 98.72629196312005
0.20112669312631548, 0.2, 139.11615839717854
0.15791640902940587, 0.2, 12.741745029995762
0.1755415568286791, 0.2, 35.63687337733462
0.1337132629694924, 0.2, 10.246861249025569
0.1191671002584604, 0.2, 22.432813921536354
0.0687766651998653, 0.2, 138.63394246284633
0.13712725139384468, 0.2, 72.57585518610907
0.15110913491756767, 0.2, 39.143090132229034
0.14123094403224587, 0.2, 8.167481513416318
0.13894373083584005, 0.2, 67.53638102226593
0.10222600551185002, 0.2, 56.1178795316212
0.18645261976850494, 0.2, 193.1575484348393
0.13631627937736956, 0.2, 14.076736437369155
0.1719560187329274, 0.2, 295.76539175735405
0.02998436124198471, 0.2, 57.214775195027464
0.21579012478738674, 0.2, 163.25852201298446
0.14408060311338866, 0.2, 20.968805538815378
0.13329796351705905, 0.2, 26.27916693842717
0.16153475811572046, 0.2, 10.246732171315072
0.19525133184780288, 0.2, 8.097578800430718
0.16487492266078413, 0.2, 99.90386069571564
0.15688418259330414, 0.2, 180.58803861991026
0.07418191022248896, 0.2, 13.03281383763595
0.09632391761746997, 0.2, 157.65808279460535
0.15478873821838787, 0.2, 18.321567810559305
0.13230105025731995, 0.2, 109.81577203462365
0.12200585965594032, 0.2, 3.6182515375346553
0.14297476181623628, 0.2, 417.3362378190013
0.1965067406415754, 0.2, 5.794198737537466
0.18104018896609633, 0.2, 90.11032305630214
0.18590215377681332, 0.2, 103.71398277100023
0.14457991049705782, 0.2, 37.11805961689523
0.1569593736669471, 0.2, 16.782435096660603
0.11544488491743989, 0.2, 22.866000867334307
0.2095805406733005, 0.2, 141.8821285782128
0.19405070090940307, 0.2, 49.444200019386535
0.11339790267089421, 0.2, 41.10055021080903
0.1542537001501095, 0.2, 33.96598803870831
0.14183891273421745, 0.2, 34.24967083311346
0.2065322137917366, 0.2, 48.16457442574023
0.1886158730250556, 0.2, 25.70902757340051
0.10813604541204927, 0.2, 224.20163341772263
0.04559047850813394, 0.2, 94.06061197844897
0.20217994118800173, 0.2, 53.699723003846046
0.1075646383916811, 0.2, 75.99695003272859
0.1106517933145725, 0.2, 0.15365244889677362
0.1156313431463451, 0.2, 6.86098263306854
0.1323777693043819, 0.2, 101.39290673920188
0.10693081925531168, 0.2, 20.83715424771356
0.11629965375576169, 0.2, 29.712110092013525
0.16435771108048508, 0.2, 153.54958157489563
0.20842075656089176, 0.2, 48.957374946614614
0.16347928556366934, 0.2, 50.191748961981986
0.2475916046220035, 0.2, 100.87141917762959
0.12922594145776448, 0.2, 113.70490667971629
0.16617703902600842, 0.2, 243.72670052423848
0.19577033424786666, 0.2, 8.440873350793018
0.12088786687041309, 0.2, 4.809945733320555
0.1540394154511208, 0.2, 75.15530916850388
0.14278498291136474, 0.2, 55.30031410214279
0.1498260576837364, 0.2, 119.5981451769389
0.17413261363910737, 0.2, 43.219506558490714
0.13503661733461092, 0.2, 149.20344306654613
0.08663355702834225, 0.2, 16.589936120181466
0.1495097618951022, 0.2, 233.29057312302126
0.14478319249240926, 0.2, 14.89258905508669
0.11148125168647982, 0.2, 189.46861799924912
0.15162292621420564, 0.2, 61.513139941034936
0.1953079089797295, 0.2, 10.74889044624999
0.03652066000260684, 0.2, 37.4415198005439
0.13368797207729072, 0.2, 455.9639236906922
0.08879678204030314, 0.2, 17.397406457980054
0.1991904456200674, 0.2, 7.465341920864804
0.19769825755468434, 0.2, 16.136560706634526
0.11315156507575842, 0.2, 1.756926479405256
0.194784124379897, 0.2, 8.715986974412433
0.20801608052687354, 0.2, 75.01680179865313
0.1592404907706979, 0.2, 14.27415299912969
0.10906848098472119, 0.2, 51.202863140195454
0.1753564924829282, 0.2, 55.99048444849407
0.14951967765535948, 0.2, 28.70634196196789
0.1645128817167186, 0.2, 171.63787129200142
0.17166681901739828, 0.2, 1.3126869948974276
0.16347034604297725, 0.2, 133.05332670067622
0.12688238076402428, 0.2, 21.505724387607295
0.11959037080944604, 0.2, 6.02716678064158
0.15394945234014334, 0.2, 15.100727747428078
0.12435253298239983, 0.2, 29.54605575773208
0.11926180766174381, 0.2, 25.159843495289522
0.17633349265286613, 0.2, 134.37007915973132
0.16771333837225652, 0.2, 70.54731057318673
0.1458935548700863, 0.2, 17.41156398170291
0.1014493860252848, 0.2, 154.0476202501459
0.20375187913043033, 0.2, 150.11440922212844
0.10995029422744729, 0.2, 112.20390788671094
0.16969922880419308, 0.2, 10.062432261101298
0.028111178627553704, 0.2, 0.27209657140638416
0.14550699546075155, 0.2, 27.338737664053067
0.08909331787004929, 0.2, 49.53955893928589
0.2080594712562424, 0.2, 115.17821432203921
0.13520188773887376, 0.2, 19.574170574024105
0.1491390529168997, 0.2, 180.16997792299625
0.14372096971001894, 0.2, 14.665628107501677
0.12846108589506516, 0.2, 197.40458547222408
0.09367223714844523, 0.2, 44.31792560759056
0.1427536883095952, 0.2, 277.6166518640193
0.10619059495655127, 0.2, 65.77853412798169
0.17678757610188045, 0.2, 11.303124788928637
0.16176969296128438, 0.2, 38.92147424246359
0.15709270179369744, 0.2, 484.42531597805623
0.2469659110474977, 0.2, 67.79089808403135
0.14129721540239212, 0.2, 95.74429712371075
0.1429425779484662, 0.2, 8.511838056446992
0.18107990091872328, 0.2, 40.86468965494262
0.15539138200679056, 0.2, 62.14966243047188
0.08853995919797773, 0.2, 5.204032526237561
0.1230901294354726, 0.2, 123.01591904086278
0.1610659532978088, 0.2, 6.187104878913034
0.12627269227633175, 0.2, 37.27150259183563
0.16428355916865156, 0.2, 3.303823489736712
0.12491146436372243, 0.2, 330.1210453096622
0.09855972872269977, 0.2, 2.1954627990800173
0.07721189862363807, 0.2, 3.095668792326082
0.10679919606891491, 0.2, 60.32659063072543
0.12001240958507442, 0.2, 68.06898797936442
0.12834262793580473, 0.2, 9.967751041488178
0.17671969690138348, 0.2, 7.100613693650966
0.08244800787340589, 0.2, 252.0441699378408
0.2133211388079548, 0.2, 13.139884822062252
0.10686385230684972, 0.2, 60.8844452942585
0.17029596232578992, 0.2, 28.577083547869837
0.13706436424362098, 0.2, 118.81778902031486
0.1935719752154752, 0.2, 22.116074461549896
0.15865673577864195, 0.2, 0.0
0.2310315046180696, 0.2, 28.99743284967935
0.2186444984027185, 0.2, 13.115862137835961
0.15339536346026458, 0.2, 11.590628591047723
0.1297138978560339, 0.2, 27.569026034076888
0.1345088154386958, 0.2, 1.1124047302751312
0.1427685083153025, 0.2, 115.11907751099388
0.15397677540108987, 0.2, 68.56879913803834
0.16948012565032586, 0.2, 133.9172773029218
0.21252643249072248, 0.2, 79.50033411196104
0.1204377578283399, 0.2, 120.87443198956029
0.1712078872762455, 0.2, 47.747990608477025
0.15652198810694257, 0.2, 58.09257922744573
0.18388517133459678, 0.2, 12.425792164513481
0.10553404768731554, 0.2, 27.444442254932323
0.12865620858596563, 0.2, 653.8978388903322
0.12824051844365308, 0.2, 447.64929867054957
0.1213316275443039, 0.2, 175.68623042635966
0.16363852103186824, 0.2, 237.31517165001847
0.12542363267162718, 0.2, 188.53700584336278
0.18425872054018158, 0.2, 33.5008135786009
0.06958669650474654, 0.2, 28.918397469527278
0.12966810480455496, 0.2, 212.29271121873228
0.1173682600037794, 0.2, 7.039723301412378
0.12782687129234227, 0.2, 32.073738424536565
0.025937952841885423, 0.2, 233.87323837457578
0.16801814471698345, 0.2, 341.129459688416
0.19560960482346135, 0.2, 6.3390846454645855
0.09636357795754799, 0.2, 46.29544060217826
0.13491578913187544, 0.2, 27.05521055451142
0.19028504406696575, 0.2, 33.21663241933407
0.09350058341186865, 0.2, 80.53104426416598
0.2102483318828226, 0.2, 193.00114335939472
0.17277638412572044, 0.2, 105.4828008084949
0.1431013468749392, 0.2, 53.120387344542515
0.09185934583258334, 0.2, 142.78516872310018
0.10529491490258786, 0.2, 0.19494669814455762
0.14777961111664184, 0.2, 259.39195019115584
0.19380765743726172, 0.2, 59.84454929385677
0.08248964340115285, 0.2, 30.710571835462893
0.14913774495569454, 0.2, 41.2715226905833
0.16093716837416183, 0.2, 26.822441160882477
0.18786526309362836, 0.2, 56.85104891768558
0.10176584773067997, 0.2, 31.33937046738583
0.13228593738638741, 0.2, 28.795170781734168
0.11372239215962696, 0.2, 38.1344756159488
0.14153257104980888, 0.2, 106.56737976159258
0.10840846132580301, 0.2, 295.63439400744625
0.12136401400649, 0.2, 24.69112484046305
0.21247134589359873, 0.2, 6.750653558660287
0.14098075857686299, 0.2, 17.381575616082323
0.18250433035584848, 0.2, 47.59051750994325
0.13877709425262566, 0.2, 170.58386630283815
0.12695246225874907, 0.2, 88.10021774248878
0.1523389840814303, 0.2, 257.47775165928715
0.15097798768092993, 0.2, 12.818946985739366
0.08991701458439612, 0.2, 14.763783637450196
0.14560362204046662, 0.2, 6.080891887821272
0.21841800125314095, 0.2, 31.70511866340482
0.07275615010905873, 0.2, 14.638541252145343
0.1040674893248335, 0.2, 47.76174593781662
0.11163931639910443, 0.2, 43.76110497597531
0.12375780762027147, 0.2, 84.63037113792156
0.12078726788080328, 0.2, 193.83015508531477
0.10305601077500638, 0.2, 85.9639963708594
0.1577569825217157, 0.2, 208.03115938150006
0.2320579206651241, 0.2, 82.85853646647206
0.14138128662553426, 0.2, 167.4320523110658
0.1927460723627123, 0.2, 26.702457061303225
0.09549423067756, 0.2, 189.04761663497862
0.10103778142839187, 0.2, 80.09793344865089
0.15464440979860913, 0.2, 73.10468611640867
0.19186770344212425, 0.2, 184.22480078594532
0.14768361306090194, 0.2, 56.61881147832036
0.194258218631588, 0.2, 56.134533388232875
0.15246107701269415, 0.2, 48.5555922856307
0.16740025909294926, 0.2, 1.8406208847787056
0.20088102107099395, 0.2, 69.4080481264926
0.19754872809003088, 0.2, 43.50344943377078
0.144987759359815, 0.2, 140.1528229467564
0.21798157517519995, 0.2, 13.186929643620942
0.18020798771198268, 0.2, 190.8696081743728
0.19089437467221307, 0.2, 113.74870154080122
0.20820853088313138, 0.2, 94.6411313592473
0.11910493784421403, 0.2, 354.3975582657406
0.16205693797683085, 0.2, 8.239670358340703
0.21004535717699668, 0.2, 16.293229256013273
0.19089649287280552, 0.2, 23.055398491010628
0.12363772960057291, 0.2, 40.53223064620685
0.1685868060722766, 0.2, 76.38940983859219
0.14676668951343336, 0.2, 13.863439124576193
0.16073870104271387, 0.2, 60.345808596439326
0.1927036046746163, 0.2, 213.96529065848495
0.18233333297557655, 0.2, 0.004432041152587159
0.0803928191483375, 0.2, 13.879376859617146
0.10270911765807467, 0.2, 17.237949808762092
0.17761389357486707, 0.2, 481.6211095183165
0.18947522395747732, 0.2, 156.3228545407782
0.18798851765368815, 0.2, 260.34013744830446
0.12370774626225772, 0.2, 40.649008498456624
0.14764263888520465, 0.2, 31.9541627849669
0.14008957303808825, 0.2, 31.237780166621164
0.1511635912694983, 0.2, 19.963945279270774
0.18180638613149183, 0.2, 50.78474355040335
0.20875117834138046, 0.2, 140.79232895672993
0.1370904475872179, 0.2, 62.45163102649055
0.07305567388062334, 0.2, 132.08034039404933
0.133992793281485, 0.2, 44.90479744922816
0.13775392092646746, 0.2, 178.64418946535892
0.2285647241515657, 0.2, 4.972185085411784
0.1679714679397861, 0.2, 44.19883304947825
0.20493124944012409, 0.2, 90.07979933996695
0.18541490882063902, 0.2, 337.74373804788
0.16811940922935223, 0.2, 218.873672463856
0.17642533006970268, 0.2, 28.098175708289638
0.1404562875669744, 0.2, 11.224203866023885
0.1534024447249671, 0.2, 24.672272213767503
0.19318135208968135, 0.2, 39.69280963561729
0.14465417871352487, 0.2, 191.13356476314755
0.17103802838299453, 0.2, 65.44987132654742
0.0896474487562446, 0.2, 13.726938076540845
0.19775801451919317, 0.2, 10.88934267330237
0.24939391897280633, 0.2, 77.15151047670558
0.11110229938511043, 0.2, 39.30361483155416
0.24994105893282217, 0.2, 27.40224637655465
0.17026947981039184, 0.2, 36.16945171067052
0.12907391527046477, 0.2, 209.27687245692962
0.05300158042375733, 0.2, 105.98465751874444
0.17993901182742156, 0.2, 51.73137768331708
0.1697324935656012, 0.2, 66.86226038092859
0.052535527111792685, 0.2, 17.108705262805657
0.13444303367460403, 0.2, 19.1170608855846
0.15802458074751716, 0.2, 171.18098311330917
0.21338430282269794, 0.2, 13.018068084091011
0.09757837469592574, 0.2, 9.628965162477376
0.2054733176036513, 0.2, 65.9075145241777
0.09212850928469746, 0.2, 4.885859583530676
0.15350063490059349, 0.2, 31.20091338754234
0.17082737629849065, 0.2, 25.293910506057692
0.1030943979976244, 0.2, 66.68173224939555
0.17004621246588847, 0.2, 151.70507540318923
0.13781964782815276, 0.2, 114.72586577531435
0.26939917808980857, 0.2, 162.9561360629041
0.1323749575044381, 0.2, 94.93409374630107
0.16204909328532108, 0.2, 270.999252752948
0.11882527749937524, 0.2, 41.03718679694962
0.16125629751189588, 0.2, 21.609962157437067
0.19096537361285698, 0.2, 155.24523972959742
0.14558105776935482, 0.2, 8.867681689187519
0.1355767566624665, 0.2, 152.30994944364173
0.15472802837419727, 0.2, 60.82201200412303
0.1671918328394681, 0.2, 7.436953744227874
0.18753533973230405, 0.2, 45.149356183184224
0.1428542767360714, 0.2, 25.638001816325254
0.12005751833581417, 0.2, 49.089424478932436
0.15993801660008317, 0.2, 20.604967385203537
0.14398999515445687, 0.2, 79.60308794912102
0.15719384057215, 0.2, 136.67233922490334
0.19077506686670168, 0.2, 221.25017293977126
0.09030223912199989, 0.2, 100.91547527303543
0.1864244089050479, 0.2, 17.35959778457868
0.14473212761529655, 0.2, 10.984960215047964
0.12635121837423915, 0.2, 354.444299204227
0.12429914019508578, 0.2, 20.79046145898206
0.16892342794958917, 0.2, 15.637994896940434
0.11658297256978385, 0.2, 101.89198745496023
0.25291826370236425, 0.2, 84.77945757596368
0.12752951271778046, 0.2, 129.58656907008117
0.13738527853905583, 0.2, 69.73276168405394
0.16998946509744256, 0.2, 153.59049730235876
0.11417486529688958, 0.2, 28.536526506602925
0.1815992741080125, 0.2, 139.7302688178047
0.19987822172038347, 0.2, 13.758519160498276
0.16812130788129787, 0.2, 77.58859615735327
0.15813648400395863, 0.2, 121.86963200588593
0.07091744415887613, 0.2, 1.6018514741954348
0.1713118726252966, 0.2, 98.61951653354005
0.12751872994230146, 0.2, 18.016231181614792
0.15527889004141576, 0.2, 81.24937082806831
0.13272192717553347, 0.2, 26.188798102779128
0.16847891494004993, 0.2, 18.909430714390258
0.12400565954410775, 0.2, 27.598803616758516
0.10859615882843145, 0.2, 136.8179705303853
0.15225630275975008, 0.2, 354.65147061498163
0.095359429283393, 0.2, 33.748403102530844
0.13954965551865378, 0.2, 154.1853066152272
0.13849210565607145, 0.2, 107.60325614292164
0.09985172794049296, 0.2, 7.478757828139515
0.18619671711106503, 0.2, 185.33027961837945
0.10432781753649491, 0.2, 28.518524965478147
0.22697829395244493, 0.2, 21.391596359408748
0.10472334128516722, 0.2, 3.0035213175112676
0.111113679191016, 0.2, 11.620606407783262
0.17332643495167901, 0.2, 2.8958062338706725
0.18978689336006888, 0.2, 9.092283660058651
0.11528390114164641, 0.2, 16.06774130398857
0.15789869046589425, 0.2, 397.3314854281171
0.1744949693478257, 0.2, 94.51070529172664
0.1606177919722251, 0.2, 90.53418685610443
0.11634417875914746, 0.2, 37.333000591731995
0.16718010967319524, 0.2, 76.4592585705783
0.17387767876531637, 0.2, 88.88558311462505
0.20634920751374047, 0.2, 14.43003110505838
0.0905340319812801, 0.2, 212.34468926734306
0.12499076644281278, 0.2, 277.1894915018581
0.17820573988220756, 0.2, 24.59644113200763
0.17689516109497191, 0.2, 21.48997388264629
0.14705730320605662, 0.2, 61.976531538022385
0.036595834497657215, 0.2, 180.78364660194237
0.18475947043044127, 0.2, 20.491152635821734
0.15748233869678815, 0.2, 120.89760682803858
0.1568930703714645, 0.2, 9.300523565793599
0.14397173166762103, 0.2, 2.0909393753120695
0.20989838771335942, 0.2, 137.78966112535292
0.06139633059934639, 0.2, 93.24750857551619
0.14575567318041738, 0.2, 148.27642177125992
0.14118267843704552, 0.2, 21.778176746741646
0.17777254618119023, 0.2, 59.92409334002348
0.1719410992305646, 0.2, 133.6270771675515
0.10376705744412996, 0.2, 10.14551654466111
0.1328776506376407, 0.2, 13.691524774308943
0.0840612529180457, 0.2, 125.27286426139614
0.15634674878899993, 0.2, 21.249493109130285
0.1375078735291028, 0.2, 32.577679307178464
0.1851089809279159, 0.2, 25.10950107152705
0.15437011596423164, 0.2, 122.33516957726765
0.12979137267838126, 0.2, 29.59977331485122
0.16044941301035048, 0.2, 3.7041256969398977
0.14201830668490062, 0.2, 3.9761286131824507
0.12988725057028302, 0.2, 13.981780747697435
0.12089038585853976, 0.2, 33.44084481883983
0.18549143466122503, 0.2, 72.3403603995414
0.1713439485752326, 0.2, 246.53599695015083
0.18372451037720566, 0.2, 28.53132920064073
0.04915297450013853, 0.2, 44.64835194014692
0.16552561057327747, 0.2, 2.7031530378043067
0.09325181132714527, 0.2, 66.26219892873942
0.15484099392256526, 0.2, 71.28209182419326
0.11696729762936112, 0.2, 22.404506903994605
0.23345116922434578, 0.2, 59.5862131258845
0.14770531613051932, 0.2, 19.208841349163094
0.15750435168028626, 0.2, 216.61463106272882
0.17146761757823337, 0.2, 106.02810919913142
0.1713740043007363, 0.2, 101.8950503357745
0.22955926139085475, 0.2, 232.78945992953962
0.14782981944930554, 0.2, 12.77749534499713
0.17769444656451874, 0.2, 18.73604711322633
0.22130843707597203, 0.2, 5.88245087168399
0.18854210282945646, 0.2, 40.07265721555168
0.137375587687476, 0.2, 27.396192738231676
0.1815450381601828, 0.2, 15.321400666696928
0.09845335384659351, 0.2, 24.112294426305585
0.18546321678167046, 0.2, 5.139243553765405
0.19426100011114217, 0.2, 28.264279674446474
0.08385928004032367, 0.2, 11.29552330074962
0.15919769298355135, 0.2, 95.45237770786845
0.16632671544144761, 0.2, 137.98102627169288
0.16583293899114815, 0.2, 17.371558974479864
0.13099430140659163, 0.2, 114.22562457430317
0.13206691774118812, 0.2, 74.65286287040797
0.18158925859767613, 0.2, 79.56706611838199
0.16801565618564815, 0.2, 53.96888642906528
0.10900829904342774, 0.2, 212.49847607913176
0.1653348504954949, 0.2, 65.4597301679479
0.09551428212837232, 0.2, 82.76988308158579
0.11743624906223024, 0.2, 130.56350894265464
0.1848284903372251, 0.2, 38.209091467974616
0.12967158068484605, 0.2, 63.29605510576705
0.13459863736660854, 0.2, 60.834633417089385
0.15408558119803037, 0.2, 32.622518396216236
0.12052671658345368, 0.2, 62.097525494318965
0.1346756152619937, 0.2, 110.11392611554213
0.10043140453350916, 0.2, 94.23070478292037
0.17640903377096945, 0.2, 104.98138553104067
0.10557638641023956, 0.2, 23.124654019566723
0.1840561888040309, 0.2, 20.885736647615367
0.16841722878377974, 0.2, 15.139639380749117
0.1164018879266933, 0.2, 68.54918622734074
0.09429045873462782, 0.2, 35.486298926185974
0.12587614722511414, 0.2, 3.5917482877130773
0.10408586376585136, 0.2, 13.892487637618972
0.15317229146069458, 0.2, 87.83415806867285
0.17381270328879478, 0.2, 61.620295784888555
0.13412437235520333, 0.2, 10.295022781118245
0.12346277076083093, 0.2, 48.08760025133324
0.14742448391740848, 0.2, 36.03419170694802
0.10092397278627643, 0.2, 46.41107659746146
0.17069083652201733, 0.2, 113.02684725227996
0.09068153590551176, 0.2, 293.12865766592427
0.13604934587017417, 0.2, 47.161232087084144
0.10847980692849896, 0.2, 85.10229436103249
0.15495908729247035, 0.2, 28.18171952150974
0.11064475550191397, 0.2, 149.1519623894778
0.1420732406781383, 0.2, 356.05192454364004
0.16938507509289263, 0.2, 43.58701126391028
0.09692435588959947, 0.2, 9.910329116669155
0.14844903905394188, 0.2, 99.36431178153988
0.18312875516637517, 0.2, 6.4843065363195125
0.15203029694097972, 0.2, 56.19095849570346
0.16597265358291585, 0.2, 122.68960691382968
0.14921232901811243, 0.2, 22.876999022509512
0.13981529112312957, 0.2, 52.99835899084718
0.14519791427494613, 0.2, 136.99418845065267
0.18246295411012092, 0.2, 11.201482816793725
0.08917899595160962, 0.2, 35.372151782208576
0.1778405601812569, 0.2, 8.869822302306462
0.12127198439820965, 0.2, 63.799415270437116
0.1395469380195554, 0.2, 19.763901803507235
0.1925696755017714, 0.2, 5.577009732286047
0.12569012210559016, 0.2, 86.63177083888121
0.12878406984121174, 0.2, 29.580512883177008
0.11446128126806664, 0.2, 110.6530809255617
0.1762286726931366, 0.2, 94.21846287830144
0.0793722834084017, 0.2, 7.469620719619444
0.1288426936501741, 0.2, 39.57738619685094
0.1512044038297865, 0.2, 47.52492496915899
0.12539102776709052, 0.2, 35.26597734324376
0.15306095493738459, 0.2, 119.81791526278282
0.1956296956545218, 0.2, 68.49306780433469
0.1763155730142706, 0.2, 148.36945751714993
0.20446938509838294, 0.2, 8.433478305604481
0.16214339273142392, 0.2, 20.797524172345483
0.1802935849618792, 0.2, 174.0081072625115
0.19138229325113287, 0.2, 15.789591913601393
0.18734865899011732, 0.2, 206.97546561142642
0.1303393103357795, 0.2, 20.59378346611513
0.2024919370121149, 0.2, 125.54421752025
0.11965209775797495, 0.2, 41.420241293406136
0.10225707586347471, 0.2, 16.760231603071674
0.13915212390936346, 0.2, 66.1970785590578
0.18748763134827096, 0.2, 22.070924330674682
0.16867685090238524, 0.2, 13.349837215170496
0.11393057137542212, 0.2, 100.43562434794423
0.16809374475901992, 0.2, 140.7379990129782
0.12557599445387765, 0.2, 23.36340683230756
0.1504090032065302, 0.2, 104.68734203196941
0.11795405242672302, 0.2, 28.609340438328363
0.1632021808784186, 0.2, 339.9918760085071
0.19534563470109664, 0.2, 29.757948752762708
0.11634792025031176, 0.2, 125.60696413894878
0.18263879352006718, 0.2, 218.62381900813733
0.11319057834350454, 0.2, 0.5537232270590242
0.17504080872404978, 0.2, 149.09031324078666
0.19779483348745702, 0.2, 135.20320106849937
0.15568882302888987, 0.2, 6.476671424427168
0.0515565926467593, 0.2, 12.630441918598414
0.18436405557980173, 0.2, 53.9236783835023
0.10676201762332385, 0.2, 6.776501571170028
0.11431437453731967, 0.2, 77.4755383217042
0.15505639521697642, 0.2, 41.30439066593942
0.21363223451054927, 0.2, 95.40273510321498
0.16188780524119695, 0.2, 75.94090900289322
0.06733064960828636, 0.2, 7.29195391681648
0.1503526753162632, 0.2, 18.115690811608346
0.18713350179452923, 0.2, 99.70704310806866
0.20032856056208784, 0.2, 93.41224666725454
0.15571823801074883, 0.2, 22.971260430248506
0.1512968222975653, 0.2, 56.56310320024143
0.1547201561411069, 0.2, 186.11226627075692
0.04097843024742365, 0.2, 132.61808472102493
0.10054520078439708, 0.2, 9.050056723661669
0.13266080462707167, 0.2, 84.09395938775232
0.18130162874299366, 0.2, 2.207308822379137
0.15673236018159004, 0.2, 31.732840021331942
0.1879395409744476, 0.2, 130.8772245066131
0.1370148205532318, 0.2, 70.95823818202813
0.11075917820563799, 0.2, 54.01383049683725
0.11520560963703458, 0.2, 40.57220807065358
0.13508182223856516, 0.2, 56.3600324256933
0.21769916083040608, 0.2, 109.45501115571457
0.17123680008660502, 0.2, 29.399914870948773
0.20474469081205787, 0.2, 50.882730866948116
0.22218590274601205, 0.2, 111.22677850791767
0.09264871012878814, 0.2, 95.08730234186785
0.1566506662603168, 0.2, 0.35467869268881874
0.23843125174254176, 0.2, 49.58809186855381
0.1332226238220325, 0.2, 105.77123170517817
0.15122039851432087, 0.2, 49.65029605299429
0.10331641385953955, 0.2, 241.17993894568164
0.13760326422886082, 0.2, 43.995530624319464
0.1347174354390732, 0.2, 452.1816833490876
0.1118215070713082, 0.2, 27.698105060592237
0.1763384048206293, 0.2, 162.74574611089565
0.10861331949816383, 0.2, 94.5992236694306
0.1128477192831147, 0.2, 8.319968287553618
0.16630776093637675, 0.2, 101.61999586126102
0.263537636326048, 0.2, 55.410024010157606
0.05543597665006225, 0.2, 77.16098523089482
0.2522802370593702, 0.2, 60.2000392560459
0.12745579251759998, 0.2, 17.603783321989027
0.21399618128185013, 0.2, 6.034327039898507
0.13800153421736572, 0.2, 103.58235803014053
0.20042462340512146, 0.2, 39.43567373304567
0.11036067686099264, 0.2, 30.129975057744236
0.16951588117414582, 0.2, 52.6711518463563
0.17730858181197934, 0.2, 5.211446313419263
0.18951217147217644, 0.2, 17.51004291805577
0.11585862259077478, 0.2, 9.728267721190742
0.1385763511816216, 0.2, 46.65755223406052
0.1886787341820418, 0.2, 82.92286534370477
0.175379251999016, 0.2, 12.980703684542657
0.205207059358926, 0.2, 24.455111606261696
0.1163820882367181, 0.2, 18.9477298409743
0.22454097187957836, 0.2, 225.37637681389975
0.18416227431574264, 0.2, 5.1526811813635565
0.1322464319656, 0.2, 13.257215230063359
0.151790295817853, 0.2, 24.38068148094395
0.12716032973715996, 0.2, 75.34771573595272
0.1436707944768128, 0.2, 19.30226860223592
0.11922455675043939, 0.2, 14.28934827728057
0.13425242824221562, 0.2, 129.44462340803645
0.1959138303173245, 0.2, 85.04136333417182
0.1508001180675195, 0.2, 11.493755154845834
0.17079479272361345, 0.2, 37.46045163539722
0.14419856198917405, 0.2, 15.336637867509227
0.14046632655143668, 0.2, 138.21744377538943
0.10433650440541592, 0.2, 210.09422263284924
0.17941635844651885, 0.2, 41.10420288054332
0.22152824079272465, 0.2, 61.30162916579468
0.21854313234215655, 0.2, 108.87317560614757
0.1891625785392701, 0.2, 86.98418133199498
0.11168103923057465, 0.2, 160.09386710934334
0.11074659160017343, 0.2, 4.496130260236947
0.1297856201767359, 0.2, 28.042651046089073
0.1468005687215124, 0.2, 5.8763569243129945
0.060493183552968025, 0.2, 164.2142729201193
0.10936780478373466, 0.2, 134.0563431037677
0.06918596826077841, 0.2, 45.24840623019484
0.11939156167032319, 0.2, 19.07052529902858
0.09479622636569596, 0.2, 18.778894601075876
0.1540903650511329, 0.2, 42.682884657952435
0.16236229797953253, 0.2, 59.965153286325496
0.10870654796196516, 0.2, 39.26297291287431
0.067823616308159, 0.2, 102.00815059594551
0.11332622289654695, 0.2, 74.38641621266679
0.14795176564287843, 0.2, 32.332018937154594
0.1858566336588152, 0.2, 21.258550087041776
0.18079023792360127, 0.2, 392.8071363934767
0.12674319920513352, 0.2, 108.13730905239159
0.1243361230748435, 0.2, 53.48114989135172
0.15604795548486183, 0.2, 8.360534009124567
0.1098677947089636, 0.2, 91.79066849083183
0.14548128963278217, 0.2, 0.7370948671753853
0.2239003607433553, 0.2, 26.654258508689146
0.01993511926337585, 0.2, 9.922879308221654
0.10975355982371576, 0.2, 8.826443468276695
0.203602119923153, 0.2, 36.668337850548795
0.06227706481983128, 0.2, 27.689324283876548
0.14682691137847306, 0.2, 118.63524016482887
0.170814283097878, 0.2, 7.436385779560301
0.10232705411334156, 0.2, 127.73232672260968
0.13488051227006523, 0.2, 65.43770585522442
0.14289546103751397, 0.2, 33.5411305776106
0.17504106076425097, 0.2, 78.3437180610668
0.19367399574654381, 0.2, 15.264485118299238
0.1532753236549969, 0.2, 12.75212862597182
0.16911298219984455, 0.2, 118.58779802524687
0.19550470678242393, 0.2, 58.173658939261045
0.06538703208101597, 0.2, 128.54619870202495
0.06568806284244497, 0.2, 54.75976796046284
0.20116050610416136, 0.2, 124.10885971348563
0.13159607388437802, 0.2, 5.21635616018935
0.1716886860574194, 0.2, 23.394324527557927
0.1605433130628784, 0.2, 83.50500363701703
0.10327084103693669, 0.2, 30.990539909988836
0.1960261277238744, 0.2, 86.81819455362223
0.16076683422492982, 0.2, 197.22964063579371
0.1629938018862024, 0.2, 95.55409238989327
0.15402995576881093, 0.2, 28.274196752240385
0.22870563713006842, 0.2, 90.66618192851469
0.16647756179093784, 0.2, 8.223893506686311
0.22239045142806246, 0.2, 150.13660492199924
0.18577584484208626, 0.2, 107.76238637094083
0.09796474566444748, 0.2, 230.42800871254786
0.14795271941372526, 0.2, 0.43541209859162855
0.1597883686108149, 0.2, 54.16918105135944
0.10530463221085254, 0.2, 50.07740888884572
0.2085699945829372, 0.2, 34.15089230468591
0.16309762531450203, 0.2, 22.190962702152774
0.12998849009901686, 0.2, 119.55807935417415
0.228612856531332, 0.2, 37.103282305653494
0.20881498435866164, 0.2, 4.902151529808718
0.16613763871485931, 0.2, 27.55575591386253
0.18669252855359827, 0.2, 153.83317878582926
0.10031463077600267, 0.2, 136.0551677026207
0.0835304337230347, 0.2, 140.40383180087798
0.11592972073696778, 0.2, 264.9775514269565
0.08709543319387876, 0.2, 259.3904533387078
0.10679641634218659, 0.2, 95.05597031306513
0.13411981138703705, 0.2, 104.94221747171274
0.18016389682285106, 0.2, 49.34894396479252
0.18181793588309425, 0.2, 87.84672432659197
0.1336976242419573, 0.2, 373.9288221045144
0.19380111374274764, 0.2, 43.611001528477516
0.17795621656234176, 0.2, 99.98864301507506
0.11574180661670662, 0.2, 138.55875403379773
0.1944366837462898, 0.2, 148.98944192052502
0.16960297272854893, 0.2, 15.214979119853215
0.10129376375306562, 0.2, 90.7575982453886
0.0495626774215837, 0.2, 104.04018096876182
0.1496656201973766, 0.2, 35.03996229784792
0.17317324005764861, 0.2, 117.91253224781879
0.10077599470035782, 0.2, 116.37333781259618
0.16871694134802356, 0.2, 129.06921826106395
0.15176040903353374, 0.2, 0.030481847152559343
0.17697582008040127, 0.2, 27.81137923614956
0.06908619817233143, 0.2, 79.59712347311779
0.17735439433830893, 0.2, 94.28828916634315
0.11705134464133748, 0.2, 16.887088359997186
0.2069079831784606, 0.2, 6.024569740322439
0.13748016837025304, 0.2, 94.51659454585847
0.12005028963710226, 0.2, 47.46382489260728
0.15432526683799935, 0.2, 178.1365702148461
0.08073274588298643, 0.2, 2.282186872909223
0.1765049194634072, 0.2, 1.3479904396723468
0.12037387017831766, 0.2, 65.26895089387601
0.15991149618501563, 0.2, 15.182861255721459
0.14456329856547248, 0.2, 23.187136244713024
0.16596816332840986, 0.2, 50.30305782698473
0.14707796991058478, 0.2, 149.36277409345638
0.066564233444251, 0.2, 4.010401292260885
0.14803247107175022, 0.2, 114.03958155090753
0.09802525038163898, 0.2, 43.51978592515144
0.1382658115482807, 0.2, 43.73394908793193
0.1360760781832135, 0.2, 31.350644044061788
0.15911411767320388, 0.2, 143.69028913287693
0.1764895590557185, 0.2, 91.53709003140006
0.18349916920987447, 0.2, 13.048417405530813
0.10910979652180278, 0.2, 501.3546500203499
0.20898891734976638, 0.2, 11.841884302108742
0.14168402838117672, 0.2, 16.981611331880906
0.1621363124592119, 0.2, 69.63528456394089
0.13763260118960163, 0.2, 69.11634776865208
0.18858379348121937, 0.2, 142.77447100779452
0.14261654729292692, 0.2, 35.60663568410363
0.1281309770000371, 0.2, 6.564758707013957
0.22178909716831327, 0.2, 67.7449066657657
0.16430286761744908, 0.2, 274.6692199299805
0.19163929656683695, 0.2, 131.42981524107486
0.15652008182303118, 0.2, 54.55184373677144
0.213602232797114, 0.2, 34.00916691708142
0.14133958628011356, 0.2, 13.522682654505376
0.1617567755355416, 0.2, 134.2656669966101
0.08324641257336968, 0.2, 31.59214972565313
0.11203028623230692, 0.2, 19.64536615897054
0.10063857324477127, 0.2, 106.91271442157701
0.1173682668232994, 0.2, 61.74218154756443
0.08743656299208924, 0.2, 25.0279233029342
0.14057470939199665, 0.2, 557.7537722725616
0.16115982469060292, 0.2, 5.848087871515068
0.1426666171178488, 0.2, 88.50553197586152
0.09108858271137855, 0.2, 16.96317144276737
0.14669718579234123, 0.2, 666.8650041501573
0.17830028711367302, 0.2, 62.73514808797436
0.17212308811873098, 0.2, 14.287352282618098
0.09875433734982551, 0.2, 7.427226288914987
0.23002258491381522, 0.2, 67.49918476001386
0.1866321463262347, 0.2, 44.95063974731072
0.1404958231803214, 0.2, 152.96101573948314
0.08698263720499819, 0.2, 78.94635144227469
0.20845493543592414, 0.2, 9.06344367612724
0.10147102650385437, 0.2, 62.21049548067183
0.15303952281672434, 0.2, 46.09803933569165
0.09058783799492622, 0.2, 64.80756721351399
0.16665938871230257, 0.2, 129.8925882361117
0.10787939469354016, 0.2, 76.41491940848398
0.1566358261090718, 0.2, 25.60583654897378
0.14788439680323678, 0.2, 128.6879309298282
0.08971390012046279, 0.2, 11.081166232248608
0.12363640471635744, 0.2, 244.94492549595205
0.06875301205762269, 0.2, 123.0787690025772
0.11462653945782308, 0.2, 144.6217527315383
0.21768373604052357, 0.2, 38.74144212629628
0.08989799838371866, 0.2, 128.4090349916142
0.12131214395235712, 0.2, 105.37725979215371
0.17856129834916104, 0.2, 18.166989584785522
0.1803286719280725, 0.2, 109.06873842656108
0.14012566572520407, 0.2, 4.833819735746821
0.16238408625733408, 0.2, 8.180316871239521
0.2210281952825089, 0.2, 171.0418558539239
0.12060151041398579, 0.2, 14.69739904829707
0.12028042671750845, 0.2, 10.33887367469682
0.16416347625440453, 0.2, 22.39280421107849
0.10861215581144366, 0.2, 69.42880488778907
0.10996421247795733, 0.2, 217.8615923360455
0.1961257588234484, 0.2, 2.830844742070582
0.1186841304829257, 0.2, 6.653216959120067
0.195813264493674, 0.2, 67.34885101322598
0.18996559640806573, 0.2, 103.63940379316159
0.15484963430146773, 0.2, 53.10553057815963
0.15885216300822877, 0.2, 6.265556104842188
0.2230341586487086, 0.2, 133.1365832316053
0.1742418614155798, 0.2, 85.71956281325943
0.18979304958878415, 0.2, 38.158811953323635
0.17636103013528853, 0.2, 27.101010911764376
0.10553093763824, 0.2, 44.272786588313004
0.16350167252169273, 0.2, 19.778897437663115
0.19321632434598449, 0.2, 17.78259013209469
0.1448442548892393, 0.2, 51.76340435329425
0.10001529828558993, 0.2, 20.367873048990315
0.1787028117001378, 0.2, 75.67800968863823
0.06260851417891737, 0.2, 358.92800750908714
0.17410552871816548, 0.2, 128.51050069839079
0.05356952591737721, 0.2, 35.96171546626077
0.1530513908708743, 0.2, 160.625430505518
0.20984404093613113, 0.2, 20.16996556052418
0.13509147681288122, 0.2, 25.468127243657772
0.22697760491474445, 0.2, 216.4395028993864
0.14270534569433457, 0.2, 25.10328323561371
0.13511635807511269, 0.2, 54.075656526145295
0.1178118009282258, 0.2, 205.19208423838865
0.12298028046215435, 0.2, 74.47638006892922
0.10773500681904317, 0.2, 165.4501576646092
0.07983272460972507, 0.2, 170.9581147226311
0.10602885842189538, 0.2, 94.39471777922995
0.2230697645707746, 0.2, 86.87507804948588
0.10606789361825164, 0.2, 63.76987995068727
0.18521282506195466, 0.2, 83.37782237481983
0.18438259755466618, 0.2, 147.68244848906954
0.11294613472244154, 0.2, 11.57287883446818
0.13579422831483368, 0.2, 27.01152997948128
0.12464647985987932, 0.2, 29.914724681432816
0.1595814056492987, 0.2, 169.39509773809937
0.10636106481428706, 0.2, 127.8636392834751
0.1501032336754463, 0.2, 183.52016820278442
0.16110240413123073, 0.2, 17.600173437545354
0.11728284020023119, 0.2, 19.95030396454263
0.12549053398390336, 0.2, 42.59173368066744
0.1252702745185993, 0.2, 4.126738883653821
0.23946836774689573, 0.2, 80.54199946100682
0.12662654044033853, 0.2, 28.370745528512952
0.07801300934409816, 0.2, 72.8911945302334
0.19614846192096705, 0.2, 26.63662075803603
0.06486596875155046, 0.2, 78.11734608560255
0.17559485189631766, 0.2, 38.68822516000929
0.1486649552338118, 0.2, 30.91448374009025
0.15174251431364755, 0.2, 93.79553305816539
0.19677654898619493, 0.2, 43.35078924868897
0.12897449861910334, 0.2, 57.02113948019972
0.13664072997765053, 0.2, 1.190166143301355
0.17688357835769086, 0.2, 49.79590802825911
0.2857429853712099, 0.2, 37.277259525816795
0.10664291433503843, 0.2, 147.61303089999183
0.21927303300754666, 0.2, 30.784654924509884
0.18174049157498637, 0.2, 11.169958492507352
0.0770226508104088, 0.2, 44.98148161684927
0.15728953538726323, 0.2, 134.43291222022978
0.1875832097200035, 0.2, 89.0588130381076
0.0903813084407479, 0.2, 140.59948879141896
0.08569281063170929, 0.2, 135.9172792159953
0.17669927162192256, 0.2, 48.02869878568202
0.14745690904109998, 0.2, 251.10850893565808
0.16028698857795748, 0.2, 201.67937759986918
0.13253410484619213, 0.2, 234.58515809292632
0.10798747915889581, 0.2, 156.60146250918586
0.1348605426143056, 0.2, 72.3777412011345
0.1277278900983891, 0.2, 41.900775547067006
0.1818182622223772, 0.2, 56.678396337430385
0.1391846141426698, 0.2, 9.237191447631067
0.14739142337477792, 0.2, 33.472406373242414
0.12555379110855783, 0.2, 79.84075172612206
0.2181374151184049, 0.2, 10.395682476354837
0.1256546549038368, 0.2, 62.17227149235908
0.10961243394049344, 0.2, 24.684060466207182
0.1378311076324843, 0.2, 35.15836919021224
0.15237252294560805, 0.2, 5.925226205859236
0.08968578750136919, 0.2, 16.538999487472694
0.08376431694410331, 0.2, 65.39657137470601
0.15201450367405359, 0.2, 281.30238582065044
0.1295941318725823, 0.2, 38.22290667792201
0.11324258200699486, 0.2, 186.50648376405613
0.1514674429669248, 0.2, 10.882710170920122
0.09183387579897925, 0.2, 50.822117464232164
0.17107420022852227, 0.2, 40.71409287145617
0.13289886842750756, 0.2, 28.60102678188928
0.15548268997263837, 0.2, 4.6745096498935075
0.08528683202822603, 0.2, 5.292195898577161
0.1977981669346374, 0.2, 194.4785712693652
0.13246238338715435, 0.2, 210.1842780915596
0.18241520053196286, 0.2, 20.20717668588994
0.23595261404666684, 0.2, 16.792881269027603
0.14941418638643705, 0.2, 254.10225490310157
0.13982405501274034, 0.2, 59.59871376988571
0.14353646432440298, 0.2, 118.76833786841759
0.15983008526738446, 0.2, 209.91843380943703
0.17012683392282246, 0.2, 13.98094664685948
0.16925872661776534, 0.2, 4.617117153990435
0.18472284949584317, 0.2, 38.947997247402114
0.20046441821493524, 0.2, 99.5114155505006
0.16172453394189276, 0.2, 16.68448972405617
0.13371159157146423, 0.2, 43.55338900288013
0.12023094111061176, 0.2, 50.548131871825525
0.14136171170942496, 0.2, 20.581500821784967
0.14613632797110118, 0.2, 161.69266432778463
0.13714076175095086, 0.2, 202.2752651769716
0.09739591815371348, 0.2, 65.17606578797549
0.14018243279615014, 0.2, 453.2836178602244
0.09600804799915685, 0.2, 216.3574393021592
0.20856760778420927, 0.2, 260.90771109938373
0.16598808260674253, 0.2, 9.067778456765495
0.14455663026898286, 0.2, 57.91811236137227
0.18025197771495277, 0.2, 26.514945073143235
0.11058527292229223, 0.2, 260.6011150862999
0.19790429521977862, 0.2, 17.22031995649593
0.16017475150156293, 0.2, 45.64456227291705
0.10609693353732157, 0.2, 11.38272561405872
0.13924219799515755, 0.2, 44.07592000896997
0.14529955833275032, 0.2, 31.08298305072414
0.11970540107906179, 0.2, 81.625277483617
0.1624168511277616, 0.2, 11.117705801607785
0.1448328606669135, 0.2, 39.81653429563615
0.09779449151229272, 0.2, 87.12737381323073
0.14475304554383603, 0.2, 120.23590847424707
0.18722568899578942, 0.2, 160.66531464595522
0.1843528127888424, 0.2, 84.35782633216662
0.10572427319761839, 0.2, 157.28103933060228
0.21887717181402971, 0.2, 4.93496105265165
0.12910567964537312, 0.2, 32.46202943371019
0.15993068828832874, 0.2, 1.9499545337195279
0.19561817229572798, 0.2, 55.82777207048191
0.16871576975347619, 0.2, 267.2618164411888
0.16465318138184692, 0.2, 152.10146155395174
0.16804595069525285, 0.2, 123.98527548894737
0.1576616849643323, 0.2, 3.080489787496887
0.03980626742325363, 0.2, 122.51483172785308
0.17477610656109938, 0.2, 607.927929056802
0.05555564862423537, 0.2, 72.88551164478551
0.12100834107639194, 0.2, 26.188774333635905
0.13927110525462005, 0.2, 21.687570222946725
0.16345680624129122, 0.2, 467.66559989782104
0.19996921644526536, 0.2, 8.467231457928712
0.12600399235823168, 0.2, 119.89578088087245
0.12032518601459677, 0.2, 13.389590255623768
0.19324936987603464, 0.2, 27.852674333118244
0.1779716190976561, 0.2, 1.6480991614128702
0.10543884137577361, 0.2, 33.485001719466425
0.1705827203831218, 0.2, 22.06298455830744
0.16522934709618678, 0.2, 68.71455859498778
0.11291135770844059, 0.2, 2.014087414178753
0.11925526494593904, 0.2, 262.9795531887091
0.14915491414941942, 0.2, 41.62940641395116
0.10964232008913491, 0.2, 37.86920778114867
0.13254170537009008, 0.2, 98.5641477239589
0.0933534229639924, 0.2, 57.30633393363061
0.13007362484633034, 0.2, 7.509924508726203
0.22047087620761427, 0.2, 125.78744278612297
0.15598361057533786, 0.2, 41.1541337627582
0.1559877557797662, 0.2, 54.14198003947985
0.10562632390439933, 0.2, 44.715609797834624
0.1986014015674522, 0.2, 23.92755526567783
0.1429607148878584, 0.2, 502.0972377446448
0.10589166767380162, 0.2, 78.73617596937267
0.13819126441585924, 0.2, 16.53200709301823
0.14003956836399206, 0.2, 4.992685674311791
0.14412725013958272, 0.2, 300.32130396427254
0.16175204464157306, 0.2, 75.34131698362265
0.12082067191798646, 0.2, 30.469538172425484
0.22911037897554432, 0.2, 82.42578201650821
0.17433258593803946, 0.2, 188.82511290883346
0.21332820932549484, 0.2, 72.3445027017051
0.15276910179631775, 0.2, 46.18799843667433
0.23384661304584525, 0.2, 202.20442310916042
0.16154840392291542, 0.2, 36.09972136819556
0.11093576001257874, 0.2, 65.14393152970214
0.12003530824422223, 0.2, 34.46576910228132
0.12197881597869539, 0.2, 10.443877649363385
0.1461635085769326, 0.2, 44.7549498557879
0.12677575728748697, 0.2, 157.4316414140289
0.1199788589201453, 0.2, 3.1042789849568773
0.0783642632754603, 0.2, 3.1252354473620327
0.11036849141035415, 0.2, 10.634665846625591
0.19552260047531136, 0.2, 105.77135227060867
0.1804535861020923, 0.2, 118.2328561464414
0.18587663696596843, 0.2, 216.24909883418394
0.21121145019669876, 0.2, 42.58403097640948
0.12880506534123373, 0.2, 13.130196975159375
0.08776455253976531, 0.2, 26.393258139879308
0.16081012492279492, 0.2, 91.39924277125903
0.1179790086720292, 0.2, 57.439144853731584
0.15936532149913354, 0.2, 18.677528687136977
0.2600255069035281, 0.2, 300.4290165241759
0.16856298244569504, 0.2, 7.868947444710915
0.23384560701847978, 0.2, 8.232412277262577
0.09759334517785792, 0.2, 171.92611781248846
0.154231648005424, 0.2, 7.260266313956307
0.17873658672089668, 0.2, 148.65638633466844
0.12305062797129185, 0.2, 6.26189490840695
0.18715726750673997, 0.2, 12.444934625635456
0.17443407829385998, 0.2, 21.350876453289224
0.1387028419900653, 0.2, 115.30094236784485
0.0520776273817085, 0.2, 44.2534765890562
0.14728452792870414, 0.2, 61.23677673909725
0.11093577666614968, 0.2, 140.99716970217972
0.20609091963014578, 0.2, 6.314862156569925
0.11020531955270499, 0.2, 39.75221049978422
0.19608436088667958, 0.2, 36.00388149413493
0.20521926574343696, 0.2, 78.56120384585397
0.1808773967118261, 0.2, 49.3962752397519
0.09800464104363266, 0.2, 85.45016201651936
0.08940829393135413, 0.2, 72.15644511786545
0.1564951434285918, 0.2, 53.660045751256284
0.10236679239790822, 0.2, 46.05621594912858
0.1396180897368423, 0.2, 72.12730521459788
0.15100041216504664, 0.2, 47.840085794379
0.22602324519994732, 0.2, 228.17043697811684
0.1732972500073349, 0.2, 81.64554024144942
0.09350909851422531, 0.2, 57.2164900812681
0.16240832112006306, 0.2, 125.98877843909331
0.09439387750251906, 0.2, 67.0327908656143
0.13386622762585815, 0.2, 82.16796537583286
0.11691376418785408, 0.2, 81.64960164777085
0.15601861743236212, 0.2, 4.2285727201598995
0.1830772803687045, 0.2, 134.914070173736
0.15642678293651432, 0.2, 13.9560042704005
0.14817161480806926, 0.2, 41.67697113982627
0.12643869179218148, 0.2, 5.169532691282227
0.10432440661177389, 0.2, 131.5466851906319
0.1474701800013456, 0.2, 127.12996116865605
0.23625287980576432, 0.2, 16.819497615369688
0.1263949897275849, 0.2, 77.01381527192504
0.1507123808465004, 0.2, 380.3862025289916
0.15996746480178387, 0.2, 99.3084701429957
0.21376119018907608, 0.2, 123.21155121459391
0.18086233456870165, 0.2, 9.221318339243895
0.1078865945437665, 0.2, 18.001763335912806
0.12681302881486248, 0.2, 2.5803806217131733
0.17341907692326833, 0.2, 111.03219361826014
0.21736826381438912, 0.2, 23.80137041814666
0.1747352980904721, 0.2, 58.71138318953306
0.11728243854336347, 0.2, 84.87822471411822
0.15448782942317144, 0.2, 26.461028600102885
0.12279239866052702, 0.2, 22.869584561780687
0.21909080986469112, 0.2, 4.9194959731899095
0.15723545728490218, 0.2, 115.86302249037827
0.22458191607677544, 0.2, 92.30168663396213
0.12949085765518273, 0.2, 23.635403818766143
0.10270833471338102, 0.2, 0.09187798026717334
0.23522610309067865, 0.2, 12.402456682835428
0.17388488202556643, 0.2, 30.148622395413895
0.14593869035915538, 0.2, 12.229125084256795
0.21495455332837007, 0.2, 18.748326284847874
0.14231608041390512, 0.2, 232.1373282098011
0.1836861299371343, 0.2, 8.457611651887767
0.08113624786557766, 0.2, 83.23201896915351
0.11749251795701197, 0.2, 276.4946993383101
0.0733696424873447, 0.2, 108.14738268497887
0.10328586405847487, 0.2, 26.86039189324536
0.14908364503762778, 0.2, 76.33409618851991
0.13609422691332074, 0.2, 29.714080006802163
0.1191000171781498, 0.2, 2.007809675676569
0.1525136712561354, 0.2, 7.279650473977234
0.15190955860193467, 0.2, 11.482832497691232
0.18074672237544423, 0.2, 37.88949691103812
0.09523390109243635, 0.2, 58.83603459603129
0.22258666376493347, 0.2, 76.16549499018019
0.16978445647720397, 0.2, 4.482117674029377
0.18167100117469948, 0.2, 121.63122625346048
0.15058542318241888, 0.2, 24.371835809768786
0.14707785283435731, 0.2, 6.202914861357836
0.19151559558485418, 0.2, 44.624757927216535
0.10225509648523212, 0.2, 17.660082595253588
0.08401821128978941, 0.2, 27.809904699020716
0.12090578240097544, 0.2, 0.26627154514393675
0.15907731484216941, 0.2, 34.13817990079672
0.16106653413363037, 0.2, 170.98233537724363
0.1461979863507479, 0.2, 108.63601563588233
0.12784937960217502, 0.2, 192.46427962292935
0.22400940493165017, 0.2, 193.8162019688207
0.11440395650758896, 0.2, 27.76728143301517
0.20208809131322683, 0.2, 68.34492373235925
0.11251529898730589, 0.2, 89.74321440874529
0.1599218047870464, 0.2, 74.20989338813395
0.09432127766220053, 0.2, 155.9211999255144
0.08618262100721037, 0.2, 0.10966365772678571
0.16494849957344418, 0.2, 138.1140095117247
0.12859436080142625, 0.2, 3.943454926102245
0.18507001085538316, 0.2, 54.21087749551717
0.1712158423765644, 0.2, 26.895392418582407
0.15695501324560285, 0.2, 8.51862880076796
0.194793817289795, 0.2, 107.096307756226
0.1300311032482788, 0.2, 17.72581701557044
0.15780828016472861, 0.2, 143.556140029239
0.17573052844447923, 0.2, 15.799958760979342
0.1687387501206823, 0.2, 101.28028349649462
0.1329284484652869, 0.2, 37.82920548769453
0.18191251633962877, 0.2, 16.20220489386902
0.19844616377210583, 0.2, 89.90319899488442
0.24341692523440395, 0.2, 30.9708970693548
0.12667678888721448, 0.2, 83.86695578240874
0.15084017600722616, 0.2, 40.4857488823563
0.1494885196496577, 0.2, 103.51250316881124
0.2135402958261074, 0.2, 86.99489126387672
0.12531398236941235, 0.2, 50.51016268383832
0.1581110886762207, 0.2, 9.846335084605839
0.13072651575535096, 0.2, 6.8670093300403545
0.13501444199245452, 0.2, 197.8063515948329
0.10655832311736652, 0.2, 58.6264691309073
0.09642489677110086, 0.2, 101.90578813554897
0.1933040650449248, 0.2, 55.156357275493875
0.14319079498815368, 0.2, 33.45538516469793
0.0770366366388838, 0.2, 120.73613033170943
0.19539484721873324, 0.2, 17.791568004460714
0.07826795453676112, 0.2, 256.71366324092986
0.1652846093934077, 0.2, 138.82716273111453
0.16523809711406093, 0.2, 181.5132250004737
0.10193952324626841, 0.2, 54.99727047086016
0.12694557194442574, 0.2, 18.695200004213977
0.16268936798633912, 0.2, 103.55476671097902
0.11058450066209784, 0.2, 109.63729497914726
0.1322184684405475, 0.2, 134.87448031435864
0.08692833320733452, 0.2, 33.55641557761912
0.12343683214197387, 0.2, 17.627626700820247
0.1598385755685971, 0.2, 133.60447930700923
0.14656415835180125, 0.2, 6.008367415996461
0.14696749066082934, 0.2, 25.48514989530102
0.1299494830341016, 0.2, 8.369352463939725
0.12081254880884856, 0.2, 208.9321939637213
0.1434845626931369, 0.2, 10.239916925052317
0.16793565766400095, 0.2, 270.1224413309363
0.17281054889719663, 0.2, 24.568463813779225
0.1814360658532842, 0.2, 30.941196813113613
0.11005150084040513, 0.2, 15.12835550579869
0.1870359427119406, 0.2, 58.52529602384732
0.18687609224288365, 0.2, 103.18683615305929
0.22453628408830684, 0.2, 18.178550350735993
0.1307320013030722, 0.2, 110.33883274305232
0.15626203716988651, 0.2, 46.95940366611057
0.11975320052004138, 0.2, 43.12116963998854
0.15514367442076654, 0.2, 24.73423546012183
0.15518695412042194, 0.2, 57.69591629325246
0.08517388957191122, 0.2, 78.57954403063738
0.2190398655418659, 0.2, 19.464505593390857
0.2420824843286597, 0.2, 53.48139992406867
0.12288086331677776, 0.2, 207.44672221064798
0.16142333673750078, 0.2, 104.00470620890493
0.09941218668015571, 0.2, 360.451130670642
0.15793804447135096, 0.2, 87.24075603224928
0.17369943014885894, 0.2, 87.4253457446507
0.16230396358901444, 0.2, 399.7273733379605
0.14821104784283018, 0.2, 26.29476615751399
0.13419941135024163, 0.2, 76.6842410029194
0.12669294716691476, 0.2, 24.26022127157898
0.185299324093731, 0.2, 48.18767541091946
0.1648646354391197, 0.2, 81.40658541467464
0.15036633001067976, 0.2, 23.159007050392052
0.16877583020232206, 0.2, 6.104107269091563
0.18846339853974844, 0.2, 161.47458457331405
0.08578642690594396, 0.2, 101.06194432091692
0.17188839269086528, 0.2, 49.389113804963785
0.16748468698323365, 0.2, 56.487177386388026
0.20283685696975556, 0.2, 609.9824637990829
0.09262967122910312, 0.2, 0.7794076671899068
0.1490796436255094, 0.2, 96.69800678684595
0.1182421629320849, 0.2, 45.790188530271614
0.13819339488770227, 0.2, 59.66168140432265
0.18871487246707544, 0.2, 48.35342820560271
0.17919916328553545, 0.2, 69.61889706551895
0.12568000284242448, 0.2, 91.47062820486106
0.19318222896000725, 0.2, 32.02079091753641
0.21614221983089912, 0.2, 24.13952031376273
0.15727274687580595, 0.2, 172.09552286541617
0.12694613921405876, 0.2, 73.83466475811528
0.1521054155639047, 0.2, 62.94486162666722
0.23106006597817913, 0.2, 27.385171096047475
0.11314817688515996, 0.2, 8.943673762861895
0.19856381669243367, 0.2, 16.14062718206566
0.18280184306819391, 0.2, 72.41719848740023
0.15362707536832262, 0.2, 11.068586343189413
0.1799858845630879, 0.2, 265.5174810402833
0.16795057391968357, 0.2, 122.38607774139722
0.08609766844105206, 0.2, 17.916708151310267
0.18014904184506994, 0.2, 11.71616434492376
0.16194060423269432, 0.2, 520.4393369473332
0.12410347014795828, 0.2, 14.853663066195255
0.06621569162544198, 0.2, 52.32964785795544
0.11141978257736573, 0.2, 1.5563235338350292
0.22172503253874423, 0.2, 140.54014058304793
0.19680496977093945, 0.2, 33.653245770365324
0.16731808176667756, 0.2, 8.843641868138253
0.15370561809825564, 0.2, 92.74058275981531
0.16396257613863957, 0.2, 16.566890363128124
0.15847262715733265, 0.2, 48.94707470045477
0.11022243963314374, 0.2, 50.09675356415465
0.16939299854982676, 0.2, 124.44357497997643
0.1613942477422296, 0.2, 190.40275884965564
0.15691347286364093, 0.2, 40.95163696053656
0.1763116539412748, 0.2, 19.70278408231606
0.10630974611560277, 0.2, 2.4491189102996453
0.14650820756862928, 0.2, 18.12279233013633
0.15015138873636277, 0.2, 61.31130947800924
0.09917272743327386, 0.2, 303.9031291429364
0.10041825917519322, 0.2, 92.4354238394106
0.1525244552840308, 0.2, 139.13316604982649
0.1851369621149319, 0.2, 48.06802755325634
0.08366682463541208, 0.2, 30.786487640488858
0.19435530071839255, 0.2, 0.8894616841794968
0.12132418717469166, 0.2, 250.79819527362653
0.11383979064252761, 0.2, 24.526372456613355
0.18563218817570606, 0.2, 38.20091275478693
0.15197272285436794, 0.2, 63.85315207074104
0.15186838594394533, 0.2, 132.25481958768833
0.08326155579805025, 0.2, 15.312831326740957
0.06995154418193245, 0.2, 23.836217352083157
0.22481633556552522, 0.2, 28.059885124436082
0.08014637493884762, 0.2, 13.784545715199506
0.14955964320630963, 0.2, 75.77647656107393
0.13874060516709255, 0.2, 4.319011788234859
0.10032493112760196, 0.2, 45.45443457978766
0.16236091311575762, 0.2, 163.5990094397906
0.12088618200734906, 0.2, 27.76711906279948
0.15092306596174254, 0.2, 1.7557391485531368
0.1564419171553631, 0.2, 6.315211216440866
0.14505600712013264, 0.2, 64.99345495477418
0.12887719025734296, 0.2, 115.48410127017208
0.14266147806814333, 0.2, 65.49251666352883
0.1658884264908288, 0.2, 12.601302462093214
0.15605567782965832, 0.2, 116.08712735162064
0.21115483167041185, 0.2, 32.40159091498538
0.11350300666350674, 0.2, 249.70641106702897
0.14087143627030513, 0.2, 40.877224794200295
0.14876407085652538, 0.2, 41.984548243209325
0.17026063698903376, 0.2, 412.7072979667837
0.1790984216036234, 0.2, 484.81960141657987
0.1753749662667697, 0.2, 21.115774749838295
0.13993657352787003, 0.2, 88.638341109946
0.14190084342939938, 0.2, 7.775982507938107
0.18859971066530928, 0.2, 148.18558783079226
0.1680669986256963, 0.2, 40.87543834822522
0.1537735126295599, 0.2, 70.58264706665497
0.09220619640143013, 0.2, 5.297831683132906
0.16513996671975045, 0.2, 0.2833121636317773
0.09228422025031115, 0.2, 101.70439413501936
0.11090598732987403, 0.2, 78.99312795526575
0.20383343849865565, 0.2, 12.717964230248965
0.16795010130889376, 0.2, 17.162556380685064
0.17360796166577996, 0.2, 32.127399187622224
0.12889061282185274, 0.2, 45.56361440370274
0.1763597208684847, 0.2, 18.96776214582425
0.1062514408276278, 0.2, 30.91248634089322
0.11175895119633367, 0.2, 18.585005754304728
0.15009289278113458, 0.2, 7.618435841247675
0.14725884733513783, 0.2, 24.674683972692126
0.1718883235784204, 0.2, 72.75884763570141
0.06855466802199305, 0.2, 43.1828386927066
0.07554454355562416, 0.2, 84.08624307916816
0.25451208119415913, 0.2, 169.54370761538487
0.13760613191950888, 0.2, 122.41685586831248
0.1822973000335985, 0.2, 192.65525377413036
0.16692127002839632, 0.2, 237.62061013838766
0.16262245965985347, 0.2, 70.12837147397514
0.2257345006257834, 0.2, 15.978720661119107
0.16496284851821807, 0.2, 84.54180007722601
0.21916014311091303, 0.2, 43.52998041521559
0.14326547640632128, 0.2, 215.73602306457911
0.13437128748935737, 0.2, 0.202148885247239
0.20581299086571123, 0.2, 44.98585578332887
0.10083079393239822, 0.2, 174.5109311153213
0.029510886357951224, 0.2, 143.14980732478983
0.13701049839751755, 0.2, 34.364707647747544
0.14803288228900774, 0.2, 187.82772247463532
0.17189605193334165, 0.2, 16.707600320095782
0.14553650014373243, 0.2, 32.74425331882894
0.15104694356279497, 0.2, 27.560111427821084
0.09143867020843065, 0.2, 2.425973213058279
0.14231923302860783, 0.2, 149.01254271642534
0.18853512693827482, 0.2, 234.9712382250802
0.15895796975779547, 0.2, 46.78607636406512
0.17310888603644792, 0.2, 9.476872688065999
0.09939005198646664, 0.2, 66.86257594422389
0.09485015668068261, 0.2, 61.49167252817347
0.16728679214970085, 0.2, 103.83835736336854
0.184300249694062, 0.2, 78.05523543669715
0.22257587265154866, 0.2, 206.3032690613469
0.1254543098244851, 0.2, 48.89126861781504
0.09841195688910581, 0.2, 26.24354246963376
0.18584293428547125, 0.2, 168.11260632688396
0.15095199497230427, 0.2, 83.98329300501833
0.14639134611181068, 0.2, 59.216087084619126
0.20858483176921763, 0.2, 59.15286895907233
0.16186513942016842, 0.2, 56.52017029085288
0.053011502469635485, 0.2, 79.45746635109079
0.19143651153298757, 0.2, 72.13333124453229
0.11510211300081674, 0.2, 47.95829898889006
0.12864519334742425, 0.2, 44.73080297033507
0.1285222164558775, 0.2, 114.9995545562082
0.12943592962340325, 0.2, 94.62814694114319
0.17679815053395487, 0.2, 9.51186925245523
0.15449070279569116, 0.2, 164.9610425492421
0.13906154303901191, 0.2, 1.9704615608831482
0.14523724458307802, 0.2, 170.88580454308988
0.15518501057173334, 0.2, 45.42894720336838
0.18601360823092195, 0.2, 18.973667598645942
0.22107851994427863, 0.2, 155.28656097211748
0.13857851231399598, 0.2, 100.9386863505942
0.1360994405586389, 0.2, 28.43516006340858
0.09600943718358002, 0.2, 153.7124695919807
0.20384057522967314, 0.2, 45.8399860793288
0.13135467304536497, 0.2, 58.468991097529894
0.16091231374742315, 0.2, 32.684578320134165
0.16192301969115566, 0.2, 16.16926346698012
0.10678935817064375, 0.2, 3.457207922567966
0.1519994672799172, 0.2, 5.980979240638907
0.09823734576016321, 0.2, 99.63292400341699
0.14161068878576877, 0.2, 316.5329580639696
0.09479877628099936, 0.2, 215.86869353909364
0.16305342864720798, 0.2, 0.685549337666096
0.15753850115662799, 0.2, 16.977059324631643
0.11503921620557858, 0.2, 17.576278957779973
0.060842562549274726, 0.2, 88.40244679979301
0.08370644065324133, 0.2, 44.02069226924978
0.17101288391080555, 0.2, 86.56901826800069
0.13017120112626934, 0.2, 28.17131320561074
0.13355422665531358, 0.2, 26.66547906588712
0.1769281070930628, 0.2, 153.11904714542817
0.15116502252118252, 0.2, 59.7102352925977
0.14020015047840279, 0.2, 143.3200818888521
0.2503840378569452, 0.2, 34.79846386576904
0.15517534040424372, 0.2, 116.54251357899535
0.1033275876231752, 0.2, 270.0021668298426
0.16400697015607793, 0.2, 101.76152847462188
0.11396453070676081, 0.2, 25.087864112183127
0.15793037085989392, 0.2, 413.16933014761844
0.1052780526387186, 0.2, 177.83860854026105
0.1957375369618211, 0.2, 16.460179767304698
0.1459303164796463, 0.2, 66.54483868312832
0.13704605321896962, 0.2, 78.91605016797965
0.15395088260427994, 0.2, 523.4994193900527
0.1082184213269284, 0.2, 50.75122027904043
0.1305749129441862, 0.2, 82.39069743985614
0.13677618629743166, 0.2, 81.6899740125868
0.15722835521990214, 0.2, 7.398401016990702
0.17416200687407424, 0.2, 113.4444110813464
0.1350022530772374, 0.2, 26.709957797900962
0.12202218524852695, 0.2, 4.6449980905509145
0.1301090065009559, 0.2, 44.77906953425173
0.2108086286221429, 0.2, 82.89377006488087
0.10634312005232133, 0.2, 215.39031147417566
0.10705557875768897, 0.2, 27.986737023823338
0.11833313166460221, 0.2, 155.53588651996023
0.15171375127090128, 0.2, 41.16952321392049
0.1889089828801052, 0.2, 19.570605167916995
0.11799557279606254, 0.2, 125.61167277757676
0.08398359213185186, 0.2, 36.118390610404006
0.127549837240655, 0.2, 129.33148835421156
0.19917549238982374, 0.2, 118.6266577224746
0.17953647570296152, 0.2, 44.08689839061872
0.14465290519453555, 0.2, 208.60859817212685
0.05253769325081563, 0.2, 159.02895179468695
0.061031880070293795, 0.2, 97.40284252550161
0.11445171264550381, 0.2, 144.53860323459554
0.18422582701797457, 0.2, 1.282406923811349
0.12768143114116515, 0.2, 125.09424115197342
0.11320179918343454, 0.2, 80.79726759444398
0.152776847797808, 0.2, 30.21348471998456
0.11101434674990637, 0.2, 10.296648346423169
0.20947374159961904, 0.2, 14.620159319035443
0.18937242993266376, 0.2, 113.80612599176136
0.14878666389735254, 0.2, 102.57734251434472
0.08375791266700754, 0.2, 12.107086488116984
0.0751688394000228, 0.2, 75.64387549928131
0.16440489245089412, 0.2, 19.314826909359212
0.13891356888410789, 0.2, 182.5236835072055
0.12754333031427206, 0.2, 288.6586082816067
0.23943067070431487, 0.2, 16.711945618323554
0.10289164184288016, 0.2, 266.1896132742647
0.14238792636920888, 0.2, 141.4342202567822
0.14081090934404467, 0.2, 166.6939074224761
0.0851198514678421, 0.2, 176.35648979386454
0.14067126075052533, 0.2, 39.351162210465894
0.0961788872999006, 0.2, 98.93532789929773
0.11185426348824892, 0.2, 29.300103805837743
0.1518382650949137, 0.2, 233.55700030736242
0.1779637682773524, 0.2, 38.16575519541232
0.1739390231788216, 0.2, 108.01648394427103
0.16856408090011138, 0.2, 289.2536650200948
0.0880711867093557, 0.2, 41.19287266042906
0.1284674245334402, 0.2, 142.6824377656716
0.10362976911302821, 0.2, 5.658846825730321
0.14565395109783044, 0.2, 8.059231633135285
0.15325864504227746, 0.2, 128.18026875577914
0.17090422291800897, 0.2, 75.33624773807553
0.17957400959725192, 0.2, 280.2460415680974
0.12612773403090816, 0.2, 27.88483625819105
0.17656996478411716, 0.2, 40.32933259772006
0.11008528762902015, 0.2, 23.19590048985743
0.1854985249163305, 0.2, 15.285441716275262
0.14909454717978135, 0.2, 104.62146263258578
0.14194939902389836, 0.2, 7.155771877660549
0.17372052348903738, 0.2, 12.657626150484239
0.15387172009533967, 0.2, 6.390180457637757
0.20881647270587786, 0.2, 11.260178912460281
0.24120467125791112, 0.2, 44.52489699660184
0.15228570226949037, 0.2, 8.434593859727936
0.05023945917207505, 0.2, 88.04459817725535
0.17682937537584534, 0.2, 165.3306594553261
0.08749403045447082, 0.2, 157.15746687483457
0.1433906047221244, 0.2, 92.86916816262854
0.14659173789897953, 0.2, 84.81627764368115
0.1059736293301443, 0.2, 6.3603993562350825
0.14820403757986542, 0.2, 76.47266051916303
0.09862113355691024, 0.2, 18.516989395832844
0.21693626560993656, 0.2, 27.472103970125012
0.14688480617463512, 0.2, 11.601869213065868
0.13371786382542247, 0.2, 11.779240585150623
0.12731625375182223, 0.2, 13.762373395105612
0.07450267526296682, 0.2, 55.22783950900542
0.16529711824695134, 0.2, 407.9417691011459
0.09073743761735974, 0.2, 84.20191042429643
0.15016975402797986, 0.2, 2.9066577765551838
0.0874853349360862, 0.2, 16.652196147730766
0.11605543218474568, 0.2, 83.96319872485574
0.17875739791413636, 0.2, 74.58318535993071
0.07370614503785175, 0.2, 387.02647881551775
0.1831031507372116, 0.2, 81.9934108711262
0.1447501715931609, 0.2, 264.3639920850846
0.17389259951644667, 0.2, 49.48215075369995
0.13652377437363913, 0.2, 94.5328255354457
0.1153087269659741, 0.2, 255.34429909137242
0.15887013947355044, 0.2, 14.491471219090682
0.15444622576587633, 0.2, 53.32481366816107
0.17475021189088644, 0.2, 66.4224340465554
0.20162660332631951, 0.2, 35.6994154270867
0.13843845202815083, 0.2, 184.50183178747918
0.15197385735238259, 0.2, 91.20454571566876
0.20358224033253502, 0.2, 156.26380026879
0.11835436329417062, 0.2, 27.46835654510873
0.15201475669203943, 0.2, 6.784429243016413
0.13776662105571483, 0.2, 148.23283642220997
0.18609339339081254, 0.2, 39.368098383548016
0.18889357916161797, 0.2, 5.532791271257342
0.12250039270936053, 0.2, 7.175271894699481
0.2070261422255753, 0.2, 16.691570255845363
0.060639971989721986, 0.2, 11.380776923090705
0.13029887847462007, 0.2, 6.717597307282563
0.11910743157232896, 0.2, 110.40631330880178
0.11385325473850208, 0.2, 62.0583294681788
0.10626875881306513, 0.2, 28.75638532354883
0.17006386811763463, 0.2, 25.040773215479437
0.18952648405838535, 0.2, 16.35166723546102
0.10472894622719384, 0.2, 66.31735461935814
0.19927225705229215, 0.2, 47.19021546519074
0.17787081623596707, 0.2, 716.8377642734339
0.11481754383309192, 0.2, 155.32052543868812
0.21331328363568552, 0.2, 137.61569693756795
0.17226327157704244, 0.2, 177.1866391861084
0.1519177935464289, 0.2, 83.77839467648644
0.10086601807459548, 0.2, 38.525827234885334
0.16794124120800477, 0.2, 29.826218972718856
0.13495350444862014, 0.2, 80.09954027269117
0.19785986389390717, 0.2, 277.5739107034946
0.2615952066431543, 0.2, 12.91575131432397
0.15670632265504666, 0.2, 26.47004168441492
0.2022475439601406, 0.2, 325.74602860677436
0.08911179796995493, 0.2, 158.75197490132368
0.1253476369717835, 0.2, 175.17638631870872
0.17870197548967692, 0.2, 22.41176393174465
0.18358691296767427, 0.2, 5.787838114679714
0.11984115858464386, 0.2, 83.45312497839059
0.14156980680804532, 0.2, 11.624569141159933
0.13970413045936697, 0.2, 93.81957965739332
0.17089873790616378, 0.2, 2.8611463925190233
0.09223018180608862, 0.2, 35.23852953038836
0.17779306542952927, 0.2, 33.37089124106576
0.1709929043735993, 0.2, 56.51883282052276
0.11631611824960372, 0.2, 37.76642975262762
0.15331808102495215, 0.2, 219.25431635050685
0.1636966530224086, 0.2, 25.98117457906363
0.1438235567281411, 0.2, 56.990194793506184
0.16931700967559735, 0.2, 84.00905921801537
0.13581295056684087, 0.2, 2.3709066139302015
0.16828060480509516, 0.2, 67.7620248484656
0.10794747220181469, 0.2, 26.903666732413853
0.18098437122098152, 0.2, 33.75976819268329
0.06732301500499031, 0.2, 146.95959456895412
0.11833021549215511, 0.2, 46.251004923664304
0.19996679915927043, 0.2, 24.16197058815027
0.15636430619074493, 0.2, 19.575772168239293
0.14524566232186611, 0.2, 51.42230043552904
0.1681847149782964, 0.2, 11.751455531559875
0.1425609979556014, 0.2, 18.480501313354218
0.12135909158545037, 0.2, 239.953923643453
0.1586450544404924, 0.2, 87.01238350249217
0.09731313171790609, 0.2, 176.7786476483673
0.15996506329480348, 0.2, 32.98423456163316
0.19902364121008925, 0.2, 54.40368413827546
0.1053189017787297, 0.2, 244.90640470097142
0.124957138104791, 0.2, 21.302815591800517
0.18317917213842083, 0.2, 28.63978728924484
0.219691776060446, 0.2, 132.62450956583592
0.18871711862734686, 0.2, 18.62129856983218
0.2407250300489835, 0.2, 13.687185337588813
0.12379580209027312, 0.2, 237.1560301327376
0.12778905412493347, 0.2, 206.1858440677724
0.194869556108914, 0.2, 49.61156124133656
0.17118402577438266, 0.2, 28.10719437202471
0.14059779401491002, 0.2, 68.64940434284593
0.1329845723263394, 0.2, 30.525848010251142
0.15557029484205606, 0.2, 4.241347031448361
0.05727099468396857, 0.2, 67.20549398267563
0.021052638029314896, 0.2, 21.08242247146215
0.14145332868253419, 0.2, 28.89016889932581
0.1619404746776334, 0.2, 38.975017522433745
0.1612524313010213, 0.2, 119.57707946147633
0.19221315396697813, 0.2, 61.25888424525701
0.22667809762156946, 0.2, 22.422162718900587
0.12202652768485278, 0.2, 158.01563523371595
0.14728279672646874, 0.2, 88.55395174438345
0.11488144587911484, 0.2, 47.90166378383909
0.14422421244368847, 0.2, 22.020602947654147
0.16329659543050776, 0.2, 27.365298848649857
0.18370929802769922, 0.2, 56.093451744219244
0.14498830941719795, 0.2, 28.223740913629555
0.12225456523943579, 0.2, 125.43454684177205
0.11842379528274882, 0.2, 45.76835293877656
0.14256232772305577, 0.2, 11.515500566682555
0.1849861177087092, 0.2, 29.130243746323245
0.09070756378484085, 0.2, 59.8206577473622
0.08885875989707892, 0.2, 97.07691464676894
0.14930022695338113, 0.2, 14.484785968635745
0.14150835857938882, 0.2, 50.7548002718683
0.15330489277483517, 0.2, 291.9813175351027
0.14698222049885182, 0.2, 33.049264201859
0.1260233681499409, 0.2, 96.19252267814542
0.15591736900122785, 0.2, 35.77531427666274
0.1271960272864304, 0.2, 48.963952359141565
0.17453339896602216, 0.2, 85.17998492306153
0.12107518424977097, 0.2, 91.37135195463182
0.09686828297966638, 0.2, 10.376807683708176
0.17028723918503566, 0.2, 29.767308200217535
0.11400966244713182, 0.2, 33.31567740762056
0.13772685341581314, 0.2, 38.363837202745195
0.20104227855561535, 0.2, 40.33323802841792
0.09988038525198181, 0.2, 168.32110972787467
0.17774968808462777, 0.2, 135.42690946315653
0.05802050630634292, 0.2, 67.32631219497262
0.18335709146268658, 0.2, 14.812184154396057
0.19206266906873476, 0.2, 95.70487348884927
0.16519090532866476, 0.2, 18.605632576412507
0.17883937597316266, 0.2, 5.731870729832153
0.11612559669429656, 0.2, 69.29751659851031
0.1280041048703426, 0.2, 12.726075704312004
0.14538616337365698, 0.2, 33.84745231512878
0.10221695555546192, 0.2, 167.92210558927502
0.16900235145175446, 0.2, 2.992966918308603
0.12419702315208463, 0.2, 33.28176628561054
0.2423396677743373, 0.2, 58.83372578965628
0.1334758315532919, 0.2, 253.19013024401394
0.18033519014295896, 0.2, 298.0281372328579
0.16529601699086352, 0.2, 174.5581445487379
0.16320206527859465, 0.2, 65.89994551294166
0.0953377395496471, 0.2, 65.18564192304959
0.16201172285456944, 0.2, 62.73363715982382
0.20888856888286028, 0.2, 45.70407485933406
0.15645847181208877, 0.2, 123.79319480540133
0.11151407530111758, 0.2, 11.171044273625178
0.15090456333720093, 0.2, 41.4714106530836
0.11240391762810183, 0.2, 27.23323386743797
0.14681820305245227, 0.2, 20.03689087111361
0.1686507134449856, 0.2, 41.1603511215161
0.19112031126440998, 0.2, 53.71858814426461
0.07142526934401723, 0.2, 34.94972245761102
0.1831795905653612, 0.2, 163.753895658436
0.17097859908994903, 0.2, 0.05409316364106151
0.10267704540005257, 0.2, 79.1482329093041
0.1641366162749192, 0.2, 120.72034873808889
0.11808996666016322, 0.2, 54.68180193990323
0.07370505667441536, 0.2, 50.90578272245873
0.13702198828108575, 0.2, 3.1503765842419913
0.05890111651093377, 0.2, 28.045592096492676
0.21447026037292416, 0.2, 198.19222819811185
0.19145214180170333, 0.2, 32.668031745041326
0.1969397093023535, 0.2, 75.05147148033693
0.10010279085103493, 0.2, 73.65375748429342
0.0546037937734825, 0.2, 28.82051452818709
0.15330777945280302, 0.2, 23.066765272834676
0.09964221566499284, 0.2, 35.87816516422454
0.11612532446187879, 0.2, 39.827842474533384
0.15961073089025954, 0.2, 74.60872571889787
0.1998684272707131, 0.2, 45.85628965168778
0.14996556971222566, 0.2, 140.7016822103845
0.15236938873099273, 0.2, 1.1329861166497661
0.12249771688172158, 0.2, 63.46714136975011
0.24194983906503592, 0.2, 69.9180087463112
0.16350672864387203, 0.2, 18.45887649989237
0.15876120637549984, 0.2, 136.62561211947647
0.12019477593756914, 0.2, 71.34514221387
0.21949039795805764, 0.2, 67.77431991363461
0.11008456014615942, 0.2, 35.357722076137165
0.11619717149428145, 0.2, 3.6759249502827975
0.08822842405251913, 0.2, 15.376493650515378
0.24466897356838094, 0.2, 12.612417532439848
0.20535283591410536, 0.2, 157.5431609597317
0.15868890093617297, 0.2, 8.424542153191965
0.1858239143017275, 0.2, 135.62047494914282
0.13336544923154087, 0.2, 56.590949302453225
0.1318040656898778, 0.2, 153.23019661671202
0.14049672267832816, 0.2, 16.39518086499078
0.05311844416561061, 0.2, 55.78648549662766
0.20422123539424258, 0.2, 98.89105168095927
0.07835433970270658, 0.2, 625.5757874926445
0.16140836389910346, 0.2, 135.547909484028
0.18103187601065532, 0.2, 101.69353122725072
0.1287268554180195, 0.2, 79.25488204083587
0.13806033387640723, 0.2, 22.505053290520106
0.17044280909869985, 0.2, 25.81904275735563
0.18135720304042516, 0.2, 29.78734229379992
0.18849104307032918, 0.2, 49.80113176009758
0.13318670678614458, 0.2, 23.867141924915995
0.12414896281150169, 0.2, 15.037568353338608
0.12760320151385754, 0.2, 7.42342071040503
0.18284446508353241, 0.2, 44.66843609085509
0.20016431821970798, 0.2, 49.915294726564916
0.07150095386711948, 0.2, 43.67459078508895
0.1669741639147164, 0.2, 30.60200726804533
0.23172964587829842, 0.2, 7.433053175639437
0.13054471689112715, 0.2, 245.07118139090625
0.14576069776529849, 0.2, 15.52417115585543
0.14434166227262857, 0.2, 45.03946583399211
0.18916441468326048, 0.2, 185.5560514768141
0.1518597857957094, 0.2, 59.12686389878739
0.15019524975409831, 0.2, 141.41565266666368
0.2089545102126767, 0.2, 199.8427544708144
0.15505297433494364, 0.2, 19.327654077204446
0.1550868052870863, 0.2, 39.26212163276845
0.18120884122086836, 0.2, 27.92978892561279
0.16735548779882947, 0.2, 9.238376938124995
0.1609190172362313, 0.2, 2.68324438157572
0.106914066574993, 0.2, 41.80439338189064
0.23000508511153195, 0.2, 134.92398687288474
0.16371397642657465, 0.2, 34.80880644486549
0.17859931945694918, 0.2, 92.71976820810383
0.2233177674284143, 0.2, 12.921833360430094
0.12381946174721815, 0.2, 28.227266286324603
0.12001982817366154, 0.2, 34.88037176285002
0.1851586942015808, 0.2, 30.868351220441948
0.14678332336165242, 0.2, 93.14577204793206
0.16783991436686427, 0.2, 109.10044437969772
0.10945086688988598, 0.2, 58.13775287845449
0.14051160417109304, 0.2, 37.72928874499505
0.10503909962739877, 0.2, 42.00187541833888
0.17870637794591904, 0.2, 50.00235650587422
0.15575974850267715, 0.2, 3.0665642318445765
0.20472081643077092, 0.2, 33.08600144463414
0.1629310087398265, 0.2, 60.88229220967019
0.20494464384033712, 0.2, 315.39644241932655
0.09840893063807693, 0.2, 4.432255559092323
0.19797409646770073, 0.2, 9.086704098734392
0.16957044365024568, 0.2, 184.9581368268193
0.1811037082172649, 0.2, 28.846420816644816
0.10044165854218537, 0.2, 7.56821412530668
0.15990675356740308, 0.2, 234.68780483310675
0.13088737854435867, 0.2, 10.11216118889162
0.06181906674795529, 0.2, 40.007580457048014
0.14317879794284993, 0.2, 56.24299137920433
0.13005614327651688, 0.2, 58.15688325079975
0.16594458255170214, 0.2, 139.33108645905438
0.13940506067100253, 0.2, 71.63392531043213
0.08778747644425382, 0.2, 125.23066552333965
0.20651824025499654, 0.2, 160.30783787976006
0.12700821378710064, 0.2, 69.41719324875461
0.07868537841456737, 0.2, 17.38928246474404
0.05689569888047001, 0.2, 1.845462666845957
0.10043087241717119, 0.2, 19.695104039249554
0.12639027240056455, 0.2, 25.647338841650114
0.1820135049156702, 0.2, 34.435671326027176
0.13252629651689485, 0.2, 98.17868490802232
0.15138402142768323, 0.2, 29.775607417437115
0.07030336129703593, 0.2, 52.09111385625264
0.13690499026519257, 0.2, 185.48855349436695
0.16076631867780106, 0.2, 11.424696202976184
0.15756928479938415, 0.2, 28.7865333879288
0.129456617188043, 0.2, 142.3780279313422
0.1545919816009785, 0.2, 42.54768288022082
0.15203998693420231, 0.2, 86.52632361652245
0.20735234662056862, 0.2, 16.159842265809896
0.15575904245305694, 0.2, 86.60312085753436
0.09458432366133264, 0.2, 127.77032398003814
0.10571342367924907, 0.2, 33.89290445270826
0.17620955629714496, 0.2, 20.616331756015324
0.13332814786802405, 0.2, 56.34753194242541
0.1474858407031665, 0.2, 9.305152150466157
0.1778810698945833, 0.2, 41.282463219170225
0.1410005610391586, 0.2, 60.08222302313994
0.15685122448328145, 0.2, 78.9561687306519
0.20484485673633523, 0.2, 37.77519459167754
0.1279015723357767, 0.2, 10.734724334324088
0.14288093492435805, 0.2, 14.89463247778855
0.13320307469823664, 0.2, 59.60695202047433
0.14048394091947936, 0.2, 8.8028935057876
0.20101297367015444, 0.2, 55.478468938787074
0.12231471882265026, 0.2, 63.77301205771046
0.1663961967266434, 0.2, 8.06816913330535
0.2260379438924915, 0.2, 289.172904854407
0.07682045428679639, 0.2, 29.17928278897072
0.13026688244853357, 0.2, 55.42710527850137
0.10706207405147244, 0.2, 26.85244530198519
0.17118974615552734, 0.2, 48.196931716590086
0.15453831543144148, 0.2, 176.19070716786814
0.009609120558759843, 0.2, 128.55232916878688
0.08404737877634044, 0.2, 74.60430746224722
0.223723521991545, 0.2, 196.1541341543189
0.09725433017711414, 0.2, 3.492840298350342
0.09892971723849228, 0.2, 36.20345785135261
0.16172626722147207, 0.2, 1.8606157633747702
0.17815197320433868, 0.2, 14.717266070760514
0.17422938627210646, 0.2, 123.72581232623887
0.1738451309511224, 0.2, 116.33283128182697
0.10510419308222751, 0.2, 9.918323410844849
0.20236205433390664, 0.2, 27.512946596639072
0.14487950678847403, 0.2, 90.00488434456733
0.13466968624430392, 0.2, 22.561325713519487
0.1309204669949607, 0.2, 175.5249057397413
0.1956005814213061, 0.2, 0.9663966679965744
0.1391304891949151, 0.2, 6.548230525278212
0.06469334798735794, 0.2, 24.201439556775203
0.13753536943955608, 0.2, 16.879449378701718
0.05375889669840134, 0.2, 68.60291195172823
0.17407193805153712, 0.2, 33.76519741506435
0.13320421458911696, 0.2, 137.28569643336428
0.19499248877016606, 0.2, 19.047410743586706
0.19310428838434043, 0.2, 8.6458895264219
0.14831062635371683, 0.2, 21.348820529481838
0.10507841360950718, 0.2, 65.16632894962926
0.19670275928387754, 0.2, 95.36492460454862
0.20203111859025713, 0.2, 4.90508614680774
0.19651137069593513, 0.2, 79.45381367916949
0.08635377061692986, 0.2, 77.5062860719993
0.10393447655237148, 0.2, 264.7239134106494
0.19020217704778583, 0.2, 98.05936043442205
0.15469234438994495, 0.2, 75.13612914726706
0.14926365115526463, 0.2, 19.13662205939183
0.2272145166059822, 0.2, 71.29295338567097
0.12480199417068522, 0.2, 131.11483876968228
0.11692773179636701, 0.2, 110.33175744423679
0.18817829019027216, 0.2, 78.61428841030441
0.11215493986501959, 0.2, 73.74680831604405
0.16992599196466013, 0.2, 25.225801503875807
0.1352819111191898, 0.2, 14.225785325859741
0.16115928820368636, 0.2, 36.44329285797968
0.15740691832724243, 0.2, 5.244162699983011
0.22087368137472646, 0.2, 78.88712009049819
0.12237817331120267, 0.2, 1.9975552179390528
0.1301633000122004, 0.2, 73.5826476177446
0.09222020527830495, 0.2, 237.50675490577882
0.10146880726197555, 0.2, 71.55670176697578
0.15324939290669945, 0.2, 95.28560947681466
0.16365637222332902, 0.2, 42.48184101990334
0.15921915129696462, 0.2, 157.4665182324777
0.15950333521543905, 0.2, 54.298240275417776
0.13486511914833216, 0.2, 162.87212773011697
0.21299971793364111, 0.2, 10.132477764671782
0.2205508984902773, 0.2, 39.18917948041568
0.2285395191357652, 0.2, 6.656979689168751
0.16407272545541413, 0.2, 108.11006306854966
0.16066910005015062, 0.2, 29.819559680462593
0.1482863440674774, 0.2, 14.514994857340579
0.16521852697152548, 0.2, 67.67697541388682
0.14568401092460323, 0.2, 4.924269568613666
0.15477820857248137, 0.2, 140.64932022555558
0.1389723656881695, 0.2, 24.188517516373548
0.17230647528628398, 0.2, 30.43265265462911
0.1442341865432837, 0.2, 56.365753645387706
0.1036298443060695, 0.2, 60.413900295986075
0.2073306901414305, 0.2, 130.87728800431887
0.11690897446871237, 0.2, 112.07612619234717
0.07379399488655444, 0.2, 54.41567912042809
0.16801960332699833, 0.2, 145.5321596011808
0.17520870614480027, 0.2, 48.38205451791077
0.10152507606191982, 0.2, 204.29627162025918
0.10262982810119012, 0.2, 73.35564065330577
0.08600467330503915, 0.2, 117.37098554055186
0.20326418554731407, 0.2, 44.6238924987426
0.08729089595983971, 0.2, 85.84969234510245
0.1609309813335043, 0.2, 66.62039567336464
0.1859472337085697, 0.2, 26.459518953308578
0.07978882967208425, 0.2, 10.918542175196308
0.14768413636002695, 0.2, 168.97452748804093
0.0801573366181869, 0.2, 10.20999503023126
0.20092989802482097, 0.2, 137.0650762412264
0.1753624164279619, 0.2, 3.940732926834387
0.08837068805201678, 0.2, 37.85518970351565
0.13985837717152116, 0.2, 6.985973805508274
0.23975550060048592, 0.2, 39.42598516457345
0.12808943709840703, 0.2, 46.35741872638674
0.09857460491618253, 0.2, 98.13553761251269
0.19243626140201406, 0.2, 43.791010025066704
0.18918911089983276, 0.2, 28.257801878691957
0.12321303635304998, 0.2, 26.442887680144846
0.19607006790836284, 0.2, 14.288726221861367
0.1395031454908758, 0.2, 766.846595305422
0.11484155823369432, 0.2, 9.331608299319027
0.17628654025251986, 0.2, 209.0450356077608
0.24458957883771315, 0.2, 26.916812327526905
0.1862337579773598, 0.2, 123.0444016725963
0.22747738833354098, 0.2, 375.46931234318225
0.11401367462867572, 0.2, 54.53514061733118
0.11547948037606437, 0.2, 33.794400779806224
0.13450032102135412, 0.2, 11.14268064076327
0.17617504782864313, 0.2, 81.52304156483427
0.07816601854952274, 0.2, 32.15990965581075
0.19335721542338138, 0.2, 201.88233592586485
0.20488200985283228, 0.2, 46.01009417996402
0.16787580244010056, 0.2, 53.952252394264086
0.16560611508975193, 0.2, 36.9539326032937
0.14602391392207184, 0.2, 13.953920465132502
0.15162050375529718, 0.2, 8.209079216419857
0.2319528310238127, 0.2, 109.08191386761139
0.11944870229771752, 0.2, 221.4520011634728
0.16722224722192092, 0.2, 200.19081110019104
0.16033840556656137, 0.2, 47.65103288344331
0.17365436916292604, 0.2, 16.525905236415532
0.14010120750501304, 0.2, 120.16805463006114
0.12068430530016926, 0.2, 98.79878446694485
0.15254000929731842, 0.2, 18.089729449894204
0.17070635532125042, 0.2, 3.9064778574309313
0.19735915378931773, 0.2, 24.0857840115501
0.14716307562946174, 0.2, 69.91991586359514
0.16892953624951806, 0.2, 18.24250539086444
0.11762031045612653, 0.2, 12.399537086721244
0.15301083247049815, 0.2, 198.2515233932973
0.1845968037057496, 0.2, 98.32700317973568
0.1990136076871474, 0.2, 93.7466401510499
0.18321794326914606, 0.2, 8.240264652716654
0.08855920860033731, 0.2, 194.2087878514887
0.10646582074688732, 0.2, 4.86825519428271
0.1768273486953911, 0.2, 15.637055582264026
0.20591689953226322, 0.2, 90.47099400900443
0.21789612280397952, 0.2, 22.17491644172382
0.1779088645168491, 0.2, 36.18846968103356
0.232160347514745, 0.2, 26.114613762116022
0.08777037566941845, 0.2, 4.3399488176835055
0.13827742771962326, 0.2, 17.056512315228122
0.12507986117609415, 0.2, 65.01077203050077
0.2178836801524388, 0.2, 483.72916579346423
0.15169087407627552, 0.2, 128.82173775011182
0.1427281523438978, 0.2, 52.17508430016088
0.14230954231452123, 0.2, 85.41925601092969
0.15361937735439485, 0.2, 112.7910792559727
0.17015132173822672, 0.2, 196.18861749221307
0.14398916886534066, 0.2, 12.78504944454964
0.11158397715048263, 0.2, 22.612845699506682
0.13933228098549227, 0.2, 7.887835133899293
0.13163659971638028, 0.2, 25.2834427847172
0.23491927240009391, 0.2, 43.16358730902485
0.18867337930350767, 0.2, 14.756343055473328
0.08678928071893377, 0.2, 167.97200480680422
0.13726856666572954, 0.2, 17.367633119640026
0.09874721081860639, 0.2, 5.339037971368847
0.1282274857257577, 0.2, 38.16791682837482
0.16244755846524445, 0.2, 11.146407684043831
0.15682265153044758, 0.2, 141.68321617619623
0.16665684459236227, 0.2, 46.30158185257315
0.15671420076688472, 0.2, 45.049426427905544
0.14223562407765544, 0.2, 12.265290691395734
0.11782082719283296, 0.2, 46.008013581395105
0.10678133463710857, 0.2, 1.9984012569394498
0.06430408172207504, 0.2, 107.31558706715833
0.18036078837879888, 0.2, 352.2197424381804
0.15817548632615225, 0.2, 86.11255989057852
0.13303518796797534, 0.2, 276.2398316327448
0.13996521495061842, 0.2, 9.97520484236221
0.1478512530882082, 0.2, 2.9991872532942065
0.2159573012296369, 0.2, 309.25745853615314
0.1393044061992219, 0.2, 70.12308696796471
0.17786859429364885, 0.2, 68.14778658432776
0.14366103029608807, 0.2, 40.39879241968332
0.15666602133282684, 0.2, 1.8565892885889668
0.1380507525382238, 0.2, 34.686946354934875
0.10135427274616363, 0.2, 29.43224794323808
0.12961516662680442, 0.2, 146.59875699062715
0.14249986979678594, 0.2, 19.706285462278
0.1350644080137684, 0.2, 1.4750438811769697
0.13394145612905287, 0.2, 189.43484852389943
0.1881598642117182, 0.2, 318.5854790623691
0.09969031600265163, 0.2, 28.049294219889124
0.10732464903548605, 0.2, 397.927162546368
0.1536758755060592, 0.2, 75.26361814833238
0.17944998560152442, 0.2, 241.1613780171887
0.16900203103543984, 0.2, 25.851375979065512
0.11359642383011823, 0.2, 203.159879426779
0.07811893455274642, 0.2, 19.865250844932948
0.16237563536563354, 0.2, 42.45728463125913
0.15406540246503703, 0.2, 421.5788576794604
0.23249566197912047, 0.2, 27.53789114214441
0.16782726001039128, 0.2, 4.708680972220952
0.18658572629601194, 0.2, 5.7870098971888515
0.162725619635063, 0.2, 136.55705149154159
0.045314448409401686, 0.2, 37.63106537835207
0.17091983513028736, 0.2, 82.71450250149748
0.08980760056143663, 0.2, 36.854952007022256
0.19060931178166715, 0.2, 332.6315621505971
0.20157409486065037, 0.2, 18.472808168896663
0.1748461856247376, 0.2, 18.219684278914837
0.24356663230453462, 0.2, 9.036254573960411
0.14141633344860816, 0.2, 87.48054187704192
0.18263509606459427, 0.2, 25.332857330946574
0.145810842781831, 0.2, 158.5591812600161
0.13207354546563144, 0.2, 250.70273306252173
0.20029248224928725, 0.2, 57.62775586350499
0.18414421804872935, 0.2, 164.35399721528597
0.11597801956103149, 0.2, 67.42238325793652
0.11130879110144867, 0.2, 72.62415175641533
0.1303582018159332, 0.2, 179.0288370049319
0.12090619765231336, 0.2, 219.09509435652132
0.11887542018166429, 0.2, 90.2301362705408
0.0753532622643303, 0.2, 26.27348929880961
0.07563568869845591, 0.2, 3.863492817052422
0.19505972436694066, 0.2, 155.98261792047074
0.1405351166744688, 0.2, 0.049945186876857506
0.14739371714043453, 0.2, 56.495017770715776
0.1403548501173213, 0.2, 44.425174397078855
0.13488400113021812, 0.2, 5.030560455924133
0.16333437612495877, 0.2, 175.7291639688408
0.1318872724364109, 0.2, 21.46238845629489
0.1355812625329694, 0.2, 222.19321127673675
0.16194257463868147, 0.2, 11.945821848266768
0.22633150439312183, 0.2, 6.7135687343022825
0.19502020589556257, 0.2, 38.618660547373075
0.06171757566862829, 0.2, 102.7013096143889
0.19365280981355867, 0.2, 13.64465827919976
0.14625909433357112, 0.2, 2.819193168159354
0.19157591406482583, 0.2, 85.72312550424995
0.11757955765403533, 0.2, 139.9144460521945
0.14577624632286723, 0.2, 30.813868847992488
0.1436011645619138, 0.2, 19.115461063533825
0.15543277268103692, 0.2, 32.75429641126054
0.18892659686057092, 0.2, 26.861640881934882
0.17222888901894393, 0.2, 41.93578020275134
0.08608991219714428, 0.2, 116.62109947350758
0.21918657979873887, 0.2, 29.28608083449665
0.16711227293020164, 0.2, 16.45386418415977
0.10775535315850424, 0.2, 48.67045428963869
0.10722861294694863, 0.2, 183.2719502612164
0.16960579837899423, 0.2, 74.47472687526975
0.22503714929060065, 0.2, 54.95238659339335
0.14463327357113054, 0.2, 172.525027045963
0.20217490665425658, 0.2, 234.2338125069272
0.19730082062912008, 0.2, 4.2706719914285545
0.0779188036621215, 0.2, 232.89190329020064
0.11972141089434714, 0.2, 5.481077425465237
0.247193393788404, 0.2, 43.35106510220122
0.14000259715985874, 0.2, 75.79682647176085
0.07793664141700186, 0.2, 26.08438954402532
0.19850818935816128, 0.2, 140.97998641182525
0.16486168091932746, 0.2, 3.695192320990212
0.1273518674074949, 0.2, 150.73662328974433
0.1197155830409045, 0.2, 10.034758869273432
0.13547106212083726, 0.2, 39.389786171891885
0.1989821315686307, 0.2, 51.81649019895709
0.1739891193805301, 0.2, 17.80916627382675
0.059318038851930474, 0.2, 10.599394888573515
0.15823219115120565, 0.2, 106.5749503026104
0.11690308553070936, 0.2, 150.83514470727766
0.1380237663468699, 0.2, 68.43485948047284
0.22777537724070923, 0.2, 94.95697930158084
0.17375590712055566, 0.2, 7.121780877446142
0.08693992390451499, 0.2, 11.00094518674182
0.12265311067520811, 0.2, 78.49589704416388
0.10194509402971748, 0.2, 130.0818068521882
0.14071560583154577, 0.2, 253.14354402853405
0.20455352903445817, 0.2, 22.36099292905317
0.11462224137176236, 0.2, 142.53198646575336
0.11349658395761601, 0.2, 0.2772036041406159
0.19141753930917824, 0.2, 123.75316988463429
0.15268432945219035, 0.2, 232.88296100107365
0.20688873266704721, 0.2, 62.38140647082409
0.12682667544817378, 0.2, 71.448765081858
0.1771480872048108, 0.2, 88.89908564798874
0.13979361448899305, 0.2, 31.447155534113335
0.09507925727723932, 0.2, 242.89366317209428
0.12137274757977415, 0.2, 6.8463207660481205
0.1241178265669155, 0.2, 238.57959134048588
0.12999067969442382, 0.2, 120.01074627443391
0.12710487015904726, 0.2, 54.12510592509682
0.1548560171041693, 0.2, 65.43277723560263
0.12092600362700485, 0.2, 44.509157949216515
0.1695912453288342, 0.2, 406.95758825501537
0.15199712076927563, 0.2, 3.539415759406632
0.14639701279582581, 0.2, 83.80847338207559
0.13021914738614418, 0.2, 45.55533869794565
0.10820530647145976, 0.2, 149.11143598417732
0.165765692888175, 0.2, 264.5654291978261
0.12068206598521225, 0.2, 131.6812230214719
0.22349608354589562, 0.2, 39.84322818959757
0.11945745951259151, 0.2, 24.726903039961197
0.1482017215794114, 0.2, 25.58279806603993
0.09834210732810436, 0.2, 83.71439723805116
0.13954252880236517, 0.2, 12.14242612277804
0.17018005821418758, 0.2, 6.977486960812577
0.15121177964905505, 0.2, 6.350099942591141
0.18706826313887115, 0.2, 120.69648542069868
0.14408132767239157, 0.2, 14.089905560153499
0.15525735961028067, 0.2, 10.94950628386442
0.2073062768305565, 0.2, 58.02998301168403
0.10823566903881246, 0.2, 64.84219353602289
0.10812575588644764, 0.2, 8.478209847638984
0.1254129537274951, 0.2, 83.85255923685284
0.09275290579087404, 0.2, 10.757303248075493
0.1571193703336484, 0.2, 9.324420186093288
0.1288103416687518, 0.2, 141.8444119379122
0.15003449936704571, 0.2, 135.0699519811252
0.1663918259739039, 0.2, 49.12362474223665
0.22340520620438958, 0.2, 55.42908160575103
0.14930591638631618, 0.2, 45.89187469700564
0.1851098725174716, 0.2, 24.663023461452383
0.11020692239034312, 0.2, 50.578699552445755
0.14214892628265421, 0.2, 57.75073422166508
0.19037319578876644, 0.2, 79.58627840119719
0.16302593809354454, 0.2, 42.72824312751581
0.1446635260924078, 0.2, 46.10132131023036
0.07673020724603506, 0.2, 66.12307467590948
0.18753068321893895, 0.2, 206.33782984398397
0.16176470277869504, 0.2, 15.904277195526696
0.1252369364375857, 0.2, 70.41939013353908
0.20710176606905825, 0.2, 64.99426845193341
0.13426231512471326, 0.2, 40.13891354664905
0.1372669755927056, 0.2, 35.290195020930234
0.11370302704442042, 0.2, 9.454092070141884
0.1291413820206352, 0.2, 119.00571880800184
0.14144227519201338, 0.2, 5.12643983980286
0.15304404559594362, 0.2, 18.643959232278743
0.16088686666801802, 0.2, 90.15657953425865
0.07018449673470255, 0.2, 71.03808396124631
0.162158944154342, 0.2, 5.141726821206197
0.12753203609381725, 0.2, 35.89140687880055
0.11681042577478176, 0.2, 5.791923417492769
0.19313816858060864, 0.2, 42.23920749127816
0.13751233497304355, 0.2, 201.3844644862047
0.12807609528121006, 0.2, 94.05947948890632
0.14981728996668595, 0.2, 181.4319530665572
0.13582804831976403, 0.2, 52.04660833177149
0.079426404430586, 0.2, 20.15515887460049
0.16094645593864065, 0.2, 9.865471722082297
0.17046206319696525, 0.2, 34.205409452033564
0.11606420515144313, 0.2, 12.671915822206428
0.17955687353926789, 0.2, 20.424212176642033
0.14601646508016108, 0.2, 34.758101253384865
0.16403514067146588, 0.2, 28.214214833764277
0.14844642445630274, 0.2, 122.30124724514245
0.16542795925413123, 0.2, 34.25800717021469
0.07537098777071753, 0.2, 166.86524724370014
0.14909520060292683, 0.2, 110.83631253543919
0.15961525934895712, 0.2, 188.36185964483602
0.22255538473118308, 0.2, 81.36778574620776
0.11826425186263669, 0.2, 62.89854940873259
0.13187736407671558, 0.2, 18.99748294885488
0.14350096033192108, 0.2, 162.67337283038572
0.19899165835384958, 0.2, 85.85202737200184
0.2182072774193426, 0.2, 40.096814143730846
0.14871961739604247, 0.2, 98.19674623758004
0.1088451993617747, 0.2, 9.755437077247958
0.13221296883044623, 0.2, 21.77726245982416
0.19705343115239596, 0.2, 23.540135782084853
0.16036825991682926, 0.2, 13.55493149149085
0.12000286430385283, 0.2, 99.33105442935899
0.1569003122676235, 0.2, 2.3222176847719442
0.19255756828847478, 0.2, 40.35788375780777
0.20027345313605363, 0.2, 34.063019228780746
0.10521402311694918, 0.2, 25.486305882074888
0.1736966251703962, 0.2, 96.20377423375534
0.14320048783109776, 0.2, 9.095196258202057
0.1134487850869548, 0.2, 23.01218765264246
0.18482122620878108, 0.2, 2.9448731541479143
0.14955478662505445, 0.2, 47.09769959977656
0.14227783219549997, 0.2, 34.192310884812386
0.14164284718791692, 0.2, 3.7476122296528582
0.17840244084380988, 0.2, 20.442082837232878
0.132172045619277, 0.2, 76.5024978976975
0.1760089664233654, 0.2, 197.30611398384121
0.09007366050119855, 0.2, 58.695206975020156
0.11613195766495364, 0.2, 51.5519797017623
0.0759515386027356, 0.2, 212.32865685628806
0.14553042064461474, 0.2, 31.105526603750057
0.2006806885395351, 0.2, 139.6537679012761
0.16572193050426504, 0.2, 27.330016334192678
0.1738666905912857, 0.2, 59.27524009759992
0.14587012640581376, 0.2, 17.77236577780213
0.19645971331633177, 0.2, 24.28089690756062
0.06193941026600902, 0.2, 116.21729218729996
0.15995349597189756, 0.2, 34.94403003534129
0.09877838390276567, 0.2, 36.28663367098727
0.18707369648761887, 0.2, 2.152748564760591
0.20126841704048262, 0.2, 32.29956320260615
0.13332452052000246, 0.2, 29.620646601964477
0.13253575277431087, 0.2, 22.336549801797748
0.09054128171579623, 0.2, 63.791608656202236
0.13205073412629198, 0.2, 1.5932784332590835
0.07626497278813521, 0.2, 60.96598295005803
0.11492387182766799, 0.2, 112.19607200985848
0.18300687071789112, 0.2, 16.412040440978792
0.14681240271594825, 0.2, 46.88286031994251
0.09608397018284406, 0.2, 81.56163194509739
0.2124777743912697, 0.2, 23.699360434744786
0.20712162465701675, 0.2, 59.23647631993616
0.20065300053276824, 0.2, 87.61532741165784
0.1720591953418497, 0.2, 193.94200983019047
0.21918137771969531, 0.2, 4.087474539640921
0.13008879087908026, 0.2, 26.613633626436933
0.16020513759481944, 0.2, 7.473510338202681
0.12155530244668676, 0.2, 180.54094356729152
0.14943179108140642, 0.2, 25.613545356460385
0.08399224649677633, 0.2, 126.40746938564084
0.19856761486270785, 0.2, 150.903100903251
0.23233400396078582, 0.2, 95.05333938098943
0.161519200451203, 0.2, 90.24384589140443
0.19616781508600076, 0.2, 123.8330498523204
0.15977315860107805, 0.2, 241.74431755217947
0.15067995871875633, 0.2, 18.196639192277022
0.16389185718807914, 0.2, 10.223342334794227
0.23183982349164675, 0.2, 51.579877210599726
0.26025446409445574, 0.2, 47.454332962540306
0.15603832959188654, 0.2, 13.353258998682508
0.07825700739633101, 0.2, 18.063940491056083
0.10452398693038745, 0.2, 230.40464318533265
0.16645027433483958, 0.2, 292.69131522145403
0.10931540605364234, 0.2, 72.27645910837578
0.1838260669366907, 0.2, 9.253093002875753
0.1969863143049955, 0.2, 23.557956262009288
0.1547709288317707, 0.2, 13.299017154905464
0.19568452092108565, 0.2, 95.24013675860932
0.0639680152655001, 0.2, 36.57717214001437
0.1101588321656575, 0.2, 141.47036355983238
0.11153866013382982, 0.2, 25.37036487135467
0.16347270924196516, 0.2, 96.30078867172132
0.10954063646862947, 0.2, 4.098084500265239
0.09851417087355288, 0.2, 66.38248078545163
0.1160865651965391, 0.2, 93.43911917032693
0.18069840545584837, 0.2, 184.75686710324112
0.2091015620895801, 0.2, 84.82793792450107
0.1379189120325415, 0.2, 98.29407637756597
0.12531245948148398, 0.2, 83.438767256166
0.0, 0.2, 62.51159584987797
0.16342035559739193, 0.2, 14.179033663929781
0.12358010364509008, 0.2, 45.36610165948305
