0.16564559363315248
0.12940280871166826
0.12688269560719467
0.18220099539401421
0.2191821922425911
0.2075143192484596
0.13899324211579303
0.1898854797810699
0.12079703214720253
0.2199356244453082
0.16330145269076743
0.18505816979509265
0.17777587097214056
0.23664116750019865
0.1693386734510365
0.16243913899113607
0.1240731910005643
0.15074814465228706
0.19088992742927702
0.22508635052783615
0.19652013295802215
0.10950300936864585
0.15488200069463262
0.14802442687431322
0.13040400839204283
0.18779467418214918
0.26201255886396896
0.10094659587010223
0.175842487471579
0.18594852228711806
0.18025233726838955
0.19608871275978051
0.19360954349684711
0.17834884128208503
0.22713856173798358
0.15443433289482872
0.10686557389764526
0.12034917270718007
0.23499214352491854
0.17206752898796313
0.22447759120754882
0.2031129137448395
0.1467701071615938
0.11475138584484314
0.23149313660582535
0.13715420283719973
0.09033189533686574
0.13969451922451234
0.19026976799982684
0.14036397078650026
0.15195760183818122
0.16089469868280715
0.18461509477612126
0.23473880077550177
0.18725645252340478
0.15734705949172573
0.15995373658696543
0.1444767248243932
0.15062309554686978
0.18992373683504554
0.16948747128184422
0.1908503231739764
0.16106220530766172
0.12757146485478044
0.08826421707741078
0.20938394881034525
0.2131958605965166
0.2053487634651582
0.22552493890474615
0.13081208109120568
0.25313589061630287
0.1385303726679481
0.1267622052522124
0.1433670974387564
0.15104674950124394
0.10110467866303999
0.1811905773295451
0.1311006060731795
0.11634024137259727
0.16172667252838052
0.209336761476838
0.1994208923711805
0.18235100343911
0.06478246151250366
0.2083966346346956
0.16502602437484867
0.18218198254078863
0.2926226565220825
0.1533318727012071
0.1291184843984223
0.18443074673004806
0.20552009042927877
0.14364896188992654
0.14195977334562251
0.15574113362591666
0.1917003318707351
0.16899851030586732
0.21196405571124038
0.12900566133522967
0.22066524569855192
0.16949393994467615
0.19434173564216956
0.22598000588868933
0.24344524414883942
0.13421637806849146
0.233968920720229
0.18234128533970792
0.09591456534478858
0.18668207703150821
0.08587585270671398
0.1149529426614297
0.10620382866960212
0.06413460517730382
0.20943097900978846
0.1215266616163552
0.16668356017414823
0.17474047262989326
0.13626080539795413
0.18276526781870958
0.13295786743705917
0.16397239810301753
0.25436340320413986
0.17607410700462192
0.1678057344699447
0.1299267766629309
0.2093722596854091
0.25099905532050104
0.12896591444952987
0.22123161481746983
0.1854747677608579
0.18121874304951766
0.13695947738820108
0.162252588497006
0.1512731183765238
0.15859627411401772
0.1261555582442624
0.11457775270334865
0.1838149210011602
0.16025882182069828
0.19834969750257417
0.16074557070840614
0.130589478706974
0.108914767292836
0.15816427743730765
0.1587013655213799
0.1495937882432933
0.15806536514079364
0.12576020564413504
0.16162297668969017
0.20589898923080313
0.21385977878719112
0.1228929709325702
0.15209222127069616
0.17403027069862714
0.17989577544256347
0.1769983280429881
0.19564634179887902
0.1227014216383791
0.22427887798804094
0.16293169456912968
0.09402755254325168
0.12287726685685921
0.16205283702326348
0.1260805134001327
0.11800668929662503
0.13226484471914568
0.20102575527870264
0.2349546141188864
0.21781388863305523
0.15189518402101687
0.19916308872306876
0.23399315146703237
0.21243747597004206
0.1615368330229596
0.1928105226386533
0.17688032540041318
0.22386128253691545
0.08358454734533885
0.15611777388961742
0.22603134463858215
0.20513999171478592
0.14678389295972563
0.19798672858859534
0.19626732246009118
0.11187690968299227
0.18501929054642077
0.21051345498597693
0.19871025642120957
0.21643964136674
0.15895096217702906
0.15775623029455366
0.20473991589234367
0.18872449656681048
0.1374088086076907
0.13171847385862598
0.12171942142854406
0.22661907918350083
0.14801765159568475
0.21220568402401935
0.215370641968912
0.09108392938467294
0.1642612526151473
0.16230624502120602
0.16844118277488096
0.20067587745179402
0.17798980766235273
0.19388829108165884
0.21142250717038077
0.1611477174349386
0.14705282168302414
0.2504311992282866
0.10919546494414958
0.23311524186658128
0.14748818679530218
0.14528575589610818
0.13935320630264084
0.16702043828669905
0.13247466608463956
0.13854023090167789
0.19149203830591827
0.17816003622922844
0.17033228329958844
0.18366114391650395
0.15620565631689512
0.19317065058436284
0.14556661682220134
0.11551717616063883
0.21808837603928807
0.18198659934498754
0.16139172699484816
0.20718364964000535
0.20119239752062854
0.1405808801039566
0.22532221071064867
0.27330502721859484
0.1466980381789066
0.1371739269299562
0.1130525215923184
0.21078040586200003
0.11864837520319871
0.16000187765918017
0.2851933646021949
0.17383782622445623
0.1779933739635683
0.12843395778305006
0.18590106553986505
0.15668442522342924
0.15466174606227334
0.20652550066287378
0.11115235743698831
0.23556011895376097
0.18275509357862782
0.1429784238952785
0.1796993796647943
0.1792583896879249
0.1757370394722898
0.14271563574467563
0.1398998837773178
0.11007814028578507
0.19346160791756178
0.2026088081351941
0.1779281217528371
0.215194887135838
0.1961232168958253
0.1915312436883041
0.21257402535672126
0.13744404568958607
0.18043674421361844
0.20917498553708697
0.1432361937684022
0.13839129296903752
0.25035506771584426
0.22386772644618935
0.13476695396388158
0.1890196822701505
0.19631256213807616
0.1357677303163876
0.144826301409742
0.16460153173297812
0.15925040530043932
0.1254124446819245
0.1530558977601234
0.08744235206049157
0.16045863513710903
0.16473268337839322
0.174149112694721
0.15940444672349552
0.23146974862386055
0.16239899237143543
0.0830262791857449
0.1710338710607183
0.1747068079621803
0.15317665027684346
0.146007122008177
0.17556995382331744
0.14096740247155012
0.2026598456936441
0.10926244234940836
0.22259180881587398
0.1901194457964402
0.15510075549143335
0.1786581308613453
0.13506468146661968
0.16408400331429907
0.1567715233859372
0.20081644952051445
0.10795532592210502
0.16998205646620768
0.17037845013438854
0.16544906851802366
0.21514018771250631
0.16426733520639533
0.21755243460523851
0.23167177422338153
0.14728651174714583
0.18039313411744984
0.14995338376613934
0.11884116656515678
0.18894789586548205
0.23685083794156742
0.14171836173705304
0.18642138413183532
0.16758590874972532
0.16402406997371383
0.14899658897951354
0.15461321984280796
0.16656341158129043
0.17862260181517728
0.19323186999485703
0.18683416468211603
0.22549841046600633
0.16037525161806054
0.1685768798097039
0.18425482369908086
0.2634903682905248
0.17318822168843673
0.16691630523814685
0.08830416840386682
0.17888815777023173
0.1711397002580792
0.1579490408157216
0.24808139181645555
0.1630364352187336
0.14023181626968298
0.1400800267910592
0.1429012692701887
0.14980563615026346
0.1968832226948175
0.17106386236666887
0.1413766163232823
0.19226320227303262
0.22343762875791356
0.15603538599670352
0.17749586155566288
0.13061899044428454
0.12947118435301108
0.19393184583696219
0.16033885796115477
0.18246900078925143
0.22582028487069256
0.17099935278789277
0.1919319471539326
0.22280960279773654
0.24442330396444614
0.23089104259572568
0.170925274886734
0.17467963107225964
0.22782928470433328
0.09464527735912738
0.1442840533694543
0.13574500442498327
0.15127722142770786
0.25778921537158844
0.13759667610105344
0.12515749233110512
0.24939661854315476
0.15022577674801166
0.16020461101292757
0.25477645160898
0.06599511077446416
0.13965082287860103
0.1632153764053207
0.17404815016865652
0.11557507927844884
0.1802529604357844
0.16899138285601828
0.2371350116753763
0.15382372791582244
0.13562356233262185
0.12819843626881255
0.22464049969265587
0.14774539390631003
0.10647576988186987
0.17189755303622536
0.18283490788207712
0.17124944546869217
0.10266630002731252
0.1431590082991106
0.16192697338889211
0.1601766761385751
0.19489909190233978
0.12564581021069965
0.23484291784682804
0.20710703523377413
0.14061546314264436
0.2134854310838507
0.16847781814850257
0.19918762754002708
0.17174504502469215
0.11076480086009757
0.18793110881549013
0.15728297139377595
0.18353492540980815
0.17598348502145927
0.1705670618008694
0.2487764855141496
0.13720535370632692
0.15369425068515713
0.1457259575078009
0.13950420045383866
0.1892650795607777
0.14827202954223848
0.15503562965464893
0.18880257114252297
0.21200127921626377
0.18017584734154882
0.20567013196771075
0.16229676515936053
0.1380150277526299
0.14897270574197682
0.2653544536544631
0.10490524309561203
0.23346199585143468
0.18001375125296212
0.16541287786866085
0.15243392125759841
0.2331133011261864
0.1776463340834994
0.18513413526845
0.13150513611783415
0.16197349538658518
0.186896843002588
0.1508200617292054
0.23006686597893214
0.17551211735212507
0.09816487367824067
0.14316695388997502
0.19089113362057597
0.17461518806248294
0.21667329278089845
0.18017420259734582
0.20346669878917434
0.22705269814999923
0.2133119536610326
0.17612434399347268
0.19314786742207146
0.18292261431868484
0.14940428484820192
0.13066925229334464
0.2191482658764245
0.19231618161939043
0.19623005997729384
0.141947698918691
0.16164347646064522
0.13954799954929528
0.19825119425980742
0.22526636131752512
0.16750257126281862
0.18125556512003013
0.20633590851147932
0.24759137277224244
0.19914340298840447
0.11163656720231832
0.24894185893729015
0.1727204160030919
0.17075595241522987
0.2193552541413082
0.14418750662953347
0.14430575327500547
0.21691550440274
0.20199525600620238
0.17750471744515173
0.1952204391227358
0.1481170623842757
0.09285001799852809
0.16983874448634298
0.1147657302931423
0.21110142661345624
0.1509014652361147
0.2782908741654728
0.16487893703580897
0.1923322686916711
0.2103100109635606
0.23546923080373716
0.22715358122387122
0.14992078123924352
0.2338447864394329
0.17868235308229152
0.17132303334009938
0.14397469060249551
0.15249894206262363
0.2063678677098542
0.2693811599093218
0.17294803963362548
0.11536329917311372
0.1272844487080893
0.19687645059214123
0.17144781774972442
0.21358300878427955
0.16359141982230505
0.11831483172822797
0.18278832709679513
0.15996382677129836
0.16349747429054534
0.1368540473492061
0.13867045285832635
0.19714585676678184
0.22357973288080152
0.23161432288570089
0.15565088026382654
0.26780107789869656
0.21116307192438732
0.19938238118647864
0.15688591220100312
0.19201858950472814
0.22006289071308122
0.20860467704666746
0.12690204901739058
0.21463344285512617
0.18440452974890817
0.15784509115632167
0.2071155218432535
0.18468635542279777
0.14670117103570748
0.1897729153763936
0.12339272724772138
0.11099956769431409
0.16211057164805018
0.18529323968317363
0.10086886469073328
0.14259374940381558
0.20052038757342316
0.16281055443817988
0.1482646635326555
0.2045392022242157
0.12595175080383383
0.24655793318414215
0.16102893377803557
0.1487633469930899
0.11048897235993563
0.17059165311500255
0.1993000816526123
0.25358608073662386
0.16728565238122667
0.18947894364857457
0.16369157215148444
0.13685047030641334
0.18696534887533098
0.13235256976150012
0.24366619522886357
0.13438794730114786
0.1612642601195242
0.17246106448544715
0.1468478692528117
0.17271669034818707
0.18079497465874483
0.2117683857776525
0.18490859062346487
0.04849887508908948
0.19092570424322566
0.1655794613255437
0.18958930630583154
0.18529566952747073
0.19610170140346153
0.1306359152749103
0.12976066078838755
0.19715655434705565
0.2324442974700725
0.172645185046747
0.1975560615158356
0.2098151954288471
0.2109823392336543
0.16258921518188707
0.15779343141283195
0.18058060408240484
0.16346698246679423
0.15783127323264834
0.1910455691368204
0.15226551001437835
0.15371394306322778
0.19232433957799144
0.14940372557942197
0.1847200978417956
0.08977021519254604
0.19829642064274317
0.17228609195718292
0.12717549911400508
0.10316969410266434
0.15277095385767187
0.2518738217074538
0.18719266628838943
0.22342801101775245
0.22844438496472924
0.1715885579044988
0.21487350233104444
0.13114603075866935
0.11827507757961318
0.19054778013038012
0.18428763970423975
0.18519438462419513
0.15240384078822838
0.1511867150127186
0.16827334147510398
0.1412247413126291
0.15458785923148083
0.17828540615401625
0.16520630975075726
0.11810921200837252
0.20273143225721146
0.15082710169760558
0.19118148741844876
0.200523987302348
0.21125489343449916
0.1512084882083268
0.21740979309952177
0.16614162241527916
0.1405694668215935
0.16174954034832342
0.14130115544169353
0.1789081610051077
0.15851891862803047
0.12916722696123056
0.18568692361086148
0.2147575031595782
0.13166534339341857
0.22797050848969197
0.16359768024017146
0.20028078768328939
0.1251473505490937
0.20082106884145828
0.09978140980201
0.19589067451413494
0.16093539400667975
0.1447639649624641
0.14506938906505418
0.19190508606833512
0.1602866566561917
0.20502566678614675
0.18428536941608645
0.20780524003513573
0.1208987467127618
0.17656587469917226
0.2233259661319852
0.18866198771571188
0.14582186322808818
0.08034810202962896
0.12733254092783403
0.2252422389251226
0.20153595642771668
0.05812381333448903
0.12589387476080954
0.21575270267812052
0.094304907583757
0.1882855366722892
0.15913344291198583
0.12721151974952505
0.18714382312045671
0.17919886127902093
0.14265983980419464
0.14292712824751677
0.15279434067840603
0.20489466293683908
0.19758286287923124
0.18111913905196184
0.1802402401002653
0.2579488031631596
0.21496302459726194
0.13622280309225787
0.18170287743011818
0.19348229597063016
0.21778567568214635
0.16801051699292918
0.17268460638740496
0.12070922749121886
0.13111645169690517
0.12660218996721156
0.17050127895445896
0.21864305038541515
0.11904570940419569
0.1592153845407538
0.15170694656659292
0.19655517877906165
0.1147949620042999
0.1764658535549557
0.18114763266020353
0.1424947212580608
0.20893297144246895
0.15442095946360368
0.11004025345930346
0.12086847553647356
0.18013128407723653
0.21012924251716253
0.23542223280700908
0.12532013465225456
0.19949801818399132
0.16879822902379935
0.209745529079202
0.17278290222361137
0.17990547625127368
0.23473571991036996
0.2059666232300581
0.16498507390117326
0.13696012098058327
0.16790476925271133
0.14040348751503964
0.12497028254776711
0.13164807570528608
0.2032279433886603
0.16455018583403427
0.13877288852912886
0.17446756794324575
0.11372065445757214
0.14146202592209522
0.11476626601726542
0.1870922738329558
0.19808779862054154
0.2146397954307017
0.21655361506987694
0.21983253700208605
0.17215014416214683
0.17264419647356266
0.13819583814806413
0.17763294914984473
0.13143144818494965
0.1778097695568488
0.1645219140004002
0.16341103429820455
0.21356775118367213
0.22318464555410594
0.21683343285726003
0.1637355554373287
0.18342779786075608
0.15638839764003684
0.22619915296880982
0.169386913473719
0.17092889653011445
0.17691011414147825
0.19636585113304814
0.2485615778123904
0.14502279313865354
0.19312923887562347
0.1914214511613515
0.20117912007094993
0.11496425413722042
0.13854325192256162
0.1951562520617847
0.1342856677565059
0.16716411357277577
0.2518112839920671
0.161718991122494
0.1365569460238869
0.17787003819267308
0.14203088753507542
0.15179980635795956
0.12119269420607563
0.17933864013194217
0.18079934289506433
0.12433212901877866
0.21449955780268723
0.114314051999597
0.14588517134743695
0.18839594218055478
0.15462887570474806
0.15882072323077132
0.2144527342810883
0.19746080334811777
0.166116335386432
0.2198479834530388
0.13065773775399914
0.18679258759940037
0.17323474455289745
0.20805693559354418
0.1507930394921092
0.13369308446275002
0.19425872793487248
0.12745399011931285
0.14566878753574491
0.18244319460226538
0.08115337305742261
0.1863092224136129
0.17443374328450434
0.10804716563672404
0.22797986240702528
0.1429232818118009
0.15817660857745172
0.20441267735926597
0.1490356528264634
0.12062928687406871
0.1394198972242811
0.1990460608027561
0.18112798944333916
0.19986277074681996
0.13734588696853425
0.19139933928394057
0.10426499214856433
0.14816904813011278
0.11345680430692523
0.18056115965159347
0.21717046860119593
0.12134399557071948
0.15897319286694744
0.16869337062331471
0.14940650809663383
0.17483913992173794
0.16177153925738194
0.14607077758718257
0.21628558471782233
0.20197853117723166
0.17603269882907377
0.1526499957785812
0.22224033428470988
0.2359582175315653
0.154987173583698
0.20549508034489813
0.19506783326601224
0.2044883885993685
0.16043354494640769
0.17609817185353605
0.14140604613339242
0.1321653060214038
0.12158801872014752
0.18217679124809402
0.18541424321454997
0.14234681807731336
0.1347715320921762
0.20078331353162376
0.16836199379127076
0.21814480624269264
0.18316709608290194
0.14726460532019967
0.14324943110652558
0.15363874157906532
0.12146637204258437
0.19093756239538223
0.26564547379549885
0.1537263807375955
0.14205279247904945
0.16140940740515616
0.18251231816248983
0.1295614706492084
0.1053353397768661
0.184445064806102
0.2136883535001503
0.13093380304669427
0.18644109904760423
0.16626214475258977
0.183338923571665
0.2621808245813395
0.2274266628714456
0.14153937147027196
0.19510851319172146
0.213754355868631
0.21556185735166214
0.16552410124465897
0.18750709841437957
0.15424599728010988
0.13339199913494526
0.08664522645387822
0.12994464805658837
0.21888738069437402
0.2321297705056326
0.10080173153964919
0.1460283565898386
0.18454021584227703
0.19550554642461515
0.16521867904482945
0.21129779930204595
0.21511187330040457
0.24758983500066364
0.1425514574510665
0.1214599803334879
0.20020236966872088
0.12662202000194775
0.17732848479180097
0.18088855484207958
0.20381701679497902
0.19728923183943592
0.17508872188131724
0.19531456266727365
0.1900409201863584
0.18043193785529935
0.13785046939970147
0.10445293686421071
0.15465259417649893
0.18278108426378029
0.18629615595083654
0.14727367038548456
0.2715398793262703
0.16556314277234563
0.22770464282950054
0.18060989708690459
0.2720294978696398
0.16124744492681187
0.1663274898598582
0.1152787492658765
0.15583924877957925
0.23648197966297074
0.17859559590454102
0.16304575145032282
0.24429241145363795
0.24064077435755532
0.2003893814761756
0.20602993285258392
0.23673807701739502
0.18797888235935772
0.19773672386810517
0.1867146697114343
0.17401774423871857
0.22067851228460342
0.14353688437124418
0.1647901726465513
0.1693041602604332
0.19240574696489837
0.14569173055619233
0.17444982716659602
0.15702343812865743
0.1916593422888329
0.28010961479354185
0.14650158893965798
0.19737011799282117
0.20218832455472768
0.16695734994899167
0.16186834144695322
0.14006139159419329
0.14910413437169537
0.21321052301325258
0.19741800308449478
0.15002653040820052
0.18081784154897143
0.16212201823485398
0.21811972577181976
0.191103386813864
0.12165497745152662
0.2542332013956799
0.19789887572321715
0.16893146484819996
0.14112721439068343
0.16771091118997453
0.09197697607336083
0.12504656777456846
0.1604248221243322
0.14722219558063468
0.11480565372989474
0.10448038714646138
0.19797570780213647
0.19999766373270206
0.15602745594831754
0.1614366734079724
0.13708928614965926
0.17775870612736477
0.1040680251549472
0.170376567039392
0.2475186342465897
0.18046782914569964
0.20232473724309802
0.11875007066256171
0.11798678541971261
0.08900450763864641
0.19635781700429425
0.15625133302012034
0.11730533389946726
0.22966858231819878
0.17443327025935437
0.15999185906554966
0.16367880922922093
0.2014724702123481
0.13553188827400123
0.14084167301658396
0.17986610021531155
0.12403879797210071
0.20012304082641047
0.21031298333478815
0.15003192173971938
0.1680267219811007
0.13909574344010917
0.17810376479052029
0.1453881455803991
0.2043901282839696
0.152020637284407
0.16852594225769124
0.15272088722893262
0.22815392060533451
0.16657346278729174
0.1580633405030336
0.25382141313696727
0.15967582909429529
0.1956203317655664
0.12397865132989182
0.1348845403766085
0.1776072321534148
0.19491108184701825
0.2041355696705045
0.14471237259548914
0.1876532972532861
0.18064453842943093
0.22782322452560416
0.1171251065103208
0.21391904045854415
0.15468944070664295
0.1474352630491577
0.1724134382928797
0.18954676155850647
0.18748351515927414
0.2158416641589963
0.132822309762338
0.1150380317570025
0.16178952330235108
0.19877222867981273
0.1827236010288854
0.20438232683413804
0.1529874712713252
0.19619926276917646
0.19925137873080745
0.12939662931661255
0.20509978034847043
0.20809960782194664
0.24886727489864108
0.18215179250236993
0.22188890343315862
0.16770014183029003
0.17154993895367715
0.1852794162982197
0.12959339208451823
0.15178094420245242
0.1856552969604631
0.16644299557537007
0.19188906849666218
0.22521891045317635
0.11221343579133233
0.17320468497698613
0.10643707648706893
0.15324218867118788
0.20989807382600847
0.19474826671356438
0.17396029894364679
0.1371593643527244
0.15273970336764658
0.0863109135076025
0.17324468961054057
0.08949928978589251
0.18437037119317412
0.13448973882055765
0.15607050210797088
0.1208331912296833
0.23149716966824815
0.1627257224535247
0.23550921819612028
0.17171748526189273
0.16879708940447039
0.167827009161976
0.11083870283768531
0.12229039156109792
0.10561058225006416
0.21688942145910522
0.1522912640488569
0.1636496077781499
0.21782766047804752
0.14337655595731613
0.1260666939036013
0.1509138380105188
0.14202305337988666
0.1850019539125536
0.20234916408506023
0.14639550187748135
0.19018731469171898
0.18174671378389462
0.20138836077396133
0.18803320064444354
0.13227796098075542
0.15592921251434474
0.19414909168855962
0.21303296854234335
0.11049524391665971
0.12546415884854373
0.25570995438486377
0.1502363953564162
0.14585319344622927
0.1605479975364265
0.14015158538270392
0.1407301869987439
0.16747357776163083
0.08218774738744826
0.20820869914914697
0.07257752069789623
0.21023130557672234
0.14901517070135037
0.2172155044103552
0.15419563642423584
0.21652379794788987
0.17032807051508686
0.104033544714799
0.1615770871335286
0.17620726057884056
0.2479687686455457
0.2053786363808202
0.09494090589918405
0.176490983945091
0.11790444496340954
0.19527090166957067
0.26515205574446205
0.16870757833297834
0.1649659151051894
0.2702128569133463
0.2023130529374888
0.046666127542293365
0.12384819875701966
0.15293645498181835
0.10275798733128245
0.2021852147564941
0.147232527810226
0.1486223197329607
0.20327880127119674
0.17060539501036004
0.19770730823913044
0.15404337155214148
0.09229357015374168
0.18899038731142045
0.19609470271305673
0.1215307343758473
0.17225727940698277
0.14279405221119715
0.15810753863113639
0.14790003327390602
0.09803989926901228
0.10651566196537265
0.1598838408523358
0.18754934144384786
0.27130499030710087
0.2283127926119112
0.20173689585049343
0.17632153016520305
0.18886634480720413
0.17249785309410096
0.21185487143940732
0.20575294684710468
0.21881106698348005
0.15494932899365924
0.1943531433439512
0.1697442106615936
0.24208514559526656
0.17626676663757873
0.20818522405077397
0.21299470384970398
0.1798872001068314
0.20517937397039232
0.11155365365766885
0.1991089467763666
0.12859515487548076
0.08249415560790621
0.17585574048709582
0.2120883729048935
0.1489208463312222
0.12848949331310403
0.19550160670818367
0.16859590427759127
0.1328879604300034
0.15731810071477173
0.22859684966711052
0.21878502954381662
0.17673124305369922
0.13871734908715766
0.15416464777874941
0.1387054999596966
0.14568086396599933
0.13255380203310585
0.17152949167782372
0.1343171207018444
0.13790683748333837
0.20738510265286464
0.15060088596246327
0.14639254403297294
0.16817866975328832
0.19027748565590316
0.21191018674447942
0.18843618614643293
0.145432519366473
0.15478155403628507
0.09973607678153358
0.20090024616059135
0.14487201371453576
0.21014143425420945
0.22017704518884681
0.19785607116890735
0.192717211805472
0.2462124056213505
0.1540227023756791
0.20125338419019698
0.15549991378505057
0.17304492387174417
0.23288601091053002
0.16817626614768535
0.11279205237167816
0.1510015271189031
0.17506771295972784
0.18538171179730453
0.14265916856997848
0.1683606761967114
0.16936011704790008
0.12159567106604513
0.19122649357685237
0.26869457601369656
0.1558478257800254
0.14809634878743344
0.19714029428249819
0.21139880116580334
0.193136718614156
0.17207426855297375
0.16097902043927392
0.15002690725316487
0.14689479178129647
0.15394398250439204
0.0877933468539446
0.18347204283074273
0.16409862706393777
0.2209065181455727
0.17602297243711834
0.13723468298361263
0.259051581109415
0.12801446817746784
0.24917885150718475
0.19207349048564717
0.15852119570942594
0.20442957270874187
0.17818887405939215
0.25474987486766676
0.1748337853283719
0.17059303466783626
0.15637358037590224
0.14491395347537062
0.23722181812521642
0.15238129189245608
0.21037207257200013
0.14079670823336374
0.1654257182403624
0.16159104717620365
0.20895102864641474
0.18467643542763212
0.1806690274344376
0.22136987215346424
0.18218273694227743
0.13687469016289316
0.19410220377770027
0.2368173007402663
0.19019434763620965
0.14813606447916927
0.2074104120071597
0.1449159169648629
0.15611637766080644
0.15803142285501168
0.18339755370888883
0.14733987413744948
0.15579711206197028
0.18085519000741146
0.20115646413411137
0.11550979936737682
0.2386842636412333
0.12005748153408088
0.17362997004266273
0.20252908157570046
0.1751678366024374
0.12501359305824583
0.1272163716833714
0.20908384664582608
0.22162433505366477
0.2080457172401777
0.20781350475333624
0.15661151672646043
0.19392058554844593
0.14136712456814607
0.2073198996970042
0.16787723572540977
0.14964266005745994
0.20335856248958006
0.15395227121326852
0.15836235105906776
0.19488025887384558
0.15818919976696444
0.14600576591587017
0.12427754372660321
0.11977653142369617
0.2098928644081818
0.15246282137874326
0.21066487893416508
0.16596078205167694
0.12410505438656093
0.1371962889099264
0.17919442976276728
0.16748991362304616
0.20177829536543873
0.13615501360418625
0.15327378103969075
0.16895674343014613
0.19769505140683838
0.12747362550897695
0.23483930353319732
0.13200124326103096
0.15670259564927527
0.1592844856653753
0.19553758847489816
0.15636333641148395
0.18230966803356993
0.11616926115411731
0.13682124043410396
0.24670279507005086
0.19868106389792817
0.2023505916394025
0.151976054750803
0.19903796476831287
0.17804434728725377
0.20011500054050127
0.22670433593796385
0.20866080448871901
0.1332431465124057
0.14696924621473142
0.19380610826580055
0.15319308089534373
0.1965262301467792
0.15652823761386564
0.1332679673432804
0.16881520809643194
0.11245741635870615
0.13355998106752878
0.18551042229010858
0.16516119219447864
0.11819052123707952
0.15779114197267174
0.20485962071719213
0.2219952635644231
0.18746526998422383
0.161165838897064
0.1474064370774107
0.10638984796713358
0.1278663008973435
0.10815375695277496
0.15673616198915932
0.16220566761995742
0.10775058497605197
0.12952798850006483
0.09146588346446544
0.1837787400301444
0.14285668872045287
0.19100182083160402
0.17987702778476714
0.16602679648554777
0.20774994449281925
0.08783081712090644
0.15520441584591332
0.1545353581397973
0.18440399499389987
0.11342786913852883
0.12589713190043175
0.15943468642025227
0.24897451865313636
0.12578769668513493
0.184602852804258
0.13315469056117307
0.16771655499996255
0.16753385597482362
0.14920473194819997
0.13994814789807314
0.1670780286217875
0.18287666903239846
0.1810322766488723
0.14779559426140615
0.21027352083493916
0.17999742124091467
0.17526381314936446
0.1719268935005428
0.1229485491808022
0.1742236681930767
0.18855801143239592
0.22078034513316366
0.14407495602060247
0.10325661288209996
0.1815666876215612
0.1323014812997904
0.10853637000234212
0.1748024724544577
0.15878128292788707
0.18224457467397348
0.2443811624838277
0.2005344658394159
0.09718210763194414
0.1469563866782739
0.24232285045433583
0.14662118239705627
0.13955419442059527
0.1871411878319503
0.16730540058406976
0.1477632780411459
0.14654593894483822
0.13835397573881308
0.21887200565261108
0.18207517628305459
0.1807970258670568
0.20941926572332198
0.14599102555299925
0.15733768024495914
0.11266983927095733
0.14231813355599607
0.15639521684800317
0.1677120270618563
0.1336215820901726
0.15611050102457014
0.10962975488468113
0.14831496905229632
0.12177975355676855
0.17495968110163565
0.1337145040539508
0.18579626928273238
0.2199495647762938
0.15898536433929183
0.18343743866840528
0.17259608119796738
0.13187493346312948
0.12469137865149102
0.1704042057624431
0.2149752129192772
0.17581838567188035
0.1944840454738689
0.08982570244206299
0.08882012296592398
0.224592612094622
0.14031031565171304
0.1680049626280502
0.18538574099471106
0.1987444676336563
0.18851915874336542
0.08469320519359218
0.12766151794840885
0.15090964010695626
0.18985279229123736
0.17040560578119585
0.14030239960607635
0.23452331903281862
0.10918817325559357
0.1729740716439249
0.1752224665419806
0.15359973291311638
0.1850240259778775
0.1885969211958184
0.18070331981053003
0.20236460676411022
0.1955748175417266
0.14057131049951765
0.14752583716490858
0.059727132119991366
0.1585716546496395
0.20777806040471494
0.20584395275791822
0.1826718936866295
0.15656702901268177
0.2068855337763409
0.1579212766682938
0.24926963102770794
0.15730376381971725
0.16854713207265706
0.14599138317219093
0.19426162471973693
0.1493422999531197
0.15996044162845882
0.19345930264146896
0.19032316825980955
0.19406752701680635
0.1836143725823876
0.18700985230114608
0.19369887865242785
0.17062083864092642
0.19721006994622597
0.15412686363694572
0.13145575361005643
0.18399324695925037
0.18793881890725722
0.1968060760250475
0.24057045070431224
0.15066522915596253
0.19974721679652543
0.15734761767256125
0.16759965984317146
0.1706175818059237
0.15465457836959312
0.17141065402325606
0.15979067042003114
0.19942966979174356
0.09981533685966695
0.13123139422749247
0.23788230527619234
0.11966594850445432
0.22351112373711984
0.20415263867618444
0.1693997462271754
0.18618574319436065
0.12244345827692052
0.15614310036412685
0.0967181936214939
0.15341621448517384
0.17541698012230605
0.1742469742482002
0.17906685740574174
0.15897084382744212
0.1364917599299935
0.20079341154540803
0.19591050806727192
0.1816297779124999
0.20850626413643547
0.13618686751264558
0.2742802994771353
0.21922265795981422
0.14934384722641525
0.18733932620639196
0.14645346282139496
0.18461521318120794
0.216198719574131
0.11528344020691003
0.21547526922903953
0.15990272022685323
0.2191283336216215
0.22354163944414102
0.15358666299083967
0.15794056766151718
0.22425784094279796
0.13066656561558362
0.16046849816058492
0.1562653381470825
0.13231523011734508
0.17479935231545235
0.16562207511798788
0.18048979831631964
0.2599839724056202
0.2233197845214206
0.22393882837869208
0.16456177723030785
0.2502406567232671
0.18484804246370842
0.17879014549334
0.13660205992671481
0.20318006758029472
0.1681529773541171
0.17758893431711
0.16337603891592267
0.08726429292073834
0.14206513852027233
0.1921181622075515
0.17566346564906898
0.1832628482648523
0.170380978373041
0.16746657742114082
0.09864326860253404
0.1676944412177088
0.14999330660003635
0.19471811814523338
0.12031170449837988
0.1349396251993415
0.2568841506117187
0.2114525789186245
0.1996629271314805
0.1882002480589148
0.18603815047670497
0.12470042661062566
0.14985144582825435
0.16908797427413577
0.23297416451904174
0.08188108783294427
0.1607060229266366
0.17382630098811147
0.17451022407378033
0.15821073058626237
0.12409313321779239
0.14287488337413487
0.17887111207981837
0.15903314323916493
0.19332655623170342
0.06441477227258818
0.13405282231308105
0.1287502991743436
0.0750705441911787
0.18855798435596904
0.131543746048707
0.15239631519519437
0.2185150913367789
0.1760134228902217
0.09770256964294165
0.19590378476311948
0.2008777648813894
0.1075792859465313
0.13572039301828503
0.1032044948484667
0.19911733035337925
0.2299498624267457
0.18734922917334795
0.18565395601161483
0.22653886869197848
0.18252141612027362
0.12515758720527037
0.12559962764744256
0.172727107468794
0.17638396457933872
0.18563523003111965
0.24307816063135568
0.15212598268902178
0.20800873801012118
0.206337545811074
0.19356753784630368
0.2575416255915439
0.12410277860217186
0.16208684323759387
0.1120413348411651
0.16237378470366085
0.17809519413725913
0.14700401167268587
0.1782713772439356
0.13408000085861208
0.23693036210633073
0.14903997245644732
0.18193953518048403
0.166437237878362
0.17119989308174743
0.13669873911912367
0.18866063129882474
0.20697128761248015
0.16240159757585898
0.13144331526942754
0.12839366541022174
0.11994758234019122
0.1290004467083375
0.20367255433981427
0.21760345313578983
0.16086639999096947
0.20484850636659324
0.18596538048861036
0.13457479869346642
0.1521441350943171
0.24606583606619187
0.13941345766782726
0.16420615836031743
0.19235836239306578
0.1453268956903863
0.2611972478487274
0.08916680570028888
0.15367397643722003
0.1836661162267743
0.17702244929294308
0.13981407099846152
0.22770426474216288
0.16963741766427667
0.22023613353027813
0.26058095413964943
0.1795233882137219
0.17470085368490576
0.15664787122055468
0.09079886125111143
0.26173256665610545
0.18508472283113067
0.18130103996440503
0.17560050180224585
0.14326206628118993
0.19550056693259854
0.21414615270379928
0.1437137026398305
0.22369193912490967
0.2506858506591625
0.12367853994347033
0.12329190510181595
0.17366024053318244
0.19041428161279977
0.17093071660530504
0.16657913986344597
0.22663661939292412
0.19743944052213427
0.16207588004879783
0.2233704210131383
0.13888951880790917
0.21727702926225284
0.22831735129692485
0.17435074273360165
0.2217336802735838
0.07220584914611558
0.15019723797019854
0.19623701025877813
0.11271891838526982
0.11001313585530902
0.17492695688908208
0.15915314974901074
0.18923105587004974
0.17637308610734656
0.22500826378214772
0.14167072214001242
0.21858501640766764
0.19617295211604452
0.12375775304473116
0.17596449911640294
0.17112542959787108
0.15694606116548157
0.17876197689009266
0.15473552096263493
0.12816729372004831
0.16764364175647176
0.23972728309678265
0.2122266291218178
0.1956559607441114
0.2248427433775594
0.2076556206435789
0.18264702021790807
0.19453856982160697
0.16540872298670498
0.1342669772752432
0.16983631278121442
0.2003594636497426
0.10407846653280675
0.15249975184119574
0.15578714600824384
0.18975935431206994
0.18851185992844766
0.13613674901016226
0.20158622123638378
0.20094377556451248
0.22173831930352791
0.25497687390482066
0.17386988018863764
0.2038585902414308
0.07863190681623285
0.23556841075144688
0.17474329635708247
0.20937284081546648
0.15987553266062365
0.19943333390346146
0.18022089304480415
0.09776196177195082
0.1932264584192419
0.18974286497140197
0.16438877717846778
0.10707039597715065
0.21398930588181136
0.14204483298095327
0.13007600944318592
0.21305052216750772
0.19637866470274426
0.11534189544664672
0.18553701172945322
0.10222438345583863
0.18098937457573797
0.15759728521788574
0.20188129327998336
0.18518337364834483
0.12600790512348697
0.16711547985624794
0.1177844078360732
0.23664061281266136
0.21291991866813983
0.17506782351515948
0.13237369042488223
0.15375692373149782
0.15390965446638144
0.19854016968255805
0.1595484893529324
0.12524060638911175
0.13768717180905807
0.2161433686662574
0.2055299685642988
0.13696907459851737
0.1237947429951442
0.16168275689587064
0.196338977973673
0.07815242281382648
0.1259197764377036
0.09715934603420538
0.12852516965184563
0.21782503048933965
0.14795193010006225
0.1997765476828799
0.20610866588095286
0.1760666379743192
0.15998064939233655
0.13503788997435398
0.11959880872455284
0.16269363445868676
0.1200792155564807
0.2574907447475306
0.14139312284931693
0.14012318563946732
0.15013485594655457
0.14792457985829985
0.1532457876643843
0.19124330642778306
0.2062477071910292
0.15814687648174608
0.13614304615034548
0.09475944902910516
0.13864150248010354
0.1434224194126479
0.17121482377549416
0.14415657389961709
0.10963539247365496
0.204141593718369
0.1437181623517499
0.17472361923847257
0.13264305451570518
0.18875067420220665
0.16546166579805582
0.20724406334465884
0.0853864453134757
0.1865242490460161
0.21403379667392564
0.17872275280922456
0.1555696015992285
0.23294813217121732
0.13509585873877655
0.13470709057393804
0.12697186795408616
0.11068529649706296
0.17973405693842243
0.07874369514786557
0.1886632244224608
0.16011041751773433
0.21788959032006902
0.12755741353657432
0.1572622424358131
0.12134393777659912
0.20741202759625962
0.11134804207674698
0.15728525658158096
0.17172362342920525
0.15091421232430946
0.2535616895054917
0.15321985135187408
0.14932112291937022
0.20026618324486006
0.25444042240964365
0.1699152697537406
0.21044287985792576
0.15532579328301252
0.1114415460938383
0.16086206858687468
0.11391382601095312
0.18037843659309968
0.2243186939462055
0.1462939508535403
0.21181414714995558
0.23243169886351195
0.11616790649430903
0.08621227311487523
0.1782706983161319
0.18324271860231214
0.22475081810414854
0.15346629800234984
0.11134035089586478
0.14899603665997277
0.16340109840480202
0.23180900550953543
0.14813877028857048
0.2476410447919043
0.1646722759506241
0.10088205352022271
0.2152300858408352
0.17108335781762055
0.15641288156391356
0.093367958438697
0.12479996428169246
0.10709532456166253
0.19860867882758654
0.1174141179443386
0.15246875219243286
0.12140085332078712
0.20521829382359466
0.1570878681520783
0.19865342043352593
0.17464361694628125
0.21677696739602048
0.20472487367814418
0.20560064692260485
0.11149368423240742
0.15989594989698563
0.21628558394806457
0.20708525133118813
0.15515779479430605
0.10917770104214154
0.1970731934769845
0.18362534860088417
0.17665841771348925
0.1776365775337522
0.18318161765984947
0.1891632282577839
0.17828463774911005
0.18954500619473214
0.18328296868412253
0.145462063153397
0.22218985924870316
0.09248282619456757
0.1471534670406252
0.20069858242023475
0.22129253353004175
0.23031662667433897
0.22309652346345699
0.1226638673151306
0.07521526283215775
0.1653171356876354
0.17306372371538026
0.19203050497428997
0.1783031580687736
0.16733951455815443
0.17885319767042077
0.17337827870523437
0.12641769151605736
0.19345720160066082
0.18447434245157732
0.21759431582140035
0.10309159294608981
0.0726655906381005
0.16731574032905283
0.23439223971364936
0.14922425856119562
0.14051510288692387
0.17044644204187367
0.22734915662709118
0.13103264929345618
0.17144900737833707
0.2006703366278038
0.17086031189695214
0.21952637584824317
0.1305260278672069
0.09083436629067815
0.1705040226452294
0.2703918489214546
0.2365671767816636
0.1790278105658919
0.19789760056680042
0.1473735127638067
0.12310831391654198
0.1632786530663801
0.12231966690835255
0.1524574284892466
0.18911596145261575
0.1599835490333246
0.16774829702513236
0.16516714399296606
0.1301944065888715
0.12729435080760698
0.16764654246258176
0.1779990813735762
0.1900177513410976
0.2285641192906372
0.19711633017732122
0.15924804568376913
0.13359921565868005
0.23280785947463667
0.16229293795553887
0.18529151114683293
0.18004401985062765
0.15376389432979165
0.15122830002478874
0.10862096707829677
0.1293516859070678
0.23029348394653448
0.24962739767920603
0.17715692374934383
0.17390587248462244
0.19573212962258524
0.1304774225240605
0.20793789079683406
0.2329444601815806
0.20488331540894117
0.216715466868445
0.24279701567415593
0.12810910462634312
0.18045822086008168
0.2021544353099307
0.07357941027627483
0.19682381311860012
0.18112504254016032
0.19064923676238485
0.23744397882236304
0.1570677625506675
0.192058019400316
0.17541692304078094
0.21204650579304926
0.168526130821056
0.14425322421340023
0.16047737446239735
0.1488672190891077
0.1297526590599082
0.09491829835457817
0.18512130429552778
0.17000701441523386
0.21960837270762348
0.12516819458560974
0.2622356032387399
0.2149863217117973
0.1830329506993229
0.1554991390498547
0.22144965848007372
0.12855852430266998
0.1536626835581539
0.18105404351042975
0.13095828073730056
0.1277033742205447
0.21256064326700005
0.2557362825671125
0.1476645898209333
0.18853331724931546
0.23511118624965796
0.15841612967270446
0.12027941967119998
0.15826616464269871
0.17362357381969012
0.18069400503120056
0.16965542619762994
0.17509565378985642
0.22515521021807489
0.19415718146599634
0.11952994502107353
0.1483768328156152
0.1745012631357472
0.23457300865179653
0.0864845941587288
0.17019279753469438
0.16363086189154075
0.17817206412545392
0.2261263732867023
0.17257769912168083
0.23162747112420456
0.20475968137735678
0.17294521092059426
0.2105088112964748
0.08206072630508912
0.14000899967058522
0.2050421957685406
0.19413912842288175
0.1708787677903024
0.19758416014771132
0.16854171811341664
0.18412208581188513
0.1425275053598533
0.21629817365395412
0.15380664414829498
0.21979765901790133
0.13594940179385745
0.24001519266384036
0.2132805127461338
0.13256160162455846
0.1233145485976156
0.196239929827045
0.09930374384201011
0.11775620833791364
0.1760868920750959
0.2369428382515794
0.18963902626828955
0.1437507816704205
0.11414473440348391
0.16361651207835307
0.22956637025371923
0.19188816481430063
0.1468940790402213
0.15268642694732038
0.053228061617409825
0.12462503579820505
0.16385040880547352
0.17357942289278047
0.17883821510713102
0.23411471149432678
0.18396959066611793
0.22481075127700023
0.13927960453270405
0.16455989119700382
0.11063855408386566
0.20543013694686033
0.1751242426606679
0.16072272960179906
0.14702449636614284
0.19489702102619727
0.1769201256048506
0.11660111927111914
0.23567411697063728
0.09747807270556613
0.09507176185038421
0.19831460740278223
0.22868189134549827
0.1631886511275449
0.20031576153675731
0.13253476600113662
0.19774007342394032
0.1568230147127364
0.20192464055739712
0.19888088141365634
0.17988049292289765
0.1617614468385839
0.13565679221146687
0.23120423705441837
0.159682167961144
0.11386356895712521
0.10164800943319292
0.16857562675887974
0.15254552835417923
0.09839711370905835
0.1284007893178095
0.14037182106992846
0.21450457093416173
0.1820869343142058
0.09762169068984185
0.1613308542835443
0.14024133405246364
0.2035476485884739
0.11820053039434203
0.14372730521563398
0.13156660555905186
0.15392569132644027
0.16101820788200183
0.11589330332045097
0.18594989554064073
0.20772919983791732
0.13955084518917485
0.1988837468080595
0.20155149851594392
0.11114733163099885
0.14441128570945946
0.1354080408704076
0.12463993080398972
0.14349080041351658
0.17822803078712876
0.1944340452826732
0.13084522855399164
0.1885849705186155
0.18989679136295598
0.1106951790892835
0.12175096933791513
0.20534776624459677
0.1515151637389553
0.10557905983873704
0.16113309643917895
0.15446867538148296
0.12815661580215293
0.13354736857711727
0.15042993669840682
0.17757887259974722
0.19677748417025442
0.13343497776075564
0.19698815259237762
0.15704073704261332
0.12006484707988602
0.062058583850439775
0.23718415042047414
0.12389583879515392
0.15303148195310368
0.08177171869284483
0.16545630244949816
0.16802908382248655
0.14300219846493437
0.10064824916059212
0.10725011715323171
0.19126726306732006
0.12940404533606875
0.18187854369459536
0.1825978875835739
0.19299713023262147
0.17362677577369487
0.10514762086821955
0.16536982522254784
0.1278502165454417
0.15571169567945867
0.17597717300671345
0.15016940355111225
0.1539732890629909
0.210680374669232
0.20212510158365865
0.16635911096824302
0.06715627597969724
0.17788195355723313
0.14158793783960277
0.16749961150901843
0.19491188949147076
0.10762980950596582
0.106040249634566
0.10516826418401513
0.17549646022113313
0.1724593152688716
0.16631795255569917
0.1644337457507894
0.18511827335285938
0.1933544607459284
0.14638763487486686
0.23370821928375346
0.15948413898869154
0.20716459118146957
0.23466058740694712
0.16950154983509438
0.18082565638940457
0.23170033561119013
0.1959492416297588
0.19160520567844755
0.10599578712439646
0.16941458849968793
0.17168553590184088
0.2203997793350842
0.18297448058237537
0.20998515636702397
0.20782287425200674
0.13941876311241488
0.1324058806891653
0.14899150490200203
0.21998307378644433
0.18695737131697898
0.16147569611478246
0.20921826368307692
0.19217138008535767
0.1792717916565977
0.15667073116986702
0.1089430080612241
0.15677795782263226
0.2029884825694733
0.19356218356058905
0.20618994341423982
0.1286126374162923
0.13748566899903297
0.10847286079832152
0.11369380735829637
0.1323619393953719
0.1973704083747667
0.1632656458135777
0.24356834825109602
0.185358243826356
0.1708785929676491
0.10739336738411737
0.1804623987621214
0.19042789215663317
0.1777736031097971
0.16407492189762957
0.14042872133492318
0.15424459221058368
0.1953003744423462
0.17716168318967257
0.1356429786763757
0.12937500601025062
0.2106943416748865
0.1627322430825361
0.18099733732763393
0.1723909089574865
0.1496010332887789
0.2076882233245249
0.2031070227800258
0.1459592831877722
0.14100284347208253
0.14386585864158558
0.2539560716379072
0.21863165087700576
0.1333601145454864
0.1520047652651227
0.15159349200805905
0.16549637012083468
0.14235187394065824
0.16701463410355888
0.19934148366173823
0.2208908721184448
0.16300700666560153
0.11417907267841768
0.16216153190562346
0.20725587665788966
0.17028476384974414
0.12937270472268314
0.1309183176049584
0.18992729522724397
0.26614496491838363
0.11712536389179079
0.2270343093368734
0.1391975294495451
0.14798837802824505
0.17420733046270936
0.1945179428208511
0.19354887734027082
0.17710128412623585
0.18653065572983132
0.15032733063993467
0.16458250015376932
0.17926298380483047
0.1660312440373022
0.19021460619418676
0.20035722686718888
0.16081091285250207
0.16525077286597298
0.09158088727556565
0.1744954929391533
0.1479760964308392
0.09635315667586129
0.20856385908138936
0.19103306840740153
0.14053921211959483
0.2514967198052308
0.17775920763445816
0.12284015427920454
0.14010293324283815
0.11328364193682969
0.22784231184844383
0.2211161392907821
0.16367557311758685
0.11309932164187372
0.23847918119794487
0.15850317854664492
0.18401083169437338
0.17606342256223506
0.16182567734779765
0.21868608589233282
0.17475598314830515
0.18497292450318453
0.16790170971417523
0.2783602169089977
0.19836730789645418
0.12581297026130026
0.14677709260934815
0.1632268256376715
0.14255665087417646
0.22006598503077868
0.19260769263612823
0.1397064668422079
0.20903438191250395
0.17100090051014452
0.150611024326975
0.18888544254755682
0.1362274515435266
0.11144140889646306
0.11929119606362869
0.16954570017197415
0.17709018516524455
0.17609535832404574
0.13392193665893515
0.1638950937799423
0.11242189541358925
0.11172654746301053
0.11119577382254044
0.2424931259914579
0.18253848547498744
0.20833544498175796
0.16122997583287735
0.17706437652791526
0.15652387982896795
0.18547918857980134
0.17890736578878866
0.18626531113190709
0.12787700897025778
0.16937841597727407
0.13198761390499564
0.18419558371642644
0.19357002255867067
0.18973605521219195
0.20365336760215663
0.0978179942249088
0.16877746452871423
0.21428119783465904
0.19746569969289868
0.13745388398306424
0.16815757541865886
0.19448041610834696
0.2076764096082882
0.1266447972825544
0.1496706954401138
0.14488616302822194
0.18951246448942377
0.17461235121124555
0.19791440936595334
0.21675277057252992
0.11879726951464825
0.18902278624456137
0.11311388299505841
0.22968412811082692
0.22003198491128742
0.13465656258603914
0.1677229528950654
0.16032232705405938
0.19182123398469492
0.1597885914013321
0.15045928041899537
0.19596023828310075
0.1765337360054141
0.12850300326968592
0.18411388768624307
0.19835022868231905
0.16762622520344736
0.15726858621107553
0.2679617711888541
0.20482206357424798
0.20367216310561276
0.17837702825415355
0.19667075382262647
0.14382596543128606
0.14632251005409116
0.14091954254458222
0.07821143535351657
0.13996599219667155
0.1729270030739258
0.06965585028398855
0.14363659663292536
0.11047113360361158
0.21359957538104513
0.18910167888911264
0.2082884308666109
0.15171359284597216
0.026316050327601953
0.20755016856923217
0.15522493375459587
0.1629911233990259
0.2152092605790261
0.18218827261074008
0.1606167762349228
0.19141428260361837
0.09492982504588841
0.2000366361839022
0.16773307770352763
0.21865171262762548
0.26271366489046954
0.2453177713360473
0.17747014769303865
0.10007210262920274
0.12620991176234542
0.2972226119767909
0.14573697496035723
0.1505384459841905
0.2655367140895088
0.18974016473272393
0.17093957749455935
0.09188566026586299
0.08859140219043427
0.16767775677240257
0.1732327148531902
0.20558477878855874
0.17489868915402765
0.17403211105235242
0.16872546548197884
0.1449450344369816
0.1325812680393094
0.26000585470131693
0.08817834396178902
0.13115953388435672
0.15171384754433284
0.2051340745939517
0.20012608892721445
0.2163740978310425
0.19936085543139725
0.11773757655167863
0.06724864457521985
0.24696204325611637
0.12000380809743151
0.1211367010876635
0.24468657315406594
0.15764511489813557
0.1571797333847011
0.19834819108258225
0.1105182613731675
0.18171477625041552
0.13343147639680536
0.15542732310053028
0.20311315876747993
0.22362766670454462
0.16137751686775634
0.1844086498100307
0.1593300502343994
0.16339351647356395
0.11619002332522911
0.18778618403298347
0.13041813001513033
0.08714340848792712
0.10710599310223738
0.17236716067218283
0.1490396426925154
0.2038506824973708
0.2380282332915885
0.2594847225718815
0.2373530094597893
0.20542667374181958
0.1990383275621727
0.2208293889891658
0.17578113273263177
0.22714099543644914
0.10012990271097692
0.25330922998231903
0.19087965451665698
0.15769783680444555
0.0664412269287183
0.12672494698734457
0.20555063164453236
0.19478106654953128
0.16576799161592096
0.18094414736178263
0.15336746970208645
0.2405647873391365
0.18280037536295754
0.2415347634592822
0.13734478605537523
0.13926089785789186
0.09929616645843056
0.13527091920331097
0.15074081600387806
0.229233774598362
0.1931718921324402
0.21562121798789138
0.13638357725312275
0.17232952290389877
0.16674422298861707
0.12694911063587996
0.13973097276421567
0.17647246279119272
0.18695706412333915
0.19405836251347275
0.15063340181609253
0.1700990669803936
0.1413429637038565
0.2501833225759906
0.18265379483104274
0.1820681742042794
0.17601787072886807
0.16633633018054722
0.22699085695489407
0.14851549742186593
0.19979683819553698
0.21761102347189576
0.24880815956009167
0.20099302965235472
0.18860142162234408
0.15721995055541582
0.12057311215351874
0.14562100402093897
0.22375002730601723
0.15662405844267915
0.1594942606467779
0.13978612488301756
0.1713314498128235
0.21767327683321502
0.17846852090289966
0.2236942176489227
0.20592619009976051
0.15719428424908258
0.1565499968506449
0.14887519229032908
0.1584766766019419
0.19875471942356784
0.19353668727551337
0.15769679161808922
0.18853183366248705
0.17317415175257003
0.20190972305045427
0.15507697378041058
0.15046768807063532
0.18018181238389808
0.14428910627051877
0.16153662583798778
0.21133329600541864
0.1084940797217612
0.21546990099371596
0.19744492527105595
0.20028687972144135
0.17702407079570331
0.2334469146297711
0.1580767261848945
0.1650168414521908
0.14027690210481997
0.12847927367875817
0.18566321467217614
0.1206695629026979
0.2557812237887786
0.13045370982758508
0.15459323048382645
0.16623973993618463
0.20540157886868118
0.21644269777983002
0.1857471067575577
0.11407801589606704
0.207968077472422
0.19753143621349772
0.14011973917110665
0.20520707047758757
0.14589637330912547
0.2046508207795577
0.18940681863463177
0.17943878322362566
0.2227582942825878
0.23215086180296135
0.2127132847735826
0.07439612994158329
0.18132012662407265
0.1690561492173244
0.19440899260838465
0.1988026623748566
0.16623982302528895
0.16745757790182653
0.17249803902578303
0.07557808091896961
0.16711062472499788
0.13014987085319268
0.27058130369956307
0.1385332921356634
0.13111834044922296
0.21609556556089177
0.20143029426776468
0.164331031949179
0.20771991010967383
0.22654733629270601
0.19325675526228164
0.21639935165472707
0.19494717589684143
0.1184232829909515
0.11572533876270222
0.1855034984000614
0.2096431650634758
0.19558453751117266
0.12390550335858436
0.24461206721965845
0.2402677855858826
0.16952269177838822
0.19579069344409347
0.17747889951832985
0.16929323552012182
0.21819281681335478
0.269707252237707
0.16163604659745484
0.18848170006768591
0.1887297407839859
0.15937033335990033
0.14196773025626636
0.13234029284335996
0.18802714099694218
0.19465333944248334
0.1837114717641921
0.1080566123216808
0.15155049650179067
0.19659109819589668
0.12916965336859632
0.17926115229210848
0.14038917334495302
0.1892985019244709
0.1706668223272541
0.11693535969044827
0.15024040440067712
0.2327506221594664
0.22088640552686156
0.18557974743476124
0.12953965375324117
0.14406201720219206
0.1761971110960816
0.18230830862457076
0.20324896545241988
0.14054136265349504
0.21626024956594472
0.18648084751696076
0.1215946976402093
0.20498853404390585
0.1475856141399047
0.18466133321789718
0.1956112954486268
0.18952324638934043
0.16932554924043305
0.14474569689739508
0.08998097334602435
0.22811862267867777
0.12576139394549657
0.2725051430230335
0.1808967846666993
0.18721049133239281
0.17256358567828947
0.2214900431731454
0.08573528166559881
0.20383944525176784
0.1952363982692154
0.11736053907483521
0.20469487899046201
0.1406718025018793
0.12904424558173544
0.14104899530621742
0.19520617025195652
0.1312339878699616
0.21809160505272898
0.2208713384820416
0.19286160299007918
0.20937894559039613
0.17789618206614638
0.1446883798718422
0.1556738400943957
0.1670023863771739
0.18854545557061586
0.10801725229536276
0.18160689146853398
0.12282551624043302
0.1646355370567195
0.16627801569317033
0.12007534292704523
0.14824674726724602
0.19715104797112548
0.1370975967373697
0.17186655138499027
0.20620563434163677
0.21055116739605464
0.2168092317251431
0.08729400144348762
0.14982778051770318
0.10987200968628585
0.18134961044797546
0.18862857283444057
0.2702412573176442
0.1522700294282903
0.09821384678789456
0.08161308371391278
0.17310405161128525
0.17358671654021424
0.13082325439279488
0.14942672219544778
0.16521085308581893
0.21230261336799774
0.21601070806833766
0.11108528561327426
0.19754166150465782
0.18496635339107026
0.16518418087250275
0.21846471946919754
0.15144644636607354
0.12773606456006908
0.141005310153273
0.1944145070157282
0.0978652444365021
0.157844713767075
0.14997686128428303
0.18373871264847674
0.20551919848532418
0.18250174213059256
0.10828111004602742
0.21745988951269674
0.2065405245594783
0.15880810462929468
0.16589370984938986
0.15139228674013264
0.2153929870295233
0.17512500551423868
0.12443617986625313
0.10891764908956117
0.19128114338138946
0.19200036807832951
0.17354591267363123
0.13238377408252025
0.2194579884782421
0.22817175548521357
0.13183312523902435
0.09818112934516707
0.13662333184666833
0.15509298546493883
0.16561952992501275
0.09898564097345033
0.22847199542338875
0.13917431794333515
0.14969867132917558
0.22974006400899977
0.034997310850009206
0.13081110471717514
0.15170149878814113
0.24153257394984468
0.22260810616737223
0.14299834667869704
0.22480893100158186
0.2175850633904607
0.18387658809388363
0.18025114145918822
0.1793969230891469
0.17942392634962853
0.14000401756375866
0.17749103281745138
0.09463371241956764
0.1643819909077222
0.1517256351967481
0.15221331350468326
0.1760308514971295
0.1318528334951479
0.15803880455375183
0.19088844519275916
0.23164456672185324
0.15696490794384255
0.16857882024204293
0.14441598568291633
0.2110868339919721
0.16545416418179373
0.16848689343496426
0.18260441023014512
0.14090310886222096
0.23398013176536375
0.20096811730219472
0.15624198804437917
0.1673211474150139
0.12724830564703327
0.18382509611419862
0.2188304891127293
0.07073023937356392
0.21715187946566888
0.21725769932371092
0.15019323830097434
0.18257961110534177
0.14322809398701725
0.16412159957860012
0.17099722471388623
0.14993637018276856
0.22885554400187774
0.1803982519781271
0.12433268550651536
0.15691591404284722
0.22169626209217577
0.17921249980078366
0.13640573156044367
0.20579461253015122
0.16892012569964943
0.2705456367887537
0.16545142139801272
0.16237260354809213
0.16328817356602038
0.18684458387097322
0.10298182801916733
0.14093726348101093
0.169343213510464
0.14561927813548775
0.20482505964973854
0.11836545082691091
0.16986190827692055
0.10519956560095733
0.2552097760878573
0.11363026568692838
0.1480092139275736
0.17481348069202254
0.20737395427192454
0.1605662123051599
0.11476784474514828
0.147568454138907
0.10071802073836078
0.19824256532795842
0.19922913402189074
0.11546661796044864
0.13690744998552787
0.16758401629523514
0.1700438689113684
0.16570856896644434
0.1301137923477994
0.25045370490858243
0.2521737665804384
0.17427922787954045
0.14163318068068095
0.15092562598365947
0.16163729772988408
0.2034982720516017
0.18689519248961325
0.1914553668743756
0.1629842248734611
0.17157609626630999
0.13469854466962472
0.20193243982396697
0.1759367226098322
0.11413895800749713
0.13616537931477554
0.19787787806480187
0.15697667289367814
0.11677063197434503
0.19602750152189644
0.2115206372197301
0.172064620759662
0.15543237780170727
0.133694606818257
0.18555744883183392
0.19658334231610225
0.11893289864156076
0.21674141613765432
0.16812144512086638
0.15614078239540716
0.14625260381429717
0.2404275952038905
0.1876035095262685
0.1921376276879688
0.15700871544225323
0.20027200916799878
0.08607794131460399
0.1442298033228105
0.09434706644021153
0.21637681867855288
0.1993087717652884
0.1818088320118006
0.17290563129364078
0.22809167346683457
0.13640249021537829
0.19900439353231908
0.19467166728272772
0.1804638896375118
0.17549524741403077
0.20777830037940517
0.18235720032654656
0.18132915385418158
0.21037716693263211
0.14232815966034987
0.11695663104411061
0.16144418917436487
0.18283217269996935
0.17548898734350293
0.21064750603890825
0.07171668387842627
0.1375407964180112
0.1388869413375941
0.1049385421766247
0.2470195896315321
0.2669076439302706
0.11150666656597
0.20747153138468546
0.22397393946249142
0.1346274638632455
0.1502561140644529
0.12775984446173502
0.1294680375423839
0.15960369266999969
0.19940182291035174
0.22481295463457515
0.15825795079834043
0.18916978257407085
0.1246471276254911
0.12846171396579184
0.19756422338205318
0.11231524396151019
0.15834996853671032
0.21657499689233364
0.11163354597785759
0.19937182699419792
0.19462378305602998
0.19865098239293588
0.19828913077568602
0.16607872569839563
0.14875194957955912
0.20684664938078778
0.1521404981143963
0.18463135718273446
0.14271678402909263
0.1908039106463805
0.2575378990884327
0.160229006257858
0.1471430480690845
0.10061187408510952
0.12839628246128848
0.11140189030666878
0.17070682792978964
0.164886955856182
0.13965841519289104
0.12973273381274114
0.17324088666903067
0.15651901273819263
0.21749996662498142
0.2372942863032429
0.22358467473419735
0.21151362124396672
0.13533710181294048
0.1858328747801633
0.1531248924123919
0.17673557638507872
0.20106709421704594
0.1138681978960546
0.16157241875009765
0.17801935826351456
0.1744283012162713
0.14266837857886314
0.16333976922977095
0.09547715751308358
0.13367771030920206
0.1638721978583079
0.19681163605130583
0.19077954141595466
0.1621074232794031
0.16566855764733815
0.20383821310777606
0.1712325958895093
0.23159221551195758
0.20176748945463804
0.21868404862561425
0.16964653776958263
0.19887227661587745
0.13460262327788022
0.11315125301594009
0.2261499971313336
0.201648201713507
0.10958170065085554
0.16620590281603112
0.1995006518262067
0.24052445242705367
0.15219713769395993
0.12798518613399026
0.2318028336014963
0.18085117649979526
0.1738963668851652
0.1631289614297381
0.24809955191647154
0.15061805442722348
0.24334571556958662
0.2206857495331866
0.20644085084428954
0.2170697652501581
0.12418295728166695
0.11289436202098156
0.2261328031471624
0.1955604909542728
0.1381160896966819
0.10699230852153382
0.11775581970578405
0.16614838410679786
0.1494683263618043
0.1783401815986359
0.1540660634905052
0.18197928597941793
0.22925236623998818
0.1986711169925139
0.11299096113970467
0.20780125188444534
0.14488405137751156
0.15823498549595114
0.19544770646580983
0.1791355801744237
0.18882299880108408
0.12540678597818383
0.21691181677113885
0.11153713318058736
0.17359814790604816
0.1565972947451356
0.1105584992502063
0.21525221193715754
0.20909027529232624
0.224348958264933
0.17407808494741403
0.13303197984666548
0.2280634884717553
0.21562896960556868
0.13268745598294032
0.18439647827618028
0.20908147504889535
0.10938875148673427
0.12397259714146622
0.1960025128270028
0.1883125667441664
0.2635632371304495
0.1429798818627147
0.13595383719343107
0.21173380774170747
0.18618857358815374
0.121053460093344
0.20383053009788854
0.1045339801507704
0.11328912356692858
0.1489509706547215
0.1920318076817901
0.28698896609216457
0.25827514640900384
0.19748242352351403
0.1592901822476767
0.19515564753991968
0.12831627447971664
0.17538511595565237
0.16023659993693642
0.16484107679312254
0.20515897521698997
0.1429944396877279
0.143307985544757
0.1782962223381207
0.16918151683544033
0.21533087969803227
0.080312231525012
0.16829483216502003
0.19784726214202009
0.2384860014642372
0.18690519426868268
0.11387673597181397
0.18728511091204827
0.16126343980588978
0.15328691760617266
0.21698622552734576
0.11365239420524802
0.22323429250222335
0.23938598041336245
0.2285043770785093
0.1438730354351126
0.14538131484082478
0.13241397116608467
0.12706194441170088
0.1714875576894904
0.19178015778025748
0.17503028154761097
0.17921770939983764
0.17119738022547135
0.11494284806517158
0.2316270092164348
0.13156597728094038
0.14184298002524642
0.2272958856627732
0.20381729634606788
0.11798576671536781
0.20379206386951013
0.1187381119744422
0.16942397988458027
0.1398494252128706
0.1444235633163459
0.16456849691110145
0.17966518775107512
0.16568009185464536
0.15708225030586787
0.13225491542603612
0.1994921711131892
0.1692600718991217
0.19310784910884976
0.1386663564491988
0.20009242521228893
0.2378976489834721
0.19106697888032964
0.11324254342925824
0.17630433025696074
0.15845390164427853
0.3121119468319442
0.17099531793691272
0.11980771269575635
0.17627666136980602
0.14588113407288877
0.14142800313008047
0.20910536914883093
0.2437362342080007
0.23237680687598178
0.12441136887110407
0.14592803228063567
0.12992343249383553
0.18785415354797297
0.21838105064847102
0.1323396348662555
0.19316116985331874
0.13645669731634355
0.11244594605027236
0.16390521020010518
0.2051991791937142
0.14491511536014426
0.24431275363497013
0.19149529081530578
0.21340459593547506
0.1609134471058552
0.1484361019632137
0.18967622268008402
0.15664812565192412
0.15736503486178674
0.18477650068137558
0.1540485816407997
0.137754401667734
0.12188039353958736
0.14226054795811952
0.18922377257024062
0.12930987418694892
0.1446591651219467
0.1927232036781003
0.16437970093590593
0.148690182093221
0.16379315218834917
0.18196527899357287
0.18646749517594177
0.10430769137296587
0.17533714172421647
0.13645573587352725
0.15140008909268438
0.19107480449445322
0.2075724443706244
0.1745152584199562
0.15198431448967067
0.14058322507707013
0.20440473212007054
0.20723506762730637
0.18244516581738238
0.20105957453281265
0.2117666331090799
0.14756138187409185
0.16501446172341896
0.16866948398419648
0.20114981817301822
0.1833555746091902
0.11074076253376891
0.17186235590677007
0.1510380879469733
0.12556543259172395
0.1529265541614236
0.25408674620564675
0.13480737099644263
0.24114241764046146
0.16087013975039474
0.19320691461929917
0.17669599885730367
0.0928907753645953
0.18716387939980977
0.1617813766663645
0.2027141069523615
0.16077289383241075
0.17950739292011858
0.1855505141626955
0.1536596831490163
0.19117252116135736
0.16093701643304073
0.20481977286832176
0.11789852087716338
0.20219189833801784
0.09673217418870667
0.190068032667838
0.21847986176608888
0.13331540339916995
0.19563694988281988
0.17483491905740917
0.09255738580848963
0.10676570857154237
0.2459163985158115
0.20311127785817026
0.17774205131285575
0.15359356224199322
0.156231679129271
0.253652655746867
0.18630965383747852
0.15201910601611904
0.08535731423328857
0.1750510293376078
0.10555075760135703
0.19401141023475438
0.16373077441285766
0.13009432551888625
0.19536605845136457
0.14691335254958784
0.07890967823819547
0.18862876762225522
0.2126874850254373
0.14142348781192926
0.15694218958094408
0.21284889975758808
0.17038948246128882
0.1684201419325719
0.1951604120892927
0.21286692765028914
0.1549034198959333
0.14856549052799747
0.17588473799145068
0.20016246179937558
0.13171778262693948
0.19140788474787085
0.1322814115854699
0.13560423045540346
0.07582850979884037
0.12258114965997541
0.19426799116172203
0.12736072424668038
0.17893082582842917
0.1828797638437488
0.11451081188813472
0.22753082646534636
0.1817922408104494
0.16541392707516156
0.14510482484660542
0.1565115288706049
0.2547318029471032
0.1708001632686161
0.12536641014886848
0.21751319127230104
0.17045288760804728
0.1816770686563374
0.22217141074595442
0.2598302631989645
0.17768639770820116
0.13572491982403756
0.11633657984979359
0.14277036079226982
0.14255593875293102
0.16937022613639724
0.18453524825032042
0.11506352108386897
0.20199023359458468
0.16810085942894465
0.15243638938121515
0.13542002513374496
0.2338663210525853
0.1892920724440071
0.23032514537829019
0.16811673728529727
0.1797095299221397
0.19864098660561527
0.2199968109413482
0.12097899620243088
0.1649531030329958
0.1712250338757934
0.12385894518837776
0.20467840669969062
0.10535018407015118
0.20347495720092104
0.14821485212276667
0.1826022497029884
0.20300849133564938
0.10506780862769827
0.11709851491687194
0.1326185224851244
0.197248313381638
0.13022854676674198
0.2208241436158155
0.1576084120393446
0.07240703496826552
0.19300485405934076
0.19311976675402998
0.07505314404898761
0.2331262295527837
0.16088331840524828
0.15539889705947385
0.12272462728678832
0.0991786818436237
0.2020493643003309
0.19018038387624572
0.1520006328794801
0.15653245738576171
0.1278009938449589
0.14642482452523908
0.1614276788553372
0.17404363032697628
0.15301385205696996
0.17448621936307857
0.18624511623462367
0.18304786994065655
0.24839282907012156
0.17527341518479114
0.16283468877477364
0.14252210523952494
0.12810521344633016
0.23307226948711168
0.1654534318339251
0.20824465664649794
0.16955642584478672
0.16807540764470127
0.2055048964339241
0.17915320895631232
0.12504460687317573
0.1626565641151417
0.17604462547574523
0.18729919734601522
0.17330634034199963
0.19678157847816308
0.2370734446789597
0.166283668263023
0.18941147411526305
0.22115347588825143
0.1380916391632283
0.2294375535645276
0.09885160302130923
0.1523791342983129
0.20047703702041147
0.12724429020534178
0.15523347893145772
0.19584963289163587
0.22682026267634003
0.21179630302148944
0.1315985768178063
0.12912004230175275
0.2673325316276184
0.20580905020854695
0.12197422142080847
0.11788026091258222
0.1704509701641343
0.20758974481403375
0.1515692848394931
0.18255424836288067
0.17280234846724338
0.15781824569863132
0.1553954985762282
0.21136162300583428
0.2217880685896388
0.21892461947371114
0.14842662773232623
0.15696867812473447
0.16232521282608484
0.1644301411302028
0.17399808145654047
0.19326447545039577
0.15725442520504782
0.1575914080872701
0.1363711739214277
0.16531239516046875
0.13262863916211512
0.10126132093006611
0.22879998727913922
0.15279337798783987
0.19338261443729077
0.16575886116054497
0.18736287778047275
0.1856929139255162
0.16711078331607954
0.17408231639577984
0.21634228337976852
0.159847367587017
0.22289566971389152
0.13491902815446646
0.21234732583578586
0.1353993436878433
0.12411150929969793
0.17666148725549807
0.24033252431476101
0.2481604788607607
0.198446361026953
0.18304398447764952
0.13157668557434413
0.13748343521617412
0.16427582263024715
0.17874872711113418
0.1700094468755763
0.1655786565823943
0.14227050494986238
0.22043403026267164
0.1716402063163279
0.17438484798979662
0.12392327958234943
0.17291001311470633
0.1667616587326021
0.18577971132111948
0.1472577598993088
0.10979295157710925
0.22370569646229227
0.18457448458027098
0.2036111358690237
0.21644608369381682
0.23738268621795494
0.17514183283682289
0.18400620684604882
0.20272485686699
0.19232962734722203
0.22026214929502588
0.16250365798863314
0.19094093196474535
0.10101566745275894
0.14838764534341553
0.12481501219986699
0.16729985645254508
0.17897563316262388
0.20151337564113947
0.13339250948579776
0.0934419928942279
0.10076701751099547
0.20258895962918835
0.11665875317393617
0.20833341191443716
0.16369700329583842
0.15208470156423112
0.1593392211152508
0.09675967094517052
0.1661565009349615
0.24724627730588083
0.17724270839542514
0.16268907946754457
0.1760549007471373
0.12193527832765999
0.14463163509755964
0.15881728068143688
0.1763785593192925
0.18868296227054066
0.19300496849827087
0.23253758492901433
0.21004849116254498
0.13230413046936074
0.17130728325267763
0.2191950327249787
0.13271584034105988
0.14526383016352656
0.17370712229012533
0.1811103594803699
0.09661019182198657
0.18862200961660608
0.15063486623447772
0.1467936331796988
0.187524520175237
0.17377714941470854
0.2093080392878438
0.13654789268691453
0.22327483748095858
0.20494560969470837
0.18213328540688928
0.18389780056394378
0.13752047255691946
0.2036915836554849
0.16602376705665906
0.22077865276228864
0.1615626987219788
0.2430837280716468
0.19712725015892363
0.22854764822482493
0.1796708900835259
0.14949471380999346
0.23974224052720067
0.12921326053549728
0.1470362314342736
0.1881731833530393
0.1658931556642119
0.16718400084841142
0.10257215762138341
0.19331706978233823
0.20786415215521956
0.1953172478894808
0.1355023729784077
0.17367688040735907
0.14100501122998604
0.12211178213852399
0.10612938911173624
0.19549538876416114
0.13289895788190764
0.1297149055281638
0.0824590834829752
0.21718365148148647
0.18206932238759777
0.2580507518862671
0.15190428779106538
0.15753616055009018
0.1189560301610646
0.12853249933047844
0.1931239856788137
0.15477542676845707
0.14298080075114197
0.13963210321270533
0.15813539297687454
0.2037528384130628
0.1622000630738584
0.19880006197478295
0.18771481068695905
0.19604195946735245
0.18452544526296893
0.09728705019757557
0.14896952623642146
0.1946075214801857
0.20256171937826237
0.12640412104868123
0.1581454585094276
0.22813427776695186
0.11302441078307995
0.1621668856775565
0.1852367883924716
0.17451615411547988
0.10577969653340415
0.20366149934070263
0.1964355397813204
0.23067240269202316
0.1827439935843011
0.21748538272980367
0.25521097301302975
0.20337466299296925
0.14323866216277653
0.15145571473722413
0.09741991914513227
0.12435898741375082
0.16791157732628867
0.1917526677666107
0.1824317338437869
0.1702229191477602
0.17420087017115402
0.1662420534422961
0.15996836749598947
0.23648032306950273
0.1782055719542771
0.14012406700740535
0.17770082993355155
0.21905217274771616
0.19335260869898688
0.13655128716948364
0.15838051755016602
0.24441871550126604
0.17463373196604656
0.1539357448375088
0.17292576779707206
0.16200415300474924
0.16211382826003304
0.1874385925087387
0.179279466206901
0.19877154746900735
0.2249913089700183
0.18048257653899147
0.19937101140759084
0.17115400658643679
0.1847173396598801
0.18315425134536847
0.189958845298578
0.199957233145239
0.1950260355217606
0.1991040275873665
0.17184671502965287
0.17505992115964408
0.1748130603521637
0.24070396678055828
0.2519271228673494
0.15277997674217808
0.22052215050116622
0.20126798773694815
0.18506967390690363
0.1776552025546021
0.1226756148979835
0.21378228621994383
0.15357932842703842
0.18390759162601295
0.16039991523411784
0.15074296491520306
0.17593235359111775
0.15528463226645361
0.1961026612682632
0.17228904776291468
0.18373356053782425
0.1631593953818682
0.1952204110638219
0.16422119572262447
0.23330858964288995
0.09280469645932005
0.2172907843837838
0.1465637705308497
0.14400935165689668
0.13530973298755278
0.13719845138734846
0.13839130904558447
0.2058239922925379
0.14300638731764087
0.1952556586206312
0.173999110975715
0.12209320550839281
0.17117701283951817
0.11155957397910585
0.20647388459806307
0.25684303436241823
0.14411829185600328
0.16315032773094668
0.1997295456608786
0.12206979048512254
0.13823494334261266
0.1804493708658921
0.11311815022072574
0.1867179159277256
0.1322332629093892
0.10710491966944445
0.21230623676715243
0.1956323224151045
0.16634164669665577
0.22494925487281012
0.12810456361443212
0.14518352716233662
0.1408290000441428
0.21890590783730374
0.17018354388671905
0.21465336804505658
0.11110618577072676
0.20594615628774948
0.13520257340983838
0.11950787114987507
0.15235230972590658
0.15960698380262714
0.2075164211344553
0.2548936695567698
0.18838732598121438
0.1472222617408857
0.18978702071714393
0.17050362966205454
0.15486882600935245
0.19951844270934344
0.17518701814097773
0.0795679480868159
0.17694831406129694
0.16755989492701034
0.16238088141568696
0.14345016731740937
0.18100817774995437
0.1890078748856808
0.2044403589670138
0.17105661222161544
0.19446172976120124
0.19424995125927774
0.24446044439288422
0.1507353634257213
0.23412751423609507
0.13970446141783244
0.17658055912743056
0.14322651942622586
0.15223682307883019
0.1719147189893722
0.13263172110822904
0.1606884776392186
0.14694640609991708
0.18977947976028167
0.23602093038112815
0.14145580102972735
0.21564761731532528
0.1568772103017178
0.16759338231936644
0.08866044102999998
0.1071194724018603
0.15340285944716597
0.20362779594182015
0.2301249225530742
0.10719414712819515
0.23805484187512063
0.2786246598708743
0.11656769359125191
0.2112949167220625
0.20121782833480195
0.1554020642864084
0.12966969169078257
0.17454727706757422
0.10267005105472186
0.14054273726019642
0.18924440081008753
0.12289261148823732
0.18333741068608683
0.20981885621862528
0.1769042447590782
0.18476765878994938
0.239935551153799
0.2262928073149043
0.17763481486820865
0.136140443209652
0.2073171347893598
0.18294569663654314
0.24599826173155642
0.20329607282537718
0.1355792966115723
0.0970735493740542
0.19948054356110828
0.10427451012747196
0.12573460484188181
0.1827072992182906
0.2094094173916533
0.13866002830448607
0.19150521364971546
0.20719932247127437
0.16849236883769822
0.18185032169211496
0.1502822223350863
0.17251129654981265
0.17532489632760764
0.12788277997584974
0.14810141893497636
0.2610750109227947
0.17245267524547622
0.2104158994242512
0.14525855978265578
0.16053787301511302
0.11720104776822837
0.23058254676143455
0.1774425094927431
0.08763196090774461
0.1641045849930764
0.23768208051157932
0.18691625064741435
0.17504528970217034
0.18457058034819337
0.17617044706989216
0.20503058217217138
0.1719009194776526
0.13794892987972024
0.14652332451586791
0.15215840427992433
0.18062551880810224
0.11902798150745314
0.172161631679998
0.15546532034598698
0.17157129256846118
0.21239325835746445
0.18385000550566696
0.19956111105337868
0.12557933823299094
0.15423962226764398
0.22734796429283485
0.16945881440046573
0.13866491615209348
0.21173110993051097
0.20344592711750625
0.17631062562063954
0.1033669103510511
0.20712158693847343
0.17107458152394786
0.16006135022666512
0.1855081260031311
0.1871815014480113
0.1321439295886369
0.2043453642510563
0.12399053896322869
0.12364254223998675
0.2127318922024364
0.1515527361096587
0.13164620768083662
0.07941046346742545
0.19554052445504452
0.061365349926641694
0.20763654532755096
0.20507409332789778
0.1886673262290392
0.1853021643081474
0.11755705056857792
0.18906993751590856
0.15533249364217053
0.1811932396757435
0.15576235423835097
0.1202679568192532
0.17461599651369206
0.16243391040708147
0.2170091958210631
0.13030189773136355
0.15931694105609723
0.12248133823513473
0.16186499182846223
0.1868307480488086
0.13445746823171972
0.13094850768859223
0.18417011348433704
0.17125112987884353
0.17164316562841445
0.1654270414464982
0.11026901164321702
0.18301130869808704
0.128904589204082
0.11913474969613631
0.13524395278767776
0.2095235847409223
0.11893072423783477
0.18259573093063441
0.14445270849225536
0.18812412768697961
0.19330972424665316
0.21263009800533206
0.13138867392628667
0.1435661798172734
0.2348196702871812
0.2109033917202387
0.1348657893472093
0.13552671161042903
0.18861775029310116
0.16977871239728715
0.09958158215158663
0.13607670772774505
0.1357147123064321
0.22691728658335814
0.17968286660381436
0.16106711009058114
0.2291953133743566
0.18670696600068254
0.20773693835059642
0.2601080901130183
0.21613712415596606
0.19382696377879866
0.1871825147050412
0.14173881974252203
0.13502064001641095
0.14906932600230233
0.20116322819632337
0.2812128060920024
0.2392890450649824
0.23770457528356376
0.17937072941003954
0.15475922758714547
0.22766134415053604
0.1290236095609756
0.1613719326676988
0.1931543710253706
0.19977732431616263
0.16407732264763328
0.1609482904394977
0.18379957694999333
0.10271927881568962
0.18718751131832442
0.17646047524067437
0.15340770495227618
0.2260095843472938
0.14189615867584562
0.22018711637643687
0.13786277436830907
0.15280504751022378
0.17358318333067096
0.286972833894818
0.1611850732878484
0.18598451204876437
0.1859256208993349
0.18382733718690003
0.18498550220668736
0.16304430792313432
0.21595324413784742
0.21628308939751129
0.15763091241067276
0.17297444185752864
0.16743189682892212
0.2204497740311736
0.17509521050995894
0.17391967863795904
0.14028920358441213
0.16427197391429416
0.1707387130695294
0.1936769322801487
0.22270505343115374
0.1831845554325902
0.13704129631383638
0.1462449558319312
0.12106427334027445
0.1545680265050937
0.1684099944042216
0.18088387290800953
0.17555554071085835
0.16777200669209522
0.16149454375724925
0.16693873468301626
0.1313143564539029
0.21417395392236027
0.12490098059174595
0.14271405354725222
0.17671651428775825
0.14676966297736896
0.1394686596038388
0.12824302116428976
0.15919492047888423
0.10776476323537082
0.2396658228434579
0.13329562263217815
0.24089696947908734
0.19794837713986116
0.19647937583218442
0.09252420189046304
0.2115712794436605
0.1801198691248819
0.20797297058042202
0.14232619200594662
0.1902554847566235
0.16818246212587842
0.15510939444795305
0.1593024265224548
0.0667667433652115
0.1899369808175085
0.14583270799942588
0.1488877768591351
0.1617958269173576
0.13372028956389403
0.16675651889247634
0.15472663012508994
0.18686173686330396
0.14576587431983823
0.11236934965182313
0.19153618819443152
0.17894096307390056
0.24038637499119414
0.17831782241102326
0.15409972177755588
0.19647334927722135
0.1824564662607356
0.19293358760194168
0.22754000050686723
0.2504669973920602
0.17812895612163843
0.144082453060025
0.11352525557707618
0.19051367233153463
0.14158999955990553
0.10508734004356701
0.14151218423399806
0.17466372501690738
0.20099170716374298
0.17844001629128353
0.1090099733108435
0.1605570673061553
0.10963240364604704
0.18527302640338483
0.1546675698796229
0.2739349692334202
0.12236011371049232
0.1269740712563295
0.22212619832577046
0.1323296918226926
0.13910383461178816
0.20494042296901627
0.16177676444721678
0.1569433702892168
0.14759149537940977
0.16779166355330358
0.1142553779064559
0.15276978741287503
0.27470337155349756
0.1396936538473637
0.11660400684742558
0.21193273049828712
0.18119609032424855
0.12653467928637593
0.13234923371582885
0.21313304963906496
0.24274228214726895
0.15292488512797042
0.20735447862571876
0.17341331752384326
0.19200495346315746
0.21861385534373645
0.16300591404806508
0.24643872155511115
0.1695212925336923
0.1764813359621863
0.1522022645735335
0.17624336972664884
0.21251788752138917
0.17158147050657133
0.21406001279113102
0.20895434748408548
0.15703210425678277
0.16137085979147722
0.08745929423677154
0.19297100699239433
0.19818725933773737
0.20273080563603668
0.1345164037437776
0.1405197825320018
0.15894901548711446
0.21037849244737727
0.17921218218947738
0.20682093024582765
0.16308470335064754
0.14997951590019587
0.17536624735088063
0.21624100185943118
0.17473889438883836
0.1715177300822823
0.1585974313414747
0.15202732656987472
0.15183251857223587
0.10656811821449798
0.20686049320689223
0.16931672162382894
0.1971675186670008
0.09649648150911738
0.19841153975212
0.15136662960368355
0.21809012864636393
0.15922434914597558
0.10536599227632155
0.1832312061085503
0.14736399251257865
0.14497679984615108
0.1031769911470922
0.1666733355180568
0.16605813133867042
0.14979783178646514
0.160271705713224
0.163912754315094
0.15540433755440683
0.17169557704115077
0.24940934494747768
0.13005164784826434
0.0721719020764276
0.15483607854394663
0.15094390921088413
0.12136864904149208
0.19287955216784658
0.13139674499455437
0.18679185399403644
0.17700380817329336
0.10372705891912225
0.18754658939646396
0.13543376770700835
0.1331452393334058
0.1623982082015882
0.20308062567378807
0.179926253456211
0.23090664178548548
0.1764823198121947
0.12856125991530895
0.1535111886891537
0.2181557700323067
0.22389322191790734
0.20349015781692908
0.1762915348024466
0.1294234295053528
0.22663013680550836
0.15346266216952076
0.14162172860198854
0.189099021345269
0.1451256724519978
0.15817304640183533
0.1610110502622264
0.1661760378498896
0.1101526646977802
0.17110758873568194
0.1316240085128979
0.18664145397833057
0.22174927782947856
0.19871918314927617
0.19525942355508719
0.1836695342586455
0.19961510145382128
0.17479413206949496
0.16696777609542943
0.1697432259614259
0.14977768880427927
0.15558385731368912
0.14995291568847371
0.2063806655589675
0.20612549739394828
0.18939880422092037
0.17158635783877374
0.11328019001501088
0.13774821057561168
0.17823830291783468
0.2508882278572508
0.26411950116845895
0.1696171902858791
0.23024612240686973
0.12639736571445592
0.2231071952173742
0.1495729898068318
0.11683351649292012
0.2344152451705806
0.1434185831231346
0.16482913238083835
0.2290317666343114
0.15343864964957618
0.14862015476328927
0.22464810744612965
0.2489796642795374
0.13237705895162288
0.20569215287943224
0.18331906370212367
0.16185106814546693
0.133679768927912
0.16120881610484603
0.15393846896075564
0.1361985911505789
0.23466464354482944
0.2032781685861701
0.14492639790751166
0.1580960249828765
0.16767765458342107
0.1298184499838241
0.10439976861444916
0.07595084171430513
0.19627614236347854
0.15416728516808184
0.1696211827259331
0.11194620771315997
0.18067856955911255
0.2001127126837243
0.1764081437293844
0.1898266912376934
0.21273937159255096
0.14493294585620414
0.17074623062795666
0.16225148485912178
0.23860076187969023
0.16829616659890123
0.16780506818444643
0.19056667670631489
0.19093441899416294
0.21601703472170336
0.1416101149528968
0.17477348165639575
0.2364241704806675
0.21298617829665994
0.20388095138258192
0.1457731696151305
0.17414768095448116
0.2229619034306158
0.16855131619333605
0.1301617258958828
0.2186196495061862
0.1509913208898836
0.1634552194043383
0.13813610557073008
0.16347126200791756
0.16416080248207615
0.2341486621102304
0.18232860294734782
0.18301554015839797
0.09419575825322353
0.15877425708540727
0.12346623462766973
0.17840164444583642
0.1516367330328151
0.23233145562884597
0.13131328557364105
0.14194411552829422
0.19458171590001178
0.1293109315306569
0.17072557357433535
0.24179238003551523
0.07953430018786552
0.12766248485438728
0.21459967675985342
0.17652461490351504
0.20719419037522044
0.1489971829600672
0.15182881121351183
0.17461563836899152
0.1822080221023381
0.246156132196037
0.12824115934238373
0.14299785260303668
0.1170430934840884
0.16126549305147836
0.16578736661136342
0.1620962230062971
0.18104995347365252
0.18219387632219725
0.19776210223553914
0.19198643394712853
0.11944753423714959
0.23121093519390457
0.17680907306237767
0.18162235363620166
0.23129454929310397
0.1924870248077385
0.2328149354801879
0.10241340859325028
0.159337649314773
0.14618362744100602
0.22764112455360688
0.22376473914244402
0.12964197454060172
0.20383337941595725
0.14853548606151834
0.11373524327134889
0.22732355842041285
0.08793620246210783
0.1270754722412989
0.12636928548007823
0.18109555964645402
0.23827361600325264
0.16665875611994166
0.21089950368693933
0.12973997905167095
0.11560096302389838
0.18469729862372236
0.18463773369494446
0.2474162396038549
0.15064712536945696
0.15495064559431007
0.24095712765844368
0.1645939926242152
0.20864882897015008
0.1668677782988436
0.17722413238255574
0.1685523143122749
0.1730196356976528
0.15783510387636673
0.18119225034882927
0.21586428664326518
0.13479335060157183
0.1886603167528584
0.15708615749771576
0.19043652347025908
0.18893040074391515
0.169393189695188
0.19030477106146268
0.22390799008511275
0.20799108521088824
0.17302212391414903
0.20389673127920332
0.15006306018586296
0.18724019542896453
0.22989478610110237
0.12800228121715038
0.13261488285789477
0.2543303027675135
0.16499724735908655
0.18863273883854115
0.24970338343839837
0.26902065989275215
0.10822570994166736
0.1802448720572338
0.13450548599722806
0.13033879176670066
0.20904248536402512
0.09524285249205171
0.15923057375586797
0.17692192854656805
0.22332795096039262
0.20121684470489618
0.1489465251317109
0.1488716164929238
0.17022393050431991
0.2028649195452114
0.20504317245274067
0.25761118815750117
0.11443249303026728
0.1442679226745901
0.20948963020302036
0.18849124407310205
0.16361964675306487
0.2182508239878048
0.22394241377306906
0.07814166225994872
0.1579129081677252
0.1659231530945336
0.17582235625690906
0.09997396656664234
0.2014887612853236
0.10071922943347449
0.16227647549763732
0.15276211375662693
0.1487311142016244
0.17117450765242978
0.061988945017462604
0.2410026762245365
0.0900339812475445
0.17973266728875323
0.17019999023565188
0.1834519593735696
0.20591472433832364
0.11621499041302154
0.15034631719229224
0.18529346764568413
0.2437208464191439
0.21427879575319989
0.27169625765562866
0.20456481886337044
0.15133912289712648
0.09305868578418956
0.19548522767404042
0.15039936551825234
0.17545514164305878
0.22905816042100083
0.230282041243441
0.12465100234633747
0.15095633784237858
0.14794805242012135
0.17862218749919148
0.20998354058983598
0.18252504363128924
0.19027073562937374
0.21387589331973367
0.14339663987310436
0.1517054716855165
0.17384405706293288
0.16587913109063593
0.1838964371576939
0.1770639963796815
0.1949768162839174
0.14518831718974554
0.1979788528464518
0.169986299369583
0.13977851680179856
0.08255701001565677
0.1293522762322957
0.2230410008715603
0.06970287956675002
0.13173956047551225
0.15877402672250585
0.1342907509395541
0.19598433914060026
0.16632363676178047
0.05601946168937062
0.1931938979530172
0.1914477059353381
0.1887311323403589
0.1941006061837725
0.12664790556050554
0.27424648979020083
0.25223361049045634
0.19097030938789566
0.16784028172041984
0.1630720891620997
0.23010478995355993
0.20146148471385067
0.19560276250076666
0.14162545962495948
0.156650770328892
0.22939177091331175
0.1342121749188138
0.2305087173265662
0.2298117141343184
0.15935338268130633
0.20035790740091752
0.1606793194893336
0.1787972131466909
0.17683205385488085
0.14361861796848036
0.1882164904861624
0.18849153936775356
0.267532400999625
0.10182249630561634
0.20109917277662384
0.21407872433130548
0.1528509656380037
0.20454158872897402
0.21511401046100748
0.12302637816830979
0.09376353472918109
0.12615576043469068
0.18829746709845938
0.2015009363780773
0.21670872160746046
0.2144749479208329
0.13410822789929586
0.1497389348218622
0.23455972286253263
0.2261184714176686
0.21628194049772084
0.1625412900581985
0.17464939401837895
0.13448836329534009
0.20739291259639325
0.12740789068926064
0.23565389461591774
0.18348972854685214
0.19639369073867818
0.1548815553746584
0.19754792240822364
0.1777298784745429
0.10941211346557392
0.15658695096645545
0.09823466844252603
0.08516135739829307
0.12697818304114702
0.200473970897458
0.063653017135461
0.16362622907488752
0.17301116072886258
0.15469947735667458
0.15518733269451437
0.19219987024363405
0.142854549829543
0.216770193579358
0.20592858299605515
0.1573965803451861
0.1454589039291965
0.2349915944680363
0.23439468014577416
0.1822779946672299
0.2267567409252505
0.1247146298615219
0.11439455878366185
0.19678906823240142
0.11171325714131057
0.22368080854545358
0.13093117424016776
0.2062374199868311
0.12330549519170428
0.11623758794651046
0.131728447971928
0.10708463876012339
0.14852625850979695
0.2184851002077023
0.1516183381639933
0.1456210943889552
0.1900218662616277
0.16254568579425155
0.15688528681232605
0.1748703358015129
0.2013741526453012
0.13773727760835108
0.13567753145760492
0.2280697225198971
0.1930833154327855
0.16319490605675468
0.1688412863218431
0.13030129104796462
0.1618887436585704
0.1523288819325303
0.1660045055599849
0.16580824256463422
0.22612471576199755
0.15676216067949808
0.15045137665920827
0.12429083745603856
0.1168477935361887
0.1180437096129088
0.17786053468578233
0.1493449846682822
0.18686652155854935
0.18558628751004358
0.2243375104207645
0.1972983304514269
0.18443957501083152
0.18996267867242933
0.15122161867225203
0.18179058702268838
0.23966709018950794
0.09123823686719879
0.22138160199780146
0.17029782073925448
0.15469624990907702
0.1518231316400947
0.13819971399363523
0.19843300119987123
0.18129600365615975
0.14788965791917294
0.14624400680064878
0.20848150790917805
0.20028995945636824
0.1703409517148159
0.23842908026279136
0.1162624392069029
0.17625190532155136
0.1527084456053955
0.16157334510201746
0.20873386987127293
0.15897712238860215
0.14504340797229986
0.15485730165107647
0.18118324009351777
0.20062496433893315
0.15767148488271168
0.10812862309229915
0.22140181258225272
0.19195104432766671
0.14731376302485905
0.1380647273740979
0.17027995681703115
0.14703453917595558
0.21016675425077663
0.09121946542654771
0.196992737533963
0.15961115192112987
0.17338431835823476
0.1487009639931647
0.1914357479908427
0.09256340058100197
0.17088705149934827
0.1868340935449313
0.12562920382756973
0.20283584269796984
0.15674143412050984
0.21218669466285348
0.11863891557021797
0.17516685767468007
0.09484839581189529
0.11200921632864207
0.14387834096316113
0.19328983526688812
0.17946496165731418
0.2541603408659981
0.1512771828758949
0.18752815886423074
0.09044030598661222
0.1765359671063544
0.20930772650426105
0.10566999356749802
0.20463763964641932
0.16008971594729268
0.12662604825792492
0.19555759236405454
0.10101697405412836
0.1765631258568715
0.16437737162647054
0.10270682533961241
0.12898432653713043
0.20003034524587318
0.17611888740554416
0.15325285297383018
0.13481833288130107
0.18467896526589192
0.10323213951425332
0.20851433669876987
0.19670640946740903
0.15675417925218113
0.1704256526364024
0.1656996732901827
0.1699284829553801
0.18697266485611402
0.159519604591039
0.13256713979587556
0.22317350904114674
0.14396012370385328
0.20100345728596125
0.13078315404945903
0.11696744153862268
0.15354526726355702
0.19077351016109365
0.2288838911844218
0.2895236025014952
0.20133431846639815
0.1794640707184242
0.13955865481438204
0.13322327849140903
0.10051774556730746
0.1363547311854746
0.18986014710104718
0.12557841766770933
0.14344425475329292
0.20939345299039058
0.1768450451997592
0.16924511876511433
0.18403921522736424
0.1166396279352942
0.14439798252042724
0.20350015631404242
0.23199090354693894
0.08775760479469327
0.20603752065337042
0.1827925826359964
0.137765158844959
0.11791665306326185
0.17120539239571103
0.1637903988323424
0.1771871084404004
0.16570066596386987
0.19935337033146786
0.15776630006145162
0.19907129510725455
0.16710378743727658
0.19320296787519128
0.2468852844038782
0.23138650526327414
0.1707534055648088
0.1652367065779575
0.16685399280786326
0.25268821519332113
0.036126895529051795
0.09908624249813268
0.18652887558222175
0.1626940612154454
0.18602259257050896
0.18773891145594065
0.13045244693737834
0.20636023513611693
0.21037240788673012
0.1143097718507873
0.2477570752130045
0.16782354126938098
0.20909344748440933
0.17278710288819152
0.2555772040689326
0.21620613115265547
0.18753630256710252
0.12643256346288906
0.15651276157017463
0.23520839852585906
0.15898399414458397
0.07252196814335547
0.07930622820733238
0.14061534984906668
0.19098924203502948
0.1512112209633292
0.11271557089409501
0.06726520435616587
0.15928295386438113
0.1546844651372517
0.1273491546149362
0.19111358676578297
0.14156044589078762
0.19001885744485342
0.223717400931644
0.12010900042686737
0.15890328523976216
0.20206324450990937
0.22582531929724198
0.1662459204370407
0.20681537003773803
0.18869031479582166
0.104878591700032
0.1443466757622835
0.08858217204068544
0.1310979270014968
0.24026978111929254
0.12348006639541131
0.17756841708734783
0.15459861476070497
0.15348227043810997
0.19009721654371037
0.18392826553957986
0.20116194465689813
0.12989776908481232
0.14662659479035836
0.15443719279386312
0.16714098818404616
0.10881910765963257
0.14253623920614455
0.13804397443773897
0.13528191585057886
0.13620259261656237
0.10306985792446552
0.2194234200122486
0.21383250201464854
0.18330684872704597
0.135229420637473
0.22610523517029732
0.19985564469396888
0.16678223501292855
0.07981413506116546
0.19889629240235235
0.2626193071846465
0.1884970361959524
0.11911393654919794
0.2382816970623572
0.19021562429417332
0.1188316573603991
0.16127333814958744
0.2404191434512152
0.2071278649839981
0.174340181646711
0.10405977659543914
0.12891543990534882
0.1076622190016134
0.17385891472712867
0.2352347519050394
0.15151600787241995
0.11299960844104764
0.13841719608823716
0.1333356282932312
0.19009797361557124
0.18248457668540352
0.13978689181051807
0.187332628809824
0.1527485500452597
0.1732874608741581
0.14141067266141838
0.10777561075279248
0.09842149092966349
0.12438056699518474
0.1105939941623516
0.21773587789664892
0.2065274349945404
0.2398067223220443
0.12319738126929292
0.16452684726768926
0.1385844798523194
0.16078764897195874
0.15418504940322808
0.12385713164670649
0.1853607762596408
0.14231223882357324
0.23863354226119365
0.12755864498522704
0.20101766869416426
0.2581226741143376
0.10476198187068131
0.2007552803841013
0.17216677876377914
0.2561766955798017
0.18978565176985351
0.1671969316207636
0.14490726735247564
0.19134926586682727
0.20553407362065557
0.12553332495479563
0.1631407488828441
0.21906834319316523
0.15164219543385452
0.11767566236607263
0.19107670418056028
0.22253322940271858
0.08452172917680248
0.19920933149007927
0.20207153913845327
0.14390354966505273
0.17543579833489906
0.1085369895277982
0.13392218122793542
0.16719370251245955
0.15886501425284372
0.16792613240874948
0.22866822664672792
0.08928624778949719
0.15944577939226154
0.17761215750576936
0.19958010756858058
0.18433771830251106
0.11131089184758992
0.16820473003476444
0.13047960227000133
0.19862268444984466
0.15925211869507075
0.21896521110594655
0.10792380538118235
0.13442488734430547
0.2589255180763937
0.14980671943410317
0.0810176164548047
0.1471605773260186
0.20048829581701377
0.13713039798292445
0.14384974324388713
0.1751155139820534
0.14738772968964708
0.1626939881209609
0.07116312937036867
0.18954366852881097
0.14202467631037072
0.20430040861593193
0.21172804349310015
0.20851171544143945
0.20248661143917948
0.2388571856089179
0.14654412948590556
0.14256667190989603
0.1524429048719045
0.11778918794788662
0.20517695076645345
0.11009350454511921
0.11250918266302182
0.18796420868733238
0.19131192627634092
0.1716015139245607
0.2211068094885492
0.14262659693805294
0.1650489242381432
0.16888214596408893
0.19812754273072292
0.1333416090767782
0.1798286007718485
0.15790474412288133
0.13870914502362924
0.1470802622358856
0.17719542221901058
0.1507889680118955
0.19145289796455456
0.19291843275107526
0.2240194822876827
0.18473341614084238
0.1374015604960963
0.23134798937575995
0.12221748324393705
0.1793803185859315
0.17280258298309298
0.18837353705276252
0.17622491050060463
0.11564651158279277
0.15596740129914252
0.13679199823636168
0.1114815905053258
0.23530223188454572
0.11644464829046314
0.1172130840214769
0.23337802857102094
0.16143847260074246
0.16085646869935055
0.22645186179717425
0.219966796864775
0.18771111501898666
0.19441673355691913
0.1799052607837491
0.1616600239737699
0.18097435544348786
0.19869427740289716
0.17923181257717893
0.1351069809545048
0.1885999388855375
0.18939748647209673
0.10564824670859625
0.22812748035185
0.14965990458319905
0.15881576788207935
0.18955607756184994
0.23054538321132473
0.19034502213205134
0.1739847360197261
0.1201768631727316
0.16665240443731902
0.15616432193782254
0.17513267774201763
0.09864769968548652
0.18925379071038628
0.21852463521131132
0.24076771186417534
0.13895298943593357
0.14933203251623448
0.23725809524379532
0.0923564223849085
0.18483511613366746
0.22597490617464314
0.24992899106191335
0.1293382111250804
0.23357913754701023
0.22148302361133426
0.14005313903137948
0.2060334306799693
0.13596609924057532
0.19360987023756132
0.19930045190708046
0.22654659592084705
0.2562482526801333
0.16170900760055024
0.20306817449679923
0.07823645093650407
0.18795635635354133
0.11881015722054741
0.16830003887448902
0.20894226531388838
0.1734992736137725
0.16765233984244013
0.20791961385588406
0.2182389072201182
0.18116363944459468
0.21624087328036867
0.15929299098546962
0.11379090489796947
0.08875891184308217
0.13430435836770113
0.15508090027830662
0.1284273623196656
0.1822589218712619
0.07725331629428228
0.1116539320208578
0.13448707487707937
0.16495302266296086
0.12785399442934017
0.14600123446086782
0.1446346353354152
0.20692402351425582
0.2155826930768771
0.09759786988038037
0.12683346348497523
0.15780847960714856
0.19122924101051392
0.18399678396380176
0.10314997300563909
0.20449370907722164
0.20362156144859297
0.13828315245062212
0.1717209655895241
0.207375941674081
0.1711090683261742
0.15776398386947965
0.16517717892253103
0.17592087534145281
0.14728522562628765
0.18182913272326345
0.21460554851325714
0.1916912428134704
0.18376170442195391
0.07260829976389312
0.11021196323620042
0.22481845527777083
0.15537975960175993
0.13374093072753934
0.15382419240966916
0.16578277142735956
0.24126667695632797
0.17523114676186277
0.15544072868346476
0.11804442391162281
0.15665901605380547
0.18781946521120613
0.14772653920175438
0.21026776600220107
0.174534960281649
0.17431463098061975
0.1692153079256781
0.12942399347936265
0.14852670959258762
0.2404632517697423
0.22685177890977531
0.23781095883861691
0.2104428417179182
0.17513159782795812
0.18898315514291472
0.2263570166039896
0.1796952396883108
0.15153454830586527
0.19589097857567928
0.13843427960444343
0.14513891444664434
0.07033889574919144
0.09032814704387673
0.15434207225413757
0.16819704240680636
0.19506431893017318
0.21671202498565129
0.15049933866337298
0.1619661218405736
0.18326570260286776
0.1771216784202011
0.09462438349688305
0.16484476349666594
0.18414745152361425
0.11750743152313561
0.20677105240421464
0.1305282449535611
0.1846286716814985
0.12269388226955505
0.16130332286174365
0.10795244474187156
0.14667027047834014
0.11240227971140962
0.20369999492570978
0.179474989274434
0.11080718902114142
0.19589023935705147
0.08605841065044945
0.18505366641119558
0.14940794404954508
0.15624919161379044
0.27983078418949425
0.22865974127132463
0.2333192013483186
0.2031548187269253
0.1486206057461391
0.14179633105802303
0.22435316973437786
0.09054666759306643
0.13694441141481684
0.1269057755963844
0.16336218784168244
0.2360737310075231
0.23833914934862807
0.21404276895629878
0.1534390241954507
0.15458939605537655
0.15257013913793568
0.19990064693702483
0.2623721477755037
0.19599994525394424
0.1294036270236432
0.16239650895196142
0.1765201015757331
0.08320301237483389
0.1865446669250974
0.18827984278933108
0.18592177222952766
0.1754517843014248
0.16735680700157032
0.14408981812562843
0.09205167435923584
0.1304276432992433
0.14134537866694052
0.17085094025074157
0.21786379205044176
0.16235014087069508
0.15149241520161472
0.178125334680871
0.16352885643231835
0.18092563443867393
0.17052553289140412
0.21210434531163702
0.1886480787204165
0.16411390108927554
0.13135295585930098
0.2619495448174597
0.16611443838358314
0.13139666231294558
0.1243606946766761
0.18912142650245486
0.15108348756442005
0.2425563574409523
0.14016428517181598
0.13138551162451262
0.16336245946716965
0.18702419709695428
0.1622500721593674
0.16340357984443693
0.08572526748732409
0.20313862298651664
0.2061985188987369
0.17345391157294054
0.14301018465003998
0.1784883967239332
0.26600642631213794
0.09337931154539121
0.1409403723253733
0.11929909116304077
0.23284553189188423
0.20768428043618878
0.14383491202451454
0.12236548404759554
0.16852011539275802
0.15907650773063767
0.22414644769791517
0.12371368252598722
0.20580086740818
0.15811757929683054
0.1453528631047382
0.20268353674232392
0.108907078983462
0.20397107902374836
0.1507743159920662
0.15210653942422833
0.16556529577585555
0.16833015110055885
0.2312643628016344
0.14854371334033456
0.2051268712010881
0.15694080677005662
0.14889668738322204
0.1926225101766674
0.2182474502549534
0.1525897003139596
0.23324020676920632
0.14770900315571042
0.18634863813109398
0.1505590129946084
0.18323210862751532
0.16646535554393194
0.16502532475463372
0.2791833892447406
0.1381814394593867
0.15048069409561238
0.16988432661511324
0.17399518046493256
0.08527133976283895
0.16339690250991204
0.18865049510628823
0.16348273803840122
0.1183411772624796
0.18542536050744923
0.15466188978081075
0.2715675012563741
0.10818622078003459
0.16583891628884634
0.21501604972371052
0.18382278127060458
0.1465734386763647
0.2113854719183812
0.18320432277991144
0.2541062633815526
0.17925408540015078
0.1274805336386114
0.20279314001315807
0.1464772597519362
0.1736505686508883
0.1821660353307572
0.16624751105351185
0.2222117081041669
0.18407452919762315
0.1976525712865874
0.17043854166916436
0.08643147944191998
0.13302324429932502
0.11972030638891604
0.14313090418166927
0.15598805863724763
0.1842082345277319
0.1190294651719968
0.23330378943669106
0.1863409986810375
0.18185540677567213
0.14782606883159763
0.15746800182891282
0.26882030280927516
0.18933005891235027
0.1636178359140597
0.1753645080131163
0.17026732562289656
0.16668775520382312
0.1666980725719817
0.24238300122022288
0.18644840629590773
0.1908901384449878
0.1586374217945811
0.18666745235797597
0.12913743269094058
0.2037899001572221
0.099504274747143
0.16408702366724567
0.18791672623127414
0.23212681448167743
0.19483880322107178
0.2010293102202711
0.2257186209256276
0.16366732982957413
0.17804684165803233
0.2667278274797074
0.22187152455773113
0.18271031201545707
0.16370048205809187
0.1575147672319589
0.15740418461566746
0.15284029599639404
0.1744486161741327
0.18602623722163245
0.20189490702937177
0.16997860944477525
0.21073174568741607
0.1984152986461238
0.1711146418101398
0.19099572919091895
0.2126597322068454
0.17956404556947692
0.1124076801974856
0.1909804001776364
0.2042798282460457
0.15632852155771718
0.13877495393745076
0.16211053074930218
0.1759265566861638
0.18894164780226103
0.12077834006807711
0.11063558347132194
0.17455440157813074
0.1421445736927039
0.14635002405293135
0.24491406339784294
0.1646312162706719
0.16632400909979145
0.16816726248692673
0.1369791211444754
0.15977879519379343
0.15093293154174675
0.12996675606817062
0.1911241019687169
0.10826971320962539
0.2154240073283903
0.19300789523983422
0.1626135966734714
0.15053342037372267
0.16889807981965843
0.20311445403425635
0.1988290201702841
0.18256323047833206
0.21081701396033833
0.22019815040481638
0.1305197856801187
0.14180605738567806
0.2410829783575566
0.1929131349234984
0.16106445959470073
0.14149881355628674
0.18615507687078559
0.20209855223944287
0.2072170702552376
0.16604735803176357
0.14877757517437024
0.20476250364361437
0.15551200651198455
0.06271231647619743
0.12515001659052488
0.19964657366473562
0.10335098168962946
0.15307258994543654
0.20086496899533043
0.10514505575257323
0.20586878635636788
0.19668394979390613
0.26801663383168745
0.20415228340265584
0.18965989201064612
0.17649510566996368
0.17718521993496328
0.17585141572613627
0.19569024341916907
0.1533301303694452
0.23463903371887104
0.13825196359638373
0.17716472179134507
0.1783798507342758
0.16682465334208832
0.2240569164621492
0.1914047310557575
0.17849660326894087
0.17812291532901775
0.16731958662748014
0.18648395765843678
0.09400955544127303
0.19406371807510486
0.1627457948097441
0.18670849418292854
0.13293357359400865
0.05242257591628552
0.19953399167668917
0.13753728621533676
0.16019153036914263
0.11909209055282159
0.15396076109444568
0.1508085169838887
0.19377839890037876
0.10038914113632962
0.20566047081838634
0.14231423361448448
0.18128487684662542
0.18078518909126148
0.14709780221904326
0.21961227807894565
0.18073523925309223
0.14180519549618925
0.1739301881313609
0.18230553017439954
0.1329919448579924
0.15753232655084393
0.20703858303780837
0.17369918558653716
0.23391202828991992
0.1993397546906893
0.1021705576137771
0.17290153261495775
0.08673269876001773
0.1563993719870862
0.21028769649428553
0.18910817043280317
0.16229489087135535
0.14854903197244532
0.14741300448925523
0.18861045916515515
0.14215313311979724
0.1684235860726426
0.16652469753314064
0.20521465228879485
0.10100367397049076
0.13643931330990494
0.1815816469851438
0.14004199043764404
0.19132939574228658
0.18841226719569135
0.08232158496019723
0.13331695319269724
0.15768855821966554
0.17551664353316979
0.061089652279494505
0.11923801017946636
0.22926530113074878
0.2562278380937188
0.20828531557935018
0.16708141339704308
0.1658286160173104
0.23432362073307472
0.16548705437557162
0.12179372399034913
0.24975473850427773
0.15812062070271563
0.1538631730068085
0.13799732580868262
0.19478937305191546
0.12289499903306013
0.12266799023466773
0.14294491548251564
0.16383471195608487
0.18208689445385234
0.18013211335806822
0.15974620195537792
0.19061147294403982
0.1884478697551536
0.14175653675862393
0.17817487734648566
0.18508919492086603
0.12810535468545053
0.1780037660641904
0.22662576957933817
0.22764362117037307
0.21000448205786046
0.2160726354289866
0.17934035976792534
0.16813520989845432
0.17376689333196219
0.177291538147817
0.1157168948216167
0.13548483481486998
0.12232739727148127
0.20487265508028288
0.10922215464509391
0.1847420307184111
0.18206749561203725
0.23712852555481184
0.11920548880614129
0.15343824532564074
0.18326752484926664
0.23289721248770992
0.19543593448486135
0.1735747244274174
0.15529360148220592
0.07275616902974467
0.1680099723110132
0.17879958144213867
0.1690151949663458
0.21560818813347496
0.15897408488640963
0.23026820771858786
0.1729895300799716
0.18924466058020484
0.17547458959872791
0.19239997657319197
0.16900238743019128
0.12751152210667643
0.17207377449500447
0.1360409493147267
0.18519767951284583
0.23021741167308904
0.15292079550842996
0.14598006817955214
0.13940572243788393
0.10584785494055157
0.13567878032849046
0.18805060195262718
0.2007057234422136
0.17331254083009234
0.15484667408589137
0.2324242953186214
0.1468054527167004
0.19448274951056735
0.20608911308604305
0.19752200563342645
0.2900308302034853
0.17349913575827638
0.1332838703321545
0.11377066959883794
0.16943486160263252
0.12437310140130207
0.15305894119557042
0.21693083043010813
0.16017660087120755
0.1312753151734134
0.21886687157435936
0.1315114868076017
0.08642605208548562
0.13404439805182855
0.18147717238394068
0.07392145224199395
0.20591027340245657
0.17154823620728538
0.19739490384134897
0.16642925531794536
0.1706757246963805
0.17892320716604232
0.14431377685126806
0.19035245424962294
0.1230846324184392
0.10742710415743717
0.08374829098913775
0.20856141638804912
0.14175540208207704
0.20705942776383507
0.20136266443947767
0.1253741825479035
0.1387042597290667
0.12613149794292022
0.21880710505890985
0.15200241143217982
0.19603403678815132
0.20021117267634053
0.15575964532659625
0.1199420908768902
0.19566064047655274
0.21960315982081258
0.23002804870013271
0.2162078861493297
0.177139437837599
0.1258209129646226
0.1385751771799551
0.22503911207339913
0.15900136986773933
0.09485252152780871
0.12587136537754554
0.1155060159650331
0.16702785855142063
0.14051948213851664
0.12995464957179753
0.12758658000307593
0.1752650153566577
0.17718961573835373
0.2462972293914221
0.22730388808140561
0.14648037909704992
0.1403673488239961
0.21775454792919113
0.19769155222196486
0.23329818183025391
0.163481271766768
0.16003578767690388
0.15038279731976606
0.20646882124393712
0.2554745438910005
0.1737829959009556
0.15710845095933348
0.1756712896138565
0.09857486400382344
0.15874685885536288
0.1317625191474057
0.1612135305140301
0.10504121577255901
0.0956470703638251
0.17334629712356675
0.11851583800810689
0.1478355311016921
0.22542144044570772
0.15040355256270432
0.1275260463025008
0.19672937904012244
0.1588075299092738
0.08878726745838081
0.14664712347846653
0.23232653082974147
0.22750025459440454
0.1534239847155439
0.10142634149382848
0.211917127756544
0.20523345054764816
0.140784217809364
0.16834567270500153
0.21582122121230968
0.20906597092407095
0.19083719639429314
0.16621638393833674
0.19666962501140864
0.14415078034449824
0.16177676367509994
0.15122514135781456
0.19589134201821817
0.17598134122865391
0.08931707794495541
0.18018473360389148
0.18361714033229032
0.19599426631369618
0.16458500947659793
0.23200741488434157
0.20994776275382687
0.17554895583389535
0.2415247122470885
0.1955786756381496
0.20089159193821815
0.12920810083285486
0.204523828558957
0.1411026604730927
0.22008746048128547
0.13323568514544745
0.1386998793169721
0.17578081883454028
0.10709000620739315
0.22421702476334585
0.17253978819782326
0.2093967811370045
0.1912000001507267
0.15631574992409283
0.1026048614003195
0.16956534542442067
0.20463276355375304
0.16222364569702385
0.2096216965255266
0.21019616750711254
0.18224260029742495
0.1686322503440633
0.15861927057650863
0.24451713213564077
0.13239856697786695
0.10184698552080436
0.24195673230129325
0.158654865260462
0.13368825900198783
0.12427546921309557
0.16562117153221179
0.15650436907536128
0.1760196515914615
0.23085780383960106
0.14412770795762514
0.14157297861586585
0.1506031352714253
0.10353698721020091
0.19424231255999042
0.16209139762278496
0.17849132105736432
0.24058695307250016
0.20937013411828537
0.12593111091828524
0.21814184956044227
0.20793866860843302
0.19441802541409917
0.10297838236676209
0.1729792025296921
0.2487418037283695
0.11294645192327443
0.1463141188532158
0.05704335770292342
0.12149931805046293
0.17447599787505186
0.19602530195539475
0.15797774819305774
0.21813322670085214
0.17476254053312165
0.23047158585817845
0.11657182932497905
0.16666893995366144
0.1334163134585425
0.15306271476821995
0.1723502329267341
0.1912395630600665
0.20439789563570765
0.16248414512738882
0.2080435455896262
0.14259183062227532
0.18558635454822314
0.14439690930676097
0.17878193036134818
0.14571556778440112
0.12100371852441583
0.15410678605334416
0.11452518261397791
0.20006601469316804
0.14491521545540284
0.2389923528092705
0.11593513786206476
0.1679843563609435
0.10004420236640449
0.19375531698662557
0.13005135581112243
0.20267134716690371
0.16027218062976098
0.24510628643911375
0.2167852579732179
0.19149101115126657
0.12172978106571868
0.09859270102475307
0.2003225216143475
0.1539088935206989
0.16201368426249907
0.14615616604708606
0.10629614333782035
0.14696981386721553
0.18944615522660116
0.20355326143586086
0.22369394733741182
0.16402335613504654
0.13900899568956948
0.11814409933694808
0.14332551425282672
0.15679321513725522
0.19904225227833863
0.19260465266621987
0.16117811286404443
0.2540406193602837
0.16422775829752836
0.22190785923977252
0.16281730860921106
0.1296967215190567
0.2013200325350955
0.18110122075120086
0.14884454473388833
0.1315769408656295
0.08975041337141774
0.17388657644789182
0.20761586267396648
0.15733741234482443
0.18168776750452337
0.13634639360349562
0.1309588856625457
0.18168027257374805
0.11300915294989317
0.20728006598218202
0.18003837761689712
0.09289418547212945
0.17331915519853672
0.22112519475527892
0.17554434550746806
0.19524021096455194
0.21463368657733517
0.127822955356233
0.16206508454785096
0.20553784418888832
0.14247600364190938
0.1585396182127638
0.15444955641416597
0.20926915361576262
0.19483874162735088
0.12898997513657406
0.16218643473871935
0.1264559266940611
0.20887204861446362
0.1814461030023825
0.180056994686288
0.1929297677892699
0.1815133446217576
0.15571080373641236
0.1414123159213536
0.1417812501690694
0.21146760508835824
0.19351712632068702
0.20387523201165486
0.12301941545733566
0.1629243498363515
0.1618254157079746
0.18528008839201143
0.1966927903385209
0.24992563664272577
0.13109388331540506
0.22188254627174633
0.2072033499435184
0.2231036583924433
0.11535666924687382
0.21539274247713897
0.14213045172317304
0.14347903742248858
0.1304220775216773
0.18871223795575867
0.1409219479649893
0.16003873590859044
0.1651948748342958
0.1576317610987735
0.10748835700633703
0.141391218608833
0.18839943486334731
0.12848889499102778
0.1331783667929765
0.14784317840426245
0.14236807024662804
0.1168080540304306
0.19612501472629876
0.17493689385783828
0.2001675572073522
0.17309392708597554
0.20376191319683762
0.15581631706310578
0.15884096249704174
0.21461176433902168
0.18548039648422932
0.18545488182125025
0.1269888860718917
0.119598091443029
0.12375029039838063
0.17480358052961947
0.18627139111691135
0.15807486990926256
0.19834189984432649
0.13353865833461276
0.18610852723830698
0.17700368692487614
0.23908148519915498
0.188295407362882
0.209402158696948
0.1407609116628352
0.1738398882593059
0.14872947776489356
0.17748663385440203
0.2058512183836959
0.19084716397234106
0.11446829631024522
0.16696056938834475
0.21683861134684576
0.08632263896903561
0.1702582305928021
0.15021348437246118
0.284385182243471
0.19544353980925439
0.16252924214801476
0.21346324373685738
0.1805538293172681
0.14755010069284866
0.18448921015989964
0.16500155263893238
0.2285824022025636
0.151217163088281
0.22668803029240314
0.156112206872279
0.18548112453063778
0.20676482674888813
0.12084517251411163
0.18866356143850704
0.11933943012273684
0.20549920246404102
0.14961823470946733
0.1875683682453543
0.16940508235983273
0.20378279675511382
0.13885491172416953
0.19275066470209912
0.14470421385314303
0.15427775693201504
0.13506956602383305
0.20611140203161443
0.13190886068428062
0.18297850950093925
0.17753560869677948
0.18619843953405565
0.1584402375893884
0.15953971974053338
0.09804249284261193
0.19505540495669962
0.14999856383083413
0.2164241931875286
0.09693334931278924
0.1578144454302893
0.20904644952270318
0.13962152234403982
0.20245903426661332
0.1257556592674721
0.13931871135862695
0.1978070069428342
0.1454471060118954
0.23695938175460293
0.14108294884001943
0.21409461709710295
0.19960044229186177
0.1507537467509151
0.26865209624307
0.11982981137834633
0.17633832709904526
0.14574189880229055
0.1709583517077539
0.15067938303341033
0.1974047875327006
0.09501535542208157
0.14202546884547032
0.20912839881052275
0.178015187700465
0.13710437700296793
0.21550459910912378
0.12107307944653609
0.16583598546223896
0.12825380876741083
0.0949079368723689
0.14937596561727665
0.20047242136357135
0.1568374589509376
0.09894906845141554
0.2684103669482103
0.20304273706287956
0.04935093192155873
0.2050501827750752
0.2120472795919594
0.10918550429066809
0.1831258384755691
0.17263493256461984
0.10997433131904508
0.13549630690554942
0.23085703582183653
0.1653161318948187
0.1924498711312474
0.18904944742261062
0.1791081376731206
0.2592568559668783
0.17789700959192958
0.1707198479146002
0.1623493000243938
0.21151353736149478
0.15576532382625805
0.22071133045099203
0.1824738352293981
0.14073302565211598
0.17999117892491315
0.22400816926040656
0.13228645112607113
0.20432066888917982
0.20789201447279512
0.22738165410016453
0.16888126523464808
0.20501221262584704
0.183059249982908
0.1593383558470396
0.15621331025965535
0.15130636631509392
0.13479914674306706
0.2247408126434478
0.15191382484389854
0.12530152523002086
0.14032687393127852
0.23014912974165408
0.16720046634812358
0.17291219157289153
0.13844513885812057
0.11873613749241124
0.1465983173875736
0.19838994009872654
0.21628259546842013
0.22382267689791502
0.18365125669045673
0.1429893902469515
0.2363271243026676
0.13367323120570274
0.171376004619426
0.18658036111025916
0.18811598938191978
0.18388479742840574
0.14987460111843162
0.14731834232605512
0.22495449272540752
0.14765933607129914
0.24772153546265535
0.1851271080888524
0.1466318108416381
0.2051292844250803
0.21810469920322567
0.23551522450503856
0.15483414882385652
0.15985970428470578
0.20246164892341065
0.20856659393126897
0.12495264004697895
0.17129758216386953
0.1346673546492825
0.2037269446092423
0.09158782515675835
0.17077822766529274
0.17998062833797152
0.17726522613339954
0.18983036632800376
0.13407822903926947
0.1833748736817777
0.18690197387452565
0.15502545244934818
0.21453742065162681
0.21407007344009404
0.16232002410283608
0.17710026034723822
0.19611756114493117
0.23764161743166062
0.19843747867375436
0.14716002767286748
0.18516622817125697
0.16348781859801373
0.1016419030065516
0.157021092931426
0.17315303096946189
0.2292233938736412
0.2144247871773844
0.14328816617288806
0.11744706555401324
0.08788969117359094
0.11647414705806625
0.18161760912351554
0.17515783407492916
0.1000155100759028
0.1484092867020708
0.172621189798517
0.11182234555701998
0.19886718489451782
0.16196516596121777
0.08667271350603689
0.23889605540350906
0.2260451122556987
0.1654015060782139
0.2674005846063644
0.2002228296458484
0.11946642326993438
0.07632557057713482
0.15545367057705234
0.13608641798802212
0.10522162393449948
0.13708625310788783
0.09477494423037224
0.22469482280646536
0.14643400825951694
0.20234725483870225
0.1760776485112308
0.1619088748596122
0.19449965878463604
0.2667787822239536
0.18199107182696003
0.1338671624878294
0.18837239929422012
0.11518634946955814
0.13637904564120118
0.19999356870109564
0.1360268582781412
0.16033645558159582
0.10811965752647387
0.23663475988951885
0.17529471984404654
0.20294523350762225
0.18594930738800708
0.18515615624169465
0.1831094603493618
0.17338586677000428
0.1449129347235651
0.14886126328906504
0.1771873380871741
0.2580071476414557
0.1578627460323087
0.17754841246473535
0.1655815446360717
0.1041464994959227
0.21782331805634553
0.19983875561479403
0.1372934589477063
0.08304551244681868
0.2077752914788887
0.238006264971602
0.19642642257255866
0.2015948437174993
0.1358332828708178
0.18150910061910303
0.14845683196730403
0.11514631205687004
0.1308598111292715
0.11426345424761605
0.11143484844139909
0.2167418185919319
0.15465754318257477
0.13568944085434684
0.17361748256224907
0.13123725195196834
0.2263482434691367
0.14089527547362699
0.11985222617988761
0.2148191971551682
0.17510391461865965
0.14728225798901803
0.23349172284694275
0.12957763865662145
0.18144540999601966
0.13102316420924084
0.1697163529151292
0.18020709615144925
0.14942406310373357
0.17279813738529423
0.27054685837910997
0.1993215344049475
0.21864285045202392
0.20249003896722823
0.20524168873992807
0.15060286810379026
0.15920546742154815
0.2068815007909489
0.2127512914537535
0.18172523662113843
0.2124911023737814
0.14346116385280364
0.11539471490571857
0.16070426650685737
0.21485013321708463
0.16557541088547578
0.1425126210559286
0.2009643641976256
0.19417280399454437
0.2038026174721222
0.16906880791482254
0.150806130402048
0.10597919877855634
0.1356270712040477
0.1701047142179435
0.151851357723885
0.08140493388774026
0.16720885996734014
0.17048063915287837
0.21155360018119856
0.22925173064469115
0.14032988543888691
0.20573172680098722
0.18842819961092713
0.24789917741520406
0.1317355582789165
0.21473935310072587
0.1659045806023426
0.23448402555821557
0.1771464442622496
0.14983461613807245
0.22687550723724956
0.18118943460886758
0.14101408459336012
0.14309269648148698
0.14695896013147153
0.19079979390373708
0.13338271893929002
0.24082215514732655
0.17903642801798397
0.2210878849917485
0.15490823062200537
0.15882634965119644
0.19831885047774533
0.11066880275942295
0.2521324597959427
0.1936091640884749
0.1878168191934164
0.1292331104726823
0.19837866290649186
0.1437906417528552
0.12429393757807353
0.07955561522879752
0.043179010934146056
0.198392537643579
0.26412774648862253
0.1339489428038912
0.16179589580593878
0.19746976203851455
0.19377977945580818
0.12308435564477763
0.18318446556025658
0.21621317256478037
0.17352453855351385
0.15832222324908113
0.1920276771143585
0.18640096558242195
0.15075831041912285
0.19660859565900643
0.21129405277933294
0.05219803828414275
0.09663140028362129
0.20257328594964963
0.11565234155646628
0.1693030542001898
0.10850171174895934
0.19649160322969503
0.09656282933514279
0.1512174854254768
0.18224735670441594
0.17273996333497704
0.17964080033064453
0.17893829699086322
0.17294247369518748
0.2891500434545114
0.1812378144938378
0.16459077392839216
0.10939251403613234
0.19611043335551281
0.1912447760105188
0.10918586931793765
0.12405980752848418
0.19995641906248973
0.17307330800223777
0.217875270360823
0.21831527700341818
0.19568501021362114
0.22380618974938746
0.2203373478664215
0.18499935033711443
0.16172919098080954
0.1722665333718922
0.11933075719205254
0.10254447730769371
0.11049235966358531
0.20845783982521443
0.15302735735895687
0.07679000885464529
0.1345608839482686
0.15465625813614714
0.13061698707913783
0.17358334949128762
0.20329767156297146
0.20025609389977933
0.1809359705995029
0.11088833657879557
0.1326917223805431
0.16368429134828258
0.1436097278523264
0.13335360005577754
0.1592369150758028
0.10343910151422833
0.23525583003129247
0.21729010782207148
0.21281642148385374
0.10252186110752307
0.13097933366857997
0.14911874237071238
0.1688865737432102
0.1776406167696748
0.102283707129536
0.16895020583874484
0.158668927312219
0.18185314396895483
0.18051779291034015
0.12451972561695993
0.17380527354931358
0.17290934276536046
0.23326842513834434
0.14158452196261614
0.16580962941474947
0.1057933729753768
0.1727443155692573
0.10646836226980398
0.1368717640887583
0.1748595064817931
0.22920860728437328
0.1598266126335691
0.12427107211876574
0.21091000075567679
0.1855264652877113
0.20453877910602755
0.18945764535355078
0.14626517322319635
0.15014300089055121
0.1605886917838115
0.19366326496270192
0.17029274773794226
0.14870507818054934
0.14728316547342787
0.153336703748619
0.25353630879833255
0.21026971969091424
0.1427788282571199
0.09847843580946218
0.18395526077407748
0.15449513086269223
0.17536483240013803
0.18368693622567067
0.18312562640618996
0.19978166143828863
0.16446573167461387
0.23357430770896903
0.1729148210328591
0.1897723501386811
0.15827030209524662
0.16667184881935942
0.2629770000140661
0.10404606103233013
0.13475892591778466
0.1523907307757222
0.1274928950512642
0.19071530638155693
0.21644565336262342
0.11775816049234109
0.22724163122690683
0.12856213038404457
0.17760143874977385
0.08478688132136303
0.13355639755875207
0.22535325085694802
0.14665635522553294
0.15110242465753296
0.18113929467249498
0.18306464153829882
0.2076840282956421
0.11758370789846107
0.14593481371327796
0.1221017281378308
0.1420445012976741
0.11647708452155978
0.1918969898054767
0.12919453641086973
0.1873332895345048
0.15172786906843422
0.11835578218785786
0.1602982183937621
0.13725818893372066
0.21963117482224215
0.2179190759344603
0.21763343818682473
0.23261666144468524
0.10815956284931405
0.1503986447846972
0.11675925270635046
0.21153686291444102
0.16213806123171037
0.15795830007641176
0.14405280151610622
0.1991048399477591
0.16426229838583048
0.11489071219050317
0.14274319516091855
0.20041277509622693
0.20488819865675942
0.2525062131529307
0.18727465888358885
0.14009536991996782
0.25042231653180985
0.23038090482443258
0.1233769121353578
0.18201643305668563
0.2251134189010707
0.1882913268288714
0.15632460916744406
0.2161063135569085
0.17287603947979077
0.1956183364636549
0.18972348482531204
0.1406672957851382
0.23975114521048124
0.17254124374698243
0.1824954132982599
0.15841513792184064
0.19733095385732077
0.17581605243905266
0.17895551959511646
0.11650359304370304
0.16252390066851918
0.09510605500300795
0.1710644694864327
0.13346451029656928
0.10186539414631979
0.15414880482652665
0.1723681401831672
0.18467696812734843
0.162953559925467
0.14320133079287536
0.16920810088320729
0.15935591558684936
0.10521944380029401
0.2110397435256072
0.1666141920862295
0.23686745039954726
0.14248509417343602
0.22332813571152219
0.13490751395237002
0.17290467565274598
0.21004716809487473
0.13980417872132442
0.17033035187969206
0.17502356401733807
0.1739007212344839
0.16696998195012072
0.13574570468792652
0.16453893907204564
0.1937507549184287
0.1829020302636759
0.15564037471462683
0.15403827523005603
0.24066922356416842
0.17824905385707185
0.12510809837115483
0.10475284155449188
0.11765584111706126
0.1364739225202422
0.136244019415115
0.14377677270600597
0.1992466263498215
0.17433246466549462
0.15456901888112085
0.07736713284901503
0.11511078283654654
0.1268633026643479
0.2577960787097656
0.11329906830827272
0.2344585161126503
0.17148194270704456
0.2192689788263535
0.20901744210793005
0.18718415882873574
0.21942711477080726
0.08027049444371144
0.180663817087726
0.17680577064814307
0.10970771334080992
0.2517515446193871
0.16039567951603512
0.18073644563382402
0.1769407913252487
0.18187513210561754
0.11929313021248092
0.10581564574551852
0.2199601147147838
0.16242574583069933
0.155896083836314
0.1956749065120978
0.1247202783559
0.18202023419449329
0.14370582264088083
0.10902946837729838
0.18819029475454155
0.17365025231209347
0.16034416174042573
0.23493458589462438
0.20022295184227154
0.14397895544634584
0.19000518017106893
0.14860684985261863
0.14763403681026455
0.2074090819131945
0.120680694011956
0.18981640279323309
0.146292992278287
0.14739739262262833
0.17118794616518698
0.25642906792286524
0.23989180385220543
0.22173821602395788
0.1553513971830272
0.16954266243398083
0.21931937545939623
0.15960250208026855
0.13076815628653987
0.1343923368002981
0.19668877797385148
0.24479365386421914
0.1302593146570763
0.18846583484606697
0.1437448738116732
0.19206265608325482
0.15901440055361152
0.16047186650584996
0.15687672717403647
0.24198832702973636
0.16155924264434413
0.18056488062883388
0.12838753368172037
0.12978522483339203
0.11588708444934204
0.17151798545245828
0.1838275694046246
0.19458398294245965
0.17453067352606122
0.10611902362097418
0.2078962930810631
0.20862573086149222
0.13289443751956834
0.11051185279194932
0.13036071762199666
0.1849655358261716
0.11399694293470106
0.18275138959642379
0.17158062624799406
0.1253139455116412
0.2363327492080498
0.14709869663703745
0.12344497317305846
0.1848788155491822
0.11057091004556943
0.12170475282491516
0.21680523625835504
0.19756419438889544
0.18665840213779492
0.18612205280852018
0.21144013497290207
0.185427220911293
0.1573856020782677
0.20661730906230016
0.1248877500959568
0.17910762165971675
0.15775830287791734
0.24353442403087616
0.18801787839134854
0.2215128243173909
0.13700862801431213
0.13477151440464413
0.25261628882497716
0.12348156781773423
0.21806310067774057
0.17101290177524234
0.156825657069384
0.17486083954626688
0.22614103149275855
0.12077211270006417
0.17575065963386988
0.16574487051900094
0.1524838589510005
0.1372516173711874
0.17896336482688174
0.2205905425320566
0.14915269533558556
0.32537328730918225
0.23037558234201383
0.13524500143753226
0.17271438039430423
0.13662910789724914
0.12595500298657297
0.2316432913218213
0.18812365211687201
0.19452586916198186
0.1089181749904297
0.21005651126167274
0.12785048562276022
0.2215980807514414
0.22264149701421343
0.24076032221170318
0.1591531747030165
0.12876068541301944
0.060259885485053136
0.14496537256281306
0.17566797287087632
0.13273224096536712
0.08925620118276797
0.2170906567762495
0.24365693042574804
0.13962282466556214
0.11387842047250121
0.2257737068917114
0.0980565456033687
0.10829448609736186
0.20881069614128778
0.15843671661787168
0.22985231013471943
0.17476149369666374
0.19023784088154064
0.21287832779258414
0.19236076261792354
0.13093267330107228
0.21562098529190066
0.13770286759008865
0.2223838669220204
0.2820800120862124
0.2166308401719195
0.20179995875204557
0.22781658493846357
0.1640718391351934
0.24657803682643725
0.15088101191036868
0.08387582750500269
0.21962994363217803
0.12346470203052429
0.23863694765847276
0.11934715014847733
0.19003661815678843
0.12383570608139495
0.1429795821017978
0.17201067065680992
0.10838563526884756
0.13895991643818253
0.16972365734382958
0.08542432437638488
0.12804726573063377
0.17876292802760663
0.15804286035031204
0.1557276629240854
0.20078843318792047
0.14903631254943572
0.20803332672606228
0.12062561641806521
0.24900297914822495
0.20946158578892737
0.13649444648840026
0.15127512794347678
0.15262098428717516
0.22132246690057222
0.19294185815272222
0.11508954553752172
0.19860083811230617
0.14767987834804697
0.12427058055383186
0.17876439044982376
0.2099820475985064
0.20840454064819072
0.12491287379468685
0.08486283445477087
0.16382490056237523
0.17670145505730867
0.15049172428411955
0.1623851391413434
0.24188611060112486
0.21252489471891095
0.1753699015136082
0.14443812772295947
0.1787390147749186
0.16303439091492924
0.2820085850891757
0.1925562788943486
0.06020645493796534
0.15738267777417903
0.13291761496893575
0.2814706184347363
0.16100643151868727
0.11907160502717307
0.15955830140442553
0.2553265756774096
0.1438202669783517
0.1278931863632441
0.20651271320294912
0.20617249321981027
0.13301366548860477
0.14523726884541702
0.12643681599044282
0.1425654580228331
0.11865381731965491
0.2105856440644569
0.1491950625632532
0.19246194975191017
0.1547571941784864
0.17890411536622763
0.143080871286449
0.2735946741470771
0.16564463259899762
0.16886538151059205
0.12707658308971476
0.19139408361275434
0.1678484084158588
0.13296838663752494
0.24333796327015228
0.16385432371754335
0.1492092074096293
0.1657407705711289
0.1600426967814276
0.11230751969730121
0.16268751737609394
0.1454868130102171
0.045693418817434925
0.21052471781177542
0.23689461245349036
0.14462853432295483
0.1965892252494765
0.14893991942003293
0.1364831418542855
0.21865763707185065
0.147415410871966
0.09329131856734316
0.13604343723483334
0.17256167600976485
0.1480730961828861
0.15779106741603433
0.2047645092020082
0.14610966811676335
0.2207975226861607
0.19968514921298267
0.14483453618821832
0.11024833076254512
0.20146018954447065
0.21005413308875948
0.19380949016999408
0.1615030879192879
0.20544245183619836
0.09468541834930716
0.18137050666191995
0.12092787700210003
0.1734795575287667
0.27014124257002603
0.20391209855828124
0.14920471786560727
0.09822968192010627
0.2139592762131492
0.12017861290124202
0.16523885094547344
0.20891157215755596
0.15662821080459066
0.19820596138986002
0.15228418929048776
0.12728479587309918
0.18541134285948588
0.1795451932083506
0.22643899586867844
0.17721069068599546
0.1365577206089727
0.14175448927399995
0.18938604367346695
0.22130473168228318
0.18821106756775333
0.1391834445709263
0.11870856077136663
0.1759465331225785
0.14151305127213468
0.16386100059331332
0.16024026575135428
0.12030140741018688
0.1555291116647795
0.16286725244502584
0.2221003589101346
0.2168232146539375
0.10395235022612409
0.09128675562386665
0.17282310380250696
0.11006577739201201
0.16347473379330735
0.21247641541750298
0.1286168113428996
0.1939339575200243
0.17649409599185373
0.1895207995504138
0.13283380205584044
0.22616964751068416
0.16358315487756303
0.15947356896034662
0.1426286128222858
0.10598524659761427
0.20403400777993316
0.09454498730865984
0.1575614288078424
0.1655324786360458
0.08344658757430418
0.19511879230941048
0.16886680085789252
0.14723846348095496
0.15151688795201007
0.1953985315019191
0.17661458343336764
0.18132059958989055
0.08106539687709943
0.17462520264821976
0.16594264941487116
0.1812797739194114
0.20164580261233672
0.19136446359239065
0.1944670010634958
0.1850606508196072
0.1789563463190801
0.1443990860481133
0.1786240779941475
0.12364890478869527
0.08903047574473859
0.1490862541803447
0.11560831002681939
0.16771951937188342
0.08543208928890147
0.1895822842052164
0.14118564760826274
0.16765260906463053
0.14744119320820265
0.16202122859661122
0.09838664295004634
0.1929640007344996
0.16946639103116423
0.21734052019519157
0.2321626656859374
0.21435653360072976
0.16819779956482336
0.23320883878958404
0.121583035933378
0.1966299410239922
0.18131767865754414
0.15575879106335122
0.2585712154559119
0.15722789625456687
0.20789416716633008
0.12675563689429792
0.18071439526340666
0.21900330172260907
0.16613065792541304
0.14354033183509315
0.17615618718498652
0.17905089126543589
0.18665868019117093
0.15249719337788478
0.21920073814950009
0.15352367015220136
0.14676384583424046
0.09112488257591247
0.1756060288617727
0.2678659553702544
0.2463549131016597
0.16519736967663595
0.1555753845451977
0.18262523234226444
0.15332369183281871
0.2036744858774056
0.13726136142510093
0.12157100879904159
0.17971030510781777
0.15336761729118065
0.1935416033842793
0.19834677852447555
0.19918250411169452
0.19226591135989354
0.21286660336286958
0.21898826039520317
0.1176212961707956
0.2055432187366569
0.09664107963042075
0.15606643124636585
0.175611966560315
0.21302598562644343
0.14555334156212674
0.18215026286712407
0.15117740864942594
0.16051904564609046
0.13663664165650652
0.20993001723949936
0.17396160723405735
0.17856065342320204
0.18762137235804136
0.14344761287836863
0.14124437848227708
0.1816513233178794
0.172791993185569
0.14794705960147392
0.18964856447703216
0.1220368196566971
0.1035868445422502
0.15281403082424289
0.23659747374297052
0.2058497485484729
0.058813995842967176
0.19367342145544944
0.15714208383352402
0.1964619838881673
0.22716661024576235
0.12189844031171537
0.16452628212269096
0.16247252762257317
0.18277941887837856
0.21335816499279642
0.14521187648660636
0.20600711844065156
0.20310426080704272
0.1248834110030029
0.15082046746843886
0.198914658514597
0.2145326352885502
0.2094586578313852
0.1821284980837532
0.1197653630917406
0.1804120843384036
0.24484662522229145
0.16951808169592641
0.17843562938173807
0.15664423090174334
0.2252050171246133
0.15204491117581428
0.185234005188095
0.16024464618812279
0.13012158538504723
0.1639871921347541
0.2384551532467935
0.1542591563465852
0.16413416775466505
0.20026950893448725
0.1542521959887118
0.22835307625663975
0.1438832849326181
0.1948584460516278
0.12236763296891318
0.10322967229001721
0.23574375709663306
0.17261932172564468
0.1529436293144083
0.1348203182220922
0.14163881772893164
0.15467099126758752
0.23169531276620992
0.12048119968948524
0.16560437807096678
0.21865770097801246
0.1919235183394507
0.18779419654497373
0.09532783511494894
0.1744276137498505
0.12059706871933662
0.18054322296432143
0.16265120304799077
0.14534172332323292
0.15402901130912036
0.19933264377719473
0.17289687088199965
0.16204350030982728
0.1773817980635189
0.25054997371546495
0.21630604594130284
0.18793258707251248
0.19780534512641484
0.16050114529000792
0.22887399654213603
0.19707938867632518
0.10335961033593544
0.17922029583512517
0.10331468971611578
0.2106668746512742
0.18868779339199357
0.17675192158061395
0.11737079484639873
0.12391353816814588
0.15496862321839452
0.2546792195472832
0.1955155722338808
0.10313223541381789
0.21204329979631567
0.14368385155910793
0.17046225909092924
0.12696883707705459
0.1627318611851838
0.23320366850616064
0.24913370936459028
0.12328928602127248
0.19394493297213505
0.17270790062104038
0.16280034017746933
0.14844556851734486
0.18691552743198445
0.17107439064267932
0.15401745592024238
0.21328570081345213
0.18667461011598996
0.11894992612042264
0.22494586893518825
0.19204456477141568
0.1506383804542463
0.13493640916132488
0.19319790967923622
0.09826639412997092
0.25311084103566944
0.13626217947147196
0.1882778587416495
0.1419779479293704
0.1302168407272507
0.19375139764488625
0.19008825853809055
0.14423543427177976
0.21390778977411906
0.10629743956885329
0.12571937545548229
0.1443002398697609
0.24317910297715972
0.18636811431695738
0.1281319427982485
0.19107504543963977
0.17566856696028035
0.2406010943523325
0.13046833536566266
0.2171170272531901
0.14844411768552732
0.19203058922707528
0.09092314255788654
0.1297687879210213
0.13962577227779474
0.2088425073126816
0.18823969454952202
0.1818528873512942
0.20184038579004934
0.12208859777378583
0.137980930044318
0.1430764301074016
0.19125873136736704
0.22797836413457778
0.14791643965871532
0.12344505301043382
0.18455511017222645
0.0775722303136266
0.23287977573944474
0.17423813407388106
0.16219981240080455
0.10100331670174395
0.22181712764293976
0.23163402298729135
0.11831285144953102
0.1664242619822174
0.2074914405343607
0.16671063445706966
0.16043983774322398
0.15157146306882927
0.16140908524924122
0.233087590401404
0.2321190266147313
0.21480935398840906
0.19395785736432758
0.13165075801713216
0.1831776098668017
0.15168039524560473
0.13259219549832063
0.17016026594150663
0.16596918065691948
0.14524704264927493
0.1921696641321246
0.13167047352138067
0.18367941798441273
0.12950894549148864
0.147333272565181
0.21709416252989128
0.1457047517143687
0.1440379640871531
0.13544720450732778
0.17423761345028446
0.19982121832413494
0.2510169992674689
0.12091990620523399
0.2244198245711291
0.18699670852132777
0.2320936078843258
0.1588784651364611
0.1823183555065918
0.12414183858674473
0.13673359385598302
0.1853871900350249
0.1727962880642455
0.17572615054093355
0.13351759141547798
0.2355030076395696
0.09151099452866253
0.2666339971212983
0.21108785232600666
0.10240812192184956
0.1666026653175284
0.2391559515773431
0.15221966792418903
0.1336909820264909
0.1359809955575748
0.1960082515682759
0.17275054385024766
0.1371871178485724
0.17297730966064537
0.16198082933753316
0.1372948843805802
0.11968505026741943
0.15850509818806616
0.20183337469982682
0.1909765211875264
0.1924173318061004
0.11451858857940467
0.20310293242553012
0.09640570986698761
0.15831499369048166
0.23427291027868946
0.20721691021981437
0.18653349297930716
0.1453995552650236
0.15119406982630307
0.12480365277865112
0.1854316196080944
0.17349070449805856
0.1847926273575995
0.1748948503988993
0.13586647223617643
0.17326047577690418
0.1647476463225232
0.12385321479502379
0.16442426011584674
0.12387330017129211
0.11591281127860992
0.1406014609877832
0.1328605782043134
0.13952869820955108
0.18226304147410655
0.18763579430548405
0.1858462426868605
0.1567964648010723
0.14787797157076413
0.1719975673625269
0.12311148215128337
0.09685617871950453
0.17523813842275662
0.17778744949633457
0.21799875650559253
0.16319417759655214
0.16088704864963355
0.20934689970349743
0.20747662141101075
0.1916514992758399
0.21289965286567428
0.2516811955172325
0.1613509883922759
0.19080456160068113
0.1638965394892822
0.15415930721625065
0.21217712701473207
0.16316541538711363
0.13625856153160798
0.155846522144178
0.14141870528865969
0.11404107913977636
0.20570795690158514
0.21946247563101215
0.2359833032596766
0.20618945017903997
0.20863017184065985
0.16923448468098198
0.17813144670214162
0.1648404997397102
0.20849842471947194
0.15718776866464945
0.1950907881734325
0.21491630881899434
0.14339194580563444
0.16976196043453076
0.1556735485683494
0.176319053654767
0.13207036160510008
0.12065443648245153
0.1729823503960756
0.2190352273695849
0.21296649600736087
0.13223315577079062
0.18415451270994537
0.25323116585843297
0.22962646018424485
0.17475724926563577
0.17043112514595735
0.11333070177471029
0.1819859455232255
0.1100451487655193
0.14891978530897051
0.17627077638114294
0.20855429851404242
0.12377389886524462
0.13715019396227524
0.19857371703625087
0.09391543532517534
0.17830296172034538
0.1984712620024709
0.13668428517752523
0.1912738586224623
0.08076759615074953
0.15402881377954017
0.14759090622508225
0.24025031601463395
0.1472535116043419
0.1438987863482189
0.1393321175417445
0.15467423392358165
0.11295334384133056
0.1510803846443094
0.16971912028892064
0.16858798475570375
0.19881686476508242
0.1660150697006034
0.12447972887178546
0.14170882377844715
0.19053887247251283
0.16572194958466635
0.13940512861837379
0.05117725012729418
0.2122042208790496
0.18691255329703543
0.15964626132910828
0.09907988204107132
0.19400276787541762
0.17985483894953563
0.1224022820290117
0.16242075039303236
0.0845145728948984
0.12851652369944996
0.09415978634216116
0.16935777873692964
0.1527431173813075
0.15126032005835272
0.20622573736208866
0.18005597887552072
0.15770010390913114
0.19594267672446264
0.1373351936106774
0.16376124707132947
0.18145816948551666
0.1463196227837463
0.16262241372261865
0.10150171037220215
0.0887293564330069
0.24983225371532064
0.15136021957121706
0.14666911718149944
0.11534154328728086
0.18309221118044935
0.15174239155714853
0.17097128839061076
0.09164680968410915
0.2760745779198338
0.14786190506763644
0.1590023254909305
0.14893732160393797
0.18059290460173222
0.08363299957821282
0.2168828837857929
0.15257271696548708
0.12343982793165977
0.18343218562477406
0.17678327341730463
0.122562924617567
0.15297313821457215
0.15704524811206447
0.2189475765860431
0.17762226572139955
0.26470827825935417
0.18564798364719765
0.17987140647831273
0.17188999971208355
0.13635344626100984
0.22085177998030797
0.1297293894011731
0.18150567687789604
0.17364923365071383
0.18437158903753845
0.184606009150869
0.14105563206357233
0.1881587645695203
0.13189734247622878
0.23525860769674672
0.1782082556860083
0.10516498999607848
0.17681942246580193
0.08420626510625791
0.16827398424202078
0.2075062547266095
0.10519128329053518
0.17724144233624736
0.1423251497329806
0.0669039658488551
0.13289258385384517
0.21988133201207766
0.20631687398051135
0.17144320351331302
0.14708308185371172
0.16447407701427025
0.1751558435950844
0.1387337215229828
0.1676502905105066
0.08911730832535932
0.1322623060255517
0.21501487980265832
0.1815806277092294
0.19408227057718935
0.16781191199082224
0.14008409780340522
0.1541058404030813
0.17256777530947584
0.20458849682422128
0.19731516115264683
0.13609760309558705
0.16120863285636652
0.1459637019079992
0.09943463090537112
0.08587404346542649
0.13813457715179625
0.16247083253792471
0.15336673453771268
0.1221284931837173
0.20807477444248132
0.2546897345120116
0.1979268291073598
0.23492638085638692
0.16786413308712952
0.12708568327286224
0.20176263593899268
0.26139360635081066
0.14668268192581124
0.18578342000556902
0.08443842968509363
0.18266940341159782
0.1122261377747617
0.15513280025228754
0.14914576984450936
0.245356987218193
0.2626238744237309
0.2265271850874796
0.17887704415143788
0.15847963689812575
0.1622811539485604
0.18128211985182344
0.16667144460876016
0.15937349405091913
0.16475388161711452
0.15664915552727485
0.2150452960188271
0.2513691112928993
0.142148667494178
0.18286359782962125
0.17104740460637502
0.2032774196612786
0.11968345050925605
0.2622025017104497
0.06132709944503571
0.1532988595090398
0.11468611801205353
0.10911121145296022
0.2721163548634633
0.20326592941318392
0.08679355860549563
0.21635991091616957
0.12912917335301996
0.1011064376094072
0.12026332549549748
0.21390910182818465
0.1487645313828943
0.10745918480948319
0.22139312539192435
0.21185487548018633
0.1714797235995327
0.17592735017831362
0.1967340003732651
0.19444224051756848
0.15994826483488253
0.11327643303383794
0.19947833800248033
0.17668805112407754
0.20944926473307968
0.1739743882970162
0.18492588007011201
0.13278051737674587
0.18030060226674163
0.21344754062033436
0.2529569318412122
0.1539002404642432
0.09351411381400376
0.13485911184726512
0.16693997651225717
0.2705471220451763
0.1807933735794811
0.19790363258789123
0.10703947152127313
0.12723821237986932
0.09352100005640772
0.15124436829978843
0.1220881913440032
0.12505331608662432
0.21928731311601213
0.20196933062118944
0.21555425707336026
0.19001236112947667
0.15472621688277258
0.15812037700379278
0.11907177112506186
0.23423322172652683
0.18457052851395933
0.15642333071312306
0.1326508871523132
0.08931044310504974
0.2071272053317758
0.13029993943476267
0.10487764155325698
0.25980246432875026
0.1865007753280491
0.14723884917586047
0.22134039286196355
0.2109641614625467
0.1146085570390536
0.1846056571843356
0.10520111679704847
0.17420800047050614
0.16109964321386955
0.14374211305802923
0.21186580772890448
0.11535799808395582
0.15484178117347683
0.19552967480999242
0.2549835453195569
0.17513894710914818
0.16809305830608257
0.16060917016124102
0.17232382502321184
0.13525629558967392
0.1967770700820838
0.17576678504760507
0.1625823932965986
0.20202283519440822
0.17904387785635867
0.09426371698043651
0.15073980581068694
0.11256190151931922
0.172251014436721
0.03891691675811973
0.17456627637354333
0.24684662644912722
0.13343452105642714
0.19079168471828234
0.18158724967277412
0.12121677966866154
0.1686003875456331
0.1123877294099232
0.17881571303259114
0.14770079315309695
0.1365485520266575
0.25557190022654624
0.09113795069120255
0.1813729903655732
0.1593472179314
0.1994847934272125
0.18529644437780068
0.15270253107058515
0.1940903986295381
0.14390079634513905
0.13071761518279648
0.1311439921998146
0.1061833469934379
0.19395617471856844
0.1415015154052147
0.22401316664905072
0.08062484470231858
0.18086994383801805
0.17450301958205738
0.19418060708522822
0.11528476194966662
0.18390271993507845
0.22341423122827
0.1643326981388945
0.10265996975475498
0.15412200947998572
0.13364353116808986
0.19352902346769066
0.1375805079020587
0.16440828828706572
0.19209098687245083
0.18707768043488732
0.2304614841441377
0.19758947676147512
0.17757444050503737
0.19547837901418086
0.20252427684970112
0.17949029314079104
0.09114025200107337
0.15230113562030465
0.2273428016563694
0.14027542744280702
0.16228090840385567
0.3281306857532177
0.1644280700729759
0.1693873868888339
0.16040910914276105
0.1923730441674365
0.13222617886105265
0.1681695838953152
0.20648186460170465
0.19857023610808575
0.20392954719181097
0.16823800995835725
0.13294135600122683
0.12565600411896455
0.14064914805047393
0.14543880273263904
0.189419550388099
0.15164074350108997
0.19167709274364964
0.14801437388322483
0.15273968519140638
0.13457160003619675
0.120034447427407
0.17057268099751188
0.13160403083496197
0.1681709297089889
0.1580250136984394
0.08490651864526767
0.21653137403940215
0.2014557508479842
0.20312592315578207
0.17968334754173296
0.15419072581918458
0.18065506046392382
0.20033340178249198
0.2231618233579365
0.23195386687125003
0.16619507475032963
0.17096413077514006
0.15531467019273906
0.08878416019040546
0.2113556765121183
0.1947644801049258
0.2114966993404429
0.14397671639248402
0.1617701353503417
0.1089057692462066
0.2125176091133506
0.23123162932384633
0.12683450432635118
0.1534333146054458
0.20007823566228136
0.26007236012424584
0.15345347187645084
0.13863951847011544
0.1221071258049457
0.142317761711101
0.172478009484115
0.15567333782072842
0.15050118581485544
0.15284660420679327
0.1825505286609435
0.1731015310237655
0.21898465727785474
0.18796902638960838
0.14696878733635468
0.23504838544285295
0.1986285305519289
0.18537465876992
0.09019295030923884
0.20559403628215878
0.19334099317121542
0.19358059307561126
0.07103906428260547
0.13399466326429887
0.17336475913122065
0.24590165398047042
0.1934047923450181
0.17423351482940483
0.15623598194823626
0.1697382837967399
0.18522532322653337
0.2638917764943028
0.15483725312003904
0.08823978908571327
0.19618016933306098
0.13618282383900365
0.14615157074395868
0.1293677591066209
0.1647721183952873
0.18530712986942433
0.1284231064798464
0.11717329799474012
0.2381940938007861
0.11250320812875347
0.18423483189501627
0.16766050845327632
0.1658326226876211
0.15526579679819213
0.1499808227378552
0.21854153207752702
0.12356155629570201
0.17559297028098866
0.11477926638751132
0.14241665865926814
0.11243272111010064
0.15970758891085848
0.17984261417539915
0.22435396918398604
0.2008375563127252
0.1815303681144477
0.21344579558631704
0.2466332282290289
0.14417059311130043
0.1533380394719954
0.17849532037765026
0.15397832124832606
0.2886512739164616
0.15386499194649517
0.2570530873033555
0.1422454430906697
0.19595596731949133
0.18686196737996158
0.1933449035244962
0.1470901204232613
0.17103138153324446
0.2202575417439948
0.13956353895490384
0.15087666647245784
0.15453812852520177
0.18514744006351894
0.22219625349738856
0.14445872122230197
0.22067955921128268
0.13906946104661427
0.17160413652626033
0.2334043591099482
0.2225738698573145
0.13770527443971875
0.1467434586577527
0.1557835935104059
0.14606386435644284
0.14172866027144795
0.20867623155935588
0.13498476146996954
0.1327130608068489
0.15664167829527648
0.16067683111982015
0.21239987523078588
0.26676174505332806
0.18268020496292078
0.1687825177828003
0.11892716348938134
0.23133210411052316
0.21005606221294135
0.25372735280796954
0.10576916887594517
0.1315778528399365
0.08445103386859139
0.19573200237662386
0.13960191407990497
0.13783989902071142
0.16478635472335706
0.17459744396217022
0.17095617570812727
0.0705753306107632
0.20548033211190514
0.1831089105167826
0.20743040872769833
0.1637528521284449
0.1569575419057103
0.20616459633889136
0.162157868984887
0.16414448725791092
0.13007361556880584
0.17851801977509146
0.14416495839648408
0.10207358222637178
0.1269363355402357
0.16685928775808218
0.13447474269569043
0.13770320912223158
0.14144619235216918
0.18998139862311547
0.2039023960516807
0.17703929777048655
0.10848198379896132
0.173149847473995
0.20673386247747344
0.16366697555719306
0.1770429269476235
0.1357869983333149
0.2580822431182707
0.14929149048958204
0.15366032160189705
0.20099342458131886
0.15219380494652016
0.12457783787487811
0.155797564879766
0.135854836323589
0.18578305776322457
0.1676525592506955
0.19032045712107248
0.1292116599836754
0.1747042141681891
0.1859677023982096
0.19761290803244455
0.135791749073069
0.21472174965995647
0.13424957724761039
0.2387499933158816
0.2506110702800488
0.13697074073064508
0.2172199143798597
0.1122956953120357
0.1492434918495928
0.20966504150151782
0.14638028516344487
0.14693767626113755
0.15301483143495015
0.11116385284529158
0.2321419734574743
0.19040641942393333
0.23884363634954597
0.07426145742531624
0.130284976964399
0.16786218996763932
0.16067546536288604
0.16999461522225887
0.1253285287218106
0.21697188815734772
0.2211648383704425
0.23570366140105753
0.20642546024763242
0.18374866743182794
0.14664100767348284
0.1882838570148858
0.22274809280279756
0.23390317788714945
0.16447611493434455
0.13694858669850501
0.1659597709407664
0.17444339710597503
0.16708431411488472
0.2088136644870222
0.14877612157390974
0.19022868910941348
0.19351436830327315
0.14719193912852369
0.13376929682538372
0.16871047279092577
0.1703246114854341
0.2461311582545072
0.1519263134251731
0.1343884778427969
0.21235865452017427
0.11173244266015368
0.13657557559688394
0.17423694626103062
0.1703752187709491
0.19919076525223287
0.15983218462155915
0.14139069340853339
0.1055145096670986
0.20686781143874833
0.18618882039039547
0.21499298388793972
0.2659444708151672
0.14549847498690965
0.2247825154409773
0.2121128100034322
0.21230090613359154
0.14080167879830804
0.2111127550670033
0.16048137097789178
0.19947967153892163
0.1443332849298146
0.15457187321178228
0.18261677857467526
0.19327260759868864
0.25098048134674
0.12747459659773963
0.19893314278992957
0.16699355926497997
0.14768745386825968
0.18034569776159104
0.15262204869476964
0.20899188835808913
0.17808642042176262
0.2034684559712425
0.18220218264275323
0.13974431496069473
0.182294299599468
0.1918356553553595
0.17824088803929047
0.15411524542152522
0.24524905692492005
0.17870867817374755
0.204177237102312
0.13901240357391847
0.16553717649472982
0.20981749273632944
0.1983036208530859
0.22070022457351257
0.13647574070915344
0.17462043351769854
0.16043498233168987
0.16769155122460455
0.24515452457961368
0.18269186529835355
0.18744460263979354
0.2702112104414578
0.19359549855921535
0.2363837655438219
0.16440777885283683
0.1605869245872217
0.10344253328632064
0.23561616486464115
0.1943823069903881
0.19330952912984453
0.12084893570201818
0.18285962116701826
0.198244010021093
0.13620726751179899
0.12442384133458677
0.2086851799963184
0.13088561525145154
0.2331359553989975
0.08590386365195234
0.16166655512742073
0.18221000234236123
0.16361011971928072
0.16076025656127857
0.16946163754242727
0.11589576028383251
0.19030106610070094
0.1690935467943309
0.13675431311167435
0.1540621784745538
0.22020453347654398
0.15421125699578855
0.1459508381520724
0.21097817037318803
0.16598161811303302
0.18309195780339918
0.22166608881603028
0.2136476096762504
0.17347182578589704
0.23711368175088715
0.13795463230753266
0.1458994730688738
0.1333602614088656
0.21316789478274778
0.13537500107387196
0.19011024293231382
0.2208106288388701
0.11100783823268412
0.23232039832249587
0.14872264324177636
0.17824772141681006
0.1721064122883972
0.15677338391097742
0.22331326138248944
0.20505402125434288
0.14993775047715532
0.1681437956660394
0.17296932584358227
0.1951507162626224
0.20913047390640402
0.1572274438528253
0.1739854279832296
0.20988477919013898
0.24539193371525697
0.17078942416325144
0.16497268648440974
0.1952738882037949
0.1829732361092779
0.20326273941609002
0.20263130567187002
0.2591072923840965
0.2122259287336367
0.19803983931995053
0.25390112584449237
0.13683510919625397
0.16194229383318923
0.12051034876246464
0.10197837381334193
0.1378795288378205
0.16878288484467277
0.19237316926337925
0.1313690171945854
0.18824497942087376
0.16938597231039879
0.15148221159637337
0.13149599351752791
0.1763350132046527
0.19239857878244238
0.1930928437664041
0.16721194128084418
0.11117772973244422
0.19212336861311916
0.2693222853855057
0.1325219373318888
0.29256198714857184
0.1960722232010893
0.18126211541930531
0.1967497831057209
0.1903281303055449
0.23804935910824998
0.24511716619270774
0.16129809157371122
0.1277110743569569
0.13903095120952666
0.12397999446802824
0.1855777928305793
0.19720246130226143
0.1817826770887474
0.1686631114511596
0.1841663610164699
0.19756959219277387
0.15410016228896506
0.0902728144433683
0.15494682000012258
0.14760666355968938
0.13195560894595054
0.20444208704157296
0.171533668324284
0.17275488745570128
0.12839562999540977
0.20447093362259214
0.1800796088218256
0.16875451670620586
0.21319729947560173
0.160914738193162
0.17580890368365723
0.15370702332859576
0.21983876179965295
0.15466256012322588
0.21569138900506254
0.1974951286026784
0.24287538205333964
0.14195604872151862
0.15112669239905255
0.16049170779188693
0.17985076936517094
0.09464807513429555
0.16670336454203455
0.15189237549503024
0.18466675121248696
0.16717330267977906
0.14693109960074624
0.08276430833101583
0.16187983735879108
0.21915021866377027
0.18066811383358447
0.21037360621959467
0.1705441074972358
0.1217107536119699
0.1484256215578571
0.19272376479701134
0.09949362222904283
0.2355304145637876
0.1678595635594606
0.15330583227866784
0.1912835020327194
0.20495216597096086
0.19780497480128292
0.15936847836218743
0.12169607472965317
0.22001371781101975
0.188426128743737
0.1482343316463368
0.0836652999333977
0.1948321628949403
0.19367353185862843
0.1607796755386975
0.17400861284937366
0.16022816867512157
0.14634883830609421
0.20347008706611897
0.10726847470230769
0.19644292397888208
0.14510367290886714
0.1559982592656235
0.1661602501959017
0.170869676280196
0.21016226338561908
0.14469141954674067
0.13324193239156132
0.16750909390609323
0.20441638793232533
0.11717346126992371
0.20785945577927106
0.09109858259330823
0.19344256402878107
0.15470249155149793
0.22579724525714462
0.14403762609936244
0.20366672632118768
0.2361202491545974
0.18642392114758904
0.23401348782084422
0.16273414340870254
0.1532938570264294
0.16622807844685733
0.18492042959012406
0.15567262362947373
0.14363529178951664
0.21339390450532328
0.1797368155012825
0.20699188729946574
0.10927204244123014
0.15300059575241054
0.18951984913106962
0.10865846973752588
0.14803236449501816
0.1755126365825425
0.18820613863267585
0.0892121712956118
0.21793784154763252
0.1802621008203398
0.17489519802111578
0.19081127465726017
0.196911085023884
0.1452574714632892
0.09891130058727413
0.17864418990531525
0.19392157751891997
0.19667238454865613
0.11298806456904734
0.10086646085769448
0.1905445885930368
0.25026283907624375
0.2560721232321454
0.10576517184627549
0.16768162240781342
0.21825201702027958
0.1631630002500948
0.2365908334135927
0.1298015158326309
0.14575665371872598
0.20392386663555143
0.23298299248755788
0.17959365662037385
0.17776591287217477
0.10275019741987924
0.11251285529831467
0.08968222348458552
0.1517545593931773
0.24324754490319128
0.1782837611641061
0.1736052217717723
0.14424707746979087
0.14999797847423108
0.1586047452638472
0.1191424096061026
0.18078223979314847
0.18110445065179265
0.16687885329094176
0.17531322054421672
0.1595862755231228
0.11806491618054213
0.1723272075052839
0.23084013239406032
0.202313789953005
0.13962480110094458
0.15876242171464122
0.21846645922074118
0.17516978915818487
0.1734512133210633
0.1279589340548384
0.17501519361322224
0.1245439663512744
0.17884500258425134
0.10566677843822493
0.1810004920742629
0.1462732394178738
0.16223273481914371
0.2414355568806562
0.20342224376585893
0.2300720958804717
0.17388780653757518
0.17353767223713504
0.2248773038199394
0.15216844468441582
0.125028263369578
0.1348572622255118
0.19757418140375047
0.1037927863242124
0.1310353041952433
0.1243593226039868
0.11508440105949022
0.16546267168418374
0.19891125354737396
0.11876237649728896
0.1979182172144452
0.1052797645188282
0.19903189998521326
0.1919112137865331
0.19113828983379028
0.19006347598782433
0.1963627638308659
0.15340059600313136
0.14298081844780797
0.15114734068389693
0.24689363062167147
0.16370753904804994
0.18550772662066378
0.10132434462929646
0.13637224143544716
0.2141430229234459
0.11612711390674564
0.17766538183812772
0.21574345834801895
0.20051398877622473
0.18010719605782793
0.25259058693304803
0.20197451622226775
0.15173749575832793
0.22635430054180206
0.20762380581180967
0.14158396144849816
0.19414017450238186
0.1471116881985225
0.13845939248456268
0.17125911291637055
0.198445746680748
0.12276054216020592
0.21936259448535095
0.16468357330751077
0.17066759719247587
0.13549676901813665
0.1647376616929252
0.15320375438864733
0.113854831706483
0.20235797035061762
0.1145594726983033
0.19136766374901237
0.21963907893807524
0.20584906495307587
0.18174930112631135
0.18806761072187736
0.16367628938582468
0.1667882846100392
0.18344094927912805
0.12875895755192962
0.09036267857321771
0.13926488522570704
0.22104773250883167
0.15935766990683792
0.19444601911237536
0.16355357485137406
0.11851629609726695
0.13180942175878738
0.17907792092509806
0.1585822819066468
0.16152963954658695
0.1325189597824612
0.11004929850300366
0.10061393671194002
0.18373758278249228
0.13557114683562024
0.1613167990107119
0.11572528835985095
0.16440439013797684
0.11976190976291015
0.19966972828137564
0.14594415996869353
0.13967016945148322
0.14875428464167256
0.1658009238678385
0.19600710739582847
0.14822340011307827
0.17766180308530719
0.10221585844331064
0.15648534804877617
0.20659579325365912
0.13021330008528686
0.3057372896918024
0.22119593246644204
0.165822148903441
0.15066804532942005
0.18585235076215878
0.2176228470551056
0.20046350288797996
0.13430788473285252
0.15703937424703865
0.1714912527346817
0.11492606870845112
0.16723618048899772
0.15746210914923098
0.14258801614502425
0.13797029177022654
0.2150594174877058
0.19708974746320743
0.1303876083575752
0.1909550313312475
0.2155289368762161
0.12154713850411253
0.11756875521308495
0.16240656624581742
0.24163034526738747
0.09366014690654821
0.1336433076619945
0.1895277616079383
0.17424868420440234
0.20869966566201198
0.08132647671048683
0.17640291132597144
0.1297581457452222
0.13234941937632383
0.2009279186000718
0.15930516830333152
0.1617342126728149
0.1926876945719136
0.21352238325924558
0.1493098708776567
0.22212600280626263
0.22074063904960378
0.16951795209748596
0.09823324489745777
0.23032302855434325
0.26156686320482386
0.17555846720520352
0.16149878928984474
0.19738085098256458
0.13458656367586055
0.10148650152747912
0.18953896151770594
0.16338346747293436
0.17005405034380866
0.19248620778470416
0.08018275616864289
0.20783757393752098
0.1638365283538989
0.12965176777297438
0.13350102261113578
0.17035460162026464
0.20532583553283063
0.151540817294666
0.12039365481520328
0.1704389544777012
0.1508389841221065
0.13585724169781702
0.21757895572889593
0.20188066665942092
0.21428779923643457
0.1677387264594213
0.2105973508354686
0.0542466947550871
0.20044383732017268
0.13803924801287187
0.20865482826267467
0.15538537353966886
0.19664950612522664
0.2560295421776264
0.18841914531670895
0.18462989464686053
0.19782040452081034
0.15936886423059277
0.13155314461528644
0.2006220234867957
0.19643849948850559
0.1728278932573795
0.18895172652650905
0.22410567651209895
0.18898949263414302
0.15596023427110295
0.16593670658242074
0.1526454993793157
0.17330687255292707
0.1752866982846668
0.1393006975871075
0.20262256377349952
0.21728527849056953
0.18162411781527765
0.2045450824099131
0.1714188420093458
0.20824808538723008
0.19474695210495307
0.17836116915229086
0.17480801052494177
0.14222729637070083
0.10585945006529494
0.1420772316839066
0.18777247298270594
0.2044451854833174
0.13343147052209686
0.11383259441685925
0.15086123556861886
0.20538425511838573
0.21227768246698903
0.15548336050743206
0.13282809990664007
0.1943077672470047
0.10070719530649701
0.11071862063931634
0.1742102197802898
0.18221032692033118
0.24545739090908245
0.17788953517253964
0.24935132561751738
0.15505005940886427
0.20471675254701355
0.15711359023741323
0.12002753632622155
0.18955305088333832
0.15786687205119898
0.17456438269439575
0.1841532093892186
0.126988903384964
0.07620688521993031
0.17398758704673398
0.20366352818576522
0.16725703568053607
0.15269854916838116
0.2090027141851259
0.1945980766628062
0.18012275902942004
0.14021025922605135
0.22440387615439433
0.13991392567212496
0.1869164575486231
0.1290691749464568
0.20114675490656325
0.1346454015691714
0.18438466266334255
0.2576379449663169
0.13773466672308768
0.13368183903836892
0.16745554604552693
0.18612972132400463
0.21518172551678813
0.1853847564686734
0.24592356031355694
0.24167025232345626
0.1627396130802158
0.13035316272415046
0.24234366627068626
0.21849030966973354
0.2535912682389798
0.18862356623091442
0.15046742822135728
0.20355189559955594
0.15481048564367703
0.19272844204106135
0.23180260466851796
0.15382745718361682
0.03258823987495063
0.11147839204062579
0.2278530969774334
0.17218566273003497
0.17025049297548997
0.18845926871284344
0.15086410305778156
0.17928652864053107
0.18416327323384937
0.2087982491047849
0.20808234420480906
0.11318606292424427
0.13995694561256863
0.21982896855897943
0.2424249574286867
0.17428538402302787
0.19523974561671747
0.1703861354722391
0.16347513298058702
0.16810586367986538
0.1420811461007584
0.10921003722165276
0.22964289835342674
0.13935503741893351
0.09085050030680575
0.15592778526330883
0.19815053431933288
0.15816381008830996
0.1613303908247608
0.1716247904627093
0.12502261389428843
0.22910303097680215
0.16012437315625172
0.173447717284604
0.14141627430533502
0.17598504402513193
0.1871916126435978
0.17770488052214226
0.11116449854595886
0.16258494920444233
0.18572426207085813
0.12963799230669926
0.1962711878471637
0.1659831563404886
0.22330950255500093
0.19177492767240892
0.1551186280056017
0.261661430506097
0.20160402846944114
0.1385217329571036
0.19412301143661106
0.2317391966233351
0.20267253928862303
0.16225109136660903
0.12771449742079785
0.17349928023307823
0.1795581836644246
0.07003901842116797
0.08486578662729521
0.17232252559841832
0.1620691883096181
0.19014873876158622
0.1887464634162718
0.2098305732487356
0.20170283493284472
0.16757818987924122
0.21085569886469716
0.2419654679777285
0.16175448815850269
0.18881892710499076
0.264843565963672
0.1032162255868569
0.2679831396998868
0.22077345102879667
0.23062899775242587
0.2920897080554137
0.17310621307262608
0.16013324156472963
0.19703990435255986
0.21206726325543707
0.13996140167884452
0.1528017935383234
0.2048530732892924
0.2479079756223757
0.15927700971503417
0.17030674477079824
0.2126883391212513
0.16731377350017593
0.20538682591962343
0.18771031419448406
0.14200756209368764
0.17603503726903214
0.24869827604620987
0.1298430043306273
0.13413033261389104
0.06351988759957831
0.10795679441400499
0.17111758104187802
0.16909746132631343
0.08595839283843426
0.21668666627478775
0.1453287289666255
0.1478793637800964
0.1371277684003063
0.20403130321262458
0.1134855289887371
0.10951331581222107
0.14849015156636391
0.17155335373131977
0.12216694715915077
0.16350892549362397
0.1490358304057999
0.21611250863623716
0.20933228770724427
0.12019490623595999
0.1741848827527208
0.1172322722091648
0.19648226309425776
0.24527692349451866
0.05167839411852694
0.14253929013455385
0.18100343662346055
0.18735388592530697
0.16344982050045162
0.2855193398898543
0.13947177433245742
0.14344679309621788
0.14873818644320003
0.19492470303755244
0.160272203257137
0.15955531117015576
0.15835486935438767
0.17362723586712644
0.22537948461480067
0.1764972460420237
0.22837020345302406
0.15055205724940962
0.18723083036100366
0.14686852021196103
0.20051795673817013
0.14507127126339378
0.18320489930408668
0.21747044019109563
0.12280287634800588
0.20529046633196868
0.17846828481098517
0.22722826773992943
0.209495136008073
0.2068958190990496
0.17962787086916243
0.18175608020621226
0.14223275573211272
0.1742028645003936
0.10588700285568327
0.0982314791458379
0.17366984047935874
0.22374561097972245
0.17955064646790841
0.02529674115034261
0.10316691466523069
0.20260391144017886
0.1988911304879637
0.17333471401005454
0.18757839264702847
0.1674292958681163
0.17109145726382707
0.125989716027752
0.20497820742483702
0.12466563574830113
0.1438639963823763
0.14230787829815228
0.2139139394627443
0.16204624438637935
0.22472402619433543
0.18671091832913123
0.20225092847132187
0.14032922254182936
0.0959199364375169
0.14982477853882717
0.18211686543793798
0.1971760581193354
0.16007238891678546
0.2101926178027798
0.19450483234331442
0.16377615552509503
0.15850906195055509
0.09876201822626354
0.13713340345794742
0.16972319477571762
0.10887002990523632
0.19435064099813074
0.1919537738095214
0.17150654670630422
0.0830806318261853
0.05415238801177384
0.15185602849247284
0.16072139705935337
0.21793035191781346
0.2446792916320727
0.15891493419170946
0.22818852289868968
0.16963674365474338
0.10101656761144312
0.2128730464368676
0.11166244716604001
0.1272770738764547
0.14516200894685571
0.1630334932473998
0.19388923578980669
0.20369334247017334
0.16504843601382746
0.19840426229126767
0.16097722799523065
0.1661745612504686
0.17443057879473498
0.19882272610380397
0.18309195687205973
0.15235726625036483
0.1613326176844519
0.08779045500727051
0.19600301239989365
0.12614889726809542
0.25033461861307366
0.08530902097724209
0.15554430999947924
0.12078909172213453
0.1542239630096752
0.17872311409292274
0.16667838855454817
0.21232620164867053
0.1514552236148168
0.18581585296677336
0.2242219725646947
0.1310031628691991
0.20395859683229917
0.2049489189945021
0.13409529332805298
0.1641395795684017
0.18163483888473864
0.16526456254286115
0.14595481304071858
0.23911485377718328
0.13540735048042732
0.22449224357252315
0.21567718006123687
0.21788447341186867
0.14502585246345934
0.198755981337611
0.22047487928731552
0.16410276312264246
0.19936642876020128
0.15846479895203652
0.1458438318486319
0.15222189877490713
0.1708329597029197
0.1642207813187492
0.15910265348620212
0.15445955393705293
0.19899264934073518
0.16812320642866158
0.12412860078423019
0.14810252077871378
0.15240163150125072
0.18049102518174606
0.14469488305372072
0.16777746034853194
0.21320571695906074
0.13199401614715242
0.1262353516500948
0.19535659672611871
0.11370239279421705
0.14570904743217333
0.10672190541387966
0.07176604924787118
0.17625231279662726
0.17568481353708787
0.16959988272629117
0.14950695138053127
0.13400423200995257
0.17566588629635002
0.20084997348834877
0.13335573615478455
0.15485280473480212
0.14963443952884953
0.1970542575354758
0.10092613421145226
0.2558758103828475
0.16444847853137168
0.11734121427125249
0.16218443454102285
0.18799109730521465
0.12341826737913936
0.13521260577654712
0.1486792290305612
0.19472707889558366
0.20951271783026026
0.14657222791548158
0.19707241432500286
0.14751596089906457
0.1404956416547567
0.15865653976356534
0.20579221678839388
0.16285440612456814
0.11075908283051178
0.1525359376546283
0.13701936375969914
0.23298335344269205
0.1517155654433172
0.15730832656183852
0.21520488766017684
0.22166700288332447
0.14645600723955113
0.2562853419960213
0.11847515994948199
0.17121687434912972
0.20990585256074645
0.19708997784348495
0.16682276091233617
0.15747103013502822
0.11743093026879933
0.163732834719999
0.1743260635499805
0.16796166638947785
0.1236087272132038
0.11502962017924015
0.164372196737587
0.15351167968552398
0.23731950579149963
0.12344501875497732
0.20840704923461514
0.1552071614336492
0.20249585166571463
0.20726557634631995
0.21151386277912967
0.13628424772341738
0.17159042724195397
0.18993996595241147
0.15030262117443477
0.19221233041990288
0.13238608123300638
0.15608797185581383
0.14516883355313237
0.2044811300236814
0.1754324327664781
0.12026217295061342
0.1747382351396981
0.18698096375009854
0.15659549191237937
0.17757627731797906
0.19119631545458313
0.18816096367728866
0.1527421162141414
0.17119696178961824
0.14144963659437837
0.20031647763443777
0.2229688315862942
0.16546453845638665
0.2200894379226057
0.1765287133334562
0.20766962925033947
0.20663186369156314
0.15905199540689857
0.18051926440020746
0.08689300955226256
0.145902131738539
0.11465820625165377
0.1879213064413962
0.11918561224543797
0.18208544994888504
0.19293620584390625
0.1401996712232809
0.27947028973840937
0.20515748122698937
0.16430606875566175
0.14387944274352216
0.16574663766911057
0.1976485652282802
0.17847624922920804
0.1486416494077596
0.25822958344673813
0.14841330169926167
0.16771238270816097
0.1772229829696408
0.10949416791997967
0.013946311958263707
0.1613546491500228
0.18158359944085956
0.12499397357707384
0.16037124600492794
0.17938076165096964
0.08901259308200753
0.19641507950715353
0.22084087413023085
0.13208616100217657
0.15335256559565547
0.20083281249929086
0.14015774885119262
0.21597674025671426
0.1763965763768219
0.17289768702509506
0.1593470283039921
0.17907299754277428
0.16682453792276145
0.23810811700693824
0.1812643950547854
0.1404872012429115
0.09983498731945227
0.13073563485016115
0.12292608203453262
0.1300358385632413
0.17398832231243283
0.09302407004842532
0.17397814637651401
0.17400678887915222
0.16759842708624734
0.21262683322956213
0.13483329832275034
0.1416710390220292
0.20672356700094305
0.14750024140798532
0.20098164285731193
0.17524781481350965
0.17615713878069472
0.1856275701833914
0.16733193612028907
0.09642411181291907
0.16245463304277769
0.21073740643593533
0.1878728650648318
0.21406254866710772
0.18985988110600643
0.1650554802115944
0.10169248054194516
0.14261615071712078
0.1269166849750724
0.14775795512366796
0.23283071820169965
0.18589671220706444
0.10121356852078364
0.2318762303656824
0.13222109646250357
0.14953957291334588
0.11657063981078676
0.10119110635278084
0.13500626227983492
0.24955616360747884
0.22275984465902526
0.22218442960996773
0.12524421105385616
0.1902371273077724
0.1720938360638129
0.1548568512697512
0.2118199359879634
0.15581122130851938
0.1479413855101437
0.17513658517548258
0.14304563715963403
0.11808293422976131
0.19536919188360197
0.17977695884828046
0.10913759485733598
0.1940789735314004
0.1189859344806184
0.23183564004949056
0.13010834478919442
0.12648282622801305
0.15300648395412567
0.24956062924165168
0.16853828720469635
0.17619387015569604
0.1930173663548677
0.19678375108033583
0.1781426758915736
0.12383243371090558
0.1254373895340905
0.20746257769387044
0.17861615670975672
0.22206351300031013
0.08297128374791755
0.15203703170724595
0.20216017933470995
0.17413157315587285
0.14123051042838908
0.14602741397440308
0.19364213039294928
0.2188194236111886
0.11237128253869084
0.1648704340841236
0.13804586386292367
0.24679190777969162
0.10323518450506104
0.22008297526542533
0.17534786115159928
0.19575747730189594
0.14134141851861245
0.11335976461952157
0.10255797733443436
0.1936246312868925
0.18959506860302083
0.1270130814335771
0.1189624758347701
0.11645396621380644
0.21701515752744524
0.10246488378820955
0.18049275325966424
0.16345453472420318
0.215629498303793
0.23965167716109753
0.23098798877735544
0.18324688263320016
0.2983656683419911
0.21454246202858177
0.19273130038984587
0.16984097484059318
0.14789399418491342
0.14431505165088973
0.17237683935012402
0.1829492579053682
0.1202562286376973
0.2221598801707299
0.12975621099325108
0.14193810585858638
0.1131450087512402
0.1767904400867403
0.08890904361312833
0.20243849255506324
0.15146920866621716
0.1221719860939373
0.10844129754366577
0.2167782173410142
0.14693864422740618
0.14154251382137872
0.12858217523344861
0.1396412722193186
0.12323467473277368
0.1497115900060982
0.10714126184406574
0.14040308763735343
0.22709641111204
0.1519990136438429
0.12577405887276288
0.17213532088227232
0.2330261916994682
0.19353915586380202
0.15266328947524618
0.18364269526179813
0.1669958537405682
0.13004624554658428
0.16986856434256448
0.12487687691944926
0.18670239073689532
0.15873503846120107
0.10467412559450628
0.21685268623475276
0.16762455058009634
0.21047707082828335
0.08842420236202257
0.13904444307073024
0.20519496798445963
0.13305756501051486
0.1875922023505448
0.21410064615882665
0.14664665654636594
0.09378069893307527
0.13580326677824717
0.1543641675840226
0.2099156871701864
0.1229214864750672
0.155605167226604
0.10447305157413327
0.16249419011973482
0.12056362569881889
0.1387664990227882
0.16262542322346274
0.10359950704091722
0.16804855691455045
0.18777479498292027
0.16625348971205453
0.19444102361800045
0.16885649710909062
0.2078889757494468
0.149983382255218
0.08923866633413555
0.24265315900502352
0.16652431590343705
0.19051183365479657
0.13602937209753038
0.16289301398870168
0.25557650846637775
0.17873470158031848
0.1631543493737914
0.1555995330715714
0.18476690636674337
0.16437112861265823
0.16102722215981982
0.19687712183838987
0.12083337230679708
0.0664182350534811
0.12117143968134395
0.09268036279132551
0.2019400941435287
0.19174225914285903
0.17510377066562174
0.13854276188550113
0.16902751795428084
0.21610447669510488
0.2177312195860538
0.16719744878412446
0.23964794084517255
0.1815678538836987
0.19043423444141017
0.17447442736645075
0.15988142579563078
0.20290513287177042
0.16431419405289102
0.16146037679098785
0.13964175864337766
0.14973075583768677
0.1670927814562123
0.24541613486493258
0.09942435380777473
0.13265890988449947
0.15573956348483298
0.11606313513833288
0.1764169617139052
0.11875403422876471
0.11736122102188845
0.17241784985803824
0.08250001812102313
0.12693511959316844
0.1854624007098709
0.13372207324574606
0.1839040985033295
0.23593896988487956
0.2610412141309966
0.08576302194794201
0.1338028421546123
0.2778202562386547
0.14832874586440079
0.20914480821760995
0.18153845242825534
0.15746824643373517
0.1705886887772665
0.23310860544550227
0.16948971276672456
0.14395719641544563
0.18947293103974955
0.1727287246730747
0.21141327870977994
0.1752663540453352
0.15999511691655288
0.11993735918396364
0.16563750103411098
0.17001444108836122
0.18139921935630407
0.09663468970610806
0.09230970399104348
0.21030838844414235
0.22109407742850576
0.14875812396784524
0.17544004138859612
0.16724371612645708
0.19209719078024504
0.20144765729469122
0.1214755493628356
0.16584512365729312
0.19760110200630898
0.1831324731630195
0.23846412265689026
0.15033443439894484
0.16829288350922125
0.1360252873442773
0.15163512742686253
0.2042422618592682
0.11325735875985661
0.16347193344780697
0.15583064493771132
0.10416472134726641
0.1755365740708048
0.2006299410017488
0.18025867353828925
0.17651434131820615
0.1715743556399549
0.1745190642097766
0.1720335999412317
0.1737992324566445
0.13022353578881052
0.23798941399963364
0.18120985989625324
0.16085568546192291
0.16334852956551493
0.19954527636160874
0.1760527174203872
0.1801030750288993
0.23478210716536604
0.15792798843366868
0.1717457439938999
0.12242621984727672
0.1675639503199415
0.2441101892541344
0.14802024978283673
0.19345271779542078
0.1820792688160572
0.06916557339304187
0.1815042174116826
0.15861197171176483
0.16654558571543765
0.1618017323647275
0.0813052856014164
0.18357683514590703
0.12865920647167603
0.1699261358153317
0.21217679263967984
0.15630963796306852
0.25393173276293324
0.2245784640988212
0.17892547947290008
0.1606233979927806
0.16870589643048597
0.14957681432178033
0.1449727166590054
0.095709681671319
0.19291757407345284
0.18154089344038085
0.18613398533521552
0.10995536950597719
0.16505074150188492
0.23314865780089472
0.1395335741520427
0.16208754347881746
0.14764786582471426
0.11568750538757486
0.1730389668830264
0.19699380051667376
0.20512330454597338
0.110472835584834
0.16394310025191536
0.1497465335294474
0.19529483632076985
0.13425825675262892
0.19960142014564186
0.21199601002160529
0.14428511721600967
0.12200209174722007
0.1630182522997221
0.17146364229853106
0.15294509411975468
0.11774428558512659
0.10343257553815155
0.15340398218954868
0.19144376196672397
0.17743599415164488
0.16133448673997225
0.17411661575788598
0.1572151692472619
0.07752243262020397
0.12921529966263928
0.17105072188095624
0.15589723751494566
0.12047274558312007
0.18623423789126983
0.19070857543607345
0.12046702158089886
0.11728959513467888
0.17210727597478287
0.24609522520230723
0.22696488565350403
0.13658907046479818
0.21938558066257574
0.18197731533380024
0.17702826651327574
0.17839456463795791
0.17975978267454543
0.23823197297519558
0.1990526579449499
0.15621239485197866
0.2313433008343255
0.10679405886755973
0.1971217458477405
0.17249145720296732
0.1246383775592475
0.14881158370514944
0.19422284894998862
0.20349118460774754
0.1872133557310048
0.10945821511824769
0.2225431445694007
0.1878262357099416
0.15131013304946234
0.1372715648223718
0.0429147446706854
0.06049138224036249
0.21494507685674713
0.1889301262771845
0.22681387489594657
0.21038455580409388
0.15905213301975143
0.16091532447019719
0.12966457223513445
0.14391906837987803
0.1065728711377323
0.1866193599401605
0.14760516714860528
0.1661677461787533
0.17069698360232946
0.1835725607237895
0.2704544930324633
0.17120989809368792
0.11434802739827224
0.22735616897326266
0.17107250163121399
0.1304901262782918
0.14253812511045277
0.18726139206710463
0.2064302989863154
0.25053386886028567
0.0876439904128853
0.1703064122962916
0.13305031076980472
0.1309731562447155
0.18514902949545503
0.24406085692568003
0.14958173754087262
0.21244149827283315
0.16390768403287503
0.10266487200826398
0.14361957047442309
0.10683748998737795
0.1349191809434482
0.1605097079991044
0.1655063799674593
0.1382549680399286
0.1577240064908675
0.1865219046186604
0.19381394805895535
0.13977961645438094
0.12645447607517193
0.19230601795990396
0.10445455002138522
0.15748534592967606
0.1306780588591175
0.10712080148326641
0.18033793375443613
0.1315491758921578
0.1898206719194117
0.13555096144289086
0.18702252158145594
0.22069758370747933
0.1311746476320478
0.20484561900602052
0.20901103431041446
0.2176463669894714
0.2402897182974015
0.1278108191480355
0.1078824368713843
0.12767077822501682
0.2132215181144268
0.24463028421299587
0.205519729221892
0.09600211551788547
0.18476346203035912
0.06946290672311986
0.20316513449462267
0.18567914119275108
0.1920372573839806
0.14845631964016098
0.14220511772605457
0.20378613666772602
0.22399005682397197
0.16266510120180458
0.1656905579458197
0.16672069935092407
0.1379416688751717
0.1886133150039619
0.16649439788857615
0.18473296420576354
0.2044110997026733
0.14786132960673345
0.20692928062994015
0.21583466442745686
0.20298825843643165
0.23530720014397433
0.20104858937469014
0.14108917709566443
0.1504673463968927
0.12090003733853877
0.10993459353075635
0.1921862852538615
0.18645495364558773
0.19934742674542394
0.1293627707931435
0.16295767362357613
0.14724103739302555
0.16133770512487736
0.17848185717808934
0.16391973089475087
0.10726701331728017
0.07305276627005441
0.2059679260031452
0.21768978219409102
0.17196403779629013
0.17855963242787148
0.1669183070646083
0.10463086887337236
0.1959837724594358
0.14414556804120063
0.16639144690389043
0.16392633234645063
0.18451922189831532
0.2069861157098549
0.17642598485094557
0.20054461417168523
0.14473888138868912
0.08891345268355895
0.18509185760905994
0.07786651275422837
0.19156005977327806
0.12382683828142176
0.1600347572133962
0.23382818363892593
0.19516434860060494
0.0900960084600727
0.15537193762276869
0.18040041756367278
0.13113799800297316
0.2260804072932642
0.1343550682207575
0.13459109996294724
0.17829719104877845
0.13834325220313118
0.16502982765321203
0.15959679848079777
0.1869837841060222
0.18599678622064864
0.21757749987846203
0.180515335350359
0.20694117080074118
0.17515366972956067
0.18622459102431296
0.17838160317031787
0.15707420175496797
0.12228197786488654
0.193329491615867
0.17890260584892592
0.1900272970277452
0.1749010058942084
0.13649928916950818
0.13918608187718515
0.14995024874875953
0.14582037849320867
0.15882338045659175
0.17138760794399882
0.1693285145514445
0.24991459401506613
0.1296830682844571
0.15151414100256888
0.18516671119594696
0.294594944800553
0.12758105112708515
0.15134761249527606
0.18245340232534715
0.20531383635853107
0.18622618765553142
0.18244471676736093
0.19588046358857142
0.16941956215129692
0.1991709273397028
0.12909375322062813
0.16083417923022603
0.24683670568412566
0.14500446049421548
0.2019938453990902
0.16780897811221895
0.15261585412040213
0.10633243951801935
0.21773225693390516
0.17289323539600848
0.20784405210570697
0.14548972164060925
0.2154083989466494
0.16749606587561747
0.1751181342218975
0.13213806180676174
0.14512231584411314
0.18959415875334792
0.24237098137381102
0.1389758082242035
0.18345910504221333
0.16980386711721185
0.15536138201050867
0.17821831469170704
0.16484800187908
0.20495392625721326
0.14472746021553579
0.16294000640496914
0.22192215499118084
0.12237793679999515
0.13058789130236034
0.19494363194119912
0.13342053646641816
0.18689458223488592
0.2085357799632298
0.19584871728677622
0.23876927015816252
0.1547225984242626
0.17045886364879648
0.168094673037318
0.18829906416992054
0.17594573485853734
0.15019696815529282
0.19409695830891766
0.17860840191881944
0.15752936972751602
0.225867917102795
0.15376982396561162
0.17994832486884907
0.1407642440352218
0.17121881014448978
0.16035375579850558
0.20403333813650654
0.17246799281854885
0.16554223547469799
0.10041334673947494
0.1756829574782837
0.19911956196569272
0.1215676611929159
0.19232629004181118
0.15406997525074176
0.18737113790829413
0.14804994106370198
0.2253442862111494
0.12553487499102134
0.11332655332997144
0.1806807387820988
0.14557324363229235
0.12296596777854599
0.22965381364838588
0.07612403827030823
0.22923796171861577
0.17321518178070233
0.1679196480032036
0.22356026593519687
0.15613477184608518
0.19515025856126694
0.14770402489935705
0.16679723108159303
0.17278120651573697
0.20855316152574643
0.16572850522366428
0.1951226462753644
0.1511511362393789
0.206766647884695
0.18725084545849013
0.15157650905677833
0.17611943310371625
0.15874232020530674
0.12405096015926936
0.22192828754293395
0.14808336031984118
0.1776841118309618
0.12124857096013703
0.1488347606598731
0.14331432381913917
0.10230113460369708
0.13330884489899708
0.21294876622017256
0.18755773151405075
0.09838664929760575
0.15691417854262282
0.2008397068316389
0.15809893512857165
0.17981038472654037
0.19359145550416584
0.16877085348776755
0.1760568065489682
0.20481531668081335
0.13920103470477985
0.18552464292352022
0.1584182104268462
0.15659254912863121
0.14496395557919675
0.18027030463926635
0.12251219544711256
0.17618019998254686
0.17309434739000312
0.18672571530404625
0.1898322634118012
0.16962338285011855
0.13773005349864803
0.16046945044316718
0.17495755317638295
0.2048891709076621
0.20352831877012467
0.19621232090198854
0.24304396731866598
0.1376509239852493
0.14550996126262436
0.18051125576709942
0.13532242735434769
0.20339076537563533
0.17293164207912876
0.22815823620115275
0.2982544554817986
0.12127737839329028
0.16700922645680416
0.13786004565535823
0.2098951151197637
0.16157705222956012
0.24144764591043272
0.20524406635635728
0.2018169030797053
0.20394509844277953
0.15391577473860937
0.14135830649878067
0.15407312514893218
0.2021983684242588
0.17235176782905356
0.15449258108603253
0.18393817682303654
0.1031730280601661
0.2504312525967695
0.16259485796519804
0.1556149429945854
0.18897968412824995
0.13185310393193472
0.17366886569917367
0.2064187518325116
0.20352147162681744
0.05535869260936992
0.2160562282010503
0.15227829524622855
0.2280157005379876
0.19946157354083338
0.15616062995219485
0.16860104695571237
0.20158577588048288
0.12212075875524021
0.17667450421381464
0.14394517430242024
0.16263891455951826
0.19838929576437384
0.19013908005502472
0.21045474533790381
0.15555858175092213
0.15104416550355598
0.10675789820255562
0.17034363131050387
0.06585337740602343
0.23871808797103106
0.13535361570500498
0.19622203715972497
0.16273067990761522
0.1846517163060995
0.17573208812856975
0.13324898412611375
0.1288159287186497
0.1984237519603324
0.132308328737738
0.17766704560292865
0.21052532797207182
0.1585874813055734
0.1763487650674874
0.16179159048817252
0.14794573007381837
0.1579515519568702
0.2247653562862118
0.16248080523909275
0.21124625107510178
0.22427402563224683
0.1603091386530319
0.15577186458973868
0.16410274948763132
0.09124621585958353
0.1957429879459894
0.22129028329483305
0.21693108861539256
0.22944316406541038
0.15859818718106036
0.15577414006112122
0.16825460234222384
0.1365378016883897
0.22539519204228592
0.20325837278794986
0.19103352254948613
0.13150865370613302
0.1903415219900462
0.15353415786552843
0.1314100905421794
0.19787061720659718
0.16537529356115413
0.1708780640677153
0.12157847307719388
0.18424635000323542
0.12152101176470777
0.14999969529328683
0.17227303925878554
0.17504718946375641
0.1706159719122011
0.17879700949353566
0.20749521599714305
0.16302037956301363
0.18576401142992427
0.17044246555457304
0.17620417250999493
0.1494120695788161
0.17587549023130944
0.13894682700336647
0.24624498595823685
0.15996785673093641
0.18571962903301223
0.15473731652235728
0.19233735790862935
0.19371393413554083
0.15118491363500117
0.17866675402297053
0.1648186272002299
0.18753695123322991
0.1651222968661182
0.17583511695681442
0.11333646965053895
0.18668486104111953
0.1851256893490052
0.20572515078920817
0.1568479716455246
0.1258699401430185
0.12445227572565185
0.10064773316941793
0.1492717226085847
0.13685736866327697
0.11407686953929905
0.1314891175545729
0.14168890042090387
0.16594922922689753
0.17683316901581395
0.15493347959860956
0.14776110825176914
0.16793366922588282
0.1862886954888522
0.20185161143603886
0.142035547930159
0.2137950429467897
0.11927220007279649
0.14182861403308616
0.1334813092705771
0.09388791845648102
0.16824887740830238
0.16371795881709747
0.13587480040002964
0.13932220802573825
0.1620924995856351
0.1908618149870726
0.14202257513191424
0.13834018655933716
0.11922702742908281
0.22340481377319765
0.1566336249295141
0.09238395740424613
0.18764429339666983
0.17133943125713058
0.19365222937733303
0.20436832210057906
0.14085181128220647
0.2006805615821904
0.18206324432317558
0.1835380996519382
0.13369243428454344
0.16584613505864437
0.20759379274084147
0.20216371556045987
0.12518000209740013
0.1414547477518488
0.12598006635225714
0.1694678323633799
0.18606584977247229
0.14919831434151845
0.2462014672133055
0.15414658999165234
0.1828008061514811
0.1644591338248449
0.1891036335592104
0.18082295618854508
0.18846973127154595
0.1339237230119569
0.22772930877386877
0.20789929543022706
0.20588062361920623
0.189696360868027
0.2136786216233649
0.10439024558232919
0.15525448862640526
0.21417452902156905
0.14966866914291127
0.1758023788341518
0.23044614446738604
0.17676980774811515
0.1390458606263907
0.20126017403668367
0.15092655694443985
0.19518983753348376
0.1860413504901568
0.16007125516386542
0.16267129881749023
0.16798653250949627
0.14748495812529178
0.13300494300053314
0.16125142788327002
0.23354728315306675
0.12645247506694424
0.10075218196173039
0.17942117145376335
0.19861237557677747
0.21770986909155154
0.22698467274931416
0.1468568148709357
0.1609828512628911
0.18500637761571112
0.17125797367024212
0.21631306551288867
0.17966381895357714
0.2528039102448283
0.21154485877737297
0.09645747029059426
0.20526239701610097
0.08495172065479303
0.16887045718554766
0.13695716328467275
0.1867493677695389
0.15090807784130827
0.22472208693427417
0.1474653098912959
0.110927069432419
0.2189349043305773
0.1604356073602402
0.17381011273874064
0.1453592029180258
0.1837777041283964
0.16617455661464922
0.13728188121025486
0.1802031851482657
0.1523762783103219
0.20968840057450458
0.1912982222029716
0.15034756553665754
0.2406469511411283
0.15160932287352513
0.17273371385541283
0.15508799338816384
0.15602474807965822
0.13389959977764457
0.22810397393725623
0.19630937914337387
0.24695696015070834
0.0791302056782593
0.1575788514430596
0.21489770221821858
0.23117098526963095
0.18687954920993746
0.13790268682118761
0.19074894510628518
0.14225069054791878
0.11348168178750229
0.1637000755693727
0.13986147328979312
0.13343010490545437
0.18521142701323923
0.14300009190241594
0.15009662678334515
0.15956893827893087
0.1566846010093959
0.19774918373649872
0.22468843420377993
0.0732225882842463
0.13078826547535521
0.1677637712853846
0.1709965642558817
0.2586474882412824
0.19983783631877505
0.13179098685478408
0.08000503559965888
0.1611579493535245
0.23257285553508533
0.16649733192669017
0.16976747717529084
0.21440402288974486
0.13076774979548658
0.14107326046726382
0.24006793244964253
0.17415829522123055
0.22830703510084982
0.22019262687106808
0.16234569682214073
0.11225925067991038
0.22332070098848628
0.18207891376722804
0.0911356966926307
0.1014075692497027
0.21219984950748452
0.1527581910163186
0.11514255375622509
0.15939227391876665
0.1544507193590455
0.14008384438943736
0.195035995047464
0.15056654157557278
0.20288055881452735
0.1317824096062439
0.14010879535888715
0.11505596938638393
0.1763394167006295
0.16023894352695395
0.17335785121249905
0.1994932965137669
0.12634710733497728
0.19227090979340278
0.2534973071032875
0.1797685945430643
0.20164964176635186
0.16389068420872757
0.19156927574838029
0.1324749086874097
0.1758733258200277
0.1561906384522634
0.11897617832422785
0.1712740419644519
0.13866191529686778
0.183799624313228
0.1252322879808723
0.21143690363051804
0.20158856225036056
0.20476604645294652
0.2043815968399388
0.12140474614712954
0.1903457807894381
0.1512803392265434
0.11846531261241525
0.1221673253649421
0.16983324517064624
0.15287003842079977
0.152555767236209
0.1648964546350828
0.18215067780226873
0.10288157301680173
0.17191987622743618
0.12752062607837672
0.13635371113369432
0.16435810246870794
0.13424677507102153
0.1166892134676718
0.2466786998551861
0.10958489728698365
0.08244422961820301
0.1912461629489748
0.12690796476325356
0.12942937631172363
0.17906033588294806
0.22486911893509923
0.20220578951659526
0.19734574715118786
0.1801214750626989
0.1014542267097466
0.17452093472178165
0.16248486933779344
0.17333918510326546
0.16299652373451945
0.19888609112017244
0.16289573944590927
0.19285822352062948
0.15397347375677672
0.097454464312986
0.13061859028400433
0.22602338201177002
0.21712539004846917
0.1582449354917544
0.20298869257742413
0.2018047160727882
0.19541175726147203
0.21398694005435423
0.1781715671070799
0.06316907303857545
0.12874813980519295
0.1085734431442755
0.12479335606942071
0.13240088305213302
0.24643185369100895
0.20231223938899684
0.11808407063179366
0.1279981332128814
0.08882697060463797
0.24268197259428434
0.21488007594013606
0.25219303777469493
0.15163866858195266
0.09091524770626765
0.14561832899417776
0.15323433242661533
0.19159626867853766
0.1644042233032554
0.202823492833358
0.21938083410283493
0.1356734182495171
0.2348032262989077
0.21076476069925149
0.0973507027462224
0.10867374424326078
0.17984917885488647
0.16127564264301802
0.13627665911104392
0.17952965847800892
0.22384724352597232
0.17371272631971574
0.17719795481136952
0.26722525275993336
0.19495393669491717
0.20493161667174892
0.21435605496557236
0.19462066620982169
0.15487364205503346
0.1330580301676723
0.17292009030144626
0.1722164176306849
0.24426598433656999
0.16598446491074692
0.19274182512189508
0.16164785797620201
0.15852555513277866
0.14634545074820512
0.18801336610459665
0.1376164824841417
0.11007110642519172
0.15570912265659603
0.24255331350162335
0.18747894943537657
0.18609566016807366
0.1359835768213531
0.14421554415922574
0.22574296117030776
0.15401852381392103
0.15981250253583237
0.25601496983541755
0.16716566025712895
0.1188129123517827
0.1596279222350169
0.10691911314114229
0.10818016913765405
0.13193184393409477
0.13431424593713837
0.11747196988964895
0.27414066145822336
0.15913259621977577
0.21315714470133182
0.14326264751252182
0.19272750629703017
0.21572890494464306
0.1703200089204532
0.1458376335618883
0.11815741739315763
0.14514362512773077
0.1537978435207636
0.23100384881932837
0.19971964494867703
0.1057766134467809
0.10334558381606164
0.1529931391839378
0.21228373827706964
0.18852625277410806
0.13606630362162236
0.19388373892253566
0.07096040268797464
0.19288087899157033
0.13662953811410325
0.17577013328150837
0.1693744630014206
0.08589247585244007
0.1177131541970805
0.19243936198842038
0.20917982184196404
0.1395125172207613
0.23575564421758527
0.18251875172274656
0.1850821415128625
0.19133763106734328
0.08291017148759107
0.1996653455192815
0.1788012597029256
0.14488860655730565
0.13980440267595962
0.18223294318571204
0.09255707801996044
0.12569194366126257
0.19363593729961093
0.17363884994504222
0.2105203451090134
0.19976156873719814
0.16042833012253685
0.1111447960790082
0.24056768096103986
0.13861328138755563
0.1459161494793137
0.17667906624902263
0.13871514657286374
0.22807133669557011
0.2203994235906035
0.15826314776508757
0.17255581216210314
0.12621985462422083
0.20494001323237848
0.16396406016531231
0.14553693886607677
0.1944787955142511
0.15176811566213805
0.26682837423232564
0.12831754588855362
0.19443252078326168
0.10831142360376632
0.13663875160498745
0.14815882742498493
0.21159751686300335
0.1926473864357308
0.11897962368665213
0.1543514001680512
0.0947327042020755
0.12925165293493288
0.16128269290637295
0.21630895866895736
0.1437773952622483
0.18363243538882532
0.09772035011882432
0.1254874550955881
0.09155519248506873
0.19011854743688195
0.15834818895810793
0.11996293342730319
0.21683514620364233
0.1552144081872191
0.13171376073962168
0.20740719138724012
0.12764805903005857
0.2412607489147
0.162531211967721
0.18330135223641997
0.09995623500345784
0.14077921908662366
0.13348733432525298
0.1785968682608222
0.13183505121689132
0.17920631145062352
0.21765613389865618
0.20581917572691344
0.18098839400200595
0.17498229626788608
0.1720941555755249
0.12636685388920585
0.14940534758107996
0.17033911481633474
0.05799339652543288
0.16543114371733986
0.20723565730526028
0.21145522170183872
0.24119383712506248
0.1556213960649741
0.1416943260733317
0.20427208341010286
0.20279478839131018
0.1594742024594264
0.10786752522644315
0.2381252539301375
0.20136681655349106
0.15081759061638522
0.15037643908247905
0.21349657417353435
0.20983505208269934
0.1654838621006969
0.18267886755497298
0.15990137263403134
0.15118164869349793
0.1414051504736622
0.18476417543993173
0.1686745224977596
0.1731123575128108
0.20606272557384053
0.08052822400506342
0.14571430877911143
0.19976920069202467
0.11318762134570638
0.20550629892620575
0.19320620225453566
0.16957125560315328
0.1397814300035008
0.11216639891629554
0.18192419056518425
0.16186601505355858
0.17133865574568194
0.20455693868906275
0.17822128393518305
0.2274459535518931
0.13233106900193006
0.1596430064571427
0.12117884404389526
0.1829224876718648
0.21627740214623165
0.16641685973044665
0.12322471008688299
0.2369225545689389
0.15907905222764335
0.16472103975105198
0.17099699673451632
0.19282358339736758
0.20682771961863772
0.16014554236135128
0.15393707967567483
0.1729244023267537
0.2088236274814565
0.22945704575168346
0.2074249636113995
0.2427430451011
0.20039846121106786
0.16032169936177965
0.19735226866353914
0.15533995036846787
0.1625281324541118
0.09793430864471546
0.21114481438313812
0.16562093355312563
0.18138345808755038
0.2409250334731448
0.14663340395286506
0.10084413252929184
0.1681053316842965
0.2482475603987357
0.12465391570294361
0.11613193685288431
0.2099735973907528
0.14926752057977122
0.2063122612658015
0.18947113755638778
0.21757820367004296
0.22176514446121903
0.17275931806857808
0.14052126696096182
0.15254755234642384
0.1796416274410741
0.11640075423503575
0.133546910357366
0.19848398441541826
0.16944740725671562
0.1453371814927163
0.1374111970320423
0.09717388937126513
0.1968891899238894
0.23351639764838844
0.16007741340899845
0.07405452115493462
0.14773262787255165
0.09943958235798073
0.16340886667162394
0.16806275867253637
0.15209616458325328
0.19698858366006045
0.12721826002232614
0.14588194279459535
0.19677928848926504
0.20151606155820512
0.11522221439808975
0.1430756269387219
0.11141265579534224
0.17736003323937455
0.16207333339391722
0.12757639108123342
0.17505783940422542
0.14653937696007782
0.14904591603048664
0.17871962248418144
0.17868598073199027
0.2122882565147132
0.17167993944279067
0.18420687090327553
0.15334304158428871
0.13589407394111452
0.20645979209386772
0.16892386724072977
0.14213315419761818
0.15539797097440972
0.13726432596564225
0.22679405602855515
0.15170379970734021
0.15066121011014588
0.1627072281466455
0.19920309404543524
0.11737622946957402
0.13055340564315807
0.14488427797510411
0.15637342068998386
0.07625111525853995
0.16090702041276578
0.2095759813562697
0.09054131722820215
0.11632991928194539
0.1291292952683536
0.1215872372506645
0.16928274640989965
0.172441999673218
0.1736757015831598
0.18057521678134178
0.07328575363818828
0.1793918432680979
0.22932912839142708
0.15406276355877108
0.21528934278379364
0.1904660153348874
0.16724420711429033
0.1823685969997044
0.13720257317679554
0.15966569895440952
0.20467314418287902
0.17380757715085834
0.1793008803836898
0.23441722538772558
0.1418804422844588
0.21944193010469706
0.22249511360718727
0.15178112853652012
0.0935232124503168
0.1633204999085736
0.1912450186526527
0.2573023590828831
0.14478543122036536
0.21104313972355931
0.12701178007016217
0.23664668251734913
0.12304301781084931
0.14317297308076762
0.1299964871979823
0.1286209577886671
0.2177413152398652
0.20220359217128778
0.15191855012769573
0.18674512956624895
0.20718657916475447
0.11767059633583284
0.20709484611454693
0.25597683167155955
0.08330908507360088
