Mean_Perm, Std_dev_Perm
50.1947850806523, 66.53231855882643
50.74372725365869, 69.8662533767894
51.075175588758846, 72.13299654846881
49.7020280362067, 65.6407213753369
49.833610625108356, 63.05363063886332
49.89380882998275, 66.60488425054861
51.905953268982216, 70.4027143530427
49.71420899587674, 62.58997508343218
49.93523730196946, 65.71730682634096
49.75067697423606, 66.11832361587243
