0.13432837793605246
0.10235408980550947
0.07274425207418649
0.10914829151403618
0.07193215661629639
0.10018810575973183
0.07015929271210755
0.07328336569733104
0.07964892516467578
0.09265939858201236
0.10042330697552865
0.09851096236463992
0.13968098229406511
0.09123201288598816
0.07539596928409127
0.09420724718768561
0.09477841013272695
0.11530943406637435
0.104365671719569
0.14900383684770277
0.09996730168562856
0.15783343519335022
0.13746975505501272
0.07881472049541931
0.08779523242412193
0.08993981472969151
0.04627619672861066
0.1312465356642372
0.09506622095274628
0.08427311829548317
0.06315790996480725
0.1261753520055718
0.07167681605060576
0.1257658542663951
0.07143170617228045
0.10319471201898806
0.11670172242805982
0.11818766684333275
0.10659476380226894
0.1319462016139994
0.11599353377143849
0.14320310188638352
0.12409917205510934
0.10239912694193909
0.10359325262007538
0.0415054349634025
0.14434413298383558
0.11230547365959373
0.089384677688236
0.0642338794471439
0.10421407521315786
0.10952012293202432
0.09924134101180886
0.08528922834109658
0.07055955550955523
0.09230906910064075
0.09442317888461402
0.07867296082893468
0.050235623155934994
0.030201753833065947
0.10709489233399234
0.060422161735189446
0.12450260548936817
0.08689599679548997
0.14730690122717172
0.08922002512469376
0.11948433578229183
0.16785498756725614
0.07441424614079856
0.11686741444761596
0.0974262193659087
0.06662968396589847
0.038786025765133195
0.01917019914804456
0.09091292998768476
0.08164221354677081
0.12420971192461151
0.08933324898883174
0.05573261036187795
0.17924805801632737
0.07802778175503775
0.16970239797980544
0.07852809018914295
0.0755892247813488
0.1121227648392417
0.1324938012037988
0.09479146761463744
0.11717690961588532
0.07952098198534005
0.08049274400835665
0.08984578624959982
0.13418239716021285
0.10031859541617405
0.07417388919171058
0.1310170344918204
0.15883215174383192
0.08398146248452705
0.06035949940595931
0.10888615650150746
0.10131203471471702
0.09307095254217614
0.07450278380829461
0.10730952961468583
0.2029273752551452
0.08662127221040947
0.06453965171766185
0.1419064791524306
0.09898980750601781
0.08157040376792535
0.15918831100577258
0.07165506235961425
0.10895824333222347
0.0960864394081903
0.1293760929481435
0.10136234753810726
0.11306034086761273
0.1118359789599699
0.11016829717150792
0.11683877903905598
0.06402154068130936
0.02975792486237326
0.12066800290970256
0.11525776516346126
0.04638408864569772
0.09884436372449917
0.06784345563972105
0.08488546833647775
0.07968451528310626
0.10326102624903521
0.10655024828325045
0.15611139109700808
0.07401229636754605
0.10478658313692485
0.06861867780583117
0.12807846810422807
0.127506787204788
0.1583309959413039
0.11839014216572824
0.0980363715584874
0.11163470411508825
0.10040492947246203
0.066924606796323
0.05700600401867568
0.09085707675817728
0.09960637905089528
0.08293403566379659
0.13393735107208035
0.08945245695282984
0.12555936090978762
0.10182761322934053
0.09823138848680396
0.12257616403445376
0.0938105987717737
0.09575576414924376
0.08360502063880534
0.07583694229570331
0.03409677996757564
0.053066999903810474
0.1003377377604514
0.10561049337744997
0.060479201153762964
0.0934992029280109
0.049861508992969594
0.10289107993348987
0.09141870398511935
0.13988016918160512
0.14433452099512126
0.09782632143815466
0.08870586875466374
0.08947727184723825
0.12413145990022942
0.0956103647138463
0.12807944184407877
0.1503814123202786
0.0860857763855822
0.05227629306681478
0.12032087655131496
0.1261688732909021
0.08036412874817576
0.14871926236990618
0.11885174824552315
0.06638163349814105
0.11533698290325621
0.10386254984156536
0.08793186330975086
0.11147125185976095
0.1557546690019752
0.04685444653210203
0.06716099307882945
0.12904971751118857
0.07889782870487935
0.16639239976904385
0.14341234777328304
0.07711786938093648
0.08194896166256213
0.1257046157627788
0.06004335252740628
0.04556641858945641
0.09332557957527249
0.07243063104833677
0.08107894040829575
0.12115868040941877
0.10194575646159844
0.04405163333433321
0.13364929411761012
0.1675504277314978
0.08740429035011714
0.051855358706453865
0.07576956022222811
0.097821679680504
0.08621714294771808
0.0880128449815007
0.12326714302009653
0.061124616833256415
0.10213354051970304
0.05502990183308725
0.113019261568894
0.0761394332521261
0.051516814191034106
0.08554443873106213
0.08598695579318523
0.10248957056728517
0.10038575589184773
0.13166003719946884
0.10169370606322078
0.1487532929535687
0.12249343787466027
0.10173493037942856
0.09371070398561138
0.09696511035044156
0.08656423317244621
0.10056366794359313
0.1042406078172836
0.11137249891262146
0.08809124017721753
0.06634565361540619
0.12005084505794852
0.10043518889736071
0.10022990208682853
0.12328314454216087
0.06567037519389873
0.11265186823361553
0.0942682424216148
0.15060056912973346
0.06512651495407253
0.15315118978503178
0.10476039091549767
0.13665451744352103
0.07778378266294124
0.08052518161949405
0.07864247654264735
0.07322085725513197
0.08905086981760868
0.11617181644879848
0.14120588426865305
0.16863025449800967
0.1252663155072157
0.08986988550085709
0.056953605337954114
0.13666164860790148
0.08924168572980112
0.1037287758750271
0.06352730116848243
0.061027928528889774
0.09807739092369194
0.12283897899857378
0.06834331296175275
0.08602070660414074
0.12801391191618358
0.07667883650360033
0.16232056715249044
0.14325505398624505
0.09921576660374726
0.11904882371526745
0.10320839155648479
0.05282806671158071
0.07069015278375737
0.12907582290593822
0.12391607792929352
0.058712452902925476
0.14767763448070712
0.07491934903078297
0.10849623308907536
0.11548881451128878
0.0385349029182512
0.08179688918451691
0.09659325649622345
0.13247903040744524
0.11216472361763993
0.09561860525259012
0.0857163537095572
0.08063027109196223
0.10794817184819845
0.10979288123160721
0.13129016243210645
0.10643487784272546
0.08111606214441236
0.06715040078851137
0.13137192601135972
0.09416291231380315
0.1421284423250795
0.11036639455996727
0.17976593892255688
0.07771884104657475
0.1554991442461468
0.03602745156964397
0.1072763801863251
0.06351250236142049
0.09755992267539733
0.09709197899781143
0.10338739115854884
0.13156219147083523
0.10549740647535262
0.07296409752683541
0.05091399986042797
0.026474321641410378
0.07958820117746385
0.0896977054038231
0.09663379930508678
0.07034972734869469
0.07423298638838513
0.12185939860387515
0.12622625601221799
0.016818404529681835
0.1094953429539808
0.12010204095940324
0.13641596884521778
0.12907656589860178
0.12801408029234482
0.10988292504190444
0.11036799519851022
0.11392594153390542
0.1469415737277623
0.1201638702889431
0.18469293629708422
0.09339184432353254
0.12078373982456436
0.0467258257025705
0.12255945160719664
0.10327104643904535
0.08291581555936944
0.069995144173213
0.14045934940828164
0.08370189061178149
0.10368876824307212
0.09577988993019096
0.1418569447117628
0.07120776166929968
0.10229113302843991
0.14594399958411988
0.06231499946846466
0.12986788106013789
0.10504778326727635
0.07322828581824556
0.1180700580604275
0.06829322356613812
0.029297192578163322
0.07211586516775129
0.07569620745370821
0.05633365169017497
0.12905865437705064
0.061888672577515395
0.13840716878225734
0.03973182883925622
0.10332880793897779
0.12711370772314823
0.0882573284110465
0.041698718772591896
0.03917361092835312
0.1270067138293842
0.08360887579100114
0.12202892761912532
0.07070344033411644
0.07997525152734979
0.06389228815398844
0.09585743227171233
0.09751070250972939
0.14885125887083106
0.07802108027413784
0.10835995585232294
0.07397339055079626
0.08845007804238474
0.0669374852706115
0.14651524885342126
0.11242688848460673
0.12266147324197625
0.1060367933887855
0.0883132583457915
0.14652711194819398
0.06890487234742182
0.11722825575821975
0.057073219049881184
0.10609874680870363
0.11400174517876496
0.13154952979500892
0.11985104159155346
0.09147861725549852
0.15936807694754185
0.12350409198762426
0.06240545337232896
0.13698040253980537
0.07866888046201319
0.06188729861039454
0.10279591269514642
0.1279967520239387
0.1072398973314832
0.09664901220925529
0.15874772648884142
0.0923766672985562
0.08866355855296625
0.0
0.10856309593309804
0.08561805783111305
0.12295800141900354
0.13833181499215777
0.13174809866974252
0.08468922941977014
0.10933578142023581
0.07337803274065083
0.11558615838344907
0.1394291315655879
0.06046007658678497
0.0800459811340426
0.10683718382718804
0.15627247556021792
0.09346874646616543
0.09661144416886189
0.1147506687771611
0.12738980510391137
0.12364859898573269
0.10513844013171945
0.11978042228078897
0.0650791341712858
0.10889346069494239
0.13753853711570396
0.12560287489461822
0.14106055900804504
0.1562386995803984
0.09787571554796672
0.12357774901908769
0.06849837729848127
0.16114665403354178
0.1163827103547004
0.11525083499859695
0.07834727431858136
0.07963400199536336
0.12765179562585516
0.12430383211544509
0.0825526510901455
0.10056434275824318
0.13784608108409066
0.04349476407788466
0.08440623478058373
0.12253511236031418
0.09463579487444021
0.07352243007083722
0.09320057587015285
0.12267818230085685
0.03951925798416985
0.11448592615915804
0.10813323417177423
0.10054365125879088
0.09603823175384951
0.10178602823174801
0.07735940506244247
0.08812697891884416
0.1287085882039401
0.035021432726182244
0.13527503428527615
0.09543457361527052
0.09700661718433128
0.08070218898665384
0.04224826192878742
0.13014443372188594
0.1285436819952743
0.10376222329433053
0.09780739025817786
0.1185744532442351
0.10116761754389861
0.05783379112811015
0.09885113497526994
0.13083143553791632
0.11412117844168278
0.12299906765322446
0.12262139040226948
0.06281800128664458
0.12147129339542823
0.07373121163722401
0.06916688615202146
0.08136206206507945
0.07901487352734746
0.09653986063873012
0.09208877208757499
0.1555495937386408
0.10042541140010719
0.08888152198420103
0.07634986141823569
0.09307144362390017
0.14780336818372744
0.08143658471446881
0.11486190972363605
0.07706972958594599
0.14855416342228994
0.0936379715637194
0.10824487104295866
0.13476011883585115
0.09917325076561487
0.07074520901891246
0.0988926924015479
0.1620924573823557
0.10224230359690246
0.06288754776074695
0.11131787232956228
0.09764265737455485
0.09924787150924508
0.1320512210260173
0.136465365626168
0.09087049501939112
0.07141038123059551
0.10836530381036043
0.12925264912324325
0.07962389092455242
0.07686586156575492
0.10699645028667704
0.07947898424534866
0.09775197994919484
0.10861308991477787
0.05168860236968295
0.10735915625791115
0.0879468480417869
0.1264861674540753
0.07419487387087234
0.09349766843047479
0.11440912637887503
0.07684816841177053
0.058800562460867366
0.14534362851458665
0.08203633087147921
0.14729592792610216
0.120648436869306
0.09221873080595958
0.045808273490914445
0.1405183678553288
0.1092246705580572
0.03432076771828897
0.09435419275805669
0.0553241248410205
0.1265254926319989
0.040532991457085714
0.09696547448806017
0.07808077204719881
0.1370276001234508
0.06687129775006467
0.11414457901296429
0.10479165083773696
0.1225987426856892
0.0957949260302787
0.10097785082863914
0.12421549170266681
0.10872994397258319
0.09525398136394748
0.1347245172373795
0.1026979126003433
0.09342729006924706
0.08195283538683806
0.02971837122071229
0.03954017233030177
0.0970865234507829
0.08304739890954226
0.09897175568089267
0.12379091210123658
0.11277876016685298
0.09405062640991568
0.07433223231998426
0.09302151238680517
0.12357429867970544
0.1055981559063169
0.11051657524305274
0.09962006160788599
0.10195096727283967
0.11654059037075362
0.15285297333573278
0.128260383335555
0.09647786017180429
0.14458971959986033
0.10857343338897898
0.12374056365785824
0.0936453265209975
0.06543878822421965
0.08921686426485148
0.09280920446465571
0.07985901009324706
0.030931069698156205
0.13450438422551475
0.11106986275191497
0.059926854139797106
0.04377016298631209
0.10527766474064729
0.11827916744576694
0.10499815494962156
0.1170927398103178
0.1711717572249289
0.09193076605337945
0.08429543982066329
0.15187666761392707
0.08392271967531638
0.08815463014058378
0.12408090931971255
0.10976314531818834
0.17198243418478204
0.09943075057991296
0.1090081500021572
0.12232284222045814
0.12588773209619036
0.04398471367069394
0.06076632286716903
0.11082338606607113
0.08986652987099089
0.0892370027823178
0.09349351984593143
0.0971989141962975
0.12341292884336447
0.10537177864368728
0.14714085733246768
0.0667354976315048
0.09593913274160767
0.14408639112468552
0.11253330884622684
0.10186424105600035
0.12983297871559438
0.08960102649416882
0.15001231594155207
0.037598112805524754
0.06086167560611275
0.12050034120922137
0.052380817456685436
0.07151639061537615
0.1251268334444628
0.10876986250160095
0.10984543536253236
0.0826996276363588
0.06620535479193651
0.10147776095560458
0.10618002505539854
0.10520176429068626
0.0778492179995703
0.13404378520820032
0.10874327993561608
0.0965989023014313
0.06160984241264818
0.09592270117679992
0.08645524925400289
0.028028018861912085
0.1672458010179976
0.10423436426448693
0.06636374254242189
0.13027217353550954
0.08968338934672852
0.12080639025067326
0.08982222044330822
0.11589149014037864
0.11255942227641959
0.061198121589685274
0.06733794502025749
0.11897366891484808
0.09610270183006607
0.11261001710189655
0.07862589583428647
0.12456865233734013
0.07609081421572456
0.1544609788371762
0.10754362542616443
0.029236175430999323
0.13428828797813025
0.08812659952993224
0.05623295078265997
0.1172507207784389
0.08878264725157267
0.08974062370946412
0.19050309263584964
0.05081761431454076
0.11994711965808545
0.11282291490550969
0.1391210543667125
0.1377649324045789
0.0661126224829249
0.09315433741555532
0.05142349268375494
0.1301117120509494
0.07693958192794993
0.08567099976601503
0.11017006418942639
0.11043767102984568
0.104460812511718
0.07836859805643118
0.0920300315302831
0.06476794769460206
0.08094438647284202
0.11897937351762303
0.08805104943322764
0.08329501614766227
0.09083116073774826
0.038922293445824284
0.0750409673674427
0.05256694228404289
0.16809489593332083
0.0646286950322089
0.11234284083595611
0.06132209860367755
0.06421022360855119
0.14099373726620965
0.14906384664410613
0.0800845930934378
0.04352528628016829
0.09330206478953756
0.10214037541115654
0.081999950559224
0.1326495515964701
0.09568407862373891
0.07455384265009471
0.1250092919966272
0.10530524974193312
0.10860927300352421
0.09201108413853888
0.06179958106154382
0.1305946617957991
0.09476801025378404
0.10000794989330383
0.06468003273825
0.07921374500753157
0.10944824586329537
0.0775353272889241
0.1292004733556701
0.1130476556328313
0.06118709777193541
0.08754228789306351
0.10418231440788023
0.0860499941657804
0.07631218170392245
0.07664724520519667
0.10495744325160807
0.11927998290652955
0.14228484132804436
0.09859395025111825
0.10184118424142535
0.1167473387043215
0.048392514397724115
0.1452017510075915
0.10054725639936293
0.11607484050815546
0.04882667780738834
0.150043913128235
0.1118659678151008
0.10599426799271028
0.14145233845007538
0.11387824463175415
0.07241071654257938
0.10327851625187796
0.14125116334038068
0.1382695558660971
0.10202472189452981
0.055512461269261286
0.05010456250214579
0.11225363436692816
0.13955917132402657
0.061670810338907395
0.08813566524710328
0.1017241634391722
0.082495887238804
0.08505180672319694
0.0835427323715257
0.1068219588000092
0.14487326410407717
0.12310447759188325
0.19457127734358623
0.11072855583839623
0.07152847753537908
0.08315947711699997
0.07342708407718432
0.08285295005053277
0.11423571436120496
0.12857184803323227
0.14482845936260325
0.12009641139106962
0.1056065031683017
0.09432124355531031
0.10442913662278817
0.11972584100216169
0.07063228257312212
0.08174758877658937
0.11476473562026006
0.10952003465984853
0.1092863808271279
0.0769228460994183
0.06085478158912569
0.05747780669205715
0.14745954521806412
0.10162327905423969
0.07153982408992249
0.054771643010658955
0.15175406921947648
0.15759961446025972
0.039698906432656667
0.13687269251201412
0.04887601613377029
0.04608038666126668
0.12555846650744007
0.07719269281888184
0.13901842882789064
0.13589773970614605
0.14148833488893436
0.027892905136237142
0.08164465565619129
0.09761803872197093
0.13436916917135922
0.105665721864205
0.09450286259297255
0.13695504087938415
0.11647296994203507
0.06853771306492767
0.1330234139329523
0.09028668117080853
0.08354540074532608
0.10272885843325057
0.1367426762300139
0.08923206041090825
0.09324274012419645
0.040289647202272835
0.05607033307056747
0.07343604034516824
0.15069578269242875
0.09684824274510334
0.10930546155443432
0.09089902151742094
0.07008715928520907
0.05613364009386767
0.07956797955782183
0.06422683509227338
0.14720401774611644
0.058072145038184766
0.053639088573469725
0.0759956311001401
0.12553401469184192
0.11609424942982281
0.06893043468808537
0.07299446074164856
0.020461755309559446
0.10067445005926072
0.132754006820419
0.09097020106252851
0.10919593474742441
0.1456741316245152
0.062153181762832195
0.08875999688913136
0.050980765301250945
0.051339575563344134
0.0935504553270157
0.11761014573643619
0.0940720087172665
0.09412154639694395
0.1111486507970488
0.16622086685290785
0.07816559206050969
0.08953238027822971
0.06476508521875017
0.10841420861399974
0.15528321600489725
0.10013877713956904
0.04083292284855123
0.10847099360326574
0.08803681875272541
0.049036293657076846
0.03711227568662501
0.16171296652968067
0.15951963100568756
0.06815521429449939
0.09086084843591832
0.11108867382367894
0.07946254863985862
0.13255580894797375
0.10323574730709208
0.11777152289259835
0.11025071095388791
0.10888744061197017
0.11471473473464475
0.09807541618232125
0.11503527606882144
0.09717332693460047
0.1492221448461864
0.10886332278431578
0.08220292015514899
0.08627729809713765
0.0471376988317745
0.10852657753703172
0.11520868918300331
0.08927273262781711
0.12039465115852603
0.05801798237492822
0.13312983182977678
0.10883653948010388
0.07928630449829954
0.04682205047723125
0.04815608074783496
0.11711606387557545
0.030545525131057613
0.11481848409471677
0.16011956309503067
0.06553225571231544
0.13098210238564614
0.09475121006150164
0.07377220310216075
0.06706786508425042
0.09765962554601725
0.06388494864053702
0.1278587413123512
0.06543916536036994
0.11695395635242949
0.004951489064691769
0.12041501354674607
0.08575278580032997
0.10648297727104276
0.06315378560068338
0.10290910227158342
0.10301738525960576
0.09597500609414071
0.10320520259791334
0.11829832782560928
0.08499914712520616
0.11705426808838788
0.08747501768808806
0.07528770235597904
0.1573563696737858
0.05353203059200881
0.1455462627544563
0.09045372062602655
0.14368603034107472
0.17283718362919337
0.09673593455259394
0.14721790590896158
0.0963466015973628
0.08257497294762527
0.1022929369625638
0.10301678645784144
0.09302148266805613
0.062150891025728044
0.10998679980730883
0.09405758506213115
0.12973578718328957
0.08716060521958052
0.128732799406388
0.16196994568912293
0.0898843120260743
0.10657349041666489
0.10161703963119086
0.11315286146260253
0.13684906497474558
0.14576326566990044
0.12343661592221686
0.13039154151588878
0.06825417994517398
0.07319958052039169
0.16091928637286887
0.08701316977411357
0.09258519907348445
0.12506988436636274
0.13917178539397287
0.09390100848895902
0.12151114401097243
0.11066210886727061
0.13382619101492188
0.047841962008635164
0.08424248742483566
0.09606439778168112
0.1557510441278031
0.13543010702921016
0.09880711477224292
0.08626497866799648
0.06563288320755098
0.15392507171925132
0.10250498682639325
0.08604617695914077
0.0732459586923886
0.09611682031679306
0.16044374076214704
0.05725084260723382
0.10604670627179437
0.1122272454654359
0.06386715972316542
0.08275424692814423
0.13368432455111035
0.0800811389114367
0.11668949109080248
0.10862059558130047
0.11924215783661957
0.0997297756072208
0.10648638974767484
0.07841330261550476
0.1309472471838476
0.08209200744641126
0.09171785885465021
0.11110090807639704
0.12896338604248067
0.05455594783132921
0.1108855837102395
0.10206639884691847
0.12442204255914247
0.08187760312030885
0.09492438219577552
0.13605490151988253
0.11215799467509571
0.06695430253331836
0.1538721424906923
0.13458609269270452
0.1651991545223833
0.06228667868831499
0.11885120988923426
0.13801030424347557
0.098659802459083
0.08614606199274288
0.15129197737619346
0.09498654816584615
0.12041474242143207
0.027749359352762362
0.06052044782007502
0.09245150972183326
0.13089764351522482
0.07231757641335222
0.08587659025743279
0.11082477138332597
0.1127421011487386
0.0912114249993765
0.10406254380961459
0.06228094544113635
0.07929607098758922
0.10986348095348018
0.1080056927571583
0.12926161564730979
0.13896186983674919
0.1043924860350623
0.11050633830374543
0.08294837306204003
0.11262686104030847
0.13219186169420158
0.10828875278750331
0.09023533666937468
0.0852258210309777
0.14991629324810032
0.08009362660579933
0.08908425637749312
0.10885356307479027
0.11445549112750418
0.0749220680887176
0.0954382576507511
0.08083832415329895
0.12834263282268912
0.11012818729404805
0.11946506681242913
0.10286328686948631
0.08757052641604214
0.10732763187489801
0.11353445840716031
0.07922293862177393
0.08310463146977601
0.0895533432137477
0.08835124704733321
0.08769425088290138
0.06310933806350794
0.12377045215220486
0.104775158832063
0.07529522498095598
0.06950020885015856
0.07768918964708738
0.060384018992301315
0.10988039320846729
0.10542649920245879
0.09517103122217382
0.09789065280598044
0.08996750336642355
0.10251942566808794
0.06880582182900358
0.08843597428630297
0.06600178699188006
0.1066219944060371
0.13510614918767636
0.06634878027067811
0.09804890839904207
0.161260116925249
0.06769651515653051
0.06801663911564798
0.050564184899561736
0.09713527020310003
0.11757469469900927
0.03894401499868747
0.1307709986444526
0.12063485860187788
0.12115083503351462
0.1460257783023547
0.08858417497640583
0.09358536401553895
0.09953956863442466
0.05425517039569079
0.10162122156680163
0.07943062326514896
0.11478896429167129
0.04953440405314937
0.11422111945259938
0.09138602768074433
0.06429147899166077
0.12018263468595908
0.07964591535068086
0.12135268253675027
0.09098709818955554
0.08510060110386342
0.10239123982454233
0.0734315705560261
0.08362213848531286
0.10745110889042427
0.11319601896851003
0.10435715447253556
0.0761366301009545
0.08024535437851786
0.11186868285304442
0.07418035973003395
0.1390199907612123
0.12867260575553116
0.10311884914186492
0.11441825686688943
0.15893527604399788
0.11951714228433297
0.11804735847940999
0.14473965417767862
0.08304555223464018
0.08529390334134665
0.11668138285382942
0.09649041689559432
0.1289171317451823
0.12481235367636044
0.049182427171170474
0.09332518697000994
0.11228001338901576
0.02912631348019748
0.08233347281134257
0.0828373584656557
0.15213164230436102
0.09687331519853665
0.06286715539386867
0.0775091524836003
0.07867354894590413
0.12948226770440197
0.10988586877559535
0.1327788993752622
0.06817090894710817
0.11496501392397698
0.032683587556538884
0.06445194409507571
0.019632466822667657
0.08329905861160689
0.06281559737239512
0.1337605918961053
0.08078365416752095
0.07749976405787648
0.09086233709325256
0.11545595210481818
0.07578096912081919
0.09851194841926951
0.10897567601622563
0.04998821946330177
0.11285208214793468
0.09078194887362821
0.09201898896270067
0.12368134380992303
0.06345515845388824
0.08863656290312535
0.14055663612906896
0.08811885685724644
0.1225365532016435
0.09102711088255305
0.08760898193004905
0.06266764412906752
0.08453705692600084
0.10875272259074895
0.13877429474758757
0.0841997313380763
0.09772442830619997
0.14289029500105613
0.14611505272373854
0.0773334720783654
0.09026824917911036
0.17421214173959532
0.1276951413482972
0.07992507028133904
0.05105811227210631
0.1081496059436372
0.12210613434526475
0.09072217509102873
0.06167695743760859
0.07938893967560831
0.11761108049316035
0.11754189872370555
0.11629872499613726
0.061483361351866016
0.0718640383464526
0.11238762937610473
0.11872265612956315
0.13378058707799248
0.09191380026384907
0.1011991696131632
0.058967109983943444
0.101709200221409
0.1395613026308308
0.062155558039933306
0.10403222735193889
0.11218975207164208
0.08638400479904527
0.10570038852241648
0.12486496623619937
0.11451161754647764
0.048047344713316856
0.11413626405262209
0.15639238912974984
0.07471005442126448
0.0761707375612484
0.18089562575074278
0.07578126520639325
0.14621674661818462
0.07616239942018155
0.056377472524371045
0.056169197867144256
0.11346808212101434
0.11716005363991328
0.13009435007932457
0.14575202279785926
0.0845697857175987
0.06172300902284751
0.11169041638235769
0.13969625793667917
0.11063113655571154
0.11344559218825502
0.12283107817632477
0.10720717427938815
0.08039110172562869
0.0
0.0747996617987539
0.10922700662606173
0.09420123434052684
0.13896118816595843
0.0816743539052241
0.10516904078634155
0.04729945558165111
0.13056806759458214
0.11300311852629508
0.09622076681579088
0.11868232860512978
0.09227705472436042
0.10976000224072424
0.09293750184323157
0.07193109981880114
0.10035387751635727
0.12009746787237614
0.09066416704316985
0.12408705410777007
0.08931900774522568
0.12141095229398774
0.0925421781124593
0.04946174186338064
0.09870788383108958
0.08433763033257359
0.10518622224183924
0.07458209035253374
0.09907484692389568
0.08852737663268759
0.07264335778920751
0.07046231361353257
0.03658177553996299
0.11492256853244381
0.12602797291321693
0.1643899396915971
0.11359428475305604
0.05643767293402664
0.08230230384767223
0.11147552220193901
0.11002393319663026
0.11260780860357911
0.13972115772861554
0.14483852418973564
0.09972101231798065
0.11486084985248225
0.11803474231292599
0.12710337865452573
0.047394560025554276
0.11108928727499867
0.119173654268956
0.0867378151470505
0.10436938860607949
0.08207436322460042
0.1136932563235479
0.13568692061719767
0.14539253573975214
0.051155799482787215
0.013619727989514802
0.1180741799040688
0.09873512902480897
0.10902829981497898
0.0861261675297933
0.06252135458605071
0.0874155589242044
0.08179671715915367
0.11836070160610854
0.12030744621430409
0.10186409226346761
0.059622441235248076
0.08710594952465064
0.0847845365352938
0.08439943938909374
0.10069681134646319
0.10559854233694164
0.16387217470557636
0.12573080578942003
0.09269685789404164
0.12954384795385634
0.05489048031110237
0.16341588717343417
0.1276653568748815
0.07915072060284947
0.13263830829706927
0.06975690992229981
0.12327240436864345
0.07138961630053244
0.07325252325037104
0.06580068066644268
0.0655974177613127
0.1249705787965882
0.1013981258617868
0.0496773980273168
0.0715087774601445
0.043816609256892666
0.10876443839238746
0.12277707162560823
0.0785618333721873
0.17404763774607646
0.12884930509229936
0.10272987567397762
0.12298298323194604
0.06890216686186659
0.15620835982883613
0.0409869537487318
0.09981631552404774
0.07267895035738295
0.13680801694194297
0.13469859084000185
0.11541971781512335
0.12153978876626957
0.11123578084996791
0.10095510467470378
0.0434992393155836
0.12537060140934062
0.16900852405605843
0.07072015639450091
0.10100944101671179
0.1325523391490797
0.09988440171862285
0.08512356820965783
0.07364452509973078
0.06416714000559262
0.0955490353202454
0.07707056017335584
0.11040682723510999
0.06763319048852698
0.10239030106977917
0.12249578937102101
0.06143669327866079
0.11189857594572547
0.13189952424815155
0.09850967391015324
0.13610714718545044
0.06895225628937525
0.0932902705571805
0.13941097797207158
0.05913259251011518
0.1618449950618372
0.09950724831728235
0.10358628799867738
0.08396579472838388
0.09223482462209022
0.0660414112584252
0.13735972325467483
0.011443097984313214
0.060427607852305915
0.0795726340931002
0.09482769300345995
0.07612763562115893
0.12156837085591811
0.12202193534494409
0.10193223242925248
0.1268172624582361
0.1100691451602159
0.10371367743085973
0.11781871915087917
0.09998705247288514
0.032203999613364884
0.12386473510696791
0.06386124556435596
0.05107874362071355
0.09046641712789559
0.0
0.11752178822209156
0.0918065711844856
0.05700330994407078
0.14783312809455684
0.1263997705995608
0.11016042745182783
0.08093666700746943
0.12056752647946889
0.08110171636017105
0.11765122607447169
0.10644768413815221
0.1579546450261001
0.1330267839963029
0.009106958813165325
0.04759958767990899
0.07051727475999171
0.07753678090927474
0.11614782909410297
0.11713372457032059
0.10334521734587476
0.10703918086864794
0.11967784255544586
0.09091268687078156
0.0696947149981941
0.005891938984347797
0.0791909431578825
0.12429928495273919
0.031895382119615664
0.08860401703709259
0.032857914038319974
0.10652125168241056
0.1641188747244618
0.10687914737416787
0.11644788365389483
0.09247573175873454
0.08942972899049867
0.0891423971489516
0.06364734281703538
0.10608873301101159
0.10062269393381117
0.11131547705994138
0.12072283400912434
0.06201096888170404
0.09620507346007987
0.08929957728700476
0.12213792082666827
0.07613209675546817
0.12557340359251004
0.11967307082929356
0.1302095233804767
0.12760780301353733
0.09344649054410081
0.058881357286000635
0.0935728810720626
0.12331096935594346
0.10232383236837886
0.11105472735242383
0.07703318415329936
0.11217541086250095
0.11744916096002093
0.10750899863742315
0.06509029270139688
0.10682514826711516
0.10635918387629026
0.09107666671497476
0.10082351746124617
0.09304759323440352
0.12184726549918773
0.12772851367828528
0.06534134078860734
0.10167636049620014
0.07747267479925916
0.11520112195239537
0.06530812956323356
0.11507488414616657
0.11348215481712998
0.08345304768493095
0.08685976691446474
0.09758043745622652
0.1321807750850647
0.09641816550860119
0.11957665577080764
0.1457325084868599
0.10494113068609881
0.07370406460942462
0.13138332635826372
0.1366959155582212
0.10034861341829755
0.07660497643881782
0.09800473681042232
0.16811954435105694
0.10818391521745674
0.1140357525019382
0.14115467054074135
0.06356705696313189
0.06978979823482474
0.06757382006048473
0.11268368574921
0.09244731577226291
0.14181922596598787
0.1180116190013214
0.1361927955607582
0.08976793586320014
0.12425364362098727
0.09443500143473808
0.10085526485706622
0.16036322859694524
0.10223444698040061
0.11823287106991044
0.11552986710042366
0.11235054403302606
0.027355085090131986
0.060488449267574636
0.09527391007732622
0.09988556816216572
0.13654800924402655
0.1403696048462323
0.051255986140128745
0.08879180347886509
0.10316507927256528
0.11899280961492621
0.12051529738552966
0.10044550456836568
0.08838556624515288
0.10287004564297185
0.06045540694530476
0.13330181900763877
0.10317018055288531
0.074006888722228
0.13404813642593072
0.07146366072936411
0.09673370034278411
0.1314839737403497
0.06802563502492251
0.10471321350135684
0.09609636854922823
0.12110923889793722
0.10082495156826143
0.11736822082559713
0.06682984153112606
0.11919556113975599
0.08122220634424475
0.05381381228469588
0.09592874638810532
0.12420440202560988
0.09414797913888123
0.10473932050921174
0.091160903650398
0.06401702886685524
0.10422389677692438
0.09461409417619114
0.07514983089875236
0.10012293669601145
0.10182980275619796
0.12199821379605566
0.09594226419530534
0.08587043618844518
0.09855228676790564
0.09895382818431321
0.10848711543295161
0.1544486179381467
0.10660847356721156
0.1001408391992929
0.09716834944406604
0.11429555993105653
0.041938137827916944
0.0780836304809766
0.13739976420682917
0.08475471958115115
0.1051081558930275
0.1322997913989791
0.09588226499267666
0.09846445056633416
0.10363900630664914
0.11340475890866668
0.10814909245254553
0.114947516600753
0.06868367720119299
0.10186164117823675
0.1326496041236153
0.11447828008492096
0.08272862422571814
0.10121891814046975
0.1051695331078949
0.13861445720043752
0.07424992885341
0.10718776658572875
0.08176843119657892
0.07042211636377471
0.08340165313742284
0.1102082967901269
0.08505295597702263
0.08630936159809915
0.10399738345273409
0.11999051839911865
0.0804129031176069
0.07167458576914618
0.0836830179831313
0.1226719392452614
0.07930995146840658
0.10973158044415778
0.06967584959273493
0.1277230183061744
0.109035123295711
0.12603504933926707
0.08683787165650918
0.06019584739685934
0.11276617229941263
0.11148947573851253
0.08149245192599686
0.10320539945342601
0.05178224956269035
0.07335273402242998
0.11397922206679954
0.035665823507808975
0.12180684822092
0.09580429589436905
0.08552610157514237
0.12066542601339225
0.09527897415266616
0.10432485298724792
0.0863691938784232
0.12895726530375
0.08592278504772184
0.09959927794074573
0.0916257233414327
0.1159486729479767
0.07086761715253931
0.0700365093283602
0.10433148318247738
0.08973024427773137
0.05205160981137436
0.12882119488110177
0.09474833487131426
0.08375959117834765
0.07515309880825861
0.12613026745964762
0.1084116643959101
0.13032316503666605
0.10790416808824493
0.09235184860002871
0.1480295639542165
0.11808741450397782
0.12398470335159836
0.022512855640274
0.1344875800110936
0.11754077777116641
0.04217852336094619
0.08955967425165903
0.0930292412544999
0.015083375994598691
0.1361080681636798
0.12614137055315883
0.12680670547872408
0.11056597529281942
0.07425121239753821
0.10667848006045756
0.11421863284318276
0.06992755996085734
0.09202800792058022
0.12908430744127936
0.13194571850906087
0.04132397761367343
0.1275525111646159
0.15228708798328536
0.06281790689741831
0.1166755372166387
0.11910805674600386
0.09191718500098806
0.06335108736536778
0.05117875558452859
0.07966448799162894
0.1053169693898468
0.13521306747098094
0.10606729653724274
0.06609530474847058
0.13015963636780953
0.09683667962725577
0.11475714968594364
0.11213858498484051
0.12065208343181524
0.11465595237527981
0.10353370577916995
0.16630668079284544
0.10616598855223607
0.0955357321152658
0.07147918386972914
0.09705638818404813
0.15420439804763347
0.04414024971231385
0.08824977029753428
0.09085960272995787
0.10885080133681882
0.13174343141650302
0.11618685435939471
0.03219897265668108
0.06376653319072073
0.12260132445207128
0.11791025700399392
0.11240684023887676
0.10456971457348194
0.10628896753294455
0.1299400264660485
0.11969184697157421
0.08595616399739152
0.025501462046794515
0.05038011888903329
0.12178999029929141
0.07600305022988253
0.10263921654894974
0.11413799570727359
0.12863917899514363
0.12938217213519093
0.08535028450789944
0.06825141139577542
0.15473249973234104
0.11354774887725619
0.10270230716471891
0.10106842289805712
0.05990275816097812
0.1119626430421066
0.09180098869408636
0.09266331462831985
0.10146491473922908
0.12474427598440951
0.09264318434608745
0.10212268721466135
0.04813821072593571
0.11117940317390768
0.07380077210483313
0.11426478067847802
0.05303142032245056
0.07178365649558849
0.1532866692314027
0.08225751979748434
0.08328203792346656
0.11896091430348242
0.13654939212098605
0.09728025176879182
0.0653957136685687
0.13428666062781353
0.07437059886779444
0.04741563350183369
0.05527244469937145
0.11096023032316596
0.08635967144999666
0.07998928301416097
0.09394727945202475
0.12433121283205405
0.11780656167559582
0.16828790996110754
0.08391636361668217
0.0634053430180159
0.12870214807374708
0.10706824136348154
0.06094904216062543
0.10457792706685452
0.05964292466103853
0.12252601406203112
0.07285927383437635
0.08065941974225324
0.14784775434455202
0.12852743984046394
0.11358333270032259
0.1002380055190735
0.10252947135228234
0.14049972616403753
0.13322834359693056
0.11182910051947052
0.13986435065613104
0.11445046316102704
0.09797018062182346
0.1337526933214023
0.09974882188501226
0.10614852358835748
0.09780827849718704
0.13422740463032418
0.06917061884254784
0.10655961235267122
0.04191217629310837
0.13445378599899396
0.09964795981480855
0.09082622600487657
0.07176707622998874
0.08525562431778377
0.08371750596702962
0.12396579309288724
0.11626829990606964
0.12074471808165554
0.0800293594547857
0.1154639158772714
0.14118659509117912
0.04649553529501552
0.08235202580593234
0.11405255892931061
0.05595256227598333
0.06487378489541919
0.1307297342244224
0.09773666527396106
0.10188357156204639
0.09869935904351552
0.09504599644057748
0.09016446501014683
0.07248891885414409
0.1258949011479724
0.08973282052590256
0.0932973247752566
0.12121108950950239
0.14392244208820631
0.08712996219303784
0.0675918659347949
0.08524272189760859
0.0690158660335086
0.09656675006555158
0.09399073417229037
0.04628977245432431
0.1253263308829942
0.12138161663817215
0.11802080910950799
0.1284617851075783
0.09281920153562442
0.13246341685126833
0.049850168346623376
0.10958788786647879
0.07138136906403864
0.0674915209521875
0.13529484312967982
0.07161533547414431
0.10023178795903091
0.1392799980563158
0.09918377202018126
0.11026156177357745
0.11453826718731364
0.06422264133860822
0.05945467380882482
0.12803274029736245
0.11636354623342154
0.07264094065383475
0.12078989396002399
0.13276460769882925
0.12069768874380396
0.1285503409793192
0.10960097563946711
0.0822021272094258
0.08684612661159977
0.06898207614863028
0.0678171287106399
0.0831241991987201
0.10170763060822051
0.08543766161537707
0.034868190643397426
0.10521477807608795
0.07310537544563549
0.10111850845508837
0.05861237246014652
0.09904132778397888
0.08309924527574847
0.0952140302951326
0.08943868319334251
0.09679261978897025
0.12978881443884738
0.08952950930434153
0.08295312812223204
0.122400578164833
0.0643230053265944
0.05163788704891363
0.14087951235739155
0.07103727716723393
0.09664926908727317
0.1441238292240176
0.10145617668200738
0.07166107844132652
0.07795215966330998
0.12626061075725722
0.11658156015606357
0.03427315887086593
0.1211051928321711
0.1313917231095006
0.13339254094931285
0.08045175964559904
0.09433159807049166
0.10472670766640345
0.11194994051910084
0.08030925883963702
0.10883252984851692
0.09151375247404399
0.08216932441220534
0.09362472014069674
0.14202486418034815
0.07217226453512966
0.027578242903299327
0.12107533981837225
0.09549900052373514
0.06942638482161868
0.11484678480445967
0.08350301655507736
0.14381299567804534
0.11909565863656696
0.10104639746963225
0.08662413638330953
0.07958736118831986
0.11118525294615526
0.1567987381176125
0.11107300126161285
0.13969029245907527
0.11710055760899214
0.07068412529957976
0.09301293252438896
0.11863545310083218
0.08235590742236282
0.09850451917585175
0.12386150705599164
0.14458531095941307
0.10303686572380097
0.10499097952466255
0.0967045159712599
0.07493568020992261
0.08566091606771628
0.04601655399050728
0.13366789148846253
0.14132065718625497
0.08394797684192784
0.08447676510724005
0.1058281860201888
0.04528245756939768
0.07309179256890039
0.06833730881830555
0.09365639233122709
0.10989172851158797
0.06279674079590991
0.11649844605920996
0.10021623115070984
0.08096608781189155
0.11380635847842716
0.09546260641504752
0.08668447161662371
0.08906563130168202
0.06807845465891002
0.1266465433288486
0.075176823069624
0.09664327233225374
0.06907504609043708
0.04599814541468782
0.06258481485537525
0.15826900066589533
0.07066615766971393
0.030072234688923533
0.11339999666567298
0.09820937547573935
0.07397930269682945
0.11669841817385106
0.050552021708993075
0.07682788362189846
0.0882968937484816
0.135070156286105
0.06861811929637184
0.07421123455323037
0.11710747874070293
0.10084837280397774
0.09775305732236574
0.06013093418930895
0.12349692500177926
0.12154169642782538
0.13010787249239986
0.14366435423958973
0.12007242646452446
0.14508333191036366
0.10618902542556503
0.10040668601054673
0.07063949715827168
0.13081382696194013
0.11625951172472702
0.14003767243786258
0.09471946869664422
0.05854892393304208
0.0959230728003954
0.13793796065318864
0.03283134843741274
0.059770106823420564
0.04329261602035604
0.0695294108889382
0.12670619374042205
0.16604323275507626
0.07872625243512972
0.12410999808650094
0.11072048523331428
0.12816012576056207
0.027809202224523488
0.09769981294725846
0.08067789411045545
0.11970670717081634
0.12021312498515041
0.04759755795354465
0.08894350398121344
0.08998456199645703
0.07943867954793227
0.13456397370352385
0.14049381862563415
0.14547555666950227
0.028999918707433944
0.09287864866710399
0.10394429560453787
0.05347669695479594
0.07677682502681987
0.1242908153660034
0.12475185234171532
0.1369912890119199
0.05260338858453131
0.06563087103425208
0.10755946104944915
0.06027670976558828
0.09692698350252853
0.09678430652178786
0.0880907024129549
0.11423118472261883
0.12864370751668347
0.13531336198645735
0.10905383820338582
0.11611625602510525
0.11272285035928611
0.0847619744601336
0.07545361624879907
0.1511072828756699
0.09778154376814938
0.09583218985576088
0.12015170413350484
0.11241032396113952
0.13070509568416414
0.03498333211690273
0.14896017073312384
0.04499329712234145
0.13748898141198146
0.07495071550914659
0.17259235331721087
0.0895270868652133
0.10051257475966457
0.10959498741978162
0.08433304101672467
0.0900789739887564
0.0530797572550666
0.10426459393739043
0.09724069735447084
0.08699437250760066
0.12805570001240524
0.0816239414173204
0.125174112503668
0.10597965114905952
0.12528695891150166
0.12294734148900607
0.12316338618077383
0.10056260944534894
0.12544139622010483
0.10491449079332213
0.08170786892673984
0.12455357877617362
0.09139722423121463
0.07605546253690762
0.09398808024716547
0.07648193473716655
0.12622230836845547
0.1304275071511387
0.08629422810609642
0.07443162558034606
0.08488018073276167
0.09334735892357263
0.10556075105409225
0.07658602411365076
0.11835065787203261
0.11226645728031685
0.03671306898679938
0.09410081724992242
0.09078824756092226
0.07160370620242407
0.10308628488914112
0.08956806109025305
0.05267606386060872
0.07228390207524125
0.08774408541632715
0.09052363000205714
0.12421707336143958
0.11887524109200083
0.10024642108989885
0.11533220843502456
0.11801768858074886
0.07567167224140713
0.1050576660566126
0.14937098342994867
0.10545232623758476
0.11657314063465872
0.1359604164628242
0.09641158095565212
0.13647157187482964
0.10699403225477976
0.08989327527396934
0.130556236590746
0.12352815392732798
0.09208992548442094
0.09255215247351749
0.12024174947063875
0.09598590554769751
0.09183652273868284
0.16595518900383432
0.06521727028212335
0.1322915281234703
0.09756106323578578
0.05334162569442294
0.10238771831981106
0.05646511331863826
0.13927687791875548
0.07627832220987665
0.07168439366191036
0.1530077474711351
0.06872613731419469
0.08748871763167917
0.12152450160426
0.1160994366666284
0.11844763245416728
0.10474215731208698
0.10452071628810813
0.14645079481348652
0.10995688988979749
0.12841435702227655
0.06583655468520047
0.10585785234230813
0.09457859077070639
0.08569144376550601
0.09216958874530201
0.13024910201780132
0.11547863308470466
0.11085739587009358
0.10395962916881044
0.0908480707332959
0.041822666861092636
0.09225371494342516
0.0830739897092605
0.0704380547228777
0.07272593266215678
0.1536512033417637
0.052951523242796956
0.0748243785927705
0.09102483298116251
0.0958766501332238
0.06001588640322818
0.13458446355758039
0.103200613542388
0.11495294469859949
0.14986149638426968
0.11574658790843553
0.11516616172077544
0.06331101653619585
0.1524706040685368
0.13546506205644374
0.11698414449060669
0.10512537787069004
0.1135055172073496
0.12405924459739484
0.0568579612591791
0.09368831949074921
0.11113667571809979
0.10485839008202828
0.0809852475028964
0.11459600873989308
0.02780081926135898
0.085754490969343
0.043129975186314666
0.11070767230203543
0.10945453250631025
0.13743137862986504
0.08621148415403924
0.08833272349784134
0.11321913471014343
0.11192588292642543
0.08836240665014856
0.04902254051499382
0.11912616049036835
0.09492628347620297
0.1023640567031534
0.09011510846209823
0.13547762521245177
0.07973491016377242
0.11130258108921952
0.11524090581829174
0.13495889126950755
0.0949068060045197
0.10120826611922104
0.07314073802399974
0.09750648883961816
0.08034084192311222
0.12837772250030116
0.033946738095041604
0.14497393467623992
0.06383013888441719
0.1281655607435678
0.1685781132930148
0.0897280927043195
0.10105523857169355
0.0824675082585285
0.04172819979394816
0.10594859652823113
0.054039078113167015
0.12680171029698484
0.1069478835163398
0.047622663216130096
0.07778538890112519
0.09317354088173677
0.12436734858566115
0.1305889469484143
0.06696533274310143
0.09235028213486779
0.10504443065543981
0.05012156694471333
0.07494873497908257
0.1074780736920825
0.06628425774985675
0.13379850523975323
0.1033688767657815
0.14235394078516567
0.11334536378429932
0.07728376261987592
0.04042473071863756
0.11314558302041301
0.10769745967959729
0.09191347180750563
0.07882196731732577
0.15003617807825764
0.12341837250079005
0.021974141051298177
0.10497911166413076
0.048107063816168735
0.11600173577446835
0.07969536404400526
0.10110289912529018
0.10761001829730737
0.10440035625614925
0.10399976899333552
0.10553886432154205
0.06568675596959085
0.1332615998337236
0.1153247699837042
0.09915365336887592
0.09244512545137556
0.10598542958412042
0.09580806959468838
0.11645156592498887
0.05868642635882404
0.12874547301716482
0.0880302854325691
0.09140345644348923
0.0736527451503271
0.14183281332797584
0.13335695065789419
0.1522199232221474
0.07938360760182539
0.13329850751468827
0.0917221862688645
0.12858962111905897
0.09477702245312408
0.1557004672105054
0.05883323971248487
0.12382580738791032
0.12521710966673322
0.07240156452129165
0.08519984767967811
0.06488987317865702
0.07080756113443419
0.05511879817486184
0.09351707993775205
0.10465332858362379
0.10591898225987534
0.125663376543387
0.07665076507820835
0.11180941494823149
0.07714608213638773
0.14793115551099903
0.10867447925261693
0.03854858711034138
0.11093382770939114
0.09546823262953746
0.10424336385326728
0.09503804088550083
0.11878786602647678
0.1669095434372232
0.054059238749502955
0.17392030848880122
0.10659028904035082
0.07227951125114836
0.06325479565614703
0.059365716353784785
0.1225054351274843
0.09984612559464856
0.08599635856435014
0.07654717194311819
0.060617917116170573
0.040566877430281874
0.12415249142685326
0.039428205559873954
0.09392768837172916
0.09053273102659037
0.11515018537079003
0.05936300495212175
0.08022167589823698
0.07020902108057933
0.11080952457454762
0.12803415104343757
0.036882426546628586
0.09801146766933902
0.08926153303411233
0.08498323467580274
0.08307334660060811
0.12266472112125254
0.05162082211368818
0.13973705245745316
0.09930294520410793
0.13356337754464237
0.10823393339954554
0.0501696204963873
0.08117988027875828
0.10251651934584476
0.11696762832024632
0.13871048884412251
0.16494716307719637
0.06681982067794259
0.0818333069174515
0.13724826470683676
0.10648398313226903
0.04956753620813991
0.07972120589624505
0.14665172883826277
0.08462245972286397
0.10207005430893204
0.10215913173862558
0.11292680515501499
0.11100408468698619
0.09175091341809283
0.1068362165119278
0.12406419037493763
0.06947415023628738
0.07935896405617164
0.09868689997220412
0.09668975532690806
0.1175235659974736
0.1229070562966729
0.11865304453143416
0.07307016913406868
0.04932294882301296
0.11518677510115602
0.07329245454218702
0.06916329312606273
0.10180868757846169
0.08743733729089509
0.12669399439898352
0.09759160434859834
0.11452157256951201
0.1233180609437708
0.11699389870109408
0.09261143639115008
0.09553850110754937
0.12381941630762626
0.04231585778674045
0.04731302040785016
0.15734077058230703
0.10556928367249736
0.04570016950015215
0.05302171710434045
0.10718796482671507
0.06773705429002624
0.12390321884302925
0.14169765374163573
0.13901179343484543
0.09363312664751795
0.08892114293484125
0.07268230093592931
0.07422805498970109
0.1424561582767219
0.1240099601858137
0.08211713692120122
0.04377604833457748
0.08410792878863069
0.13372843948394963
0.0917980471949185
0.04979136576588908
0.10301069755999585
0.07903611812226782
0.09119762029770961
0.11519027222706762
0.06330322544001901
0.07439594920148661
0.09463483068421355
0.0997730704733829
0.11470267269773447
0.07685064750359533
0.09887336244068443
0.10549588859585517
0.09970175387668538
0.06602376031051638
0.06281933323704196
0.0977179894582718
0.07702787455515073
0.12935495029852026
0.10167655103878355
0.07215726271672952
0.1258802450444438
0.07162674026359396
0.14272521402347627
0.05036568222070353
0.08283252151304903
0.13969746025982974
0.09732574558201747
0.16352929124531684
0.06759356459841345
0.0955961859444976
0.06602235517706216
0.07775852195652803
0.13291246447846664
0.11137247494070299
0.08400002405913898
0.10946804099316747
0.12227746078658885
0.056779723476901155
0.10898849625611068
0.10122019093141017
0.09197255429986897
0.12139108538001706
0.10607487434231373
0.11745000401506521
0.15817050956387685
0.09620851129166708
0.13066440848072686
0.09206873101943794
0.109705551631867
0.09716292533120574
0.08566274212413368
0.12851610020570145
0.084426728109437
0.06847192027124036
0.12136406972117797
0.06337283729623717
0.11872882335247287
0.12808702425634433
0.08700046123149016
0.0895989515955174
0.10931028092436511
0.13314802191595737
0.08137650391589675
0.12963311199270688
0.10393151955127004
0.06505263417316494
0.11901571547566303
0.0887314717081426
0.10333825644260464
0.09223181785932597
0.08937090779294438
0.13178287627525304
0.09407650376297648
0.06093405964310089
0.10040947032454793
0.1351815175144765
0.14531680715913947
0.051794407776788516
0.08778093482319968
0.04633351181709498
0.11848713189408411
0.07342439527063774
0.13554264279151707
0.11876488459246459
0.060321411299774745
0.08270921136971116
0.07492647353616216
0.07493140382034398
0.08700165433647754
0.13309065319395463
0.12286012021266353
0.07962941624406035
0.14183594127330407
0.08682408324670864
0.12924612688803203
0.09021767163058526
0.09838611464354897
0.13305536307276777
0.08246328325206125
0.12374985722462441
0.08497044864250848
0.09064760792382565
0.1114064879197553
0.07473582272674012
0.11122596645754203
0.12100393902460989
0.15033720361760566
0.13424741575398264
0.1442132629038236
0.0904821767326563
0.15440592764804156
0.08976343110288237
0.07605401042446178
0.12626690820829536
0.10601539330503551
0.08158434401163588
0.13852518710862882
0.12903056226480233
0.1015326028319165
0.114000302198812
0.06954179993994702
0.09746937559271093
0.13631890463525953
0.07404625986181426
0.14453863142265072
0.06879549737318671
0.07280448016324663
0.10187375608938161
0.15686030721363317
0.06874572699036889
0.08217968708351296
0.0780139427741722
0.180189224137014
0.10540631424012538
0.14691889409117698
0.07340208397793777
0.04476703240587862
0.11642740128594048
0.08008641101035541
0.11925767345553005
0.09941737818873776
0.1317999970374843
0.11688953324220436
0.14954205378099977
0.1298531100993742
0.09982123939364954
0.09499656950237163
0.08143953025794057
0.06680789574246646
0.0679229525459866
0.10726162566696033
0.10598048416709985
0.09280509073951354
0.09338602034682753
0.12136481530415384
0.10262754237998752
0.10263448781815634
0.14111667312228862
0.10815148051983718
0.10332760936528157
0.09351515285879088
0.13300322367751483
0.05849494648067877
0.10469437051411576
0.08542317683282205
0.13071886926955634
0.13440809998243483
0.11429648038009636
0.1309910800592456
0.06567099547079741
0.1277369799754304
0.13007342310426806
0.1218869664285952
0.10152824809084934
0.11265393073211136
0.1122156865220949
0.11586127183421374
0.08007155732651719
0.11179601717033193
0.11608536519458766
0.12040862523851323
0.10752403867483706
0.11084779317360603
0.14442885099831704
0.13634496317416983
0.06926201558783486
0.09447002135061917
0.09548612094713796
0.09075374136330502
0.09646145279075168
0.11303585290106274
0.1273763477268609
0.11278078050514097
0.13082518313858532
0.08406168257164251
0.0353394576574292
0.12812168626705736
0.08471900192291322
0.1266252549136694
0.09369383821879292
0.11506574212295778
0.11033673706278209
0.12992016002090445
0.05443087663254187
0.09066444292695654
0.12035682851829385
0.06077608835424834
0.08712039702155491
0.09448929588448073
0.12303439939892827
0.06935708756602606
0.145360947177739
0.14312574054995414
0.09053273427440553
0.11956334056603861
0.07871458786746971
0.07888455031933367
0.0978379241660364
0.1034704556653682
0.1379297761875415
0.07109766394500316
0.16022294146512236
0.0937485366746966
0.057471407167606715
0.1216297588526137
0.11426122178037051
0.08613998431339176
0.08075879375275219
0.14193420922924643
0.17450869030026114
0.09307358071003737
0.10285074308702877
0.06819507203926473
0.08607389450668412
0.11248567472140562
0.12331985725309039
0.12988145956094055
0.12551015007871466
0.11414482842264334
0.08269743054508219
0.09756087226134584
0.13302249644758318
0.062013632371001624
0.0995583264451876
0.100473272600155
0.12205539562511733
0.0787848910233451
0.0994677800430384
0.10940035110932846
0.13444250267288732
0.13264498971412972
0.07952980315681694
0.12987477404779374
0.0778232824086965
0.09476011636680311
0.12673826721774858
0.11957634917946489
0.13303304029312002
0.13988713013369974
0.1342133178870213
0.14033101681888402
0.10256133974560859
0.05893874108875425
0.05313876598662909
0.13718185067735061
0.09993267885537156
0.13981994544665347
0.0809050920487675
0.007925304779906203
0.1549649475379157
0.09710734630492439
0.038954710504185745
0.1297638964286562
0.10075828223747908
0.08903362690398461
0.10218220605559972
0.0981937169452462
0.1511576380638914
0.09200176783745571
0.027476689655374753
0.09795210858570544
0.11964493854854782
0.08422083737466785
0.12738071525479286
0.04504255020007765
0.04701724796095038
0.05995216339211916
0.11119939493260747
0.10613971196445667
0.09388738868989585
0.14412963414970006
0.14802788598104966
0.05776601025783328
0.09821094588744685
0.08438470907317054
0.0872898188691563
0.06568776780388398
0.06329060877752246
0.09835423306234456
0.08485675286659872
0.11261903655315786
0.042861034514370344
0.10576246880924202
0.06768837771774158
0.06327290580238029
0.048917334612559475
0.10984174746589409
0.11082493356264662
0.09830182495878485
0.15446160126702774
0.11097679878655527
0.11270796447153725
0.09560016087329232
0.08780102151663953
0.10687355093335489
0.1325166158780604
0.1584428159437653
0.07142088260588678
0.06497065250160486
0.09265093378352789
0.07395411823663034
0.14360844701025888
0.17615946186177217
0.16340883661089062
0.11877879007934047
0.15638701358499263
0.11928491174635124
0.06361101849511787
0.14415811876786067
0.07780098883752687
0.07835806474656966
0.13022042382635984
0.054733431885571227
0.10403140899952665
0.0738660390167437
0.09554190119146037
0.12252014171943157
0.1284185931401241
0.10706821537669445
0.0836081753189778
0.12314968703196008
0.12177003672169072
0.11255689723118097
0.12451558213983828
0.18614140745750465
0.09159481242030634
0.08082097226020965
0.08803027854576732
0.13281557496359947
0.09191067922231964
0.07020591704469167
0.08337363786548324
0.05983462857321062
0.0514985195478119
0.10030728034646993
0.06950721533822943
0.154153513041064
0.13840342214670043
0.05493151955139928
0.12133803434322493
0.05062515598771343
0.11818812475797716
0.12540105272682595
0.17146347776024326
0.11225214578153925
0.10690632908597562
0.07257844759510386
0.09892372717606793
0.10885103354998525
0.09447215608671737
0.13473997223656153
0.06418369575218073
0.1127736119230272
0.06885072885318723
0.08256441377718865
0.11503554764817026
0.09353005973988333
0.12163369994921504
0.12363839313267244
0.11843480510571498
0.11240786453114605
0.12185606362434818
0.12284392554971715
0.1046923468765629
0.12039009024099559
0.12183939980093303
0.0873538382688223
0.08414939724057588
0.10527235480342875
0.0746713053539435
0.11728320301248663
0.10210200560557242
0.07188371877041114
0.10920264680793047
0.08669509349901934
0.11701375286985988
0.14049131037650567
0.06087949378015741
0.12719933655035418
0.1220589700705831
0.09201302588584254
0.12355142935085275
0.06064841177661198
0.11895383105310395
0.10682983011474836
0.07330412373278342
0.1004607248716747
0.15517353267944267
0.11244228907925219
0.0992696222447604
0.07408354110761405
0.11462411484734862
0.1201548034113698
0.14418890654680327
0.06183194341705659
0.10724983092151893
0.1016247078250429
0.12717786585471466
0.0834721576593104
0.12375326887745168
0.11611755417294048
0.113912669458674
0.07242969664161276
0.07096221207675789
0.11042376147603347
0.06981876861051389
0.13099592808102417
0.10924250000853511
0.13559178813068662
0.1588272382034203
0.14269396407038343
0.09256345078210355
0.1170909657523627
0.034558646238830856
0.06764790818824355
0.12007005557112768
0.052983982336750564
0.07326304902755376
0.13157983412369334
0.1128997021405418
0.056890770727752435
0.11945875726615053
0.13507296529367468
0.09090309382762728
0.11172285400429524
0.073042552378778
0.12319201898003375
0.05955371440403973
0.11528583831450483
0.07275221418285982
0.09451108870328749
0.1181837018991449
0.10072726682675943
0.11207481930876192
0.10486934904894413
0.08838718914904428
0.09907536722236158
0.08299458381693614
0.09314526743779149
0.1300850027475849
0.10403146940356303
0.06953586203015352
0.16521483705158227
0.04107712463033885
0.03775610834949134
0.046640870468122896
0.05552133848384329
0.13091974888446004
0.09946847530067435
0.04805921927083209
0.10457019598209796
0.10857944319933979
0.09398997776562129
0.1797281491071823
0.1348247995090332
0.09979489867080446
0.1389622942763093
0.09059084160618774
0.0946797768482896
0.08953420825215115
0.10922892015913091
0.1384378026045278
0.14206178622633694
0.1473716647188498
0.13670333688356798
0.08953434772197011
0.08555226595060009
0.0842834276762558
0.1161424864882277
0.16511069457874633
0.1456427373639509
0.0983523676562366
0.0817231070465403
0.09349820257750273
0.1463965662004499
0.06740616957610032
0.132402281588415
0.09958771063311748
0.16107500462166696
0.015472842981393509
0.07276277083383843
0.12557365244158586
0.08783678122822082
0.05210247000619261
0.11847119010588936
0.15721342736934818
0.06292685753283236
0.05935712808454904
0.06851678244951157
0.07519865042502749
0.08217477297433953
0.04266789571409769
0.07823154249910534
0.11603990281855622
0.12583534334311577
0.13624007829492346
0.11507608439479305
0.08600834677526235
0.06974439799839022
0.11029969070291641
0.09547452619859498
0.07799001102698333
0.10038791542488462
0.0618445814711879
0.07999330813685324
0.07093887252560399
0.12166574902059574
0.13122185172413983
0.14959560251773507
0.06476182460103971
0.1369352703953992
0.05703241407274612
0.10892187451528271
0.11774968036432257
0.06235347554491781
0.08195226601088954
0.12246921872672217
0.055310689305122736
0.08534744144644203
0.1737624821697406
0.12567422874717565
0.14050892796229714
0.11196691342522808
0.10198736623735645
0.10428481974611328
0.12337095527758307
0.08457053265044946
0.08199735353905012
0.11196713709018015
0.07577107933994075
0.12337981515007573
0.08423913016909798
0.10499839181797035
0.13583385886930563
0.10951725624788795
0.07920324480672335
0.06453926695250634
0.07478987849930219
0.17606804697324857
0.09796704970675012
0.07387059965564798
0.10752163883502201
0.12335659168356672
0.08890216255169602
0.1018684233030733
0.11692060719389055
0.05869069472513175
0.11214818972608105
0.09513089352511934
0.09016355957650436
0.06818860678573554
0.04788190933551165
0.1295366404396261
0.1552078156266852
0.06628023751355155
0.0995388662646967
0.08699293169530074
0.08154321939421492
0.11509191083064171
0.0870337678404068
0.15267187932572268
0.09183483111751044
0.12229010441893706
0.08709972895110903
0.11670553742339308
0.0739972311681693
0.09587190124372215
0.041739812544391866
0.15791114126866682
0.08793545771887316
0.14124545790843387
0.12878829548394335
0.12777292183623531
0.07574801103453577
0.030107114303417684
0.11029784217326441
0.12070151089425882
0.12975456837895044
0.0890251280630456
0.10663240839561129
0.14461264528751572
0.05791363716659285
0.0866090170262819
0.12888884278813706
0.08046808290593994
0.07509046487627001
0.04861111754297996
0.08134039537064401
0.15034883653552972
0.12341955680436295
0.052814206868192874
0.1167913782482271
0.09165216080068474
0.13395474276583888
0.07101223272059942
0.10963258746857142
0.12126278112792499
0.09895677646341913
0.0645734943399537
0.07206167450901252
0.0940355888418835
0.12302081791292852
0.14806106249154877
0.05813795758428788
0.07966930080436145
0.05827532760444032
0.047374368048819934
0.06392722942274978
0.09640360070717009
0.03598355401355682
0.11914734570873886
0.06752639297686544
0.12224872502379451
0.13608677633618954
0.09306380929682047
0.14126825805215082
0.08818322119708458
0.06347700368329356
0.05957721231909178
0.07907975060591062
0.10026534282755847
0.09946545657717516
0.14162301867962118
0.12468968050447134
0.05176987446078968
0.1120375947298142
0.06719003410413461
0.1442812898401553
0.062494661768032284
0.11204237254210117
0.05653854177304482
0.07558377443877198
0.09358559015466754
0.14504457321523562
0.13937833697703994
0.11199044410281325
0.14664625934416817
0.14847073732515595
0.12964075785190912
0.0953099165993824
0.09493823711624809
0.10129287354816235
0.22231517815892626
0.10588987280250067
0.09423761498080827
0.08100605030352426
0.10065851987866813
0.11771314452168262
0.1072587070715377
0.06912947824365769
0.05969888035826511
0.14064210845506847
0.12539528341293088
0.06884256609994974
0.013140734383250183
0.15512483555353748
0.08929939714774397
0.08160982709272707
0.16558017816578108
0.1546786930550757
0.07231574814798508
0.1216882383996517
0.09600667064296618
0.1323092951342551
0.03636942554791636
0.09962660179199567
0.1027629603050372
0.05253375843541195
0.07820188633103906
0.131651457290075
0.03771739376098963
0.12941121106513187
0.10421465741962999
0.0682424279307457
0.09608065800162435
0.1336011833402576
0.0750207495801011
0.12380714450043344
0.09749007218975339
0.08915501655117163
0.09574267383977535
0.08254765209174378
0.10362792517138145
0.1314150482288866
0.052291295075503216
0.07117247858818782
0.08043417464615743
0.11264091271309548
0.08921109725940028
0.09584796998731962
0.1165932144465876
0.08859883968204761
0.10102315096828954
0.0910899743329038
0.11950827562689048
0.076619873248891
0.11337507849255513
0.0861337518741725
0.1667539671566753
0.12147119557000649
0.10172374575307684
0.1518353282869712
0.04707614877900161
0.08677978288595839
0.11253529204875556
0.14074086559429538
0.1023470073885743
0.02558598072535445
0.1025877984898082
0.06364160533591443
0.10314634222751187
0.1420174272778936
0.16331634180664784
0.12179555320648297
0.11034573600907102
0.12901212100686255
0.12966704286614078
0.08083328450019975
0.08413046605560395
0.11282870539794869
0.0902726280548652
0.07680511085820582
0.06645583750439724
0.1159746385882887
0.0894734164053268
0.10836293378011715
0.05836546101215003
0.08874377916779538
0.13671166177279315
0.11069317780221327
0.11548869514961309
0.07313267274954567
0.1047285469456039
0.14058335862451798
0.08435529065222808
0.08894668779870524
0.10534601255391048
0.044128250032860084
0.11117173262895098
0.11448949085215866
0.13087034934357328
0.08366943199226798
0.14477539927258531
0.07902991135397952
0.10688284127324878
0.04620087360949339
0.13244960246041937
0.08727133296933107
0.1528871630349487
0.1337321174468697
0.057729222258327995
0.07242868115278024
0.12587392873018025
0.09300634460113187
0.06186172137859641
0.02097527438012195
0.053333564583352484
0.11810077525896681
0.017727959331311965
0.08371256797086228
0.16015523578046795
0.0552581451661441
0.11618606221996919
0.09581344421545682
0.17718586608377448
0.09429069561270331
0.15260375381475771
0.15198052678287685
0.08218551878730199
0.11561927569771395
0.09603543873493016
0.04934284171915153
0.15201855475021686
0.11025176694977327
0.08149908640779262
0.10526973077617212
0.14908425952376772
0.09017154631618525
0.06216067310256309
0.10365015135383066
0.17365985181282484
0.1568464849270848
0.05426970090868782
0.08843284643109424
0.13689336503074728
0.11563082564502868
0.1053732141479541
0.07864563409985262
0.07966782112100348
0.11256778904903295
0.05780557450216897
0.13318186194562798
0.09350538074347159
0.11817508949844643
0.12601695922508271
0.14338190767654901
0.12442621414771718
0.007515068558694479
0.12394002171913322
0.0035811650771385983
0.08016784081392819
0.10643282284131728
0.13569163330180695
0.0838302895241688
0.141299839636993
0.06477481282860631
0.026594899241288716
0.16157529117971445
0.10806990461733938
0.03892724084025223
0.0623028649649443
0.10663950501195692
0.06700775672120354
0.09487785451345851
0.09614785747885635
0.06076858144808088
0.10760634703372575
0.08017204240054554
0.1261609508406656
0.10189223428816815
0.14604848073176235
0.13451013454260635
0.1083507709906593
0.09574794972161159
0.10084554315526552
0.14800274261693344
0.08845464578342103
0.14309881614287923
0.10578160365073923
0.09495244141383297
0.11380091255739128
0.07807995960552065
0.09953427588511606
0.07634833184969073
0.10372323263650098
0.06938963290102657
0.05823301143563801
0.10954173464090333
0.12026398108344039
0.059308871589906234
0.11241708076602142
0.09868378780866338
0.11244934066349169
0.11872390061978166
0.15056697682337783
0.1317961659627947
0.11715301785940573
0.07940201390125912
0.10483673566841367
0.09276514894750704
0.154679747982409
0.10320065827076587
0.10240199916065958
0.0581264658044106
0.15880230961823377
0.10777834093176245
0.1666209602404413
0.10197948018683498
0.10065376243592371
0.11153089063753963
0.125556409529241
0.08035471227363929
0.12307584025420812
0.11807030850169833
0.14956527479729548
0.11138378396783848
0.10947791354267596
0.11958786521584891
0.11360394351481937
0.13447751833863822
0.1021125861059567
0.12411018249281097
0.10335809467479604
0.11928297761732598
0.1811424352543063
0.0897219117268968
0.09901316915496973
0.09001475345713124
0.09490647619134313
0.128245523289327
0.06901082143555745
0.15202857083633572
0.058241710000869
0.13121219993257952
0.10281201747844262
0.0763080321336487
0.13235090426852603
0.0731939059739293
0.10646120808489598
0.09686544635852927
0.08764485673201439
0.13700726168024865
0.14624318320156027
0.07995926847496772
0.07777309154298698
0.07882072360204487
0.1322356846279307
0.04490342515404349
0.12863650832657184
0.11801011365752252
0.09802713129817263
0.10591988893401903
0.08617186303670787
0.11794641739068569
0.010761388140900163
0.07548720438022623
0.1242040324002449
0.1023482013403999
0.08947039943319096
0.12170066660750656
0.1091315507833163
0.12563782633523812
0.115167321691475
0.11539821506064477
0.11697139722170495
0.07458941142629272
0.09024923221425006
0.1204624366018958
0.1191988444522137
0.1227508610863906
0.12906393259243346
0.097104921503208
0.03320771422080748
0.12290558253746034
0.16461028965746982
0.10504385725958709
0.14536043499836535
0.09317090972955094
0.153515702725386
0.10378989498315565
0.05481666170977246
0.12022661266270095
0.0635378254431435
0.0987955736910532
0.08288498556061741
0.1380459504378496
0.1333181089345558
0.08869070501561938
0.11540621174876053
0.12013510372988412
0.0899640314693204
0.12152047091788734
0.151428089815345
0.08455219805022722
0.07014018647275244
0.07518161318669217
0.15270057731076409
0.07008444331924493
0.08835214477918633
0.08487563841278373
0.12158310376607595
0.0010441972612486722
0.06742235459286847
0.0739055797488896
0.1291431305707378
0.13736556788816515
0.10659762891660844
0.11969542953396595
0.07549883044923976
0.09479303101692116
0.12260249862973688
0.12377187207435336
0.11698772855317707
0.10816233651596145
0.12964730337636438
0.092135943577035
0.061231094991545366
0.09256520571045855
0.10102840226875955
0.08859733404369052
0.0643607748867665
0.08519381379956405
0.07201970550990651
0.13757102813200472
0.11739679990654062
0.10341473476433136
0.05812182230478368
0.12739571338584052
0.09316536957072993
0.0953184746876288
0.09489106547199083
0.09497011268080033
0.08284908788811693
0.1628132642720899
0.04108913299076192
0.12923847492625926
0.08592858797532991
0.08441693281392039
0.09581475384481265
0.06676540804355237
0.12964915142193792
0.1428004657194302
0.10998676300381739
0.0939453495660444
0.05830879622204037
0.10224351659189392
0.12656680724631109
0.1535554321099589
0.08913187911999013
0.12245799139044611
0.05778058070453108
0.13184466526768418
0.11185141486342616
0.06895224262998657
0.10174989516295022
0.14166810567287608
0.07115670571783386
0.05839234756279844
0.056435667074958056
0.07658421303773177
0.06842209380441294
0.14461252436385
0.11027150306691652
0.0839842855284077
0.0784702555733802
0.14930615864536684
0.1299209740877744
0.08026983097100088
0.08003449770629506
0.11882969838056595
0.06973725169338581
0.10813622461254506
0.14741500075602373
0.10909839727049721
0.11443332918117338
0.1171874586860347
0.1096017305222059
0.10613178458281147
0.10258127388718762
0.09028217855665299
0.12569546888168331
0.05698160675878571
0.10637857247681544
0.09619771698000887
0.08249215078306393
0.12771424056986017
0.09436505133140065
0.0805631505265184
0.12126639546932011
0.0955793633328822
0.10435396562533525
0.059218720007863164
0.05414707238918219
0.11329505970726286
0.09395617975203256
0.076168906615043
0.14101015184022203
0.13565537167514277
0.09126276421875806
0.15217165608474761
0.09646073952856504
0.10648320352607883
0.09524919958212569
0.12881364943149695
0.10964717549846019
0.09361730517319052
0.12705323543561914
0.07568208320601326
0.11737200180352991
0.14476992452003012
0.09674889713004256
0.0730543271927346
0.13354711921115436
0.09072287017983417
0.08722034774849671
0.070048270480356
0.09876388587291822
0.05920352537490377
0.07772972606176445
0.07054246358765398
0.0854702906549621
0.0597743316148942
0.1279157823957311
0.09706696864964605
0.12180722330031186
0.11810966657300506
0.06073944257532417
0.10524480750275983
0.04563755672002234
0.08394054563342593
0.10758037493478755
0.11110654882336418
0.1284462927131301
0.09576823350527572
0.1593165804885348
0.11946475997059136
0.09584803103512747
0.11796637410565587
0.11795266660772522
0.05909033057800247
0.10755801011910761
0.11256931845385151
0.12116739986872577
0.09442459007822733
0.038720127624806755
0.08236747040277326
0.09044423481392497
0.0897333543946502
0.09314703845650267
0.07249054739810178
0.11166655566936315
0.07421017233123192
0.1283332713675666
0.10220507559755236
0.07475301374638615
0.11964638535810856
0.12514904688771394
0.046251873882870095
0.11007580937902361
0.05031485990240118
0.05949077852268431
0.11644018336227915
0.11535703891521412
0.14131701948845946
0.07232627477312972
0.122756475613305
0.10306760964076728
0.0890585757021455
0.10125168232047732
0.09881475389976722
0.10955122068104822
0.08612076610330442
0.08520867809390895
0.12922787669046418
0.1077629762003266
0.10868451892447964
0.16134589018738194
0.12879748186671008
0.0866049156724695
0.09575456996209888
0.10568267612931123
0.08992980819219219
0.08059712726804305
0.1433021486273036
0.06751211501308363
0.1110730073956055
0.10281828599084183
0.1338641327704449
0.054821240024013965
0.1185713204636179
0.1028780202780481
0.09804071465012178
0.033966238697602194
0.0887860048277473
0.04640331085364479
0.10122450444900061
0.1071838689249219
0.1267984798320275
0.10064567828979494
0.1278337846545342
0.1348309328463889
0.10307745333632522
0.09369936879332132
0.09984958988869493
0.12588123328489215
0.12420659487174097
0.11286916306971381
0.08211737248227266
0.06717145404590395
0.09091571344734257
0.08150137519730984
0.06864255868328992
0.079911679400084
0.12498437205716506
0.14574731517151077
0.04544735064561832
0.06823235944876531
0.08508594814057407
0.11186367336431101
0.09676986528837152
0.1055719276700672
0.09366601186936488
0.12350863005436219
0.12435817944978879
0.11591471862101105
0.10964184846072392
0.06703600866646353
0.16969433729274203
0.07874438731120317
0.11270815858705008
0.07417545830946759
0.11636993602683027
0.1308406818948732
0.07583541492780035
0.11045317294868252
0.08488005230222366
0.11007828382261606
0.16414188787124373
0.11461255532888252
0.07750101895406117
0.07852363681982023
0.10435862302107829
0.09073826658218248
0.07239774834315209
0.09419756977233275
0.11253399193248456
0.11551210899702118
0.14153471925696598
0.10976021594880588
0.08429642600959289
0.012923031276881491
0.060941145660504854
0.12461907103822895
0.09508871668067027
0.10204226627875038
0.13640392982010846
0.08623515721656902
0.0337561727309178
0.13283272375995958
0.15403018341380093
0.09544534971260506
0.1445290352508866
0.12915190571889607
0.07821708498803395
0.0916194766856271
0.09427427286694483
0.05161258477576184
0.13292370435973216
0.07823743611649515
0.08794120377657665
0.11763938588208538
0.08516749197232411
0.17866241042087433
0.09817374537998338
0.09269215907894876
0.08744360458748861
0.06589197287930797
0.10914722641471578
0.04864102540890282
0.11374884331394038
0.12240721960877052
0.09199865539646002
0.06357563028702864
0.06535233998712062
0.1376523339445706
0.1305753258682165
0.06701660201871384
0.14173070443751096
0.10791461933384762
0.1675995734918427
0.08015498878304426
0.12973596624228104
0.07390597108573663
0.09483597047357903
0.08536238027456608
0.09292479898327154
0.09486434438903885
0.12470389796366098
0.1241038834036406
0.06992962850219472
0.11657937785880776
0.14220379810538877
0.17126027915322053
0.12638830860258207
0.09674940658412609
0.089430501345358
0.12143913714532756
0.10455604822569922
0.11118939650660999
0.13662092429846068
0.09063574909365277
0.17600811523149695
0.14551341206601623
0.052679758681392304
0.09140786730608048
0.07124964326239439
0.12378778320322345
0.1287394750125564
0.1552661568643688
0.08361219545387308
0.1412166245196868
0.1089783251414873
0.09210404648042024
0.033433892037699975
0.10670495138123906
0.08214493472175577
0.07239711390201406
0.08579985654641582
0.11893803217680671
0.07749773006524473
0.13072626713072327
0.05350738786819685
0.1186728722159994
0.09680302884071314
0.07705132573379224
0.06794027029346086
0.13120681736515452
0.09059279926862075
0.08219521845534362
0.09280330307585603
0.10859093408489028
0.14386799913287632
0.0778847797313314
0.09276389365873247
0.11200053511397058
0.10195193011015789
0.10443937149864548
0.017643562636483673
0.08237862230630077
0.08247067227897341
0.10615731643624411
0.13164536135336638
0.07396171225931347
0.09890248194160166
0.10687913846248231
0.12839541704139104
0.029150229090079208
0.07421927703826012
0.09593484423040077
0.10592052182803764
0.10161012749771973
0.07338329300395788
0.1385105548271463
0.11217081836945536
0.11504555158717356
0.12135671142109418
0.10099137487860455
0.08978675982545455
0.11143138995221105
0.07145872036556608
0.11742271634131876
0.05756630608164845
0.09766019253536275
0.12542270463743602
0.08193732350989656
0.09865582420130058
0.06284417905582892
0.11064828825742305
0.08824900402288299
0.06747307305331876
0.0836424008496538
0.08440709844115724
0.12310344414253643
0.14512358216343346
0.11841749497265162
0.1554719883981335
0.10256798749777138
0.12681056202168628
0.0918153904564153
0.15374454809862145
0.09535808131942222
0.08742023054446807
0.12022550698302531
0.1318468409358653
0.045245426867916876
0.10490938888421102
0.06976417516660374
0.12182544641765419
0.11256860813091216
0.09389268068095996
0.07953821456975071
0.10808235107057627
0.10813533699540988
0.10589510204671236
0.07070749839965236
0.15548567622121168
0.1225083459062601
0.10711445277727384
0.09753085904434117
0.13206213951019152
0.10624490166989507
0.08895630680654892
0.12223403749121042
0.14155830090780536
0.11641189739448882
0.11464664393674297
0.10128129805221939
0.05548162823395513
0.07686210135119843
0.1363098117107095
0.08278351736003886
0.1369826826505483
0.08664965944680207
0.05289066820108621
0.0834494890883366
0.09674554175963157
0.05107915565210172
0.07750444391782818
0.09096228735805921
0.14659364635594843
0.1562506521669778
0.11424976520281542
0.0782056887492576
0.13702849174329287
0.1258365116234028
0.0944913690881541
0.09961347973167972
0.10622071877293034
0.15204561789344778
0.13596659815816692
0.09494063302556885
0.09859064966505861
0.09158517589325536
0.057042374554779084
0.06682607414312357
0.13865599628376746
0.08341173132243887
0.13586805474293415
0.1276576936629404
0.13026793827099384
0.10307663759030643
0.10620859003038931
0.10181249071262788
0.12870010504847945
0.13935109859329303
0.12780882092845486
0.09176403172023909
0.09953848158439066
0.06467605689949721
0.11128816273329815
0.10012302355759323
0.10734176707422466
0.09826413462428833
0.12547081764216927
0.15655309952843313
0.11830274435442088
0.11727890547950723
0.058332802979840254
0.12141640336599993
0.1471586171314606
0.13155366257948953
0.11592730897987216
0.09812324011806622
0.09678180319452409
0.09814389327325944
0.11252881933990368
0.060369091787009395
0.1363990354808865
0.08169027314616381
0.1066610507870295
0.04980298752831374
0.05588417382278147
0.07125890154927636
0.12116324734947594
0.11200878085569496
0.09258278816177261
0.11281326549071287
0.1812952452947249
0.10067724347904357
0.10632172559050439
0.10395027745274046
0.08943434645180787
0.07401498374527675
0.1000533737905016
0.08920441006358187
0.11926184910807289
0.07136464136060723
0.08838538975128923
0.1283980029916279
0.0740633455295688
0.13418870063186156
0.0931025836900592
0.13958263015695457
0.15405659229497554
0.05808994130585018
0.10542532112550555
0.0805032594124788
0.09281662815427043
0.10639689192458901
0.06582672960616126
0.1017805469219489
0.09641357490381455
0.08270533536758432
0.06100991288372571
0.10722382408884785
0.10437270676161389
0.07685398209042042
0.08872548832452995
0.022804553516900514
0.09470658440994074
0.1100052711986876
0.09715970519394193
0.07745530901010757
0.18609478406472318
0.1294673316154758
0.034336115499633196
0.0399687781137619
0.14051026795632285
0.13497526509963334
0.017250620567642302
0.08008925752942797
0.10530630940072587
0.09543728764524609
0.13517661020435134
0.11817167081945926
0.09811160630354258
0.07092256426966932
0.1175761765342109
0.10661949722685739
0.048571004917682854
0.09837112037425226
0.12428828489438892
0.0876048947140438
0.08131852467261835
0.10436639742968712
0.08563829842762619
0.08461713251976638
0.11131650844452329
0.07699620832301461
0.06340413212763968
0.049776323802393885
0.10092208520283957
0.1111228902384413
0.05680353165106528
0.04317425140948058
0.05717744786324962
0.08442343373935966
0.10615555802988486
0.030711841023879763
0.10669248561144488
0.14406174777743064
0.12958086401109184
0.09694430803569053
0.06110846134442419
0.13760681364310307
0.08128725031511877
0.09627407542717872
0.10696092679577722
0.11800337457340501
0.06352289751005638
0.07921309717124983
0.08480686562491359
0.11163693692200968
0.10827295977072349
0.08156289004401397
0.1314431902597359
0.10358227560771342
0.08783910982968919
0.08219015071236668
0.11461670993408188
0.08643667993216214
0.0664590567635013
0.08819361657076366
0.1467211797808485
0.10438074968032429
0.14652688205593223
0.10688993033083408
0.07147935704565851
0.08485377925751156
0.08984022713570393
0.10392713477708125
0.08624180576649931
0.012529210521109169
0.07428075478602966
0.08028276629025533
0.08044522048482416
0.14265402178585432
0.02273606752914893
0.11307631430057878
0.07898325231098477
0.03736360963472281
0.10620132647447343
0.12984006676904322
0.15469204412652987
0.139566080849656
0.11538832726254791
0.09644163986707129
0.1300397852045901
0.1092807216359506
0.09245990786214228
0.13163631833433415
0.02448377652755622
0.08602542251097485
0.12231436183888447
0.06437715723151027
0.11168506423145112
0.07172490934614167
0.07716185073429464
0.10030759156873373
0.07532994058770333
0.07865656109649985
0.10718127209715261
0.10508807916451171
0.05145153040219625
0.1224203479794418
0.1417938899589002
0.08961678011921873
0.08943222446869434
0.08289734802478128
0.11906346509458131
0.13639495247149708
0.12298955115972002
0.12957927779190268
0.07027826762138176
0.12588378346634588
0.06484919539792258
0.11161800072907839
0.10894283466269036
0.08239336799710978
0.09418186069144
0.10423339830855564
0.08353018548170817
0.1075989758097212
0.12819666776803557
0.08889101048594633
0.1081337295115859
0.08937570047193114
0.1027069967761929
0.10870527631750089
0.10657329504628707
0.10967520692562334
0.08364249502301999
0.09104289403633996
0.10964108090446158
0.1041817575730552
0.04284786792933099
0.07241304465407088
0.1547232316056044
0.1771932332257994
0.11292434558518291
0.10874079093478278
0.08842226763685139
0.1350922687693833
0.10755118937594724
0.10063755551632571
0.09884316092295473
0.1531534031806597
0.08476465197587792
0.113649259934017
0.1414741983448371
0.06243368463131647
0.13086911824428887
0.1019848255798724
0.07883081417599039
0.08406792570832777
0.11736267181860112
0.11038598815900288
0.12976302175989052
0.0625190013833851
0.06924250792016373
0.12047036207130134
0.06646806666685376
0.0709869167322991
0.062143229401421494
0.18051480859569768
0.06659801919226302
0.08763507297610953
0.105195499537229
0.10853405628016737
0.13230876409450387
0.09103999953951514
0.054881362460773735
0.07708352144943689
0.07878136905441717
0.12618476942293763
0.16195349630996644
0.10247380643442482
0.14931859977381406
0.11955706768129352
0.04381753021789071
0.09298541742997139
0.11070748394068769
0.09084639775031816
0.08952848881954609
0.08975522562015972
0.07986239724428168
0.0629650428814896
0.07495937335608482
0.10738792746053356
0.08728302762216254
0.1441931160433134
0.08611342119902266
0.11279874012729613
0.1196548695745679
0.07997474963503397
0.13234357481445924
0.05952374821711531
0.10326326819850219
0.12886069340846565
0.07871188632171122
0.11104112772227924
0.06232708811437384
0.09091216977718893
0.12359319994228711
0.048570804133407586
0.13946674772907774
0.11874042603472465
0.14643523833342634
0.15269989190194985
0.13108439677311046
0.10971222355448446
0.1390482182687311
0.10556464928343648
0.07903330300700073
0.07901507418144393
0.13663020839833628
0.1352300704761646
0.09861651371519453
0.09923950514051268
0.06253385716008197
0.1240055738548124
0.08957398902798802
0.1429939360916747
0.10730156740841941
0.07284844230856474
0.10249161513684243
0.1464105244634733
0.09466487778538253
0.0810956569415302
0.10904174199866434
0.10722386702594719
0.1584472611854883
0.05088759242702515
0.12542559208126353
0.1093746736069785
0.10800141645576589
0.14368720807466898
0.09700682345300918
0.09738307884311789
0.13961779792276158
0.1347496295889179
0.10291468693930253
0.11935768213037623
0.11294157005390734
0.10859680279882393
0.1167947681049477
0.1122170225750739
0.051968068098408905
0.07316083017086528
0.10505076954170046
0.07025460439012447
0.1015840168218304
0.1196110695584433
0.09356521332007672
0.04924365089862752
0.13117074015846203
0.14425622298134277
0.10184022194139819
0.03976882931660878
0.16310328142600794
0.11601702819843582
0.11070421358969068
0.09714673348912718
0.0789144952080248
0.11668288277661325
0.09492733813629008
0.09173111652830034
0.08733877563819703
0.08094475008175976
0.15511593224135067
0.12833060958413783
0.12650025545916185
0.06913913951610133
0.06465678551890869
0.0657573413755014
0.06981350842697268
0.11561387721272252
0.13834444921678032
0.08540628227042234
0.13543900017373614
0.05541370178411668
0.13321729021658862
0.11469302635479287
0.14166969500868687
0.08822702890231104
0.0661380328551847
0.13026651617111462
0.07776023178779029
0.1303452152465015
0.13635241851773344
0.0763449309788407
0.14918079686379027
0.10906712687519363
0.13628406848368435
0.1352340249201369
0.09524206548522735
0.13052682501676421
0.11530328234753957
0.07428151541258679
0.11944287228536173
0.11373652110146004
0.11186230897087239
0.12526923055658207
0.0237585510718913
0.05806124447659583
0.09547745231811032
0.09634416412624229
0.1553093789428443
0.099373524483742
0.060284217319891635
0.09232210878724256
0.07699142953974916
0.08802140857212287
0.13131302880265247
0.11139847844561232
0.05147029419300603
0.10972112493584116
0.14654473345758867
0.08107426341854931
0.06822963397668641
0.13615271081121444
0.06176691395741456
0.10233327062985839
0.13176331419082254
0.13479162237039133
0.10092660128196683
0.10048055252476984
0.07831195022743798
0.12309313711846645
0.12251419837459737
0.08577655633326127
0.1340530647491921
0.04240655139650273
0.10526647911666659
0.12877307493352294
0.1143741619471432
0.1607065543955289
0.1111823177378933
0.09402329611485058
0.06263648252809884
0.07171596498267377
0.1442881223906575
0.10575230782020072
0.11780857216311708
0.09349236762730843
0.12215798219807389
0.04046973236776211
0.033389153819714565
0.1350801424841334
0.11357747166710983
0.1573236422038552
0.11518118912126513
0.08893945038789752
0.08350807759442405
0.12107874432088298
0.060211688361859944
0.13457824940559723
0.1232625989468775
0.13941512677695778
0.06388034493273845
0.1356990963790384
0.13930918350323648
0.11188434083192264
0.13560620182102123
0.09894186440147705
0.0911835077691841
0.15475241526034098
0.1101593487392579
0.10209832631822156
0.12951561743127415
0.09315362939600282
0.0997007011096814
0.05639797857707217
0.13277788896796971
0.142419920975148
0.10536404593817779
0.0609694506390274
0.11865194552125899
0.0932762304537074
0.11230042513131368
0.09345977071588851
0.11922330509317694
0.07719374158685481
0.11706340540323061
0.08296027422798247
0.10378998124246902
0.132174095720531
0.029405676453638507
0.10656578517151435
0.07494353631509965
0.0634357325649284
0.05563258050069672
0.13786377343444634
0.05376256410615693
0.0974374801984276
0.14393177297634765
0.08811274463540045
0.1361765478141326
0.04162933654142184
0.12358641657897976
0.09309727437293663
0.08903171800098578
0.17460608561525884
0.07862141464817043
0.10231129140472445
0.08683714422315103
0.07186190770397584
0.08520045500282528
0.04579141141795194
0.09290942748256052
0.09535151555687155
0.10410251778630088
0.12538380484367348
0.08978537653769686
0.10885985182540094
0.013376150338107823
0.13464465515906304
0.1051256776401199
0.09315286962226471
0.08961826932019279
0.11619695488737783
0.06021897588457742
0.07968934397088183
0.14365248697736024
0.06702628544484585
0.15209721805689125
0.1386228419469392
0.10389174098856499
0.10580634752400955
0.07510066656774515
0.07888485737178261
0.11712159756208587
0.12643180491849013
0.06309439534108949
0.1470379590855313
0.12798360885421772
0.12299481141714191
0.13604187946889576
0.13469998983580816
0.13344379177357676
0.09300576700259815
0.10630201729071978
0.12502538136389119
0.11149778920239145
0.1113480019304914
0.1166883099559144
0.11887043545114598
0.15889217796909483
0.10216863185390901
0.13075010189656067
0.13325080778553036
0.06330159886996606
0.0957819758031969
0.10676616627827787
0.1227283621295377
0.14081142015149029
0.04463656933072115
0.13139554106020201
0.1301604418813205
0.09437299203247042
0.1418077329481969
0.13086114923316577
0.11285574616209218
0.0862432645114765
0.15602477678167737
0.10404072535803274
0.07221887929788802
0.06663688220454408
0.07395984849019917
0.11099598914594139
0.06966334960365687
0.07458965601499826
0.12310494487877569
0.09078444478225067
0.12403170759808527
0.12141386108670862
0.17883002394947586
0.08556511187300042
0.10258721294316542
0.0729588552700137
0.0574999838351909
0.1311400153673117
0.08930965691751837
0.12191030410651539
0.05057261213656732
0.09829164172604624
0.06659818066476716
0.09221427491522283
0.0825325260948095
0.11556131739281991
0.09091090929449364
0.1532159367857947
0.10154055597176806
0.12250206510126677
0.11017560024763934
0.09270063023813972
0.07459696078869797
0.06608517695244381
0.15659029231897661
0.09066350276730441
0.10975071013624266
0.07048846197355739
0.06100570727997383
0.13354133775776061
0.1005276034897138
0.012842371413483142
0.09670205727299097
0.10290217678752431
0.1500167599578618
0.0982224487558956
0.09017515154732506
0.12411609911296967
0.07945008571513343
0.07560756840262717
0.0851385045269692
0.10918637618201849
0.09695646024611795
0.05053268923900531
0.12024430776369446
0.08789411179583734
0.10005564108289255
0.1262839045666897
0.0925771627104018
0.11821373856158315
0.1301387913055613
0.11429077962313383
0.12162637657950152
0.11519362490431252
0.09429108921858315
0.0499956485974186
0.10327401245769884
0.1112133548784732
0.07249873570545942
0.1255086632105902
0.1497395398923725
0.08751831612253726
0.11983062318951401
0.07423212390560145
0.16186369402300482
0.09802504359963937
0.09588092734874985
0.103168035233024
0.11274461768216967
0.09941082925259463
0.07705715691869827
0.10125384757124703
0.09317204153786468
0.11017193753262287
0.036811030340981224
0.10022443579372405
0.1052274251676809
0.1060088280494606
0.03096745120848507
0.1058466798832471
0.016119474885112395
0.11929358351506328
0.11522922140622549
0.14700130007826573
0.09726270539338872
0.13477968697190326
0.07366340692162401
0.09019138164107184
0.09765905100921249
0.12895684415265488
0.09933141807732772
0.09868237011495731
0.15879279249314027
0.07627746658662478
0.06934421623482874
0.09452553681017714
0.09257555478935921
0.12914481799621397
0.059369010456009
0.059078781080299334
0.027330327250514624
0.12616199660001529
0.13350913951036147
0.1336615749385473
0.13146351300755282
0.11892494299840649
0.08443430822413754
0.0786366496010828
0.06908282363321958
0.10535825870535676
0.07373162202072377
0.05304313988803427
0.06047279095947463
0.10236947740948758
0.07625529531485464
0.08816211719052501
0.08097291866342932
0.07340401677680418
0.07506775769200451
0.0756589934874512
0.0932759069597509
0.13617312195012984
0.14725384852330028
0.058151756482688825
0.09319148751062653
0.03922664653003197
0.09165246208874187
0.13196269545045888
0.09743734692937381
0.11693585852636892
0.06924667091624738
0.07144370007863068
0.07422843927024508
0.065955569617173
0.0971703154868642
0.14465138263079425
0.0845106750428764
0.13659635965595024
0.14252534980515322
0.10903051968623721
0.06023109764357096
0.08396161337092761
0.10097970962870342
0.12118401071538173
0.13305983635092944
0.11599837450772374
0.09538238847005397
0.12016167911374162
0.09503178203948098
0.07063475595744291
0.12075648622480342
0.09675424929191986
0.09736257713330704
0.12647214671367932
0.07402046402306656
0.12282318155232261
0.09784018518139825
0.03910169248495347
0.11201506211931848
0.09747712383532048
0.09395435948430104
0.16242438006399834
0.05538157137736335
0.06350801725608213
0.0998106469948272
0.09616450914292858
0.0953651923614745
0.1193109028861414
0.05864422567344302
0.10791990553577399
0.09442032910292805
0.10209115720435478
0.05701122686341882
0.14867968303893012
0.14231727849138312
0.11850438102988654
0.09569188315997956
0.10214914328021525
0.09553875609534863
0.10254591756614304
0.053941708876540685
0.09294224071524122
0.08583849612944587
0.0736598647415661
0.14572260042161359
0.11902897707536149
0.07846832520079325
0.10509630384633713
0.05203617957659513
0.15083625200162626
0.08814323244438978
0.11006815168064428
0.14586211377877456
0.11561294534812484
0.08669980920839443
0.07377148892776812
0.08928573948020911
0.11159542952810778
0.07561390926111654
0.0736816942546534
0.10937712620234762
0.08353189021546453
0.07377904092889681
0.11822662131263899
0.07115608541990691
0.07214497888086317
0.1240162059632561
0.1730449792263952
0.06083308167617955
0.06581116356036751
0.03654743425958441
0.04579528908888548
0.1264105580136353
0.09413624595234657
0.13033365724762516
0.03779555226685596
0.15128754424885
0.07747438641690838
0.10179961781691142
0.14585529831618038
0.0937055529386593
0.056680479920672475
0.11039308322350033
0.10872756090529681
0.05983549737175454
0.07470160721685411
0.10029501815607601
0.08656052980747055
0.10673964124685724
0.1215026443312095
0.14802709169238298
0.09454156194807882
0.0977687435700512
0.12576105144123767
0.08590775149790095
0.08927785635987921
0.1005080194622242
0.04610409246631284
0.06181655972673553
0.12416704449781246
0.09844665987827456
0.1449696470741108
0.08918101483652252
0.13000799960057258
0.07734362908592114
0.11120282934004297
0.09785343887012199
0.10845100642742224
0.13830860690039698
0.0889969038051995
0.10177168185273432
0.11459314964594135
0.1278448995567607
0.11499237373098756
0.11268808342819205
0.17281033020924852
0.15931842988326023
0.1400745706638813
0.12467939958948257
0.1785854609767143
0.1017395224369952
0.1526619793573259
0.05835389026928422
0.14058070838771536
0.1143855248690383
0.10267226479308927
0.05615601282333198
0.0917170664039685
0.09478681262532998
0.03771634712827229
0.08047945724288191
0.09085846141448345
0.1198447828369543
0.15302302915036053
0.11770649758669463
0.07617837513086889
0.1107363783792033
0.07867162583914476
0.09657980474814244
0.06369204791110727
0.12277702661851937
0.15564208266014998
0.10198054375694796
0.10577034312642083
0.11885990456210062
0.125313217741835
0.1532872897433394
0.14995311633435743
0.09500284693599163
0.046650332505619535
0.11599853840007972
0.07242172927023091
0.040467877966095564
0.10961295978081133
0.10541804517755642
0.14591700708544939
0.09510700923135457
0.05520673672460102
0.10606714387422125
0.09819652039625303
0.12925469763152758
0.09401416120964766
0.021381150668974322
0.10740252912722938
0.05143097608153978
0.08612468473421911
0.1139231299072081
0.08929145939253905
0.06858472823393032
0.10502027590267625
0.09359844027576947
0.04313554359494216
0.11298995939041524
0.10581626690181448
0.13081636715672285
0.06911165110967807
0.10729026243183358
0.1392864098502124
0.11859090328905683
0.07012667027466474
0.05940078027236318
0.12820252333122967
0.128439672776179
0.12660014055082763
0.10443734066369316
0.1294080449300731
0.08952229135798222
0.08297255178449509
0.11021827446477397
0.14710137375194235
0.10898582898045305
0.11633371618459862
0.1374298770479219
0.08658542877918204
0.11852477902222378
0.10563033256541253
0.052719772290401666
0.11476159071899834
0.16462883490185987
0.08648775950028471
0.030005068715934544
0.13403310915217206
0.1321394197939715
0.028548150657608226
0.11594647666802758
0.08677188762138864
0.1565038648840892
0.12472909630510083
0.11328603991020347
0.10454918830648123
0.09125411038776639
0.047053214637829154
0.1293466289889907
0.10916896821342877
0.08758130182497534
0.12257447424450632
0.08331003614354869
0.1407975661844713
0.13386495490302464
0.1152883044124509
0.10635923709467579
0.09359165179456912
0.11246291070625838
0.08464161579052316
0.07334318218128486
0.1337410965593446
0.09718074538044286
0.08735447309405271
0.07357153257478412
0.0806609913955171
0.11267691944520869
0.057750577395792625
0.1561108650297148
0.09988934962560295
0.08922093958951205
0.11774289418278754
0.11077049122423076
0.059621220554809826
0.10010112415434233
0.10911185403715916
0.07475433380813438
0.11525960107531781
0.11689281030075077
0.10062586063773205
0.06808025112997165
0.11611522596991979
0.1046992172374064
0.0810660037521864
0.08264001070038633
0.07032208643253085
0.07068286062064379
0.08966361398629694
0.13175572904923755
0.08792866085256626
0.07533342845572658
0.10028954386301953
0.12818892560434797
0.14091070454410262
0.13938564377705115
0.09611268402281889
0.058520573220488044
0.11274463864104815
0.07399558773998186
0.059434968893038925
0.07151112762297467
0.07620440653210613
0.10768508360115873
0.10776954035935984
0.17696178125175657
0.10908961253070958
0.09282159728032684
0.08676820187257546
0.1433827595628513
0.1267486841127766
0.09552563962067825
0.09051240358258379
0.07893618606354408
0.10003164954365092
0.11460939855600985
0.08912922095252936
0.15754763812208028
0.10628073259674221
0.1254108472372033
0.06833044239694036
0.052016300821748115
0.08073955198978414
0.09587319326013306
0.10589546642404458
0.023046078767014297
0.12604724552674057
0.0868421779609423
0.0934021267894943
0.06905138870036301
0.10484059464320697
0.06849331418626448
0.1094848273106895
0.11931427699689715
0.11735203135204358
0.10345280885218133
0.10981067841705773
0.0999509285504424
0.06850057637550241
0.15938337280428233
0.08276644316798246
0.12952079780400827
0.08328845693379736
0.1134221902737596
0.098206687227795
0.0681827143472032
0.11702714624821273
0.09949941012747372
0.13984816850613832
0.07127175604120128
0.07641156540409609
0.07345501777263644
0.09698715790521598
0.1374113751528241
0.050642311187437394
0.08448979324563001
0.0775089330717716
0.08764548111195092
0.0632121498242836
0.069972478042483
0.08013310592408594
0.07754736694511354
0.14220798933682496
0.0886674404940726
0.0965741706336272
0.04886856514101856
0.08349577036734884
0.0815910592584115
0.09753280297640457
0.08687566722563263
0.12903991161146144
0.04910025162952846
0.13187255925116667
0.09985876676514145
0.11376097371753804
0.0853330518632658
0.07553123306427552
0.073768578435748
0.14837959234295695
0.02282824710088789
0.08629181417225645
0.10539397144663525
0.10938828925916956
0.15526050140453956
0.09420592621264086
0.04090772453798776
0.06440098236143922
0.05474598851959746
0.13788601508326806
0.13050523242271328
0.04542563491951714
0.07928927003559043
0.11775070319974512
0.09662276405327888
0.0801665072156125
0.06778042064049865
0.11523702452749408
0.0711083134637932
0.08920337829629343
0.0817966695117416
0.13336474693032827
0.11786436950342827
0.09007494967422733
0.12761101531849095
0.15141055596517644
0.14429771224751772
0.10761156123217928
0.09384520188557187
0.06673452932788299
0.1371868554528772
0.11213039923751289
0.13878526828991244
0.1005828383507575
0.10869038057379778
0.052424848835786214
0.09832932063102955
0.03797598860560166
0.0660962452896413
0.07581531638703225
0.07946176674661008
0.12471707869906469
0.08298902033125015
0.11271286614230744
0.10900175033906014
0.08353273304855789
0.10214604227305095
0.13408244990250895
0.10500711471938387
0.10180542837312159
0.08363708705999767
0.11642645457246195
0.06567750108392043
0.07038270427368148
0.033378845073188446
0.16175354614693133
0.06273845598075432
0.07343334113540176
0.07238388076614002
0.06508046525995063
0.08760066541780728
0.10769272171656154
0.11076650854896863
0.062086244804905696
0.1407434667844656
0.0858308610401036
0.13105872196030094
0.09770520534101029
0.11796077593873511
0.06112047671170645
0.10471874255023614
0.13577403370395963
0.046458992923704145
0.09430635734882632
0.09873965495225354
0.0922089433471734
0.08351412263985529
0.08255400798945205
0.12641002929625952
0.1389813086355844
0.09643241291965858
0.14766146918141615
0.0694354750766629
0.08698525402290885
0.12165469627960525
0.0818759316631904
0.09653001749226496
0.14272884583447834
0.13845281106578883
0.06659372649391396
0.14561237043298658
0.10251974867154827
0.12641501533280716
0.09345664869178766
0.055305074497525496
0.10285309387961701
0.08100573631742788
0.15191662429618155
0.10417991887095573
0.07816299574127775
0.0927096032168267
0.09002637086700883
0.08621211346844702
0.07333816643108292
0.10021104261089378
0.04600973249732938
0.07875482348437338
0.13376210090817015
0.09779317474902781
0.09383790792360755
0.08870439838185055
0.13003856079627507
0.13815313775601457
0.1377143918760797
0.06831967160566163
0.0927915200586928
0.05440815203633328
0.07498296855344977
0.1333887639581044
0.016826709442004845
0.06725051703534421
0.11769651777375689
0.10034459435551768
0.08118013538965531
0.10955269719106495
0.06839922234728546
0.08199351967535887
0.16894399898672952
0.10142738230016622
0.11806342727988181
0.15977981160633453
0.10439312459136005
0.10743613628742024
0.10933017924280222
0.08898997012155059
0.11043557076492609
0.11950732830811876
0.11778517120464845
0.08965359514919834
0.08204052511522962
0.10058838619917117
0.13355381107059985
0.10301254607369141
0.025625531546814836
0.10104849470813596
0.09622827397394937
0.07803847679746946
0.12780390752972748
0.08591793203164963
0.09086767774251539
0.10393932923132701
0.09202534139772262
0.09275019693098234
0.08914649423537359
0.11295073961412301
0.07550202398755834
0.09382872352322777
0.05906520287366959
0.12728423776204725
0.10565131674110313
0.05841931312479936
0.09809534266340966
0.14866013153924432
0.09913108672611455
0.1269855722329083
0.11897301289634421
0.14108298217913873
0.062380807222695706
0.1445013731567198
0.13987305793223595
0.11464651587951674
0.09232100130238803
0.11031250428294961
0.07796652234166634
0.12939887987789078
0.0804577926863918
0.10061566306576455
0.06955277140512534
0.044138741244908984
0.1346936015713177
0.13054019833439034
0.08139302257257791
0.08986667327578013
0.099371555835326
0.16799343006802742
0.11542928733557396
0.06469518306677403
0.07961037930704347
0.1021590319696669
0.09638667522921829
0.07589431055743857
0.12881412349297897
0.16657188297504333
0.05935334216242547
0.08998996116240836
0.17117471255908867
0.07450041103027555
0.08014424812108933
0.09908561700264425
0.08669514038596422
0.05441801082193025
0.13228886857450614
0.03009242952801386
0.12604465384250813
0.09613694396996661
0.03828185757109944
0.07034479613327993
0.05794838663806422
0.07856754259040659
0.10715790437005136
0.058846035251001266
0.10366138375283507
0.0876551930695902
0.14730711270989175
0.08235641289369725
0.10787495877962186
0.0705166035638598
0.09413381884925051
0.10605933041477747
0.11837669558648059
0.11637349937905594
0.06401170974935051
0.06706249849279991
0.10470568603023822
0.08145428162296431
0.14640728358672478
0.07082738186734877
0.08678368131947375
0.09132580810607875
0.07999904901975471
0.08915665887496135
0.1252530102917634
0.05268439248868682
0.15626772021378554
0.06788352913219886
0.0812691429450286
0.12485524600880686
0.10770293627832721
0.12725759587913826
0.14257904479507422
0.09000199529921461
0.11560574395546082
0.09298312551249305
0.11958551926425917
0.10367441930646067
0.10971830627914188
0.10797439678054842
0.10174081925404345
0.13329908561866385
0.07720727023710286
0.06351173513797478
0.11211014914373958
0.1373539870793659
0.09947992469170701
0.1318258368474548
0.08513704371365075
0.0962055136635757
0.09750522991655786
0.08711886994324478
0.12876440013246243
0.14340346321747857
0.1297847207445641
0.1398831333439107
0.10784958538365996
0.09954598920615555
0.10337369863499862
0.12538301061466667
0.1086108660979746
0.1163662271129465
0.10806296050221872
0.04678201586358399
0.17199642539564164
0.12069987743327835
0.10784494952018038
0.13477128154614393
0.10140266422051974
0.09544269362368729
0.0637315373011147
0.10207157061314036
0.07388510806972912
0.09017210323585235
0.07098848949719737
0.08445977895475683
0.10667759569554695
0.13409455124997544
0.10905179637596565
0.08744921527630137
0.09955448790075101
0.15695936807353172
0.08036363146251961
0.11662204912747776
0.0636066551692798
0.10487070583691652
0.08367368812641517
0.0757086519028064
0.16554374190051452
0.12739202864817986
0.04820584656463561
0.08620070080342726
0.09086089696273848
0.03380125887255915
0.1336803871439425
0.14014747595284788
0.10985641770797777
0.10733685016277834
0.03206827301172857
0.07389121057788844
0.09357494289632784
0.10607227160242699
0.07937778952660406
0.1050675798731717
0.03659835796540559
0.1279386733325001
0.10190166442746575
0.0904324427928474
0.1419015295651141
0.0917403671153639
0.07269828148706703
0.06025850803394891
0.12572937365746603
0.11881327571196154
0.11473145911812767
0.11140657798893507
0.16887033663332068
0.13606556144980253
0.01569055707667305
0.08621024972965748
0.09348140595922436
0.12341656122854505
0.08279925917416678
0.099357182815384
0.09569059169632166
0.08971474191025994
0.09375856930939437
0.06260982675587637
0.1149048057785667
0.05590741785871968
0.13836309831626326
0.11937417652119363
0.025551188877166814
0.07334031861742732
0.1458903118358269
0.156634143248272
0.1683515753414031
0.10812773973248659
0.07299250269418839
0.06923026558688888
0.07582577005285152
0.03918611700935293
0.1208048596227054
0.06749347839683248
0.13792354992955685
0.13882809972538368
0.08506112682730502
0.1159532992648458
0.12429463782327677
0.1158355358596285
0.09982243788493239
0.11067759426625066
0.12008457375203
0.05977209899050108
0.1158954640651158
0.08315002894070742
0.1139328796711182
0.11726956605757317
0.04731671599946367
0.06351298463945351
0.10938767172963827
0.07630250521138836
0.10270314894445987
0.0998993512582173
0.11208314093648503
0.03856622498750796
0.11897725385534275
0.14534025250407498
0.11272267812441095
0.028812602342984744
0.08883557788891759
0.13209334038501938
0.07113798247422966
0.08138863028839384
0.09652686138315655
0.12690518481319568
0.1441925762928991
0.0928232401062236
0.07136949748697792
0.10553991708166661
0.08270966846565289
0.07438332361100206
0.15428399132996448
0.13942715106205975
0.03341202373735966
0.08845815750249574
0.1150877654597763
0.12008011006672617
0.11661868017876928
0.14482205162548867
0.06222871022955273
0.08674519859997806
0.08295168665787372
0.13492645569861206
0.08326004731738698
0.13114994536794503
0.06355354199606783
0.1028465145090813
0.09360835555094354
0.13713183312967694
0.12360190849405273
0.09575677793059963
0.136832358034176
0.09686387587954998
0.10229269059909245
0.12180321976417582
0.053459273475901604
0.050954535485370676
0.11321539018469189
0.12155117727271951
0.1242415335258838
0.06697476914219655
0.08452405564362236
0.098638339316182
0.04040262588138921
0.09609960161348369
0.08417710288713835
0.10810880424726974
0.11657470427538713
0.07299376988229353
0.07077701644564258
0.09954024010857294
0.09396683185572202
0.11086980828556167
0.09166890719910584
0.10959492800524047
0.14327184938512436
0.09791764090190623
0.10770017766713405
0.0847611709230958
0.10803048629630459
0.10721110739005293
0.16278265155923216
0.0854945917682862
0.15645745807136227
0.1173438233824922
0.0734638047683923
0.13390136358160662
0.1284278086787388
0.10820743308585383
0.08752077366224932
0.0515382694122046
0.07731007087271337
0.1374981294314388
0.11617735504579221
0.13451610499012256
0.06564888494234655
0.04411028021996143
0.04267646014668835
0.108657435879091
0.11571963456227194
0.12082295015270579
0.042188031617963
0.17220625132064926
0.11131112439069893
0.13000446390779588
0.07979045986871255
0.10285528933453371
0.051783494337076484
0.09792683313779178
0.15527084311932493
0.11131888316281914
0.09556648717135982
0.13788049062053648
0.06750686190908137
0.07067652842449641
0.04295123007552631
0.1342498605329748
0.03704801394840844
0.10485044480093011
0.07160104779561227
0.13041087994550982
0.14290676542546837
0.10205962114077792
0.09029528695651177
0.06925815614745397
0.11541061033865546
0.06730339468504931
0.1371951057798229
0.12573712090749617
0.09005289502010662
0.028323709196221986
0.11974921685402531
0.12801440079415452
0.11140029505344287
0.07883038964074902
0.10037873030047674
0.10672504241618266
0.04756064495396886
0.06702291763556509
0.09353706447203325
0.03731442244776814
0.11221334404634946
0.06837140589237864
0.11403293066191075
0.14488151483446432
0.0790444329575814
0.05912064263552609
0.10951931662100384
0.09736048359333623
0.10424219477091536
0.13545349052387573
0.10809578313284317
0.05053360353831464
0.11644840322147956
0.12545614930453097
0.03877299487882223
0.10822389926751763
0.09729873548222324
0.05909629894012095
0.03696563804507376
0.1634314444570453
0.10752703851708119
0.062056860845573034
0.0876321280260157
0.08530162136728694
0.11455782194866637
0.06771355767778715
0.13931657844550904
0.08388637028510612
0.08143139249550413
0.08137106398199426
0.07723559930489189
0.10206256557959752
0.10415172188134646
0.07505072605981954
0.1112627095981448
0.10471606501528472
0.13283845963390895
0.12792013008880018
0.06913675219604527
0.1590854758913686
0.12328161160897061
0.062200261710852536
0.11470079556412352
0.09320109645239481
0.09999317041993314
0.09544726700208424
0.12490890358955116
0.099016678845559
0.0911890623156971
0.062426086176954575
0.10149269968881167
0.086969188901376
0.11562988088218457
0.10860234191771659
0.1535551412702253
0.06871419861056718
0.1401155707949494
0.10639271369205307
0.12113053566118105
0.16045444901348638
0.09816562304484053
0.0860126276767085
0.06048624793961661
0.10807933028849087
0.11784951053197215
0.09450596921220222
0.12809748615686298
0.0959393076970115
0.089698923355079
0.0762875711092238
0.08312658370169101
0.10671592588385032
0.08871050184705391
0.15431980974487539
0.06212181906456535
0.12360276725873082
0.060098999267509494
0.09538227563723423
0.09780925561703181
0.10733697484482116
0.15658913317955217
0.12124720601105216
0.11715441452538987
0.08731073844666142
0.07660597169907614
0.11069887566839463
0.05040195213276563
0.07062101452277406
0.04840948556976386
0.14090579989298885
0.1640547802070584
0.11177511159124952
0.11447499101696847
0.06437042081744324
0.059462517901195805
0.10112794208497823
0.12121047574838303
0.09896190251683411
0.10998830630064496
0.04707124938128495
0.08814015764644086
0.08242717687294424
0.13819125814967737
0.1519751251703395
0.14887888108016467
0.16834630747843612
0.0773775649043163
0.09693572001330342
0.101743927726873
0.09892171721121862
0.06538187328978459
0.054374518059717374
0.14553408820158764
0.07067011227115907
0.07462428968581089
0.11328415161323802
0.07358937942634754
0.0963050134686372
0.06964369139877602
0.07816227240983586
0.08890143687839448
0.04617914896368394
0.08078246367378968
0.13956941574090145
0.033872384213085124
0.08843059226914286
0.06275766312344512
0.07788590444051365
0.04416573862107494
0.13039202999583524
0.14718419118938572
0.1279939487015525
0.09825358766276752
0.09450582301215742
0.10940730146584168
0.10629427620289854
0.12676952030479088
0.09524661018638748
0.12014962783674836
0.07365310329338946
0.12309094347458657
0.14480494553878753
0.05646474445257386
0.12458120523704912
0.09810833045700687
0.11418782076953843
0.14167695601647365
0.10912168417059455
0.10558368247802491
0.12215759238985974
0.09290758958320106
0.07382159899760464
0.11882476745324025
0.09500257708934243
0.11053970979866445
0.12530040004251788
0.15527120923195986
0.13397262410051525
0.08369181032697308
0.04959620682252475
0.12641977198722748
0.12201974739055473
0.05430365519180641
0.13458552707424162
0.05891259272105451
0.10095090667472167
0.10105052893150489
0.11496838891977809
0.09671240335444066
0.0862158386880622
0.12342801385703728
0.13211021451192728
0.13379356428738934
0.1320580117456764
0.09042805352833484
0.12141337128543325
0.05249626078044545
0.10142359062891242
0.06973788512293497
0.04027899218609506
0.12657068529071963
0.11869719275328336
0.1250420168385589
0.07484655335726839
0.08722629079372043
0.10247671969153796
0.1607065838963398
0.05446747854643262
0.06507062516666892
0.03138978644349344
0.04858559312294338
0.12066577755532201
0.10422886738679008
0.15679210898174709
0.09403978645055484
0.058923018605018196
0.09181017951368467
0.05305071777829483
0.1841222767513015
0.08234071143364552
0.12705757162065748
0.10070544399283253
0.09866060307490676
0.12966125238305967
0.154559302870533
0.09296094171510559
0.07354606164231745
0.04751691814424121
0.10085646052866891
0.13957515578625124
0.12189065637913978
0.11546295178353487
0.071252009149165
0.08748611252423447
0.09743447250478242
0.11880837458357849
0.057456622602448076
0.0661843681612758
0.11803872265327922
0.1414740812961352
0.12480075533488091
0.06907927529286365
0.12135262267404688
0.02075130690696425
0.11806241275410612
0.056794333976927985
0.0593160710075294
0.10344636358366817
0.12809701243674682
0.13651788943488657
0.12812212583241298
0.07691103257937366
0.09591231028225713
0.0782234912827456
0.0866855379298961
0.06097680614186047
0.08072510228635439
0.06243878849471422
0.06271850542764475
0.11711354067335428
0.10641511697543966
0.0981428426875759
0.11630649004588403
0.10874780678530303
0.10997956113341709
0.1240664044702775
0.08169194040506232
0.17524199420210462
0.14026780390604782
0.13697809519345294
0.05567868682637806
0.1264414438752477
0.08397951783080822
0.15048221048415272
0.13307073247289697
0.147204265922473
0.06995261269617142
0.09899532828724919
0.06920959322182668
0.07671827582185728
0.11520200423964862
0.09589042850521522
0.07827520964053279
0.12237457431093302
0.10535867638594927
0.1433235845336628
0.12899583618216195
0.10535897627443915
0.07600352094710291
0.0832293636846719
0.131010858725873
0.12174092784698057
0.08058925333384268
0.09405787016482532
0.05218038211015672
0.11863315178437726
0.11087823400245028
0.13788673191796158
0.100379431393546
0.10057285160399594
0.13686493778857717
0.12691818123987553
0.09699521407369212
0.10333534032238793
0.06803412795807434
0.10201354551355589
0.10896954430922647
0.11320306385008148
0.07924195546667151
0.06260818564594436
0.13141740390053003
0.1327657673937403
0.11181037743374053
0.1150023136340572
0.189644364314734
0.13044245090596635
0.05993192896523034
0.14886452328167715
0.09370268751241848
0.1093218062914681
0.10108217873730106
0.09651962424205061
0.10006955108389698
0.051473817658577316
0.10234422985594085
0.0902768254424167
0.07574005980677272
0.10446313429814937
0.13506819778807086
0.11033274331839188
0.057751045609952464
0.09898658216779352
0.12961658624243064
0.06564116285637576
0.08895029693056455
0.08670032127914842
0.13189518850373602
0.12942573033794477
0.0791731529649268
0.12790767146392687
0.08284000176109516
0.045344522675441847
0.1393515850689705
0.08148900687585606
0.09423414581160745
0.11238085363510678
0.04351236965808013
0.1007076622241766
0.12364430101622725
0.08111751887682606
0.07150652441168587
0.0833322714681724
0.11352309661254883
0.10686713486836974
0.13531439274037663
0.09135400351123045
0.1317112662482086
0.10155449825546647
0.08650613357428166
0.11313965833769071
0.13020804543588954
0.0671841740193232
0.10802123895438301
0.07621724874723707
0.0893825250821267
0.10405574572723936
0.17372732758938317
0.055727013961958234
0.06890147633394407
0.11087382812455475
0.12384143872634318
0.09530858733384646
0.08716456904780936
0.08909102869838341
0.09058285953048871
0.08826290231930732
0.1087253776861774
0.10731604558103897
0.10135185705339102
0.13246347601816352
0.12856044670740546
0.0050503742915039285
0.07748419965102166
0.06141169590481509
0.10057230432631196
0.14830793528462038
0.09876202468476296
0.08252977799557966
0.095341187885436
0.08445031029335931
0.12230132281737868
0.09029329978860219
0.08316866475961321
0.07353027638594511
0.08877234330578063
0.12342069753627782
0.09160998887643455
0.09149888201242058
0.11830687837637076
0.08774986480023036
0.10649885431689549
0.10327721155377376
0.06807164828583373
0.10652232681980317
0.07882436441639423
0.07821815657575773
0.11112941212128055
0.0643645316250829
0.07290425295233852
0.07940307360814577
0.11871366210380305
0.14622685624292556
0.12226176052568832
0.1018335552381406
0.13649386832994992
0.10846180683119518
0.12357153565856295
0.09265572059837193
0.11746316569672068
0.060356767170386454
0.10578188534996014
0.1551741867555798
0.06430275650821785
0.11573443434429136
0.07811398096074601
0.09999084470357315
0.10069473463196747
0.12559781341351645
0.16167403204848133
0.10925391148262702
0.07833251025531202
0.09756270338899332
0.09814611605209456
0.1043298601194542
0.10048595443960245
0.10203138223934004
0.13372243574686687
0.06890933869446778
0.06543420137008961
0.15555869887211574
0.07978137679555426
0.08140647715999476
0.10464721095689909
0.09979654803481
0.07873806834900644
0.08080413885874627
0.09954455322786397
0.07299851093995893
0.1269521382092809
0.09622899451073615
0.09263170172393248
0.0654140351789933
0.07051632512646054
0.11329440460961031
0.041244867448023054
0.10967396551735309
0.151770237975733
0.12448270246099727
0.08900171909782777
0.1033294961802005
0.09083397457688572
0.14298453211445455
0.07474970890995462
0.1519057655427683
0.12176762941818287
0.09600415543345422
0.10472293706050814
0.13234617362749465
0.09460061203742928
0.11652707205927419
0.09941622639882601
0.0344223035517951
0.09189499010490176
0.07711330642140651
0.1126081175154623
0.09480980156940251
0.09099438056840385
0.10567745318628713
0.11331882830477392
0.08917656173296243
0.10933039021769433
0.06060351808062904
0.0756402137319318
0.11095090174263106
0.1090721971828389
0.12899721907086825
0.09896440130673723
0.062367858866751634
0.11905610943767758
0.03388264003107849
0.1453200471229043
0.05969331522331085
0.10971296474340615
0.11626558964971952
0.07234386521432216
0.08764313401090906
0.11091676013083718
0.0787784244225071
0.07546114537999683
0.08506510800522878
0.09924294642166318
0.08311742298061883
0.05122812053629848
0.06823085178357272
0.09043268962290857
0.036379938306699305
0.07109277784732462
0.078314387063639
0.15487456251726248
0.12131002521842374
0.10100649810054396
0.10825772149236566
0.09959520686496195
0.1002633372061318
0.11695130212712221
0.0686085730829275
0.05627407554868098
0.11582497091512624
0.11616272739799975
0.10170471859066904
0.07297616049651219
0.09684095421680756
0.05821002684272985
0.13279644962976134
0.14196425794033107
0.14586051030608047
0.15044706078598546
0.07117934594450838
0.11979987170502603
0.10014322685366459
0.052547323843119706
0.09180031043832872
0.09481001170978784
0.12444127770239807
0.1472249565173413
0.1018368989702168
0.09669729795367703
0.0826577555613417
0.13457992040111666
0.09642496739013912
0.11484027043609843
0.11202624021552285
0.12340854181734322
0.09842179144611889
0.07539997573675453
0.11223308596019616
0.08099904558681342
0.10954566963622082
0.1009016864100351
0.0973897874730346
0.09500379830622861
0.09243281917913382
0.12346575438289925
0.11413335731859504
0.1255191402366804
0.11368579279822479
0.08302643306252232
0.06627955739579204
0.09659030738087657
0.0647476024442219
0.06266688251876593
0.1215797214318719
0.12215816743002637
0.0942468021214098
0.11532378921927712
0.11480530741175338
0.0893928804724283
0.11660761101831696
0.12582246099151784
0.08187687480462329
0.11537793871744396
0.08901662569096737
0.1049974380929138
0.12220640885637005
0.08279057981747366
0.04378547811524165
0.12357598169471938
0.12158118491185682
0.07035694544283483
0.08290405750791394
0.14078137330474097
0.12129078420139683
0.11217797023168721
0.08862072915572496
0.11955500384805082
0.10098142311683793
0.0879203112827286
0.10958144312744696
0.08905707415544929
0.06707932954402121
0.028286625247890065
0.10444457454716867
0.06418080047949662
0.0842410072517838
0.08399090930298535
0.116623089602264
0.0010240810589485366
0.09956120778527881
0.061196524941110234
0.15825691192655938
0.09403074875872781
0.06379257401515209
0.08789286623632699
0.09853224497146067
0.09987979122007663
0.09481846398163678
0.1124927325378205
0.10579664840951113
0.08062985577874629
0.08991327257217542
0.09140204136342803
0.11317120818743376
0.09876963319680108
0.05440209848779455
0.08133227342583467
0.052086025662478545
0.12119952135709866
0.07657513923843848
0.0802328357177628
0.1367042316116957
0.13330389164913065
0.14942917153476867
0.08308827381936895
0.11463178425776215
0.05414963134680226
0.10328507130016037
0.12133439869349871
0.10557413154035918
0.12279312969087483
0.09416946013060941
0.11569917551937241
0.12200317177082808
0.08812210775248674
0.14726334388725779
0.0646459186957893
0.11829147411555567
0.04643645860995493
0.10351622777311545
0.09736284820681886
0.0870406803453704
0.07516970366828882
0.11795349374890385
0.08570646610067634
0.11275807992696237
0.09542675476539703
0.06916174055459771
0.12929836404758377
0.1262690355804795
0.08389969879661069
0.09576548358561453
0.17250403437334552
0.07459717396724116
0.1312475088777007
0.1541784804647915
0.10161196947156215
0.10272560093685038
0.12205054868380313
0.11161247090635615
0.1129672147319862
0.13029392549767604
0.14321058436150483
0.07588856824246862
0.08585285199710609
0.16755452848122188
0.15818053361528844
0.11618784387469228
0.09043143198990827
0.09842230556961074
0.12729554934488302
0.061854481757130854
0.1238780743202628
0.0931855708954499
0.029468104476800094
0.10820444589449611
0.05798201756884686
0.04588307556132738
0.11919322501133212
0.09148963244923004
0.07128469636803755
0.1524093402322916
0.0890926043257936
0.037399095563482726
0.09699182057412949
0.10828115950706786
0.09290330464513358
0.07409679144491714
0.10093393090139724
0.08308679545674419
0.1260894978470821
0.060348596406084025
0.047613919727355264
0.0908254392463409
0.11912398914252165
0.07791689163068194
0.09236684321590426
0.07632901298572706
0.07867533233671926
0.10199218030340149
0.0985622552737873
0.10945240540406137
0.1298141563409572
0.10633774581086232
0.07738333912194022
0.07085615964741057
0.16345777898709762
0.11626647493795172
0.10343316315764763
0.07261457513015862
0.12085097618414659
0.08939456816723454
0.07256814598460787
0.11086392209935547
0.11619451631425227
0.09861504740701954
0.11813222638575252
0.07276741912903409
0.061104624520109306
0.09190196584643905
0.10969337871865024
0.10972959760325576
0.09412912729237047
0.10575319731154328
0.13010978688096564
0.07937333308177488
0.035693193088748035
0.11563675915658445
0.14166860736216044
0.07215972233307497
0.05014304215042665
0.10115529838316373
0.10007368489277454
0.1372449792703058
0.11869256818104666
0.06992719429966904
0.1044413333768985
0.11582436288336107
0.11907247694542313
0.1438020529377861
0.061895764316204464
0.14236277093625443
0.09108613613245788
0.07356038646722228
0.0931729918019273
0.06588243129725976
0.08164392681359345
0.11184324207303818
0.12766491908554686
0.11406357546028977
0.14156505624150453
0.10073035748911985
0.06051980757226347
0.1012983103421285
0.12499398593427755
0.059566692257563794
0.10361572853931521
0.09990207513216451
0.05697001644398723
0.06070320607144437
0.12031189138179274
0.09591144608924611
0.07865494035470563
0.13540196637284452
0.09528535022953412
0.057285322020671575
0.06254433217335473
0.10323030697812165
0.09907176534033423
0.04218396777510738
0.09907707977550459
0.09721664827651723
0.11302366935108296
0.12057634369188422
0.08593527713946134
0.07707026298158923
0.06087994922330526
0.13634433314322725
0.13167637674363855
0.11745727575757511
0.026436263504274804
0.14900226987082515
0.09424258809615542
0.10055869228928746
0.11609784684909145
0.10299078642359016
0.06863073455962428
0.08122689415417333
0.1917592250344039
0.11201782595923632
0.09466568837945828
0.09497850661229446
0.08323764322482195
0.1112704900453997
0.12763733202235075
0.1148262413847109
0.08787552537912903
0.11693679100760189
0.10618438273203401
0.10809859666762847
0.14396528717722482
0.12143713389020097
0.0634644979240647
0.10354452195025048
0.12300040966870003
0.049939374444158205
0.11282335950906841
0.1274349791499661
0.09782247602268969
0.11969686629776319
0.12211514599381107
0.09267022403503197
0.023624517270468853
0.06302270393705012
0.10309948687203357
0.11277680910908415
0.10768813889800057
0.12621294457228874
0.09375212909159705
0.1763200452442874
0.07428964911434822
0.11626998537598854
0.08698881644787343
0.08083217517446199
0.04854643254443242
0.0981867970513229
0.11281727175396454
0.10033280902644291
0.0889298557551512
0.11095723469341509
0.09180972608656363
0.07724121682413321
0.13167140811002243
0.17956717674235712
0.0984253903210781
0.11562741708663958
0.0987045191874464
0.14265013071322508
0.030868744220329494
0.07295086355197844
0.03631808293598211
0.07128196808259905
0.11681588543017163
0.10040708906286547
0.09370447608845572
0.08683644401204911
0.11918145955071449
0.11618192291323029
0.08406843736432287
0.11982020943101693
0.09190945193653512
0.07991444957921892
0.07883291053830366
0.08109604102749568
0.10842126415972224
0.1218301182669003
0.11442949012930075
0.16954736081074187
0.10403021587143597
0.11547776696533506
0.12255932270048349
0.0759931981620297
0.13212764800487264
0.0665334350998138
0.09090210520582974
0.09573314261191729
0.1064053007776707
0.08461484923774718
0.0906885570312722
0.11314847770314808
0.12393845840945097
0.0716395675244395
0.10585227599681087
0.036788876109958624
0.09124890062007973
0.07941641646256269
0.05738196343581042
0.09106581440335265
0.14279082596670553
0.08894949757686013
0.11315765248251436
0.11770295415832678
0.15669281810799326
0.1477270790505129
0.1462726797434471
0.08485076652799338
0.10139865778402916
0.15378782260638232
0.1505973065863636
0.1531866406979012
0.046318847402743855
0.0
0.09523400810776829
0.02002102468236247
0.10248215000963831
0.06475721756365843
0.11077505408725737
0.09861079910460771
0.08609604178096024
0.06335986596631774
0.094476678780186
0.07492617206194384
0.1171130070439271
0.12296848229279997
0.06668328950364694
0.1136811224430112
0.0888669000848375
0.1346126407826794
0.12720956096494068
0.09880620884753222
0.07367465203725954
0.06913223371773629
0.1223858086682682
0.10204764868905285
0.1063825596969405
0.04981266066013678
0.11496046802956161
0.10002045542602181
0.11411829700325468
0.0972839157861739
0.11981012946684666
0.10326639498661809
0.1497704056428681
0.08536917390406043
0.15468233385926608
0.09433593374180446
0.05036306000740827
0.07264097929467132
0.07761539774109265
0.12014934132287103
0.0917620989229054
0.1297531095868998
0.08421762707765668
0.104932681973309
0.10439879512736754
0.09892455112293841
0.08127451888768582
0.08219999640058123
0.09430421455347288
0.10857913022921967
0.08700224168322764
0.12644912679087086
0.05488992195680427
0.09153358078752838
0.07952801482491254
0.08067201466670505
0.13105091014246256
0.06915245227671796
0.07090984669594919
0.0740948240391851
0.11060702874909323
0.09645636940522484
0.09195303603318618
0.13745123777243098
0.11600801970624716
0.1399504860240674
0.06561115079056343
0.047458184249022074
0.10463579616540537
0.16736504186701784
0.1077970020718447
0.10815914558016068
0.06606175499899472
0.08369923214035697
0.12432181495343153
0.07885514294594867
0.1122706731423741
0.13233671605853148
0.12415732947316116
0.09369191113750255
0.11258337308346654
0.0629418261959857
0.07218616857347089
0.04540018271716913
0.12864239825304294
0.10453270939355026
0.06990663015162665
0.036620460165734864
0.12985211858459217
0.0977685563200181
0.06269704436621251
0.11112379551197302
0.09070009152664382
0.10109846906611528
0.09952214497040658
0.08452553468126223
0.06731041767728616
0.08594264666310993
0.13180638513061155
0.1505555646428588
0.14701533109969006
0.10269480976098593
0.17213365630162136
0.08015530642160645
0.11718241011004427
0.11124030713420739
0.03758776773140485
0.15883259296037305
0.12039810718590627
0.11826358653286967
0.11852570602958852
0.1228480509309936
0.10775720588973928
0.144580267824845
0.0836261282228072
0.1077304430580407
0.1307294619755697
0.0599439860544637
0.12257577469727467
0.05719870365142309
0.08853202787414208
0.11930240413028342
0.0867161516789667
0.06018050593250572
0.11251417275111858
0.07080338805280172
0.06343275695285319
0.10601146997767655
0.11770282043105046
0.12787171396915012
0.09009676545751108
0.11544204376742767
0.070017230254149
0.10421358326550437
0.12951933047377193
0.037758920652430694
0.15471244721785046
0.09006968356692126
0.0820333092769721
0.06661925660714688
0.12483901363175198
0.08278373392157977
0.09443499281037838
0.1012409180042711
0.07034489064736324
0.10524057766521512
0.15634241482833172
0.11393801656551049
0.09944293547150902
0.15054111342800924
0.06925534354545339
0.13161570895581368
0.14433923299097845
0.11654739434849078
0.13615078865320301
0.09171620689413473
0.09118982078423511
0.1488886934649959
0.08474131170966621
0.0966490090985859
0.08159975055851212
0.05895198761952386
0.1252043330249169
0.10982111292336376
0.08501811788938243
0.10079250465121178
0.14028777524235558
0.0828084100571504
0.11672474336789382
0.09129340591599142
0.11176485012234169
0.09304983968732211
0.0465494916005624
0.0900894300375767
0.09005021672957896
0.08346109443556637
0.09962742348912126
0.11635865811927693
0.10864026919323841
0.04357056135621616
0.12829635815274648
0.08418790998929467
0.10030386880121898
0.1177877484835087
0.10476146716897901
0.07500320906227888
0.11717492098574597
0.0942947342544005
0.09442255944321869
0.08455896096057675
0.07864415790057656
0.10223152009726517
0.07304217504006341
0.0962006076844514
0.11289794006678376
0.08822442129160488
0.10929096703613114
0.04944901323033106
0.09445037457200031
0.14876402183403545
0.03295958423494713
0.09122522669966378
0.15112118555950313
0.10548705719707545
0.11595560717495547
0.10215860013365638
0.09075985409356842
0.08980384612435308
0.12285644331896972
0.13852428850634013
0.08234155437117677
0.08271641772913234
0.11295668829827973
0.16014432050398117
0.10089635526570351
0.08090038700499623
0.11568977979081452
0.11388426956697022
0.09880234534514244
0.12338656412674906
0.0714999662958053
0.08135515614007549
0.07369856921451472
0.11211070097448547
0.09809037225656553
0.08607884232497133
0.12078188278170598
0.09910904470805802
0.08624250896136673
0.06993540905965882
0.060100173599238756
0.13987566880508862
0.056811663970481915
0.07131407078431422
0.054152292225429555
0.07324936373866299
0.07698105844548
0.08602896978498575
0.12218597726605068
0.06253722556277921
0.14773390130872527
0.09604910737286033
0.10234942865779412
0.11235091136038293
0.04463104024344842
0.12578335948444302
0.14853501996942423
0.137723232418897
0.06848850257562482
0.09135122427682303
0.14379095235933143
0.1075885238261786
0.17861983332307763
0.08526378883422385
0.06574508773361454
0.0909969227358145
0.11411502577822916
0.10871742078559524
0.0861333939833119
0.15477096818832195
0.0539645043390749
0.1244974286201003
0.06804026165736955
0.11718386543773499
0.12178154240345175
0.07513168638661562
0.055562882754572586
0.08031901916817931
0.061698742760983305
0.10180737449486833
0.13195818165674622
0.09488342525218886
0.08990201882535512
0.1626078835107435
0.10112519516218049
0.1106514372566809
0.053108653578439864
0.07213646067703079
0.11310805537170432
0.11788965579617862
0.08010581520602936
0.10224945436044598
0.06540345343848541
0.08433259683698283
0.06534391406688783
0.11218744304115164
0.11284199920182122
0.04394408868064641
0.049413320179484244
0.09577648885821173
0.07170860991425859
0.07349780487114077
0.09134511838344349
0.08907408250662774
0.11852501530628572
0.13796223428220006
0.08366528109539159
0.1466578038024124
0.1406985063519967
0.10161273891322666
0.03572884349066491
0.0886877182645203
0.10623410096722474
0.16993406016788087
0.09188600230941822
0.05212987165096272
0.07937700453613498
0.13171378514485915
0.07604857469221682
0.10647715728374353
0.06789914069145755
0.12758066579031319
0.09995713570816829
0.09492888246095098
0.10129207023638265
0.1318031092693172
0.11951627022743025
0.102250877942597
0.09944121693704118
0.09340402779548189
0.07185585582679023
0.08991021747166608
0.12519378048892935
0.12854174957171002
0.09007472198789325
0.12853429911621564
0.09994782636050588
0.11033874040294692
0.12593821157447152
0.10298857399292435
0.11895273325940608
0.07359680589389742
0.13347287567418686
0.1104775907994637
0.11899499024795127
0.15342721627020434
0.11934173721511733
0.017533168917022113
0.13343793459480072
0.10090405259928086
0.14007831031383397
0.15932975912390426
0.10080522674336675
0.12230687441277244
0.08631910380912965
0.11214495300249266
0.06610726880290022
0.12091397685809131
0.14181889570414333
0.09572306163555218
0.0811434026727402
0.1764844753518806
0.09420264433042691
0.10760558421864151
0.052466397307714734
0.08494840470995488
0.11485056430078255
0.11175546441755506
0.0705596880047073
0.10886625819403783
0.10745632870253218
0.055666025976168335
0.13885596817110052
0.10540632120760046
0.100580074533446
0.1124565223257577
0.09444164448683841
0.13887828246213055
0.10771875918535705
0.13900761360365688
0.09064932337057673
0.12456905490676415
0.14319642461197624
0.11240301272465537
0.1034740795610925
0.16550682855744142
0.08569752220717025
0.0327058160159438
0.07119795578562471
0.0648736120254096
0.08894809059934096
0.0919702779209504
0.11322720237908655
0.07490536423548738
0.034701342533271284
0.09502618175484166
0.12080261440488387
0.08204570507953807
0.06635513789727127
0.07841383566346767
0.10859841320641737
0.04540268198099624
0.09029367328608823
0.09213619860313729
0.10121372962893095
0.11932966646531769
0.11162346597543076
0.167435699320776
0.0686794451141875
0.0995436629315841
0.15714914085734613
0.05234519967819525
0.08437036753231306
0.10917924718580228
0.13073036990312425
0.08920029668740478
0.14654557421543551
0.16287695378528325
0.1325099708565473
0.09454201060206045
0.13637911182676957
0.10382115049420494
0.08319341911549057
0.050057068896668076
0.13932772061639878
0.08465791775592606
0.15067144979394234
0.10322709434341987
0.09491530418340194
0.13321523381593395
0.08837869885486033
0.12024479532272364
0.11545025859647984
0.07254669967643994
0.09204027627502927
0.04645558178996127
0.08753670225971087
0.10196585416166971
0.1092887235000825
0.06429826517700014
0.1191382237272986
0.06306599105984079
0.09617248534845034
0.05357721734901824
0.03544289087329905
0.11932901033788632
0.07016297762413819
0.119610513347916
0.10431157665232206
0.07246418426153187
0.11159164944782933
0.052965418928114474
0.09326339585191715
0.1262370414900386
0.1098946009808429
0.10587687139225047
0.0917426152119183
0.11507646390436314
0.07628192434107436
0.15222761932225506
0.08642991985743323
0.11982516100520402
0.03268820031986085
0.14493929064965771
0.046795823409016966
0.06344603517778072
0.08024970648580487
0.09869913368522679
0.02624824399209251
0.0879473754834016
0.11612569399060904
0.0661371327119861
0.07466684385769416
0.07534809583824774
0.06915316953845822
0.12825512105627446
0.07448117998841612
0.14953595710424983
0.11038071233745304
0.15657229862557645
0.05743430647621756
0.07638563274284879
0.09568531238165189
0.05659160436191469
0.15455977243764626
0.11272859615924276
0.10938251974897906
0.13920291954758185
0.10967881210160138
0.1333172649414023
0.08732969759232187
0.13228108106055245
0.05816319154819435
0.09743914873225125
0.13255040232757842
0.09136404335652687
0.09231438019455342
0.039694990798860574
0.09327657323979932
0.08456236043668465
0.013243982056795514
0.10306326482632142
0.09954738856836326
0.07900004940522555
0.062339855763896446
0.10097136161918993
0.1496237705556253
0.1331110597537059
0.1114161978380892
0.1176145484514632
0.14336854535556307
0.09400927701811818
0.10386618234733813
0.11979769879913146
0.11921725004548703
0.11848877743953531
0.17013565583887164
0.10736431688687412
0.05755699919234454
0.10616901579485097
0.07292321745604383
0.046248722164976365
0.0894597596663266
0.14290573040265012
0.1134023945843207
0.11119657194126847
0.08196523365489347
0.13643589180423377
0.05184717166402793
0.17910500619099312
0.0845251782092214
0.08665137323211042
0.10760649299299244
0.1159452230831144
0.10837318094508716
0.09034607566251306
0.11422195347277035
0.08860285624967207
0.12706811763043163
0.13139134850293738
0.1293249616734072
0.14177806213246816
0.0645621107214008
0.11132784796130318
0.09974076363448445
0.11210718126847342
0.08614021114106657
0.064429970488865
0.08511232717295031
0.09675727300445247
0.038223239552514957
0.1272048035530313
0.1282278910932721
0.0908224373149688
0.12861619752280143
0.1189502587487851
0.06624663523038432
0.14665913686812526
0.09528725173794808
0.1603185859978254
0.06449860796947367
0.09810346094191369
0.07682842229694652
0.07090897322918382
0.044314957065332373
0.059995906555195856
0.12923920806561143
0.11929181299631879
0.1366033951441666
0.06859934204079579
0.09062227579995756
0.10181662800296443
0.1497353246152811
0.07644013771891013
0.09294280472157256
0.11527848339550922
0.12538053833079568
0.06043559392347389
0.10700988779495367
0.1633077320810155
0.13091456078230335
0.09171980607287512
0.15079299847970046
0.14333287307790732
0.1336352496003777
0.08562091243129498
0.037072118805227317
0.09795096569347828
0.11178288449922508
0.10666000892386096
0.14030459055931005
0.07154622744534386
0.12848301965551512
0.1631993669098749
0.1302123990673414
0.04269254208340093
0.08368651964649843
0.015570072428171197
0.09607456284311501
0.04591558830555947
0.1411167621781021
0.10626416063667862
0.11838401499117938
0.08586331170821625
0.10871723021592578
0.1865691354252076
0.12367811661049047
0.12497260571606428
0.08233846623440853
0.0994799853272927
0.08670567699444129
0.06527499111019641
0.08645012606845488
0.16032465712255795
0.08208563388919538
0.09788069864753404
0.057056009008727156
0.10077503976147545
0.07180092399614546
0.11978128742063794
0.10201306376439843
0.14203864759222123
0.09310484567637771
0.09046977580833805
0.08472977966876621
0.08083396457259201
0.10950814315313906
0.11996296738654393
0.08166744041283325
0.09679789260174884
0.05415362568331474
0.12447544360591116
0.09342904661189556
0.13786984127221102
0.07711916303910746
0.1157373966981004
0.07119837769229224
0.09175998005238148
0.09341706074728122
0.08815587085022897
0.12816190807994185
0.14388777404592204
0.09939422788424092
0.12232575938638304
0.09324938225414604
0.10048983696759867
0.1261359835507217
0.1368020941984939
0.12726680079870945
0.07492114195737244
0.09533168663468392
0.07530404329252477
0.0803537022785008
0.15812189027300755
0.14231333498306029
0.13207585248615283
0.10725313221563959
0.09485798174951403
0.11551125133169377
0.07977803703086342
0.17028437005106992
0.07324746363324905
0.11009305694592596
0.08632019498213996
0.14527323756394606
0.12514313155582382
0.14110235014125685
0.09854935834730247
0.08741133889569708
0.13252510408254436
0.07819448615948331
0.11076365097497462
0.09536130142090019
0.08809963135051649
0.08673960921659704
0.04444138923527936
0.11912579603316292
0.07589809089040776
0.08137109795755178
0.09392901127817045
0.08501275912229311
0.15586041215447133
0.11495149647377624
0.11973347218470787
0.16191746176182178
0.07253733543949559
0.0434288535143429
0.07259442636456086
0.040526423682533175
0.12043503912109346
0.13394605925033162
0.06919835455845601
0.10328304579234093
0.09221094373464993
0.14767113551852096
0.09714590483068399
0.0882271529734642
0.08005872756390045
0.08564666327016007
0.1429136039374264
0.07426344053135513
0.07963008069718178
0.04318481574472126
0.09812037740773309
0.1347113979317409
0.08382140617204736
0.11798211612878853
0.06828366558517848
0.14248908501240556
0.1166051389007113
0.08702592543163316
0.13704938726413962
0.0621092986095059
0.12796324051863842
0.10371656479965287
0.15360377709852796
0.07889313698857528
0.09471320294840438
0.18437955595117966
0.1179661147874415
0.08007078913675955
0.10669823764048714
0.06539983623710088
0.09112522638144525
0.06114921201242109
0.07067885671844154
0.14816833770594953
0.05906886361040761
0.09436421606195614
0.08437306495891084
0.05966711655409229
0.1373806009816305
0.07239284692282516
0.1014988744616076
0.04944841830061996
0.0370593484987307
0.07216798322771618
0.11154135417651961
0.09693564228832745
0.09379631375226102
0.1070580072956749
0.0883552675849249
0.12208123040419634
0.07758703320590382
0.06941643229033004
0.12760730176455218
0.0887158855999174
0.11997158990437704
0.07539483265704158
0.11897742827183656
0.13036702639330713
0.09350012211565925
0.11649896502495055
0.03377690319112636
0.09839503303922491
0.0906850594195199
0.09791396420917023
0.17775199436823813
0.0705783418830555
0.10838405260786506
0.10629211067349296
0.09363305602411993
0.11192447177618922
0.07348243017579077
0.07288578218739969
0.030721634855409005
0.07996280642294662
0.08470571640384889
0.027713037996262194
0.029836257807400943
0.05803303147645089
0.11167024500618429
0.060439924121157014
0.04435502563793695
0.12623210905796495
0.12138079593504057
0.04896236861119881
0.10764480918403464
0.12265243605392451
0.1117309466721594
0.037972180922631694
0.13662506371582953
0.13032660422357897
0.0702576653620609
0.11123227036984598
0.11792328988558928
0.05652497302251588
0.11075895271712442
0.07291870549462873
0.08157079362520313
0.08151272595159205
0.11470177134246534
0.08208090423207154
0.0717656299243441
0.10730861343778286
0.16388984371656123
0.09589630170843916
0.03897322716906635
0.09121622237712858
0.0987642225575352
0.07029212327467242
0.09378624317658175
0.09188660108919647
0.09652441567108003
0.11189688500629497
0.09351145120434386
0.11035054642022121
0.05071448897137158
0.1293713971435224
0.0927341859909302
0.13748426958502658
0.11484963221078782
0.03203468093116017
0.15007822982187785
0.09387470780553311
0.09347733312664981
0.03907631161475947
0.11769363790618081
0.10540038155415905
0.06561668784958957
0.08453522270594788
0.06481780005859908
0.10905775991004941
0.1496899411848678
0.156182280761628
0.09293503422189676
0.09843367107120232
0.11623596549849162
0.0709651780458895
0.17052705797741563
0.11604673300538926
0.16405509186076392
0.07249279136557457
0.0808820640550208
0.11891204269408148
0.10361389448169042
0.02969141174583388
0.12702927312971846
0.0797380227061805
0.15237520822424444
0.07615971942799529
0.0501236330348336
0.12889006666682531
0.11273198044488947
0.0726688336000512
0.09241574003374065
0.1152419791323335
0.08665386327658317
0.1006931908490977
0.13283000990803814
0.12922202569231858
0.07034208159308672
0.11965563400853335
0.08449984537701469
0.09197235745913122
0.10861867825191092
0.08155007529331619
0.08195687164839399
0.14335366719492942
0.13146037903959684
0.13118245291614397
0.09127099443997738
0.07998543942971978
0.04197262375851894
0.04786314892553913
0.19996337007216325
0.10922181616057619
0.06671924079605698
0.0927633632572425
0.14194498945828388
0.08999119431635214
0.07787022220405493
0.06297583480942964
0.12010398242028612
0.06257673256018914
0.11962294147323355
0.06598751550895204
0.09425369455541568
0.12993416824204412
0.20890899730294343
0.1277583294594849
0.08348293586571406
0.08515242005379027
0.09494821645820858
0.11996159648701858
0.11350450643965249
0.111824703581517
0.12466360769326307
0.0683240796777067
0.11325965116825523
0.10707437539042536
0.10695261579923358
0.15844679836670694
0.09407748889518097
0.08723721137318391
0.07896112302529919
0.11687861492808897
0.1428287861409653
0.04026222606036327
0.08341995972959673
0.11866620131483376
0.06400137207155882
0.04795358452340197
0.08783112825762246
0.10516465108244373
0.057713484649946675
0.10415948629620697
0.0791739121462099
0.12589377663465998
0.12038724521361452
0.10549904371390968
0.10684731177219027
0.0958124097100977
0.0438088008158733
0.12173048411340669
0.1309337713357325
0.1221380299047624
0.10855347924675607
0.09474367010794073
0.09771318111460216
0.10377250978947197
0.08733265376699809
0.12901347070338023
0.13001484183113793
0.043343179006980294
0.10573813590689947
0.13949513354105256
0.07695028316448527
0.09059280402023882
0.0882345098413383
0.082053303378711
0.10573113550455875
0.09648828041002172
0.10203215656853316
0.05621178823275122
0.0727196337956953
0.06703658133832824
0.14571363790589875
0.05390111677959549
0.07780804377345814
0.14889069931566162
0.09481772008067323
0.07198666054422205
0.1370386892638481
0.06795436509796954
0.09958579799381352
0.1344711806596996
0.020353391025140638
0.08657887864665702
0.10200827764980856
0.11132588134984776
0.08419493560855831
0.09249547747060444
0.13264993325675023
0.05408514973244638
0.10223534892494045
0.04707364894991636
0.14390952173651272
0.11361245724425932
0.08809119247492418
0.1015898249307067
0.09142953322910685
0.10851397472271586
0.0827161938132723
0.08772587711932528
0.11365025257098893
0.15140082568051078
0.11906386357607734
0.13855397751193166
0.10199268487843896
0.13653443287489697
0.06413509106466198
0.13206807313815805
0.11887190849474057
0.061411719929442526
0.09792979317273375
0.14585578995363344
0.09916985082896508
0.08766233007360513
0.11694154934535658
0.12417841804419735
0.08675836802477846
0.10854176372669427
0.07344608464053257
0.08838490626290163
0.0751027089980229
0.0797781683909991
0.09331653411279384
0.12566517510564795
0.11372350813313015
0.12138305995802232
0.1197855197151137
0.08158092096325528
0.11219450715146548
0.12624068680477007
0.12183364906613575
0.08610148980976899
0.07272225440842445
0.11065678314660321
0.10793082824580875
0.0878856277709157
0.06610250799503772
0.06268444843211954
0.09345725752236338
0.09207051653644809
0.17263765281109084
0.09873907576220925
0.14796243742658288
0.09266790788326784
0.09992992108634352
0.1466780657741924
0.13101413521651062
0.12470200073204116
0.053887771385907966
0.12915873733268957
0.10706073092001114
0.1187951651707517
0.08561966093008735
0.09328355276169198
0.057563192179518545
0.0787743408411902
0.11615453046803019
0.08833981914131712
0.06233250001711146
0.1672267932886582
0.1152881205680283
0.17520289568772773
0.09208048470571736
0.10636884576992114
0.0656470139239789
0.14298019791556144
0.12957853699069627
0.11268931452329224
0.05461633645573592
0.11138393288773865
0.05334070645292838
0.06827051500868964
0.15732539856401614
0.06673609658148402
0.06672082878601315
0.08664564287694274
0.11648804910581768
0.11439667557180826
0.09108482066589353
0.16946922095383365
0.08585004318341481
0.09720456078166015
0.1596597048783313
0.114448167058918
0.08306200544726527
0.14732656041172149
0.12692296676103515
0.15741025207365622
0.1251788984678385
0.07999508652803207
0.08359198081767624
0.12807052878769523
0.1262950511217967
0.08956771391587551
0.09781000031451655
0.07800740757121016
0.05771987175189994
0.07871812576000786
0.0971845536454375
0.029772634101826248
0.12344646138412319
0.09083693787773503
0.11399654959443291
0.1017480532746557
0.07523285281779857
0.024855545238567422
0.07216812469884425
0.0746535019604975
0.13831789464246272
0.10680694778428516
0.07645691312589162
0.053523742608453516
0.07391155981893023
0.08268761271447707
0.12088004668529699
0.17675685889206544
0.09691110508190126
0.09879506231327259
0.10539872995974862
0.08836312084146726
0.06881118917494435
0.07368904578267681
0.0761410603319023
0.11857284765189532
0.1668825891305131
0.07056248365491578
0.08926917670165324
0.06658283085874514
0.09923800544291786
0.10938490698988601
0.10763009211066624
0.06599319500743175
0.09671132757532218
0.08185078878264238
0.07072559647887851
0.10477550046541863
0.08610640607924605
0.10608719188266638
0.059856286801652364
0.087788838356159
0.06358695720375367
0.1686013887226226
0.10097366826614078
0.12710491033432358
0.02628633185098754
0.10930432236449941
0.10047450909173188
0.07325257776390785
0.09893182796140941
0.11367946310506795
0.08927244554339184
0.10279295852023351
0.09849442863130614
0.06112371883361289
0.09141713634125154
0.0684210395183337
0.09655354153338526
0.11148118442879756
0.14575873279252516
0.09576612313901683
0.13240424187413483
0.07497136715828186
0.11177899175372835
0.11383202980590575
0.05643179879242065
0.06832167019901697
0.15760209783677911
0.021132721339540417
0.13987991645409317
0.09562163771896762
0.11322549083176475
0.09297792366533707
0.09784283010073212
0.08109707112749302
0.16313685016210883
0.1254096255908439
0.11527203749283267
0.05583569780753317
0.12249666502451562
0.07910315899716434
0.10739199546912667
0.07996734135860582
0.10853809792388977
0.09968665276630288
0.11330936438349325
0.11469354501237522
0.06568423707421173
0.14029244290098677
0.09104303902536756
0.15952617642604405
0.10463994125809163
0.10849208952803237
0.15294277312111293
0.131004643929367
0.12441771259771493
0.1060346068336419
0.12836988312642109
0.09690754517824035
0.08844138269295347
0.05212432117238986
0.07782590766060825
0.13477704611733715
0.16835408314024097
0.15894666243412311
0.13773797104174346
0.06565069487837158
0.07512326131408531
0.14974899422942478
0.12502622914288108
0.11601978105337118
0.11572399573180614
0.09364500319201088
0.12431629442970998
0.1054847332272849
0.09859132944257105
0.04251177775429882
0.05841051772628245
0.032093090328561585
0.09661769740255623
0.14686971730545217
0.0730575800909678
0.10343631026136356
0.16154677876994464
0.07712140845571229
0.0978338062756439
0.13582388293657827
0.17619515658291418
0.13902574512760335
0.09177547126541913
0.1552559128794182
0.08978908726351256
0.08199593113290167
0.13180099151235447
0.09404254885444964
0.09138302990417789
0.13651107013813554
0.11692077702766036
0.08530401817461467
0.16895404720659501
0.09023112632485694
0.11271452781617046
0.09365389979076347
0.1408161305592687
0.16486148544839785
0.06543351154763574
0.09339410254291437
0.09233209078778454
0.09144023158592053
0.08740873605408911
0.10892190144049536
0.1065252197547328
0.07508131093162121
0.10654372774357404
0.11375295714647814
0.11991508652943586
0.10686156538262474
0.11039768111496816
0.09944064375279038
0.10357859391497407
0.06351482684044682
0.11398057258292109
0.07924064495525374
0.08537989860806662
0.11115352431334788
0.08504406402340228
0.1039786147203309
0.1231313289273878
0.10569285379075745
0.0766676341291066
0.06887064299033419
0.08286092083592775
0.07055989875969619
0.08766170923321155
0.10038536370257688
0.06312642630644483
0.07638047464881112
0.06525367578656341
0.08562784408551749
0.12902506383112577
0.08840317641945786
0.10505199974223045
0.12214700710927912
0.08072316141473608
0.12139560333047206
0.08370233012739874
0.1328760688202378
0.1121411753314634
0.11153748769652928
0.0891803845491029
0.19153989934064042
0.1125048472880715
0.08707808384250469
0.10596602715951059
0.08316091228990123
0.10505337306764054
0.13140778767679445
0.08528060932498582
0.08767479970712633
0.08914026556321133
0.07941676710176632
0.0607680579435749
0.149086489076458
0.055942108392860214
0.1115642015306476
0.1069491639416371
0.08853657404263651
0.08949017159024575
0.05260687813401428
0.15356828111677215
0.04948680402006499
0.06988453123126578
0.00866446923936065
0.10170762459091842
0.0846045607225186
0.11406640030540478
0.13460455543688088
0.13194180676612408
0.13710103942181878
0.09823660532902592
0.08682745095219449
0.06736985943657428
0.0846466575702008
0.04064518721626918
0.089818205865802
0.12373950029729339
0.09275392777044843
0.0707041386280241
0.08292969430138131
0.1010948494810674
0.051709421731421984
0.11288956031369679
0.08925531107774642
0.07882340863039575
0.10292775109555252
0.08341843220928516
0.11761854719081509
0.11646555036440495
0.137522139592961
0.1378753260744562
0.11600568121751273
0.09898087944989457
0.1309125463287037
0.12609784921905032
0.1221744487588877
0.16124551423709899
0.12503551691466305
0.0838795990219272
0.09848740526722798
0.08591487699087134
0.08537982643037516
0.10050845976817616
0.07370046113230583
0.028413555402192398
0.08903083436098745
0.0639842751780934
0.08297267711681901
0.0945850832853193
0.04212265092339249
0.09132792007969161
0.061832922648722526
0.11538849304426668
0.13932883812411861
0.07499794675364223
0.07291478604512203
0.1220315803491082
0.05181445936397454
0.14727165787180688
0.09301965731082948
0.09701758227763756
0.06685369602172403
0.07676715812013368
0.12720074216288005
0.07852544521014959
0.09837771625325763
0.11422033799824415
0.11499848375296762
0.11123245148012437
0.08740415858936015
0.07803609260067446
0.11337108775713
0.09197468341984995
0.14975489052908691
0.01824767950861482
0.10101512963137044
0.10640531245392904
0.05160929885966017
0.1289199629695516
0.10472815683380746
0.11007072212765534
0.09162972953451687
0.12919347728819786
0.09776638860577737
0.04506304380081218
0.09151466677961773
0.09128520080674013
0.11074362686200877
0.08643072232816408
0.10533358238552083
0.10763323363169026
0.14358067809551914
0.11864960281378213
0.11091801229790046
0.11080198888871932
0.10793983926338244
0.09626023796234556
0.08992519708683874
0.1246884332451873
0.1063529584301732
0.1365037898298299
0.11597422832908331
0.08698399370796799
0.08753444686405414
0.13057586344055414
0.11324157443179957
0.1309570159668444
0.08400482709551088
0.1903953494997611
0.10432566581322274
0.10753751464393954
0.12017425193468895
0.0698192172592607
0.06656978270077162
0.08441413017207139
0.12828911088478623
0.09105012631529767
0.05749326049540247
0.09095180885750513
0.07458804426473138
0.02842692210622076
0.10488468758389694
0.09949786777146243
0.142520704608874
0.1283718786340778
0.14295753991041163
0.08854660313484775
0.08690897580900873
0.06709633610773597
0.06466135178460643
0.06580301425819277
0.11771367988185276
0.0919974502510595
0.1208872364612321
0.04995808735896451
0.06395956765941332
0.025161370774534633
0.14821354780307472
0.0768429045175765
0.11865481122065744
0.08334840879961888
0.08912978886409813
0.11664863331777056
0.13708934561385072
0.11272914240929849
0.06116584410634048
0.09784347332035186
0.1315472399581576
0.04666439936761033
0.08012966048955715
0.13904049893628895
0.0347889724276675
0.09443506799565085
0.1442175294535767
0.11121074636945293
0.08338882696785269
0.1392134940524248
0.11142315130260935
0.094073958611535
0.09664824427188647
0.11388038989044981
0.04442200733123544
0.06836539773462626
0.07644427965330286
0.08509651368320248
0.08907185134955191
0.07197230217851401
0.0791709296984339
0.09415930729645881
0.08646669289353669
0.09881582647161566
0.10284342302156864
0.09355999362636186
0.09843888250991045
0.07034950145461978
0.12252312662641263
0.103928425066385
0.08571744274250707
0.08566361169465554
0.10059961390750428
0.05635753913534518
0.06838437977994336
0.12182547864428125
0.08470980310378419
0.09613472218891281
0.12320799847802827
0.060381114916197534
0.09090993312385995
0.1222203156997015
0.05164552472022013
0.0820855431172258
0.12288760486931308
0.09307067056083507
0.16354170032108958
0.06541385227282336
0.10448349626760782
0.09633206849680183
0.10640343592455474
0.11643725627845081
0.08571979488786202
0.13289058208606913
0.07013545145695611
0.10190463373696002
0.16484141624613322
0.07919972297377251
0.07453683070255768
0.0949304006880969
0.13232121433555027
0.16248537870885493
0.12636652180171595
0.1031821780885087
0.15833477223262338
0.11357910550333007
0.1145027999515453
0.09704784551266109
0.09225485881428044
0.10939108999220815
0.07660159214542124
0.1342409148844037
0.09635233961662865
0.12026402640182787
0.07410553160501317
0.13805342940699258
0.10873015192522849
0.11229528902226568
0.0812561470904804
0.14644614040102283
0.06819274242664874
0.09022482177915249
0.06908973510350205
0.09429088480130438
0.11879626659237924
0.10293037394074692
0.0168186802711999
0.1023568677446097
0.11553441957141844
0.183081051271542
0.11107865369702914
0.06718563175981168
0.0559843077654608
0.0565574150383405
0.11259322743714273
0.08010396031163403
0.10877021642321054
0.10558295984033338
0.11895840495917914
0.06416205752728375
0.08952891735037707
0.07315147145277145
0.11591276400065377
0.1055482784801121
0.10168627560580473
0.08815793401594946
0.10561130860894
0.0899761974836551
0.08888077983569022
0.06320567377243218
0.09744835796912651
0.07636995758978901
0.0985124464862763
0.07869614785182596
0.11220430291799283
0.0934480784929916
0.10742827007273559
0.05330156689433621
0.1391567624174242
0.12333550070404536
0.12307802707968302
0.14833704466691322
0.13185247608690182
0.061361983797228944
0.10306538240212394
0.08147587424338103
0.11732214123957663
0.05513780155020718
0.09531204933633958
0.06847827656147273
0.1290827950545936
0.07751215262091216
0.1386132237187238
0.11567213818038169
0.11187763937422364
0.10450219978834137
0.0837338242482137
0.09849027683278232
0.1317832248817176
0.13634909290204444
0.10825448924576475
0.14108859929511874
0.1231731111387412
0.11307730095935685
0.06707996070497783
0.14182765578273354
0.09050559416998895
0.0487812189387382
0.057312098738139305
0.1302484937994185
0.11464623556358303
0.11873954846920012
0.09790256782094091
0.05830604357896151
0.10451244137045777
0.06855416228917637
0.13817489751268153
0.10212170098851739
0.04901490407020006
0.07214351974002778
0.0747864200442952
0.0594912620224466
0.10364896393660161
0.16112752159292193
0.1251483834819858
0.13612007955492741
0.10132518688834335
0.13291911583342053
0.05724691457093939
0.11461751589417538
0.11475220702320019
0.08848218652677695
0.08332211361389016
0.08271307680700189
0.0656337988752249
0.14531072512576806
0.11713451332765254
0.12603675006075685
0.09848248358807361
0.05960085308956976
0.09221432044717785
0.08206117605266895
0.11618735152753075
0.06826295009119004
0.07474160573100555
0.08537421373216984
0.0023178511071472035
0.08104223918483518
0.15796823851045164
0.09469763777415345
0.10989765308430326
0.10947769713840719
0.08495185282846401
0.04317016131272572
0.04966978421692042
0.13086295001720125
0.07273695722734433
0.12132993952095117
0.04729428688803859
0.051915237762064345
0.1196583958262016
0.14253389222157195
0.07826933905497648
0.11495571315474358
0.09571605868611364
0.10169360286516273
0.07391371031330517
0.09216965550271934
0.10802965445691703
0.08982086177537188
0.09182589539107133
0.06921554733365683
0.09124942268642605
0.05246532498269573
0.09366967948835471
0.039447323477080194
0.12045257029462035
0.0782674002283513
0.07603891280990557
0.1217783459672987
0.09368112942649942
0.11969071112475914
0.08013447264380016
0.11230944119684566
0.07607828878695179
0.10252211492193693
0.1515914877980781
0.06016854854542876
0.10574355075887398
0.0997540518213912
0.10983299745274586
0.0784163723400307
0.09950525724519865
0.07192189224453173
0.09696417047883055
0.06333363060866934
0.11455149209277601
0.16535237972805683
0.051997562942953234
0.10594702828525106
0.08999730131870197
0.0866523788470417
0.11785506144227623
0.07095856149882145
0.13114570755042168
0.17993069632644448
0.030644125233536157
0.10414981768376783
0.08975602393396971
0.12713014469670653
0.13357455744159874
0.05100105859378953
0.07861601545218799
0.045945040284612215
0.045604601754120164
0.09644979574439491
0.08770407520590291
0.042514635615106156
0.10312520876416538
0.04836497784182279
0.057875148445967674
0.04890120269301439
0.10170473328215325
0.04722946985868049
0.032391002547271286
0.12641348839707864
0.05971066602068807
0.05471510160618767
0.10403726213474097
0.11379962666302898
0.11778312384955739
0.12116014307358196
0.09316562453546473
0.08910421258210625
0.135956406128858
0.08400735076853091
0.0781255266742316
0.15346543452769695
0.11655870703414503
0.06030979385902674
0.0799739916385938
0.07889031912031544
0.10469234504318493
0.08606476777831674
0.12744511905434214
0.1029480183928631
0.07987557028962242
0.09639013001166533
0.09850229253364347
0.11972710752497948
0.1091956111547583
0.05584920790225412
0.05859137272503748
0.10986540124214797
0.11446416930926855
0.11538245023322924
0.07589790684971738
0.084524642941357
0.09152593135533416
0.10690016752718613
0.09138391444673293
0.10092560353566542
0.07724114675415729
0.11953706639644826
0.11928588932270444
0.1056159075868491
0.15230890986629825
0.1111009132967178
0.07968793101126724
0.07929966346595772
0.10950302321994163
0.08645757512311615
0.12171457487696302
0.09558687218497465
0.12034094429002395
0.06701250963901989
0.11352842729094442
0.12092461040699526
0.11082751170958197
0.050418928674839575
0.04837984228619705
0.12393472658046428
0.03648278201719497
0.07969123186032415
0.10712586977114852
0.08010878504786764
0.14170613435785406
0.09282198627179986
0.11479329496296982
0.14865413595617916
0.10313038057242498
0.13000155916745043
0.0751241253363947
0.07363915348222114
0.08498993517034296
0.10814793308471427
0.0609821268329915
0.1316289843666305
0.12207284509357437
0.13029474684517645
0.13180089602681738
0.12388269492113207
0.06959211412705579
0.1459422279610601
0.07976801821779639
0.0585059086040593
0.16329874462534463
0.11638568036977542
0.09603699994004872
0.12551969480910494
0.08811678470552634
0.10385771219407632
0.06755134116964011
0.1878661384718917
0.09092714243958724
0.08122791307454337
0.0733911128325692
0.12122297508300903
0.11807387892051577
0.11898481577802687
0.10390381120353812
0.1049094889895988
0.09642800037597651
0.06411127630479155
0.07095477446351744
0.06880633217077627
0.1021647970480496
0.1142957911788405
0.10898909451715622
0.0771685845404918
0.09171627763122464
0.07240843189652303
0.08335201792709236
0.07308739571320295
0.13879121119916504
0.08747986912186323
0.07691184581264675
0.11217514479117091
0.11051598315578728
0.044313207143348424
0.07517483536180114
0.09143217002004533
0.0849836815705892
0.09778385997942002
0.09063875911574931
0.04308626265546959
0.12320090714100002
0.1053347492854084
0.09413831271058076
0.12374730971426152
0.0926109693834746
0.11005845881962131
0.062462499713073286
0.07379554973387581
0.1338393847339558
0.06290495467041388
0.025741346222608374
0.06541094957559435
0.08382635856931897
0.07110557396095665
0.1536640925867417
0.13126844327586015
0.143467845747972
0.11280701788619976
0.07148677646273066
0.02944939209475439
0.028023574048549563
0.07510788543607391
0.14739879487176782
0.09935935668771971
0.08571605375616137
0.14098298578060509
0.07878069230283799
0.04762933649432452
0.07436358961426605
0.06993814714901288
0.08925677067268364
0.1251549060718582
0.15234249877385475
0.14110747578906682
0.06384758581951724
0.11889546659970487
0.05287082022783787
0.10564707325761712
0.09255137938600053
0.042161567908764866
0.10492342634579331
0.09491857342274689
0.10313368794366715
0.11533811031552545
0.09967196715579509
0.10881261165820097
0.1018673646432672
0.06932561010304034
0.07718674178651841
0.12595728265475548
0.09045147694575875
0.10329439413525153
0.11710948342688751
0.10207811448622103
0.10007252872532886
0.1282663719753007
0.09124059503790295
0.06592048488003813
0.13536504650075382
0.12860939693984025
0.09689726573647892
0.05100653269756977
0.08721809280747538
0.08963388341369743
0.09917397892927546
0.09648886195548928
0.09459456710208501
0.12548585407206556
0.14053311022199058
0.0524325520010906
0.1246623690193482
0.07604395285959237
0.09916729681284157
0.08058843199588853
0.13709274354792594
0.14742786086925716
0.11923991841804256
0.08101992416369433
0.06677699517670263
0.09412672295713387
0.1112970685760203
0.1040720894532271
0.06591463855580762
0.06914921360347283
0.10452762641395648
0.07989464671949979
0.1039215913097804
0.06442030144689873
0.07418323039020393
0.08606605168694108
0.09919714680012584
0.11140849154423095
0.07194789254067369
0.06309853372064725
0.11066418025538476
0.038359025759231516
0.06895816533021
0.13881176560792835
0.14099704896816928
0.10702319849700045
0.05899976843869971
0.13830961880405696
0.14641789388476475
0.10377051273050908
0.11122621731862353
0.09354903219177656
0.16392068359756434
0.10626181373245103
0.08172034364448559
0.12896911878019401
0.09893557916935072
0.039658514969509444
0.09091962648997433
0.061628138828606564
0.11161217249840256
0.07294542277805867
0.08651200606501508
0.09085817046635668
0.15463335690604943
0.1939900102905574
0.07153789123683535
0.11520165213050301
0.07909007221611883
0.09922794102329115
0.06355572360907766
0.10850193887589016
0.048353580043252416
0.13338425944016202
0.10052951703415333
0.10291937139841734
0.045730534170116056
0.13764592837464928
0.12667712570061798
0.10028106894660192
0.10299207109460003
0.13408272153482875
0.1195458601418163
0.1502040540220897
0.10849512382226002
0.09482640397718135
0.09100349050118493
0.09971247865177119
0.0987257156497953
0.0837747008843205
0.11316846586950872
0.157690979251671
0.13724896172508397
0.09145635587534216
0.0975212952175605
0.11689532286069393
0.14375924545442065
0.09771784886444011
0.10905311106174946
0.09517724780170098
0.06914914665251898
0.0920186580616165
0.12220914537272423
0.08600325385985687
0.05864594414938967
0.15055321928512513
0.09078662425306813
0.05360136500945128
0.11093364383141956
0.10785589412413549
0.10813193171512343
0.0981892388129673
0.11473159598026435
0.1162983967143729
0.10023226233513247
0.13386437059917125
0.0669229166031837
0.07438442852313779
0.07168610468463567
0.08348457771389331
0.11029537529326297
0.06500041040065183
0.0971992444899645
0.11518191319809754
0.09202720964324813
0.16101829758937725
0.07993247716253848
0.1291191481728775
0.04693539129457418
0.08493326411365444
0.16669235608258398
0.1347783033938945
0.10577355582787494
0.07922944085847454
0.10760110880637627
0.0892037313709811
0.0853674711705779
0.08006909097431901
0.13510564289513102
0.11732901017708673
0.07271082761120512
0.16602228645844505
0.07319407253167985
0.13035974973533399
0.1271093265423353
0.07143257828855502
0.07879252332744774
0.11303300913545013
0.10369098712771865
0.0791295370087989
0.09232260023647051
0.0732819111923513
0.07795793533775319
0.08948764435519557
0.08481096902898173
0.07411864304080709
0.13563456479742989
0.10644651771108862
0.09859668123359082
0.10949350581987519
0.14092005939996108
0.07773883209650452
0.04658109866869139
0.11728140993447983
0.08598503148867917
0.10295635363469781
0.10803365472446866
0.1018336784037776
0.08989791767183626
0.08477837545085218
0.10366936886061297
0.12376184937138543
0.11661990231253468
0.10403064854542815
0.1050375105722248
0.07952077465356494
0.11768614064341479
0.02544882115151062
0.10349504296646815
0.06777113844126834
0.09287981073437768
0.0840512570313928
0.11250980345285573
0.11007853749329072
0.10605726889597657
0.14043036151690477
0.14295993510796806
0.09675994065749187
0.09631370354213013
0.07434797861643247
0.09068350412550148
0.07738779917176095
0.09763950794528742
0.06049619812920019
0.05786582828268695
0.07012627802920748
0.044060497511186875
0.1165550229832471
0.11504487083794118
0.06086299249497126
0.11466507527252656
0.059140474568628684
0.054636782276564676
0.159723038916881
0.13314867831825294
0.0963996900402592
0.1022112206532902
0.10129859586947064
0.06557308041671434
0.11358714645618859
0.10524889933681432
0.10364071311185358
0.08603152610295184
0.10498095559650147
0.1173383012349511
0.1104155175789988
0.07494616540011001
0.15671769956394688
0.14732920685252707
0.09474608609500539
0.16254713844017762
0.0791835248964128
0.07950450183515446
0.15983792839490588
0.15516101186315961
0.12300478248223104
0.1094135307701551
0.06631186946840084
0.1165141848005193
0.08716949467417547
0.10308040383340111
0.12798055273338352
0.1408207980137439
0.13359007684450072
0.11299870599136322
0.044432561160588815
0.07653291070285467
0.10430996223616157
0.06882759166705443
0.11588343624198158
0.09725514379823802
0.06771509740580517
0.13329877827110023
0.1392492849896951
0.08270631231697118
0.12465674990094136
0.07340564297355273
0.13736156985455472
0.08126290594931579
0.11384490258186476
0.06939800051391501
0.13756955466800402
0.0676740699549368
0.08193768714716568
0.04063590440410507
0.0840360170799376
0.11751392051140562
0.04142577468386096
0.0
0.07855317039877402
0.04145540564573275
0.10492159361344967
0.07770161180281375
0.04865085659729842
0.09848167995189978
0.10739536152024659
0.11433655833652082
0.12157861780228153
0.0834172948798981
0.10451310493967614
0.12643420814672496
0.09483479489716096
0.11247573458445279
0.1452008017401258
0.1584857579111953
0.08802272756055558
0.11135881465958315
0.10801215841102224
0.09006801779412525
0.12336838108104174
0.11613372511256838
0.13279514289758773
0.05038602783732776
0.05868442180375872
0.08555802853071894
0.07599768313282404
0.11338604613559464
0.05333681765697048
0.11767625513482338
0.05393262241789615
0.09748471153189661
0.12161651077637761
0.09351564682730609
0.14988737067340652
0.12923907487662928
0.07548556989694166
0.07479330017845943
0.05735183706412732
0.061244278293269096
0.07150985119051657
0.058353437481304435
0.11971323451026335
0.10867966215104233
0.12382922893768535
0.1245328212486163
0.09520638932413207
0.1337441167092749
0.11650161940019857
0.09255753670583727
0.05863014500815432
0.1433115217724702
0.07755898837621286
0.016915762023871767
0.09124660777724214
0.1175372612761736
0.10285235207004799
0.09945665236237629
0.13387391082256575
0.129898994127398
0.08557704937183508
0.06410951444197031
0.14552633969475381
0.11485552223229754
0.08661621723331359
0.06830612841480538
0.09190340771058393
0.06885583501922413
0.07438627937024556
0.07945424488483634
0.07711581782119765
0.06263134427720299
0.0842894536019239
0.09367670818280051
0.07891998284670546
0.09827041739820352
0.14994700497106667
0.07566556177257225
0.09473426860995818
0.09136881441768631
0.07894387795717846
0.09684550265732264
0.10962479298180795
0.10996686420039824
0.10070382974129881
0.10168120114045735
0.07653126990902238
0.10677643200215862
0.08459139930034346
0.09388337219713278
0.14368411248283447
0.13958892848992038
0.09264924547019508
0.1059887655641007
0.10512987061507281
0.12633710651459218
0.06147650015007523
0.149969583588765
0.12998393535083402
0.10880642797813529
0.08689015219670931
0.08039701795383258
0.06371175215187092
0.12550831062097817
0.11090859248753909
0.08814408244143865
0.09466027305458939
0.11386652895341451
0.13770843695559945
0.12321288453263862
0.09128548754326238
0.09313020597522484
0.07383605739304906
0.10721149839790903
0.06831618569793627
0.08497377334405497
0.04842828393888015
0.10329687674326031
0.10858805356725401
0.1439546227915533
0.1085955162250336
0.12371903120828007
0.14517787090198842
0.07540431265876867
0.1424168867491767
0.13470312676318433
0.13723383464968497
0.1334357969692354
0.15452795100678896
0.0702500809403941
0.06431674531537843
0.07494635265029388
0.0466266742431134
0.08007835873962421
0.1565498422788146
0.10479693178161881
0.1080536796675806
0.10380977647952153
0.08344064963543804
0.08739904816781484
0.11862617271091397
0.15152197860071995
0.13019541858777478
0.1082101240743772
0.10142182690606509
0.08863455223505481
0.09766000872645494
0.1032018123404097
0.10490514333890584
0.0930122410341549
0.07093704623484891
0.10045599114772517
0.14098867618998814
0.134260298863127
0.12060309235014319
0.0849268504356212
0.09789908094020634
0.13119292117811363
0.09822683525444072
0.1239003197684049
0.1370192182347208
0.06405054025623802
0.08520024984931994
0.14854587847392065
0.07708878942273471
0.13002955190534538
0.07709636709097996
0.0849885102157242
0.10717243328825007
0.11673309704433925
0.09884143501012771
0.14254299882422705
0.12858484970305473
0.10675089662888372
0.07331595712820459
0.1263516711218505
0.04541373809448997
0.10671211203231054
0.09797124587778906
0.1141335308726594
0.13017525617681736
0.10684212077432145
0.1456602060117249
0.13254571074147767
0.10864807158370778
0.1359261416887399
0.13674662573805596
0.03687496078428665
0.1514305669560549
0.06773273036037909
0.12256386129219779
0.05936193840036632
0.1086207352459126
0.12913732780522552
0.13256840759622568
0.05229718407188192
0.08061746347733274
0.11606808214828133
0.11359782740015532
0.08536508733987527
0.08309046937853248
0.03334946666274248
0.08137808336037754
0.024194149733909653
0.08876586053290575
0.03705885981971671
0.0572146862115776
0.0838186950540057
0.12234088832666001
0.13899301730773544
0.08229285623302407
0.05142154453828013
0.04279262879967257
0.09696425713028599
0.10984971946218577
0.11879971040755274
0.08396959273132
0.08557916670269132
0.10426431369088547
0.10425020258611585
0.12429525550755487
0.08724551204154944
0.07040610108512513
0.10225741077363684
0.11265220994321445
0.09617013991734938
0.05443649847207796
0.15724101518248867
0.09407308676743686
0.033017740742266544
0.12116988964652016
0.08362162532847123
0.08987225686454971
0.10349706854341637
0.13401519107539273
0.09899051983625326
0.1310058474785013
0.12803290258827607
0.13030130586613958
0.1612708285726899
0.06800053031983563
0.05946462244907411
0.08324916523695203
0.04082600177938319
0.08786153567568356
0.11437234548936777
0.11482711524459835
0.10974605561339568
0.13616365532883992
0.1288550491522391
0.1264198141437294
0.11319210144478017
0.0935045412554113
0.15555498685434072
0.10576188912315664
0.11335713210767114
0.11984503158125964
0.09052819082891932
0.15650413655886006
0.13600199891081868
0.05143610535414335
0.11385358254234647
0.13230367104788981
0.13963657073853755
0.12693759090156223
0.09369559424482166
0.13632149798002968
0.07881618762771182
0.10579054324032917
0.12528409519553882
0.12916650237159782
0.14005467486547132
0.13014745139742145
0.08903458839451611
0.1312544590889779
0.07190649175780342
0.07709706278451195
0.10217857566638756
0.0957473157346436
0.08933862440317117
0.0398732601246954
0.03876516428062461
0.10380184890667912
0.08511514184573532
0.07067294119558112
0.12382832813241672
0.07683154572496109
0.10700454982466204
0.11125777491334188
0.07324382439056673
0.055707156707311585
0.14529904110191938
0.10895934478025493
0.06982847516475565
0.10354680224937489
0.044883668527145086
0.083999769510731
0.07508256097880778
0.07024694508861574
0.13670136438714162
0.09613657345246572
0.06185914715902316
0.12122586174016009
0.09142242022822436
0.1087099530200562
0.1251863970781539
0.10042799807521471
0.09140140442050237
0.09962304371957101
0.12025218863209139
0.08370446506419635
0.119846935951919
0.0880718723731577
0.05490058389190394
0.13102287313407113
0.10974644315298598
0.08613348719298121
0.10472429784941467
0.07767799573077414
0.048364795245716796
0.10687940556609454
0.1951025626035341
0.04312786936018355
0.10444863978602371
0.13318305598038482
0.1478234727919161
0.12287994162590471
0.09233304030777545
0.07101312311355777
0.048371037275813426
0.13432687337368326
0.08280203904835928
0.1121257033837483
0.03642835604306405
0.09731730003380457
0.14958155656571148
0.07658606891581676
0.11689932326067401
0.07108268180034293
0.14366286034169645
0.12870885972845625
0.07417317155204826
0.07088877899262425
0.15621476090854916
0.1116809266059325
0.11604065673970688
0.11939204354240421
0.06256174100583226
0.08390174650280191
0.07199225229718227
0.12985815317696942
0.11184502340145575
0.12542165434569577
0.14027823900474853
0.09664740718680619
0.08419696050683453
0.11315737213882342
0.11201353639914766
0.12832852577122286
0.09469715690054539
0.0806569650324959
0.15742664141327353
0.11731702363055121
0.11948318480479114
0.11998255765511982
0.10519970920158161
0.09929182573593746
0.06989698103150621
0.10822967502342244
0.12482140899519442
0.12299403272076245
0.13909239611882224
0.10699477442825461
0.08432709681220471
0.09170402799557092
0.0913366411021814
0.10738832156271044
0.11760474879784572
0.10151998978764533
0.08753358927744495
0.07425941288642449
0.10722988983942687
0.1321563929514833
0.10297844716428861
0.08749241174476914
0.0739056480309141
0.09635158181462515
0.09105731929983726
0.08076341636687777
0.1326178285128344
0.11932395157382067
0.14484150981620086
0.10052008656084888
0.1036902595658084
0.10604090469879245
0.12625394745098023
0.0595954767325843
0.1487134952745644
0.10652984902570667
0.12601596020130715
0.05544942549407638
0.096892167022817
0.07503376662500896
0.05334363182999331
0.1921485282291701
0.17636790947343367
0.10914908649802264
0.0802925301206485
0.12259465386200008
0.14965022763119787
0.10467915089795875
0.09490049447244177
0.0809621869802972
0.1209283290256157
0.12929928911751637
0.11105944979688338
0.07055885891236327
0.09654655171888243
0.13502064984299458
0.04584099864885244
0.08377622876337404
0.12006355178345889
0.09092124774662891
0.10090888843023363
0.11014847170667459
0.1132097355849564
0.0607704600962386
0.07648623196092444
0.0602839344174228
0.1480497090773101
0.0812412366913681
0.11047097626810033
0.10521847925635763
0.09806322287303333
0.0924816356650101
0.13196123707046292
0.06229202423393872
0.04462563627107957
0.12023659692777955
0.06698039075802718
0.12496079542521174
0.07569612065430442
0.10164103355068482
0.13771841391859296
0.10076351861506808
0.1523574941892328
0.11551235445693234
0.01951930062486136
0.1494122618151897
0.09898817987588927
0.14417402882277855
0.08839126625345405
0.08968576370453726
0.06918982568330136
0.08420435164142552
0.08903429700279071
0.06523211272512988
0.07564066580577394
0.08271928141957952
0.07168618102330374
0.14003269291406703
0.06983398122131092
0.04838559283352793
0.11839818479300877
0.12537305432783005
0.06358215284960372
0.11723079050662069
0.16165282361499222
0.07915953863560407
0.07950128702754132
0.15307110496816023
0.122574671698195
0.08024190246944966
0.06769162693703891
0.1301323471865392
0.0506995191249673
0.11389946046777405
0.10130197718974457
0.12261926425302021
0.09961650140499832
0.03690110133732055
0.14785702672915887
0.13460626709169177
0.11990313324679086
0.0630475919537247
0.06822945810152817
0.11175109664508354
0.08526090160180223
0.06650452276909768
0.10780991567295883
0.12431740986023349
0.105650736664146
0.12498175486198179
0.10136363286131277
0.0626686467085226
0.10213658854129354
0.15634436799597368
0.12315761805742392
0.10951460467324209
0.09537724529445296
0.09892962758912052
0.11674545606770942
0.1285791097334137
0.1327610006794401
0.11720795311856289
0.11107661219621105
0.1529686835516047
0.07771396039083672
0.12478275595904001
0.11809675811440357
0.09914345194176799
0.08927064522867487
0.06734234870849334
0.1559369122024466
0.10881950629081122
0.15830211022851529
0.13748005448515804
0.10146541070490563
0.1172968011342463
0.09987745735978164
0.12513725073461557
0.08104205296584281
0.11642539138035492
0.14631689324034294
0.15109923420632876
0.07026755817809026
0.11202404041026236
0.07491562200298858
0.07289821268199081
0.09896429798790966
0.12951476291277209
0.12015203026913485
0.05026441783916174
0.13893634053802517
0.11600908205390731
0.0670409499247829
0.08981359300838426
0.17629903991838344
0.0305831957505375
0.052863382400346035
0.04362001751434375
0.1253255005693322
0.12698403602687333
0.106678296052068
0.06971805090521027
0.09875344669296901
0.10872718115342463
0.11848902208092321
0.15589448781718812
0.11148127342724914
0.07729213952156358
0.061263624493221036
0.10299491398545373
0.08490552023144272
0.06432954301765366
0.03318525738273431
0.023203760751547328
0.13390425524401092
0.11412887152046011
0.11538415718289755
0.15228090015713797
0.08305575289998889
0.10868724044200892
0.10755078940885514
0.10655397843297094
0.08429722651655688
0.09395733928431053
0.12463737386748984
0.047109391746493555
0.1664537621611661
0.11435811551968941
0.12092124458013585
0.11631447755225668
0.09619041890556751
0.06560606692978971
0.057596787969778754
0.13448446882746906
0.12262971692200683
0.13297642014081237
0.10055859769477266
0.09776125538642408
0.15153912871100056
0.10771863724352326
0.05480870137618261
0.06188995165268541
0.08443568123211728
0.07174326265219617
0.14461536225668922
0.08445161619841854
0.09920706686273446
0.10107175479758201
0.1147190803678605
0.07468687832435403
0.08252694336925122
0.10973511920559705
0.05848083966319333
0.11074289376197778
0.12588771100697746
0.14460973015263753
0.1472474845109243
0.12183343606629474
0.11094306430196856
0.09145311351907526
0.05482099911340015
0.053848661947304255
0.06614856724929641
0.16008302988314405
0.0850117255348543
0.11362655811462333
0.09604175036225975
0.08929134411407216
0.09973651713181012
0.0742320673774007
0.10325447411911501
0.15596268513846476
0.06355737674483629
0.09809808080175543
0.17009742753003165
0.09412297299740485
0.12053528917331359
0.1449984655586838
0.03804776381604411
0.04665678523253244
0.14304810306826984
0.1846432208445351
0.080054270165544
0.10937118603286095
0.15802491637121074
0.11663650114756652
0.13708730782355724
0.09016077315122792
0.06992688023154371
0.0801704525728414
0.10084485387482749
0.12670141970605073
0.06783888604774416
0.07922287529355662
0.12337621613484652
0.08168657939886252
0.12538855899709025
0.15177427306359242
0.15812771151912303
0.08051794538116264
0.12034560394779624
0.08938455909833767
0.13208064111170909
0.1254020496902542
0.1683854411823422
0.08201434317252129
0.06428616575254928
0.025831941581368575
0.08388618310534052
0.130369768125491
0.0998647408140685
0.09133421061791179
0.11112313219966023
0.08759344005576696
0.08768849136316953
0.01583692100832454
0.061125931998558564
0.09298114235854557
0.08358707897330195
0.12325223160316665
0.12968924661758657
0.08028997322357982
0.11954877168186538
0.05927081036186043
0.07178131532907227
0.05190957661441368
0.12154907629504089
0.10333333997588548
0.12371592380655698
0.08446332875512445
0.1521378214139517
0.11261385476397003
0.09814122066904603
0.07129797693870764
0.06257333801677362
0.09440496562560569
0.1253928809011678
0.08741304166675566
0.07967577797914957
0.09426870237830844
0.1476841369412035
0.1320315702831688
0.09137867722499732
0.1212917641687731
0.1229808048236615
0.07181695978763372
0.08489786505179353
0.07546265143746064
0.08980656595080422
0.060636953878290364
0.03292126866482832
0.12413917110970907
0.10481439157065583
0.07571302907542704
0.1335794374959076
0.12822022597843458
0.13950399564341276
0.12674368199001976
0.09289359989030366
0.10436286265567267
0.11896064326603177
0.11275097441154036
0.12080160918959403
0.12940498934230288
0.1106287219076006
0.13044913243775813
0.09344179445170656
0.07961202282801139
0.07498819779296426
0.11670787732356061
0.07833146131365598
0.08813429785573026
0.10961271554428739
0.06609241478873967
0.0936757217429411
0.06639190993674826
0.11722408366233383
0.08669931186486145
0.11875680537079553
0.06965399904620569
0.06020462528134389
0.05954310976201816
0.05965309429854154
0.16230584867700337
0.11127010623337706
0.10167621584805801
0.09219022516146919
0.12915136151097883
0.09482911485129387
0.1404070958607856
0.10102927346211688
0.017803312645973415
0.1389830775911384
0.07398813800326319
0.13593499485073107
0.1332352123115522
0.10844907100583698
0.11953505878321977
0.09289479761513499
0.07557904999766817
0.09713667295395549
0.02607654896972557
0.11648969327668923
0.06758441068507134
0.1296354303347655
0.10548102564529602
0.08860806797137186
0.09336373108491289
0.10817794933660964
0.050864252112982705
0.10997861131111006
0.11612226992616151
0.11681666830455412
0.14001432749800913
0.08513634636620687
0.11193809285784925
0.12341658557863298
0.10114827893860419
0.07538460237990219
0.10062601755149633
0.04741134869676858
0.10183742451483861
0.11619279917452344
0.061990293918597984
0.0994060304059862
0.129309427875959
0.11135053748260193
0.06300321795155656
0.1011313608973056
0.17803535425145672
0.0696736043939335
0.11923439300428
0.048250533013866725
0.10775445678718744
0.09261039340741406
0.11751640606034514
0.07795490615656651
0.10956476098228181
0.1465065539305454
0.1370760533296118
0.0863846150453199
0.043412461327444384
0.06822865868122227
0.11078338243282317
0.0844951484765856
0.056721486458755216
0.13683782225972219
0.11800013226101498
0.07741731756992878
0.1037820288166675
0.08986396758227708
0.08089709502147566
0.08277089510298506
0.10191514087806765
0.08140110515084462
0.09926260764687901
0.12238327942475277
0.08953156142499494
0.13900536277769937
0.12989623748257387
0.10984266110834393
0.0753336192227199
0.11979840471220635
0.14504561093216278
0.114277032306695
0.09242819322024172
0.05992818128274455
0.06567086703048722
0.07250109858299794
0.0607353285969803
0.09221843685581953
0.06295772065045555
0.1552653539813177
0.1000491088210768
0.10770996144802507
0.12033495176032011
0.09534728329383702
0.11726569237455452
0.10503119442044234
0.11939125609723476
0.14227984290268567
0.12552486879747157
0.11424432368884221
0.06503502194379232
0.07521832430845422
0.09115921949807361
0.09394113060150183
0.12056285019563101
0.12092044694375453
0.0903376694443365
0.04058861816746647
0.15450343363549673
0.1385722014395126
0.09511232331551538
0.06347016642887268
0.06807895455992269
0.11283806743380229
0.09535628516076734
0.09771710808497437
0.11736872724883163
0.09853413158427536
0.17376154303302896
0.09835449710650766
0.06123621655724203
0.08492518303959284
0.0767723371008603
0.08364122626727884
0.11404490101695819
0.11219547017723712
0.1332347164030846
0.11735707349644856
0.10343384808245423
0.06561426036398943
0.09758088492247831
0.08165099746560746
0.10191826891166397
0.05757240573349198
0.11582703785802764
0.10426736807985924
0.06933517610753258
0.1379835670598417
0.05518052512714197
0.07576727707481554
0.08994438089203417
0.09474602130224233
0.10784128476726554
0.08018055932890224
0.09424886714491267
0.12250250445416187
0.17381296509015634
0.07319021316180693
0.041372210268082854
0.0659364406631929
0.1315739892824238
0.11308002614222498
0.10190476195880402
0.03395871654332934
0.07089575692472641
0.1594793129057801
0.13134501806931925
0.08367639128564183
0.06111044262311214
0.135015009179446
0.10659501697671342
0.07892814829764774
0.1366186180853901
0.0847070468100459
0.10131283257405993
0.0769954716004834
0.06727112358331302
0.09645665989636117
0.13331523156449224
0.0730502349215514
0.07789957817191798
0.049225948108145
0.09402004982109842
0.09269283332543932
0.09467449705499903
0.15908931267713494
0.14382501116012264
0.09450190046689042
0.08589453625421935
0.08379208555105208
0.149483469520112
0.09282808769190877
0.09529382752901203
0.1074388394285189
0.0973545524355958
0.08715965847404245
0.11756713812495247
0.07227466029472314
0.10804776455680372
0.05840799346663901
0.12797438734518435
0.06953468728018503
0.09097722165429328
0.09785044740732567
0.11121963481498465
0.12878700840721788
0.0792385419664614
0.10216015271012487
0.05521664675012822
0.11722533475389908
0.11957180914636843
0.07052730974407195
0.09505414353282285
0.10926437012252802
0.09861238259783296
0.14667164642295627
0.06348515702799395
0.059898003086666304
0.09964857150717864
0.05040160050086243
0.13135676125990822
0.09607247506036579
0.13300822899373033
0.06863496756834228
0.10556861588234726
0.06754023936845807
0.09827229614734888
0.05142768507794193
0.06678457852127201
0.07904798257446286
0.17156491382816896
0.10613850436805945
0.10963125461172221
0.06332126597660576
0.21814300768041084
0.07211962054416533
0.09487290708779025
0.12500539205887523
0.11902450159697851
0.07675814624922794
0.12246180903623859
0.11142224067683783
0.09264045480108427
0.12193524738796116
0.11874787613258121
0.11314847715527075
0.06511334705759321
0.07458177963390068
0.09184704537311035
0.1542814194210978
0.09727332041576314
0.08623725468518575
0.08085065334279448
0.04491313785751814
0.11310856917906426
0.1141178304938459
0.10565360429604903
0.11268213203985372
0.08177046024397142
0.0992508112934225
0.08140053299867199
0.08165820041991052
0.09693028478019153
0.0913622224938267
0.08359600064840227
0.1485562255536655
0.028414628682810222
0.07889111762940076
0.11036559647874378
0.10690627783419117
0.06943336337372334
0.11540254779259496
0.09398408967576045
0.1208125143313426
0.14392500722682744
0.09962293447643679
0.10450390571788452
0.14332402168082164
0.061360894451684724
0.11475909022924402
0.1258381238792904
0.06941244473507312
0.1089278060290048
0.11588823229343194
0.08296346889214762
0.11963917220151211
0.03312244541794142
0.04489553508767697
0.13432733341667125
0.08979822060744977
0.11325281131823131
0.12826288669201952
0.14115156668985757
0.0696623921625547
0.07576697549782083
0.09004064605821255
0.09326647985192899
0.0880285467382305
0.0794343070256481
0.10198446655335212
0.08460046609643847
0.09692997060942603
0.06743075529684633
0.08881458626094231
0.07387237992148044
0.08813986758710059
0.1436106334975916
0.11216647079261632
0.16591151067523938
0.16128060780894748
0.047637447759491754
0.1365585004332719
0.11203050919634587
0.11722394017133489
0.12483498962464494
0.09154769881925738
0.11424633585409237
0.1138740629851262
0.07297017660749945
0.12735105614687844
0.09364477434958178
0.11115392475411869
0.14254405527384853
0.09561907309365411
0.13161126469875603
0.1403628935958053
0.11516475432282337
0.11431726531169038
0.16731417640789562
0.10563091252324458
0.15088966746102722
0.10090704368636672
0.13426211179610442
0.04816447976948711
0.09184987025387897
0.14340649333609484
0.07568965133675447
0.12583278593858835
0.14069242495292694
0.1680222930957136
0.11429560772599631
0.1063576826755559
0.058412842944219806
0.046569719887086
0.0788483880614712
0.1382563187161849
0.1260535898909734
0.06367736610559037
0.13172039094395788
0.09781219342340793
0.1436030781920438
0.1013650162997315
0.07444080287158338
0.041446934189822246
0.06640408122019203
0.08465175854721316
0.12061235739812884
0.05695361980093477
0.09895341621066779
0.09003408961696388
0.12219790939826515
0.11749952187177354
0.0464486664969175
0.07950546819174042
0.0859391934919603
0.10586042898315637
0.12964338938705156
0.06834288540985758
0.1264440196945477
0.1504549469918143
0.10146111665660067
0.1498145684987116
0.08684659846099049
0.06592162035989788
0.08047937926501392
0.056448350806521275
0.11392235215646485
0.028041877323954995
0.045257271159375674
0.08040154647955139
0.1326188142433417
0.09277346805732231
0.12450672372504984
0.12185070707348927
0.06818926593976578
0.11622692339123089
0.1000214575642733
0.06157063719856008
0.06528583227129192
0.14639912454887014
0.11433097344468295
0.07098758786990862
0.07899581045705753
0.15786452516656102
0.10229818935616376
0.08973990407500887
0.11737922625661446
0.07482417076960099
0.10980215061926046
0.14077284787842798
0.022292198453609677
0.11010862081445692
0.10445383468105524
0.12324631834140513
0.13169919082703718
0.11712328964579201
0.08164963708235644
0.09752980442393179
0.12499085720440409
0.16960702739733957
0.10303191752209492
0.08231229749292433
0.09396746059424753
0.09027879590031404
0.12062190325125294
0.08536450377256663
0.06535829983633948
0.1297238959584756
0.10898344093916913
0.09973579395878525
0.13763519955907766
0.08978759807157817
0.1075146718107536
0.06603076602202701
0.09204684776342525
0.12398762705798727
0.05663691855568977
0.11292205489995868
0.10932890736689858
0.11435307258980076
0.14375772277806084
0.09374028541096778
0.1281474186292323
0.12439840831581478
0.12559183954997674
0.10842459625099919
0.10947834454186572
0.0748424881388331
0.08509915728948804
0.0930606394256777
0.10717875851062311
0.0852877769136609
0.11344923074562444
0.10412545850591697
0.05446133082695504
0.13471180642267044
0.10598762553796409
0.09264858233741395
0.07497394816175203
0.08473692492647397
0.050945618648276604
0.09417023674597313
0.0552712618123805
0.1015792185741129
0.10402765265903197
0.09884121298058954
0.09206563328414873
0.09129383069874183
0.11534096485795049
0.0845795943430148
0.09136716954705433
0.09155363325347012
0.11944808925320552
0.1242822169470075
0.07985701867547212
0.10434920000791327
0.10168318650203315
0.05820599455737545
0.11304612485722239
0.11929082955913102
0.07297379977556806
0.07289384550448855
0.07852078071942187
0.04467079135687807
0.14149452774097176
0.07632366934031175
0.0880231519462628
0.11794816375256828
0.09944352006884237
0.12471737692313094
0.08349512852228294
0.12048499161614244
0.03925543561477387
0.09009195775700445
0.03462560644328819
0.10670184443251479
0.16080627698408856
0.08389145846137275
0.07132340026213807
0.0844793052818441
0.09297040131660361
0.11454358387816732
0.08487866036032107
0.0908662815977084
0.12158179402480802
0.08554668727619699
0.06881196081139873
0.0882738650753705
0.09939996563834887
0.10115201789564388
0.07626313632476565
0.11063942300983244
0.08037857542597399
0.08126862564194896
0.11744791477619562
0.11498984025249567
0.1137570579211101
0.07069820185339117
0.07311662643580155
0.07229938209216977
0.0938377572646682
0.09929440907749823
0.06022938390363792
0.10595212671125641
0.03934634230382873
0.12402228066466625
0.07854313354214895
0.14999529799831324
0.03237231036142639
0.09134887315113115
0.08825556365370109
0.10890270347588171
0.07941491223745109
0.12218577845434997
0.08510852342620538
0.08894903448048108
0.1146143378257298
0.16589547700120452
0.1573068763611694
0.07234938456707618
0.0634420558572441
0.05572949868807219
0.14816182839016964
0.14835111493977804
0.08535168548861845
0.11370464045946387
0.06474372544202897
0.1038706525751394
0.1215814066168403
0.07404316093109634
0.10326699913706139
0.12844810540011978
0.10864755152005619
0.09502222678553271
0.09542186448624786
0.10447782855255233
0.17748946397607818
0.12532148288941017
0.07508450603532724
0.15186604072094026
0.09042926527401131
0.07286315646675486
0.089567566277334
0.13416932622377192
0.08583429275243491
0.15418118082894205
0.09078705646354562
0.21676011323768818
0.15382402018233868
0.12283733848183678
0.1461304854043318
0.15287430126432744
0.1181028217621378
0.06908911596978318
0.1333986990383836
0.1062525867663694
0.12217918127107205
0.06437826653918466
0.05156994053297262
0.13314590231443443
0.07887820971421441
0.1226267572142525
0.04452633439228342
0.13544968571091281
0.09875328995431815
0.14829009357539658
0.12687347844310928
0.1628824628557201
0.10887547152937027
0.13155623483966708
0.12660460925301223
0.11234501023345059
0.12257712513387736
0.1116503190567329
0.10980948071057818
0.09523394669857486
0.11305338524292281
0.09714630682250558
0.11969203910755392
0.0855291681087682
0.056529251982418996
0.0955085538091841
0.10651234283233371
0.09382749879558541
0.07196105423646929
0.121501130996056
0.09541578453890365
0.12518188658803217
0.11341403600198505
0.09995567885160865
0.08610410805114022
0.09124588630338387
0.07656365420363959
0.12040581135544567
0.11988237943726804
0.11254548206298583
0.13952814444757505
0.06325896847482894
0.13064368324901116
0.11363677116856521
0.08217920744895023
0.10362107677683177
0.08135521854215311
0.07762329039097587
0.0855935356699516
0.08696044212038662
0.0842536019296266
0.041065087371787344
0.044477905564078477
0.08808838900240373
0.13970163925338178
0.07610675384698506
0.17101892256815837
0.09030789762773762
0.10177600800978044
0.16216833915862638
0.12550151756103614
0.13566669436184553
0.09549016599034302
0.10343999710441558
0.13800281350259813
0.10401191010629969
0.09312158729211457
0.06445560138502342
0.11260446914462048
0.08131130959645361
0.10760701632629405
0.1217889835089245
0.08043045718229686
0.09221638675999339
0.09930147009163738
0.05523873370879675
0.12388139116796577
0.061385860328463875
0.1296723617610255
0.08955140334876595
0.08950028781499335
0.1337191894057369
0.07241650947002302
0.08472934099217984
0.05055041341529926
0.07746600838021228
0.06828339806505107
0.10545314190981554
0.15144536229783323
0.09154128339474357
0.05444861728654923
0.10547573422126766
0.033006623118767606
0.0889704602056216
0.06130231300049889
0.16689252516526248
0.07060828804480182
0.11510490123099769
0.18922967383188644
0.10578796175066087
0.13084683115598955
0.135759972061909
0.13699249237136438
0.119518359096847
0.09793796152344197
0.07316489877698867
0.09154554867187353
0.13141442928607036
0.07952529314098661
0.1339387712003723
0.02368233803454746
0.12747690678976917
0.10322118034702422
0.18168769206829963
0.13074497542633448
0.10546829686405426
0.10359181254099269
0.11498860901004976
0.07021617847341863
0.07615392552103334
0.08747770979879198
0.1316620439074499
0.11942903353902423
0.11165323935447692
0.09409381210617662
0.0836918652937371
0.10243224443730418
0.0892823565430112
0.1260800698622696
0.08376072556136574
0.1351022124101579
0.08795439907624301
0.06654193347674028
0.1088077456524721
0.0892556066902485
0.1468046189514372
0.07323756326647186
0.07033532895951496
0.12574187397664136
0.13953594530204783
0.07275300480428909
0.11194140707459053
0.06338357744682305
0.06606750007125602
0.08990394109434109
0.12642847658773945
0.07675761427142377
0.09378226901609461
0.10054794881614737
0.10933203483818849
0.10699171503065542
0.09328137710704806
0.08681857853278221
0.13682334229008164
0.07582297483648993
0.09099568392426034
0.12074268693172654
0.08761486459619004
0.08696995941328725
0.06592343065163135
0.14419535106458525
0.11676584435741519
0.02981923736216882
0.0782174784134968
0.08372962400288646
0.11649723836707457
0.1011228132603804
0.1358180573912495
0.07049827240989291
0.03515807699958719
0.11459246651003605
0.09236729319501026
0.0697034995262939
0.1155568636615061
0.07883841583409175
0.08581698620307895
0.09782460297147724
0.11734545764046052
0.09191363262390084
0.09774904695718228
0.054610630603620834
0.08500107479719995
0.07649034622102385
0.10701584976041126
0.0813777980732123
0.11887243750279708
0.0850271180316478
0.10817349175108043
0.11660415552004938
0.11748820934498841
0.08987876282156239
0.10340520343965444
0.09888723806436699
0.09333718515928405
0.0742605519614647
0.13811115633724383
0.09689458685353315
0.04833263337577373
0.12639110924691097
0.1673961294283898
0.14243607021265287
0.14952122609617374
0.08715829915334689
0.07165088190776425
0.13180584429718253
0.10584778530026476
0.11061356918659064
0.1354303932334346
0.10875323404911197
0.09328574173005974
0.09802125409728663
0.11608557240586653
0.10387580602977112
0.09880125484218905
0.13664260612427231
0.05859010204523252
0.12064444789163417
0.0775135469808578
0.10492341454947283
0.03963541603205069
0.07704022097475258
0.05322505187740238
0.08333725820313184
0.10357817930608751
0.08673481393662605
0.12428704684019454
0.03383514681907886
0.10986329639987696
0.12281122131600293
0.09620643629338113
0.09323695923056274
0.1092791797779624
0.08559223216464587
0.08728843207023147
0.06304041638414616
0.12732741450668333
0.06620270491475505
0.08044196011511676
0.11160856895765102
0.13189770068203457
0.1025022893150975
0.10119196266136976
0.08862816746667693
0.09719035355922853
0.09062551226628857
0.07111118002790931
0.07916514886503812
0.08013627735021138
0.07945727223333598
0.1180965511248614
0.16043709021647168
0.11852920483585122
0.07440594585806781
0.11844828380155126
0.10097108151705517
0.11092214337814182
0.08218440193667517
0.08997315449734866
0.11903754788647022
0.10721606717589788
0.016192356405143174
0.07258582648674503
0.0714680275388782
0.08274016929750322
0.08142182736551001
0.160118565438171
0.10598970843249005
0.10781361005334847
0.11565691652680488
0.06621793899279313
0.08402111764301672
0.09970200571105313
0.07202591604742697
0.06118321843259842
0.07030281729994116
0.12667899612337868
0.10179081421400824
0.07896286494740537
0.10607528407643758
0.07563762182443533
0.12111032310135843
0.05931167292595762
0.13058457901166548
0.08483690100073563
0.0800574305020098
0.08881861188885763
0.11605538675152996
0.1045819181391405
0.10056283064893604
0.13771677516292302
0.10067548622994624
0.08031365447677379
0.13348308671846387
0.12545205593245434
0.08478786106336224
0.094784475955642
0.08712275257570287
0.0700727709665403
0.15070478755422476
0.17113781617347412
0.08288069365033746
0.1274929746319964
0.06683006817057616
0.09519018259600455
0.13036480572072523
0.020652425960938955
0.11062873644739177
0.0844474124661807
0.11495850991079062
0.11317425389153005
0.0656684108780804
0.0325071937026402
0.09884732603899705
0.06465557429154134
0.06231911853565873
0.10798844978372651
0.09457675098043868
0.1559928488231619
0.061143054361012625
0.08809689170991097
0.08929261634076108
0.14184478126155464
0.10496808172006405
0.06941157815837587
0.1091290149536249
0.14172744369325901
0.11787059577727303
0.1278372083046949
0.08516654625864249
0.11613143148249662
0.09038145025779308
0.14318034632789814
0.10794209077192782
0.10016885289687122
0.11808203293635439
0.11896350886889638
0.10824661573844954
0.11542020025313879
0.08205853795754002
0.14467680749609854
0.09656716466295938
0.08280817775948456
0.11207295094854533
0.12356002046818672
0.1342254494588531
0.09945205268849515
0.13302818555854903
0.08838610273370491
0.050999416557805356
0.15526583895070178
0.08924679072550301
0.11069928913027162
0.0959127845360416
0.11336637285992233
0.11332352999582712
0.1031826564723351
0.12899476749612465
0.028493605026529575
0.10134932375945863
0.1019602139595655
0.09014182344770544
0.14407446050199696
0.07941376553721341
0.08245119059503811
0.07492922059265705
0.05852313936778402
0.1166731431637286
0.0874173149519188
0.0976470800983542
0.07537390398056243
0.108232525238288
0.12206309948863192
0.14432779124182224
0.09941449637477257
0.10608148761928674
0.09420442723858972
0.12850887753177082
0.10600045725432214
0.1107507735387894
0.11315677146870494
0.07114737373429722
0.04721021471097925
0.1336525857789013
0.13819393980370887
0.04767527667940914
0.08374737947795438
0.1238003127978912
0.06671396722830503
0.129991815062805
0.04573574155672635
0.10167559652071868
0.10571528916715252
0.07733606654314855
0.115298507248685
0.1250045948084411
0.1391382939651728
0.0
0.112118836764576
0.12887065082123397
0.10243292367236105
0.11729702237835408
0.1277005834645026
0.10200422869733122
0.08628209627388111
0.106799360126833
0.09590335810859274
0.12384291118070137
0.1081522556602047
0.10667883599353882
0.07470256757555863
