0.09687416010335481
0.05443182640272395
0.13186279122674868
0.10551112976896308
0.10383086221051556
0.14270969694694574
0.08667086003327752
0.0796511995078177
0.106185180482024
0.13120084882082375
0.14304774907713602
0.11426326033396653
0.08386976880348702
0.07861649630685655
0.07318367963123351
0.11785863440988138
0.1042053373693081
0.13952262126149279
0.09020914621760423
0.1281716172947174
0.0787234003745333
0.124166262855557
0.08179080100601782
0.12606246423968198
0.03965882717627925
0.14373867467624538
0.10827350876059161
0.069124269787919
0.14745486271557057
0.12550412732025182
0.0937367420364488
0.13207771878724897
0.142764559329902
0.09670701674094764
0.0728748737707045
0.043684748552097516
0.1323754055446177
0.12461974568335388
0.0933155951203962
0.10400645182183581
0.05768408798643057
0.11814707386824115
0.12781286135863462
0.1267899498620473
0.07596350939064767
0.11181678739404627
0.11310338084459697
0.11728614326832676
0.0912549480680289
0.1571091698623345
0.06573299040344804
0.0740783117443554
0.10817662893816263
0.12575073597168887
0.05867176249638741
0.08170694356442784
0.11994359122483696
0.0766155499471026
0.11130413464657393
0.0719451801497237
0.08046783967925664
0.126368585560968
0.09628022400486513
0.14582591193761385
0.07278054213607
0.12311881255284216
0.09358918367928214
0.06925431161043306
0.1321814439855505
0.09123299922378744
0.12307247674464451
0.11460177500577264
0.10252536068796757
0.068559315830692
0.09554453315149537
0.09331928619831883
0.09150202895876182
0.0980484266288971
0.040488889592809135
0.07053592361193359
0.05009676429427541
0.10082056023865121
0.11311953878691494
0.08493273208619127
0.007582369000888947
0.088274449900299
0.1427159698491825
0.10984157154511864
0.02081823529682157
0.11602348239838461
0.10061155967456929
0.10627072869375627
0.08971165059607972
0.08099858540395935
0.09108867995015944
0.08596105444121373
0.15433944955577678
0.06222784355728888
0.06874520189273914
0.08789442673088296
0.10244235974298417
0.15705760196561
0.15980590991972204
0.11068876378333116
0.07685663378287973
0.1133949205911747
0.08422738622379852
0.08463019190736877
0.10932200576599584
0.0184568021578123
0.03556287181844771
0.09051686405908373
0.1339732843842174
0.07123192412889855
0.09958335178744701
0.1312235940327369
0.13945294043495216
0.10115547448100366
0.12940298852943707
0.06900893602916694
0.1212989037825987
0.10314710303865146
0.08557914862018387
0.08200750305060922
0.12161864714498315
0.11793655557353046
0.12641726882367255
0.07864138660246543
0.13403244111557971
0.08785582530249347
0.06828706823491643
0.12675275316704804
0.10344401015564633
0.1077633911105828
0.07911734193597893
0.09748007791290636
0.07001788545201854
0.07606905073484761
0.11523295382701597
0.1627016975561934
0.12453542270619938
0.09566355375959565
0.08095810963150431
0.11755332656460991
0.08239674560215611
0.0974349872337463
0.14308498663469102
0.09375077122775693
0.10848783571869479
0.13785889938230184
0.08830602066708698
0.07198988416729807
0.08911374080445573
0.046466527536841815
0.06685696632812885
0.13066601964677982
0.06573564607062274
0.08136675809307038
0.06238463122320149
0.09117458935877595
0.1444548389555279
0.10304188189667494
0.08970429820975212
0.1309225919277776
0.07564561624485197
0.14188359064102934
0.09601160635520603
0.131974352192142
0.12390137522345926
0.05871739070188585
0.13050414922510795
0.11203794790282305
0.10019406953817123
0.08789791862744524
0.08887218484099593
0.08063323552816523
0.06026518179303137
0.05014948886647939
0.10056523634508159
0.07582734315715024
0.12358889146437284
0.1350502651215631
0.15747569904198563
0.11072031778501724
0.12071514610444692
0.07763770780782309
0.08741279228223348
0.10356960926952835
0.06975914808847469
0.07930157527562809
0.0898852458364206
0.08840846077868811
0.04348730621024697
0.10824702037155155
0.09066233306993966
0.08095308003366893
0.09481078832339755
0.06873371223656985
0.05975329871462342
0.08694767601943003
0.09668375299056096
0.13985427319323612
0.08663122444174896
0.09283447570533646
0.10502110890486735
0.17635656347681763
0.15092852592462686
0.15776758001181385
0.12255608927809461
0.06982943959406171
0.10816942822775766
0.07072933279574661
0.10462158011822709
0.17070875807619953
0.04928433999515437
0.11126128806688279
0.040322311098834995
0.08807232225204682
0.10060710680407331
0.0974980049815832
0.08299633222896224
0.14332343610544568
0.12926463642102218
0.18116924673844698
0.14869224476907345
0.09556531002023304
0.10598248640711963
0.11615303483145571
0.1019048723865674
0.08979413404799583
0.08167948862236545
0.055307659558833676
0.10287725622010345
0.1285270305732587
0.055342361405431494
0.13265589377187728
0.11418886139822307
0.11557062645087324
0.07409263967341174
0.054163970801977775
0.04773925600986021
0.16497560918763704
0.17456790706483558
0.08922926096976588
0.07825679714557811
0.08572178954316692
0.11674202245830545
0.06936585840558054
0.06793413747854166
0.12092684632178798
0.09435140673609717
0.05880260639907766
0.12030794676573124
0.017453860607207328
0.0887127145593635
0.10637028690449758
0.06810550107472688
0.0971648919690713
0.09763598629681453
0.12723672924835908
0.11754541283541263
0.11210383871988204
0.14727372331306976
0.1312789290860364
0.08366100943074734
0.06628610521012718
0.08867475570494632
0.1063069735922407
0.13809630220945016
0.134619878029789
0.12742681579114376
0.09729285177425584
0.051227285744030855
0.18383992644638594
0.14461860551304756
0.05807797376773244
0.06893154632956523
0.06202728770638449
0.08595010270549892
0.11605959485719766
0.10478482577254107
0.12344136529811811
0.07391578027050055
0.05432759712893636
0.09223698369748869
0.07140479746534366
0.07771278368779025
0.08872610937511685
0.09510347018628956
0.12235529169821996
0.1223630524412696
0.17387604304680343
0.08955692888056352
0.10671787360796892
0.10060076144348537
0.08369309319103267
0.07103252304802504
0.12101784948068123
0.09273584881301376
0.12504737753391018
0.09189905970120794
0.06132827611291199
0.09502474169449092
0.0969781602577153
0.08725874930947185
0.10962097478882685
0.12577503185049851
0.12626188376577038
0.13613362727685008
0.10380706022659375
0.11096387242893899
0.13126761618566957
0.06426031023983356
0.08268858816045953
0.1028119599967724
0.1943077363701855
0.09621794852727544
0.06836657507456934
0.091311752464805
0.11158083884998782
0.12836571277185344
0.1801674205616037
0.06196132220893431
0.07904355583464912
0.06322247197591947
0.04597087254363705
0.04831361450675886
0.11059372160171417
0.08229192153631959
0.13118441171153578
0.14867477017757855
0.10116213622990058
0.13347341205773774
0.09559997534501345
0.09255598960679118
0.08086927653527606
0.11648691782334332
0.12676846999162403
0.11660687093244483
0.14228922933968183
0.09364809962814091
0.10526314109220164
0.01285443156924275
0.029277253216543314
0.02887851480616299
0.08144821934435584
0.09775857310353257
0.1600203528006578
0.1441710862722337
0.0617374819906918
0.06433593911542285
0.09398802631201011
0.0835144014539049
0.10773262636268449
0.1175327456435338
0.14449431754666053
0.10738874811795372
0.08554541592948144
0.1268471673050176
0.07097880195050899
0.10979260528507498
0.08520962456188899
0.09067395783721963
0.07391954088944633
0.1253577332105694
0.06813917586193302
0.08600842609832242
0.11999115471827773
0.10482647648526609
0.08484799681989481
0.10100702434193501
0.17328215354390325
0.1392717631064493
0.09749775619266807
0.10759263958522096
0.053806638770788305
0.0912777458120822
0.07711917119034739
0.14045320747536663
0.05388907328690538
0.07585097409161148
0.11917217613406468
0.13331057432251264
0.12066167215294742
0.14824715310465766
0.122358953798016
0.03898797475878757
0.07795262634724145
0.03447113662970715
0.10929065122177031
0.1513860645386948
0.12274770764698043
0.06209145126126624
0.11159335837495829
0.12028272834629436
0.1356606676723
0.11820357442567446
0.11760694426910209
0.08478001470174037
0.1140651593636557
0.057284361941975157
0.12736519759217124
0.12870164012248694
0.11211642736855763
0.07667609172992902
0.07669848376024703
0.10175583683867889
0.08845032537595077
0.14091953520541453
0.0816096603702456
0.0025301605270018485
0.12247828840884181
0.11560355511500812
0.10501357721898293
0.10969002732231448
0.14823243270569098
0.10477885285145423
0.13111574972912263
0.09845224244312804
0.08404321682546018
0.15079647334336416
0.08815567778946613
0.04876783457346923
0.11086435165398299
0.06965772194668365
0.12234138324662394
0.056613693963464724
0.10395517850090134
0.05892599012817207
0.12699901545092393
0.12135796999308593
0.14366967331813968
0.08001645971422938
0.09438703237311163
0.10155660536027328
0.10409040416945028
0.07175468655869549
0.09310879527877551
0.13252554561054988
0.11384923832760428
0.04880798207201945
0.10914761209458446
0.06881022335253661
0.11129196340238579
0.07333188729555748
0.09005614346836886
0.08480915185781603
0.13413659339180675
0.11625821013531698
0.09498013040897553
0.10362733235056261
0.09718822766682222
0.07829874757834464
0.09288009110411041
0.07200214393562832
0.10616690147350132
0.1478227947328032
0.11583251610114176
0.09777412729886366
0.08186278459825187
0.09362265789932554
0.11224479230168635
0.10449978540735129
0.0860859253103521
0.1110424215538619
0.04904130125693998
0.13098218438798687
0.10263106650395686
0.016691775356841507
0.07556457056313344
0.14008949990476008
0.09469295012256729
0.08131478702771282
0.11144751463230985
0.12365160544305356
0.07124227339025035
0.10664035995762572
0.06775627730663776
0.09872561919568118
0.16630107081807016
0.03936571595022098
0.13429271876850582
0.0944715440430798
0.098806715145187
0.13268268168383432
0.09427639024892227
0.08806858614138748
0.06461132916851073
0.09043023211617161
0.10154017438684453
0.08725400685450321
0.09182917186738115
0.07540760763754865
0.06985059533308459
0.1242051625656552
0.09242479988206868
0.057151572952898286
0.060144624787525
0.09308822362160413
0.08351471010910944
0.11124824212748075
0.043142112199152406
0.06642411468928128
0.0851661034878007
0.06032007550119007
0.08758842866886436
0.10311776320876942
0.07525941729639674
0.08538358134014642
0.09209890892505333
0.10458689828978794
0.0960533578511617
0.13839181452833532
0.12956260595283134
0.11141426759931956
0.16315408796515712
0.12493383530392935
0.10762975935475705
0.014915783657339574
0.07389278163882884
0.10888969803582653
0.11568109586099211
0.05736949647058882
0.07194353055089353
0.1091289735025754
0.06664995368948062
0.0820844550989113
0.0674366283325602
0.17515324262349155
0.12944224391230336
0.13064520629214582
0.08048292849308966
0.14912300167210427
0.1125404700324309
0.09258201966956078
0.11329640681696583
0.10601810523805966
0.09130805103843771
0.14266896397149748
0.11851757601453879
0.08582740412993616
0.12074714827768065
0.09046898423404745
0.07602127456989492
0.10225843314673108
0.10555788800876913
0.11924041138163394
0.12227182176763467
0.10959214669975054
0.10924734047860293
0.1262000222486015
0.12124464185476908
0.07218906163472802
0.06975773322911638
0.04852134580013311
0.14258811134965493
0.13748787681556032
0.07468846446572286
0.07628594177551055
0.09739296706453321
0.12682009088253127
0.1313817144854963
0.129644389729989
0.09857794730029071
0.09071841612469281
0.07238540661816184
0.11239714720003662
0.1511406247898065
0.09710858695399895
0.0957225002248724
0.044681896663038935
0.06242827322718923
0.15343899772504804
0.11997639239627109
0.1002646582919224
0.12050267344140228
0.11700784687720893
0.11303264422126094
0.07471522995503235
0.14089264563368295
0.10357275203479133
0.09759270034419165
0.07165332675450836
0.13461318389313615
0.10715806538873208
0.1391741397054018
0.0589939073484363
0.14268030230165746
0.1027985653723584
0.12007314332770623
0.06008960457716907
0.07852838758567673
0.05664958586491105
0.11264287959639009
0.07556067413327897
0.1147690111968769
0.08558720556965169
0.12227852259344574
0.11278508973689916
0.06638930729856435
0.0798114772901224
0.13301258408006608
0.06821381733013049
0.17167817350380096
0.08000838422295188
0.16627896045599433
0.14056908394606965
0.1491444567831312
0.11459682521693623
0.09345018233932423
0.06569715984529706
0.1368801370410921
0.061860842534123675
0.11650297524256367
0.16240032358560247
0.09747294718339368
0.11609321300502731
0.08522040932120278
0.047392777657528605
0.09421732553818545
0.04992813453763626
0.13490235930690833
0.07830692215478666
0.05306400962672944
0.10493646895848874
0.07361540199647312
0.10530231017164698
0.10923175715761164
0.1013989656860779
0.11090384353379398
0.12469144568964634
0.11241132691940513
0.09925180673218982
0.11138936021392364
0.08388383195768057
0.10604715357393402
0.10427571204868658
0.06238202042017699
0.14944541597211516
0.11712505813564363
0.1428320397546941
0.10885995407956042
0.09390017159605468
0.06811323695409338
0.09167942233205571
0.0693532643319092
0.05162339845629086
0.05548818619304332
0.08021365031014646
0.17007958460693393
0.08562970875492601
0.11241754885973146
0.04401424669785924
0.14684054016039472
0.12018020767165896
0.04299963594219694
0.09055105780658046
0.08359324038778723
0.14442183458492214
0.09848188209801992
0.12127023657582887
0.1426641908479385
0.13245424839535946
0.05192098740980337
0.10275243034767131
0.07136322619991221
0.04582700229830003
0.12464295162269048
0.13450318845695763
0.15515267079774048
0.10454123779314092
0.12922253442899012
0.10968394248862479
0.12836383456449926
0.0720926522058444
0.11071824387605982
0.05657487906264472
0.14889082241834026
0.08583827386439574
0.11923210295810518
0.09394951425994394
0.11762234717375837
0.06706058745154138
0.10099270622880344
0.11062585536417391
0.08284695538247448
0.058384086987289016
0.09592645323543622
0.09563750903377881
0.10837791143161775
0.1350876185734796
0.07981556052270072
0.12650888591539375
0.14191784340263022
0.08571874079466081
0.11191860787323452
0.11684021367440844
0.13937240182756683
0.055677747793787945
0.03637147638458972
0.09394741825989374
0.09348244636156187
0.10886385382735436
0.09320445660204649
0.09693230956664467
0.14334649625617196
0.08941357986445991
0.09465050714583162
0.10649482329333812
0.06753718994091137
0.08660254199981487
0.07151276883100921
0.12000975175977859
0.08179454219885857
0.05784511613814433
0.08091800801068355
0.12033203705205883
0.09022126667551535
0.054315090906044
0.06444619162526742
0.10071314209621618
0.12900495757790292
0.12960003129467396
0.07686868183162533
0.13029816716374534
0.09802497123035375
0.1045185798028047
0.08165404361956885
0.11294617705638094
0.1207886301785554
0.08280934310079767
0.09984842233837271
0.1063589965512255
0.13372411967294862
0.0916613651200701
0.07846636120356588
0.14321080148283566
0.1290553200189819
0.0612886136186696
0.15273972743489123
0.067030077686826
0.15189211583032042
0.0696668142341939
0.08891835682124197
0.10151576087958582
0.09529331503261289
0.10349110232354443
0.12766688844385163
0.141005867209627
0.12369315592601689
0.08614621643306739
0.09130653448825632
0.08672253591063708
0.11716213371643155
0.12037468231171253
0.13884615502083397
0.09767075741271619
0.05785500701150978
0.09723169670013465
0.035570104482396905
0.11342028297013917
0.06327521178289439
0.06555050673921034
0.13140091786143582
0.130618718416079
0.051376439886870184
0.09926811846752771
0.1642490060857306
0.10333613086714208
0.09196987243628872
0.13571021539300104
0.12297233688486942
0.06892412490587707
0.050559713843950166
0.13905421064548143
0.13729447447589568
0.08816439769862941
0.08831208289616192
0.1260173846405665
0.09693113791913247
0.09812495768098753
0.02346240144593932
0.14251044051710993
0.10057897632950595
0.13811419048181853
0.08159085532341454
0.10650193762375125
0.06544138042303474
0.14605882094444073
0.1767326876704497
0.12203097657598522
0.061826306212366525
0.1891420652937265
0.0946432216575336
0.06763341284319828
0.13471685251450757
0.1233608638302693
0.11883466144087704
0.13065646961536642
0.12678110187666636
0.08713030278412556
0.0659934398924889
0.08321002444209259
0.11659725027494366
0.10042752746481129
0.11641808380656074
0.09169443122602036
0.08426859348050071
0.1421673156266231
0.14102334667632527
0.09947129330135802
0.050628360516410634
0.0825592165762794
0.04334568446844963
0.04788272791101446
0.04324888840154483
0.1547953220658676
0.13168393946996917
0.11547639416057962
0.07781254619535362
0.06585152892533322
0.06277258636755367
0.09797189583346018
0.09123701078311033
0.10977916533533968
0.07833129966424485
0.11776452088666484
0.06335592619967897
0.09943133761681941
0.11441461429108005
0.1133892354502344
0.08784861265257868
0.09450539394345059
0.08972205563786761
0.11492412251172246
0.15129234952982729
0.07544432336490657
0.06489836786133205
0.10617896621004994
0.10171095673540548
0.12420223026738735
0.14066921143736122
0.1052122705540527
0.16315733229966617
0.12318019143550932
0.09900973159206493
0.06437290177768576
0.14182121192431402
0.10028221134477644
0.15758735762351106
0.11063558476634469
0.08254547494910294
0.1758910894106395
0.09699739764241426
0.06243528139415445
0.12722260041329936
0.11862416214289406
0.08811285421682435
0.056128828736183654
0.05886833935808063
0.12521676661969894
0.11644256938634136
0.09595763856162369
0.16505027161999214
0.08366898594020737
0.11895808784416223
0.13283766065864222
0.07711466866909197
0.08244515743989636
0.07386235728696093
0.06776391083524674
0.16405424990854284
0.07635629137229409
0.09087454086299632
0.09097342288273284
0.10402801561788406
0.12397216237182053
0.09275411554208807
0.08157088447315235
0.09555468724840362
0.09482715741681357
0.10407053210520435
0.07982800602678092
0.07965977661819845
0.10452217320516073
0.10433816505170594
0.047718432828370135
0.11754457064528095
0.04976792384881943
0.039608808349064974
0.06474352411955456
0.08471147050051372
0.08561730765186372
0.092219041506071
0.1256401233136149
0.1332827441131111
0.08712687894719887
0.07105461100447874
0.1095621355062813
0.053466243421852265
0.08838325812965246
0.05084387381838073
0.14727810431578292
0.13520698299744574
0.1451766995409278
0.11488752098743996
0.11714109453350205
0.13134516431591864
0.13755506532289266
0.12905538222228602
0.11636559080397504
0.14086496583905045
0.09969446497658549
0.11308308136867887
0.1043249015328822
0.1486060010704597
0.11398376238084569
0.1041459293155888
0.08506920678083352
0.12740892769258744
0.12117352578109877
0.11613405869204044
0.15107321042183375
0.0858206102955065
0.1128912062027631
0.09332027795406858
0.13399466365414475
0.11521086400699121
0.05989644093940184
0.1352470172425509
0.09264527417104783
0.12373552693348135
0.1260388206168092
0.11251830703160548
0.07054040328414823
0.1228580073952981
0.10972640516342982
0.1545110483723705
0.0860640854784216
0.04874110190541748
0.14090379439039846
0.10205557835242501
0.07564753392745426
0.07528969090854606
0.11911622819632256
0.10515879795300347
0.05721237925193701
0.08619520340255885
0.1162893262109892
0.14830638470584373
0.1395326569995226
0.09268353556296459
0.05484114648336143
0.16376712379458733
0.1100387753748707
0.09686229665925142
0.13880218208884415
0.06337379047651485
0.06480275031868046
0.0778835183345604
0.12938379296448588
0.06847696255429565
0.02660805183833781
0.1262915363268883
0.08458667104836018
0.05096663564708397
0.0688678712389239
0.08319655329174075
0.1267362998419358
0.09799839249562328
0.13749416213933852
0.1687088833384746
0.11128119313997739
0.06286379406850173
0.04461235104386404
0.1639496925767409
0.16356664818747865
0.05665742950056857
0.09337122370547545
0.10962686554308021
0.08805093650150529
0.04970925840972989
0.11001415069281399
0.05476809490926627
0.0940808271361711
0.11716197193164546
0.13542571556572866
0.10977027060205924
0.06444173425596958
0.0930764625726385
0.09055363010027102
0.1494360971938809
0.13630797530746117
0.12150523401462841
0.11410592009596524
0.057495665959336334
0.13647627487050742
0.11611867329260503
0.111346413232902
0.0708079363235375
0.09942325314260751
0.08720646344975475
0.0763928869518648
0.11717303691919531
0.11178862127290126
0.07965391685289863
0.07657768027226573
0.11394054999633856
0.13143253699827406
0.11917456422962548
0.09243073180230993
0.07533629946300352
0.10770127069388903
0.0950432465940328
0.11214595695111669
0.09549178476090522
0.027677602431403395
0.13388817649891221
0.08164777463490207
0.08434561838197786
0.09968024595875002
0.059309329069012665
0.07059462411859807
0.09142753941629438
0.06835534126001544
0.055097911663078855
0.12458192816543266
0.1470766481143655
0.08809014211093422
0.08752164044010781
0.1337486379976208
0.10818591388606888
0.08999892042577069
0.04884460456167454
0.12909421063727458
0.11261602078270767
0.09422120385414239
0.07885318794164865
0.08884341514070684
0.11096805289095532
0.1200455919904031
0.1376141309062505
0.11301637937621907
0.11374704608280242
0.14809542950826612
0.1119638569654918
0.08919393959053623
0.11577856866479758
0.09535690476671896
0.12603587436874025
0.15247105799300883
0.08912306056567795
0.011022920677534034
0.07559914997781622
0.11133496100378967
0.0985257797371972
0.1035018669240079
0.11298912823557608
0.0946454457064815
0.1453055553466135
0.06269669745977727
0.059392680504971374
0.13908730069019531
0.12042750990661905
0.05788164542198262
0.11653197895780583
0.06648114803797583
0.14190947847004948
0.09200571525351892
0.07928564147533665
0.05921682933153082
0.11487662905858156
0.05555081092831038
0.09445854530381971
0.10676172352932628
0.0998644852026784
0.07961928659545023
0.07845182085103455
0.06728870621872238
0.12400189083203192
0.09075550398637867
0.07540192830593159
0.06188861229761738
0.0729047251396918
0.08803268615373602
0.13277656755875689
0.08744351434810785
0.0993076026079904
0.16161766609619643
0.12328271528500341
0.07954138474200845
0.10723110257741675
0.04897831948184052
0.1564939785588675
0.10767917078613537
0.06444646301872478
0.10019848086797722
0.11009018910806515
0.10380354503946596
0.1528281544834986
0.09894756241200048
0.12737171156920862
0.06536669929616151
0.10793471216612592
0.07830761558117783
0.10151225079117647
0.1259992448381391
0.15584839426593586
0.15786467283344835
0.12168676346700338
0.09419961101730555
0.11244598366993165
0.13403206396862827
0.10560737990325966
0.10449099226731165
0.10190163671220041
0.0689340926134747
0.0954889162845331
0.056374157563719204
0.09973122902278307
0.08617982055172396
0.11683303072996548
0.11194621720926197
0.1127012153535905
0.1114274891002638
0.09027208828645263
0.13421195421580573
0.13183353271446213
0.0929793266514276
0.08457794120736285
0.12869961270538693
0.07697067882997191
0.09129953551914624
0.07367694347812989
0.1111407043889613
0.1042026921775315
0.09459267669783943
0.09021686513065785
0.07760587428278623
0.10628644879137727
0.1352364364624623
0.07577070083472931
0.0972700142055961
0.07859024686604027
0.13517980286135262
0.13050213574746058
0.05951481299442083
0.08023340388536059
0.12282848831879298
0.07363305463028141
0.12583395810487671
0.13364973823098297
0.0730982078841498
0.13227506469973183
0.11187889666796644
0.10178105837280144
0.12072464530951714
0.09002010471579738
0.12889265183252696
0.1384651788327945
0.12618147818970413
0.08695893188258179
0.12598183138834135
0.11647174031362784
0.09572553054747904
0.1302642408589409
0.10737423266926616
0.08976656454778864
0.11124146350540287
0.062140370233658794
0.1063491897602345
0.06147247031692345
0.07262612546287808
0.0759861765274131
0.14983598038735538
0.12279197019979698
0.10798427963151114
0.11189613893901565
0.1313330145037143
0.11384323526660597
0.06257318803861579
0.12977905118158936
0.1642701234181328
0.08806484749678425
0.06006050249567952
0.11567126012416659
0.09437242217002526
0.10407658380517379
0.11339557433907112
0.127956432782162
0.13079198415248966
0.028092610700762938
0.052725622791167166
0.04741592921284022
0.07908115529964152
0.10186377467668138
0.09578848318167245
0.07878941251558495
0.12425630476642832
0.13949052743614546
0.12251622495648688
0.0926190786070403
0.11100095505200226
0.11609360729362984
0.0649610058184038
0.14752058173530005
0.13839120604366892
0.10689447404534039
0.08360680314950966
0.08385004831452608
0.04060341712429724
0.09932171839076691
0.0995011162675172
0.1065859209049644
0.10017203223055587
0.1412971050977681
0.11297119940686864
0.04017012740270712
0.13023497753658508
0.1129778057336652
0.09396400021505685
0.12605387572186982
0.0883971645146796
0.12324356486857937
0.05310914106951287
0.09682596195450305
0.12639680014913818
0.10368518164179766
0.09800910816245786
0.08538242860738285
0.07888771251476973
0.1104163811405763
0.13851949175648434
0.07788323064185809
0.1271689536779117
0.03734815814200203
0.12671766176657628
0.09419474954354497
0.11190638372464307
0.08422503749889489
0.1630045281380581
0.09563910681680451
0.13826216759762158
0.14893077398524326
0.09904768855921268
0.09872016975084845
0.05582791107159714
0.07334799888087137
0.0770827998743048
0.08990286945558797
0.11186635760516464
0.13202447508758972
0.09607181494881215
0.08790039214744218
0.16015929383492888
0.12494934507053243
0.09042525546152683
0.07001867235531502
0.0800679187034817
0.11272319246038502
0.08720181356470406
0.08632836972693106
0.11479319713998264
0.10948640121158279
0.09149357185883579
0.09951794168793324
0.13888383172171742
0.09471000375233685
0.09570443552133731
0.13270594863585383
0.08577589064583546
0.08570331443163036
0.09440336864980071
0.11821035545341742
0.09268146849493068
0.07175854773109294
0.07425402096959907
0.13436861022541144
0.146506814296459
0.093325213077356
0.10613690067818041
0.055433969164543496
0.13589634619939597
0.1433429940146847
0.08555273599492483
0.09990604640704148
0.1334474616361252
0.09648006570495907
0.1368679054859795
0.10128341100199459
0.11439848500891812
0.07884620045806882
0.07785353227551645
0.13085719452820416
0.06779027756776473
0.09070802232113968
0.0738921316258758
0.11635941729537964
0.07518160035114346
0.09892214220919957
0.10526688851043528
0.07057604612580655
0.08347088823863308
0.10627827724680432
0.08626932149510387
0.12394378100382179
0.07678927101183786
0.11355663911819601
0.09696420226011826
0.11321669610048057
0.08600445955380345
0.04795251612513128
0.140368651735436
0.036442949804390626
0.11414035328436163
0.1412355117545775
0.09937642738940897
0.05584202397859815
0.09901371072592277
0.08809536270659017
0.05814796799512579
0.05596685865411508
0.1095294688218556
0.07181905693923468
0.08804075464123481
0.07845984823296158
0.1372065845116897
0.11010328635113958
0.14269076608692122
0.13448325106164943
0.17553467566742798
0.10233005618167049
0.1579985441772622
0.15309279791287828
0.09464737797067749
0.10194443051097099
0.08826388669814642
0.08730394004765257
0.09595885068862373
0.09532282858893286
0.12156798464775184
0.10941005546345958
0.14167471992927314
0.14350352191962618
0.10204952029877802
0.1461717024017047
0.07852588907542961
0.06856323431713893
0.10532752783483355
0.08661543436101765
0.05928019142120488
0.13239110333202814
0.05799362975234481
0.11122027295866757
0.09865618105732829
0.08818423951905463
0.11055343671415166
0.07448583902636721
0.06103840443507564
0.08445142990475832
0.07012627785697435
0.1115703213207385
0.12986320854534394
0.13115919119307207
0.1502372912325684
0.09046044556572808
0.1203633453260228
0.10248907909272716
0.12172501912137478
0.08617369146321466
0.055617773730462554
0.11558521475032082
0.09314830138001849
0.10394440697900491
0.08200691340081331
0.07738270838286028
0.13697886062211306
0.09510878831552508
0.07604983852514742
0.18482296664962017
0.06129982821633528
0.0698779451352867
0.16451908360764234
0.10383893314459008
0.11435275749761545
0.15079181259931948
0.1264905074837862
0.12723378876126112
0.10871501966691031
0.16043780446086794
0.049089240153123395
0.07469418361144392
0.09548135998215684
0.12418764156617708
0.0960772950450813
0.13566676571435882
0.1578886883013669
0.05231865556011027
0.1404667363525979
0.10164603345261516
0.10963925973648678
0.055548240932351736
0.05286206018787004
0.07708066570038488
0.11577325158664487
0.11613654964025572
0.1281889694432778
0.14031859442374958
0.1228589928219498
0.1243868414324374
0.03900197562084495
0.11284382109249438
0.10611371722898323
0.06941854979041664
0.10808896540246132
0.06400574205319852
0.1261653896578038
0.11578652497772793
0.08777274986023674
0.10793261054416908
0.058727660680099936
0.10895918485799178
0.15730391797315552
0.10318218834860403
0.10060257141197816
0.037840030530473086
0.17258936387384305
0.07016142578706708
0.12002568953729968
0.1368025455479742
0.08385806318110706
0.021348630253175446
0.09120320197636139
0.05287854649941209
0.05114280394736595
0.07631249854947901
0.09473283822458059
0.11877211413579054
0.07201118978487892
0.12647493967928594
0.08531600262150679
0.12967916688480274
0.10434206704528523
0.08498959992068507
0.054989547369021965
0.09415803429094655
0.07377458878367774
0.11497443913922552
0.10073648378824826
0.08664983871227641
0.10438300686545317
0.1336663826540332
0.03997116111253797
0.1084365777169372
0.06395446756017528
0.11070302927311355
0.08395727870315849
0.048834517457222316
0.13033558783849053
0.0467717375826149
0.11140422527389233
0.10767644478108651
0.10912205908963378
0.07456696171191886
0.03752864104299057
0.10133726702649618
0.02185141474757947
0.10585415463238325
0.07138300440783217
0.06908134046154997
0.10920429045345086
0.08900536959638816
0.13501412512698768
0.062296180286631024
0.06630582883793698
0.1270739672995479
0.1237289719920554
0.10095242213412678
0.13300760352939184
0.12662179442913826
0.08411234672649968
0.10035515426089371
0.1400899838033574
0.1199157468092106
0.1479328699258726
0.11457428237271455
0.10616552895911996
0.17442953147141715
0.13217314257136054
0.10284718647498327
0.10126777433872615
0.11757125781130509
0.1077940570959869
0.07427718408678542
0.09770543477743225
0.09501524695901725
0.11701121988973301
0.09072708462695551
0.1108954676593855
0.08913377475934045
0.09362024758994114
0.1201640921094856
0.08760468574237167
0.07028387064592666
0.062037994858988456
0.0677223171350244
0.06252711436228513
0.07874593076958804
0.09143999491015894
0.10674305349747988
0.09681648030990345
0.11674638648730373
0.08528595379621884
0.14578840990837275
0.15511105384270008
0.11466709821101004
0.15487744982875473
0.0848672807011452
0.12437590539834355
0.09645972970860925
0.10470649673627748
0.07588555031349363
0.13101322710165555
0.11999054585765066
0.12145313303286069
0.06982042186085238
0.048130462086029606
0.09635793752131808
0.10625235860788353
0.026521129888135972
0.1279950829480852
0.09875276827244361
0.06871087443552451
0.04827908796594913
0.055415037272707544
0.14980506241582986
0.14771399365995996
0.10236540588011035
0.15084711653116714
0.1440014307599225
0.09457336273579313
0.09740794645918685
0.06183572230694225
0.1234842186143802
0.09483530507123505
0.06210848075988068
0.12592619542775013
0.11930954027565635
0.08555929149611195
0.10378877293225892
0.10289710298693253
0.055504440982115426
0.10344952645261112
0.11069213441100581
0.07918166768577167
0.07137745028485142
0.1098680940832997
0.10925114259919969
0.052888449669758954
0.054025668970028855
0.09595522959163592
0.08690800052128318
0.13901474051499374
0.07652363722590998
0.13298801621945866
0.1080762379506091
0.018560786286871703
0.11908362077123588
0.08133461739025863
0.12273358665187856
0.09127844733923897
0.0767440343509643
0.08460443953131448
0.03677631961862533
0.14141526181037403
0.09858916396485091
0.09138428919463223
0.13340299902796937
0.09498404905917547
0.08202885398934438
0.07958806511971497
0.0687456630377202
0.07052323120878627
0.0989622145803586
0.09680346798114282
0.07701607796851771
0.05356570875776577
0.12322725999852212
0.10204333126253046
0.12679167350602188
0.11217528202434714
0.1255119500475691
0.11400068016229442
0.08078266501438547
0.09167661264317484
0.11542431031636945
0.10931662867137756
0.13114250457105053
0.05904797149884455
0.0879300598635135
0.05718399816880486
0.041547451464235594
0.10996061865111045
0.08329861667978661
0.09874394165982996
0.1403950376406964
0.09181400805579626
0.14669058852032663
0.10196765269982616
0.10628068219654839
0.06887933525192871
0.1327729472873883
0.13102039107013141
0.1313175146391899
0.10415836928538535
0.11217855851787081
0.07634930721850522
0.09892227046614481
0.08174721715445775
0.09892503798478593
0.11854004649657271
0.07951578307646756
0.1395409644290525
0.10659953734626329
0.09964841507004539
0.06557100826961648
0.11833906630085998
0.08747985596961003
0.0986657618484952
0.09209870265725321
0.09676075607537281
0.10967355327511151
0.12764148447126644
0.07195447645188839
0.11913111520078824
0.12269439874479433
0.10797679780999762
0.13263228446341474
0.09984003807208615
0.13128892541632198
0.06836065037763178
0.10155308296948963
0.13904445970394025
0.07726674518619615
0.12553797453607765
0.09243658213658908
0.11439825358563172
0.12495025194435469
0.11453535203552412
0.1068308900890513
0.14002701653734564
0.07090058951544613
0.12087237515320437
0.11625454992896099
0.15915069263450166
0.0953044106412242
0.011914491698357108
0.14764589412171547
0.14306443710265004
0.14685936356350798
0.09489113949125963
0.1352941824777615
0.07608485549264218
0.13772748267108814
0.13016676207124425
0.13065747573258146
0.10987604207195475
0.09250012107513456
0.12113589328816929
0.09983359064226341
0.10159518976100208
0.15564537428710737
0.09067052656871386
0.09279521317200695
0.1348784071911727
0.09897907996038083
0.08736877059346522
0.1006804152839226
0.10372769262184033
0.10090643205040574
0.07010366376690408
0.06562200845906943
0.09363599555365396
0.07210644085727652
0.09552238669362992
0.14967848105389056
0.07062719910270501
0.0977947897085235
0.09222139191854442
0.0668529443688585
0.15117462922541458
0.04915684993313557
0.08723046935959299
0.06496435205879947
0.051372728907842884
0.15049758194347224
0.10308380756842618
0.11196166235771421
0.11256731604727604
0.09866701231088561
0.12146206087148444
0.10999343230057562
0.05295182533409536
0.08718026419181808
0.17067121058767643
0.09737454647816375
0.10261516534395797
0.10743726019210441
0.14767339645238192
0.15497187432042664
0.07198756816104958
0.12167594923962508
0.06220400694577771
0.08200751817873307
0.08052356345199962
0.06490659833124107
0.11458056433656927
0.10962681849276376
0.12603986984346857
0.11262816152710102
0.09832162878618277
0.09138420450388271
0.09366833978636878
0.15571529783268334
0.12233474994069864
0.061956120174456716
0.10295288689543627
0.05475684518482672
0.11480745208870469
0.08623463828490564
0.14600652568724212
0.10187113071607569
0.08148301864288862
0.10891806578713756
0.0641096767431405
0.08417723512699016
0.13267590548816516
0.05817892839438448
0.1262591408919951
0.0887244579530394
0.09142158903605493
0.06957396350108873
0.09413794549762416
0.09913671772652986
0.19519874429573186
0.09208463202587336
0.11939262815468629
0.04800521424302067
0.07427849844277389
0.0969941417379856
0.12237739521619764
0.08678883355431696
0.05521630410373536
0.053872336170984164
0.13095546857252707
0.04333368482811249
0.09418901793431514
0.09098857274510935
0.13177851289826445
0.1018699693603292
0.11716437997945203
0.1432780016186279
0.04285936997553112
0.10198251646119204
0.08542638067206948
0.10033203071568611
0.08393853882345156
0.07223485405895894
0.12541301006691233
0.08219554150717588
0.06431205084804448
0.08839000248279037
0.0602991698963679
0.05175408507221481
0.06469862436413519
0.10618278983345131
0.08249737402209617
0.09784331043173411
0.1103729837183435
0.046662902894517105
0.09494930826795958
0.13732555334690785
0.1009205630831685
0.07848195938162802
0.08457626757770607
0.06503187904600617
0.05123543598433799
0.06431929509607372
0.11006213959192057
0.11217873092151842
0.06409334714306544
0.14353890689011178
0.06653514770488649
0.12244589678560618
0.05153856470137251
0.12335612599687255
0.06779237662590032
0.0710690285368229
0.09030682780569112
0.12067059940108683
0.08017087768652757
0.15362644631739159
0.092557769340841
0.11740620752424155
0.05279691508347158
0.07122407765306883
0.09209694199567248
0.05783607467991638
0.11807513366664274
0.07358183338684464
0.0890581198254456
0.12806267894261092
0.04905200006513601
0.18735917144776787
0.09573461551683746
0.09362124483724613
0.11684758215640774
0.0712050171734201
0.03007465869759944
0.1047750894703328
0.11205564035900528
0.07123433869585613
0.07073697746878853
0.10086355979612018
0.09381684181974133
0.16440229243343257
0.12052991430099722
0.08871957724694277
0.11549809300226643
0.12761303810439822
0.1483577354912776
0.09521119922048338
0.11368382619700573
0.12434812774498835
0.11457186434700906
0.10392254199978342
0.05456735607664958
0.05934027878175988
0.10011892231726083
0.07921476311046644
0.10995007602684716
0.09777914944654521
0.12057368143521799
0.03923411578919603
0.12356600895169297
0.11024021201668754
0.10246808545240811
0.09189489897533008
0.05745580549106407
0.07420587338626525
0.11461083691629123
0.1243656780579703
0.12600035326245002
0.11317842325474055
0.12583821075675744
0.11599497554986968
0.08630043184838264
0.08487405220847602
0.08633572906336892
0.035258392332083485
0.06639064006260924
0.08019878572589309
0.06753932415166891
0.1107924906730762
0.07015457186506172
0.11739484182564316
0.0804601039869761
0.16724606704715023
0.1340967833451624
0.06418816565669888
0.10726173269829176
0.09990249811809755
0.1090013987504852
0.09678469930939261
0.08460837349176217
0.11935243129435966
0.04991821695575207
0.08327530567988255
0.096115748337931
0.1293940539556217
0.07356648696457181
0.15103126070745743
0.08833370587592221
0.12831433658856156
0.12172990120221881
0.11415383341106075
0.11710802315579114
0.16139187160659754
0.1301674494039418
0.10938355804546201
0.08971237195707338
0.11355874097595843
0.0797026628804704
0.09781109933363806
0.0912029059817862
0.08626351784213387
0.10901138103340248
0.10196509262769363
0.09118786467181308
0.1152392969912047
0.10947885341140247
0.1160705914464395
0.14021977775062838
0.06900083161549433
0.04591682687359082
0.11265630007541723
0.13745390802675733
0.15618416425494788
0.07167121296850458
0.09814651665567359
0.1573172546801729
0.14504594682837682
0.11423285477349898
0.020663610051793485
0.08066042242319112
0.0770844294897456
0.06982738961146663
0.12657626843084133
0.14067491221330142
0.10287312313276983
0.10674322546292825
0.10304018697718387
0.11688722421300057
0.12784517647580468
0.07650022623397096
0.1389987671678058
0.10046474150933637
0.05982294745925862
0.09222458160152507
0.15983296258601948
0.05445707932867045
0.06932986187137485
0.14039695274288236
0.04910315045115222
0.07848121904916458
0.10050183054822118
0.08237701151725685
0.05265300840830123
0.10198862261813645
0.07543423589515434
0.15049515750397133
0.11194807543266089
0.08646854066767852
0.11621167582058861
0.042762084452783095
0.10474267248181884
0.09325779760795565
0.16829108263689874
0.0666044167541131
0.08822181873629464
0.11235686235600502
0.11043158338816011
0.08946704842949951
0.1523409080234545
0.05074275320573017
0.10988335750227111
0.07146698069659449
0.13669006108493412
0.12767135360243642
0.09986344270070656
0.08841239972038753
0.11533250472849527
0.13351083548395073
0.11819171379130182
0.044803545111541145
0.15681288518747255
0.10368522639675039
0.06498826271398082
0.08148573939449706
0.0724814408473591
0.17442539139634328
0.09018469035157599
0.10459067133520716
0.10998423925782597
0.13568738599442914
0.09933411354369662
0.13722649583921834
0.0675334455012197
0.16462870147821113
0.10626563939636198
0.1376803553913805
0.06145947362670188
0.043036343616239585
0.06767861545752524
0.12557331854961146
0.08874978364511829
0.13819551245195455
0.1299582030032914
0.0923890356138881
0.09298248932694086
0.10994942378838737
0.1298761612561222
0.05839644247596061
0.07853291156293682
0.0402024603559412
0.09317617701819501
0.09077791562696749
0.15183431657839505
0.07797489024177431
0.1050777447104442
0.16478693206967993
0.07635826063884614
0.12599592067509413
0.07913681820744982
0.10200166019614122
0.12321717857468113
0.1160326268793678
0.06014684713885681
0.06749050022071698
0.083512208405032
0.07472779176086729
0.12013078777139376
0.12442573720894122
0.11722270817623866
0.12067419437908805
0.1289067733975904
0.12932422660865164
0.09872861408378211
0.10582246833583356
0.04814765473389002
0.13839222892915037
0.05997585112214401
0.07787107225593197
0.07381550698040466
0.0811978038701185
0.14070137326425902
0.11433890626010483
0.07341927005130151
0.10431907850797977
0.07109678000432482
0.12104205546832769
0.0829137148414048
0.10283827220813284
0.10316079874901689
0.11800579457109428
0.09028463540497192
0.13834342824854823
0.11987559462738817
0.08889869398123847
0.12362736649617913
0.1258632178560488
0.07476486933672023
0.14351742083674657
0.15764347126502443
0.14579926318399344
0.10848329390525485
0.11625812745714258
0.09043181699198749
0.03873321739236164
0.09241328728912357
0.11093235682807968
0.06485647787344972
0.12068099270037957
0.135789625172217
0.13018593767237888
0.10224969678320568
0.09349687996957727
0.09652719105723372
0.09074477613749399
0.12671106501100587
0.13817219223586064
0.069215177296653
0.12407506143986488
0.10940273023812505
0.12962070701967715
0.04501929801700582
0.0831741503022741
0.056770780589583576
0.07487066083630303
0.10668318089486031
0.07972238214152788
0.09309898128225752
0.19252703716079678
0.06848283045932231
0.12759637847667965
0.13023589607281005
0.12135362243625405
0.049472327097631635
0.14243123922253048
0.09227471270481268
0.07911441803136002
0.12221088855695297
0.05384093505446005
0.04355960228649432
0.12403296410493578
0.0949234861162272
0.09108168935251423
0.12781159898415223
0.058473799721603346
0.10841269385631333
0.10111939471522692
0.10745665405039567
0.1470286249807862
0.09296207617654886
0.07829026642597862
0.11242130004032062
0.07538945988451363
0.034021737242005134
0.10458947241546032
0.10429090813620384
0.10671188708819465
0.09563264196749326
0.10558110830974982
0.08323231049884784
0.09368459477422938
0.07502242489847846
0.0827264675188997
0.10097030153273828
0.1157937028704722
0.16151354498305984
0.0963424042466665
0.15107333626646355
0.08324492888101377
0.12138648028606194
0.10986254983948812
0.10936580129635198
0.09187998746909176
0.10040057780655462
0.09166053947113013
0.12346690818091652
0.12571102818749458
0.10286633439168609
0.06624979773663886
0.0586943588722875
0.09497576058379896
0.09952310891381058
0.11741906905496133
0.12623681054301183
0.05150462146379487
0.12769431413959897
0.061794349097500104
0.09155150722048283
0.10551498102013447
0.14783575001214774
0.11960966073524593
0.09772865575861402
0.13007493931939365
0.07324687558476821
0.06864763834023722
0.1031999450750016
0.11352968137139877
0.09101706765319668
0.1201944854588254
0.11242464634360325
0.09707720433856916
0.10590635832375782
0.09632461790185316
0.07181485177119153
0.06845821642179167
0.09838265633631067
0.13200219982800973
0.13237038165281018
0.03475415127351657
0.12629089045934336
0.14287924386493606
0.1311518622493078
0.04287325797938637
0.1307198767270728
0.12024392103925907
0.09940337312699164
0.10982056498482996
0.07038400455140793
0.08930486851658992
0.10263120751949599
0.12698741019182203
0.052925872045805386
0.10009625392026636
0.12336621507951989
0.11528331824536586
0.10675623305033018
0.07834033224239059
0.12149834127981517
0.09713195860231069
0.14432365011194076
0.12822168026161831
0.12314555670154384
0.14424165192219868
0.10575387473179715
0.09572099871943934
0.12945889892794074
0.08374991354034594
0.1403979953663482
0.08287532007999932
0.12581142078549476
0.11413974171416752
0.11714601817983088
0.09607999757930244
0.11494899506581932
0.06552321533199867
0.17013481378782333
0.08589245369777648
0.12008005520822965
0.10271553957255636
0.14146541531787643
0.06804233309696475
0.07478938261224627
0.1593555766029564
0.09628770173625008
0.1271636941922714
0.0826776407943702
0.060506698897142705
0.1040121321642141
0.12947425921504005
0.10563371615516243
0.0605054725007962
0.07510910980432435
0.11036788707949187
0.09670372283123138
0.13222893073697575
0.06411688226480351
0.09262285548850041
0.14979422707610215
0.07458280986722415
0.1303415579754886
0.09640691122170372
0.09908948886994956
0.10021746104301985
0.08839686084634042
0.12769115790771177
0.11489294375552238
0.1216586163160427
0.07853063023360556
0.09048166828727436
0.09917291188829566
0.14172335524345267
0.10705492638932894
0.08891128059371091
0.04767148106899774
0.07853089414363268
0.05385664646089984
0.08416812926870762
0.07319486383734101
0.0925926202506257
0.11396701867193562
0.08607026862416566
0.08250489086829325
0.09716859449829632
0.09672426801134078
0.0868239634401281
0.07193674639984121
0.09755470046482051
0.0712961095422103
0.038679448674771535
0.05343274021067868
0.06428761662133656
0.05918970742136827
0.15393025726259194
0.08856831297216805
0.06315875688713737
0.12479797594400943
0.11434756474958953
0.14281109701360625
0.08999715564214501
0.10253597691752003
0.08644868777778153
0.1322169525500283
0.0649907454163337
0.12040486484079824
0.10710344997438927
0.04434266107819362
0.07323975158754484
0.08407916691923875
0.07811792856166873
0.10552102517060478
0.10212146868136977
0.10174989212440651
0.10573254052553666
0.08768589042596688
0.09273120240823185
0.09815542339415144
0.12608695432548792
0.09130793094058269
0.07797992344239722
0.09975359613948653
0.04813158176722872
0.1416622639371944
0.08847824120895999
0.11534823995208844
0.07045448472112471
0.15864654473991807
0.12066115291699604
0.10127187833612478
0.14197556139272177
0.092465623725
0.08992398820890488
0.13601361510058527
0.11742750408217191
0.04748533267900483
0.14757819089549723
0.11407818577378206
0.13843256153439482
0.07989224839726229
0.062126005619621665
0.06724727663839893
0.0606142698613349
0.11561615157262113
0.11098639685911077
0.09984580255533668
0.1508501160940771
0.11464525264454731
0.04780497429730565
0.10821018550764179
0.12247848846368403
0.09485448788508466
0.10541454685105893
0.11555482391361513
0.14703730448379276
0.09832060978587404
0.13202072915769109
0.09350792210322323
0.10553052877393165
0.08170210595665095
0.1587884254429161
0.08223805952849247
0.12412456925582625
0.07450485122614801
0.11198502444808318
0.0719022190051001
0.12193849629613504
0.07470705650138279
0.08318927912673128
0.15860224930745065
0.10903657055004738
0.11370575395748153
0.1308699869835682
0.14139437173221886
0.10841894679145339
0.1594564332692738
0.0708318714048338
0.08384653433044369
0.11024890608477807
0.11703502941023541
0.08180093229763741
0.09588846415887398
0.13776838695269114
0.02813632876840086
0.06149747282226342
0.10587144275685645
0.1522436053127852
0.15200927551672477
0.06833485916754217
0.09612658792755777
0.1169839710425835
0.1541948466745571
0.09410782960964423
0.12129728150214643
0.08958263868294605
0.1286276349754392
0.11634460906460414
0.12346367528003345
0.08365050049079374
0.1415960953202543
0.08259252640521962
0.08403154534768653
0.06634892693095162
0.07088475661351082
0.14447751920430443
0.10542039645161513
0.13643090352154033
0.12056853309472718
0.12270740354241715
0.08752916928364432
0.13009858187028636
0.052953496038794755
0.06429823655078128
0.11754544854488276
0.0606846204592289
0.11583529810101814
0.1119950652121501
0.12619618875986593
0.07523972659543102
0.09478428609858819
0.06276172182584075
0.1205986528035808
0.1703889621370095
0.05520355231255092
0.06946421538752554
0.06715174249279052
0.04472170343849857
0.12020183484092216
0.052678411091832154
0.04746567868618078
0.07689910007920338
0.07445812284483946
0.06667471498306948
0.11453742209329454
0.05464874386385188
0.11454455749731818
0.12530442414045787
0.08032074312036244
0.09158607480713803
0.06445464203048429
0.08012049024249243
0.09122162217114256
0.09798033556362731
0.05838164402498979
0.05490308796729089
0.11571707958312237
0.03301116028297839
0.10182406606826959
0.10528518343630797
0.0547851265927774
0.10231676004745348
0.12045223351221292
0.09256472216518334
0.15205007932173498
0.13426477738631623
0.09427140549774664
0.09596526420921667
0.048703233543352376
0.08080899447463434
0.12522106053572768
0.09461772270257525
0.10206084392618922
0.14416181016340746
0.07947130918059847
0.10861390796615247
0.07187999745557991
0.07366392490282224
0.08057051131838074
0.10672851812104825
0.09124525648905554
0.10482171448933424
0.07622761497566241
0.13000985089654396
0.09475884307280129
0.16226249735239723
0.08513073769535529
0.07314065311760312
0.05903234335646489
0.1004865801884316
0.10149625755729616
0.04321380106017857
0.10399109955099216
0.07443498270234529
0.045058509721897455
0.09724448471359752
0.043232554092672335
0.08097560111352257
0.13371211024778443
0.1188689866742127
0.138190409374364
0.15255111368323143
0.14045196033182286
0.0959701746507718
0.13485509156467917
0.08284896590155397
0.10388228202621018
0.055870126248272624
0.07936863146481973
0.119827718087189
0.10984625413419001
0.09265808565207576
0.11161428887580076
0.08130588663891145
0.123079575003708
0.15439377070923352
0.08756270387411366
0.11073433289403029
0.0918260620944221
0.11496105593974415
0.06303895575586096
0.08106051311470217
0.10212918885174159
0.1169959561413096
0.07237965317580905
0.10292763218299114
0.09581268149283244
0.11174628756712618
0.1232557257820893
0.12382115852165916
0.09404084555664702
0.12039230340420354
0.1129136646839998
0.11800835059428852
0.09053043574983179
0.10855452944421605
0.06028335108377781
0.10992727511505455
0.0859390278259781
0.12108191289307223
0.16066201487189022
0.044900995992612575
0.09012695831765233
0.12033544497567272
0.09149536034592104
0.13552441708875956
0.0627486735174099
0.12446915878760034
0.11341543270269419
0.11465197386624483
0.16574495084237295
0.11915010318247382
0.12770975184679115
0.08694376866896847
0.07287550083677535
0.11296318159799501
0.09898260969397434
0.09222558817183281
0.13112455317984026
0.11462438184765691
0.08619180765896961
0.06555407926735075
0.09587086479457214
0.0705215226935272
0.1031195963388861
0.11813072185594288
0.04942888082066806
0.07513308032370469
0.07872487548998322
0.06216250511874202
0.0814537985961284
0.11214282243293487
0.08178481956591044
0.06901244370910864
0.10078172257909351
0.08859652637834574
0.09845774968792852
0.11702914765715824
0.09534442361406208
0.056813936404167605
0.08893913214514002
0.13397704265365867
0.06350928175808387
0.03879764490009813
0.10593813135743788
0.06470281134517741
0.14403540086640065
0.13243430269436135
0.09852327583936833
0.13295581630031533
0.06147625293665936
0.10617544727611242
0.14943410423074122
0.06681663308069757
0.14763160127728617
0.1145968831472585
0.0831125446653615
0.08952232516235163
0.05437395569002116
0.07040984699509459
0.07293121773797628
0.15571187527714625
0.15145627128039188
0.15418257062474683
0.11700042116803738
0.1257710845094916
0.018973997072632504
0.12567154731053762
0.09141315340278086
0.07594923359813599
0.09249462969747418
0.1084300384710737
0.10336373057201595
0.08281457159814258
0.09121840321064024
0.1710249010261693
0.08066762161780498
0.07791172330127044
0.050119603053063504
0.11436984078528677
0.13962683157509514
0.12969432673828324
0.09172118272515233
0.09726320851508928
0.09666197721257735
0.09396421956958204
0.10823416998631823
0.08412700923752772
0.14513227457673314
0.07633431939102257
0.13435637037204873
0.13511566087412732
0.12730351256416478
0.08435489845281965
0.12845570263913247
0.12958935600864524
0.1125195612440082
0.1190914333407624
0.10956124652752464
0.08733940398592817
0.09799151177783563
0.07032263955038567
0.11264080003321728
0.0815319000119713
0.11872449486936605
0.10382628976078097
0.13059593229036062
0.06481013487100845
0.11790526569421358
0.14619622983290811
0.12009622942778922
0.062352882034332494
0.06948849267462794
0.11168733312764784
0.07345374918615502
0.10560632783644823
0.09593807546411218
0.11417270392612694
0.03748387366061329
0.06346498990880098
0.06938207973512105
0.11421432818260116
0.10962579436741077
0.08579959165802656
0.14388788104291333
0.17332048094475888
0.0574434867048513
0.11138577624595301
0.09384249533282608
0.07419666938735033
0.14092104873180908
0.10145436626795139
0.07935108870201016
0.09857826216720422
0.12145644229438014
0.08115184323695596
0.09563263455477926
0.12340810416152811
0.12456732298289937
0.11884552873760112
0.06104299428659739
0.14092225489925542
0.09894948755441971
0.15003574844750284
0.10977579068668288
0.15265324207763095
0.14217004222859733
0.09144728290695178
0.08834581174018975
0.09057398251647984
0.1167306086911517
0.16515823205053226
0.12025191296361412
0.12682087388822313
0.08803396364325004
0.10865149590388705
0.0985279447218075
0.051059703591338615
0.1290719266077599
0.07891481934079346
0.07756401615987245
0.08969633797657746
0.05664358706804146
0.10867076126040597
0.05799041814482546
0.09843160384067967
0.14099757494618126
0.0861467581297826
0.12711563319966968
0.10060444684423915
0.07646008958250258
0.08448483463524749
0.08511929173446678
0.14965307469388572
0.07237649144069636
0.09897830201104907
0.05380347359906558
0.08198231083255145
0.0660269211344166
0.06965545309148281
0.14160608961416535
0.030342029514017196
0.1476974645584002
0.1323454613858005
0.08625645900263221
0.09737101365645114
0.09730688954778942
0.12779114477941791
0.11517911639002885
0.11928992391868745
0.04942864777443172
0.03695388704588577
0.10873338826155902
0.08727712735553411
0.08841715280438044
0.09063132909648217
0.14895232354727958
0.06324903710647625
0.10931401395430558
0.0745760280544018
0.09398539770492985
0.12392062680209626
0.06196626479510676
0.07658469354231123
0.07477725033166008
0.11412901855449883
0.11204279631514433
0.058719491880927725
0.11462840217407338
0.02866606687158993
0.07753185336910898
0.1511921654620052
0.15143610898526338
0.1134477467236217
0.10434158711802403
0.08885855676263603
0.08584412697679022
0.12740081096776862
0.09135793767916316
0.07456975618954029
0.09253454958273861
0.0951826399843417
0.1351620008247662
0.11416863021058163
0.07832310725630409
0.11215388123922629
0.08133200228213541
0.1149362482231485
0.13255368005681334
0.11410584762546801
0.12261612311191351
0.09973691176593369
0.06303888536324356
0.09499585896646155
0.03472964372459228
0.11060290400160502
0.10322586956220406
0.13520242891267664
0.0712403653324739
0.07738932511965418
0.0814394972984654
0.10794102032239691
0.07089037619629975
0.10358589331885708
0.15141873425319508
0.08446069937138999
0.12808767324349635
0.11405933716599148
0.08763904509994187
0.14901760575923445
0.14660852385711692
0.04119914356946903
0.05461528988089686
0.09730341370946342
0.12947472142721678
0.06812567592384172
0.09002206519421817
0.09615303746712632
0.13332202873513566
0.13830137327245795
0.10654160090174157
0.1264441629768534
0.11417872179209528
0.09317827779326382
0.1047889251012719
0.08695760351335338
0.11110104475159653
0.10753767596417896
0.0418784702520051
0.12687659756331343
0.09308252574854585
0.06808348834223346
0.07781276172460792
0.10093982326861375
0.13685607198700803
0.0907184550619613
0.05603871555259827
0.07113713885652742
0.07058740725578318
0.10744468651174204
0.11617440601350515
0.1239933662652707
0.1241733263225802
0.06221677307141634
0.09253812733205506
0.1156536896714016
0.07502412989440982
0.1419354863279021
0.13586094494675333
0.09154657256984772
0.09988971443548823
0.17585496515277094
0.08150411453725062
0.10586614558376922
0.13230429850081687
0.07439072274957297
0.08484755887326267
0.14802022610826943
0.10491754810999938
0.11834400925074529
0.09114850270746515
0.08300114415821871
0.11270075062802247
0.11501807879163958
0.1484412089739106
0.07625426841312068
0.08518798067977519
0.0734557074590523
0.10886123116537119
0.14969981627203477
0.0636179635659195
0.12089820770021513
0.14783215111641348
0.06134256494377348
0.14820616298152872
0.09044496620703614
0.07839857546908617
0.08030939671910835
0.1051385871650608
0.11551088386355624
0.10469323609854393
0.1299612491595949
0.07449469576308523
0.06915652696634442
0.08755022091969206
0.05392493645240003
0.08270933581962567
0.042180511302240736
0.1013444050832376
0.07659436248635507
0.10351568471982664
0.09234770394883987
0.06679493927899419
0.0964009604815939
0.13032828694242501
0.15192275556772503
0.10442597057798954
0.06999674892306165
0.058542538608424434
0.04988424153050172
0.07251053556340156
0.14410530245427888
0.10854651239517552
0.08999680440179014
0.05211673778954915
0.05232137987504205
0.1286687686834257
0.08846390601538288
0.11658697955401284
0.07874093336163333
0.08499808580064282
0.12762046295368665
0.07027244096555905
0.12905636182243096
0.1535038016526238
0.10581123108945512
0.031330166559860206
0.15407943277607283
0.1321280814860936
0.10966276836220071
0.1439041357184792
0.13082597422023456
0.07761951120761114
0.13905099538932364
0.09051615406807328
0.1182252695777285
0.13550176609866169
0.0934987445108122
0.09125757370767151
0.10683682771122467
0.06716172702958695
0.14761085892205927
0.05303596243139457
0.08120111520984619
0.043490595694078205
0.07071165720195677
0.0807265704238268
0.08018590466524353
0.08032123983468686
0.08656712503198434
0.08765040773632779
0.10899690442611437
0.061583616112581695
0.11031921974843933
0.11411564109574283
0.10582222335487648
0.08453969988771991
0.12754460034729054
0.13753847069179326
0.1286034644870861
0.12895457481274533
0.1169274787559959
0.07006478058996778
0.0961589488905206
0.08969250748729617
0.0783484656925316
0.08876285245128565
0.11805415626288251
0.06851009339577388
0.10402550276470343
0.060549532412800984
0.04333875499192764
0.09112128205672657
0.07538960414884174
0.10569076642666995
0.10746692217885337
0.09179051047977044
0.11712151321091156
0.1543745282294396
0.01969554966692573
0.10181361155226679
0.06770801462043476
0.08596103121009038
0.10058340852843521
0.09614424310342436
0.10417499844504703
0.10561861519668937
0.13150521409888974
0.1052875435861557
0.14378443819035983
0.11719947661850487
0.08214518149220877
0.05244817683627642
0.12455238927522667
0.07860048957383334
0.13571491924724566
0.14462577390619138
0.12177085887053138
0.11382058932171311
0.09809428261460429
0.06670578947444791
0.09952802204038555
0.07677060226896248
0.1466119881340777
0.07034329101298895
0.06861707389587121
0.09565004456189026
0.08287479644953953
0.024095797885114248
0.10389429064990462
0.11692353027212038
0.09712638224975863
0.08968011317577826
0.08406784267808187
0.0660617150106066
0.11245014339115256
0.07444743466061343
0.11599909079507995
0.1303747915078423
0.05111857993617489
0.0769935103659601
0.07752201007399225
0.04751549207756501
0.08963955303921137
0.09238305659909472
0.07298909804941989
0.09428402088949953
0.05724298524264195
0.10703403589472382
0.1434618643199212
0.09699524388884256
0.10362418220046438
0.09393484929742775
0.09797561479902099
0.031088305133103136
0.08782740804190928
0.11460702141739211
0.046019314761919186
0.0728634661232926
0.1295867433821754
0.11448502968609878
0.08042738773511908
0.12342502126888863
0.11974315033086855
0.0469199779812691
0.06853435963875215
0.07058820721348719
0.048969525930473844
0.026100695288223993
0.13091120402048412
0.09306425138071345
0.05386118064441612
0.14043192140534583
0.1760142304683058
0.07635386800630586
0.11756126154941567
0.09302430835312052
0.14352436905364802
0.10248558758870469
0.09837813236449336
0.08402851613552895
0.15451298213309902
0.1605896506393047
0.12899460963864143
0.06777087594967887
0.1011285649348629
0.10913818958486242
0.07119637586314581
0.041029741488211514
0.10797068985435554
0.10339358346118549
0.10941935626379556
0.1342669791904683
0.10394120074794196
0.10281705962596221
0.11916786792803248
0.09339277015253211
0.15714616113595242
0.05657148917716413
0.11775208090831668
0.1420979647634675
0.14415824206880046
0.04899795664769011
0.08209495337532646
0.11170155840244307
0.06710941135760644
0.11869603713458181
0.0960668315336623
0.1314190070632823
0.11146975867067707
0.06783000676142345
0.07377716012724364
0.10015528534222426
0.05933929347923217
0.07875537064268065
0.09573600330886965
0.07136769578299519
0.09865966375718052
0.09252333295073953
0.12877617714204978
0.09853039520478239
0.10186408660942009
0.08715875790627851
0.08525235060969233
0.12577286258405035
0.10432714326813926
0.13711308633008923
0.14423116059330107
0.08012313904352783
0.12456216972311741
0.15752585716403184
0.13353737476886426
0.12814123755096518
0.11641949649800833
0.06689546300359328
0.16914418854529206
0.07200127498306458
0.09308652545108381
0.0855703456979472
0.07795679841403627
0.09128227493305162
0.08755354035467636
0.12658152937218306
0.10333103832418586
0.08677311144571861
0.07750028431362178
0.09133216130626226
0.08015237957861296
0.15873146863959658
0.07077856521498561
0.09099554919883605
0.09195589435865921
0.1421550653336076
0.1031678632236018
0.10203559219718697
0.048790988226353894
0.10106856367066473
0.09467945339307725
0.0619237167942587
0.07455246773184582
0.09707567275631979
0.14353236215804718
0.08388829383622673
0.07905229571948705
0.09018662652022084
0.1537234900657086
0.15788734842444488
0.09764953568335288
0.08409052305233355
0.10782082533631256
0.11169377303737599
0.05814398641045799
0.06807406613825863
0.1373188983536402
0.06613296451052018
0.1305717221452064
0.04706853018949776
0.15588153313533681
0.1080586329076906
0.09362210178763522
0.11813190999348835
0.05010411423264116
0.13924643742522727
0.11123997262625221
0.14617374202218372
0.14599716166496543
0.13882820517470895
0.15070825011124522
0.1065893834210073
0.06109227376175464
0.11487116120135542
0.07615762898578182
0.09325931018394733
0.13739109023450818
0.08747076154988453
0.05314312424500326
0.11470795449497714
0.08291226758154435
0.07551426677160149
0.08130692413404371
0.12562463023245798
0.13650029913828526
0.04643483681889062
0.14180068019128772
0.06868644353511826
0.07898564699059647
0.08297326263503316
0.06602666523365133
0.09186778247300018
0.1506293975622013
0.12653607932636543
0.10908736919983446
0.07954407121396732
0.05552238784192395
0.09097444574686232
0.018044493852322194
0.11605792335973993
0.12422589031762413
0.06114102239816457
0.07086807769193013
0.10920402487975832
0.13986207676863918
0.05698471579615149
0.054598256024657565
0.10601884476281773
0.10383923226402819
0.11857512216890978
0.12520793304013564
0.09526698131247026
0.08462755036192804
0.07649177393601507
0.09655027419715957
0.050558660418273275
0.09767510637751772
0.16219545009115335
0.07320457363185782
0.06562840332927367
0.04459089116068869
0.12704849243901245
0.10660473377431945
0.13416385236567066
0.07900831520474533
0.05191120887001783
0.07147328459148558
0.11127789186441883
0.11439604839337829
0.13287013997919353
0.10288327742945401
0.1141947377435806
0.12580007675489488
0.059189908736939655
0.09433374980145638
0.13208758508204885
0.135936652919454
0.15014180963135804
0.10688333970414389
0.06220738418626804
0.09902675423865329
0.1703014804404972
0.07894644092227612
0.07272775442215257
0.10851230714216913
0.07799189036006107
0.07785307934895791
0.07749081968896392
0.09956051010767555
0.10639939849222638
0.11513524392856579
0.09924668156470408
0.06651911152192802
0.10137702997290568
0.062350896937383375
0.16007528006153937
0.10734372689759723
0.04735766597965564
0.12546722143069647
0.12021489866249076
0.10194507132662348
0.07048671573900393
0.09253741624425452
0.10905912352943968
0.1253366745138437
0.08723195017225122
0.10364369558744405
0.1166055243919552
0.13574572738943427
0.10871429467699169
0.09388982665271878
0.10848441597849323
0.14959488192697237
0.10721854495946478
0.09179251487515354
0.08135052056270538
0.14636443452545472
0.1279163517907005
0.11498045141180753
0.1196140679074776
0.07995103167136886
0.07982163257344807
0.1249383852321481
0.10748167294537952
0.12855287880654995
0.11628401576217182
0.07155716335406266
0.11536641136234684
0.14497193686749243
0.10758174470226331
0.05837528431938643
0.08898031769304893
0.09694709678574975
0.14666069742403318
0.07863294769348773
0.0985712581187848
0.08700009293619522
0.11422976370290405
0.1027303353115111
0.15356770171717507
0.08603317037681088
0.0816873365388473
0.08647216534700805
0.12551562905826633
0.11167758426567745
0.12420415223234871
0.09464574417614532
0.03219471335782177
0.09056462624605581
0.10178009020409022
0.10594284798268833
0.10517030019831147
0.09752880998281638
0.10785467784916264
0.11976614582075565
0.1266813588170032
0.07312255635904731
0.0791517968544308
0.043805234912067906
0.1554754550163784
0.14040629451470418
0.07025361021621046
0.0916923595149845
0.08338579721445347
0.11310207952292961
0.07801305478987557
0.07177824209968495
0.1222576931067372
0.15112379177663512
0.11255607948102787
0.06653048100494954
0.1255898864189132
0.09138938185919371
0.08738791418407939
0.1305596128711568
0.11244186995284174
0.0467353375925751
0.06413802727736878
0.06307533068255894
0.13137225142525838
0.07869409701091072
0.06415314231110392
0.07956626493187927
0.06833683684360839
0.1086570544685337
0.07976040394094973
0.10733402026053693
0.16948341530049044
0.04645027368058346
0.10092262000110923
0.09007927374410217
0.12401791524769384
0.137449848348138
0.1434545285727314
0.0759314112067357
0.08928804243672532
0.11129865398722086
0.09447078486079866
0.09787941732215537
0.08714087017568807
0.09487187577001122
0.1479880922626182
0.11931179339210846
0.09791895846279496
0.14528042837251065
0.0998366176011057
0.08490371360180202
0.1082047178322395
0.10986893157402174
0.09304807514243468
0.12724377310226528
0.11511344689667403
0.06562272214138781
0.10680886952563377
0.12341618759148205
0.08302358143485261
0.12584672447960035
0.15604746418947035
0.16350582388029122
0.11463452445230385
0.12015366491700043
0.08949480282077797
0.04618969539393543
0.08766321642732866
0.10332115526419357
0.08368594220751431
0.14008752794317092
0.051290137684003846
0.13369957120512976
0.07960979004582315
0.07170228229062323
0.11190983959803387
0.08368222150334656
0.09515552655670324
0.15454116231337678
0.11737980692330406
0.10272303235125352
0.08416177119687979
0.13506402068150747
0.13402830914264247
0.09042416607733753
0.06710272916699755
0.1601680112931652
0.11482404317351126
0.06849586382270735
0.08250941394248737
0.14584153429514152
0.15670758545818725
0.09682064670832288
0.10413659372347762
0.08210158339697236
0.07070611745186829
0.10368054921143433
0.11320645311509402
0.12036133647845672
0.09604214435346374
0.11794797154832484
0.12370318669125677
0.10337887913696014
0.1256094714352855
0.11326747929803632
0.14255916039801597
0.10964189051214991
0.10684084884735696
0.11689461216740797
0.0930335402774552
0.15388631489976506
0.12929473223316124
0.0949068170353583
0.114997814683158
0.12058322101834304
0.08750400756226735
0.09253428333124483
0.06800899067098767
0.1427634154560965
0.06216224218290335
0.04989455159584194
0.0931232705446589
0.08119398852754837
0.05716750388758859
0.11313772873771084
0.11980463217319434
0.10667191755597903
0.08237184516938148
0.10718267093891365
0.09993700505508392
0.14735395065210896
0.08538544652932861
0.07472675508226312
0.07210558569461617
0.10777476289475194
0.07751338369270591
0.09934592090716211
0.08283707558485418
0.07105265140082834
0.12562682624433077
0.15844528140562855
0.09805281690462272
0.12079436155510005
0.07847274760462819
0.10159511491961966
0.09309667129860592
0.08447415768012934
0.05690776772966825
0.15485878453570354
0.12214327686102358
0.103040372941285
0.1104057767128739
0.1848363734503392
0.05169766412212143
0.09973092932613584
0.13035694082582394
0.06677203686802091
0.12533750330547133
0.0744352960853119
0.164611503165126
0.11843195209051122
0.07793334628299314
0.11061733401496476
0.045442640064711375
0.1061816588154392
0.09486426688018708
0.15156296146306514
0.11361607023160242
0.060199415072598315
0.09621587885579855
0.06823889412349851
0.08429124308212409
0.12513409486019428
0.05934242168544631
0.0822019471820463
0.11549563831944838
0.06599395298557638
0.07314094867330932
0.08298720445349428
0.055260900628798244
0.15699395015870585
0.06127891226327409
0.08886263265149691
0.06004767366407423
0.07032593703692448
0.17258783140875028
0.1053975202414929
0.11344516051521374
0.10716761051746694
0.164636834939337
0.03848444976443648
0.06685186398257242
0.11175238123958807
0.10311874895145953
0.08485870902544189
0.12367994178980252
0.07222378723891515
0.06545381407517199
0.11651928954936204
0.07085566742239549
0.11749690083570245
0.0008666560691263231
0.06669344017957018
0.09791735289594088
0.15168620655166276
0.11289945906408964
0.13243704884958074
0.11535876964089034
0.13903674730523874
0.10721186189050966
0.07713483031020374
0.12276468628274478
0.09341517226280598
0.12850846910024205
0.07120257697073601
0.10943230044665829
0.1200698389772546
0.061505157770536216
0.13292845567435893
0.10994168374524421
0.12317265658304272
0.14196800412216215
0.1337966178159025
0.14924943196575272
0.12136435805837584
0.08711987738938123
0.08366723030867096
0.08691570651703771
0.11113104442991671
0.04092035337453831
0.03504932415761704
0.14276584392675773
0.05027950411787543
0.12193903823954315
0.12552390705419966
0.09598146771770727
0.05412561027124599
0.06035756268441243
0.13603272650243953
0.12626073562691256
0.10827962272359165
0.12695551639843908
0.1382915818667255
0.14321037422685565
0.03531635547669805
0.11554892253147452
0.07191571052253709
0.11665699832728355
0.13768044805147348
0.10696006525399701
0.09873907981444072
0.12426627252971939
0.12377127442202482
0.08322622466735752
0.006839396143033721
0.054854094083405476
0.08361093620806137
0.11072998965127716
0.09568736682154763
0.1025772996963675
0.0675125401508215
0.12488927939403775
0.12372365535431608
0.049040676826939696
0.07548659344852349
0.05745285655843167
0.14759692902602467
0.10177184201603985
0.16168370450225894
0.14318676080661452
0.07993324073482078
0.09161575449921448
0.10922018786977655
0.14392852594787364
0.0637788376494152
0.07561099848513918
0.09421302700856281
0.10017402122300981
0.07600084403573246
0.13469587426488908
0.1345453840362132
0.12422560357665538
0.09841501865404069
0.10505460616873968
0.0509271082785336
0.14963384144468225
0.06591975821961843
0.051944479705763755
0.10143313025600575
0.12157882346302543
0.0813516136233905
0.16365792313111507
0.1217167111482704
0.08740659852988857
0.10388985480705773
0.10472600403240034
0.10676641653727253
0.12437385980436236
0.10329797357945672
0.09642961234935779
0.12861293738747157
0.09692928305733857
0.11119501260934278
0.09962041441745328
0.18872552896294098
0.11395278070811171
0.09241651661546141
0.09639203216187192
0.10223293098829579
0.13130457706029522
0.0965577879386478
0.07231430846600634
0.12281260876140848
0.08433629760572431
0.17357233831514327
0.06906594896839686
0.11643407060888578
0.07429521123638726
0.15028488500276269
0.0729050433518946
0.11296066652726525
0.054238481408445324
0.12741132321520485
0.05738465504068479
0.1402479640923875
0.10900130675071137
0.06364507987628973
0.10997279214809241
0.13551946050884323
0.09646397349767268
0.08562440439950227
0.10616389355146827
0.07505061243922916
0.13996016011211654
0.09242636584881403
0.06252053289463505
0.11308696472372115
0.09029775875284404
0.09097809352552257
0.05680261906300267
0.067676301372882
0.028493848689576065
0.0491886450361708
0.10750437647990749
0.10052205466334854
0.058942832771573715
0.12723832353674883
0.13797824435835862
0.099046123337913
0.09595301200075496
0.13251643282620082
0.08563934956752481
0.08067529283806135
0.08956094777682179
0.07372673235966722
0.08704076349246062
0.019897027122105615
0.027632378663224808
0.06482893225543931
0.10805086990981108
0.0844559872344267
0.1084621153567292
0.10867385223462858
0.10305278247687635
0.1555643841090587
0.11200659850144648
0.09681553363022284
0.1421980425156781
0.004231371128974246
0.09361364170850855
0.1073937569849991
0.035089497932139654
0.11802420530318712
0.08882664071022994
0.14220298738395343
0.09080434266733843
0.12224771746417992
0.11483797557344345
0.09953720109173932
0.09545615938785734
0.08553666625038561
0.0634752319441954
0.09213589854776279
0.051657717532559495
0.02366877295232342
0.11058609745290171
0.05584219267494932
0.08953093890399257
0.12622677313377828
0.051927277307809334
0.07271378947464041
0.08438183125553347
0.13289368374376417
0.08312071799420555
0.11410452824419404
0.11293010223479419
0.12387073869091142
0.1175365982210285
0.1077713937576366
0.06936790894276723
0.08982788817937858
0.11054685779296462
0.1109406620264082
0.12384218890090216
0.07414874831427608
0.06935936486673863
0.09647329559782925
0.09621265441781046
0.11634712891503302
0.17014970445899408
0.1233037338600437
0.07320044098696242
0.12981651676878023
0.08183585780971073
0.10422643644773101
0.10609568865616183
0.1432614740502129
0.11524849022161793
0.06409971889229912
0.09791331207132575
0.07674596601687583
0.03022480008367648
0.07051751549224
0.10416624423124418
0.018712562150628165
0.1024809617139383
0.09772471968759963
0.1305937984831432
0.15916393220917882
0.07932619909599448
0.1458082106696674
0.09188043531720656
0.08564467871412074
0.09166588438785638
0.10512919499159562
0.11516933380518195
0.11445655633795616
0.12451336621847219
0.09361541867910768
0.110662357540202
0.14732597116946441
0.07248856563302677
0.11816442440985712
0.10825656247593886
0.024640260720102766
0.1308131264876137
0.11957855404921652
0.08794312204955838
0.076229302075624
0.10474650276009491
0.11841659012160516
0.1051003436488999
0.10600921969412971
0.08022108380728991
0.06849505222330401
0.07723919504489
0.10761374780156523
0.11697424706251569
0.10443497428139334
0.10451035145275159
0.09092129811160368
0.051320171218735625
0.09706583084988829
0.06810901700721583
0.07583911080408648
0.06348032564572588
0.06854814259030684
0.10145137492799615
0.1435515168075221
0.14221016297589717
0.06580753255035918
0.09568737607397503
0.08434456406469559
0.10537093242750199
0.1464911205931632
0.07543068986956125
0.06315944038083449
0.07317358342842681
0.07569648870105868
0.11120162978498446
0.11498717844143065
0.08573437918360222
0.05397773172659491
0.1527078098753088
0.10090930188378543
0.06599180922640288
0.08392661499745814
0.1452677083626035
0.07986586598532058
0.16688307416435277
0.1039284209016919
0.11726119198376471
0.08158536823665635
0.14091512563349803
0.10808710764483623
0.06360149119292338
0.0568211323744173
0.05875211067407762
0.08878339645856514
0.11560511554494236
0.05603852557096449
0.12352301172490897
0.12127144313708847
0.09946315935951322
0.07923785764302932
0.0685726685185688
0.11027597452803072
0.10256137691935233
0.10732017595864662
0.10804876831503546
0.1049718763158222
0.0742463260856733
0.06358536073246945
0.10220253151390289
0.13413619246104747
0.16791465241111117
0.09588897715906379
0.16999703643655845
0.03060190501131363
0.12876790049967732
0.06351368785380088
0.1595240205390744
0.1034984158899854
0.08732454907389048
0.13264363409051008
0.10210918651977396
0.09919846406279856
0.06817379519432262
0.0575401130466036
0.10348260536766807
0.13728523901959452
0.12871715613826487
0.12490050580555835
0.10321035918537233
0.11200136130915779
0.08175532765245594
0.053776719861128586
0.0781306518738485
0.0914954761602972
0.06656549029901798
0.09833931684122117
0.0979910730064557
0.1170514311787627
0.06889929186220092
0.04218189133929429
0.12847694793647912
0.1317282407509733
0.09781509910743566
0.08881666155960445
0.139023457431542
0.09948153482152346
0.08053832596606508
0.13756255849086635
0.13574847249876756
0.08408562933473562
0.10679971722031949
0.09360816884019034
0.116276082297571
0.07792732314007819
0.14865003644398905
0.13585163618470594
0.10049441172029905
0.09003081488895903
0.0879838624305469
0.07536921917044971
0.09593177876510522
0.07603158471263305
0.10267012707824959
0.054331507074715506
0.08390354304294059
0.09005352322658756
0.06313977319989132
0.06577182022426094
0.0989341654722252
0.07276370871605951
0.10501584547999329
0.11029402391187906
0.058479497193852474
0.11036245117283675
0.12365763423119153
0.06097039216034557
0.07718682363030042
0.09733962711905254
0.06406203379484102
0.09625931271998114
0.14534708160092222
0.09014168137369535
0.10535208847316978
0.13508859039249788
0.07850467429944531
0.1426486938479357
0.1173433107882324
0.1268099459559136
0.09115248428503643
0.12220803158293606
0.12147430994608671
0.12132726223099648
0.13743097715370708
0.11075597005161045
0.040827652014563856
0.09696954324050717
0.07600795830827617
0.07124454980312087
0.07779999106251569
0.12178592776113013
0.06338172888342625
0.10892510859025532
0.06556584348536526
0.03376340153633456
0.09424661518346295
0.12630244361385864
0.17155738435862586
0.12111431677235329
0.15678587483660322
0.08275609045819113
0.13188952776074947
0.11495082445667712
0.12209147096166477
0.07733821429493888
0.12219455058925438
0.1374830188889699
0.11957015720906561
0.0886522100365261
0.10660949486372671
0.06875844357314821
0.14239533312559602
0.05433230648737064
0.13683359986736462
0.1166231347057387
0.0966264898405261
0.07073127366894094
0.13672664722235467
0.10617238351053174
0.08923817982435286
0.050866413626436235
0.05444915339592897
0.13623383072490278
0.1045119311245785
0.13659935578581775
0.10710838244333203
0.08374426334689536
0.17355425376193126
0.09163473358376982
0.13137094123904905
0.060067757547057024
0.09520566595641944
0.06456187964311866
0.07505693026868013
0.10512880177451114
0.1448755920278813
0.05168414254005516
0.13264280285559993
0.12580905045420682
0.1257729599149117
0.05646714358795103
0.09471209510016693
0.09019374959423368
0.0945644278387012
0.11321078081152915
0.16272486836549757
0.09492793863806241
0.0727349646024993
0.11229020546545923
0.1310150498523669
0.14306876795080944
0.16855948732431414
0.1310162960111931
0.08501926608264168
0.09093223050854057
0.14285058725106342
0.11318080035120187
0.05518191139638386
0.09355034363533217
0.15768752793669966
0.1358197067691689
0.08109403270760766
0.12299516077310488
0.08824022811753127
0.1402208668611484
0.15542197549479606
0.1322457348404265
0.13211875887769636
0.09616816038779703
0.09280337834531735
0.015134424584753753
0.09224881755154199
0.11920261241638849
0.07004456371598951
0.11729972975021746
0.0978923523145218
0.08272536885423692
0.0664467401410058
0.163195619606611
0.037061676647106384
0.06338755563466975
0.12166812499300939
0.14379967973004273
0.047746420898986584
0.09626746276004734
0.0981520328424536
0.09385493585125758
0.13480585626369454
0.08273631527878525
0.055473541452170226
0.12849502461459256
0.03455195198751125
0.1038951663824322
0.09698519222314197
0.11903781637265468
0.11653970545103458
0.13203178598726095
0.10767329624003259
0.11932600140162833
0.10640765053198949
0.11091706792716458
0.06179365129038125
0.10713819861443395
0.1355389498860579
0.10875883875216952
0.14793784084748482
0.10678884432858944
0.14515367478395083
0.10102492248718056
0.07493144941630243
0.09082435548641775
0.14944758581137255
0.07993304907742875
0.14001467787296143
0.06357287875557618
0.07259613933519364
0.10988814250082211
0.1155090261895685
0.06322105619491633
0.07687181306033382
0.09043569172820284
0.07261645373895124
0.1204539280674184
0.04814118075121451
0.06926560274472958
0.07413573416612906
0.10834459908219653
0.061215802974568356
0.10476570565549452
0.08088086848230239
0.13225204226416482
0.13419262395014786
0.07540842450807714
0.13647000686563884
0.0522614058151316
0.035557208973559226
0.0929505882624867
0.10339864678814238
0.1222972669851894
0.09519862532531508
0.12353223744760503
0.10404784653932696
0.12855961137872227
0.10931951316776892
0.07139833010740236
0.0995957385643322
0.13069830863278437
0.08246592656316568
0.13831791224264378
0.1356648712120402
0.1092416215047502
0.12008282896234547
0.11260274406366484
0.09710017958856666
0.03947068251824922
0.06610099804968617
0.13966530370290722
0.11487926640252877
0.08703286105531696
0.0890566604359112
0.09689570919133078
0.07316959915378243
0.10111230098874188
0.07482384923926957
0.04284543100286469
0.13270689473404754
0.09732169500208021
0.11875086567484663
0.08026285166703194
0.18946075424288747
0.052180037806332034
0.10164463817091232
0.13094199196016154
0.1414022933140685
0.07742461799820269
0.1272646920655171
0.14772342584851897
0.04098989772559684
0.1413512714350957
0.17033502680648377
0.10870288176821767
0.10325597935204965
0.08692212557164034
0.0820875768089048
0.11300044035226776
0.06427751786568062
0.12238103348467357
0.05016971809128306
0.07770218652465384
0.09375192192459714
0.1370998755931415
0.0863127872030739
0.08875541046224393
0.09304069398701625
0.13182709382645555
0.1452124871213464
0.103608864604116
0.10159325447650362
0.13980167151731412
0.12430387850880126
0.10614784099996567
0.04180907446965462
0.06313130593434241
0.12923613414531085
0.0886785944015134
0.11982752510449994
0.12622559287447782
0.06867145587959811
0.11441544831413787
0.07940786729862759
0.1266344053509178
0.09748767519138563
0.09386865843157004
0.05515545454323179
0.07079994725364988
0.1274379523876667
0.07352929591126713
0.10845484907984922
0.13278755447103635
0.09155502491523936
0.09945845247548872
0.12558679965291558
0.10784605794893833
0.11185141412034406
0.05334975174674503
0.0899650227877766
0.11994781004233401
0.08390757355102146
0.06818376907843618
0.11135888565136746
0.08667914695652018
0.09073237758477926
0.05723306332320046
0.14939072607232404
0.057239883105692696
0.07947834113180165
0.0985724613622223
0.1141408608893774
0.13594430485469344
0.14401533267206887
0.13682879751463237
0.09410592113187405
0.08076211567587781
0.06289129137593227
0.098091576075404
0.10116956423609326
0.11686709345383388
0.06835343394560818
0.10488758173041576
0.11044218747056898
0.08877879594874073
0.09115487345465734
0.12039735089962285
0.1186328679434153
0.10164670231532157
0.0739558705560446
0.14951078827505085
0.07202167013147397
0.08373378227626779
0.08779323013339378
0.0734918778979712
0.11071130458692277
0.15532807023170087
0.14087880218866997
0.11926936396740559
0.09060813112630184
0.058505459395366305
0.09091455407260302
0.08315774189707484
0.14093938225228309
0.07010215152845917
0.11278223996205076
0.06214352047266522
0.1045494206140995
0.08268978957350762
0.10568464718417407
0.09027359568605522
0.14478296821655345
0.08140866878703731
0.08892949657707311
0.08203757203867452
0.09602040877767708
0.12833431218460886
0.13189414046927844
0.12094786697904727
0.15680907962433996
0.08644859427532742
0.06889799639443883
0.08093848656703394
0.10170767136147048
0.07739200593364233
0.11446677849803417
0.12594960505577157
0.15480147091456328
0.043458496036481824
0.13013974576861218
0.07027382148267569
0.11378419407277533
0.12198454608976657
0.06102204871101662
0.13652396965399377
0.11456101681321526
0.10689046188885808
0.1063363545625878
0.1488263681565079
0.046037814386540366
0.06384788103520314
0.1470168191745444
0.04309253523833049
0.0932679366543101
0.08802543282255099
0.15135678475606418
0.09925611192348563
0.07222041673549454
0.1045373417414533
0.09164936258667575
0.11949381736595584
0.10550730030031745
0.0781855356825926
0.08161570643628212
0.059117717006894444
0.09473558067067181
0.07013331985629062
0.13007876073126423
0.07322035286523586
0.07526064808173749
0.11074747885101043
0.1209324690710878
0.10832127170246095
0.19853305160692314
0.12272912322242002
0.09608760846541393
0.12096020991705206
0.1258379252645204
0.05682509201888723
0.11442685558507967
0.11770243485319799
0.11727211388402166
0.10971546850789067
0.11405771891487196
0.09289967179107954
0.03683586063495063
0.12425621852907164
0.14132845113365883
0.05021584447893098
0.09492881426413877
0.11456330298964794
0.06825670034487542
0.1346477064147657
0.0783769623659834
0.0548207266186674
0.10631753020137524
0.13897208421102178
0.0799005013046551
0.06406296448882906
0.1301417234592865
0.05674290389110408
0.05109713929622785
0.12515027046503147
0.04433589638530241
0.0684584965265044
0.05031194263314695
0.14438761623773577
0.15234604502913263
0.11719897297113868
0.10516110226617766
0.0516085853094709
0.09998148465038248
0.09455945640767044
0.07493845559957776
0.07279638936329663
0.1131696139337768
0.08356254527164551
0.12264961825110729
0.04102836757057529
0.0636029648786273
0.13928666919385382
0.13345758127967167
0.09721429135230521
0.10657673748951621
0.0785778238025212
0.07512701718367612
0.08826235461832761
0.13031056737024577
0.1356876770194944
0.11365624377778372
0.0838048166643639
0.11899438788260153
0.12407574993498767
0.14417783730878697
0.08438055870340039
0.09259667138935915
0.14033982501477693
0.04529940286311925
0.07096917689952048
0.058430483772205714
0.1002835498761546
0.12731606332827045
0.09716342867817193
0.16388817888516652
0.08029824752009707
0.10309718984077791
0.07390641787481111
0.11558230661033175
0.09624838126988332
0.06433276984365885
0.07591606975309496
0.13892019496092758
0.0903705472650621
0.10795149017579951
0.08593099179985969
0.09159474643825753
0.1218922890058642
0.1289613542706756
0.12331995336711986
0.12442868653089154
0.06763842841534176
0.12416436804302579
0.10610662689558606
0.06951202041131088
0.09992894505938948
0.15682783371390113
0.11616721000051032
0.0337237315953091
0.1267954887832656
0.1012223434449787
0.07694919960214516
0.06082181842603904
0.11041755652843732
0.1322536779407445
0.057194726247636905
0.12969047401961864
0.12922503792435663
0.0841431183738144
0.12617921318024342
0.09808598909302513
0.08536882070373457
0.11378149564063046
0.10444669312568552
0.13721002957445846
0.05319654422769843
0.11185806728129048
0.11207957916442976
0.10470548812458866
0.09393884806880899
0.08823880896770225
0.11864611055321839
0.14527696179299654
0.12118755126284622
0.07206565224734574
0.08960906428865723
0.1181802611924056
0.16157755694338127
0.08527222168045165
0.08273300111384745
0.0799405025573193
0.09849690903786902
0.09626397299677385
0.13072912890423644
0.1253159907703694
0.10141628714451843
0.09359773167111558
0.07851628567779514
0.14371875349115093
0.08520045365576627
0.10285599549566188
0.08591786464810014
0.08913981868438024
0.12231598981509595
0.09935565952927353
0.10837437065952221
0.11162963871199336
0.02214721599181617
0.10282596414992021
0.0884008793598921
0.10793909077318886
0.09710175726861844
0.07184630504564865
0.1181205137122106
0.11421126625401842
0.09703396937705161
0.1242852832117825
0.07789372181934083
0.019203479145559796
0.12392134873671624
0.1113658883530837
0.10423942067592673
0.11983102249760991
0.1234153349537579
0.10654480337278097
0.10634498517124803
0.05833060967556621
0.08747763284559126
0.07621810216024484
0.09722462640316147
0.11817449968820164
0.1186175690452419
0.12166746975826634
0.08249541382015368
0.08105483565877884
0.07246023149617692
0.061231577881755844
0.11211176495450728
0.09911643149094186
0.0853136215809167
0.1402407246437929
0.11854419857850233
0.10929969244129428
0.0575513464058875
0.1139734336608305
0.060658364007734465
0.04947325419009881
0.08666212705308682
0.0825338063772475
0.10182570692035947
0.09249443119039927
0.0888981636443559
0.12030900053882654
0.07230264712404662
0.11743124324989995
0.06851657947629168
0.13637362369097195
0.12158195860211668
0.10511493493665865
0.10408554399051688
0.16095397521737476
0.08053008987027106
0.09301581227909579
0.14463606143275592
0.060006305568067214
0.10255273119458895
0.08877268214014421
0.08319302979294124
0.09066711586522147
0.08509556390118578
0.13190891686335945
0.0579405037219912
0.11060855084359675
0.06561103832820736
0.05453830326153578
0.10838827651380813
0.06965384108258102
0.06352179352827267
0.13355553311162707
0.1332016046678312
0.12136130328955731
0.139034507574627
0.09121747055418776
0.11221888329565655
0.08751032262372661
0.13609702652484135
0.09884717240834055
0.09649761502412559
0.10348085307732935
0.02031688784386193
0.06653684676978658
0.05203989107604864
0.1533893096683694
0.08620188681375243
0.056646186895766365
0.11419278301067719
0.05453903779273331
0.12707813461470316
0.1436705706561193
0.08876237030099511
0.08238962015652232
0.07176136374883119
0.060139524282585205
0.08792591147922112
0.09057992076149554
0.09898673419275304
0.07634807551688852
0.09909203003951848
0.1043022079210272
0.09882846117338555
0.14052527517346397
0.10602907689654167
0.1151884949103885
0.08607635199628243
0.1109055638801194
0.06938372181098595
0.1113812360877754
0.07283861178867432
0.06375689136892716
0.05717845838045975
0.06316807131185745
0.08332664235838996
0.10657935096010239
0.09483104437570619
0.10735829518186708
0.09764768870578085
0.140413517565525
0.08523705145213313
0.11800767519434113
0.1322571726191581
0.12026870194367249
0.10741043318418302
0.10266158603798445
0.049142782645883995
0.09373315590017041
0.10094033535247617
0.12068758321994028
0.12771706012617481
0.10060439721116995
0.09435287946996958
0.09641448926507076
0.10206961990551217
0.08301698275521224
0.10469613476395036
0.035770917589180065
0.09104921101131637
0.1634371494102442
0.1133721855247
0.05973207231956866
0.12350648502429086
0.07727400104820169
0.09686097580979984
0.06310619759417699
0.08059664114772223
0.088367778416201
0.059160214520291986
0.12066397682000778
0.12018196021141708
0.13133653663756992
0.13937482718901387
0.09804212309881384
0.12150429702955783
0.08243431544111823
0.04946765408599474
0.1273389819544054
0.13566040489951647
0.11071473156013557
0.0638966415485045
0.15421237332130405
0.04798193596556316
0.07328731361691145
0.07993781321790408
0.11442275464680464
0.07734702994688615
0.1177003755622403
0.07745314295074632
0.07280874924163654
0.0494449771954376
0.13713259967989205
0.11082802019003635
0.05546516526034905
0.05713402239588504
0.1135353357523984
0.1544824952337175
0.06469570018592385
0.06298335481950412
0.09474109296310332
0.13116485485306414
0.04961940526977031
0.02425076064448381
0.14029510629815073
0.14869882621851654
0.07569796219964267
0.0690220993461182
0.10734271048119305
0.10983044324981167
0.07684230972117406
0.07432269223361734
0.11870861970224349
0.09594247652264024
0.039262125127219744
0.08283064422414822
0.052551477039196264
0.14052142294820213
0.1293882473058014
0.15261949091263843
0.04499743503266327
0.10993215755556222
0.08534018678286706
0.11885359060317541
0.12363679410179826
0.14763885093639983
0.0660652564360847
0.08936417068103714
0.10651193844085277
0.12015102025759872
0.10407869429731187
0.04938989214052836
0.09292313777805525
0.10734669454851808
0.10408145270261582
0.13171725363390574
0.1594113728453733
0.08504041996226758
0.05331206001996167
0.11632096549223647
0.10124370165703894
0.07239224698099728
0.10491022187030861
0.12096511480580018
0.07856290153290396
0.06963919715977221
0.1343313478671134
0.1294120391742545
0.09860981137166663
0.15288017999641632
0.06342229272335215
0.12554827953486852
0.06559112847312693
0.1258222225460464
0.10885764059954496
0.1559944682696241
0.14341072669060306
0.054294994585247024
0.0928060781661067
0.0887734952212173
0.08054635873548967
0.042602120629117356
0.11679214145277526
0.08724407756516178
0.11079548556646128
0.09428826257736003
0.08302154264970371
0.17553907324378898
0.06297770029152577
0.08513724399341914
0.1252203930067359
0.06389539125389526
0.10187264173085349
0.047868228845706864
0.11703707386019548
0.12677586559513163
0.07566118856598023
0.16912515035596398
0.11535466173931512
0.10305849238548392
0.10583627843462123
0.08994375760645543
0.07780604751498718
0.14563967679450565
0.11509426314559201
0.13376458589116796
0.1181909069177457
0.14762336512506397
0.11930306255761902
0.12130582769831638
0.1394595234438021
0.16260259594406085
0.11588102858391633
0.1293208383488058
0.12117721323560274
0.11830109438463482
0.1219640677662666
0.10000279777515661
0.09414237500531969
0.049736454307524575
0.07873622422508882
0.1027762996828559
0.13882075070396566
0.11863345474843325
0.06912545932809472
0.09376778929019304
0.09541034537700016
0.07106572988443394
0.10406867514817661
0.08501186052491125
0.14729132149529017
0.11991241731717324
0.08228088067306624
0.09839913280752427
0.08360367424025038
0.150079637946172
0.1601144155009192
0.12206946937254406
0.09963018932363765
0.12108041074220936
0.06630977085158551
0.1360782488638521
0.10424457633831181
0.0834201499634469
0.10889343758636644
0.07944169780938652
0.09173216869270619
0.10352768295286191
0.13903606483907877
0.12511773978727617
0.05785276683740694
0.13714242978150207
0.1276700863107619
0.07871470886961134
0.08392537378247555
0.10779098510591646
0.11858555192937317
0.164703455311187
0.1290968290885465
0.051506932783790836
0.12736912389353744
0.09036690528643965
0.059003600151196
0.08290466861785549
0.11814712752893236
0.05602462455985855
0.12182992434882038
0.05484118083054896
0.11253750364651784
0.12309001863994454
0.1195257652491423
0.11438306548305671
0.06873996832151133
0.06957743510626134
0.13099909785801786
0.08047114315168431
0.08606175106693764
0.04570096119541892
0.08910812139236432
0.08570673344941314
0.087647574375294
0.08136372921517016
0.06345399329729233
0.10558272411756048
0.0950614094632824
0.06938017288582
0.044891085865344224
0.08361939387690533
0.0789302063097192
0.05595468282852
0.05637528352456076
0.10864808522372786
0.058508898495587575
0.11753773087750968
0.09960279731915787
0.042176733876746184
0.12469715388474581
0.11072215230636079
0.06865888428571285
0.11156633301771722
0.09608403905770002
0.07529109162419753
0.10546497962729555
0.1291957893604534
0.0778617517379139
0.12742004736507773
0.09664639223717159
0.029743172511669427
0.14148133033322832
0.12243318145773655
0.11466707030028953
0.12707458412180278
0.11392331536241077
0.12335177747874315
0.08329141292023835
0.09806322624881637
0.10659797776785451
0.13045354869238915
0.11219216998095055
0.08225296442327545
0.10882317725489565
0.11625040847597859
0.03704251785697173
0.06989815800291577
0.12071545061046243
0.0809117067435431
0.08314120114910387
0.002136426537891603
0.11356211701121649
0.080816144262356
0.12206375527004251
0.13386361539652705
0.12220807720323015
0.12692543689857855
0.10014075580996121
0.0877941924972793
0.10614438411039018
0.12453198920916095
0.09677341611935199
0.08408378872065377
0.10578113451125384
0.08176142799148886
0.11849273831039148
0.10021290550141126
0.10941367728348035
0.136545466820385
0.11820245281480796
0.13095767522898533
0.09885655361562541
0.15336242356702123
0.0915522300695835
0.09694594408787922
0.11426833245515247
0.12137150396497337
0.09734218507335805
0.1462397734794279
0.09333818043583883
0.09640453111250295
0.15776390730004933
0.08725700429022791
0.09494126234146147
0.11808263290226143
0.1345627741608762
0.12680587911270977
0.10317939803975773
0.0773348729927294
0.06605074678184743
0.11587636382876952
0.09777458337720284
0.09762309391262723
0.1029888493828881
0.11635044896576902
0.12401903138205042
0.11075073387529405
0.030714063535597858
0.08028176486388361
0.124706012182914
0.12944646520253944
0.06455133314823412
0.09425131548780842
0.06451487980931161
0.15277232746249841
0.12634740319461862
0.07600624294315837
0.15076026232198864
0.1344949893414469
0.10482324758488706
0.10375030297467819
0.07764262695299276
0.020126545624408423
0.12705848804602313
0.11896606791171677
0.11960959307196453
0.04270487858637638
0.060812472820886414
0.09368472688763467
0.12251692814755105
0.054302473937135276
0.07999689331718617
0.16386662799171622
0.11148127585384245
0.1403362322109762
0.030372512295215384
0.1064446282222124
0.11816695096402824
0.11279708425852332
0.09075310721867516
0.06725245646540673
0.08113758313041508
0.11159353516396353
0.09543929579768234
0.11624186260012316
0.10814797782585411
0.07815398538928937
0.07430946709551282
0.10129738819785945
0.04511105524373047
0.1067812452936939
0.09700085077747532
0.10103509550167226
0.1500156069572411
0.06302198419443927
0.09596863457115257
0.11337817604199807
0.15603872829629417
0.07019325602747864
0.10817232912374751
0.12295537799347793
0.14897674438408348
0.05637978298067151
0.05616864349428366
0.01698764471985946
0.10433888087437489
0.13538316908669015
0.1487745579256363
0.06114854645679162
0.14392486486808334
0.13021187108916374
0.09092693371949637
0.10368380744105411
0.08429065393922137
0.056555866093653526
0.11552462676775482
0.10804550024110117
0.07730310665898726
0.06136240400628891
0.1398018302120303
0.075966837999601
0.12519802109449246
0.10895125850273393
0.14563394051112008
0.07444278299567925
0.07798371588603
0.10088845203036632
0.07610701179936749
0.13465388179621957
0.11169660661319293
0.08055095345171277
0.09663177641894077
0.11102199206584967
0.13962288883896726
0.09907575228496535
0.09182183953799289
0.12015717275124399
0.12028138841640264
0.05560581120232731
0.07791178835029186
0.06806417514779198
0.0935328129885031
0.15865356121459154
0.061485426034212635
0.08650125183493663
0.05433899916565608
0.11857404542274297
0.11254788531853831
0.033462422326723626
0.0965086048135225
0.10129115280497741
0.10250046717080859
0.14246901334397893
0.1354369111009927
0.09110343509430777
0.0753361494202162
0.09579070018537286
0.1297957278566283
0.13133268399761683
0.03890381345150169
0.10360927727679531
0.08871029694847782
0.1001194084759549
0.12262903265215674
0.09732479114915873
0.10186250196765938
0.053295634577527846
0.10715437706077986
0.11330963478160229
0.08648755122597086
0.12765870383050681
0.12144712721915506
0.06712443353673744
0.11662702660256001
0.11571093136500013
0.07468365284157047
0.13504266663665815
0.11625620163264985
0.11783691351219718
0.09081457121729428
0.10893826741830906
0.10352380590864563
0.11301393153953047
0.06455032503737917
0.14813125004988492
0.1012228273260243
0.08578229601184484
0.09562993749950827
0.11293037124579094
0.09112671115225357
0.11512626159363445
0.12644008888363814
0.11091484622626986
0.12456032532082995
0.1067371522865693
0.08868240793900611
0.06198609446421067
0.09501990397875003
0.12253248259419264
0.13917676462661785
0.13091812002065698
0.11056569576384437
0.08614734690913116
0.12772984019737663
0.08631221719532084
0.11474775996954963
0.1015145399162698
0.14558776707458615
0.07579752273185955
0.06676504233315536
0.12331292356128225
0.04182555569661186
0.05805139275751667
0.09093590599747962
0.09384489822561193
0.08604785422855282
0.1496093964552488
0.10100776889132874
0.12007486906918291
0.1042495555037397
0.12278162924835254
0.1299120027800974
0.06562137865791211
0.114586378371716
0.10228507042789578
0.09284403966096347
0.10052187888595657
0.053057009837887935
0.10553890601360227
0.13509267958937637
0.10358387970782895
0.11873157335984372
0.11864993669733014
0.07944019231577479
0.0954230815522411
0.08595399741113996
0.12688972253854838
0.12455810634500719
0.12873486348781032
0.054176566192659384
0.09507708390208035
0.1308835068122036
0.08568413403726838
0.05970445546814683
0.080169091610807
0.14047085490187905
0.12432739296913312
0.057283992049626684
0.05802730300484539
0.1077510103343035
0.09765964295793997
0.12698333317832683
0.12590169983828858
0.13394162164796528
0.11061023056977301
0.08592345365081827
0.09850449463730644
0.0749942699778673
0.1043124031584516
0.16383385605815537
0.17344065593821933
0.11972955601069546
0.1174382114012626
0.12937659568052562
0.03274949191682565
0.0765552760048942
0.10200196182242124
0.11788390357983261
0.11931701135105757
0.08997812504344233
0.07701510126404673
0.12096443022035078
0.11738012358696973
0.09230845489826636
0.10966890086688866
0.056191285792392576
0.06462126915475278
0.08898797556019498
0.08705483495728887
0.08978015524980767
0.10166486171346466
0.08645141428303885
0.0808821066505104
0.10552516893788572
0.1181134397932619
0.11697861966337636
0.08487606221118914
0.09222913214546037
0.1436178299865219
0.10545144833092526
0.12137033657587042
0.08640999229273211
0.08034612091153062
0.12873091544136933
0.09506116519596725
0.07575908251731954
0.06014128540989111
0.09871251736972086
0.16415753439424335
0.11025422932950427
0.10086851164891628
0.13128327573497686
0.07628510902024604
0.12766113405860743
0.14616741689665236
0.09232467120685502
0.07482607568091454
0.06647304538408197
0.05084752669650085
0.09180152609368948
0.1291220632334369
0.10957190651015897
0.12939239209720726
0.08087315740638783
0.1495758185139653
0.10117781709304942
0.10086280116204688
0.10706834387483286
0.0743680680535333
0.09812651107134529
0.18108569447059225
0.08053096735545351
0.12238808047671519
0.13821929011632864
0.10647343794968948
0.06208419595995441
0.067915819658665
0.07235107231042863
0.05941112961204107
0.12215219596668964
0.09596578843660603
0.07446089886111606
0.07731909535020415
0.08344114178050918
0.11905211056828956
0.09555210916133798
0.10043081430333518
0.08623500022143
0.057604323114851565
0.09455639208923992
0.0974660054507473
0.0939732546791186
0.10349952646159045
0.10829734700320873
0.11330502987142255
0.09366164138032469
0.055933360727949126
0.035909320937347694
0.07334393398968637
0.09245521688546511
0.05878238606203112
0.11073802292994726
0.08891243722127028
0.09665295848159068
0.11329960719340426
0.0881152014347851
0.03583069477211191
0.10212775161338208
0.04509407902553891
0.1726710809781043
0.08979404688443657
0.0985984212956147
0.10617675280718017
0.12375135595858694
0.06176591605871479
0.15326764779557345
0.13437363998361865
0.08375406990159133
0.1342890006873357
0.12034204790691982
0.12797288289382167
0.07668246119478463
0.12518769894168955
0.08000471557622926
0.1039148300004093
0.08227253426503549
0.09951012096396607
0.07965436155668454
0.10762725401892632
0.09692859692125452
0.03983702795509769
0.14527787497724476
0.11462302249548363
0.1116165474641981
0.12321594076136612
0.05279398148649879
0.10956213741885154
0.08796559466891095
0.09364503936305109
0.0875720726714191
0.0738487909738256
0.17133034130478897
0.08408018536940205
0.08141787165330269
0.07073914884223123
0.1483935929142926
0.13521926968666068
0.07482397449154168
0.09851157821071618
0.0708541829438
0.1291311586618499
0.10465427557207913
0.05713043683353168
0.10287761163288595
0.037016670565441834
0.0856651600884422
0.09858022470393187
0.06836273117068273
0.11944022807668082
0.05381794471822083
0.12915903846912635
0.059739370453605355
0.05071852651438531
0.15376600532269574
0.07724064293857213
0.03478205059994141
0.08108549309671258
0.1000823797199194
0.15078641102601212
0.1289910704188941
0.07930673130493071
0.10168554974366398
0.12871106421087644
0.049976902522901705
0.1358965923482069
0.07183941160036884
0.054153016012805553
0.04172737277063907
0.06744668101842424
0.14371788155997606
0.1532887784250567
0.13524476359171572
0.18089101701123866
0.08404393318901633
0.08962303263291785
0.09859577695181522
0.13675379034551366
0.1729467840633117
0.08393598773707835
0.04554205511206283
0.08382525501590912
0.09748315661192397
0.11637286694732724
0.08638274771584051
0.09329198353908985
0.055328102877688176
0.1308761415056265
0.06803356084226672
0.08272800101068288
0.12141689953606888
0.03043815946166696
0.0763549627603709
0.0456129988227783
0.06215738886233927
0.09432641786809148
0.11224583422530918
0.09832589401742046
0.09500511627889188
0.09337599943519796
0.09667273188667996
0.12362284278986733
0.04314526455501056
0.06801348709268723
0.06877567244163058
0.07239646909323245
0.10838114963530211
0.15063471947656412
0.09918133118353419
0.10944311255893709
0.11908244342972879
0.10469587486925475
0.13936968571335978
0.078396363605768
0.09591311747205114
0.09660123265468136
0.10400809747181317
0.15448271979736744
0.08868706298787743
0.06761568910678711
0.06849149537915047
0.07660324406096691
0.1614051431442535
0.11546730481940655
0.0628386458796758
0.07358389864283746
0.06602071299500473
0.09164559504405323
0.0735388218169169
0.0885893374411574
0.0313197547291723
0.04692627401675954
0.10593289339574422
0.03691282757687715
0.07262504362595235
0.10120008813266065
0.07812853917755486
0.1251816096961227
0.08127232172381049
0.11061502916399074
0.11505500921083658
0.10715776206990416
0.09996651417887319
0.12953398600360122
0.04680220017683155
0.08109707791108065
0.13204728746024166
0.08924950378450623
0.08420546762038583
0.11027049220586774
0.08226488941560184
0.10309731509959126
0.1516745478307059
0.12012744485783303
0.06422446357287154
0.07053671785443351
0.09643007689277452
0.1253743146427522
0.12299299379222087
0.06716036536521999
0.06089216773686081
0.09038915114636481
0.10321535968256869
0.07392228134700295
0.09586291704568449
0.1086377258628201
0.090526635550409
0.07307249343800859
0.1198272213812426
0.08490881209794038
0.07970883428295758
0.17714791564589755
0.08994395091783364
0.1583236635822635
0.09342475557544522
0.09728889209538386
0.06784729299990869
0.10528650318926326
0.0888220986160793
0.11458659599163165
0.09740384876349144
0.12050176578380319
0.08430401177641855
0.13353921685595704
0.08058977265785369
0.12703479126513517
0.07618829899304055
0.11273846314515362
0.10548719733867809
0.11727897207585739
0.11213321454892534
0.1140465716851238
0.1330777033139614
0.0837410528068806
0.1162407683147478
0.1235910322785972
0.13983468927378306
0.09450078634710739
0.11835768015091429
0.1265232145701745
0.05777843376945906
0.07608254329309277
0.08630032250584802
0.12003876009742794
0.03161932263598294
0.05737685627465274
0.09439839510848902
0.07985697789219866
0.11582337831242981
0.09650898929054039
0.1190942539361042
0.06180232644214266
0.05763844498006976
0.10779061817378434
0.11606882110059519
0.11413413158636797
0.08474816028640102
0.1441248846267688
0.10510802570306553
0.10213397672017752
0.14582617897961822
0.02756654151157871
0.1432778950995189
0.11194437477166025
0.14298750980738856
0.08526441345628566
0.08570747755776284
0.13841107039688527
0.09691651652458436
0.13541830217069128
0.15629167751141512
0.040845425333884106
0.10446150601999453
0.03808868244758611
0.08492490106143985
0.12443197055958845
0.133211476976108
0.0828512145079382
0.12046397831393925
0.1388400887778563
0.12118279382308228
0.09807979437455527
0.08193555249330339
0.11223655411975048
0.08358381926864654
0.139711245120205
0.12954497708686644
0.09344396471407938
0.04824415053258579
0.03649528097620408
0.10465862238787073
0.038250082204970524
0.05866649256185356
0.10197935632253738
0.1214193165795365
0.10330032858195304
0.05724242747045662
0.05329919482920317
0.11059078668669801
0.12999234662560444
0.08506891558030297
0.10315426990496213
0.09686608245144107
0.11391400675544046
0.05261965281649136
0.11135059434607729
0.05768250945929937
0.10834412515780475
0.06842187513175685
0.12684989071596592
0.1038842682701437
0.10922154718341187
0.08620931194890183
0.07919295347003251
0.15145027658223179
0.10095213342096233
0.11051707429492559
0.09726911872356589
0.06693652084387422
0.10537285991745032
0.1330163628859383
0.0938181456690268
0.0866462485384307
0.0895020427058668
0.08570824638413424
0.09565244085706856
0.07892020021173934
0.10231494338940611
0.05146104251742625
0.061474903819312116
0.0542015950222795
0.07271736720188536
0.07686829315682284
0.10675569171899035
0.11251517418137019
0.10708229578485366
0.06436480488199392
0.09574902900006325
0.10535735063967186
0.07372547025314538
0.11042814318877102
0.06773176406167705
0.15134480720437746
0.07632990191709858
0.10522639764461764
0.08868920850911695
0.11460394568477517
0.10898520363695327
0.10635638283619589
0.08513431530592969
0.13773506250080503
0.1147354756892093
0.07306041051958112
0.10807387244326527
0.09085500476469738
0.10977601951723212
0.10696519830624296
0.0551652159168742
0.11940940277199927
0.10974367354608365
0.03827869357613302
0.06094370476465996
0.05850247251295432
0.11504906892188577
0.0983334941142799
0.13691478267355964
0.11876821537467733
0.09012875067926758
0.09918345636960951
0.1134652804223178
0.0733033295691226
0.11585862794773938
0.05075082428032354
0.09856528007169486
0.08255045335074249
0.0841801379513148
0.07419003453743202
0.05545628566592356
0.14751069888980667
0.09617220500817864
0.09040845423574703
0.11479765548684479
0.08471983348166527
0.13943835306097413
0.08530316076575402
0.054077796351844495
0.11159102552891234
0.0617127728004235
0.05349256637194734
0.1091367243381528
0.06099781174246453
0.06055849684660116
0.08876722719832168
0.05925469257021834
0.10729038196687106
0.08378696945705197
0.11551642523385647
0.11365576219791614
0.07792758976035077
0.13563419255236178
0.09556189642272511
0.13955660224800664
0.05461004155391398
0.17447979911413636
0.10432411202937107
0.1195673507500441
0.09401238637537705
0.12363728626250016
0.12368870520480064
0.19446510132280387
0.10939559801662614
0.1247841520222295
0.09328951608392201
0.07102324361776745
0.04841685893883351
0.14988720199438865
0.08698547877541168
0.09616867431367594
0.06614478517971518
0.07334229349222489
0.10839619879689595
0.1211070166150767
0.17921257457606263
0.14705306876431234
0.06554587069971843
0.06129311595302659
0.09800373148224274
0.07757114193535916
0.11365012749916589
0.13518013591058242
0.13088620654407707
0.09631076993258386
0.13640829330432017
0.06379226985931383
0.1923287544757586
0.07701646121709071
0.11191053545642227
0.03824990590430989
0.10276680497002925
0.11885559670224277
0.17080779260478612
0.15645283848919114
0.05515381847448549
0.12049404061653075
0.05998254644254827
0.054964118592895385
0.08717250565772988
0.07002473303350022
0.07423983614333703
0.059959185991987005
0.07913744147226602
0.0470127896545532
0.10886578954302628
0.13190810819992574
0.0906500112500325
0.039312285500638144
0.12019824299257406
0.10701396746269724
0.11725853235037881
0.0865381106940149
0.12413898226177557
0.11447552111996467
0.06107302219848974
0.11809208374304231
0.07382272622750094
0.1018503919697803
0.13835105860992786
0.0635385480816337
0.12577454353694761
0.0829368890888953
0.1364496858375687
0.13115547318260934
0.08076158152431305
0.13330089945374413
0.1465796134456229
0.08164288013649805
0.06603928480456447
0.11259518177060907
0.1161134196469695
0.1340804987017728
0.053760243967518606
0.07699406259820459
0.07162405934232427
0.14600811369791303
0.05540474145259566
0.15957925901814296
0.07693245856695813
0.1041593624167084
0.13331894057805646
0.06472195016094248
0.07723563095603916
0.08497227051459255
0.12617003075513422
0.07013045395668158
0.13019806263027206
0.12868823031955492
0.05741766844691888
0.12999118507241583
0.06752942944810617
0.08547791449052695
0.07779643992244147
0.16177814979025912
0.10885712939290032
0.08204536251535999
0.14798678928520026
0.10460198508403841
0.09826101295001481
0.08583424683956083
0.11265119762737545
0.040788768119138535
0.08831675266060904
0.11672109365133082
0.10333420040506494
0.08006093528177465
0.034588439379421104
0.09318182916824988
0.09392077100282156
0.13986903645695814
0.1098747872218094
0.1308405146179667
0.09505602866215433
0.1533238592820877
0.12077783827756243
0.08121883420453603
0.10026254550399619
0.05358884068650957
0.12456559099197814
0.08312600219536306
0.10507480533199286
0.13416675026262526
0.09316576997779122
0.10297883533339869
0.10006811808223827
0.1237795355159715
0.12071649439040118
0.1287648521827635
0.12552207806942559
0.09020655810919677
0.07018424064358271
0.05720898276202256
0.1059646686227416
0.14960301820619365
0.08878957554455608
0.024111964778655903
0.07841229424972591
0.07145806216248558
0.08405910310869989
0.08657814559501456
0.10436660719441909
0.11730957674391063
0.05589852908704456
0.12014871495660429
0.10464369134502888
0.09168244516448235
0.08182618150564187
0.0705327827877259
0.10102944554193737
0.08397268468649058
0.13333339439234346
0.09592964465769774
0.1258168889088045
0.14515216016228233
0.1024612062107714
0.15355313522788
0.11075927080676472
0.14705404794954924
0.08842007764792872
0.08187596371329989
0.11692928430758907
0.147776341747772
0.13792044032787942
0.12356243145207883
0.1144587893782806
0.042726194490771745
0.11543978801523418
0.06939099041398764
0.13247820759945245
0.08338732252840979
0.057289561102144525
0.09341108349441965
0.10021409845221574
0.10756206326809377
0.08923225839778251
0.09949035416641204
0.07936396971819357
0.12192755994572976
0.06917013556664428
0.15470897257562546
0.05185895461878805
0.057194383047801715
0.10395765813969671
0.14448283573173828
0.1004710963040655
0.10322782081001003
0.14160050197235546
0.09890283646384092
0.11221860840803585
0.08091566388337298
0.10266418956781116
0.09628765988740988
0.08097453394969646
0.06528563900225373
0.13634971825047248
0.12258690322317585
0.10345011182959889
0.14206283192126723
0.0752941068400879
0.1112935530288443
0.1010782671083572
0.0881268993876109
0.06700354085905652
0.12765597766704045
0.05547473488689372
0.07935103759607409
0.08660326059915054
0.09751482159875863
0.1486787425175042
0.061607074721172536
0.11245412123893367
0.11151734497512564
0.1038757879637047
0.1209669986490054
0.1360662595923919
0.11922364143798388
0.0908223778307771
0.10606707169936108
0.14138744185496485
0.12148639670152224
0.09823898177581127
0.12806469126158415
0.0679089112510603
0.06088937770359228
0.09367477147315102
0.11191543704337428
0.08931676281169411
0.1054289357372154
0.04352331519031649
0.09610384310797969
0.09308310541811778
0.11052733204784868
0.1467991854122761
0.1260620752028937
0.09262806440049963
0.0986749747498381
0.12318054341153523
0.11302195007541084
0.16771329218329767
0.08587904645287447
0.08413730095172589
0.1350237211492462
0.06772104238456098
0.05991371125777174
0.11115036611855825
0.12649138441843583
0.16396744191841406
0.0871415401758043
0.13061131305548762
0.1513921319267079
0.09222753999813312
0.11747810234931463
0.11423108441969468
0.12532472650710225
0.10163394451443768
0.06855565729496368
0.11807247113137148
0.06822623523874884
0.0710924859665462
0.07287057931853835
0.14252583155210818
0.0922605608998298
0.08372710305775061
0.058064990519565325
0.06876740246623818
0.07268865965977041
0.04967165279129164
0.06594271441500188
0.10475230589021572
0.13185385962950436
0.09992903810166358
0.10834514393576652
0.09366024227811873
0.052222039205167436
0.10413268002735626
0.08915430192023069
0.08848643435965678
0.07065266232431128
0.07455998380828056
0.08920430288054852
0.04565798344785314
0.11782388143579631
0.08109596818286419
0.14221591819365287
0.07602524068773629
0.10122472194402672
0.05912944357756109
0.12387755343720551
0.12148027417582524
0.153230303584803
0.09870167876441599
0.07472393844261763
0.09376052838743029
0.09139837071938597
0.13055391613388778
0.0732288057959051
0.10035181177331293
0.1191902944754012
0.10016783657867637
0.09631327227629319
0.09937747336525579
0.10362819831671159
0.09767295690028471
0.119049074404064
0.06353143369316891
0.1000569168548121
0.12041025527657612
0.010652528304650147
0.051092549802416794
0.11301202530104473
0.10167753073733925
0.13626696716807318
0.07582382977431001
0.170681036691402
0.1413304373439357
0.1054112647204347
0.14140899521777578
0.1811229053671029
0.10227537705391151
0.1553664412717167
0.0645614205119344
0.09362952960248117
0.10887576636520231
0.06378242204884377
0.10219650511381907
0.06242505663032152
0.11407343273613091
0.150142900144254
0.10987747537119368
0.10926039946036276
0.08067614632136967
0.10781462144891443
0.12161318642536392
0.09477620156776476
0.13182395365748906
0.07162199954545267
0.1425886420993284
0.0793615011223888
0.0795401690757899
0.07655927597894996
0.12210803133609724
0.027598338496163236
0.08044956163893421
0.0752974023371143
0.09657918161013368
0.09115358660999297
0.05412364308774432
0.06557077833952168
0.023512614469854407
0.10314511668264886
0.07531611068491526
0.05645955558258814
0.12608598047103267
0.09640613252078416
0.05366599092025918
0.10171287021324535
0.13216450835716692
0.14075326490382895
0.10324663408440139
0.13069972699349947
0.0983359077316629
0.08408645840250795
0.09967196712804241
0.14110189111994803
0.08256432277223925
0.13542056896022034
0.021178467906725923
0.08876625859104302
0.12949539023703935
0.10218884592367782
0.133910162683404
0.12367112711732571
0.07698283887049129
0.09009136777550979
0.095027675656884
0.11360472221257588
0.09881781642593523
0.12687259782564966
0.11717126712338467
0.10215625827943442
0.12223880434704384
0.1127386031427881
0.10198069984884414
0.07928330445470222
0.14805753398175178
0.1308111453348021
0.09539213672298713
0.10200961969541539
0.05024339375198515
0.06308961997699741
0.1890230865253702
0.08805658175252035
0.08945863565637521
0.09280782494865762
0.0656258004867668
0.08666763499412168
0.13655132403006975
0.14473667602216206
0.11075123124965991
0.11461531764357445
0.07393697077860706
0.12957228925905168
0.09146763830535037
0.0732723802355144
0.1581831170916863
0.03689491901499921
0.10034697331349111
0.0971508669161107
0.08838876362540428
0.059639752556834603
0.13240692679851768
0.08222673983712216
0.019848490121579077
0.058267066491748704
0.08547409473542208
0.12119308861669097
0.08391149729436423
0.1314327567259024
0.0779978911623806
0.09638512410730757
0.08634205718801259
0.1491350780273511
0.081098432417815
0.14822531636726907
0.07371617202310651
0.09383667411073521
0.08491081770575162
0.04878772577969464
0.0570031660263373
0.1271678736770227
0.11751754279654357
0.0889313674194535
0.10230565522719297
0.04760563188033091
0.09854455388068935
0.057891353310491715
0.13159699027617025
0.0685903999043827
0.09517603788626727
0.08810949301118498
0.11329494055409993
0.06439993343019926
0.12785385534012408
0.07376336157098765
0.03998142630177315
0.12373722092016612
0.1214651979582867
0.1132350124092197
0.09902590854937887
0.09038724762479683
0.10474549006700574
0.12906018737280847
0.11582247225243074
0.10182354352299725
0.121182143260954
0.15211049742073546
0.10613807979486756
0.08071284944758324
0.08574077700077068
0.0817423897665801
0.0917763017312535
0.15898201353191782
0.1102882991062778
0.07672738260386286
0.08270499425180086
0.10058174800973299
0.1179816167086924
0.08361214893106274
0.13935738610657472
0.05176397521562638
0.10726257012043297
0.1624228691641495
0.062195262556583426
0.08533629928363552
0.13496269734210153
0.062061603514834765
0.0983290876719638
0.11211536443594596
0.09084335610919284
0.04620533994974417
0.10366082896530195
0.12375797116534998
0.11564483959771468
0.11049581080614566
0.08719227769177676
0.0793811668548249
0.103733798029183
0.132544079399043
0.05789766162649938
0.0847197249170308
0.12260160195329645
0.10169951416750686
0.12464532765494468
0.09340047599705402
0.10833750491131729
0.1230920335085872
0.08412980321683228
0.12897120389426667
0.1593757754961862
0.02312781013772422
0.06898886777043285
0.08732961330663068
0.11937788321838198
0.10018444193573459
0.08033960188299072
0.08234453763277068
0.13962742800757122
0.10550783121146246
0.11191020221051017
0.11363972889489166
0.05372277879220026
0.12831453922828132
0.12536970044718487
0.146613271786284
0.1002581074110212
0.10138392630649037
0.022787963990605634
0.08710908237728308
0.12819310660879285
0.14678888819424923
0.09749382777377695
0.12208229464044669
0.06866959802374242
0.07332950435185881
0.028708016190302832
0.08186307312992444
0.11237808636243264
0.06216706324562344
0.11645582239792818
0.10986521139891846
0.06912025338843583
0.11657234070181771
0.1312483054849106
0.08922345806313045
0.10485223739022155
0.10455573266776369
0.08890539002088116
0.09040369784074032
0.14176264777908346
0.08330834735139724
0.152661079471409
0.07529952393540836
0.09533590082312757
0.09865769566309872
0.11258121742454727
0.10455185408668424
0.03294322058000862
0.10397053331998973
0.06558064718170409
0.13464981423121875
0.17061430956660273
0.13341017012354933
0.08262322405180164
0.08211508072634967
0.1440458309413895
0.09633289944343325
0.1313130948392648
0.10343673058850414
0.07936583015784045
0.09125612985634471
0.09752517462697556
0.09031826841690757
0.10129508697250054
0.09901565193893933
0.0824802826270224
0.10430497881568145
0.08463701705170068
0.10227317170559473
0.08682047430623636
0.08829930364834684
0.08265521499402387
0.07720496490684647
0.064249959736897
0.0977888962607037
0.12114729787187165
0.12292317808247699
0.08715964653942193
0.10767984319372464
0.0709270356896548
0.09609553934551068
0.09151887221625704
0.1329199688193543
0.12686114005923788
0.11702459653650464
0.12746499385341448
0.1301458597777172
0.15773069502352044
0.13372270541369852
0.09315565585446609
0.1764551008003205
0.14177898625669283
0.07635557200597975
0.1214855233684996
0.17178740653515817
0.09933244777493001
0.10957883225954547
0.11255879788128971
0.05652532487448522
0.07624228835021526
0.1144803232951286
0.10256903183337171
0.1421792772581661
0.11508485359574988
0.06489769027983214
0.13990391737280478
0.12072841085371176
0.11249289020408758
0.1391952205503409
0.07779131604300318
0.06359906199224014
0.13572857598476573
0.12660950126132642
0.11494477020113457
0.12252916555821046
0.10055679759094192
0.06752745434851518
0.05970931977567589
0.10232353923389104
0.12945032120192732
0.11154169942447895
0.10847782475748009
0.08486865688889247
0.084685603766551
0.09167796554464747
0.12115416171217175
0.12186248631124891
0.04531830489209392
0.09725290360617454
0.06475272031309293
0.08911998673722236
0.13542312064794101
0.056008997075615324
0.07028217636107208
0.10262216478650497
0.08659835090683939
0.09572916475780555
0.155244723551164
0.14097408541044731
0.12004754067092763
0.057580441263378884
0.09170982280549353
0.14509660984465628
0.09266369124000047
0.12751079950076843
0.07218881894246906
0.0659325259637258
0.09303181024287986
0.07720623115794285
0.09927171544285074
0.11549573941888153
0.0726367711493299
0.10957597043449908
0.08076575567645203
0.11950773044710775
0.06527747197905809
0.11369169731538621
0.09459519155891305
0.09901421876783004
0.11928767343605567
0.06824395866647982
0.09980615429891732
0.09943043586555873
0.11323178199101278
0.05735445525224054
0.14602984879737596
0.10265708215484562
0.1523464754430946
0.10146002650513337
0.10809913964656905
0.07082618505256091
0.0675651639821861
0.06294716641302013
0.08179436047622493
0.11524513392122404
0.0764265652013681
0.08661776821848884
0.06517148616702663
0.053296400853701444
0.11031317472285486
0.11914218452468685
0.10207374573283864
0.18571122830423378
0.06291795731960281
0.07635654694297639
0.07123111652833727
0.08750963775592217
0.09968767148584767
0.12081415521496972
0.1351631514658412
0.11581578087014945
0.05380261482511199
0.11210484756077324
0.11772224337090162
0.09086943289774202
0.06983452397250269
0.10917751827088386
0.05065480425320347
0.050147352198717396
0.11641610901281607
0.12113717328082252
0.1346470229940383
0.07802303250526768
0.10668705770065068
0.12037899866973512
0.10559922393317442
0.11263761251405194
0.0819017279708075
0.06827850672100512
0.1147851958705097
0.05316939641595631
0.13232241057928923
0.11970129688560849
0.08046352466219829
0.11907040896351048
0.12319035070221192
0.08957598564973789
0.15669709558912162
0.05136349385243334
0.09645752671180001
0.058434645306347455
0.10459118400321198
0.10698224847913564
0.13071168225208527
0.11296180028366297
0.12563421940159347
0.09028216419437665
0.08379287725898663
0.08304038846271042
0.08711660060399287
0.11894998040804006
0.13555551971251112
0.12149755883555104
0.06944072158414057
0.10862026859733051
0.1121104336180277
0.0647530694740246
0.10927602021055442
0.1290479167387319
0.1283907294585124
0.06717477224458879
0.11498071320802344
0.10247059251150058
0.07318088271211687
0.11019512155504177
0.07687760668939206
0.1603045071183452
0.12986136652830718
0.09324990200463558
0.05852341460683859
0.09618479851338892
0.14649435955308976
0.10814837377402853
0.0960627920148121
0.10044382346840174
0.12864226673543747
0.09347691275683909
0.10410011283780966
0.08004136084837257
0.04912842374450466
0.11565815077518485
0.0800688509919502
0.09934319057405215
0.09030181556040082
0.14540296059643754
0.12849254650979466
0.11301262244864696
0.15256621310163393
0.09372648255749204
0.07205877310087448
0.061257780630321376
0.05442515580346997
0.13569584262280687
0.07890957959393685
0.07251950085283601
0.12145566004800407
0.10213634085115092
0.11535168172371715
0.11544105130572259
0.10477435009031127
0.13790248112077022
0.09002695366552949
0.09781384030868678
0.10277654593213706
0.08244752654316309
0.14462339784659756
0.05560171290750242
0.057262603396330214
0.0736421640661774
0.07389177190906442
0.12389981424980848
0.07737557379209212
0.10745770135121183
0.10198285397623541
0.07180042712464318
0.1369455453432821
0.10302934966437453
0.11092741443240041
0.1439258529590168
0.09355337253716543
0.1073839080828024
0.12094813102783063
0.05789676077992929
0.10926314896743716
0.07670322519304826
0.12134502339991676
0.10713165969345906
0.19281995084739184
0.1314264648664302
0.11888633224568784
0.06866306033033351
0.06468828581860976
0.09165037655085984
0.14026926889113062
0.12677482252276723
0.13123346549727247
0.04044875650380135
0.11738850488453614
0.07045502779766818
0.10846923259317959
0.08669120187169392
0.04926920876614714
0.1054902348866682
0.09514406973130649
0.1080617646304658
0.11293267743832884
0.09121998606242329
0.10071342005626055
0.0816272759512851
0.05896274714788825
0.10115859937422299
0.09505989802955259
0.1282932370519425
0.13795455066117823
0.11025343886527786
0.14197940401501458
0.11486749873214064
0.045440260769598714
0.07844298565071348
0.08455228095669073
0.08315511418770383
0.06353375882960786
0.08678678860252396
0.09703089507624155
0.1203816522403274
0.07285636029479668
0.05736431494219523
0.09972371715466238
0.04937729630650879
0.08330049604455969
0.07107945953324113
0.11627891841005329
0.04504850737292979
0.07850552657553139
0.12353498865903587
0.04354966204148031
0.0908822587349842
0.13401175347538863
0.059357951613780366
0.10950038435859988
0.11063363569776392
0.12148894053154255
0.025290009900115595
0.13121756847834104
0.13071273333106695
0.08353569811840997
0.17250094601698474
0.061617892275573447
0.11351678294759945
0.10712146025461408
0.08437388134119987
0.14814332804767524
0.1397790814407297
0.11107740768192222
0.0809863940391974
0.07236841118176049
0.11804344814516139
0.11667532856869214
0.10570559158218362
0.10836283145998801
0.14302833153463582
0.09617229542663015
0.12011459747858093
0.09726302157012427
0.07189138257119063
0.12192641653326447
0.09698351060855318
0.0958680817296792
0.11970502029487329
0.09083424397987017
0.13326928320568018
0.08384702735457031
0.05859250490515234
0.07347701621076375
0.11701451549420612
0.09233744835295052
0.13080886553217047
0.04644355352777
0.06349234583247718
0.06790762107034341
0.05978578513043899
0.09794415164120769
0.12353831608595912
0.14511497322495115
0.10521371655607391
0.0789999790644925
0.11532548401938261
0.1226378193908515
0.10702033244543069
0.11356870368997243
0.10925679601654581
0.059826523902714965
0.07943359743228792
0.10372811553104962
0.08316077200983563
0.1045694663734474
0.10742995604710422
0.12747104341191004
0.11401898988607159
0.0955588876546322
0.07357550089989981
0.1182398644541108
0.14841285859515332
0.09675735207534168
0.03160500991801936
0.0671031642680829
0.11012437571397406
0.07846654534474043
0.09883606545763979
0.07796202205492817
0.12013434797757641
0.09219062999344182
0.13727816245476684
0.14573653157778846
0.09686023229501196
0.08524012726784622
0.13980957635693644
0.055442928907729346
0.06022661458821258
0.12654589159433055
0.06106174362493651
0.08616091335193427
0.12285455870813708
0.09268882903766654
0.1220169329743529
0.10816635060579156
0.10653969550693011
0.06805157886868862
0.13429951708607996
0.15498815050663375
0.10885231714395475
0.12064238040892897
0.054153745682221414
0.07273041388104018
0.135766218170151
0.11141005244549261
0.08462284758248312
0.09155131333030521
0.12693352889606785
0.08302192005137791
0.1203501490087593
0.05012890377151971
0.10926156416159548
0.11551575563088448
0.061422158378620924
0.1477595008508975
0.09573995291082925
0.12568491697762868
0.13020314388730186
0.12306953844610026
0.15633896829794722
0.08019700034321688
0.06621694187066966
0.14526962667719487
0.06197598548926821
0.0869235599055272
0.10258776178013948
0.12118019591480067
0.09670315662843366
0.11224020320662786
0.10642013465460202
0.08909823490098318
0.0615273793721379
0.14790238710737932
0.13468726965207953
0.11795137934702758
0.03958242698308051
0.10436435164914461
0.11133629755806694
0.08183204543941709
0.1038492534253331
0.10172211358474045
0.13838473477385843
0.08905408038149
0.14215218241936814
0.06291154898595064
0.07187596694864912
0.052751005206910576
0.10152168226207757
0.07396129545684707
0.08068518439654714
0.04117851784197176
0.09712609553150049
0.1251286290685002
0.04594374862799199
0.08552012205639051
0.11881882724348328
0.0740403013760639
0.033681359289786425
0.11821577332172911
0.05460897429388257
0.1076146583761011
0.10689454780022041
0.09017825919638581
0.1909329057068499
0.09572523029411524
0.10489262316641168
0.10103942374409909
0.15590049097970468
0.1205681272677472
0.0939509243279941
0.12633823611114053
0.09610667148434761
0.05745558139086184
0.0676523482899549
0.023928324153364183
0.08421774006063361
0.1397053729756952
0.09389145126597319
0.07779899528626752
0.06546999103169235
0.09048114722702677
0.08958473538830525
0.1253730488309171
0.036948781021554924
0.1322519820796538
0.09816867008463988
0.11179873055065455
0.13484835773110718
0.1262347142193855
0.1309247507132585
0.111734705365102
0.06829350871807897
0.12584186036094336
0.12221163910124448
0.11176765083833251
0.10102056584801535
0.10447098348334323
0.132351494645795
0.10853764467184299
0.09843049187654965
0.08637907071800296
0.08568671186485494
0.08365239830305174
0.11469564072837246
0.09863197799229484
0.07979452978113638
0.15114065693923312
0.0889397891009813
0.11149890073797673
0.08054310146309392
0.1675965557687961
0.07802527511647914
0.05179402047097552
0.09781616908183047
0.09011486155106124
0.11850229404648403
0.061677451922499626
0.11476917889311815
0.07417506866903016
0.04767992249041203
0.11759139230441737
0.05621972738180701
0.061792521495177395
0.13137162499354432
0.09767409979766252
0.12207723401289744
0.10501774078609505
0.11411689588794131
0.07158647243279652
0.0941696407290728
0.08170843170728188
0.07911070832064084
0.0727963345127107
0.10873666925641194
0.0904426201894264
0.09498856706438658
0.16434158297435092
0.06721008358849712
0.08571858981094724
0.13689625070804212
0.08919341547704662
0.05674233164075674
0.04419275215968602
0.1171257895615796
0.09003576155253368
0.12010592328810869
0.02981610842919323
0.09953982547489322
0.10398262097756103
0.09452076642951991
0.09759480920623491
0.0703421233546111
0.16483017142697684
0.11099099059024949
0.07477388195705807
0.10403967588843821
0.06184922703367508
0.043501106644812576
0.1025891957398195
0.050911420178185
0.060459378281479854
0.13615764223153443
0.08685888615624185
0.08509910845130693
0.07126493933479633
0.15105919490649206
0.10778839025055141
0.12160736850722527
0.08974082331061396
0.12588054243349583
0.08083194925014206
0.10643105279964486
0.12810545622534347
0.10782733266234261
0.08731416197628686
0.10523712319393674
0.1466702083726276
0.10507315841030569
0.0870278061840624
0.12256478272262619
0.13010880067701075
0.09121970442563357
0.13649332513266807
0.1373395193447443
0.13240237941597532
0.09991506749929345
0.0793086264708842
0.1515696172344998
0.11350916088536539
0.09590466736684468
0.13462112486098904
0.06434786513876783
0.14484060575901386
0.10571326277143381
0.12543168035348923
0.11903935946827172
0.06954841798997433
0.0898892724683269
0.06652375175617911
0.037538614133070185
0.09374176087717898
0.02237253784389144
0.07782108238130714
0.10591321862560267
0.08418624034340481
0.10562329147252511
0.048277402395472374
0.11955981633719207
0.11813941358210943
0.12036263920216429
0.06838319933276256
0.050159517930303696
0.1427322972599086
0.08835542967864797
0.06314250204634761
0.09088973128092609
0.0942018489834586
0.14758240564313882
0.12342533614004916
0.02675431382079453
0.084146789599628
0.0549167674026088
0.11780734488225855
0.09470205203266126
0.08840314123242314
0.1093081839014052
0.07828523862047951
0.1276025987280193
0.09129882035155695
0.11677867592220789
0.0775036222505841
0.14702823360964953
0.11488480353126092
0.07915985202876684
0.0536799507137148
0.13362642125493868
0.05156425610741433
0.12639766693682264
0.06452996443987086
0.08387664019582389
0.060288310025735564
0.10772589567991828
0.11080985909754028
0.07253486096950405
0.09886925213484626
0.1346000797084515
0.10417172303976532
0.11902572690066376
0.10274447442840483
0.0627806052757924
0.09534018490779973
0.11349326495496397
0.1614005347597997
0.07696384688350125
0.05869628366447758
0.09738681772626046
0.07766220251699896
0.1332592694888204
0.07709341796155302
0.05674583753227762
0.12703331259021797
0.07164869454032247
0.15164537288150282
0.09154574606734064
0.12424831569410573
0.10538773549971904
0.11494841870809716
0.09444645389654169
0.1124285117835766
0.06172140019534006
0.09756574162394084
0.10202489424822177
0.10212956990277203
0.08652706653306584
0.07531801608412539
0.09241852620723882
0.1121031681420715
0.158739093452422
0.08074792765443661
0.060059298388678344
0.08465505231901928
0.13907369494218313
0.05781656923879721
0.13921094300592574
0.11221484292765349
0.07191453359033158
0.08433219459278417
0.03675126177648136
0.08525971457990356
0.12877424583281738
0.08056653331784973
0.10053615974435609
0.10250585657245395
0.08985800645388123
0.04473636215680862
0.08688090507702678
0.08853166233138354
0.052011171029618046
0.09885161733151529
0.1034872758197213
0.06652514621700498
0.06991577548582634
0.06092885577726899
0.08273571219698667
0.1223542974412757
0.06276598457108581
0.09242239102164408
0.10412494826809314
0.06437818955185504
0.11947948585030503
0.08630857482706461
0.1560919281798388
0.04432606852202518
0.10982183493965511
0.033466623151899674
0.07517613113228737
0.07837264230613708
0.08609746194907127
0.09805724910610278
0.08821680247531025
0.08565513359140313
0.06531792491071951
0.07814710130701571
0.12868865863150736
0.0976440155760096
0.1585513863131481
0.08905589119033784
0.16298174273775057
0.11170905163767587
0.09930263230424614
0.14858793613914956
0.10707873564717639
0.10625486372592297
0.06845830166086367
0.07478207370123971
0.06137858582464443
0.0739796005514359
0.08051657989980854
0.171278399196785
0.12515515359528565
0.1398011304888424
0.13028231321810893
0.16687199946130946
0.04150826849736111
0.12386438430076491
0.08003895853259073
0.09345160436895189
0.04559398495896374
0.05353262336312517
0.06203741214513211
0.092123082877918
0.11989645323754688
0.1268785152079898
0.09657575907342514
0.10088456843770875
0.08370912083966944
0.12388348715343248
0.07401998465825074
0.09356240467997069
0.13338273805635253
0.11156933338825567
0.13276849453696088
0.08892327706202159
0.09868007997953883
0.12943734085404374
0.1095356462709282
0.09145987070720094
0.16190985069473746
0.12228642705159669
0.06432098019275505
0.15477931301570017
0.10919927635357317
0.09852375620305753
0.09266701381596304
0.09767364423657005
0.14114290318541928
0.12188170126017484
0.0732236461951965
0.10130018626924159
0.11272406224046028
0.06581012825343752
0.04995172945945677
0.0842738234414211
0.08550108523422474
0.09426386460718708
0.10214480647089764
0.09021046082183116
0.09042554971566774
0.1371985786645654
0.08010002262733554
0.17607915115626116
0.0976492706294061
0.11514508936987096
0.13877839846339854
0.054204422426878805
0.106794845845508
0.06819284827066968
0.10909290903696235
0.11180234619916635
0.1369983941694836
0.10103695924921019
0.16048343505692234
0.1251293093536512
0.06390594872959943
0.03359402601425414
0.09428341889932615
0.08315374974856922
0.09231263785961875
0.027341652077954623
0.13954492270893143
0.11414942212299138
0.10501639647470866
0.15411524449958522
0.04972882342045292
0.1327470156712778
0.1077245863759033
0.12992483767066457
0.09444348206127544
0.12336758695291672
0.10087545188121004
0.15307381516999335
0.0566630109359887
0.06962248254883974
0.10031822820416522
0.078718706865057
0.06508739562751487
0.09549462253808512
0.13147429076050057
0.08325598803329384
0.14305925506581169
0.13012378167428792
0.08775780004496113
0.10346853229029677
0.09850638342063697
0.05991528520873763
0.04863856146215205
0.08656388043214856
0.08877982186335574
0.10178214155487438
0.09270910753697033
0.10026395698286406
0.08883707596103715
0.1334748351074848
0.10302191482147502
0.07227614511069956
0.06880054206814148
0.05700963145507314
0.07774275861900187
0.09437702500925853
0.0715563523168718
0.07354895769415418
0.09213007574594442
0.08357347355676231
0.128096673099143
0.11484988106706773
0.06047581768973866
0.09085494101419993
0.11220201961789389
0.09367256197560421
0.11392246836782756
0.10674687907113932
0.09275776577027549
0.04293315405825654
0.11083955866624697
0.08986439393576
0.10385823946550662
0.07706575105617297
0.07812673272285767
0.09162243513439317
0.09410304761018369
0.14974570052254962
0.017945207975771774
0.060951470992141675
0.10068401773535102
0.07039878591828416
0.05150967796893505
0.11386155662690403
0.07858584559522228
0.0818438516308464
0.12032515386736076
0.09721441115304456
0.10414986304027792
0.11158111927464985
0.12158719035782192
0.0868355511001337
0.1122953895115865
0.12184658909894791
0.06733598317615738
0.10583514493380645
0.06048891630568872
0.08705736011291353
0.12203814199907749
0.10996642796060764
0.08361749303803284
0.14493864234226295
0.09438468591859626
0.14696151619124057
0.1229966761423513
0.09412541887573592
0.15061941492201575
0.09811304908034783
0.14265654441767625
0.07867236301629073
0.10452381111714368
0.10928021168359582
0.085473161454398
0.1092977061671099
0.1305929611212386
0.14853802151531106
0.09901270697697145
0.09375921073272235
0.06902804976445802
0.07689212799362448
0.09287262653909344
0.11830284507971697
0.08515096579916068
0.09126812064479914
0.12003270642694804
0.12434586770503281
0.04711370874011966
0.10237777850701646
0.15403389581926805
0.08312061487689568
0.0709472306871018
0.10541546777861194
0.10225796395777051
0.11410553518292124
0.17098971299197324
0.07249396002757236
0.07448799032425871
0.09097213891175811
0.08319580840960665
0.10079530254706054
0.0870686103095775
0.09084258202409609
0.10136556752765785
0.12702055251314853
0.10010773152444223
0.09937161772821454
0.09526111146019069
0.12077535809160239
0.1486169607039161
0.15218859309128915
0.14501910906017554
0.07174838802678635
0.02502649293661921
0.09575520624312077
0.11642411560200912
0.05699638337349765
0.10155310431299994
0.06410368333457803
0.07871204807751109
0.1898790267354499
0.1443991276097428
0.08779685951383273
0.10410365086075533
0.13902782399739716
0.12072772251755211
0.11989510973342418
0.07538729540277114
0.12421329320101084
0.09685855081724457
0.07684724471148022
0.05426704855127848
0.07450185513715885
0.09352576757661892
0.06271001687580788
0.061810370710776205
0.06016403995500056
0.08031418225526286
0.05756730683645357
0.11239692198246323
0.07251664602741838
0.09669341947990631
0.10127692753902144
0.07036545695471604
0.08876688557302913
0.1416503416100074
0.09962636810414004
0.1032489789742186
0.07592531052092916
0.03437434372711762
0.10335742088466779
0.07687290665811368
0.14114681614195923
0.13372680220886532
0.07299463075897539
0.11460521696205495
0.1010098802419808
0.13231352287109235
0.06975223318095625
0.0974882052112002
0.05758207998301408
0.1151597165695152
0.11596608511186271
0.0803351103018857
0.13481799943445372
0.09976774651481318
0.1267599972701092
0.11304977959540478
0.11132969730222426
0.07451923031578
0.13103854254850553
0.09942719243346065
0.08158759480130384
0.10734587097489608
0.07768687847335934
0.11341622771018273
0.10992323916489413
0.12969970834374314
0.05010143124401444
0.0511266392696013
0.04083797346330707
0.10234299641640933
0.1071024396040738
0.10149178123543529
0.10357189290090751
0.09358258764134551
0.09664856024698268
0.12890105568612187
0.1264351215171903
0.02779159877467305
0.1160508190119767
0.11309691715442585
0.08808791221506203
0.08605614001179895
0.04897698589722067
0.11865282274012463
0.08330748025272834
0.16911842580977737
0.060571371855753633
0.10554368663325722
0.1219745743821722
0.08817913787500724
0.09759420143553706
0.04339403731106162
0.060667016470207225
0.07372338506770114
0.15312510302861615
0.10393217181684036
0.13986904015708934
0.1334891401706712
0.0713589815530688
0.07308539908645001
0.08465645127508442
0.07871770999738044
0.09520095099187809
0.05552051663067325
0.10920742899914865
0.11120435664141204
0.1195895207413005
0.06740653543481809
0.11260238211507834
0.05720602642845464
0.11046988672280388
0.1011806514367059
0.0810817724871527
0.13114026756811997
0.08312005487473316
0.1226833114687133
0.09704245215329388
0.10256724100287211
0.09356195756980115
0.08001122583124162
0.11482730543881045
0.10124179677661914
0.07876562470735524
0.051356169842829535
0.07574767150843116
0.11949418304343475
0.12184063867728243
0.10789933318762916
0.08103599661317035
0.10191606609136619
0.10322730526282498
0.03936162115641255
0.042402511110208416
0.09748458452042497
0.09641905022375967
0.051992584335024815
0.08649779520192635
0.12757038071899598
0.07750914169666087
0.07337750071719107
0.09998435269024594
0.10892415428980841
0.10496690826409391
0.12472473711640192
0.0710144693364064
0.10569326943370952
0.04790886040491453
0.08084104489253151
0.03555082897395426
0.08649681336752348
0.10124499648677776
0.05717301162296651
0.12524039013996333
0.05348491473584576
0.10650531608487196
0.10029822714463253
0.07440089671875968
0.06691291873373753
0.11854314948841203
0.11908022602551063
0.07827032119349026
0.10734148899366058
0.16700455498270328
0.13606506110660843
0.07498452238006248
0.10158381793215995
0.05454457099744674
0.09036609064132828
0.1438730490168334
0.13924540524175888
0.09023499993615446
0.11079233754351778
0.12100447904808673
0.07409859255708495
0.11006805701545112
0.11951566732071171
0.09964801407903247
0.06378700421663389
0.11138821911310273
0.08291646194927102
0.10908146952471932
0.08329266561454499
0.10467673519973529
0.07976579285078067
0.09504707166218757
0.112953052902288
0.16047885669517373
0.11173339950698583
0.06268773059052926
0.0667918952996826
0.09038734897889532
0.18965444923007108
0.12020276644313631
0.07762700729425928
0.07912947062453678
0.12806477360708657
0.06167518189810882
0.11047967467260927
0.07776818735533514
0.1333039710720435
0.08903419342039975
0.15619988491443648
0.09358860197209282
0.05107521764759996
0.07964087123097018
0.12004414415844124
0.09246265630808641
0.12793708818255922
0.12774559794892815
0.08950462302007875
0.13765800047314833
0.14252591110452578
0.1050041804759664
0.11423336579754265
0.07434044922576845
0.0857250693034086
0.10481769308164467
0.09540184673555567
0.05670038938221321
0.10531814713888599
0.10086998063271886
0.07022713311928769
0.12788405324996216
0.0938689222947557
0.11229150471589952
0.08732293184581427
0.06892430896601766
0.11196561903648228
0.1018422926166228
0.13111080540886877
0.15623702468573658
0.06574845541555878
0.08669477294178124
0.08869986066592102
0.08850170325935307
0.032512010497655494
0.09363658151728375
0.09116772799377462
0.06366133578556155
0.09087224539355293
0.059078883750141614
0.054474319824902244
0.06490085918775576
0.11146154818027199
0.1394700982049027
0.10337811995505822
0.11169261419734837
0.11900562757108621
0.06810027653133713
0.12168953586996552
0.10214056221878397
0.09391075093018794
0.11748228499092021
0.11317455585836345
0.10500650761036288
0.0849239518288825
0.10071642112501457
0.10233300516910034
0.13169286032160854
0.09176398059295643
0.0972110977117861
0.10072293652085146
0.0929056912485912
0.14881719943888033
0.05359542694442507
0.07004229358333022
0.13409118953566956
0.10078271285108764
0.09156497079327552
0.08975833311906398
0.09972335047750346
0.09485042923094741
0.10674247111956407
0.0729017483091141
0.07196743908605381
0.04860988633529886
0.10595161117755285
0.09764535614409775
0.06495551422154587
0.16670460724252906
0.075506666864898
0.10041058180385382
0.09736164831326469
0.10557866317840797
0.1401909894034221
0.1080778679784914
0.15852142763742516
0.1180718658780932
0.12337670921670388
0.0845737503694352
0.10868235511194069
0.12203448560868596
0.17776337403172665
0.08894388363277615
0.11696376332632163
0.11835292723122098
0.11819426408736253
0.11876429248609928
0.1376806778292478
0.06848185663786736
0.0805269980905313
0.09210587724282562
0.05351403432538445
0.09707151559786101
0.08119949156514436
0.13047552896104997
0.09350549575261279
0.10748410830966212
0.11693929491326728
0.06683241538721227
0.13492789671165872
0.14457683704460694
0.0991120221725252
0.11338892472470546
0.15240562926144208
0.07906843052892057
0.16133820968218202
0.029684063103944697
0.08106450760344719
0.031840155915811394
0.04938105244116415
0.10794881744717516
0.10074886837690263
0.08626915219176083
0.07886253667865814
0.18438368223064128
0.12324561810933352
0.08082212528603826
0.12100001482062511
0.1079065007124012
0.16615339144166041
0.13045080671003328
0.08550350391071837
0.12328173676076284
0.07804448540851049
0.05786083352815868
0.09253584215965961
0.08304051080509811
0.11123580060961027
0.0838294190164521
0.10336500938301652
0.042209404757496474
0.08763707274227019
0.09990355449029158
0.058283701964107995
0.12959673937324112
0.0996988509578149
0.06479323816773602
0.1307616269531233
0.12927539230383944
0.12291831211021619
0.062397250476477976
0.1208376229683676
0.12106178659891811
0.11881808438106231
0.11327828756662789
0.0859890512355115
0.11565069913363558
0.07000211152733904
0.104559620929873
0.09437069153514514
0.08407761262771306
0.05227282030499837
0.11173496022387139
0.09308851030558751
0.11236161726463727
0.08097230982866796
0.07354415552803335
0.13584048763408424
0.13059237211754038
0.08847614460312644
0.11948654749224195
0.11112903703311991
0.06802303015730185
0.12379180334379668
0.1175384402080317
0.07085176368896694
0.09960825433090556
0.10144806636729949
0.07441262539766723
0.15116301517962982
0.10566577729011307
0.13087803416877547
0.12166839409518046
0.09859171304662827
0.07737908198253994
0.14867851002600396
0.11191008688267098
0.11868133641747733
0.16713499639327367
0.08712550260891702
0.10999239196648021
0.060949170761982176
0.12481359722049622
0.06586456570102586
0.061219259330981324
0.13826274331700258
0.10094555594012757
0.12764986900353803
0.10232399334253256
0.09158792478188574
0.07811962286189666
0.07452135701731433
0.0795523258044299
0.1095851337396721
0.035443901620849275
0.11799474876077651
0.053900647156414336
0.1283845778181485
0.11509677485343878
0.10082938666596318
0.13794771536503225
0.10246215279140002
0.0963475523441395
0.11143551141592223
0.09312927872841227
0.13215118154040117
0.16359378783454848
0.0896613191857457
0.18814733103493472
0.09038728704913783
0.030741191402789428
0.11758721278036532
0.06779642650565176
0.10467348369265549
0.09130194246213859
0.1375783304516908
0.09888323330689128
0.10270717597607619
0.10694639434999702
0.11947518445924185
0.10230373767643959
0.11080516806071442
0.09453371222459289
0.1259711829318353
0.09074784273188419
0.061449820849249645
0.1626167399473665
0.09920966624801948
0.10776185559848633
0.07784095875593365
0.11892392223728016
0.13159726174340153
0.11156073710427751
0.07796460361520545
0.16872508752721327
0.13681181339727444
0.04671165704016209
0.10794353279454025
0.09351448749035676
0.16333662319893433
0.1393748722494941
0.17434683172849025
0.09552924737103037
0.09334371109062946
0.07622129951314366
0.11225040829328314
0.14581501617472284
0.11243754268852964
0.06929463480694056
0.05985658814568021
0.10416789155564253
0.07392795297581436
0.07954248549140203
0.08575659452349031
0.12468832675883268
0.1407117559675337
0.05978339608380432
0.11710755821208897
0.04904212098661472
0.13891737540405255
0.08632111938566803
0.1368649706294668
0.07563354627732083
0.14419964016030998
0.052498811995590255
0.06364314715650216
0.04797237591569645
0.11232378317138919
0.08973847294898284
0.049991632102086125
0.08546981033770976
0.11044846670451072
0.11141593906691888
0.13792435956443108
0.07897706291720738
0.09826279508580073
0.09052357588408162
0.07699844370382783
0.1314966789108927
0.09302043912107172
0.06243031781408019
0.06661215392240163
0.11445995672794562
0.12092694921310357
0.04847194474235881
0.1357750735364131
0.07398692130627443
0.04901373882936994
0.10093782986264763
0.05523011948940579
0.12073666378026188
0.0893037629853195
0.1229204266935271
0.11426326683902902
0.08383084794803053
0.17001100123273333
0.14946907299219317
0.1373101964071839
0.11860275126486884
0.12498667151887427
0.08232969018218696
0.11218968531252485
0.047399286478111056
0.10383638674369246
0.08534795458172985
0.045610532753361514
0.08907343643855302
0.1311121752617276
0.1440739598958351
0.12794219419925848
0.10190591165510253
0.1098882497357041
0.05699629923378223
0.06626923518186924
0.07033633078337008
0.12103586668304658
0.1540854113689764
0.05945203230395186
0.07770256594132194
0.07892687612115998
0.14244204298472488
0.1378614633398969
0.12943933763699897
0.11141407005083365
0.14332079621618138
0.12593875479666783
0.12347333718656153
0.11771793453813897
0.10996614154215822
0.07497145735797867
0.13549908471392313
0.10459904122134274
0.12480913963865928
0.11946697982302207
0.10759146516388784
0.11818545909882425
0.16776272365239114
0.10967988158478444
0.12342005555376427
0.15114985267600725
0.17081382882612184
0.11595457460988634
0.12091776189458497
0.04061515475527857
0.10928578256481762
0.09028933322308351
0.10785619778766012
0.10858724973549169
0.10734411583278594
0.12882542673782854
0.07531078564940304
0.11564063057811197
0.11435960888230401
0.06573409217093704
0.09860693125766883
0.11583489129062424
0.16099348660406304
0.15795153331651873
0.07294320547754476
0.08604498170095057
0.1151331686707246
0.11957960853337196
0.11702562494691088
0.07255665622543697
0.09770271705511513
0.07089878992337055
0.1168092784773947
0.11345210648600719
0.06904066584995558
0.08046671657189784
0.12117810976496181
0.1273666682866496
0.12387627609785445
0.10135109722881368
0.086893216074603
0.0959905778013046
0.08796756037953372
0.06956764978843258
0.09852566514452667
0.07731463586857253
0.06538044306358146
0.06320579264910234
0.11565526420390788
0.10590851536727079
0.12617594519489034
0.09976625325659826
0.11667436393617617
0.15464002514186348
0.11171755098521585
0.12775242236403375
0.09730072927123
0.08627483281883516
0.06180180052099398
0.07712907468921826
0.08210831906747995
0.10445112124579545
0.14631383934951012
0.09617257268220482
0.10849427868182004
0.07913300523759761
0.10515693114687359
0.10164701677887453
0.08241269090591409
0.12034578800456443
0.09305805994069435
0.13591021878723525
0.10632192856465059
0.06839676925296441
0.11966271551863503
0.08113538168113171
0.105300447797474
0.13448087868653882
0.04236897557603157
0.10871831900698041
0.12025915885640032
0.07956513934706581
0.046371615802495644
0.1199425531054057
0.048760715713603235
0.07920438966998516
0.08763575011992672
0.0550123451121484
0.1347168968495215
0.11425103947047979
0.05706806196822848
0.1757777673104404
0.12521935323757144
0.10559021583955563
0.040985816638998154
0.10282558654495698
0.11350116263359258
0.17519217354260946
0.12501091805138806
0.1488896261830618
0.08308969575967354
0.09105396787945323
0.07581691372206098
0.16111714667900984
0.09640234324241284
0.10644562932606585
0.14791634121737118
0.1304203089748041
0.1373708905247008
0.04127612775088991
0.10339014421593597
0.11310318035360505
0.15364365002614286
0.08963893367551412
0.08744756364007111
0.12954057122767515
0.12074795749701292
0.010504397923923992
0.10621211843595832
0.08144257078425926
0.0468714734061065
0.08778601343125685
0.04773225572752103
0.12512983654645124
0.0711362859015951
0.14645700705649733
0.09322948499147565
0.052009112133986686
0.13464665481783586
0.04542375401065535
0.10313365704246814
0.12735190260701573
0.09601540824158145
0.13858558610500293
0.11446341431700721
0.09016298648801571
0.08892728346888837
0.07599401415039064
0.12874702189050827
0.07665727191973737
0.03947315763772568
0.08782536844478181
0.11622486828194187
0.07890933467442947
0.0643095826166818
0.040467452533091315
0.03389771809483351
0.10396311554040255
0.09451053284646248
0.0561739967111546
0.1070736109330354
0.11156957069573847
0.07022801279585572
0.13023819613865875
0.08520085321007863
0.13847859211913427
0.12202337546350381
0.11328164211984285
0.10246644910045692
0.12115338223077869
0.09918361895284843
0.03370113464328316
0.12059395517836437
0.07518905101742683
0.08350374951349639
0.1348766937749703
0.057422637992597995
0.07533140231270352
0.06093853366024988
0.12608819683182373
0.10007160797976208
0.09262427994882284
0.12474633448054114
0.08389376457835153
0.10100104567188632
0.09731743236798367
0.07348036392125333
0.06939536004306934
0.06769900108084397
0.11673937310937252
0.1435430614167998
0.10413127959563463
0.04840588851108009
0.1060989301797767
0.1169519906943668
0.09605235792822468
0.07195878997418678
0.1010114743911967
0.08753853316105666
0.09821163695933122
0.09772633468707287
0.09163033283022179
0.0612966994934498
0.11097081682644502
0.09394073469311437
0.13785358495768543
0.11008361197249222
0.10458816772277996
0.09241316156977437
0.060372386652761144
0.08534159640625627
0.04251898632258161
0.11602494602055556
0.12107655029604543
0.11144250357830096
0.131477057583971
0.09786396916963833
0.12308850206435354
0.06607811650275708
0.10368450521486089
0.16314959787199806
0.0996104709998807
0.11170000828762809
0.13382236914855342
0.1652116227233727
0.08267110537892755
0.08820313921504154
0.11334388806187491
0.1111940009279291
0.14326825936951446
0.05159246152405432
0.1295054452797284
0.14124465235067027
0.13221972307651617
0.06392285573831438
0.05092581576572542
0.1288834987365309
0.16209251560591126
0.07836655653448073
0.10485735856966576
0.08896648618120137
0.08418121895823756
0.08397889159927253
0.08975923427408296
0.0597060267572244
0.07758812136159635
0.10978060306715151
0.1473556135063594
0.11797010777912299
0.09786955448312731
0.09472405783598749
0.1071455524748295
0.07098830749551138
0.10373250698225514
0.08733131584139761
0.1061511299821617
0.05415615240809889
0.06590232313908638
0.13275869637921167
0.07489058029098944
0.06466365783485738
0.11726913323245157
0.13484760436656196
0.0863450684148644
0.11967188832743272
0.08975982137587218
0.1338516292825997
0.10250187117895106
0.0531198113864957
0.04869571970428854
0.1382400335234134
0.09906241583610523
0.10214189991116832
0.10604052717252566
0.07357543159706426
0.11178638214113858
0.11727610736303055
0.1375482998259639
0.0887615312543328
0.17594770146558392
0.046990146727671336
0.13821166647949026
0.11441802020339319
0.14048384212930884
0.12774352701712352
0.08237146502989802
0.10696619269894714
0.10522887808793892
0.10351526988066496
0.04777789378452904
0.08671902349989427
0.1225723495166124
0.07374065300710171
0.13221719441139715
0.16668958433401704
0.08927426207132777
0.1191360580166701
0.0873095790814433
0.079805511028136
0.09768804849663289
0.091270331190552
0.1148524983617567
0.09608980508238363
0.05974034610200595
0.0901191518895158
0.17563029010783246
0.09063269849391338
0.07174818004460601
0.06386373205739823
0.10931682943782427
0.06707212156795797
0.07988799069707767
0.13090370129877227
0.09578714426586657
0.059098534656741544
0.0961400526852626
0.12092100071640623
0.10748775168426897
0.10190035378477036
0.114222372920914
0.18091864591777518
0.07983972737363704
0.1058585144622128
0.11622091906767762
0.15678408223861084
0.0
0.08411657872507733
0.08378767620221936
0.10160095888791598
0.10049891616849656
0.11398084290818405
0.07813938572919847
0.07104164446120473
0.1184136568629636
0.06750808265162178
0.10520519729533172
0.09883291223000558
0.07010674994862849
0.13051605719211534
0.10107614477684486
0.0913345842604804
0.1365178545198576
0.11309594176995548
0.05370168883909536
0.12990154466717663
0.1311895593715151
0.10564055565587918
0.10066345981524354
0.0904108972677573
0.03428652713325399
0.05480399974869454
0.13114381443223114
0.18737990275745137
0.10729528934524661
0.06435877290154718
0.13794740496986213
0.16656014053568757
0.07037430409300528
0.10510840198746337
0.11047921703433637
0.11562993166879862
0.14202281271409925
0.10255998502086419
0.0959269517502281
0.08549605185983133
0.08889563658169726
0.12331055443757846
0.1256447522571622
0.09554443100667344
0.09177556894667852
0.12497685929132238
0.12743822843444685
0.08480274324322847
0.0982152741474636
0.09194533697528298
0.08048807612927586
0.11959163838853364
0.12847212923623896
0.10066903823326637
0.16832333635989172
0.11652568789822307
0.06244063528311346
0.11626422233582603
0.07537399878946341
0.12781232457192113
0.13869984406706032
0.11135951169120704
0.12358294427658441
0.12516018980002594
0.09211014093508842
0.10498630093413026
0.08022945248569795
0.13359238446067728
0.12489662530301378
0.0913016421280895
0.03673307813699672
0.052410568295543566
0.10171314410813355
0.055717825795991466
0.09309793021542265
0.0837767943141299
0.07527039861332606
0.1155932614287058
0.12119591691765126
0.10618340200618855
0.09650430930787851
0.11432223090936493
0.04262347856462794
0.16238413464363477
0.0478880772375882
0.1194339328901908
0.058843534836925136
0.0714001484117145
0.10218348792153029
0.09166076760292849
0.076822776935357
0.14594390060689855
0.09004769038024546
0.05322057379041893
0.1252822829861739
0.09143128533277711
0.08170157328803837
0.11957251794557473
0.10399994365795102
0.10451190920734373
0.12914448264556175
0.07105903969537586
0.14725990612718307
0.055066746261104256
0.08001233102525898
0.07030758384350196
0.08191458621046721
0.04811123778849545
0.14164504396818978
0.05121577000873263
0.079676296250443
0.13865689293801486
0.1429338046945062
0.07557837228272853
0.13086680953729407
0.1309822819621957
0.06801005319929826
0.06213486151131349
0.11591227091084146
0.10523678079949779
0.10649821646236049
0.07226243366973555
0.0899885418087325
0.08243862267858121
0.112334029426037
0.12821299414591494
0.123116570523796
0.01041556521124086
0.159293842275826
0.11708983306215703
0.10996390123705191
0.04681105345051055
0.10124325000865174
0.10718169415729381
0.11955404323288059
0.1452718836272059
0.10864737289983523
0.11320845384761129
0.1945698574361266
0.09615645643946971
0.0758665983201607
0.11052939242675405
0.08597300682211798
0.13790757640962722
0.05679932610705257
0.039993468495574204
0.07224011045198561
0.0515680603873323
0.0931914262262107
0.1202802421011134
0.10104251220551597
0.07394009555315317
0.05247313884687885
0.11556424287434462
0.11617611476347134
0.13138026642355755
0.1007670010742644
0.10867846994306452
0.09107944752819362
0.07366739840122552
0.07605441469608071
0.09500504044552603
0.13214364265226555
0.07008920217490207
0.048250175653832286
0.15580607595730103
0.11176653955659624
0.06258269650139692
0.10929188247622229
0.12399719875853714
0.06166092242623302
0.09031255808763182
0.06571588978833798
0.07503718368801024
0.07658501202968707
0.10595655134825141
0.06116521798568685
0.17290539420191298
0.15063250662521188
0.113506584868574
0.08128515218667749
0.11283313910510548
0.06724111120668985
0.14490286316193626
0.08674754382811012
0.19809566116484145
0.08334237379739157
0.12102254999543023
0.06594484494215386
0.1287933230641926
0.15259826066037258
0.09574630043804266
0.08190633176947099
0.04792959804394847
0.10206052756594965
0.09282073193703924
0.07971772176789126
0.11582579178371288
0.16183619878961328
0.08659865875453003
0.137736881607041
0.07548441110941982
0.09721678930771958
0.0847636521115431
0.0853632136695509
0.1401625696519836
0.11198591646947874
0.12221484490439839
0.056920436901076024
0.04834222520728276
0.08133216428675526
0.10261523254639651
0.05191845154146699
0.14239872655559094
0.09426383784414372
0.05898885116947764
0.0962705348077709
0.1333957580132918
0.10027457717328268
0.10244782700383039
0.0830810930049899
0.07107649625415906
0.11207307058812445
0.08473056517556153
0.14389711049208498
0.11400627310381892
0.10270839111496831
0.08359514766697083
0.1113785870212795
0.09710662988766877
0.1470210810768453
0.073087432679786
0.07107599091536497
0.12710593714497842
0.10027770156592455
0.06706008921485651
0.10264492323080228
0.078753675277126
0.0768270370204572
0.10060401332718469
0.10073636681496023
0.10348346208438525
0.07743552772048955
0.10992110707775703
0.1152190435874066
0.03612186691448309
0.08276592442228047
0.06979589497032698
0.10357394550975861
0.07137166599441276
0.0693903374176677
0.14811084955024567
0.07152151501096962
0.13523574557625911
0.10492061229854331
0.07976421638723441
0.0761868182902336
0.1392831377348938
0.12414280190626398
0.08252013813372575
0.10516457929489711
0.12096000422473922
0.142960545505243
0.09603033570075761
0.09732958354748567
0.07054674335090293
0.11479245893481127
0.0983987769930479
0.09933791007987344
0.1154637041679255
0.11540030086562558
0.09428239931979769
0.07039095918914148
0.11823163681890636
0.15007809811646425
0.13970382132866427
0.10122488700547594
0.08509863294126332
0.06289596293693289
0.11028210274325768
0.08588329637069039
0.12855967492819023
0.058313632541271664
0.07798485813215567
0.09989268766329142
0.07069856506059577
0.03260435812469366
0.14895951370568583
0.06679573677428297
0.13758112500780745
0.11063833492828389
0.05045073239305053
0.0951535393091256
0.07631620100319454
0.11762769414243748
0.11946605920858303
0.15337426219669384
0.10277522752400454
0.1461133022634999
0.04788046702477985
0.10276751665817838
0.1959949464107157
0.11476993899513509
0.13321647173340345
0.07659924702568896
0.104300832548889
0.09814421623811252
0.045661621282578
0.10147977225311476
0.10909713057467715
0.09652353314044121
0.14392697246749497
0.049641586393995754
0.06502916992717069
0.1206276759508415
0.11926457017965433
0.1150859359729696
0.08951991243624882
0.07471003456775521
0.1157400883933108
0.012997688976552457
0.04353520662310108
0.14995424762174928
0.06498416941727539
0.14588495021846148
0.1470982030878231
0.1305261849838985
0.11717987276160063
0.12018461106535863
0.07737411374958672
0.10543309918668423
0.1810180033144949
0.09962928959125093
0.0882319165255383
0.0842727982535698
0.08776541597685261
0.09323506659696969
0.10322135062843442
0.0421538780021253
0.14882491089735325
0.11667539981754174
0.08621396841524978
0.08334051776996583
0.0883331353751089
0.09429993746513941
0.06809375777861387
0.12150787156702372
0.07706260090393613
0.07748782263465162
0.05564770055068027
0.1179224974690387
0.11630216288487252
0.06565965064208135
0.1343811171094924
0.09394422172248419
0.11672415363499525
0.08987859311326239
0.11718651422143819
0.07939215938633314
0.15409651715018088
0.10941554574954657
0.10157574567694692
0.10603303031317957
0.0872982492549057
0.13452762725975437
0.0666429513399466
0.11752992728871643
0.04787817724817529
0.1633030359924199
0.13152266566222892
0.15285183053396598
0.1466983944989812
0.12153443069267354
0.08938743212037564
0.10661374907508954
0.1277724203266762
0.08398213173040461
0.10064760741313955
0.13163498940209173
0.10900327933650887
0.07193161796981984
0.08908860176209855
0.09913330148913876
0.1268111605491097
0.12071874426670873
0.12431658451807008
0.09550692148518462
0.07491331919741821
0.06947287302862011
0.12069812192562565
0.09720339832458084
0.12445445028129956
0.12826230614145853
0.08345850783219631
0.10063180402736366
0.050821085451952706
0.09434451125262308
0.1055796427159026
0.1337811732761493
0.10731283469207512
0.13242312875803502
0.07115614333908726
0.15852630669211276
0.08588668494902665
0.0724557035570753
0.10843239489614642
0.14162269001332456
0.10814306348204708
0.10096010983286316
0.08717385825683459
0.08057104866796144
0.1023726503621752
0.08294764464788626
0.1577904116584066
0.0837920207920403
0.1085056362684525
0.09303987226903294
0.10013722965371172
0.08518724145275783
0.1352950262146668
0.1361917514691722
0.12565033978959608
0.09124936858517305
0.1362891149850991
0.12666891760287563
0.08473368719660437
0.09211556585716021
0.05023951035694825
0.1468198030217049
0.08699052974077093
0.09004123023852245
0.11205092529699846
0.019233132682397347
0.09064351138260358
0.06255983237930077
0.031151970590602596
0.10284230631343448
0.17141782132843342
0.11672111864736986
0.11731501180968569
0.09836560240187972
0.09692781759822322
0.12563505235589847
0.10088911805883055
0.1510443678154194
0.05869314678111242
0.10170350315606044
0.057055315521992264
0.08022622643761856
0.057915128894143
0.0846460495601514
0.10975679174025764
0.07598098686384966
0.07639165135039955
0.1503945647957146
0.06934997584353504
0.07097216816969673
0.0653248981760586
0.08410702381647236
0.05930377907126794
0.12177034095865133
0.047058437476121595
0.059785497185118545
0.11561093440087924
0.11927194371116395
0.09224517042197039
0.12093526671682397
0.13626111233621085
0.10480845491909963
0.11601254567758465
0.14515578547112967
0.1628321383190215
0.08932777755374191
0.09635952582951779
0.09110108916948775
0.07588562291010502
0.133678674385183
0.08722912249046678
0.16288734899487425
0.10958086244935478
0.12010623258018453
0.1134609573399871
0.061740738608873205
0.11062180375608416
0.048247448817570204
0.10249773822968469
0.09628456694697272
0.12327462321943232
0.07718061200695714
0.06489660248895573
0.12942551760275578
0.07476735652488736
0.1284103579048613
0.06359069674047582
0.1162439010064009
0.08826665405057442
0.0731683909116567
0.10360178872802957
0.14399747636610233
0.04395692288004404
0.07785369718405388
0.16106764586476485
0.12161689196975281
0.06554168608410069
0.12135143522260364
0.04346777232848224
0.1250221313575788
0.14818414762868076
0.12421322345779481
0.07927450634632857
0.08194166800907213
0.18976932427749146
0.13982193534208281
0.08246450921873855
0.10127595898022955
0.12019619073602546
0.1235488070838563
0.12485194390092208
0.07768381359260372
0.062037328053312656
0.08764740753536897
0.13003178967048268
0.09311904967131061
0.11181560278942163
0.1155860711351266
0.08327543600422915
0.08348269965042553
0.06885121256466506
0.12637744050083455
0.10151099900999815
0.057039462994027505
0.14781787767793356
0.05631411636758731
0.11574937642079668
0.10099847019691689
0.053457432487208426
0.10897139021488475
0.137792353359112
0.10938161686883205
0.11078301543055226
0.17463616847686336
0.12483671249592393
0.08983393726440347
0.038695761685666845
0.08285106870653189
0.1681104974587354
0.10353746212576753
0.05581214720871923
0.06097764114581335
0.05836839546214943
0.10147984859160337
0.10865366629140573
0.07742999668755159
0.06521840322826927
0.11963577889105632
0.1312935860314232
0.12658246471855233
0.11496016352112065
0.07546010560117404
0.11508607041981891
0.119408511843499
0.1126489973589335
0.12277633803263471
0.11691225130505155
0.0724706149350438
0.060418779837917325
0.10445461131241694
0.08540929028896306
0.11334431510562283
0.11120052966546437
0.056050142250667415
0.05717092573762968
0.09614010771772281
0.09144360093671279
0.10760092668358409
0.19159019508779332
0.0678538549393107
0.08187464079587298
0.10677367321649096
0.14430218886734833
0.11641524575408752
0.058728807641263384
0.11991150291808439
0.08148557804935092
0.1338160039475849
0.12126434684833662
0.0997046758113901
0.0259662127226456
0.13180339506151
0.08381546990779373
0.06522357328051573
0.10316873725070917
0.08989820281317952
0.06034326655462117
0.08379063577050168
0.09422078788629323
0.13614832248412911
0.0972658672834825
0.08893326578746773
0.0945987380517545
0.04715715687159527
0.0829531168308688
0.111470245907215
0.08368927687485452
0.09999024448111188
0.06074981551149659
0.13226970546388686
0.0838639317945516
0.07981959205155431
0.12644958391950137
0.0723042425971339
0.0719452896929337
0.15311190446972275
0.05826108539229179
0.12812328657485203
0.0986137709795978
0.1067346260029041
0.08979327304375237
0.11419490551599192
0.0992849250235804
0.052003306267620716
0.118140125119893
0.10901881660232722
0.11150946720759715
0.15166558637054578
0.05719948060120269
0.15807622501930677
0.20051737462566555
0.0416081646899505
0.07005847971332055
0.0772100697628169
0.10116945273481032
0.025519078643207266
0.1120176645557715
0.08899808118507645
0.13454873674725093
0.07349553286827593
0.1534529787257794
0.05119058247784851
0.14428869711703554
0.07439453994109471
0.13319745401173919
0.13375426990039174
0.10536867418044307
0.04098876068289715
0.06969667515982167
0.12324004203520277
0.10593496163647446
0.0899223859128288
0.12492625553659077
0.14175583550131224
0.14769357837797176
0.12646998066342569
0.11322353238134157
0.06599307634835769
0.022376267805394826
0.1270275268803225
0.08371246974949711
0.08966679243609224
0.1586461331521904
0.08756150109023225
0.09588733866309099
0.07781372229998178
0.08607838907107307
0.12927232168021424
0.08300315785225804
0.11800619018656483
0.10664833579558432
0.0991035641566254
0.12017511340499465
0.09948986480573015
0.114019491647827
0.15228270432952476
0.11027015149537146
0.11825134680167135
0.17192257763326524
0.1218997875315329
0.05344946564605451
0.06647686556013621
0.14096531537550683
0.11670220566690817
0.14573414631086692
0.10623042033435323
0.12338409698593655
0.10573441001212566
0.10900792296276285
0.07307586516181694
0.12851997671988596
0.08777058529208961
0.12499184978350458
0.08490174068173835
0.10915571759484877
0.08676438246352888
0.09010715023040479
0.09842537995040286
0.14250405486167714
0.09498509714890195
0.14878117441351107
0.10510767201142623
0.05148826554834812
0.09830082006386162
0.07076023348526439
0.1268907011567799
0.05925951974270787
0.07374307835512686
0.07817095774438487
0.09348411756967681
0.1478818017949352
0.1405308634356729
0.12727959986004747
0.10797536886714072
0.10482874597979544
0.10253703776801223
0.09958040174902896
0.11082065128514476
0.04452882773633062
0.0669023964314508
0.1062633920299978
0.1149977709652436
0.10478352471835735
0.022483439137340938
0.09046670564486985
0.14576931447679056
0.10344314293988326
0.10858595860809181
0.10864980386960359
0.11246249690028805
0.0694269878628889
0.10690546872126303
0.12660627401905897
0.1167098080183418
0.15563706561155657
0.06026144369508757
0.1225369781637259
0.15577818367091972
0.09959255540398715
0.09685346754022736
0.03487312412275502
0.044651893594424036
0.10879260557898182
0.14715895118668604
0.11068883649776057
0.08147524222937519
0.14922016473587096
0.09771573826623552
0.10061700629058495
0.05433912170922074
0.08543385831579496
0.08327044538511201
0.1639931480553071
0.0913087566007974
0.07931011809381498
0.13491100312208737
0.13707155194961973
0.07322025760203876
0.09338447121215822
0.0597017203741391
0.11511882572588573
0.21445150981822025
0.08235999422567161
0.1178506572520451
0.0722975445899067
0.09674466152156394
0.16223746833539038
0.10537066110078532
0.06804976023746104
0.1313168167097359
0.1559751683427576
0.12579212192096495
0.12465954482573911
0.12080402903522591
0.09272582594314448
0.11201376135991807
0.0990147273824855
0.12573384437056312
0.1474563145830208
0.09402170658322764
0.0570169424022497
0.12997234507712963
0.11777208406104872
0.1080163508497276
0.12030373103413011
0.14907215714293748
0.0857267246969961
0.09898804337772167
0.07586123861515283
0.0717674399320199
0.05323392579985497
0.06958051917507069
0.06553495852073306
0.13247902292759972
0.09627423314856119
0.08651289805066814
0.05902421323040594
0.03582996150723594
0.11729098117196736
0.1384174245203369
0.07455689637557641
0.12755812066876648
0.0867725125716667
0.07851152222871391
0.07049060965393775
0.12739186851822754
0.1076411761939513
0.10475063121642977
0.04621587641876853
0.105774200206207
0.14268118192506377
0.12387030218504264
0.04289494174763027
0.050754792737556634
0.12696532793624857
0.07036099228975704
0.07380642362192792
0.13833235500989904
0.07709060975487039
0.12551834367927686
0.10603425753779341
0.11502916016984183
0.14347371010589804
0.05765130332604019
0.0616470750832227
0.11022223282324183
0.09863563668736933
0.12517230303082294
0.1384114075263579
0.11150282487821139
0.10184461434013552
0.12428685624389009
0.12732455281878374
0.14324981369127798
0.1351534354508145
0.06812599823283828
0.11471834127262283
0.04948664812831488
0.12481243088635215
0.09138491104676458
0.06932720515763344
0.0530422621570239
0.07982182118031583
0.13033845572847652
0.12015791298795975
0.0780918344250599
0.10572588896520148
0.1243287122995661
0.13025458135457219
0.14407056418470296
0.09830814491766926
0.08933679235111364
0.10858518256435135
0.13614248347431512
0.1355375091094904
0.1381219628262252
0.05914352081724347
0.15723001633025852
0.08274690635212242
0.07124762005951882
0.08416748729106797
0.08475868214084624
0.07706484678845055
0.1316671287945549
0.17656747603545236
0.15733728832763666
0.12670799640644662
0.11096887291840454
0.11278037845062666
0.11725875818071017
0.08024197412514544
0.0990025648355099
0.09473361844268528
0.1220528517825158
0.10161654196142146
0.09274826917143086
0.12925919395744093
0.0861899904065358
0.0739601455438315
0.10172227716264848
0.04850170200443422
0.03928701525972555
0.09524083367383235
0.10942257993945861
0.05117489106564345
0.08536265722456138
0.132816585982918
0.05792056375178466
0.05995757121005602
0.09184116666732106
0.0883093659290069
0.13103053436185844
0.14806539791540074
0.10337870012141373
0.08840529875031877
0.10974558348839028
0.08125430917671674
0.015017274143418066
0.10639817267901144
0.060045511273761155
0.1423995561626348
0.14847566702341675
0.11084412326667963
0.078498468104286
0.12707157656667104
0.13569549052754395
0.09844511846255345
0.10541531187167699
0.10320737448242208
0.060872608480884126
0.08977748138582903
0.06305867254688871
0.12276952892828807
0.07364463464245825
0.17412217996634893
0.11688570992216119
0.10397813478186196
0.0771891434133174
0.08389760176458022
0.0807851623443232
0.10257930452978388
0.09538207223344447
0.10803698264287682
0.1058378805311327
0.11493465669543436
0.08772874524102828
0.06921572862970456
0.09295918693883674
0.06968610117681165
0.07511807513813246
0.07953581175765503
0.10584713804079791
0.08962611404480546
0.09132024140733574
0.08089633635456442
0.11507406737779433
0.09960016679080226
0.058797567245060925
0.05452882607393142
0.1359228068009315
0.11347762588468918
0.08347239329415175
0.04198996593203725
0.11630848139641488
0.09031337742972095
0.10609065913782409
0.13948339834348064
0.09027457303668512
0.04036053995283567
0.13591836896687792
0.054920646121689176
0.10587410143042764
0.15624876555036443
0.048073307010190074
0.0720733389492947
0.1048441405464546
0.09508998247276493
0.05049441607507197
0.11113398257816332
0.0770976866764794
0.07048116845088459
0.12641289957074772
0.04642534311181767
0.1541106804692212
0.10938115237226294
0.09484568657015997
0.14275709837077658
0.04949490253298671
0.13830627487282776
0.09437817815670838
0.12017004765340322
0.13118873297637904
0.09762154669047271
0.0972087470393533
0.09565985738129718
0.128741797243174
0.14181522153165596
0.09869531183014245
0.06715049745637633
0.1729932764271389
0.12112170344521561
0.13023636102113034
0.10084557175484973
0.07892746085779498
0.11876057208370115
0.03576431886522387
0.09832910892584673
0.11246421957412156
0.1299020894455337
0.10069995099241018
0.1133473349547392
0.09926369532359239
0.11726498077820653
0.12111059465312764
0.07406341936112411
0.15240051519978381
0.13231474774221616
0.051384686490400955
0.1403097616999447
0.1384362219615532
0.11141877806321072
0.12461482062672866
0.09702200933110337
0.14833244714460908
0.1286619779952157
0.11840057285463372
0.11519148229230201
0.08594132309401106
0.13845982980394045
0.144078738830111
0.1051055305424251
0.07385456168995926
0.10168055066787934
0.08428519931400305
0.09132609429847494
0.048493132537546106
0.13233350453963963
0.05626971406202048
0.05070684308107114
0.101397892708734
0.1428499755981147
0.0496394425768937
0.09361543703793847
0.12238434078611522
0.10845321241275724
0.1346350315222894
0.10587077635700556
0.07813542534593365
0.07048434914660308
0.03479708414860626
0.09594964360503917
0.11500183066874635
0.09115857277142352
0.07751017160237486
0.11408668238979465
0.1448055432970006
0.10583057963013848
0.11158116356202034
0.1545662979053635
0.1169716033281975
0.10700691139209619
0.09544809036435811
0.0914904348344031
0.08488781834248288
0.12856219412025413
0.10361456812719316
0.10159779501035529
0.11204976532141268
0.1253529128640376
0.06881829040011195
0.11817642954107797
0.011005174499278347
0.019528548377334212
0.10656317419088103
0.10546609270580659
0.13391243122848304
0.13151701778682395
0.04791740932927431
0.08911348431914753
0.131178777639986
0.08912944289983846
0.14039199928023538
0.06507773413697163
0.12387944914952115
0.08413483688247375
0.08149646095804843
0.12211655223678819
0.11007024822740082
0.06941234947105025
0.024251430420828154
0.10991897818334603
0.13395848213776745
0.03502915679377519
0.08184274608574114
0.12024141567620214
0.10811574669909865
0.0896918123963718
0.11520878404682175
0.045923286131936344
0.1224143508795348
0.11696904863953012
0.10038518882099184
0.08418934224405372
0.07606121208588745
0.11432756711827731
0.13568197460201692
0.12170447604500384
0.11142246819218302
0.09526256862438004
0.09007936064399474
0.11893625943964634
0.1080456109627923
0.07304065994228565
0.10973128244130191
0.06798886084460916
0.09140835046547502
0.13348859763758741
0.09632304138242342
0.16984148299780347
0.09281751138427541
0.07840829959727312
0.1208352000682148
0.08433461237666506
0.08871525340975023
0.10264802496255968
0.11982293799122687
0.06200108969439809
0.14360887564132072
0.13643891059250335
0.08318599759829638
0.11707891924421449
0.15796017218951416
0.1309106338001113
0.06919884316824021
0.05887411257280861
0.09202531536230449
0.0772413765291378
0.11378711168512395
0.05091987684133998
0.14078393456471078
0.10258240605903042
0.12248019823043822
0.07249089178485284
0.1078444180153603
0.18521155001822087
0.11048021131953274
0.09302955726131444
0.04895671483223469
0.0870541758678752
0.08160330286578638
0.14421316772913545
0.12875327921517482
0.13657346075233018
0.0980111104700324
0.13306420492546894
0.12458526168673781
0.08093707621099906
0.07822177784975481
0.08804258154799206
0.08995408880306191
0.13081341088237383
0.12414793130151501
0.1153073793506495
0.10224502091598016
0.12405554039997732
0.039077287595733014
0.08321239879538034
0.1380444148106397
0.0566881949095879
0.12580497707984675
0.10070761409540008
0.13112056122784554
0.07540610035892241
0.044371965242059136
0.0798639894693925
0.08756130797037519
0.03870666430558876
0.11185514468299448
0.058498451309007785
0.08296578378186598
0.10892938003492188
0.04124930252604481
0.07193144730080249
0.13167693455656665
0.06615500910066396
0.10432539041079027
0.12487374425885985
0.10211939820365272
0.04237634448246395
0.08757114884676528
0.11301668530183673
0.09158748620806714
0.11365867630685081
0.12945553789806305
0.07963424298233264
0.13457856598986748
0.10412988119638913
0.049698209331213536
0.09555830608962479
0.05554036265001157
0.07212225760385119
0.0807241497478643
0.0511678360445359
0.10059946175839911
0.10427166147969404
0.12412671781876279
0.03785550889729938
0.12380446881471599
0.07676342704195302
0.11389955049683315
0.0939229130539832
0.10521953988370158
0.09599821719509026
0.09411137050859453
0.13259801095290588
0.061676532374971324
0.10556833038172712
0.07117799897448793
0.09049741270140349
0.0959275706137507
0.0670748730926124
0.09218328273415007
0.12516046102767805
0.09499946934626297
0.05364903587836678
0.11090637756785308
0.07640608631160828
0.11953132590502136
0.12558468416219798
0.10537742597924825
0.14951930980847253
0.11110174333445708
0.12367555054622635
0.11862032814101321
0.11453447852453298
0.1552731998191246
0.09495199617145428
0.09621764532472185
0.10132406395558284
0.07190661193880506
0.031476641827330704
0.11256959702221482
0.09203416330833838
0.0712438224486838
0.07771489428997772
0.09371151034092169
0.1187147852486527
0.10192444461620037
0.02964044751200398
0.1255654147228473
0.11299052724091595
0.11693906352232394
0.10761323862098608
0.09160513099251956
0.09527249731053439
0.11724589892622345
0.1570021643519925
0.13797412354239066
0.09071963418792081
0.14588804454062299
0.08754027152408046
0.09228617112524039
0.10410449756750893
0.10778694138536415
0.09953168619468203
0.09891498052339562
0.0036144479707992255
0.028149483885564125
0.08425995403161764
0.16988697227320118
0.10658176524923227
0.09485774142297997
0.1305723822626945
0.12779430633269467
0.08187585199348653
0.08501745456377807
0.062468561781284675
0.08166073897408209
0.05739642647035895
0.12285385625867888
0.07322651574310006
0.1372567723476428
0.11827467577937834
0.09981807947807882
0.10595980563435901
0.1443308606897096
0.09794327195772676
0.14743406250637076
0.1555167533224347
0.1260856405759777
0.2102278351438403
0.07031610667364507
0.10679324474824137
0.1078001237494014
0.091541327896052
0.0791160517103829
0.11484889152468893
0.10683915582932477
0.04470036520052901
0.05484855777538759
0.11394182711365491
0.14967287042475197
0.06438865948159872
0.12292953300201767
0.10384862061385713
0.1140962081245552
0.06253055264255081
0.056209727815578064
0.07831927357738958
0.06478849189745665
0.07553184859280426
0.09626286046710655
0.08955931979996702
0.09195241056306214
0.14461891501667562
0.14627578736307673
0.13283383529194268
0.13536810444913056
0.08407632737074688
0.13891007003509218
0.09883215487889073
0.03795606528781836
0.092054091583804
0.12019776038116571
0.04590441025029448
0.12303836136279585
0.08756589808426121
0.07507351413724447
0.11867497450519206
0.15492932267838022
0.14096524822463213
0.12464247578660168
0.08677647742050988
0.05360810897910394
0.13994241250222816
0.09512199872243357
0.11728029445957491
0.09616996990068839
0.07324158977215778
0.08236006577898193
0.10058783914817164
0.12143273487385559
0.10380558002852022
0.07170973491882292
0.08387996259954053
0.10142304579241608
0.061350982976979426
0.09797747027764128
0.07546225721068016
0.11871631638789959
0.10025369388369527
0.05098169571187345
0.06050099926947088
0.10821194409251175
0.1331859029026546
0.12989557121680342
0.08077838962547187
0.0902391629866425
0.11729988884526911
0.11893504262879671
0.07208149201633927
0.12643606057922188
0.1051032466050422
0.13496223403800514
0.14411473723831084
0.0678565685574021
0.10216973051628582
0.14786997838941135
0.0997305327613893
0.12269751834071957
0.17808806036931846
0.09924525701487674
0.0999927151099738
0.08235318727057361
0.11441864231501779
0.09447071771840046
0.11797023491791037
0.08666533723681935
0.04729860975429794
0.10423374975397301
0.051333509097241464
0.1289834449077163
0.14074239780024472
0.08887021462376644
0.09642558307136909
0.09837820811153808
0.11964131207595582
0.10930642736387597
0.14517909270212614
0.11107337321715115
0.15032547760418846
0.08218752392202427
0.12089428687039792
0.07085254100891296
0.07028719319816383
0.10190000743988918
0.08777515901693272
0.14443901898037767
0.08403336329853328
0.1190392534954346
0.17164848347160094
0.11535629720550605
0.14443954221533975
0.03743303267721387
0.1213357748303377
0.14649506619427835
0.0840638648267974
0.13657285128275634
0.09103724616048882
0.14894922459698284
0.03537006080143991
0.14455262590004506
0.10589982495127871
0.1405878108681035
0.07784940936913504
0.10119806113317717
0.08684943622994747
0.060004894635841674
0.10087007962469104
0.1381008024705687
0.043053422979697414
0.08155797948601828
0.08085606523578759
0.11246647968463663
0.13370912411347943
0.07977302601710949
0.10908754930079693
0.07219171590365045
0.13087805630094418
0.14882628067320874
0.062205884003923045
0.15439803429043733
0.07099538963345856
0.09356991070780826
0.07127440526039192
0.07863527720565537
0.1342634425341932
0.07684113448846537
0.07021299932946301
0.10129574613699927
0.13535042472445447
0.04574372649707162
0.056313120906713275
0.08972823376215883
0.12022546809010651
0.10939260784831421
0.11177094042912995
0.11248311762388728
0.07161837367763434
0.0866236753454746
0.10217260962285965
0.07500193774723127
0.09935402436249319
0.10535491796941611
0.150161156148481
0.11077052454967275
0.10161419268922925
0.0998192629702355
0.08967705880996897
0.0661982123985498
0.07895735232175738
0.045585133340746174
0.1220412794381918
0.07024961885188957
0.029810210907442222
0.12030468923775946
0.11017068747020994
0.10951516993323322
0.19881749142718394
0.13288711425071956
0.12259712035669604
0.08801020726279658
0.08596834970306036
0.10710780765175283
0.11654653859044975
0.13319756935063623
0.1139861935399454
0.07690827805434129
0.09072707331894873
0.06832326757375509
0.08432526191035365
0.15308854048818327
0.07370000471161124
0.11490967896963306
0.12725699030572976
0.06675606584617602
0.06836545715598213
0.07337924562977961
0.08433373615500238
0.09496821129889775
0.08156681646388243
0.051495975448006305
0.09790319911841174
0.1075813977013684
0.0888316958890519
0.09884039331833232
0.061979341847534765
0.15637805302539143
0.08755669214894594
0.02026340151609339
0.0983769135199147
0.04400464620788524
0.10252076701305383
0.11934948645063664
0.11475333568465175
0.1128675194527278
0.12039217620631994
0.13520785469047167
0.07280129390605251
0.1164862597612001
0.0824841898975681
0.15626017592137584
0.07571122270343622
0.0955570889141092
0.11245347564900676
0.06166386724753895
0.086965010869735
0.10286504890102821
0.09424557108124818
0.08623641803181471
0.03300743804373715
0.15499858063135424
0.0859692463677643
0.09222070774577885
0.0874500231511919
0.11056544599758125
0.1545042088474398
0.11980687647338797
0.06429552797839555
0.08374440281185835
0.1276878806110394
0.016651426861820195
0.04165589089836728
0.13394526982529645
0.056846352677369115
0.08692884752759823
0.07828567730359494
0.10643625448840084
0.12006814085517034
0.09087184442562786
0.113757155633456
0.10306535781301364
0.10682616930535134
0.08760536883790317
0.14808352793426352
0.07333477716989964
0.06157622077264001
0.12143693510206788
0.10052417582611842
0.0791349525255133
0.11693736573109753
0.07003906541414072
0.08829017553320598
0.1168143736493599
0.10664479965628319
0.12208114445214974
0.1265990257628836
0.08676640374796732
0.09606545733635204
0.09439951032440744
0.13402682265294918
0.14333378563601726
0.06555114681131376
0.08954178887935249
0.05527688983049885
0.14331780889882104
0.09297165398122449
0.13627555831220423
0.07150142853468663
0.06241570565725786
0.11834309317933145
0.13507626058089686
0.06817804669336924
0.08607479948248446
0.0784518956733402
0.07273905282740087
0.06384514836228983
0.10220248711318272
0.12436302520578833
0.09540684964535531
0.14336342556951637
0.14884011516833917
0.07679403799719867
0.08284208230654183
0.11834012611036618
0.11236065794756842
0.12887657722777834
0.0981780160089821
0.10868408939128066
0.11171414578310485
0.07056321576527182
0.07535474876929871
0.03477918114141569
0.12363759402222693
0.14913669946264663
0.0545703753376639
0.059799706623395406
0.13970568692873578
0.03030500405014866
0.09830974780089693
0.09438956813675081
0.09991798204572618
0.1190899537478426
0.07188395172383243
0.10747015386312213
0.1574341634049567
0.0818699466871141
0.14100919552612212
0.10725631639745607
0.10746846048853961
0.06439363008438816
0.1161756491298204
0.09344949887671725
0.14730620508969916
0.10938347412115235
0.047080061682447494
0.047930222274372485
0.13343128859333392
0.08641306229028345
0.1581284129522121
0.06824779113241089
0.09057175838654055
0.1604264687134441
0.11567042380041136
0.053116952597835616
0.09232715212518809
0.1044956226574502
0.10723023948932746
0.06961929700114936
0.11464445717892996
0.13047225396132828
0.09684115379798049
0.13900233334095205
0.15066888561312666
0.0955276731464859
0.07581464164904861
0.09684991695626881
0.10424106352165975
0.12519268808421247
0.15473169610645604
0.13568570867829693
0.11903191783692953
0.10745084966076032
0.10861027242148025
0.08390742311613496
0.10833192845527549
0.10320985543967394
0.0951453532012005
0.020310348510852907
0.13896777621534878
0.1522421025589331
0.09115357515494381
0.09783462270639189
0.07632215800954603
0.05576144071947091
0.11627250150443855
0.1088317315664487
0.07424895037105655
0.10571079614747504
0.12151270853394658
0.12031840997382376
0.0928524730176118
0.10092522212978852
0.10665120383471806
0.13062342734362659
0.08366747289772093
0.11895780029305465
0.055922942817989596
0.05318457645045649
0.06863194793300724
0.10593898470357203
0.10059609016172172
0.09699681706225999
0.10258515891649055
0.09962710970999436
0.08982452083950457
0.07407192179611317
0.10495053131179101
0.12818385617011585
0.07695270131316523
0.1278762948777134
0.11068668162348956
0.11737471050197905
0.10709564261435574
0.10407068680600087
0.10520771179867766
0.07044044203659204
0.09797017585702869
0.09719646906594741
0.09293658035721632
0.06764197318411408
0.08180255293351836
0.1252021601469512
0.13249685816783086
0.10462993280272098
0.0858385667098801
0.08540837764018581
0.10418587113958368
0.046588616950676884
0.12581008170621316
0.12494433984680088
0.11441991289820494
0.08771277327822483
0.07982638274966344
0.07268203225525238
0.09127682398594279
0.09742364049330911
0.06585862592869882
0.10023327212501584
0.11478378846184603
0.10204438529787538
0.07182046804675894
0.17306322938492105
0.11743452612648814
0.1830601018094447
0.13345340077297901
0.09507694795182922
0.11756077565312403
0.11554517594919672
0.009248925084584733
0.06269436610303145
0.10718744901190178
0.0778973734756202
0.10137617171384769
0.11611339087126256
0.06310579482355444
0.0986764458579865
0.10046527145913273
0.11943600194924596
0.12911820147253922
0.049859835379344436
0.07452024515494013
0.15028123043566552
0.09651492007033163
0.08367653644289265
0.02958568743745818
0.11476651268451786
0.10303295499365835
0.10822352281806387
0.08371533168984607
0.11634943804265735
0.07416621138165662
0.12028813098087127
0.08365365333856317
0.08950566054025211
0.13288290567023558
0.1126657147841381
0.09458105245205102
0.10168974829714093
0.0701843267937467
0.10103991468072887
0.13975277834656816
0.07296217152409554
0.12858752682332386
0.1374771201332745
0.15477973994014527
0.06727013518348582
0.09975046212724624
0.09475749849943893
0.0714835291261558
0.07324005870223706
0.09270077975031094
0.033268756306305325
0.046406306232183225
0.08597860354056581
0.12538597557954467
0.09232809392876479
0.05670160980210429
0.0831253005407052
0.07108125249302401
0.07659256854192309
0.1574898470513469
0.15643277378988502
0.07941479506704349
0.05020243873198065
0.10083278718805706
0.05999935847388463
0.08733880047191582
0.14577456938572458
0.032246867197383094
0.1216081927685594
0.1633224245568336
0.06215284196677362
0.09567096440332612
0.06897775502011773
0.12190837417341249
0.07384429756492414
0.1476164400959717
0.11321388857079434
0.0789563433741148
0.10306638316424639
0.04868125747353767
0.05855301470719203
0.15511179938161504
0.14823154645930942
0.09189482577435719
0.09388406007195818
0.1223344028285567
0.023950348284432474
0.0890280971678265
0.10364150640654013
0.09653962228096047
0.09069872384835662
0.1282681737820922
0.11814041594648499
0.11270381734422015
0.08931923602650713
0.07321237305836739
0.05216875777167731
0.09202005762936036
0.13518006163528892
0.06303471821330098
0.10479789196651833
0.1056315601241353
0.11555322858100853
0.10362416196974032
0.056584371940683074
0.12991570292544807
0.05063437153405743
0.12150708990742554
0.16259118057312766
0.07627530038596445
0.15417883312788294
0.1263628391277819
0.12377184693611967
0.15546853145140083
0.12359690660623252
0.09807041479574058
0.09656418227016801
0.128167514654541
0.07238511014411192
0.08004455484313511
0.07333309339770924
0.15366881081228706
0.10207763335993456
0.13918529959103887
0.07107041711626788
0.05567363103136968
0.12096415879335493
0.11569609561019961
0.1287440980656552
0.10051555215791626
0.09487300552191051
0.1327493879487171
0.0672701016474123
0.12695654965800032
0.11647983628914217
0.11947793589370102
0.13730510213088068
0.1000939508230811
0.10396103869914709
0.12099337177267072
0.12267698705878738
0.11448150831103525
0.12949479837941175
0.09809690947503899
0.07232166381535884
0.08734989901979735
0.05132287003919349
0.14044719116212293
0.1768765178201765
0.02605093244814423
0.11453573671763916
0.13337213981438453
0.14662531887430327
0.10282190893430068
0.10615774797978152
0.10529825935426294
0.03888890050810452
0.13163746762515077
0.11133637759666662
0.10779846247753948
0.10310074719034817
0.12033955954705446
0.11021583132992427
0.09102023564556576
0.1176166895807157
0.14553221331886076
0.09440936112965881
0.11007971957155126
0.10717787204667377
0.1005658868420849
0.08794002775252328
0.09656712371419261
0.1085149903917974
0.13219089127504377
0.11434431958758205
0.09665096501739583
0.07448185940649418
0.11837869184734506
0.11441962427037898
0.07904090299059469
0.12116342059108567
0.11498343874059652
0.1391186891332109
0.0795979892342085
0.08727980664500865
0.09016771766289555
0.06012990095126174
0.13567072659591084
0.1272234417564305
0.14567190775826977
0.09280608448184509
0.10261735456211157
0.09525469959911448
0.12491380539273682
0.09327206730410235
0.09231396827544755
0.11475743342445686
0.09005306165305636
0.1192910666555008
0.08538587549192855
0.0908881531531701
0.023659746991530728
0.07443370385016887
0.092862249490792
0.09159441402709378
0.10681865061874153
0.10432593354591144
0.12448085184448174
0.06609557438003842
0.11094458682364818
0.12993590487506856
0.07331455391397855
0.13501389739173353
0.10001368403337355
0.11464942077729398
0.08163282554884523
0.14194955902550105
0.11832903169789773
0.09403708371338791
0.12120813225092791
0.08559214487633669
0.14837747083937058
0.06790418723112093
0.10566867711064548
0.09372502537217546
0.10940942968619734
0.14432207303454742
0.08504795994945637
0.05483429507556324
0.08555869920545212
0.08384648309700826
0.1154356251145239
0.1638386503554522
0.11027812299502888
0.07348159392358301
0.12295476554005477
0.09712945041026515
0.09503601553896336
0.053642828333724954
0.12412677609440335
0.05904113886854101
0.09609893308345564
0.10793213579953742
0.10676441168395027
0.11808713328683912
0.0888943127160047
0.07781421395143828
0.04944286680091592
0.12362916702906067
0.07969100847730021
0.11522962675898835
0.07681084420876744
0.10516128887363163
0.08116647114887479
0.12543384151603681
0.0824313419840757
0.10009526286970404
0.13880757013614056
0.16347813017456747
0.024098400688015054
0.12471602911126677
0.13187220307123002
0.08103909522741665
0.10519396535247524
0.12764363586774202
0.08578447788465557
0.054875049818790544
0.09073175769408136
0.06345511031261059
0.10988638433515065
0.03699303236588146
0.09244836909992642
0.12062713420222726
0.12827550320714756
0.09363571913626542
0.09053241827128954
0.09257885871408415
0.09793356947021747
0.12054763614864755
0.11195992870564495
0.13631087213517723
0.11471211635208785
0.15094507525056744
0.09805654577194878
0.04484983027154791
0.14590304512584718
0.1210947166836202
0.12290434173358561
0.08742171708414198
0.17290962922699665
0.16813383882275598
0.10048128288068828
0.09483899832036449
0.041365782197314106
0.1204543847043885
0.10355460720791111
0.06719111091037247
0.05958810928242131
0.13262039481388554
0.1700489109348292
0.08006416739505451
0.12249331172873555
0.10353514405824467
0.12009938570457913
0.0905133736788922
0.08047060173759338
0.11078357223156843
0.10553205939328386
0.16197149502787886
0.0995518138108661
0.0756201811492231
0.055148711628418376
0.09646197008675912
0.09188237890938608
0.15114538280348833
0.10481128628629888
0.14650386737009224
0.08800126375345298
0.07011960260830759
0.1117862597352515
0.06672061825944459
0.05071023689990068
0.18630250795815761
0.08861801717271042
0.1344725792960641
0.10059286091289363
0.12781909485542384
0.14152959436000212
0.06706401456046787
0.11817945009910424
0.03923403821011374
0.16630469853435711
0.07475702906412318
0.06358441193618616
0.1399201019106093
0.12623033963107755
0.12050648409729735
0.09882796741375348
0.04685977870562153
0.10553261189045046
0.054217086565357786
0.16729467608502857
0.0816999821627416
0.1371301376197303
0.1445202825095288
0.04825727326425521
0.10233155036252282
0.11020171850606894
0.09365857239080738
0.09367093216760089
0.08603332159715872
0.10245759498531845
0.09629380979190631
0.07282325214858394
0.0770345684278009
0.11240688485697942
0.09189738159991567
0.08597723927608304
0.08435426994164763
0.073815563548347
0.07743939373076092
0.12779613278788404
0.08449034471636443
0.11317735511946986
0.1118291450686905
0.06480350895063892
0.10695097830173726
0.11888381212078863
0.10327470959259133
0.11776801182797275
0.11780262528750807
0.06786615654601033
0.08199540964727964
0.11229283900046313
0.07830108861401738
0.0471849113734838
0.12390659215293143
0.12997216958344493
0.03545273846010584
0.09347824870347539
0.08241976237676718
0.15165201803732026
0.08744432368943225
0.07124146837792701
0.07982788188366464
0.10210349923374581
0.13293921289044763
0.07866457052321693
0.14660839366732914
0.033560358163598925
0.08043743215199065
0.08155150534615377
0.11657433787173745
0.09702365708717542
0.15949262047608875
0.1207175651250519
0.09660225290650681
0.12258725255732712
0.12127723274711122
0.1203405861811414
0.10728522371014418
0.04396764623802616
0.11688457291217572
0.12224041802713437
0.13219584972591064
0.11126950025551667
0.12012779448545126
0.10156108121520098
0.08898214086679126
0.15004469272146886
0.08015733619115323
0.07702984073860969
0.08193105518766411
0.1035334695064703
0.04156965934484538
0.10858510644578259
0.05884385605046948
0.05667144707395871
0.1715229144884855
0.050220263831059986
0.1272113506246731
0.13981958892486798
0.023261985174929112
0.15087116519404392
0.09820139023420012
0.17297987629353795
0.09382670198656687
0.09812430588198065
0.11561271186506744
0.14936575861729076
0.10979655767836902
0.07116842793449482
0.060913071926356914
0.1257115578934711
0.10279580192080336
0.052944059573225496
0.07729221087362895
0.08536425293295993
0.10426557229441523
0.09444693058373287
0.13831836728547592
0.10014020886158408
0.1116765406408997
0.08214823138367269
0.1363562510607099
0.10991547144672847
0.11293132716255541
0.0756768832272166
0.10524491235420966
0.057474360864318
0.08442048011500358
0.06071250350840207
0.06935801264856664
0.10604383603623896
0.07102379066508901
0.09971533907509818
0.10632360667395466
0.10268889343854244
0.07112671115031105
0.08190527718395274
0.10973195926258818
0.11760680435934712
0.12492164948361267
0.12007689951832543
0.11757495321236332
0.08089163485165629
0.1201111340017198
0.09158288682551599
0.08345696049084095
0.018297311955692036
0.06558045388497216
0.055277512810708467
0.12043256236053548
0.12960521373674114
0.13086218507814273
0.14409417757761797
0.1356585451669368
0.08942796908145254
0.1405700363493591
0.10523186793960308
0.14093395881090695
0.05917140189500389
0.07469210284772122
0.09793696399960454
0.0715215319320244
0.12068873250797832
0.14768310911841975
0.07576586029845546
0.12389177928518927
0.07244681935435401
0.07789716979269402
0.11813684376932199
0.1125992786693444
0.040441182006156484
0.14717783325243244
0.07703533578738518
0.08549155165450828
0.10091659808825627
0.09546882529799663
0.04790294356922567
0.10590645236905513
0.15207309656418072
0.07908355241733298
0.09372265063356855
0.07932241234109258
0.09966369347269526
0.17197642641375263
0.11543524483964186
0.1525369196933175
0.09385696495203906
0.1069484794186838
0.09839645864447925
0.09233897488628752
0.0976563007269111
0.12220653150606181
0.0845698279602707
0.11253846128406557
0.13209894842344944
0.19049500272580477
0.07502192697481874
0.09601538801888437
0.14867352229478298
0.12145272909796176
0.0834727440586697
0.06395828103975833
0.07703505340153997
0.1403001889884579
0.12684309619876766
0.13152816994563565
0.06850876294835649
0.13739670940830973
0.08321166072355682
0.13014080212886597
0.0950973109779837
