0.12853615779155125
0.08545492837724103
0.0226876412785645
0.08814278632746997
0.10151666221076641
0.10780632422843814
0.07668671880520378
0.10443688608797852
0.0887458782259112
0.1363543354289908
0.10783876713392937
0.10722528390391588
0.09897291121829578
0.15196909898601282
0.050760010309809055
0.16008278467121376
0.0856620668074368
0.09940529856326386
0.12991226002021347
0.05362239060304607
0.10415472215492344
0.05948293688831123
0.10291268553336265
0.09030671532788138
0.058998189662372524
0.13695667050239146
0.10885288716024659
0.09919318362650437
0.10404632692380417
0.14245588295811668
0.07457271496018013
0.13678633376667235
0.1045814232804751
0.12520426621045627
0.09136013394067703
0.09631717424326999
0.07636453734726806
0.0880479880627438
0.10564285270492861
0.07727228736802039
0.11619327165235346
0.09469991393763476
0.13613027790559437
0.15228639343988026
0.075571643104797
0.0855214056093935
0.1125143808893881
0.06509289584287135
0.07636468295835688
0.08603788731090549
0.10656593910078092
0.09770452080039005
0.09106477531501735
0.12953918839937123
0.12185205623192913
0.17916568934337201
0.07420953131746831
0.06637026589834875
0.0914765181564418
0.12108142464942337
0.10703895449380255
0.09823418657719471
0.09699395497219783
0.06332207269137133
0.13418769459292063
0.13703758045650738
0.09327304712062509
0.1341899460354696
0.11230725364530841
0.06846561841302082
0.08854982509115866
0.07698659347785525
0.07384017703751297
0.14359227873784705
0.1466704178272929
0.1636375423665979
0.14472586923476075
0.08259419529088743
0.07177080308013438
0.019970436519307452
0.05936752768671331
0.06422760388280097
0.145511497676357
0.10549473553066309
0.12271677312129725
0.07771713656606988
0.0954769929577124
0.04276385317896699
0.10125643378086395
0.15091096945012722
0.07320935262880511
0.05952473569244388
0.13078800345951624
0.08732558332282353
0.0965439121090888
0.1220563779014385
0.04569742321919578
0.10248990077304837
0.1139288191908162
0.08758664662128796
0.10489210522561951
0.11681469811884018
0.10065779971410503
0.07077234942914291
0.08784959320304965
0.09815732036083953
0.1373603757513034
0.10845633793107676
0.12145109146462212
0.08568953426628678
0.0772226472244208
0.08573418961458086
0.10299508008745274
0.09728774893873277
0.0760903441157951
0.0855145709431146
0.077866130225181
0.10625843305930396
0.125076598398397
0.1223834272341783
0.09530756557823285
0.09902723600914508
0.11063479587077657
0.10622013497274291
0.06245618858632861
0.1005299055813306
0.10371828551528878
0.06928768478712789
0.043720993829567185
0.0748915378172757
0.11416429479419207
0.019839481870522452
0.07174131470818576
0.12746021860339368
0.07889195215705422
0.10527292527840391
0.09132115544727135
0.10635408397651654
0.09681694829829336
0.0880293622368916
0.06929184060034153
0.13591406526297506
0.09300337095097058
0.16767977376475962
0.06622189356549285
0.14237280949661912
0.07933634900651186
0.12212027333701705
0.11734263250587244
0.11138500706533733
0.097891002018724
0.08181001513762073
0.07393952695987306
0.07513293455281765
0.09642542978092407
0.15441688824149657
0.08502026403365034
0.07341836431902896
0.07775364691545675
0.10492076857651275
0.09177022427136472
0.1141321017639619
0.1120443132560071
0.09946218890682836
0.06716329786944078
0.05481022735178404
0.10392515404973043
0.11814302578105687
0.09669138670956043
0.06481304872755694
0.10849742758121736
0.12314685889924822
0.09465322904627804
0.14430706214753414
0.11635239950761239
0.06852048184351027
0.11812562177364228
0.06509655445287224
0.12429459659220228
0.06444379116313098
0.08506867835760304
0.05214860107804591
0.0976355986514659
0.11297894244445357
0.14347086974830642
0.08870361237541691
0.09114710253000756
0.1148305926632612
0.12544229408085772
0.09200078726911394
0.12330133002438834
0.08823912440369225
0.10741059140377275
0.0840424633277571
0.12961541538289423
0.126830285997644
0.04793391520919547
0.0708286343815856
0.08656835190369859
0.14701332664885147
0.09977356627332508
0.09922841734385068
0.147633162956281
0.16600985478387428
0.08609782788906964
0.10565752047689787
0.1137974637468171
0.08931995748672275
0.053503517276887305
0.08038803571692454
0.0783357584203623
0.1252834267318311
0.08769752919758396
0.08884094041285368
0.09374070921237862
0.1201036531660294
0.04957616208872528
0.10634448182345818
0.09975646255189721
0.10318294598540441
0.09507009577499471
0.08783159445990216
0.06646776376377067
0.08145700510532783
0.1270846648003275
0.09503206266344257
0.08165364478464535
0.06596127844651042
0.09227382995654154
0.09604817131935625
0.09641598013856717
0.12762375107192414
0.17985277939992078
0.05934155937135509
0.13591793719937487
0.10513405771678856
0.13460420790226202
0.0879689183110498
0.06396426615649783
0.09986763715372336
0.13396148032555924
0.1168797031485937
0.12441091671756567
0.1110289246557654
0.1058533789405454
0.08107544298114924
0.08328667182697959
0.04099893642400283
0.07275146626244916
0.14446680107187865
0.08984364806991317
0.12267491434294459
0.12099884545710367
0.143244814281092
0.11364650358193712
0.06926374703502608
0.11870485928117762
0.09952795946016789
0.12252921427329644
0.08119529551096787
0.10154136447144754
0.07148287674799556
0.09744277229998938
0.09290893968374747
0.09967122186288009
0.0997024791371115
0.08700740736746708
0.08849461361677402
0.09218548957559386
0.04216648815783916
0.15342026086065907
0.06144941115330968
0.08927272903098683
0.10719855979769595
0.052576967200383976
0.08838282948982594
0.10202468009972182
0.08875462558493843
0.12345896498350427
0.10344261804974121
0.10946891642261955
0.11124081513943228
0.1495958198711322
0.07785948387682584
0.03138452805325648
0.1173793119630414
0.12517898772645086
0.09297408529433951
0.11347559123586204
0.11114874373234845
0.0859441252639767
0.10580889803784202
0.12230279615198424
0.14761513890540345
0.11307503646165942
0.14416868719128223
0.04255910379963755
0.11780512155331808
0.06853917388136144
0.10330143167450401
0.08609567873961906
0.10733372006261524
0.10422308876833643
0.08901476872076067
0.11368459717872047
0.057577784637760684
0.12381758762494574
0.06284456206563951
0.07586723573657447
0.06573275652215921
0.10917383777380667
0.10907137897380059
0.12859824186828722
0.10816084115918277
0.16841167379998656
0.09815081742436788
0.11294604054778491
0.1257186281611852
0.05880345758989419
0.10369434911280465
0.10946557962700786
0.07891611642679713
0.11867490275450561
0.1291703232673012
0.1353324976828771
0.07039433272092614
0.12963145977720944
0.06749276871000548
0.12558251403310824
0.11068849430004825
0.06490807252761402
0.162878246920021
0.1068749413573545
0.10137595221257636
0.07930572189356702
0.053435832033663325
0.10610047437845652
0.14498007417921696
0.10821593842771166
0.0815611823480062
0.06063310190066427
0.0532748756883686
0.09481409963662188
0.1166383607032653
0.12246835476733568
0.07237828000181569
0.0910160401602537
0.10754000922135351
0.07516970416451195
0.1410553923767603
0.19501176145539068
0.0741699696874099
0.130022726428406
0.12457130996065376
0.18063310717467618
0.1566248988377673
0.11548309192267593
0.059639607818802245
0.1147420384669148
0.011788958901536473
0.09693458233950701
0.10414656256298613
0.07571825751441799
0.115081135693331
0.10494041248083
0.08982320258796096
0.1092281972936738
0.15119537537254216
0.14306669291895097
0.10918914629618745
0.0975639376355349
0.09134845301657506
0.10550298904196821
0.0963747501399987
0.1612540865543963
0.10220008245740793
0.07911657146472882
0.11718255809447144
0.11621916453938223
0.04967025498351005
0.10800780404387661
0.07478647572826023
0.15088145960403074
0.12490297850026143
0.12089198067632728
0.14546811570001872
0.08619425152395671
0.08835504754743166
0.08775993738302945
0.07009317947230431
0.09996087570329552
0.16323047402596297
0.054529266015823606
0.1320141117133886
0.08649522846194427
0.08923807926917339
0.10341842630161292
0.12930881878595102
0.11287932672834287
0.11496531434555876
0.05722775961084821
0.058756921653502034
0.0868753525782285
0.12350221045579877
0.1328444958478968
0.06986646464379004
0.09463927075950225
0.08549185070340974
0.11167109302746935
0.08173169824215781
0.11712165041198168
0.12459056995410049
0.12599769162720822
0.1743057266099962
0.12488011985345743
0.1083086075126414
0.1294490430528073
0.07934449500964796
0.06698328203743886
0.11705586178678673
0.06532282620476307
0.1301413372808532
0.09174020854270332
0.1080844461702313
0.08509558300670568
0.05917424885548182
0.03362491399614603
0.09913264711713063
0.08452493698650872
0.13273203532168698
0.13063635465157392
0.06158342317505588
0.10313014709221209
0.12122934241349585
0.05754653382613805
0.09782387202160184
0.0790245852914393
0.13115591518538583
0.11814047726176993
0.02472045684602836
0.04813707284831358
0.09094313536430522
0.163621848926854
0.0659762699470342
0.08413681542129114
0.12688147717404474
0.1487271559022147
0.05730992239882218
0.12937584242238112
0.11120617535348686
0.13235998118660147
0.08294028744551948
0.14104167618704616
0.09949932619675687
0.10142626309444572
0.12247897098347417
0.10963944593350915
0.10694751963394003
0.10637885909831091
0.13279370493915413
0.09109437462899891
0.0973471618809002
0.0956900825879548
0.06893628326616544
0.11568242667611928
0.09065106993028504
0.13532984852037344
0.07654426343353055
0.11860205437355255
0.15603478672562196
0.14195132399233934
0.14302772700347618
0.09401871934936668
0.11752347430423692
0.08779004695131654
0.08632291285343197
0.12614445355773862
0.14448224926570197
0.1404774095086088
0.04388107829185135
0.134336231483858
0.1484628407907582
0.0964173670944013
0.1199180437189719
0.11214544775013874
0.14693868300845248
0.1365795305249666
0.08779630564456065
0.1599949798478368
0.04420957544502702
0.15559540876612332
0.10095876730767323
0.12021711164745047
0.030751434992136978
0.11222108458882062
0.11968798878597388
0.09289278797678624
0.16587168521066864
0.11573762433634574
0.09492405866394243
0.09495103083416578
0.10909999474859039
0.09981139139590772
0.10953915801686773
0.07591559464778871
0.034834486914759114
0.1263289634615004
0.13252545436075108
0.08078498925534361
0.09613384789708226
0.08550154661132117
0.07733686856797901
0.11349303863746717
0.047516129399507875
0.10702242877224646
0.06372489333426692
0.08272819371210632
0.13630704215961353
0.13904322308950406
0.12517428559330995
0.13187153271235577
0.1298421884551716
0.12397969996421776
0.06853883701889152
0.11104345820389121
0.027388018645587542
0.13944414045948839
0.07452102911830051
0.08322564959618191
0.08336471702841047
0.06764757686437789
0.11457686288239252
0.09988209002244922
0.12735007400099074
0.0879414683240596
0.07373852438282275
0.07681083562279409
0.08981277282258593
0.11517200848169871
0.07361197505530098
0.12674990363927083
0.07759439522773566
0.09477305790174052
0.09702531213658247
0.10967252696682075
0.10074651338146048
0.07640605532089376
0.0512890879751128
0.07521191345600518
0.1343867860119473
0.08632865525765512
0.10555450451725103
0.10684464269608773
0.09480575642114142
0.0697277156362118
0.10726938747913772
0.07240478913273296
0.07288437486513112
0.08106859837402708
0.12781912799842887
0.09814831624017317
0.08236637575525885
0.14196916833825043
0.09486539418375428
0.1207463745113237
0.06625690851801541
0.11615255978987413
0.1014191326538533
0.031008540718128835
0.04698234572965523
0.08952224165524109
0.04879522634006239
0.11066997386701173
0.057193429312860915
0.08632951167922835
0.11437523211264666
0.10611049550476884
0.07846110512105423
0.08527287277076082
0.15851089636773746
0.10789697402141003
0.06598357334057692
0.1088874459034727
0.06680340361954612
0.08081271515113149
0.1237654135688213
0.031238444007471444
0.11371313497779442
0.10711016859400382
0.055253700273669624
0.13795481544909852
0.0785039012784038
0.10679351660797363
0.08482747119957129
0.08615028076876383
0.08229844327966641
0.08718313694570975
0.14135456800437304
0.14697507561173734
0.055641412306190165
0.1013664142690019
0.1392124145709102
0.07413920535354174
0.0778594365721308
0.0645795000701005
0.08590058556785425
0.1595933751583331
0.09105277534302725
0.1297647751920662
0.0954029536741635
0.145028637625379
0.07432355738145395
0.08994581360350401
0.09155214249551469
0.10227858602649716
0.12760503064991535
0.0948361854840086
0.09242856592939223
0.05998822524248348
0.11926604753596068
0.056236467934359886
0.09845860605511052
0.08229616410693735
0.08820654375862388
0.08289662238346185
0.06023703474160608
0.056029809377599785
0.05445656012705032
0.11663752502955449
0.14854412032363118
0.0708498059097014
0.10602584228596265
0.026822160229928046
0.10464482376611417
0.11539506659969065
0.1097341636309072
0.08245269245257314
0.11513856904597922
0.09834540992616649
0.06916817708582541
0.14836443492717002
0.09740648235559854
0.12170612030169449
0.1110366575516554
0.1225261303788649
0.14735208092700228
0.12018552595013318
0.08256559888349546
0.07416836079313666
0.08935946681609702
0.08332065079984269
0.10953266875960241
0.10163152892172804
0.1256681872221825
0.08999750508525989
0.1453394483581295
0.12036602013964993
0.1353387312079266
0.07476064583872681
0.09178722503501811
0.11053670462764238
0.10130068402946085
0.060875781521207546
0.10605833973429828
0.11433558538978492
0.05461884231081819
0.10317913968277197
0.11602552161785029
0.11784011057098671
0.08415130111549096
0.08074188402205024
0.10150568168456911
0.11859440649495334
0.08981760360802848
0.06549740487373122
0.11304129184727894
0.10488374891518801
0.07280702463146567
0.16342498661368998
0.068686939655208
0.05548911013415533
0.12887376880740142
0.03971164723212026
0.08125335964707124
0.08067275235353491
0.09242162172541067
0.11447722699550905
0.08547788579533697
0.10825786831905869
0.08376854739587342
0.08494646600334219
0.14383451837938796
0.09721236012377675
0.16046230510498746
0.08850177596325873
0.0983889165376559
0.09408820363322373
0.09356178699446825
0.06156342402905488
0.07608593581118787
0.09688644740617806
0.1317462493494327
0.18472725500073095
0.05692041938004145
0.0820456853329524
0.12050507436748273
0.06866086108912528
0.10279716024811256
0.09808426268719515
0.07841115405012745
0.100507292707259
0.11736709953173403
0.14445058036324573
0.09889390305261966
0.05954545435222442
0.15028287204333557
0.08013569174904538
0.07643493775102293
0.1436840745987663
0.07144632283136633
0.14051099854338958
0.1417118948109919
0.12621080980794736
0.09955599842643093
0.1632888314911801
0.07270715799602394
0.09654550397976322
0.11928141871361617
0.033822873718724306
0.09336322563334973
0.02812836810382975
0.11089680727961485
0.12027882687762705
0.11012713029526389
0.07988521292113628
0.09825598310837885
0.11629357264584465
0.11321808155539052
0.10088179238910949
0.08966136255863494
0.08552019549823217
0.0995909983610712
0.060986237453225685
0.09375845883266276
0.10051326782682435
0.10302683553083643
0.06910158314893834
0.08993095680130267
0.10017504744254875
0.09164354132647293
0.11591379281504316
0.06440946916963494
0.11820872497470168
0.1129294351222219
0.11619546991431717
0.08422419432501425
0.1310099294338798
0.11913985661251973
0.08691064851315684
0.08719612846580786
0.08227781013246159
0.08334584654539577
0.14744924726818054
0.07426981812105884
0.10607556048549292
0.10265979353452069
0.10801500738831628
0.09433363875874867
0.10808442026472628
0.13823993361695808
0.1309469601134609
0.07871373290101435
0.08427108055219104
0.14862805780222704
0.13909575720651476
0.08270792718625938
0.08888470409084825
0.10462820127359351
0.11780050623071081
0.08762300153335406
0.0919629510002804
0.15300428607147656
0.1248811563428077
0.10901181022121187
0.06714520614687666
0.08841968844956258
0.07893786461398693
0.10307625296403967
0.08297641785391766
0.04293477049814229
0.14856235907915627
0.09739124707413074
0.09290890977388733
0.09031984942491417
0.11789466219009864
0.07925284565993337
0.08675248989653522
0.0774270646956818
0.11432334149678575
0.04712854549473094
0.081606133040968
0.11419266349995932
0.07340525641287712
0.12582585623746342
0.13230885818509985
0.06791583174930829
0.0741826439426581
0.14560978748928619
0.12295403491874225
0.1577070758900345
0.08751339460142955
0.09749404149378231
0.07757128957726579
0.09509858771666502
0.06291703845673499
0.0851867418297445
0.14556861380043415
0.06184236014223774
0.07263610293100711
0.13530276389885937
0.08631948575606854
0.09919448012208691
0.12808749375887282
0.09442272472332289
0.09813219544720696
0.04027239209245191
0.054949817459446715
0.1082908880346661
0.09618267430944494
0.09461013174895763
0.09561811822250323
0.15232805035000926
0.06363157219234322
0.11821858759133516
0.06444635780551022
0.08281449273449802
0.09223600276482921
0.10267553726762643
0.152956928763735
0.10480112569409476
0.10360360232198908
0.12345217619091764
0.10572454277666568
0.11085298077927881
0.1228961616510594
0.085446665923511
0.05313323021362519
0.10752636546184008
0.13040396662984838
0.09651014175629932
0.0894491779258587
0.1678507866107049
0.09676890816316712
0.11802531536565203
0.12497722450817281
0.056224849171594836
0.0783543202377725
0.0960811528813013
0.12790305990365997
0.0710122504065631
0.12827343224017287
0.06389166285278541
0.08364409130330391
0.07515084341048779
0.1190687686541766
0.12015071717923224
0.1505060349223685
0.13655890263490492
0.08758938511042998
0.07316863910770637
0.1521183398079201
0.04975281170426628
0.03820196083282698
0.050794982062699716
0.09477422307002568
0.11650313146603242
0.11074847238391711
0.12245656103486012
0.08082632088697117
0.09828406504818633
0.013064987634787348
0.07982054553530733
0.11478830859853398
0.12654403501891331
0.04023212131131518
0.10262546000056776
0.12212614107549094
0.09574085820699163
0.11840211873324662
0.07069932922278858
0.11327559901160482
0.16150255894747895
0.11019628302622862
0.0962264827099444
0.11502347384814893
0.09278854462867922
0.1037843257971997
0.10916747933985968
0.08112812403480912
0.06283696050148024
0.07964357513272746
0.13395309267487446
0.14855366812506565
0.11719839427123505
0.11676859381104257
0.06520896034733673
0.11700625672490775
0.08366320930742412
0.08326844376923183
0.11467887189813619
0.11505497695365272
0.08814039870563357
0.09613216195160189
0.1281198368863614
0.0838187998242734
0.0958400583356655
0.06920082596376378
0.18598680688653418
0.10205736032972022
0.12824749544909814
0.10734226437260484
0.08129287620604368
0.1277779003439527
0.10005492030152449
0.10491217361415256
0.12118594858972581
0.007993047063108355
0.12915395952962502
0.07582887159480911
0.08759174060134034
0.10553192906825501
0.12339295786238909
0.08372114561740725
0.13549647330438824
0.07665166260008667
0.12230990760485971
0.11380626069473349
0.08241764713534074
0.1125934808227792
0.08409502915262695
0.10566658098690249
0.12049465873621637
0.15475474481350388
0.12152167098787599
0.05725808178794695
0.09949839024851863
0.12205319873787711
0.12358570547053585
0.024903793789357476
0.12822426790406702
0.06655780107410755
0.11216013473820749
0.04616676806247228
0.15208074152393747
0.10545536521295831
0.1138777419757618
0.1333793731263205
0.0933317938808054
0.1251811270380562
0.03893889994274757
0.1600697976007368
0.037185249011544255
0.09608368180278962
0.05596684770209448
0.030389422253692552
0.08033221098828207
0.08585416677817491
0.10373918697883823
0.09915041694458246
0.09010495728917599
0.06909132871571583
0.023234898048107827
0.07322289106357799
0.08364153893553669
0.04543746787017149
0.06551446142256388
0.12565113624190513
0.0654240967478005
0.11718191152545479
0.051692698106875476
0.10908212445861529
0.10740270762953166
0.10765541130738134
0.15512946694530594
0.13243087382202917
0.07436627716306216
0.06224717876934391
0.1316215534687667
0.13160763710457218
0.13824490726432415
0.1237477004986996
0.045050411565309076
0.08662852310506373
0.05998344090002781
0.10674219289691107
0.07316271108905477
0.12224872079232615
0.09010069636573959
0.07777902449126717
0.1788581256170319
0.09763982258798733
0.10148752893955695
0.10497230874946319
0.06373295292797639
0.042968093845924316
0.11660243280618938
0.11385381181058454
0.05130512612292734
0.17553825056254416
0.06515394573386465
0.12405861305137439
0.07400730664041517
0.11480460385213391
0.03992526011878592
0.11166284351940638
0.11003938084536015
0.11742265251625922
0.12047882485071605
0.08146188922664264
0.07513735807690482
0.08472360262754867
0.12825870690997052
0.11165790237296826
0.06577592964842574
0.1227194442284212
0.04975154792253652
0.09015987352396196
0.1168244103100644
0.09662737286964058
0.13636794474642558
0.12041355827989775
0.13443523079543288
0.10549981276219061
0.11928644554673581
0.11460474765987452
0.12806695682362126
0.12012861379882718
0.11432936011598714
0.13027551888064018
0.11881185808292899
0.11552130873896826
0.0991923530962865
0.08760292666867651
0.07514123261633061
0.0896685859831916
0.06462504444600163
0.12077790300328717
0.08841407445797972
0.13029856868498627
0.10059059943003153
0.11598348385939847
0.08647149716445482
0.1078731058041351
0.13337632865043425
0.10667790935274751
0.10764514732818813
0.057519603747029524
0.1118279645992492
0.08941517538274843
0.06111817544564488
0.04641504366878517
0.12239801107242956
0.17499697411019804
0.08428237606272618
0.10306296601495578
0.07503280210920259
0.09737919432575681
0.09722833171113701
0.07004187351446342
0.1397557734832408
0.1045627077772599
0.09449313163188486
0.08803801524085281
0.07439680677437997
0.07958726822194323
0.10637995172221822
0.1104436304155681
0.1356260587038602
0.10738622195391131
0.07507484011606175
0.12171622703436473
0.06503546149102488
0.08185512264289471
0.12949977012017924
0.128016901238365
0.08865534935380101
0.09314923029611849
0.035740766275025496
0.10823422491849613
0.0916258386919412
0.07500205447542631
0.12314479634458415
0.08733718004537071
0.11418692532883645
0.16926002731360007
0.08243281445429441
0.12995976718158064
0.1547069922449323
0.12302807936599729
0.09667830819048248
0.1284629184691117
0.05460680111017621
0.13840079487907597
0.08716079372705453
0.09223866552470159
0.12618705328130772
0.07243798037135554
0.1680998870499496
0.11850514645141802
0.10019519258255175
0.12826552154588272
0.13360473614308266
0.09738721379684707
0.1545633924972335
0.06624766349363964
0.07461657918967912
0.10514283024330279
0.118544354017249
0.12310463985412923
0.04085382155765219
0.07392627314282776
0.084146574785607
0.10844044329723407
0.09686523864672757
0.12251210752398335
0.07563572823417634
0.09639117594550427
0.12528695791428254
0.11672653036969047
0.09419658449636426
0.10465047979968534
0.08234856240176586
0.17839196731413537
0.061973881139012234
0.08466891125167866
0.12776334054951446
0.09694689226933702
0.1082313168982636
0.11353127643076527
0.07637547326489406
0.11942795228192317
0.09414256370982649
0.11570685765805344
0.15309976163496455
0.09006693339678792
0.10461963051928112
0.0996411067274271
0.08868875937143685
0.07965468998763522
0.10702057044499941
0.06939077560765664
0.05400139111279407
0.09430117668894152
0.094176386208251
0.12000927451950634
0.11664862570266028
0.11986017088481069
0.09432163945812777
0.1123281701825728
0.09799204421461907
0.10698405667499043
0.04324300399150107
0.08959677141848454
0.10002930791004795
0.1441477237166578
0.1269472333346196
0.10020372270401483
0.09587618787738057
0.1538838104477263
0.09834489844533129
0.05601550718113821
0.15890354719203845
0.07411499548324893
0.08471502891745529
0.06113406517400536
0.10017742555920296
0.08887239289198513
0.0908735281317705
0.13720325903221792
0.10247495608908892
0.045227454469086555
0.06715194526476781
0.0652238215001916
0.04371222214850808
0.0802232424803105
0.11352044984515611
0.07719990345187329
0.1167387875452739
0.08712485727202883
0.09347374107385535
0.12455559715671041
0.10454621960306912
0.08796116597810034
0.14460409435358973
0.1071489515221564
0.13429535134965437
0.10453542794320383
0.12384551973408339
0.08572553822840837
0.05138350122291154
0.09440330328932402
0.16517905916767284
0.058921104783913124
0.07122152960363506
0.07684720095480979
0.089210548305414
0.07748700165756506
0.10778323249537167
0.12790101197482287
0.11134588911037603
0.11394594683979072
0.11098325604484982
0.07189097614185548
0.03946013758871476
0.13995603642556903
0.1252042983245704
0.13045613236489698
0.1407507037422047
0.05162666212500975
0.06530304586641303
0.10072361797202446
0.051893268096947824
0.18015075866415634
0.059801600374759276
0.06905425765273955
0.13618551635749168
0.10618646328074138
0.1157692441902453
0.07444389646530225
0.07611991982645877
0.11642756394253244
0.1121450037589945
0.11028049650936848
0.08917904490250525
0.09623224132887442
0.1252245710081149
0.15405913576178304
0.11890788009746198
0.06319797660176885
0.0455994239486002
0.1363320297175686
0.14448642378980628
0.09341102201025044
0.07160553276587264
0.05539647256514735
0.03060556513486884
0.1334241511761509
0.09056610819358442
0.0510283616918146
0.08776184802431355
0.08800041343180723
0.051256767383625244
0.09182122173891932
0.06276019797987378
0.08544936478909194
0.13165797510081773
0.11018354191586162
0.06238598308885166
0.1381248752431057
0.08388707458612948
0.12534290898220568
0.07718670149038354
0.06963455601884813
0.12967469252879443
0.05443454584765026
0.03926325093163915
0.08767957006594622
0.0560231466292809
0.028116541994226987
0.10164598476180622
0.10217809156346638
0.07487282167571854
0.10455619496123761
0.04738839151859926
0.14050249310250512
0.11517343732336344
0.1106084135720968
0.09060092398028036
0.08773566689564459
0.15024298831167598
0.13717639685849484
0.1326361223572044
0.11322302994132605
0.11207993639769291
0.06028622445812358
0.06316028818741054
0.1228055212172948
0.10068046578584469
0.10450514335411004
0.1062296302408872
0.09519756100454291
0.06454642236764924
0.05806324454616198
0.11556864747493836
0.11519307267846735
0.12516293910336276
0.09706582380995814
0.09263142625274773
0.11815830579757548
0.09772481650492182
0.0812752892339003
0.06072452832960964
0.07781146413391463
0.07308541250891136
0.06894623020828118
0.11228686435630672
0.07573280746764366
0.052716067309110846
0.08817940962763327
0.10597639721715965
0.08916019344756396
0.10017259151238168
0.052919443657199666
0.11236399998235064
0.12442080954503855
0.11448543517437809
0.08216315273005645
0.09549732499152704
0.15239932049370739
0.13145772296259883
0.09307231408378186
0.09812616157360933
0.08755066230775753
0.07541588958377884
0.129423408157125
0.05615851710622577
0.06836966409161613
0.06956269778278955
0.09896628314273771
0.09832054767356543
0.1066288421237172
0.07152732649360728
0.16442486677556228
0.09548074962741918
0.11706507541552726
0.10004789936326063
0.11312173102949846
0.029573453962811747
0.09024084142213647
0.08953457423002588
0.05889347621053182
0.03248253516734656
0.0871691052164094
0.09491229299964105
0.05244604739694605
0.05657400014203576
0.08366207569044427
0.06555429735078208
0.04764004845682223
0.11708656704011919
0.13226172860232127
0.11648857258118762
0.09098413293488292
0.12959672294212884
0.06048223791190277
0.09909098131033969
0.1013605548179288
0.10528739733770673
0.12488822662893438
0.10748481609263505
0.08685140626087694
0.12949601242694597
0.09219659670030139
0.09259764401266794
0.11563807281420384
0.08907897887020357
0.07460233150723546
0.08972785870945627
0.1031136145835463
0.07623007019007513
0.06765799667417656
0.07795931063697618
0.10319081203322583
0.11306256255298162
0.09989557516267386
0.0715767028468739
0.1414092444574942
0.09577759991285568
0.10174809046049345
0.10483448614723458
0.12127632106560127
0.06928840362818652
0.131929058656448
0.06187333810002931
0.09610519451065565
0.1397875797386086
0.10944094026363986
0.1205144539258778
0.0915680900216335
0.08023629130706411
0.05936627596502667
0.08273103654660333
0.16901712476751593
0.11451226025510049
0.1516988062039073
0.1339562191597155
0.10286872940694616
0.11739830013710603
0.1294467754337288
0.11260193646424062
0.0958546791340029
0.16952657697762807
0.09925479799928055
0.07969840625498044
0.12634242229728693
0.13940436759230138
0.03264108321790882
0.1165481722005497
0.13677063230102077
0.07114955076601691
0.14274995879926936
0.04356729079307997
0.0712696910440321
0.11779890133353427
0.085583900237839
0.06178165729312123
0.09404288876874613
0.10433674582800223
0.10858437120504993
0.11465305020099109
0.11638219100710523
0.12563836470210346
0.04634053823744314
0.10422049284825405
0.09888813004845463
0.1079282750950304
0.1275552471013633
0.08966605201009069
0.12721189177072653
0.06919683159012241
0.18764934401618583
0.13462025290763027
0.12746751434650425
0.16466237898503572
0.08123843731008633
0.155486433668986
0.09217030429917014
0.06428917874594905
0.08773759160435367
0.10120670719259502
0.15707102382120058
0.09925823781401617
0.14885341170403024
0.06872860478332188
0.06218725681564757
0.11647356743294936
0.06979594634884703
0.08967083419124214
0.06963437091562126
0.09386891654910645
0.07731322479485046
0.11757452345278384
0.07228448778948048
0.10861393761675839
0.05686624988246943
0.11054944064400102
0.06536545587043076
0.08855649087534752
0.1009652522073795
0.1082869875054855
0.12042975063365306
0.08928924701887991
0.14322910578655584
0.1219068636411913
0.1254128275826114
0.07004257854949873
0.10235440341786099
0.14050062905420027
0.09641897228191754
0.12846684815277573
0.09613982609455567
0.04898670290952255
0.06266365182820713
0.12199294770939721
0.08981912592797578
0.13479875639569103
0.11217313383705692
0.06664991867956359
0.11761024741633005
0.0762347952174366
0.12781485980623564
0.11188644917136564
0.0959627198866503
0.08581217019192973
0.08552014439875912
0.12968878304707437
0.042588184334816544
0.10718571978575757
0.05810272148790739
0.11693694889563112
0.12740976281346972
0.06104864271342318
0.12383922238538558
0.13354319295210018
0.12198826482174066
0.12026921791502315
0.10642986793253578
0.04371224614275829
0.08356731322696585
0.12004479137657298
0.15992710735234075
0.08554345534535175
0.11395115794446772
0.07073545859938554
0.07031527168078834
0.0996280167679135
0.09837053964457135
0.06300731615008132
0.10833110927574943
0.14550378421970783
0.10766224255885681
0.06376011620438474
0.12758430162949538
0.03899384377257447
0.06661855699525852
0.08657359023694042
0.08310703555561405
0.043344193528747355
0.0430390986354509
0.10307991829375807
0.08118405759235678
0.13578452204723274
0.12897160398929955
0.10511589021977336
0.10528134814519235
0.07243751276060276
0.06554677178312224
0.12173080673258997
0.10420509417783078
0.11298364208308521
0.057422190883783954
0.08940862999870901
0.06059869230499671
0.06804749184273079
0.08589395155599433
0.09065704615941438
0.10868108326544906
0.1080938283125233
0.10546012929174221
0.08968366131724467
0.10757561669610616
0.14535636390327777
0.06799418823053668
0.08081635326179434
0.14176059064586366
0.10960566326384097
0.06513248702929694
0.16148489488303147
0.09934400184492945
0.12887662869964134
0.06944052876626133
0.09028068611214335
0.06780008002579627
0.12986765574005674
0.16648488459676647
0.08225498876583089
0.059593178169926146
0.1213265169136361
0.09304851947495876
0.13998347105178088
0.10586887365378345
0.07362628018954229
0.09235882629997463
0.06374067477163922
0.0842651022018597
0.03498559605828187
0.1257709381419016
0.08891162299510258
0.10709386835870749
0.12310825520277507
0.09045692434426716
0.0628846552351201
0.10323963220802078
0.10179710365807496
0.04813971136400895
0.10113873326069382
0.10074549040808507
0.1230603174624123
0.04277332634219246
0.08178012407153494
0.0754385802819445
0.1354702044026596
0.14244790416691394
0.13898575627581708
0.13810710108839921
0.10941768754792303
0.07469047722096982
0.07559570243658797
0.08232574531247933
0.0843815025025601
0.05612249070699814
0.09519232707883789
0.13219866535651167
0.10553616712190683
0.09691294492942555
0.14974824900190145
0.08351907254222202
0.09726072775423245
0.12102126549972697
0.09977675796393753
0.14931942589958672
0.11805966985160093
0.08020472610952711
0.04832480758551828
0.08827813223026193
0.08632227927377438
0.05884985730200133
0.011158505277976988
0.06788674502083455
0.09166457057682569
0.08975397743038682
0.0992654695652385
0.08051625067297999
0.12556059531860153
0.06033917033483803
0.15402338439479712
0.08024335752549888
0.10860531802721153
0.060950481399926905
0.05738837835311962
0.08732672735058784
0.06846101083221523
0.09731630838501265
0.0949851461947519
0.08770126551293993
0.10612444923331271
0.1388968167655813
0.10073152176409605
0.08389790284113922
0.07878816192888044
0.1176590750634891
0.1300273763384095
0.11088650577275837
0.10642610906502498
0.12117616881365538
0.08489479184159343
0.1570295561081484
0.12091555781645935
0.10210092193188529
0.09752345364821614
0.14938914622122274
0.10398928744688661
0.1467424800127712
0.12546071946891968
0.13977352465442744
0.15543898319127314
0.08347606834217514
0.10543547394586247
0.009120736210899025
0.056279920287561694
0.12843685127006574
0.09422206389567672
0.10558242229401701
0.10523220186949814
0.047635392262100416
0.07663394024204989
0.09468543046540563
0.06521523242582863
0.10017874081835412
0.11911825672644151
0.09239326867412043
0.03918145359172025
0.08044524846464415
0.10845150327052656
0.06816736921175012
0.1250529208031019
0.11074728387748184
0.16837166724154506
0.10725534959573886
0.06273510120403966
0.13592259742993726
0.11319071200396491
0.11877645859057719
0.07372635784609646
0.11507972469217392
0.14526321045207163
0.05390921255513804
0.11584124063888065
0.10064552075973567
0.07321105822988036
0.08806358881126897
0.08218334340172433
0.08898394324923667
0.10086232203468634
0.10100288382142233
0.10770197596714673
0.10847881587428997
0.0902387280451059
0.1266989128429262
0.10251089832835301
0.1326139890857035
0.10794658279797967
0.1217520934441511
0.15745993573443057
0.0787918213847782
0.05113981035507512
0.11549283536557668
0.09047376830786327
0.09313119118980384
0.12623987068100467
0.06087170819628193
0.12076426866022688
0.12469139238842561
0.0938455048243876
0.08933076474332491
0.12718290074721886
0.0842605692187463
0.14153443140886754
0.15598467089161672
0.10271100074784939
0.12065805625484027
0.04739994034518451
0.0780395342760356
0.09916536232044891
0.13244460084193416
0.09793385523203137
0.09087017563066214
0.14522987361477324
0.08048577359614635
0.05886685516569176
0.16830080897944188
0.10455694025607351
0.12530847136255546
0.11406287016314627
0.10960660262891274
0.09098997774381613
0.08033560720774609
0.05911784274414928
0.11339561404317926
0.13571185839033778
0.1554223209507239
0.08227973708381317
0.06977709996906933
0.15487127908928333
0.05471521747348093
0.11786214841362391
0.16106371941901554
0.0824636796923931
0.1166404057155222
0.10452225559594722
0.10879801857145302
0.06251411663640336
0.0887040979742424
0.09341914004221144
0.07520350908395748
0.12915185646379201
0.12723800539914598
0.11307741133747735
0.10639587621422608
0.10716915620453056
0.11962274579884896
0.07245559867918969
0.11975574985227017
0.1081562859680636
0.09372319452705814
0.09281363056848906
0.0944403678671112
0.08535897915915495
0.13140605067423733
0.1143366618297611
0.09264108596363219
0.09713440174003718
0.06532435481431814
0.13987840826724734
0.11748795879118339
0.08276460351078639
0.12497670591966319
0.07419052816431525
0.08320240440847063
0.1189866688407866
0.08298770192040725
0.10875993704706725
0.14503974932087754
0.0945753490180682
0.09338490035475408
0.08983828459218914
0.10432113545859248
0.11093037807326181
0.13047777908147534
0.15506746202671573
0.1053435894855483
0.07708927931922308
0.11387829033711334
0.07893781317001368
0.0792358860818714
0.11174351228964148
0.0880873691481083
0.09046883358603351
0.04783964898794355
0.10978048928839317
0.07678852876333404
0.04041596335063106
0.09410658678650316
0.13151999934058506
0.10520686622133099
0.0898260322195454
0.0834433774405022
0.07456091927293194
0.1042327014180598
0.08540779601781488
0.0876374375839412
0.05615490739147903
0.09657117429179934
0.10079366838796473
0.07630269499659327
0.11664633499710567
0.1283100433964689
0.11571789099238428
0.11927212124527502
0.05547719470573968
0.09604900156577882
0.12417640336401425
0.08744514132922454
0.1147066927108104
0.05910018623756804
0.09173379305101158
0.11213157104254456
0.0866374632574283
0.08314017541806387
0.1380137561902447
0.06154064843434085
0.12359610363935593
0.08591955515132606
0.12463119376840875
0.07395688429597352
0.08009881990765622
0.06653353911841471
0.060605548555944
0.09664863461145234
0.07762916080297157
0.0763346598493978
0.05655925768917238
0.08834234226140161
0.09259402858373575
0.08776298608045215
0.11571983513988095
0.060873508413769976
0.057993289543819285
0.12504217397647327
0.09174747079651276
0.0819330526081744
0.10459520832327954
0.09497686473015719
0.12063561088060129
0.06994171136102843
0.12070069562076566
0.06979516531929324
0.12268947107586009
0.10857759270953993
0.07569442000306442
0.08228890327101708
0.0749201932127169
0.047179916039586926
0.11396472360749099
0.10772706020064925
0.04546421614428622
0.09887846159070118
0.11751548480871216
0.09031441962225105
0.1171631413018671
0.08669398155982941
0.11838057281006945
0.04783084888474708
0.0
0.05870435494795865
0.08367203712636409
0.09163599967289916
0.08079691677598047
0.07821773073426104
0.14040213528891576
0.09735605246255812
0.11096015477618247
0.14801527501584893
0.10827323371655725
0.07142470220056546
0.0688632045148968
0.1443183036418284
0.11374103624014859
0.08213956256317978
0.16117574694642853
0.11878177728064461
0.09513671830758537
0.11916738744505262
0.1020350303575359
0.11803696713985931
0.14570435667891127
0.07270884322238994
0.10443377288534854
0.12930189991644012
0.11755688385815949
0.07148835575226736
0.049013409517929145
0.10621590493649745
0.09858705240181345
0.1393513665968569
0.08778217767704291
0.044580100807748636
0.14090063101448677
0.11794366297863132
0.1410088642055516
0.08323475558752572
0.10976443787348895
0.056699867635590574
0.06312907991473396
0.1227154041299044
0.13073836352287593
0.12287151284392309
0.09069991068060954
0.10265677425943064
0.138028596208909
0.10458396602107062
0.11766176164026708
0.06875723876581807
0.08028290799357973
0.09239360758059642
0.07241222826334895
0.06753644474278733
0.1144399644489999
0.030859678245342706
0.06884971756743405
0.11605580783444051
0.1421517698129509
0.1075366020854165
0.13576750042612964
0.1283271126456817
0.14707057331008389
0.05825950581168162
0.1092587817595224
0.08884235879519928
0.11901260220702087
0.11087527744318565
0.12437460482551156
0.0817029537242995
0.10135208179732283
0.1116002009365197
0.16673407453368805
0.0637641708385037
0.06445651799150742
0.09323159900471834
0.1296564770986523
0.06576452105894934
0.08989545400674728
0.07996256897396126
0.17958161849829335
0.04064855817574334
0.06000812860077624
0.043199392378458136
0.14002482615350112
0.09965739516905983
0.1109138580214458
0.13818376600097296
0.07801549075467057
0.11783542932196997
0.0725799287772815
0.08558155285174066
0.09757551646097133
0.09325461708657141
0.10309269713231169
0.08932050381573188
0.11392832240944037
0.06483070613386469
0.11626123059701066
0.10702674794542466
0.09955790467432209
0.15436238093931748
0.10959555329134663
0.14282914278270553
0.14036040297758554
0.07339700581120061
0.09852214437893607
0.07896639594579165
0.08393429555298003
0.09391075237783351
0.12064994493806389
0.10401471848896555
0.09300146647884536
0.08639826376930365
0.05479910089840368
0.14107479097171804
0.07379158042013631
0.08827244770889509
0.056396908968578505
0.06527927926292264
0.08084342178971862
0.10560380906602863
0.11023960257326017
0.0758759086988592
0.14061038431226403
0.0724212307517337
0.018439951137050895
0.01199500366445988
0.09728925863789811
0.1151145312526861
0.14261171628649852
0.09046383928605434
0.09080309053758609
0.0967731998238092
0.12982518099770884
0.06681206631408991
0.08487602812224268
0.111094844440136
0.14446973559455314
0.07167114787032304
0.10710602796772041
0.11921480147929275
0.08429609367352657
0.08869301587946747
0.1027118426696151
0.1016978896833451
0.09875307318009861
0.11578275923687259
0.13204366362054237
0.09058000755831774
0.11847962921523457
0.06889633675502965
0.058122579335001284
0.06869642419953162
0.09310331413418665
0.09127157792744026
0.1444775938390549
0.11328904833019263
0.19609545213091814
0.14109439678883365
0.10305510084168068
0.1483202984244994
0.1273989206494199
0.12444572762352119
0.12692425311462896
0.07280949139049192
0.1067848919683293
0.1147481024510324
0.12752953275413478
0.08975956975213258
0.029475023147793086
0.0902648998826686
0.08100154809515114
0.07988493800846186
0.10138287598337231
0.08728929700929215
0.08021137318008122
0.1257141099447305
0.09998118688458482
0.09324645500614914
0.1388286185515559
0.06772504766940045
0.09645217281893771
0.10344515879451746
0.08432210012705707
0.09693891338228086
0.1361088652076431
0.09234982977999201
0.10409434724216404
0.12161458571774993
0.03527748736487714
0.12784583217337897
0.10510415389066209
0.12709234302741296
0.0904754983617388
0.14644712307132063
0.11075765520961516
0.13371126927063287
0.085561116629133
0.1401661487627809
0.11964646176939243
0.0879833894890859
0.1435177862940123
0.17580606062216064
0.12399831355296465
0.0765083801057895
0.12121401656120367
0.09070834860026622
0.0953764663619141
0.12954048006301735
0.14679052047593283
0.05632268346206835
0.0640576491577853
0.07762050649065107
0.07093423072658381
0.12826989868675354
0.1113910619579953
0.06878908708136855
0.06609015738379762
0.0911139277329975
0.13003412611210638
0.11959358637326223
0.11138400867676294
0.12618832278192704
0.13794198890656445
0.11781658157463507
0.11027140853722876
0.05651183458829262
0.05079637570992647
0.06866505009601734
0.16256417152336555
0.12935283067301342
0.12194689885579163
0.12334707722955796
0.1113293751884338
0.11212068084240001
0.11190929349511328
0.11058914368579376
0.1071786685950143
0.14261374636907326
0.07886191375957385
0.11960225957895257
0.07508036399440934
0.1383485986756641
0.0934562831395825
0.041144923198872196
0.11950810175389066
0.12372419206100266
0.09861319229244456
0.052344889858680084
0.09230815657955561
0.10750487230168991
0.07941047350637259
0.10314170858455866
0.10334185450015271
0.10927026061951636
0.11759682840192964
0.11533141244023158
0.026896930727299012
0.16584579011974948
0.050855296886182885
0.10950240187291888
0.08606300680137673
0.03361908082860847
0.16098369880487245
0.18401518993414945
0.11821460268904443
0.15477260204986754
0.09129711556464365
0.1254803143973932
0.14123834920245484
0.08854116414289877
0.09605887094882141
0.1087269180277322
0.09657389953820149
0.11993037403949713
0.0933640125400483
0.13789891395316384
0.06337316604134412
0.1330870560967054
0.10812066275254642
0.06271717794569145
0.14450070009160831
0.10695049552724512
0.07618782507211065
0.0718429628734737
0.10862499861794196
0.11313485611578293
0.07885241347631498
0.10671102527364662
0.11078261017432299
0.10609851915192552
0.07582737670964346
0.10691481384544635
0.16612632071713807
0.06297087881915353
0.047937141433255004
0.10340733465815793
0.09127611300262453
0.12358465436888535
0.128918316080157
0.15344626873902256
0.09517870161232618
0.09912636172581299
0.04887621142245944
0.050063928439393
0.06489243372062281
0.11589862295205747
0.15331989556709666
0.10378374491409313
0.097652571671042
0.07178199464753755
0.09966688760030333
0.10268501714775104
0.11839437552094206
0.09006226310535677
0.12803928025802083
0.05626236663405695
0.0985816652203878
0.08698696311991096
0.10152012544301427
0.02304649535175346
0.072720250612395
0.07060427455779654
0.1163896394228146
0.06838307037126433
0.060494987413973564
0.08028334865001956
0.1121840803913333
0.13889209845070163
0.05655081852941437
0.1017212360278576
0.12905930513462982
0.12897666090611065
0.0880983146845047
0.13383876075692253
0.10067966638830166
0.06812774022419568
0.08329031332977223
0.09729915416553987
0.11792666126152837
0.10913051720560654
0.1359887046383026
0.03240612615041853
0.08616184243996328
0.07819363174317935
0.06782964796600383
0.10908127905810794
0.003508022692670698
0.10649934985980478
0.11470165971568601
0.09299914607725089
0.1493356090882691
0.0832433431065096
0.0775409870172925
0.08443756525522314
0.10729729679534755
0.09671842629745966
0.08158144040045746
0.12311677023542122
0.13834459535901722
0.1512871402247732
0.07763315615047241
0.04737514879390829
0.09246022271188993
0.114509541431764
0.1612872790468078
0.15451160528848656
0.12272121221894972
0.07251584366286196
0.10907837722038495
0.10990343571593746
0.06205452540625419
0.10861965089637368
0.11301713094174007
0.08710840896468912
0.10664808963959523
0.11740948341682253
0.04274556916253969
0.13181347281005562
0.19606776468008635
0.06851877365257611
0.11535953440195307
0.10475748381808261
0.12891752921603292
0.17693204775130383
0.06956578079974805
0.1601185512181163
0.059707884193846754
0.08845464362872058
0.13282317497348692
0.09243878033945166
0.09224908922145475
0.05817764405114393
0.09272442273335693
0.10508943181747851
0.07186923947826396
0.05283387281324977
0.13404192253804426
0.15398860814227908
0.04745709845533228
0.1376157101952671
0.0793502148414448
0.12249677721773976
0.1094991162434209
0.0700018478330498
0.10717929892991065
0.17344395617211783
0.1002557130518447
0.13812704055964614
0.058961191274113575
0.07645010359838247
0.08992622799480722
0.09301359012987101
0.04933432970570445
0.07210945412802747
0.15120103927325135
0.033051486974291444
0.16130608041527855
0.11325132895894893
0.07859046072135384
0.02971235238907946
0.10086026785330998
0.10285971630753872
0.10606646364455047
0.053722585118346114
0.09976584953407937
0.09459922558494499
0.04101294997821083
0.06715946001124759
0.11591474349041819
0.12395850349457396
0.12447406669753522
0.12330173682088257
0.10305873179472251
0.08228392158872644
0.09664091810761241
0.13078865731656325
0.154459886917749
0.10800577143928902
0.11033880452783369
0.11508625222721056
0.08988528968277107
0.13110882203121377
0.06857968973391529
0.151054456131947
0.10781519153457558
0.051299350095324124
0.08821041015099736
0.10699733461109143
0.12866378847199014
0.09196244511363581
0.11131307758782696
0.12091869976937462
0.14162337335113726
0.116164861046092
0.15741809708462473
0.08591056242814865
0.11836641627823005
0.12577038018387504
0.03861710496070058
0.05696789611620523
0.11525457125371448
0.11313601169914106
0.11178337989334704
0.11995188353569161
0.08682864602761944
0.08073234723316496
0.10444105756409708
0.09699740201353581
0.05378103337669379
0.10285637916610348
0.06285307893448946
0.11206477663618555
0.12256437308151723
0.11228929783696119
0.11304275451999782
0.09972670855480559
0.08227786376440023
0.10865955791251528
0.08543611599532373
0.1089227469691397
0.07559654744599997
0.09930030614896644
0.13857053958351995
0.09092993552787022
0.10172383238079803
0.09124654473944727
0.05515173955261896
0.1041933152157713
0.1090969341136297
0.09254077755515715
0.05972045265149967
0.10931982196053058
0.11285298595453604
0.12393667414597839
0.11760906266653498
0.1358719872604033
0.0708289738852261
0.07053986288076
0.07323567650555007
0.10019280551095464
0.12320599886902892
0.1339325570150744
0.09568822301640716
0.10137545024461415
0.07356480481807406
0.13152398161093826
0.06911990938484719
0.10873566603458526
0.056779147571892424
0.1780866895859521
0.10252254088697117
0.09019923712802717
0.1036025081241633
0.10674043076498768
0.1271165658362974
0.04767190847570239
0.16288581002799463
0.08241870106786466
0.07574823872583913
0.0973116855989814
0.12155544962295878
0.10810305125345455
0.11637635603030207
0.10888378215141674
0.12257968302721563
0.06377808236614657
0.11235536790366699
0.12401358416688889
0.11509590398017294
0.05027924205469521
0.03303897192488535
0.08950050324761107
0.12382972084843387
0.1158966321201588
0.11358744832947691
0.10400740623475468
0.10414175983809995
0.09401226713760205
0.07505969746460632
0.15648165943016001
0.16908814330055372
0.07139993981630746
0.08661586274103869
0.07499470986533305
0.11087237418587483
0.06493869662358437
0.09921953030686197
0.1400524554571878
0.10972764445059159
0.15462925238035516
0.15567352303811532
0.13611138150236538
0.08912895100344392
0.09301767015497592
0.0985843138940642
0.09899071919222759
0.16497487418154788
0.09385775159727831
0.04573991658605368
0.0539662597674579
0.11751501910964177
0.13750586275666823
0.10915597774002697
0.09528206320017035
0.10940560084162992
0.07500616017909399
0.07265565184435212
0.11377004168059311
0.12267647902120021
0.13186478396045576
0.06596155877420884
0.12310833984381614
0.10770192447485877
0.10622543147231038
0.15379130756469322
0.09430102075807308
0.08865840963699978
0.1529097065248901
0.13669451325997625
0.13136958095559206
0.16368276213507293
0.1464080010014567
0.12136303276857155
0.1196129602629187
0.13209121284442898
0.1344398364222964
0.12040373066609888
0.15914257761210476
0.13014820450242204
0.08508557562920828
0.088459505843447
0.0752875831205241
0.07993613429328672
0.12469052915642155
0.1141397450408574
0.099174396689125
0.11883998873053381
0.027191076973827485
0.11036077209137464
0.13714943142076025
0.12001655443754737
0.11199760501684924
0.1332819929833505
0.1712462827839863
0.06579753759855236
0.13652462186146364
0.1232345517019697
0.0900999138448447
0.14355443255009673
0.07672309114991
0.10543946560630721
0.17767187850016625
0.09003797135099227
0.11792952021175054
0.0987083932577883
0.1091830782484215
0.10811568537515383
0.06088134535262221
0.08905704310209492
0.10731362217531706
0.0807854859227736
0.09179798799939448
0.10915455344460756
0.09243674420015556
0.06658666258975784
0.0626597182927997
0.14180723732051004
0.05544453408738196
0.07684479781800797
0.08437961651590394
0.11493717411329908
0.09041176431143017
0.16927809436784935
0.0672781014427822
0.06961789216911998
0.15439475373139233
0.11161039694174554
0.09478948692376939
0.09027278239597013
0.06495236941331009
0.06784380649518396
0.10071632497436876
0.1138329474942654
0.10487551785061751
0.09472016100509573
0.09876065959793877
0.09194163701576243
0.10602123306357558
0.07977770938039586
0.0655339383620923
0.06656799899374016
0.09389350477918477
0.12541908917349717
0.05070409857293455
0.07431781968983532
0.048610003405566586
0.079108357537368
0.10406100118887701
0.07587831493146584
0.11007939143570795
0.1494401308763238
0.05614636107096308
0.17680468371836167
0.12577908870263177
0.13644720590803908
0.10771270308500845
0.12281506850643245
0.12106879561581603
0.0955693982468747
0.10832025031875055
0.10087248368280605
0.060958923745195695
0.1061302599162945
0.10800133066911581
0.11429768081659436
0.12498163750847087
0.11560633193804318
0.08111973204259743
0.11922156601830136
0.11595846827204687
0.03586476637413347
0.10505509511688726
0.137771364944581
0.157569444735631
0.12004777966969254
0.12603882065568262
0.09921506471057114
0.15538199672061045
0.10565745092006563
0.07160020051633581
0.08947586972941768
0.05687570194483393
0.06427355421257594
0.05148586306802213
0.08150082462345515
0.15213289444597883
0.0979803271922874
0.08669486534956176
0.04874825642572198
0.03987561247670105
0.11662000312443549
0.07670837487336205
0.11126981460607047
0.12158819711772904
0.10350422927376049
0.07646563033068969
0.057624688576050506
0.09152962318741185
0.09462010595171842
0.149333072942572
0.1267781505917429
0.07582589420016243
0.13383786464858027
0.12869810170488305
0.08808742628833481
0.043308100381776016
0.03692116407809323
0.14670527184066232
0.1284585277248404
0.1312003250796657
0.1152616050949885
0.11178524151414335
0.1179071982687985
0.0789902094837338
0.10922533911047119
0.12029936371850611
0.1209848552926518
0.11264375107068522
0.06362368987317121
0.0800647712003643
0.1342782183858087
0.11076900832560783
0.06423112005481234
0.04502165054983355
0.09866865793440081
0.10877962084368939
0.08966145433492427
0.1393543753999994
0.12020450524618577
0.08298565310518391
0.09024259707033637
0.09658880773307642
0.11161541082077805
0.090569262273087
0.12128166605501534
0.0456791400632988
0.10514890253563249
0.10810077390973416
0.12832802578815355
0.09399852760333259
0.09165690784945932
0.10176333844135138
0.09309621933483558
0.06951115031099511
0.04665246313710057
0.08120417865398732
0.10076825795348443
0.11856516133477614
0.14911888256829428
0.11433736169711403
0.10549899522818845
0.07822723172859851
0.1634444212585368
0.07828058193992858
0.0570354903714881
0.10509790617760632
0.04743239111163688
0.07142333543909825
0.1001732421763477
0.09297917591773962
0.08500435001367021
0.052811099443377384
0.10471065677575758
0.11328061908999199
0.14668085266080622
0.0824209616054578
0.08197418170079224
0.0816015191603095
0.10527417856984005
0.1093243233732955
0.1149687241778886
0.10467201276653502
0.07177915254782362
0.10650021561138076
0.080237383899808
0.06710293146786178
0.08715762981778218
0.06515349514372273
0.08624068670434537
0.06294153080932707
0.12984535916875073
0.08118635334546158
0.06978304263388627
0.07336395934605353
0.1224302801750079
0.039641453234355445
0.13136746408942568
0.07597722412547928
0.09907373279820644
0.14778985492192653
0.10361438743150277
0.14018697164320598
0.11585783074674547
0.03448899094454824
0.11725078539395611
0.08734132141500023
0.12682844900724202
0.10797290683795696
0.17715863159641487
0.13966550684676124
0.1127749667890918
0.087209534661732
0.08222616069055921
0.03968958245503636
0.055128475767752406
0.1332913108172992
0.12866947048333083
0.09485173829147477
0.046516363549121156
0.08728031664702407
0.10443507245036261
0.1066523627667961
0.06220274870720878
0.057454574445525694
0.11104894670949514
0.11407632044211355
0.09969058187273093
0.05601253884458611
0.07901927114889352
0.04913992858965317
0.12351362185822466
0.09985664965855685
0.13651963941348905
0.09115864541173
0.08973830256048629
0.09717125092903395
0.0959526332332475
0.11138557028140963
0.09119846524788217
0.12324189411163469
0.12170266873085159
0.10706295160052497
0.12094921491103544
0.14299083094846346
0.0924907840343965
0.059643480427562325
0.12955793836852716
0.08707960891796539
0.07741923644750545
0.11816704997104858
0.10571587052208048
0.11237330878404604
0.10276380059234101
0.10762255520685998
0.08603919400434226
0.1024098011935389
0.09926184614092516
0.08352518447217738
0.10635035624063509
0.12652057544783893
0.12807456729764805
0.10428570412619448
0.08981740508108779
0.08007893796061492
0.0890561164945981
0.07549512646650071
0.11812428732006303
0.13786887222841393
0.1421286731652439
0.03303275153878073
0.04566279737802807
0.1322758919880404
0.0992443472002088
0.0932068843016773
0.08556193436021324
0.0517252088739455
0.08098581910126978
0.09618841366982675
0.13526837081709975
0.07824834219569045
0.07984645728360829
0.10905970496842207
0.025864039658217056
0.07638189680436173
0.09217217568052222
0.12283844312116599
0.08064541392809074
0.1274321332407402
0.09605001198206826
0.013207292057682202
0.09302794495593157
0.10121872798610723
0.11088617595059103
0.08855112281261462
0.09037377962262905
0.06452681945363757
0.06750846026701357
0.1038685809846346
0.10252369492966028
0.13612114288046875
0.08710826907809326
0.09282082594520924
0.08162641928688111
0.10261188000467585
0.08136528531285508
0.0656100624863456
0.10945123648562341
0.08584811853597366
0.10208559649153767
0.11007321558907168
0.057647895698201966
0.087062007113232
0.08120236983671901
0.0902767275774905
0.04416898646894357
0.0802434614256122
0.09887673327815685
0.11488630072019113
0.0799833437978661
0.10225795381102155
0.11962561351427668
0.1273692273865128
0.08444785203606013
0.09296994415272644
0.07435586682579207
0.06775146421121364
0.09375452001387333
0.09039078796737059
0.13962334451904973
0.05031667602125137
0.09223093662627178
0.09592563566913138
0.1307984924303053
0.06541589004576584
0.07500316947953126
0.11091922895839601
0.15898848341150645
0.1206137654120327
0.1837497687621079
0.12439594322369565
0.061173874102200806
0.07159259661107359
0.03290791299727114
0.0333998799635276
0.09671932412239295
0.036958420487942026
0.08388198262561011
0.052390596408099364
0.08660967667574812
0.08080704697428849
0.09528822935225573
0.104088542904182
0.11272867345070889
0.11965827540429345
0.07749631679690716
0.08637710663914377
0.1090481727801934
0.16783024010663283
0.08483481165111587
0.13501451802179523
0.07053073097852931
0.06560756219440614
0.08575391404997319
0.1222467871292621
0.10791439311383023
0.11280548658590178
0.06599112982232799
0.03897485068368971
0.10390524275768509
0.09200896527062201
0.05469058888451627
0.11685038309749424
0.14458507760950315
0.11753243170050126
0.08453689487559317
0.09695796790441245
0.07621328995671298
0.08835954806941629
0.07654879268393766
0.09296672621083257
0.1363757491998927
0.05885311860252803
0.10862412471224593
0.05978418105233344
0.053570987438296726
0.06986393931812504
0.11014997294091927
0.09678016682194611
0.11399525681019755
0.09603780353294267
0.07499478983725068
0.07747495724219419
0.07688891598308747
0.08806325748485423
0.07198825402771675
0.14942087573152613
0.07492196042837768
0.08936243514280627
0.1339107554151716
0.07192942432884254
0.11474456287573163
0.08811652248890978
0.12746517656794137
0.09006381691634505
0.08270930017492363
0.06591101894764438
0.13636108830262356
0.11026943558608798
0.11790707693072189
0.1108028852455426
0.11203747299303175
0.08098658956736521
0.10756979003248818
0.12672711481716598
0.093167019888235
0.13729584136958087
0.1144573360584686
0.13485679844902612
0.12345229096193097
0.06609966102467713
0.14428002684816
0.08890514073566333
0.14747296986980687
0.12394667223852864
0.0544993734794303
0.04886854775958889
0.136625390139873
0.10552784235001962
0.05770349052009836
0.089908824483651
0.15018244158549385
0.11963647953900812
0.13234294178545128
0.17426623429787336
0.09473665171757882
0.06705935501691347
0.09408709164687436
0.05954743819262284
0.09368156294967746
0.06473880434578232
0.09311777835705742
0.09636902533896649
0.10116161656987721
0.08249556745472426
0.14096468213874747
0.11347390343489347
0.09885304993543573
0.1352824127703915
0.11351670698620946
0.03925527502021446
0.058658953235047405
0.13017807616781762
0.08434619273519811
0.09539620435290204
0.1626435627677288
0.05237326191788511
0.07508437179047237
0.11842515439120967
0.06501416888292838
0.09595702939308401
0.05264861599007302
0.12234608991255283
0.12589085192396823
0.15063552320707807
0.10371343573436004
0.11080293918984394
0.09142190673324539
0.11107414769609927
0.12150488067035037
0.09006023045239668
0.08549750779845042
0.10614905397898189
0.09939746621296366
0.055945666119584084
0.10366567458819886
0.09650216893651961
0.07613220600897884
0.1318764394108647
0.03623459338178073
0.1362346342882566
0.11665358577921177
0.05410004791707883
0.10359932072671403
0.10143007380934055
0.09718512499241161
0.06376015076293065
0.10845391256654488
0.08134079552714929
0.10979504089013609
0.11067275475035422
0.12669049436590626
0.11876250022707809
0.0854476738529063
0.12905115367019812
0.08530595504349844
0.08099560309135473
0.16057184722830992
0.10373956448601668
0.07662575089431067
0.1074327217743763
0.13910488966534212
0.12489379524225794
0.06372202283811601
0.09076873836503824
0.04148837640875417
0.10210112413928413
0.13827677584470197
0.11565687919944329
0.0999970610486232
0.043688101359835835
0.0772242432558782
0.09935404051311617
0.1260273796156071
0.09131356535720048
0.1656318279777703
0.06231289657909413
0.05845447871854716
0.14657585315291496
0.13370791547484043
0.09474830320565644
0.08297692300937062
0.044666113871820096
0.11059707469474288
0.08637170153488828
0.07711223813639254
0.16185848998390326
0.1266886106016844
0.08989453296774848
0.11434360923204162
0.09015412114251165
0.05404891282029479
0.0864096498008285
0.08076956683626786
0.06048401794262624
0.06058093602559008
0.0685231323761457
0.06454125682582879
0.08523627392351867
0.07902544492786281
0.08407536169997282
0.07365468106804662
0.11259370783246947
0.10501305865948801
0.0947247288265645
0.09358954356791944
0.10575025313758234
0.06910580449297235
0.14248758707929482
0.0779016187226565
0.059286633457621474
0.18888596670483476
0.14346421085090136
0.11697859607931636
0.05932259242294522
0.052157006098971385
0.12072405364134142
0.08997157095436623
0.10413655297214268
0.059966079649797166
0.09255865792023237
0.1133698827946687
0.09087799468777746
0.0932382213434756
0.09274532875890508
0.08266620118511003
0.11873925703105694
0.08353723227105751
0.05388690109974029
0.1237090085867345
0.12490657263230481
0.0988025233355759
0.08344938020281666
0.1326631180125355
0.11380499231110135
0.10477125887097745
0.07469284603455037
0.08899167588456294
0.08907097946317345
0.08984806203575793
0.1184682626152508
0.10884048146467733
0.09299387125923116
0.08091394582845186
0.07448635008790269
0.11675862036775658
0.08395219793398521
0.06943712443971198
0.08466866638654597
0.11143019330068872
0.11687902391375939
0.08457393898719315
0.10961835776956425
0.10121468311191997
0.10950675739197839
0.08687481746234053
0.03230076485185397
0.09160441814717105
0.10228593767801739
0.06758898348007306
0.10992267750922677
0.07321629373459318
0.14702191390883837
0.08554564408922952
0.09969608831969316
0.09653286337434988
0.10534436576081953
0.1268374553365721
0.1406394148579814
0.09172521771573891
0.1382101759633075
0.06725469218077457
0.03784426260678206
0.11544477299952376
0.1371002445111827
0.11377412900168113
0.15163537868818439
0.11186620903410603
0.08749029981700188
0.1033151824665646
0.02943855089582123
0.09366356992247309
0.1132495209201984
0.06379333040227717
0.08344304609994935
0.1171036091752087
0.08949479991285392
0.12132682301197256
0.053943698761880744
0.0845192928792334
0.09944747248266338
0.05619822064355135
0.13271458976589726
0.10635438145531576
0.08498463886712353
0.09274285187713378
0.07523353924111635
0.07843616959573281
0.08530552470288075
0.08591926258558243
0.13498884607268483
0.12723610858230233
0.1289119172400578
0.10913390055055788
0.094941020816087
0.09993211718013473
0.05926985635068089
0.09189863831439597
0.09793261593846248
0.06890258976399767
0.047138486978683246
0.08969152845133058
0.13333330092078333
0.12904374250799147
0.13000901816035504
0.08305951107560783
0.1284181081943095
0.0989096690338392
0.12478165007632123
0.06902050951632985
0.0966404741506764
0.09385448486219261
0.10330597906187297
0.09063523316454584
0.14088241676007557
0.10206457652280325
0.13731230340797382
0.10721421138513719
0.056066607569448465
0.1473326207231772
0.08479763948170756
0.10839585339768976
0.09701538401398754
0.0850750122126206
0.09597820479881393
0.13625647525388046
0.06939568691346776
0.07703996717710405
0.07435435038238863
0.12900060663588683
0.1258505991309663
0.1627265643862057
0.0848180924584751
0.15020462859853803
0.06932624347147641
0.0700133324140988
0.08913265742728299
0.10120581814630823
0.06631000345734168
0.1406585871103589
0.09572666001597752
0.14096922663330044
0.11494921587928997
0.07304722425189188
0.09449383818630885
0.08488807274899479
0.15993069419228798
0.09686325605266458
0.10553550004286458
0.09724656474548199
0.07575899721921706
0.09360253075575732
0.1095044503802711
0.1038704942647513
0.1335713220370734
0.11126606858732493
0.06671932963016172
0.09068384630232024
0.09860331977078518
0.0633264419087728
0.074329204690516
0.031120807133417944
0.1344415680211114
0.08541868339992491
0.11147242422698887
0.06754468973547292
0.1431014325490728
0.08510965290716645
0.13359824492331634
0.02867735153779513
0.12465489216907782
0.07883345447750954
0.08040909526756525
0.030821481880204768
0.14102194687434524
0.09522280344045658
0.1165106351228816
0.05509350278571229
0.06126040663242822
0.11523333881178782
0.149582133700854
0.0830066185425103
0.1557434578900704
0.13757435312501548
0.11197920944945916
0.10056844710428854
0.061116894670269664
0.07311962726967904
0.0863883624081133
0.041188310441592935
0.10410031091094224
0.10078302957963868
0.08062298877424212
0.09622195589543009
0.050157566212040705
0.12494626501630407
0.10400028331526731
0.09742440239318083
0.09332582736624567
0.11940058681527685
0.093234553258438
0.12351480031190702
0.09121352936205107
0.10140287393820548
0.20954068830480102
0.1007961982847927
0.10152797947660348
0.1033791383038206
0.10573957232548424
0.12822036163037528
0.03300188740389716
0.0959481231049658
0.06534510359792087
0.06481488802471694
0.08236032488723952
0.10230407992163515
0.06733326401080669
0.10424087152713557
0.0787372438838285
0.14463489078591
0.10672873811084081
0.10222966260824026
0.09961638067123858
0.11851895897587864
0.11270046899652847
0.10532190921750217
0.14039103740185255
0.12010482466765329
0.044244022608990484
0.0674708061022283
0.11307878378003894
0.042826865357608906
0.10250131104161592
0.11566016069938283
0.13233932843602828
0.1260838960592919
0.1094990202811145
0.08455651185468366
0.1264197823500692
0.059534006034015166
0.06233539014912513
0.017594385895206052
0.11261261553150284
0.13306086874883546
0.10391559883759288
0.13834663961357302
0.08709989116637054
0.07543125758264954
0.10042711981878749
0.12565853815087877
0.11188908281876934
0.1363494191284896
0.1235493492052208
0.09720635571423254
0.09660060690577689
0.09299295061490971
0.14286703453558322
0.1121377559533035
0.16241242195635072
0.06795181634311473
0.08491423030288991
0.11136528257356083
0.0790106299907561
0.11113397750203402
0.07015841902655132
0.026406305712125155
0.08327532394516979
0.13861882897937508
0.07982714259762153
0.05550459403271355
0.0531030463416065
0.12814935403817462
0.10491350608426116
0.10715993882292571
0.06104368996755173
0.08668445017781391
0.11632153971020275
0.11803966247554873
0.05282832092336148
0.1159634670375159
0.1693951312137198
0.07639017932651955
0.11990712886525197
0.07381401642953737
0.09955268825848132
0.12148902951899766
0.09673626676925735
0.03960973338350861
0.1100801107315508
0.10740517893207954
0.11335920224125769
0.04685522215646599
0.07629225787993937
0.07625470708623064
0.0964132313221241
0.0828294863195333
0.1255034901954149
0.08861566099609414
0.09920348025575919
0.15681276863803492
0.1329613010459003
0.1187251306111766
0.12933635697157972
0.09508572856066996
0.09178171294320932
0.08410681303086143
0.10694671248872753
0.12576875334520377
0.11229677403407777
0.07312817910464857
0.10053950188841583
0.10608977973193502
0.0700605938535152
0.07992303660327202
0.10863853641027066
0.10479858957214251
0.07469154583111563
0.04558650582409355
0.05413570041674694
0.05664303811879692
0.07327344366658346
0.11760338351003356
0.09603544410926627
0.14118415028443743
0.10263125512955369
0.04774595561615628
0.08593479026097023
0.10511344255447282
0.07180180997610705
0.07257918573267164
0.06714262741439832
0.055733693231567676
0.07899716321339034
0.11672584289936101
0.054026244263582685
0.09487151176750892
0.07042021606975286
0.1097110305714985
0.07592106730952577
0.13851806528919053
0.09429066873522632
0.11989744390121786
0.109714361246515
0.08090487502825536
0.09248850065617378
0.07198585681262519
0.11639571449365932
0.09220670916048912
0.11600872460493318
0.14140470923893472
0.09072191525135027
0.038940890444959374
0.09369734373138562
0.059764776295861445
0.059882691322990074
0.1446348404621442
0.09825941255481942
0.13581403272037515
0.12275550896505405
0.10183042614189321
0.10378151262390993
0.17948293975613455
0.10457458735051504
0.07980058429404065
0.09911969062623949
0.08599580968698559
0.09031195322204758
0.11788186343034979
0.11673396676681093
0.1062874637576716
0.10898739336134068
0.10286582055736959
0.08032064776916675
0.12130326600453639
0.08147707268588163
0.08018163193085374
0.09969070853199893
0.05367890479568443
0.11378647990148624
0.08344693338696994
0.1164590600554326
0.10335384853691358
0.07418503350594882
0.15500513560913956
0.13997462227290236
0.14111813895407369
0.10805933881346586
0.14994262657007829
0.10672980324209987
0.051604414150914185
0.09097256833569214
0.023972599620949706
0.1436552379996356
0.11143128341675385
0.1458672251491328
0.0784648902072897
0.14987514458467274
0.08890555237862507
0.10783591432694473
0.14181220163498237
0.08603377702945476
0.09361992641639322
0.17614477940771073
0.09887072499377564
0.049802737584485515
0.11666014150254689
0.1124882556989265
0.11416850332775498
0.03890426161800586
0.12716015544958018
0.04272370130150445
0.12807290319340686
0.09445483278751453
0.09606106594220246
0.12292256359371026
0.12880335298445256
0.0864840127789048
0.07494864929972957
0.1265794906613286
0.08606308389755907
0.10922931735448933
0.09142385593836347
0.12283824663999443
0.22449967287128086
0.0945302575894545
0.09743607618356938
0.11481602386442652
0.1370249856515534
0.09091777991124637
0.06792036132659818
0.14775110580511097
0.09051068394356183
0.08330893647148661
0.14137570202288638
0.05856109859072059
0.09084086978228077
0.08760732090318586
0.07957352900934228
0.11213868901460311
0.0799613782878037
0.14216399263942142
0.12969219365567303
0.08312824683242938
0.09229762322260864
0.13162553645649888
0.05619434820354918
0.09622657585683375
0.08574794723056699
0.06626020241818406
0.11575108452697656
0.1145771410073854
0.06416630607109883
0.11703006421904097
0.08479535504212046
0.07550285966620482
0.07368393838961165
0.15645763287190104
0.04864831395314053
0.100061494413421
0.14082929615219653
0.13426790090129348
0.09694106332049336
0.09456505157563405
0.11265737775624421
0.05395632330961678
0.054856841413089504
0.08086361641594439
0.1076618836104759
0.18325689140412704
0.08014481808750935
0.15670959662235395
0.12086489014856104
0.06653913067764775
0.10828260562189007
0.09336117829183328
0.07934940883174157
0.08770175820175495
0.10662033470635555
0.12202434796113168
0.09377774271787051
0.16377898503642194
0.1038317035336574
0.1311862102015094
0.0852384959624977
0.06002577169711952
0.07392261285750601
0.1171774610348946
0.08497562244836943
0.11131098909234742
0.118384506732652
0.14828855005546432
0.11886806481520036
0.10010510971476497
0.1230631843589258
0.11716009076065312
0.13979877772919588
0.12743372146409046
0.08110811922809932
0.07412763824222326
0.07018245208546936
0.09852324956435976
0.11566352060687402
0.053025085051026016
0.07813029040516967
0.08042384164504392
0.12719624008772895
0.0784263038814703
0.07115853102773777
0.14096697220223983
0.10043601743689028
0.06246603676939935
0.14845466960054854
0.0515711447316261
0.06503265867444924
0.08572249149055905
0.08851951266027414
0.11677999621743426
0.10780842833302383
0.15399381292386047
0.07421976134714063
0.09007528738907873
0.0725330622935568
0.05576395950425292
0.09368627235270699
0.1128232594743556
0.12480626877077501
0.08062190105689991
0.07455763709899121
0.06785959182110628
0.060436916629388764
0.03407689400333759
0.06594096858060434
0.07214946756735854
0.1355508027509004
0.11430215234721164
0.08008179311926464
0.1433972514921599
0.16739718636622405
0.07080726426271299
0.0770444897287485
0.12447866214515406
0.07812119328226794
0.13895589099176325
0.1386346076854132
0.062390963417267235
0.07529960308720694
0.12239489572697587
0.0643443451908717
0.1453309454643904
0.14183184107588354
0.100428559276534
0.11821784716973244
0.04445207004251333
0.11496030585890513
0.07720647532560912
0.11275296618395421
0.08273418178233899
0.12582022158096223
0.06452594142710497
0.09034693041043493
0.09620734152817934
0.08660858149437502
0.09637830396197664
0.12251263663171473
0.09161873824829535
0.07363876978341567
0.11705052914851105
0.10657464692987403
0.16889128573327977
0.12110903946232986
0.10719589892110412
0.15381216545521742
0.08302737753212912
0.050600765864157515
0.11736167176788156
0.1004997162207947
0.05204288571005101
0.10231587304004361
0.028735791243795175
0.08029583368061469
0.09886564366261259
0.11686115855739591
0.11421071970854048
0.13119567774092894
0.11951267788087354
0.1453041412006522
0.07843833066922395
0.1473878427785613
0.044813646544496724
0.08852187108580889
0.08854142144375834
0.10774470679167536
0.10271375280106751
0.11634630683547849
0.10728798134374061
0.1141781911219839
0.0740133017277789
0.14643326416745697
0.09721692544676744
0.1158265392946379
0.11063799855957786
0.13010697237443206
0.11989469065506667
0.15593193310381007
0.10567326512466595
0.15608124550115257
0.04733802445009488
0.07951989225492712
0.08730028052695114
0.07006258193519858
0.11987689103754548
0.14005781137717274
0.10561915429477738
0.08094317821583058
0.0768363982896554
0.05924467291364564
0.10082041533460682
0.09457560760698716
0.07796412001169761
0.10389162895374943
0.06371239704227813
0.14588310925392575
0.08548017009980147
0.13064928749536647
0.11954427222307396
0.06099145727778775
0.08702725657625089
0.0712496665945992
0.09628360810854382
0.07825242790916356
0.08123624039843091
0.04151675360516744
0.07959971944573194
0.13633153383576793
0.09267986931021562
0.14171018458508325
0.08765506399514993
0.09268701480592716
0.06907386053010893
0.09679452130507857
0.08089582809483885
0.09643668859215805
0.11441649069781853
0.08206041463444227
0.13342651041661766
0.15563883173469006
0.07203792843709858
0.10030863382323636
0.07743869152017618
0.06935310983826085
0.07727034191067875
0.11191326365745936
0.16067379169919016
0.06501189038207494
0.06986359363681122
0.09941853981196651
0.09357720982053397
0.029960097313773915
0.1300615380972388
0.05068923193157687
0.07095854197703846
0.13411625539730043
0.07842696786866106
0.0958082236124679
0.08712472233359952
0.03754084242337775
0.16372177116150127
0.12466216666479639
0.08763375646985218
0.05071239605782864
0.1197728709714016
0.11132405337365303
0.05915341084493205
0.12374733449458292
0.0639553582507211
0.10139412575836187
0.0715445475801598
0.12046976157397697
0.08549802563404821
0.1428317009528484
0.13315671250925287
0.12109906684725472
0.12923925514216367
0.11485915994803987
0.08892294546851989
0.08932004404795192
0.04119024497904606
0.11177717240414314
0.07707385401946726
0.0551454997514006
0.1533123580601574
0.06508683029289883
0.10091723660784463
0.09223908140340942
0.048244712023236755
0.1045360960311966
0.11519367491562021
0.128645769450943
0.11380984555411051
0.1395395832024905
0.12187038138864201
0.07572072491574462
0.11435780971478669
0.09226807242918653
0.08957920919512527
0.10542804532022662
0.1378269534894929
0.04430068616899176
0.10666623394401084
0.12528214264856305
0.13406451570583533
0.08608428590733891
0.08160283676176701
0.0984651341785449
0.11367916728287306
0.05269362352832795
0.10873496066274342
0.1281725883540445
0.14659883650350267
0.06831840698379063
0.09991994012224814
0.1842956785772395
0.08889705479884474
0.0811704691051254
0.12448679876134226
0.16748417074575073
0.07003475410015736
0.13696724293428172
0.0718896502894751
0.10500213236143568
0.08531430127205639
0.07264307729767623
0.0680781681165736
0.10983578067408983
0.09149971554129196
0.1438475955501783
0.13152979942168969
0.095215994236922
0.10741903234335047
0.08133708825573185
0.08982112707986649
0.09616613236815993
0.11084677831798795
0.08691805262054139
0.0916661832241138
0.12522201297426278
0.1491023821603796
0.12673182617518608
0.0880594651412439
0.1349529343369074
0.10359111387157348
0.1117241430343045
0.07866764202384213
0.07840696336622999
0.1331072723540474
0.08592752567604073
0.07152563069625995
0.09973477606950996
0.13409063009489705
0.10817285150846848
0.10362525567440296
0.13419434320423512
0.12937751327813646
0.06141989153741412
0.11149662152724268
0.12598618277424384
0.1344867847956064
0.10420118139349764
0.13454952564321532
0.11544143719606019
0.1221911983488235
0.109743694071744
0.10919037029169783
0.09150469844294881
0.10918771265110738
0.04456017569081666
0.07601539418791745
0.1448022733120343
0.12710274081043774
0.12122003450460284
0.14717877549275837
0.11294050562203684
0.09107492460246028
0.0982966014826164
0.10490078176146336
0.11407399436931435
0.08799233426241099
0.08339372215879459
0.1567006219260858
0.08591811203215038
0.1147805358877905
0.1732073362285262
0.12112690253568181
0.10058836780374916
0.10756930148370075
0.06787316510826573
0.10441561992615946
0.08105850871377931
0.0838177187484801
0.11546812953022338
0.09299464389987007
0.15997622270923642
0.05094472355371091
0.09904294891329193
0.11576851087392462
0.12992435690606388
0.11264274031729157
0.0804449811195239
0.11433835370343803
0.07476300882236317
0.12701433020239397
0.120690121823869
0.08820521259562505
0.08443732858822661
0.10295908257228685
0.08966477200234207
0.10749358890938053
0.09491217231401655
0.15503673431273052
0.10119763394680925
0.10473362519639884
0.07334086377229436
0.04777285080794709
0.09433598528192214
0.11203358592781272
0.10051726563015104
0.06664174161871195
0.09411183504071795
0.07672012483074284
0.10266603223202041
0.12006034021723597
0.10070045206828065
0.09098496011793426
0.05197625049029933
0.17496981207220527
0.07454323118300249
0.0952131283478156
0.14362946090505335
0.10197330324811857
0.07939650078397108
0.07492662876034162
0.08274798720423558
0.09753972630012564
0.10051055308450235
0.08993148330552432
0.1586411657544972
0.07812201601445526
0.13921218857719822
0.09644147035255964
0.08405378798159074
0.0782442610229413
0.09670591352798619
0.13526635734784348
0.09358674628780513
0.1265451957198642
0.134870070474389
0.09623729989230803
0.08085132363660522
0.07282761630870906
0.11272893248408604
0.10624610064452114
0.11135672011458986
0.10768571429664249
0.08671956984701097
0.10643441905858755
0.10589776721192583
0.11641131038570608
0.06105014184248994
0.1432230726485982
0.10480042949377016
0.1489714919521929
0.06928534955589363
0.17137895756721827
0.11589473924765843
0.10641086147079773
0.0758000519441307
0.10477404446346389
0.10557551195649266
0.09964981176135132
0.11991489482328124
0.12396834170000422
0.08052366645842243
0.11860292112865889
0.10732150892827072
0.05400430144181956
0.08892790377154744
0.026561080550554644
0.11297996907327229
0.08776012621849373
0.08306468249544516
0.08319208688460819
0.15580281570089516
0.0743300223258006
0.11508980331929236
0.14878843032680028
0.10603107922203071
0.09740357290922662
0.08800136151184343
0.07169796202015997
0.11350238232993742
0.14262060049235242
0.06741392035552446
0.11839775364365984
0.10813142203477807
0.08865354406850821
0.11329552733545595
0.08527811449987119
0.0710031417508949
0.11100852158921072
0.12757655413831448
0.11149534863548717
0.1320057824278879
0.09749259261472044
0.10544240182395659
0.14981633379960066
0.08990464048625828
0.1164108582933578
0.11408267279651665
0.04620844948176217
0.0935419058052191
0.0679337128383889
0.026562206153171022
0.05733395859581961
0.09525592796160647
0.11483027433206396
0.08290291881215572
0.12107538155698308
0.08559843529878568
0.12733237215424262
0.11018480370362436
0.09529881340902673
0.09080284290710751
0.10876725454883644
0.06265199018742239
0.06193313461961136
0.13964717165393997
0.08954527580807983
0.13358494564747503
0.0929089430633514
0.11763232684697164
0.10697560923035186
0.10840648700846238
0.11866145168445205
0.058424834648680105
0.07818458103231393
0.11640982341803419
0.07278142005621427
0.1051914695737779
0.08891553373047546
0.09055574033365223
0.04289404209676774
0.1157843698092538
0.10151512313926021
0.08599926884043736
0.12692592842817796
0.12686970976505899
0.09076469892034035
0.1142869244604744
0.06391432294886953
0.09737484902921721
0.1314533259076852
0.06354386392472668
0.1201286301130629
0.14482948134578755
0.05584062565420084
0.11667827063549481
0.11175541987727183
0.0796898528537143
0.14807847789117456
0.07314477408294015
0.12999767241652954
0.10451348411978513
0.1498390270617006
0.07834248703503545
0.14115285361079205
0.12259883557871272
0.11107651675309871
0.160908904378079
0.10346349651059
0.10083449631825266
0.15164968462221162
0.09911360478519085
0.11733320591655856
0.03552786994247696
0.08970454568305385
0.10730486745706497
0.13112953684116807
0.09813055154248616
0.10553435643289288
0.048573607569947976
0.11474877525308717
0.06368460013156879
0.10039006827074168
0.12447104484789093
0.08797530666162401
0.10180828387503514
0.09365995559851903
0.1746392645809089
0.12083206157361058
0.14098588768507803
0.1560272555993156
0.08808031108215397
0.03970858411106165
0.09510565988210606
0.12199026500893614
0.09287132782555732
0.13566914504740243
0.10368576394204398
0.16592633921142735
0.10698651732161286
0.1258359862776458
0.11102194130363147
0.09118176288341286
0.12568137720455286
0.12073724226555829
0.09151821639313405
0.08353204733243154
0.0839746802319471
0.19767294269153202
0.09757801646332112
0.060944496794839924
0.09490176134821382
0.19928161609323586
0.14760558218424993
0.05401983507358613
0.11043021651086062
0.1495334353675463
0.12565358914580582
0.11467448505857004
0.08800389022990475
0.13589225106578443
0.09778830710660441
0.1281802351229614
0.118684198184001
0.07795071964648512
0.09655111415642971
0.07666525510810579
0.1298380564506071
0.11353844724557575
0.10279679493940852
0.09777793251812217
0.13086657103178823
0.11196331522950112
0.03614515472682017
0.08552719947903985
0.08589141434065281
0.1082304967746504
0.1035176485579067
0.11773184967959607
0.06524798023913148
0.10071955348558488
0.10236437330346605
0.09835971671371152
0.09082296359967217
0.12965289404047686
0.12157975934895862
0.13065350509434737
0.08252268505248914
0.09392170005511917
0.11756065201226963
0.10818624415181
0.06288765015996975
0.11327275412604323
0.04918770593948164
0.07697684307872733
0.15280068614601783
0.10995039856245685
0.13627203709391217
0.07746200733029537
0.11543557314583662
0.11011180829597587
0.075371937579616
0.06901857214861892
0.10905244855791754
0.07871743159248784
0.1501360395531455
0.11807127073307841
0.1178714939282311
0.013090536633083127
0.07360259180064965
0.12585257066867833
0.13774743457588606
0.12040169764086671
0.06738307591070589
0.1175345924836692
0.08949978927707443
0.1096835651636725
0.16717357494972757
0.09857087960494014
0.11461121878261532
0.11825961179873593
0.08541334768700878
0.20766591493513825
0.09686746476964403
0.08885837947706281
0.0937520930151654
0.11934008393529016
0.05938826813196566
0.10029960022404433
0.06890445018429771
0.12692409476044858
0.061698830589817774
0.11036271273633495
0.08726509497596226
0.07633314544016856
0.12427554329335548
0.11108885941877181
0.1293308941538293
0.17212862279528693
0.10701797099711617
0.06775952244286021
0.08698684116970165
0.06208380345343897
0.07289918168628842
0.11536785646063244
0.0749393666946902
0.07345950052663858
0.12375920514265304
0.09755830029976009
0.14550160041340363
0.17806270555897008
0.10714230773826336
0.08385111039864675
0.15760771266646706
0.12980378551476218
0.06600623337792982
0.09542642734058919
0.07338635792419962
0.07284843804842711
0.08127989009752627
0.10139484892575179
0.1030204748259627
0.10193021879221784
0.1414677404771633
0.09533874883688873
0.109701319492664
0.11948448240913345
0.10668645479716721
0.13250409231706842
0.14800467971319856
0.11228137967452018
0.13922310598566656
0.13301284854584497
0.03403150453586494
0.010024001408731775
0.09150731326585526
0.11097558475124569
0.05667647678326651
0.06592662373504166
0.0903054912700326
0.11816047441594933
0.06676720261581381
0.13699335789792288
0.0960052906767859
0.16496979565918002
0.1633569355744427
0.15681700220316047
0.11620637102623595
0.09535258167159837
0.07245011556226409
0.10692974133659269
0.12122933266039677
0.11610537163394502
0.07148047614547323
0.09288608363983278
0.08860693532588741
0.18033480133411212
0.026849234038853795
0.044178313051959864
0.11199966147478647
0.0633443953740185
0.1158087150966777
0.059255394774944854
0.10495651214224687
0.12203611881166698
0.10283935495386964
0.1416329643159889
0.1755347625488417
0.08430456080333837
0.0881032351840765
0.050492817746208354
0.08022604172245304
0.09646448602615863
0.09703334488669084
0.09036053625974218
0.060290717845274795
0.10840248051953832
0.10841873456036301
0.16275906116634736
0.11903817246472903
0.13010564865831478
0.09127961711406433
0.10298508951062699
0.09026562734451976
0.07648183289473716
0.12756059226206828
0.09315433053717527
0.08134467822404574
0.10479451769129597
0.07513521879366433
0.10590430696451726
0.08921916999316132
0.14306624507343685
0.09700377850102476
0.07454283732829899
0.09460897504390414
0.046462929897951144
0.1055959460470441
0.08409182590824342
0.1113002741734885
0.08488303790175342
0.09135100380250631
0.1084184468034238
0.07135792522890713
0.03850592139950574
0.06769685966898514
0.13102576528865195
0.10047527349085252
0.10251554102148613
0.07469779501677765
0.09255400395407479
0.13143541406029474
0.10069407999568336
0.11424323193308937
0.11127570793861487
0.10314149108204315
0.11646413531660735
0.1058373689297948
0.06895453413274606
0.11725445586837809
0.10910223791935678
0.06002875108988595
0.04770546887411091
0.12429789693409925
0.03956405199079987
0.09576185251972434
0.08662989104778471
0.11065186154463218
0.10529337286749785
0.10085926509096357
0.08997183989399776
0.09877934514519277
0.08340363008126747
0.06325471008035718
0.07438644534008174
0.08267409088708938
0.08450832283995902
0.08217087830515646
0.12142723121680557
0.12166143622579297
0.09022261457749553
0.13653705985553213
0.09204699795837074
0.10853130035592219
0.1729471732014781
0.06542713379606455
0.11529031243093664
0.08466740890489123
0.09183241280561202
0.04627764995724718
0.17380710537923033
0.10695690834584982
0.1564488115476532
0.08616523633328682
0.05809422541632993
0.09299490475324007
0.09183660443794021
0.10327651913199995
0.06237540115639326
0.07738981899254972
0.11931506544133126
0.058110315285231154
0.11027448099316448
0.10821805581649628
0.13281941438814582
0.08496339676072504
0.15908220101763537
0.1482958249820368
0.12156816349076165
0.09973444326018269
0.10285266480803519
0.06333373994933975
0.08600638774313793
0.11810315373192265
0.08785425678243339
0.06601493889316463
0.04539683981233376
0.13566664899981337
0.1144429744091373
0.1188136459110567
0.0837716799030161
0.08747845200981716
0.08016192780525899
0.12448623524896019
0.20048044564847647
0.10229457688392982
0.05936176429108364
0.1048911469345517
0.10290593831673098
0.04732253141032609
0.09183538375736874
0.058934333984958585
0.11933370551260768
0.12096199445462982
0.10742069317833124
0.06179338129598011
0.09456585786627608
0.14014052660793114
0.07531558947718275
0.12647883680999936
0.1195575739155866
0.10871088332366072
0.09899602172252513
0.06865632782273398
0.05211126416697813
0.10068368366488371
0.07254959798205568
0.07943159216906731
0.08347122365677903
0.08007029943068163
0.08171547961673137
0.10186409619529421
0.1112077955669173
0.08977084970704413
0.12061188227975035
0.10293536035785311
0.12957824178438065
0.12998963597580995
0.12042600175439037
0.15703563389678216
0.12731648402390686
0.08853512924747543
0.08520366714697618
0.11665533448018998
0.09133875014230006
0.15572930430789322
0.1100267149057784
0.07979064988557469
0.1338163258070162
0.08907978793465518
0.08154856091658719
0.1469495266183947
0.12460041911674243
0.08968559692349462
0.14006711510738185
0.059972657757943956
0.13928082493732957
0.0489335285404076
0.06623952214221898
0.11130524374306708
0.11939084366840194
0.1124008722046064
0.08972899513814918
0.1060471355468561
0.07136935343159032
0.11349028246610214
0.13593870122705715
0.08860952618347054
0.10047737832086209
0.13357977285932296
0.09132764629808238
0.1138172626738478
0.05831976529641774
0.06912565227479628
0.07220256848266446
0.11085878104815287
0.11013530047389014
0.07840368585392096
0.10353799868131427
0.11835847615348125
0.10839306919039877
0.14728696949538184
0.060516896028458625
0.08961884070291662
0.13037666794653663
0.0949356605837513
0.18444833790286785
0.09582569647599974
0.09523653629423644
0.061775759755797216
0.12194583979384031
0.10110164656276822
0.10504499596623741
0.12704249674282633
0.10833074032283939
0.021194161961691577
0.14475928548442696
0.07850772050128943
0.10963620322537468
0.14016833574701595
0.06611236659962885
0.12171751078484999
0.07043655471860129
0.11941048762254242
0.062408798009890076
0.12940035473046715
0.1321161530634644
0.13754460792786685
0.0641278322268806
0.11672589467593775
0.06972391287817992
0.09940606281140049
0.038605161363475415
0.09606380603607488
0.07335186179242988
0.15929789652617943
0.10610875608066735
0.17257990721430255
0.08733498036989845
0.1000733352836271
0.10196525475992224
0.1294546755992631
0.1429998905118034
0.09946253408604153
0.11598462613872422
0.13033313354131007
0.12589536207183075
0.06959684512754549
0.06952246968007564
0.12247795585743179
0.13323650514181698
0.0787704109758311
0.12588069532213325
0.0764379390159972
0.0639825708881056
0.13267001763180294
0.10391033180771175
0.1088474371587799
0.13977795895640707
0.07686936281873011
0.09386537138124941
0.055209254357824936
0.05978138390351014
0.13393591321887457
0.09361508167778648
0.07957750237255282
0.11081091605060463
0.11335211537163561
0.04151393560976447
0.11958351032584133
0.0912408126632565
0.05383764664556828
0.108967913624296
0.13707985872073652
0.1266963117486017
0.09766758958872918
0.06596649836222354
0.1243298662778069
0.09680447761396047
0.048826470410393605
0.08681158837538994
0.06779977375956929
0.12568444899227682
0.11760230334541417
0.11764001472571457
0.07132394768815936
0.15541302915247776
0.09120325842790747
0.09231259392341783
0.11788816956623374
0.11988916757501683
0.05776608230893713
0.11879670708815529
0.10233932107721977
0.0686984887913295
0.11597197634281745
0.06871786571141625
0.10015298892070261
0.0677021438590914
0.06586304085526987
0.07096001497224157
0.07695347582466723
0.03144049874817777
0.10835778351041532
0.1335693576061477
0.08811002281910121
0.14518677302045335
0.10663791359480262
0.1194469357347843
0.11077953061647625
0.1011353631525834
0.12248155001518983
0.06537920100292433
0.08768199357264332
0.08895497635838057
0.05381149512531675
0.07027540652415937
0.10741080644150929
0.08103449970614768
0.09308560663858628
0.11110517434291181
0.07053355039465314
0.09034809576059374
0.11750167159248597
0.12102574440309746
0.16386746832850613
0.12350240964247426
0.16237108387783664
0.15408642802208178
0.14823646412763408
0.08590334925675285
0.1200018135226623
0.07025048744867499
0.10940277799890574
0.12188314595972811
0.14542514842358917
0.0596877238043178
0.06572337510609214
0.08571847503595781
0.10719119816231691
0.07900708582765467
0.08683464877272208
0.15463887751483874
0.07258716897469057
0.10442659389306636
0.14146639175139572
0.13793900884387827
0.11168127691656304
0.11642033906034216
0.06080121890938187
0.16204929947801333
0.08413175130705486
0.11445419084021372
0.08315396773367857
0.04781612424976361
0.10283866820569273
0.09513332149241575
0.11781235388284625
0.0850452557168031
0.07891148298663514
0.06421436348778717
0.0947864250761324
0.12419556250958136
0.12256313621714063
0.14978965781481338
0.13030616283650232
0.07996136182474003
0.10332754539124264
0.039705203931551095
0.13945998471832954
0.14798479550097154
0.0820327106212124
0.08002645658489393
0.10057137675182715
0.13819190906643058
0.08109609396268959
0.06725586281941175
0.08660602179012716
0.07471814221256153
0.1277559267672745
0.10674247639883945
0.07592812855287412
0.10972857386212148
0.04891124974499344
0.10900604880308526
0.0950295936355068
0.09457228529826209
0.11233594944764828
0.11634017895583457
0.13215375806934448
0.08774319079447038
0.10985667746531837
0.11164065766203173
0.08468560721029654
0.1189155756349404
0.11200825921677807
0.18198405246751118
0.059858538116886344
0.06270586338123661
0.07932971181332835
0.07029296328074018
0.1256239953253375
0.09918528037259311
0.08978891498084772
0.11138263104816494
0.08111685729525964
0.1262045101254102
0.13341349419566076
0.11317719310089018
0.06943643157570634
0.061911853422148624
0.13224355125186027
0.10541376230977709
0.09853788388300863
0.13470582115078267
0.09146761289259109
0.09737570805605379
0.08434058532170272
0.1103444080504875
0.1353856051487762
0.08658510245774553
0.14092874434221023
0.1358554394020512
0.11300871430820705
0.0851467953963166
0.0836741554222998
0.11150198299250325
0.07442735424733865
0.052565024882456596
0.0932918491853184
0.13942482807501508
0.07039660742379623
0.0812952855862934
0.10227234079376804
0.0908825192172055
0.1053895490283962
0.10296724514914411
0.1222456797702207
0.09198116166416662
0.04185649539034988
0.1284585856133308
0.1630042858161782
0.08877536122046813
0.15624017534611812
0.09449129366684567
0.12761479987651017
0.09099778214012355
0.1936830336956856
0.13066484392440328
0.08349502245268138
0.09218146562883926
0.10326937118905838
0.0873268136173726
0.10987073596676039
0.12626912949902785
0.059260038801136894
0.059885626809886655
0.07450405314581063
0.10724325587893468
0.12243077251090648
0.0755318196874882
0.08686986571202085
0.1332600673563321
0.14192863962582805
0.11008485660910049
0.10872547498557862
0.06512654326694815
0.08174970880435078
0.1313963755656326
0.08893629005243509
0.030811241481927806
0.10022545498892738
0.09967812541905115
0.07051251227489211
0.04371211783140474
0.13804658785862273
0.07570461620486882
0.07743488162317798
0.1264355044714854
0.13282612556859358
0.09405632090601791
0.06269848928710856
0.09799633245436506
0.09888770271432604
0.09745984564533906
0.07071329624301484
0.11277760578163978
0.12434296808223834
0.16664479712721808
0.10123769981836821
0.09104727827185072
0.0947438376616157
0.11416185193675103
0.06371565054272244
0.11829282506580749
0.07398069768201007
0.056307283022453754
0.0601865507427731
0.08145454635106861
0.11190795203077733
0.04032637989097314
0.13958600611934374
0.0821597774261976
0.08374607617574076
0.10691887262326925
0.14653938602182323
0.04215073350398634
0.07802238986252792
0.13428313383623547
0.09308604043695846
0.08470902602828204
0.09069661866845649
0.1119419535220558
0.10606294888521801
0.06466828593204427
0.1280387699091443
0.14467679694479013
0.08077676931968708
0.06020094761593931
0.13758963730330998
0.1274940524431813
0.13244998171794464
0.12205925130546569
0.08696158224050957
0.08228403918270127
0.15190424637837568
0.1371393433129275
0.09204301241373884
0.08219626395263048
0.10746030848259683
0.06517150651165202
0.08879800096781963
0.08367883282226965
0.08439653292182553
0.1004732237634856
0.0668920458268675
0.10706259558679848
0.12204319197330904
0.03827280804163387
0.101412122299666
0.14667037166207775
0.05944215985954604
0.08812449425114358
0.09822440355355579
0.04605994967761861
0.06896928123274589
0.09988206001075459
0.032418571029087725
0.10717058863684364
0.147369893424805
0.0873457068268509
0.19183404436013793
0.09860972009897453
0.061699434921382336
0.10787226271755387
0.1104227703215632
0.11783222636864514
0.14063655426792274
0.11037375283757755
0.10238577457285056
0.14078048487789574
0.1175132978357564
0.15254769994189082
0.053781839623776743
0.1184628794090279
0.07232765507369926
0.10576307798517606
0.07506916200851903
0.09286959903038092
0.05523838746263402
0.14834489717446542
0.08580638129956544
0.12019677917990504
0.14790435639197774
0.09932887952285444
0.10099082431774523
0.10306984670778953
0.15778716755064412
0.10965916683408622
0.05267210617993495
0.1320941301712425
0.06657299725384913
0.10318683007935345
0.09614925665277388
0.11058459673481583
0.12555218653703287
0.11474757553615075
0.11079063655411955
0.10099619053182064
0.059704681182406814
0.12566755393003023
0.14894833525748646
0.12779575917820205
0.11240036026719115
0.08532343072867406
0.0740270482826636
0.07817357409578526
0.12151485528326271
0.13251779445286163
0.08199899755138063
0.10834934408027073
0.10912594816722576
0.11369510316873105
0.10722454417077076
0.15585988961288594
0.16645442741320904
0.10249145445348165
0.0987572361764493
0.06528825605084343
0.08371144499662282
0.11606040156176166
0.10532960277435532
0.0940539727057231
0.11500851971045431
0.12198798236362496
0.07798013501367293
0.1159152220149178
0.10086049563180086
0.09991959863403393
0.08834634762653419
0.1399144295302838
0.0643667292380136
0.08537101668669961
0.12787436968378377
0.09372403773227721
0.10392340274043213
0.04844299232081562
0.13273456463451935
0.16541253297912448
0.09627710654278676
0.04058741991389821
0.05805313026863079
0.04658800379095681
0.11546433585352392
0.09209014905155288
0.0907420985369794
0.0847303878108042
0.1618038955225865
0.07114627660069742
0.09467859582240387
0.1236339196622201
0.039386418472867515
0.11434317456276338
0.120824725878349
0.0828812701872383
0.10217225080202466
0.09509428999287951
0.10446592050392525
0.09031218018728335
0.09518646597114194
0.11758682463435169
0.10294252777551596
0.13551333378633718
0.09243657909083335
0.07431279920140865
0.13434676281051838
0.10716904384266389
0.0940019640657895
0.12262947349945716
0.0881655508915995
0.09508102586040808
0.07693841227280171
0.05900311570251858
0.1176228840121549
0.0810367921776492
0.05793675587936785
0.10021016488910094
0.07350875754654872
0.09979626919341342
0.041555256389937296
0.15194884319545807
0.11213402163259631
0.08089998429531982
0.11207506817174
0.08291863661973567
0.0821810261189831
0.05582785708470547
0.13486639549855406
0.11247948809666303
0.14478004568555716
0.1297915814191962
0.08488999090807456
0.12524290193396762
0.119329731717989
0.09240701226486521
0.046261723360100475
0.10861085823751175
0.03541365144945455
0.10325604784087493
0.14654042169658144
0.15198469629657047
0.12097170867294327
0.10943655629996785
0.13651801585365037
0.12441630430672598
0.08824592002819794
0.11182790023473248
0.05215280992439683
0.08676069171236371
0.08389328595593427
0.10822788117770962
0.18333647470114386
0.0947174424873884
0.1076101835569479
0.08471365334992187
0.08727137930315709
0.05632754136339454
0.06173717480756426
0.032027378950403265
0.14735359281747212
0.08367551478357538
0.07616780493909453
0.06509415829037707
0.08728031712222746
0.08737515037573104
0.11028631703141724
0.12422899318260602
0.13921030686337715
0.11177325286968197
0.07524132310512813
0.125011628319659
0.1085220411690557
0.11580390558978922
0.17227596004927032
0.08274034309030187
0.08586752482914115
0.0755479545339342
0.10568225574447242
0.11380685340750502
0.051108278429493614
0.03838939616361733
0.09101772684871692
0.11226173361799661
0.03711962060730371
0.08620434020158993
0.1729392333733889
0.04339879136733505
0.14750276079418212
0.12979905470112243
0.06864170465832403
0.11844136121551528
0.11888786684458343
0.14404035310251853
0.15044478866270744
0.10523108386590217
0.06739514524670015
0.039877382069762844
0.10018327823969521
0.0801908729758482
0.10901758943459464
0.047594865270773806
0.10773587895884656
0.0842746273145072
0.13817162490110257
0.10115382675470715
0.1322789615405386
0.0943740782622613
0.11382853085365405
0.09343868018733305
0.07224229640599664
0.1106122765341236
0.08482153158988007
0.12391308309288465
0.0439990457208203
0.11911815095486465
0.07633820852151665
0.11570410222843988
0.12198278700859314
0.08514380309075198
0.06668209020137225
0.10732733669283628
0.11250951622207626
0.09227080768944708
0.07309684576786471
0.09845859410886794
0.1462069198467986
0.0787073365117659
0.10033700430441095
0.11210238694704162
0.13098888019765983
0.12042374307048018
0.10405639322918761
0.06022614141782391
0.1173918281230348
0.040741720756274795
0.04285892914022688
0.14840797176803322
0.14495186220371767
0.12020478166266155
0.11186057593002299
0.10585524671495342
0.10154185401064648
0.09621894217287663
0.09249744254109325
0.14020343160795126
0.11356375278907048
0.12820044421415386
0.1512515980409352
0.10286487897450096
0.08813365808873047
0.08579744031887222
0.12337249584000659
0.1300709278588516
0.08197941519907573
0.12216763005463047
0.06707492824238148
0.06227178963828111
0.10619809569905844
0.06960762770310917
0.041833835576984384
0.0717124747812881
0.10921757543730037
0.10143850131575843
0.08262002133119155
0.01295263946473231
0.1141008715498324
0.09912294162109024
0.08369024612314305
0.15649722788074394
0.17866941494089575
0.11338640193948499
0.1417196916844972
0.06752210789349976
0.14168571710348982
0.1272451932143295
0.05364611728436439
0.1507476483666888
0.09680533066270042
0.14253183364128244
0.11300292894438443
0.1272970951761437
0.07009354337972412
0.1043528732544136
0.13043824513638036
0.07640587292365085
0.0918535893783224
0.09559186189230189
0.11449290419830728
0.135975453569077
0.14992029903248313
0.10185844858710186
0.035308612576117074
0.10317815709825895
0.09307911754936024
0.09048549718488383
0.11200538438081453
0.08530360220834482
0.07631880150200379
0.09942823642889655
0.06505116828250171
0.08816379749172437
0.10383250935061299
0.09924454609399311
0.07975498026029873
0.1348448594922296
0.06419242499654923
0.1423166969696387
0.0447096744916226
0.09343345965529602
0.0682577292594746
0.11261475400370963
0.11098374754439709
0.14360499111974206
0.06202429748142803
0.09097514088056456
0.06321977033100401
0.1451233211535077
0.1284124067396298
0.10456029571695179
0.09370375863839885
0.14319560895489775
0.07446475569931282
0.12117866672372916
0.12668020608013603
0.08271519351551243
0.07067483162104043
0.044435943154768835
0.09675725965007265
0.11673586009920253
0.08750144021133754
0.10683031004669455
0.1164157990996136
0.11557958593133277
0.12937197957502616
0.16666050895030432
0.13518265736842186
0.08640908483132946
0.06070157728422303
0.06449404286847715
0.13908278940056246
0.06645644230446665
0.02488124617712055
0.04106948054150961
0.15722082043622132
0.018970661541951178
0.11285172144752442
0.09152837534612403
0.1021916875218345
0.033429854817712545
0.09062724412042891
0.0803644969929891
0.16093669132809266
0.12436774214339001
0.09984835800270452
0.13327622139530945
0.10056965639080997
0.04981374234993654
0.06080218729204548
0.0851931454591413
0.13149340154922448
0.12625422417613832
0.15773038627160124
0.11012605346104255
0.15951642112516207
0.10316146885991798
0.114392012132119
0.07263067085119283
0.14768677166223418
0.03705751534445911
0.038316441047959414
0.05366958943018072
0.07624367535000401
0.0839229504576125
0.0818239039864319
0.04645083850006973
0.08597433146040133
0.0742870598803199
0.13207758244829063
0.07422803228963439
0.05529652553888122
0.14174318399949065
0.09351576008522693
0.11956523770739101
0.09919385059619851
0.10268083724490451
0.11997286970381053
0.1127757973293937
0.08218073731520918
0.08164133729550616
0.09393865062230931
0.10764427532090981
0.1432710433211839
0.05682746927516945
0.049375000206575724
0.07376874989478892
0.13420342118088419
0.0959113782095792
0.10674792503862338
0.11536031594741042
0.09786252529077004
0.02766182761367579
0.11087227094876449
0.12194542124278882
0.07768270391114031
0.062197377635333825
0.12749519844453305
0.08999454148366844
0.07958795727127513
0.14567730768947806
0.09950050571941958
0.14517388065753029
0.105980010832051
0.10539805638702307
0.07881848300888689
0.08503808989372476
0.07566602150714469
0.08279811574492515
0.06939270905245623
0.06814366676785272
0.091464828733889
0.09268164686646545
0.04608609633216499
0.07918047764699428
0.059475094067305286
0.16705798090752103
0.12217074986784265
0.11232964032483916
0.05269860925627831
0.09303581923699018
0.1200200104117313
0.11806331769629866
0.059687471890706174
0.03129445287727338
0.15271005468335516
0.1190737183363271
0.08003193421483129
0.089256519047625
0.08809634958026574
0.06709152605286947
0.07078456171634903
0.10851339821141377
0.07731310968829314
0.06030967082116001
0.11444672218513456
0.15335028945941664
0.09360619706380878
0.15777594057917177
0.09513819220455665
0.06733919450937753
0.08609577645469155
0.09025964540911076
0.11769906813876665
0.09304258305713647
0.12369133309822276
0.12384198199369514
0.08455148636274032
0.11759620504713465
0.11229377697037014
0.119909245520404
0.1775660034223568
0.14327567611891465
0.07576576687533018
0.09481823876353569
0.12928943563384157
0.10028346104340273
0.09755335874150768
0.1020437636805933
0.11825576220314213
0.15079265575800632
0.03327573688593595
0.09854684037128573
0.08425638951371149
0.090078804686194
0.0680626457070537
0.13962002320615172
0.03262648642590392
0.07712313351308919
0.08608825836076646
0.10832712825096874
0.15031450846468605
0.0888911236822299
0.11800259397584527
0.08630325917143676
0.05420974923829796
0.09636709094182946
0.0680916134615441
0.07023781742917364
0.12179432374415762
0.09489478001034393
0.05150230979256001
0.12024172076373749
0.1441563511392786
0.08053150982835403
0.10194922862042088
0.09627427553659361
0.0868247601163223
0.09384747835555791
0.06840867070175896
0.1000690183886437
0.09310129372243597
0.0757322878626077
0.11612091093051459
0.08600868912566571
0.09574514419647653
0.1036215084283302
0.0471798642167342
0.0872894471574148
0.11048359613127962
0.08126076339471157
0.1322556812664175
0.12310351364728564
0.07871785737624114
0.09479092965206457
0.12154774753765361
0.10168718920375343
0.02930613728304529
0.10062166319391837
0.10068806476682284
0.12404262438248391
0.11768280814431914
0.13789015072659885
0.10909874657048169
0.06837906659653074
0.0788990917396341
0.03231854649499159
0.06435343289213441
0.08363949950982999
0.11900719637093604
0.09159817795809001
0.06869008735960824
0.1382596251980685
0.06312208910226547
0.07896268763931728
0.12917609775520297
0.113051534600139
0.103256876109135
0.08543468138694565
0.031203671415457407
0.0966271065726654
0.10625595927677953
0.10183191604060235
0.13371491157934065
0.0847565817213989
0.12691387947902433
0.13174199424416796
0.10425696234672384
0.1028662295662017
0.11885871904747325
0.055548392679056785
0.03732380552267747
0.10147707051822569
0.06511978240904463
0.14388641892518764
0.1368301072982161
0.1315153329378524
0.1154882576905839
0.14672788009106624
0.08987274109488062
0.12262394482447164
0.11897489729880872
0.10170617537656158
0.05807570470349291
0.08371374594137296
0.1292049026896505
0.1327185081389507
0.07886822446267522
0.044093842833895995
0.10646573256570971
0.0777686695568308
0.11806019569977014
0.08106288941665525
0.09411068358909942
0.14436396441656754
0.07642142599226992
0.07503005054625168
0.11535925404864443
0.11287005307217757
0.07751383142716639
0.09305711154327434
0.14321555565346655
0.08474887991012509
0.10569803113461797
0.1315344502734988
0.13648460172372123
0.13587125098220548
0.11324348208719189
0.13974755836248084
0.07312323877362539
0.12397791425161975
0.11410082440332744
0.1281749370130347
0.037291137941200606
0.07432611263791611
0.05781542502800495
0.04371202436650884
0.09948166687323956
0.11289266021387429
0.13802264976650844
0.11325695838035243
0.0696502330973306
0.13586618587690197
0.09615994524843441
0.09056914593198018
0.09974876228895488
0.15807160614146018
0.07268401749528855
0.10431333188327703
0.1275116256875689
0.10638459670737774
0.11969830919480634
0.09798608720393207
0.10712216870363628
0.06811478488006109
0.13403637992327236
0.06041333393083117
0.12006171118561516
0.11847927616534229
0.12853733062309952
0.08386855248045291
0.07985333807998243
0.08989058121701553
0.14778675061547947
0.10784380498780129
0.08815352577059378
0.11856998638277386
0.11804501250943057
0.11574836961371997
0.1159278702229293
0.17231199244373097
0.10392302232088617
0.08454507123773965
0.09332184110144955
0.1009638397385713
0.06772487774544664
0.08776507829045375
0.09278982707943637
0.1529548297051611
0.08660103199563675
0.12061511109619338
0.09490895995732859
0.10645258921160348
0.10295037238472865
0.08703357525540725
0.0786189245943979
0.11915940927240744
0.11189258186288531
0.11739543188122978
0.08263311826485073
0.08502136172849327
0.14526578280968283
0.09325290124768268
0.09068998440824513
0.13660294375230847
0.12205933397012983
0.06955200314426212
0.09305312581938666
0.12352612100475446
0.12472613942855715
0.09260423728550136
0.0878962644035146
0.08352633775679659
0.09584400859473606
0.1598668876170424
0.11215595142115722
0.07908108160853701
0.11420582815368066
0.13551737957580312
0.09724306048497523
0.12568020643279584
0.0642179434172371
0.19212115426211307
0.0955861818210872
0.018786901828234337
0.09451825641469823
0.10129105797974773
0.14340000123895427
0.047860452855701834
0.1301376370303719
0.12506577293993132
0.1307580650153035
0.1360025818689278
0.12181652463771858
0.1541689152449192
0.05013085205418367
0.09793408047333979
0.09517525481175629
0.116675457303247
0.12939050007431058
0.1068083640659636
0.05608744151222215
0.13533160083254356
0.1125330320390274
0.0908589971346715
0.09022031450405654
0.05713995083769606
0.05264598628384847
0.11801240713807587
0.12704122963712758
0.1310798557039703
0.08568570246237528
0.14364455986828228
0.07980398728883864
0.11137990871389149
0.07753510126970435
0.06451524074840101
0.1206550062415578
0.03516648813888637
0.09391885246845136
0.10732988541132119
0.10630643970310086
0.13024427618100828
0.1306544802386914
0.12478494462691254
0.0806468144107018
0.06711927377658661
0.12196027745047935
0.06858886222174591
0.10304930968901659
0.11341114978232675
0.10910731632610185
0.07323170198095337
0.08841042449833078
0.1160084983588586
0.09031665855994152
0.08808804067325048
0.06224065284810845
0.10399648045703855
0.0968967188304813
0.09241619269682866
0.13624802153963134
0.06581135785128023
0.11915875728010722
0.1120200993204784
0.04010703254846084
0.0789163128974247
0.027025729913013746
0.052218379348069055
0.04061132738470941
0.06405019118955377
0.07291942451151928
0.09105981766541792
0.0678197853185549
0.06123827592083485
0.08089946368802856
0.08259583473231631
0.101142519346944
0.09870628811532754
0.13606104152028003
0.14151090169509822
0.12937538851878339
0.07443789624080677
0.08072919427071512
0.06855798312221864
0.06761980273937249
0.0818257821365147
0.1120121305212052
0.06645677455797097
0.06328414348848929
0.10906617136074899
0.11530280162509798
0.17278763491662535
0.09695928066239597
0.11954197602417052
0.07642247481151127
0.12018681898526368
0.13126656440740408
0.07375756912186453
0.10487577778950946
0.09434220571753059
0.07386444427242173
0.05668792847381255
0.12660007848794175
0.09228970276301454
0.1381633913295635
0.07940763214081434
0.044403395791378086
0.05936126212839726
0.09994307069483159
0.06950614045726272
0.10007936869746094
0.08172906359530477
0.08132550903397995
0.11853348233335156
0.1324642599424248
0.08000961710164817
0.11417498930931358
0.10923347739833006
0.05795201708736626
0.08373060425588609
0.15918111155506634
0.06332697246995364
0.14260314878863206
0.11187705738100248
0.11662255858839832
0.15857529578087493
0.09493682407706701
0.09299006093965989
0.08498439662814747
0.10913972668685085
0.1423443808243154
0.0858738066361153
0.11671984875213348
0.060019462825590314
0.11265701398618555
0.05794611917234066
0.0860625537264541
0.074279584359144
0.12677132606214322
0.11226718242063803
0.15219000156769208
0.15415983402314393
0.11840104206828488
0.08857522615945061
0.07782684060189686
0.14010871669820624
0.15863577446387783
0.09352636003586977
0.10313776782555278
0.07055538518473227
0.05264301752530744
0.10532349068846046
0.09135939002764185
0.09751799596606162
0.11259566378695116
0.04863545610435132
0.09710833951184589
0.13161856999937704
0.11902608453518498
0.12847090519140278
0.12106101885954633
0.1448884648263735
0.08075743653361762
0.10283304384625162
0.08441829900444976
0.03194827905754244
0.12474344538574916
0.0745472448292739
0.13177608038946143
0.05986472650277018
0.17848394745534796
0.1284407573513895
0.09258460700138395
0.09302448773883007
0.14403909669262843
0.11599229715741205
0.0646960824271679
0.12431762666860333
0.09728294238861664
0.08581443612441608
0.1174932367612841
0.10339158280744029
0.1061984344305249
0.12227741302596928
0.10664930533394634
0.10948936215407357
0.09842133011849179
0.10000338209591936
0.1378424667947864
0.057359569338082214
0.12288817946487031
0.15089644048318096
0.07500244029622952
0.07710558102445741
0.11544831524839753
0.06341645789939584
0.11322006516959895
0.08649547107983095
0.14920753859624686
0.12441051159750993
0.09225483603966424
0.06787043459597586
0.08209246606559298
0.0936680588267805
0.08468757716463754
0.08829705533793492
0.1035218344471723
0.09572534236156953
0.06534144559553239
0.16918275221850437
0.036145729330337495
0.17500015200887864
0.16343122787811387
0.12195961298202221
0.10269570351953303
0.10952721514453038
0.10329754775900162
0.06782733965348466
0.10370950756582373
0.04534470481912493
0.09027304906515486
0.09722826588064021
0.12327882786147026
0.06931807273827201
0.11013179507132541
0.08827705776805336
0.043464799807816645
0.06732617961854787
0.11847060529718369
0.09235984786345153
0.06868639431694154
0.09702736442775174
0.08622141987980395
0.09212150579529031
0.09856353680637243
0.13024770985472184
0.05575991605875443
0.09799254176891725
0.14120248964424814
0.10150971554920046
0.09511348897169655
0.07079987993296002
0.12937095907248472
0.14488269586560418
0.16295956505522696
0.09378106159135569
0.10361002414445944
0.13160572042774188
0.056011146392080095
0.05496126410080262
0.04331376145594344
0.06439971572693975
0.1118962319123359
0.07812942763744865
0.13429956021634798
0.10323964279396354
0.16373579536375502
0.11705206558247554
0.09450331126441396
0.10725036747556317
0.12549732718336956
0.09707460124584706
0.08241564281436087
0.05596937223282371
0.15944409919781408
0.11681069239468306
0.12622729303856609
0.10100918849993362
0.05007772549001709
0.11805221604043942
0.1325748895000007
0.09733820233434204
0.06610592320238537
0.1022598795957664
0.1620483245926136
0.06235554376974617
0.07412183680098194
0.11998089637603922
0.10527133785032403
0.06478904572577546
0.08914262944009244
0.07847659736859361
0.12329467368094066
0.12390498959595134
0.11557913326930007
0.08487536599010982
0.07513821324905644
0.06809708424215716
0.1377044444373661
0.05212190379792096
0.10777166637142105
0.10098805948460295
0.076979019606945
0.09639065999873991
0.10745184869494175
0.12683575867799374
0.13246214682496746
0.09686289136545986
0.09950444083765803
0.07940312560123097
0.10365014070908445
0.11307724012127789
0.08445949569754954
0.05836359581932609
0.1300359104185959
0.10037579238285342
0.15084420267843623
0.19919190569070921
0.11461877943601587
0.10362318547830832
0.12808478025217412
0.031109315941000124
0.11871583261427343
0.09206086922094289
0.033932033146268276
0.06931980504207487
0.11958296522548749
0.10469018505302238
0.12608565338797445
0.0968564788112141
0.10860424047151596
0.09236715938915566
0.07490885172826649
0.053320070241871666
0.08135694493764871
0.12989706768220813
0.07519398895969838
0.11108251933750976
0.10085274293224528
0.06874549416292658
0.08675214265759615
0.12495961488504494
0.08557239720034446
0.06547497447983226
0.0811432749249256
0.08627632975938579
0.1270895790372947
0.06020411842704695
0.08343785744182772
0.11848932351825914
0.12135332831514384
0.09666375267082229
0.12030693808638014
0.15662316893442307
0.0884324518638228
0.09566233991055692
0.10667148242542818
0.11769226162477436
0.08220684504655276
0.11244693217229249
0.16329924063793022
0.09613021456726915
0.10689375412543548
0.08962176403725873
0.052488379168698036
0.10116482901912342
0.07633519535477856
0.12191080999571413
0.11866753897320227
0.07820960257632281
0.15837332588484954
0.12971373416937787
0.11194099959589308
0.10678698480552339
0.07245285321117322
0.0666872444918847
0.11782384634752911
0.10406695618203796
0.088207185605962
0.036300741290278576
0.13196995114722868
0.08774264272626713
0.10053769806991543
0.135351029525073
0.11972952999839291
0.11316081833076798
0.11436966643948454
0.1243318283350924
0.0765146974726152
0.07043918222001802
0.08278056738672641
0.12396193815341895
0.12400197736909421
0.06849643413535444
0.13354824411465027
0.13293887299938037
0.10422740222681853
0.10126248616787545
0.10879221439515889
0.10370757247574625
0.07176427676588495
0.12791480951397458
0.12916775169602626
0.1024910672224027
0.10706812499879872
0.12824900998722713
0.11660265111337104
0.08939849071656548
0.1187718043045812
0.1348817823980803
0.08729481850916575
0.1423427919917316
0.12420823245950989
0.1092373649624887
0.061749870752327136
0.11716907392899402
0.10005944927880953
0.1355247317914736
0.12268262970089283
0.06588068253784313
0.11226121360626368
0.08015695009280517
0.1569155794454321
0.13608301253242772
0.07264814268948241
0.13079359175650518
0.16714255200269007
0.05241417969959353
0.11009251284491206
0.06680796417894569
0.10096671810913933
0.08746815760525989
0.08858907445196358
0.11727317698743589
0.09785466010901658
0.09938195865384894
0.11597889474464179
0.09272011901757489
0.10733345936119157
0.030774058530041573
0.12607443605877186
0.09071403426500164
0.06713674429443982
0.16305751026354554
0.0966762224349674
0.08086047571824227
0.125485119361835
0.09297066292815313
0.1301789558574521
0.1205063796651664
0.1043077854761089
0.1396132246418925
0.0758868504987324
0.11565176536470152
0.12664749618907972
0.06235542518854171
0.09362821849177533
0.09388309591824467
0.06548874939418445
0.13511752494057672
0.06227860746761769
0.0838232582696503
0.025269319484052394
0.06456523195306166
0.13067289825129874
0.10923911998634052
0.05034197489200844
0.07870839216025205
0.06911705500365047
0.11459819503753561
0.03819045821534117
0.06239837390389295
0.14910276368462716
0.10352953161285446
0.10549873116893825
0.09523304200220949
0.11288819313193556
0.11116637254369657
0.09265852442302433
0.0906638767577516
0.09942012655239496
0.11564263376167574
0.12746075705861476
0.07161834584149994
0.08889509942155284
0.058949238280823914
0.06885570609219412
0.12662334547514942
0.08376353542761952
0.08727415687268696
0.08796857028283134
0.05510613485401933
0.11813642521967846
0.07951867013673103
0.10963136233559026
0.0968929543172173
0.07691521203926346
0.10661336552043711
0.10407303303130673
0.10642612007084065
0.06674557335070998
0.07809972944151607
0.10693749994603832
0.13079830122015096
0.110984633770222
0.06705730281173136
0.11607025890468113
0.11395279590598527
0.05579970164526161
0.0994353274437381
0.08717037613403769
0.11521963679866473
0.09830130560800687
0.08277855818682194
0.09592665141417428
0.11489946520615514
0.1181535069482503
0.10615550670075415
0.08889915844367756
0.12586675468752034
0.08855456223942892
0.09382625833409709
0.10984421002072986
0.12190574870950759
0.06522357431470291
0.0871513672989662
0.08558687493488014
0.06264792316964353
0.12584375446408433
0.08077939894392813
0.1001188544415554
0.041493785968690196
0.0995152781543502
0.08209382360756819
0.10965612065099502
0.0955756622920357
0.0515662171104994
0.07232349427632767
0.05712275998057279
0.05409590147573052
0.128074176529269
0.08488111783364431
0.15868222307666874
0.07210510707862702
0.10261782007216884
0.09417582580782971
0.11479157370212517
0.09160222516151871
0.12141904643187026
0.1438751399747718
0.1114162281299384
0.07601772143575952
0.12078305726118393
0.05791696457049801
0.09262071033502138
0.1215108199480392
0.11764821970718228
0.12208273269360331
0.08303285639907379
0.12913436346439522
0.08974454844755891
0.10214697005724532
0.10458431740810346
0.10306932081431915
0.06539460909850547
0.13081185803134618
0.06219629589775082
0.07958610352963502
0.15477991644311884
0.06136857017214184
0.12825341780293925
0.12372511588177723
0.13408836229686172
0.1502369742657162
0.07918829768816532
0.10367403511255814
0.1138165396546176
0.148984497400525
0.05736964138096688
0.05700739302079933
0.10680274828989615
0.11438917134789958
0.07620337592018245
0.07327535046789714
0.1196399478371035
0.0781025285212097
0.10956444907751144
0.08222127158463075
0.14442229919602467
0.09955022587855705
0.1259734634920399
0.10429434947007274
0.1127668506545439
0.04331714343837397
0.13191036078205853
0.09896395911235928
0.07662151569974066
0.09514100463082736
0.055679338368352205
0.11028829152301943
0.09041991261550386
0.15162907690855498
0.13097702253277957
0.1400728444137933
0.1389134012520785
0.1181726166119247
0.13389981358501168
0.14882001848242454
0.06779097332458911
0.13772298950640827
0.1314168399619268
0.06488713519334156
0.09805742855254368
0.10098408439825975
0.12767855616914683
0.07441561259761034
0.13884277568705453
0.12991330342599328
0.1588251870336905
0.10186982993164724
0.14179407004206115
0.029332102656270134
0.12870270357933045
0.16267918244669138
0.12343802885081975
0.13021006367781424
0.12165647099837792
0.1141365593039771
0.10529834986230922
0.12556868561273551
0.08689322920382872
0.08018348972867881
0.07796156207024413
0.12469737847474467
0.13548046677545195
0.12219296565977056
0.10787574094040875
0.07333144445864874
0.09748347011620383
0.12384555985107772
0.08720214085220523
0.1115939888190306
0.10124089661590195
0.08927917242750402
0.14276531332341572
0.10934923756979494
0.09623494316705353
0.07774874742259452
0.1548501041649247
0.08787173792791017
0.10529144733211805
0.11277460184104088
0.12956600161939774
0.07096793804566781
0.06860725410487264
0.09499443800053418
0.09689318860429968
0.06913948394897118
0.1136152444012661
0.15219332956396697
0.1314200572854368
0.07434848574040308
0.06161845554832697
0.08636205667036458
0.07065847735548036
0.10609875317088974
0.07175635717205024
0.1256035008573379
0.08172002613383576
0.11511336542552403
0.11558722427893539
0.046061041384120635
0.06797603618912827
0.1472527728339174
0.050648307682685516
0.11280752194041563
0.13082456445622956
0.14852288931714158
0.09089547093269572
0.11833348262816917
0.11910532409808268
0.09153490083295819
0.07140661546029325
0.055957575286811966
0.181982101860799
0.004102112186232215
0.11298381865809375
0.05234200337289966
0.06686628967645247
0.110197616490491
0.12343687367520503
0.15958120407698434
0.10809176223777492
0.11857461686934921
0.11135669100694925
0.08237404471880436
0.14976283357321057
0.13680565913150383
0.12425201548849754
0.07577066797136199
0.07486155737585011
0.10477808210105574
0.10289957433126484
0.07943086291441331
0.1601938423757257
0.06391780158158364
0.09321252316573848
0.09372072575421758
0.10820127863967
0.07910309929945546
0.10433153299490833
0.08523107674344083
0.08748598876396546
0.09582827055004901
0.12054175474627951
0.14723607095416488
0.094760214994134
0.1181631655243866
0.14144762837457203
0.042543903388113855
0.05350458093457173
0.06604751434861589
0.05264357652770174
0.09052368754580206
0.0782981503927358
0.10594771185118321
0.1206165067725429
0.0862138773959962
0.09508187608040428
0.09043826557320074
0.08393158226599609
0.11191319692212463
0.10692474986137149
0.10753144714783595
0.08984458401613908
0.12386219093340815
0.1195145422496793
0.07361939507203477
0.12138812555294212
0.06354823758491498
0.1302297752196041
0.052808642156783776
0.13476185300902652
0.16750911860077636
0.09102083978098144
0.07828525309696514
0.10959703773053253
0.12003018039543897
0.08317845436034911
0.04452849326068226
0.0702290211446907
0.13191574453012317
0.12262723474281821
0.14790501402683393
0.13068201400306328
0.13756080315803784
0.07956555974962984
0.11747061564472801
0.10523665563653004
0.08825068479041794
0.07830116515138656
0.12672239702887256
0.09732063014357872
0.12717128403656502
0.14418793646308395
0.09245661762232349
0.15931570881913565
0.11244590804617591
0.11516005934757097
0.1084351913995504
0.10286712842499254
0.14249424902905827
0.0976901825934937
0.08491750087335137
0.0636831780336469
0.12705374562020172
0.09570091122997705
0.1127812692973102
0.05305897278912692
0.11469041266886865
0.12259263953386026
0.08084973746820445
0.10184768509741217
0.13501624572563425
0.06293984490199991
0.11244064336980526
0.14009483340483841
0.11323406566021486
0.08063186578984294
0.11103553448440927
0.07710871838586125
0.044887589636008994
0.06706399540820628
0.15376468693850684
0.0998112769971014
0.08913871544047583
0.10287309905986983
0.10860363585030429
0.11058819035471211
0.10998943942166267
0.13992972620360425
0.10363409513289085
0.11724911533833852
0.10468605080001489
0.14305418254453373
0.1024130243408496
0.09586377918898598
0.13594073255260805
0.10082229285801583
0.08642477188178603
0.048135745549460436
0.11402053870780907
0.1447393641975199
0.14611881147345812
0.1145729367474345
0.08391771989077661
0.11054506621929477
0.06032358168109634
0.1552739592857526
0.13789023863791372
0.08981574914207718
0.12166366417197153
0.07344147993911845
0.07972766986225747
0.10252515129689059
0.09530855485712107
0.08153796565386269
0.08109067683626639
0.09496429862514101
0.12398842675868713
0.12871045807886183
0.1628369468315617
0.048323998844306
0.11922845691418672
0.12426833355196057
0.13054500517340395
0.06691370298105745
0.10205098081953472
0.084712237799233
0.08762561821997486
0.09094270624458992
0.0343102633809691
0.1209618499741516
0.11407545794406246
0.13234090443099933
0.12334198522682371
0.11551624035671727
0.1394089844277323
0.10400543308094334
0.10493371949754858
0.14429464327046482
0.10908049675748867
0.01568900183213537
0.08521926679231999
0.11127199032689933
0.1048179465493629
0.11897134668383154
0.1020689214409797
0.046523226476601974
0.11084419676478359
0.022602734972764577
0.12683083682607407
0.12241815653049098
0.06983854278281051
0.12344653680511025
0.1358902415550928
0.07911414531111077
0.1337556128587784
0.06227122130776277
0.010995392913997676
0.06136526876603847
0.08520891953134618
0.07162079346465444
0.09526673981871615
0.12717250124233354
0.10240562487306214
0.08823683036294992
0.06049253775248194
0.11430832514588957
0.07209507733381962
0.0495484591387682
0.12983445245050482
0.1182028632625895
0.12084078230166691
0.14934222238872008
0.07531349153465552
0.08970615791009906
0.10826442327036141
0.09479893567736089
0.0680530639294037
0.11188801729290974
0.07905356246983586
0.08286484532935243
0.1433358598463213
0.12706416169656146
0.11804990110973615
0.08751541189178344
0.12321072934039862
0.10549495935891974
0.05850986146143844
0.07790610880827357
0.06076044127487102
0.06527368702241639
0.019441610313097754
0.09623745226762918
0.13714207504803
0.13627424411343478
0.1467357046352912
0.10363259666343538
0.0705399614300254
0.060902375812002876
0.07509260484862389
0.09305975521610843
0.06892028851066082
0.11072252768085157
0.11888029311376243
0.1548694093520403
0.1133940624895951
0.10789719275535084
0.11754674505384068
0.10685580404767016
0.07593196293941457
0.1166091087225054
0.09533787981839728
0.08613803974586007
0.061170581396231355
0.11810307712136225
0.12381416376448584
0.11435019058754795
0.05980338496930503
0.15021825196467212
0.09191396454391661
0.07451279997268942
0.10338973447037851
0.10704847011073178
0.11832438277428185
0.07483814138326009
0.07298710303260875
0.0980265563917186
0.09220121143044671
0.1584837240498767
0.06622222052288336
0.11526328230982529
0.15209188089751352
0.0852810829560623
0.1320704556929181
0.10422491948429632
0.10189082070212503
0.06799063355583274
0.15813677367179102
0.07821474909322593
0.10240018258883252
0.0775542889906637
0.08395931729803022
0.037702619413381676
0.10726356105646526
0.07005836129814844
0.09613330618142218
0.07194450189252602
0.06621867559785022
0.1412739904991532
0.08992988480635042
0.10626265382963397
0.11955482068822754
0.09866938313037846
0.13632309480411836
0.08191480310500289
0.1279207447897947
0.13078280670396286
0.07674011764747096
0.08233509274832061
0.10588511214825388
0.07846307811841785
0.08789257328323453
0.13053799038882774
0.05575269708333353
0.10709287644732729
0.057806399974648925
0.1236350700951237
0.12558277059034045
0.11343165717949844
0.10581320557168088
0.09317015122058041
0.09557715024426951
0.07800189292708035
0.08094790916873773
0.11302819454062746
0.15355135107772325
0.12587369873910778
0.08490175589266138
0.07459798912431462
0.06585572337335452
0.08507458113915765
0.08823528677778279
0.06724206801972506
0.08482654793479172
0.08591919305357815
0.13402682574430597
0.13700869976220037
0.10892410154962301
0.07638292928809462
0.10664372615718484
0.12398072054592142
0.08836053875772498
0.07216346317381914
0.06755873094026345
0.11317885858250136
0.1352078851756647
0.10380198352318053
0.08362880287194925
0.05285495119678693
0.1004032167049871
0.06572597582058405
0.0970173759191001
0.08481944587500342
0.07463448661574215
0.056570034429185685
0.0727207894492295
0.06481280266642123
0.12397401587613768
0.13127570158618143
0.1089097249654321
0.08835284398020056
0.07122505403371268
0.09671734835787701
0.09064852303959912
0.07419106603088793
0.07875564766308565
0.15204498141607486
0.1469666903668995
0.10095103272156686
0.12757998650868796
0.08323449502018493
0.09839359289839827
0.0959349656440858
0.13691926940164084
0.07954378290152621
0.11527852243006308
0.11843497960673825
0.09971954097372673
0.12523850275548734
0.10477243251082105
0.073174846664808
0.11518163255615714
0.09477751973392719
0.1251315750569754
0.13259579474647137
0.0950681159660215
0.1363097387167841
0.10935895300007845
0.1076280652467132
0.08439595798629809
0.09852962253390443
0.1142437672397425
0.09266541491323284
0.023737119492382913
0.097371233893222
0.13182688482762275
0.0744474571450249
0.07821251638976963
0.13310758016154314
0.12280445048255619
0.07831311993247698
0.13358775336245593
0.05705226117689907
0.12775559711040993
0.14620037570391062
0.06190970802352696
0.0800310139319387
0.10859990663429171
0.10852911608192452
0.042836560581882906
0.13181052325339088
0.016834863977162884
0.1365794539315543
0.11068018024876378
0.1013502999205148
0.10929130603609818
0.10570633648580857
0.1110774035947095
0.0936768269996831
0.09511184153430623
0.14321385023444472
0.11089150597279115
0.01737842587000675
0.12063561404726507
0.07363367921202539
0.0628457240326243
0.11095206716570173
0.05733102048750083
0.10180631917242977
0.13503733437856547
0.10475579857857918
0.12491771704637399
0.05955337432800757
0.12023517528625013
0.107718096592425
0.04531844271000485
0.12811757948999203
0.059674348177818935
0.10983377598066994
0.1245617122715201
0.05329452644340033
0.07127924716542894
0.07312920603813933
0.11568578920470546
0.13913102083733944
0.07274112816219369
0.1515874514427464
0.09053708908709802
0.07887601719562332
0.0847794057690166
0.0833181816889179
0.08684342865373199
0.10269285481446389
0.12938871966250265
0.09891729554516097
0.1382089531480428
0.12530451159310121
0.06895080449702908
0.10117652697399739
0.052449704549817656
0.0788267527855183
0.12857222014395042
0.08512835543693849
0.11261731425620111
0.10796142177836535
0.1204084613295
0.11866717618106498
0.08762887449055996
0.0990047275265215
0.10073386376149415
0.0830929529366328
0.11999068091745937
0.09802370133660372
0.12642265310357326
0.13243267403313022
0.11551324557081169
0.11362255067129688
0.10150452253054051
0.11667356565019472
0.09762605424045549
0.09920896035125089
0.08398810159693587
0.11081101928269149
0.10447587227137467
0.05848845504282927
0.12398038816787141
0.08847749880752567
0.08127457589795131
0.11408327093156104
0.07140332455794746
0.10447591051988181
0.07675421598653763
0.06901197383136988
0.07667995100636629
0.09174088029364826
0.1260588737201139
0.07461228024961766
0.06492212137947118
0.06666256262557727
0.08702973152060253
0.11285063057381572
0.038454842329792
0.1215750738508378
0.04878282850530195
0.09601284280049566
0.1583668103246346
0.07392575846984313
0.10779127954429443
0.10476969384278258
0.06025928636396017
0.10190227724665517
0.06766985655686195
0.14086980383971853
0.12178937964902656
0.07515734945570135
0.1543226969542842
0.1298422885265617
0.08306030953610347
0.11332509298916195
0.10076702068356518
0.11319434291614966
0.13542829852332305
0.16718031953833373
0.1095910444726198
0.09303151445790571
0.16938201243307377
0.052019378643740115
0.11287807624215523
0.12639971335788236
0.07149025063791106
0.13465271070025187
0.08055324976974657
0.07273391274617971
0.11475432930131417
0.09491776900613032
0.09243222723998813
0.11415237313694603
0.12763214344614396
0.07548212041437581
0.08362452846281825
0.06433939083918355
0.10384388107252175
0.08556953232135295
0.10984727512894053
0.10395709999708934
0.1145261015246497
0.11323681079727799
0.14652428692029362
0.08564374157082454
0.08262476518355169
0.1183421523639899
0.07735802665309865
0.10141045426706224
0.11810752256576831
0.10269347025906268
0.06237122552084687
0.10785457177259504
0.11170436512204639
0.101035105074224
0.08757248919510778
0.10186809812704826
0.13017761615936047
0.07474438766489339
0.14338477998411436
0.13168841152521218
0.1066639155729823
0.09848349678022246
0.07634247362328027
0.12200692250287264
0.1039190213171702
0.1265741454436184
0.09261835216551606
0.11895406335313279
0.08785739083578406
0.0844756578942244
0.13654549614010694
0.1122229826046162
0.11395577821080112
0.11348604566318593
0.14110564073495235
0.12412937576981208
0.1244130584447317
0.1136199566985752
0.0794417139277136
0.10378152250364302
0.08975325018513175
0.014582366982602166
0.1026408418081991
0.14370085533925428
0.1112662409156711
0.09085016418494382
0.10694812574103858
0.07016713681801919
0.11510694275151809
0.09835364319460649
0.10352506375775908
0.049393581688223324
0.13642319753738555
0.09102575769914983
0.12603849629326705
0.0687475017912196
0.08926194784539307
0.14375937809549966
0.128663498122669
0.03250102974608822
0.10147530766227159
0.11129142717317445
0.0847148019080258
0.08727595207783363
0.09189318240061739
0.13520887068702062
0.1295813768816841
0.10041209480760908
0.10208592244263233
0.09102230697470359
0.13772290982346883
0.11455665750047521
0.10848794116387048
0.10760772187538498
0.08256263393100234
0.09499462747121022
0.0994335252839296
0.08184831074601455
0.11914446538604724
0.11209023663142527
0.0669749057015947
0.112741004080733
0.06809619628471231
0.07794662895886381
0.08880021659292722
0.09690551087901679
0.07172717407004675
0.09866263054656117
0.053632341959701124
0.10111357672817482
0.11582901757021556
0.10041451649225129
0.11614336937429973
0.07217808761925204
0.16640688935530984
0.17163758479319136
0.07763486297350598
0.1117202146299381
0.10146589309323162
0.11762157701294274
0.14017182202743472
0.09713025984028209
0.07617594561427715
0.1075939380327385
0.11908951929580042
0.1507880598854735
0.15576983455770377
0.07948289602728606
0.04872898632049236
0.12333325949708675
0.07871171055971944
0.12143681633987718
0.08525791372519373
0.06228676123440931
0.07387879863006212
0.14479167757245504
0.10207405501048943
0.0809001068039155
0.029957667090182036
0.05334136877818169
0.09557004576269403
0.09092169174416731
0.15066879315248433
0.10843152625265197
0.10766029955939281
0.149121179777272
0.09273246379794152
0.09285485270183351
0.09162466402747503
0.13382649164453125
0.09889473469043121
0.10510751657718023
0.07374418584240408
0.1333278129655888
0.07442830805732512
0.07363666814797126
0.09885956637835881
0.15708244913461783
0.11384350418754056
0.065861715104601
0.0989472891513947
0.1584281111058106
0.09965148888735299
0.11495522589427157
0.13621790182661903
0.1428657971451936
0.051035054536806214
0.17470183608305212
0.07459378227703829
0.14774417735192052
0.12164544592085452
0.04257078819100235
0.0706945264904229
0.1069957036849181
0.09240410766863376
0.08294734752423157
0.06040559291299754
0.11355566198206757
0.1410875844475165
0.07942357259342638
0.08440060873838114
0.14170945664310863
0.11347931785692542
0.09885455697262001
0.12661331300223805
0.09403113163046475
0.100348755006627
0.04654172462234744
0.05334947537732612
0.07901218460280295
0.09238022251898818
0.11073509686603955
0.07742904444078962
0.11953409145802667
0.10403953378548354
0.07191831047432465
0.07932356692866101
0.14198610871424044
0.07317858762745051
0.16522212833605898
0.1067938317886778
0.0982594349146799
0.1082487435040405
0.07932126298155773
0.06559338941275697
0.12230389730097498
0.12647950054872253
0.0686779792486606
0.08100512630593223
0.05234673661343111
0.08883679717843077
0.0400623397909383
0.07646062447933447
0.15742017965516905
0.11160575618025016
0.0817409471666307
0.10097818684123494
0.06365686577068971
0.10060837128485127
0.05348559609239907
0.12688361014975824
0.045010151606841776
0.09214900991336092
0.07819225084058246
0.06659447303011756
0.10559136315679774
0.10338326067523787
0.11872744606528121
0.15077013321803787
0.09185778374008571
0.1238824816102197
0.10174931018851169
0.08039959819620421
0.05373193734295291
0.07067058654841438
0.07774601342331512
0.0991810406528564
0.0980987435638678
0.029976360789096823
0.11603347161921376
0.12468009100011403
0.09593353357400748
0.1209809188230031
0.10579807529097665
0.10627982254615988
0.11351926089728015
0.08480533558232448
0.0719174378866683
0.03489762402373728
0.12830263422464913
0.11411628915160374
0.06244796863120637
0.11501475635077812
0.10190578420529114
0.09209984228640693
0.06795877232241188
0.12829460536868484
0.09256890558548764
0.07613804449377332
0.11053540859086333
0.15984512514529187
0.08350076456321592
0.14247553776685806
0.09383705963943473
0.11190889029808328
0.1029386201020283
0.12173841259522931
0.05106538565395258
0.16495793447163162
0.06814269440252912
0.07640919309297625
0.05212117754295329
0.06720563980779516
0.08375372048521414
0.05763186448652905
0.10161994415752075
0.06729553267324054
0.12298126438976097
0.12528292960351856
0.09319374870526347
0.09050810822338827
0.1039737583990193
0.09521450440258147
0.07921822446491418
0.09768087498637569
0.10723646876780707
0.09218577524333736
0.12598722312540858
0.08838066111160202
0.10564172588987276
0.19567673600962526
0.049945146189209026
0.13752779487648115
0.18364491632563962
0.08752249020808245
0.10682248864211522
0.09579462944251006
0.0847168917538082
0.0949556058214729
0.1171305947213109
0.07079500080309588
0.12787972208413487
0.1417465241674331
0.06441318476762402
0.05562716093754929
0.0567658679914856
0.10401403862146795
0.16492875991992223
0.08000100077683459
0.0901387176135199
0.07915929676700867
0.1596005392015642
0.08056765350361209
0.10234944003918729
0.1377402907572903
0.044497278558790626
0.12223211577342682
0.10397505664260698
0.08914798678854242
0.09908436239880544
0.10541943502915445
0.08621167240765015
0.0797421713113344
0.12876364652882857
0.0858876793499211
0.05131726144208922
0.0732578389601826
0.10031601481427568
0.09890000693848677
0.0858079573116045
0.13288405259197905
0.1020016985884693
0.1252501527724399
0.07091216767565699
0.13936751446550327
0.1002576536709882
0.1497721373113764
0.1335612433417651
0.09805551919109086
0.07851402406472938
0.09598325814937023
0.1360173512994355
0.13050517580656545
0.12752448688887758
0.11095583915819021
0.08878911139677735
0.07823159257247513
0.09750709732502205
0.11082772495469592
0.093321792614829
0.11049796693131811
0.10939086906937305
0.09788600461699551
0.08731645030336858
0.06587623992911781
0.11348307651459712
0.08757783184692602
0.06086611517871197
0.13231530513485418
0.06560036741740019
0.06339899639590973
0.13502273728299324
0.06072163868096761
0.07491227042078215
0.10767442557753015
0.10865281997496927
0.09423668477671741
0.08070597902641839
0.07245376546077925
0.07614722548586786
0.10846180826177955
0.08244348736277402
0.12304518115941611
0.12270325741615837
0.11213820696630311
0.1251053313632754
0.10887902590663315
0.12130267435775627
0.12289802626366564
0.06706371517902365
0.16142231614657016
0.08880573086212959
0.06549633808127925
0.0983109778102756
0.07453682135303547
0.04300172305624769
0.10155508486635771
0.11309580055466793
0.08855936873359146
0.11852807387321491
0.05372048382230841
0.05791861958979833
0.09143851904135394
0.10184162420319658
0.07559305615231997
0.10367814484057458
0.12105183928218163
0.13111024267193505
0.13295572444492076
0.14827535482279885
0.15140628163129424
0.08522319021745572
0.05929651186546987
0.1310556928597034
0.09137847455639914
0.09590790136034766
0.06547256638813465
0.09847353122906477
0.06215846334695907
0.06576744225294451
0.08270350404884101
0.10438662993823984
0.13026392464340047
0.0708079631792796
0.16577780426313637
0.06089367049578002
0.1166106062534065
0.10003845579689088
0.08959094847847611
0.10304249649233134
0.10327462157680813
0.13071164074135436
0.10154879798566711
0.0664692149573576
0.0630509897260631
0.13659941680207402
0.08057420643588449
0.09385893449087447
0.12766592704021817
0.064295034481334
0.0681112967231656
0.10355012692383363
0.11399117659206247
0.17065030422501767
0.08019600538026952
0.08371596978777085
0.0835923194797937
0.13274477421043895
0.0465689278874669
0.1454655593342053
0.10079487516997926
0.1130798447944259
0.194226082121433
0.13140788832470637
0.13692418372616996
0.12661159512998535
0.14547652400479216
0.13536646318269235
0.06355313263023095
0.0675476806282872
0.12471892748888563
0.08022084093520776
0.08622983322990084
0.06656527094110382
0.09686382804058188
0.08969595760166009
0.06512954000378487
0.10311478026810808
0.11786222582984675
0.1445802793342453
0.09727518531213056
0.014681208976069962
0.05738933389183051
0.12998979108622277
0.07687116939141389
0.16033115497001102
0.15501905835068683
0.13476123777902071
0.08868408511139832
0.0703959779913203
0.06707883289657698
0.05549679467308417
0.03992535263728196
0.10758562141499128
0.07968066317654413
0.11930468245879179
0.15728600516589525
0.11898492502186037
0.10365971088996248
0.11889667803986415
0.07019308352705687
0.1052937045024646
0.08557960636874558
0.16473159927808545
0.09662727397744553
0.06302170642138398
0.09522876706447349
0.07115305484926968
0.1067610494191525
0.11720441621541691
0.10304643582872583
0.12114548308352906
0.1712614979930277
0.1240518408616857
0.12931386114681823
0.04828337974011108
0.0924088005880146
0.15323264184322183
0.11033964330571852
0.08316439882227715
0.0961546140796287
0.09785894054357792
0.11269474569969212
0.09663150286373792
0.04551347613164069
0.13645906701075777
0.14055882636656206
0.05019695377125234
0.10080408680415809
0.13404249427522158
0.11477317220213862
0.09494012455504146
0.11793115972913289
0.043908759154620405
0.13599818803455424
0.1251798108801566
0.11089987393645315
0.11979209599949042
0.10647265256600719
0.12629013667161837
0.1036210912163187
0.08693806191889253
0.12923953454989232
0.062139003154084646
0.08933919897961384
0.12516937822913407
0.09548376849864763
0.06848619317993823
0.16010370740059382
0.0978966668763604
0.047267617125567964
0.1026473560536974
0.11586839603395291
0.1104751862564984
0.05154003050377761
0.12838690108362524
0.09330177510722018
0.07305755044911931
0.07084892121928732
0.11436721518699149
0.053259012579840614
0.09336237626724282
0.153304899942223
0.17125414491206115
0.08678384555133922
0.11842646570336181
0.12846678237355824
0.14267336701234193
0.11642699277821476
0.11482511642164842
0.14417180066770752
0.11071612698431711
0.08316291697171624
0.09256717972504946
0.10651224591972962
0.1242590032377698
0.11346332229172354
0.12578667461662757
0.026188316034214607
0.10339514450618097
0.1181922858101305
0.11464607738352027
0.11406262783554784
0.037518661303715006
0.05235577407609604
0.10222454240694986
0.1583847323682195
0.1388312550722313
0.08559136732355023
0.07631510492866286
0.09524891582500344
0.11936271184781617
0.045948865834810705
0.09742582714606965
0.08239846733131259
0.07371757546078438
0.06704908864565343
0.08594558026702184
0.06171426929757349
0.1467132129958363
0.04528176745165948
0.1421127850325463
0.10801575135207188
0.08080401274129756
0.09137788681267703
0.1389973932940823
0.05383899134451553
0.09179110169571067
0.12556963702403848
0.10899421048424107
0.0694582965316349
0.1067919393826374
0.08413381491729459
0.07265008180923353
0.10930929984890206
0.1294130503271672
0.07398669566406083
0.07488645302368332
0.09080434420320477
0.08418039498224351
0.07875778673706547
0.1144199658101468
0.10738384663564132
0.08466840780988222
0.08978249003204855
0.1055803336639994
0.12691595184887583
0.08626563934230488
0.06124068301088249
0.11201603086326914
0.08508678700624325
0.1313196306585155
0.07251677264546613
0.13556279209782907
0.14994385521043332
0.01605635874635164
0.09059729698347316
0.14265920748926691
0.1008585872680133
0.06221094165636242
0.10158561932900428
0.07208320760266163
0.07907281948357175
0.11232817936106484
0.07267330885931471
0.10781545943773166
0.09531078174383699
0.10355272405771629
0.14952492480603458
0.0853446699940918
0.04526072168854204
0.12168707387518388
0.11096335615614847
0.08047825004252769
0.1216462058130658
0.09385807220458367
0.10025362516298186
0.09185878462351874
0.14285136368884263
0.08079405060199017
0.05898162206209664
0.1324423829525963
0.11554453541823322
0.059312218920017847
0.11326069644705535
0.08774947065445712
0.07453581587392338
0.0599399312021917
0.0825908667295237
0.09120872966823343
0.14503776606485214
0.1230262823171426
0.0
0.07868992241426256
0.07467509271112419
0.11601053522958851
0.09943856876018356
0.12285862684603162
0.17682089197964693
0.1373084293463828
0.08354857006564219
0.12618905575698833
0.09646012397728193
0.10395906024788461
0.1322045880939203
0.10684964692027758
0.0910175227441116
0.07252265783913903
0.08551697010559102
0.14157239534577398
0.13331616466860363
0.09092612096048784
0.06861491083125233
0.1148581186701222
0.11985752798830504
0.054287872790818
0.10381859647915172
0.13044688979282432
0.04355896934834828
0.06984914936745908
0.14751585718654367
0.10218969990513488
0.13523783856116509
0.10537479490086983
0.07199372010007599
0.0925550659273194
0.10140912639892961
0.06648201548308905
0.09227813431937762
0.15240126205614446
0.08736695958626431
0.12147872404536302
0.0889983670411435
0.09324791565576154
0.10258628249311519
0.09703955756462398
0.12341426706258646
0.06777869704026093
0.041826478884561064
0.12625092860191378
0.14022879475685496
0.05011443142822262
0.05022002474616024
0.04297847472118479
0.07447928551023122
0.15095533505958708
0.1103982119821767
0.11370795012944233
0.09020101110525314
0.0952756272162293
0.08132823467935175
0.08636767343081962
0.12209038190518981
0.13295885797694904
0.09634894260404239
0.11674088358668454
0.1110806844482911
0.08119791667788515
0.08904733259678946
0.06704620358858038
0.14939748060554559
0.12668027239788404
0.07889673640959088
0.09216401620388255
0.12593508993795166
0.11336655208766065
0.07320787940535645
0.10868768260399753
0.16595985874271713
0.15743094117267278
0.098357142682048
0.1276365929973943
0.09963986446224928
0.07994988309119953
0.1407986961726363
0.08189028419934073
0.0755230420833192
0.12987172910412875
0.10379784727280422
0.12441726923133725
0.05168832672047622
0.09783443301328527
0.12746044321444938
0.10463833675212385
0.1400135855489309
0.16363747032981157
0.10856822665060656
0.11447929161936568
0.14951631603532786
0.11275533130180605
0.11093200798831733
0.07576985458663958
0.07197342226615613
0.11303207729836223
0.14123007294556944
0.10577280058490193
0.11673656555662483
0.06847109005481944
0.12384441313594119
0.10177067614358772
0.11050373472722552
0.09251675184591276
0.1114875120393988
0.09473518137380606
0.14313752648078176
0.12339512640558196
0.09943392910967411
0.11172215311777972
0.13718022415545184
0.08344775267031393
0.06586620697733536
0.07747149400673146
0.11338265825004158
0.020023945680423455
0.09597679336490125
0.08819219069501819
0.12237636141635352
0.10817220655437586
0.11500851430336849
0.0882735561260728
0.15167809980737043
0.10824746544190578
0.12324453262757892
0.076778280851212
0.09435615205031465
0.09712965958791032
0.06327040144854817
0.13728612714288332
0.12510780435147928
0.07887750282671159
0.12297397320381576
0.11762608589172988
0.04484255931322277
0.08691333934205622
0.10374126297620531
0.10959874212647028
0.05885363850473994
0.10360247960460271
0.15564942046514768
0.10749837008685141
0.12397708883787895
0.12106636775905393
0.08807975103865974
0.12810354671481616
0.12340632412737859
0.07979021013218378
0.12313428759972662
0.0767156334255489
0.09491225724184735
0.09845606047455067
0.13602272901672002
0.12323332946226957
0.10999902420149515
0.09629784646986674
0.11127803327363656
0.04099014226020507
0.07804686895295201
0.11591463856453751
0.1274036077710993
0.08730905481690565
0.09853110661088185
0.12857784374108738
0.07994100749587285
0.050525515962673594
0.07754715474805934
0.08465229914503561
0.11155130080014006
0.05720673163200116
0.07486564345361171
0.08870430892797772
0.1356422196198312
0.09672521273983432
0.11774062139401614
0.08581337976459483
0.10621342608676444
0.06235400350886567
0.0853719232621396
0.10918417899666098
0.10150275921043406
0.07489255984494497
0.09698152024220524
0.08359549967980943
0.07858816125243423
0.06378343267775935
0.056552132094061014
0.1423509652574183
0.06621025963267771
0.07753635338119431
0.10610513224346674
0.08659237322034365
0.07811295975259494
0.12150454117178884
0.11874823262431157
0.05923314088928581
0.07769851868418828
0.10368870779070247
0.08920600534941564
0.0699590648578429
0.08569053815491173
0.10624594630666453
0.17648621647201213
0.10832692139913236
0.13129610034175956
0.0896715074914742
0.04388870067445533
0.08578687157053566
0.17019676465279923
0.11590660110365875
0.12935752650938726
0.13707968968471584
0.11458034441588384
0.0904928378214115
0.046611675434048226
0.13354969079567464
0.08583972902289318
0.11085386031341826
0.09191696505705908
0.08044680915882023
0.11116899509069138
0.07944531954635757
0.13265915249612137
0.12320727659024441
0.12429435846504339
0.10352670576194606
0.08517082655107079
0.11537920354836491
0.09817787477028105
0.08184805116509547
0.09004634394733714
0.07770495729035815
0.15379717488680925
0.09169427286398069
0.1125359111621541
0.06109803997508822
0.05441493778417073
0.07346498378441889
0.1462608788915598
0.11863717100317464
0.08537377509565
0.11149892607454501
0.1543676369666083
0.12391582388221695
0.09820548821498078
0.08225847931458981
0.07776064213654657
0.057603008677551304
0.12275620217488101
0.10052456978664155
0.16345500860690435
0.07706420296257507
0.1290703974934384
0.07337832884066194
0.04197588926104945
0.0722715937297293
0.09724529924779793
0.11305879686548687
0.1049743700551233
0.06619832242268647
0.09329853963313732
0.08360250470130798
0.07726129639152542
0.0473005868591219
0.15011447056909288
0.14154663672062104
0.1240472294737727
0.12580688349042007
0.10383080724478382
0.052679192744905824
0.10729334286618265
0.0558950569827345
0.11130907169167414
0.1157675269564783
0.1016080476596639
0.06233437787237587
0.1272150795771251
0.09499234448938308
0.12936148673255043
0.05832553877585099
0.07360161878251896
0.11468309492547879
0.14625185172616267
0.07917028069561768
0.1000727803700308
0.1458175527985604
0.07211180863902651
0.08854700955708174
0.1409977327546734
0.1267837127431502
0.09594715250331247
0.12169848406915731
0.11012403114724546
0.10996129218189747
0.12801214964772162
0.12421585777435376
0.11053412085050747
0.12599453076801934
0.12761793447348854
0.12098492888728463
0.12253064022433341
0.008564331099675304
0.12497377074246714
0.1128210903054721
0.0981461606862454
0.11801952475134322
0.09877330551145926
0.11815554267086634
0.09188624584945493
0.09694576095421893
0.1420432213404681
0.0863650626212276
0.13015972794735653
0.06633213425845844
0.11753451430734267
0.10555815426455716
0.09027633054852875
0.08164742227881229
0.11408506660697448
0.11563939623972642
0.07797361477298895
0.07127890281028926
0.12758770705281716
0.0318971700044597
0.09082203973452725
0.14042445989411192
0.09720761550708049
0.07773891728319966
0.05900132885613333
0.05707284927130739
0.10231078064506596
0.08705774784826859
0.10265659110445632
0.04363924551792152
0.10806505454843718
0.09591316035699884
0.09091747004975125
0.12448295290750822
0.1602641379231826
0.08354476824458122
0.11366527652542248
0.09405584214869364
0.06105603747528666
0.15632890978521988
0.13598880044963288
0.06213740908941777
0.07619238851870161
0.11785209247217938
0.1408353975790773
0.1314625341660127
0.1341324633041185
0.07574316379458271
0.10815122435050234
0.11410208898911653
0.15338532116413028
0.14007309447538052
0.10182827295409395
0.08525177664773796
0.10140067503657245
0.12612933429530634
0.06069968536814258
0.10553395438117728
0.10167173509846864
0.04737782543557902
0.07618018590032152
0.07133230568480363
0.12551093407409117
0.1231570455200332
0.07823386697859379
0.11946594488742368
0.06498301938031906
0.10581820778786061
0.06709054782666576
0.08111278154647109
0.12200172874287535
0.08098247292778704
0.08772817153415682
0.09876291971167506
0.08281632496251119
0.12616997506571762
0.10603536787295655
0.1097705785792984
0.09320289923077779
0.06275782479400706
0.13739868797991625
0.08171025540885121
0.061688668324402104
0.11384656937478999
0.06794211924827737
0.09944777622265148
0.09694732858590718
0.08913893557909405
0.07886764382651794
0.07107589588896313
0.09824292842565972
0.10324088556783177
0.05514430690479961
0.13032600833811164
0.07678168596606454
0.11625234793675128
0.05454230549321384
0.05233417826881818
0.08165835959883941
0.09482618145612697
0.125996394973872
0.1700757593673902
0.11558759030936198
0.09345925868844084
0.05948415750422135
0.08716803189499679
0.08984982759964158
0.06331098105906047
0.12423459284818773
0.12401833541795562
0.1170883294597662
0.10473602360646292
0.1663754193950897
0.14034004709859865
0.11439131230798504
0.026143404353386024
0.057413833081429055
0.15494835109786023
0.04829794158491278
0.12354547797229229
0.11760692444123716
0.13074892773358643
0.10955515996359001
0.0694815323601694
0.1315500031580522
0.15664494854153693
0.10060589570790934
0.09608948618332655
0.11322890676252145
0.1312003204516714
0.09702344458323296
0.07725533259552898
0.08307749594373423
0.13501528511701455
0.16137440390072663
0.1294301899834585
0.04994906279044495
0.11436046155212942
0.14089398344567797
0.07239630700176732
0.06999698702218936
0.11779036980753192
0.11813551598762419
0.10411769857636523
0.14251066972024592
0.13307537320561197
0.1389896834922314
0.04330187608520921
0.12603232702609854
0.05719299415489788
0.08291343321339564
0.0
0.10898973130053267
0.12526372706106137
0.06760768786689145
0.08185224173606376
0.06612395079003655
0.09884679631276592
0.16716203981766745
0.0615705290553634
0.07279740566487693
0.13005003979905067
0.06421232010303746
0.08205590078935909
0.12150063838253443
0.10120055434826492
0.10874992242404466
0.13752732016972719
0.1369122179951442
0.047617397661155615
0.06545090689186484
0.1334388416821307
0.07122748027913267
0.03647917688550474
0.10444703171196305
0.09538129936622933
0.0742762475092034
0.060367286277811114
0.1067384088557406
0.07761932976851428
0.1313111913511079
0.11057144383028655
0.14227555039380935
0.1091818696175893
0.09043746305544677
0.04988583227486843
0.05897409210165659
0.08214816237224896
0.0839541764338303
0.11320878045382016
0.07770889079016097
0.12602465685143066
0.09718922099158252
0.15765725198739064
0.05511900435460245
0.1038131444579179
0.09230984220124411
0.11420161806355525
0.0721628664441583
0.08881497414509146
0.06949573631839462
0.12197668770838616
0.07677430985622652
0.06892386144103622
0.11191233492299056
0.12143736257256632
0.10644449050872097
0.1131829641095088
0.17780358597001256
0.031359031993802675
0.1473779530569233
0.1276678422341147
0.0910667551466052
0.05047845380905252
0.08857850925989764
0.13045122032798245
0.132335601018045
0.0923128716443107
0.10692053341825644
0.1306777326313546
0.09313109426313804
0.08841073326280002
0.12950555140092715
0.10207398181236733
0.11238694870248915
0.1399387459033133
0.11206632739583913
0.06871913588482123
0.15611618588649329
0.07855527454893674
0.16044113048253722
0.15066707991880499
0.13649571119149487
0.11840133274078614
0.05997327049740371
0.12209184332018494
0.055239698286679274
0.10522199373578056
0.13498459055252443
0.10204003590945002
0.13031772224295687
0.10491530050388292
0.09244039533934399
0.09634408962650039
0.08796708438838806
0.1008361046333757
0.11186804290378524
0.10667103273199363
0.11553695740519364
0.11503997423072745
0.05738384082716523
0.12598342433545956
0.10568926366658418
0.06048241974796506
0.06789192342955473
0.09157788811803157
0.08574153323643752
0.09455341014755864
0.16836343892000433
0.06941541821739669
0.11919547200357798
0.057389443182043795
0.0701652022388624
0.07504926115183776
0.09012913707547696
0.10639384776385366
0.13357955619007694
0.09932980418459414
0.022363687043715066
0.07760655894628338
0.12778869631717865
0.11644246028543755
0.10383662586964557
0.06496872013257332
0.07022605176453348
0.08981659286018209
0.06971026466018856
0.09230735891644468
0.11615081807018168
0.113860374358993
0.0719087636729452
0.11048551007097605
0.08875436889206474
0.11431870860720215
0.12902510637454034
0.07377038823769431
0.10589372608374285
0.05094320785880972
0.11094831133564213
0.10119290547273277
0.05912895514103871
0.09633697741415831
0.09056770541073027
0.05344566959877181
0.09427988153113447
0.13740014893013275
0.0864181000626517
0.12920549159412512
0.05473409497064512
0.043243194129371415
0.08329521779190642
0.09139841236360924
0.05234739509326867
0.11377636988424297
0.1105300380267109
0.10779235976558064
0.11339310139945201
0.038447978277227506
0.10206710382068798
0.10154176968131931
0.11591302261483435
0.13452374339718254
0.10119565912983186
0.10464406139079921
0.14991981507984936
0.10819841280027823
0.09575803650162577
0.10314627675229969
0.06240203074169091
0.0429454384738579
0.1304263563070689
0.1016390099252935
0.08243824599090031
0.06064799003370784
0.1589472015093869
0.0937565156899275
0.09763993175117083
0.11684873234250243
0.08868306993946777
0.12360032778318622
0.09326482413337556
0.07471662029583451
0.12239357989750166
0.08496882600986168
0.10361533432583252
0.07502290131088449
0.06855945887511888
0.12168480961001006
0.05345211771464807
0.05162671617403966
0.1316169371208537
0.08159230497078607
0.10584943330145784
0.0903964971118508
0.10008718461153797
0.05890261186004485
0.13686009176510242
0.0900391369166436
0.11046180537133057
0.09615261098439644
0.07590660170165671
0.14006330437000164
0.11401872078077366
0.14312570675968322
0.10369077312918014
0.053287668723519276
0.16477620621921207
0.19937248362401774
0.12324649672843366
0.09210700843951415
0.09152635803135445
0.1719078427673093
0.1243891431960314
0.06772952269764043
0.0812611458458242
0.0911572572760957
0.053098497852491475
0.10687115332899727
0.08263849587002817
0.14820453670204548
0.05679438864602874
0.09172236340152118
0.09186857756478374
0.08911402448016956
0.09420634421769224
0.1318542103513003
0.12658745390530482
0.09033874965589425
0.11653259596563759
0.07337041548457728
0.10379504490697344
0.11750511133193811
0.08973385012070453
0.117740941147637
0.05232847484524553
0.08936849986803919
0.11675443951812858
0.09340729176078348
0.05027608515366904
0.10436351682559578
0.06414369221183622
0.12264614376058797
0.09015138532210316
0.11131886019153148
0.10438557551698706
0.09314703061896677
0.11223459685373197
0.13732998307502003
0.13153314351468837
0.1370225774794674
0.12933782752274117
0.10443067215266101
0.07852607059583395
0.046160084436082625
0.07691277811778574
0.07394301037724145
0.08545274921827846
0.10097880321690969
0.11834237861025855
0.14594255709658663
0.08970542122647145
0.16228466077239043
0.10037418230906339
0.11713070523079085
0.11245825438562028
0.09519440577472243
0.041648887597768205
0.048106410788611165
0.12218509031199491
0.09612539304451878
0.11666487749330376
0.09737070801015549
0.13547685956800115
0.0850762381834894
0.09628339125117168
0.09780581609545559
0.10009575131854864
0.12328636515850233
0.1276290768685898
0.069741258288484
0.10946671885232294
0.09613575473854372
0.09810959727061612
0.09574913079203963
0.09678114644535352
0.012123249938982672
0.042832350992683225
0.08156094114610563
0.07902039525736972
0.08068981933378233
0.08063644177694004
0.10540539247222129
0.09541350234183449
0.11377520372585335
0.14101897705064215
0.13840449201495816
0.12444284296795441
0.10667459033679046
0.0885310431715789
0.06383832400082243
0.11830900217101635
0.05873705971975437
0.12828252291721184
0.057566012417795666
0.0991992324661296
0.15695215972419052
0.08596184711212941
0.09960631679303401
0.09966649103793751
0.125367172217715
0.1297974829938766
0.10928907421259174
0.09451567871033204
0.048511419904215106
0.10580644126734821
0.14562203954142208
0.11910625111781047
0.15366973416297405
0.10799360204587145
0.08624103783135612
0.07416781683850546
0.0772215253779582
0.05269809491288953
0.080245843721511
0.06676037605756108
0.12925189999604914
0.15073655936062955
0.09513389936201688
0.08527811610009965
0.07729312877654854
0.12430923266792983
0.12422149909009557
0.12223925989880845
0.16123330916097833
0.12350308689064311
0.0799223287336069
0.10224624869281496
0.04944395147516272
0.12435155658318023
0.14055497759557467
0.11046095838627168
0.01970995677546479
0.09726221059117113
0.0656979063579811
0.10575861509366448
0.022746433290036908
0.08783943429675357
0.13748351098753697
0.10078744012763119
0.09307687229837425
0.1468668200322082
0.09665450548927498
0.04863789597091668
0.12091377198048535
0.07356901943545913
0.0760796873226241
0.11816090425050692
0.13865703479225716
0.08910140610501575
0.09627696115166216
0.0349480516872063
0.12400510347192294
0.11801779817560987
0.1024119392809934
0.1760622933269948
0.08623370467290649
0.10642492005909916
0.12953450242248252
0.09075838750824583
0.11042727951478234
0.09979342220237432
0.11973626783568561
0.05054339280059167
0.07973245540908262
0.13297773572265775
0.08800468548526655
0.08830944066121639
0.1311886745840158
0.11999871375944966
0.05082683903877482
0.06862272743967722
0.08557644326872191
0.04357705152852837
0.13058106422781307
0.13022441094962037
0.019676227514153558
0.1258280534161242
0.10860465093769608
0.03990393799435606
0.086217720180035
0.1415592275221828
0.15097241778801296
0.1290380136937169
0.056472188201457954
0.0667314493805916
0.13245685754642011
0.08419484255348936
0.08445029656917934
0.13974218742279634
0.1474962402124212
0.06662291830823353
0.12191390731607994
0.12933178135370274
0.06618343005938787
0.07476369059219166
0.07778273089851084
0.10336998803149579
0.09563446499246087
0.13973863419320864
0.06737607174279708
0.11030100714212693
0.06068277212033852
0.11367682160173147
0.11858941073959892
0.08878861156661942
0.06092383694623894
0.078985427905627
0.15855316227071653
0.1318099390831726
0.1380445329620213
0.05789170328176111
0.0963411749155624
0.028344170511772196
0.08675023673134757
0.09841100030518321
0.10253486474310401
0.11255887956846757
0.07502243640261583
0.05402243160823909
0.0846936131129848
0.11749324430994207
0.09100471234451034
0.11977981462213141
0.0362255398523639
0.027375496099272742
0.09557143203048601
0.1593889748282483
0.060092429853850875
0.07024782756406796
0.12042479761151009
0.10921384675950552
0.09559628611896556
0.0776998202248449
0.16138779132815254
0.1298830223622211
0.14540698070050592
0.10654019722705797
0.11169843869747192
0.11186225320959617
0.15837498212597823
0.1768287573230455
0.14886042953299933
0.09898215960570822
0.10996993920281535
0.11779660171249717
0.08135320560965208
0.0745962566996439
0.13145402774625947
0.047706646042262525
0.03346033590978169
0.09275103943536879
0.052961675715098126
0.10036651690456236
0.06244047648414829
0.09850539092959555
0.1342325542376368
0.14158839429879652
0.13797407006623005
0.11310632888664597
0.1537673518011951
0.09339940388157836
0.1216075514220172
0.11184312014914746
0.10060014776818461
0.0891528857498432
0.06347724143964105
0.05886208596608904
0.1402988325320517
0.08652370050720057
0.11876990398708517
0.08177777867288998
0.08004038518121717
0.09624381466678796
0.09471434895496453
0.1341232365364363
0.11374627543279141
0.09552162183446355
0.06597017473468644
0.12985677155100783
0.10178403477513037
0.10906704550320682
0.09978708082850714
0.1303935172967656
0.0650243647961268
0.07498933726901733
0.0894766828697252
0.0683483734015794
0.046104303252326326
0.06798785651998568
0.07333945422259935
0.15000485432582944
0.11865962486489309
0.03425081193023513
0.089773654369324
0.10208515476511495
0.1279290170611354
0.1315725553424068
0.0758942051081473
0.08267732141534949
0.08512123908146862
0.11014063091166462
0.09095091570993456
0.13042567179746792
0.0579225596277702
0.1287378433600997
0.13259630051756816
0.13067116401296094
0.11071734884162258
0.08590073711032935
0.10543782376478492
0.04544831494095826
0.07974822467185258
0.07242516735506419
0.12837556238170114
0.1048769425774537
0.12169906495290461
0.14191693417329476
0.07403541132189953
0.1106554577301184
0.08622956877466618
0.08986610525362933
0.12358464661688447
0.13150552270058338
0.05075103203844754
0.09525777046210365
0.08952352390708099
0.0320980187999237
0.10676393741736168
0.10680457342209942
0.08686297101070653
0.12412118637221296
0.1357266189501799
0.17892813203046098
0.10890464556806378
0.12502765910414543
0.06905002261866389
0.11471258906520503
0.06817246233726285
0.09554398827827543
0.059752455555889615
0.08403646839216239
0.11519165269435858
0.06866639222156655
0.09269030059835294
0.13175171484017426
0.15697760033282668
0.12270834185394455
0.11799322496948357
0.12992792669619815
0.09918742515523005
0.08090678092299232
0.0750032635145165
0.07111169549465776
0.08504319508070354
0.10429522130140423
0.10652493925058525
0.09865788826622132
0.10716563764177126
0.08343655971222791
0.07606392460067005
0.09213155074147589
0.08536754695084471
0.09478527942836698
0.12765186958983618
0.09944150314607242
0.10977088209728728
0.12653696498712413
0.16410607547986372
0.11406442350161992
0.1320171222444022
0.061564203840011246
0.09355493399304823
0.12765351217870805
0.09623346248716891
0.06840042320854225
0.08522017672795043
0.10219655373115319
0.09276495893509049
0.051910376843712885
0.07055068301405165
0.09843155161804037
0.12664256202131863
0.09487015634581768
0.08367413758585601
0.11830832213400172
0.11437332919135676
0.1286308043483027
0.1922269394551558
0.07730795644309807
0.06643300271405678
0.11011518951006118
0.07463748954312574
0.0641277860244448
0.08558631862585248
0.07416535804324983
0.05808024532353395
0.10318879722646215
0.0774485804021347
0.08100063512438284
0.08140005128231417
0.11613508196664057
0.06829064242660704
0.13033668401872012
0.09594465686800814
0.09353976568603165
0.04490762496198862
0.032997510844896175
0.10318316487091524
0.15083706070975378
0.04810531082154073
0.05116009199352957
0.11347805701273173
0.15384758862821973
0.13488495484862112
0.10847993506963605
0.0981800344124625
0.0908482726692861
0.12148248872260406
0.07941168771362288
0.08011661358301755
0.07574775938858519
0.08411994705491946
0.11944803311330535
0.13826565723563658
0.0754465291089994
0.16163603434364487
0.13587889992665336
0.086631568686394
0.09760859256598779
0.10000211073644524
0.14185384386552535
0.11974192219995283
0.10165575210311957
0.09336835022985643
0.06471165170191256
0.06703192697794905
0.11303161871859008
0.08255966245478145
0.09628729149634219
0.11693529892117835
0.07121050964444413
0.06349389000220163
0.03263097245935928
0.12635557463037353
0.07791564709867058
0.13326361916768112
0.16394384999761152
0.11517309931860459
0.10659596643845623
0.10203632845388608
0.16078533496399966
0.0910207724238031
0.08541678628803256
0.12984360901645842
0.06007637228333236
0.08011773647218126
0.15207380810129786
0.09407772311305973
0.06121906671148409
0.14190713628943158
0.1080125624966067
0.08088282066656668
0.09507213260287281
0.057270859677798304
0.07024238682785333
0.140384679295334
0.11204479926482547
0.0507191996665599
0.06727151051172589
0.14227525916119205
0.05319478387731992
0.05931294733232997
0.06648164631399446
0.016352743705483425
0.06722517443823298
0.06804475077790254
0.10625898465973223
0.11519211360923855
0.043588764632888334
0.0886366788850781
0.10232747720013917
0.1244313072244722
0.13130353969334496
0.10126416183156868
0.08817074017204947
0.1591911441944917
0.06825313171474551
0.0866084456562689
0.061989711086246284
0.062190953731871494
0.059034780780731315
0.13649911823259014
0.0622335389929788
0.057864669055949024
0.06379223264375093
0.13098733518124242
0.11153555475118694
0.07509507143448965
0.07673269889193732
0.10281543075415152
0.10777747966243294
0.09763278239305445
0.08200885094539677
0.12160940324031197
0.11962684168999259
0.08814565929038524
0.13212807398270038
0.1059968587936217
0.10751628285032463
0.06704410771172462
0.12287419087539744
0.07775021055989602
0.10501485294612824
0.12239886194460853
0.08194066245613002
0.10662965913717012
0.07258263458863795
0.12214480330391865
0.09293598981604885
0.07278966898377053
0.1584629241807689
0.05890258501501608
0.13616042348924004
0.10953156347598131
0.08353888696480533
0.08695343079348063
0.09362201582611629
0.09301616388422412
0.12488338549684479
0.0703202483300818
0.10401577667963646
0.11867960109916093
0.058345092000943684
0.08643322944599485
0.07321085640118677
0.06634842656922796
0.11444699085116826
0.073975103282707
0.18063454508329907
0.06414367772663154
0.09806865840472168
0.07390892592150232
0.039700119614997094
0.09793900940870784
0.0946266626681303
0.1167809602133274
0.08670908440874894
0.08743416611770435
0.09582724000336625
0.1193803719604375
0.12815865993681952
0.10628327996548752
0.08530443510035128
0.08737768672914109
0.1368555198421014
0.06363788785844593
0.07173955626792518
0.08819593074490534
0.09942181798336074
0.08596375584141629
0.08096483374645366
0.09878477505248551
0.11767717660827438
0.0828014625407842
0.1135012815937099
0.100152535594841
0.10160487321016755
0.09992468854871282
0.09974379743745626
0.08564661860915072
0.09533285394140505
0.06654969012029224
0.12631223992793617
0.1221250484358915
0.0885845618826354
0.1098175369955478
0.1255118064659019
0.07792083629575026
0.13424118834972298
0.12837472108896725
0.08718974152658855
0.0515802655121115
0.11635283233015409
0.09590553148027608
0.0625877260752726
0.16268082832053077
0.0696322041960859
0.1276859614306048
0.14752674650322178
0.08338734869944484
0.06191745031339339
0.05256548481822747
0.13644365335944314
0.14167296095465043
0.11098003695617287
0.06744220387995331
0.13501657400731543
0.08783825730742742
0.08754637615689681
0.08903725702869571
0.1145614758044333
0.10300051629559558
0.07654346638932885
0.06601396656204744
0.07781039424413072
0.046818016715656115
0.1266211842661676
0.07588181312389795
0.06826219462360704
0.06783105611704573
0.12795606441418045
0.11396060925791149
0.09084845701095312
0.0852579402563925
0.09315644956245177
0.11352653159714428
0.10138521928544121
0.13168324458137357
0.050059832999997785
0.11954409725114375
0.05169995496694272
0.0810031253475351
0.07267881825339043
0.10183922187485654
0.08477900936560898
0.10980157463373308
0.09307643247801092
0.07694415290723233
0.06595590947834026
0.0771908503676623
0.12843302814676355
0.05203742058349854
0.052264179994232204
0.09033836474749496
0.10805927709542558
0.13450955114362179
0.11598658652655405
0.09904542230506595
0.12878395573114515
0.11308541406914607
0.08841191309713939
0.14161387335071873
0.1282998192378579
0.14391182402657585
0.10088777670363813
0.11315593261637494
0.07738767697611885
0.13377353537410258
0.08299409052320712
0.11584185572818394
0.05746194075092521
0.09577354995540252
0.07187440901829811
0.08750640062102916
0.06453412969147358
0.09158447765708722
0.07040322362249228
0.06918309210619662
0.15763499856419652
0.08938462347389621
0.13076294339005679
0.07537428347499005
0.06679242909069774
0.1259473739699441
0.06870578658652884
0.07662972873725309
0.049379687250104616
0.054416348618237506
0.15684363562522913
0.0917912768464266
0.09998184592160544
0.08800837978074437
0.08944832453383135
0.12559684883458275
0.13245326231507734
0.1018772047050025
0.11759471050464033
0.04152216747556158
0.0855259771265006
0.10306017235719249
0.12880923071934552
0.09527946471098062
0.0914045443340291
0.12014544911808597
0.14282961920288129
0.07571105953060961
0.10858896225757178
0.07735903012007045
0.06908864095989171
0.1306465817899177
0.12129301557356373
0.11233086849419376
0.10141289973370357
0.10474353937400588
0.1258196504159442
0.10874457934445496
0.1344869860261316
0.08652048033115389
0.11765072630660084
0.11622585330755801
0.07160339287903288
0.14117793262760642
0.15460669698616272
0.15229940737875777
0.04460969451105886
0.1483009571923812
0.07442754736763471
0.10814399553441678
0.11114626313835786
0.1002279336664036
0.05541943899399765
0.0896003666251072
0.10818974004059362
0.1358415679950348
0.09147069586904243
0.0772229632412728
0.04252982736745893
0.07532463896275486
0.0827627088643706
0.0897908582613152
0.13544951535106137
0.10468442340296408
0.03953121819987109
0.11192367525439277
0.12962929975684992
0.06705811160423072
0.060641696108357096
0.11526518186288702
0.06914737659274044
0.06977048704009152
0.05940328788335637
0.10141790928944097
0.06295162040431346
0.12988710354387734
0.10537602192631021
0.10781780641325305
0.16577563279135826
0.10534882839488473
0.12200254877728456
0.09634967667580527
0.10119577575998762
0.1177333688326396
0.11947984541649964
0.08723635690611836
0.1294106673743568
0.06257518750996363
0.05343881306560209
0.14055242518530106
0.08551361075170757
0.06912804770807551
0.06607837007993668
0.04445132398491085
0.13103571415816306
0.1167648339521045
0.0864397227163107
0.15267604193144876
0.09135500936640906
0.09341173438915237
0.08093653012146079
0.14349890350764724
0.03279053700114379
0.11335206077775607
0.10000397906145385
0.0809878315293115
0.05896545771164918
0.08968291091175538
0.0733281557954345
0.12378507724103115
0.07094474373306801
0.034365228082796836
0.050763539157355014
0.11404490862738227
0.0736763785497857
0.03938479331631678
0.05718982145499491
0.07777746365493787
0.13022979828335116
0.11657516678086892
0.10819821235427267
0.10234541671273284
0.06994475196692734
0.10262121073137515
0.07242823233581346
0.11867137817190829
0.106255587783863
0.10242784178012297
0.08684038817259065
0.1087246602390607
0.09073539658064736
0.12122670947731923
0.11784969338533717
0.06372353005961565
0.14962851357352958
0.08837824016825051
0.10214350301164166
0.1028094838567817
0.08326571526565778
0.11691706648227693
0.12096411473974474
0.09209889938914874
0.09964712540345566
0.06014082265547618
0.04190025219657129
0.10684145773110122
0.08594415996933229
0.09426710679857105
0.06940389272071784
0.13549524374398397
0.10306272832773913
0.1409972109583108
0.07283052568269335
0.1269640705564993
0.07572710336806876
0.08695089902791497
0.0830850027116517
0.14601973288569522
0.13224599314710214
0.0860519284178995
0.09460120242110408
0.08105313118424383
0.0713817313175371
0.09228528470259426
0.13193445356425276
0.1126139546243128
0.11733258901796537
0.09637340818000618
0.16975230823755671
0.08716721969063117
0.07580376118156926
0.1358118475762209
0.08599256206535436
0.08722664685960059
0.08404388815561871
0.12057622593041196
0.14724505093764423
0.1473338571850657
0.17102446673353827
0.12237099655626459
0.1439794890577836
0.08920343229487057
0.10924631632926635
0.11284488527976402
0.01917702232081353
0.0794520070938951
0.12108464443021505
0.07056882939307701
0.1082481247262169
0.11277594183814496
0.10418991297205245
0.10947462646798722
0.09367317883442716
0.09593196393095663
0.08707224546522195
0.06594116285538058
0.07702416837785439
0.08995915935566234
0.0699260924309777
0.11081181999472911
0.043982924555957884
0.11310530670161519
0.09544382207576327
0.06635079196918342
0.05707570741620153
0.06833531868425108
0.07700571071595007
0.12447570467320421
0.08443041298225482
0.1182428217234781
0.1113154430341361
0.10723551336094622
0.16257437949652365
0.11521470412200084
0.07457323599541443
0.08898850097176506
0.05158810590916553
0.10561075940939021
0.06980905022620701
0.10876907229602147
0.08309171420877898
0.1268436729698855
0.09881533394093976
0.061001959655377545
0.06897920069228716
0.05710928549918478
0.07209328876796212
0.0967449119989461
0.10092500173779143
0.12493628169948706
0.1181189980021609
0.11666028757474411
0.11277470370409844
0.04889156658130129
0.08765515766439992
0.13475130903665553
0.14000823005993723
0.06652828229734029
0.14690138435985012
0.08734899531309152
0.15492902044494572
0.12157658283788064
0.11306451219138933
0.10797389046915923
0.05033406520563966
0.08951925892247856
0.10602204150648269
0.11357083190511984
0.0925774359876959
0.10330375458018044
0.08590238674700569
0.07389148228778869
0.08966733836445073
0.11612554006334713
0.12517042376216625
0.0937379366964968
0.12531983830609017
0.09572678930855028
0.13766999377652533
0.1559097713472897
0.08008950656333393
0.06996368639396158
0.10631110124839607
0.049086968269824366
0.09445254027183105
0.11348887207972555
0.07761290449724549
0.12100425348134163
0.0993818793370098
0.07931816051939361
0.08657715408996161
0.0937747655850128
0.10606267691385854
0.12458600319187656
0.1150311492786404
0.10852007430094063
0.09792915314194837
0.1143195733912963
0.0871397358742548
0.12103933557910423
0.061962917217447004
0.04348215469291945
0.08331419605795112
0.11214099445069003
0.08432794017658146
0.08501791011238558
0.08629561260203603
0.10630227277912238
0.11695665804666645
0.06732324758656441
0.06828634569060209
0.06954028820679278
0.08083347573016653
0.04362125696257364
0.11104219911453803
0.10036953568297344
0.04125741433425367
0.07238015959811409
0.07147450938375564
0.15870708067319186
0.07705748632449144
0.10921458329091945
0.13303127747704763
0.07951432232063729
0.13157563046329532
0.07036213633071506
0.06727133432486368
0.10693719808801222
0.10036510039327465
0.10553151892480217
0.04550275060133258
0.09869517665442434
0.08918181911044695
0.11645773062815763
0.07737345384992117
0.09101664097224693
0.1157083164808687
0.12873504609628114
0.12928520433384286
0.11364407633983646
0.07557182763755561
0.10119214407772245
0.09188665168429364
0.1001710583002423
0.10315264915016482
0.08157834456102198
0.06435930669244588
0.1047117414925488
0.11007812939874555
0.1156733131597168
0.19180410080002142
0.08601339623163956
0.10703998676782453
0.10973890120795834
0.09529595346722841
0.125302170333914
0.08776791924063275
0.10002098213345417
0.08981314805943043
0.08006988419111502
0.10809360207292132
0.11195737831408113
0.04899485782452957
0.10576333620056189
0.08220322069473526
0.11411019816590179
0.1355067216617113
0.021676874706339305
0.15720569433405812
0.08569816148159981
0.1136006162956312
0.04998693673289415
0.08202879060601724
0.04016382845165835
0.055749564498700964
0.12805530204313587
0.0960752695776624
0.11513984538397826
0.0962768329968339
0.13441668922768987
0.07559468019034812
0.0948260216101522
0.1283027184470551
0.10154123081949544
0.1097019329581542
0.11700594075765289
0.039898962087949436
0.13371227447243886
0.16410158273267011
0.0956442244184701
0.11399347091599657
0.12093509533362445
0.06632548306900568
0.08574346174634169
0.159760866189618
0.09357088065391499
0.09416945076138226
0.12533433053276596
0.04634791854315446
0.11425597199288057
0.06888966747475396
0.103725509437762
0.09027704700600821
0.08773215945406518
0.06813665691905074
0.1129194219001273
0.08507700480002622
0.13618943742690576
0.06319702440771124
0.09654432839598222
0.15942304977889846
0.09105829138167547
0.12020110968301824
0.13139730488681034
0.03386922054401954
0.0887027312427402
0.10882882832339306
0.18035177256315055
0.11692771587416308
0.1121549897869806
0.044619489667006844
0.09615880553333249
0.14645387610814808
0.12978370777544668
0.12422693686755762
0.13664430528311314
0.11279340018283844
0.08680477505634733
0.11980373544985853
0.10318386649580431
0.04284806554261755
0.0948863978631486
0.08192733260150897
0.0880288420342197
0.11885179348541566
0.0829250149839213
0.13966580474997414
0.09305319017259708
0.13051454319504452
0.037522788284766594
0.11408200397419416
0.1643742272155977
0.131551994812235
0.08741287818085139
0.11980007917166831
0.07071071075440423
0.032125726738480714
0.10366101445671855
0.09316808911395297
0.09576102042202433
0.08345071142600144
0.0732737133478351
0.007273275252400235
0.084928829175166
0.0800269835858076
0.13251389796816337
0.14970608546447095
0.11908915412882531
0.06316773055474878
0.07838272482493873
0.05022783929442269
0.10474096167910624
0.032368952022539685
0.11253542813538032
0.1156111420776391
0.11433847256099047
0.09733604905457394
0.08915354482055107
0.13220282981595669
0.17032399080347496
0.1331604155757839
0.046064838390191154
0.1346579548369104
0.1095582329980067
0.12771780777501093
0.09436713632196783
0.11490204949432066
0.06386383922383454
0.09511193748974306
0.07699575585209394
0.051587003801723166
0.10060190943574294
0.09713255297798797
0.07321403134891014
0.1381479033287629
0.05909990030923609
0.07960477822465936
0.08730318180738508
0.06341293022903155
0.07647322007649866
0.08647519788874618
0.11620722333783728
0.06575058961507466
0.09925610901365971
0.13925452857590653
0.08757516908439503
0.07136902835533629
0.026404878520237665
0.09432436136581439
0.09067378896035658
0.10746669291475087
0.09956191715718127
0.060369821913187724
0.10871904411430969
0.04766178344962589
0.05431214328539828
0.05843091011358996
0.12340279594440146
0.04593830599532559
0.1485448260101368
0.031868363347775666
0.10899662907315648
0.09606044653912632
0.10281617346084003
0.12536530452267142
0.10936945551708872
0.1137350023584737
0.09488318737018027
0.1132408185878115
0.0742632955382348
0.08668269099893208
0.07767824634988574
0.1409339910866947
0.09074891163498973
0.08262217888674167
0.12554566073936693
0.06809142255084083
0.05973353589262179
0.12401187174319014
0.08908938684334267
0.06374094874046976
0.1323730099303737
0.05486405595690135
0.07674896514841265
0.10096446847207755
0.055106773283013936
0.13853389018939138
0.11819571026003886
0.13949846238620767
0.10926942848145112
0.11808910418875866
0.08203098718015361
0.09599251276585274
0.10171994408929942
0.12263848981700384
0.09507544400726922
0.11432209202396297
0.10559078964896887
0.10225044454291184
0.10881240134840654
0.11437015161217326
0.08975445203906932
0.08405177218348905
0.09608922140752807
0.09104403134125444
0.13733940308190973
0.12858063142905557
0.09609669790814816
0.08023912391877074
0.10211313464829512
0.06372016390229943
0.11755462584797954
0.11222571642023017
0.145412399571892
0.12069427595954527
0.0787177023073084
0.12138608349488364
0.1541977846053212
0.10688530172209207
0.1270896563028985
0.08713038169487565
0.10801713845558202
0.0996524655699215
0.10744309580853598
0.09710320846279091
0.11734101584289378
0.12866133775774802
0.05899488862342538
0.06604259911630936
0.07829238563118367
0.059445850319044743
0.16021364815844033
0.11613375450251555
0.1042847392625303
0.09716920690798868
0.16537838916855066
0.10640532433355014
0.10507220661081562
0.11154268339261078
0.11384840941381247
0.11267598196184128
0.10904197481389108
0.10274304123654245
0.13865577563272977
0.06613219939839068
0.11742022151720032
0.10963672197133392
0.12451431588663037
0.13804126931724411
0.10376193859269857
0.07467183510368464
0.10996771388167363
0.09850391844685073
0.11722530379905668
0.09603276473406513
0.13154983052846506
0.09313989577057552
0.07225395876133228
0.10892141700540188
0.08825355602942306
0.08826739701691537
0.07413499870811747
0.042291529854958314
0.07264748313248866
0.06309112406001827
0.126143821243414
0.10794159106773389
0.09506831879466748
0.09711323071025102
0.03899961895556278
0.10105078241823919
0.13399055804536203
0.13178328452917637
0.12286349144524758
0.12906186660651192
0.027649246348153175
0.04948231431658683
0.08262264514344857
0.09297951678097428
0.10401005788496345
0.15763503238050927
0.09033079639279556
0.06656060198488811
0.09910632642851495
0.14478246634836572
0.12142176763400654
0.15435374458467083
0.08418707927262568
0.13216443578207032
0.07694612703596072
0.09075785699454228
0.045498836482335304
0.12091751061597045
0.12189125364906686
0.13318096749299965
0.0671196981602738
0.14277469442129076
0.08289667022535416
0.09027647028622635
0.13277362866320014
0.0529414969199502
0.08028820715364837
0.11236345867222483
0.09798296135628763
0.09416355782393247
0.10691089332079799
0.11573169625964591
0.11886433479304591
0.09774400763730061
0.11324570637766943
0.09302388769098892
0.11180497764081368
0.11347779190910323
0.0915610260778068
0.09766136214691919
0.11247119531779563
0.07339473483180274
0.09901958519867562
0.037783079246375424
0.10257425750039065
0.08282270667446066
0.1322675446240274
0.058293607755691305
0.12152892407544966
0.1620858220388735
0.0857763690079984
0.16770082056260527
0.11956459689839867
0.09106837796234388
0.10856018882445391
0.07940035749677506
0.14174588866402021
0.07197216886966441
0.0871706723896396
0.12738365889064668
0.14156129345495247
0.0730305278401334
0.07829932648119127
0.12799104935694428
0.1295989535313737
0.11107538187005957
0.09852625263018035
0.10321430402994437
0.13243617266264732
0.09341384658333686
0.09212346353512349
0.08799636894069586
0.11174599667920274
0.14313717287202832
0.12527059705011434
0.015743416658567475
0.1121214717715017
0.08739113955449809
0.09505171614429472
0.1283094399399609
0.08758131282135602
0.07794233016775572
0.12357876845049177
0.13163727444387346
0.0766330869463407
0.09119424033935643
0.11729613820280164
0.05050895356604259
0.10985296171191374
0.09615904403769068
0.08224370483739664
0.05934617035186651
0.07917038056644413
0.08177427081050993
0.12864460512479636
0.11980990765504135
0.10155303308305334
0.13697424661044333
0.06021326529597123
0.1724751811590688
0.05002132413983223
0.11142065463001062
0.07764967116834195
0.06596540650678472
0.10072009194531797
0.12320310950039051
0.13383285062264993
0.0485833623065397
0.1525380789505404
0.11834072607429316
0.08786221023168828
0.09659323427647752
0.12915885004994004
0.138590208033408
0.06918854929598638
0.10833087264755892
0.12105591771368102
0.1202645091404351
0.09983737919755695
0.060343530254885036
0.06647732825866304
0.0728781822558631
0.1141413430987254
0.06538818415306238
0.10717691720321017
0.08794108354857422
0.053416042030459895
0.04772985632159626
0.047905149017862164
0.05848085408674576
0.099479619041951
0.11737906953391797
0.11882861979964476
0.04761042850729825
0.1388655497331653
0.0940164425240813
0.09852119793826303
0.12837698731074934
0.0708209214049094
0.13257287353540112
0.13914690780639727
0.16378090566222583
0.07417148681165714
0.02968856644232265
0.14073437601444264
0.06175603593853582
0.09777539687484965
0.07983990630509599
0.1167546254685945
0.08536591732762988
0.10238952128241915
0.12310774946130854
0.12340749834071665
0.012149910511217263
0.07674849850375473
0.07446410904617785
0.07835332789956914
0.0907223775851743
0.09608663810134038
0.12318106626328026
0.08711080163919849
0.10183233858879576
0.10882882067136324
0.09148771258479596
0.10105705878481125
0.13102890315513077
0.08739641434647774
0.16990805892729277
0.08424050148655009
0.12486536191014337
0.17160185905300845
0.09304581687793739
0.13542447337044158
0.1044302880001559
0.05567794503044943
0.09323136032050053
0.14935487547540593
0.10491967705598956
0.10197069644297756
0.10636656811832138
0.11787760105941361
0.06847251697614049
0.07141578094000926
0.05094810544839243
0.10372578972337475
0.10251560512945862
0.17033412888788738
0.10158132275089826
0.06894309787654822
0.11256074533631448
0.0870898487648071
0.15856498706526329
0.06277429903841417
0.07403775699127692
0.1499385337598002
0.08693725081621546
0.0885321767930274
0.10014994188882843
0.08181580796681764
0.09956060865323182
0.1135773135428404
0.07049617735183776
0.15235282026849462
0.08563446639947953
0.141182399085585
0.09128924823194876
0.14065524662815942
0.07662416620452189
0.08796144969045674
0.10163402659980826
0.12704944752246305
0.13967073066369504
0.0778613748638102
0.08040784740549664
0.1207201996588918
0.10161797924430321
0.12121941445997056
0.03752916794158534
0.13223235683340376
0.08147176155304209
0.05054981377424297
0.12108104814476293
0.1502770369505961
0.09410553118939262
0.08175063495808282
0.06967826603063423
0.1365930245827922
0.08777437223650027
0.0789155312618455
0.10431734378250129
0.09072460705446253
0.0967309699653917
0.0342299788477215
0.1285038860004662
0.14575036508436534
0.11241811957474392
0.10566023050055774
0.10664807891086965
0.14992769001682305
0.08943524297097541
0.08939485814452247
0.09923279207670858
0.12278124487987666
0.11527455612791931
0.10971496934682437
0.07753735230174032
0.1097624645851506
0.08483376762578285
0.10101263186556962
0.14319406350578195
0.1296748906471722
0.09527508429155727
0.04318432250977548
0.11601968229584617
0.1007364713848141
0.07053633865724944
0.14406371335451698
0.07422517410860072
0.12479490394997347
0.05433344550212095
0.11536625702811225
0.14247220662604854
0.08154289119749128
0.10495957654600697
0.17899313200965633
0.1128293445950694
0.06624833284440383
0.09561570690033004
0.06750756823861001
0.1158187061858126
0.08760573589899358
0.09458354899717254
0.11995122901124032
0.07655316468877821
0.14640065179509829
0.09952500175695206
0.05633298233294225
0.11605815726361313
0.07022373962065553
0.12368363554362917
0.0743294837421379
0.0613642127633573
0.14736871527067857
0.11142466658342483
0.11997913140664851
0.11088268428028314
0.10120395815592144
0.0992241588184778
0.08595598908231794
0.06389688036749937
0.096818370060584
0.07346036602841176
0.10503837477776833
0.10589993892892728
0.09019353487750725
0.11624112756200308
0.10349097878540996
0.07351538930845795
0.07083565150070369
0.17481600695431088
0.12006374510658949
0.048375965757815
0.0932466640232064
0.10187186112215357
0.08391367030517591
0.1152167498125248
0.06863883165653631
0.09547188470819667
0.09034618127035154
0.10600745742009547
0.11779646309421274
0.14080858255203932
0.12470148189556594
0.1062281580221261
0.05741529134091915
0.08324759197885782
0.12835968040498502
0.1336266795162242
0.1441462219118809
0.08992460784657844
0.05090532008436973
0.04592801210713597
0.1258808600486921
0.10077994368049285
0.14137205129280228
0.08690496406337771
0.06493704264961697
0.1056932264900517
0.12620578701158613
0.07159055920608623
0.1129710399526432
0.12551490064116896
0.11770114103495152
0.09804720812023969
0.06343731665645484
0.09379193164708731
0.059983093041137074
0.07948406546880907
0.06413743356245977
0.04100145043816202
0.10592020209134527
0.12502534578956487
0.045678308325763785
0.10601748412823678
0.09629546153410025
0.05905974511761705
0.09751716303690655
0.10365798528183721
0.10565063116259053
0.08941799522369746
0.11492963733358662
0.08492739882719201
0.10765575457161418
0.1121343529533622
0.14921543930298017
0.12220582647224704
0.07382344284901836
0.07856817089120785
0.0962812526837336
0.11137131723735116
0.08355474791595308
0.11589462616616403
0.08592835106962146
0.09333688531663802
0.10130662747091004
0.10188989738043397
0.06791760966157145
0.1359124098250199
0.1516559168851328
0.10261827823768425
0.10521013847500221
0.08769859955903103
0.09301482865052657
0.06389427797778298
0.15348614720116927
0.11957355270399976
0.11781444334634471
0.11527283677029468
0.13294607963222949
0.042632641940445415
0.13341657332779483
0.14468691535138534
0.1284997729955424
0.06851906943827316
0.08126735382388918
0.10225632528950289
0.07349580054989378
0.048033819641508144
0.10022791171204003
0.10383719104898986
0.14267055730206712
0.12374658635208513
0.16277016385343676
0.0781558031117688
0.05481955226605949
0.10244135376657858
0.09467580823977886
0.1149536978377209
0.10941231672540777
0.059067727470203286
0.10865464885427342
0.09801741180507478
0.10413814753501124
0.12042217940862068
0.16721130909153423
0.11693269920990432
0.11005823013579882
0.10658767815379748
0.10601830302681275
0.025825834278921586
0.1265863205068123
0.06761819155990167
0.018860133708666363
0.10467082399282691
0.10784626101495048
0.0889429252872135
0.10955801778901204
0.13812079970078314
0.022877840892851817
0.17991284863425452
0.1520118831596299
0.12514384293429237
0.09456405878793277
0.07721509182558366
0.14001341196490255
0.12976734811411142
0.0930245889752441
0.09700693413247378
0.12138335622152316
0.14840639533427508
0.12346376074388243
0.08736317823256541
0.06489831802897907
0.13517823835276205
0.13094080147930737
0.06959181961807857
0.13860708058939336
0.12358908518352998
0.097870276865756
0.1141998232410625
0.15831805289345313
0.049987472727075474
0.07527737465914386
0.09036786054162142
0.06241941412689409
0.06567752237217192
0.10953134196967315
0.14230704372404415
0.05427900857487527
0.12170526210168295
0.10467099909869211
0.03203957692361173
0.09276721035671817
0.0912227535612234
0.08207502115849893
0.11111146751481468
0.1516058918857226
0.12987793565611866
0.10167485648538666
0.12475930803496241
0.07834008469242876
0.12518864372649458
0.089920876108189
0.18502398856695423
0.14672377354874228
0.13244448594775282
0.051878739103612494
0.08854588281984732
0.07337840731483593
0.09453357232468697
0.0960597889230123
0.050166493171569224
0.09602414443780152
0.1294276776710293
0.1433732460842551
0.006418192484752783
0.1407172456146042
0.0657187197464043
0.10496833105390262
0.10862844270562286
0.09042648925032881
0.08269874702064975
0.08980467115916557
0.12982339399567472
0.0565345748709601
0.06612732998136511
0.097831738462431
0.1344888083505353
0.12548933429442055
0.077855994765098
0.0818738113600856
0.09614201922639716
0.10799638713052262
0.10589448723525005
0.09181308966069054
0.07008752729532694
0.11945950872545821
0.09683500775395523
0.04783020916459374
0.07767519976713874
0.10645986392800556
0.14806010472558487
0.07127167047364616
0.05879330987956363
0.10981110510928192
0.08269320470779784
0.09733424800824311
0.08545375030306585
0.07779973843186626
0.06221372960087222
0.1073762153504244
0.1193970898272243
0.18282286406214965
0.08220879252421842
0.11350120817697701
0.03281775350009532
0.10443716631068425
0.06493013799031616
0.06852720324997852
0.060653889393823573
0.17457487374035693
0.13433717640766754
0.12772063047318485
0.07930063102939247
0.06287697852887722
0.14261932469791566
0.1005853504351049
0.07999169675874948
0.1106778164155982
0.13465285413718828
0.0971675926755579
0.16307749682389414
0.07988528157470047
0.15126982069048897
0.11808600615391636
0.09175960198968433
0.07328269824225529
0.04300505939847163
0.1141838883625897
0.12453874304858996
0.13021098714197218
0.07731889235835078
0.044465514952587944
0.1348411896212211
0.08447473821332238
0.0928695844945649
0.13525870059022865
0.10714910222179432
0.160963488769663
0.10034190721269429
0.09177077556883065
0.07482724563145637
0.12453118216160199
0.06243814781542327
0.1379373846506024
0.10000917017159772
0.080905958799126
0.10863561834716147
0.08000306979015781
0.11782667742172083
0.11356986638985547
0.07450204504181482
0.14552001522992594
0.07730385891166702
0.1209244422445001
0.07255697508844024
0.11070729840772374
0.11250941331951653
0.10286842883548518
0.0289866506583904
0.11085822624807476
0.17164550892245764
0.05962677556323832
0.1184722316734296
0.07990964296505616
0.08394640026947836
0.14447577124887223
0.0796448656702636
0.06793963591143715
0.09024133022567418
0.08154667486610369
0.1591373979869874
0.08485012649810397
0.12353841316206884
0.08422767536335644
0.13246068871325897
0.07256074099426173
0.08147146617527186
0.1313274360891119
0.1752448880792034
0.06057286679826549
0.09488864097812853
0.16879492959461517
0.08270011113218262
0.10572666994940587
0.07161070308451148
0.11819820288027773
0.07301410554278812
0.05986131828366546
0.0969927022453556
0.08937278879015753
0.07459978810135923
0.07346783605925478
0.06976255685121482
0.15364948446070148
0.1274240688148098
0.05921085749206759
0.11398064615619612
0.11425761910325408
0.10078547485150904
0.10731714672016593
0.08690044442336738
0.15983498956809875
0.09705723878425702
0.1269767744112746
0.13850284029297608
0.13732713023171003
0.14184045758798483
0.07709488645734239
0.12502138914499397
0.06108019276274771
0.09045087844618568
0.037469402340313596
0.10588040053562979
0.023128859162934168
0.09164284321075698
0.08999784897203147
0.04418165554912439
0.016818574363393096
0.09263328417431513
0.033342527443807654
0.13536987308667697
0.12890894533861863
0.12366206681346317
0.06149782364479791
0.1730502131433204
0.10426639037182402
0.07700598086410379
0.0944438288541205
0.05621062231955166
0.09325823524788501
0.09254580151938187
0.110502843123395
0.13971793395777293
0.03570872766595129
0.14775847875371043
0.044318857394840615
0.11374406565203388
0.11734766871442606
0.09224626673563888
0.07368739328065019
0.09330812972720842
0.06210549258580171
0.07147634364199698
0.11766393441012728
0.08076010340989533
0.11226729639214816
0.09190862474279815
0.09861176449837776
0.10151743557461235
0.03758463061606982
0.06832044370529147
0.11717157140516322
0.10316334487024782
0.08901049339813015
0.13556738714186972
0.09077467494156397
0.13813717909090506
0.09438221952423632
0.13001181193123662
0.07032100605126042
0.1405047805633664
0.048966240163360715
0.11697890644168
0.12280754426263579
0.13499267742447482
0.11531432238396677
0.08498478182303777
0.10130344834757136
0.0770091882579316
0.12165367687071041
0.1091955694964313
0.15088510959811363
0.06682791610809069
0.07439575113560844
0.11360281500224877
0.09074712384141087
0.08292882575057983
0.12022175745283632
0.1028289785453118
0.16702153826917443
0.07387992629250731
0.10350976334553806
0.14351859445751664
0.14134328119940404
0.09897810156673299
0.11196852319535529
0.08994389813659305
0.1326461485268594
0.10080591962241583
0.12115747301253925
0.06221024700245611
0.047922516488196155
0.11463010353520701
0.1358036264541897
0.08628692061117649
0.10365296906100568
0.10724719633478078
0.0957769982889809
0.08589686389868406
0.0931496532471938
0.045210947925811755
0.13211572810020952
0.0776297447505071
0.10743762015888554
0.11848770764274456
0.07884860311650133
0.10337256900201511
0.08031328630171362
0.10755962696138732
0.11284179527623717
0.1306132474372151
0.0846821937552299
0.1207960438769443
0.14099912713979534
0.03929410625452051
0.10729731686994126
0.10236247935251903
0.10411910240490477
0.08164680399249649
0.060942302919172735
0.11766195710349805
0.04586353866531365
0.11690189416494265
0.0545365600080249
0.12496548854886769
0.11140028345434856
0.09406468535582921
0.09351373511344829
0.11823217879318085
0.028654559849559377
0.11174208395512422
0.09912061227142141
0.13712280469155413
0.08330787964011281
0.13140990812181474
0.06495010316284516
0.12776456193976088
0.09623119348599811
0.07754218011655578
0.1000300900968738
0.07936990682398323
0.07028966148403118
0.10586535666334504
0.12774662229312297
0.13746760678780276
0.0980064850284039
0.14781952431183293
0.06737091442776633
0.1502757337684727
0.13714441245947667
0.12993991599119475
0.11658112116472844
0.15049438893123054
0.083136802254656
0.11724509731534419
0.09563510277232336
0.07076118462235914
0.09472266403898802
0.10437759633738986
0.08485040945407717
0.11965999856088988
0.05473365734810003
0.07137582803941406
0.09537082031035234
0.07092459799258467
0.13547307814008822
0.10225797874704182
0.10884033605264225
0.11032797025012668
0.015704905382229115
0.07155634041276102
0.09145522576716454
0.09702864062016428
0.08150166626252622
0.07351461007490524
0.0
0.11690856774331453
0.12973083740714014
0.07762152537990388
0.12927199094922148
0.11977748299399374
0.10809029810613258
0.10668260726187959
0.1022582803285151
0.05903477940588501
0.13900080691633704
0.1329166479778492
0.13400657225412735
0.1550363649672522
0.0982718390386076
0.08831746793285511
0.13119672924540984
0.08928688729169909
0.056653807891364885
0.09761034087150625
0.0962980848265407
0.10429201608152272
0.1379608256698035
0.050610246763938514
0.125641257101152
0.11220804243683029
0.054849693770708
0.08124866350150038
0.07785024988137146
0.0695772878578316
0.104351232741705
0.09749135827901978
0.05147180890858141
0.09018469406025982
0.10553779036218425
0.06184404755842718
0.10509147220982774
0.07036445974294443
0.11619189980010855
0.0925292255502806
0.05790187607174899
0.1460194314125313
0.052845941136606796
0.126438302289654
0.11476619723464788
0.11578378982523706
0.07774841640729718
0.09386526329235281
0.1316065065080492
