0.41635733204326064
0.350790559980924
0.46225765653126705
0.6181126191431009
0.438178706945257
0.7109415027579715
0.7142501296889368
0.48114535431963606
0.4621466716494209
0.5372685350891578
0.801548612295933
0.5971304654709282
0.6436124906812306
0.49727135670822376
0.44792758386231984
0.5752483761619506
0.5831571880098181
0.5774427440673099
0.6578402853446419
0.5386403491137699
0.5652130913029096
0.5839215159176678
0.6250321769001419
0.5279780682623975
0.664768844280969
0.5036522211042073
0.43863518283806435
0.431435438612483
0.40881527012025387
0.6093622375059891
0.675326455017703
0.5614599173285469
0.6255725072098477
0.6245936971571686
0.5223508309654564
0.41136108703606533
0.6667872168205131
0.44116435587020386
0.644148503183274
0.5268534848980996
0.6056048517545312
0.3662879961039791
0.37375562145267344
0.5890174244360946
0.508595265140843
0.7313653915506608
0.5155099578714055
0.5450220458501837
0.5561711026254498
0.47791381591914345
0.6169078893939728
0.5036567766940342
0.4733328988197758
0.5679437172240209
0.706003725657093
0.2373772400739651
0.7306401617838788
0.6023423932720923
0.7892818123010334
0.5825309818801596
0.5688588664188481
0.5664454100905537
0.5113946764552983
0.4803048413594294
0.6097327206335388
0.4950223164492563
0.5054985435090052
0.5085285132635442
0.4685953812781001
0.25935885651516627
0.6378105224459704
0.5621829635584382
0.4318465416972199
0.6639248980874786
0.6565013878812364
0.556124194962947
0.8046635645220236
0.6132396297627585
0.5918379294681473
0.576055711756311
0.6875521421092834
0.6184568157744205
0.7003271045708193
0.5361194346024462
0.3702498756713789
0.4825379360194086
0.5159953327278723
0.3722996927758703
0.511908981578276
0.545801286984264
0.5436274063435702
0.5122644144683871
0.461662156722457
0.5381959204825453
0.587145007694185
0.5008715387656933
0.6629936244442759
0.7295111987267546
0.39603472019495234
0.5457805159930047
0.669406015984453
0.39605649799810666
0.5143816996189879
0.5222309414921633
0.502454641507661
0.5902038921644802
0.3810569804529566
0.4943213209459012
0.6518494320657884
0.4583449499820379
0.46154825251889486
0.6534686214447856
0.51696269446981
0.6785264917289859
0.7074174811451386
0.5887179861096505
0.4536181699888325
0.4986716721172456
0.5016758665235658
0.5038366110625003
0.5745811745481876
0.6821771936372638
0.4966568689483621
0.7614771184089789
0.6591942918125284
0.3892424536634286
0.5848847528943664
0.4736827899253671
0.6487883711552486
0.3330975225961159
0.5473646035418029
0.5793510973013783
0.5781148738871466
0.46498238486377497
0.37361705459991934
0.5839343018362968
0.44141411351840687
0.5408058944512377
0.5296559044983393
0.6261915116730752
0.6697723680985673
0.5675616944515122
0.4722867104525635
0.3702396850304793
0.6870327187503972
0.5855137601563983
0.5615531380501588
0.5176447295337326
0.5383103503924526
0.4950653410162985
0.4758766702943235
0.6191557892514742
0.6039371615684145
0.5534872639592713
0.43147116920458073
0.6590943168106296
0.39403180029344614
0.5253677592083462
0.53006147626319
0.5159976313489417
0.672506806962998
0.39804026024357475
0.5886275699532637
0.5070256276235383
0.598852261516361
0.5767324555747403
0.6061607327342378
0.6837852225553613
0.5767631452923088
0.6367208453647908
0.47080806899968153
0.38763896759855837
0.5264578860776452
0.6617368711091876
0.5580617881856245
0.5719074850664814
0.6861454448538167
0.6651683836005221
0.4137105878941366
0.5666009032733009
0.4562511781564573
0.5641315692744941
0.5830978668071963
0.5300848704841435
0.5715513121093145
0.4826437282105355
0.5777339288730369
0.5207926588961759
0.7366162881024962
0.7139348174507627
0.5173058178345431
0.5092814147540733
0.6576827679497727
0.46401715444401803
0.7169879560839044
0.4972352527444637
0.5709757555868434
0.6918220526158145
0.6246171401634543
0.4805504011582691
0.528129816026192
0.760811432961803
0.6485420228139882
0.46633269601586297
0.453572439310919
0.6394882677622928
0.5653471408060554
0.5927001319372093
0.5882298232190937
0.598342300185535
0.5714590808151047
0.8901723637243668
0.48655559941169235
0.5126080978492641
0.538382989131148
0.41317436230513244
0.5539636130920129
0.5265350417919655
0.49724432613719305
0.6130869620596299
0.5813232547739553
0.8290225777958964
0.7041311747071928
0.5731317797302613
0.4618424540100261
0.47682792187985307
0.7585098883474849
0.5194704245020956
0.5043565902856815
0.44242621462486714
0.4844044183379539
0.5518630544063312
0.6923484143107208
0.42739743991557333
0.438655787276544
0.6168071093504169
0.5648004653026563
0.5068718806523594
0.37675144635066393
0.5243171597588604
0.529155105432407
0.5635050863179051
0.5280677244176002
0.4984194582907796
0.4853745199161783
0.5633433340546121
0.5557119428524337
0.4414580939309673
0.5711663306402198
0.6343491025160573
0.6137762860082353
0.4395303510192021
0.49394842332002176
0.6126318420948237
0.6173238585502795
0.5505390429174709
0.5148736896123608
0.5008025663218785
0.41033900239108934
0.4923755769458255
0.7283033613849826
0.44799105283040236
0.5323517139445799
0.4586342636455819
0.5690822103248819
0.3071377907636387
0.6075098963055254
0.42617703547735836
0.5713309092311474
0.5798557943633249
0.525504465626566
0.41422132467328054
0.732167315717694
0.43107919309183435
0.568870723097882
0.47735697519476744
0.5567161528947672
0.6705633053659572
0.7348792688232519
0.5026704482895992
0.7341055455071295
0.6594204179170422
0.7121865758683518
0.5548126421777579
0.46911524854357867
0.30967850969560795
0.5356633142250311
0.5782725477780076
0.597293401904907
0.5158412279117761
0.48209490761667173
0.49949200629318896
0.5584880866526631
0.5018627378367407
0.5711006763796893
0.6651490413596759
0.6199467126068143
0.6096643633234381
0.4084299161404398
0.4487720032318583
0.4229261183755071
0.6296310775691687
0.4772024884319599
0.5068692242326813
0.6225240819731278
0.5471129893696204
0.5164155030160962
0.5930398558850242
0.5639583042862691
0.547704113008019
0.5428084555226618
0.6158131441403862
0.6014714454123878
0.5633582420842546
0.5537639944725241
0.541107017118983
0.526431952440239
0.5347548790818332
0.6449333880594407
0.668476543237685
0.6266829423772515
0.49689089496874433
0.5516115542755857
0.6138400309263095
0.5129199448637951
0.5691369183942779
0.5108402695605134
0.6460978071171688
0.47131698946294465
0.7232771474488833
0.5515124671231996
0.5154249788348376
0.616725927498468
0.6901393555356017
0.4493655679365733
0.8060363141447874
0.4975405879868401
0.7007278943434746
0.5224423002137208
0.6085302108196355
0.5228259263327231
0.3497354892377771
0.5821574171312203
0.6285361057406715
0.6435681067201338
0.7258578780519677
0.6551660717517979
0.41959619876436394
0.5002894445801632
0.5825275945757309
0.6199538923473141
0.535217320518647
0.6291013906294127
0.5797894147381514
0.38813975180741267
0.6764994320170956
0.5696874134866738
0.6353044012950054
0.44489751293548524
0.444579506987191
0.48537678303991116
0.7045269709010802
0.5170741598934686
0.5730302915663379
0.5955449626807392
0.4081752576383145
0.5270241433259218
0.6258875752079078
0.45670950431681256
0.66642359812065
0.776933441164164
0.5616419845389501
0.5557194521383851
0.45807670745752915
0.5243331646771369
0.5049961889120994
0.4256999439529563
0.6654470268452857
0.5161472299147839
0.4845495422038377
0.5298688493008693
0.5819627394465429
0.7468243235195043
0.5966620164762524
0.4622932903525359
0.4701442126672751
0.4692263839123729
0.5952068471401911
0.6003632787650254
0.3819399856861494
0.4271193798590184
0.536241479064162
0.42281207685689537
0.620131425345154
0.3878589394683098
0.4929383684732477
0.4239501741249055
0.6680108663565852
0.6057970580679135
0.6579054931179691
0.614455852023916
0.5269700083722011
0.43784712759360195
0.5922696230803799
0.6800394451356113
0.4494936228989992
0.3992613601012213
0.5087389733220555
0.556794772272407
0.5529552216692424
0.6896751770697069
0.735652719658997
0.55854182810321
0.5257015813157027
0.5810787622495529
0.49159195786841603
0.6547496801298129
0.45733100824211176
0.5626177393058854
0.6486173550690387
0.4988744010619457
0.4864356023406804
0.6346874513647861
0.493502189975606
0.45103159157016237
0.546815076282382
0.2547394182251488
0.5186769861286074
0.37410886346396355
0.4713330546382362
0.5730413908901126
0.8041326730809224
0.44999490755564575
0.4234773321946891
0.6207809152025178
0.45462986680192624
0.740583612082195
0.29308665057721967
0.5825928425794439
0.5504414211581838
0.4320771571182411
0.499941458826557
0.4600248801135285
0.7070548007777049
0.6080152826674089
0.6399299445817512
0.5435396006156687
0.5631394389073432
0.5551286229880239
0.7469428336677179
0.5825999149564819
0.5170723000781274
0.5345133592682703
0.625169440910313
0.6968838694894799
0.47228845203529735
0.6736483741937929
0.612388896563653
0.6013854673848388
0.5616546238025761
0.5942338211883921
0.5719043903473635
0.379563463280963
0.5468927670136622
0.6387306981002152
0.6334451114759833
0.450111527446332
0.552806357602929
0.4151162281966112
0.7407191204999842
0.33870562576380403
0.5013527715280918
0.44665196107453664
0.6119437361474973
0.4967067481100639
0.5260938297493792
0.4550135501438125
0.5851159807799251
0.5359195586413168
0.5262683067641979
0.2652936462672101
0.40600794669069173
0.41206655678746196
0.3720392057708442
0.46537417503603606
0.5381530556523441
0.531372289879488
0.6592828522049405
0.6836438835239175
0.5953571963138586
0.6388622279635094
0.3751618545108192
0.4740586902329181
0.6208409697944782
0.563338115431604
0.6079964613020952
0.3901652600533953
0.578565403906395
0.5276467888035402
0.6396718786783264
0.5044957928296184
0.67760802017544
0.3976700816005809
0.5279874799138036
0.6675787168818663
0.41787158212827263
0.47391291673956343
0.6420762854857155
0.38800828176007784
0.48755790212276207
0.5817630189271509
0.6258844230766634
0.5253260683705735
0.6396491167653955
0.6059203023089472
0.4949228083086433
0.6469473494036275
0.704627197668569
0.5856201232958322
0.6809189141610577
0.4518271876234999
0.5352367968705116
0.5621115281906873
0.49176940750652753
0.4122434490664191
0.6273240869985334
0.4342759698082517
0.635018727370676
0.5945419028254737
0.5832435298866583
0.4089959799552102
0.5975031132731432
0.6130879023533435
0.5512054912656765
0.5988051407256268
0.682956527191474
0.6690833357850375
0.5576204032038016
0.3743850298048427
0.5477953085623727
0.3982817747903279
0.3568766227610088
0.5700249360443167
0.6163409219676779
0.4130907287936546
0.6315108237146708
0.61672951717631
0.5800609448845626
0.4760795201860487
0.4893687306571823
0.4842409832566069
0.5890285183520566
0.5409630610518217
0.4384981473076306
0.5137788650527653
0.6011332210047616
0.5063802108670168
0.5529718604452318
0.500568765008519
0.4937442682220186
0.4587844405040826
0.5210014832736377
0.6875845240343932
0.5104542946132359
0.638195631278613
0.5370810571420997
0.541505546626391
0.4837709190906412
0.694322495822658
0.5186727633551227
0.4736178614411452
0.6041084775937493
0.5307830758058315
0.6443248534825444
0.6995549255952683
0.3944698653786991
0.7167937752053114
0.49427930532835024
0.5490020089334317
0.5196701095932262
0.39290332282638396
0.5659944265820863
0.6593016329185757
0.41772218610622863
0.6547153114729
0.6588940626489921
0.7293735216700773
0.5895215361289677
0.42416731388736384
0.578365150642387
0.5649663679114562
0.5109446040771883
0.41238260102401203
0.40477124026197364
0.6318579465893774
0.614384642881088
0.4586647846949192
0.727337711539772
0.651692116793064
0.5502822602605861
0.6218108412648191
0.585298083319746
0.6335503864166107
0.33941877487943606
0.41090427039376387
0.50213157370332
0.4745552212150056
0.4592663631071484
0.6388673789500252
0.48855361329882485
0.7036517200258843
0.7126928596692557
0.5367476459686105
0.6223644796439965
0.6446068347356471
0.5681392425062793
0.6126699431476871
0.6672916191045711
0.5472856975232344
0.4489764602357047
0.7612738407782018
0.6170509870534818
0.38549948466307005
0.6115683291900135
0.49170377182531105
0.46346723438154325
0.39116950774585163
0.45440550642263355
0.5391176931197638
0.46678927048738106
0.5987079876861499
0.6245463403551909
0.6044683393005039
0.6331310863770345
0.4506262123620068
0.590706930090766
0.2592494298249082
0.5315751051003329
0.5561194565024152
0.3761765819150091
0.41450871543614537
0.4230440199643203
0.6353194074359984
0.6127570314451511
0.5846153331299074
0.6345539043510182
0.5706753401678717
0.4466822293107261
0.5638113268340151
0.5885651178376183
0.550849909311378
0.6327431704392602
0.577206307095924
0.6661400408680423
0.7177846523015972
0.6592640665385808
0.5430543606739625
0.7119129497095159
0.4997193677419259
0.5786785030304763
0.5443996099609949
0.7533514621919981
0.6177671973261569
0.37510559448944925
0.4245628402055259
0.44351525915260015
0.583412868996933
0.5881936877246406
0.5307414382830666
0.5294232289737804
0.38009654714216223
0.6620298501670578
0.4998186536218793
0.5989332834638159
0.5153406627281623
0.5305016582179212
0.468813536914528
0.438839662377518
0.717311000638343
0.6656873623297027
0.6451955436217434
0.6159472870218419
0.4408069548154374
0.5358513839006076
0.5006821342851333
0.6562475473951829
0.5494095399199898
0.8123984827303947
0.689156004844974
0.4805029553785508
0.6155786137235709
0.530598151673038
0.6337102953627439
0.39352085947112714
0.578257458494089
0.5098649524413739
0.4341998941137984
0.6010505853883148
0.5106439843860634
0.6295488818850762
0.4748061953666603
0.7640156507756967
0.6588508000457364
0.6035514778278003
0.5289479597238013
0.6214232580832354
0.5557421174051463
0.6172392663725937
0.5858866951667071
0.5259374459603238
0.6403504957110195
0.6849263747687553
0.6965562375155281
0.5504837052491155
0.4814329829053664
0.6119906588544624
0.4554109232210811
0.6895180375524502
0.6143684283444595
0.3731009631377433
0.6257941844443524
0.6182319791854884
0.7108179453415537
0.3764682558239423
0.5072107127896546
0.6502511734547255
0.5025720207774491
0.5953260540439205
0.5076645776828629
0.568678826903396
0.7665261389442822
0.6839920172599496
0.4509470056346947
0.4236654397017676
0.43888703474415147
0.6276745270649278
0.4817587580254446
0.6735162880589738
0.45702283545210626
0.5695147496371142
0.5239281830302468
0.5687075274194773
0.626245410723513
0.6337200982025597
0.603724207943875
0.3892468198808941
0.48080581179516846
0.5767829155775054
0.5130491999053648
0.6042467175015672
0.5437282172623451
0.5452547851394363
0.584916722811738
0.8118114041851724
0.5720950981808838
0.623906773202545
0.6422348707962904
0.6434838000858142
0.6245455458066627
0.5181551283724268
0.5982217599961469
0.7063038413270171
0.6743380653542579
0.5624421621036975
0.6449241744426595
0.5606216671104794
0.5056493042474068
0.5167703286235323
0.49086398670444653
0.605526888433261
0.5078123185026047
0.527041215022785
0.5934939272728397
0.3613565074577386
0.5349059848684645
0.4986474413264942
0.5549193358594683
0.4672216928165607
0.7350513729914687
0.6256530099985632
0.6669748704599096
0.45152330047292755
0.6224689905430738
0.5792221810651176
0.7816571082584035
0.5405259937769952
0.47671672692532874
0.5354376355169165
0.5806646052660829
0.7022174832824581
0.43246661850263657
0.6026327590829826
0.6648058661376964
0.6296692330727046
0.35382265814285085
0.5833295131608593
0.5215139035272627
0.701054547182119
0.5872470203093939
0.5991910769573429
0.4938174471552292
0.5754603169571131
0.4691886273588502
0.485608097715214
0.5432468463378883
0.5913197172749268
0.8178460158674233
0.6312804331603387
0.4690939345820792
0.5283828368039151
0.6413786569274178
0.6614867824580672
0.428963865429023
0.468005189456168
0.5086835643025246
0.6688110744568032
0.4983949932929625
0.5658327853410784
0.5270071239982574
0.6103324970487743
0.44459226037895855
0.5022995565390782
0.5024697825161878
0.6960568424004477
0.5157650393987206
0.7769583207873552
0.5150883501929524
0.8299978805729524
0.6480237496867538
0.5324913309565293
0.5401670966748292
0.5269531245849219
0.2423995340247696
0.7299706199444398
0.4984271451851973
0.6518922131274686
0.6792040098772919
0.6590761827044554
0.4930157283059971
0.3997628618839601
0.5331064838361707
0.6485365720566706
0.371826043842147
0.5563261647414316
0.5847508742987804
0.7051905426103136
0.6172687833745308
0.6101041639043316
0.6138461903904049
0.563034762168534
0.5577084472079229
0.4647907689805575
0.47962404165154027
0.725445660317559
0.5986718295777904
0.5614046620895573
0.4347782177537496
0.45578034294845887
0.5490027440219745
0.41125705180637606
0.5392264280174847
0.5108862847806294
0.6051341517124383
0.5436593537775154
0.5832734745660852
0.45784541963539843
0.5527501018473328
0.495291829419136
0.4362470886419014
0.672998417273076
0.38372133013740395
0.43640526146938746
0.5624465549740795
0.45049975326055924
0.4094673381949049
0.7195125066030422
0.5932612822891873
0.4897511600429297
0.3567373589498808
0.5293886800293486
0.4483384649501887
0.7161480400252834
0.7562867095821466
0.5763065858807195
0.42961272040835996
0.44400814567088326
0.4656482401663886
0.6818551609011978
0.3403603448978334
0.6505294001752289
0.4797738806615041
0.3449341678137058
0.7014417031015094
0.5323426449144779
0.6329489900683927
0.6233044056106057
0.4457803668758118
0.483074902741221
0.4759353710677253
0.7747183474800502
0.6388767929038903
0.5902626405010646
0.44268741887934016
0.6462232777957047
0.5415583169264823
0.37554865464719556
0.6432729902613732
0.6729558572885403
0.5793640692657573
0.5536048255842196
0.480933191821281
0.4999986812549392
0.5168021612811142
0.4521788722237676
0.5500962249963256
0.3274809826557798
0.6148929570941001
0.5347544151373765
0.5491063787869802
0.29742976034741225
0.6449558959418176
0.6173766836072682
0.44307906426688165
0.532888641703233
0.6820149666519494
0.5671632537769387
0.6577289769807234
0.45848761224523366
0.6213533072642717
0.5041309912532083
0.5210658026329753
0.6027466082296672
0.4345869413273118
0.3769608639730294
0.6766005865055618
0.7358980949572146
0.5954979024900857
0.6255239611593195
0.40499268397770183
0.35170779137670244
0.5536577045931294
0.6933371993867803
0.6460679044045747
0.38009656939886066
0.5391654912395304
0.7131912926658426
0.6031638560608639
0.7003126040109311
0.5801283256714294
0.5314066840948031
0.5403841688286494
0.4974829668296648
0.45651654306585643
0.5642721063711726
0.5903872319033119
0.5844982043212936
0.5383351606002815
0.6998626204250447
0.7292866645475071
0.6719889212132458
0.5220258313852058
0.6137062965095201
0.5789354730923733
0.421744262131026
0.4916519406190539
0.40875644705534414
0.6374205652572749
0.6601227715002267
0.5905057210503191
0.6875419597831367
0.4949256654744356
0.5851870063075475
0.3840124284173377
0.43911722929379504
0.589218051244118
0.5320490765719917
0.6437189794691088
0.3151019273504695
0.7466784939145917
0.475136394023918
0.5363458611387326
0.5026607644638135
0.49265952123318035
0.46678211251546764
0.5654875571086967
0.630121608876268
0.43529544275265925
0.5593779474829473
0.6125344658581348
0.6468548754307735
0.5770809143236761
0.4633331676295599
0.5952735216625001
0.3968124797636178
0.5769082087498844
0.7874041960363457
0.5885066360167781
0.6855688896567181
0.5592687737283792
0.6122920261169744
0.507379865041734
0.5409790785001306
0.3502292323797447
0.6322250665584342
0.5386688792739147
0.6844350738266878
0.48574910703906005
0.5310628636059218
0.562931406097012
0.4994443418358737
0.42759453270875025
0.609232236451547
0.6183179237708183
0.4793419662653984
0.4546443134969435
0.2784715276445174
0.41739491223786057
0.5778086388236138
0.5771622744894443
0.46365579962060477
0.5496826181685532
0.49729667150870793
0.47534201068833515
0.6174677189603126
0.6602984312099337
0.5975515909208899
0.5617763441793261
0.5573634950968864
0.38540618713771435
0.5881430278061605
0.6193248877361199
0.4763350088278826
0.48215167209462517
0.5924238077047247
0.6767826272623759
0.5111464093253519
0.3867934314683795
0.6868964214315048
0.6448721761815257
0.19949832525194022
0.6441781132165221
0.5319637890486104
0.5446027552135319
0.5498403604197468
0.549504017681095
0.6255952704626805
0.4090254817108552
0.5923291915310237
0.4693574671137417
0.4856321524287445
0.43750698407905286
0.619018101739968
0.6275328943555629
0.25781290926792655
0.34969172876957366
0.4931690715135519
0.6214664453590217
0.4570822112045835
0.434996343972588
0.4827727752731591
0.7173305979902974
0.5353300331596331
0.6654725281226889
0.6577569851654953
0.6171602803302272
0.7201860486412375
0.6832528031152567
0.3583405326353055
0.520248385315098
0.5328954484030539
0.6204121629268048
0.5030567116557038
0.7330834783775338
0.4894388580860929
0.5562750388437077
0.5266600653972822
0.6139649359484372
0.38414715025720003
0.5795728786259376
0.6335365299945768
0.7523052139771808
0.365323757833526
0.532230415927884
0.4990562542578401
0.5915646630880227
0.5025686526727123
0.6978592189705062
0.6072221307083764
0.5518980030923638
0.6312024461505866
0.6946879348466652
0.564077828040916
0.5097867189397498
0.541885470078676
0.43053062358321903
0.5974818205727869
0.5984009709582341
0.5956975484572586
0.631642118886587
0.4749612893847038
0.4366751540457265
0.7872396293626873
0.5782583728816646
0.5140371402013905
0.5220352117529463
0.4703892858566364
0.5312964794355476
0.46111186361730017
0.5276194759310864
0.6625831291371906
0.5795243028162737
0.5036644960254691
0.5751474932975157
0.5200819619068933
0.45216857881831557
0.6106342325782286
0.5190062985747681
0.5373088992634731
0.6546077557473744
0.6689941777808479
0.5644056452366775
0.6428059180407102
0.5528806002744555
0.3786928486599045
0.6166398245940351
0.5556903965368476
0.8503484608796552
0.5372091937939164
0.5433613531065332
0.49963205226270246
0.6183289125697327
0.5813133821951432
0.4877636136696887
0.4876266358957694
0.5747252275358995
0.6188687065355316
0.6292351005552577
0.5789782089916676
0.5100318229970711
0.5019939294431799
0.5956885283621074
0.573654245442701
0.48625059289087746
0.7183853791693788
0.5831654149758504
0.572358553252673
0.6353587709078652
0.577248892887722
0.6057455900932319
0.4807302625988076
0.5606088277623135
0.4382437699111176
0.49027438813844726
0.5080747505152482
0.6796722520243963
0.43747731060552647
0.575451294171521
0.5542324320412318
0.5402039976023507
0.537445831404116
0.655969225826629
0.48282586464739513
0.48651151813944915
0.604249667682973
0.7422371874698948
0.5066130851038192
0.5955502074592807
0.47525913588533514
0.6025172976777445
0.6128711646193763
0.5884027777569227
0.5496689626804365
0.5727032105888733
0.4698343008759035
0.6622005628121375
0.6004649499851318
0.5959374726299032
0.591770653133253
0.682277886801537
0.5453551818958637
0.5188732249061518
0.6330517811875308
0.6398192605390369
0.42307166055120465
0.5065578825195025
0.7769267769366192
0.4955217351842773
0.29281241900897015
0.5788291509320537
0.7090866213408727
0.41213942985162466
0.4204916926274195
0.5454277341281969
0.4273571854711591
0.6450355299171242
0.4521513326696834
0.5748915400483208
0.6066956707563553
0.5002957736219444
0.6548448067689638
0.4642244849813144
0.41568240392191025
0.5292425458849165
0.5749681352893035
0.5006445965415852
0.4559597719188036
0.5846501510920372
0.5917823560972573
0.5399560298538255
0.41867904042818127
0.5983933606083426
0.4486995306710326
0.8384664409816853
0.5865992657429593
0.6543993675398039
0.6588247086166983
0.6477889773617859
0.49124161116402193
0.6710924913679985
0.704124460046
0.44497497053775575
0.5569094287941604
0.5215655522284942
0.6413213239308218
0.41563398264934576
0.6095643769068196
0.7646655560485799
0.46676544220431954
0.562152826029657
0.6276061299966218
0.5380092028622293
0.5291341491458408
0.5863310267482668
0.6231487683192855
0.5454329644243128
0.5851884497464793
0.7565054950366459
0.6311437944294622
0.5185351144453817
0.5108682806104498
0.5467678638283172
0.4584715205046663
0.550048167885349
0.5860816936353647
0.507855929903436
0.5960133091596586
0.5434440385074003
0.38416257532354603
0.4551446442862138
0.539746417701055
0.5049683309383288
0.5398327279417547
0.2644936316054745
0.5439969042191463
0.5134137880625438
0.5661232452075176
0.5881094054303924
0.5993516817647895
0.4868430973769427
0.7066896091372018
0.487122728452182
0.8834618369630449
0.3432996397209131
0.6174259933675074
0.47604906606082864
0.6026840560023805
0.6661036590038102
0.5726775708720578
0.5301022528162186
0.572995541036174
0.4589302359612325
0.7193005972617298
0.5647424589695729
0.6401264559930107
0.566384288902911
0.6357661570822664
0.4875573212041386
0.7356913784777253
0.5234109057253942
0.6301262125695065
0.40577367277474186
0.46713415173355755
0.661432719254443
0.5284850068818233
0.6440515620415354
0.5580239324175505
0.5497142393288406
0.4992235025021316
0.7477380974544157
0.7139267064575378
0.685640813172242
0.5335640840200492
0.4853677019856044
0.7573989993498368
0.6878281935477976
0.6370410642523961
0.6899299318361289
0.4542724618856321
0.4911425086823175
0.7125580396248448
0.48748181367186355
0.6225741137351637
0.5688889472299304
0.4162329684328101
0.4634013817144263
0.7313075672666427
0.5618402372101375
0.4592262301481006
0.5780283855380738
0.6633910516900683
0.5887133936375164
0.7049499971488044
0.6827733147199213
0.3950670401460853
0.6815482137842979
0.3658077777832499
0.6116628322917549
0.42450031725894677
0.5134343747559189
0.6700729155012308
0.35512875391935095
0.478945053132376
0.4448835264176725
0.41638310414007085
0.46222524291444367
0.7779221547437423
0.4208725544483144
0.5723115296095596
0.4912632506240766
0.5829672694289669
0.5386252034681278
0.6455811821755562
0.5635605150268972
0.6159598633750407
0.6295497075201869
0.4827649361380838
0.43780527079674997
0.4842245845142385
0.5366930581841692
0.6421529951890789
0.5234070221544185
0.5559671510713622
0.5688214337546317
0.5080729687137246
0.6856429714760985
0.8522348613338782
0.6376080572964484
0.4785474623107841
0.720557149522628
0.5146759546477371
0.3097373996379089
0.4427639312232692
0.5249157500234803
0.6269938808238171
0.6040546690915984
0.448873469173515
0.6724977056419794
0.6323368135214609
0.4908619899763371
0.39591546202785977
0.6511394768797547
0.5289986548976776
0.47040345483662716
0.6595495449385089
0.7912065258604359
0.6759394982032046
0.6964328815056373
0.6233382743064502
0.6046199535762536
0.5587740899015451
0.4909950257023117
0.6891714425930089
0.49201114302225596
0.43171423099625666
0.4046033487971846
0.8269067540921813
0.3629993305241921
0.5906306277717144
0.459025030106558
0.624791251964896
0.4949387648804363
0.5907734781414038
0.45111037368249024
0.5254939208463587
0.7113116018984234
0.4792364504647424
0.5457245784047894
0.525291857056538
0.3544605625406233
0.47102191798014226
0.45585899374606514
0.6684017009998757
0.4529581953561548
0.5464027180890911
0.7165320527534746
0.37860748148286927
0.5968081440797626
0.6252026272205642
0.5711150580898553
0.6179009070222621
0.6023183911075509
0.40986147536707906
0.33214583758920146
0.5026096441725892
0.49418418110686474
0.5038174391527785
0.46149904455701907
0.5905402651134537
0.5953088832221245
0.49675299888733576
0.45126529951864724
0.550064528373251
0.5329241199564265
0.6068044176930004
0.5270934064626517
0.6005163677400349
0.4621346762803473
0.5914846324918392
0.6333290974276173
0.5040644001205948
0.7161960266534592
0.5675017597212113
0.4492474886821902
0.39656331806680023
0.6711292072926649
0.6375818181051282
0.4803105889052893
0.612062487703423
0.6803170111440819
0.7236913165185348
0.6306420520281153
0.5363282621730132
0.5427534096495826
0.7882319661070728
0.4490037786379754
0.691647461495771
0.38558991633195816
0.4931493814951543
0.5927474460745411
0.6048299443620719
0.6388051680395012
0.582326818004521
0.45974147316088615
0.488081547511078
0.45953302161775644
0.6587306084901571
0.4033360344525364
0.5933895124536159
0.4261464436194284
0.5611226819385939
0.6887805814957288
0.4374260703845984
0.44510575330560526
0.6604778139512519
0.5392164120819875
0.44518763938631795
0.583029602499155
0.5135408726488061
0.4408586457540295
0.6695505685255176
0.6753877172794527
0.5679584258019302
0.43071984615991554
0.6644327257114031
0.4135469013491423
0.832429125403441
0.6150269371872726
0.6148547227962967
0.5678514436744838
0.6358640759983882
0.6084968321416118
0.5080734277002579
0.582357682396978
0.6067490178477528
0.5828831620325006
0.3414869054516547
0.5258229781922255
0.5846531992167198
0.4539100153943612
0.37004380044210533
0.5005463954846557
0.4330175943181468
0.4402744918310301
0.6815098625227711
0.7305732021409564
0.40564970698915104
0.5929734550214036
0.4097239390652914
0.5197551200230417
0.4709816062747206
0.3860173141021979
0.5864506069806003
0.5441333449401178
0.6978029432550823
0.5532132469498969
0.45359277623774535
0.4253973391400078
0.4874413978620011
0.560550812401787
0.5037476418533768
0.5934030998980196
0.376212641915491
0.4334640534936412
0.5363461857784998
0.35691538177342086
0.5653480319940055
0.420335871166449
0.4956508601533077
0.5900824916379827
0.6137301177086903
0.299408770087253
0.5231407778780178
0.5806193824552123
0.5377635740372064
0.600575762660293
0.5085166086391955
0.5680079394552877
0.5100443347722865
0.39007621114399793
0.774572499009834
0.44778115690500697
0.616654063006239
0.531975118915916
0.7966819905416651
0.6179211958096219
0.5239952946552391
0.5569693017476813
0.4446317451093691
0.6705923921885292
0.6484371140678162
0.513842455225898
0.43436944618936607
0.5717398349659848
0.6380342284453091
0.47236528117031373
0.4759577640207279
0.567634330598579
0.5495781902155825
0.4401970793654452
0.6536211634896419
0.486765078930791
0.46578945256643534
0.6175277294437352
0.4653778100895165
0.5955532683518969
0.6333699294928918
0.5613989417277531
0.39157260282040307
0.46984438498955217
0.549228287114896
0.6442454619563768
0.48812002789301845
0.3974345762299969
0.6975602291057204
0.5117100897027728
0.5283982193334458
0.5914365342156018
0.5219510589580988
0.4455417952447975
0.5962305808368992
0.5039176777359935
0.5874324345868768
0.6720553027639453
0.5809648727612282
0.5346652923517656
0.4272347928317396
0.6939742268685765
0.742209109169532
0.49596549919944827
0.5697977312968956
0.6040886976352379
0.6739371314143322
0.5263310207767654
0.6714425503427901
0.6327271918884413
0.716682436734579
0.7065050766193709
0.46091768170762254
0.45700445789903416
0.6285715590814454
0.5528105582977572
0.4474867294714588
0.5796702895412856
0.5528705761242675
0.7263664211900505
0.5615091814080758
0.615591556856068
0.49836006959958234
0.5532084421149276
0.6210774898191052
0.4838938006885466
0.5737355055276578
0.49185672799653757
0.6200740287416049
0.296062819934717
0.5228422934520447
0.6461255523417931
0.3786264838947706
0.3623009376745904
0.5499562301422647
0.6168771597347402
0.5035583316136899
0.6663072042865702
0.6417132341178163
0.717949235194
0.42406764261689517
0.465705082241308
0.5459980102455309
0.5310817320820711
0.4729447745242842
0.6524018287495997
0.31072996886019777
0.6089678448244109
0.6323735333473886
0.422857217261161
0.5532001074308418
0.7193442309201042
0.5811796318478518
0.5702970252992556
0.3650129185696618
0.6578226767685158
0.5059109315732638
0.5916316488445238
0.3984705048941871
0.4015046656464591
0.49561208509677296
0.7666682699797882
0.400202127511617
0.539762747910646
0.4914657334007415
0.6391583814694717
0.4531288560755835
0.725411964170616
0.5738104394958173
0.5737694008966918
0.3896919366124062
0.6864272230674091
0.6993838790175121
0.6104640765181757
0.48216016207049794
0.4358063085462549
0.5780068776850336
0.7917576601108887
0.6016734996807169
0.498599912884488
0.5253607934604698
0.7346911994799147
0.6284514111532215
0.6081628384759695
0.6395937930265978
0.6231775306449638
0.39722627758594675
0.7258938217653388
0.49796531695006907
0.3640300301377678
0.530099881320123
0.5663769447208482
0.48322759978788776
0.553534658496261
0.7431452475373601
0.6329277823097533
0.5622486996455396
0.7227095603515477
0.5111602319400336
0.519615375324137
0.7208761364831158
0.43187296565289507
0.506832467094804
0.6539749434633312
0.6084840029669711
0.511675402996164
0.700100414554316
0.5615631572291366
0.5197899322627175
0.6508398374982828
0.5536146129061044
0.5473080260135315
0.546911661610118
0.5122428839999225
0.7215360554591014
0.5219361758176816
0.6453665092263905
0.7736647803059279
0.5115480187231907
0.5755721394180501
0.5623823559399242
0.5571124173160478
0.5040092673315426
0.5118584720970677
0.7005113802368805
0.7025034874051759
0.4997390527788378
0.4011164819533519
0.6641826892377485
0.5174841927437602
0.6294098040804499
0.5218843537819293
0.511325588043789
0.5086697513132385
0.4509310440743143
0.5263249838712085
0.4370230175214803
0.5481217251017515
0.5132288753349712
0.6212516056833769
0.39976072920429284
0.5175632387155386
0.5834349463810383
0.5472935427056133
0.6018712456465448
0.7215461091329214
0.6859388872634717
0.34150411640023204
0.570740838233201
0.48220591914474853
0.506393494502829
0.38650248399237686
0.5970279708116574
0.4886431124008814
0.6601123452033012
0.7281488866865788
0.5328676024612975
0.49023309394031933
0.4065460754612967
0.5776397463941374
0.5125860090864054
0.5512845019022066
0.5640967095721127
0.5519722253875189
0.5468539009625429
0.5021730207195587
0.637220815097782
0.5047343649406174
0.4309840123918712
0.35561376446143245
0.4716939576858093
0.7434971233283733
0.5598989122729033
0.5100671756857815
0.5436956033654246
0.5356769747760397
0.5503321276762563
0.5376891761539198
0.5634444673630957
0.5716348433220061
0.5659327779891296
0.5381039831341868
0.5927915096205124
0.5166029748685498
0.5959484254890065
0.5847053715633486
0.5593368506962711
0.4886728027224746
0.46329298628112786
0.6436072923854198
0.5271331833464907
0.7459823695492073
0.6691465757586115
0.5336432566832331
0.7234240292710448
0.651615588009224
0.38183375947654297
0.5918591502761777
0.5866374137486806
0.564988234912831
0.4166999882786674
0.4826320240194346
0.651877634695745
0.6156484615196723
0.5319654600063406
0.47561974937226315
0.5055026540890696
0.44175900344903646
0.5699664931471342
0.6940861889733008
0.6906517357951543
0.6058443512962457
0.589889320562706
0.7036739598722677
0.5050132286618128
0.6167216823914502
0.39519051140772277
0.5785096640593972
0.593141764390216
0.6356948388684993
0.6521799973329073
0.4999716582763621
0.5003439512201586
0.5679818029208106
0.6599512475583843
0.6899067330339121
0.46758895136953255
0.502019121464376
0.45041690916760474
0.4522164483432093
0.5015521952439188
0.507272556859532
0.5019746934448275
0.7894579358228024
0.6041844712034048
0.606024556185245
0.4889008750589137
0.6351638385945316
0.5015662941035044
0.5735598807338531
0.5535066442779236
0.5696335991422629
0.6104577266341568
0.7721863148388353
0.44794341839196056
0.4872601321607106
0.8278717416603374
0.41769911212705224
0.5528055830120735
0.5007886651075336
0.4504582268990153
0.6212517562263545
0.6085419405105081
0.562695250956215
0.4843916603124693
0.44884244427507747
0.7782661657316025
0.6183784505508189
0.6461084459140752
0.6013748980014573
0.6163861518667256
0.5653809832884904
0.6022597346269394
0.6520006997259754
0.6206649918049013
0.44493607813061026
0.5729718786621893
0.4661453217314793
0.5549670664710945
0.4234803182635053
0.5397770426034377
0.5583631966015739
0.5764888579100816
0.7924510503185022
0.6110881800314222
0.5281653969966104
0.5562996026411635
0.5822420922613547
0.62120075234633
0.38895036315735865
0.5142130951142669
0.6010945130324122
0.6234292841919529
0.5134954553843359
0.4200428276501019
0.6279820698467068
0.5368075676355868
0.5858935523024233
0.610378862322418
0.48821267373216193
0.6565554303764949
0.7048714919870653
0.503357537224247
0.6733269615109896
0.673558468509866
0.5906182055076103
0.4867464384024363
0.5939373357175322
0.6898357903052611
0.4453948721571853
0.542421540375701
0.5613215138939383
0.660831707703792
0.5419434532185403
0.5828873929442544
0.6438475405117859
0.613913598536842
0.5772156665545195
0.5655293807449809
0.6944228101159743
0.5366580559656433
0.7161287725845251
0.38785553044913085
0.44495823157232745
0.6893953837750146
0.5531499117763086
0.5399617167025937
0.5113396838392164
0.5202507783141103
0.4304477478967542
0.6836063392103122
0.47830364635826106
0.3762328128613755
0.6880269862690729
0.6250936679180937
0.48473069010733427
0.40935613144204286
0.6305181732020285
0.5773758691492767
0.6284670487084629
0.47373600389210413
0.5165200362096498
0.5266638633840172
0.5132912734311764
0.757655772155145
0.31652022650468714
0.4143538660541448
0.7304105642907788
0.40937149825392094
0.4712168975845471
0.6869587259043832
0.5040565838333145
0.5311459006203281
0.6349578033944197
0.4097141520248515
0.5898565944233451
0.620335740819403
0.5516934038390647
0.44105557968494785
0.40337743984806806
0.5782906626433223
0.48758685302449045
0.44253964358342573
0.43598704899726626
0.6693716681759488
0.5152821484984813
0.3625556611242512
0.52417904543046
0.6135164216302739
0.47891872759588583
0.5268855112707154
0.4258781955422619
0.4554382454722232
0.5414617578756709
0.6087692940819233
0.5983720965675804
0.6427783290860057
0.48173021205604655
0.5334986986676151
0.468925176630928
0.36355003535495845
0.5000081373312012
0.4994666015599653
0.6488024731003263
0.6006410012309454
0.6504004464485036
0.5166193837543542
0.7081877423171099
0.4557994668324315
0.5622948008061492
0.6374547108279356
0.3823771576603464
0.6960641959486742
0.6816883952877442
0.7134325861513153
0.545158086016473
0.6468667711745055
0.5984714960632411
0.4767266004448643
0.4203178930096556
0.6849771468792871
0.7123451935313043
0.7297275823002467
0.6189850173903665
0.5230442595016781
0.7576117451450879
0.49284382160101015
0.3033630854561608
0.548189084496382
0.7101901863665377
0.4200277785986549
0.667123937363167
0.5320485132399047
0.45800660138756166
0.7721426899810465
0.5849850225385907
0.450941812129347
0.5866469203427536
0.440658187896389
0.5467917242737256
0.4576056411368422
0.6843715617411921
0.4816224838263824
0.6602974498593579
0.4299513682668374
0.676759515077009
0.4945198443559243
0.5668889247486399
0.32162916177564876
0.5588824725295581
0.3779634494695405
0.4872341237095521
0.47436846613251715
0.5304137358755168
0.5049192502772817
0.5005338692734219
0.7024076936095801
0.6078707229349809
0.47614102129576885
0.5492202471424559
0.4855676656768402
0.46132462165207555
0.5861744711993339
0.5533571658058838
0.4916109903718746
0.43414213948362734
0.6693894374349821
0.28971547574312917
0.6309045511262623
0.46605406364163704
0.5206411660613041
0.5794966626198103
0.6450963338688646
0.6426880170200965
0.595049593290484
0.5768346329672488
0.5626465937100651
0.4658552605998632
0.4785614608989638
0.6050588682280144
0.5572962696565747
0.4553037791730408
0.6314089295387664
0.5946311410699121
0.6245862246011411
0.6279806082793069
0.6644688507638031
0.6124807232476799
0.4861501597496056
0.5247004009495945
0.48273601870303656
0.7410710846720548
0.6602715878833625
0.6870051196191992
0.5211461346872203
0.46681706675292567
0.5608881192685687
0.6435509534530999
0.43109398569543145
0.6838626387183118
0.5255938077779542
0.6219968794770353
0.4936019389327256
0.7609117329792379
0.5819194862655308
0.4486665087868893
0.516180895484848
0.4353413749676322
0.6522386901279769
0.5856463423018229
0.36588605938871754
0.440681253800226
0.38587867462721104
0.6463778518516212
0.734547595224227
0.6752145388307911
0.5741813858780529
0.4139088332505808
0.41006847126704177
0.3856578555753766
0.4799084752273815
0.5420367270346058
0.645444744700935
0.6409514271344404
0.49131935098997404
0.5253386928315241
0.7860606882197917
0.5327977460321177
0.6191155964679772
0.3463229498545082
0.5911217578113156
0.7281675354036263
0.4859969847619047
0.5767671762170898
0.7001490060291392
0.6438956397177278
0.6039591483741783
0.43232594152190706
0.5844576417501598
0.6273382244229075
0.3958631835604419
0.6513806920674959
0.48613030166038024
0.6599363240044812
0.6415368377245547
0.6501459808226421
0.6963709725406582
0.6383528584025497
0.668565200324204
0.5313773952348382
0.5682539626286485
0.40805594135972656
0.48868452707013343
0.6523593104387726
0.5124904997826055
0.5489045506692883
0.37028222387702614
0.5257812808177365
0.271349668090914
0.4231592573406314
0.4655444288909559
0.5795018187331418
0.487762068749065
0.5755526821287384
0.43436325029137157
0.5970107361079944
0.5206198278047003
0.8038868225486371
0.37803035424883213
0.45014318857965074
0.536890888295997
0.5855906175010807
0.49550030539703116
0.39320624821800576
0.4582486509352737
0.5553792296612128
0.646472244898803
0.4398589146582552
0.6369854524208902
0.37412487676914896
0.6704689815695544
0.5780204346092661
0.5160069689036175
0.51895265982529
0.6469387712847978
0.5021267768753642
0.5190958302417616
0.6256735617782494
0.39829799556117496
0.45214343972339893
0.6078119787530968
0.6025887367989117
0.5479845943248819
0.4685247490023202
0.49695514693299997
0.5139318438675051
0.650212010825371
0.4701105213473666
0.43867054931698213
0.507448035418342
0.5708740079317437
0.5942620113790968
0.6042709459182802
0.2593744412124612
0.56884194329467
0.5438312460507483
0.5144956548059396
0.5367497095082021
0.5859651691405786
0.6480286307036291
0.36652879458237075
0.7974732500149101
0.48437780991380835
0.4955076158803027
0.4327648378488962
0.7305767975327373
0.643649247252216
0.5171908895802391
0.557430289351098
0.563888502841467
0.6061707041547986
0.6468654229626628
0.5264970243611047
0.5480503471014567
0.4613850383370118
0.6354517045411958
0.6253943141369352
0.5508575936501223
0.578890125946064
0.573618158355515
0.5540113797226809
0.44079982681000673
0.5274398352034769
0.48152903822174226
0.520213602020999
0.6101470223738137
0.6866903353271662
0.7453291487639465
0.4204784769801175
0.5166590962136894
0.49249108767625277
0.7631227749248566
0.5578237363514695
0.4351641797000129
0.5936332511351785
0.5809114048990746
0.6359358884561528
0.6784230979419789
0.4731448493585748
0.5972101629872411
0.42327963353946363
0.5887472505020697
0.5634268392403718
0.6450783520643777
0.5836690442548988
0.4502623925484137
0.5117478001583878
0.588358015374381
0.5077910788712783
0.6570059933661352
0.5141688899052527
0.5138634302375146
0.6238746019917165
0.5456149071023322
0.301915774244221
0.4598466286724858
0.5627206193487957
0.49369115510156847
0.4065962635425568
0.3559180705341882
0.8626014036289291
0.5783903857115705
0.514080950271141
0.5557404291411073
0.6117430880236887
0.6140568054477333
0.39276041198987877
0.5571968523903894
0.4327070640407972
0.46952469025488225
0.7029666168696328
0.5238912806178191
0.7138705955093757
0.6128690794178171
0.6121812786759536
0.6143822285320084
0.4421959524450611
0.4483554319620497
0.5201760288615729
0.5042877597968397
0.5399919947071234
0.5146774245973121
0.607420779355469
0.6375087890622486
0.3999492883992275
0.46052750313440366
0.5183706316904402
0.6038177825123644
0.4342731622857644
0.6195072815262785
0.7257352093585274
0.5575497968266809
0.6006691427614381
0.5497811391938247
0.4377340920521704
0.6128703105989168
0.5603574675745672
0.6038451621799732
0.6467082443116123
0.41869920618129886
0.7033219829380497
0.5886476846776632
0.5692006249619553
0.5194815619653117
0.4623066472461923
0.6760342186203034
0.6309084739772853
0.6977594047596063
0.5046342001552935
0.5472546346592536
0.3511923401499577
0.45329929396029633
0.62666698891447
0.5991140299841405
0.6159344137320504
0.4447503160852276
0.48011950021398425
0.5490337840233417
0.6961946594035606
0.4395061870499573
0.6535104425233773
0.5341109408784809
0.4836553988511475
0.5713257609062297
0.7016976803464628
0.6719275623097798
0.5148141884018163
0.5613850496914824
0.5854798436799123
0.5069408995809339
0.5297191697631362
0.4468670009804657
0.4814805860589909
0.6184283337050649
0.4219676865969607
0.599285778642916
0.40210947441389444
0.6814337448960114
0.5846877913163866
0.4372909887687142
0.4104109775741557
0.6350490446836892
0.5165173759057615
0.5553015536703005
0.39983083866613345
0.4555440139568082
0.2983579923155549
0.569503155780799
0.4959568523432516
0.4528653809331653
0.67684377198781
0.5370448290589649
0.30183354816448604
0.4765626186655516
0.64513529564119
0.5097453591121675
0.5309443757756694
0.6764771753716068
0.6485736314592241
0.6296739493150656
0.6834322875848585
0.6696049389613046
0.4986449354444513
0.5434019108867866
0.5517792551657495
0.5654023844994215
0.42778497058604037
0.4716337756120202
0.6418455255145896
0.4387118491714166
0.5161426629300256
0.6034622386766557
0.4556300654770332
0.49168253013064056
0.6778882935647081
0.7221004281052323
0.5439688507856361
0.5970606086885322
0.6718066058171704
0.3556674301361968
0.5229235855756537
0.5561411429980038
0.5163527745804274
0.5700955979246274
0.5551713593007396
0.7344615616570094
0.385526549278032
0.4318415937143629
0.37392455052081675
0.5234984782607789
0.5471150011196598
0.47702116975589276
0.6999878966786367
0.4029398212447836
0.7161424380250662
0.3294492524666659
0.4955326575138802
0.49038087974998085
0.7148962261707194
0.6200765680286151
0.5236683957515977
0.6535265722044625
0.5001796990579889
0.5950835593612662
0.5144063779822126
0.6722911808910843
0.6019934776504585
0.7785007992280606
0.6468872924750991
0.6282786761245835
0.34399645387302136
0.41260343979658176
0.5019409442177609
0.6768607285909581
0.6548079035863383
0.6637205761320246
0.40133771707024213
0.5671097718104563
0.677740143492467
0.5240051878905456
0.5710771957744624
0.7309593175455115
0.5130767649147799
0.3456698081959231
0.5324095945586367
0.5180143430922806
0.7541567822508336
0.6031453818947965
0.6106218575541966
0.6828234861668181
0.6397261271898389
0.6797985164093451
0.46830078244946866
0.658609185596528
0.3824450957303126
0.5652918202096074
0.6826559404303426
0.5480355872406542
0.6627642008341652
0.3807103161004346
0.41165935954562016
0.463719825729315
0.5365813244089742
0.6702422109779537
0.5804560753438471
0.5606641813710647
0.42137708133818913
0.5617560088683604
0.8021617947831579
0.5263261732558181
0.6292701774068419
0.5632276994427459
0.5963516451399848
0.6534016138431675
0.4219830500067734
0.5240810750689316
0.5659530312526855
0.6004664077681946
0.4638396181661165
0.3966589314049278
0.4923258899126567
0.5223974422614659
0.6093827620449087
0.8163157520805379
0.5366954712965257
0.5892060632967568
0.3614456045432278
0.35865054060174006
0.44929474099486305
0.4299633336758492
0.625864863600353
0.5260168082350495
0.6301388946850858
0.4481553442997344
0.5776485483655314
0.333895208764069
0.6818920931175294
0.44684004402794986
0.5337854843220217
0.6284306151577406
0.5776927649045088
0.5579815134711371
0.33487396564434047
0.6816547401449659
0.652048045563041
0.7040170728420231
0.6233741132691201
0.47590240425799524
0.514396444175802
0.40318212966522515
0.634024999063379
0.4882400796260198
0.6329955432996346
0.38702225333805684
0.4782046354015153
0.6416194749467818
0.6422994844503542
0.5879165954213776
0.4832272486366283
0.39982251366500554
0.4271110970511452
0.6218100068926222
0.6589423646362786
0.48846126600078016
0.681009351586218
0.4908869110863867
0.46004165487028226
0.40031527568616954
0.4737312493329942
0.4466063083591538
0.5214588485711109
0.27735814791467234
0.6162700844187741
0.5291678141960553
0.6251145559993692
0.5487811282126424
0.6105009306244017
0.4941989188733364
0.6139012101443666
0.48400141957311127
0.7403400824122598
0.6283518545466186
0.5931573593607218
0.46960370915361394
0.7261264983518168
0.5888000159854604
0.47752277075832933
0.4089419984327047
0.612391184965578
0.49712958646056016
0.4986881825388302
0.40168661689574425
0.6690852257621186
0.7120755402015554
0.4951168288824327
0.6852701839157596
0.39371599193119594
0.4860714982373726
0.5964037678136488
0.4068637201536022
0.7402500355797702
0.5283211398244301
0.49059403977036387
0.6351654906649338
0.6007151202377672
0.6461146356030462
0.6453903588501797
0.5879497653024801
0.5726542518488356
0.6492486037601178
0.6047558272998833
0.6671934803251248
0.538887247041534
0.36915640879773787
0.43252792621714603
0.7333404504230703
0.35270709825566593
0.5696575250049221
0.6063524369378294
0.6167765707909956
0.4687069048577772
0.5037965436797098
0.5193882843787268
0.5740511190203382
0.4277178311381494
0.6412137778102602
0.8042330485281536
0.5329073935974685
0.4733913032486994
0.6408741673015337
0.4501089118879922
0.43143751881481274
0.46764318454121834
0.48492426873019845
0.6288376441917782
0.5051649666486352
0.5300863023359357
0.4009229558652071
0.5480529348980427
0.70634938611257
0.5138083106757918
0.5863787941458208
0.6784518818129215
0.5943627006200982
0.5605408812859536
0.7123203298576986
0.5358654783834216
0.501394626902668
0.633272322534454
0.48986734854662073
0.4463804353751174
0.6802837435853093
0.47080728793485577
0.40971580777435285
0.6791163512718343
0.6562358933870236
0.6683067698936346
0.5017369688250682
0.6012484982409745
0.48723056953628696
0.5457666483491914
0.5356048015709989
0.4715469203603712
0.8079705463665978
0.45587946427128234
0.5434361307301623
0.6497563413842669
0.6714856140685868
0.6034519180862117
0.32516635227451773
0.7108675976812928
0.5933220517348239
0.5158646922141801
0.6230455620280125
0.4542295404136362
0.5542519506659312
0.6766157846695603
0.5692977734155102
0.47708979212711117
0.7507565220013719
0.7255757928292491
0.5220912624692434
0.4708205259082275
0.5065326569989367
0.5926249175858928
0.5568621441979593
0.5116147746583481
0.494549375458049
0.5117526356221862
0.5964210872458842
0.4711707664228275
0.51772622756258
0.7601313186095835
0.631849247341961
0.4903562667583331
0.5353230832778471
0.6646169723320289
0.44451571679426316
0.4790921802327557
0.48816540051912793
0.40251167788974995
0.49440334230906846
0.4807360464408217
0.5266100506876881
0.601144764434375
0.5606820221748028
0.4737268461344928
0.46336073015363294
0.6169000834555624
0.6218380008126827
0.42270609119832314
0.5026935783464767
0.36580931795172594
0.6065037781091531
0.3531588350617789
0.5478342252170388
0.6915266199810972
0.6165972532354801
0.5556945317624701
0.5535216148669068
0.5304986361328385
0.5743541658854343
0.43714985839424403
0.508286663127067
0.6387735046471169
0.4795834318523767
0.5023412887169231
0.502640183429062
0.7233153376982908
0.6363911442241865
0.5570836066114827
0.6014963097028401
0.7306482129381009
0.6900316405197725
0.6604345094939729
0.5699871759259569
0.5067697810203404
0.512246859512489
0.5751797815557964
0.5597376633072051
0.6764621131250326
0.5963507776025333
0.5205287001777172
0.5464270865756807
0.41859355468322323
0.4559080144938686
0.6913813122116621
0.5523773043034611
0.6992340211353475
0.6015578178535753
0.4609265540016985
0.431582517172917
0.52077291358062
0.6166303167392352
0.3781967978314321
0.4685484718716332
0.6054940129742146
0.45228933378095987
0.5030987920530159
0.6047899509155413
0.6380669097850477
0.5586913369220362
0.48690246120116976
0.39525402372971497
0.5393651531231001
0.48244320571689947
0.5044511436982803
0.3133347930185344
0.6260887495730011
0.382201225310146
0.43017258565058114
0.580974828046142
0.5578410748105711
0.5218213105026172
0.4799593174689338
0.7728014457379934
0.5404772151217112
0.7925489983982779
0.5071369192765717
0.6464412734846962
0.4059269006248527
0.5012690226658494
0.6461503435240648
0.6640337906873812
0.5166325871894458
0.4981324043845867
0.3897293202776474
0.6391168930093902
0.5296069701055596
0.5289228667765719
0.6780781879661251
0.6411037959817935
0.5852426522761435
0.6475968162877981
0.7554880716907535
0.5485211944822577
0.517962668681734
0.6297326998971547
0.49000446901074346
0.648782934691835
0.7158771150936021
0.4257670497015028
0.6590306868663252
0.6893526047862247
0.5826490114346056
0.5434519755726238
0.3976540410653241
0.4906722808883598
0.5558744247538508
0.6330482229552801
0.4906778808407235
0.5101609516274898
0.639145528173109
0.5280105596686746
0.7054202570348007
0.5983841935772887
0.5018338559616401
0.559596487829622
0.6123964761425204
0.7648324329459477
0.48761155956234603
0.437852929355254
0.6031025903157583
0.5308154962002335
0.5699618767335511
0.49413136546956987
0.7056982480425632
0.5288343038928652
0.5973078131488251
0.5114216559172415
0.6291903612522961
0.3560923653090735
0.5570620191430626
0.5088071983159639
0.5124680525798797
0.5208695047498515
0.6588374120544517
0.6171870916380123
0.42865729234781413
0.6429705335072807
0.48635302806236036
0.42509347478563575
0.5678988646399119
0.4985406552903269
0.5524469228356784
0.5840167232835217
0.4926669553664637
0.44255898438054764
0.563518789656891
0.44056050926574497
0.6308688252521782
0.5266896193167171
0.3990599169684168
0.5310152974123571
0.5416534987223602
0.5594200305208771
0.2797288524981219
0.5052074032956161
0.5358453087739237
0.581378723769335
0.6164063968419813
0.4560930873490576
0.5093408147721534
0.3523645328694719
0.6610637956200665
0.591022346936567
0.6330094040222505
0.47753113779440004
0.6093885116649351
0.5693866775416888
0.5748111310330707
0.5896834705141764
0.5003133248504792
0.4473121499061898
0.6654612086196483
0.6227223850722724
0.5951186531401708
0.5017438132673182
0.6364806828385412
0.4394846575268533
0.6142892598721342
0.5538334511981162
0.7952357183081457
0.5072770892506947
0.6028964129357807
0.6307952398898728
0.41359045913623027
0.6491644952455238
0.5726709843672897
0.5490815659532322
0.6455205607287842
0.4923901992860811
0.6341114652283921
0.5225853179126411
0.5453360949550956
0.5523248013370746
0.49880472402476905
0.486917295803624
0.7396523733573118
0.5964269753868088
0.4999403243291182
0.49940692533370484
0.6832433674814664
0.6366816805679082
0.6324038636211688
0.42559373051114324
0.6510846179334858
0.4918279840429237
0.5313807647819733
0.6362981005029578
0.46343330493202084
0.5279274636544805
0.5299403082801952
0.5444427426698079
0.6063335178348506
0.5198376008507553
0.41979098872694853
0.5950437329607838
0.6080246463260013
0.6239540687147523
0.46980307462983223
0.6264895427671775
0.6228083801529398
0.6201123686376886
0.6009517606835484
0.38354472845655885
0.782365419665583
0.6156406123817284
0.7548866622437308
0.42802205487570755
0.5240561882328294
0.5653608432923307
0.6596384147153082
0.4376505678076937
0.5694378714891547
0.6515462623930626
0.5825197014598008
0.5503142402191405
0.5160647532623772
0.6274905409542977
0.681049742730096
0.5625005071307961
0.565551436959094
0.3007749228693032
0.5202343348243009
0.4609274365243503
0.5916127150745176
0.5726000781102291
0.7498643541833055
0.5271446983306145
0.5877547979615473
0.44651689170056913
0.6578124224454843
0.6861710638738103
0.49625324523950864
0.6446749954439542
0.5696344349129933
0.5389759762988028
0.681839537115455
0.5700430145630171
0.48908358616035014
0.4284879110472485
0.7001507266197772
0.5998096597393724
0.3987043592689431
0.6399304969481813
0.5666062446715534
0.7339630067570347
0.5842078143831517
0.7023566274890063
0.6776808082228389
0.2914405594972039
0.4205601276303168
0.5161760483415244
0.5206931189477662
0.6423504079564919
0.4178830968884333
0.5640551917182021
0.3177856322509102
0.6713216088228022
0.560020719928071
0.48688889502124966
0.7457556743794764
0.7040835694074488
0.6683104615169222
0.5817917152454196
0.6205727189921989
0.7946320551558173
0.6515936403060608
0.7216006710370735
0.5457262706277337
0.5527701203009113
0.6223897189587929
0.6070792377846375
0.5454717516211074
0.5452212610712643
0.46127243849481475
0.46127451273575176
0.4704848742193595
0.4260066061092232
0.5357767155573805
0.6102087168153257
0.5615931466831628
0.6555012438060859
0.6666685698918682
0.4288603953801013
0.45050318180993265
0.4505257745038523
0.5076717045245128
0.5645671990557718
0.5951280774054992
0.6231535602691421
0.5302072328887049
0.6649705772651839
0.5108132788161637
0.5079536430097764
0.4353400766092288
0.7653816878276043
0.5393506018809695
0.4946950000433294
0.8362779431443226
0.7095237665707942
0.540047381751498
0.4296580230619368
0.5705074398926073
0.6445921342852738
0.46657040008867046
0.46161510226652047
0.40936329564995244
0.5433766455952932
0.4876466246743472
0.4357818828040937
0.5585353638426507
0.5352557802125324
0.6083069023858603
0.5161138600553138
0.7091147126805142
0.5365350553275753
0.5335895795844282
0.6950752057940721
0.5278228720087222
0.643312158035054
0.6947424825954395
0.5624439949849628
0.4339229891156486
0.4611198968400421
0.7105541753881137
0.5002768976322025
0.5505774702819898
0.47771402045251143
0.6289678515749969
0.5662671641567787
0.6519673193884348
0.5601014706899603
0.3498186748503901
0.5372563542586931
0.5807357883907297
0.5741307995986992
0.4392138694682114
0.6059249047965745
0.5815321726229863
0.621256503351896
0.6170400435757473
0.7576052173725298
0.6490198584529495
0.6374669003601461
0.609758232181416
0.5999041398201602
0.5827945733983187
0.6368506195090704
0.43523981329813927
0.5508481688602362
0.6396685858182203
0.46873150386118284
0.6267647946330327
0.4745829636500865
0.5783942950636136
0.42603315441712697
0.5741367210823898
0.6774229702292947
0.4906140396629946
0.6173792311412811
0.42650285109142666
0.6561200405625148
0.4036147205474684
0.4975945221591034
0.5898171906676387
0.6546965445507629
0.6984397583491992
0.4031874267951069
0.3614977608329257
0.5535654284055569
0.6126111956597147
0.5679296882822795
0.41781490494780543
0.6389306177351217
0.7022838260825967
0.3603667933198177
0.4970747742701154
0.48804548277963355
0.6566337042822599
0.5781323049314264
0.4073240850819616
0.43930723399481747
0.5957168226189232
0.6377292203058927
0.5754675471737999
0.5375940923889807
0.5999065157460229
0.6056071714222755
0.7516760288229137
0.7224968146717687
0.5760293054753703
0.5075438578963042
0.5254247002760037
0.4751895805390571
0.5039742349439535
0.2990560502398519
0.5990734830977091
0.620617908195424
0.5997111093793162
0.6327957705926037
0.5636030351506904
0.5031773876189441
0.4634890408174013
0.4170691856923928
0.5606132561151626
0.348714000730161
0.47528268102729476
0.5186258862246627
0.5348535195383715
0.5026890109753994
0.6582996805650905
0.5165246428789791
0.39686539622479405
0.2952045041776273
0.5250356768480997
0.5495879500668208
0.4750366506005734
0.5847473626599159
0.7191084642075021
0.6522835140801668
0.4583033881347852
0.5944877366403207
0.4770771332719574
0.6151043993248684
0.5466570678493358
0.41390910318368346
0.4501512023776902
0.6665799866887023
0.6044404042548752
0.7305109753728164
0.4176418291676932
0.6744071475461193
0.39333225805412453
0.6139179989713656
0.4849303028644484
0.6334230020188701
0.5230371774195436
0.7091664324749196
0.42054096874355407
0.45684343940844885
0.4105167211340969
0.6073609003234299
0.34722532620354185
0.6039850488749412
0.4218785064897458
0.5297678525906067
0.6719067482947902
0.43893712074525715
0.5695995968354518
0.4870339672029503
0.6254584302322329
0.670370599187076
0.5080749508480754
0.4624539291751442
0.45243153762821553
0.6039772006647176
0.47630577816838127
0.5122429070457633
0.6202382891835496
0.5229583491013539
0.567867839952562
0.4562866157333415
0.558730603010729
0.571700397101341
0.4587016254339587
0.5126256878797762
0.5553863080220803
0.6251206268832622
0.5704597260030625
0.6479002135388454
0.49813704031479855
0.6320959745769757
0.4311726473020267
0.5081384070276279
0.4714138932755757
0.5225930514673611
0.4434580419182593
0.47927191454271245
0.6033084002329892
0.5075366241832653
0.3277837196543216
0.6475166963111467
0.6543976360317706
0.6495367163401855
0.5087203686546627
0.4603416387920374
0.6537052273729047
0.4079362989577775
0.5208358235878063
0.5383397471778629
0.5192738960494655
0.656093238402204
0.7624503891336164
0.516413479278127
0.4901194920901912
0.6734181440288131
0.6458309057656034
0.5714916281427845
0.48672093134455036
0.5944131612787729
0.4328284880460702
0.6050909304710923
0.5722411187877291
0.5449830442429715
0.4809252051577516
0.5407862156422979
0.4689845022364039
0.6284640566959364
0.532049909198531
0.5915525107439841
0.3959796195744326
0.3621868422330592
0.5946135073921003
0.5957406038833384
0.6845403863050739
0.5894025603981108
0.5978051405621623
0.5702851649504392
0.5216036624709371
0.34476678676248546
0.7177022174009821
0.6972695293963915
0.5517354489920543
0.6396485638111011
0.5663325702039034
0.4862586938443798
0.2743909503564737
0.664225524740154
0.7438447726145763
0.5991318570526463
0.5017087282588378
0.3173102914230474
0.6150343477115109
0.5522612963542357
0.5179786886847794
0.7553488253671001
0.604051101512737
0.5668759788057874
0.618865461610669
0.47850176270556294
0.46530301103448796
0.5380111602475319
0.7913033360772699
0.3441235357000677
0.6772268360465107
0.5272100213233083
0.6810037402412105
0.5673022893532705
0.6281213487991805
0.4349980531324179
0.5555390861599224
0.5499935079807672
0.5167135386941851
0.6195756054974451
0.6494844038868947
0.4253600497911217
0.6499754776513188
0.589197424412744
0.5762942510620651
0.5099141289921085
0.5899035293904921
0.7154705472565114
0.4588305506052125
0.3542447985913459
0.6503676865335233
0.3798215945424608
0.4484168531897561
0.6082101149014834
0.5493812631649095
0.6335255713705525
0.6945290351720758
0.5884234210255898
0.6642368071765169
0.39849845782436066
0.6033538978198082
0.572422014443856
0.6682504610707156
0.5491548143042301
0.5448332785530522
0.5466356519043921
0.632726602878569
0.6801240786994357
0.5339172627930582
0.4325336757672067
0.6931731527553913
0.4637771744845636
0.5639160540657809
0.4162366253865086
0.4350349985910401
0.5551926204374015
0.4856009424505879
0.39811632095396254
0.6362371604925569
0.6746738862899109
0.5836143467943274
0.4633604888966948
0.6100430747206991
0.594901092080536
0.5840738899767508
0.6793244962234498
0.48740547673603357
0.5436298594610504
0.5860150859834684
0.5306178873706028
0.4926944056782588
0.583183205486625
0.7732604534979468
0.677276736789216
0.5906081600457599
0.49467093140405977
0.5585136932172474
0.6223046905764013
0.4667252090977938
0.6064663734512208
0.5748315010497473
0.4680998572501672
0.4572771188677673
0.4837966683592908
0.6246573204274575
0.5606515910347055
0.5950524499589802
0.6484255323328841
0.4369847496111851
0.6563211187611581
0.5556538692096189
0.4432933881573392
0.7184023242388394
0.5834692459394919
0.3756812172055033
0.37844892981022027
0.5073842254671453
0.6196863616674352
0.6098951296266809
0.45092133169980697
0.38585686241201544
0.4831979514838035
0.44229001903215104
0.7087253100221161
0.5363301342304577
0.6540429145738754
0.5032046439234911
0.6241760449527841
0.5879060263983121
0.43423041847755456
0.5597502355096041
0.5540132379498841
0.6428555200711801
0.593703006161771
0.7240990933408165
0.8113282350235262
0.4763700070576781
0.47694659806880724
0.6219927953871546
0.5481705567133097
0.5117853449280165
0.66802476604314
0.6048244149728169
0.654248234998799
0.3766308228178751
0.505268686186787
0.6271233817744328
0.5647681838067766
0.4639241132252837
0.43299607528617606
0.7416584610342
0.8051009461004845
0.5254631885083941
0.5010283560996456
0.6285305462443185
0.45951531537303014
0.6395332887765628
0.5222722244657549
0.5344515183304352
0.46220241426754693
0.6823469360848976
0.6888694191145588
0.4797478766273783
0.5850266110439044
0.5818519170962277
0.5706171272368356
0.5302012033650688
0.4793873678052582
0.5857054721128102
0.40910510408014755
0.42647082307989426
0.6190677570474707
0.525230467758643
0.4958724225465753
0.6723138535767702
0.6326619587713644
0.5100028152451427
0.6593260908759461
0.5379127033187067
0.36854413606006753
0.6005267096054383
0.5051656495900809
0.4619875799453117
0.6322979506992097
0.6076558494444162
0.5737012826412131
0.5467661908584525
0.4224055156537807
0.38904682661946455
0.5650858110947948
0.3531202105928092
0.5736489743739547
0.717619415176138
0.5018808227744176
0.29094883317384523
0.5684056767510973
0.456770097876968
0.6000511030894171
0.6086045138233553
0.5417583386700109
0.6642533580960025
0.6252882894711874
0.5505048438708444
0.399964675763132
0.5087541835082785
0.4431442748837809
0.5911289598864633
0.5513254865805582
0.5342043612534539
0.607385821404598
0.4365887636883218
0.4134140736529467
0.6108353195676132
0.5914638527790097
0.46524626252227774
0.6768923698311353
0.5667407363509003
0.5730316447644713
0.5594867063196566
0.627415301254648
0.7320519318555672
0.541387136150137
0.46356872815131783
0.4859079531436287
0.7281936348832334
0.39314906730369237
0.5864893049301043
0.6502869354712374
0.567925953951318
0.6455336055684633
0.5438903917800524
0.7727235532240201
0.49587000916859936
0.5806137950607761
0.7109739859832946
0.573483382778699
0.4174084069012586
0.5047737564698545
0.5926945618245829
0.4194049872278639
0.5043165390865954
0.36382797737249345
0.5328638879748268
0.6345028155958804
0.5621552481973476
0.6390120294080734
0.4619000135547035
0.5684964505644172
0.5714566104700333
0.5744410815646525
0.5634406648258481
0.43981137280616955
0.41465649398305615
0.43671911390710666
0.42864904668662407
0.5243979776942614
0.6451247351990442
0.5752907342633786
0.36091265317012566
0.6671698067466677
0.5432191404746036
0.7464854641807657
0.6692347324070387
0.6021267949583876
0.5323793042878294
0.6138377176543071
0.5568637031435841
0.5734309108803349
0.4908419617571222
0.6915283471262759
0.6226271745095561
0.5668336073884448
0.6475136085806991
0.5567107702299284
0.6263132728983744
0.7249626780511282
0.3958227727041287
0.5351083084320407
0.5979572529762551
0.6738852804254671
0.5147910206369255
0.4513870960708443
0.4937659995704309
0.6368741228488853
0.6004222169336926
0.44336512944366646
0.5883415086635262
0.6273332591923744
0.5115173128720704
0.6884252653168974
0.6313496556297169
0.6754376124705227
0.5222208272659745
0.7889250243233041
0.6263326318455325
0.5084503717503516
0.42756640002062196
0.745020687178321
0.7480190142837959
0.6058427685248843
0.6462444106556795
0.5332007408851911
0.5000459936106436
0.4625600171134441
0.8299628933350436
0.4751604424058674
0.6869021862278089
0.5535808454212473
0.5884060671329102
0.4181268303874913
0.3941122223443835
0.7026084176653808
0.6979539514654844
0.5216973682437223
0.7235984327297105
0.4414213047596379
0.6675038784807027
0.6197512545950515
0.709905357907736
0.6482567770926431
0.5882112078516685
0.3147002502759907
0.5424934799800929
0.6477534102348257
0.5416361333423516
0.4955361597435639
0.6523970156416637
0.5294690280106079
0.6016797751378576
0.6224905548727891
0.5755930005401564
0.44792024929057556
0.4953286311657984
0.5129974233646126
0.4717825202488358
0.7358787349454362
0.3273224735157402
0.6042703102195043
0.5232762654122048
0.6690115823358969
0.5884524912680101
0.6339552713774923
0.5133648661209831
0.4669490204326681
0.7540836175564629
0.580478975105694
0.4104086236560257
0.5877714341754773
0.5198388268715117
0.47229834455727066
0.5558342028433549
0.5620468758779555
0.46453469468743525
0.5933079975953257
0.6278949995072962
0.5260174333877108
0.41652040585671746
0.5024394315877009
0.6669561527191471
0.4215668501033046
0.5643585462304073
0.5993913304356585
0.338725723769819
0.4008985464103616
0.33159694495385794
0.40939945910916264
0.45661276672599355
0.5969686987904391
0.4718136045367646
0.5138271065094527
0.4668932438249913
0.354047287244632
0.6291117747267054
0.36739192705249935
0.5628064833515308
0.5727183944320319
0.5255414514675162
0.6178330762082709
0.48234077122709496
0.884612428779048
0.48442590225463567
0.5720649626043417
0.3876310479349841
0.3947069461432662
0.24213464416452923
0.6572342766439863
0.4711717604231211
0.4427146903660257
0.47654993008473484
0.49946375233128215
0.5274802869699664
0.5619097007059765
0.4473004545953849
0.36578377920987626
0.5766122768766355
0.6720048545360638
0.5504327980599888
0.46012300026619085
0.5157312924887857
0.5166396723384423
0.5426890797935018
0.5321668525515607
0.6065780075641315
0.46865705107537964
0.6252312130913524
0.7527007038258996
0.5664909048590125
0.5251963624899884
0.6388655565543926
0.6232873283020829
0.4543946654801113
0.5676947781340453
0.5850522462173386
0.5445650272944819
0.7547680664010885
0.46009916070649287
0.5466353323290424
0.6134709585660418
0.5429968073777373
0.5949896391488081
0.5382606861638108
0.5299020139906976
0.5889800991941028
0.5291136136899122
0.40306547527173964
0.5458033577540358
0.6600253066384111
0.585760555115238
0.5346326719769084
0.6173174841204132
0.5804333592182029
0.4583034792481124
0.6201183515372045
0.3166193743889122
0.3680641113171935
0.36119668432817575
0.49009442501689415
0.45689000439299715
0.6269970653802365
0.7469229772125638
0.5533167905371861
0.5105555890042537
0.2689852650475145
0.5183534947191182
0.6789866415332628
0.6402139865811926
0.5791245375564286
0.36642729966160703
0.41582506951405773
0.38338455395542215
0.5001049462855326
0.7589010978494215
0.7735963930959419
0.5281923424744571
0.5141033114152139
0.7889997528361278
0.4340621486587431
0.5722282197461731
0.6271922689416075
0.6067198334175079
0.660148977822094
0.5321257122368162
0.6183969027846651
0.6848488822584701
0.5141527237943129
0.6261674878425583
0.522596594559827
0.5854711737363738
0.4595304993688903
0.5011848798533789
0.6112637667039595
0.6075301785487737
0.5264074032794609
0.4100905431543957
0.3450485318980342
0.4840147382731962
0.5565230984430029
0.5424910497463843
0.5967843343776287
0.5350082851442081
0.4922707554040644
0.5030658861556493
0.5529969664704658
0.5670382322056187
0.6479937398489539
0.5579222592179205
0.5212624114666198
0.5822576846572687
0.7043238919842207
0.5990184216804709
0.5877033827169663
0.5232430912383486
0.6895187870418312
0.6763146523321195
0.6251037585787608
0.6657184386998871
0.4113932087024347
0.701814375321836
0.5385705664141085
0.5491714343489652
0.6375143968608802
0.5809964917355908
0.646318662574684
0.5753109128122683
0.5245986529755754
0.3832792084345748
0.4229748208418286
0.5515129347305854
0.5329301789083426
0.7264365637773648
0.5500955456465995
0.5260958762690183
0.5235875729361474
0.45821558325982836
0.39605525903037675
0.6525560333976136
0.6510153126400186
0.46981932070228255
0.5940476031706468
0.5486824343150164
0.4916852005129136
0.294951945040713
0.779247835084653
0.3650509827049145
0.4145525589808684
0.6082299648446441
0.7024115205260407
0.606759624787889
0.7028415781834918
0.5917355757703702
0.5758391096861213
0.4245090960609826
0.49296385555708994
0.40448680467750114
0.40220645802592236
0.6354586015374584
0.5360165821134139
0.4741940647965276
0.4631141959924715
0.31119633440843253
0.43126128724084317
0.6416532881028656
0.4293006838115374
0.5385616831052926
0.6243197276958267
0.5982001962759349
0.6676475192571115
0.5004875371785193
0.48520319859717764
0.7586686453588168
0.6903748930884779
0.5912938275206117
0.5697249924114098
0.5482901110199675
0.5226486439726565
0.4418156765564464
0.48231106952194414
0.576439714414822
0.6943108231571218
0.4850397487370482
0.5801122360068649
0.40865579512009764
0.6380154725091319
0.5488154808155217
0.5815015250436808
0.6221562266205047
0.5542011241912954
0.5427679009222899
0.5912961196986207
0.713353318001221
0.40007340923654205
0.5487128194436419
0.5437194257374509
0.4964112854740835
0.39950799454113417
0.6142491836058024
0.5587871491464623
0.5508871407196098
0.5264634459327467
0.6396500734045512
0.39117040346950993
0.37334721847237035
0.6520125949157206
0.6036164222624272
0.6659168880259598
0.5656027911054364
0.6173635338593866
0.5478904055303121
0.5628613913067743
0.42585264202856427
0.45553373301051536
0.6556417371513714
0.4916794279260614
0.5198530551970142
0.5756500272034376
0.4674527607368771
0.4987133545275086
0.5654612333908552
0.4173822399313615
0.534992619329026
0.7017415899251459
0.5657930575522799
0.5444375923925175
0.606666326170588
0.5127160349402775
0.5451471974209197
0.4929557164153022
0.5375805496900217
0.49106842307181964
0.5023168847913698
0.5629707293085421
0.42976200786818824
0.7167304157831603
0.6871566632539596
0.5792816881977303
0.2758308437698162
0.6154103470744742
0.5228240201861671
0.6681296113614578
0.7226101197796557
0.4596336242558092
0.4400226976444741
0.6408013551566604
0.6141473663927332
0.5432126445463923
0.6066215864727433
0.6438630624103392
0.5645621925844644
0.6543806244472633
0.6355566137326765
0.6380768400731536
0.5351514268334666
0.2553198843704649
0.4820327229092901
0.4478895519117104
0.4999118532173723
0.5814924639592204
0.5937877446927731
0.5714201071386891
0.5704386568270652
0.43096844780834054
0.4849542749045078
0.8347204423166938
0.5335092205007174
0.568260666483301
0.6096358418353967
0.6047104635388435
0.7079153599757679
0.6959997011500082
0.6362253177420534
0.46871094093765814
0.6560171609841068
0.5580552967880565
0.5516840800358284
0.6346547451959265
0.5008786666208438
0.5641400783441342
0.521856930679833
0.6273029774798279
0.46482976948624594
0.6433540979614115
0.2658121823150262
0.658601823483098
0.768904748717699
0.5875050026094983
0.6219586076793667
0.5767682406788274
0.5645915477076984
0.3668988537373784
0.5576882408280252
0.573168940085205
0.5971988165139059
0.4110386748106683
0.6219220188165671
0.3639101543792008
0.4486777872520021
0.6494635612051898
0.30746535618559684
0.5952975848477043
0.5175460604146709
0.6241463149106619
0.47113041871262257
0.42490881532220703
0.4830196980092895
0.5151115015665126
0.5525728583301839
0.3228960117443399
0.40216304230218825
0.5835614162902636
0.6352886762085805
0.6720902783527979
0.6100942991533935
0.6173591321816402
0.36975608806937205
0.4571617723455361
0.5333641081027386
0.5303399743695555
0.5519299574016284
0.47801715225914604
0.6631348222383461
0.49762360274854645
0.696349954356196
0.7526985460564977
0.6179798433250011
0.42450985537920793
0.43246038175137086
0.5260417958557007
0.5216053669437414
0.5596049759748273
0.7421934451138977
0.4889666927292461
0.5601731874598026
0.5251812774383608
0.535069068133439
0.5368629783840333
0.5052889251694493
0.5032812747063725
0.7009895591713102
0.48165463630619626
0.5720577390777368
0.5895067868712762
0.5282671759147473
0.38968178746318827
0.40578720035392146
0.6026149951839483
0.4503670246052802
0.57697651698214
0.6639955814316141
0.35337867143051827
0.7396007502152371
0.5983725690385315
0.8045135546850033
0.5127332794485845
0.43602765273674854
0.6129897647385664
0.5009539158402285
0.4745826483884648
0.6023187489616594
0.5525711465066571
0.5259424954654471
0.5747810784235174
0.4962163213972727
0.6117011079976931
0.5557504125101932
0.5955179439296332
0.5358581841272306
0.4271950962775444
0.45353291893132264
0.5372648678602366
0.613040219393096
0.633657019965492
0.4746649651959602
0.5999010506001243
0.6976036348328517
0.6348273438587437
0.6056576693000291
0.23725447047939813
0.6486079821325829
0.5940949227438187
0.5900647363315501
0.5519878334303909
0.4890452817271928
0.6573593558184775
0.5152738025572978
0.47112789379746395
0.4736280447036212
0.4510645041838822
0.5131403091591127
0.5951367924741293
0.403638579556701
0.5830435939834797
0.6507046003421488
0.4968592076396637
0.4115423549245489
0.48132916910605755
0.6670556602055427
0.618781378508473
0.4568923347274813
0.6711856734649334
0.6747164919582986
0.5594054237508873
0.6657581418149356
0.5886639442280901
0.6526663350571036
0.6372526937814278
0.691095141671181
0.601431044923739
0.4690076778595015
0.6187832613158722
0.5090566402995224
0.4416672178276348
0.41233065960735416
0.3891998631579592
0.6766167513682663
0.4763342655868229
0.6130808111146974
0.4668903057655129
0.469787172888505
0.48503296916756317
0.4563619328865995
0.5907960437711962
0.5195837760607364
0.45154050771596754
0.6363725513580534
0.48707267982338875
0.5372647746467368
0.7357619297299385
0.5444825595725397
0.4452047740504982
0.7497961597143715
0.587132861034974
0.5918233967037959
0.5266547386308212
0.6350982816790629
0.5892700387573511
0.5028190474128744
0.6133459722509373
0.4599865430017278
0.5133317965288462
0.3859809768896214
0.5528212507201252
0.5306223154089801
0.5424689442587056
0.5969972379746878
0.6791144443399642
0.5062289579910058
0.6976705860556307
0.5858495487501607
0.6212486077852787
0.5329023585471473
0.554417298239454
0.5811715929011033
0.5606130120630708
0.6093538079181409
0.55128262833496
0.4953386843222525
0.5821467901719215
0.659149802014297
0.6322668559515161
0.4277069892668859
0.5237602376656983
0.5832466526559571
0.6066989319162313
0.5682699089401942
0.5331076780736402
0.5432886535275844
0.40276538645359916
0.5663316632994112
0.6291578009930939
0.6255178584926671
0.6406816905351078
0.4869178389908124
0.45596269314097154
0.7475105215524244
0.41611442601462545
0.7744424964650656
0.41916081688607665
0.5573253409177968
0.5395376629111395
0.4339128114408042
0.5534875696901174
0.5568720661099797
0.5345234041851441
0.5522876304402107
0.43252654101751536
0.6366124362279095
0.7539872199082498
0.6495811915772582
0.5877186548510296
0.5991076589841096
0.607516110833835
0.7335446420560807
0.5401839676222361
0.6317170334473478
0.202894040296004
0.6119208646423172
0.7810426180429925
0.751075123924191
0.5585055539263821
0.5876575835470884
0.4589470438294924
0.5648137337259485
0.5070977427186865
0.4643712569789277
0.5468166628647649
0.5281276039727445
0.6500157628293493
0.6415997682520571
0.6672436391180073
0.6222157662690821
0.6107704581748984
0.5446462182752668
0.6458447768126077
0.6360873671985731
0.5635087336522426
0.481274502634779
0.5557292857796347
0.5154064195549424
0.5105906901222612
0.5731013511049358
0.46285426598808416
0.6379456341451275
0.5644531578541628
0.5192211972654003
0.6245823990695708
0.5465135899510292
0.4136785966579396
0.6539834557757022
0.6506023074584959
0.6158643969312815
0.5146896903099742
0.346644947609432
0.5048126854753963
0.2909746863480927
0.359099509854661
0.6157866688303066
0.5380456596669749
0.4829228179090885
0.570197691908526
0.6067536445118759
0.6381367130635284
0.6376669835482678
0.6903981597027764
0.4537330255313907
0.33557953014522
0.4712265186368272
0.37243854745586547
0.6656554356523318
0.29714458996872695
0.5859744990536635
0.6301542688549241
0.4815785716546707
0.47266758206741344
0.512503892279899
0.47659840269934717
0.3136536005947592
0.5196785260873082
0.681822555903586
0.3633304306014812
0.5644775898042109
0.3506168787284728
0.5504737447515621
0.5170324301555911
0.42378146410389217
0.43594962281219835
0.5084286130525763
0.5461729567331605
0.5201900450451451
0.4816795886043508
0.5151897381302086
0.5243824445701251
0.5204471279947069
0.43905763085875815
0.5246859995753886
0.4630494848163395
0.5298546269122152
0.5665065763198776
0.5809398272593582
0.5432587994956438
0.40774463068125977
0.42847378199205344
0.4950146031438411
0.6089514756188373
0.4312963308234181
0.608559512056258
0.5562594754675863
0.4457407637860135
0.6538707672789753
0.5060396514843534
0.3413967424650447
0.5766049379262299
0.40192637301172757
0.483512496508967
0.6081519578132697
0.5357578696078256
0.5849650331299748
0.7549445036151948
0.4624130305698062
0.6564947866773141
0.7133786828121127
0.4126308014427206
0.7315961063812271
0.5416974852599439
0.6637321070981519
0.4277226046271379
0.5777169466918745
0.5302205216752822
0.6625864590021492
0.5134862623733799
0.4897082554799724
0.7425905151286833
0.6037639501885466
0.578564138391551
0.6484161608782933
0.49305057797987706
0.5504433028624098
0.6559726109512047
0.7273963176161964
0.4343233057791478
0.6339106238136902
0.5875875350806876
0.679457256077961
0.5256763617244412
0.6719977413922883
0.6061077267836996
0.5111823539589815
0.5845875572387277
0.643903386493873
0.574950317771071
0.577411148825699
0.5038284153641535
0.569294649140221
0.5600805317433768
0.5064538375891346
0.619078181935899
0.47952402894393464
0.37607954429919777
0.5447715573697369
0.6248365274555523
0.4656322993975795
0.5465543756913175
0.6697675829077537
0.5541925177268767
0.4705846580539852
0.5059160406222856
0.4798749206579853
0.5611216592569552
0.3669042033146393
0.4817235160961684
0.6224766928371799
0.6716408876262646
0.6032030430336826
0.6360492783569022
0.44412689492154045
0.523465855410114
0.3998078050139542
0.49979216876858146
0.5219746945968798
0.4745431676654638
0.6573518566532883
0.5093109550590159
0.5642084425283954
0.5531849513444758
0.6309538720523259
0.5733789704683662
0.5268601590068922
0.3031229754454403
0.6179643828521328
0.516897149369073
0.3535193924229184
0.7601284533065413
0.4065890590012899
0.5656904385988656
0.42052084264725753
0.5777382362358603
0.6115783282747839
0.6158378950700731
0.5158757349466442
0.4600452469756741
0.4090916614006812
0.5460045823086269
0.5120408240381376
0.4641594970306263
0.38000928648992943
0.4096730738852418
0.5013390050986509
0.4813593456527736
0.5861347474071036
0.6450432880013366
0.5230537231615281
0.7531009628709958
0.5653719629286329
0.46935099165828187
0.6360480919131852
0.3265894322869047
0.42481875676982506
0.5818417353599891
0.6130405341933254
0.40618595069227226
0.614366099595243
0.6048641986449188
0.62331940276333
0.577970389894444
0.5895804970444565
0.5557291828281777
0.5639171185993308
0.5308909215061868
0.4377883547147097
0.7216890404644983
0.6267074569624743
0.6747832531422858
0.4016902105990457
0.5346618732495764
0.43230012053205885
0.6707857716103857
0.5608213728425554
0.7134628521511642
0.5472539847467661
0.5533870160977999
0.6758384765107754
0.46729931780835116
0.4284010798556681
0.6635260398435621
0.7473293055053796
0.617544264962656
0.45898187341540375
0.5741267755725582
0.8544975100624307
0.6004726675417749
0.6496247408982361
0.8839459799251965
0.5159317386036015
0.6184106456829472
0.6479082352791086
0.5796176225782466
0.3232525158017836
0.6023181087431785
0.4769058701167978
0.5386704752416943
0.5151829753122409
0.5544459853299504
0.5378487678428057
0.5165321859735459
0.4399334689355852
0.5064131539570722
0.5191054148232819
0.6979060305422938
0.46571172975057673
0.44425365089070834
0.6081420085506356
0.2048147072636357
0.6714655937622283
0.6643303188771641
0.41592133728230213
0.5516871823724775
0.5363228652720801
0.5415922391237468
0.4884550586584197
0.4628030818236314
0.5930414950287785
0.5954376368210371
0.5626732007901524
0.4344026509959219
0.4906918717205172
0.6451922793927722
0.5921814687228301
0.5390294940267368
0.6210848943004773
0.4728460489482031
0.5500333903188308
0.5819339909709291
0.6829785649981306
0.6058174593928042
0.3594846652034958
0.5449089967313276
0.5559169863758094
0.6662556805089602
0.5998868305301915
0.6225744916882388
0.5781565987053466
0.5924011196508037
0.6306755262760299
0.5591585212213276
0.6642554121303742
0.6437179764693123
0.4841977585781371
0.6117097234699687
0.7152973968767702
0.5230166582783055
0.5913329666631153
0.4940930840127853
0.5292180791505456
0.451185921797437
0.5151382217135394
0.3461736142893662
0.682223262927873
0.5107656094458353
0.6230282113370232
0.44910421360363917
0.6203723027281253
0.3087219513125247
0.44350598943936703
0.7234215863244555
0.5791919435958259
0.625216770881973
0.46222756453793007
0.4014538576720943
0.5895014899386481
0.5427822784906814
0.5205727055284279
0.5449937333873702
0.3547584366982276
0.4662031811628832
0.4800766693038153
0.43892581212574266
0.5078182597874165
0.475662970378092
0.6861133170692962
0.6192937667081797
0.5105447858857913
0.47802029418542824
0.6405789896400413
0.555328010444145
0.5544931267484015
0.7468890127506567
0.6379042832041305
0.5213361965352848
0.5741795560453797
0.7198555423395787
0.517233709062302
0.5029368509242257
0.3871242556651472
0.5525128497341342
0.48597510840310015
0.4812653835269854
0.5029621377082217
0.47685166549288555
0.5038279972245984
0.46565988368437006
0.5022568394377634
0.7287239306763986
0.5867282141254737
0.5772015447625407
0.4192328795567075
0.6411027989201271
0.5710118903771533
0.5844329856852395
0.6101951229732859
0.5235075494045389
0.5053832407349782
0.42186575280314254
0.5495213639589583
0.40485005364049453
0.4499661629654624
0.6969840517416506
0.3906192181283943
0.5440229074176478
0.4460219493087075
0.6339818800994055
0.4408775447747537
0.3943292002246299
0.5117041528490425
0.5818696251777009
0.656987347456479
0.7092683463334042
0.433244118352901
0.5042064746464292
0.6878118963762901
0.5994732057416291
0.6969494938618934
0.6700493371368228
0.4300091948752418
0.5584253592135658
0.5181035415543245
0.4452615410403046
0.5833300596194146
0.5024195947486798
0.382565135378647
0.49108322283890915
0.6773465124373671
0.6062727632242254
0.5252265794134658
0.6067562028288782
0.5730608666941177
0.5094352239772841
0.5457363946498549
0.640846220338098
0.5970346723112825
0.5395176008661435
0.46235408170050696
0.45830517027119566
0.6334108292145659
0.5469683934275766
0.6203371894369534
0.5009796561182002
0.5852818287469371
0.6433015374849963
0.5144867449281222
0.5637648369221846
0.45181169198428867
0.36775717238375194
0.3741796748016303
0.5290809668646864
0.5591042821117211
0.2050733528172956
0.46542545055167056
0.395790512274807
0.5327216853602392
0.7525177272886097
0.5069350575375339
0.4855256478904807
0.630269345240174
0.31980110934939
0.6075412590430055
0.6333042943433489
0.6108604415134629
0.5880887060704049
0.5865445533550636
0.48786276828628944
0.5326328942468653
0.659171532627028
0.6614337315244403
0.654272016179577
0.5063382482657304
0.4673223717924785
0.7092365635050767
0.5801903022010426
0.6680627903854206
0.534487151738396
0.6119108540668008
0.6292319061311649
0.6532978045218942
0.6587842463885644
0.6224241806104227
0.3835222422741378
0.47367624565398286
0.6331016170882718
0.4347344199201017
0.6720872802266239
0.7813885999536039
0.5568494618558663
0.5847263475932409
0.644480038767006
0.5196268898995715
0.8239995070483492
0.49999141594655544
0.5133460654468034
0.43162639788340623
0.4632744516756129
0.6184091807418575
0.5804927507257106
0.5978548188889672
0.4392425537896002
0.344263125346183
0.598276804538903
0.6204509517470576
0.577837405788575
0.5935127900613308
0.6936341638405944
0.5275205777843104
0.3939637599897098
0.6218694391369699
0.4252793225209008
0.6287951554716165
0.4239245246427286
0.4712709184830882
0.5858143935495965
0.5640058750648563
0.48755404321902285
0.6624097816383723
0.5231800825272273
0.7457280808701798
0.44048587831649016
0.4732758547669096
0.5288264693993502
0.4390210967908371
0.5780958184682555
0.2701239959355812
0.47761253079041344
0.4838075679979909
0.62559197311172
0.49807139896705416
0.7612276610338007
0.4371596493248781
0.5797065427406097
0.5464608728438306
0.6142372411812855
0.28638141031209413
0.503913918905741
0.5216841192991601
0.5039340928011968
0.6230242693060485
0.46268124109412
0.37336522393202387
0.6328370910208913
0.5355237791037748
0.7559420793666674
0.45005082615121744
0.7436424083396206
0.502118123258443
0.514865132541756
0.5948674914427335
0.5335883901824297
0.4094201286014272
0.49753265923609336
0.5973547781671927
0.5850072728442115
0.5846639293981853
0.6705569897613282
0.7490692104625313
0.5179449507754057
0.44027747477450396
0.48716303270677164
0.6561580901147459
0.5466098259648028
0.42265066905355664
0.4030508152045741
0.5242911987859935
0.5176566701407715
0.41451123783392674
0.42042015458637527
0.4898786506878668
0.6184654383671341
0.5359988564871777
0.4958672085835303
0.5886979125074954
0.6317640934651748
0.5383764576983189
0.48415534120221204
0.6110852347087591
0.5718728463266101
0.5249700917099848
0.7883711864733574
0.7802344538283426
0.4294615450364633
0.5264621180002047
0.38862554214505085
0.5479834890403271
0.5861059385086983
0.663122693323325
0.6824609109561681
0.7741930004506213
0.5432928282509264
0.7087790511367356
0.41463646572577406
0.38023582612677864
0.5788572607094944
0.5903944487582059
0.49858880145194195
0.7697122895011095
0.6681494655205046
0.7314033483008225
0.6225055151649095
0.3817618103140767
0.42483010543102506
0.7399045034346579
0.4874944003309635
0.7599946689235048
0.43479487329791355
0.5419077195745858
0.6149935338546305
0.49960890030240823
0.33981625968725215
0.7139070568184838
0.7311981719025951
0.5105880510806428
0.670099110912594
0.4119986356461802
0.4615528591817036
0.4766689146768578
0.4529343375959158
0.5372220865541116
0.4818235994882166
0.6359782763048933
0.4617388919151658
0.5217693196689833
0.39795450463195803
0.5698749123060216
0.4194800393581778
0.5999723312150496
0.6152105046221459
0.5971482742825768
0.5091898632908575
0.4578464840908716
0.6783495107470278
0.7172297402026396
0.5570793670429273
0.7493462676035617
0.6290337952300582
0.5336213117281873
0.5390706728754444
0.5835851178396841
0.5497001203240174
0.6126944190666236
0.49845432100383236
0.6554194028118634
0.7895318286869252
0.46827356583878144
0.4529806694022966
0.5332161643494266
0.5611963145767488
0.49331948462193254
0.7202365315908537
0.6576667918107957
0.5354983300526271
0.5298310430205546
0.4789262992484844
0.5389887996223417
0.4442378542289367
0.6432197141996132
0.5257227334894289
0.5924503400484449
0.5719200737097986
0.5558951658700286
0.5592280683684567
0.6541714149707286
0.36177062368432367
0.7238825355384993
0.5427237107581284
0.5525829810572569
0.3821245528991474
0.46654316755338776
0.5340747380442735
0.4861566980236382
0.6059046658469615
0.5431059905924546
0.4674128544404529
0.4752918022640924
0.3399098782463589
0.5384057939252105
0.6224671328103094
0.5143119450187675
0.5542479103679079
0.6406168747566376
0.4830615524105327
0.4042168047964235
0.3752497380675738
0.49864192479814834
0.46878734358716545
0.6417561521562117
0.4870591743747459
0.520793425848206
0.5052009427645556
0.6267169536589247
0.5226431124806397
0.509344888121173
0.4564929105502015
0.4681017337122627
0.5138046079264741
0.5319723779467905
0.6450256742864191
0.4719955742437384
0.7187775133091265
0.4842240870136788
0.6731039432585195
0.5054054872461521
0.5833656374984321
0.44034369535310164
0.439992085756974
0.5870510879329911
0.47981721788479964
0.47118421457796833
0.6598210380645253
0.5600890443293006
0.549059940240014
0.554799822174991
0.5052472010757652
0.44868019381072427
0.5430736202779654
0.6028321440275017
0.622737020630366
0.402038931075072
0.5222595413571931
0.5732054670326368
0.5557523676262175
0.4885388502363168
0.4480009481241032
0.5794970554416141
0.6277850441456985
0.5290967816657625
0.6291861088436691
0.5185067792583445
0.5030045384512027
0.5249978179815511
0.6512520179235634
0.6704736864937237
0.5822528909869813
0.5456484429567793
0.5155059563502905
0.48127570784244544
0.5446232150418017
0.54824109566214
0.5652002967045321
0.3737174941722708
0.5296308445863025
0.5203351387201922
0.7508468836431907
0.485956424630552
0.5021841529096636
0.3219491907087303
0.41235074938683297
0.3956063923025661
0.45636120961944526
0.7204756568975236
0.511687457348371
0.6037728307914767
0.5942636703389226
0.5753336916826512
0.5253386621606801
0.5700027751252786
0.5093224065651466
0.4658288616841728
0.5162314139211428
0.6503016914081736
0.5049119483523262
0.5952002345487629
0.4925712762239085
0.5429000568554054
0.609148964269085
0.41573051671999917
0.6531105244325341
0.434907282946293
0.5560461698278113
0.3889515997660885
0.4690229700386847
0.619436398419954
0.6716532951423876
0.5162562265892601
0.4812311680466286
0.5370161837273651
0.5261596410774357
0.72692970935113
0.5385763954686623
0.5508919176109041
0.35491284624415464
0.5390489613248829
0.40283794215655344
0.6555811681188499
0.6945842754199356
0.6025055370183442
0.5496230668267461
0.5879276502752446
0.6112634982629592
0.4848110381093133
0.5412107926622166
0.5398254418967524
0.6631076046084898
0.5441202348853149
0.6089893742252731
0.6868371687772228
0.49162905484381275
0.5312011219820211
0.6453852877443171
0.5957721299031185
0.5417348144152437
0.46078705903246564
0.564325609954086
0.42681030081708904
0.6020046073662003
0.31360580380333797
0.4142592481424117
0.6434167485884856
0.4955834575290062
0.5471340498274221
0.6799174880202883
0.6271794026319597
0.6681349506524744
0.44182231546174955
0.615774393634532
0.6376505194471573
0.6527139317473063
0.5486155649786834
0.5179573593218553
0.6481562759342934
0.5647487412485561
0.5497685992085236
0.5755532991521908
0.6305210632304757
0.5126563473595527
0.49916077577118645
0.4351885133173696
0.6117055157935637
0.4373930030627363
0.5542664316789996
0.6398539628579085
0.6744072000165486
0.7322282276318766
0.49716273023602797
0.6127465555740297
0.6442991012470936
0.36719688992094807
0.5250357653812946
0.6551535847189646
0.3802104324732864
0.7232248685933038
0.49174719350842055
0.6160886597649629
0.642767894525153
0.472255262507005
0.5579201632261476
0.46185003355267307
0.6088175100636977
0.4516297245810416
0.7519121148532366
0.5044676402354251
0.44547492455361704
0.5330037118617466
0.5989393306043064
0.481347693258827
0.6535410056032273
0.666196350399513
0.5119510468572394
0.5671701535544755
0.790806918550674
0.4750372023106846
0.6021237554935366
0.7201103832489547
0.53228362105404
0.754653827755799
0.44964807744625235
0.5478185968514042
0.42404651207873817
0.5225966571453586
0.4594171794044879
0.5840674685233438
0.5192694011831126
0.7084806559612438
0.5783655519375249
0.5125302192729024
0.6138914307832373
0.6366821936884925
0.6399257455600135
0.5318209264442989
0.49559020609844123
0.5679638874296177
0.5987774080106842
0.5450993632050081
0.6256995877470565
0.4910308359770309
0.4709697214174154
0.5561420082573202
0.6067082845705607
0.7984936871311529
0.6291253388080741
0.43341732314744374
0.5658010711515871
0.4436656518166946
0.5437061781335633
0.6365287957254986
0.5907971567446415
0.5834274171561994
0.4054097353713537
0.37755228598414203
0.6131909811580558
0.5764184668254486
0.5496665300810474
0.5147432874856819
0.6304417798054218
0.46609500755624766
0.6397154556548647
0.4724070463579176
0.6384386334831369
0.5005711689669655
0.635891808089422
0.5162598047869553
0.509694767154726
0.47875186695484695
0.4087533573713156
0.5426317422121077
0.5777974860708488
0.46030383132885716
0.5810139198568227
0.5293360143062855
0.65785118251519
0.668341238924121
0.6785466707932406
0.5733103545690894
0.5967709611485296
0.689413602070163
0.7124572062230365
0.4483833483841231
0.4326200378106584
0.5187782811507575
0.48348519181166727
0.48359352876381906
0.6634327237810472
0.5814023242026648
0.39995304139710386
0.5841605239304141
0.5213111065039416
0.6376870960561284
0.527442503692678
0.6102615255131849
0.5707400202171267
0.6393709167171103
0.43327839190221623
0.6271925365220977
0.4407484279300269
0.5442689441640342
0.4999592664007445
0.6455532505348178
0.5981809592894467
0.6298384047311434
0.34875603571488634
0.5140085603345158
0.2939002829432035
0.3598284430549975
0.7283478706656861
0.49624863986249723
0.6066063098857832
0.3620705475687941
0.2010528290698077
0.5504336745432138
0.5412243047676983
0.5582047676727417
0.44956418503522494
0.5250213428904517
0.6170707853334032
0.7385264403031526
0.553876228656411
0.4683737512317429
0.5744414271365635
0.5806442363590548
0.5078123022159328
0.5568363174061883
0.4779205227803923
0.3471338843186331
0.6590906089478364
0.7602635544720115
0.4775858999583448
0.4778115977563637
0.670216021985374
0.42724335471774394
0.6565584248189009
0.5120952623894385
0.43253134848694125
0.5161377566888063
0.5169342888438082
0.4629111221618799
0.633773245569554
0.4038570643930317
0.4200139019254165
0.4371549859953715
0.5649670614808013
0.7379844272626529
0.5726616752940553
0.3567066221189605
0.6067564602221122
0.5442668047942661
0.42488790434732626
0.5823319641374155
0.63484227127347
0.4716692888108502
0.48962486939240424
0.7034725380088837
0.4586216698088204
0.40717273317283187
0.46489630879474336
0.4657876659641355
0.6733183322940358
0.42667974250131374
0.5706023799824472
0.5178118549836852
0.47680238665239477
0.49222349148051325
0.673461800874009
0.6659684869301529
0.6026066058291705
0.44531945726802785
0.6013754011831637
0.6424580654917427
0.6407134279843449
0.3954814681740848
0.44508410856415215
0.6076864929105938
0.6550206267213712
0.5737135770496764
0.5023752495138355
0.5305894767338672
0.6176790360888631
0.5102870636402521
0.5801531088929152
0.3696227052309016
0.551496377368775
0.4325106154446605
0.6908469923377722
0.6621215534392999
0.660330444719891
0.4156208268259156
0.4216056655405558
0.6829266775241812
0.4779194426590714
0.5657266004268664
0.4994123897735613
0.5558802992230848
0.659762565579843
0.5497437132590314
0.6266271620375217
0.7115725766540396
0.6817587749415732
0.5925274327233082
0.6402504519935458
0.48579651354902303
0.4909104893284041
0.4582374948530926
0.528239199534201
0.5982606785700824
0.43166145489714425
0.613788979614861
0.44089075123210225
0.5781948166399373
0.4626026442478174
0.6148131613548191
0.37227732745373
0.5503035823237704
0.6245019937801835
0.35224852461724143
0.6406941763054751
0.6455854690730828
0.21955432800676977
0.5368686328565118
0.5412849543692758
0.4211059874919144
0.5406155127389065
0.643030526470334
0.5434742088438964
0.6308109905832875
0.6237135594180908
0.7009723131944263
0.5904321353756153
0.6594815100850857
0.5952059462494667
0.5725001249895437
0.4925180147940921
0.5545090364825825
0.5327110427079879
0.35202371831245016
0.5843433479535265
0.5626315628010357
0.6348770313386635
0.5872559071917656
0.6249636027182797
0.5422246219228719
0.6773312365238893
0.6623552983603759
0.48662279565387634
0.6678073569126364
0.5954049059758665
0.5446078801634854
0.5840904613724466
0.570630989115585
0.5933940586469959
0.609729908079197
0.6195451219725843
0.7252668825049752
0.7057916165157514
0.6682312171217331
0.5000125453036331
0.36035912173120255
0.4594474709998709
0.5878139420589784
0.41599758706543766
0.6438791218213891
0.7154192294589873
0.6289508593933621
0.6325780714127281
0.7089444020494184
0.485750303062856
0.6200539010772975
0.6616956063144486
0.6410415079738562
0.5129626196091619
0.6089258714661158
0.5111487535855602
0.6413820197141633
0.565877983488528
0.6588498049851547
0.5171001002668132
0.5378952386564996
0.5914014006328534
0.5841007601712251
0.6252136409750235
0.38490447025411223
0.6756059264227265
0.6496019386720895
0.5337422899464114
0.5501439776839387
0.6025776263150167
0.5358010122700448
0.5220560838238573
0.5908657223342504
0.5321600732046625
0.4919566953342411
0.8702061630621689
0.5368616080156016
0.4284708738678186
0.5734230328129215
0.49645718444065734
0.7006185287384948
0.5722196570700094
0.4696734039601761
0.4916451682466475
0.621236337031358
0.6286182432749401
0.5028950101202667
0.613195110603724
0.6234265533478598
0.5110719115528269
0.552430366663216
0.540286283719608
0.41077005674819145
0.759173901236702
0.4205480671790618
0.5363843498954811
0.5255508581084682
0.5606322092713047
0.5920860001134368
0.5728739897324965
0.5275805580830214
0.4711012565893715
0.5917103047238624
0.6718442735456143
0.6894815345977774
0.5075486673028424
0.686857267921303
0.65269610619739
0.6213232033708335
0.5623741376716206
0.6243451623829698
0.5235960113376591
0.5003737616948958
0.5613596848915441
0.5412520974343292
0.6791222798273024
0.5752350784269925
0.5855168804820874
0.6025911986519741
0.7049782472373015
0.6123237547179917
0.37883671613444625
0.5079098307846042
0.5393403881976271
0.5847938227017979
0.4254562403353298
0.5299365791781263
0.6399033076544302
0.41656501346152097
0.46095863879313237
0.4430013431586177
0.4897098386553752
0.45923208386145326
0.6526149678727365
0.42821321908798526
0.5127606804886178
0.5256168013266399
0.5446035515626078
0.5779863738639902
0.6181919810025962
0.654222540153827
0.5469073855321567
0.5028165805189931
0.5609065010057164
0.6566150321255771
0.5041565469115128
0.4436934932712858
0.4875154365409448
0.3778062740453765
0.658581071289839
0.658309511613469
0.5515995142141413
0.6779443949689926
0.508702268403904
0.5642921002899101
0.610418961001767
0.5307904356208379
0.6076098258244017
0.6050199380854443
0.5509472169741724
0.6692464485727787
0.35996157006870666
0.5827700338338997
0.46393376744468867
0.26001102436659057
0.48457109434117085
0.524154569429787
0.6399099175203296
0.6269240248910408
0.5303413666369396
0.3586442684074478
0.40211610683113563
0.7707029878772351
0.4609122937611759
0.5068546362689534
0.5243501062557058
0.5576038845604032
0.6605160634388759
0.5141652522284637
0.5751254928969762
0.4925872874299812
0.5181173944368418
0.4306255442692338
0.6166796440290441
0.563601386599161
0.42814937089447913
0.3670492032058503
0.5178806930532267
0.4367404164849206
0.5367687327820552
0.6712899650793747
0.616345071135098
0.5833825082356561
0.4540846669636555
0.5050161224138601
0.6167193235765059
0.5726395426757682
0.44156533163250955
0.5758806203677597
0.4240151226475791
0.51595709690113
0.5568632384081761
0.48359733186822873
0.48375828303490875
0.7233384725612424
0.6201262345585723
0.6768325003815439
0.8253897310229062
0.565679001914596
0.6397338673028342
0.6050435531393831
0.7004958727342432
0.37325804833137577
0.6545454214291355
0.5635098447609133
0.5487441711612256
0.5655418305410069
0.5020703647302848
0.5319904919695981
0.6918493835397981
0.7805292502199194
0.45814010996694665
0.5785118516790247
0.6211279567645757
0.5613139942551024
0.4646014217080864
0.44683860108031925
0.6448682138950296
0.6653357911502755
0.3158027340583106
0.5928291110497826
0.511076118260656
0.48293545571825375
0.4016098022964313
0.36205190146700805
0.3623080908834526
0.7851869858881517
0.45873263874235876
0.42914523776361113
0.6109472493596271
0.441863700659766
0.4993273317448789
0.5865058998215338
0.3785446114851845
0.5332859394897476
0.5710518881921953
0.5330684050466142
0.5391023461537204
0.5197114851270932
0.5551985316263142
0.5602006814907263
0.4317030173604773
0.6053460397711211
0.5752454906883476
0.5469840413012713
0.5615109581245749
0.4728321920285728
0.47316328081863834
0.36375966767129764
0.6541181966649787
0.4087563339742408
0.5545907914688704
0.5494188572833696
0.7733539125446959
0.6027978379322063
0.40612783801631536
0.48938551175170686
0.5856663883085617
0.5565911118570533
0.5480838496366515
0.6037229769485202
0.3776816167712489
0.5934167485656268
0.604326937004534
0.44786203560270965
0.5964151856223956
0.6750193580415013
0.43602070885126243
0.49795168406099527
0.6515427997100189
0.4123400572756587
0.4305832110156736
0.6540243321160277
0.43064967476156757
0.5548599392385586
0.5232977672613864
0.38652601251990876
0.42794001570291973
0.6293577956623325
0.5402335115963799
0.6808468788337658
0.5463479109715826
0.6355371335855624
0.5342243725588884
0.6992266444771069
0.43387170322494534
0.43797594007384577
0.6174602458679913
0.5544840900925746
0.5417572317909907
0.47306338785821905
0.458245489266475
0.5179739066784977
0.6150084581487747
0.6769508237017249
0.6063079289413664
0.48965813497644506
0.6617089007413443
0.5207787572972272
0.5063057912733706
0.6291748464805443
0.4771606005159449
0.7152133496742896
0.5011195064705124
0.40517259314352294
0.6376946208981704
0.46905507976186256
0.43471291795430667
0.5030081507487042
0.48987694467251447
0.48426752137203843
0.5396799270872283
0.3907132768948889
0.31148221993064973
0.7250880614507793
0.48049602196682073
0.624195703206871
0.6561794451494238
0.629975058996727
0.5882171984929071
0.6626761906610547
0.5155225161433696
0.5181206611665828
0.761259385853489
0.6183349118664386
0.5031195786982339
0.8248237801718429
0.5473303033914318
0.5306291050973453
0.663302513747535
0.48314547835202853
0.567492345338875
0.43785758157077903
0.6510497882353191
0.35848903483601446
0.4611505899952389
0.6597154337911412
0.6392918292172893
0.5214747875000887
0.6260315088108598
0.5297220935258304
0.6269289958346302
0.48439751289912325
0.42305006700827463
0.3931453698486079
0.6108984422428397
0.5036569780650941
0.6327780434713604
0.6088713837879172
0.4842673831011358
0.57387498589574
0.706589277287866
0.5007165043954148
0.4196622675778784
0.47405509912721616
0.6285623293717121
0.49986496893082
0.6053624975284332
0.4355951326346212
0.5295615654554223
0.47042280172310696
0.4681300699084642
0.5239630000030707
0.44730116876093406
0.5704025509332632
0.4951430087473709
0.5111301677331248
0.5615384352457945
0.5882095471364722
0.6287296267265553
0.5017423014527328
0.5058295673205043
0.6673004715295124
0.5978410534731843
0.4499539354151236
0.5850126173062616
0.2880752815781962
0.46200210980215195
0.6036328243281573
0.5111575423795693
0.6865506004547157
0.5768066047110147
0.49381433309886213
0.6485199820589254
0.7284568080830262
0.5405665961169543
0.6084125495442348
0.5765168417353433
0.5591023953419786
0.38507379638211414
0.38565520384120455
0.40623132712204824
0.5211814134409352
0.45226104219116714
0.5234761489189214
0.6541311290254647
0.4358574772937616
0.6411214194215468
0.5142147723067365
0.4187830385840178
0.6123633797600029
0.5051495825779558
0.45415277586946096
0.36720368783741797
0.7032735537946952
0.5695019260721523
0.32781588275399276
0.49076718462250307
0.36625165228612167
0.5119216292086449
0.6788707327854198
0.5889916353364166
0.6899595365908325
0.6036319382456137
0.6561283796654334
0.5519503572943513
0.4300775675555017
0.7458458448839331
0.4904466738959685
0.41464328245534077
0.5744183711348227
0.47537540027657255
0.5728281430388427
0.6057056779413189
0.5321037235356443
0.6191766616998904
0.5899209173469364
0.6634915842257436
0.6453441482860953
0.4533649526630108
0.46948623223856767
0.5829365378695628
0.41461272423958934
0.5643945567342117
0.6380767994171804
0.5031577847832003
0.455231273275403
0.5461990392133014
0.6956676758244837
0.5016498629911732
0.5402122480356908
0.44945910019915514
0.5026846503828519
0.6423104405635786
0.47707776618922265
0.4829274214528449
0.5836836486247449
0.5544019901268012
0.6130445481697573
0.5185443528728114
0.45401547478641213
0.5557287456348114
0.5895011805274335
0.499429347634795
0.6740913468959738
0.68922410715508
0.519871826160318
0.5792241131672085
0.7180827403511935
0.6133074963482774
0.2583363372465816
0.5509569803361805
0.5437706554575127
0.4419140522579554
0.3970101579531504
0.6335552152745537
0.6609227937555169
0.5535239929727053
0.6406763569889977
0.7239008565590899
0.4189860189893436
0.4515112934989014
0.5395334428129296
0.7041469745791833
0.5031739036041178
0.5455715835108877
0.4870652509962079
0.628055408365949
0.6455364924167375
0.3933095407152919
0.5103334135922535
0.5543724434352546
0.6309059570625875
0.4748755182535508
0.5172115258196084
0.7731584326711194
0.5811788208230373
0.5582251404589631
0.5339787381263414
0.4047711499057792
0.6149817009113414
0.5946287334764143
0.4035235692740342
0.5376548846824307
0.5695858869624394
0.42936605520355164
0.5085568944293496
0.6365621378220763
0.5208271530796127
0.6743368635736382
0.37200149490678946
0.6949672708073321
0.49595578982605226
0.5194131752748429
0.3555237393205713
0.46851141734876806
0.5612016471839683
0.6146528362821828
0.47973248723663686
0.6746169964689188
0.5555624800425751
0.6794707217593263
0.5077419478661538
0.6365575348841988
0.44250136534093504
0.6304240848343504
0.5445809969425138
0.6005201018974077
0.3645516007702402
0.6898313884748399
0.43481723374387
0.5994611409331426
0.4509987901403734
0.589014287907175
0.6134616115482787
0.5282134981784448
0.5551406461620311
0.6149161156959712
0.6820353348363024
0.4734549246425598
0.38596721399355094
0.6136495557500882
0.41113974741986953
0.48163426134879883
0.48097847292961254
0.6134408997377598
0.6086071471911826
0.7537828953146457
0.5581967916920784
0.46913516603510574
0.6372088898815187
0.6165264655544558
0.3911610139687629
0.38074065463625134
0.48722394149344966
0.4060561072865967
0.5995196245782785
0.6792424544935146
0.6839686147732831
0.4989992357781753
0.3992825544682992
0.5976602215149813
0.44439267283423234
0.5920173205720265
0.7585300618664393
0.6417622472041878
0.5621017639764672
0.5693791489207652
0.6983360273679124
0.5946512675945692
0.43312211559127706
0.40958410246879007
0.5931454503445924
0.4651338079667955
0.5287059505053435
0.6059309667051989
0.5315059617925296
0.5808332778388937
0.5138382233142522
0.5484878295069479
0.3937032930026266
0.5887783346233436
0.5184960212709089
0.43112325235061494
0.4700290373248063
0.7772527507216304
0.44387855163809137
0.6727159858202371
0.6636080165113701
0.3864435395638133
0.45935085638880757
0.6579060793750717
0.41218172166287115
0.5306153229706085
0.5750201333693956
0.35576640897305345
0.5074745665221085
0.5919399136883424
0.5361581605187847
0.544465020640305
0.37810468513524376
0.4570990587631105
0.6902505137798686
0.4114997845937106
0.5773618129865006
0.4436412648452291
0.6173944092967819
0.42813915279422465
0.47831551960876784
0.6626622606296609
0.45683260792192015
0.47209105365874915
0.6099398279782504
0.5471553993142508
0.6028464049350782
0.5637658591833444
0.5427766540984622
0.6127026101129482
0.5403435902316464
0.4351942081695417
0.533219427441499
0.6045327814567032
0.4847682969835887
0.7426847360545138
0.5723514160860066
0.6015620906778869
0.5387719839618301
0.5839730266193226
0.6945246811301622
0.4807166474672756
0.42377008445408987
0.7336845626060082
0.5570112919408469
0.5398184227015471
0.3763784259545663
0.5555122683876893
0.5613727810235615
0.5196132059746754
0.6966846798672616
0.5125621288367324
0.4356897254554762
0.46731222392834315
0.6207066349904489
0.47593172782494014
0.45845829520121995
0.4122106110575565
0.43493010508243296
0.7060153425155481
0.5234432873154795
0.3897595916679348
0.6803685695749343
0.575247968391522
0.5795423108738793
0.5307475940064005
0.4857182485569952
0.498220996340536
0.6017536789249672
0.574439013806441
0.4732998232466607
0.4903200956141477
0.694825744499662
0.4008909433555692
0.5275459388851345
0.4721731381697467
0.5604683868262904
0.3739351941775061
0.5555986451351105
0.5676203478845282
0.5746626410573565
0.44065009644943953
0.5570898359276776
0.49393968932324384
0.6307979471541657
0.5953328763030508
0.6168233231996577
0.5386884939958448
0.6386574591565555
0.34245183576413585
0.616489442746705
0.5554422638183323
0.5168840802475195
0.4374823253732299
0.5740222981272932
0.5299885850290013
0.34542589164570153
0.5292956284267621
0.48833578050566967
0.4638960411214565
0.46112809776697566
0.507271651064264
0.6928747821177939
0.4879968053933219
0.6821918063233465
0.6351063667416148
0.6077941882613453
0.5060650232694945
0.8062013155810088
0.5583840523782041
0.5304941514550446
0.48185046838044526
0.36769441857810453
0.3878582920562371
0.609008591267532
0.5980657901535502
0.5851314251903934
0.5893896784274149
0.7135389757080534
0.5705232916021094
0.534310637940503
0.7468541659458998
0.6067414653372438
0.47512843284817535
0.5542904608964363
0.41369176750596853
0.45947030176011755
0.4133201735373623
0.5606450926241305
0.6449682522342062
0.5583649874000156
0.6790647393183562
0.4786585414658775
0.48995358799621264
0.6952529676618723
0.482905645288336
0.6253532523550419
0.3958209534907157
0.5802914365589262
0.6200707621227122
0.6755799583380429
0.48790323651904854
0.34301016507170917
0.5704228333760523
0.5824420454149027
0.6884227214198051
0.480532170543144
0.5408305235185307
0.5812447515007869
0.4845915663725401
0.6906707105997261
0.5153707077214149
0.5205884959815393
0.5419498703353315
0.5546315033094815
0.5620473145267344
0.5201722682850848
0.4261178243969965
0.7180640099766415
0.39693326127753553
0.6567717468981418
0.6185847540220968
0.44184133228342237
0.3921772609204608
0.42054463864960445
0.6330358419459419
0.6321625131987466
0.45172630830675764
0.5404652186074277
0.5022861687665527
0.40408726085359387
0.640107265463869
0.6394878480560976
0.636804713559576
0.49275656105645105
0.5998914879627107
0.6633263117315931
0.5961831906906918
0.4724467682480361
0.512376096627629
0.546639617114709
0.6665464810040893
0.5225100503714384
0.461940150372473
0.5002145010999411
0.5974831980820435
0.5021700014798548
0.5823828534957678
0.4171243339692363
0.5015251672018198
0.3525410776975392
0.6254011761042897
0.42095057808413927
0.7183051677239318
0.5395339161326266
0.5145334956357521
0.53253273011542
0.5210227895778863
0.40838850894154743
0.7465960926785921
0.46868262610713074
0.5531300582590403
0.5211451953975066
0.6391681000317395
0.5278422560088826
0.6353389166880561
0.5181541276011754
0.4708366756995763
0.6976573604324692
0.6199500208797165
0.5465247345490117
0.3953445938181303
0.5094114364733007
0.5336255472873727
0.4858469359917602
0.6827935376901809
0.5543371234215102
0.5182245346194436
0.6493877002082945
0.3687027035277174
0.6446027454647503
0.5627525007472644
0.22835776141152636
0.4034842976737969
0.4096979095501557
0.47639933879626584
0.5742327125832853
0.6012417122078457
0.5271980982423454
0.5127809290589977
0.5515230074590751
0.599711360041829
0.6981685326672489
0.49908453196960423
0.7644847888165403
0.3849504308634192
0.5806085340100009
0.6867743997073422
0.7194867755007865
0.6523514841478125
0.6014999346409173
0.4801639821552929
0.44243935958469455
0.6426193449529154
0.5348031819321256
0.6105767625663716
0.6567996374149576
0.5172934351759217
0.5231103819727607
0.8358113128455107
0.556324385859614
0.5176990070124432
0.41114903791692337
0.5556010819685169
0.5021320264069354
0.6739304507143656
0.5123189131463898
0.5821339675645216
0.4721755017285597
0.623431993934115
0.5968005332779622
0.46122573673493317
0.7430493992374189
0.5138212051493989
0.5780904121981908
0.449671937481705
0.5250949164135805
0.4695971776210026
0.6193564652305434
0.49678214582180413
0.6532319702756028
0.6958278172797541
0.5559229651391255
0.5016584722411388
0.5794657767180345
0.4891602733118586
0.5528586852727493
0.5357581992456899
0.5792121669586319
0.5441782693112159
0.4051701962666928
0.6271223069759708
0.515477349334686
0.7175364200373803
0.523805637622109
0.6125133870654657
0.4283560831823679
0.5752270020018739
0.5103848311374252
0.5542654167104126
0.49750412063058774
0.41978829561536324
0.381746734076591
0.39566200531531304
0.5019472397212511
0.4683955969236082
0.6971853480377223
0.5757630229493221
0.47116943452193055
0.5606362403378172
0.3939167606728411
0.41369683848646965
0.7621692200591895
0.6572542338685547
0.5035230119600441
0.42539091390943545
0.42967185059854834
0.5592205528930374
0.7502410416570867
0.46861554545616213
0.6231153264442508
0.5599136892264245
0.6867087187038085
0.5613705287337604
0.6606585687615234
0.5631862295993918
0.4852539043081394
0.5195949666061667
0.525964596616566
0.7038641952505554
0.5337409797389263
0.37733090172236317
0.5711647204864975
0.4118021657281159
0.4951801093610516
0.5866050647338396
0.5708665922764
0.6067876573760728
0.32846583770583393
0.7792243115794271
0.5863263596347349
0.5856319363098488
0.5677936264385831
0.5748774398552351
0.5656129265799299
0.5800060593628844
0.7948439054933392
0.439672798816081
0.5748703127914072
0.4902948564572996
0.6828377255995468
0.5016329508113307
0.6512267827583093
0.47114500208657384
0.39589154438709706
0.4586784001453966
0.5124021629507962
0.6988373357172563
0.5403323625764811
0.7031750151761119
0.51806508344221
0.6034441346896313
0.6740967771987172
0.583363794614855
0.6287203443684438
0.46040606404074924
0.6088204200681686
0.6510189738700031
0.451253292115315
0.8080091145893445
0.45671808119540663
0.45730345185078847
0.4389243849643374
0.5409691640492169
0.6666795821674062
0.4182393208273676
0.4584620317924055
0.6036452514353391
0.4770329300662097
0.7753810855407949
0.5465806346857954
0.44585404057344746
0.6167685333174164
0.6267788205014238
0.4775996472915228
0.542290498796195
0.629469942407787
0.683732602438891
0.4286400356210043
0.3592517045121941
0.6799998014183551
0.600116841796357
0.71712182737202
0.6417796715841757
0.5801042164362147
0.4367132052763021
0.5674296873477902
0.5506266893251904
0.33014329676958043
0.579089314650554
0.7225143025870815
0.6644918485322557
0.6103771738728063
0.656221540343313
0.6592073855953381
0.46940721998598006
0.4693304142288377
0.4740328885694173
0.6709335811205583
0.481389992162786
0.5741265487640201
0.44498606034841537
0.5771487231633955
0.4418955917538856
0.4694749231827016
0.6808550787122278
0.4901680230146511
0.4276406266981156
0.7513126264271575
0.5334736149571448
0.5500356596482807
0.6928873533913675
0.39165702889770415
0.7024142926645307
0.4113661816409281
0.5126921611982905
0.3611050804674776
0.4787357526626417
0.584313362889799
0.4701458459927477
0.6075213424962348
0.7651908865226715
0.5052436846069039
0.40986495668992806
0.6627085368535178
0.4480324682575725
0.6727808793968185
0.4472304780203461
0.6828160203876377
0.45951236497248593
0.4960636446400315
0.5285086021943954
0.5621908461155675
0.4276852818713043
0.49586849568233193
0.48055185698964104
0.49825793385473083
0.7492697210419468
0.6399297504864261
0.4899197109951841
0.5475720332671231
0.5579752971672541
0.45390372172688453
0.6987515897057799
0.695986459188658
0.6344277476539416
0.5656368529945713
0.5909933696348666
0.5415802506294058
0.5336643091198542
0.6236312438089611
0.41154257081430856
0.6346781820935143
0.4311734275064027
0.47199076429271075
0.7326111703382311
0.6789822609132881
0.5269805835682251
0.6449263447313313
0.500337069091619
0.6056042392283957
0.4173372998763001
0.5038438447566904
0.6586758917817748
0.5316541485341134
0.3347677206530625
0.49074815860019794
0.45734400915246226
0.4262987826522463
0.55806274564331
0.4648901798477676
0.6177764401038905
0.5077932955313261
0.4798603657133298
0.5273326140258131
0.6023953383823459
0.5461982109256863
0.5453290932374504
0.6853511864272472
0.6709500758416327
0.6084047072555696
0.7969132890894085
0.5512716059134595
0.4888754165868701
0.47476639666691023
0.5595363395051388
0.35442617399770593
0.4578360530379009
0.6861481898326677
0.4723400979759812
0.4228434067700867
0.42069741542219435
0.6052248624479134
0.6171930089113092
0.44812063058426815
0.658090695650062
0.5520829267192641
0.39453007432260834
0.567536396625202
0.47959842345031034
0.5211817788308816
0.5117219993068731
0.37715727903275487
0.6512207140712862
0.5097747982337927
0.4166484702157197
0.5265613383953858
0.39823587326887144
0.4428172191230389
0.4203435260113435
0.3675247652506191
0.449552408371808
0.5767059091889362
0.6401869935095316
0.4654872973729269
0.6021758830257672
0.4335946345986418
0.4780254111293655
0.4472617818246132
0.6906435237747867
0.4871016357697092
0.6762067722576426
0.47064727214848845
0.49064746869306275
0.5417515729663082
0.6100039637325384
0.4430385501752936
0.49501821079132285
0.4122443577031941
0.7358523188965302
0.4274529423329306
0.6109114122442557
0.5402368113840641
0.46479321951278896
0.43022090657181666
0.5601406737964499
0.8414636598577998
0.8467378533211314
0.5713824353800838
0.6509956371522231
0.5331123164565446
0.6174957397057192
0.527933143242124
0.5516011316674978
0.5636768509304637
0.39825373165200084
0.6924906666456495
0.42419900885090855
0.6453536731030363
0.6527272608553442
0.532961736084671
0.705842972699198
0.5527960684218566
0.41797049069042935
0.4425219753214877
0.29903954749380884
0.5759477868737743
0.6276438867244043
0.5137625639069503
0.49555598915313814
0.49908558700223343
0.5131259288370597
0.5473787909534131
0.5662465274895351
0.49844246055942076
0.48599337345627797
0.465810567351295
0.6221040678303028
0.5202832235579272
0.6189268603653677
0.6101687801163592
0.5145771345801406
0.6680618551505928
0.5369192480480591
0.6042500667660865
0.5710376011249766
0.638563977547598
0.6732913748922136
0.6503778386162911
0.42155675429499573
0.5393215919336161
0.43284176793669016
0.6642186384505945
0.6378449633130523
0.6738869874196907
0.5903223952515607
0.5352771178542858
0.5031127237711212
0.6616645145834582
0.5322913262161687
0.5646905389732981
0.5616809290360639
0.579760876089435
0.6951258702326042
0.518206555975728
0.5870304428573382
0.5156964351347499
0.4798511456940582
0.5404822207847759
0.6923791931373027
0.6935161034774527
0.5123636655870416
0.6469141176161127
0.43805867452541947
0.5343690124255104
0.5554763131006839
0.6306233108583996
0.5077124412337696
0.6475093208068791
0.4662504561641742
0.6381325236181785
0.543837174466573
0.5246015549837935
0.467025717985487
0.44336680588486704
0.8435319885517705
0.38482000199775646
0.3126531497305052
0.48729387631245746
0.38340950684467756
0.5697333631138988
0.4527107942939049
0.46973425058764706
0.5429087759799642
0.6534760499300153
0.6862778909510077
0.37276308805464575
0.40762430434338237
0.4831303031041198
0.5297524644622931
0.6015907515855625
0.7155314823425348
0.49794674516253135
0.5393112954533127
0.5668223157481678
0.43855270565672366
0.5163412980627428
0.49211118564465606
0.6330313981898162
0.5116553131696895
0.7131302630774977
0.5841022319873062
0.5755020524381251
0.5200409611889067
0.6130242280530126
0.49585677120065064
0.7193764178032791
0.4158115870645517
0.5782170912051156
0.338690802909158
0.4022432432605966
0.6517292411661006
0.5094516641739284
0.6141451295307668
0.4757521055122076
0.5151184082905965
0.5078748040873902
0.3390959348820224
0.6853250976388917
0.5630365546205348
0.42349256854723094
0.5230387824964398
0.47619532603136117
0.822524296198957
0.5719243447581932
0.4745563165576264
0.49424679119968473
0.633619911519298
0.48582685166167683
0.5985869991169874
0.46894882539157107
0.49455214865254804
0.6033154883250693
0.5741351492230875
0.6377224393458665
0.5792439713985857
0.6060848664804701
0.5740439872948935
0.5366300979103668
0.6899215322187864
0.6688324286543393
0.709116109975424
0.5608220989372087
0.6169592749094303
0.6496288760631013
0.5244119110921746
0.5734754738938745
0.6328220451590014
0.5209775353961258
0.4827961335184838
0.4858480790211506
0.5077710384433367
0.45873868371289644
0.5618467252781663
0.7043338758482166
0.482002325578047
0.5329351131417412
0.6904493212799455
0.6320982571411509
0.5530593181970326
0.5221727362237654
0.8595870589443562
0.6587365505222138
0.5982355502087421
0.569564791465208
0.49961334481368885
0.5880231325181791
0.36867654061019695
0.4554947820457478
0.6241599593182248
0.6065901255905802
0.610983054598005
0.6449017704186444
0.5225340826777782
0.6967109095573897
0.6089352988434605
0.5379365643291089
0.612109101055424
0.5953288175917314
0.5051220192323855
0.6021165702140795
0.6552108333584645
0.590278153798745
0.5645531882331764
0.5909733774394731
0.5457473208819883
0.4915461287668942
0.494515507532158
0.5617897436632187
0.495439040638838
0.6064720481758261
0.641530387945678
0.598870546054954
0.5003102866799521
0.36631782351546066
0.4805265262077796
0.6857566050507728
0.3777177885298265
0.4679115589373921
0.6327726217165341
0.5580786306535074
0.5847166768515855
0.5684524131181009
0.4317180118203123
0.6546375602984448
0.5322964010680289
0.46218625590931045
0.5002463711404425
0.487422737681085
0.5487876325095773
0.46737264356285013
0.629623921686661
0.6487821264934062
0.6448325470789276
0.47315727746230435
0.6412933765152907
0.4616957077876943
0.5206787571052741
0.6076835035453539
0.5176877427336054
0.642224781267442
0.5799826851037274
0.6293843030996132
0.6226000659638031
0.5464060321458847
0.6275442382725163
0.46706061943288907
0.5871960690577289
0.7047540929680138
0.5774097150107318
0.5671321389863089
0.566916425231695
0.5512982146720977
0.5572460444879941
0.5457314043563307
0.5795975204349167
0.48295334586548566
0.5454360447699765
0.6847146778107085
0.5299168026090073
0.4823103705041575
0.4969624590661733
0.501067426206312
0.5060765958914496
0.31128134709197036
0.5230498638421912
0.5418510921256287
0.5208329880477924
0.4910501824200854
0.4753564521178837
0.5499922039496401
0.5858119293542409
0.5094716886665773
0.5721521107966344
0.4198252936853849
0.5683075109101123
0.4110446295569937
0.589621577146653
0.558888084287332
0.5474018247845521
0.5031211566549134
0.8322868568529884
0.6197587507976625
0.6061113794230968
0.5462941045530629
0.3310880570557872
0.6514482049261427
0.34200359302897754
0.44126377544567646
0.5803577801170646
0.617059499905462
0.5255360111449305
0.5737523929694471
0.580159653999026
0.47680529892801043
0.6029376728867406
0.5468432700170279
0.4214651935978847
0.5891731173878918
0.5857588192500283
0.7166833236075087
0.5627638825564872
0.513064879188402
0.580612361178357
0.7259859029873108
0.6747205080089549
0.36851195230206174
0.47414547130716816
0.4431944297127526
0.47995670251867284
0.5601513346254774
0.3168881196558119
0.4486107228325954
0.5799928271997311
0.519485997812931
0.5726978364311637
0.5833330434823871
0.6211218048692341
0.4636736661289395
0.46842898214689094
0.6519936626461265
0.6049589349679116
0.3519077023577483
0.5896758967333955
0.5964010724179922
0.6459061618627168
0.5584019141312064
0.5582058638546071
0.37171758452791537
0.5258545672155726
0.4916218777425365
0.4617245456146617
0.6050375781442344
0.5772814746635907
0.5399534242408082
0.45209814992384945
0.6075239726825826
0.5786624775386735
0.5185132311695487
0.3658482074299392
0.5378607781247959
0.6747601292702272
0.4835213014708767
0.5294008044718445
0.395807949540237
0.44380648899225306
0.7219086193712041
0.6338525549341266
0.48627804887054404
0.49156055630665924
0.6909211144135461
0.5476857558398379
0.5903469022398322
0.5835069863421258
0.7523620678283248
0.5667609676893145
0.36935120207174194
0.4760667830620565
0.612110031773782
0.6958431172571565
0.5906805967006885
0.4541150337409432
0.4852411316188858
0.5982940319381578
0.6712658249224759
0.47362266146801746
0.6596237439294929
0.6796712453211705
0.8222515350440582
0.5100076837388288
0.5336279967245091
0.6669635995606767
0.5210722925559604
0.5948503418064307
0.6425627328167021
0.7276573929929173
0.7134027838730058
0.4789158163285162
0.5142011344838855
0.5191030613213432
0.42341516765966514
0.6312180946676573
0.5148216085668665
0.47521397853143343
0.4824241673903218
0.4644591077258117
0.502681983975161
0.6705492951354619
0.5985451207107496
0.6205491099356422
0.7720249540702951
0.4359341362595003
0.46980406433924127
0.6873083550147938
0.46098632436669895
0.5500192851465123
0.5736296715655093
0.6244863262499911
0.5697681132008902
0.49005738856816733
0.4867040182160468
0.5613208590235337
0.4405441296502301
0.6221651815005762
0.5580174830835878
0.5251666210761418
0.5646177975107636
0.41973973949161425
0.5406616938897664
0.4838526679627214
0.4181062781462287
0.3914121887980312
0.5987091486964895
0.4588367804048115
0.6128105682174645
0.531148761037018
0.4149452546104475
0.5920800194709788
0.7583590725138993
0.6752476795756166
0.5209088182478006
0.6297787985409624
0.5814067082570685
0.6466824623526217
0.45360616032903445
0.38590470172226143
0.42260137913430385
0.5802266048537065
0.5628816920631909
0.5410500390705859
0.6365248313975806
0.4323472163607442
0.6181246995168136
0.5051108356335865
0.4689055916170101
0.5946978077180655
0.5141320778593719
0.46715910083433354
0.42123007912477994
0.5240124864492379
0.3938754930504026
0.5755544460712672
0.41104698414012364
0.5569797960610918
0.4308562005862813
0.6579709245774918
0.6284073681266148
0.556242090109212
0.5725278890531529
0.52127890412667
0.47940060127594314
0.5333582805544317
0.5949061458431448
0.5245833302187277
0.5673530746320027
0.5673009077514631
0.6275844497886682
0.6597797259678377
0.7315380484401154
0.626977463291047
0.6021869033316988
0.6287266072022537
0.4779625136118451
0.6183658016925498
0.5971871949504735
0.3878683081743834
0.5691648898752149
0.7898609095864126
0.6090849575961053
0.48772334098462033
0.6877218246900839
0.5314868349988268
0.44731256186039237
0.5166763647915316
0.5643665492752176
0.46618158599852527
0.4739474030398197
0.5371795103130305
0.7020596888878665
0.6797951588985129
0.48255686084406896
0.5098605716177844
0.6407440665612995
0.642499403901654
0.5363519872542293
0.7524681288120814
0.5668988146732329
0.702071637324047
0.633322256504217
0.5919054484232746
0.6365072919182893
0.5649920109445823
0.46086704944156637
0.521326769944368
0.7206873108947909
0.19741404310370214
0.598488263057622
0.6609458110057542
0.5652389780693017
0.7381144760092824
0.6379572222297313
0.34102114273172357
0.41512652037416864
0.4246850577855513
0.6137988060360038
0.8574283568019944
0.4660457787448965
0.44258502380539094
0.5543044133558598
0.5694399344360027
0.2926434342866189
0.5112848753698018
0.5089077258330844
0.40020436932264103
0.6235380254981676
0.5090120919566599
0.40401279975005
0.6784313253336253
0.5726200140602775
0.4630658410163799
0.4206733074771736
0.4540423700476456
0.5848291984458036
0.5501934776372744
0.43277287724362595
0.6816851641413757
0.4588937865567219
0.6547206516458016
0.6307400304544234
0.6280724709714647
0.5226703821634223
0.426861529030481
0.6649002526868866
0.4536455751157898
0.4946426035593951
0.6521650099184763
0.5967025498986669
0.5801043381602162
0.7490972913715588
0.6756153402120292
0.5472432799226051
0.6378992338176984
0.769593159759367
0.639091237253267
0.6918996927487332
0.508518173523727
0.453117487366032
0.488741888087748
0.6068966131150481
0.5021866024352506
0.4775634432515633
0.45647283784475057
0.6139720505575142
0.4588087877929811
0.4152296226894916
0.6804770082605445
0.7093918260083566
0.6698621068834086
0.4795649944425896
0.559534465640382
0.5268471598606014
0.43573500788992064
0.26513486151892734
0.5670408895163644
0.692306883119461
0.6964608866571593
0.74132885379165
0.565806545226071
0.38419239553051765
0.5344484108646579
0.5183360089329115
0.5264609503929893
0.60775653911141
0.5621690199805999
0.5479151777709564
0.547378091260691
0.8286484572117123
0.418611455259848
0.6396640761717667
0.7218483937740053
0.5686566663666532
0.6258900841089998
0.7825628669630539
0.4544911235697151
0.5515199340793272
0.5473184957211914
0.5530262181493616
0.6513420961856565
0.48527375431721165
0.6589781923575813
0.7330405495928597
0.5858655896955275
0.42676559812672926
0.5125939345421061
0.8857634699136394
0.5599950789823294
0.6501901295811421
0.6119080512415322
0.6045962894845013
0.5651212843439466
0.5868049792702281
0.5893875089204961
0.5989311305172632
0.4430944472951343
0.5458387213468673
0.5620687196255402
0.5905929243764345
0.5813493158214587
0.5376809406089107
0.6604774498649492
0.6544095768317442
0.5357111184200607
0.48342324629640143
0.5745835509423105
0.45048696209805905
0.5585366192499411
0.7044320561869374
0.6902421312954558
0.5322209542614332
0.4892988212292557
0.5893479287065851
0.6068441483137985
0.6700089304526416
0.5901274775944978
0.4717890799128791
0.8330947230814828
0.5717936409769593
0.5835457590604921
0.4431023391697962
0.5405985079297194
0.45596701391380845
0.3156511409590478
0.6485257839887946
0.41886554111098284
0.5765027401640084
0.7690253144578435
0.7132880822182862
0.4381575533683
0.8086264191841777
0.5904135330440053
0.5114987651628518
0.7567246208129811
0.5178200620503015
0.7008148041179901
0.5971616137998413
0.649222302297338
0.5760572929845689
0.4259148726643412
0.3906313445458844
0.45494129072368633
0.5209561215128958
0.5862596782994455
0.6068313096123543
0.6378550986975253
0.6549178536979753
0.4112127061439913
0.8126352369589815
0.6354168341194588
0.49700248325417573
0.47486934173974704
0.6527036357850218
0.611942498021441
0.4223419801923174
0.6665312627873836
0.5450458343284869
0.5544158001480187
0.6435950941734365
0.529382568539455
0.48161855353145083
0.6438864165785003
0.5354354570512625
0.4836004515904555
0.7519364334151422
0.6717379016176129
0.6327397709641938
0.6293227317828655
0.5661708257106864
0.6959635943725
0.6212118230354191
0.7618275529174995
0.43998750558976973
0.4162474598760203
0.4571308802507753
0.5564873249867064
0.497891632741372
0.4379727459770004
0.41863447454588354
0.49243920997356017
0.6852120331377201
0.36884268175437684
0.6955403709154229
0.4940528697829416
0.7343956791802693
0.781018581099635
0.5633338254197514
0.5833962011083341
0.6090662742240223
0.4640603534779404
0.4747806928406354
0.636084927554449
0.51916974083056
0.565752344481889
0.37941857791637
0.5990517172866612
0.5288265119641693
0.3185600503103867
0.5258072115818594
0.34497966870346086
0.5419196537252502
0.5075458964330362
0.6340741208995536
0.5922960702872607
0.511270302088815
0.5918402204047961
0.5821607157079923
0.6698277680154818
0.6495060587536977
0.47242553289748607
0.525938132617475
0.5357715382084539
0.5013554584399749
0.4999318810307807
0.758301068701949
0.4353126050815557
0.5462135460395106
0.39484744641300706
0.57826761012237
0.7003308104643541
0.6495651783810719
0.5216080428534751
0.7990295436299136
0.5164333373721205
0.40245849653045423
0.697691602680306
0.6745367185715428
0.46201715282728484
0.6115046446845326
0.551739371822706
0.5514923347762204
0.652138500455463
0.664175397650219
0.7634424862950431
0.5082621772364445
0.5166589033672856
0.6382215021826394
0.5979701672141591
0.34862106314323577
0.4190338149240494
0.5745529279478806
0.712934923517738
0.7289662704036326
0.6665521915297745
0.7248166129568809
0.7122797893750208
0.4245594291200493
0.6859745145289701
0.6022277528873482
0.5812014272825748
0.559355170922007
0.5139420223703621
0.768581977331477
0.5366889451450878
0.6639794206416804
0.34401243901083534
0.5447049963156548
0.48559734506816443
0.534504121832304
0.7909244875398737
0.7101786069458551
0.7270967719184024
0.5375127009212771
0.41694147098548573
0.7199464528834802
0.42487392212653374
0.5800170339442875
0.6492992648116285
0.7207623780895023
0.6009777448231127
0.47346547454279764
0.6186935461413599
0.7291579934984928
0.5539726489030761
0.5847955452465317
0.5260397918558823
0.5204891771878721
0.4907823769481982
0.4705872563647688
0.5771590984254471
0.512346025803023
0.39302902985052024
0.5968120904598142
0.4022927706973121
0.5736257399701734
0.399430024591397
0.4433215601752446
0.26017337491412224
0.5794128332257129
0.5674758424432874
0.5452738229073463
0.42884861113204836
0.6939225408033879
0.5709891548109801
0.48650877477025567
0.41020386083998694
0.5503181890823183
0.7536909697616542
0.5497889408476984
0.38368360428553905
0.5853329307726186
0.4658609761990316
0.5759034829777931
0.5384114194393138
0.6475571619389703
0.5686803492715283
0.6747049901128181
0.4089421124508743
0.5782805844400618
0.5741418994266027
0.4064302571590226
0.6725446524435923
0.6597937916803922
0.3799509062197473
0.5982579443394525
0.5430236827612739
0.4066010556831447
0.597476916029137
0.4715185510486859
0.5923332775578029
0.558307814464326
0.35814700421839896
0.483813277543218
0.5873113799027329
0.5993412710860592
0.60459248206317
0.3703734753759048
0.6123280130313193
0.6216378752379408
0.6991147855867957
0.4940152318996992
0.4791312800583788
0.6441973300376669
0.631287501150132
0.5100999769762106
0.6177534005237939
0.5186319421122341
0.6552035289825018
0.6335203592003178
0.7342454410819371
0.7024664608372477
0.4209786094932736
0.3316881055866997
0.5331937425112038
0.48513880244471996
0.4588465223894826
0.40722535532782184
0.42103620524302476
0.5317488658479648
0.4537094273259001
0.639141410212109
0.663053240130139
0.5833675204115961
0.5746797377967195
0.5157515226115916
0.4509510232541019
0.5502697969445689
0.6323630301269073
0.5767017228155451
0.5982988724099071
0.5690411393144024
0.4718975358006692
0.6036148782726682
0.45580413886806403
0.6514635174284193
0.5641944072447633
0.5972347008927053
0.5015603566394653
0.5490690340399649
0.3990136914466873
0.6541311005450571
0.6212887542938137
0.524473574475073
0.4926067424053426
0.6183597154828891
0.4448830082649957
0.5466871492954125
0.4604099921196633
0.5844811397196851
0.5181856861271739
0.6334692734133138
0.6024959182787896
0.6091348006070885
0.49341660906415363
0.5090794223087383
0.26795410956360793
0.5395703621291564
0.6152213016614008
0.5329142563945103
0.5427753322108767
0.3864093993018134
0.5080722671851109
0.5172989197198666
0.6193772001102963
0.5392500873422158
0.4620150012483463
0.49694337576793757
0.8406805979489701
0.6176251132865617
0.45416022594502525
0.6273965737580863
0.45247430033246816
0.6836682201347828
0.41531775693056733
0.42454990247241814
0.5150946093774996
0.6015019616701838
0.4462456310930276
0.5851704900773399
0.5783607185901877
0.26520449100679166
0.567285511198766
0.5559646217943593
0.7542305271546563
0.5412142299813761
0.5335170132062615
0.6114292925928007
0.3226730423822161
0.5543420093506692
0.6828713774531221
0.5143065922618711
0.5769376182810209
0.6394510564284492
0.6320894064246715
0.37088199333603733
0.7442560814385437
0.54610048361632
0.5469792014526814
0.619587423525905
0.5551102510295952
0.5454993997224535
0.5680301096880166
0.5639615881900597
0.6122849873651749
0.5502434264070959
0.4236048895428881
0.6301315383774427
0.5670024637026858
0.522299374228666
0.5152707509945175
0.38437887802574255
0.5588990991428995
0.44309975848560823
0.434919170213403
0.5432789095635138
0.6276439729894125
0.4597101159700558
0.4299649901080471
0.5076915579129379
0.5210971831978432
0.5513564265120219
0.48270805582154286
0.6281567719404195
0.46356535785532504
0.5448829752302247
0.5915378624634272
0.42832345820132445
0.5336597484956414
0.40405342627235286
0.49650161865381076
0.2290052949801928
0.36979928421283553
0.640862205161964
0.6916957289096851
0.7574460783332548
0.4603398541590033
0.700509163205013
0.6071963919401038
0.5131617872262485
0.4802240206723876
0.5003271897028705
0.40322180766830384
0.5913090879058942
0.41541559874970746
0.6451089562938527
0.5723572953489701
0.6824411342569008
0.37856849071894294
0.431978665079835
0.664484778303527
0.45997506917479625
0.4608366906800672
0.3664937378077001
0.5956486260220275
0.4285510781406904
0.6355628472556935
0.34529416728306883
0.5056810390835268
0.689385590775454
0.6063330748384009
0.6379351640267643
0.5274707734485279
0.6070945487190754
0.5517177109122041
0.5725225702844652
0.48268981173547837
0.5901465859801509
0.6643493259367318
0.5863580139147956
0.485324932903755
0.5327043403306077
0.4427090716927026
0.5670696049450641
0.6054588655557928
0.6846749795119235
0.7617896090095924
0.5917395104864789
0.5372204458490744
0.5231876363604844
0.6648090342180837
0.38881035146911463
0.6355303067452454
0.6636870174339792
0.6008624618636709
0.5543546098902505
0.49598022719163615
0.530119632131198
0.5322819410541747
0.6292228952257325
0.6967700279399412
0.6747200269245468
0.480563280710542
0.6454831607490964
0.7726609587139172
0.5249656029615819
0.7665015719891305
0.51676419975886
0.5589266952264071
0.4986686136097904
0.65931929855141
0.4737497817186366
0.7242263249009255
0.5870624973835026
0.5307082618962928
0.6475519434696487
0.38104092630484715
0.5929223343501022
0.4966206031336799
0.48858863460927204
0.5542718195310744
0.4609611113060223
0.6500002547287478
0.49429637196791004
0.5358530975301092
0.4384979231772494
0.6023520480281765
0.4624974107347247
0.5241244281111594
0.5117917345656307
0.5424424741153213
0.5048207725161574
0.49191389884366643
0.6942891334844624
0.4705295952103134
0.6555644101967337
0.5158273454211075
0.7018137011695149
0.7147333914491077
0.163393301516161
0.5849910162896268
0.49393398872934285
0.5552975039875843
0.6375754665752719
0.6332816445390783
0.6454142928098492
0.5557116909918132
0.5645446909511184
0.596447849708922
0.40828786480566737
0.44468827876086287
0.4660276494220974
0.48510930334590735
0.509411354414954
0.5057670030416588
0.6222909180248338
0.5495511866293282
0.4731495515432441
0.5931404848632165
0.6849089353242082
0.37219556482811456
0.49957895518937045
0.4218555351051151
0.8022029772369577
0.5139164855285931
0.513377408567017
0.6204328353879661
0.5739956699231675
0.38177142344473514
0.6178568468070869
0.37648937455824294
0.5033520479369484
0.4106843524580687
0.5139633454862935
0.6670566784418078
0.436838990720494
0.4716470518173413
0.5766964604230521
0.6959540596088627
0.6149719816642273
0.3978743276609117
0.5276501808526671
0.5911287013880822
0.5606296602225834
0.4220145246705245
0.3814280432110637
0.49984205847297586
0.585572140159457
0.6087767530047965
0.5037390718143889
0.6031799180860179
0.6558474218072802
0.5454972063034775
0.4209102757174322
0.5571185788833344
0.7036219618922831
0.6181641631483699
0.6574612920088679
0.45460841699010296
0.4056010559232692
0.592976759041945
0.4964321745100119
0.5339620250836833
0.5133369567078669
0.3530111632413715
0.4140979236915957
0.5889799214103002
0.5028432196327457
0.5805632204374063
0.5316334051082211
0.6265531364952566
0.5499734576363207
0.48444180636395223
0.5390679693430142
0.7329276125602568
0.6298027943680177
0.401430973456427
0.46155670688370526
0.5593666438727511
0.5394876074064384
0.5752805183345105
0.6473581044622843
0.4915319361253131
0.6140566734635926
0.37438787686384956
0.497478671064534
0.5434214017530307
0.5367531609895515
0.5930492196768345
0.7139919929000919
0.5689347554551953
0.5094752998925165
0.5553172794467334
0.4220843597029844
0.5216334977768948
0.3589390483905086
0.42789722919566464
0.6354305803356453
0.4988944884717571
0.4280571075115088
0.6466867144338727
0.6478917912301954
0.5987893232962805
0.3902346872447221
0.6039002666271911
0.48073095553271933
0.4332045706544584
0.5375473305124048
0.7060800109414073
0.5554346649644786
0.7691366189453854
0.5481595264237484
0.5339222583197182
0.5741287010872225
0.5165269597861014
0.4919586381313847
0.7250659632469477
0.6212406122474595
0.5082728349873076
0.4850185528568369
0.4845078348155827
0.5347853674218246
0.539005544907646
0.7302950906441804
0.6370113013464203
0.6984160452079005
0.5118420183150897
0.5745365881588056
0.5301665299660638
0.6375149882306723
0.5347469362660959
0.6329641674260502
0.4210616402348394
0.5012673950076998
0.6660102466212856
0.7335508072785706
0.5129638536256256
0.4450536337353541
0.45900104957670107
0.5079920147881818
0.4312123058728866
0.32721953229293715
0.7321685088391563
0.6268941100716783
0.5850664966972177
0.37123866872647177
0.578663460673519
0.4141510123773072
0.590628233002167
0.47547254489686336
0.6095898853637549
0.5681088356336546
0.6335560062087028
0.6456254353785836
0.5042215891618835
0.5336108744079964
0.5077491055451697
0.554652179977934
0.6296294801288271
0.6438901852771259
0.6128320244549923
0.5615143784759075
0.6755470112079646
0.4823248460485797
0.7296545288158536
0.4047221329055043
0.5226563729595941
0.46243007272839387
0.49036790941587094
0.5050321258758644
0.4471241732772491
0.5324687398040434
0.42759339498894905
0.516931422803206
0.4756974714549522
0.5744191871658793
0.2956639036291258
0.5804734752505919
0.7362670309005032
0.6214494253863105
0.48929021423976626
0.4479607000758732
0.6091321045300635
0.4957734599812409
0.39358896805542176
0.5998018249448902
0.31258469150583934
0.6154019623904916
0.5844664454388337
0.4467368470716879
0.35788157184157166
0.59185636248882
0.3669822486285713
0.5939889509944738
0.6099346471678778
0.581440366339265
0.6089087234626241
0.4663712644005982
0.4843236992833352
0.6195628941616644
0.5081916189193778
0.5204807498414343
0.45756973155998765
0.5032480015230276
0.6196526190925091
0.5681899313011968
0.45209572648397267
0.64191988299951
0.5837562420411014
0.6706225399292186
0.4674933403086365
0.6561523586556625
0.5388644532590658
0.5834800360274817
0.5662289831164613
0.5115613142162254
0.48710216677991724
0.5905244723245515
0.6510103238135646
0.5121735690514537
0.6457315411552822
0.48403935664689546
0.5533375661411271
0.6415400458789511
0.5211104797628325
0.4666273869561843
0.4986208042984993
0.4712414117836541
0.3886757050961987
0.6059209914900104
0.5125664426788865
0.527362372281966
0.47025691840571004
0.6469421745777824
0.5808272902109518
0.5650161934801573
0.6342813013951258
0.571030924152699
0.3947590820457595
0.34863834849059017
0.5062145544415221
0.6138597449054299
0.4195982257756744
0.42196372001922394
0.6832073276150096
0.6002919011564382
0.5692552034201483
0.7048714537856305
0.5024880418368465
0.39184505379779233
0.562522068789377
0.49853142752483026
0.6729659067976037
0.5241786434179688
0.5190417713486384
0.5620286692309971
0.5776953618984072
0.5019152729813341
0.5399213485442816
0.6109918207138132
0.5591274533147811
0.37765248115050953
0.531544746367777
0.5026223053556594
0.6687143965208776
0.6649713681253858
0.699062317957742
0.4977018399511213
0.6084920679266066
0.6345053555439584
0.6425121241301679
0.5024392776853097
0.724216986860459
0.501699035522287
0.5113231190041864
0.45488855581860965
0.5437111342746949
0.5754780008625326
0.5850384579032467
0.5324317678735735
0.5549069763243472
0.5935793038962768
0.5192811383764551
0.5091255267575212
0.5412424147459554
0.4366244583852199
0.4764401864730002
0.5426941027562179
0.6644154334381472
0.7325448351445928
0.529787444410759
0.6746916588866315
0.6161443083054907
0.4409362454929452
0.6398446053397402
0.5619721331892569
0.6216230750554274
0.6917573834966961
0.5374385153380827
0.5250301233306017
0.739645265681941
0.395108291718973
0.6444334946452681
0.5864944622953857
0.5821401526721789
0.5728568527843063
0.5538690714085779
0.5877791468828416
0.42093272435820017
0.6653555226329109
0.6299448730340114
0.5585505322270553
0.6027366617181389
0.6600442103785609
0.6238645408453872
0.6797552810921691
0.614642037361547
0.5038287835766461
0.4894921003980391
0.5359230065268686
0.5436201200816028
0.6082257250357548
0.5763237799499444
0.7381059560837171
0.590807679789508
0.6111570659251288
0.30595095428752495
0.43548633725100816
0.5861085267888635
0.3349343958435361
0.5615489858262869
0.6281834007482784
0.5668986623018628
0.4367294815134682
0.5487409245581035
0.6637543092008782
0.5326465434551393
0.49341801890867615
0.662777025624498
0.666438228556272
0.4855307047691403
0.5456973168981152
0.5710462945127637
0.5254391506680187
0.3794722931111618
0.5692512404232828
0.5380685153850485
0.549015897679015
0.5359623496304483
0.5969463389435133
0.4887152402054955
0.35922000266015164
0.6270443593773594
0.7502742895596441
0.7063840732635214
0.4330346679978404
0.5817881607514628
0.589770285556168
0.5780237335803671
0.4577495248933743
0.31065777467937394
0.48867553076079917
0.5384409073608337
0.6655535667411187
0.49714473692641115
0.47712027815878244
0.5052399326191929
0.565367954159165
0.41383634775880873
0.7244641428406401
0.599788679398964
0.6008681960737735
0.7104930391555471
0.6125686159365262
0.5123827757233488
0.5459656383923863
0.5722857677963251
0.5215491271395974
0.5711522475225601
0.4936196123724721
0.4966046822617085
0.7738705489737576
0.40419792617225064
0.5362093233138461
0.5522775057962834
0.4705905888958977
0.3733233583389897
0.6767506456572839
0.5286802123844917
0.4861027539652738
0.4121259036530365
0.5422038794612836
0.5221859629888379
0.5098250515081316
0.4032449602773403
0.4598124317620388
0.48499522704877746
0.5128604084735698
0.635645256718266
0.4516130967670882
0.5751228900412668
0.5557437205078416
0.6304156150176424
0.4119511897924151
0.6836394886151942
0.38937705086472885
0.746625366590355
0.4116102669714474
0.45652412437953455
0.5052945135060984
0.39806625257498074
0.39644275691889874
0.49710830021425706
0.4752329672257648
0.8336755471127126
0.5776874100007237
0.5055593944692953
0.5056391912852611
0.5956623639159719
0.48267336013538964
0.39116913858217417
0.6559851462375484
0.602420532878626
0.7033433604407123
0.3396324539730885
0.5966295027828409
0.45905148635203796
0.7041031567267997
0.533713609660536
0.6547129224441278
0.42977596918229866
0.550293383706956
0.8127472027198922
0.48159613495316755
0.5667171695066222
0.5307267980089156
0.6170584377669153
0.534719135514683
0.5736719934533989
0.5336193243012972
0.3919815842494822
0.6912818416266884
0.4029612425040395
0.5631428399684328
0.5766817879469449
0.6182245663314109
0.5364268903846505
0.7670051679247064
0.5806723349414284
0.5422048184196823
0.7111447456898549
0.5679489099756622
0.6249039521183721
0.47475133312557605
0.5828530380252173
0.583838616430693
0.41404577159052064
0.7045530689355471
0.6579718042978396
0.6466033974290435
0.5089886586228173
0.501019092204922
0.5688239030938207
0.5372417303339905
0.32830807974874554
0.5389485306487163
0.4628107835459217
0.6394276840722555
0.688820435936919
0.6270911699306719
0.7558648681747235
0.5356322270827117
0.5567202441015591
0.6272184009215581
0.7090027320262529
0.5045187885596844
0.4738898769551793
0.6420435950710002
0.46782523963938233
0.6592072277837715
0.40861435428929027
0.51080902567546
0.5628420058328325
0.38911481574888857
0.45523566152855566
0.5460880477214158
0.7360205568751002
0.6236527047673538
0.6556022428258815
0.5827641073693235
0.5656447525104882
0.5707749136599047
0.5811500864174268
0.7207220939646698
0.42494089041620553
0.5835789932168595
0.6208712259071382
0.5801371574869516
0.4984922155961332
0.5353130469982595
0.5666723454121866
0.5670486593961643
0.6193765579593622
0.5011956524022084
0.5923093240168932
0.4365326842230909
0.5339891794161618
0.4288199968274798
0.45785792882406695
0.48442849434777996
0.5389291006351348
0.662165890993742
0.6777257331988926
0.7142779217495533
0.48724724285561444
0.5950527945129473
0.4454908191763168
0.5742461198765638
0.6633462945574863
0.47114851065211255
0.4943610036407611
0.40518927687672224
0.4580949708931239
0.6355436660317874
0.6881648682149312
0.5608461480768558
0.4314311940520072
0.799816620509354
0.7495903641246597
0.3856320437082946
0.46096718616745075
0.6530394415527437
0.5427529192737491
0.5505466318888064
0.6011663853861647
0.5314201273840558
0.5107893106558621
0.4100117860587815
0.444055849982767
0.5169915312604295
0.4464484851334915
0.47575441008516695
0.6104100405747375
0.5784474657773552
0.5956696950164404
0.6747185272601852
0.5492126215103169
0.607352450906256
0.5203128390351843
0.5509332925973074
0.645279412111808
0.5546910843008017
0.43084977426564114
0.5113342679574322
0.6211094784197486
0.5657416470093213
0.544317156279765
0.6512274264766265
0.6093923691958899
0.4594876642005268
0.6469754412813221
0.4973267275220076
0.6627295798835805
0.6204893918389712
0.5225790187790023
0.5035062209182818
0.30954318122942415
0.5336966837326221
0.6583286418259735
0.6594986542652047
0.4646038002867463
0.5095777734059599
0.704364075803688
0.5542398281407791
0.3192766415650006
0.6645848482398616
0.6418738176890251
0.5702683042760026
0.4521755974485753
0.6197333780183006
0.52171712349383
0.5411703738817041
0.6252847757300554
0.48255840680844775
0.5780846293741779
0.6598653890043968
0.6662768070401418
0.6309294743708884
0.5513539865958883
0.49027048780211074
0.5466625035177418
0.5600908900897472
0.6680555041723899
0.4964627838126994
0.40210530694736746
0.6696316524455475
0.4077780104195709
0.5846266110763353
0.534470165987265
0.4320195600148576
0.4317526046825606
0.6947876485191915
0.5383589583202254
0.5553179455380827
0.5172934160713267
0.6261031886802595
0.665209657398049
0.5697472604960496
0.46030189493060775
0.3106001799051342
0.4755718869806137
0.7276368354278144
0.6561494317862852
0.5243506740025342
0.5906164794113643
0.7106793214682361
0.5999487104613613
0.5031717961154889
0.3770123545673789
0.47978700137966357
0.5861269014164969
0.8155485858392648
0.540289970771999
0.5272564242494463
0.5193844342264835
0.5014566671738305
0.4567479302876646
0.5517970828336664
0.7353988886329932
0.7061016630384158
0.43289594589245994
0.6070595256918527
0.4932125787422585
0.5616933413386499
0.49879892057652586
0.6435002921612886
0.6503821560516905
0.7454425166054173
0.5106454863063886
0.5967155105753306
0.572156391341666
0.5122197274395843
0.7356110947609796
0.48650539678860105
0.4239242184057337
0.5137831076610976
0.48551875442098913
0.4257586446973175
0.6159515488742946
0.5135381823360247
0.4484299635216945
0.5177217755506128
0.6470193818101523
0.5460445137707468
0.6126976995371226
0.589617438118769
0.6812360406193068
0.4655165828273417
0.614733523890089
0.721534482299345
0.523111716694499
0.6284729082739904
0.47768237554381093
0.5550104504838281
0.49697159361096205
0.44782192670254983
0.4923053812272768
0.5267712887677809
0.5341818746939481
0.6238296863817708
0.5432108015780154
0.5934019217920878
0.6090908240010698
0.5442356707298299
0.4264821376396361
0.6200196929561831
0.5233085212631539
0.692566671314895
0.43982842670267197
0.6872554681058973
0.6979902176266426
0.41106094874406357
0.4590488759463824
0.5916775091148491
0.5733209465144671
0.5340897565308175
0.5589906887426148
0.5872531818066244
0.36273197123256534
0.4990990456106528
0.552799474006385
0.6120380947754035
0.5786516307457433
0.6250176255800094
0.5450168071584656
0.837199425628016
0.49703202252504153
0.48925401373425836
0.5464066428505965
0.4323904447632608
0.3600618864373852
0.42504149385924733
0.5991141308752996
0.5213063098761322
0.4029619317958454
0.46817839616629714
0.5382924969736704
0.6807267273237119
0.6980127509584104
0.4591030803846355
0.4940029355080898
0.4929190036195314
0.5446536171004542
0.4016375518091094
0.530907941080582
0.6069514873987972
0.7002124771303952
0.5400592238776946
0.4192877687419209
0.5553156798236636
0.558235609367282
0.6453674470300235
0.6752882667792673
0.6750186493584318
0.6450420399468587
0.6430854256813652
0.5241874348797139
0.599804915626077
0.4700986534766288
0.6479792709931991
0.5733632151541973
0.779503198655013
0.5964955613362948
0.6284286975746161
0.44524831222861666
0.5640953030745336
0.6458800883292146
0.6498037032441573
0.5613425254086118
0.653828880495839
0.5802634965033793
0.5848997084572308
0.5652028197990182
0.568457807685943
0.6453347363063218
0.44952686931836844
0.620601794895509
0.5415405155457018
0.5552700554098761
0.43563326754565884
0.29376017084774597
0.5644155473546985
0.4507223929857479
0.6651551799790123
0.5061299342611303
0.6191467664729601
0.7529840876986156
0.6580809575982499
0.4702551641027325
0.6246000615889441
0.5730058694934355
0.48212044028534135
0.34667407493371516
0.5543214176080241
0.49342922832841996
0.5997380509729903
0.49732121376173605
0.46768453255780007
0.6153736368109597
0.42984970919705634
0.40507293875163003
0.4663153228838007
0.6151620630946668
0.5065594387649184
0.63396851010654
0.5876655796581253
0.6676036932718232
0.6666500520503482
0.6673351060196091
0.59850690360754
0.5289047156097408
0.4657403841875073
0.4697392380208803
0.6950526513850547
0.621180231511968
0.6709653133955539
0.5900324054550025
0.47379769552902035
0.7879179704778758
0.4895258343909073
0.6866488909472482
0.44429404848638143
0.6085613278847867
0.549337513898948
0.5412690953738939
0.46329285012791754
0.6157847025629364
0.7329478626148909
0.6306069809175777
0.4789255711972986
0.5758324160297479
0.7191396874559066
0.543989183614084
0.5901272416187047
0.41769571515724924
0.6728085912543493
0.49712142370698104
0.45123847917806326
0.5138138422523673
0.5214194987570816
0.4307403362290741
0.6193370501622563
0.6570475407027452
0.5207836371525579
0.6144419726894984
0.5614837722806197
0.605451324053399
0.4222748856596773
0.6535639043727309
0.7913453772363055
0.5671654668994804
0.48376291136233446
0.4966286978128239
0.5696741794031118
0.6049903925038277
0.5499385536207523
0.5441819372220509
0.5678431128490666
0.5391842416090522
0.6508207965971415
0.4166514232903183
0.4492743234244765
0.5334305401029282
0.6329188285617213
0.5058645132681205
0.4469881841660138
0.6912976627234013
0.6381188493577234
0.5893873525059112
0.5200579172834598
0.3744278575657378
0.5977227513216697
0.5130136101969106
0.5459136189577704
0.5397345025061081
0.4500172909175821
0.5158690762439986
0.6280286639725077
0.5891868266082677
0.6351192880352242
0.4542411380136502
0.44816161705621554
0.5934471272056201
0.5749139298269847
0.6245218429699829
0.46371809014020615
0.5596126160194875
0.5937672658097144
0.6789949362874428
0.479691938371914
0.5821448333785955
0.39395242174760586
0.6164534161169553
0.5354472586424721
0.5786002247242988
0.6052197010581379
0.5574908608209651
0.33651340855546996
0.4693928472728793
0.6371452036503926
0.5598680353631325
0.6173408299896226
0.6413306579203821
0.7410882233172862
0.6299070827735849
0.5959455755553059
0.4332687952264216
0.5014382934353296
0.6390478063239083
0.5832029053381832
0.5015280540473255
0.6023082227373369
0.7659103909211884
0.621837810715597
0.6514729889894716
0.5808840273459324
0.49174841269628133
0.6682338617315969
0.7532352108998652
0.46436844161689406
0.5540979791810496
0.5025109267206106
0.43572669113071005
0.5729084058253339
0.3994334907396433
0.6181385376915502
0.642100708978629
0.6358145328112107
0.6604347798706978
0.6357643023594736
0.6604162212893043
0.4894061888825284
0.5063535765508096
0.5609407390497233
0.5958687416828051
0.5997560778952534
0.6387777071997996
0.6455167438763522
0.45109639601421425
0.4523040664490431
0.7457629303954831
0.31710480853239664
0.684861682227962
0.3839720075889308
0.4700580530531487
0.6916757563679207
0.4985562685225677
0.6267628762746448
0.4769532618317211
0.705519410884415
0.3993564979500608
0.7355254538794599
0.3784428790340971
0.639648890882482
0.3894783269397475
0.5743061731144681
0.702489770132005
0.5125454374243982
0.6284249323912557
0.6128183049309297
0.6531779425975129
0.5740754551113364
0.4383546682658568
0.3472762803587235
0.48947650445628366
0.6526383185751403
0.694457665587679
0.486247578751713
0.5106232913854682
0.5846036775057126
0.6096704750994317
0.5818123064521177
0.5336937053890343
0.46672358360562427
0.5650429771105936
0.6905727964826869
0.6584536144351799
0.6862620840072073
0.5405807849877133
0.37242664643661055
0.592270629319096
0.591387316367805
0.5680022896074056
0.691485349771231
0.5540865223363101
0.7405765067920311
0.7711611672798873
0.669809417729883
0.5587949046502612
0.5665001654011953
0.6234785345863659
0.5104954606463773
0.6106448309946207
0.3847412158579113
0.5719489881578651
0.5143533943591563
0.5080944018689741
0.5746534710294131
0.4000704317063532
0.600413668323551
0.48149781565312083
0.6319671199719067
0.3821398133270888
0.45868386368128705
0.570783717521107
0.6709039266552759
0.5607146976702746
0.5732591841470448
0.34986627156080363
0.5352584917697762
0.3098112742945859
0.5509455041222393
0.6438543216924645
0.421072002433152
0.5241897829593559
0.5144220613539832
0.5696576083396344
0.6245606546472069
0.3933969173978017
0.5629538900914854
0.5026891110112531
0.5644824361095404
0.5906970673113681
0.5714735102826999
0.5804097339410056
0.5179769964902359
0.5586022555022722
0.5394544603478544
0.46931587382305157
0.6768150456315944
0.4782469866136179
0.686101079501681
0.6396413881057658
0.45263641870298166
0.6617684066699283
0.6037369773031359
0.5249504431055007
0.3763588581802515
0.5528388080851656
0.38112140048496
0.5395869902510322
0.4723774279337868
0.4005766273055691
0.49451158728912964
0.6584507020097613
0.5287381656251929
0.45424002161116916
0.5358439931116415
0.6820346606402171
0.7075456787340312
0.5188379629363877
0.6681150470372683
0.43429935438006867
0.44635587307637153
0.513499225622136
0.4041107528546337
0.5061588463715918
0.5911831015487076
0.834281953040161
0.6106911707655042
0.6961263153423959
0.69422773001408
0.5940078163456507
0.7489798456316908
0.49155000356454487
0.5520221565655384
0.3004737080665094
0.5457262252868974
0.5675182967763607
0.42915257556400904
0.5536428957847022
0.4636832249259602
0.6919956570912669
0.6097396981781689
0.6000481250728927
0.6041781903733446
0.49810306902633517
0.4719493118168875
0.7194881852536972
0.6960925161312788
0.48581982102263843
0.4458203182713233
0.5084510656850054
0.45813710205572655
0.4841545578107173
0.5404508015261995
0.6382309268815132
0.38403227616464053
0.46776942864381527
0.4525752030862976
0.7264449482058526
0.5634063762101367
0.503758753498709
0.5254142194513746
0.482197204903117
0.5631510874696644
0.5173130349309689
0.5338269011759129
0.5779004068503227
0.6900180696426819
0.43513008124940356
0.45875195520602824
0.5991772177651511
0.693865206255864
0.359202852548331
0.5703661335440421
0.5640345406546097
0.39934144718779374
0.6274811026266283
0.5768421924048055
0.49534700260950465
0.549548798825319
0.528753869234577
0.49541354749236555
0.5918472838041229
0.48978190376563585
0.5204513942311965
0.589372808313581
0.38864477174172385
0.5276060842946749
0.48544383330765106
0.729176661964541
0.6499152774762693
0.41088841541533105
0.609515366254401
0.4330689251447317
0.5531048902480095
0.6127847571052852
0.5794608887475672
0.5620153370910103
0.42219858094065943
0.5726225609370933
0.6370479165817087
0.4926900182694444
0.6277824388237288
0.5880823430161946
0.6441780760039463
0.4657228935458902
0.5834316163050279
0.5829493946355901
0.4704695049200789
0.6304246016888909
0.6582169071997808
0.5022748950129718
0.6557848151180499
0.7474755219330921
0.517819542697183
0.584495772629554
0.674320161886802
0.5096761203728657
0.5610272301637721
0.765388959760277
0.40172346355465915
0.6655543933403008
0.6365257776965401
0.6161011430116292
0.5911707487094389
0.37594718465961463
0.5360855289201457
0.6809530207415471
0.442045206334309
0.6520542036599245
0.5706268003879899
0.6466184984110334
0.5266765078169118
0.42255850567934616
0.4079585496241275
0.6478536225447221
0.6118350169617043
0.6212265414175768
0.6528924831096007
0.47256787185794175
0.5917578541723143
0.6525102341615906
0.632577001825989
0.45285292210665257
0.4573667629242223
0.5344086049625059
0.757626882477867
0.5218429836792178
0.5559983972855389
0.3753955468647483
0.48794301245845834
0.4063814483472037
0.46734620576035657
0.530447642052009
0.6383517619579775
0.5289339784356377
0.7182353700791209
0.6020341328462447
0.5413420697672653
0.5551493579029899
0.48227231676366156
0.58601745063192
0.6113018792788278
0.8406547441855028
0.4364825439344022
0.42340898852559816
0.6470577931615616
0.5598865552777009
0.45255361415791456
0.4080416130477622
0.526485066675533
0.6129799998093095
0.4902996740604404
0.5330498205561722
0.4233390547990058
0.5305359481325377
0.2630391234897428
0.6127379615061741
0.5655458952154452
0.48915723228373714
0.5391475618326103
0.5760808710203097
0.6504117692236129
0.5637301936964765
0.600348437279354
0.6152504170017045
0.4972435516014554
0.5337713629546041
0.5199638669181545
0.5765435705312146
0.5159341974839345
0.5154703313939927
0.5828439364102255
0.6045558121645085
0.7892889376673263
0.4204691686887544
0.417772237653582
0.5838335080899648
0.620205722560868
0.3539036087831259
0.5199713432673423
0.5616214704581297
0.49261607346436803
0.41521352927171146
0.6287188355062794
0.6814358654848351
0.5404313611990086
0.6980136365439769
0.6361613705577405
0.6406372321299578
0.6248588904198059
0.6337972462570883
0.7137840863398945
0.48083286480209286
0.6372272630276414
0.5698452161383147
0.5415272565228764
0.8156248504489513
0.6796627381080125
0.3385239434405802
0.6559950486786249
0.6278487485988041
0.42535519003617284
0.5466642370412301
0.6432369625660226
0.5439145122388841
0.48911750941555626
0.6457240516635118
0.43690843560941167
0.5367458831618969
0.5376464687415509
0.5618295000347008
0.5171213311280618
0.6085806873415952
0.46011418154167744
0.614974639866631
0.6029387471024117
0.6113537346445519
0.7623310686567386
0.5947537989715455
0.6130476930709876
0.6184129523727392
0.573225860339641
0.6951936756445247
0.39598376974954563
0.5569998387676222
0.6693613401642563
0.49204711001238566
0.4041445626558166
0.61061168319507
0.5966900714634104
0.7628156614716962
0.48988543152838254
0.6888313866022282
0.5774937791010152
0.5735085037521026
0.534368001234917
0.48924245477879225
0.4994916400810937
0.5234739070569693
0.5682600872294915
0.7049330776440809
0.4826022713366884
0.47450555920834747
0.4203405137112932
0.525489346179487
0.5272252630840116
0.44221757344757723
0.6103599909192406
0.4291067114141559
0.6918744096465687
0.5628785300651766
0.40841039060034534
0.38463625362259773
0.5031074763020078
0.54768580046432
0.3614129032643693
0.5859278141222529
0.6642165620083311
0.6852939546168061
0.43025316048954343
0.5510688900144778
0.6647806593536983
0.58454736574706
0.4189301472484154
0.5401800061010957
0.6804925469210942
0.5407270060936633
0.5885414643596935
0.7328760175359141
0.484395165674388
0.6633927297600882
0.3986925651987404
0.602538979529756
0.49874488762839736
0.44044274427199087
0.7010367117753393
0.5520461801795857
0.5766082546239009
0.6633468352816936
0.5770984881619804
0.42746287602600885
0.42283279235118276
0.5032229009096202
0.7088658429897144
0.6004720012958884
0.4893466677566537
0.5550550262758809
0.18623917426455638
0.58976614428134
0.5341382945876366
0.49262602725440474
0.5485545917482418
0.3884770668959103
0.5981132499894701
0.46951449272977985
0.5936930602057591
0.4975214137328835
0.5435816732874366
0.6516112157271705
0.5392625870216506
0.5066041439398081
0.4969021456662495
0.6703426921292429
0.6071149926033766
0.4511306555488594
0.5647686203987354
0.5546457090826705
0.6826821817945404
0.6194354086233389
0.647180633506585
0.7497782358687985
0.47231639218773014
0.46521799433141875
0.4870020679798458
0.4346616237559933
0.5317707018945502
0.45606358562983595
0.3785804161294441
0.5187312617205501
0.5461258921055051
0.5661823538203058
0.5141327186541662
0.6839569029176112
0.43811676048932346
0.5410732873270117
0.45978328341928776
0.36643950623575816
0.3473043116607073
0.512360077082713
0.4719365840964331
0.46549166399554986
0.6603069891953754
0.4901643711549796
0.7418959171353375
0.3837378872315642
0.6500469477066372
0.4349976058055371
0.563161274148284
0.5612136312414875
0.7955583547803784
0.4938215645859345
0.5423311763169388
0.5602597437389916
0.4259541039194371
0.6814871558637658
0.5441588275824885
0.6341564741359372
0.41882890868629097
0.5085047955682758
0.4895491166186329
0.40236874350924345
0.5888493915743616
0.4345157922941859
0.4294597766262018
0.5834325866513583
0.5652027295790233
0.4102313481263581
0.48565579960640265
0.5992849546178084
0.572909231489026
0.47273019702979563
0.4863231632132894
0.4457647478158225
0.7055526076649357
0.5881911527372241
0.7250576293737261
0.7059861605944281
0.4733944413756881
0.540153484640604
0.6620012019726181
0.6622868728674425
0.5529262485464624
0.6211182802814357
0.5682429961278566
0.4779845155920832
0.5636987632066368
0.666028452914176
0.526011983974625
0.5220819845382483
0.6834025537639659
0.5488532547927149
0.7716119315419472
0.526923019407488
0.7529734837768155
0.6638610690996467
0.5615119164147052
0.46732937733536795
0.5451206068302078
0.5411265616566386
0.5607362135103704
0.5616571917890315
0.5604843657542039
0.5159715634878088
0.6394297088900575
0.48895603251057596
0.6136034562610383
0.5457311577804891
0.45677625230670627
0.5107434019605928
0.768360255975017
0.6014683235208919
0.5364464292074957
0.7694138135768291
0.49071624495061505
0.363011011417016
0.5207851416014913
0.7645600153740811
0.5777284769495307
0.6532507977778267
0.6355666996467095
0.46413294960194273
0.4148854229298252
0.5455400607137241
0.5210526926510006
0.45407090400245387
0.6786495821706624
0.5028173718411881
0.5950943347371354
0.5206301406209628
0.5965195209904388
0.491468711308576
0.6057693967841777
0.48438935124668436
0.3977586666769537
0.6482830146724297
0.49056463678761386
0.6850997241418145
0.7567378865413477
0.5427529337282335
0.4563565997584866
0.6951133831629305
0.3243968478318813
0.5847671789479723
0.5745003571230042
0.5205301824924666
0.5425014252139192
0.542234161235982
0.6815715115084343
0.7032927288685622
0.48758782717576926
0.5484975426745768
0.4974720476451816
0.48070908082929015
0.5499843811162909
0.6325843400713209
0.509067333338124
0.6280404712443626
0.4380151775416724
0.4665729906019485
0.5648979361081405
0.4804190100186235
0.6023941761680085
0.5555217838911616
0.521403013339087
0.5252571251528189
0.5726975666261735
0.512568454395415
0.3696605411588101
0.4661142381199209
0.5306644063949226
0.5686927344833267
0.5807691567866877
0.5978068047780352
0.6942797041203237
0.4981116622778346
0.6051893812811727
0.48726064072497755
0.5977525250958609
0.6114494720551416
0.5481033059382849
0.5748866737729811
0.6509249607144657
0.4056796829193436
0.3044136157355914
0.29093385073833583
0.27130270297459785
0.7220777540990804
0.5073819658176949
0.5725948801118677
0.511870253540935
0.47545218128793276
0.43834967563720173
0.38472864616267977
0.5971256543555254
0.6836596977711593
0.5977237039971037
0.7026749512661578
0.8192268061846882
0.696678352555862
0.5494545260042321
0.5769330374933025
0.5110732642337391
0.5680770412255053
0.5770103709258927
0.5014243007538567
0.4721911992015754
0.5041745330691254
0.5790785643756088
0.6165521291391108
0.46711214992239564
0.4422217944817513
0.5404196657604672
0.43465726662323434
0.45112207559221734
0.6233439954741236
0.4373599752975854
0.649298161642165
0.34099069231940293
0.5134545654124522
0.7550168859721228
0.5289702898785668
0.5400635714465973
0.4457879110455288
0.6763375201770855
0.37471969992697796
0.6208139702166546
0.6362540677115494
0.425308546058701
0.5357914376227584
0.7385229170223626
0.5600310482654259
0.4043062650114343
0.6862757360324807
0.45936810832986086
0.3293033757046998
0.6119412282772829
0.5492511107247245
0.6739966769578039
0.5949176906737252
0.4344414816382453
0.6227661851316852
0.5592838767863145
0.5599462308166339
0.43289290488016835
0.6025828208836886
0.622723498092369
0.6009063785752636
0.5086050548362455
0.5524453630783642
0.4406052533086917
0.4298725555330104
0.6867155811102172
0.4061514240409484
0.6069527394032169
0.49394903353182756
0.6105532579110472
0.4862437553866557
0.5481443792991206
0.7444516559758029
0.512264666150003
0.631130675770182
0.6262162186082504
0.48951175728855617
0.4110295524396207
0.6511592649914136
0.4750255085093543
0.5833111837266339
0.6280510120177693
0.5713204999506669
0.3755188666637215
0.6486932337607151
0.5442493301285246
0.5164666636739341
0.4915309300762576
0.6015179484462617
0.4909424671244781
0.5179260586821889
0.6012732054764061
0.6772025732602435
0.4517781206044761
0.6268755245628805
0.723004005195596
0.7239868276985056
0.7181845800566601
0.4928475700373789
0.5645655170906421
0.5970053452233646
0.49595238817848014
0.5882813084299593
0.6546087833231159
0.5362103672959044
0.5136311127129829
0.6288769240856964
0.3979194478030703
0.7115649478148423
0.4032278490108187
0.5880805727871193
0.5356051685003651
0.5376164830389335
0.43144844229977575
0.5903023903609961
0.7088547455947856
0.52507515639769
0.5330358063359895
0.4736549969089126
0.4984541786521901
0.5764899795078541
0.47068900622716264
0.6469821216217513
0.50001135449462
0.44966244778929826
0.554771217240262
0.5290387549830882
0.5977556234908155
0.5304020458087515
0.47646448934333707
0.5786751685509629
0.658788809336488
0.5274021877509274
0.5888061009781261
0.48122703391963767
0.43971993698855005
0.7956919705912192
0.6412382692510282
0.40527246055370436
0.5209631632937167
0.5016419986992343
0.4515247863592747
0.5349885584913807
0.5228616740579076
0.7076078681941168
0.598622580130432
0.4697723491577683
0.5514510128404257
0.5616105784504084
0.5076117162729034
0.5338859564634464
0.5779432146070429
0.4634865010766153
0.5457035079458602
0.5883055746686302
0.3883423501955012
0.5846256122295546
0.5796552804997354
0.4539085667968523
0.4587459297759822
0.4644796672973238
0.6322212327878572
0.532182479236963
0.4889587292572071
0.5149566402888903
0.4890353075873034
0.6820115153888618
0.5520177586950757
0.5386657346646082
0.6328835971795396
0.5516894013871418
0.57789745005377
0.5743645450936499
0.41357453352227214
0.5385043175617886
0.392578264891702
0.7640546553256395
0.520081373960587
0.4489187083301868
0.626647358139841
0.5779859197252527
0.3623345071346836
0.6142267723167941
0.5722177118655887
0.4776608773506844
0.5594178442714445
0.5638827558713588
0.5494164675580266
0.4651699616072966
0.630217745436534
0.6864027080315341
0.6072143319647785
0.6170961755744213
0.614349167177644
0.5449525257484102
0.6432210696035673
0.6283893644247238
0.45880563635965893
0.6550660333565294
0.5910758074804979
0.5657268814967128
0.7195261445604176
0.5344998458719141
0.6508620034125003
0.5834185030633311
0.6636677097018376
0.6198114038362271
0.5727506808043042
0.6827305269255437
0.6114879323674541
0.4382313020428214
0.4982732321150332
0.6233529318245212
0.619587706860486
0.6072881729416746
0.421097831218474
0.4238270899558688
0.31473868679256456
0.5774623330737314
0.6393459277847762
0.5461028986380848
0.6497405359257564
0.5783132592894206
0.5977317102017923
0.4480953312464418
0.40254624026626795
0.3441484143623325
0.5949086941225247
0.6659592804345146
0.6076024321735101
0.5775853860651774
0.7047836580134386
0.6324692664875019
0.37500974651159685
0.5315559760688621
0.5219683773439202
0.6968337890368181
0.7034628504121978
0.5918480591217269
0.4167252836473613
0.48371473330042375
0.6145779749079077
0.603357140781217
0.4601771108780568
0.5800548236958115
0.37770260039673703
0.3678605949500737
0.43626538839245976
0.6172993666127986
0.6240972036192656
0.49834492189863144
0.6156392051049911
0.345673825423748
0.5519350488742865
0.5910253122886581
0.5938213619838912
0.5461200728667348
0.46559836967057966
0.35434707818401956
0.5057240701250754
0.5468587162180386
0.5122143023767871
0.5818976531297816
0.5019662004569172
0.6436228976963236
0.5226870435086203
0.5140726944036998
0.5734070279095127
0.40784346769591456
0.5243570783983014
0.5846278305392445
0.48972875645366526
0.45425345377959464
0.623009446972877
0.5200642162942186
0.5869467461614026
0.5139737950838179
0.587887714911488
0.7751084284425742
0.6695586703113515
0.42804225575682414
0.5827646347923592
0.5989921948241689
0.6165457170469765
0.5243081522829682
0.5351443736283493
0.6100276887724729
0.5319842908954617
0.5835407208629839
0.5746041117727233
0.5103328961525976
0.663911049316075
0.5717384191000382
0.6352984154931702
0.5271277581783995
0.5800006329376776
0.6836200543672786
0.5398841845531133
0.5101105583718852
0.4405947881099105
0.7320532033147129
0.321110782815618
0.6793117917754025
0.47951966266249735
0.3515851815887099
0.6311381169617937
0.7971983385048633
0.5936960550659153
0.5034486280354052
0.6583717664629942
0.4916740760990828
0.6068575174161479
0.5360532396933323
0.4363127525741829
0.5101029522639939
0.5202780282729708
0.4050392849855621
0.5217653312319395
0.6102655825156477
0.5992379254663402
0.45594444890752617
0.5537392651336769
0.6464300588404552
0.5729862129482485
0.49550558683487805
0.518239129958857
0.6435039334198219
0.5891000577610206
0.47214691822493204
0.29433754544041385
0.4547436536135822
0.6064204645945316
0.5239081128883741
0.5906125347703601
0.5477513414538056
0.5331490431228789
0.47102472613760066
0.40251550181326046
0.8260713896468417
0.3736330416835555
0.5807124284660505
0.4842914705627729
0.6071965920091152
0.677089009181432
0.7167276845496731
0.5330001751317542
0.5351200251408454
0.42804791396265146
0.40437467369416197
0.5934699793520329
0.5289826252825299
0.6259588702755987
0.4820238612637911
0.41147929999534566
0.5135039856458179
0.30935635744927853
0.5629658286970657
0.5525810290326644
0.4654568387422991
0.4565353179703952
0.5117628513351198
0.5701660558140029
0.6752636391597083
0.6508992301977312
0.5006257858386981
0.4891602867862045
0.4744743046968347
0.585660628018291
0.6515827897776234
0.4590652784637881
0.535551276751455
0.43172436645445245
0.45181851549971963
0.3750734085034124
0.5471424617644578
0.5391885516087258
0.5107760616851595
0.36819834594079015
0.6110304281626158
0.5829109957549772
0.3943791764645078
0.5399812931494041
0.5688778691367546
0.45101972949213875
0.6051742864235207
0.5649879987594234
0.48410993708886957
0.4197427199423148
0.5989753042223136
0.5287091319599138
0.5561822600820494
0.5730429055856159
0.5274546583495218
0.675484521392525
0.4287519650306876
0.6369598473343203
0.49948190328635955
0.6532155893306878
0.5887720320420621
0.6733300683479783
0.5069934806273062
0.511607593643061
0.49282804492245297
0.6456563120403068
0.4619663007604197
0.5100990722146417
0.5575542313697033
0.6632786701215447
0.5713219687824923
0.5631745273441022
0.5693784044984859
0.532229868913357
0.45285633105813616
0.6227320043046287
0.7505063493906038
0.6069694231347513
0.7501756588061699
0.503070136426274
0.4721139852348428
0.3970577619776703
0.6382999970956192
0.6380388188814955
0.5908212975108512
0.603460321456146
0.4865906641687846
0.41044961051067985
0.4931132000905114
0.6587817393175388
0.5928242581569731
0.4647646610304301
0.5305444047488347
0.6273114643017619
0.538812444604325
0.5473369702388592
0.4691443550618775
0.585265364965769
0.5129310678312736
0.5943466048780797
0.577804637544945
0.5531737873766642
0.3782622839315444
0.5133576271578709
0.6297812385474277
0.7729321139413724
0.28384425779936806
0.7106160469581669
0.5591492690943536
0.6502066746647717
0.6075048199883492
0.48418977597104756
0.6481987749304894
0.6292551462595075
0.5669683060111842
0.51799423330954
0.4929211143567834
0.6192786621368728
0.6542243223111013
0.4803579724959548
0.569304209680465
0.42387884531260955
0.48024898699303126
0.5269173988624719
0.5276121213994858
0.5482892256675734
0.4823479651363209
0.5806443889443788
0.4428560705710365
0.4585827583327113
0.5421571381369125
0.5758171928734674
0.7748796458111762
0.33397521343291936
0.48376552346351737
0.4237403141504192
0.4695007331240609
0.5941686178229848
0.5582751496840241
0.4928426951787867
0.6633105995146252
0.5891728121452392
0.3433624257924135
0.5598233979440043
0.5999407730173674
0.4479882005635877
0.677192877873918
0.5095063734538523
0.46361669516355586
0.6058356015863027
0.4948494488696049
0.5342465196000512
0.5435029259007962
0.5268164463876207
0.5830310172958066
0.5872295439495586
0.36888137069588545
0.488583930129635
0.49898679405258084
0.6105349298517598
0.5558621429719464
0.5122553776354519
0.6998984488604394
0.717518690394521
0.405296207948014
0.6119118906341705
0.5850182819038854
0.32397690482589814
0.4017404314931882
0.4833728309157984
0.3828857443398258
0.7075445844866257
0.6620824173707633
0.6267393940720054
0.6405665998045325
0.6220849179616671
0.5166923616554487
0.4687346027988164
0.5341884173946588
0.5537901072858239
0.2842556121136464
0.6383356874671748
0.535808857510257
0.5308880577132097
0.6751358236130434
0.603674514661458
0.6913367473471529
0.6163324126445936
0.6097506532928151
0.6308065467344037
0.5548264843079543
0.5393833372243849
0.5488157088459802
0.5785279746585866
0.8173257678916668
0.49911225237386747
0.41876008111179236
0.5011216500157029
0.5155929557770452
0.6439543866937281
0.5722933208483402
0.6025377313800129
0.6982829604357979
0.3981140909864368
0.6411007320964844
0.4817823196794208
0.6119319662469762
0.550662965720258
0.44919743167734655
0.6503294264391162
0.6936171038175838
0.45407292356268614
0.3941624953758838
0.6063526634486966
0.6976958570241719
0.6466055977615098
0.5719361033939045
0.5232134831810906
0.6193396063871123
0.7165356737888415
0.6302300392572102
0.4563371991420708
0.49979269818707744
0.5583212405869412
0.4516701005010277
0.4869825066033318
0.4640590052679256
0.48840805588179914
0.6428843162130129
0.7021853112054878
0.5335530646250849
0.6840469722083211
0.4997208061595882
0.4144117530431174
0.42045732466143204
0.3523095149490854
0.5220156103003037
0.47996238889186266
0.5214852781469691
0.6123964813176596
0.5253345930984397
0.5740878302491597
0.5667517108726291
0.5788991892364772
0.5122519867163139
0.6264024824960712
0.4918346519371798
0.536042913489447
0.5173192036000531
0.43668181832515685
0.5587084853286035
0.5157391126661491
0.5138697574844809
0.636332349298686
0.5004045954814733
0.5853019751508418
0.6703998657847434
0.6028358267783697
0.47866910821739955
0.5864975823406143
0.5441529018745945
0.3505871553127139
0.6748871550298126
0.3627307554942658
0.513128663576292
0.47409555905644096
0.4051902116314866
0.5054555554377677
0.4890298293405157
0.47157034804094555
0.5222800220312778
0.45598545287930736
0.4078411725299744
0.5672634584056602
0.5851789941282566
0.515570718539404
0.7293113037189074
0.594380173062287
0.6163020822191054
0.606709552966317
0.46441795551205267
0.7184833621582454
0.5314088921548052
0.4875980738816919
0.5319932040814007
0.528194119271994
0.48610158374739193
0.53796256085695
0.45552130124187085
0.6993018560837264
0.72854940520234
0.6695394758165237
0.6163131474651347
0.6918990626893627
0.5766309829557013
0.576893235670172
0.5450711437549343
0.4554915338666433
0.7103626428250679
0.5761004459787671
0.48657915553589476
0.8361718459977003
0.4762697264428005
0.3872847153896555
0.5080986649811736
0.5907976328494107
0.5943686978705494
0.5646270636177823
0.5406196786586901
0.597399906899589
0.6347843205408702
0.6117399001073108
0.5361005159384268
0.36252898647945
0.43274407748041177
0.6263121277731142
0.44410383912303575
0.4933503134578657
0.6430246328041065
0.4378814900016102
0.5394107312338234
0.5800880638195454
0.4574059313212746
0.33419397826373276
0.6265102303228314
0.6488888633659908
0.46266081639363765
0.6078620692862998
0.47990067686266114
0.5706387528402775
0.5146957528240707
0.6118131582293834
0.6576265575542838
0.4033558718189737
0.5029778982587325
0.482802210142973
0.7944699049285971
0.5433069371208755
0.5398654011243246
0.539362798855955
0.43275843443971546
0.3578487299746329
0.37084108190784576
0.8102687593033215
0.4167890337100205
0.6411358731464538
0.5890825964110127
0.402866813139072
0.5418188160997978
0.6364336822036438
0.4721722776610799
0.4964350977777278
0.4940237934899422
0.559736618602898
0.6846255427827601
0.6279389998188247
0.5721969882906689
0.6271088139226073
0.5862938787930576
0.6970200443130168
0.4133852692454746
0.5131024075331403
0.40868931947994575
0.502962565524438
0.43445639587772644
0.5530827989307614
0.5307829809036982
0.6217342492702905
0.6448958648831734
0.6983907325410628
0.45849812735164686
0.5654366486226112
0.5935294070587557
0.605300157079444
0.6131516048664172
0.5490659648854854
0.6336720231777951
0.5273960405848589
0.4899538538740981
0.5418631382327792
0.5439843169962829
0.6708968070732013
0.5663599393267131
0.6195455123259855
0.5525959799302209
0.6089572781561421
0.6598728947912399
0.7215279851395255
0.6126724624920767
0.561987582133316
0.4411007325029497
0.6561648236093932
0.5051433677710916
0.5473081215434774
0.44745597105405976
0.5656423992926876
0.5397043764040993
0.30338310029888893
0.5251568456677759
0.5651515797960565
0.5834543459682039
0.5318460193663402
0.5333904181051572
0.5594988633302965
0.5369324548615715
0.5593067116639724
0.5110465546236932
0.5177194740919936
0.4945861874850359
0.4576982723547172
0.43368098095258534
0.41903093409970765
0.5678030956979754
0.6358511886018072
0.5458680091045769
0.6792116372651005
0.5314651723037872
0.6408317405954651
0.5979465465920777
0.7704128722148993
0.5708290699461582
0.5937190934667633
0.4890226984507524
0.3946421401118617
0.6443986781638964
0.5979525197741601
0.5538755766560349
0.4341684178585185
0.5024797778241799
0.47650631555855977
0.6387691992818829
0.39729119760970866
0.45551045093165704
0.4280735463737673
0.5210485469657996
0.4364429126249195
0.5538084711415412
0.5333662738605814
0.5664990143075253
0.42848282246655084
0.5059602633158758
0.47869730976356
0.5263149475635385
0.5130279837551714
0.559365333510725
0.5913257636023044
0.6602240320230499
0.29628488486176446
0.7507220071655092
0.5774443136374566
0.5587052827989453
0.49931857271987357
0.6123440958527253
0.457966687173324
0.48443145562930434
0.6451671951578767
0.5159195987084789
0.5153264834290208
0.33884743061296846
0.5012002039318176
0.5465487030582658
0.5082032545816676
0.4823754818929482
0.582066841607944
0.602754823481418
0.5304638555275076
0.5832281222303952
0.35879502237094285
0.6070287473739797
0.33578612809498765
0.5646080344114627
0.6439568908560224
0.6829355240976036
0.40224571130142317
0.7313478563705597
0.5881182366588593
0.550357323733536
0.554763137243747
0.5264270221393369
0.469626089026837
0.6377976495610361
0.7416177866028286
0.5032979606251791
0.4828320412595395
0.6110836648916413
0.5731498675103103
0.6137554970853449
0.5459682139579833
0.36314160773928383
0.506517830650831
0.48349428152980684
0.4363821235842349
0.3567127414661992
0.5251913907578991
0.6142106618726716
0.49155562055118857
0.661339999279413
0.7190873399925755
0.36138287757908816
0.4871079833615487
0.3250529574474256
0.7404113662766652
0.6174595921991156
0.5311275447180945
0.4905226369456632
0.3604683773534413
0.8346114009302333
0.664626286021794
0.41881636597661004
0.5579300290578127
0.417386864382996
0.5798712804706885
0.5726263187942542
0.5457209053386546
0.4681383507261971
0.6318984611331429
0.6183385136071129
0.5006840319039256
0.6330074567487566
0.356996971636785
0.6078754956103998
0.8152122898090381
0.45731224542745247
0.550279695806326
0.465133618750455
0.46444435948851376
0.49517391268838884
0.5930893220549223
0.4637304343238471
0.46287547583756794
0.5524840370126436
0.6658769432559162
0.507635740937896
0.41550054995889835
0.5203114239340947
0.5273886126592373
0.5883395802796915
0.6084909168104395
0.5085023485212189
0.628182760956391
0.4323257557300813
0.524247955764827
0.5007826068408145
0.5969052149674584
0.6361654997595304
0.48418180305294134
0.5556316514284141
0.6436188463629671
0.5378902451031546
0.494935522290355
0.587032263349501
0.5742713671012895
0.38252959078928306
0.5514268722248763
0.5169198141439176
0.4797718956438231
0.5839419302389043
0.46382972540772205
0.793727494874272
0.5439849766736613
0.4756723403034491
0.39341557158709894
0.7250181120034942
0.5857588858139281
0.47646218440261706
0.6110840656631651
0.6790556378817002
0.5088945571534704
0.5511934624599915
0.5589812739498335
0.5969943065561948
0.46397190163695745
0.668658636431352
0.5479215258201959
0.6937134263715781
0.6393209991413924
0.6410669813048914
0.521848588549543
0.5677552923978085
0.5898469353980609
0.6661062744720226
0.4854204403673552
0.539536318649046
0.47130292012657216
0.6205392728308659
0.5057926046019845
0.3312605252971471
0.5826989253437118
0.593974842306914
0.4179514225127323
0.7019674758578466
0.4758914323182555
0.5820803126593708
0.44948203804035025
0.5209268045170002
0.5598088675381978
0.8066052035707542
0.6852585057501426
0.4674944934791128
0.6828691690712924
0.5492230425506435
0.6347525896168886
0.5759085467398983
0.46510396088396994
0.4432704724321005
0.5869223471978677
0.38012754657960945
0.4837300770432448
0.6050243898090547
0.5882096631163406
0.5697727255376527
0.6015638612500216
0.4524437855768161
0.5646885071840065
0.6329423933497029
0.6062157337436666
0.6692669826987866
0.604687331943279
0.5947001439850147
0.5732585813137502
0.49634499171915863
0.4582244916461519
0.636872024638636
0.5035848487766624
0.5182303922541324
0.568106534152468
0.6436007071213805
0.44476160630544076
0.41499110354249624
0.3389963983143442
0.4586721099078678
0.6275220314049791
0.6317200432986375
0.4417644834657962
0.6871693323560351
0.5637007675104498
0.6332849035855126
0.629079042957907
0.4603906752196897
0.5759283560538616
0.4667994607277894
0.6166196131489879
0.6188696741025986
0.5347814636279025
0.4268777768719091
0.5430472989567097
0.5381471843580546
0.47537657065163436
0.5429930083139087
0.5478705096228123
0.6165021436830976
0.578709180692462
0.5836281959638749
0.62067063354258
0.530388201916274
0.5335405625840359
0.8854822120370391
0.7569811881917232
0.47306506279577176
0.5699106442499258
0.5150427673649595
0.6932419258459548
0.5945590668193684
0.5043135451856087
0.6397249076794148
0.5547050489970206
0.6261540488931584
0.4383677396429133
0.4672297771230789
0.48119117507071646
0.4612736930875958
0.6540478688760211
0.5284026074125381
0.5269548941175733
0.5956295237606123
0.4872573138426153
0.6609024984201313
0.7316572205455528
0.644013196855339
0.48272588583372406
0.5526209553431207
0.6074666213822657
0.6338194128244701
0.6883877911873153
0.551040669172395
0.6247399977204813
0.6348053068765347
0.5959779117161622
0.43987179123218534
0.6311964694263229
0.6456348088111608
0.5750816247712844
0.5164483066243324
0.5406009712916359
0.5225676068715108
0.43294784746149784
0.4930450673324611
0.5719589152656468
0.5647837110661827
0.6028816045676623
0.3110978903834293
0.5164425754127572
0.5908294328634144
0.7211812443077048
0.6615012526501189
0.6915589842088737
0.6325612612810032
0.4918358424399336
0.5743256026914154
0.5998785489243672
0.7316029882943158
0.5719291126747921
0.551237109383711
0.604241716790422
0.5719663677995299
0.6295617299370857
0.6608129680579445
0.5198660072045025
0.47960773575802873
0.5571073239884415
0.6315407023535234
0.678141192632762
0.6490047611264288
0.5603069275345974
0.5849973159962053
0.3818176157857708
0.751651427913618
0.5627231821112176
0.6861080895818891
0.6535137452457431
0.6450516453097126
0.5866569630073846
0.5354678511482369
0.47411881317958804
0.5853128441299758
0.41888380602414677
0.6762118360060465
0.4358245462689158
0.43673713451118285
0.6304362886090858
0.5342644420713988
0.6513464981906945
0.6953123587041419
0.3548334523181671
0.44971091265731344
0.5466726232608652
0.5221576800961164
0.605331967263218
0.7665993201501248
0.49992308368491095
0.4147883316070136
0.5055998638377135
0.3983058290632505
0.6877479645122937
0.5453628135674442
0.4568177468492509
0.6030051893982157
0.6596741287034766
0.4667508021615262
0.5087995764527543
0.46670145151931797
0.5791210659603251
0.5142593838870497
0.6382036288022964
0.49869390835137706
0.6624406233660619
0.4944131228887163
0.6637086024677419
0.6561756774791685
0.35439393363191546
0.7161194689547573
0.570722386801115
0.6249411071278987
0.4985692126800046
0.6057628701481762
0.594051146749258
0.6619778988362753
0.4317170451431116
0.5853436770016052
0.5383365680325303
0.32738088571458124
0.4939090923224624
0.7836935392897357
0.6578268503436218
0.4526023655043967
0.4559637172853687
0.4516722723054598
0.5541921711650452
0.5142378578417952
0.5699034537945744
0.6205660982093094
0.5840747578002693
0.5968363677569155
0.4185549180128394
0.6238857573553233
0.5719985391881225
0.6699704545446223
0.39727891065907595
0.5321858281992642
0.5011983240089445
0.6886916903693225
0.5674902142557476
0.4501052230144112
0.5504652527366732
0.5256874994768173
0.44754315093636143
0.4062456738762721
0.5780596823801868
0.654038857301249
0.5107692777775171
0.6411188584169016
0.6649529046438435
0.5304200619369684
0.7874960071569499
0.5227603668301574
0.46170691021429
0.5641029925123419
0.5718104486875978
0.5157772174356512
0.49996120074932116
0.593567178940462
0.5414508562414642
0.6131799657962763
0.4879046673029168
0.41509688811940204
0.5556189470752813
0.7075917757958485
0.4146046097710072
0.5985505111786183
0.48389902633226295
0.6463214488328379
0.5897026734998955
0.5919009501076489
0.4297019363117676
0.5683435613157531
0.5654311120283049
0.4826318091426908
0.5766050293318714
0.5175739434216791
0.5239744030123602
0.5825157619078067
0.4645069363526857
0.5104596800634938
0.6435961514534818
0.4636521596665889
0.3634057037352178
0.5756185543188111
0.6535601640435033
0.6753783187473539
0.6094220432256952
0.5947959974036973
0.5490995578984081
0.5957279410571042
0.4872799009249573
0.5628249701511174
0.46556679459370864
0.6253091002274938
0.41241709771590285
0.6879977399187249
0.43515792285049576
0.6090918107491017
0.6231546053353095
0.49142758163639644
0.7472031510796724
0.40882142770221264
0.8247452029043174
0.7063222890405167
0.6489832229061755
0.5669347581748772
0.5507281144298152
0.5384089167698259
0.3895798013674384
0.6521705946148566
0.7079127460388592
0.505899088125616
0.43516238209536534
0.5442882700740254
0.44075852078679845
0.5455650653768783
0.5486419701990785
0.5689870561421773
0.5767675517068583
0.4716947712964312
0.4275213775906679
0.5545859693854338
0.45811343210809086
0.6012603190889372
0.3911970035077032
0.5496358170494549
0.39471250351259235
0.6232461172066333
0.6466587509459544
0.5266242946574918
0.584746937232062
0.48509358628954213
0.4798265550870702
0.6577685485145585
0.678431331545839
0.47783953494561815
0.6885054996991716
0.5153611293787973
0.7559119484620411
0.41085289534496217
0.48227767501910584
0.5035895015088494
0.6883041623521686
0.5608615208572963
0.5726768863709338
0.5668826753549507
0.6128222998172751
0.6401104176496524
0.547678523189023
0.4365467402270681
0.6071395326624144
0.528616437830779
0.6667005495134791
0.671516948972439
0.6028257738748397
0.5782916053826737
0.5654231211301456
0.5199233301120447
0.3866575736337873
0.6021696576957122
0.5537004412017686
0.43544131990867346
0.5323355190117115
0.47901796515858647
0.607188568333751
0.49729373488372774
0.734110272351651
0.5416040397197536
0.6917431206869075
0.611210161746671
0.4834456689453056
0.6058708474318567
0.5938288201469389
0.417530822768953
0.4850407533077602
0.48386817613175187
0.5079972027029976
0.4265951582428736
0.5483507895402214
0.5740885262989449
0.5770672798751106
0.5898624919477464
0.6658422796768755
0.6530279101976414
0.5578041497296423
0.5318358853653468
0.6345558388036454
0.5006801090614228
0.6185120283236072
0.6118531017880681
0.5168940859858154
0.5130188809246726
0.4511653949865643
0.6068828845612972
0.4723071029615179
0.5448992396055241
0.6875275419047876
0.6844674184176904
0.46284676732501745
0.4350174137247726
0.6779325371029196
0.5261733475266315
0.6126495583044672
0.6921605375399547
0.6082610443268051
0.5644953143489356
