0.12484338803790232
0.12365444525603231
0.046115985295574854
0.06623180355078578
0.06186788785216235
0.11352797813842308
0.1355486043643108
0.10707561461952829
0.07952238959994373
0.14138326145761954
0.11485994955571407
0.1496407243316521
0.07168055513475344
0.1671889234267734
0.16036063768904615
0.12587096638391582
0.1465388654694091
0.1514843252345834
0.13347759101578824
0.12634771859934363
0.03299811033327424
0.15717483217748718
0.14839359425979168
0.12307634436693252
0.11819766420564548
0.12815577962455627
0.0664920723582732
0.1525050125819571
0.12060325350863592
0.1451274649672178
0.13913255400934055
0.1262205525289954
0.11500573452641648
0.10514510228898198
0.12447658618210265
0.12354397669146078
0.08759127797208086
0.14515071753763514
0.09113175848791523
0.11078488184965508
0.12121976266817959
0.14800355368275656
0.13310541929997588
0.0995167380161661
0.11390476264797153
0.1474006992178098
0.11116113664302035
0.11514782778729492
0.14890551300438973
0.12323052567005292
0.10533037560107351
0.10241794895511903
0.08882520967846722
0.1636164288597686
0.13218118622875027
0.12716705052050253
0.0643441099269702
0.06195495229828382
0.13499753504700848
0.09732178332485891
0.07011967746634465
0.16095598119333554
0.1649598668354475
0.1923992827178986
0.06394649652780598
0.14411523447001884
0.09522278066837572
0.10746015540042347
0.10351051532777382
0.1065441197456375
0.11085996303135709
0.10699155261249002
0.07323794096825986
0.08223148312797465
0.07546932090106315
0.058665159947631024
0.1020689209026133
0.17190727236848424
0.10725756465834878
0.08171183984838852
0.13696062749343002
0.14514507964757853
0.09493798717243354
0.147796686636162
0.1420837208783855
0.09146923112014764
0.15053831597423054
0.12739976340130432
0.07550658098107998
0.16278221403275653
0.13534782777807747
0.19069937741927578
0.133712167703695
0.10867473455109633
0.13330440387045103
0.12822150473983612
0.09103036755753799
0.11808102189778716
0.12627502618581057
0.14966827077189204
0.10217270897014948
0.15529026375783989
0.0872672271693691
0.13163434054505305
0.15250064290270143
0.14920903259446489
0.1176797428743729
0.1124431555321279
0.12463237543838838
0.08973078948787155
0.11933664897601087
0.1365020724874366
0.16059654404295132
0.10794781409334503
0.08064622411215897
0.17254707454691157
0.10952293818299397
0.1392290143523674
0.12769172027110837
0.13394159712764614
0.13147345983243744
0.13764806855949976
0.15178020598923675
0.10976387185122213
0.1191230608465835
0.12987955156127842
0.18787385238999094
0.08937660639032005
0.08299273850038974
0.1551681004496273
0.1601591532489544
0.07292302976279597
0.11780510390163101
0.14730114791452187
0.07938756670711601
0.1213477334934177
0.07874704399369081
0.0481868109785038
0.10838604173459393
0.11674076397948946
0.1506161131590658
0.13474552042961724
0.08208698380924721
0.07709351237715172
0.12918202359322017
0.0828312674147641
0.14682737825433023
0.10830512196553582
0.0920453336804834
0.11249038454554984
0.09012281004184286
0.131078626791185
0.16766836292298642
0.1113871967398156
0.053295479986716035
0.11483637496774765
0.13487658773181901
0.15226456002706024
0.12066161160123787
0.0612921798813671
0.13727640891655107
0.12028655589316484
0.11538069867786951
0.0733398387044637
0.13660303832944626
0.16137494595595075
0.11447199801839145
0.12761589245389024
0.10655408893051982
0.11547262552939136
0.1230005632383023
0.12352485085258541
0.12180484319650031
0.14638044894076183
0.2082862134001132
0.10731604818926119
0.13049636372418288
0.13541359430973204
0.039039195134047355
0.14972519389190855
0.13505371170178881
0.13945177655058144
0.129969130327946
0.049794337263675395
0.08050592158675696
0.11271377662284554
0.10611625350290506
0.11099978378864644
0.1796138144528857
0.13132474999897395
0.15347412159368917
0.0983375618753164
0.17610511123929778
0.13838515958426822
0.12647685826659066
0.1086081927054184
0.13673294038920358
0.07400988218330312
0.11932919710150285
0.11125544212109034
0.14134659739264394
0.12981932985078387
0.11082671396205822
0.10166563393056313
0.07590359822285263
0.09063492303380566
0.0985537935358417
0.062007402562992114
0.11298928022156751
0.1358866677221169
0.16697017945730663
0.08050492988907926
0.12856902833076997
0.08375376119163576
0.14624492628068103
0.12989622383999322
0.11104385594260327
0.09254109591770844
0.1414181802872747
0.14448107949029954
0.1660780891766595
0.13747086845752726
0.24414253490186394
0.14943938729177647
0.11278345028636012
0.07522545145412292
0.09721335509039691
0.15110403837474962
0.1097328175461314
0.1354669976394992
0.09602179557634066
0.1511610418169933
0.09003169422924673
0.04838288767185571
0.14747362656555987
0.1238903553464104
0.09860412099180027
0.15237736196765952
0.09069675310726644
0.11004213698623239
0.07588258207078494
0.17856413197238735
0.18190439189462318
0.11656348697465092
0.13260266848853158
0.13835531915864557
0.1249318160665141
0.14102905910790614
0.09307709671836217
0.12465027249561952
0.13233999020391074
0.12423256896684606
0.1522111491150981
0.13895266871298523
0.10555380383218013
0.12215486083635783
0.12171979945246547
0.10719176479519496
0.14647497196784837
0.13152151027869394
0.091535768924122
0.12393703725934341
0.07815738442756073
0.17299741492089038
0.07818778080019267
0.15186024662236897
0.15102919806140716
0.10354485924730628
0.11187143764257002
0.14845315400054088
0.14400087707706652
0.10068951031420044
0.1048404199514095
0.1640222628471965
0.11254451376407568
0.12155728464464521
0.08302111441120147
0.1706475363750424
0.11229904039214292
0.06804326377763317
0.14034758959354224
0.08696064160257644
0.1832666972383507
0.15371877698133646
0.05411396341288768
0.11672615669096374
0.11553907279940274
0.14355114393851912
0.11914734145066999
0.08036417912120701
0.10516498569664194
0.064484334207381
0.1061037815011084
0.06314464223612315
0.08608281125393044
0.1193319658684386
0.08978769226889217
0.1569310949425054
0.12212230364096995
0.16018812797847387
0.1471827644684171
0.11129186635791571
0.07747917643343497
0.15386083050644736
0.1038813988895131
0.16202571543110184
0.07943390408638261
0.08564203690027883
0.10491889310424651
0.10093751498165061
0.1272585378372827
0.09789299291227137
0.172246611056725
0.14616523966866293
0.12685205732652077
0.13107756007449228
0.09103107671646213
0.10881156871227211
0.05376263934170068
0.11671120309837851
0.09366645053723885
0.08392823841809799
0.1362627848632802
0.12035977920395423
0.11814134740386574
0.06552495459676574
0.08775348407341876
0.07002766180314729
0.1125189379849162
0.1280551929751786
0.1704421441892896
0.14913330510486864
0.05014214310661165
0.08649398659928423
0.12373179839621802
0.10137226749133527
0.14431837305198633
0.09229976999665304
0.09059428743689299
0.14392759428105792
0.14443133894630453
0.09895619072608958
0.1434593085922718
0.10577864179931248
0.09343745120351703
0.10964222226171252
0.1371792240706956
0.11127239234077319
0.11146030465705001
0.13575087073727393
0.13069941207994573
0.052119874474282804
0.10183127427408524
0.13075461046105552
0.15561017172692507
0.1802194823943717
0.1687398236847813
0.14222212342338814
0.1349901534312949
0.1481826422838718
0.1270422626961416
0.13790875926549398
0.10998727380937076
0.11345160196718805
0.10714790705945368
0.10016474041224313
0.09734347553187442
0.15763646147167434
0.07785662004895982
0.12950971435872632
0.13638047208464688
0.09728269124450775
0.13828482213127744
0.08011357275533766
0.1207606153132447
0.15185503402205022
0.12709465281851512
0.13516892559539537
0.10911433261453791
0.09990933942680655
0.08331128216443784
0.1131461448434653
0.11910104756057752
0.12050333252168326
0.1080978134244962
0.15771102205853246
0.13585927032310197
0.1627596431424514
0.15669035460867875
0.07764510217722284
0.10523988534393602
0.13475338512530904
0.15962258864964415
0.11790677284574667
0.13048985227027865
0.09597715240621314
0.1356628193491467
0.09076366437977842
0.15358533776702146
0.15621490165313734
0.14022515125428486
0.07616425573299476
0.07312997876745383
0.14466710542582167
0.08682094287412379
0.12154166356893722
0.14504940855789855
0.15218163511150135
0.12871034428086092
0.10244876772206123
0.12670555251493057
0.1394694270249757
0.10406027245303207
0.15431475453460405
0.13208929461805533
0.14764897065007698
0.06373722136979326
0.10324202783240843
0.07833342336206506
0.0783573799632305
0.11146535960662438
0.06934592637965975
0.0927889738714352
0.15030778156801872
0.15106654331268124
0.08428948173104023
0.14827876627638226
0.15845809589406779
0.12632341926229634
0.14965895395897283
0.13170861196405953
0.11754385038967266
0.15855500477379567
0.08779799012814452
0.1225931172814666
0.0944883587142013
0.09112533248413567
0.09067894522317664
0.13291965298005218
0.14751446837339313
0.12794069164483937
0.10682282030941567
0.15089107629743906
0.18208957374749557
0.10190385065046197
0.13070889207111178
0.13215236597139685
0.12045006573132651
0.08556388417295482
0.16615153611995487
0.08970626000886381
0.13604366487894776
0.17631315436574838
0.06100679215592092
0.08243684572808913
0.14306702916167297
0.1824683271881904
0.061189823699859744
0.12816822910284054
0.15871719252282873
0.08715903580386083
0.11754059023221607
0.17276124402228812
0.08711739682521079
0.06504576213140734
0.0932575543109076
0.11972313903091887
0.10096250487053851
0.14809285009548787
0.10301479665915769
0.16314133013941287
0.0619512630269702
0.08355933309587844
0.12678680076647098
0.09268552558669246
0.1348843531139584
0.13421000976307507
0.15745138076533802
0.1247469593873776
0.13191827754607688
0.1365747452901339
0.08546555239565692
0.078674908186123
0.09861636616343596
0.15067536876892912
0.09094078093740776
0.13881682964454944
0.06413817213070055
0.15002437708354405
0.08687187799884587
0.12169117464308432
0.09722069750812197
0.16763198000209975
0.15848145853155007
0.10402193072087934
0.10612086470610602
0.08870771867510976
0.17495078118397284
0.07004867543613291
0.16764567230359811
0.14737686248477083
0.07853098707690824
0.09363001872212973
0.06829385798102225
0.10876964440794722
0.10359531152165628
0.14466720080015702
0.15982035082594181
0.1402766191782029
0.15188032678503555
0.09937439211571593
0.15197839865514062
0.10749007646428549
0.13938533595833602
0.11881323687243978
0.1376076121716091
0.10743457783475585
0.11568189683991184
0.1363987136148741
0.062326320123225004
0.0913672616931818
0.07946255057920412
0.12463314658313758
0.1038538958223744
0.15752360622709127
0.13561496293095146
0.1076347865026603
0.048238711629605316
0.09004748280504338
0.12079780472535519
0.12949468798789737
0.10761169106898393
0.10510931662373763
0.11397426580990604
0.14413274926453185
0.11524429552535785
0.13571379156419694
0.09236822940720968
0.12894452090195752
0.14437064349499593
0.18140237193320044
0.15843033139816304
0.07016245629394222
0.11398348305483605
0.16527867807031413
0.10356156681823409
0.1165253323338097
0.11985539198821694
0.09612826789244262
0.14784103340736526
0.13691719069133437
0.08611388818078825
0.1353151734521123
0.1780534678523985
0.07945200762484067
0.0843668577772816
0.1620873104960635
0.11753502539686494
0.07610644576809528
0.1361684321626221
0.10672423196895818
0.12823871579635884
0.12067891459536062
0.13846358872182632
0.1031046756630478
0.11317687461534992
0.09120488005476231
0.09783834214918963
0.13587156292449504
0.14590101462862262
0.04256060464284944
0.12060490728917302
0.09832915219534295
0.10768099180246922
0.08765388163545829
0.11730886691361743
0.09892189505241639
0.06325261229276226
0.13101495007443545
0.13984132135253788
0.12637869920507253
0.14476148717417364
0.14868008846666572
0.09689038757136365
0.10116791451586324
0.1301307733476503
0.0702213408968298
0.09635334094990415
0.15240980962117548
0.1074121311350027
0.11578623847277368
0.14118112273061847
0.10180126208878554
0.18649809717875038
0.1438554186434978
0.07417671219910105
0.1346376515012709
0.09804904543104467
0.13232383916714385
0.10606838757481496
0.17840191111772707
0.08974767405986328
0.06564174951672816
0.14510087558989576
0.12085035916604485
0.13238386936209762
0.16080134465730653
0.13956320872563605
0.13570272278109893
0.13765228913457145
0.1281763105576738
0.15965516530116713
0.09487534441866735
0.09385974330653224
0.12600795122164035
0.12556903668510774
0.06917535324581424
0.09807061323984417
0.12907733813183808
0.08064760949454103
0.08054744124028665
0.08238959149481564
0.1611790393037773
0.14801928091249333
0.07700454710547006
0.1910630975860041
0.13574240257320033
0.08304527161304193
0.14716465909825865
0.10004517611263156
0.06441624645538312
0.16264909581105993
0.13834174281456296
0.1049996167085996
0.154082305734138
0.11085590148574037
0.11975498488167424
0.09780611019392432
0.15305259582471353
0.16893784924131097
0.1392809789672463
0.14094658399136173
0.1597711147943522
0.16695400657945275
0.12398167035907136
0.08370205001295158
0.09879921271237709
0.09683185635721868
0.12333223744420768
0.14304015414066804
0.1029059733566554
0.12287063600951818
0.14948392110870748
0.13439968937143412
0.11991648905194911
0.13824321288066613
0.13799553841180331
0.09830494872889349
0.09467565433733795
0.12706804903841754
0.12305875769427263
0.06714108138039446
0.10510978671774304
0.07975132335341296
0.10081268847441702
0.08334585575581735
0.08241177495276196
0.08702803105369333
0.1698553401886842
0.09600754255361398
0.11399642655536843
0.18919546899387701
0.14548520094282752
0.08343774427944825
0.1324104326171144
0.1263501700742164
0.11251584721633508
0.09404589110100103
0.11418146437932755
0.12954006299027887
0.14559191042149433
0.10691860122980766
0.14581232741629566
0.09086149436190964
0.09922388121077462
0.13036167900843992
0.13513846439974536
0.12165290221130451
0.13403855446527996
0.10123368019603343
0.12546655233889184
0.18144914673284715
0.09910512286109044
0.08323500061739765
0.10943790966975324
0.11815562839543689
0.14826640460595256
0.10359797771108895
0.11817564670677669
0.10602215346553502
0.11464229721554024
0.17755220624807738
0.1593488208657218
0.12995529086000357
0.13330722390391686
0.1417691127464025
0.1522496606907814
0.15265066847285458
0.08548138982685373
0.1494034418147255
0.15108864498106686
0.09943923446954296
0.14104211603165542
0.15888963433117825
0.12800155041372074
0.11882951329011883
0.16340414357361982
0.13129225049780022
0.0990409375738328
0.05754693462131212
0.1567050485614342
0.13869291361676833
0.12237157070180966
0.10451657730667482
0.11605759667676882
0.12397316240867325
0.11273706694461345
0.10138574162128736
0.13387820297245678
0.16565608756845351
0.12699437345052694
0.12231655525852292
0.10155925430408635
0.07332160518525395
0.05858192937399113
0.16762176487228
0.15409442208982888
0.14548730772133683
0.18572486107714772
0.12005700197963468
0.09663116502699715
0.08244247685170776
0.0592794480990309
0.11549311806074598
0.12514754606802408
0.1088168023240483
0.10341792418317618
0.136338045124421
0.09432774675145982
0.13165339606540044
0.08578296470777706
0.11196583855691476
0.1073071605167849
0.13540533295134324
0.1311594821643843
0.1315742828627505
0.08625079885664266
0.13100608956384419
0.09999906153327544
0.08151850080260525
0.16130860179589196
0.09490666006441793
0.13400802257415262
0.10988103782338102
0.10832337800576752
0.08670471798843996
0.08163250429188051
0.12303234501137073
0.1651505807709806
0.1337134810158185
0.1396736450910989
0.15468238065034384
0.180438657591349
0.1406138704509821
0.06878053030829169
0.07087591026794196
0.11786346655118801
0.09669335533466292
0.17152560892986887
0.09236884382999017
0.07906105691802628
0.1402916749731515
0.06703831592759715
0.10046173600431269
0.07139138885264903
0.11111214291292178
0.12916385612471268
0.1508048870425861
0.08589494441860557
0.11579421473567321
0.08708755433627055
0.08004502131308566
0.11945446997373901
0.11009133959995751
0.14553530527336414
0.15252989057186317
0.17657578504515753
0.15504003400172522
0.12201334673842046
0.0923384008715956
0.0782688123924506
0.11456179648680725
0.1358359543690527
0.1340980733294122
0.0731644962986541
0.11236566381789363
0.15187114414037883
0.12797703756937795
0.19271254046259617
0.09626664011161391
0.10895690629736035
0.15047124595314548
0.144468447821364
0.09861725377757705
0.09048194585281147
0.07779609433116288
0.04645347492108581
0.13529469001172323
0.07167693959421947
0.11649415345107984
0.1258183145345314
0.10406101321268074
0.09834796396347334
0.11589459614831019
0.07762789673932996
0.12083030497736863
0.12059884623114901
0.1061187548281262
0.11371491034922317
0.08061674215371883
0.14716782344398124
0.062075006486446385
0.08222737495735366
0.11068496074757124
0.1129836642799855
0.13467212788327573
0.16677770624203658
0.1158682050974761
0.10813620649377162
0.11806347734146878
0.1456101570085864
0.12109457694061988
0.07648751883391844
0.13210819620984998
0.030757493127200886
0.1426962049839524
0.10992383258766039
0.14722864007164707
0.13914374959776124
0.10626759209218804
0.12838653290705507
0.07887784896520131
0.1441189469127095
0.1064518049805602
0.15991466711321495
0.08408608909151132
0.13344839129328348
0.13928939586854117
0.1371244173236306
0.1133375996119533
0.06962528081660893
0.14696547565641835
0.11456393491913346
0.14900802393560414
0.14753812456547044
0.1357244072219504
0.1169368224281115
0.10512965554650301
0.09434254604967449
0.1426297383376512
0.15054145237294925
0.08303649209004316
0.13080745044259626
0.09754564756317263
0.09177362126342077
0.11138466530099378
0.10031982850307132
0.10695796983057346
0.10135767892954148
0.07528577634808323
0.13979188953303356
0.08201554675008459
0.11413184840641681
0.14843669290571376
0.12852214982078833
0.1274517391987095
0.08712479282956362
0.13294667761257317
0.12189885253476355
0.12176246897640744
0.1193151272277037
0.09319592583009333
0.11994400706497013
0.15663173749159717
0.12676214991883897
0.10739235981228654
0.11581194896795574
0.07059971413780722
0.13959552030952296
0.1514004462357134
0.12802473394910902
0.07511564533477177
0.1578752915182645
0.174016587953124
0.11870598971217478
0.08367481232260081
0.09878205243580201
0.0743206753401421
0.10184987207680701
0.11673107620783256
0.09502907754943335
0.11779389694528174
0.10193733734113038
0.06711806149614989
0.1414644329479113
0.15702458920425344
0.1381610188687172
0.17902331826545886
0.1013324806279691
0.10778343365523038
0.14953406081282733
0.1729439122380225
0.11057730180515482
0.17840918108807302
0.11001787179746123
0.13084654787617195
0.11644650765728524
0.15810581677595442
0.06404290462626544
0.13065583903890088
0.1410906436753369
0.18257479241659308
0.10751439293460704
0.10949233090418528
0.07052205905015443
0.14315908410578973
0.1347258683610908
0.15383460966370643
0.1217854321361206
0.1273712236679906
0.12325619627347627
0.1450719959748559
0.09726355884618831
0.12194152061621923
0.12323361834301728
0.09793142996422977
0.10977505843387372
0.17037989506065704
0.10972307853080401
0.17461509333444378
0.09504990960195875
0.12005005904408757
0.06723383790276763
0.15412678640291277
0.09924934312251614
0.10176691181310474
0.1185317554165674
0.08074208192098972
0.1310411547018069
0.12605664428222918
0.09508521300402255
0.1286921526129388
0.12011591924531534
0.06024761864790809
0.12431954525990246
0.10049539507622439
0.14012028070401666
0.08953392773641217
0.07384091734276903
0.12166661568126821
0.12137793672473113
0.1318480717660238
0.13557969952648866
0.15687273560797813
0.09241168825020858
0.08824493625447773
0.07213655236982067
0.0777987871567136
0.13762067518056678
0.16934771792312603
0.14658085250946112
0.16123722892539802
0.08667961002353024
0.12461737496421837
0.12228190683654719
0.11380576278208555
0.12954617040622068
0.07443908550702921
0.12458000278172066
0.10787083065060393
0.11326038036256601
0.13951367638487208
0.08699489145065617
0.15736495553366736
0.12532926370339767
0.11253447518537683
0.08849854670286111
0.116247708770986
0.17593857904325258
0.12457699857960466
0.11459076609078638
0.10376978307775059
0.12069164433427182
0.09790257246492168
0.15063209417390025
0.04556985029987394
0.1364242050368197
0.11587467778226931
0.1552895688866887
0.11986375336801455
0.14300406183520847
0.1254074803258566
0.17871483701219987
0.12845960736852322
0.14956995785207697
0.1102816954365445
0.11711872836100765
0.18288816435789537
0.11725725976894483
0.13299453042456053
0.10202390368711126
0.13066607191170412
0.10953124136587958
0.061923490202725584
0.09507073202831652
0.09253031791281109
0.06751107197820366
0.10855783752578488
0.1274715856078766
0.12012890849613905
0.1914138825834867
0.07877051815630634
0.08890827218662198
0.09164727805882165
0.07940370347020206
0.10840965144201091
0.1013772708140687
0.15704911755802323
0.13841987708560252
0.10652652359051229
0.08768883329379584
0.15579957617649984
0.16218444656308623
0.11672711557379596
0.11478479451725776
0.13766746493363016
0.15731181183523935
0.14833051400874675
0.1425204561337692
0.09902343511137181
0.14909715794864453
0.08074069119869975
0.1538021781768154
0.11959370464238014
0.08599936119584428
0.10499789883569574
0.12880098857778258
0.12245484096185098
0.14184705461062125
0.12403175938351048
0.05252527728646976
0.13128581697102876
0.14908027675581245
0.07915278761070016
0.17351749548983172
0.1429823486348304
0.12576530664063307
0.14046630299807134
0.10416585947129639
0.0885145228590836
0.11062967922162846
0.1163117443660666
0.10116313038573893
0.10884860160316778
0.11696671842796766
0.10792047666808337
0.12651073485800682
0.12677173596868138
0.10822884831701358
0.11531243655215671
0.1504355992742063
0.08685309452487985
0.10830158410112678
0.13237456553307964
0.057118634277254304
0.10743013534341365
0.10993797720399046
0.11841899232324611
0.11575227994700345
0.10053565407689763
0.09146862697522024
0.13918206670165978
0.13117759696083942
0.0659657291555264
0.13180645283491826
0.07637981662030473
0.0810977884780958
0.12631328137621367
0.11861900403137045
0.11555351435814447
0.18065806997344147
0.1123648075049656
0.10328995867266261
0.1131558251245943
0.10783086002034814
0.1239726071111579
0.15791868060150188
0.13107553854894033
0.08155756402603287
0.1091651424916983
0.10770965299983433
0.12409662793284182
0.0763832342266488
0.11548762472445723
0.12799690725997537
0.16279959490446932
0.14984806064482167
0.10971699498183043
0.1358985407134295
0.0841534067926015
0.11393958351164467
0.1484443245494706
0.12679763910724043
0.05741457245867927
0.03353545336355829
0.09949872764208666
0.10279640997160563
0.1264125596796249
0.10360394621045256
0.1232515018764655
0.03458414822532678
0.12150516427332766
0.11408529743126458
0.07784460531026757
0.16171371522292943
0.13019191280038891
0.1533341334044728
0.09453776691575491
0.10028889657245776
0.12820228410234966
0.11959383410535963
0.0732440970147212
0.12306181417593805
0.1294381678172337
0.11075170073564719
0.15095709406824837
0.1539312730780384
0.15677021814166828
0.14468175412366902
0.16997636933373608
0.1548572331534409
0.11489569325410867
0.07822193303757133
0.15134698363511306
0.07842950908946898
0.055124926388543785
0.1250763879156019
0.16418981596832877
0.11377944806992278
0.14489866102069882
0.12581875229281594
0.15328546402481233
0.12693424681349424
0.16388426258698455
0.12281228747844646
0.12942267047324205
0.11450329956163156
0.10528948108559846
0.09080850257790132
0.14874375150152688
0.11374116070996204
0.13780641961791237
0.07861053543222657
0.13362252536087135
0.07742525568023945
0.1438245779098616
0.13613556505041832
0.08584631853016714
0.13943154570622762
0.11733167012897368
0.08143645545493233
0.19536033674700934
0.08805039705497439
0.1342047265708994
0.09007910571757752
0.09676401638287405
0.15850167312080463
0.12134365259259171
0.1312063438120648
0.1419516116861993
0.1615061875189065
0.10143069550181247
0.14390424018783862
0.12437204951165456
0.09406059242074957
0.1036442010898206
0.10881223596642028
0.07992923277137357
0.14141057983670777
0.09321635937062087
0.05692211176089264
0.1435160946260865
0.08238205148020399
0.13509603317345784
0.061378326235339425
0.13762772935532855
0.13347409266279076
0.09957699470637194
0.13172690980378285
0.0812894411456063
0.1375586505070367
0.10392390343269364
0.09256083069891702
0.1116848533716281
0.15178766607892713
0.11520374334636205
0.08298820054586242
0.04837292599148306
0.1209923104050742
0.1488873457627701
0.14789828258831886
0.08653264013345027
0.10523109190011805
0.14640917033725373
0.1402673870157873
0.07565467772451609
0.0969112482734683
0.1295212227504885
0.0803935855358367
0.14476571942258143
0.12848149614155563
0.1335220198860404
0.13224578760189798
0.13234551298082592
0.05931960310292106
0.11006206186739018
0.12579645187436067
0.14203749297607618
0.11735327428658192
0.08810044862198718
0.1471495672058587
0.11996459531292152
0.0962500207943782
0.10434110620907193
0.09289553561476607
0.09519440869818131
0.19420924556334968
0.10174536321546022
0.09413471005031077
0.13376212818435737
0.11147221449891748
0.12435805189302228
0.07082024385709465
0.13852032879982523
0.15770704985968978
0.13334714061988234
0.10814809512704726
0.07706922651417444
0.11383440816385122
0.10752351728050873
0.12696655193753434
0.10461936821448523
0.17890918581294143
0.11101380340717312
0.09724168023922591
0.13507598456131079
0.11953656449824392
0.10508761467743773
0.12532155653626484
0.09417886745325385
0.08067549516632187
0.07593271832636586
0.11669247257548282
0.14200769990381826
0.11244068934619965
0.014812269575374973
0.11385807688607097
0.1469203924299518
0.09691660354550016
0.1512681327696785
0.15794352594320327
0.1421630877386523
0.15777642445474274
0.12807225126025468
0.11638453001407542
0.1291302722845545
0.13013383636090453
0.14140938105614775
0.16692363122979495
0.12802357579993323
0.17375759252725803
0.0906311579332489
0.11083127326466027
0.08279156939379215
0.07115737473868738
0.145665322993084
0.11665751851945229
0.10393967166662141
0.07101867005578968
0.1356849425099031
0.15255446075983511
0.13043133272679905
0.17311026693476517
0.13681824788532915
0.13464160738285588
0.09588052395258914
0.08038076995217219
0.09769765399920716
0.08042638788540088
0.06870053949600023
0.07642779675741541
0.14739439571606722
0.18178410699375983
0.12143681321324845
0.11558485285106623
0.11794368979433971
0.12558557922691857
0.08349157822730571
0.13316458820645294
0.10849404543625919
0.09573432928627665
0.10019692689431658
0.15487407397646072
0.16579824088914336
0.09515840196899
0.13830285877034446
0.10574853248475587
0.09582963366482533
0.11579029477956439
0.15157017101465325
0.10501183341638175
0.11520850172764706
0.10513475068127164
0.12374358398761018
0.09298646037872654
0.1281002484352397
0.10335184166391767
0.13962569347572676
0.08541380243213831
0.14097704061307503
0.12631121292971306
0.11228798031286101
0.16013313769925805
0.1116551559486369
0.10899371120141678
0.1110096967580247
0.06830603053957164
0.14959676727200844
0.13074351285261734
0.12675906222189967
0.07349440609041208
0.061346095104834006
0.0804323746948577
0.12863586997924678
0.08532491731499611
0.10361515040265819
0.12247460626612494
0.09876655545430851
0.10154682993006256
0.14330703865428987
0.1831112465912052
0.10240639838484338
0.12995199013651
0.1094787730568444
0.14987061266263363
0.12976266751489823
0.11517803626379547
0.14027066179445766
0.14239669104426456
0.07333733121056396
0.117761411351293
0.14096639921858817
0.14231638097913962
0.137076240504647
0.10643465097155914
0.08068138232783725
0.16428326759385822
0.09740534232555914
0.14268050710201016
0.10669222082263174
0.07155195678045337
0.10443905564535481
0.12473299151827227
0.09840740599205788
0.10920333852365191
0.06916667160165027
0.12408616017237098
0.14432356621489995
0.054826491306318226
0.19895629108467594
0.09320324101077535
0.12799418765255402
0.1268748646051419
0.10646441372164074
0.10948263579003989
0.12410603111873494
0.11785565578804753
0.13407843901076655
0.17120847993816488
0.15075276588408304
0.0897285835926213
0.1497135915978044
0.12116098709902491
0.08964370101256369
0.05382855786257634
0.10433087311972175
0.13870214351348434
0.1260271858594203
0.1624898013910963
0.15395227211363
0.09003670314147975
0.10478317792357747
0.07217071881731217
0.12337209271504877
0.14415904436262547
0.15693696027035653
0.18320147080983104
0.08748698982881856
0.12488098038232145
0.13639183582224326
0.09134446748474022
0.17035337404999312
0.14869300278997902
0.12457959441804638
0.11356264475196888
0.09742359581097676
0.11980107196140238
0.1625739302981209
0.10642295167992691
0.13451637305295414
0.1244687949492203
0.1173136350727624
0.09142594278961233
0.09958194022207074
0.11227293778923812
0.12528533602647468
0.09231726179321591
0.061932966632842215
0.09786215276531211
0.1474379947622276
0.0956742148439223
0.1612700779162842
0.11722701344585225
0.1446558919100993
0.0625194723046163
0.1397336687505537
0.08516190569099866
0.16557593245832253
0.10423095217182242
0.10365264711725702
0.12612248643349408
0.10443510533264863
0.09869304410013302
0.09863909672767926
0.1435199400281573
0.10676932188468156
0.10222414843159539
0.1327579526157766
0.13237342278017813
0.09686748301135245
0.13646679309374202
0.11918649861961274
0.14166838013554278
0.12451796676301156
0.12171469059395557
0.11238050634635285
0.08406240082769229
0.09941695859003191
0.09955681050841741
0.13007532976072775
0.09898607224079904
0.09511671798040056
0.13203679514480834
0.14443785377104662
0.13131005469217324
0.13323375800776754
0.14949316964663384
0.09624127867996489
0.14013340690943746
0.12159916098666776
0.09424029612345368
0.06026716504698164
0.08277554185467206
0.12875177513867161
0.11462425869414118
0.10377313787964801
0.14720776371093805
0.10877791073015725
0.08476064854270057
0.07788800484716313
0.1668248613954315
0.13270852835095504
0.09278641619196504
0.1145016896776162
0.09471407436060848
0.11506490358249978
0.10328846374287491
0.13809328223293307
0.12295330261376317
0.15850580842831008
0.1263903893401882
0.14676962609771588
0.08987001756960222
0.14291822146436134
0.11618195455129815
0.1568442631297991
0.10057074583722542
0.15517059613298487
0.13253570578450802
0.14390455275315017
0.05774920310100112
0.12682876967116014
0.15852341412161547
0.14092021061142848
0.1079498017933713
0.1277668477339126
0.16975797036158577
0.11584920440124294
0.10502653572723462
0.11051375737431068
0.16858144029068547
0.13220409200705194
0.1622349141858868
0.10818096324620784
0.15516977472278962
0.12748105675489088
0.15026418629168586
0.12125345525871994
0.13681502017387906
0.1723436045652934
0.15602211510225936
0.11885997924510337
0.10113704804549244
0.17242280475925242
0.15962580073989896
0.13043697753193484
0.13925021843382734
0.11644514445744404
0.1727090939486368
0.12397523734527972
0.1159944820089497
0.1162211670390045
0.13509065391928676
0.11680254764021847
0.11466462622300365
0.10449449037951043
0.14181983471862902
0.09743070757047605
0.13333625073691022
0.11465004238541955
0.08124555233721356
0.09997918147134019
0.13676181607887042
0.07043372973833777
0.16487363598597127
0.11420538269210113
0.12198928396617108
0.17588999658235943
0.1303885727573395
0.14167168294196772
0.07935753610411517
0.10966849615187639
0.13396022007998215
0.11837843963240874
0.09738133650118856
0.15911817731557637
0.14858975454039985
0.10482396179794944
0.08641950247439634
0.1271540832797655
0.1346904752988035
0.15430368636633526
0.13013120322650013
0.07502831104098967
0.12629814210078658
0.11478930391216452
0.1304979771398604
0.14128512998897969
0.13217192262159902
0.11077095316786326
0.12189394859620445
0.07544599539543845
0.12093476938697939
0.09871590768006627
0.07174164540516627
0.09941825754920995
0.11844732363218669
0.1068797711332253
0.14595209470948106
0.16086933723432223
0.12365768568976049
0.12823320903847557
0.1449303573149868
0.14932359246294014
0.11844404266980431
0.13408388251966147
0.14628413284000252
0.15706491010216875
0.15349753955154843
0.11990401797250205
0.1583313077487144
0.1228238585295686
0.14340436070731868
0.1137616250887721
0.11125729596474411
0.14379795615299573
0.17875856758544073
0.08692304868690398
0.17451764363765498
0.14349216554181224
0.17734706566406405
0.10000696355498108
0.11759698659439316
0.1228064155034261
0.08422137108894857
0.12269745450595948
0.13614690587692346
0.171261152224343
0.13638011619487644
0.09088212940505457
0.15489228987911163
0.152231414807825
0.02230960685138067
0.14862001806563735
0.06284292941943162
0.1819757664028624
0.1443070012454935
0.10162312432155936
0.1111941119314789
0.13565387910599477
0.10871993410117672
0.12550269847186685
0.16010992158303794
0.11975538267295124
0.18153742913984242
0.15685117356222916
0.12624129880401894
0.1052547553621523
0.18124331950118766
0.15341905898950872
0.08328133244609057
0.08416988357625038
0.11429728769147783
0.10767323577322858
0.0858876469146843
0.12357596972833797
0.09128596371719215
0.1526293541237711
0.11834342517620976
0.08596834933135465
0.10737440963871239
0.10428833114744489
0.13678751243014078
0.11337572063484239
0.11286846340676446
0.07731474820925922
0.12674828138827926
0.19111254480682968
0.06387296688973654
0.12387339797195644
0.11043486117862247
0.14301277115213626
0.11680463805068857
0.14536639180994113
0.07359613592706718
0.16465710619809276
0.16904046709082513
0.1644753453320937
0.12482076437874114
0.1599435805978082
0.17969632776966818
0.11911437403626113
0.10681760544570838
0.11137962686791
0.09379183385106926
0.12018246953028539
0.08694692180057949
0.10365721588354213
0.13259883714201912
0.12364411431545215
0.12626797221185548
0.11023899485486874
0.1534531835332517
0.10965280870855634
0.11198449235087009
0.1119888516556126
0.12046159291970057
0.09586778735287566
0.08914422668609986
0.10657634783367259
0.13229705060342403
0.17406311324970303
0.12980984475432464
0.16224616017643007
0.1528251831916551
0.14699879637500957
0.13641531126809758
0.1426050138545927
0.16936874459276047
0.10773228816130806
0.15967380894307281
0.1320517993803739
0.1371567898778787
0.1443919577752177
0.13774004910270005
0.0635286412578574
0.11325217718980912
0.20785815930018156
0.11078363398392778
0.1346149489758206
0.09419754144523854
0.1352489374257595
0.0971180334043165
0.18349142436276475
0.11728752250405233
0.12851978849365603
0.10318695567026102
0.09880706956225946
0.09572643364983188
0.08984218282489209
0.09151911405562003
0.11742838885801894
0.0785464205509335
0.17806629616608594
0.1562693046005306
0.12423882730302302
0.14352425816800396
0.13107674045462211
0.08503640785011565
0.13949543801200714
0.10270913872932999
0.07869653427160289
0.15288076021292038
0.08632381589390566
0.16598300931869142
0.08256869643900411
0.1455427236903184
0.06460381173020269
0.10045394750231583
0.11792506292723545
0.09003352181124528
0.0720028733678728
0.1365871535093408
0.040920539993211116
0.17495646716896884
0.09212521952142592
0.172585960821515
0.11136089201989458
0.11913959592792306
0.1562369903785865
0.1592164934923881
0.08728634527357629
0.108109817989977
0.08978031536341738
0.14238660703356404
0.11720986420888407
0.1316883102947978
0.14439009347053153
0.0922210403731333
0.08881065603514901
0.12439970719489173
0.1668383770148148
0.1536230530182987
0.11433429699645427
0.1848983584752511
0.11708735619375811
0.11857003108073995
0.16128244265917954
0.1033983958892352
0.0819103165486432
0.11119686623634457
0.12568100980436947
0.12382470844111086
0.13604250933036505
0.17007161403455445
0.1286857245868218
0.13852819809810563
0.1428749016278198
0.12028442301051842
0.10134208115207063
0.08668532517296026
0.129319938459078
0.0970137844445421
0.16062630599034003
0.14651343377299902
0.11017635342952263
0.13500422856026198
0.07989964900863797
0.1421648524360328
0.12927779615470866
0.10914273726521967
0.13463612460470287
0.11526527840136087
0.14734813121139745
0.09868377962735443
0.09598959066171123
0.11998940118657557
0.1118165085997561
0.1301827665380117
0.10706508629431075
0.08611255976696848
0.12435105188259396
0.10359255476337526
0.15950191276974002
0.07442065850320154
0.15085412328346615
0.0672180689052462
0.09486325561370196
0.12389403259262662
0.1634024408899546
0.13562205692481016
0.1359176235271278
0.12404370637938471
0.12431118640196782
0.12260663888364964
0.13885520071293242
0.15413331012130166
0.10170919929049783
0.12359602065384521
0.1323310887785857
0.13946925039724012
0.077801261130755
0.16196125139083403
0.0815087974578223
0.06130226227318758
0.10782363290087052
0.12333415625075057
0.06931754172186572
0.07821685904559396
0.13822581826413255
0.1723985981517735
0.12020428482590481
0.1508070718027988
0.049057822362841674
0.12099246548083613
0.10878474249716524
0.05234140315332911
0.12441023079830929
0.1300503887350366
0.128081734037196
0.16690139367049733
0.11025474989113429
0.09519668354700349
0.11816122921600762
0.08407797582728023
0.15501381058626945
0.13044986900057423
0.08471675437603399
0.14560090926682112
0.11136991585779042
0.09763836934697384
0.09276343490417913
0.10889766018808933
0.11755112573244227
0.13642966030096185
0.1736497926974258
0.15914170240115844
0.11558795293345485
0.13868056048870123
0.11103481700716995
0.05946140218487813
0.05689209653558393
0.1224023008343629
0.11240202889308087
0.08488013936174349
0.12030498908387285
0.12019210742455766
0.0813177550042167
0.19285577042871288
0.13712323776846924
0.09493009382943622
0.12631840472001793
0.13174137863581745
0.10329277557791369
0.11931900842018212
0.12479669688097676
0.14576323587338375
0.1297281874900089
0.1256943172163934
0.06197842736860903
0.09069362742271808
0.11825825915247791
0.09891587536076694
0.09047701725544366
0.13670331211345257
0.13804382671847193
0.07540246664897218
0.15545299794084907
0.08487954834723718
0.13261489986949498
0.0946744453699647
0.13580472945260105
0.06376714406752901
0.10219521587443106
0.1232607557374933
0.09752129097053294
0.10862480040996396
0.10503416877188038
0.10438294478124671
0.15729596037667296
0.15245214147741415
0.09967815272837152
0.1278331822372349
0.08738970903859647
0.1377717040943262
0.060862857069256086
0.11454480992587032
0.11384817104470038
0.10620608431471613
0.1437503278345321
0.1663286799082821
0.13892766186136085
0.06971834665509477
0.12344502194223207
0.1541121332582557
0.14430421437513588
0.09499323528213717
0.1462959468879903
0.11858715871946754
0.07810704002865528
0.1146403373353969
0.1338584532258909
0.16208358855036703
0.15294737723605142
0.1427090536339568
0.07488199243036975
0.11406541068597972
0.14198800404187417
0.1031894533534699
0.0861662588938526
0.13099656047681066
0.1060164412593642
0.10114186981024982
0.11132153108870849
0.11955414281153694
0.11731503643231833
0.0372828915981305
0.08806454465393587
0.12956452761795892
0.10350286657593596
0.14545837446018878
0.13310636542185098
0.13699434903774546
0.14910690453508138
0.11633807692116559
0.1690026218886302
0.10844442081535764
0.08031782434030077
0.11245314920004704
0.06493533639633144
0.1728770742287693
0.09579318696088514
0.10294918214445196
0.15149997962665285
0.156585730355626
0.11995716420344346
0.11942070363679926
0.11429843580958333
0.16071874762082952
0.113993575052938
0.07846645009505485
0.11768911793566567
0.11475403407831593
0.09974086580548282
0.1350293936936358
0.13215974749179857
0.1730302943100962
0.09169940896760354
0.18150677238328533
0.11707578094036795
0.11442318933600429
0.11603028838787365
0.15786717215384022
0.09533046923102742
0.11441843147358256
0.15770790400579648
0.08464411698918771
0.07907724951058057
0.13458344639836428
0.11493751718177284
0.12435102274664805
0.0900767793255919
0.15946575684862357
0.13699425156275427
0.06479382155691049
0.1336151525548434
0.09585858423442403
0.14298254488322365
0.08333392021246984
0.12082627833654926
0.13622597929371139
0.16705969141308352
0.048346332352299196
0.10878073809862487
0.1455872648405992
0.10862436739315556
0.10344707810971615
0.13663601999831737
0.19899752683829394
0.1245250565249688
0.09064900599223766
0.15106712562537714
0.11804507804678845
0.07031321076811213
0.09809048376366628
0.15002535007109075
0.11922654221915181
0.08262646105033411
0.15045225218744984
0.08614849586298087
0.09336266163167163
0.08962363325968703
0.11580446458085505
0.07055026256325722
0.06330834628071466
0.13639696992215042
0.10376590071273978
0.09287527382593308
0.10229791933295226
0.11528580894219509
0.08743784166640683
0.09791102950538798
0.092378838520937
0.16352248368698494
0.11005450158847041
0.1300431222585809
0.0958435795587422
0.10406217753749628
0.08464995230003719
0.05001215738055763
0.15282057438689578
0.12452007556630945
0.11999131070827788
0.1204866730253226
0.11156691350055868
0.11409360783070674
0.14506909959288414
0.09887821708658848
0.1591029136235576
0.16154439595287812
0.122844687358885
0.0860801881000604
0.13351928739515628
0.15691616166265993
0.11204089760802172
0.1050581737198058
0.11572720096961286
0.07766512508454022
0.12964340865445603
0.09740451808849371
0.13114184402780832
0.11501470379255999
0.10652993783954964
0.07035206313723982
0.12284982305903232
0.09060209147138149
0.1866425812195901
0.16366201675434686
0.1698423581376064
0.12137326877791269
0.17373726673990003
0.12722135719434854
0.1582952659508716
0.13980031469347556
0.16040783732634528
0.1466689787564213
0.13094337954479093
0.15018289548249492
0.15682023659135746
0.15456842200953552
0.14452328859521182
0.16103746941484018
0.13566289146662336
0.11966494796569653
0.16068038022123443
0.13283336622297945
0.09489363955589294
0.050294052275168324
0.10377397889209909
0.10582053819423189
0.13324026429057936
0.09320184773820703
0.0966543993658581
0.11524124324121746
0.0947842227061624
0.1666816214073054
0.1018110681081362
0.10107417985638889
0.08381339609256255
0.13277113478704297
0.11773449377256377
0.06930790674351364
0.1495094742097682
0.09276402122087128
0.04856463045490243
0.15116963956809232
0.14685691950027585
0.11920588838707849
0.10786235305423773
0.11114893612717824
0.16264390316683547
0.1016925842345459
0.11641827168641755
0.155271891701896
0.13765494813563994
0.10051176509326132
0.10836259235759647
0.14206302164295745
0.11189408113969244
0.1514816726457783
0.12626359694683778
0.17199849839683015
0.10063504568922248
0.13099130583959978
0.10314698334563305
0.14040410614576646
0.09280871606380765
0.13285940321803594
0.12961934971665506
0.0455927168588003
0.18693946544966367
0.14977349093094158
0.06579203036600481
0.13879409862627312
0.11776702972778406
0.10947570278697046
0.10030473924714188
0.10600810294529994
0.14779780300919568
0.1330162362319682
0.1282013057954168
0.1301707655463804
0.10569864629031882
0.11421813821510378
0.13705275716434892
0.10092972249962423
0.12441384313562882
0.13734892195069484
0.17612488688361733
0.16683536941028523
0.1319573257663687
0.09340677015245026
0.09665610091989466
0.10747452145657606
0.1258667713135449
0.13784824627423747
0.09316936383843005
0.13349880308242548
0.11621798891908863
0.12025114710912138
0.08751397115407794
0.1448063477968859
0.16179622907056238
0.17426224985946714
0.08684877373863736
0.11158551623255922
0.12168182389043272
0.11074286551010408
0.08177442311796215
0.18339893469153606
0.1429588835160408
0.10248905034518785
0.09284557252465131
0.09976181785247477
0.10052837748375501
0.19877919579463596
0.11998758011175917
0.13449357743209073
0.1184118847537167
0.15955343378465445
0.18139588704262977
0.11988100899027498
0.10196890453787141
0.13231640773111789
0.09605012620407338
0.11508100063243773
0.10808132613385904
0.09726305910127367
0.08407193520761763
0.16349928997923435
0.13808478783036873
0.12955665335753994
0.11566341390637325
0.1409788995666713
0.12163970002239112
0.11400929329500667
0.1583543917354803
0.1445747908001619
0.09325386609603284
0.0919358849170634
0.11199311003605122
0.12267878766154448
0.11739242259015457
0.11201961973934525
0.08638999191407729
0.12428337967087305
0.1215729589233405
0.09615265563679033
0.14040320129072073
0.13899829019887455
0.1397342081494673
0.12100217939791946
0.11835048461045639
0.1291206477737621
0.12381744770787852
0.17479470450967274
0.1254064137199755
0.10949556640002536
0.130939175339235
0.10770203885741578
0.12098742397997997
0.1554025709882945
0.1589538841055282
0.09767598988659183
0.07178882948345622
0.14308036837852797
0.1135749950277358
0.11604047831971173
0.0905096413957706
0.10728748712153723
0.14539048473597913
0.1512625991424565
0.03533974268972226
0.1403651411939995
0.13864949727376163
0.06099861405474814
0.1359475874434503
0.11592632278612573
0.12575659031738945
0.12661949319902274
0.12468539097736757
0.1011720222483124
0.15594661189483242
0.07927164261650885
0.18251763064405216
0.15857340332018258
0.13925749158428108
0.12988063794600427
0.1359196306903889
0.07538257476439039
0.08083208480709966
0.15596955851808786
0.120689947426956
0.12098428134565932
0.08002288568183755
0.12176040937982348
0.09557881819884695
0.11026402586526562
0.12065286945558772
0.1551039170228139
0.09276489066153581
0.1314883280753084
0.06808343244448249
0.16778821916139502
0.09570513714993623
0.11396438722201868
0.13043263031965152
0.1684912397304245
0.1150099468794766
0.12021776579684251
0.07611117118524865
0.13654999322259573
0.1248639345556214
0.13681227576597194
0.09351420316862019
0.11003637500057857
0.15912362672917574
0.11857451824698807
0.1300160933683534
0.0925672509356017
0.09447992506033195
0.09565388651490797
0.08326414341820287
0.11471683467881022
0.07457700897374092
0.14194911896287257
0.09198037041540685
0.08295003505006521
0.1477755762108336
0.10999072215226494
0.1821579907214813
0.1070238452958226
0.149724990850538
0.1202172358156865
0.09770759009489516
0.14795367462916056
0.15227786805770865
0.03963386571437698
0.1384149886986673
0.08481890916217477
0.1630932481416478
0.08591704553411936
0.06168101184322792
0.12587239654081908
0.17329850202503325
0.07035836937103596
0.1305312912776015
0.08464953325062287
0.10554016608674152
0.10556285427685544
0.14130388178021952
0.1402419143514247
0.0770007179807046
0.13944345890487764
0.07594902267600678
0.1177198820332156
0.16636876703531886
0.047770489017974996
0.1497709146300049
0.131589271202344
0.12606317272854894
0.1091173571873623
0.1453483964927286
0.1349000734525036
0.14258848125661347
0.17388715948088157
0.1384705860885803
0.12923374589588427
0.13876517365567653
0.13402166882311517
0.13849050170896435
0.13211615699505427
0.11044751090159392
0.09140647430781743
0.0869515222871973
0.09937157824251892
0.13409875871702423
0.10079217152379119
0.1415719820306463
0.0889939289011813
0.11224791967881294
0.13135845979639452
0.09023836645864232
0.12191829272676609
0.09870466514874993
0.11170278516540891
0.08369800729073415
0.14712202276008776
0.09855135643702935
0.05027415566563094
0.16124825395872178
0.15085036875596292
0.14519058933030643
0.06929081162290696
0.10397321357470435
0.11970420256715522
0.09474796861327472
0.16333561538884733
0.11125599452995308
0.08327653183704742
0.14258288902217972
0.13586245236060102
0.11168621421951369
0.15184019272489307
0.06894380750400164
0.07636620401122146
0.11935478966594786
0.13393210362658897
0.135661267139309
0.07553685715167772
0.12911756666424373
0.13438327955768778
0.10167674304399835
0.08985373239984501
0.05290883306759733
0.08360575180087654
0.16538741659130296
0.11281656090619945
0.09690687975592166
0.14708248275601837
0.1610485164079477
0.11642563000560688
0.09069495866342717
0.09754497022399074
0.14778715139470305
0.1534953718586651
0.14500576905560314
0.07323449248039238
0.14101269127745228
0.12181471470993631
0.12818121080093314
0.08029751088238704
0.1107160960041739
0.10525398757142007
0.1645768026336267
0.12270804311331321
0.10873438385987508
0.18295698097572038
0.10443702021153442
0.0782485601396092
0.11946619412285805
0.08229082211831229
0.12910237618908701
0.13035419811017998
0.0979807645577163
0.08314158435240382
0.1697600461037359
0.11995051603286137
0.1426840211554982
0.15258844558972234
0.14885226966942894
0.08800170510311024
0.1328018900226663
0.10504795261678093
0.12138319999956239
0.07968157830494983
0.10815063532397193
0.10058808530001609
0.06640750385651731
0.1508205416482677
0.09129846709725056
0.09840863964471433
0.16563344568572644
0.14064074913640207
0.14093446921732314
0.12465395246293857
0.13627963440277538
0.10508537492111981
0.10168216487500686
0.12472833726192187
0.10158661898671761
0.12759572501377756
0.1205461898866976
0.1441121467432384
0.11180347513839338
0.11022636720222172
0.02754062915737429
0.12547754174532827
0.1637779786369818
0.1297437999066771
0.11251831611632707
0.10271133562764664
0.1605086858919232
0.11272798290332064
0.07838002121412734
0.07854070313117247
0.1534634330830399
0.09174232498841313
0.156573432943841
0.08704462145221696
0.18549567012265228
0.15701888107273804
0.12962705997739665
0.0789011415032093
0.14850976604996305
0.13790243082612566
0.1390879016280693
0.14234114823987382
0.09383791905578952
0.1118160773086346
0.14202744192168704
0.07683487169551424
0.13650358485116382
0.16097713333590735
0.1544720609396841
0.11961817965728536
0.11961895032374106
0.12591430084598507
0.06723201603747511
0.11857289008337937
0.08878566481048487
0.057773549888616875
0.09267505849808787
0.10732904505499612
0.13738639624625448
0.09231470204790938
0.12020838914131896
0.11125749853788221
0.1405539898722854
0.12343149932351533
0.08967043889009221
0.08173416856344812
0.11307253827159389
0.12417986065814364
0.11773529717508796
0.10357176436849679
0.10031185531797648
0.13556449463445
0.13994049252201446
0.1123843007030431
0.13959313685963953
0.09944128406354531
0.08608867049842032
0.08426914907911233
0.09839820405642305
0.16278707474860976
0.0976652506261447
0.0893792416774338
0.12220679635697695
0.11912857762515644
0.06247577225783041
0.1356385907693978
0.15366544847753427
0.11237078124010563
0.0755570889473195
0.16369651130505203
0.12862742448253495
0.13257489597432645
0.06782768634570527
0.1195565615758815
0.099179759977789
0.14206303508131735
0.12031199034394582
0.14038919090526567
0.08758966172135901
0.14817227850915216
0.1501448566627041
0.10719061410336748
0.1331928991730582
0.12305111698253819
0.11294081383945585
0.13187298185724644
0.14095361303540097
0.10013399743668594
0.11307427764151214
0.11430695819270845
0.10196802914396097
0.10099517089754141
0.11366656710311436
0.12158160484967068
0.11470501757254091
0.04182559794586832
0.09634083736472412
0.08145947609383097
0.1081149301006396
0.11261853264490039
0.0904772998577544
0.1272070570206084
0.13070367880123976
0.12099772010117922
0.12290532649185432
0.15722086466011326
0.13371039442044352
0.07899772540567668
0.08957196791034143
0.04267870117154475
0.16671334437866414
0.14075917334555818
0.16061441757296885
0.11580134584094116
0.18455819867888001
0.1205016047165116
0.12883545150123393
0.14714552797490135
0.14552792857566266
0.1413665056176316
0.07677554296967107
0.12716431836580797
0.10414414086734078
0.12158388898984863
0.06626742656371049
0.0693585448099853
0.14278102193844033
0.18074272082356316
0.18086902185133497
0.10947317500461196
0.11010124011737193
0.10864975890037697
0.09103202681340061
0.1110727352400474
0.10220375734362137
0.11247960975855498
0.072795172410192
0.14203228504262505
0.1695705540045883
0.11449592594156799
0.12091563740018868
0.14641145211853013
0.15121927442744723
0.14008237943764423
0.08218167670261603
0.1300875721465177
0.1195512091294155
0.13634876825120107
0.11965019059502799
0.1469570657843454
0.12172471039498971
0.1693981043400106
0.16655143075126755
0.14245933691386264
0.12192228585978188
0.16631207218317576
0.16371770309297495
0.11379131620479273
0.09991360177142918
0.10780798735733481
0.15050901775569786
0.0973548692025029
0.11514121323426552
0.17333394571358934
0.1184064044589097
0.12660127187259013
0.10128056381767346
0.10288293158559275
0.10374866697478051
0.12218770355882252
0.08359537942004946
0.11955427346002112
0.14688348630224368
0.16303053643835455
0.11051871688338137
0.11714982329458506
0.10891226293822978
0.10955429677974846
0.06059949889276641
0.1509505803093676
0.1334971527726858
0.13387066568707023
0.09496223715184594
0.11234272382942985
0.10938041772502963
0.11533914376620175
0.11502317774585834
0.12343434371510828
0.24137352734874604
0.10359887861575472
0.14658006086704484
0.15619763116380553
0.14327050401103042
0.1145379267285787
0.07857721948258484
0.14960521253299747
0.14379935103617345
0.10295639077484453
0.13789973319348703
0.08344458232964044
0.15121160474756642
0.08967227477873527
0.09971526067446652
0.12567333935764957
0.11126852214001329
0.1002092159364038
0.08545352318775339
0.1280592056437576
0.14269225846444533
0.15551424243094558
0.14796111450858473
0.103721854708182
0.09630926404842782
0.121287029466341
0.09324415156078686
0.12848787169762999
0.04300840483490252
0.11885238317819981
0.11637238143531299
0.13648977782262967
0.09356861780533793
0.13940128659895085
0.09435906865663302
0.12060322894284833
0.11270675948106892
0.14251467621053093
0.1231795063113488
0.1565682792897003
0.13834483690646607
0.1146047270704293
0.1267066057533107
0.14744135591733692
0.07035636477604727
0.12469378449782155
0.15293602166932319
0.07936266303853767
0.10738791834722297
0.1016207254396942
0.09507874494913122
0.11814923461067818
0.15338377311818852
0.1198766732047337
0.14059383135223033
0.09129232661306269
0.16025672746205272
0.08931115582735469
0.14789062933470226
0.10757699846836664
0.14014444042769
0.07964481352496314
0.08142020126457822
0.12021063669901416
0.06236482733899236
0.1637940361622473
0.13904404897720554
0.10882688240301958
0.10401384594967186
0.09542370654822192
0.11847396022593451
0.11311128372561438
0.11369172211766984
0.16729617643661002
0.11182162625262602
0.10453529740205572
0.11074063515906563
0.11734913296257903
0.1099378788198416
0.10581929352214121
0.09009991813823702
0.10394147799627208
0.14152271800613017
0.11655731638624883
0.12130675689882035
0.06542738653224839
0.15067350393368906
0.07502017016310394
0.19842912561888235
0.13799033072756006
0.1238631168151727
0.13818109973639592
0.14047173684556877
0.09324597254545224
0.12041941134464601
0.130040548251131
0.10965555459918358
0.167839585136367
0.14747597197393886
0.09860260101516118
0.09911733178586085
0.1170085312356609
0.1261539149068401
0.11082823400440206
0.10424431083573243
0.1200803671194708
0.14928033781368036
0.12551458854782277
0.08660305621117045
0.07453981245656571
0.13508587575951733
0.08380920242786843
0.1287600956739346
0.18740409130509927
0.13639893320263996
0.12639809869715168
0.1274189605663649
0.14775412843696759
0.11034151205369164
0.11954744960761464
0.07790748351090414
0.1446966065603495
0.13266088730451114
0.12142017036624606
0.12925844918134138
0.1315761970900242
0.12011889373824335
0.09255607303801536
0.14651091309118638
0.0660661951106257
0.12797394957666458
0.13332846295976816
0.20200320106045028
0.12371308032593684
0.09759333171060233
0.13710433925607174
0.11584717191450988
0.10614721033232774
0.11400842429353035
0.13582406754690096
0.11308182586453554
0.16328641089858703
0.11098056342326824
0.06101977630682693
0.09114282368164374
0.10652814721344851
0.1111505554422581
0.09397149807428126
0.13858241110957265
0.13477130542626317
0.15755788925344416
0.12333074892853246
0.111045002313201
0.10604002274493386
0.086130211081071
0.12831846673602543
0.1322704054841998
0.11706106485021668
0.1416716764432454
0.11807518976651382
0.14693093504052082
0.10026483398307498
0.12687192922115378
0.08574504513924974
0.04880383863182115
0.0968691194567501
0.11155537087927232
0.1772013393300406
0.11964835017099641
0.16176219653777538
0.13852572231308316
0.10703984236629688
0.12907910008775123
0.15488895937349528
0.19116394801758657
0.08747809047201768
0.13212598953873989
0.12901470919111963
0.1539355049321519
0.14382168342146584
0.08848139054653759
0.10602741917243594
0.06272767866117347
0.11114600383669485
0.14049904240518393
0.09778046510555236
0.08105496912560654
0.07775958732888855
0.144034384126626
0.12042475765442635
0.09200910645528712
0.07837751023698822
0.11539781317155312
0.1350250342647284
0.12267747822971292
0.12180492161651889
0.08560184511132105
0.15265599107864875
0.12420239847072088
0.09778646067026042
0.10092189746364069
0.1515616512576643
0.11023703538404349
0.1821402232590029
0.18889774678904986
0.12834330185369183
0.11893416560033297
0.13729778290718186
0.1670511760255205
0.15935669248269982
0.12600828453938703
0.09245081794110016
0.09045440314780742
0.06472183659167519
0.11148496500381945
0.08531506892748544
0.1689321185923396
0.09424888821834783
0.12385654174997424
0.10070836108399508
0.09781608326856539
0.09451127302149773
0.12348167105039617
0.09931288984138059
0.11294490800476177
0.11054226405426607
0.18544347644041193
0.13719337654781746
0.11461240732022585
0.11789906562258601
0.10726029915438945
0.073083320884712
0.102481099346477
0.08105383686896314
0.13146853510188433
0.14219852745809275
0.11251122100738185
0.10826480509090075
0.11086499992775134
0.07326611286510051
0.14201420401996154
0.2053851371737338
0.10858579907250447
0.06707944737686533
0.15449587771366818
0.17501665208130543
0.08297592351269496
0.1711787678884759
0.07429389222979882
0.11360169784099416
0.09579942639307493
0.08789572625657867
0.12897452951135446
0.12056813367579032
0.12009930228474412
0.18223568566883735
0.0767812987912884
0.15552312005765875
0.11378851199204697
0.08182985466026522
0.07991544138453252
0.12647897041828068
0.11617911398755569
0.11360952043840589
0.1283905179577306
0.11186950927618572
0.10761311592158572
0.08767459687988353
0.17632601923846136
0.12213073947173422
0.13428767105627956
0.10486448939111163
0.14418966206595102
0.11947770674095498
0.12751591412850044
0.1096595059865205
0.10586003528255031
0.06020843988391024
0.14203676875214838
0.13258796735285938
0.06497576924041024
0.11103681870553075
0.06637032480061059
0.06549006014260103
0.10548155904098262
0.08784895541864365
0.03732619674963268
0.12233888628253299
0.12483081429014048
0.07936590749900747
0.1550068087137561
0.14401853854072602
0.11127752989621521
0.1337835407498159
0.08717550042680239
0.13332299228876668
0.1186652388503658
0.13971535525618506
0.13240655451647254
0.1298864599809223
0.08514962213180396
0.16002985698718947
0.12345943021272922
0.1168949636552742
0.12259246235268202
0.1600137139380127
0.0872567782948035
0.08913661405944527
0.131949755664547
0.11781307896008486
0.14236496342742458
0.15030238031853685
0.1309819719909137
0.06410013894921542
0.1439212583418806
0.15261058588675663
0.09914126900846038
0.1607585382921642
0.18909878623603749
0.1545380427841372
0.1730911595014377
0.13914249946259227
0.06048616999578765
0.07060123609407082
0.10513392935293314
0.13624027993430798
0.08259711543547976
0.07825855281743796
0.10997486222653063
0.1520944438589401
0.14058457625325316
0.1137884992350161
0.08384173695993144
0.11324031867242254
0.10869915351465978
0.09688124934762082
0.14681533921925186
0.0826324187826585
0.12682922041815095
0.1120483860854537
0.14417125349291332
0.10881415311434159
0.10165733962441971
0.105770767269557
0.15287223365513147
0.16563127133870248
0.17061885548280425
0.11926019548986833
0.1708317168424794
0.17646245203787936
0.12812466928577798
0.09722120469203772
0.1455990521516429
0.1362680787425909
0.050920554459794
0.11087251153934918
0.1320877467848883
0.06425620469668253
0.10726429181205338
0.0952419171552583
0.09821724501517255
0.15946813132711696
0.14681657995519817
0.13770529378608165
0.14249087112484102
0.10499277851441113
0.06600011318261821
0.10144021972805131
0.15353649726285082
0.05626380057086244
0.1523856326971944
0.13488193558459183
0.13196252563114258
0.11943644592326057
0.14890504688974224
0.12910607594717602
0.09570637777290239
0.09590808161314159
0.1391349269611992
0.08660725360447022
0.13559388137241607
0.1730244790720182
0.08754721270862953
0.13617281709715068
0.13220171462822344
0.08735632467464746
0.09191040527436575
0.05537112691333461
0.13801046533142192
0.1099326280244704
0.09150107172981858
0.10656721739720758
0.14279985630858685
0.15569544668523902
0.08975869965366409
0.11749064706765854
0.12649954229263782
0.14264727281445752
0.14199108635479774
0.08037401262579477
0.11182691762834351
0.15635786441158528
0.16461923817817523
0.10962513620233694
0.14169355590882932
0.11902241641084972
0.1152209887774206
0.15889743879372345
0.08658027472518817
0.1991199904215753
0.12097173076002896
0.13429786893481604
0.17973294350897057
0.1691111059516859
0.09614383359619755
0.11505610687769927
0.1525104331722235
0.10788023016431661
0.11474330325968218
0.1278910108483834
0.14297818284938288
0.11301019716358507
0.10961194411857626
0.13298058482995012
0.1202466564425021
0.1853076654667049
0.14445310920640753
0.11872572125160301
0.09454708862361387
0.12212761860718738
0.13163240944774607
0.11312298911737037
0.0860029663869851
0.09859956230114629
0.15246644766126294
0.11207142976699133
0.20263115983638313
0.16463399799549122
0.11147165072032102
0.07620522079043407
0.1227114136708238
0.09495241805369603
0.11379802323393924
0.14356941584495916
0.14870678079374097
0.12371563495645878
0.09419912472042861
0.12305840655098861
0.1321643033168108
0.17221873712542135
0.08701764914383392
0.14587194221471156
0.06276128319127508
0.11423094736065201
0.11672310573673747
0.10838565613760266
0.12188079307522798
0.13551979505805156
0.1408972473466562
0.16639248615589378
0.08117947650129394
0.085991216792365
0.12108221671561029
0.15059190947247672
0.14074439502436506
0.09348761917195703
0.09924778724639509
0.06573948144114893
0.12639007452336112
0.10608827696353373
0.13635130541324966
0.0608665691934574
0.15354801585703076
0.13419785809980989
0.09774321654158258
0.14800925274553325
0.16683349171492043
0.13273114965285152
0.10710095459733505
0.08351257078967367
0.11733755220492474
0.13747856814212198
0.12023507284061724
0.1024832438605123
0.07560842420750694
0.09090209811755097
0.10979898955647807
0.1418136800215006
0.1462061137954921
0.11013384550371069
0.1416941295638543
0.11624654133875707
0.13541947951221775
0.15199327984104588
0.08461514971316515
0.08524800747172065
0.11749236729046535
0.11918209267675493
0.07679332148842796
0.14251342945727408
0.12717583650755945
0.0927655108034671
0.14625873960960045
0.1472395673897639
0.0551118817328196
0.13950288453966253
0.1410132411831289
0.1446179620788744
0.18202912721217587
0.0760760521738566
0.11544811679253422
0.11216026237395485
0.1257236693624045
0.12161276085496493
0.09948467804383024
0.12584115155004336
0.11398057353922733
0.12921542998504468
0.13767170479125523
0.14620884112757984
0.1744039863836766
0.14361542246477765
0.14369129671394876
0.12653973803840315
0.13673103242644105
0.18809026023460843
0.10187565867706225
0.1585400155831082
0.0680482290370977
0.1039540534858393
0.1059439196416058
0.10288529173460825
0.10606022041129379
0.13456302746205637
0.12661484402810763
0.12276370997892333
0.14026136278084295
0.08309071525560358
0.12057114063820794
0.10575310564046292
0.11776425974047634
0.11444950787819524
0.11766661528572987
0.1101962663063469
0.13284948338925592
0.10156413812097399
0.15207310797111498
0.16805809423458717
0.13530376144597175
0.17391010293080272
0.13053504429981036
0.16051884839359584
0.17269767298325844
0.13309525639329056
0.1461722426837988
0.13875397698071976
0.1320518570683356
0.07680120545306225
0.12560992509539048
0.10762752809438722
0.12718884614137324
0.1544078912314217
0.10343613221953649
0.1134388625992257
0.15755156608383
0.07649229751609016
0.11345029464969736
0.12060002401925485
0.13213027376518158
0.16072940642924904
0.13731691563436282
0.10958598368515808
0.06092752948178845
0.1261462161601465
0.1061505197383999
0.17208088723204723
0.06833847486250494
0.10314132012020469
0.15590824239109516
0.15396432299413185
0.09975379369228814
0.0868050615138908
0.10292746352760118
0.12011420341273958
0.12862198441718609
0.1439297370049556
0.07478835675549578
0.136671261614024
0.09392669430128413
0.09775103507268182
0.13267350347312423
0.13798263672104052
0.10468509852832444
0.15127697727761685
0.14271585856722757
0.14971302099872907
0.09938694915737582
0.08905066683256972
0.08248385654602527
0.11283554594871993
0.09803659486232194
0.14037957711139923
0.10293746896160362
0.1345668872642478
0.06890929882970837
0.14134139556012315
0.1426836501062072
0.13506530168766387
0.15964795163901058
0.1421582133575688
0.08033125603876004
0.1748009774179813
0.10763301119589337
0.1287669257065709
0.14725640791147376
0.11820287423185048
0.11666106389174226
0.11162881649901625
0.14207843945550078
0.1147098124602331
0.13724534372408412
0.10437772155049799
0.1526644324561764
0.10776003265975763
0.09050557703773056
0.10023078629294303
0.13198708132623663
0.13423523491446818
0.08929475263125036
0.11747293223160045
0.1437199758539718
0.11308689975479745
0.12020991040254687
0.14713434057420274
0.12507590012754916
0.10196140916524137
0.10282080640960971
0.10649229103379282
0.16776887983638356
0.1206535123611585
0.1743366524662351
0.0552748327662005
0.12060240377247299
0.06831036251968453
0.16184453191902148
0.1574261850129051
0.12348682959463342
0.03384029697221791
0.10307460246388557
0.1824637966794962
0.14191954396260756
0.10013226224765899
0.12607110139091926
0.12704890579405517
0.12410904246621064
0.12882976754668748
0.09461774402794634
0.08921654881894854
0.12784935119909197
0.11706792089534608
0.09514360021770127
0.12845477601705124
0.07566108015133524
0.1668096917201465
0.13699028851582504
0.05649481309055476
0.0728383246361419
0.15999533195066537
0.06632876021528036
0.1518323778202888
0.057455344261606645
0.18233606305800276
0.11920751801162631
0.12234850508882571
0.10749453254641064
0.1512535521194494
0.13590548641242786
0.13117980338756816
0.1175088469002473
0.10725636832782277
0.1299889738521887
0.11512981356002144
0.1797285795578279
0.15165983370021419
0.15835748296154611
0.17610118260511964
0.1029467903489409
0.11117500252629778
0.15433024955936986
0.1593046826046558
0.08947285932168363
0.12763816905291456
0.12691761651316785
0.10253302822157806
0.036598221816109194
0.12208648893592641
0.14421371534239263
0.1018617654078934
0.08004830221319148
0.12642055021755422
0.13566888389759824
0.172365370344726
0.08966445136982837
0.0699831238022069
0.13587185013597536
0.14722009414431164
0.14365986884917328
0.11375961003759134
0.1304530824390086
0.1035546916969547
0.11431637609418412
0.052595400656447716
0.11508774719495307
0.1502015628886843
0.08156323794358072
0.1238155753879211
0.12164578208753098
0.18497771349308134
0.15026616393495745
0.06611705868726474
0.14546595128122045
0.11143856644337362
0.14319689289699133
0.11867220586008759
0.1367557245145862
0.09859913098010306
0.13278439192647756
0.1502222871453763
0.12192605785588957
0.08836597700366808
0.09785373217043103
0.10993760775970543
0.13765677101163154
0.13723854626743542
0.0617142620873442
0.10526305081517888
0.16129629446371502
0.14461969050479034
0.11988711785369797
0.18302157067532698
0.13817786663460516
0.10095581733401181
0.09112075139141884
0.07992472349321622
0.13473627343463984
0.07294685984129165
0.12113062831742541
0.12729039997077715
0.13269359715028925
0.12024899045178818
0.13625139015505552
0.18524828545492938
0.08515417762319591
0.10326817421091743
0.13783321694718856
0.09430208710739418
0.10649998700700414
0.09306295678376682
0.18901625370382708
0.06648518421745915
0.09461962012508587
0.12677968687062605
0.09714298093338003
0.04385958168136671
0.0920827937387735
0.09468014612852257
0.11605972711404773
0.125698065778063
0.13123925470705042
0.10141153277804288
0.08577011600028486
0.12018259485005224
0.13600093961112866
0.0958294009075708
0.11734347767276368
0.08781502627853058
0.12249718921474276
0.17867016977143685
0.08729359442022547
0.1298902207226502
0.1545017378632283
0.1258523707529998
0.12915036556097081
0.11576553295915878
0.11018851755649776
0.15308283359270164
0.11805812371398051
0.09070915717070328
0.14345967063718595
0.0931414766959995
0.09779902851529497
0.18327476047793395
0.11423566536985841
0.13820419407761028
0.12852093237830028
0.1300461214225694
0.12577660087124423
0.09180288167598695
0.10709675701861524
0.14250472648447998
0.11778391088779681
0.14933351370209721
0.13889091605850182
0.1325043293193481
0.1206848848102667
0.08784999128494796
0.1252054155875499
0.12402401483264061
0.08694402100827782
0.128397672591981
0.1237759276016487
0.0933847673111495
0.07868044378189232
0.09520825988399403
0.11849981666474566
0.14513855170944248
0.16625613048224872
0.11112425133374418
0.10805381709217872
0.08503297901929757
0.15377684975728667
0.08478493385353572
0.07423383431543992
0.09596384427964653
0.1708376662570409
0.12444425118649548
0.12123405954769906
0.12031873529120342
0.14443833789087637
0.12607599592068242
0.1584134973533926
0.154095117677173
0.11705366886510074
0.0827360341980512
0.0638635489501495
0.0836652590137015
0.1563727491099734
0.10364742922282522
0.13657080082109363
0.14425187413594717
0.1433496643045194
0.10958667743789871
0.15921784682744816
0.1260879779830958
0.1017889632999835
0.10669894253954623
0.10513425655079642
0.11515328635390457
0.15927274632025518
0.1903662979613779
0.13683266631008767
0.11259690610581594
0.09987360490299677
0.04569025489807979
0.12510019457037314
0.1616112827139188
0.08436231003892489
0.14767348358854657
0.07511148612517571
0.11054191963779195
0.12850416066285206
0.09359820638914976
0.15859409852314493
0.10747993038881601
0.1247634886414066
0.0775478173456011
0.12782206339546145
0.04544701255106762
0.1537357953212104
0.11579350703932519
0.15607354310735916
0.17614938852870451
0.02243497406927769
0.12497686746555306
0.09528310037207346
0.07780669996753706
0.17560109332948334
0.08833166364529843
0.1356602755148965
0.12109452258943973
0.12763563615965381
0.1142291796833269
0.14002845826626892
0.14993804499313895
0.12132477453389075
0.12315255299640052
0.10004478909191591
0.07994168189535555
0.1269255928660102
0.1580943997238342
0.1463801039059634
0.14001883078883115
0.12349198038518414
0.133062718326941
0.13403930618144078
0.10245518148299312
0.10322019455697641
0.12535636352416704
0.16565593552312052
0.1662834270148809
0.08899417479282733
0.13466581754431564
0.12456892126048472
0.06407311974307409
0.16925034661233357
0.1662750887049636
0.1221061313664609
0.09960512720824984
0.13845371127652495
0.1455347609416143
0.16511183610533242
0.13226604893557628
0.08860066805580481
0.14387873310583896
0.13249380410948797
0.13416397159433238
0.10141772959348169
0.12518538760366332
0.1264648079661181
0.12343977267199373
0.16794614039396508
0.12280222017742887
0.12289886419624813
0.10518856846876354
0.09697401287984139
0.1645909756859401
0.11380816658476944
0.1508798920991094
0.1669491258354402
0.10967230912882467
0.12921054383621802
0.1210954316561096
0.10622750416359722
0.15419499711040244
0.12283876197867595
0.1350440162973199
0.1254874908650897
0.08627480279851273
0.17573007066374208
0.13841434640992853
0.09036315582396902
0.12714278033446014
0.12325569626034051
0.13764438974496757
0.1397950599010808
0.09565980993126713
0.08075745094839168
0.10050534060464608
0.12922765992697605
0.09371164917484613
0.10924975307679155
0.12474260648834544
0.0736707099308626
0.1490927854231378
0.09330294410041667
0.10420621169796682
0.08892993032408673
0.13409493184788268
0.12418930609230866
0.1192621836794601
0.13053660598345465
0.11098794682595861
0.19941281815229894
0.07642779602012693
0.1571946529679331
0.10565937628556099
0.054564095969743806
0.10383731660095404
0.09536111167291283
0.15391543850260236
0.15329788566167432
0.15506414642384492
0.12853260255371549
0.11802279880471343
0.07182865779826574
0.08940159154529381
0.15985927992174612
0.11308345473199985
0.14716072322349918
0.11448143242365391
0.11836846501230876
0.1424159982606957
0.10121775988816042
0.07585917200870956
0.13831046586205573
0.13420131844460037
0.17973051544038782
0.0919201393028506
0.11940238174905607
0.11120114203296386
0.1182259031154156
0.10406562479158717
0.10196379046539614
0.16072874605044765
0.17984163811230874
0.10498743552761626
0.13729402158739337
0.14487733857142687
0.09331193726251447
0.11322582431001535
0.07858058766313787
0.0841844995947818
0.17842240417057187
0.13439378424575246
0.12867007557500326
0.09929254122011218
0.0934407208948237
0.11834351559211603
0.13593810285697797
0.15563672511335397
0.09908751692886916
0.12081488983905757
0.10048078607919439
0.06935887111015834
0.08583603882700096
0.1622640335760233
0.0751197900029716
0.12366963116536724
0.13300753515310731
0.13058870229971445
0.14987250927560763
0.1456682572929526
0.11595733285723646
0.14283938241883926
0.10285229549789728
0.10442891893133831
0.12256412472444365
0.14021873022204417
0.08565938941344942
0.12832002097294531
0.1304760384091064
0.1574553727055762
0.12613813529809131
0.12067676803676175
0.16590639547240488
0.14793765151103508
0.14324701734415338
0.1294132475480862
0.09514866822669615
0.11113864790138639
0.06155058654621711
0.06896184921332593
0.16504280691646267
0.1548106695703064
0.1331612157425161
0.11211216108905724
0.10502470038205201
0.17215676962577148
0.14751160876219602
0.13310443136554084
0.09671389993888993
0.1817809171616083
0.1435534679359173
0.12834301417577054
0.08603770340875633
0.09551748040880326
0.0948462524714183
0.029447559007552984
0.0764734137458451
0.11872143701234682
0.12482472017884656
0.1796745788066621
0.12959788976517278
0.160505397662172
0.1602723983970737
0.09954354037005243
0.13515057034155903
0.14195258382764536
0.16625494262032087
0.11639111531163288
0.10008227371269486
0.12182046776599771
0.1495672790949217
0.1345941930520803
0.17516404907898056
0.09954764648095539
0.1561021145150001
0.10326066598120945
0.15786752426680467
0.10997790218174228
0.09510890463784069
0.15449198856259244
0.0922471644710821
0.10271732064285702
0.09495039648234237
0.2013865260322627
0.07874794487919841
0.15966806143376883
0.10106054169238862
0.1436147861727389
0.14849607603919412
0.12896651796352973
0.1431329427471415
0.14662387556159598
0.08386942806202476
0.07773886709675912
0.09485250193055401
0.1558912754701357
0.16411196549328932
0.0678368012113785
0.09471518916787776
0.055839719116598685
0.15134990363606002
0.12804704856377
0.09816004358680189
0.13419484404948495
0.1170073298474321
0.1497625901898298
0.15391393067985387
0.08484117877009077
0.07517357953362797
0.18756706207637558
0.08666962293631231
0.11350765966111122
0.08547472230716144
0.09323066302730995
0.12083605179284815
0.14172263257905335
0.07929904150493983
0.11441877674924444
0.1559181971306035
0.13492216770902293
0.12814373362675366
0.10034438674059071
0.1327788378365424
0.12205749097876456
0.15021291615000193
0.1099417057321844
0.12628490603428694
0.09856395981676816
0.13271351258273092
0.08880327217580483
0.14869660738052692
0.1049669849007532
0.11519605929186699
0.056057569995582854
0.15189536648849822
0.12373823862639663
0.10375105934719722
0.13503729735523196
0.13724634961095064
0.12214973287799409
0.09529528117026478
0.12449588909648711
0.10861481616557803
0.0954766138439942
0.09519754337831683
0.10457175756599131
0.12571236709125214
0.1278742688907486
0.0763524325150131
0.15152526612064335
0.08068051315596028
0.1222779154562879
0.10801137513338262
0.1384670645305438
0.16025641093098852
0.10187565173054887
0.11789988040038395
0.10976800239073202
0.1192526439768028
0.14851084006447837
0.1269389810256401
0.1446348006017086
0.17514370459709463
0.16235068133423114
0.10604528569932657
0.15774337716938214
0.060672227314327365
0.12790339379060917
0.1364075551083729
0.08665275465425537
0.12057319350512403
0.1231504678101056
0.07256687110408437
0.10654083750837726
0.10678433724410893
0.06664050173973801
0.14549797734617295
0.07909341381267952
0.06836560194984395
0.05642714952137143
0.09852725160110595
0.14750720106703621
0.08496689622871245
0.16333023766779642
0.15745759833218126
0.13946453965226685
0.11944249883347573
0.11059613562397541
0.16922038924458016
0.07736011872723023
0.11047712134886785
0.12984553944681915
0.11435401040228386
0.044795859169625224
0.1426081691633153
0.1045774913064747
0.12077245725113209
0.08320123434748168
0.13835394631572792
0.1054273502436735
0.07604169385241924
0.17362552236460227
0.1024127931564483
0.12139140298360579
0.11423792617768258
0.13059430073331774
0.07559489340114484
0.1615064061013466
0.08295645648880404
0.1256541836716704
0.15445213214765177
0.09086178926348151
0.20630168154219072
0.18244154390838013
0.082634385275387
0.1427192368565119
0.12127328464493767
0.1310518642672655
0.11719129365479725
0.1603694877662476
0.13474501734208624
0.09853465081995857
0.10598708519831528
0.1718229396476193
0.17172770442469565
0.15625056091067485
0.1084330226210668
0.12342048436746761
0.09534469745522432
0.12670686837601294
0.16632656300055182
0.11972574784553491
0.14539993802451706
0.08868852531308577
0.18265858336068036
0.10546463162278602
0.17165461021797337
0.10435303553241021
0.09730182012379654
0.12464563625779612
0.14872669966926697
0.10778596867549015
0.11438510051576793
0.0796863748896624
0.13116873767953963
0.1288594006237468
0.09936617171132338
0.07309799929337266
0.1001975481323201
0.100729077641876
0.12929765007613891
0.10542270076004825
0.10045755507114278
0.16153254857677446
0.1802755263706333
0.19034412824193614
0.13221693575280305
0.09694672602336475
0.1094021729627363
0.09481203211932324
0.10333788803936018
0.08508580928275458
0.1470185548536874
0.14652963672390426
0.10628220335968355
0.0918704838785226
0.13489006926644267
0.051384800406978584
0.15235355095631145
0.1476971826493943
0.04946697360700729
0.0625459705965578
0.09993457581316884
0.11800422699474253
0.11405100602249288
0.17741088345134598
0.12684277961283033
0.09223173912729335
0.08375744627170631
0.07748556895885764
0.06883386832312735
0.12631474460357667
0.13977260572368227
0.10130870822199993
0.1343915727629089
0.12277765849059948
0.164751942267966
0.10269684761275807
0.0823037410259873
0.10680312606830114
0.129378536437658
0.12295319799092312
0.0990763682564674
0.1087853470857294
0.10463954563294393
0.11455868532488411
0.0804531162138197
0.16847087416205017
0.09256944566716624
0.12167712512087077
0.08747467719900978
0.13916807296465347
0.10939365833918195
0.07869350862739628
0.15224520134968653
0.1502661818573352
0.12506101808470155
0.08349782421391874
0.1460875055867611
0.11032557212399864
0.07738980073036368
0.10659516606739126
0.13657977729333962
0.11116553338263634
0.1656841731323252
0.1370416462420248
0.08542070059464862
0.08920422397326383
0.1814347561550762
0.11627957330998986
0.14312395261036093
0.1238558662498323
0.08232723820626847
0.1308942161653307
0.11721755949114403
0.17099557679991895
0.13626435147976385
0.09964189581526946
0.11941739544669215
0.12028365176127284
0.12327349645456111
0.11311371559964792
0.1409232122093131
0.10485986037945719
0.17272958753143453
0.11251248177286494
0.118860104222681
0.1071898213760999
0.10741141868445536
0.06744477178532576
0.12415277471251641
0.07111975055539138
0.13861151316499404
0.10673234872289764
0.10102422954851187
0.07685242059449035
0.08496167516032255
0.09280616359226929
0.09699992719544162
0.1542292759152137
0.14474857184972326
0.0729331591208646
0.05231675659033426
0.10615737468966317
0.12352528336965628
0.08357274305195697
0.11359176676522383
0.07675548216350525
0.10001714132492467
0.13701346893845318
0.1466339650372774
0.12337956217690857
0.11471098599987282
0.18931438367475623
0.10833280362640105
0.15644352902735553
0.08923099401623232
0.16253530727479415
0.09280359676377709
0.16898538887136313
0.12299007788734295
0.1712364315565879
0.1696398351971884
0.13389459119801544
0.15137317709516368
0.09839716494275542
0.19742250352865515
0.15591568344810283
0.09934728919109173
0.11918703881395096
0.12004214663650378
0.16211603373181513
0.14395944258518695
0.1479362131545087
0.06315499733910171
0.037683222945620085
0.13822466084103197
0.11988111528241954
0.09112475715089657
0.12589689376113086
0.15040970971308704
0.13216510521431932
0.12552004394971983
0.10004021546085047
0.10811080320900565
0.10886839893848832
0.0549839833248303
0.09573558591817942
0.1030678403423569
0.14784470205789002
0.1764538961989161
0.12885309511194332
0.17122554962847383
0.06101927642803854
0.10774181285368706
0.16432604240846865
0.10578216740271788
0.1016650284218484
0.0650452726347791
0.14538714296861868
0.12955444423408155
0.07069111741354067
0.07896057870182771
0.13681825099441047
0.13129555209632499
0.08440619820380643
0.12215246314515216
0.16439601874713422
0.16962413148052916
0.13582613658966625
0.12352164887492599
0.09465339688554303
0.13576873312015247
0.12915989097382924
0.1916553413156721
0.14721188372629607
0.13012267090689175
0.14272610970019128
0.14899138460769504
0.08221400530331807
0.1505492944419324
0.12107067063373278
0.10307150200553261
0.12805667506969778
0.14789642231709849
0.1337454042295147
0.12349206295553176
0.09108412287996392
0.10326411695035592
0.13912848768204475
0.11155496221211895
0.12123484297815976
0.10876677683959993
0.14030901180531047
0.15307085713609322
0.12755260385645464
0.10491755989722934
0.07954383252284139
0.11403125700610345
0.1152465649535162
0.13011309850797653
0.12175457705728819
0.09416889891413166
0.10392953416723084
0.19090420587096152
0.1668541112273945
0.16462740029901843
0.07882034750019233
0.11458103505396323
0.1517679617977732
0.17086537949480837
0.09981716940528342
0.1763913097150002
0.12817040662560752
0.13175276610885753
0.09753679479635263
0.16021041545500284
0.090639703300947
0.10540960235902003
0.10086377669167085
0.12945425415198322
0.1584586667354035
0.1273971406907324
0.11913957125429885
0.12157405237053134
0.14072552334705904
0.08707288705983623
0.1040199184086016
0.12401135387211308
0.13810998707516545
0.11482399494568746
0.11599780274765627
0.10309150640319749
0.0950857972025872
0.1324527371447398
0.09678569626710179
0.1615339124460088
0.04296891637752377
0.17288614045519754
0.15825150293759044
0.17788437131066961
0.15483988915412805
0.1758646516332963
0.08530051246503549
0.16529863172887552
0.10808110996065952
0.13895100303450003
0.06290256159189338
0.14947903935709947
0.10408024230189047
0.13700026141964616
0.10217029659009881
0.15684621479493732
0.10385026929978614
0.11870538591605014
0.060048450234377077
0.1498855441889835
0.13910902181651041
0.13911031533490148
0.11906249092409738
0.11471735289052376
0.09847565394562816
0.09966721668675871
0.09624368362400797
0.09501870385135307
0.11212975244055126
0.08642573602410439
0.08881888163465693
0.14508994210886325
0.12899486630575033
0.06856350796916293
0.08387464010957706
0.10793511927793935
0.12396916247145587
0.08388123308517442
0.08736598069407034
0.15596919220126784
0.08907011120172402
0.08922958324336448
0.060162592438860046
0.07424844307788592
0.12869699878342739
0.10505562445074586
0.1238434463492379
0.08916219389330131
0.1679782962598649
0.11032343168258815
0.06020435723187685
0.060281129097807425
0.09438781922110487
0.13023565377607055
0.14350938999989868
0.06756198139865174
0.1220907540579908
0.11223993466549909
0.11506066970363965
0.12388790444599583
0.09478472557718332
0.14605857834317823
0.11824459641815756
0.13514858386894144
0.15967125075889055
0.13638533383805276
0.10413718825414184
0.09434854361887236
0.14061994929024607
0.11898780281187245
0.09687614715275192
0.11494790893808966
0.17874602356458857
0.1108631728520331
0.1849255379870931
0.11714235421367476
0.10242964505606886
0.15014190538143407
0.10530173279229858
0.15933241697547534
0.12186550834872677
0.19715759171311265
0.08680039305039774
0.1680121513184051
0.132318435985198
0.14052821393296958
0.11331516693956671
0.14604135186759185
0.12345786473916544
0.11737475551700492
0.1096290535397071
0.13833922327259335
0.08946090175209392
0.14420601304087668
0.1418536163288428
0.12582417411565744
0.10005064137061023
0.09152033146365446
0.12503655706460354
0.10621149183554286
0.08655919479389261
0.1264393014332582
0.11877910290609481
0.21467783401599727
0.09844663967727191
0.10346154038441495
0.12178345246964595
0.14037090580647826
0.14024272144129235
0.08961140236265931
0.10308070847605337
0.1352799767580384
0.10905823434064565
0.10047985930767903
0.19692011088131528
0.08719854613940316
0.08257835053526
0.09783569445560708
0.040889746792445655
0.13396923094641833
0.08170524605957022
0.13450339573045234
0.11409048112310666
0.13050240661107587
0.05864286050526631
0.16661878718689496
0.1447951249033767
0.08726610553919036
0.13278638911028823
0.09478518056856139
0.1439480064348766
0.15102564425371803
0.1309360983574706
0.08262176345441433
0.11387582298491106
0.07640185805570113
0.08780019176686363
0.13051496292792655
0.08630401684030037
0.09109253857895076
0.0981505213169808
0.11615629747861336
0.11193818233584622
0.11863442372724575
0.10901125253374624
0.1179051977682564
0.14057605842873058
0.13217687506182824
0.10543109766665634
0.14449251942651586
0.038786445769576725
0.12436673162458903
0.1091704528429089
0.16495177795252797
0.13517953525592663
0.16551023828723135
0.09603270956895554
0.0847616343972452
0.10990838830780286
0.11644419059826266
0.10814336066576807
0.06947976442258982
0.12488134604048778
0.08450412553186305
0.13108091212660383
0.09002683428848962
0.09936275484159422
0.10713162104908268
0.11808451213666744
0.11885730529616946
0.11524357887041603
0.13335302137684518
0.1220222983629589
0.10090297226854765
0.15238748916866784
0.08013780765320654
0.09436337262053157
0.08996157133612676
0.1655046337610104
0.16998212290405562
0.11738575781187978
0.13796937137158433
0.10307861588851008
0.10623951891074318
0.15319910770289877
0.054949934682578
0.17833057789544723
0.09794632432957215
0.12257148109931118
0.09443961077707248
0.13260077292763417
0.09499481229764883
0.0707313084932566
0.12001787593196916
0.060596382566637914
0.10872310512908709
0.11982598212386447
0.1430474392646009
0.08782571822288608
0.09546701338181526
0.082968143567002
0.17415285709989511
0.1316315176587356
0.09423954434701268
0.13812158906258273
0.18197179442714606
0.15009138564112753
0.06141174060236913
0.12656020876443105
0.11447510947330738
0.1422769016995305
0.10669805475973054
0.1305001992016696
0.11604879965061912
0.06918199906754113
0.08414892226944733
0.09946403278278046
0.12751977751052113
0.1007066165715749
0.07669240297596142
0.07988760788079767
0.14734872149906444
0.16476438646209665
0.1701190803496564
0.09833694766854825
0.08980919310880424
0.08921190664038632
0.09702266804447023
0.1413125043144511
0.06572977899779901
0.07029374739259577
0.12169873177933994
0.1023963560692098
0.15894530653051803
0.14947032901510954
0.07860558099624804
0.0887090330887403
0.1234751112225499
0.12434941773635705
0.1086871575543494
0.13564937751819467
0.16125007159994414
0.08890984068413574
0.13450681545215626
0.1217622025917279
0.11542658684666034
0.06368787647414584
0.19075261079219852
0.10695156308213749
0.14174677897700083
0.13229451851586918
0.10456944266522875
0.08170444469917715
0.1193934332738166
0.17616579493835197
0.1344569336380313
0.10226797601329898
0.08284846193489939
0.041050741364784676
0.13882887132626034
0.12811047928237604
0.1130141080411013
0.12466382186871969
0.12046206863622155
0.12236485643975709
0.15038986876249374
0.14298383566700845
0.1283740746645637
0.10571169271270921
0.13821178969890796
0.196485838366865
0.1275988615435642
0.0928425501662303
0.16978466169401338
0.17947043327638085
0.13772074900940282
0.07232458857242009
0.14030193164802535
0.11937218331731901
0.12899607741466898
0.1927126588259133
0.12961671972678346
0.11294778731974325
0.1808466730377479
0.11516533632567248
0.1647473352160433
0.17770658866323177
0.13009638085645686
0.09883076558704919
0.11247771448646995
0.12821126531160656
0.09098990730698697
0.10356579066471808
0.10576947436169823
0.12209864078879229
0.1800237933930362
0.1244196771460425
0.12324786272894951
0.14331734474081176
0.11496957508843775
0.15907779474445777
0.12090693896316784
0.10167775725598892
0.12440711815265147
0.12762209520207532
0.11702891783100361
0.1154754835965234
0.06583203486859587
0.13213600268239378
0.1148027706183078
0.11935371583920237
0.14100374352699674
0.15442004332246712
0.09995404737542028
0.16335705611803275
0.09957823706805087
0.13020029025199195
0.09135223714396262
0.13746738062356673
0.15340247563887235
0.11578672117279103
0.19423302153423666
0.09734459782242677
0.09045598710244462
0.15071916145813816
0.19039386676736245
0.10844336936501076
0.15073043224093904
0.1163031857203211
0.08795542402124233
0.06413469900280248
0.134283606952709
0.11777711502706675
0.08232843362757958
0.10268643507205434
0.1278397659020336
0.13274624766508344
0.13813088260469591
0.10659370723060824
0.17474439376392475
0.13453794823244608
0.08200633249566547
0.09762921460396148
0.09370685235271684
0.09927506567588963
0.08715580948024658
0.1489948449633624
0.10969974498442553
0.12135638137822287
0.11015006283856736
0.13443824912726518
0.1341004419729309
0.139481533124086
0.14593820421388493
0.1484149565995307
0.13162085868019396
0.1274163459232087
0.08852996103143787
0.04116751190920474
0.1774101987341368
0.11290143205924746
0.14471027717719115
0.09518262959374217
0.11673380967490868
0.1420497463306399
0.10312803496070963
0.12926759885153896
0.16553619808423936
0.10157224305755111
0.09450028891482692
0.148836510808148
0.15721310938574706
0.13551405943296574
0.07248832728113322
0.06304551262545746
0.0766568355364918
0.1376362827737882
0.1055078108361886
0.11443224267808895
0.16593172745797324
0.06802333944569577
0.10451464864310923
0.08936054221548058
0.11762411438357659
0.11111538292578063
0.12898330306418762
0.12462373015582734
0.1307893024750205
0.11769882058974562
0.10314904733737047
0.0777441455433543
0.12751866095371484
0.09173755489344326
0.11500196452694338
0.11207060119183677
0.13868285879296807
0.126914596776962
0.10018925465910108
0.10560635070422704
0.08923824975827986
0.11239962826572132
0.14324951429395583
0.14435711776846746
0.09588367771993145
0.1384978278046757
0.15612399864457757
0.09963186543123227
0.11404041978921658
0.12654221845935776
0.15335003742279116
0.1415349952506961
0.15010089784561273
0.09046873031239154
0.11308910607611662
0.13268118307239948
0.11643568784248824
0.09039319836832833
0.08850505495016837
0.11976811566670811
0.14799635472230444
0.13571344540977814
0.148039922109171
0.11727127869232558
0.09564736670111264
0.07232092689949385
0.11257916340491934
0.12509281046860307
0.12528383914724794
0.13771097195068088
0.06262651892625595
0.15604274219590428
0.15164894066999626
0.16386843873098778
0.16096969564116653
0.07480431074101646
0.13210826131566192
0.16929015143488074
0.179464570387013
0.09342017596911095
0.1398256159954414
0.10597486301289483
0.10800981889459749
0.14246719010438746
0.13295028428566336
0.11526846153310827
0.12199722859730992
0.13608445016795317
0.098766529422631
0.21348213607402722
0.10889993247189647
0.11116389337300944
0.10378846733229544
0.09429673084774708
0.0538652441379342
0.09622800985005744
0.16134156163540725
0.10698590345076935
0.11285453980814894
0.09208517130789451
0.08445404239799123
0.07373257708497713
0.13129833853672876
0.14897639170284574
0.11383369627571215
0.13404338809612096
0.1329006808203675
0.1474360076164561
0.15129419355579254
0.14433537241120947
0.06976935108955894
0.11845537020224763
0.07907564971386138
0.07928136764762747
0.1563628449488531
0.13855087094427665
0.1075550366463324
0.11273521982746065
0.08235292343982774
0.13385925425192507
0.11800412399052367
0.088415187103593
0.16803969331222024
0.1468815493662388
0.05904622299499256
0.08749434989940144
0.1501407259737931
0.1265721137530653
0.17026179578419132
0.14170751000526569
0.08050862599936702
0.09771089664670701
0.12255547531457156
0.10433605707285687
0.09409277047971022
0.13329875043714728
0.11549111057058321
0.07466890914533039
0.12885754151843737
0.07037229581121898
0.09304377972629535
0.10385370055715024
0.17311948140419603
0.1275703296234433
0.08599679025338713
0.11502087094776786
0.11371205334871967
0.12146475111828525
0.09581461017040745
0.15778901707797677
0.14328323447376956
0.09220721365155708
0.12614488237320443
0.15832821765934857
0.09742181169604813
0.17944933262800827
0.12139797458142515
0.09629963106503048
0.12339649141568883
0.14203536466894706
0.04817053305822337
0.07920096765433926
0.1118807964383833
0.09970927791423494
0.12912093191835905
0.09764015828936173
0.14088343977654674
0.11904359059811602
0.09224116188839943
0.11699922974902388
0.16128240114695166
0.13199460583213007
0.09499085773431012
0.07660031967949942
0.1026066569742998
0.1367818175592486
0.09280113357588873
0.08284335937465229
0.09041758751870432
0.16266079980619563
0.14081994413848362
0.1366706971377254
0.1003110171558334
0.16893059897870732
0.15152939423274875
0.10431892016703773
0.10291630693261164
0.10153281799336644
0.0939135903349045
0.15996347346207013
0.1773849312422056
0.10936230627317656
0.16970629781406538
0.08462875089556168
0.11898276473895805
0.12826790585763503
0.06315177275855176
0.16301672619652618
0.10281815651064856
0.15020846838812513
0.14109944471443597
0.08169824565141345
0.15833240324889472
0.1517513245327018
0.1726103305459723
0.11054295528228228
0.10959846725423877
0.10049959069614536
0.13144279476033402
0.10234588604185446
0.09618292923210442
0.12191808816191689
0.1577630504563992
0.14576435520532532
0.09654648107502645
0.07142015568802729
0.1446388717905324
0.08670194647397096
0.09287903197888493
0.12830888194889795
0.13544487819394987
0.13334542595283808
0.10340314769612087
0.13782150073383748
0.05861994557824517
0.1325157008097486
0.11366039770664979
0.08948635561897939
0.10394164883808504
0.14000616811881095
0.15294690938660924
0.06285324596697679
0.12575144466982557
0.16260110257336532
0.11609501321985903
0.09877912120744181
0.09318533129691264
0.08871125247048492
0.1151822654453517
0.08808803568237375
0.10093881316046194
0.14279252157661632
0.1320547309850407
0.04688568649241186
0.11590578708510334
0.07070616434783858
0.0849145824503235
0.07666308244698683
0.09965295187257428
0.1003694589272569
0.13041618374075542
0.1407040039839257
0.09353594530000485
0.10794109133000684
0.10828814721879239
0.16955082234957966
0.10218636730801152
0.15413870478698888
0.07260868377367086
0.09070361079054191
0.07154848761825731
0.16057569787449247
0.10587994504161213
0.20924758249256623
0.12051743540856844
0.12463087826101686
0.13997891039182112
0.11858216518036578
0.08672862632343195
0.15040295355608618
0.06251342753771699
0.15641553698985608
0.13953753430357368
0.0839620093076461
0.17894802752557035
0.07859339467535367
0.12502303415823995
0.11300413420565764
0.2144321837094803
0.12147919194230289
0.12795733696937628
0.08980858470188471
0.181770384299064
0.1174617909474348
0.09731515356007502
0.14617064533203517
0.15174324518709534
0.11650950546063625
0.11322219877199759
0.11554460340833601
0.09140248742065829
0.1625664788194205
0.1251695119922262
0.08184043825597806
0.10517827742033381
0.10031878342688
0.11641423435068446
0.12832702395998885
0.1381626094033449
0.14877147402597565
0.09033780250868384
0.1421044986053491
0.07433030007836709
0.1774241623046951
0.1451061864315908
0.07838215816750888
0.1295780220103639
0.1368712983094601
0.08523716650057679
0.1385863505702923
0.09856314344422426
0.15583041364623879
0.08243379665664788
0.10722078508467392
0.11095305083949691
0.11417351057293196
0.1371131570274065
0.11880029366228295
0.154139200282161
0.12470992839794492
0.12065675003144685
0.14388658425071335
0.08780095910150845
0.17748289568523828
0.10029964399402609
0.1750350905142198
0.16542228817288568
0.1078222165720236
0.10518191810729308
0.16637502944702526
0.05759928324194327
0.13256872668509415
0.06394198899229331
0.11574851544985817
0.09279852212572752
0.0852821441207256
0.1060593922522307
0.09245094127808161
0.07662888013029459
0.1163175979806716
0.09900318300685468
0.1757184138642695
0.13810290184134372
0.18189560077036399
0.10137320260204166
0.11918303642564823
0.039416585505571894
0.11006368507025692
0.04143841092555313
0.11379386146019524
0.1175856513477685
0.0616670663463877
0.06274133518939977
0.10117984942688324
0.09554169854709461
0.1071287738342205
0.10093376726118218
0.16309805300164487
0.15106047239182324
0.15420589908838278
0.07758650676656875
0.09252497967931453
0.1033475130134532
0.12910101899903179
0.14927640641557888
0.1314727838844411
0.13333709820509615
0.09472914432092494
0.1236603805399473
0.13532771345821665
0.15109935312563738
0.14917008896714534
0.10786237230091772
0.09682550442919577
0.15157879617122424
0.204468584896274
0.11831704490405458
0.11145770637200535
0.08598133032529165
0.15459000847168805
0.1044121488641946
0.10061660825303637
0.13976714768492085
0.10888525083929124
0.0866668192771261
0.13971393806348992
0.13580291438885844
0.1459710416363812
0.12709659282610322
0.12799885503177147
0.11649891579504414
0.13964637403280566
0.1338980598400128
0.08132399645021543
0.07066084688221798
0.15423258087960035
0.11906081868824134
0.10721958204395275
0.05411634689935904
0.0656071276951288
0.12075867116943571
0.08387027199899447
0.11966331926514547
0.10658717239992474
0.1258270809343672
0.13190147339372177
0.0778601740881842
0.09448879748627777
0.08330844448267047
0.12717682625689236
0.08010408843049711
0.11820357859793978
0.12089129376811038
0.1171749434306808
0.15790578217404838
0.12035007964936457
0.12505714164080436
0.13835058008606432
0.10700446091998618
0.1247858754615953
0.08435616525905511
0.11802617338539058
0.1353825139083622
0.12796294662415347
0.1301180933305739
0.13303506936080253
0.157246674309478
0.11861666839782009
0.11593501724607151
0.12885060797484632
0.0881907723784985
0.1037171915952668
0.07951114329480319
0.10993104806341437
0.09345096785350011
0.10415242126635182
0.17346805311482494
0.1413743411748784
0.074834723739614
0.10250449625004801
0.07265213998990883
0.0603293835846682
0.1297125862505752
0.12807406108346553
0.1519113760956525
0.10128783241683106
0.1398073922233278
0.09837816604802235
0.09091342862428467
0.11136048517649975
0.13835193565457254
0.10586680824470918
0.12928416617116673
0.10604934994034448
0.09887777960540747
0.10991735482910328
0.14834809641131017
0.09273877006397876
0.15106944635477942
0.1596644209130163
0.11203480804620906
0.1246741792449488
0.08991562483017689
0.14090977420216885
0.08896913598122586
0.08294451224512248
0.0946903879612568
0.12986972445251765
0.09861041938774742
0.1088624607575319
0.12136018768828725
0.1069903368947848
0.1656958286514637
0.08734755752979287
0.07468162257701452
0.10490710800394087
0.09915382438468316
0.08436205130897678
0.10061633175014607
0.14993301464493805
0.12568275628917921
0.08167235932133007
0.11064208107694642
0.12055574330569413
0.07226555375290256
0.10856071228192048
0.15542089213281926
0.13034558072763938
0.09840077055946778
0.09788723928414876
0.08573270148047847
0.11945575247421604
0.07134269779217382
0.1029460129075816
0.10124758435787959
0.12171671422726119
0.11685212196049129
0.12093757140607862
0.07792557549691054
0.12446285533225103
0.09883839559434382
0.16965100103832662
0.19108516640187068
0.16025731142995758
0.12161077274805036
0.16658397022813143
0.13042099655801098
0.10854134054077694
0.13066600673028111
0.09018366480079286
0.14576616437561823
0.10968633201752206
0.07962185975089414
0.14669763728070803
0.13042253754197466
0.10529388704147431
0.06278839428552797
0.16675811164247267
0.10679229892755997
0.10297587902702114
0.18011883820101404
0.08887402814679748
0.1243168867072473
0.13586408296709324
0.15900091424273788
0.12946522134240018
0.12493294104762909
0.10834521826301867
0.06809687884105106
0.13177186703669638
0.12146378728265485
0.10995407696280861
0.07431491409656207
0.13945193983561965
0.07895400467478789
0.14921624248052373
0.12211912201749095
0.11885766579769225
0.14258567170067232
0.14671053947550036
0.15379261429846225
0.11735240686320897
0.15652221295493812
0.07761866292321298
0.14564131931926863
0.12449892857172931
0.11428233731221546
0.155454323734727
0.1419097170404632
0.11222302105970713
0.0938982297487289
0.09338351850410519
0.12019979684693173
0.11292468731340552
0.14153498844172815
0.11458495407453223
0.10582240365434076
0.057507832746364014
0.12308039641096126
0.07464878952886046
0.15611461069782212
0.10480837994457745
0.1341916865571162
0.1263658010881738
0.14873951577790046
0.12584037187179145
0.13267996469983626
0.12167817993354349
0.08990101963663207
0.15161265956080644
0.09312235623884356
0.13840354417634304
0.0826649747680264
0.07794937117571044
0.15825992527169272
0.10362035504168239
0.13713607982505815
0.060207349680396344
0.16333421801320083
0.18988818900611337
0.14369673862291307
0.17261786817619423
0.1123511942258215
0.13586701581134386
0.09217745039870685
0.12866505310719442
0.12331901257811438
0.15053875461527114
0.13628865504654158
0.08891747827706954
0.11394148130454765
0.19062789088394208
0.08711313542525342
0.10442600150620342
0.15042227262355842
0.09015127653053014
0.10455517138787944
0.1435074091599732
0.14143598298480117
0.11745993036170937
0.13893568687690833
0.1577203582394986
0.12308646922918942
0.12473117895605254
0.09390871013316766
0.12797224716606936
0.14168098625163109
0.08929751154109308
0.12137350969913085
0.0985883790225632
0.11709767985378844
0.1325003440903133
0.10582717459583461
0.10050270051486293
0.12329517544569098
0.14804945401128566
0.13350652305510288
0.1206297385664778
0.12784488777928785
0.10368321673316372
0.1657055272085357
0.1422032215790543
0.12375872187724737
0.14632904480122577
0.08733306206886562
0.10498161034260499
0.10639632159775098
0.09976580005009468
0.06291651753517943
0.14055086985864643
0.12878504638520588
0.12079224158054169
0.09836132905123993
0.1284785198709068
0.11151375111229482
0.13486197855879076
0.06739068134560758
0.07393765890402931
0.13461863921316597
0.11369637063333866
0.10678080301007006
0.11189604676143969
0.09627573192256132
0.1362231184054219
0.10418169311341907
0.0953435804110506
0.1923022533996993
0.07834891862896054
0.12023913644707437
0.157199542065569
0.025862766504323634
0.1406347802670132
0.07159071231116494
0.08449830481344234
0.1306797623417335
0.09556773641716276
0.07197261166159571
0.13346586918265035
0.16022340954858205
0.091883516763365
0.10773106394394814
0.11288048525362411
0.12652360285748349
0.14216767987405352
0.04987012454217184
0.14576844315755993
0.08996121988347923
0.12369117770023187
0.09296981115336382
0.14129314180717512
0.17383028768818465
0.050879657394902314
0.06021971537727634
0.12280864739625928
0.12632806133428134
0.10858468727510857
0.16424350276056837
0.10503225301255749
0.14087252308824535
0.12255777542903783
0.07949640081776696
0.08881292533023917
0.18085849820409633
0.1394486598052461
0.11870673136745173
0.08705655583087979
0.08999120379554648
0.1388361613636348
0.12904066761870303
0.10144384863207698
0.06801837337044653
0.11352070578376465
0.16131679718839873
0.1316128937646934
0.13658657428569243
0.167786446185881
0.06394760084529363
0.09954958875371099
0.1510384796186227
0.11319933832027254
0.08772120588667973
0.13417029197965144
0.15532266818554766
0.10396365768382917
0.11734583597701397
0.12205848821265974
0.11687424880039135
0.11581814765597545
0.08163607331954786
0.09503205940065927
0.1380433445214432
0.1276995133513808
0.15288821044501086
0.1398766899063462
0.12897260235047558
0.12486038606987088
0.1165113333859115
0.09587582177659852
0.12315334624928934
0.10822684624654817
0.08294157184161655
0.08819724099307916
0.12916175506205863
0.1304606678094623
0.11425365439433956
0.13470415443391653
0.10226276327612865
0.12154133993167035
0.1246434207364232
0.13179544004688162
0.1491871762927492
0.12373512172235446
0.14117060922268698
0.11431943367514803
0.14652555074984308
0.12335743878764978
0.13253862092376822
0.07506971426989895
0.11805469064955175
0.11520017686037379
0.10422389162998
0.12863513660785794
0.17523276842186652
0.07958862964968486
0.08089927110671685
0.12299472635917948
0.11802265144499169
0.1447100815128219
0.10969738843572983
0.1158319408863525
0.1434871453819265
0.1702863362753955
0.09042564924959655
0.11521168812249011
0.1205834851159576
0.09971323458344881
0.136883740749448
0.17852690085495698
0.108407422799514
0.17270604389783126
0.13154806139549097
0.06186037515072493
0.12244903519247506
0.1149326271227961
0.0838641734448136
0.10855624643256724
0.06439519945379946
0.11750504258342537
0.10184650728488154
0.1602799967305189
0.09638287837707751
0.12001987939287488
0.10058653543929201
0.17436564457119821
0.15268176591966345
0.04399498289948589
0.15971563577051617
0.09355144259260896
0.08900629918493523
0.1211316491375986
0.0944611141187379
0.11753090646697624
0.138785765539491
0.13657336915931295
0.08123424356081549
0.13613716311810226
0.12156933702358072
0.09045905746769824
0.09906244693385763
0.12580148321674972
0.16029812965240794
0.1511587052493677
0.14330039052329602
0.10514760106791213
0.0773855563743264
0.15260688951411486
0.08489659815157186
0.15726367369819746
0.11582856916536068
0.12793588948030277
0.11367639530519293
0.16744723124976102
0.08092195812266578
0.17400344179208221
0.11335374655286388
0.10241332654861221
0.14062612765181592
0.09554180980145481
0.11367958633233594
0.10531626265992938
0.12197278139860301
0.15652794123550037
0.16629425869427666
0.09159114637904074
0.09758324882193785
0.14354699768830037
0.10907071752684823
0.12468102300003335
0.11892813132180455
0.13940958701063944
0.118669593791096
0.06550214181089298
0.1365766183019203
0.1526345563378452
0.14788983568311936
0.15893451809567052
0.19347989439440513
0.11013607770831735
0.15022747730466196
0.11387486340656836
0.1595258982125397
0.11655509000574509
0.10822958903840338
0.13995722836751057
0.06993954734500332
0.06198192157491967
0.13133794592117853
0.1643914680035464
0.13850636505547173
0.14661304128489044
0.08925779109805876
0.12441910791187377
0.081725842819715
0.14677986598447512
0.18146949898944392
0.15201970474519666
0.0717590447635778
0.15019532382049272
0.1332490912726175
0.15828229995142853
0.13630282764303048
0.08670543658097243
0.08600861305307583
0.09859818493103198
0.14999249344852705
0.1566118003565525
0.13037614940006226
0.14103917797380308
0.1465834423790701
0.1064698636503047
0.18099562611094924
0.16724539040207753
0.07507020520770824
0.10700266620632279
0.11157300921837102
0.12275399302527545
0.1406222027740568
0.11751045897140983
0.09091656098422193
0.09095395152720478
0.13070463431116808
0.110337935300293
0.11667199290939193
0.0916210127942025
0.1343733768980092
0.09441734554919033
0.1203663278535773
0.12335036114543023
0.1388726657604832
0.11258082238896769
0.09599820014975928
0.11011840137221768
0.15846042170741267
0.09036996396654612
0.1506500703408969
0.12134554891574549
0.12361995749251736
0.08905572107903865
0.12446039660378307
0.11785529671767025
0.1024222976209342
0.11669821734739617
0.09890152575990802
0.13896381125953583
0.11040245852018252
0.14450635329039194
0.07813312152955734
0.07900125754689588
0.16585555058551105
0.12757085959801437
0.11819962142148996
0.18326440562660157
0.07678149382095789
0.1119566888858319
0.09735333408656446
0.10743745137971182
0.13189160005539308
0.11830728159191131
0.09848836159323365
0.09324328777138417
0.12991271624103018
0.1197857608142041
0.19436854943820228
0.1461672262917907
0.13205819006558192
0.1115928590526478
0.12932048036311533
0.16803178116142486
0.16648040791676016
0.1521248425681342
0.16700723408673715
0.1263679579908533
0.12863945352535133
0.08846679584296221
0.05548173347406132
0.1129356238755769
0.17487733779592668
0.13433697453488025
0.1455670571437439
0.11970647385319315
0.11018055621653433
0.15152667749063786
0.1554608477180262
0.12576233471518458
0.1239015016234816
0.10673868721846842
0.10487962615030012
0.09942174734448922
0.13996049939807567
0.08761662986770513
0.06843516766870165
0.11129394425957956
0.132861212503265
0.14236577986035806
0.13206632503397214
0.12741335094337353
0.11762139912673011
0.11836139386653474
0.20651202947302136
0.06415566312521209
0.08380996648968739
0.10795935570370657
0.17058217650891322
0.12727965200729732
0.11870944757736358
0.1689551038684261
0.1060809199488153
0.14102404194406362
0.152446113474544
0.1488627001499847
0.11191958003371183
0.0711503579778888
0.11274001404677901
0.15207940473429726
0.12356337980796962
0.1364344138182728
0.1407746140458544
0.12055808360353694
0.1372107459383583
0.14567999397959178
0.10232097033797403
0.14076554318004753
0.10143067326074087
0.1398194399368677
0.09062836919556166
0.08280573416850022
0.09946291404664837
0.08725591000511196
0.11773700170108874
0.12510305386416698
0.13730811805060988
0.10743726790537839
0.04951059390157078
0.10416063434989764
0.16399430607833387
0.0914712264325433
0.10245346803029626
0.11618532208302869
0.10237999523539028
0.10369710339570293
0.11021582512848291
0.15715065072934942
0.1548394082051101
0.09985902553424655
0.08937742154724124
0.10766020659837651
0.14960532556818362
0.10280686094827296
0.13727176584495593
0.11947248322364451
0.16845605176864645
0.11008750629460848
0.10931662827385234
0.08483552171803077
0.10517455824621298
0.10970416810155659
0.10368856505050086
0.1565712219330368
0.1486172517885282
0.11252337019487356
0.1195245773780674
0.14230219789347331
0.15068210279736233
0.06273237203969445
0.1625715458902382
0.09244358999056462
0.20735498494270022
0.08728650819913807
0.06915518582477975
0.07350026347982104
0.1423320049718475
0.1268767040610421
0.10912819343671418
0.13219577820008707
0.12134690086620456
0.014821883630210184
0.1719915955121271
0.14821162929485454
0.17889313480735142
0.1248590218067254
0.13092787732139316
0.12359668971399404
0.14717300465312472
0.10802695438194632
0.14070487906149437
0.10038138866837179
0.12536255150442646
0.09494617588753063
0.11103796760260434
0.1309204126277681
0.17433537750869144
0.0
0.14341677762437854
0.13181857985885656
0.13218700501918515
0.17335060976155428
0.10018676525791408
0.10262823413599802
0.07961076057731375
0.12814016603757541
0.1317556002077066
0.15088674261823923
0.09788112543120378
0.12321260743589516
0.18872156008071
0.11246899749699417
0.10687769882474103
0.17560941166155083
0.16932527051157065
0.1526744483109119
0.08837129887683332
0.12235781527513072
0.0843860629095923
0.06862955145114674
0.14130803814920664
0.14375854310053532
0.13978618225209458
0.1448426750414803
0.09534019515640843
0.07772488876688347
0.14861461098798648
0.155803219863033
0.12203185152363673
0.15138118616520063
0.13667961088813413
0.13627040528835013
0.08105829800276686
0.08364216115727179
0.0960610209888617
0.09632998065014219
0.10490520169443343
0.12550453784123805
0.15355827842062753
0.1406142699924532
0.10654174778864334
0.13407185489571785
0.11592974722469139
0.17620487124344758
0.11078131540768224
0.12335964780418557
0.0968198039812937
0.1079994173264694
0.10018944065143491
0.10643104492388263
0.11837613804005025
0.1535740883576568
0.13954756123431836
0.06387095987514116
0.10893757612477206
0.14860419842806616
0.10186983515133081
0.1191191265746152
0.15044430018098542
0.1588466555126848
0.16898208869283907
0.08212718862931094
0.08154341103799043
0.13259956416324667
0.0428683213250633
0.150334148635292
0.08484192362194173
0.10301040579320278
0.12734645806736244
0.1581414112916001
0.167878678184457
0.14411029086461893
0.1217031564988813
0.12952472430959552
0.11832578821328181
0.11887441990031779
0.12278859583440911
0.1459659644484716
0.08937038127124224
0.11818049188866134
0.0928949954345268
0.17781351195398953
0.18785633251614725
0.13478327828426995
0.1873889038651353
0.10001345399805454
0.11581935489855956
0.08807474825644804
0.12230393741736097
0.14565265935540864
0.12556822345060814
0.13855529997073557
0.1079487083712626
0.11771144821480724
0.15975949808320344
0.10883510650055078
0.1906989055469669
0.12237079530843013
0.1456303986356828
0.05935634524624465
0.12261067948350507
0.1121853875499814
0.11841451814901252
0.1256315270972385
0.18444700000364314
0.11063722293208453
0.09696401884801924
0.08386201467081884
0.10716741776597953
0.12153792881173171
0.129739719931092
0.10273386863971097
0.15924862454062783
0.11746987027348611
0.0821333295827494
0.13450257304831043
0.13041127662959096
0.0849686679431072
0.04830058788666049
0.13488776744049782
0.13656919003071316
0.06409940215227025
0.12886813784056364
0.09328881951143679
0.10734671181789625
0.11086119576461824
0.11972938729989346
0.11972745412294258
0.1387209216716934
0.1200078659592558
0.05866057282861445
0.10801348210966408
0.09897982903295245
0.15379045141036818
0.1284571601589912
0.17481009668955366
0.0945205739699325
0.08993003110349672
0.14891591275449723
0.08402073436334517
0.1067606083643378
0.10491385693032387
0.14997429843461482
0.08802807880464313
0.13750635141030237
0.11834243424830863
0.1729443025469522
0.12387276688898612
0.1758162983002671
0.13260150218467584
0.10639456514453675
0.09236539798156114
0.089829246729313
0.1379783890001189
0.07051853418847148
0.1069401100116262
0.10345430947247052
0.13824981089006508
0.12075731666387121
0.1471891218427182
0.14624967700407118
0.09162743458964674
0.1262427491025206
0.13964955428432788
0.09766282242137415
0.14155838037065316
0.10211768311479603
0.13325920719721385
0.10399944025769
0.13326918613265984
0.11341509794144314
0.1365016932618776
0.1371845563279993
0.08409610843591692
0.10281300989602937
0.056231723039885856
0.09413733521696703
0.1515582678079108
0.06760813612174188
0.12639127822107835
0.142160037368909
0.10412154895024243
0.06627856040760557
0.08810686000812287
0.10044078005499985
0.11486919236651197
0.10368517276209721
0.14064125214215345
0.08399003863358323
0.11929478057899288
0.10657064676661238
0.10147232087830653
0.10266032116038756
0.13704354899551474
0.11535471956731636
0.12874234018340164
0.06956957840771286
0.11966041519961589
0.09941596979228173
0.11237199728995255
0.14427694174360128
0.10692337641928205
0.11843690376118687
0.15863879012363075
0.16901166889629987
0.11814601310247089
0.08198449409451902
0.07426236902779651
0.15218703539517997
0.13479795376442735
0.1651077220705911
0.15164595358528016
0.08013100665736822
0.13776977123973183
0.1356339148871965
0.13000081976007338
0.09995798608043811
0.11617418785813863
0.15432120945296088
0.13236478716789943
0.13163924041194883
0.08177896097116608
0.19398931830021476
0.1279889980647136
0.08903202520560706
0.13869308739536737
0.09017997589606151
0.11236785353960682
0.11635836488884109
0.13131281477267537
0.1381152688849484
0.08307766697589714
0.09629255029178924
0.1408954927902414
0.07968105405750595
0.0743660044324536
0.1267820339840858
0.09045848662470433
0.10242106402057967
0.1501592022565162
0.12569436566945186
0.11313120533324716
0.0872053970369674
0.09538342221977347
0.12556353551959706
0.09792931554059503
0.13719135941599842
0.1705296639747241
0.16054974998456137
0.09738522971842888
0.14669614096263012
0.13663821507007792
0.10478645836848924
0.08208514646904902
0.09738478293732605
0.17113313104940397
0.1015311738183094
0.13717537210338482
0.11916561086617791
0.16593869291526597
0.17574964588855946
0.06491656067791163
0.14063162524995068
0.17166135569181243
0.15390803529433295
0.10539436673702915
0.11380507875073777
0.12155259897232315
0.16690820098142767
0.12894730587180653
0.1305989274644582
0.06495244883423587
0.11664104562481813
0.1457574476688163
0.07686598846242843
0.11253304371249997
0.1081612227018543
0.09249875291953544
0.10853363808557404
0.06574464430648878
0.11084343979814101
0.07244432350799362
0.04678398768110942
0.0895067160436197
0.1320467433495039
0.12041231809820734
0.13799455704529168
0.17598836513237215
0.149129930995786
0.07105226543547163
0.0832836935194819
0.08963960922408012
0.06310056075299542
0.08882785886724151
0.07378753783354064
0.07796954749920107
0.10993251615539157
0.11027051485083565
0.11602817792699954
0.14701460212141038
0.100145264796525
0.1328926689055939
0.10203191174857568
0.17905941208899662
0.11480094938265391
0.07788572087584768
0.0991516543683035
0.15527235374294074
0.12921415989390855
0.10424008700017179
0.12981515689884068
0.16956647428445404
0.09116292110464286
0.1272539687201639
0.06574655872638563
0.1224253997643656
0.07435974565116193
0.09419260301179755
0.11217537686243896
0.09749905494097015
0.09444377489309708
0.149257377327263
0.1198624855439777
0.1100784702078034
0.08545844749080937
0.1519755992422184
0.12452957187239302
0.17042003590533616
0.10494481706817431
0.10081437991497663
0.14928502294050933
0.07666922052488909
0.10819820272139412
0.10968819448445058
0.10771852089009236
0.14172063408118526
0.10828341085762522
0.11509583871407274
0.1126832999592313
0.08763082460842835
0.1467291587028916
0.10554472129599833
0.0705425058772775
0.102853520660059
0.1200190323042828
0.19370233051332603
0.1174043557036152
0.11241879602338746
0.10644180585456944
0.15715972873564293
0.11538364231349293
0.10679114792683331
0.15829274683803649
0.14787508533481794
0.11055829417152595
0.15715741171018796
0.10785376396671766
0.15828082245621666
0.11649824225659146
0.12269734720001835
0.1049327533233699
0.12437971074558375
0.05116607309059529
0.16416668240805765
0.10897758070999883
0.10570911145068612
0.07197761367877675
0.08410103143271883
0.07427992998220528
0.1513835975263344
0.07584413274416511
0.1293393014620784
0.16744988088641372
0.16639824707881107
0.08593110939502285
0.10620581816641692
0.08800435695656957
0.11659832419868241
0.049574031144164143
0.11966995728995815
0.134611474704581
0.17559692271693006
0.15224070717347227
0.09637888002122888
0.1167253786269286
0.10519245131231969
0.11692651857442955
0.09950707542805827
0.12132524541169167
0.12829237480322364
0.12400073194107306
0.1289440560024308
0.13430726826967923
0.12497067986195473
0.12323246286074069
0.12612008830308682
0.11712360815014819
0.1426107966537554
0.15689510993405945
0.09329620352412515
0.13013374095516547
0.1149006882439243
0.1088532477296701
0.14751134422129142
0.1118881801634396
0.12490084336735034
0.10902907653478286
0.08605522767232657
0.10557728881055323
0.17625799954672178
0.11130018745900133
0.08803944618520818
0.05750854552373659
0.16345471189748959
0.07523535607844373
0.16200720817170278
0.21091233344151744
0.14423965473966338
0.13398076756960053
0.12297473673334185
0.09266920385029592
0.10977946731565576
0.14859269338858036
0.09358354742232539
0.06736623823838069
0.07511530119690618
0.1379306474771549
0.0820337748600109
0.09638362756278601
0.23126254040696234
0.1234858361331947
0.1040438035802309
0.139347575551319
0.10657190878745891
0.11055647130859628
0.15804714479288914
0.11432534336992352
0.1591354886683885
0.0781752878030148
0.12868544417651742
0.13684381296899764
0.08941047989991133
0.14724600028365928
0.12230987098282181
0.15909680430802872
0.14824481245516347
0.10793255026322715
0.16092652464788096
0.10501727133244579
0.16240559227005652
0.10968997977191339
0.14488515141027963
0.18800508339915067
0.15299789183435908
0.13189644369520762
0.13735749201845998
0.1569180308034462
0.1982794379909607
0.07448978277140185
0.14948413342719807
0.16527985225476644
0.17191575902407186
0.11237222402065677
0.12046182969334424
0.12247843115922383
0.1323020865989178
0.09817455692500529
0.07938233087258376
0.10908982471671767
0.14276793780645156
0.1083844175523879
0.10922229685517565
0.13048107515881147
0.1371476307184858
0.09390167668525921
0.07204355661473891
0.12614289541364881
0.1366905868710586
0.1709927755973129
0.08568724675681277
0.11792815745861154
0.132073824800428
0.12479303725898169
0.12206518227473143
0.13404659048085488
0.06690531328703991
0.14994056554234758
0.15781517168582435
0.1374831543320108
0.1062834890271185
0.11939841849646039
0.06694215794277213
0.12417153316536564
0.100450154006816
0.1589109924949886
0.11161906211058951
0.12434128284675054
0.12629749122154812
0.08371274193975227
0.19999689963712053
0.10881712205191951
0.09653966646892415
0.10001138780433501
0.14306286556811132
0.10520600550719539
0.09209096445010305
0.08366569514360547
0.1788617146977555
0.09412957065815712
0.14552543305873958
0.10318883397228946
0.12425928698973292
0.0973395352002876
0.09634002755085179
0.17519033293153352
0.12109669300447656
0.1525113257523027
0.11067974227035964
0.053881607181796326
0.13248348440834165
0.13577714297178153
0.11906611031813333
0.1388337749042399
0.13300141052487413
0.14766126301908022
0.13355866503364439
0.10531486727848141
0.1306319125770454
0.1892211464568377
0.12274720211151278
0.11820647059125225
0.14852839540976387
0.15297329362638137
0.12979822193957338
0.1162964017164546
0.13163580981841974
0.15275946443840455
0.10080201191065381
0.09787812358247236
0.1747769570148546
0.15326704724804557
0.07620907724397466
0.13178276699898878
0.1438022909628412
0.12328678363403808
0.10520543274288251
0.06913726363211567
0.10982217587304256
0.11270983248620997
0.11948848673434452
0.12462770846946998
0.15408047788536502
0.11858426650662958
0.09487648975763616
0.13926748645111314
0.1122525561243786
0.09090649706066242
0.13122382379477118
0.1512719685208585
0.16448456660083033
0.146211879430867
0.19980976196441458
0.13595817982498543
0.06815395808642447
0.07727846071034662
0.10916202793224725
0.11295056306690761
0.10258014891513612
0.13228631252819126
0.10066733082433624
0.14930604302014946
0.13988627412290167
0.14359380971111005
0.10282134778082688
0.07266783879455888
0.11623273299509791
0.04666937360097316
0.10314503988740946
0.10857560737185001
0.1331116149706096
0.09580409338850696
0.11560712471335899
0.14965677854383896
0.09207394413573237
0.14089915603724218
0.10343812672482783
0.11296832256589567
0.1720752229463704
0.11641577460274846
0.10817648837812416
0.10649071075802585
0.09222640848930709
0.14835396689731803
0.12884643218841801
0.09926072826856722
0.07953926781604016
0.13694556555870457
0.11281290965186788
0.1295126398811669
0.15157983305858816
0.07952132778418497
0.1188690306310352
0.10226673355667691
0.14898451586425585
0.13618883455638672
0.09336283812614318
0.1885859355437691
0.13305795069947196
0.1438684272479659
0.16970433954669603
0.15658607106898753
0.0835853387011645
0.10868773579406446
0.20043056314915284
0.1518732668278037
0.10033969196218802
0.1487421166785505
0.04837505066063824
0.1267276596521006
0.09811800160570464
0.10106165977900655
0.12088691971573907
0.11413867109759121
0.11253003427621876
0.12138129906639301
0.11316358138000794
0.16207225758615562
0.1275779353146464
0.11726940088303357
0.1393777966824127
0.16822185510641038
0.10481490211261422
0.138751397267126
0.13972721619869272
0.14349004032326534
0.13442658352335557
0.07642071974551547
0.09150629435921784
0.11664467065420589
0.1219581100255759
0.0881412285244815
0.11551555346678613
0.12308241131474029
0.06802350962622153
0.12008515874553756
0.10201068831785631
0.11690742570271033
0.11454098590554242
0.16818909055802614
0.14519302949594942
0.13590495144716694
0.09963317466624126
0.11800482466380934
0.16683132567479136
0.0900858491285929
0.09996407789668911
0.1748534436047282
0.1180080831342462
0.10383409928141335
0.15229157704590512
0.15101752416599884
0.12966314469355056
0.14483415348681963
0.1091462944726544
0.1419524092361
0.14927774879671663
0.10112535215191847
0.15328257716012256
0.17313243217916685
0.07844392304862588
0.119633113481839
0.12345041872927881
0.09648420840776974
0.15355260108147945
0.12428330121298703
0.13086333487792984
0.10649413245604537
0.1253601572413907
0.07831753244448866
0.11421931183596977
0.10799638475869108
0.09339092513658895
0.10837158402282913
0.10673595183741338
0.15667482315818565
0.12791912182371487
0.11139400025814054
0.08539489808231096
0.09206811760401944
0.10130233130157809
0.09805730037582
0.18056860749049594
0.06261369295591465
0.12375655414571274
0.12425227974679547
0.12228499541121593
0.09698154372017291
0.14009491808908453
0.10601929185623726
0.10497569917384757
0.1522475624734871
0.13606366788243898
0.1313503258470289
0.11127742458541973
0.07775569304394483
0.1577548584696178
0.11216338138381052
0.14004152843394196
0.12173641041987195
0.07948475425315571
0.12594777612919636
0.1198023827736936
0.07251635310745971
0.13498119375390866
0.16870302633284814
0.12026509156930426
0.12719301761164398
0.13024703380066982
0.13414801450972483
0.12651406892058387
0.19627367127148465
0.09405831482267524
0.1431336226302596
0.09534988761977362
0.1062206329572015
0.09738072865602102
0.09609684356645373
0.11600724436686119
0.12509178347749605
0.07069907327775471
0.09890458422989257
0.12112982130586875
0.159633388410983
0.16203260687316873
0.14692366785708363
0.1253019409497189
0.10062318390161268
0.11469718177830787
0.10172479572984063
0.1416156558436058
0.12890792168629794
0.08865471077892821
0.06611342020935418
0.13650229846916917
0.12147074579645593
0.11225616209450336
0.0873991591117011
0.14810867493412502
0.15608114452069427
0.11572653628530429
0.13101636645743603
0.11713372536960646
0.11093985709855773
0.14518110836962017
0.1245186428202092
0.09448141827102963
0.1371895347297131
0.10416552676390717
0.21270837265727843
0.10500586237070435
0.16481371877137177
0.0979730394890871
0.10960777081597357
0.09846763506656651
0.17416209709042485
0.1120044349352419
0.10208860568383453
0.14868519942816877
0.12565439368232512
0.144709109639948
0.08481915016767666
0.1485659103646984
0.10320961538810607
0.10581731276429737
0.10874676531431855
0.12551278971082677
0.17191277828523982
0.11896245107143419
0.1743940091049751
0.09361593650531647
0.17430349327829575
0.13927706555122715
0.04805901527313318
0.07107403855994586
0.1063197694623925
0.08381817391800757
0.14213583484233297
0.14488227494615843
0.10265788914758803
0.13047379129768125
0.13789517792082215
0.08127797624063998
0.08214098932613362
0.12237328589149922
0.11821389862380927
0.06391740926966476
0.11731582521947337
0.10159121917867028
0.1501558782295898
0.19166975407186004
0.10517553446107611
0.09185823511957135
0.14957383482462738
0.12258205782571475
0.1789585958446386
0.14475562424328134
0.13506391122313594
0.13472201323841987
0.1421751628708593
0.12071440353178482
0.13398886912951047
0.07657688613874186
0.15539932154335304
0.16827696197951844
0.12676454336150647
0.09492510591208878
0.09697281280002099
0.10957615412805688
0.11417647413195378
0.10939019633610024
0.1453844983139477
0.18124785259953546
0.1192113739043653
0.14260913140716036
0.12574279241394498
0.14645264712246547
0.10162496451331918
0.14591771955682584
0.10036763277825825
0.13106167395288273
0.08693335240792255
0.07548028122277954
0.128861651552672
0.12767129241764327
0.1170419131505658
0.06526784468333029
0.11415429228689869
0.08528836511472146
0.11489568387385718
0.15883342869692615
0.132431446477857
0.15392747123705305
0.16510714010750466
0.16280889103189738
0.1081496017431778
0.08493315575830104
0.1271186734289147
0.11790037316311039
0.15127327551706715
0.13158350006360478
0.12746107546114252
0.11718012760444181
0.04949571105374152
0.11800749937978146
0.08198384231783687
0.07749591745407083
0.11471858896294844
0.08480746746491102
0.10697243788619895
0.12316146631702769
0.13352512738351666
0.17091573689098288
0.07290945647040066
0.07736820120800265
0.06979721460826778
0.13125947743776192
0.15024598521995328
0.12085265456484341
0.11178824771468945
0.09049347576638686
0.13879767228024947
0.09753578042981359
0.12970173679141098
0.15604089012857175
0.11269022896509118
0.10191446871466711
0.10638490076576432
0.08688423293100137
0.12602908959779302
0.12060102895462942
0.06692389950493524
0.16612391971051477
0.13730130683745134
0.08320113753038874
0.12847099695655045
0.1299131221145054
0.13392211665875056
0.13254837108600503
0.12989965585094873
0.16073341467691565
0.16914179568734017
0.15229684816325162
0.09529881482035897
0.10066556491737191
0.08335551374016231
0.1383086661813838
0.0815231151701516
0.09892455311558057
0.16073648396912477
0.11671914266929688
0.10438978362932635
0.12321463716793489
0.1017042280090787
0.12774085237146696
0.11832495350591443
0.06631604707298064
0.12908958472212306
0.16663039650189387
0.13775767971424277
0.1260847377343792
0.1394809939509309
0.15462317612507548
0.11541733289909113
0.11977478647607355
0.1427323077734377
0.12399130980615095
0.06057561710790132
0.14257586452180124
0.1685031524551794
0.06390708882507598
0.06512909816517526
0.10104778848236684
0.11979624128021064
0.08309955137428392
0.09808325868293159
0.1309434113134
0.12393054344247029
0.12999539755919665
0.12665924935064124
0.10826149201391104
0.09951212692390475
0.16760726621897049
0.14889295630052027
0.12291367590888985
0.12077252577078101
0.14689281959972897
0.10625817489113681
0.13644444045692417
0.202649577544312
0.1385221734479408
0.13615434947753408
0.15639022457107016
0.13681200961251086
0.11933373069660357
0.10871076905482506
0.11315202295965289
0.15560650074856705
0.11077711804639198
0.038196841609570306
0.09203252732636355
0.1655923768756289
0.07233183387004402
0.1272974220249986
0.11848794747228578
0.07118130762078403
0.11301534972253202
0.09208064893548301
0.13246370486505807
0.10697006219774848
0.18743024377071377
0.1915322817251714
0.12884973448072573
0.13903933774546665
0.11082527407983565
0.10179044895029304
0.128946277182217
0.13582738757705642
0.11959642372273825
0.10572919960842514
0.1279736006672016
0.11203141770775421
0.15160594768328575
0.10921682455049801
0.11986192971446728
0.08924576654455484
0.14824625750461365
0.10112753084889504
0.0806422127072583
0.10074234681168355
0.10046391938212212
0.1359624177537668
0.11892617711553788
0.12438130392283217
0.13598880796938412
0.15712444038309506
0.13839181238166692
0.11471703255348958
0.11375424242034418
0.08246214069996846
0.14592472337898857
0.09157132187744298
0.123885594724228
0.14402346536271343
0.13235490408582323
0.09255705196053829
0.12519209147042906
0.1006207133910787
0.14040222074305247
0.10972956788716125
0.09380648066978277
0.029228424010326853
0.10396534034313769
0.1490439606884023
0.07612154292848
0.15190277237749417
0.170654848389319
0.1505864385682035
0.09173858499216525
0.1426130918267943
0.12005587153351906
0.13104629112745203
0.11954919054302622
0.10024736769762049
0.11181327564328829
0.12482072355232825
0.1294810533876761
0.13133907376363077
0.11651617195976663
0.09757222764538157
0.12931018646072745
0.13331302530889474
0.09088087510613785
0.09985535606358309
0.09276136211065428
0.12606532628105785
0.09125204472472086
0.058254885801407974
0.15279511056706255
0.1267863936772681
0.08170808943069262
0.12887506258274356
0.11592628985556125
0.17943217873466122
0.12712557188755894
0.1492434580590275
0.0991963134935592
0.12666774213195808
0.07942556902256931
0.09404532351836618
0.08822209621411625
0.1691487925149628
0.133302191652101
0.06652683603283441
0.1420492015195796
0.15247248561299664
0.10492118401518805
0.1052778952639047
0.1853054915449705
0.11957475357969585
0.1604770487211795
0.14164688626089444
0.14631617919913034
0.11323469576612855
0.12551972481782198
0.13721797306507774
0.10566599222002152
0.1214162095609175
0.1617106102066641
0.08789342922625618
0.10803752641313849
0.11963310917224734
0.10916068674847587
0.0954469228155898
0.09629002789628172
0.18920089579480814
0.09041542167214274
0.08691786495685558
0.14678785160412422
0.08730909079277346
0.10615525916616732
0.08487871037181394
0.09174803420334306
0.18326212303836148
0.1502709286135417
0.05107154764961243
0.10397459375437651
0.12628768598747883
0.08295995562496969
0.09727089989347867
0.09699969764861394
0.11052151066422602
0.08654411104728169
0.11093012237621601
0.08841599366687718
0.13882956564252466
0.09334644041367081
0.11903125296072832
0.07923020295196329
0.147409520051099
0.13804388128832656
0.10581144330127543
0.1733258954969828
0.08475210249739154
0.10772131195977411
0.14340629795595256
0.14360113679598077
0.11248745100672226
0.15221456828641394
0.09657406781599281
0.09536813289862776
0.1053990395678822
0.11587763537865188
0.04710710375842925
0.13115450653981783
0.13906660196019865
0.11820434515562589
0.13842371493163633
0.09766651734707213
0.12132637821874068
0.027401782461843563
0.12670423362328295
0.16523977334376938
0.14935968458449772
0.1168434656455038
0.1536680379777725
0.13532312495738186
0.13316499238316976
0.12610702975696872
0.10990851551990838
0.10398146032830621
0.11182047823932695
0.135102679384635
0.10849878997219295
0.09495478275347743
0.13372100732948353
0.09572537193149407
0.1491623961163331
0.11221753871475135
0.14235040671819818
0.1484813064875278
0.1414503764209902
0.1380042773671775
0.18384929799919403
0.08259774920110005
0.1203221512903927
0.13129414612982554
0.16380212211399242
0.1464047517822877
0.17066037762816413
0.1421339787346179
0.1291258523927629
0.12231626476534636
0.13321560457992235
0.1339309761808939
0.1253485604718764
0.055498519682983735
0.13140911856844678
0.17111021233451967
0.14419697424086425
0.13861598219349863
0.14736877615792837
0.13002438482942552
0.09326524612199956
0.14186765150082045
0.12196434548958873
0.05271013706542148
0.13604680716756176
0.14524382305284728
0.12288015380536639
0.10202271031219792
0.09684322182627986
0.10710770253688506
0.1343904687171523
0.17090836475038534
0.15009716403123624
0.1662761430963849
0.13735314894562448
0.13918310398689607
0.04473550234717705
0.14974844885635913
0.12777169740611566
0.17193298484035438
0.168819442102249
0.0695351105523076
0.12165176264741377
0.11000992453991465
0.09403256844588576
0.20700446044306492
0.10479248521493281
0.10151269297650159
0.12219858118536875
0.10848178201636796
0.1210620511061528
0.13418295554343487
0.07967979078273422
0.122270391595139
0.1210343294944372
0.14026822110515363
0.1271101765219
0.07820192670709517
0.10390949354396442
0.15059541321183734
0.09311300286492015
0.10610516060139313
0.10094563318382871
0.11009605833872305
0.15021774044533448
0.13985958237105978
0.12026989642131178
0.1424462656978728
0.1295187044413983
0.08535666898019934
0.11914153850460404
0.1580553777856239
0.09527270871498784
0.14723084369825468
0.09891083528635734
0.15215333321338015
0.10882987901304833
0.11153130169706688
0.12638638166202576
0.11296426845160518
0.10153326687892901
0.10063232823104547
0.1390970391027485
0.11648374496112104
0.16753435347953055
0.08461142133481125
0.1383817541267073
0.11548666607743784
0.07302464269766058
0.06513198791958383
0.1308638012979867
0.12889034629210006
0.11973707645895518
0.10189510038570475
0.13550935992017893
0.09073708064653904
0.11673023491883047
0.08739212493132684
0.09322615207081901
0.09007689321680823
0.09536297676026473
0.13529771304389815
0.10484196297022505
0.10888258049745295
0.14834659656868193
0.1047079230127387
0.11261574488134513
0.1343852158242183
0.13333319547896144
0.16517801711823152
0.09185173242646362
0.10752629753218111
0.136672030029416
0.12657868615813528
0.17175765543150673
0.12410090261273868
0.06836282745198774
0.11239103250022106
0.10530411587976206
0.11443902372492534
0.117754528834281
0.1115234885456411
0.17580796709056087
0.17191806178403726
0.08309329392766537
0.10164921264217773
0.1294477383817178
0.12587707460044806
0.18026855988542012
0.14341939741699325
0.0702832027965978
0.0874052794987551
0.13760042502402367
0.08381913152514257
0.15345363876284648
0.1179474288362291
0.11727261232405761
0.13187221861443055
0.1600889488779919
0.14328720184916294
0.11987109825599244
0.113314054642793
0.12687684784194267
0.12252909214137615
0.11577902757287788
0.08712348371734831
0.12513391199991863
0.08434645171521488
0.13186299970635615
0.11889451414558762
0.064622218135485
0.12384919075761966
0.08788458294675242
0.12320294513186311
0.13127351965262798
0.10891073426396189
0.08257865503943712
0.10724899796498599
0.11858853193780136
0.1199427581064693
0.07871259752642162
0.15457671156372266
0.13417467248030768
0.0895751379411771
0.11072935804407326
0.07472107043594217
0.14930774924941337
0.1489533445291525
0.09976526537311975
0.09074897577470897
0.1370711673309522
0.11211872652604299
0.0924299475264955
0.13392760750660673
0.13979128964982737
0.12759715576773276
0.1212703876133583
0.08512553548250235
0.14757875924024563
0.14057959176351678
0.13550999884540205
0.10673720763331575
0.09614380799633294
0.1327013435406492
0.08634895443019037
0.06984106400761025
0.16718971638354216
0.1389896362015871
0.10710146206915562
0.10229335078040262
0.13431656995026722
0.10765613540208546
0.11774238316727026
0.12804816546389425
0.07070901892369524
0.1261874345303815
0.11238739324522598
0.14747125597382282
0.09018467539340519
0.12966382416157604
0.12755131262493294
0.12401367599405097
0.03699410558810966
0.09847958336649865
0.13554092339580687
0.1499738164917726
0.13960581786120968
0.1357529407044793
0.16831339832704995
0.11859004781015071
0.12236277418700803
0.12669149375836136
0.11630186367900058
0.0868691398852432
0.10501670485249681
0.15563829192909817
0.06777594346845049
0.14769798544570856
0.11507514580103587
0.12822089096727204
0.021495510281384064
0.14490633956544913
0.09950852870824349
0.14084256584188345
0.1392856697428462
0.07940045116005337
0.10706128247349142
0.07126969508582515
0.1653929761787469
0.15175860173492553
0.11891268064181648
0.12595946352974494
0.12035147176074575
0.12169993230803038
0.13479124023895933
0.13857099361864683
0.1782788937927515
0.08299614675640954
0.1237546686240057
0.12026937179000874
0.09675138388461031
0.10162496354748507
0.13115785309553915
0.1237030239476793
0.14603696842136304
0.13389540858878185
0.10243943765939836
0.14743031505563392
0.11668006749135969
0.15996991147208753
0.11456886067041172
0.125577754757773
0.1461237800431741
0.1503944698040909
0.11613896434507053
0.11823598027763933
0.12986897123032792
0.15507712717021901
0.14282216383287488
0.10375859607307693
0.13824380241137016
0.0738743752599294
0.15616694290002092
0.13068693364788478
0.0857862322157925
0.13189134589174528
0.16386954477345236
0.053936186418587204
0.09034259390543674
0.15420964281869906
0.18604435453730264
0.09467518598334117
0.15758758907299644
0.09252589940054054
0.12962827905162977
0.1091191029316841
0.09729203660882384
0.16240114807142453
0.13313553178479307
0.09853123566009388
0.09610803694298813
0.06349841402421427
0.117213809723571
0.09812884280333645
0.08489155155964828
0.04593367885701834
0.13573284654147666
0.15758498421688288
0.10625766840800516
0.1598606988539166
0.15083627644383293
0.14663533413766636
0.0688091304375659
0.17354923678033826
0.10322558264073645
0.14944041889963086
0.03737411975851637
0.1382870638837971
0.14310723648338466
0.054123790650770054
0.12690244229884542
0.12096257929862328
0.14943521946683552
0.11423399433768855
0.17207744177040746
0.09776599871619701
0.0968307969434663
0.10774351536802247
0.10494085086183831
0.15050290789805845
0.16595814559691308
0.0991712710462418
0.11443155345987654
0.07719884374759059
0.13567488856891577
0.14353791458079954
0.05656417869983689
0.11532179309093522
0.11790764355516993
0.1364986605641662
0.1301966999287566
0.13206559140011428
0.1016312360878632
0.13543141411383072
0.1381711279563417
0.0959220020459057
0.15131727581551083
0.07288337581245474
0.07932855516044306
0.05669711066267154
0.11191218966465538
0.15788612318049533
0.06755226842024373
0.14269005900154386
0.1458934426243457
0.14712348646926238
0.12078811371981
0.1450061565732528
0.1206110549095548
0.10835717279449632
0.15579037074349952
0.14112039132881102
0.12404535680034785
0.1581088441879985
0.15602398747227206
0.18627600376651832
0.1563706715726712
0.14339678080650456
0.08248236555876351
0.1392115476066937
0.10748314326486706
0.11719104157692081
0.0766341908063694
0.12930109488443978
0.11486076702246457
0.1444974368488158
0.11394129337137383
0.10659797410520436
0.14475270180337305
0.11029222925297923
0.1411237181347315
0.1185353115865181
0.13618908332814766
0.12267542772759647
0.11724710922426969
0.13875591519976327
0.081548378328514
0.09888732100164568
0.0883024136779067
0.08442805088111568
0.122558559423695
0.1188466090506221
0.1144915943874432
0.16058463783479882
0.10419934861427667
0.12191464515788572
0.10479497652470197
0.10295685512415055
0.1640225744129946
0.11018262654702377
0.10336598580267388
0.10939523954525161
0.10662713992455816
0.1150777161383213
0.08775711981112458
0.10638931484942456
0.10915258438858398
0.13276936043884907
0.16985417894564775
0.1340970764490159
0.14454831822871758
0.13031477356910884
0.10568255226597671
0.14611056428049263
0.15064959674741701
0.1185751290210444
0.18368975327086823
0.13769006248351096
0.14246772424535753
0.11382142886218669
0.1260659747568382
0.09513117283342673
0.14456084244921436
0.19166838253911755
0.13723749923520717
0.08640871491038593
0.16981994972113434
0.12158132581800991
0.036847137213363745
0.12596711147072168
0.08677388945101025
0.12991258629875183
0.09809178599189619
0.10072440509244643
0.11050328673874117
0.16940933955193915
0.11788268201832029
0.1613944645296341
0.11475338015200334
0.10804857556017268
0.12169746544641066
0.13318949325231072
0.09952626041799395
0.11068441178100057
0.10426066228138954
0.09474820262243104
0.14845351242330862
0.1108871308139238
0.14809571530235963
0.11294022877294362
0.08268114134979376
0.09856307364625737
0.0926440988562977
0.13019591912078696
0.15174776426530462
0.12939207265555086
0.16123586151611818
0.07807106076846912
0.11633516591729057
0.15422066139387397
0.12386062558448087
0.15243084521070233
0.11181310907758678
0.13702985048043181
0.11893237452140985
0.11150178079967872
0.15843764130177743
0.12429893113256522
0.10045716709169633
0.06144156076440251
0.11545308030457611
0.1692129701231092
0.11763032453972734
0.1102002338725453
0.14584763943569573
0.09631850420253679
0.14657781983582882
0.11735537576369404
0.14357143161857094
0.11531760856317946
0.11399037005665061
0.14391850988785082
0.1329577208991391
0.08026290474104891
0.1509886405208675
0.11671222159346455
0.12438422329119293
0.17451723056547228
0.09965770001398673
0.10877970222970135
0.0725153240654591
0.12379852151478926
0.08852502056172806
0.1247209083953328
0.07922781870753648
0.1653730273797048
0.10119604571106496
0.03806070849154053
0.12177942426583585
0.16446086063469817
0.1979368996669627
0.11584297173289562
0.11913791586998415
0.1036067580475853
0.1411640684576726
0.08162795301585309
0.10957815052161987
0.1315028118934161
0.12599639706548044
0.13133821458548492
0.13218063347361647
0.11074042566209584
0.1423504380169441
0.1275176307470672
0.18678811398768713
0.07167024394852864
0.13749003971526558
0.13455256293671664
0.16647497309478537
0.12254135486358728
0.10397326979486567
0.11185863287620014
0.14185736765812904
0.13894517157452418
0.1122745610004111
0.09883655070996725
0.08867442319870121
0.12233536603746083
0.1264166302203375
0.12659512734074865
0.14169289131141655
0.18190989440623578
0.15044231532525654
0.1657772402281255
0.1200113202300927
0.16241141454629834
0.1132995225317599
0.08569520350125884
0.12219309018370872
0.05984056329142088
0.1470662984664586
0.14180758157456466
0.09018299308296004
0.16788839400146935
0.09777435073969856
0.16439462556767642
0.1057730347472582
0.15959980341012078
0.12224783171389372
0.08981533261622827
0.12866496653525558
0.11672700634685478
0.1406010306107984
0.0655805555407025
0.12498671902483427
0.12717949050373212
0.0908334350145612
0.04070881128585779
0.1131614481478924
0.1323540270372474
0.12463180421547064
0.17283167248024625
0.0904970757256027
0.11759442718773562
0.12125062198044237
0.12901669237849187
0.1547503097135131
0.1546770878503238
0.10377167976116669
0.11492112114445291
0.10695915085112011
0.099776339272018
0.15467701315510562
0.1281299771744297
0.1683085309285222
0.21583301490337733
0.11598325378943504
0.11035847500641392
0.13980994998173746
0.11291820226741463
0.14094270857934904
0.11897274127165822
0.14207731067304935
0.06980020909430662
0.08680367135333705
0.1342497166807169
0.10845412844764017
0.0972530281529704
0.1478091337683982
0.10696105980518748
0.13946584924745598
0.15957274566275723
0.16805588596797028
0.13773880924086634
0.13926783620068847
0.10106621043715172
0.13498474247017436
0.14150168789326442
0.17069382286368365
0.17547454248949998
0.1011352525722829
0.17761057688672818
0.10123515588893134
0.07736554074684807
0.09697040630180846
0.1605035009669383
0.10283624434102322
0.1583715504578005
0.10174203855670465
0.17573381857074727
0.09125149251062753
0.12422146562185261
0.09493905280034401
0.09886254100232034
0.14226660851735226
0.14528064733162993
0.11363821440270847
0.18021108989634094
0.0906304242312535
0.14725646215643937
0.0743851911699803
0.11796650945450306
0.13691500908952606
0.14261762522731
0.09551620939497066
0.19171233441030539
0.11541201300820017
0.11415405919833686
0.10777982171049702
0.1483150729821619
0.12030565124478872
0.16151957536076084
0.12924593518537866
0.11066629011034783
0.07582543955363795
0.14718474182487093
0.0829876591069292
0.10996068180502203
0.110031669821401
0.09091485876124325
0.11047777471694141
0.11804212649608829
0.09906011518402524
0.12450245264314826
0.10496051945965217
0.18343925211537387
0.11652611239267711
0.10976109585493012
0.06488351889853705
0.15825310965536768
0.07407659565200747
0.13711806088120454
0.10681681586506789
0.08979704912821541
0.13858717856376573
0.13586962985475767
0.10544036997300117
0.11222860628144325
0.11758062691902739
0.07776717000994743
0.09744130053940508
0.13447082366546775
0.09223161138216598
0.07574386639753594
0.18408651967886064
0.13115222874612845
0.0825408981377788
0.09718872469461695
0.12249522868621224
0.10748981618233057
0.12684437349086905
0.11232485118079692
0.11253436589231673
0.14507753749276264
0.11720320340570253
0.14150860479594532
0.09073563154446301
0.146171996003973
0.10606465022501466
0.14386930007227375
0.10680761294005882
0.16204787887443844
0.07592288007612066
0.09727905451122196
0.10030660800397267
0.08924914194542764
0.13027844739909825
0.12404392963156585
0.11040703890038883
0.13003082746858566
0.1104595811202941
0.09504431438891028
0.1444717575050512
0.06338696100994304
0.08359472563190144
0.10433723187935294
0.12302843003780806
0.07466293286654438
0.1272994889030183
0.06912243848012314
0.0720393048837833
0.1289806362772167
0.14928554190930188
0.14576507851026446
0.14011652890282028
0.15847129642027877
0.10238257357920551
0.05900993704797658
0.09631631236274668
0.08471926553302025
0.1564901774923198
0.07384600774619327
0.10289778056547019
0.10708305417608674
0.05026450672299865
0.10608374190320259
0.11498005756000904
0.11967569397275322
0.09658507201794346
0.09503750829741048
0.14769986411533992
0.158069515095255
0.11583192132567377
0.10301023981213356
0.11191286761397298
0.11431945836730671
0.10967701147297299
0.11209383622903739
0.09912450747653304
0.1716256716754969
0.1192911486160158
0.1414651988892124
0.06543072667316112
0.08019245567760888
0.11457651367757221
0.14371399262727505
0.10876345228010555
0.06502525937655644
0.06819841664793519
0.08730487517211266
0.15697237284179036
0.1424640211499493
0.15973571571936998
0.13980613218991592
0.12127919724178593
0.10895094106160322
0.13208367800162146
0.11777322962774334
0.060893717747885115
0.11986001688374215
0.10465806004876883
0.06804564892799866
0.1423871643861215
0.1114298967032299
0.08323060487780976
0.10765289864971048
0.11664622776682243
0.18251723377258872
0.13753976891151168
0.1435513914829345
0.08046463838722287
0.11331457295219062
0.10833294333639117
0.12121376738349107
0.17177906931200515
0.10740931772344695
0.11508162293965617
0.10696680162616004
0.11420436439011275
0.1731895324219414
0.1592600956387113
0.10609331148531473
0.14009453863414795
0.18006235386477248
0.10292472046360286
0.1771233145116961
0.11285757679831057
0.06650160211175833
0.07570032997410057
0.10735191793471693
0.10852677397194817
0.12778812308695078
0.18707487661216538
0.13531225742937747
0.04163773588791245
0.08186244176258703
0.1443095002206731
0.10376842146430654
0.13892917532329963
0.12019179652298465
0.09670310104840012
0.10486004237350821
0.12148585081352091
0.15321038237327736
0.10724935426622192
0.10397233751585583
0.1555120566789332
0.12232952536146456
0.1065629516160713
0.07078828072036397
0.10000836804819951
0.06568045100154146
0.11262405558573245
0.1341113105572239
0.1402248601887021
0.17512690194700914
0.12870147599536422
0.0957232618018813
0.1406149748341157
0.1144605966178677
0.15323868297995885
0.13039780895341335
0.0989181254738284
0.08850708623968713
0.14671459891832375
0.12258313091598863
0.12910912780077385
0.1764424838174442
0.13966446765761256
0.1333552218470647
0.14188597159874677
0.0930384823019057
0.09919901610185912
0.09084933517784495
0.14439669417600715
0.09100597446027098
0.11295625630284747
0.1937399027866778
0.07836171566654893
0.12543104596156082
0.1327833908791696
0.19046495947276715
0.08078743176180606
0.11134085940824177
0.09910049618454436
0.09284377231145839
0.12198049608781614
0.12239979767238406
0.11407011358172854
0.10959165717299311
0.1731880283667645
0.10561516993274465
0.11678663383875454
0.07670876449072894
0.1115210298956647
0.1158118868719544
0.10797797609115323
0.10583303451751375
0.05841057865190531
0.11565349860054765
0.16223010451795908
0.061633021136383935
0.15636061456465197
0.14065464333674213
0.15351663592000425
0.09507776004380498
0.10851817515160551
0.055000783435636316
0.11489240021890487
0.12071452441920762
0.17651920329927537
0.1272828886459955
0.13843842142179824
0.0899857490586521
0.1422940311638884
0.19189843408930385
0.11837662506275717
0.13887237133349192
0.1640680311489707
0.10434369279673907
0.18160080155931402
0.126754182710579
0.09852779601723272
0.18752256995135788
0.06760502369143956
0.1841549828885345
0.13442035506793287
0.10122608368699372
0.08150811888868081
0.15730481348345565
0.10333292415861232
0.1311233296800523
0.1486748328975208
0.1867054226020275
0.11952242848691905
0.07065988263566138
0.1320063422038526
0.13885971580558265
0.1111064843591652
0.11742842130086051
0.13426462535090322
0.13056866121806351
0.11192646913957566
0.1450710347701075
0.11434166711783267
0.10256921739498394
0.09262628668229932
0.1035172964410465
0.12562450079759244
0.08009462125614294
0.08664090084765506
0.16723863801315125
0.11628484556665834
0.12454669167580196
0.0757638113614523
0.13139236934954657
0.12665545921291796
0.1254962172536518
0.11893692820179232
0.11634944520911482
0.1378878248841509
0.10482997161444063
0.10878401345739641
0.07654477195536166
0.15056908151666787
0.09860863509218361
0.08046790549669895
0.09222037871867687
0.12350487834029397
0.14980024020529661
0.11221009127884514
0.1085452156212144
0.08938448014437639
0.1502953990285459
0.13235905775899467
0.09320581932788
0.1690711022870305
0.1692153973936925
0.12816071939686943
0.10245395689586684
0.15091898955963787
0.1265029132981275
0.1183016072371399
0.12597137721697915
0.16178846961905777
0.14568007743319067
0.1413864382219501
0.060772948426058335
0.12674251064255554
0.0717822168623621
0.12203028045943269
0.13366251724084718
0.13853496556846678
0.13335705596277328
0.0836086961788838
0.15005732018005574
0.08401605514570079
0.10540508076241993
0.07773942907455307
0.13513758622755484
0.15155391784210095
0.1256482359832638
0.11255232184643801
0.13298012170818366
0.14510344205824166
0.11802134684861224
0.10485069425639831
0.12356672452215366
0.12126914135900063
0.0928357350513898
0.09441839945494551
0.15191340894517286
0.09843015786355847
0.10097348256893508
0.11771024740963802
0.10950846401362743
0.13800873700072852
0.06705351352648273
0.1439158017720397
0.11367597088992634
0.13149464917749654
0.11961271956838142
0.12330864932694831
0.0809390429153702
0.08689483785203352
0.16765158778520095
0.12520062871081594
0.14240234014276446
0.15598454003586945
0.14018588276355598
0.10198202795432294
0.14806176898140877
0.16048138411940335
0.12882967104174867
0.13431834984207985
0.09505045622539204
0.12821876496995288
0.07638041981339835
0.08739432361859228
0.11323149728683601
0.1575602795422486
0.10114820979392028
0.13937637988422497
0.1399901116851004
0.1433390316300949
0.14143677423792245
0.10556589827597943
0.09321259667461172
0.13031760884137517
0.07972402828480986
0.14582688906938296
0.1350993427659547
0.12689498743318647
0.10132974758655003
0.11403868028422291
0.11694753075388371
0.07074843850256962
0.1449604218952504
0.12236584685903383
0.14838342049259817
0.12874580982838477
0.10575696728365737
0.13643817109985854
0.10455178580838306
0.16075877714122966
0.17549272910304697
0.10424275219169492
0.15598346483539738
0.09463334455137962
0.15766957820514646
0.1773477520559938
0.10843691090500798
0.17073416000553254
0.1143068051673938
0.11137368643273503
0.13245096897111752
0.1426286177533461
0.1309421389798969
0.18826460249974147
0.09824412683050196
0.10296469575863719
0.1087706805259419
0.07252387787328596
0.0904485106790782
0.1408406664004792
0.18438529402887055
0.15097972523523562
0.11548937379360276
0.13043020432110786
0.05822353882419721
0.14741340685989837
0.11566592931610825
0.13749591529443309
0.14888060966445293
0.13580812665247352
0.1865497686717477
0.07195433664819492
0.13833681973069786
0.09069387058001974
0.12232412693287574
0.14921555009974363
0.14634983375000332
0.14256447011916884
0.16550814485876658
0.18027957924086732
0.0774624208446143
0.17422519069303002
0.07177216476911445
0.1248496044379349
0.12247039346477623
0.10070249999890192
0.09906210152054301
0.09478425871494525
0.07140633274401872
0.11907160373830275
0.08602620004719834
0.1287748129083258
0.10009677261759223
0.10235572371072764
0.08735268012270675
0.10399760416391304
0.11902196521856936
0.17992005506175945
0.17725155593024378
0.14961010894285298
0.12523333030444458
0.09953318011908163
0.1377309242577
0.160462845285618
0.1260373167052912
0.12383312675701674
0.1532215024524583
0.11247657145833184
0.12892162737700988
0.1407300999683318
0.14039278045777281
0.12105383914966887
0.07798736255265193
0.12247941563117974
0.13217196237683862
0.13300828837679785
0.060275652062388156
0.1352776061851706
0.17782898642571848
0.14957077955944825
0.10232566368916031
0.1817901426283339
0.17172009954235787
0.14089077418158635
0.11519229960117328
0.060393525783719385
0.10732197924418234
0.10210356572371712
0.14288416906917284
0.13874462357083356
0.13348521266149663
0.11415442235361195
0.127865163428532
0.12025049431193571
0.08357611799953485
0.13272453880157664
0.11203304980011798
0.1179130539026814
0.11628391124749535
0.09316950699956367
0.08763340650341353
0.13572805093532075
0.10492119480500495
0.035326794788969995
0.10037946578359377
0.11674948105954457
0.11616277444869955
0.10132671365902582
0.12836954619393118
0.09280652415301173
0.11196676560638774
0.14928381533494497
0.05432251664100016
0.16449500668227887
0.1071357143730319
0.08079757450214642
0.1515803531496644
0.07848942103321249
0.08029829460767915
0.10354061268125764
0.12391246827529477
0.08428981549830977
0.11961160789977518
0.0961364192826184
0.12800087102853847
0.1542509466505739
0.1629677737689943
0.1114342507958744
0.10393553092475818
0.12402212861900705
0.09154155453714621
0.0766417454281989
0.08994947923390395
0.08336213870189213
0.0828293528826774
0.05467764897384263
0.08166900356398288
0.11973990752537533
0.11297928389022434
0.10933833154284624
0.10717871669565647
0.1310288223435204
0.10828717029293183
0.11378700561600683
0.10407609364194625
0.11009593284046891
0.13093588611152898
0.13128302750521598
0.07695737340051177
0.11487133673904988
0.09409386161360542
0.10735193667747829
0.11874144050283622
0.14926821493578374
0.11990203097523482
0.04278411327348905
0.14064771562755424
0.1241191477877068
0.11958126359415436
0.10045196628333407
0.15276816273016341
0.08520442347072474
0.11901452528898865
0.12001866628840427
0.08255338666810308
0.11323196159928609
0.08197370860846001
0.16676947184511262
0.14962894191232284
0.1281843332074152
0.132155149791231
0.11716243129741782
0.14452642957246445
0.14120414227681943
0.11291462784508544
0.07660659149646044
0.10235506938968694
0.12174403184566535
0.12969756148497238
0.13909774913892214
0.12861686638004893
0.08666013252486675
0.07897344876788212
0.11353959887336262
0.15098537548618732
0.10716051176897122
0.08278153928932559
0.12407495948995027
0.11207507781878753
0.11778719080808014
0.13253100193434195
0.12119144416455603
0.1335894608473247
0.11164720631106277
0.14171010148418142
0.11702911533387851
0.10312690680487915
0.1482265039078533
0.16198868647300935
0.09928036739040207
0.1169920097080962
0.11026671222310583
0.11895344184634336
0.06667796250785474
0.137675088404501
0.06113779370593784
0.1166672792586575
0.11059735589093467
0.13957050741742968
0.11444571009838397
0.10008474952047457
0.05836809267476292
0.1254501459931055
0.17087858285801938
0.09698620798556427
0.15439365716557524
0.1415724462449962
0.10556714636499731
0.12982633315729092
0.14673943894411287
0.17367223859599124
0.09671555932464124
0.15610186205291593
0.12504327143550045
0.149330820768814
0.13108087202360805
0.1088414797797599
0.1250335348117036
0.10080506021101501
0.11246926507488293
0.09592229021731466
0.12623457146706255
0.12587441530998542
0.11984282454346173
0.07838661265337449
0.06062896326380319
0.16358446738889415
0.15576648931057174
0.09523335100233613
0.11863038411261681
0.13805706144072594
0.11058611207124296
0.12044242956271108
0.10342166502339849
0.04623724291028683
0.09608532276077518
0.1149972638378887
0.1531875152864703
0.11024071971076668
0.1259651280868751
0.09389862164406872
0.06370399520036008
0.14124588543321748
0.08548319972901722
0.1383879671560064
0.13886108940619343
0.11771512933510414
0.12802228880451502
0.13217028040194662
0.1305575686557286
0.11469584109153146
0.07444978056304244
0.11432042492902164
0.09638926093085087
0.10703692411784556
0.08114100156585796
0.13818766145855
0.1342780598345611
0.10469517390059549
0.11884729610316482
0.11537554269745327
0.08900798162689146
0.08539072442300942
0.06747592856179509
0.15432748512869962
0.10230815008271484
0.14070981564075802
0.09325574237996492
0.10913432761958405
0.1239657567604348
0.12946532610674627
0.1304921742710246
0.12359113313209959
0.07542713882506741
0.15822909882094888
0.11440752116459615
0.1326396232210401
0.14714703373078727
0.06523959566154541
0.13295073124834275
0.09763147247235711
0.13535295311215323
0.14628445819547561
0.1523607514899458
0.1322654396096437
0.09625106668564515
0.13994874056803938
0.06540481114047873
0.11978432638132742
0.0954121151241332
0.1345656945916819
0.11046330810242609
0.1664558515499702
0.1417112852270493
0.11109512834401353
0.11357692934231543
0.18943687685708244
0.12037521294242493
0.08154609580483202
0.142102720803033
0.08420193445084831
0.1131764288686055
0.12619046531020028
0.0598942119728599
0.09867754802670384
0.12160316129040807
0.09697979679928555
0.11843521748353687
0.12795616721988176
0.06408747867086464
0.19846688619188851
0.18460695412819111
0.060960493790440815
0.13802261201164423
0.10348884127436417
0.13522560559783975
0.17130916615799135
0.08912093932005166
0.1142440017192712
0.18266572039852624
0.11042483068333464
0.09356687029913835
0.12161358748704676
0.10845754161565954
0.09550630408449572
0.14423209217417243
0.11984378260181464
0.12116948614953985
0.1420601017815166
0.07797067710384599
0.17976897461515032
0.11023483768207963
0.20743473469682225
0.13893367112988192
0.1279645660073306
0.12997999212827485
0.13316106897496885
0.13311558770147827
0.12070908060376512
0.04980647341973056
0.1394036934138298
0.13619463066145723
0.16056080835245806
0.14667884203672688
0.08165488316386271
0.07197820266029577
0.08256116089550276
0.18069378929625712
0.14067563899503804
0.11832030748898283
0.04945700560507402
0.12241560452595615
0.12449673684825302
0.09436089918508933
0.08031970594329577
0.10259861807092163
0.09297510536234498
0.13048810370160435
0.12873664183628156
0.13353755901265346
0.15538333505692367
0.14325137214621883
0.09224989482261292
0.14883985784590556
0.11196705969446527
0.1244172679618428
0.1203330780687628
0.1463694327754024
0.12805222580778966
0.12986948575937377
0.1050849205051254
0.1232707097259589
0.06611826502657453
0.11459443201802218
0.09964964848148848
0.1011190793390974
0.1402448958915604
0.16080522647182194
0.133013825171615
0.04614048813109689
0.12563550786994562
0.123209301967346
0.12679178158810667
0.0902403080799731
0.10777153189624465
0.12580719337811283
0.11501623099858917
0.11470036824211526
0.07839419553321789
0.15499196924986047
0.08906554859143508
0.16861744937756595
0.13165370905562823
0.06585119770371695
0.1156798421216778
0.08455303996767521
0.09271639458926338
0.12433630959684301
0.099789117129642
0.12540466273669165
0.1532809896551183
0.11387131234471103
0.13142192537013703
0.1464507835018743
0.15952963891778205
0.047559830348434404
0.1132439756727152
0.12370967079152592
0.13200209732071339
0.11331648797624783
0.16799250727934611
0.16355669470880985
0.10199076889141839
0.1560660944986518
0.11755876941425772
0.07602462820108495
0.1316724709412816
0.09347087266339776
0.11679018666760793
0.09077892633821973
0.13894904960903293
0.13563017035461827
0.10012944292951194
0.1152483822057015
0.1006641592481341
0.11701888941067176
0.15942171048290804
0.14975717874334146
0.10961618194919569
0.047034439606588485
0.11115632906860429
0.16333369960631278
0.039767638265123306
0.1766849505797005
0.09448964002002141
0.06285610252834414
0.19270520355212972
0.15526623203138484
0.06273787849509752
0.12767526493956577
0.10141810672169921
0.11157444536525142
0.1284844018852236
0.11323964915825535
0.1436466646634556
0.13325991645796445
0.12365505317978386
0.1255513342886656
0.10751072375854051
0.07298173764270477
0.10379378270477504
0.11840996831594888
0.130653346557858
0.1529879722572976
0.13583984514206726
0.1798915866724512
0.1046380569130303
0.16823087955844723
0.164578905950444
0.1462566076771851
0.11879472286939836
0.13629077530168696
0.125535033439123
0.12552628574460903
0.11207018916944204
0.13171091932999116
0.0664723337137573
0.11225503847238513
0.11553538837010717
0.1103491614638441
0.1533796671101922
0.1134313934756262
0.1436276493523262
0.08189183775426348
0.09172574528754329
0.0928605889580987
0.14204896533066572
0.11700560461433453
0.090881484179092
0.12124683900601917
0.10893018825915801
0.1046825452865425
0.062429605892987385
0.1652979733926187
0.20340465285161888
0.13302574558687535
0.13924973126113027
0.12259433827318449
0.15347441142292412
0.14426954582040546
0.11946951315837015
0.07201106750750813
0.10884571753978133
0.11521884341450431
0.12228184960363454
0.16477162501245984
0.06375483874251187
0.15268588782450013
0.1168023585632557
0.04036273447502735
0.08322823150056806
0.1732671377651003
0.1296325533633597
0.1448981702335865
0.07264268367708418
0.12347064233770516
0.1667073171070724
0.12375986382981281
0.1394728705186753
0.10681609517381004
0.10635959796093464
0.1331183813356372
0.08480118202856879
0.041989715999703844
0.1320965287461634
0.09999423104845245
0.13645422004921945
0.11727895025081864
0.1330586808932101
0.1274575795845924
0.1095987274130299
0.14984454267737715
0.13801015752235657
0.12751529767774897
0.09737501719298441
0.11530646399694945
0.15769945775533895
0.08320588856534727
0.11055842674320854
0.09905590357075313
0.13893789480664162
0.10119108218867147
0.06997480621982465
0.13370037398079487
0.12008796965866195
0.14639649272499344
0.08551332794085624
0.11394403446239082
0.14411784014635554
0.12246848294311043
0.1318065752728809
0.13891393442115174
0.10167516878313364
0.1064246312365681
0.1694196844534296
0.1414415605937967
0.09133510733244211
0.14583640404170076
0.11828174543622022
0.1734341408661267
0.12523919589577465
0.12193801563599015
0.19453556155875432
0.10519527300552114
0.15843368311899192
0.1227973959723746
0.08590599996175213
0.12686372856152037
0.10861010303495569
0.06112595123982459
0.146752953827812
0.09527213656482802
0.08312739890134888
0.08387806253761632
0.09332851544135291
0.0694671137993341
0.13525150806446828
0.1772118963340623
0.1155090598701301
0.15275090529595595
0.13392957847083473
0.11796507308405947
0.14472038343119778
0.09678960961963817
0.08275254762212036
0.08295452715816817
0.0775253641185746
0.16746515196171108
0.10129357938600869
0.13989121373235955
0.12312375645915878
0.1721805910246455
0.152101464818517
0.086461748136528
0.11804278232996673
0.119292985291373
0.12163396673659252
0.09985252567124471
0.14490206719240664
0.12722184443097315
0.1248859226089021
0.15675973902723278
0.1428566286407865
0.13576674329180527
0.14299166132737967
0.13792847529456814
0.11229611079487944
0.10953318911567224
0.12331601203694306
0.12284240777777629
0.14337241058490363
0.050079257075044306
0.008900760248753706
0.14615968812270244
0.1296491222006455
0.111195408388114
0.1024926272212314
0.11469684021267165
0.13362545532980472
0.11946453250671815
0.1549725373612431
0.08948116015933173
0.11829042058340297
0.12908316432208025
0.09259257747369434
0.0844578365248087
0.11886572152345454
0.14125374411609073
0.1581036939424708
0.15297480203320932
0.11159904278151112
0.1331947490465354
0.11119379434801113
0.11380979603661232
0.12893323051436636
0.0984607918825576
0.0732856715571101
0.1137050512266374
0.1422936556929416
0.135334020515074
0.13270211275686025
0.12574555543500665
0.1547361594832636
0.07940185549170875
0.14465219448850306
0.16730698645350994
0.15740070800623632
0.07122455278871868
0.13696867985709094
0.15244248685873218
0.18805425590387181
0.1358770736527117
0.19688032512396592
0.09450380833249333
0.15003457317892196
0.14427225106150957
0.13093018403813836
0.09986664214065358
0.1436649882355942
0.13437440633247044
0.1800422778193875
0.09690341219892512
0.11521026922563668
0.10049185092416969
0.09656966326948555
0.1324912369359998
0.13560135690371794
0.0830550769669261
0.1653390857675756
0.10685743325858864
0.1437860471076486
0.1045566980588399
0.15205274519789536
0.03862268451898007
0.15004307286566898
0.08889539909461953
0.10345647024745276
0.12441166054170909
0.1487308301547487
0.12751671212460364
0.10830714593000776
0.13214065880446502
0.1746095636189338
0.080467904607183
0.15785550278073357
0.16107343438823696
0.11805194275966137
0.0694226695605969
0.1352497717150347
0.0888673952973306
0.05571405681076898
0.015687772741609096
0.1189174728535625
0.12451428665340195
0.14648169363396815
0.13986197431127495
0.11334931592674956
0.13008812213144869
0.14850935734625287
0.14987266361781382
0.07140371564846826
0.14067407968106402
0.12991032911080092
0.11495474326994319
0.1607685288206393
0.10288618982846573
0.1758370714592422
0.13924718513055517
0.07188896577340564
0.12162402992618525
0.17405297885208498
0.11241959511819934
0.13142489209212602
0.1832748642746549
0.10069027151929472
0.1687128619970548
0.16731105069495653
0.11412870991963556
0.11646192376098287
0.12785446913215254
0.10775258460569083
0.08969436892955625
0.11314738949417313
0.076428492678532
0.10505585500041968
0.10848779191370972
0.16186264493973201
0.11430955836437735
0.08295997480184453
0.11700461608761574
0.13288062706778647
0.0821839096485637
0.08303955434750449
0.14008456067287522
0.11706693527634933
0.13385234894576306
0.09287115341439875
0.07067092979915514
0.12101783215503419
0.07867861660284081
0.09756162752556309
0.10083663733195083
0.13748858709480172
0.06485584767133147
0.11749182348049671
0.10733371060183432
0.13580312260741573
0.07646140551083026
0.15801692879466636
0.1535431867024422
0.1125876126984497
0.11560074869304326
0.09753121702716291
0.11251061399301424
0.11946112542510577
0.04692439976211772
0.09553127476047531
0.09774044373853194
0.1456866289752097
0.11442613808793684
0.13150159825067212
0.08544352424005314
0.1486468489975994
0.13895751428690734
0.13327672509441008
0.1517834151867837
0.15305005374434938
0.12040430727001758
0.10255383914080361
0.10909271264991728
0.0932863463872796
0.14104097673154706
0.14693132553663296
0.1551427831227039
0.12923267930076693
0.18218454982145307
0.08833545376912397
0.11512942734722467
0.13980217924566424
0.11797615824582594
0.08740194040859817
0.13988943837559423
0.12612419681485637
0.12860604686609028
0.09964861149195717
0.10401963173722856
0.08870716095646936
0.17523832360747005
0.15686166748253005
0.12718127058689263
0.13498207406852994
0.11478976481332244
0.12534519156793056
0.16271210485059298
0.12392960068076211
0.14441455625860433
0.1689476599123497
0.12125332670445058
0.18487154483155444
0.11686746949410147
0.1441890021551884
0.09313719474425647
0.10746720810928823
0.11391954000496404
0.11912231375886857
0.13231530080092807
0.1237263644288358
0.1312650452463408
0.1009628701964459
0.09654811933389951
0.07614063510597954
0.10968908452347202
0.1255600559211472
0.12679283246024517
0.12106747281436095
0.08848282634798091
0.11262926389737422
0.1461444340802847
0.09189643542351499
0.10334525090894128
0.13598553947693282
0.07804565952361418
0.11532124341850225
0.09839601148787161
0.07524871883435998
0.1393618738487508
0.14491037939495113
0.1641819894253488
0.13452872836317922
0.1434514205035722
0.147640850244959
0.11083801128639453
0.10128879983999664
0.0902287753694293
0.13678585601765925
0.1587631692821228
0.10407245187419503
0.13778120428942972
0.14119621286060913
0.15681881771449033
0.1018150017945884
0.12497583733707565
0.15870540367589342
0.08000515977941797
0.12428358707389085
0.12437520181828418
0.10689083693446096
0.14721091036185804
0.11250190463028528
0.11838778385144452
0.13849340679289257
0.11496980489884365
0.07371488906135326
0.1287655102954882
0.12513377225236386
0.11748525790635365
0.15150680591265187
0.08716329342923303
0.1375312827119487
0.07737766398142329
0.1636770732608884
0.16369422204214296
0.11893329105654944
0.09530415153079823
0.09880156748478336
0.12192594314523399
0.10320818667210914
0.15226652914438055
0.10553513015916709
0.08278715633680125
0.13395432405055197
0.08074978683956062
0.14346075908654565
0.10009168099393567
0.1283848487033789
0.051725009234750596
0.12334374757235442
0.0839002486903507
0.14598076483011793
0.09044880169464786
0.10445892702129599
0.18897659821266344
0.13773672522031025
0.09580896253321622
0.08792686341579398
0.08914837599427303
0.10511557668600396
0.170659580306454
0.08876996502518143
0.10269905136780853
0.10849939706814102
0.1646378627848689
0.08793790586248905
0.12315538144088199
0.06445819031420974
0.1906508229152089
0.14079386994991763
0.1473657156932536
0.14422419382930748
0.16281349996294278
0.11999482527688837
0.0845669778153035
0.10078895188187115
0.17756737941443693
0.12453967616247422
0.11154050165814701
0.144124712088096
0.10553433580889081
0.14117638622746131
0.11294334810135156
0.14891021919080544
0.12338008454698318
0.11294832147666428
0.09607197567316537
0.13885493404634758
0.12609807496986108
0.09702115175535464
0.09872010222756604
0.12758240083508096
0.11329879019434708
0.13455023024622575
0.10396103562682224
0.18244478534685585
0.11380046483402914
0.12813939959061205
0.09524602615656516
0.12600932438729304
0.13740527687525916
0.14600655770508625
0.13898898981033103
0.058202954863677055
0.14494222866482004
0.13498412277569594
0.10807297563059758
0.15703267093307854
0.10949983536952304
0.10822303067647368
0.17417652120820776
0.10773915420327795
0.11120752177292624
0.11634329408787782
0.055415460988380766
0.14512935897271734
0.1418554416094057
0.09816353054218122
0.14382950446162926
0.07592816338184989
0.12186989566369089
0.10729001636504382
0.11731494865054845
0.07715279652871991
0.10441378177902519
0.13266226496040306
0.09526987263723655
0.09500430637242113
0.11668395314773827
0.069187396975694
0.15344554048037948
0.09173634602423322
0.15881782246208576
0.13999507662611588
0.12382038077845756
0.14135317252442692
0.12307819320228418
0.0746527792414661
0.10124705985804137
0.14498723080422143
0.0872228309578932
0.15786569024705002
0.15206305202805898
0.13912699567795295
0.13992143648387162
0.17101891165714195
0.08801676966130835
0.11776575619775378
0.0655116334524378
0.08356235275023016
0.0869100848224022
0.1652422811076616
0.14202117884782475
0.10557577716210576
0.1297008639370983
0.16678192109215753
0.0927403985250661
0.11646203830119711
0.1020970027482712
0.08573675603822843
0.15194875479502157
0.10568489975081029
0.066193091573492
0.10518678402423527
0.11560735259209952
0.11617175596922073
0.1252592377151134
0.13110230874625406
0.16261623461002667
0.11397847061421877
0.10788203794869758
0.1812469944751537
0.1471795792829179
0.08841748565670457
0.14102796169184884
0.17217139461696893
0.07948535502839754
0.15089041642132922
0.11329580727487513
0.10458152543097407
0.08260625775566484
0.14081766245744287
0.1068494706617482
0.11087848755371806
0.11817137750681163
0.12417137184599177
0.10002541034798432
0.15011787498795565
0.10331189593931274
0.05112050674919537
0.096918807272565
0.11322594310869596
0.13329754235032337
0.113052828028411
0.14976768276903807
0.14908044009968308
0.09586567354468153
0.1218652425877301
0.12987627342820607
0.04640912708303549
0.14470156924116853
0.1487073352124323
0.1310115542318764
0.13823046205669215
0.11910142941720116
0.12210610909613484
0.1446146790434407
0.1574491009267539
0.11224667169976649
0.11406093831399917
0.09764952209476978
0.07040068895710261
0.06920270553545789
0.1860564662706029
0.09547654156916735
0.1202817606553685
0.10033888171753494
0.12832479860109597
0.11525377134947555
0.09305054772626888
0.09862253808677636
0.12294374111568977
0.11470554198915803
0.13904945543300498
0.11705198934046507
0.08422277400196687
0.13847867081324697
0.11572465563911917
0.13603568706767938
0.10215778462976553
0.11016309056941134
0.14022478484322626
0.12459201417246754
0.13883796287952313
0.09791438083601801
0.09729102256470008
0.08943994025934518
0.08439616592340884
0.19730783791634565
0.09522235754662053
0.15490489120112533
0.11561271568457049
0.09814994426478786
0.13041148320742854
0.19515712171180888
0.1420228224513059
0.14853717580573397
0.11641861539552102
0.07785903396997884
0.12690207618704477
0.0842099725869022
0.11334719766252598
0.11280645645780207
0.1476549934776222
0.09868935582457733
0.13679342977435116
0.10190713852839803
0.13216924958332849
0.08915980745046509
0.13205947538446527
0.08879957921084324
0.12423601488401201
0.06146460281222891
0.1645618012902387
0.14108409643035164
0.12732186551835814
0.07430209767658115
0.11402557971732143
0.08411459177938244
0.20005165209556486
0.15186752980947396
0.1108277595986373
0.05213724087418482
0.15417700720486427
0.1618737671464619
0.13037965087731238
0.12943815022066082
0.14115817902307431
0.11467545016088602
0.1368352282070153
0.14132418462812302
0.07493639501118488
0.09535645304112544
0.1421874761654251
0.12030517302665693
0.16175126000989767
0.09923894728444033
0.14680059545339136
0.15583892742589453
0.10070383699799729
0.16915208440332366
0.17004758709613338
0.13007420093334035
0.15490769994550982
0.10179723665236998
0.14845316277244353
0.10722924093494753
0.11044144828538152
0.07327209965162648
0.1492649684171376
0.14283462442289602
0.0958233129479306
0.11944931140592067
0.11115741251858778
0.10603931947440558
0.08395847360250724
0.10780199490186218
0.09495689550747101
0.15266498880423682
0.11965830707198095
0.15881630835961136
0.14884317376518091
0.07602261487957948
0.16912103042183702
0.11712053435539833
0.18278615350024954
0.1197171689621477
0.11080410887953271
0.15018772107220973
0.09028073734137892
0.1192681664041616
0.1749843229785861
0.14159357000326422
0.16074276148844652
0.1169568578674818
0.13490039743599713
0.16463399734399178
0.08344231788639894
0.10041994948547883
0.10592072425503812
0.06436001528102256
0.1449069299911982
0.13810803040957817
0.17434409738790935
0.12489440412025904
0.13425332694170286
0.13800468109263817
0.09722128635242766
0.1520434353951149
0.1218949545759762
0.1158079683611023
0.09338105469991653
0.10651729990196045
0.08328958068980391
0.11169546248531728
0.154936972940076
0.15432427265354096
0.14734712082430965
0.07323877541463712
0.09105306788216709
0.0682248923099383
0.1424753388564656
0.14716500618104994
0.10804343643293528
0.08491673122306531
0.1349165657929481
0.11993661385702743
0.14402495837272677
0.11595794053167517
0.09441680944503993
0.1738510701464105
0.0897745497577556
0.11727801172778783
0.09332823039472414
0.10845019752709874
0.09317430125119577
0.1164364243815451
0.153377095698913
0.12527351762670486
0.10864545548480971
0.09824325710189512
0.14834717575616052
0.11994842013868032
0.10036078136145161
0.11101422339053973
0.15648857921787127
0.1465665245046475
0.08912911805620351
0.134270292783109
0.11435181592466799
0.15878054009625076
0.08959821609258402
0.11767019989909615
0.13320602284495098
0.1263449314309135
0.06748524814550128
0.07550866021220226
0.07755154934496394
0.14917606120753124
0.14564034161825445
0.15023966010198817
0.10846946725272007
0.14363700559496356
0.10081421583210998
0.12488121421690178
0.11087403791908161
0.07984330685902752
0.1753495459167227
0.1406738054152938
0.07793244409505554
0.1614597523162261
0.13002824755652878
0.15321195456686437
0.17106409520931898
0.1732792286578035
0.10803883052723369
0.14608915469018283
0.14081567754786403
0.13581732852894146
0.1554693619923027
0.1555801857107895
0.16686043227778036
0.17252653937354212
0.08804918234274797
0.07986651478142588
0.12240284181031857
0.1678625022151283
0.17681850993401685
0.17915141022674147
0.13240519734135933
0.15310782994618918
0.15333636912027965
0.11553772726894566
0.13786898387594615
0.12268734541754962
0.12013736942721157
0.12468572481912725
0.12040939707496431
0.11409606906321432
0.11594565393668811
0.14285567144312636
0.1528686799736007
0.1330614486057199
0.08553293564980236
0.08563855085802
0.11831683698481604
0.10590114000460796
0.1746161371042485
0.12077534403293129
0.14944572104518847
0.11736138895311725
0.10311890777862145
0.13881626884147424
0.16700815700600558
0.1038560852726795
0.144034301598087
0.1317515977361796
0.13299038396277163
0.041411400206976534
0.12882321159204432
0.1895207548064671
0.15450647157171257
0.06988088744679877
0.08721489984109362
0.16485996646950096
0.1553157528148723
0.11751343166976816
0.11434912304534559
0.03766603979803608
0.10508262712099192
0.1124392053299163
0.1190226977876274
0.15943121781571024
0.1626548367407049
0.15584783761725918
0.1494075454312922
0.09675987994505553
0.1537323269679337
0.15052552592271545
0.07022164437573877
0.12371592745309865
0.1002723270701114
0.08630328885686012
0.12372321212305512
0.0791076395388115
0.11696368545582683
0.05936311024761365
0.10074341054661742
0.1651849278750997
0.1721337633896709
0.1086218196130144
0.08200296310356606
0.12019748701862465
0.09617636296244939
0.09659056633242576
0.15198794681321987
0.11107268469964303
0.13237401343422173
0.15467392334815333
0.1190671701690945
0.11020874755999778
0.11902279694809437
0.12706809325263313
0.15818907846181302
0.1528154439248196
0.08272800728466291
0.12321925894402012
0.1094871163741724
0.13036250115258288
0.1599568492781287
0.1591453380365589
0.12432618145480472
0.12151898931879158
0.10030675304998432
0.12814468339310514
0.11152935346498778
0.10175221156117037
0.12656285185290636
0.11634865719167921
0.09483197968656029
0.13792497608692272
0.10006443709594876
0.15626279806596427
0.1151462644030868
0.10484865176933639
0.1392669579351062
0.14824046940884955
0.13371636494241984
0.04352024352334691
0.09870449938521343
0.18480192217503433
0.07313145159122789
0.09632799917138007
0.16173820178907036
0.1415478087972017
0.17574526055399955
0.12564973690380693
0.10357778598071
0.07139005524702499
0.12564012744078923
0.11392624553259055
0.11257134168381441
0.1753973313791601
0.10525812824853692
0.17148628914006694
0.09192501726856488
0.12046440522442957
0.1740770433771754
0.151178820550401
0.14200781670723128
0.09644210511575382
0.19087923322482475
0.171856027479197
0.0939778549592166
0.18263944737247145
0.10785107731951474
0.1040070868083395
0.12197067670213495
0.14942182564931902
0.17456193500013212
0.1394329489503535
0.18044450443982474
0.11879750413579625
0.11958464150155743
0.14397881408221924
0.1385184072208434
0.09519057663587785
0.13125839879220225
0.08095891551943976
0.15966730174767152
0.1295478156455116
0.10951041627332497
0.08259848168549545
0.10656218462433106
0.10861170305186678
0.12870977098239283
0.11346885478276517
0.17207975603569334
0.13611793908094394
0.10227363430421421
0.09017337053206455
0.12831396808909767
0.13146921965935918
0.12501228401934392
0.1721704495876461
0.13426838410782913
0.13714135365001778
0.10041693514898638
0.12022142359633696
0.04002182008173666
0.10584451164798521
0.14041225136728586
0.12845902715884397
0.1180230877227453
0.16071393192529984
0.12094458622304154
0.11511824755641262
0.13062373146115966
0.1358814255006796
0.1691363590472501
0.1582543240732226
0.09903963413573869
0.05800214297764014
0.14510062045542135
0.09983318804455082
0.09240803393264345
0.07165671850311109
0.0937614707715811
0.10278838572803546
0.1310275351531561
0.1106029404779249
0.13090404549022916
0.1978821805485429
0.12103213914620034
0.10501055706371348
0.1208802573927768
0.14833270730293832
0.10579874921040568
0.12470930405268651
0.06770414640265154
0.10496100674366748
0.11184419491222942
0.11956470049053318
0.06571346386862324
0.12547705474639761
0.05983141185678386
0.1257543771030801
0.16660943963094377
0.14816740041521143
0.12525610841310245
0.20810824037472744
0.11534385635546651
0.170379133863072
0.09457793399849243
0.0943779040859913
0.10098883250386954
0.097668498364616
0.14947543347218287
0.1331017776770502
0.15307174679591407
0.1022729648936195
0.1342616882939515
0.13607226594329846
0.1397798758798365
0.10439910551014067
0.1442663512907262
0.09063979602810904
0.13074218709674199
0.12920084090438097
0.12819300160398966
0.13732415716007773
0.13708319007364667
0.0871960146468129
0.07899028176203945
0.11450858517178769
0.11354821029934141
0.07346035249930191
0.10760915846353407
0.1466100835175005
0.08381795031112046
0.12522004276993856
0.10846939432931599
0.1275121421127101
0.20269991821914712
0.15900559817566973
0.10866618926043348
0.11882841555864922
0.11289805578727122
0.09283206391878289
0.16342604106729292
0.10570460561657812
0.137210642301214
0.06300453494823435
0.1378151446408773
0.11131417693595957
0.12019781107033647
0.15278010107130646
0.12249092313849844
0.10383361667042876
0.10839642249258255
0.11759399753591832
0.10481021032436146
0.1400439592989073
0.11092749671732603
0.10832550622987892
0.11032007084241316
0.16296838452141366
0.0567980328951983
0.13792156678604484
0.13520757692547733
0.06874199778102336
0.12695782411759085
0.10074329276826458
0.07085030935234556
0.13283858868751267
0.1436937514414635
0.07947620396742788
0.08451774223103195
0.1634640398994101
0.11844246906795794
0.09585136996187042
0.06995898993182306
0.13348898803249712
0.1554314846353536
0.09575305691396581
0.10512631965228268
0.1406162957608771
0.1584252944031226
0.0988269403034569
0.07171480069990226
0.08789348366694977
0.09737954750266013
0.14951325140253974
0.09372266127264595
0.15688363039826833
0.1023507570356508
0.06581911577509442
0.12774421572028988
0.10916838305758333
0.1010047052423079
0.11617718050567025
0.0874609361931869
0.15470300088320824
0.07964602235340149
0.11405918877116722
0.1160378744007032
0.09885685170075552
0.17699766374521037
0.09469544262064028
0.1515612962212705
0.10686412308957516
0.13320491062703682
0.14313999381138065
0.13007184584965972
0.18395595384250046
0.12668743690427492
0.13645735991420427
0.12850768695649084
0.1443436972119888
0.13741464307931167
0.12122448833959604
0.1017044550074547
0.16689946908765177
0.04401418475770727
0.12345820209944063
0.09057943228779489
0.08245208579199528
0.09821572798880845
0.1323345370691031
0.12081262230411689
0.10655587130458233
0.16980036630419948
0.17272188755437878
0.1374403110261572
0.0967636700987371
0.14205419765677071
0.13149298850253385
0.09668816424130275
0.11434402737321306
0.14146927155457356
0.09432748101310824
0.16851036089642113
0.09662213660327773
0.15296692784647675
0.12002872822911971
0.1698287030034085
0.10615376841592727
0.11415301232265175
0.10434681162998569
0.14525203518263657
0.08340705162692996
0.14109888914485244
0.13326743597256266
0.10903175473446758
0.13199156797463327
0.1445219190502458
0.11731234096643554
0.06628897619700827
0.11977756389952271
0.12706164511917822
0.09672354499206823
0.12646274301245738
0.11666953199819532
0.1734569420564912
0.09705056124811304
0.08582542135170945
0.09446114070941183
0.14474836819338355
0.16294735577301064
0.1389407421906415
0.14683321212294123
0.14860544249955876
0.12766158091777635
0.07299826441065192
0.06604193832486083
0.15360695724440196
0.17718615096435025
0.16040076012924057
0.12162281340148612
0.09720394077884653
0.13614976419797994
0.13466811535697037
0.17831834047720838
0.1292970355461701
0.09526997667311368
0.13786778844279898
0.12575307971731262
0.098982653029802
0.06603241911209491
0.09118179762582139
0.0899833295442328
0.08660320346626746
0.09154060781913045
0.11578739789101686
0.12519330403342033
0.11528675452914801
0.1117017854138263
0.17025137076794547
0.08494306190022563
0.10277268103163331
0.10324045744455196
0.10344788167098826
0.17211096359044678
0.1113873787072163
0.05780329920535916
0.13539635648999296
0.15520017297197064
0.11772173908708594
0.12638268415810508
0.10462661639418794
0.07750161015682708
0.0911273914341773
0.12572016284258386
0.11142496108944736
0.10034397033140456
0.1056713718109592
0.13678415128876176
0.15746826192851052
0.18403432290625515
0.15455993982141356
0.14669090210785685
0.08425099840826572
0.03416492619301914
0.12129050817373938
0.08576693746944099
0.10569307688325412
0.1515507640036374
0.12181395668549395
0.13636335826347504
0.048398378632093994
0.14847974613064657
0.1275577205928192
0.12980733963549326
0.11342450326404807
0.16499454332644845
0.15931802977031914
0.09802133529037209
0.12565031132868532
0.06146228221958433
0.11910924958309084
0.10648887997060605
0.12604119653835488
0.13234236955145026
0.07047447578094693
0.08711583820752596
0.10006422684419589
0.1382858877905922
0.11027311628973405
0.13549885265405737
0.12391777429219068
0.16691349396015395
0.08156204955198465
0.14455567651813006
0.08562540113213038
0.11652575699553426
0.14746659301831097
0.14317870825957832
0.061920212818687016
0.08428522722495967
0.09654803963937383
0.12283635427993446
0.11772060586066894
0.1396371552211229
0.16472968271379013
0.18071722853413438
0.12694798145104275
0.18713606961455817
0.08213225601977292
0.15033674761078228
0.13576478169272646
0.1186719987159379
0.14166115294054804
0.10760591924733488
0.158223792713097
0.075412322647162
0.09964714797861698
0.14352229169410735
0.1295075323011557
0.06968188196468994
0.14521678729982518
0.16122819778235914
0.20087508979209767
0.1199498087234919
0.11960559677487112
0.1361460121385291
0.11506935532380949
0.10532788858524594
0.11553750205663711
0.1104346699778703
0.1237965318587681
0.08563826513231734
0.0980506693883442
0.14970646190416823
0.09927559539702985
0.11663305638198307
0.07085479248452106
0.12052717514048344
0.06739598844638077
0.11324787428284835
0.13281667185579543
0.14495527671382452
0.1428940894509446
0.12712987244242824
0.11590543033000271
0.14622574612145975
0.17141544959144814
0.12303422500058153
0.12067257620731257
0.14718322987596616
0.12317747193239004
0.06290784177629502
0.10363185963889762
0.1154582230769453
0.1127125220731386
0.1387344496072636
0.10441175722642308
0.10118697893617525
0.12912281234616463
0.13274942951265237
0.08595504552104646
0.07738135785751894
0.15943054126970913
0.09685954542060762
0.10404967394464211
0.10195695819178482
0.13301037440366095
0.09806835290427089
0.08021310174433165
0.14579785487307606
0.14493337218496563
0.10678117864323078
0.16206831834398383
0.09335144344176782
0.11944476940722697
0.09597577298453863
0.10775039174123299
0.1405281565985399
0.12640024956103654
0.13166527249347315
0.09466078908174798
0.12261744447259285
0.13271244608684793
0.04225110154872137
0.06562201591681438
0.15186444423101605
0.15547010707384812
0.11410333974883795
0.09826142564490317
0.15841583837703288
0.11727317965774703
0.06619995726681449
0.10292338764545703
0.1249963660100926
0.10898197419899573
0.12754042211981614
0.09462746386285101
0.1201810583518259
0.10813625234740613
0.08122561148878413
0.10753248352165708
0.0552383216299583
0.06591426028643482
0.09072066071664855
0.11136180363948384
0.09473725410175843
0.17546954774818282
0.0692346322500473
0.10332913962293291
0.11487964420043827
0.1865242483988736
0.1266963940604481
0.07262680524470996
0.13671527849178006
0.11166262028300687
0.08822328520099737
0.1709692388375208
0.07964030907482444
0.09685262999805999
0.12179002865545702
0.12666161675895504
0.12895299761700746
0.09046400173781949
0.09712560990450321
0.09559993906492009
0.1359096286027417
0.09083223852386275
0.09760726895208328
0.13587744963297713
0.10384723961264218
0.07428562745336298
0.12578750856838894
0.1173823999996117
0.12460007854967659
0.11853611773559893
0.08428898439917354
0.13729893778173757
0.11542379712152408
0.14609364161686594
0.09080733938303678
0.1034051589490719
0.1380053999252396
0.1178459504681511
0.15093898607737893
0.12587209624993892
0.07044809028407656
0.08480247079497201
0.10124968580563247
0.10363533421463486
0.0608866643384484
0.11900697860894088
0.08293092693398835
0.12402172516985442
0.11191103173432024
0.11673874538920577
0.04009033636279587
0.0891032511881524
0.11934261624275944
0.07012111147351754
0.14140366294083814
0.13622770596095388
0.12430051528675713
0.16291484594220074
0.1175267372492061
0.12353563561667417
0.15852405921048418
0.10289230120781964
0.1366866866965309
0.14566857361508
0.1250142170496521
0.11091282104657885
0.1225599641001969
0.12476497676419934
0.07968242961667069
0.14960935674965112
0.09698440339508754
0.15218327858314404
0.12305674997050806
0.09123896761874394
0.1296774532226481
0.07003464160550311
0.10415286991480065
0.11247002795389395
0.13919663652684772
0.12802766768697635
0.17019115581334965
0.09184286042880366
0.13876389366183825
0.13618246185949917
0.10923244640542093
0.12872024973508128
0.18187217757912774
0.1958987508231898
0.14762993276419364
0.12655262880553148
0.1592161825317358
0.08342574711770423
0.12271086337788341
0.12528099085780256
0.10693067617792784
0.12628538262247743
0.08951450628213954
0.15858938846144638
0.1709267001660508
0.12485081899003686
0.11082569414873693
0.12436123539591448
0.166488634379366
0.12414926424183591
0.07627205515552465
0.11304844934659966
0.13747391613990464
0.17627776297849
0.0846828372405185
0.11646726819110634
0.10927782047219177
0.1656736983203944
0.12357683396389357
0.11605737196316941
0.07154974007651363
0.14885989051798354
0.13004597560164546
0.10116212588742862
0.15271082296797478
0.13148000414163744
0.11518353204523644
0.11652611185375616
0.10623443835037398
0.17711598496151595
0.1398659916492218
0.12040223188853573
0.10761195207082735
0.15171461868831704
0.12531244034982397
0.12619520181185986
0.14775983925599226
0.09298822166685969
0.1303718249782205
0.13358991031039252
0.1137828334637446
0.04339584345827552
0.12907070400300302
0.13797668037897187
0.116088070541247
0.12551252951749503
0.09967070560378521
0.10082961641567105
0.1395177719399108
0.09024022522406133
0.13404018876021342
0.08897999609995695
0.11115966068407869
0.09699348764207077
0.14884314052498043
0.04929042578474874
0.1319111237595028
0.12297115859487127
0.14178070680086896
0.16657625848613267
0.08431457406497302
0.08944420050445594
0.11250939046036791
0.14082612118239857
0.09769370622150686
0.08770978052462894
0.20840395856582677
0.13600496685258262
0.11457224140040569
0.1075807682618078
0.09966349010615981
0.08948591616881141
0.1316687833634197
0.13059567037556213
0.16934758023335564
0.11295699676895193
0.10430560015792728
0.1307002688449633
0.09603861449677462
0.12404114161191394
0.09592684970417133
0.13240657385379528
0.13033066630727058
0.0765190191667299
0.1027651584135863
0.1158097330244669
0.1984133440867985
0.13685498138474667
0.11982212588161417
0.16354189162381072
0.1038025897253995
0.08295588256118826
0.1051993372537571
0.12123143279488333
0.16289999218298923
0.06709232370089
0.13865929017893014
0.10671183254910827
0.18862113095806982
0.16844038983182205
0.11333184488498285
0.10267621104345698
0.112835237609244
0.11060215070016474
0.1574190481110086
0.098405179195977
0.08797039295263102
0.14636855093629098
0.05164294358702022
0.13203705895874826
0.10249087717400045
0.13227537956374896
0.15919174982591347
0.12459768383262107
0.14354453447914853
0.12379587665532897
0.1620266707901896
0.09332993735812593
0.1306488276585873
0.12997865893067986
0.06704137425755743
0.09050639002239379
0.14249598190051366
0.16377734755346593
0.1422692679432261
0.13376467375075277
0.12427654068691935
0.1507552218312454
0.10414155243044088
0.07424646462330464
0.15870443740924284
0.12811876730129382
0.0976411348816944
0.09489709894194984
0.13940743219950927
0.08661732286689633
0.09086553376337095
0.12288709002170628
0.12546048320496936
0.099118954338265
0.06587427547670147
0.0582957255659227
0.1263878181475893
0.12563237718236092
0.15741891378375544
0.08285747410671704
0.09245628478647026
0.10939131908116353
0.1197746539518846
0.12072739805645016
0.09687695282194846
0.0983453434575843
0.0960964195375568
0.1310933804990651
0.13843756785164416
0.16128402465115405
0.10575122148976634
0.11148649335021296
0.1109227369608555
0.14021118286274373
0.15244475042188943
0.07190629973916628
0.04823169486519073
0.09028018652325705
0.1578372778534633
0.11572025690072578
0.14212776893529816
0.12562993975274198
0.1564815678537248
0.11573117851066225
0.07943072231258433
0.15310770521436717
0.08875646621165549
0.12461417188015116
0.11546899116040006
0.07497732495626208
0.06966609912454817
0.11502595389145848
0.1170671870968888
0.11540410954682138
0.04465803019542085
0.09272705626078373
0.12871808826982356
0.10679561804953672
0.08956817951571483
0.1923532794573819
0.11855125590840053
0.18855518797162873
0.12552702409500754
0.07031576039701595
0.17176499132057743
0.12165586407230138
0.09940698492502954
0.11470092337828347
0.15020977057144658
0.1402029362517992
0.16066707646397052
0.13571599171529578
0.1310887111307371
0.12652118118763878
0.16114562587129255
0.12234415462528658
0.11260664142488497
0.08574281936428374
0.14794541412748147
0.11079847651143215
0.09568192254430213
0.16703643128429652
0.10178943377292896
0.1530769196404001
0.10646551916963846
0.06787845565853069
0.10383843216781641
0.15008435872269327
0.1009097812652578
0.08680534904246151
0.061442923257211554
0.08384351113986685
0.10245882461941155
0.13706397992816197
0.11362223311064046
0.12513932299135763
0.09414196152757326
0.060583895620318344
0.09209887751692566
0.1360271607881655
0.0588956252306784
0.09026155258180266
0.15678721441965046
0.1636116065318906
0.0861943264103257
0.14796320756860115
0.04780347087061643
0.07892805957286922
0.10885495242280796
0.12754481510216564
0.15941658244575346
0.09446905744148422
0.16695829481108196
0.15150820954286565
0.13216857954152728
0.12433917047645374
0.17238417628298697
0.13348501891288742
0.11976035683824052
0.12588092044878224
0.10035340709179162
0.14177377207750785
0.0709906366295247
0.09985186044789975
0.06353447818103679
0.12570646384093
0.10193413482484479
0.10640378695499764
0.11887713689932766
0.10334070674650003
0.11062519723147385
0.13381389388676457
0.15751905094542085
0.14797016608826555
0.11921262240150937
0.08014572364708084
0.12952667961880404
0.101015877031992
0.17008221555108421
0.12093185045919835
0.14806818361652402
0.09300945411656494
0.11372320659759913
0.08467652935026032
0.1751974890564174
0.1354227355899058
0.10116529958483689
0.0848717360938655
0.0892902215823467
0.12137841816626678
0.16869680293072964
0.1615304797993637
0.1274225399317343
0.04249620197858196
0.11317959947830439
0.11548095655363426
0.11853947854632325
0.13488277271393667
0.11640007783209148
0.1735975632722432
0.19774108769915752
0.08625694266747222
0.14754679286620723
0.10820065728163816
0.10137278054465541
0.10680353123506552
0.11157224770764078
0.12372597120401119
0.11436756999024415
0.1255196495847905
0.13821163813503118
0.1779733391836684
0.1092760517512073
0.11606221418128543
0.09807868612349374
0.09929600968717806
0.08690590867143921
0.11266903614584702
0.10526647837082971
0.13196118335974835
0.13528286126207056
0.08053233723986454
0.1561299509934373
0.16997657372339625
0.13825223408435217
0.08561900727154761
0.14209779091055214
0.08617640170740254
0.1490699698390425
0.10440248612834886
0.1447854765704662
0.1240622265219195
0.16331540316030876
0.07100377154113058
0.14877947452529922
0.1019463640113767
0.112906369717414
0.10512611225967565
0.15404769105770916
0.13923614286972238
0.1470563085464338
0.1334716950445801
0.11922096923333478
0.09363985556906161
0.126202412356599
0.1247332934379923
0.11718386039569555
0.17162746202037632
0.12074120987908117
0.14732719503093222
0.1612186251963969
0.11184685433543745
0.11687411336887141
0.08433352326341637
0.1401114563183396
0.07607209668214733
0.0750885205885395
0.1169688518043665
0.15942769694589545
0.13619130084454456
0.12100801217463887
0.11779508038639522
0.16684419002731135
0.15850720831539417
0.13140610676801723
0.0787370726104858
0.14550742479465442
0.1489410824595513
0.11922955450170077
0.05490329486843075
0.11176762608937152
0.12775968421623524
0.10699863252945355
0.07235257425788386
0.1472730061748908
0.13190479473111236
0.11836917723955756
0.1613726118512904
0.1419380603634861
0.11197022371346373
0.12446250649744943
0.11929515335589795
0.1375455434146385
0.14589681024477916
0.1260700879722073
0.09279535007838592
0.14251802507106978
0.07333106473627374
0.13381665069375262
0.15380636716599294
0.10241005756229107
0.07139039426658969
0.11630968423876704
0.08028877521336253
0.10799984506898402
0.12328129765776816
0.17802342197317655
0.09080393056128012
0.08615794118652575
0.16305012299491214
0.11597801002700543
0.12303209947953804
0.15955444161218552
0.11920596934594496
0.09081131519285202
0.14685990112490213
0.12182082196710461
0.1571432878167281
0.12319727633620367
0.11277315019885664
0.11990952501399482
0.10226062016191254
0.14220229081689162
0.07388094147715557
0.1342670202954304
0.08536413079434584
0.14883165612528537
0.07891290787553581
0.09049530941373818
0.18449950448646527
0.09253201270488796
0.10268236752876037
0.13215675577598104
0.11557184215727774
0.10187878684362613
0.13436579439228874
0.09886995512848423
0.0959515350391055
0.15930528789597193
0.11608185819846732
0.13687428343787922
0.07289345431312322
0.1244286768304148
0.13273998616026597
0.14298602202950358
0.10276728352514732
0.16029985011255093
0.14943582851472895
0.1541127271440034
0.15594559133808367
0.13918298033683688
0.10671610049865865
0.11604629273934183
0.10444239315634576
0.13497164038135492
0.1339721573839652
0.10464092759246753
0.1771341856020933
0.0914391118263298
0.11871147946831015
0.15494995523340244
0.13915038565772436
0.07947456411905532
0.1257425571867991
0.12566924112157
0.09585316956736295
0.11707418644272582
0.03284111946955248
0.12035828049219506
0.12370490489679556
0.10209011979379856
0.13012985971970276
0.10491567596786802
0.11805918220665011
0.13937048749143993
0.14273614509019172
0.12760335090862107
0.1143031151160739
0.12545629632723015
0.08404148873180586
0.09304882904256973
0.12970973984928916
0.10641841248849607
0.12300859416154164
0.09173335755498269
0.14815866464956176
0.08274829553391226
0.12360392142385407
0.1299951844218946
0.13141022758515733
0.11329147994467874
0.11354506433809627
0.111371030243157
0.1737651137907974
0.13379695071378872
0.1175254582861098
