0.15712771394541686
0.17238485717631521
0.22708976891711122
0.2375022283326378
0.23628503859326272
0.12224118634298888
0.18397164486037615
0.13898947619767932
0.19441974287600566
0.16987622255105514
0.1395672702417546
0.19246787646230804
0.2532872176129637
0.24554707611766743
0.32249975703135925
0.18642022525683397
0.16904679283416513
0.2625944233882495
0.25050583231487056
0.15933063636473305
0.16552232724138033
0.21124458718709418
0.18523828894347297
0.1890251947943244
0.1599361739473985
0.2211297268166366
0.14335382610162112
0.13638205618994143
0.21081960015949844
0.24666686132713397
0.16278848829822198
0.20003599549015605
0.1753365027826047
0.17608419203928904
0.2319295160133205
0.27704213558217716
0.18789877463640484
0.17838381092636368
0.16695932745394793
0.1607107562745198
0.17985245742830921
0.23348098104911208
0.2496315512174647
0.2742595253748119
0.14589345851212232
0.2760653956460417
0.15887339701544542
0.15362556429766996
0.23194509164806204
0.2820460027795458
0.2265965002190676
0.251965643050889
0.22213224967224177
0.18959492489318144
0.15061595284986168
0.12060365502204988
0.22527999289150338
0.12600843933893982
0.1428002125798578
0.186138175988978
0.17147982095141812
0.16606989471972664
0.21267545996144474
0.31241052891007465
0.13011535252853912
0.18579781664357886
0.27007025603454093
0.11435913894776142
0.1861467874868923
0.23255685900750706
0.2752737259535046
0.15251094217977446
0.1884699416539479
0.13565647553053686
0.1926818407893859
0.26265309878644894
0.18312705095918355
0.22867138296849845
0.22281862043805734
0.11389568464822582
0.21943624659821787
0.2009084395367679
0.2037189663429623
0.2210687559657576
0.09845642215108451
0.15547529939848176
0.3165253010591942
0.1645747100547853
0.21982423210219276
0.22292049583644902
0.1107186536340116
0.30774899543776413
0.26805071192785573
0.2917782651261745
0.1397719175738586
0.19879930323064
0.160232492612971
0.10581239173255128
0.12873543121466097
0.24447563642120976
0.13568856835446402
0.16472703121416252
0.20391041400975488
0.21009904679835084
0.18944765740948305
0.138139464114029
0.2377999010234023
0.0761975042804563
0.18727592703029003
0.22420429972842132
0.20480196904566977
0.2878547769545117
0.2536937606114613
0.18974696325492416
0.19010513776631946
0.23928930912868301
0.3101069147656689
0.19412952022149338
0.22510775278088682
0.14207338285330923
0.2498926478756159
0.07198487901627651
0.1963923052128927
0.20704160377390132
0.18438836050496643
0.12988693538468613
0.23044182299082705
0.19144417191288918
0.21636608253408302
0.28537194098236013
0.16720007157690048
0.13231110039509758
0.16262120185737117
0.2149619653440104
0.22095870644393512
0.22086370332306168
0.28437006185110875
0.1907108689064334
0.21246524591506644
0.21689688696971504
0.31676844431369316
0.23083564027316986
0.22396111387389295
0.23552093860965412
0.26890454914020584
0.22246912960096318
0.291041017200793
0.1835152848820407
0.21497834331253407
0.16276063354398412
0.22103433785095364
0.17481097612062396
0.17488713554116686
0.12040327577138116
0.1987025343037848
0.1779125487406534
0.17718338342372109
0.3056757633259596
0.2655531524186417
0.26644683413642506
0.1734261208618242
0.14641648192759754
0.12813004653507226
0.29685858826311956
0.15854906098738514
0.245370339682006
0.18382487790698399
0.19621643276499456
0.08968003711613629
0.21892789919833672
0.24825259623147358
0.08081598010002777
0.19882565186175688
0.22767463510470287
0.14583252692086515
0.1890259196426058
0.23025103964221835
0.2538898848443296
0.28194643398277147
0.25846321556045704
0.24825679260315472
0.3144253722750459
0.18458132925650406
0.1770244333582054
0.18107106922901892
0.15452766638476212
0.13342120781601957
0.17470350013398844
0.21077278258267762
0.22704123722243552
0.18200656303033638
0.1481937239454838
0.1777182531422964
0.1897338695667165
0.18740167819903972
0.27263269562320996
0.24382177624180273
0.16842624675055257
0.16496779599681333
0.10894695604821765
0.1515417556912524
0.20500329410697007
0.18081934626311216
0.2625888637993284
0.23356272901140518
0.12112325770796971
0.29230425532285137
0.17155809479613623
0.25059989354036527
0.16831913392032422
0.31837077650243556
0.2068035703632317
0.16426814953391494
0.16596637831968747
0.276706960918072
0.19871616660529395
0.2580031263018731
0.19470404288427756
0.18202822209537306
0.21312699017513975
0.2425153093269916
0.19150625002344518
0.18285528238381107
0.20946790147628566
0.18816842687116814
0.25853692020485874
0.20266766353245325
0.2254303587573456
0.18930207307163893
0.27738292258519903
0.22278617273310447
0.11357808120927056
0.2977592217449988
0.10613191172850203
0.1584126198208574
0.23405664590293132
0.2295883667715674
0.1992533661361882
0.22030686027737345
0.19244766737734803
0.22157971557965134
0.24929629988717641
0.22734018070449735
0.22442116583937405
0.13876211879750883
0.24753651689097667
0.12182150154854678
0.11412540499731912
0.1290535313004839
0.22945871064700446
0.23731133911794897
0.1766501933472687
0.277170105069438
0.29149720072712365
0.17344109971665672
0.1476641813077563
0.22522374513026155
0.2753809429924729
0.17150083881304376
0.25117630328822693
0.22468550164149262
0.17820865667798552
0.15922721838778675
0.20654939897528984
0.2954878126613131
0.2479782244648973
0.19381822444285654
0.21328674551917626
0.17310140423454504
0.17134626681267043
0.1452945758770539
0.21459481922696416
0.23930646719444357
0.16512195966970705
0.20968885051403574
0.14761857448228563
0.2652706689550472
0.24574364469827845
0.21552301960432593
0.22505781187007148
0.2532696222492472
0.15629711399460333
0.17904410322814537
0.2652900367283341
0.1648679091893145
0.25953069908053317
0.22449108286985225
0.18234048300738354
0.20842621619813323
0.20776090077944484
0.12184025746107346
0.18426555980968187
0.1527898296682258
0.19184083088893686
0.20888104950667796
0.21353237655976756
0.20840030838084916
0.21670049391152557
0.2505826781484868
0.13316132035410805
0.17419381901597802
0.18314633783984752
0.18764020894078215
0.1413886354219977
0.2275912812775754
0.25337216075455415
0.21049277329098567
0.16066002526095163
0.23984587959878528
0.21258580619206913
0.25760885330769373
0.09707978414759609
0.24919365628753776
0.1434365550040284
0.21800858419071292
0.25805953313498886
0.2145528267747124
0.17684003138355267
0.13942386992261402
0.18718800866349425
0.18994832785654578
0.17089938952843364
0.21157985016657285
0.1975232209801439
0.1896091258177153
0.1759614684710965
0.2557052816751153
0.23826116408845754
0.25372265278631023
0.17857730659270624
0.15853715624278386
0.2596562705068053
0.0748406707630612
0.2218091910686882
0.18133071384780788
0.08867741738825052
0.3020537555563011
0.2868261187057746
0.22809498691007254
0.24277902305888022
0.18404437124573672
0.1925905052352996
0.2761876925884677
0.22579407945931151
0.21612434135074468
0.20764565346113725
0.21428023245297834
0.1866498055705834
0.2073452517402221
0.23393745664578475
0.16483322770852774
0.1861260971849223
0.18224429332167416
0.11248653468521862
0.1897699314424872
0.2443862908209373
0.20696617314948904
0.1459908853490515
0.17362377785496624
0.14944593743890638
0.2523062446107689
0.2572441418499993
0.20202606303592546
0.3028774261338425
0.22357189062758803
0.2707932864800994
0.26817278676573664
0.130447076904103
0.20535161225062507
0.11335191227351979
0.17296325497679657
0.14148551686910016
0.26874894617832934
0.20169457586092202
0.1189724740674688
0.2111428120068843
0.19382465173094535
0.22349577974862272
0.29670542759334184
0.1642727274119816
0.12853193131430085
0.2812657948782474
0.2103603631684561
0.21804023949672918
0.14395814903302007
0.22023497195198327
0.18789824396065458
0.18502755061588455
0.278159896296052
0.27168136907847434
0.21726500219380399
0.26294131109333385
0.23708063268390853
0.2473277634797068
0.21255943360852392
0.1967563315288899
0.10406758631011569
0.3159520327095358
0.1822462007487634
0.2599332933483144
0.17615566366916072
0.27577833728043966
0.2498911383012124
0.22760792536383934
0.19931245148325993
0.20416467624101556
0.2759859404995298
0.2108011057530909
0.20264717763538673
0.18951754018613742
0.18536035256349695
0.17052797728624175
0.15696494510710254
0.3081957438129138
0.24462629286101145
0.21537863533177512
0.1821375052879084
0.09985051747364103
0.1827253689132155
0.17336397018561567
0.1565632153513307
0.16903625801207842
0.18239995550516938
0.2505092689829846
0.16142105345726898
0.06996553967660776
0.1611108121810042
0.26709184980244693
0.15747466034188898
0.1928372840526106
0.14118395122556823
0.22748771680267432
0.09312782783856106
0.16085433681080208
0.123228844811363
0.2513652887150201
0.15184563943580381
0.14153045513596524
0.10913433907786459
0.24039117418091716
0.21318651706353453
0.10701759595978208
0.15037544827560376
0.19243811282028989
0.1911532881618776
0.24445241274859528
0.20563801710146615
0.15462609718150977
0.18354512357601144
0.23489519723038152
0.14964548170218697
0.20831907522087517
0.1776265725565758
0.2804641380761278
0.18174570477091978
0.19983555741928888
0.2532580832206733
0.1571021702853396
0.25232486903842866
0.23397890079158054
0.20612962472365084
0.21107223804630182
0.2416277974018502
0.2126130896641128
0.2522702802759949
0.14379905098446344
0.20427987813119183
0.1815528084150442
0.10703999682635568
0.1599465821990501
0.19599386795674723
0.19811448948623459
0.1064778974756961
0.1678530666224814
0.1814073884500052
0.24854213710733436
0.12798046617551595
0.18366075809101312
0.09398260998393218
0.26606934056363907
0.24781859146516982
0.19943336203892495
0.12606880334586196
0.27257358956988564
0.3067736077103038
0.11487717006784597
0.1975792221228842
0.27898666298792546
0.16185707211508776
0.16293339051138966
0.2326413282909122
0.21342081647394145
0.1619846112525633
0.21882662654434187
0.23928243614007957
0.21828394394882447
0.2827985971727998
0.2543539864028934
0.23897525106500758
0.20533273340902528
0.17236981776789806
0.20234566770914253
0.2284096653727183
0.17687164115673873
0.1584702366749679
0.2238892900599876
0.1726829566158019
0.23567928012544698
0.21140718750773335
0.2141521844261136
0.11818784961859924
0.2506038844770659
0.19373945084831082
0.21458867728117278
0.21106033596225457
0.2281339679880669
0.20801896540685996
0.22111919291733778
0.23235816344221455
0.21280552286667997
0.16513808061342994
0.24411469463673607
0.2932806841858005
0.215848410068867
0.29020369410572133
0.213856439924047
0.21116296092740125
0.21979970683986236
0.20230339415248724
0.1395066256213054
0.19810517794619864
0.18948945133544748
0.15767760978637796
0.17322948534766983
0.19915012215549077
0.1475861631992403
0.2046231285116295
0.19622039434336033
0.1923177863963493
0.1883432795015483
0.11626643212901507
0.26732220947991664
0.30688115735401117
0.1946266711274692
0.19106078398006504
0.22515280646543664
0.2351821840752632
0.22842720934734745
0.19053914732504065
0.2612194046334424
0.21429656863663343
0.19663077714050117
0.27046680236882703
0.2236673382403502
0.30175310477238343
0.1616616172773367
0.17563897278072435
0.3340804349170725
0.17219276794603042
0.2284724187015762
0.11136754462293365
0.2593093135641229
0.23450232531369164
0.10083606669173067
0.3317306815752756
0.1568624789753045
0.2514842924312926
0.2771735663188943
0.27852661616097
0.16181329080558077
0.20277145518407216
0.3077110617505387
0.1810459217163171
0.19283776673107259
0.1082079241961404
0.10275110985869189
0.27052228475606466
0.12506697970944708
0.1863141027903859
0.07055194360438027
0.2561685949916369
0.27330912734209106
0.2827597491314725
0.16615872655319294
0.23008787837024117
0.08517156779955795
0.22677788186362055
0.10716071724168039
0.2709346719789488
0.15805598087851366
0.16869033627080496
0.26615771584155123
0.24485610635024485
0.174602706664898
0.14506468697145788
0.16204790649548131
0.2603804950022477
0.2205900955488107
0.20454502699618407
0.24319510298551913
0.19261247312411955
0.10244923767235042
0.20616933297869777
0.15409311468183381
0.1798928455831917
0.19767563305038663
0.2624921496881027
0.14029338419902593
0.1046866755026792
0.15131736696994394
0.17026678311220994
0.14086700157067303
0.21523754929741895
0.2119347108577013
0.19850523564386519
0.17450257765923413
0.14728688579604785
0.2166705687836553
0.1716124249411078
0.15067742462483175
0.18891052158620833
0.2164188304064856
0.18735180084877362
0.2389316967792759
0.13705878784884518
0.18444449771689578
0.1661993119715537
0.16388462703021522
0.27805756369501045
0.19175532814720628
0.17569902562693276
0.2555550045505397
0.2567947254123135
0.1560645432788199
0.17754013103041963
0.13852396726705812
0.19292567748264994
0.17597380549284444
0.2309625110282081
0.23289150436364522
0.21943208897155628
0.27601468205944457
0.11901671992585576
0.2268158424745002
0.24458370532760287
0.21614258484095178
0.2018165828297228
0.13068996513691777
0.24149595320070844
0.18042170688726009
0.23005832631746842
0.17543193047256042
0.23320564865819013
0.22048849392242895
0.1541389832567495
0.1583744336742745
0.13971149480501416
0.10627641016169663
0.17210878799621043
0.23724264105207665
0.20798323783704142
0.22471974702967987
0.10870844523882449
0.17198132353731277
0.23167047063134066
0.27000841948026183
0.17397798921598104
0.15539610255932032
0.1582558885382358
0.21115896074017082
0.2105391435242852
0.16137367147424797
0.08137815525816433
0.2182596969307712
0.1124005436553119
0.12473645563764071
0.22372766964920998
0.19891103604641233
0.11232427937683992
0.19883574786577557
0.26985536105749613
0.23447948839967236
0.20212200735699576
0.21258925488448963
0.20749370976235426
0.14265002915946012
0.1545600712161493
0.30246562813303124
0.12977365611731306
0.1448406612059717
0.24898869253432512
0.21401529542908124
0.20771572831783103
0.2045764864435166
0.23257523601894012
0.13671686059705418
0.21944231560854058
0.13656425640384678
0.19361083612520968
0.26615050500876936
0.1508607736710943
0.1209829064230375
0.23468228239058025
0.14714997065969632
0.26147098609441066
0.1913550849117873
0.2218464612457503
0.1793383000129356
0.21758338390557663
0.11645076543733514
0.24533536447386178
0.2187614077015256
0.14034326069175046
0.1712723275633337
0.12206310891063529
0.2178848914336985
0.20071209375025997
0.20087260169170665
0.12102398787918124
0.20290093749335505
0.156171692344714
0.1926713402435671
0.22567375542003051
0.18671934495143677
0.15721708364649342
0.13171628933281432
0.2048075781747181
0.19890190252232096
0.23798508696786558
0.19049160118377165
0.2085722347794278
0.1583035561903817
0.25947475931516495
0.18961870004654227
0.17331897004067018
0.20670330566985456
0.13528824929113953
0.2134800543990981
0.20899154465290207
0.2766132351793834
0.22979220724129404
0.26560966824775245
0.1643482415801808
0.29153774086381234
0.26989817852869696
0.1873232085561199
0.26483695501333854
0.21157454806763204
0.2403497305229213
0.15373821629832968
0.09202600566089546
0.3190236433063565
0.20822250102448847
0.13242756375939801
0.1056120739896127
0.15973128451255736
0.15376930683643375
0.16260913281958062
0.2521448386412114
0.12787192368385975
0.2210708354374315
0.1841569749603863
0.2719914522723151
0.24674692997771827
0.1981310624130067
0.28079692090393127
0.14133106456126293
0.19406640693965216
0.14668103978817748
0.2705689213665003
0.20006177855108992
0.13004613286516348
0.21644160090716777
0.23350323199079265
0.1518730030391112
0.2972728361070163
0.14879297535637928
0.1726122316336438
0.18250348918975662
0.23656599817308022
0.19369617743159365
0.20665749355505658
0.13626203290398042
0.147855671422233
0.17432225206308305
0.1834091946102329
0.14615220247429858
0.13093963172302808
0.22173603577988257
0.23564591509675734
0.2658875984798248
0.21203179067017836
0.20387765283836654
0.18319217966606874
0.08203374226594062
0.12367976440903455
0.23263511784929397
0.20886120914397474
0.1673829746980878
0.2230519683139645
0.10926415520362191
0.2341576377870943
0.07501090048375521
0.16411752898387866
0.2477665752512675
0.1868071646681422
0.19822548381888558
0.12177671408507569
0.20918932202288618
0.2521303623173779
0.2621213458757482
0.18328706650095433
0.18709898363501082
0.17432497115344586
0.22160187241252122
0.1754275681222064
0.23462964901716352
0.19407591897768756
0.2152601166082536
0.275283664663071
0.23938386903898284
0.12434071751806154
0.28303232169944004
0.11080981374247653
0.18081350471893926
0.2122341180125713
0.2060772735453614
0.11112103330997432
0.17966496736827675
0.19599268562535763
0.22303178651016037
0.26072944999768466
0.16054391779733426
0.2643984328317628
0.28040446754542175
0.17171223949183076
0.24027416801513926
0.331335270145381
0.2753407365650196
0.29886895049020956
0.24903295459200125
0.2554229455821965
0.1476255450409879
0.21964854057838734
0.2244565434167807
0.17475148122655773
0.13650043948887916
0.21363519652432683
0.21743114551015463
0.18898513574819595
0.21002480680404514
0.23161373922122402
0.11592926567154535
0.21052773483477225
0.19432127837973948
0.1217743161437463
0.15118758499852042
0.2050926977288901
0.2607421809597862
0.22875226950678526
0.2987395122837878
0.2256780371865306
0.21624078430801535
0.25299099103295164
0.11621462453737508
0.20523817297993663
0.22514237846859358
0.14051141333486358
0.23079254355398435
0.25588590937664385
0.20362672677904678
0.1689222223413083
0.23943524208228326
0.16523618393233813
0.2111118945979167
0.12017211264298173
0.25674029541058624
0.18092206391488597
0.1715213288953152
0.23473397599389637
0.24137476850163642
0.2179946922080271
0.1310581422188828
0.18171334411257306
0.2901058799909702
0.18650929556658105
0.26830174659478073
0.16356334073953302
0.31220813982072293
0.23923176989324063
0.26344921071809413
0.14973793078750702
0.16841709913711092
0.24147299706327477
0.2118091831132128
0.19321118473072518
0.15919608306137317
0.22248728054029315
0.15840686416789104
0.20321542132629525
0.22104020461077956
0.2032863392569854
0.1789179712305773
0.20563684491093104
0.15108798342583885
0.14503888442096202
0.1467354648916296
0.22181468749059813
0.1580265752497285
0.2241570070139718
0.16696609668786094
0.22198902931909376
0.1815673177962854
0.20668415762132486
0.25713970189796287
0.13999707231032169
0.2411710751517493
0.3132260216766431
0.222441306854206
0.1569886365630696
0.20390757112771143
0.24372867933971037
0.19585571912701139
0.20696226223439868
0.15885086851120045
0.23185244679490577
0.21758846553853317
0.1773747418922418
0.18187966285355475
0.3031071728186262
0.17421129149694092
0.2432624967526457
0.1698225025811004
0.1384802805871724
0.1355623767110571
0.2595318517331194
0.28633552793301664
0.23189807206872537
0.2399793573211031
0.19985377245654612
0.25714609373825803
0.18926118390226862
0.25138448773094635
0.15880591433316693
0.2552587892139696
0.15974039453954014
0.19130402372463734
0.21056874927152855
0.21868493280744938
0.21473880027573045
0.16336065998740035
0.20642714972624235
0.1778433794964506
0.2054648674590852
0.2214394240627803
0.21930367985882604
0.1244478686087465
0.20618274687527915
0.18577718372688076
0.23613421938521145
0.08713332685604323
0.21493766435518574
0.19059733792613134
0.10329522661152823
0.17533023222956098
0.1783530740186468
0.23651884593326392
0.1981862225864808
0.24470165290706297
0.15862929200118148
0.055832301960954206
0.12235939351981936
0.1667588719196705
0.1734520737568593
0.14789194335642716
0.24919566773481233
0.15933932786617655
0.21575118304137045
0.21783833874863456
0.26598988209641866
0.25821182633726425
0.2407661528246987
0.19472722879898646
0.21746183308821923
0.22583201036993383
0.18400322768984353
0.19113842959428945
0.22327514625125533
0.2174611735708834
0.14076529714793146
0.1636190857364061
0.2888269371449633
0.17676186439660865
0.19493514292508712
0.24531900395668382
0.15260711919734896
0.23807468047361818
0.1372334442094904
0.14275812960321224
0.28316319350541164
0.15728013507987015
0.09605790859307667
0.17457948965738537
0.15971041050552431
0.19907486030656024
0.23686780515094732
0.2138607457594278
0.18993819275622728
0.13389032415403052
0.1706035775552588
0.19749256212861524
0.2479475993401694
0.18138719458845196
0.187291172200223
0.1395622460341504
0.23862450290486073
0.20508803285512792
0.20482004330542475
0.16841735580586542
0.19597120576635912
0.2087758698401162
0.29497613707887677
0.14563059590600008
0.1882065251259694
0.2511491001001663
0.20078461715487023
0.20213630712892622
0.1702651049118175
0.2423211574660151
0.20105470185929078
0.20916122271346993
0.17226655178703737
0.14907897375981016
0.08974153062042099
0.191881813600406
0.10805104279778678
0.1924215128140339
0.18636381778069863
0.15072586217833434
0.16588647495123718
0.27352896854399966
0.21731330301735563
0.2547852733131405
0.2837628380566639
0.19122375829258018
0.23497328745142707
0.32322902465572656
0.23038803510408082
0.20413978148992515
0.26607854098375866
0.2492175583892239
0.15984485983423677
0.18994686210059197
0.2513231532681349
0.19649608125658216
0.24404487738671482
0.26820495083488793
0.25123835086619706
0.24244504111821602
0.27606944672947137
0.24292024409022162
0.2014369936775576
0.17613114055821136
0.24295690135248985
0.23543470983861037
0.20012104951373796
0.1699700789833855
0.12736225167985255
0.2686807374433858
0.2836346189798595
0.14225590803208488
0.22223495273879948
0.16887206023664822
0.21818152929591342
0.19372882558421428
0.21641528614447447
0.1661379892643483
0.2182727429935136
0.19844604138926497
0.20929813592125196
0.2606620645216477
0.2229829296557812
0.15738247746849035
0.08624865585223865
0.17980425697910937
0.1927769501451079
0.16146370101213714
0.32005847479560723
0.1586610769292552
0.21031162680422263
0.20770015992505253
0.21738185790754935
0.1967065211356171
0.2373370002726113
0.2607035596374321
0.21020373193035566
0.13334725960421412
0.2376752841526912
0.13657868904108192
0.27739966276420897
0.273407509587583
0.1750512069953859
0.23918332935297068
0.2267026307725758
0.28106016167614717
0.12466019337123417
0.22467922365426538
0.20484539982087197
0.2377167317028146
0.18486368857380792
0.2244709134163106
0.3050869754483665
0.2474457500998794
0.20291907454904054
0.19093488467028882
0.2903615985139619
0.1791918800724582
0.16424744992089835
0.18226487447049194
0.15827566991098563
0.2389902313049646
0.20208059142251245
0.21071121976628904
0.23611525321145246
0.1188370447230162
0.1908956654162886
0.2709557717055284
0.14328252624987764
0.1449574472620016
0.17833751512017246
0.20606790776430317
0.1801364511347231
0.17735994676902345
0.21326609794958054
0.251262754718398
0.15159269108687712
0.24738558910802882
0.1783482093441474
0.15945139622447663
0.21013544330107675
0.27872643303762673
0.18177799715019313
0.24427778069035744
0.13107443048832856
0.17050124286456855
0.19214316950918153
0.20021882498485744
0.29196709207133537
0.20968588296664847
0.16284858110863137
0.20849072493711499
0.19185926455774288
0.18390048592791727
0.1863290684474965
0.20901153462186498
0.24997917337308834
0.17682215716317146
0.24694603198703047
0.16711353718730992
0.22787996247102937
0.21841428923767076
0.26720698298552165
0.2125832179613127
0.1312140727723748
0.1230998985853688
0.2040756722603442
0.219569056073505
0.16389751226567234
0.223733780430821
0.20411611770504848
0.157897801031527
0.2303461761503704
0.1544626444458804
0.18175015552052884
0.2253787592289444
0.24400566786708333
0.24626849978587148
0.2580088425336297
0.26376681809745284
0.19339544297386008
0.17020361273175885
0.25910564899708777
0.14492760182967587
0.17548443921992704
0.23115647012521517
0.134405295529489
0.1681620014146749
0.26788796229751954
0.09263596208776975
0.22925004157664666
0.23019404805895313
0.21949404306118753
0.24519018729984846
0.1756747196403601
0.2441366499079326
0.23450708056930472
0.16216477958795378
0.10630361944432042
0.166362670846189
0.1910749841614354
0.11797430143637888
0.1560205303586048
0.28428651063668786
0.18390221794321096
0.25371156798429695
0.11628488147466101
0.1925896139662968
0.18055886015774233
0.17933322241090455
0.2644044618543106
0.11812276220284668
0.2379215381915153
0.2001669835369231
0.2793350933301312
0.22346804908811146
0.13845384400662175
0.20458431537228078
0.19446095173701844
0.18687620773535846
0.14579988873452923
0.2281806987414972
0.20972441319607243
0.18453628938817512
0.2379329010724773
0.2413215495244283
0.21176738836016573
0.24835894692988353
0.18928917618431634
0.17683872380385934
0.2328649660094928
0.21973355577506856
0.17192333733252912
0.3396453507302719
0.17925893009451987
0.1323087989949718
0.19875337372412455
0.09040423025946205
0.1268321425885147
0.13811616548429773
0.13545777363547723
0.14192831986903298
0.2818082304150027
0.2615898782155898
0.20394914100192543
0.22039813782816722
0.1313318645511889
0.24832986363798465
0.14515475739515435
0.23135803891072487
0.2163330835567048
0.23755864310082175
0.26701220835961176
0.1685385358803757
0.19675205970877044
0.11135450406782367
0.178151906494077
0.1608302100178457
0.22832168994386215
0.22895919607661971
0.16098468554856
0.2132921292493608
0.24353749395817134
0.20221620336679932
0.23497464922243366
0.12606796610897691
0.17209776479204403
0.2604685476781251
0.22781849614912844
0.17819228759603833
0.16048468829584658
0.16019496630583058
0.17630089938366228
0.20232252830339523
0.23054882391354334
0.20555665554796226
0.17000995617910875
0.11966936123128229
0.15060943345612365
0.12262825448309686
0.10861958020975826
0.2647062330041415
0.23070371000580986
0.14744595120477758
0.17686924887226924
0.2084961623968976
0.23587300372276723
0.1578210850316169
0.2659308151303677
0.18928986660541294
0.176827252845384
0.11803020399488967
0.16852485199269285
0.19579323577401375
0.25285146220784577
0.2360574373818664
0.3087249418010011
0.18012692797975227
0.12105898990442054
0.17833372302422015
0.13325903482305682
0.16719924701905228
0.18565367558056703
0.20033557524339238
0.25602276855625017
0.21043422000024845
0.17378878166007716
0.24982532285979664
0.17690843065902215
0.2538588913672925
0.16147780612960566
0.20241573276134048
0.1674277350378195
0.19160084922839868
0.12011150795789044
0.17198230795239033
0.1283621615420641
0.2130968819056729
0.23795375638483662
0.165618900106845
0.22925238784565474
0.2435373449522527
0.23606891472140387
0.22389238857250482
0.14659650138738975
0.23479749038250544
0.18525739502755464
0.25277879870524633
0.20232076762780488
0.23620414761565148
0.28996264693840373
0.1808760250316247
0.16740746528267492
0.197912429186169
0.24954681439796655
0.28287180850260923
0.14309007452550793
0.2066225200687417
0.15225845251895578
0.17877699358631613
0.15627907771316324
0.22545913374845167
0.2780827805104148
0.15891124460891062
0.21148583372153248
0.2295886401748034
0.19995719603087475
0.21297580837282457
0.31005429704911364
0.10639181530265508
0.2691022079590736
0.21051529360642152
0.21806017354145016
0.18904148189051498
0.28590601096547197
0.29332732991387933
0.29565488938687146
0.23605958388179094
0.24869700994796007
0.18702046903672137
0.19886959771102453
0.21039592854403166
0.1636524461602152
0.26004103032138115
0.17371416020258434
0.199192371312224
0.17260354484267887
0.18478585344721793
0.1781939421357438
0.27935826159947463
0.1951358564521832
0.11901148112497324
0.182052407935691
0.11261284113222751
0.11775384299620359
0.12966576043255096
0.20987965553960075
0.12573266528281277
0.21728835624168927
0.17011426403478136
0.22964333068566756
0.16631721038859468
0.2157382781538421
0.18628883323303624
0.29229013639746354
0.2211195622692585
0.27819562307269546
0.20515153253076343
0.2123234508777056
0.20300696449104152
0.22719583689891557
0.25363001569939714
0.1394878258846763
0.19206439467278597
0.2822728857179777
0.17640750619353412
0.20069899632906923
0.2526701079344138
0.1670479063323451
0.15487460483528595
0.1936320092174428
0.19491765299430977
0.29354329446896277
0.25809011098581497
0.2631507200041462
0.20768674817939242
0.17107790071979329
0.2085522421455209
0.22234556420938223
0.1984239230779338
0.23740950588008172
0.2249651095336081
0.19953429741528042
0.23478563321900162
0.140851631857723
0.18224598881819587
0.19161935848184777
0.13844930147557802
0.19913664193426334
0.18700232875943065
0.15347628806606983
0.2619007627903378
0.23811149014209113
0.19039832073713706
0.14285168190856024
0.16752362424839545
0.24288830079783197
0.1766562842786948
0.23035580123031604
0.24272009332834932
0.25557200256939083
0.1808633102577887
0.20737676867054863
0.2499060042576577
0.27072878312196563
0.1653596197843545
0.23412319873770518
0.11729154614126475
0.18019815409711878
0.16940215859852029
0.20110268615987292
0.2374413822070509
0.21696872928323835
0.22057447525116308
0.2851014286346937
0.24696984631287827
0.14427871545505236
0.30331416731308514
0.17131198763824138
0.16586738884761684
0.18533932050428947
0.07889909080609908
0.222732453628368
0.2034641583372026
0.1337327583494712
0.2634123002786183
0.25129290187992165
0.22585334572932414
0.22243716896165777
0.2580455809614232
0.23776284938409514
0.28547302946738273
0.22598798058028852
0.21145663180233493
0.2172048618670159
0.15222747589416283
0.2197828869693068
0.18140305057825462
0.29352454575922315
0.15356953911508525
0.2009958362736606
0.2620983188854366
0.12819171094738918
0.23986645445378166
0.18393160978269357
0.22897943305245091
0.21159469428891922
0.1323970028576466
0.24358884260874714
0.21696748109919198
0.22699167704032133
0.18877568798658878
0.20323121961056073
0.3028887274287092
0.17069308693359678
0.13101934900954793
0.20781080918352096
0.20960978249313852
0.18218280249140847
0.16806426899665977
0.09801027138506926
0.3093669720329465
0.15810657138526213
0.13603450155488012
0.2913809961964405
0.21658043552071474
0.14307065055984133
0.1858931125379063
0.20610650701180283
0.25678027577996176
0.17793040776157978
0.23272309410746542
0.1795650470739025
0.12017072486907532
0.2176020909480682
0.22894918811220905
0.2542070291089309
0.22278439478811815
0.22057621026241578
0.22968146566088984
0.16439800976405775
0.1711226634512474
0.21398318237401465
0.11479695563175811
0.1430695867729081
0.19209127779601987
0.19189858972404533
0.21365671069845343
0.22763609171340976
0.2658310002934549
0.2039772944784909
0.13605389168521775
0.2971530189572534
0.22564596089596264
0.2189904760858575
0.20719983670414152
0.2316868872544554
0.3278348111602859
0.12995038121295954
0.18997449209753553
0.2318164568169664
0.1837390807621046
0.15749547506053102
0.22789527244287427
0.24869272176911017
0.2511904535560909
0.15286828360490812
0.24269333508284185
0.19371610838249567
0.06212396979910695
0.20179998759503087
0.21808623868568966
0.18762663650231878
0.16985845224239854
0.19070494238865876
0.26888332100325285
0.16941091694937366
0.1994833137046093
0.08580228626162607
0.2593238991991719
0.135092028655332
0.18811676463911461
0.23236535240143602
0.19308705002926257
0.20854395927829675
0.2400683623835231
0.14117339530146927
0.2122020211965975
0.251918319013043
0.20712265408028524
0.19610968014165409
0.23438588992406467
0.19787772504787027
0.21028441305173
0.07164023324305344
0.2385556205163824
0.14234380660802315
0.13057730140540685
0.17365069522154677
0.31882741329781095
0.16121381624939432
0.20591180406851084
0.26251369151275966
0.2289527770684467
0.23570342934022473
0.19453277042612613
0.18905863494890643
0.23759593030822934
0.1794460772334014
0.16789664445528543
0.16415518140456348
0.10029715935001814
0.20709978531819576
0.26292617072472946
0.13198065360161676
0.2193520175265821
0.20069401491924704
0.2609119855686951
0.1498125522804633
0.18086926285338817
0.21596569046042188
0.24586850255165776
0.22255156618669375
0.23070157658828178
0.2332937765368677
0.26483992723278643
0.2778666335903064
0.14189393286339463
0.21409302182016376
0.13312001965144293
0.20409587624209463
0.19988334474043443
0.2026905134987086
0.20874227998495568
0.18793266599506736
0.19897733850782193
0.199731242563736
0.12609377267449196
0.3029708203680672
0.23919617685895025
0.2362961304451257
0.24022584900398875
0.27233124479963333
0.20966200996120551
0.2164613425222423
0.2171920974458114
0.20491038298564818
0.14536819860895916
0.13544515765243198
0.18774329385157487
0.2410537703872813
0.29925825662857103
0.25943224540461707
0.09518160818499931
0.13324117836352353
0.20393253065976855
0.15623303594671015
0.23848914543577315
0.15291481069315488
0.18941816698600217
0.2720648543542727
0.18532338809003748
0.14689536740062534
0.15848611933111456
0.1970890202273399
0.2554957965570649
0.18895749728043468
0.2814201064301971
0.2648471819411922
0.22582538136017452
0.1364964392028705
0.2823576226044114
0.19603358285612066
0.17654576630320945
0.289023929133402
0.23530971741429668
0.15332307193711034
0.11830390631599894
0.29989105156343265
0.19638951438713723
0.24486549937256558
0.23488251314845363
0.15653413977736932
0.10078073366388302
0.20095067503634895
0.17902325726346535
0.20906662427983752
0.10176922532555019
0.24056732750804655
0.22880526005102092
0.2460791960826521
0.1618574010306481
0.3114663746167001
0.23936546254182084
0.17498999736831627
0.20861168008134748
0.20412881281528197
0.23038834717790127
0.2752159673661929
0.23690377519749006
0.24606019471850155
0.2173034768637166
0.09390885443666551
0.22548964754345086
0.2331186280091595
0.2668615688667253
0.2697112295718773
0.12130092251972503
0.19317705551830885
0.2846315569995877
0.19223275743700396
0.19505994386089143
0.19724136696127026
0.197334604206308
0.22526844487841924
0.20524792786268037
0.22017691991638583
0.16914808661540165
0.17117272472083891
0.223186009565762
0.11330851892061292
0.19344203425540443
0.07126590957749679
0.271412079139857
0.10556101704508783
0.2140414914755331
0.22560114596574535
0.18890099471102428
0.15492956018259466
0.22933819003351327
0.221261388733184
0.14615901346720622
0.12772435732505155
0.19320572795665023
0.30602138117364475
0.24883678853994232
0.22696156840920778
0.23562318201678403
0.2533663681061658
0.19171540155868072
0.32033708748757406
0.2640924749239159
0.27105973105829445
0.2636097547668238
0.16530385866356012
0.23844286850268778
0.23376754994720858
0.15160269064680496
0.20726612398353825
0.24635741856837576
0.14745254629443222
0.2297107137959197
0.31181365143379713
0.28192397363911637
0.24287031938116568
0.21745335430295348
0.24181130367399598
0.1527774900667809
0.22475996477871865
0.15052267023322535
0.2010920655298517
0.2951136256733447
0.21861526780117718
0.15621952163867034
0.27610969905205435
0.22056437398238132
0.18604624267574368
0.1400011102078912
0.17445234211958902
0.18544319057938
0.17253944382307362
0.2239538995368736
0.23284427439835578
0.17851206335987474
0.22791558321934483
0.13818600413378238
0.23517875056999743
0.19135342462508756
0.18662916087589393
0.2860626252070083
0.18668325950527428
0.1267020579985112
0.2803596884142698
0.26333109322286163
0.23152979479620414
0.20894001218464653
0.21944051538702833
0.20132510509913454
0.11457150207400316
0.23695876864624818
0.20208127147521573
0.23990191532102964
0.17800724282929564
0.14792272522301847
0.30123472243766863
0.1817368750165894
0.1372059888417706
0.17846598493846072
0.17245236101171402
0.17818097226663698
0.2358915628540578
0.2501961575774811
0.15142215115878388
0.11959496921103639
0.20634850930592927
0.24012372450092198
0.15957817423446025
0.2651122269612238
0.19653587119519308
0.2732023351447725
0.22420899109718892
0.20623175413927375
0.2437370330046017
0.12631784902675508
0.20840658843456694
0.24812507817875168
0.17004395741250403
0.1813770670000084
0.18961120403802587
0.17395079732845195
0.17659589048082447
0.21964574869781273
0.23257520769827755
0.2347928965577768
0.18301886803478953
0.20934436779851917
0.25525614265746926
0.19881042528994844
0.18257272677377412
0.09650029037500683
0.1500326380236896
0.20552380708105755
0.26259991242229447
0.18030213176638263
0.18233515982936227
0.24666562725675065
0.19007632369804742
0.1926932614332344
0.2261408377596253
0.22689903941391673
0.24519865689308395
0.21399593910383727
0.2017523905117528
0.2574242221368255
0.1961942154065692
0.2213567959778072
0.2668576574818877
0.27263972458832736
0.1593415209769909
0.2870783597263726
0.25974115085871474
0.33516373284713896
0.18675016923172777
0.22778897166518403
0.19656441112686457
0.1696405043552202
0.15692177528477042
0.23393560926751594
0.1973848359219377
0.2228500511023949
0.20944598126967467
0.23015426505619752
0.2772518165040916
0.19273453392797135
0.22277968004914428
0.24153546705627704
0.22199745017844433
0.1489036563505932
0.2447853865700882
0.22030019637897746
0.1493186267521169
0.183331149950657
0.253412455951135
0.1546818862499507
0.18010893045359821
0.19878438311892155
0.21947279338497816
0.1881349552823467
0.1946157077001663
0.16759375241499183
0.22255245740059687
0.2638395800738157
0.2209662580931094
0.2362596436299672
0.17278186263111822
0.1999434803321129
0.2681619468372728
0.1549656377552647
0.17589171803322615
0.2833490067443237
0.20174423818556794
0.20641503074407852
0.1978580758565625
0.21193671458749652
0.21385493219215518
0.25719648676789897
0.2875233242920179
0.17132543361188454
0.19961571000379322
0.20762380941473502
0.238392760939871
0.11764135032532201
0.17101419770676707
0.24985284788630188
0.21795339575697908
0.18108127934354967
0.2573537080272853
0.17048579987498458
0.17164354577519686
0.2342617920039237
0.18396739197528234
0.15176851485011336
0.17595518795044973
0.21956566757205237
0.1530315874090618
0.18561059703074365
0.13337215308541012
0.2507795052111924
0.2964235299678392
0.1249379112316757
0.16110232001913255
0.22316980212760018
0.1951580538586064
0.26871457916216057
0.11872972929974128
0.23512104354083835
0.16664981135401233
0.24616345325082434
0.1616524329458579
0.23413876377792725
0.17901859174224893
0.17091681100166084
0.258208023763259
0.1986376358628829
0.18654414744822126
0.27082687111464804
0.17130003490239573
0.1729948829205491
0.18520089936755255
0.13496575182106255
0.2425732178962739
0.2476016169112715
0.3262127756440203
0.2548082292359501
0.19501709835818842
0.23543197589612216
0.25367580268949874
0.2190557339265897
0.19085487813811178
0.20875468706199843
0.2204944000782699
0.13311779740051816
0.17346944472038686
0.25942450872124423
0.20957138583356655
0.26388247255149255
0.22788936984437969
0.2302195654775421
0.13483319611460237
0.12023151925669653
0.2504563333835845
0.14699962512517287
0.208988175666871
0.231956968001706
0.22718294054042676
0.270991239221758
0.24281655885918502
0.15787895528234697
0.20571371437775288
0.20029179435228178
0.18222558992705357
0.1799631669028508
0.20255453711798815
0.1346930099532591
0.1369685144407941
0.1503109150510255
0.15517241548111727
0.19256383214110623
0.12501735758988036
0.20596280219416258
0.22243974083947413
0.21494576028832474
0.15199653777933772
0.19693645921240757
0.18573347321753933
0.11817976915638896
0.1972908409762516
0.1592306581016117
0.21366065117271735
0.21297116021006632
0.21928491919431167
0.22071739216080272
0.35641297029605157
0.23699324136768113
0.12901604989038323
0.2311903176955702
0.14829184168311044
0.279833214240802
0.19798058159592816
0.1445343697670878
0.1963677334248693
0.2043504495030312
0.13738360958743556
0.19692402859595154
0.23404577033243915
0.2064677060553235
0.2144380149846274
0.20121621604877596
0.17120769219893756
0.2618272876395905
0.22678981020698266
0.17217706686065143
0.24101876243447215
0.13768673947710497
0.25981589314802744
0.1718443907367988
0.13265762600381253
0.1731568255631137
0.2025038443459742
0.1768888825397894
0.2361648832035908
0.17051948780527618
0.2066614313604034
0.25952999282289885
0.27586950590937714
0.27939768663350795
0.12129645990554727
0.2282250852006838
0.1979669688060714
0.2134062396075625
0.13674160609651403
0.2652101628381212
0.20856064864960133
0.20884363546824097
0.21711450500080245
0.22288999241117213
0.16008704730881126
0.2213831600683579
0.21211905584599144
0.20260391285510054
0.18853532104153367
0.23601882862633353
0.24086908322718315
0.2070921938711837
0.1343783452654187
0.2945585634944383
0.18657775604442833
0.18076897490554522
0.34202501686493225
0.25356727190687345
0.09457704262302863
0.1660709022155905
0.20919458831397741
0.24443705050088332
0.14329395700937061
0.18305903829111003
0.2473786234086011
0.2033896442431865
0.1500143722105749
0.14272136537139193
0.14117722788273926
0.2274786448827665
0.09284875613213835
0.21683979002834722
0.18620893999484373
0.19278644394687786
0.27054199536976686
0.15414772923261383
0.16217759451964223
0.15929349608260646
0.2715279631693581
0.17297537056022516
0.2484765745632665
0.22436881821691362
0.09551302507490372
0.23244642895030404
0.10803734891175226
0.19342722728510442
0.16880924876641407
0.21137945563486404
0.263778337427432
0.16795411080260594
0.19821648507152026
0.28170404544008376
0.20464651607898718
0.21392291585287748
0.1526562008313319
0.2791643374956415
0.18442802119674867
0.3142114927742704
0.24761904842051127
0.24365431390560385
0.1646055934685828
0.20938698745406148
0.14906847572513762
0.2256290365317194
0.2535376264136454
0.18745713983116571
0.21489543459400826
0.21250923439522215
0.21842605847917104
0.14823766546716505
0.25063295271398967
0.22788129510406768
0.23324436857985686
0.17704740710471945
0.2369160762001455
0.26394474123053613
0.23760474213825664
0.1869604154311066
0.16470315659655915
0.21715651230206284
0.1914248106412895
0.2466399438780925
0.20744688652161666
0.11019315400050528
0.23737965723395854
0.17289083567662972
0.22333429211115752
0.24912181352714308
0.2291847246567183
0.2331768773170065
0.1536112826152814
0.17162096250709127
0.22138549314912487
0.20589943626002336
0.2510501712527079
0.20348942709366544
0.08864430896272467
0.15650494831009923
0.21905755208150474
0.2641281913194126
0.19334900100004676
0.30200891477070707
0.17219898002329098
0.28655469814616336
0.25021733303397004
0.25058464282786597
0.20202184056282874
0.14394274032073273
0.1739243446547376
0.2333884094351266
0.143024965582543
0.23286446112507372
0.23630598572750502
0.21792584530234513
0.21615345571118602
0.1651521484444537
0.1952266300568788
0.17843741695577497
0.18613229824502997
0.12348391580600127
0.19845122475384513
0.16769360763942004
0.2603207822447142
0.2652035972476091
0.2062553451285467
0.14271920922936016
0.20702991402179186
0.14815686983855264
0.21964875472273304
0.1318077218973967
0.2405341985995861
0.13872857658599777
0.1164499352215724
0.2745930256084046
0.25826037805734803
0.2333044939086238
0.23014710635916413
0.23628244462121883
0.23787357469065104
0.20331074240617164
0.229701672834821
0.11953330392144756
0.20363256950297715
0.21744822924591298
0.24925432211931603
0.25192983235757604
0.19891593565740925
0.19053986323965028
0.15689694836359408
0.22650910665183688
0.11143991811448573
0.2241850295611645
0.2482468042821242
0.24524590876289692
0.285613881250408
0.1949877632103308
0.22353299553047015
0.21854190972631704
0.1983623534714191
0.20649936454598314
0.1728866781052864
0.2497146388933218
0.24429859481950345
0.33284635934479667
0.18455655070705274
0.2390321346956505
0.17990812305075793
0.1506167898591398
0.19908952540138752
0.24812099632620754
0.18559355923020476
0.21453488291013242
0.18679557813084166
0.2402816802148742
0.26276637721244545
0.23607997851415752
0.10489924722799848
0.18187874031683138
0.24013799284817638
0.17892436421959335
0.1912094815417064
0.2199810397816033
0.15327357844718986
0.13771730246068864
0.05710068157208334
0.24396641535935584
0.2935906420654179
0.2451141606100774
0.1403569176367248
0.21394220947783826
0.2054504161551954
0.16472681089493948
0.3532803034039617
0.15219083701058234
0.2051720150319503
0.1578453172624192
0.24198531131130635
0.19360011437045635
0.09955642660149178
0.2610788764633988
0.1727129505438569
0.2451476953541598
0.19745561887904273
0.16653237213894703
0.25550051569434373
0.24061552179145534
0.25110158135847493
0.1612711038674699
0.16365399702650468
0.20548129862946127
0.1754379385049207
0.25384698521494337
0.16600166093010982
0.05661941484973276
0.23593685979041984
0.24811398871539586
0.22630482406907476
0.22189384551403807
0.17229541000055865
0.20133273424994022
0.16785671738691493
0.2580817549563083
0.11445974946030439
0.2518407174619449
0.18110770362038298
0.14343314412169955
0.22361836348735523
0.21285029771831754
0.18584438216937707
0.16666744292742347
0.23652343926989028
0.2153515140038305
0.18181613781878758
0.18567180777475087
0.20218977396089216
0.24000663014837764
0.1970461947030858
0.29796339354377344
0.35740950197380716
0.18810090746414343
0.19634002691244828
0.19965605709660803
0.25997493912023667
0.17037224769208673
0.21575644570290348
0.20552665983807572
0.11911648906272393
0.13229741532082379
0.13329164400726407
0.14306304968980954
0.12827411325194454
0.11182733284273555
0.10627290467442335
0.18350536357630462
0.20229453515076884
0.24913015214620454
0.22313120567182262
0.2789441077397726
0.23458269027198525
0.23151663023169589
0.21559650181106835
0.2814847047640995
0.1709338523407752
0.15295502013607948
0.23502542620791905
0.1977966990929933
0.13677520693982284
0.21082983964222374
0.16898292480910718
0.1854597105927382
0.213984474387655
0.15678309084141934
0.12068895082599779
0.2009426185623542
0.3183149141510143
0.23406154400904858
0.215141205676451
0.21144908477124036
0.1608401320839522
0.16879652377159243
0.30992055024176557
0.19298935949461243
0.18745979127221724
0.1351160695982655
0.2709512646982685
0.14206267888545512
0.22058425018890185
0.15605325913589244
0.14605163888497605
0.21819271841683752
0.14632564658852054
0.2127933046881505
0.23441566119459503
0.2610808003213694
0.190068497022769
0.2049183737470074
0.2555304252795495
0.17952926657654947
0.22708080155943117
0.11435700940652893
0.19533127176647946
0.2857967498816636
0.1966275751196683
0.1715131251431388
0.2602382104695009
0.2740386959190686
0.21131902346674908
0.24780754773962993
0.13047432761432676
0.1799871945428399
0.3075409582157492
0.25355553213736814
0.2201526719010134
0.24891541393815103
0.21838946885237223
0.1250278720899653
0.22774338929896518
0.16123365733044157
0.17501528128853314
0.22555529046530962
0.2119341121699676
0.2565078661815112
0.29126294589508844
0.23245847963521243
0.32070231052587594
0.295539855089242
0.22004276391316074
0.1605144890201604
0.06124408785272703
0.14942035644460794
0.2675082083220356
0.17723448651908896
0.19714929490836525
0.16091408689840098
0.2674370106386181
0.29886464603198265
0.12622305799475983
0.2614417018799993
0.18079014101803534
0.20972965008705746
0.2162494997438625
0.20561858780837322
0.1974652017797119
0.20954056700784773
0.242364554703642
0.24450812520870102
0.17600367334052625
0.2029471727961419
0.14253936005972415
0.23970196853788692
0.12112915259865123
0.23081401684969183
0.17962758613326602
0.27086818414565816
0.1346065935162803
0.16778699471158992
0.18297831482670418
0.21251577159533486
0.19868363432665365
0.21204147682658248
0.2531207932453595
0.2596326611443543
0.158881577198656
0.1836826865293298
0.1561191852222889
0.1965545797752219
0.1424994400090402
0.3215325956875375
0.24567561110612024
0.16867822286479214
0.2670038478373383
0.13948457892319419
0.19228325564433918
0.04248410789724397
0.23226326979991066
0.15147963868056985
0.0817876669596007
0.19398716782860057
0.25549435278055105
0.21432617003336984
0.13393319162867612
0.20311280647654725
0.28677717970362626
0.22852657732492773
0.258706209422685
0.194167008354591
0.23294869476630137
0.08311517423634557
0.16274833423373047
0.26920676025904544
0.3070446125265167
0.1969309947505123
0.25265825744460263
0.19714546017852946
0.18894945231550186
0.1282074060773446
0.19676624108469926
0.21593210874913502
0.21220337541179352
0.21661387117283182
0.1777448568040641
0.21770520265875018
0.1402381270450096
0.15114350820228553
0.22886798368456962
0.20468110548324922
0.21577524193655812
0.16118306843954694
0.11130703527340041
0.13456394009987382
0.16115153358976303
0.1980277190727054
0.2401178964642448
0.22132020617926432
0.26172136306633564
0.2157471405323058
0.16418583107816495
0.16698098728840388
0.19673000538273835
0.16108945585308415
0.26122981207681517
0.1712729369644084
0.21328678108434204
0.18252944453253417
0.2586060749708983
0.17266105657238412
0.17678493968359546
0.27667670500422603
0.15222471141798605
0.1787934132828542
0.3092506331624484
0.1947870053532306
0.17696776126238284
0.26501282135203486
0.18274901869916943
0.17365964581566015
0.21328349590256562
0.17262896335657654
0.14202340583955697
0.2595652485868665
0.2093415725439147
0.28527038598109
0.18494731958359467
0.20436036953456285
0.1890113643674774
0.19987809865439202
0.22511961924518462
0.22607864242346543
0.1565944190516045
0.27466273982067635
0.20278269361771376
0.19363772277434563
0.22772104743350427
0.19314212078230053
0.1963911458786777
0.17675006801526358
0.23742901128839855
0.27784738129272324
0.1633923432735205
0.2957093509806035
0.12576087779865264
0.32106547545967934
0.2293040591614664
0.15780818456569717
0.15535681001007895
0.2916962625172581
0.1300976720234766
0.2620821033029742
0.22346874253193139
0.2068583252742935
0.2319617121238659
0.20506061900231543
0.16115353346147832
0.27993909023798497
0.19313386085221332
0.193453165258526
0.2586888433928432
0.17287353930569588
0.16723235132811703
0.20456489098427025
0.18806123940964994
0.24165187884855868
0.10942770505412967
0.24316870375824692
0.0979615976983263
0.21898117766560674
0.19419309364249476
0.14320190658693016
0.0924243817490944
0.17730168384043932
0.1930513914070467
0.2183174130806243
0.14904548982564075
0.22036514260983037
0.11746607330058803
0.16659787314332106
0.20684073747410775
0.19391242820346438
0.12712626109824524
0.21208148100725124
0.15935405381753143
0.16960410640442364
0.2695931308230726
0.15724741383244314
0.23120102179792368
0.21294149848419502
0.22003271100153818
0.20903846936258777
0.14320189837923678
0.25179053994290646
0.22761364973647646
0.20224105699084055
0.12947186761017923
0.1733972982920713
0.21178598321970563
0.1924238218989144
0.19005084119817028
0.18240409302504557
0.18942964176089613
0.18991231251449534
0.1819746506310771
0.1406782295748163
0.212199690177645
0.21421760587248873
0.21240067156486797
0.2453869165729461
0.2067389228326881
0.2339285375886362
0.1984659166870334
0.23914819270336882
0.13303282772499464
0.16970147467291946
0.17987668847607952
0.17422232318250405
0.25470225292870297
0.18558384172155887
0.23368305971150197
0.19853749688931913
0.17871909728484486
0.2524558727078504
0.2385425072467792
0.14347644025574852
0.20287015638072578
0.16987615499485953
0.23970601074982886
0.15689477435787746
0.14613642299015053
0.20322879201489744
0.2622306065115547
0.2287455819400543
0.2584758868162725
0.19392179650667024
0.2759165856257827
0.2643231320408568
0.2098523077807781
0.1858424211172636
0.22207476104714652
0.19181468435222082
0.2952950873074703
0.19472710455426534
0.23216980739612797
0.2546248201474501
0.1739432593916206
0.22690191020732134
0.08862154190940208
0.184275946966111
0.10785090762794636
0.2647502878775771
0.233887220013834
0.2422756344789188
0.19711148657091332
0.2404043592378286
0.17965568470452215
0.30922599756276115
0.1321286346269272
0.08943422709093059
0.19397336467708287
0.16511739835798603
0.1458457982211443
0.19231107896522892
0.22146142546465392
0.21025904147852395
0.22092691313289647
0.14705607390134606
0.09396929891666594
0.17297220963183052
0.1976834081310297
0.1558779582279931
0.19527089696883582
0.29988665754131877
0.14603577503052187
0.24597324699884027
0.1587552453930106
0.17039096113486635
0.25119565333973337
0.08479488856541162
0.18538691523561565
0.22497993703358338
0.191491319112372
0.23776148807984254
0.1999035814282309
0.25425480236684805
0.19457779134863976
0.24267093957676836
0.06077387827778455
0.18308333143937855
0.19669010507226617
0.28596945449379196
0.21366809288112978
0.2787298763710094
0.1413439623067384
0.23047462605796554
0.2842107022552298
0.09127779597906434
0.1448133517045251
0.26584333791922066
0.15828354837991798
0.2241293931114481
0.23067732101631905
0.20379353822603333
0.264456497063171
0.1732125949054118
0.2089290442881348
0.23228218763992103
0.20867283187363012
0.20682606672944176
0.25467084708942805
0.24455996948111075
0.23388876516364376
0.18072658399965835
0.07044602055685681
0.22021860556288533
0.1651680687255158
0.207852441145633
0.1981445205333994
0.18868499818776913
0.13014843589968383
0.08589770429007454
0.1720867783505166
0.16744577622454568
0.20078130000357705
0.23635783969596658
0.2030422931363684
0.17649860730019726
0.22237196223742514
0.21537925522355023
0.2550726708669899
0.22346717056934265
0.13563603294490179
0.19406245371146322
0.17408967932510366
0.2585991830173132
0.09115706073110819
0.15670663099680054
0.10416266908672717
0.1605854458953883
0.2041805126170725
0.25052630939578635
0.15885551516957386
0.20781329345863053
0.2527756801234722
0.1995493967551014
0.1316567057482388
0.21335398648300286
0.15999804974138396
0.1733514496283623
0.1939912022926537
0.23427077750776074
0.18806360495304816
0.27504684469447815
0.17888662824049983
0.24502902638248017
0.2828435536376693
0.1527724787313968
0.15596582245213514
0.2511973264493086
0.22890449379650488
0.2002218994819279
0.23173932606854206
0.14541586143973806
0.2114884860562864
0.20136151919942516
0.24306357174662446
0.20576960549553977
0.17011392818483304
0.23287333588973758
0.266153956244218
0.0827267159542473
0.20876532382129098
0.16917039722731914
0.11557297210032579
0.2034229322189849
0.23453996323929335
0.1781807336419261
0.26330989573839153
0.18748300739356805
0.16616778294951354
0.1202195098010389
0.13135325123415104
0.14205279333736417
0.18198219592146936
0.19823380867854098
0.14632373518000857
0.14006366592210048
0.17765147625522915
0.20819192746813303
0.2625805574942309
0.11059336505556248
0.09054314411916896
0.09540864659664011
0.2690718474320446
0.1538080070313947
0.16275489483029032
0.16253319556503026
0.1743738193894706
0.15119386763983103
0.2787760420760803
0.2509294791671534
0.1918904608851502
0.3096196617797974
0.2554340154985906
0.14376605977216192
0.18158687628281836
0.14775603366089893
0.27317494372062845
0.1938091562699252
0.24957167941180677
0.2085086724773242
0.14797023933180764
0.22151231143385358
0.22503104404857674
0.1834285526145041
0.13372253411995097
0.14492414028063025
0.20626513676665384
0.2521274571187641
0.14184458070440867
0.2835125716267831
0.22827538837722805
0.22140808445239024
0.22498556421505686
0.1602373030656281
0.20770012871841192
0.29887006060717164
0.2050718176339309
0.1687390202252161
0.21012551365856125
0.15071177059558716
0.2974706924157531
0.21392670563787441
0.2530399554763794
0.25414534061714067
0.17838662305044498
0.2804630959712472
0.14052452320643738
0.30411552064663233
0.16815518829860757
0.18330557600495956
0.19238729184936953
0.2188821916713111
0.18981698601054237
0.14198069610931002
0.20495266952438362
0.159237284207844
0.16067880412512087
0.25981892912108856
0.226887254640387
0.22880783462620546
0.17647682683181576
0.23585399234123486
0.23648642199738337
0.2346901621489233
0.1689757961484639
0.2393630871573741
0.21778179263506506
0.1210584551207493
0.1957313239315548
0.20958890469951116
0.23658306397058068
0.13600157393250512
0.2805997346151836
0.25682112126840706
0.2295911531712282
0.24072495405286526
0.14628938406048636
0.17169797081575555
0.2665218033255915
0.16730200419172037
0.3054163963668917
0.22566880865660383
0.20703720435816353
0.20545103368229417
0.1503705554565662
0.25360484564974367
0.10247245938472194
0.20410830575363081
0.21088963931267724
0.18336489458302122
0.23870248265523245
0.26298141807703784
0.21651589904110263
0.19916680426641992
0.13565609159582487
0.14235687287660284
0.23066346415269226
0.27071939900066244
0.11997561480753872
0.25626243331021203
0.21957704420470933
0.18737525150010642
0.13388745531588148
0.24915356180639475
0.2808490430632428
0.15089625736033013
0.23726107002295418
0.2537694295488462
0.19441612284354537
0.18264750361338358
0.1825311512436711
0.31918019636670497
0.17489900078001036
0.16343979828993818
0.17519755364366021
0.28887474812984715
0.1694690603414506
0.2175198080210471
0.14758436820179682
0.2369310016771429
0.20029222230089738
0.23398078868756716
0.2416331089944452
0.18709277147139936
0.1523487330761828
0.1570796451425831
0.18622798252745107
0.15423960589504315
0.21246789006741623
0.1945926266927095
0.13931773129649788
0.21596499962134239
0.23821756848998166
0.16409663977149122
0.05939257107441584
0.24443270751876178
0.172029890112561
0.20423184501117828
0.19223143646456464
0.24565807252969782
0.1738483548236902
0.24827017799467144
0.21388955907195842
0.1412461443756751
0.21219293535272155
0.27526447694010203
0.2585562661100042
0.18064668917730708
0.1487533362305794
0.19705829965895863
0.13026495405949873
0.20282663825810096
0.17139017275938814
0.19770442104935285
0.28328132836920183
0.2344941038915493
0.23613068267108983
0.17856795638037046
0.2268475015193135
0.18675087238528815
0.2192934814797148
0.23156772054420394
0.18554154143628407
0.11331861984723678
0.2795316678916969
0.10823915179460174
0.11031794573616499
0.2198801868483286
0.1578114586630867
0.2608714672337394
0.18480480939186006
0.16655318593058116
0.2632831524655426
0.11118490496518443
0.21728267985526428
0.28882100942981564
0.1638933325140893
0.19853721256397455
0.2362251448724421
0.20384449387661138
0.2071260953270233
0.1561613464313113
0.21941251338713091
0.18408970422721346
0.18057780321920536
0.12301978542688896
0.1814531991955359
0.10576241248195027
0.18340671735500352
0.2234020811434813
0.24836273206124612
0.2750349183799638
0.11845298940575062
0.2643132240826709
0.12531288191528284
0.29530292954232445
0.2575409126530842
0.16638676141718053
0.16182367943844148
0.16019467240030483
0.28822339279032394
0.2568269252866163
0.09697162018085569
0.11191952281784828
0.17731517955143727
0.21178110040812648
0.21677876354123896
0.16243076064432277
0.23931815275477855
0.17550763123566968
0.22974237907172823
0.2820809041781114
0.16282724160894185
0.17410483022948775
0.21650021241407327
0.23775526516920778
0.0926420736637716
0.14290184122425612
0.19532744888451772
0.21367090959733
0.2022456434861033
0.26900126298701255
0.1828999226852717
0.15756046568882223
0.19226266213728674
0.19346117996657364
0.20484308902625634
0.16472062090521572
0.15845929181584334
0.11117791821559475
0.10765791604138705
0.2431073057260686
0.19634567898164978
0.14027007563677485
0.12106414429659128
0.21566624605760876
0.2205671165902622
0.1684574414997087
0.21198640549280506
0.19342584983238276
0.21519220738139605
0.21600567757458494
0.20558019633008068
0.19069621825231658
0.25738168432612984
0.19441685023659888
0.1989572630118377
0.21150758172952433
0.21551996064614842
0.19370648975278304
0.2618083366716648
0.20199184029486159
0.1987788096846629
0.15778528309816725
0.17062778266418901
0.2372816072245654
0.20860856074838205
0.19965142305692407
0.2608182816561987
0.29412453575077724
0.10860490738921717
0.1844640214381413
0.17164757763297678
0.21687591742425869
0.23156679117977957
0.17457999085571352
0.20743962307374184
0.16099969985929694
0.16589807007692944
0.16206044779963155
0.27547848720353985
0.22498922028445842
0.17395433674123087
0.19749410944912987
0.14444941963253444
0.149231044206445
0.15101746559542087
0.2211038053461332
0.1880281927543454
0.20583321820724076
0.20501679404123038
0.2026269162287531
0.18972887884271275
0.08623679102238013
0.15556500620236005
0.22288730443407825
0.18798243554301616
0.27595853473925086
0.16057842502459896
0.27464812401038924
0.29569541688681167
0.11988429718709134
0.17015921468033016
0.24723052742173304
0.23344218225629593
0.25111718113294973
0.18358870121451099
0.22667078931371748
0.22216413548194483
0.22871108460327108
0.1488100940386824
0.1350305122326212
0.21984597963736774
0.18990782783635585
0.205026176623755
0.2313484828343924
0.22351879703612748
0.2045766338816005
0.15039079846791992
0.16278150766007857
0.2125168225796364
0.22517844771046966
0.19693037952690426
0.13883671128103614
0.23766211917934404
0.19204685358143228
0.21593082802338184
0.21585742208755954
0.14727680156857959
0.19403895058617068
0.12198225447608813
0.19323738765044013
0.18537326496497317
0.2238128215683277
0.21864747822507047
0.09487793783909225
0.1775308718125617
0.21312132879473522
0.06626639097343409
0.16538676608489658
0.1357864748937198
0.2202307745780961
0.2546284938366413
0.13477191462398858
0.24716059606276528
0.20615246319402725
0.1841093693389714
0.20059969088345192
0.07908924174629009
0.17936779626261212
0.1950369494497764
0.25627090270222674
0.21810999496725106
0.22334636145675196
0.22143530002050094
0.14178980226840313
0.3056462103206093
0.2945592401594777
0.20813756340464756
0.1628601646870011
0.12238458477947133
0.12115444029480288
0.18159219042008695
0.2882062631237774
0.20137653437650757
0.1819267258843462
0.20799915505472882
0.16169987831453372
0.1294371340100109
0.20354996788707685
0.14195260554218667
0.17862641077592908
0.16963735553893214
0.16110135210730206
0.15620406685971472
0.22255232304070507
0.20612606099770184
0.08592531018164805
0.1820187675764773
0.24356874807712298
0.2765058503582982
0.2431275742962123
0.20831879562852534
0.2687079835757144
0.14265861781419267
0.18402337405119562
0.19913011655320795
0.19458455972351446
0.2092718300850404
0.27513390033757545
0.14577856150628177
0.13947576521624974
0.12205523963770731
0.171900053525123
0.19615637039822495
0.20295203316686716
0.20195221762412233
0.12290911384619316
0.17622947478913625
0.20299931452672992
0.1837801876625308
0.2082816054072404
0.21418216282364913
0.2618441261146197
0.186777558857814
0.16182183779933806
0.24226067146183167
0.10697033568482842
0.19964701129094325
0.2124600701041188
0.2816118990185945
0.18728957537656965
0.20995132931800345
0.24951472252658635
0.24613441737277672
0.27530274026505935
0.23033825323230747
0.19330147135312456
0.1652906267624413
0.2224792218847617
0.25338593009183324
0.1470916283391956
0.15257780047435732
0.21426572403185948
0.1957820216288339
0.19948409018641436
0.15539734781220338
0.07488927130228346
0.1666683805739288
0.2518512071618246
0.17381831642141804
0.13606328852324773
0.29199293058315573
0.18399338823837674
0.1684283781832093
0.18661739317651294
0.18571924287718064
0.21879797697420755
0.14832810504847144
0.33245090451783454
0.17768219795223314
0.18968384451550482
0.15079392922525608
0.18218367287267223
0.2097297167958184
0.1612183287237154
0.2764687114677028
0.2911120351428512
0.1995066399872425
0.27981043257135213
0.2030989986848393
0.16922946427363159
0.2616691505316431
0.17499283187806247
0.2366952481710851
0.17582906729350373
0.229016872779465
0.13855728740532205
0.12687233223954292
0.23451635963646433
0.21031289954874618
0.11496560016212763
0.23430813166546377
0.16068063537574745
0.20011955088770944
0.12614097759998844
0.16764751233693745
0.17990478013013655
0.20477240083258297
0.2508320969049824
0.24022979492340296
0.151073729536617
0.13562515999081926
0.16773702221606818
0.14448149664205437
0.24378170436196578
0.22720678576110215
0.26446471893776724
0.2673789564160122
0.215848868271996
0.24588930179501822
0.17862235461627204
0.13434478775160835
0.2367737123590452
0.16897997869282
0.1609660329914434
0.29765254531100427
0.14094924141286672
0.19876517641544542
0.2289882561108529
0.18309725535973836
0.17434341045634372
0.15239104161607273
0.2625904319159541
0.1874087918340675
0.2503597932835364
0.18129295841266213
0.1844827256158827
0.12306727251517463
0.2258000991518727
0.2274325946480433
0.29272641169248903
0.2420525968757571
0.14688510660116616
0.1604588704649114
0.2378134049268643
0.2182633018519199
0.27206074606351194
0.2590112308250104
0.1536091778273604
0.21282146209270955
0.11477715421646648
0.20833793905386272
0.2682678315758368
0.26038384390294433
0.22908351666129326
0.16057849829520288
0.11951854175878149
0.2301071516974644
0.23117411804338905
0.08975744783924483
0.18983145581404307
0.2184538333616451
0.24206678369175127
0.17427843120926703
0.23400338706709223
0.20271406137342793
0.19410809550379932
0.08040891830566438
0.21009423401935098
0.1504406614207455
0.15990123554597868
0.2548181266402874
0.2306078284457791
0.1614833906428241
0.1516367817565835
0.1835245656881094
0.2504759331306442
0.21657314612148298
0.09550819694132745
0.21590035132618066
0.14999202237959558
0.2218942260521893
0.2329430477449833
0.21753700905478993
0.2661074368538793
0.20376108297026935
0.19171412840468224
0.18480070540567767
0.22471651793189465
0.28463128885403
0.2605705122475797
0.18628605404262336
0.21689385643311124
0.19644070636292849
0.18668789226475918
0.21973374910251595
0.2269346421698174
0.26811141132124694
0.1827973749981295
0.1685632618035799
0.09809616168501821
0.16733179929731984
0.17787778915642832
0.21376819175129233
0.08475679170882414
0.18897715150134406
0.2062496231415095
0.1645430590108665
0.10625849271773927
0.15709930122967428
0.20201704960981584
0.22019672385036992
0.1992703594943764
0.23631088494868666
0.1823377952355962
0.2796614914122348
0.30065756138808086
0.19523959527923967
0.25276057964590887
0.08821394167306798
0.09728691299923485
0.21661326305041034
0.19568751599215428
0.11137614412685004
0.13096242548457077
0.2439365844645891
0.2540800378817613
0.18588537164517738
0.24730293024013292
0.18630117550563666
0.13881024594904376
0.28311939995207286
0.16768055035602786
0.22645546256265278
0.1664114135651642
0.3060042832546766
0.07769834664272227
0.15702984159986227
0.18062188761290038
0.203698963345886
0.11643204255066991
0.16495179777461644
0.26959743640121614
0.17612467684386834
0.17287030194252861
0.1660804965046187
0.15065309464152363
0.08774337949130682
0.18881413956917753
0.18699590118742804
0.12302732513250231
0.19086247354258695
0.15543093034424948
0.20667424591177566
0.1756140907081517
0.2654624014745105
0.19229617931011495
0.2308140510860052
0.1013313904628127
0.23641036883488953
0.22156438415955576
0.16903961414376084
0.23525385776495084
0.15419065110734012
0.25542542384950606
0.1715665792755405
0.10955158485437337
0.19661609978367772
0.2312961261497353
0.20173726586948015
0.16537159358320805
0.07709694252575582
0.20567293366470624
0.18121536238163857
0.2134224723681358
0.18733615528501824
0.22453546530432705
0.12676769214077555
0.150730398668114
0.16580308462677626
0.2085732396652608
0.21343087874915256
0.12898805357903598
0.21340169446926022
0.2067227816085741
0.21844210919155552
0.20114493403597092
0.22954407096571147
0.20046982414104328
0.16883579118740472
0.34144010225815
0.11873850752895733
0.14709116293954166
0.2316511640674817
0.2634138152074857
0.17531233085529876
0.19855320551935735
0.16047964186866828
0.13596621581261553
0.12462438836384954
0.22165195987372924
0.24757985704947003
0.32246434089526826
0.17902336466435886
0.20886279400471736
0.222984565516861
0.18419910294166125
0.2200322588894196
0.21813394757483837
0.20337114066983147
0.19082776037718216
0.11371920952205708
0.140752150276582
0.167464337853585
0.1810649023780188
0.18159879351439723
0.20435292362035085
0.2079969131631835
0.1121594464644549
0.2577550888844852
0.24936522797402816
0.21605402445387442
0.16157830416595567
0.16115906997047125
0.23800245450498217
0.25277469797692237
0.2318199660791279
0.2546347303305338
0.23032986325001248
0.23605995533636615
0.1605562418236243
0.2217120645535139
0.29603388355154253
0.22827198992545028
0.1814764826241827
0.23523307401645513
0.27071111788586416
0.21297682812993568
0.1935654714508896
0.2076200131144785
0.23537056516750496
0.2266789930038624
0.22279743790081508
0.14702234690807844
0.20334145129002654
0.10647687734809275
0.23573899024602296
0.17286523918432256
0.13399944605340916
0.214729691656234
0.24880390083596832
0.2023664951806354
0.13985447677332621
0.1965423921838504
0.24727618501460719
0.252180949452584
0.1973111531225695
0.2743779671125217
0.17039425655033474
0.2153229532461317
0.21058359433216997
0.15290408226397176
0.1284964338730971
0.1484936747025297
0.2341983153373051
0.17714060397636108
0.19987458367739017
0.22764278150110567
0.16250251663195248
0.21268640924732946
0.26109810988449034
0.2127177916866384
0.2220054256021498
0.23264448776688534
0.2183577283156173
0.17183859509253238
0.2455689258039939
0.24859326072719898
0.12882812157466725
0.1616298353880007
0.2260282490309957
0.263883438764781
0.2561555557342954
0.18537528655551053
0.1736367694140615
0.2146629458708452
0.13073083460892018
0.2249502038522435
0.19795023427300315
0.18134840454590367
0.1367424056949728
0.13993509469819487
0.2037017603470067
0.1781005814412411
0.11647311063322263
0.26283657367116575
0.1435709517698442
0.24070407792142756
0.2648943324988406
0.12848266579770223
0.1733877092895585
0.20683711687248793
0.2640028607318579
0.23012070896563375
0.22315443236094842
0.18862778017325163
0.23815376405250063
0.2111723655910852
0.2622116615208107
0.22104813737892645
0.1442316944159326
0.20004967877316854
0.15903303260907348
0.19106316452317887
0.19367962467166014
0.15965468395366691
0.2644497073160847
0.271675045188987
0.1499907285153476
0.10742226040400536
0.14323100403371328
0.23044732037269988
0.1791177360632541
0.27136330768698447
0.2262494439631915
0.21286918760620718
0.19051389357832602
0.13415456755972122
0.1785744474778359
0.2255930917027309
0.23382649561633662
0.0872591893520333
0.1930246981279093
0.27213700764907345
0.20290951090109746
0.17796735866917968
0.2443310064302659
0.14719632608784894
0.21645251540723254
0.27441953736169744
0.20069847080554518
0.24335458119682385
0.19728599207687744
0.23847086042990337
0.2593179618696436
0.169463787437931
0.15675494705849863
0.17435957259575116
0.19732370465506527
0.19424943607067047
0.30074951402078265
0.15049008444940687
0.17878891464539304
0.22936778629348153
0.1885160193646335
0.2481142224572251
0.17385693321780626
0.20305615754387954
0.27129934916535153
0.18860529876903426
0.27201730117861966
0.2469788024634059
0.1411471369949296
0.17180038022437769
0.2467288499481361
0.29296989451383426
0.16558980739457932
0.22179731448843365
0.20021751874107158
0.15943382138346868
0.09468774988598512
0.18892530948269087
0.25376409509975434
0.16882296212598868
0.22749470927854298
0.27954308449960386
0.18948292520782647
0.16683055025707821
0.28429329065918363
0.18498451901237675
0.2243781358813925
0.1982130913981199
0.2001375721264176
0.13487013794578218
0.15939110313934607
0.14872145398319592
0.21507401995299935
0.19974267516982774
0.2751575662717608
0.2578211797525174
0.25143338185119923
0.2730045298026966
0.18479179429652387
0.11589954536957255
0.21545404081526195
0.28255730455611117
0.16443780503975708
0.27002355859138766
0.15348932861563466
0.16861630480196246
0.28187277929948873
0.21990457897795743
0.2393280011058226
0.2745748128478486
0.14284853782928933
0.17801745398299723
0.1655679073004389
0.2089091847896035
0.3116534702613014
0.18973061601412736
0.11333213982443473
0.22524888340510876
0.2584287269005232
0.12581989035913338
0.17576031650919224
0.12392468599032441
0.19960527811954815
0.19883185571427595
0.22846785005937836
0.1890467395452459
0.24922016726714444
0.25052609964812594
0.1910511313485081
0.16088703044402658
0.205382884321366
0.2482392046182108
0.1842098541147454
0.22907134445927943
0.19259877190565344
0.29432177610078797
0.2510556700703567
0.1500370700737066
0.20252592318006588
0.28067240841636126
0.16138587588134282
0.15664530532899199
0.1805204864517153
0.17705744948279853
0.11891166497915076
0.14781088367983886
0.18772227182666426
0.22727427456533522
0.17591890248654632
0.1876183830655779
0.202851228969519
0.27886282872291634
0.14451288102835283
0.181335138816387
0.19411128824661178
0.2390070244600659
0.26817020767170174
0.1369414532988168
0.19401906945558028
0.24672398449591723
0.24386098606085949
0.27496855866166864
0.13303213061683178
0.2133383395520262
0.1849520690051244
0.143248511199427
0.1451802497525898
0.17545226949838982
0.12931842536590615
0.1984954164537967
0.2222733015694505
0.28438996590007737
0.15925693588494388
0.22772783152880147
0.17761643973564822
0.1856276135358746
0.24864329751476344
0.21367869102217021
0.26818154605252653
0.1919951643041078
0.14119059648350518
0.24088119832798083
0.244762669913999
0.15388688240860576
0.2455305310553746
0.22601832595967783
0.09563098600513437
0.21190828089558006
0.09890140465419311
0.10580040857947866
0.22000225274473878
0.17369217548585839
0.149635512305382
0.227325499576787
0.24964583182303496
0.07678751620309719
0.1376126666614585
0.25703902249717586
0.22182946364116726
0.1926989718305054
0.2599397615296471
0.20046908422663462
0.1752425934734884
0.22494808004296127
0.24840363258411444
0.20046753142031307
0.2984341899960231
0.25242593708557665
0.19095187861502627
0.29323107512241686
0.23330504576490294
0.19529906279923573
0.16128222354703103
0.1400398055822156
0.14366594027358998
0.1382636670340917
0.2589021776872488
0.1628515326574135
0.1758973812417491
0.20349857876723507
0.2278572707608753
0.20805671169373807
0.2774827179141786
0.21043840099462863
0.19511751807698022
0.2696257288838191
0.24950104539950202
0.17143294760696037
0.20104929859506837
0.25398530895176785
0.1910139047282715
0.2701880995115699
0.23513298802519106
0.21061293225998065
0.20083986907300275
0.22769598750329595
0.2712381705432412
0.1044001785841056
0.22373333957337743
0.18432551890219387
0.17217970194938764
0.25954275601328974
0.19790122676019836
0.25213198429578115
0.13961508622221552
0.21155723880631017
0.16455962160937182
0.2871370750047763
0.17405368649793743
0.09837780543997238
0.14686571615084268
0.24087479204319878
0.08988229928772362
0.19230983622527176
0.2236922359479228
0.22723280818936456
0.22143674691358667
0.1808010087018272
0.21736786557961027
0.2175266525337892
0.19177070870856505
0.1993887008002299
0.2442366282688233
0.24603715386035802
0.29238096449587697
0.22363583950888413
0.20122232338061607
0.1977502459555528
0.19636083148361733
0.24725653036127862
0.22156903686822516
0.19353627716944455
0.19785532655413415
0.33255362821137957
0.2503660454311949
0.16426807892108533
0.21772624435521132
0.16869727225150427
0.250774064816542
0.1508339369412407
0.19723429477542284
0.23136179446762017
0.21716470494035953
0.13627678295842563
0.24114850151144734
0.22634744301645607
0.18595473455277597
0.2044179463246868
0.24214385360418092
0.18047530045350182
0.20847364132927285
0.19350715532698132
0.17566769887710185
0.19507715946746895
0.16579031121926396
0.20244264124726774
0.1144378741364171
0.24878810903769485
0.2130385437306311
0.22881723395480524
0.24561058548499987
0.13876613921894945
0.18460775244058658
0.20588696849457114
0.2388874602026084
0.17010867264368418
0.1732669837623764
0.27074804552805004
0.22979768674375523
0.19496610859388575
0.20246790669997924
0.2834393784212308
0.20816212300536543
0.18005907178517072
0.24309213622715287
0.21905832325247532
0.2133601257826785
0.14277790668176474
0.2646805705370675
0.14903807291321372
0.14103752792110946
0.18613027111280744
0.23117179404923688
0.24002495591131226
0.12736219349115613
0.1474331427412067
0.1629795626925985
0.2042720654229604
0.19693734411905023
0.13468611890182966
0.25749708156746687
0.2375599756470362
0.18940027833776069
0.17669924309427054
0.22073524080113702
0.16331669994197232
0.23783731622768844
0.1237203341213684
0.13216307148676723
0.22643113098662715
0.15993269141923916
0.21246008659461196
0.2899148152816471
0.28889139266731395
0.17471005528698316
0.1715337953000714
0.17917050275228402
0.23125953068776064
0.28847011300297554
0.12458740410350652
0.18616432843280187
0.27750279570570646
0.21331871949447095
0.18774414365312983
0.25431157611801536
0.19783143504227313
0.2395455048386775
0.21799916493647242
0.23035873690040093
0.19024233085604397
0.11827070848357465
0.21643114238296585
0.19733584666312687
0.15169600181964485
0.16580913143416234
0.12584294557888415
0.3006670309219132
0.20917722197413108
0.2219736761883067
0.18115707210474175
0.1819104966319138
0.18228530982031244
0.13165663155777574
0.14499007736036437
0.3044057936340865
0.24840771390947802
0.2031324268219664
0.1511548319620871
0.2391415971796761
0.2801657571979981
0.15601364735038153
0.23674838867383413
0.1012707897909084
0.2530485207525333
0.2163875540745502
0.20955274399199583
0.15522924161938928
0.19314016059344588
0.2038200768365643
0.16074616462497154
0.1827427114944961
0.1457137647101
0.25544000464237504
0.17127856207267303
0.21485180381218233
0.10379702342459983
0.12718376432267414
0.22599617660872376
0.16538528750377893
0.17924777352221508
0.22365129735496425
0.14593874415198607
0.226364715957179
0.21536695850967474
0.15997044925029993
0.2198213715398785
0.15476274654994507
0.25166892859516343
0.2512096362593708
0.2896929553554769
0.2826109059676477
0.2469189818229277
0.2606299626614458
0.16801339790943037
0.1540278574687066
0.2529974102211775
0.1519304282905658
0.2853862468765446
0.14642028586873768
0.18645127477284562
0.30050029048841165
0.194932715146536
0.21600670862619958
0.2027457181935779
0.135417664812099
0.18022155445632593
0.20821264312272736
0.2313522901957833
0.19040179706462876
0.26742164884144176
0.16749265012506995
0.23138532651137117
0.16062181866356987
0.23557996829975322
0.2801133155026352
0.08534733675667955
0.19885357338347137
0.22237572389317323
0.21606106019785656
0.19379551762916702
0.1813682690532392
0.20089287837936554
0.26403905751068435
0.18600611430970015
0.12766731046184387
0.23515756558387285
0.22799919144333117
0.2086778843558054
0.2436012678811972
0.13279962372591006
0.2837910771534116
0.170164001884902
0.22333154904759117
0.14925779186826876
0.207901247903548
0.26095165141235005
0.10691711379199081
0.2316996352343151
0.127553772465166
0.2492708616879219
0.16927805529915668
0.25678766121737606
0.2143113000096642
0.27836630608029955
0.21883574311938972
0.22534867755800628
0.16432348967800214
0.19654320415573293
0.15796859363974436
0.18528456640437316
0.12624520306540943
0.17057878060181986
0.1678826751067956
0.223901845314102
0.18717501422247737
0.21696819181944368
0.16356633530091932
0.21934258696586095
0.18351445880921208
0.20940504514261316
0.04535354795883956
0.24904035288134052
0.24256109241079513
0.22464213305890451
0.24439571057322101
0.2238883075557547
0.17504811534585007
0.18853411691133412
0.1621291674788953
0.2291933460698056
0.18513498390771183
0.22325693386336057
0.2078202509194437
0.22971575121584475
0.1672872044825061
0.22762677273981297
0.15251537321535436
0.24646466233853365
0.30147269551714145
0.24322332600898872
0.14407423916693649
0.24716240966072436
0.22271097902977519
0.2536897797816201
0.16741375614856482
0.21374600175298986
0.14181746945300983
0.2348294813138901
0.25842933887935615
0.14845102986717557
0.20130603816634918
0.14627679817216444
0.22891022171333023
0.20562690058971272
0.1594432415957804
0.2282584452512529
0.2651115550839427
0.20331901291798182
0.16183302161139174
0.3160269830034561
0.15416314811680665
0.26279750505481164
0.15015327406402168
0.2066042209723988
0.18923983850030418
0.18703879821494848
0.2530929803362718
0.2601908899106904
0.12017242816234974
0.056032771413070115
0.17240730524149353
0.181864399613417
0.10656643577570635
0.21474217340792526
0.20201867349522223
0.18551492826754562
0.2789560882344647
0.25947312681729595
0.19318016491461873
0.16932965847738413
0.17066061501350616
0.2405917447152372
0.17786625770528108
0.27201094295237366
0.16867887454459105
0.2597753513305185
0.19759961910025467
0.18420571798659996
0.1374566313647978
0.11118018273687458
0.2321530213670355
0.19082050348035526
0.18319701884400413
0.20171264100280523
0.1495877970696105
0.2021810352593943
0.23539334852150787
0.18179876953110197
0.20221514217477904
0.19882000702339764
0.26284800177819845
0.158390923830814
0.1307917956831896
0.23853471179933958
0.13813778032232674
0.3338465334877654
0.1764115580658298
0.3069996559547946
0.16883230838650876
0.20094459342831872
0.2724388016607434
0.27490252798221443
0.1991973659562583
0.26522753485785383
0.15145176394428456
0.20215400755217097
0.19364612237896756
0.19934439337391585
0.2151575948254493
0.22057084616485603
0.1408339581062613
0.2110439915741454
0.08459026693024761
0.23308205352458847
0.21390571622636487
0.16655301546302895
0.25923989699508715
0.15421806263060492
0.29032351397200573
0.11042256462192514
0.16998018382009192
0.22893609098716927
0.14596292608524428
0.2190884359211734
0.21542908774294645
0.16512269322576037
0.18979621885712047
0.2404590334343693
0.24962448277652302
0.17975448916531606
0.1672172300775572
0.22649937580077087
0.16586505591949668
0.16488087633839302
0.2205859711843922
0.21520934956265544
0.16508354624085414
0.21872675766543226
0.22339722117390262
0.1800601230086757
0.13850444153728492
0.18166874118958343
0.14527910918553763
0.1946298747245631
0.10464722337059254
0.21063996845612384
0.11856066231328942
0.21468541953210551
0.17049169899694047
0.21983973220826747
0.1768834910135637
0.16382797199822702
0.2782640732247198
0.24326602188834262
0.21256800507839477
0.10724897736738502
0.2107566857288268
0.24218084629933478
0.14687093287496164
0.18295975575536716
0.14736146489436067
0.18784633857481536
0.17638462686668196
0.23564294498683405
0.14811032667212967
0.18244626985739185
0.1482646331173064
0.23342843710662742
0.23662542842908477
0.2423619760219032
0.1480673610030394
0.21137063748676918
0.16351100787950548
0.21063515445264022
0.21169895092941887
0.1996999662085947
0.260526990681932
0.19622595384271538
0.14621041893085523
0.1923266941459417
0.1940975696096714
0.22825170034072315
0.16095719101651398
0.20719813244475999
0.20390148008508227
0.2068185181376922
0.22154653005179822
0.11961764286421221
0.25401637609737965
0.19809345051808747
0.13295461737695324
0.22384927595567544
0.21493562744574338
0.18785989964751476
0.2138025301716966
0.15522686480423678
0.1434612827804459
0.2138534562967586
0.24284822337722056
0.15579899503660213
0.19877585792402275
0.19403744765580347
0.06072913326575308
0.11614747500417279
0.294894179733096
0.1540617517376792
0.16660584414633106
0.11922111733685398
0.11500206611414783
0.2048201515492679
0.24955509037820353
0.23382323990734566
0.12866220527883232
0.1907618425154254
0.20282512555867432
0.2188458560589906
0.23434929972597673
0.18624904685905594
0.2347663400901867
0.19993089945532808
0.2073895699819756
0.2672623657435047
0.19634290311197958
0.19662791059051843
0.20687113597686377
0.17586956080320035
0.12756067592591852
0.2450518818546615
0.13903946845132184
0.22524266377986066
0.22998328564313153
0.1735747221394801
0.24985456559426353
0.24462784957050057
0.1707163403187695
0.17263937472129612
0.22298010321990386
0.13672015634802542
0.14148139717363156
0.10942517378441721
0.22300855517287313
0.1910150216266868
0.2812362792479229
0.1320223477145537
0.18603732471802756
0.2929880105855491
0.24869679750758872
0.17820212653803974
0.26031133901552106
0.148051349291919
0.1551083558595439
0.1497801232228569
0.1125137280064932
0.24462111858567728
0.2530768481542671
0.12675932965328768
0.19864414623588075
0.1990595131396158
0.19583348893603927
0.20202203252666448
0.20657818661922456
0.202780022177962
0.20942086904208332
0.21006604447141228
0.12919219728596232
0.13391365203320243
0.19615918437113808
0.19582331108353668
0.24359923641729214
0.22438727299233666
0.1392661975589552
0.16176289004369332
0.2099658767923436
0.26876826851501295
0.19822821046397143
0.10119937376334043
0.2506165237296205
0.10151432375898906
0.24266112998716388
0.19546183939507267
0.1991345236648102
0.226121954269296
0.16960635834958065
0.1946497721920718
0.16406126118505554
0.29730107626554936
0.18571623387151684
0.28039611723437347
0.1688213962370403
0.16142160905730074
0.23548180834001062
0.15321815313974918
0.1970720776475874
0.31888514305167664
0.23003040321530924
0.22595939079984143
0.2776117541792219
0.24754047992696068
0.1568387170293759
0.23823550297061413
0.16780394391249584
0.23225672353356322
0.23362344567010712
0.2317398326359136
0.22600165396672092
0.26424383967812637
0.20280522446331647
0.07328534709412474
0.2332201342003833
0.190449281409324
0.19703503518902105
0.15679237861460243
0.22631510625580184
0.27385595117432804
0.23277046432781354
0.1742650200346812
0.17288783263608315
0.1990049516712925
0.1799835946599397
0.26509518614364774
0.1729691847583822
0.2600057943515432
0.18907194231581592
0.1618641032157549
0.15227999536191297
0.21551730877257919
0.2159800385241564
0.27423070694424895
0.1361619489760873
0.22225019173479982
0.12656436575283483
0.23033791655985125
0.2632032580387788
0.11128327773966283
0.23336182593357552
0.19015722250330042
0.2757256798367956
0.1815487277154229
0.21236418154089234
0.1937906318577625
0.19293729835539813
0.230516339739498
0.15041734428517295
0.1503114102328901
0.1916351513077641
0.1869914020276303
0.1301813546134883
0.18002652431698157
0.1996427301748076
0.16271988191874268
0.11771819418208768
0.13089749528571748
0.23772856220568006
0.24315329696941573
0.20725514031747164
0.20895873562815415
0.21571912158818526
0.23349825634878907
0.14796075185766866
0.12977943118130325
0.28628218481651935
0.19066989858935476
0.18738124026678976
0.2069290714200868
0.198514901637977
0.20446085520802795
0.2086769945752893
0.2660968403960653
0.17704954040183463
0.26033395184327696
0.18343494364569632
0.18512993730936944
0.1693690411010281
0.29694590202666477
0.18199132914239052
0.17229871050171386
0.2203328375869055
0.19856980464125448
0.216213401484592
0.3059045068914041
0.29794297774487044
0.1665402095481647
0.17671978897025484
0.14613945079220386
0.1725958581791649
0.2830885844966437
0.16377902455684942
0.22902065989540102
0.1950450739537612
0.20084704772565526
0.3155906260438589
0.16604761087543599
0.17809496007319442
0.28556165458137234
0.11070667414139312
0.18368334530562586
0.23940101490739424
0.274008141087775
0.24627709009308693
0.18120233484684187
0.06539756082920928
0.2005583438950397
0.21417862091637624
0.2474168622459908
0.16672675356527317
0.185012705611966
0.18513063504839744
0.26007755335373084
0.16947811120867762
0.14282579175684554
0.2134256019228424
0.17888029580325857
0.276406747787598
0.23936894985013943
0.1674168033128882
0.27227943107603175
0.2476237017433911
0.198326467031124
0.21629902181836724
0.1442067309136927
0.12422522252518546
0.1595719028469162
0.22031413804958883
0.2058153653597341
0.19786521739045543
0.2201508291280439
0.1977264119880228
0.21462005192749412
0.24181130554804103
0.22998124619423635
0.2513080743627376
0.19449240095695747
0.21313297540834172
0.1702137965528974
0.16305695351858926
0.1541374768883555
0.22660764282318185
0.21676564523187578
0.18953667729378135
0.18112938879547436
0.21218182976080188
0.1428631616423745
0.11619645457195138
0.18471756983143445
0.15268699440694367
0.1489905851514556
0.19040566655829616
0.2050036476255782
0.1973887788130836
0.2612284585315713
0.23827790732610493
0.16567147028684565
0.12717583576782368
0.25968959417663506
0.17875768508394835
0.21300550772298935
0.2248701926967285
0.2032209329814008
0.2234132416839096
0.06729173198064373
0.1777952743628443
0.22435793185234465
0.22772545463045674
0.15436054865969726
0.20753726692692798
0.23774927022662812
0.13660829217732343
0.21405117843624766
0.285358826927051
0.10999539069415211
0.22763847392772074
0.2095442853372994
0.2051891082124211
0.18039426175019938
0.2513464079965419
0.21579920106673167
0.2566072504735915
0.2266827896867869
0.27193516518641003
0.21857768293078766
0.16884375747422561
0.18575462520529823
0.27691568770091585
0.18861127288148877
0.2598418160739702
0.18933063898225985
0.25146259704637397
0.185259579149756
0.297446960301564
0.26234994765444275
0.19036297382189113
0.18487451742237912
0.27729771357626476
0.1837384535588586
0.1683274902069594
0.1939265497881808
0.13949372189841797
0.21991374183749074
0.15367017638864375
0.2623029521925215
0.1900451136766258
0.2164763240366515
0.23724321458555364
0.10043784770575502
0.31583464584101817
0.22442314831363036
0.2584817456382833
0.22995843694318263
0.20052957961804524
0.19378154819628962
0.17750979570688732
0.1979293090652014
0.16908948112874453
0.1369108456044006
0.10971938633145012
0.2742869206894897
0.24074586421308572
0.16613223459960635
0.17590799155752618
0.22985359375652503
0.21074608641186057
0.20028342913346803
0.24000602624082934
0.15671256313802015
0.190028020714716
0.25085721119500065
0.024349893513350734
0.20444397357815172
0.15898305636036464
0.269207218161367
0.18827213016474198
0.21969432210094153
0.17329259192888657
0.2272462479600872
0.24984718574095235
0.2821939289136203
0.1693367073807199
0.23261137763588816
0.18955914854496608
0.20058118545619474
0.21933284829645236
0.18467281822041656
0.25148217650610744
0.237244534496347
0.21313557864351534
0.1789327162843678
0.16018672356211672
0.2071088212701713
0.20174889229941578
0.16233912257552557
0.20903982892548617
0.2382152522078653
0.288634476873954
0.21574672926529648
0.24663929093819742
0.12055913505319045
0.21931011743529322
0.1321761658125291
0.2919685494271882
0.2207349133764997
0.2785407673035128
0.08187019469911494
0.240380030457404
0.11598910161814058
0.2665859705484885
0.155464348699146
0.14185065032184832
0.22164017994175905
0.07733817019381405
0.24731716419703698
0.17575492659003625
0.21849317551721043
0.23046411716712334
0.26269728495111516
0.18281976183347376
0.19902270397187743
0.1324751376394259
0.22052462784066962
0.20227108990179046
0.20167841159048427
0.31063435633299563
0.16198289631947588
0.2324950570489777
0.18199261466475636
0.14700477562599545
0.14488230231650376
0.21294016071111402
0.20585345254715312
0.22342051933973375
0.14511225253844437
0.2263725086348178
0.24710761014463178
0.17023326741942313
0.21979654930665068
0.246117599119682
0.13289785860879755
0.2502769275428022
0.186258601144717
0.23807311819234514
0.21052303899309505
0.2217590299459829
0.1928758554750081
0.12105503335802377
0.2739858844260149
0.20386618862146041
0.22426055399642866
0.3289649136181084
0.2125235612573812
0.15507707052256003
0.14068030397874187
0.2350643412115035
0.15832404871462707
0.23037935230291648
0.18607981309615085
0.1459208799726843
0.16130760418233228
0.12524313482242483
0.21058613870333331
0.19008080251848566
0.24320214435201984
0.19772290594787603
0.16669581498742803
0.19703677842205417
0.14675157560279542
0.10165535900614087
0.1494664024296621
0.1422240507079066
0.2547979840932561
0.1924896831603609
0.29111162893796555
0.20334029381508167
0.21486549995584833
0.13384974425317908
0.1922411823331417
0.223333820984314
0.13552663885668337
0.2571066569074352
0.16971312620327855
0.2287927471959732
0.1784975582598525
0.21693667990488358
0.23533179107944974
0.10258764175357721
0.2267994368412867
0.1719410908377871
0.11713882520848962
0.14655637242696334
0.18720904689194665
0.1300164430099474
0.2657948172092358
0.1454829024405666
0.1801673364111166
0.18585240168841177
0.26245087944244866
0.25114796509756354
0.16427932894560535
0.22424136547095733
0.2322281229152265
0.1652733659944151
0.2560053717684338
0.18682383543083153
0.2087751154559559
0.14884453865352792
0.24032901200899048
0.17929173930400377
0.18037212863489782
0.21941521310806683
0.18535702327700077
0.13474968664112708
0.22992768434046398
0.12737830431235525
0.2733392614842458
0.1729623601503604
0.1502731195043195
0.16978551520062007
0.23534805490752067
0.27136916780185183
0.12466747771520433
0.19281412628077252
0.1598032770504054
0.18051211284531812
0.12364992330094708
0.11491665549651361
0.2394643151881124
0.255533802019997
0.22275899021355114
0.23395265049593866
0.1769878477957077
0.23537114250915636
0.25109803674850245
0.17311345668519246
0.19098893627571345
0.263718891012953
0.20947778021476726
0.2341953453105842
0.23441391135745193
0.2353703414727341
0.1695181404907739
0.2367684084487009
0.19965150398855216
0.2272143613591141
0.1995762542106854
0.1603293835769424
0.21543330964775065
0.25672806837266415
0.10861292283808854
0.196739282102715
0.2515719085443318
0.19556869709641242
0.1812416374657797
0.19483714111603626
0.23163411703334813
0.2806582363631658
0.300321606574548
0.13613679015565622
0.21161152791161672
0.1284885301140707
0.16201350231863645
0.17855978708414105
0.14328915237013368
0.18791038140561772
0.1984789545814669
0.19022771733381105
0.15456506518772317
0.18917090454191124
0.15053918598667376
0.27360355943062653
0.21407850209766097
0.20733085855676367
0.24063424267659028
0.1985681718946811
0.2669032784653105
0.15502460038958155
0.13951166394224357
0.2054942767907698
0.27551147633940576
0.26230242973520435
0.20512676457255483
0.21845724065724453
0.15817721958943975
0.22160467473611006
0.17803525637406534
0.22672079707172477
0.08285056546887284
0.13702767268828747
0.1972640269639343
0.27603944362795635
0.27962766813041784
0.21930949865839594
0.19701445018403377
0.14259536071405388
0.2228191692280525
0.1480733882351702
0.2607843023563348
0.19238154436436514
0.0879187483228511
0.1358999002141228
0.20208756705531544
0.19726710218739865
0.2334312360224137
0.2397795068021747
0.31844997270125075
0.23010385284637058
0.23378384432396415
0.1750516450360377
0.1463685312290412
0.21567113212292155
0.14557734281806645
0.21981702498631164
0.2068442622963953
0.2174750996109
0.15847547656055644
0.1844688497599875
0.15180986000278257
0.1867279668122337
0.1873292263641167
0.21064585429053218
0.1576016348898276
0.24849880591594825
0.1657035084002981
0.2214933199414294
0.23352389338939886
0.16598353926915932
0.18632739101630763
0.16375299530774912
0.13217944208096638
0.22993270507310543
0.23933527541175262
0.2098815169017671
0.20312900022528135
0.2111919279565934
0.28067579138669574
0.1800289426575701
0.14535120154853548
0.0771181528641455
0.21680814404628332
0.2649696779423386
0.2078707934461859
0.2193163248810821
0.26215319839187823
0.3257879188733678
0.1509906382007278
0.21722064587549547
0.19692383318040263
0.17725227609153865
0.23376365100049612
0.12051321317014387
0.17924215230804524
0.25393937789328985
0.17411063712137845
0.09839727287512381
0.24839973193578874
0.16481788527509658
0.09923573640117044
0.22700165582176673
0.22632087231914877
0.20634211269253852
0.19648174077501177
0.22404478661119703
0.25583613380639103
0.2172180472280023
0.22003467092216517
0.20919965872205212
0.17715474698890582
0.15403695955763377
0.17585803387538515
0.24231725212116623
0.14937610867104426
0.11991875334565354
0.16279431370893294
0.20995612506634037
0.16398522472277458
0.1852798286750988
0.13440808316169978
0.21820167867388826
0.18372810146890142
0.23078420295946148
0.16034032330056636
0.2248759699838196
0.2755000817723657
0.1958636925964144
0.22206103265780575
0.14778589897566588
0.27470648017590943
0.2318532085381013
0.20606028775856938
0.15390576546210638
0.15954605880051406
0.10735776958547714
0.22762457008291925
0.19544526645277277
0.3014560367462132
0.11650920664324504
0.22576262217786944
0.16287510534231325
0.2468517119138659
0.21844456694872572
0.16035062172216688
0.1632063346053309
0.2175506500956793
0.21761603081503783
0.3409662560783012
0.12238629439442665
0.15750481654766924
0.20131364454005773
0.19723267687596013
0.15640981274548532
0.17723682598159265
0.2084942051157654
0.14147143215909097
0.209624316636206
0.292752690116785
0.0723831563663456
0.16944142475853774
0.22709869737253424
0.21343231889747252
0.20931940565326532
0.18757909387386773
0.22681044215060717
0.17968523971042855
0.175259251597486
0.21580022132019097
0.12546347627289603
0.24418435398645694
0.23240270606279673
0.19521905937724665
0.16311038588770327
0.1653219849450488
0.20912039454961895
0.15560469885809597
0.20719797455674022
0.1739580968141113
0.22684533800144913
0.21978399693904613
0.2015384409782338
0.20462477776459628
0.2691956086106868
0.17459463430132888
0.1543900730110821
0.20410058158002078
0.1657357070740893
0.2042069137758816
0.25746991162786315
0.1660969616164543
0.2048527409872187
0.18492218202822056
0.20537038323567836
0.2521886699566723
0.23859737643679135
0.14971164335398032
0.24026001161130262
0.24224832632332738
0.1792038325100235
0.1167185719405456
0.15363254344878322
0.13897614105366093
0.21753944368692
0.22563618592784165
0.1599776895999687
0.24186666444607302
0.2601802401076943
0.23790675410172127
0.28061114268264625
0.18551984235888416
0.06799467893310626
0.18248076977626118
0.20339987578059804
0.19467127603893236
0.15698533930618602
0.3046925022810009
0.18185392819487925
0.2594513921596669
0.2009859464923591
0.1624492676999485
0.18669202892457343
0.22308822454168278
0.14495968498804881
0.16045769595299486
0.21953597360901508
0.08200961612451614
0.2289027799772547
0.23126287063212073
0.2623971141071666
0.15389777858471299
0.1873825867158359
0.30336200462527513
0.2051691624772617
0.1776063183213561
0.16930323343070935
0.1928683217246138
0.20311210652649994
0.16369283091155307
0.1679372134124199
0.25685103979614277
0.17258790352251888
0.11424258117788569
0.19724032898544597
0.14479953386993316
0.23494809643942838
0.20495400569920105
0.2033371803802361
0.2911175259647494
0.21745375031369546
0.2033698861870797
0.21824634176690924
0.20762535543730146
0.22594251465193316
0.1521546952617217
0.16315551417363067
0.1892107039381184
0.10999670978743183
0.2267434059392149
0.15493825684853405
0.18064707354954987
0.26515360883453687
0.17589726455046792
0.22339099348471966
0.21733663527880126
0.07300251257311324
0.15226867021950682
0.21424008955764842
0.23993391671377665
0.20884329534301144
0.12932030082925572
0.21646260754894744
0.16962278392042598
0.18986506371557688
0.20245950957181058
0.19555086467902413
0.1939575226347773
0.1794157671198577
0.2073694107342334
0.2867268097072866
0.3499363085983083
0.20758978226525185
0.14876544496286975
0.19504838581589262
0.22703923037371784
0.16527703926237797
0.24282262585389633
0.21122124446952903
0.13075764059827172
0.22740824554300623
0.18274941892719704
0.12641065212057184
0.1167243083846426
0.14882903014472798
0.10734486642423087
0.19738184223549965
0.2306691253229245
0.21015573046247654
0.17626965026286373
0.12532869637709265
0.1738732085958209
0.18507540615629203
0.2138468128195684
0.2235306803434291
0.30440204246500385
0.16615570325770007
0.0859748998534541
0.11773851746397027
0.21289222165962574
0.16864260560382624
0.16793007040281646
0.12358797684557943
0.1074490658079041
0.1959614498742158
0.23271740423254017
0.2291423612047213
0.2241014547193503
0.2741230204752736
0.14524937188288536
0.23457965075134468
0.20534315772085057
0.20152432452882987
0.1164095995014716
0.2516991125074264
0.32285835971031623
0.16446558140984283
0.26690053462464014
0.1984458324856994
0.21954928323610723
0.24939560838771238
0.2809575046652619
0.13615552252544788
0.16094206453826915
0.11126110679171482
0.20819655875255116
0.25533943218795513
0.1573600684669194
0.1126621047282842
0.16843218324478398
0.1743075491878539
0.2534184527223065
0.18865583339777905
0.237038405446773
0.21472728057964965
0.20551726335930287
0.19707642171203701
0.15218377672684907
0.2095463410795313
0.13314559711467416
0.1780911972461218
0.18843917901863666
0.15974334900088932
0.16352747083464172
0.17850005286894957
0.23377961662805402
0.181802803941686
0.16108045715763974
0.22239378722130798
0.272647068778157
0.17295628861307322
0.1448377291775324
0.20221253344117457
0.22082969170197808
0.28200165053848253
0.16881388806705758
0.21232669707833585
0.23088083971634393
0.254526944668963
0.2797561524570938
0.09571875853099386
0.25093008304492403
0.20965644991764917
0.18737503522021282
0.17954318432310107
0.14467528345159578
0.22733553319669483
0.1674346996165179
0.18341545564513692
0.26087959448736786
0.24691952701132247
0.2837299524485878
0.23685395651813126
0.22952628262860042
0.1661555358229761
0.2694821013809081
0.24099015419520847
0.15744483250474978
0.16827307968196595
0.27557842621732104
0.33529898491903715
0.16782837152596902
0.16752393068100133
0.19118173163311084
0.2231938150743974
0.24465263274815005
0.21114180908197733
0.237674463848746
0.28078966246495174
0.22757568808900774
0.2322418619957567
0.0829599977055497
0.14968634171018388
0.20839475227037255
0.1361661308559109
0.235225547202444
0.21559414097492186
0.12090133626156879
0.08701739595005359
0.21972691433960773
0.20329991582057827
0.17680740577639562
0.2521384414465069
0.18955274829156446
0.2268354029913752
0.16290188496282426
0.14976909280626288
0.16269592846119785
0.2888354248653812
0.2064757987039127
0.28948222720636163
0.22293424564538883
0.09126353005305482
0.15058133512783017
0.14979237179386531
0.2285225038389383
0.25787577442303866
0.11675937834308783
0.278776310195168
0.24077654176502003
0.29485597968646227
0.2096274688579112
0.17356577492804431
0.18104578759236695
0.2484167482476885
0.23977697775032514
0.17180072791305867
0.2128539731123389
0.16094027816985942
0.1688836977463149
0.24782563324930978
0.2272565740249053
0.23460535212388717
0.1721106682050905
0.19068910580998893
0.1848178149634086
0.29269564829483047
0.17219276702969957
0.17805133226835396
0.19370768467752122
0.14374229411639478
0.19025301426106753
0.18403927008480375
0.26091333436619896
0.12088725519716723
0.2227932903510022
0.1029382926602845
0.24170240206008997
0.1329077285576929
0.13881760891136719
0.20157852863729
0.26668068238669956
0.2569667602386746
0.2163095809570661
0.11582886892412136
0.178507139927125
0.25868659455802445
0.19934100651957506
0.10449991834723435
0.19735151986233046
0.16112000042893052
0.252366621372681
0.24513969111124767
0.3124612735199578
0.1380803053284567
0.12984533367466014
0.16028390293204875
0.21302052988230025
0.19583645932232036
0.14084087177716317
0.22679165500920392
0.2495801308652449
0.15695441730458576
0.17928558149443027
0.23289445985401458
0.2681775766004151
0.2428515247999367
0.1943265351343951
0.19056124069630487
0.20963518128882613
0.15837146015838463
0.2129186419935527
0.22782739986299994
0.22563166852755426
0.24003943686607718
0.25194498614505034
0.26116721301971985
0.21787000357475975
0.20045802615666425
0.25250125081192515
0.19932558171041037
0.27025859427672316
0.1870564506472866
0.13068255751247815
0.11688222371663225
0.1865914463574911
0.25653672920640175
0.1630978478788431
0.1542012972106217
0.2655189388683249
0.21694166481486474
0.25860277934258374
0.20551817462217795
0.1921281884332281
0.2157211593820132
0.1855632595518253
0.21282466984411647
0.22302579508982462
0.2509174291423869
0.19096883219209312
0.21735987924404032
0.1836896562494678
0.34923633595659653
0.1767941667358831
0.26079243081963127
0.17918883614744519
0.16180204510926843
0.20368578928909153
0.2182391504110462
0.18265059938588027
0.15407178635436936
0.14272499027799182
0.21724410311955936
0.22655674964379588
0.21789608264331392
0.23582291548040674
0.16864069136567222
0.1998867226096771
0.1930831750597494
0.15790174122439038
0.20340235732440998
0.13904629245127342
0.20611171863455302
0.1731350042756416
0.08269208384060858
0.13935279371090492
0.1265728355437167
0.1894868021639885
0.16547395461595032
0.15078383178786406
0.29825676831224524
0.23700302515597363
0.18121500598059795
0.2764436853995583
0.26015827426351557
0.25626704212573576
0.20621693936061156
0.2574144606815313
0.1548287380023888
0.2245506500323405
0.2200133927849463
0.20163161249895326
0.1411125519345171
0.15884430890749102
0.21356864073777776
0.25183824228332663
0.12425660693848316
0.27043813864052174
0.2851201823056535
0.1981537725154209
0.17134899423988564
0.24834435665564406
0.24776559469478276
0.2790239800474792
0.1643666372898725
0.2688827963674019
0.2428839333599016
0.20678844800738944
0.2997844252825034
0.20747856414747784
0.18061816437272235
0.29715506467115665
0.1528788870728706
0.21343631217455364
0.17635728354993013
0.15595311674004253
0.2506423607246988
0.27467639608914135
0.08727729583168614
0.20603546301136583
0.1844392203601111
0.18743055199735686
0.23855254873806297
0.30020508610168206
0.19624968249849872
0.2402869731245639
0.11262219590039288
0.17768462837942242
0.1324648644538393
0.16928635536332204
0.1716255573988671
0.09595252583936481
0.28445345625722007
0.260766661310608
0.17771338141389142
0.25975404836894556
0.22636430231161986
0.15910125896578847
0.19677366802786111
0.26671026763160566
0.13694734988464846
0.15803098286893155
0.2402826865183394
0.11610057848386146
0.21950591115827647
0.11689658595810018
0.20765401927490415
0.09942354376870229
0.16342831094429122
0.12496681071775939
0.12564583519278694
0.1928213859422648
0.17487567113496064
0.23427422577678156
0.10640689108533936
0.2271004835802394
0.10728300439346455
0.08939201192124409
0.18089302523584302
0.19620029503714412
0.24930127497337823
0.1465796843848641
0.21628326863278932
0.31617605970580365
0.16776516522969484
0.1679604114582487
0.16956886762722825
0.21941243138701147
0.23512936963445183
0.28025806162355343
0.23424303470595764
0.21017245088360417
0.23425321501795526
0.20227800943524046
0.22028048850022627
0.24069872365732925
0.14062313239333796
0.21361979965959016
0.25446754326405535
0.16900964775928434
0.2662608100137829
0.16376129660407532
0.20748439119536008
0.3138668318175082
0.22214921052145964
0.15536206906609668
0.20511507809761076
0.16236689273164256
0.1717881658217332
0.17774589201178104
0.25753461325394744
0.23501057977426926
0.1693527859682377
0.20962434514702963
0.2344106700239117
0.22684956663951886
0.26506902946638644
0.2068675830349811
0.08790904817013932
0.13583206252144328
0.20013190390735155
0.19318854948669528
0.24168475341510248
0.16593370469942398
0.21429214440588246
0.18376481546266424
0.2511814169959042
0.25372873751855285
0.21759905063265333
0.19193064704368112
0.2070600569163981
0.22050485492037467
0.18584816964717069
0.22089506837384684
0.1675659169867261
0.1282440345639945
0.23461766155991437
0.20677700827604667
0.1500711585487569
0.28947808912810624
0.23343785656499705
0.13937441705867495
0.18744574910949138
0.21517247654604255
0.14191696800854092
0.2035362427952685
0.274762429595303
0.23677240500728086
0.17030882833255206
0.17242043589151035
0.24991697204172483
0.21681303619007586
0.2545825832213402
0.20620545863233258
0.1992771694196458
0.13032708827625866
0.2801586381978129
0.16286592858271906
0.2068111381395197
0.29259031031581145
0.24615339505613998
0.16585184010374865
0.24162268772589748
0.16111670575356804
0.16766936071190944
0.19779149445553626
0.19602721180010996
0.18881876120278812
0.22184891804753804
0.1876331181539781
0.16248204660604534
0.19600823531978642
0.22892996579312175
0.21635537525967363
0.27952365164369664
0.1513829222733349
0.16253711621648403
0.1595051916913827
0.13399549095366353
0.2926166450834703
0.17532614448102937
0.24285999918327106
0.19547248475734097
0.2174215098435103
0.25785094432518374
0.12197245767755086
0.20880503954800508
0.3179629430772001
0.256890596188599
0.1153091867960167
0.18989637186303757
0.1917257791672416
0.1864536750203136
0.11117313262661528
0.16618535056136197
0.20967062813709883
0.18380485417691805
0.15428072174047683
0.24879364419077288
0.2055612236333135
0.13270999892209417
0.20485012311850267
0.21074973830540125
0.2403364016096381
0.13948110238317643
0.23369518189330685
0.18710868886436993
0.22733371587710727
0.2001181594213757
0.0874385660676934
0.21078398966838074
0.17473025435046477
0.1750018213801781
0.1207979060662374
0.1941223052042443
0.18362732442943105
0.2595719315111953
0.13773024634461245
0.23570765252454268
0.18877940748821403
0.32707237985488635
0.09390101768350852
0.19580365867948996
0.18335784901420366
0.19596841328863127
0.1894902460554626
0.10963059782530811
0.14202363878056926
0.17455029650582196
0.1902691610524062
0.29288140791230405
0.21593136370438576
0.2574841375703838
0.14805663404764802
0.23867822186874502
0.13531442720768908
0.1452253304558484
0.23387272379006885
0.07425402173695733
0.11325487680596756
0.183625346065044
0.1991292237867251
0.2594644019548482
0.22065327653703984
0.15321527086555714
0.18037405011521732
0.2211550319021356
0.16087971089648545
0.2694060368601623
0.10673572783972862
0.20860616236082954
0.24859589515536953
0.23089050146545131
0.2705763910003701
0.12034434408472315
0.23173454839039154
0.1066797827954693
0.21712068258869316
0.1730814369298828
0.229107212816371
0.23029524390468362
0.1468316758711645
0.18800680539676065
0.1097178725378895
0.2554906616756007
0.1925319741446353
0.18964039725137355
0.25385587312691815
0.18756156571449667
0.2057109880036455
0.1969444169464791
0.1607724863514852
0.24255473738715133
0.3249304027454646
0.10107997769449295
0.28339754590812366
0.16159579633781684
0.20184127065853547
0.3049188092892788
0.2700056754144948
0.1983177660234838
0.09411349661013922
0.2697225086844797
0.11127803126211261
0.20482208460309115
0.14199371909152708
0.11243206225041631
0.13702383598525575
0.11061126331018475
0.20073252259995408
0.17684815688251804
0.2787518048685055
0.2002659167815401
0.2435238847587888
0.288184439451223
0.17506384265531108
0.2502999503727909
0.2629957460753725
0.18959069427650171
0.15623561842842207
0.23310392396980215
0.20644020250812412
0.2332972804401774
0.10295245129604752
0.30184968770861687
0.21959765716065038
0.18532642321797943
0.2680321320196879
0.1513453802078371
0.22107437001800798
0.1573609842209516
0.27663380670912585
0.24697541476246446
0.20109195498953492
0.16330856129115096
0.16403543967207349
0.2598352811537453
0.09458976640458541
0.1067858188092615
0.3569676138867494
0.24870696147337243
0.16069816564582842
0.16874991869263944
0.2101848337487085
0.1517100212108142
0.16119926400431725
0.08002952175876457
0.1800723779197051
0.18055794078599297
0.13935884912308621
0.23566838315522642
0.19615128769146284
0.23950331338904932
0.19047273413668364
0.16329259255027376
0.1464028984841932
0.24233114664789815
0.08164990535640888
0.2137592481718942
0.09933073653994229
0.19356318148558443
0.19770911643600708
0.19029340921350893
0.17383483136900602
0.196332685695136
0.1684953124232711
0.1269000624456036
0.2118811337674249
0.20019118566794686
0.08881565122445
0.10364985701337882
0.23803635145994068
0.1958585348050398
0.1844802742801378
0.11514492533626294
0.1510427594486764
0.1946168319687379
0.10462595052569962
0.22993818555037202
0.21602108378298793
0.1554468093686316
0.2115657254002836
0.2099209176698512
0.1571485493563165
0.17215077059850145
0.20231566594320977
0.17846612069425025
0.20871108782146483
0.20741614676415596
0.2178567907222158
0.1483845085079815
0.20725694371706066
0.28391462423568387
0.19241482979592825
0.2907646537891997
0.1981577512004638
0.1350349438561552
0.17842689887899182
0.1406550225775086
0.14892468663273287
0.18671553009783018
0.08448139329390054
0.2373203636537561
0.18120806089757757
0.1293694491746007
0.19449790857260726
0.14746892601104686
0.1492059697445648
0.14528183297186475
0.16974447666148937
0.20162048673427266
0.2301211148718686
0.14039971335791607
0.21293227396160158
0.18873242800815565
0.16858993101234254
0.1597830617208829
0.2657850381107143
0.18825690716254076
0.11357272856411013
0.15998217302736756
0.17486245267017875
0.16483635183441978
0.16067608345684828
0.20772413417254948
0.23874203971626234
0.19676160284923117
0.1560239061828048
0.1974980093497523
0.2266267257729255
0.33922073672496195
0.17825927210653214
0.1841398158976444
0.050484607022404676
0.11577250144580815
0.1923884504597644
0.2052010875073743
0.3099036300745936
0.22684414604170078
0.1585543438579296
0.21277600389756893
0.17244688617772125
0.2760542031854811
0.22254529665893527
0.16131947303223626
0.2954644906065122
0.20499699250282358
0.21599362617523282
0.22546167030041314
0.23198765720358167
0.12036774968265901
0.20757257257774947
0.1573691137063205
0.2552719256708257
0.1774529720724572
0.16094218104996083
0.21817612711676906
0.1906428347294226
0.16502405090560085
0.25126263452602365
0.20413166992335846
0.2752591604606158
0.17624292903428376
0.19090552335475391
0.17428132320663864
0.23773002774448965
0.1273675978777039
0.24896651448041543
0.19985290194665348
0.2240034873377431
0.2673842736874401
0.26373843325287327
0.16863299681078153
0.13163660447163136
0.19914064635153317
0.1653692548753155
0.1373841879752768
0.17414662544291443
0.2545417634118683
0.12393863620422665
0.1960770862996553
0.21733058450242604
0.22802783518473846
0.3036165430103838
0.04743796251884616
0.15873349809647602
0.2263100555647661
0.10697206035860869
0.22235900163743028
0.16230450226021514
0.22743865479245645
0.20889024399598846
0.2055734747888348
0.12046717342079775
0.3121315103627251
0.1858676040647452
0.22063131927883745
0.2139659694788474
0.2575768276553887
0.15376546659108645
0.18974234408037347
0.15775152523974156
0.15674375723117864
0.2049125454055207
0.06927710453333247
0.19898290918204634
0.16154056330064903
0.18436429173074623
0.27480336223064683
0.2128162160123485
0.1748915052726982
0.2807870154221522
0.28358734389890033
0.3018224348522003
0.21028873159213424
0.15548297204000844
0.06839433325619612
0.15130637814375947
0.23243732038060622
0.12829006222289868
0.2648393394562493
0.15804990413710546
0.19642963155670423
0.2268327686073725
0.21632265731733333
0.2282115518935413
0.17949622417728775
0.16733208381986503
0.2652897123153026
0.2183689206773749
0.1958880157028655
0.256390414437764
0.25269148010172254
0.1928434931146983
0.23476072272248288
0.1635743906939601
0.20901965572897374
0.1449132365213427
0.17872452465691274
0.2530263270457438
0.18649100299967608
0.12954450177115184
0.15166863010088066
0.2422019721244898
0.1859121436912353
0.17322922173413788
0.16598831980999462
0.20859728735124636
0.20153079203156782
0.17722403244515464
0.2346026893607095
0.1932305959424222
0.23038915684194924
0.10235223072937055
0.1756669316995704
0.22867287896741142
0.2004428000323639
0.18982234221882555
0.2291125502252998
0.19533405103796195
0.1970002229645349
0.24338719878210185
0.24356307291120816
0.1545300540010764
0.23104574882614232
0.1604540554654433
0.17631468561600327
0.11000776146559797
0.19653132283105798
0.26659622189210996
0.17065758175695067
0.1870672457898277
0.20578461236586051
0.2099114435236835
0.2103813885161471
0.24316949926843723
0.15086936756364744
0.3410265151900526
0.2201886175808177
0.17962138283184373
0.22868184217792126
0.18921259869698615
0.20780834125327477
0.09699979121734648
0.24604768070024474
0.16712101169141874
0.23070401714756805
0.25997931742358926
0.10411647779948284
0.19304093517450646
0.24220285693781624
0.2006801879273603
0.09826592421887602
0.1799575819829863
0.19658285456234081
0.17646914780306644
0.159607451822316
0.14564681515823008
0.23395098184819796
0.15537185459250324
0.0966091476448938
0.198726833889642
0.21302895302206803
0.21310091267429795
0.192354117818328
0.25804670014823283
0.1262463333651349
0.20830327412308702
0.21106092230370682
0.2381697930431384
0.12056730799808531
0.19821319593921077
0.2834889441755712
0.16753115140951888
0.24264911262516745
0.1518872755859281
0.2812040360220717
0.16836305613887054
0.1691804789019134
0.16953208712842266
0.13504851321273065
0.16471103124110054
0.20788856479410434
0.21528904039173294
0.23431409130274058
0.2857387285492701
0.1033828367511177
0.07710447703880319
0.17738323612042295
0.23735117793397406
0.2531921266715452
0.21472391781139583
0.12431330319098517
0.20198934792420045
0.2552204433206139
0.14446828627041336
0.1504425096850548
0.19369311753823965
0.23179618866266827
0.1431251678768261
0.24953565575180803
0.13588960630570357
0.239723799816155
0.2584237874008679
0.15731461503601718
0.18887425172355496
0.17819901605915414
0.15680737739947448
0.25247031410303056
0.22919799505536245
0.19625906143787222
0.2166575620927291
0.1725958144763237
0.20662173714230814
0.26558560060938674
0.17417235682878984
0.14428255048961414
0.164365849501877
0.1805045496690553
0.18256352159600386
0.23847813932465847
0.19541921708061652
0.20467865779664016
0.22337776416758648
0.15990780241702957
0.18330586435615656
0.28222933101824976
0.15574117816354968
0.07259774614611814
0.15404447915870023
0.2061228605544098
0.20957737421230221
0.1279532549503145
0.21935238520849656
0.14626479229724432
0.10144983131007781
0.16890698464549495
0.1696038412216121
0.21290220174083027
0.15835335680517196
0.22118414254095473
0.25892649031573095
0.1727893446312429
0.23927516061690515
0.2187396517020842
0.20824241452641234
0.2655942825403032
0.2144668003750687
0.1828563964222456
0.1365458995758877
0.28943283942838316
0.16807150274697505
0.15986606869953032
0.24143438453029886
0.2509738032436212
0.18029159064124928
0.2780077882685409
0.12107584908655372
0.2508922774449074
0.1403937672486954
0.15916475205786815
0.2863838534964402
0.21712919944783443
0.26688694336485447
0.23013834470581485
0.24670232472729345
0.17987367903997054
0.2392208267141343
0.20184155279568222
0.2524549063396472
0.2512458866756988
0.17963131985863426
0.16276154624163028
0.19569226825492295
0.20002205666101014
0.2732266645581626
0.16891980319245453
0.15287519231963442
0.15722763505519502
0.21751420490551748
0.21031128360687246
0.2115532156680514
0.13221371057580103
0.25187037380889005
0.23992603977348448
0.25235754367777274
0.2612681193521327
0.1897375532663786
0.20227276088526605
0.11001998089765348
0.19409807837209953
0.33670170423389156
0.18847197858087783
0.28792975151833766
0.13228264097425713
0.20211645209803597
0.07616086094104485
0.17722855926910558
0.1795151090490758
0.19676210423878904
0.18157653729245737
0.18295617927918018
0.18798869983449948
0.189026106025438
0.22225123876854622
0.15012122872935085
0.16822418180415868
0.24467343258335617
0.10466275256426251
0.20055715491521806
0.2790212764182302
0.10786125293945954
0.1684360417553949
0.17981262346947982
0.1947833194564513
0.178582525696598
0.25697459332383044
0.22685035183958113
0.20718209801865675
0.2791553311358671
0.19410240654761804
0.14934845049461212
0.0853442389528134
0.226547640724343
0.22021627225770007
0.2037575444161735
0.2961704990706414
0.09589351780952438
0.27157983309173755
0.16460435904431542
0.16159790034206037
0.17117121519255993
0.2165463978086604
0.14853191132208937
0.2542793119264452
0.25704416451684253
0.2738846697118706
0.20020058121981482
0.10307194653303968
0.18511424366744006
0.24808570051586573
0.16071966897525733
0.20124243316653995
0.22993657817422095
0.3010490479603695
0.15521420129420485
0.17817288220408747
0.1890971255689773
0.24959743022310282
0.13187003429014227
0.23677051196852714
0.16242016949568602
0.1947654477243368
0.18164521623658306
0.12609715618080453
0.17705359550273186
0.24153491975731958
0.24736322024869367
0.1722812454925246
0.21673441526204817
0.15015724422768711
0.2768679101694647
0.2006088866897191
0.31834722450155584
0.1994514236635809
0.19371598197325676
0.19651357129821442
0.1941701728597486
0.22322948633662626
0.25011399624201147
0.2221631841071766
0.1831834536399678
0.17253647624200658
0.2544796082666929
0.17889426192929977
0.1720450508960819
0.11959667363535142
0.19004474929734333
0.15624046436436959
0.19383681204462477
0.17318665026748525
0.14099285829896402
0.164514614228712
0.25639373341959665
0.238545660497338
0.19070177719124382
0.19694564690169927
0.19161809248879702
0.14461189705072425
0.16908213910209746
0.2238408657861553
0.15797923667520677
0.16642368201634433
0.20899897825569988
0.16596861795326112
0.20070743244036718
0.27140056637892535
0.187604407044051
0.1980371098113736
0.17980669868574334
0.12737086602566078
0.21145302088828483
0.1553397360534706
0.17707426010874272
0.1596594103048493
0.21120628899354318
0.17792975814878
0.17268647289211228
0.20597760033216245
0.26667559871424085
0.20995340270537874
0.1490649118796155
0.2753829139412985
0.2515268960506443
0.20849533822289545
0.2297488699072411
0.07697981096607308
0.20356061186122046
0.1489999998869114
0.20866042220259085
0.22142217915363172
0.16385375687475612
0.19802635676165356
0.2888121549752809
0.2375501369226097
0.23725725237381856
0.15447848424575572
0.27209551467915005
0.19722057022671033
0.19854153323558546
0.2516347532128633
0.2827230355819137
0.158865051062961
0.217164538310265
0.18019118910924098
0.11872117478474808
0.29498982344670177
0.27614287695407264
0.14373453148417442
0.23310828338003675
0.14484209230370812
0.17907878379652012
0.2592646384531846
0.21196616836309842
0.2244249603636069
0.21472788265168163
0.23535211259689498
0.2174186551141285
0.2305180240552339
0.21809940281024864
0.23913370441239648
0.27426681610243075
0.17004335854608482
0.18384449739363337
0.2592317379088694
0.16919373661070813
0.17740830452020062
0.14677410574630886
0.268351985315485
0.2614773746166006
0.23553027582255154
0.19381594052781817
0.20855462211195253
0.08769329809162073
0.14900697088748097
0.26298328510480434
0.12375070388162511
0.1659409729622195
0.19696721138386813
0.19962832553491755
0.17975162495692332
0.1854514626398285
0.22251864115265874
0.19983165764036878
0.13462903629302142
0.2548613652509769
0.20002927348430008
0.18223991333453404
0.1368837367528758
0.17485334307078293
0.2240739312948264
0.1698768558553766
0.1872706549209463
0.1651392661129506
0.15248173175935537
0.21633643904120603
0.18784749343323187
0.2997459277109139
0.09020691801095788
0.19662609726480013
0.19579423984141073
0.16102680575837006
0.22475929311006437
0.27363579041343766
0.19438869706813106
0.1863055174818869
0.13656397502283174
0.22558544641213488
0.21548907217401225
0.18053602605014527
0.23537148256343743
0.17802083336653646
0.0968047409772867
0.2088672359291763
0.18115976422377084
0.17141218410051703
0.2665207486235892
0.18348193331288884
0.23356315651252924
0.20699086983618858
0.11999546571360206
0.2522488424053254
0.1523006658518741
0.19400074213369367
0.31011855211675987
0.177148561508945
0.1887422559458889
0.23045884952467593
0.17544977755725896
0.13915244430335286
0.15472493277706803
0.1976732932423208
0.21022772397440173
0.2526664313005026
0.19157800926023164
0.2185568925001884
0.20417552508720063
0.10925074342090996
0.17403259060820453
0.25051379136006774
0.189070089369478
0.18010329768704203
0.2441497221756562
0.18146001281989702
0.2028191744495448
0.18475808332150523
0.1796668439636781
0.16763650953227133
0.2461802828311188
0.23386259863888786
0.30511296008466293
0.10347008354201377
0.24393473935690888
0.18379149304114564
0.0961655701571218
0.07864652839276876
0.18217996829974403
0.12930681368825814
0.2814305343950718
0.20382314605432958
0.2110836223498328
0.22055092208526214
0.1506561372817427
0.17927898228645572
0.18788539966750156
0.1311913465886573
0.09062574375347901
0.332051887268636
0.22945696921147152
0.2206698671182777
0.1713512968911725
0.18304928255080588
0.21337741615097505
0.20122211023090486
0.16141633215945017
0.22056049536790187
0.2360391365405537
0.14021823137887116
0.16872200984634556
0.2407550779035061
0.19654418531148446
0.12483060833477988
0.31677812008292355
0.23249654398502748
0.22799766805129712
0.13835311673705408
0.31800780019355124
0.22392879635570467
0.19536557106738547
0.2664422187591565
0.2285069486680349
0.20165518352490747
0.2980176749921179
0.29425148559735337
0.22785901135539932
0.2362779772039574
0.21326164318731503
0.09219659186270633
0.3006442256136236
0.19390807061560636
0.1726437498370728
0.21883014115480312
0.1438769007005244
0.22388377152446962
0.2204890159138207
0.16298361081239418
0.23320340261929934
0.18428232601158223
0.19584383444623538
0.2474377935577003
0.2673585611093944
0.09587051167809689
0.19068007048487978
0.15088091846145493
0.221854112111873
0.14715372387397985
0.18518035334197075
0.24130824363435652
0.148135926535785
0.21946346130489836
0.31604259103392635
0.20526005814939907
0.13537705655086482
0.1858979352028176
0.10548711934647147
0.2458490102678695
0.24181267242536847
0.21589073370386722
0.2907530509858246
0.22601005909717933
0.12025260512004385
0.15164915655820432
0.1365224234094688
0.12656471233615274
0.22557861972002421
0.14352002415692003
0.22855819108763348
0.22577102967002197
0.24815119684797138
0.11584230618915364
0.13093506365083424
0.15732267757684557
0.191016738823174
0.25403995093839843
0.18211903554423564
0.19695730303686546
0.22965089701324734
0.19230159487567366
0.18377964934998026
0.20668978621113746
0.1251217333705325
0.1791890577380631
0.20704382376476385
0.24171883765944047
0.13991025378425154
0.18930511085832755
0.24174943759982886
0.14992970013062926
0.17172005790739814
0.3050652047742274
0.26635706653546276
0.2854367021958307
0.2185919011935801
0.20435804580288305
0.32362761596443507
0.20704173773962908
0.3227006032913091
0.1667641102229776
0.11305822136422583
0.10184072722652138
0.18969913057825147
0.1577729581979875
0.19273351464586114
0.21608167077912108
0.22838866602902405
0.2577017925315057
0.20285190685519658
0.24977749876577382
0.2127768162620325
0.16754743076775053
0.22050825907725494
0.1858152600357892
0.29628627756754045
0.19280520053351435
0.2286896038123305
0.208467805227568
0.18329216512161323
0.30966456951444216
0.15671160939225154
0.18507994158328872
0.13239517118221045
0.1996780701184323
0.1584509563629924
0.2252432178022302
0.2468234504866065
0.13420947272356945
0.23082996156011623
0.28968541102678197
0.17777313292672592
0.1444871126201568
0.1610860256384638
0.23578121890898396
0.09128467819311653
0.24306608265082671
0.24148797142121442
0.19933555826744567
0.1299731334758149
0.21816117370974888
0.1728817458198999
0.1822660420427098
0.16321216224496155
0.20176634411545594
0.21911590165521655
0.25430838274319406
0.20265556590087785
0.22295212237190468
0.2228713382642388
0.20739120984520076
0.2565313540804268
0.217593543558702
0.24762208815181863
0.20670955230516277
0.2345028454643011
0.20710923915811053
0.19053920179869238
0.09314826101250778
0.2857187033621294
0.1714151027795149
0.1841229476245369
0.2600032174909419
0.15849864315525392
0.2187463163959638
0.26828039836043177
0.16061321806591838
0.2960181147762315
0.11095419558913039
0.1627766681791348
0.11845916053625205
0.11926939971555822
0.2175265454310615
0.23108480234285889
0.2631189049099735
0.2532926994245068
0.26233059935832576
0.21235076597465036
0.17384009450994803
0.21219781467067692
0.3189728992248151
0.22531497630445171
0.16057097073025195
0.2911557159515019
0.17316094314215427
0.21199363668040877
0.24133494536067662
0.13781858497725985
0.1604592460049586
0.2177243500938164
0.20358921056767829
0.1604385251396917
0.20224646185820044
0.13770461770115083
0.22588013025332088
0.18501032700743616
0.24089582173036073
0.19470306585087072
0.09637352683902543
0.1622779141575976
0.2142054737657904
0.1470185551104226
0.24044735378787613
0.2760470280539606
0.24812025619293107
0.11203322437568225
0.15918871453894823
0.23635926558769194
0.2319219292067092
0.16815344281924707
0.14385384753883992
0.2063800213223066
0.2641791765058238
0.22338473926942604
0.3458650166774674
0.1706890058618295
0.1882825149421605
0.2238294292518657
0.16459675225645093
0.29163008030078447
0.15753733882596604
0.1150989054820137
0.18359265725640483
0.14767854226194344
0.22631649324031958
0.30276241009411287
0.2199729169049717
0.22690757705447817
0.18223831896928203
0.09133074343994413
0.21741801874625605
0.1811797640816889
0.18835521639035369
0.2136742761071583
0.1390119483752539
0.18039714154553854
0.18075163049706308
0.18846630105815448
0.2664171435854298
0.278862095021742
0.2224048436675371
0.190500684243962
0.2149624153028554
0.174802296069822
0.21134364894349048
0.21986987935841243
0.35646912623521676
0.2543159468978947
0.24129274183321814
0.19477862946052754
0.17949806936944238
0.21893986671579788
0.24544518940432508
0.1830546593868575
0.2775128054614117
0.29960647499464865
0.24113328788900643
0.19587118375628929
0.297919439528698
0.20976089043296794
0.22974124861559667
0.24183776075064398
0.21228186197825794
0.22747884566561494
0.15369223685647398
0.12079661951185147
0.17911987122733378
0.1995609622745062
0.2052774070855189
0.1524801377182328
0.25465548371621294
0.20447807201994894
0.22282771937656767
0.22194644927928772
0.07191822035768633
0.217215427807802
0.2529716927315478
0.18575717325323335
0.20798345730326814
0.15112750753367568
0.2081284136958184
0.2543423940701155
0.17862775052028224
0.24958534659029344
0.19777049141418546
0.15059452169751497
0.1761413317753329
0.1820803137400219
0.2034413713257968
0.2726318563686291
0.29827224953274123
0.18173679720926889
0.10898255809395144
0.1885745226566343
0.1684192809742532
0.1957175784995297
0.20702708941905223
0.161715953119243
0.20564261143222473
0.20978764776382713
0.2403625131929438
0.20168776597360683
0.18364458267669512
0.2598624362495251
0.22728711616987518
0.15216959977139866
0.2367869811275214
0.17128388438635372
0.21891074656634557
0.2607904674579715
0.20148846939823117
0.2352540330652498
0.14997744113485764
0.19718118201635818
0.21649871348429153
0.19363063383836568
0.28851092016268426
0.2423092483219494
0.20136177525722693
0.11769447580340463
0.17389360692187678
0.2841534550345398
0.22259628212398563
0.23860880234579873
0.24446338193959566
0.1796707932734916
0.28859716883362546
0.14746162027294596
0.25987796326628554
0.22258563795934216
0.09653354870257164
0.1899055358358667
0.2668129734702813
0.2643013409137898
0.12422148102974447
0.06089384110563556
0.17110986285970023
0.32110356439191234
0.17880930790660773
0.14647289185750917
0.27817816709895987
0.17315082910327073
0.2964984583061124
0.11068751164551174
0.19048111727143413
0.2237091761395333
0.19350118755749457
0.2275055538231445
0.19949798197534616
0.24213925613091894
0.18117383484785818
0.14146481019734064
0.19685974649971072
0.12241587533652751
0.2289271004527716
0.3216247921981692
0.24005301567146262
0.20418264816610726
0.1823191151635202
0.20394855516544272
0.25394069355919097
0.2492183524689252
0.0901615442313505
0.24964268269196407
0.24443835489015808
0.13668791226280197
0.22250318177715284
0.21532747221451579
0.16852782575203828
0.21104797363821765
0.16796555374187844
0.18853638225936886
0.22043363871009009
0.2728945334721292
0.21697795299028078
0.2043204321503671
0.24897627040956846
0.1911983237729015
0.19011912576035997
0.1412317898253861
0.062040491939496095
0.21422610872618203
0.2578457324458604
0.19610521950843213
0.27409184899730904
0.25675696517626856
0.21770460665017152
0.2180721537285747
0.14391602885181917
0.20108810323196377
0.20403949649764044
0.24918729624791425
0.18236477981785612
0.19622275998618452
0.244047988185392
0.19168533347143454
0.2539957903279053
0.20595192663690434
0.23407448026958622
0.2681944809333828
0.11317735306803052
0.2500419811672894
0.08838565916831448
0.23606998827928868
0.1617362327201809
0.20233402312852483
0.23930616214878142
0.16658320272816052
0.2025572842550483
0.1625828375150146
0.2098771112568919
0.16427696189445354
0.18390457153287462
0.2577563106924249
0.2197192878832961
0.21243888177474868
0.2170272745900831
0.19728491694100705
0.14329269899426988
0.29875473059134866
0.24839215052053265
0.21854708907778134
0.2748842523782725
0.24365486233153386
0.2235168040512872
0.19984256794716096
0.21245798344118152
0.15793758176112432
0.17883250075346413
0.264638511511322
0.18710366310330395
0.2718844094566997
0.16450527634133677
0.22839643749066224
0.18207138536074186
0.19625621595433723
0.1930691399993824
0.1383402079552937
0.2143825047293842
0.18500686544749648
0.14662064029591515
0.2516625798967985
0.0862224848101621
0.2739946507748626
0.19411974977543175
0.16398153089561776
0.1995503081514487
0.2697400323794108
0.18089375245221045
0.22197612528503932
0.16022977672556757
0.16528160784811968
0.2624676183069069
0.08359916590084022
0.2050208055153706
0.19068297626745895
0.1110666697800243
0.2507414674441882
0.17869200408018474
0.19063378758748248
0.2120884585340544
0.25740059547991484
0.20310739709957873
0.16724352251899655
0.22084077477275144
0.14513741586705536
0.2874747048815131
0.1508270526227011
0.1932408339980614
0.18500192518068864
0.24491019015717141
0.18398593553118633
0.22413478738017806
0.24893134809047301
0.29289403513328044
0.2768361174750492
0.26412010082876025
0.19818548729119845
0.20539137425174087
0.16280554656813054
0.13548377295810488
0.23473675854452125
0.2475084003306118
0.2660129872003639
0.14388629046816567
0.27824689780044487
0.2405502049146008
0.23466233338398426
0.2186819712502574
0.1560678287002492
0.23259775737861152
0.14884241121655176
0.17007541935806844
0.2959467891191253
0.09935398584658804
0.26238904301264765
0.21776102215417303
0.16198676802096953
0.25659004900911003
0.18829208327565286
0.2133788311169899
0.15991122408174807
0.19719257618816888
0.21494438390109044
0.13047441254972164
0.1305942260147398
0.2598944984303807
0.240965048496751
0.1384369983078324
0.25492286338270187
0.1967154257917417
0.14467433136400076
0.2520322908876789
0.15837499986752746
0.2573724737750845
0.19887174498118487
0.29929496289172686
0.21697327520304527
0.19163886417712905
0.16962371028898285
0.2433508824709923
0.17406626063450029
0.17331051042127477
0.15851369819596312
0.21941701824595805
0.23810888456268087
0.16086323616631806
0.1822232548496803
0.21844569130606298
0.18137330475499927
0.20405366705412326
0.2398589377519417
0.1293403602067451
0.20505922733208556
0.19671842326675032
0.18505860130483387
0.20408554186359196
0.20129513402459848
0.13938893907528455
0.22193823187851106
0.25703147976781365
0.18328369390043509
0.2469524707813358
0.1714962417355864
0.13282408700648346
0.16003492831740299
0.22219680263878078
0.1765824680573602
0.2169821664983981
0.2930919783712366
0.1708171746688653
0.18230276846649718
0.1289054909505493
0.24173206796947716
0.20914637408321995
0.22698671263107048
0.23926967707505437
0.20415548800400463
0.2273456402723049
0.15393265588432992
0.23496050038440142
0.19524817301814157
0.15040314339229718
0.22051796238085775
0.20513502768923486
0.16409570740563806
0.14477905888467313
0.23770254540815028
0.08879574707232088
0.23141988647292583
0.08515901025789058
0.17820790255797275
0.12817496289687352
0.17250575350867892
0.12222352242735024
0.1953362837382493
0.33448977499267873
0.2315202216239051
0.2135558927972051
0.29442273336868346
0.2715924195729777
0.1700276764515729
0.17089041028093327
0.2426044744814515
0.11049281403220763
0.15933466958925646
0.23755173817742326
0.27606846478330427
0.16022992134409306
0.2210392863666645
0.13333000736746115
0.20559842705526482
0.2719266244145986
0.21457711914935196
0.2247727844655381
0.24709803560598465
0.29585602500849406
0.20203610662835297
0.23359922272030276
0.3292736655550154
0.24774595885554096
0.28834406148417846
0.13120033729777597
0.2213431251377221
0.25027075617090466
0.2118266371157764
0.17285935246483242
0.15886575713925666
0.2549471869359362
0.17187351806935505
0.2004356211430819
0.2282406057217829
0.1842080024381839
0.18920357981673164
0.1380502935340873
0.14342580839034302
0.1724135268475677
0.22054455105897725
0.13751601990165085
0.22826446099643968
0.22792728224471687
0.26674672498204616
0.16952538180957905
0.18839338430061917
0.22968471918748792
0.1390248832795343
0.21566603147783697
0.19523609365743885
0.21136423405279323
0.21365637465267193
0.26140145443585416
0.23107281705970315
0.26662149883315056
0.22167796745709017
0.2662225317151249
0.24420599601109333
0.20071480093682353
0.15375398933844986
0.16939008161492547
0.2912192546134027
0.10283882214919406
0.23011477498819297
0.2593725987426482
0.273133583780237
0.22837428681934432
0.1491688418332001
0.2539062434577813
0.10813268208315308
0.16405737924568775
0.35293009798659747
0.23929924152003265
0.2037908610759594
0.13388029627930875
0.15470547770178475
0.18802637215228854
0.16210805190766506
0.25708621957422273
0.2821040093815101
0.16032175080101185
0.26936734129107065
0.15911311699251246
0.22399368106101553
0.21596240727475707
0.12365279572003252
0.20848270513751135
0.23220757042222057
0.20159055386156338
0.27834448815459134
0.2485399422451201
0.17441555359119373
0.14290862948473887
0.21637754750492133
0.20121223804226876
0.25585029893588684
0.2669086893948197
0.2141918175352948
0.14764348671768582
0.22667345637657296
0.2439368692237428
0.12714528277224618
0.14364189641587724
0.16686616236859714
0.2335040490719787
0.27338182596265437
0.18067645375910935
0.1704345165439779
0.22239058603692335
0.1809613514674457
0.19871161747485366
0.1721275671127169
0.22870861258429784
0.2548594865676865
0.2890983414703848
0.2184740013131797
0.2727705389838148
0.18161232456777493
0.16155954549241197
0.15807734061884585
0.1396887937148646
0.20230665070418474
0.18841476708839835
0.22086253311904086
0.21473208634904994
0.15659954078124144
0.1468645588101618
0.18733539838011376
0.15305242301095645
0.08855767069375793
0.11648175725383314
0.1592082872073286
0.19758650884571086
0.13566642668053536
0.19435848306653905
0.1677423586250126
0.20001989193088693
0.16135681295804097
0.22880065799588145
0.278019406788025
0.23384774224215044
0.21598262895122763
0.24618483786407763
0.19263619002944388
0.18480472394777653
0.17340107992273018
0.18385737161245885
0.21938744642180408
0.32714179451801784
0.2404539532623413
0.23497492019362873
0.1502110704482038
0.2604154752945551
0.24521946098676908
0.22011837252313388
0.2770369673874383
0.18694080306805508
0.20042750511391755
0.1462132100525779
0.19892965525570655
0.25266917104178294
0.17923580066285355
0.16907288651821206
0.2087248510961488
0.26514855149020705
0.14957356723340498
0.11428626535898942
0.20550862975389267
0.19019094741376008
0.15714289505025464
0.24970973706747512
0.11431163554072005
0.19737749869561505
0.19288440744537544
0.18325248777457515
0.17977130602308772
0.2174554759505224
0.2686381805500383
0.2789293626803155
0.17654191787664975
0.23499916323824996
0.2406573242417467
0.23863825686426807
0.15271407394836242
0.23957095094529401
0.2193869926877612
0.17475228801673232
0.26565433326442944
0.12836907128837932
0.23981706903238534
0.22211296261205815
0.18498967510098294
0.25224373896106034
0.14036827752082556
0.13745640518654667
0.20287936990805538
0.19837843653471696
0.1542420771710591
0.10453108324587043
0.26820352175457784
0.15097270516944386
0.15423458628888737
0.23807417750590884
0.25206959000019447
0.15093381971010947
0.11302493930507149
0.21047617796897541
0.19889472383033163
0.31134466050317233
0.15697179794482413
0.3345320886429509
0.20632259567688474
0.09558820306082719
0.2140198966956361
0.16597839634754996
0.16514559949514054
0.26768282059646975
0.1551547441729682
0.23225462539653524
0.16714583386902238
0.16342535639723255
0.2583911033239001
0.21329851036134836
0.17194949346790678
0.17298170551767877
0.22146618954238087
0.15575105170055645
0.24798286028038838
0.16624284367555311
0.20696426707204288
0.23654239921149048
0.20896710733146084
0.20606287346083627
0.24538005288634704
0.2948591321548024
0.26372953049804926
0.16014715186872058
0.247614237079226
0.1993027471965204
0.1721497320060416
0.1513032142401948
0.2534395555569665
0.2544316539401987
0.10676969666163863
0.14436380121703318
0.2902849845845266
0.178329029144028
0.15423184052878663
0.2832404495845587
0.15936893678165323
0.18016635306498763
0.1649648633259257
0.15008351260612385
0.16001554518886446
0.1701970747425206
0.1312746492249987
0.18506357021776854
0.18065911386225783
0.23566774075903685
0.16863931911666122
0.15847718806010255
0.30441289182156267
0.26590803934947477
0.19875473470955224
0.2289853893683149
0.2659334813253196
0.22028889163423573
0.22932360300272212
0.25462427599310006
0.17725255073988244
0.18737595356654313
0.21635893418081417
0.1432110334015772
0.22367163907211024
0.2237720546724618
0.14507000042816495
0.23672974772716346
0.3380332064231387
0.21870219773198118
0.2502582471549528
0.25114655602119956
0.2067677518834281
0.25835215541735446
0.2825147848106623
0.2121566744427603
0.1181305741611905
0.14880039509391743
0.25233913696879734
0.1601457701759964
0.1297043924752158
0.1915760785665206
0.17052036366340778
0.274540871953473
0.20209617091276702
0.19182624489862313
0.17163825067607472
0.18618826399449231
0.21323134168805571
0.19345681757389974
0.1555515301186505
0.2501261012875709
0.15705213025875417
0.24704094566667328
0.25848261448523135
0.19337884353174373
0.25074570648307776
0.1886923991923553
0.16699380531493893
0.17864438103682595
0.2475615540175768
0.22241237249061782
0.24743570996750885
0.24813693267306894
0.1878605554064347
0.21893478914854864
0.23409266434148357
0.1646000527158448
0.18076913236124875
0.24006655256101408
0.3146425291283848
0.1870148078267477
0.2528364050865436
0.19832215976662748
0.19194795655252214
0.24891501789977788
0.22203796466748374
0.23799380539466158
0.28988194128224437
0.26412466338049695
0.27243866323763033
0.19520823861955042
0.15094655417283284
0.23307684948206753
0.18516789069027606
0.23404855690527723
0.12859013048678042
0.25085495656417167
0.17062601037606479
0.15368204744498515
0.19002921195960312
0.09051941376142172
0.16414776400335251
0.31004257102971944
0.19523946908908138
0.16518264758861634
0.17858773261305286
0.2365040120965351
0.16756218123621114
0.18318869855916953
0.14763607883010813
0.1919076872123223
0.28692002330464694
0.1556857470407672
0.23518772191444068
0.13573561972143205
0.1807583222431043
0.2071011651429222
0.21893987315567687
0.24746568840082422
0.15679940150860888
0.23895897706582644
0.23149909211030248
0.19895277324802024
0.24886269903573546
0.1423429932943563
0.2658706637528977
0.22500802331715314
0.24212682791975274
0.22702010827706198
0.2954524298742083
0.2090994088908612
0.1742209581130852
0.18221286331764688
0.2891865394020334
0.1492108849886659
0.2037089054363101
0.07055357203170096
0.16438237966363786
0.12031575254538429
0.19266935725891424
0.18279802711331905
0.20346598129980903
0.2589674554829847
0.14443388895947995
0.2804323771068883
0.2145668336679775
0.144445464766294
0.17180498378502185
0.1356749064366829
0.29083147815752264
0.1767616458017596
0.2918725539064396
0.2210167294235952
0.19857977005535596
0.20654699884192715
0.1213925910135981
0.28112829195917866
0.35598285574944255
0.14413276092586455
0.19302318943003668
0.1619240219548644
0.19859801057767634
0.3151728048102124
0.1589991635368588
0.1953046965616247
0.28908260393294355
0.22122020042225846
0.23154704657748337
0.22897677720271944
0.19109217443514404
0.18111391383907247
0.3467460011469613
0.20042899748409934
0.23227260137401318
0.1894257756741785
0.22217541865714527
0.22975347632487425
0.30853320206090074
0.23366034855073953
0.079467639834346
0.1728853171334982
0.19531333431375592
0.15213615096374106
0.2059292569324841
0.2746639401304485
0.19065478115876278
0.2009399894955833
0.28341524788663425
0.21448130272015184
0.26127613218540113
0.20019896143688842
0.3120245326640081
0.18379885685623865
0.18531361650574651
0.2586438326333012
0.21004754096248968
0.16522653662178113
0.24227505483576442
0.1631944497695757
0.36286016760877593
0.21748870871448783
0.14850501182097986
0.2829706271182031
0.17758372600013897
0.12355892703040136
0.21662597635795508
0.1636875970474831
0.3020762689499888
0.19312158331946283
0.2160190306557928
0.21426235260294638
0.1379669034792837
0.20341406167475923
0.1481173417437872
0.2855798424795236
0.1808277096296455
0.22846890716824106
0.1926305232268387
0.16632712946916617
0.2594391242909266
0.1704031648957946
0.2908025213410781
0.18311249245993833
0.2230017915591172
0.16423525602411113
0.2809304417303868
0.1656238175090398
0.20095739112274077
0.23390254815525477
0.14384089626015586
0.15401459670684053
0.0981752306255439
0.12846723174203398
0.20668679082880523
0.26256227069247495
0.2022667826543616
0.2680315507226371
0.2205233548151613
0.17901476184391077
0.17749352869585258
0.13727716647197996
0.28093712557563016
0.18990809140975126
0.23405135956547762
0.1618721593448495
0.2562299851568981
0.14299056483423475
0.1633082427743062
0.17393373703047765
0.2236081696833236
0.18743892514071908
0.28014142987955803
0.24130484290090015
0.22949850085950693
0.18631771409254885
0.14373053699935234
0.1312620515226004
0.1793167992950064
0.24160649105214305
0.19495425338591427
0.22121148789166947
0.26574805012438696
0.12835275552943487
0.1653799338734562
0.14765246978732544
0.13528902801260612
0.22855698650398312
0.22059724535966654
0.20943446533097407
0.19780010813369733
0.24221230874452718
0.33233944451987396
0.20711890738154612
0.19659927397746987
0.2921380357120731
0.11010919587281462
0.27223065057079154
0.18646525736039063
0.18783918596254875
0.24244873409127765
0.19813784733823153
0.16184926082063075
0.2532674237517087
0.2355244207006636
0.1793580848001747
0.21054068069906148
0.17633684057507076
0.18666077324165142
0.20015335605134774
0.1330940086341377
0.21363961061633874
0.21525784523621969
0.22862632382755746
0.18505106342143543
0.2615029404675283
0.23581690371495512
0.19131320928186868
0.23035718143478462
0.12852780240457484
0.3291828061187383
0.18041892062057185
0.16712978134719153
0.23078678777111117
0.26993588228666754
0.15362352979920374
0.09226721647996278
0.3158386440221136
0.28896909730862663
0.17321459662433553
0.21869468330005692
0.21353288372134643
0.23985786645736712
0.17850868726758656
0.26783489181602993
0.20078710282371465
0.1864110621676459
0.19539377100998748
0.20302105567404388
0.26359240223233404
0.15972935076993805
0.1544092871885768
0.17617576525331813
0.14952690414383724
0.18076559431112502
0.22856396344448912
0.19564077800278132
0.20760051011516792
0.20531415848928922
0.23191176630930826
0.1793511604214455
0.13947334759166846
0.1643117805762314
0.23357661326659826
0.12193449549664374
0.1559013341550664
0.16878778287827767
0.3026529799530439
0.17915535357646817
0.1836558949334489
0.25544889028506007
0.1578295961140262
0.14915709896180804
0.20485258194781633
0.29993061149530537
0.25996565901534274
0.17577984142325037
0.16881046025085616
0.17391898835336433
0.18400941054269482
0.19871496179097617
0.2388670225688747
0.19045949056823014
0.12415630451538458
0.12487838434672478
0.17654522878885848
0.14809116470527872
0.16048163213665018
0.3387270525432293
0.19099386928016918
0.2660675936117877
0.2348366306049097
0.15677836423072794
0.21898754222676353
0.21358478993857824
0.24422852333677
0.32003735850174175
0.15402988620831282
0.14856265444190916
0.20960334135508107
0.15567320456985695
0.22644987281336762
0.2082170948627618
0.24267501323481472
0.1351324673804283
0.23555550028519695
0.2671182611071548
0.1522484287583587
0.23054649686733641
0.21088234500537864
0.282471900452817
0.22628214692671247
0.26757079301822817
0.1916050795243906
0.18963171109522678
0.18818153782584418
0.21520918972508696
0.21721902073462504
0.3128192600155046
0.09770243098621985
0.1812274475551294
0.1918569783059384
0.11755388518007007
0.11399604721236259
0.19192494661047038
0.20201459188527782
0.2128370188687597
0.24619435010708116
0.258738486976067
0.14408857130387454
0.15086212619966338
0.14640499174323504
0.18056981034526454
0.3215930077765567
0.17127511335447418
0.17062365456100678
0.12611851408732971
0.10164346608727368
0.07038677253654721
0.18919801424988522
0.23492741090183586
0.2263503594699655
0.1480806580646003
0.1750583658473089
0.20701507368970704
0.2888936958469966
0.1867188368880315
0.2565773490047065
0.1749648789788149
0.21367714006756333
0.2235217646121478
0.0967075494950598
0.19104294727958346
0.1867154268397537
0.1863412989805321
0.13179056890464386
0.14264462936690114
0.18646401226473075
0.17486753789361537
0.1404141870610321
0.17342998242664293
0.18301923202537684
0.24905704583450236
0.310486220844746
0.3197808209986438
0.2803145742860955
0.19349337171052955
0.22351881335827245
0.19273407570238293
0.19579551724456776
0.1707608254235504
0.21839042972874056
0.1956955402909947
0.10274221744776652
0.21990435289336394
0.24462735105147168
0.2512270237215974
0.2682364237048562
0.1915897289017797
0.19582129939284573
0.21521360047772348
0.1952622349781255
0.12713611579984357
0.29094083535638404
0.15151910927590953
0.20655890350609593
0.2265865156860682
0.274687889564782
0.2559917243765352
0.1650606935480603
0.21699821244078427
0.13960912312723947
0.12427536473671313
0.23246540196073903
0.14877044094131772
0.1762418572216698
0.18539903435775207
0.14847509074439336
0.13489023582721227
0.29515704311994206
0.21741778370790896
0.16683955019442145
0.20226480824718573
0.26484663841653167
0.21402680885358993
0.20798108011302907
0.3109818460913733
0.11462489662623389
0.17277125428765455
0.17349053961946947
0.14942313694091822
0.18623907862927164
0.20947277155190616
0.1593244236138761
0.2324229770484383
0.2211887884843629
0.18969804241398283
0.22138962214563546
0.19701786004695554
0.16980807872239528
0.19139553221275427
0.19472900590449285
0.1605364910516499
0.26068477964050596
0.30226901665345207
0.24629911122827983
0.198886761532596
0.18281651361391982
0.27292386607504365
0.1542323970991349
0.1475591241356685
0.17940014219141617
0.19809816177388218
0.23652315562675663
0.20243061907327367
0.1283039657449732
0.20434028443682323
0.22697960789378024
0.2437653407357585
0.17529933656827423
0.2244003455780546
0.1810690713868807
0.1759614230619723
0.1882231210981946
0.2101760708444511
0.165089974979168
0.27354843860098876
0.22690193590142088
0.15980537448286397
0.22317910137713529
0.13339212756745866
0.23938781296980216
0.24999477689925387
0.25561297712036957
0.22729170538857113
0.24987295180612312
0.2569674913816046
0.2629357647967921
0.14484331067003428
0.19276398492906016
0.2643252956349385
0.2524819663845012
0.19688495030334915
0.155338231408304
0.2346317759308424
0.11135166928548362
0.21921870534670337
0.12453716758502714
0.20717241234373515
0.19665782695299938
0.26223503554893224
0.23274308380772654
0.18502566985265675
0.2655483078957223
0.21724282401790296
0.182721192567624
0.16812210559591195
0.23337182464011935
0.20158537000244137
0.2611304384650612
0.16104567411134132
0.26606937476005504
0.1643701657612034
0.19898305074901393
0.15110533605301524
0.17100565104430923
0.13248093874234224
0.2160864900606968
0.12363216233247368
0.08655026184930013
0.24872939561216714
0.21768478075234216
0.23389806808058183
0.2644712112495909
0.20071386561850613
0.29195651176431986
0.20423542411960005
0.25453113220999213
0.1029891513858679
0.19240514573452075
0.23844180677690904
0.1568741992003499
0.23867066866101783
0.27549909459956684
0.164210026788011
0.2585363285006723
0.1753790794144304
0.28340346084893536
0.17157034446239386
0.2446199831661188
0.12934276440292142
0.20781286016320016
0.31322513675193153
0.23046361558530562
0.22864321517305333
0.19045695798637366
0.22774666060183674
0.21924095710744718
0.15946490919802495
0.20847328654195127
0.22573998923926517
0.23897120282124132
0.24471409750495543
0.16451880386759316
0.1880335655943582
0.1889217367274784
0.1369829797315691
0.17590845412656833
0.20243307894013968
0.15279414249953036
0.107674952392837
0.16141719512678027
0.27973766004509454
0.22370841061950494
0.21369489147455892
0.1623178112109125
0.25360759959629864
0.18688571725501874
0.2265987512005235
0.1915122364253288
0.1842523725814984
0.17429033135253214
0.1893927417134304
0.20702635516746698
0.186295484802121
0.12867174046938928
0.3187824599381937
0.210532799402264
0.19969683380366138
0.24010385959076622
0.148833276836695
0.11436719934476758
0.26905329116048826
0.18802650207431815
0.1982872739645586
0.19890797165307827
0.13765010374907927
0.18313549809534999
0.19461113688694598
0.21683296994400186
0.2188397387557509
0.21655052531649832
0.22636440399808308
0.175680230345095
0.2302451711349371
0.15316902360307152
0.3087124127603962
0.18498199313250627
0.2086843131808713
0.18562666882490497
0.11521456081375059
0.2076855528169381
0.1925352079336779
0.154407933417938
0.19216622387917728
0.20977546368597466
0.2981912422028212
0.17452443118442282
0.19185367506181347
0.17096887109762227
0.24003250091348455
0.14798070995121088
0.168805820146572
0.1628706007459913
0.15786577250209413
0.2247203801003076
0.18369441597783243
0.17245361654967728
0.2174741228929198
0.23761550503918774
0.1821157919514322
0.2257466822309153
0.1727813264643548
0.1446673710171699
0.10922421318352098
0.2500420890395733
0.2332462078882644
0.2100828172817151
0.134217797809907
0.23426300318522372
0.17305115589997547
0.27019942360497085
0.1490103672951557
0.19468683960609615
0.16232035401854125
0.25645954799884496
0.12523380277353452
0.1713516349088471
0.23036343869238746
0.23639600326717428
0.23454919664750679
0.26083235862293336
0.24218451516561357
0.22807248656971987
0.18742333244683151
0.24029239268750968
0.2641646140355083
0.16592018420488094
0.27645693203229266
0.24372446759339828
0.21020227838537986
0.19162328721041333
0.18001658895307626
0.13409840956707436
0.2014634859854275
0.19403858933153198
0.2805569012560336
0.16398051247039375
0.23330016525879127
0.14667938727101923
0.2625718194250687
0.22352951279035346
0.1638727711959373
0.15383683779985047
0.16399869626652125
0.20831634048646047
0.13503233130081
0.18905462941666562
0.2071252562496431
0.1933297319860917
0.2734447468954449
0.26410684446553906
0.2507713479978446
0.15268392166025957
0.23405540665034974
0.2304118096157802
0.1811193126593373
0.25075813194847457
0.2833764643782579
0.1353440062059318
0.17005854654968827
0.262232275581847
0.19284652959210116
0.1994255066606398
0.2543155109934695
0.2468554039024201
0.20335146513176078
0.1499129009811528
0.20971887676202156
0.22748133011885308
0.20376533146705514
0.17292180633754486
0.19467567180961814
0.19931918208440727
0.2101156230898314
0.1115498380045517
0.20898248910720724
0.17300838085732667
0.2046940536703794
0.2933309832064076
0.25052961876234286
0.17822528144062663
0.12811123173632788
0.190093545840975
0.18937740291426577
0.17710719170270783
0.25986139609013503
0.24893798341905066
0.260648330911778
0.13755443057138037
0.12705540002447396
0.17335777335787536
0.1425793482571723
0.2218414626988132
0.2641275765936834
0.22871383321675642
0.2848115872222685
0.1082011282446462
0.21864483689987066
0.1285178902911357
0.2115831071694179
0.1927727308207106
0.1835510346244084
0.2500531361307368
0.16848290230258578
0.26984416756618024
0.07650275134395555
0.2572783367673097
0.2553699223293551
0.22879013024945383
0.11687871897909337
0.12203725658915665
0.17111899943488146
0.21427851077112547
0.24220666114473205
0.2529332003979519
0.1562812551559158
0.17758508112870774
0.1975322634314795
0.20050904182303098
0.16269061918120165
0.20289123439724718
0.15077468472484018
0.18947030489486447
0.2717851778881215
0.25854797280329234
0.2332970300139492
0.2538593506512932
0.10961232220655287
0.24455188005250533
0.2480695218521406
0.11610937201439235
0.2165935953276677
0.0905885621864943
0.14270672523508204
0.20798661940622504
0.20884250947304747
0.24160062459471843
0.23304720058349176
0.21506679904128054
0.24447472234370293
0.2210817220300806
0.1605803592558254
0.18294364716110495
0.1885829989840402
0.14111274859695622
0.22954441241857418
0.144618698857935
0.1998368654282213
0.22016570269381197
0.12228629770681577
0.10145104910761679
0.10991889075832117
0.20525787588423922
0.18083729115927893
0.20583455767329076
0.21390890129257445
0.23470223667482193
0.20618632061855657
0.18673045486875267
0.1564894302319623
0.21589410497758849
0.18672811546145876
0.20293685125682406
0.21850982227288687
0.2148280387694575
0.2418576050089516
0.22929896900854546
0.19007631909975242
0.20483108000618014
0.20727392055185204
0.12766285451083476
0.23360211493360267
0.2247146189057267
0.17041270415257367
0.3045163722449327
0.22297242109943652
0.15485192132924963
0.20894550296421227
0.2035375151430074
0.2783451093938221
0.2591679651943668
0.22925444866975198
0.3447400207526791
0.15751361871030015
0.24727300563485743
0.14594676151929858
0.2188274167076012
0.22094415857940608
0.12182075712859647
0.15167809332070115
0.22033450201071786
0.2662019462165953
0.1676916305652711
0.23653722533487748
0.18313966495899964
0.213077082621323
0.1966704963792182
0.2366355304621318
0.23853189839888989
0.18718128133478307
0.11058171405594129
0.20587728383182183
0.25555163074248777
0.18491958445307305
0.22189179188614133
0.1912377928258496
0.17472513441855297
0.2763459845678061
0.33161902868925164
0.12198818768959507
0.1914146148626266
0.2008993187119539
0.17150359131466472
0.20572176857895821
0.19360725853534572
0.2750279833823217
0.17560550139343592
0.16417846326347507
0.17189853390706827
0.21551605261577342
0.16962178762762148
0.199438255105665
0.21364059606147714
0.3180317610298015
0.22734727701204266
0.21758855266008204
0.18273014512495014
0.11602461125646825
0.2672133168301567
0.17971700457349543
0.22597893971567895
0.1878456519576531
0.24360415281142253
0.20009060021499156
0.17556568508626713
0.15283472530634978
0.1161082336330614
0.23702751877084366
0.17385039767583305
0.2174074671888043
0.1955782988689514
0.15590176686341434
0.23820275337491953
0.15772403613471908
0.2132498353517451
0.13502849003022516
0.1984155134938134
0.1887169423402967
0.2570079744914001
0.21011821595309058
0.15698254914529658
0.22872944626777966
0.23632969496878822
0.19179279887034195
0.24482746473785302
0.1662371337880773
0.2359444275534947
0.18296333928161537
0.20687334652825118
0.21153959529797933
0.18270217782155196
0.20689287285786107
0.21925270924974527
0.2555899325674719
0.2512258656816904
0.1383351210380095
0.15890731853565715
0.222374431283242
0.2545105317655777
0.19162283031836724
0.24320373290568612
0.2317165419475267
0.3686196017740892
0.19381069769261178
0.20510655587868576
0.14102414640282343
0.1725755253969066
0.195730143557581
0.26987065130732346
0.20797761891167188
0.17824569489112718
0.11311350887094634
0.19588104146930654
0.20292928746829486
0.10541783886464234
0.2312834249550532
0.20653877877200233
0.1869343629266729
0.19185134152870556
0.2835009228427528
0.12889733228117814
0.22224898154241932
0.12228937607326262
0.13208977295044833
0.20346221102281792
0.19327322836206415
0.2284778626435614
0.175181851232936
0.18753813037692066
0.08962662963868256
0.17210367269057142
0.21662457275886413
0.23249278854164185
0.239917883724237
0.2021105945589767
0.2896164427685628
0.15672203771728907
0.16579998368098403
0.22613906209800735
0.2517811056034554
0.17337828019132306
0.17402284241153548
0.14645301733089877
0.18637803422998706
0.2040801044781866
0.23590794438870355
0.16227067435366088
0.2518829261984952
0.186622983679102
0.2147124054723069
0.24162282303891575
0.22786859325836228
0.17085089614453688
0.22217883195895136
0.22847209220414294
0.19070764737445478
0.2405097855665428
0.28054302332403136
0.13224799178153693
0.22961910297291654
0.2930623628146568
0.1811833904840256
0.17193751663762893
0.25824479102621595
0.10637039142607076
0.1607385321744758
0.2500385751173818
0.18946543631257337
0.19819163856159308
0.19965720283236707
0.13466673693820636
0.12456820153429334
0.18097601276460507
0.2745789525435184
0.1603277971882397
0.1821815870647791
0.18146733960468464
0.167273634964215
0.22155161329452475
0.23298270536348475
0.19173565864384634
0.2046325265314174
0.12800509994886655
0.18320986295719024
0.18258013036180099
0.1479159365953253
0.20848946596464576
0.32441966419371493
0.2359617724304477
0.10652767302991722
0.1686133612862395
0.2507233017339558
0.16137405001569638
0.1596516571312792
0.207783023248413
0.20367880572582012
0.21012570481895698
0.18081212678118821
0.3095671580707545
0.1574821202880045
0.24730289724848262
0.20047042758913525
0.17871383873160626
0.1951420466808322
0.16579784704831885
0.20233252078337552
0.24139595150899767
0.11635729939883602
0.1852455742373566
0.3306404817603562
0.10111489168948495
0.22935336200794457
0.15141417072939317
0.16419059895237154
0.23123390813355496
0.1534980346831033
0.1375023114985663
0.17698369522531593
0.16048279861224246
0.16183274875946685
0.1895277755040136
0.11842056012634611
0.1701417216267118
0.25060898235762546
0.19647735182025325
0.19384709345103673
0.23932782302582808
0.1724248898119106
0.24450232446825187
0.1788644745871928
0.17208691475398588
0.22842648208383243
0.17684639538337546
0.23085299659980768
0.20308123730346134
0.273478622898545
0.22937287258225936
0.1314644023264528
0.2174121132936269
0.17075113445051457
0.1934447564418144
0.21809395976931317
0.21803412614057685
0.1994613589897579
0.27075890928859403
0.1664349894242389
0.26460470231526506
0.24438519275030385
0.15856207776921527
0.16013782797599846
0.23055035192140724
0.3333020097166358
0.28426513948428234
0.2719647009493451
0.20686083616828285
0.21842789006914806
0.18894784900059505
0.1621446035458862
0.1978920196251379
0.11903104407180373
0.296664365344619
0.22730395704012138
0.1299718880566607
0.3126675183658611
0.16901034216242633
0.2806674921627957
0.22244396617288717
0.14777714973701178
0.22051492005557913
0.15603806341454102
0.18895325656271986
0.13194647831257333
0.1669526623868892
0.12241326205480185
0.1296593060567901
0.19878753237421046
0.18431938734965625
0.11882836315871297
0.18383530694058955
0.16603000687895456
0.13353875634458606
0.16644254909118966
0.19639483061935545
0.24085685884429472
0.2577865242893332
0.1924501270780604
0.1383920283564739
0.11504165207663924
0.18126580499404082
0.15765651072429362
0.18371922838903554
0.24603579643544116
0.07764598745156846
0.21334354926748714
0.16235832664064406
0.2023442629538197
0.26457077964670594
0.26079567576635715
0.22828583696687507
0.24988198607907505
0.1885075137838475
0.23590407082069828
0.17124759325263023
0.125308686282863
0.1719744670416216
0.1299366821408302
0.1772911601107514
0.10696232671063584
0.13094592500086638
0.2457532599219528
0.17366188686417527
0.26736068377458116
0.14486184436110935
0.1783376291128248
0.24500459987283302
0.13919853261945572
0.17832274670168108
0.22641363367643466
0.168634852765468
0.22288401970074817
0.16714767947556683
0.2640397970972806
0.2545891506541932
0.19907152735522063
0.4024307508004128
0.18424820710333012
0.28757459299184457
0.10839448848607657
0.09693897807297794
0.20237255175475796
0.14684648893170135
0.1752455254989268
0.1950962998997874
0.24457082514298664
0.13686176414928647
0.19150204148489217
0.20597653550721418
0.22532872339912977
0.23200306481804425
0.16379591340619087
0.17465227837931635
0.23680236178427871
0.2534754253849122
0.23291806155037628
0.2139389246773141
0.19304016057995876
0.05295458941087938
0.10914832232956387
0.20158381659610247
0.1949973729672505
0.3409151422345701
0.154752175964534
0.2176145087085187
0.2352597030800761
0.18730576083458214
0.21459971858793175
0.23061951560285424
0.20894053394211887
0.1434198864079069
0.21707864900644028
0.1332659940250538
0.18089269980486852
0.2415553173741949
0.1875967898831008
0.2202350055777934
0.19653073637575583
0.15904560762517578
0.1860642110602094
0.1471471429297756
0.22671465057803789
0.16338488684964342
0.16574161569920312
0.18384136604175155
0.2040196721520521
0.2112998928670482
0.2677460403832413
0.11705601241550052
0.08979189822393217
0.22305869644374
0.2225889060057075
0.2623101290598264
0.21164109898982947
0.2527963510046217
0.1879726241753541
0.14333733651054079
0.2079274233129413
0.2589903758490342
0.13216230655328845
0.1620226353725981
0.1861179519165908
0.2740503053680853
0.21754660852166158
0.2435059483268039
0.2523289579743433
0.1578132814211652
0.24354275902450248
0.3057952495697782
0.11747640491857278
0.13453961951313587
0.2596707677701314
0.20003668658799653
0.19442852723647067
0.20369707335210507
0.15298677663897362
0.17924616871476953
0.13080436530005746
0.1960409734412429
0.1834781761491336
0.18790205074370211
0.20404215704950707
0.223077745788758
0.21230102843486987
0.21066162716922235
0.18854951960863664
0.16250895241222058
0.22864269053345088
0.12719710843996443
0.15180934366505702
0.25776254913336183
0.29747244846728293
0.19682249388925702
0.27850534523293885
0.2706510630338046
0.15816753514065768
0.20344491821760355
0.23750241815683074
0.26883704549275717
0.2275697460726466
0.0825917071332114
0.24547984692481112
0.2263902854260686
0.21341490444538663
0.20824353153451036
0.15216979585616996
0.14941537366229737
0.24637599077427838
0.23472997195613748
0.2784667741103356
0.13944432889144637
0.2464439713234947
0.16775637939456106
0.22287360040064275
0.13537320198939118
0.15560771382307675
0.14964848299819258
0.21784296142523768
0.19099269460333063
0.2111844875732607
0.34449020531300345
0.19543746572572163
0.23019371967058538
0.13648582259428216
0.14487354885532353
0.22195260493198743
0.11922313187210408
0.13338009400678916
0.1573716736365522
0.19863106983915255
0.16642693181931908
0.19328957338311437
0.19392009722630488
0.20115145090013267
0.07641847845299424
0.23932781998071062
0.3062393451931537
0.12926114766533542
0.2551528525949706
0.16324043755117104
0.24383908741087615
0.18313863853746462
0.12261390555317889
0.1485714665647324
0.2349742020829624
0.20402083819787842
0.22224448003532796
0.1987509068977641
0.14996708511494258
0.20930986870673116
0.2429843226634256
0.10740987228810678
0.21912340770770805
0.25018352954662243
0.1667462159732554
0.24251899528187776
0.19011259978147382
0.24626904900472368
0.1706834962696384
0.26228903811884996
0.2324215155070219
0.184991628171692
0.23393737998588987
0.16025816250259467
0.11229704131913074
0.17520480701117602
0.1881309563892203
0.196746105568189
0.09230026750143766
0.19549838002503078
0.28798835377421306
0.18720527407137091
0.1978173187188149
0.22752113071535465
0.16313188905417947
0.17832858278515792
0.23621560441523554
0.20554285746075682
0.2648004886821016
0.26462196058302967
0.17727156989289064
0.21134189870620512
0.19212592913459314
0.22780749751456966
0.2237369017399332
0.18021148204872933
0.16284417564151404
0.18613389562568888
0.15453690906209247
0.17318872163353666
0.1147579812564166
0.16677540240871835
0.1502022211485376
0.26945199727587665
0.22948367149009907
0.23544097369306832
0.20933749636195859
0.1191407958504568
0.13984312556943113
0.1828954319344222
0.2325455421959406
0.1803609958197485
0.18062832484605465
0.29889907195928966
0.2710768841821905
0.1607001841864875
0.1542792483312923
0.2358803166501156
0.27520427871632236
0.18271892492875788
0.16556886972128462
0.17208400559668305
0.17600748546293937
0.27177168416443265
0.20016877383981752
0.2338881026060182
0.1797396143877286
0.10547654391230682
0.17047450359102695
0.19864624323166452
0.13673854030444768
0.14942602589295123
0.2075910226058822
0.22526424013677754
0.19211667896999063
0.22060968153691815
0.182203613690586
0.2290518579519353
0.20533994047413293
0.20234522127993787
0.24343330115497036
0.20698575279734255
0.17082866303050834
0.19163086152818853
0.16341120925788655
0.16739980978260705
0.21829077894801122
0.29947926455165585
0.27998555271781395
0.27020640486144737
0.19868125576540202
0.18584778121742024
0.2676160280452202
0.19379996057514354
0.21704429046370166
0.2770893500108944
0.23881392487692596
0.18848519847590406
0.27680933747674935
0.21434973723172043
0.1388579671700311
0.24827681282330974
0.22661772442254
0.23612665874852423
0.19394773898740672
0.2261348078945938
0.24497595532760708
0.1419115354222256
0.2816360838980324
0.13329727175466882
0.14359230657758684
0.18021698643577796
0.1977596030351274
0.19732671119754794
0.18894479284222315
0.13446084629598734
0.21279020353610542
0.26447063333472476
0.1825761558683809
0.17366327062537312
0.12209332020686513
0.2516279477717987
0.22205361716787128
0.2040090591154466
0.23400849166738877
0.1978673603351027
0.1904682895590278
0.22242549980207257
0.2538461282130419
0.23625188108422546
0.16804135637096615
0.21529357566761576
0.2146665572966282
0.2250725846645603
0.1212530255122974
0.21772050340374186
0.18371451899796332
0.214422194412601
0.20360617096787334
0.21025824396758042
0.19090668893331245
0.19326213355208754
0.18628858106877824
0.21919317910255823
0.1466827206037595
0.295264100998136
0.3237759745269929
0.24343623488207555
0.2678838440300034
0.13472066087478463
0.24085112106508022
0.13599100838918984
0.19721949493374435
0.20805953788182474
0.15906749652444585
0.2867507796245632
0.15463367343724677
0.1965973821390608
0.15888328522937512
0.14088737194619305
0.29387097675726087
0.18313771408004065
0.22949032145516282
0.31322074260058175
0.197071863460256
0.24604737777019225
0.18558392598407217
0.1887949260431638
0.22261661077080208
0.09128372587783949
0.25817966169608253
0.24974115531739507
0.22621292051330114
0.16348182151375937
0.1895967461160591
0.31561825950084754
0.2244521907747953
0.20124079634021982
0.18834556977340705
0.141120814899931
0.164015975932016
0.2500789713155819
0.19398241058938223
0.16528543782632393
0.2404361166557492
0.2237927048905599
0.15160606171594201
0.24284933525620764
0.12216384042851186
0.21216633325258963
0.1321103355973332
0.24254885944381804
0.15888476050569872
0.2616002535110894
0.12789544435403177
0.21899053558933146
0.24493345590814145
0.2230273039875854
0.25061344781773
0.16402332713764659
0.21997792936846303
0.14660467103039623
0.2233611490262136
0.13195868162640334
0.21636198555543162
0.22431684476733757
0.2824902353012073
0.16840920482582733
0.19914936662855923
0.1738257229481721
0.2434101762907322
0.18854737518611436
0.18430476421526365
0.10492719801490237
0.20371975634565082
0.10061849478843765
0.22567195054428474
0.13403848057045026
0.2179908947142639
0.10198044803354965
0.22503097754771623
0.11295807980845135
0.1710805503904836
0.2816633861242856
0.17689472172636156
0.14081793186516842
0.2557292701106618
0.24565133839095582
0.3010897499794041
0.1130865277937775
0.21920046887930408
0.09936952939601658
0.1463635661821282
0.22455443193854008
0.22726130346394963
0.15614016907407466
0.23530213351226892
0.145629141684736
0.1043026255604762
0.2322122821317984
0.1642473645320947
0.12155178646070344
0.20056722832539248
0.21138599324076754
0.07960697658844587
0.32183279315886265
0.21381909219352485
0.22475752170730476
0.10617529293756259
0.22432081411536142
0.25420493849127235
0.2985395108472389
0.14576945048732112
0.14522300951935385
0.15599407873095772
0.22548709953000395
0.2685100286236873
0.16883738327119094
0.23850488848872528
0.21542278493448122
0.2659330164796099
0.12673500276961988
0.20544450511251636
0.20960802543540336
0.26785750937804237
0.13777598782628117
0.2866123067819538
0.2179088891454638
0.2627003826786726
0.27176177745184005
0.24065693151831363
0.1984155695725327
0.2226166569249095
0.17161355605888962
0.2732956530814913
0.16783951140348816
0.2188932895214468
0.20321948941656587
0.16578906258971055
0.17350269426994952
0.09948012581135753
0.18091153779211758
0.24688720729423008
0.18032960619279206
0.12875351289791737
0.14711312699105172
0.19469073168093404
0.2618100723918886
0.1980590884194084
0.15187980035135018
0.30204274730640457
0.19862524755594654
0.2364914181009347
0.1925515518339988
0.2372635555953263
0.22386497079739454
0.2976317136297738
0.17587762869896356
0.24967365372734707
0.21981515949732888
0.14553578177327864
0.21777062443660244
0.12048697676736302
0.1855852325351604
0.11651365890767912
0.19618765798108237
0.3101399899878582
0.280882245350184
0.19183271321630668
0.1488833225957162
0.27501745946367945
0.16611967185906776
0.1424832104741348
0.3195984555153105
0.2627800380502825
0.16123772353584598
0.2628453117713597
0.2909120088980083
0.19631268741300398
0.24198732125798966
0.22404851797073833
0.20228923991638414
0.12948402228368655
0.20051149823163159
0.2425808288685591
0.19695407782120417
0.06442243515492993
0.2184999707217559
0.1530202937799986
0.20940629545203387
0.2277136022796379
0.2675274205202661
0.16217670966010306
0.10734842568209481
0.22256546074631475
0.1613246291828086
0.2533187748972662
0.17886831866659011
0.30160191839825706
0.25048395787730077
0.26497530702905087
0.16339036338204616
0.1015283839794151
0.18011963976888537
0.2878214371504539
0.21549068188837148
0.21091992290821435
0.16730035159961673
0.20481135583083324
0.16910124270922205
0.21240164735353156
0.28759551602438005
0.24259836808653365
0.182399648886938
0.20399521781725966
0.24549209200259473
0.07128501028508047
0.16569533738163322
0.28689886730668246
0.22010720236952572
0.18578138115786605
0.1865098467980807
0.19928113952490306
0.14876752864038617
0.17327630251008594
0.148070277687274
0.24420247167889178
0.17650112678046548
0.2702696928538153
0.21488612065999085
0.19446426006796505
0.20073515183450324
0.18248029809324806
0.1648282079269304
0.21008999071987977
0.18636374932188488
0.2138187510785431
0.2425288800020471
0.17257842484122385
0.1452279965772745
0.13553030226253304
0.2462951185565136
0.16625413352981586
0.1888913686566377
0.19737236093567417
0.29488584461440626
0.23486825427799912
0.18573424785508122
0.1808847308777318
0.14874012028694228
0.21942008441136396
0.20452923072591542
0.19254363560064128
0.10840713599167946
0.187955429308632
0.10773678296549405
0.18507572313051257
0.30138085620648697
0.23007771124845428
0.21463675211671682
0.1983825179448431
0.24496653190428355
0.1986822289944995
0.2350143866992302
0.1879023348943121
0.19237166129297328
0.12325276040603848
0.16904979593458283
0.2020408281001995
0.13958414600865987
0.10288088236587031
0.18640639728941613
0.20702076958154403
0.20971716651336963
0.12450553853634946
0.16567795380871334
0.2590710029858243
0.21359811096338424
0.16658509110257205
0.22456305267699936
0.19910981147578838
0.1642332756021821
0.2447291093472435
0.18494393994288807
0.1720471811343306
0.21617925988550254
0.2623743269958374
0.21450744792479423
0.1525234689279425
0.14635693846050982
0.18515786096219175
0.1860132095516106
0.2520304530896144
0.20308801053825082
0.21592411500212416
0.2675577847346076
0.24705423982919247
0.21942408799716612
0.2508003831536204
0.1634519598746214
0.22035200595305676
0.26090318645801786
0.21274907510405622
0.25416451959235786
0.19446136147147583
0.1400850616805551
0.21875182406990623
0.2043139019824889
0.17179202296135776
0.18567559360852134
0.1621254560146631
0.262050518054288
0.2739770707893207
0.23675033599075584
0.16222447053722935
0.30244948160426716
0.13713855130284963
0.1564558256818252
0.18204364736152567
0.1904774473565628
0.13892541555675958
0.27120349411942984
0.1534179446718732
0.20910477192760274
0.1944096643588759
0.1530365831951193
0.22299061306106321
0.18904137849477717
0.15165002383609893
0.21188330062176072
0.20659271856878514
0.15578854143795268
0.21206606099960174
0.2371421201047506
0.18633256151925914
0.2043269198362578
0.09359702597885061
0.1730031361105573
0.12412385836289883
0.22187619293644562
0.12905425213019772
0.21902257257052526
0.22192882054924779
0.0833018928600873
0.22608798368645963
0.1909878749533382
0.23158048275964072
0.23175684363464735
0.18155863793000027
0.21926340062960087
0.26205040841732663
0.21120475907916741
0.17795854050668825
0.20179247832127167
0.1388612455510504
0.22264042134144857
0.1066468523047894
0.2632704109289644
0.09824177027399493
0.2194740222642049
0.09930300170921187
0.20315687840788857
0.20884111464909413
0.17715040940776483
0.20300273644122868
0.18632295071489846
0.2829714118140341
0.16487698196864978
0.13532126265459815
0.15236640696203327
0.1193528329683635
0.28712268096308247
0.22555131042306142
0.175019984023759
0.1545773464300897
0.2598065600925297
0.20396765921727447
0.21022547304745048
0.3169633049246545
0.22084252154634715
0.25573553355973455
0.06988951576898425
0.2142654124009633
0.18235205831792925
0.10840900165301962
0.2676658425088602
0.21058826873141478
0.11332728662261796
0.17524236869448062
0.24775540896191106
0.28456794679320296
0.16920524193655753
0.2175263708669089
0.3146291080646231
0.13131016924925748
0.16426148666224213
0.07910883617741049
0.2354024866975459
0.23034393429137723
0.29104249448100095
0.053909570534672685
0.20567654909559
0.26424946782727926
0.14910033846622545
0.12649878126131253
0.30949200143524314
0.24246107837322234
0.12766921931229686
0.2980156872629706
0.22376545483750093
0.18565032391996444
0.27586741916258006
0.31106167737022694
0.19323200742715077
0.11653604171558496
0.2881304308865426
0.2494192390940836
0.22722062937284446
0.14756174180618725
0.22072771750471457
0.29575582318734717
0.17650994308979562
0.20344049973284503
0.2605752113243281
0.17375766851971045
0.22437004418798473
0.19248389026803203
0.11685025461756232
0.18491294960716476
0.24172708082640476
0.15388045110198736
0.13274085480917996
0.16540631656691332
0.1355535853241837
0.16211716879433374
0.20975727931109706
0.1789611284372716
0.22497840258757235
0.19730615222615527
0.28369176632998283
0.12652623053683693
0.23060588189131667
0.22972987459504574
0.19376972709872387
0.1996986147320444
0.2006806308887404
0.16191963235118823
0.17834377524813055
0.20654352837450926
0.19462605792815496
0.16154437609096892
0.18831886417986232
0.3063316484677791
0.1876698106136441
0.15057738333625678
0.19482730601816076
0.2151866856369623
0.2079002591071868
0.25832806643344847
0.2839504850129296
0.16991958630222248
0.24022879841329792
0.22672128631663263
0.20438531102267588
0.13455436044495767
0.19276747532542424
0.10808679391975612
0.18975455637291339
0.13690125023345218
0.17868012736546818
0.1455666252270945
0.20507546784103184
0.22093455065918638
0.2563914053285009
0.13189452848473837
0.1775073535201533
0.13518891548777215
0.10464485119895577
0.24407574384669262
0.19725710552296724
0.29711219323136173
0.16911992915190266
0.11967495647253323
0.18464594453048952
0.16388519886694441
0.2309831791198561
0.17657618879637443
0.1833563417817166
0.16420486092479242
0.28037790708608545
0.19954769244640336
0.2358172564042793
0.20525327107723626
0.10821325180046297
0.27011717727166723
0.18465895775656857
0.22124569694755755
0.2314322755957149
0.2246239638437107
0.15825611371500425
0.17193962127567436
0.19456281788633084
0.15021062048483488
0.14128652469004574
0.10793049810626391
0.18480930583702543
0.18134892776704964
0.16189255598845992
0.20881309095874273
0.200645675756416
0.13765461639501758
0.18587702423096678
0.23593635735321297
0.20443796950098608
0.21643955041558718
0.22567985099157156
0.24673500571948329
0.17707612025237973
0.14963922588333095
0.14765673328915327
0.1999691243664734
0.15599874088329846
0.17871349291468783
0.20887165437632715
0.23910449462072822
0.17397712997375336
0.2327003388393012
0.2469685486387622
0.14761587460221193
0.2068203252454219
0.19372217570282396
0.2520793525948005
0.2542274943608574
0.2504472773282539
0.20201900169274115
0.15690457637893032
0.18563790189333348
0.18116508577319543
0.2653381988059818
0.1624345653380991
0.17064024315746312
0.27091132648766675
0.17896496585299154
0.28577880752357143
0.1554019928960578
0.1674600082191625
0.1895420709042952
0.10221056665788594
0.32922612074773816
0.14273226857065724
0.15806275429232708
0.2220834744794879
0.23977598580557796
0.23791736304166075
0.2700698597974509
0.23487345906842527
0.1897471629146728
0.10549423330927493
0.269496648135094
0.17762136690488525
0.13274681652044334
0.2750103189174588
0.1802885958931202
0.22295048864052616
0.17196211891357246
0.18643165315661772
0.20091876757235627
0.25716346411681584
0.2450401967348323
0.18514582100574659
0.17342070959980233
0.18122070734816503
0.21331858195462913
0.15358387310462637
0.05140907816081358
0.1431332487093355
0.26933487549675605
0.20379362621078406
0.16906429738175607
0.26611082996483504
0.19122406835899727
0.10818293902928283
0.18482464951262104
0.311572733789736
0.1976833649133135
0.14033794958508877
0.17179017584537695
0.16527184668629882
0.18341880805092436
0.14169858762964263
0.2277939048925745
0.11700011204344485
0.16896728867040142
0.28996481209420477
0.19752586194875627
0.21183628503431795
0.18446469564409002
0.2340371686677343
0.1430191259069886
0.21962370879614934
0.19717173580836342
0.19656300142984176
0.1809198713383081
0.13346843963645746
0.1793562735902195
0.1675802928013714
0.20758878957194074
0.2394374188257505
0.24505100283223427
0.19697490877429766
0.11898974936703
0.16630106725046845
0.1711887354856835
0.2091618653832316
0.1355670946156773
0.22237136521374432
0.20954586840134118
0.26280886885313337
0.24551737291967377
0.2744797335256935
0.29983550162107947
0.15757190296987883
0.2054779458207576
0.23296284539990286
0.293624686242546
0.21098186368415325
0.19638065084043074
0.21377704421818855
0.2263331790178726
0.23529244691237775
0.1167766287005718
0.09907374807985525
0.1983811739208299
0.19259095600535692
0.15108962356486294
0.183768351826734
0.20177891876455414
0.23239065191149444
0.20026766313202665
0.15036753787819251
0.14348492043560282
0.18060267343869857
0.20399170147432039
0.18673272517341072
0.19319478448731722
0.19628979264962235
0.1312488440917164
0.10965156130889885
0.17133254434776532
0.203937184127982
0.29923433566001445
0.2134440876331939
0.18361885754295956
0.22755821019406708
0.14614877482989663
0.15853412436130493
0.15359051415564792
0.13513080490322496
0.15622090612024847
0.21254827795088327
0.2248996871159942
0.18274121136624336
0.15827584924966578
0.1811575899733419
0.18025761835295936
0.3176437566156497
0.2205394999226747
0.3039095167491249
0.23270380937343915
0.20647278338199482
0.17557564131910336
0.2905251533486536
0.15111224999124223
0.16868579293486044
0.14143554025031274
0.2055554836097402
0.14171543147878907
0.17923449864562135
0.16881451059572347
0.13379615286271368
0.1107292072865298
0.1188401943585164
0.16566883128037282
0.19681793079733198
0.1419634206287263
0.17440577361246865
0.15718056756624335
0.32009444186455804
0.19307663644240172
0.14216929185288843
0.22559749566842902
0.1648329001088743
0.19963322487710256
0.21928924126913024
0.19476089520785983
0.2690257804769837
0.20337019035157852
0.18626363639385424
0.1713628626226097
0.10151302890333658
0.19130204001912102
0.20805239170520395
0.1647944963010745
0.18312566039894207
0.2181769428700392
0.18189344342539981
0.17373128068832344
0.25565971261828363
0.24323352519347763
0.19423999295477165
0.2659816676451281
0.20824662194465107
0.16834708119196912
0.16125950806636632
0.22916080820174062
0.19851562517895216
0.27310769102478494
0.19761492527433835
0.12811946219453407
0.2406291125721888
0.22127971489936032
0.19080457675105558
0.19390477902726075
0.15935088276121612
0.14287426381053286
0.23871197177719128
0.12628331396281042
0.22024073706163094
0.18639329509927655
0.20737257738441306
0.1393387191234514
0.2414985893396991
0.1875829529833421
0.17887858709436813
0.23566914188262014
0.3066072174264861
0.21458161052907684
0.20108699565103424
0.2940226304152622
0.18620754861515715
0.11822817802236359
0.13503610773668456
0.10761144497635189
0.26846532880395085
0.28720807616272803
0.1674152334072588
0.218058029410726
0.11796603209063761
0.22727376055036175
0.17590668010162724
0.2268972050246873
0.22614152528393688
0.11858027294875174
0.25429886762320175
0.23430888343713221
0.30134500177727386
0.13315737048916215
0.10371987836156853
0.11166108048738485
0.21056635090360143
0.09980174221614153
0.13716416732250736
0.186155487274891
0.27023170195618884
0.3049022176295768
0.23539823873536248
0.25831495172236596
0.15920295346536828
0.22085895854245316
0.16148696482312747
0.2573117631433701
0.15795243583460478
0.1806555171333849
0.2438042296234425
0.19013700211899387
0.16446877190090622
0.21273532859950423
0.16940842964214156
0.16108455229316085
0.1566479236506448
0.2894485574552329
0.19884153810054522
0.29379069193972596
0.14357510495825898
0.22424264485762524
0.21727728606996585
0.24435068385738803
0.2343652289526623
0.20273294195809416
0.2025868984035073
0.1892390739847423
0.16333105366370232
0.20088902445559917
0.20385407710242417
0.19478423038519227
0.2716795928292718
0.14741449700969564
0.19776711346710316
0.22794683823237832
0.06285943580787096
0.22800302817821433
0.21305473382386694
0.2000414729494914
0.2984643286764595
0.20308226514706973
0.18150127640983224
0.2003037415327182
0.11131108415845868
0.19454162585478607
0.2515969069606244
0.23606149304367374
0.21725332179479037
0.23645592256420117
0.19556178064503177
0.16387121418148093
0.24053886306071415
0.21994398849793034
0.25558394075117913
0.18131021906822123
0.21814677870465332
0.20844917919736425
0.2155968245271404
0.17025514532031616
0.15991904567822549
0.10271870463377314
0.29382391253237494
0.19318516854473422
0.10359785901184332
0.15176385786464092
0.2667783767405671
0.2410807992285383
0.19941582998262916
0.2683049615280361
0.19126607471840731
0.15463186483515085
0.2078225807388863
0.21177053337962162
0.2743075690375605
0.2567906712625365
0.18121623362447187
0.20712374584395027
0.2822486147207301
0.18410925114498913
0.1872669977329018
0.31850159857844323
0.17941775240989635
0.167346857665165
0.1249368053812436
0.17235902395793193
0.17116469491991
0.2216749328576986
0.13174765591600393
0.09238384039566397
0.252177686170994
0.1348331594298678
0.284347227447331
0.22863454167273722
0.1460257987680161
0.22690382028222483
0.17368341312711294
0.12078102788584592
0.10486059856888055
0.25183083883944635
0.25120556356404916
0.2307387628227326
0.29507230354083624
0.19733163090495012
0.21738196125746775
0.22074071375322202
0.22142542093184756
0.1335760795817444
0.146147467584899
0.20588378498469664
0.24262166419755582
0.19993924394738058
0.19373223866303027
0.1876347226990731
0.2608124652216743
0.20152911931174342
0.2297151760608671
0.2794940054422679
0.2807230242604376
0.14159018146250418
0.25796318741104174
0.21779547936954582
0.2305539207297293
0.14745294279932158
0.26634870952918166
0.21901091723114832
0.2169457882079331
0.24342445208546235
0.2651591870195033
0.19931035047451595
0.28578455640857386
0.15078283188825173
0.16697498134154606
0.1941887270755005
0.2504280227287941
0.19100572348464048
0.21373167839157603
0.2331568847254395
0.22854587444449234
0.20954624269654404
0.16567724745970164
0.10527996992479635
0.17969534371705603
0.16227347125256708
0.2392344013007397
0.14819453583866077
0.17575640269717635
0.14102906546583252
0.13074841535182413
0.2282206555633148
0.19548325242294212
0.140337351240519
0.20157301286388163
0.2024009326244243
0.1980755900544736
0.1341909069313677
0.2124529706778591
0.15691964591173493
0.09150137085272787
0.2593965339529784
0.18038400464387888
0.21402196284028968
0.2569252839503354
0.14455102207486428
0.24535384475509497
0.19726928464117327
0.21782818487992367
0.26799892773119904
0.2644881484544713
0.22624690839595976
0.24803468965924091
0.23698972302817553
0.21476001018868643
0.23283969827910092
0.21592877522747722
0.19142411421228678
0.1411266918127789
0.22226835908432827
0.19595355547419668
0.16339180308957224
0.18813632062798755
0.2052479755589057
0.19247255499268873
0.17321903926015098
0.19477288846858065
0.18570465033286987
0.17693323918648285
0.1786289607795645
0.20910177646353703
0.16791804886879266
0.17348007691728223
0.22589239409378975
0.1954957766451383
0.13596342939861106
0.20815975065717676
0.3224898265814958
0.22072203212499847
0.27329020931251685
0.15864394110018967
0.29459640264275283
0.12196471525571531
0.14430649061460324
0.1836547060637236
0.229993145747575
0.2203134515263595
0.22689841419525414
0.13658485280875504
0.22067057820132321
0.2123740157604816
0.21824879907563832
0.21831843687231633
0.09902258867514083
0.19524919102791982
0.19420678899267452
0.20673981060827273
0.12024232140029022
0.2867442724557291
0.19640515531112673
0.17416834081136878
0.23734056174996365
0.1443739189287305
0.10186457838582952
0.1612746202935719
0.24182066249142328
0.12215531689845958
0.20586003668851516
0.1493954911792018
0.2450999300272027
0.1823872282446092
0.3205721759375599
0.13418677054157319
0.15040746072883487
0.2735167993305925
0.14051317059324228
0.3455364707485717
0.2064781146602372
0.20956429293711512
0.3107580342468044
0.16756083061272026
0.1897828441131858
0.132258624976041
0.2698417889718288
0.19089141808535975
0.23037852471795967
0.17907402372878106
0.206779269347432
0.24372852190922512
0.19026454435440018
0.2283119123313092
0.19923852082329516
0.14217555556153577
0.19913455610502534
0.23445510194063834
0.18470381655332568
0.27728447337974804
0.1936339018062322
0.2182308097400846
0.21849785954473072
0.3293611058949633
0.20341324674729996
0.2039945168899807
0.08716106591017828
0.19080800192215222
0.15818522152006592
0.21009082187439296
0.23948051524667383
0.16123894940487635
0.16968204789809127
0.18947806294729583
0.18377181831316297
0.25271196782471833
0.16020467930931648
0.19533315605177914
0.22132556433440917
0.20911406960789086
0.22091113803736387
0.18068479774720678
0.2327833249418036
0.19452709725364153
0.12125801606876689
0.11685904753555638
0.14647952270602327
0.19672542419152528
0.20771322648901494
0.2421715667406887
0.23762612275931577
0.25958809692313306
0.28336822159086494
0.2044547407881765
0.17715148528357144
0.1939521289117263
0.1879880697409039
0.21694860145251177
0.21053953886948773
0.24647198491471328
0.15210138115063682
0.16001946212868898
0.21356592804013258
0.20574929885053161
0.09638034349560386
0.12817302635585792
0.2515936194447018
0.09935673130414482
0.20065287492036846
0.2823684776388149
0.1494247396136674
0.22254069132172705
0.16306798663679445
0.25660753341843723
0.17428425196041786
0.2230857659338825
0.33683574380600045
0.13991028574439787
0.14597388387604365
0.23937613003427904
0.18446148715083951
0.32694520513695396
0.23746141647475016
0.21871035658363683
0.14568074375863438
0.21591042438289634
0.13578229165765054
0.11773073943941342
0.1950917367506986
0.11909049976762896
0.22779957633425502
0.248826068040835
0.14205165555609006
0.1849732359381454
0.1382385731131276
0.10090999646033774
0.26960438455258495
0.1897522940086226
0.12337438584557164
0.24363699873169284
0.20975832814007628
0.18487445370117128
0.24213625696763158
0.27519038479382885
0.1654011720715028
0.2838325211154084
0.3103472826412396
0.17029121096926697
0.1882830028393829
0.2528265851568214
0.23784647927334202
0.16987727574519684
0.18313662250051
0.21561729481181283
0.24251035036958665
0.14045811738038488
0.27610967445476775
0.24510724653392207
0.2000874698833798
0.22502282218990946
0.2343398620523097
0.17657121650050225
0.06377458782344489
0.21053152496122304
0.1874825057451397
0.2249211090338502
0.18362024261827414
0.2374841583793766
0.2768664502413398
0.26328613020263336
0.26191191902125277
0.11096761123280616
0.27664148454598814
0.17679042743675913
0.21564450610585803
0.1648240932283218
0.221196352469561
0.0662468067885213
0.2146402004982337
0.2668596659557077
0.19946287601080712
0.15647219561233877
0.16902056081175842
0.17755956493176106
0.25853623266083336
0.13014835078040604
0.1444257451408101
0.2546717556062301
0.1246458258864485
0.2520353431537736
0.24566359184469877
0.19481846891283916
0.10428034882952886
0.23153613503969064
0.3173607729897924
0.2961034402008105
0.16997582622251067
0.25071289868446855
0.2680711186135236
0.22278186825871443
0.16838162113040797
0.20758283037898118
0.18637436177205305
0.25376297822872673
0.180712143046047
0.20232550301181706
0.22270654767231343
0.26089501638963875
0.1653393433184622
0.13663137436078687
0.17678790244049936
0.10520352711601372
0.3203171311011826
0.1454409925621101
0.1571226805046085
0.18688191282170802
0.21979500309409084
0.2574950153989011
0.299722314736488
0.2581684944714405
0.17619848282881823
0.2512809957543234
0.09965436644319248
0.14814790334423916
0.13272791517132715
0.19128531610288835
0.19133106761712468
0.15747110913653534
0.22486858986301286
0.19968556361568746
0.22867402774308265
0.2099419833990417
0.24703088185250927
0.2096275253710015
0.2995829491808219
0.13412366108859225
0.107081954248035
0.23053978903535485
0.2562902417464818
0.22751184130861907
0.29655997277924107
0.13319502212108789
0.21620440238320607
0.17169331627656748
0.15197560027432178
0.1981716698461684
0.033464289154929855
0.2985423117602528
0.09127996879710681
0.21044117068580975
0.1970921262255628
0.15205688318414814
0.14475083525267013
0.16801772862073164
0.12717916850313046
0.09946195684937637
0.31957296103114996
0.2305321446031895
0.1943544434543353
0.17261189736688284
0.16873661836782602
0.18614930720881295
0.29578241548249073
0.1771372765267975
0.31524883945624094
0.16663406744881465
0.1263561536796834
0.16444312051905757
0.15421597390877434
0.1692439181443698
0.18983676354193582
0.2113051046818397
0.2065175685072243
0.23699393875064662
0.18016104625723925
0.25583611448659005
0.23474762416657197
0.2504764354767257
0.21173206344400308
0.2309532774212176
0.13282079599170243
0.10439143565257042
0.23991229028457411
0.18088081973758524
0.1897290004470819
0.16929369671284525
0.23663250220247065
0.24826877555944468
0.22006587889871568
0.16987621045949447
0.20242090487167297
0.22878787053844246
0.17044502579620766
0.18015629364894664
0.26330373327894385
0.206413569328362
0.11617547770478014
0.2733724811913224
0.2502418308258184
0.23906013740610008
0.13791463472570037
0.18852667745074297
0.18684333745909662
0.15857585524663845
0.2701128956395172
0.22630845324519744
0.2077061662839662
0.14851119369280003
0.16758987522877122
0.23069065322517868
0.10681649783333808
0.16176904989979357
0.22099294395646008
0.24334113802093094
0.25230583883349733
0.2580388097735172
0.16854185671939548
0.20266126506793342
0.2924598071061384
0.2437761628031434
0.27925337619117957
0.2009130107275545
0.1832797268917964
0.20967897999281426
0.19274148816454093
0.21476434721759669
0.1258010303664323
0.120508917310632
0.17702356517397294
0.24701909338256323
0.23834502747459974
0.19499510034642978
0.23007743528072153
0.10438189940820619
0.21657835974332576
0.17106677508221602
0.20649794846648462
0.26981189697545516
0.17415813465236127
0.1679117643712768
0.2278163999242082
0.17634885726554828
0.220412933457337
0.2340583896814451
0.26102259517925336
0.15117708308568348
0.302787674212742
0.25196758816305664
0.2404816300386765
0.2648508244948712
0.2887835266264401
0.14557933979964263
0.2601884675458083
0.17673344665421567
0.2355510613512653
0.14615343051517674
0.14989070713265523
0.20697427459348766
0.29684575874715563
0.2529735663718853
0.2684640402054732
0.22709026685636696
0.12271676327292085
0.1909454995312115
0.1290392920444654
0.21711104316738836
0.17933929987035388
0.17564911458572868
0.1628409619109374
0.15081198529704654
0.22142973923241982
0.2542450365492491
0.23985975623477174
0.2333677972146489
0.24151516702828785
0.17572856281435836
0.18589933889743565
0.17611586558366205
0.17730800490839674
0.21067155481538574
0.27864151747431
0.20516440703737515
0.2574667642354391
0.18053350189815956
0.1553062464686027
0.24184688599249715
0.20463871287452867
0.1174184347625315
0.17935195331369863
0.22770895936674135
0.17824400778922955
0.2442393018929603
0.2007732951170044
0.18894005047345372
0.3018092938132259
0.2377664207736647
0.25171425192292046
0.16494130042412172
0.15688837596208885
0.20809237877444123
0.18167549029880947
0.25212211114999067
0.20536860359628076
0.20970069556749768
0.21661797610578354
0.21590187260014998
0.19343838403518657
0.17857686164046083
0.18193719164500624
0.26449358252220834
0.22024657392430702
0.1399702853726202
0.23748806459444716
0.17098493768492906
0.2270821862946617
0.20265842097203843
0.1715905890679154
0.19456165702668915
0.12549062704322383
0.21993091773030693
0.24409685567291697
0.13826475824863907
0.15113880110927028
0.2266337092909002
0.22739418513264706
0.1419416629250415
0.24648442551006217
0.260676875175883
0.1779242712898825
0.173825201174071
0.22004912162492554
0.15979091953520394
0.17871927916255095
0.17583053344584398
0.20255271170774086
0.2072116996141727
0.14918970700716333
0.2721261476191994
0.23949278793832135
0.16734277094560884
0.17400245597210245
0.17648669506448592
0.1659294767141211
0.2891514247642401
0.20634848368390327
0.15483817985574674
0.2384757932835914
0.2376992135736716
0.16731097310513174
0.2738113519889269
0.32291748739349335
0.21098939092945085
0.22299842187742688
0.270158739857931
0.18742868210642094
0.23908746237643919
0.23209024606274942
0.1834075364485398
0.08797263777571945
0.18615178677908065
0.23220160638538928
0.1679747462641143
0.24232304815879602
0.1807139376014123
0.19033721445927254
0.28389140236982285
0.25760987420313963
0.18617924272784026
0.18050847101780723
0.1992456323863894
0.15669858777205337
0.20949703209074952
0.1860953820300528
0.14954531518459235
0.20897030760680782
0.23097758490470194
0.2695222351446389
0.23378828687394915
0.1523908071635502
0.2414044081082065
0.3277582299774578
0.1793872519613055
0.17983121531158622
0.0889068880126923
0.22790703026725323
0.2842820442410464
0.16071346226434308
0.16528942399042013
0.24776100543994667
0.16098684600089577
0.21200390293631924
0.19286208135834454
0.13812100223703946
0.16005806429871725
0.2777740800725369
0.2304527812202687
0.20017613450312682
0.22773223581631363
0.26037425821730803
0.1640843673918916
0.21323618537518754
0.2728308003926423
0.23208548284268837
0.1715780754595853
0.16656334744411178
0.11977000698965183
0.18380112604989246
0.1815206269395356
0.1877044727809949
0.21006416161706787
0.12357250592874779
0.2826462533385363
0.24358081744236815
0.26632937658864403
0.12260304286536229
0.18147356805754297
0.19525292224472582
0.24817007987388648
0.12426313065347369
0.2562339682257129
0.1616117357198118
0.1468441700824798
0.17944759378250968
0.22203054173734255
0.26803546930901545
0.1116623178215174
0.2878093544082053
0.24936908047562314
0.23372003628352456
0.14356257922852653
0.15499694816411638
0.1296141545584668
0.159398061310926
0.19526277044588564
0.24921260408445933
0.17506526919578266
0.1869865665168939
0.25683954690607413
0.1933205737723114
0.13705994922966008
0.18706077302868934
0.09655393706706605
0.2558833692954991
0.2276358431304269
0.15804408804853798
0.24769614277964067
0.1703715041909137
0.28468922236222943
0.17471067698878148
0.21464881515665976
0.23368644555493565
0.15916452055621283
0.16729130218243685
0.2702830283546497
0.24461101493288478
0.12242007647131022
0.19788109859192993
0.16056171897266502
0.1459828509417417
0.1516643340585881
0.1705255546142238
0.19831072965130397
0.1625581327627003
0.12709255700775554
0.1692226072418123
0.16849835598352242
0.2336595424388656
0.08504039017198195
0.17531919837421076
0.16742874550854603
0.15259578416469943
0.18535307105286875
0.1854619360114201
0.06971456903079626
0.19719477375828276
0.22644468550677568
0.1989055410206957
0.18113931877399594
0.20075378215331663
0.2666261976747276
0.1976358509625284
0.15979171311451595
0.14758425784451296
0.21396216717738084
0.2088234064529762
0.14926011048903443
0.23702474709256546
0.20346026899698202
0.15815225209566255
0.33630942494324667
0.2081772645010448
0.3244915907710899
0.10321391431386417
0.1526936482243282
0.22444481155126322
0.21938340093531142
0.2319475407331505
0.21406820975833465
0.31599620629386
0.1710407723478402
0.14964494113955085
0.2361540985574055
0.14085481422404839
0.16442606789442687
0.08785296309383915
0.15589378774946755
0.11024282495756317
0.1577405950761201
0.1807970397489581
0.20601728237154238
0.15405680804042818
0.22367031384030014
0.20242093487528376
