0.18799180609336383
0.28941425516159547
0.25721942885729554
0.23089477521511403
0.17459197456567974
0.28925362707116214
0.2043062707974284
0.10746447440791843
0.23312225718177038
0.18343241553604098
0.16381560512888318
0.13209237072574986
0.1958609586680138
0.20868516289795427
0.14826847243254532
0.08938240734909955
0.19024091764132456
0.24688852037044867
0.13052164197727317
0.15582884080921225
0.15479392164577885
0.22217171336169972
0.24150916139308923
0.17938946228865904
0.19059183850149988
0.2675765103322355
0.24151168441628562
0.25560134006502794
0.2637846801830785
0.1448459293353841
0.22753510853400094
0.1432500480359171
0.2087043443577323
0.20642272794491204
0.14019122572594928
0.24621920429254812
0.19133141720769248
0.2727674752042188
0.303611424326328
0.21049416999102524
0.1851087357746304
0.12116062477782558
0.1664847495324746
0.2265352734898233
0.2110453230164491
0.24331879075946325
0.22591051841060344
0.13657170868219898
0.19389431019057776
0.13610882690818968
0.1672859410418071
0.14574523420330468
0.1483481583138387
0.25403382943402614
0.19603221023712902
0.22043689529726684
0.20584278928328953
0.22607083179017617
0.24733209655763694
0.21520396811607068
0.288353025363731
0.13223180298548137
0.2642990235746716
0.2391128560861828
0.2504242570862331
0.2626449415546387
0.16390849110627062
0.17266426051654704
0.21215413684659437
0.26581639801799306
0.17706245705055648
0.17663500573648355
0.19973992997464896
0.16931105615235853
0.1815973151296812
0.16374180138449895
0.14576761452729395
0.22113977394668607
0.18788754313117914
0.15664609820590195
0.25401398803130293
0.14535585742110246
0.26424436319487726
0.28718170135504273
0.1679797590067808
0.2483124094395555
0.2037712001024983
0.3007871036694487
0.1144739322347126
0.18063546552397478
0.13628930837173786
0.16859414259417077
0.18624999965293845
0.23020066205074768
0.19166120836531642
0.13916813775145898
0.25181105770194373
0.18117939049914286
0.1621239272564633
0.16456695764028884
0.13016878784866676
0.20944153807303545
0.2788156269718294
0.16303316347764746
0.15207776403510714
0.18564437949664314
0.29279994660307446
0.24603495945585907
0.11657935451264723
0.15349958843609074
0.2523017225849744
0.18093360547898357
0.12610817645396888
0.2588906912379588
0.16730776218222723
0.21377182620331325
0.2563474502348346
0.17647406869984839
0.13813950119596896
0.25225289753336005
0.13668471210958585
0.20793120574698606
0.18986899790166406
0.24371993112164872
0.17665669867980538
0.2432824720590815
0.23694884807292343
0.19175329770742428
0.20275059717925642
0.23382392791579365
0.12952702757363627
0.1409994965442771
0.06380906120058
0.18615059318227867
0.25573237665923076
0.2124265740609821
0.2387737390339115
0.14872965822953507
0.23778871156577525
0.14987490679110604
0.2969498112282655
0.281295280632986
0.23421254702121447
0.19571149973134114
0.1654645375897197
0.29152713661599683
0.188880532565687
0.1603911303076576
0.14608758591039195
0.2146568017587098
0.16153453818597172
0.1962131609123991
0.1602834515247292
0.16614792157376027
0.2632889596233755
0.14214126301941413
0.12928889747788297
0.2373723702039474
0.25003709683012004
0.1260059976626836
0.203778945595021
0.26042634451628127
0.1599124209074915
0.11705007191623147
0.20217071446758647
0.11864750987073637
0.283265904710772
0.16990728853363873
0.18666582405746646
0.15369041000752987
0.18776136805006938
0.21672515367037296
0.20420943828506394
0.27368189794309894
0.22794118227936422
0.14114851239557483
0.17114056969095126
0.21068639152507604
0.2551400741618298
0.19143041576127323
0.30383803803395637
0.2183418355940126
0.2243479282303889
0.15078140313931027
0.16459916384328477
0.18179086726795396
0.17833957674581663
0.2862742594538474
0.2523198461921637
0.2808376696881984
0.1589109435187111
0.27916150740849877
0.20836191537669646
0.16435789591790972
0.1905553748505749
0.20864769495804467
0.19765106720231665
0.16510580635613237
0.23797938397381113
0.20242190771166468
0.22146501997697884
0.23630979258026016
0.2520361367944737
0.14804579314126842
0.22517490322164505
0.18183918952721068
0.23950044013610597
0.3104420295248619
0.2290187112053954
0.21969604868118167
0.21965465252939018
0.2682011007870557
0.18760946810959078
0.16063411136035885
0.21869293301766946
0.20645690664650163
0.16446070231921472
0.2105904928378081
0.26972508533262335
0.14426671452560988
0.2477085827089868
0.23701932254189736
0.15911091535165015
0.19072934299030178
0.12000440702716526
0.05595224497689108
0.23488368441947327
0.20530183938816735
0.2002306899239481
0.14157698110032257
0.2109389540503263
0.2562581093854917
0.23904739205707945
0.19121688752282642
0.20647185324514844
0.217217671632642
0.25684104516129536
0.15995029939482802
0.25532694824413277
0.18127227952316202
0.24377673965869495
0.20265946642222366
0.15356244477094483
0.23394460117234225
0.10158109371887612
0.20892949858178006
0.27212797611616585
0.13786737283733744
0.22719711823513392
0.19424877354268555
0.0876782382951519
0.2732138682003096
0.29168249950273634
0.17608083022367996
0.21901069162435424
0.09820530834506587
0.3122845966204067
0.25130508061121637
0.19277034644553354
0.17670021893750457
0.21978486549920845
0.219851916099338
0.1766976481047668
0.09753057412610389
0.23520306861780668
0.2271982505459059
0.18018458448191071
0.259763349262888
0.18623319270798064
0.2081106099327274
0.15248963823952336
0.16824696204820086
0.25125581685568726
0.1702599095268752
0.22944960840435602
0.18028508924376513
0.251782912241614
0.2235493076994339
0.1357106280561896
0.20959415273351711
0.21663205704888178
0.20374438982537915
0.19353653502161816
0.18331912616524243
0.23049470793501903
0.18130976718989253
0.1501808251554962
0.16634584876775324
0.13341581712221873
0.20789138725673217
0.22971684823959992
0.22013378418540552
0.30007793341094186
0.11868701547879584
0.22378719903703748
0.2566711199814634
0.19824911339596318
0.17257248272936698
0.24867272723764053
0.09836681941359436
0.13907805246241478
0.21112466218467313
0.2282617987105227
0.15500537790704044
0.1595846771759177
0.18504913498705772
0.21876286186862576
0.16200324934223617
0.1258317869182904
0.22955992650032467
0.20568772415993036
0.29926081276515826
0.11165797064619401
0.18052208285833585
0.2099646580563206
0.17991436305437297
0.11131042049277826
0.11397304806481318
0.1749394388550851
0.3040147570262225
0.2271947393043448
0.18727121500376098
0.16601368833528293
0.25664757809772953
0.26335327168481415
0.20482078034594564
0.10241740911069726
0.2977099160378816
0.20162087683453564
0.19295212943582576
0.11306386418284832
0.20698785085391208
0.2733606697753542
0.21172965414979322
0.11947738336929895
0.18564906090169503
0.19292254948613552
0.21160831424905563
0.14360374993053043
0.223769899153743
0.23886870007370797
0.16087705747828823
0.170886367555587
0.1662541673308657
0.21239937399388448
0.2596452692140031
0.22527656733139445
0.23092581496224643
0.22593120994326052
0.1705678689736781
0.23473441820557933
0.21158072931946792
0.17144121601195833
0.11872849855448632
0.22234018189576815
0.14466298143072367
0.18512883480467107
0.25472268151461624
0.169864326585897
0.11851310426196025
0.238898589161591
0.206414948631856
0.21848290310235344
0.20605520783879847
0.27427497509322096
0.23448156933451786
0.1408316089586274
0.20532333151134785
0.29078822602463966
0.22059226149397043
0.244994032904283
0.13233642150471425
0.19608619087051105
0.18250894362153292
0.20113246546268512
0.20842142593251062
0.15584152234648377
0.1950397736758474
0.23244444837410158
0.20333662865991162
0.1600079877254611
0.15877088286795785
0.16486464292444394
0.1837263494161742
0.19305329847489122
0.1331942522464103
0.20431068669037372
0.23208677017257898
0.15084910598155032
0.3083245248298546
0.22996773775240653
0.2496305283631588
0.21674102712339982
0.17177056114318914
0.21941505698311758
0.22896107704469834
0.1723173945022729
0.19056651283492027
0.09602244820302473
0.24223432665596306
0.23709918084849085
0.2580407700890327
0.20592855694741055
0.2241497316666811
0.20953304161222633
0.19842031227905352
0.20211750747939253
0.13557476258086948
0.2002134020449732
0.2875496594132506
0.09487463125840256
0.20759950060476845
0.21960730075270682
0.16573932373115513
0.21747307796196852
0.12895462653113704
0.15367104642820628
0.22313047512987222
0.14230024545256312
0.24451242603937548
0.3039731476750496
0.22206342348483724
0.1970641348457102
0.16428269389559835
0.2801303996328929
0.23849770174563872
0.11549939536224987
0.2168213506036704
0.14769057770398528
0.24601384540723473
0.23956668438225423
0.234348283781412
0.27027667519312826
0.15953254443241457
0.1688646907672388
0.12378392236018336
0.23436967788619625
0.3161702919678692
0.22608383490482215
0.10118418168801951
0.1742435114876276
0.15652169414328496
0.20178499224056898
0.2770219320585894
0.2058672890854451
0.20285827034552628
0.21936314711591479
0.2525717325923917
0.1551855229292746
0.2233569441903699
0.23033128880087583
0.11694624562764891
0.14893002235678754
0.15940055593195845
0.18049480015840663
0.18656897556331303
0.11428355726511052
0.13321410839800032
0.1347546707434506
0.276446968045687
0.12139592763493322
0.12573581059773578
0.28038381611064545
0.24704914418309945
0.19062982936647496
0.08051089925847094
0.16732590595237168
0.26947424414327037
0.23281994079177307
0.08220067391639051
0.27632181556544877
0.09469756413391633
0.17382298646850414
0.21937552315328024
0.2455877307810136
0.260040468109242
0.19211988112990977
0.23162992273651262
0.2192201637624413
0.22418267661762742
0.2657496358352219
0.22581369686552483
0.17911507791901338
0.1329322779099245
0.2816484821960113
0.1864003648645491
0.1956342977791659
0.10031288002315294
0.18249656209132858
0.22938019858122638
0.20038018222841789
0.1609875016968875
0.16537704276792456
0.2483787207522727
0.1472030253959541
0.0979702551646617
0.14149643913678278
0.14849448018320627
0.14351123348755124
0.14696005639871093
0.20335069473735007
0.25232002708934326
0.21626478691744905
0.16753115741208965
0.25560494045606413
0.18034085262326313
0.12180870352980405
0.2529304579656255
0.2505422712944128
0.20278630925716865
0.18287661803379668
0.2942477264759046
0.13458399477551744
0.18450627471180275
0.20289094100177946
0.14729750790516832
0.2673298188715518
0.19234594917837217
0.24805106031881788
0.2049316394996662
0.21464119449626376
0.14916153802215193
0.2022455323880819
0.2639293111659556
0.23529267463004114
0.09273524413275198
0.16183158682179927
0.2055906134087861
0.2503129698727786
0.18584897009201629
0.17801879532279752
0.27614240095628007
0.17541812740913926
0.174703710717767
0.08921844211516013
0.24368830151120174
0.07676572051713092
0.1162319915301832
0.21260008634612387
0.16386614707866748
0.2316371418437356
0.1563531343189598
0.23802199427939652
0.17492831575183043
0.30065293116794145
0.1838106384919255
0.16806924154143965
0.24554253128826234
0.1917191419719021
0.2600798932781826
0.11703805569720564
0.2575926057272816
0.144006489335608
0.1903099827189635
0.11882752101900923
0.13369681005783973
0.17194200690362582
0.23046843179807228
0.2446228212193145
0.190111278198384
0.11899669256154895
0.2736407996373811
0.24271213609920572
0.1927724391303674
0.2810541317840496
0.17686562421681204
0.11321597489467448
0.16215572378152998
0.18762726071582533
0.1979428158890475
0.27184240911892205
0.18199947476280284
0.15456606072952583
0.1933111277681057
0.1952084016265037
0.1732603545213422
0.2275914320655949
0.22918152777003709
0.20457907715181933
0.16120048216803315
0.23567384041153833
0.18535186162946038
0.21208291865774226
0.18200713580074443
0.16588918594551907
0.20915613189711704
0.2875145270537091
0.2249485102825353
0.1726787437867371
0.21764326942835227
0.12816446780934454
0.2996978647182745
0.2332648105456221
0.23107158025559774
0.2340306364586619
0.2483590762613852
0.1887085359580616
0.2969153330976753
0.09959456882346314
0.2365555223600491
0.2675320790422784
0.1842339023282804
0.18055369910252897
0.28389564064505607
0.27578238384378795
0.18353659878699882
0.10054020492354396
0.1911127881950865
0.18219324735081446
0.2364725284585862
0.19849507724025434
0.20844946409459458
0.18586987436626012
0.2857971552555039
0.14273046907864445
0.21201630983046849
0.2435609943700554
0.14782732032115609
0.1679775906980649
0.22064587207634392
0.21729965714071695
0.2414946717022807
0.263698927224239
0.2136703932799959
0.19112632640758107
0.20679540512210243
0.17283056523570553
0.11810027545815842
0.08540826494477588
0.23236194448461853
0.23028886322860542
0.23887428667181826
0.24986527547576476
0.22956764506477276
0.10523954023589067
0.2201776407469413
0.11053298433068771
0.14855418880055238
0.20958593077742993
0.27621637669058496
0.251321261779003
0.2651860129784824
0.13722973993188692
0.23791511531828435
0.18577570913656533
0.22907673525423786
0.2962212372971528
0.2804456763344417
0.11923890122162811
0.14238006493074348
0.21625673781818708
0.179326878915902
0.20119725795365542
0.18818379891612674
0.2078545291259329
0.23593787216568618
0.23070217251914998
0.13730213586104906
0.23700925428885258
0.2315389648450829
0.1352901632976271
0.08944458313667264
0.23386990171727895
0.19935020091229874
0.24967297935897942
0.1558958346186361
0.1643070567770945
0.16435110297974273
0.3101162963174855
0.2017679511377949
0.21439575960269208
0.25874145725360664
0.28712159685685923
0.19262764908699528
0.21031878879940752
0.301249456315725
0.21392104281205282
0.28493286084789926
0.24054872026210694
0.2769835214728852
0.22676590065354982
0.17836734361772366
0.1740492301597249
0.13479373203285427
0.19969013363608076
0.18990789029645933
0.09942895820451891
0.2450451799874778
0.16208504788330558
0.2249874883332592
0.16477713284605433
0.2615912706997305
0.24974759366110047
0.2540720883903896
0.24265186292635396
0.15934084487788414
0.22246794468743503
0.10614211857430549
0.1942142247013975
0.15667966468544153
0.23016607738057693
0.2273455138957213
0.17031335900692499
0.261813949129198
0.10337748552454072
0.21262839204867223
0.2267870915053137
0.16467776931324435
0.23304899231634713
0.2263589712192738
0.2743918348939793
0.17214437983041078
0.2177013813808131
0.2246378335833252
0.2185660591693425
0.18731697981918022
0.2851485614290775
0.0774799556463751
0.25139094864400136
0.2153963488733831
0.1428749111984411
0.12158621605057773
0.21751243802970438
0.20604748321325794
0.16831323732887007
0.20915787796005642
0.2472334808631088
0.21098541605653903
0.2506164558649858
0.23913448874693594
0.22405570419632184
0.25080547833097044
0.24407667490685442
0.22963277623355768
0.2010552917475047
0.10482111919815416
0.14494446362993493
0.17337982320823542
0.19217748528973536
0.22885201132806304
0.1515540396472686
0.36868629317155466
0.17706024248332916
0.14658801178497974
0.1854104366549578
0.23793641710458474
0.11487087109255291
0.28254041295210014
0.1614584245069646
0.17933392875839851
0.22279899697672048
0.21041141658762175
0.2176919547234913
0.2307670102733697
0.2533340989289327
0.24948740039496253
0.2142827374679304
0.2907855903601127
0.1521705496837406
0.22221775416342285
0.21937898117486118
0.20930560810584115
0.23173471350190475
0.19969948457145928
0.14301248802118682
0.18681318745543013
0.20135712384180265
0.12505736644700222
0.2367230070076207
0.2132427468131868
0.25397621290716993
0.19359650247683186
0.18610157174046763
0.2624881755387239
0.23885792365190336
0.19202492036358723
0.23298001257888606
0.30057823532326167
0.16910375347929776
0.21498718276225412
0.22971270831497667
0.24559745379990394
0.19591786018763002
0.2542507555296143
0.2686437385166328
0.15496247014508463
0.1842060364856835
0.18263859347711964
0.1940762666368533
0.1638870293258992
0.1772315372988638
0.24880583361366881
0.27870861721173645
0.2392567442855696
0.23321436254600744
0.23253171470992465
0.13799453613415558
0.2537594942322145
0.20890220549397945
0.19191478903995152
0.13676057361084132
0.21472186619609843
0.2755409465749856
0.25681085457745473
0.16465547160229774
0.1640719458355237
0.14034418997974582
0.1443475087026927
0.09533731457641126
0.14351747201583465
0.18861895359619454
0.2458402864169799
0.1818784748022529
0.21690713440009748
0.07709129856358261
0.2296439258551896
0.3011999052253226
0.2902230907507588
0.19091239716358727
0.1969253128752042
0.12411228227747353
0.2153382373651439
0.3168399919251684
0.08578569157152893
0.2842075558319811
0.1556094723757972
0.22394237619329962
0.15784706304934068
0.16303133611262183
0.1653651797619125
0.20919974521957013
0.2821935206223467
0.1357877860001238
0.15682934014442934
0.173630844004969
0.17383554346255148
0.22001831347672543
0.23156509803525682
0.20270662790512137
0.1654825704964219
0.2589575575548178
0.2228204007792157
0.20128860368117021
0.12051340090935125
0.25108806891722196
0.09274218006939612
0.20209478352116783
0.1305008743112206
0.21321960782846058
0.24735683225148478
0.17159571348731176
0.12871924199062051
0.21530407954553404
0.13223962002894202
0.18928817110662752
0.1529026281726088
0.18353347603581077
0.11611365355010424
0.2370991142120514
0.22048024647218362
0.21325666977854382
0.2111172970196545
0.22205296126453775
0.26566743461887604
0.26729106802408953
0.2880045731205188
0.15582025420149515
0.15980159622022996
0.26703291823321545
0.2971131787363134
0.3076908437879892
0.12000578580511106
0.15398449450783974
0.14921507075635707
0.252744236140889
0.18012236579340218
0.18947491689623522
0.21006252449082827
0.0558897109434304
0.226010506251917
0.20891148995025785
0.28777169398972613
0.19178972320211132
0.15190155071455502
0.2648819786460086
0.22728452859794504
0.22601626099499889
0.2666465354528699
0.20773980220979005
0.19063306052015547
0.16946059691979326
0.2400899544533147
0.24965415102425587
0.23259979882682436
0.2530411758730462
0.12065198077113143
0.09128035922222542
0.1943206947698609
0.12891626902418651
0.26311822464991724
0.1275155442307987
0.29721895913967034
0.18877206094047852
0.27363045651063866
0.3022558178506686
0.13302489163019138
0.261624104946153
0.271002917030053
0.20898306512265516
0.21663309971585512
0.27513667039415346
0.2056991120351808
0.15099953962879584
0.1992610804179006
0.1853983585995873
0.10427602393777757
0.1706097438087008
0.20836815111327472
0.17497416715287012
0.19838575347813547
0.14064669148981854
0.2351461524468991
0.17278966011001887
0.2877136044140465
0.13797853060443005
0.18555894822781105
0.26336036940566476
0.14796470754818164
0.1850685817202459
0.1643438508101443
0.20070264485039266
0.1440964464306752
0.19264951620046147
0.23574984267147087
0.17075780886277403
0.13566317473459255
0.13857958629348138
0.15954846709873777
0.18859384616597172
0.13028497957824442
0.1949681160034154
0.15849219517735164
0.28360623040963717
0.2363269569055592
0.24020697975768363
0.23367935174222265
0.09262056748120151
0.2816605308781457
0.25370070711718584
0.189912198562258
0.08392179772338891
0.16929567795087758
0.19008030083376726
0.2703950518112383
0.20756735290957906
0.20182652079149202
0.18483325662304514
0.22881226495414464
0.12300937468837547
0.26002381602577174
0.1836657803602087
0.2519122674968906
0.0848622439862484
0.20581806412916953
0.19662947164469716
0.1469257415328804
0.21720858869945958
0.19055059483572406
0.23684495241436035
0.20106590635581598
0.09930458185802134
0.15073575075834628
0.16616157552302876
0.17834270610466202
0.2487064595035259
0.09619683601703466
0.143787551768063
0.1873027039481952
0.22658434054469603
0.2257059157885694
0.17952631059305119
0.13502036267361178
0.19294173286339084
0.20117046208701922
0.22026312378000812
0.18085485222177522
0.20827183012030692
0.23300944486217817
0.1785624707162375
0.20351004842861153
0.2694972068448136
0.2873416595926853
0.2244346810990105
0.14622552016885598
0.19628360453356714
0.2525761390901143
0.18455925555774888
0.1626122412071377
0.18249234130483752
0.22124381151465342
0.13269651087261197
0.24515396073758572
0.11799225819666502
0.24913530925924643
0.20911726737116387
0.15722028181734754
0.1479891063302673
0.20050045611899173
0.24240195279569546
0.2416699470043913
0.1916765806388818
0.12584447654409925
0.23243391825319928
0.1730988573296542
0.1939848183829456
0.1962567435822461
0.11960962077410767
0.1713685157753646
0.21825177182080602
0.16761368858292
0.15938361086979907
0.24875639984456832
0.21330015857967552
0.13935606435509618
0.139506731135099
0.1982016315477392
0.17222176918072957
0.13113347436806141
0.22377149252503495
0.18547865228560323
0.24907697081346372
0.26921423439119435
0.24678620268373486
0.11167408089371272
0.1534683101331485
0.171166089911103
0.2794945819724468
0.11550212526583052
0.22510545964405906
0.17491756235951067
0.1360844992294375
0.28939096006186726
0.19241852529625295
0.1913414607786474
0.3059063790908002
0.24820712250024404
0.2494279279805647
0.25054424238453726
0.21861206600229116
0.146224999237028
0.1654355715899377
0.20229314518379116
0.22314830118850673
0.15796969082905832
0.2217068366175251
0.25676527566434876
0.2130228059870346
0.21693001437319268
0.17236484148221698
0.291241779300633
0.18936956150562403
0.23442426601420363
0.2365898169843655
0.17508812647453798
0.18117937597455902
0.06330939274547798
0.20163772612122202
0.20827550146388576
0.3044057152523191
0.12918656849721724
0.22329540589194613
0.31086407987037895
0.17595471503879717
0.24153769864150648
0.2306896648654178
0.24273804677148542
0.1708730779115057
0.1807011290502008
0.1644554746110929
0.17340184426869093
0.2615292376502332
0.1926349168989679
0.2635631956401986
0.24950934497401633
0.2478337898992081
0.29030773325157616
0.18423089908941498
0.24941726433844058
0.17217819366530257
0.18106189441449067
0.2625151126560591
0.1817165164832001
0.17531761813280738
0.21353118365831764
0.1563595914481213
0.11451535206635588
0.13071473897936098
0.25383661070995833
0.1699132333656643
0.2521475335390312
0.22955328631392935
0.14194171063022032
0.20343487632872043
0.23387563276774376
0.22014156276790847
0.198045203436452
0.22721345683233937
0.26216744627906063
0.2217406122799524
0.13423447969586333
0.1308194314899746
0.14899814375446546
0.12790816471285554
0.17030583723919973
0.20380094351253186
0.20249105101483145
0.14017992229885454
0.2750096207894507
0.22603150181717496
0.2098867583715462
0.28728951914339446
0.21784182801614005
0.16543417666239793
0.19856630382108784
0.11300789234839764
0.1326993208181979
0.2609345696750886
0.2680512141628375
0.22138442839845562
0.16812695045782047
0.3138329831332113
0.2731114717663441
0.25295433496503156
0.1497507186821987
0.19941045598436263
0.16629407882017277
0.19934783330609998
0.25320730015695925
0.30372746701546394
0.19666755229569585
0.22400210500314735
0.16965566126935233
0.13276622591339993
0.2454084297199326
0.2297535769916324
0.03841495210667242
0.25688624730195664
0.25547114981167396
0.055861200969485575
0.25438498351846867
0.22391689209354307
0.1519930019312495
0.104372889362434
0.1651806125788501
0.27481942794659775
0.1822937050317158
0.22772530182253697
0.1914358178872379
0.19936191466752148
0.0954141120211844
0.14253310942954128
0.24227735813933218
0.2117004019622462
0.16408722505978407
0.27207735853760184
0.25574761397759904
0.22211362859529762
0.2560310094363898
0.16799752127314388
0.18738155455229644
0.19383147210079757
0.2256508611502974
0.13044013985264957
0.28863901270731607
0.2079301925975426
0.23703654829019655
0.13802695900905992
0.17211854096777626
0.21216774582468154
0.2618445918758562
0.34273808506292613
0.22278081519554474
0.2395684727262984
0.10296184321163962
0.26357932226013203
0.18987284903858342
0.17147468796132817
0.2086401236377026
0.14659842108471327
0.2651751757565994
0.2808954271355647
0.2180567994876093
0.1643515299508041
0.14150486011554772
0.1399493563211206
0.17770120311566834
0.21514960353091478
0.24571972293875646
0.16311193856365108
0.20750594341836043
0.16846950749840484
0.1735204472463412
0.19662051009280804
0.22268007197006703
0.1881881721152131
0.16844764679116744
0.15358058243798545
0.13971986660996544
0.15267963012649827
0.24779106728799957
0.20077666587186743
0.2597010872403686
0.208962225967465
0.15979151216256982
0.14778622255642293
0.010279753150356313
0.27979461990790366
0.20081713630122422
0.2173471433455919
0.2484217047009212
0.15446841442286596
0.2999794709036095
0.11408513241876801
0.167322410771154
0.2278857429351746
0.21946605763365595
0.24694008680416146
0.21843315007411856
0.18002496663140044
0.14123287433501455
0.21762381063701086
0.2301470337707861
0.23195889322005844
0.16028281554592083
0.16374986236667163
0.1305960947200358
0.1649486522799355
0.17782388900138077
0.2245282334461242
0.18658018834842308
0.1891682356304804
0.21488717903058108
0.21003798448234026
0.1293661126167976
0.18709046459833045
0.24580702603987103
0.3327936560222343
0.19461674145617594
0.11490664169683938
0.19156568850010602
0.08402073820992713
0.23747974042619965
0.19437477367197853
0.11227587696569596
0.15462155785716558
0.08087656286753442
0.28536616714057883
0.25544506533964906
0.23746201364735853
0.2363379366355963
0.16400265833693986
0.27348035765032785
0.2667946147187638
0.21026925303365165
0.14827992459449818
0.17368223381154438
0.26339236431923807
0.1770091523324137
0.31890793539682294
0.15292330843172147
0.12170647170189236
0.20143025135646342
0.18982208020517638
0.24560316899210313
0.18220892722085572
0.21357715276559033
0.14171919798075702
0.18176880474782756
0.1904235855654939
0.15813165588488357
0.2306617736701015
0.14509094670867403
0.196414282113106
0.1776830261899285
0.16668003907881834
0.1819522220846219
0.17088142619437466
0.18128636745085808
0.19862539045364472
0.25102939027498083
0.17989495531738897
0.2199283404101585
0.18405228560555303
0.18455631514471926
0.20820655801542157
0.24176679656175717
0.2029575099881965
0.36319621190368356
0.19078987865353692
0.24580941898857206
0.1570681522081446
0.13415359930441328
0.22717380220517325
0.21188661883872847
0.14153845927983588
0.21595852524810225
0.09558015984397011
0.20912929022139423
0.1882476572905927
0.14652318804134806
0.14057007816136124
0.22467791853194147
0.28544972847109207
0.18805673032704415
0.19831429315332197
0.17474035499494234
0.21238153409881122
0.20786832609473543
0.15682067909239875
0.1810169059000688
0.14214139712648624
0.14605306047876854
0.2089534032391459
0.2579258913937088
0.2073269126829944
0.198419184577632
0.24562950394876892
0.18475154046404155
0.2758262494531533
0.2518065629740784
0.15987668725657236
0.20853078746986026
0.2035425285770276
0.2304588091926057
0.21436776609612745
0.26035841611351096
0.17078472554358476
0.12749941283121327
0.22553239313232146
0.20580665106597362
0.22918672503277054
0.2170252383311221
0.1621029702597355
0.10900615721331558
0.22159530891644222
0.18971483980889695
0.2545319640561752
0.1583648093230211
0.1874030996148024
0.17434268813481477
0.2404819327159538
0.2771184599838789
0.25044822324087895
0.204094268023545
0.2892691793776899
0.22568144721152245
0.18950353118845034
0.24477786872137278
0.2297427107239751
0.2279009707429137
0.19464251246364805
0.13511871718273377
0.23855678883006898
0.21261109730533836
0.1471874795230188
0.16905646388266438
0.2139431672529799
0.18757349337299628
0.14042608573574505
0.1749052934769629
0.18479189992518774
0.23954943224830627
0.2686765428417518
0.21252270673564183
0.24803529425371243
0.19674080197470453
0.18239835549658784
0.30129945241967526
0.2211948774825839
0.11605241948785133
0.1458856998546969
0.12950236649151253
0.2255036572085718
0.21566829004470747
0.18016681990754402
0.2191363914519508
0.24421659180790148
0.2059131545280056
0.12000738875542345
0.27120461867331647
0.22087842203492153
0.13237954027656273
0.1512641644063305
0.1898556009779809
0.25160667491381666
0.08899739427362541
0.15841413716312996
0.3002629562151783
0.1654932460801341
0.20490901177953968
0.20201144371228616
0.1754907600861763
0.21307962411742654
0.2070818777991996
0.38715804040211504
0.11975056152583709
0.1365336935637328
0.17506133967195972
0.13213807617253998
0.14913558336927632
0.21159428822469992
0.16582805426709352
0.1665933388641471
0.17359169840967506
0.2066672343404885
0.12310396178469668
0.16783178938578477
0.11630803440855629
0.29664637201129734
0.19591528975394565
0.26126834498488594
0.2710667887258429
0.19776265712448426
0.14165166332914036
0.11704346891352033
0.147327404498997
0.1430695928054153
0.12649005621249615
0.1302657313762724
0.1406984947826727
0.18238890313374836
0.234709735781653
0.19660667409031737
0.15667136235688386
0.12125410395249014
0.1947887897989117
0.1819193003042297
0.2654157904421799
0.15203569931311592
0.19580072847883337
0.1737341907519366
0.1627813818717418
0.20000229082430301
0.2481993567485267
0.23136742745694366
0.20375523091482203
0.18903091999517302
0.0994624817199573
0.19874886641584394
0.2648206002362309
0.27144620712267276
0.17959728595662516
0.20917179656003554
0.14819085016008415
0.26366415365133006
0.1586459368850006
0.18101785149679175
0.21121608099401606
0.21059336704942838
0.28003242691541264
0.20416281101320252
0.2850990469166157
0.3155296545190602
0.24584299974330648
0.1914566997029181
0.15700924946279424
0.18812371018562063
0.2716358941636844
0.1734409910588335
0.17304004566618747
0.24079860140960122
0.16353353988742203
0.2373104087287939
0.2013796236501736
0.06716703833707499
0.17746921363732523
0.22072016877224915
0.20552544746883764
0.23436378051053192
0.3041843776566664
0.13428259936077913
0.21845468024705275
0.1779705151577275
0.17108975150488315
0.13559621042733244
0.12721787496315423
0.19213110220495958
0.19498652916791093
0.2900108899833835
0.19618726265685585
0.2733556953995456
0.17914149777191085
0.1616124128568985
0.21845547031129944
0.15943640473205523
0.26863644719789165
0.15548814057296922
0.1206315106157361
0.1669938457060087
0.3104664106989619
0.22812739809471932
0.24721678802281377
0.2235215833898146
0.1975721195289386
0.2795403673658116
0.195816011004576
0.18998247947974117
0.12944674098247394
0.2612333882925033
0.2395740623811145
0.17545501285528114
0.1745161639427394
0.17135476636578512
0.21095749583311238
0.21291554378081096
0.24174237662967968
0.2682843050155202
0.10999199303557244
0.2656839891978733
0.24011270796884351
0.11906480579937112
0.32717382336598666
0.252062240439167
0.30221829986801285
0.15465511816925115
0.3263783682665211
0.2293463210936414
0.23032569767598096
0.12429455130154453
0.22774831471386986
0.1687834076343228
0.269738152044333
0.2111826180483741
0.19478153211799565
0.21675686721962928
0.2345527274578706
0.24148374056785996
0.14991493585016788
0.23978935627097614
0.22737565681425487
0.13850635500389796
0.11523762086386752
0.15352747382308837
0.2263591209056801
0.23456645778623747
0.26487473345273504
0.13248535590940647
0.2625237170162059
0.2569794276323964
0.17449099259818074
0.15054912598435957
0.2399870601949006
0.26601409074984617
0.1443335209426443
0.16995201981393748
0.1783962890420796
0.24977764633524108
0.29259683816330134
0.17017230191453706
0.2100145388538768
0.19085479327458657
0.28139268613909524
0.11685100112244078
0.2324008336455144
0.14813883391421429
0.14791264569384807
0.20781510517675708
0.20713715197728189
0.18770411101112566
0.06372177606956539
0.09420686646287
0.076855663095075
0.22747756904506444
0.22492002787948434
0.2727701728557907
0.16009118244096363
0.12227835464184568
0.21866428565655777
0.16738814400553806
0.05147799667859784
0.18588029055504343
0.18975671379386516
0.23414710940482952
0.23950657948887852
0.225377044760825
0.24071843714895155
0.21527830009471705
0.19458685685232607
0.13849328632441193
0.15745254017064322
0.25990826677408485
0.23167907638668533
0.22607387417736075
0.25079836334496164
0.1688256401676697
0.18849390057884616
0.24338403714411744
0.15477916969359623
0.2955269497880857
0.1254835320938957
0.23990619749843828
0.21437470663885866
0.23358897379012197
0.22203991163945416
0.13191255083768846
0.14280218425783672
0.23776557406073628
0.2112644060104037
0.22064599789937772
0.2409321186433695
0.2616529452557058
0.10765104177724595
0.1699174082291808
0.1850899829221003
0.19838720331176193
0.1465988523385378
0.05477009710582523
0.2612086881295604
0.24030428561943232
0.19335111090119328
0.1774407361160571
0.17752288467187666
0.25959887519459046
0.17884751105604316
0.17418317223771762
0.2030339629691936
0.2468968976352806
0.202262973192574
0.15445704045193448
0.2238641092560163
0.2444099710920631
0.1820819949994765
0.23331425453059496
0.20381813813105795
0.24949583924946106
0.19699253953842352
0.23178838716609856
0.248745796596835
0.22024723100730598
0.2090050905875055
0.1808943411227794
0.3282565629052706
0.16537179870945484
0.15995868608373812
0.2568203184035742
0.15454401123707306
0.19683894238178493
0.1465751223999306
0.19266488445403873
0.2203466400926703
0.23644590139139757
0.2868819763544077
0.1273651593851887
0.2713939506053239
0.14778575011824063
0.22430419587542752
0.26221238429505245
0.17799911607335783
0.12519517931596533
0.21576094376902474
0.21443022902357461
0.2056432131898972
0.14017912886309666
0.16132893792836916
0.1840708832255709
0.14788121901257367
0.08382028592829303
0.20008184902130133
0.23662015486923196
0.17991180579592492
0.16708489037158164
0.2588036910958928
0.2441427529334772
0.18109599681566108
0.19911371590045734
0.21329482820534218
0.2476200618713765
0.21379896257777062
0.2779836636894398
0.23830433420428593
0.1898682231697274
0.19036243953055693
0.3235519412614989
0.2556182088204466
0.10196474584245607
0.23142428689971117
0.23764665933213672
0.24313192224961253
0.1683467145173522
0.1387852123522874
0.2542167323824761
0.210554061483504
0.21451427041035817
0.16935292137968014
0.20260785150220056
0.22704314954163535
0.18057811810005792
0.16990257437706094
0.12921978362849196
0.29424405467587317
0.17648932903312128
0.14129375626784266
0.14518255630438723
0.23681215988671533
0.20434965351226214
0.21331619023708598
0.19131934563981312
0.14924768170873737
0.16610901876165313
0.1938336058508429
0.279391680986716
0.19027165253589545
0.2419613966382042
0.16566914343611588
0.21390766769157413
0.23307785848997079
0.17538285371792198
0.19101798752025637
0.16029466788269622
0.17787086701897703
0.27488059936361514
0.14238021988432684
0.2249899179279465
0.14978166987346872
0.2116684318949791
0.22196205102417865
0.1665232990270914
0.25221134994328975
0.22546782897510276
0.12899191925954803
0.3064730550087144
0.23373059534319526
0.2757972077688579
0.22747914335745764
0.21805043586562192
0.1574277272900944
0.21318187689086088
0.1999942921967381
0.1459127848006103
0.1599078399976108
0.23353049006548676
0.16385508467633234
0.18063355763723232
0.21089500577061254
0.25864246256919976
0.1959447669712409
0.23747013853931584
0.1657969336517191
0.1981930401846517
0.16600455268574024
0.23687282813312782
0.279860107364178
0.2194966737667426
0.1264944821510528
0.23311631451088122
0.15725457066579526
0.2596258547701381
0.2557492209576465
0.20789776042928246
0.2238081743397371
0.1599931023964008
0.19782656225228168
0.2593869183894999
0.2414427486176128
0.15371245957709517
0.23137757113675314
0.1601255162300389
0.28933332453957084
0.25816148381354637
0.20726924625380005
0.24368498849264125
0.09608197668961305
0.33201718959301973
0.19685814633408624
0.20048806573331887
0.21479488331273786
0.2943211783888343
0.25891030039681284
0.18858319946087307
0.24425694817427065
0.19476700753666315
0.28330569250519916
0.20931327854995882
0.035187211431245535
0.2627763910983661
0.1830209893095081
0.17091926034989252
0.19504673879964413
0.19944083546875144
0.18519254797023635
0.2015132589949107
0.3606719289683389
0.2854084020977888
0.22965558193637015
0.1820872777910968
0.19180054002809538
0.19733564743411242
0.21494023301268905
0.2134080860510193
0.24910840369725104
0.1927699637684247
0.20064903104355553
0.1628444528323914
0.20478742593929658
0.18641203260277883
0.1247581689421617
0.12512839790657104
0.28343301840158985
0.1900529792255531
0.18820227828696937
0.1367862573705066
0.14691672887699894
0.26737437556956367
0.27265456612011896
0.1312900624744156
0.293971240820295
0.167327243942026
0.19224975255670151
0.2195280291754775
0.22741790129675082
0.22137025529802182
0.20711932072991993
0.20704002952547765
0.24770500460559625
0.23706080303130606
0.25920501925033923
0.17221069881109907
0.12073929900610812
0.18321469413961042
0.16436524560281277
0.13385522947862039
0.17226579762609495
0.21636391418031353
0.281316372132116
0.26954268247147706
0.21236734669475382
0.2072736108322225
0.28832359048701195
0.30166937797125143
0.1941661876428046
0.2419125516683158
0.17715173803342157
0.17326528137742658
0.24263776542671572
0.15284052765236505
0.2423551190622915
0.2611446694139369
0.23082863299491563
0.26681404174113954
0.18926228877061038
0.1723532982410288
0.15047689053680316
0.20816738829383635
0.24213218889502222
0.22268577325504646
0.09382060532785873
0.1898258473241684
0.21122889398967615
0.29039491541314266
0.16899746818066033
0.18068238507357876
0.21163840195240147
0.16152669848600792
0.12363686259679897
0.14822348758128653
0.2325618705743051
0.29713353344952664
0.22697173248128358
0.12796252746215092
0.14014724817456803
0.29833421536865246
0.14507581731907698
0.22027110208111012
0.21134035950813995
0.21139449028538726
0.21155901211947958
0.23617846239002105
0.22656288123304294
0.21133359239789526
0.22254837236592975
0.19212502872745363
0.26555890409881844
0.18527805950791065
0.20609553012914378
0.3238599181828399
0.19561141920933608
0.23314685424391413
0.18159909706182212
0.17649221828508835
0.21464722363528735
0.23085644672592207
0.28315677379974025
0.20892309853879656
0.1983896908113886
0.22120787915356976
0.17465784832735237
0.05679879187718831
0.23247478849150063
0.23940651145515585
0.295563606892344
0.17200685550737446
0.15775737078832747
0.159943201126373
0.24421803175247486
0.29860857246107947
0.15746946607212617
0.16538974405531698
0.18971311327554666
0.2390616965582566
0.22840981755355425
0.2026621698472154
0.08237994744363256
0.16579301044695613
0.20583937874824196
0.2038758703670846
0.164033831363431
0.17423546204836726
0.24548302795882967
0.18883590135841144
0.16475984463539922
0.2546490076637945
0.170637631460483
0.16198805998299728
0.18597587932941476
0.13273359900961956
0.2357385105835249
0.2661338869067859
0.14899042643147042
0.1846438070950654
0.1730753334722147
0.17691692913926907
0.18422915541521187
0.20254469791863436
0.17548916022396993
0.20303240303831938
0.22456361132813202
0.15574396168556479
0.15672521034078987
0.1691941867942134
0.18463158514373484
0.2936709031145148
0.2940029948879205
0.27105585710195806
0.24090288448240416
0.20461560159477143
0.20196432793672742
0.1774869758837154
0.2970462958551516
0.16227709633078968
0.19067398111030032
0.29282246430103803
0.19797249663080022
0.21806838421345656
0.2496914596473884
0.2317605826895769
0.30376268321320965
0.23100803337636652
0.21441027997567164
0.1673403058406062
0.235793380529694
0.2443641653617964
0.055927668359608246
0.2979920697955852
0.19175106457177934
0.13768016063893962
0.11353555633267207
0.23496933733272404
0.28299517878105496
0.1816945635318214
0.13700690854398906
0.2639696074341267
0.25023831429568766
0.13087782789959002
0.20740437061363742
0.1409639028744444
0.19019150656178246
0.22404665792711692
0.22454431507629938
0.22504036390768875
0.20368187054169457
0.24286086672851073
0.22850897426566646
0.1910935688470188
0.1608249769374214
0.19871976400632949
0.19932679030117337
0.21840847069236038
0.25054442805832966
0.09844038729893956
0.1650797687925797
0.21509062973843365
0.2037181073025055
0.1128718931382705
0.0988129576036348
0.18468016398081655
0.16940355040785576
0.18193532781969327
0.18084298700316676
0.19162210323419965
0.3466096141230541
0.16937411023503646
0.16689779469417204
0.2642717068183411
0.18535004570487462
0.20130433033263367
0.23164880130914373
0.2777000375411784
0.16443766595229267
0.2245051629774899
0.2398322590336664
0.3030878227118413
0.22760396654597798
0.16603342082341863
0.21179747079379485
0.17605946327734728
0.2986733556839575
0.13916473850571615
0.2449996600362285
0.25673970936966795
0.26606509607223994
0.1743824165617349
0.16794262699776277
0.11202836831085111
0.19851002895516867
0.2635126797604413
0.20338633806593875
0.23543157125629935
0.12017328917411997
0.18283398398061382
0.23194394161465157
0.16251305971780297
0.2054984980700142
0.18579251857060328
0.21591426254874696
0.18024931173055087
0.1041853876812423
0.14127234034888436
0.24661607743530506
0.21105258841318764
0.11363555024007374
0.23799940862345023
0.31121782978848433
0.27174058361342734
0.2512392087126173
0.1777411731243389
0.20471522725891828
0.20509590509782852
0.13504232986913983
0.13432393232885953
0.21023722737451164
0.12929826228579538
0.19501772675461784
0.2577727231936945
0.19292455010537654
0.15639748002641235
0.22037722566940285
0.1896831800341285
0.3379387893420619
0.17957445750126444
0.18839032167472328
0.2959728798268265
0.20602169117836966
0.26047469962453235
0.17533563784420733
0.17691117101067455
0.20760195217013788
0.14636512178373773
0.13787738857648818
0.17827823537577914
0.20049390116060473
0.18609073941709026
0.2744436369168241
0.14253153914302133
0.23923221963587435
0.23398964992267884
0.1714941063511108
0.13377690506612536
0.16218837793154053
0.18443188270836589
0.14111375945923688
0.11075393806487818
0.262823163278662
0.19327692718866596
0.17537730200911752
0.23062395365069888
0.18822485124878602
0.15166673572386266
0.21486022407280522
0.24076820845517743
0.24711927112951004
0.19512594117420123
0.21056918479672376
0.17259786518999198
0.23009697580085128
0.17395789038919324
0.17366170049606905
0.24007318036496356
0.18956153732765507
0.2590466600225917
0.2558486941524087
0.1985628488816908
0.20264750397401315
0.24307946899603766
0.16868894762556647
0.1556040993783348
0.1766239469208431
0.18886707176647133
0.15694909607000018
0.14304565248741996
0.27194477914189763
0.22864479264792698
0.09494393113976328
0.13559192147035426
0.18163589419724568
0.24522939103763453
0.32833074981796406
0.23627031055275777
0.1196000635843839
0.2151938424110725
0.23194674764599416
0.06573347758089074
0.1732128779028824
0.16263946146267486
0.19048158024855438
0.22038825965031833
0.18061000749037415
0.1549530509059437
0.12332700000721658
0.16939123517283822
0.17862980059863298
0.22779784661018493
0.18067515167375228
0.255696407442975
0.1782861726380836
0.2468261294245285
0.2915017893074313
0.28869854657098654
0.16542438342559826
0.19418289429124755
0.16730930201464556
0.17987644749799167
0.1974296695381309
0.19962099100433298
0.10336595313104245
0.2035142358932761
0.19621253195777325
0.17274840699339725
0.19726630515016372
0.18687942240263508
0.2632649125580202
0.2651410437753999
0.28741741668305765
0.2367157225968703
0.20749967353284657
0.1322288501836976
0.2050360015354279
0.18309455225206303
0.1346852589255596
0.24970267213964378
0.1949991846455374
0.2746958547104847
0.17137257222405788
0.20708208270152165
0.29757302449221384
0.17407692626568952
0.2150047673772844
0.2914946274536613
0.15705906605747777
0.18737274890786865
0.28841035278625293
0.17200231842657382
0.14983083425095206
0.23694846480977458
0.22481148463152678
0.1667169244237024
0.23468142979316423
0.1756968662588583
0.21572285558249116
0.23808069448196958
0.19438013963280468
0.18571332641272734
0.24787224370624278
0.2687476983769053
0.22559738472606836
0.09659186395468539
0.2051030483244567
0.17187671787278966
0.18299732281197012
0.21725467392327072
0.22046887676149673
0.25803688428977023
0.2575099663096589
0.31490601094640663
0.17107030297424397
0.1799846162028907
0.09047947588923784
0.24806361868237925
0.21928033673148248
0.2240113492752277
0.1898204142999527
0.10394432137709742
0.3081141903413208
0.2147953955968708
0.16000211067857242
0.13992644507783497
0.21868766605318435
0.2099015839694988
0.19932755223831286
0.18992494337918225
0.2717108651682414
0.2544803507582667
0.19239933633888423
0.3393579077229279
0.2377241747225677
0.228651006012478
0.26798498383574626
0.18341671541295493
0.17776406202896097
0.11108432162949451
0.15497562623700084
0.26952856757833443
0.2566454612543902
0.23791587556958285
0.18492738180989443
0.2082527537939571
0.12415398146085269
0.26129092194182046
0.14929151822159528
0.17557736943008026
0.27120967081794184
0.2187766862561834
0.18439736293700826
0.20707253801024506
0.2489103528266244
0.22310365121783143
0.1821996975492429
0.16518746876379325
0.18998676742457088
0.2585053546796743
0.21645857387321885
0.22482251093241035
0.13571277726685943
0.17187538946915487
0.24734297475811265
0.15189058751032702
0.2527516630236019
0.18135880528789264
0.20053812023562193
0.26149363740127074
0.24937621059800716
0.26727232690949565
0.23405728974307344
0.18085755786844712
0.10314038381353308
0.22282596653775172
0.12101182082229614
0.21180959234150748
0.20846044444360518
0.21488934569840046
0.16983789097262478
0.2425000204715814
0.18411210780299989
0.18131990876986925
0.2855606346374437
0.19087757901995134
0.17109704369814344
0.19888200126497704
0.20189132246773162
0.3248230448673949
0.18910298011205123
0.21694724113228156
0.2204640524128682
0.22088750879955585
0.13544922841314844
0.21657765745939142
0.19182321142150693
0.19845821757108337
0.24605213057459208
0.1784788099675085
0.17881410566959977
0.07675157781880121
0.1818485027213363
0.2575583435711373
0.19322613848785997
0.19165521388245485
0.19533342880217364
0.2519963292633832
0.2151002246166343
0.1452371181591855
0.22232222783259759
0.24688382167968642
0.19435941770052317
0.22692210534371673
0.1480774380832916
0.20072983588636106
0.22965629587998135
0.2731558146249282
0.24639749899215213
0.2217784237404988
0.2434765173031369
0.24392045042806315
0.17426581503928745
0.18898242359228742
0.21631124715204933
0.23321174165024036
0.1989987323617945
0.2961691199016209
0.15421270319619912
0.13427793112727038
0.1843829818316845
0.23450208002309145
0.17780195908080856
0.14471048547392082
0.12963821795361713
0.17785162019122663
0.1704385275020161
0.22618559444517244
0.13185734108421698
0.11621972824927812
0.2005963345609765
0.3157368378638788
0.12293396448718605
0.2149709935348659
0.1906966640421445
0.1751393274985054
0.12737708043609763
0.2567927006340691
0.1460847718289887
0.2005959552461135
0.15824534395242842
0.2649534286564607
0.1940279913207847
0.252614337303965
0.189976084124046
0.20489877184928437
0.19553653998445059
0.18042765588016663
0.26858144308881804
0.21523270045769585
0.15028985174866083
0.13942435832272088
0.15527511925468643
0.1987164994100143
0.2519805510941325
0.2463463551468292
0.2108350309840939
0.19174372673802315
0.21167506650517373
0.2272732238299668
0.1823019409482981
0.17936235112889998
0.2864560763615784
0.24037922077860407
0.11180154197785241
0.20675052482723422
0.21752595171555728
0.17888253638909155
0.274686783590843
0.22058239559528356
0.23887998243028674
0.19024804735213605
0.2109849129943223
0.27817523323166343
0.15159165363539553
0.2247550548542098
0.1441198088501009
0.1472052411945262
0.17537796194435581
0.20875808047973393
0.20947429260381298
0.2652620422327182
0.26420931090910493
0.20450846600395417
0.21891451356486497
0.12978331693621414
0.22261630315015465
0.27176858316442204
0.25709570333856085
0.23350213260846667
0.1869593345806731
0.25564127908884027
0.2076876024858834
0.27687856021800084
0.17513847045025532
0.21922215697305708
0.26607582099118987
0.2454109379747081
0.2312985914888583
0.18747213552580816
0.22306100281125638
0.17649343815846144
0.2192271619584151
0.17909577629083692
0.28867031396548554
0.22885476438693364
0.22385536383180935
0.20251098103995113
0.17138060727494459
0.19550630351498674
0.16202195356497723
0.22008618085880768
0.23085860410626752
0.19499365059071488
0.21945039236451688
0.206513411667155
0.24107359332490605
0.24389874833985023
0.19638193319846226
0.21812004566372203
0.24177351102344818
0.12766356341055177
0.2824219432509395
0.17567861740211635
0.17892521368424247
0.15955136167883338
0.2495391180603882
0.18035056019744444
0.1551096697743336
0.13526284316294618
0.13929902885948606
0.18244092403090853
0.1776451594950309
0.22052776142459218
0.2473700131865548
0.14768137391817712
0.21502676646472088
0.24643855162636588
0.28841697341053407
0.25031533839448444
0.1884945619918108
0.2309048088506703
0.05002800215143646
0.1533211941357524
0.22626866733200862
0.07863182625921482
0.12247119793620237
0.1961392505939248
0.31334714998929675
0.20844402138722867
0.1005813227766319
0.29313246449118624
0.2307620585534201
0.23807363021347494
0.20099211961549102
0.2215227743544837
0.17966629529145672
0.2221738809501386
0.22317967259903007
0.1254260114427309
0.2021356622959518
0.31194678411107896
0.2150702932102156
0.22605940325827448
0.26147628849197985
0.19816509290901632
0.22885863983565619
0.2300192423065777
0.16208143527601787
0.19923626212827128
0.15226317609930995
0.2782394907438937
0.1694784776417702
0.2482096848560834
0.2020364462914919
0.15630703095925086
0.3030549056872988
0.16735394923668448
0.21980393601796985
0.13015582302212572
0.15137097308462136
0.12591880567097907
0.19725553238741222
0.2299380572524754
0.1671600887091363
0.1714330986152463
0.22527155061041867
0.19697219566876994
0.1672964859635313
0.18501094302436327
0.17436380268309384
0.12391595519022884
0.1378822431962394
0.1706015952935921
0.14869032490368672
0.18705241583067522
0.21135113582095716
0.21069157410293216
0.14053593238985934
0.21624669806098284
0.2513684395222368
0.22076836601437888
0.157108835039068
0.15163952735400352
0.1546645045208589
0.15270899685054448
0.1426503147486879
0.07631988903819142
0.20811485841991859
0.17749909480510326
0.10973216179580618
0.1947586682182772
0.24687229247839526
0.15399993945312668
0.1847170273052114
0.2377546291290667
0.15377456294921413
0.23582876212780896
0.20934975114655235
0.2040336223506977
0.1864464729251548
0.22857212767406362
0.15455614355669356
0.22331443377294966
0.16021963424470836
0.20093734267398888
0.14574237639786514
0.24478850546830133
0.2290272622157244
0.33289459975492935
0.22669142592727862
0.12806224823331733
0.2173251881360617
0.20994310673820693
0.2085241587835858
0.20135550189884782
0.20292971204057011
0.10885432132487835
0.17953122250068537
0.24387074256835212
0.18343011296330192
0.18318692439168519
0.18733407441582373
0.22061682532954857
0.10208069648701067
0.2163343396770622
0.2746017236390472
0.20367779629652052
0.15765578967661886
0.123492653772708
0.19390741847065843
0.1552223387761119
0.17570479509224618
0.16126725365939984
0.24970199499266693
0.22167216724043162
0.19408791913896353
0.23046380135628391
0.2547849344734347
0.2524193842402696
0.23167386055049127
0.25353866442740763
0.2062983383392527
0.2317995044736577
0.25416070577515487
0.135848875162834
0.0814544222757062
0.08928684978197535
0.19956114829176147
0.16486934780566423
0.22710472424365066
0.1873829830198605
0.17317888000028392
0.21401928023320393
0.19533569785306015
0.23614422612288444
0.2790733356574964
0.1473499261243048
0.27013797121169353
0.19780240058165427
0.23150745560978578
0.22316341790861155
0.22991371164638597
0.20388104661176107
0.17217440441066445
0.21357059251542293
0.20690581570161834
0.20846911877926463
0.16728013533574754
0.24190802299498276
0.26099326548444757
0.1821823226921445
0.28911007751416634
0.2568035954458875
0.24083768882307222
0.22629020076492892
0.16956833173421956
0.17281562008191748
0.13947317329645656
0.21315205815571792
0.2067694186390407
0.25613100348495843
0.17208987589641517
0.049617701554721894
0.15507265308543705
0.1531413177300795
0.22742219878850153
0.2674308014063526
0.15512879000651214
0.1848914823106884
0.26757162756469927
0.15309680469232154
0.17097817094176665
0.22758002093715435
0.1332820754594716
0.1487772759390998
0.23311462473785927
0.1879407909136805
0.25895374540804306
0.18798841418155862
0.18030940958904368
0.08464844896975268
0.17608678994000804
0.20287519969507084
0.17286399572717603
0.1750935959162516
0.2227580900921347
0.21740984493693977
0.18815512600708528
0.20321493167292884
0.12084165633062137
0.22783025204147542
0.21312947093414006
0.2562985414113526
0.29907221648677873
0.16775639095409364
0.25887485612825456
0.2429175019842041
0.20153483603343075
0.2884994499639682
0.07603265067514671
0.19347461515236394
0.23022607796605185
0.2603870831071051
0.19854077875445808
0.19703403757248183
0.19383868541183383
0.3009073461990919
0.19719055588362427
0.18230301645216762
0.25511278976426305
0.22105172151720684
0.19861218499670735
0.20858555676814083
0.3103764083455398
0.18483365152673628
0.1690889153537264
0.13058313542182803
0.15887778404833436
0.18256570850189965
0.25298514350926443
0.25382586083465736
0.18176793197803928
0.20639529918873373
0.15962526363852658
0.152966842498624
0.16853635185435806
0.2146476544106053
0.14331288697136546
0.1423166105178988
0.26756388545462617
0.11420066854033176
0.1061350412675529
0.27461822518166196
0.1833387336791731
0.23099484532711106
0.14531114065607906
0.14969364176973102
0.1987362440479049
0.22152680117665688
0.2406656781119031
0.04040799576509854
0.16928402344359483
0.17178194181428602
0.172373665431237
0.24107274791185598
0.26483191088838337
0.21955225767189623
0.18241934074824045
0.17203046529883714
0.15600896058808783
0.13538348525572036
0.20241445442171305
0.18073475676386516
0.15989668964491563
0.15227013744932744
0.17653010074770287
0.23702425899989393
0.13180337473391143
0.17077716569430137
0.23513495988376862
0.1526095126994166
0.21991621138339196
0.19475504188018328
0.10923653504078978
0.1681776320307156
0.12902943722376958
0.19166604911894014
0.21023178748524315
0.15229940357946847
0.1885248357158548
0.2472864355772348
0.29179160203369703
0.2508166392747862
0.32948394034967965
0.17931968630315642
0.2760241608361555
0.14296129744178437
0.22428714364695382
0.1811712380505108
0.24401422963473837
0.25816864271431517
0.24906832455202144
0.22598172594242055
0.20101495370529765
0.26702656259140034
0.1968747964434635
0.2937049080486736
0.22861099860639256
0.20763844839351092
0.19703120460584214
0.2519758984069226
0.2643884118286981
0.1300905032491981
0.17448462364689837
0.08713638821179755
0.2315643852720755
0.22868494110759552
0.21398349116876486
0.19249791441722072
0.21840320781902012
0.15572092945938174
0.27757668179175343
0.23105527782353147
0.1426721351181402
0.2829018046877126
0.2213563696344254
0.13643700533080844
0.16078541510558142
0.1862023545443391
0.2014880598816156
0.13584958869171082
0.17521664682661509
0.23450353002040547
0.25366534968480975
0.11893122249787921
0.23065067936775233
0.19654054812906857
0.13549229036795143
0.2948824915398311
0.13925936108384745
0.1839293768339923
0.22459584818239223
0.2805351112825494
0.14682863795162415
0.1914732446704312
0.18953074167038017
0.2647578437857011
0.2192186068872285
0.21243361335831396
0.24070216331956495
0.18677481633925347
0.20913058070742235
0.19010102576743437
0.34346393637411654
0.17295371055028058
0.24038085996418185
0.13610207610982014
0.21839351545375923
0.17787407635594712
0.19394229084720954
0.22449480306978933
0.18387832803454907
0.18713043242850072
0.17285787321916118
0.29004562893872776
0.258226740196195
0.19045309635449614
0.30207543424655187
0.17445167882317414
0.22397104033720736
0.14954353408555193
0.18521350465141348
0.17436990075466416
0.17281948004245165
0.22958456620825887
0.24520668677930202
0.20548760667855523
0.20126135559235656
0.23792117166677784
0.24816739692937384
0.17015949608635875
0.18238272960798188
0.2534511582245945
0.17156718566766427
0.27444213559647246
0.1872613385658379
0.12643535236709447
0.2452641498294156
0.1732734181005059
0.18259354400323588
0.17018283096368136
0.2139210256525319
0.20085139666577742
0.1911478982997362
0.21261066298020684
0.2385191564733053
0.2780113645078063
0.23229456592818556
0.16037996559753465
0.19184005741746085
0.08720983975739245
0.16987706738384872
0.29606689572490036
0.1716953063095195
0.2103583721269565
0.13774320265660475
0.2707867564649074
0.17921616311094654
0.10858111676924502
0.3165094881778918
0.22862109965448169
0.08894642906317268
0.09582860136983296
0.23955850790363475
0.199636774608818
0.23228096354661232
0.20805639769404422
0.25572680020495586
0.24749702536918328
0.23636507115741356
0.16404145548809204
0.24484435442590372
0.17719581395747333
0.19450519017885765
0.16000828629289088
0.1395357149019769
0.18511543681261391
0.15407534985918525
0.13962719723238864
0.3032884241787558
0.2405765258414194
0.11324005808113552
0.24599355628669217
0.20730968585770984
0.18631777468966199
0.21995923881111568
0.2629775721574833
0.17651165044282566
0.21020551054781844
0.15977946165564397
0.27508553898279897
0.21267088973650428
0.18611966137321487
0.12585858452475543
0.19282520978268883
0.25815024245129115
0.20107427268909
0.23079036169739697
0.20596423027725494
0.23096254232306135
0.16092218689851756
0.17400803991360086
0.1586101339919191
0.20654005431054812
0.3489765502781218
0.2133860473499929
0.2409283384912589
0.08533578275256207
0.16026768873101963
0.1334701542927434
0.3305200601793756
0.20103857550152462
0.3147031335633205
0.1434308572199522
0.17743539913843995
0.3161776611585349
0.16926120601000919
0.19737414299139816
0.21297185158724918
0.16383680745712334
0.16504709558457872
0.18024177882982612
0.21004814721686768
0.22589899483909354
0.2527086413316631
0.25533778093623066
0.1946760306639756
0.19955371381426706
0.19346418707822702
0.2084001069675391
0.23487715513163537
0.22078140901347462
0.2194920495048981
0.29131407379474267
0.1638043198519384
0.28806903543971174
0.26252647950954017
0.15444757442001977
0.1890693619501563
0.2302635892391496
0.16203487003206798
0.14230263801839585
0.1807500610538726
0.2571931508883371
0.3726179833637904
0.19484820096599062
0.2159489403435649
0.2707520341725567
0.2878291281319675
0.16529344523563105
0.2738403885023439
0.17104012558323223
0.293843558100612
0.2761449476682514
0.16391393374006916
0.16232079783220899
0.11752855833601743
0.10086286698910506
0.2785267373524275
0.14005830783941792
0.32941371676842635
0.19687663162969982
0.24994456466710993
0.14946649171852727
0.21002632995013298
0.2541561399377129
0.2039477852882054
0.22415376005064933
0.1199120238470734
0.27899863892174187
0.13655536491303533
0.17483648504580304
0.15245822974832685
0.21249667839142475
0.24332176854751636
0.24325057866919558
0.14599478760635845
0.27522961891721126
0.24495628244323706
0.22372083746804394
0.28698235161504176
0.2451123314949956
0.13624776964246882
0.1844245488403985
0.26937555976249433
0.22696814407232363
0.1625451156453317
0.22292266475641911
0.11414085833905901
0.279515968486947
0.2663602240711179
0.25279860365244444
0.17591009153178788
0.19797059329896777
0.26927596303202395
0.20343822264963182
0.23517736391591582
0.2667539112066771
0.1908112029980564
0.12220301036719408
0.04963308073303688
0.2464854993037347
0.2589612210159491
0.14870330405849985
0.16694799134956184
0.19317615934575713
0.19124549684887035
0.23086535623763718
0.22343548807904146
0.22315475079420746
0.2359871990691036
0.21892400692014666
0.2092917364257935
0.1735103517274936
0.19797353509220622
0.32339019603023367
0.27295139732735807
0.1656748679961603
0.24137589171308396
0.25199034592193503
0.15944482782446934
0.23748848679516762
0.14355266739102474
0.09041352180363278
0.1974975587849767
0.2730808761127052
0.13444917954248325
0.21205610142733217
0.18517483099385945
0.05426402000260716
0.14993917996870504
0.13634819227967482
0.23954061007519492
0.21420692563622826
0.19845793429534142
0.29798181911354843
0.23565775036614095
0.15766463955681936
0.14797052140417744
0.21448517495206487
0.17957246475627162
0.17660912484646932
0.1719156812169049
0.15382147324792356
0.19648695504522248
0.2399858690223694
0.290393835944825
0.18060433977001125
0.31439838262889985
0.09102344393854092
0.1695836944729703
0.2321415772839877
0.17226475060373397
0.18948577151823864
0.11337364149707774
0.13662901070156588
0.1960032177633619
0.11040815740394914
0.2422449197614786
0.26629735173168273
0.17849789675080854
0.2271018173220738
0.15143639188287905
0.18534665353367188
0.3148531762336313
0.20422417508921956
0.21613044903481204
0.2055199575334873
0.24348786467055317
0.17183356980152795
0.25652354165889657
0.1982333266867792
0.12853667775489258
0.20630811389214943
0.23629921133947437
0.18616823132264235
0.22419102848631436
0.18643661248430948
0.12350399905157132
0.15771762769861666
0.1535053386078537
0.2612849030964101
0.26836830555596525
0.19305917296722008
0.2145820317789069
0.18789765652015047
0.15309011289520372
0.17147751716096737
0.2135929215798288
0.22032217638331192
0.17621060900252583
0.183668758498089
0.24944296371572106
0.17908168010187783
0.24320195461732547
0.2879557591881762
0.30112766629485743
0.16225569489070718
0.2144372910481766
0.2339855378414602
0.1998647268011247
0.2979056540835502
0.20375709414493873
0.24220432088761
0.1641554903969139
0.19260683187085717
0.22458197770019056
0.10112838209257324
0.2036597176131069
0.2615085823757209
0.1916970581097317
0.23965564079962387
0.22093501197404042
0.2079424090943874
0.17665348724933705
0.24569072359955307
0.2035833365634533
0.28315091520827224
0.20909592233804286
0.2567356615843859
0.17011008081779685
0.2790499319545854
0.17101090971962782
0.1758394971309958
0.13082016623688675
0.07968283868044289
0.2640465373255191
0.17151696250130555
0.2832949863988372
0.23970900516064986
0.18633543790982554
0.28267147941160087
0.2540727288859723
0.0520202362540049
0.13013860295411228
0.18082060552973966
0.2031984640481985
0.17710045241058428
0.2069581610104753
0.2723163380823689
0.27275139765093087
0.23321292337295743
0.23212510987588758
0.14064759890720568
0.2158199232154351
0.09599822764310018
0.24145926404574372
0.11819126070696229
0.19970951901420064
0.19109611861545026
0.2528485690781096
0.06899018497407977
0.17919494131795966
0.16269971822705825
0.18378905557766045
0.04978741338859885
0.23407295485079133
0.19284588307533612
0.1871688119095033
0.3027969311745766
0.13189435741314956
0.21160037990435643
0.2297002848273928
0.20900216782157435
0.19289191874253053
0.07171592960503395
0.23285753323017896
0.2347987286013627
0.21488873907127273
0.15979846389808205
0.29684016838046556
0.28432209804967096
0.2191281597655672
0.08764306145338936
0.17802768074401323
0.19411224816964243
0.16737388343719717
0.21762123169667075
0.171605900663228
0.19542255708686365
0.18055001963189923
0.22662905425860827
0.192104860844514
0.16891953073740393
0.2059106725777813
0.23119417081014804
0.19354790235953512
0.1676725451056683
0.17162028538014978
0.13960534107757028
0.22498422762859022
0.17738922917429326
0.12580572370365872
0.22272907019362925
0.21501395037882803
0.1624415087043047
0.15954274706428548
0.24899939698682705
0.19742144449386187
0.25862443399674706
0.17802509172852135
0.2399846795557654
0.1054130911620475
0.19628335928898397
0.25489668139895266
0.1510661235471687
0.18160116706462906
0.20409699263974052
0.17016920991063783
0.18802919430032095
0.21801933105972346
0.21562995982489438
0.22437042420448328
0.23508955171020893
0.08867557667244419
0.2847940839439551
0.13433949698565223
0.19887027451490352
0.18042745976506078
0.25427875753236945
0.2457970515256242
0.1974638256362324
0.17571103773509336
0.21668662004983952
0.2125727526195335
0.070234383600048
0.28813868759570593
0.19398459346893882
0.20088362225371234
0.27128581478253355
0.1496592895810425
0.22467915872861083
0.2570761150838467
0.14516213933061792
0.100058726459473
0.13961763303035127
0.15803072887771366
0.17535128269802538
0.1940086327613673
0.174456544037967
0.22107315626758403
0.1758704407705333
0.23117019869198463
0.18330931165482667
0.17198618319977232
0.16159891454070974
0.2757007562782707
0.1720421386370175
0.10461852074225847
0.28147353459233415
0.2460439951667996
0.23023246438983253
0.1517565083850142
0.1887907439457206
0.23792737114368362
0.2114276950247326
0.18101821337153756
0.16264181836462926
0.2114187773449294
0.22534082825918447
0.21751154290572
0.1915817700515248
0.1969504741377732
0.17911858183952123
0.2136956630316309
0.20793730670750032
0.07514886101326096
0.1764822791015633
0.2695547769455825
0.12968075971561221
0.10918898511420894
0.18696168089260434
0.22533564300977532
0.11842403296803908
0.13127218536884827
0.21823627172933918
0.2248365346687077
0.15705434862037682
0.05789658856540225
0.2417901084746752
0.1703833299549028
0.21409737694410622
0.10224137029954727
0.17574015583509506
0.2026044984163613
0.16213428743756725
0.23314711186546153
0.21236208841863413
0.1909283818313595
0.18827262729173652
0.2208180482300079
0.2051965067488412
0.13167319097205565
0.18783439103937644
0.19055892081408773
0.20128947393593297
0.03203937288204403
0.1796007837088981
0.22984674926683488
0.176700809622344
0.23346964538537612
0.23180755386781177
0.18764044379164133
0.18360320484265305
0.1743969962189153
0.19623548005203548
0.26701399622411004
0.23351681116461032
0.10238838493633892
0.2400059296869544
0.23889546782897872
0.1785259521645863
0.17236105136023813
0.2281132104991384
0.1465923942703362
0.1668095617424635
0.19248279966179707
0.20491819766756542
0.22720249091083586
0.31765595688034154
0.2260526312928839
0.2566106478553175
0.18938079222301427
0.20075861367768733
0.15542336328128908
0.2608030917676754
0.1679891513571439
0.23503283914664264
0.1677858463614279
0.12828840094188465
0.2345415145100105
0.212408659692062
0.2163610869559357
0.16026593568468497
0.1536384422826012
0.23266763644147068
0.2153708478108222
0.10920217788856092
0.19608531303739976
0.11127979669726308
0.09269019322789739
0.10793172084084995
0.21935076229700295
0.24505440530473255
0.23126140990716754
0.24336007650117888
0.17309006397993365
0.20853608368807222
0.24338538034599133
0.1756665167905206
0.197278560215944
0.2397703888111677
0.18075929036978094
0.2282366334303824
0.19269585906123118
0.15879291834368373
0.13584661955800226
0.1705830185527142
0.2746241535729808
0.07309348179488559
0.20072393760100782
0.2772478752301039
0.21024066336422442
0.21047985839938496
0.20728395914065045
0.22500486440615988
0.19877392717366904
0.16407603205912646
0.21151769830864123
0.1753062875078277
0.21618850887796923
0.16309653095439974
0.09684934055554176
0.13366686890489957
0.20216674781769958
0.2345187434819868
0.18982906738994693
0.2191905689970216
0.2696224407342473
0.18954256957208263
0.09657554564102647
0.1684669122068642
0.16220747181348136
0.19475443920410543
0.31052793435843346
0.19063243127218577
0.17760864549696
0.2322028653114905
0.17630039959251914
0.23353100270565474
0.28967028747020235
0.23679108722768594
0.24265668953621955
0.2173117965354856
0.2195658564558402
0.2783906472326375
0.24181492987953157
0.17298413178373004
0.1811991161718946
0.20325224983060486
0.306189327203272
0.25224594177488957
0.21289364833326968
0.1636849969242272
0.09172099216450694
0.1760554819044943
0.17211238664611728
0.217170037689117
0.1965062635499253
0.1388947226374896
0.20896530348170608
0.12439279107492247
0.21538601349416925
0.31971941041790425
0.24257117026382544
0.1879133915964104
0.17893372942628383
0.26010606956980475
0.16045472750536172
0.293984547807283
0.23007017582862932
0.14385618167456385
0.29035484708037956
0.1922187990391974
0.15065774826133008
0.21813848248633616
0.2133127198331345
0.11791428743037238
0.2181275883573576
0.2341966295352141
0.23478388680828846
0.16453642452708783
0.26943092643265704
0.15663122129402365
0.3412279711475492
0.24022359650173067
0.16784426081624382
0.20110420599660955
0.37626459265482654
0.2712456126139351
0.2859746071341682
0.2595351005505358
0.13522451632881757
0.26268870227580843
0.22942340825957783
0.20340067185986238
0.14724176828018712
0.14835865438787613
0.22312793969170408
0.16278812795956055
0.1985397976437844
0.20065810111553528
0.21215501830337202
0.1050850546365719
0.08420712988525286
0.13781305471528102
0.19147003767780818
0.1971206050554043
0.22255716677316212
0.21718807826433767
0.2249281236764827
0.16694639858274554
0.22200386778593506
0.25553580124698283
0.15502079922727938
0.13907986085744845
0.1460791527411725
0.1427225885800523
0.2632715701975412
0.23131854337086266
0.11140297314372034
0.18538301132384638
0.2546117504088365
0.25195040561671306
0.18817666799700092
0.18994934936127675
0.16548249729224032
0.21410470361806416
0.15964970239349077
0.2555817107423583
0.1953796501431235
0.27864111167313127
0.14028833707369634
0.18510153315879926
0.17842558066322523
0.30330829176913765
0.21210343887747493
0.15166410194504917
0.18343831413666342
0.2565563218038261
0.20600703448225152
0.20709819577580352
0.13571419477385732
0.1854670970120341
0.17910041801114376
0.31322873749210633
0.166763366875736
0.20178885066304766
0.22370604102939332
0.1420882128882697
0.3008501898866734
0.16678612759747807
0.16220744620812483
0.2622084518309691
0.27979880137922436
0.30142806303638703
0.21097739606972551
0.24603241549158553
0.16426220686248072
0.2026175283334197
0.2524958976981099
0.2674923893039067
0.27067003326316696
0.17334119526590494
0.29947625783967213
0.20969085750098707
0.16150448426086034
0.15866299841011988
0.2855062892236556
0.13484984297559544
0.25403311532989276
0.17882999800421556
0.15776676638280307
0.1934339998938703
0.18500227768507466
0.22878616433395008
0.19719414338086022
0.21236811830818964
0.23699708187965993
0.2698629784061151
0.1774988352111366
0.22346170213865002
0.2524049477470698
0.24269096926701395
0.19930606889765165
0.2588321385831965
0.10572138061910198
0.09407264772698175
0.31075880272853484
0.25268520755342705
0.20237618634882026
0.20161292772274678
0.1968782315576224
0.27570795175071994
0.2975691825080946
0.27418941652023643
0.2510808836182427
0.3005081941808153
0.16498523974355137
0.2981976260700525
0.32282741829951644
0.17092026425825194
0.2518221393274256
0.18064480913221023
0.18327849400049054
0.09487880566852652
0.22706620626027324
0.2302364208648259
0.19382038242985408
0.13077645535195614
0.2344266759341625
0.20293804081904895
0.09988780022602953
0.2836750940386016
0.25579670337109617
0.21738996052607587
0.13127912482502352
0.1334629606646905
0.17672395078177996
0.134603240578613
0.25267510971594276
0.25207623561982906
0.20701812375207823
0.1565464021025892
0.13422374345068694
0.2100024408897367
0.21405919486222574
0.21185862795444635
0.14776503102315042
0.21620349778332237
0.23035961119596554
0.11245210337103527
0.30017311527299106
0.2567036355310533
0.13906424569241238
0.18479503841059414
0.2244657013779772
0.12665681152013497
0.17245566897289444
0.21223336145646945
0.1599355584023004
0.2091278797705413
0.20387826498572506
0.24207154489062738
0.1765118522280228
0.26625923856780215
0.29873409540898066
0.15768069161068016
0.17625105430177168
0.14289730999666825
0.1892832019691787
0.19124255003589472
0.2977199013116499
0.21040296308390705
0.22382323437816257
0.21130864470057156
0.27146209022572587
0.23642374126543164
0.33964409761569536
0.22237917577996671
0.270046231642044
0.2080084347827766
0.10186699863988324
0.21000187110702173
0.13900314429579436
0.22687038190841566
0.10954102320256028
0.16483384150675498
0.24080497386039537
0.22280492805927493
0.231343392907756
0.24151969850021515
0.2741100154718718
0.2502526463017908
0.14245350978702515
0.15789852991312064
0.2783609256185068
0.2770314850248532
0.26347176398203365
0.24474361055493465
0.2764497417884385
0.18677124636196837
0.18829396991100275
0.22982678541312485
0.22396218296239137
0.2665000818237785
0.22725504267692892
0.1769251328040217
0.17411360317088778
0.2381585734782563
0.16894654640129245
0.1587087781193709
0.1374024944695817
0.16991948015543534
0.2200484358902606
0.26718457378992994
0.16084490538289695
0.16798333381872005
0.14367395102741118
0.12227474655970355
0.24918215724580164
0.23369818906394962
0.18347345166726178
0.26541430413062495
0.19210101320787498
0.2482811006281752
0.14231447651473153
0.18745610702556512
0.15603560425968419
0.24132196057638225
0.2375594877026682
0.3082688601011469
0.22790108902034395
0.14897255663138398
0.22181315321896952
0.1793150126086827
0.26319192748731945
0.12820382843432493
0.15545213965201876
0.24126626434006845
0.1482236309682038
0.27185471381647963
0.19124852188602698
0.1728136000816966
0.09747628276650143
0.1354918050444645
0.20774901570372648
0.1714980740614298
0.17715716987906294
0.1864534325744777
0.19418041535919206
0.20910068071306928
0.15861977571037025
0.15166164073047325
0.22824562800619924
0.11285833464253454
0.17598848533663358
0.21219385846811745
0.19865186225216155
0.12290945638417089
0.3227785536479943
0.17661070688734853
0.21687906960870348
0.21440442438430493
0.17679166575685953
0.19346784089545568
0.1744705277128437
0.25752560373959354
0.19760021259548807
0.2079626656454254
0.2239417900450941
0.22786892915985182
0.2781695760596787
0.12358110934577547
0.19757773598867887
0.20787942799938697
0.2646052993712541
0.12877229077151114
0.17754798061548133
0.17385481124934132
0.10001512003665153
0.2109622154120734
0.24610915989024928
0.2294210465584704
0.2622372057112805
0.2519082141188551
0.21275031417239204
0.18176195019295258
0.19360940821778483
0.23673352434466882
0.1716857542929121
0.07634504346090064
0.17489489621515253
0.16026749835838128
0.18796851774712015
0.1454627865894861
0.1701272519782797
0.1281323045977814
0.1837388555268997
0.21903657659977327
0.176898152120777
0.22702416104167852
0.0913755230408509
0.17868945654972207
0.24012618628720125
0.10072808020273694
0.13686600820635728
0.18831963935042442
0.23832512026813046
0.16076334443695678
0.09308638095790688
0.09505739723526521
0.13841903366942207
0.19680499309392474
0.23766153753906777
0.2436142407514877
0.26760329426754365
0.21329531672142066
0.2197501513243323
0.23177587497245322
0.20525164435311355
0.180873385483253
0.20546942206030824
0.153428368570089
0.23240805007978077
0.18363223997547742
0.28314540705654295
0.1546927528936122
0.21000222935781954
0.1496694770212659
0.24666013353397945
0.17914047345538506
0.27488367006545034
0.19260467092452466
0.15547985917279605
0.1715963109232794
0.20943831842484723
0.1322059682731958
0.2514395404052158
0.19989567756660334
0.307593691705067
0.3080742504465874
0.2717396125614813
0.3123627587466278
0.17364806347209039
0.17269491356651306
0.2226990732236909
0.26310739890659574
0.16493519018778116
0.24339727695076835
0.19705808030990207
0.22139719711171635
0.2007832904755678
0.2014334048412377
0.14054222411553535
0.1606908961013317
0.20173727946023107
0.22064902451246515
0.1314884442229607
0.28580321472899717
0.1649291947668224
0.1068859257300949
0.15029863346614075
0.1439359186706101
0.22159334193067898
0.20497197351547572
0.21396287120833454
0.21538928212752684
0.2316846429400946
0.1588543162049162
0.3086548500000565
0.15367883581874858
0.18707895251641243
0.21314463449769683
0.2304835556620391
0.17161898772174197
0.20970550119814005
0.23114776338014292
0.2880395686933185
0.27718835971793454
0.19867291904347328
0.20952364707457258
0.20265536849309196
0.20074659401718703
0.22373481478199025
0.18028254242250782
0.23134159980236116
0.15450867052528694
0.1866740550476304
0.1480921130441931
0.22320996571000773
0.1693267823230324
0.16733294863848625
0.08383135279499761
0.24603373030436995
0.1113814711580491
0.1417628777330585
0.14860011902758602
0.1209828704888817
0.22971378503191664
0.2296371359796397
0.22058388061389994
0.19251248259406495
0.21380078977314157
0.21607794120917093
0.1421600716030164
0.22025184029371628
0.17034581882569588
0.1554427809570322
0.1575154142633542
0.13772882639302275
0.1821266365711104
0.19909896550145778
0.15456298411619077
0.2524642044009733
0.33676713775820105
0.14400794837979128
0.17730151162424657
0.22862792144287503
0.2591442886616399
0.19989560690000333
0.22336736665825652
0.22491860889180937
0.12550163482217336
0.12874628042461234
0.1856802820375773
0.15559566452850357
0.20880392100392933
0.2549490155281821
0.19190050833612196
0.23912615680172875
0.2593151790634022
0.19695883652866727
0.26758634721067975
0.15933777052840414
0.2136414336732592
0.1888022473174236
0.304669134338882
0.21394433880403496
0.2785542445552182
0.20123159621409875
0.1931422231205417
0.2455160710717287
0.15469360738458515
0.16509770973450288
0.20196779348323587
0.24631449797562094
0.25664661085115714
0.20654203577518826
0.23633976119478245
0.17176530014778052
0.2043954623226702
0.14033691538850196
0.1448471281309153
0.17482324468945853
0.1848798072513544
0.24920626180741542
0.1727916071230664
0.22775986025654876
0.2389916463325306
0.2267308737200461
0.1709780099489685
0.19890308755993494
0.1949529677510074
0.24046059627983954
0.26127204972561335
0.19212008543075668
0.22109468834605733
0.2020441978871237
0.22773088913643733
0.1786828224459179
0.14576166624748696
0.1847885369347223
0.24374221607420027
0.18695901449021812
0.15631620402747612
0.14369617302542204
0.2847483829633832
0.18525094840140113
0.23208803105486214
0.13570937096638463
0.20391499897284124
0.3359863482088118
0.18183187149890542
0.29220747340147696
0.20097045372862798
0.17524832063645296
0.22294047502709644
0.24288821757969545
0.16192955756244193
0.2615604294391743
0.22397873989723532
0.17662678690615471
0.23412527739393238
0.18910956776571716
0.3167323224333995
0.06882867863179154
0.22326827982924052
0.1700921452663816
0.14577896718194128
0.2601880106715399
0.23068934812679437
0.2747832263069422
0.23591734849520044
0.1771686823961838
0.19241866009500033
0.23843171417397874
0.2568200747192099
0.1495926099052048
0.1521194301126795
0.2422647382356719
0.16049799880385557
0.20366124461888613
0.1993325377759441
0.17747518980590504
0.19404983052710412
0.23588303942234362
0.2421250833258679
0.19822602236808604
0.2668349327070945
0.2142958956811453
0.1507168432050808
0.1934425818445487
0.18190561944352943
0.2249266972044673
0.2816102759325998
0.19706856749466192
0.22995509396930844
0.16519603541472733
0.09626695577644212
0.18254830259110993
0.19881646561428917
0.2436207507942459
0.2428015688186794
0.174462410491839
0.16870565170674254
0.2007439020775473
0.10310559682837035
0.2061030606681645
0.2563869829133363
0.2466575581225765
0.15158021161048807
0.17171496808852402
0.1418505335631162
0.1502785326077244
0.31067742818482386
0.15832911183945664
0.2422981633601216
0.2555450893405539
0.14201704652458866
0.14188852324286577
0.23904721983486182
0.24787561061345714
0.18124599576623696
0.2633598492943734
0.21420912457406663
0.2362747227822552
0.18239269261949048
0.3176566661229646
0.19754249462677473
0.1670871821773329
0.15424869008256467
0.21627153694086748
0.17691193501480731
0.3654363305428029
0.20719012018542443
0.18753378088477102
0.18721568163659266
0.14735379818875752
0.30158524895637445
0.1995508807745106
0.20192893583605365
0.16378114886469264
0.13018217668160298
0.18409531135064136
0.14765745017371626
0.08013765098632866
0.11499483399471323
0.24866718777679303
0.20305553572602006
0.31200050889002157
0.20480409400175953
0.1844503521516678
0.20079114636097914
0.1832427901699377
0.2273362905518399
0.1897510897569436
0.17064437526224047
0.1548882098210976
0.17069882539988068
0.2014175499929074
0.1747836200039562
0.1580225966774484
0.25003812964169425
0.23229418997448784
0.1432114314805738
0.22358352009761515
0.22516029848855584
0.19471927924335525
0.19166986942248698
0.22960684517836977
0.14108065397039204
0.19493282902964681
0.2257886707329005
0.32430798628789637
0.1818759773453476
0.2004265797229009
0.04673691344458655
0.24836832640484915
0.14629439877740377
0.2063797562592675
0.23072839595830527
0.27161986705553093
0.22627342518251745
0.24347404063045947
0.22042718256600194
0.15090119477195962
0.13272544123144997
0.20828825066528392
0.2242637104424493
0.2505746640549883
0.159087512503092
0.23312771294604479
0.20020295011879974
0.10020405881300272
0.12584954580803925
0.1923923506780615
0.22310881840954594
0.18115043427572639
0.24816085480681638
0.2704235840392452
0.13594931180896375
0.2414711609767975
0.2131464828393329
0.19629550292626313
0.2714337383781475
0.16511999901267588
0.2283945726963082
0.2010806545577957
0.23249782231113886
0.23354382710284138
0.14599606372979326
0.15385994028356265
0.16288050204540147
0.20659826413675242
0.2122806929422967
0.1998813937963705
0.24763261349478838
0.1918802311540943
0.21933379734248823
0.17722030656411653
0.2744229837565072
0.2352052100461703
0.1999460391338098
0.2707312438573122
0.2080238634309923
0.28013615151759697
0.2317570610699083
0.1964725561126105
0.23437528012402994
0.24845266521918535
0.26583502149309063
0.12007880866764954
0.18611179801080735
0.2222889732480458
0.2076891869633815
0.2385251711110718
0.2332352008206168
0.21100458133663483
0.2898851611536505
0.2901810057806927
0.0812599561968745
0.1406536500153036
0.22208837783151125
0.11084084627527914
0.22707239074017135
0.09623721816480486
0.15253029178864774
0.28292808876179065
0.26253097047876434
0.20111538182392155
0.12981664812447755
0.23759602957842238
0.1518602448415771
0.2520959090854944
0.1390821645537452
0.23385942322483227
0.28496323715337235
0.20761467329060573
0.21862011205884996
0.17368738173424775
0.18414317161639687
0.2474879663340412
0.231775785822911
0.18432357624454154
0.23290191264701898
0.2048085208835386
0.1783305872838287
0.18028480080770568
0.14896991472493326
0.10809325488669812
0.11987489696996628
0.17025109402893746
0.21286342298269106
0.18216624147689292
0.13093597206255228
0.1797091275452658
0.17246748267991321
0.07851407867509386
0.18937895119146658
0.2701741004409224
0.25275116290215327
0.2518444655509649
0.1410232871660532
0.21365783505043967
0.17856903646469496
0.10360865689978008
0.1208887006223214
0.2510670684453574
0.20186968179626644
0.12627001474300692
0.23489822716220995
0.23344385744064924
0.11596236421777634
0.1716454127599878
0.1928100881758785
0.23239552606479955
0.2722873549691488
0.23638886702084907
0.22553838799151532
0.14143966936531616
0.16538597752453227
0.18947744638314234
0.125528977358406
0.2646998203718864
0.24578890972005518
0.23603627368890998
0.18963441788199856
0.11146541450155507
0.15787341997394966
0.19456232692319422
0.14795994194444642
0.3148358675680523
0.19315096816830923
0.21581614593585285
0.1574061078984808
0.12877789143728594
0.2332315364100808
0.09133574390139426
0.2666521206421131
0.12677555331533735
0.2104035944573997
0.2611327175364966
0.1351198223926483
0.23549840872102482
0.1576230226871771
0.1411052763406036
0.22252872678630922
0.173678943079985
0.2468528129737109
0.17426759228727043
0.2241265506235323
0.1766058603008309
0.26525561711920764
0.16628893521036192
0.13059207556682054
0.24428602275735362
0.21746988252248423
0.24419730147999452
0.15923008187476617
0.35878814039187484
0.17389263209837258
0.12912493319343252
0.10658209672618146
0.13058960006357867
0.14523123604459628
0.15951112594107178
0.27072120621399004
0.2644199653202901
0.20365558390216468
0.1613086895245423
0.1708335439835773
0.20851593144880048
0.16012215222198256
0.27766782655631345
0.1856285434455084
0.24819970037285108
0.1686196654986314
0.20376277943815915
0.24271754773726745
0.19035928486037682
0.1405348464147046
0.285480993386741
0.19315295350280526
0.2626837930776338
0.11836477941633557
0.21226728871516298
0.23111939495221023
0.07501140551527347
0.3026436638285357
0.2117751302284894
0.2598563375164321
0.2982890407488574
0.1642192498927158
0.21885047303945235
0.2815473090602793
0.1978640215039377
0.24633523374419372
0.1922349050120019
0.2470823518713932
0.23319495912758728
0.12527027737215096
0.2542835641176292
0.2117612197894217
0.1718751065737491
0.07757103903663812
0.1263321141774983
0.19894872189399546
0.20137212233674634
0.2201566529940263
0.2200152805124688
0.17071349582996856
0.2543945824761863
0.24258788691071417
0.18175269679528175
0.1897663786697197
0.16224312866466095
0.22743417368631144
0.22298011914642812
0.14131890214099718
0.24344192520331498
0.24793430550528983
0.18221709506033792
0.13537392360357647
0.17972750334200588
0.23667997315770956
0.19017443133001383
0.17222153429894949
0.155293659784143
0.18588852763200547
0.19445955942726664
0.10572256250417694
0.2516784803657334
0.1774753082901488
0.2586656992113569
0.21331743727764213
0.23645007352455946
0.32318445376393623
0.2300287077998175
0.20262044331960977
0.22384098664943822
0.1507358454757911
0.217253321393926
0.17951607051493987
0.13444485415970184
0.19337495283429204
0.16683610055741227
0.18565158146136854
0.25743188135696615
0.14749821566526172
0.21286157251914847
0.1698433885907533
0.1801479986827333
0.2003101252080509
0.23325897317836625
0.2143583537343328
0.25425884222998096
0.14466669265911933
0.1928201498710079
0.1928679725123456
0.24925329665075102
0.1838591469445149
0.12536478631693543
0.17814406624085477
0.17321400530706874
0.1770343161117515
0.2802945634601616
0.13191623797000013
0.2575184711342056
0.27478017398450394
0.17933686692680634
0.1961892413308437
0.18511788718418623
0.27860165632146566
0.17622328019917796
0.20458333311889268
0.14931993427230633
0.17166450421807372
0.2269590806192883
0.17403952222350608
0.1107993998495025
0.2527703145683583
0.2246764655274317
0.24053204005586937
0.24203763722129862
0.17928217148718653
0.2004253886652859
0.13316659330442393
0.22509107772076592
0.11771738442662372
0.17204286126529128
0.23666306391599892
0.177271237749178
0.23592921296263916
0.1817537325836383
0.23955054256032235
0.15706892758733074
0.22689905262305757
0.15833049628787788
0.18115773230236196
0.2699532375592654
0.3029760823476227
0.27746834677290416
0.1636445607734812
0.17283424097882322
0.17500288539375572
0.17561756746855817
0.2275778332811437
0.20132108016453615
0.21003223242272495
0.2862569280721079
0.329418925826786
0.16723350229874417
0.14697987548019745
0.20644463560450835
0.16089947571749416
0.21674244500649387
0.20032592299592009
0.31200937636778003
0.1686539037067702
0.19883986558182953
0.15467847638940296
0.19090591515036442
0.24027124345218387
0.09745386796269205
0.24374965393886572
0.17470743869349195
0.21724980624356655
0.14434914687065192
0.23639537987799134
0.1788493253994626
0.1486337284939503
0.17395478503093295
0.17033045062495858
0.24077852021661872
0.19965643758715013
0.21206053104243894
0.22695194801601565
0.17273925439349316
0.20439706897735443
0.22769295760801225
0.23986512006789512
0.17111429822316124
0.19298967132863404
0.2636256640415778
0.1943536205394903
0.23057551092209294
0.07588154523236544
0.21447339318268271
0.17801101282115905
0.28659275727371525
0.357153236251903
0.20854277327416382
0.2291630948307152
0.1552386279448435
0.18317708634262733
0.27861642239885176
0.20542993396139297
0.26780695959342293
0.1437459248687049
0.21379849017284092
0.1686081664556522
0.3280566432511869
0.2513707982943283
0.24592157674652718
0.08860018223649085
0.15953718549670434
0.23191540873750205
0.32022025335853094
0.2036457154146815
0.25566684252971333
0.18007027357986405
0.09975481860305642
0.16617396939315776
0.19979520834711367
0.192009149825766
0.22583179596241792
0.20568932379964597
0.2459243273091876
0.21192285045597
0.2168450075426073
0.1442096024717918
0.3220859059541138
0.11389674262166381
0.1562427130288857
0.1777870570202012
0.20078840574573006
0.18195786080745752
0.2597365316306935
0.1689940195710022
0.15342659559238672
0.20556239939522022
0.15683017033360042
0.16607672301129633
0.10677617958839754
0.2800768778146868
0.21998988053286156
0.19167148910308998
0.287867081950416
0.2743134822257109
0.27136940867804804
0.2204629444195856
0.29045648906185695
0.18489090800393085
0.12946207114144775
0.24016989939958036
0.20450523233970355
0.23808953174534603
0.14903553853273505
0.20802115731853785
0.17011265750887078
0.11923622213785404
0.15567354781915385
0.16687359989799
0.24848801709868637
0.17488762618853687
0.1139840451237057
0.23747037555712847
0.14938779464913074
0.2472813731155976
0.11640846635940588
0.23596305032728193
0.1885607047153241
0.11444381189912654
0.2190087432733403
0.20626372944418553
0.2301406972124078
0.14427888673230035
0.2446080816731654
0.20422992788769748
0.2378642915666098
0.15506096050494397
0.17878905297141134
0.27817940166337046
0.08002938313760842
0.18530871319701506
0.135553685851076
0.27329716340104154
0.09383483222960874
0.23424586500793285
0.16807169196559335
0.20833198111356463
0.2553334249639342
0.19088765485034817
0.23815038898968338
0.1992405635762547
0.30887022892120375
0.25348061651788656
0.1025172453816817
0.2131910855040805
0.2916037139243175
0.17817279767678454
0.22249627785319714
0.18875340852710096
0.10363335989750473
0.13426290872062557
0.17432033638408986
0.17040547595794814
0.14506457963783348
0.2871414655978362
0.18134772418029102
0.21635304346180217
0.22230132584167772
0.18963291961056547
0.21580088447729995
0.20297631482111514
0.24641904285546098
0.210576688124734
0.24341083259654478
0.13407600931944175
0.12269065905424455
0.20838586514619295
0.22147401152373242
0.1813562164727251
0.21998685805696175
0.18303516237793352
0.21294814270062817
0.2020005368365385
0.15764808250829235
0.271325441634031
0.2405600561485795
0.21408297020384004
0.240736223963088
0.3386885890795779
0.26117755687018235
0.19834780594072246
0.21017965260284194
0.2252748429819376
0.2023640250810834
0.14564762382135923
0.2984502161397743
0.21054543753234067
0.18867875045994473
0.19953628188938563
0.2183028024599957
0.2015001116069147
0.2159879168871984
0.1731151715319954
0.24797907775245415
0.1562086071555595
0.20024521948903132
0.2087387831529393
0.20528394758928958
0.2613118399420658
0.16235965175847084
0.2416109625005318
0.21167648920616128
0.21863439894244752
0.1112816318019203
0.17001768749723867
0.12329675044835962
0.18022401120192627
0.21183325350654342
0.1261591141274958
0.23186999508840422
0.17373593385559183
0.20411598404091094
0.23474566061699095
0.2239626601225192
0.21928183348013872
0.16729899302057338
0.228887116882805
0.18566049586450478
0.21457483110240785
0.1745145795775433
0.18522895067467263
0.22321649860061565
0.2647224547944414
0.234419392797363
0.16475552513218766
0.14225328488128117
0.16212432154307269
0.14765936294483803
0.21358875482552592
0.2380842238610103
0.2041471022573605
0.22920408477128407
0.173559116871705
0.11320509674314626
0.22987027222215609
0.23626009471053377
0.2398359651257791
0.1806335082870862
0.24069178079149245
0.1859454313704924
0.1357883499225318
0.21793043719222133
0.23909912634054414
0.24021377847597097
0.21705803972926424
0.20558748219297124
0.2008332232389458
0.15325621497960812
0.27241246037851935
0.09427160836265608
0.09959082655749059
0.19896371198515225
0.2142298018435318
0.18239989460862543
0.2109773122938496
0.22025389578181923
0.19566509816727293
0.20368868074923993
0.2316339506613252
0.13467807393839898
0.2813916169944003
0.20812840667178126
0.176710450033143
0.2387408286314147
0.30255944862578343
0.06933847423769776
0.19543575546244135
0.19333821891311867
0.07935743621967846
0.25156347891998837
0.12621300814810793
0.22519421991690905
0.2376473289797989
0.15552937492026025
0.23513258030149647
0.16767504499649516
0.1143145486442531
0.2032365143744223
0.15147598203499663
0.0681628933583181
0.15345285369157513
0.18339477905185975
0.15386634759963866
0.24670848937957524
0.1344031236056011
0.11734587274581743
0.2299529449818662
0.1517613543456175
0.22956947782623405
0.2499199678037786
0.1913479201365061
0.27759433174430576
0.13111575019758148
0.18241428950099461
0.23858769635401628
0.1729936917006859
0.1921985178379624
0.21697887798337667
0.14948186345931605
0.20011684967795174
0.18741481794959233
0.21484023551716547
0.2641841573363796
0.2078964421849687
0.19107225388855142
0.1627041784204305
0.18627023967953263
0.1470276391971952
0.20592559642087174
0.19777002857533293
0.23390045432790937
0.24011533039691807
0.2433138579794887
0.23705471781548748
0.1666555665945055
0.1701970769177963
0.22397390356668653
0.1284347201406652
0.308821039754018
0.24293106654040644
0.154007276732121
0.23290229755398406
0.2319459509067887
0.256760469459046
0.25116733802024604
0.18469532878719833
0.22704484949611559
0.20509143788046583
0.2635600884291715
0.2741561287316611
0.13116537551558338
0.25191616182336385
0.22784033190392494
0.16882049187186432
0.19385389758231858
0.1304832649597355
0.20438369918066454
0.14454058911983345
0.26795803119312733
0.223736637208916
0.2203588297147207
0.2513931409709694
0.23678238326574808
0.2289340742662062
0.22298047100565566
0.1654932679718833
0.15358786706718036
0.10967603462637646
0.15769458740343595
0.14283015715241895
0.24827792062136442
0.18357897815461524
0.3018676398625878
0.163331378382311
0.21777260751288707
0.24576195233972853
0.20080046647187502
0.2140331574336811
0.18674523233523688
0.20754568650877409
0.09125968981996108
0.2538242725284725
0.16449770810250208
0.1859046313471262
0.25645642795775747
0.1105691091342855
0.21983972403811977
0.17777197741757395
0.1438963976287721
0.06560645527322093
0.2518797704419847
0.36370334944887794
0.24314325251047839
0.20106006165240534
0.13677811846936377
0.1551566599051203
0.27087414002040333
0.20168723481694706
0.12475104829793457
0.22102534073371677
0.1901199073923598
0.11424575338386378
0.2498491017774775
0.23777135167765207
0.20810104641895538
0.25241694007623966
0.19883966567270928
0.23148056718014962
0.20954261587337472
0.14493900059873657
0.14386874455141496
0.17914829405266497
0.2330366144729277
0.197683133006934
0.2488470171968039
0.14953134688557101
0.18419875540660988
0.2141178838017902
0.24593797179318028
0.19563607080691053
0.18736000157294241
0.1596361373793253
0.08826854721552452
0.23813564306446888
0.2152771995344949
0.25931542303684907
0.2375016710628933
0.2785449366757581
0.2286060387468233
0.25729746241426754
0.24218107366281444
0.2535074309866571
0.18898356209637515
0.16250603526838037
0.15979607229741058
0.19598010132476262
0.11486771339958858
0.20166839452498395
0.25844262851387734
0.16720437704922056
0.2932890766805109
0.1995966255389107
0.18503652697860054
0.21230187288043562
0.2189570024992062
0.23619913663961029
0.27235657389007056
0.2181982224621939
0.11133264471378883
0.0369320448682085
0.1658449595791654
0.1618109803528554
0.19013119161081918
0.16705919369112063
0.27775079201984704
0.17741121392932957
0.257428358502909
0.2674858600124963
0.22305969139054707
0.23221350381638223
0.2069680052705427
0.17802656277613993
0.15653599984417577
0.21498154383873785
0.2431110801350951
0.11351742617707333
0.2279265737728996
0.125804092831642
0.28399836576592885
0.19117898321077695
0.24291585783541525
0.14765647251762248
0.1744779891994666
0.20959475680655149
0.12409158528514526
0.15880486047449405
0.167871623158042
0.22938526319550606
0.14029828959097784
0.16994951602884703
0.24406780960985683
0.1783029107834941
0.24199883711845163
0.12539516698277892
0.22280279802008435
0.2772122714738567
0.24671065331689623
0.21964472910701893
0.15594748218044574
0.18259255368023244
0.2923399931573738
0.22600935661921767
0.23025651462684993
0.1732434279952853
0.16693347164044936
0.21543999846679243
0.134996291295013
0.16809550475549667
0.1382690749044026
0.1546717555026685
0.210022858797817
0.1930501508889689
0.18027102343748663
0.2232384390376001
0.15441728415059583
0.19668756393189377
0.20801266336493046
0.21444411912794506
0.1825521870337221
0.24835197801917563
0.19088252001791486
0.28117232372696765
0.1855756136687545
0.1562418918703093
0.20688850450394622
0.24464327509443562
0.2185325114029811
0.17012801408924433
0.285408386293988
0.28989454637368456
0.2060246658422512
0.21454295189543643
0.14847252958939902
0.23445226377110068
0.1796383203914539
0.15239463354388033
0.17185082574138338
0.17210026340883716
0.1890726237329553
0.2574973233564427
0.22459496584008984
0.1143586664437933
0.29137959690605353
0.2131387979418837
0.24505985851606166
0.18117483856334418
0.24279501377413748
0.1878544968254347
0.10718715630828413
0.29070086666455675
0.14828786107900108
0.11234689993192937
0.23526008697200052
0.14874319529887514
0.11884724646486382
0.1784047351491997
0.3288253588038946
0.21714266626473538
0.19740955040007915
0.19324861056680998
0.2094984133804263
0.12841506650208612
0.21193902145127314
0.2053941754240222
0.16982511321918073
0.2398828463162788
0.18089120244243362
0.276189125120359
0.2719612854947291
0.11141981983889461
0.1534510861209858
0.21761435767520856
0.23319481858236868
0.17491962431861924
0.22839384415090194
0.2241459627532302
0.2757761985621022
0.2155397247603564
0.33085954528852446
0.19513935393097862
0.2103458059898163
0.17141290355531064
0.32060919699718604
0.18795199069372656
0.2770533361638845
0.1547478645921176
0.2526372957083164
0.23844465354798067
0.10113528900299204
0.22486212834475242
0.19362315435521835
0.15286805913155355
0.24900652198382986
0.15009750535444707
0.17928665288645762
0.21323565540528153
0.14607029715233366
0.244367026161384
0.21057765429242487
0.1758335059377692
0.20613963735442348
0.1660874876793666
0.16085821400899578
0.1702694408920643
0.09128488833150467
0.14586022311377184
0.15117758235053239
0.23645515814128862
0.11638253164722977
0.22076529781458748
0.2145982895300398
0.15717767268846794
0.19654957893146566
0.2738358252671321
0.19148875290449274
0.2195902019796951
0.19772602093718133
0.21660627843498745
0.22857255896128548
0.21937105132018828
0.22259101082402688
0.23564783084094576
0.23515728477619846
0.1414172363669519
0.20561047868848026
0.20536721534182573
0.18534596348286367
0.24535566699851122
0.20616420761757712
0.1911047726654623
0.15987218425378638
0.2497736285485549
0.12088059082227351
0.2505403198498813
0.17681577209426522
0.26652060878082934
0.2742517331590016
0.2361905486412624
0.202375467941688
0.22720259381856778
0.2848132085424959
0.09879158467204385
0.16288366086128836
0.2907060050437017
0.16778945311259394
0.21272521009366768
0.179979385870978
0.18692450814472197
0.21494181888390837
0.16648639633862644
0.15173819325953683
0.1686760855183268
0.18937166420237372
0.23539113129088451
0.2395116734590226
0.10322064304801763
0.20943312733063651
0.23079668306975798
0.12403686948255711
0.20781825249176625
0.2510583660730888
0.2844556090040864
0.15935539030760815
0.2944084540368663
0.12086979878065285
0.1702131810723442
0.23009940281646618
0.13931360967630227
0.23410666860088766
0.22012597126127403
0.23742977523561545
0.21107820259415436
0.2101778362939055
0.17206846617328259
0.19409815365828276
0.17178342300029778
0.17406998177922367
0.13068699183988358
0.16564847917986442
0.18933638804231948
0.257078122761046
0.2501154018900109
0.1661267691055499
0.14445486015453105
0.3061991267095093
0.19524308314009756
0.24934548698865044
0.0914737251255799
0.09485257572868964
0.21485208508504003
0.12192677537143866
0.19971350147111952
0.23583106712986365
0.1509533043935442
0.16745668284923287
0.20899737958854883
0.18784164754443805
0.18368071362233568
0.356766884693972
0.15597752591392378
0.20279692459052076
0.2268390976354014
0.16131396630260017
0.18470183251176692
0.15721063121041762
0.18082282191081958
0.19811610304699415
0.23158021284481328
0.21770960638644257
0.27423493033993596
0.24823923531080855
0.25228499737410054
0.18985976000001184
0.10629288300178251
0.17430460410565912
0.2472578388434123
0.29553719739048645
0.2672460912435756
0.19066759890966467
0.09297672059679524
0.23017919201162068
0.12887315222147733
0.16637153868640478
0.16395803555605404
0.23714168929188806
0.24443598817421774
0.3240943013043487
0.16811682439393533
0.1756492832156435
0.1860387081206765
0.17168204321485564
0.16148173877355815
0.20809027480533845
0.22701509530838676
0.23342613329929868
0.08383131288455892
0.23997350040653984
0.13933431509308825
0.13073173658793713
0.21602169896749737
0.17317012940582943
0.2100889033847045
0.12152176517548088
0.20698621900271233
0.1329690271693575
0.26505973661165155
0.1989315007388262
0.2063191600592547
0.18645070657240959
0.18469538472373864
0.27188906889649556
0.1487094975084119
0.21712709538179426
0.25497757189492354
0.28826964479532985
0.28759780578921806
0.20685239568115493
0.235965861868449
0.13840848552462984
0.18515255078632767
0.17639517297310628
0.21912864759849154
0.2382417848662336
0.17969483342945408
0.17346154534784256
0.1758911611113821
0.18507039446281565
0.1354502124243967
0.1582498406499618
0.20980697729831635
0.14368967849949799
0.1971199011500018
0.197621350566309
0.21765671980071202
0.2652620092550444
0.18802427476017528
0.2145486261158068
0.1387640818196131
0.15827411552921872
0.17197736459236496
0.1476270514954957
0.23007675168029615
0.2225316815201238
0.1777914025314808
0.13402174400671524
0.16249411961285481
0.24727629827498154
0.14660802660185326
0.2307175111377816
0.17479540557899806
0.16674958647269766
0.15992105823226727
0.2627603980042228
0.17856075204141902
0.19576873720141003
0.16941890546871952
0.17081316717035394
0.15261220453313187
0.1514567557749898
0.20409131495705968
0.34120276802012134
0.17331084087513351
0.1969060466182849
0.29302196474333286
0.19338518646786976
0.23917737725311633
0.26539923602924304
0.13681515652210408
0.2411820364103985
0.14481090553082138
0.2586033267092894
0.20081044105198423
0.19468093669184977
0.233084721323386
0.2205160861012485
0.16885754305223868
0.1469329529583725
0.15802546350257995
0.26018700880791
0.23171038409714903
0.17755375070920232
0.21542598119640127
0.19861482864481966
0.22241024365759707
0.2029566148029916
0.18180116755409728
0.18277958443497247
0.15152230582709017
0.21925818348511758
0.12528590422131158
0.16799087703120175
0.24644864456867227
0.24818135341908973
0.22778281844704829
0.21373933695414365
0.15508298696956907
0.2883064170519185
0.26069810430708007
0.10364195090660655
0.17697616375801625
0.17204528696457602
0.1775808918474616
0.16365657263004885
0.17596556577952982
0.14573097837552884
0.1495848588754772
0.1389602345670256
0.20604174038484588
0.23876478200287213
0.14331211952982623
0.23117762713906398
0.19671726390898364
0.2014645222559824
0.20107664864288882
0.16852734882223935
0.23481634686719746
0.19479724867268597
0.20728334607698187
0.2247245718442166
0.12245659435496731
0.17442864369348057
0.1578691090233073
0.1926393365252371
0.19409017756063598
0.2120769621279408
0.25941099711605625
0.2291314043655531
0.2392208774728831
0.1932516564572808
0.19347350857985446
0.21838891360276097
0.22348302639907003
0.21826829764816869
0.2572824546347717
0.20618269957397484
0.13221507460375898
0.27562455502140837
0.23352580532139441
0.29654777826014955
0.1825280647284257
0.143631422652238
0.13681872614104934
0.2202369580371178
0.21872861767890447
0.22528904420051496
0.19480777112325254
0.20517366466766954
0.18831466654531437
0.17181292208632815
0.1957124709863154
0.15902940331346752
0.22952420199175966
0.23685081996172952
0.25436939681987075
0.2617368068975816
0.31041951257472616
0.2499308162835643
0.20587336922661087
0.1942450757517666
0.21794883581045132
0.23517820240672063
0.270799366338601
0.24072430515198548
0.25377207359210163
0.33327921894856183
0.22012404868276111
0.13680560766956104
0.20039958283872164
0.19999783786471764
0.11737464320327166
0.11922062492777045
0.21533276386249312
0.18311092593636247
0.12528657076777622
0.283376328346729
0.12775388910643237
0.2827493876829877
0.17946902638079446
0.24896604355234853
0.11512160022020895
0.21435873291032181
0.16777978922984246
0.11354234120541118
0.2129278846017904
0.1374409987005013
0.2603019958620026
0.2110104243828894
0.143507820898284
0.23501892996016513
0.25275423779228084
0.1714908227446079
0.17856740662541265
0.1288613802752625
0.16555341379091887
0.25571591385611786
0.18913654017671924
0.21562619763982352
0.20312916345452364
0.2723161416308842
0.23083331473151508
0.10046099378633448
0.10451768500975388
0.1787064296032528
0.16201977312379023
0.19497123198914873
0.1830241303396855
0.20489328031001175
0.2711282553917144
0.20796870804862894
0.14291822527792028
0.2256445931909052
0.17402844026505623
0.177033169282119
0.28103539211001516
0.1581427579391235
0.2967864489921284
0.2549229311584954
0.12890930261609576
0.23331110567481317
0.21531557983917457
0.13073947638615652
0.1971565798122233
0.2278996631236818
0.21105343603043558
0.17131141432280678
0.20858076664053868
0.2834365651577645
0.10251368232480376
0.2910939061836892
0.186896947915943
0.04908242500916532
0.1737812028626395
0.22069337531516495
0.23874530048114462
0.11373200787842658
0.16318588649038704
0.19515690583453799
0.2840119640378347
0.16031504713589118
0.21751964063950557
0.15717237670196715
0.18682670064510934
0.23731529242035604
0.19231074152505598
0.18500590003078005
0.2128543852935555
0.18444888091528538
0.24779192582802972
0.24705778109252963
0.18145051885715618
0.21008661024813702
0.2532572612875595
0.22981063059466714
0.29260496005477443
0.3419215619008762
0.24615833355359418
0.20873697004586172
0.11642801545843837
0.12409657575449884
0.24346397103358197
0.16200010351206828
0.23921259832113403
0.21821188108216644
0.1848980672290617
0.12093104296577051
0.23846376513437706
0.2548902694476801
0.2267662558902374
0.2042922191023996
0.15030345309630155
0.20658465764236367
0.22233515982466073
0.0952607701996036
0.19184600176057592
0.1787760353901495
0.26589972111494803
0.13765468450545887
0.2808839468937975
0.15167484330137077
0.18259757899520024
0.18599555402235676
0.18388042628541684
0.23132604426187353
0.18881847920527614
0.25082561772189294
0.09682298578444906
0.2408198163293912
0.2187114037351551
0.19952466595517743
0.1929643871478726
0.09198213069512609
0.15985742749615495
0.1567552723566887
0.1484636058580558
0.15509775312134372
0.2800003529765673
0.2614270247815784
0.24458804222713185
0.14794685945987618
0.16957439870393615
0.22196516970258462
0.1424726131119956
0.1943344221318706
0.22894604241336947
0.253088367093777
0.2638805905751065
0.15959832668738355
0.21586328952718328
0.1086666159045844
0.2568001796996587
0.1701745523203851
0.20511539968344583
0.31461964435334133
0.2060610978915162
0.19222125032001636
0.19877595891413347
0.1680687282132049
0.12981681722568134
0.16205823760100624
0.18928249950462603
0.18707021551460368
0.22568978907618167
0.20838647013322426
0.15001998777545772
0.22501812472034713
0.22281267164946236
0.11196925573021135
0.17703578266984618
0.21131719241733923
0.2530195635196337
0.1435276281575434
0.08215018770836723
0.1581018423500426
0.21201179810701493
0.17012763846397566
0.21233272635581288
0.17225240258729427
0.18121517015633815
0.21421953853388467
0.1289136372721596
0.2311364187686303
0.10871435395704206
0.16723772579859514
0.20167499787750162
0.15664618096930488
0.25275438436370895
0.16043619154635033
0.17697615340666675
0.2933131492655747
0.15081477528389922
0.18111382379767574
0.15311669728360583
0.25280180616489434
0.2152621077151075
0.22530756665340343
0.15652050613983143
0.19524282388405018
0.09695080568142843
0.18487624833555114
0.12010454847606213
0.2034416750963514
0.2495043244886975
0.09538270751504965
0.21760838190553822
0.22040462574068903
0.21722224868166284
0.27447989696071107
0.26305872881225445
0.12609182898008858
0.2185026096305022
0.26708070082309915
0.2424087646552829
0.22550824144488307
0.10833141375158462
0.1761606328355641
0.21162426163760512
0.1944473564036642
0.27086598229459896
0.18666174321192955
0.1892978915941628
0.23419184002483
0.20090474104508163
0.22026926697680724
0.19741971187045798
0.23287964250602
0.27019267560079646
0.19163758273272516
0.2405456794242031
0.23679840798014745
0.18268143157929237
0.17508983150070553
0.23262333917657693
0.23535923147577273
0.23244380293669253
0.20744586356502587
0.24129542793553502
0.13003177682158795
0.1441989086418928
0.20538075168902228
0.22735981999731614
0.10486704742646667
0.1339120308338192
0.2150182419023421
0.21071722550111707
0.2325632217638248
0.20350883746994886
0.2326582988320125
0.16906964910716638
0.2406096663509446
0.1802157110417743
0.22870192353247415
0.12918975459747856
0.21292860257623206
0.2815620868229625
0.20145040991044647
0.17954594897848253
0.17571033659677107
0.16534364405157984
0.18102061978754572
0.10447050851168545
0.19806763368022
0.29335861776108785
0.15204681010288737
0.23053243092490341
0.2523070434769959
0.17146640287870166
0.14567351681192492
0.20425203721973703
0.15565648248877317
0.1606090442936226
0.09216491606149724
0.24387542702400827
0.12668465807683843
0.22638745724430429
0.16402589755205055
0.30479741979923525
0.14438603606233724
0.16999437271629544
0.18866782801996357
0.21149224433698888
0.17515365626135973
0.22659147409833075
0.1175478857160613
0.29401206635484095
0.26407776050087783
0.10694161577566563
0.22924513894665885
0.32330082012868666
0.17300226006631247
0.16836881401690115
0.2063905806944242
0.2767096564268981
0.14231195796278573
0.2770852682656774
0.18357162177623942
0.23825998761379025
0.2126422574025988
0.10698111216819663
0.22928418111341375
0.20055838500037518
0.24788834144457084
0.25354352994429963
0.2729078842145151
0.2099764511305015
0.1708507026361326
0.24828565491478088
0.09853625710279222
0.20746391246817536
0.13830334578510442
0.2595432455810095
0.1354911839696169
0.13186986320595562
0.1740868164804077
0.18575297047138703
0.1589026263516265
0.12364761609677688
0.3038683507031069
0.2141180245247985
0.15743352336977942
0.22113071662646383
0.15539976754420126
0.2834405305586329
0.27687453504152015
0.12282631050797381
0.20706861834387516
0.21623816558730985
0.19194423620971754
0.2773771443556152
0.22869768714238375
0.19171779018497104
0.20509875215077705
0.20835885088186115
0.21134272096544665
0.22559328632127715
0.19619690908527757
0.19077105253793136
0.250364154296115
0.1755994814961218
0.13697876509327467
0.2134087540367064
0.12104741619891757
0.1851075654131122
0.15536474881689827
0.15214760529140894
0.2699002280670562
0.1721444682318915
0.2567534590144693
0.14758815916994483
0.16791159875595468
0.16469135298703894
0.21149468622098616
0.2148000541612867
0.1261961075336226
0.25877621250959904
0.19465536944021386
0.2299187224575977
0.27084460092556606
0.19184772273736686
0.1650711736820821
0.13526694403121417
0.17180173282281494
0.21359182017756734
0.16190775490876208
0.21069580386812295
0.17672164618676137
0.2365205834428073
0.13596700803617873
0.1939094500690042
0.24233337771987196
0.16369953110233146
0.16893552531819012
0.34590725321431565
0.26734911998800487
0.14005329044303866
0.1523486850220493
0.2374085650367208
0.25312491133876497
0.20011759476221952
0.12232002060604029
0.13912323071317204
0.29663028586543594
0.12450280999238766
0.19766165931540147
0.24847132593708163
0.19900383066794558
0.20821947926150114
0.2796952659806758
0.14428624553843006
0.15822115639958675
0.16588435144726957
0.23529108730233508
0.260275070756201
0.1100730121341638
0.19014744319062193
0.29605547087894113
0.26231882142806207
0.1346073227731276
0.2879822553261721
0.24839422920132453
0.1350052456089428
0.17452790951124034
0.3288926719044858
0.1354441944937687
0.1365300288662355
0.16724582150080053
0.16581058290817935
0.14901561315712403
0.12040031608408353
0.19574159918874814
0.2098156764457711
0.20445405737928493
0.2154606584968387
0.261019356227061
0.2996651206162069
0.25645012837368664
0.1794705654564087
0.18959991859568337
0.26323586343017485
0.380251477102977
0.07929748900135816
0.18439853093176692
0.1172702313453716
0.12733167555745273
0.18360320384049744
0.1382528301872944
0.18459136103734877
0.2312310303948727
0.2931201591420339
0.19685227521633789
0.1404951530419378
0.19152757317619087
0.25393096488980116
0.14558195710162558
0.23033881550749907
0.23574647868696616
0.22206894684949768
0.25561848281117383
0.13762710434108924
0.1823754928587282
0.24900450554885376
0.2707342617969899
0.17065527791777038
0.19049261762938208
0.12690035560148985
0.20252866879928072
0.14212895058038777
0.23857901105787888
0.24076733534725353
0.22549506337128106
0.11578478514847683
0.22768891041041223
0.19857077996853809
0.27934319939318353
0.20738763755130232
0.2370787281095427
0.2576951285956825
0.17196255648262013
0.17170991534873428
0.11637849472322657
0.12185150285869961
0.2099528122497977
0.27741936744607737
0.25225680755699154
0.27942974550141697
0.16575280151467606
0.24215557507025673
0.21335767610925896
0.20264483363485658
0.15512006376206836
0.22150240408766447
0.12245453313401138
0.15881615953084838
0.20165950630537183
0.14222601204364899
0.2811864799177878
0.05796043050050334
0.2121029774078225
0.19148241280640993
0.16286643180629662
0.19784191493824219
0.17667612640393138
0.2694394912835521
0.20548019311697105
0.17066174373793877
0.22061572984921612
0.19971090275532474
0.1280733739175425
0.27611244975547045
0.1898558544188875
0.19624876102009337
0.15121490041775876
0.224671105299281
0.301901277806923
0.2052695943208766
0.15839983217344647
0.2404189507727775
0.24427973874427455
0.15978285438277845
0.23402470332962821
0.180543922447765
0.10471854562027576
0.21497244260126858
0.2677479643064558
0.12888764488060783
0.19349178769421085
0.232418495193556
0.18944613561529555
0.22002483782486032
0.16136861273990175
0.22898412291394704
0.21791503138067372
0.2011117684106311
0.18440596169429685
0.18235852958561236
0.19671789694776673
0.2950441364769436
0.23942156143495535
0.2844644175344452
0.18010414898643498
0.22730184980189605
0.13072835363058258
0.1143435699296819
0.2073134090647611
0.17670439492028608
0.21884555171174713
0.2819337063384059
0.18350822017395418
0.08422207484254414
0.07553436868604835
0.2202269470536278
0.15494622363692107
0.1531440635626102
0.17562077955876162
0.22262191451442287
0.13668151640050547
0.13712328647473737
0.18394874355646476
0.10016744345847889
0.20783959620312065
0.19954931869217768
0.20003124868807215
0.1982598484465864
0.2476444993371156
0.22624051012191662
0.16884659626302156
0.17136609277317275
0.2638024537428262
0.20290155184102665
0.21184093866394949
0.16864268626413648
0.18009635597144086
0.13477049990740764
0.2770729741073433
0.11126027173072281
0.09969235896257644
0.12580885470164316
0.21728073007533621
0.18169403345717103
0.26719415106570454
0.17186885304027996
0.3040044713550339
0.1571776686337576
0.11591912933405699
0.17401092499980272
0.178923512293515
0.24850109484865646
0.16971262310241475
0.19595284287583875
0.24742176852190095
0.2574939859790238
0.2112496704910467
0.14644334682433827
0.23958029546189857
0.21572395214826853
0.22126316645640212
0.18423183042709976
0.2873721409658517
0.1931286455486347
0.1303302915877042
0.17340420469997211
0.17050967291046443
0.21680649606737315
0.24512916096033333
0.23826591863950694
0.22261038616821258
0.18860922720416995
0.21674971516566915
0.20830347119658466
0.20130420021897436
0.23589395861067142
0.16957603333941626
0.23760850478561552
0.2140649937342838
0.2979387008611948
0.2156380396250641
0.16121599222597474
0.22323508485816326
0.2711150125903586
0.2032523081410237
0.18119323144113653
0.26124089987545757
0.24231977191705553
0.2177353761616123
0.17182673913204746
0.23606139839719126
0.16692673612842232
0.15457940885767218
0.1575134555639414
0.14891755269302206
0.14528115049818374
0.24115157170744592
0.1889541728239342
0.21751415761150014
0.17643698805214555
0.243895546509995
0.16710461587949732
0.22220961180416332
0.21750212011149228
0.15156375106372633
0.25335194953341245
0.09472229073171477
0.1821548171664167
0.2095963412967708
0.2720850886618325
0.18267969004639492
0.1778295698352969
0.2083127944689576
0.09229614702766056
0.10466386645576807
0.2372720618848691
0.2918034790870323
0.24276402770910974
0.19040416540617536
0.1295494599211336
0.21860222634368787
0.1514209458733223
0.2735149709152873
0.1307572840219816
0.18033866619704414
0.14334642148948387
0.23037276395876746
0.22172524656640524
0.2044045253208966
0.25698682238755305
0.21280462627978083
0.05240406935396344
0.20839785629920538
0.1532725044295277
0.1786223761972741
0.23211405001906393
0.18894237357380844
0.11807718735688966
0.2737922295072812
0.13396610447292426
0.1276542617248368
0.1856262314127341
0.2963567127701501
0.27407596782105237
0.16434315729756363
0.2065014742600386
0.2534689743625508
0.128379732159893
0.20263014698023357
0.13621773523685826
0.1610266483568431
0.18114216705201724
0.28218408729689487
0.14580979769497193
0.24623420655748907
0.17700906912343572
0.1562039223919729
0.1540000831078085
0.25010161926373936
0.21841537022791294
0.22441985633462103
0.12124933923412211
0.1882766926715496
0.22001261880363085
0.2176911962794903
0.213943561081523
0.2707300211321446
0.36979272652442546
0.1619344239684809
0.21832728540192756
0.16865476547750008
0.26322785984092995
0.17691069959851813
0.1499767568657056
0.23094553300573553
0.13765038940178959
0.17821446571459879
0.2511043199292215
0.22225207093186844
0.1562443776747315
0.2838150960800157
0.24766214197285166
0.20441408838963085
0.12592207629683294
0.23506332649279238
0.22497054787042678
0.18951616877086605
0.15399711679903477
0.21696478656458196
0.08660481863361907
0.22243274972195898
0.16720051379393885
0.24403666855615008
0.12785898455767758
0.19923791490531695
0.04230325627305054
0.13302714556146833
0.10600177065763966
0.21491311679075828
0.18790958201915936
0.11235228367439289
0.2434311304973961
0.28021792987782873
0.19273551688505003
0.2315465517891121
0.1643071748940039
0.191856872036518
0.151591547380366
0.15265714883114917
0.0935235098247948
0.2541804593374172
0.1412558264005238
0.22485618649465364
0.18371254624307273
0.18018363995418632
0.21944721015716057
0.1602985582159499
0.25102922326109967
0.23952262619217582
0.2888920676578448
0.12342729588562003
0.24900820624708916
0.15069039329315215
0.2434119585972683
0.28918490131915153
0.23539324428940625
0.24271258766081938
0.2713411994083831
0.10656205793016436
0.154571624238456
0.11669588793806247
0.2140999160480501
0.3230304093982261
0.13224324559218031
0.24838513288256064
0.13421494033549256
0.28194755058993715
0.1956124641868576
0.16715999990413136
0.1426383511089711
0.24411003106465406
0.1386658716026487
0.18223758212682895
0.1811322218696384
0.20265830069356294
0.11619245111027496
0.1918279499087319
0.12674556706146978
0.2077047374488051
0.23040524387771888
0.19016242862249194
0.23532241665856682
0.2661704663719969
0.24248594012756078
0.17029625667484236
0.22706100009959365
0.19806470687805436
0.1805488019822999
0.20738918797328285
0.26799328184848675
0.207957319252365
0.1811668817616931
0.19573177796061714
0.17598211860982899
0.17295653598847785
0.20950508970669188
0.2094570400581121
0.11556102721208408
0.14153838260549875
0.284541484862028
0.2025410125765611
0.1831500495766514
0.22912100046371062
0.20747452989321047
0.23136470508272267
0.2602650810688808
0.21301882491930094
0.13175104550558578
0.1744110524602198
0.20454353086755792
0.15170399740276352
0.2598446656569939
0.27798705309753025
0.23438090355199429
0.10077370708954327
0.2308208555744701
0.08773795956599623
0.217991075451412
0.23777113682374362
0.23079250441000082
0.20952139589983976
0.11882105988141181
0.27057968954855566
0.17405349455506475
0.19067167276699065
0.17010011528716848
0.21963871307045796
0.2428960703938784
0.2072174297563837
0.1739243951536432
0.2034923574506468
0.11509202434997026
0.1917755785680198
0.21377519959822075
0.19025235545847247
0.17260608054613277
0.30035763907157736
0.14026120366349418
0.21076928063310088
0.15674101537112817
0.14726884636535686
0.16559171339400933
0.27364069601702673
0.2534527608102841
0.29455440676935024
0.2773007939991475
0.19368798847581892
0.19047021457880767
0.185373640244608
0.2316353177552159
0.16410679719142532
0.15020341499842366
0.10787642506208704
0.210573988287165
0.1589697446057857
0.1967298154310338
0.3039751033389733
0.17090608920257788
0.1459091451364417
0.22804412845157498
0.22453051094964183
0.1994572158446926
0.09720365000565606
0.1438927475172909
0.2586720180735189
0.19212757916391354
0.2570811173043931
0.21023602159171273
0.14908430542435994
0.24302459914890112
0.24965376497762182
0.22194725194453852
0.25342546783222497
0.18577490470399144
0.18571920525691749
0.28790750688181205
0.18541103093694114
0.19550756181837453
0.16782060687487876
0.17266149578971912
0.20931465557347287
0.2595223216349698
0.23212169689400972
0.18869398306143817
0.2901526139569336
0.22241293962767045
0.16759199911477038
0.1844012781425053
0.20903764422244647
0.24421120540593405
0.1259524586131951
0.16339250246626952
0.2915358475565858
0.1507364546976872
0.2402035487464057
0.25458874043666785
0.20661721408901734
0.2032195331350593
0.17399507298334624
0.09895040311577007
0.20847200820678152
0.18649830298818196
0.2272235992236713
0.1432585190718248
0.13926965499239635
0.15034110546782842
0.21828441793185802
0.16933890391224804
0.24009836590054534
0.23222314277688194
0.1691880544419283
0.2013476426649497
0.18003332762280397
0.12245995773958174
0.21476605009790659
0.28333737834102174
0.20190796999980523
0.2368440241533408
0.15152029489740723
0.16457451387902372
0.16714269257161324
0.15949416801893584
0.15868167209292672
0.2735071060182057
0.2197564936202076
0.3179050489865868
0.2221973238513851
0.1084411805871564
0.24414574949919501
0.2098600588835943
0.08588589396827784
0.22711041396452047
0.24193854616130037
0.19303049619098384
0.18083429454414174
0.233918313292018
0.22922824897168004
0.31109179389609065
0.20891830338869286
0.17710577213538278
0.27232474634386594
0.273353501578481
0.2485649586375796
0.12426977656878443
0.1675922611240188
0.23139476581058446
0.2110501195926196
0.16005221884299015
0.13954667102030796
0.23871758536720067
0.166429941996667
0.2651012249550074
0.1987269168273585
0.1752030355191049
0.16146930786881455
0.1582909209013547
0.21908194376394763
0.25623867180302307
0.15973147443054814
0.20943176399765162
0.14266662500159744
0.20374775992874375
0.15771233935973972
0.13221595482512183
0.18320893029344243
0.24130526817262177
0.1723037862432264
0.14006576825594563
0.2522644708814315
0.20263284860567332
0.13749153709093082
0.1511141962364949
0.22698832738511798
0.1751843033481994
0.23710094309588328
0.13494087609611471
0.22519783766845694
0.25782199111447013
0.15788490147039827
0.2534294850575427
0.21854947793363855
0.1369228928925823
0.11256807058089739
0.1809665649648913
0.22908108281411574
0.12052692449509184
0.15357546179671575
0.19149699242411586
0.20926088338278123
0.25403297772773714
0.20612987715582823
0.2925885926805176
0.1987118320045603
0.2286156064038467
0.2227238174872683
0.21822443233851313
0.2535037378359208
0.2819034417354883
0.24905258068808894
0.07588501638991269
0.2137366325401708
0.20319328678735205
0.2451530191853035
0.0806119699062019
0.20570402030874896
0.2134507844427303
0.26024463528582725
0.25913524139988064
0.08037035847599841
0.1610275463437772
0.13916552756303124
0.1979781743920212
0.22289014810173338
0.25096424911712273
0.23397304808284256
0.14187379281532114
0.2706702005069199
0.2576826649287132
0.2422131389578323
0.1680477372950902
0.2399410792939972
0.14217175492238215
0.23688512255090355
0.34254035736162697
0.10635941596489461
0.16112993345496185
0.21547245035016405
0.21228108864606088
0.2293173207138848
0.18628040311419927
0.09734563825911735
0.18074109799282925
0.11557417042142792
0.18768978984689078
0.22161153855221657
0.11651435751844319
0.19161882375641157
0.22271396316333825
0.19749648744564718
0.14562151849708005
0.21716079599106383
0.17430515607388247
0.16910199287852345
0.2460112084103888
0.11702796938515177
0.2795825082940571
0.11746295672027829
0.28850982914497014
0.20234484547799955
0.19184351601578906
0.25739400636613086
0.12604422892182826
0.08812777461470384
0.2627732882640735
0.2256405316309574
0.2623409233413274
0.22689322585472055
0.2417635576229217
0.15743662308844425
0.2730894528911686
0.1786050391632944
0.19457853702955175
0.23212972216486027
0.1890066003805209
0.1510113342117243
0.2588740744716225
0.2200615247370252
0.2695126237082967
0.214895262924397
0.20979495695004244
0.24047181456744637
0.17348367286338093
0.17943404556289008
0.2594949513323785
0.2273296026311955
0.27334466848362926
0.1791467599455995
0.19657412206901087
0.12517492690331916
0.19350206714160298
0.23139199546478578
0.11692468226536457
0.23454397168783392
0.22780688212483627
0.14595200849128798
0.1439675782973081
0.2183571712669523
0.2633269179146044
0.25494187327732687
0.1476964370407877
0.17461690894298415
0.18341874330223115
0.27602789709227754
0.11612000239465127
0.1830561155958045
0.198484106363027
0.20258216493067566
0.17074360386041965
0.16773618263955437
0.1718224563133115
0.19725455441790127
0.24715720421392512
0.23628170674680612
0.1713588093149646
0.16593820967843306
0.1956227694211613
0.21373952160340365
0.18130905782326803
0.26349408189246093
0.23709440725785114
0.22873538849654546
0.18231864387299607
0.27940708363972805
0.23009444462260253
0.2192535428917015
0.08965683894184984
0.22977822324605562
0.17853429525681327
0.12203157714865066
0.15195810960267436
0.22693595217458887
0.3487934746097948
0.13326633805034144
0.18781093909533492
0.08497546159606713
0.21746758402094726
0.24086534872428597
0.1767619518211208
0.12347674940542264
0.23840104086694722
0.17824595954297856
0.14610660717353946
0.2125341569591442
0.23253632463478816
0.2217174517855159
0.21820577158794505
0.20614880547428946
0.20905186516153623
0.22974509326837347
0.32383514224176035
0.2028238155235725
0.14492749690557166
0.21224247521808048
0.20635573816749073
0.2435908569506189
0.11934837636840262
0.2691939196041898
0.24630458846664255
0.24355171931651073
0.24127636013967024
0.205047340624138
0.15441733671079882
0.192572007965072
0.11253461154234008
0.2056263860421231
0.19264282421372386
0.23526461629493142
0.20564435980340443
0.20969530740048548
0.16641248135771908
0.12268169568274118
0.26585890467349466
0.18125949511278117
0.13459923289028303
0.04974143870726283
0.22915315171387213
0.17098216645679667
0.2736357519917406
0.11650329895890704
0.277185083710506
0.14630303911903964
0.24466837567980715
0.26317660258399767
0.23028857270110326
0.248746225779132
0.15250084368024436
0.12908017963827062
0.18573546056945572
0.24296586272049003
0.15436751565328358
0.2815380595414735
0.2363023074824634
0.22552289948571086
0.11349869270970125
0.21612734278979193
0.19592307871411466
0.2298887649007191
0.26158235954119097
0.24302404192917137
0.20510066814056085
0.2578216217315321
0.18745484310102015
0.23183259261227918
0.2011536700985271
0.16371675258755317
0.1886785827642609
0.24390410377479632
0.24574862474368675
0.23252942987483072
0.1646183194320308
0.1372874397160631
0.1144678896225439
0.18034352301060586
0.10646546694872969
0.09124137116366776
0.19307092476335755
0.29434086438321005
0.16064484108078547
0.29427061663421705
0.18947095668304897
0.23170861359274422
0.12047154031368512
0.2184527517707358
0.17729317435449654
0.17114640066742134
0.2737952881461998
0.2370488989691561
0.2406094581842286
0.16039828239127837
0.13734155303269835
0.1472717293832456
0.17735507385819888
0.2798119360785164
0.2093164058220256
0.23993014146991268
0.14113844646675439
0.22608387298180976
0.25188088854419194
0.24863295711141495
0.19663569962394678
0.22967817506290147
0.2428352628342943
0.17172866874189158
0.20559804758751452
0.22797769629388245
0.2527239136137496
0.3010251463959539
0.2670231021892827
0.2718500546335202
0.22447705174797644
0.23357563325499497
0.20786796185743245
0.1867437018600413
0.19849310526741804
0.19050147931929878
0.2564228481913203
0.27131388561109027
0.18025186696302078
0.21728035405191787
0.1711759651085864
0.14330940965515387
0.27072692597325043
0.25990357967465116
0.2415834325891588
0.20109013199041087
0.19889751077209744
0.17603574805058464
0.08406234270727682
0.18838439227185086
0.2505965381408972
0.1788845768951485
0.20689940267046214
0.22012863281499945
0.2323780864002506
0.14805261046588697
0.27176976808837927
0.1747641517771229
0.20878672105577906
0.20423450735839443
0.13973704811545665
0.1347497007510351
0.1806532723882418
0.18552553252402995
0.19060059453689612
0.29463110464097364
0.2533776310702496
0.2168209250396901
0.15222319105879234
0.2072791546526427
0.20096608362104787
0.14202901282174385
0.25854768574545395
0.19540371558669534
0.16075765722440705
0.12870706564632545
0.31078728296416264
0.2544375669483426
0.1965065273660349
0.22587654448389605
0.24608184129327584
0.26293841042490446
0.2529156784399839
0.2234215902885096
0.16275777316013157
0.21789539869395164
0.17381228763999043
0.15218428228786762
0.27363614726159835
0.15882620386809299
0.16277326650253154
0.16958780781326305
0.22376292464199077
0.22367176296117602
0.25402538787567863
0.15991043531027577
0.2399872198215518
0.12607174361745255
0.19018550681124516
0.1815823716122651
0.19781146661255233
0.2102721002830121
0.10330244246674707
0.1574791160764491
0.21705371585155742
0.19971702872800828
0.16264102198747368
0.12139329899112229
0.1908561164275652
0.12631989716205788
0.1850730410606298
0.24877765727627751
0.2402710788854532
0.31387799726744914
0.1718322665025104
0.20687934819797124
0.25536191272015996
0.16426221813928907
0.24412141640189983
0.27917519971511895
0.08609073270231056
0.28494958349734645
0.202948002893027
0.15367038780706657
0.21405538637483842
0.18557008562764007
0.19864734053151115
0.13779487162682452
0.1166677260490551
0.23247745787183402
0.19067927456100675
0.14780030640711747
0.2431456143157979
0.24990716418908812
0.2482858679153339
0.16395804302544045
0.22784958653114748
0.16871132581829265
0.1013293474183059
0.19638927504720782
0.1273820079478386
0.20009026347535863
0.17541873372095645
0.24250189832282748
0.23379413965247225
0.28395417033487
0.25901911302187564
0.14262966088471352
0.18487609508293193
0.21314489326927843
0.24522041821197532
0.2516438038720304
0.14538866482676627
0.18115064471550216
0.27990675847741514
0.20342689551884288
0.19303827407233476
0.22735958444898782
0.22535803710010638
0.15578412096397715
0.25407742848914616
0.2560386789549771
0.21474217279626595
0.18925140923512923
0.12174504804902707
0.1758590495206538
0.12678119554864442
0.13585454555893312
0.19669393932303272
0.18801796437090276
0.10108736714316013
0.17110067859511166
0.24010892097880385
0.227035170908077
0.1645636968169031
0.2979659276610154
0.19673416468971797
0.28064236270948256
0.22283415544748927
0.30519286752764685
0.1651018886073509
0.20369933922366734
0.17874099732887955
0.27972162055659083
0.1879120599020642
0.18166118111043894
0.26733650516833296
0.1991928005390228
0.24566403547352858
0.21374697575051527
0.26848289895088034
0.15123671009529396
0.22352721109789214
0.25652994108480154
0.2070768787838982
0.16594125397453768
0.21123752912150195
0.2530773650213016
0.17882667104538957
0.2127783930773241
0.07102733069921191
0.21079422402283648
0.210806876187064
0.07663644109398221
0.10670569337515294
0.22959789528064284
0.17854342951697963
0.2349884315325938
0.19903491747483332
0.1355577956233315
0.15166435809137677
0.2493178961609038
0.1358921022160165
0.1644666141502316
0.18293610007520383
0.1398895991293138
0.21474599578510123
0.20805664683691044
0.20108688654778378
0.18421954311076563
0.16083313899778648
0.1624825585430228
0.16952052645405138
0.2330791094840018
0.22684268061859655
0.1535384010787351
0.18990663229118201
0.20635991539107298
0.24299082309725661
0.1797243340055472
0.1325476707692229
0.18913124633508419
0.27218685250525004
0.15235719380752796
0.18235144305488027
0.21073187039305147
0.2271731428941426
0.16271093097212935
0.16538833557422047
0.17863515117783765
0.18121998570953626
0.13741007720416787
0.23188246264846027
0.19015945375324583
0.2386104082717405
0.2647155221526972
0.21812224087801058
0.23611587559369668
0.22837575142418445
0.2896086339115428
0.18371664478118344
0.24550329526118048
0.144217167788873
0.21132380622172392
0.18287454488673904
0.2798706044266601
0.18315631010759367
0.1379277745347527
0.213219813004142
0.22215763118435639
0.20865133248905743
0.19700002538181433
0.22817474527687504
0.2347294843839834
0.1784561446360477
0.15632102140700949
0.22170019811946157
0.12386759055427941
0.257197399750502
0.1257677264503333
0.21576177007306507
0.2610144440154488
0.27554701290085704
0.22255812926158852
0.2569519302979286
0.2578365101091378
0.1968838433371736
0.2322173749642292
0.08633282103602308
0.2541299026065015
0.13166859023094898
0.2837236118503242
0.16548839724611192
0.21907034047580334
0.21851220956369274
0.1763596172664259
0.2028162150837351
0.22078622121354735
0.20535451493576531
0.28091618597986456
0.22530751376560096
0.22115382284529267
0.27166721427929946
0.19692737816907205
0.21698897227183803
0.26195784243593334
0.20434294406147516
0.20357700453239375
0.22708791639290654
0.233680667241349
0.2337949185358036
0.23867873806433343
0.1443817631333385
0.20192499846325312
0.22034516778912017
0.24378991559791943
0.22254574206704592
0.2354958058490993
0.1334225141159871
0.2392204102796251
0.24017898332890444
0.2409173970822195
0.24852358076732856
0.27839058053702476
0.2311702822258408
0.18133430246008483
0.13588845423239104
0.21507548867326107
0.2084123059722319
0.2053041998773309
0.1693355539763821
0.14059972466557358
0.18765521759615408
0.2023071747434693
0.20222727347255684
0.09578117023866857
0.2561041246181524
0.2247723226248847
0.2418288330056846
0.17148514104057735
0.1979024750810548
0.2547294912734332
0.19590370270740143
0.1715464733847494
0.22478312539705173
0.2628659234449562
0.19512395654165854
0.22858652726411932
0.15961692800045468
0.21154997895216063
0.2212294644190839
0.2526654395725636
0.20612109252499328
0.3005106877699302
0.2403695067221941
0.14394454641809168
0.28279377320330523
0.19976527054252968
0.14407177697938434
0.17356110189535454
0.12352395874993627
0.16878234103725975
0.13098250993295
0.16007538499240428
0.13153122146400242
0.21156043392507004
0.20748518980443098
0.19918034757623784
0.12878931436861693
0.2279723150870736
0.16436483719865427
0.15772505147469718
0.17714185701660096
0.2311682358356047
0.1721088908475552
0.2661013990172088
0.21143135769948265
0.19343457026650765
0.22746562495704942
0.2569379255171469
0.10877981436343563
0.30538137018476397
0.27062079578505865
0.15060743088174244
0.24948442418309574
0.1601102738440167
0.18866268433444622
0.2437359583205579
0.20698823303123232
0.2022334125619593
0.1941556477556006
0.24167125356770378
0.16981241536740113
0.21507327324069592
0.225122459529173
0.23628028883830665
0.19810018983108696
0.18707481348848515
0.16505777918438633
0.2403179006098784
0.16149922019793025
0.19881206323173695
0.20395452980001788
0.2044106055670791
0.24677863402487846
0.2586698051534265
0.13080384865118366
0.13654150665082182
0.2009845183305544
0.17174955629896008
0.09108379648505237
0.20364185686960526
0.29183651110149433
0.20239868976686803
0.18711463877837606
0.14154249900638338
0.2652036772350868
0.15881411160593906
0.21158559016780176
0.17380808341380277
0.19389633060274172
0.18622449695509885
0.14216377292208293
0.2169426396269968
0.28362690154160963
0.19084905728786897
0.18728534106156586
0.22070038996956826
0.1433240359806952
0.2062603281114926
0.20488737047686498
0.2277539483312936
0.16567446443467024
0.12332768555189563
0.19747639880106763
0.25490528197725976
0.23659294127483546
0.19782387884168284
0.1318958469968023
0.2766985575343003
0.06898514229743749
0.157091200544941
0.2096071222196734
0.1489428200782193
0.09697159584928283
0.12624930178820892
0.20423571048252323
0.20209853652918358
0.2873680807839123
0.17272537361965884
0.24821511858710799
0.24048321518318272
0.151770528177177
0.17870198454383848
0.13401879825398655
0.20163397431145386
0.1753163299663518
0.21536155962071354
0.16629774543249934
0.1455172410275577
0.17452331963988105
0.20552100238589036
0.2377219953648196
0.16904092069370066
0.28658692344484926
0.10473653345918864
0.20058933854831318
0.16800177526501542
0.14148157030973144
0.1920860630384113
0.20709177356557545
0.21594671706704027
0.18506035405792493
0.10232277150861713
0.2537080795722746
0.15838066118536243
0.1574068055217892
0.23581695659492585
0.16932360054680934
0.17083542867468465
0.24875784759804365
0.2269902143154509
0.2239618036969504
0.2171072531437219
0.24496829301251893
0.10635580612319101
0.25339958494648124
0.14086450417146734
0.10089421254956826
0.22273787496816103
0.24125973381917695
0.258331651932656
0.2354378814673344
0.25592578060008475
0.17645515762245384
0.17612790916449364
0.1680595011747606
0.14889211535278185
0.1943795142900407
0.16013433555932358
0.20182043530048113
0.20730985719809084
0.16563877205570476
0.1656222300469425
0.12580644006348507
0.1344705455024485
0.25949753704509504
0.2072662927666463
0.22846756595223855
0.1996411010907136
0.1847645835873136
0.2490588090287954
0.25297160181155903
0.31907796021990625
0.16249185378480918
0.19110405713773823
0.14351762105839647
0.20486325180629192
0.24368138190512512
0.19308503266226915
0.2267663200951444
0.09402650622205705
0.18913531994288865
0.2618249220983111
0.2113323512988784
0.12947545022900142
0.25209688352049936
0.17903497885891045
0.1410459281724661
0.1787102728577729
0.143338289055603
0.161796658505342
0.1830774217953532
0.24131036317058402
0.18759386703937017
0.1753046783351748
0.23027079285172428
0.2457949763696353
0.26923936615518335
0.20800965398853097
0.15286091789900672
0.21940402397553666
0.1777040617818361
0.27608997008110137
0.15782284003757363
0.22368213178556456
0.26637666175741137
0.23830110353558764
0.2606006309762223
0.10991820663572344
0.1802116737676277
0.21097132429175564
0.19380085977810535
0.1972156170208632
0.26955530443247006
0.22960609743945887
0.23050278448242575
0.18895987192386493
0.15247445738794746
0.19583673511737446
0.18805258764760885
0.2025637658912681
0.18247098589302516
0.12877960348447354
0.2270652108970979
0.1989503001122004
0.17948168965409855
0.21226918575202394
0.19503720502605654
0.2909117908737245
0.22493290976053665
0.16682050656895583
0.13202050794818196
0.14494639899604156
0.22072121110493123
0.2586751633370841
0.14976868693715542
0.253437701455703
0.2384256956885758
0.22134909494723998
0.25314427590950084
0.20872929397871673
0.27625473465806416
0.21826987519389945
0.2025944097423152
0.2675784419666956
0.3293732586874182
0.240103575671331
0.20473771209094646
0.1785474303053571
0.2370594239466176
0.15648488095929178
0.20442867082189284
0.19458261418301953
0.25686646272318997
0.10782453902748251
0.21741484426733543
0.19634869415979153
0.16921764576453538
0.22147505738780737
0.19424809352280306
0.16382744716388187
0.2470262974200005
0.16662683900285652
0.2335204611313287
0.14032867554511438
0.25416659385406304
0.17139480187917766
0.24127231103124272
0.24850034406618207
0.14429686518818285
0.1637278937066786
0.2523851243741166
0.18236559548693043
0.21437647108114286
0.2372127901088131
0.21978551871793992
0.18264954064225614
0.27105077303449454
0.12396482309351613
0.14473517683056472
0.1964020225098447
0.13233328714046733
0.25637856291237726
0.1929533271926947
0.2563335289008028
0.21776021046645475
0.20712048734115726
0.3149672857312893
0.16869769862102516
0.23579548198306788
0.16079709277121582
0.11942193978241933
0.10957492668555978
0.23513263221998826
0.1980013995703919
0.1737030488894971
0.16772716502819762
0.17721446308986297
0.2883647827841913
0.1915357528175333
0.20643712498027447
0.19898704194013267
0.22726902792364123
0.3063435340344226
0.10650377416305713
0.23975848976222564
0.23415071624119074
0.2719352690483854
0.1836354684575273
0.06869645448401973
0.15718303577286877
0.22470077929811647
0.25000389710561455
0.22167644685695231
0.1587749714446715
0.2880988883033099
0.22693848786041085
0.24458215568362818
0.26434083518868146
0.17134055011244834
0.15818603112859236
0.10721127450363079
0.13141479098437878
0.08521411879117918
0.16723161554382876
0.15922011546846743
0.23665681657329957
0.153359997084203
0.19469846430247195
0.20799133183721477
0.17362413521264808
0.1236728799774107
0.16078899042692382
0.18214215603780354
0.27996783061219593
0.1740565519157934
0.19446347315806042
0.28821538840968736
0.1386916310151842
0.22202533778084438
0.08318954331588434
0.12412315990188473
0.198748200635637
0.20265634518316772
0.17467864206084774
0.2285374528455031
0.24280553605585709
0.1965300632336611
0.13534585168016106
0.27960901136169086
0.26266529633415486
0.2929876100949599
0.2298352999474997
0.2766689257535082
0.23215927373825995
0.2019428258884371
0.2418070293015681
0.20781820637141882
0.18024468570757032
0.2760249707972115
0.1972571138580094
0.15061282829913974
0.3206384299108821
0.2314355477022722
0.19744508366766933
0.10261080276965676
0.24724608772747161
0.17524422634883827
0.14226396905305305
0.1966212353938106
0.20732320028966317
0.22350939401618408
0.23391419802393695
0.24603601054601026
0.12896702169378665
0.22211248702160655
0.16716039301168775
0.19377880511764156
0.2700936418599734
0.1348193170841525
0.18786311264294975
0.12484193801605234
0.09617298619288593
0.11204094017285138
0.2105481767276422
0.26475601606555665
0.23463734340093478
0.20148747171117234
0.26913426735503587
0.17386052815170178
0.2473558655538381
0.26823870647485804
0.2299734060164391
0.19957693462363538
0.2419621826591179
0.19707630652351643
0.21346063108620236
0.21366217207742888
0.2190903314010931
0.1637332422395023
0.23359835594743772
0.169541834867541
0.13018127794671425
0.1630492906563869
0.20528043839799895
0.1687715464130974
0.16014401357642877
0.24169265331937434
0.2221612295622592
0.22986295782841226
0.1719726084120524
0.10459043522911098
0.14842419866627077
0.2848200868084087
0.22195943129057383
0.2070255852324912
0.2412974396163005
0.26590818046644393
0.24746413946456486
0.23165050073344712
0.14180124714351874
0.24344024733520458
0.12051937566646852
0.18332902853706484
0.19432819603678536
0.22187075273833579
0.12523237044459
0.2049316505026721
0.1711740287054255
0.24534649657259447
0.10860591397493284
0.25120085321157914
0.15517952994825834
0.15708062279194226
0.2714926378348163
0.21919581964032758
0.2056255752793624
0.2405534290207463
0.24928142306591206
0.17998363249035096
0.16114527097248746
0.20001760362792717
0.19910717715289897
0.15705435751099972
0.32967062395275515
0.06464899688889733
0.12995862161965258
0.20204205597420982
0.18077172627312607
0.1339292703085609
0.23459110853070178
0.20012882542007895
0.14451594937654524
0.18955878601425022
0.17128756188067515
0.23504520764713405
0.2048639442844113
0.1963719053580128
0.1438098949465757
0.17326812249248377
0.2022437134231441
0.24803545457031362
0.1982209312039853
0.23145977750556648
0.26491066952353765
0.16450145645752187
0.2235000561385991
0.19155534494484827
0.24367374546776777
0.2646369561117713
0.21373625114691036
0.22269459031368488
0.27719447811812775
0.2448355371664545
0.16944789659886528
0.19264222795014477
0.1602233794525757
0.2349823223228636
0.18574228794394904
0.16001303517830964
0.23008590912910543
0.27730865921866865
0.19144619931871687
0.1483472652364996
0.14533259114753871
0.14546785054164602
0.2816207971995455
0.17490392913315106
0.15860508587547095
0.24776967553289123
0.2663837336011308
0.24860372880561218
0.2825131667308475
0.1663212287860607
0.28483595271650536
0.1914478115919082
0.19641524669468569
0.11486608700549818
0.22074786319427772
0.17220348127481958
0.2974729429970395
0.22666396564248412
0.237175486832418
0.15698959853572578
0.2753307032330582
0.2767849375773694
0.21182224272408756
0.2128501039720623
0.15417112206779512
0.15614606058854
0.14197424148840057
0.17021963685534636
0.138253297512088
0.18780168311005574
0.18300215282920024
0.21987475043533883
0.1742482026194226
0.23514919820569716
0.15606572747866132
0.19947457557796222
0.19817615551917708
0.1929258678468711
0.17996031000443913
0.2634838224438617
0.22509722839460627
0.20805611507146446
0.19641179712046583
0.18611423685004813
0.19320797769745388
0.15743762618848187
0.22754406883450995
0.18416032052553083
0.17001864177793238
0.13638766042011571
0.1629689582656858
0.1555278960560832
0.10555057148148579
0.25079314443728556
0.1083815434107496
0.23954182066299745
0.21309306412837264
0.23981710259128308
0.18685281843155777
0.18018342836533302
0.26774058603135104
0.11094201529056613
0.18152800089962773
0.1400464530852686
0.23698845584139397
0.17813475827358646
0.24918650225663194
0.15384503835437383
0.16600494964753873
0.1502449233290151
0.2521249188749288
0.28420094903003085
0.2054432708525061
0.12423804157119092
0.24017342856088694
0.26263519549257264
0.22784912244521693
0.2613787440895765
0.17625181693753428
0.22787462554791643
0.14586922459655077
0.2241438663768663
0.14024508330433785
0.2958879102475813
0.16647781984248858
0.15794643513666246
0.24873764507510165
0.23900589667658168
0.22949539444213563
0.09913309921235376
0.21844959081219725
0.22635245116513522
0.1666360358264401
0.23871655379307943
0.2406087677032969
0.2074531307207674
0.13908159791318336
0.3046635393719195
0.18414331177415386
0.2087525286412524
0.3780484044135491
0.19059092327745833
0.2362809103555192
0.16940075507330307
0.20396652844474114
0.1790390178190885
0.10696698558021206
0.12126310346378348
0.15922376897732848
0.16546340466027132
0.2362983658989181
0.16810468993403826
0.21195344054605283
0.19967939562748852
0.21418748319322578
0.21757127736903423
0.17363299584465483
0.21187823812680776
0.07843329996395161
0.24999833269298735
0.2470409604256291
0.1393042527533329
0.1663358339652996
0.19506868518916737
0.23174904176354985
0.2185891856269738
0.1828074250014031
0.1740087802150973
0.22880273416736394
0.2127505421053806
0.2119708233361459
0.23803772943381366
0.20900678516033425
0.2243534006930124
0.22633355995745041
0.1387272591791076
0.09938336187583861
0.20028976824690656
0.25317611551498054
0.28033769732249103
0.21775990810178306
0.1590505250244136
0.23530638848303911
0.19806947597191324
0.2599303136971398
0.22512156453087734
0.17117580238794247
0.15903391459477229
0.24101867083090842
0.16927971477641607
0.2172643840597304
0.22685308646968466
0.21903369209934637
0.1839140763977934
0.19333759943915993
0.26220616149847376
0.16959847502646552
0.21554116297929862
0.309459374155969
0.1834289155721342
0.13882191564633428
0.2985346683484933
0.28323494687045486
0.1083141510095417
0.26244451895485466
0.25760405255920854
0.13069927142524934
0.10621986270407194
0.23618828503530598
0.16985621838371623
0.13652923086364796
0.14673366339347096
0.1612530757813077
0.18390986002957493
0.26543519454651004
0.2116125932684742
0.21466949677318387
0.13638315628567393
0.21828353572412298
0.2584883853252775
0.13181625680272863
0.24651824219796692
0.2521442992818536
0.18982393397591163
0.23794290644529015
0.16466094545282553
0.16629899839398762
0.1451407473662065
0.21541805854447288
0.19522370898999752
0.20923566644144295
0.1464799476638416
0.15849570726954257
0.20307846144882252
0.21544334557189113
0.2852262266344807
0.22255505470264053
0.1972988832152007
0.16384152502051927
0.1612609684232758
0.23378700439274
0.25985243209169107
0.18039304861756486
0.1439008341498581
0.17181699663173086
0.14877329251488963
0.18919928811775874
0.1592784223870535
0.16972766911986556
0.20831976142684686
0.18579896009610375
0.1297937052384272
0.11895506194065057
0.18160234752893048
0.21311981932911378
0.3010560237665243
0.230540694047356
0.16317313757499294
0.13654292956457453
0.2300250642377367
0.18069243950198255
0.18967872061260602
0.14036870580542352
0.12920609029103386
0.18142492076003036
0.2633176107890469
0.2197832757076549
0.2527595911345637
0.3069399050989874
0.21586027064058935
0.12473701738764048
0.2065357796678415
0.19727310870904738
0.12394031503856637
0.14865100047941573
0.210723552341511
0.269214129787405
0.22339050935423094
0.18073467600229245
0.24056139083036543
0.21429448708344745
0.17534431481558252
0.21845501443961995
0.20440670901785554
0.19368685102896788
0.1342151215178121
0.1566240488140112
0.23367625320236626
0.2329222675514311
0.24083479806854485
0.21738588744825266
0.23430972141146714
0.12465510438039419
0.20508664237359656
0.13248843156626805
0.29058238052037194
0.241264769198199
0.28319368561757396
0.34405836715230603
0.16529662010810278
0.2487582248735582
0.17776156938374763
0.2118537528555218
0.1759302370963303
0.32699853323991634
0.2556337583649332
0.2000663037246924
0.1233172244316036
0.12781929523952154
0.22982690129879357
0.22559561039052206
0.1290021973422671
0.22440369376978278
0.19242423253888652
0.15642492273313707
0.2334398692042799
0.19623070754375793
0.13116741518426944
0.11381267538228625
0.23853058820308543
0.15796799399036301
0.17456365327944445
0.2842710236288313
0.23281992725349604
0.2211845586758725
0.2298082337405452
0.20413364661074412
0.1957747738534824
0.14874127094592476
0.23342649799918896
0.22499332458612517
0.2212551268197393
0.17914888246518812
0.1701302496171692
0.18291946345165777
0.12775853691038372
0.19582809066645324
0.22600971684765056
0.1906269507805819
0.26635461059447724
0.1915426534470594
0.17261739575297277
0.25272860705349204
0.19889009786581138
0.22574315775375017
0.06817869773593044
0.12525070233608668
0.18626772735940225
0.14029499647799948
0.21785625005750275
0.19857846334398155
0.2075543253376787
0.13369386775267925
0.17967411605933672
0.13710875994732646
0.2777576388929574
0.1921198485630691
0.24611152728704214
0.22797089325723935
0.2543077800151071
0.2816608651210031
0.12826993016070842
0.23213937582173688
0.15962382062367264
0.2019947344345908
0.19660995847557047
0.07806279317452561
0.22558246627644502
0.22124579933830002
0.18565456960828344
0.08004578410293538
0.21246385374232862
0.1576920152380297
0.2761834989679508
0.24861725990797284
0.31588359666771176
0.19352844020965745
0.2215545979139033
0.1763225860120807
0.2126538560457856
0.15405382415992713
0.17794327468252283
0.20274268460109748
0.15667873913544242
0.163872548037502
0.3149306643055156
0.11459256409249044
0.14823534506361508
0.1523752760038359
0.23144750583070833
0.14847241038999387
0.22815416008224504
0.19332888301511927
0.17125451199727798
0.24253602840850427
0.21336724317259714
0.17542786231452756
0.25234004328445486
0.18545104812403948
0.18507501489561884
0.22833153029068876
0.1874155964368565
0.11082848626206786
0.2672152706714994
0.2700149413306482
0.19261388214807623
0.20994606264603616
0.1321273198233489
0.19844935687540455
0.17890478275518856
0.1944008033676767
0.2761540986132455
0.1895994354441004
0.09764374324485459
0.20830785720949171
0.12509046806397583
0.2139718527683533
0.21024109150236595
0.18649740397264541
0.1775025658102754
0.0782675381186139
0.17969170915942317
0.1868406877607224
0.14675818031383417
0.2711795426722433
0.1957170197157193
0.15983759199888659
0.13299216929415036
0.23676953027650732
0.22417822574330803
0.15785478196822386
0.319322280468648
0.28344712943363104
0.25270159564926525
0.22828803511652757
0.21383353241799316
0.23272105174565944
0.15738128602549845
0.17663597620820906
0.26404529286904443
0.1993045360129555
0.16660958222626707
0.13756483038192344
0.14705616969267127
0.14728671912269356
0.2072763400843225
0.3064319569422574
0.21030669799601734
0.14774905096728486
0.22476318448384353
0.1615857233991276
0.216191755915759
0.2560685000448859
0.17081939112825914
0.2856324290352688
0.16869049465905292
0.14834591619063325
0.1984743521198203
0.1618855445507434
0.21708679686271207
0.13339382876136235
0.25346792724577555
0.21288455502513126
0.3538613564478827
0.19140092281078339
0.22123175491128316
0.16398505965616425
0.1321583284172621
0.2853294001283333
0.28322143799881627
0.27215880427074784
0.23412867526409195
0.20529371960257897
0.1694153009478504
0.22807384714950502
0.19241168177829246
0.26992962837091955
0.13020086619431362
0.19038859462536933
0.31910557582648424
0.25120659661877426
0.1945966249679203
0.27886848262178854
0.2567044674948601
0.20308482728711963
0.195911058079522
0.14094489335873278
0.18114743884316029
0.12067866550048853
0.17230808479831838
0.13847326243215824
0.19012412138265233
0.23694917358006273
0.27606882483627854
0.17359843853955384
0.13148743029490007
0.03205390413180284
0.2201302856418438
0.19542111273965865
0.09576641167515176
0.23009648750616515
0.2805009634018054
0.1593760837803344
0.18548045333906793
0.24022073548688613
0.1982804841911201
0.28160329804495476
0.15634786588938748
0.3388551181877
0.20129209381300084
0.1830306661979519
0.23934609064135406
0.16115222049712113
0.17453127169397728
0.1809862233987666
0.24831288790210604
0.1563330355475343
0.16782911799107114
0.22167809520873344
0.12582913801123097
0.2528159740058953
0.24574204630695076
0.12065229606346002
0.23621628527762642
0.1357822169069579
0.3069782511877027
0.22740750326285378
0.2647458588029168
0.16684150014262697
0.17901706324705985
0.24248310784998808
0.19986063339793908
0.15955766658266415
0.2599044567305789
0.2157173262288957
0.2066999557453186
0.2289217896982886
0.2129560694498714
0.22493142075786912
0.20601946637579302
0.14581010109770592
0.23751702512035433
0.24847530551307362
0.16146934071005706
0.11666238139872237
0.2256522096561371
0.09971679954619184
0.18198795118272287
0.19131699779655084
0.16283001657621
0.23618820498652401
0.16559288481349144
0.2727210762447663
0.16445761344669613
0.16395128708675222
0.1376068833915873
0.18652605146129184
0.1697528621100649
0.18539697638203298
0.2773927408274257
0.15528699515417718
0.1950493258806674
0.28309519295170676
0.21154273652426492
0.18441404028069774
0.2102960377919759
0.15234439841703912
0.1268124646987385
0.15105081878067972
0.20656227230145024
0.17672890243519512
0.25264298907616073
0.20395739678500885
0.2632001639055502
0.18151621723437342
0.20496075759394244
0.15817882153391244
0.331507820450929
0.24168982500994138
0.1739742708225026
0.16925483041485873
0.21578412181179857
0.22123171271112735
0.2717371833056748
0.2812850918652532
0.09847873958826114
0.14335159839973216
0.2030034391182157
0.20900671407003307
0.19682850287692016
0.08295843707420172
0.19733173304218501
0.1277773989273943
0.23343845875390853
0.15480386030407178
0.21933034678014507
0.17090480822447238
0.22938274761475555
0.20359036824354357
0.24168317690028496
0.20047457646078531
0.21281478150848288
0.25788629382352557
0.17905999938266
0.23849707232055176
0.1978316797555852
0.15076814793873555
0.2052752643292098
0.18461225806575554
0.1964938157838805
0.1516246378859461
0.19096423879335775
0.2409232558614997
0.21940967443893092
0.2549524312283376
0.1542319321343461
0.0966976245247439
0.24106199902999254
0.18139872826674708
0.10604539130680797
0.1630964868638951
0.21111309643801368
0.17662928608050862
0.24912853724776796
0.22313723390371176
0.2566105137919301
0.1843076679018623
0.17825315614730852
0.23872013323295535
0.11435971188096229
0.2022427572710593
0.14579852404127458
0.1497352543901345
0.14893145640853417
0.18565372157297422
0.2093253628389994
0.23106902161911116
0.2221982119692009
0.26186916694345935
0.2506812048625626
0.1059376658728082
0.22648555673070805
0.16467703699489472
0.1424598146971523
0.20450640116382265
0.1620615687145641
0.19396781532989327
0.20722107869550654
0.21598496030298614
0.0489332686586787
0.21095805740145177
0.24891540906853873
0.10666263328519732
0.21549763597431396
0.20138379854962687
0.08990636251626215
0.11808656912682647
0.270591318606505
0.2385495463971632
0.21185501104136684
0.10322816981952698
0.21550908370776944
0.2199893735251196
0.26672755924730673
0.2000474995287219
0.16228434747657083
0.16678004054434112
0.20063293387765582
0.2649072165232772
0.22601057089253107
0.28162602286441757
0.08091836600967726
0.28629733657273687
0.2228571695232106
0.15123429415425965
0.15657872089302227
0.26394348799231315
0.18409994739650237
0.10335396042062706
0.2244953731737881
0.17949671141739332
0.1810725807250498
0.22133101046979012
0.25471886862703996
0.05715267639961824
0.24474124081425533
0.23816507145316385
0.2024276882129523
0.11121192453285592
0.1376693943031012
0.1833105497291518
0.28144214811133056
0.23613627310486515
0.219768408724051
0.21199552248560452
0.2078325394724524
0.09046707776216643
0.30614602198040036
0.2451002540987811
0.23289131756378317
0.21236033765492895
0.11927905363572802
0.2171026751909569
0.14071601987606525
0.2489110232699297
0.2050233100186971
0.23473218731860115
0.20854346821178144
0.17380643695801995
0.17108847098116536
0.2606101595869949
0.1343379080574835
0.19910938017413596
0.2075500705038345
0.2724319237350699
0.15045599761348571
0.19007337074210676
0.15441822381127182
0.2332431647264203
0.19562748493435494
0.15833877923990824
0.24326960786761376
0.20421288201304164
0.2509901529177632
0.26342273737438726
0.08532224070008287
0.22645142460920598
0.26746273292824485
0.21379644870931563
0.25736121498653136
0.20123289369003833
0.3019196720136891
0.2726464895405182
0.2091993854713055
0.18865876144312843
0.1993591876864191
0.20612420687306046
0.24060478009231978
0.2228613250752627
0.24255237975717234
0.17067038592828526
0.27606272380522134
0.28648296835322995
0.24665050178202488
0.21722812867721156
0.16728710211964037
0.2385510011170875
0.14141022613899093
0.19673626553807588
0.27060158580316995
0.18190201904866862
0.1304700944222475
0.2705564027838334
0.13557032653403894
0.16613691445862136
0.2837011411122702
0.24859088106669958
0.19952553860797262
0.1621825939811477
0.25582667583982555
0.2065754904242391
0.12695491858326058
0.16688450393930657
0.1842341906864564
0.10287573593574492
0.23613143334790015
0.1659860259648602
0.10834800091812075
0.19226274420972805
0.25127604349565724
0.14657725506964073
0.25496426638635666
0.14082037700022504
0.28202418839294674
0.26027013377284497
0.18214259388921586
0.21305308686957639
0.23400611520668613
0.1463431749069796
0.20794072233165284
0.1790737728352719
0.2616767064504457
0.20628715410990056
0.20146879519662853
0.16176865328845524
0.1401453754975888
0.12188677272659615
0.16016216969809863
0.27652511772688254
0.1257069458095747
0.2220749517875796
0.21860639590375722
0.17578059888826955
0.16382092076478946
0.2579400407792842
0.17766475628545897
0.20160995314488594
0.26348395367472194
0.2201158828889877
0.1442523397688899
0.22549544790808126
0.19964790849181405
0.13177711401854655
0.2040942012620848
0.22291898894354908
0.2198283725509319
0.21869256246730662
0.2683248842764273
0.14315364971198916
0.29117346389910326
0.18941705036386047
0.22245167442025754
0.23003395529305506
0.23690693551710776
0.24487469642661494
0.25326796599074947
0.30696469944991045
0.08640471731137574
0.0915621461714306
0.22445466555727173
0.10305992191546728
0.25164083909194374
0.16828700842403513
0.14682080884590176
0.14474420291809761
0.25628130599104715
0.18317207388009288
0.19096237562583904
0.2254766554038415
0.24621996795300788
0.11100458335124157
0.24377675531193096
0.20783643254774029
0.3036257188106768
0.1633796578796461
0.27271998683919296
0.15315012888217988
0.11723756496032699
0.2510390227495704
0.32883286573765835
0.21637576989914825
0.2701957354993263
0.23564724522675923
0.09698902040911608
0.23052483592026743
0.234987326398802
0.17554013812534242
0.22116486018436746
0.19525705404050853
0.20352931332802765
0.19419659450516447
0.27579868932701457
0.19325119166173518
0.25495686633149145
0.17578971166979093
0.159075546829065
0.22857482949562993
0.1765630209857043
0.24207073310898097
0.1799502543165464
0.19183057215558746
0.21917426849543553
0.11567197033957215
0.24109708764064003
0.11504883147341037
0.14582840645799136
0.2413128688172566
0.24462529246345058
0.26299926334730356
0.14471594005098457
0.2406293877669905
0.19135788279232027
0.2203834978219819
0.26069601472342896
0.14719223185096067
0.3001860740928609
0.25679925723709685
0.1551234400018768
0.23853413744553342
0.2401312349806312
0.1790239454835154
0.16307373312767448
0.19260436284806476
0.23398995218746485
0.14190184690240176
0.16234782952388213
0.22913909946341776
0.2498186776350767
0.15056568198982884
0.1693903478389191
0.2557917704356019
0.2684502868698898
0.2448356278963128
0.2016642256976077
0.21486854515379927
0.27680749418363554
0.20397321773698765
0.13481744362993492
0.17781078439203188
0.1996952400520512
0.2721682869420707
0.21470071519607056
0.14652304734947305
0.15687509357144408
0.28144822316663354
0.21382630980262493
0.23497281716995924
0.25051104535766444
0.25865673372171716
0.31910222170026314
0.26251766104704866
0.11715520675814907
0.21919170757399223
0.19897080043341595
0.23111842485922873
0.2046636155565324
0.21331183053688238
0.1571561839463889
0.21412337858018918
0.23709444539131286
0.21531257329682524
0.2677670340336487
0.21505520683143237
0.23658601620659242
0.0884893435524987
0.22700780412160426
0.16668624092317536
0.22666476947922717
0.1814963175144606
0.2694156864986917
0.2166625508899861
0.21664914337444532
0.2798632038337093
0.20685643317074562
0.305345505065823
0.23681632229014096
0.19658791556305266
0.2755809851684485
0.14724728959771183
0.20357147606137455
0.1653631211842006
0.22427489077059312
0.14701325238700141
0.1786055508051501
0.1919221652122389
0.2170542162433982
0.2113218685043739
0.30596206360917727
0.17332028631833998
0.10648930232205098
0.2865262228276133
0.1814817606842965
0.18196096815724422
0.3065913170155595
0.23919290285823652
0.15902756818222533
0.14600721603686942
0.23877229067720301
0.14561588790948593
0.23680693493456595
0.11420444881297069
0.13369257689273464
0.13803141349929515
0.19236965949653495
0.21289716154386198
0.15477915149036392
0.18611259268127184
0.13301911094017366
0.17592358906522607
0.08371905254841541
0.1916985110499233
0.13745610330403013
0.17933068171503147
0.22482429888940675
0.20851805017644692
0.13231193237473735
0.19874493424134543
0.20863242614657795
0.11808945045123552
0.12826954966948462
0.17969977291701605
0.24039275977200805
0.20509402375718794
0.23100548722579672
0.12469865492843976
0.19936551418212542
0.19077164032479993
0.21608547911420872
0.21876054507851544
0.25102724807364074
0.2500296240697948
0.20993009889511693
0.19744950008082673
0.19645554061655243
0.21648343921382207
0.22808449649514975
0.12222149047490688
0.21184601639129594
0.14490578200764984
0.23052845879097375
0.21572794279329358
0.19348365732481537
0.1186385815709145
0.22045558008021574
0.12946058192382032
0.20896222865068104
0.15295210777476292
0.21839303703152446
0.24267992292375487
0.15989481475452472
0.15743391856736477
0.26419694770531793
0.13160640786164907
0.22333255920091183
0.11112367377388194
0.15180771125877504
0.1958744194264859
0.19039127175388537
0.07656542620707987
0.16440431162942556
0.21180901285704495
0.15230499633941144
0.287380906621301
0.20559495135943825
0.2930444275935256
0.12280356287757149
0.11249353030399831
0.28875870528339814
0.16808043308728576
0.13536255200488967
0.11362945923426858
0.2304556419416261
0.2443613021422824
0.10217391162551687
0.27003916209967277
0.14982738266620874
0.13287920096488864
0.1580641361111048
0.29622404895344917
0.2591605879615003
0.16238771581973208
0.22069790303359335
0.13717815152375396
0.25347067177820526
0.1383541516911858
0.2145936693990096
0.21033121226019513
0.31146834012541613
0.19241894179039298
0.17150960006185542
0.3231850186307096
0.15448154673849235
0.25424684568308753
0.21262282234883637
0.265800621199784
0.23018044500941312
0.24479324247221987
0.1496658331312758
0.22905071617492456
0.1939708398972246
0.2511825504633459
0.24786230839059173
0.217426294347709
0.2581540144786213
0.21788465762792975
0.21381284147384438
0.13826280684390196
0.1993364126492965
0.3276352645766826
0.190363017251347
0.2750956018754997
0.15060939006128302
0.11679097748690113
0.2046436473925901
0.23218730184449707
0.2203010885843779
0.2841619446993902
0.2111470999956465
0.1780498050709618
0.19267478162780247
0.15688979766088607
0.22381860727041383
0.20543619157611076
0.14540852266550283
0.25123581458236044
0.2312310016689676
0.11684733051423696
0.12119817949445696
0.20046341778944096
0.21931312974743347
0.21608834458602352
0.2660767688956728
0.2248638741991084
0.14218325783763347
0.2196945106037495
0.19993404147541585
0.19579873098537046
0.11136020313249266
0.2313653738057947
0.1732884483054226
0.23374596039040657
0.1772281460832397
0.2522628644070798
0.177475017502071
0.21406855523401627
0.1604720422689069
0.23175445523722205
0.23542163069037808
0.22649560894777138
0.17309725745688292
0.21610377214255638
0.20559577093615305
0.1968602823598924
0.21900642394719066
0.191477239995518
0.16685158356934465
0.22676168724757323
0.14810676771453768
0.1676419502669118
0.13295463945186842
0.2231534054294781
0.2620574644626693
0.1961184288578057
0.18679722548441638
0.23025032341114707
0.1859413337593332
0.19558605442291283
0.22191940410151648
0.1965586810630667
0.2141083130064429
0.1889812625226217
0.15886345067619334
0.30135133516325086
0.24624315479323958
0.18130491876913032
0.1473844332326807
0.2393392788120744
0.1633970773432065
0.23783841160421976
0.25701694345597803
0.2234012483473266
0.16137282020678623
0.22904961493884235
0.20050670959140296
0.18262648380465468
0.187897327319936
0.15195106530041147
0.20115877453298386
0.23261250966504443
0.21436754664178587
0.14500948022489046
0.132346673644341
0.2541856017806317
0.12338870601910423
0.2240413460843358
0.2759744414588271
0.2966508615555462
0.2138922213271521
0.14567723104916402
0.22743322388833906
0.14060195885907611
0.20444943304726773
0.20634242949605602
0.23336177684070752
0.22810905672053966
0.24252005617650685
0.31044656289769607
0.21731124029882973
0.12810640561341088
0.20766787413325669
0.24252786471647717
0.16028819177893938
0.3173635600504199
0.0998154579775801
0.21128479883748924
0.17089973433240926
0.20972703688345284
0.22397537252723054
0.22952577769989368
0.1748958113542231
0.1519468567690085
0.17653632709690756
0.19657493147722566
0.12016167006840102
0.2883882305279936
0.10574494964890709
0.13074351616608096
0.16656138173829482
0.15003707939484615
0.2910191020871966
0.19827330874071245
0.20414555458068218
0.1604278374873408
0.20293565393097987
0.18908851838154234
0.1922550826101404
0.19765857213107324
0.24235635281004575
0.13625985211859304
0.1398225260982717
0.20501361360115472
0.3068396778281861
0.20978098928297406
0.18914595393641848
0.1870143845581495
0.21174094747150457
0.1563050886021
0.0953241358044667
0.16507675965397015
0.14411507220224332
0.15226175899240554
0.12329482274738729
0.17487232868032038
0.1405369786997013
0.2552134600384525
0.23786676509185492
0.24352030145008072
0.23509895520059826
0.18285207317466068
0.2406054467996573
0.2958903232561221
0.19695203777960438
0.18708199529564035
0.2396695443653203
0.18512002646255504
0.19152086979633384
0.12953504613336642
0.2091070155161185
0.171606533435815
0.2588201144031864
0.2140794576110073
0.20992051620481048
0.20950005951169776
0.1492024044043358
0.23932435251377643
0.21492855237394687
0.1495416482765253
0.1718475595492712
0.13974582772846036
0.26586471064328293
0.2764965196384873
0.20489797473546503
0.1387987835129473
0.24609607765817093
0.24469706388739762
0.2568343546916818
0.26250236905832103
0.22770763329006
0.26100265822073015
0.13550760716545576
0.18713604037687953
0.16463049122409357
0.18310018268770253
0.16212430250673865
0.15362025703632623
0.22550049790687082
0.08304864034880094
0.20616455741789924
0.22313158995488686
0.21255680700999252
0.12480798797602805
0.13112891029669008
0.18758548126867794
0.23265886775615494
0.23087759163063473
0.13525626057293638
0.09670278836984181
0.27600774763864744
0.23821624123361762
0.2000485168814357
0.1502673626921408
0.21653596288651372
0.10832986698872663
0.20213872608664596
0.1584212356643559
0.3316036083409726
0.14135112616851198
0.16024250477225538
0.1783024066952966
0.23320262799602887
0.07162096057777564
0.2521572191722631
0.25028457143085825
0.15061706014239365
0.2717114399666878
0.2881615828676195
0.22728589465536514
0.2684322570503603
0.18225729881181016
0.19958849565354644
0.31798970427649953
0.12547938694636476
0.21610000460247714
0.21316114057121924
0.2159456301437972
0.1952870166590036
0.2021658053782455
0.1989708914178589
0.1952748698877543
0.1162097714065839
0.1997853822138053
0.24604246979310335
0.20215438586192175
0.20334843814578635
0.19420533746540208
0.1584790867785314
0.21087420703868925
0.17633382902098646
0.20065264842604397
0.09858259080550043
0.15413773245885815
0.22642922274174573
0.2724847225624615
0.26391273533074366
0.2262970908272229
0.22114144207400352
0.15774572853746513
0.18026267131447327
0.22791546377636668
0.20478377702577477
0.1886076969583033
0.15241940680443455
0.2595547351420053
0.21710172339832853
0.2400499148972625
0.2358323176045035
0.12645811373933447
0.19890733772724867
0.11679741809359498
0.16724198138683585
0.12969856028341487
0.22826081778245183
0.2437438173267008
0.2501300475016178
0.1204201879138645
0.22437131375627922
0.2749780799531002
0.19630677160103058
0.1692989228959646
0.19405929476950703
0.21024158492185765
0.22660083483768928
0.2362609716077954
0.2119555062120325
0.3030745003088187
0.156814056006143
0.20102853837563134
0.21756828731120226
0.15250678319280722
0.2793750525585918
0.2213353716652434
0.0873268101187283
0.22433896665557027
0.2386443235361555
0.2710503919713684
0.21925721713395885
0.227027718776055
0.14589450690351197
0.16580040314533176
0.22961304379610087
0.07787564432929493
0.25388689613105203
0.16767578700497646
0.20919520027951446
0.22036241339121201
0.21396155527039487
0.20524044449540735
0.22513338623648835
0.21252677361904437
0.22750938093552178
0.1701264560244657
0.19132418526308465
0.18975765801088706
0.2456952319027205
0.29610735766266993
0.1750395473515189
0.237096337847333
0.17788162812148536
0.22698768057603672
0.200900579732637
0.18684755906446607
0.17049724435046615
0.22432384750069803
0.22616964247271046
0.16127529275741806
0.20145096543005941
0.2767631456155011
0.15624199201833464
0.1595159740276785
0.15688113186917135
0.21145869362639322
0.16392843228352688
0.13074373610557627
0.21559294974958998
0.23610325423597217
0.2068446529017804
0.22092114328838752
0.210863027580933
0.1739741088926747
0.23352394545364766
0.08984859903950729
0.247348413809551
0.23173389726532886
0.1421690751282825
0.20873413819904446
0.13863481592022345
0.2712829798286198
0.2793533999053906
0.14765681772603967
0.23761308917254173
0.17841874961154627
0.20693487250587
0.15317436030347586
0.2706165385605154
0.24974123923679148
0.12247777555828056
0.2467568884825506
0.19804154880834565
0.16592911130863286
0.1684317708816853
0.18999216617806786
0.12248889008292665
0.1665854746955914
0.1669999692684649
0.22130951665496884
0.1561489789811627
0.17553735400928971
0.237217253803016
0.11101231420250282
0.13465486267027107
0.24351639002332115
0.14956867396129137
0.2609712670949901
0.23554634760489923
0.18487180632181283
0.2769304134532145
0.22693965202510075
0.23265197689024836
0.16276605435089084
0.13943702191964455
0.2280437017276156
0.251102441427887
0.27766262234827355
0.16598224249568955
0.2511438617120387
0.24689458261844394
0.11869085101160516
0.1806667918189092
0.14366051571887645
0.22283011985721368
0.11804863376098906
0.22702985752556692
0.18230719685480973
0.14707469765701203
0.13318820041719961
0.2689697426064767
0.1860998166870005
0.11718478277872708
0.15318704413560177
0.15970909590205212
0.2588580044103521
0.23914126701023614
0.13100533754549093
0.24020472466762474
0.11975123987379228
0.2076413176689227
0.24766560427157822
0.20766705813438494
0.20462041600730108
0.19278248886131227
0.14849608154916968
0.1925913276776635
0.19564029289002274
0.2427999305830037
0.16189838195506093
0.18522200531597635
0.21808066360249106
0.2254486440569169
0.17246974100582135
0.24489584236376702
0.09615009139828584
0.1387008445245859
0.20605616152430922
0.21815772143996828
0.2532649837882422
0.26288222363916786
0.14226316248027154
0.19062973926165905
0.2557029516622946
0.1472711557689175
0.24145940467971522
0.23890942256983394
0.16736392406328437
0.2045668760919845
0.21659851847345982
0.1221329452890422
0.1556983359458931
0.23663171543619407
0.12100078188397073
0.21824482599467385
0.2453716375379406
0.20332765420230328
0.30325748801378527
0.2411000013555013
0.26168427837970454
0.17873831824066366
0.2178343978449728
0.19500719074349546
0.19984609485909308
0.14770980166506215
0.1624355051292939
0.23444200369296378
0.20675134558826794
0.16182406524770757
0.20906370569509336
0.26583619906685635
0.2125512520563817
0.1513465382153421
0.13522848267225218
0.1798763447538821
0.19255800028089592
0.15601412858032176
0.20341693558125637
0.17399466226957894
0.05740830916885695
0.22707458668266023
0.24526887548970583
0.18913435230436274
0.20897684889652987
0.2591218151356023
0.22795168137554372
0.19346108698750292
0.19940994138521595
0.2095470531285551
0.3140671000648387
0.21614723924873042
0.15812964654352996
0.13515032085500145
0.24225412298307777
0.14699019012664247
0.1987662640618752
0.12962149974983783
0.1464078517095407
0.2844736599096216
0.24611963827656091
0.21565683771996277
0.2464602983760315
0.20663082788596424
0.07866449960887088
0.24145009798544873
0.17185713645889222
0.2527234419541239
0.2240129304116793
0.21445950001225642
0.14767184024000185
0.11524434021579066
0.2845768260455865
0.12724202547920804
0.1223354007417105
0.20452804286071613
0.2558780985282856
0.28161309312488964
0.22341606114371115
0.1674647132929291
0.24876925397917163
0.2144158546595867
0.12369973646741829
0.15326460575486295
0.1601065040436106
0.2415658612742367
0.23813437790169528
0.15698586583465088
0.23699330610385694
0.23008336196392154
0.21366155357872596
0.18528896387239036
0.11239385986494396
0.22418483621660604
0.14688377574587724
0.09636298298793584
0.1775088429473377
0.17995662384212088
0.2885356020163802
0.2266983952316827
0.10246432333604476
0.17118966669469185
0.20271780381045137
0.15345776328692537
0.2224686169412371
0.23700842779341563
0.1809989719152748
0.26557975686257407
0.1810014428168181
0.1621805283170323
0.1956977154352555
0.19808234680599318
0.25612164634083856
0.2506088315478644
0.08840578700692087
0.22907131619407123
0.2239224279266823
0.2999672810067663
0.1959963199860176
0.20050049659405936
0.20809665308460917
0.29143292670329535
0.21214720191166198
0.19210486499812646
0.16892967663934244
0.26464294982328196
0.2064677870998749
0.14720002813116695
0.25599137903470853
0.15793632094295187
0.1054047937756179
0.23555718997025576
0.17810070283315402
0.23276070689936829
0.18083822441535813
0.11652470294023795
0.3468667632905068
0.3123225077608036
0.23032134343952881
0.22168171387359337
0.2483336431677936
0.18268580596600512
0.23843457853832994
0.2341904596040104
0.1737156715196387
0.20503139838714204
0.17596584192186107
0.15567508859809925
0.2516708437817997
0.2086798543337322
0.19672875882740382
0.2613139686010841
0.16148539555889532
0.2525066805590976
0.18002333045123226
0.3043272216576958
0.17163425316844763
0.11709689626922277
0.15904417288529651
0.18965343847542554
0.19801957931125666
0.1845442299505249
0.17931262225543998
0.19917019103492248
0.21440136149682296
0.206471399135368
0.3197185287882081
0.29022449653258126
0.19453099665959894
0.20522526699001148
0.18684551066027438
0.20858854997954512
0.21623082639277097
0.31149511818139597
0.22189714916884273
0.27032658780344754
0.18904554757150627
0.1868236570724488
0.16918085831599622
0.024323987270154335
0.22990327881129585
0.20079982825725187
0.1936328550051376
0.18024047538149332
0.1980380741409089
0.15648097717403728
0.27614419148696034
0.26657267726456985
0.1698655227591907
0.18582273156393603
0.12645573685545597
0.1905806069173596
0.12786688986247208
0.17904368931592315
0.28314756335111413
0.22915969496833244
0.29194170922099416
0.2706524002170156
0.17344550304197814
0.12313331238116285
0.19801679412899328
0.16478890602121013
0.307242050230471
0.20689262209907025
0.22492146635335492
0.20784572274434437
0.19417077190054902
0.18092326624788888
0.2352331201896994
0.15057674978202512
0.26656103986542246
0.20104631958661168
0.23297722064766982
0.1423584059649523
0.1708781116304545
0.2039229354115897
0.207719753934402
0.2518667119472734
0.10425573919973748
0.22289158798938236
0.19195368484742908
0.14557833938727557
0.19703283417235073
0.23570651929862624
0.26885701264600514
0.12459777700293366
0.23481431359137964
0.2460691473912394
0.21923057619974257
0.1288318275433461
0.17298291292557216
0.1694827136267311
0.19990701581106893
0.1575696541225941
0.3034315299951862
0.2705884082560094
0.17634010376222153
0.18612207447226436
0.1944290265844575
0.1489696450599712
0.19929103092918815
0.13983378233410268
0.1406312329622462
0.1995150687804716
0.1852541102859407
0.19582883570602694
0.16909841869249703
0.19533741225978316
0.21348341588299813
0.23666749244615254
0.13846680614228857
0.18191125035189726
0.17695082680801053
0.27054915661716783
0.1779213288986235
0.19591701075115941
0.19725238483036897
0.2179569537866588
0.1326150362830602
0.20119308769705882
0.16397954629917363
0.18778693752222544
0.09545969032419604
0.15020714732894241
0.21650058181247944
0.3178445304879331
0.20329522457251173
0.2058986766811743
0.2487387797754615
0.20257086924240764
0.15237270162106273
0.24124124666311525
0.1139007473619591
0.2063625147340202
0.20917832716654422
0.32672998456966335
0.1321648700225952
0.18539987572669725
0.19677071328478826
0.12933659562415264
0.20505703823186303
0.2057737275689836
0.25208444378958883
0.12056132756665021
0.09241791437357227
0.1500461685896571
0.1938347186003014
0.18775863159185444
0.20176395468628225
0.18686035075092813
0.2396215820857631
0.1573387142363405
0.1989350874549269
0.20675141890674673
0.20528171513349486
0.19250492744994752
0.16495692442509619
0.16702584911949697
0.1738027673232158
0.2466085886613789
0.19434899333932773
0.25588232715726184
0.15107418192688485
0.1780245900825103
0.15466908567985865
0.21008153905934304
0.18818596666219478
0.1900739538540474
0.17210098908562949
0.17139942690992696
0.23901156928589004
0.18759824804181346
0.2643102513510694
0.18640789733032392
0.22737978232945438
0.233341029882854
0.21623362643829777
0.16765272988843036
0.19468602508948116
0.165450253102829
0.20339704348126936
0.08909173101809507
0.25705607986773404
0.2527030689819169
0.1986377615550514
0.259656140916738
0.2702346333545666
0.09105805915316759
0.17774771768154304
0.27609416070768517
0.1205147954640611
0.1396366275949721
0.20065243710947234
0.22496088177621046
0.1690954880191381
0.1840032704999823
0.1897101772511881
0.21911949996950586
0.25342500354414743
0.17126205221437774
0.20199731687095637
0.14762686308791848
0.26565138539125654
0.2595791276356181
0.23631118906858525
0.12878740620648732
0.13040139750779306
0.20759412968501928
0.21373658924593145
0.21378985323620892
0.17347905274586523
0.18704371201621775
0.23800518132556667
0.25108687366217797
0.18311948586823598
0.2655573603700725
0.29219640627448296
0.20718410933646894
0.2016561631079472
0.1292249154310845
0.18954789789194704
0.2322465239412508
0.17225366449349502
0.19641631732524298
0.2759859283233179
0.20967205924527016
0.1707838831441263
0.16429378899575753
0.19439565183481675
0.2162559654940111
0.22785330555624594
0.19190552822728635
0.2595797675874585
0.19476427269643465
0.13590366663876688
0.22623524665598985
0.18127039402876913
0.2189854212345027
0.2890737921693348
0.2151846429611685
0.186756624098715
0.12195871116458164
0.2304934408697286
0.20049997387300414
0.2200944654780932
0.23734090510773467
0.1825214370302111
0.14346584295497286
0.19052315972600406
0.1621565369078195
0.2694176536038964
0.21329044159712396
0.1951951812867123
0.19253321087570902
0.271267414955487
0.11726284946777703
0.2798382819805372
0.21762701645196655
0.19080062177549384
0.1531881563317097
0.2882233333405476
0.11401649195112668
0.20675426096605667
0.23112312019979103
0.28896446377981705
0.2472256776682621
0.1387311109622832
0.21153905434774797
0.10357793273886708
0.16757562472987378
0.18168556370481698
0.17109697224071113
0.16188123525281162
0.2343538028587206
0.17526215595552522
0.24390549552065283
0.1784129732658892
0.21117980965526104
0.22677708108088157
0.23978156277066656
0.2867170476173797
0.20498443090370158
0.21621573157507717
0.18924351795725583
0.17398698410267707
0.16993540059278206
0.2135167121787402
0.11071269990603969
0.232349923322998
0.20972592488801553
0.16986753881797154
0.12727498167297024
0.25137744709574905
0.2870507519768665
0.23034264910490854
0.145648163003411
0.24338827049113912
0.24636816002372453
0.23555400459275946
0.1958749983879812
0.20483757475471398
0.23077008354981435
0.18401134242118908
0.24135547873463944
0.2276148158237033
0.19950867935391925
0.24167278165936504
0.24465242721836622
0.22369041581889376
0.11743750791989033
0.23448849776408623
0.13265523480698954
0.24707988945777182
0.24448184068166046
0.14799102043876886
0.2468754121585798
0.21909158004123636
0.1277673293011683
0.25671358774575875
0.3237571333912729
0.18821536801541913
0.30295585062658875
0.18384184893421845
0.28828600391450354
0.2542418449742883
0.18828836471370064
0.24682146384681233
0.1930108050212979
0.15982163887986953
0.13494769157646833
0.23576617982386106
0.2855995765795586
0.238183689913507
0.12552659393787202
0.21406863808852267
0.22896746882971084
0.28209421135860835
0.29730360214943885
0.24061628372107985
0.14958056145025117
0.2404976014412703
0.2001950209374693
0.24075385255865667
0.23220924045339367
0.18333292652660937
0.053704746624255645
0.1881853995723608
0.2623520635401256
0.2093023367069834
0.1592373241340867
0.2572418342326683
0.24190786944145684
0.19486868847630165
0.19705688276373134
0.2182259189269106
0.22624197994220788
0.25881174584097044
0.2118026524337124
0.20711422954457623
0.21766024217624574
0.21505959962280635
0.2176894001344522
0.1679200889156594
0.17611827845908512
0.13910314602189358
0.18688604093485592
0.14536616766057361
0.2087658087447366
0.2432861461294912
0.1443715452209746
0.2188738626233141
0.22089962755246723
0.07946040289456911
0.17907920408081876
0.2598565616526535
0.2070953674949596
0.17993256455287798
0.11757831560436043
0.27268771203976516
0.1732337412179871
0.1418561934429469
0.2524291402145607
0.16263087949680444
0.26309663713341325
0.13771475335316014
0.16805122061784447
0.15352689041774936
0.2159318593663671
0.13419696158054384
0.16023146602418137
0.1382480546176866
0.19557991029150995
0.1921131715141213
0.1868781242153152
0.2730396138111643
0.25277917576333997
0.22385579264099417
0.16358032507213208
0.32358412627342836
0.20092188673561293
0.21928377072379418
0.13429980749293752
0.19672423074272366
0.3025192447038686
0.1412165498432816
0.09671934924837307
0.1417279172737011
0.23731863342549367
0.30950747371929344
0.1658671581917896
0.15867592147802775
0.2087092370261788
0.20472198513455986
0.17147163454117678
0.2172523135256201
0.21545230799193238
0.20433478002778935
0.1703904659936491
0.24083699627081473
0.21716930352643554
0.278335408019335
0.2383134915457845
0.20393902080884216
0.2813198217448255
0.0992706875340212
0.14799624637882655
0.23228015161283105
0.22271842676510478
0.14952397980115212
0.24914749519518525
0.23723602387552345
0.1778352552625351
0.20615345577350058
0.24531628257006888
0.22743502456920936
0.19600838778697807
0.19027673357373429
0.29809681339279404
0.18710520107413364
0.18752147479922168
0.20172803045611373
0.22189389630405504
0.2301467586164618
0.2335009503400521
0.2926714363776015
0.2115231278300596
0.1703118514896652
0.2532733129298182
0.15330079643033678
0.20513901391270659
0.21233603918823957
0.26865863222071107
0.17605956806380188
0.23317091518315416
0.2787425798566732
0.1562819351574361
0.21223177211160416
0.1453545620924266
0.22190633763373838
0.22507063067757058
0.1999323634010661
0.24215114094367687
0.17401731130351628
0.13692457884661052
0.20990661144763598
0.23774440836654348
0.2030691645400873
0.23401319836133017
0.14461923837467866
0.23474872280770814
0.2366395611519601
0.16757147943276032
0.18224937993391857
0.19927727406140053
0.21627864763759233
0.10764942914633546
0.2366858996654395
0.2354920595616646
0.21150349597046791
0.20421859840498324
0.19374857934982997
0.15383148822369397
0.13508670013804108
0.08694994780710957
0.2379731615536818
0.07004753034030772
0.2347791493720529
0.24284240849233432
0.2879567261377183
0.24042130287818939
0.23807795037733695
0.2783185992643509
0.23840405730259195
0.17459261889391056
0.2544496198777239
0.19432300718452444
0.20950042250677525
0.16449586069724126
0.13704412802349097
0.30706524106078786
0.23745846618521682
0.19867570533511714
0.217271008646999
0.24249222122538777
0.2295779189490724
0.22784115041406908
0.15120813476035114
0.19866079492657024
0.12594438643116262
0.15272078075707018
0.27535993720711144
0.26437458494459853
0.18839060678349748
0.14277887990282453
0.1609461218228789
0.20879120095398254
0.061814197725133274
0.20252602650398585
0.208492465185101
0.19417179348896663
0.16557773650530744
0.1584608792454466
0.17575520645694556
0.19259494811680816
0.20254070737245436
0.18157806754690184
0.14365815362795287
0.318530879260252
0.2590071236213206
0.2225317054481195
0.20926002665548807
0.17618734830699367
0.23427247552014666
0.2016555459678341
0.3727582094722366
0.12323829796240864
0.1393819449251055
0.19226112738669576
0.2162250432484696
0.283763360311018
0.2434160610226829
0.23879675744853862
0.21617971644642192
0.21403799644837565
0.2148037608418616
0.1620406160299877
0.22699217265488275
0.0933490626855267
0.17566738257924913
0.18188011391530026
0.1996585467618049
0.22834960520747805
0.24142610330425118
0.2582434863044877
0.1675800036036933
0.22985495771623574
0.2182595235136441
0.11657416271306784
0.2665811506834106
0.19839851957615995
0.17517126320823417
0.14808771105197305
0.17987313291464926
0.20590792143654685
0.15333775762217244
0.20571317468817624
0.2076026191507698
0.2629856264051951
0.07936047648993012
0.3458546718896979
0.2143263859104491
0.13418628586143627
0.1261104680773245
0.19922721229188523
0.22053657323548415
0.2656236569859801
0.2181684828905765
0.2649369809869615
0.17194276187601823
0.10539256504746702
0.15395115088610814
0.23306744979584962
0.18686969320557353
0.23032034966704085
0.21601920119635343
0.17197790483551287
0.1890964916389964
0.15577958329758096
0.18138783669754868
0.1605663923138542
0.2000314825069217
0.2689700074559513
0.22750884166375993
0.169128467950588
0.17299899343182776
0.26833950793543426
0.16154461724050465
0.25347773220424635
0.39498212175422825
0.25134404591502013
0.17137121862671106
0.18670430938845933
0.29333347243134844
0.18605645455915046
0.18004990988058764
0.18925971914307957
0.26579853145942056
0.1893952425195225
0.21443010733315582
0.1843646832804841
0.1741548746105258
0.1946170799058744
0.21424783398680688
0.17983964650700168
0.1836218826428825
0.138651493497874
0.18954536708617478
0.09024302661507018
0.2670471550405428
0.18760434862805092
0.1799821808680563
0.14488753787285777
0.1744507564772733
0.18538501932857007
0.21542196947174969
0.1652223829387599
0.19424777756022887
0.2838834485551945
0.16882230175944768
0.22143149650641702
0.22244212826057455
0.21503511026740746
0.20623545047496522
0.26362001190936124
0.2795035004944967
0.21495091410838413
0.2685251154278647
0.15725948701284526
0.21727565108251046
0.17676016713551396
0.21362057418635405
0.24688629071017532
0.19368138440101654
0.13607422524245316
0.19823652272934106
0.16239654705143933
0.278018586028037
0.15559067692603756
0.26055933354854177
0.06533986046214413
0.28046464380777963
0.20063304592301331
0.23601942746189203
0.17828008475977525
0.17995764739415515
0.24552041543117617
0.20688498739990221
0.17736786452713488
0.24305379214563935
0.21610939100228208
0.28698634970906456
0.16423596337000265
0.18283379006727365
0.07580348392713646
0.20566749454376446
0.12547730475018698
0.20760734086744154
0.25427816452402224
0.2040759090674146
0.16163453958224905
0.22331586239197473
0.2522462696418226
0.21971240366165087
0.17107070948915257
0.23390845183031583
0.1565593148510063
0.2208590890116586
0.23202438383369017
0.20120735895004152
0.22591432069938658
0.20616365942082482
0.25685489323128535
0.2812894234606852
0.27839813677760344
0.11905744316559752
0.23703499635833264
0.23258204796314846
0.21296764618916483
0.17924942554430995
0.22401362991169224
0.17739627465700822
0.21158344507844734
0.30122757288749796
0.22318917871214528
0.30018855703551983
0.137330988581467
0.2333226303888061
0.18304303320546259
0.10525735880299178
0.2450940686238192
0.18634597895153218
0.13864491391039024
0.20229471945152094
0.22386779520961386
0.20508964674440402
0.16605968763051096
0.1885197387006389
0.1862347962775337
0.16251659666861765
0.11329367628405533
0.11692818601283443
0.11197718156591108
0.24669584392102284
0.1610656719340621
0.138871758914311
0.1852676016362587
0.20109534646691649
0.24793790216552636
0.19769661549809142
0.23202008686856176
0.3267448327231367
0.20272788522969917
0.24748823150411076
0.15782178446651846
0.1771969863704218
0.16705497932058416
0.22211319441359956
0.18615726939238283
0.35437804122724903
0.19598502667235043
0.26793357287837505
0.15565435221788143
0.1708426798212621
0.24254451628978854
0.22118763366771332
0.2899945130672952
0.2363574459261663
0.22080364991541193
0.1396872651162137
0.32141033575700995
0.17203282701871997
0.21354387824677673
0.24997540324128364
0.2085394255753965
0.23582797420864166
0.25099949736797433
0.2041579146147888
0.19764046694113827
0.20621064363822075
0.2170315472879958
0.19007716793718765
0.2113917151121457
0.15684389549065408
0.18635733390462653
0.2509287066099033
0.26895180512696365
0.09005149734784562
0.16149865784546996
0.24931459541334444
0.18782495439722707
0.19901826855230376
0.16773108499019057
0.03378278407634319
0.19973667440758752
0.15625295764245853
0.2112744731677137
0.24122042242071629
0.1802448663132908
0.19616075533886274
0.19982507794695054
0.26028653553525744
0.20998892734649757
0.08895213855575522
0.24300545848166655
0.2775913754888967
0.15722725881567343
0.2130505945007865
0.181381268612396
0.143076920016977
0.15825289468233164
0.22416552827594186
0.2289921779976847
0.22606314884309262
0.24173639992949486
0.3022558776816837
0.14948062380007301
0.21261550905887014
0.19566915928410517
0.15258957512388877
0.25531028025516933
0.28493721433069796
0.16129755043902244
0.171664408233362
0.09914362632936316
0.18574905254528778
0.16352978417283387
0.14413855792035885
0.18829456646754644
0.11415445893271117
0.23909568102848452
0.1584914915777661
0.14773125910203103
0.23884561517568384
0.17335421199135367
0.18836747402853993
0.20183994048159104
0.17226022860781467
0.13163061220439928
0.20072909264391592
0.18481191811607364
0.16551767478939386
0.2189346812136523
0.21348341235653445
0.16672819189915405
0.19963427241064804
0.17110781154869145
0.24842484319891192
0.27833208643327784
0.22263935837831375
0.11560811423459336
0.20195791823528683
0.10365131645846444
0.2379863453529625
0.23613463878123775
0.20414494992134305
0.14891995421485954
0.2392320078299774
0.1612184486311824
0.17074507196241012
0.1676668941320092
0.19336230146164102
0.21037871332267702
0.19861203985190748
0.27013747981931213
0.1732854739524658
0.22635123530636922
0.15410480913460864
0.12248851355408989
0.16190050101442316
0.2534015101156018
0.16666986092791158
0.15473636801715426
0.13275673245957875
0.21249372281704043
0.2742274276190305
0.1710851863809041
0.09576017968428097
0.10124030789243971
0.20418581498192437
0.21907229336160472
0.1889726096371553
0.1985748165308499
0.19193053731047074
0.1932020766430869
0.1447718329692556
0.21194301399272364
0.24028248740641445
0.2520763536920691
0.20563208753599235
0.20372629959597066
0.2254506007990827
0.18297763851465199
0.28472955996466454
0.30383570973539686
0.15577328453149372
0.307358245862183
0.273020460827907
0.15629363934323087
0.17169805335755994
0.1739002594516715
0.18914908369542272
0.20012889837838335
0.19774916561168326
0.13110588230900866
0.18351591999479952
0.16376815837455758
0.12701806777837266
0.24608851184850494
0.13480952218685688
0.14040155318714434
0.19634909066687978
0.15550553780101198
0.18570364679640977
0.10775650143446189
0.25496660830778706
0.0892328920685227
0.15657801910878277
0.22917393723162444
0.1443187242857503
0.2259000575479596
0.21169821450913573
0.2138910279257717
0.16651919082304056
0.11781492403551574
0.19579931810268583
0.27845017250214654
0.2314270323785369
0.2069066945052388
0.29780865157328695
0.28088736714360224
0.2969575756364461
0.2512666833276121
0.24789758119690575
0.163650832651761
0.2078366715073656
0.20961658542998027
0.1936305290198342
0.2476031102070698
0.27597277130498926
0.09813469512132461
0.11593526241073387
0.2626464628372073
0.2591794279833639
0.1852166976962363
0.20088681577768996
0.25643397938751283
0.18857078344322661
0.17600332662363208
0.280207467122
0.25303859949170726
0.2155178329180488
0.2517233566985374
0.32395726835317273
0.1859306303783194
0.2768839684198626
0.16802427077074866
0.1858440546486937
0.10622821429960476
0.1258165829191909
0.17719260306367757
0.24400676501481228
0.16377245160092146
0.25127696935140736
0.17094716125974374
0.16146772072616122
0.20388060457547152
0.10109161486433547
0.1092464748419251
0.20749541646910377
0.19646568053558836
0.28907869509779177
0.20610316649517982
0.28696479146610665
0.29325454417857305
0.1570204033770117
0.1517363094875129
0.16747427054922673
0.2377098278736475
0.18197229914944682
0.1917534394708899
0.22555156012003033
0.2537326422889761
0.12863123118655395
0.16522928268389434
0.16910160767461418
0.22689699626909082
0.17278867300619313
0.2182070299655937
0.17907352283544514
0.2141952145996273
0.2710539981517099
0.22208225793782607
0.2612529273464098
0.1901517239434599
0.18423882633775154
0.21987396738260512
0.257305619831403
0.2016022382272147
0.180684018831692
0.1852167419083195
0.21984794595995127
0.19086787995063778
0.27876089461330267
0.2733718905503958
0.20398231937590247
0.21788216594509158
0.13646786049164267
0.17705162887838827
0.15146430033169744
0.13377261761415604
0.1708092229490944
0.0727891184723134
0.1657921236938192
0.19169153500902542
0.17350674066210936
0.16161279453427044
0.19571362019588806
0.2950375193367699
0.15959004112917627
0.18622127127445118
0.20629519195297383
0.22794602158076283
0.1403313694340673
0.2274789525785404
0.25915338657430126
0.16059361719994142
0.13541708417373655
0.29084138465436227
0.1604673350078805
0.12078771071676972
0.17294078105687802
0.2071241165313035
0.17218857781931152
0.1030932527260249
0.1795575572095688
0.17570846633873366
0.18932657955725987
0.1967397231510007
0.22328219613946787
0.18315545391768093
0.08341025716426696
0.20807054743259532
0.2520651449077713
0.21622756787478087
0.2217151454215784
0.18901764428373005
0.16704713216467856
0.28222845838289967
0.25288699985508933
0.2038650941691872
0.15320500912128626
0.17051355116084926
0.11875190564254809
0.15783758498573322
0.19073910963398805
0.16319933050160262
0.23173185440841468
0.13373535307041284
0.2203889485988899
0.16015315308211037
0.18456264642487008
0.2644629023744295
0.3111544175000178
0.1490892602186204
0.16083452117272035
0.17090223009090916
0.22088764032463004
0.19552413971604127
0.21050639568184626
0.14421029633558638
0.1626015251719754
0.11301853200666319
0.19182024382580354
0.1432282434186303
0.18402532973192912
0.1951383647132701
0.2305518350444203
0.2605148668604091
0.20716228229740652
0.22072585287430194
0.23308648434309948
0.2074778982964529
0.26846957554133544
0.14791272075010273
0.12482662834233367
0.15512555387123914
0.07711528046743661
0.2146552593090545
0.1683872665790672
0.2160942458759296
0.23197125480147313
0.18853248238354336
0.27853127344059697
0.22869826866302434
0.21082324408629335
0.2623377187424064
0.20964635677362814
0.2520476810535245
0.19715540024926592
0.2692348539146746
0.2599261819502259
0.2826069748486037
0.28730829842830136
0.22370969055472806
0.22069145355160547
0.16791109577556365
0.22019426764132422
0.2212087234633775
0.22246343125307996
0.2947872082707942
0.23484525162624392
0.29404961526584233
0.1769542944941394
0.24791607042073505
0.1265444181459675
0.21524090655888597
0.21444980216550613
0.2275972580944112
0.24753308340852118
0.18975658685087526
0.16476062875029238
0.266220400147965
0.15570212333660563
0.21594170700771864
0.26706824242382043
0.16905336652529176
0.1714452982165221
0.19127179460722168
0.20265452958681207
0.23398901099630434
0.2096400398525483
0.17451998780944927
0.2428447652330183
0.28583344835513136
0.10878004573519723
0.1799002706779568
0.18299259452711533
0.22570117969722656
0.22190543974529092
0.2002885574303922
0.138265663525679
0.2507599269259877
0.18710145172882187
0.24338311385165176
0.13112195139438235
0.18319162333888278
0.19572756658909504
0.2480508714927838
0.23811483571721126
0.2139577119917739
0.19120446059760643
0.15527613177949956
0.20498215774610348
0.1663476505010074
0.30470188713248464
0.17856987097551572
0.2207817996094625
0.2330724724900896
0.2745753161987357
0.2017159612713827
0.1474837518761782
0.1886060596141742
0.23282773265836496
0.1420702421972228
0.18186195586798837
0.1142897673344478
0.17003966399148898
0.2319395209641737
0.2528329426954869
0.1904184531863971
0.1753412544211197
0.21102183114068368
0.2298411792793901
0.14240444725995277
0.17812908175285658
0.15448303186849494
0.24741793043603416
0.18078696458520285
0.23376567507040016
0.1386675518482646
0.12492993685212878
0.15512501589425273
0.21275246910773774
0.17151822195952784
0.08949400880721439
0.2656367050097486
0.19666448379773022
0.20608940338636783
0.23052568983906546
0.08018922774863835
0.1658667996391994
0.2161440148777371
0.11438324618979817
0.15281942743057725
0.21391803669141815
0.21705995588430427
0.22296193319305044
0.242049407169307
0.16393502602361593
0.11223116285778668
0.11494992388340698
0.23921664025634926
0.21101040331535406
0.11192779781439391
0.23960298083206216
0.26333680704342277
0.18726087095986174
0.24438004211431943
0.2041006504970716
0.09854087032591352
0.17195892360094972
0.27924809543920437
0.1692906514615178
0.18338799289629143
0.16129240927762004
0.22776919203602225
0.21918491644756205
0.15182540502457453
0.16426114434662045
0.1903455899669161
0.10761966053832944
0.18205028658087233
0.21074986482730923
0.20857655725705088
0.27456001050377593
0.15408424685951871
0.19201950485821975
0.18081317678047842
0.20416138938137957
0.18912113423560126
0.21408341797884164
0.14877122251775154
0.23458356860783597
0.1733180152106833
0.2038320278060355
0.1925487788500435
0.20238853800739748
0.20132554259613497
0.1639741374791281
0.2619177766154538
0.17872890180455725
0.15914063624540228
0.22017322021827004
0.19720810991009136
0.11218189704555727
0.2374621158671274
0.1829607431735544
0.20484562650758706
0.21487466332242983
0.20879756665248927
0.18701339954142615
0.1736874924683846
0.1637143899520889
0.16480278962718248
0.21668349997391315
0.16767367331919125
0.28618081408400653
0.24600365672785154
0.09982611308382444
0.23257355723398304
0.13790673131749323
0.19669262025320747
0.2194923260514236
